Name,Age,Season,Team,Conference,G,PA,AB,R,H,2B,3B,HR,RBI,SB,CS,BB,SO,BA,OBP,SLG,OPS,TB,GDP,HBP,SH,SF,IBB,Notes,Name-additional
Zahir Barjam,19,2026,West Virginia,Big 12,25,36,33,4,9,4,0,0,3,0,0,1,9,0.273,0.306,0.394,0.7,13,0,1,0,1,0,,player.fcgi?id=barjam000zah
Creed Erdos,20,2026,West Virginia,Big 12,10,5,3,1,0,0,0,0,0,0,0,0,1,0,0.4,0,0.4,0,0,2,0,0,0,,player.fcgi?id=erdos-000cre
Matthew Graveline,22,2026,West Virginia,Big 12,64,278,239,39,73,12,0,6,39,9,2,27,55,0.305,0.381,0.431,0.812,103,5,4,5,3,0,,player.fcgi?id=gravel001mat
Armani Guzman*,21,2026,West Virginia,Big 12,64,288,234,66,75,22,2,1,45,42,4,39,42,0.321,0.419,0.444,0.863,104,6,5,4,6,2,,player.fcgi?id=guzman000arm
Ty Hall,21,2026,West Virginia,Big 12,64,252,201,52,56,8,1,7,38,20,3,36,85,0.279,0.402,0.433,0.835,87,4,7,6,2,0,,player.fcgi?id=hall--000tyr
Matt Ineich*,20,2026,West Virginia,Big 12,64,313,243,64,72,12,2,4,36,7,3,56,35,0.296,0.442,0.412,0.854,100,8,10,1,3,1,,player.fcgi?id=ineich000mat
Gavin Kelly,20,2026,West Virginia,Big 12,63,305,251,70,96,21,4,19,63,5,7,43,45,0.383,0.477,0.725,1.202,182,5,6,1,4,2,,player.fcgi?id=kelly-000gav
Brodie Kresser,23,2026,West Virginia,Big 12,56,226,183,39,54,7,1,2,34,6,0,26,30,0.295,0.395,0.377,0.772,69,3,8,3,6,0,,player.fcgi?id=kresse000bro
Ben Lumsden*,22,2026,West Virginia,Big 12,39,112,89,18,23,7,0,3,20,0,0,19,31,0.258,0.385,0.438,0.824,39,1,0,3,1,1,,player.fcgi?id=lumsde001ben
Ryan Maggy*,20,2026,West Virginia,Big 12,17,20,17,1,4,0,0,0,4,1,0,3,9,0.235,0.35,0.235,0.585,4,0,0,0,0,0,,player.fcgi?id=maggy-000rya
Weston Mazey#,19,2026,West Virginia,Big 12,12,10,8,5,1,0,0,0,0,0,0,2,5,0.125,0.3,0.125,0.425,1,0,0,0,0,0,,player.fcgi?id=mazey-000wes
Maxwell Molessa*,20,2026,West Virginia,Big 12,21,15,15,4,4,1,0,0,2,0,0,0,7,0.267,0.267,0.333,0.6,5,0,0,0,0,0,,player.fcgi?id=moless000max
Matthew Robaugh,19,2026,West Virginia,Big 12,19,40,36,4,7,1,0,0,1,0,0,3,9,0.194,0.275,0.222,0.497,8,0,1,0,0,0,,player.fcgi?id=robaug000mat
Paul Schoenfeld*,23,2026,West Virginia,Big 12,64,306,254,48,83,19,4,4,52,26,6,40,41,0.327,0.422,0.48,0.902,122,4,4,5,3,0,,player.fcgi?id=schoen004pau
Colton Sims,20,2026,West Virginia,Big 12,8,6,5,1,1,1,0,0,3,0,0,0,4,0.2,0.167,0.4,0.567,2,0,0,0,1,0,,player.fcgi?id=sims--003col
Sean Smith,23,2026,West Virginia,Big 12,63,274,235,49,74,11,3,10,55,6,1,29,60,0.315,0.409,0.515,0.924,121,6,9,0,1,2,,player.fcgi?id=smith-009sea
Brock Wills*,22,2026,West Virginia,Big 12,53,195,166,27,47,6,3,2,23,4,1,15,40,0.283,0.372,0.392,0.763,65,2,9,4,1,0,,player.fcgi?id=wills-000bro
Spencer Barnett*,20,2025,West Virginia,Big 12,45,131,115,24,32,5,1,4,26,3,0,11,26,0.278,0.336,0.444,0.779,51,0,0,3,2,0,,player.fcgi?id=barnet002spe
Ellis Garcia,21,2025,West Virginia,Big 12,32,20,18,3,4,0,0,1,4,0,0,2,4,0.222,0.3,0.389,0.689,7,0,0,0,0,0,,player.fcgi?id=garcia000ell
Armani Guzman*,20,2025,West Virginia,Big 12,49,126,107,27,35,5,1,2,22,17,2,8,26,0.327,0.403,0.449,0.852,48,0,7,2,2,0,,player.fcgi?id=guzman000arm
Grant Hussey*,22,2025,West Virginia,Big 12,60,227,195,36,53,12,1,7,35,7,1,22,54,0.272,0.36,0.451,0.811,88,0,6,2,2,0,,player.fcgi?id=hussey000gra
Gavin Kelly,19,2025,West Virginia,Big 12,51,206,167,38,50,6,2,2,37,16,2,22,30,0.299,0.402,0.395,0.797,66,2,10,2,5,0,,player.fcgi?id=kelly-000gav
Skylar King*,21,2025,West Virginia,Big 12,59,258,206,42,60,9,2,3,32,13,10,29,29,0.291,0.415,0.398,0.813,82,0,16,5,2,0,,player.fcgi?id=king--000sky
Brodie Kresser,22,2025,West Virginia,Big 12,59,257,209,50,58,12,0,3,41,13,3,26,37,0.278,0.373,0.378,0.751,79,2,10,5,7,1,,player.fcgi?id=kresse000bro
Ben Lumsden*,21,2025,West Virginia,Big 12,40,61,50,11,8,1,0,2,15,1,0,8,16,0.16,0.3,0.3,0.6,15,1,2,1,0,1,,player.fcgi?id=lumsde001ben
Alex Marot,21,2025,West Virginia,Big 12,17,39,33,4,9,2,0,0,6,0,0,6,10,0.273,0.385,0.333,0.718,11,0,0,0,0,0,,player.fcgi?id=marot-000ale
Chase Meyer,20,2025,West Virginia,Big 12,22,2,2,0,0,0,0,0,0,0,0,0,1,0,0,0,0,0,0,0,0,0,0,,player.fcgi?id=meyer-006cha
Michael Perazza*,21,2025,West Virginia,Big 12,21,48,43,6,10,0,0,1,5,3,1,1,11,0.233,0.25,0.302,0.552,13,1,1,0,3,0,,player.fcgi?id=perazz000mic
Jace Rinehart,22,2025,West Virginia,Big 12,57,221,194,43,62,21,0,9,53,4,3,15,31,0.32,0.396,0.567,0.963,110,3,10,1,1,2,,player.fcgi?id=rineha000jac
Logan Sauve,21,2025,West Virginia,Big 12,54,247,210,46,58,12,1,8,36,8,0,34,37,0.276,0.385,0.457,0.842,96,7,3,0,0,1,,player.fcgi?id=sauve-000log
Chase Swain,22,2025,West Virginia,Big 12,50,164,135,40,43,6,3,2,30,11,3,18,36,0.319,0.404,0.452,0.856,61,5,4,3,4,0,,player.fcgi?id=swain-004cha
Jorge Valdes*,20,2025,West Virginia,Big 12,39,23,19,10,3,0,0,0,5,0,1,3,7,0.158,0.304,0.158,0.462,3,0,1,0,0,0,,player.fcgi?id=valdes006jor
Kyle West*,22,2025,West Virginia,Big 12,59,236,183,43,62,15,0,11,38,6,2,46,41,0.339,0.487,0.601,1.088,110,0,7,0,0,2,,player.fcgi?id=west--003kyl
Sam White*,21,2025,West Virginia,Big 12,51,223,191,47,69,17,0,5,46,9,5,22,23,0.361,0.426,0.529,0.955,101,1,4,0,6,2,,player.fcgi?id=white-005sam
Spencer Barnett*,19,2024,West Virginia,Big 12,46,131,104,20,28,4,0,2,21,4,1,21,35,0.269,0.38,0.365,0.745,38,0,0,2,4,0,,player.fcgi?id=barnet002spe
Nick Barone,20,2024,West Virginia,Big 12,21,30,25,3,2,0,0,0,2,0,1,5,13,0.08,0.233,0.08,0.313,2,1,0,0,0,0,,player.fcgi?id=barone000nic
Reed Chumley,23,2024,West Virginia,Big 12,56,235,196,45,61,15,2,16,50,3,4,28,65,0.311,0.404,0.653,1.057,128,2,6,0,5,0,,player.fcgi?id=chumle000ree
Tyler Cox*,21,2024,West Virginia,Big 12,14,21,16,2,4,0,0,0,1,2,2,4,5,0.25,0.429,0.25,0.679,4,0,1,0,0,0,,player.fcgi?id=cox---014tyl
Ellis Garcia,20,2024,West Virginia,Big 12,42,131,116,11,28,5,0,1,16,7,1,8,14,0.241,0.291,0.31,0.602,36,2,1,4,2,0,,player.fcgi?id=garcia000ell
Armani Guzman*,19,2024,West Virginia,Big 12,32,21,19,11,1,0,0,0,0,10,1,1,11,0.053,0.143,0.053,0.196,1,0,1,0,0,0,,player.fcgi?id=guzman000arm
Grant Hussey*,21,2024,West Virginia,Big 12,57,223,186,34,45,8,1,12,37,7,2,18,63,0.242,0.339,0.489,0.829,91,0,12,2,5,0,,player.fcgi?id=hussey000gra
Aaron Jamison*,19,2024,West Virginia,Big 12,44,88,74,17,17,3,1,3,16,8,1,8,35,0.23,0.329,0.419,0.748,31,0,3,3,0,0,,player.fcgi?id=jamiso000aar
Skylar King*,20,2024,West Virginia,Big 12,58,183,155,33,40,8,0,5,26,9,3,13,21,0.258,0.335,0.407,0.742,63,4,6,7,2,0,,player.fcgi?id=king--000sky
Brodie Kresser,21,2024,West Virginia,Big 12,47,179,144,27,40,7,1,4,24,13,3,18,27,0.278,0.409,0.424,0.833,61,2,14,3,0,0,,player.fcgi?id=kresse000bro
Ben Lumsden*,20,2024,West Virginia,Big 12,55,211,175,33,44,10,0,7,25,3,0,31,59,0.251,0.365,0.429,0.794,75,3,1,3,1,0,,player.fcgi?id=lumsde001ben
Michael Perazza*,20,2024,West Virginia,Big 12,33,67,62,7,16,4,0,1,7,1,2,4,16,0.258,0.313,0.371,0.684,23,1,1,0,0,0,,player.fcgi?id=perazz000mic
Logan Sauve,20,2024,West Virginia,Big 12,45,207,182,42,56,8,0,8,37,2,0,17,30,0.308,0.379,0.484,0.862,88,6,5,1,2,0,,player.fcgi?id=sauve-000log
Luke Szepek,18,2024,West Virginia,Big 12,18,21,17,2,2,0,0,0,0,0,0,2,3,0.118,0.25,0.118,0.368,2,0,1,1,0,0,,player.fcgi?id=szepek000luk
Kyle West*,21,2024,West Virginia,Big 12,56,221,196,38,51,10,1,14,43,8,0,21,64,0.26,0.344,0.536,0.88,105,2,4,0,0,1,,player.fcgi?id=west--003kyl
JJ Wetherholt*,21,2024,West Virginia,Big 12,36,164,124,30,41,8,0,8,30,6,0,30,17,0.331,0.472,0.589,1.061,73,2,6,1,3,8,,player.fcgi?id=wether000jj-
Sam White*,20,2024,West Virginia,Big 12,60,259,213,47,65,9,1,10,42,5,3,32,56,0.305,0.406,0.498,0.903,106,4,6,5,3,0,,player.fcgi?id=white-005sam
Nick Barone,19,2023,West Virginia,Big 12,7,11,8,3,2,0,0,2,7,0,0,2,1,0.25,0.364,1,1.364,8,0,0,0,1,0,,player.fcgi?id=barone000nic
Braden Barry,21,2023,West Virginia,Big 12,60,281,231,57,67,19,4,8,44,24,3,33,55,0.29,0.383,0.511,0.894,118,2,5,7,5,0,,player.fcgi?id=barry-001bra
Tyler Cox*,20,2023,West Virginia,Big 12,25,17,13,3,1,1,0,0,1,3,1,4,6,0.077,0.294,0.154,0.448,2,0,0,0,0,0,,player.fcgi?id=cox---014tyl
Kevin Dowdell*,23,2023,West Virginia,Big 12,29,38,30,8,6,1,0,1,8,3,0,5,13,0.2,0.324,0.333,0.658,10,0,1,1,1,0,,player.fcgi?id=dowdel000kev
Ellis Garcia,19,2023,West Virginia,Big 12,53,199,169,24,44,12,0,3,27,2,1,23,20,0.26,0.367,0.385,0.751,65,3,6,0,1,0,,player.fcgi?id=garcia000ell
Grant Hussey*,20,2023,West Virginia,Big 12,55,224,181,36,46,12,0,14,46,0,0,31,72,0.254,0.393,0.553,0.945,100,2,11,0,1,3,,player.fcgi?id=hussey000gra
Tré Keels,18,2023,West Virginia,Big 12,11,8,5,5,1,1,0,0,0,1,1,3,2,0.2,0.5,0.4,0.9,2,0,0,0,0,0,,player.fcgi?id=keels-000tre
Skylar King*,19,2023,West Virginia,Big 12,17,22,22,4,5,1,0,0,3,0,0,0,2,0.227,0.227,0.273,0.5,6,0,0,0,0,0,,player.fcgi?id=king--000sky
Dayne Leonard,23,2023,West Virginia,Big 12,60,279,223,44,59,13,0,4,48,4,1,31,46,0.265,0.395,0.377,0.772,84,8,19,3,3,0,,player.fcgi?id=leonar000day
Caleb McNeely,23,2023,West Virginia,Big 12,57,269,216,48,64,14,3,13,49,16,3,39,55,0.296,0.412,0.569,0.981,123,3,7,2,5,2,,player.fcgi?id=mcneel000cal
Zack Ramppen,19,2023,West Virginia,Big 12,13,11,10,2,2,0,0,0,1,0,0,1,2,0.2,0.273,0.2,0.473,2,0,0,0,0,0,,player.fcgi?id=ramppe000zac
Logan Sauve,19,2023,West Virginia,Big 12,52,181,146,31,39,9,0,4,24,2,0,23,40,0.267,0.4,0.411,0.811,60,5,10,1,1,0,,player.fcgi?id=sauve-000log
Evan Smith*,20,2023,West Virginia,Big 12,25,42,35,6,6,2,0,0,6,0,1,5,14,0.171,0.31,0.229,0.538,8,2,2,0,0,0,,player.fcgi?id=smith-004eva
Tevin Tucker,23,2023,West Virginia,Big 12,60,265,195,58,62,9,3,1,23,20,3,40,49,0.318,0.465,0.41,0.875,80,1,16,11,3,0,,player.fcgi?id=tucker000tev
Landon Wallace,21,2023,West Virginia,Big 12,59,258,199,46,62,11,3,11,49,17,2,37,54,0.312,0.45,0.563,1.013,112,3,14,7,1,0,,player.fcgi?id=wallac001lan
JJ Wetherholt*,20,2023,West Virginia,Big 12,55,268,225,67,101,24,2,16,60,36,8,26,22,0.449,0.517,0.787,1.304,177,2,11,1,5,10,,player.fcgi?id=wether000jj-
Sam White*,19,2023,West Virginia,Big 12,50,165,138,23,34,7,1,4,23,0,0,20,36,0.246,0.354,0.399,0.752,55,5,4,1,2,0,,player.fcgi?id=white-005sam
Ben Abernathy,19,2022,West Virginia,Big 12,41,29,22,9,7,1,0,0,1,12,3,5,9,0.318,0.464,0.364,0.828,8,0,1,1,0,0,,player.fcgi?id=aberna000ben
Braden Barry,20,2022,West Virginia,Big 12,53,174,149,28,43,11,1,6,26,16,4,18,34,0.289,0.374,0.497,0.871,74,3,3,3,1,0,,player.fcgi?id=barry-001bra
Nathan Blasick*,21,2022,West Virginia,Big 12,39,76,59,10,16,3,1,3,11,2,0,13,21,0.271,0.421,0.509,0.93,30,5,3,0,1,0,,player.fcgi?id=blasic000nat
Tyler Cox*,19,2022,West Virginia,Big 12,31,41,35,5,3,1,0,0,1,4,2,5,12,0.086,0.195,0.114,0.309,4,0,0,0,1,0,,player.fcgi?id=cox---014tyl
Austin Davis,22,2022,West Virginia,Big 12,55,254,224,56,74,11,1,4,26,29,6,18,33,0.33,0.402,0.442,0.844,99,0,10,0,2,0,,player.fcgi?id=davis-005aus
Kevin Dowdell*,22,2022,West Virginia,Big 12,33,35,30,5,6,1,0,2,7,3,0,5,12,0.2,0.314,0.433,0.748,13,0,0,0,0,0,,player.fcgi?id=dowdel000kev
McGwire Holbrook,20,2022,West Virginia,Big 12,54,197,171,28,55,12,0,6,42,5,1,22,19,0.322,0.396,0.497,0.893,85,4,1,0,3,1,,player.fcgi?id=holbro000mcg
Grant Hussey*,19,2022,West Virginia,Big 12,54,220,176,34,43,10,0,11,35,1,2,30,69,0.244,0.379,0.489,0.868,86,2,10,1,3,0,,player.fcgi?id=hussey000gra
Vince Ippoliti,23,2022,West Virginia,Big 12,23,41,31,4,7,2,1,0,7,2,0,6,8,0.226,0.415,0.355,0.769,11,1,4,0,0,0,,player.fcgi?id=ippoli000vin
Alex Khan,19,2022,West Virginia,Big 12,31,40,36,2,3,0,0,0,3,0,0,3,9,0.083,0.154,0.083,0.237,3,1,0,1,0,0,,player.fcgi?id=khan--000ale
Mikey Kluska,21,2022,West Virginia,Big 12,50,157,141,18,30,7,1,1,21,2,1,10,32,0.213,0.277,0.298,0.575,42,5,3,2,1,0,,player.fcgi?id=kluska000mik
Dayne Leonard,22,2022,West Virginia,Big 12,48,156,133,23,44,7,0,3,23,3,2,13,36,0.331,0.426,0.451,0.877,60,3,9,1,0,0,,player.fcgi?id=leonar000day
Victor Scott II*,21,2022,West Virginia,Big 12,55,250,194,44,54,12,2,6,47,38,7,35,53,0.278,0.397,0.454,0.85,88,2,7,8,6,2,,player.fcgi?id=scott-003vic
Evan Smith*,19,2022,West Virginia,Big 12,30,50,37,11,7,4,0,1,10,3,1,9,12,0.189,0.38,0.378,0.758,14,0,3,0,1,0,,player.fcgi?id=smith-004eva
Tevin Tucker,22,2022,West Virginia,Big 12,55,194,160,33,29,2,3,2,19,21,6,23,43,0.181,0.307,0.269,0.576,43,1,6,5,0,0,,player.fcgi?id=tucker000tev
JJ Wetherholt*,19,2022,West Virginia,Big 12,54,246,208,51,64,17,1,5,39,15,8,26,43,0.308,0.411,0.471,0.882,98,3,11,0,1,0,,player.fcgi?id=wether000jj-
Ben Abernathy,18,2021,West Virginia,Big 12,35,43,37,8,4,0,0,0,1,11,2,4,8,0.108,0.195,0.108,0.303,4,,0,2,0,0,,player.fcgi?id=aberna000ben
Braden Barry,19,2021,West Virginia,Big 12,36,79,70,10,17,4,0,0,6,4,3,6,24,0.243,0.321,0.3,0.621,21,,2,1,0,0,,player.fcgi?id=barry-001bra
William Bean?,--,2021,West Virginia,Big 12,27,29,22,2,1,0,0,0,0,0,0,4,11,0.046,0.276,0.046,0.321,1,,3,0,0,0,,player.fcgi?id=bean--003wil
Nathan Blasick*,20,2021,West Virginia,Big 12,36,92,77,11,17,0,2,5,14,1,3,11,36,0.221,0.326,0.468,0.794,36,,2,0,2,0,,player.fcgi?id=blasic000nat
Kevin Brophy*,23,2021,West Virginia,Big 12,44,135,117,21,26,5,1,8,23,3,0,15,43,0.222,0.311,0.487,0.798,57,,1,0,2,1,,player.fcgi?id=brophy002kev
Alec Burns,21,2021,West Virginia,Big 12,24,68,56,12,14,1,0,6,10,1,0,9,21,0.25,0.382,0.589,0.972,33,,3,0,0,0,,player.fcgi?id=burns-001ale
Hudson Byorick,24,2021,West Virginia,Big 12,45,183,159,24,43,9,3,3,22,3,0,23,32,0.27,0.366,0.421,0.788,67,,1,0,0,1,,player.fcgi?id=byoric000hud
Austin Davis,21,2021,West Virginia,Big 12,51,196,175,28,56,9,1,1,18,17,3,18,35,0.32,0.39,0.4,0.79,70,,2,1,0,0,,player.fcgi?id=davis-005aus
Tyler Doanes,22,2021,West Virginia,Big 12,40,151,129,17,29,6,0,0,22,5,3,20,18,0.225,0.327,0.271,0.598,35,,0,1,1,0,,player.fcgi?id=doanes000tyl
McGwire Holbrook,19,2021,West Virginia,Big 12,13,35,30,5,8,0,0,1,3,0,0,5,4,0.267,0.371,0.367,0.738,11,,0,0,0,0,,player.fcgi?id=holbro000mcg
Vince Ippoliti,22,2021,West Virginia,Big 12,37,132,103,21,28,1,0,2,18,2,0,17,23,0.272,0.402,0.34,0.741,35,,8,0,4,0,,player.fcgi?id=ippoli000vin
Chris Klein*,20,2021,West Virginia,Big 12,3,3,3,1,1,0,0,0,0,0,0,0,1,0.333,0.333,0.333,0.667,1,,0,0,0,0,,player.fcgi?id=klein-000chr
Mikey Kluska,20,2021,West Virginia,Big 12,42,173,155,17,37,1,1,4,24,1,2,14,45,0.239,0.298,0.336,0.634,52,,0,2,2,0,,player.fcgi?id=kluska000mik
Matt McCormick*,20,2021,West Virginia,Big 12,51,208,186,25,52,15,1,7,30,2,1,12,43,0.28,0.351,0.484,0.835,90,,9,0,1,2,,player.fcgi?id=mccorm001mat
Paul McIntosh,23,2021,West Virginia,Big 12,45,183,156,25,40,8,1,8,26,2,6,18,23,0.256,0.35,0.474,0.824,74,,6,0,3,0,,player.fcgi?id=mcinto000pau
Dominic Ragazzo,20,2021,West Virginia,Big 12,41,71,64,10,14,3,3,0,5,5,0,5,23,0.219,0.282,0.359,0.641,23,,1,0,1,0,,player.fcgi?id=ragazz000dom
Victor Scott II*,20,2021,West Virginia,Big 12,51,198,155,29,36,7,1,4,23,20,3,32,46,0.232,0.359,0.368,0.727,57,,2,3,6,0,,player.fcgi?id=scott-003vic
Ryan Archibald*,20,2020,West Virginia,Big 12,14,26,22,2,3,0,0,1,1,0,0,4,8,0.136,0.269,0.273,0.542,6,,0,0,0,0,,player.fcgi?id=archib001rya
Kevin Brophy*,22,2020,West Virginia,Big 12,16,67,61,11,15,3,0,1,8,0,0,4,15,0.246,0.303,0.344,0.647,21,,1,1,0,0,,player.fcgi?id=brophy002kev
Alec Burns,20,2020,West Virginia,Big 12,10,15,12,4,2,1,0,0,0,0,0,2,4,0.167,0.333,0.25,0.583,3,,1,0,0,0,,player.fcgi?id=burns-001ale
Austin Davis,20,2020,West Virginia,Big 12,16,67,59,9,19,4,1,0,10,6,1,5,11,0.322,0.375,0.424,0.799,25,,0,3,0,0,,player.fcgi?id=davis-005aus
Tyler DeMartino,20,2020,West Virginia,Big 12,6,10,10,1,3,0,0,0,2,0,0,0,1,0.3,0.3,0.3,0.6,3,,0,0,0,0,,player.fcgi?id=demart000tyl
Tyler Doanes,21,2020,West Virginia,Big 12,16,74,61,8,17,2,1,0,10,7,0,7,9,0.279,0.366,0.344,0.711,21,,2,3,1,1,,player.fcgi?id=doanes000tyl
Vince Ippoliti,21,2020,West Virginia,Big 12,12,38,31,6,9,3,0,0,6,0,0,5,4,0.29,0.421,0.387,0.808,12,,2,0,0,0,,player.fcgi?id=ippoli000vin
Chris Klein*,19,2020,West Virginia,Big 12,9,11,9,1,2,1,0,0,0,0,0,2,4,0.222,0.364,0.333,0.697,3,,0,0,0,0,,player.fcgi?id=klein-000chr
Matt McCormick*,19,2020,West Virginia,Big 12,16,66,55,10,20,4,0,3,11,1,0,10,17,0.364,0.47,0.6,1.07,33,,1,0,0,0,,player.fcgi?id=mccorm001mat
Paul McIntosh,22,2020,West Virginia,Big 12,16,63,58,10,12,3,0,3,14,0,2,3,8,0.207,0.238,0.414,0.652,24,,0,0,2,0,,player.fcgi?id=mcinto000pau
Dominic Ragazzo,19,2020,West Virginia,Big 12,13,11,11,2,1,0,0,0,0,1,0,0,4,0.091,0.091,0.091,0.182,1,,0,0,0,0,,player.fcgi?id=ragazz000dom
Victor Scott II*,19,2020,West Virginia,Big 12,15,49,45,6,10,1,3,1,5,4,0,2,14,0.222,0.265,0.444,0.71,20,,1,0,1,0,,player.fcgi?id=scott-003vic
Tevin Tucker,20,2020,West Virginia,Big 12,16,53,47,3,8,0,0,0,4,7,1,4,13,0.17,0.25,0.17,0.42,8,,1,1,0,0,,player.fcgi?id=tucker000tev
Jackson Wolf*,21,2020,West Virginia,Big 12,6,1,1,0,0,0,0,0,0,0,0,0,1,0,0,0,0,0,,0,0,0,0,,player.fcgi?id=wolf--002jac
Braden Zarbnisky*,23,2020,West Virginia,Big 12,16,76,65,16,28,3,2,0,9,13,2,7,9,0.431,0.487,0.539,1.025,35,,1,2,1,1,,player.fcgi?id=zarbni000bra
Kevin Brophy*,21,2019,West Virginia,Big 12,57,188,167,23,34,6,0,9,35,1,1,15,60,0.204,0.267,0.401,0.669,67,,1,1,4,1,,player.fcgi?id=brophy002kev
Austin Davis,19,2019,West Virginia,Big 12,42,70,59,14,13,1,0,0,3,12,4,8,18,0.22,0.313,0.237,0.551,14,,0,3,0,0,,player.fcgi?id=davis-005aus
Tyler Doanes,20,2019,West Virginia,Big 12,59,271,228,40,72,21,3,5,32,20,6,31,40,0.316,0.398,0.5,0.898,114,,4,2,6,0,,player.fcgi?id=doanes000tyl
Phillip Dull,19,2019,West Virginia,Big 12,34,62,53,8,13,2,0,0,5,2,1,7,15,0.245,0.355,0.283,0.638,15,,2,0,0,0,,player.fcgi?id=dull--000phi
Iván González,22,2019,West Virginia,Big 12,60,257,214,39,63,15,0,3,31,5,5,35,36,0.294,0.397,0.407,0.803,87,,4,0,4,1,,player.fcgi?id=vera--000iva
Connor Hamilton,19,2019,West Virginia,Big 12,10,19,16,0,1,0,0,0,0,0,0,3,10,0.063,0.211,0.063,0.273,1,,0,0,0,0,,player.fcgi?id=hamilt001con
Darius Hill*,21,2019,West Virginia,Big 12,60,266,238,47,75,25,3,6,41,4,0,24,33,0.315,0.376,0.521,0.897,124,,1,0,3,3,,player.fcgi?id=hill--002dar
Tristen Hudson#,19,2019,West Virginia,Big 12,37,46,40,5,5,1,0,0,5,3,2,2,15,0.125,0.178,0.15,0.328,6,,1,1,2,0,,player.fcgi?id=hudson000tri
Marques Inman,22,2019,West Virginia,Big 12,56,234,206,26,54,10,1,9,41,1,0,19,51,0.262,0.338,0.452,0.789,93,,6,0,3,0,,player.fcgi?id=inman-000mar
TJ Lake*,23,2019,West Virginia,Big 12,51,166,147,21,38,9,0,3,21,3,5,13,41,0.259,0.319,0.381,0.7,56,,1,3,2,0,,player.fcgi?id=lake--000tj-
Trey Lowe,19,2019,West Virginia,Big 12,2,2,2,0,0,0,0,0,0,0,0,0,1,0,0,0,0,0,,0,0,0,0,,player.fcgi?id=lowe--001tre
Paul McIntosh,21,2019,West Virginia,Big 12,52,217,191,28,53,10,1,10,34,1,7,21,54,0.278,0.359,0.497,0.857,95,,4,0,1,0,,player.fcgi?id=mcinto000pau
Tevin Tucker,19,2019,West Virginia,Big 12,60,208,156,37,31,10,0,1,21,19,5,39,54,0.199,0.365,0.282,0.647,44,,3,8,2,0,,player.fcgi?id=tucker000tev
Brandon White,21,2019,West Virginia,Big 12,57,244,195,37,53,5,1,0,26,26,6,33,46,0.272,0.387,0.308,0.695,60,,5,9,2,0,,player.fcgi?id=white-006bra
Andrew Zitel,23,2019,West Virginia,Big 12,48,81,69,11,13,4,0,3,11,1,0,7,23,0.188,0.269,0.377,0.646,26,,1,3,1,0,,player.fcgi?id=zitel-000and
Kevin Brophy*,20,2018,West Virginia,Big 12,18,65,53,12,12,0,0,6,14,1,0,10,19,0.226,0.354,0.566,0.92,30,,1,0,1,0,,player.fcgi?id=brophy002kev
Nick DeNicola,21,2018,West Virginia,Big 12,9,10,10,2,2,2,0,0,2,0,0,0,5,0.2,0.2,0.4,0.6,4,,0,0,0,0,,player.fcgi?id=denico000nic
Tyler Doanes,19,2018,West Virginia,Big 12,43,126,101,15,32,5,4,1,20,6,1,10,17,0.317,0.407,0.475,0.882,48,,6,8,1,0,,player.fcgi?id=doanes000tyl
Jimmy Galusky,22,2018,West Virginia,Big 12,56,221,194,32,49,8,1,7,30,13,5,18,45,0.253,0.332,0.412,0.744,80,,6,1,2,0,,player.fcgi?id=galusk000jim
Iván González,21,2018,West Virginia,Big 12,53,223,200,25,51,11,0,1,25,1,1,18,24,0.255,0.32,0.325,0.645,65,,2,1,2,0,,player.fcgi?id=vera--000iva
Kyle Gray*,21,2018,West Virginia,Big 12,55,239,198,45,74,12,3,14,38,10,4,34,41,0.374,0.462,0.677,1.139,134,,2,1,4,2,,player.fcgi?id=gray--000kyl
Connor Hamilton,18,2018,West Virginia,Big 12,24,41,38,1,5,1,0,0,5,0,0,3,15,0.132,0.195,0.158,0.353,6,,0,0,0,0,,player.fcgi?id=hamilt001con
Darius Hill*,20,2018,West Virginia,Big 12,56,261,240,41,79,20,2,4,36,2,2,12,20,0.329,0.362,0.479,0.841,115,,3,1,5,0,,player.fcgi?id=hill--002dar
Tristen Hudson#,18,2018,West Virginia,Big 12,34,8,8,1,1,1,0,0,0,0,0,0,3,0.125,0.125,0.25,0.375,2,,0,0,0,0,,player.fcgi?id=hudson000tri
Chase Illig#,21,2018,West Virginia,Big 12,41,112,102,14,21,4,0,5,17,2,2,10,32,0.206,0.277,0.392,0.669,40,,0,0,0,2,,player.fcgi?id=illig-000cha
Marques Inman,21,2018,West Virginia,Big 12,52,217,191,31,61,20,1,6,40,1,0,20,41,0.319,0.387,0.529,0.916,101,,3,0,3,1,,player.fcgi?id=inman-000mar
Isaiah Kearns,20,2018,West Virginia,Big 12,33,66,59,9,16,2,1,0,5,4,1,5,14,0.271,0.349,0.339,0.688,20,,2,0,0,0,,player.fcgi?id=kearns000isa
TJ Lake*,22,2018,West Virginia,Big 12,11,22,18,2,3,1,0,0,0,1,1,1,1,0.167,0.25,0.222,0.472,4,,1,2,0,0,,player.fcgi?id=lake--000tj-
Alek Manoah,20,2018,West Virginia,Big 12,31,16,13,2,1,0,0,0,0,0,0,2,4,0.077,0.25,0.077,0.327,1,,1,0,0,0,,player.fcgi?id=manoah000ale
Brandon White,20,2018,West Virginia,Big 12,56,241,201,30,58,7,2,1,20,22,11,33,39,0.289,0.392,0.358,0.751,72,,2,4,1,0,,player.fcgi?id=white-006bra
Braden Zarbnisky*,21,2018,West Virginia,Big 12,49,241,185,39,48,6,2,0,19,27,6,42,47,0.26,0.403,0.314,0.717,58,,4,8,2,0,,player.fcgi?id=zarbni000bra
Andrew Zitel,22,2018,West Virginia,Big 12,44,134,115,18,27,5,0,1,16,5,2,12,31,0.235,0.318,0.304,0.622,35,,2,5,0,0,,player.fcgi?id=zitel-000and
Cole Austin,20,2017,West Virginia,Big 12,58,268,242,41,73,13,2,7,44,9,3,12,37,0.302,0.345,0.459,0.803,111,,7,1,6,0,,player.fcgi?id=austin000col
Kevin Brophy*,19,2017,West Virginia,Big 12,25,50,40,2,12,2,0,0,4,1,0,10,13,0.3,0.44,0.35,0.79,14,,0,0,0,0,,player.fcgi?id=brophy002kev
Jackson Cramer#,22,2017,West Virginia,Big 12,62,276,233,49,63,14,0,11,46,4,1,34,66,0.27,0.37,0.472,0.842,110,,5,0,4,2,,player.fcgi?id=cramer000jac
Kyle Davis,21,2017,West Virginia,Big 12,62,276,234,41,74,13,3,10,44,1,5,35,47,0.316,0.405,0.526,0.931,123,,2,2,3,2,,player.fcgi?id=davis-005kyl
Jimmy Galusky,21,2017,West Virginia,Big 12,60,234,197,31,48,7,1,4,26,8,4,22,56,0.244,0.329,0.35,0.679,69,,3,12,0,0,,player.fcgi?id=galusk000jim
Iván González,20,2017,West Virginia,Big 12,55,229,205,35,65,9,1,5,29,4,2,12,15,0.317,0.359,0.444,0.803,91,,3,6,3,0,,player.fcgi?id=vera--000iva
Kyle Gray*,20,2017,West Virginia,Big 12,55,256,204,36,53,9,6,3,31,9,8,44,59,0.26,0.393,0.407,0.8,83,,2,4,2,1,,player.fcgi?id=gray--000kyl
Darius Hill*,19,2017,West Virginia,Big 12,61,270,244,39,75,14,1,4,46,5,5,18,33,0.307,0.355,0.422,0.777,103,,1,5,2,1,,player.fcgi?id=hill--002dar
Chase Illig#,20,2017,West Virginia,Big 12,39,114,91,16,22,3,1,3,18,0,0,19,26,0.242,0.389,0.396,0.785,36,,3,1,0,0,,player.fcgi?id=illig-000cha
Marques Inman,20,2017,West Virginia,Big 12,16,62,57,7,20,3,1,2,8,1,0,2,9,0.351,0.387,0.544,0.931,31,,2,0,1,0,,player.fcgi?id=inman-000mar
Isaiah Kearns,19,2017,West Virginia,Big 12,29,12,12,2,3,0,0,2,2,0,0,0,5,0.25,0.25,0.75,1,9,,0,0,0,0,,player.fcgi?id=kearns000isa
TJ Lake*,21,2017,West Virginia,Big 12,45,82,73,12,17,3,0,0,5,6,2,8,19,0.233,0.317,0.274,0.591,20,,1,0,0,1,,player.fcgi?id=lake--000tj-
Alek Manoah,19,2017,West Virginia,Big 12,24,8,7,0,0,0,0,0,0,0,0,1,4,0,0.125,0,0.125,0,,0,0,0,0,,player.fcgi?id=manoah000ale
Riley Troutt,19,2017,West Virginia,Big 12,14,0,0,1,0,0,0,0,0,0,0,0,0,,,,,0,,0,0,0,0,,player.fcgi?id=troutt000ril
Brandon White,19,2017,West Virginia,Big 12,55,193,159,22,44,4,2,0,14,13,7,21,32,0.277,0.36,0.327,0.687,52,,2,7,4,0,,player.fcgi?id=white-006bra
Braden Zarbnisky*,20,2017,West Virginia,Big 12,52,150,125,32,42,3,0,1,12,12,0,17,25,0.336,0.417,0.384,0.801,48,,1,6,1,1,,player.fcgi?id=zarbni000bra
Andrew Zitel,21,2017,West Virginia,Big 12,14,17,13,4,2,0,0,1,2,0,0,2,7,0.154,0.267,0.385,0.651,5,,0,2,0,0,,player.fcgi?id=zitel-000and
Cole Austin,19,2016,West Virginia,Big 12,41,160,145,18,32,6,1,4,23,7,1,8,23,0.221,0.27,0.359,0.629,52,,3,1,3,0,,player.fcgi?id=austin000col
Kyle Casserly*,20,2016,West Virginia,Big 12,10,10,8,2,3,0,0,0,0,0,0,2,2,0.375,0.5,0.375,0.875,3,,0,0,0,0,,player.fcgi?id=casser000kyl
Shaun Corso,22,2016,West Virginia,Big 12,28,75,71,3,19,3,0,0,8,1,1,4,16,0.268,0.307,0.31,0.617,22,,0,0,0,0,,player.fcgi?id=corso-000sha
Jackson Cramer#,21,2016,West Virginia,Big 12,56,243,200,34,60,14,3,9,45,7,4,32,59,0.3,0.416,0.535,0.951,107,,9,0,2,1,,player.fcgi?id=cramer000jac
Kyle Davis,20,2016,West Virginia,Big 12,57,261,214,52,60,14,1,10,43,5,3,39,29,0.28,0.394,0.495,0.889,106,,3,2,3,2,,player.fcgi?id=davis-005kyl
Jimmy Galusky,20,2016,West Virginia,Big 12,57,213,188,29,53,9,2,1,18,3,3,13,41,0.282,0.33,0.367,0.697,69,,1,10,1,0,,player.fcgi?id=galusk000jim
Iván González,19,2016,West Virginia,Big 12,43,161,134,22,51,9,3,0,23,5,2,16,13,0.381,0.437,0.493,0.929,66,,2,3,6,0,,player.fcgi?id=vera--000iva
Kyle Gray*,19,2016,West Virginia,Big 12,55,209,174,31,47,6,3,0,22,10,3,24,41,0.27,0.36,0.339,0.699,59,,2,6,3,0,,player.fcgi?id=gray--000kyl
Ray Guerinni,--,2016,West Virginia,Big 12,52,207,166,32,48,10,2,6,26,5,4,21,48,0.289,0.401,0.482,0.883,80,,12,5,3,0,,player.fcgi?id=guerin000ray
Jeff Hardy,21,2016,West Virginia,Big 12,13,1,1,0,0,0,0,0,0,0,0,0,0,0,0,0,0,0,,0,0,0,0,,player.fcgi?id=hardy-002jef
Darius Hill*,18,2016,West Virginia,Big 12,58,264,219,49,75,20,4,3,40,6,6,32,23,0.343,0.42,0.511,0.932,112,,1,7,5,0,,player.fcgi?id=hill--002dar
KC Huth,23,2016,West Virginia,Big 12,53,202,171,28,45,10,1,4,25,9,6,18,25,0.263,0.332,0.404,0.735,69,,1,9,3,1,,player.fcgi?id=huth--000kc-
Marques Inman,19,2016,West Virginia,Big 12,30,75,66,10,17,4,0,1,14,1,1,4,20,0.258,0.32,0.364,0.684,24,,3,0,2,0,,player.fcgi?id=inman-000mar
Caleb Potter,--,2016,West Virginia,Big 12,24,45,42,6,10,3,0,1,3,1,2,3,12,0.238,0.289,0.381,0.67,16,,0,0,0,0,,player.fcgi?id=potter000cal
Ross Vance*,24,2016,West Virginia,Big 12,18,1,0,0,0,0,0,0,0,0,0,1,0,,1,,,0,,0,0,0,0,,player.fcgi?id=vance-000ros
Shaun Wood*,23,2016,West Virginia,Big 12,30,45,32,8,7,2,0,3,10,0,0,11,10,0.219,0.409,0.563,0.972,18,,0,1,1,0,,player.fcgi?id=wood--000sha
Braden Zarbnisky*,19,2016,West Virginia,Big 12,44,114,102,14,27,2,1,0,9,3,3,8,10,0.265,0.315,0.304,0.619,31,,0,3,1,0,,player.fcgi?id=zarbni000bra
Andrew Zitel,20,2016,West Virginia,Big 12,15,32,26,3,9,4,0,0,4,1,0,4,8,0.346,0.433,0.5,0.933,13,,0,2,0,0,,player.fcgi?id=zitel-000and
Tucker Cascadden,19,2015,West Virginia,Big 12,22,41,35,8,10,0,0,0,3,1,0,5,9,0.286,0.375,0.286,0.661,10,,0,1,0,0,,player.fcgi?id=cascad000tuc
Kyle Casserly*,19,2015,West Virginia,Big 12,12,15,13,0,4,1,0,0,2,0,0,1,3,0.308,0.4,0.385,0.785,5,,1,0,0,0,,player.fcgi?id=casser000kyl
Shaun Corso,21,2015,West Virginia,Big 12,42,148,133,11,36,5,0,2,16,3,0,8,26,0.271,0.31,0.353,0.664,47,,1,3,3,0,,player.fcgi?id=corso-000sha
Jackson Cramer#,20,2015,West Virginia,Big 12,51,211,179,30,52,15,1,8,21,2,0,27,48,0.291,0.389,0.52,0.908,93,,3,0,2,2,,player.fcgi?id=cramer000jac
Kyle Davis,19,2015,West Virginia,Big 12,53,239,224,40,79,17,1,4,31,4,5,11,37,0.353,0.391,0.491,0.882,110,,3,1,0,0,,player.fcgi?id=davis-005kyl
Justin Fox,23,2015,West Virginia,Big 12,53,241,216,33,59,13,1,3,18,11,3,13,51,0.273,0.332,0.384,0.716,83,,6,6,0,0,,player.fcgi?id=fox---000jus
Ray Guerinni,--,2015,West Virginia,Big 12,46,154,122,19,25,9,0,3,21,5,4,14,50,0.205,0.345,0.353,0.697,43,,12,6,0,1,,player.fcgi?id=guerin000ray
Garrett Hope,21,2015,West Virginia,Big 12,23,54,46,8,13,1,1,1,7,1,1,4,13,0.283,0.389,0.413,0.802,19,,4,0,0,0,,player.fcgi?id=hope--000gar
KC Huth,22,2015,West Virginia,Big 12,52,173,154,18,40,8,2,2,22,2,4,14,25,0.26,0.328,0.377,0.704,58,,2,2,1,1,,player.fcgi?id=huth--000kc-
Brad Johnson,23,2015,West Virginia,Big 12,47,197,166,21,43,9,3,2,27,6,3,27,39,0.259,0.362,0.386,0.748,64,,1,1,2,2,,player.fcgi?id=johnso005bra
Taylor Munden,21,2015,West Virginia,Big 12,52,243,222,32,59,12,0,11,31,11,4,17,36,0.266,0.321,0.469,0.79,104,,2,0,2,2,,player.fcgi?id=munden000tay
Cam O'Brien#,22,2015,West Virginia,Big 12,27,96,76,15,19,4,0,1,11,0,1,12,13,0.25,0.376,0.342,0.718,26,,4,3,1,0,,player.fcgi?id=obrien000cam
Caleb Potter,--,2015,West Virginia,Big 12,36,109,93,18,21,4,0,4,10,4,0,12,30,0.226,0.321,0.398,0.719,37,,2,0,2,0,,player.fcgi?id=potter000cal
Tony Strasiser?,--,2015,West Virginia,Big 12,15,23,21,4,7,0,0,0,0,0,0,2,7,0.333,0.391,0.333,0.725,7,,0,0,0,0,,player.fcgi?id=strasi000ton
Shaun Wood*,22,2015,West Virginia,Big 12,51,189,165,19,29,4,0,8,32,7,0,15,45,0.176,0.245,0.346,0.59,57,,1,5,3,0,,player.fcgi?id=wood--000sha
Bobby Boyd*,21,2014,West Virginia,Big 12,53,250,222,46,79,8,2,1,24,18,2,10,25,0.356,0.389,0.423,0.813,94,,4,11,3,0,,player.fcgi?id=boyd--000bob
Michael Constantini?,--,2014,West Virginia,Big 12,44,135,115,16,30,3,0,1,8,5,1,17,14,0.261,0.356,0.313,0.669,36,,0,3,0,0,,player.fcgi?id=consta003mic
Jackson Cramer#,19,2014,West Virginia,Big 12,41,116,99,10,24,7,0,1,14,0,1,16,34,0.242,0.353,0.343,0.697,34,,1,0,0,0,,player.fcgi?id=cramer000jac
Billy Fleming,21,2014,West Virginia,Big 12,53,247,222,35,78,8,1,2,30,6,5,16,23,0.351,0.407,0.423,0.83,94,,6,1,2,0,,player.fcgi?id=flemin003bil
Justin Fox,22,2014,West Virginia,Big 12,35,100,84,9,19,2,0,0,10,1,5,10,15,0.226,0.313,0.25,0.563,21,,1,4,1,0,,player.fcgi?id=fox---000jus
Ray Guerinni,--,2014,West Virginia,Big 12,17,37,27,1,3,0,0,0,4,3,0,3,6,0.111,0.333,0.111,0.444,3,,6,1,0,0,,player.fcgi?id=guerin000ray
Brad Johnson,22,2014,West Virginia,Big 12,27,96,88,8,28,4,1,0,17,4,0,5,18,0.318,0.375,0.386,0.761,34,,3,0,0,1,,player.fcgi?id=johnso005bra
Ryan McBroom,22,2014,West Virginia,Big 12,54,245,211,32,72,12,0,8,49,1,0,22,35,0.341,0.404,0.512,0.916,108,,5,0,7,1,,player.fcgi?id=mcbroo000rya
Taylor Munden,20,2014,West Virginia,Big 12,52,244,218,39,57,16,1,2,19,13,4,21,31,0.262,0.329,0.372,0.701,81,,2,1,2,0,,player.fcgi?id=munden000tay
Max Nogay,22,2014,West Virginia,Big 12,36,94,78,11,16,4,0,3,9,2,0,6,24,0.205,0.319,0.372,0.691,29,,7,3,0,0,,player.fcgi?id=nogay-000max
Cam O'Brien#,21,2014,West Virginia,Big 12,49,185,162,19,42,12,2,2,18,5,2,12,24,0.259,0.333,0.395,0.728,64,,7,2,2,0,,player.fcgi?id=obrien000cam
Jacob Rice,--,2014,West Virginia,Big 12,54,240,206,25,61,9,1,1,31,16,5,22,35,0.296,0.376,0.364,0.74,75,,6,3,3,0,,player.fcgi?id=rice--004jac
Trevor Simms,22,2014,West Virginia,Big 12,34,21,20,6,1,0,0,0,1,1,0,1,13,0.05,0.095,0.05,0.145,1,,0,0,0,0,,player.fcgi?id=simms-000tre
Shaun Wood*,21,2014,West Virginia,Big 12,39,112,106,9,24,2,0,3,13,4,1,4,14,0.226,0.268,0.33,0.598,35,,2,0,0,0,,player.fcgi?id=wood--000sha
Nate Antone,21,2013,West Virginia,Big 12,3,8,6,0,2,0,0,0,0,0,0,2,0,0.333,0.5,0.333,0.833,2,,0,0,0,0,,player.fcgi?id=antone000nat
Bobby Boyd*,20,2013,West Virginia,Big 12,55,236,210,33,66,7,3,0,24,17,6,15,17,0.314,0.367,0.376,0.743,79,,3,7,1,0,,player.fcgi?id=boyd--000bob
Kevin Cohen?,--,2013,West Virginia,Big 12,13,13,10,2,2,0,0,0,1,0,0,0,2,0.2,0.385,0.2,0.585,2,,3,0,0,0,,player.fcgi?id=cohen-000kev
Michael Constantini?,--,2013,West Virginia,Big 12,40,94,87,11,21,7,1,0,6,1,2,4,13,0.241,0.283,0.345,0.627,30,,1,2,0,0,,player.fcgi?id=consta003mic
Alan Filauro?,--,2013,West Virginia,Big 12,55,192,174,21,40,5,0,4,20,0,4,9,45,0.23,0.287,0.328,0.615,57,,5,4,0,0,,player.fcgi?id=filaur000ala
Billy Fleming,20,2013,West Virginia,Big 12,54,224,196,27,58,11,1,0,23,2,2,13,19,0.296,0.358,0.362,0.72,71,,7,6,2,1,,player.fcgi?id=flemin003bil
Justin Fox,21,2013,West Virginia,Big 12,28,71,57,5,13,0,0,0,7,0,1,7,12,0.228,0.333,0.228,0.561,13,,3,2,2,0,,player.fcgi?id=fox---000jus
Matthew Frazer*,22,2013,West Virginia,Big 12,56,216,184,26,47,13,1,7,37,1,1,19,49,0.255,0.352,0.451,0.803,83,,10,0,3,1,,player.fcgi?id=frazer001mat
Ryan McBroom,21,2013,West Virginia,Big 12,59,242,220,39,59,19,0,12,48,5,2,12,36,0.268,0.32,0.518,0.838,114,,6,1,3,3,,player.fcgi?id=mcbroo000rya
Taylor Munden,19,2013,West Virginia,Big 12,55,201,177,26,36,6,2,1,10,1,0,19,31,0.203,0.281,0.277,0.558,49,,1,2,2,0,,player.fcgi?id=munden000tay
Max Nogay,21,2013,West Virginia,Big 12,20,44,33,6,6,1,0,0,1,2,1,3,9,0.182,0.372,0.212,0.584,7,,7,1,0,0,,player.fcgi?id=nogay-000max
Chris Rasky?,--,2013,West Virginia,Big 12,17,31,28,2,4,1,0,0,2,0,0,1,7,0.143,0.194,0.179,0.372,5,,1,0,1,0,,player.fcgi?id=rasky-000chr
Jacob Rice,--,2013,West Virginia,Big 12,56,242,219,34,73,13,0,2,30,12,10,13,34,0.333,0.383,0.42,0.803,92,,6,2,2,0,,player.fcgi?id=rice--004jac
Ryan Tuntland,22,2013,West Virginia,Big 12,56,239,200,32,65,9,1,3,36,7,4,29,35,0.325,0.416,0.425,0.841,85,,5,1,4,1,,player.fcgi?id=tuntla000rya
Brady Wilson,22,2013,West Virginia,Big 12,58,243,217,31,63,4,2,3,20,20,5,19,30,0.29,0.354,0.369,0.723,80,,3,3,1,0,,player.fcgi?id=wilson007bra
Ryan Ampleman?,--,2011,Missouri,Big 12,34,68,48,16,10,5,0,1,6,1,3,8,18,0.208,0.433,0.375,0.808,18,,11,1,0,,,player.fcgi?id=amplem000rya
Eric Anderson,20,2011,Missouri,Big 12,26,27,24,3,3,0,0,0,3,2,0,2,4,0.125,0.192,0.125,0.317,3,,0,1,0,,,player.fcgi?id=anders004eri
Sal Belfonte?,--,2011,Missouri,Big 12,17,9,8,4,1,1,0,0,3,1,0,1,5,0.125,0.222,0.25,0.472,2,,0,0,0,,,player.fcgi?id=belfon000sal
Blake Brown,20,2011,Missouri,Big 12,54,237,188,33,50,7,3,7,34,20,8,38,63,0.266,0.397,0.447,0.844,84,,5,3,3,,,player.fcgi?id=brown-001bla
Brannon Champagne?,--,2011,Missouri,Big 12,58,264,218,30,64,6,0,0,27,13,9,26,41,0.294,0.398,0.321,0.72,70,,12,8,0,,,player.fcgi?id=champa002bra
Dillon Everett,19,2011,Missouri,Big 12,24,50,45,6,9,1,0,0,3,0,1,5,10,0.2,0.28,0.222,0.502,10,,0,0,0,,,player.fcgi?id=everet000dil
Eric Garcia*,20,2011,Missouri,Big 12,57,242,199,29,55,6,3,2,26,14,2,34,28,0.276,0.387,0.367,0.753,73,,3,4,2,,,player.fcgi?id=garcia003eri
Ryan Gebhart?,--,2011,Missouri,Big 12,21,48,39,9,7,0,1,0,1,1,0,4,13,0.18,0.289,0.231,0.52,9,,2,3,0,,,player.fcgi?id=gebhar001rya
C.J. Jarvis?,--,2011,Missouri,Big 12,26,79,69,5,13,3,0,0,8,1,0,3,19,0.188,0.25,0.232,0.482,16,,3,3,1,,,player.fcgi?id=jarvis000cj-
Jeff Lusardi,21,2011,Missouri,Big 12,7,9,8,0,1,1,0,0,0,0,0,1,2,0.125,0.222,0.25,0.472,2,,0,0,0,,,player.fcgi?id=lusard000jef
Conner Mach,21,2011,Missouri,Big 12,59,272,228,31,65,12,1,4,32,11,5,26,35,0.285,0.378,0.399,0.777,91,,11,2,5,,,player.fcgi?id=mach--000con
Dane Opel*,20,2011,Missouri,Big 12,35,133,115,12,24,6,2,1,8,2,1,11,30,0.209,0.295,0.322,0.616,37,,3,4,0,,,player.fcgi?id=opel--001dan
Andreas Plackis?,--,2011,Missouri,Big 12,11,30,30,4,6,1,0,0,0,0,0,0,5,0.2,0.2,0.233,0.433,7,,0,0,0,,,player.fcgi?id=placki000and
Jesse Santo?,--,2011,Missouri,Big 12,57,226,185,27,49,6,0,0,22,10,5,22,34,0.265,0.364,0.297,0.661,55,,8,9,2,,,player.fcgi?id=santo-000jes
Jonah Schmidt?,--,2011,Missouri,Big 12,59,251,218,34,69,17,1,6,38,11,4,22,44,0.317,0.393,0.486,0.879,106,,6,4,1,,,player.fcgi?id=schmid002jon
Scott Sommerfeld,20,2011,Missouri,Big 12,35,114,102,12,30,1,0,1,15,2,0,3,12,0.294,0.368,0.333,0.702,34,,9,0,0,,,player.fcgi?id=sommer002sco
Andrew Thigpen?,--,2011,Missouri,Big 12,31,97,81,14,13,5,0,0,9,5,3,9,20,0.161,0.258,0.222,0.48,18,,2,4,1,,,player.fcgi?id=thigpe000and
Ben Turner,21,2011,Missouri,Big 12,46,177,145,17,39,5,0,0,14,0,0,24,23,0.269,0.385,0.303,0.689,44,,4,3,1,,,player.fcgi?id=turner000ben
Sal Belfonte?,--,2012,Missouri,Big 12,28,50,41,8,8,2,0,0,4,4,4,3,11,0.195,0.313,0.244,0.556,10,,4,2,0,0,,player.fcgi?id=belfon000sal
Blake Brown,21,2012,Missouri,Big 12,59,263,225,51,68,15,2,10,40,17,5,25,61,0.302,0.389,0.52,0.909,117,,8,3,2,0,,player.fcgi?id=brown-001bla
Drew Carlile,--,2012,Missouri,Big 12,2,2,2,0,0,0,0,0,0,0,0,0,2,0,0,0,0,0,,0,0,0,0,,player.fcgi?id=carlil000dre
Brannon Champagne?,--,2012,Missouri,Big 12,54,233,189,25,51,7,0,0,23,12,3,23,39,0.27,0.374,0.307,0.681,58,,9,11,1,0,,player.fcgi?id=champa002bra
Jeff Emens?,--,2012,Missouri,Big 12,33,1,1,0,0,0,0,0,0,0,0,0,0,0,0,0,0,0,,0,0,0,0,,player.fcgi?id=emens-000jef
Dillon Everett,20,2012,Missouri,Big 12,60,233,195,34,42,5,1,0,19,1,2,21,25,0.215,0.336,0.251,0.588,49,,15,1,1,0,,player.fcgi?id=everet000dil
Eric Garcia*,21,2012,Missouri,Big 12,61,272,229,41,62,7,2,2,35,17,4,33,42,0.271,0.372,0.345,0.717,79,,5,3,2,1,,player.fcgi?id=garcia003eri
Jake Ivory,19,2012,Missouri,Big 12,11,13,11,5,2,1,0,0,3,1,0,1,2,0.182,0.308,0.273,0.58,3,,1,0,0,0,,player.fcgi?id=ivory-000jak
Landon Lucansky,19,2012,Missouri,Big 12,8,20,17,0,4,1,1,0,5,0,0,2,2,0.235,0.35,0.412,0.762,7,,1,0,0,0,,player.fcgi?id=lucans000lan
Conner Mach,22,2012,Missouri,Big 12,61,270,223,40,65,13,0,1,30,2,1,27,37,0.292,0.393,0.363,0.757,81,,13,3,4,0,,player.fcgi?id=mach--000con
Nick Moore,19,2012,Missouri,Big 12,10,13,11,0,2,1,0,0,1,0,0,2,5,0.182,0.308,0.273,0.58,3,,0,0,0,0,,player.fcgi?id=moore-001nic
Case Munson?,--,2012,Missouri,Big 12,12,25,22,1,4,1,0,0,3,0,0,2,9,0.182,0.24,0.227,0.467,5,,0,0,1,0,,player.fcgi?id=munson000cas
Dane Opel*,21,2012,Missouri,Big 12,58,242,205,39,58,12,2,11,46,2,3,23,58,0.283,0.372,0.522,0.894,107,,8,3,3,2,,player.fcgi?id=opel--001dan
Andreas Plackis?,--,2012,Missouri,Big 12,36,132,119,15,35,7,1,0,14,1,0,6,10,0.294,0.333,0.37,0.703,44,,2,3,2,0,,player.fcgi?id=placki000and
Patrick Quintanilla?,--,2012,Missouri,Big 12,12,24,16,5,5,0,0,0,3,0,0,5,2,0.313,0.542,0.313,0.854,5,,3,0,0,0,,player.fcgi?id=quinta002pat
Scott Sommerfeld,21,2012,Missouri,Big 12,56,218,189,25,59,8,1,2,29,4,3,15,29,0.312,0.38,0.397,0.777,75,,7,5,2,0,,player.fcgi?id=sommer002sco
Gavin Stark?,--,2012,Missouri,Big 12,27,65,54,8,9,1,0,1,2,0,0,5,16,0.167,0.262,0.241,0.503,13,,2,4,0,0,,player.fcgi?id=stark-000gav
Ben Turner,22,2012,Missouri,Big 12,60,256,218,37,62,12,0,1,28,2,1,25,29,0.284,0.373,0.353,0.726,77,,7,4,2,1,,player.fcgi?id=turner000ben
Elliott Blair,23,2011,Oklahoma,Big 12,32,38,33,11,11,0,1,1,9,1,2,3,9,0.333,0.405,0.485,0.89,16,,1,1,0,,,player.fcgi?id=blair-000maj
Tyler Brady?,--,2011,Oklahoma,Big 12,3,0,0,2,0,0,0,0,0,0,0,0,0,,,,,0,,0,0,0,,,player.fcgi?id=brady-000tyl
Garrett Buechele,21,2011,Oklahoma,Big 12,60,279,243,33,77,9,1,8,63,0,0,14,33,0.317,0.383,0.461,0.844,112,,15,2,5,,,player.fcgi?id=bueche002ste
Caleb Bushyhead*,21,2011,Oklahoma,Big 12,46,194,160,28,46,9,3,0,18,3,3,21,31,0.288,0.378,0.381,0.759,61,,4,6,3,,,player.fcgi?id=bushyh000joh
Drew Dahlberg?,--,2011,Oklahoma,Big 12,23,56,39,9,9,0,0,0,5,4,1,8,15,0.231,0.455,0.231,0.685,9,,8,1,0,,,player.fcgi?id=dahlbe000dre
Ricky Eisenberg?,--,2011,Oklahoma,Big 12,51,141,123,18,43,10,2,1,16,2,5,13,36,0.35,0.416,0.488,0.904,60,,1,4,0,,,player.fcgi?id=eisenb000ric
Cale Ellis?,--,2011,Oklahoma,Big 12,50,135,108,30,33,3,0,0,8,5,2,8,32,0.306,0.423,0.333,0.756,36,,14,5,0,,,player.fcgi?id=ellis-001cal
Chris Ellison*,22,2011,Oklahoma,Big 12,51,136,111,32,35,4,3,2,17,16,5,15,33,0.315,0.4,0.46,0.86,51,,2,6,2,,,player.fcgi?id=elliso000chr
Andrew Harrison,20,2011,Oklahoma,Big 12,19,31,25,8,5,0,0,1,1,1,0,1,12,0.2,0.286,0.32,0.606,8,,2,3,0,,,player.fcgi?id=harris004and
Casey Johnson*,22,2011,Oklahoma,Big 12,41,134,114,22,39,8,4,3,30,1,3,18,29,0.342,0.436,0.561,0.998,64,,1,1,0,,,player.fcgi?id=johnso002cas
Jack Mayfield,20,2011,Oklahoma,Big 12,31,70,58,8,15,2,1,1,10,1,2,4,5,0.259,0.323,0.379,0.702,22,,2,5,1,,,player.fcgi?id=mayfie000dav
Evan Mistich?,--,2011,Oklahoma,Big 12,50,196,155,35,49,6,2,2,16,3,2,22,21,0.316,0.429,0.419,0.849,65,,11,5,3,,,player.fcgi?id=mistic000eva
Tyler Ogle,20,2011,Oklahoma,Big 12,60,249,201,53,69,15,0,9,45,10,4,34,34,0.343,0.464,0.552,1.016,111,,12,1,1,,,player.fcgi?id=ogle--000tyl
Cody Reine*,22,2011,Oklahoma,Big 12,47,153,133,19,34,6,2,4,27,3,2,10,32,0.256,0.333,0.421,0.754,56,,6,3,1,,,player.fcgi?id=reine-000cod
Erik Ross?,--,2011,Oklahoma,Big 12,48,157,130,32,41,1,1,0,21,19,8,14,17,0.315,0.381,0.339,0.72,44,,1,10,2,,,player.fcgi?id=ross--000eri
Cameron Seitzer*,21,2011,Oklahoma,Big 12,60,257,212,37,76,17,2,4,41,1,1,31,30,0.359,0.456,0.514,0.97,109,,7,7,0,,,player.fcgi?id=seitze000cam
Cayle Shambaugh?,--,2011,Oklahoma,Big 12,12,2,1,0,0,0,0,0,0,0,0,0,1,0,0.5,0,0.5,0,,1,0,0,,,player.fcgi?id=shamba000cay
Jake Smith?,--,2011,Oklahoma,Big 12,2,4,4,1,1,0,0,1,3,0,0,0,2,0.25,0.25,1,1.25,4,,0,0,0,,,player.fcgi?id=smith-005jak
Tanner Toal?,--,2011,Oklahoma,Big 12,22,29,22,7,7,1,0,1,6,1,0,4,7,0.318,0.448,0.5,0.948,11,,2,0,1,,,player.fcgi?id=toal--000tan
Max White,20,2011,Oklahoma,Big 12,46,168,147,30,42,11,0,3,20,6,3,7,28,0.286,0.346,0.422,0.768,62,,7,6,1,,,player.fcgi?id=white-003max
Brian Brightwell?,--,2012,Oklahoma,Big 12,18,42,37,5,10,1,0,0,4,1,0,3,9,0.27,0.317,0.297,0.614,11,,0,1,1,0,,player.fcgi?id=bright002bri
Caleb Bushyhead*,22,2012,Oklahoma,Big 12,66,277,250,33,65,7,1,1,17,9,6,18,30,0.26,0.319,0.308,0.627,77,,4,4,1,0,,player.fcgi?id=bushyh000joh
Garrett Carey,22,2012,Oklahoma,Big 12,64,243,207,21,43,8,0,2,24,2,0,14,37,0.208,0.283,0.275,0.559,57,,9,10,3,1,,player.fcgi?id=carey-000gar
Dusty Dishman?,--,2012,Oklahoma,Big 12,11,18,14,1,1,0,0,0,0,0,1,2,2,0.071,0.188,0.071,0.259,1,,0,2,0,0,,player.fcgi?id=dishma000dus
Andrew Harrison,21,2012,Oklahoma,Big 12,10,4,3,0,1,0,0,0,1,0,1,1,1,0.333,0.5,0.333,0.833,1,,0,0,0,0,,player.fcgi?id=harris004and
Hunter Lockwood,19,2012,Oklahoma,Big 12,54,206,184,29,46,7,2,11,40,6,4,13,66,0.25,0.299,0.489,0.788,90,,2,2,5,0,,player.fcgi?id=lockwo000hun
Jack Mayfield,21,2012,Oklahoma,Big 12,66,282,237,43,66,15,3,3,34,10,8,21,26,0.279,0.358,0.405,0.763,96,,10,11,3,1,,player.fcgi?id=mayfie000dav
Evan Mistich?,--,2012,Oklahoma,Big 12,60,227,187,30,50,9,1,3,34,4,2,31,33,0.267,0.386,0.374,0.76,70,,5,4,0,2,,player.fcgi?id=mistic000eva
Dylan Neal?,--,2012,Oklahoma,Big 12,30,77,59,6,9,1,0,0,7,0,0,5,16,0.153,0.296,0.17,0.465,10,,7,6,0,0,,player.fcgi?id=neal--000dyl
Matt Oberste,20,2012,Oklahoma,Big 12,42,152,125,28,39,10,0,6,22,6,1,13,26,0.312,0.413,0.536,0.949,67,,10,2,2,0,,player.fcgi?id=oberst000mat
Dylan Raper?,--,2012,Oklahoma,Big 12,21,9,7,6,1,0,0,0,0,4,1,1,2,0.143,0.25,0.143,0.393,1,,0,1,0,0,,player.fcgi?id=raper-000dyl
Cody Reine*,23,2012,Oklahoma,Big 12,66,268,212,45,56,10,6,6,33,5,2,29,51,0.264,0.394,0.453,0.847,96,,19,4,4,3,,player.fcgi?id=reine-000cod
Drake Roberts#,20,2012,Oklahoma,Big 12,11,6,5,2,1,0,1,0,0,0,1,0,3,0.2,0.333,0.6,0.933,3,,1,0,0,0,,player.fcgi?id=robert000dra
Erik Ross?,--,2012,Oklahoma,Big 12,60,268,229,33,61,10,2,0,19,20,7,20,38,0.266,0.328,0.328,0.656,75,,3,12,4,0,,player.fcgi?id=ross--000eri
Chase Simpson#,20,2012,Oklahoma,Big 12,32,62,52,7,13,2,2,0,4,0,0,8,9,0.25,0.344,0.365,0.71,19,,0,1,1,0,,player.fcgi?id=simpso004cha
Jake Smith?,--,2012,Oklahoma,Big 12,4,7,7,0,2,2,0,0,2,0,0,0,1,0.286,0.286,0.571,0.857,4,,0,0,0,0,,player.fcgi?id=smith-005jak
Ty Taylor?,--,2012,Oklahoma,Big 12,19,13,7,4,1,0,0,0,2,1,0,5,2,0.143,0.539,0.143,0.681,1,,1,0,0,0,,player.fcgi?id=taylor000ty-
Tanner Toal?,--,2012,Oklahoma,Big 12,46,115,92,8,18,1,0,1,8,2,0,11,41,0.196,0.327,0.239,0.566,22,,7,5,0,0,,player.fcgi?id=toal--000tan
Max White,21,2012,Oklahoma,Big 12,67,292,251,39,85,17,2,2,55,8,7,26,35,0.339,0.408,0.446,0.854,112,,6,5,4,1,,player.fcgi?id=white-003max
Dillon Yeaman?,--,2012,Oklahoma,Big 12,7,14,13,2,3,0,0,1,3,0,0,0,5,0.231,0.231,0.462,0.692,6,,0,1,0,0,,player.fcgi?id=yeaman000dil
Craig Aikin*,19,2013,Oklahoma,Big 12,64,310,252,42,72,5,3,0,23,16,6,32,32,0.286,0.375,0.329,0.704,83,,5,19,2,0,,player.fcgi?id=aikin-000cra
Taylor Alspaugh?,--,2013,Oklahoma,Big 12,21,42,37,6,7,1,0,0,1,0,0,5,5,0.189,0.286,0.216,0.502,8,,0,0,0,0,,player.fcgi?id=alspau000tay
Colt Bickerstaff?,--,2013,Oklahoma,Big 12,29,96,84,8,20,6,0,2,13,1,0,12,15,0.238,0.333,0.381,0.714,32,,0,0,0,0,,player.fcgi?id=bicker000col
Justin Burba*,--,2013,Oklahoma,Big 12,28,25,14,7,3,1,0,0,3,4,2,6,7,0.214,0.478,0.286,0.764,4,,2,2,1,1,,player.fcgi?id=burba-000jus
Garrett Carey,23,2013,Oklahoma,Big 12,63,245,209,32,57,11,2,3,23,0,1,9,27,0.273,0.342,0.388,0.729,81,,15,8,4,0,,player.fcgi?id=carey-000gar
Kolbey Carpenter,19,2013,Oklahoma,Big 12,54,216,197,18,52,10,2,2,24,1,2,9,40,0.264,0.295,0.366,0.661,72,,1,6,3,0,,player.fcgi?id=carpen000kol
Dusty Dishman?,--,2013,Oklahoma,Big 12,7,4,3,1,1,0,0,0,0,0,0,0,0,0.333,0.5,0.333,0.833,1,,1,0,0,0,,player.fcgi?id=dishma000dus
Hunter Haley*,--,2013,Oklahoma,Big 12,48,174,144,22,38,4,4,2,20,8,3,13,36,0.264,0.351,0.389,0.74,56,,8,6,3,0,,player.fcgi?id=haley-000hun
Kyle Hayes?,--,2013,Oklahoma,Big 12,18,1,1,0,0,0,0,0,0,0,0,0,0,0,0,0,0,0,,0,0,0,0,,player.fcgi?id=hayes-000kyl
Anthony Hermelyn,19,2013,Oklahoma,Big 12,59,214,178,18,49,6,0,0,26,2,0,23,29,0.275,0.356,0.309,0.665,55,,2,6,5,0,,player.fcgi?id=hermel000ant
Mac James,20,2013,Oklahoma,Big 12,9,13,9,1,2,0,0,0,2,0,0,1,2,0.222,0.364,0.222,0.586,2,,1,2,0,0,,player.fcgi?id=james-000mac
Hector Lorenzana,21,2013,Oklahoma,Big 12,64,274,237,33,65,12,1,2,42,2,4,22,27,0.274,0.345,0.359,0.703,85,,5,7,3,1,,player.fcgi?id=lorenz000hec
Jack Mayfield,22,2013,Oklahoma,Big 12,64,306,268,55,68,14,1,7,35,7,5,12,30,0.254,0.319,0.392,0.711,105,,15,8,3,1,,player.fcgi?id=mayfie000dav
Dylan Neal?,--,2013,Oklahoma,Big 12,26,53,38,2,6,2,0,0,8,0,2,5,6,0.158,0.327,0.211,0.537,8,,5,4,1,1,,player.fcgi?id=neal--000dyl
Matt Oberste,21,2013,Oklahoma,Big 12,64,291,241,53,90,19,4,11,60,13,5,26,33,0.373,0.458,0.622,1.081,150,,16,3,5,8,,player.fcgi?id=oberst000mat
Jake Smith?,--,2013,Oklahoma,Big 12,2,2,2,0,1,1,0,0,2,0,0,0,0,0.5,0.5,1,1.5,2,,0,0,0,0,,player.fcgi?id=smith-005jak
Max White,22,2013,Oklahoma,Big 12,64,293,255,53,79,12,2,3,33,9,1,18,36,0.31,0.373,0.408,0.781,104,,10,6,4,0,,player.fcgi?id=white-003max
Dillon Yeaman?,--,2013,Oklahoma,Big 12,1,1,1,0,1,0,0,0,0,0,0,0,0,1,1,1,2,1,,0,0,0,0,,player.fcgi?id=yeaman000dil
Craig Aikin*,20,2014,Oklahoma,Big 12,58,277,239,47,78,7,4,0,25,5,3,32,30,0.326,0.411,0.389,0.8,93,,3,2,1,0,,player.fcgi?id=aikin-000cra
Josh Ake,21,2014,Oklahoma,Big 12,33,74,64,10,12,3,0,0,2,2,1,9,17,0.188,0.288,0.234,0.522,15,,0,1,0,0,,player.fcgi?id=ake---000jos
Taylor Alspaugh?,--,2014,Oklahoma,Big 12,51,200,165,25,40,8,1,2,23,5,2,22,23,0.242,0.335,0.339,0.674,56,,4,3,6,0,,player.fcgi?id=alspau000tay
Keach Ballard*,21,2014,Oklahoma,Big 12,35,94,79,15,19,5,0,0,9,2,1,10,7,0.241,0.355,0.304,0.659,24,,4,1,0,0,,player.fcgi?id=ballar000kea
Colt Bickerstaff?,--,2014,Oklahoma,Big 12,20,27,19,3,5,1,0,0,3,0,0,7,2,0.263,0.444,0.316,0.76,6,,0,0,1,0,,player.fcgi?id=bicker000col
Niko Buentello*,19,2014,Oklahoma,Big 12,44,143,123,17,34,9,0,2,18,0,0,18,25,0.276,0.378,0.398,0.776,49,,2,0,0,1,,player.fcgi?id=buente000nik
Kolbey Carpenter,20,2014,Oklahoma,Big 12,34,118,100,21,30,4,1,3,13,5,1,12,20,0.3,0.368,0.45,0.818,45,,1,1,4,0,,player.fcgi?id=carpen000kol
Tyler Coolbaugh#,20,2014,Oklahoma,Big 12,16,6,5,2,0,0,0,0,0,0,0,1,1,0,0.167,0,0.167,0,,0,0,0,0,,player.fcgi?id=coolba000tyl
Hunter Haley*,--,2014,Oklahoma,Big 12,55,244,218,43,64,9,6,6,34,12,2,14,43,0.294,0.357,0.473,0.829,103,,9,0,3,1,,player.fcgi?id=haley-000hun
Anthony Hermelyn,20,2014,Oklahoma,Big 12,54,237,211,24,61,7,1,2,28,1,1,15,29,0.289,0.339,0.36,0.699,76,,3,4,4,0,,player.fcgi?id=hermel000ant
Mac James,21,2014,Oklahoma,Big 12,57,253,218,32,72,15,1,5,41,4,4,21,13,0.33,0.398,0.477,0.876,104,,7,2,5,2,,player.fcgi?id=james-000mac
Hector Lorenzana,22,2014,Oklahoma,Big 12,57,227,202,29,55,6,0,1,26,1,2,7,21,0.272,0.323,0.317,0.64,64,,9,7,2,0,,player.fcgi?id=lorenz000hec
Dylan Neal?,--,2014,Oklahoma,Big 12,20,31,23,2,6,0,0,0,2,0,0,2,5,0.261,0.37,0.261,0.631,6,,2,4,0,0,,player.fcgi?id=neal--000dyl
Sheldon Neuse,19,2014,Oklahoma,Big 12,58,271,240,43,73,17,7,7,47,7,2,27,31,0.304,0.369,0.521,0.89,125,,0,0,4,1,,player.fcgi?id=neuse-000she
Stoney O'Brien,20,2014,Oklahoma,Big 12,40,121,106,14,30,6,1,2,20,3,0,13,13,0.283,0.364,0.415,0.779,44,,1,0,1,0,,player.fcgi?id=obrien000aus
Cody Thomas*,19,2014,Oklahoma,Big 12,14,13,12,1,1,0,0,0,1,0,1,1,2,0.083,0.154,0.083,0.237,1,,0,0,0,0,,player.fcgi?id=thomas000cod
Craig Aikin*,21,2015,Oklahoma,Big 12,61,284,253,47,86,15,3,1,32,5,8,21,37,0.34,0.387,0.435,0.822,110,,1,5,4,1,,player.fcgi?id=aikin-000cra
Josh Ake,22,2015,Oklahoma,Big 12,50,144,117,23,25,8,0,1,7,1,1,18,22,0.214,0.329,0.308,0.636,36,,2,7,0,0,,player.fcgi?id=ake---000jos
Taylor Alspaugh?,--,2015,Oklahoma,Big 12,59,268,211,38,65,7,1,2,32,4,3,36,25,0.308,0.406,0.379,0.786,80,,1,17,3,0,,player.fcgi?id=alspau000tay
Kolbey Carpenter,21,2015,Oklahoma,Big 12,61,268,242,49,87,10,4,8,37,5,6,23,36,0.36,0.416,0.533,0.949,129,,1,1,1,1,,player.fcgi?id=carpen000kol
Tyler Coolbaugh#,21,2015,Oklahoma,Big 12,23,20,16,3,1,0,0,0,1,0,0,3,5,0.063,0.211,0.063,0.273,1,,0,1,0,0,,player.fcgi?id=coolba000tyl
Jacob Evans*,21,2015,Oklahoma,Big 12,38,23,20,2,6,1,0,1,4,0,0,2,7,0.3,0.348,0.5,0.848,10,,0,0,1,0,,player.fcgi?id=evans-002jac
Cameron Frazier?,--,2015,Oklahoma,Big 12,24,11,9,4,2,1,0,0,0,1,1,2,3,0.222,0.364,0.333,0.697,3,,0,0,0,0,,player.fcgi?id=frazie000cam
Hunter Haley*,--,2015,Oklahoma,Big 12,50,186,165,19,38,11,0,4,21,7,2,15,36,0.23,0.301,0.37,0.671,61,,3,0,3,0,,player.fcgi?id=haley-000hun
Anthony Hermelyn,21,2015,Oklahoma,Big 12,61,266,243,27,78,12,1,6,49,3,2,15,21,0.321,0.36,0.453,0.813,110,,2,2,4,0,,player.fcgi?id=hermel000ant
Kyle Mendenhall,--,2015,Oklahoma,Big 12,44,101,87,12,20,3,0,0,2,4,2,8,17,0.23,0.306,0.264,0.571,23,,2,3,1,0,,player.fcgi?id=menden000kyl
Sheldon Neuse,20,2015,Oklahoma,Big 12,61,261,229,26,63,10,3,6,43,10,6,24,46,0.275,0.342,0.424,0.766,97,,2,1,5,5,,player.fcgi?id=neuse-000she
Stoney O'Brien,21,2015,Oklahoma,Big 12,45,158,142,16,30,5,1,3,11,1,3,12,33,0.211,0.28,0.324,0.604,46,,2,1,1,0,,player.fcgi?id=obrien000aus
Chris Shaw,21,2015,Oklahoma,Big 12,49,188,170,25,42,9,0,6,15,1,1,7,36,0.247,0.316,0.406,0.721,69,,10,1,0,0,,player.fcgi?id=shaw--001chr
Rob Tasin,23,2015,Oklahoma,Big 12,44,112,100,6,26,2,0,0,19,3,0,10,9,0.26,0.339,0.28,0.619,28,,2,0,0,1,,player.fcgi?id=tasin-000rob
Quin Walbergh,--,2015,Oklahoma,Big 12,20,41,30,14,6,0,0,0,3,4,1,7,2,0.2,0.375,0.2,0.575,6,,2,1,1,0,,player.fcgi?id=walber000qui
Alex Wise?,--,2015,Oklahoma,Big 12,21,58,54,12,14,2,1,1,10,1,1,2,7,0.259,0.31,0.389,0.699,21,,2,0,0,0,,player.fcgi?id=wise--000ale
Chris Andritsos,19,2016,Oklahoma,Big 12,32,54,48,5,12,0,1,0,6,1,0,5,11,0.25,0.315,0.292,0.607,14,,0,0,1,0,,player.fcgi?id=andrit000chr
Blake Brewster,19,2016,Oklahoma,Big 12,24,43,32,3,8,1,0,1,6,0,2,7,12,0.25,0.395,0.375,0.77,12,,2,0,2,0,,player.fcgi?id=brewst000bla
Dom DeRenzo,19,2016,Oklahoma,Big 12,44,116,103,16,25,6,3,8,24,4,1,10,30,0.243,0.313,0.592,0.905,61,,1,1,1,0,,player.fcgi?id=derenz000dom
Jack Flansburg,21,2016,Oklahoma,Big 12,48,210,169,32,47,4,1,4,29,3,4,33,28,0.278,0.401,0.385,0.786,65,,3,3,2,0,,player.fcgi?id=flansb000jac
Cameron Frazier?,--,2016,Oklahoma,Big 12,8,1,1,1,0,0,0,0,0,0,0,0,1,0,0,0,0,0,,0,0,0,0,,player.fcgi?id=frazie000cam
Hunter Haley*,--,2016,Oklahoma,Big 12,33,122,105,14,23,4,0,4,24,3,4,12,32,0.219,0.312,0.371,0.683,39,,3,0,2,0,,player.fcgi?id=haley-000hun
Cade Harris*,19,2016,Oklahoma,Big 12,48,178,141,21,35,7,0,1,11,4,3,30,38,0.248,0.387,0.319,0.706,45,,2,5,0,1,,player.fcgi?id=harris000cad
Ben Hollas,--,2016,Oklahoma,Big 12,44,148,109,18,25,5,1,0,9,3,1,28,21,0.229,0.384,0.294,0.678,32,,0,10,1,0,,player.fcgi?id=hollas000ben
Thomas Hughes,--,2016,Oklahoma,Big 12,29,34,22,4,3,1,0,0,4,0,0,6,4,0.136,0.375,0.182,0.557,4,,3,2,1,0,,player.fcgi?id=hughes007tho
Ryan Madden#,19,2016,Oklahoma,Big 12,12,1,1,0,0,0,0,0,0,0,0,0,1,0,0,0,0,0,,0,0,0,0,,player.fcgi?id=madden000rya
Renae Martinez,22,2016,Oklahoma,Big 12,34,83,65,20,16,5,0,2,11,0,0,12,12,0.246,0.38,0.415,0.795,27,,2,4,0,0,,player.fcgi?id=martin004ren
Kyle Mendenhall,--,2016,Oklahoma,Big 12,45,144,120,23,22,3,0,1,15,5,2,13,29,0.183,0.283,0.233,0.516,28,,4,6,1,0,,player.fcgi?id=menden000kyl
Sheldon Neuse,21,2016,Oklahoma,Big 12,55,241,198,42,73,15,5,10,48,12,2,39,43,0.369,0.465,0.647,1.111,128,,0,0,4,1,,player.fcgi?id=neuse-000she
Stoney O'Brien,22,2016,Oklahoma,Big 12,49,187,165,32,44,9,1,5,28,4,0,20,34,0.267,0.342,0.424,0.766,70,,0,0,2,0,,player.fcgi?id=obrien000aus
Hunter Southerland,--,2016,Oklahoma,Big 12,20,52,41,6,8,1,0,1,5,1,0,4,13,0.195,0.333,0.293,0.626,12,,5,1,1,0,,player.fcgi?id=southe001hun
Cody Thomas*,21,2016,Oklahoma,Big 12,40,131,117,26,35,8,2,6,27,2,0,9,31,0.299,0.354,0.556,0.909,65,,2,1,2,0,,player.fcgi?id=thomas000cod
Chandler Wagoner,20,2016,Oklahoma,Big 12,12,13,10,2,2,0,0,0,0,0,0,2,1,0.2,0.385,0.2,0.585,2,,1,0,0,0,,player.fcgi?id=wagone003cha
Quin Walbergh,--,2016,Oklahoma,Big 12,10,27,22,3,5,2,0,0,4,0,0,2,4,0.227,0.333,0.318,0.652,7,,2,0,1,0,,player.fcgi?id=walber000qui
Steele Walker*,19,2016,Oklahoma,Big 12,57,234,210,35,61,17,0,3,32,5,0,19,27,0.291,0.352,0.414,0.766,87,,2,1,2,0,,player.fcgi?id=walker005ste
Alex Wise?,--,2016,Oklahoma,Big 12,58,257,227,39,69,16,4,1,28,9,5,18,30,0.304,0.364,0.423,0.787,96,,5,4,3,0,,player.fcgi?id=wise--000ale
Reggie Wright?,--,2016,Oklahoma,Big 12,4,5,5,0,0,0,0,0,0,0,0,0,2,0,0,0,0,0,,0,0,0,0,,player.fcgi?id=wright000reg
Jeremiah Adams,19,2017,Oklahoma,Big 12,15,18,17,6,5,1,0,2,7,0,0,1,2,0.294,0.333,0.706,1.039,12,,0,0,0,0,,player.fcgi?id=adams-004jer
Lorin Archibald*,17,2017,Oklahoma,Big 12,13,19,14,4,2,0,0,0,3,0,0,3,2,0.143,0.333,0.143,0.476,2,,1,1,0,0,,player.fcgi?id=archib000lor
Blake Brewster,20,2017,Oklahoma,Big 12,39,83,70,10,17,5,0,4,16,1,2,9,24,0.243,0.354,0.486,0.839,34,,3,1,0,0,,player.fcgi?id=brewst000bla
Dom DeRenzo,20,2017,Oklahoma,Big 12,33,94,82,13,15,3,2,3,11,1,1,11,35,0.183,0.277,0.378,0.655,31,,0,0,1,0,,player.fcgi?id=derenz000dom
Jack Flansburg,22,2017,Oklahoma,Big 12,58,239,186,32,46,5,1,1,21,1,3,41,37,0.247,0.384,0.301,0.685,56,,2,7,3,0,,player.fcgi?id=flansb000jac
Keone Givens,20,2017,Oklahoma,Big 12,9,5,5,2,1,1,0,0,0,1,0,0,2,0.2,0.2,0.4,0.6,2,,0,0,0,0,,player.fcgi?id=givens000keo
Cade Harris*,20,2017,Oklahoma,Big 12,38,123,86,19,23,3,1,2,13,3,0,31,23,0.267,0.454,0.395,0.849,34,,0,4,2,0,,player.fcgi?id=harris000cad
Ben Hollas,--,2017,Oklahoma,Big 12,54,204,159,32,46,11,0,3,20,1,5,32,30,0.289,0.433,0.415,0.848,66,,9,3,1,0,,player.fcgi?id=hollas000ben
Thomas Hughes,--,2017,Oklahoma,Big 12,31,18,12,2,2,1,0,0,5,0,0,3,1,0.167,0.389,0.25,0.639,3,,2,0,1,0,,player.fcgi?id=hughes007tho
Brady Lindsly*,19,2017,Oklahoma,Big 12,26,72,59,9,16,2,0,1,6,0,1,10,16,0.271,0.394,0.356,0.75,21,,2,1,0,0,,player.fcgi?id=lindsl000bra
Renae Martinez,23,2017,Oklahoma,Big 12,55,221,192,38,62,15,0,7,37,3,2,21,23,0.323,0.399,0.51,0.91,98,,4,3,1,0,,player.fcgi?id=martin004ren
Kyle Mendenhall,--,2017,Oklahoma,Big 12,51,215,181,29,42,5,1,5,27,2,4,19,46,0.232,0.324,0.354,0.677,64,,7,5,3,0,,player.fcgi?id=menden000kyl
Kyler Murray,19,2017,Oklahoma,Big 12,27,64,49,16,6,0,0,0,6,12,1,13,20,0.122,0.318,0.122,0.44,6,,1,1,0,0,,player.fcgi?id=murray001kyl
Stoney O'Brien,23,2017,Oklahoma,Big 12,47,195,176,33,51,9,4,8,39,4,1,12,48,0.29,0.349,0.523,0.871,92,,5,0,2,1,,player.fcgi?id=obrien000aus
Chandler Wagoner,21,2017,Oklahoma,Big 12,3,3,3,0,0,0,0,0,0,0,0,0,1,0,0,0,0,0,,0,0,0,0,,player.fcgi?id=wagone003cha
Quin Walbergh,--,2017,Oklahoma,Big 12,26,60,50,7,13,3,2,2,9,1,0,4,15,0.26,0.362,0.52,0.882,26,,4,2,0,0,,player.fcgi?id=walber000qui
Steele Walker*,20,2017,Oklahoma,Big 12,59,255,222,49,74,16,3,8,51,2,3,25,39,0.333,0.413,0.541,0.954,120,,6,1,1,4,,player.fcgi?id=walker005ste
Brylie Ware,20,2017,Oklahoma,Big 12,57,223,191,34,57,10,0,5,31,3,4,14,19,0.298,0.383,0.429,0.812,82,,14,1,3,0,,player.fcgi?id=ware--000bry
Brandon Zaragoza,19,2017,Oklahoma,Big 12,58,211,183,27,46,2,1,0,20,2,3,21,28,0.251,0.332,0.273,0.605,50,,2,3,2,0,,player.fcgi?id=zarago000bra
Blake Brewster,21,2018,Oklahoma,Big 12,36,77,54,12,10,3,0,2,11,1,1,16,24,0.185,0.378,0.352,0.73,19,,2,3,2,0,,player.fcgi?id=brewst000bla
Cade Cavalli,19,2018,Oklahoma,Big 12,62,235,193,31,39,7,0,6,28,0,0,33,94,0.202,0.333,0.332,0.665,64,,6,1,2,0,,player.fcgi?id=cavall000cad
Justin Cooke#,--,2018,Oklahoma,Big 12,5,9,8,1,1,0,0,0,0,0,0,0,6,0.125,0.222,0.125,0.347,1,,1,0,0,0,,player.fcgi?id=cooke-000jus
Dom DeRenzo,21,2018,Oklahoma,Big 12,39,69,53,14,9,2,0,2,10,1,1,14,28,0.17,0.333,0.321,0.654,17,,0,0,2,0,,player.fcgi?id=derenz000dom
Tyler Hardman,19,2018,Oklahoma,Big 12,48,163,145,21,30,8,0,3,16,0,1,13,47,0.207,0.273,0.324,0.597,47,,1,2,2,0,,player.fcgi?id=hardma000tyl
Cade Harris*,21,2018,Oklahoma,Big 12,63,311,237,63,65,23,3,5,32,11,4,66,67,0.274,0.44,0.46,0.9,109,,5,2,1,1,,player.fcgi?id=harris000cad
Thomas Hughes,--,2018,Oklahoma,Big 12,24,53,45,5,16,2,0,0,6,3,1,7,9,0.356,0.442,0.4,0.842,18,,0,1,0,0,,player.fcgi?id=hughes007tho
Brady Lindsly*,20,2018,Oklahoma,Big 12,57,202,172,21,45,11,1,1,26,0,0,23,41,0.262,0.345,0.355,0.7,61,,0,5,2,0,,player.fcgi?id=lindsl000bra
Kyle Mendenhall,--,2018,Oklahoma,Big 12,63,281,240,38,74,10,2,4,47,4,1,16,39,0.308,0.352,0.417,0.768,100,,6,8,11,0,,player.fcgi?id=menden000kyl
Justin Mitchell,19,2018,Oklahoma,Big 12,39,110,95,11,22,4,2,0,7,1,1,6,26,0.232,0.291,0.316,0.607,30,,2,7,0,0,,player.fcgi?id=mitche001jus
Kyler Murray,20,2018,Oklahoma,Big 12,51,226,189,46,56,13,3,10,47,10,4,28,56,0.296,0.398,0.556,0.954,105,,6,0,3,0,,player.fcgi?id=murray001kyl
Jacob Walker?,--,2018,Oklahoma,Big 12,9,26,20,0,3,1,0,0,2,0,0,6,3,0.15,0.346,0.2,0.546,4,,0,0,0,0,,player.fcgi?id=walker006jac
Steele Walker*,21,2018,Oklahoma,Big 12,54,254,216,48,76,14,1,13,53,7,3,31,48,0.352,0.441,0.607,1.047,131,,5,0,2,2,,player.fcgi?id=walker005ste
Brylie Ware,21,2018,Oklahoma,Big 12,62,285,239,29,79,20,2,1,41,2,5,19,28,0.331,0.411,0.444,0.854,106,,17,5,5,2,,player.fcgi?id=ware--000bry
Brandon Zaragoza,20,2018,Oklahoma,Big 12,63,297,244,46,68,8,0,0,28,4,3,33,33,0.279,0.362,0.312,0.673,76,,1,15,4,0,,player.fcgi?id=zarago000bra
Blake Brewster,22,2019,Oklahoma,Big 12,30,70,55,7,11,4,0,0,6,1,0,11,19,0.2,0.348,0.273,0.621,15,,2,1,1,0,,player.fcgi?id=brewst000bla
Cade Cavalli,20,2019,Oklahoma,Big 12,31,84,72,16,23,5,2,4,17,0,0,9,24,0.319,0.393,0.611,1.004,44,,1,0,2,0,,player.fcgi?id=cavall000cad
Jaret Godman*,19,2019,Oklahoma,Big 12,21,5,5,0,0,0,0,0,0,0,0,0,1,0,0,0,0,0,,0,0,0,0,,player.fcgi?id=godman000jar
Tyler Hardman,20,2019,Oklahoma,Big 12,56,259,219,39,67,13,1,6,42,0,0,28,64,0.306,0.394,0.457,0.85,100,,7,0,5,2,,player.fcgi?id=hardma000tyl
Brady Harlan*,22,2019,Oklahoma,Big 12,47,167,137,19,35,5,1,1,20,6,2,25,31,0.256,0.377,0.329,0.706,45,,3,0,2,0,,player.fcgi?id=harlan000bra
Landen Kimbro,21,2019,Oklahoma,Big 12,1,1,0,0,0,0,0,0,0,0,0,0,0,,1,,,0,,1,0,0,0,,player.fcgi?id=kimbro000lan
Brady Lindsly*,21,2019,Oklahoma,Big 12,51,214,179,26,52,11,4,5,34,1,0,21,42,0.291,0.364,0.48,0.845,86,,2,8,4,1,,player.fcgi?id=lindsl000bra
Conor McKenna,21,2019,Oklahoma,Big 12,56,246,208,27,53,9,2,3,31,5,2,21,40,0.255,0.335,0.361,0.695,75,,6,7,4,0,,player.fcgi?id=mckenn000con
Justin Mitchell,20,2019,Oklahoma,Big 12,39,145,117,15,32,4,1,0,17,0,0,15,26,0.274,0.367,0.325,0.692,38,,4,6,3,0,,player.fcgi?id=mitche001jus
Diego Muniz,19,2019,Oklahoma,Big 12,41,162,123,20,27,9,0,3,19,1,0,25,31,0.22,0.38,0.366,0.746,45,,8,4,2,0,,player.fcgi?id=muniz-000die
Luke Price,21,2019,Oklahoma,Big 12,7,2,2,1,1,0,0,0,0,0,0,0,1,0.5,0.5,0.5,1,1,,0,0,0,0,,player.fcgi?id=price-000luk
Jaxon Shirley,21,2019,Oklahoma,Big 12,3,3,3,0,0,0,0,0,0,0,0,0,3,0,0,0,0,0,,0,0,0,0,,player.fcgi?id=shirle000jax
Tanner Tredaway,19,2019,Oklahoma,Big 12,48,176,146,23,38,5,1,0,10,7,2,21,22,0.26,0.363,0.308,0.671,45,,3,5,1,0,,player.fcgi?id=treada000tan
Jordan Vujovich*,21,2019,Oklahoma,Big 12,44,181,130,23,32,7,1,1,15,3,3,39,33,0.246,0.444,0.339,0.782,44,,8,3,1,0,,player.fcgi?id=vujovi000jor
Milan Walla,18,2019,Oklahoma,Big 12,22,70,61,10,11,4,0,0,4,1,0,7,28,0.18,0.265,0.246,0.511,15,,0,2,0,1,,player.fcgi?id=walla-000mil
Brylie Ware,22,2019,Oklahoma,Big 12,54,252,211,44,63,12,1,6,35,0,0,30,33,0.299,0.405,0.45,0.855,95,,9,0,2,2,,player.fcgi?id=ware--000bry
Brandon Zaragoza,21,2019,Oklahoma,Big 12,56,258,206,38,53,8,0,0,30,4,1,38,38,0.257,0.372,0.296,0.668,61,,2,8,4,0,,player.fcgi?id=zarago000bra
Connor Beichler#,20,2020,Oklahoma,Big 12,5,16,11,4,4,1,0,0,3,4,0,4,3,0.364,0.563,0.455,1.017,5,,1,0,0,0,,player.fcgi?id=beichl000con
Braxton Bohrofen,20,2020,Oklahoma,Big 12,2,3,1,1,0,0,0,0,0,0,0,0,0,0,0.667,0,0.667,0,,2,0,0,0,,player.fcgi?id=bohrof000bra
Vinny Bologna,21,2020,Oklahoma,Big 12,6,12,11,1,2,1,0,0,2,0,0,1,7,0.182,0.25,0.273,0.523,3,,0,0,0,0,,player.fcgi?id=bologn000vin
Trent Brown,21,2020,Oklahoma,Big 12,8,20,17,3,5,2,0,2,6,2,0,2,7,0.294,0.35,0.765,1.115,13,,0,0,1,0,,player.fcgi?id=brown-009tre
Jaret Godman*,20,2020,Oklahoma,Big 12,9,2,2,0,2,0,0,0,0,0,0,0,0,1,1,1,2,2,,0,0,0,0,,player.fcgi?id=godman000jar
Peyton Graham,19,2020,Oklahoma,Big 12,18,81,67,19,24,8,0,3,10,8,1,12,12,0.358,0.457,0.612,1.069,41,,1,0,1,0,,player.fcgi?id=graham001pey
Tyler Hardman,21,2020,Oklahoma,Big 12,18,81,74,12,20,5,0,3,12,2,1,5,16,0.27,0.333,0.46,0.793,34,,2,0,0,2,,player.fcgi?id=hardma000tyl
Brady Harlan*,23,2020,Oklahoma,Big 12,15,50,37,6,9,3,0,0,2,3,0,10,6,0.243,0.417,0.324,0.741,12,,1,2,0,1,,player.fcgi?id=harlan000bra
Logan Kohler*,20,2020,Oklahoma,Big 12,9,25,23,0,4,0,0,0,2,1,0,1,5,0.174,0.2,0.174,0.374,4,,0,0,1,0,,player.fcgi?id=kohler000log
Carter LaValley*,20,2020,Oklahoma,Big 12,4,6,4,2,2,1,0,0,0,0,0,2,0,0.5,0.667,0.75,1.417,3,,0,0,0,0,,player.fcgi?id=lavall000car
Brady Lindsly*,22,2020,Oklahoma,Big 12,14,67,59,10,16,2,1,3,13,2,0,6,13,0.271,0.358,0.492,0.85,29,,2,0,0,1,,player.fcgi?id=lindsl000bra
Conor McKenna,22,2020,Oklahoma,Big 12,16,52,46,8,9,3,0,0,5,1,0,3,13,0.196,0.26,0.261,0.521,12,,1,2,0,0,,player.fcgi?id=mckenn000con
Justin Mitchell,21,2020,Oklahoma,Big 12,12,51,42,6,13,4,0,2,8,2,1,6,7,0.31,0.392,0.548,0.94,23,,1,0,2,0,,player.fcgi?id=mitche001jus
Diego Muniz,20,2020,Oklahoma,Big 12,10,36,29,5,6,1,0,1,5,0,0,5,6,0.207,0.314,0.345,0.659,10,,0,1,1,0,,player.fcgi?id=muniz-000die
Kendall Pettis,19,2020,Oklahoma,Big 12,11,33,29,4,8,0,1,1,4,1,1,2,6,0.276,0.364,0.448,0.812,13,,2,0,0,0,,player.fcgi?id=pettis000ken
Luke Quick,22,2020,Oklahoma,Big 12,2,1,1,0,0,0,0,0,0,0,0,0,1,0,0,0,0,0,,0,0,0,0,,player.fcgi?id=quick-000luk
Tanner Tredaway,20,2020,Oklahoma,Big 12,18,81,74,16,28,6,4,3,14,5,1,3,13,0.378,0.392,0.689,1.082,51,,0,2,2,1,,player.fcgi?id=treada000tan
Jordan Vujovich*,22,2020,Oklahoma,Big 12,12,36,30,7,5,1,2,0,3,0,1,4,9,0.167,0.278,0.333,0.611,10,,1,0,1,0,,player.fcgi?id=vujovi000jor
Brandon Zaragoza,22,2020,Oklahoma,Big 12,18,68,56,9,14,3,0,0,9,1,0,5,11,0.25,0.313,0.304,0.616,17,,1,4,2,0,,player.fcgi?id=zarago000bra
Connor Beichler#,21,2021,Oklahoma,Big 12,15,26,24,6,5,1,0,0,2,4,1,2,11,0.208,0.269,0.25,0.519,6,,0,0,0,0,,player.fcgi?id=beichl000con
Braxton Bohrofen,21,2021,Oklahoma,Big 12,2,2,2,0,0,0,0,0,0,0,0,0,0,0,0,0,0,0,,0,0,0,0,,player.fcgi?id=bohrof000bra
Jace Bohrofen*,19,2021,Oklahoma,Big 12,35,122,103,14,26,4,3,2,18,1,0,15,33,0.252,0.347,0.408,0.755,42,,1,1,2,1,,player.fcgi?id=bohrof000jac
Trent Brown,22,2021,Oklahoma,Big 12,2,5,4,0,0,0,0,0,0,0,0,0,2,0,0.2,0,0.2,0,,1,0,0,0,,player.fcgi?id=brown-009tre
Jimmy Crooks*,19,2021,Oklahoma,Big 12,54,260,223,53,64,18,0,10,39,3,0,31,48,0.287,0.385,0.502,0.887,112,,5,0,1,0,,player.fcgi?id=crooks000jim
Breydon Daniel#,23,2021,Oklahoma,Big 12,33,116,96,15,22,3,2,4,19,3,0,12,32,0.229,0.336,0.427,0.763,41,,4,3,1,0,,player.fcgi?id=daniel002bre
Peyton Graham,20,2021,Oklahoma,Big 12,53,255,215,47,62,11,1,11,28,7,3,30,58,0.288,0.4,0.502,0.902,108,,10,0,0,1,,player.fcgi?id=graham001pey
Tyler Hardman,22,2021,Oklahoma,Big 12,55,262,224,49,89,19,2,12,49,3,2,34,59,0.397,0.481,0.661,1.142,148,,3,0,1,5,,player.fcgi?id=hardma000tyl
Brady Harlan*,24,2021,Oklahoma,Big 12,16,26,21,1,3,1,0,0,1,0,0,2,9,0.143,0.208,0.191,0.399,4,,0,2,1,0,,player.fcgi?id=harlan000bra
Logan Kohler*,21,2021,Oklahoma,Big 12,18,43,40,5,7,3,1,0,6,1,0,1,13,0.175,0.233,0.3,0.533,12,,2,0,0,0,,player.fcgi?id=kohler000log
Conor McKenna,23,2021,Oklahoma,Big 12,54,239,199,43,62,11,1,12,49,2,0,30,48,0.312,0.402,0.558,0.96,111,,2,5,3,0,,player.fcgi?id=mckenn000con
Justin Mitchell,22,2021,Oklahoma,Big 12,26,97,76,12,19,3,1,0,6,2,0,14,13,0.25,0.375,0.316,0.691,24,,3,1,3,0,,player.fcgi?id=mitche001jus
Diego Muniz,21,2021,Oklahoma,Big 12,35,130,105,22,28,3,0,1,17,1,1,14,21,0.267,0.386,0.324,0.71,34,,7,3,1,0,,player.fcgi?id=muniz-000die
Kendall Pettis,20,2021,Oklahoma,Big 12,34,122,101,26,28,4,0,0,12,7,2,18,31,0.277,0.393,0.317,0.71,32,,2,0,1,0,,player.fcgi?id=pettis000ken
Hudson Polk,20,2021,Oklahoma,Big 12,4,6,6,1,2,0,0,1,3,0,0,0,0,0.333,0.333,0.833,1.167,5,,0,0,0,0,,player.fcgi?id=polk--000hud
Jason Ruffcorn,22,2021,Oklahoma,Big 12,21,1,1,0,0,0,0,0,0,0,0,0,1,0,0,0,0,0,,0,0,0,0,,player.fcgi?id=ruffco000jas
Brett Squires*,21,2021,Oklahoma,Big 12,42,148,131,26,36,13,2,6,28,2,1,16,46,0.275,0.358,0.542,0.9,71,,1,0,0,0,,player.fcgi?id=squire000bre
Tanner Tredaway,21,2021,Oklahoma,Big 12,39,176,149,28,46,8,0,3,28,6,3,21,20,0.309,0.391,0.423,0.814,63,,1,2,3,0,,player.fcgi?id=treada000tan
Brandon Zaragoza,23,2021,Oklahoma,Big 12,55,236,191,29,50,9,0,1,37,4,1,27,32,0.262,0.361,0.325,0.686,62,,6,6,6,0,,player.fcgi?id=zarago000bra
Trent Brown,23,2022,Oklahoma,Big 12,33,67,60,8,12,4,0,2,12,2,1,6,27,0.2,0.284,0.367,0.65,22,0,1,0,0,0,,player.fcgi?id=brown-009tre
Wallace Clark#,20,2022,Oklahoma,Big 12,48,194,152,31,39,6,0,0,27,2,6,32,52,0.257,0.397,0.296,0.693,45,4,4,5,1,0,,player.fcgi?id=clark-000wal
Jimmy Crooks*,20,2022,Oklahoma,Big 12,69,311,249,49,76,21,1,9,51,10,4,43,57,0.305,0.43,0.506,0.936,126,4,13,4,2,5,,player.fcgi?id=crooks000jim
Peyton Graham,21,2022,Oklahoma,Big 12,67,326,278,75,93,17,4,20,71,34,2,28,69,0.335,0.417,0.64,1.058,178,3,15,0,5,2,,player.fcgi?id=graham001pey
Cade Horton,20,2022,Oklahoma,Big 12,54,168,145,28,34,6,2,1,17,8,1,14,35,0.235,0.323,0.324,0.648,47,5,6,1,2,0,,player.fcgi?id=horton000cad
Mason Lowe,23,2022,Oklahoma,Big 12,12,9,8,4,1,0,0,0,0,0,0,1,5,0.125,0.222,0.125,0.347,1,0,0,0,0,0,,player.fcgi?id=lowe--000mas
Chazz Martinez*,22,2022,Oklahoma,Big 12,25,10,9,2,1,0,0,0,0,0,0,1,5,0.111,0.2,0.111,0.311,1,0,0,0,0,0,,player.fcgi?id=martin014cha
Max McGwire,19,2022,Oklahoma,Big 12,23,61,53,8,10,0,0,2,6,0,2,6,21,0.189,0.295,0.302,0.597,16,0,2,0,0,0,,player.fcgi?id=mcgwir000max
Diego Muniz,22,2022,Oklahoma,Big 12,49,148,112,18,29,8,0,0,24,4,0,23,14,0.259,0.41,0.33,0.74,37,4,7,4,2,1,,player.fcgi?id=muniz-000die
Jackson Nicklaus*,19,2022,Oklahoma,Big 12,62,256,212,48,61,11,0,11,36,6,6,34,79,0.288,0.397,0.495,0.892,105,2,5,4,1,0,,player.fcgi?id=nickla000jac
Sebastian Orduno*,21,2022,Oklahoma,Big 12,43,128,96,10,23,4,0,0,13,1,1,20,25,0.24,0.408,0.281,0.689,27,5,8,3,1,0,,player.fcgi?id=orduno000seb
Kendall Pettis,21,2022,Oklahoma,Big 12,55,190,135,45,35,4,0,5,27,22,9,34,53,0.259,0.449,0.4,0.849,54,0,14,5,2,0,,player.fcgi?id=pettis000ken
Hudson Polk,21,2022,Oklahoma,Big 12,12,24,16,5,5,2,1,0,5,1,0,7,8,0.313,0.522,0.563,1.084,9,0,0,1,0,0,,player.fcgi?id=polk--000hud
Blake Robertson*,21,2022,Oklahoma,Big 12,69,333,257,62,77,24,2,5,52,12,2,69,56,0.3,0.453,0.467,0.92,120,5,4,2,1,2,,player.fcgi?id=robert004bla
John Spikerman#,19,2022,Oklahoma,Big 12,35,147,120,30,38,8,1,2,15,12,4,22,38,0.317,0.435,0.45,0.885,54,0,3,2,0,0,,player.fcgi?id=spiker000joh
Brett Squires*,22,2022,Oklahoma,Big 12,46,155,126,34,39,5,0,7,33,7,2,19,53,0.31,0.432,0.516,0.948,65,0,9,0,1,0,,player.fcgi?id=squire000bre
Tanner Tredaway,22,2022,Oklahoma,Big 12,68,318,284,63,105,18,3,9,66,24,4,19,28,0.37,0.414,0.549,0.963,156,5,6,4,5,1,,player.fcgi?id=treada000tan
Easton Carmichael,19,2023,Oklahoma,Big 12,51,216,193,28,59,8,4,6,48,4,2,13,44,0.306,0.346,0.482,0.828,93,5,2,2,6,0,,player.fcgi?id=carmic000eas
Wallace Clark#,21,2023,Oklahoma,Big 12,47,179,139,26,33,8,2,1,18,4,1,31,31,0.237,0.392,0.345,0.737,48,2,5,3,1,0,,player.fcgi?id=clark-000wal
Patrick Engskov,19,2023,Oklahoma,Big 12,11,10,10,3,2,0,0,0,0,1,0,0,3,0.2,0.2,0.2,0.4,2,1,0,0,0,0,,player.fcgi?id=engsko000pat
Kade Fletcher,22,2023,Oklahoma,Big 12,3,2,1,2,0,0,0,0,0,0,0,0,0,0,0.5,0,0.5,0,0,1,0,0,0,,player.fcgi?id=fletch000kad
Rocco Garza-Gongora*,19,2023,Oklahoma,Big 12,51,192,164,29,48,6,1,3,27,4,2,15,44,0.293,0.372,0.396,0.768,65,5,8,1,4,0,,player.fcgi?id=garza-000roc
Dakota Harris,21,2023,Oklahoma,Big 12,46,220,186,27,61,12,1,7,48,5,3,19,37,0.328,0.403,0.516,0.919,96,3,7,4,4,1,,player.fcgi?id=harris000dak
Anthony MacKenzie#,23,2023,Oklahoma,Big 12,60,296,242,53,74,9,1,6,41,21,4,39,53,0.306,0.415,0.426,0.841,103,4,9,2,4,0,,player.fcgi?id=macken000ant
Bryce Madron*,21,2023,Oklahoma,Big 12,60,292,219,58,70,15,3,12,51,15,6,61,36,0.32,0.476,0.58,1.056,127,2,8,0,4,3,,player.fcgi?id=madron000bry
Diego Muniz,23,2023,Oklahoma,Big 12,37,133,111,15,30,6,0,1,17,4,3,15,24,0.27,0.386,0.351,0.738,39,3,6,1,0,0,,player.fcgi?id=muniz-000die
Jackson Nicklaus*,20,2023,Oklahoma,Big 12,59,261,197,42,46,9,3,6,39,9,2,51,78,0.234,0.396,0.401,0.797,79,0,6,1,6,0,,player.fcgi?id=nickla000jac
Sebastian Orduno*,22,2023,Oklahoma,Big 12,38,121,93,19,21,3,0,1,8,3,1,19,20,0.226,0.39,0.29,0.68,27,0,6,3,0,0,,player.fcgi?id=orduno000seb
Kendall Pettis,22,2023,Oklahoma,Big 12,54,234,178,50,55,6,3,1,24,17,6,36,35,0.309,0.435,0.393,0.828,70,2,9,4,7,0,,player.fcgi?id=pettis000ken
Caden Powell,19,2023,Oklahoma,Big 12,16,37,35,2,9,4,0,0,3,0,0,2,14,0.257,0.297,0.371,0.669,13,0,0,0,0,0,,player.fcgi?id=powell000cad
John Spikerman#,20,2023,Oklahoma,Big 12,60,284,222,44,60,14,1,3,33,27,4,49,53,0.27,0.413,0.383,0.796,85,4,7,3,3,0,,player.fcgi?id=spiker000joh
Mason Strong,20,2023,Oklahoma,Big 12,8,8,8,0,0,0,0,0,0,0,0,0,3,0,0,0,0,0,0,0,0,0,0,,player.fcgi?id=strong000mas
Easton Carmichael,20,2024,Oklahoma,Big 12,61,288,254,59,93,19,5,7,64,12,6,20,43,0.366,0.406,0.563,0.969,143,4,4,0,10,0,,player.fcgi?id=carmic000eas
Patrick Engskov,20,2024,Oklahoma,Big 12,8,11,9,1,1,0,0,0,0,0,0,2,1,0.111,0.273,0.111,0.384,1,1,0,0,0,0,,player.fcgi?id=engsko000pat
Carter Frederick,21,2024,Oklahoma,Big 12,13,40,35,10,12,1,0,2,9,0,0,2,7,0.343,0.4,0.543,0.943,19,1,2,0,1,0,,player.fcgi?id=freder002car
Rocco Garza-Gongora*,20,2024,Oklahoma,Big 12,23,68,58,8,13,2,0,0,11,1,1,9,14,0.224,0.338,0.259,0.597,15,2,1,0,0,1,,player.fcgi?id=garza-000roc
Dasan Harris*,19,2024,Oklahoma,Big 12,6,6,6,1,1,0,0,0,1,0,0,0,3,0.167,0.167,0.167,0.333,1,0,0,0,0,0,,player.fcgi?id=harris000das
Isaiah Lane,19,2024,Oklahoma,Big 12,26,71,53,14,17,2,1,0,6,3,1,14,4,0.321,0.464,0.396,0.86,21,1,1,2,1,0,,player.fcgi?id=lane--001isa
Anthony MacKenzie#,24,2024,Oklahoma,Big 12,54,250,203,50,59,10,1,7,44,6,0,35,56,0.291,0.407,0.453,0.86,92,3,6,4,2,1,,player.fcgi?id=macken000ant
Bryce Madron*,22,2024,Oklahoma,Big 12,55,264,211,68,67,19,3,12,53,14,2,41,28,0.318,0.439,0.607,1.046,128,1,8,0,4,0,,player.fcgi?id=madron000bry
Scott Mudler*,21,2024,Oklahoma,Big 12,47,170,147,25,41,6,0,4,31,1,1,18,26,0.279,0.367,0.401,0.768,59,1,3,1,1,0,,player.fcgi?id=mudler000sco
Jackson Nicklaus*,21,2024,Oklahoma,Big 12,57,240,195,47,59,9,3,10,37,6,3,39,53,0.303,0.429,0.533,0.963,104,2,5,0,1,0,,player.fcgi?id=nickla000jac
Kendall Pettis,23,2024,Oklahoma,Big 12,60,242,196,47,54,8,2,4,34,10,3,27,43,0.276,0.398,0.398,0.796,78,3,15,1,3,0,,player.fcgi?id=pettis000ken
Michael Snyder,23,2024,Oklahoma,Big 12,61,283,229,57,81,26,3,11,59,16,1,36,43,0.354,0.465,0.638,1.102,146,3,14,1,3,1,,player.fcgi?id=snyder003mic
John Spikerman#,21,2024,Oklahoma,Big 12,42,190,166,42,61,12,4,3,32,11,6,19,25,0.368,0.429,0.542,0.971,90,2,1,1,3,0,,player.fcgi?id=spiker000joh
Jason Walk#,19,2024,Oklahoma,Big 12,42,151,128,26,36,4,2,3,19,13,2,18,37,0.281,0.376,0.414,0.79,53,2,2,2,1,0,,player.fcgi?id=walk--000jas
Jaxon Willits#,19,2024,Oklahoma,Big 12,57,235,190,37,51,11,0,10,39,1,1,31,36,0.268,0.376,0.484,0.86,92,4,4,6,4,0,,player.fcgi?id=willit000jax
Dallas Brooks*,19,2026,Central Florida,Big 12,8,13,13,1,4,1,0,0,3,0,0,0,4,0.308,0.308,0.385,0.692,5,0,0,0,0,0,,player.fcgi?id=brooks001dal
Braden Calise,23,2026,Central Florida,Big 12,22,47,37,10,6,1,0,0,3,4,0,7,8,0.162,0.34,0.189,0.53,7,0,3,0,0,0,,player.fcgi?id=calise000bra
Stephen Chucka*,19,2026,Central Florida,Big 12,20,36,33,7,8,3,0,1,6,0,0,3,8,0.242,0.306,0.424,0.73,14,0,0,0,0,0,,player.fcgi?id=chucka000ste
Javier Crespo,23,2026,Central Florida,Big 12,52,220,186,34,59,9,1,5,26,1,0,20,28,0.317,0.408,0.457,0.865,85,7,10,2,2,0,,player.fcgi?id=crespo000jav
Cayden Gaskin,22,2026,Central Florida,Big 12,38,132,118,21,33,5,0,0,10,1,1,12,37,0.28,0.346,0.322,0.668,38,3,0,2,0,0,,player.fcgi?id=gaskin000cay
James Hankerson#,22,2026,Central Florida,Big 12,21,46,41,4,9,0,0,1,11,0,0,4,16,0.22,0.304,0.293,0.597,12,0,1,0,0,0,,player.fcgi?id=hanker000jam
Sebastian Hurtado,19,2026,Central Florida,Big 12,9,7,6,0,0,0,0,0,0,0,0,1,1,0,0.143,0,0.143,0,0,0,0,0,0,,player.fcgi?id=hurtad000seb
Austin Jacobs,20,2026,Central Florida,Big 12,45,172,143,25,36,3,1,1,22,4,0,18,33,0.252,0.348,0.308,0.655,44,3,3,8,0,0,,player.fcgi?id=jacobs002aus
Jordan Lodise,19,2026,Central Florida,Big 12,55,229,185,38,45,14,0,5,29,4,0,28,41,0.243,0.338,0.4,0.738,74,0,2,7,7,0,,player.fcgi?id=lodise000jor
Zachary Malvasio,20,2026,Central Florida,Big 12,13,6,5,1,1,0,0,0,1,0,0,0,2,0.2,0.333,0.2,0.533,1,1,1,0,0,0,,player.fcgi?id=malvas000zac
Landon Moran*,22,2026,Central Florida,Big 12,55,245,205,47,60,10,0,2,31,3,2,26,26,0.293,0.379,0.371,0.75,76,5,5,5,4,0,,player.fcgi?id=moran-000lan
Luke Mottola*,20,2026,Central Florida,Big 12,4,2,2,0,0,0,0,0,0,0,0,0,0,0,0,0,0,0,0,0,0,0,0,,player.fcgi?id=mottol000luk
Noah Rabin*,25,2026,Central Florida,Big 12,14,30,21,0,3,0,0,0,1,1,0,6,11,0.143,0.379,0.143,0.522,3,0,2,1,0,0,,player.fcgi?id=rabin-000noa
JD Rogers*,23,2026,Central Florida,Big 12,27,79,59,15,15,3,0,5,23,3,0,16,26,0.254,0.416,0.559,0.975,33,1,1,2,1,0,,player.fcgi?id=rogers000jd-
DeAmez Ross*,23,2026,Central Florida,Big 12,55,240,216,36,62,7,2,4,38,16,2,14,39,0.287,0.329,0.394,0.723,85,5,2,3,5,2,,player.fcgi?id=ross--000dea
Zak Skinner,24,2026,Central Florida,Big 12,54,240,207,41,74,8,2,6,41,2,0,24,35,0.358,0.435,0.502,0.938,104,3,6,1,2,0,,player.fcgi?id=skinne000zak
John Smith,22,2026,Central Florida,Big 12,49,227,202,40,65,13,1,12,49,2,2,17,31,0.322,0.383,0.574,0.958,116,2,5,0,3,2,,player.fcgi?id=smith-069joh
Andrew Williamson*,20,2026,Central Florida,Big 12,55,265,214,58,69,13,4,16,48,8,5,41,47,0.322,0.442,0.645,1.086,138,1,7,0,3,6,,player.fcgi?id=willia020and
Mason Wilson,23,2026,Central Florida,Big 12,9,15,13,1,2,0,0,0,0,0,0,1,4,0.154,0.267,0.154,0.421,2,0,1,0,0,0,,player.fcgi?id=wilson000mas
Erick Almonte#,21,2025,Central Florida,Big 12,18,13,10,4,1,1,0,0,1,0,0,3,1,0.1,0.308,0.2,0.508,2,0,0,0,0,0,,player.fcgi?id=almont002eri
Lex Boedicker*,22,2025,Central Florida,Big 12,49,219,181,33,56,10,3,5,40,6,1,27,34,0.309,0.404,0.481,0.884,87,5,5,1,5,1,,player.fcgi?id=boedic000lex
Braden Calise,22,2025,Central Florida,Big 12,50,223,183,34,55,6,0,0,29,7,2,28,23,0.301,0.406,0.333,0.739,61,5,5,6,1,0,,player.fcgi?id=calise000bra
Robbie Demetree,20,2025,Central Florida,Big 12,5,5,5,1,2,1,0,0,4,0,0,0,1,0.4,0.4,0.6,1,3,0,0,0,0,0,,player.fcgi?id=demetr000rob
Edian Espinal#,20,2025,Central Florida,Big 12,51,224,185,41,62,13,0,4,37,11,5,21,30,0.335,0.434,0.47,0.905,87,1,13,3,2,0,,player.fcgi?id=espina000edi
Mateo Gray,19,2025,Central Florida,Big 12,14,29,20,5,3,1,0,1,7,0,0,5,6,0.15,0.333,0.35,0.683,7,2,1,2,1,0,,player.fcgi?id=gray--003mat
Antonio Jimenez,21,2025,Central Florida,Big 12,55,242,207,55,68,14,2,11,51,11,3,25,46,0.329,0.407,0.575,0.982,119,3,5,1,4,1,,player.fcgi?id=jimene008ant
Dylan King*,22,2025,Central Florida,Big 12,43,167,135,34,44,13,2,9,34,1,0,19,21,0.326,0.442,0.652,1.094,88,2,9,4,0,0,,player.fcgi?id=king--003dyl
Chase Krewson*,20,2025,Central Florida,Big 12,45,170,140,27,39,4,0,1,14,3,3,24,28,0.279,0.395,0.329,0.724,46,5,3,3,0,0,,player.fcgi?id=krewso000cha
Kendrey Maduro,21,2025,Central Florida,Big 12,38,129,108,17,28,7,0,1,10,0,0,13,19,0.259,0.336,0.352,0.688,38,1,1,4,3,0,,player.fcgi?id=maduro000ken
Matt Prevesk*,22,2025,Central Florida,Big 12,35,117,112,15,35,3,1,2,14,0,0,3,27,0.313,0.342,0.411,0.753,46,4,2,0,0,0,,player.fcgi?id=preves000mat
Aris Rivera,20,2025,Central Florida,Big 12,20,37,32,5,9,1,0,0,4,0,0,1,11,0.281,0.361,0.313,0.674,10,0,3,1,0,0,,player.fcgi?id=rivera001ari
Alex Rodriguez*,19,2025,Central Florida,Big 12,19,8,8,1,2,1,0,0,1,0,1,0,4,0.25,0.25,0.375,0.625,3,0,0,0,0,0,,player.fcgi?id=rodrig066ale
DeAmez Ross*,22,2025,Central Florida,Big 12,55,273,234,53,84,15,2,2,35,14,4,21,22,0.359,0.429,0.466,0.894,109,0,9,7,2,0,,player.fcgi?id=ross--000dea
Andrew Sundean,22,2025,Central Florida,Big 12,46,171,144,23,49,12,0,7,42,0,0,12,25,0.34,0.421,0.569,0.991,82,3,11,0,4,0,,player.fcgi?id=sundea000and
Andrew Williamson*,19,2025,Central Florida,Big 12,55,261,213,58,75,19,4,13,53,13,0,34,36,0.352,0.448,0.662,1.11,141,2,7,2,5,2,,player.fcgi?id=willia020and
Lex Boedicker*,21,2024,Central Florida,Big 12,58,275,241,44,64,12,2,6,43,10,3,26,53,0.266,0.346,0.407,0.752,98,3,5,0,3,1,,player.fcgi?id=boedic000lex
Andrew Brait,23,2024,Central Florida,Big 12,57,264,204,42,56,5,0,2,23,10,1,37,40,0.275,0.409,0.328,0.738,67,2,11,10,2,0,,player.fcgi?id=brait-000and
Anthony Calabro,21,2024,Central Florida,Big 12,31,51,46,9,10,2,0,2,9,1,0,4,18,0.217,0.294,0.391,0.685,18,1,1,0,0,0,,player.fcgi?id=calabr002ant
Braden Calise,21,2024,Central Florida,Big 12,48,174,154,28,48,7,0,2,19,4,2,15,28,0.312,0.378,0.396,0.774,61,1,2,2,1,0,,player.fcgi?id=calise000bra
Matt Cedarburg,23,2024,Central Florida,Big 12,33,92,82,13,26,3,0,5,12,1,0,9,18,0.317,0.385,0.537,0.921,44,1,0,1,0,0,,player.fcgi?id=cedarb000mat
Andrew Estrella,20,2024,Central Florida,Big 12,38,92,82,17,20,6,0,7,26,0,0,6,32,0.244,0.311,0.573,0.884,47,1,2,2,0,0,,player.fcgi?id=estrel000and
Dylan King*,21,2024,Central Florida,Big 12,23,54,47,7,10,4,0,0,1,0,0,7,15,0.213,0.315,0.298,0.613,14,0,0,0,0,0,,player.fcgi?id=king--003dyl
Mikey Kluska,23,2024,Central Florida,Big 12,57,219,185,29,44,5,3,2,28,5,2,16,53,0.238,0.316,0.33,0.646,61,1,6,10,2,0,,player.fcgi?id=kluska000mik
Danny Neri*,22,2024,Central Florida,Big 12,46,170,132,28,36,4,1,7,26,0,0,25,34,0.273,0.412,0.477,0.889,63,0,7,5,1,2,,player.fcgi?id=neri--000dan
AJ Nessler*,20,2024,Central Florida,Big 12,36,92,76,17,21,5,1,1,12,0,1,11,11,0.276,0.375,0.408,0.783,31,2,1,4,0,0,,player.fcgi?id=nessle000aj-
Matt Prevesk*,21,2024,Central Florida,Big 12,57,267,234,42,80,10,3,5,35,2,4,21,53,0.342,0.409,0.474,0.884,111,2,7,3,2,0,,player.fcgi?id=preves000mat
Corey Robinson,22,2024,Central Florida,Big 12,4,1,1,0,0,0,0,0,0,0,0,0,1,0,0,0,0,0,0,0,0,0,0,,player.fcgi?id=robins000cor
Keano Suarez,23,2024,Central Florida,Big 12,10,6,6,3,1,0,0,0,1,1,0,0,2,0.167,0.167,0.167,0.333,1,0,0,0,0,0,,player.fcgi?id=suarez000kea
Andrew Sundean,21,2024,Central Florida,Big 12,39,145,126,20,35,7,0,6,31,0,0,7,21,0.278,0.359,0.476,0.835,60,2,10,0,2,1,,player.fcgi?id=sundea000and
Andrew Williamson*,18,2024,Central Florida,Big 12,50,176,151,28,39,6,1,5,25,1,0,15,31,0.258,0.333,0.411,0.744,62,4,3,5,2,1,,player.fcgi?id=willia020and
Jack Zyska,24,2024,Central Florida,Big 12,58,264,216,44,69,15,1,12,52,5,3,35,50,0.319,0.421,0.565,0.985,122,5,7,0,6,2,,player.fcgi?id=zyska-000jac
Jordan Bach*,23,2026,Kansas,Big 12,63,312,249,57,72,15,2,8,46,6,0,53,60,0.289,0.423,0.462,0.885,115,3,7,0,3,0,,player.fcgi?id=bach--000jor
Cade Baldridge#,21,2026,Kansas,Big 12,60,293,253,47,81,14,0,7,43,6,1,25,55,0.32,0.408,0.459,0.866,116,3,13,1,1,0,,player.fcgi?id=baldri000cad
Brady Ballinger*,21,2026,Kansas,Big 12,60,283,223,52,63,14,3,7,45,1,1,45,50,0.283,0.401,0.466,0.867,104,1,5,1,9,4,,player.fcgi?id=ballin000bra
Josh Dykhoff*,22,2026,Kansas,Big 12,62,260,225,52,65,11,3,16,56,3,0,30,67,0.289,0.369,0.578,0.947,130,1,1,0,4,0,,player.fcgi?id=dykhof000jos
Savion Flowers*,20,2026,Kansas,Big 12,13,28,25,6,6,0,0,1,5,0,0,3,8,0.24,0.321,0.36,0.681,9,1,0,0,0,0,,player.fcgi?id=flower000sav
Tyson LeBlanc,21,2026,Kansas,Big 12,63,306,255,64,87,12,3,25,69,11,1,38,50,0.341,0.425,0.706,1.131,180,6,3,5,5,3,,player.fcgi?id=leblan000tys
Landen Lozier,21,2026,Kansas,Big 12,6,8,5,0,1,0,0,0,1,0,0,2,3,0.2,0.375,0.2,0.575,1,0,0,0,1,0,,player.fcgi?id=lozier000lan
Augusto Mungarrieta,21,2026,Kansas,Big 12,61,259,219,41,64,13,0,17,50,1,0,21,69,0.292,0.386,0.585,0.971,128,4,15,0,4,0,,player.fcgi?id=mungar000aug
Dariel Osoria,22,2026,Kansas,Big 12,54,255,202,49,47,12,1,9,42,4,0,38,42,0.233,0.365,0.436,0.8,88,3,8,0,7,0,,player.fcgi?id=osoria000dar
Tyson Owens*,20,2026,Kansas,Big 12,57,254,206,47,56,9,2,14,42,6,1,37,57,0.272,0.405,0.539,0.944,111,4,9,2,0,0,,player.fcgi?id=owens-000tys
Dylan Schlotterback,21,2026,Kansas,Big 12,63,259,216,42,58,15,1,3,31,2,0,32,47,0.269,0.374,0.389,0.762,84,3,6,2,3,0,,player.fcgi?id=schlot000dyl
Max Soliz,24,2026,Kansas,Big 12,33,123,105,18,21,4,0,5,20,0,0,16,34,0.2,0.309,0.381,0.69,40,4,1,0,1,0,,player.fcgi?id=soliz-000max
Kaiden Ashton*,21,2025,Kansas,Big 12,12,4,3,3,0,0,0,0,0,0,0,1,0,0,0.25,0,0.25,0,0,0,0,0,0,,player.fcgi?id=ashton000kai
Brady Ballinger*,20,2025,Kansas,Big 12,58,289,224,71,79,21,1,16,56,0,0,56,44,0.353,0.495,0.67,1.164,150,2,8,0,1,3,,player.fcgi?id=ballin000bra
Tommy Barth,22,2025,Kansas,Big 12,58,252,203,43,56,9,4,6,42,5,0,38,46,0.276,0.39,0.448,0.839,91,3,4,1,6,0,,player.fcgi?id=barth-000tom
Brady Blake,20,2025,Kansas,Big 12,3,3,1,1,0,0,0,0,0,0,0,2,0,0,0.667,0,0.667,0,0,0,0,0,0,,player.fcgi?id=blake-000bra
Michael Brooks,23,2025,Kansas,Big 12,60,272,208,47,57,11,1,9,38,2,0,54,42,0.274,0.424,0.466,0.891,97,3,4,1,5,0,,player.fcgi?id=brooks005mic
Derek Cerda,22,2025,Kansas,Big 12,50,245,197,52,55,12,1,10,30,10,1,36,46,0.279,0.41,0.503,0.912,99,2,9,1,2,1,,player.fcgi?id=cerda-000der
Brady Counsell,22,2025,Kansas,Big 12,60,271,220,54,57,11,0,12,57,5,0,35,35,0.259,0.378,0.473,0.851,104,2,9,4,3,1,,player.fcgi?id=counse000bra
Chase Diggins,24,2025,Kansas,Big 12,52,150,122,23,32,2,0,5,23,1,1,20,19,0.262,0.372,0.402,0.773,49,6,3,2,3,0,,player.fcgi?id=diggin000cha
Ian Francis,22,2025,Kansas,Big 12,54,181,150,24,37,6,1,6,30,0,0,22,42,0.247,0.372,0.42,0.792,63,2,8,1,0,0,,player.fcgi?id=franci000ian
Jackson Hauge,24,2025,Kansas,Big 12,59,278,238,46,70,13,0,20,70,0,0,32,56,0.294,0.383,0.601,0.984,143,9,4,1,3,1,,player.fcgi?id=hauge-000jac
Mike Koszewski*,23,2025,Kansas,Big 12,49,41,33,13,12,3,0,0,7,1,0,7,4,0.364,0.475,0.455,0.93,15,0,0,1,0,0,,player.fcgi?id=koszew000mik
Dariel Osoria,21,2025,Kansas,Big 12,52,242,204,44,66,13,2,9,47,0,0,30,46,0.324,0.422,0.539,0.961,110,5,6,0,2,0,,player.fcgi?id=osoria000dar
Sawyer Smith*,22,2025,Kansas,Big 12,60,253,207,38,57,10,1,9,43,0,1,25,60,0.275,0.38,0.464,0.844,96,2,13,3,5,1,,player.fcgi?id=smith-002saw
Max Soliz,23,2025,Kansas,Big 12,13,34,27,7,8,1,0,1,3,0,0,4,12,0.296,0.412,0.444,0.856,12,0,2,0,1,0,,player.fcgi?id=soliz-000max
TJ Williams*,21,2025,Kansas,Big 12,24,6,4,7,0,0,0,0,0,0,0,1,1,0,0.2,0,0.2,0,0,0,1,0,0,,player.fcgi?id=willia002tj-
Ty Wisdom*,20,2025,Kansas,Big 12,22,38,34,8,8,1,1,1,7,0,0,4,9,0.235,0.316,0.412,0.728,14,0,0,0,0,0,,player.fcgi?id=wisdom000ty-
Lenny Ashby*,24,2024,Kansas,Big 12,53,217,180,27,50,10,1,8,36,0,0,30,34,0.278,0.386,0.478,0.864,86,4,3,2,2,0,,player.fcgi?id=ashby-000len
Jake Baker*,23,2024,Kansas,Big 12,2,3,0,2,0,0,0,0,0,0,0,2,0,,1,,,0,0,1,0,0,0,,player.fcgi?id=baker-004jak
Mitchell Birdsall,20,2024,Kansas,Big 12,2,1,1,0,0,0,0,0,0,0,0,0,1,0,0,0,0,0,0,0,0,0,0,,player.fcgi?id=birdsa000mit
Michael Brooks,22,2024,Kansas,Big 12,37,170,139,26,46,13,1,8,38,0,0,23,22,0.331,0.425,0.612,1.037,85,1,2,3,3,0,,player.fcgi?id=brooks005mic
Cooper Combs,22,2024,Kansas,Big 12,19,48,33,4,6,4,0,0,5,0,0,7,5,0.182,0.396,0.303,0.699,10,2,6,0,2,0,,player.fcgi?id=combs-000coo
Collier Cranford,23,2024,Kansas,Big 12,54,243,215,38,59,15,2,5,45,5,3,13,42,0.274,0.328,0.433,0.76,93,3,7,2,6,0,,player.fcgi?id=cranfo000col
Chase Diggins,23,2024,Kansas,Big 12,26,97,86,19,25,6,0,3,16,0,0,5,20,0.291,0.354,0.465,0.819,40,2,4,1,1,0,,player.fcgi?id=diggin000cha
Jake English,22,2024,Kansas,Big 12,54,251,192,55,61,13,0,14,53,0,0,50,47,0.318,0.458,0.604,1.062,116,5,4,0,5,4,,player.fcgi?id=englis000jak
Tyler Gerety,21,2024,Kansas,Big 12,3,0,0,1,0,0,0,0,0,0,0,0,0,,,,,0,0,0,0,0,0,,player.fcgi?id=gerety000tyl
Ben Hartl,21,2024,Kansas,Big 12,45,198,152,38,47,11,0,11,35,1,0,27,42,0.309,0.46,0.599,1.058,91,2,17,0,2,0,,player.fcgi?id=hartl-000ben
Sam Hunt*,22,2024,Kansas,Big 12,11,0,0,1,0,0,0,0,0,0,0,0,0,,,,,0,0,0,0,0,0,,player.fcgi?id=hunt--003sam
Chase Jans,21,2024,Kansas,Big 12,43,80,71,11,15,2,1,1,12,3,1,5,21,0.211,0.288,0.31,0.597,22,1,3,0,1,0,,player.fcgi?id=jans--000cha
Mike Koszewski*,22,2024,Kansas,Big 12,47,137,110,24,33,4,0,0,18,4,0,17,19,0.3,0.408,0.336,0.744,37,2,3,7,0,0,,player.fcgi?id=koszew000mik
Luke Leto*,21,2024,Kansas,Big 12,20,60,46,14,12,4,0,2,8,1,0,12,17,0.261,0.433,0.478,0.912,22,1,2,0,0,0,,player.fcgi?id=leto--000luk
John Nett,23,2024,Kansas,Big 12,54,265,219,55,77,17,1,6,37,9,1,35,38,0.352,0.443,0.521,0.964,114,3,5,1,5,0,,player.fcgi?id=nett--000joh
Janson Reeder*,24,2024,Kansas,Big 12,22,81,73,10,15,5,0,1,12,1,0,5,25,0.206,0.272,0.315,0.587,23,2,2,0,1,0,,player.fcgi?id=reeder000jan
Kodey Shojinaga,21,2024,Kansas,Big 12,54,264,233,42,78,20,0,5,46,0,0,25,22,0.335,0.402,0.485,0.887,113,9,3,0,3,0,,player.fcgi?id=shojin000kod
Ty Wisdom*,19,2024,Kansas,Big 12,35,129,108,24,27,5,0,4,14,0,0,20,31,0.25,0.372,0.407,0.78,44,1,1,0,0,0,,player.fcgi?id=wisdom000ty-
Jake Baker*,22,2023,Kansas,Big 12,7,9,6,4,1,1,0,0,0,0,0,1,3,0.167,0.444,0.333,0.778,2,1,2,0,0,0,,player.fcgi?id=baker-004jak
Michael Brooks,21,2023,Kansas,Big 12,54,234,198,42,59,15,1,8,34,2,0,25,39,0.298,0.392,0.505,0.897,100,3,7,2,2,1,,player.fcgi?id=brooks005mic
Jackson Cobb*,21,2023,Kansas,Big 12,31,59,48,11,10,1,1,1,5,2,1,8,15,0.208,0.339,0.333,0.672,16,1,2,0,1,0,,player.fcgi?id=cobb--001jac
Collier Cranford,22,2023,Kansas,Big 12,50,206,187,31,47,10,2,6,28,4,1,13,34,0.251,0.316,0.423,0.738,79,4,5,0,1,0,,player.fcgi?id=cranfo000col
Cole Elvis,23,2023,Kansas,Big 12,57,259,234,36,63,16,0,14,52,0,1,16,74,0.269,0.317,0.517,0.834,121,5,3,0,6,0,,player.fcgi?id=elvis-000col
Jake English,21,2023,Kansas,Big 12,49,195,160,25,35,4,1,10,22,0,0,32,36,0.219,0.345,0.444,0.789,71,2,0,1,2,1,,player.fcgi?id=englis000jak
Tyler Gerety,20,2023,Kansas,Big 12,22,29,22,8,4,1,0,0,3,1,0,6,5,0.182,0.357,0.227,0.584,5,0,0,1,0,0,,player.fcgi?id=gerety000tyl
Sam Hunt*,21,2023,Kansas,Big 12,28,69,53,10,12,3,0,0,6,1,0,12,19,0.226,0.373,0.283,0.656,15,0,1,2,1,0,,player.fcgi?id=hunt--003sam
Chase Jans,20,2023,Kansas,Big 12,53,241,207,36,65,13,1,10,50,7,0,23,60,0.314,0.386,0.531,0.917,110,3,5,0,6,1,,player.fcgi?id=jans--000cha
Cooper Kelly#,19,2023,Kansas,Big 12,17,52,42,9,12,3,0,0,6,0,0,5,15,0.286,0.375,0.357,0.732,15,0,1,4,0,0,,player.fcgi?id=kelly-000coo
Jackson Kline*,19,2023,Kansas,Big 12,40,148,120,23,30,5,0,0,16,3,0,23,35,0.25,0.385,0.292,0.677,35,3,4,0,1,1,,player.fcgi?id=kline-003jac
Mike Koszewski*,21,2023,Kansas,Big 12,53,201,161,25,46,13,2,0,19,7,0,30,28,0.286,0.413,0.391,0.805,63,3,5,5,0,0,,player.fcgi?id=koszew000mik
Luke Leto*,20,2023,Kansas,Big 12,41,153,133,24,31,4,0,8,22,1,0,16,54,0.233,0.32,0.444,0.764,59,0,2,0,2,0,,player.fcgi?id=leto--000luk
Janson Reeder*,23,2023,Kansas,Big 12,54,232,199,36,55,16,2,12,45,6,1,21,51,0.276,0.371,0.558,0.929,111,0,10,0,2,0,,player.fcgi?id=reeder000jan
Kodey Shojinaga,20,2023,Kansas,Big 12,53,217,196,41,74,11,0,6,32,0,0,16,25,0.378,0.421,0.526,0.947,103,6,1,1,3,1,,player.fcgi?id=shojin000kod
Maui Ahuna*,20,2022,Kansas,Big 12,53,236,202,42,80,16,4,8,48,13,4,28,49,0.396,0.479,0.634,1.113,128,3,5,0,1,2,,player.fcgi?id=ahuna-000mau
Payton Allen,19,2022,Kansas,Big 12,27,57,51,9,12,3,0,0,6,0,1,6,11,0.235,0.316,0.294,0.61,15,0,0,0,0,0,,player.fcgi?id=allen-001pay
Jake Baker*,21,2022,Kansas,Big 12,20,22,20,0,2,0,0,0,1,0,0,1,11,0.1,0.182,0.1,0.282,2,0,1,0,0,0,,player.fcgi?id=baker-004jak
Casey Burnham*,23,2022,Kansas,Big 12,27,103,80,11,21,3,0,0,5,4,3,17,16,0.263,0.416,0.3,0.716,24,0,4,2,0,0,,player.fcgi?id=burnha000cas
Ryan Callahan*,20,2022,Kansas,Big 12,30,74,60,7,12,1,0,1,7,1,0,8,15,0.2,0.338,0.267,0.605,16,1,5,0,1,0,,player.fcgi?id=callah007rya
Tony Castonguay,20,2022,Kansas,Big 12,15,25,19,3,2,1,0,0,0,0,0,4,4,0.105,0.292,0.158,0.45,3,0,1,1,0,0,,player.fcgi?id=caston000ton
Zac Cox,22,2022,Kansas,Big 12,23,43,39,5,9,1,0,0,1,0,0,3,13,0.231,0.286,0.256,0.542,10,1,0,1,0,0,,player.fcgi?id=cox---002zac
Reyce Curnane*,23,2022,Kansas,Big 12,12,24,22,2,5,2,1,1,6,0,0,2,11,0.227,0.292,0.546,0.837,12,0,0,0,0,0,,player.fcgi?id=curnan000rey
Jake Curtis,19,2022,Kansas,Big 12,2,2,2,0,0,0,0,0,0,0,0,0,1,0,0,0,0,0,0,0,0,0,0,,player.fcgi?id=curtis000jak
Dylan Ditzenberger*,23,2022,Kansas,Big 12,47,198,168,30,44,9,0,1,16,10,2,22,31,0.262,0.361,0.333,0.694,56,1,4,4,0,0,,player.fcgi?id=ditzen000dyl
Jake English,20,2022,Kansas,Big 12,26,80,71,6,18,5,0,0,7,0,0,8,12,0.254,0.325,0.324,0.649,23,4,0,0,1,0,,player.fcgi?id=englis000jak
Tyler Gerety,19,2022,Kansas,Big 12,28,29,26,12,5,0,0,0,0,1,0,2,14,0.192,0.276,0.192,0.468,5,0,1,0,0,0,,player.fcgi?id=gerety000tyl
Jack Hammond,21,2022,Kansas,Big 12,47,184,164,29,45,6,2,6,30,2,2,14,31,0.274,0.353,0.445,0.798,73,4,6,0,0,0,,player.fcgi?id=hammon001jac
Chase Jans,19,2022,Kansas,Big 12,33,65,62,10,12,0,1,3,5,3,0,3,18,0.194,0.231,0.371,0.602,23,1,0,0,0,0,,player.fcgi?id=jans--000cha
Tavian Josenberger*,20,2022,Kansas,Big 12,52,244,210,43,58,13,2,2,23,11,4,25,33,0.276,0.357,0.386,0.743,81,0,3,3,3,0,,player.fcgi?id=josenb000tav
Trevor Kardell,20,2022,Kansas,Big 12,1,1,0,0,0,0,0,0,0,0,0,0,0,,1,,,0,0,1,0,0,0,,player.fcgi?id=kardel000tre
Tom Lichty*,24,2022,Kansas,Big 12,51,180,163,18,38,9,0,4,25,2,1,9,36,0.233,0.275,0.362,0.637,59,3,2,2,4,1,,player.fcgi?id=lichty000tom
Cooper McMurray*,20,2022,Kansas,Big 12,42,140,113,16,28,6,0,9,19,0,0,23,35,0.248,0.374,0.54,0.914,61,0,1,1,2,1,,player.fcgi?id=mcmurr000coo
Nolan Metcalf,24,2022,Kansas,Big 12,52,220,197,33,62,16,2,8,49,0,0,10,27,0.315,0.377,0.538,0.915,106,3,11,0,2,0,,player.fcgi?id=metcal000nol
Devin Neal,18,2022,Kansas,Big 12,7,9,6,0,0,0,0,0,0,1,0,3,3,0,0.333,0,0.333,0,0,0,0,0,0,,player.fcgi?id=neal--001dev
Sergio Rivera,19,2022,Kansas,Big 12,36,29,25,10,6,1,1,0,3,3,1,4,8,0.24,0.345,0.36,0.705,9,0,0,0,0,0,,player.fcgi?id=rivera000ser
Seth Sweet-Chick,20,2022,Kansas,Big 12,26,36,26,1,3,0,0,0,0,0,0,8,11,0.115,0.361,0.115,0.477,3,0,2,0,0,0,,player.fcgi?id=sweet-000set
Caleb Upshaw,23,2022,Kansas,Big 12,53,209,192,29,56,10,2,12,39,1,0,13,51,0.292,0.345,0.552,0.897,106,2,3,0,1,2,,player.fcgi?id=upshaw000cal
Maui Ahuna*,19,2021,Kansas,Big 12,50,220,185,33,58,11,3,1,25,8,1,28,38,0.314,0.413,0.422,0.834,78,,4,2,1,2,,player.fcgi?id=ahuna-000mau
Jake Baker*,20,2021,Kansas,Big 12,3,3,2,0,0,0,0,0,0,0,0,1,2,0,0.333,0,0.333,0,,0,0,0,0,,player.fcgi?id=baker-004jak
Casey Burnham*,22,2021,Kansas,Big 12,23,89,70,21,20,6,1,0,11,8,1,15,11,0.286,0.432,0.4,0.832,28,,3,1,0,0,,player.fcgi?id=burnha000cas
Tony Castonguay,19,2021,Kansas,Big 12,16,20,18,3,3,1,0,1,3,0,0,1,7,0.167,0.25,0.389,0.639,7,,1,0,0,0,,player.fcgi?id=caston000ton
James Cosentino*,24,2021,Kansas,Big 12,53,207,166,29,33,5,1,6,17,1,1,29,71,0.199,0.343,0.349,0.693,58,,8,3,1,0,,player.fcgi?id=cosent002jam
Zac Cox,21,2021,Kansas,Big 12,4,5,4,0,0,0,0,0,0,0,0,1,0,0,0.2,0,0.2,0,,0,0,0,0,,player.fcgi?id=cox---002zac
Dylan Ditzenberger*,22,2021,Kansas,Big 12,55,221,197,23,54,10,1,3,31,6,1,13,34,0.274,0.324,0.381,0.705,75,,3,5,3,0,,player.fcgi?id=ditzen000dyl
Jake English,19,2021,Kansas,Big 12,4,6,5,0,0,0,0,0,0,0,0,1,2,0,0.167,0,0.167,0,,0,0,0,0,,player.fcgi?id=englis000jak
Tavian Josenberger*,19,2021,Kansas,Big 12,52,236,196,39,62,8,4,1,31,11,2,20,29,0.316,0.392,0.413,0.805,81,,7,9,4,1,,player.fcgi?id=josenb000tav
Tom Lichty*,23,2021,Kansas,Big 12,42,132,123,13,31,7,1,1,22,3,0,7,15,0.252,0.288,0.35,0.638,43,,0,0,2,0,,player.fcgi?id=lichty000tom
Skyler Messinger,22,2021,Kansas,Big 12,56,241,213,43,69,19,2,2,39,4,2,21,40,0.324,0.398,0.46,0.858,98,,6,0,1,2,,player.fcgi?id=messin000sky
Nolan Metcalf,23,2021,Kansas,Big 12,30,125,105,18,29,6,0,3,21,0,0,11,19,0.276,0.384,0.419,0.803,44,,8,0,1,0,,player.fcgi?id=metcal000nol
Blaine Ray,23,2021,Kansas,Big 12,29,57,51,6,10,4,1,1,8,0,0,4,17,0.196,0.268,0.373,0.64,19,,1,1,0,0,,player.fcgi?id=ray---001bla
Seth Sweet-Chick,19,2021,Kansas,Big 12,14,19,16,1,1,0,0,0,0,0,0,3,10,0.063,0.211,0.063,0.273,1,,0,0,0,0,,player.fcgi?id=sweet-000set
Anthony Tulimero,20,2021,Kansas,Big 12,54,215,191,24,45,9,0,3,25,0,1,11,28,0.236,0.278,0.33,0.607,63,,2,6,5,0,,player.fcgi?id=tulime000ant
Cooper Turpin?,--,2021,Kansas,Big 12,2,2,2,0,0,0,0,0,0,0,0,0,1,0,0,0,0,0,,0,0,0,0,,player.fcgi?id=turpin000coo
Conner VanCleave*,22,2021,Kansas,Big 12,36,59,53,7,10,2,0,1,4,0,0,5,14,0.189,0.259,0.283,0.542,15,,0,1,0,0,,player.fcgi?id=vancle000con
Brett Vosik*,23,2021,Kansas,Big 12,49,206,161,32,43,10,1,2,20,3,0,39,50,0.267,0.427,0.379,0.806,61,,6,0,0,0,,player.fcgi?id=vosik-000bre
Jack Wagner,21,2021,Kansas,Big 12,43,146,113,15,29,6,0,2,17,0,2,22,35,0.257,0.385,0.363,0.747,41,,4,3,4,0,,player.fcgi?id=wagner001jac
Logan Williams,22,2021,Kansas,Big 12,21,44,37,6,6,3,0,0,2,0,0,6,15,0.162,0.296,0.243,0.539,9,,1,0,0,0,,player.fcgi?id=willia003log
Maui Ahuna*,19,2020,Kansas,Big 12,50,220,185,33,58,11,3,1,25,8,1,28,38,0.314,0.413,0.422,0.834,78,,4,2,1,2,,player.fcgi?id=ahuna-000mau
Jake Baker*,20,2020,Kansas,Big 12,3,3,2,0,0,0,0,0,0,0,0,1,2,0,0.333,0,0.333,0,,0,0,0,0,,player.fcgi?id=baker-004jak
Casey Burnham*,22,2020,Kansas,Big 12,23,89,70,21,20,6,1,0,11,8,1,15,11,0.286,0.432,0.4,0.832,28,,3,1,0,0,,player.fcgi?id=burnha000cas
Tony Castonguay,19,2020,Kansas,Big 12,16,20,18,3,3,1,0,1,3,0,0,1,7,0.167,0.25,0.389,0.639,7,,1,0,0,0,,player.fcgi?id=caston000ton
James Cosentino*,24,2020,Kansas,Big 12,53,207,166,29,33,5,1,6,17,1,1,29,71,0.199,0.343,0.349,0.693,58,,8,3,1,0,,player.fcgi?id=cosent002jam
Zac Cox,21,2020,Kansas,Big 12,4,5,4,0,0,0,0,0,0,0,0,1,0,0,0.2,0,0.2,0,,0,0,0,0,,player.fcgi?id=cox---002zac
Dylan Ditzenberger*,22,2020,Kansas,Big 12,55,221,197,23,54,10,1,3,31,6,1,13,34,0.274,0.324,0.381,0.705,75,,3,5,3,0,,player.fcgi?id=ditzen000dyl
Jake English,19,2020,Kansas,Big 12,4,6,5,0,0,0,0,0,0,0,0,1,2,0,0.167,0,0.167,0,,0,0,0,0,,player.fcgi?id=englis000jak
Tavian Josenberger*,19,2020,Kansas,Big 12,52,236,196,39,62,8,4,1,31,11,2,20,29,0.316,0.392,0.413,0.805,81,,7,9,4,1,,player.fcgi?id=josenb000tav
Tom Lichty*,23,2020,Kansas,Big 12,42,132,123,13,31,7,1,1,22,3,0,7,15,0.252,0.288,0.35,0.638,43,,0,0,2,0,,player.fcgi?id=lichty000tom
Skyler Messinger,22,2020,Kansas,Big 12,56,241,213,43,69,19,2,2,39,4,2,21,40,0.324,0.398,0.46,0.858,98,,6,0,1,2,,player.fcgi?id=messin000sky
Nolan Metcalf,23,2020,Kansas,Big 12,30,125,105,18,29,6,0,3,21,0,0,11,19,0.276,0.384,0.419,0.803,44,,8,0,1,0,,player.fcgi?id=metcal000nol
Blaine Ray,23,2020,Kansas,Big 12,29,57,51,6,10,4,1,1,8,0,0,4,17,0.196,0.268,0.373,0.64,19,,1,1,0,0,,player.fcgi?id=ray---001bla
Seth Sweet-Chick,19,2020,Kansas,Big 12,14,19,16,1,1,0,0,0,0,0,0,3,10,0.063,0.211,0.063,0.273,1,,0,0,0,0,,player.fcgi?id=sweet-000set
Anthony Tulimero,20,2020,Kansas,Big 12,54,215,191,24,45,9,0,3,25,0,1,11,28,0.236,0.278,0.33,0.607,63,,2,6,5,0,,player.fcgi?id=tulime000ant
Cooper Turpin?,--,2020,Kansas,Big 12,2,2,2,0,0,0,0,0,0,0,0,0,1,0,0,0,0,0,,0,0,0,0,,player.fcgi?id=turpin000coo
Conner VanCleave*,22,2020,Kansas,Big 12,36,59,53,7,10,2,0,1,4,0,0,5,14,0.189,0.259,0.283,0.542,15,,0,1,0,0,,player.fcgi?id=vancle000con
Brett Vosik*,23,2020,Kansas,Big 12,49,206,161,32,43,10,1,2,20,3,0,39,50,0.267,0.427,0.379,0.806,61,,6,0,0,0,,player.fcgi?id=vosik-000bre
Jack Wagner,21,2020,Kansas,Big 12,43,146,113,15,29,6,0,2,17,0,2,22,35,0.257,0.385,0.363,0.747,41,,4,3,4,0,,player.fcgi?id=wagner001jac
Logan Williams,22,2020,Kansas,Big 12,21,44,37,6,6,3,0,0,2,0,0,6,15,0.162,0.296,0.243,0.539,9,,1,0,0,0,,player.fcgi?id=willia003log
Brooks Asher,21,2019,Kansas,Big 12,22,47,37,1,8,2,0,0,3,0,0,5,12,0.216,0.31,0.27,0.58,10,,0,5,0,0,,player.fcgi?id=asher-001bro
Casey Burnham*,20,2019,Kansas,Big 12,49,167,135,27,32,5,2,1,11,11,6,17,39,0.237,0.338,0.326,0.664,44,,4,10,1,0,,player.fcgi?id=burnha000cas
James Cosentino*,22,2019,Kansas,Big 12,58,270,213,49,50,10,3,4,28,10,1,27,69,0.235,0.378,0.366,0.744,78,,22,8,0,1,,player.fcgi?id=cosent002jam
Anthony DeSantis?,--,2019,Kansas,Big 12,5,4,4,0,1,0,0,0,0,0,0,0,2,0.25,0.25,0.25,0.5,1,,0,0,0,0,,player.fcgi?id=desant000ant
Dylan Ditzenberger*,20,2019,Kansas,Big 12,52,177,145,24,33,5,1,0,21,4,1,22,32,0.228,0.333,0.276,0.609,40,,3,3,4,0,,player.fcgi?id=ditzen000dyl
Jaxx Groshans,20,2019,Kansas,Big 12,57,255,197,49,67,14,1,12,46,0,3,53,40,0.34,0.475,0.604,1.079,119,,1,0,4,5,,player.fcgi?id=grosha000jax
Rudy Karre#,22,2019,Kansas,Big 12,45,174,134,28,33,5,1,2,19,7,1,22,26,0.246,0.394,0.343,0.737,46,,12,4,2,0,,player.fcgi?id=karre-000rud
Tom Lichty*,21,2019,Kansas,Big 12,28,81,71,11,13,4,1,0,12,2,0,9,16,0.183,0.275,0.268,0.543,19,,0,1,0,0,,player.fcgi?id=lichty000tom
Skyler Messinger,20,2019,Kansas,Big 12,58,239,209,27,58,16,3,2,31,9,3,20,59,0.278,0.354,0.412,0.766,86,,6,2,2,1,,player.fcgi?id=messin000sky
Nolan Metcalf,21,2019,Kansas,Big 12,44,121,117,14,30,7,0,4,23,0,0,3,24,0.256,0.273,0.419,0.692,49,,0,0,1,0,,player.fcgi?id=metcal000nol
Blaine Ray,21,2019,Kansas,Big 12,31,59,49,8,9,0,2,1,7,0,0,7,21,0.184,0.286,0.327,0.612,16,,0,3,0,0,,player.fcgi?id=ray---001bla
Ben Sems*,21,2019,Kansas,Big 12,56,238,197,34,60,12,1,4,39,14,3,31,36,0.305,0.414,0.437,0.85,86,,7,1,2,1,,player.fcgi?id=sems--000ben
Blake Shinkle,--,2019,Kansas,Big 12,39,66,54,13,5,1,2,0,2,2,0,7,8,0.093,0.222,0.185,0.407,10,,2,3,0,0,,player.fcgi?id=shinkl000bla
Kaimana Souza-Paaluhi*,21,2019,Kansas,Big 12,19,33,29,0,4,1,1,0,5,0,0,2,8,0.138,0.219,0.241,0.46,7,,1,1,0,0,,player.fcgi?id=souza-000kai
Conner VanCleave*,20,2019,Kansas,Big 12,45,107,97,10,24,2,1,3,11,0,1,7,28,0.247,0.318,0.381,0.699,37,,3,0,0,0,,player.fcgi?id=vancle000con
Brett Vosik*,21,2019,Kansas,Big 12,58,256,226,32,59,14,4,5,34,3,2,23,47,0.261,0.341,0.425,0.766,96,,5,1,1,0,,player.fcgi?id=vosik-000bre
Jack Wagner,19,2019,Kansas,Big 12,17,41,32,7,9,3,0,0,7,0,0,8,12,0.281,0.415,0.375,0.79,12,,0,0,1,0,,player.fcgi?id=wagner001jac
Brooks Asher,20,2018,Kansas,Big 12,20,13,13,2,5,0,0,0,0,0,0,0,4,0.385,0.385,0.385,0.769,5,,0,0,0,0,,player.fcgi?id=asher-001bro
Luke Bakula,22,2018,Kansas,Big 12,33,63,57,5,17,2,0,1,14,2,0,3,13,0.298,0.333,0.386,0.719,22,,1,0,2,0,,player.fcgi?id=bakula000luk
Brendt Citta,21,2018,Kansas,Big 12,56,232,205,39,66,17,1,4,34,3,3,17,37,0.322,0.397,0.473,0.87,97,,9,0,1,0,,player.fcgi?id=citta-000bre
James Cosentino*,21,2018,Kansas,Big 12,56,258,208,40,56,9,4,7,24,7,4,23,66,0.269,0.387,0.452,0.839,94,,19,5,3,1,,player.fcgi?id=cosent002jam
Devin Foyle#,21,2018,Kansas,Big 12,57,240,206,49,68,17,2,10,42,12,1,24,31,0.33,0.417,0.578,0.994,119,,8,0,2,0,,player.fcgi?id=foyle-000dev
Tanner Gragg,22,2018,Kansas,Big 12,33,50,45,3,7,0,0,2,8,0,0,3,21,0.156,0.204,0.289,0.493,13,,0,1,1,0,,player.fcgi?id=gragg-000tan
Jaxx Groshans,19,2018,Kansas,Big 12,55,229,211,26,66,16,2,4,43,1,1,14,30,0.313,0.355,0.465,0.82,98,,1,1,2,1,,player.fcgi?id=grosha000jax
Rudy Karre#,21,2018,Kansas,Big 12,42,183,145,24,33,4,3,1,10,2,5,29,33,0.228,0.383,0.317,0.7,46,,8,0,1,0,,player.fcgi?id=karre-000rud
David Kyriacou*,21,2018,Kansas,Big 12,38,107,78,18,21,3,0,5,17,0,0,17,20,0.269,0.448,0.5,0.948,39,,9,2,1,0,,player.fcgi?id=kyriac000dav
Tom Lichty*,20,2018,Kansas,Big 12,21,22,18,4,2,1,0,0,3,0,0,3,9,0.111,0.273,0.167,0.439,3,,1,0,0,0,,player.fcgi?id=lichty000tom
Skyler Messinger,19,2018,Kansas,Big 12,55,149,121,16,27,7,1,1,16,3,1,14,34,0.223,0.34,0.322,0.663,39,,8,5,1,0,,player.fcgi?id=messin000sky
Nolan Metcalf,20,2018,Kansas,Big 12,14,18,13,0,1,0,0,0,1,0,0,3,6,0.077,0.278,0.077,0.355,1,,1,0,1,0,,player.fcgi?id=metcal000nol
Blaine Ray,20,2018,Kansas,Big 12,18,30,23,3,3,0,0,0,1,0,0,5,9,0.13,0.3,0.13,0.43,3,,1,0,1,0,,player.fcgi?id=ray---001bla
Ben Sems*,20,2018,Kansas,Big 12,53,203,183,23,44,9,2,4,29,0,1,10,45,0.24,0.284,0.377,0.661,69,,3,2,5,0,,player.fcgi?id=sems--000ben
Blake Shinkle,--,2018,Kansas,Big 12,35,24,21,7,7,0,1,0,1,3,0,1,3,0.333,0.417,0.429,0.845,9,,2,0,0,0,,player.fcgi?id=shinkl000bla
Kaimana Souza-Paaluhi*,20,2018,Kansas,Big 12,3,3,2,1,0,0,0,0,0,0,0,1,0,0,0.333,0,0.333,0,,0,0,0,0,,player.fcgi?id=souza-000kai
Owen Taylor#,23,2018,Kansas,Big 12,56,191,155,25,39,8,1,6,34,0,1,31,44,0.252,0.376,0.432,0.808,67,,1,2,2,1,,player.fcgi?id=taylor000owe
Brett Vosik*,20,2018,Kansas,Big 12,52,202,178,32,55,10,1,0,26,2,1,20,27,0.309,0.391,0.376,0.768,67,,4,0,0,0,,player.fcgi?id=vosik-000bre
Mateo Zunica*,20,2018,Kansas,Big 12,30,77,57,10,10,1,0,1,6,3,2,11,19,0.175,0.351,0.246,0.597,14,,5,3,1,0,,player.fcgi?id=zunica000mat
Brooks Asher,19,2017,Kansas,Big 12,6,5,3,0,1,1,0,0,0,0,0,2,1,0.333,0.6,0.667,1.267,2,,0,0,0,0,,player.fcgi?id=asher-001bro
Luke Bakula,21,2017,Kansas,Big 12,10,21,16,3,2,1,0,0,2,0,0,2,5,0.125,0.286,0.188,0.473,3,,2,0,1,0,,player.fcgi?id=bakula000luk
James Cosentino*,20,2017,Kansas,Big 12,58,252,214,39,58,11,0,4,31,10,5,26,55,0.271,0.358,0.379,0.736,81,,4,6,2,0,,player.fcgi?id=cosent002jam
Ty Denzer#,--,2017,Kansas,Big 12,20,32,30,3,9,2,0,0,4,0,1,1,9,0.3,0.313,0.367,0.679,11,,0,0,1,0,,player.fcgi?id=denzer000ty-
MJ Farthing?,--,2017,Kansas,Big 12,4,8,7,1,5,2,0,0,0,0,0,1,1,0.714,0.75,1,1.75,7,,0,0,0,0,,player.fcgi?id=farthi000mj-
Devin Foyle#,20,2017,Kansas,Big 12,58,249,204,29,51,15,1,1,30,5,5,32,43,0.25,0.374,0.348,0.722,71,,10,0,3,2,,player.fcgi?id=foyle-000dev
Tanner Gragg,21,2017,Kansas,Big 12,37,105,82,14,20,4,0,1,15,0,0,9,35,0.244,0.34,0.329,0.67,27,,4,8,2,0,,player.fcgi?id=gragg-000tan
Peyton Grassanovits?,--,2017,Kansas,Big 12,7,16,13,4,1,1,0,0,0,0,0,1,4,0.077,0.2,0.154,0.354,2,,1,1,0,0,,player.fcgi?id=grassa000pey
Jaxx Groshans,18,2017,Kansas,Big 12,53,215,190,20,45,5,2,1,38,0,0,20,34,0.237,0.313,0.3,0.613,57,,2,1,2,0,,player.fcgi?id=grosha000jax
Rudy Karre#,20,2017,Kansas,Big 12,58,257,198,45,50,11,0,3,26,9,1,30,57,0.253,0.416,0.354,0.77,70,,27,0,2,1,,player.fcgi?id=karre-000rud
David Kyriacou*,20,2017,Kansas,Big 12,52,207,173,26,39,6,1,1,21,1,0,19,47,0.225,0.338,0.289,0.627,50,,11,3,1,1,,player.fcgi?id=kyriac000dav
Matt McLaughlin,21,2017,Kansas,Big 12,56,255,207,41,65,19,2,3,39,6,2,34,31,0.314,0.42,0.469,0.888,97,,8,0,6,1,,player.fcgi?id=mclaug000mat
John Remick?,--,2017,Kansas,Big 12,22,47,41,3,4,0,1,0,2,0,0,2,12,0.098,0.192,0.146,0.338,6,,3,0,1,0,,player.fcgi?id=remick000joh
Ben Sems*,19,2017,Kansas,Big 12,25,61,50,9,11,2,0,1,8,0,1,4,13,0.22,0.304,0.32,0.624,16,,2,5,0,0,,player.fcgi?id=sems--000ben
Blake Shinkle,--,2017,Kansas,Big 12,14,12,10,3,1,0,0,0,1,1,0,2,2,0.1,0.25,0.1,0.35,1,,0,0,0,0,,player.fcgi?id=shinkl000bla
Kaimana Souza-Paaluhi*,19,2017,Kansas,Big 12,29,89,79,6,18,3,0,0,7,1,1,5,8,0.228,0.299,0.266,0.565,21,,3,2,0,0,,player.fcgi?id=souza-000kai
Owen Taylor#,22,2017,Kansas,Big 12,56,151,127,17,37,7,1,1,15,3,0,17,39,0.291,0.378,0.386,0.764,49,,2,3,2,1,,player.fcgi?id=taylor000owe
Brett Vosik*,19,2017,Kansas,Big 12,53,186,161,23,40,9,0,1,23,0,2,20,48,0.248,0.341,0.323,0.664,52,,3,1,1,0,,player.fcgi?id=vosik-000bre
Marcus Wheeler,23,2017,Kansas,Big 12,26,55,52,5,12,5,0,1,10,0,0,2,9,0.231,0.273,0.385,0.657,20,,1,0,0,0,,player.fcgi?id=wheele002mar
Mateo Zunica*,19,2017,Kansas,Big 12,14,21,18,2,4,0,0,0,2,0,0,1,6,0.222,0.3,0.222,0.522,4,,1,1,0,0,,player.fcgi?id=zunica000mat
Joven Afenir*,21,2016,Kansas,Big 12,55,240,209,21,54,12,2,0,23,4,1,21,26,0.258,0.329,0.335,0.664,70,,2,6,2,0,,player.fcgi?id=afenir000jov
Ty Denzer#,--,2016,Kansas,Big 12,30,35,29,6,5,0,0,2,9,2,0,4,14,0.172,0.265,0.379,0.644,11,,0,1,1,0,,player.fcgi?id=denzer000ty-
MJ Farthing?,--,2016,Kansas,Big 12,6,7,5,1,0,0,0,0,0,0,0,2,2,0,0.286,0,0.286,0,,0,0,0,0,,player.fcgi?id=farthi000mj-
Devin Foyle#,19,2016,Kansas,Big 12,55,234,193,37,56,14,4,3,32,6,4,22,43,0.29,0.4,0.451,0.851,87,,14,4,1,0,,player.fcgi?id=foyle-000dev
Steve Goldstein*,23,2016,Kansas,Big 12,6,12,10,1,2,0,0,0,0,0,0,2,2,0.2,0.333,0.2,0.533,2,,0,0,0,0,,player.fcgi?id=goldst000ste
Tanner Gragg,20,2016,Kansas,Big 12,19,42,31,1,4,0,0,0,3,0,0,5,7,0.129,0.237,0.129,0.366,4,,0,4,2,0,,player.fcgi?id=gragg-000tan
Rudy Karre#,19,2016,Kansas,Big 12,26,109,85,18,23,5,0,2,11,5,4,18,19,0.271,0.413,0.4,0.813,34,,4,0,2,0,,player.fcgi?id=karre-000rud
David Kyriacou*,19,2016,Kansas,Big 12,29,51,46,4,7,1,0,0,3,0,0,2,10,0.152,0.2,0.174,0.374,8,,1,1,1,0,,player.fcgi?id=kyriac000dav
TJ Martin,20,2016,Kansas,Big 12,32,75,70,4,17,3,0,2,11,0,0,4,20,0.243,0.28,0.371,0.651,26,,0,0,1,0,,player.fcgi?id=martin000tj-
Matt McLaughlin,20,2016,Kansas,Big 12,56,260,207,36,53,4,0,2,22,0,0,30,30,0.256,0.372,0.304,0.676,63,,11,7,5,0,,player.fcgi?id=mclaug000mat
Tommy Mirabelli*,22,2016,Kansas,Big 12,40,98,79,13,19,2,0,1,5,4,1,12,18,0.241,0.354,0.304,0.658,24,,3,2,2,0,,player.fcgi?id=mirabe000tho
Joe Moroney,23,2016,Kansas,Big 12,53,199,171,38,52,11,0,3,18,8,3,22,31,0.304,0.393,0.421,0.814,72,,3,3,0,0,,player.fcgi?id=morone000joe
Ryan Pidhaichuk?,--,2016,Kansas,Big 12,49,149,117,15,33,10,0,0,18,2,1,22,25,0.282,0.401,0.368,0.769,43,,2,7,1,5,,player.fcgi?id=pidhai000rya
John Remick?,--,2016,Kansas,Big 12,15,15,14,1,0,0,0,0,1,0,0,1,1,0,0.067,0,0.067,0,,0,0,0,0,,player.fcgi?id=remick000joh
Blake Shinkle,--,2016,Kansas,Big 12,29,19,16,10,5,1,0,0,4,2,0,0,5,0.313,0.368,0.375,0.743,6,,2,0,1,0,,player.fcgi?id=shinkl000bla
Owen Taylor#,21,2016,Kansas,Big 12,43,130,115,7,25,5,0,0,13,0,0,9,42,0.217,0.262,0.261,0.522,30,,0,0,6,0,,player.fcgi?id=taylor000owe
Michael Tinsley*,21,2016,Kansas,Big 12,56,251,212,47,80,15,2,2,42,9,1,32,18,0.377,0.46,0.495,0.955,105,,3,1,3,2,,player.fcgi?id=tinsle000mic
Marcus Wheeler,22,2016,Kansas,Big 12,42,105,93,1,23,4,0,0,15,0,0,9,17,0.247,0.32,0.29,0.611,27,,1,2,0,0,,player.fcgi?id=wheele002mar
C.J. Wright,22,2016,Kansas,Big 12,53,223,176,38,60,13,4,6,41,6,2,24,21,0.341,0.466,0.563,1.028,99,,18,4,1,1,,player.fcgi?id=wright000col
Joven Afenir*,20,2015,Kansas,Big 12,50,192,164,18,48,8,1,2,23,1,2,19,28,0.293,0.376,0.39,0.766,64,,4,3,2,0,,player.fcgi?id=afenir000jov
Blair Beck,22,2015,Kansas,Big 12,54,223,189,28,51,9,2,8,37,1,1,25,42,0.27,0.353,0.466,0.819,88,,2,2,5,0,,player.fcgi?id=beck--000bla
Jacob Boylan?,--,2015,Kansas,Big 12,20,27,22,3,4,0,0,0,1,0,0,3,7,0.182,0.333,0.182,0.515,4,,2,0,0,0,,player.fcgi?id=boylan000jac
MJ Farthing?,--,2015,Kansas,Big 12,4,4,4,0,1,0,0,0,1,0,0,0,1,0.25,0.25,0.25,0.5,1,,0,0,0,0,,player.fcgi?id=farthi000mj-
Steve Goldstein*,22,2015,Kansas,Big 12,24,63,58,7,12,1,1,0,6,0,1,3,6,0.207,0.238,0.259,0.497,15,,0,0,2,0,,player.fcgi?id=goldst000ste
Tanner Gragg,19,2015,Kansas,Big 12,10,9,7,1,2,1,0,0,0,0,0,2,3,0.286,0.444,0.429,0.873,3,,0,0,0,0,,player.fcgi?id=gragg-000tan
Joe Luvisi?,--,2015,Kansas,Big 12,8,7,6,2,1,1,0,0,0,0,0,1,2,0.167,0.286,0.333,0.619,2,,0,0,0,0,,player.fcgi?id=luvisi000joe
TJ Martin,19,2015,Kansas,Big 12,16,37,36,5,8,2,0,2,5,0,0,1,5,0.222,0.243,0.444,0.688,16,,0,0,0,0,,player.fcgi?id=martin000tj-
Connor McKay,22,2015,Kansas,Big 12,54,245,228,45,79,22,3,5,22,6,2,16,51,0.347,0.392,0.535,0.927,122,,1,0,0,1,,player.fcgi?id=mckay-000con
Matt McLaughlin,19,2015,Kansas,Big 12,52,211,174,21,51,8,0,1,25,1,5,26,24,0.293,0.398,0.356,0.754,62,,5,5,1,1,,player.fcgi?id=mclaug000mat
Tommy Mirabelli*,21,2015,Kansas,Big 12,31,99,79,12,15,1,1,2,12,0,2,12,18,0.19,0.34,0.304,0.644,24,,6,2,0,0,,player.fcgi?id=mirabe000tho
Joe Moroney,22,2015,Kansas,Big 12,39,93,73,8,18,2,0,0,5,6,2,13,11,0.247,0.374,0.274,0.648,20,,3,2,2,1,,player.fcgi?id=morone000joe
Ryan Pidhaichuk?,--,2015,Kansas,Big 12,33,45,37,3,6,1,0,0,6,1,0,7,7,0.162,0.289,0.189,0.478,7,,0,0,1,0,,player.fcgi?id=pidhai000rya
Justin Protacio*,22,2015,Kansas,Big 12,52,248,208,24,49,5,2,0,13,2,1,28,21,0.236,0.331,0.279,0.609,58,,2,9,1,0,,player.fcgi?id=protac000jus
John Remick?,--,2015,Kansas,Big 12,7,6,4,0,0,0,0,0,0,0,0,1,2,0,0.2,0,0.2,0,,0,1,0,0,,player.fcgi?id=remick000joh
Dakota Smith,22,2015,Kansas,Big 12,47,199,172,31,44,11,1,7,39,1,1,16,22,0.256,0.332,0.454,0.785,78,,5,3,3,0,,player.fcgi?id=smith-000dak
Owen Taylor#,20,2015,Kansas,Big 12,29,70,61,9,20,6,0,2,10,0,0,8,14,0.328,0.414,0.525,0.939,32,,1,0,0,1,,player.fcgi?id=taylor000owe
Michael Tinsley*,20,2015,Kansas,Big 12,54,227,196,31,66,15,0,3,39,4,1,24,19,0.337,0.407,0.459,0.866,90,,2,1,4,1,,player.fcgi?id=tinsle000mic
Marcus Wheeler,21,2015,Kansas,Big 12,23,41,36,4,10,1,0,2,7,0,0,4,8,0.278,0.342,0.472,0.814,17,,0,0,1,0,,player.fcgi?id=wheele002mar
C.J. Wright,21,2015,Kansas,Big 12,40,172,129,29,34,6,1,0,6,4,0,21,17,0.264,0.435,0.326,0.76,42,,18,4,0,1,,player.fcgi?id=wright000col
Joven Afenir*,19,2014,Kansas,Big 12,30,59,51,8,14,2,0,0,6,2,0,2,11,0.275,0.315,0.314,0.629,16,,1,5,0,0,,player.fcgi?id=afenir000jov
Blair Beck,21,2014,Kansas,Big 12,46,132,120,14,30,6,1,0,15,0,0,7,7,0.25,0.3,0.317,0.617,38,,2,2,1,0,,player.fcgi?id=beck--000bla
Jacob Boylan?,--,2014,Kansas,Big 12,24,54,43,6,10,3,0,0,8,0,0,9,4,0.233,0.37,0.302,0.673,13,,1,0,1,0,,player.fcgi?id=boylan000jac
Kaiana Eldredge,22,2014,Kansas,Big 12,56,218,190,21,53,9,0,1,24,2,1,18,36,0.279,0.34,0.342,0.682,65,,0,9,1,1,,player.fcgi?id=eldred001dav
MJ Farthing?,--,2014,Kansas,Big 12,5,4,4,0,1,0,0,0,1,0,0,0,3,0.25,0.25,0.25,0.5,1,,0,0,0,0,,player.fcgi?id=farthi000mj-
Jon Hander,19,2014,Kansas,Big 12,15,2,2,1,0,0,0,0,1,0,0,0,1,0,0,0,0,0,,0,0,0,0,,player.fcgi?id=hander000jon
Aaron Hernandez,22,2014,Kansas,Big 12,54,207,179,25,45,9,2,0,19,3,0,11,27,0.251,0.313,0.324,0.637,58,,6,9,2,0,,player.fcgi?id=hernan000aar
Tom Hougland?,--,2014,Kansas,Big 12,9,3,2,1,0,0,0,0,0,0,0,0,1,0,0.333,0,0.333,0,,1,0,0,0,,player.fcgi?id=hougla000tom
Connor McKay,21,2014,Kansas,Big 12,59,249,220,28,56,10,2,9,45,4,4,19,56,0.255,0.327,0.441,0.768,97,,6,1,3,0,,player.fcgi?id=mckay-000con
Lee McMahon?,--,2014,Kansas,Big 12,1,1,1,1,1,0,0,0,0,0,0,0,0,1,1,1,2,1,,0,0,0,0,,player.fcgi?id=mcmaho000lee
Tommy Mirabelli*,20,2014,Kansas,Big 12,39,117,84,21,14,2,1,0,12,6,1,16,19,0.167,0.314,0.214,0.529,18,,3,12,2,0,,player.fcgi?id=mirabe000tho
Ryan Pidhaichuk?,--,2014,Kansas,Big 12,53,102,76,10,16,4,1,1,12,0,0,14,24,0.211,0.386,0.329,0.715,25,,9,1,2,0,,player.fcgi?id=pidhai000rya
Brian Poupore,--,2014,Kansas,Big 12,7,1,0,2,0,0,0,0,0,0,0,1,0,,1,,,0,,0,0,0,0,,player.fcgi?id=poupor000bri
Justin Protacio*,21,2014,Kansas,Big 12,60,296,236,53,66,6,2,0,16,4,4,44,37,0.28,0.393,0.322,0.715,76,,2,11,3,0,,player.fcgi?id=protac000jus
John Remick?,--,2014,Kansas,Big 12,3,2,2,0,0,0,0,0,0,0,0,0,0,0,0,0,0,0,,0,0,0,0,,player.fcgi?id=remick000joh
Dakota Smith,21,2014,Kansas,Big 12,55,214,187,33,63,11,3,2,43,3,0,13,20,0.337,0.399,0.46,0.859,86,,9,1,4,0,,player.fcgi?id=smith-000dak
Michael Suiter,22,2014,Kansas,Big 12,61,286,239,47,77,11,1,3,42,3,2,26,27,0.322,0.41,0.414,0.824,99,,11,8,2,0,,player.fcgi?id=suiter000mic
Tucker Tharp,22,2014,Kansas,Big 12,60,251,210,34,65,15,0,6,39,11,4,21,29,0.31,0.409,0.467,0.876,98,,15,4,1,0,,player.fcgi?id=tharp-000tuc
Michael Tinsley*,19,2014,Kansas,Big 12,32,68,61,5,22,2,2,0,13,2,1,7,7,0.361,0.427,0.459,0.886,28,,0,0,0,0,,player.fcgi?id=tinsle000mic
C.J. Wright,20,2014,Kansas,Big 12,51,201,156,35,49,11,1,1,21,1,1,23,19,0.314,0.415,0.417,0.832,65,,6,13,3,0,,player.fcgi?id=wright000col
Jacob Boylan?,--,2013,Kansas,Big 12,36,131,116,10,29,7,1,0,20,1,0,7,14,0.25,0.3,0.328,0.628,38,,3,1,4,0,,player.fcgi?id=boylan000jac
Alex DeLeon?,--,2013,Kansas,Big 12,56,237,204,35,65,19,0,10,46,4,0,19,37,0.319,0.398,0.559,0.957,114,,10,1,3,2,,player.fcgi?id=deleon001ale
Jordan Dreiling?,--,2013,Kansas,Big 12,59,264,224,29,59,14,1,0,30,17,4,19,31,0.263,0.339,0.335,0.673,75,,9,7,5,0,,player.fcgi?id=drelli000jor
Kaiana Eldredge,21,2013,Kansas,Big 12,53,199,164,30,35,4,1,0,21,4,2,22,35,0.213,0.311,0.25,0.561,41,,3,6,4,0,,player.fcgi?id=eldred001dav
Tom Hougland?,--,2013,Kansas,Big 12,11,7,6,0,0,0,0,0,0,0,0,1,4,0,0.143,0,0.143,0,,0,0,0,0,,player.fcgi?id=hougla000tom
Kevin Kuntz#,23,2013,Kansas,Big 12,47,215,168,24,52,6,0,0,22,12,1,15,11,0.31,0.368,0.345,0.713,58,,1,30,1,0,,player.fcgi?id=kuntz-001kev
Joe Luvisi?,--,2013,Kansas,Big 12,9,6,3,1,0,0,0,0,0,0,0,2,1,0,0.5,0,0.5,0,,1,0,0,0,,player.fcgi?id=luvisi000joe
Connor McKay,20,2013,Kansas,Big 12,37,139,126,20,34,6,3,2,18,7,1,8,34,0.27,0.326,0.413,0.739,52,,3,1,1,0,,player.fcgi?id=mckay-000con
Tommy Mirabelli*,19,2013,Kansas,Big 12,30,100,76,11,19,3,0,0,12,3,2,14,20,0.25,0.358,0.29,0.647,22,,1,5,4,0,,player.fcgi?id=mirabe000tho
Joe Moroney,20,2013,Kansas,Big 12,20,35,27,5,8,1,0,0,2,3,2,6,2,0.296,0.412,0.333,0.745,9,,0,1,1,0,,player.fcgi?id=morone000joe
Jay Nessler?,--,2013,Kansas,Big 12,5,5,4,0,0,0,0,0,0,0,0,1,3,0,0.2,0,0.2,0,,0,0,0,0,,player.fcgi?id=nessle000jay
Justin Protacio*,20,2013,Kansas,Big 12,57,252,200,37,52,6,1,0,20,9,2,40,32,0.26,0.385,0.3,0.685,60,,2,8,2,1,,player.fcgi?id=protac000jus
Dakota Smith,20,2013,Kansas,Big 12,55,238,210,23,56,11,2,1,25,9,4,10,27,0.267,0.323,0.352,0.676,74,,10,3,5,0,,player.fcgi?id=smith-000dak
Michael Suiter,21,2013,Kansas,Big 12,59,253,223,40,69,10,1,1,29,17,5,20,23,0.309,0.372,0.377,0.749,84,,4,3,3,0,,player.fcgi?id=suiter000mic
Nick Sweatt?,--,2013,Kansas,Big 12,8,8,6,0,0,0,0,0,0,0,0,1,2,0,0.25,0,0.25,0,,1,0,0,0,,player.fcgi?id=sweatt000nic
Tucker Tharp,21,2013,Kansas,Big 12,55,212,179,32,42,10,2,1,14,11,3,18,37,0.235,0.313,0.33,0.643,59,,3,11,1,0,,player.fcgi?id=tharp-000tuc
Marcus Wheeler,19,2013,Kansas,Big 12,16,36,30,2,8,3,0,0,5,0,0,3,6,0.267,0.343,0.367,0.71,11,,1,1,1,0,,player.fcgi?id=wheele002mar
C.J. Wright,19,2013,Kansas,Big 12,11,11,9,2,2,1,0,0,1,1,0,1,3,0.222,0.364,0.333,0.697,3,,1,0,0,0,,player.fcgi?id=wright000col
Nate Arnold*,19,2012,Kansas,Big 12,5,5,4,0,1,0,0,0,0,0,0,1,1,0.25,0.4,0.25,0.65,1,,0,0,0,0,,player.fcgi?id=arnold003nat
Jordan Brown?,--,2012,Kansas,Big 12,2,2,2,0,0,0,0,0,0,0,0,0,0,0,0,0,0,0,,0,0,0,0,,player.fcgi?id=brown-004jor
Jason Brunansky?,--,2012,Kansas,Big 12,19,17,14,0,2,0,0,0,1,0,1,3,8,0.143,0.294,0.143,0.437,2,,0,0,0,0,,player.fcgi?id=brunan000jas
Alex DeLeon?,--,2012,Kansas,Big 12,43,174,153,11,40,7,0,4,23,0,1,18,29,0.261,0.345,0.386,0.73,59,,2,0,1,0,,player.fcgi?id=deleon001ale
Jordan Dreiling?,--,2012,Kansas,Big 12,45,155,113,29,34,5,2,0,11,2,2,30,14,0.301,0.453,0.381,0.833,43,,3,7,2,0,,player.fcgi?id=drelli000jor
Kaiana Eldredge,20,2012,Kansas,Big 12,47,172,146,18,27,3,0,0,16,3,4,11,38,0.185,0.252,0.206,0.457,30,,3,9,3,0,,player.fcgi?id=eldred001dav
Zachary Elgie,22,2012,Kansas,Big 12,46,181,159,21,40,11,1,5,28,3,1,15,38,0.252,0.324,0.428,0.752,68,,3,2,2,0,,player.fcgi?id=elgie-001zac
Taylor Hart?,--,2012,Kansas,Big 12,10,6,6,1,2,0,0,0,0,0,0,0,2,0.333,0.333,0.333,0.667,2,,0,0,0,0,,player.fcgi?id=hart--002tay
Tom Hougland?,--,2012,Kansas,Big 12,5,4,3,0,0,0,0,0,0,0,0,1,0,0,0.25,0,0.25,0,,0,0,0,0,,player.fcgi?id=hougla000tom
Kevin Kuntz#,22,2012,Kansas,Big 12,58,268,223,29,56,3,2,0,22,10,3,29,29,0.251,0.343,0.283,0.625,63,,2,14,0,2,,player.fcgi?id=kuntz-001kev
Joe Luvisi?,--,2012,Kansas,Big 12,5,5,5,1,2,0,0,1,3,0,0,0,3,0.4,0.4,1,1.4,5,,0,0,0,0,,player.fcgi?id=luvisi000joe
Chris Manship?,--,2012,Kansas,Big 12,41,138,129,12,35,6,4,1,14,0,1,7,35,0.271,0.319,0.403,0.722,52,,2,0,0,0,,player.fcgi?id=manshi000chr
Jake Marasco?,--,2012,Kansas,Big 12,52,193,168,21,38,7,0,0,10,3,2,19,48,0.226,0.318,0.268,0.586,45,,4,1,1,1,,player.fcgi?id=marasc000jak
Connor McKay,19,2012,Kansas,Big 12,43,168,153,22,31,2,0,5,20,2,0,8,46,0.203,0.256,0.314,0.57,48,,3,4,0,0,,player.fcgi?id=mckay-000con
Joe Moroney,19,2012,Kansas,Big 12,11,4,4,2,1,0,0,0,0,0,2,0,0,0.25,0.25,0.25,0.5,1,,0,0,0,0,,player.fcgi?id=morone000joe
Justin Protacio*,19,2012,Kansas,Big 12,24,36,29,4,5,0,0,0,2,2,0,6,9,0.172,0.333,0.172,0.506,5,,1,0,0,0,,player.fcgi?id=protac000jus
Dakota Smith,19,2012,Kansas,Big 12,41,145,125,17,31,10,0,2,18,3,3,12,26,0.248,0.333,0.376,0.709,47,,4,4,0,0,,player.fcgi?id=smith-000dak
James Stanfield?,--,2012,Kansas,Big 12,45,173,152,14,44,7,0,0,17,1,1,16,19,0.29,0.37,0.336,0.705,51,,4,0,1,1,,player.fcgi?id=stanfi002jam
Michael Suiter,20,2012,Kansas,Big 12,48,191,159,18,36,5,0,4,17,3,3,18,36,0.226,0.333,0.333,0.667,53,,8,5,1,0,,player.fcgi?id=suiter000mic
Tucker Tharp,20,2012,Kansas,Big 12,53,220,189,24,50,3,1,3,18,5,2,20,30,0.265,0.34,0.339,0.678,64,,3,5,3,0,,player.fcgi?id=tharp-000tuc
Jordan Brown?,--,2011,Kansas,Big 12,28,67,57,8,9,0,2,1,8,2,0,6,11,0.158,0.273,0.281,0.553,16,,3,1,0,,,player.fcgi?id=brown-004jor
Jason Brunansky?,--,2011,Kansas,Big 12,42,156,133,19,24,8,0,2,12,6,1,15,29,0.181,0.283,0.286,0.569,38,,4,4,0,,,player.fcgi?id=brunan000jas
Alex DeLeon?,--,2011,Kansas,Big 12,38,118,97,18,31,5,0,6,23,0,1,12,27,0.32,0.409,0.557,0.965,54,,4,3,2,,,player.fcgi?id=deleon001ale
Jordan Dreiling?,--,2011,Kansas,Big 12,40,88,67,9,19,1,1,0,14,7,1,14,5,0.284,0.425,0.328,0.754,22,,4,1,2,,,player.fcgi?id=drelli000jor
Jacob Dunnichay?,--,2011,Kansas,Big 12,8,12,9,4,5,0,0,0,1,0,0,2,0,0.556,0.583,0.556,1.139,5,,0,0,1,,,player.fcgi?id=dunnic000jac
Kaiana Eldredge,19,2011,Kansas,Big 12,49,182,157,20,42,13,2,1,26,2,2,15,46,0.268,0.343,0.395,0.738,62,,4,4,2,,,player.fcgi?id=eldred001dav
Zachary Elgie,21,2011,Kansas,Big 12,54,220,202,26,60,22,1,7,37,4,2,10,37,0.297,0.339,0.52,0.859,105,,4,2,2,,,player.fcgi?id=elgie-001zac
Taylor Hart?,--,2011,Kansas,Big 12,8,13,9,5,2,0,0,0,0,0,0,4,2,0.222,0.462,0.222,0.684,2,,0,0,0,,,player.fcgi?id=hart--002tay
Scott Heitshusen?,--,2011,Kansas,Big 12,17,1,1,0,0,0,0,0,0,0,0,0,0,0,0,0,0,0,,0,0,0,,,player.fcgi?id=heitsh000sco
Tom Hougland?,--,2011,Kansas,Big 12,7,11,10,1,2,1,0,0,1,0,0,0,2,0.2,0.273,0.3,0.573,3,,1,0,0,,,player.fcgi?id=hougla000tom
Kevin Kuntz#,21,2011,Kansas,Big 12,31,89,60,18,21,1,0,0,8,5,2,20,4,0.35,0.524,0.367,0.891,22,,3,5,1,,,player.fcgi?id=kuntz-001kev
Casey Lytle?,--,2011,Kansas,Big 12,56,232,193,27,58,10,1,1,16,11,9,22,31,0.301,0.387,0.378,0.765,73,,7,7,3,,,player.fcgi?id=lytle-000cas
Brandon Macias,22,2011,Kansas,Big 12,54,238,206,34,51,9,1,4,19,6,1,18,35,0.248,0.345,0.359,0.704,74,,13,0,1,,,player.fcgi?id=macias000bra
Chris Manship?,--,2011,Kansas,Big 12,37,127,112,12,28,5,0,2,13,0,1,11,38,0.25,0.32,0.348,0.668,39,,1,2,1,,,player.fcgi?id=manshi000chr
Jake Marasco?,--,2011,Kansas,Big 12,53,205,182,27,52,9,2,2,23,1,3,17,36,0.286,0.36,0.39,0.75,71,,4,2,0,,,player.fcgi?id=marasc000jak
Wally Marciel*,23,2011,Kansas,Big 12,25,2,2,0,1,0,0,0,0,0,0,0,0,0.5,0.5,0.5,1,1,,0,0,0,,,player.fcgi?id=marcie001wal
Carlo Ramirez?,--,2011,Kansas,Big 12,7,8,8,0,1,0,0,0,1,0,0,0,2,0.125,0.125,0.125,0.25,1,,0,0,0,,,player.fcgi?id=ramire016car
James Stanfield?,--,2011,Kansas,Big 12,39,129,113,12,37,5,2,2,9,2,1,10,13,0.327,0.394,0.46,0.854,52,,3,2,1,,,player.fcgi?id=stanfi002jam
Tucker Tharp,19,2011,Kansas,Big 12,30,39,33,11,9,3,0,1,8,2,0,5,7,0.273,0.359,0.455,0.814,15,,0,0,1,,,player.fcgi?id=tharp-000tuc
T.J. Walz,22,2011,Kansas,Big 12,16,1,1,0,1,0,0,0,0,0,0,0,0,1,1,1,2,1,,0,0,0,,,player.fcgi?id=walz--001tho
Jimmy Waters*,23,2011,Kansas,Big 12,56,238,205,35,57,15,4,7,38,5,4,18,25,0.278,0.359,0.493,0.851,101,,10,1,4,,,player.fcgi?id=waters000jim
Taylor Alspaugh?,--,2011,Baylor,Big 12,4,5,4,1,0,0,0,0,0,0,0,1,1,0,0.2,0,0.2,0,,0,0,0,,,player.fcgi?id=alspau000tay
Clay Cunningham?,--,2011,Baylor,Big 12,1,1,1,0,0,0,0,0,0,0,0,0,0,0,0,0,0,0,,0,0,0,,,player.fcgi?id=cunnin000cla
Steve DalPorto?,--,2011,Baylor,Big 12,55,197,158,23,35,6,1,0,13,4,2,21,30,0.222,0.319,0.272,0.591,43,,2,15,1,,,player.fcgi?id=dalpor000ste
Dan Evatt,22,2011,Baylor,Big 12,37,145,123,21,27,7,0,8,23,2,1,18,38,0.22,0.319,0.472,0.791,58,,1,1,2,,,player.fcgi?id=evatt-001dan
Nate Goodwin?,--,2011,Baylor,Big 12,12,14,10,1,2,0,0,0,2,0,0,3,4,0.2,0.429,0.2,0.629,2,,1,0,0,,,player.fcgi?id=goodwi000nat
Joey Hainsfurther#,21,2011,Baylor,Big 12,55,219,185,29,50,6,2,0,17,0,2,26,23,0.27,0.366,0.324,0.691,60,,2,6,0,,,player.fcgi?id=hainsf001joe
Lawton Langford*,--,2011,Baylor,Big 12,22,52,45,7,10,2,0,0,3,1,1,4,7,0.222,0.327,0.267,0.594,12,,3,0,0,,,player.fcgi?id=langfo000law
Josh Ludy,21,2011,Baylor,Big 12,57,231,205,26,57,10,1,3,34,2,0,19,40,0.278,0.352,0.381,0.733,78,,5,1,1,,,player.fcgi?id=ludy--000jos
Wes Mercurio?,--,2011,Baylor,Big 12,11,13,12,3,4,1,1,1,6,0,0,1,4,0.333,0.385,0.833,1.218,10,,0,0,0,,,player.fcgi?id=mercur000wes
Jake Miller,20,2011,Baylor,Big 12,55,208,187,21,56,10,1,3,27,3,1,15,52,0.3,0.35,0.412,0.761,77,,1,2,3,,,player.fcgi?id=miller002jak
Max Muncy*,20,2011,Baylor,Big 12,59,271,227,40,73,10,3,9,44,6,3,37,36,0.322,0.428,0.511,0.939,116,,6,0,1,,,player.fcgi?id=muncy-001max
Dillon Newman,19,2011,Baylor,Big 12,13,1,1,0,1,1,0,0,0,0,0,0,0,1,1,2,3,2,,0,0,0,,,player.fcgi?id=newman001dil
Brooks Pinckard*,22,2011,Baylor,Big 12,55,211,176,35,52,7,5,2,16,36,3,25,40,0.296,0.401,0.426,0.827,75,,6,4,0,,,player.fcgi?id=pincka001ron
Grayson Porter,--,2011,Baylor,Big 12,4,4,4,0,0,0,0,0,0,0,0,0,1,0,0,0,0,0,,0,0,0,,,player.fcgi?id=porter000gra
Chris Slater?,--,2011,Baylor,Big 12,50,161,142,24,40,12,3,2,21,3,2,12,24,0.282,0.342,0.451,0.793,64,,2,3,2,,,player.fcgi?id=slater001chr
Cal Towey*,21,2011,Baylor,Big 12,49,169,131,22,32,4,2,4,15,6,5,28,49,0.244,0.404,0.397,0.801,52,,7,3,0,,,player.fcgi?id=towey-000cal
Joshua Turley*,20,2011,Baylor,Big 12,29,21,18,1,3,1,0,0,0,0,0,2,2,0.167,0.25,0.222,0.472,4,,0,1,0,,,player.fcgi?id=turley001jos
Logan Vick#,20,2011,Baylor,Big 12,47,212,174,26,37,4,3,2,18,6,3,32,34,0.213,0.329,0.305,0.633,53,,0,2,4,,,player.fcgi?id=vick--000log
Landis Ware,22,2011,Baylor,Big 12,56,215,189,18,48,14,1,0,32,10,1,10,52,0.254,0.29,0.339,0.629,64,,2,8,6,,,player.fcgi?id=ware--000jes
Logan Brown?,--,2012,Baylor,Big 12,38,62,52,12,14,1,0,0,4,7,2,3,17,0.269,0.321,0.289,0.61,15,,1,6,0,0,,player.fcgi?id=brown-000log
Steve DalPorto?,--,2012,Baylor,Big 12,22,42,36,6,11,1,0,0,6,0,0,1,8,0.306,0.308,0.333,0.641,12,,0,3,2,0,,player.fcgi?id=dalpor000ste
Dan Evatt,23,2012,Baylor,Big 12,51,182,158,27,52,5,2,8,30,4,3,16,38,0.329,0.401,0.538,0.939,85,,5,0,3,0,,player.fcgi?id=evatt-001dan
Nate Goodwin?,--,2012,Baylor,Big 12,19,20,15,3,4,0,0,0,3,0,0,4,4,0.267,0.421,0.267,0.688,4,,0,1,0,0,,player.fcgi?id=goodwi000nat
Joey Hainsfurther#,22,2012,Baylor,Big 12,27,33,22,3,3,0,0,0,5,0,1,8,2,0.136,0.355,0.136,0.491,3,,0,2,1,0,,player.fcgi?id=hainsf001joe
Michael Howard*,19,2012,Baylor,Big 12,46,113,94,20,28,2,1,1,12,4,3,16,14,0.298,0.405,0.372,0.778,35,,1,2,0,0,,player.fcgi?id=howard005mic
Lawton Langford*,--,2012,Baylor,Big 12,60,261,206,43,62,7,2,0,20,7,3,37,41,0.301,0.419,0.354,0.774,73,,5,13,0,1,,player.fcgi?id=langfo000law
Josh Ludy,22,2012,Baylor,Big 12,63,279,232,41,84,15,0,16,71,1,0,32,41,0.362,0.455,0.634,1.089,147,,11,0,4,2,,player.fcgi?id=ludy--000jos
Wes Mercurio?,--,2012,Baylor,Big 12,13,14,13,1,4,0,0,0,3,0,0,1,0,0.308,0.357,0.308,0.665,4,,0,0,0,0,,player.fcgi?id=mercur000wes
Jake Miller,21,2012,Baylor,Big 12,64,264,234,33,65,13,2,1,31,3,0,10,58,0.278,0.315,0.363,0.678,85,,5,10,5,0,,player.fcgi?id=miller002jak
Max Muncy*,21,2012,Baylor,Big 12,66,306,255,55,82,17,3,7,56,7,5,41,32,0.322,0.418,0.494,0.912,126,,5,0,5,6,,player.fcgi?id=muncy-001max
Nate Orf,22,2012,Baylor,Big 12,65,313,234,61,71,10,2,2,31,17,3,33,33,0.303,0.453,0.389,0.842,91,,35,6,5,1,,player.fcgi?id=orf---000nat
Grayson Porter,--,2012,Baylor,Big 12,11,9,9,1,1,1,0,0,2,0,0,0,4,0.111,0.111,0.222,0.333,2,,0,0,0,0,,player.fcgi?id=porter000gra
Ryan Smith?,--,2012,Baylor,Big 12,17,3,3,0,2,0,0,0,0,0,0,0,1,0.667,0.667,0.667,1.333,2,,0,0,0,0,,player.fcgi?id=smith-009rya
Adam Toth*,20,2012,Baylor,Big 12,46,175,154,28,44,8,1,1,18,18,2,10,19,0.286,0.331,0.37,0.702,57,,2,6,3,0,,player.fcgi?id=toth--000ada
Cal Towey*,22,2012,Baylor,Big 12,66,295,224,43,66,13,4,6,51,9,7,39,63,0.295,0.428,0.469,0.896,105,,16,12,4,1,,player.fcgi?id=towey-000cal
Joshua Turley*,21,2012,Baylor,Big 12,24,9,7,0,2,0,0,0,1,0,0,2,1,0.286,0.444,0.286,0.73,2,,0,0,0,0,,player.fcgi?id=turley001jos
Logan Vick#,21,2012,Baylor,Big 12,64,279,232,50,80,24,0,4,43,19,9,43,28,0.345,0.441,0.5,0.941,116,,0,0,4,1,,player.fcgi?id=vick--000log
Duncan Wendel,19,2012,Baylor,Big 12,5,3,3,0,0,0,0,0,0,0,0,0,0,0,0,0,0,0,,0,0,0,0,,player.fcgi?id=wendel000dun
Crayton Bare*,22,2013,Baylor,Big 12,27,1,1,0,0,0,0,0,0,0,0,0,1,0,0,0,0,0,,0,0,0,0,,player.fcgi?id=bare--000cra
Logan Brown?,--,2013,Baylor,Big 12,48,191,163,28,45,5,1,1,14,16,6,15,21,0.276,0.365,0.337,0.703,55,,9,2,2,0,,player.fcgi?id=brown-000log
Steve DalPorto?,--,2013,Baylor,Big 12,49,153,132,13,32,2,0,0,16,1,2,13,21,0.242,0.333,0.258,0.591,34,,5,3,0,0,,player.fcgi?id=dalpor000ste
Trae Davis,21,2013,Baylor,Big 12,6,1,1,0,0,0,0,0,0,0,0,0,1,0,0,0,0,0,,0,0,0,0,,player.fcgi?id=davis-001tra
Brett Doe,23,2013,Baylor,Big 12,39,110,94,4,17,2,0,0,8,2,1,7,17,0.181,0.257,0.202,0.459,19,,3,5,1,0,,player.fcgi?id=doe---000bre
Nate Goodwin?,--,2013,Baylor,Big 12,40,93,77,6,14,6,0,0,10,0,0,7,17,0.182,0.261,0.26,0.521,20,,2,5,2,0,,player.fcgi?id=goodwi000nat
Jimmy Landes?,--,2013,Baylor,Big 12,15,24,21,0,1,0,0,0,1,0,0,2,6,0.048,0.125,0.048,0.173,1,,0,0,1,0,,player.fcgi?id=landes000jim
Lawton Langford*,--,2013,Baylor,Big 12,53,235,180,37,50,5,0,0,18,7,3,34,30,0.278,0.411,0.306,0.716,55,,10,6,5,2,,player.fcgi?id=langfo000law
Matt Menard,19,2013,Baylor,Big 12,9,9,7,0,1,0,0,0,1,0,0,1,3,0.143,0.333,0.143,0.476,1,,1,0,0,0,,player.fcgi?id=menard000mat
Wes Mercurio?,--,2013,Baylor,Big 12,20,28,26,2,6,1,0,1,2,0,0,1,9,0.231,0.286,0.385,0.67,10,,1,0,0,1,,player.fcgi?id=mercur000wes
Jake Miller,22,2013,Baylor,Big 12,55,227,199,27,57,12,0,1,31,4,2,15,43,0.286,0.33,0.362,0.692,72,,1,6,6,0,,player.fcgi?id=miller002jak
Nate Orf,23,2013,Baylor,Big 12,55,256,215,36,81,15,1,1,34,4,11,25,26,0.377,0.47,0.47,0.94,101,,13,3,0,3,,player.fcgi?id=orf---000nat
Grayson Porter,--,2013,Baylor,Big 12,45,175,153,23,35,5,0,5,29,3,0,14,40,0.229,0.297,0.36,0.657,55,,3,0,5,0,,player.fcgi?id=porter000gra
Mitch Price?,--,2013,Baylor,Big 12,38,87,77,10,18,2,1,2,4,0,0,9,22,0.234,0.322,0.364,0.685,28,,1,0,0,0,,player.fcgi?id=price-000mit
Adam Toth*,21,2013,Baylor,Big 12,53,206,178,27,47,5,2,0,16,18,4,18,41,0.264,0.343,0.315,0.658,56,,5,2,3,2,,player.fcgi?id=toth--000ada
Cal Towey*,23,2013,Baylor,Big 12,55,253,199,34,58,11,5,4,45,10,2,36,43,0.292,0.429,0.457,0.886,91,,14,1,3,2,,player.fcgi?id=towey-000cal
West Tunnell*,19,2013,Baylor,Big 12,31,28,23,14,2,0,0,0,0,3,0,4,12,0.087,0.222,0.087,0.309,2,,0,1,0,0,,player.fcgi?id=tunnel000wes
Duncan Wendel,20,2013,Baylor,Big 12,41,127,116,8,32,4,0,0,13,1,0,9,23,0.276,0.333,0.31,0.644,36,,1,1,0,0,,player.fcgi?id=wendel000dun
Logan Brown?,--,2014,Baylor,Big 12,56,189,174,21,38,7,1,1,13,8,5,6,34,0.218,0.26,0.287,0.547,50,,4,4,1,0,,player.fcgi?id=brown-000log
Ben Carl,20,2014,Baylor,Big 12,38,50,43,3,12,1,1,0,7,0,1,2,7,0.279,0.354,0.349,0.703,15,,3,2,0,0,,player.fcgi?id=carl--000ben
Aaron Dodson#,19,2014,Baylor,Big 12,53,179,162,17,36,9,1,3,16,0,0,14,49,0.222,0.291,0.346,0.636,56,,2,0,1,0,,player.fcgi?id=dodson000aar
Brett Doe,24,2014,Baylor,Big 12,50,185,143,19,37,8,1,1,17,2,0,17,15,0.259,0.368,0.35,0.718,50,,9,14,2,0,,player.fcgi?id=doe---000bre
Nate Goodwin?,--,2014,Baylor,Big 12,21,37,32,2,5,1,0,0,3,0,0,2,7,0.156,0.206,0.188,0.393,6,,0,3,0,0,,player.fcgi?id=goodwi000nat
Lane Kelly?,--,2014,Baylor,Big 12,20,15,12,8,2,0,0,0,1,3,1,2,2,0.167,0.286,0.167,0.452,2,,0,1,0,0,,player.fcgi?id=kelly-000lan
Lawton Langford*,--,2014,Baylor,Big 12,51,211,169,26,39,6,0,0,15,6,5,35,19,0.231,0.376,0.266,0.643,45,,5,1,1,0,,player.fcgi?id=langfo000law
Matt Menard,20,2014,Baylor,Big 12,48,168,146,16,32,9,1,0,12,1,3,16,34,0.219,0.297,0.295,0.592,43,,1,3,2,0,,player.fcgi?id=menard000mat
Dillon Newman,22,2014,Baylor,Big 12,14,1,1,0,0,0,0,0,0,0,0,0,0,0,0,0,0,0,,0,0,0,0,,player.fcgi?id=newman001dil
Grayson Porter,--,2014,Baylor,Big 12,50,179,158,19,36,6,0,5,31,2,2,11,38,0.228,0.296,0.361,0.657,57,,6,0,4,0,,player.fcgi?id=porter000gra
Mitch Price?,--,2014,Baylor,Big 12,34,82,66,8,17,5,0,1,14,0,0,11,13,0.258,0.39,0.379,0.769,25,,4,0,1,1,,player.fcgi?id=price-000mit
Hayden Ross?,--,2014,Baylor,Big 12,26,66,51,10,11,0,1,0,4,0,0,6,20,0.216,0.385,0.255,0.64,13,,8,1,0,0,,player.fcgi?id=ross--000hay
Joe Sabatini#,21,2014,Baylor,Big 12,18,33,28,1,7,1,0,0,3,0,0,3,11,0.25,0.333,0.286,0.619,8,,1,0,1,0,,player.fcgi?id=sabati000joe
Darryn Sheppard,19,2014,Baylor,Big 12,51,179,156,23,25,4,1,3,13,6,1,13,44,0.16,0.251,0.256,0.508,40,,6,4,0,0,,player.fcgi?id=sheppa000dar
Adam Toth*,22,2014,Baylor,Big 12,57,233,216,33,64,9,4,3,26,13,5,10,28,0.296,0.338,0.417,0.754,90,,4,2,1,1,,player.fcgi?id=toth--000ada
West Tunnell*,20,2014,Baylor,Big 12,43,115,99,9,21,3,1,0,10,9,1,13,24,0.212,0.31,0.263,0.572,26,,1,2,0,0,,player.fcgi?id=tunnel000wes
Duncan Wendel,21,2014,Baylor,Big 12,50,172,147,10,37,6,0,0,16,2,1,15,18,0.252,0.341,0.293,0.634,43,,6,2,2,0,,player.fcgi?id=wendel000dun
Justin Arrington*,21,2015,Baylor,Big 12,43,124,111,8,26,4,0,0,11,1,1,12,16,0.234,0.309,0.27,0.579,30,,0,1,0,0,,player.fcgi?id=arring000jus
Logan Brown?,--,2015,Baylor,Big 12,55,248,219,33,63,10,1,1,20,21,10,17,30,0.288,0.354,0.356,0.71,78,,6,5,1,1,,player.fcgi?id=brown-000log
Ben Carl,21,2015,Baylor,Big 12,19,22,19,2,6,1,0,0,4,0,0,1,4,0.316,0.35,0.368,0.718,7,,0,2,0,0,,player.fcgi?id=carl--000ben
Aaron Dodson#,20,2015,Baylor,Big 12,47,155,138,18,31,5,1,3,15,0,0,17,46,0.225,0.31,0.341,0.65,47,,0,0,0,2,,player.fcgi?id=dodson000aar
Jonathan Ducoff,20,2015,Baylor,Big 12,44,126,119,14,30,6,0,1,12,1,1,4,36,0.252,0.272,0.328,0.6,39,,0,1,2,0,,player.fcgi?id=ducoff000jon
Kameron Esthay*,20,2015,Baylor,Big 12,53,171,155,26,50,7,1,5,25,5,2,12,35,0.323,0.38,0.477,0.858,74,,3,0,1,0,,player.fcgi?id=esthay000kam
Levi Gilcrease,20,2015,Baylor,Big 12,40,93,83,10,16,1,1,0,2,2,2,6,22,0.193,0.244,0.229,0.473,19,,0,3,1,0,,player.fcgi?id=gilcre000lev
Lane Kelly?,--,2015,Baylor,Big 12,12,3,2,3,0,0,0,0,0,2,0,0,0,0,0.333,0,0.333,0,,1,0,0,0,,player.fcgi?id=kelly-000lan
Steven McLean,20,2015,Baylor,Big 12,51,121,104,12,21,1,0,0,8,7,3,6,28,0.202,0.25,0.212,0.462,22,,2,5,4,0,,player.fcgi?id=mclean000ste
Matt Menard,21,2015,Baylor,Big 12,40,128,110,5,27,3,1,0,15,1,1,13,22,0.246,0.347,0.291,0.637,32,,4,1,0,0,,player.fcgi?id=menard000mat
Cameron Miller*,19,2015,Baylor,Big 12,31,83,72,7,16,4,0,0,9,0,0,10,20,0.222,0.325,0.278,0.603,20,,1,0,0,0,,player.fcgi?id=miller000cam
Mitch Price?,--,2015,Baylor,Big 12,48,143,126,17,35,7,0,3,19,0,0,11,24,0.278,0.357,0.405,0.761,51,,5,0,1,0,,player.fcgi?id=price-000mit
Ryan Romo?,--,2015,Baylor,Big 12,3,9,7,0,2,0,0,0,0,0,0,1,1,0.286,0.444,0.286,0.73,2,,1,0,0,0,,player.fcgi?id=romo--000rya
Hayden Ross?,--,2015,Baylor,Big 12,25,82,68,10,17,4,0,0,6,6,2,8,16,0.25,0.342,0.309,0.651,21,,2,3,1,0,,player.fcgi?id=ross--000hay
Joe Sabatini#,22,2015,Baylor,Big 12,25,47,41,3,7,2,2,0,6,0,1,4,14,0.171,0.255,0.317,0.572,13,,1,0,1,0,,player.fcgi?id=sabati000joe
Darryn Sheppard,20,2015,Baylor,Big 12,38,139,118,18,27,10,0,3,10,5,4,15,29,0.229,0.324,0.39,0.713,46,,2,3,1,0,,player.fcgi?id=sheppa000dar
Case Smith?,--,2015,Baylor,Big 12,10,8,7,1,2,0,0,0,0,0,0,1,1,0.286,0.375,0.286,0.661,2,,0,0,0,0,,player.fcgi?id=smith-005cas
Adam Toth*,23,2015,Baylor,Big 12,32,127,107,11,31,8,2,1,19,5,2,13,22,0.29,0.355,0.43,0.785,46,,0,3,4,1,,player.fcgi?id=toth--000ada
West Tunnell*,21,2015,Baylor,Big 12,41,95,89,8,23,5,2,0,9,6,1,5,19,0.258,0.295,0.36,0.654,32,,0,0,1,0,,player.fcgi?id=tunnel000wes
Duncan Wendel,22,2015,Baylor,Big 12,41,154,131,20,36,5,0,0,14,2,2,19,14,0.275,0.357,0.313,0.67,41,,0,0,4,1,,player.fcgi?id=wendel000dun
Justin Arrington*,22,2016,Baylor,Big 12,47,178,165,15,49,11,0,0,14,0,1,9,20,0.297,0.333,0.364,0.697,60,,0,4,0,0,,player.fcgi?id=arring000jus
Josh Bissonette,19,2016,Baylor,Big 12,52,201,157,28,37,3,0,3,22,1,3,29,21,0.236,0.366,0.312,0.678,49,,5,7,3,0,,player.fcgi?id=bisson000jos
Ben Carl,22,2016,Baylor,Big 12,20,36,33,4,4,2,0,0,1,0,0,1,5,0.121,0.171,0.182,0.353,6,,1,1,0,0,,player.fcgi?id=carl--000ben
Richard Cunningham*,21,2016,Baylor,Big 12,52,214,178,40,51,9,5,5,26,3,1,19,35,0.287,0.386,0.478,0.863,85,,11,4,2,1,,player.fcgi?id=cunnin002ric
Aaron Dodson#,21,2016,Baylor,Big 12,48,203,178,17,46,5,2,4,22,0,0,16,51,0.258,0.327,0.376,0.703,67,,3,4,2,3,,player.fcgi?id=dodson000aar
Jonathan Ducoff,21,2016,Baylor,Big 12,17,27,27,3,2,1,0,0,2,0,0,0,14,0.074,0.074,0.111,0.185,3,,0,0,0,0,,player.fcgi?id=ducoff000jon
Kameron Esthay*,21,2016,Baylor,Big 12,49,211,192,20,59,14,1,3,31,2,0,19,38,0.307,0.37,0.438,0.807,84,,0,0,0,0,,player.fcgi?id=esthay000kam
Levi Gilcrease,21,2016,Baylor,Big 12,31,121,105,17,26,4,1,0,7,0,3,6,25,0.248,0.301,0.305,0.606,32,,2,8,0,0,,player.fcgi?id=gilcre000lev
Steven McLean,21,2016,Baylor,Big 12,53,238,201,31,62,9,3,2,24,6,1,12,40,0.309,0.382,0.413,0.795,83,,13,10,2,0,,player.fcgi?id=mclean000ste
Matt Menard,22,2016,Baylor,Big 12,44,175,152,28,47,11,0,6,25,0,0,16,30,0.309,0.376,0.5,0.876,76,,2,2,3,0,,player.fcgi?id=menard000mat
Cameron Miller*,20,2016,Baylor,Big 12,19,37,31,2,5,2,0,0,4,0,0,2,6,0.161,0.257,0.226,0.483,7,,2,2,0,0,,player.fcgi?id=miller000cam
T.J. Raguse*,19,2016,Baylor,Big 12,36,111,90,19,27,8,0,1,18,1,1,19,19,0.3,0.427,0.422,0.85,38,,1,1,0,0,,player.fcgi?id=raguse000tj-
Joe Sabatini#,23,2016,Baylor,Big 12,19,40,36,4,8,2,0,0,3,0,0,2,11,0.222,0.275,0.278,0.553,10,,1,0,1,0,,player.fcgi?id=sabati000joe
Darryn Sheppard,21,2016,Baylor,Big 12,52,226,204,35,60,10,2,8,40,1,0,13,41,0.294,0.341,0.48,0.821,98,,4,0,5,0,,player.fcgi?id=sheppa000dar
West Tunnell*,22,2016,Baylor,Big 12,28,57,52,9,11,1,0,2,3,0,1,2,19,0.212,0.25,0.346,0.596,18,,1,1,1,0,,player.fcgi?id=tunnel000wes
Ryan Bertelsman,19,2017,Baylor,Big 12,3,3,3,0,0,0,0,0,0,0,0,0,2,0,0,0,0,0,,0,0,0,0,,player.fcgi?id=bertel000rya
Josh Bissonette,20,2017,Baylor,Big 12,55,218,180,25,49,7,1,0,21,2,0,26,25,0.272,0.37,0.322,0.692,58,,2,10,0,0,,player.fcgi?id=bisson000jos
Tucker Cascadden,21,2017,Baylor,Big 12,54,187,163,23,43,11,0,1,31,2,4,14,25,0.264,0.326,0.35,0.676,57,,3,3,4,0,,player.fcgi?id=cascad000tuc
Richard Cunningham*,22,2017,Baylor,Big 12,48,193,170,30,52,15,3,5,29,2,1,11,37,0.306,0.365,0.518,0.882,88,,7,1,4,0,,player.fcgi?id=cunnin002ric
Aaron Dodson#,22,2017,Baylor,Big 12,55,215,189,37,65,9,2,11,42,0,0,15,55,0.344,0.403,0.587,0.99,111,,5,4,2,0,,player.fcgi?id=dodson000aar
Kameron Esthay*,22,2017,Baylor,Big 12,57,242,205,40,58,11,2,9,35,4,1,30,52,0.283,0.38,0.488,0.868,100,,4,0,3,1,,player.fcgi?id=esthay000kam
Levi Gilcrease,22,2017,Baylor,Big 12,38,52,39,6,9,2,0,0,3,0,1,8,9,0.231,0.388,0.282,0.67,11,,2,3,0,0,,player.fcgi?id=gilcre000lev
Tucker Johnson,21,2017,Baylor,Big 12,26,33,27,6,9,3,0,1,10,0,0,4,3,0.333,0.455,0.556,1.01,15,,2,0,0,0,,player.fcgi?id=johnso000tuc
Shea Langeliers,19,2017,Baylor,Big 12,55,243,211,43,66,14,2,10,38,1,3,24,37,0.313,0.388,0.54,0.928,114,,3,3,2,1,,player.fcgi?id=langel000she
Steven McLean,22,2017,Baylor,Big 12,42,167,146,20,38,7,0,0,11,1,4,14,21,0.26,0.331,0.308,0.64,45,,2,4,1,0,,player.fcgi?id=mclean000ste
Matt Menard,23,2017,Baylor,Big 12,57,236,208,36,65,10,0,3,28,4,0,18,36,0.313,0.38,0.404,0.784,84,,6,2,2,2,,player.fcgi?id=menard000mat
Cameron Miller*,21,2017,Baylor,Big 12,14,15,14,5,6,1,0,1,7,0,0,1,3,0.429,0.467,0.714,1.181,10,,0,0,0,0,,player.fcgi?id=miller000cam
Kyle Ott,22,2017,Baylor,Big 12,27,1,1,0,0,0,0,0,0,0,0,0,0,0,0,0,0,0,,0,0,0,0,,player.fcgi?id=ott---000kyl
T.J. Raguse*,20,2017,Baylor,Big 12,49,207,169,26,45,5,0,1,23,7,2,31,29,0.266,0.378,0.314,0.691,53,,1,3,3,2,,player.fcgi?id=raguse000tj-
Hunter Seay*,20,2017,Baylor,Big 12,17,13,11,3,3,0,0,0,0,0,0,2,3,0.273,0.385,0.273,0.657,3,,0,0,0,1,,player.fcgi?id=seay--000hun
Andy Thomas*,19,2017,Baylor,Big 12,14,26,20,7,9,1,2,1,8,0,0,5,1,0.45,0.577,0.85,1.427,17,,1,0,0,0,,player.fcgi?id=thomas005and
Cole Weaver*,19,2017,Baylor,Big 12,6,4,4,3,2,0,0,0,2,0,0,0,0,0.5,0.5,0.5,1,2,,0,0,0,0,,player.fcgi?id=weaver002col
Davis Wendzel,20,2017,Baylor,Big 12,50,193,153,34,46,7,2,8,30,0,2,30,22,0.301,0.428,0.529,0.957,81,,4,6,0,0,,player.fcgi?id=wendze000dav
Josh Bissonette,21,2018,Baylor,Big 12,57,236,193,32,52,10,1,7,39,2,1,27,33,0.269,0.374,0.44,0.814,85,,7,6,3,0,,player.fcgi?id=bisson000jos
Tucker Cascadden,22,2018,Baylor,Big 12,36,105,91,14,21,3,3,0,13,4,1,8,22,0.231,0.297,0.33,0.627,30,,1,4,1,0,,player.fcgi?id=cascad000tuc
Richard Cunningham*,23,2018,Baylor,Big 12,55,249,225,45,77,14,2,9,38,6,2,11,43,0.342,0.396,0.542,0.938,122,,9,4,0,0,,player.fcgi?id=cunnin002ric
Davion Downey*,19,2018,Baylor,Big 12,55,228,179,31,49,10,1,4,33,1,2,31,33,0.274,0.399,0.408,0.807,73,,9,5,4,0,,player.fcgi?id=downey001dav
Levi Gilcrease,23,2018,Baylor,Big 12,44,67,59,13,14,2,1,0,5,0,1,5,17,0.237,0.297,0.305,0.602,18,,0,3,0,0,,player.fcgi?id=gilcre000lev
Cole Haring,21,2018,Baylor,Big 12,56,242,216,40,55,13,2,7,32,4,2,17,62,0.255,0.322,0.431,0.753,93,,5,3,1,0,,player.fcgi?id=haring000col
Tucker Johnson,22,2018,Baylor,Big 12,17,25,23,0,2,0,1,0,1,0,0,1,7,0.087,0.16,0.174,0.334,4,,1,0,0,0,,player.fcgi?id=johnso000tuc
Shea Langeliers,20,2018,Baylor,Big 12,58,268,226,49,57,18,2,11,44,4,1,35,45,0.252,0.351,0.496,0.846,112,,2,0,5,0,,player.fcgi?id=langel000she
Nick Loftin,19,2018,Baylor,Big 12,55,254,222,52,67,12,0,6,36,5,3,21,20,0.302,0.366,0.437,0.803,97,,2,8,1,0,,player.fcgi?id=loftin000nic
T.J. Raguse*,21,2018,Baylor,Big 12,35,122,108,22,35,4,0,1,19,0,1,10,12,0.324,0.38,0.389,0.769,42,,1,1,2,0,,player.fcgi?id=raguse000tj-
Hunter Seay*,21,2018,Baylor,Big 12,4,9,8,2,2,0,0,0,0,0,0,1,3,0.25,0.333,0.25,0.583,2,,0,0,0,1,,player.fcgi?id=seay--000hun
Andy Thomas*,20,2018,Baylor,Big 12,58,263,216,35,70,10,0,1,34,4,1,41,30,0.324,0.435,0.384,0.819,83,,2,3,1,0,,player.fcgi?id=thomas005and
Cole Weaver*,20,2018,Baylor,Big 12,11,12,11,1,2,0,0,0,0,0,0,1,2,0.182,0.25,0.182,0.432,2,,0,0,0,0,,player.fcgi?id=weaver002col
Davis Wendzel,21,2018,Baylor,Big 12,58,271,216,38,67,22,1,8,49,4,2,39,40,0.31,0.435,0.532,0.968,115,,12,0,4,2,,player.fcgi?id=wendze000dav
Ryan Bertelsman,21,2019,Baylor,Big 12,17,32,29,5,10,1,1,1,10,2,1,1,7,0.345,0.355,0.552,0.907,16,,0,1,1,0,,player.fcgi?id=bertel000rya
Josh Bissonette,22,2019,Baylor,Big 12,54,233,198,35,54,8,3,4,29,0,1,24,26,0.273,0.358,0.404,0.762,80,,4,4,3,0,,player.fcgi?id=bisson000jos
Richard Cunningham*,24,2019,Baylor,Big 12,54,267,233,54,76,13,4,5,31,6,0,14,35,0.326,0.387,0.481,0.868,112,,11,6,3,1,,player.fcgi?id=cunnin002ric
Davion Downey*,20,2019,Baylor,Big 12,51,185,140,30,34,8,1,4,28,2,0,26,44,0.243,0.404,0.4,0.804,56,,14,2,3,2,,player.fcgi?id=downey001dav
Cole Haring,22,2019,Baylor,Big 12,48,212,191,43,62,4,1,12,44,6,3,15,37,0.325,0.381,0.545,0.926,104,,3,2,1,1,,player.fcgi?id=haring000col
Kyle Harper,--,2019,Baylor,Big 12,13,40,36,4,12,2,0,1,7,0,0,1,4,0.333,0.375,0.472,0.847,17,,2,0,1,0,,player.fcgi?id=harper002kyl
Brooks Helmer,19,2019,Baylor,Big 12,7,1,1,0,0,0,0,0,0,0,0,0,1,0,0,0,0,0,,0,0,0,0,,player.fcgi?id=helmer000bro
Kyle Hill,22,2019,Baylor,Big 12,24,1,1,0,1,1,0,0,1,0,0,0,0,1,1,2,3,2,,0,0,0,0,,player.fcgi?id=hill--000kyl
Shea Langeliers,21,2019,Baylor,Big 12,44,207,185,33,57,9,1,10,42,4,2,18,29,0.308,0.374,0.53,0.904,98,,2,1,1,0,,player.fcgi?id=langel000she
Nick Loftin,20,2019,Baylor,Big 12,53,265,235,55,76,18,3,6,41,6,2,17,17,0.323,0.38,0.502,0.882,118,,7,2,4,0,,player.fcgi?id=loftin000nic
Ricky Martinez,19,2019,Baylor,Big 12,12,23,21,1,5,1,0,0,2,0,0,1,6,0.238,0.304,0.286,0.59,6,,1,0,0,0,,player.fcgi?id=martin026ric
MacKenzie Mueller,21,2019,Baylor,Big 12,23,66,56,12,16,6,0,2,13,0,0,6,22,0.286,0.379,0.5,0.879,28,,3,0,1,0,,player.fcgi?id=muelle000mac
T.J. Raguse*,22,2019,Baylor,Big 12,8,10,8,0,1,0,0,0,1,0,1,1,3,0.125,0.3,0.125,0.425,1,,1,0,0,0,,player.fcgi?id=raguse000tj-
Hunter Seay*,22,2019,Baylor,Big 12,6,8,8,1,1,0,0,0,0,0,0,0,2,0.125,0.125,0.125,0.25,1,,0,0,0,0,,player.fcgi?id=seay--000hun
Andy Thomas*,21,2019,Baylor,Big 12,47,214,185,31,62,22,0,4,32,1,0,24,31,0.335,0.413,0.519,0.932,96,,2,1,2,2,,player.fcgi?id=thomas005and
Jake Walsh,--,2019,Baylor,Big 12,1,1,1,0,0,0,0,0,0,0,0,0,0,0,0,0,0,0,,0,0,0,0,,player.fcgi?id=walsh-002jak
Cole Weaver*,21,2019,Baylor,Big 12,17,47,33,10,11,1,1,0,5,2,0,9,4,0.333,0.511,0.424,0.935,14,,3,2,0,0,,player.fcgi?id=weaver002col
Chase Wehsener,20,2019,Baylor,Big 12,53,214,182,33,53,7,1,0,20,2,1,22,34,0.291,0.37,0.341,0.711,62,,2,6,2,0,,player.fcgi?id=wehsen000cha
Davis Wendzel,22,2019,Baylor,Big 12,46,223,177,38,65,19,0,8,42,11,3,31,37,0.367,0.484,0.61,1.095,108,,12,0,3,4,,player.fcgi?id=wendze000dav
Ryan Bertelsman,22,2020,Baylor,Big 12,5,9,8,0,1,0,0,0,0,0,1,1,3,0.125,0.222,0.125,0.347,1,,0,0,0,0,,player.fcgi?id=bertel000rya
Esteban Cardoza-Oquendo#,21,2020,Baylor,Big 12,16,62,50,9,12,5,0,0,5,1,1,6,12,0.24,0.377,0.34,0.717,17,,5,1,0,0,,player.fcgi?id=cardoz000est
Cade Currington,19,2020,Baylor,Big 12,3,9,8,1,2,0,0,0,1,0,0,0,2,0.25,0.333,0.25,0.583,2,,1,0,0,0,,player.fcgi?id=currin000cad
Davion Downey*,21,2020,Baylor,Big 12,10,41,36,5,14,3,0,2,6,2,0,5,8,0.389,0.463,0.639,1.102,23,,0,0,0,0,,player.fcgi?id=downey001dav
Benjamin Greer#,18,2020,Baylor,Big 12,2,4,4,0,1,1,0,0,0,0,0,0,1,0.25,0.25,0.5,0.75,2,,0,0,0,0,,player.fcgi?id=greer-000ben
Kyle Harper,--,2020,Baylor,Big 12,8,19,17,2,1,0,0,1,2,0,0,0,2,0.059,0.158,0.235,0.393,4,,2,0,0,0,,player.fcgi?id=harper002kyl
Nick Loftin,21,2020,Baylor,Big 12,14,62,57,7,17,4,2,2,15,0,0,4,11,0.298,0.339,0.544,0.883,31,,0,0,1,0,,player.fcgi?id=loftin000nic
Ricky Martinez,20,2020,Baylor,Big 12,12,48,41,9,12,4,0,1,11,0,0,4,6,0.293,0.362,0.463,0.825,19,,1,1,1,0,,player.fcgi?id=martin026ric
Jared McKenzie*,19,2020,Baylor,Big 12,16,76,69,12,28,3,0,0,5,4,1,5,7,0.406,0.453,0.449,0.903,31,,1,1,0,2,,player.fcgi?id=mckenz000jar
MacKenzie Mueller,22,2020,Baylor,Big 12,16,65,57,11,16,4,0,4,10,0,1,7,10,0.281,0.369,0.561,0.931,32,,1,0,0,0,,player.fcgi?id=muelle000mac
Kyle Nevin,18,2020,Baylor,Big 12,12,41,40,5,14,0,2,0,3,1,0,1,6,0.35,0.366,0.45,0.816,18,,0,0,0,0,,player.fcgi?id=nevin-000kyl
Tre Richardson III,18,2020,Baylor,Big 12,10,35,28,4,5,0,1,0,3,0,0,3,7,0.179,0.294,0.25,0.544,7,,2,1,1,0,,player.fcgi?id=richar002tre
Nolan Rodriguez*,19,2020,Baylor,Big 12,2,1,1,1,0,0,0,0,0,0,0,0,0,0,0,0,0,0,,0,0,0,0,,player.fcgi?id=rodrig000nol
Hunter Seay*,23,2020,Baylor,Big 12,9,26,22,4,5,1,0,0,3,0,0,2,4,0.227,0.28,0.273,0.553,6,,0,1,1,0,,player.fcgi?id=seay--000hun
Andy Thomas*,22,2020,Baylor,Big 12,14,62,47,5,10,0,0,2,7,1,0,11,9,0.213,0.371,0.34,0.711,16,,2,0,2,1,,player.fcgi?id=thomas005and
Chase Wehsener,21,2020,Baylor,Big 12,14,62,58,7,13,3,0,3,4,0,0,2,13,0.224,0.262,0.431,0.693,25,,1,1,0,0,,player.fcgi?id=wehsen000cha
Nic Balsano,20,2021,Baylor,Big 12,6,4,2,2,0,0,0,0,0,0,0,2,0,0,0.5,0,0.5,0,,0,0,0,0,,player.fcgi?id=balsan000nic
Cam Caley*,19,2021,Baylor,Big 12,18,10,8,4,2,0,0,1,4,0,0,2,1,0.25,0.4,0.625,1.025,5,,0,0,0,0,,player.fcgi?id=caley-000cam
Esteban Cardoza-Oquendo#,22,2021,Baylor,Big 12,40,163,134,18,39,4,0,1,25,1,1,15,25,0.291,0.386,0.343,0.729,46,,7,5,2,0,,player.fcgi?id=cardoz000est
Cade Currington,20,2021,Baylor,Big 12,32,90,79,12,24,3,0,3,12,0,1,9,12,0.304,0.371,0.456,0.827,36,,0,1,1,0,,player.fcgi?id=currin000cad
Davion Downey*,22,2021,Baylor,Big 12,50,210,175,26,44,9,1,6,31,8,2,28,49,0.251,0.367,0.417,0.784,73,,5,0,2,1,,player.fcgi?id=downey001dav
Alex Gonzales,19,2021,Baylor,Big 12,11,29,25,5,9,1,0,0,7,1,0,4,8,0.36,0.448,0.4,0.848,10,,0,0,0,0,,player.fcgi?id=gonzal021ale
JD Gregson,19,2021,Baylor,Big 12,2,2,2,0,0,0,0,0,0,0,0,0,1,0,0,0,0,0,,0,0,0,0,,player.fcgi?id=gregso000jd-
Kyle Harper,--,2021,Baylor,Big 12,6,9,9,2,3,0,0,1,2,0,0,0,4,0.333,0.333,0.667,1,6,,0,0,0,0,,player.fcgi?id=harper002kyl
Ben Kesler?,--,2021,Baylor,Big 12,1,1,1,0,0,0,0,0,0,0,0,0,1,0,0,0,0,0,,0,0,0,0,,player.fcgi?id=kesler000ben
Hayden Kettler,23,2021,Baylor,Big 12,13,1,1,0,0,0,0,0,0,0,0,0,1,0,0,0,0,0,,0,0,0,0,,player.fcgi?id=kettle000hay
Ryan Leckich#,23,2021,Baylor,Big 12,26,1,1,0,0,0,0,0,0,0,0,0,1,0,0,0,0,0,,0,0,0,0,,player.fcgi?id=leckic000rya
Ricky Martinez,21,2021,Baylor,Big 12,8,11,11,1,2,0,0,0,2,0,0,0,3,0.182,0.182,0.182,0.364,2,,0,0,0,0,,player.fcgi?id=martin026ric
Jared McKenzie*,20,2021,Baylor,Big 12,51,246,214,62,82,14,4,10,44,3,1,15,35,0.383,0.453,0.626,1.079,134,,14,1,2,1,,player.fcgi?id=mckenz000jar
Kyle Nevin,19,2021,Baylor,Big 12,46,196,178,29,49,6,1,1,22,1,1,15,37,0.275,0.328,0.337,0.665,60,,0,1,2,0,,player.fcgi?id=nevin-000kyl
Ryan Patterson?,--,2021,Baylor,Big 12,1,1,1,0,0,0,0,0,0,0,0,0,1,0,0,0,0,0,,0,0,0,0,,player.fcgi?id=patter005rya
Jack Pineda*,21,2021,Baylor,Big 12,51,245,205,52,67,16,3,4,33,5,1,33,42,0.327,0.43,0.493,0.923,101,,4,3,0,0,,player.fcgi?id=pineda000jac
Tre Richardson III,19,2021,Baylor,Big 12,51,237,201,46,62,16,3,3,37,6,0,18,38,0.309,0.389,0.463,0.852,93,,11,3,4,0,,player.fcgi?id=richar002tre
Nolan Rodriguez*,20,2021,Baylor,Big 12,11,4,4,4,1,0,1,0,0,0,1,0,0,0.25,0.25,0.75,1,3,,0,0,0,0,,player.fcgi?id=rodrig000nol
Jacob Schoenvogel*,19,2021,Baylor,Big 12,19,36,31,10,7,2,0,0,5,1,1,4,10,0.226,0.333,0.29,0.624,9,,1,0,0,0,,player.fcgi?id=schoen003jac
Andy Thomas*,23,2021,Baylor,Big 12,51,227,193,46,65,11,1,11,60,1,0,24,29,0.337,0.411,0.575,0.986,111,,3,3,4,1,,player.fcgi?id=thomas005and
Antonio Valdez#,21,2021,Baylor,Big 12,42,144,114,20,32,3,0,3,22,3,3,24,41,0.281,0.409,0.386,0.795,44,,2,2,2,0,,player.fcgi?id=valdez001ant
Chase Wehsener,22,2021,Baylor,Big 12,44,173,145,21,37,6,0,4,26,1,0,17,36,0.255,0.345,0.379,0.725,55,,4,5,2,0,,player.fcgi?id=wehsen000cha
Beau Wimpee*,20,2021,Baylor,Big 12,16,28,11,4,2,0,0,0,4,1,0,10,3,0.182,0.593,0.182,0.774,2,,4,1,2,0,,player.fcgi?id=wimpee000bea
Kobe Andrade*,19,2022,Baylor,Big 12,26,20,14,1,1,0,0,0,1,0,0,4,9,0.071,0.3,0.071,0.371,1,0,1,0,1,0,,player.fcgi?id=andrad000kob
Nic Balsano,21,2022,Baylor,Big 12,8,14,13,0,3,0,0,0,1,0,0,0,5,0.231,0.214,0.231,0.445,3,0,0,0,1,0,,player.fcgi?id=balsan000nic
Cam Caley*,20,2022,Baylor,Big 12,36,48,43,3,13,4,0,0,6,0,1,4,6,0.302,0.375,0.395,0.77,17,0,1,0,0,0,,player.fcgi?id=caley-000cam
Harrison Caley,20,2022,Baylor,Big 12,42,161,134,18,37,3,0,0,14,0,1,20,31,0.276,0.378,0.299,0.677,40,2,2,5,0,0,,player.fcgi?id=caley-000har
Esteban Cardoza-Oquendo#,23,2022,Baylor,Big 12,51,205,170,25,38,9,0,0,23,1,2,14,25,0.224,0.318,0.277,0.594,47,3,10,10,1,0,,player.fcgi?id=cardoz000est
Cortlan Castle,19,2022,Baylor,Big 12,16,48,42,8,11,2,1,0,6,0,0,3,6,0.262,0.354,0.357,0.711,15,1,3,0,0,0,,player.fcgi?id=castle000cor
Cade Currington,21,2022,Baylor,Big 12,8,13,11,0,3,0,0,0,0,0,0,2,2,0.273,0.385,0.273,0.657,3,0,0,0,0,0,,player.fcgi?id=currin000cad
Alex Gonzales,20,2022,Baylor,Big 12,38,104,94,13,17,3,1,0,11,1,0,6,17,0.181,0.25,0.234,0.484,22,1,3,0,1,0,,player.fcgi?id=gonzal021ale
Cody Grebeck*,19,2022,Baylor,Big 12,9,16,12,1,1,0,0,0,0,0,0,4,7,0.083,0.313,0.083,0.396,1,0,0,0,0,0,,player.fcgi?id=grebec000cod
Ian Groves,23,2022,Baylor,Big 12,21,48,43,6,8,0,0,4,6,2,0,5,13,0.186,0.271,0.465,0.736,20,0,0,0,0,0,,player.fcgi?id=groves000ian
Jared McKenzie*,21,2022,Baylor,Big 12,54,243,205,35,59,12,1,11,42,4,0,26,64,0.288,0.388,0.517,0.906,106,0,9,1,2,2,,player.fcgi?id=mckenz000jar
Casen Neumann*,20,2022,Baylor,Big 12,33,88,72,13,21,4,0,2,15,0,0,11,12,0.292,0.409,0.431,0.84,31,3,4,0,1,0,,player.fcgi?id=neuman000cas
Kyle Nevin,20,2022,Baylor,Big 12,54,245,214,37,65,15,3,8,49,6,1,21,37,0.304,0.361,0.514,0.875,110,5,2,1,7,4,,player.fcgi?id=nevin-000kyl
Jack Pineda*,22,2022,Baylor,Big 12,54,262,227,56,68,15,5,7,35,10,5,27,38,0.3,0.391,0.502,0.893,114,3,7,1,0,0,,player.fcgi?id=pineda000jac
Tre Richardson III,20,2022,Baylor,Big 12,54,253,212,61,63,15,1,4,35,9,2,32,51,0.297,0.398,0.434,0.832,92,1,5,2,2,0,,player.fcgi?id=richar002tre
Nolan Rodriguez*,21,2022,Baylor,Big 12,23,13,11,3,2,0,0,0,2,0,0,2,3,0.182,0.308,0.182,0.49,2,0,0,0,0,0,,player.fcgi?id=rodrig000nol
Jacob Schoenvogel*,20,2022,Baylor,Big 12,27,73,54,19,13,1,0,1,8,1,1,13,13,0.241,0.414,0.315,0.729,17,0,3,3,0,0,,player.fcgi?id=schoen003jac
Antonio Valdez#,22,2022,Baylor,Big 12,39,96,74,7,16,0,1,1,12,8,2,19,19,0.216,0.385,0.284,0.669,21,0,2,0,1,0,,player.fcgi?id=valdez001ant
Chase Wehsener,23,2022,Baylor,Big 12,40,175,143,20,37,6,0,1,30,0,0,21,35,0.259,0.368,0.322,0.69,46,6,6,1,4,1,,player.fcgi?id=wehsen000cha
Beau Wimpee*,21,2022,Baylor,Big 12,24,33,24,3,6,0,0,0,3,1,0,5,10,0.25,0.419,0.25,0.669,6,1,2,2,0,0,,player.fcgi?id=wimpee000bea
Daniel Altman*,21,2023,Baylor,Big 12,27,52,41,3,10,1,0,0,4,1,0,7,10,0.244,0.373,0.268,0.641,11,0,2,1,1,0,,player.fcgi?id=altman000dan
Kobe Andrade*,20,2023,Baylor,Big 12,27,106,92,12,17,8,4,1,12,1,2,7,26,0.185,0.255,0.391,0.646,36,0,3,0,4,0,,player.fcgi?id=andrad000kob
Caleb Bergman,20,2023,Baylor,Big 12,45,109,94,16,21,3,0,0,12,0,1,8,29,0.223,0.298,0.255,0.553,24,1,2,5,0,0,,player.fcgi?id=bergma001cal
Kolby Branch,20,2023,Baylor,Big 12,55,256,212,49,69,17,2,6,41,7,3,39,38,0.326,0.43,0.509,0.939,108,4,2,0,3,1,,player.fcgi?id=branch000kol
Gavin Brzozowski*,20,2023,Baylor,Big 12,50,178,146,24,36,3,2,5,20,2,1,25,40,0.247,0.367,0.397,0.765,58,1,4,1,2,0,,player.fcgi?id=brzozo000gav
Ethan Calder*,19,2023,Baylor,Big 12,27,11,10,0,1,0,0,0,1,0,1,1,2,0.1,0.182,0.1,0.282,1,2,0,0,0,0,,player.fcgi?id=calder000eth
Cam Caley*,21,2023,Baylor,Big 12,21,9,8,0,1,0,0,0,0,0,0,1,5,0.125,0.222,0.125,0.347,1,0,0,0,0,0,,player.fcgi?id=caley-000cam
Harrison Caley,21,2023,Baylor,Big 12,23,68,55,3,9,0,0,0,5,1,1,10,8,0.164,0.292,0.164,0.456,9,2,0,3,0,0,,player.fcgi?id=caley-000har
Cortlan Castle,20,2023,Baylor,Big 12,40,129,117,23,35,5,1,1,13,2,0,9,16,0.299,0.364,0.385,0.749,45,2,3,0,0,0,,player.fcgi?id=castle000cor
Johnny Ceccoli*,--,2023,Baylor,Big 12,47,176,145,24,34,7,0,5,18,2,0,22,41,0.235,0.358,0.386,0.744,56,1,7,0,2,0,,player.fcgi?id=ceccol000joh
Jack Johnson,20,2023,Baylor,Big 12,27,76,65,8,12,2,0,0,6,1,1,7,21,0.185,0.276,0.215,0.492,14,0,2,0,2,0,,player.fcgi?id=johnso025jac
Zach Mazoch*,19,2023,Baylor,Big 12,24,68,57,9,10,1,0,2,11,1,0,5,12,0.175,0.284,0.298,0.582,17,1,4,1,1,0,,player.fcgi?id=mazoch000zac
Casen Neumann*,21,2023,Baylor,Big 12,23,42,37,3,4,1,1,0,3,1,0,5,22,0.108,0.214,0.189,0.404,7,1,0,0,0,1,,player.fcgi?id=neuman000cas
Will Pendergrass,20,2023,Baylor,Big 12,15,51,44,7,11,3,0,1,6,0,0,4,10,0.25,0.327,0.386,0.713,17,0,1,2,0,0,,player.fcgi?id=pender004wil
Walker Polk,19,2023,Baylor,Big 12,21,59,49,7,11,2,0,3,7,0,0,8,21,0.225,0.356,0.449,0.805,22,1,2,0,0,0,,player.fcgi?id=polk--000wal
Cole Posey,23,2023,Baylor,Big 12,53,216,179,31,50,11,0,3,17,3,3,23,53,0.279,0.397,0.391,0.788,70,2,12,2,0,0,,player.fcgi?id=posey-000col
Hunter Simmons,21,2023,Baylor,Big 12,44,182,158,23,47,7,1,4,34,0,2,13,33,0.298,0.374,0.43,0.804,68,4,8,0,3,1,,player.fcgi?id=simmon002hun
Austin Stracener*,20,2023,Baylor,Big 12,28,53,45,6,7,1,0,0,4,1,1,7,17,0.156,0.264,0.178,0.442,8,1,0,0,1,0,,player.fcgi?id=strace000aus
Casey Sunseri,22,2023,Baylor,Big 12,16,24,20,1,4,1,0,0,5,0,0,1,8,0.2,0.217,0.25,0.467,5,0,0,1,2,0,,player.fcgi?id=sunser000cas
Hunter Teplanszky#,21,2023,Baylor,Big 12,47,210,172,34,53,10,2,6,34,3,2,20,39,0.308,0.406,0.494,0.9,85,6,11,3,4,0,,player.fcgi?id=teplan000hun
Cole Tremain,21,2023,Baylor,Big 12,35,121,110,16,30,6,0,4,18,0,3,8,37,0.273,0.319,0.436,0.756,48,0,0,2,1,0,,player.fcgi?id=tremai000col
Daniel Altman*,22,2024,Baylor,Big 12,47,201,167,28,40,7,1,2,33,2,4,22,41,0.24,0.333,0.329,0.663,55,3,4,3,5,0,,player.fcgi?id=altman000dan
Enzo Apodaca*,22,2024,Baylor,Big 12,53,248,210,46,70,14,3,6,42,2,2,21,19,0.333,0.415,0.514,0.93,108,1,12,0,5,1,,player.fcgi?id=apodac000enz
Caleb Bergman,21,2024,Baylor,Big 12,30,58,47,9,12,1,0,0,2,5,0,8,8,0.255,0.368,0.277,0.645,13,0,1,1,1,0,,player.fcgi?id=bergma001cal
Gavin Brzozowski*,21,2024,Baylor,Big 12,1,3,2,0,1,0,0,0,1,0,0,1,0,0.5,0.667,0.5,1.167,1,0,0,0,0,0,,player.fcgi?id=brzozo000gav
Brayden Buchanan,19,2024,Baylor,Big 12,23,55,44,6,7,1,1,0,0,2,0,8,11,0.159,0.315,0.227,0.542,10,2,2,1,0,0,,player.fcgi?id=buchan001bra
Harrison Caley,22,2024,Baylor,Big 12,15,42,37,8,13,1,1,3,11,1,2,4,9,0.351,0.429,0.676,1.104,25,0,1,0,0,0,,player.fcgi?id=caley-000har
Cortlan Castle,21,2024,Baylor,Big 12,43,153,132,21,36,7,0,0,24,3,1,8,21,0.273,0.331,0.326,0.657,43,0,4,8,1,0,,player.fcgi?id=castle000cor
Kade Fletcher,23,2024,Baylor,Big 12,27,72,60,9,12,4,1,0,7,2,1,7,26,0.2,0.319,0.3,0.619,18,1,4,0,1,0,,player.fcgi?id=fletch000kad
Mason Greer#,24,2024,Baylor,Big 12,35,121,109,13,21,5,0,2,13,0,1,8,27,0.193,0.265,0.294,0.558,32,5,3,0,1,1,,player.fcgi?id=greer-000mas
Jack Johnson,21,2024,Baylor,Big 12,12,11,10,1,1,0,0,1,1,0,0,1,5,0.1,0.182,0.4,0.582,4,0,0,0,0,0,,player.fcgi?id=johnso025jac
Ty Johnson,21,2024,Baylor,Big 12,49,228,198,46,62,8,3,2,20,10,2,20,40,0.313,0.393,0.414,0.807,82,4,6,4,0,0,,player.fcgi?id=johnso009ty-
Wesley Jordan,21,2024,Baylor,Big 12,40,165,133,34,44,11,1,9,32,4,0,23,33,0.331,0.455,0.632,1.086,84,4,8,0,1,2,,player.fcgi?id=jordan001wes
Tyriq Kemp*,21,2024,Baylor,Big 12,53,194,160,25,38,8,0,2,18,5,4,25,37,0.238,0.349,0.325,0.674,52,1,4,2,3,0,,player.fcgi?id=kemp--000tyr
Ryan Martinez,21,2024,Baylor,Big 12,4,3,2,1,0,0,0,0,0,0,0,1,2,0,0.333,0,0.333,0,0,0,0,0,0,,player.fcgi?id=martin009rya
Zach Mazoch*,20,2024,Baylor,Big 12,30,94,77,10,23,3,0,2,17,0,1,13,20,0.299,0.409,0.416,0.824,32,3,2,1,1,0,,player.fcgi?id=mazoch000zac
Will Pendergrass,21,2024,Baylor,Big 12,19,70,63,9,15,5,0,2,10,0,0,4,18,0.238,0.314,0.413,0.727,26,1,3,0,0,0,,player.fcgi?id=pender004wil
Cole Posey,24,2024,Baylor,Big 12,35,125,111,26,35,5,1,5,20,1,0,13,17,0.315,0.392,0.514,0.906,57,2,1,0,0,0,,player.fcgi?id=posey-000col
RJ Ruais*,19,2024,Baylor,Big 12,26,11,9,0,2,0,0,0,0,0,0,1,4,0.222,0.364,0.222,0.586,2,0,1,0,0,0,,player.fcgi?id=ruais-000rj-
Hunter Simmons,22,2024,Baylor,Big 12,5,19,17,3,6,2,1,1,6,0,0,2,5,0.353,0.421,0.765,1.186,13,0,0,0,0,0,,player.fcgi?id=simmon002hun
Hunter Teplanszky#,22,2024,Baylor,Big 12,53,223,187,25,51,8,0,5,32,2,0,27,58,0.273,0.378,0.396,0.774,74,1,6,1,2,0,,player.fcgi?id=teplan000hun
Chase Womack#,19,2024,Baylor,Big 12,12,27,22,3,2,0,0,0,2,0,0,5,8,0.091,0.259,0.091,0.35,2,1,0,0,0,0,,player.fcgi?id=womack002cha
Enzo Apodaca*,23,2025,Baylor,Big 12,55,266,225,56,65,14,3,6,34,3,2,28,27,0.289,0.391,0.458,0.849,103,2,11,0,2,0,,player.fcgi?id=apodac000enz
Caleb Bergman,22,2025,Baylor,Big 12,25,10,9,4,2,0,0,1,1,1,0,0,6,0.222,0.3,0.556,0.856,5,0,1,0,0,0,,player.fcgi?id=bergma001cal
Gavin Brzozowski*,22,2025,Baylor,Big 12,27,80,65,17,16,2,0,2,12,2,0,14,16,0.246,0.375,0.369,0.744,24,2,0,0,1,0,,player.fcgi?id=brzozo000gav
Cortlan Castle,22,2025,Baylor,Big 12,36,131,104,13,29,7,0,1,17,4,3,19,15,0.279,0.392,0.375,0.767,39,2,1,6,1,0,,player.fcgi?id=castle000cor
Ty Johnson,22,2025,Baylor,Big 12,53,219,176,30,46,7,1,1,31,11,1,35,41,0.261,0.398,0.33,0.728,58,4,5,3,0,0,,player.fcgi?id=johnso009ty-
Wesley Jordan,22,2025,Baylor,Big 12,50,225,195,36,60,18,1,10,41,3,1,25,41,0.308,0.396,0.564,0.96,110,4,4,0,1,0,,player.fcgi?id=jordan001wes
Tyriq Kemp*,22,2025,Baylor,Big 12,55,242,201,48,72,14,1,7,41,9,4,32,27,0.358,0.446,0.542,0.988,109,5,3,2,4,2,,player.fcgi?id=kemp--000tyr
JJ Kennett,20,2025,Baylor,Big 12,28,93,74,13,18,1,0,2,21,2,0,12,14,0.243,0.38,0.338,0.718,25,2,5,1,1,0,,player.fcgi?id=kennet000jj-
Jack Little,21,2025,Baylor,Big 12,47,187,155,34,34,8,0,6,30,6,3,24,57,0.219,0.337,0.387,0.724,60,1,4,3,1,0,,player.fcgi?id=little008jac
Will Pendergrass,22,2025,Baylor,Big 12,25,55,51,9,8,1,0,1,7,1,0,3,17,0.157,0.2,0.235,0.435,12,1,0,0,1,0,,player.fcgi?id=pender004wil
Pearson Riebock*,19,2025,Baylor,Big 12,50,220,183,30,56,12,3,3,32,6,2,31,52,0.306,0.406,0.454,0.859,83,4,1,3,2,3,,player.fcgi?id=rieboc000pea
Travis Sanders,21,2025,Baylor,Big 12,47,195,164,44,55,9,1,8,25,8,3,23,52,0.335,0.425,0.549,0.974,90,3,4,2,2,0,,player.fcgi?id=sander004tra
Hunter Simmons,23,2025,Baylor,Big 12,54,239,205,29,63,15,1,3,36,2,0,17,60,0.307,0.395,0.434,0.829,89,4,14,1,2,0,,player.fcgi?id=simmon002hun
Hunter Teplanszky#,23,2025,Baylor,Big 12,23,46,36,4,6,1,0,0,7,1,1,7,10,0.167,0.296,0.194,0.49,7,0,0,2,1,0,,player.fcgi?id=teplan000hun
John Youens*,20,2025,Baylor,Big 12,11,23,19,3,3,1,0,0,3,0,0,2,6,0.158,0.304,0.211,0.515,4,2,2,0,0,0,,player.fcgi?id=youens000joh
Tyce Armstrong,22,2026,Baylor,Big 12,56,258,210,50,71,14,1,24,64,5,0,35,54,0.338,0.454,0.757,1.211,159,1,11,0,2,4,,player.fcgi?id=armstr000tyc
Caleb Bergman,23,2026,Baylor,Big 12,17,21,19,5,4,2,0,0,3,2,0,1,5,0.211,0.25,0.316,0.566,6,0,0,1,0,0,,player.fcgi?id=bergma001cal
Brayden Buchanan,21,2026,Baylor,Big 12,32,100,81,9,16,3,0,1,3,0,0,11,24,0.198,0.337,0.272,0.608,22,6,6,2,0,0,,player.fcgi?id=buchan001bra
Bo Caraway*,19,2026,Baylor,Big 12,36,69,67,16,13,1,1,0,5,4,2,2,25,0.194,0.217,0.239,0.456,16,1,0,0,0,0,,player.fcgi?id=carawa000bo-
Brytton Clements,20,2026,Baylor,Big 12,42,154,134,22,39,10,0,0,19,2,1,11,28,0.291,0.349,0.366,0.715,49,0,2,5,2,0,,player.fcgi?id=clemen000bry
Camden Clewett,20,2026,Baylor,Big 12,6,1,1,0,0,0,0,0,0,0,0,0,1,0,0,0,0,0,0,0,0,0,0,,player.fcgi?id=clewet000cam
Robert De La Garza,21,2026,Baylor,Big 12,20,57,48,8,11,1,1,0,0,1,0,9,14,0.229,0.351,0.292,0.643,14,4,0,0,0,0,,player.fcgi?id=delaga000rob
Cade Dodson*,20,2026,Baylor,Big 12,27,92,69,15,16,3,1,0,10,8,0,13,20,0.232,0.405,0.304,0.709,21,2,7,3,0,0,,player.fcgi?id=dodson000cad
Brady Janusek,20,2026,Baylor,Big 12,56,259,229,48,68,11,4,14,53,17,5,26,77,0.297,0.375,0.563,0.938,129,4,3,0,1,0,,player.fcgi?id=januse000bra
Ty Johnson,23,2026,Baylor,Big 12,51,203,169,26,37,4,2,1,19,9,4,20,33,0.219,0.332,0.284,0.616,48,3,9,4,1,0,,player.fcgi?id=johnso009ty-
JJ Kennett,21,2026,Baylor,Big 12,40,136,113,21,34,7,0,2,15,1,0,16,17,0.301,0.403,0.416,0.819,47,4,4,2,1,0,,player.fcgi?id=kennet000jj-
Cole Lanclos,19,2026,Baylor,Big 12,18,59,40,11,10,1,0,1,7,3,1,5,13,0.25,0.436,0.35,0.786,14,2,9,4,1,0,,player.fcgi?id=lanclo000col
Cash McDade,19,2026,Baylor,Big 12,12,31,25,3,5,0,0,1,3,0,0,1,8,0.2,0.355,0.32,0.675,8,0,5,0,0,0,,player.fcgi?id=mcdade000cas
Dylan Perez*,19,2026,Baylor,Big 12,34,116,99,6,23,8,1,0,11,1,0,13,34,0.232,0.33,0.333,0.664,33,2,2,1,1,0,,player.fcgi?id=perez-000dyl
Pearson Riebock*,20,2026,Baylor,Big 12,52,225,172,38,37,7,1,3,23,13,1,27,66,0.215,0.358,0.32,0.678,55,2,14,7,5,0,,player.fcgi?id=rieboc000pea
Travis Sanders,22,2026,Baylor,Big 12,54,260,222,49,82,15,3,9,44,24,6,35,64,0.369,0.458,0.586,1.043,130,4,2,0,1,2,,player.fcgi?id=sander004tra
Hunter Snow*,20,2026,Baylor,Big 12,38,125,98,11,18,4,1,3,17,5,2,16,41,0.184,0.336,0.337,0.673,33,2,8,0,3,0,,player.fcgi?id=snow--001hun
John Youens*,21,2026,Baylor,Big 12,27,56,41,8,10,2,0,1,6,0,0,12,17,0.244,0.446,0.366,0.812,15,0,3,0,0,0,,player.fcgi?id=youens000joh
Brody Briggs*,21,2026,Arizona State,Big 12,50,182,143,23,34,3,0,2,19,2,1,29,25,0.238,0.374,0.301,0.675,43,1,4,3,3,0,,player.fcgi?id=briggs001bro
Cooper Clouser*,19,2026,Arizona State,Big 12,7,8,5,4,2,0,0,0,1,0,0,3,1,0.4,0.625,0.4,1.025,2,0,0,0,0,0,,player.fcgi?id=clouse000coo
Nu'u Contrades,22,2026,Arizona State,Big 12,53,228,202,48,74,15,1,21,61,10,0,20,28,0.366,0.434,0.762,1.197,154,9,5,0,1,2,,player.fcgi?id=contra000nuu
Ryan Darrah,19,2026,Arizona State,Big 12,6,6,5,1,1,0,0,0,1,0,0,0,3,0.2,0.333,0.2,0.533,1,0,1,0,0,0,,player.fcgi?id=darray000rya
Jaxsyn Durst*,19,2026,Arizona State,Big 12,3,3,2,1,0,0,0,0,1,0,0,1,0,0,0.333,0,0.333,0,0,0,0,0,0,,player.fcgi?id=durst-000jax
Landon Hairston*,20,2026,Arizona State,Big 12,59,291,235,82,94,20,2,28,81,11,4,44,27,0.4,0.509,0.86,1.368,202,8,10,0,2,12,,player.fcgi?id=hairst000lan
Finn Leach,19,2026,Arizona State,Big 12,11,18,16,4,3,0,0,0,1,1,0,1,2,0.188,0.278,0.188,0.465,3,0,1,0,0,0,,player.fcgi?id=leach-000fin
Dominic Longo,22,2026,Arizona State,Big 12,36,133,114,21,28,6,0,7,18,7,1,15,33,0.246,0.349,0.483,0.831,55,6,3,1,0,0,,player.fcgi?id=longo-000dom
Ky McGary,20,2026,Arizona State,Big 12,25,48,37,15,11,1,1,1,5,5,1,6,10,0.297,0.458,0.46,0.918,17,0,5,0,0,0,,player.fcgi?id=mcgary000ky-
Garrett Michel*,22,2026,Arizona State,Big 12,49,158,130,22,36,12,0,3,20,0,1,22,34,0.277,0.392,0.439,0.831,57,5,4,0,2,2,,player.fcgi?id=michel000gar
PJ Moutzouridis,21,2026,Arizona State,Big 12,55,254,199,49,57,6,4,4,40,11,3,33,38,0.286,0.41,0.417,0.827,83,5,12,5,5,0,,player.fcgi?id=moutzo000pj-
Sam Myers*,21,2026,Arizona State,Big 12,27,62,59,10,18,0,1,0,7,1,0,1,10,0.305,0.328,0.339,0.667,20,1,1,1,0,0,,player.fcgi?id=myers-003sam
Coen Niclai,20,2026,Arizona State,Big 12,25,80,61,16,17,1,0,5,20,0,0,14,17,0.279,0.425,0.541,0.966,33,2,3,0,2,0,,player.fcgi?id=niclai000coe
Matt Polk,23,2026,Arizona State,Big 12,38,132,117,25,39,7,1,4,22,5,1,5,17,0.333,0.397,0.513,0.91,60,3,8,1,1,0,,player.fcgi?id=polk--000mat
Austen Roellig,21,2026,Arizona State,Big 12,56,258,214,43,67,11,1,3,38,6,3,29,37,0.313,0.402,0.416,0.818,89,6,6,4,5,1,,player.fcgi?id=roelli000aus
Dominic Smaldino,21,2026,Arizona State,Big 12,59,260,234,49,77,13,1,18,56,3,2,18,56,0.329,0.392,0.624,1.016,146,5,7,0,1,0,,player.fcgi?id=smaldi000dom
Dean Toigo*,23,2026,Arizona State,Big 12,60,283,234,64,75,15,1,20,59,4,4,27,42,0.321,0.422,0.65,1.072,152,5,17,1,4,0,,player.fcgi?id=toigo-000dea
Beckett Zavorek,20,2026,Arizona State,Big 12,39,129,111,28,34,5,1,3,18,5,1,10,23,0.306,0.373,0.451,0.824,50,7,3,3,2,0,,player.fcgi?id=zavore000bec
Camden Bates,21,2025,Arizona State,Big 12,5,6,6,1,1,0,0,0,0,0,0,0,4,0.167,0.167,0.167,0.333,1,1,0,0,0,0,,player.fcgi?id=bates-000cam
Brody Briggs*,20,2025,Arizona State,Big 12,32,115,109,17,30,5,0,5,20,1,0,3,22,0.275,0.301,0.459,0.76,50,2,1,2,0,0,,player.fcgi?id=briggs001bro
Brandon Compton*,21,2025,Arizona State,Big 12,59,261,214,49,58,19,0,9,54,10,1,40,55,0.271,0.379,0.486,0.865,104,6,1,0,6,1,,player.fcgi?id=compto003bra
Nu'u Contrades,21,2025,Arizona State,Big 12,47,217,181,47,55,15,3,6,38,14,1,28,30,0.304,0.41,0.519,0.929,94,8,6,0,2,1,,player.fcgi?id=contra000nuu
Josiah Cromwick,23,2025,Arizona State,Big 12,40,160,135,29,32,9,0,12,38,2,0,11,44,0.237,0.331,0.57,0.902,77,0,9,3,2,0,,player.fcgi?id=cromwi000jos
Manny Garza#,22,2025,Arizona State,Big 12,8,22,19,1,3,1,0,0,5,0,0,1,3,0.158,0.227,0.211,0.438,4,1,1,0,1,0,,player.fcgi?id=garza-000man
Landon Hairston*,19,2025,Arizona State,Big 12,54,238,195,50,65,12,1,4,37,4,3,35,23,0.333,0.441,0.467,0.908,91,8,5,0,3,0,,player.fcgi?id=hairst000lan
Jonathon Hernandez,22,2025,Arizona State,Big 12,10,28,23,4,4,0,0,0,2,4,1,4,5,0.174,0.286,0.174,0.46,4,4,0,0,1,0,,player.fcgi?id=hernan007jon
Isaiah Jackson*,21,2025,Arizona State,Big 12,60,251,216,51,67,11,2,18,68,14,6,28,43,0.31,0.402,0.63,1.032,136,2,6,0,1,1,,player.fcgi?id=jackso003isa
Matt King,22,2025,Arizona State,Big 12,56,250,216,47,87,18,1,7,55,8,2,20,20,0.403,0.464,0.593,1.057,128,3,9,0,5,0,,player.fcgi?id=king--006mat
Ky McGary,19,2025,Arizona State,Big 12,17,9,6,6,1,0,0,0,0,2,1,3,1,0.167,0.444,0.167,0.611,1,0,0,0,0,0,,player.fcgi?id=mcgary000ky-
Jax Ryan,20,2025,Arizona State,Big 12,32,108,89,18,25,5,0,1,14,6,1,11,25,0.281,0.377,0.371,0.748,33,1,4,2,2,0,,player.fcgi?id=ryan--000jax
Jacob Tobias*,22,2025,Arizona State,Big 12,60,276,237,42,72,22,0,8,49,3,1,27,33,0.304,0.38,0.498,0.878,118,6,6,0,6,0,,player.fcgi?id=tobias000jac
Kien Vu*,21,2025,Arizona State,Big 12,50,216,178,54,63,12,1,10,35,21,4,25,39,0.354,0.458,0.601,1.059,107,4,11,0,2,0,,player.fcgi?id=vu----000kie
Kyle Walker,22,2025,Arizona State,Big 12,57,265,216,70,76,19,1,7,30,22,6,28,27,0.352,0.449,0.546,0.995,118,2,14,2,5,0,,player.fcgi?id=walker005kyl
Beckett Zavorek,19,2025,Arizona State,Big 12,13,29,26,6,10,1,0,0,4,2,0,2,4,0.385,0.448,0.423,0.871,11,2,1,0,0,0,,player.fcgi?id=zavore000bec
Terrance Bowen,19,2026,Oklahoma State, Big 12,28,80,70,7,15,2,0,1,5,1,0,10,26,0.214,0.313,0.286,0.598,20,1,0,0,0,0,,player.fcgi?id=bowen-000ter
Colin Brueggemann*,23,2026,Oklahoma State, Big 12,61,267,223,43,59,13,1,17,65,2,0,35,75,0.265,0.38,0.561,0.94,125,7,7,1,1,3,,player.fcgi?id=bruegg000col
Alex Conover*,20,2026,Oklahoma State, Big 12,58,277,224,64,80,14,2,14,37,16,4,44,44,0.357,0.476,0.625,1.101,140,1,7,2,0,0,,player.fcgi?id=conove000ale
Ezra Essex,19,2026,Oklahoma State, Big 12,33,37,29,11,7,1,0,0,2,6,1,5,12,0.241,0.371,0.276,0.647,8,0,1,2,0,0,,player.fcgi?id=essex-000ezr
Brady Francisco,21,2026,Oklahoma State, Big 12,20,35,29,10,7,0,0,1,2,0,1,3,9,0.241,0.333,0.345,0.678,10,1,1,2,0,0,,player.fcgi?id=franci000bra
Remo Indomenico*,19,2026,Oklahoma State, Big 12,28,78,61,12,13,3,2,4,17,0,0,13,28,0.213,0.355,0.525,0.88,32,0,1,2,1,0,,player.fcgi?id=indome000rem
Aidan Meola,23,2026,Oklahoma State, Big 12,50,231,194,48,62,10,1,17,69,0,0,20,65,0.32,0.424,0.644,1.069,125,2,16,0,1,1,,player.fcgi?id=meola-000aid
Sebastian Norman,19,2026,Oklahoma State, Big 12,32,110,97,16,25,7,0,6,24,4,2,10,29,0.258,0.336,0.516,0.852,50,1,2,0,1,0,,player.fcgi?id=norman000seb
Avery Ortiz,21,2026,Oklahoma State, Big 12,20,81,69,11,18,4,0,4,14,0,0,7,13,0.261,0.358,0.493,0.851,34,2,4,0,1,0,,player.fcgi?id=ortiz-001ave
Cole Pladson*,19,2026,Oklahoma State, Big 12,3,3,3,0,0,0,0,0,0,0,0,0,2,0,0,0,0,0,0,0,0,0,0,,player.fcgi?id=pladso000col
Deacon Pomeroy,19,2026,Oklahoma State, Big 12,30,60,45,6,9,0,0,3,8,0,0,14,19,0.2,0.4,0.4,0.8,18,0,1,0,0,0,,player.fcgi?id=pomero000dea
Kollin Ritchie*,21,2026,Oklahoma State, Big 12,60,290,230,81,75,13,2,31,75,2,3,45,67,0.326,0.462,0.804,1.266,185,3,14,0,1,8,,player.fcgi?id=ritchi000kol
Evan Saunders,21,2026,Oklahoma State, Big 12,27,69,57,16,13,3,0,4,14,0,0,10,23,0.228,0.362,0.491,0.854,28,0,2,0,0,0,,player.fcgi?id=saunde000eva
Quinn Schambow,19,2026,Oklahoma State, Big 12,7,4,4,1,1,0,0,0,0,0,0,0,2,0.25,0.25,0.25,0.5,1,0,0,0,0,0,,player.fcgi?id=schamb000qui
Garrett Shull#,20,2026,Oklahoma State, Big 12,53,201,164,38,37,4,2,14,39,0,0,29,74,0.226,0.35,0.531,0.881,87,1,4,1,3,0,,player.fcgi?id=shull-000gar
Campbell Smithwick*,20,2026,Oklahoma State, Big 12,57,242,182,42,50,11,0,10,43,6,1,36,41,0.275,0.422,0.5,0.922,91,5,14,5,5,1,,player.fcgi?id=smithw000cam
Brock Thompson*,20,2026,Oklahoma State, Big 12,57,269,211,67,60,19,0,11,46,8,1,47,65,0.284,0.421,0.531,0.951,112,5,4,5,2,0,,player.fcgi?id=thomps004bro
Danny Wallace,19,2026,Oklahoma State, Big 12,43,97,77,24,16,3,0,5,11,4,1,16,36,0.208,0.371,0.442,0.813,34,1,4,0,0,0,,player.fcgi?id=wallac002dan
TP Wentworth*,20,2026,Oklahoma State, Big 12,36,114,101,20,29,5,1,8,17,1,0,8,40,0.287,0.368,0.594,0.963,60,4,5,0,0,0,,player.fcgi?id=wentwo000tp-
Elijah Alexander,22,2025,Oklahoma State, Big 12,10,3,3,0,0,0,0,0,0,0,0,0,3,0,0,0,0,0,0,0,0,0,0,,player.fcgi?id=alexan001eli
Colin Brueggemann*,22,2025,Oklahoma State, Big 12,55,242,212,38,63,11,1,15,54,0,0,24,75,0.297,0.376,0.571,0.947,121,3,4,0,2,3,,player.fcgi?id=bruegg000col
Charlie Carter,20,2025,Oklahoma State, Big 12,10,2,2,0,0,0,0,0,0,0,0,0,1,0,0,0,0,0,0,0,0,0,0,,player.fcgi?id=carter010cha
Alex Conover*,19,2025,Oklahoma State, Big 12,41,138,114,28,29,7,0,6,22,5,2,15,36,0.254,0.37,0.474,0.843,54,1,7,0,2,0,,player.fcgi?id=conove000ale
Drew Culbertson,20,2025,Oklahoma State, Big 12,43,134,101,19,16,1,0,0,13,3,1,16,47,0.158,0.295,0.168,0.463,17,1,4,12,1,0,,player.fcgi?id=culber000dre
Ian Daugherty,22,2025,Oklahoma State, Big 12,48,181,151,31,39,10,0,8,24,4,1,20,40,0.258,0.356,0.483,0.839,73,2,4,4,2,0,,player.fcgi?id=daughe000ian
Jayson Jones,21,2025,Oklahoma State, Big 12,50,216,189,36,41,9,1,5,29,2,3,20,55,0.217,0.306,0.355,0.66,67,0,5,0,2,0,,player.fcgi?id=jones-005jay
Donovan LaSalle,20,2025,Oklahoma State, Big 12,26,68,58,6,8,1,0,2,5,1,0,6,24,0.138,0.231,0.259,0.489,15,0,1,3,0,0,,player.fcgi?id=lasall000don
Aidan Meola,22,2025,Oklahoma State, Big 12,13,52,47,7,12,5,0,1,10,1,0,3,15,0.255,0.327,0.426,0.752,20,3,2,0,0,0,,player.fcgi?id=meola-000aid
Avery Ortiz,20,2025,Oklahoma State, Big 12,17,66,54,11,12,2,0,3,7,2,0,6,15,0.222,0.344,0.426,0.77,23,1,4,2,0,0,,player.fcgi?id=ortiz-001ave
Kollin Ritchie*,20,2025,Oklahoma State, Big 12,43,174,143,30,42,8,0,15,39,4,2,19,32,0.294,0.397,0.664,1.061,95,0,8,0,4,0,,player.fcgi?id=ritchi000kol
Nolan Schubart*,21,2025,Oklahoma State, Big 12,55,250,200,54,60,9,0,19,57,2,1,48,61,0.3,0.436,0.63,1.066,126,2,1,0,1,2,,player.fcgi?id=schuba000nol
Garrett Shull#,19,2025,Oklahoma State, Big 12,37,128,112,18,28,5,1,3,10,2,1,10,48,0.25,0.333,0.393,0.726,44,0,4,2,0,0,,player.fcgi?id=shull-000gar
Brayden Smith*,21,2025,Oklahoma State, Big 12,54,253,217,45,66,16,2,11,40,8,1,28,49,0.304,0.388,0.548,0.936,119,2,3,3,2,0,,player.fcgi?id=smith-064bra
Beau Sylvester,21,2025,Oklahoma State, Big 12,22,66,60,7,14,3,0,2,8,0,1,5,14,0.233,0.303,0.383,0.686,23,2,1,0,0,0,,player.fcgi?id=sylves000bea
Brock Thompson*,19,2025,Oklahoma State, Big 12,49,186,147,36,35,9,0,8,28,12,1,33,50,0.238,0.379,0.463,0.842,68,3,1,4,1,1,,player.fcgi?id=thomps004bro
Carson Benge*,21,2024,Oklahoma State, Big 12,61,304,248,72,83,24,2,18,64,10,4,49,51,0.335,0.444,0.665,1.109,165,3,3,0,4,3,,player.fcgi?id=benge-000car
Colin Brueggemann*,21,2024,Oklahoma State, Big 12,59,259,223,44,56,13,1,14,50,0,1,24,83,0.251,0.344,0.507,0.85,113,5,9,0,3,2,,player.fcgi?id=bruegg000col
Charlie Carter,19,2024,Oklahoma State, Big 12,27,72,57,6,4,1,0,0,2,0,0,6,25,0.07,0.209,0.088,0.297,5,0,4,5,0,0,,player.fcgi?id=carter010cha
Jaxson Crull*,23,2024,Oklahoma State, Big 12,49,125,98,28,22,5,0,4,18,4,2,19,32,0.225,0.366,0.398,0.764,39,2,4,2,2,0,,player.fcgi?id=crull-000jax
Ian Daugherty,21,2024,Oklahoma State, Big 12,43,169,139,25,35,6,0,10,32,1,0,21,36,0.252,0.358,0.511,0.868,71,2,3,4,2,0,,player.fcgi?id=daughe000ian
Zach Ehrhard,21,2024,Oklahoma State, Big 12,61,300,233,75,77,25,1,14,57,7,2,54,36,0.331,0.458,0.627,1.085,146,0,6,1,6,4,,player.fcgi?id=ehrhar001zac
Lane Forsythe,22,2024,Oklahoma State, Big 12,59,258,202,53,58,6,1,3,29,12,2,45,62,0.287,0.414,0.371,0.786,75,1,1,7,3,0,,player.fcgi?id=forsyt000lan
Max Knight*,19,2024,Oklahoma State, Big 12,9,8,6,2,3,2,0,0,1,0,0,2,0,0.5,0.625,0.833,1.458,5,1,0,0,0,0,,player.fcgi?id=knight000max
Donovan LaSalle,19,2024,Oklahoma State, Big 12,17,50,36,5,7,2,0,1,3,0,0,8,12,0.194,0.383,0.333,0.716,12,0,3,3,0,0,,player.fcgi?id=lasall000don
Aidan Meola,21,2024,Oklahoma State, Big 12,43,190,161,32,53,12,0,10,47,0,1,21,42,0.329,0.416,0.59,1.006,95,3,5,0,3,1,,player.fcgi?id=meola-000aid
Avery Ortiz,19,2024,Oklahoma State, Big 12,55,227,190,36,49,9,0,9,34,6,2,26,53,0.258,0.374,0.447,0.822,85,4,10,0,1,1,,player.fcgi?id=ortiz-001ave
Kyler Proctor,19,2024,Oklahoma State, Big 12,12,18,14,4,2,1,0,0,1,1,0,4,9,0.143,0.333,0.214,0.548,3,0,0,0,0,0,,player.fcgi?id=procto000kyl
Kollin Ritchie*,19,2024,Oklahoma State, Big 12,53,179,140,25,38,3,1,7,28,4,0,29,34,0.271,0.419,0.457,0.876,64,1,8,0,2,1,,player.fcgi?id=ritchi000kol
Nolan Schubart*,20,2024,Oklahoma State, Big 12,49,226,173,55,64,10,1,23,68,0,0,49,62,0.37,0.513,0.838,1.352,145,2,3,0,1,3,,player.fcgi?id=schuba000nol
Addison Smith#,20,2024,Oklahoma State, Big 12,15,4,3,4,0,0,0,0,0,0,0,1,2,0,0.25,0,0.25,0,0,0,0,0,0,,player.fcgi?id=smith-000add
Beau Sylvester,20,2024,Oklahoma State, Big 12,5,18,16,4,5,0,0,0,3,0,0,1,3,0.313,0.333,0.313,0.646,5,0,0,0,1,0,,player.fcgi?id=sylves000bea
Tyler Wulfert,22,2024,Oklahoma State, Big 12,42,179,157,28,36,8,0,5,23,3,0,18,33,0.229,0.313,0.376,0.689,59,3,2,0,2,0,,player.fcgi?id=wulfer000tyl
Chase Adkison,23,2023,Oklahoma State, Big 12,56,231,191,47,60,9,1,7,44,4,1,26,39,0.314,0.414,0.482,0.896,92,6,8,4,2,0,,player.fcgi?id=adkiso000cha
Carson Benge*,20,2023,Oklahoma State, Big 12,59,248,197,59,68,17,0,7,43,8,2,42,32,0.345,0.468,0.538,1.006,106,3,6,0,3,1,,player.fcgi?id=benge-000car
Marcus Brown*,21,2023,Oklahoma State, Big 12,60,244,209,40,57,10,2,9,36,3,2,14,40,0.273,0.36,0.469,0.828,98,4,16,2,3,0,,player.fcgi?id=brown-020mar
Colin Brueggemann*,20,2023,Oklahoma State, Big 12,42,134,109,29,36,11,0,6,36,1,0,22,32,0.33,0.448,0.596,1.044,65,0,2,0,1,0,,player.fcgi?id=bruegg000col
Jaxson Crull*,22,2023,Oklahoma State, Big 12,45,59,44,15,10,1,0,1,7,5,0,10,14,0.227,0.397,0.318,0.715,14,1,3,1,1,0,,player.fcgi?id=crull-000jax
Ian Daugherty,20,2023,Oklahoma State, Big 12,15,22,17,5,4,2,0,0,1,1,0,4,10,0.235,0.381,0.353,0.734,6,0,0,1,0,0,,player.fcgi?id=daughe000ian
Zach Ehrhard,20,2023,Oklahoma State, Big 12,42,172,138,36,33,6,0,3,13,11,0,27,37,0.239,0.379,0.348,0.727,48,2,4,3,0,0,,player.fcgi?id=ehrhar001zac
Brennan Holt*,20,2023,Oklahoma State, Big 12,34,63,52,11,9,1,0,1,7,2,0,9,19,0.173,0.302,0.25,0.552,13,1,1,0,1,0,,player.fcgi?id=holt--000bre
Nolan McLean,21,2023,Oklahoma State, Big 12,43,153,124,31,31,6,1,9,29,4,2,27,57,0.25,0.379,0.532,0.911,66,1,0,0,2,1,,player.fcgi?id=mclean000nol
David Mendham*,23,2023,Oklahoma State, Big 12,61,273,247,52,77,18,0,14,64,1,0,19,29,0.312,0.37,0.555,0.925,137,7,5,0,2,0,,player.fcgi?id=mendha000dav
Aidan Meola,20,2023,Oklahoma State, Big 12,27,95,88,13,29,7,1,4,18,1,0,4,26,0.33,0.368,0.568,0.937,50,0,2,0,1,0,,player.fcgi?id=meola-000aid
Roc Riggio*,21,2023,Oklahoma State, Big 12,59,281,224,66,75,17,3,18,61,7,0,46,48,0.335,0.461,0.679,1.139,152,7,8,1,2,0,,player.fcgi?id=riggio000roc
Nolan Schubart*,19,2023,Oklahoma State, Big 12,61,264,216,55,73,20,0,17,74,1,0,43,75,0.338,0.451,0.667,1.118,144,1,3,0,2,0,,player.fcgi?id=schuba000nol
Derek Smith,19,2023,Oklahoma State, Big 12,3,5,4,0,0,0,0,0,0,0,0,0,3,0,0.2,0,0.2,0,0,1,0,0,0,,player.fcgi?id=smith-020der
Beau Sylvester,19,2023,Oklahoma State, Big 12,23,43,40,5,7,2,0,2,4,0,0,3,16,0.175,0.233,0.375,0.608,15,0,0,0,0,0,,player.fcgi?id=sylves000bea
Noah Turley,21,2023,Oklahoma State, Big 12,14,14,14,1,2,0,0,1,1,0,0,0,8,0.143,0.143,0.357,0.5,5,0,0,0,0,0,,player.fcgi?id=turley000noa
Tyler Wulfert,21,2023,Oklahoma State, Big 12,49,188,171,40,56,17,3,9,34,2,1,12,44,0.328,0.372,0.62,0.992,106,1,2,0,3,0,,player.fcgi?id=wulfer000tyl
Chase Adkison,22,2022,Oklahoma State, Big 12,52,173,146,30,35,7,0,4,25,1,1,15,26,0.24,0.316,0.37,0.686,54,0,4,2,6,0,,player.fcgi?id=adkiso000cha
John Bay,21,2022,Oklahoma State, Big 12,26,41,34,8,11,3,0,1,4,0,2,3,13,0.324,0.415,0.5,0.915,17,0,3,0,1,0,,player.fcgi?id=bay---000joh
Brett Brown,22,2022,Oklahoma State, Big 12,25,39,32,9,10,2,0,2,13,1,0,6,12,0.313,0.436,0.563,0.998,18,1,1,0,0,0,,player.fcgi?id=brown-007bre
Marcus Brown*,20,2022,Oklahoma State, Big 12,64,278,247,44,78,15,2,4,31,5,0,21,38,0.316,0.378,0.441,0.82,109,6,5,3,2,1,,player.fcgi?id=brown-020mar
Cayden Brumbaugh,19,2022,Oklahoma State, Big 12,13,23,22,1,7,0,1,0,1,0,0,1,7,0.318,0.348,0.409,0.757,9,1,0,0,0,0,,player.fcgi?id=brumba000cay
Jaxson Crull*,21,2022,Oklahoma State, Big 12,56,54,42,18,11,3,0,0,8,6,0,5,11,0.262,0.347,0.333,0.68,14,1,1,5,1,0,,player.fcgi?id=crull-000jax
Ian Daugherty,19,2022,Oklahoma State, Big 12,31,82,68,11,21,4,0,1,12,1,0,10,22,0.309,0.402,0.412,0.814,28,0,2,0,2,0,,player.fcgi?id=daughe000ian
Griffin Doersching,23,2022,Oklahoma State, Big 12,42,194,159,29,47,13,1,15,58,1,0,29,51,0.296,0.407,0.673,1.08,107,1,3,0,3,1,,player.fcgi?id=doersc000gri
Zach Ehrhard,19,2022,Oklahoma State, Big 12,58,270,220,60,73,8,0,3,31,18,5,33,48,0.332,0.429,0.409,0.838,90,2,8,4,5,1,,player.fcgi?id=ehrhar001zac
Garrett Martin,22,2022,Oklahoma State, Big 12,20,55,48,6,12,2,1,2,9,0,0,4,16,0.25,0.346,0.458,0.804,22,1,3,0,0,0,,player.fcgi?id=martin002gar
Nolan McLean,20,2022,Oklahoma State, Big 12,64,290,242,55,69,16,1,19,47,2,2,37,107,0.285,0.397,0.595,0.992,144,4,9,0,2,0,,player.fcgi?id=mclean000nol
David Mendham*,22,2022,Oklahoma State, Big 12,61,260,221,46,61,16,0,11,45,0,1,37,46,0.276,0.385,0.498,0.882,110,3,2,0,0,0,,player.fcgi?id=mendha000dav
Aidan Meola,19,2022,Oklahoma State, Big 12,26,39,35,7,10,4,1,0,8,0,0,2,10,0.286,0.333,0.457,0.79,16,1,1,0,1,0,,player.fcgi?id=meola-000aid
Lyle Miller-Green,21,2022,Oklahoma State, Big 12,7,21,17,2,1,0,0,0,2,0,0,4,7,0.059,0.238,0.059,0.297,1,0,0,0,0,0,,player.fcgi?id=miller000lyl
Huey Morrill,22,2022,Oklahoma State, Big 12,37,85,66,16,16,4,0,0,6,7,1,15,18,0.242,0.398,0.303,0.701,20,1,2,2,0,0,,player.fcgi?id=morril000hue
Roc Riggio*,20,2022,Oklahoma State, Big 12,54,259,210,54,62,14,0,11,47,2,3,34,58,0.295,0.413,0.519,0.932,109,4,9,5,1,0,,player.fcgi?id=riggio000roc
Jake Thompson*,24,2022,Oklahoma State, Big 12,64,308,254,52,89,20,2,14,67,3,1,44,46,0.35,0.453,0.61,1.063,155,6,6,1,3,3,,player.fcgi?id=thomps004jak
Caeden Trenkle*,21,2022,Oklahoma State, Big 12,61,228,182,44,55,8,2,6,41,11,2,30,34,0.302,0.429,0.467,0.896,85,2,12,2,2,1,,player.fcgi?id=trenkl000cae
Marcus Brown*,19,2021,Oklahoma State, Big 12,24,52,44,9,16,2,0,0,7,1,2,3,7,0.364,0.442,0.409,0.851,18,,4,0,1,0,,player.fcgi?id=brown-020mar
Cade Cabbiness*,23,2021,Oklahoma State, Big 12,51,214,181,36,51,11,1,9,37,2,1,25,57,0.282,0.379,0.503,0.881,91,,5,0,3,2,,player.fcgi?id=cabbin000cad
Justin Campbell*,20,2021,Oklahoma State, Big 12,42,83,67,10,18,5,0,1,10,0,0,14,20,0.269,0.398,0.388,0.786,26,,1,0,1,0,,player.fcgi?id=campbe002jus
Jaxson Crull*,20,2021,Oklahoma State, Big 12,12,35,27,7,6,1,1,0,2,1,1,4,10,0.222,0.333,0.333,0.667,9,,1,2,1,0,,player.fcgi?id=crull-000jax
Nick DeNicola,24,2021,Oklahoma State, Big 12,13,21,18,6,9,1,0,3,6,0,0,2,5,0.5,0.571,1.056,1.627,19,,1,0,0,0,,player.fcgi?id=denico000nic
Christian Encarnacion-Strand,21,2021,Oklahoma State, Big 12,56,267,227,47,82,17,3,15,66,4,2,20,50,0.361,0.442,0.661,1.103,150,,16,0,4,2,,player.fcgi?id=encarn000chr
Alix Garcia,23,2021,Oklahoma State, Big 12,47,121,102,15,24,9,0,3,22,0,0,12,41,0.235,0.347,0.412,0.759,42,,6,0,1,0,,player.fcgi?id=garcia000ali
Dylan Gardner*,23,2021,Oklahoma State, Big 12,21,8,7,6,0,0,0,0,0,0,0,0,3,0,0.125,0,0.125,0,,1,0,0,0,,player.fcgi?id=gardne000dyl
Matt Golda,22,2021,Oklahoma State, Big 12,41,122,97,19,17,2,0,2,15,1,0,17,26,0.175,0.302,0.258,0.559,25,,1,6,1,0,,player.fcgi?id=golda-000mat
Max Hewitt*,23,2021,Oklahoma State, Big 12,55,251,203,41,57,9,2,4,44,1,1,32,38,0.281,0.388,0.404,0.792,82,,5,9,2,0,,player.fcgi?id=hewitt000max
Dom Johnson,20,2021,Oklahoma State, Big 12,15,21,13,5,2,0,0,0,0,1,0,3,8,0.154,0.389,0.154,0.543,2,,2,3,0,0,,player.fcgi?id=johnso004dom
Brock Mathis,23,2021,Oklahoma State, Big 12,41,157,124,26,28,6,0,7,22,1,2,27,43,0.226,0.382,0.444,0.826,55,,5,0,1,2,,player.fcgi?id=mathis000bro
Carson McCusker,23,2021,Oklahoma State, Big 12,37,174,154,30,47,10,1,7,35,1,0,16,55,0.305,0.374,0.52,0.893,80,,2,0,2,1,,player.fcgi?id=mccusk000car
Nolan McLean,19,2021,Oklahoma State, Big 12,39,173,137,36,36,10,1,8,20,1,1,27,50,0.263,0.41,0.526,0.936,72,,8,0,1,0,,player.fcgi?id=mclean000nol
Huey Morrill,21,2021,Oklahoma State, Big 12,35,150,124,30,27,4,1,4,20,6,0,15,41,0.218,0.331,0.363,0.694,45,,7,2,2,0,,player.fcgi?id=morril000hue
Orlando Salinas*,20,2021,Oklahoma State, Big 12,12,16,13,1,2,0,0,1,3,0,0,1,8,0.154,0.25,0.385,0.635,5,,1,0,1,0,,player.fcgi?id=salina002orl
Noah Sifrit*,22,2021,Oklahoma State, Big 12,35,20,14,6,4,2,0,0,1,1,2,5,7,0.286,0.5,0.429,0.929,6,,1,0,0,0,,player.fcgi?id=sifrit000noa
Jake Thompson*,23,2021,Oklahoma State, Big 12,45,201,146,31,50,8,0,4,32,2,1,38,19,0.343,0.503,0.48,0.982,70,,13,0,4,2,,player.fcgi?id=thomps004jak
Caeden Trenkle*,20,2021,Oklahoma State, Big 12,52,249,205,51,55,12,4,5,34,5,2,33,62,0.268,0.389,0.439,0.828,90,,8,2,1,0,,player.fcgi?id=trenkl000cae
Cade Cabbiness*,22,2020,Oklahoma State, Big 12,15,60,57,9,16,4,0,2,12,0,0,3,15,0.281,0.317,0.456,0.773,26,,0,0,0,0,,player.fcgi?id=cabbin000cad
Justin Campbell*,19,2020,Oklahoma State, Big 12,13,33,29,7,12,2,0,1,7,0,0,4,7,0.414,0.485,0.586,1.071,17,,0,0,0,0,,player.fcgi?id=campbe002jus
Nick DeNicola,23,2020,Oklahoma State, Big 12,5,11,10,2,1,0,0,1,3,0,0,0,7,0.1,0.182,0.4,0.582,4,,1,0,0,0,,player.fcgi?id=denico000nic
Alix Garcia,22,2020,Oklahoma State, Big 12,18,81,68,12,17,2,0,1,8,1,0,10,18,0.25,0.37,0.324,0.694,22,,3,0,0,1,,player.fcgi?id=garcia000ali
Dylan Gardner*,22,2020,Oklahoma State, Big 12,11,17,11,5,1,0,0,0,0,1,0,6,3,0.091,0.412,0.091,0.503,1,,0,0,0,0,,player.fcgi?id=gardne000dyl
Max Hewitt*,22,2020,Oklahoma State, Big 12,18,73,61,13,25,5,1,0,10,0,0,7,5,0.41,0.479,0.525,1.004,32,,2,2,1,0,,player.fcgi?id=hewitt000max
Brock Mathis,22,2020,Oklahoma State, Big 12,13,35,29,7,9,1,0,3,10,2,0,3,8,0.31,0.371,0.655,1.027,19,,1,0,2,0,,player.fcgi?id=mathis000bro
Carson McCusker,22,2020,Oklahoma State, Big 12,14,60,51,11,12,5,0,2,10,1,0,6,17,0.235,0.322,0.451,0.773,23,,1,1,1,1,,player.fcgi?id=mccusk000car
Huey Morrill,20,2020,Oklahoma State, Big 12,18,85,66,17,17,6,1,2,4,6,1,13,19,0.258,0.383,0.47,0.852,31,,1,4,1,0,,player.fcgi?id=morril000hue
Kaden Polcovich#,21,2020,Oklahoma State, Big 12,18,87,64,20,22,5,2,2,21,8,1,19,10,0.344,0.494,0.578,1.072,37,,2,0,2,3,,player.fcgi?id=polcov000kad
Blake Robertson*,19,2020,Oklahoma State, Big 12,2,1,1,0,0,0,0,0,0,0,0,0,0,0,0,0,0,0,,0,0,0,0,,player.fcgi?id=robert004bla
Noah Sifrit*,21,2020,Oklahoma State, Big 12,14,58,43,14,12,0,2,0,3,3,1,10,11,0.279,0.439,0.372,0.811,16,,3,1,1,0,,player.fcgi?id=sifrit000noa
Josh Spiegel,20,2020,Oklahoma State, Big 12,3,4,4,0,2,0,0,0,1,0,0,0,1,0.5,0.5,0.5,1,2,,0,0,0,0,,player.fcgi?id=spiege000jos
Jake Thompson*,22,2020,Oklahoma State, Big 12,12,48,43,3,14,6,0,0,15,0,0,2,7,0.326,0.354,0.465,0.819,20,,1,0,2,0,,player.fcgi?id=thomps004jak
Caeden Trenkle*,19,2020,Oklahoma State, Big 12,18,80,69,17,23,3,4,3,16,3,1,4,25,0.333,0.387,0.623,1.01,43,,2,5,0,0,,player.fcgi?id=trenkl000cae
Adam Becker,19,2019,Oklahoma State, Big 12,2,4,4,1,0,0,0,0,0,0,0,0,1,0,0,0,0,0,,0,0,0,0,,player.fcgi?id=becker000ada
Trevor Boone,21,2019,Oklahoma State, Big 12,59,252,221,41,64,9,2,21,57,6,4,21,80,0.29,0.364,0.634,0.998,140,,6,2,2,2,,player.fcgi?id=boone-000tre
Cade Cabbiness*,21,2019,Oklahoma State, Big 12,61,223,197,34,46,8,1,8,27,4,4,19,82,0.234,0.307,0.406,0.713,80,,2,5,0,0,,player.fcgi?id=cabbin000cad
Bryce Carter*,23,2019,Oklahoma State, Big 12,47,191,157,23,40,7,0,4,30,0,0,28,62,0.255,0.372,0.376,0.748,59,,2,3,1,0,,player.fcgi?id=carter004bry
Cross Factor*,21,2019,Oklahoma State, Big 12,7,5,5,0,0,0,0,0,0,0,0,0,3,0,0,0,0,0,,0,0,0,0,,player.fcgi?id=factor000cro
Christian Funk*,23,2019,Oklahoma State, Big 12,61,274,211,45,50,11,0,12,41,1,2,45,72,0.237,0.382,0.46,0.841,97,,8,4,6,2,,player.fcgi?id=funk--000chr
Alix Garcia,21,2019,Oklahoma State, Big 12,50,188,163,19,48,7,0,8,25,0,1,23,42,0.295,0.388,0.485,0.873,79,,2,0,0,1,,player.fcgi?id=garcia000ali
Dylan Gardner*,21,2019,Oklahoma State, Big 12,14,20,16,5,4,1,0,0,2,1,1,4,5,0.25,0.4,0.313,0.713,5,,0,0,0,0,,player.fcgi?id=gardne000dyl
Max Hewitt*,21,2019,Oklahoma State, Big 12,33,99,66,13,20,0,0,1,9,5,1,21,10,0.303,0.472,0.349,0.82,23,,1,10,1,0,,player.fcgi?id=hewitt000max
Carson McCusker,21,2019,Oklahoma State, Big 12,52,222,196,36,61,17,3,6,40,2,1,22,61,0.311,0.383,0.52,0.903,102,,2,0,2,0,,player.fcgi?id=mccusk000car
Huey Morrill,19,2019,Oklahoma State, Big 12,58,265,220,47,62,17,0,2,20,12,3,34,59,0.282,0.39,0.386,0.777,85,,7,1,3,1,,player.fcgi?id=morril000hue
Andrew Navigato,21,2019,Oklahoma State, Big 12,60,269,233,56,67,15,1,12,42,7,5,20,66,0.288,0.367,0.515,0.882,120,,11,2,3,0,,player.fcgi?id=naviga000and
Dayton Provost*,22,2019,Oklahoma State, Big 12,3,2,1,2,0,0,0,0,0,0,0,1,0,0,0.5,0,0.5,0,,0,0,0,0,,player.fcgi?id=provos000day
Noah Sifrit*,20,2019,Oklahoma State, Big 12,31,43,34,13,9,1,1,0,3,3,2,7,14,0.265,0.405,0.353,0.758,12,,1,1,0,0,,player.fcgi?id=sifrit000noa
Colin Simpson*,22,2019,Oklahoma State, Big 12,61,282,233,41,57,13,0,17,57,5,2,35,70,0.245,0.348,0.519,0.867,121,,6,0,8,11,,player.fcgi?id=simpso000col
Jake Taylor,20,2019,Oklahoma State, Big 12,30,98,83,10,18,2,0,2,4,0,1,13,25,0.217,0.327,0.313,0.64,26,,1,0,1,0,,player.fcgi?id=taylor002jak
Trevor Boone,20,2018,Oklahoma State, Big 12,56,218,204,29,55,13,2,10,33,5,2,8,59,0.27,0.301,0.5,0.801,102,,2,2,2,0,,player.fcgi?id=boone-000tre
Cade Cabbiness*,20,2018,Oklahoma State, Big 12,42,95,76,11,10,2,0,3,7,1,0,15,34,0.132,0.298,0.276,0.574,21,,3,1,0,0,,player.fcgi?id=cabbin000cad
Ryan Cash#,20,2018,Oklahoma State, Big 12,38,123,104,14,22,1,0,0,9,7,3,16,26,0.212,0.322,0.221,0.544,23,,1,2,0,0,,player.fcgi?id=cash--000rya
Danny DeSimone,20,2018,Oklahoma State, Big 12,25,52,46,5,11,2,0,0,7,1,0,5,14,0.239,0.308,0.283,0.59,13,,0,0,1,0,,player.fcgi?id=desimo001dan
Cameron Dobbs*,21,2018,Oklahoma State, Big 12,29,55,45,8,7,3,0,0,0,0,0,3,22,0.156,0.24,0.222,0.462,10,,2,5,0,0,,player.fcgi?id=dobbs-000cam
Christian Funk*,22,2018,Oklahoma State, Big 12,54,226,184,28,45,10,0,7,33,2,2,32,56,0.245,0.366,0.413,0.779,76,,5,2,3,0,,player.fcgi?id=funk--000chr
Dylan Gardner*,20,2018,Oklahoma State, Big 12,25,47,38,7,6,1,0,0,7,0,0,8,13,0.158,0.304,0.184,0.489,7,,0,1,0,0,,player.fcgi?id=gardne000dyl
Max Hewitt*,20,2018,Oklahoma State, Big 12,24,38,34,5,6,1,0,0,0,0,0,3,8,0.177,0.243,0.206,0.449,7,,0,1,0,0,,player.fcgi?id=hewitt000max
Matt Kroon,21,2018,Oklahoma State, Big 12,57,268,217,55,65,18,1,11,39,18,4,36,57,0.3,0.423,0.544,0.966,118,,11,3,1,0,,player.fcgi?id=kroon-000mat
Jon Littell,22,2018,Oklahoma State, Big 12,58,259,218,42,58,12,4,7,42,8,1,27,51,0.266,0.372,0.454,0.826,99,,11,1,2,0,,player.fcgi?id=littel000jon
Carson McCusker,20,2018,Oklahoma State, Big 12,44,142,127,19,35,8,1,8,18,3,0,12,48,0.276,0.352,0.543,0.895,69,,3,0,0,0,,player.fcgi?id=mccusk000car
Cody Milligan*,19,2018,Oklahoma State, Big 12,15,13,8,2,1,0,0,0,0,0,2,2,5,0.125,0.3,0.125,0.425,1,,0,3,0,0,,player.fcgi?id=millig000cod
Michael Neustifter,20,2018,Oklahoma State, Big 12,56,218,194,25,58,15,1,4,35,2,1,18,37,0.299,0.362,0.449,0.811,87,,3,0,3,1,,player.fcgi?id=neusti000mic
Andrew Rosa,23,2018,Oklahoma State, Big 12,44,175,143,33,41,11,2,2,14,4,0,17,38,0.287,0.406,0.434,0.839,62,,13,0,2,0,,player.fcgi?id=rosa--000and
Noah Sifrit*,19,2018,Oklahoma State, Big 12,17,0,0,2,0,0,0,0,0,0,0,0,0,,,,,0,,0,0,0,0,,player.fcgi?id=sifrit000noa
Colin Simpson*,21,2018,Oklahoma State, Big 12,58,267,225,48,63,13,0,18,50,8,3,37,62,0.28,0.382,0.578,0.96,130,,2,0,3,3,,player.fcgi?id=simpso000col
Jake Taylor,19,2018,Oklahoma State, Big 12,26,95,91,7,21,4,0,1,11,1,1,1,26,0.231,0.263,0.308,0.571,28,,3,0,0,0,,player.fcgi?id=taylor002jak
Travis Wacker,21,2018,Oklahoma State, Big 12,15,4,4,0,1,0,0,0,0,0,0,0,2,0.25,0.25,0.25,0.5,1,,0,0,0,0,,player.fcgi?id=wacker000tra
Garrett Benge*,21,2017,Oklahoma State, Big 12,57,270,214,39,65,11,4,10,53,5,3,49,39,0.304,0.437,0.533,0.97,114,,4,0,3,1,,player.fcgi?id=benge-000gar
Trevor Boone,19,2017,Oklahoma State, Big 12,31,86,77,11,18,5,0,3,9,1,0,6,25,0.234,0.306,0.416,0.722,32,,2,1,0,0,,player.fcgi?id=boone-000tre
Cade Cabbiness*,19,2017,Oklahoma State, Big 12,42,142,124,20,34,7,2,2,15,1,2,11,41,0.274,0.359,0.411,0.771,51,,6,0,1,0,,player.fcgi?id=cabbin000cad
Ryan Cash#,19,2017,Oklahoma State, Big 12,40,177,135,26,37,1,1,0,9,1,4,29,26,0.274,0.413,0.296,0.71,40,,3,10,0,0,,player.fcgi?id=cash--000rya
Jacob Chappell,--,2017,Oklahoma State, Big 12,42,83,64,16,12,0,2,0,3,2,0,10,22,0.188,0.316,0.25,0.566,16,,2,7,0,0,,player.fcgi?id=chappe000jac
Cameron Dobbs*,20,2017,Oklahoma State, Big 12,47,164,132,26,29,4,0,1,14,1,1,23,36,0.22,0.346,0.273,0.619,36,,3,5,1,0,,player.fcgi?id=dobbs-000cam
Bryce Fischer?,--,2017,Oklahoma State, Big 12,20,37,35,6,11,3,0,1,8,0,0,2,13,0.314,0.351,0.486,0.837,17,,0,0,0,0,,player.fcgi?id=fische000bry
Jon Littell,21,2017,Oklahoma State, Big 12,47,191,164,19,43,9,1,4,28,1,1,19,43,0.262,0.348,0.402,0.75,66,,3,4,1,0,,player.fcgi?id=littel000jon
Garrett McCain,21,2017,Oklahoma State, Big 12,57,276,224,53,87,14,5,4,43,19,1,29,33,0.388,0.491,0.549,1.04,123,,18,3,2,0,,player.fcgi?id=mccain000gar
Michael Neustifter,19,2017,Oklahoma State, Big 12,35,119,108,14,23,6,0,5,11,0,1,10,33,0.213,0.286,0.407,0.693,44,,1,0,0,0,,player.fcgi?id=neusti000mic
Andrew Rosa,22,2017,Oklahoma State, Big 12,42,153,133,21,28,7,1,3,14,7,3,11,30,0.211,0.305,0.346,0.651,46,,7,2,0,0,,player.fcgi?id=rosa--000and
Colin Simpson*,20,2017,Oklahoma State, Big 12,53,225,191,28,53,8,0,11,40,3,1,29,47,0.278,0.373,0.492,0.865,94,,2,0,3,2,,player.fcgi?id=simpso000col
Ryan Sluder,22,2017,Oklahoma State, Big 12,45,181,146,30,38,10,0,2,22,10,0,20,42,0.26,0.357,0.37,0.727,54,,3,10,2,0,,player.fcgi?id=sluder000rya
Travis Wacker,20,2017,Oklahoma State, Big 12,17,55,44,5,9,2,0,1,12,0,2,8,22,0.205,0.333,0.318,0.652,14,,1,1,1,0,,player.fcgi?id=wacker000tra
Dustin Williams*,22,2017,Oklahoma State, Big 12,47,166,136,18,25,3,1,3,15,1,1,28,59,0.184,0.331,0.287,0.618,39,,2,0,0,1,,player.fcgi?id=willia003dus
Garrett Benge*,20,2016,Oklahoma State, Big 12,65,279,240,37,70,16,3,4,40,7,1,33,47,0.292,0.38,0.433,0.813,104,,3,0,3,1,,player.fcgi?id=benge-000gar
Jacob Chappell,--,2016,Oklahoma State, Big 12,36,52,42,3,8,0,0,0,4,2,0,4,12,0.191,0.255,0.191,0.446,8,,0,5,1,0,,player.fcgi?id=chappe000jac
Conor Costello,23,2016,Oklahoma State, Big 12,37,132,111,16,39,10,1,5,31,4,2,17,26,0.351,0.447,0.595,1.042,66,,3,0,1,0,,player.fcgi?id=costel000con
J.R. Davis,21,2016,Oklahoma State, Big 12,57,256,219,43,76,13,2,1,32,9,4,24,24,0.347,0.422,0.438,0.861,96,,6,5,2,3,,player.fcgi?id=davis-001jr-
Corey Hassel,22,2016,Oklahoma State, Big 12,65,302,248,47,70,19,2,6,39,16,10,21,61,0.282,0.356,0.448,0.804,111,,9,21,3,0,,player.fcgi?id=hassel000cor
Jon Littell,20,2016,Oklahoma State, Big 12,58,228,198,28,51,9,1,2,23,4,2,20,43,0.258,0.332,0.343,0.675,68,,2,8,0,1,,player.fcgi?id=littel000jon
Garrett McCain,20,2016,Oklahoma State, Big 12,43,99,74,22,15,3,0,0,6,11,2,17,18,0.203,0.385,0.243,0.629,18,,5,3,0,1,,player.fcgi?id=mccain000gar
David Petrino,22,2016,Oklahoma State, Big 12,21,46,41,4,6,2,0,0,3,0,1,2,5,0.146,0.217,0.195,0.413,8,,2,0,1,0,,player.fcgi?id=petrin000dav
Andrew Rosa,21,2016,Oklahoma State, Big 12,33,86,70,12,18,2,0,0,11,3,2,10,14,0.257,0.388,0.286,0.674,20,,5,1,0,0,,player.fcgi?id=rosa--000and
Colin Simpson*,19,2016,Oklahoma State, Big 12,32,96,85,15,18,3,1,2,9,0,0,10,31,0.212,0.302,0.341,0.643,29,,1,0,0,0,,player.fcgi?id=simpso000col
Ryan Sluder,21,2016,Oklahoma State, Big 12,53,215,183,31,36,9,1,4,18,7,1,15,47,0.197,0.278,0.322,0.6,59,,6,10,1,0,,player.fcgi?id=sluder000rya
Collin Theroux,22,2016,Oklahoma State, Big 12,62,226,178,28,29,5,0,6,30,0,0,36,95,0.163,0.312,0.292,0.604,52,,3,8,1,0,,player.fcgi?id=therou000col
Donovan Walton*,22,2016,Oklahoma State, Big 12,65,293,246,45,83,16,1,3,44,14,4,32,36,0.337,0.428,0.447,0.875,110,,9,3,3,0,,player.fcgi?id=walton000don
Dustin Williams*,21,2016,Oklahoma State, Big 12,63,256,220,32,48,5,1,14,42,4,2,34,81,0.218,0.32,0.441,0.761,97,,0,0,2,1,,player.fcgi?id=willia003dus
Tim Arakawa*,22,2015,Oklahoma State, Big 12,57,269,211,50,61,10,3,2,37,10,4,42,49,0.289,0.412,0.393,0.806,83,,5,7,4,0,,player.fcgi?id=arakaw000tim
Kevin Bradley*,21,2015,Oklahoma State, Big 12,49,162,139,15,39,7,0,3,23,2,2,18,29,0.281,0.358,0.396,0.754,55,,1,0,4,0,,player.fcgi?id=bradle001kev
Bryan Case,22,2015,Oklahoma State, Big 12,38,139,119,23,30,8,1,4,29,3,1,14,21,0.252,0.333,0.437,0.77,52,,1,4,1,0,,player.fcgi?id=case--000bry
Jacob Chappell,--,2015,Oklahoma State, Big 12,55,197,145,33,36,4,2,0,21,6,0,32,40,0.248,0.398,0.303,0.701,44,,4,16,0,0,,player.fcgi?id=chappe000jac
Conor Costello,22,2015,Oklahoma State, Big 12,50,217,183,32,44,7,0,6,35,13,1,25,52,0.24,0.343,0.377,0.72,69,,5,1,3,0,,player.fcgi?id=costel000con
Caleb Eldridge*,19,2015,Oklahoma State, Big 12,6,10,6,1,1,0,0,1,2,0,0,4,3,0.167,0.5,0.667,1.167,4,,0,0,0,0,,player.fcgi?id=eldrid000cal
Gage Green*,22,2015,Oklahoma State, Big 12,58,288,223,44,65,4,3,5,29,18,4,28,44,0.292,0.404,0.404,0.807,90,,16,18,3,0,,player.fcgi?id=green-000gag
Hunter Hagler,21,2015,Oklahoma State, Big 12,10,11,7,2,1,1,0,0,0,0,0,1,3,0.143,0.455,0.286,0.74,2,,3,0,0,0,,player.fcgi?id=hagler000hun
Corey Hassel,21,2015,Oklahoma State, Big 12,56,223,199,27,62,10,1,3,33,13,4,9,50,0.312,0.352,0.417,0.769,83,,4,10,1,0,,player.fcgi?id=hassel000cor
Jon Littell,19,2015,Oklahoma State, Big 12,30,104,92,18,21,4,0,0,15,2,1,8,23,0.228,0.289,0.272,0.56,25,,1,0,3,0,,player.fcgi?id=littel000jon
Garrett McCain,19,2015,Oklahoma State, Big 12,30,96,72,18,23,3,1,0,13,7,0,11,17,0.319,0.467,0.389,0.856,28,,9,4,0,0,,player.fcgi?id=mccain000gar
Mason O'Brien*,19,2015,Oklahoma State, Big 12,16,23,21,2,2,0,0,0,1,0,0,1,5,0.095,0.174,0.095,0.269,2,,1,0,0,0,,player.fcgi?id=obrien000mas
David Petrino,21,2015,Oklahoma State, Big 12,38,81,70,14,18,2,1,0,9,2,0,5,15,0.257,0.358,0.314,0.672,22,,6,0,0,0,,player.fcgi?id=petrin000dav
Andrew Rosa,20,2015,Oklahoma State, Big 12,9,11,9,2,3,1,0,1,2,0,0,2,2,0.333,0.455,0.778,1.232,7,,0,0,0,0,,player.fcgi?id=rosa--000and
Ryan Sluder,20,2015,Oklahoma State, Big 12,50,194,162,36,50,14,0,6,22,5,2,23,34,0.309,0.401,0.506,0.907,82,,2,7,0,0,,player.fcgi?id=sluder000rya
Donovan Walton*,21,2015,Oklahoma State, Big 12,39,178,135,26,44,7,1,4,29,3,0,22,23,0.326,0.41,0.482,0.891,65,,2,12,7,0,,player.fcgi?id=walton000don
Dustin Williams*,20,2015,Oklahoma State, Big 12,57,232,192,37,53,11,4,6,38,5,1,37,59,0.276,0.396,0.469,0.865,90,,1,2,0,0,,player.fcgi?id=willia003dus
Tim Arakawa*,21,2014,Oklahoma State, Big 12,66,294,230,43,61,6,1,4,44,15,2,47,40,0.265,0.399,0.352,0.751,81,,6,8,3,2,,player.fcgi?id=arakaw000tim
Blake Brom?,--,2014,Oklahoma State, Big 12,6,0,0,2,0,0,0,0,0,0,0,0,0,,,,,0,,0,0,0,0,,player.fcgi?id=brom--000bla
Bryan Case,21,2014,Oklahoma State, Big 12,41,108,84,21,22,5,1,4,14,2,2,12,22,0.262,0.398,0.488,0.886,41,,7,5,0,0,,player.fcgi?id=case--000bry
Aaron Cornell?,--,2014,Oklahoma State, Big 12,41,95,75,16,17,1,0,1,8,2,1,5,19,0.227,0.296,0.28,0.576,21,,4,7,4,0,,player.fcgi?id=cornel000aar
Conor Costello,21,2014,Oklahoma State, Big 12,61,231,192,28,46,10,0,9,27,4,2,23,59,0.24,0.349,0.432,0.782,83,,11,2,3,1,,player.fcgi?id=costel000con
Hayden Cronenbold,21,2014,Oklahoma State, Big 12,3,3,3,0,0,0,0,0,0,0,0,0,0,0,0,0,0,0,,0,0,0,0,,player.fcgi?id=cronen000hay
Zach Fish,21,2014,Oklahoma State, Big 12,63,277,240,41,74,17,0,11,48,4,1,32,56,0.308,0.39,0.517,0.907,124,,2,0,3,4,,player.fcgi?id=fish--000zac
Gage Green*,21,2014,Oklahoma State, Big 12,64,289,239,45,74,14,2,3,30,20,2,20,44,0.31,0.392,0.423,0.815,101,,15,11,4,2,,player.fcgi?id=green-000gag
Hunter Hagler,20,2014,Oklahoma State, Big 12,14,24,22,4,5,0,0,1,3,0,0,2,5,0.227,0.292,0.364,0.655,8,,0,0,0,0,,player.fcgi?id=hagler000hun
Corey Hassel,20,2014,Oklahoma State, Big 12,54,42,29,2,5,1,0,0,5,2,2,6,10,0.172,0.342,0.207,0.549,6,,2,4,1,0,,player.fcgi?id=hassel000cor
Heath Holliday,23,2014,Oklahoma State, Big 12,4,4,2,0,0,0,0,0,0,0,0,1,0,0,0.5,0,0.5,0,,1,0,0,0,,player.fcgi?id=hollid001hea
Tanner Krietemeier#,22,2014,Oklahoma State, Big 12,65,306,262,48,72,13,2,10,52,5,1,33,46,0.275,0.364,0.454,0.818,119,,5,4,2,1,,player.fcgi?id=kriete000tan
Craig McConaughy,21,2014,Oklahoma State, Big 12,64,204,160,22,48,6,0,1,23,5,2,17,23,0.3,0.426,0.356,0.782,57,,18,9,0,1,,player.fcgi?id=mccona000cra
Robie Rojas,19,2014,Oklahoma State, Big 12,20,44,34,6,8,0,1,0,4,0,0,7,5,0.235,0.381,0.294,0.675,10,,1,2,0,0,,player.fcgi?id=rojas-002rob
Andrew Rosa,19,2014,Oklahoma State, Big 12,21,44,37,9,9,1,0,1,6,2,0,6,11,0.243,0.349,0.351,0.7,13,,0,1,0,0,,player.fcgi?id=rosa--000and
Saulyer Saxon?,--,2014,Oklahoma State, Big 12,62,216,161,34,44,5,0,1,24,5,2,35,39,0.273,0.424,0.323,0.747,52,,8,11,1,1,,player.fcgi?id=saxon-000sau
Ryan Sluder,19,2014,Oklahoma State, Big 12,35,77,67,11,19,1,0,0,7,1,2,8,10,0.284,0.36,0.299,0.659,20,,0,2,0,0,,player.fcgi?id=sluder000rya
Donovan Walton*,20,2014,Oklahoma State, Big 12,66,319,252,45,78,15,0,3,36,7,3,38,36,0.31,0.407,0.405,0.812,102,,5,22,2,1,,player.fcgi?id=walton000don
Dustin Williams*,19,2014,Oklahoma State, Big 12,45,128,102,20,22,1,4,3,21,2,0,25,31,0.216,0.367,0.392,0.759,40,,0,0,1,0,,player.fcgi?id=willia003dus
Garrett Williams*,19,2014,Oklahoma State, Big 12,33,27,18,3,4,0,0,1,7,0,0,7,9,0.222,0.407,0.389,0.796,7,,0,0,2,0,,player.fcgi?id=willia007gar
Brandon Bass?,--,2013,Oklahoma State, Big 12,10,4,4,2,0,0,0,0,0,0,0,0,3,0,0,0,0,0,,0,0,0,0,,player.fcgi?id=bass--000bra
Aaron Cornell?,--,2013,Oklahoma State, Big 12,43,161,132,29,37,7,0,2,17,12,0,14,27,0.28,0.355,0.379,0.734,50,,3,9,3,0,,player.fcgi?id=cornel000aar
Zach Fish,20,2013,Oklahoma State, Big 12,59,262,237,35,67,17,1,7,41,10,1,19,55,0.283,0.337,0.452,0.789,107,,2,1,3,2,,player.fcgi?id=fish--000zac
Gage Green*,20,2013,Oklahoma State, Big 12,56,220,178,33,51,9,3,2,21,13,4,23,39,0.287,0.399,0.405,0.804,72,,11,7,1,1,,player.fcgi?id=green-000gag
Corey Hassel,19,2013,Oklahoma State, Big 12,33,28,19,6,5,0,0,0,3,1,0,6,5,0.263,0.407,0.263,0.671,5,,0,1,2,0,,player.fcgi?id=hassel000cor
Jarrett Higgins,22,2013,Oklahoma State, Big 12,43,119,93,18,17,3,2,0,12,10,0,15,25,0.183,0.319,0.258,0.577,24,,4,6,1,0,,player.fcgi?id=higgin001jar
Tanner Krietemeier#,21,2013,Oklahoma State, Big 12,60,282,229,42,72,14,2,4,45,7,1,33,42,0.314,0.415,0.445,0.86,102,,9,7,4,4,,player.fcgi?id=kriete000tan
Craig McConaughy,20,2013,Oklahoma State, Big 12,24,27,22,4,8,1,0,0,4,0,2,3,7,0.364,0.462,0.409,0.871,9,,1,1,0,0,,player.fcgi?id=mccona000cra
Brendan McCurry,21,2013,Oklahoma State, Big 12,38,42,36,4,6,0,0,1,3,1,0,5,2,0.167,0.262,0.25,0.512,9,,0,0,1,0,,player.fcgi?id=mccurr000bre
Randy McCurry,23,2013,Oklahoma State, Big 12,57,251,223,32,70,21,0,3,41,5,2,17,37,0.314,0.368,0.448,0.817,100,,4,4,3,1,,player.fcgi?id=mccurr000ran
Robbie Rea,22,2013,Oklahoma State, Big 12,60,254,212,34,55,12,2,5,26,3,2,22,30,0.259,0.348,0.406,0.754,86,,9,7,4,0,,player.fcgi?id=rea---000rob
Victor Romero?,--,2013,Oklahoma State, Big 12,54,214,170,26,51,12,0,4,29,4,3,32,30,0.3,0.437,0.441,0.878,75,,10,1,1,1,,player.fcgi?id=romero000vic
Saulyer Saxon?,--,2013,Oklahoma State, Big 12,53,204,166,30,50,8,1,0,18,6,2,17,36,0.301,0.399,0.361,0.76,60,,10,11,0,0,,player.fcgi?id=saxon-000sau
Rick Stover?,--,2013,Oklahoma State, Big 12,26,43,40,4,11,4,0,1,6,0,0,1,9,0.275,0.31,0.45,0.76,18,,1,1,0,0,,player.fcgi?id=stover002ric
Donovan Walton*,19,2013,Oklahoma State, Big 12,55,236,188,27,54,8,1,1,26,7,3,25,30,0.287,0.372,0.356,0.728,67,,2,18,3,1,,player.fcgi?id=walton000don
Trey Whaley?,--,2013,Oklahoma State, Big 12,33,79,63,13,15,5,0,1,7,1,1,13,15,0.238,0.38,0.365,0.745,23,,2,0,1,0,,player.fcgi?id=whaley000tre
Hunter Bailey,22,2011,Oklahoma State,Big 12,59,233,200,26,53,10,1,1,17,5,3,22,37,0.265,0.347,0.34,0.687,68,,4,5,2,,,player.fcgi?id=bailey000hun
Ryan Doeppel?,--,2011,Oklahoma State,Big 12,6,7,7,1,1,0,0,0,1,0,0,0,0,0.143,0.143,0.143,0.286,1,,0,0,0,,,player.fcgi?id=doeppe000rya
Davis Duren*,22,2011,Oklahoma State,Big 12,58,260,230,39,67,10,0,3,25,6,3,20,25,0.291,0.355,0.374,0.729,86,,5,1,4,,,player.fcgi?id=duren-001dav
Mark Ginther,21,2011,Oklahoma State,Big 12,60,255,236,40,69,17,3,10,33,0,0,16,34,0.292,0.337,0.517,0.854,122,,0,3,0,,,player.fcgi?id=ginthe001mar
Andrew Heck,22,2011,Oklahoma State,Big 12,24,30,28,6,6,1,0,0,4,2,0,1,3,0.214,0.233,0.25,0.483,7,,0,0,1,,,player.fcgi?id=heck--000and
Zach Johnson,23,2011,Oklahoma State,Big 12,59,267,225,51,80,21,1,13,63,0,0,26,22,0.356,0.424,0.631,1.055,142,,6,3,7,,,player.fcgi?id=johnso002zac
Randy McCurry,21,2011,Oklahoma State,Big 12,28,39,39,5,7,0,0,0,5,0,0,0,5,0.18,0.18,0.18,0.359,7,,0,0,0,,,player.fcgi?id=mccurr000ran
Dane Phillips*,20,2011,Oklahoma State,Big 12,60,270,245,44,83,16,8,4,32,2,0,20,52,0.339,0.391,0.518,0.909,127,,1,4,0,,,player.fcgi?id=philli006dan
Nico Rosthenhausler*,22,2011,Oklahoma State,Big 12,25,69,66,10,16,3,0,0,7,3,1,1,14,0.242,0.261,0.288,0.549,19,,1,0,1,,,player.fcgi?id=rosthe001nic
Graham Saiko?,--,2011,Oklahoma State,Big 12,5,7,7,0,1,1,0,0,0,0,0,0,3,0.143,0.143,0.286,0.429,2,,0,0,0,,,player.fcgi?id=saiko-000gra
Saulyer Saxon?,--,2011,Oklahoma State,Big 12,14,19,17,0,3,0,0,0,1,0,1,1,4,0.177,0.222,0.177,0.399,3,,0,1,0,,,player.fcgi?id=saxon-000sau
Devin Shines,22,2011,Oklahoma State,Big 12,55,236,200,39,54,13,1,4,27,6,2,27,47,0.27,0.369,0.405,0.774,81,,5,3,1,,,player.fcgi?id=shines001dev
Luis Uribe,22,2011,Oklahoma State,Big 12,43,156,142,20,44,10,3,4,29,0,1,8,17,0.31,0.359,0.507,0.866,72,,4,0,2,,,player.fcgi?id=uribe-000lui
Gabe Weidenaar?,--,2011,Oklahoma State,Big 12,57,236,214,26,60,12,3,2,22,5,1,14,51,0.28,0.323,0.393,0.716,84,,1,4,3,,,player.fcgi?id=weiden000gab
Heath Wilda?,--,2011,Oklahoma State,Big 12,3,3,3,1,1,1,0,0,0,0,0,0,0,0.333,0.333,0.667,1,2,,0,0,0,,,player.fcgi?id=wilda-000hea
Jared Womack?,--,2011,Oklahoma State,Big 12,59,259,234,34,66,17,2,8,46,0,0,14,46,0.282,0.324,0.474,0.799,111,,2,6,3,,,player.fcgi?id=womack000jar
John Alexander?,--,2012,Oklahoma State,Big 12,3,4,4,0,0,0,0,0,0,0,0,0,3,0,0,0,0,0,,0,0,0,0,,player.fcgi?id=alexan006joh
Hunter Bailey,23,2012,Oklahoma State,Big 12,57,246,204,25,56,7,0,1,27,4,2,32,30,0.275,0.38,0.324,0.704,66,,4,4,2,0,,player.fcgi?id=bailey000hun
Brandon Bass?,--,2012,Oklahoma State,Big 12,6,15,13,1,2,1,0,0,1,1,0,1,5,0.154,0.214,0.231,0.445,3,,0,1,0,0,,player.fcgi?id=bass--000bra
Aaron Cornell?,--,2012,Oklahoma State,Big 12,21,38,34,7,3,0,0,0,2,1,0,1,9,0.088,0.132,0.088,0.22,3,,1,0,2,0,,player.fcgi?id=cornel000aar
Zach Fish,19,2012,Oklahoma State,Big 12,42,157,141,20,35,9,1,4,21,0,1,11,52,0.248,0.306,0.411,0.717,58,,2,0,3,0,,player.fcgi?id=fish--000zac
Mark Ginther,22,2012,Oklahoma State,Big 12,57,248,225,20,61,10,2,5,30,0,2,13,32,0.271,0.321,0.4,0.721,90,,4,5,1,0,,player.fcgi?id=ginthe001mar
Gage Green*,19,2012,Oklahoma State,Big 12,31,70,59,22,14,1,1,1,6,5,0,9,11,0.237,0.357,0.339,0.696,20,,2,0,0,0,,player.fcgi?id=green-000gag
Jarrett Higgins,21,2012,Oklahoma State,Big 12,35,164,139,20,35,3,1,0,15,17,5,15,33,0.252,0.34,0.288,0.627,40,,4,5,1,1,,player.fcgi?id=higgin001jar
Wes Jones?,--,2012,Oklahoma State,Big 12,53,200,169,19,43,11,0,0,19,0,1,22,45,0.254,0.354,0.32,0.673,54,,4,5,0,0,,player.fcgi?id=jones-004wes
Randy McCurry,22,2012,Oklahoma State,Big 12,28,79,71,13,19,4,0,1,8,0,0,5,13,0.268,0.308,0.366,0.674,26,,0,1,2,1,,player.fcgi?id=mccurr000ran
Jordan Mings?,--,2012,Oklahoma State,Big 12,16,17,15,0,1,0,0,0,2,0,0,0,4,0.067,0.059,0.067,0.126,1,,0,0,2,0,,player.fcgi?id=mings-000jor
Robbie Rea,21,2012,Oklahoma State,Big 12,57,256,222,33,72,18,0,5,38,1,2,15,25,0.324,0.39,0.473,0.863,105,,11,5,3,0,,player.fcgi?id=rea---000rob
Victor Romero?,--,2012,Oklahoma State,Big 12,24,68,58,6,13,2,0,1,3,0,0,3,10,0.224,0.328,0.31,0.639,18,,6,1,0,0,,player.fcgi?id=romero000vic
Saulyer Saxon?,--,2012,Oklahoma State,Big 12,29,87,77,13,23,3,1,0,10,4,0,5,15,0.299,0.349,0.364,0.713,28,,1,4,0,1,,player.fcgi?id=saxon-000sau
Gabe Weidenaar?,--,2012,Oklahoma State,Big 12,32,136,118,22,37,4,0,4,17,3,0,10,19,0.314,0.368,0.449,0.818,53,,2,3,3,0,,player.fcgi?id=weiden000gab
Trey Whaley?,--,2012,Oklahoma State,Big 12,47,184,167,28,50,12,1,1,19,2,3,13,23,0.299,0.364,0.401,0.765,67,,4,0,0,0,,player.fcgi?id=whaley000tre
Jared Womack?,--,2012,Oklahoma State,Big 12,57,256,221,30,53,8,3,2,32,0,0,28,50,0.24,0.32,0.33,0.651,73,,0,3,4,0,,player.fcgi?id=womack000jar
Jake Brown*,21,2011,Kansas State,Big 12,60,233,192,39,50,6,1,1,20,18,2,24,38,0.26,0.362,0.318,0.679,61,,7,9,1,,,player.fcgi?id=brown-000jak
Shane Conlon*,19,2011,Kansas State,Big 12,42,65,56,5,9,1,0,0,1,1,0,6,6,0.161,0.242,0.179,0.421,10,,0,3,0,,,player.fcgi?id=conlon000sha
Jake Doller?,--,2011,Kansas State,Big 12,17,0,0,1,0,0,0,0,0,0,0,0,0,,,,,0,,0,0,0,,,player.fcgi?id=doller000jak
Gerardo Esquivel,20,2011,Kansas State,Big 12,19,1,1,0,0,0,0,0,0,0,0,0,1,0,0,0,0,0,,0,0,0,,,player.fcgi?id=esquiv001ger
Matt Giller?,--,2011,Kansas State,Big 12,26,43,31,4,5,0,0,0,2,2,1,5,9,0.161,0.333,0.161,0.495,5,,3,4,0,,,player.fcgi?id=giller000mat
Chase Graskewicz?,--,2011,Kansas State,Big 12,33,113,95,11,23,5,0,0,13,1,1,12,12,0.242,0.324,0.295,0.619,28,,1,2,3,,,player.fcgi?id=graske000cha
Wade Hinkle*,21,2011,Kansas State,Big 12,43,167,146,20,45,10,2,2,27,3,3,11,30,0.308,0.378,0.445,0.823,65,,6,3,1,,,player.fcgi?id=hinkle000wad
Michael Kindel*,21,2011,Kansas State,Big 12,61,240,210,40,51,16,2,8,42,14,2,22,52,0.243,0.318,0.452,0.77,95,,3,1,4,,,player.fcgi?id=kindel001mik
Jared King#,19,2011,Kansas State,Big 12,50,204,176,34,54,12,2,8,40,13,3,15,32,0.307,0.366,0.534,0.9,94,,3,7,3,,,player.fcgi?id=king--000jar
Jason King#,22,2011,Kansas State,Big 12,61,269,230,46,75,19,6,10,59,16,2,18,25,0.326,0.377,0.591,0.968,136,,8,1,12,,,player.fcgi?id=king--004jas
Ross Kivett,19,2011,Kansas State,Big 12,48,182,156,29,49,4,1,0,19,8,5,11,21,0.314,0.376,0.353,0.728,55,,5,9,1,,,player.fcgi?id=kivett000ros
Dan Klein,20,2011,Kansas State,Big 12,38,133,116,21,35,5,0,2,9,0,1,5,18,0.302,0.347,0.397,0.743,46,,4,6,2,,,player.fcgi?id=klein-002dan
Nick Martini*,21,2011,Kansas State,Big 12,61,278,221,48,72,15,4,1,44,24,4,37,27,0.326,0.442,0.443,0.885,98,,12,4,4,,,player.fcgi?id=martin007nic
Mitch Meyer*,19,2011,Kansas State,Big 12,17,34,31,4,10,3,0,1,6,0,0,1,4,0.323,0.382,0.516,0.899,16,,2,0,0,,,player.fcgi?id=meyer-000mit
Jared Moore?,--,2011,Kansas State,Big 12,17,1,1,0,0,0,0,0,0,0,0,0,1,0,0,0,0,0,,0,0,0,,,player.fcgi?id=moore-000jar
Ryan Moore?,--,2011,Kansas State,Big 12,42,38,28,8,6,1,0,0,2,3,1,3,5,0.214,0.333,0.25,0.583,7,,2,5,0,,,player.fcgi?id=moore-009rya
Adam Sonabend,19,2011,Kansas State,Big 12,6,7,6,1,1,0,0,0,0,0,0,0,2,0.167,0.286,0.167,0.452,1,,1,0,0,,,player.fcgi?id=sonabe000ada
Kent Urban?,--,2011,Kansas State,Big 12,36,153,121,16,30,8,1,2,23,5,1,21,25,0.248,0.372,0.38,0.752,46,,4,5,2,,,player.fcgi?id=urban-000ken
Luke White?,--,2011,Kansas State,Big 12,9,11,10,0,1,0,0,0,0,1,0,1,4,0.1,0.182,0.1,0.282,1,,0,0,0,,,player.fcgi?id=white-003luk
Tanner Witt,20,2011,Kansas State,Big 12,58,240,199,31,48,4,1,0,18,14,2,27,31,0.241,0.353,0.271,0.625,54,,8,5,1,,,player.fcgi?id=witt--000tan
Jake Brown*,22,2012,Kansas State,Big 12,56,235,202,31,54,7,0,1,34,16,8,14,33,0.267,0.335,0.317,0.652,64,,8,8,3,0,,player.fcgi?id=brown-000jak
Jon Davis#,21,2012,Kansas State,Big 12,43,165,133,17,42,6,0,1,15,9,2,13,35,0.316,0.422,0.384,0.806,51,,13,4,2,0,,player.fcgi?id=davis-005jon
Blair DeBord,21,2012,Kansas State,Big 12,50,193,167,18,43,8,0,2,28,0,0,16,23,0.258,0.335,0.341,0.676,57,,5,2,3,0,,player.fcgi?id=debord000bla
Austin Fisher*,19,2012,Kansas State,Big 12,33,55,44,2,13,1,0,0,2,1,0,4,8,0.296,0.407,0.318,0.726,14,,5,1,1,0,,player.fcgi?id=fisher000aus
Matt Giller?,--,2012,Kansas State,Big 12,50,159,134,19,33,2,0,1,11,1,1,12,22,0.246,0.333,0.284,0.617,38,,6,6,1,0,,player.fcgi?id=giller000mat
Wade Hinkle*,22,2012,Kansas State,Big 12,55,250,190,44,63,8,0,10,49,3,1,48,38,0.332,0.482,0.532,1.014,101,,9,1,2,1,,player.fcgi?id=hinkle000wad
Brett Kauten*,--,2012,Kansas State,Big 12,11,28,22,3,7,3,1,0,6,0,0,4,5,0.318,0.429,0.546,0.974,12,,1,0,1,0,,player.fcgi?id=kauten000bre
Michael Kindel*,22,2012,Kansas State,Big 12,47,164,138,17,31,3,2,2,26,8,2,13,28,0.225,0.321,0.319,0.64,44,,8,2,3,1,,player.fcgi?id=kindel001mik
Jared King#,20,2012,Kansas State,Big 12,56,258,220,49,82,15,4,7,47,16,4,31,29,0.373,0.449,0.573,1.022,126,,2,2,3,4,,player.fcgi?id=king--000jar
Ross Kivett,20,2012,Kansas State,Big 12,58,276,223,46,64,10,5,0,28,25,4,34,26,0.287,0.399,0.377,0.775,84,,8,10,1,0,,player.fcgi?id=kivett000ros
Dan Klein,21,2012,Kansas State,Big 12,44,148,124,18,31,2,0,4,25,0,1,16,23,0.25,0.34,0.363,0.703,45,,2,4,2,0,,player.fcgi?id=klein-002dan
Dusty Maas?,--,2012,Kansas State,Big 12,25,12,10,6,1,1,0,0,0,3,3,0,5,0.1,0.1,0.2,0.3,2,,0,2,0,0,,player.fcgi?id=maas--000dus
R.J. Santigate*,21,2012,Kansas State,Big 12,50,139,113,15,23,6,0,1,17,2,1,16,21,0.204,0.301,0.283,0.584,32,,1,6,3,0,,player.fcgi?id=santig001ric
Kyle Speer?,--,2012,Kansas State,Big 12,33,63,54,6,9,3,0,0,2,0,0,7,12,0.167,0.274,0.222,0.496,12,,1,1,0,0,,player.fcgi?id=speer-000kyl
Jordan Stewart,20,2012,Kansas State,Big 12,11,11,9,1,1,0,0,0,0,0,0,1,6,0.111,0.273,0.111,0.384,1,,1,0,0,0,,player.fcgi?id=stewar004jor
Tanner Witt,21,2012,Kansas State,Big 12,54,235,187,48,58,9,3,0,21,20,2,40,24,0.31,0.444,0.39,0.834,73,,5,3,0,0,,player.fcgi?id=witt--000tan
Alex Bee*,19,2013,Kansas State,Big 12,12,20,19,0,2,0,0,0,1,0,0,1,7,0.105,0.15,0.105,0.255,2,,0,0,0,0,,player.fcgi?id=bee---000ale
Shane Conlon*,21,2013,Kansas State,Big 12,63,302,249,56,85,13,3,7,28,17,4,25,30,0.341,0.43,0.502,0.932,125,,16,9,3,1,,player.fcgi?id=conlon000sha
Clayton Dalrymple?,--,2013,Kansas State,Big 12,34,35,35,6,12,2,0,0,6,2,1,0,5,0.343,0.343,0.4,0.743,14,,0,0,0,0,,player.fcgi?id=dalrym002cla
Jon Davis#,22,2013,Kansas State,Big 12,63,270,212,49,64,14,4,5,42,10,7,30,50,0.302,0.428,0.476,0.904,101,,21,1,6,3,,player.fcgi?id=davis-005jon
Blair DeBord,22,2013,Kansas State,Big 12,60,242,199,33,65,11,1,0,37,6,2,26,26,0.327,0.418,0.392,0.81,78,,9,3,5,1,,player.fcgi?id=debord000bla
Austin Fisher*,20,2013,Kansas State,Big 12,60,249,208,43,75,20,3,2,38,3,7,21,36,0.361,0.443,0.514,0.957,107,,12,5,3,0,,player.fcgi?id=fisher000aus
Joe Goodwin?,--,2013,Kansas State,Big 12,18,48,45,7,12,3,1,0,4,0,1,2,11,0.267,0.313,0.378,0.69,17,,1,0,0,0,,player.fcgi?id=goodwi002joe
Jared King#,21,2013,Kansas State,Big 12,59,270,218,52,73,16,2,7,53,14,5,34,22,0.335,0.439,0.523,0.962,114,,11,1,6,4,,player.fcgi?id=king--000jar
Ross Kivett,21,2013,Kansas State,Big 12,64,306,261,57,94,15,4,3,39,26,10,29,28,0.36,0.44,0.483,0.923,126,,10,4,2,1,,player.fcgi?id=kivett000ros
Damion Lovato?,--,2013,Kansas State,Big 12,17,47,42,3,11,2,0,0,7,0,1,4,12,0.262,0.319,0.31,0.629,13,,0,0,1,0,,player.fcgi?id=lovato000dam
Mitch Meyer*,21,2013,Kansas State,Big 12,52,147,128,16,36,5,5,4,34,2,3,3,49,0.281,0.322,0.492,0.814,63,,7,4,5,1,,player.fcgi?id=meyer-000mit
Lance Miles,--,2013,Kansas State,Big 12,31,67,58,5,14,0,0,0,9,1,0,5,12,0.241,0.323,0.241,0.565,14,,2,2,0,0,,player.fcgi?id=miles-000lan
R.J. Santigate*,22,2013,Kansas State,Big 12,60,259,222,32,72,4,2,0,29,11,5,29,33,0.324,0.409,0.36,0.77,80,,3,5,0,1,,player.fcgi?id=santig001ric
Kyle Speer?,--,2013,Kansas State,Big 12,24,48,35,4,5,2,0,0,4,0,0,6,7,0.143,0.273,0.2,0.473,7,,1,4,2,0,,player.fcgi?id=speer-000kyl
Tanner Witt,22,2013,Kansas State,Big 12,63,302,261,49,88,8,3,1,36,7,7,28,32,0.337,0.398,0.402,0.8,105,,3,3,7,0,,player.fcgi?id=witt--000tan
Jake Wodtke?,--,2013,Kansas State,Big 12,10,8,7,0,0,0,0,0,0,0,0,1,3,0,0.125,0,0.125,0,,0,0,0,0,,player.fcgi?id=wodtke000jak
Taylor Anderson?,--,2014,Kansas State,Big 12,26,50,33,10,7,1,0,0,5,1,0,7,13,0.212,0.449,0.242,0.691,8,,8,1,1,0,,player.fcgi?id=anders002tay
Alex Bee*,20,2014,Kansas State,Big 12,16,55,40,7,10,2,0,0,10,3,1,11,8,0.25,0.455,0.3,0.755,12,,4,0,0,0,,player.fcgi?id=bee---000ale
Max Brown,21,2014,Kansas State,Big 12,43,117,95,18,31,5,2,1,14,9,0,14,28,0.326,0.425,0.453,0.877,43,,3,4,1,0,,player.fcgi?id=brown-000max
Shane Conlon*,22,2014,Kansas State,Big 12,50,225,189,38,56,8,2,1,29,8,4,14,21,0.296,0.367,0.376,0.742,71,,11,4,7,2,,player.fcgi?id=conlon000sha
Clayton Dalrymple?,--,2014,Kansas State,Big 12,46,139,108,21,26,4,0,0,13,10,1,21,19,0.241,0.39,0.278,0.668,30,,6,3,1,0,,player.fcgi?id=dalrym002cla
Blair DeBord,23,2014,Kansas State,Big 12,45,174,151,18,36,5,0,1,18,2,1,11,29,0.238,0.326,0.291,0.617,44,,9,2,1,0,,player.fcgi?id=debord000bla
Brooks DeBord?,--,2014,Kansas State,Big 12,5,6,5,2,1,1,0,0,3,0,0,1,1,0.2,0.333,0.4,0.733,2,,0,0,0,0,,player.fcgi?id=debord000bro
Tanner DeVinney?,--,2014,Kansas State,Big 12,46,168,140,17,36,6,1,3,31,2,0,19,35,0.257,0.369,0.379,0.748,53,,7,0,2,0,,player.fcgi?id=devinn000tan
Austin Fisher*,21,2014,Kansas State,Big 12,55,249,207,36,62,7,1,2,34,6,2,25,30,0.3,0.394,0.372,0.766,77,,11,0,6,1,,player.fcgi?id=fisher000aus
Ross Kivett,22,2014,Kansas State,Big 12,55,259,210,49,70,13,1,4,33,21,1,35,25,0.333,0.443,0.462,0.905,97,,8,4,2,2,,player.fcgi?id=kivett000ros
Mitch Meyer*,22,2014,Kansas State,Big 12,51,171,148,19,39,8,1,3,26,3,1,18,39,0.264,0.351,0.392,0.743,58,,3,0,2,1,,player.fcgi?id=meyer-000mit
Lance Miles,--,2014,Kansas State,Big 12,31,85,73,7,18,3,0,0,13,2,2,4,11,0.247,0.291,0.288,0.579,21,,1,6,1,0,,player.fcgi?id=miles-000lan
R.J. Santigate*,23,2014,Kansas State,Big 12,53,230,197,34,66,6,1,0,27,15,2,26,31,0.335,0.415,0.376,0.79,74,,3,1,3,0,,player.fcgi?id=santig001ric
Kyle Speer?,--,2014,Kansas State,Big 12,29,49,38,6,7,1,1,0,4,0,0,9,11,0.184,0.333,0.263,0.597,10,,0,1,1,0,,player.fcgi?id=speer-000kyl
Tyler Stover,18,2014,Kansas State,Big 12,33,93,78,12,23,5,1,0,12,1,0,10,12,0.295,0.391,0.385,0.776,30,,3,1,1,1,,player.fcgi?id=stover000tyl
Carter Yagi*,21,2014,Kansas State,Big 12,43,138,116,24,30,7,0,0,16,6,2,11,4,0.259,0.321,0.319,0.64,37,,2,4,5,0,,player.fcgi?id=yagi--000car
Taylor Anderson?,--,2015,Kansas State,Big 12,35,85,66,5,10,0,1,0,7,3,0,11,26,0.152,0.321,0.182,0.503,12,,6,1,1,0,,player.fcgi?id=anders002tay
Alex Bee*,21,2015,Kansas State,Big 12,33,108,87,13,20,3,1,1,12,1,2,18,15,0.23,0.361,0.322,0.683,28,,1,0,2,1,,player.fcgi?id=bee---000ale
Max Brown,22,2015,Kansas State,Big 12,57,234,205,19,58,7,6,0,35,7,4,18,47,0.283,0.348,0.376,0.723,77,,4,4,3,1,,player.fcgi?id=brown-000max
Keith Browning?,--,2015,Kansas State,Big 12,33,44,37,4,6,1,0,0,7,2,0,3,12,0.162,0.209,0.189,0.399,7,,0,1,3,0,,player.fcgi?id=browni000kei
Sam Chadick?,--,2015,Kansas State,Big 12,32,66,57,11,14,0,1,0,8,4,2,4,10,0.246,0.297,0.281,0.578,16,,1,2,2,0,,player.fcgi?id=chadic000sam
Shane Conlon*,23,2015,Kansas State,Big 12,52,230,196,36,57,13,2,2,26,10,4,24,18,0.291,0.384,0.408,0.793,80,,7,1,2,2,,player.fcgi?id=conlon000sha
Clayton Dalrymple?,--,2015,Kansas State,Big 12,56,213,174,30,47,4,0,0,23,13,6,15,28,0.27,0.37,0.293,0.663,51,,13,10,1,1,,player.fcgi?id=dalrym002cla
Ethan Klosterboer?,--,2015,Kansas State,Big 12,22,24,19,2,3,0,0,0,3,0,1,4,5,0.158,0.333,0.158,0.491,3,,1,0,0,0,,player.fcgi?id=kloste000eth
Danny Krause,21,2015,Kansas State,Big 12,44,170,144,26,34,5,0,0,12,10,1,22,26,0.236,0.343,0.271,0.614,39,,2,1,1,1,,player.fcgi?id=krause000dan
Tyler Moore,21,2015,Kansas State,Big 12,49,198,172,25,52,12,2,4,31,2,1,15,33,0.302,0.371,0.465,0.836,80,,5,4,2,0,,player.fcgi?id=moore-007tyl
Steve Serratore*,22,2015,Kansas State,Big 12,44,179,151,19,40,10,1,1,26,5,3,18,28,0.265,0.367,0.364,0.731,55,,7,2,1,0,,player.fcgi?id=serrat000ste
Dominic Thornton?,--,2015,Kansas State,Big 12,21,41,35,4,6,2,0,0,4,0,0,3,12,0.171,0.293,0.229,0.521,8,,3,0,0,0,,player.fcgi?id=thornt000dom
Jake Wodtke?,--,2015,Kansas State,Big 12,50,163,136,24,33,0,0,0,11,3,2,14,22,0.243,0.327,0.243,0.57,33,,4,7,2,0,,player.fcgi?id=wodtke000jak
Tyler Wolfe,21,2015,Kansas State,Big 12,57,242,195,35,56,9,3,0,30,3,1,34,25,0.287,0.397,0.364,0.762,71,,3,8,2,0,,player.fcgi?id=wolfe-000tyl
Carter Yagi*,22,2015,Kansas State,Big 12,57,239,195,44,48,3,4,0,25,7,4,26,22,0.246,0.348,0.303,0.65,59,,6,9,3,0,,player.fcgi?id=yagi--000car
Cade Bunnell*,19,2016,Kansas State,Big 12,43,84,75,8,17,2,0,0,4,1,0,8,25,0.227,0.31,0.253,0.563,19,,1,0,0,0,,player.fcgi?id=bunnel000cad
Sam Chadick?,--,2016,Kansas State,Big 12,41,25,21,6,3,0,0,0,1,3,2,4,9,0.143,0.28,0.143,0.423,3,,0,0,0,0,,player.fcgi?id=chadic000sam
Quintin Crandall,22,2016,Kansas State,Big 12,52,165,134,21,37,6,3,2,22,5,2,17,32,0.276,0.384,0.41,0.794,55,,7,6,1,1,,player.fcgi?id=cranda000qui
Clayton Dalrymple?,--,2016,Kansas State,Big 12,57,269,228,51,74,13,3,1,27,16,10,29,31,0.325,0.414,0.421,0.835,96,,8,1,3,0,,player.fcgi?id=dalrym002cla
Josh Ethier?,--,2016,Kansas State,Big 12,45,140,115,19,22,3,3,0,11,6,0,18,28,0.191,0.309,0.27,0.578,31,,2,4,1,0,,player.fcgi?id=ethier000jos
Danny Krause,22,2016,Kansas State,Big 12,27,65,51,6,10,5,0,1,5,0,1,10,16,0.196,0.344,0.353,0.697,18,,2,1,1,0,,player.fcgi?id=krause000dan
Tyler Moore,22,2016,Kansas State,Big 12,55,227,196,32,63,12,0,4,41,2,1,16,29,0.321,0.39,0.444,0.834,87,,8,4,3,0,,player.fcgi?id=moore-007tyl
Matt Nerz,20,2016,Kansas State,Big 12,8,9,9,1,2,0,0,0,1,0,0,0,0,0.222,0.222,0.222,0.444,2,,0,0,0,0,,player.fcgi?id=nerz--000mat
Josh Rolette*,20,2016,Kansas State,Big 12,56,241,214,37,62,13,0,6,34,1,1,24,43,0.29,0.365,0.435,0.8,93,,2,0,1,2,,player.fcgi?id=rolett000jos
Jake Scudder*,21,2016,Kansas State,Big 12,57,247,219,39,73,15,1,7,45,6,4,17,32,0.333,0.392,0.507,0.899,111,,6,2,3,1,,player.fcgi?id=scudde000jak
Steve Serratore*,23,2016,Kansas State,Big 12,30,119,100,18,31,8,1,3,22,4,0,13,20,0.31,0.412,0.5,0.912,50,,5,0,1,0,,player.fcgi?id=serrat000ste
Michael Smith?,--,2016,Kansas State,Big 12,34,100,80,11,21,4,2,1,11,6,0,13,19,0.263,0.392,0.4,0.792,32,,4,3,0,0,,player.fcgi?id=smith-029mic
Jake Wodtke?,--,2016,Kansas State,Big 12,46,215,176,39,53,5,3,1,29,7,5,21,26,0.301,0.381,0.381,0.762,67,,3,13,2,0,,player.fcgi?id=wodtke000jak
Tyler Wolfe,22,2016,Kansas State,Big 12,57,252,215,32,61,11,0,3,37,2,3,22,38,0.284,0.366,0.377,0.743,81,,7,6,2,0,,player.fcgi?id=wolfe-000tyl
Cory Wright*,--,2016,Kansas State,Big 12,23,20,13,4,2,0,0,0,2,0,0,3,3,0.154,0.35,0.154,0.504,2,,2,0,2,0,,player.fcgi?id=wright002cor
Brooks Zimmerman,19,2016,Kansas State,Big 12,37,101,88,11,19,4,1,1,8,3,0,7,31,0.216,0.3,0.318,0.618,28,,4,1,1,0,,player.fcgi?id=zimmer000bro
Kyle Barfield?,--,2017,Kansas State,Big 12,39,93,86,22,25,6,0,3,8,2,0,5,22,0.291,0.337,0.465,0.802,40,,1,1,0,0,,player.fcgi?id=barfie000kyl
Jake Biller,21,2017,Kansas State,Big 12,13,21,18,4,4,0,0,0,1,0,0,3,4,0.222,0.333,0.222,0.556,4,,0,0,0,0,,player.fcgi?id=biller000jak
Will Brennan*,19,2017,Kansas State,Big 12,50,226,183,37,64,7,0,0,27,8,3,34,12,0.35,0.453,0.388,0.841,71,,3,3,3,1,,player.fcgi?id=brenna008wil
Quintin Crandall,23,2017,Kansas State,Big 12,54,243,207,39,57,12,2,8,32,8,2,25,31,0.275,0.371,0.469,0.839,97,,7,3,1,0,,player.fcgi?id=cranda000qui
Tyler Eckberg,19,2017,Kansas State,Big 12,31,20,20,2,3,1,0,0,0,0,0,0,5,0.15,0.15,0.2,0.35,4,,0,0,0,0,,player.fcgi?id=eckber000tyl
Josh Ethier?,--,2017,Kansas State,Big 12,54,196,148,29,38,7,3,4,27,2,0,33,27,0.257,0.4,0.426,0.826,63,,3,11,1,0,,player.fcgi?id=ethier000jos
Hanz Harker*,22,2017,Kansas State,Big 12,50,151,121,25,30,6,1,4,17,4,2,23,29,0.248,0.365,0.413,0.778,50,,1,3,3,0,,player.fcgi?id=harker000han
Caleb Littlejim,19,2017,Kansas State,Big 12,11,0,0,1,0,0,0,0,0,0,0,0,0,,,,,0,,0,0,0,0,,player.fcgi?id=little000cal
Trent McMaster*,21,2017,Kansas State,Big 12,28,43,42,4,10,1,0,0,4,0,0,1,14,0.238,0.256,0.262,0.518,11,,0,0,0,0,,player.fcgi?id=mcmast001tre
Matt Nerz,21,2017,Kansas State,Big 12,5,5,5,0,1,0,0,0,0,0,0,0,1,0.2,0.2,0.2,0.4,1,,0,0,0,0,,player.fcgi?id=nerz--000mat
Tristan Peterson,19,2017,Kansas State,Big 12,12,16,10,4,2,1,0,0,2,0,0,5,4,0.2,0.438,0.3,0.738,3,,0,0,1,0,,player.fcgi?id=peters000tri
Grant Reuben,20,2017,Kansas State,Big 12,26,72,66,8,16,4,0,3,6,0,0,5,19,0.242,0.306,0.439,0.745,29,,1,0,0,0,,player.fcgi?id=reuben000gra
Josh Rolette*,21,2017,Kansas State,Big 12,45,183,146,25,32,10,0,7,26,0,0,33,30,0.219,0.372,0.432,0.803,63,,3,0,1,0,,player.fcgi?id=rolett000jos
Connor Rule,--,2017,Kansas State,Big 12,19,50,45,5,10,1,0,1,8,0,0,3,19,0.222,0.265,0.311,0.576,14,,0,1,1,0,,player.fcgi?id=rule--000con
Jake Scudder*,22,2017,Kansas State,Big 12,55,248,211,32,62,12,0,13,62,5,1,31,37,0.294,0.387,0.536,0.923,113,,3,0,3,2,,player.fcgi?id=scudde000jak
Steve Serratore*,24,2017,Kansas State,Big 12,49,211,178,33,52,9,2,6,42,3,2,26,42,0.292,0.4,0.466,0.866,83,,6,1,0,1,,player.fcgi?id=serrat000ste
Cameron Thompson*,19,2017,Kansas State,Big 12,55,261,220,41,70,8,4,2,33,12,5,33,41,0.318,0.409,0.418,0.828,92,,3,2,3,0,,player.fcgi?id=thomps000cam
Jake Wodtke?,--,2017,Kansas State,Big 12,43,184,158,27,42,5,0,0,14,13,2,16,25,0.266,0.335,0.298,0.633,47,,2,5,3,0,,player.fcgi?id=wodtke000jak
Rainer Ausmus,22,2018,Kansas State,Big 12,44,160,134,15,26,9,0,3,13,0,0,16,34,0.194,0.31,0.328,0.639,44,,7,2,1,0,,player.fcgi?id=ausmus000rai
Kyle Barfield?,--,2018,Kansas State,Big 12,41,125,115,16,27,1,1,3,21,6,1,6,29,0.235,0.28,0.339,0.619,39,,2,0,2,0,,player.fcgi?id=barfie000kyl
Jake Biller,22,2018,Kansas State,Big 12,39,136,115,14,26,6,1,3,16,1,1,15,33,0.226,0.323,0.374,0.697,43,,2,3,1,0,,player.fcgi?id=biller000jak
Will Brennan*,20,2018,Kansas State,Big 12,54,263,220,49,79,13,1,0,23,19,4,32,11,0.359,0.454,0.427,0.882,94,,8,1,2,5,,player.fcgi?id=brenna008wil
Hanz Harker*,23,2018,Kansas State,Big 12,48,188,137,22,39,5,1,2,21,7,2,39,40,0.285,0.454,0.38,0.833,52,,5,5,2,0,,player.fcgi?id=harker000han
Caleb Littlejim,20,2018,Kansas State,Big 12,22,0,0,1,0,0,0,0,0,0,0,0,0,,,,,0,,0,0,0,0,,player.fcgi?id=little000cal
Gabe Littlejim?,--,2018,Kansas State,Big 12,7,0,0,1,0,0,0,0,0,0,0,0,0,,,,,0,,0,0,0,0,,player.fcgi?id=little000gab
Jordan Maxson,--,2018,Kansas State,Big 12,38,139,127,14,31,6,1,2,13,1,0,9,49,0.244,0.302,0.354,0.657,45,,2,0,1,0,,player.fcgi?id=maxson000jor
Trent McMaster*,22,2018,Kansas State,Big 12,52,200,165,21,40,10,1,3,30,1,0,27,43,0.242,0.357,0.37,0.727,61,,4,1,3,1,,player.fcgi?id=mcmast001tre
TK McWhertor,23,2018,Kansas State,Big 12,46,148,129,13,33,2,0,1,14,0,0,14,26,0.256,0.331,0.295,0.626,38,,1,3,1,0,,player.fcgi?id=mcwher000tk-
Drew Mount*,22,2018,Kansas State,Big 12,54,241,195,40,57,7,7,9,47,21,4,34,55,0.292,0.415,0.539,0.953,105,,9,0,3,6,,player.fcgi?id=mount-000dre
Brett Owen,--,2018,Kansas State,Big 12,39,118,98,20,23,5,0,0,10,2,0,12,28,0.235,0.333,0.286,0.619,28,,3,4,1,0,,player.fcgi?id=owen--000bre
Jaxon Passino,19,2018,Kansas State,Big 12,26,9,7,2,2,1,0,0,1,0,1,1,2,0.286,0.444,0.429,0.873,3,,1,0,0,0,,player.fcgi?id=passin000jax
Connor Rule,--,2018,Kansas State,Big 12,15,21,17,3,2,0,0,0,1,0,0,4,9,0.118,0.286,0.118,0.403,2,,0,0,0,0,,player.fcgi?id=rule--000con
John Sorensen?,--,2018,Kansas State,Big 12,30,47,34,5,5,2,1,0,4,0,0,13,14,0.147,0.383,0.265,0.648,9,,0,0,0,0,,player.fcgi?id=sorens003joh
Terrence Spurlin,19,2018,Kansas State,Big 12,8,8,8,1,1,0,0,0,0,0,0,0,3,0.125,0.125,0.125,0.25,1,,0,0,0,0,,player.fcgi?id=spurli000ter
Cameron Thompson*,20,2018,Kansas State,Big 12,54,248,206,32,53,8,4,1,33,16,3,35,35,0.257,0.363,0.35,0.712,72,,2,0,5,2,,player.fcgi?id=thomps000cam
Dylan Watts#,--,2018,Kansas State,Big 12,40,141,117,16,28,6,0,0,12,3,1,14,32,0.239,0.333,0.291,0.624,34,,3,6,1,0,,player.fcgi?id=watts-001dyl
Rainer Ausmus,23,2019,Kansas State,Big 12,38,116,94,14,19,6,1,0,7,0,0,13,39,0.202,0.336,0.287,0.624,27,,6,3,0,0,,player.fcgi?id=ausmus000rai
Jeff Boggess*,--,2019,Kansas State,Big 12,30,46,43,4,11,1,0,1,3,0,0,3,12,0.256,0.304,0.349,0.653,15,,0,0,0,1,,player.fcgi?id=bogges000jef
Will Brennan*,21,2019,Kansas State,Big 12,58,256,223,37,65,14,1,4,32,13,2,26,12,0.292,0.369,0.417,0.786,93,,3,1,3,3,,player.fcgi?id=brenna008wil
Blake Burrows*,--,2019,Kansas State,Big 12,32,37,35,8,6,0,0,0,2,2,0,1,13,0.171,0.194,0.171,0.366,6,,0,1,0,0,,player.fcgi?id=burrow000bla
Chris Ceballos,22,2019,Kansas State,Big 12,57,220,202,38,59,12,1,10,40,0,1,10,43,0.292,0.333,0.51,0.843,103,,4,1,3,0,,player.fcgi?id=ceball000chr
Mason Crews,20,2019,Kansas State,Big 12,14,22,18,2,3,1,0,1,2,0,0,3,7,0.167,0.318,0.389,0.707,7,,1,0,0,0,,player.fcgi?id=crews-000mas
Thomas Hughes,--,2019,Kansas State,Big 12,57,257,202,24,42,7,0,1,18,3,0,45,36,0.208,0.361,0.257,0.619,52,,4,5,1,0,,player.fcgi?id=hughes007tho
Zach Kokoska*,20,2019,Kansas State,Big 12,53,213,182,37,60,7,2,8,31,8,2,18,33,0.33,0.409,0.522,0.931,95,,9,0,4,0,,player.fcgi?id=kokosk000zac
Caleb Littlejim,21,2019,Kansas State,Big 12,53,199,173,29,43,9,2,6,34,5,1,20,43,0.249,0.327,0.428,0.754,74,,1,3,2,0,,player.fcgi?id=little000cal
Jordan Maxson,--,2019,Kansas State,Big 12,38,128,110,9,23,5,2,1,16,0,2,11,43,0.209,0.278,0.318,0.596,35,,1,2,4,0,,player.fcgi?id=maxson000jor
Jaxon Passino,20,2019,Kansas State,Big 12,33,36,32,2,7,0,0,0,3,1,1,4,15,0.219,0.306,0.219,0.524,7,,0,0,0,0,,player.fcgi?id=passin000jax
Dylan Phillips*,20,2019,Kansas State,Big 12,57,220,193,32,46,7,0,10,27,2,2,23,35,0.238,0.324,0.43,0.754,83,,2,1,1,0,,player.fcgi?id=philli000dyl
Terrence Spurlin,20,2019,Kansas State,Big 12,55,211,186,25,51,8,2,7,32,2,1,17,39,0.274,0.329,0.452,0.78,84,,0,4,4,0,,player.fcgi?id=spurli000ter
Cameron Thompson*,21,2019,Kansas State,Big 12,58,263,247,36,68,13,2,5,30,8,3,13,50,0.275,0.312,0.405,0.717,100,,1,0,2,0,,player.fcgi?id=thomps000cam
Blake Burrows*,--,2020,Kansas State,Big 12,11,30,24,7,6,1,0,0,2,3,0,4,4,0.25,0.4,0.292,0.692,7,,2,0,0,0,,player.fcgi?id=burrow000bla
Dylan Caplinger,22,2020,Kansas State,Big 12,10,19,16,2,2,0,1,0,2,1,0,3,6,0.125,0.263,0.25,0.513,4,,0,0,0,0,,player.fcgi?id=caplin000dyl
Daniel Carinci,20,2020,Kansas State,Big 12,17,66,59,8,22,7,0,0,4,0,2,3,7,0.373,0.409,0.492,0.901,29,,2,0,2,0,,player.fcgi?id=carinc000dan
Chris Ceballos,23,2020,Kansas State,Big 12,16,63,52,5,11,2,0,1,8,0,0,9,13,0.212,0.318,0.308,0.625,16,,0,0,2,0,,player.fcgi?id=ceball000chr
Mason Crews,21,2020,Kansas State,Big 12,2,3,3,1,1,0,0,0,1,0,0,0,1,0.333,0.333,0.333,0.667,1,,0,0,0,0,,player.fcgi?id=crews-000mas
Austin Garrett,22,2020,Kansas State,Big 12,7,16,13,2,3,0,0,0,0,0,0,3,5,0.231,0.375,0.231,0.606,3,,0,0,0,0,,player.fcgi?id=garret003aus
Chris Herb,21,2020,Kansas State,Big 12,5,3,2,2,0,0,0,0,0,0,0,0,0,0,0.333,0,0.333,0,,1,0,0,0,,player.fcgi?id=herb--000chr
Zach Hogueisson*,20,2020,Kansas State,Big 12,9,22,22,1,2,1,0,1,4,0,0,0,11,0.091,0.091,0.273,0.364,6,,0,0,0,0,,player.fcgi?id=hoguei000zac
Dom Hughes*,19,2020,Kansas State,Big 12,8,12,11,2,3,1,0,0,3,0,1,1,1,0.273,0.333,0.364,0.697,4,,0,0,0,0,,player.fcgi?id=hughes000dom
Zach Kokoska*,21,2020,Kansas State,Big 12,17,74,63,18,22,5,2,1,9,5,1,8,8,0.349,0.446,0.54,0.986,34,,3,0,0,0,,player.fcgi?id=kokosk000zac
Caleb Littlejim,22,2020,Kansas State,Big 12,17,50,42,3,7,1,0,1,3,2,1,6,13,0.167,0.286,0.262,0.548,11,,1,1,0,0,,player.fcgi?id=little000cal
Jordan Maxson,--,2020,Kansas State,Big 12,6,16,14,2,2,1,0,0,3,0,0,2,6,0.143,0.25,0.214,0.464,3,,0,0,0,0,,player.fcgi?id=maxson000jor
Dylan Phillips*,21,2020,Kansas State,Big 12,17,68,63,12,21,3,0,5,18,0,0,3,12,0.333,0.368,0.619,0.987,39,,1,0,1,0,,player.fcgi?id=philli000dyl
Terrence Spurlin,21,2020,Kansas State,Big 12,17,73,62,12,13,5,1,2,18,0,1,7,17,0.21,0.296,0.419,0.715,26,,1,2,1,0,,player.fcgi?id=spurli000ter
Cameron Thompson*,22,2020,Kansas State,Big 12,17,78,65,19,22,9,0,1,9,6,2,11,10,0.339,0.436,0.523,0.959,34,,1,0,1,0,,player.fcgi?id=thomps000cam
Kamron Willman,22,2020,Kansas State,Big 12,17,74,62,7,17,1,0,1,11,1,1,2,16,0.274,0.324,0.339,0.662,21,,3,6,1,0,,player.fcgi?id=willma000kam
Luke Beckstein,19,2021,Kansas State,Big 12,13,28,25,1,4,1,0,0,0,1,0,0,7,0.16,0.25,0.2,0.45,5,,3,0,0,0,,player.fcgi?id=beckst000luk
Blake Burrows*,--,2021,Kansas State,Big 12,34,51,36,11,6,0,0,0,5,5,3,10,12,0.167,0.375,0.167,0.542,6,,2,3,0,0,,player.fcgi?id=burrow000bla
Dylan Caplinger,23,2021,Kansas State,Big 12,39,114,97,11,23,1,0,4,15,5,1,8,30,0.237,0.315,0.371,0.686,36,,3,6,0,0,,player.fcgi?id=caplin000dyl
Daniel Carinci,21,2021,Kansas State,Big 12,39,126,107,15,28,4,1,3,17,4,3,14,22,0.262,0.36,0.402,0.762,43,,3,1,1,0,,player.fcgi?id=carinc000dan
Chris Ceballos,24,2021,Kansas State,Big 12,46,172,146,23,34,5,0,11,36,0,0,15,40,0.233,0.329,0.493,0.823,72,,7,2,2,0,,player.fcgi?id=ceball000chr
Elijah Dale#,20,2021,Kansas State,Big 12,14,7,7,0,1,0,0,0,0,0,0,0,1,0.143,0.143,0.143,0.286,1,,0,0,0,0,,player.fcgi?id=dale--000eli
Kaden Fowler*,23,2021,Kansas State,Big 12,23,47,41,7,9,2,0,1,2,1,0,5,16,0.22,0.319,0.342,0.661,14,,1,0,0,0,,player.fcgi?id=fowler000kad
Austin Garrett,23,2021,Kansas State,Big 12,20,37,29,2,3,0,0,1,1,0,0,7,8,0.103,0.297,0.207,0.504,6,,1,0,0,0,,player.fcgi?id=garret003aus
Nick Goodwin,19,2021,Kansas State,Big 12,57,249,220,46,61,13,1,10,33,14,6,20,48,0.277,0.355,0.482,0.837,106,,7,1,1,0,,player.fcgi?id=goodwi000nic
Dom Hughes*,20,2021,Kansas State,Big 12,24,55,44,7,8,2,1,1,4,1,1,10,9,0.182,0.333,0.341,0.674,15,,0,1,0,0,,player.fcgi?id=hughes000dom
Cole Johnson,21,2021,Kansas State,Big 12,25,66,59,11,12,0,0,1,4,4,2,5,19,0.203,0.288,0.254,0.542,15,,2,0,0,1,,player.fcgi?id=johnso012col
Zach Kokoska*,22,2021,Kansas State,Big 12,57,245,212,56,77,19,1,15,46,9,5,27,45,0.363,0.445,0.675,1.119,143,,5,0,1,1,,player.fcgi?id=kokosk000zac
Caleb Littlejim,23,2021,Kansas State,Big 12,43,116,101,19,23,2,0,3,12,5,1,8,32,0.228,0.307,0.337,0.644,34,,4,2,1,0,,player.fcgi?id=little000cal
Jordan Maxson,--,2021,Kansas State,Big 12,13,24,21,0,3,1,0,0,1,1,0,3,5,0.143,0.25,0.191,0.441,4,,0,0,0,0,,player.fcgi?id=maxson000jor
Dylan Phillips*,22,2021,Kansas State,Big 12,57,251,213,51,71,16,1,16,58,6,3,29,47,0.333,0.422,0.643,1.066,137,,6,0,3,4,,player.fcgi?id=philli000dyl
Chad Shade,--,2021,Kansas State,Big 12,5,7,5,2,1,0,0,1,4,1,0,2,1,0.2,0.429,0.8,1.229,4,,0,0,0,0,,player.fcgi?id=shade-000cha
Terrence Spurlin,22,2021,Kansas State,Big 12,37,139,121,23,41,5,1,4,24,1,1,12,31,0.339,0.406,0.496,0.902,60,,3,1,2,0,,player.fcgi?id=spurli000ter
Cameron Thompson*,23,2021,Kansas State,Big 12,57,263,232,56,65,15,2,14,44,10,5,25,56,0.28,0.354,0.543,0.897,126,,3,0,3,1,,player.fcgi?id=thomps000cam
Cameron Uselton,20,2021,Kansas State,Big 12,24,71,57,7,13,4,0,1,10,3,0,11,10,0.228,0.353,0.351,0.704,20,,0,3,0,0,,player.fcgi?id=uselto000cam
Kamron Willman,23,2021,Kansas State,Big 12,44,166,139,24,41,6,3,3,24,2,0,23,32,0.295,0.398,0.446,0.844,62,,2,0,2,0,,player.fcgi?id=willma000kam
Blake Adams,21,2022,Kansas State,Big 12,25,18,16,0,5,1,0,0,0,0,0,2,6,0.313,0.389,0.375,0.764,6,1,0,0,0,0,,player.fcgi?id=adams-001bla
Kaelen Culpepper,19,2022,Kansas State,Big 12,51,191,166,27,47,9,0,5,22,1,0,12,27,0.283,0.356,0.428,0.784,71,2,8,3,2,0,,player.fcgi?id=culpep000kae
Brady Day*,20,2022,Kansas State,Big 12,41,124,102,25,29,7,1,1,10,2,2,17,15,0.284,0.402,0.402,0.804,41,4,3,2,0,0,,player.fcgi?id=day---001bra
Nick Goodwin,20,2022,Kansas State,Big 12,57,247,204,34,52,18,2,11,48,6,2,30,57,0.255,0.354,0.525,0.878,107,3,5,1,7,0,,player.fcgi?id=goodwi000nic
Jeff Heinrich,23,2022,Kansas State,Big 12,33,104,99,22,33,6,0,10,23,0,0,3,24,0.333,0.359,0.697,1.056,69,1,1,1,0,0,,player.fcgi?id=heinri000jef
Dom Hughes*,21,2022,Kansas State,Big 12,34,72,56,20,12,3,0,2,4,1,0,7,11,0.214,0.328,0.375,0.703,21,0,3,5,1,0,,player.fcgi?id=hughes000dom
Cole Johnson,22,2022,Kansas State,Big 12,55,232,209,29,61,14,1,7,32,6,3,18,35,0.292,0.355,0.469,0.824,98,7,3,1,1,0,,player.fcgi?id=johnso012col
Dom Johnson,21,2022,Kansas State,Big 12,57,261,226,45,78,20,0,12,42,12,3,25,48,0.345,0.419,0.593,1.012,134,3,6,1,3,4,,player.fcgi?id=johnso004dom
Brendan Jones*,20,2022,Kansas State,Big 12,29,12,8,7,4,0,0,0,4,2,0,3,2,0.5,0.583,0.5,1.083,4,0,0,0,1,0,,player.fcgi?id=jones-014bre
Justin Mitchell,23,2022,Kansas State,Big 12,52,183,156,25,48,12,0,5,22,0,0,16,27,0.308,0.392,0.481,0.873,75,3,7,2,2,0,,player.fcgi?id=mitche001jus
Josh Nicoloff,24,2022,Kansas State,Big 12,58,247,216,35,52,9,0,7,31,4,1,27,59,0.241,0.331,0.38,0.71,82,4,2,2,0,0,,player.fcgi?id=nicolo000jos
Raphael Pelletier*,20,2022,Kansas State,Big 12,34,61,53,9,14,5,0,4,8,0,0,5,13,0.264,0.339,0.585,0.924,31,2,1,2,0,0,,player.fcgi?id=pellet000raf
Cayden Phillips,19,2022,Kansas State,Big 12,7,8,6,0,0,0,0,0,0,0,0,1,6,0,0.25,0,0.25,0,0,1,0,0,0,,player.fcgi?id=philli000cay
Dylan Phillips*,23,2022,Kansas State,Big 12,58,257,226,40,64,13,0,13,44,8,1,29,57,0.283,0.362,0.513,0.875,116,5,0,0,2,4,,player.fcgi?id=philli000dyl
Cash Rugely,21,2022,Kansas State,Big 12,32,88,76,9,16,3,1,2,9,0,0,9,23,0.211,0.299,0.355,0.654,27,1,1,1,1,0,,player.fcgi?id=rugely000cas
Orlando Salinas*,21,2022,Kansas State,Big 12,49,146,129,17,27,7,2,4,20,0,3,15,44,0.209,0.297,0.388,0.684,50,3,1,1,0,0,,player.fcgi?id=salina002orl
Terrence Spurlin,23,2022,Kansas State,Big 12,1,2,2,0,0,0,0,0,0,0,0,0,1,0,0,0,0,0,0,0,0,0,0,,player.fcgi?id=spurli000ter
Cameron Uselton,21,2022,Kansas State,Big 12,25,31,23,2,4,1,0,1,3,0,0,7,7,0.174,0.387,0.348,0.735,8,0,1,0,0,0,,player.fcgi?id=uselto000cam
Kaelen Culpepper,20,2023,Kansas State,Big 12,40,182,151,32,49,8,0,10,41,9,0,16,27,0.325,0.423,0.576,0.999,87,1,12,0,3,1,,player.fcgi?id=culpep000kae
Brady Day*,21,2023,Kansas State,Big 12,56,256,194,40,69,9,1,3,26,8,3,49,22,0.356,0.492,0.459,0.951,89,1,7,2,4,1,,player.fcgi?id=day---001bra
Nick Goodwin,21,2023,Kansas State,Big 12,59,274,221,46,63,10,2,12,57,13,4,36,37,0.285,0.394,0.511,0.906,113,2,9,0,8,1,,player.fcgi?id=goodwi000nic
Dom Hughes*,22,2023,Kansas State,Big 12,40,143,101,26,23,2,1,2,12,5,1,32,27,0.228,0.433,0.327,0.759,33,0,6,2,2,0,,player.fcgi?id=hughes000dom
Cole Johnson,23,2023,Kansas State,Big 12,59,254,219,43,60,14,0,9,48,12,7,25,45,0.274,0.359,0.461,0.82,101,6,5,3,2,1,,player.fcgi?id=johnso012col
Brendan Jones*,21,2023,Kansas State,Big 12,59,275,223,52,53,12,3,7,31,28,5,45,58,0.238,0.374,0.413,0.786,92,2,4,2,1,0,,player.fcgi?id=jones-014bre
Lawson Knight,20,2023,Kansas State,Big 12,6,2,2,3,1,1,0,0,2,0,0,0,0,0.5,0.5,1,1.5,2,0,0,0,0,0,,player.fcgi?id=knight001law
Jayden Lobliner,19,2023,Kansas State,Big 12,18,27,22,2,4,0,0,0,2,1,0,2,10,0.182,0.333,0.182,0.515,4,0,3,0,0,0,,player.fcgi?id=loblin000jad
Kyan Lodice*,20,2023,Kansas State,Big 12,37,120,98,19,19,2,0,3,16,9,2,18,44,0.194,0.316,0.306,0.622,30,2,0,3,1,0,,player.fcgi?id=lodice000kya
Raphael Pelletier*,21,2023,Kansas State,Big 12,57,214,183,30,47,5,0,6,28,2,0,22,45,0.257,0.337,0.383,0.719,70,4,2,3,4,0,,player.fcgi?id=pellet000raf
Roberto Pena,24,2023,Kansas State,Big 12,59,247,206,45,51,14,1,15,58,9,0,30,81,0.248,0.348,0.544,0.892,112,2,5,0,6,0,,player.fcgi?id=pena--004rob
Cayden Phillips,20,2023,Kansas State,Big 12,7,14,12,1,3,2,0,0,3,0,1,0,3,0.25,0.308,0.417,0.724,5,0,1,1,0,0,,player.fcgi?id=philli000cay
Carson Queck,19,2023,Kansas State,Big 12,19,51,39,7,7,3,1,0,5,1,0,10,17,0.18,0.353,0.308,0.661,12,1,1,0,1,0,,player.fcgi?id=queck-000car
Cash Rugely,22,2023,Kansas State,Big 12,58,255,202,50,60,9,1,7,36,14,4,43,56,0.297,0.428,0.455,0.883,92,3,4,5,1,1,,player.fcgi?id=rugely000cas
Orlando Salinas*,22,2023,Kansas State,Big 12,23,75,60,16,12,3,0,3,14,3,1,12,16,0.2,0.338,0.4,0.738,24,1,1,1,1,1,,player.fcgi?id=salina002orl
David Bishop,21,2024,Kansas State,Big 12,59,206,184,31,48,6,1,4,29,16,0,15,33,0.261,0.314,0.37,0.683,68,4,1,2,4,0,,player.fcgi?id=bishop002dav
Kaelen Culpepper,21,2024,Kansas State,Big 12,61,291,244,50,80,15,6,11,59,17,4,35,41,0.328,0.419,0.574,0.993,140,6,7,0,5,4,,player.fcgi?id=culpep000kae
Brady Day*,22,2024,Kansas State,Big 12,61,285,236,47,75,15,2,9,56,16,2,44,39,0.318,0.426,0.513,0.939,121,2,2,1,2,1,,player.fcgi?id=day---001bra
Nick English,19,2024,Kansas State,Big 12,58,254,217,32,54,17,0,3,37,11,1,28,52,0.249,0.34,0.369,0.709,80,2,4,1,4,1,,player.fcgi?id=englis000nic
Chuck Ingram,22,2024,Kansas State,Big 12,61,274,244,49,68,11,3,11,31,9,5,23,78,0.279,0.344,0.484,0.828,118,5,3,1,3,0,,player.fcgi?id=ingram000chu
Brendan Jones*,22,2024,Kansas State,Big 12,61,297,234,69,71,13,3,9,35,40,2,55,51,0.303,0.442,0.5,0.942,117,0,4,3,1,1,,player.fcgi?id=jones-014bre
Cadyn Karl,20,2024,Kansas State,Big 12,17,14,12,1,1,0,0,0,0,1,1,2,7,0.083,0.214,0.083,0.298,1,0,0,0,0,0,,player.fcgi?id=karl--000cad
Jayden Lobliner,20,2024,Kansas State,Big 12,32,110,97,13,26,2,1,3,17,0,1,10,28,0.268,0.355,0.402,0.757,39,2,3,0,0,0,,player.fcgi?id=loblin000jad
Kyan Lodice*,21,2024,Kansas State,Big 12,40,126,105,17,25,3,2,4,12,7,2,15,45,0.238,0.336,0.419,0.755,44,2,1,4,1,0,,player.fcgi?id=lodice000kya
Jaden Parsons*,23,2024,Kansas State,Big 12,47,152,123,22,36,4,0,2,17,9,5,18,28,0.293,0.4,0.374,0.774,46,1,4,7,0,1,,player.fcgi?id=parson001jad
Raphael Pelletier*,22,2024,Kansas State,Big 12,60,231,181,31,38,7,0,9,29,0,0,40,60,0.21,0.363,0.398,0.761,72,3,4,5,1,1,,player.fcgi?id=pellet000raf
Cayden Phillips,21,2024,Kansas State,Big 12,28,57,51,2,11,3,0,1,11,0,0,3,15,0.216,0.268,0.333,0.601,17,1,1,1,1,0,,player.fcgi?id=philli000cay
Carson Queck,20,2024,Kansas State,Big 12,10,9,8,0,2,0,0,0,1,1,0,1,5,0.25,0.333,0.25,0.583,2,0,0,0,0,0,,player.fcgi?id=queck-000car
Danniel Rivera,22,2024,Kansas State,Big 12,50,181,142,28,31,3,0,2,24,10,2,32,23,0.218,0.378,0.282,0.66,40,3,5,1,1,0,,player.fcgi?id=rivera000dan
Orlando Salinas*,23,2024,Kansas State,Big 12,1,1,1,0,0,0,0,0,0,0,0,0,1,0,0,0,0,0,0,0,0,0,0,,player.fcgi?id=salina002orl
Mason Schwalbach*,20,2024,Kansas State,Big 12,8,15,15,2,3,0,0,1,3,0,0,0,7,0.2,0.2,0.4,0.6,6,0,0,0,0,0,,player.fcgi?id=schwal000mas
David Bishop,22,2025,Kansas State,Big 12,45,136,119,25,28,6,1,4,18,4,1,12,31,0.235,0.311,0.403,0.714,48,4,1,4,0,0,,player.fcgi?id=bishop002dav
Seth Dardar*,23,2025,Kansas State,Big 12,50,219,184,39,60,18,0,13,45,6,1,25,41,0.326,0.429,0.636,1.065,117,2,9,0,1,2,,player.fcgi?id=dardar000set
Micah Dean,20,2025,Kansas State,Big 12,28,47,39,8,5,2,0,0,3,5,1,5,18,0.128,0.277,0.18,0.456,7,0,3,0,0,0,,player.fcgi?id=dean--003mic
Nick English,20,2025,Kansas State,Big 12,37,110,86,19,15,3,0,2,8,5,1,18,26,0.174,0.349,0.279,0.628,24,2,5,1,0,0,,player.fcgi?id=englis000nic
AJ Evasco*,19,2025,Kansas State,Big 12,56,221,193,52,60,12,1,11,52,3,3,18,31,0.311,0.38,0.554,0.935,107,1,6,0,4,0,,player.fcgi?id=evasco000aj-
Sam Flores*,21,2025,Kansas State,Big 12,37,113,99,12,28,5,0,3,17,4,0,9,22,0.283,0.348,0.424,0.772,42,2,2,1,2,0,,player.fcgi?id=flores000sam
Shintaro Inoue*,22,2025,Kansas State,Big 12,58,256,204,37,57,7,0,9,31,7,1,42,43,0.279,0.407,0.446,0.853,91,1,4,3,3,3,,player.fcgi?id=inoue-003shi
Cadyn Karl,21,2025,Kansas State,Big 12,40,22,19,4,2,0,0,0,0,2,1,2,10,0.105,0.227,0.105,0.333,2,0,1,0,0,0,,player.fcgi?id=karl--000cad
Dee Kennedy,20,2025,Kansas State,Big 12,57,261,222,47,62,15,1,11,43,12,4,33,79,0.279,0.381,0.505,0.885,112,3,4,1,1,0,,player.fcgi?id=kenned004don
Donte Lewis,19,2025,Kansas State,Big 12,37,81,67,14,17,2,0,0,6,7,1,13,20,0.254,0.375,0.284,0.659,19,0,0,1,0,0,,player.fcgi?id=lewis-011don
Kyan Lodice*,22,2025,Kansas State,Big 12,28,100,76,22,21,4,0,2,7,8,6,17,26,0.276,0.439,0.408,0.847,31,2,5,2,0,1,,player.fcgi?id=lodice000kya
Bear Madliak,22,2025,Kansas State,Big 12,54,208,165,30,40,9,0,8,29,0,4,30,47,0.242,0.369,0.442,0.811,73,4,6,2,5,0,,player.fcgi?id=madlia000bea
Maximus Martin,21,2025,Kansas State,Big 12,56,243,206,56,66,18,0,14,54,5,2,30,55,0.32,0.42,0.612,1.032,126,3,6,0,1,1,,player.fcgi?id=martin004max
Keegan O'Connor,24,2025,Kansas State,Big 12,54,226,204,44,65,14,1,17,60,4,2,10,38,0.319,0.376,0.647,1.023,132,2,10,0,2,0,,player.fcgi?id=oconno000kee
Cayden Phillips,22,2025,Kansas State,Big 12,27,46,37,8,8,2,0,2,4,1,0,5,16,0.216,0.356,0.432,0.788,16,1,3,1,0,0,,player.fcgi?id=philli000cay
Rohan Putz,20,2025,Kansas State,Big 12,14,5,5,4,1,0,0,0,0,0,0,0,1,0.2,0.2,0.2,0.4,1,0,0,0,0,0,,player.fcgi?id=putz--000roh
Ty Smolinski*,19,2025,Kansas State,Big 12,20,20,16,3,4,0,0,1,5,0,0,3,4,0.25,0.35,0.438,0.788,7,0,0,0,1,0,,player.fcgi?id=smolin000ty-
Robby Bolin*,21,2026,Kansas State,Big 12,17,75,59,21,13,0,0,0,3,5,3,8,16,0.22,0.361,0.22,0.581,13,1,5,3,0,0,,player.fcgi?id=bolin-000rob
Nick English,21,2026,Kansas State,Big 12,28,90,68,16,17,6,0,6,17,2,1,19,25,0.25,0.427,0.603,1.03,41,1,2,1,0,0,,player.fcgi?id=englis000nic
AJ Evasco*,20,2026,Kansas State,Big 12,52,234,210,39,73,10,4,8,51,5,3,19,30,0.348,0.415,0.548,0.962,115,4,5,0,0,2,,player.fcgi?id=evasco000aj-
Grant Gallagher,22,2026,Kansas State,Big 12,57,254,202,44,54,14,1,5,29,6,4,44,57,0.267,0.399,0.421,0.82,85,4,3,1,4,0,,player.fcgi?id=gallag000gra
Austin Haley,21,2026,Kansas State,Big 12,14,14,11,1,0,0,0,0,1,0,0,2,7,0,0.143,0,0.143,0,0,0,0,1,0,,player.fcgi?id=haley-000aus
Shintaro Inoue*,23,2026,Kansas State,Big 12,57,268,223,51,62,14,0,6,34,4,2,38,43,0.278,0.395,0.422,0.816,94,8,5,2,0,0,,player.fcgi?id=inoue-003shi
Cadyn Karl,22,2026,Kansas State,Big 12,48,165,141,32,36,11,0,7,31,14,1,14,52,0.255,0.344,0.482,0.826,68,3,6,2,2,0,,player.fcgi?id=karl--000cad
Micah Kendrick*,21,2026,Kansas State,Big 12,46,163,138,26,40,11,0,5,22,6,1,15,39,0.29,0.375,0.478,0.853,66,4,5,3,2,0,,player.fcgi?id=kendri001mic
Dee Kennedy,21,2026,Kansas State,Big 12,57,272,221,70,79,17,3,20,69,22,4,38,50,0.358,0.461,0.733,1.194,162,1,8,1,4,1,,player.fcgi?id=kenned004don
Donte Lewis,20,2026,Kansas State,Big 12,12,10,8,5,2,1,0,0,1,5,2,2,1,0.25,0.4,0.375,0.775,3,0,0,0,0,0,,player.fcgi?id=lewis-011don
Kyan Lodice*,23,2026,Kansas State,Big 12,31,96,81,18,26,7,1,2,11,1,0,10,22,0.321,0.415,0.506,0.921,41,2,3,2,0,0,,player.fcgi?id=lodice000kya
Bear Madliak,23,2026,Kansas State,Big 12,52,211,171,44,53,14,0,9,45,5,1,32,31,0.31,0.414,0.55,0.964,94,4,2,1,5,0,,player.fcgi?id=madlia000bea
Shea McGahan,23,2026,Kansas State,Big 12,19,50,42,6,6,0,0,2,8,0,0,6,10,0.143,0.26,0.286,0.546,12,1,1,0,1,0,,player.fcgi?id=mcgaha000she
Chandler Murray,20,2026,Kansas State,Big 12,25,51,43,5,9,2,0,1,10,1,0,6,17,0.209,0.333,0.326,0.659,14,1,2,0,0,0,,player.fcgi?id=murray009cha
Rohan Putz,21,2026,Kansas State,Big 12,17,2,2,3,2,0,0,0,1,2,0,0,0,1,1,1,2,2,0,0,0,0,0,,player.fcgi?id=putz--000roh
Ty Smolinski*,20,2026,Kansas State,Big 12,52,208,168,46,57,18,1,9,45,8,1,21,32,0.339,0.44,0.619,1.059,104,6,13,1,5,1,,player.fcgi?id=smolin000ty-
Carlos Vasquez,23,2026,Kansas State,Big 12,38,167,144,35,47,10,2,7,47,4,0,10,22,0.326,0.395,0.569,0.965,82,9,9,0,4,0,,player.fcgi?id=vasque009car
Gavin Brewer,20,2026,Cincinnati,Big 12,8,6,5,1,2,0,0,0,2,0,0,1,2,0.4,0.5,0.4,0.9,2,0,0,0,0,0,,player.fcgi?id=brewer000gav
Quinton Coats,20,2026,Cincinnati,Big 12,60,291,248,62,84,13,1,28,79,10,1,37,81,0.339,0.43,0.738,1.168,183,5,4,0,2,2,,player.fcgi?id=coats-000qui
Conlan Daniel,21,2026,Cincinnati,Big 12,55,170,137,30,32,3,2,3,18,15,4,19,61,0.234,0.355,0.35,0.706,48,2,8,4,2,0,,player.fcgi?id=daniel004con
Joe DuSell*,19,2026,Cincinnati,Big 12,24,27,22,2,3,0,0,0,1,1,0,4,10,0.136,0.296,0.136,0.433,3,1,1,0,0,0,,player.fcgi?id=dusell000joe
Enzo Infelise,19,2026,Cincinnati,Big 12,59,256,227,38,85,10,0,10,48,2,0,17,54,0.374,0.441,0.551,0.992,125,8,11,0,1,0,,player.fcgi?id=infeli000enz
Parker McDaniels,20,2026,Cincinnati,Big 12,10,8,6,0,2,0,0,0,0,0,0,1,1,0.333,0.429,0.333,0.762,2,1,0,1,0,0,,player.fcgi?id=mcdani001par
Christian Mitchelle,22,2026,Cincinnati,Big 12,52,212,174,27,42,5,1,5,26,10,1,21,45,0.241,0.35,0.368,0.717,64,2,9,6,2,0,,player.fcgi?id=mitche007chr
Jack Natili,21,2026,Cincinnati,Big 12,60,276,233,50,79,15,3,19,65,6,0,29,56,0.339,0.424,0.674,1.098,157,4,9,0,5,1,,player.fcgi?id=natali000jac
Charlie Niehaus,21,2026,Cincinnati,Big 12,53,203,165,33,37,9,2,5,19,13,3,25,54,0.224,0.338,0.394,0.732,65,1,6,2,5,0,,player.fcgi?id=niehau000cha
Derrick Pitts,20,2026,Cincinnati,Big 12,58,277,231,49,76,12,0,6,42,17,5,30,61,0.329,0.423,0.459,0.882,106,7,9,5,2,0,,player.fcgi?id=pitts-000der
Jackson Reardon,19,2026,Cincinnati,Big 12,32,87,69,12,13,2,0,1,7,6,1,9,20,0.188,0.333,0.261,0.594,18,0,6,3,0,0,,player.fcgi?id=reardo002jac
Cal Sefcik,21,2026,Cincinnati,Big 12,39,143,129,21,39,9,0,1,17,4,0,9,23,0.302,0.352,0.395,0.747,51,2,2,1,2,0,,player.fcgi?id=sefcik000cal
Luke Sefcik,23,2026,Cincinnati,Big 12,24,43,41,5,9,1,0,1,7,2,1,1,8,0.22,0.238,0.317,0.555,13,2,0,1,0,0,,player.fcgi?id=sefcik000luk
Jackson Smith*,20,2026,Cincinnati,Big 12,59,286,219,66,65,14,3,5,45,21,2,40,56,0.297,0.447,0.457,0.904,100,4,22,2,3,0,,player.fcgi?id=smith-064jac
Ryan Tyranski*,20,2026,Cincinnati,Big 12,52,210,166,47,52,7,3,7,34,14,0,38,28,0.313,0.45,0.518,0.968,86,2,4,1,1,0,,player.fcgi?id=tyrans000rya
Lauden Brooks,23,2025,Cincinnati,Big 12,47,184,150,33,32,7,0,2,20,9,1,19,42,0.213,0.322,0.3,0.622,45,2,6,7,2,0,,player.fcgi?id=brooks000lau
Quinton Coats,19,2025,Cincinnati,Big 12,34,130,111,24,35,7,0,6,16,0,0,16,39,0.315,0.4,0.541,0.941,60,2,1,0,2,1,,player.fcgi?id=coats-000qui
Michael Conte,22,2025,Cincinnati,Big 12,18,1,1,0,0,0,0,0,0,0,0,0,0,0,0,0,0,0,0,0,0,0,0,,player.fcgi?id=conte-003mic
Kerrington Cross,23,2025,Cincinnati,Big 12,56,273,207,65,82,10,3,12,50,15,3,50,35,0.396,0.526,0.647,1.173,134,1,11,1,4,5,,player.fcgi?id=cross-000ker
Donovan Ford,22,2025,Cincinnati,Big 12,43,185,142,29,32,4,1,4,22,8,5,18,40,0.225,0.374,0.352,0.726,50,0,18,3,4,0,,player.fcgi?id=ford--008don
Dawson Hokuf*,24,2025,Cincinnati,Big 12,35,108,88,12,24,6,0,1,13,1,0,14,22,0.273,0.398,0.375,0.773,33,2,5,0,1,0,,player.fcgi?id=hokuf-000daw
Kory Klingenbeck#,23,2025,Cincinnati,Big 12,34,84,73,14,19,2,1,4,11,2,0,7,35,0.26,0.349,0.48,0.829,35,0,3,1,0,0,,player.fcgi?id=klinge000kor
Parker McDaniels,19,2025,Cincinnati,Big 12,10,5,5,0,1,0,0,0,0,0,0,0,4,0.2,0.2,0.2,0.4,1,0,0,0,0,0,,player.fcgi?id=mcdani001par
Christian Mitchelle,21,2025,Cincinnati,Big 12,53,223,198,23,50,10,1,3,25,11,1,17,38,0.253,0.317,0.359,0.675,71,2,2,5,1,0,,player.fcgi?id=mitche007chr
Jack Natili,20,2025,Cincinnati,Big 12,54,244,198,36,67,14,1,9,53,4,0,30,53,0.338,0.451,0.556,1.006,110,8,13,0,3,1,,player.fcgi?id=natali000jac
Charlie Niehaus,20,2025,Cincinnati,Big 12,54,199,164,34,46,9,3,1,21,21,2,26,45,0.281,0.376,0.39,0.767,64,1,1,5,3,0,,player.fcgi?id=niehau000cha
Tommy O'Connor*,22,2025,Cincinnati,Big 12,50,212,173,33,42,14,1,7,30,6,0,29,66,0.243,0.363,0.457,0.82,79,1,6,0,4,0,,player.fcgi?id=oconno002tom
Louis Perona*,--,2025,Cincinnati,Big 12,3,1,1,0,0,0,0,0,0,1,0,0,1,0,0,0,0,0,0,0,0,0,0,,player.fcgi?id=perona000lou
Derrick Pitts,19,2025,Cincinnati,Big 12,42,93,85,18,21,3,0,4,20,10,1,2,27,0.247,0.28,0.424,0.703,36,0,3,0,3,0,,player.fcgi?id=pitts-000der
Maxton Polad,23,2025,Cincinnati,Big 12,1,1,1,0,0,0,0,0,0,0,0,0,1,0,0,0,0,0,0,0,0,0,0,,player.fcgi?id=polad-000max
Brandon Scheurer*,24,2025,Cincinnati,Big 12,28,4,4,0,0,0,0,0,0,0,0,0,2,0,0,0,0,0,0,0,0,0,0,,player.fcgi?id=scheur000bra
Cal Sefcik,20,2025,Cincinnati,Big 12,56,247,211,32,61,9,2,7,43,6,0,29,40,0.289,0.368,0.45,0.819,95,2,1,0,6,0,,player.fcgi?id=sefcik000cal
Luke Sefcik,22,2025,Cincinnati,Big 12,10,38,30,3,5,1,0,0,3,1,0,5,8,0.167,0.306,0.2,0.506,6,0,1,2,0,0,,player.fcgi?id=sefcik000luk
Josh Ulery,22,2025,Cincinnati,Big 12,15,6,5,2,0,0,0,0,0,0,0,1,3,0,0.167,0,0.167,0,0,0,0,0,0,,player.fcgi?id=ulery-000jos
Landyn Vidourek*,21,2025,Cincinnati,Big 12,52,243,191,56,58,10,0,14,47,39,1,43,65,0.304,0.434,0.576,1.01,110,0,4,1,4,1,,player.fcgi?id=vidour000lan
Lauden Brooks,22,2024,Cincinnati,Big 12,51,225,193,44,58,10,3,2,34,13,2,24,57,0.301,0.391,0.415,0.806,80,4,6,0,2,0,,player.fcgi?id=brooks000lau
Kerrington Cross,22,2024,Cincinnati,Big 12,57,279,221,63,71,10,2,11,53,16,2,46,47,0.321,0.451,0.534,0.985,118,0,8,2,2,0,,player.fcgi?id=cross-000ker
Kam Guidry,23,2024,Cincinnati,Big 12,27,66,47,13,10,1,0,5,14,1,0,15,19,0.213,0.409,0.553,0.962,26,0,2,0,2,0,,player.fcgi?id=guidry000kam
Cole Harting,22,2024,Cincinnati,Big 12,12,20,11,0,0,0,0,0,1,1,0,8,7,0,0.421,0,0.421,0,0,0,1,0,0,,player.fcgi?id=hartin000col
Josh Hegemann*,22,2024,Cincinnati,Big 12,52,227,180,42,60,8,0,1,28,16,3,36,30,0.333,0.449,0.394,0.843,71,2,5,2,4,1,,player.fcgi?id=hegema000jos
Griffin Hugus*,20,2024,Cincinnati,Big 12,14,2,2,0,0,0,0,0,0,0,0,0,2,0,0,0,0,0,0,0,0,0,0,,player.fcgi?id=hugus-000gri
Hunter Jessee*,24,2024,Cincinnati,Big 12,46,187,155,23,38,7,0,3,33,3,0,16,36,0.245,0.364,0.348,0.712,54,3,14,0,2,0,,player.fcgi?id=jessee000hun
Alec Jones,23,2024,Cincinnati,Big 12,39,131,117,21,29,3,0,8,28,2,0,10,24,0.248,0.323,0.479,0.802,56,6,3,1,0,0,,player.fcgi?id=jones-012ale
Kory Klingenbeck#,22,2024,Cincinnati,Big 12,12,19,15,0,1,0,0,0,0,0,0,1,7,0.067,0.263,0.067,0.33,1,0,3,0,0,0,,player.fcgi?id=klinge000kor
Josh Kross#,21,2024,Cincinnati,Big 12,57,272,221,50,70,14,0,19,65,1,0,23,41,0.317,0.438,0.638,1.076,141,2,26,0,2,2,,player.fcgi?id=kross-000jos
Christian Mitchelle,20,2024,Cincinnati,Big 12,50,179,163,34,52,4,0,4,22,9,1,10,40,0.319,0.371,0.417,0.788,68,3,4,1,1,0,,player.fcgi?id=mitche007chr
Tommy O'Connor*,21,2024,Cincinnati,Big 12,55,245,196,46,54,8,2,12,43,7,1,42,70,0.276,0.412,0.52,0.933,102,1,5,0,2,2,,player.fcgi?id=oconno002tom
Max Palmieri,23,2024,Cincinnati,Big 12,23,57,46,5,11,3,1,1,7,0,0,7,16,0.239,0.357,0.413,0.77,19,0,2,1,1,0,,player.fcgi?id=palmie000max
Dalton Pearson,22,2024,Cincinnati,Big 12,52,162,129,28,24,5,2,1,14,15,2,24,42,0.186,0.329,0.279,0.608,36,2,5,1,3,0,,player.fcgi?id=pearso002dal
Luke Sefcik,21,2024,Cincinnati,Big 12,37,128,101,19,30,5,0,0,17,7,2,19,15,0.297,0.408,0.347,0.755,35,0,2,3,3,0,,player.fcgi?id=sefcik000luk
Sean Springer*,23,2024,Cincinnati,Big 12,3,2,2,1,0,0,0,0,0,0,0,0,1,0,0,0,0,0,0,0,0,0,0,,player.fcgi?id=spring000sea
Landyn Vidourek*,20,2024,Cincinnati,Big 12,53,194,146,34,36,10,1,6,31,18,3,39,49,0.247,0.418,0.452,0.87,66,0,6,0,3,1,,player.fcgi?id=vidour000lan
Noah Wicks*,19,2024,Cincinnati,Big 12,5,3,3,0,0,0,0,0,0,0,0,0,1,0,0,0,0,0,0,0,0,0,0,,player.fcgi?id=wicks-000noa
Jack Arthur,23,2026,TCU,Big 12,30,94,81,14,17,5,0,3,7,7,1,10,22,0.21,0.319,0.383,0.702,31,1,3,0,0,0,,player.fcgi?id=arthur000jac
Jack Bell*,21,2026,TCU,Big 12,50,199,155,39,47,9,1,6,27,4,1,39,45,0.303,0.452,0.49,0.942,76,2,3,2,0,0,,player.fcgi?id=bell--008jac
Colin Blanchard*,23,2026,TCU,Big 12,5,1,0,0,0,0,0,0,1,0,0,0,0,,0,,,0,0,0,0,1,0,,player.fcgi?id=blanch000col
Chase Brunson,20,2026,TCU,Big 12,51,225,171,37,52,11,1,10,51,13,5,33,42,0.304,0.462,0.556,1.018,95,2,19,0,2,0,,player.fcgi?id=brunso000cha
Cole Cramer,23,2026,TCU,Big 12,54,253,215,52,66,8,1,3,39,8,1,30,49,0.307,0.399,0.395,0.795,85,5,5,0,3,1,,player.fcgi?id=cramer000col
Brady Dallimore,20,2026,TCU,Big 12,38,142,122,28,33,8,1,8,23,0,0,14,34,0.271,0.373,0.549,0.922,67,1,6,0,0,1,,player.fcgi?id=dallim000bra
Cole Eaton,21,2026,TCU,Big 12,18,11,11,0,2,0,0,0,2,0,1,0,3,0.182,0.182,0.182,0.364,2,0,0,0,0,0,,player.fcgi?id=eaton-003col
Lucas Franco*,19,2026,TCU,Big 12,38,147,122,20,24,2,1,3,22,2,1,19,38,0.197,0.313,0.303,0.616,37,4,2,3,1,0,,player.fcgi?id=franco000luc
Noah Franco*,20,2026,TCU,Big 12,30,109,96,16,22,3,0,4,14,1,1,11,32,0.229,0.321,0.385,0.707,37,1,2,0,0,0,,player.fcgi?id=franco000noa
Preston Gamster,22,2026,TCU,Big 12,32,98,88,19,25,6,0,5,17,5,3,6,33,0.284,0.351,0.523,0.873,46,2,3,1,0,0,,player.fcgi?id=gamste000pre
Kyuss Gargett#,21,2026,TCU,Big 12,30,107,83,16,18,1,0,3,14,4,0,15,21,0.217,0.393,0.337,0.73,28,0,9,0,0,1,,player.fcgi?id=garget000kyu
Colton Griffin*,21,2026,TCU,Big 12,42,175,142,27,41,5,1,1,18,10,1,23,23,0.289,0.398,0.359,0.757,51,4,4,4,2,0,,player.fcgi?id=griffi001col
Lane Hutchinson,25,2026,TCU,Big 12,6,7,3,2,1,0,0,0,0,0,0,3,1,0.333,0.714,0.333,1.048,1,0,1,0,0,0,,player.fcgi?id=hutchi000lan
Rob Liddington,23,2026,TCU,Big 12,44,155,131,27,35,7,0,5,28,5,1,17,35,0.267,0.348,0.435,0.784,57,5,2,0,5,0,,player.fcgi?id=liddin000rob
Sawyer Strosnider*,21,2026,TCU,Big 12,50,234,183,54,50,11,4,13,47,12,2,43,43,0.273,0.415,0.59,1.005,108,0,4,0,4,3,,player.fcgi?id=strosn000saw
Nolan Traeger*,20,2026,TCU,Big 12,46,193,157,20,45,8,0,4,34,1,0,25,24,0.287,0.399,0.414,0.813,65,1,7,0,4,0,,player.fcgi?id=traege000nol
Jack Arthur,22,2025,TCU,Big 12,21,44,39,13,11,2,1,2,9,2,0,3,10,0.282,0.364,0.539,0.902,21,1,2,0,0,0,,player.fcgi?id=arthur000jac
Jack Bell*,20,2025,TCU,Big 12,55,170,139,33,36,6,3,5,31,3,3,26,43,0.259,0.377,0.453,0.83,63,0,2,0,3,0,,player.fcgi?id=bell--008jac
Karson Bowen,20,2025,TCU,Big 12,45,186,159,29,53,11,3,4,28,3,2,20,35,0.333,0.425,0.516,0.94,82,3,6,0,1,0,,player.fcgi?id=bowen-000kar
Chase Brunson,19,2025,TCU,Big 12,58,258,224,56,71,13,2,12,46,9,0,26,35,0.317,0.395,0.554,0.949,124,5,5,0,3,0,,player.fcgi?id=brunso000cha
Isaac Cadena*,20,2025,TCU,Big 12,56,248,204,41,48,4,2,8,34,8,2,30,49,0.235,0.351,0.392,0.743,80,5,9,0,5,0,,player.fcgi?id=cadena000isa
Cole Cramer,22,2025,TCU,Big 12,59,277,222,35,71,9,2,3,43,9,2,43,54,0.32,0.433,0.419,0.852,93,1,6,0,6,0,,player.fcgi?id=cramer000col
Cole Eaton,20,2025,TCU,Big 12,30,10,9,7,3,0,0,0,2,6,1,1,2,0.333,0.4,0.333,0.733,3,0,0,0,0,0,,player.fcgi?id=eaton-003col
Noah Franco*,19,2025,TCU,Big 12,56,250,217,39,68,16,1,11,49,4,2,25,63,0.313,0.396,0.548,0.944,119,2,6,0,2,0,,player.fcgi?id=franco000noa
Preston Gamster,21,2025,TCU,Big 12,15,31,27,2,4,1,0,0,2,0,0,3,12,0.148,0.258,0.185,0.443,5,0,1,0,0,0,,player.fcgi?id=gamste000pre
Brody Green,22,2025,TCU,Big 12,29,45,42,4,9,2,0,1,7,0,0,2,12,0.214,0.267,0.333,0.6,14,1,1,0,0,0,,player.fcgi?id=green-001bro
Colton Griffin*,20,2025,TCU,Big 12,33,113,94,19,25,6,1,2,14,6,3,15,22,0.266,0.381,0.415,0.795,39,2,3,0,1,0,,player.fcgi?id=griffi001col
Sam Myers*,20,2025,TCU,Big 12,39,106,81,19,19,2,0,0,14,12,2,12,15,0.235,0.394,0.259,0.654,21,2,10,2,1,0,,player.fcgi?id=myers-003sam
Anthony Silva,21,2025,TCU,Big 12,59,243,212,41,60,10,1,6,38,10,1,19,43,0.283,0.35,0.425,0.774,90,4,6,0,6,1,,player.fcgi?id=silva-000ant
Jacob Silva#,20,2025,TCU,Big 12,1,1,0,0,0,0,0,0,0,0,0,1,0,,1,,,0,0,0,0,0,0,,player.fcgi?id=silva-004jac
Camden Sos,20,2025,TCU,Big 12,7,4,3,1,0,0,0,0,0,0,0,1,1,0,0.25,0,0.25,0,0,0,0,0,0,,player.fcgi?id=sos---000cam
Nate Stern,19,2025,TCU,Big 12,15,1,1,0,0,0,0,0,0,0,0,0,1,0,0,0,0,0,0,0,0,0,0,,player.fcgi?id=stern-000nat
Sawyer Strosnider*,20,2025,TCU,Big 12,56,251,220,52,77,13,10,11,51,10,4,20,47,0.35,0.42,0.65,1.07,143,3,8,1,2,2,,player.fcgi?id=strosn000saw
Nolan Traeger*,19,2025,TCU,Big 12,47,189,159,29,52,8,3,3,17,2,0,21,29,0.327,0.429,0.472,0.9,75,2,8,0,1,0,,player.fcgi?id=traege000nol
Jack Arthur,21,2024,TCU,Big 12,21,61,52,13,16,3,2,1,8,2,2,6,13,0.308,0.4,0.5,0.9,26,2,2,1,0,0,,player.fcgi?id=arthur000jac
Jack Basseer,20,2024,TCU,Big 12,18,56,46,7,11,1,0,1,3,0,0,5,14,0.239,0.364,0.326,0.69,15,0,4,1,0,0,,player.fcgi?id=basser000jac
Karson Bowen,19,2024,TCU,Big 12,51,216,183,32,43,7,0,6,38,8,0,26,42,0.235,0.326,0.372,0.697,68,3,1,1,5,0,,player.fcgi?id=bowen-000kar
Luke Boyers#,23,2024,TCU,Big 12,49,195,169,24,47,5,0,7,24,11,1,14,48,0.278,0.361,0.432,0.793,73,2,8,4,0,0,,player.fcgi?id=boyers000luk
Chase Brunson,18,2024,TCU,Big 12,43,177,148,36,43,8,0,4,25,5,1,20,26,0.291,0.39,0.426,0.816,63,3,6,0,3,0,,player.fcgi?id=brunso000cha
Kurtis Byrne,23,2024,TCU,Big 12,52,235,204,31,55,11,2,8,42,2,1,19,27,0.27,0.357,0.461,0.818,94,4,10,0,2,0,,player.fcgi?id=byrne-000kur
Peyton Chatagnier,23,2024,TCU,Big 12,43,193,148,33,35,7,4,3,19,11,2,33,30,0.237,0.377,0.399,0.776,59,1,4,2,6,2,,player.fcgi?id=chatag000pey
Jake Duer*,21,2024,TCU,Big 12,1,4,3,0,0,0,0,0,0,0,0,1,2,0,0.25,0,0.25,0,0,0,0,0,0,,player.fcgi?id=duer--000jak
Brody Green,21,2024,TCU,Big 12,19,72,66,9,20,4,1,2,12,1,1,3,22,0.303,0.338,0.485,0.823,32,1,1,1,1,0,,player.fcgi?id=green-001bro
Fisher Ingersoll*,20,2024,TCU,Big 12,4,11,9,1,1,0,0,0,1,1,0,1,5,0.111,0.182,0.111,0.293,1,0,0,0,1,0,,player.fcgi?id=ingers000fis
Micah Kendrick*,19,2024,TCU,Big 12,5,8,5,2,0,0,0,0,0,0,0,2,3,0,0.286,0,0.286,0,0,0,1,0,0,,player.fcgi?id=kendri001mic
Dallen Leach,24,2024,TCU,Big 12,2,2,2,1,1,1,0,0,0,0,0,0,0,0.5,0.5,1,1.5,2,1,0,0,0,0,,player.fcgi?id=leach-000dal
Logan Maxwell*,21,2024,TCU,Big 12,46,213,170,30,57,12,2,3,25,10,2,30,23,0.335,0.447,0.482,0.93,82,3,6,5,2,0,,player.fcgi?id=maxwel001log
Gabe Miranda*,20,2024,TCU,Big 12,13,5,5,0,1,1,0,0,0,0,0,0,1,0.2,0.2,0.4,0.6,2,0,0,0,0,0,,player.fcgi?id=mirand000gab
Sam Myers*,19,2024,TCU,Big 12,48,194,173,31,61,12,3,2,24,2,6,9,25,0.353,0.405,0.491,0.897,85,4,7,4,1,1,,player.fcgi?id=myers-003sam
Ryder Robinson#,20,2024,TCU,Big 12,47,181,149,24,32,7,0,2,20,3,1,19,36,0.215,0.316,0.302,0.618,45,4,5,4,4,0,,player.fcgi?id=robins000ryd
Anthony Silva,20,2024,TCU,Big 12,51,226,190,36,51,10,0,4,33,13,3,26,42,0.268,0.369,0.384,0.753,73,4,6,1,3,0,,player.fcgi?id=silva-000ant
Camden Sos,19,2024,TCU,Big 12,9,20,19,3,3,1,0,0,0,0,0,1,9,0.158,0.2,0.211,0.411,4,1,0,0,0,0,,player.fcgi?id=sos---000cam
Payton Tolle*,21,2024,TCU,Big 12,28,66,55,5,10,2,0,2,13,0,0,5,21,0.182,0.303,0.327,0.63,18,1,5,0,1,0,,player.fcgi?id=tolle-000pay
Zach Wadas*,19,2024,TCU,Big 12,4,8,8,1,1,0,0,1,1,0,0,0,5,0.125,0.125,0.5,0.625,4,0,0,0,0,0,,player.fcgi?id=wadas-000zac
David Bishop,20,2023,TCU,Big 12,35,135,117,20,25,5,1,2,17,3,0,16,43,0.214,0.311,0.325,0.636,38,3,1,0,1,0,,player.fcgi?id=bishop002dav
Owen Blackledge*,20,2023,TCU,Big 12,5,6,4,0,1,1,0,0,1,0,0,1,3,0.25,0.333,0.5,0.833,2,0,0,0,1,0,,player.fcgi?id=blackl000owe
Karson Bowen,18,2023,TCU,Big 12,56,251,217,49,76,15,0,6,46,9,2,25,49,0.35,0.42,0.502,0.922,109,4,4,1,4,1,,player.fcgi?id=bowen-000kar
Luke Boyers#,22,2023,TCU,Big 12,58,225,173,42,40,7,1,7,27,7,1,38,63,0.231,0.401,0.405,0.806,70,1,11,3,0,0,,player.fcgi?id=boyers000luk
Kurtis Byrne,22,2023,TCU,Big 12,50,216,193,34,55,9,0,10,48,0,0,14,34,0.285,0.343,0.487,0.83,94,6,5,0,4,0,,player.fcgi?id=byrne-000kur
Austin Davis,23,2023,TCU,Big 12,68,303,247,48,70,19,0,9,57,22,5,35,47,0.283,0.377,0.47,0.847,116,2,7,6,8,1,,player.fcgi?id=davis-005aus
Jake Duer*,20,2023,TCU,Big 12,7,15,13,2,3,0,0,0,1,0,0,1,6,0.231,0.333,0.231,0.564,3,1,1,0,0,0,,player.fcgi?id=duer--000jak
Cole Fontenelle#,21,2023,TCU,Big 12,65,294,233,66,82,21,2,14,58,20,5,45,50,0.352,0.473,0.64,1.112,149,6,12,0,4,1,,player.fcgi?id=fonten000col
Brody Green,20,2023,TCU,Big 12,16,18,16,2,2,1,0,0,2,0,0,1,7,0.125,0.222,0.188,0.41,3,1,1,0,0,0,,player.fcgi?id=green-001bro
Fisher Ingersoll*,19,2023,TCU,Big 12,8,17,12,2,1,0,0,0,2,0,1,4,6,0.083,0.294,0.083,0.377,1,0,0,0,1,0,,player.fcgi?id=ingers000fis
Logan Maxwell*,20,2023,TCU,Big 12,38,128,100,20,30,6,2,2,18,4,1,14,23,0.3,0.418,0.46,0.878,46,1,7,6,1,0,,player.fcgi?id=maxwel001log
Elijah Nunez*,21,2023,TCU,Big 12,63,289,239,59,69,17,2,3,36,20,2,36,60,0.289,0.4,0.414,0.814,99,1,9,4,1,0,,player.fcgi?id=nunez-001eli
Tre Richardson III,21,2023,TCU,Big 12,68,321,270,58,84,16,2,6,60,25,4,28,50,0.311,0.392,0.452,0.844,122,2,11,7,5,0,,player.fcgi?id=richar002tre
Anthony Silva,19,2023,TCU,Big 12,61,264,227,53,75,11,0,7,50,17,2,23,33,0.33,0.416,0.471,0.887,107,4,11,2,1,0,,player.fcgi?id=silva-000ant
Mason Speaker,22,2023,TCU,Big 12,15,1,1,0,0,0,0,0,0,0,0,0,0,0,0,0,0,0,0,0,0,0,0,,player.fcgi?id=speake000mas
Brayden Taylor*,21,2023,TCU,Big 12,67,321,260,77,80,15,0,23,70,14,0,54,60,0.308,0.43,0.631,1.061,164,1,4,0,3,6,,player.fcgi?id=taylor010bra
Garrison Berkley,20,2022,TCU,Big 12,27,46,37,5,7,1,0,0,2,3,1,5,9,0.189,0.304,0.216,0.521,8,0,2,0,2,0,,player.fcgi?id=berkle000gar
David Bishop,19,2022,TCU,Big 12,56,255,218,40,57,8,2,6,47,3,2,27,45,0.262,0.345,0.399,0.744,87,8,4,0,6,0,,player.fcgi?id=bishop002dav
Owen Blackledge*,19,2022,TCU,Big 12,9,20,12,2,1,1,0,0,2,0,0,6,5,0.083,0.35,0.167,0.517,2,0,0,0,2,0,,player.fcgi?id=blackl000owe
Luke Boyers#,21,2022,TCU,Big 12,60,262,224,46,56,11,2,6,37,11,2,25,65,0.25,0.345,0.397,0.742,89,1,9,1,3,0,,player.fcgi?id=boyers000luk
Porter Brown*,21,2022,TCU,Big 12,43,117,98,24,27,5,0,5,23,8,1,15,32,0.276,0.385,0.48,0.864,47,1,3,0,1,1,,player.fcgi?id=brown-000por
Kurtis Byrne,21,2022,TCU,Big 12,57,233,206,33,60,15,1,5,44,2,0,20,32,0.291,0.361,0.447,0.807,92,5,4,0,3,0,,player.fcgi?id=byrne-000kur
Bobby Goodloe*,22,2022,TCU,Big 12,37,128,107,18,27,9,0,1,18,1,0,13,19,0.252,0.354,0.365,0.719,39,5,5,1,2,0,,player.fcgi?id=goodlo000bob
Brody Green,19,2022,TCU,Big 12,8,9,7,2,1,0,0,1,1,0,0,2,5,0.143,0.333,0.571,0.905,4,0,0,0,0,0,,player.fcgi?id=green-001bro
Logan Maxwell*,19,2022,TCU,Big 12,26,94,72,11,14,4,0,0,12,5,2,17,20,0.194,0.372,0.25,0.622,18,0,4,0,1,0,,player.fcgi?id=maxwel001log
Elijah Nunez*,20,2022,TCU,Big 12,60,287,223,61,64,7,4,1,31,31,2,58,48,0.287,0.435,0.368,0.802,82,2,1,4,1,1,,player.fcgi?id=nunez-001eli
Michael Petrie,24,2022,TCU,Big 12,10,19,12,4,1,1,0,0,2,0,0,5,2,0.083,0.368,0.167,0.535,2,1,1,0,1,0,,player.fcgi?id=petrie000mic
Gray Rodgers*,23,2022,TCU,Big 12,59,250,212,47,54,13,1,4,40,6,1,34,46,0.255,0.357,0.382,0.74,81,6,1,1,2,2,,player.fcgi?id=rodger000gra
Tommy Sacco#,23,2022,TCU,Big 12,60,274,231,58,82,23,1,14,58,18,2,34,42,0.355,0.443,0.645,1.088,149,2,5,1,3,0,,player.fcgi?id=sacco-000tom
Mason Speaker,21,2022,TCU,Big 12,13,16,14,0,2,1,0,0,5,0,0,2,6,0.143,0.25,0.214,0.464,3,1,0,0,0,0,,player.fcgi?id=speake000mas
Reed Spenrath*,22,2022,TCU,Big 12,32,107,91,12,19,3,0,4,13,1,0,14,40,0.209,0.318,0.374,0.691,34,0,1,0,1,0,,player.fcgi?id=spenra000ree
Brayden Taylor*,20,2022,TCU,Big 12,59,271,210,55,66,14,1,13,50,10,0,55,40,0.314,0.454,0.576,1.03,121,1,2,0,4,4,,player.fcgi?id=taylor010bra
Hunter Teplanszky#,20,2022,TCU,Big 12,14,21,18,1,3,1,0,0,2,0,0,2,7,0.167,0.286,0.222,0.508,4,1,1,0,0,0,,player.fcgi?id=teplan000hun
Sam Thompson*,21,2022,TCU,Big 12,19,33,26,9,4,1,0,2,7,2,0,7,12,0.154,0.333,0.423,0.756,11,0,0,0,0,0,,player.fcgi?id=thomps006sam
Garrison Berkley,19,2021,TCU,Big 12,3,7,5,2,0,0,0,0,1,0,0,1,3,0,0.286,0,0.286,0,,1,0,0,0,,player.fcgi?id=berkle000gar
Luke Boyers#,20,2021,TCU,Big 12,46,180,150,35,46,4,0,1,22,10,4,17,46,0.307,0.411,0.353,0.764,53,,11,0,2,0,,player.fcgi?id=boyers000luk
Porter Brown*,20,2021,TCU,Big 12,40,144,120,28,41,9,0,3,30,8,3,19,22,0.342,0.444,0.492,0.936,59,,4,0,1,1,,player.fcgi?id=brown-000por
Kurtis Byrne,20,2021,TCU,Big 12,16,34,27,8,9,3,0,1,9,1,0,7,4,0.333,0.471,0.556,1.026,15,,0,0,0,0,,player.fcgi?id=byrne-000kur
Bobby Goodloe*,21,2021,TCU,Big 12,12,29,25,6,2,0,0,2,5,0,0,3,8,0.08,0.207,0.32,0.527,8,,1,0,0,0,,player.fcgi?id=goodlo000bob
Austin Henry,23,2021,TCU,Big 12,31,68,60,8,17,4,1,1,5,4,0,8,20,0.283,0.368,0.433,0.801,26,,0,0,0,0,,player.fcgi?id=henry-000aus
Zach Humphreys,23,2021,TCU,Big 12,57,259,215,62,68,15,3,6,40,9,1,39,36,0.316,0.425,0.498,0.922,107,,3,0,2,2,,player.fcgi?id=humphr000zac
Rhett Maynard,21,2021,TCU,Big 12,12,15,10,0,0,0,0,0,4,1,0,2,4,0,0.2,0,0.2,0,,1,0,2,0,,player.fcgi?id=maynar000rhe
Elijah Nunez*,19,2021,TCU,Big 12,54,234,187,37,42,5,4,1,18,10,4,43,47,0.225,0.375,0.31,0.685,58,,2,2,0,0,,player.fcgi?id=nunez-001eli
Gray Rodgers*,22,2021,TCU,Big 12,52,211,178,35,51,4,1,3,35,7,1,25,49,0.287,0.383,0.371,0.754,66,,4,2,2,1,,player.fcgi?id=rodger000gra
Tommy Sacco#,22,2021,TCU,Big 12,59,251,208,27,48,12,1,1,27,10,2,31,65,0.231,0.343,0.313,0.655,65,,6,3,3,0,,player.fcgi?id=sacco-000tom
Conner Shepherd*,24,2021,TCU,Big 12,38,116,88,25,23,4,2,4,19,3,0,25,21,0.261,0.431,0.489,0.92,43,,2,0,1,0,,player.fcgi?id=shephe000con
Cruz Shope,22,2021,TCU,Big 12,4,6,4,3,2,0,0,0,2,0,0,2,0,0.5,0.667,0.5,1.167,2,,0,0,0,0,,player.fcgi?id=shope-000cru
Phillip Sikes,22,2021,TCU,Big 12,58,255,213,56,70,19,5,11,63,12,1,26,45,0.329,0.428,0.62,1.047,132,,13,0,3,4,,player.fcgi?id=sikes-000phi
Mason Speaker,20,2021,TCU,Big 12,3,6,4,1,2,0,0,0,2,0,0,2,0,0.5,0.667,0.5,1.167,2,,0,0,0,0,,player.fcgi?id=speake000mas
Brayden Taylor*,19,2021,TCU,Big 12,58,274,222,54,72,11,4,12,53,15,1,49,46,0.324,0.445,0.572,1.017,127,,1,0,2,0,,player.fcgi?id=taylor010bra
Sam Thompson*,20,2021,TCU,Big 12,5,6,5,1,1,0,0,1,1,1,0,1,2,0.2,0.333,0.8,1.133,4,,0,0,0,0,,player.fcgi?id=thomps006sam
Hunter Wolfe,24,2021,TCU,Big 12,52,215,181,43,57,18,1,7,55,13,1,26,48,0.315,0.397,0.541,0.939,98,,2,1,5,2,,player.fcgi?id=wolfe-000hun
Gene Wood*,25,2021,TCU,Big 12,47,186,150,37,41,5,3,7,39,17,0,20,47,0.273,0.393,0.487,0.879,73,,12,0,4,0,,player.fcgi?id=wood--000gen
Porter Brown*,19,2020,TCU,Big 12,13,60,53,13,10,3,0,1,7,2,1,6,15,0.189,0.283,0.302,0.585,16,,1,0,0,0,,player.fcgi?id=brown-000por
Kurtis Byrne,19,2020,TCU,Big 12,5,19,15,1,1,0,0,0,1,0,0,3,5,0.067,0.263,0.067,0.33,1,,1,0,0,0,,player.fcgi?id=byrne-000kur
Bobby Goodloe*,20,2020,TCU,Big 12,7,13,11,0,2,0,0,0,0,0,0,1,3,0.182,0.25,0.182,0.432,2,,0,1,0,0,,player.fcgi?id=goodlo000bob
Austin Henry,22,2020,TCU,Big 12,13,54,45,9,6,1,1,1,13,1,0,8,14,0.133,0.259,0.267,0.526,12,,0,0,1,0,,player.fcgi?id=henry-000aus
Zach Humphreys,22,2020,TCU,Big 12,14,55,44,10,13,8,0,0,7,2,1,9,10,0.296,0.418,0.477,0.896,21,,1,0,1,1,,player.fcgi?id=humphr000zac
Rhett Maynard,20,2020,TCU,Big 12,1,1,1,0,0,0,0,0,0,0,0,0,1,0,0,0,0,0,,0,0,0,0,,player.fcgi?id=maynar000rhe
Gray Rodgers*,21,2020,TCU,Big 12,15,69,59,14,22,5,0,2,11,1,0,9,13,0.373,0.464,0.559,1.023,33,,1,0,0,0,,player.fcgi?id=rodger000gra
Tommy Sacco#,21,2020,TCU,Big 12,15,71,56,12,17,6,0,1,13,3,3,14,16,0.304,0.437,0.464,0.901,26,,0,0,1,1,,player.fcgi?id=sacco-000tom
Conner Shepherd*,23,2020,TCU,Big 12,15,64,56,8,15,2,1,4,14,2,0,6,16,0.268,0.344,0.554,0.897,31,,1,0,1,1,,player.fcgi?id=shephe000con
Cruz Shope,21,2020,TCU,Big 12,1,1,1,0,0,0,0,0,0,0,0,0,1,0,0,0,0,0,,0,0,0,0,,player.fcgi?id=shope-000cru
Phillip Sikes,21,2020,TCU,Big 12,15,57,48,7,8,1,0,0,5,3,0,7,12,0.167,0.298,0.188,0.486,9,,2,0,0,0,,player.fcgi?id=sikes-000phi
Mason Speaker,19,2020,TCU,Big 12,4,3,3,0,0,0,0,0,0,0,0,0,0,0,0,0,0,0,,0,0,0,0,,player.fcgi?id=speake000mas
Sam Thompson*,19,2020,TCU,Big 12,8,31,23,8,7,1,2,0,1,0,1,5,4,0.304,0.484,0.522,1.006,12,,3,0,0,0,,player.fcgi?id=thomps006sam
Hunter Wolfe,23,2020,TCU,Big 12,13,52,44,9,15,3,0,1,12,6,2,6,14,0.341,0.442,0.477,0.92,21,,2,0,0,0,,player.fcgi?id=wolfe-000hun
Gene Wood*,24,2020,TCU,Big 12,15,70,51,16,18,3,0,5,14,6,2,12,14,0.353,0.514,0.706,1.22,36,,6,0,1,0,,player.fcgi?id=wood--000gen
Porter Brown*,18,2019,TCU,Big 12,16,74,61,18,17,3,0,0,3,7,1,10,15,0.279,0.405,0.328,0.733,20,,3,0,0,0,,player.fcgi?id=brown-000por
Brad Czerniejewski,20,2019,TCU,Big 12,15,11,10,3,0,0,0,0,1,0,0,0,7,0,0,0,0,0,,0,0,1,0,,player.fcgi?id=czerni000bra
Dean Frew,21,2019,TCU,Big 12,14,18,12,2,2,1,0,0,4,0,1,4,4,0.167,0.389,0.25,0.639,3,,1,0,1,0,,player.fcgi?id=frew--000dea
Bobby Goodloe*,19,2019,TCU,Big 12,39,129,111,15,31,5,1,0,14,1,1,17,19,0.279,0.372,0.342,0.714,38,,0,0,1,0,,player.fcgi?id=goodlo000bob
Jake Guenther*,22,2019,TCU,Big 12,58,253,203,43,70,13,2,10,42,14,0,41,29,0.345,0.463,0.576,1.039,117,,6,0,3,2,,player.fcgi?id=guenth000jak
Austin Henry,21,2019,TCU,Big 12,62,276,240,46,69,10,1,7,43,11,2,31,48,0.288,0.373,0.425,0.798,102,,3,0,2,0,,player.fcgi?id=henry-000aus
Zach Humphreys,21,2019,TCU,Big 12,44,153,137,24,38,10,1,3,34,2,1,11,23,0.277,0.336,0.431,0.766,59,,2,1,2,0,,player.fcgi?id=humphr000zac
Alex Isola,20,2019,TCU,Big 12,54,220,187,28,50,7,0,5,31,2,0,25,46,0.267,0.377,0.385,0.762,72,,8,0,0,0,,player.fcgi?id=isola-000ale
Andrew Keefer,21,2019,TCU,Big 12,46,183,162,18,39,7,1,3,23,2,1,16,27,0.241,0.317,0.352,0.669,57,,3,0,2,0,,player.fcgi?id=keefer000and
Adam Oviedo,20,2019,TCU,Big 12,53,212,182,30,53,10,3,3,33,1,3,22,41,0.291,0.379,0.429,0.808,78,,5,1,2,1,,player.fcgi?id=oviedo000ada
Johnny Rizer*,22,2019,TCU,Big 12,62,274,241,47,76,16,2,11,39,8,5,27,51,0.315,0.383,0.535,0.919,129,,2,0,4,1,,player.fcgi?id=rizer-000joh
Conner Shepherd*,22,2019,TCU,Big 12,57,216,185,33,55,9,2,6,22,5,1,28,54,0.297,0.389,0.465,0.854,86,,1,0,2,3,,player.fcgi?id=shephe000con
Josh Watson#,22,2019,TCU,Big 12,62,297,250,57,81,21,0,10,42,10,4,36,48,0.324,0.424,0.528,0.952,132,,9,0,2,2,,player.fcgi?id=watson003jos
Hunter Wolfe,22,2019,TCU,Big 12,45,189,153,34,46,8,2,7,27,12,2,31,45,0.301,0.417,0.516,0.933,79,,1,2,2,0,,player.fcgi?id=wolfe-000hun
Luken Baker,21,2018,TCU,Big 12,31,140,113,23,36,2,0,9,26,1,1,24,18,0.319,0.443,0.575,1.018,65,,2,0,1,1,,player.fcgi?id=baker-002luk
A.J. Balta*,22,2018,TCU,Big 12,56,250,203,39,63,17,2,7,59,15,4,35,35,0.31,0.408,0.517,0.925,105,,4,0,8,0,,player.fcgi?id=balta-000aj-
Coby Boulware,19,2018,TCU,Big 12,56,239,209,35,58,7,1,0,17,23,4,25,50,0.278,0.357,0.321,0.678,67,,2,1,2,0,,player.fcgi?id=boulwa000cob
Danny Crews*,21,2018,TCU,Big 12,8,11,9,2,1,1,0,0,0,0,0,2,3,0.111,0.273,0.222,0.495,2,,0,0,0,0,,player.fcgi?id=crews-000dan
Tristan Hanoian*,--,2018,TCU,Big 12,12,21,15,3,2,0,0,0,1,0,0,5,4,0.133,0.381,0.133,0.514,2,,1,0,0,0,,player.fcgi?id=hanoia000tri
Zach Humphreys,20,2018,TCU,Big 12,53,222,178,25,40,3,2,0,27,7,2,35,23,0.225,0.369,0.264,0.633,47,,7,0,2,0,,player.fcgi?id=humphr000zac
Michael Landestoy,23,2018,TCU,Big 12,55,241,204,30,62,10,0,3,42,4,1,26,43,0.304,0.399,0.397,0.796,81,,7,3,1,1,,player.fcgi?id=landes000mic
Adam Oviedo,19,2018,TCU,Big 12,55,231,202,21,46,6,0,0,25,4,3,26,60,0.228,0.319,0.257,0.576,52,,1,2,0,0,,player.fcgi?id=oviedo000ada
Colton Parrish*,21,2018,TCU,Big 12,22,47,35,11,7,1,0,0,2,3,0,11,7,0.2,0.404,0.229,0.633,8,,1,0,0,0,,player.fcgi?id=parris000col
Johnny Rizer*,21,2018,TCU,Big 12,41,154,130,24,30,7,3,3,13,5,2,22,29,0.231,0.344,0.4,0.744,52,,1,0,1,0,,player.fcgi?id=rizer-000joh
Conner Shepherd*,21,2018,TCU,Big 12,54,224,183,29,38,6,1,7,26,4,0,31,55,0.208,0.338,0.366,0.704,67,,6,2,2,0,,player.fcgi?id=shephe000con
Connor Wanhanen*,22,2018,TCU,Big 12,53,225,181,35,41,9,1,2,20,9,5,31,63,0.227,0.363,0.32,0.684,58,,9,2,2,0,,player.fcgi?id=wanhan000con
Josh Watson#,21,2018,TCU,Big 12,56,263,210,55,64,10,3,8,32,8,1,40,47,0.305,0.437,0.495,0.933,104,,11,0,2,2,,player.fcgi?id=watson003jos
Luken Baker,20,2017,TCU,Big 12,47,207,161,39,51,8,1,8,41,2,0,40,36,0.317,0.454,0.528,0.982,85,,3,0,3,7,,player.fcgi?id=baker-002luk
Elliott Barzilli,22,2017,TCU,Big 12,68,280,256,42,62,14,0,6,31,6,2,19,54,0.242,0.304,0.367,0.671,94,,4,0,1,0,,player.fcgi?id=barzil000ell
Nolan Brown*,23,2017,TCU,Big 12,66,283,242,50,67,14,2,3,35,26,2,29,53,0.277,0.369,0.388,0.757,94,,8,1,3,0,,player.fcgi?id=brown-000nol
Trent Franson?,--,2017,TCU,Big 12,7,9,7,1,2,0,0,0,0,0,0,2,1,0.286,0.444,0.286,0.73,2,,0,0,0,0,,player.fcgi?id=franso000tre
Mason Hesse,--,2017,TCU,Big 12,18,39,33,4,6,1,0,1,11,2,0,5,12,0.182,0.282,0.303,0.585,10,,0,0,1,0,,player.fcgi?id=hesse-000mas
Zach Humphreys,19,2017,TCU,Big 12,33,124,101,25,27,3,2,2,19,3,1,17,20,0.267,0.379,0.396,0.775,40,,3,0,3,0,,player.fcgi?id=humphr000zac
Austin Ingraham,21,2017,TCU,Big 12,11,18,14,0,2,0,0,0,1,0,0,3,8,0.143,0.333,0.143,0.476,2,,1,0,0,0,,player.fcgi?id=ingrah001aus
Michael Landestoy,22,2017,TCU,Big 12,48,78,71,11,14,3,0,1,6,3,0,4,16,0.197,0.269,0.282,0.551,20,,3,0,0,1,,player.fcgi?id=landes000mic
Ryan Merrill*,22,2017,TCU,Big 12,64,252,218,42,53,8,1,6,43,17,2,28,42,0.243,0.333,0.372,0.705,81,,3,0,3,0,,player.fcgi?id=merril000rya
Evan Skoug*,21,2017,TCU,Big 12,68,312,261,59,71,11,0,20,70,3,0,40,98,0.272,0.378,0.544,0.922,142,,7,0,4,5,,player.fcgi?id=skoug-000eva
Austen Wade*,21,2017,TCU,Big 12,63,299,247,54,82,17,3,5,40,16,7,49,55,0.332,0.442,0.486,0.927,120,,1,0,2,1,,player.fcgi?id=wade--000aus
Connor Wanhanen*,21,2017,TCU,Big 12,50,173,135,34,38,5,1,0,16,11,2,31,42,0.282,0.43,0.333,0.764,45,,5,1,1,0,,player.fcgi?id=wanhan000con
Cam Warner,23,2017,TCU,Big 12,68,308,268,51,76,12,0,5,49,10,3,33,40,0.284,0.364,0.384,0.748,103,,3,0,4,0,,player.fcgi?id=warner000cam
Josh Watson#,20,2017,TCU,Big 12,68,289,230,35,55,11,1,1,38,7,4,43,64,0.239,0.37,0.309,0.679,71,,9,0,7,0,,player.fcgi?id=watson003jos
Evan Williams,23,2017,TCU,Big 12,31,58,46,4,8,1,1,0,8,2,0,11,16,0.174,0.333,0.239,0.572,11,,0,1,0,0,,player.fcgi?id=willia000eva
Luken Baker,19,2016,TCU,Big 12,67,298,248,59,94,16,0,11,62,1,0,45,39,0.379,0.483,0.577,1.06,143,,5,0,0,3,,player.fcgi?id=baker-002luk
Elliott Barzilli,21,2016,TCU,Big 12,67,294,251,44,85,16,4,7,48,14,2,30,32,0.339,0.418,0.518,0.936,130,,8,0,5,2,,player.fcgi?id=barzil000ell
Nolan Brown*,22,2016,TCU,Big 12,14,4,3,2,0,0,0,0,0,1,0,1,0,0,0.25,0,0.25,0,,0,0,0,0,,player.fcgi?id=brown-000nol
Trent Franson?,--,2016,TCU,Big 12,7,7,5,0,2,1,0,0,2,0,0,2,1,0.4,0.571,0.6,1.171,3,,0,0,0,0,,player.fcgi?id=franso000tre
Mason Hesse,--,2016,TCU,Big 12,26,89,69,14,19,5,2,0,14,4,2,12,15,0.275,0.407,0.406,0.813,28,,4,3,1,1,,player.fcgi?id=hesse-000mas
Ryan Johnson*,19,2016,TCU,Big 12,21,31,28,7,6,2,0,0,3,2,0,2,11,0.214,0.29,0.286,0.576,8,,1,0,0,0,,player.fcgi?id=johnso009rya
Michael Landestoy,21,2016,TCU,Big 12,44,79,69,13,20,0,1,1,14,1,1,5,12,0.29,0.346,0.362,0.709,25,,2,1,2,0,,player.fcgi?id=landes000mic
Ryan Merrill*,21,2016,TCU,Big 12,53,201,178,31,53,9,4,1,25,11,4,17,31,0.298,0.353,0.41,0.763,73,,1,0,5,0,,player.fcgi?id=merril000rya
Zack Plunkett,20,2016,TCU,Big 12,19,32,25,6,5,2,0,0,0,0,0,4,14,0.2,0.355,0.28,0.635,7,,2,1,0,0,,player.fcgi?id=plunke000zac
Evan Skoug*,20,2016,TCU,Big 12,65,290,249,54,75,21,1,9,51,7,0,34,47,0.301,0.39,0.502,0.892,125,,4,0,3,3,,player.fcgi?id=skoug-000eva
Dane Steinhagen,--,2016,TCU,Big 12,67,272,243,49,76,20,1,8,51,12,3,24,51,0.313,0.379,0.502,0.881,122,,3,0,2,2,,player.fcgi?id=steinh000dan
Austen Wade*,20,2016,TCU,Big 12,64,280,217,50,62,11,1,1,27,13,3,57,41,0.286,0.434,0.359,0.793,78,,2,1,3,1,,player.fcgi?id=wade--000aus
Connor Wanhanen*,20,2016,TCU,Big 12,55,215,186,39,43,7,2,0,23,9,1,20,32,0.231,0.327,0.29,0.617,54,,7,1,1,1,,player.fcgi?id=wanhan000con
Cam Warner,22,2016,TCU,Big 12,66,306,283,47,85,17,1,6,43,10,3,19,55,0.3,0.346,0.431,0.778,122,,2,0,2,0,,player.fcgi?id=warner000cam
Josh Watson#,19,2016,TCU,Big 12,67,294,243,52,68,12,5,11,44,12,3,43,65,0.28,0.398,0.506,0.904,123,,6,0,2,1,,player.fcgi?id=watson003jos
Elliott Barzilli,20,2015,TCU,Big 12,33,111,100,14,25,1,1,2,12,4,0,9,13,0.25,0.315,0.34,0.655,34,,1,0,1,0,,player.fcgi?id=barzil000ell
Connor Beck,--,2015,TCU,Big 12,11,16,15,0,3,1,0,0,0,0,1,0,5,0.2,0.25,0.267,0.517,4,,1,0,0,0,,player.fcgi?id=beck--000con
Nolan Brown*,21,2015,TCU,Big 12,65,263,225,46,68,11,1,1,30,19,3,23,44,0.302,0.371,0.373,0.744,84,,5,4,6,1,,player.fcgi?id=brown-000nol
Garrett Crain?,--,2015,TCU,Big 12,65,278,242,45,64,11,2,1,30,8,2,24,45,0.265,0.337,0.339,0.676,82,,4,5,3,0,,player.fcgi?id=crain-000gar
Jeremie Fagnan*,21,2015,TCU,Big 12,52,193,166,29,44,6,0,4,26,10,4,20,37,0.265,0.353,0.374,0.726,62,,3,3,1,1,,player.fcgi?id=fagnan000jer
Cody Jones#,22,2015,TCU,Big 12,66,307,252,63,89,14,1,5,34,33,6,45,42,0.353,0.464,0.476,0.94,120,,8,1,1,5,,player.fcgi?id=jones-001cod
Keaton Jones,22,2015,TCU,Big 12,66,280,231,32,58,7,1,2,40,8,8,26,47,0.251,0.333,0.316,0.649,73,,6,10,7,1,,player.fcgi?id=jones-000kea
Michael Landestoy,20,2015,TCU,Big 12,16,21,20,0,0,0,0,0,1,1,0,1,6,0,0.048,0,0.048,0,,0,0,0,0,,player.fcgi?id=landes000mic
Derek Odell?,--,2015,TCU,Big 12,62,272,236,34,69,10,0,3,42,9,4,28,45,0.292,0.365,0.373,0.738,88,,2,1,5,1,,player.fcgi?id=odell-001der
Zack Plunkett,19,2015,TCU,Big 12,21,53,47,4,7,0,0,1,8,0,0,2,25,0.149,0.216,0.213,0.429,10,,2,2,0,0,,player.fcgi?id=plunke000zac
Evan Skoug*,19,2015,TCU,Big 12,66,293,256,44,73,15,0,7,46,5,3,28,50,0.285,0.365,0.426,0.791,109,,6,0,3,2,,player.fcgi?id=skoug-000eva
Dane Steinhagen,--,2015,TCU,Big 12,61,237,218,26,63,6,4,0,28,10,8,18,52,0.289,0.346,0.353,0.699,77,,1,0,0,0,,player.fcgi?id=steinh000dan
Austen Wade*,19,2015,TCU,Big 12,11,20,11,6,2,0,0,0,0,0,0,9,3,0.182,0.55,0.182,0.732,2,,0,0,0,0,,player.fcgi?id=wade--000aus
Connor Wanhanen*,19,2015,TCU,Big 12,57,251,216,42,71,4,3,1,40,11,4,25,42,0.329,0.42,0.389,0.809,84,,9,1,0,1,,player.fcgi?id=wanhan000con
Evan Williams,21,2015,TCU,Big 12,21,27,21,3,8,1,0,0,2,1,2,3,3,0.381,0.48,0.429,0.909,9,,1,2,0,0,,player.fcgi?id=willia000eva
Kyle Bacak,22,2014,TCU,Big 12,63,230,172,23,46,4,0,0,18,7,2,27,23,0.267,0.396,0.291,0.687,50,,11,18,2,0,,player.fcgi?id=bacak-000kyl
Connor Castellano*,22,2014,TCU,Big 12,30,107,96,14,21,3,0,0,6,6,2,10,20,0.219,0.299,0.25,0.549,24,,1,0,0,0,,player.fcgi?id=castel000con
Garrett Crain?,--,2014,TCU,Big 12,56,215,179,31,58,9,2,1,19,8,5,19,25,0.324,0.403,0.413,0.816,74,,6,9,2,0,,player.fcgi?id=crain-000gar
Kevin Cron,21,2014,TCU,Big 12,66,296,247,37,69,18,2,6,41,2,5,28,42,0.279,0.385,0.441,0.826,109,,17,0,4,2,,player.fcgi?id=cron--000kev
Dylan Delso#,21,2014,TCU,Big 12,19,41,35,2,9,1,0,0,6,0,1,4,6,0.257,0.317,0.286,0.603,10,,0,0,2,1,,player.fcgi?id=delso-000dyl
Jeremie Fagnan*,20,2014,TCU,Big 12,28,89,74,4,15,1,0,2,11,1,3,13,8,0.203,0.337,0.297,0.634,22,,2,0,0,0,,player.fcgi?id=fagnan000jer
Dylan Fitzgerald?,--,2014,TCU,Big 12,66,282,244,34,75,16,3,2,34,6,6,25,59,0.307,0.392,0.422,0.814,103,,10,1,2,1,,player.fcgi?id=fitzge000dyl
Will Foreman?,--,2014,TCU,Big 12,2,1,1,0,0,0,0,0,0,0,0,0,1,0,0,0,0,0,,0,0,0,0,,player.fcgi?id=forema002wil
Will Fox*,--,2014,TCU,Big 12,7,8,6,1,0,0,0,0,1,0,0,0,0,0,0,0,0,0,,0,2,0,0,,player.fcgi?id=fox---010wil
Eric Garza,20,2014,TCU,Big 12,4,5,5,1,1,0,0,0,0,0,0,0,0,0.2,0.2,0.2,0.4,1,,0,0,0,0,,player.fcgi?id=garza-000eri
Cody Jones#,21,2014,TCU,Big 12,66,325,257,51,68,9,2,0,18,29,5,46,53,0.265,0.389,0.315,0.704,81,,8,11,3,0,,player.fcgi?id=jones-001cod
Keaton Jones,21,2014,TCU,Big 12,66,283,241,28,64,4,1,0,21,9,3,24,35,0.266,0.341,0.291,0.631,70,,4,13,1,0,,player.fcgi?id=jones-000kea
Derek Odell?,--,2014,TCU,Big 12,63,295,252,34,67,8,2,1,35,7,2,30,32,0.266,0.347,0.325,0.673,82,,4,4,5,0,,player.fcgi?id=odell-001der
Walker Pennington,19,2014,TCU,Big 12,10,11,10,0,4,2,0,0,3,0,0,0,2,0.4,0.455,0.6,1.055,6,,1,0,0,0,,player.fcgi?id=pennin002wal
Ty Slanina?,--,2014,TCU,Big 12,4,3,2,0,0,0,0,0,0,0,0,1,0,0,0.333,0,0.333,0,,0,0,0,0,,player.fcgi?id=slanin000ty-
Jerrick Suiter,21,2014,TCU,Big 12,51,194,172,24,47,12,0,0,29,5,1,15,22,0.273,0.351,0.343,0.694,59,,6,0,1,0,,player.fcgi?id=suiter000jer
Boomer White,20,2014,TCU,Big 12,66,302,267,49,84,14,0,2,49,12,4,20,25,0.315,0.367,0.39,0.757,104,,5,5,5,2,,player.fcgi?id=white-000boo
Kyle Bacak,21,2013,TCU,Big 12,57,180,151,24,36,3,0,0,13,0,0,14,21,0.238,0.314,0.258,0.572,39,,3,11,1,0,,player.fcgi?id=bacak-000kyl
Kevin Cron,20,2013,TCU,Big 12,54,214,192,12,40,7,0,2,20,3,1,11,44,0.208,0.28,0.276,0.556,53,,9,0,2,2,,player.fcgi?id=cron--000kev
Kevin Daniels?,--,2013,TCU,Big 12,25,20,18,4,1,0,0,0,0,0,0,2,1,0.056,0.15,0.056,0.206,1,,0,0,0,0,,player.fcgi?id=daniel000kev
Dylan Fitzgerald?,--,2013,TCU,Big 12,49,111,86,11,18,4,1,0,5,5,0,18,27,0.209,0.359,0.279,0.638,24,,2,5,0,2,,player.fcgi?id=fitzge000dyl
Josh Gonzales?,--,2013,TCU,Big 12,23,36,31,6,3,2,0,0,1,0,1,2,6,0.097,0.171,0.161,0.333,5,,1,1,1,1,,player.fcgi?id=gonzal033jos
Paul Hendrix,21,2013,TCU,Big 12,50,200,170,26,47,10,1,5,30,4,3,26,39,0.277,0.374,0.435,0.809,74,,1,2,1,2,,player.fcgi?id=hendri002pau
Travis Hennessey*,19,2013,TCU,Big 12,16,20,17,2,3,0,0,0,1,0,1,2,5,0.177,0.3,0.177,0.477,3,,1,0,0,0,,player.fcgi?id=hennes000tra
Axel Johnson*,20,2013,TCU,Big 12,6,8,7,0,1,0,0,0,1,0,0,1,2,0.143,0.25,0.143,0.393,1,,0,0,0,0,,player.fcgi?id=johnso000axe
Brett Johnson?,--,2013,TCU,Big 12,42,108,94,11,22,3,1,0,10,0,0,8,23,0.234,0.314,0.287,0.602,27,,3,3,0,0,,player.fcgi?id=johnso002bre
Cody Jones#,20,2013,TCU,Big 12,57,259,208,43,56,6,3,1,18,13,4,34,37,0.269,0.387,0.341,0.728,71,,6,11,0,0,,player.fcgi?id=jones-001cod
Keaton Jones,20,2013,TCU,Big 12,57,223,182,29,42,3,1,0,23,2,1,30,45,0.231,0.356,0.258,0.614,47,,6,4,1,0,,player.fcgi?id=jones-000kea
Paddy O'Brien,19,2013,TCU,Big 12,4,3,3,0,0,0,0,0,0,0,0,0,0,0,0,0,0,0,,0,0,0,0,,player.fcgi?id=obrien001pad
Derek Odell?,--,2013,TCU,Big 12,52,208,182,15,45,5,0,1,32,1,0,15,25,0.247,0.304,0.291,0.596,53,,3,1,7,1,,player.fcgi?id=odell-001der
Al Ralston?,--,2013,TCU,Big 12,1,1,1,0,0,0,0,0,0,0,0,0,1,0,0,0,0,0,,0,0,0,0,,player.fcgi?id=ralsto000al-
Jerrick Suiter,20,2013,TCU,Big 12,43,137,118,11,22,3,0,0,10,3,0,12,32,0.186,0.276,0.212,0.488,25,,3,3,1,0,,player.fcgi?id=suiter000jer
Boomer White,19,2013,TCU,Big 12,53,210,188,18,59,13,1,1,27,2,2,10,19,0.314,0.355,0.41,0.764,77,,3,7,2,0,,player.fcgi?id=white-000boo
Jantzen Witte,23,2013,TCU,Big 12,57,251,208,28,61,15,2,3,34,3,2,32,25,0.293,0.383,0.428,0.811,89,,2,3,6,2,,player.fcgi?id=witte-000jan
Davy Wright?,--,2013,TCU,Big 12,22,43,35,6,8,0,0,0,0,2,0,3,10,0.229,0.342,0.229,0.57,8,,3,2,0,0,,player.fcgi?id=wright007dav
Bo Altobelli,20,2011,Texas Tech,Big 12,48,166,132,25,44,7,1,1,24,4,1,17,16,0.333,0.42,0.424,0.845,56,,5,9,3,,,player.fcgi?id=altobe000bo-
Barrett Barnes,19,2011,Texas Tech,Big 12,57,266,214,47,62,15,1,10,38,19,2,41,57,0.29,0.414,0.509,0.923,109,,7,0,4,,,player.fcgi?id=barnes000bar
Stephen Hagen,22,2011,Texas Tech,Big 12,58,256,218,38,58,12,0,6,42,0,1,26,29,0.266,0.352,0.404,0.756,88,,5,3,4,,,player.fcgi?id=hagen-002ste
Nick Hanslik?,--,2011,Texas Tech,Big 12,38,44,40,6,5,0,1,0,3,1,0,3,15,0.125,0.205,0.175,0.38,7,,1,0,0,,,player.fcgi?id=hansli000nic
Scott LeJeune?,--,2011,Texas Tech,Big 12,1,4,4,0,0,0,0,0,0,0,0,0,0,0,0,0,0,0,,0,0,0,,,player.fcgi?id=lejeun000sco
Jordan Lopez?,--,2011,Texas Tech,Big 12,11,8,7,3,1,0,0,0,1,0,0,0,3,0.143,0.25,0.143,0.393,1,,1,0,0,,,player.fcgi?id=lopez-008jor
Trey Masek,19,2011,Texas Tech,Big 12,21,0,0,1,0,0,0,0,0,0,0,0,0,,,,,0,,0,0,0,,,player.fcgi?id=masek-000tre
Jamodrick McGruder*,19,2011,Texas Tech,Big 12,49,241,174,38,51,3,4,2,29,28,6,35,40,0.293,0.47,0.391,0.861,68,,25,5,2,,,player.fcgi?id=mcgrud000jam
David Paiz,20,2011,Texas Tech,Big 12,57,241,211,24,60,13,1,2,27,1,0,21,49,0.284,0.35,0.384,0.734,81,,2,4,3,,,player.fcgi?id=paiz--000dav
Nick Popescu#,22,2011,Texas Tech,Big 12,51,206,174,27,52,10,1,1,32,10,3,25,33,0.299,0.381,0.385,0.766,67,,1,1,5,,,player.fcgi?id=popesc000nic
Mason Randolph#,--,2011,Texas Tech,Big 12,25,68,52,7,10,4,0,0,4,0,0,5,18,0.192,0.333,0.269,0.603,14,,7,2,2,,,player.fcgi?id=randol000mas
Reid Redman,22,2011,Texas Tech,Big 12,58,240,200,37,64,12,2,0,34,6,1,21,36,0.32,0.392,0.4,0.792,80,,4,13,2,,,player.fcgi?id=redman000rei
Kelby Tomlinson,21,2011,Texas Tech,Big 12,58,269,218,42,67,7,2,1,43,21,8,39,35,0.307,0.415,0.372,0.787,81,,4,4,4,,,player.fcgi?id=tomlin000kel
Dalton Von Schamann,20,2011,Texas Tech,Big 12,21,20,18,2,1,0,0,1,1,0,0,1,9,0.056,0.15,0.222,0.372,4,,1,0,0,,,player.fcgi?id=vonsch000dal
Andre Wheeler*,19,2011,Texas Tech,Big 12,44,133,112,16,27,3,0,0,12,1,1,20,31,0.241,0.356,0.268,0.624,30,,0,1,0,,,player.fcgi?id=wheele001and
Kevin Whitehead*,21,2011,Texas Tech,Big 12,47,163,136,17,32,8,0,2,12,0,0,17,38,0.235,0.34,0.338,0.678,46,,6,1,3,,,player.fcgi?id=whiteh000kev
Marshall Williams?,--,2011,Texas Tech,Big 12,11,16,14,2,2,1,0,0,2,0,0,2,9,0.143,0.25,0.214,0.464,3,,0,0,0,,,player.fcgi?id=willia022mar
Bo Altobelli,21,2012,Texas Tech,Big 12,52,229,205,31,71,12,0,3,33,5,0,16,22,0.346,0.403,0.449,0.852,92,,4,3,1,1,,player.fcgi?id=altobe000bo-
Barrett Barnes,20,2012,Texas Tech,Big 12,55,249,206,53,67,17,6,9,49,19,1,32,37,0.325,0.419,0.597,1.016,123,,4,3,4,7,,player.fcgi?id=barnes000bar
Blake Bass,19,2012,Texas Tech,Big 12,16,26,23,4,4,2,0,0,2,0,0,1,6,0.174,0.231,0.261,0.492,6,,1,0,1,0,,player.fcgi?id=bass--000bla
Bryant Burleson,20,2012,Texas Tech,Big 12,46,163,142,15,35,12,1,0,20,2,2,13,22,0.247,0.325,0.345,0.67,49,,4,3,1,0,,player.fcgi?id=burles000bry
Matt Eureste*,18,2012,Texas Tech,Big 12,10,22,18,2,6,0,0,0,2,0,0,3,1,0.333,0.429,0.333,0.762,6,,0,1,0,1,,player.fcgi?id=eurest000mat
Stephen Hagen,23,2012,Texas Tech,Big 12,39,112,102,14,29,6,1,5,24,0,1,5,15,0.284,0.306,0.51,0.816,52,,0,1,4,0,,player.fcgi?id=hagen-002ste
Nick Hanslik?,--,2012,Texas Tech,Big 12,24,50,45,8,15,2,0,0,9,1,2,4,9,0.333,0.4,0.378,0.778,17,,1,0,0,0,,player.fcgi?id=hansli000nic
Scott LeJeune?,--,2012,Texas Tech,Big 12,55,246,223,31,66,16,0,1,43,4,4,17,25,0.296,0.346,0.381,0.727,85,,2,0,4,1,,player.fcgi?id=lejeun000sco
Jordan Lopez?,--,2012,Texas Tech,Big 12,42,119,87,18,22,4,1,0,8,2,0,19,29,0.253,0.42,0.322,0.741,28,,6,7,0,0,,player.fcgi?id=lopez-008jor
Trey Masek,20,2012,Texas Tech,Big 12,20,0,0,1,0,0,0,0,0,0,0,0,0,,,,,0,,0,0,0,0,,player.fcgi?id=masek-000tre
Jamodrick McGruder*,20,2012,Texas Tech,Big 12,53,259,193,54,69,6,8,2,27,39,5,45,35,0.358,0.5,0.503,1.003,97,,11,9,1,1,,player.fcgi?id=mcgrud000jam
Brennan Moore?,--,2012,Texas Tech,Big 12,52,177,150,32,40,6,1,0,13,8,6,9,33,0.267,0.364,0.32,0.684,48,,14,4,0,0,,player.fcgi?id=moore-003bre
David Paiz,21,2012,Texas Tech,Big 12,22,37,35,2,8,4,0,0,3,0,0,2,10,0.229,0.27,0.343,0.613,12,,0,0,0,0,,player.fcgi?id=paiz--000dav
Tim Proudfoot,19,2012,Texas Tech,Big 12,54,241,207,33,49,14,5,2,29,4,1,15,49,0.237,0.3,0.382,0.682,79,,5,11,3,0,,player.fcgi?id=proudf000tim
Mason Randolph#,--,2012,Texas Tech,Big 12,17,57,47,6,14,3,0,1,9,0,0,8,13,0.298,0.393,0.426,0.818,20,,0,1,1,1,,player.fcgi?id=randol000mas
Reid Redman,23,2012,Texas Tech,Big 12,34,144,126,20,41,7,0,1,18,3,2,11,20,0.325,0.383,0.405,0.788,51,,2,3,2,0,,player.fcgi?id=redman000rei
Andre Wheeler*,20,2012,Texas Tech,Big 12,27,9,8,0,0,0,0,0,0,0,0,1,3,0,0.111,0,0.111,0,,0,0,0,0,,player.fcgi?id=wheele001and
Kevin Whitehead*,22,2012,Texas Tech,Big 12,35,94,75,12,17,6,1,0,10,0,0,10,21,0.227,0.37,0.333,0.703,25,,7,2,0,0,,player.fcgi?id=whiteh000kev
Jake Barrios?,--,2013,Texas Tech,Big 12,53,215,185,27,55,8,4,3,48,2,2,13,18,0.297,0.354,0.432,0.786,80,,7,3,7,1,,player.fcgi?id=barrio000jak
Blake Bass,20,2013,Texas Tech,Big 12,13,17,15,1,3,0,0,0,2,0,0,0,5,0.2,0.235,0.2,0.435,3,,1,0,1,0,,player.fcgi?id=bass--000bla
Brett Bell*,20,2013,Texas Tech,Big 12,51,229,187,38,52,2,0,0,15,31,8,27,40,0.278,0.39,0.289,0.679,54,,8,6,1,0,,player.fcgi?id=bell--003bre
Bryant Burleson,21,2013,Texas Tech,Big 12,55,243,204,27,56,12,0,0,30,2,4,25,39,0.275,0.378,0.333,0.711,68,,10,2,2,0,,player.fcgi?id=burles000bry
Devon Conley,21,2013,Texas Tech,Big 12,56,246,219,37,62,9,2,1,31,15,1,14,52,0.283,0.336,0.356,0.692,78,,5,5,3,0,,player.fcgi?id=conley000dev
Zach Davis,19,2013,Texas Tech,Big 12,31,67,54,8,13,1,0,0,4,1,0,9,19,0.241,0.364,0.259,0.623,14,,2,1,1,0,,player.fcgi?id=davis-002zac
A.J. Florence?,--,2013,Texas Tech,Big 12,16,24,17,2,2,1,0,0,0,1,0,6,5,0.118,0.348,0.177,0.524,3,,0,1,0,0,,player.fcgi?id=floren000aj-
Eric Gutierrez,19,2013,Texas Tech,Big 12,56,238,191,35,48,10,2,7,29,1,0,21,41,0.251,0.377,0.435,0.812,83,,20,2,4,1,,player.fcgi?id=gutier000eri
Alec Humphreys,19,2013,Texas Tech,Big 12,23,56,49,9,10,0,0,0,5,2,0,7,17,0.204,0.304,0.204,0.508,10,,0,0,0,0,,player.fcgi?id=humphr000ale
Scott LeJeune?,--,2013,Texas Tech,Big 12,23,59,53,2,11,0,0,0,6,0,1,5,14,0.208,0.288,0.208,0.496,11,,1,0,0,0,,player.fcgi?id=lejeun000sco
Brennan Moore?,--,2013,Texas Tech,Big 12,21,43,33,8,7,3,0,0,6,0,0,7,7,0.212,0.372,0.303,0.675,10,,2,0,1,0,,player.fcgi?id=moore-003bre
Tyler Neslony*,19,2013,Texas Tech,Big 12,20,52,44,4,10,4,0,0,7,0,0,7,5,0.227,0.327,0.318,0.645,14,,0,0,1,0,,player.fcgi?id=neslon000tyl
Jarrard Poteete*,19,2013,Texas Tech,Big 12,51,207,168,34,47,10,0,3,25,1,0,35,44,0.28,0.411,0.393,0.804,66,,3,0,1,0,,player.fcgi?id=poteet000jar
Tim Proudfoot,20,2013,Texas Tech,Big 12,53,205,176,28,41,5,2,3,34,1,0,22,30,0.233,0.319,0.335,0.654,59,,2,1,4,0,,player.fcgi?id=proudf000tim
Mason Randolph#,--,2013,Texas Tech,Big 12,44,165,133,25,31,4,0,2,15,0,1,27,41,0.233,0.376,0.308,0.684,41,,4,0,1,0,,player.fcgi?id=randol000mas
Elliot Richoux?,--,2013,Texas Tech,Big 12,25,68,60,7,11,1,0,0,12,0,0,4,14,0.183,0.265,0.2,0.465,12,,3,0,1,0,,player.fcgi?id=richou000ell
Todd Ritchie?,--,2013,Texas Tech,Big 12,36,89,73,12,23,3,0,0,11,1,0,15,14,0.315,0.438,0.356,0.794,26,,1,0,0,1,,player.fcgi?id=ritchi002tod
Wade Stramp?,--,2013,Texas Tech,Big 12,3,3,3,0,0,0,0,0,0,0,0,0,2,0,0,0,0,0,,0,0,0,0,,player.fcgi?id=stramp000wad
Jake Barrios?,--,2014,Texas Tech,Big 12,53,219,184,36,50,8,1,0,23,2,1,19,17,0.272,0.375,0.326,0.701,60,,12,3,1,1,,player.fcgi?id=barrio000jak
Matt Broadbent?,--,2014,Texas Tech,Big 12,34,94,79,7,18,6,0,0,11,1,0,9,19,0.228,0.315,0.304,0.619,24,,2,2,2,0,,player.fcgi?id=broadb000mat
Bryant Burleson,22,2014,Texas Tech,Big 12,66,286,254,38,69,21,3,2,37,2,0,12,38,0.272,0.325,0.402,0.727,102,,10,6,4,0,,player.fcgi?id=burles000bry
Devon Conley,22,2014,Texas Tech,Big 12,54,121,104,18,28,1,1,0,8,5,0,6,21,0.269,0.319,0.298,0.617,31,,3,5,3,0,,player.fcgi?id=conley000dev
Zach Davis,20,2014,Texas Tech,Big 12,46,34,30,20,11,1,0,0,9,9,0,2,3,0.367,0.441,0.4,0.841,12,,2,0,0,0,,player.fcgi?id=davis-002zac
Tyler Floyd?,--,2014,Texas Tech,Big 12,26,77,58,12,14,2,2,0,8,0,0,11,11,0.241,0.421,0.345,0.766,20,,7,1,0,0,,player.fcgi?id=floyd-000tyl
Eric Gutierrez,20,2014,Texas Tech,Big 12,66,294,245,46,74,18,2,12,58,0,1,26,27,0.302,0.399,0.539,0.937,132,,16,3,4,2,,player.fcgi?id=gutier000eri
Alec Humphreys,20,2014,Texas Tech,Big 12,38,112,87,18,28,3,2,0,15,3,0,17,14,0.322,0.451,0.402,0.853,35,,5,1,2,0,,player.fcgi?id=humphr000ale
Adam Kirsch,23,2014,Texas Tech,Big 12,65,267,225,37,69,21,3,10,51,0,0,35,44,0.307,0.393,0.56,0.953,126,,1,0,6,2,,player.fcgi?id=kirsch000ada
Ryan Long*,20,2014,Texas Tech,Big 12,50,183,156,18,33,7,1,0,22,1,0,18,44,0.212,0.306,0.269,0.575,42,,4,3,2,0,,player.fcgi?id=long--002rya
Anthony Lyons*,19,2014,Texas Tech,Big 12,33,85,70,10,20,2,0,0,8,1,0,6,17,0.286,0.342,0.314,0.656,22,,1,6,2,0,,player.fcgi?id=lyons-000ant
Tyler Neslony*,20,2014,Texas Tech,Big 12,45,184,160,29,60,12,6,4,34,2,1,20,16,0.375,0.454,0.6,1.054,96,,3,1,0,3,,player.fcgi?id=neslon000tyl
Tim Proudfoot,21,2014,Texas Tech,Big 12,44,170,149,26,46,5,1,0,19,1,0,16,14,0.309,0.369,0.356,0.725,53,,0,2,3,0,,player.fcgi?id=proudf000tim
Mason Randolph#,--,2014,Texas Tech,Big 12,9,26,20,6,7,3,1,1,7,0,1,5,7,0.35,0.5,0.75,1.25,15,,1,0,0,0,,player.fcgi?id=randol000mas
Hunter Redman,21,2014,Texas Tech,Big 12,48,156,142,11,35,3,0,0,17,1,1,8,23,0.247,0.285,0.268,0.552,38,,0,5,1,0,,player.fcgi?id=redman000hun
Todd Ritchie?,--,2014,Texas Tech,Big 12,37,58,43,14,9,0,0,0,2,0,0,13,13,0.209,0.404,0.209,0.613,9,,1,1,0,0,,player.fcgi?id=ritchi002tod
Stephen Smith,19,2014,Texas Tech,Big 12,55,249,195,41,56,12,3,1,20,2,3,37,37,0.287,0.417,0.395,0.812,77,,7,9,1,1,,player.fcgi?id=smith-021ste
Johnathon Tripp,20,2014,Texas Tech,Big 12,13,1,1,0,0,0,0,0,0,0,0,0,0,0,0,0,0,0,,0,0,0,0,,player.fcgi?id=tripp-000jon
Bryant Burleson,23,2015,Texas Tech,Big 12,38,125,105,10,26,4,1,3,12,2,0,13,22,0.248,0.342,0.391,0.732,41,,2,5,0,0,,player.fcgi?id=burles000bry
Quinn Carpenter,21,2015,Texas Tech,Big 12,34,91,83,16,23,6,1,3,19,0,0,2,22,0.277,0.33,0.482,0.812,40,,5,0,1,0,,player.fcgi?id=carpen000qui
Landon Darwin?,--,2015,Texas Tech,Big 12,1,1,1,0,0,0,0,0,0,0,0,0,1,0,0,0,0,0,,0,0,0,0,,player.fcgi?id=darwin000lan
Michael Davis*,19,2015,Texas Tech,Big 12,35,118,107,21,27,3,0,2,10,0,3,7,32,0.252,0.298,0.336,0.635,36,,0,4,0,0,,player.fcgi?id=davis-009mic
Zach Davis,21,2015,Texas Tech,Big 12,43,115,98,14,27,6,0,0,10,7,3,8,20,0.276,0.357,0.337,0.694,33,,5,3,1,0,,player.fcgi?id=davis-002zac
Tyler Floyd?,--,2015,Texas Tech,Big 12,52,171,136,22,30,6,0,2,9,3,2,22,34,0.221,0.359,0.309,0.668,42,,8,4,1,0,,player.fcgi?id=floyd-000tyl
Orlando Garcia,19,2015,Texas Tech,Big 12,40,132,116,10,30,5,1,1,18,2,1,10,28,0.259,0.326,0.345,0.67,40,,2,3,1,1,,player.fcgi?id=garcia002orl
Tanner Gardner*,19,2015,Texas Tech,Big 12,45,145,130,21,31,8,1,3,11,6,1,13,20,0.239,0.308,0.385,0.692,50,,0,2,0,0,,player.fcgi?id=gardne000tan
Eric Gutierrez,21,2015,Texas Tech,Big 12,55,258,203,38,64,14,0,4,46,2,0,39,26,0.315,0.444,0.443,0.887,90,,11,1,4,3,,player.fcgi?id=gutier000eri
William Hairston,--,2015,Texas Tech,Big 12,13,31,25,5,8,2,0,0,4,1,0,3,9,0.32,0.452,0.4,0.852,10,,3,0,0,0,,player.fcgi?id=hairst002wil
Hunter Hargrove,20,2015,Texas Tech,Big 12,34,104,91,12,23,7,3,0,12,2,0,9,12,0.253,0.324,0.396,0.719,36,,1,2,1,0,,player.fcgi?id=hargro000hun
Ryan Long*,21,2015,Texas Tech,Big 12,30,68,59,5,10,5,0,2,10,0,0,4,18,0.17,0.246,0.356,0.602,21,,2,3,0,1,,player.fcgi?id=long--002rya
Anthony Lyons*,20,2015,Texas Tech,Big 12,24,47,44,8,13,2,0,0,5,1,0,3,14,0.296,0.34,0.341,0.681,15,,0,0,0,0,,player.fcgi?id=lyons-000ant
Patrick Mahomes,19,2015,Texas Tech,Big 12,3,2,2,0,0,0,0,0,0,0,0,0,1,0,0,0,0,0,,0,0,0,0,,player.fcgi?id=mahome002pat
Nick Marshall?,--,2015,Texas Tech,Big 12,10,9,9,1,3,0,0,0,0,0,0,0,1,0.333,0.333,0.333,0.667,3,,0,0,0,0,,player.fcgi?id=marsha000nic
Tyler Neslony*,21,2015,Texas Tech,Big 12,55,260,224,33,64,17,2,6,35,2,1,27,39,0.286,0.369,0.46,0.829,103,,5,0,4,0,,player.fcgi?id=neslon000tyl
Tim Proudfoot,22,2015,Texas Tech,Big 12,35,124,112,14,26,2,0,2,14,1,1,7,16,0.232,0.276,0.304,0.58,34,,1,1,3,0,,player.fcgi?id=proudf000tim
Cory Raley,22,2015,Texas Tech,Big 12,45,204,183,29,64,10,3,3,21,3,3,17,34,0.35,0.408,0.486,0.894,89,,1,3,0,0,,player.fcgi?id=raley-000cor
Stephen Smith,20,2015,Texas Tech,Big 12,51,235,182,33,53,10,2,10,32,6,0,41,38,0.291,0.428,0.533,0.961,97,,4,6,2,1,,player.fcgi?id=smith-021ste
Hunter Southerland#,20,2015,Texas Tech,Big 12,10,7,5,0,1,0,0,0,1,0,0,1,1,0.2,0.429,0.2,0.629,1,,1,0,0,0,,player.fcgi?id=southe000hun
Matt Bernstein?,--,2016,Texas Tech,Big 12,10,23,19,6,5,2,0,0,5,0,0,3,4,0.263,0.348,0.368,0.716,7,,0,0,1,0,,player.fcgi?id=bernst000mat
Michael Davis*,20,2016,Texas Tech,Big 12,65,282,245,43,65,20,0,3,36,6,1,29,65,0.265,0.345,0.384,0.729,94,,2,4,2,0,,player.fcgi?id=davis-009mic
Zach Davis,22,2016,Texas Tech,Big 12,45,56,40,22,10,2,0,0,6,13,0,10,6,0.25,0.444,0.3,0.744,12,,4,2,0,0,,player.fcgi?id=davis-002zac
Cody Farhat,19,2016,Texas Tech,Big 12,23,34,30,4,5,0,0,1,6,0,0,2,6,0.167,0.265,0.267,0.531,8,,2,0,0,0,,player.fcgi?id=farhat000cod
Tyler Floyd?,--,2016,Texas Tech,Big 12,55,172,141,27,31,6,1,1,18,2,2,19,29,0.22,0.333,0.298,0.631,42,,5,7,0,0,,player.fcgi?id=floyd-000tyl
Tyler Fowler#,19,2016,Texas Tech,Big 12,6,10,7,1,1,0,0,0,2,0,0,2,1,0.143,0.4,0.143,0.543,1,,1,0,0,0,,player.fcgi?id=fowler000tyl
Orlando Garcia,20,2016,Texas Tech,Big 12,59,238,196,37,52,8,3,6,30,6,1,28,44,0.265,0.378,0.429,0.806,84,,8,5,1,0,,player.fcgi?id=garcia002orl
Tanner Gardner*,20,2016,Texas Tech,Big 12,64,281,233,54,88,19,6,3,35,6,3,40,32,0.378,0.478,0.549,1.028,128,,5,3,0,2,,player.fcgi?id=gardne000tan
Eric Gutierrez,22,2016,Texas Tech,Big 12,67,301,234,54,78,17,1,13,60,3,1,42,37,0.333,0.465,0.581,1.046,136,,20,0,5,9,,player.fcgi?id=gutier000eri
Hunter Hargrove,21,2016,Texas Tech,Big 12,40,119,102,13,31,10,0,2,27,2,2,10,9,0.304,0.378,0.461,0.839,47,,4,0,3,0,,player.fcgi?id=hargro000hun
Ryan Long*,22,2016,Texas Tech,Big 12,40,126,101,14,23,4,0,0,26,1,2,18,32,0.228,0.342,0.267,0.609,27,,1,3,3,0,,player.fcgi?id=long--002rya
Anthony Lyons*,21,2016,Texas Tech,Big 12,20,27,21,2,6,0,1,0,3,0,0,5,4,0.286,0.407,0.381,0.788,8,,0,0,1,0,,player.fcgi?id=lyons-000ant
Tyler Neslony*,22,2016,Texas Tech,Big 12,63,276,231,52,71,21,1,10,58,3,0,32,48,0.307,0.4,0.537,0.937,124,,7,1,5,0,,player.fcgi?id=neslon000tyl
Trey Ochoa?,--,2016,Texas Tech,Big 12,38,102,85,9,18,2,0,0,7,2,0,11,24,0.212,0.313,0.235,0.548,20,,2,3,1,0,,player.fcgi?id=ochoa-000tre
Cory Raley,23,2016,Texas Tech,Big 12,65,301,256,59,83,14,2,6,53,21,0,37,64,0.324,0.411,0.465,0.876,119,,3,2,3,3,,player.fcgi?id=raley-000cor
Kholeton Sanchez,22,2016,Texas Tech,Big 12,21,52,41,5,6,1,1,0,10,0,0,6,14,0.146,0.26,0.22,0.48,9,,1,2,2,0,,player.fcgi?id=sanche000kho
Stephen Smith,21,2016,Texas Tech,Big 12,66,324,267,55,83,18,3,10,39,8,4,45,64,0.311,0.426,0.513,0.939,137,,9,2,1,0,,player.fcgi?id=smith-021ste
Braden Williams*,--,2016,Texas Tech,Big 12,5,1,1,0,0,0,0,0,0,0,0,0,0,0,0,0,0,0,,0,0,0,0,,player.fcgi?id=willia010bra
Connor Beck,--,2017,Texas Tech,Big 12,33,87,76,12,22,2,1,1,9,3,1,4,12,0.29,0.345,0.382,0.727,29,,3,3,1,0,,player.fcgi?id=beck--000con
Michael Berglund*,19,2017,Texas Tech,Big 12,53,205,179,23,55,7,1,2,27,2,2,16,28,0.307,0.37,0.391,0.761,70,,4,2,4,0,,player.fcgi?id=berglu000mic
Matt Bernstein?,--,2017,Texas Tech,Big 12,1,2,2,0,1,0,0,0,0,0,0,0,0,0.5,0.5,0.5,1,1,,0,0,0,0,,player.fcgi?id=bernst000mat
Michael Davis*,21,2017,Texas Tech,Big 12,48,204,174,38,47,9,2,6,29,3,1,19,49,0.27,0.36,0.448,0.808,78,,6,4,1,1,,player.fcgi?id=davis-009mic
Cody Farhat,20,2017,Texas Tech,Big 12,54,162,137,32,47,10,6,3,22,7,4,16,21,0.343,0.438,0.569,1.007,78,,7,2,0,0,,player.fcgi?id=farhat000cod
Orlando Garcia,21,2017,Texas Tech,Big 12,59,253,220,42,67,9,3,13,62,9,5,26,62,0.305,0.387,0.55,0.937,121,,4,2,1,3,,player.fcgi?id=garcia002orl
Tanner Gardner*,21,2017,Texas Tech,Big 12,54,236,200,38,61,17,2,5,33,6,0,26,31,0.305,0.395,0.485,0.88,97,,5,3,2,3,,player.fcgi?id=gardne000tan
Hunter Hargrove,22,2017,Texas Tech,Big 12,62,283,245,56,84,26,3,5,51,7,2,29,25,0.343,0.424,0.535,0.958,131,,6,2,1,2,,player.fcgi?id=hargro000hun
Josh Jung,19,2017,Texas Tech,Big 12,62,289,245,55,75,14,2,6,43,2,1,36,45,0.306,0.395,0.453,0.848,111,,2,3,3,0,,player.fcgi?id=jung--000jos
Brian Klein*,19,2017,Texas Tech,Big 12,27,87,79,16,21,3,1,2,20,0,1,3,17,0.266,0.291,0.405,0.696,32,,1,1,3,0,,player.fcgi?id=klein-001bri
Clay Koelzer#,19,2017,Texas Tech,Big 12,21,42,38,4,10,2,0,0,4,0,0,4,16,0.263,0.333,0.316,0.649,12,,0,0,0,0,,player.fcgi?id=koelze000cla
Grant Little,19,2017,Texas Tech,Big 12,53,237,206,52,69,17,3,2,34,6,3,26,45,0.335,0.405,0.476,0.881,98,,1,0,4,0,,player.fcgi?id=little000gra
Ryan Long*,23,2017,Texas Tech,Big 12,57,220,183,38,59,11,1,5,26,3,1,32,33,0.322,0.432,0.475,0.907,87,,4,0,1,1,,player.fcgi?id=long--002rya
Anthony Lyons*,22,2017,Texas Tech,Big 12,14,15,11,0,4,0,1,0,4,0,1,2,5,0.364,0.5,0.546,1.046,6,,1,1,0,0,,player.fcgi?id=lyons-000ant
John McMillon*,19,2017,Texas Tech,Big 12,44,77,70,14,16,1,0,8,14,0,0,6,35,0.229,0.299,0.586,0.884,41,,1,0,0,0,,player.fcgi?id=mcmill005joh
Trevor Paradoski*,--,2017,Texas Tech,Big 12,7,6,6,1,1,0,0,0,1,0,0,0,4,0.167,0.167,0.167,0.333,1,,0,0,0,0,,player.fcgi?id=parado000tre
Zach Rheams*,20,2017,Texas Tech,Big 12,20,59,45,8,6,1,0,2,6,1,0,9,16,0.133,0.322,0.289,0.611,13,,4,0,1,0,,player.fcgi?id=rheams000zac
Kholeton Sanchez,23,2017,Texas Tech,Big 12,16,30,24,10,10,2,0,0,7,2,0,6,7,0.417,0.533,0.5,1.033,12,,0,0,0,0,,player.fcgi?id=sanche000kho
Cameron Warren,22,2017,Texas Tech,Big 12,12,24,22,3,4,2,0,0,4,0,0,2,5,0.182,0.25,0.273,0.523,6,,0,0,0,0,,player.fcgi?id=warren000cam
Connor Beck,--,2018,Texas Tech,Big 12,27,41,35,5,3,0,0,0,2,2,0,4,8,0.086,0.2,0.086,0.286,3,,1,1,0,0,,player.fcgi?id=beck--000con
Michael Davis*,22,2018,Texas Tech,Big 12,63,273,231,51,65,18,1,12,53,3,2,32,72,0.281,0.371,0.524,0.895,121,,4,1,5,0,,player.fcgi?id=davis-009mic
Cody Farhat,21,2018,Texas Tech,Big 12,64,268,212,51,62,9,3,5,39,16,6,33,40,0.293,0.418,0.434,0.852,92,,15,5,3,0,,player.fcgi?id=farhat000cod
Braxton Fulford,19,2018,Texas Tech,Big 12,38,108,88,14,17,2,1,1,4,1,1,13,28,0.193,0.324,0.273,0.597,24,,4,3,0,0,,player.fcgi?id=fulfor000bra
Gabe Holt*,20,2018,Texas Tech,Big 12,65,318,270,70,94,13,3,6,44,29,2,38,35,0.348,0.44,0.485,0.926,131,,8,0,2,2,,player.fcgi?id=holt--000gab
Josh Jung,20,2018,Texas Tech,Big 12,65,316,263,69,103,17,6,12,80,4,6,39,32,0.392,0.491,0.639,1.129,168,,13,0,1,1,,player.fcgi?id=jung--000jos
Parker Kelly,19,2018,Texas Tech,Big 12,10,12,12,1,1,0,0,0,0,0,0,0,6,0.083,0.083,0.083,0.167,1,,0,0,0,0,,player.fcgi?id=kelly-001par
Brian Klein*,20,2018,Texas Tech,Big 12,59,245,202,50,64,17,2,4,34,4,0,39,36,0.317,0.422,0.48,0.902,97,,0,1,3,0,,player.fcgi?id=klein-001bri
Clay Koelzer#,20,2018,Texas Tech,Big 12,24,75,61,13,11,3,1,0,4,1,0,12,18,0.18,0.333,0.262,0.596,16,,2,0,0,0,,player.fcgi?id=koelze000cla
Grant Little,20,2018,Texas Tech,Big 12,65,299,246,62,91,25,3,12,77,11,5,40,38,0.37,0.462,0.642,1.104,158,,7,0,6,0,,player.fcgi?id=little000gra
Cody Masters*,19,2018,Texas Tech,Big 12,35,87,66,23,17,5,1,0,14,2,0,16,21,0.258,0.414,0.364,0.777,24,,3,0,2,0,,player.fcgi?id=master000cod
John McMillon*,20,2018,Texas Tech,Big 12,30,33,28,6,4,1,0,1,6,0,0,3,15,0.143,0.242,0.286,0.528,8,,1,0,1,0,,player.fcgi?id=mcmill005joh
Zach Rheams*,21,2018,Texas Tech,Big 12,51,206,167,40,57,11,0,17,55,0,0,35,49,0.341,0.461,0.713,1.174,119,,3,0,1,0,,player.fcgi?id=rheams000zac
KC Simonich*,19,2018,Texas Tech,Big 12,11,13,9,2,4,0,0,0,7,0,0,2,2,0.444,0.615,0.444,1.06,4,,2,0,0,0,,player.fcgi?id=simoni000kc-
Cameron Warren,23,2018,Texas Tech,Big 12,63,266,215,49,70,16,1,10,53,2,2,34,30,0.326,0.444,0.549,0.992,118,,14,0,3,0,,player.fcgi?id=warren000cam
Zayne Willems?,--,2018,Texas Tech,Big 12,27,96,84,16,21,4,1,1,9,0,0,6,18,0.25,0.344,0.357,0.701,30,,6,0,0,0,,player.fcgi?id=willem000zay
Kurt Wilson,20,2018,Texas Tech,Big 12,38,71,60,7,11,1,1,1,11,2,0,9,22,0.183,0.296,0.283,0.579,17,,1,0,1,0,,player.fcgi?id=wilson000kur
Dru Baker,19,2019,Texas Tech,Big 12,45,159,137,30,44,6,1,3,25,3,1,14,29,0.321,0.395,0.445,0.84,61,,4,2,2,0,,player.fcgi?id=baker-000dru
Doug Facendo,21,2019,Texas Tech,Big 12,25,50,39,9,9,4,0,1,8,0,0,10,20,0.231,0.38,0.41,0.79,16,,0,0,1,0,,player.fcgi?id=facend000dou
Braxton Fulford,20,2019,Texas Tech,Big 12,64,234,191,35,57,9,1,4,34,0,0,22,56,0.298,0.388,0.419,0.807,80,,8,10,3,0,,player.fcgi?id=fulfor000bra
Gabe Holt*,21,2019,Texas Tech,Big 12,60,303,261,53,83,15,3,3,35,28,3,37,28,0.318,0.409,0.433,0.842,113,,4,0,1,0,,player.fcgi?id=holt--000gab
Josh Jung,21,2019,Texas Tech,Big 12,64,302,239,65,82,23,1,15,58,1,1,53,43,0.343,0.474,0.636,1.11,152,,8,0,2,8,,player.fcgi?id=jung--000jos
Parker Kelly,20,2019,Texas Tech,Big 12,35,95,85,12,17,6,0,1,4,0,0,6,35,0.2,0.277,0.306,0.583,26,,3,1,0,0,,player.fcgi?id=kelly-001par
Brian Klein*,21,2019,Texas Tech,Big 12,66,315,257,54,81,19,2,3,57,0,2,45,44,0.315,0.406,0.44,0.846,113,,2,0,11,0,,player.fcgi?id=klein-001bri
Max Marusak,19,2019,Texas Tech,Big 12,48,115,103,20,24,1,4,1,12,10,2,9,36,0.233,0.298,0.35,0.648,36,,1,1,1,0,,player.fcgi?id=marusa000max
Cody Masters*,20,2019,Texas Tech,Big 12,55,171,144,23,42,7,1,5,28,5,0,17,32,0.292,0.374,0.458,0.832,66,,3,5,2,0,,player.fcgi?id=master000cod
Mason Minzey#,19,2019,Texas Tech,Big 12,11,14,11,0,1,0,0,0,0,0,0,3,7,0.091,0.286,0.091,0.377,1,,0,0,0,0,,player.fcgi?id=minzey000mas
Easton Murrell*,21,2019,Texas Tech,Big 12,26,56,42,8,11,2,0,1,3,0,0,10,12,0.262,0.436,0.381,0.817,16,,3,1,0,0,,player.fcgi?id=murrel000eas
Dylan Neuse,20,2019,Texas Tech,Big 12,63,294,245,58,73,12,6,8,51,18,2,44,57,0.298,0.408,0.494,0.902,121,,3,0,2,2,,player.fcgi?id=neuse-000dyl
Tanner O'Tremba,19,2019,Texas Tech,Big 12,32,109,92,18,24,7,0,2,20,2,0,13,31,0.261,0.367,0.402,0.769,37,,3,0,1,0,,player.fcgi?id=otremb000tan
Cole Stilwell,19,2019,Texas Tech,Big 12,42,153,123,23,33,6,1,3,22,1,0,24,29,0.268,0.408,0.407,0.814,50,,5,1,0,0,,player.fcgi?id=stilwe000col
Cameron Warren,24,2019,Texas Tech,Big 12,66,293,242,63,86,17,2,18,79,1,0,40,30,0.355,0.451,0.665,1.116,161,,6,0,5,7,,player.fcgi?id=warren000cam
Kurt Wilson,21,2019,Texas Tech,Big 12,41,101,88,11,20,2,0,4,17,2,1,11,20,0.227,0.317,0.386,0.703,34,,1,0,1,0,,player.fcgi?id=wilson000kur
Dru Baker,20,2020,Texas Tech,Big 12,17,79,64,13,17,3,2,2,8,3,1,14,13,0.266,0.392,0.469,0.861,30,,0,0,1,0,,player.fcgi?id=baker-000dru
Dillon Carter*,19,2020,Texas Tech,Big 12,18,69,50,12,14,3,1,0,4,7,1,13,7,0.28,0.448,0.38,0.828,19,,3,2,1,0,,player.fcgi?id=carter000dil
Cal Conley#,20,2020,Texas Tech,Big 12,18,81,70,15,26,8,1,3,24,5,0,8,11,0.371,0.444,0.643,1.087,45,,2,0,1,0,,player.fcgi?id=conley000cal
Jared Cushing,19,2020,Texas Tech,Big 12,5,5,4,1,1,0,0,0,0,0,0,1,2,0.25,0.4,0.25,0.65,1,,0,0,0,0,,player.fcgi?id=cushin000jar
Braxton Fulford,21,2020,Texas Tech,Big 12,15,58,44,6,10,2,0,0,11,0,0,11,16,0.227,0.379,0.273,0.652,12,,1,0,2,1,,player.fcgi?id=fulfor000bra
Jace Jung*,19,2020,Texas Tech,Big 12,19,74,53,16,14,4,1,4,23,1,0,18,15,0.264,0.438,0.604,1.042,32,,0,1,2,0,,player.fcgi?id=jung--002jac
Parker Kelly,21,2020,Texas Tech,Big 12,13,22,21,8,9,1,0,1,3,0,0,1,3,0.429,0.455,0.619,1.074,13,,0,0,0,0,,player.fcgi?id=kelly-001par
Brian Klein*,22,2020,Texas Tech,Big 12,19,85,69,20,27,10,0,1,13,0,0,15,9,0.391,0.494,0.58,1.074,40,,0,0,1,2,,player.fcgi?id=klein-001bri
Max Marusak,20,2020,Texas Tech,Big 12,7,23,21,3,6,0,0,0,6,3,1,1,7,0.286,0.318,0.286,0.604,6,,0,1,0,0,,player.fcgi?id=marusa000max
Cody Masters*,21,2020,Texas Tech,Big 12,14,38,31,13,6,2,0,3,11,1,0,2,12,0.194,0.316,0.548,0.864,17,,4,0,1,0,,player.fcgi?id=master000cod
Dylan Neuse,21,2020,Texas Tech,Big 12,19,89,76,22,27,5,1,1,12,12,0,12,12,0.355,0.438,0.487,0.925,37,,0,0,1,0,,player.fcgi?id=neuse-000dyl
Tanner O'Tremba,20,2020,Texas Tech,Big 12,9,18,16,5,5,3,1,0,2,1,0,1,6,0.313,0.333,0.625,0.958,10,,0,0,1,0,,player.fcgi?id=otremb000tan
Nate Rombach,19,2020,Texas Tech,Big 12,19,84,65,20,20,4,1,6,27,0,0,12,17,0.308,0.441,0.677,1.117,44,,5,0,2,0,,player.fcgi?id=rombac000nat
TJ Rumfield*,20,2020,Texas Tech,Big 12,9,27,24,6,10,3,0,0,3,0,0,3,2,0.417,0.482,0.542,1.023,13,,0,0,0,0,,player.fcgi?id=rumfie000tj-
Cole Stilwell,20,2020,Texas Tech,Big 12,17,72,55,15,19,6,0,2,18,0,2,14,10,0.346,0.5,0.564,1.064,31,,3,0,0,0,,player.fcgi?id=stilwe000col
Bo Willis,20,2020,Texas Tech,Big 12,6,5,4,2,1,0,0,0,0,0,0,1,2,0.25,0.4,0.25,0.65,1,,0,0,0,0,,player.fcgi?id=willis000bo-
Kurt Wilson,22,2020,Texas Tech,Big 12,9,2,1,0,1,0,0,0,1,0,0,1,0,1,1,1,2,1,,0,0,0,0,,player.fcgi?id=wilson000kur
Dru Baker,21,2021,Texas Tech,Big 12,51,240,213,53,73,14,2,4,32,18,2,22,42,0.343,0.406,0.484,0.89,103,,2,1,2,0,,player.fcgi?id=baker-000dru
Dillon Carter*,20,2021,Texas Tech,Big 12,35,130,111,16,23,6,0,1,15,2,0,13,42,0.207,0.318,0.288,0.606,32,,5,1,0,0,,player.fcgi?id=carter000dil
Cal Conley#,21,2021,Texas Tech,Big 12,56,254,225,46,74,13,0,15,55,7,1,21,38,0.329,0.393,0.587,0.98,132,,4,2,2,3,,player.fcgi?id=conley000cal
Braxton Fulford,22,2021,Texas Tech,Big 12,52,220,178,38,47,12,2,14,44,0,0,27,54,0.264,0.396,0.59,0.985,105,,13,0,2,0,,player.fcgi?id=fulfor000bra
Jace Jung*,20,2021,Texas Tech,Big 12,56,264,208,55,70,10,1,21,67,4,2,49,45,0.337,0.462,0.697,1.159,145,,3,0,4,4,,player.fcgi?id=jung--002jac
Parker Kelly,22,2021,Texas Tech,Big 12,53,159,129,23,25,4,1,0,10,0,0,25,46,0.194,0.333,0.24,0.574,31,,3,0,2,0,,player.fcgi?id=kelly-001par
Max Marusak,21,2021,Texas Tech,Big 12,20,31,30,8,3,3,0,0,1,1,1,1,11,0.1,0.129,0.2,0.329,6,,0,0,0,0,,player.fcgi?id=marusa000max
Cody Masters*,22,2021,Texas Tech,Big 12,32,104,78,22,15,3,2,7,23,1,0,16,35,0.192,0.375,0.551,0.926,43,,8,0,2,1,,player.fcgi?id=master000cod
Easton Murrell*,23,2021,Texas Tech,Big 12,48,200,144,37,36,8,2,4,20,2,1,42,44,0.25,0.442,0.417,0.858,60,,9,3,2,0,,player.fcgi?id=murrel000eas
Dylan Neuse,22,2021,Texas Tech,Big 12,27,125,96,29,27,7,2,1,16,11,1,23,27,0.281,0.44,0.427,0.867,41,,5,0,1,0,,player.fcgi?id=neuse-000dyl
Nate Rombach,20,2021,Texas Tech,Big 12,40,145,117,26,26,6,1,9,34,0,0,25,47,0.222,0.359,0.521,0.88,61,,1,0,2,0,,player.fcgi?id=rombac000nat
Braydon Runion,21,2021,Texas Tech,Big 12,18,49,41,10,8,3,0,1,4,0,0,6,16,0.195,0.327,0.342,0.668,14,,2,0,0,0,,player.fcgi?id=runion000bra
Cole Stilwell,21,2021,Texas Tech,Big 12,48,185,146,29,42,12,1,8,33,0,0,30,30,0.288,0.422,0.548,0.97,80,,6,0,3,1,,player.fcgi?id=stilwe000col
Kurt Wilson,23,2021,Texas Tech,Big 12,36,128,106,23,29,6,2,3,16,3,0,18,32,0.274,0.394,0.453,0.847,48,,3,1,0,0,,player.fcgi?id=wilson000kur
Drew Woodcox,19,2021,Texas Tech,Big 12,20,45,36,6,6,0,0,2,7,0,0,4,19,0.167,0.311,0.333,0.644,12,,4,0,1,0,,player.fcgi?id=woodco000dre
Ryan Brome*,19,2022,Texas Tech,Big 12,13,26,21,5,6,3,0,0,5,0,0,3,7,0.286,0.423,0.429,0.852,9,2,2,0,0,0,,player.fcgi?id=brome-000rya
Lauden Brooks,20,2022,Texas Tech,Big 12,12,19,16,5,3,0,0,0,1,1,0,2,6,0.188,0.263,0.188,0.451,3,0,0,0,1,0,,player.fcgi?id=brooks000lau
Dillon Carter*,21,2022,Texas Tech,Big 12,48,182,146,36,29,5,2,3,21,4,2,26,73,0.199,0.339,0.322,0.661,47,1,6,2,2,0,,player.fcgi?id=carter000dil
Ty Coleman,22,2022,Texas Tech,Big 12,55,247,223,38,71,14,0,8,59,0,0,17,26,0.318,0.374,0.489,0.863,109,6,4,1,2,0,,player.fcgi?id=colema002ty-
Trevor Conley*,20,2022,Texas Tech,Big 12,11,19,14,5,1,0,0,0,2,0,0,3,2,0.071,0.235,0.071,0.307,1,0,0,2,0,0,,player.fcgi?id=conley000tre
Andrew Devine,21,2022,Texas Tech,Big 12,19,0,0,1,0,0,0,0,0,0,0,0,0,,,,,0,0,0,0,0,0,,player.fcgi?id=devine000and
Sam Hunt*,20,2022,Texas Tech,Big 12,22,59,46,12,16,5,0,0,13,1,0,10,14,0.348,0.475,0.457,0.931,21,0,2,0,1,0,,player.fcgi?id=hunt--003sam
Jace Jung*,21,2022,Texas Tech,Big 12,61,295,224,68,75,18,1,14,57,5,0,59,42,0.335,0.481,0.612,1.093,137,3,8,0,4,7,,player.fcgi?id=jung--002jac
Parker Kelly,23,2022,Texas Tech,Big 12,60,257,218,45,62,19,2,10,48,6,0,31,63,0.284,0.387,0.528,0.914,115,3,6,1,1,0,,player.fcgi?id=kelly-001par
Cody Masters*,23,2022,Texas Tech,Big 12,16,18,15,9,3,2,0,1,5,1,0,1,6,0.2,0.333,0.533,0.867,8,0,2,0,0,0,,player.fcgi?id=master000cod
Easton Murrell*,24,2022,Texas Tech,Big 12,46,202,147,44,46,10,1,9,23,1,1,26,42,0.313,0.495,0.578,1.073,85,0,27,2,0,0,,player.fcgi?id=murrel000eas
Dalton Porter*,21,2022,Texas Tech,Big 12,27,68,54,5,13,4,0,1,14,2,0,5,16,0.241,0.324,0.37,0.694,20,0,4,0,5,0,,player.fcgi?id=porter003dal
Drew Reynolds*,19,2022,Texas Tech,Big 12,7,10,7,6,4,1,0,0,3,0,0,3,2,0.571,0.7,0.714,1.414,5,0,0,0,0,0,,player.fcgi?id=reynol001dre
Cole Stilwell,22,2022,Texas Tech,Big 12,60,296,246,61,77,16,2,9,49,1,0,33,43,0.313,0.405,0.504,0.91,124,5,10,0,7,0,,player.fcgi?id=stilwe000col
Cooper Swanson,23,2022,Texas Tech,Big 12,13,22,17,3,2,1,0,0,2,2,0,5,10,0.118,0.318,0.177,0.495,3,0,0,0,0,0,,player.fcgi?id=swanso000coo
Zac Vooletich,22,2022,Texas Tech,Big 12,27,85,68,20,19,8,0,1,18,0,0,12,15,0.279,0.405,0.441,0.846,30,2,3,1,1,0,,player.fcgi?id=voolet001zac
Owen Washburn*,18,2022,Texas Tech,Big 12,59,263,224,41,62,10,2,7,48,2,0,32,74,0.277,0.369,0.433,0.802,97,2,3,0,4,0,,player.fcgi?id=washbu000owe
Hudson White,19,2022,Texas Tech,Big 12,59,261,215,42,56,11,0,6,40,4,0,35,37,0.261,0.369,0.395,0.765,85,2,5,1,5,0,,player.fcgi?id=white-000hud
Kurt Wilson,24,2022,Texas Tech,Big 12,61,280,243,60,76,15,5,14,64,4,2,31,55,0.313,0.393,0.589,0.981,143,3,3,0,3,0,,player.fcgi?id=wilson000kur
Kevin Bazzell,20,2023,Texas Tech,Big 12,63,306,250,55,87,24,1,10,62,2,0,45,32,0.348,0.453,0.572,1.025,143,7,6,1,4,2,,player.fcgi?id=bazzel000kev
Damian Bravo,19,2023,Texas Tech,Big 12,22,31,30,3,4,0,0,3,7,0,0,1,9,0.133,0.161,0.433,0.595,13,0,0,0,0,0,,player.fcgi?id=bravo-000dam
Ryan Brome*,20,2023,Texas Tech,Big 12,15,30,25,5,5,0,0,0,3,0,0,2,8,0.2,0.3,0.2,0.5,5,0,2,0,1,0,,player.fcgi?id=brome-000rya
Will Burns,19,2023,Texas Tech,Big 12,29,82,65,12,11,2,1,0,7,1,0,14,29,0.169,0.329,0.231,0.56,15,0,2,0,1,0,,player.fcgi?id=burns-014wil
Dillon Carter*,22,2023,Texas Tech,Big 12,36,140,101,22,27,9,1,6,23,2,0,25,44,0.267,0.449,0.555,1.003,56,0,9,4,1,0,,player.fcgi?id=carter000dil
Ty Coleman,23,2023,Texas Tech,Big 12,35,146,122,32,31,10,0,5,24,1,1,16,18,0.254,0.363,0.459,0.822,56,7,6,0,2,1,,player.fcgi?id=colema002ty-
Jeric Curtis,19,2023,Texas Tech,Big 12,17,17,16,2,3,0,0,0,4,1,0,1,3,0.188,0.235,0.188,0.423,3,0,0,0,0,0,,player.fcgi?id=curtis002jer
Taber Fast*,19,2023,Texas Tech,Big 12,16,2,2,0,1,1,0,0,0,0,0,0,0,0.5,0.5,1,1.5,2,0,0,0,0,0,,player.fcgi?id=fast--000tab
Austin Green#,21,2023,Texas Tech,Big 12,59,273,214,54,62,14,2,12,57,0,0,41,41,0.29,0.418,0.542,0.96,116,0,11,0,7,1,,player.fcgi?id=green-006aus
Gage Harrelson*,19,2023,Texas Tech,Big 12,58,283,247,53,80,16,5,1,45,6,4,31,67,0.324,0.404,0.441,0.846,109,3,3,1,1,0,,player.fcgi?id=harrel000gag
Nolen Hester*,23,2023,Texas Tech,Big 12,60,300,219,56,79,17,0,2,35,4,1,61,27,0.361,0.525,0.466,0.991,102,3,16,3,1,0,,player.fcgi?id=hester000nol
Gavin Kash*,20,2023,Texas Tech,Big 12,64,305,263,67,86,12,3,26,84,2,0,34,57,0.327,0.397,0.692,1.089,182,1,1,0,7,3,,player.fcgi?id=kash--000gav
Tracer Lopez*,19,2023,Texas Tech,Big 12,55,204,179,36,48,6,2,4,31,3,0,21,55,0.268,0.342,0.391,0.733,70,0,0,2,2,0,,player.fcgi?id=lopez-001tra
Dylan Maxcey,18,2023,Texas Tech,Big 12,31,119,97,22,24,7,1,4,22,2,0,19,20,0.247,0.378,0.464,0.842,45,1,2,0,1,0,,player.fcgi?id=maxcey000dyl
Cade McGarrh*,20,2023,Texas Tech,Big 12,10,4,4,3,2,0,0,0,2,0,0,0,2,0.5,0.5,0.5,1,2,0,0,0,0,0,,player.fcgi?id=mcgarr000cad
Zac Vooletich,23,2023,Texas Tech,Big 12,39,149,134,28,52,10,2,3,15,2,1,11,15,0.388,0.443,0.56,1.003,75,3,3,0,1,0,,player.fcgi?id=voolet001zac
Owen Washburn*,19,2023,Texas Tech,Big 12,18,67,52,14,13,1,0,3,12,0,0,10,10,0.25,0.358,0.442,0.801,23,1,1,0,4,0,,player.fcgi?id=washbu000owe
Hudson White,20,2023,Texas Tech,Big 12,49,204,169,39,50,10,0,11,49,2,1,27,31,0.296,0.397,0.55,0.947,93,3,4,0,4,0,,player.fcgi?id=white-000hud
Drew Woodcox,21,2023,Texas Tech,Big 12,26,72,59,16,16,0,1,3,15,0,0,8,21,0.271,0.375,0.458,0.833,27,0,3,0,2,0,,player.fcgi?id=woodco000dre
Kevin Bazzell,21,2024,Texas Tech,Big 12,49,217,186,37,57,13,0,6,32,4,1,22,22,0.307,0.401,0.473,0.874,88,5,8,0,1,0,,player.fcgi?id=bazzel000kev
Garet Boehm,19,2024,Texas Tech,Big 12,11,19,18,5,7,0,0,1,3,0,0,0,2,0.389,0.421,0.556,0.977,10,1,1,0,0,0,,player.fcgi?id=boehm-000gar
Damian Bravo,20,2024,Texas Tech,Big 12,47,210,180,52,68,21,2,4,44,2,0,20,42,0.378,0.438,0.583,1.021,105,1,4,0,6,0,,player.fcgi?id=bravo-000dam
Will Burns,20,2024,Texas Tech,Big 12,30,72,62,14,13,1,0,2,6,3,2,6,24,0.21,0.296,0.323,0.618,20,1,2,1,1,0,,player.fcgi?id=burns-014wil
Austin Green#,22,2024,Texas Tech,Big 12,51,216,174,44,56,13,1,8,45,6,0,31,21,0.322,0.435,0.546,0.981,95,0,7,0,4,0,,player.fcgi?id=green-006aus
Gage Harrelson*,20,2024,Texas Tech,Big 12,43,141,106,29,26,2,1,1,11,19,0,28,40,0.245,0.411,0.311,0.723,33,0,4,0,3,0,,player.fcgi?id=harrel000gag
Gavin Kash*,21,2024,Texas Tech,Big 12,56,266,237,49,71,17,0,15,51,3,0,23,63,0.3,0.365,0.561,0.926,133,4,3,0,3,1,,player.fcgi?id=kash--000gav
Tracer Lopez*,20,2024,Texas Tech,Big 12,55,222,184,47,49,6,4,6,20,4,2,33,44,0.266,0.382,0.44,0.822,81,2,2,2,1,0,,player.fcgi?id=lopez-001tra
Dylan Maxcey,19,2024,Texas Tech,Big 12,30,93,86,18,30,5,0,4,25,3,0,5,13,0.349,0.398,0.547,0.944,47,2,2,0,0,0,,player.fcgi?id=maxcey000dyl
Cade McGee,21,2024,Texas Tech,Big 12,57,251,188,50,53,11,0,15,55,1,0,37,39,0.282,0.45,0.58,1.03,109,5,23,0,3,0,,player.fcgi?id=mcgee-000cad
TJ Pompey,19,2024,Texas Tech,Big 12,55,227,190,41,53,11,2,10,49,12,2,31,62,0.279,0.389,0.516,0.905,98,3,4,1,1,0,,player.fcgi?id=pompey000tj-
Davis Rivers*,19,2024,Texas Tech,Big 12,19,45,35,7,10,4,0,2,13,0,0,7,18,0.286,0.444,0.571,1.016,20,0,3,0,0,0,,player.fcgi?id=rivers000dav
Travis Sanders,20,2024,Texas Tech,Big 12,13,41,33,11,8,5,0,0,7,1,0,6,11,0.242,0.39,0.394,0.784,13,1,2,0,0,0,,player.fcgi?id=sander004tra
Landon Stripling*,19,2024,Texas Tech,Big 12,33,119,99,15,25,3,0,4,20,0,0,17,12,0.253,0.361,0.404,0.765,40,1,1,0,2,0,,player.fcgi?id=stripl000lan
Owen Washburn*,20,2024,Texas Tech,Big 12,38,134,113,28,33,5,1,6,23,0,0,18,38,0.292,0.388,0.513,0.901,58,5,1,0,2,0,,player.fcgi?id=washbu000owe
Drew Woodcox,22,2024,Texas Tech,Big 12,47,192,165,38,53,11,0,14,48,3,1,23,39,0.321,0.403,0.642,1.046,106,2,1,1,2,0,,player.fcgi?id=woodco000dre
Garet Boehm,20,2025,Texas Tech,Big 12,27,100,92,13,23,5,0,2,10,1,0,7,16,0.25,0.303,0.37,0.673,34,7,0,1,0,0,,player.fcgi?id=boehm-000gar
Damian Bravo,21,2025,Texas Tech,Big 12,53,250,224,43,74,13,2,13,51,18,2,16,47,0.33,0.384,0.58,0.964,130,2,6,0,4,0,,player.fcgi?id=bravo-000dam
Logan Hughes*,20,2025,Texas Tech,Big 12,52,246,211,52,69,13,4,19,58,3,2,26,24,0.327,0.411,0.697,1.107,147,5,6,0,3,1,,player.fcgi?id=hughes002log
Kendyl Johnson*,19,2025,Texas Tech,Big 12,22,65,51,13,8,1,1,1,6,3,1,10,12,0.157,0.328,0.275,0.603,14,0,3,1,0,0,,player.fcgi?id=johnso018ken
Tracer Lopez*,21,2025,Texas Tech,Big 12,53,243,221,34,66,9,0,5,30,12,1,18,36,0.299,0.357,0.407,0.764,90,2,2,2,0,0,,player.fcgi?id=lopez-001tra
Dylan Maxcey,20,2025,Texas Tech,Big 12,36,129,117,10,31,7,0,2,14,2,0,9,20,0.265,0.318,0.376,0.694,44,2,1,0,2,0,,player.fcgi?id=maxcey000dyl
Hudson Parker,22,2025,Texas Tech,Big 12,5,6,5,0,0,0,0,0,0,0,0,0,5,0,0.167,0,0.167,0,0,1,0,0,0,,player.fcgi?id=parker000hud
TJ Pompey,20,2025,Texas Tech,Big 12,19,79,69,16,24,4,0,5,15,5,0,5,25,0.348,0.397,0.623,1.021,43,1,2,1,2,0,,player.fcgi?id=pompey000tj-
Davis Rivers*,20,2025,Texas Tech,Big 12,40,142,122,19,27,11,0,5,26,0,1,12,46,0.221,0.317,0.434,0.751,53,2,6,0,2,0,,player.fcgi?id=rivers000dav
Coleman Ryan,20,2025,Texas Tech,Big 12,38,136,113,17,28,3,1,0,11,4,0,15,28,0.248,0.346,0.292,0.638,33,2,2,6,0,0,,player.fcgi?id=ryan--006col
Antonelli Savattere*,21,2025,Texas Tech,Big 12,41,164,139,23,40,6,1,2,22,1,0,15,28,0.288,0.358,0.389,0.747,54,3,3,2,5,0,,player.fcgi?id=savatt000ant
Peyton Schulze,23,2025,Texas Tech,Big 12,36,119,106,18,25,4,0,3,13,0,0,11,33,0.236,0.311,0.359,0.669,38,8,1,0,1,0,,player.fcgi?id=schulz000pey
Jace Souza*,19,2025,Texas Tech,Big 12,9,31,27,3,6,1,0,0,1,1,0,4,3,0.222,0.323,0.259,0.582,7,1,0,0,0,0,,player.fcgi?id=souza-003jac
Kyeler Thompson,20,2025,Texas Tech,Big 12,49,229,191,37,49,7,2,2,23,29,0,26,32,0.257,0.358,0.346,0.704,66,0,6,3,3,0,,player.fcgi?id=thomps001kye
Robin Villeneuve,21,2025,Texas Tech,Big 12,52,226,189,46,69,18,1,12,49,3,0,26,50,0.365,0.447,0.661,1.108,125,5,6,0,5,0,,player.fcgi?id=villen001rob
Caden Ferraro*,21,2026,Texas Tech,Big 12,52,233,187,44,70,19,0,8,45,1,1,39,36,0.374,0.481,0.604,1.085,113,3,3,0,4,1,,player.fcgi?id=ferrar000cad
Linkin Garcia,20,2026,Texas Tech,Big 12,55,254,231,53,78,21,1,4,59,1,1,19,37,0.338,0.387,0.489,0.877,113,8,1,1,2,0,,player.fcgi?id=garcia002lin
A.J. Goytia,20,2026,Texas Tech,Big 12,13,24,16,4,3,1,0,1,3,0,0,8,8,0.188,0.458,0.438,0.896,7,1,0,0,0,0,,player.fcgi?id=goytia000aj-
Tommy Hanger*,19,2026,Texas Tech,Big 12,6,5,5,1,1,0,0,0,2,0,0,0,2,0.2,0.2,0.2,0.4,1,0,0,0,0,0,,player.fcgi?id=hanger000tho
Logan Hughes*,21,2026,Texas Tech,Big 12,55,257,200,68,75,16,1,18,70,3,0,50,33,0.375,0.51,0.735,1.245,147,3,6,0,1,6,,player.fcgi?id=hughes002log
Tracer Lopez*,22,2026,Texas Tech,Big 12,55,264,216,57,80,21,3,1,39,6,2,30,37,0.37,0.431,0.509,0.941,110,4,0,9,9,0,,player.fcgi?id=lopez-001tra
Luke Orfi,22,2026,Texas Tech,Big 12,7,3,1,2,0,0,0,0,0,0,0,2,0,0,0.667,0,0.667,0,0,0,0,0,0,,player.fcgi?id=orfi--000luk
Hollis Porter*,22,2026,Texas Tech,Big 12,4,8,7,0,0,0,0,0,0,0,0,1,6,0,0.125,0,0.125,0,0,0,0,0,0,,player.fcgi?id=porter000hol
Matt Quintanar,22,2026,Texas Tech,Big 12,54,231,201,35,65,14,0,6,46,1,0,20,17,0.323,0.387,0.483,0.87,97,6,4,1,5,0,,player.fcgi?id=quinta001mat
Davis Rivers*,21,2026,Texas Tech,Big 12,20,54,44,9,13,4,0,3,14,0,0,9,16,0.296,0.426,0.591,1.017,26,1,1,0,0,0,,player.fcgi?id=rivers000dav
Jesse Rusinek*,19,2026,Texas Tech,Big 12,35,139,120,28,53,9,3,2,28,16,2,15,16,0.442,0.515,0.617,1.131,74,2,3,1,0,0,,player.fcgi?id=rusine000jes
Coleman Ryan,21,2026,Texas Tech,Big 12,39,88,82,16,16,3,0,0,5,3,0,2,19,0.195,0.221,0.232,0.453,19,0,1,2,1,0,,player.fcgi?id=ryan--006col
Connor Shouse,21,2026,Texas Tech,Big 12,54,246,215,55,76,18,2,10,66,6,0,17,39,0.354,0.431,0.595,1.026,128,9,13,0,1,0,,player.fcgi?id=shouse000con
Jace Souza*,20,2026,Texas Tech,Big 12,25,43,35,5,6,0,0,0,4,1,0,8,15,0.171,0.326,0.171,0.497,6,0,0,0,0,0,,player.fcgi?id=souza-003jac
Chase Thomas*,18,2026,Texas Tech,Big 12,12,12,9,3,1,0,0,0,0,0,0,3,5,0.111,0.333,0.111,0.444,1,0,0,0,0,0,,player.fcgi?id=thomas017cha
Kyeler Thompson,21,2026,Texas Tech,Big 12,51,254,212,55,76,15,2,3,25,26,6,25,33,0.359,0.454,0.491,0.944,104,3,12,5,0,0,,player.fcgi?id=thomps001kye
Robin Villeneuve,22,2026,Texas Tech,Big 12,49,197,170,40,58,10,0,10,41,1,1,20,52,0.341,0.426,0.577,1.003,98,3,6,0,1,0,,player.fcgi?id=villen001rob
Daniel Arambula,21,2026,Utah,Big 12,51,245,209,36,56,7,1,6,30,3,2,21,46,0.268,0.346,0.397,0.743,83,3,6,5,4,0,,player.fcgi?id=arambu001dan
Demitri Diamant,22,2026,Utah,Big 12,23,5,5,0,0,0,0,0,0,0,0,0,5,0,0,0,0,0,0,0,0,0,0,,player.fcgi?id=diaman000dem
Blake Eckerle*,19,2026,Utah,Big 12,28,68,58,6,15,2,0,1,7,4,1,4,8,0.259,0.323,0.345,0.668,20,0,2,3,1,0,,player.fcgi?id=eckerl000bla
Matt Flaharty*,23,2026,Utah,Big 12,48,206,186,38,57,10,1,6,39,7,2,12,39,0.307,0.356,0.468,0.824,87,3,3,4,1,0,,player.fcgi?id=flahar000mat
Jet Gilliam,21,2026,Utah,Big 12,51,225,188,41,68,8,0,6,36,10,1,27,41,0.362,0.446,0.5,0.946,94,8,4,3,3,1,,player.fcgi?id=gillia000jet
Ashton Graff-Rowe,--,2026,Utah,Big 12,8,1,0,3,0,0,0,0,0,2,1,0,0,,1,,,0,0,1,0,0,0,,player.fcgi?id=graff-000ash
Cam Gurney*,22,2026,Utah,Big 12,50,230,191,42,68,10,2,7,48,7,3,28,27,0.356,0.461,0.539,1,103,5,9,2,0,0,,player.fcgi?id=gurney000cam
Zakye Hawkins,20,2026,Utah,Big 12,30,73,61,17,16,3,1,2,12,2,0,4,11,0.262,0.375,0.443,0.818,27,0,7,1,0,0,,player.fcgi?id=hawkin000zay
Luke Jacobs*,21,2026,Utah,Big 12,51,246,212,51,63,18,3,9,39,1,2,24,50,0.297,0.377,0.538,0.915,114,1,5,2,3,1,,player.fcgi?id=jacobs001luk
Jack Kleveno,21,2026,Utah,Big 12,30,71,52,11,15,2,0,1,13,0,1,7,7,0.289,0.439,0.385,0.824,20,1,7,5,0,0,,player.fcgi?id=kleven000jac
Jake Long*,21,2026,Utah,Big 12,51,247,211,48,79,16,2,11,58,5,2,25,31,0.374,0.445,0.626,1.071,132,5,5,2,4,2,,player.fcgi?id=long--005jak
Cal Miller*,20,2026,Utah,Big 12,47,205,168,38,58,14,0,6,29,1,1,25,37,0.345,0.446,0.536,0.981,90,5,7,3,2,0,,player.fcgi?id=miller008cal
Bradley Navarro#,21,2026,Utah,Big 12,18,71,56,9,18,6,0,2,10,2,1,11,13,0.321,0.465,0.536,1.001,30,0,4,0,0,0,,player.fcgi?id=navarr000bra
Nevan Noonan,22,2026,Utah,Big 12,31,103,85,17,16,4,0,3,11,2,0,9,21,0.188,0.311,0.341,0.652,29,1,7,0,2,0,,player.fcgi?id=noonan000nev
Derek Smith,22,2026,Utah,Big 12,33,102,84,12,14,2,0,4,14,1,0,9,42,0.167,0.304,0.333,0.637,28,1,8,0,1,0,,player.fcgi?id=smith-020der
Kaden Carpenter*,22,2025,Utah,Big 12,50,231,192,30,60,16,2,5,34,7,0,26,47,0.313,0.417,0.495,0.912,95,2,10,1,2,1,,player.fcgi?id=carpen000kad
Demitri Diamant,21,2025,Utah,Big 12,11,10,8,1,2,0,0,0,0,0,0,1,3,0.25,0.4,0.25,0.65,2,0,1,0,0,0,,player.fcgi?id=diaman000dem
Drake Digiorno,23,2025,Utah,Big 12,35,125,106,12,25,4,0,4,21,5,1,10,30,0.236,0.333,0.387,0.72,41,4,6,2,1,0,,player.fcgi?id=digior000dra
Matt Flaharty*,22,2025,Utah,Big 12,47,219,193,36,54,15,3,2,30,6,1,16,46,0.28,0.347,0.42,0.767,81,0,5,3,2,0,,player.fcgi?id=flahar000mat
Cam Gurney*,21,2025,Utah,Big 12,31,126,106,19,32,6,2,0,25,3,1,11,19,0.302,0.382,0.396,0.778,42,4,4,3,2,0,,player.fcgi?id=gurney000cam
Zakye Hawkins,19,2025,Utah,Big 12,12,15,10,2,0,0,0,0,0,0,0,1,2,0,0.286,0,0.286,0,1,3,1,0,0,,player.fcgi?id=hawkin000zay
Core Jackson*,21,2025,Utah,Big 12,48,238,206,61,75,19,1,12,44,20,3,21,43,0.364,0.445,0.641,1.086,132,4,10,0,1,2,,player.fcgi?id=jackso001cor
Cal Kilgore,22,2025,Utah,Big 12,20,38,27,5,3,0,0,0,4,1,1,8,12,0.111,0.351,0.111,0.463,3,1,2,1,0,0,,player.fcgi?id=kilgor000cal
Rohne Klein*,19,2025,Utah,Big 12,2,4,3,1,0,0,0,0,0,0,0,1,2,0,0.25,0,0.25,0,0,0,0,0,0,,player.fcgi?id=klein-000roh
Jack Kleveno,20,2025,Utah,Big 12,24,65,49,10,13,5,0,0,5,0,1,4,6,0.265,0.419,0.367,0.787,18,0,9,3,0,0,,player.fcgi?id=kleven000jac
Jake Long*,20,2025,Utah,Big 12,45,193,167,25,44,8,0,1,21,6,0,20,34,0.264,0.347,0.329,0.677,55,4,3,0,3,0,,player.fcgi?id=long--005jak
Santino Panaro*,22,2025,Utah,Big 12,44,183,151,29,50,9,3,2,18,12,0,9,14,0.331,0.42,0.47,0.89,71,3,14,9,0,0,,player.fcgi?id=panaro000san
Tyler Quinn,24,2025,Utah,Big 12,50,230,196,36,62,17,0,5,39,5,2,18,22,0.316,0.396,0.48,0.875,94,5,9,5,2,0,,player.fcgi?id=quinn-000tyl
Austen Roellig,20,2025,Utah,Big 12,50,230,211,37,72,16,1,1,35,8,4,12,25,0.341,0.391,0.441,0.832,93,4,6,0,1,0,,player.fcgi?id=roelli000aus
Derek Smith,21,2025,Utah,Big 12,40,153,129,21,26,7,1,4,19,3,1,14,59,0.202,0.32,0.364,0.685,47,1,9,0,1,0,,player.fcgi?id=smith-020der
Ethan Thomas,23,2025,Utah,Big 12,7,6,6,0,2,0,0,0,0,0,0,0,2,0.333,0.333,0.333,0.667,2,0,0,0,0,0,,player.fcgi?id=thomas002eth
Brian Trujillo,20,2025,Utah,Big 12,8,10,10,0,0,0,0,0,0,0,0,0,5,0,0,0,0,0,0,0,0,0,0,,player.fcgi?id=trujil000bri
Luke Anderson,22,2026,BYU,Big 12,51,251,213,48,62,15,2,5,29,2,1,28,45,0.291,0.391,0.451,0.842,96,4,7,3,0,0,,player.fcgi?id=anders010luk
Ridge Erickson,20,2026,BYU,Big 12,37,122,102,17,21,3,0,5,15,0,0,8,30,0.206,0.322,0.382,0.705,39,1,10,1,1,0,,player.fcgi?id=ericks000rid
Parker Goff,22,2026,BYU,Big 12,32,100,85,16,18,8,0,1,5,1,0,7,26,0.212,0.313,0.341,0.654,29,0,6,1,1,0,,player.fcgi?id=goff--000par
Patrick Graham,21,2026,BYU,Big 12,15,36,29,6,8,5,0,1,4,0,0,6,13,0.276,0.389,0.552,0.941,16,0,0,0,1,0,,player.fcgi?id=graham005pat
Matt Hansen*,21,2026,BYU,Big 12,48,173,141,23,36,9,1,4,21,0,0,25,51,0.255,0.39,0.418,0.808,59,1,6,1,0,0,,player.fcgi?id=hansen005mat
Bryker Hurdsman,24,2026,BYU,Big 12,50,220,195,28,55,11,1,6,31,9,2,11,62,0.282,0.347,0.441,0.788,86,3,10,1,3,0,,player.fcgi?id=hurdsm000bry
Cooper Jones,20,2026,BYU,Big 12,19,52,45,7,12,3,1,2,14,0,1,7,19,0.267,0.365,0.511,0.877,23,0,0,0,0,0,,player.fcgi?id=jones-005coo
Easton Jones,22,2026,BYU,Big 12,56,247,213,43,64,8,2,14,46,4,0,28,54,0.301,0.389,0.554,0.943,118,6,4,0,2,0,,player.fcgi?id=jones-001eas
Crew McChesney*,21,2026,BYU,Big 12,42,181,166,24,51,16,3,8,33,4,1,12,51,0.307,0.361,0.584,0.945,97,2,2,1,0,0,,player.fcgi?id=mcches000cre
Ezra McNaughton*,22,2026,BYU,Big 12,54,264,231,45,80,16,0,16,55,5,1,23,35,0.346,0.421,0.623,1.044,144,4,8,0,2,1,,player.fcgi?id=mcnaug000ezr
Keoni Painter*,22,2026,BYU,Big 12,41,135,113,19,27,4,2,2,12,2,0,14,38,0.239,0.333,0.363,0.696,41,2,3,3,2,0,,player.fcgi?id=painte000keo
Austin Park,19,2026,BYU,Big 12,19,6,5,2,1,0,0,0,1,0,0,1,2,0.2,0.333,0.2,0.533,1,0,0,0,0,0,,player.fcgi?id=park--000aus
Ryder Robinson#,22,2026,BYU,Big 12,56,267,225,55,75,11,3,11,39,11,2,34,60,0.333,0.435,0.556,0.99,125,3,7,0,1,0,,player.fcgi?id=robins000ryd
Ryker Schow,21,2026,BYU,Big 12,29,71,59,16,15,2,1,3,17,3,2,6,22,0.254,0.357,0.475,0.832,28,1,4,1,1,0,,player.fcgi?id=schow-000ryk
Tu'alau Wolfgramm,20,2026,BYU,Big 12,40,162,148,26,41,11,1,3,29,6,2,7,35,0.277,0.306,0.426,0.732,63,3,1,2,4,0,,player.fcgi?id=wolfgr000tua
Luke Anderson,21,2025,BYU,Big 12,55,264,222,39,65,10,1,9,52,4,4,31,43,0.293,0.393,0.469,0.862,104,3,7,2,2,0,,player.fcgi?id=anders010luk
Chipper Beck,23,2025,BYU,Big 12,13,35,32,5,12,0,0,3,12,0,0,3,9,0.375,0.429,0.656,1.085,21,0,0,0,0,0,,player.fcgi?id=beck--000chi
Easton Bryant*,21,2025,BYU,Big 12,6,22,20,2,5,3,0,0,2,1,0,1,11,0.25,0.318,0.4,0.718,8,0,1,0,0,0,,player.fcgi?id=bryant000eas
Ridge Erickson,19,2025,BYU,Big 12,15,50,38,6,6,2,0,0,7,0,0,6,13,0.158,0.306,0.211,0.517,8,0,3,1,2,0,,player.fcgi?id=ericks000rid
Tate Gambill*,--,2025,BYU,Big 12,38,146,118,28,40,7,4,1,25,4,1,16,25,0.339,0.451,0.492,0.943,58,0,9,2,1,0,,player.fcgi?id=gambil000tat
Parker Goff,21,2025,BYU,Big 12,45,183,141,37,41,9,1,2,27,0,0,31,47,0.291,0.444,0.411,0.856,58,1,8,3,0,0,,player.fcgi?id=goff--000par
Matt Hansen*,20,2025,BYU,Big 12,18,38,32,5,6,1,0,1,3,1,0,6,14,0.188,0.316,0.313,0.628,10,0,0,0,0,0,,player.fcgi?id=hansen005mat
Bryker Hurdsman,23,2025,BYU,Big 12,51,226,190,51,64,18,3,4,36,8,3,19,59,0.337,0.429,0.526,0.956,100,3,14,0,3,0,,player.fcgi?id=hurdsm000bry
Easton Jones,21,2025,BYU,Big 12,39,170,150,21,26,9,1,2,15,1,0,15,48,0.173,0.259,0.287,0.546,43,3,3,0,2,0,,player.fcgi?id=jones-001eas
Crew McChesney*,20,2025,BYU,Big 12,52,242,200,38,57,17,0,5,40,11,3,36,53,0.285,0.389,0.445,0.834,89,2,0,3,3,0,,player.fcgi?id=mcches000cre
Ezra McNaughton*,21,2025,BYU,Big 12,21,46,37,5,5,2,1,0,4,1,0,9,16,0.135,0.304,0.243,0.548,9,1,0,0,0,0,,player.fcgi?id=mcnaug000ezr
Keoni Painter*,21,2025,BYU,Big 12,34,120,88,23,25,2,1,1,13,1,2,17,33,0.284,0.453,0.364,0.817,32,0,11,3,1,0,,player.fcgi?id=painte000keo
Ryder Robinson#,21,2025,BYU,Big 12,55,270,224,52,63,14,2,11,46,2,3,35,62,0.281,0.385,0.509,0.894,114,1,6,0,5,0,,player.fcgi?id=robins000ryd
Ryker Schow,20,2025,BYU,Big 12,24,43,34,10,7,2,0,1,5,3,1,7,16,0.206,0.372,0.353,0.725,12,0,2,0,0,0,,player.fcgi?id=schow-000ryk
Cooper Vest*,23,2025,BYU,Big 12,55,261,219,52,61,13,2,16,58,2,0,20,54,0.279,0.383,0.575,0.958,126,0,19,0,3,0,,player.fcgi?id=vest--000coo
Brock Watkins,25,2025,BYU,Big 12,48,204,179,30,54,8,0,11,39,1,1,17,57,0.302,0.37,0.531,0.9,95,0,4,1,3,0,,player.fcgi?id=watkin000bro
Tu'alau Wolfgramm,19,2025,BYU,Big 12,13,7,6,4,3,2,0,0,3,0,0,1,2,0.5,0.571,0.833,1.405,5,0,0,0,0,0,,player.fcgi?id=wolfgr000tua
Kuhio Aloy,18,2024,BYU,Big 12,52,225,197,27,53,9,1,8,38,0,0,20,62,0.269,0.329,0.447,0.776,88,4,1,0,7,0,,player.fcgi?id=aloy--000kuh
Luke Anderson,20,2024,BYU,Big 12,50,242,204,36,52,12,2,6,27,9,1,32,72,0.255,0.361,0.422,0.783,86,1,3,1,2,0,,player.fcgi?id=anders010luk
Bryant Ball,21,2024,BYU,Big 12,4,4,4,0,0,0,0,0,0,0,0,0,2,0,0,0,0,0,0,0,0,0,0,,player.fcgi?id=ball--004bry
Chipper Beck,22,2024,BYU,Big 12,27,91,79,9,14,2,0,1,11,1,0,6,23,0.177,0.25,0.241,0.491,19,1,2,3,1,0,,player.fcgi?id=beck--000chi
Parker Goff,20,2024,BYU,Big 12,33,120,99,17,29,8,1,4,18,0,3,11,32,0.293,0.403,0.515,0.919,51,0,8,1,1,0,,player.fcgi?id=goff--000par
Bryker Hurdsman,22,2024,BYU,Big 12,38,121,103,19,28,5,2,4,13,5,0,7,32,0.272,0.375,0.476,0.851,49,1,10,1,0,0,,player.fcgi?id=hurdsm000bry
Easton Jones,20,2024,BYU,Big 12,51,235,201,30,55,10,1,14,36,4,0,27,70,0.274,0.366,0.542,0.908,109,2,4,0,3,3,,player.fcgi?id=jones-001eas
Crew McChesney*,19,2024,BYU,Big 12,27,71,53,14,18,4,2,1,6,4,0,13,20,0.34,0.478,0.547,1.026,29,1,2,2,1,0,,player.fcgi?id=mcches000cre
Keoni Painter*,20,2024,BYU,Big 12,25,91,75,14,18,5,0,1,11,4,0,12,26,0.24,0.356,0.347,0.702,26,0,2,1,1,0,,player.fcgi?id=painte000keo
Collin Reuter,21,2024,BYU,Big 12,48,214,181,29,48,8,1,10,37,1,3,28,68,0.265,0.379,0.486,0.865,88,2,5,0,0,1,,player.fcgi?id=reuter000col
Crew Robinson*,24,2024,BYU,Big 12,48,195,163,19,29,9,2,4,16,4,2,21,49,0.178,0.297,0.331,0.629,54,1,8,0,3,0,,player.fcgi?id=robins000cre
Ryker Schow,19,2024,BYU,Big 12,36,129,105,22,27,3,1,2,9,2,3,15,36,0.257,0.368,0.362,0.73,38,2,4,4,1,0,,player.fcgi?id=schow-000ryk
Gavin Taylor,19,2024,BYU,Big 12,5,6,5,0,0,0,0,0,0,0,0,1,3,0,0.167,0,0.167,0,0,0,0,0,0,,player.fcgi?id=taylor001gav
Cooper Vest*,22,2024,BYU,Big 12,52,241,201,38,51,9,3,11,31,2,1,25,59,0.254,0.368,0.493,0.861,99,1,12,2,1,3,,player.fcgi?id=vest--000coo
Brock Watkins,24,2024,BYU,Big 12,31,128,105,18,26,5,0,4,17,0,1,19,26,0.248,0.367,0.41,0.777,43,1,2,0,2,0,,player.fcgi?id=watkin000bro
Bitner Workman#,22,2024,BYU,Big 12,10,14,8,2,0,0,0,0,0,0,0,5,7,0,0.385,0,0.385,0,0,0,1,0,0,,player.fcgi?id=workma000bit
Tre Broussard*,20,2026,Houston,Big 12,44,196,163,29,56,10,1,3,23,25,4,26,31,0.344,0.433,0.472,0.905,77,6,2,2,3,2,,player.fcgi?id=brouss000tre
Justin Cherrington,--,2026,Houston,Big 12,17,25,19,3,4,0,0,1,5,0,1,3,8,0.211,0.36,0.368,0.728,7,0,2,0,1,0,,player.fcgi?id=cherri001jus
Cade Climie,22,2026,Houston,Big 12,44,162,139,26,47,16,1,10,29,3,1,21,32,0.338,0.426,0.684,1.109,95,3,1,0,1,2,,player.fcgi?id=climie000cad
Tyler Cox,25,2026,Houston,Big 12,55,237,194,33,62,6,2,1,21,4,3,26,17,0.32,0.417,0.387,0.803,75,8,7,9,1,0,,player.fcgi?id=cox---015tyl
Peyton Dickens*,19,2026,Houston,Big 12,18,21,17,6,2,0,0,0,3,3,0,3,7,0.118,0.238,0.118,0.356,2,1,0,0,1,0,,player.fcgi?id=dicken000pey
Blake Fields,19,2026,Houston,Big 12,55,230,184,33,48,10,0,3,26,6,5,34,29,0.261,0.389,0.364,0.753,67,4,7,1,4,0,,player.fcgi?id=fields000bla
McClane Helton*,20,2026,Houston,Big 12,31,105,81,19,19,7,0,0,4,7,1,20,29,0.235,0.404,0.321,0.725,26,3,3,1,0,0,,player.fcgi?id=helton000mcc
Riley Jackson,21,2026,Houston,Big 12,52,203,166,25,45,13,0,9,29,0,2,23,52,0.271,0.387,0.512,0.899,85,1,9,4,1,1,,player.fcgi?id=jackso002ril
Caleb Kimble,--,2026,Houston,Big 12,18,10,9,0,0,0,0,0,0,1,0,1,6,0,0.1,0,0.1,0,0,0,0,0,0,,player.fcgi?id=kimble000cal
Jackson LaLima,20,2026,Houston,Big 12,51,199,179,26,41,13,1,9,26,4,2,11,48,0.229,0.294,0.464,0.758,83,3,6,2,1,0,,player.fcgi?id=lalima000jac
Dylan Maxcey,21,2026,Houston,Big 12,38,120,103,14,21,3,0,3,13,0,0,7,23,0.204,0.272,0.32,0.592,33,1,3,6,1,1,,player.fcgi?id=maxcey000dyl
Xavier Perez,23,2026,Houston,Big 12,54,244,208,40,60,10,3,9,36,14,3,24,49,0.289,0.379,0.495,0.874,103,6,7,4,1,1,,player.fcgi?id=perez-000xav
Carsten Sabathia,22,2026,Houston,Big 12,37,107,92,14,26,3,0,6,18,0,0,11,26,0.283,0.374,0.511,0.885,47,1,3,0,1,0,,player.fcgi?id=sabath002car
Antonelli Savattere*,22,2026,Houston,Big 12,53,202,164,16,39,5,0,0,22,6,1,20,23,0.238,0.36,0.268,0.628,44,6,13,2,3,0,,player.fcgi?id=savatt000ant
Carter Sintek,22,2026,Houston,Big 12,9,19,12,4,1,0,0,0,1,0,1,5,2,0.083,0.421,0.083,0.504,1,1,2,0,0,0,,player.fcgi?id=sintek000car
Will Van Wie,--,2026,Houston,Big 12,12,15,12,2,0,0,0,0,0,0,1,2,9,0,0.2,0,0.2,0,0,1,0,0,0,,player.fcgi?id=vanwie000wil
Mikey Vanderheyden,19,2026,Houston,Big 12,9,9,6,1,0,0,0,0,0,0,0,2,3,0,0.333,0,0.333,0,0,1,0,0,0,,player.fcgi?id=vander000mik
Irvin Weems,23,2026,Houston,Big 12,30,34,27,4,4,2,0,0,3,3,2,5,15,0.148,0.303,0.222,0.525,6,1,1,1,0,0,,player.fcgi?id=weems-000irv
Easton Winfield,20,2026,Houston,Big 12,21,49,40,10,8,1,0,2,4,2,2,9,16,0.2,0.347,0.375,0.722,15,1,0,0,0,0,,player.fcgi?id=winfie000eas
Anthony Avalos,20,2025,Houston,Big 12,21,48,39,8,11,1,0,1,7,1,0,3,12,0.282,0.391,0.385,0.776,15,0,4,2,0,0,,player.fcgi?id=avalos000ant
Brandon Bishop,22,2025,Houston,Big 12,36,62,49,12,14,1,0,2,11,4,1,8,10,0.286,0.377,0.429,0.806,21,0,1,1,3,0,,player.fcgi?id=bishop006bra
Tre Broussard*,19,2025,Houston,Big 12,54,241,212,43,62,12,1,7,34,31,4,22,25,0.293,0.371,0.458,0.828,97,2,5,1,1,0,,player.fcgi?id=brouss000tre
Cole Carbone*,21,2025,Houston,Big 12,18,23,18,5,2,1,0,0,1,1,0,4,9,0.111,0.304,0.167,0.471,3,0,1,0,0,0,,player.fcgi?id=carbon000col
Cade Climie,21,2025,Houston,Big 12,46,186,144,31,38,6,1,9,37,3,2,33,46,0.264,0.414,0.507,0.921,73,1,6,0,3,1,,player.fcgi?id=climie000cad
Jack Cooper,24,2025,Houston,Big 12,6,8,7,1,0,0,0,0,0,0,0,0,6,0,0.125,0,0.125,0,0,1,0,0,0,,player.fcgi?id=cooper004jac
Tyler Cox,24,2025,Houston,Big 12,55,189,156,30,42,5,1,0,31,4,1,16,23,0.269,0.364,0.314,0.678,49,2,9,5,3,0,,player.fcgi?id=cox---015tyl
Coby DeJesus,21,2025,Houston,Big 12,36,111,91,18,22,5,0,1,22,2,0,13,24,0.242,0.349,0.33,0.678,30,0,3,2,2,0,,player.fcgi?id=dejesu000cob
Evan Haeger*,20,2025,Houston,Big 12,39,80,68,11,12,3,0,0,4,4,2,8,27,0.177,0.282,0.221,0.503,15,0,2,2,0,0,,player.fcgi?id=haeger000eva
Riley Jackson,20,2025,Houston,Big 12,46,135,99,14,18,0,0,6,17,0,0,23,47,0.182,0.359,0.364,0.722,36,3,6,4,3,0,,player.fcgi?id=jackso002ril
Kenneth Jimenez,23,2025,Houston,Big 12,43,167,119,31,27,4,0,1,11,5,3,33,24,0.227,0.442,0.286,0.728,34,3,13,2,0,0,,player.fcgi?id=jimene000ken
Jackson LaLima,19,2025,Houston,Big 12,25,40,35,3,5,1,0,0,0,0,0,5,14,0.143,0.25,0.171,0.421,6,1,0,0,0,0,,player.fcgi?id=lalima000jac
Malachi Lott*,22,2025,Houston,Big 12,49,115,97,15,22,4,1,4,13,4,2,12,18,0.227,0.315,0.412,0.728,40,3,1,4,1,0,,player.fcgi?id=lott--000mal
Aaron Lugo,24,2025,Houston,Big 12,54,225,185,36,49,10,2,4,33,6,4,28,37,0.265,0.387,0.405,0.793,75,4,9,3,0,1,,player.fcgi?id=lugo--002aar
Connor McGinnis*,22,2025,Houston,Big 12,31,132,105,34,36,14,1,4,25,7,0,18,23,0.343,0.45,0.61,1.06,64,2,5,1,3,0,,player.fcgi?id=mcginn001con
Xavier Perez,22,2025,Houston,Big 12,52,222,197,40,60,12,3,9,48,10,1,18,52,0.305,0.369,0.533,0.902,105,1,4,0,3,0,,player.fcgi?id=perez-000xav
Carsten Sabathia,21,2025,Houston,Big 12,27,96,81,14,19,5,0,2,18,1,1,13,18,0.235,0.333,0.37,0.704,30,1,0,0,2,1,,player.fcgi?id=sabath002car
Pip Smalley,21,2025,Houston,Big 12,15,23,19,1,4,0,0,0,3,0,0,3,7,0.211,0.348,0.211,0.558,4,0,1,0,0,0,,player.fcgi?id=smalle000pip
Jake Tatom,21,2025,Houston,Big 12,36,94,76,11,17,3,0,1,13,4,1,14,14,0.224,0.355,0.303,0.657,23,2,2,1,1,0,,player.fcgi?id=tatom-000jak
Irvin Weems,22,2025,Houston,Big 12,6,6,5,1,0,0,0,0,0,1,0,0,2,0,0.167,0,0.167,0,0,1,0,0,0,,player.fcgi?id=weems-000irv
Cary Arbolida,23,2024,Houston,Big 12,45,159,131,33,47,9,2,17,40,4,2,16,36,0.359,0.462,0.847,1.309,111,2,10,1,1,0,,player.fcgi?id=arboli000car
Anthony Avalos,19,2024,Houston,Big 12,13,22,20,8,5,1,0,1,6,0,0,0,7,0.25,0.273,0.45,0.723,9,0,1,0,1,0,,player.fcgi?id=avalos000ant
Conner Bennett,20,2024,Houston,Big 12,19,32,28,6,9,2,0,2,8,0,0,3,9,0.321,0.406,0.607,1.013,17,0,1,0,0,0,,player.fcgi?id=bennet002con
Harold Coll,22,2024,Houston,Big 12,54,236,208,37,66,20,0,13,55,13,5,23,45,0.317,0.394,0.601,0.995,125,4,4,0,1,1,,player.fcgi?id=coll--000har
Joey Craig,20,2024,Houston,Big 12,12,12,12,0,4,0,0,0,1,1,0,0,3,0.333,0.333,0.333,0.667,4,0,0,0,0,0,,player.fcgi?id=craig-002joe
Coby DeJesus,20,2024,Houston,Big 12,43,152,135,24,36,4,0,1,15,4,1,12,24,0.267,0.336,0.319,0.654,43,1,2,3,0,0,,player.fcgi?id=dejesu000cob
Jonathan French,23,2024,Houston,Big 12,50,173,139,32,35,10,0,10,30,2,1,27,49,0.252,0.386,0.54,0.926,75,5,4,2,1,1,,player.fcgi?id=french003jon
Kenneth Jimenez,22,2024,Houston,Big 12,45,146,105,20,31,4,0,3,16,2,2,27,21,0.295,0.476,0.419,0.895,44,0,11,1,2,0,,player.fcgi?id=jimene000ken
Tre Jones*,24,2024,Houston,Big 12,44,157,140,30,38,9,2,4,26,19,3,8,48,0.271,0.333,0.45,0.783,63,1,6,1,2,0,,player.fcgi?id=jones-009tre
Alex Lopez*,23,2024,Houston,Big 12,43,111,93,18,17,5,0,2,9,1,0,12,22,0.183,0.306,0.301,0.607,28,3,5,0,1,1,,player.fcgi?id=lopez-013ale
Thomas Lyssy*,20,2024,Houston,Big 12,27,48,36,8,6,1,0,0,4,1,0,9,5,0.167,0.326,0.194,0.521,7,0,0,2,1,0,,player.fcgi?id=lyssy-000tho
Tristan Moore*,22,2024,Houston,Big 12,7,11,8,3,1,0,0,1,2,0,0,3,2,0.125,0.364,0.5,0.864,4,0,0,0,0,0,,player.fcgi?id=moore-004tri
Justin Murray,25,2024,Houston,Big 12,54,247,212,49,69,11,1,7,40,9,4,30,44,0.326,0.419,0.486,0.905,103,6,4,1,0,2,,player.fcgi?id=murray002jus
Cameron Nickens,20,2024,Houston,Big 12,37,128,108,22,23,1,1,2,15,4,4,15,33,0.213,0.328,0.296,0.624,32,2,4,0,1,0,,player.fcgi?id=nicken000cam
Jake Rainess,24,2024,Houston,Big 12,29,106,93,15,22,4,1,3,15,8,1,7,41,0.237,0.321,0.398,0.719,37,0,5,0,1,1,,player.fcgi?id=raines000jak
Ace Reese*,19,2024,Houston,Big 12,48,195,162,33,45,8,4,7,34,5,4,29,37,0.278,0.395,0.506,0.901,82,4,3,0,1,1,,player.fcgi?id=reese-000ace
Hudson Sapp*,23,2024,Houston,Big 12,1,2,1,1,0,0,0,0,0,0,0,1,0,0,0.5,0,0.5,0,0,0,0,0,0,,player.fcgi?id=sapp--000hud
Jacob Schoenvogel*,22,2024,Houston,Big 12,36,80,62,12,13,5,1,2,12,3,2,14,17,0.21,0.364,0.419,0.783,26,1,1,3,0,0,,player.fcgi?id=schoen003jac
Anthony Tulimero,23,2024,Houston,Big 12,37,167,138,28,43,10,0,3,26,2,1,20,28,0.312,0.407,0.449,0.857,62,3,5,0,4,0,,player.fcgi?id=tulime000ant
TJ Adams,23,2026,Arizona,Big 12,29,51,39,6,7,0,0,1,7,3,0,6,14,0.18,0.306,0.256,0.563,10,0,2,2,2,0,,player.fcgi?id=adams-000tj-
Tyler Bickers,23,2026,Arizona,Big 12,10,44,33,4,6,0,0,0,3,0,0,9,11,0.182,0.386,0.182,0.568,6,0,2,0,0,0,,player.fcgi?id=bicker000tyl
Cash Brennan*,20,2026,Arizona,Big 12,29,108,97,15,27,3,0,1,11,5,2,6,37,0.278,0.333,0.34,0.674,33,0,2,3,0,0,,player.fcgi?id=brenna000cas
Easton Breyfogle*,21,2026,Arizona,Big 12,2,5,5,0,2,0,0,0,0,0,0,0,3,0.4,0.4,0.4,0.8,2,0,0,0,0,0,,player.fcgi?id=breyfo000eas
Andrew Cain*,21,2026,Arizona,Big 12,50,229,192,34,44,8,4,5,24,1,3,30,29,0.229,0.338,0.391,0.728,75,0,3,1,3,0,,player.fcgi?id=cain--002and
Caleb Danzeisen*,20,2026,Arizona,Big 12,44,185,147,24,34,6,2,2,15,3,0,35,43,0.231,0.384,0.34,0.724,50,4,2,0,1,1,,player.fcgi?id=danzei000cal
Jackson Forbes*,20,2026,Arizona,Big 12,32,117,101,18,25,3,1,4,22,5,2,9,34,0.248,0.321,0.416,0.737,42,1,2,5,0,0,,player.fcgi?id=forbes001jac
Joe Forbes,19,2026,Arizona,Big 12,6,16,15,1,3,0,0,1,1,0,0,1,8,0.2,0.25,0.4,0.65,6,0,0,0,0,0,,player.fcgi?id=forbes000joe
Tony Lira,20,2026,Arizona,Big 12,53,245,216,31,74,19,1,5,25,2,0,26,52,0.343,0.42,0.509,0.93,110,6,3,0,0,2,,player.fcgi?id=lira--000ton
Carson McEntire,21,2026,Arizona,Big 12,48,200,171,25,39,10,2,10,33,2,3,20,63,0.228,0.316,0.485,0.802,83,2,3,4,2,0,,player.fcgi?id=mcenti000car
Mathis Meurant,22,2026,Arizona,Big 12,38,141,125,12,27,8,0,2,15,6,0,8,39,0.216,0.279,0.328,0.607,41,2,4,1,3,0,,player.fcgi?id=meuran000mat
Roman Meyers,20,2026,Arizona,Big 12,25,84,70,13,15,3,0,3,17,0,1,10,32,0.214,0.345,0.386,0.731,27,0,4,0,0,0,,player.fcgi?id=meyers000rom
Maddox Mihalakis*,22,2026,Arizona,Big 12,50,224,199,27,42,9,3,2,30,1,1,17,51,0.211,0.277,0.317,0.593,63,3,3,0,5,0,,player.fcgi?id=mihala000mad
Nate Novitske*,20,2026,Arizona,Big 12,50,235,218,28,66,11,0,5,27,2,3,16,35,0.303,0.349,0.422,0.771,92,5,0,0,1,0,,player.fcgi?id=novits000nat
Dom Rodriguez,23,2026,Arizona,Big 12,16,38,33,5,5,2,0,2,5,0,0,0,12,0.152,0.211,0.394,0.604,13,0,3,0,2,0,,player.fcgi?id=rodrig005dom
Tyler Russell,20,2026,Arizona,Big 12,6,2,1,0,0,0,0,0,0,2,0,1,1,0,0.5,0,0.5,0,0,0,0,0,0,,player.fcgi?id=russel004tyl
Beau Sylvester,22,2026,Arizona,Big 12,40,171,155,27,51,10,2,3,15,2,0,9,31,0.329,0.392,0.477,0.869,74,5,7,0,0,1,,player.fcgi?id=sylves000bea
Gavin Triezenberg,19,2026,Arizona,Big 12,3,10,10,0,1,0,0,0,1,0,0,0,2,0.1,0.1,0.1,0.2,1,0,0,0,0,0,,player.fcgi?id=trieze000gav
TJ Adams,22,2025,Arizona,Big 12,32,76,60,13,10,5,1,0,7,2,2,12,22,0.167,0.301,0.283,0.585,17,1,0,3,1,0,,player.fcgi?id=adams-000tj-
Easton Breyfogle*,20,2025,Arizona,Big 12,53,199,172,27,42,5,5,5,31,2,1,15,50,0.244,0.32,0.419,0.738,72,2,6,2,4,0,,player.fcgi?id=breyfo000eas
Andrew Cain*,20,2025,Arizona,Big 12,49,180,154,30,38,13,3,6,22,0,0,20,35,0.247,0.35,0.487,0.837,75,1,5,0,1,0,,player.fcgi?id=cain--002and
Garen Caulfield,24,2025,Arizona,Big 12,63,284,244,36,64,12,3,8,45,2,1,31,50,0.262,0.349,0.434,0.783,106,5,4,0,5,0,,player.fcgi?id=caulfi000gar
Gunner Geile*,19,2025,Arizona,Big 12,27,71,64,7,14,4,1,0,9,1,0,2,22,0.219,0.282,0.313,0.594,20,1,4,0,1,0,,player.fcgi?id=geile-000gun
Ethan Guerra#,21,2025,Arizona,Big 12,1,2,1,1,1,0,0,0,0,0,0,1,0,1,1,1,2,1,0,0,0,0,0,,player.fcgi?id=guerra000eth
Adonys Guzman,21,2025,Arizona,Big 12,62,271,232,43,76,12,0,9,44,0,0,27,32,0.328,0.411,0.496,0.907,115,5,8,1,3,0,,player.fcgi?id=guzman000ado
Mathis Meurant,21,2025,Arizona,Big 12,33,115,102,16,25,6,2,2,15,0,0,6,35,0.245,0.295,0.402,0.697,41,0,2,3,2,0,,player.fcgi?id=meuran000mat
Maddox Mihalakis*,21,2025,Arizona,Big 12,63,275,240,36,67,13,3,5,37,6,5,26,56,0.279,0.354,0.421,0.775,101,4,4,1,4,0,,player.fcgi?id=mihala000mad
Richie Morales,23,2025,Arizona,Big 12,12,41,37,3,6,1,0,0,3,3,0,3,15,0.162,0.244,0.189,0.433,7,0,1,0,0,0,,player.fcgi?id=morale007ric
Dom Rodriguez,22,2025,Arizona,Big 12,17,26,24,4,5,2,0,0,1,0,0,1,8,0.208,0.269,0.292,0.561,7,0,1,0,0,0,,player.fcgi?id=rodrig005dom
Tommy Splaine,22,2025,Arizona,Big 12,62,255,215,40,64,13,2,5,25,0,1,24,55,0.298,0.39,0.447,0.836,96,1,11,1,4,0,,player.fcgi?id=splain000tom
Brendan Summerhill*,21,2025,Arizona,Big 12,44,207,169,35,58,12,6,4,34,11,8,36,24,0.343,0.459,0.556,1.015,94,3,1,0,1,1,,player.fcgi?id=summer003bre
Aaron Walton,21,2025,Arizona,Big 12,65,311,253,71,81,22,2,14,49,19,4,31,43,0.32,0.437,0.589,1.026,149,1,24,0,3,0,,player.fcgi?id=walton000aar
Mason White*,21,2025,Arizona,Big 12,65,302,257,63,84,17,8,20,73,4,1,25,65,0.327,0.412,0.689,1.101,177,0,15,1,4,1,,player.fcgi?id=white-002mas
Sam Ardoin,19,2024,Texas,Big 12,4,4,2,1,0,0,0,0,2,0,0,2,1,0,0.5,0,0.5,0,0,0,0,0,0,,player.fcgi?id=ardoin000sam
Max Belyeu*,20,2024,Texas,Big 12,59,249,210,50,69,15,1,18,53,3,2,27,44,0.329,0.423,0.667,1.09,140,3,9,1,2,1,,player.fcgi?id=belyeu000max
Casey Borba,20,2024,Texas,Big 12,34,101,82,13,21,7,0,4,17,0,0,7,26,0.256,0.371,0.488,0.859,40,2,8,4,0,0,,player.fcgi?id=borba-000cas
Porter Brown*,23,2024,Texas,Big 12,55,213,177,35,38,8,1,8,24,11,1,29,54,0.215,0.344,0.407,0.751,72,2,6,1,0,1,,player.fcgi?id=brown-000por
Cam Constantine,23,2024,Texas,Big 12,2,2,2,1,0,0,0,0,0,0,0,0,1,0,0,0,0,0,0,0,0,0,0,,player.fcgi?id=consta000cam
Casey Cummings,21,2024,Texas,Big 12,6,10,9,0,1,0,0,0,0,0,0,0,4,0.111,0.2,0.111,0.311,1,0,1,0,0,0,,player.fcgi?id=cummin000cas
Jayden Duplantier,20,2024,Texas,Big 12,13,16,9,5,1,0,0,0,3,0,1,3,2,0.111,0.375,0.111,0.486,1,0,2,0,2,0,,player.fcgi?id=duplan000jay
Tommy Farmer,20,2024,Texas,Big 12,16,26,20,4,4,0,0,0,3,0,0,4,10,0.2,0.385,0.2,0.585,4,0,2,0,0,0,,player.fcgi?id=farmer000tom
Jalin Flores,20,2024,Texas,Big 12,60,278,241,52,82,22,0,18,56,2,1,21,56,0.34,0.408,0.656,1.064,158,5,10,1,5,0,,player.fcgi?id=flores000jal
Rylan Galvan,21,2024,Texas,Big 12,53,207,174,36,50,14,0,8,37,3,1,27,58,0.287,0.392,0.506,0.898,88,3,3,3,0,0,,player.fcgi?id=galvan000ryl
Will Gasparino,19,2024,Texas,Big 12,59,231,210,38,53,13,1,12,47,2,1,11,76,0.252,0.3,0.495,0.795,104,1,4,4,2,0,,player.fcgi?id=gaspar002wil
Dee Kennedy,19,2024,Texas,Big 12,52,162,134,29,28,5,1,4,17,2,1,20,42,0.209,0.329,0.351,0.68,47,2,4,4,0,0,,player.fcgi?id=kenned004don
Jack O'Dowd*,23,2024,Texas,Big 12,44,128,111,11,23,7,0,5,19,0,1,9,25,0.207,0.272,0.405,0.677,45,0,2,3,3,0,,player.fcgi?id=odowd-000jac
Cade O'Hara,21,2024,Texas,Big 12,16,3,3,0,0,0,0,0,0,0,0,0,3,0,0,0,0,0,0,0,0,0,0,,player.fcgi?id=ohara-000cad
Peyton Powell*,23,2024,Texas,Big 12,60,283,239,41,76,11,1,9,44,2,2,34,34,0.318,0.406,0.485,0.891,116,6,4,2,4,0,,player.fcgi?id=powell000pey
Nik Sanders,19,2024,Texas,Big 12,9,19,18,2,1,0,0,0,1,0,0,1,8,0.056,0.105,0.056,0.161,1,0,0,0,0,0,,player.fcgi?id=sander001nik
Kimble Schuessler,22,2024,Texas,Big 12,53,211,178,44,61,14,1,10,30,0,0,24,30,0.343,0.42,0.601,1.021,107,4,1,6,2,1,,player.fcgi?id=schues000kim
Oliver Service,18,2024,Texas,Big 12,3,5,4,2,3,1,0,0,3,0,0,0,1,0.75,0.8,1,1.8,4,0,1,0,0,0,,player.fcgi?id=servic000oli
Jared Thomas*,20,2024,Texas,Big 12,60,291,249,61,87,15,4,16,47,18,0,31,60,0.349,0.435,0.635,1.069,158,1,8,1,2,1,,player.fcgi?id=thomas005jar
Seth Werchan*,23,2024,Texas,Big 12,6,5,4,2,0,0,0,0,1,0,0,0,2,0,0,0,0,0,0,0,1,0,0,,player.fcgi?id=wercha000set
Ace Whitehead*,22,2024,Texas,Big 12,16,0,0,1,0,0,0,0,0,0,0,0,0,,,,,0,0,0,0,0,0,,player.fcgi?id=whiteh000ace
Max Belyeu*,19,2023,Texas,Big 12,15,21,20,3,6,1,0,0,2,0,0,1,8,0.3,0.333,0.35,0.683,7,1,0,0,0,0,,player.fcgi?id=belyeu000max
Porter Brown*,22,2023,Texas,Big 12,64,283,235,46,76,14,1,12,59,11,4,40,55,0.323,0.426,0.545,0.97,128,3,4,1,3,3,,player.fcgi?id=brown-000por
Dylan Campbell,20,2023,Texas,Big 12,64,292,242,65,82,19,3,13,50,26,3,39,43,0.339,0.436,0.603,1.039,146,1,5,3,3,3,,player.fcgi?id=campbe001dyl
Tanner Carlson,22,2023,Texas,Big 12,32,80,62,17,19,4,0,2,14,0,0,7,13,0.307,0.408,0.468,0.876,29,0,5,4,2,0,,player.fcgi?id=carlso000tan
Cam Constantine,22,2023,Texas,Big 12,17,26,20,4,4,1,0,1,2,1,0,5,8,0.2,0.346,0.4,0.746,8,0,0,0,1,0,,player.fcgi?id=consta000cam
Mitchell Daly,22,2023,Texas,Big 12,61,222,186,29,43,9,1,7,22,4,3,27,48,0.231,0.323,0.403,0.726,75,4,0,5,4,0,,player.fcgi?id=daly--000mit
Jayden Duplantier,19,2023,Texas,Big 12,34,50,43,12,11,3,0,0,7,0,1,5,9,0.256,0.347,0.326,0.673,14,0,1,1,0,0,,player.fcgi?id=duplan000jay
Jalin Flores,19,2023,Texas,Big 12,45,123,103,19,18,2,0,4,23,0,0,15,37,0.175,0.293,0.311,0.603,32,1,3,0,2,0,,player.fcgi?id=flores000jal
Rylan Galvan,20,2023,Texas,Big 12,34,102,84,18,19,1,1,4,19,1,0,16,37,0.226,0.356,0.405,0.761,34,0,1,1,0,0,,player.fcgi?id=galvan000ryl
Garret Guillemette,21,2023,Texas,Big 12,64,270,218,43,65,18,1,11,60,0,1,34,52,0.298,0.401,0.541,0.942,118,5,8,3,7,0,,player.fcgi?id=guille000gar
Preston Hoffart,23,2023,Texas,Big 12,5,5,2,1,0,0,0,0,1,0,0,2,0,0,0.4,0,0.4,0,0,0,0,1,0,,player.fcgi?id=hoffar000pre
Eric Kennedy*,23,2023,Texas,Big 12,63,281,245,57,75,14,2,17,47,9,3,18,58,0.306,0.378,0.588,0.966,144,1,11,6,1,0,,player.fcgi?id=kenned000eri
Jack O'Dowd*,22,2023,Texas,Big 12,64,254,222,34,63,13,2,6,37,1,0,23,43,0.284,0.353,0.441,0.795,98,6,2,5,2,1,,player.fcgi?id=odowd-000jac
Cade O'Hara,20,2023,Texas,Big 12,12,9,7,1,0,0,0,0,2,0,0,1,4,0,0.111,0,0.111,0,0,0,0,1,0,,player.fcgi?id=ohara-000cad
Peyton Powell*,22,2023,Texas,Big 12,63,269,230,52,78,16,1,10,46,2,1,37,42,0.339,0.431,0.548,0.979,126,1,1,0,1,0,,player.fcgi?id=powell000pey
Jared Thomas*,19,2023,Texas,Big 12,64,250,215,54,69,15,4,4,29,10,6,27,38,0.321,0.398,0.484,0.881,104,1,1,6,1,0,,player.fcgi?id=thomas005jar
Ace Whitehead*,21,2023,Texas,Big 12,34,25,18,2,2,0,0,0,7,3,0,5,7,0.111,0.292,0.111,0.403,2,0,0,1,1,0,,player.fcgi?id=whiteh000ace
Silas Ardoin,21,2022,Texas,Big 12,69,296,240,48,65,20,1,12,50,1,0,39,46,0.271,0.391,0.513,0.904,123,6,11,2,4,0,,player.fcgi?id=ardoin000sil
Dylan Campbell,19,2022,Texas,Big 12,65,211,176,40,47,8,1,10,29,14,3,29,36,0.267,0.37,0.494,0.864,87,3,2,0,4,0,,player.fcgi?id=campbe001dyl
Cam Constantine,21,2022,Texas,Big 12,10,9,7,0,0,0,0,0,1,0,0,0,4,0,0.111,0,0.111,0,0,1,0,1,0,,player.fcgi?id=consta000cam
Mitchell Daly,21,2022,Texas,Big 12,67,259,207,34,49,13,1,4,37,4,2,32,47,0.237,0.351,0.367,0.718,76,5,7,8,5,0,,player.fcgi?id=daly--000mit
Cam Dayton*,21,2022,Texas,Big 12,5,2,2,0,0,0,0,0,0,0,0,0,1,0,0,0,0,0,0,0,0,0,0,,player.fcgi?id=dayton000cam
Trey Faltine,21,2022,Texas,Big 12,69,292,241,60,68,18,1,15,56,6,1,33,104,0.282,0.393,0.552,0.945,133,1,13,2,3,1,,player.fcgi?id=faltin000san
Douglas Hodo,21,2022,Texas,Big 12,69,340,282,73,90,26,2,10,47,9,4,42,74,0.319,0.418,0.532,0.95,150,1,8,5,3,0,,player.fcgi?id=hodo--000dou
Gavin Kash*,19,2022,Texas,Big 12,16,26,23,1,4,1,0,0,0,0,0,1,9,0.174,0.269,0.217,0.487,5,0,2,0,0,0,,player.fcgi?id=kash--000gav
Eric Kennedy*,22,2022,Texas,Big 12,45,202,170,42,51,6,1,7,29,10,1,20,31,0.3,0.386,0.471,0.856,80,3,5,5,2,0,,player.fcgi?id=kenned000eri
Ivan Melendez,22,2022,Texas,Big 12,67,315,248,75,96,18,2,32,94,1,0,52,51,0.387,0.508,0.863,1.371,214,6,12,0,3,7,,player.fcgi?id=melend000iva
Skyler Messinger,23,2022,Texas,Big 12,67,283,250,46,91,14,1,11,59,1,0,18,58,0.364,0.414,0.56,0.974,140,3,6,5,4,0,,player.fcgi?id=messin000sky
Jack O'Dowd*,21,2022,Texas,Big 12,21,47,39,8,9,0,0,1,5,0,0,6,6,0.231,0.348,0.308,0.656,12,2,1,1,0,0,,player.fcgi?id=odowd-000jac
Peyton Powell*,21,2022,Texas,Big 12,6,9,8,0,2,0,0,0,0,0,0,1,4,0.25,0.333,0.25,0.583,2,0,0,0,0,0,,player.fcgi?id=powell000pey
Kimble Schuessler,20,2022,Texas,Big 12,17,24,20,3,7,0,0,1,4,0,1,3,6,0.35,0.435,0.5,0.935,10,0,0,1,0,0,,player.fcgi?id=schues000kim
Murphy Stehly,23,2022,Texas,Big 12,68,312,278,65,102,23,1,19,61,8,2,17,43,0.367,0.424,0.662,1.086,184,5,13,1,3,0,,player.fcgi?id=stehly000mur
Austin Todd,24,2022,Texas,Big 12,51,221,187,38,62,8,1,6,31,1,1,23,20,0.332,0.407,0.481,0.889,90,2,3,5,3,1,,player.fcgi?id=todd--001aus
Ace Whitehead*,20,2022,Texas,Big 12,25,21,18,8,10,2,0,0,2,0,1,3,5,0.556,0.619,0.667,1.286,12,0,0,0,0,0,,player.fcgi?id=whiteh000ace
Mike Antico*,23,2021,Texas,Big 12,66,310,231,69,63,16,2,10,47,41,5,63,43,0.273,0.437,0.489,0.926,113,,8,3,5,1,,player.fcgi?id=antico000mik
Silas Ardoin,20,2021,Texas,Big 12,60,238,184,30,44,9,1,1,33,1,1,43,50,0.239,0.389,0.315,0.704,58,,4,4,3,0,,player.fcgi?id=ardoin000sil
Dylan Campbell,18,2021,Texas,Big 12,32,61,53,10,10,3,0,1,7,2,0,5,9,0.189,0.262,0.302,0.564,16,,1,0,2,0,,player.fcgi?id=campbe001dyl
Cam Constantine,20,2021,Texas,Big 12,1,1,1,0,0,0,0,0,0,0,0,0,1,0,0,0,0,0,,0,0,0,0,,player.fcgi?id=consta000cam
Mitchell Daly,20,2021,Texas,Big 12,61,256,209,35,66,15,0,2,31,8,5,31,41,0.316,0.413,0.416,0.829,87,,5,9,2,0,,player.fcgi?id=daly--000mit
Trey Faltine,20,2021,Texas,Big 12,66,272,217,51,54,18,0,5,37,7,3,35,72,0.249,0.374,0.401,0.775,87,,10,7,3,1,,player.fcgi?id=faltin000san
Lance Ford*,21,2021,Texas,Big 12,20,14,10,6,1,0,0,0,0,0,0,4,0,0.1,0.357,0.1,0.457,1,,0,0,0,0,,player.fcgi?id=ford--000lan
Peter Geib,21,2021,Texas,Big 12,5,4,1,3,1,0,0,1,3,0,0,3,0,1,1,4,5,4,,0,0,0,0,,player.fcgi?id=geib--000pet
Douglas Hodo,20,2021,Texas,Big 12,64,279,221,52,62,9,1,5,44,6,3,32,61,0.281,0.384,0.398,0.783,88,,9,11,6,0,,player.fcgi?id=hodo--000dou
Eric Kennedy*,21,2021,Texas,Big 12,65,273,233,42,59,7,2,4,27,18,4,21,58,0.253,0.333,0.352,0.685,82,,8,9,2,0,,player.fcgi?id=kenned000eri
Ivan Melendez,21,2021,Texas,Big 12,59,249,204,38,65,13,3,13,51,1,0,34,65,0.319,0.438,0.603,1.041,123,,10,0,1,1,,player.fcgi?id=melend000iva
Caston Peter,21,2021,Texas,Big 12,2,1,0,0,0,0,0,0,0,0,0,1,0,,1,,,0,,0,0,0,0,,player.fcgi?id=peter-000cas
D.J. Petrinsky,24,2021,Texas,Big 12,33,80,66,8,16,3,0,1,11,0,0,11,19,0.242,0.363,0.333,0.696,22,,2,0,1,0,,player.fcgi?id=petrin000dj-
Dalton Porter*,20,2021,Texas,Big 12,17,23,19,3,5,0,0,1,3,0,0,3,5,0.263,0.391,0.421,0.812,8,,1,0,0,0,,player.fcgi?id=porter003dal
Peyton Powell*,20,2021,Texas,Big 12,9,12,11,4,3,0,0,1,2,0,0,1,1,0.273,0.333,0.546,0.879,6,,0,0,0,0,,player.fcgi?id=powell000pey
Murphy Stehly,22,2021,Texas,Big 12,29,62,51,8,15,2,1,0,7,2,0,7,18,0.294,0.383,0.373,0.756,19,,1,2,1,0,,player.fcgi?id=stehly000mur
Austin Todd,23,2021,Texas,Big 12,6,26,24,1,7,0,0,0,2,0,1,2,6,0.292,0.346,0.292,0.638,7,,0,0,0,0,,player.fcgi?id=todd--001aus
Cam Williams#,23,2021,Texas,Big 12,61,259,207,42,61,20,1,12,51,4,0,33,57,0.295,0.415,0.575,0.99,119,,11,6,2,0,,player.fcgi?id=willia001cam
Tanner Witt,18,2021,Texas,Big 12,34,14,13,3,3,0,0,0,0,0,0,1,5,0.231,0.286,0.231,0.517,3,,0,0,0,0,,player.fcgi?id=witt--001tan
Zach Zubia,23,2021,Texas,Big 12,66,289,231,45,66,11,3,11,61,2,1,49,67,0.286,0.412,0.502,0.914,116,,4,0,5,2,,player.fcgi?id=zubia-000zac
Silas Ardoin,19,2020,Texas,Big 12,11,36,29,7,7,1,0,0,4,0,0,5,5,0.241,0.371,0.276,0.647,8,,1,1,0,0,,player.fcgi?id=ardoin000sil
Brenden Dixon,19,2020,Texas,Big 12,14,35,31,2,2,0,0,1,3,0,1,3,11,0.065,0.147,0.161,0.308,5,,0,1,0,0,,player.fcgi?id=dixon-002bre
Andre Duplantier,19,2020,Texas,Big 12,10,8,7,1,0,0,0,0,0,0,0,1,3,0,0.125,0,0.125,0,,0,0,0,0,,player.fcgi?id=duplan000and
Duke Ellis*,22,2020,Texas,Big 12,17,71,53,11,16,2,1,0,1,7,0,12,15,0.302,0.441,0.377,0.819,20,,2,3,1,0,,player.fcgi?id=ellis-000duk
Trey Faltine,19,2020,Texas,Big 12,17,69,58,12,15,3,0,1,7,2,1,6,11,0.259,0.343,0.362,0.705,21,,2,2,1,0,,player.fcgi?id=faltin000san
Lance Ford*,20,2020,Texas,Big 12,4,6,2,1,0,0,0,0,0,0,0,4,1,0,0.667,0,0.667,0,,0,0,0,0,,player.fcgi?id=ford--000lan
Douglas Hodo,19,2020,Texas,Big 12,16,46,34,7,5,0,0,1,4,2,0,12,18,0.147,0.37,0.235,0.605,8,,0,0,0,0,,player.fcgi?id=hodo--000dou
Eric Kennedy*,20,2020,Texas,Big 12,17,71,59,11,17,1,0,1,13,8,0,9,12,0.288,0.38,0.356,0.736,21,,1,0,2,0,,player.fcgi?id=kenned000eri
D.J. Petrinsky,23,2020,Texas,Big 12,14,50,45,5,8,2,0,2,5,0,0,4,8,0.178,0.24,0.356,0.596,16,,0,0,1,0,,player.fcgi?id=petrin000dj-
Peyton Powell*,19,2020,Texas,Big 12,6,15,11,5,4,3,0,1,2,1,0,4,2,0.364,0.533,0.909,1.442,10,,0,0,0,0,,player.fcgi?id=powell000pey
Murphy Stehly,21,2020,Texas,Big 12,13,43,39,7,10,4,0,1,10,1,0,1,8,0.256,0.286,0.436,0.722,17,,1,1,1,0,,player.fcgi?id=stehly000mur
Austin Todd,22,2020,Texas,Big 12,17,79,72,14,27,4,1,1,15,2,2,5,12,0.375,0.43,0.5,0.93,36,,2,0,0,0,,player.fcgi?id=todd--001aus
Cam Williams#,22,2020,Texas,Big 12,12,48,40,9,10,2,0,1,9,0,0,6,12,0.25,0.362,0.375,0.737,15,,1,1,0,0,,player.fcgi?id=willia001cam
Zach Zubia,22,2020,Texas,Big 12,17,73,59,8,17,3,0,3,21,0,1,7,14,0.288,0.356,0.492,0.848,29,,2,0,5,0,,player.fcgi?id=zubia-000zac
Sam Bertelson*,--,2019,Texas,Big 12,28,57,48,7,12,2,1,0,4,1,0,8,23,0.25,0.368,0.333,0.702,16,,1,0,0,0,,player.fcgi?id=bertel000sam
Duke Ellis*,21,2019,Texas,Big 12,54,242,188,42,50,7,1,1,15,17,0,45,60,0.266,0.411,0.33,0.741,62,,2,6,1,0,,player.fcgi?id=ellis-000duk
Kamron Fields,20,2019,Texas,Big 12,32,17,14,3,2,0,0,0,0,1,0,1,6,0.143,0.2,0.143,0.343,2,,0,2,0,0,,player.fcgi?id=fields000kam
Lance Ford*,19,2019,Texas,Big 12,48,167,141,26,36,4,0,2,19,1,2,18,29,0.255,0.354,0.326,0.68,46,,4,3,1,0,,player.fcgi?id=ford--000lan
Turner Gauntt?,--,2019,Texas,Big 12,2,4,4,1,1,0,0,0,0,0,0,0,2,0.25,0.25,0.25,0.5,1,,0,0,0,0,,player.fcgi?id=gauntt000tur
Peter Geib,19,2019,Texas,Big 12,15,28,25,1,2,0,0,0,0,0,0,3,13,0.08,0.179,0.08,0.259,2,,0,0,0,0,,player.fcgi?id=geib--000pet
Masen Hibbeler,22,2019,Texas,Big 12,53,202,176,28,42,3,0,3,18,3,2,23,38,0.239,0.323,0.307,0.63,54,,0,1,2,0,,player.fcgi?id=hibbel000mas
Eric Kennedy*,19,2019,Texas,Big 12,49,214,184,41,57,8,3,2,28,9,2,21,23,0.31,0.382,0.419,0.8,77,,1,7,1,0,,player.fcgi?id=kenned000eri
Mike McCann,23,2019,Texas,Big 12,50,164,132,22,28,7,0,2,16,1,0,16,32,0.212,0.314,0.311,0.625,41,,5,8,3,0,,player.fcgi?id=mccann002mic
Caston Peter,19,2019,Texas,Big 12,17,39,34,5,6,1,0,2,9,0,0,3,12,0.177,0.243,0.382,0.626,13,,0,2,0,0,,player.fcgi?id=peter-000cas
D.J. Petrinsky,22,2019,Texas,Big 12,11,42,39,4,10,3,1,0,5,2,0,3,7,0.256,0.31,0.385,0.694,15,,0,0,0,0,,player.fcgi?id=petrin000dj-
Bryce Reagan?,--,2019,Texas,Big 12,30,68,59,13,13,2,0,1,5,2,0,9,28,0.22,0.324,0.305,0.629,18,,0,0,0,0,,player.fcgi?id=reagan000bry
Ryan Reynolds#,21,2019,Texas,Big 12,54,224,184,24,50,11,0,4,32,0,3,30,30,0.272,0.394,0.397,0.79,73,,7,3,0,0,,player.fcgi?id=reynol002rya
Tate Shaw,23,2019,Texas,Big 12,48,170,138,18,32,7,0,2,30,5,2,19,40,0.232,0.351,0.326,0.677,45,,8,2,3,1,,player.fcgi?id=shaw--000tat
Bryson Smith,22,2019,Texas,Big 12,5,5,3,0,0,0,0,0,0,0,0,1,2,0,0.4,0,0.4,0,,1,0,0,0,,player.fcgi?id=smith-009bry
Austin Todd,21,2019,Texas,Big 12,52,229,195,35,50,10,2,3,38,7,2,26,23,0.256,0.344,0.374,0.718,73,,1,5,2,0,,player.fcgi?id=todd--001aus
Zach Zubia,21,2019,Texas,Big 12,53,208,163,17,41,10,0,5,35,0,0,38,43,0.252,0.385,0.405,0.79,66,,1,0,6,1,,player.fcgi?id=zubia-000zac
Joe Baker,22,2018,Texas,Big 12,8,9,6,3,2,0,0,0,1,0,1,2,1,0.333,0.5,0.333,0.833,2,,0,1,0,0,,player.fcgi?id=baker-000joe
Sam Bertelson*,--,2018,Texas,Big 12,11,16,13,1,0,0,0,0,0,0,0,3,8,0,0.188,0,0.188,0,,0,0,0,0,,player.fcgi?id=bertel000sam
Kody Clemens*,22,2018,Texas,Big 12,65,296,248,58,87,15,3,24,72,5,3,41,50,0.351,0.444,0.726,1.17,180,,2,3,2,4,,player.fcgi?id=clemen000kod
Duke Ellis*,20,2018,Texas,Big 12,63,250,201,39,58,4,3,1,27,16,2,35,55,0.289,0.398,0.353,0.751,71,,4,6,4,0,,player.fcgi?id=ellis-000duk
Kamron Fields,19,2018,Texas,Big 12,28,16,12,4,0,0,0,0,0,0,1,3,4,0,0.25,0,0.25,0,,1,0,0,0,,player.fcgi?id=fields000kam
David Hamilton*,20,2018,Texas,Big 12,63,275,220,44,64,7,6,5,37,31,7,43,40,0.291,0.404,0.446,0.849,98,,2,5,5,0,,player.fcgi?id=hamilt004dav
Masen Hibbeler,21,2018,Texas,Big 12,65,301,249,52,65,15,2,4,30,13,2,35,62,0.261,0.357,0.386,0.743,96,,5,7,5,0,,player.fcgi?id=hibbel000mas
Mike McCann,22,2018,Texas,Big 12,30,60,49,11,13,2,0,1,4,1,0,8,15,0.265,0.383,0.367,0.751,18,,2,0,1,0,,player.fcgi?id=mccann002mic
Andy McGuire,23,2018,Texas,Big 12,42,48,39,9,10,3,0,2,11,1,0,7,9,0.256,0.375,0.487,0.862,19,,1,0,1,0,,player.fcgi?id=mcguir000and
Jake McKenzie,--,2018,Texas,Big 12,54,187,151,19,38,9,0,0,14,1,0,17,30,0.252,0.341,0.311,0.652,47,,4,14,1,0,,player.fcgi?id=mckenz000jak
George Pappas,--,2018,Texas,Big 12,4,4,2,0,1,0,0,0,0,0,0,2,1,0.5,0.75,0.5,1.25,1,,0,0,0,0,,player.fcgi?id=pappas000geo
D.J. Petrinsky,21,2018,Texas,Big 12,61,240,210,35,54,10,2,9,29,1,1,22,35,0.257,0.34,0.452,0.793,95,,5,2,1,0,,player.fcgi?id=petrin000dj-
Ryan Reynolds#,20,2018,Texas,Big 12,65,270,227,24,56,16,0,4,37,1,1,20,59,0.247,0.351,0.37,0.721,84,,18,2,3,0,,player.fcgi?id=reynol002rya
Tate Shaw,22,2018,Texas,Big 12,64,252,206,38,52,13,5,0,22,5,4,23,44,0.252,0.355,0.364,0.719,75,,12,7,4,0,,player.fcgi?id=shaw--000tat
Austin Todd,20,2018,Texas,Big 12,34,94,73,13,16,3,0,1,13,3,0,12,18,0.219,0.352,0.301,0.653,22,,4,3,2,0,,player.fcgi?id=todd--001aus
Zach Zubia,20,2018,Texas,Big 12,65,275,222,30,61,14,1,11,45,1,0,46,66,0.275,0.407,0.496,0.903,110,,5,0,2,1,,player.fcgi?id=zubia-000zac
Joe Baker,21,2017,Texas,Big 12,7,13,12,3,3,0,0,0,1,0,0,0,5,0.25,0.25,0.25,0.5,3,,0,1,0,0,,player.fcgi?id=baker-000joe
Bret Boswell*,22,2017,Texas,Big 12,61,241,198,34,54,13,0,7,33,5,2,34,39,0.273,0.384,0.444,0.828,88,,3,4,2,1,,player.fcgi?id=boswel000bre
Trace Bucey*,19,2017,Texas,Big 12,8,21,18,2,4,1,0,0,3,0,0,2,6,0.222,0.286,0.278,0.564,5,,0,0,1,0,,player.fcgi?id=bucey-000tra
Michael Cantu,21,2017,Texas,Big 12,48,134,117,14,26,5,0,6,17,0,0,14,39,0.222,0.308,0.419,0.727,49,,1,1,1,0,,player.fcgi?id=cantu-002mic
Kacy Clemens*,22,2017,Texas,Big 12,62,268,220,48,67,14,0,12,49,10,1,40,50,0.305,0.414,0.532,0.946,117,,4,0,4,1,,player.fcgi?id=clemen000kac
Kody Clemens*,21,2017,Texas,Big 12,54,211,170,21,41,6,0,5,23,2,0,29,32,0.241,0.356,0.365,0.721,62,,3,6,3,1,,player.fcgi?id=clemen000kod
Zane Gurwitz,22,2017,Texas,Big 12,40,146,131,18,40,3,0,3,14,4,2,10,22,0.305,0.366,0.397,0.762,52,,3,1,1,0,,player.fcgi?id=gurwit000zan
David Hamilton*,19,2017,Texas,Big 12,62,248,202,30,44,11,2,0,20,14,2,25,34,0.218,0.305,0.292,0.598,59,,4,9,8,0,,player.fcgi?id=hamilt004dav
Travis Jones,21,2017,Texas,Big 12,63,272,217,40,55,18,1,4,32,14,4,36,52,0.254,0.393,0.401,0.794,87,,15,2,2,0,,player.fcgi?id=jones-005tra
Patrick Mathis*,21,2017,Texas,Big 12,46,171,139,23,34,5,0,7,19,6,2,28,42,0.245,0.377,0.432,0.808,60,,2,1,1,1,,player.fcgi?id=mathis000pat
Mike McCann,21,2017,Texas,Big 12,43,130,112,12,30,4,1,0,16,4,0,12,26,0.268,0.347,0.321,0.668,36,,2,3,1,0,,player.fcgi?id=mccann002mic
Jake McKenzie,--,2017,Texas,Big 12,20,17,14,1,2,1,0,0,2,0,0,2,3,0.143,0.294,0.214,0.508,3,,1,0,0,0,,player.fcgi?id=mckenz000jak
Tyler Rand,21,2017,Texas,Big 12,35,33,28,11,4,1,0,0,3,5,1,4,8,0.143,0.242,0.179,0.421,5,,0,0,1,0,,player.fcgi?id=rand--000tyl
Ryan Reynolds#,19,2017,Texas,Big 12,60,239,193,22,41,11,0,5,25,1,1,34,64,0.212,0.346,0.347,0.693,67,,6,5,1,0,,player.fcgi?id=reynol002rya
Tate Shaw,21,2017,Texas,Big 12,37,112,92,17,22,6,0,2,14,3,3,11,18,0.239,0.358,0.37,0.727,34,,6,3,0,0,,player.fcgi?id=shaw--000tat
Andres Sosa,19,2017,Texas,Big 12,11,12,10,1,1,0,0,0,0,0,0,2,3,0.1,0.25,0.1,0.35,1,,0,0,0,0,,player.fcgi?id=sosa--000and
Austin Todd,19,2017,Texas,Big 12,48,170,145,24,40,7,1,1,19,2,1,20,25,0.276,0.359,0.359,0.718,52,,0,3,2,0,,player.fcgi?id=todd--001aus
Joe Baker,20,2016,Texas,Big 12,33,131,110,19,27,7,0,1,16,7,2,9,26,0.246,0.325,0.336,0.662,37,,5,5,2,1,,player.fcgi?id=baker-000joe
Tres Barrera,21,2016,Texas,Big 12,57,253,211,35,61,17,0,6,37,3,2,28,54,0.289,0.379,0.455,0.834,96,,5,5,4,0,,player.fcgi?id=barrer000tre
James Barton?,--,2016,Texas,Big 12,1,1,1,0,0,0,0,0,0,0,0,0,0,0,0,0,0,0,,0,0,0,0,,player.fcgi?id=barton003jam
Bret Boswell*,21,2016,Texas,Big 12,44,165,141,19,34,10,3,2,20,1,2,12,38,0.241,0.303,0.397,0.7,56,,1,10,1,0,,player.fcgi?id=boswel000bre
Michael Cantu,20,2016,Texas,Big 12,40,143,117,13,25,7,0,0,8,0,0,21,32,0.214,0.331,0.274,0.604,32,,0,4,1,0,,player.fcgi?id=cantu-002mic
Kacy Clemens*,21,2016,Texas,Big 12,57,232,185,40,56,14,1,5,31,0,1,35,40,0.303,0.418,0.47,0.888,87,,3,7,2,1,,player.fcgi?id=clemen000kac
Kody Clemens*,20,2016,Texas,Big 12,57,247,215,32,52,10,3,5,28,4,1,16,44,0.242,0.306,0.386,0.692,83,,4,12,0,1,,player.fcgi?id=clemen000kod
Kaleb Denny?,--,2016,Texas,Big 12,11,38,30,5,8,0,0,0,3,0,0,4,9,0.267,0.361,0.267,0.628,8,,1,2,1,0,,player.fcgi?id=denny-000kal
Zane Gurwitz,21,2016,Texas,Big 12,57,245,214,35,63,14,2,5,36,3,5,17,35,0.294,0.352,0.449,0.8,96,,3,9,2,0,,player.fcgi?id=gurwit000zan
Brady Harlan*,19,2016,Texas,Big 12,22,62,52,3,12,1,0,0,7,0,0,5,19,0.231,0.305,0.25,0.555,13,,1,3,1,0,,player.fcgi?id=harlan000bra
Travis Jones,20,2016,Texas,Big 12,50,222,180,36,54,7,2,3,22,7,3,24,42,0.3,0.395,0.411,0.806,74,,7,7,4,0,,player.fcgi?id=jones-005tra
Ben Kennedy?,--,2016,Texas,Big 12,11,16,15,1,1,0,0,0,0,0,0,1,6,0.067,0.125,0.067,0.192,1,,0,0,0,0,,player.fcgi?id=kenned003ben
Patrick Mathis*,20,2016,Texas,Big 12,50,201,172,27,51,9,2,6,35,4,2,24,47,0.297,0.379,0.477,0.856,82,,0,3,2,1,,player.fcgi?id=mathis000pat
Jake McKenzie,--,2016,Texas,Big 12,38,112,97,14,23,3,0,0,12,1,0,9,17,0.237,0.324,0.268,0.592,26,,4,1,1,0,,player.fcgi?id=mckenz000jak
Tyler Rand,20,2016,Texas,Big 12,43,152,132,15,35,6,0,1,17,14,1,10,29,0.265,0.324,0.333,0.657,44,,2,7,1,0,,player.fcgi?id=rand--000tyl
Tate Shaw,20,2016,Texas,Big 12,9,1,1,4,0,0,0,0,0,1,0,0,0,0,0,0,0,0,,0,0,0,0,,player.fcgi?id=shaw--000tat
Joe Baker,19,2015,Texas,Big 12,37,149,126,16,37,6,0,1,13,5,1,9,29,0.294,0.377,0.365,0.742,46,,9,3,2,0,,player.fcgi?id=baker-000joe
Tres Barrera,20,2015,Texas,Big 12,57,258,212,38,61,8,3,9,34,0,0,33,39,0.288,0.395,0.481,0.876,102,,6,5,2,4,,player.fcgi?id=barrer000tre
Bret Boswell*,20,2015,Texas,Big 12,52,217,178,24,45,9,1,2,20,0,0,32,59,0.253,0.376,0.348,0.724,62,,3,4,0,0,,player.fcgi?id=boswel000bre
Michael Cantu,19,2015,Texas,Big 12,52,222,185,24,46,8,0,1,20,0,1,33,45,0.249,0.362,0.308,0.671,57,,0,4,0,0,,player.fcgi?id=cantu-002mic
Kacy Clemens*,20,2015,Texas,Big 12,30,63,49,4,10,0,0,0,0,0,0,9,12,0.204,0.339,0.204,0.543,10,,1,4,0,0,,player.fcgi?id=clemen000kac
Zane Gurwitz,20,2015,Texas,Big 12,54,220,177,32,46,6,3,4,24,6,4,27,34,0.26,0.365,0.396,0.761,70,,3,12,1,0,,player.fcgi?id=gurwit000zan
C.J. Hinojosa,20,2015,Texas,Big 12,54,245,211,26,51,9,2,7,30,4,3,23,25,0.242,0.321,0.403,0.724,85,,3,5,3,1,,player.fcgi?id=hinojo001cj-
Ben Johnson,21,2015,Texas,Big 12,56,273,241,38,80,11,7,5,32,16,4,13,39,0.332,0.393,0.498,0.891,120,,13,3,3,3,,player.fcgi?id=johnso005ben
Travis Jones,19,2015,Texas,Big 12,15,24,18,2,2,0,0,0,0,0,0,4,8,0.111,0.304,0.111,0.415,2,,1,1,0,0,,player.fcgi?id=jones-005tra
Ben Kennedy?,--,2015,Texas,Big 12,1,1,1,0,0,0,0,0,0,0,0,0,1,0,0,0,0,0,,0,0,0,0,,player.fcgi?id=kenned003ben
Connor Macalla*,--,2015,Texas,Big 12,9,17,12,0,0,0,0,0,1,0,0,4,3,0,0.235,0,0.235,0,,0,0,1,0,,player.fcgi?id=macall000con
Brooks Marlow*,22,2015,Texas,Big 12,55,251,215,20,54,8,1,6,24,0,0,21,45,0.251,0.322,0.381,0.704,82,,2,12,1,1,,player.fcgi?id=marlow000bro
Ty Marlow,23,2015,Texas,Big 12,12,2,2,0,1,0,0,0,0,0,0,0,1,0.5,0.5,0.5,1,1,,0,0,0,0,,player.fcgi?id=marlow000ty-
Grant Martin?,--,2015,Texas,Big 12,1,2,2,0,0,0,0,0,0,0,0,0,2,0,0,0,0,0,,0,0,0,0,,player.fcgi?id=martin001gra
Patrick Mathis*,19,2015,Texas,Big 12,12,18,16,3,1,0,0,0,1,1,0,2,7,0.063,0.167,0.063,0.229,1,,0,0,0,0,,player.fcgi?id=mathis000pat
Mike McCann,19,2015,Texas,Big 12,5,19,19,2,4,2,0,0,1,0,0,0,8,0.211,0.211,0.316,0.526,6,,0,0,0,0,,player.fcgi?id=mccann002mic
Jake McKenzie,--,2015,Texas,Big 12,20,14,10,2,3,0,0,0,4,0,0,3,1,0.3,0.462,0.3,0.762,3,,0,1,0,0,,player.fcgi?id=mckenz000jak
Collin Shaw*,22,2015,Texas,Big 12,57,263,226,25,55,19,2,5,32,8,8,16,56,0.243,0.312,0.412,0.724,93,,7,13,1,2,,player.fcgi?id=shaw--000col
Taylor Stell,22,2015,Texas,Big 12,25,50,43,9,7,1,0,1,7,1,0,3,10,0.163,0.229,0.256,0.485,11,,1,2,1,0,,player.fcgi?id=stell-000tay
Tres Barrera,19,2014,Texas,Big 12,65,274,241,32,63,13,3,5,35,0,0,21,41,0.261,0.337,0.403,0.74,97,,7,4,1,0,,player.fcgi?id=barrer000tre
Madison Carter,22,2014,Texas,Big 12,42,147,118,27,38,6,0,1,12,3,2,13,23,0.322,0.394,0.398,0.792,47,,1,15,0,0,,player.fcgi?id=carter000mad
Kacy Clemens*,19,2014,Texas,Big 12,65,254,208,20,44,4,0,1,21,0,0,37,50,0.212,0.331,0.245,0.576,51,,0,9,0,0,,player.fcgi?id=clemen000kac
Ty Culbreth*,20,2014,Texas,Big 12,21,6,6,0,0,0,0,0,0,0,0,0,0,0,0,0,0,0,,0,0,0,0,,player.fcgi?id=culbre000ty-
Jacob Felts?,--,2014,Texas,Big 12,19,61,56,4,12,1,1,0,6,0,0,3,6,0.214,0.254,0.268,0.522,15,,0,2,0,0,,player.fcgi?id=felts-000jac
Zane Gurwitz,19,2014,Texas,Big 12,61,231,208,26,59,10,1,2,28,9,0,13,36,0.284,0.327,0.37,0.698,77,,1,8,1,0,,player.fcgi?id=gurwit000zan
Weston Hall?,--,2014,Texas,Big 12,8,0,0,2,0,0,0,0,0,0,0,0,0,,,,,0,,0,0,0,0,,player.fcgi?id=hall--000wes
C.J. Hinojosa,19,2014,Texas,Big 12,67,295,242,31,72,13,0,2,35,5,2,29,32,0.298,0.373,0.376,0.749,91,,3,16,5,1,,player.fcgi?id=hinojo001cj-
Ben Johnson,20,2014,Texas,Big 12,67,307,247,46,65,11,3,6,34,21,0,34,51,0.263,0.367,0.405,0.772,100,,10,10,6,0,,player.fcgi?id=johnso005ben
Brooks Marlow*,21,2014,Texas,Big 12,67,324,261,41,70,11,4,3,21,4,2,47,36,0.268,0.383,0.376,0.759,98,,3,11,2,0,,player.fcgi?id=marlow000bro
Andy McGuire,19,2014,Texas,Big 12,22,86,71,6,8,1,0,0,7,1,1,7,14,0.113,0.21,0.127,0.337,9,,2,5,1,0,,player.fcgi?id=mcguir000and
Jeremy Montalbano,20,2014,Texas,Big 12,26,91,82,5,14,6,0,0,4,0,0,1,12,0.171,0.209,0.244,0.453,20,,3,5,0,0,,player.fcgi?id=montal000jer
Mark Payton*,22,2014,Texas,Big 12,67,312,241,33,76,15,5,2,39,19,2,57,27,0.315,0.456,0.444,0.9,107,,6,7,1,6,,player.fcgi?id=payton001mar
Collin Shaw*,21,2014,Texas,Big 12,61,240,193,22,51,5,1,0,23,13,6,24,38,0.264,0.355,0.301,0.656,58,,6,12,5,2,,player.fcgi?id=shaw--000col
Alex Silver?,--,2014,Texas,Big 12,4,10,8,4,1,0,0,0,1,0,0,2,1,0.125,0.3,0.125,0.425,1,,0,0,0,0,,player.fcgi?id=silver002ale
Madison Carter,21,2013,Texas,Big 12,26,85,72,6,14,2,1,0,4,2,2,8,11,0.194,0.293,0.25,0.543,18,,2,3,0,0,,player.fcgi?id=carter000mad
Jacob Felts?,--,2013,Texas,Big 12,47,169,147,12,40,5,0,1,15,3,1,10,21,0.272,0.348,0.327,0.674,48,,7,5,0,0,,player.fcgi?id=felts-000jac
Mark Gottsacker,--,2013,Texas,Big 12,9,27,21,3,3,0,0,0,1,0,0,4,11,0.143,0.296,0.143,0.439,3,,1,0,1,0,,player.fcgi?id=gottsa000mar
Weston Hall?,--,2013,Texas,Big 12,49,183,159,22,36,4,0,0,10,11,3,17,43,0.226,0.313,0.252,0.564,40,,3,4,0,0,,player.fcgi?id=hall--000wes
C.J. Hinojosa,18,2013,Texas,Big 12,51,219,190,19,59,10,2,2,29,3,1,18,26,0.311,0.368,0.416,0.784,79,,1,7,3,0,,player.fcgi?id=hinojo001cj-
Ben Johnson,19,2013,Texas,Big 12,31,109,91,12,20,6,1,3,9,3,5,12,28,0.22,0.317,0.407,0.724,37,,1,5,0,1,,player.fcgi?id=johnso005ben
Brooks Marlow*,20,2013,Texas,Big 12,47,178,160,18,40,10,2,1,11,1,0,11,22,0.25,0.302,0.356,0.659,57,,1,6,0,0,,player.fcgi?id=marlow000bro
Ty Marlow,21,2013,Texas,Big 12,38,73,65,8,14,2,0,2,14,0,0,2,20,0.215,0.239,0.339,0.578,22,,1,2,3,1,,player.fcgi?id=marlow000ty-
Patrick Marsh?,--,2013,Texas,Big 12,1,1,1,0,1,0,0,0,0,0,0,0,0,1,1,1,2,1,,0,0,0,0,,player.fcgi?id=marsh-000pat
Codey McElroy,20,2013,Texas,Big 12,18,60,56,3,9,4,0,0,3,0,0,3,15,0.161,0.217,0.232,0.449,13,,1,0,0,0,,player.fcgi?id=mcelro000cod
Jeremy Montalbano,19,2013,Texas,Big 12,25,84,77,5,19,2,0,2,16,0,0,4,18,0.247,0.286,0.351,0.636,27,,1,0,2,0,,player.fcgi?id=montal000jer
Matt Moynihan*,23,2013,Texas,Big 12,20,66,61,5,15,0,1,0,3,5,0,3,8,0.246,0.277,0.279,0.556,17,,0,1,1,0,,player.fcgi?id=moynih001mat
Mark Payton*,21,2013,Texas,Big 12,50,218,178,27,70,11,8,0,29,3,3,28,23,0.393,0.483,0.545,1.028,97,,4,7,1,3,,player.fcgi?id=payton001mar
Collin Shaw*,20,2013,Texas,Big 12,23,55,45,9,10,2,1,0,3,2,0,8,11,0.222,0.352,0.311,0.663,14,,1,1,0,0,,player.fcgi?id=shaw--000col
Alex Silver?,--,2013,Texas,Big 12,26,74,56,4,11,1,0,0,5,0,0,12,13,0.196,0.357,0.214,0.571,12,,2,4,0,1,,player.fcgi?id=silver002ale
Landon Steinhagen?,--,2013,Texas,Big 12,10,13,12,1,1,0,0,0,1,0,0,0,4,0.083,0.154,0.083,0.237,1,,1,0,0,0,,player.fcgi?id=steinh000lan
Taylor Stell,20,2013,Texas,Big 12,32,100,83,13,15,3,0,0,5,11,1,6,21,0.181,0.281,0.217,0.498,18,,6,4,1,0,,player.fcgi?id=stell-000tay
Cohl Walla,22,2013,Texas,Big 12,4,8,4,1,0,0,0,0,0,0,0,2,2,0,0.429,0,0.429,0,,1,1,0,0,,player.fcgi?id=walla-001ste
Erich Weiss*,21,2013,Texas,Big 12,49,209,177,28,52,7,3,1,24,7,0,24,43,0.294,0.394,0.384,0.778,68,,6,1,1,0,,player.fcgi?id=weiss-000eri
Kirby Bellow*,20,2012,Texas,Big 12,12,22,19,1,2,0,0,0,1,0,0,2,8,0.105,0.191,0.105,0.296,2,,0,1,0,0,,player.fcgi?id=bellow001kir
Jordan Etier,22,2012,Texas,Big 12,47,194,162,14,39,8,3,1,25,8,2,18,28,0.241,0.326,0.346,0.672,56,,4,7,3,1,,player.fcgi?id=etier-000jor
Jacob Felts?,--,2012,Texas,Big 12,52,216,189,20,53,8,0,0,21,2,2,11,21,0.28,0.341,0.323,0.664,61,,8,5,3,0,,player.fcgi?id=felts-000jac
Kevin Lusson#,22,2012,Texas,Big 12,37,120,100,8,19,7,0,1,12,1,0,11,19,0.19,0.272,0.29,0.562,29,,1,6,2,0,,player.fcgi?id=lusson000kev
Tim Maitland,22,2012,Texas,Big 12,41,159,132,15,27,3,2,0,11,6,3,6,24,0.205,0.309,0.258,0.567,34,,14,7,0,0,,player.fcgi?id=maitla000tim
Brooks Marlow*,19,2012,Texas,Big 12,52,219,173,25,37,4,2,2,29,2,2,26,37,0.214,0.325,0.295,0.62,51,,4,13,3,0,,player.fcgi?id=marlow000bro
Mark Payton*,20,2012,Texas,Big 12,52,251,208,40,67,13,4,5,29,8,5,32,27,0.322,0.418,0.495,0.913,103,,3,7,1,2,,player.fcgi?id=payton001mar
Hunter Redman,19,2012,Texas,Big 12,4,3,3,0,0,0,0,0,0,0,0,0,0,0,0,0,0,0,,0,0,0,0,,player.fcgi?id=redman000hun
Collin Shaw*,19,2012,Texas,Big 12,15,45,39,4,5,0,0,0,1,1,1,5,14,0.128,0.227,0.128,0.356,5,,0,1,0,0,,player.fcgi?id=shaw--000col
Alex Silver?,--,2012,Texas,Big 12,45,191,165,24,44,10,1,0,19,0,0,14,32,0.267,0.342,0.339,0.682,56,,6,4,2,1,,player.fcgi?id=silver002ale
Landon Steinhagen?,--,2012,Texas,Big 12,18,62,56,8,12,3,0,1,2,0,0,3,17,0.214,0.267,0.321,0.588,18,,1,2,0,0,,player.fcgi?id=steinh000lan
Taylor Stell,19,2012,Texas,Big 12,25,81,60,14,20,2,1,0,7,6,0,7,19,0.333,0.461,0.4,0.861,24,,8,5,1,0,,player.fcgi?id=stell-000tay
Christian Summers*,20,2012,Texas,Big 12,14,29,20,5,2,0,1,0,1,1,0,7,11,0.1,0.379,0.2,0.579,4,,2,0,0,0,,player.fcgi?id=summer000chr
Jonathan Walsh#,21,2012,Texas,Big 12,50,215,189,33,53,11,2,6,31,11,0,17,28,0.28,0.343,0.455,0.798,86,,2,5,2,0,,player.fcgi?id=walsh-001jon
Erich Weiss*,20,2012,Texas,Big 12,52,239,203,39,71,17,4,5,38,10,2,22,43,0.35,0.428,0.547,0.975,111,,8,3,3,2,,player.fcgi?id=weiss-000eri
Jordan Etier,21,2011,Texas,Big 12,66,252,215,28,51,12,3,2,27,6,4,13,33,0.237,0.31,0.349,0.658,75,,10,13,1,,,player.fcgi?id=etier-000jor
Jacob Felts?,--,2011,Texas,Big 12,63,220,186,22,40,3,0,1,20,5,1,14,34,0.215,0.293,0.247,0.541,46,,7,12,1,,,player.fcgi?id=felts-000jac
Ryan Ford*,19,2011,Texas,Big 12,1,1,1,0,0,0,0,0,0,0,0,0,0,0,0,0,0,0,,0,0,0,,,player.fcgi?id=ford--002rya
Ben Kaplan?,--,2011,Texas,Big 12,1,1,1,0,0,0,0,0,0,0,0,0,1,0,0,0,0,0,,0,0,0,,,player.fcgi?id=kaplan001ben
Lucas Kephart?,--,2011,Texas,Big 12,28,99,74,9,16,6,0,0,16,0,0,17,15,0.216,0.376,0.297,0.674,22,,2,6,0,,,player.fcgi?id=kephar000luc
Dexter Kjerstad,19,2011,Texas,Big 12,5,0,0,1,0,0,0,0,0,0,0,0,0,,,,,0,,0,0,0,,,player.fcgi?id=kjerst001dex
Brandon Loy,21,2011,Texas,Big 12,68,322,269,50,92,23,3,1,30,19,4,34,28,0.342,0.419,0.461,0.88,124,,3,14,2,,,player.fcgi?id=loy---001bra
Kevin Lusson#,21,2011,Texas,Big 12,45,144,121,9,24,4,0,2,25,2,0,15,18,0.198,0.3,0.281,0.581,34,,3,4,1,,,player.fcgi?id=lusson000kev
Tim Maitland,21,2011,Texas,Big 12,40,45,34,9,7,0,0,0,3,4,0,4,5,0.206,0.4,0.206,0.606,7,,7,0,0,,,player.fcgi?id=maitla000tim
Paul Montalbano*,22,2011,Texas,Big 12,63,245,196,35,53,9,2,0,28,4,1,29,29,0.27,0.373,0.337,0.71,66,,5,12,3,,,player.fcgi?id=montal000pau
Mark Payton*,19,2011,Texas,Big 12,65,302,240,37,63,11,2,0,25,6,4,31,34,0.263,0.353,0.325,0.678,78,,6,19,6,,,player.fcgi?id=payton001mar
Tant Shepherd,21,2011,Texas,Big 12,68,302,254,54,77,20,5,5,41,9,2,33,55,0.303,0.397,0.48,0.878,122,,8,5,2,,,player.fcgi?id=shephe003wil
Alex Silver?,--,2011,Texas,Big 12,12,33,29,2,5,0,0,0,1,0,0,2,4,0.172,0.25,0.172,0.422,5,,1,1,0,,,player.fcgi?id=silver002ale
Sam Stafford*,21,2011,Texas,Big 12,21,0,0,1,0,0,0,0,0,0,0,0,0,,,,,0,,0,0,0,,,player.fcgi?id=staffo001sam
Christian Summers*,19,2011,Texas,Big 12,13,15,11,1,2,0,1,0,2,1,0,2,5,0.182,0.4,0.364,0.764,4,,2,0,0,,,player.fcgi?id=summer000chr
Cohl Walla,20,2011,Texas,Big 12,50,168,145,19,33,7,1,0,18,3,0,14,40,0.228,0.321,0.29,0.611,42,,6,3,0,,,player.fcgi?id=walla-001ste
Jonathan Walsh#,20,2011,Texas,Big 12,60,233,189,26,48,16,2,2,27,6,2,25,35,0.254,0.35,0.392,0.741,74,,5,10,4,,,player.fcgi?id=walsh-001jon
Erich Weiss*,19,2011,Texas,Big 12,68,304,224,46,78,12,7,4,45,11,2,53,37,0.348,0.483,0.518,1.001,116,,10,12,5,,,player.fcgi?id=weiss-000eri
Gregg Alcazar?,--,2012,Texas A&M,Big 12,27,72,67,6,20,4,0,0,12,1,1,4,13,0.299,0.338,0.358,0.696,24,,0,1,0,,,player.fcgi?id=alcaza000gre
Scott Arthur?,--,2012,Texas A&M,Big 12,33,36,30,14,7,1,0,0,2,8,1,4,5,0.233,0.343,0.267,0.61,8,,1,1,0,,,player.fcgi?id=arthur000sco
Krey Bratsen,20,2012,Texas A&M,Big 12,69,318,268,45,89,5,3,0,36,31,9,25,54,0.332,0.395,0.373,0.768,100,,4,19,2,,,player.fcgi?id=bratse001kre
Andrew Collazo?,--,2012,Texas A&M,Big 12,58,164,129,28,33,2,1,1,14,18,0,22,33,0.256,0.377,0.31,0.687,40,,3,10,0,,,player.fcgi?id=collaz000and
Charlie Curl,19,2012,Texas A&M,Big 12,59,132,116,18,32,4,0,1,18,4,1,5,30,0.276,0.336,0.336,0.672,39,,6,4,1,,,player.fcgi?id=curl--000cha
Kevin Gonzalez,23,2012,Texas A&M,Big 12,62,242,210,28,53,10,1,5,28,0,1,16,37,0.252,0.309,0.381,0.69,80,,3,9,4,,,player.fcgi?id=gonzal002kev
Jacob House*,22,2012,Texas A&M,Big 12,69,306,272,46,82,16,2,3,52,5,0,23,43,0.302,0.353,0.408,0.761,111,,1,6,4,,,player.fcgi?id=house-000jac
Kenny Jackson*,21,2012,Texas A&M,Big 12,69,279,234,36,65,9,0,2,28,5,0,28,40,0.278,0.369,0.342,0.711,80,,7,8,2,,,player.fcgi?id=jackso005ken
Matt Juengel,21,2012,Texas A&M,Big 12,68,301,253,46,78,13,6,7,50,15,7,26,40,0.308,0.395,0.49,0.885,124,,13,5,4,,,player.fcgi?id=juenge000mat
Ty Marlow,19,2012,Texas A&M,Big 12,3,3,3,0,0,0,0,0,0,0,0,0,1,0,0,0,0,0,,0,0,0,,,player.fcgi?id=marlow000ty-
Steve Martin,23,2012,Texas A&M,Big 12,15,3,3,0,0,0,0,0,0,0,0,0,0,0,0,0,0,0,,0,0,0,,,player.fcgi?id=martin004ste
Tyler Naquin*,20,2012,Texas A&M,Big 12,68,317,273,68,104,23,7,2,44,6,7,29,35,0.381,0.449,0.539,0.988,147,,9,1,5,,,player.fcgi?id=naquin001tyl
Adam Smith,21,2012,Texas A&M,Big 12,53,194,168,26,40,10,2,7,27,7,3,18,62,0.238,0.321,0.446,0.768,75,,4,1,3,,,player.fcgi?id=smith-002ada
Jace Statum*,19,2012,Texas A&M,Big 12,37,116,101,13,22,4,2,0,9,3,5,7,24,0.218,0.279,0.297,0.576,30,,2,5,1,,,player.fcgi?id=statum000jac
Troy Stein,19,2012,Texas A&M,Big 12,14,29,26,4,5,0,0,1,5,1,0,1,6,0.192,0.25,0.308,0.558,8,,1,1,0,,,player.fcgi?id=stein-000tro
Kirby Taylor,--,2012,Texas A&M,Big 12,5,5,5,2,2,0,0,0,0,0,0,0,1,0.4,0.4,0.4,0.8,2,,0,0,0,,,player.fcgi?id=taylor002kir
Brett Thornell?,--,2012,Texas A&M,Big 12,7,9,8,2,2,0,1,0,1,0,0,0,4,0.25,0.333,0.5,0.833,4,,1,0,0,,,player.fcgi?id=thorne000bre
Brandon Wood?,--,2012,Texas A&M,Big 12,60,190,159,23,42,7,5,1,28,6,1,20,42,0.264,0.351,0.39,0.741,62,,3,5,3,,,player.fcgi?id=wood--001bra
Blake Allemand#,19,2011,Texas A&M,Big 12,50,187,149,16,43,3,2,0,14,4,4,22,21,0.289,0.396,0.336,0.731,50,,5,10,1,0,,player.fcgi?id=allema000bla
Scott Arthur?,--,2011,Texas A&M,Big 12,60,194,165,36,45,4,1,0,20,18,4,13,32,0.273,0.332,0.309,0.641,51,,3,10,3,0,,player.fcgi?id=arthur000sco
Chance Bolcerek?,--,2011,Texas A&M,Big 12,42,112,97,18,28,2,3,0,7,3,2,8,33,0.289,0.358,0.371,0.729,36,,3,3,1,0,,player.fcgi?id=bolcer000cha
Krey Bratsen,21,2011,Texas A&M,Big 12,60,239,199,34,45,5,2,1,25,21,5,25,43,0.226,0.316,0.286,0.602,57,,3,8,4,0,,player.fcgi?id=bratse001kre
Charlie Curl,20,2011,Texas A&M,Big 12,22,13,13,2,2,0,0,0,2,0,2,0,5,0.154,0.154,0.154,0.308,2,,0,0,0,0,,player.fcgi?id=curl--000cha
Jacob House*,23,2011,Texas A&M,Big 12,59,265,234,40,72,14,0,8,56,10,3,19,33,0.308,0.37,0.47,0.84,110,,7,0,5,1,,player.fcgi?id=house-000jac
Matt Juengel,22,2011,Texas A&M,Big 12,61,270,236,31,69,8,1,2,46,17,5,23,34,0.292,0.372,0.36,0.732,85,,8,1,2,0,,player.fcgi?id=juenge000mat
Cole Lankford*,19,2011,Texas A&M,Big 12,31,51,48,1,7,0,0,0,6,0,1,1,11,0.146,0.16,0.146,0.306,7,,0,1,1,0,,player.fcgi?id=lankfo000col
Daniel Mengden,19,2011,Texas A&M,Big 12,24,18,18,1,4,0,0,1,4,0,0,0,6,0.222,0.222,0.389,0.611,7,,0,0,0,0,,player.fcgi?id=mengde000dan
Tyler Naquin*,21,2011,Texas A&M,Big 12,61,286,242,56,92,18,6,3,49,21,5,25,37,0.38,0.458,0.541,0.999,131,,13,2,4,4,,player.fcgi?id=naquin001tyl
Mitchell Nau,19,2011,Texas A&M,Big 12,28,70,61,7,13,2,0,0,13,0,1,6,12,0.213,0.271,0.246,0.517,15,,0,0,3,0,,player.fcgi?id=nau---000mit
Mikey Reynolds,21,2011,Texas A&M,Big 12,58,262,216,55,66,12,3,1,23,21,2,31,31,0.306,0.417,0.403,0.82,87,,11,3,1,1,,player.fcgi?id=reynol000mik
Jace Statum*,20,2011,Texas A&M,Big 12,38,58,44,11,13,3,0,0,7,3,3,11,9,0.296,0.421,0.364,0.785,16,,0,1,2,0,,player.fcgi?id=statum000jac
Troy Stein,20,2011,Texas A&M,Big 12,55,189,158,16,48,12,0,2,25,1,1,21,44,0.304,0.387,0.418,0.805,66,,3,3,4,0,,player.fcgi?id=stein-000tro
Brandon Wood?,--,2011,Texas A&M,Big 12,55,209,178,30,46,10,1,5,25,10,5,22,58,0.258,0.343,0.41,0.753,73,,3,2,4,0,,player.fcgi?id=wood--001bra