Name,Age,Season,Team,Conference,W,L,W-L%,ERA,G,GS,GF,CG,SHO,SV,IP,H,R,ER,HR,BB,IBB,SO,HBP,BK,WP,BF,WHIP,H9,HR9,BB9,SO9,SO/W,Notes,Name-additional,
Reese Bassinger,23,2026,West Virginia,Big 12,4,3,0.571,3.3,31,0,,0,0,2,60,51,27,22,3,20,1,64,8,0,3,251,1.183,7.7,0.5,3,9.6,3.2,,player.fcgi?id=bassin000ree,
Chansen Cole,20,2026,West Virginia,Big 12,10,2,0.833,3.43,21,19,,1,0,0,99.2,86,42,38,11,32,2,109,10,0,6,420,1.184,7.8,1,2.9,9.8,3.41,,player.fcgi?id=cole--010cha,
JD Costanzo*,20,2026,West Virginia,Big 12,0,0,,13.5,4,0,,0,0,0,2.2,7,6,4,1,3,1,3,0,0,1,18,3.75,23.6,3.4,10.1,10.1,1,,player.fcgi?id=costan000jd-,
Carson Estridge,22,2026,West Virginia,Big 12,4,0,1,3.09,22,0,,0,0,2,35,32,15,12,2,13,0,34,8,0,2,155,1.286,8.2,0.5,3.3,8.7,2.62,,player.fcgi?id=estrid000car,
JJ Glasscock,21,2026,West Virginia,Big 12,0,0,,0,1,0,,0,0,0,1,0,0,0,0,0,0,1,0,0,0,3,0,0,0,0,9,,,player.fcgi?id=glassc000jj-,
David Hagen,21,2026,West Virginia,Big 12,4,1,0.8,3.48,15,8,,0,0,1,31,21,15,12,3,20,0,23,5,0,4,137,1.323,6.1,0.9,5.8,6.7,1.15,,player.fcgi?id=hagen-000dav,
Bryson Hoff,20,2026,West Virginia,Big 12,0,0,,27,1,0,,0,0,0,0.2,2,2,2,0,0,0,1,0,0,1,4,3,27,0,0,13.5,,,player.fcgi?id=hoff--000bry,
JT Huether,19,2026,West Virginia,Big 12,0,0,,7.71,8,0,,0,0,0,4.2,1,4,4,0,8,0,8,4,0,1,28,1.929,1.9,0,15.4,15.4,1,,player.fcgi?id=huethe000jt-,
Ian Korn,23,2026,West Virginia,Big 12,6,1,0.857,3.39,24,3,,0,0,2,79.2,73,33,30,7,13,0,70,5,0,2,321,1.079,8.2,0.8,1.5,7.9,5.38,,player.fcgi?id=korn--000ian,
Ben McDougal*,22,2026,West Virginia,Big 12,1,0,1,3.14,13,0,,0,0,1,14.1,12,9,5,4,8,0,13,3,0,1,66,1.395,7.5,2.5,5,8.2,1.63,,player.fcgi?id=mcdoug000ben,
Chase Meyer,21,2026,West Virginia,Big 12,1,0,1,2.7,2,0,,0,0,0,3.1,0,1,1,0,3,0,5,3,0,2,16,0.9,0,0,8.1,13.5,1.67,,player.fcgi?id=meyer-006cha,
Andrew Middleton*,21,2026,West Virginia,Big 12,0,0,,0,1,0,,0,0,0,0.1,1,0,0,0,1,0,0,0,0,0,3,6,27,0,27,0,0,,player.fcgi?id=middle001and,
Dawson Montesa,20,2026,West Virginia,Big 12,6,5,0.545,5.38,19,15,,0,0,1,77,66,49,46,13,44,1,92,9,0,6,344,1.429,7.7,1.5,5.1,10.8,2.09,,player.fcgi?id=montes000daw,
Wyatt Mosley*,18,2026,West Virginia,Big 12,0,0,,27,1,0,,0,0,0,1,1,3,3,0,3,0,1,1,0,0,7,4,9,0,27,9,0.33,,player.fcgi?id=mosley000wya,
David Perez,--,2026,West Virginia,Big 12,2,1,0.667,5,15,0,,0,0,6,18,17,14,10,3,12,2,21,0,0,4,82,1.611,8.5,1.5,6,10.5,1.75,,player.fcgi?id=perez-009dav,
Brayden Robinson,--,2026,West Virginia,Big 12,0,0,,13.5,1,0,,0,0,0,0.2,2,1,1,0,2,0,0,0,0,0,5,6,27,0,27,0,0,,player.fcgi?id=robins012bra,
Weston Smith,19,2026,West Virginia,Big 12,0,0,,6.35,6,0,,0,0,0,5.2,6,4,4,1,1,0,3,1,0,0,24,1.235,9.5,1.6,1.6,4.8,3,,player.fcgi?id=smith-007wes,
Mac Stiffler,20,2026,West Virginia,Big 12,0,0,,7.94,7,0,,0,0,0,5.2,8,7,5,1,6,0,10,3,0,3,35,2.471,12.7,1.6,9.5,15.9,1.67,,player.fcgi?id=stiffl000mac,
Joshua Surigao*,20,2026,West Virginia,Big 12,0,0,,3.6,11,0,,0,0,0,10,9,4,4,0,7,0,11,0,0,0,42,1.6,8.1,0,6.3,9.9,1.57,,player.fcgi?id=suriga000jos,
Bryson Thacker*,21,2026,West Virginia,Big 12,0,1,0,7.2,13,1,,0,0,0,10,9,11,8,4,10,0,13,3,0,3,53,1.9,8.1,3.6,9,11.7,1.3,,player.fcgi?id=thacke001bry,
Maxx Yehl*,22,2026,West Virginia,Big 12,9,3,0.75,2.13,18,18,,1,0,0,97,78,33,23,7,26,0,112,19,0,5,402,1.072,7.2,0.6,2.4,10.4,4.31,,player.fcgi?id=yehl--000max,
Bryant Yoak,20,2026,West Virginia,Big 12,0,0,,11.05,9,0,,0,0,0,7.1,6,10,9,3,9,0,11,3,0,0,40,2.045,7.4,3.7,11,13.5,1.22,,player.fcgi?id=yoak--000bry,
Reese Bassinger,22,2025,West Virginia,Big 12,7,1,0.875,4.23,30,0,,0,0,5,61.2,63,36,29,6,12,2,43,11,0,1,269,1.216,9.2,0.9,1.8,6.3,3.58,,player.fcgi?id=bassin000ree,
Tucker DeLisle,19,2025,West Virginia,Big 12,0,0,,9,2,0,,0,0,0,1,1,1,1,1,0,0,1,0,0,0,4,1,9,9,0,9,,,player.fcgi?id=delisl000tuc,
Carson Estridge,21,2025,West Virginia,Big 12,3,1,0.75,6.14,22,3,,0,0,5,48.1,54,34,33,8,18,1,48,7,0,1,220,1.49,10.1,1.5,3.4,8.9,2.67,,player.fcgi?id=estrid000car,
Cole Fehrman*,21,2025,West Virginia,Big 12,1,0,1,13.5,14,0,,0,0,0,6.2,9,10,10,1,11,0,10,6,0,0,45,3,12.2,1.4,14.9,13.5,0.91,,player.fcgi?id=fehrma000col,
Joe Fredericks*,21,2025,West Virginia,Big 12,0,0,,9,4,0,,0,0,0,2,2,2,2,0,1,0,2,3,0,0,11,1.5,9,0,4.5,9,2,,player.fcgi?id=freder001jos,
JJ Glasscock,20,2025,West Virginia,Big 12,0,0,,7.5,12,0,,0,0,0,6,6,5,5,0,9,0,7,3,0,1,37,2.5,9,0,13.5,10.5,0.78,,player.fcgi?id=glassc000jj-,
David Hagen,20,2025,West Virginia,Big 12,2,0,1,2.35,11,7,,0,0,0,23,17,9,6,2,13,0,13,4,0,0,101,1.304,6.7,0.8,5.1,5.1,1,,player.fcgi?id=hagen-000dav,
Bryson Hoff,19,2025,West Virginia,Big 12,0,0,,27,6,0,,0,0,0,1.2,4,5,5,0,3,0,3,2,0,2,15,4.2,21.6,0,16.2,16.2,1,,player.fcgi?id=hoff--000bry,
Ben Hudson,19,2025,West Virginia,Big 12,3,1,0.75,3.95,18,1,,0,0,0,27.1,25,16,12,5,12,0,30,8,0,0,121,1.354,8.2,1.6,4,9.9,2.5,,player.fcgi?id=hudson004ben,
Tyler Hutson,22,2025,West Virginia,Big 12,2,1,0.667,4.97,14,1,,0,0,0,25.1,25,16,14,4,9,1,29,1,0,0,108,1.342,8.9,1.4,3.2,10.3,3.22,,player.fcgi?id=hutson000tyl,
Jack Kartsonas,24,2025,West Virginia,Big 12,6,4,0.6,3.66,20,9,,0,0,1,66.1,63,30,27,6,20,0,77,7,0,6,285,1.251,8.5,0.8,2.7,10.4,3.85,,player.fcgi?id=kartso000jac,
Griffin Kirn*,23,2025,West Virginia,Big 12,5,3,0.625,3.36,18,17,,1,0,1,99,86,46,37,13,30,0,103,14,3,2,420,1.172,7.8,1.2,2.7,9.4,3.43,,player.fcgi?id=kirn--000gri,
Luke Lyman,21,2025,West Virginia,Big 12,1,1,0.5,9,10,0,,0,0,0,8,5,9,8,1,10,0,11,2,1,2,42,1.875,5.6,1.1,11.3,12.4,1.1,,player.fcgi?id=lyman-000luk,
Ben McDougal*,21,2025,West Virginia,Big 12,1,1,0.5,3.63,19,0,,0,0,2,22.1,14,10,9,0,8,0,17,5,1,1,92,0.985,5.6,0,3.2,6.9,2.13,,player.fcgi?id=mcdoug000ben,
Chase Meyer,20,2025,West Virginia,Big 12,9,2,0.818,3.94,22,3,,0,0,1,48,32,25,21,1,38,0,63,12,0,4,218,1.458,6,0.2,7.1,11.8,1.66,,player.fcgi?id=meyer-006cha,
Robby Porco,21,2025,West Virginia,Big 12,0,0,,4.64,12,4,,0,0,0,21.1,16,13,11,3,20,0,24,5,2,1,109,1.688,6.8,1.3,8.4,10.1,1.2,,player.fcgi?id=porco-000rob,
Aidan Smith,19,2025,West Virginia,Big 12,0,0,,0,1,0,,0,0,0,1,0,0,0,0,2,0,2,0,0,0,5,2,0,0,18,18,1,,player.fcgi?id=smith-006aid,
Mac Stiffler,19,2025,West Virginia,Big 12,2,1,0.667,4.95,15,2,,0,0,0,20,10,11,11,1,20,0,20,6,0,3,94,1.5,4.5,0.5,9,9,1,,player.fcgi?id=stiffl000mac,
Gavin Van Kempen,20,2025,West Virginia,Big 12,2,0,1,6.13,14,13,,0,0,0,39.2,41,28,27,7,26,1,37,2,0,5,186,1.689,9.3,1.6,5.9,8.4,1.42,,player.fcgi?id=vankem000gav,
Bryant Yoak,19,2025,West Virginia,Big 12,0,0,,15.19,13,0,,0,0,0,5.1,6,14,9,0,8,0,13,5,0,0,38,2.625,10.1,0,13.5,21.9,1.63,,player.fcgi?id=yoak--000bry,
Bryce Amos,20,2024,West Virginia,Big 12,0,0,,12,4,0,,0,0,0,3,5,4,4,0,3,0,3,3,0,3,19,2.667,15,0,9,9,1,,player.fcgi?id=amos--000bry,
Tommy Beam,21,2024,West Virginia,Big 12,0,0,,6,8,0,,0,0,0,9,13,8,6,0,5,0,10,3,0,0,47,2,13,0,5,10,2,,player.fcgi?id=beam--000tom,
Derek Clark*,22,2024,West Virginia,Big 12,8,3,0.727,3.23,14,13,,4,1,0,97.2,83,38,35,10,23,1,91,9,0,1,399,1.085,7.6,0.9,2.1,8.4,3.96,,player.fcgi?id=clark-002der,
Hayden Cooper,22,2024,West Virginia,Big 12,1,4,0.2,6.4,17,8,,0,0,0,52,73,40,37,7,16,0,32,8,2,4,246,1.712,12.6,1.2,2.8,5.5,2,,player.fcgi?id=cooper001hay,
Carson Estridge,20,2024,West Virginia,Big 12,1,2,0.333,3.21,21,4,,0,0,4,42,35,15,15,2,20,1,48,6,1,2,182,1.31,7.5,0.4,4.3,10.3,2.4,,player.fcgi?id=estrid000car,
Cole Fehrman*,20,2024,West Virginia,Big 12,0,0,,18.9,5,0,,0,0,0,3.1,6,7,7,0,7,0,6,1,0,0,24,3.9,16.2,0,18.9,16.2,0.86,,player.fcgi?id=fehrma000col,
Joe Fredericks*,20,2024,West Virginia,Big 12,0,0,,1.13,18,0,,0,0,0,16,8,3,2,0,12,1,10,2,0,0,67,1.25,4.5,0,6.8,5.6,0.83,,player.fcgi?id=freder001jos,
David Hagaman,21,2024,West Virginia,Big 12,2,3,0.4,5.91,14,1,,0,0,2,35,30,25,23,3,19,3,49,4,0,5,158,1.4,7.7,0.8,4.9,12.6,2.58,,player.fcgi?id=hagama000dav,
Luke Lyman,20,2024,West Virginia,Big 12,0,0,,4.26,6,0,,0,0,1,6.1,3,3,3,1,3,0,6,2,1,0,25,0.947,4.3,1.4,4.3,8.5,2,,player.fcgi?id=lyman-000luk,
Aidan Major,21,2024,West Virginia,Big 12,5,4,0.556,5.59,14,12,,0,0,0,66,62,44,41,10,35,1,77,4,0,6,292,1.47,8.5,1.4,4.8,10.5,2.2,,player.fcgi?id=major-000aid,
Chase Meyer,19,2024,West Virginia,Big 12,1,1,0.5,8.38,13,1,,0,0,0,19.1,17,20,18,1,24,0,28,5,0,2,100,2.121,7.9,0.5,11.2,13,1.17,,player.fcgi?id=meyer-006cha,
Hambleton Oliver,23,2024,West Virginia,Big 12,2,2,0.5,4.69,21,1,,0,0,3,40.1,38,21,21,3,22,0,39,5,0,1,183,1.488,8.5,0.7,4.9,8.7,1.77,,player.fcgi?id=oliver000ham,
Robby Porco,20,2024,West Virginia,Big 12,2,1,0.667,8.71,13,1,,0,0,0,10.1,10,11,10,2,17,0,11,1,0,2,56,2.613,8.7,1.7,14.8,9.6,0.65,,player.fcgi?id=porco-000rob,
Aidan Smith,18,2024,West Virginia,Big 12,0,0,,27,3,0,,0,0,0,2,3,6,6,0,5,0,3,1,0,0,15,4,13.5,0,22.5,13.5,0.6,,player.fcgi?id=smith-006aid,
Tyler Switalski*,21,2024,West Virginia,Big 12,5,3,0.625,5.1,18,14,,0,0,0,67,67,41,38,6,35,0,58,7,0,8,304,1.522,9,0.8,4.7,7.8,1.66,,player.fcgi?id=swital000tyl,
Gavin Van Kempen,19,2024,West Virginia,Big 12,7,1,0.875,3.14,13,5,,0,0,0,28.2,20,10,10,4,14,0,35,4,0,3,119,1.186,6.3,1.3,4.4,11,2.5,,player.fcgi?id=vankem000gav,
Maxx Yehl*,20,2024,West Virginia,Big 12,2,0,1,3.99,24,0,,0,0,2,29.1,26,15,13,3,18,0,32,8,0,6,135,1.5,8,0.9,5.5,9.8,1.78,,player.fcgi?id=yehl--000max,
Keegan Allen,20,2023,West Virginia,Big 12,1,0,1,5.74,16,0,,0,0,1,15.2,15,12,10,2,7,0,17,1,0,1,69,1.404,8.6,1.1,4,9.8,2.43,,player.fcgi?id=allen-001kee,
Tommy Beam,20,2023,West Virginia,Big 12,0,0,,0,1,0,,0,0,0,1,1,0,0,0,0,0,2,0,0,1,4,1,9,0,0,18,,,player.fcgi?id=beam--000tom,
Jake Carr*,23,2023,West Virginia,Big 12,1,0,1,5.79,10,0,,0,0,0,9.1,11,6,6,2,3,0,9,1,0,0,42,1.5,10.6,1.9,2.9,8.7,3,,player.fcgi?id=carr--002jak,
Kevin Dowdell*,23,2023,West Virginia,Big 12,0,0,,4.5,11,0,,0,0,0,6,3,4,3,0,7,0,7,3,0,0,31,1.667,4.5,0,10.5,10.5,1,,player.fcgi?id=dowdel000kev,
Carson Estridge,19,2023,West Virginia,Big 12,3,1,0.75,4.91,11,5,,0,0,1,25.2,33,16,14,2,9,0,35,2,0,0,123,1.636,11.6,0.7,3.2,12.3,3.89,,player.fcgi?id=estrid000car,
Cole Fehrman*,19,2023,West Virginia,Big 12,0,1,0,0,7,0,,0,0,0,3,4,3,0,0,6,0,3,0,1,2,19,3.333,12,0,18,9,0.5,,player.fcgi?id=fehrma000col,
David Hagaman,20,2023,West Virginia,Big 12,1,2,0.333,3.52,22,1,,0,0,0,38.1,23,17,15,2,18,0,40,2,0,4,156,1.07,5.4,0.5,4.2,9.4,2.22,,player.fcgi?id=hagama000dav,
Ben Hampton*,21,2023,West Virginia,Big 12,5,3,0.625,4.45,16,16,,0,0,0,85,92,47,42,9,30,0,66,6,0,3,375,1.435,9.7,1,3.2,7,2.2,,player.fcgi?id=hampto000ben,
Michael Kilker,20,2023,West Virginia,Big 12,0,0,,18,1,0,,0,0,0,1,1,2,2,0,1,0,0,1,0,0,6,2,9,0,9,0,0,,player.fcgi?id=kilker000mic,
Aidan Major,20,2023,West Virginia,Big 12,4,2,0.667,4.88,21,3,,0,0,2,48,44,31,26,7,14,0,59,7,1,5,207,1.208,8.3,1.3,2.6,11.1,4.21,,player.fcgi?id=major-000aid,
Robby Porco,19,2023,West Virginia,Big 12,4,1,0.8,7.5,16,7,,0,0,0,36,34,32,30,7,29,0,44,1,0,3,172,1.75,8.5,1.8,7.3,11,1.52,,player.fcgi?id=porco-000rob,
Carlson Reed,20,2023,West Virginia,Big 12,2,1,0.667,2.61,25,0,,0,0,7,38,33,15,11,2,25,4,60,3,0,2,173,1.526,7.8,0.5,5.9,14.2,2.4,,player.fcgi?id=reed--003car,
Noah Short,23,2023,West Virginia,Big 12,4,0,1,3.65,24,0,,0,0,0,12.1,9,6,5,2,9,1,15,2,0,0,55,1.459,6.6,1.5,6.6,10.9,1.67,,player.fcgi?id=short-000noa,
Grant Siegel,20,2023,West Virginia,Big 12,4,3,0.571,5.65,16,9,,0,0,0,43,45,31,27,6,17,0,30,9,1,0,195,1.442,9.4,1.3,3.6,6.3,1.76,,player.fcgi?id=siegel000gra,
Chris Sleeper,20,2023,West Virginia,Big 12,0,0,,2.7,5,0,,0,0,0,3.1,2,1,1,1,2,0,4,1,0,1,15,1.2,5.4,2.7,5.4,10.8,2,,player.fcgi?id=sleepe000chr,
Blaine Traxel,23,2023,West Virginia,Big 12,7,6,0.538,3.86,16,15,,5,1,0,105,98,54,45,17,23,0,77,10,1,4,445,1.152,8.4,1.5,2,6.6,3.35,,player.fcgi?id=traxel000bla,
Gavin Van Kempen,18,2023,West Virginia,Big 12,3,0,1,5.13,12,4,,0,0,1,26.1,23,16,15,3,13,0,21,5,1,1,119,1.367,7.9,1,4.4,7.2,1.62,,player.fcgi?id=vankem000gav,
Will Watson,21,2023,West Virginia,Big 12,0,0,,4.5,3,0,,0,0,0,2,2,1,1,0,2,0,2,0,0,3,10,2,9,0,9,9,1,,player.fcgi?id=watson008wil,
Maxx Yehl*,19,2023,West Virginia,Big 12,1,0,1,3.54,17,0,,0,0,0,28,23,11,11,3,15,0,19,1,2,1,117,1.357,7.4,1,4.8,6.1,1.27,,player.fcgi?id=yehl--000max,
Ben Abernathy,19,2022,West Virginia,Big 12,1,0,1,6.39,13,1,,0,0,0,12.2,14,12,9,4,6,0,7,3,1,0,60,1.579,9.9,2.8,4.3,5,1.17,,player.fcgi?id=aberna000ben,
Tommy Beam,19,2022,West Virginia,Big 12,0,0,,inf,1,0,,0,0,0,0,3,3,3,0,2,0,0,0,0,0,5,,,,,,0,,player.fcgi?id=beam--000tom,
Trey Braithwaite,24,2022,West Virginia,Big 12,3,0,1,1.7,22,0,,0,0,8,37,18,11,7,1,20,5,36,1,0,4,145,1.027,4.4,0.2,4.9,8.8,1.8,,player.fcgi?id=braith000tre,
Zach Bravo,23,2022,West Virginia,Big 12,3,1,0.75,7.71,14,9,,0,0,0,37.1,45,39,32,6,21,0,26,3,0,0,181,1.768,10.8,1.4,5.1,6.3,1.24,,player.fcgi?id=bravo-000zac,
Kevin Dowdell*,22,2022,West Virginia,Big 12,0,0,,8.44,10,0,,0,0,0,5.1,7,6,5,0,6,0,4,1,0,2,29,2.438,11.8,0,10.1,6.8,0.67,,player.fcgi?id=dowdel000kev,
Ben Hampton*,20,2022,West Virginia,Big 12,8,5,0.615,4.66,15,15,,0,0,0,83,81,45,43,14,27,2,90,10,0,9,363,1.301,8.8,1.5,2.9,9.8,3.33,,player.fcgi?id=hampto000ben,
Trent Hodgdon,18,2022,West Virginia,Big 12,0,0,,5.63,10,0,,0,0,0,8,4,6,5,1,9,0,12,1,0,3,38,1.625,4.5,1.1,10.1,13.5,1.33,,player.fcgi?id=hodgdo000tre,
Michael Kilker,19,2022,West Virginia,Big 12,2,0,1,6.08,11,2,,0,0,0,13.1,9,10,9,0,9,0,21,2,0,2,59,1.35,6.1,0,6.1,14.2,2.33,,player.fcgi?id=kilker000mic,
Beau Lowery*,22,2022,West Virginia,Big 12,3,0,1,19.5,12,0,,0,0,0,6,14,13,13,3,2,0,11,3,0,1,38,2.667,21,4.5,3,16.5,5.5,,player.fcgi?id=lowery000bea,
Aidan Major,19,2022,West Virginia,Big 12,3,0,1,3.49,11,5,,0,0,0,28.1,17,12,11,4,21,0,31,1,0,3,120,1.341,5.4,1.3,6.7,9.8,1.48,,player.fcgi?id=major-000aid,
Deaton Oak,19,2022,West Virginia,Big 12,0,0,,9,2,0,,0,0,0,1,3,1,1,0,2,0,1,0,0,0,8,5,27,0,18,9,0.5,,player.fcgi?id=oak---000dea,
Zach Ottinger,22,2022,West Virginia,Big 12,2,2,0.5,4.84,17,0,,0,0,1,22.1,27,14,12,3,13,1,21,0,0,2,103,1.791,10.9,1.2,5.2,8.5,1.62,,player.fcgi?id=otting000zac,
Daniel Ouderkirk,22,2022,West Virginia,Big 12,1,0,1,6.75,9,0,,0,0,0,8,6,9,6,1,10,1,15,0,0,3,40,2,6.8,1.1,11.3,16.9,1.5,,player.fcgi?id=ouderk000dan,
Carlson Reed,19,2022,West Virginia,Big 12,0,1,0,5.13,18,4,,0,0,0,40.1,51,26,23,5,20,1,42,4,0,8,197,1.76,11.4,1.1,4.5,9.4,2.1,,player.fcgi?id=reed--003car,
Noah Short,22,2022,West Virginia,Big 12,0,1,0,4.25,24,0,,0,0,2,29.2,26,15,14,2,12,0,33,8,0,1,130,1.281,7.9,0.6,3.6,10,2.75,,player.fcgi?id=short-000noa,
Chris Sleeper,19,2022,West Virginia,Big 12,3,4,0.429,3.61,14,4,,0,0,0,42.1,37,17,17,1,23,1,28,4,0,4,188,1.417,7.9,0.2,4.9,6,1.22,,player.fcgi?id=sleepe000chr,
Chase Smith,23,2022,West Virginia,Big 12,1,1,0.5,3.95,25,0,,0,0,1,27.1,29,15,12,0,13,2,23,3,0,2,125,1.537,9.5,0,4.3,7.6,1.77,,player.fcgi?id=smith-059cha,
Tyler Strechay,21,2022,West Virginia,Big 12,0,0,,4.63,10,3,,0,0,0,11.2,19,6,6,2,6,0,11,2,0,2,59,2.143,14.7,1.5,4.6,8.5,1.83,,player.fcgi?id=strech000tyl,
Will Watson,20,2022,West Virginia,Big 12,0,0,,7.11,7,1,,0,0,0,6.1,6,5,5,1,7,0,9,1,0,1,31,2.053,8.5,1.4,9.9,12.8,1.29,,player.fcgi?id=watson008wil,
Jacob Watters,21,2022,West Virginia,Big 12,3,7,0.3,6.22,18,11,,0,0,1,59.1,64,44,41,8,41,0,75,1,1,15,277,1.77,9.7,1.2,6.2,11.4,1.83,,player.fcgi?id=watter000jac,
Ben Abernathy,18,2021,West Virginia,Big 12,2,0,1,2.7,8,0,,0,0,0,10,5,3,3,0,2,0,9,3,0,0,39,0.7,4.5,0,1.8,8.1,4.5,,player.fcgi?id=aberna000ben,
Nathan Blasick,20,2021,West Virginia,Big 12,0,0,,0,1,0,,0,0,0,2,1,0,0,0,0,0,2,0,0,0,7,0.5,4.5,0,0,9,,,player.fcgi?id=blasic000nat,
Jake Carr*,21,2021,West Virginia,Big 12,1,4,0.2,9.71,14,8,,0,0,0,38,60,45,41,8,15,0,38,6,1,4,196,1.974,14.2,1.9,3.6,9,2.53,,player.fcgi?id=carr--002jak,
Tyler Chadwick,19,2021,West Virginia,Big 12,1,0,1,6.75,10,0,,0,0,0,10.2,7,9,8,0,15,0,17,1,0,5,56,2.063,5.9,0,12.7,14.3,1.13,,player.fcgi?id=chadwi001tyl,
Skylar Gonzalez,20,2021,West Virginia,Big 12,1,1,0.5,4.56,20,1,,0,0,2,25.2,41,16,13,1,11,1,22,5,0,4,128,2.026,14.4,0.4,3.9,7.7,2,,player.fcgi?id=gonzal000sky,
Ben Hampton*,19,2021,West Virginia,Big 12,4,3,0.571,4.83,14,10,,0,0,0,54,61,33,29,7,15,0,47,1,0,0,235,1.407,10.2,1.2,2.5,7.8,3.13,,player.fcgi?id=hampto000ben,
Madison Jeffrey,21,2021,West Virginia,Big 12,2,2,0.5,6.75,18,0,,0,0,4,20,21,21,15,4,23,0,28,3,0,4,107,2.2,9.5,1.8,10.4,12.6,1.22,,player.fcgi?id=jeffer000mad,
Beau Lowery*,21,2021,West Virginia,Big 12,0,0,,4.61,14,0,,0,0,0,13.2,17,7,7,0,2,0,16,1,0,0,61,1.39,11.2,0,1.3,10.5,8,,player.fcgi?id=lowery000bea,
Carter Lyles,20,2021,West Virginia,Big 12,0,0,,6.75,7,0,,0,0,0,5.1,10,5,4,2,5,0,5,1,0,0,32,2.813,16.9,3.4,8.4,8.4,1,,player.fcgi?id=lyles-000car,
Zach Ottinger,21,2021,West Virginia,Big 12,0,1,0,8.66,16,0,,0,0,0,17.2,27,21,17,0,13,2,23,6,0,8,101,2.264,13.8,0,6.6,11.7,1.77,,player.fcgi?id=otting000zac,
Daniel Ouderkirk,21,2021,West Virginia,Big 12,0,0,,7.94,14,1,,0,0,0,17,17,17,15,1,19,1,23,3,0,6,88,2.118,9,0.5,10.1,12.2,1.21,,player.fcgi?id=ouderk000dan,
Carlson Reed,18,2021,West Virginia,Big 12,4,5,0.444,7.59,15,7,,0,0,0,32,37,29,27,3,19,1,34,6,0,7,156,1.75,10.4,0.8,5.3,9.6,1.79,,player.fcgi?id=reed--003car,
Trevor Sharp*,19,2021,West Virginia,Big 12,0,0,,13.5,2,0,,0,0,0,4,10,12,6,1,3,0,2,3,0,1,29,3.25,22.5,2.3,6.8,4.5,0.67,,player.fcgi?id=sharp-000tre,
Noah Short,21,2021,West Virginia,Big 12,0,0,,2.51,25,0,,0,0,0,28.2,23,11,8,2,11,1,38,7,0,1,123,1.186,7.2,0.6,3.5,11.9,3.45,,player.fcgi?id=short-000noa,
Jimmy Starnes,20,2021,West Virginia,Big 12,0,0,,9,1,0,,0,0,0,2,3,2,2,0,1,0,4,1,0,1,11,2,13.5,0,4.5,18,4,,player.fcgi?id=starne000jim,
Tyler Strechay,20,2021,West Virginia,Big 12,0,1,0,5.4,3,2,,0,0,0,10,11,6,6,2,0,0,10,0,0,1,40,1.1,9.9,1.8,0,9,,,player.fcgi?id=strech000tyl,
Adam Tulloch*,20,2021,West Virginia,Big 12,0,4,0,6.27,13,8,,0,0,0,37.1,36,32,26,3,31,1,52,10,1,8,185,1.795,8.7,0.7,7.5,12.5,1.68,,player.fcgi?id=tulloc000ada,
Jacob Watters,20,2021,West Virginia,Big 12,4,1,0.8,3.33,19,1,,0,0,4,27,15,11,10,0,32,0,53,2,0,14,127,1.741,5,0,10.7,17.7,1.66,,player.fcgi?id=watter000jac,
Jackson Wolf*,22,2021,West Virginia,Big 12,6,5,0.545,3.03,14,14,,1,0,0,89,66,39,30,4,37,1,104,7,0,5,376,1.157,6.7,0.4,3.7,10.5,2.81,,player.fcgi?id=wolf--002jac,
Tim Wynia,20,2021,West Virginia,Big 12,0,0,,7.27,10,0,,0,0,0,8.2,4,8,7,2,6,0,8,2,0,0,38,1.154,4.2,2.1,6.2,8.3,1.33,,player.fcgi?id=wynia-000tim,
Ryan Bergert,20,2020,West Virginia,Big 12,2,1,0.667,2.92,4,4,,0,0,0,24.2,14,8,8,1,11,0,30,3,0,1,100,1.014,5.1,0.4,4,10.9,2.73,,player.fcgi?id=berger001rya,
Jake Carr*,20,2020,West Virginia,Big 12,2,1,0.667,1.52,4,4,,1,0,0,23.2,14,5,4,1,3,0,12,2,1,0,88,0.718,5.3,0.4,1.1,4.6,4,,player.fcgi?id=carr--002jak,
Haden Erbe,21,2020,West Virginia,Big 12,0,0,,0,2,0,,0,0,0,2,0,0,0,0,0,0,4,0,0,1,7,0,0,0,0,18,,,player.fcgi?id=erbe--000had,
Skylar Gonzalez,19,2020,West Virginia,Big 12,0,0,,1.08,5,0,,0,0,0,8.1,2,1,1,0,4,1,12,2,0,0,33,0.72,2.2,0,4.3,13,3,,player.fcgi?id=gonzal000sky,
Brock Helverson,20,2020,West Virginia,Big 12,0,0,,27,1,0,,0,0,0,0.2,1,2,2,0,2,0,0,1,0,4,6,4.5,13.5,0,27,0,0,,player.fcgi?id=helver000bro,
Madison Jeffrey,20,2020,West Virginia,Big 12,0,1,0,1.42,6,0,,0,0,0,6.1,4,1,1,1,2,0,7,1,0,0,27,0.947,5.7,1.4,2.8,9.9,3.5,,player.fcgi?id=jeffer000mad,
Beau Lowery*,20,2020,West Virginia,Big 12,0,0,,0,2,0,,0,0,0,2.1,1,0,0,0,0,0,0,0,0,0,8,0.429,3.9,0,0,0,,,player.fcgi?id=lowery000bea,
Carter Lyles,19,2020,West Virginia,Big 12,0,0,,45,3,0,,0,0,0,1,3,5,5,0,3,0,3,0,1,1,9,6,27,0,27,27,1,,player.fcgi?id=lyles-000car,
Dillon Meadows?,--,2020,West Virginia,Big 12,0,0,,0,4,0,,0,0,0,7,3,0,0,0,4,0,9,2,0,0,28,1,3.9,0,5.1,11.6,2.25,,player.fcgi?id=meadow000dil,
Zach Ottinger,20,2020,West Virginia,Big 12,0,0,,1,7,0,,0,0,0,9,7,3,1,0,2,0,9,2,0,2,37,1,7,0,2,9,4.5,,player.fcgi?id=otting000zac,
Noah Short,20,2020,West Virginia,Big 12,0,0,,0,3,0,,0,0,0,2,3,0,0,0,1,1,3,0,0,1,10,2,13.5,0,4.5,13.5,3,,player.fcgi?id=short-000noa,
Jimmy Starnes,19,2020,West Virginia,Big 12,0,0,,inf,1,0,,0,0,0,0,3,4,4,0,0,0,0,1,0,1,4,,,,,,,,player.fcgi?id=starne000jim,
Tyler Strechay,19,2020,West Virginia,Big 12,2,1,0.667,3.07,5,4,,0,0,0,14.2,11,6,5,0,6,0,6,0,1,0,59,1.159,6.8,0,3.7,3.7,1,,player.fcgi?id=strech000tyl,
Jacob Watters,19,2020,West Virginia,Big 12,0,0,,4.7,5,0,,0,0,0,7.2,6,4,4,0,6,0,11,2,0,1,37,1.565,7,0,7,12.9,1.83,,player.fcgi?id=watter000jac,
Jackson Wolf*,21,2020,West Virginia,Big 12,3,1,0.75,1.05,4,4,,0,0,0,25.2,15,4,3,0,5,0,27,2,0,1,96,0.779,5.3,0,1.8,9.5,5.4,,player.fcgi?id=wolf--002jac,
Tim Wynia,19,2020,West Virginia,Big 12,1,0,1,0,2,0,,0,0,0,1.1,1,1,0,0,2,0,2,0,0,1,7,2.25,6.8,0,13.5,13.5,1,,player.fcgi?id=wynia-000tim,
Braden Zarbnisky,23,2020,West Virginia,Big 12,1,0,1,0,4,0,,0,0,2,4.2,1,0,0,0,3,1,8,0,0,0,18,0.857,1.9,0,5.8,15.4,2.67,,player.fcgi?id=zarbni000bra,
Ryan Bergert,19,2019,West Virginia,Big 12,2,0,1,1.85,17,2,,0,0,0,34,23,7,7,2,8,1,38,1,0,3,134,0.912,6.1,0.5,2.1,10.1,4.75,,player.fcgi?id=berger001rya,
Phillip Dull,19,2019,West Virginia,Big 12,0,0,,0,4,0,,0,0,0,2,0,0,0,0,4,0,1,0,0,1,10,2,0,0,18,4.5,0.25,,player.fcgi?id=dull--000phi,
Brock Helverson,19,2019,West Virginia,Big 12,0,1,0,6.75,12,1,,0,0,0,16,17,17,12,1,11,0,14,9,0,7,86,1.75,9.6,0.6,6.2,7.9,1.27,,player.fcgi?id=helver000bro,
Tristen Hudson,19,2019,West Virginia,Big 12,1,0,1,5.23,15,0,,0,0,0,10.1,7,6,6,0,9,1,14,3,0,2,49,1.548,6.1,0,7.8,12.2,1.56,,player.fcgi?id=hudson000tri,
Madison Jeffrey,19,2019,West Virginia,Big 12,0,1,0,6.55,12,0,,0,0,0,11,4,8,8,0,12,1,12,5,0,1,54,1.455,3.3,0,9.8,9.8,1,,player.fcgi?id=jeffer000mad,
Sam Kessler,21,2019,West Virginia,Big 12,4,3,0.571,3.19,24,0,,0,0,8,36.2,30,15,13,3,11,2,46,2,0,6,155,1.118,7.4,0.7,2.7,11.3,4.18,,player.fcgi?id=kessle002sam,
Gabe Kurtzhals,20,2019,West Virginia,Big 12,2,0,1,3.38,13,0,,0,0,0,16,13,8,6,0,6,0,7,1,0,1,68,1.188,7.3,0,3.4,3.9,1.17,,player.fcgi?id=kurtzh000gab,
Beau Lowery*,19,2019,West Virginia,Big 12,0,2,0,4.61,13,0,,0,0,2,13.2,15,7,7,1,11,3,14,2,0,1,64,1.902,9.9,0.7,7.2,9.2,1.27,,player.fcgi?id=lowery000bea,
Alek Manoah,21,2019,West Virginia,Big 12,9,4,0.692,2.08,16,16,,2,2,0,108.1,71,32,25,3,27,0,144,14,3,9,431,0.905,5.9,0.2,2.2,12,5.33,,player.fcgi?id=manoah000ale,
Dillon Meadows?,--,2019,West Virginia,Big 12,0,0,,5.63,17,0,,0,0,2,24,17,15,15,5,11,0,30,2,0,1,99,1.167,6.4,1.9,4.1,11.3,2.73,,player.fcgi?id=meadow000dil,
Zach Ottinger,19,2019,West Virginia,Big 12,2,0,1,4.5,14,0,,0,0,1,20,18,12,10,2,6,0,19,3,0,2,91,1.2,8.1,0.9,2.7,8.6,3.17,,player.fcgi?id=otting000zac,
Zach Reid*,23,2019,West Virginia,Big 12,2,0,1,2.4,19,0,,0,0,1,15,19,5,4,0,8,0,16,5,0,0,75,1.8,11.4,0,4.8,9.6,2,,player.fcgi?id=reid--000zac,
Nick Snyder*,21,2019,West Virginia,Big 12,9,1,0.9,2.65,16,13,,1,1,0,68,42,22,20,1,34,0,103,14,0,4,285,1.118,5.6,0.1,4.5,13.6,3.03,,player.fcgi?id=snyder002nic,
Kade Strowd,21,2019,West Virginia,Big 12,5,6,0.455,4.73,16,15,,0,0,1,83.2,67,49,44,8,59,3,87,5,1,5,377,1.506,7.2,0.9,6.3,9.4,1.47,,player.fcgi?id=strowd000kad,
Jackson Wolf*,20,2019,West Virginia,Big 12,2,4,0.333,5.17,15,13,,0,0,0,69.2,79,44,40,14,31,0,50,5,1,7,315,1.579,10.2,1.8,4,6.5,1.61,,player.fcgi?id=wolf--002jac,
Conner Dotson,22,2018,West Virginia,Big 12,0,1,0,7.2,5,0,,0,0,0,5,8,6,4,0,3,0,5,1,0,2,25,2.2,14.4,0,5.4,9,1.67,,player.fcgi?id=dotson000con,
Shane Ennis,22,2018,West Virginia,Big 12,4,3,0.571,3.22,30,1,,0,0,3,44.2,36,20,16,2,32,1,34,3,0,3,196,1.522,7.3,0.4,6.4,6.9,1.06,,player.fcgi?id=ennis-000sha,
Tristen Hudson,18,2018,West Virginia,Big 12,2,0,1,5.13,24,0,,0,0,0,26.1,28,20,15,1,15,1,25,5,0,1,129,1.633,9.6,0.3,5.1,8.5,1.67,,player.fcgi?id=hudson000tri,
Isaiah Kearns,20,2018,West Virginia,Big 12,3,4,0.429,4.27,13,11,,0,0,0,46.1,45,25,22,6,24,0,53,2,1,0,209,1.489,8.7,1.2,4.7,10.3,2.21,,player.fcgi?id=kearns000isa,
Sam Kessler,20,2018,West Virginia,Big 12,4,0,1,2.86,25,0,,0,0,4,28.1,25,17,9,1,12,0,32,9,1,3,134,1.306,7.9,0.3,3.8,10.2,2.67,,player.fcgi?id=kessle002sam,
Alek Manoah,20,2018,West Virginia,Big 12,3,5,0.375,4,23,8,,0,0,2,54,53,36,24,3,28,1,60,15,1,7,258,1.5,8.8,0.5,4.7,10,2.14,,player.fcgi?id=manoah000ale,
Dillon Meadows?,--,2018,West Virginia,Big 12,0,0,,5,10,0,,0,0,0,9,8,6,5,1,5,0,5,1,0,1,40,1.444,8,1,5,5,1,,player.fcgi?id=meadow000dil,
B.J. Myers,23,2018,West Virginia,Big 12,2,2,0.5,4.19,19,14,,0,0,1,77.1,86,54,36,4,25,1,59,13,1,5,350,1.435,10,0.5,2.9,6.9,2.36,,player.fcgi?id=myers-000bj-,
Jacob Potock,20,2018,West Virginia,Big 12,0,0,,11.57,3,0,,0,0,0,2.1,5,3,3,1,3,1,0,0,0,0,15,3.429,19.3,3.9,11.6,0,0,,player.fcgi?id=potock000jac,
Zach Reid*,22,2018,West Virginia,Big 12,1,0,1,5.79,11,0,,0,0,0,9.1,8,6,6,2,2,0,12,3,0,0,41,1.071,7.7,1.9,1.9,11.6,6,,player.fcgi?id=reid--000zac,
Nick Snyder*,20,2018,West Virginia,Big 12,0,0,,22.5,7,0,,0,0,0,4,4,13,10,1,13,0,6,0,0,2,29,4.25,9,2.3,29.3,13.5,0.46,,player.fcgi?id=snyder002nic,
Kade Strowd,20,2018,West Virginia,Big 12,4,7,0.364,5.74,15,13,,0,0,0,62.2,67,41,40,3,36,0,61,7,0,2,290,1.644,9.6,0.4,5.2,8.8,1.69,,player.fcgi?id=strowd000kad,
Riley Troutt,20,2018,West Virginia,Big 12,0,0,,15.43,5,0,,0,0,0,4.2,9,8,8,1,4,0,2,0,0,2,27,2.786,17.4,1.9,7.7,3.9,0.5,,player.fcgi?id=troutt000ril,
Jackson Wolf*,19,2018,West Virginia,Big 12,1,1,0.5,4.07,17,2,,0,0,0,24.1,19,15,11,2,15,0,24,4,0,1,107,1.397,7,0.7,5.5,8.9,1.6,,player.fcgi?id=wolf--002jac,
Cody Wood,21,2018,West Virginia,Big 12,0,0,,4.7,15,0,,0,0,0,23,24,12,12,2,14,4,14,1,0,2,108,1.652,9.4,0.8,5.5,5.5,1,,player.fcgi?id=wood--000cod,
Christian Young,22,2018,West Virginia,Big 12,3,1,0.75,5.88,17,3,,0,0,0,33.2,29,23,22,6,14,1,35,4,1,6,151,1.277,7.8,1.6,3.7,9.4,2.5,,player.fcgi?id=lindsa003chr,
Braden Zarbnisky,21,2018,West Virginia,Big 12,2,3,0.4,4.62,15,4,,0,0,2,37,39,22,19,4,15,1,35,1,1,1,161,1.459,9.5,1,3.6,8.5,2.33,,player.fcgi?id=zarbni000bra,
Carter Camp?,--,2017,West Virginia,Big 12,0,1,0,8.31,5,3,,0,0,0,8.2,7,8,8,1,8,0,13,1,0,1,40,1.731,7.3,1,8.3,13.5,1.63,,player.fcgi?id=camp--000car,
Tanner Campbell?,--,2017,West Virginia,Big 12,0,0,,0,2,0,,0,0,0,2.1,1,0,0,0,3,0,2,0,0,0,11,1.714,3.9,0,11.6,7.7,0.67,,player.fcgi?id=campbe000tan,
Conner Dotson,21,2017,West Virginia,Big 12,3,3,0.5,5.2,6,6,,0,0,0,27.2,30,19,16,4,19,0,26,3,0,1,129,1.771,9.8,1.3,6.2,8.5,1.37,,player.fcgi?id=dotson000con,
Shane Ennis,21,2017,West Virginia,Big 12,1,0,1,3.68,7,0,,0,0,0,14.2,10,6,6,3,11,0,15,1,0,2,64,1.432,6.1,1.8,6.8,9.2,1.36,,player.fcgi?id=ennis-000sha,
Michael Grove,20,2017,West Virginia,Big 12,3,1,0.75,2.87,9,9,,0,0,0,47,29,18,15,3,15,0,61,0,0,1,184,0.936,5.6,0.6,2.9,11.7,4.07,,player.fcgi?id=grove-000mic,
Isaiah Kearns,19,2017,West Virginia,Big 12,5,0,1,4.75,15,8,,1,0,0,47.1,44,27,25,7,19,1,44,3,0,5,206,1.331,8.4,1.3,3.6,8.4,2.32,,player.fcgi?id=kearns000isa,
Sam Kessler,19,2017,West Virginia,Big 12,1,2,0.333,2.61,17,2,,0,0,1,38,28,13,11,4,19,1,41,5,1,2,162,1.237,6.6,0.9,4.5,9.7,2.16,,player.fcgi?id=kessle002sam,
Alek Manoah,19,2017,West Virginia,Big 12,1,1,0.5,3.07,19,10,,0,0,2,55.2,43,23,19,1,33,0,45,17,2,6,250,1.365,7,0.2,5.3,7.3,1.36,,player.fcgi?id=manoah000ale,
Ryan McDonald,20,2017,West Virginia,Big 12,1,2,0.333,6.04,14,0,,0,0,0,22.1,24,18,15,3,16,1,14,0,0,2,103,1.791,9.7,1.2,6.4,5.6,0.88,,player.fcgi?id=mcdona003rya,
B.J. Myers,22,2017,West Virginia,Big 12,5,5,0.5,4.52,17,16,,1,0,0,97.2,105,53,49,6,21,0,73,7,1,3,415,1.29,9.7,0.6,1.9,6.7,3.48,,player.fcgi?id=myers-000bj-,
Jacob Potock,19,2017,West Virginia,Big 12,0,1,0,4.5,7,0,,0,0,1,10,11,6,5,2,5,0,8,1,1,0,47,1.6,9.9,1.8,4.5,7.2,1.6,,player.fcgi?id=potock000jac,
Jackson Sigman,22,2017,West Virginia,Big 12,6,4,0.6,4.94,36,0,,0,0,0,58.1,53,34,32,9,23,0,73,6,1,2,248,1.303,8.2,1.4,3.5,11.3,3.17,,player.fcgi?id=sigman000jac,
Kade Strowd,19,2017,West Virginia,Big 12,1,3,0.25,5.76,17,8,,0,0,0,45.1,48,30,29,7,28,0,35,6,1,3,214,1.676,9.5,1.4,5.6,6.9,1.25,,player.fcgi?id=strowd000kad,
Riley Troutt,19,2017,West Virginia,Big 12,1,1,0.5,3.18,13,0,,0,0,0,17,15,8,6,0,5,1,12,1,0,0,72,1.176,7.9,0,2.6,6.4,2.4,,player.fcgi?id=troutt000ril,
Frank Vesuvio,19,2017,West Virginia,Big 12,0,0,,3,5,0,,0,0,0,3,1,1,1,0,5,1,2,1,0,2,16,2,3,0,15,6,0.4,,player.fcgi?id=vesuvi000fra,
Cody Wood,20,2017,West Virginia,Big 12,2,0,1,5.4,11,0,,0,0,1,16.2,17,11,10,1,4,0,9,3,1,2,72,1.26,9.2,0.5,2.2,4.9,2.25,,player.fcgi?id=wood--000cod,
Braden Zarbnisky,20,2017,West Virginia,Big 12,6,2,0.75,2.75,23,0,,0,0,6,39.1,35,14,12,2,21,1,46,4,0,4,174,1.424,8,0.5,4.8,10.5,2.19,,player.fcgi?id=zarbni000bra,
Brandon Boone,21,2016,West Virginia,Big 12,1,0,1,3.38,12,0,,0,0,0,18.2,12,8,7,0,16,0,25,2,0,4,88,1.5,5.8,0,7.7,12.1,1.56,,player.fcgi?id=boone-000bra,
Jacob Brewer*,19,2016,West Virginia,Big 12,0,0,,5.4,9,0,,0,0,1,6.2,8,5,4,1,8,0,8,0,0,0,34,2.4,10.8,1.4,10.8,10.8,1,,player.fcgi?id=brewer003jac,
Tanner Campbell?,--,2016,West Virginia,Big 12,2,1,0.667,3.42,6,5,,0,0,0,26.1,24,13,10,1,10,0,18,4,2,1,115,1.291,8.2,0.3,3.4,6.2,1.8,,player.fcgi?id=campbe000tan,
Chad Donato,21,2016,West Virginia,Big 12,3,4,0.429,3.27,15,15,,1,1,0,96.1,86,43,35,3,20,0,111,8,1,2,398,1.1,8,0.3,1.9,10.4,5.55,,player.fcgi?id=donato000cha,
Conner Dotson,20,2016,West Virginia,Big 12,7,4,0.636,4.44,20,4,,0,0,1,48.2,56,30,24,4,24,2,40,3,1,4,225,1.644,10.4,0.7,4.4,7.4,1.67,,player.fcgi?id=dotson000con,
Shane Ennis,20,2016,West Virginia,Big 12,0,0,,6.23,8,0,,0,0,0,4.1,1,3,3,0,6,0,6,2,0,3,22,1.615,2.1,0,12.5,12.5,1,,player.fcgi?id=ennis-000sha,
Michael Grove,19,2016,West Virginia,Big 12,2,4,0.333,3.4,16,7,,0,0,1,45,45,22,17,3,20,1,56,1,0,7,193,1.444,9,0.6,4,11.2,2.8,,player.fcgi?id=grove-000mic,
Jeff Hardy,21,2016,West Virginia,Big 12,0,1,0,7.84,13,0,,0,0,2,20.2,24,19,18,2,10,0,20,1,0,3,99,1.645,10.5,0.9,4.4,8.7,2,,player.fcgi?id=hardy-002jef,
Seth Jordan*,20,2016,West Virginia,Big 12,0,0,,4.5,2,0,,0,0,0,2,2,1,1,1,0,0,2,0,0,0,8,1,9,4.5,0,9,,,player.fcgi?id=jordan000set,
Endy Morales,19,2016,West Virginia,Big 12,0,0,,8.31,6,0,,0,0,0,4.1,4,4,4,0,2,0,2,3,1,0,22,1.385,8.3,0,4.2,4.2,1,,player.fcgi?id=morale000end,
B.J. Myers,21,2016,West Virginia,Big 12,5,3,0.625,4.05,17,10,,0,0,0,66.2,55,37,30,5,22,1,53,3,2,2,268,1.155,7.4,0.7,3,7.2,2.41,,player.fcgi?id=myers-000bj-,
Jacob Potock,18,2016,West Virginia,Big 12,0,0,,8.1,3,0,,0,0,0,3.1,6,3,3,0,1,0,3,0,0,0,16,2.1,16.2,0,2.7,8.1,3,,player.fcgi?id=potock000jac,
Jackson Sigman,21,2016,West Virginia,Big 12,0,0,,3.63,20,0,,0,0,0,17.1,15,9,7,2,9,0,13,0,0,2,74,1.385,7.8,1,4.7,6.8,1.44,,player.fcgi?id=sigman000jac,
Blake Smith,23,2016,West Virginia,Big 12,5,3,0.625,2.2,25,0,,0,0,8,32.2,24,10,8,1,16,2,42,1,1,3,136,1.224,6.6,0.3,4.4,11.6,2.63,,player.fcgi?id=smith-005bla,
Ross Vance*,24,2016,West Virginia,Big 12,7,2,0.778,4.91,18,13,,1,0,0,91.2,89,55,50,8,29,3,91,18,1,3,401,1.287,8.7,0.8,2.8,8.9,3.14,,player.fcgi?id=vance-000ros,
Nick Wernke,21,2016,West Virginia,Big 12,0,0,,4.5,7,0,,0,0,0,6,6,3,3,0,4,0,3,2,1,2,27,1.667,9,0,6,4.5,0.75,,player.fcgi?id=wernke000nic,
Braden Zarbnisky,19,2016,West Virginia,Big 12,4,0,1,4,12,4,,0,0,0,27,24,13,12,1,11,0,25,3,1,1,113,1.296,8,0.3,3.7,8.3,2.27,,player.fcgi?id=zarbni000bra,
Brandon Boone,20,2015,West Virginia,Big 12,0,0,,3.86,6,0,,,0,0,4.2,5,3,2,0,2,0,9,0,0,2,22,1.5,9.6,0,3.9,17.4,4.5,,player.fcgi?id=boone-000bra,
Josh Bornstein,21,2015,West Virginia,Big 12,0,0,,1.5,7,0,,,0,0,6,4,3,1,0,4,0,3,2,0,1,27,1.333,6,0,6,4.5,0.75,,player.fcgi?id=bornst000jos,
Chad Donato,20,2015,West Virginia,Big 12,7,6,0.538,3.07,15,14,,,1,1,96.2,89,41,33,6,20,0,76,6,1,2,402,1.128,8.3,0.6,1.9,7.1,3.8,,player.fcgi?id=donato000cha,
Conner Dotson,19,2015,West Virginia,Big 12,0,4,0,3.88,18,7,,,0,1,55.2,53,28,24,4,27,0,47,7,0,6,251,1.437,8.6,0.6,4.4,7.6,1.74,,player.fcgi?id=dotson000con,
Shane Ennis,19,2015,West Virginia,Big 12,1,3,0.25,6.15,15,6,,,0,0,33.2,36,25,23,2,16,0,18,6,0,5,155,1.545,9.6,0.5,4.3,4.8,1.13,,player.fcgi?id=ennis-000sha,
Jeff Hardy,20,2015,West Virginia,Big 12,2,1,0.667,5.63,19,1,,,0,0,32,40,23,20,1,10,0,31,8,0,7,153,1.563,11.3,0.3,2.8,8.7,3.1,,player.fcgi?id=hardy-002jef,
Alec Horvath,22,2015,West Virginia,Big 12,0,0,,27,1,0,,,0,0,0.1,0,1,1,0,1,0,0,0,0,0,2,3,0,0,27,0,0,,player.fcgi?id=horvat000ale,
Seth Jordan*,19,2015,West Virginia,Big 12,1,0,1,9.45,6,0,,,0,0,6.2,7,7,7,2,5,0,2,2,0,0,32,1.8,9.5,2.7,6.8,2.7,0.4,,player.fcgi?id=jordan000set,
B.J. Myers,20,2015,West Virginia,Big 12,3,5,0.375,3.82,14,9,,,0,0,63.2,61,31,27,4,33,1,60,3,1,2,277,1.476,8.6,0.6,4.7,8.5,1.82,,player.fcgi?id=myers-000bj-,
Shay Phillips?,--,2015,West Virginia,Big 12,0,0,,7.71,2,0,,,0,0,2.1,3,2,2,0,1,0,0,0,0,0,11,1.714,11.6,0,3.9,0,0,,player.fcgi?id=philli004sha,
Jordan Sergent*,20,2015,West Virginia,Big 12,0,0,,3.6,7,0,,,0,0,5,6,3,2,0,4,0,1,1,0,0,27,2,10.8,0,7.2,1.8,0.25,,player.fcgi?id=sergen000jor,
Jackson Sigman,20,2015,West Virginia,Big 12,0,0,,3.38,13,0,,,0,0,8,11,5,3,0,6,0,5,1,0,0,41,2.125,12.4,0,6.8,5.6,0.83,,player.fcgi?id=sigman000jac,
Blake Smith,22,2015,West Virginia,Big 12,4,1,0.8,3.64,20,0,,,0,5,29.2,23,17,12,3,20,4,38,3,0,1,135,1.449,7,0.9,6.1,11.5,1.9,,player.fcgi?id=smith-005bla,
Ross Vance*,23,2015,West Virginia,Big 12,7,5,0.583,3.26,16,15,,,0,0,96.2,91,48,35,4,33,2,81,14,0,1,413,1.283,8.5,0.4,3.1,7.5,2.45,,player.fcgi?id=vance-000ros,
Nick Wernke,20,2015,West Virginia,Big 12,1,0,1,7.88,9,0,,,0,1,8,7,8,7,0,11,0,8,1,0,2,43,2.25,7.9,0,12.4,9,0.73,,player.fcgi?id=wernke000nic,
Zach Bargeron*,23,2014,West Virginia,Big 12,1,1,0.5,7.48,12,3,,,0,0,21.2,30,18,18,1,6,0,6,5,1,3,107,1.662,12.5,0.4,2.5,2.5,1,,player.fcgi?id=barger002zac,
Michael Bennett,--,2014,West Virginia,Big 12,2,3,0.4,5.14,15,2,,,0,1,28,24,16,16,1,15,0,18,1,0,1,121,1.393,7.7,0.3,4.8,5.8,1.2,,player.fcgi?id=bennet003mic,
Sean Carley,23,2014,West Virginia,Big 12,5,3,0.625,2.95,18,9,,,0,4,73.1,74,27,24,2,26,1,47,10,1,3,322,1.364,9.1,0.2,3.2,5.8,1.81,,player.fcgi?id=carley000sea,
Chad Donato,19,2014,West Virginia,Big 12,0,0,,2.7,4,0,,,0,0,3.1,4,2,1,0,1,0,1,2,0,0,16,1.5,10.8,0,2.7,2.7,1,,player.fcgi?id=donato000cha,
Ryan Hostrander?,--,2014,West Virginia,Big 12,0,1,0,4.76,10,0,,,0,0,5.2,5,4,3,0,4,0,4,3,1,2,28,1.588,7.9,0,6.4,6.4,1,,player.fcgi?id=hostra000rya,
Joby Lapkowicz?,--,2014,West Virginia,Big 12,0,0,,6.75,11,0,,,0,0,4,6,4,3,2,5,0,5,1,0,1,25,2.75,13.5,4.5,11.3,11.3,1,,player.fcgi?id=lapkow000job,
John Means*,21,2014,West Virginia,Big 12,6,2,0.75,3.13,12,12,,,0,0,69,73,30,24,2,18,0,46,4,1,5,290,1.319,9.5,0.3,2.3,6,2.56,,player.fcgi?id=means-000joh,
Harrison Musgrave*,22,2014,West Virginia,Big 12,5,3,0.625,2.62,15,15,,,0,0,106.1,90,37,31,5,22,1,87,4,0,6,435,1.053,7.6,0.4,1.9,7.4,3.95,,player.fcgi?id=musgra000har,
Pascal Paul,--,2014,West Virginia,Big 12,0,1,0,2.89,20,0,,,0,2,28,33,12,9,0,17,2,25,5,0,1,137,1.786,10.6,0,5.5,8,1.47,,player.fcgi?id=paul--000pas,
Trevor Simms,22,2014,West Virginia,Big 12,0,1,0,7.56,6,1,,,0,0,8.1,11,7,7,0,6,1,3,6,0,2,47,2.04,11.9,0,6.5,3.2,0.5,,player.fcgi?id=simms-000tre,
Ryan Tezak,22,2014,West Virginia,Big 12,5,1,0.833,4.85,15,0,,,0,1,26,21,16,14,0,18,0,14,4,0,3,120,1.5,7.3,0,6.2,4.8,0.78,,player.fcgi?id=tezak-000rya,
Ross Vance*,22,2014,West Virginia,Big 12,3,4,0.429,3.41,17,7,,,0,0,58,52,25,22,5,19,0,51,8,0,1,243,1.224,8.1,0.8,2.9,7.9,2.68,,player.fcgi?id=vance-000ros,
Corey Walter,21,2014,West Virginia,Big 12,1,6,0.143,5.01,17,5,,,0,4,46.2,51,32,26,4,20,0,20,4,0,2,208,1.521,9.8,0.8,3.9,3.9,1,,player.fcgi?id=walter002cor,
Zach Bargeron*,22,2013,West Virginia,Big 12,0,1,0,6.23,10,3,,,0,0,13,19,13,9,1,14,1,6,1,0,1,70,2.538,13.2,0.7,9.7,4.2,0.43,,player.fcgi?id=barger002zac,
Dan Dierdorff?,--,2013,West Virginia,Big 12,4,8,0.333,5.11,18,13,,,0,1,79.1,91,56,45,3,24,1,47,10,0,4,362,1.45,10.3,0.3,2.7,5.3,1.96,,player.fcgi?id=dierdo000dan,
Tad Dipzinski?,--,2013,West Virginia,Big 12,0,0,,6.75,4,1,,,0,0,4,2,3,3,1,6,0,1,0,0,0,20,2,4.5,2.3,13.5,2.3,0.17,,player.fcgi?id=dipzin000tad,
Brock Dykxhoorn,18,2013,West Virginia,Big 12,2,1,0.667,3.15,10,7,,,0,0,34.1,32,16,12,1,11,1,20,4,0,4,155,1.252,8.4,0.3,2.9,5.2,1.82,,player.fcgi?id=dykxho000bro,
Josh Harlow?,--,2013,West Virginia,Big 12,0,2,0,5.86,15,0,,,0,0,27.2,33,20,18,0,11,1,16,5,0,2,127,1.59,10.7,0,3.6,5.2,1.45,,player.fcgi?id=harlow000jos,
Jared Hill?,--,2013,West Virginia,Big 12,0,0,,3.86,8,0,,,0,0,4.2,5,2,2,0,1,1,5,5,0,3,24,1.286,9.6,0,1.9,9.6,5,,player.fcgi?id=hill--000jar,
Ryan Hostrander?,--,2013,West Virginia,Big 12,2,0,1,3.56,20,0,,,0,0,30.1,36,19,12,2,12,1,17,5,0,1,141,1.582,10.7,0.6,3.6,5,1.42,,player.fcgi?id=hostra000rya,
John Means*,20,2013,West Virginia,Big 12,4,4,0.5,3.34,13,13,,,0,0,72.2,72,37,27,4,22,1,54,8,0,7,319,1.294,8.9,0.5,2.7,6.7,2.45,,player.fcgi?id=means-000joh,
Taylor Munden,19,2013,West Virginia,Big 12,0,1,0,7.27,7,0,,,0,0,8.2,7,8,7,0,7,0,7,0,1,1,40,1.615,7.3,0,7.3,7.3,1,,player.fcgi?id=munden000tay,
Harrison Musgrave*,21,2013,West Virginia,Big 12,9,1,0.9,2.17,14,14,,,3,0,95.1,65,24,23,4,29,1,81,12,1,2,385,0.986,6.1,0.4,2.7,7.6,2.79,,player.fcgi?id=musgra000har,
Pascal Paul,--,2013,West Virginia,Big 12,3,3,0.5,2.76,24,0,,,0,8,32.2,29,11,10,3,13,2,25,8,0,2,144,1.286,8,0.8,3.6,6.9,1.92,,player.fcgi?id=paul--000pas,
Ryan Tezak,21,2013,West Virginia,Big 12,4,0,1,3.93,17,0,,,0,0,36.2,27,18,16,3,20,1,25,2,1,3,160,1.282,6.6,0.7,4.9,6.1,1.25,,player.fcgi?id=tezak-000rya,
Marshall Thompson?,--,2013,West Virginia,Big 12,0,0,,108,1,0,,,0,0,0.1,1,4,4,0,2,0,0,1,0,0,5,9,27,0,54,0,0,,player.fcgi?id=thomps010mar,
Corey Walter,20,2013,West Virginia,Big 12,5,5,0.5,3.65,15,8,,,0,1,66.2,74,37,27,3,28,4,38,10,0,0,312,1.53,10,0.4,3.8,5.1,1.36,,player.fcgi?id=walter002cor,
Eric Anderson,20,2011,Missouri,Big 12,,,,4.75,,9,,,0,,47.1,49,30,25,,16,,26,,,,,1.373,9.3,,3,4.9,1.63,,player.fcgi?id=anders004eri,
Brad Buehler,22,2011,Missouri,Big 12,,,,6.39,,1,,,0,,31,42,25,22,,14,,31,,,,,1.806,12.2,,4.1,9,2.21,,player.fcgi?id=buehle001bra,
Brian Carr?,--,2011,Missouri,Big 12,,,,9,,0,,,0,,1,1,1,1,,1,,1,,,,,2,9,,9,9,1,,player.fcgi?id=carr--000bri,
Ryan Clubb?,--,2011,Missouri,Big 12,,,,36,,0,,,0,,1,2,4,4,,1,,0,,,,,3,18,,9,0,0,,player.fcgi?id=clubb-000rya,
Jeff Emens?,--,2011,Missouri,Big 12,,,,4.29,,0,,,0,,42,58,27,20,,13,,28,,,,,1.69,12.4,,2.8,6,2.15,,player.fcgi?id=emens-000jef,
Kelly Fick?,--,2011,Missouri,Big 12,,,,3.56,,1,,,0,,30.1,30,16,12,,11,,17,,,,,1.352,8.9,,3.3,5,1.55,,player.fcgi?id=fick--000kel,
Eric Garcia,20,2011,Missouri,Big 12,,,,9,,0,,,0,,3,4,4,3,,3,,3,,,,,2.333,12,,9,9,1,,player.fcgi?id=garcia003eri,
Zack Hardoin*,22,2011,Missouri,Big 12,,,,5.74,,9,,,0,,31.1,35,25,20,,17,,28,,,,,1.66,10.1,,4.9,8,1.65,,player.fcgi?id=hardoi000zac,
James Hudelson,21,2011,Missouri,Big 12,,,,6.75,,0,,,0,,4,8,4,3,,2,,1,,,,,2.5,18,,4.5,2.3,0.5,,player.fcgi?id=hudels000jam,
Phil McCormick*,22,2011,Missouri,Big 12,,,,3.46,,0,,,0,,65,54,31,25,,33,,57,,,,,1.338,7.5,,4.6,7.9,1.73,,player.fcgi?id=mccorm000phi,
Dusty Ross?,--,2011,Missouri,Big 12,,,,4.1,,2,,,0,,37.1,36,20,17,,13,,25,,,,,1.313,8.7,,3.1,6,1.92,,player.fcgi?id=ross--000dus,
Jeff Scardino?,--,2011,Missouri,Big 12,,,,5.4,,6,,,0,,35,41,21,21,,9,,29,,,,,1.429,10.5,,2.3,7.5,3.22,,player.fcgi?id=scardi000jef,
Myles Smith,19,2011,Missouri,Big 12,,,,4.5,,1,,,0,,20,26,13,10,,12,,16,,,,,1.9,11.7,,5.4,7.2,1.33,,player.fcgi?id=smith-000myl,
Matt Stites,21,2011,Missouri,Big 12,,,,3.72,,15,,,0,,92,90,44,38,,41,,77,,,,,1.424,8.8,,4,7.5,1.88,,player.fcgi?id=stites001mat,
Rob Zastryzny*,19,2011,Missouri,Big 12,,,,4.3,,15,,,0,,88,98,55,42,,27,,70,,,,,1.42,10,,2.8,7.2,2.59,,player.fcgi?id=zastry000rob,
Eric Anderson,21,2012,Missouri,Big 12,0,3,0,4.44,4,4,,,0,0,24.1,30,12,12,1,3,0,16,1,0,0,103,1.356,11.1,0.4,1.1,5.9,5.33,,player.fcgi?id=anders004eri,
Kyle Barbeck?,--,2012,Missouri,Big 12,1,0,1,3.6,4,1,,,0,0,5,5,2,2,0,4,0,2,3,0,0,28,1.8,9,0,7.2,3.6,0.5,,player.fcgi?id=barbec000kyl,
Jeff Cline?,--,2012,Missouri,Big 12,0,1,0,7.15,6,3,,,0,0,11.1,12,9,9,0,8,0,2,1,0,0,53,1.765,9.5,0,6.4,1.6,0.25,,player.fcgi?id=cline-000jef,
Ryan Clubb?,--,2012,Missouri,Big 12,0,0,,27,1,0,,,0,0,1,3,3,3,0,1,0,2,1,0,0,8,4,27,0,9,18,2,,player.fcgi?id=clubb-000rya,
Jeff Emens?,--,2012,Missouri,Big 12,4,1,0.8,2.71,32,4,,,0,3,86.1,90,32,26,3,15,1,65,9,1,9,362,1.216,9.4,0.3,1.6,6.8,4.33,,player.fcgi?id=emens-000jef,
Brett Graves,19,2012,Missouri,Big 12,4,5,0.444,6.32,18,10,,,0,0,47,56,36,33,2,30,0,28,10,0,2,228,1.83,10.7,0.4,5.7,5.4,0.93,,player.fcgi?id=graves000bre,
Blake Holovach*,21,2012,Missouri,Big 12,7,5,0.583,5.08,20,14,,,1,1,79.2,99,50,45,4,34,0,44,10,1,3,375,1.669,11.2,0.5,3.8,5,1.29,,player.fcgi?id=holova000bla,
John Miles,19,2012,Missouri,Big 12,4,2,0.667,5.11,25,4,,,0,0,49.1,49,32,28,5,22,0,25,10,1,6,226,1.439,8.9,0.9,4,4.6,1.14,,player.fcgi?id=miles-004joh,
Brandon Platts,19,2012,Missouri,Big 12,0,1,0,12.27,5,2,,,0,0,7.1,13,12,10,0,4,0,5,1,1,0,41,2.318,16,0,4.9,6.1,1.25,,player.fcgi?id=platts000bra,
Dusty Ross?,--,2012,Missouri,Big 12,4,2,0.667,3,31,1,,,0,3,48,48,24,16,0,12,1,23,2,0,1,207,1.25,9,0,2.3,4.3,1.92,,player.fcgi?id=ross--000dus,
Brett Thomas?,--,2012,Missouri,Big 12,0,0,,0,1,0,,,0,0,1,0,1,0,0,2,0,0,0,0,0,6,2,0,0,18,0,0,,player.fcgi?id=thomas005bre,
Jake Walsh*,21,2012,Missouri,Big 12,2,3,0.4,3.44,34,0,,,0,8,34,30,13,13,4,14,1,32,7,1,0,151,1.294,7.9,1.1,3.7,8.5,2.29,,player.fcgi?id=walsh-000jak,
Ryan Yuengel?,--,2012,Missouri,Big 12,2,0,1,4.22,21,1,,,0,0,32,30,21,15,0,13,0,32,6,1,1,151,1.344,8.4,0,3.7,9,2.46,,player.fcgi?id=yuenge000rya,
Rob Zastryzny*,20,2012,Missouri,Big 12,5,5,0.5,3.8,17,17,,,1,0,109,109,51,46,4,31,0,76,5,0,5,476,1.284,9,0.3,2.6,6.3,2.45,,player.fcgi?id=zastry000rob,
Steven Bruce,19,2011,Oklahoma,Big 12,,,,2.81,,1,,,0,,16,14,6,5,,6,,10,,,,,1.25,7.9,,3.4,5.6,1.67,,player.fcgi?id=bruce-000ste,
Anthony Collazo*,22,2011,Oklahoma,Big 12,,,,3,,0,,,0,,15,14,6,5,,5,,13,,,,,1.267,8.4,,3,7.8,2.6,,player.fcgi?id=collaz000ant,
Ryan Duke,22,2011,Oklahoma,Big 12,,,,4.05,,0,,,0,,20,19,11,9,,7,,25,,,,,1.3,8.6,,3.2,11.3,3.57,,player.fcgi?id=duke--000rya,
Ryan Gibson*,19,2011,Oklahoma,Big 12,,,,6.1,,2,,,0,,10.1,13,8,7,,10,,8,,,,,2.226,11.3,,8.7,7,0.8,,player.fcgi?id=gibson001rya,
Andrew Harrison,20,2011,Oklahoma,Big 12,,,,0,,0,,,0,,2,1,0,0,,2,,0,,,,,1.5,4.5,,9,0,0,,player.fcgi?id=harris004and,
Jordan John*,20,2011,Oklahoma,Big 12,,,,2.32,,7,,,0,,62,55,23,16,,18,,54,,,,,1.177,8,,2.6,7.8,3,,player.fcgi?id=john--000jor,
Kindle Ladd?,--,2011,Oklahoma,Big 12,,,,5.28,,1,,,0,,15.1,20,10,9,,5,,10,,,,,1.63,11.7,,2.9,5.9,2,,player.fcgi?id=ladd--000kin,
Jack Mayfield,20,2011,Oklahoma,Big 12,,,,3.68,,1,,,0,,22,23,9,9,,12,,18,,,,,1.591,9.4,,4.9,7.4,1.5,,player.fcgi?id=mayfie000dav,
Dillon Overton*,19,2011,Oklahoma,Big 12,,,,2.28,,7,,,0,,75,72,30,19,,32,,59,,,,,1.387,8.6,,3.8,7.1,1.84,,player.fcgi?id=overto001dil,
Michael Rocha,22,2011,Oklahoma,Big 12,,,,1.75,,16,,,1,,113,89,33,22,,17,,82,,,,,0.938,7.1,,1.4,6.5,4.82,,player.fcgi?id=rocha-000mic,
Tyson Seng,23,2011,Oklahoma,Big 12,,,,2.03,,0,,,0,,31,30,11,7,,8,,24,,,,,1.226,8.7,,2.3,7,3,,player.fcgi?id=seng--000tys,
Cayle Shambaugh?,--,2011,Oklahoma,Big 12,,,,3.86,,0,,,0,,14,12,8,6,,9,,13,,,,,1.5,7.7,,5.8,8.4,1.44,,player.fcgi?id=shamba000cay,
Bobby Shore,22,2011,Oklahoma,Big 12,,,,4.09,,9,,,0,,55,42,27,25,,20,,44,,,,,1.127,6.9,,3.3,7.2,2.2,,player.fcgi?id=shore-002rob,
Burch Smith,21,2011,Oklahoma,Big 12,,,,3.83,,16,,,0,,89.1,85,43,38,,32,,90,,,,,1.31,8.6,,3.2,9.1,2.81,,player.fcgi?id=smith-003bur,
Steven Bruce,20,2012,Oklahoma,Big 12,2,0,1,8.38,12,0,,,0,0,19.1,21,19,18,1,15,0,8,4,2,3,95,1.862,9.8,0.5,7,3.7,0.53,,player.fcgi?id=bruce-000ste,
Chris Burgess,21,2012,Oklahoma,Big 12,0,0,,9,2,1,,,0,0,2,4,2,2,0,1,0,1,0,0,1,10,2.5,18,0,4.5,4.5,1,,player.fcgi?id=burges002chr,
Cale Coshow,19,2012,Oklahoma,Big 12,2,0,1,2.08,3,3,,,0,0,13,10,3,3,0,7,0,7,1,0,0,53,1.308,6.9,0,4.8,4.8,1,,player.fcgi?id=coshow000cal,
Jake Fisher*,21,2012,Oklahoma,Big 12,1,0,1,2.08,9,0,,,0,1,13,12,3,3,0,4,0,14,1,0,1,53,1.231,8.3,0,2.8,9.7,3.5,,player.fcgi?id=fisher006rob,
Jon Gray,20,2012,Oklahoma,Big 12,8,4,0.667,3.13,18,18,,,0,0,103.2,101,39,36,3,43,0,105,10,1,9,448,1.389,8.8,0.3,3.7,9.1,2.44,,player.fcgi?id=gray--001jon,
Andrew Harrison,21,2012,Oklahoma,Big 12,1,0,1,2.93,6,1,,,0,1,15.1,11,5,5,2,9,0,12,1,0,3,64,1.304,6.5,1.2,5.3,7,1.33,,player.fcgi?id=harris004and,
Jordan John*,21,2012,Oklahoma,Big 12,8,8,0.5,2.44,27,12,,,1,4,121.2,104,41,33,1,32,2,106,6,3,10,489,1.118,7.7,0.1,2.4,7.8,3.31,,player.fcgi?id=john--000jor,
Drew Krittenbrink?,--,2012,Oklahoma,Big 12,1,0,1,0,2,1,,,0,0,9.2,6,0,0,0,3,0,1,2,0,0,41,0.931,5.6,0,2.8,0.9,0.33,,player.fcgi?id=kritte000dre,
Kindle Ladd?,--,2012,Oklahoma,Big 12,0,1,0,4.68,16,0,,,0,2,25,27,16,13,2,13,1,20,2,0,4,121,1.6,9.7,0.7,4.7,7.2,1.54,,player.fcgi?id=ladd--000kin,
Damien Magnifico,21,2012,Oklahoma,Big 12,3,1,0.75,3.68,21,7,,,0,2,51.1,57,32,21,1,25,0,34,6,0,10,238,1.597,10,0.2,4.4,6,1.36,,player.fcgi?id=magnif001dam,
Steven Okert*,20,2012,Oklahoma,Big 12,9,8,0.529,3.11,30,5,,,0,5,84,71,37,29,5,36,1,77,9,1,3,362,1.274,7.6,0.5,3.9,8.3,2.14,,player.fcgi?id=okert-001ste,
Dillon Overton*,20,2012,Oklahoma,Big 12,6,3,0.667,3.15,22,16,,,0,0,122.2,127,54,43,6,24,0,126,2,3,3,520,1.231,9.3,0.4,1.8,9.2,5.25,,player.fcgi?id=overto001dil,
Jacob Rhame,19,2012,Oklahoma,Big 12,1,0,1,7.2,6,3,,,0,0,10,15,10,8,1,2,0,7,5,0,0,51,1.7,13.5,0.9,1.8,6.3,3.5,,player.fcgi?id=rhame-000jac,
Ty Taylor?,--,2012,Oklahoma,Big 12,0,0,,6.97,5,0,,,0,0,10.1,12,8,8,2,4,0,3,0,1,1,47,1.548,10.5,1.7,3.5,2.6,0.75,,player.fcgi?id=taylor000ty-,
Ethan Carnes*,21,2013,Oklahoma,Big 12,2,3,0.4,4.42,14,4,,,0,0,36.2,42,21,18,0,7,0,26,1,0,5,158,1.336,10.3,0,1.7,6.4,3.71,,player.fcgi?id=carnes000eth,
Adam Choplick*,20,2013,Oklahoma,Big 12,3,3,0.5,5.56,12,10,,,0,0,34,32,24,21,1,17,0,36,5,0,3,157,1.441,8.5,0.3,4.5,9.5,2.12,,player.fcgi?id=chopli000ada,
Corey Copping,19,2013,Oklahoma,Big 12,0,1,0,5.74,5,4,,,0,0,15.2,16,10,10,1,4,0,12,4,0,0,68,1.277,9.2,0.6,2.3,6.9,3,,player.fcgi?id=coppin000cor,
Jacob Evans*,19,2013,Oklahoma,Big 12,7,2,0.778,2.06,30,0,,,0,9,52.1,37,15,12,3,10,2,41,6,1,2,206,0.898,6.4,0.5,1.7,7.1,4.1,,player.fcgi?id=evans-002jac,
Jake Fisher*,22,2013,Oklahoma,Big 12,3,2,0.6,2.5,21,6,,,0,0,54,59,23,15,5,14,0,51,7,0,1,233,1.352,9.8,0.8,2.3,8.5,3.64,,player.fcgi?id=fisher006rob,
Ralph Garza,19,2013,Oklahoma,Big 12,5,1,0.833,2.76,24,2,,,0,0,58.2,53,22,18,2,23,1,38,13,0,7,251,1.295,8.1,0.3,3.5,5.8,1.65,,player.fcgi?id=garza-000ral,
Jon Gray,21,2013,Oklahoma,Big 12,10,3,0.769,1.64,17,17,,,2,0,126.1,83,27,23,1,24,0,147,9,1,5,481,0.847,5.9,0.1,1.7,10.5,6.13,,player.fcgi?id=gray--001jon,
Kyle Hayes?,--,2013,Oklahoma,Big 12,1,0,1,3.23,17,2,,,0,2,30.2,31,17,11,1,12,0,23,4,0,3,136,1.402,9.1,0.3,3.5,6.8,1.92,,player.fcgi?id=hayes-000kyl,
Drew Krittenbrink?,--,2013,Oklahoma,Big 12,0,0,,0,3,2,,,0,0,7,3,0,0,0,6,0,7,0,0,0,28,1.286,3.9,0,7.7,9,1.17,,player.fcgi?id=kritte000dre,
Kindle Ladd?,--,2013,Oklahoma,Big 12,0,0,,3.65,13,0,,,0,0,24.2,31,10,10,1,6,0,17,3,0,7,112,1.5,11.3,0.4,2.2,6.2,2.83,,player.fcgi?id=ladd--000kin,
Dillon Overton*,21,2013,Oklahoma,Big 12,9,3,0.75,3.02,16,14,,,0,0,92.1,91,35,31,2,23,0,79,6,1,2,397,1.235,8.9,0.2,2.2,7.7,3.43,,player.fcgi?id=overto001dil,
Rob Tasin,21,2013,Oklahoma,Big 12,1,0,1,3.29,15,0,,,0,3,13.2,14,7,5,0,8,0,11,2,0,1,65,1.61,9.2,0,5.3,7.2,1.38,,player.fcgi?id=tasin-000rob,
Billy Waltrip*,20,2013,Oklahoma,Big 12,2,3,0.4,5.15,20,3,,,0,0,36.2,39,30,21,1,30,1,45,7,0,12,184,1.882,9.6,0.2,7.4,11,1.5,,player.fcgi?id=waltri000wil,
Connor Buchmann,20,2014,Oklahoma,Big 12,0,0,,3,5,4,,,0,0,12,6,8,4,0,12,0,11,5,0,3,58,1.5,4.5,0,9,8.3,0.92,,player.fcgi?id=buchma000con,
Adam Choplick*,21,2014,Oklahoma,Big 12,3,4,0.429,5.35,15,14,,,0,0,72.1,81,47,43,3,32,0,76,9,0,6,331,1.562,10.1,0.4,4,9.5,2.38,,player.fcgi?id=chopli000ada,
Corey Copping,20,2014,Oklahoma,Big 12,2,2,0.5,3.53,16,9,,,0,0,51,57,29,20,0,20,1,35,5,0,2,226,1.51,10.1,0,3.5,6.2,1.75,,player.fcgi?id=coppin000cor,
Jeffrey Curran?,--,2014,Oklahoma,Big 12,0,2,0,1.71,20,0,,,0,1,26.1,24,8,5,2,2,0,25,1,0,1,108,0.987,8.2,0.7,0.7,8.5,12.5,,player.fcgi?id=curran000jef,
Jake Elliott,19,2014,Oklahoma,Big 12,2,3,0.4,3.56,11,11,,,0,0,55.2,47,29,22,3,20,0,36,6,2,5,234,1.204,7.6,0.5,3.2,5.8,1.8,,player.fcgi?id=elliot000jak,
Jacob Evans*,20,2014,Oklahoma,Big 12,3,5,0.375,5.52,21,9,,,0,0,58.2,83,46,36,5,7,0,54,13,0,1,279,1.534,12.7,0.8,1.1,8.3,7.71,,player.fcgi?id=evans-002jac,
Ralph Garza,20,2014,Oklahoma,Big 12,5,3,0.625,6.2,30,2,,,0,7,45,55,37,31,4,22,3,36,5,0,5,220,1.711,11,0.8,4.4,7.2,1.64,,player.fcgi?id=garza-000ral,
Tyler Gibson,19,2014,Oklahoma,Big 12,0,0,,7.71,3,0,,,0,0,2.1,2,2,2,0,1,0,2,2,0,0,11,1.286,7.7,0,3.9,7.7,2,,player.fcgi?id=gibson001tyl,
Alec Hansen,19,2014,Oklahoma,Big 12,0,1,0,4.76,10,1,,,0,0,11.1,11,7,6,0,13,0,16,2,0,4,61,2.118,8.7,0,10.3,12.7,1.23,,player.fcgi?id=hansen000ale,
Kyle Hayes?,--,2014,Oklahoma,Big 12,3,0,1,2.93,21,0,,,0,0,27.2,23,13,9,4,16,1,25,1,0,2,119,1.41,7.5,1.3,5.2,8.1,1.56,,player.fcgi?id=hayes-000kyl,
Hayden Jones*,--,2014,Oklahoma,Big 12,0,0,,0,3,0,,,0,0,3.2,3,0,0,0,2,0,3,1,0,1,16,1.364,7.4,0,4.9,7.4,1.5,,player.fcgi?id=jones-001hay,
Drew Krittenbrink?,--,2014,Oklahoma,Big 12,0,1,0,3.94,20,0,,,0,1,29.2,28,17,13,1,14,0,29,9,1,2,143,1.416,8.5,0.3,4.2,8.8,2.07,,player.fcgi?id=kritte000dre,
Kindle Ladd?,--,2014,Oklahoma,Big 12,5,3,0.625,4.31,27,2,,,0,0,56.1,62,33,27,1,25,2,33,5,0,5,257,1.544,9.9,0.2,4,5.3,1.32,,player.fcgi?id=ladd--000kin,
Sheldon Neuse,19,2014,Oklahoma,Big 12,1,0,1,2.25,9,0,,,0,1,12,11,7,3,1,4,2,11,1,0,1,53,1.25,8.3,0.8,3,8.3,2.75,,player.fcgi?id=neuse-000she,
Octavio Rodriguez*,19,2014,Oklahoma,Big 12,1,0,1,6.75,5,1,,,0,0,6.2,12,5,5,0,7,0,5,2,0,1,39,2.85,16.2,0,9.5,6.8,0.71,,player.fcgi?id=rodrig000oct,
Rob Tasin,22,2014,Oklahoma,Big 12,4,5,0.444,4.8,22,5,,,0,0,54.1,55,35,29,7,19,0,47,8,0,4,242,1.362,9.1,1.2,3.1,7.8,2.47,,player.fcgi?id=tasin-000rob,
Adam Choplick*,22,2015,Oklahoma,Big 12,3,1,0.75,2.51,11,6,,,0,0,43,32,19,12,1,26,0,53,4,0,4,183,1.349,6.7,0.2,5.4,11.1,2.04,,player.fcgi?id=chopli000ada,
Corey Copping,21,2015,Oklahoma,Big 12,4,1,0.8,3.92,13,7,,,0,0,41.1,32,18,18,2,13,0,44,6,2,2,174,1.089,7,0.4,2.8,9.6,3.38,,player.fcgi?id=coppin000cor,
Jeffrey Curran?,--,2015,Oklahoma,Big 12,0,1,0,3.55,14,6,,,0,0,38,47,23,15,3,7,0,27,3,0,2,170,1.421,11.1,0.7,1.7,6.4,3.86,,player.fcgi?id=curran000jef,
Jake Elliott,20,2015,Oklahoma,Big 12,4,6,0.4,3.06,15,15,,,0,0,88.1,75,43,30,5,35,2,80,7,1,3,381,1.245,7.6,0.5,3.6,8.2,2.29,,player.fcgi?id=elliot000jak,
Jacob Evans*,21,2015,Oklahoma,Big 12,6,1,0.857,1.67,28,0,,,0,8,43,36,11,8,1,10,0,53,2,0,0,178,1.07,7.5,0.2,2.1,11.1,5.3,,player.fcgi?id=evans-002jac,
Ralph Garza,21,2015,Oklahoma,Big 12,2,4,0.333,4.08,30,0,,,0,2,46.1,41,25,21,0,12,3,49,4,1,0,193,1.144,8,0,2.3,9.5,4.08,,player.fcgi?id=garza-000ral,
Alec Hansen,20,2015,Oklahoma,Big 12,5,6,0.455,3.95,15,15,,,0,0,82,75,44,36,0,44,0,94,8,1,14,365,1.451,8.2,0,4.8,10.3,2.14,,player.fcgi?id=hansen000ale,
Keaton Hernandez?,--,2015,Oklahoma,Big 12,0,1,0,3.86,20,1,,,0,0,35,39,20,15,1,14,1,20,6,2,4,158,1.514,10,0.3,3.6,5.1,1.43,,player.fcgi?id=hernan000kea,
Shawn Hunter*,22,2015,Oklahoma,Big 12,0,2,0,4.7,10,0,,,0,0,7.2,9,4,4,1,2,0,8,0,0,0,34,1.435,10.6,1.2,2.3,9.4,4,,player.fcgi?id=hunter000sha,
Hayden Jones*,--,2015,Oklahoma,Big 12,0,0,,5.06,7,0,,,0,0,5.1,4,4,3,0,4,0,5,1,0,0,26,1.5,6.8,0,6.8,8.4,1.25,,player.fcgi?id=jones-001hay,
Thomas McIlraith,21,2015,Oklahoma,Big 12,0,1,0,6.39,13,0,,,0,0,12.2,18,9,9,0,5,0,13,1,0,2,57,1.816,12.8,0,3.6,9.2,2.6,,player.fcgi?id=mcilra000tho,
Sheldon Neuse,20,2015,Oklahoma,Big 12,1,1,0.5,1.13,6,0,,,0,1,8,6,1,1,0,2,0,6,0,0,0,31,1,6.8,0,2.3,6.8,3,,player.fcgi?id=neuse-000she,
Blake Rogers,21,2015,Oklahoma,Big 12,0,0,,7.8,12,0,,,0,0,15,22,19,13,1,10,0,11,1,0,2,78,2.133,13.2,0.6,6,6.6,1.1,,player.fcgi?id=rogers000bla,
Kenny Saenz*,19,2015,Oklahoma,Big 12,0,0,,0,4,0,,,0,0,4,1,0,0,0,0,0,4,1,0,0,13,0.25,2.3,0,0,9,,,player.fcgi?id=saenz-000ken,
Cole Stevens?,--,2015,Oklahoma,Big 12,0,0,,0,1,0,,,0,0,1,0,0,0,0,1,0,0,0,0,0,4,1,0,0,9,0,0,,player.fcgi?id=steven000col,
Rob Tasin,23,2015,Oklahoma,Big 12,9,2,0.818,2.52,18,11,,,0,1,78.2,64,27,22,5,26,0,57,5,0,2,327,1.144,7.3,0.6,3,6.5,2.19,,player.fcgi?id=tasin-000rob,
Chris Andritsos,19,2016,Oklahoma,Big 12,4,6,0.4,4.96,15,12,,0,0,0,65.1,62,39,36,6,14,0,41,10,0,1,278,1.163,8.5,0.8,1.9,5.6,2.93,,player.fcgi?id=andrit000chr,
Connor Berry,19,2016,Oklahoma,Big 12,0,2,0,4.8,11,0,,0,0,1,15,10,8,8,0,16,0,12,1,0,2,69,1.733,6,0,9.6,7.2,0.75,,player.fcgi?id=berry-001con,
Alex Daniele,22,2016,Oklahoma,Big 12,1,0,1,4.38,11,0,,0,0,0,12.1,12,6,6,0,11,0,17,1,1,2,61,1.865,8.8,0,8,12.4,1.55,,player.fcgi?id=daniel002ale,
Jake Elliott,21,2016,Oklahoma,Big 12,0,1,0,6.02,12,10,,0,0,0,46.1,58,33,31,5,24,1,30,2,0,8,211,1.77,11.3,1,4.7,5.8,1.25,,player.fcgi?id=elliot000jak,
Dylan Grove,18,2016,Oklahoma,Big 12,3,1,0.75,3.77,11,4,,1,0,0,28.2,26,12,12,1,19,2,26,4,0,2,128,1.57,8.2,0.3,6,8.2,1.37,,player.fcgi?id=grove-000dyl,
Alec Hansen,21,2016,Oklahoma,Big 12,3,5,0.375,5.57,14,10,,0,0,0,51.2,44,36,32,2,39,0,75,5,3,7,242,1.606,7.7,0.3,6.8,13.1,1.92,,player.fcgi?id=hansen000ale,
Austin Hansen,19,2016,Oklahoma,Big 12,4,0,1,2.93,17,0,,0,0,0,27.2,24,14,9,2,19,0,27,2,0,2,127,1.554,7.8,0.7,6.2,8.8,1.42,,player.fcgi?id=hansen001aus,
Keaton Hernandez?,--,2016,Oklahoma,Big 12,0,2,0,6.64,20,3,,0,0,0,40.2,55,31,30,2,17,1,33,2,0,1,191,1.77,12.2,0.4,3.8,7.3,1.94,,player.fcgi?id=hernan000kea,
Shawn Hunter*,23,2016,Oklahoma,Big 12,1,2,0.333,3.55,16,0,,0,0,0,12.2,12,6,5,0,4,0,11,1,0,0,54,1.263,8.5,0,2.8,7.8,2.75,,player.fcgi?id=hunter000sha,
Jake Irvin,19,2016,Oklahoma,Big 12,6,2,0.75,4.47,15,9,,0,0,0,56.1,67,31,28,3,30,0,51,6,1,6,262,1.722,10.7,0.5,4.8,8.1,1.7,,player.fcgi?id=irvin-000jak,
Austin Kerns*,21,2016,Oklahoma,Big 12,1,1,0.5,5.64,16,3,,0,0,0,22.1,25,22,14,2,11,2,13,5,1,1,110,1.612,10.1,0.8,4.4,5.2,1.18,,player.fcgi?id=kerns-000aus,
Ryan Madden,19,2016,Oklahoma,Big 12,1,3,0.25,4.5,10,3,,0,0,0,24,28,15,12,2,6,0,14,4,0,1,105,1.417,10.5,0.8,2.3,5.3,2.33,,player.fcgi?id=madden000rya,
Sheldon Neuse,21,2016,Oklahoma,Big 12,4,1,0.8,1.4,14,0,,0,0,5,19.1,9,3,3,1,5,0,19,1,0,2,70,0.724,4.2,0.5,2.3,8.8,3.8,,player.fcgi?id=neuse-000she,
J.B. Olson,21,2016,Oklahoma,Big 12,1,1,0.5,2.03,29,1,,0,0,4,53.1,46,19,12,1,22,3,43,7,1,1,233,1.275,7.8,0.2,3.7,7.3,1.95,,player.fcgi?id=olson-000jb-,
Kenny Saenz*,20,2016,Oklahoma,Big 12,0,0,,5,12,0,,0,0,0,9,8,5,5,1,7,0,6,0,0,0,38,1.667,8,1,7,6,0.86,,player.fcgi?id=saenz-000ken,
Kyle Tyler,19,2016,Oklahoma,Big 12,1,0,1,2.12,7,3,,0,0,0,17,15,7,4,0,11,0,14,5,1,2,80,1.529,7.9,0,5.8,7.4,1.27,,player.fcgi?id=tyler-000kyl,
Vincenzo Aiello,22,2017,Oklahoma,Big 12,0,1,0,5.47,24,0,,0,0,1,24.2,24,16,15,1,18,1,39,2,0,3,115,1.703,8.8,0.4,6.6,14.2,2.17,,player.fcgi?id=aiello000vin,
Connor Berry,20,2017,Oklahoma,Big 12,3,0,1,1.93,22,0,,0,0,0,28,13,9,6,1,17,0,39,0,0,6,114,1.071,4.2,0.3,5.5,12.5,2.29,,player.fcgi?id=berry-001con,
Braidyn Fink*,19,2017,Oklahoma,Big 12,1,1,0.5,7.23,28,0,,0,0,1,18.2,14,17,15,1,17,1,21,3,0,3,92,1.661,6.8,0.5,8.2,10.1,1.24,,player.fcgi?id=fink--000bra,
Dylan Grove,19,2017,Oklahoma,Big 12,1,3,0.25,4.71,11,9,,0,0,0,36.1,33,24,19,0,40,0,48,11,0,9,191,2.009,8.2,0,9.9,11.9,1.2,,player.fcgi?id=grove-000dyl,
Austin Hansen,20,2017,Oklahoma,Big 12,3,1,0.75,3.86,12,8,,0,0,0,32.2,21,15,14,1,20,0,27,1,1,7,133,1.255,5.8,0.3,5.5,7.4,1.35,,player.fcgi?id=hansen001aus,
Jake Irvin,20,2017,Oklahoma,Big 12,6,3,0.667,3.53,13,13,,0,0,0,71.1,64,33,28,1,29,0,75,3,1,3,304,1.304,8.1,0.1,3.7,9.5,2.59,,player.fcgi?id=irvin-000jak,
Austin Kerns*,22,2017,Oklahoma,Big 12,2,3,0.4,6.49,27,0,,0,0,0,26.1,28,23,19,0,18,0,22,4,2,6,127,1.747,9.6,0,6.2,7.5,1.22,,player.fcgi?id=kerns-000aus,
Ryan Madden,20,2017,Oklahoma,Big 12,4,2,0.667,4.83,23,4,,0,0,0,54,48,32,29,4,21,0,45,4,0,5,231,1.278,8,0.7,3.5,7.5,2.14,,player.fcgi?id=madden000rya,
Braden Minor,--,2017,Oklahoma,Big 12,0,0,,8.53,5,0,,0,0,0,6.1,7,6,6,0,5,0,3,3,0,2,34,1.895,9.9,0,7.1,4.3,0.6,,player.fcgi?id=minor-000bra,
J.B. Olson,22,2017,Oklahoma,Big 12,5,1,0.833,1.99,31,0,,0,0,8,45.1,45,12,10,0,13,0,46,2,0,4,190,1.279,8.9,0,2.6,9.1,3.54,,player.fcgi?id=olson-000jb-,
Devon Perez,21,2017,Oklahoma,Big 12,6,2,0.75,3.5,14,8,,0,0,0,64.1,66,28,25,8,11,0,81,3,0,4,269,1.197,9.2,1.1,1.5,11.3,7.36,,player.fcgi?id=perez-000dev,
Lane Ramsey,20,2017,Oklahoma,Big 12,0,0,,9,5,0,,0,0,0,8,11,8,8,1,5,0,3,1,0,2,40,2,12.4,1.1,5.6,3.4,0.6,,player.fcgi?id=ramsey000lan,
Kyle Tyler,20,2017,Oklahoma,Big 12,0,3,0,5.15,13,10,,0,0,0,43.2,41,33,25,2,32,0,33,5,1,1,206,1.672,8.5,0.4,6.6,6.8,1.03,,player.fcgi?id=tyler-000kyl,
Nathan Wiles,18,2017,Oklahoma,Big 12,4,4,0.5,5.26,20,7,,0,0,1,49.2,62,31,29,6,16,0,39,3,0,1,221,1.57,11.2,1.1,2.9,7.1,2.44,,player.fcgi?id=wiles-000nat,
Joey Zurawik,23,2017,Oklahoma,Big 12,0,0,,6.75,8,0,,0,0,0,6.2,8,5,5,0,10,0,10,0,0,1,38,2.7,10.8,0,13.5,13.5,1,,player.fcgi?id=zurawi000joe,
Connor Berry,21,2018,Oklahoma,Big 12,1,1,0.5,1.35,22,0,,0,0,7,20,13,4,3,0,11,0,24,0,0,2,81,1.2,5.9,0,5,10.8,2.18,,player.fcgi?id=berry-001con,
Aaron Brooks,19,2018,Oklahoma,Big 12,0,0,,4.26,6,0,,0,0,0,6.1,5,3,3,1,5,0,8,1,0,2,29,1.579,7.1,1.4,7.1,11.4,1.6,,player.fcgi?id=brooks002aar,
Cade Cavalli,19,2018,Oklahoma,Big 12,2,2,0.5,6.75,11,2,,0,0,0,17.1,18,15,13,3,13,1,18,3,1,3,85,1.788,9.3,1.6,6.8,9.3,1.38,,player.fcgi?id=cavall000cad,
Braidyn Fink*,20,2018,Oklahoma,Big 12,0,0,,1.71,28,0,,0,0,1,21,15,4,4,1,9,0,28,3,0,4,87,1.143,6.4,0.4,3.9,12,3.11,,player.fcgi?id=fink--000bra,
Dylan Grove,20,2018,Oklahoma,Big 12,3,2,0.6,3.71,17,1,,0,0,1,34,22,18,14,2,25,0,34,7,0,2,153,1.382,5.8,0.5,6.6,9,1.36,,player.fcgi?id=grove-000dyl,
Austin Hansen,21,2018,Oklahoma,Big 12,2,3,0.4,3.29,34,0,,0,0,9,38.1,32,16,14,3,15,1,52,2,0,6,163,1.226,7.5,0.7,3.5,12.2,3.47,,player.fcgi?id=hansen001aus,
Jake Irvin,21,2018,Oklahoma,Big 12,6,2,0.75,3.41,16,16,,0,0,0,95,76,45,36,11,28,0,115,3,1,5,395,1.095,7.2,1,2.7,10.9,4.11,,player.fcgi?id=irvin-000jak,
Brett Lorah,21,2018,Oklahoma,Big 12,0,0,,13.5,3,0,,0,0,0,2,3,3,3,0,3,0,0,1,0,0,14,3,13.5,0,13.5,0,0,,player.fcgi?id=lorah-000bre,
Ryan Madden,21,2018,Oklahoma,Big 12,1,0,1,5.59,19,0,,0,0,0,19.1,30,12,12,0,8,0,13,1,0,1,97,1.966,14,0,3.7,6.1,1.63,,player.fcgi?id=madden000rya,
Zack Matthews,19,2018,Oklahoma,Big 12,0,0,,5.79,11,0,,0,0,0,9.1,9,7,6,1,2,0,15,5,0,2,45,1.179,8.7,1,1.9,14.5,7.5,,player.fcgi?id=matthe001zac,
Trevor Munsch*,--,2018,Oklahoma,Big 12,0,0,,54,2,0,,0,0,0,0.1,0,2,2,0,4,0,1,0,0,1,5,12,0,0,108,27,0.25,,player.fcgi?id=munsch000tre,
Devon Perez,22,2018,Oklahoma,Big 12,5,5,0.5,5.61,17,13,,0,0,0,61,74,44,38,7,20,0,43,4,1,2,279,1.541,10.9,1,3,6.3,2.15,,player.fcgi?id=perez-000dev,
Levi Prater*,19,2018,Oklahoma,Big 12,3,4,0.429,4.09,33,4,,0,0,0,50.2,29,25,23,4,28,0,64,9,0,1,212,1.125,5.2,0.7,5,11.4,2.29,,player.fcgi?id=prater000lev,
Lane Ramsey,21,2018,Oklahoma,Big 12,2,1,0.667,5.24,14,3,,0,0,0,22.1,22,13,13,2,14,0,18,4,0,11,106,1.612,8.9,0.8,5.6,7.3,1.29,,player.fcgi?id=ramsey000lan,
Ledgend Smith*,19,2018,Oklahoma,Big 12,0,0,,11.74,9,0,,0,0,0,7.2,10,12,10,2,3,0,13,2,0,1,39,1.696,11.7,2.3,3.5,15.3,4.33,,player.fcgi?id=smith-000led,
Jake Terry,19,2018,Oklahoma,Big 12,0,0,,5.11,12,0,,0,0,0,12.1,12,8,7,2,7,0,9,1,0,2,57,1.541,8.8,1.5,5.1,6.6,1.29,,player.fcgi?id=terry-000jak,
Kyle Tyler,21,2018,Oklahoma,Big 12,6,2,0.75,2.97,21,9,,0,0,0,66.2,62,31,22,6,20,0,84,3,0,8,278,1.23,8.4,0.8,2.7,11.3,4.2,,player.fcgi?id=tyler-000kyl,
Nathan Wiles,19,2018,Oklahoma,Big 12,7,3,0.7,3.54,16,15,,0,0,0,86.1,86,38,34,7,17,0,69,4,0,3,360,1.193,9,0.7,1.8,7.2,4.06,,player.fcgi?id=wiles-000nat,
Ben Abram,19,2019,Oklahoma,Big 12,6,4,0.6,4.24,15,13,,0,0,0,63.2,66,32,30,5,16,0,52,3,2,6,273,1.288,9.3,0.7,2.3,7.4,3.25,,player.fcgi?id=abram-000ben,
Aaron Brooks,20,2019,Oklahoma,Big 12,1,0,1,6.85,22,0,,0,0,0,23.2,17,18,18,4,15,0,27,3,0,8,108,1.352,6.5,1.5,5.7,10.3,1.8,,player.fcgi?id=brooks002aar,
Cade Cavalli,20,2019,Oklahoma,Big 12,5,3,0.625,3.28,12,12,,0,0,0,60.1,53,23,22,4,35,1,59,8,0,8,268,1.459,7.9,0.6,5.2,8.8,1.69,,player.fcgi?id=cavall000cad,
Will Dennis*,20,2019,Oklahoma,Big 12,0,0,,27,2,0,,0,0,0,1,3,3,3,0,1,0,0,1,0,0,8,4,27,0,9,0,0,,player.fcgi?id=dennis010wil,
Jaret Godman,19,2019,Oklahoma,Big 12,3,0,1,3.56,19,2,,0,0,0,43,36,19,17,5,17,0,35,3,1,2,179,1.233,7.5,1,3.6,7.3,2.06,,player.fcgi?id=godman000jar,
Ryan Madden,22,2019,Oklahoma,Big 12,0,0,,1.69,15,0,,0,0,0,16,13,6,3,0,5,0,11,0,0,4,66,1.125,7.3,0,2.8,6.2,2.2,,player.fcgi?id=madden000rya,
Zack Matthews,20,2019,Oklahoma,Big 12,0,3,0,5.18,24,0,,0,0,1,24.1,26,14,14,5,6,0,28,3,0,2,107,1.315,9.6,1.8,2.2,10.4,4.67,,player.fcgi?id=matthe001zac,
Wyatt Olds,19,2019,Oklahoma,Big 12,0,2,0,4.23,31,0,,0,0,0,27.2,27,13,13,1,20,0,37,1,2,6,130,1.699,8.8,0.3,6.5,12,1.85,,player.fcgi?id=olds--000wya,
Levi Prater*,20,2019,Oklahoma,Big 12,7,4,0.636,3.26,16,14,,0,0,0,80,60,34,29,7,43,1,97,13,0,2,345,1.288,6.8,0.8,4.8,10.9,2.26,,player.fcgi?id=prater000lev,
David Roderick,19,2019,Oklahoma,Big 12,0,0,,0,1,0,,0,0,0,1,0,0,0,0,2,0,0,0,0,1,4,2,0,0,18,0,0,,player.fcgi?id=roderi000dav,
Jason Ruffcorn,20,2019,Oklahoma,Big 12,2,2,0.5,2.43,30,0,,0,0,11,37,30,11,10,2,13,3,28,2,0,1,150,1.162,7.3,0.5,3.2,6.8,2.15,,player.fcgi?id=ruffco000jas,
Ledgend Smith*,20,2019,Oklahoma,Big 12,1,1,0.5,3.66,28,0,,0,0,0,19.2,24,11,8,2,7,0,19,1,0,2,85,1.576,11,0.9,3.2,8.7,2.71,,player.fcgi?id=smith-000led,
Jake Terry,20,2019,Oklahoma,Big 12,0,0,,22.5,7,0,,0,0,0,2,1,5,5,0,8,0,1,1,0,2,15,4.5,4.5,0,36,4.5,0.13,,player.fcgi?id=terry-000jak,
Braxton Webb*,21,2019,Oklahoma,Big 12,0,0,,9,5,0,,0,0,0,2,1,2,2,0,7,0,2,1,0,1,15,4,4.5,0,31.5,9,0.29,,player.fcgi?id=webb--003bra,
Nathan Wiles,20,2019,Oklahoma,Big 12,8,4,0.667,4.4,15,15,,0,0,0,94,103,50,46,16,18,0,83,6,0,1,405,1.287,9.9,1.5,1.7,7.9,4.61,,player.fcgi?id=wiles-000nat,
Ben Abram,20,2020,Oklahoma,Big 12,1,0,1,0.9,4,1,,0,0,0,10,8,1,1,0,3,0,13,1,0,1,38,1.1,7.2,0,2.7,11.7,4.33,,player.fcgi?id=abram-000ben,
Dane Acker,21,2020,Oklahoma,Big 12,1,1,0.5,3.51,4,4,,1,1,0,25.2,15,10,10,2,5,0,28,4,0,5,99,0.779,5.3,0.7,1.8,9.8,5.6,,player.fcgi?id=acker-000dan,
Jake Bennett*,19,2020,Oklahoma,Big 12,3,0,1,0.75,3,3,,0,0,0,12,6,1,1,0,3,0,19,2,0,0,46,0.75,4.5,0,2.3,14.3,6.33,,player.fcgi?id=bennet007wil,
Aaron Brooks,21,2020,Oklahoma,Big 12,1,1,0.5,0,5,0,,0,0,0,5,2,1,0,0,0,0,8,0,0,1,17,0.4,3.6,0,0,14.4,,,player.fcgi?id=brooks002aar,
Carson Carter,22,2020,Oklahoma,Big 12,0,0,,5.79,5,0,,0,0,0,4.2,6,4,3,0,3,0,9,1,0,2,24,1.929,11.6,0,5.8,17.4,3,,player.fcgi?id=carter002car,
Cade Cavalli,21,2020,Oklahoma,Big 12,1,2,0.333,4.18,4,4,,0,0,0,23.2,25,11,11,2,5,0,37,1,1,2,96,1.268,9.5,0.8,1.9,14.1,7.4,,player.fcgi?id=cavall000cad,
Brad Demco*,23,2020,Oklahoma,Big 12,0,0,,3,5,0,,0,0,0,3,2,1,1,0,3,0,4,1,0,3,15,1.667,6,0,9,12,1.33,,player.fcgi?id=demco-000bra,
Jaret Godman,20,2020,Oklahoma,Big 12,0,0,,5,7,0,,0,0,1,9,11,6,5,0,2,0,9,1,0,0,39,1.444,11,0,2,9,4.5,,player.fcgi?id=godman000jar,
Zack Matthews,21,2020,Oklahoma,Big 12,1,0,1,4.5,4,0,,0,0,0,6,6,4,3,1,3,0,7,0,0,0,27,1.5,9,1.5,4.5,10.5,2.33,,player.fcgi?id=matthe001zac,
Wyatt Olds,20,2020,Oklahoma,Big 12,4,0,1,1.89,5,2,,0,0,0,19,14,4,4,0,8,0,29,1,0,1,77,1.158,6.6,0,3.8,13.7,3.63,,player.fcgi?id=olds--000wya,
Levi Prater*,21,2020,Oklahoma,Big 12,1,0,1,3.42,4,4,,0,0,0,23.2,20,9,9,1,10,0,33,0,0,3,98,1.268,7.6,0.4,3.8,12.5,3.3,,player.fcgi?id=prater000lev,
Christian Ruebeck,19,2020,Oklahoma,Big 12,0,0,,5.4,4,0,,0,0,0,3.1,3,2,2,0,1,0,6,3,0,1,17,1.2,8.1,0,2.7,16.2,6,,player.fcgi?id=ruebec000chr,
Jason Ruffcorn,21,2020,Oklahoma,Big 12,1,0,1,0,7,0,,0,0,5,8,3,0,0,0,1,0,12,0,0,1,27,0.5,3.4,0,1.1,13.5,12,,player.fcgi?id=ruffco000jas,
Ledgend Smith*,21,2020,Oklahoma,Big 12,0,0,,0,6,0,,0,0,0,6,2,0,0,0,0,0,4,0,0,0,19,0.333,3,0,0,6,,,player.fcgi?id=smith-000led,
Braxton Webb*,22,2020,Oklahoma,Big 12,0,0,,4.5,3,0,,0,0,0,2,2,1,1,0,1,0,4,0,0,0,9,1.5,9,0,4.5,18,4,,player.fcgi?id=webb--003bra,
Ben Abram,21,2021,Oklahoma,Big 12,1,1,0.5,6.43,13,0,,0,0,0,28,26,21,20,5,14,0,33,2,0,5,125,1.429,8.4,1.6,4.5,10.6,2.36,,player.fcgi?id=abram-000ben,
Carson Atwood,20,2021,Oklahoma,Big 12,1,0,1,5.82,12,0,,0,0,0,17,15,13,11,2,8,0,17,1,0,3,74,1.353,7.9,1.1,4.2,9,2.13,,player.fcgi?id=atwood000car,
Jake Bennett*,20,2021,Oklahoma,Big 12,4,3,0.571,6.34,16,13,,0,0,0,55.1,68,44,39,7,13,0,60,4,0,12,250,1.464,11.1,1.1,2.1,9.8,4.62,,player.fcgi?id=bennet007wil,
Aaron Brooks,22,2021,Oklahoma,Big 12,0,1,0,9,7,0,,0,0,0,3,5,7,3,1,6,0,2,1,0,4,22,3.667,15,3,18,6,0.33,,player.fcgi?id=brooks002aar,
Braden Carmichael*,21,2021,Oklahoma,Big 12,6,3,0.667,5.03,15,14,,0,0,0,68,74,44,38,8,31,0,68,3,0,4,310,1.544,9.8,1.1,4.1,9,2.19,,player.fcgi?id=carmic000bra,
Carson Carter,23,2021,Oklahoma,Big 12,3,0,1,4.39,25,0,,0,0,0,41,33,28,20,8,21,0,51,4,0,2,181,1.317,7.2,1.8,4.6,11.2,2.43,,player.fcgi?id=carter002car,
Brad Demco*,24,2021,Oklahoma,Big 12,0,0,,81,2,0,,0,0,0,0.1,2,3,3,0,1,0,0,2,0,0,6,9,54,0,27,0,0,,player.fcgi?id=demco-000bra,
Dalton Fowler*,21,2021,Oklahoma,Big 12,0,2,0,13.5,13,5,,0,0,0,13.1,18,20,20,2,21,0,22,6,0,4,85,2.925,12.2,1.4,14.2,14.9,1.05,,player.fcgi?id=fowler000dal,
Jaret Godman,21,2021,Oklahoma,Big 12,1,2,0.333,6.49,19,1,,0,0,0,34.2,44,26,25,5,12,0,31,6,1,2,162,1.615,11.4,1.3,3.1,8,2.58,,player.fcgi?id=godman000jar,
Logan Kohler,21,2021,Oklahoma,Big 12,0,0,,0,1,0,,0,0,0,1,0,0,0,0,2,0,1,0,0,0,6,2,0,0,18,9,0.5,,player.fcgi?id=kohler000log,
Tommy Lamb*,19,2021,Oklahoma,Big 12,0,0,,3.86,4,0,,0,0,0,2.1,1,1,1,0,2,0,1,0,0,0,10,1.286,3.9,0,7.7,3.9,0.5,,player.fcgi?id=lamb--000tom,
Jett Lodes,20,2021,Oklahoma,Big 12,0,0,,5.4,3,0,,0,0,0,5,5,3,3,0,6,0,3,1,0,4,27,2.2,9,0,10.8,5.4,0.5,,player.fcgi?id=lodes-000jet,
Wyatt Olds,21,2021,Oklahoma,Big 12,4,6,0.4,5.23,19,11,,0,0,1,75.2,66,52,44,12,37,1,101,13,0,12,342,1.361,7.9,1.4,4.4,12,2.73,,player.fcgi?id=olds--000wya,
Javier Ramos,21,2021,Oklahoma,Big 12,2,1,0.667,11.72,15,5,,0,0,0,17.2,14,24,23,3,19,0,19,7,0,3,93,1.868,7.1,1.5,9.7,9.7,1,,player.fcgi?id=ramos-000jav,
Christian Ruebeck,20,2021,Oklahoma,Big 12,0,1,0,10.38,12,1,,0,0,0,13,12,15,15,2,10,1,14,5,0,4,63,1.692,8.3,1.4,6.9,9.7,1.4,,player.fcgi?id=ruebec000chr,
Jason Ruffcorn,22,2021,Oklahoma,Big 12,4,2,0.667,4,21,3,,0,0,3,54,42,24,24,12,17,1,74,8,0,3,225,1.093,7,2,2.8,12.3,4.35,,player.fcgi?id=ruffco000jas,
Ledgend Smith*,22,2021,Oklahoma,Big 12,0,0,,3.77,18,0,,0,0,0,14.1,13,9,6,2,7,0,14,0,0,0,66,1.395,8.2,1.3,4.4,8.8,2,,player.fcgi?id=smith-000led,
Luke Taggart,23,2021,Oklahoma,Big 12,1,6,0.143,4.3,22,2,,0,0,2,37.2,35,19,18,5,15,0,54,3,0,4,165,1.327,8.4,1.2,3.6,12.9,3.6,,player.fcgi?id=taggar000luk,
Braxton Webb*,23,2021,Oklahoma,Big 12,0,0,,0,1,0,,0,0,0,1,0,0,0,0,0,0,2,0,0,0,3,0,0,0,0,18,,,player.fcgi?id=webb--003bra,
Ben Abram,22,2022,Oklahoma,Big 12,1,0,1,9.41,22,0,,0,0,0,22,38,25,23,3,5,0,15,0,0,2,106,1.955,15.5,1.2,2,6.1,3,,player.fcgi?id=abram-000ben,
Keegan Allen,19,2022,Oklahoma,Big 12,0,0,,9,9,0,,0,0,0,7,9,7,7,1,5,0,8,2,0,2,37,2,11.6,1.3,6.4,10.3,1.6,,player.fcgi?id=allen-001kee,
Nick Andrews,21,2022,Oklahoma,Big 12,0,0,,7.94,5,0,,0,0,0,5.2,4,5,5,2,7,0,9,0,0,0,25,1.941,6.4,3.2,11.1,14.3,1.29,,player.fcgi?id=andrew003nic,
Carson Atwood,21,2022,Oklahoma,Big 12,2,4,0.333,5.65,26,1,,0,0,0,28.2,32,20,18,2,11,0,24,5,0,1,132,1.5,10,0.6,3.5,7.5,2.18,,player.fcgi?id=atwood000car,
Jake Bennett*,21,2022,Oklahoma,Big 12,10,4,0.714,3.69,20,19,,0,0,1,117,106,57,48,9,22,0,133,9,0,6,486,1.094,8.2,0.7,1.7,10.2,6.05,,player.fcgi?id=bennet007wil,
Aaron Calhoun,19,2022,Oklahoma,Big 12,0,1,0,6,12,1,,0,0,0,12,11,9,8,1,7,0,9,2,0,1,53,1.5,8.3,0.8,5.3,6.8,1.29,,player.fcgi?id=calhou000aar,
Carter Campbell*,21,2022,Oklahoma,Big 12,3,0,1,5.22,31,0,,0,0,0,29.1,39,17,17,4,9,0,17,3,0,1,134,1.636,12,1.2,2.8,5.2,1.89,,player.fcgi?id=campbe003car,
Braden Carmichael*,22,2022,Oklahoma,Big 12,3,2,0.6,9,13,8,,0,0,0,29,40,32,29,5,20,0,29,4,0,5,150,2.069,12.4,1.6,6.2,9,1.45,,player.fcgi?id=carmic000bra,
Luke Carrell*,19,2022,Oklahoma,Big 12,0,0,,13.5,2,0,,0,0,0,0.2,0,1,1,0,2,0,0,0,0,0,3,3,0,0,27,0,0,,player.fcgi?id=carrel000luk,
Luc Fladda*,19,2022,Oklahoma,Big 12,0,0,,27,1,0,,0,0,0,0.1,0,1,1,0,1,0,1,0,0,2,2,3,0,0,27,27,1,,player.fcgi?id=fladda000luc,
Jaret Godman,22,2022,Oklahoma,Big 12,1,0,1,6.98,20,0,,0,0,3,19.1,30,17,15,2,7,1,17,4,0,0,97,1.914,14,0.9,3.3,7.9,2.43,,player.fcgi?id=godman000jar,
Cade Horton,20,2022,Oklahoma,Big 12,5,2,0.714,4.86,14,11,,0,0,0,53.2,55,31,29,8,15,0,64,7,1,3,233,1.304,9.2,1.3,2.5,10.7,4.27,,player.fcgi?id=horton000cad,
Jett Lodes,21,2022,Oklahoma,Big 12,0,0,,9.64,5,0,,0,0,0,4.2,9,5,5,1,6,0,3,0,0,0,28,3.214,17.4,1.9,11.6,5.8,0.5,,player.fcgi?id=lodes-000jet,
Chazz Martinez*,22,2022,Oklahoma,Big 12,4,3,0.571,5.32,22,8,,0,0,1,64.1,66,43,38,10,32,0,67,4,0,7,290,1.523,9.2,1.4,4.5,9.4,2.09,,player.fcgi?id=martin014cha,
Trevin Michael,24,2022,Oklahoma,Big 12,4,2,0.667,2.89,32,2,,0,0,10,71.2,55,25,23,10,20,0,95,3,0,8,285,1.047,6.9,1.3,2.5,11.9,4.75,,player.fcgi?id=michae000tre,
Griffin Miller,22,2022,Oklahoma,Big 12,0,1,0,8.68,10,0,,0,0,0,9.1,8,14,9,3,6,0,10,4,0,1,52,1.5,7.7,2.9,5.8,9.6,1.67,,player.fcgi?id=miller001gri,
Javier Ramos,22,2022,Oklahoma,Big 12,1,1,0.5,5.16,15,1,,0,0,0,22.2,22,22,13,5,15,0,24,5,1,5,106,1.632,8.7,2,6,9.5,1.6,,player.fcgi?id=ramos-000jav,
David Sandlin,21,2022,Oklahoma,Big 12,9,4,0.692,5.59,19,18,,0,0,0,95,100,63,59,15,31,0,102,8,0,2,421,1.379,9.5,1.4,2.9,9.7,3.29,,player.fcgi?id=sandli002dav,
Brett Squires,22,2022,Oklahoma,Big 12,0,0,,9,1,0,,0,0,0,1,2,1,1,1,1,0,1,0,0,0,5,3,18,9,9,9,1,,player.fcgi?id=squire000bre,
Colton Sundloff,19,2022,Oklahoma,Big 12,2,0,1,6.86,18,0,,0,0,0,21,33,21,16,4,11,1,16,2,0,5,108,2.095,14.1,1.7,4.7,6.9,1.45,,player.fcgi?id=sundlo000col,
Creed Watkins,21,2022,Oklahoma,Big 12,0,0,,inf,1,0,,0,0,0,0,0,2,2,0,2,0,0,0,0,0,2,,,,,,0,,player.fcgi?id=watkin000cre,
Carson Atwood,22,2023,Oklahoma,Big 12,1,2,0.333,6.28,22,3,,0,0,1,28.2,35,21,20,5,11,0,19,1,0,2,133,1.605,11,1.6,3.5,6,1.73,,player.fcgi?id=atwood000car,
Aaron Calhoun,20,2023,Oklahoma,Big 12,0,1,0,8.16,14,0,,0,0,1,14.1,21,16,13,3,9,0,14,3,0,3,75,2.093,13.2,1.9,5.7,8.8,1.56,,player.fcgi?id=calhou000aar,
Carter Campbell*,22,2023,Oklahoma,Big 12,6,4,0.6,5.61,34,1,,0,0,2,59.1,60,39,37,9,14,1,39,4,1,8,256,1.247,9.1,1.4,2.1,5.9,2.79,,player.fcgi?id=campbe003car,
Braden Carmichael*,23,2023,Oklahoma,Big 12,7,1,0.875,3.39,18,11,,1,1,0,77,86,39,29,4,18,0,62,6,0,2,342,1.351,10.1,0.5,2.1,7.2,3.44,,player.fcgi?id=carmic000bra,
Will Carsten,21,2023,Oklahoma,Big 12,1,3,0.25,5.77,18,5,,0,0,4,43.2,51,34,28,8,21,1,41,5,0,2,207,1.649,10.5,1.6,4.3,8.5,1.95,,player.fcgi?id=carste000wil,
Kale Davis,23,2023,Oklahoma,Big 12,2,3,0.4,8.92,15,7,,0,0,0,36.1,44,37,36,5,25,0,28,3,0,3,181,1.899,10.9,1.2,6.2,6.9,1.12,,player.fcgi?id=davis-001kal,
Braxton Douthit,24,2023,Oklahoma,Big 12,5,6,0.455,5.33,16,15,,1,0,0,79.1,67,53,47,5,57,0,58,7,0,11,362,1.563,7.6,0.6,6.5,6.6,1.02,,player.fcgi?id=douthi001bra,
Julien Hachem*,18,2023,Oklahoma,Big 12,1,0,1,18.47,10,1,,0,0,0,6.1,9,13,13,4,10,0,5,0,0,4,36,3,12.8,5.7,14.2,7.1,0.5,,player.fcgi?id=hachem000jul,
Gray Harrison,21,2023,Oklahoma,Big 12,0,2,0,10.89,16,5,,0,0,0,19,23,24,23,1,19,1,19,4,1,3,104,2.211,10.9,0.5,9,9,1,,player.fcgi?id=harris012gra,
Jamie Hitt*,20,2023,Oklahoma,Big 12,6,2,0.75,4.89,17,12,,0,0,0,70,70,42,38,9,23,0,41,6,1,3,302,1.329,9,1.2,3,5.3,1.78,,player.fcgi?id=hitt--003jam,
Jett Lodes,22,2023,Oklahoma,Big 12,1,0,1,5.88,16,0,,0,0,0,26,31,20,17,2,16,0,30,6,0,7,132,1.808,10.7,0.7,5.5,10.4,1.88,,player.fcgi?id=lodes-000jet,
Peyton Olejnik,20,2023,Oklahoma,Big 12,0,0,,4.91,5,0,,0,0,0,3.2,2,2,2,1,4,0,2,1,0,1,18,1.636,4.9,2.5,9.8,4.9,0.5,,player.fcgi?id=olejni000pey,
Carson Pierce,21,2023,Oklahoma,Big 12,2,1,0.667,3.94,23,0,,0,0,1,29.2,35,17,13,5,14,0,21,0,0,6,137,1.652,10.6,1.5,4.2,6.4,1.5,,player.fcgi?id=pierce004car,
Colton Sundloff,20,2023,Oklahoma,Big 12,0,0,,6.75,5,0,,0,0,0,4,5,4,3,0,3,0,5,0,0,0,21,2,11.3,0,6.8,11.3,1.67,,player.fcgi?id=sundlo000col,
Gray Thomas,20,2023,Oklahoma,Big 12,0,1,0,33.75,3,0,,0,0,0,1.1,1,8,5,0,6,0,2,1,0,0,13,5.25,6.8,0,40.5,13.5,0.33,,player.fcgi?id=thomas001gra,
Carson Turnquist,19,2023,Oklahoma,Big 12,0,0,,3.6,5,0,,0,0,0,5,3,2,2,1,5,0,7,2,0,2,25,1.6,5.4,1.8,9,12.6,1.4,,player.fcgi?id=turnqu001car,
Adam Walker,21,2023,Oklahoma,Big 12,0,0,,5.79,5,0,,0,0,0,4.2,4,3,3,1,5,0,2,0,0,1,23,1.929,7.7,1.9,9.6,3.9,0.4,,player.fcgi?id=walker004ada,
Aaron Weber,20,2023,Oklahoma,Big 12,0,2,0,9.5,19,0,,0,0,7,18,21,20,19,5,13,0,22,1,0,1,90,1.889,10.5,2.5,6.5,11,1.69,,player.fcgi?id=weber-002aar,
Carson Atwood,23,2024,Oklahoma,Big 12,1,2,0.333,3.96,26,4,,0,0,0,36.1,33,20,16,7,14,1,30,0,0,1,160,1.294,8.2,1.7,3.5,7.4,2.14,,player.fcgi?id=atwood000car,
Jason Bollman,24,2024,Oklahoma,Big 12,0,0,,16.2,3,0,,0,0,0,1.2,3,3,3,0,5,0,4,0,0,0,13,4.8,16.2,0,27,21.6,0.8,,player.fcgi?id=bollma000jas,
Carter Campbell*,23,2024,Oklahoma,Big 12,4,1,0.8,5.64,28,1,,0,0,1,44.2,45,33,28,5,20,0,35,7,1,3,202,1.455,9.1,1,4,7.1,1.75,,player.fcgi?id=campbe003car,
Will Carsten,22,2024,Oklahoma,Big 12,0,1,0,8.66,13,2,,0,0,0,17.2,26,19,17,6,12,0,12,1,0,1,88,2.151,13.2,3.1,6.1,6.1,1,,player.fcgi?id=carste000wil,
Dylan Crooks,21,2024,Oklahoma,Big 12,1,0,1,4.11,25,0,,0,0,0,30.2,31,15,14,6,3,0,20,1,0,1,127,1.109,9.1,1.8,0.9,5.9,6.67,,player.fcgi?id=crooks000dyl,
Braden Davis*,21,2024,Oklahoma,Big 12,9,4,0.692,4.3,16,16,,1,1,0,92,70,48,44,8,41,1,117,6,0,7,389,1.207,6.8,0.8,4,11.4,2.85,,player.fcgi?id=davis-022bra,
Jacob Gholston,19,2024,Oklahoma,Big 12,0,0,,108,2,0,,0,0,0,0.1,0,4,4,0,4,0,0,0,0,1,5,12,0,0,108,0,0,,player.fcgi?id=gholst000jac,
Brendan Girton,22,2024,Oklahoma,Big 12,0,1,0,7.32,16,10,,0,0,1,35.2,44,40,29,4,31,0,47,9,0,8,190,2.103,11.1,1,7.8,11.9,1.52,,player.fcgi?id=girton000bre,
Reid Hensley,21,2024,Oklahoma,Big 12,0,0,,3.21,17,0,,0,0,0,14,9,6,5,1,10,0,22,2,0,2,65,1.357,5.8,0.6,6.4,14.1,2.2,,player.fcgi?id=hensle001rei,
Jamie Hitt*,21,2024,Oklahoma,Big 12,2,4,0.333,8.41,17,7,,0,0,0,35.1,49,37,33,10,14,0,32,6,0,2,173,1.783,12.5,2.5,3.6,8.2,2.29,,player.fcgi?id=hitt--003jam,
Ryan Lambert,21,2024,Oklahoma,Big 12,4,0,1,2.57,23,0,,0,0,1,21,14,6,6,1,12,0,19,2,0,2,91,1.238,6,0.4,5.1,8.1,1.58,,player.fcgi?id=lamber004rya,
Jett Lodes,23,2024,Oklahoma,Big 12,2,1,0.667,4.8,17,1,,0,0,0,30,21,18,16,6,17,0,31,3,0,0,126,1.267,6.3,1.8,5.1,9.3,1.82,,player.fcgi?id=lodes-000jet,
Myles Meyer,20,2024,Oklahoma,Big 12,0,0,,0,1,0,,0,0,0,0.1,1,0,0,0,2,0,1,0,0,0,4,9,27,0,54,27,0.5,,player.fcgi?id=meyer-000myl,
Jace Miner*,21,2024,Oklahoma,Big 12,1,1,0.5,4.5,13,0,,0,0,0,10,11,6,5,2,7,0,12,2,0,0,47,1.8,9.9,1.8,6.3,10.8,1.71,,player.fcgi?id=miner-000jac,
Brad Pruett,20,2024,Oklahoma,Big 12,0,0,,7.71,10,0,,0,0,0,7,9,7,6,4,4,0,9,0,0,3,35,1.857,11.6,5.1,5.1,11.6,2.25,,player.fcgi?id=pruett000bra,
Grant Stevens*,23,2024,Oklahoma,Big 12,6,1,0.857,4.28,18,9,,0,0,0,54.2,65,31,26,8,20,0,54,3,1,4,246,1.555,10.7,1.3,3.3,8.9,2.7,,player.fcgi?id=steven000gra,
Kyson Witherspoon,19,2024,Oklahoma,Big 12,8,3,0.727,3.71,17,11,,0,0,1,80,69,42,33,9,40,0,90,7,0,2,356,1.363,7.8,1,4.5,10.1,2.25,,player.fcgi?id=wither000kys,
Malachi Witherspoon,19,2024,Oklahoma,Big 12,2,2,0.5,5.64,21,0,,0,0,5,22.1,22,19,14,6,10,0,29,3,0,5,101,1.433,8.9,2.4,4,11.7,2.9,,player.fcgi?id=wither000mal,
Braden Calise,23,2026,Central Florida,Big 12,0,1,0,6.75,3,0,,0,0,0,2.2,3,2,2,0,3,0,0,1,0,0,14,2.25,10.1,0,10.1,0,0,,player.fcgi?id=calise000bra,
Wyatt Dion*,18,2026,Central Florida,Big 12,0,0,,0,2,0,,0,0,0,3.1,0,0,0,0,5,0,1,0,0,0,14,1.5,0,0,13.5,2.7,0.2,,player.fcgi?id=dion--000wya,
Chandler Dorsey,22,2026,Central Florida,Big 12,0,0,,10.13,6,1,,0,1,0,5.1,4,6,6,0,5,0,7,6,1,4,31,1.688,6.8,0,8.4,11.8,1.4,,player.fcgi?id=dorsey003cha,
Michael Gillen,22,2026,Central Florida,Big 12,0,0,,6.48,8,0,,0,0,1,8.1,8,6,6,2,3,0,8,0,0,1,34,1.32,8.6,2.2,3.2,8.6,2.67,,player.fcgi?id=gillen000mic,
Mateo Gray,20,2026,Central Florida,Big 12,5,2,0.714,5.22,17,9,,0,0,1,58.2,69,38,34,7,17,0,48,12,0,3,268,1.466,10.6,1.1,2.6,7.4,2.82,,player.fcgi?id=gray--003mat,
Matthew Heyl*,21,2026,Central Florida,Big 12,0,0,,10.13,14,1,,0,0,0,5.1,8,6,6,1,9,0,3,1,0,1,32,3.188,13.5,1.7,15.2,5.1,0.33,,player.fcgi?id=heyl--000mat,
Evan Jones,22,2026,Central Florida,Big 12,1,3,0.25,4.11,25,0,,0,1,4,46,36,26,21,10,16,2,52,4,1,5,193,1.13,7,2,3.1,10.2,3.25,,player.fcgi?id=jones-004eva,
Roman Kimball,22,2026,Central Florida,Big 12,1,2,0.333,5.88,15,6,,0,0,0,33.2,33,23,22,9,18,0,36,3,0,1,150,1.515,8.8,2.4,4.8,9.6,2,,player.fcgi?id=kimbal000rom,
Anthony Lariz,20,2026,Central Florida,Big 12,4,0,1,4.55,25,0,,0,0,0,29.2,20,15,15,2,14,1,33,8,0,0,128,1.146,6.1,0.6,4.2,10,2.36,,player.fcgi?id=lariz-000ant,
Zachary Malvasio,20,2026,Central Florida,Big 12,0,0,,3.18,8,0,,0,0,0,5.2,5,2,2,0,6,0,7,1,0,0,29,1.941,7.9,0,9.5,11.1,1.17,,player.fcgi?id=malvas000zac,
Max Murray,19,2026,Central Florida,Big 12,5,2,0.714,3.93,23,0,,0,0,0,34.1,31,18,15,1,19,0,38,5,0,2,155,1.456,8.1,0.3,5,10,2,,player.fcgi?id=murray003max,
Kaniel Rosado*,18,2026,Central Florida,Big 12,1,3,0.25,5.68,15,2,,0,1,0,25.1,19,19,16,2,17,2,18,6,0,8,118,1.421,6.8,0.7,6,6.4,1.06,,player.fcgi?id=rosado000kan,
Matt Sauser,21,2026,Central Florida,Big 12,2,3,0.4,3.22,9,8,,0,0,0,36.1,27,14,13,4,11,0,30,4,0,2,147,1.046,6.7,1,2.7,7.4,2.73,,player.fcgi?id=sauser000mat,
Kevin Schoneboom,22,2026,Central Florida,Big 12,3,2,0.6,4.54,31,0,,0,0,1,37.2,38,24,19,2,22,1,33,10,0,1,180,1.593,9.1,0.5,5.3,7.9,1.5,,player.fcgi?id=schone000kev,
Braden Smith,21,2026,Central Florida,Big 12,3,1,0.75,6.21,8,8,,0,1,0,33.1,42,23,23,6,9,0,23,1,0,4,150,1.53,11.3,1.6,2.4,6.2,2.56,,player.fcgi?id=smith-069bra,
Kris Sosnowski,23,2026,Central Florida,Big 12,1,0,1,2.1,19,0,,0,0,4,25.2,23,8,6,4,6,0,16,4,0,0,109,1.13,8.1,1.4,2.1,5.6,2.67,,player.fcgi?id=sosnow000kri,
Joey Trombley,20,2026,Central Florida,Big 12,1,1,0.5,3.63,4,4,,0,0,0,17.1,9,7,7,1,6,0,13,2,0,0,68,0.865,4.7,0.5,3.1,6.8,2.17,,player.fcgi?id=trombl000jos,
Camden Wicker,21,2026,Central Florida,Big 12,5,3,0.625,4.16,16,16,,1,2,0,75.2,59,37,35,8,32,0,62,8,3,4,322,1.203,7,1,3.8,7.4,1.94,,player.fcgi?id=wicker000cam,
Spencer Bauer,24,2025,Central Florida,Big 12,0,1,0,7.71,10,0,,0,0,0,11.2,14,10,10,3,10,1,8,1,0,1,60,2.057,10.8,2.3,7.7,6.2,0.8,,player.fcgi?id=bauer-000spe,
Drew Bellis*,19,2025,Central Florida,Big 12,0,0,,4.5,4,0,,0,0,0,2,2,1,1,0,3,0,1,0,0,0,10,2.5,9,0,13.5,4.5,0.33,,player.fcgi?id=bellis000dre,
Dominic Castellano*,21,2025,Central Florida,Big 12,6,1,0.857,4.24,23,0,,0,0,2,46.2,35,24,22,4,20,0,60,6,0,3,196,1.179,6.8,0.8,3.9,11.6,3,,player.fcgi?id=castel001dom,
Alex Galvan,23,2025,Central Florida,Big 12,0,2,0,2.86,17,0,,0,0,2,28.1,21,12,9,2,12,1,38,2,0,2,120,1.165,6.7,0.6,3.8,12.1,3.17,,player.fcgi?id=galvan000ale,
Mateo Gray,19,2025,Central Florida,Big 12,0,0,,0,4,0,,0,0,0,3.1,2,2,0,0,4,0,3,0,0,0,16,1.8,5.4,0,10.8,8.1,0.75,,player.fcgi?id=gray--003mat,
Wiley Hartley,23,2025,Central Florida,Big 12,6,1,0.857,4.37,12,9,,0,0,0,47.1,42,24,23,11,19,0,48,2,0,2,196,1.289,8,2.1,3.6,9.1,2.53,,player.fcgi?id=hartle003wil,
James Lordi*,21,2025,Central Florida,Big 12,0,0,,3,4,0,,0,0,0,3,3,1,1,0,1,1,3,2,0,1,16,1.333,9,0,3,9,3,,player.fcgi?id=lordi-000jam,
Russell Sandefer,20,2025,Central Florida,Big 12,2,3,0.4,3.38,18,6,,0,0,1,50.2,46,19,19,2,19,0,49,4,0,3,208,1.283,8.2,0.4,3.4,8.7,2.58,,player.fcgi?id=sandef000rus,
Matt Sauser,20,2025,Central Florida,Big 12,3,2,0.6,4.58,10,9,,0,0,0,37.1,34,25,19,7,12,0,31,6,0,3,167,1.232,8.2,1.7,2.9,7.5,2.58,,player.fcgi?id=sauser000mat,
Kevin Schoneboom,21,2025,Central Florida,Big 12,1,2,0.333,3.67,22,0,,0,0,0,27,22,12,11,3,8,2,24,4,0,0,112,1.111,7.3,1,2.7,8,3,,player.fcgi?id=schone000kev,
Grant Siegel,22,2025,Central Florida,Big 12,5,2,0.714,3.88,13,12,,1,0,0,53.1,50,30,23,3,22,0,44,5,0,0,236,1.35,8.4,0.5,3.7,7.4,2,,player.fcgi?id=siegel000gra,
Angelo Smith,21,2025,Central Florida,Big 12,1,1,0.5,2.83,14,1,,0,0,1,28.2,26,10,9,2,7,0,24,2,0,1,115,1.151,8.2,0.6,2.2,7.5,3.43,,player.fcgi?id=smith-001ang,
Kris Sosnowski,22,2025,Central Florida,Big 12,3,4,0.429,5.22,15,3,,0,0,0,29.1,35,20,17,2,8,0,24,3,0,1,130,1.466,10.7,0.6,2.5,7.4,3,,player.fcgi?id=sosnow000kri,
Dom Stagliano,22,2025,Central Florida,Big 12,2,3,0.4,4.24,16,8,,0,0,2,51,51,30,24,8,10,0,47,3,0,3,213,1.196,9,1.4,1.8,8.3,4.7,,player.fcgi?id=stagli000dom,
Carter Stanford,21,2025,Central Florida,Big 12,0,1,0,3.6,13,0,,0,0,0,10,6,6,4,0,11,0,14,3,0,1,49,1.7,5.4,0,9.9,12.6,1.27,,player.fcgi?id=stanfo000car,
Dakota Stone*,21,2025,Central Florida,Big 12,0,0,,27,4,0,,0,0,0,2.1,7,7,7,1,3,0,4,0,0,0,17,4.286,27,3.9,11.6,15.4,1.33,,player.fcgi?id=stone-001dak,
Camden Wicker,20,2025,Central Florida,Big 12,0,2,0,4.59,12,7,,0,0,0,33.1,26,20,17,4,13,0,31,12,1,1,146,1.17,7,1.1,3.5,8.4,2.38,,player.fcgi?id=wicker000cam,
Isaac Williams,21,2025,Central Florida,Big 12,0,1,0,9.28,13,0,,0,0,0,10.2,13,11,11,4,3,0,9,3,0,2,50,1.5,11,3.4,2.5,7.6,3,,player.fcgi?id=willia004isa,
Spencer Bauer,23,2024,Central Florida,Big 12,2,1,0.667,4.32,24,0,,0,0,0,33.1,30,16,16,4,22,2,37,5,0,3,154,1.56,8.1,1.1,5.9,10,1.68,,player.fcgi?id=bauer-000spe,
Cade Boxrucker,22,2024,Central Florida,Big 12,3,2,0.6,6.17,12,10,,0,0,0,35,37,25,24,3,15,0,30,6,0,2,161,1.486,9.5,0.8,3.9,7.7,2,,player.fcgi?id=boxruc000cad,
Dominic Castellano*,20,2024,Central Florida,Big 12,7,0,1,2.83,22,1,,0,0,3,60.1,34,21,19,5,25,1,68,5,1,8,240,0.978,5.1,0.7,3.7,10.1,2.72,,player.fcgi?id=castel001dom,
Chase Centala,22,2024,Central Florida,Big 12,3,0,1,6.96,21,0,,0,0,7,32.1,37,29,25,3,23,2,37,2,1,2,154,1.856,10.3,0.8,6.4,10.3,1.61,,player.fcgi?id=cental000cha,
Cameron Crain*,23,2024,Central Florida,Big 12,0,0,,10.8,4,0,,0,0,0,1.2,1,3,2,0,3,0,1,0,0,1,8,2.4,5.4,0,16.2,5.4,0.33,,player.fcgi?id=crain-000cam,
Josh Fernald,19,2024,Central Florida,Big 12,0,0,,7.71,4,0,,0,0,0,4.2,7,12,4,2,4,1,6,1,0,0,28,2.357,13.5,3.9,7.7,11.6,1.5,,player.fcgi?id=fernal000jos,
Alex Galvan,22,2024,Central Florida,Big 12,2,0,1,5.06,4,0,,0,0,0,5.1,4,3,3,2,0,0,9,0,0,1,20,0.75,6.8,3.4,0,15.2,,,player.fcgi?id=galvan000ale,
Wiley Hartley,22,2024,Central Florida,Big 12,3,3,0.5,5.31,14,10,,0,0,0,39,33,24,23,7,15,0,38,4,0,3,170,1.231,7.6,1.6,3.5,8.8,2.53,,player.fcgi?id=hartle003wil,
Tyler Kozera,19,2024,Central Florida,Big 12,1,0,1,1.5,7,1,,0,0,0,12,10,2,2,0,6,0,10,2,0,3,54,1.333,7.5,0,4.5,7.5,1.67,,player.fcgi?id=kozera000tyl,
Kyle Kramer,24,2024,Central Florida,Big 12,7,3,0.7,2.95,34,0,,0,0,2,42.2,33,21,14,1,13,1,42,5,0,2,172,1.078,7,0.2,2.7,8.9,3.23,,player.fcgi?id=kramer001kyl,
Tyler Nesbitt,22,2024,Central Florida,Big 12,1,1,0.5,5.4,10,6,,0,0,0,26.2,24,16,16,1,19,0,18,3,0,3,124,1.613,8.1,0.3,6.4,6.1,0.95,,player.fcgi?id=nesbit000tyl,
Kris Sosnowski,21,2024,Central Florida,Big 12,1,0,1,3.38,24,0,,0,0,6,37.1,34,16,14,1,9,0,40,1,0,3,155,1.152,8.2,0.2,2.2,9.6,4.44,,player.fcgi?id=sosnow000kri,
Dom Stagliano,21,2024,Central Florida,Big 12,3,4,0.429,4.1,16,14,,0,0,0,74.2,54,36,34,12,22,0,66,6,0,6,306,1.018,6.5,1.4,2.7,8,3,,player.fcgi?id=stagli000dom,
Ben Vespi,23,2024,Central Florida,Big 12,4,4,0.5,4.62,16,16,,0,0,0,78,83,45,40,7,27,1,75,5,1,2,350,1.41,9.6,0.8,3.1,8.7,2.78,,player.fcgi?id=vespi-000ben,
Najer Victor,22,2024,Central Florida,Big 12,0,3,0,5.55,20,0,,0,0,0,24.1,15,18,15,5,13,0,30,3,1,3,104,1.151,5.5,1.8,4.8,11.1,2.31,,player.fcgi?id=victor000naj,
Nick Vieira,22,2024,Central Florida,Big 12,0,0,,0,3,0,,0,0,0,2,1,0,0,0,0,0,2,0,0,0,6,0.5,4.5,0,0,9,,,player.fcgi?id=vieira000nic,
Joey Wimpelberg,19,2024,Central Florida,Big 12,0,0,,54,1,0,,0,0,0,0.1,1,2,2,1,0,0,0,2,0,1,3,3,27,27,0,0,,,player.fcgi?id=wimpel000joe,
Jeremy Allen,20,2026,Kansas,Big 12,0,1,0,20.25,3,0,,0,0,0,1.1,3,3,3,2,0,0,0,0,0,0,7,2.25,20.3,13.5,0,0,,,player.fcgi?id=allen-000jer,
Maddox Burkitt,22,2026,Kansas,Big 12,0,0,,13.5,3,0,,0,0,0,1.1,4,2,2,0,1,0,3,0,0,0,9,3.75,27,0,6.8,20.3,3,,player.fcgi?id=burkit000mad,
Kannon Carr,22,2026,Kansas,Big 12,3,2,0.6,4.6,23,5,,0,0,1,45,44,26,23,5,21,1,43,9,0,4,202,1.444,8.8,1,4.2,8.6,2.05,,player.fcgi?id=carr--000kan,
Aiden Cline,--,2026,Kansas,Big 12,0,0,,0,1,0,,0,0,0,0.1,0,1,0,0,2,0,0,1,0,0,4,6,0,0,54,0,0,,player.fcgi?id=cline-000aid,
Mason Cook,20,2026,Kansas,Big 12,5,2,0.714,4.81,18,13,,0,0,0,67.1,61,41,36,9,27,0,66,13,1,3,299,1.307,8.2,1.2,3.6,8.8,2.44,,player.fcgi?id=cook--003mas,
Caleb Deer*,22,2026,Kansas,Big 12,0,0,,12.1,15,0,,0,0,2,9.2,15,15,13,3,8,0,10,2,0,0,55,2.379,14,2.8,7.4,9.3,1.25,,player.fcgi?id=deer--000cal,
Josh Dykhoff,22,2026,Kansas,Big 12,0,0,,27,1,0,,0,0,0,0.2,3,2,2,0,0,0,0,0,0,0,6,4.5,40.5,0,0,0,,,player.fcgi?id=dykhof000jos,
Carter Fink,23,2026,Kansas,Big 12,1,1,0.5,4.64,17,1,,0,0,0,21.1,17,13,11,2,10,0,16,6,2,1,95,1.266,7.2,0.8,4.2,6.8,1.6,,player.fcgi?id=fink--000car,
Daniel Lopez,19,2026,Kansas,Big 12,0,0,,7.59,8,1,,0,0,0,10.2,10,12,9,1,9,0,13,3,0,2,54,1.781,8.4,0.8,7.6,11,1.44,,player.fcgi?id=lopez-013dan,
Emerson McKnight*,19,2026,Kansas,Big 12,0,0,,13.5,7,0,,0,0,0,3.1,3,5,5,1,4,0,1,1,0,0,18,2.1,8.1,2.7,10.8,2.7,0.25,,player.fcgi?id=mcknig000eme,
Mathis Nayral,22,2026,Kansas,Big 12,4,3,0.571,4.96,18,17,,0,0,0,69,71,45,38,11,28,0,71,6,0,6,312,1.435,9.3,1.4,3.7,9.3,2.54,,player.fcgi?id=nayral000mat,
Boede Rahe,22,2026,Kansas,Big 12,6,1,0.857,4.27,31,2,,0,0,11,59,49,29,28,10,21,0,80,0,0,6,244,1.186,7.5,1.5,3.2,12.2,3.81,,player.fcgi?id=rahe--000boe,
Riane Ritter,20,2026,Kansas,Big 12,8,2,0.8,5.58,38,0,,0,0,2,61.1,59,41,38,7,24,0,74,11,0,2,273,1.353,8.7,1,3.5,10.9,3.08,,player.fcgi?id=ritter000ria,
Toby Scheidt,22,2026,Kansas,Big 12,5,1,0.833,5.63,32,0,,0,0,0,38.1,41,25,24,3,16,2,44,10,0,2,181,1.487,9.6,0.7,3.8,10.3,2.75,,player.fcgi?id=scheid000tob,
Madden Seidl,--,2026,Kansas,Big 12,3,1,0.75,6.11,14,7,,0,0,0,28,37,21,19,3,14,0,26,3,0,2,133,1.821,11.9,1,4.5,8.4,1.86,,player.fcgi?id=seidl-000mad,
Ty Thomson*,21,2026,Kansas,Big 12,0,0,,6,6,0,,0,0,0,6,8,4,4,1,4,0,7,1,0,1,29,2,12,1.5,6,10.5,1.75,,player.fcgi?id=thomso001ty-,
Dominic Voegele,21,2026,Kansas,Big 12,6,4,0.6,5.85,17,17,,1,0,0,97,101,68,63,16,35,0,120,6,0,5,432,1.402,9.4,1.5,3.2,11.1,3.43,,player.fcgi?id=voegel000dom,
Manning West,22,2026,Kansas,Big 12,4,0,1,3.89,26,0,,0,0,1,34.2,29,17,15,2,23,0,36,5,0,4,158,1.5,7.5,0.5,6,9.3,1.57,,player.fcgi?id=west--000man,
Gavin Brasosky*,22,2025,Kansas,Big 12,0,0,,2.03,13,1,,0,0,0,13.1,9,4,3,1,10,0,11,8,0,2,67,1.425,6.1,0.7,6.8,7.4,1.1,,player.fcgi?id=brasos000gav,
Alex Breckheimer,21,2025,Kansas,Big 12,5,0,1,3.56,33,0,,0,0,7,48,43,19,19,5,14,1,50,8,1,4,202,1.188,8.1,0.9,2.6,9.4,3.57,,player.fcgi?id=breckh000ale,
Kannon Carr,21,2025,Kansas,Big 12,5,1,0.833,4.42,18,10,,0,0,0,55,52,32,27,4,28,0,50,7,0,12,247,1.455,8.5,0.7,4.6,8.2,1.79,,player.fcgi?id=carr--000kan,
Kasey Crawford,20,2025,Kansas,Big 12,0,0,,0,5,0,,0,0,0,5.2,2,0,0,0,3,0,5,1,0,1,22,0.882,3.2,0,4.8,7.9,1.67,,player.fcgi?id=crawfo000kas,
Jake Cubbler,23,2025,Kansas,Big 12,1,0,1,5.74,13,0,,0,0,1,15.2,12,13,10,0,11,0,7,2,0,6,72,1.468,6.9,0,6.3,4,0.64,,player.fcgi?id=cubble000jak,
Naun Haro*,23,2025,Kansas,Big 12,0,1,0,16.2,5,1,,0,0,0,5,9,10,9,0,6,0,4,1,0,0,31,3,16.2,0,10.8,7.2,0.67,,player.fcgi?id=haro--000nau,
Robbie Knowles,24,2025,Kansas,Big 12,0,0,,10.97,16,0,,0,0,0,10.2,9,13,13,1,11,0,12,5,0,0,58,1.875,7.6,0.8,9.3,10.1,1.09,,player.fcgi?id=knowle002rob,
Eric Lin,22,2025,Kansas,Big 12,3,2,0.6,6.18,24,0,,0,0,5,27.2,35,20,19,4,14,0,25,4,0,5,135,1.771,11.4,1.3,4.6,8.1,1.79,,player.fcgi?id=lin---000eri,
Connor Maggi,22,2025,Kansas,Big 12,3,0,1,4.2,12,0,,0,0,0,15,26,10,7,3,10,0,9,0,0,1,81,2.4,15.6,1.8,6,5.4,0.9,,player.fcgi?id=maggi-000con,
Cooper Moore,21,2025,Kansas,Big 12,7,3,0.7,3.96,15,14,,0,0,1,88.2,91,42,39,5,19,0,85,4,0,11,373,1.241,9.2,0.5,1.9,8.6,4.47,,player.fcgi?id=moore-002coo,
Brigden Parker*,22,2025,Kansas,Big 12,0,1,0,10.29,10,1,,0,0,0,7,12,11,8,1,6,0,5,1,0,1,41,2.571,15.4,1.3,7.7,6.4,0.83,,player.fcgi?id=parker002bri,
Dalton Smith,21,2025,Kansas,Big 12,0,0,,7.36,22,0,,0,0,0,22,22,18,18,6,15,0,26,8,0,2,109,1.682,9,2.5,6.1,10.6,1.73,,player.fcgi?id=smith-018dal,
Patrick Steitz,22,2025,Kansas,Big 12,2,0,1,3.55,6,6,,0,0,0,12.2,17,10,5,2,2,0,8,2,0,1,59,1.5,12.1,1.4,1.4,5.7,4,,player.fcgi?id=steitz000pat,
Thaniel Trumper,23,2025,Kansas,Big 12,4,1,0.8,5.65,22,1,,0,0,1,28.2,29,18,18,2,15,0,17,3,0,4,126,1.535,9.1,0.6,4.7,5.3,1.13,,player.fcgi?id=trumpe000tha,
Malakai Vetock,22,2025,Kansas,Big 12,3,1,0.75,5.84,21,3,,0,0,0,24.2,23,16,16,4,16,1,29,8,0,5,120,1.581,8.4,1.5,5.8,10.6,1.81,,player.fcgi?id=vetock000mal,
Dominic Voegele,20,2025,Kansas,Big 12,7,5,0.583,5.7,16,16,,0,0,0,96.1,93,62,61,15,36,0,89,11,0,4,418,1.339,8.7,1.4,3.4,8.3,2.47,,player.fcgi?id=voegel000dom,
Manning West,21,2025,Kansas,Big 12,3,2,0.6,4.17,24,7,,0,0,1,54,44,30,25,6,38,0,62,2,1,5,242,1.519,7.3,1,6.3,10.3,1.63,,player.fcgi?id=west--000man,
Grant Adler,22,2024,Kansas,Big 12,0,1,0,7.36,4,1,,0,0,0,7.1,8,7,6,1,5,0,11,0,0,0,36,1.773,9.8,1.2,6.1,13.5,2.2,,player.fcgi?id=adler-000gra,
Ethan Bradford*,23,2024,Kansas,Big 12,0,0,,9,10,0,,0,0,0,9,12,10,9,0,11,0,6,1,0,2,51,2.556,12,0,11,6,0.55,,player.fcgi?id=bradfo000eth,
Gavin Brasosky*,21,2024,Kansas,Big 12,1,1,0.5,7.61,17,0,,0,0,0,23.2,36,22,20,2,10,1,17,3,0,3,115,1.944,13.7,0.8,3.8,6.5,1.7,,player.fcgi?id=brasos000gav,
Tegan Cain,21,2024,Kansas,Big 12,1,2,0.333,5.94,27,1,,0,0,0,33.1,37,23,22,2,18,0,47,7,0,6,155,1.65,10,0.5,4.9,12.7,2.61,,player.fcgi?id=cain--000teg,
J.D. Callahan,23,2024,Kansas,Big 12,0,0,,9,6,0,,0,0,0,6,9,6,6,1,3,0,6,2,0,0,31,2,13.5,1.5,4.5,9,2,,player.fcgi?id=callah009jam,
Hunter Cashero,23,2024,Kansas,Big 12,0,1,0,9.31,9,0,,0,0,0,9.2,19,12,10,1,5,0,5,2,0,0,55,2.483,17.7,0.9,4.7,4.7,1,,player.fcgi?id=casher000hun,
Hunter Cranton,23,2024,Kansas,Big 12,4,3,0.571,2.16,25,0,,0,0,7,25,21,11,6,2,9,0,38,1,0,1,104,1.2,7.6,0.7,3.2,13.7,4.22,,player.fcgi?id=cranto000hun,
Kasey Crawford,19,2024,Kansas,Big 12,0,0,,8.31,5,0,,0,0,0,4.1,3,4,4,1,3,0,2,1,1,1,20,1.385,6.2,2.1,6.2,4.2,0.67,,player.fcgi?id=crawfo000kas,
Kolby Dougan,22,2024,Kansas,Big 12,0,1,0,4.41,15,0,,0,0,0,16.1,9,8,8,3,12,0,18,0,0,0,68,1.286,5,1.7,6.6,9.9,1.5,,player.fcgi?id=dougan000kol,
Reese Dutton,23,2024,Kansas,Big 12,7,5,0.583,3.78,15,15,,0,0,0,85.2,87,46,36,7,33,1,82,13,1,3,386,1.401,9.1,0.7,3.5,8.6,2.48,,player.fcgi?id=dutton000ree,
J'Briell Easley,22,2024,Kansas,Big 12,1,0,1,5.06,10,6,,0,0,0,21.1,25,12,12,4,9,0,23,3,0,2,99,1.594,10.5,1.7,3.8,9.7,2.56,,player.fcgi?id=easley000jbr,
Sam Ireland,23,2024,Kansas,Big 12,0,0,,10.8,6,0,,0,0,0,6.2,13,9,8,3,4,0,5,0,0,0,37,2.55,17.6,4.1,5.4,6.8,1.25,,player.fcgi?id=irelan001sam,
Ethan Lanthier,21,2024,Kansas,Big 12,4,0,1,4.54,20,0,,0,0,0,37.2,30,20,19,4,19,0,42,4,1,1,164,1.301,7.2,1,4.5,10,2.21,,player.fcgi?id=lanthi000eth,
Cooper Moore,20,2024,Kansas,Big 12,1,4,0.2,4.05,29,0,,0,0,0,33.1,35,15,15,4,13,0,31,5,0,0,147,1.44,9.5,1.1,3.5,8.4,2.38,,player.fcgi?id=moore-002coo,
Evan Shaw*,23,2024,Kansas,Big 12,3,1,0.75,5.1,18,10,,0,0,0,42.1,40,27,24,2,23,0,60,10,0,2,195,1.488,8.5,0.4,4.9,12.8,2.61,,player.fcgi?id=shaw--000eva,
Patrick Steitz,21,2024,Kansas,Big 12,2,2,0.5,2.16,6,6,,0,0,0,25,28,15,6,1,8,0,20,2,0,2,112,1.44,10.1,0.4,2.9,7.2,2.5,,player.fcgi?id=steitz000pat,
Thaniel Trumper,22,2024,Kansas,Big 12,0,0,,20.25,3,0,,0,0,0,2.2,7,7,6,1,1,0,2,0,0,0,17,3,23.6,3.4,3.4,6.8,2,,player.fcgi?id=trumpe000tha,
Dominic Voegele,19,2024,Kansas,Big 12,7,2,0.778,3.89,15,15,,0,0,0,81,72,39,35,9,29,0,80,11,0,6,352,1.247,8,1,3.2,8.9,2.76,,player.fcgi?id=voegel000dom,
Steven Andrews,21,2023,Kansas,Big 12,0,1,0,21.94,6,1,,0,0,0,5.1,12,15,13,1,8,0,3,1,0,1,36,3.75,20.3,1.7,13.5,5.1,0.38,,player.fcgi?id=andrew001ste,
Collin Baumgartner,24,2023,Kansas,Big 12,6,1,0.857,3.62,15,15,,0,0,0,79.2,82,38,32,10,22,0,74,5,0,3,342,1.305,9.3,1.1,2.5,8.4,3.36,,player.fcgi?id=baumga001col,
Ethan Bradford*,22,2023,Kansas,Big 12,2,5,0.286,6.07,18,8,,0,0,2,43,49,30,29,0,23,0,35,8,0,2,204,1.674,10.3,0,4.8,7.3,1.52,,player.fcgi?id=bradfo000eth,
Gavin Brasosky*,20,2023,Kansas,Big 12,1,2,0.333,7.25,23,2,,0,0,2,44.2,60,40,36,8,19,0,32,4,0,4,209,1.769,12.1,1.6,3.8,6.4,1.68,,player.fcgi?id=brasos000gav,
Hunter Cashero,22,2023,Kansas,Big 12,3,1,0.75,7.09,16,8,,0,0,0,45.2,63,39,36,7,8,0,24,6,0,2,203,1.555,12.4,1.4,1.6,4.7,3,,player.fcgi?id=casher000hun,
Hunter Cranton,22,2023,Kansas,Big 12,3,4,0.429,8.19,14,6,,0,0,0,29.2,41,30,27,6,16,0,23,2,0,2,141,1.921,12.4,1.8,4.9,7,1.44,,player.fcgi?id=cranto000hun,
Andrew Dennis,22,2023,Kansas,Big 12,0,0,,11.57,2,0,,0,0,0,2.1,3,3,3,1,1,0,4,0,0,0,11,1.714,11.6,3.9,3.9,15.4,4,,player.fcgi?id=dennis001and,
Kolby Dougan,21,2023,Kansas,Big 12,2,0,1,5.4,24,0,,0,0,1,38.1,35,26,23,6,26,1,54,2,0,8,179,1.591,8.2,1.4,6.1,12.7,2.08,,player.fcgi?id=dougan000kol,
Stone Evers,21,2023,Kansas,Big 12,0,0,,5.4,15,0,,0,0,0,15,12,10,9,0,15,0,11,2,0,2,72,1.8,7.2,0,9,6.6,0.73,,player.fcgi?id=evers-000sto,
Parker Grant,19,2023,Kansas,Big 12,0,0,,12.46,5,0,,0,0,0,4.1,8,6,6,1,5,0,6,0,0,1,27,3,16.6,2.1,10.4,12.5,1.2,,player.fcgi?id=grant-000par,
Toby Haarer,19,2023,Kansas,Big 12,0,0,,8.1,4,0,,0,0,0,3.1,1,4,3,0,7,0,5,0,0,0,19,2.4,2.7,0,18.9,13.5,0.71,,player.fcgi?id=haarer000tob,
Stone Hewlett*,21,2023,Kansas,Big 12,0,5,0,4.68,28,0,,0,0,3,42.1,43,26,22,6,13,0,42,5,0,2,179,1.323,9.1,1.3,2.8,8.9,3.23,,player.fcgi?id=hewlet000sto,
Sam Ireland,22,2023,Kansas,Big 12,4,7,0.364,6.75,14,14,,1,1,0,65.1,73,57,49,12,26,0,43,8,0,3,302,1.515,10.1,1.7,3.6,5.9,1.65,,player.fcgi?id=irelan001sam,
Karter Muck,19,2023,Kansas,Big 12,0,1,0,8.74,7,3,,0,0,0,11.1,18,13,11,2,9,0,6,2,0,3,59,2.382,14.3,1.6,7.1,4.8,0.67,,player.fcgi?id=muck--000kar,
Thaniel Trumper,21,2023,Kansas,Big 12,4,5,0.444,4.47,30,0,,0,0,2,58.1,44,33,29,7,28,1,54,5,0,3,247,1.234,6.8,1.1,4.3,8.3,1.93,,player.fcgi?id=trumpe000tha,
JJ Tylicki,21,2023,Kansas,Big 12,0,0,,36,7,0,,0,0,0,3,10,12,12,1,9,0,2,1,1,8,30,6.333,30,3,27,6,0.22,,player.fcgi?id=tylick000jer,
Jake Adams,22,2022,Kansas,Big 12,2,2,0.5,9.53,18,7,,0,0,0,39.2,52,50,42,6,23,0,28,11,1,6,203,1.891,11.8,1.4,5.2,6.4,1.22,,player.fcgi?id=adams-002jak,
Payton Allen,19,2022,Kansas,Big 12,2,2,0.5,4.95,7,0,,0,0,0,20,26,12,11,2,6,1,11,3,0,2,88,1.6,11.7,0.9,2.7,5,1.83,,player.fcgi?id=allen-001pay,
Steven Andrews,20,2022,Kansas,Big 12,1,2,0.333,6.92,14,2,,0,0,0,26,34,22,20,5,5,0,24,1,0,0,115,1.5,11.8,1.7,1.7,8.3,4.8,,player.fcgi?id=andrew001ste,
Sam Brady*,20,2022,Kansas,Big 12,0,3,0,9.78,13,8,,0,0,0,23,29,27,25,4,15,0,20,8,1,11,120,1.913,11.3,1.6,5.9,7.8,1.33,,player.fcgi?id=brady-000sam,
Knolton Clark,21,2022,Kansas,Big 12,0,0,,12.84,18,0,,0,0,0,20.1,32,33,29,4,22,0,16,3,0,6,117,2.656,14.2,1.8,9.7,7.1,0.73,,player.fcgi?id=clark-000kno,
Jonathan Cymrot,20,2022,Kansas,Big 12,0,0,,7.11,7,0,,0,0,0,6.1,6,5,5,0,5,0,9,1,0,9,32,1.737,8.5,0,7.1,12.8,1.8,,player.fcgi?id=cymrot000jon,
Jacob Dillon,20,2022,Kansas,Big 12,0,1,0,23.82,6,0,,0,0,0,5.2,11,15,15,1,13,0,6,1,0,2,42,4.235,17.5,1.6,20.6,9.5,0.46,,player.fcgi?id=dillon002jac,
Kolby Dougan,20,2022,Kansas,Big 12,1,3,0.25,7.75,27,0,,0,0,1,38.1,44,37,33,11,26,0,44,2,2,3,185,1.826,10.3,2.6,6.1,10.3,1.69,,player.fcgi?id=dougan000kol,
Stone Evers,20,2022,Kansas,Big 12,0,0,,10.13,5,0,,0,0,0,2.2,3,4,3,0,6,0,4,3,0,0,20,3.375,10.1,0,20.3,13.5,0.67,,player.fcgi?id=evers-000sto,
Daniel Hegarty*,23,2022,Kansas,Big 12,6,6,0.5,5.33,18,9,,2,0,0,72.2,88,53,43,13,20,0,32,10,1,1,327,1.486,10.9,1.6,2.5,4,1.6,,player.fcgi?id=hegart000dan,
Stone Hewlett*,20,2022,Kansas,Big 12,2,1,0.667,7.98,24,1,,0,0,1,38.1,49,35,34,10,14,0,25,3,1,1,177,1.643,11.5,2.3,3.3,5.9,1.79,,player.fcgi?id=hewlet000sto,
Cole Larsen,23,2022,Kansas,Big 12,1,9,0.1,8.47,15,14,,1,0,0,79.2,120,83,75,27,31,1,42,5,0,7,394,1.895,13.6,3.1,3.5,4.7,1.35,,player.fcgi?id=larsen000col,
Grant Shepherd*,20,2022,Kansas,Big 12,0,0,,10.57,16,0,,0,0,0,15.1,17,20,18,1,15,0,15,8,0,4,88,2.087,10,0.6,8.8,8.8,1,,player.fcgi?id=shephe001gra,
Jonah Ulane,23,2022,Kansas,Big 12,0,0,,11.42,11,0,,0,0,5,8.2,6,12,11,2,18,0,5,2,0,2,52,2.769,6.2,2.1,18.7,5.2,0.28,,player.fcgi?id=ulane-000jon,
Ryan Vanderhei,21,2022,Kansas,Big 12,5,6,0.455,6.46,14,14,,0,0,0,78,79,58,56,13,43,0,83,12,1,7,366,1.564,9.1,1.5,5,9.6,1.93,,player.fcgi?id=vander000rya,
Jake Adams,21,2021,Kansas,Big 12,0,1,0,9.82,10,0,,0,0,0,7.1,11,10,8,1,4,0,5,2,0,4,41,2.045,13.5,1.2,4.9,6.1,1.25,,player.fcgi?id=adams-002jak,
Nathan Barry*,24,2021,Kansas,Big 12,2,2,0.5,6.99,18,0,,0,0,0,28.1,38,23,22,3,9,0,20,3,1,2,134,1.659,12.1,1,2.9,6.4,2.22,,player.fcgi?id=barry-000nat,
Sam Brady*,19,2021,Kansas,Big 12,0,0,,11.94,11,2,,0,0,1,17.1,31,26,23,7,8,0,13,5,0,2,94,2.25,16.1,3.6,4.2,6.8,1.63,,player.fcgi?id=brady-000sam,
Ryan Cyr,24,2021,Kansas,Big 12,4,7,0.364,6.54,20,11,,0,0,0,74.1,105,64,54,10,12,2,59,4,0,2,340,1.574,12.7,1.2,1.5,7.1,4.92,,player.fcgi?id=cyr---000rya,
Eli Davis*,23,2021,Kansas,Big 12,6,6,0.5,5.56,14,14,,2,1,0,66.1,65,46,41,3,45,0,59,5,0,5,306,1.658,8.8,0.4,6.1,8,1.31,,player.fcgi?id=davis-002eli,
Everhett Hazelwood,22,2021,Kansas,Big 12,2,4,0.333,6.87,16,12,,0,0,0,55,53,42,42,8,41,0,53,7,0,10,260,1.709,8.7,1.3,6.7,8.7,1.29,,player.fcgi?id=hazelw000eve,
Daniel Hegarty*,22,2021,Kansas,Big 12,4,2,0.667,4.65,24,0,,0,0,1,40.2,43,23,21,5,8,2,26,10,1,1,182,1.254,9.5,1.1,1.8,5.8,3.25,,player.fcgi?id=hegart000dan,
Stone Hewlett*,19,2021,Kansas,Big 12,0,0,,3.46,13,0,,0,0,0,13,10,5,5,0,11,0,7,2,0,2,58,1.615,6.9,0,7.6,4.8,0.64,,player.fcgi?id=hewlet000sto,
Cole Larsen,22,2021,Kansas,Big 12,5,5,0.5,3.87,15,14,,2,1,1,95.1,97,47,41,5,36,0,86,7,0,4,413,1.395,9.2,0.5,3.4,8.1,2.39,,player.fcgi?id=larsen000col,
Marc Mendel,21,2021,Kansas,Big 12,0,0,,9,1,0,,0,0,0,1,0,1,1,0,1,0,1,1,0,0,5,1,0,0,9,9,1,,player.fcgi?id=mendel000mar,
Gabriel Sotomayor,23,2021,Kansas,Big 12,0,0,,6.23,6,0,,0,0,0,4.1,1,3,3,1,6,0,4,3,1,2,24,1.615,2.1,2.1,12.5,8.3,0.67,,player.fcgi?id=sotoma000gab,
Matt Taylor,21,2021,Kansas,Big 12,0,0,,12,4,0,,0,0,0,3,1,4,4,0,5,0,3,1,1,2,16,2,3,0,15,9,0.6,,player.fcgi?id=taylor011mat,
Jonah Ulane,22,2021,Kansas,Big 12,3,0,1,1.44,22,0,,0,0,11,25,11,5,4,1,18,0,29,3,0,6,103,1.16,4,0.4,6.5,10.4,1.61,,player.fcgi?id=ulane-000jon,
Ryan Vanderhei,20,2021,Kansas,Big 12,1,0,1,2.7,20,0,,0,0,0,26.2,26,12,8,0,20,0,25,5,2,3,127,1.725,8.8,0,6.8,8.4,1.25,,player.fcgi?id=vander000rya,
Steve Washilewski*,22,2021,Kansas,Big 12,3,0,1,5.67,15,4,,0,0,0,39.2,44,29,25,6,12,0,21,3,0,3,179,1.412,10,1.4,2.7,4.8,1.75,,player.fcgi?id=washil000ste,
Jake Adams,20,2020,Kansas,Big 12,0,0,,0,1,0,,0,0,0,2,1,0,0,0,0,0,0,1,0,0,8,0.5,4.5,0,0,0,,,player.fcgi?id=adams-002jak,
Nathan Barry*,23,2020,Kansas,Big 12,1,1,0.5,2.03,8,0,,0,0,0,13.1,11,5,3,0,5,0,11,0,0,3,57,1.2,7.4,0,3.4,7.4,2.2,,player.fcgi?id=barry-000nat,
Kahi Bisho,20,2020,Kansas,Big 12,0,0,,9,2,0,,0,0,0,2,3,2,2,0,0,0,3,0,0,1,10,1.5,13.5,0,0,13.5,,,player.fcgi?id=bisho-000kah,
Ryan Cyr,23,2020,Kansas,Big 12,1,2,0.333,4.03,4,4,,1,0,0,22.1,25,12,10,1,7,0,11,4,0,0,102,1.433,10.1,0.4,2.8,4.4,1.57,,player.fcgi?id=cyr---000rya,
Eli Davis*,22,2020,Kansas,Big 12,2,2,0.5,6.45,4,4,,0,0,0,22.1,28,17,16,2,9,1,15,0,0,1,100,1.657,11.3,0.8,3.6,6,1.67,,player.fcgi?id=davis-002eli,
Hunter Freese*,20,2020,Kansas,Big 12,0,0,,0,1,0,,0,0,0,1,1,0,0,0,0,0,0,0,0,2,3,1,9,0,0,0,,,player.fcgi?id=freese000hun,
Blake Goldsberry,23,2020,Kansas,Big 12,0,0,,0,7,0,,0,0,1,10,7,0,0,0,1,0,8,0,0,1,37,0.8,6.3,0,0.9,7.2,8,,player.fcgi?id=goldsb000bla,
Everhett Hazelwood,21,2020,Kansas,Big 12,2,1,0.667,5.23,4,4,,0,0,0,20.2,22,14,12,0,13,0,27,3,0,2,99,1.694,9.6,0,5.7,11.8,2.08,,player.fcgi?id=hazelw000eve,
Daniel Hegarty*,21,2020,Kansas,Big 12,1,1,0.5,1.8,8,0,,0,0,0,10,6,3,2,0,1,1,8,1,0,1,37,0.7,5.4,0,0.9,7.2,8,,player.fcgi?id=hegart000dan,
Cole Larsen,21,2020,Kansas,Big 12,0,1,0,5.14,6,3,,0,0,0,21,21,12,12,4,3,0,24,2,0,0,89,1.143,9,1.7,1.3,10.3,8,,player.fcgi?id=larsen000col,
Marc Mendel,20,2020,Kansas,Big 12,0,0,,27,1,0,,0,0,0,0.2,3,2,2,0,1,0,2,0,0,0,6,6,40.5,0,13.5,27,2,,player.fcgi?id=mendel000mar,
Manny Miles?,--,2020,Kansas,Big 12,0,0,,0,1,0,,0,0,0,0.1,0,0,0,0,0,0,0,1,0,0,2,0,0,0,0,0,,,player.fcgi?id=miles-000man,
Stone Parker,20,2020,Kansas,Big 12,0,0,,18,3,0,,0,0,0,1,3,2,2,0,0,0,2,0,1,0,6,3,27,0,0,18,,,player.fcgi?id=parker000sto,
Gabriel Sotomayor,22,2020,Kansas,Big 12,0,1,0,4.15,4,0,,0,0,0,4.1,2,2,2,0,5,0,3,0,0,0,19,1.615,4.2,0,10.4,6.2,0.6,,player.fcgi?id=sotoma000gab,
Jonah Ulane,21,2020,Kansas,Big 12,0,0,,0,6,0,,0,0,2,5.1,1,0,0,0,3,1,11,0,0,0,20,0.75,1.7,0,5.1,18.6,3.67,,player.fcgi?id=ulane-000jon,
Ryan Vanderhei,19,2020,Kansas,Big 12,0,0,,0,1,0,,0,0,0,2,1,0,0,0,1,0,0,0,0,0,8,1,4.5,0,4.5,0,0,,player.fcgi?id=vander000rya,
Steve Washilewski*,21,2020,Kansas,Big 12,0,1,0,4.91,3,2,,0,0,0,7.1,10,4,4,0,2,0,2,1,0,0,32,1.636,12.3,0,2.5,2.5,1,,player.fcgi?id=washil000ste,
Jake Adams,19,2019,Kansas,Big 12,0,0,,22.09,5,0,,0,0,0,3.2,6,9,9,2,11,0,5,1,0,1,29,4.636,14.7,4.9,27,12.3,0.45,,player.fcgi?id=adams-002jak,
Nathan Barry*,22,2019,Kansas,Big 12,5,1,0.833,4.25,31,1,,0,0,1,36,41,19,17,1,10,2,28,1,0,7,158,1.417,10.3,0.3,2.5,7,2.8,,player.fcgi?id=barry-000nat,
Kahi Bisho,19,2019,Kansas,Big 12,0,1,0,14.09,10,0,,0,0,0,7.2,21,13,12,2,5,1,9,2,1,4,52,3.391,24.7,2.3,5.9,10.6,1.8,,player.fcgi?id=bisho-000kah,
Ryan Cyr,22,2019,Kansas,Big 12,4,7,0.364,5.46,16,15,,4,1,0,97.1,101,62,59,20,29,0,61,6,0,4,420,1.336,9.3,1.8,2.7,5.6,2.1,,player.fcgi?id=cyr---000rya,
Eli Davis*,21,2019,Kansas,Big 12,5,3,0.625,5.02,12,12,,0,0,0,66.1,81,45,37,7,20,0,51,4,0,6,298,1.523,11,0.9,2.7,6.9,2.55,,player.fcgi?id=davis-002eli,
Zack Engelken,23,2019,Kansas,Big 12,0,0,,12.79,8,0,,0,0,0,6.1,5,11,9,1,15,0,11,3,0,4,43,3.158,7.1,1.4,21.3,15.6,0.73,,player.fcgi?id=engelk000zac,
Hunter Freese*,19,2019,Kansas,Big 12,1,2,0.333,7.17,12,3,,0,0,0,21.1,33,22,17,2,10,0,11,2,0,1,104,2.016,13.9,0.8,4.2,4.6,1.1,,player.fcgi?id=freese000hun,
Blake Goldsberry,22,2019,Kansas,Big 12,6,6,0.5,3.5,31,0,,0,0,3,43.2,44,18,17,3,16,2,33,0,0,2,189,1.374,9.1,0.6,3.3,6.8,2.06,,player.fcgi?id=goldsb000bla,
Daniel Hegarty*,20,2019,Kansas,Big 12,0,0,,7.54,23,0,,0,0,1,22.2,25,19,19,5,10,0,23,2,0,1,102,1.544,9.9,2,4,9.1,2.3,,player.fcgi?id=hegart000dan,
Stone Parker,19,2019,Kansas,Big 12,1,1,0.5,6.08,20,0,,0,0,0,13.1,15,10,9,5,8,0,6,4,0,3,67,1.725,10.1,3.4,5.4,4.1,0.75,,player.fcgi?id=parker000sto,
Brandon Ponticelli,22,2019,Kansas,Big 12,0,0,,0,5,0,,0,0,0,3.2,2,0,0,0,3,0,2,0,0,2,14,1.364,4.9,0,7.4,4.9,0.67,,player.fcgi?id=pontic000bra,
Ryan Ralston?,--,2019,Kansas,Big 12,0,0,,3.86,12,2,,0,0,0,14,10,6,6,0,12,0,7,1,0,1,62,1.571,6.4,0,7.7,4.5,0.58,,player.fcgi?id=ralsto000rya,
Gabriel Sotomayor,21,2019,Kansas,Big 12,1,0,1,14.29,10,0,,0,0,0,5.2,8,9,9,1,7,0,7,0,0,2,32,2.647,12.7,1.6,11.1,11.1,1,,player.fcgi?id=sotoma000gab,
Jonah Ulane,20,2019,Kansas,Big 12,0,1,0,3.62,22,0,,0,0,9,27.1,22,11,11,3,15,1,42,1,1,2,119,1.354,7.2,1,4.9,13.8,2.8,,player.fcgi?id=ulane-000jon,
Conner VanCleave*,20,2019,Kansas,Big 12,0,0,,0,1,0,,0,0,0,1,1,0,0,0,1,0,0,0,0,0,4,2,9,0,9,0,0,,player.fcgi?id=vancle000con,
Steve Washilewski*,20,2019,Kansas,Big 12,4,2,0.667,3.75,14,10,,0,0,0,57.2,55,25,24,6,16,0,49,4,0,1,242,1.231,8.6,0.9,2.5,7.6,3.06,,player.fcgi?id=washil000ste,
Ryan Zeferjahn,21,2019,Kansas,Big 12,5,2,0.714,3.97,15,15,,0,0,0,88.1,60,43,39,7,44,1,107,16,1,5,378,1.177,6.1,0.7,4.5,10.9,2.43,,player.fcgi?id=zeferj000rya,
Ryan Cyr,21,2018,Kansas,Big 12,4,3,0.571,4.29,29,1,,0,0,1,56.2,60,28,27,4,32,1,55,5,2,4,257,1.624,9.5,0.6,5.1,8.7,1.72,,player.fcgi?id=cyr---000rya,
Tyler Davis,23,2018,Kansas,Big 12,0,2,0,5.95,23,3,,0,0,1,42.1,48,34,28,3,17,0,41,6,1,8,196,1.535,10.2,0.6,3.6,8.7,2.41,,player.fcgi?id=davis-003tyl,
Casey Douglas?,--,2018,Kansas,Big 12,0,0,,9,11,0,,0,0,0,12,21,14,12,1,10,0,10,1,0,3,67,2.583,15.8,0.8,7.5,7.5,1,,player.fcgi?id=dougla000cas,
Jackson Goddard,21,2018,Kansas,Big 12,5,1,0.833,4.1,10,10,,0,0,0,52.2,48,29,24,1,28,0,60,2,0,5,231,1.443,8.2,0.2,4.8,10.3,2.14,,player.fcgi?id=goddar000jac,
Blake Goldsberry,21,2018,Kansas,Big 12,1,0,1,3.65,4,1,,0,0,0,12.1,6,5,5,1,5,0,10,3,0,0,47,0.892,4.4,0.7,3.6,7.3,2,,player.fcgi?id=goldsb000bla,
Jon Hander,23,2018,Kansas,Big 12,0,2,0,8,5,2,,0,0,0,9,16,13,8,0,6,0,8,1,0,0,53,2.444,16,0,6,8,1.33,,player.fcgi?id=hander000jon,
Daniel Hegarty*,19,2018,Kansas,Big 12,0,0,,11.88,15,0,,0,0,0,16.2,27,23,22,0,9,0,14,3,0,1,90,2.16,14.6,0,4.9,7.6,1.56,,player.fcgi?id=hegart000dan,
Chase Kaplan*,22,2018,Kansas,Big 12,0,0,,31.5,3,0,,0,0,0,2,4,7,7,0,5,0,2,1,0,1,16,4.5,18,0,22.5,9,0.4,,player.fcgi?id=kaplan000cha,
Zack Leban,22,2018,Kansas,Big 12,4,3,0.571,4.62,26,0,,0,0,12,39,39,20,20,2,12,0,36,5,0,2,170,1.308,9,0.5,2.8,8.3,3,,player.fcgi?id=leban-000zac,
Brandon Ponticelli,21,2018,Kansas,Big 12,0,0,,8.03,8,3,,0,0,0,12.1,11,20,11,0,11,0,15,5,1,2,72,1.784,8,0,8,10.9,1.36,,player.fcgi?id=pontic000bra,
Gabriel Sotomayor,20,2018,Kansas,Big 12,1,0,1,4.56,16,2,,0,0,0,23.2,22,13,12,1,15,0,20,6,0,14,111,1.563,8.4,0.4,5.7,7.6,1.33,,player.fcgi?id=sotoma000gab,
Taylor Turski?,--,2018,Kansas,Big 12,2,9,0.182,6.84,16,15,,0,0,0,77.2,87,65,59,10,36,0,81,6,0,11,360,1.584,10.1,1.2,4.2,9.4,2.25,,player.fcgi?id=turski000tay,
Jonah Ulane,19,2018,Kansas,Big 12,1,2,0.333,9.67,17,0,,0,0,0,27,32,35,29,9,15,0,35,4,2,1,132,1.741,10.7,3,5,11.7,2.33,,player.fcgi?id=ulane-000jon,
Conner VanCleave*,19,2018,Kansas,Big 12,0,2,0,8.88,18,5,,0,0,0,25.1,33,28,25,5,16,0,16,2,0,4,123,1.934,11.7,1.8,5.7,5.7,1,,player.fcgi?id=vancle000con,
Steve Washilewski*,19,2018,Kansas,Big 12,1,1,0.5,9.95,9,1,,0,0,0,12.2,22,19,14,2,12,0,7,2,0,7,74,2.684,15.6,1.4,8.5,5,0.58,,player.fcgi?id=washil000ste,
Ryan Zeferjahn,20,2018,Kansas,Big 12,8,5,0.615,4.48,14,14,,1,0,0,80.1,66,43,40,11,39,0,100,17,1,14,354,1.307,7.4,1.2,4.4,11.2,2.56,,player.fcgi?id=zeferj000rya,
Tyler Davis,22,2017,Kansas,Big 12,1,1,0.5,10.38,15,0,,0,0,0,13,18,16,15,2,8,0,13,1,1,0,64,2,12.5,1.4,5.5,9,1.63,,player.fcgi?id=davis-003tyl,
Casey Douglas?,--,2017,Kansas,Big 12,0,0,,4.5,1,0,,0,0,0,2,3,2,1,0,0,0,5,0,0,1,10,1.5,13.5,0,0,22.5,,,player.fcgi?id=dougla000cas,
Jackson Goddard,20,2017,Kansas,Big 12,5,4,0.556,4.29,16,12,,0,0,0,79.2,82,45,38,8,31,0,75,8,3,10,351,1.418,9.3,0.9,3.5,8.5,2.42,,player.fcgi?id=goddar000jac,
Blake Goldsberry,20,2017,Kansas,Big 12,0,0,,5.22,19,0,,0,0,1,29.1,34,21,17,1,11,0,22,3,0,2,129,1.534,10.4,0.3,3.4,6.8,2,,player.fcgi?id=goldsb000bla,
Chase Kaplan*,21,2017,Kansas,Big 12,3,0,1,3.22,23,0,,0,0,0,22.1,24,14,8,2,13,1,11,5,0,2,109,1.657,9.7,0.8,5.2,4.4,0.85,,player.fcgi?id=kaplan000cha,
Jeremy Kravetz*,22,2017,Kansas,Big 12,0,0,,4.15,4,0,,0,0,0,4.1,6,2,2,0,1,0,3,0,0,0,21,1.615,12.5,0,2.1,6.2,3,,player.fcgi?id=kravet000jer,
Zack Leban,21,2017,Kansas,Big 12,3,3,0.5,3.57,28,2,,0,0,1,40.1,39,21,16,3,14,0,37,2,1,1,178,1.314,8.7,0.7,3.1,8.3,2.64,,player.fcgi?id=leban-000zac,
Sean Rackoski,22,2017,Kansas,Big 12,5,6,0.455,4.68,14,13,,0,0,0,59.2,64,38,31,3,27,0,42,3,0,16,266,1.525,9.7,0.5,4.1,6.3,1.56,,player.fcgi?id=rackos000sea,
Jeider Rincon*,--,2017,Kansas,Big 12,0,2,0,7.94,16,5,,0,0,0,28.1,38,27,25,4,19,0,25,6,4,5,146,2.012,12.1,1.3,6,7.9,1.32,,player.fcgi?id=rincon000jei,
Gabriel Sotomayor,19,2017,Kansas,Big 12,0,0,,2.7,9,0,,0,0,0,10,3,5,3,1,6,0,5,1,0,1,41,0.9,2.7,0.9,5.4,4.5,0.83,,player.fcgi?id=sotoma000gab,
Taylor Turski?,--,2017,Kansas,Big 12,3,4,0.429,3.51,13,13,,0,0,0,74.1,59,41,29,5,32,0,68,3,1,11,317,1.224,7.1,0.6,3.9,8.2,2.13,,player.fcgi?id=turski000tay,
Steve Villines,21,2017,Kansas,Big 12,1,2,0.333,2.7,32,0,,0,0,14,43.1,42,15,13,1,5,1,54,4,0,3,182,1.085,8.7,0.2,1,11.2,10.8,,player.fcgi?id=villin000ste,
Blake Weiman*,21,2017,Kansas,Big 12,5,1,0.833,2.8,30,0,,0,0,0,45,45,16,14,1,5,0,55,6,1,4,188,1.111,9,0.2,1,11,11,,player.fcgi?id=weiman000bla,
Ryan Zeferjahn,19,2017,Kansas,Big 12,4,4,0.5,6.19,18,13,,0,0,0,52.1,58,37,36,4,35,0,53,7,0,12,248,1.777,10,0.7,6,9.1,1.51,,player.fcgi?id=zeferj000rya,
Tyler Davis,21,2016,Kansas,Big 12,1,1,0.5,5.4,18,2,,0,0,0,43.1,49,30,26,7,21,0,26,0,2,2,200,1.615,10.2,1.5,4.4,5.4,1.24,,player.fcgi?id=davis-003tyl,
Casey Douglas?,--,2016,Kansas,Big 12,0,0,,5.89,13,0,,0,0,0,18.1,18,13,12,2,12,0,8,4,0,3,87,1.636,8.8,1,5.9,3.9,0.67,,player.fcgi?id=dougla000cas,
Hayden Edwards,22,2016,Kansas,Big 12,1,1,0.5,9.1,19,1,,0,0,0,29.2,37,35,30,4,20,0,31,6,1,14,148,1.921,11.2,1.2,6.1,9.4,1.55,,player.fcgi?id=edward000hay,
Chris Fearon,19,2016,Kansas,Big 12,0,0,,13.5,5,0,,0,0,0,6,14,10,9,2,6,0,4,1,0,0,38,3.333,21,3,9,6,0.67,,player.fcgi?id=fearon000chr,
Sam Gilbert,22,2016,Kansas,Big 12,1,1,0.5,6.1,20,0,,0,0,0,20.2,25,14,14,3,11,1,14,1,0,2,97,1.742,10.9,1.3,4.8,6.1,1.27,,player.fcgi?id=gilber000sam,
Jackson Goddard,19,2016,Kansas,Big 12,2,6,0.25,7.6,20,14,,0,0,0,55.2,79,51,47,6,41,0,27,9,1,9,287,2.156,12.8,1,6.6,4.4,0.66,,player.fcgi?id=goddar000jac,
Blake Goldsberry,19,2016,Kansas,Big 12,0,7,0,11.94,20,1,,0,0,1,31.2,54,55,42,10,18,0,19,1,0,6,173,2.274,15.3,2.8,5.1,5.4,1.06,,player.fcgi?id=goldsb000bla,
Jon Hander,21,2016,Kansas,Big 12,0,1,0,14.81,4,3,,0,0,0,10.1,20,18,17,4,4,0,4,3,1,3,55,2.323,17.4,3.5,3.5,3.5,1,,player.fcgi?id=hander000jon,
Ben Krauth*,22,2016,Kansas,Big 12,5,5,0.5,3.33,15,15,,2,1,0,92,86,35,34,4,30,0,103,7,0,4,389,1.261,8.4,0.4,2.9,10.1,3.43,,player.fcgi?id=krauth000ben,
Jeremy Kravetz*,21,2016,Kansas,Big 12,1,1,0.5,5.3,11,1,,0,0,0,18.2,24,13,11,2,4,0,15,0,0,1,84,1.5,11.6,1,1.9,7.2,3.75,,player.fcgi?id=kravet000jer,
Zack Leban,20,2016,Kansas,Big 12,1,1,0.5,7.64,12,0,,0,0,0,17.2,26,17,15,3,9,0,8,1,0,1,88,1.981,13.2,1.5,4.6,4.1,0.89,,player.fcgi?id=leban-000zac,
Ryan Ralston?,--,2016,Kansas,Big 12,1,1,0.5,6.65,16,5,,0,0,0,23,22,19,17,2,23,0,16,5,2,4,113,1.957,8.6,0.8,9,6.3,0.7,,player.fcgi?id=ralsto000rya,
Ty Stahl?,--,2016,Kansas,Big 12,0,0,,9.82,3,0,,0,0,0,3.2,5,4,4,0,1,0,1,0,1,1,16,1.636,12.3,0,2.5,2.5,1,,player.fcgi?id=stahl-000ty-,
Steve Villines,20,2016,Kansas,Big 12,5,1,0.833,2.13,25,0,,0,0,5,50.2,44,14,12,1,16,0,47,3,0,2,211,1.184,7.8,0.2,2.8,8.3,2.94,,player.fcgi?id=villin000ste,
Blake Weiman*,20,2016,Kansas,Big 12,2,7,0.222,6.82,17,14,,0,0,0,60.2,85,51,46,11,22,0,44,6,1,1,293,1.764,12.6,1.6,3.3,6.5,2,,player.fcgi?id=weiman000bla,
Tyler Davis,20,2015,Kansas,Big 12,0,0,,0,3,0,,,0,0,3.2,3,0,0,0,3,0,2,0,0,0,17,1.636,7.4,0,7.4,4.9,0.67,,player.fcgi?id=davis-003tyl,
Casey Douglas?,--,2015,Kansas,Big 12,0,1,0,8.44,10,0,,,0,0,10.2,19,13,10,0,5,0,6,4,0,6,57,2.25,16,0,4.2,5.1,1.2,,player.fcgi?id=dougla000cas,
Hayden Edwards,21,2015,Kansas,Big 12,2,2,0.5,6.82,15,5,,,0,0,33,51,27,25,4,8,0,27,4,0,5,160,1.788,13.9,1.1,2.2,7.4,3.38,,player.fcgi?id=edward000hay,
Sam Gilbert,21,2015,Kansas,Big 12,2,2,0.5,4.58,25,0,,,0,1,37.1,40,22,19,1,20,0,24,4,0,5,171,1.607,9.6,0.2,4.8,5.8,1.2,,player.fcgi?id=gilber000sam,
Ryan Jackson*,19,2015,Kansas,Big 12,0,0,,7.15,17,1,,,0,0,11.1,11,10,9,0,22,0,10,4,0,5,69,2.912,8.7,0,17.5,7.9,0.45,,player.fcgi?id=jackso005rya,
Brandon Johnson?,--,2015,Kansas,Big 12,0,2,0,9.53,10,3,,,0,0,11.1,10,15,12,2,10,0,5,4,1,8,59,1.765,7.9,1.6,7.9,4,0.5,,player.fcgi?id=johnso006bra,
Ben Krauth*,21,2015,Kansas,Big 12,7,5,0.583,3.65,14,14,,,0,0,91.1,85,48,37,1,42,0,84,8,2,5,399,1.391,8.4,0.1,4.1,8.3,2,,player.fcgi?id=krauth000ben,
Jeremy Kravetz*,20,2015,Kansas,Big 12,1,0,1,9,12,0,,,0,1,14,22,15,14,3,5,0,5,1,0,0,70,1.929,14.1,1.9,3.2,3.2,1,,player.fcgi?id=kravet000jer,
Drew Morovick,21,2015,Kansas,Big 12,4,4,0.5,4.27,13,13,,,0,0,78,76,38,37,7,34,0,33,9,1,1,340,1.41,8.8,0.8,3.9,3.8,0.97,,player.fcgi?id=morovi000dre,
Sean Rackoski,20,2015,Kansas,Big 12,2,4,0.333,6.6,19,11,,,0,0,58.2,77,48,43,6,29,0,38,4,0,7,279,1.807,11.8,0.9,4.4,5.8,1.31,,player.fcgi?id=rackos000sea,
Ryan Ralston?,--,2015,Kansas,Big 12,0,0,,12.96,11,0,,,0,0,8.1,10,12,12,1,18,0,8,2,0,6,53,3.36,10.8,1.1,19.4,8.6,0.44,,player.fcgi?id=ralsto000rya,
Colin Toalson?,--,2015,Kansas,Big 12,0,0,,9,14,1,,,0,0,22,35,22,22,6,10,0,10,1,0,1,108,2.045,14.3,2.5,4.1,4.1,1,,player.fcgi?id=toalso000col,
Steve Villines,19,2015,Kansas,Big 12,3,5,0.375,3.4,28,0,,,0,13,53,60,23,20,3,10,2,56,6,1,0,235,1.321,10.2,0.5,1.7,9.5,5.6,,player.fcgi?id=villin000ste,
Blake Weiman*,19,2015,Kansas,Big 12,2,7,0.222,6.75,21,7,,,0,0,56,77,44,42,5,13,0,23,8,3,2,257,1.607,12.4,0.8,2.1,3.7,1.77,,player.fcgi?id=weiman000bla,
Wes Benjamin*,20,2014,Kansas,Big 12,4,0,1,4.22,7,7,,,0,0,42.2,46,20,20,1,12,0,31,2,1,4,185,1.359,9.7,0.2,2.5,6.5,2.58,,player.fcgi?id=benjam000wes,
Frank Duncan,22,2014,Kansas,Big 12,6,4,0.6,2.58,16,16,,,1,0,118.2,110,38,34,3,14,1,82,10,1,9,477,1.045,8.3,0.2,1.1,6.2,5.86,,player.fcgi?id=duncan005fra,
Hayden Edwards,20,2014,Kansas,Big 12,0,0,,2.08,6,0,,,0,0,8.2,6,2,2,0,0,0,4,0,0,0,32,0.692,6.2,0,0,4.2,,,player.fcgi?id=edward000hay,
Jon Hander,19,2014,Kansas,Big 12,2,1,0.667,3.18,11,6,,,0,1,39.2,31,15,14,1,18,0,16,3,0,2,163,1.235,7,0.2,4.1,3.6,0.89,,player.fcgi?id=hander000jon,
Robert Kahana,21,2014,Kansas,Big 12,4,7,0.364,3.36,15,15,,,0,0,85.2,92,44,32,3,26,0,33,10,0,8,381,1.377,9.7,0.3,2.7,3.5,1.27,,player.fcgi?id=kahana000rob,
Drew Morovick,20,2014,Kansas,Big 12,10,4,0.714,5,25,9,,,0,0,77.1,86,47,43,1,26,0,44,7,3,6,345,1.448,10,0.1,3,5.1,1.69,,player.fcgi?id=morovi000dre,
Jordan Piche,22,2014,Kansas,Big 12,6,5,0.545,4.59,24,8,,,1,3,82.1,94,50,42,7,29,3,69,3,0,3,364,1.494,10.3,0.8,3.2,7.5,2.38,,player.fcgi?id=piche-000jor,
Sean Rackoski,19,2014,Kansas,Big 12,0,0,,10.8,2,0,,,0,0,1.2,5,2,2,0,0,0,1,0,0,0,9,3,27,0,0,5.4,,,player.fcgi?id=rackos000sea,
Taylor Rappaport?,--,2014,Kansas,Big 12,0,1,0,5.4,8,0,,,0,0,5,6,3,3,0,5,0,6,0,0,1,25,2.2,10.8,0,9,10.8,1.2,,player.fcgi?id=rappap000tay,
Dakota Smith,21,2014,Kansas,Big 12,1,2,0.333,4.01,17,0,,,0,0,24.2,27,16,11,1,14,0,23,4,0,0,119,1.662,9.9,0.4,5.1,8.4,1.64,,player.fcgi?id=smith-000dak,
Colin Toalson?,--,2014,Kansas,Big 12,0,0,,6.75,6,0,,,0,0,6.2,6,5,5,1,4,0,3,1,0,1,31,1.5,8.1,1.4,5.4,4.1,0.75,,player.fcgi?id=toalso000col,
Steve Villines,18,2014,Kansas,Big 12,2,2,0.5,1.5,29,0,,,0,8,48,33,13,8,3,9,0,23,5,0,2,187,0.875,6.2,0.6,1.7,4.3,2.56,,player.fcgi?id=villin000ste,
Wes Benjamin*,19,2013,Kansas,Big 12,4,6,0.4,4.4,15,15,,,0,0,88,99,59,43,2,37,1,66,7,1,6,405,1.545,10.1,0.2,3.8,6.8,1.78,,player.fcgi?id=benjam000wes,
Frank Duncan,21,2013,Kansas,Big 12,4,6,0.4,4.2,20,12,,,0,0,83.2,84,56,39,4,31,1,52,5,0,6,361,1.375,9,0.4,3.3,5.6,1.68,,player.fcgi?id=duncan005fra,
Hayden Edwards,19,2013,Kansas,Big 12,0,0,,0,4,0,,,0,0,4.2,4,0,0,0,0,0,8,1,0,0,19,0.857,7.7,0,0,15.4,,,player.fcgi?id=edward000hay,
Robert Kahana,20,2013,Kansas,Big 12,5,1,0.833,3.08,22,5,,,0,1,52.2,51,20,18,0,25,0,26,4,0,2,234,1.443,8.7,0,4.3,4.4,1.04,,player.fcgi?id=kahana000rob,
Jordan Luvisi*,22,2013,Kansas,Big 12,0,0,,15.43,7,0,,,0,0,2.1,4,7,4,1,1,0,1,5,0,0,19,2.143,15.4,3.9,3.9,3.9,1,,player.fcgi?id=luvisi001jor,
Drew Morovick,19,2013,Kansas,Big 12,4,3,0.571,3.38,20,3,,,0,1,45.1,47,20,17,0,15,0,21,2,3,3,196,1.368,9.3,0,3,4.2,1.4,,player.fcgi?id=morovi000dre,
Conner Murray?,--,2013,Kansas,Big 12,0,0,,19.29,4,0,,,0,0,2.1,3,5,5,0,4,0,0,2,0,1,15,3,11.6,0,15.4,0,0,,player.fcgi?id=murray000con,
Junior Mustain?,--,2013,Kansas,Big 12,0,0,,4.84,20,0,,,0,0,22.1,29,12,12,1,11,1,17,0,1,5,108,1.791,11.7,0.4,4.4,6.9,1.55,,player.fcgi?id=mustai000jun,
Jordan Piche,21,2013,Kansas,Big 12,6,4,0.6,1.68,32,0,,,0,12,64.1,53,12,12,2,10,0,49,2,0,5,252,0.979,7.4,0.3,1.4,6.9,4.9,,player.fcgi?id=piche-000jor,
Tanner Poppe,22,2013,Kansas,Big 12,4,3,0.571,4.22,13,10,,,0,0,53.1,47,30,25,2,25,0,40,3,0,3,227,1.35,7.9,0.3,4.2,6.8,1.6,,player.fcgi?id=poppe-001tan,
Dakota Smith,20,2013,Kansas,Big 12,0,0,,0,2,0,,,0,0,2.1,4,1,0,0,1,0,0,0,0,0,12,2.143,15.4,0,3.9,0,0,,player.fcgi?id=smith-000dak,
Thomas Taylor,23,2013,Kansas,Big 12,6,2,0.75,2.33,14,14,,,1,0,96.2,84,33,25,4,28,0,66,9,0,0,397,1.159,7.8,0.4,2.6,6.1,2.36,,player.fcgi?id=taylor009tho,
Colin Toalson?,--,2013,Kansas,Big 12,1,0,1,1.93,12,0,,,0,0,14,9,6,3,0,4,1,6,1,0,1,59,0.929,5.8,0,2.6,3.9,1.5,,player.fcgi?id=toalso000col,
Tyler Watson*,20,2013,Kansas,Big 12,0,0,,5.4,6,0,,,0,0,3.1,2,2,2,0,2,0,1,0,0,0,14,1.2,5.4,0,5.4,2.7,0.5,,player.fcgi?id=watson000tyl,
Wes Benjamin*,18,2012,Kansas,Big 12,5,7,0.417,3.54,15,15,,,1,0,94,89,40,37,2,32,0,54,8,2,1,397,1.287,8.5,0.2,3.1,5.2,1.69,,player.fcgi?id=benjam000wes,Wes Benjamin*
Frank Duncan,20,2012,Kansas,Big 12,6,8,0.429,3.23,18,15,,,1,0,111.1,93,49,40,3,32,0,100,6,0,5,455,1.123,7.5,0.2,2.6,8.1,3.13,,player.fcgi?id=duncan005fra,Frank Duncan
Jordan Jakubov?,--,2012,Kansas,Big 12,1,2,0.333,4.75,26,0,,,0,1,41.2,47,29,22,2,12,0,33,9,3,2,194,1.416,10.2,0.4,2.6,7.1,2.75,,player.fcgi?id=jakubo000jor,Jordan Jakubov?
Jaydee Jurgensen?,--,2012,Kansas,Big 12,0,0,,0,4,0,,,0,0,3,0,0,0,0,1,0,0,1,0,0,11,0.333,0,0,3,0,0,,player.fcgi?id=jurgen000jay,Jaydee Jurgensen?
Robert Kahana,19,2012,Kansas,Big 12,3,1,0.75,3.76,29,4,,,0,2,69.1,62,31,29,1,34,1,49,11,1,7,304,1.385,8,0.1,4.4,6.4,1.44,,player.fcgi?id=kahana000rob,Robert Kahana
Matt Kohorst?,--,2012,Kansas,Big 12,0,0,,5,8,0,,,0,0,9,13,5,5,0,8,1,8,0,0,2,45,2.333,13,0,8,8,1,,player.fcgi?id=kohors000mat,Matt Kohorst?
Jordan Luvisi*,21,2012,Kansas,Big 12,1,2,0.333,14.14,15,1,,,0,0,7,9,13,11,2,12,0,2,2,0,2,46,3,11.6,2.6,15.4,2.6,0.17,,player.fcgi?id=luvisi001jor,Jordan Luvisi*
Drew Morovick,18,2012,Kansas,Big 12,3,1,0.75,4.98,14,7,,,0,0,34.1,42,21,19,0,9,1,15,3,2,1,150,1.485,11,0,2.4,3.9,1.67,,player.fcgi?id=morovi000dre,Drew Morovick
Tanner Poppe,21,2012,Kansas,Big 12,0,5,0,6.75,26,1,,,0,5,38.2,51,39,29,2,20,0,32,10,0,9,196,1.836,11.9,0.5,4.7,7.4,1.6,,player.fcgi?id=poppe-001tan,Tanner Poppe
Taylor Rappaport?,--,2012,Kansas,Big 12,0,0,,54,2,0,,,0,0,0.2,2,4,4,0,2,0,1,2,0,0,7,6,27,0,27,13.5,0.5,,player.fcgi?id=rappap000tay,Taylor Rappaport?
Thomas Taylor,22,2012,Kansas,Big 12,5,7,0.417,4.76,15,15,,,0,0,90.2,98,51,48,6,34,0,68,11,0,2,402,1.456,9.7,0.6,3.4,6.8,2,,player.fcgi?id=taylor009tho,Thomas Taylor
Colin Toalson?,--,2012,Kansas,Big 12,0,1,0,3.71,15,0,,,0,0,17,22,8,7,0,4,0,10,1,0,1,76,1.529,11.6,0,2.1,5.3,2.5,,player.fcgi?id=toalso000col,Colin Toalson?
Alex Cox,19,2011,Kansas,Big 12,,,,4.4,,12,,,0,,61.1,68,33,30,,20,,30,,,,,1.435,10,,2.9,4.4,1.5,,player.fcgi?id=cox---001ale,
Frank Duncan,19,2011,Kansas,Big 12,,,,2.98,,0,,,0,,48.1,43,24,16,,24,,35,,,,,1.386,8,,4.5,6.5,1.46,,player.fcgi?id=duncan005fra,
Scott Heitshusen?,--,2011,Kansas,Big 12,,,,4.24,,0,,,0,,17,16,8,8,,11,,11,,,,,1.588,8.5,,5.8,5.8,1,,player.fcgi?id=heitsh000sco,
Jordan Jakubov?,--,2011,Kansas,Big 12,,,,4.91,,0,,,0,,18.1,11,12,10,,7,,8,,,,,0.982,5.4,,3.4,3.9,1.14,,player.fcgi?id=jakubo000jor,
Matt Kohorst?,--,2011,Kansas,Big 12,,,,7.88,,0,,,0,,8,8,9,7,,3,,9,,,,,1.375,9,,3.4,10.1,3,,player.fcgi?id=kohors000mat,
Nolan Mansfield?,--,2011,Kansas,Big 12,,,,1.96,,0,,,0,,23,21,9,5,,9,,14,,,,,1.304,8.2,,3.5,5.5,1.56,,player.fcgi?id=mansfi000nol,
Wally Marciel*,23,2011,Kansas,Big 12,,,,4.58,,7,,,0,,55,59,32,28,,25,,34,,,,,1.527,9.7,,4.1,5.6,1.36,,player.fcgi?id=marcie001wal,
Colton Murray,21,2011,Kansas,Big 12,,,,3.73,,2,,,0,,41,35,22,17,,15,,33,,,,,1.22,7.7,,3.3,7.2,2.2,,player.fcgi?id=murray000col,
Conner Murray?,--,2011,Kansas,Big 12,,,,9,,0,,,0,,4,7,6,4,,4,,3,,,,,2.75,15.8,,9,6.8,0.75,,player.fcgi?id=murray000con,
Tanner Poppe,20,2011,Kansas,Big 12,,,,3.63,,13,,,0,,72,71,45,29,,35,,47,,,,,1.472,8.9,,4.4,5.9,1.34,,player.fcgi?id=poppe-001tan,
Tyler Smith?,--,2011,Kansas,Big 12,,,,9,,0,,,0,,4,4,4,4,,3,,2,,,,,1.75,9,,6.8,4.5,0.67,,player.fcgi?id=smith-026tyl,
Thomas Taylor,21,2011,Kansas,Big 12,,,,4.58,,8,,,0,,57,68,33,29,,13,,54,,,,,1.421,10.7,,2.1,8.5,4.15,,player.fcgi?id=taylor009tho,
T.J. Walz,22,2011,Kansas,Big 12,,,,3.9,,14,,,0,,92.1,83,49,40,,31,,85,,,,,1.235,8.1,,3,8.3,2.74,,player.fcgi?id=walz--001tho,
Doug Ashby*,19,2011,Baylor,Big 12,,,,18,,0,,,0,,1,3,2,2,,1,,1,,,,,4,27,,9,9,1,,player.fcgi?id=ashby-000dou,
Crayton Bare*,20,2011,Baylor,Big 12,,,,4.91,,0,,,0,,11,8,6,6,,6,,9,,,,,1.273,6.5,,4.9,7.4,1.5,,player.fcgi?id=bare--000cra,
Trent Blank,21,2011,Baylor,Big 12,,,,4.84,,10,,,0,,67,75,40,36,,26,,27,,,,,1.507,10.1,,3.5,3.6,1.04,,player.fcgi?id=blank-000tre,
Tyler Bremer,21,2011,Baylor,Big 12,,,,7.8,,3,,,0,,30,42,32,26,,16,,24,,,,,1.933,12.6,,4.8,7.2,1.5,,player.fcgi?id=bremer001tyl,
Kolt Browder,21,2011,Baylor,Big 12,,,,3.38,,0,,,0,,13.1,10,5,5,,7,,13,,,,,1.275,6.8,,4.7,8.8,1.86,,player.fcgi?id=browde000kol,
Trae Davis,19,2011,Baylor,Big 12,,,,6.55,,1,,,0,,22,23,20,16,,18,,18,,,,,1.864,9.4,,7.4,7.4,1,,player.fcgi?id=davis-001tra,
Max Garner,21,2011,Baylor,Big 12,,,,3.12,,0,,,0,,49,42,20,17,,17,,42,,,,,1.204,7.7,,3.1,7.7,2.47,,player.fcgi?id=garner002joh,
Brad Kuntz*,19,2011,Baylor,Big 12,,,,4.13,,1,,,0,,24,29,13,11,,7,,28,,,,,1.5,10.9,,2.6,10.5,4,,player.fcgi?id=kuntz-001bra,
Josh Michalec,19,2011,Baylor,Big 12,,,,15,,0,,,0,,3,8,7,5,,0,,0,,,,,2.667,24,,0,0,,,player.fcgi?id=michal003jos,
Dillon Newman,19,2011,Baylor,Big 12,,,,3.21,,1,,,0,,28,31,11,10,,6,,17,,,,,1.321,10,,1.9,5.5,2.83,,player.fcgi?id=newman001dil,
Brooks Pinckard,22,2011,Baylor,Big 12,,,,3.57,,6,,,0,,58,47,25,23,,31,,43,,,,,1.345,7.3,,4.8,6.7,1.39,,player.fcgi?id=pincka001ron,
Jon Ringenberg?,--,2011,Baylor,Big 12,,,,2.32,,8,,,0,,31,25,8,8,,13,,17,,,,,1.226,7.3,,3.8,4.9,1.31,,player.fcgi?id=ringen000jon,
Joshua Turley*,20,2011,Baylor,Big 12,,,,3.33,,14,,,0,,97.1,103,45,36,,19,,63,,,,,1.253,9.5,,1.8,5.8,3.32,,player.fcgi?id=turley001jos,
Logan Verrett,21,2011,Baylor,Big 12,,,,2.91,,15,,,1,,102,95,47,33,,31,,96,,,,,1.235,8.4,,2.7,8.5,3.1,,player.fcgi?id=verret000log,
Doug Ashby*,20,2012,Baylor,Big 12,0,1,0,4.76,5,0,,,0,0,5.2,6,3,3,0,3,0,2,0,0,0,25,1.588,9.5,0,4.8,3.2,0.67,,player.fcgi?id=ashby-000dou,
Crayton Bare*,21,2012,Baylor,Big 12,2,0,1,1.25,24,0,,,0,2,21.2,13,5,3,1,7,0,23,2,0,2,84,0.923,5.4,0.4,2.9,9.6,3.29,,player.fcgi?id=bare--000cra,
Trent Blank,22,2012,Baylor,Big 12,11,1,0.917,2.23,19,16,,,0,0,105,92,30,26,2,25,1,61,8,3,2,428,1.114,7.9,0.2,2.1,5.2,2.44,,player.fcgi?id=blank-000tre,
Tyler Bremer,22,2012,Baylor,Big 12,7,1,0.875,2.61,15,9,,,0,1,58.2,47,17,17,3,14,0,50,2,0,7,233,1.04,7.2,0.5,2.1,7.7,3.57,,player.fcgi?id=bremer001tyl,
Kolt Browder,22,2012,Baylor,Big 12,1,1,0.5,2.57,18,0,,,0,1,21,14,7,6,0,7,0,21,1,0,2,84,1,6,0,3,9,3,,player.fcgi?id=browde000kol,
Trae Davis,20,2012,Baylor,Big 12,0,0,,3.65,9,0,,,0,0,12.1,10,6,5,0,6,0,6,2,1,0,55,1.297,7.3,0,4.4,4.4,1,,player.fcgi?id=davis-001tra,
Max Garner,22,2012,Baylor,Big 12,3,3,0.5,4.89,22,6,,,0,10,46,45,29,25,2,19,0,43,14,0,2,217,1.391,8.8,0.4,3.7,8.4,2.26,,player.fcgi?id=garner002joh,
Joey Hainsfurther,22,2012,Baylor,Big 12,2,1,0.667,4.62,14,6,,,0,1,37,50,24,19,2,13,0,29,6,0,2,175,1.703,12.2,0.5,3.2,7.1,2.23,,player.fcgi?id=hainsf001joe,
Michael Howard*,19,2012,Baylor,Big 12,0,0,,27,1,0,,,0,0,0.2,2,2,2,0,1,0,0,0,0,0,5,4.5,27,0,13.5,0,0,,player.fcgi?id=howard005mic,
Joe Kirkland,20,2012,Baylor,Big 12,0,0,,6.14,7,0,,,0,0,7.1,5,5,5,0,5,0,9,0,1,0,30,1.364,6.1,0,6.1,11,1.8,,player.fcgi?id=kirkla000joe,
Brad Kuntz*,20,2012,Baylor,Big 12,4,2,0.667,4.2,19,5,,,0,1,40.2,32,24,19,2,21,0,40,3,3,5,174,1.303,7.1,0.4,4.6,8.9,1.9,,player.fcgi?id=kuntz-001bra,
Miles Landry?,--,2012,Baylor,Big 12,0,0,,4.26,6,0,,,0,0,6.1,2,3,3,0,5,0,2,1,1,0,27,1.105,2.8,0,7.1,2.8,0.4,,player.fcgi?id=landry000mil,
Josh Michalec,20,2012,Baylor,Big 12,0,0,,3,4,0,,,0,0,3,3,1,1,0,4,0,2,0,0,1,15,2.333,9,0,12,6,0.5,,player.fcgi?id=michal003jos,
Dillon Newman,20,2012,Baylor,Big 12,4,4,0.5,2.4,21,1,,,0,2,45,39,17,12,2,11,4,44,2,0,2,186,1.111,7.8,0.4,2.2,8.8,4,,player.fcgi?id=newman001dil,
Ryan Smith?,--,2012,Baylor,Big 12,3,1,0.75,3.14,14,0,,,0,1,28.2,30,12,10,0,6,0,15,4,0,4,123,1.256,9.4,0,1.9,4.7,2.5,,player.fcgi?id=smith-009rya,
Sean Spicer?,--,2012,Baylor,Big 12,0,0,,0,1,0,,,0,0,0.2,0,0,0,0,0,0,0,0,0,0,2,0,0,0,0,0,,,player.fcgi?id=spicer000sea,
Austin Stone,19,2012,Baylor,Big 12,3,1,0.75,4.6,12,6,,,0,0,31.1,27,18,16,1,16,0,21,2,0,3,138,1.372,7.8,0.3,4.6,6,1.31,,player.fcgi?id=stone-000aus,
Joshua Turley*,21,2012,Baylor,Big 12,9,1,0.9,1.96,17,17,,,0,0,110,95,31,24,3,21,0,79,7,4,4,449,1.055,7.8,0.2,1.7,6.5,3.76,,player.fcgi?id=turley001jos,
Nick Wright?,--,2012,Baylor,Big 12,0,0,,81,1,0,,,0,0,0.1,1,3,3,0,1,0,1,2,0,0,5,6,27,0,27,27,1,,player.fcgi?id=wright000nic,
Hunter Abbe,19,2013,Baylor,Big 12,0,0,,inf,2,0,,,0,0,0,2,5,5,0,3,0,0,2,0,1,7,,,,,,0,,player.fcgi?id=abbe--000hun,
Doug Ashby*,21,2013,Baylor,Big 12,2,0,1,1.9,21,0,,,0,0,23.2,17,5,5,0,16,1,16,7,1,2,107,1.394,6.5,0,6.1,6.1,1,,player.fcgi?id=ashby-000dou,
Crayton Bare*,22,2013,Baylor,Big 12,6,2,0.75,3.38,27,0,,,0,5,53.1,46,21,20,1,22,3,54,6,1,9,227,1.275,7.8,0.2,3.7,9.1,2.45,,player.fcgi?id=bare--000cra,
Kolt Browder,23,2013,Baylor,Big 12,0,1,0,1.53,13,0,,,0,0,17.2,13,5,3,0,12,0,9,2,0,4,81,1.415,6.6,0,6.1,4.6,0.75,,player.fcgi?id=browde000kol,
Trae Davis,21,2013,Baylor,Big 12,0,0,,2.08,5,0,,,0,0,4.1,1,2,1,0,5,0,2,0,0,1,17,1.385,2.1,0,10.4,4.2,0.4,,player.fcgi?id=davis-001tra,
Max Garner,23,2013,Baylor,Big 12,3,6,0.333,4.46,15,14,,,0,0,84.2,88,46,42,3,23,0,64,8,0,4,367,1.311,9.4,0.3,2.4,6.8,2.78,,player.fcgi?id=garner002joh,
Joe Kirkland,21,2013,Baylor,Big 12,0,0,,3,4,0,,,0,0,3,0,1,1,0,8,0,2,0,0,1,16,2.667,0,0,24,6,0.25,,player.fcgi?id=kirkla000joe,
Miles Landry?,--,2013,Baylor,Big 12,0,0,,11.05,8,0,,,0,0,7.1,13,10,9,2,7,0,1,2,0,2,42,2.727,16,2.5,8.6,1.2,0.14,,player.fcgi?id=landry000mil,
Bobby McCormack*,21,2013,Baylor,Big 12,1,1,0.5,1.8,7,2,,,0,0,10,4,3,2,0,4,0,7,1,0,0,37,0.8,3.6,0,3.6,6.3,1.75,,player.fcgi?id=mccorm002bob,
Josh Michalec,21,2013,Baylor,Big 12,4,5,0.444,2.64,22,0,,,0,0,47.2,37,17,14,1,19,0,36,4,1,5,202,1.175,7,0.2,3.6,6.8,1.89,,player.fcgi?id=michal003jos,
Jake Miller,22,2013,Baylor,Big 12,0,0,,18,2,0,,,0,0,2,6,4,4,0,1,0,0,1,0,0,13,3.5,27,0,4.5,0,0,,player.fcgi?id=miller002jak,
Dillon Newman,21,2013,Baylor,Big 12,3,4,0.429,2.91,12,12,,,1,0,77.1,63,28,25,4,5,0,52,6,0,2,300,0.879,7.3,0.5,0.6,6.1,10.4,,player.fcgi?id=newman001dil,
Ryan Smith?,--,2013,Baylor,Big 12,2,3,0.4,5.48,22,4,,,0,5,46,46,29,28,0,18,1,25,8,0,2,208,1.391,9,0,3.5,4.9,1.39,,player.fcgi?id=smith-009rya,
Sean Spicer?,--,2013,Baylor,Big 12,3,2,0.6,5.4,11,4,,,0,0,28.1,26,20,17,2,27,1,14,2,1,4,136,1.871,8.3,0.6,8.6,4.4,0.52,,player.fcgi?id=spicer000sea,
Austin Stone,20,2013,Baylor,Big 12,3,3,0.5,3.74,16,11,,,0,0,55.1,50,33,23,3,22,0,43,7,0,1,242,1.301,8.1,0.5,3.6,7,1.95,,player.fcgi?id=stone-000aus,
Sterling Wynn*,19,2013,Baylor,Big 12,0,1,0,5.72,11,8,,,0,0,28.1,37,23,18,4,12,0,24,2,0,1,131,1.729,11.8,1.3,3.8,7.6,2,,player.fcgi?id=wynn--000ste,
Doug Ashby*,22,2014,Baylor,Big 12,1,2,0.333,2.7,31,0,,,0,1,36.2,47,15,11,1,16,1,23,3,0,4,171,1.718,11.5,0.2,3.9,5.6,1.44,,player.fcgi?id=ashby-000dou,
Daniel Castano*,19,2014,Baylor,Big 12,5,4,0.556,3.47,20,10,,,0,0,70,73,33,27,1,22,0,39,5,0,5,309,1.357,9.4,0.1,2.8,5,1.77,,player.fcgi?id=castan000dan,
Joe Kirkland,22,2014,Baylor,Big 12,1,0,1,6.92,8,0,,,0,0,13,16,11,10,0,9,0,9,2,0,0,61,1.923,11.1,0,6.2,6.2,1,,player.fcgi?id=kirkla000joe,
Brad Kuntz*,22,2014,Baylor,Big 12,4,2,0.667,3.32,11,11,,,0,0,62.1,51,29,23,2,34,0,51,3,0,4,275,1.364,7.4,0.3,4.9,7.4,1.5,,player.fcgi?id=kuntz-001bra,
Nick Lewis,19,2014,Baylor,Big 12,3,2,0.6,5.3,19,3,,,0,0,35.2,33,27,21,4,12,0,20,3,0,5,153,1.262,8.3,1,3,5,1.67,,player.fcgi?id=lewis-000nic,
Bobby McCormack*,22,2014,Baylor,Big 12,0,0,,4.76,10,0,,,0,0,11.1,11,6,6,1,2,0,13,0,0,1,47,1.147,8.7,0.8,1.6,10.3,6.5,,player.fcgi?id=mccorm002bob,
Josh Michalec,22,2014,Baylor,Big 12,0,5,0,3.15,30,0,,,0,21,40,33,17,14,0,17,0,27,8,0,3,173,1.25,7.4,0,3.8,6.1,1.59,,player.fcgi?id=michal003jos,
Dillon Newman,22,2014,Baylor,Big 12,5,4,0.556,3.67,14,14,,,0,0,76,83,38,31,3,23,0,56,8,0,3,335,1.395,9.8,0.4,2.7,6.6,2.43,,player.fcgi?id=newman001dil,
Kyle Ott,19,2014,Baylor,Big 12,0,0,,5.87,8,0,,,0,0,7.2,6,5,5,0,5,0,4,1,0,2,35,1.435,7,0,5.9,4.7,0.8,,player.fcgi?id=ott---000kyl,
Ryan Smith?,--,2014,Baylor,Big 12,0,1,0,3.63,7,2,,,0,0,17.1,12,10,7,1,11,0,12,1,0,2,78,1.327,6.2,0.5,5.7,6.2,1.09,,player.fcgi?id=smith-009rya,
Sean Spicer?,--,2014,Baylor,Big 12,0,2,0,7.84,18,1,,,0,0,20.2,29,25,18,1,14,0,16,8,0,2,113,2.081,12.6,0.4,6.1,7,1.14,,player.fcgi?id=spicer000sea,
Austin Stone,21,2014,Baylor,Big 12,3,4,0.429,2.28,10,9,,,0,0,51.1,36,19,13,2,20,0,29,4,0,6,216,1.091,6.3,0.4,3.5,5.1,1.45,,player.fcgi?id=stone-000aus,
Drew Tolson?,--,2014,Baylor,Big 12,4,5,0.444,5.1,19,7,,,0,0,54.2,71,40,31,1,11,0,30,4,0,3,249,1.5,11.7,0.2,1.8,4.9,2.73,,player.fcgi?id=tolson000dre,
Ben Carl,21,2015,Baylor,Big 12,0,0,,0,1,0,,,0,0,0.1,0,0,0,0,1,0,0,0,0,0,2,3,0,0,27,0,0,,player.fcgi?id=carl--000ben,
Daniel Castano*,20,2015,Baylor,Big 12,4,6,0.4,3.61,16,13,,,1,1,77.1,95,48,31,1,31,0,45,5,2,9,368,1.629,11.1,0.1,3.6,5.2,1.45,,player.fcgi?id=castan000dan,
Kody Hessemer,21,2015,Baylor,Big 12,4,2,0.667,6.91,18,3,,,0,1,41.2,58,34,32,2,13,0,23,3,0,1,198,1.704,12.5,0.4,2.8,5,1.77,,player.fcgi?id=hessem000kod,
Theron Kay,20,2015,Baylor,Big 12,3,4,0.429,4.8,13,8,,,0,0,45,48,27,24,1,20,0,18,5,0,3,202,1.511,9.6,0.2,4,3.6,0.9,,player.fcgi?id=kay---000the,
Joe Kirkland,23,2015,Baylor,Big 12,3,2,0.6,4.21,25,0,,,0,1,36.1,36,17,17,5,17,0,33,5,0,5,161,1.459,8.9,1.2,4.2,8.2,1.94,,player.fcgi?id=kirkla000joe,
Brad Kuntz*,23,2015,Baylor,Big 12,1,1,0.5,2.22,12,0,,,0,2,24.1,17,7,6,0,13,2,26,2,0,0,103,1.233,6.3,0,4.8,9.6,2,,player.fcgi?id=kuntz-001bra,
Nick Lewis,20,2015,Baylor,Big 12,4,2,0.667,4.14,16,8,,,0,0,50,46,25,23,5,23,0,34,4,0,7,224,1.38,8.3,0.9,4.1,6.1,1.48,,player.fcgi?id=lewis-000nic,
Troy Montemayor,19,2015,Baylor,Big 12,0,3,0,4.95,21,1,,,0,0,43.2,60,26,24,7,17,0,26,1,0,1,211,1.763,12.4,1.4,3.5,5.4,1.53,,player.fcgi?id=montem000tro,
Kyle Ott,20,2015,Baylor,Big 12,0,0,,14.73,13,0,,,0,0,11,17,18,18,2,12,0,7,3,0,5,64,2.636,13.9,1.6,9.8,5.7,0.58,,player.fcgi?id=ott---000kyl,
Case Smith?,--,2015,Baylor,Big 12,0,0,,27,2,0,,,0,0,1,3,3,3,0,2,0,1,0,0,1,8,5,27,0,18,9,0.5,,player.fcgi?id=smith-005cas,
Ryan Smith?,--,2015,Baylor,Big 12,0,0,,2.7,3,3,,,0,0,10,11,4,3,0,6,0,5,2,0,1,48,1.7,9.9,0,5.4,4.5,0.83,,player.fcgi?id=smith-009rya,
Sean Spicer?,--,2015,Baylor,Big 12,1,2,0.333,4.63,24,0,,,0,8,35,44,20,18,6,10,3,31,2,0,4,160,1.543,11.3,1.5,2.6,8,3.1,,player.fcgi?id=spicer000sea,
Austin Stone,22,2015,Baylor,Big 12,0,2,0,9.98,6,4,,,0,0,15.1,15,18,17,1,17,0,10,3,0,5,84,2.087,8.8,0.6,10,5.9,0.59,,player.fcgi?id=stone-000aus,
Drew Tolson?,--,2015,Baylor,Big 12,3,8,0.273,3.56,16,15,,,0,0,91,102,47,36,4,26,1,45,6,0,4,397,1.407,10.1,0.4,2.6,4.5,1.73,,player.fcgi?id=tolson000dre,
Blake Allen,20,2016,Baylor,Big 12,0,0,,6.33,13,1,,0,0,0,21.1,27,18,15,2,8,0,11,3,0,3,100,1.641,11.4,0.8,3.4,4.6,1.38,,player.fcgi?id=allen-004bla,
Daniel Castano*,21,2016,Baylor,Big 12,4,5,0.444,4.64,14,14,,0,0,0,87.1,93,47,45,5,36,0,63,4,2,5,386,1.477,9.6,0.5,3.7,6.5,1.75,,player.fcgi?id=castan000dan,
Collin Garrett,19,2016,Baylor,Big 12,0,0,,47.25,2,0,,0,0,0,1.1,5,7,7,0,5,0,2,0,0,1,13,7.5,33.8,0,33.8,13.5,0.4,,player.fcgi?id=garret000col,
Joe Heineman,20,2016,Baylor,Big 12,3,3,0.5,3.48,28,0,,0,0,0,41.1,38,21,16,7,20,0,36,1,1,3,183,1.403,8.3,1.5,4.4,7.8,1.8,,player.fcgi?id=heinem000joe,
Kody Hessemer,22,2016,Baylor,Big 12,1,0,1,4.07,16,1,,0,0,0,24.1,24,12,11,3,16,0,14,4,0,2,111,1.644,8.9,1.1,5.9,5.2,0.88,,player.fcgi?id=hessem000kod,
Kyle Hill,19,2016,Baylor,Big 12,1,4,0.2,5.28,15,8,,0,0,0,44.1,49,29,26,4,27,0,31,0,2,3,208,1.714,9.9,0.8,5.5,6.3,1.15,,player.fcgi?id=hill--000kyl,
Theron Kay,21,2016,Baylor,Big 12,0,0,,5.4,6,0,,0,0,0,6.2,6,4,4,1,8,0,6,0,0,2,33,2.1,8.1,1.4,10.8,8.1,0.75,,player.fcgi?id=kay---000the,
Nick Lewis,21,2016,Baylor,Big 12,2,5,0.286,6.41,18,8,,0,0,0,53.1,70,49,38,6,25,0,35,5,0,6,253,1.781,11.8,1,4.2,5.9,1.4,,player.fcgi?id=lewis-000nic,
Andrew McInvale,19,2016,Baylor,Big 12,2,3,0.4,5.63,16,3,,0,0,0,32,37,22,20,1,22,0,25,3,1,11,153,1.844,10.4,0.3,6.2,7,1.14,,player.fcgi?id=mcinva000and,
Troy Montemayor,20,2016,Baylor,Big 12,1,1,0.5,0.78,24,0,,0,0,14,23,15,4,2,1,9,0,22,0,0,1,91,1.043,5.9,0.4,3.5,8.6,2.44,,player.fcgi?id=montem000tro,
Kyle Ott,21,2016,Baylor,Big 12,4,2,0.667,3.62,22,2,,0,0,0,27.1,19,12,11,1,16,1,19,2,0,4,115,1.28,6.3,0.3,5.3,6.3,1.19,,player.fcgi?id=ott---000kyl,
Drew Robertson,21,2016,Baylor,Big 12,0,1,0,6.5,14,0,,0,0,0,18,19,16,13,2,12,0,14,1,0,4,85,1.722,9.5,1,6,7,1.17,,player.fcgi?id=robert004dre,
Tyler Shumpert,21,2016,Baylor,Big 12,0,0,,inf,1,0,,0,0,0,0,0,3,3,0,2,0,0,1,0,0,3,,,,,,0,,player.fcgi?id=shumpe000tyl,
Austin Stone,23,2016,Baylor,Big 12,0,1,0,4.05,6,2,,0,0,0,6.2,5,6,3,0,9,0,4,0,0,0,37,2.1,6.8,0,12.2,5.4,0.44,,player.fcgi?id=stone-000aus,
Drew Tolson?,--,2016,Baylor,Big 12,6,4,0.6,5.55,14,14,,0,0,0,82.2,102,58,51,7,34,0,48,0,0,14,370,1.645,11.1,0.8,3.7,5.2,1.41,,player.fcgi?id=tolson000dre,
Luke Boyd,19,2017,Baylor,Big 12,1,0,1,11.25,7,1,,0,0,0,12,15,15,15,1,14,0,9,1,0,0,61,2.417,11.3,0.8,10.5,6.8,0.64,,player.fcgi?id=boyd--000luk,
Cody Bradford*,19,2017,Baylor,Big 12,5,5,0.5,5.52,15,14,,0,0,0,73.1,89,45,45,13,20,0,43,4,1,1,317,1.486,10.9,1.6,2.5,5.3,2.15,,player.fcgi?id=bradfo000cod,
Daniel Caruso,19,2017,Baylor,Big 12,0,0,,14.54,5,0,,0,0,0,4.1,9,8,7,2,3,0,1,2,0,1,26,2.769,18.7,4.2,6.2,2.1,0.33,,player.fcgi?id=caruso000dan,
Trevor Harris*,19,2017,Baylor,Big 12,0,0,,27,1,0,,0,0,0,0.1,3,1,1,0,1,0,0,0,0,0,5,12,81,0,27,0,0,,player.fcgi?id=harris002tre,
Joe Heineman,21,2017,Baylor,Big 12,0,0,,3.68,23,0,,0,0,0,29.1,27,16,12,1,17,0,33,0,0,0,128,1.5,8.3,0.3,5.2,10.1,1.94,,player.fcgi?id=heinem000joe,
Kyle Hill,20,2017,Baylor,Big 12,3,3,0.5,2.98,30,0,,0,0,0,42.1,36,19,14,2,32,1,54,1,1,5,193,1.606,7.7,0.4,6.8,11.5,1.69,,player.fcgi?id=hill--000kyl,
Hayden Kettler,19,2017,Baylor,Big 12,3,0,1,3.35,19,4,,0,0,0,37.2,37,19,14,4,19,0,27,3,0,1,164,1.487,8.8,1,4.5,6.5,1.42,,player.fcgi?id=kettle000hay,
Ryan Leckich*,19,2017,Baylor,Big 12,0,0,,4.5,7,0,,0,0,0,8,10,5,4,0,2,0,4,2,1,1,38,1.5,11.3,0,2.3,4.5,2,,player.fcgi?id=leckic000rya,
Nick Lewis,22,2017,Baylor,Big 12,6,5,0.545,6.01,15,14,,0,0,0,70.1,80,53,47,5,39,0,58,7,0,3,322,1.692,10.2,0.6,5,7.4,1.49,,player.fcgi?id=lewis-000nic,
Troy Montemayor,21,2017,Baylor,Big 12,3,1,0.75,2.1,25,0,,0,0,12,25.2,18,7,6,2,9,0,29,0,0,1,105,1.052,6.3,0.7,3.2,10.2,3.22,,player.fcgi?id=montem000tro,
Kyle Ott,22,2017,Baylor,Big 12,1,1,0.5,4.25,26,1,,0,0,0,36,35,18,17,5,20,0,34,3,1,2,162,1.528,8.8,1.3,5,8.5,1.7,,player.fcgi?id=ott---000kyl,
Montana Parsons,22,2017,Baylor,Big 12,5,4,0.556,3.06,15,15,,0,0,0,88.1,88,35,30,5,38,0,71,4,2,2,382,1.426,9,0.5,3.9,7.2,1.87,,player.fcgi?id=parson000mon,
Alex Phillips,22,2017,Baylor,Big 12,4,3,0.571,5.83,17,8,,0,0,0,41.2,50,31,27,5,14,0,38,3,3,1,184,1.536,10.8,1.1,3,8.2,2.71,,player.fcgi?id=philli001ale,
Drew Robertson,22,2017,Baylor,Big 12,2,1,0.667,3.7,23,0,,0,0,1,24.1,19,11,10,2,22,0,29,1,1,4,113,1.685,7,0.7,8.1,10.7,1.32,,player.fcgi?id=robert004dre,
Hunter Seay*,20,2017,Baylor,Big 12,1,0,1,3.38,9,0,,0,0,0,8,10,4,3,0,4,0,9,1,0,0,38,1.75,11.3,0,4.5,10.1,2.25,,player.fcgi?id=seay--000hun,
Jacob Ashkinos,20,2018,Baylor,Big 12,0,2,0,5.26,10,3,,0,0,0,25.2,26,17,15,3,18,0,27,1,0,3,121,1.714,9.1,1.1,6.3,9.5,1.5,,player.fcgi?id=ashkin000jac,
Luke Boyd,20,2018,Baylor,Big 12,0,1,0,6.97,9,0,,0,0,0,10.1,16,8,8,0,6,1,8,2,1,1,52,2.129,13.9,0,5.2,7,1.33,,player.fcgi?id=boyd--000luk,
Cody Bradford*,20,2018,Baylor,Big 12,7,6,0.538,2.51,14,14,,2,2,0,96.2,85,29,27,3,26,0,87,3,0,3,388,1.148,7.9,0.3,2.4,8.1,3.35,,player.fcgi?id=bradfo000cod,
Collin Garrett,21,2018,Baylor,Big 12,0,0,,21.6,3,0,,0,0,0,1.2,1,5,4,0,6,0,2,2,0,0,14,4.2,5.4,0,32.4,10.8,0.33,,player.fcgi?id=garret000col,
Joe Heineman,22,2018,Baylor,Big 12,0,0,,1.8,21,0,,0,0,0,25,18,8,5,3,5,0,31,0,0,1,98,0.92,6.5,1.1,1.8,11.2,6.2,,player.fcgi?id=heinem000joe,
Kyle Hill,21,2018,Baylor,Big 12,4,1,0.8,2.62,25,3,,0,0,1,55,36,20,16,4,32,0,47,1,2,0,234,1.236,5.9,0.7,5.2,7.7,1.47,,player.fcgi?id=hill--000kyl,
Hayden Kettler,20,2018,Baylor,Big 12,8,4,0.667,3.81,16,16,,0,0,0,87.1,84,51,37,10,36,0,56,10,0,4,384,1.374,8.7,1,3.7,5.8,1.56,,player.fcgi?id=kettle000hay,
Ryan Leckich*,20,2018,Baylor,Big 12,3,2,0.6,5.63,20,3,,0,0,0,32,35,21,20,3,13,0,28,4,0,1,143,1.5,9.8,0.8,3.7,7.9,2.15,,player.fcgi?id=leckic000rya,
Nick Loftin,19,2018,Baylor,Big 12,0,0,,0,2,0,,0,0,0,2,0,0,0,0,0,0,3,0,0,0,6,0,0,0,0,13.5,,,player.fcgi?id=loftin000nic,
Troy Montemayor,22,2018,Baylor,Big 12,2,1,0.667,2.39,23,0,,0,0,11,26.1,19,7,7,1,5,0,24,0,0,1,105,0.911,6.5,0.3,1.7,8.2,4.8,,player.fcgi?id=montem000tro,
Alex Phillips,23,2018,Baylor,Big 12,7,1,0.875,2.4,16,3,,0,0,0,45,41,13,12,3,7,0,45,2,1,1,180,1.067,8.2,0.6,1.4,9,6.43,,player.fcgi?id=philli001ale,
Drew Robertson,23,2018,Baylor,Big 12,1,0,1,1.88,28,0,,0,0,1,28.2,25,10,6,1,6,0,33,0,0,3,117,1.081,7.8,0.3,1.9,10.4,5.5,,player.fcgi?id=robert004dre,
Collin Sharp,22,2018,Baylor,Big 12,0,0,,10.8,2,0,,0,0,0,1.2,4,2,2,0,2,0,1,1,0,0,10,3.6,21.6,0,10.8,5.4,0.5,,player.fcgi?id=sharp-000col,
Tyler Thomas*,19,2018,Baylor,Big 12,3,3,0.5,3.38,16,14,,0,0,0,53.1,38,25,20,1,55,0,59,5,0,6,247,1.744,6.4,0.2,9.3,10,1.07,,player.fcgi?id=thomas002tyl,
Jimmy Winston,20,2018,Baylor,Big 12,2,0,1,2.25,11,2,,0,0,0,20,17,6,5,1,9,0,12,1,0,1,83,1.3,7.7,0.5,4.1,5.4,1.33,,player.fcgi?id=winsto000jim,
Jacob Ashkinos,21,2019,Baylor,Big 12,2,4,0.333,5.23,20,6,,0,0,0,41.1,44,25,24,5,21,0,35,7,0,6,197,1.573,9.6,1.1,4.6,7.6,1.67,,player.fcgi?id=ashkin000jac,
Luke Boyd,21,2019,Baylor,Big 12,3,0,1,2.14,24,2,,0,0,0,33.2,19,9,8,0,18,1,41,0,0,2,131,1.099,5.1,0,4.8,11,2.28,,player.fcgi?id=boyd--000luk,
Cody Bradford*,21,2019,Baylor,Big 12,0,0,,4.91,3,3,,0,0,0,7.1,6,6,4,1,4,0,9,0,0,0,33,1.364,7.4,1.2,4.9,11,2.25,,player.fcgi?id=bradfo000cod,
Daniel Caruso,21,2019,Baylor,Big 12,2,1,0.667,1.67,25,0,,0,0,0,37.2,23,7,7,1,16,0,36,2,0,3,152,1.035,5.5,0.2,3.8,8.6,2.25,,player.fcgi?id=caruso000dan,
Paul Dickens*,22,2019,Baylor,Big 12,6,2,0.75,4.41,16,13,,0,0,0,79.2,70,43,39,11,33,0,96,4,0,2,344,1.293,7.9,1.2,3.7,10.8,2.91,,player.fcgi?id=dicken002pau,
Logan Freeman,21,2019,Baylor,Big 12,0,1,0,7.15,8,0,,0,0,0,11.1,17,9,9,3,14,0,10,0,0,4,65,2.735,13.5,2.4,11.1,7.9,0.71,,player.fcgi?id=freema000log,
Will Gilbert,--,2019,Baylor,Big 12,0,0,,11.57,3,0,,0,0,0,2.1,2,3,3,1,5,0,4,0,0,2,14,3,7.7,3.9,19.3,15.4,0.8,,player.fcgi?id=gilber004wil,
Brooks Helmer,19,2019,Baylor,Big 12,1,1,0.5,3.18,6,0,,0,0,0,5.2,4,2,2,1,4,0,3,0,0,0,25,1.412,6.4,1.6,6.4,4.8,0.75,,player.fcgi?id=helmer000bro,
Blake Helton,19,2019,Baylor,Big 12,2,2,0.5,4.75,13,3,,0,0,0,30.1,34,22,16,3,10,0,13,2,0,2,134,1.451,10.1,0.9,3,3.9,1.3,,player.fcgi?id=helton000bla,
Kyle Hill,22,2019,Baylor,Big 12,6,0,1,0,23,0,,0,0,7,29.1,10,0,0,0,10,1,35,1,0,1,106,0.682,3.1,0,3.1,10.7,3.5,,player.fcgi?id=hill--000kyl,
Hayden Kettler,21,2019,Baylor,Big 12,2,2,0.5,4.21,11,5,,0,0,0,36.1,35,18,17,7,12,0,32,5,0,2,159,1.294,8.7,1.7,3,7.9,2.67,,player.fcgi?id=kettle000hay,
Ryan Leckich*,21,2019,Baylor,Big 12,4,1,0.8,2.3,29,1,,0,0,0,43,41,14,11,3,15,0,42,2,0,1,182,1.302,8.6,0.6,3.1,8.8,2.8,,player.fcgi?id=leckic000rya,
Nick Loftin,20,2019,Baylor,Big 12,0,0,,9,2,0,,0,0,0,2,3,2,2,0,0,0,2,0,0,1,9,1.5,13.5,0,0,9,,,player.fcgi?id=loftin000nic,
Anderson Needham,19,2019,Baylor,Big 12,1,0,1,7.07,6,3,,0,0,0,14,11,11,11,0,20,0,18,0,0,6,68,2.214,7.1,0,12.9,11.6,0.9,,player.fcgi?id=needha000and,
Ryan Segner,19,2019,Baylor,Big 12,0,0,,13.5,3,0,,0,0,0,2.2,3,4,4,0,0,0,2,1,0,0,12,1.125,10.1,0,0,6.8,,,player.fcgi?id=segner000rya,
Tyler Thomas*,20,2019,Baylor,Big 12,1,2,0.333,6.68,14,7,,0,0,0,31,32,26,23,4,27,1,44,5,0,2,154,1.903,9.3,1.2,7.8,12.8,1.63,,player.fcgi?id=thomas002tyl,
Jimmy Winston,21,2019,Baylor,Big 12,5,3,0.625,4.3,19,11,,0,0,0,73.1,65,38,35,8,32,0,45,8,1,4,314,1.323,8,1,3.9,5.5,1.41,,player.fcgi?id=winsto000jim,
Jacob Ashkinos,22,2020,Baylor,Big 12,0,1,0,4.15,4,0,,0,0,0,8.2,13,6,4,1,6,0,10,0,0,2,45,2.192,13.5,1,6.2,10.4,1.67,,player.fcgi?id=ashkin000jac,
Luke Boyd,22,2020,Baylor,Big 12,1,0,1,0.82,9,0,,0,0,6,11,7,1,1,0,1,0,16,2,0,1,43,0.727,5.7,0,0.8,13.1,16,,player.fcgi?id=boyd--000luk,
Daniel Caruso,22,2020,Baylor,Big 12,0,1,0,5.87,6,0,,0,0,0,7.2,6,6,5,2,4,0,4,0,0,0,32,1.304,7,2.3,4.7,4.7,1,,player.fcgi?id=caruso000dan,
Paul Dickens*,23,2020,Baylor,Big 12,0,0,,3.15,4,4,,0,0,0,20,16,10,7,2,13,0,25,5,0,5,91,1.45,7.2,0.9,5.9,11.3,1.92,,player.fcgi?id=dicken002pau,
Logan Freeman,22,2020,Baylor,Big 12,1,0,1,0,9,0,,0,0,1,9.1,1,0,0,0,2,0,8,0,0,2,30,0.321,1,0,1.9,7.7,4,,player.fcgi?id=freema000log,
Evan Godwin*,19,2020,Baylor,Big 12,1,0,1,5.5,4,3,,0,0,0,18,19,11,11,4,8,0,17,1,0,2,77,1.5,9.5,2,4,8.5,2.13,,player.fcgi?id=godwin000eva,
Jack Hattrup*,19,2020,Baylor,Big 12,0,0,,,1,0,,0,0,0,0,0,0,0,0,0,0,0,0,0,0,0,,,,,,,,player.fcgi?id=hattru000jac,
Brooks Helmer,20,2020,Baylor,Big 12,0,0,,9,1,0,,0,0,0,1,3,1,1,1,0,0,0,0,0,0,6,3,27,9,0,0,,,player.fcgi?id=helmer000bro,
Blake Helton,20,2020,Baylor,Big 12,0,0,,21,2,0,,0,0,0,3,8,8,7,1,1,0,0,1,0,1,20,3,24,3,3,0,0,,player.fcgi?id=helton000bla,
Hayden Kettler,22,2020,Baylor,Big 12,3,1,0.75,3.38,4,4,,0,0,0,21.1,20,9,8,1,4,0,16,3,0,0,90,1.125,8.4,0.4,1.7,6.8,4,,player.fcgi?id=kettle000hay,
Ryan Leckich*,22,2020,Baylor,Big 12,1,1,0.5,2.45,5,0,,0,0,0,7.1,6,3,2,0,5,0,6,2,0,0,33,1.5,7.4,0,6.1,7.4,1.2,,player.fcgi?id=leckic000rya,
Anderson Needham,20,2020,Baylor,Big 12,0,1,0,14.73,2,0,,0,0,0,3.2,2,6,6,0,6,0,1,1,0,2,21,2.182,4.9,0,14.7,2.5,0.17,,player.fcgi?id=needha000and,
Hambleton Oliver,19,2020,Baylor,Big 12,1,0,1,1.86,6,2,,0,0,0,9.2,8,2,2,0,1,0,8,0,0,2,38,0.931,7.4,0,0.9,7.4,8,,player.fcgi?id=oliver000ham,
Jonathan Pierce,21,2020,Baylor,Big 12,0,0,,9,2,0,,0,0,0,2,1,2,2,1,1,0,3,0,0,1,8,1,4.5,4.5,4.5,13.5,3,,player.fcgi?id=pierce001jon,
Will Rigney,19,2020,Baylor,Big 12,1,0,1,0,1,1,,0,0,0,3,1,0,0,0,0,0,2,1,0,0,10,0.333,3,0,0,6,,,player.fcgi?id=rigney002wil,
Tyler Thomas*,21,2020,Baylor,Big 12,0,0,,0,7,0,,0,0,0,6.2,3,0,0,0,3,0,9,0,0,1,27,0.9,4.1,0,4.1,12.2,3,,player.fcgi?id=thomas002tyl,
Jimmy Winston,22,2020,Baylor,Big 12,1,1,0.5,10.32,5,2,,0,0,0,11.1,16,15,13,1,7,0,13,2,0,2,59,2.029,12.7,0.8,5.6,10.3,1.86,,player.fcgi?id=winsto000jim,
Jacob Ashkinos,23,2021,Baylor,Big 12,3,1,0.75,5.46,18,0,,0,0,2,31.1,38,21,19,6,14,1,31,2,0,4,145,1.66,10.9,1.7,4,8.9,2.21,,player.fcgi?id=ashkin000jac,
Luke Boyd,23,2021,Baylor,Big 12,1,2,0.333,1.27,24,0,,0,0,8,28.1,15,4,4,1,11,0,43,3,0,2,114,0.918,4.8,0.3,3.5,13.7,3.91,,player.fcgi?id=boyd--000luk,
Cam Caley*,19,2021,Baylor,Big 12,2,2,0.5,4.79,13,8,,0,0,0,35.2,30,19,19,4,18,0,27,10,0,4,165,1.346,7.6,1,4.5,6.8,1.5,,player.fcgi?id=caley-000cam,
Zac Childers,19,2021,Baylor,Big 12,1,0,1,5.87,5,0,,0,0,0,7.2,9,5,5,1,8,0,11,0,0,1,39,2.217,10.6,1.2,9.4,12.9,1.38,,player.fcgi?id=childe000zac,
Chandler Freeman,20,2021,Baylor,Big 12,0,0,,7.04,6,0,,0,0,0,7.2,8,7,6,1,4,0,8,1,0,4,36,1.565,9.4,1.2,4.7,9.4,2,,player.fcgi?id=freema003cha,
Logan Freeman,23,2021,Baylor,Big 12,1,1,0.5,5.23,20,1,,0,0,0,20.2,22,12,12,4,15,0,16,2,1,0,96,1.79,9.6,1.7,6.5,7,1.07,,player.fcgi?id=freema000log,
Grant Golomb,19,2021,Baylor,Big 12,0,0,,4.5,3,0,,0,0,0,4,3,2,2,0,2,0,2,1,0,1,17,1.25,6.8,0,4.5,4.5,1,,player.fcgi?id=golomb000gra,
Brooks Helmer,21,2021,Baylor,Big 12,0,0,,0,2,1,,0,0,0,1.1,1,0,0,0,1,0,0,0,0,0,6,1.5,6.8,0,6.8,0,0,,player.fcgi?id=helmer000bro,
Blake Helton,21,2021,Baylor,Big 12,4,3,0.571,3.44,13,13,,1,1,0,52.1,62,30,20,7,21,0,40,6,0,5,239,1.586,10.7,1.2,3.6,6.9,1.9,,player.fcgi?id=helton000bla,
Travis Hester,21,2021,Baylor,Big 12,0,0,,48.6,2,0,,0,0,0,1.2,7,9,9,1,3,0,1,0,0,2,15,6,37.8,5.4,16.2,5.4,0.33,,player.fcgi?id=hester000tra,
Hayden Kettler,23,2021,Baylor,Big 12,4,4,0.5,3.92,12,12,,0,0,0,64.1,69,37,28,8,12,0,48,11,0,0,282,1.259,9.7,1.1,1.7,6.7,4,,player.fcgi?id=kettle000hay,
Drew Leach,19,2021,Baylor,Big 12,0,0,,6.75,4,0,,0,0,0,4,3,3,3,0,3,0,5,1,0,0,19,1.5,6.8,0,6.8,11.3,1.67,,player.fcgi?id=leach-000dre,
Ryan Leckich*,23,2021,Baylor,Big 12,2,1,0.667,4.05,25,0,,0,0,1,26.2,25,14,12,1,11,1,26,3,0,0,114,1.35,8.4,0.3,3.7,8.8,2.36,,player.fcgi?id=leckic000rya,
Adam Muirhead,19,2021,Baylor,Big 12,0,0,,2.45,3,0,,0,0,0,3.2,2,1,1,0,4,0,3,1,0,1,18,1.636,4.9,0,9.8,7.4,0.75,,player.fcgi?id=muirhe000ada,
Hambleton Oliver,20,2021,Baylor,Big 12,2,0,1,3.77,21,3,,0,0,0,28.2,26,18,12,4,11,1,22,4,0,4,126,1.291,8.2,1.3,3.5,6.9,2,,player.fcgi?id=oliver000ham,
Andy Owen,19,2021,Baylor,Big 12,0,0,,0,2,0,,0,0,0,2,1,0,0,0,2,0,5,0,0,1,9,1.5,4.5,0,9,22.5,2.5,,player.fcgi?id=owen--003and,
Will Rigney,20,2021,Baylor,Big 12,0,0,,0,2,0,,0,0,0,3,0,0,0,0,1,0,2,0,0,0,10,0.333,0,0,3,6,2,,player.fcgi?id=rigney002wil,
Cole Stasio,19,2021,Baylor,Big 12,0,0,,9,1,0,,0,0,0,1,1,1,1,0,3,0,2,0,0,0,7,4,9,0,27,18,0.67,,player.fcgi?id=stasio000col,
Tyler Thomas*,22,2021,Baylor,Big 12,5,2,0.714,2.49,11,11,,1,1,0,65,49,26,18,7,30,0,66,4,1,2,278,1.215,6.8,1,4.2,9.1,2.2,,player.fcgi?id=thomas002tyl,
Luke Thompson*,19,2021,Baylor,Big 12,0,0,,9,2,1,,0,0,0,3,4,3,3,0,5,0,1,1,0,0,19,3,12,0,15,3,0.2,,player.fcgi?id=thomps003luk,
Jimmy Winston,23,2021,Baylor,Big 12,6,4,0.6,3.66,19,1,,0,0,0,51.2,40,25,21,4,21,1,56,3,0,4,217,1.181,7,0.7,3.7,9.8,2.67,,player.fcgi?id=winsto000jim,
Kobe Andrade*,19,2022,Baylor,Big 12,3,3,0.5,5.88,13,9,,1,0,0,52,52,35,34,5,14,0,19,10,0,1,226,1.269,9,0.9,2.4,3.3,1.36,,player.fcgi?id=andrad000kob,
Cam Caley*,20,2022,Baylor,Big 12,4,0,1,6.68,20,3,,0,0,0,32.1,38,24,24,8,18,0,23,4,2,2,151,1.732,10.6,2.2,5,6.4,1.28,,player.fcgi?id=caley-000cam,
Henry Cone,19,2022,Baylor,Big 12,0,1,0,7.94,9,2,,0,0,0,11.1,14,11,10,2,11,0,5,2,0,2,59,2.206,11.1,1.6,8.7,4,0.45,,player.fcgi?id=cone--000hen,
Chandler Freeman,21,2022,Baylor,Big 12,0,0,,7.97,19,1,,0,0,1,20.1,24,21,18,1,22,0,20,8,1,4,111,2.262,10.6,0.4,9.7,8.9,0.91,,player.fcgi?id=freema003cha,
Brett Garcia,22,2022,Baylor,Big 12,1,0,1,4.87,14,2,,0,0,0,20.1,17,12,11,2,12,0,13,1,0,1,90,1.426,7.5,0.9,5.3,5.8,1.08,,player.fcgi?id=garcia000bre,
Grant Golomb,20,2022,Baylor,Big 12,0,1,0,4.76,12,1,,0,0,0,22.2,27,15,12,1,8,0,25,0,0,2,99,1.544,10.7,0.4,3.2,9.9,3.13,,player.fcgi?id=golomb000gra,
Blake Helton,22,2022,Baylor,Big 12,0,1,0,2.61,6,5,,0,0,0,20.2,22,9,6,2,12,0,16,1,0,0,91,1.645,9.6,0.9,5.2,7,1.33,,player.fcgi?id=helton000bla,
Travis Hester,22,2022,Baylor,Big 12,0,0,,0,1,0,,0,0,0,0.1,1,0,0,0,2,0,0,0,0,0,4,9,27,0,54,0,0,,player.fcgi?id=hester000tra,
Jake Jackson,23,2022,Baylor,Big 12,4,5,0.444,8.48,16,10,,0,0,1,57.1,90,60,54,11,19,1,40,3,1,3,272,1.901,14.1,1.7,3,6.3,2.11,,player.fcgi?id=jackso003jak,
Mason Marriott,19,2022,Baylor,Big 12,2,3,0.4,5.96,18,1,,0,0,5,25.2,23,18,17,3,26,0,22,3,0,9,126,1.909,8.1,1.1,9.1,7.7,0.85,,player.fcgi?id=marrio000mas,
Max Miller,19,2022,Baylor,Big 12,0,0,,22.5,3,0,,0,0,0,2,2,5,5,0,6,0,4,3,0,0,17,4,9,0,27,18,0.67,,player.fcgi?id=miller006max,
Adam Muirhead,20,2022,Baylor,Big 12,1,0,1,5.7,18,1,,0,0,0,23.2,22,16,15,1,16,0,16,5,1,4,110,1.606,8.4,0.4,6.1,6.1,1,,player.fcgi?id=muirhe000ada,
Anderson Needham,22,2022,Baylor,Big 12,0,0,,8.59,8,1,,0,0,0,7.1,11,8,7,0,9,0,9,1,0,2,40,2.727,13.5,0,11,11,1,,player.fcgi?id=needha000and,
Hambleton Oliver,21,2022,Baylor,Big 12,1,1,0.5,6.26,22,0,,0,0,1,23,29,16,16,7,16,1,19,1,0,2,115,1.957,11.3,2.7,6.3,7.4,1.19,,player.fcgi?id=oliver000ham,
Will Rigney,21,2022,Baylor,Big 12,2,2,0.5,4.54,9,8,,0,0,0,37.2,31,21,19,5,14,0,42,2,1,3,158,1.195,7.4,1.2,3.3,10,3,,player.fcgi?id=rigney002wil,
Joey Schott,20,2022,Baylor,Big 12,0,0,,9,1,0,,0,0,0,1,1,1,1,1,0,0,0,0,0,0,4,1,9,9,0,0,,,player.fcgi?id=schott000joe,
Cole Stasio,20,2022,Baylor,Big 12,0,0,,6.75,16,0,,0,0,0,17.1,18,16,13,6,9,0,12,3,0,1,78,1.558,9.3,3.1,4.7,6.2,1.33,,player.fcgi?id=stasio000col,
Tyler Thomas*,23,2022,Baylor,Big 12,4,4,0.5,2.45,9,9,,0,0,0,51.1,40,16,14,7,9,0,51,2,0,4,199,0.955,7,1.2,1.6,8.9,5.67,,player.fcgi?id=thomas002tyl,
Matt Voelker*,23,2022,Baylor,Big 12,4,7,0.364,6.02,23,1,,0,0,3,43.1,60,38,29,9,17,2,37,7,0,1,213,1.777,12.5,1.9,3.5,7.7,2.18,,player.fcgi?id=voelke000mat,
Kobe Andrade*,20,2023,Baylor,Big 12,0,0,,12.46,3,2,,0,0,0,4.1,9,6,6,1,3,0,0,0,0,1,25,2.769,18.7,2.1,6.2,0,0,,player.fcgi?id=andrad000kob,
Ethan Calder*,19,2023,Baylor,Big 12,3,0,1,6.89,22,0,,0,0,0,32.2,49,26,25,6,11,0,30,2,1,3,154,1.837,13.5,1.7,3,8.3,2.73,,player.fcgi?id=calder000eth,
Cam Caley*,21,2023,Baylor,Big 12,0,6,0,8.63,15,9,,0,0,0,49,66,54,47,8,28,0,42,5,0,2,245,1.918,12.1,1.5,5.1,7.7,1.5,,player.fcgi?id=caley-000cam,
Gabe Craig,21,2023,Baylor,Big 12,0,0,,6.75,18,0,,0,0,2,13.1,13,11,10,1,7,0,17,5,0,3,65,1.5,8.8,0.7,4.7,11.5,2.43,,player.fcgi?id=craig-000gab,
Brett Garcia,23,2023,Baylor,Big 12,0,0,,7.71,18,2,,0,0,0,21,17,23,18,2,26,0,31,8,1,3,114,2.048,7.3,0.9,11.1,13.3,1.19,,player.fcgi?id=garcia000bre,
Grant Golomb,21,2023,Baylor,Big 12,3,3,0.5,4.34,19,0,,0,0,1,37.1,27,24,18,3,20,0,42,10,0,2,169,1.259,6.5,0.7,4.8,10.1,2.1,,player.fcgi?id=golomb000gra,
Blake Helton,23,2023,Baylor,Big 12,1,6,0.143,8.35,14,11,,0,0,0,55,88,57,51,7,23,0,51,8,0,2,279,2.018,14.4,1.1,3.8,8.3,2.22,,player.fcgi?id=helton000bla,
Mason Marriott,20,2023,Baylor,Big 12,1,7,0.125,7.52,14,14,,0,0,0,58.2,72,56,49,7,40,0,50,10,1,9,290,1.909,11,1.1,6.1,7.7,1.25,,player.fcgi?id=marrio000mas,
Jared Matheson,21,2023,Baylor,Big 12,1,1,0.5,3.89,15,8,,0,0,0,39.1,40,20,17,0,24,0,41,6,0,7,184,1.627,9.2,0,5.5,9.4,1.71,,player.fcgi?id=mathes000jar,
Adam Muirhead,21,2023,Baylor,Big 12,0,1,0,7.46,22,0,,0,0,0,25.1,28,27,21,3,29,0,31,1,0,6,136,2.25,9.9,1.1,10.3,11,1.07,,player.fcgi?id=muirhe000ada,
Anderson Needham,23,2023,Baylor,Big 12,1,1,0.5,4.91,24,0,,0,0,0,29.1,36,21,16,1,14,0,33,8,0,2,151,1.705,11,0.3,4.3,10.1,2.36,,player.fcgi?id=needha000and,
Hambleton Oliver,22,2023,Baylor,Big 12,2,4,0.333,4.31,24,0,,0,0,5,39.2,36,27,19,6,23,6,37,2,0,5,175,1.487,8.2,1.4,5.2,8.4,1.61,,player.fcgi?id=oliver000ham,
Andrew Petrowski,21,2023,Baylor,Big 12,1,0,1,2.16,3,0,,0,0,0,8.1,10,7,2,1,1,0,9,0,0,2,33,1.32,10.8,1.1,1.1,9.7,9,,player.fcgi?id=petrow000and,
Will Rigney,22,2023,Baylor,Big 12,3,3,0.5,4.18,10,8,,0,0,0,32.1,39,15,15,1,19,0,42,1,1,2,153,1.794,10.9,0.3,5.3,11.7,2.21,,player.fcgi?id=rigney002wil,
Blake Rogers,19,2023,Baylor,Big 12,0,1,0,7.71,4,1,,0,0,0,7,13,13,6,1,3,0,8,0,0,1,38,2.286,16.7,1.3,3.9,10.3,2.67,,player.fcgi?id=rogers005bla,
Cole Stasio,21,2023,Baylor,Big 12,4,2,0.667,5.33,17,0,,0,0,1,27,29,20,16,0,10,1,22,2,0,3,116,1.444,9.7,0,3.3,7.3,2.2,,player.fcgi?id=stasio000col,
Cole Tremain,21,2023,Baylor,Big 12,0,0,,20.25,6,0,,0,0,0,4,10,9,9,2,2,0,4,1,0,0,25,3,22.5,4.5,4.5,9,2,,player.fcgi?id=tremai000col,
Danny Valadez,19,2023,Baylor,Big 12,0,0,,21,4,0,,0,0,0,3,7,8,7,1,4,0,2,1,0,0,21,3.667,21,3,12,6,0.5,,player.fcgi?id=valade000dan,
Kobe Andrade*,21,2024,Baylor,Big 12,0,2,0,6.55,23,0,,0,0,2,33,38,32,24,4,15,0,33,4,0,1,155,1.606,10.4,1.1,4.1,9,2.2,,player.fcgi?id=andrad000kob,
Ethan Calder*,20,2024,Baylor,Big 12,5,3,0.625,3.23,21,3,,0,0,2,55.2,50,22,20,3,12,0,41,2,1,0,218,1.114,8.1,0.5,1.9,6.6,3.42,,player.fcgi?id=calder000eth,
Gabe Craig,22,2024,Baylor,Big 12,1,0,1,3.09,14,0,,0,0,0,11.2,8,5,4,0,11,1,17,3,0,3,56,1.629,6.2,0,8.5,13.1,1.55,,player.fcgi?id=craig-000gab,
Tanner Duke,20,2024,Baylor,Big 12,1,3,0.25,7.83,13,4,,0,0,0,23,32,20,20,4,13,0,19,6,1,0,117,1.957,12.5,1.6,5.1,7.4,1.46,,player.fcgi?id=duke--000tan,
Jackson Elizondo*,19,2024,Baylor,Big 12,0,1,0,13.5,5,0,,0,0,0,5.1,10,9,8,2,2,0,7,1,0,0,28,2.25,16.9,3.4,3.4,11.8,3.5,,player.fcgi?id=elizon001jac,
Will Glatch,21,2024,Baylor,Big 12,0,0,,18,5,0,,0,0,0,3,8,7,6,2,4,0,4,1,0,0,22,4,24,6,12,12,1,,player.fcgi?id=glatch000wil,
Grant Golomb,22,2024,Baylor,Big 12,0,1,0,6.05,15,0,,0,0,1,19.1,15,16,13,3,7,0,19,5,0,0,85,1.138,7,1.4,3.3,8.8,2.71,,player.fcgi?id=golomb000gra,
Mason Green*,19,2024,Baylor,Big 12,2,6,0.25,7.2,15,8,,0,0,0,40,47,35,32,8,19,1,38,4,0,6,185,1.65,10.6,1.8,4.3,8.6,2,,player.fcgi?id=green-003mas,
Patrick Hail,23,2024,Baylor,Big 12,1,0,1,7.06,17,0,,0,0,1,29.1,36,24,23,5,23,2,27,5,0,2,154,2.011,11,1.5,7.1,8.3,1.17,,player.fcgi?id=hail--000pat,
Drew Leach,22,2024,Baylor,Big 12,2,1,0.667,6.66,21,0,,0,0,0,25.2,31,21,19,2,18,2,28,11,0,5,132,1.909,10.9,0.7,6.3,9.8,1.56,,player.fcgi?id=leach-000dre,
Mason Marriott,21,2024,Baylor,Big 12,3,7,0.3,5.94,14,14,,0,0,0,69.2,75,51,46,6,37,0,65,9,0,7,323,1.608,9.7,0.8,4.8,8.4,1.76,,player.fcgi?id=marrio000mas,
Jared Matheson,22,2024,Baylor,Big 12,1,1,0.5,5.68,10,6,,0,0,0,19,12,13,12,2,14,0,20,5,0,2,88,1.368,5.7,0.9,6.6,9.5,1.43,,player.fcgi?id=mathes000jar,
Collin McKinney,20,2024,Baylor,Big 12,3,6,0.333,6.7,14,14,,0,0,0,49.2,52,50,37,11,35,1,60,8,1,0,243,1.752,9.4,2,6.3,10.9,1.71,,player.fcgi?id=mckinn001col,
Andrew Petrowski,22,2024,Baylor,Big 12,0,0,,7.15,21,1,,0,0,1,22.2,27,19,18,3,15,1,18,1,0,0,109,1.853,10.7,1.2,6,7.1,1.2,,player.fcgi?id=petrow000and,
RJ Ruais*,19,2024,Baylor,Big 12,2,0,1,5.45,22,2,,0,0,0,34.2,40,26,21,3,18,0,34,4,0,2,162,1.673,10.4,0.8,4.7,8.8,1.89,,player.fcgi?id=ruais-000rj-,
Stephen Sepulveda,19,2024,Baylor,Big 12,1,0,1,12.5,15,0,,0,0,0,18,24,26,25,4,17,0,19,4,0,4,100,2.278,12,2,8.5,9.5,1.12,,player.fcgi?id=sepulv000ste,
Cole Stasio,22,2024,Baylor,Big 12,0,0,,36,3,1,,0,0,0,2,6,8,8,0,3,0,0,2,0,0,16,4.5,27,0,13.5,0,0,,player.fcgi?id=stasio000col,
Jackson Wilkerson*,19,2024,Baylor,Big 12,0,0,,21.6,3,0,,0,0,0,1.2,7,5,4,0,1,0,1,1,0,0,14,4.8,37.8,0,5.4,5.4,1,,player.fcgi?id=wilker002jac,
Carson Bailey*,19,2025,Baylor,Big 12,3,3,0.5,4.89,13,12,,0,0,0,53.1,49,38,29,5,21,0,56,10,0,4,239,1.313,8.3,0.8,3.5,9.5,2.67,,player.fcgi?id=bailey004car,
Bryson Bales*,23,2025,Baylor,Big 12,3,3,0.5,6.25,15,7,,0,0,0,36,41,27,25,6,21,0,33,4,2,2,177,1.722,10.3,1.5,5.3,8.3,1.57,,player.fcgi?id=bales-000bry,
Brayden Bergman,19,2025,Baylor,Big 12,0,0,,0,1,0,,0,0,0,1,0,0,0,0,1,0,2,1,0,0,5,1,0,0,9,18,2,,player.fcgi?id=bergma000bra,
Caleb Bunch,22,2025,Baylor,Big 12,2,0,1,3.23,20,0,,0,0,2,39,35,16,14,5,8,0,30,3,1,0,160,1.103,8.1,1.2,1.8,6.9,3.75,,player.fcgi?id=bunch-000cal,
Ethan Calder*,21,2025,Baylor,Big 12,3,6,0.333,5.18,15,15,,0,0,0,73,75,45,42,9,18,0,64,3,1,0,315,1.274,9.2,1.1,2.2,7.9,3.56,,player.fcgi?id=calder000eth,
Camden Clewett,19,2025,Baylor,Big 12,0,0,,6.23,5,0,,0,0,0,4.1,2,3,3,0,5,0,3,1,0,2,21,1.615,4.2,0,10.4,6.2,0.6,,player.fcgi?id=clewet000cam,
Gabe Craig,23,2025,Baylor,Big 12,3,0,1,0.56,24,0,,0,0,10,32,13,3,2,0,3,1,51,3,0,3,113,0.5,3.7,0,0.8,14.3,17,,player.fcgi?id=craig-000gab,
Lucas Davenport,21,2025,Baylor,Big 12,4,2,0.667,4.25,16,0,,0,0,0,42.1,47,29,20,5,12,0,34,0,0,2,192,1.394,10,1.1,2.6,7.2,2.83,,player.fcgi?id=davenp000luc,
Will Glatch,22,2025,Baylor,Big 12,3,2,0.6,1.17,16,0,,0,0,1,23,15,10,3,0,6,0,23,1,0,1,92,0.913,5.9,0,2.3,9,3.83,,player.fcgi?id=glatch000wil,
Mason Green*,20,2025,Baylor,Big 12,0,2,0,4.91,7,7,,0,0,0,18.1,15,11,10,0,8,0,12,1,0,0,77,1.255,7.4,0,3.9,5.9,1.5,,player.fcgi?id=green-003mas,
Patrick Hail,24,2025,Baylor,Big 12,0,0,,5.91,17,0,,0,0,0,21.1,18,14,14,4,10,1,13,5,0,0,94,1.313,7.6,1.7,4.2,5.5,1.3,,player.fcgi?id=hail--000pat,
Caleb Jameson*,21,2025,Baylor,Big 12,2,1,0.667,5.02,14,7,,0,0,0,28.2,34,19,16,2,11,0,25,3,1,0,133,1.57,10.7,0.6,3.5,7.8,2.27,,player.fcgi?id=jameso002cal,
Drew Leach,23,2025,Baylor,Big 12,1,0,1,8.44,6,0,,0,0,0,5.1,7,5,5,1,4,0,3,1,0,3,26,2.063,11.8,1.7,6.8,5.1,0.75,,player.fcgi?id=leach-000dre,
Grayson Murry,21,2025,Baylor,Big 12,3,0,1,2.19,18,0,,0,0,2,24.2,15,6,6,2,10,1,24,0,0,1,95,1.014,5.5,0.7,3.6,8.8,2.4,,player.fcgi?id=murry-000gra,
Andrew Petrowski,23,2025,Baylor,Big 12,1,1,0.5,5.14,15,0,,0,0,0,14,19,10,8,2,8,0,12,0,0,1,68,1.929,12.2,1.3,5.1,7.7,1.5,,player.fcgi?id=petrow000and,
RJ Ruais*,20,2025,Baylor,Big 12,0,0,,6.35,14,0,,0,0,0,11.1,13,8,8,2,8,0,10,1,0,2,52,1.853,10.3,1.6,6.4,7.9,1.25,,player.fcgi?id=ruais-000rj-,
Stefan Stahl*,21,2025,Baylor,Big 12,2,1,0.667,6.75,15,4,,0,0,1,18.2,23,17,14,3,6,0,13,1,0,0,84,1.554,11.1,1.4,2.9,6.3,2.17,,player.fcgi?id=stahl-000ste,
Cole Stasio,23,2025,Baylor,Big 12,3,1,0.75,7.12,15,3,,0,0,0,30.1,46,24,24,5,10,0,32,1,1,3,146,1.846,13.6,1.5,3,9.5,3.2,,player.fcgi?id=stasio000col,
Hunter Teplanszky,23,2025,Baylor,Big 12,0,0,,5.06,5,0,,0,0,0,5.1,1,3,3,1,3,0,4,1,0,0,21,0.75,1.7,1.7,5.1,6.8,1.33,,player.fcgi?id=teplan000hun,
Charlie Atkinson,21,2026,Baylor,Big 12,2,0,1,4.67,23,0,,0,0,0,34.2,40,26,18,6,20,0,24,3,1,4,165,1.731,10.4,1.6,5.2,6.2,1.2,,player.fcgi?id=atkins002cha,
Cayden Baker,20,2026,Baylor,Big 12,2,2,0.5,8.24,13,5,,0,0,0,19.2,24,18,18,7,9,0,8,0,0,1,91,1.678,11,3.2,4.1,3.7,0.89,,player.fcgi?id=baker-000cay,
Brayden Bergman,20,2026,Baylor,Big 12,1,1,0.5,5.64,21,0,,0,0,0,22.1,17,14,14,2,23,1,26,5,1,4,110,1.791,6.9,0.8,9.3,10.5,1.13,,player.fcgi?id=bergma000bra,
Caleb Bunch,23,2026,Baylor,Big 12,5,3,0.625,3.48,23,0,,0,0,7,41.1,34,16,16,5,18,2,47,3,0,5,177,1.258,7.4,1.1,3.9,10.2,2.61,,player.fcgi?id=bunch-000cal,
Ethan Calder*,22,2026,Baylor,Big 12,5,5,0.5,5.31,15,14,,0,0,0,76.1,93,53,45,8,18,1,63,5,0,5,336,1.454,11,0.9,2.1,7.4,3.5,,player.fcgi?id=calder000eth,
Camden Clewett,20,2026,Baylor,Big 12,0,0,,17.36,5,0,,0,0,0,4.2,13,9,9,2,5,0,2,1,0,4,32,3.857,25.1,3.9,9.6,3.9,0.4,,player.fcgi?id=clewet000cam,
Lucas Davenport,22,2026,Baylor,Big 12,5,4,0.556,6.25,13,13,,1,0,0,63.1,75,45,44,9,16,0,69,7,0,3,281,1.437,10.7,1.3,2.3,9.8,4.31,,player.fcgi?id=davenp000luc,
Luke DeVasher,22,2026,Baylor,Big 12,1,1,0.5,11.77,16,0,,0,0,0,13,23,22,17,2,9,1,13,1,0,3,74,2.462,15.9,1.4,6.2,9,1.44,,player.fcgi?id=devash000luk,
Mason Green*,21,2026,Baylor,Big 12,0,0,,4.15,3,0,,0,0,0,4.1,2,2,2,1,3,0,7,1,0,0,18,1.154,4.2,2.1,6.2,14.5,2.33,,player.fcgi?id=green-003mas,
Cade Hansen,23,2026,Baylor,Big 12,0,4,0,11.57,14,5,,0,0,0,25.2,45,33,33,3,13,0,20,6,0,3,137,2.26,15.8,1.1,4.6,7,1.54,,player.fcgi?id=hansen000cad,
Jake Kolkhorst,23,2026,Baylor,Big 12,0,0,,27,2,0,,0,0,0,0.2,1,2,2,0,0,0,1,3,0,0,6,1.5,13.5,0,0,13.5,,,player.fcgi?id=kolkho000jak,
Cole Lanclos,19,2026,Baylor,Big 12,0,0,,7.71,3,0,,0,0,0,2.1,4,2,2,0,0,0,3,2,0,0,12,1.714,15.4,0,0,11.6,,,player.fcgi?id=lanclo000col,
Caldwell McFaddin,19,2026,Baylor,Big 12,0,0,,4.5,10,2,,0,0,0,16,13,8,8,2,8,0,8,2,0,1,68,1.313,7.3,1.1,4.5,4.5,1,,player.fcgi?id=mcfadd000cal,
Luke McLeod,19,2026,Baylor,Big 12,0,0,,4.37,17,1,,0,0,1,22.2,30,13,11,3,6,0,15,2,0,2,102,1.588,11.9,1.2,2.4,6,2.5,,player.fcgi?id=mcleod000luk,
Grayson Murry,22,2026,Baylor,Big 12,0,1,0,7.22,25,1,,0,0,1,28.2,31,25,23,2,21,0,29,7,1,2,146,1.814,9.7,0.6,6.6,9.1,1.38,,player.fcgi?id=murry-000gra,
RJ Ruais*,21,2026,Baylor,Big 12,2,1,0.667,3.58,28,0,,0,0,0,27.2,24,13,11,2,13,1,34,2,0,1,120,1.337,7.8,0.7,4.2,11.1,2.62,,player.fcgi?id=ruais-000rj-,
Stefan Stahl*,22,2026,Baylor,Big 12,1,0,1,1.32,7,3,,0,0,0,13.2,10,2,2,0,5,0,18,1,0,1,58,1.098,6.6,0,3.3,11.9,3.6,,player.fcgi?id=stahl-000ste,
Cade Waibel,21,2026,Baylor,Big 12,0,0,,54,4,0,,0,0,0,2,8,12,12,2,5,0,3,2,0,0,21,6.5,36,9,22.5,13.5,0.6,,player.fcgi?id=waibel000cad,
Zack Wallace,20,2026,Baylor,Big 12,5,5,0.5,5.74,17,12,,0,0,0,64.1,78,43,41,12,15,0,45,5,0,1,284,1.446,10.9,1.7,2.1,6.3,3,,player.fcgi?id=wallac003zac,
Jaden Alba,20,2026,Arizona State,Big 12,3,3,0.5,6.52,17,4,,0,0,2,49.2,57,39,36,8,25,0,59,5,0,6,236,1.651,10.3,1.4,4.5,10.7,2.36,,player.fcgi?id=alba--000jad,
Nick Anello,24,2026,Arizona State,Big 12,0,0,,8.1,4,0,,0,0,0,3.1,7,7,3,1,3,0,3,1,0,0,22,3,18.9,2.7,8.1,8.1,1,,player.fcgi?id=anello000nic,
Easton Barrett*,20,2026,Arizona State,Big 12,1,1,0.5,8.41,10,7,,0,0,0,20.1,15,19,19,2,25,0,23,0,0,5,98,1.967,6.6,0.9,11.1,10.2,0.92,,player.fcgi?id=barret000eas,
Josh Butler,21,2026,Arizona State,Big 12,3,0,1,8.5,16,0,,0,0,0,18,30,18,17,3,4,0,16,3,0,2,91,1.889,15,1.5,2,8,4,,player.fcgi?id=butler004jos,
Eli Buxton,20,2026,Arizona State,Big 12,1,0,1,9.87,19,0,,0,0,0,17.1,20,19,19,2,14,0,28,1,1,5,85,1.962,10.4,1,7.3,14.5,2,,player.fcgi?id=buxton000eli,
Cole Carlon*,21,2026,Arizona State,Big 12,5,2,0.714,3.87,16,16,,0,0,0,83.2,69,37,36,14,31,0,133,4,1,3,350,1.195,7.4,1.5,3.3,14.3,4.29,,player.fcgi?id=carlon000col,
Finn Edwards,20,2026,Arizona State,Big 12,1,3,0.25,6.59,18,0,,0,0,0,13.2,16,11,10,0,11,0,25,0,0,5,68,1.976,10.5,0,7.2,16.5,2.27,,player.fcgi?id=edward000fin,
Sean Fitzpatrick*,23,2026,Arizona State,Big 12,4,1,0.8,3.12,31,0,,0,0,0,26,17,11,9,2,13,3,45,8,1,2,114,1.154,5.9,0.7,4.5,15.6,3.46,,player.fcgi?id=fitzpa001sea,
Colby Guy,23,2026,Arizona State,Big 12,2,0,1,4.97,15,2,,0,0,0,29,23,16,16,3,15,0,34,3,0,3,124,1.31,7.1,0.9,4.7,10.6,2.27,,player.fcgi?id=guy---000col,
Wyatt Halvorson,21,2026,Arizona State,Big 12,0,0,,0,3,0,,0,0,0,6.2,1,0,0,0,2,0,7,1,0,1,23,0.45,1.4,0,2.7,9.5,3.5,,player.fcgi?id=halvor000wya,
Kole Klecker,21,2026,Arizona State,Big 12,7,2,0.778,4.57,14,13,,0,0,0,69,66,38,35,12,24,0,78,3,0,5,294,1.304,8.6,1.6,3.1,10.2,3.25,,player.fcgi?id=klecke000kol,
Colin Linder,22,2026,Arizona State,Big 12,4,2,0.667,5.4,20,7,,0,0,0,50,43,33,30,7,36,0,62,6,0,4,231,1.58,7.7,1.3,6.5,11.2,1.72,,player.fcgi?id=linder000col,
Brady Louck*,21,2026,Arizona State,Big 12,0,0,,5.4,8,0,,0,0,0,5,10,4,3,0,1,0,7,1,0,3,28,2.2,18,0,1.8,12.6,7,,player.fcgi?id=louck-000bra,
Austin Musso,19,2026,Arizona State,Big 12,0,1,0,8.31,11,3,,0,0,0,17.1,24,18,16,8,8,0,20,0,0,0,84,1.846,12.5,4.2,4.2,10.4,2.5,,player.fcgi?id=musso-000aus,
Alex Overbay,21,2026,Arizona State,Big 12,1,3,0.25,5.79,20,4,,0,0,1,42,56,31,27,4,27,0,50,6,0,3,210,1.976,12,0.9,5.8,10.7,1.85,,player.fcgi?id=overba000ale,
Taylor Penn,20,2026,Arizona State,Big 12,6,0,1,3.45,22,4,,0,0,0,47,42,18,18,7,18,0,50,4,0,2,193,1.277,8,1.3,3.4,9.6,2.78,,player.fcgi?id=penn--000tay,
Derek Schaefer,20,2026,Arizona State,Big 12,1,3,0.25,5.88,31,0,,0,0,9,33.2,34,23,22,3,14,1,42,4,0,8,149,1.426,9.1,0.8,3.7,11.2,3,,player.fcgi?id=schaef000der,
Jaden Alba,19,2025,Arizona State,Big 12,3,1,0.75,5.58,11,8,,0,0,1,40.1,51,26,25,5,18,0,45,3,1,2,185,1.711,11.4,1.1,4,10,2.5,,player.fcgi?id=alba--000jad,
Max Arlich*,19,2025,Arizona State,Big 12,0,0,,1.88,10,2,,0,0,0,14.1,13,3,3,1,10,0,13,2,0,0,64,1.605,8.2,0.6,6.3,8.2,1.3,,player.fcgi?id=arlich000max,
Bradyn Barnes*,20,2025,Arizona State,Big 12,0,0,,27,2,0,,0,0,0,1.1,3,4,4,2,1,0,1,0,0,2,7,3,20.3,13.5,6.8,6.8,1,,player.fcgi?id=barnes006bra,
Easton Barrett*,19,2025,Arizona State,Big 12,4,2,0.667,4.31,17,10,,0,0,0,39.2,39,25,19,3,29,0,41,4,2,0,188,1.714,8.8,0.7,6.6,9.3,1.41,,player.fcgi?id=barret000eas,
Alec Belardes,20,2025,Arizona State,Big 12,0,0,,27,2,0,,0,0,0,0.1,0,2,1,0,3,0,0,1,0,1,5,9,0,0,81,0,0,,player.fcgi?id=belard000ale,
Josh Butler,20,2025,Arizona State,Big 12,1,2,0.333,4.73,20,0,,0,0,1,32.1,39,19,17,3,11,0,31,4,0,1,147,1.546,10.9,0.8,3.1,8.6,2.82,,player.fcgi?id=butler004jos,
Eli Buxton,19,2025,Arizona State,Big 12,0,1,0,9,11,0,,0,0,0,8,6,9,8,2,8,0,9,0,0,3,39,1.75,6.8,2.3,9,10.1,1.13,,player.fcgi?id=buxton000eli,
Cole Carlon*,20,2025,Arizona State,Big 12,3,1,0.75,3.33,29,0,,0,0,4,54,32,23,20,3,25,0,86,4,1,7,222,1.056,5.3,0.5,4.2,14.3,3.44,,player.fcgi?id=carlon000col,
Chance Daquila,23,2025,Arizona State,Big 12,0,0,,0,1,0,,0,0,0,0.1,0,0,0,0,1,0,0,0,0,0,2,3,0,0,27,0,0,,player.fcgi?id=daquil000cha,
Sean Fitzpatrick*,22,2025,Arizona State,Big 12,0,0,,11.57,25,0,,0,0,1,14,19,18,18,5,10,2,18,1,0,1,73,2.071,12.2,3.2,6.4,11.6,1.8,,player.fcgi?id=fitzpa001sea,
Jonah Giblin,23,2025,Arizona State,Big 12,6,2,0.75,4.1,20,0,,0,0,0,41.2,34,19,19,6,15,1,50,6,1,5,177,1.176,7.3,1.3,3.2,10.8,3.33,,player.fcgi?id=giblin000jon,
Wyatt Halvorson,20,2025,Arizona State,Big 12,2,2,0.5,7.48,14,4,,0,0,1,21.2,26,19,18,4,13,0,32,1,0,2,103,1.8,10.8,1.7,5.4,13.3,2.46,,player.fcgi?id=halvor000wya,
Ben Jacobs*,21,2025,Arizona State,Big 12,4,4,0.5,4.95,16,16,,0,0,0,83.2,71,48,46,9,45,0,120,9,1,5,368,1.386,7.6,1,4.8,12.9,2.67,,player.fcgi?id=jacobs002ben,
Lucas Kelly,21,2025,Arizona State,Big 12,3,2,0.6,4.05,21,0,,0,0,0,26.2,29,16,12,6,9,0,34,4,0,1,122,1.425,9.8,2,3,11.5,3.78,,player.fcgi?id=kelly-000luc,
Will Koger,22,2025,Arizona State,Big 12,1,2,0.333,6.38,17,0,,0,0,2,18.1,18,14,13,2,9,0,17,4,0,5,84,1.473,8.8,1,4.4,8.3,1.89,,player.fcgi?id=koger-000wil,
Rohan Lettow,19,2025,Arizona State,Big 12,0,0,,10.8,5,2,,0,0,0,10,15,12,12,5,5,0,8,2,0,0,50,2,13.5,4.5,4.5,7.2,1.6,,player.fcgi?id=lettow000roh,
Jack Martinez,22,2025,Arizona State,Big 12,6,4,0.6,5.47,15,15,,0,0,0,77.1,66,51,47,10,33,0,110,10,0,3,341,1.28,7.7,1.2,3.8,12.8,3.33,,player.fcgi?id=martin019jac,
Tyler Meyer,24,2025,Arizona State,Big 12,0,0,,27,2,0,,0,0,0,0.2,2,2,2,1,2,0,1,0,0,0,6,6,27,13.5,27,13.5,0.5,,player.fcgi?id=meyer-000tyl,
Jake Neely,19,2025,Arizona State,Big 12,0,0,,19.64,5,0,,0,0,0,3.2,4,8,8,0,6,0,2,0,0,0,21,2.727,9.8,0,14.7,4.9,0.33,,player.fcgi?id=neely-000jak,
Derek Schaefer,19,2025,Arizona State,Big 12,3,1,0.75,5.29,22,3,,0,0,2,32.1,34,24,19,3,15,0,35,4,0,3,150,1.515,9.5,0.8,4.2,9.7,2.33,,player.fcgi?id=schaef000der,
Hudson Barrett*,22,2026,Oklahoma State,Big 12,6,1,0.857,2.58,13,9,,0,0,0,45.1,33,21,13,5,15,1,64,5,0,0,193,1.059,6.6,1,3,12.7,4.27,,player.fcgi?id=barret000hud,
Drew Blake*,23,2026,Oklahoma State,Big 12,0,1,0,10.8,19,0,,0,0,0,13.1,16,19,16,5,9,0,16,0,0,1,67,1.875,10.8,3.4,6.1,10.8,1.78,,player.fcgi?id=blake-001dre,
Zane Burns,18,2026,Oklahoma State,Big 12,3,1,0.75,7.83,15,2,,0,0,0,33.1,43,29,29,8,15,0,27,5,0,2,161,1.74,11.6,2.2,4.1,7.3,1.8,,player.fcgi?id=burns-000zan,
Kai Fyke,21,2026,Oklahoma State,Big 12,2,0,1,7.09,22,2,,0,0,1,39.1,53,36,31,6,27,0,36,4,0,8,199,2.034,12.1,1.4,6.2,8.2,1.33,,player.fcgi?id=fyke--000kai,
Josiah Golden,21,2026,Oklahoma State,Big 12,0,0,,0,2,0,,0,0,0,1.2,1,0,0,0,2,0,0,0,0,1,8,1.8,5.4,0,10.8,0,0,,player.fcgi?id=golden003jos,
Parker Jennings,19,2026,Oklahoma State,Big 12,1,0,1,16.57,12,1,,0,0,0,14.2,25,28,27,5,15,0,16,2,0,6,85,2.727,15.3,3.1,9.2,9.8,1.07,,player.fcgi?id=jennin000par,
Jake Kennedy,21,2026,Oklahoma State,Big 12,3,0,1,3.32,14,0,,0,0,0,21.2,17,9,8,1,18,0,22,7,0,4,105,1.615,7.1,0.4,7.5,9.1,1.22,,player.fcgi?id=kenned001jak,
Bryce LeBlanc*,20,2026,Oklahoma State,Big 12,0,2,0,11.37,12,3,,0,0,0,12.2,17,16,16,2,11,0,16,4,0,0,68,2.211,12.1,1.4,7.8,11.4,1.45,,player.fcgi?id=leblan001bry,
Ethan Lund*,20,2026,Oklahoma State,Big 12,5,3,0.625,5.34,17,16,,1,0,0,84.1,66,52,50,11,53,0,137,2,0,11,370,1.411,7,1.2,5.7,14.6,2.58,,player.fcgi?id=lund--000eth,
Kyle Pearcy,19,2026,Oklahoma State,Big 12,0,0,,0,1,0,,0,0,0,0.2,0,0,0,0,2,0,0,0,0,0,4,3,0,0,27,0,0,,player.fcgi?id=pearcy000kyl,
Mario Pesca,22,2026,Oklahoma State,Big 12,7,5,0.583,5.86,19,10,,1,0,2,70.2,78,47,46,10,31,1,80,13,1,8,325,1.542,9.9,1.3,3.9,10.2,2.58,,player.fcgi?id=pesca-000mar,
Brennan Phillips*,23,2026,Oklahoma State,Big 12,3,3,0.5,8.19,19,7,,0,0,0,48.1,59,46,44,12,24,0,47,9,1,5,233,1.717,11,2.2,4.5,8.8,1.96,,player.fcgi?id=philli005bre,
Stormy Rhodes,21,2026,Oklahoma State,Big 12,4,2,0.667,4.04,21,5,,0,0,2,64.2,67,37,29,5,20,1,62,8,0,6,283,1.345,9.3,0.7,2.8,8.6,3.1,,player.fcgi?id=rhodes001sto,
Noah Wech,20,2026,Oklahoma State,Big 12,2,4,0.333,4.86,25,1,,0,0,6,46.1,48,27,25,6,21,0,52,5,1,4,206,1.489,9.3,1.2,4.1,10.1,2.48,,player.fcgi?id=wech--000noa,
TP Wentworth*,20,2026,Oklahoma State,Big 12,1,0,1,4.35,9,5,,0,0,0,20.2,24,12,10,3,14,0,20,1,0,0,100,1.839,10.5,1.3,6.1,8.7,1.43,,player.fcgi?id=wentwo000tp-,
Drew Winslow,19,2026,Oklahoma State,Big 12,1,0,1,14.4,7,0,,0,0,0,5,6,9,8,2,5,0,5,3,0,0,29,2.2,10.8,3.6,9,9,1,,player.fcgi?id=winslo000dre,
Kyler Zagar*,20,2026,Oklahoma State,Big 12,1,0,1,17.18,4,0,,0,0,0,3.2,6,7,7,0,6,0,1,1,0,0,23,3.273,14.7,0,14.7,2.5,0.17,,player.fcgi?id=zagar-000kyl,
Tommy Allman,22,2025,Oklahoma State,Big 12,0,0,,18.9,5,0,,0,0,0,3.1,6,7,7,1,5,0,3,0,0,0,21,3.3,16.2,2.7,13.5,8.1,0.6,,player.fcgi?id=allman000tom,
Kyle Bade*,20,2025,Oklahoma State,Big 12,0,0,,9.72,10,0,,0,0,0,8.1,7,11,9,2,11,0,11,0,0,2,45,2.16,7.6,2.2,11.9,11.9,1,,player.fcgi?id=bade--000kyl,
Drew Blake*,22,2025,Oklahoma State,Big 12,1,2,0.333,6.66,24,1,,0,0,0,25.2,30,25,19,3,12,2,35,1,0,1,118,1.636,10.5,1.1,4.2,12.3,2.92,,player.fcgi?id=blake-001dre,
Harrison Bodendorf*,21,2025,Oklahoma State,Big 12,10,1,0.909,3.3,17,16,,1,0,0,92.2,69,37,34,10,28,0,102,9,0,9,377,1.047,6.7,1,2.7,9.9,3.64,,player.fcgi?id=bodend000har,
Braylon Brooks,19,2025,Oklahoma State,Big 12,0,0,,9,2,0,,0,0,0,2,4,2,2,0,2,0,2,0,0,0,12,3,18,0,9,9,1,,player.fcgi?id=brooks008bra,
Matthew Brown,19,2025,Oklahoma State,Big 12,1,0,1,3,14,1,,0,0,1,24,19,8,8,0,11,0,23,6,0,1,104,1.25,7.1,0,4.1,8.6,2.09,,player.fcgi?id=brown-034mat,
Gabe Davis,21,2025,Oklahoma State,Big 12,0,3,0,5.92,15,3,,0,0,3,24.1,28,19,16,3,16,2,29,4,0,5,125,1.808,10.4,1.1,5.9,10.7,1.81,,player.fcgi?id=davis-001gab,
Kash Ferris,19,2025,Oklahoma State,Big 12,0,0,,0,2,0,,0,0,0,2,1,0,0,0,0,0,4,0,0,0,7,0.5,4.5,0,0,18,,,player.fcgi?id=ferris000kas,
Jett Hope,19,2025,Oklahoma State,Big 12,0,1,0,18,2,0,,0,0,0,1,3,3,2,1,0,0,2,1,0,0,7,3,27,9,0,18,,,player.fcgi?id=hope--000jet,
Jake Kennedy,20,2025,Oklahoma State,Big 12,0,0,,0,2,0,,0,0,0,2.1,1,0,0,0,0,0,3,0,0,1,7,0.429,3.9,0,0,11.6,,,player.fcgi?id=kenned001jak,
Ethan Lund*,19,2025,Oklahoma State,Big 12,0,0,,5.79,7,2,,0,0,0,9.1,13,6,6,0,10,0,13,4,0,4,54,2.464,12.5,0,9.6,12.5,1.3,,player.fcgi?id=lund--000eth,
Mario Pesca,21,2025,Oklahoma State,Big 12,7,3,0.7,4.46,22,8,,0,0,0,66.2,67,36,33,7,18,0,60,12,0,3,291,1.275,9,0.9,2.4,8.1,3.33,,player.fcgi?id=pesca-000mar,
Brennan Phillips*,22,2025,Oklahoma State,Big 12,0,0,,4.35,19,0,,0,0,0,20.2,25,12,10,1,13,0,22,1,1,1,100,1.839,10.9,0.4,5.7,9.6,1.69,,player.fcgi?id=philli005bre,
Stormy Rhodes,20,2025,Oklahoma State,Big 12,1,1,0.5,8.14,14,0,,0,0,0,21,28,21,19,2,4,0,16,0,0,3,96,1.524,12,0.9,1.7,6.9,4,,player.fcgi?id=rhodes001sto,
Ryan Ure*,22,2025,Oklahoma State,Big 12,2,5,0.286,6.65,19,5,,0,0,0,23,27,17,17,4,9,0,28,2,2,1,104,1.565,10.6,1.6,3.5,11,3.11,,player.fcgi?id=ure---000rya,
Hunter Watkins,20,2025,Oklahoma State,Big 12,5,4,0.556,5.43,19,11,,0,0,1,64.2,78,43,39,15,23,1,70,5,3,2,301,1.562,10.9,2.1,3.2,9.7,3.04,,player.fcgi?id=watkin000hun,
Noah Wech,19,2025,Oklahoma State,Big 12,0,4,0,3.41,19,2,,0,0,0,31.2,33,28,12,2,23,3,32,6,0,4,158,1.768,9.4,0.6,6.5,9.1,1.39,,player.fcgi?id=wech--000noa,
Sean Youngerman,20,2025,Oklahoma State,Big 12,3,1,0.75,2.08,20,6,,0,0,4,52,37,15,12,3,8,0,59,3,1,5,205,0.865,6.4,0.5,1.4,10.2,7.38,,player.fcgi?id=younge000sea,
Kyle Bade*,19,2024,Oklahoma State,Big 12,0,0,,5.06,6,0,,0,0,0,5.1,7,3,3,0,5,0,3,2,0,2,27,2.25,11.8,0,8.4,5.1,0.6,,player.fcgi?id=bade--000kyl,
Carson Benge,21,2024,Oklahoma State,Big 12,3,2,0.6,3.16,18,4,,0,0,3,37,26,14,13,4,11,2,44,4,0,5,156,1,6.3,1,2.7,10.7,4,,player.fcgi?id=benge-000car,
Drew Blake*,21,2024,Oklahoma State,Big 12,4,0,1,5.5,23,0,,0,0,0,18,24,15,11,3,7,0,20,1,1,0,87,1.722,12,1.5,3.5,10,2.86,,player.fcgi?id=blake-001dre,
Ryan Bogusz,23,2024,Oklahoma State,Big 12,1,1,0.5,7.47,19,3,,0,0,0,31.1,38,28,26,7,15,0,34,3,0,6,153,1.691,10.9,2,4.3,9.8,2.27,,player.fcgi?id=bogusz000rya,
Robert Cranz,21,2024,Oklahoma State,Big 12,2,1,0.667,1.63,30,0,,0,0,2,49.2,26,10,9,5,12,0,59,1,0,1,187,0.765,4.7,0.9,2.2,10.7,4.92,,player.fcgi?id=cranz-000rob,
Gabe Davis,20,2024,Oklahoma State,Big 12,2,4,0.333,4.17,18,5,,0,0,3,45.1,36,28,21,6,25,3,55,11,0,7,211,1.346,7.1,1.2,5,10.9,2.2,,player.fcgi?id=davis-001gab,
Sam Garcia*,22,2024,Oklahoma State,Big 12,7,3,0.7,3.64,16,16,,0,0,0,89,77,39,36,7,19,0,115,7,1,5,371,1.079,7.8,0.7,1.9,11.6,6.05,,player.fcgi?id=garcia004sam,
Brian Holiday,21,2024,Oklahoma State,Big 12,7,3,0.7,2.95,16,16,,3,0,0,113,82,41,37,13,19,0,128,8,1,5,448,0.894,6.5,1,1.5,10.2,6.74,,player.fcgi?id=holida000bri,
Bryson Hudgens,24,2024,Oklahoma State,Big 12,1,0,1,8.1,7,0,,0,0,0,10,20,9,9,4,4,0,14,0,0,2,55,2.4,18,3.6,3.6,12.6,3.5,,player.fcgi?id=hudgen000bry,
Janzen Keisel,21,2024,Oklahoma State,Big 12,2,1,0.667,3.38,11,8,,0,0,0,34.2,23,15,13,2,22,0,40,6,0,4,148,1.298,6,0.5,5.7,10.4,1.82,,player.fcgi?id=keisel000jan,
Jake Kennedy,19,2024,Oklahoma State,Big 12,0,0,,9,1,0,,0,0,0,1,3,3,1,1,0,0,1,1,0,0,7,3,27,9,0,9,,,player.fcgi?id=kenned001jak,
Max Knight*,19,2024,Oklahoma State,Big 12,0,0,,inf,1,0,,0,0,0,0,1,1,1,0,0,0,0,0,0,0,1,,,,,,,,player.fcgi?id=knight000max,
Tommy Molsky,21,2024,Oklahoma State,Big 12,6,3,0.667,4.83,19,2,,0,0,0,41,40,27,22,5,27,2,66,7,0,3,196,1.634,8.8,1.1,5.9,14.5,2.44,,player.fcgi?id=molsky000tom,
Evan O'Toole,22,2024,Oklahoma State,Big 12,2,0,1,5.83,17,0,,0,0,1,29.1,36,19,19,2,11,0,34,5,0,3,133,1.602,11,0.6,3.4,10.4,3.09,,player.fcgi?id=otoole000eva,
Brennan Phillips*,21,2024,Oklahoma State,Big 12,2,0,1,4.91,11,2,,0,0,0,14.2,18,10,8,2,5,0,16,5,2,1,70,1.568,11,1.2,3.1,9.8,3.2,,player.fcgi?id=philli005bre,
Dominick Reid,20,2024,Oklahoma State,Big 12,1,0,1,5.28,9,4,,0,0,0,15.1,18,9,9,4,8,0,23,1,0,0,71,1.696,10.6,2.3,4.7,13.5,2.88,,player.fcgi?id=reid--000dom,
Ryan Ure*,21,2024,Oklahoma State,Big 12,1,0,1,4.91,9,0,,0,0,0,3.2,3,3,2,0,4,1,7,0,0,0,19,1.909,7.4,0,9.8,17.2,1.75,,player.fcgi?id=ure---000rya,
Aaron Weber,21,2024,Oklahoma State,Big 12,1,1,0.5,12,6,1,,0,0,0,6,8,8,8,2,4,0,4,1,0,2,30,2,12,3,6,6,1,,player.fcgi?id=weber-002aar,
Ben Abram,23,2023,Oklahoma State,Big 12,8,3,0.727,6.21,18,14,,0,0,0,71,91,49,49,19,22,0,76,6,2,5,323,1.592,11.5,2.4,2.8,9.6,3.45,,player.fcgi?id=abram-000ben,
Carson Benge,20,2023,Oklahoma State,Big 12,2,2,0.5,6.69,10,10,,0,0,0,35,38,26,26,4,24,0,35,5,0,4,167,1.771,9.8,1,6.2,9,1.46,,player.fcgi?id=benge-000car,
Michael Benzor*,19,2023,Oklahoma State,Big 12,0,0,,9.82,13,0,,0,0,0,7.1,15,12,8,2,5,0,13,0,0,2,42,2.727,18.4,2.5,6.1,16,2.6,,player.fcgi?id=benzor000mic,
Drew Blake*,20,2023,Oklahoma State,Big 12,1,0,1,5.46,28,2,,0,0,0,28,26,19,17,2,15,0,27,3,1,1,129,1.464,8.4,0.6,4.8,8.7,1.8,,player.fcgi?id=blake-001dre,
Ryan Bogusz,22,2023,Oklahoma State,Big 12,1,1,0.5,2.6,9,1,,0,0,0,17.1,25,5,5,3,5,0,11,0,1,0,79,1.731,13,1.6,2.6,5.7,2.2,,player.fcgi?id=bogusz000rya,
Gabe Davis,19,2023,Oklahoma State,Big 12,1,2,0.333,7.92,22,0,,0,0,1,25,29,22,22,8,19,0,40,2,0,2,121,1.92,10.4,2.9,6.8,14.4,2.11,,player.fcgi?id=davis-001gab,
Brian Hendry,23,2023,Oklahoma State,Big 12,2,1,0.667,6.63,16,5,,0,0,0,36.2,43,30,27,6,14,0,51,2,0,1,167,1.555,10.6,1.5,3.4,12.5,3.64,,player.fcgi?id=hendry000bri,
Brant Hogue*,21,2023,Oklahoma State,Big 12,0,0,,0,3,0,,0,0,0,0.2,2,0,0,0,1,0,0,0,0,0,5,4.5,27,0,13.5,0,0,,player.fcgi?id=hogue-000bra,
Janzen Keisel,20,2023,Oklahoma State,Big 12,0,0,,7.85,9,4,,0,0,0,18.1,15,16,16,4,19,0,34,2,0,5,92,1.855,7.4,2,9.3,16.7,1.79,,player.fcgi?id=keisel000jan,
Nolan McLean,21,2023,Oklahoma State,Big 12,1,2,0.333,3.3,14,3,,0,0,6,30,30,14,11,0,17,1,34,4,0,3,141,1.567,9,0,5.1,10.2,2,,player.fcgi?id=mclean000nol,
Evan O'Toole,21,2023,Oklahoma State,Big 12,6,1,0.857,4.99,22,0,,0,0,0,39.2,47,27,22,6,15,0,28,2,0,2,178,1.563,10.7,1.4,3.4,6.4,1.87,,player.fcgi?id=otoole000eva,
Brennan Phillips*,20,2023,Oklahoma State,Big 12,2,1,0.667,9.69,10,6,,0,0,0,26,34,29,28,6,12,0,22,4,0,2,126,1.769,11.8,2.1,4.2,7.6,1.83,,player.fcgi?id=philli005bre,
Dominick Reid,19,2023,Oklahoma State,Big 12,0,0,,2.25,3,0,,0,0,0,4,3,1,1,0,4,0,2,0,0,0,17,1.75,6.8,0,9,4.5,0.5,,player.fcgi?id=reid--000dom,
Bayden Root,24,2023,Oklahoma State,Big 12,7,1,0.875,4.34,20,1,,0,0,1,37.1,32,23,18,1,16,0,40,8,0,4,162,1.286,7.7,0.2,3.9,9.6,2.5,,player.fcgi?id=root--000bay,
Kade Shatwell,20,2023,Oklahoma State,Big 12,0,0,,10.13,3,0,,0,0,0,2.2,4,3,3,1,2,0,3,0,0,0,14,2.25,13.5,3.4,6.8,10.1,1.5,,player.fcgi?id=shatwe000kad,
Isaac Stebens,21,2023,Oklahoma State,Big 12,4,1,0.8,2.24,28,0,,0,0,6,64.1,49,22,16,1,24,2,85,5,0,2,265,1.135,6.9,0.1,3.4,11.9,3.54,,player.fcgi?id=steben000isa,
Riley Taylor,23,2023,Oklahoma State,Big 12,0,0,,9,1,0,,0,0,0,2,3,2,2,1,1,0,2,0,0,1,10,2,13.5,4.5,4.5,9,2,,player.fcgi?id=taylor000ril,
Juaron Watts-Brown,21,2023,Oklahoma State,Big 12,6,5,0.545,5.03,17,15,,0,0,0,82.1,68,52,46,11,48,2,124,10,1,15,376,1.409,7.4,1.2,5.2,13.6,2.58,,player.fcgi?id=watts-000jua,
Ryan Bogusz,21,2022,Oklahoma State,Big 12,3,1,0.75,3.86,20,3,,0,0,1,37.1,32,19,16,1,16,0,34,4,0,4,162,1.286,7.7,0.2,3.9,8.2,2.13,,player.fcgi?id=bogusz000rya,
Colton Bowman*,21,2022,Oklahoma State,Big 12,0,0,,10.8,4,0,,0,0,0,1.2,1,2,2,0,3,0,1,0,0,0,9,2.4,5.4,0,16.2,5.4,0.33,,player.fcgi?id=bowman000col,
Justin Campbell,21,2022,Oklahoma State,Big 12,9,2,0.818,3.82,17,16,,2,0,0,101.1,83,45,43,15,25,1,141,4,1,4,406,1.066,7.4,1.3,2.2,12.5,5.64,,player.fcgi?id=campbe002jus,
Kale Davis,22,2022,Oklahoma State,Big 12,1,1,0.5,4.25,26,2,,0,0,0,42.1,32,23,20,4,20,1,56,6,0,6,184,1.228,6.8,0.9,4.3,11.9,2.8,,player.fcgi?id=davis-001kal,
Landry Kyle,20,2022,Oklahoma State,Big 12,1,0,1,0,4,0,,0,0,0,2.2,0,0,0,0,2,0,5,1,0,0,11,0.75,0,0,6.8,16.9,2.5,,player.fcgi?id=kyle--000lan,
Dillon Marsh*,22,2022,Oklahoma State,Big 12,1,0,1,4.62,14,4,,0,0,0,25.1,30,19,13,4,15,1,25,2,1,0,120,1.776,10.7,1.4,5.3,8.9,1.67,,player.fcgi?id=marsh-000dil,
Trevor Martin,21,2022,Oklahoma State,Big 12,4,3,0.571,4.75,30,5,,0,0,9,47.1,40,26,25,11,22,3,79,4,0,7,207,1.31,7.6,2.1,4.2,15,3.59,,player.fcgi?id=martin009tre,
Nolan McLean,20,2022,Oklahoma State,Big 12,2,1,0.667,4.97,23,0,,0,0,5,25.1,20,17,14,3,13,0,39,1,0,2,111,1.303,7.1,1.1,4.6,13.9,3,,player.fcgi?id=mclean000nol,
Victor Mederos,21,2022,Oklahoma State,Big 12,4,4,0.5,5.59,14,13,,0,0,0,66,69,44,41,13,21,2,62,7,2,8,290,1.364,9.4,1.8,2.9,8.5,2.95,,player.fcgi?id=medero000vic,
Huey Morrill,22,2022,Oklahoma State,Big 12,1,3,0.25,5.87,14,1,,0,0,1,23,25,20,15,6,9,1,26,5,0,4,108,1.478,9.8,2.3,3.5,10.2,2.89,,player.fcgi?id=morril000hue,
Bryce Osmond,21,2022,Oklahoma State,Big 12,4,2,0.667,4.75,12,12,,0,0,0,60.2,52,33,32,8,31,0,77,5,2,9,261,1.368,7.7,1.2,4.6,11.4,2.48,,player.fcgi?id=osmond000wil,
Roman Phansalkar,24,2022,Oklahoma State,Big 12,6,3,0.667,3.46,29,0,,0,0,0,54.2,45,29,21,5,22,0,45,5,1,5,234,1.226,7.4,0.8,3.6,7.4,2.05,,player.fcgi?id=phansa000rom,
Jimmy Ramsey,23,2022,Oklahoma State,Big 12,1,0,1,1.8,6,0,,0,0,0,5,1,1,1,0,5,0,5,2,0,5,21,1.2,1.8,0,9,9,1,,player.fcgi?id=ramsey000jim,
Bayden Root,23,2022,Oklahoma State,Big 12,3,1,0.75,7.96,21,0,,0,0,0,26,25,24,23,2,13,0,30,7,0,12,118,1.462,8.7,0.7,4.5,10.4,2.31,,player.fcgi?id=root--000bay,
Mitchell Stone*,24,2022,Oklahoma State,Big 12,2,0,1,6.1,15,8,,0,0,0,41.1,58,30,28,6,13,0,39,0,1,1,192,1.718,12.6,1.3,2.8,8.5,3,,player.fcgi?id=stone-000mit,
Ryan Ure*,19,2022,Oklahoma State,Big 12,0,1,0,7.36,13,0,,0,0,0,11,10,10,9,4,11,0,15,1,0,3,56,1.909,8.2,3.3,9,12.3,1.36,,player.fcgi?id=ure---000rya,
Colton Bowman*,20,2021,Oklahoma State,Big 12,0,1,0,6.75,18,0,,0,0,0,17.1,18,17,13,3,11,0,25,0,0,1,81,1.673,9.3,1.6,5.7,13,2.27,,player.fcgi?id=bowman000col,
Zach Cable,23,2021,Oklahoma State,Big 12,1,0,1,5.68,13,0,,0,0,1,12.2,8,8,8,1,18,0,18,0,0,5,62,2.053,5.7,0.7,12.8,12.8,1,,player.fcgi?id=cable-000zac,
Justin Campbell,20,2021,Oklahoma State,Big 12,7,2,0.778,2.57,14,13,,1,1,0,84,66,28,24,3,27,0,102,7,0,2,349,1.107,7.1,0.3,2.9,10.9,3.78,,player.fcgi?id=campbe002jus,
Wyatt Cheney,20,2021,Oklahoma State,Big 12,1,0,1,7.24,10,1,,0,0,0,13.2,12,11,11,4,14,0,17,3,0,4,67,1.902,7.9,2.6,9.2,11.2,1.21,,player.fcgi?id=cheney000wya,
Kale Davis,21,2021,Oklahoma State,Big 12,2,3,0.4,4.26,26,0,,0,0,1,50.2,49,28,24,4,32,3,68,2,0,4,236,1.599,8.7,0.7,5.7,12.1,2.13,,player.fcgi?id=davis-001kal,
Tucker Elliott,22,2021,Oklahoma State,Big 12,0,0,,22.5,3,0,,0,0,0,2,4,7,5,1,4,0,3,0,0,0,15,4,18,4.5,18,13.5,0.75,,player.fcgi?id=elliot000tuc,
John Kelly,21,2021,Oklahoma State,Big 12,0,1,0,9.95,7,0,,0,0,0,6.1,4,7,7,1,9,0,8,5,0,0,36,2.053,5.7,1.4,12.8,11.4,0.89,,player.fcgi?id=kelly-023joh,
Trevor Martin,20,2021,Oklahoma State,Big 12,3,0,1,4.6,22,2,,0,0,1,31.1,32,17,16,4,21,0,44,3,0,5,148,1.691,9.2,1.1,6,12.6,2.1,,player.fcgi?id=martin009tre,
Nolan McLean,19,2021,Oklahoma State,Big 12,0,1,0,18,2,0,,0,0,0,2,2,4,4,0,4,0,3,0,0,1,11,3,9,0,18,13.5,0.75,,player.fcgi?id=mclean000nol,
Huey Morrill,21,2021,Oklahoma State,Big 12,0,0,,9.82,3,1,,0,0,0,3.2,3,4,4,1,5,0,4,0,0,1,19,2.182,7.4,2.5,12.3,9.8,0.8,,player.fcgi?id=morril000hue,
Bryce Osmond,20,2021,Oklahoma State,Big 12,2,5,0.286,7.42,13,10,,0,0,1,57,63,49,47,9,33,0,67,6,0,9,268,1.684,9.9,1.4,5.2,10.6,2.03,,player.fcgi?id=osmond000wil,
Roman Phansalkar,23,2021,Oklahoma State,Big 12,0,0,,6.35,13,0,,0,0,0,17,21,19,12,3,18,0,14,1,0,0,90,2.294,11.1,1.6,9.5,7.4,0.78,,player.fcgi?id=phansa000rom,
Parker Scott*,24,2021,Oklahoma State,Big 12,8,1,0.889,2.54,12,10,,0,0,0,60.1,55,20,17,5,16,0,61,8,0,3,255,1.177,8.2,0.7,2.4,9.1,3.81,,player.fcgi?id=scott-000par,
Noah Sifrit*,22,2021,Oklahoma State,Big 12,2,0,1,3,5,0,,0,0,0,12,11,5,4,1,4,0,12,0,0,0,48,1.25,8.3,0.8,3,9,3,,player.fcgi?id=sifrit000noa,
Brett Standlee,22,2021,Oklahoma State,Big 12,4,1,0.8,3.09,24,2,,0,0,5,32,23,12,11,2,9,2,44,4,0,0,130,1,6.5,0.6,2.5,12.4,4.89,,player.fcgi?id=standl000bre,
Mitchell Stone*,23,2021,Oklahoma State,Big 12,2,1,0.667,4.62,15,6,,0,0,0,37,40,22,19,1,13,0,39,2,0,3,165,1.432,9.7,0.2,3.2,9.5,3,,player.fcgi?id=stone-000mit,
C.J. Varela,23,2021,Oklahoma State,Big 12,1,0,1,1.93,6,1,,0,0,0,9.1,8,4,2,1,6,0,6,0,0,0,44,1.5,7.7,1,5.8,5.8,1,,player.fcgi?id=varela000cj-,
Eric Walker,23,2021,Oklahoma State,Big 12,0,1,0,6,3,2,,0,0,0,3,4,6,2,0,3,0,3,1,0,2,19,2.333,12,0,9,9,1,,player.fcgi?id=walker002eri,
Justin Wrobleski*,20,2021,Oklahoma State,Big 12,3,2,0.6,4.2,9,8,,0,0,0,40.2,29,21,19,7,26,0,50,1,0,5,176,1.352,6.4,1.5,5.8,11.1,1.92,,player.fcgi?id=wroble000jus,
Ryan Bogusz,19,2020,Oklahoma State,Big 12,0,0,,6.75,5,0,,0,0,0,4,6,3,3,0,0,0,5,0,0,1,19,1.5,13.5,0,0,11.3,,,player.fcgi?id=bogusz000rya,
Colton Bowman*,19,2020,Oklahoma State,Big 12,1,0,1,6,3,0,,0,0,0,6,6,4,4,0,2,0,6,1,0,0,26,1.333,9,0,3,9,3,,player.fcgi?id=bowman000col,
Zach Cable,22,2020,Oklahoma State,Big 12,0,1,0,5.14,5,0,,0,0,0,7,6,4,4,0,4,0,11,1,0,5,34,1.429,7.7,0,5.1,14.1,2.75,,player.fcgi?id=cable-000zac,
Justin Campbell,19,2020,Oklahoma State,Big 12,1,2,0.333,4.43,4,4,,0,0,0,20.1,19,10,10,2,6,0,22,2,0,2,84,1.23,8.4,0.9,2.7,9.7,3.67,,player.fcgi?id=campbe002jus,
Wyatt Cheney,19,2020,Oklahoma State,Big 12,0,0,,4,4,2,,0,0,0,9,10,5,4,1,4,0,9,0,0,2,42,1.556,10,1,4,9,2.25,,player.fcgi?id=cheney000wya,
Kale Davis,20,2020,Oklahoma State,Big 12,2,0,1,5.28,7,1,,0,0,0,15.1,14,9,9,2,10,0,15,3,0,1,69,1.565,8.2,1.2,5.9,8.8,1.5,,player.fcgi?id=davis-001kal,
Tucker Elliott,21,2020,Oklahoma State,Big 12,0,0,,0,3,0,,0,0,0,3,3,0,0,0,1,0,1,0,0,0,11,1.333,9,0,3,3,1,,player.fcgi?id=elliot000tuc,
John Kelly,20,2020,Oklahoma State,Big 12,0,0,,5.4,5,0,,0,0,0,5,6,3,3,1,4,0,8,0,0,2,25,2,10.8,1.8,7.2,14.4,2,,player.fcgi?id=kelly-023joh,
Ben Leeper,23,2020,Oklahoma State,Big 12,1,0,1,2.45,6,0,,0,0,2,7.1,2,2,2,0,6,1,14,0,0,1,31,1.091,2.5,0,7.4,17.2,2.33,,player.fcgi?id=leeper000ben,
Bryce Osmond,19,2020,Oklahoma State,Big 12,1,1,0.5,5.06,4,4,,0,0,0,16,15,12,9,1,13,1,19,1,0,1,76,1.75,8.4,0.6,7.3,10.7,1.46,,player.fcgi?id=osmond000wil,
Nate Peterson*,20,2020,Oklahoma State,Big 12,0,0,,6.75,5,0,,0,0,0,2.2,2,2,2,0,3,0,3,1,0,0,15,1.875,6.8,0,10.1,10.1,1,,player.fcgi?id=peters003nat,
Roman Phansalkar,22,2020,Oklahoma State,Big 12,0,0,,27,2,0,,0,0,0,2.1,6,7,7,1,3,0,3,1,0,1,16,3.857,23.1,3.9,11.6,11.6,1,,player.fcgi?id=phansa000rom,
Parker Scott*,23,2020,Oklahoma State,Big 12,3,1,0.75,2.16,4,4,,0,0,0,25,18,7,6,0,5,0,31,2,0,0,100,0.92,6.5,0,1.8,11.2,6.2,,player.fcgi?id=scott-000par,
Brett Standlee,21,2020,Oklahoma State,Big 12,1,0,1,1.83,7,1,,0,0,1,19.2,19,5,4,0,4,0,17,1,0,2,83,1.169,8.7,0,1.8,7.8,4.25,,player.fcgi?id=standl000bre,
C.J. Varela,22,2020,Oklahoma State,Big 12,3,0,1,1.17,5,2,,1,1,0,15.1,8,2,2,0,5,0,15,1,0,0,58,0.848,4.7,0,2.9,8.8,3,,player.fcgi?id=varela000cj-,
Brady Basso*,21,2019,Oklahoma State,Big 12,1,0,1,1.64,14,0,,0,0,0,11,6,5,2,1,8,0,16,3,0,1,49,1.273,4.9,0.8,6.5,13.1,2,,player.fcgi?id=basso-000bra,
Peyton Battenfield,21,2019,Oklahoma State,Big 12,4,3,0.571,3.28,30,0,,0,0,5,60.1,44,24,22,5,21,0,74,3,2,4,244,1.077,6.6,0.7,3.1,11,3.52,,player.fcgi?id=batten000pey,
Brayden Belden*,21,2019,Oklahoma State,Big 12,0,0,,inf,1,0,,0,0,0,0,1,1,1,0,1,0,0,0,0,1,2,,,,,,0,,player.fcgi?id=belden000bra,
Jensen Elliott,22,2019,Oklahoma State,Big 12,10,4,0.714,3.56,17,17,,3,1,0,98.2,81,45,39,5,37,0,62,5,0,3,410,1.196,7.4,0.5,3.4,5.7,1.68,,player.fcgi?id=elliot000jen,
Logan Gragg,20,2019,Oklahoma State,Big 12,3,3,0.5,5.1,24,4,,0,0,2,42.1,49,27,24,4,19,0,36,2,1,2,196,1.606,10.4,0.9,4,7.7,1.89,,player.fcgi?id=gragg-000log,
John Kelly,19,2019,Oklahoma State,Big 12,1,0,1,1.59,6,0,,0,0,0,5.2,4,4,1,0,5,0,9,2,0,2,29,1.588,6.4,0,7.9,14.3,1.8,,player.fcgi?id=kelly-023joh,
Ben Leeper,22,2019,Oklahoma State,Big 12,4,4,0.5,4.31,29,0,,0,0,7,31.1,24,18,15,3,23,3,43,5,2,2,145,1.5,6.9,0.9,6.6,12.4,1.87,,player.fcgi?id=leeper000ben,
Joe Lienhard,22,2019,Oklahoma State,Big 12,4,1,0.8,4.39,21,8,,0,0,0,53.1,60,27,26,2,22,0,41,4,0,11,240,1.538,10.1,0.3,3.7,6.9,1.86,,player.fcgi?id=lienha000joe,
Jake Lyons,20,2019,Oklahoma State,Big 12,5,2,0.714,4.89,20,2,,0,0,1,49.2,47,27,27,5,16,0,51,6,0,1,216,1.268,8.5,0.9,2.9,9.2,3.19,,player.fcgi?id=lyons-000jak,
Nate Peterson*,19,2019,Oklahoma State,Big 12,0,0,,3.46,11,0,,0,0,1,13,18,6,5,2,7,0,16,0,1,0,62,1.923,12.5,1.4,4.8,11.1,2.29,,player.fcgi?id=peters003nat,
Parker Scott*,22,2019,Oklahoma State,Big 12,3,1,0.75,2.18,15,8,,0,0,0,45.1,42,14,11,3,14,1,51,5,0,5,195,1.235,8.3,0.6,2.8,10.1,3.64,,player.fcgi?id=scott-000par,
Noah Sifrit*,20,2019,Oklahoma State,Big 12,0,0,,3.6,5,0,,0,0,0,5,0,2,2,0,5,0,5,0,0,0,21,1,0,0,9,9,1,,player.fcgi?id=sifrit000noa,
Tanner Sparks,21,2019,Oklahoma State,Big 12,0,0,,13.5,3,0,,0,0,0,2,2,3,3,0,6,0,3,1,0,0,15,4,9,0,27,13.5,0.5,,player.fcgi?id=sparks000tan,
Brett Standlee,20,2019,Oklahoma State,Big 12,3,2,0.6,4.46,19,12,,0,0,1,72.2,88,38,36,4,23,0,55,4,1,1,328,1.528,10.9,0.5,2.8,6.8,2.39,,player.fcgi?id=standl000bre,
Mitchell Stone*,21,2019,Oklahoma State,Big 12,2,1,0.667,4.88,9,5,,0,0,1,27.2,23,19,15,1,14,0,19,3,0,7,125,1.337,7.5,0.3,4.6,6.2,1.36,,player.fcgi?id=stone-000mit,
C.J. Varela,21,2019,Oklahoma State,Big 12,0,0,,6.38,10,5,,0,0,0,24,25,19,17,3,18,0,24,2,0,1,115,1.792,9.4,1.1,6.8,9,1.33,,player.fcgi?id=varela000cj-,
Reza Aleaziz,22,2018,Oklahoma State,Big 12,3,1,0.75,4.47,25,3,,0,0,1,46.1,47,26,23,4,26,0,33,4,2,1,212,1.576,9.1,0.8,5.1,6.4,1.27,,player.fcgi?id=aleazi000rez,
Brady Basso*,20,2018,Oklahoma State,Big 12,2,5,0.286,8.27,18,5,,0,0,1,37,64,41,34,2,26,0,29,3,3,4,207,2.432,15.6,0.5,6.3,7.1,1.12,,player.fcgi?id=basso-000bra,
Peyton Battenfield,20,2018,Oklahoma State,Big 12,2,3,0.4,4.66,26,1,,0,0,2,56,68,36,29,2,24,0,62,6,1,3,266,1.643,10.9,0.3,3.9,10,2.58,,player.fcgi?id=batten000pey,
Jensen Elliott,21,2018,Oklahoma State,Big 12,0,0,,5.06,4,0,,0,0,0,10.2,8,6,6,1,3,0,7,2,1,2,44,1.031,6.8,0.8,2.5,5.9,2.33,,player.fcgi?id=elliot000jen,
Cole Hearrean?,--,2018,Oklahoma State,Big 12,0,0,,3.38,10,0,,0,0,0,5.1,4,3,2,0,5,0,5,2,1,3,27,1.688,6.8,0,8.4,8.4,1,,player.fcgi?id=hearre000col,
Jonathan Heasley,21,2018,Oklahoma State,Big 12,4,6,0.4,5.96,15,15,,1,0,0,80,93,62,53,5,38,0,79,9,2,9,366,1.638,10.5,0.6,4.3,8.9,2.08,,player.fcgi?id=heasle000jon,
Ben Leeper,21,2018,Oklahoma State,Big 12,1,2,0.333,12.69,17,2,,0,0,0,27.2,44,41,39,4,23,1,34,4,1,4,153,2.422,14.3,1.3,7.5,11.1,1.48,,player.fcgi?id=leeper000ben,
Joe Lienhard,21,2018,Oklahoma State,Big 12,5,3,0.625,5.3,18,12,,0,0,1,69.2,82,43,41,4,40,0,62,13,1,5,331,1.751,10.6,0.5,5.2,8,1.55,,player.fcgi?id=lienha000joe,
Jake Purl,21,2018,Oklahoma State,Big 12,0,1,0,8.64,7,1,,0,0,0,8.1,7,9,8,2,10,0,6,1,0,2,42,2.04,7.6,2.2,10.8,6.5,0.6,,player.fcgi?id=purl--000jak,
Jacob Ruder,21,2018,Oklahoma State,Big 12,0,0,,0,1,0,,0,0,0,1,0,0,0,0,0,0,1,0,0,0,3,0,0,0,0,9,,,player.fcgi?id=ruder-000jac,
Noah Sifrit*,19,2018,Oklahoma State,Big 12,2,0,1,4.32,15,0,,0,0,1,25,18,16,12,0,25,0,18,0,2,6,116,1.72,6.5,0,9,6.5,0.72,,player.fcgi?id=sifrit000noa,
Mitchell Stone*,20,2018,Oklahoma State,Big 12,0,0,,6.23,2,2,,0,0,0,4.1,9,3,3,1,3,0,6,0,1,2,24,2.769,18.7,2.1,6.2,12.5,2,,player.fcgi?id=stone-000mit,
Carson Teel*,22,2018,Oklahoma State,Big 12,8,4,0.667,4.34,21,11,,2,0,3,87,83,43,42,10,38,1,91,7,0,2,380,1.391,8.6,1,3.9,9.4,2.39,,player.fcgi?id=teel--000car,
Ryan Van Leeuwen*,21,2018,Oklahoma State,Big 12,0,1,0,4.91,7,0,,0,0,0,7.1,6,4,4,1,5,0,2,2,0,0,32,1.5,7.4,1.2,6.1,2.5,0.4,,player.fcgi?id=vanlee000rya,
C.J. Varela,20,2018,Oklahoma State,Big 12,4,0,1,3.4,19,6,,0,0,3,42.1,34,18,16,3,28,1,29,2,0,4,185,1.465,7.2,0.6,6,6.2,1.04,,player.fcgi?id=varela000cj-,
Brady Basso*,19,2017,Oklahoma State,Big 12,1,0,1,3.06,12,2,,0,0,0,17.2,15,6,6,3,6,0,28,1,0,0,73,1.189,7.6,1.5,3.1,14.3,4.67,,player.fcgi?id=basso-000bra,
Blake Battenfield,22,2017,Oklahoma State,Big 12,4,4,0.5,4.91,23,11,,0,0,3,69.2,74,41,38,7,32,1,58,3,0,2,317,1.522,9.6,0.9,4.1,7.5,1.81,,player.fcgi?id=batten000bla,
Peyton Battenfield,19,2017,Oklahoma State,Big 12,0,0,,9,4,0,,0,0,0,6,9,6,6,0,3,0,4,1,0,0,33,2,13.5,0,4.5,6,1.33,,player.fcgi?id=batten000pey,
Tyler Buffett,22,2017,Oklahoma State,Big 12,7,5,0.583,5.23,17,15,,1,0,0,93,120,67,54,6,22,0,82,9,0,9,426,1.527,11.6,0.6,2.1,7.9,3.73,,player.fcgi?id=buffet000tyl,
Trey Cobb,23,2017,Oklahoma State,Big 12,1,1,0.5,3.38,19,0,,0,0,3,26.2,21,12,10,2,9,0,36,2,0,3,112,1.125,7.1,0.7,3,12.2,4,,player.fcgi?id=cobb--002tre,
Jake Cowan,21,2017,Oklahoma State,Big 12,2,0,1,2.43,21,0,,0,0,2,29.2,23,10,8,1,15,0,31,1,0,1,126,1.281,7,0.3,4.6,9.4,2.07,,player.fcgi?id=cowan-002jak,
Jensen Elliott,20,2017,Oklahoma State,Big 12,3,0,1,3.63,4,4,,0,0,0,22.1,24,13,9,0,7,0,26,0,0,1,96,1.388,9.7,0,2.8,10.5,3.71,,player.fcgi?id=elliot000jen,
Cole Hearrean?,--,2017,Oklahoma State,Big 12,0,4,0,4.38,26,1,,0,0,0,24.2,26,15,12,0,11,0,26,1,2,6,112,1.5,9.5,0,4,9.5,2.36,,player.fcgi?id=hearre000col,
Jonathan Heasley,20,2017,Oklahoma State,Big 12,2,4,0.333,3.55,22,5,,0,0,3,38,31,22,15,2,19,0,31,5,0,2,165,1.316,7.3,0.5,4.5,7.3,1.63,,player.fcgi?id=heasle000jon,
Joe Lienhard,20,2017,Oklahoma State,Big 12,3,3,0.5,4.66,22,10,,0,0,0,65.2,69,37,34,5,32,1,60,5,0,6,296,1.538,9.5,0.7,4.4,8.2,1.88,,player.fcgi?id=lienha000joe,
Luke Matheny,20,2017,Oklahoma State,Big 12,0,0,,6,3,0,,0,0,0,3,4,3,2,1,1,0,3,0,0,0,16,1.667,12,3,3,9,3,,player.fcgi?id=mathen000luk,
Reid Morgan,20,2017,Oklahoma State,Big 12,0,0,,14.4,6,0,,0,0,0,5,8,8,8,2,4,0,4,0,1,0,26,2.4,14.4,3.6,7.2,7.2,1,,player.fcgi?id=morgan000rei,
Trey Riley,19,2017,Oklahoma State,Big 12,0,0,,45,3,0,,0,0,0,1,4,5,5,0,3,0,2,0,0,0,10,7,36,0,27,18,0.67,,player.fcgi?id=riley-000tre,
Parker Scott*,20,2017,Oklahoma State,Big 12,0,0,,6.75,6,2,,0,0,0,8,11,6,6,0,2,0,9,1,0,0,37,1.625,12.4,0,2.3,10.1,4.5,,player.fcgi?id=scott-000par,
Max Simpson?,--,2017,Oklahoma State,Big 12,0,0,,8.44,6,0,,0,0,0,5.1,8,5,5,1,5,0,6,1,0,1,29,2.438,13.5,1.7,8.4,10.1,1.2,,player.fcgi?id=simpso000max,
Carson Teel*,21,2017,Oklahoma State,Big 12,5,4,0.556,3.06,28,3,,0,0,3,64.2,53,26,22,8,20,2,77,2,0,3,269,1.129,7.4,1.1,2.8,10.7,3.85,,player.fcgi?id=teel--000car,
C.J. Varela,19,2017,Oklahoma State,Big 12,2,1,0.667,5.11,13,4,,0,0,1,24.2,23,14,14,4,11,0,23,2,0,0,108,1.378,8.4,1.5,4,8.4,2.09,,player.fcgi?id=varela000cj-,
Matt Wilson*,22,2017,Oklahoma State,Big 12,0,1,0,7.71,5,0,,0,0,0,2.1,4,2,2,0,1,0,3,1,0,0,12,2.143,15.4,0,3.9,11.6,3,,player.fcgi?id=wilson004mat,
Blake Battenfield,21,2016,Oklahoma State,Big 12,1,1,0.5,3.68,24,0,,0,0,2,29.1,32,18,12,1,16,0,16,3,0,0,136,1.636,9.8,0.3,4.9,4.9,1,,player.fcgi?id=batten000bla,
Tyler Buffett,21,2016,Oklahoma State,Big 12,9,3,0.75,2.81,37,5,,0,0,9,83.1,70,32,26,0,32,3,76,7,0,5,353,1.224,7.6,0,3.5,8.2,2.38,,player.fcgi?id=buffet000tyl,
Trey Cobb,22,2016,Oklahoma State,Big 12,4,7,0.364,3.09,24,12,,0,0,6,81.2,81,34,28,6,32,0,100,6,1,4,358,1.384,8.9,0.7,3.5,11,3.13,,player.fcgi?id=cobb--002tre,
Conor Costello,23,2016,Oklahoma State,Big 12,1,0,1,5.68,3,0,,0,0,0,6.1,9,5,4,0,1,0,6,0,1,0,28,1.579,12.8,0,1.4,8.5,6,,player.fcgi?id=costel000con,
Jake Cowan,20,2016,Oklahoma State,Big 12,0,0,,3.72,7,0,,0,0,0,9.2,6,4,4,0,8,0,12,0,1,0,43,1.448,5.6,0,7.4,11.2,1.5,,player.fcgi?id=cowan-002jak,
Jensen Elliott,19,2016,Oklahoma State,Big 12,9,3,0.75,3.5,17,17,,1,0,0,87.1,83,37,34,4,35,1,71,8,0,10,385,1.351,8.6,0.4,3.6,7.3,2.03,,player.fcgi?id=elliot000jen,
Alex Hackerott*,22,2016,Oklahoma State,Big 12,1,0,1,4.05,12,0,,0,0,0,6.2,7,3,3,2,3,1,7,0,0,0,29,1.5,9.5,2.7,4.1,9.5,2.33,,player.fcgi?id=hacker000ale,
Thomas Hatch,21,2016,Oklahoma State,Big 12,9,3,0.75,2.14,19,19,,4,4,0,130.1,108,34,31,2,33,0,112,8,1,6,518,1.082,7.5,0.1,2.3,7.7,3.39,,player.fcgi?id=hatch-000tom,
Ben Leeper,19,2016,Oklahoma State,Big 12,0,0,,3.18,2,2,,0,0,0,5.2,3,2,2,0,4,0,8,1,0,2,25,1.235,4.8,0,6.4,12.7,2,,player.fcgi?id=leeper000ben,
Joe Lienhard,19,2016,Oklahoma State,Big 12,1,0,1,3.38,15,2,,0,0,0,18.2,14,10,7,0,12,0,18,0,0,0,80,1.393,6.8,0,5.8,8.7,1.5,,player.fcgi?id=lienha000joe,
Michael Mertz,22,2016,Oklahoma State,Big 12,1,3,0.25,4.33,23,7,,0,0,3,52,42,27,25,2,39,0,58,6,1,8,234,1.558,7.3,0.3,6.8,10,1.49,,player.fcgi?id=mertz-000mic,
Remey Reed,21,2016,Oklahoma State,Big 12,4,1,0.8,3.66,24,0,,0,0,1,39.1,29,17,16,1,18,0,51,4,0,5,165,1.195,6.6,0.2,4.1,11.7,2.83,,player.fcgi?id=reed--000rem,
Max Simpson?,--,2016,Oklahoma State,Big 12,0,0,,9,3,0,,0,0,0,2,3,2,2,0,1,0,2,1,0,0,11,2,13.5,0,4.5,9,2,,player.fcgi?id=simpso000max,
Carson Teel*,20,2016,Oklahoma State,Big 12,1,0,1,2.7,17,0,,0,0,0,16.2,15,11,5,2,10,0,17,1,0,4,76,1.5,8.1,1.1,5.4,9.2,1.7,,player.fcgi?id=teel--000car,
Garrett Williams*,21,2016,Oklahoma State,Big 12,2,0,1,6.08,14,1,,0,0,0,13.1,12,11,9,1,11,0,20,5,0,1,65,1.725,8.1,0.7,7.4,13.5,1.82,,player.fcgi?id=willia007gar,
Matt Wilson*,21,2016,Oklahoma State,Big 12,0,0,,0,1,0,,0,0,0,1,1,0,0,0,0,0,0,0,0,0,3,1,9,0,0,0,,,player.fcgi?id=wilson004mat,
Kyle Bagnell*,23,2015,Oklahoma State,Big 12,0,0,,9,9,0,,,0,0,8,14,8,8,0,4,0,11,0,0,1,43,2.25,15.8,0,4.5,12.4,2.75,,player.fcgi?id=bagnel000kyl,
Blake Battenfield,20,2015,Oklahoma State,Big 12,0,1,0,3.6,6,2,,,0,0,15,12,6,6,1,9,1,12,0,0,0,66,1.4,7.2,0.6,5.4,7.2,1.33,,player.fcgi?id=batten000bla,
Tyler Buffett,20,2015,Oklahoma State,Big 12,3,3,0.5,3.65,19,3,,,0,0,44.1,56,20,18,1,7,0,32,3,0,2,189,1.421,11.4,0.2,1.4,6.5,4.57,,player.fcgi?id=buffet000tyl,
Trey Cobb,21,2015,Oklahoma State,Big 12,5,2,0.714,2.61,31,0,,,0,2,58.2,48,18,17,1,19,2,53,6,1,8,246,1.142,7.4,0.2,2.9,8.1,2.79,,player.fcgi?id=cobb--002tre,
Conor Costello,22,2015,Oklahoma State,Big 12,2,0,1,1.67,7,6,,,0,1,32.1,27,6,6,3,6,0,18,2,0,0,129,1.021,7.5,0.8,1.7,5,3,,player.fcgi?id=costel000con,
Michael Freeman*,23,2015,Oklahoma State,Big 12,10,3,0.769,1.31,15,15,,,0,0,109.2,72,26,16,1,29,0,97,1,0,4,427,0.921,5.9,0.1,2.4,8,3.34,,player.fcgi?id=freema002mic,
Koda Glover,22,2015,Oklahoma State,Big 12,2,2,0.5,1.9,23,0,,,0,5,23.2,20,5,5,2,7,1,28,1,0,1,97,1.141,7.6,0.8,2.7,10.6,4,,player.fcgi?id=glover000kod,
Alex Hackerott*,21,2015,Oklahoma State,Big 12,1,0,1,3.38,12,0,,,0,0,5.1,9,3,2,0,5,0,8,0,0,2,31,2.625,15.2,0,8.4,13.5,1.6,,player.fcgi?id=hacker000ale,
Corey Hassel,21,2015,Oklahoma State,Big 12,1,0,1,1.69,3,0,,,0,0,5.1,2,1,1,0,0,0,7,0,0,1,19,0.375,3.4,0,0,11.8,,,player.fcgi?id=hassel000cor,
Carson LaRue,19,2015,Oklahoma State,Big 12,2,0,1,5.04,17,3,,,0,0,25,30,16,14,3,11,1,19,2,0,3,117,1.64,10.8,1.1,4,6.8,1.73,,player.fcgi?id=larue-000car,
Michael Mertz,21,2015,Oklahoma State,Big 12,0,0,,2.45,3,0,,,0,0,3.2,2,1,1,0,2,0,4,0,0,1,16,1.091,4.9,0,4.9,9.8,2,,player.fcgi?id=mertz-000mic,
Tyler Nurdin*,23,2015,Oklahoma State,Big 12,2,3,0.4,3.11,18,6,,,0,0,46.1,39,20,16,1,22,0,36,4,0,4,202,1.317,7.6,0.2,4.3,7,1.64,,player.fcgi?id=nurdin000tyl,
Jon Perrin,22,2015,Oklahoma State,Big 12,6,4,0.6,4.06,16,16,,,0,0,84.1,79,45,38,7,31,2,72,6,0,6,366,1.304,8.4,0.7,3.3,7.7,2.32,,player.fcgi?id=perrin000jon,
Remey Reed,20,2015,Oklahoma State,Big 12,3,2,0.6,1.57,23,5,,,0,0,46,40,14,8,3,13,0,30,2,0,1,189,1.152,7.8,0.6,2.5,5.9,2.31,,player.fcgi?id=reed--000rem,
Garrett Williams*,20,2015,Oklahoma State,Big 12,1,0,1,4.91,18,2,,,0,0,18.1,8,10,10,1,19,0,25,0,1,2,81,1.473,3.9,0.5,9.3,12.3,1.32,,player.fcgi?id=willia007gar,
Kyle Bagnell*,22,2014,Oklahoma State,Big 12,0,0,,10.13,4,0,,,0,0,2.2,3,3,3,0,1,0,3,2,0,0,14,1.5,10.1,0,3.4,10.1,3,,player.fcgi?id=bagnel000kyl,
Blake Battenfield,19,2014,Oklahoma State,Big 12,4,0,1,1.69,27,0,,,0,0,53.1,42,11,10,0,20,1,38,1,0,5,217,1.163,7.1,0,3.4,6.4,1.9,,player.fcgi?id=batten000bla,
Tyler Buffett,19,2014,Oklahoma State,Big 12,2,1,0.667,2.95,14,10,,,0,0,55,52,21,18,1,24,1,36,5,2,2,240,1.382,8.5,0.2,3.9,5.9,1.5,,player.fcgi?id=buffet000tyl,
Trey Cobb,20,2014,Oklahoma State,Big 12,0,0,,3.12,18,1,,,0,0,34.2,37,19,12,1,18,0,28,3,1,0,164,1.587,9.6,0.3,4.7,7.3,1.56,,player.fcgi?id=cobb--002tre,
Conor Costello,21,2014,Oklahoma State,Big 12,0,1,0,6.43,2,2,,,0,0,7,10,6,5,0,5,0,4,2,0,0,36,2.143,12.9,0,6.4,5.1,0.8,,player.fcgi?id=costel000con,
Michael Freeman*,22,2014,Oklahoma State,Big 12,2,1,0.667,6.28,10,1,,,0,0,14.1,16,12,10,0,9,0,17,1,0,2,71,1.744,10,0,5.7,10.7,1.89,,player.fcgi?id=freema002mic,
Alex Hackerott*,20,2014,Oklahoma State,Big 12,4,1,0.8,3,28,0,,,0,0,27,19,14,9,2,9,0,26,2,0,0,112,1.037,6.3,0.7,3,8.7,2.89,,player.fcgi?id=hacker000ale,
Corey Hassel,20,2014,Oklahoma State,Big 12,0,0,,9,1,0,,,0,0,1,1,1,1,0,1,0,1,0,0,0,5,2,9,0,9,9,1,,player.fcgi?id=hassel000cor,
Thomas Hatch,19,2014,Oklahoma State,Big 12,2,2,0.5,5.28,13,9,,,0,0,46,50,33,27,1,19,0,36,2,0,5,209,1.5,9.8,0.2,3.7,7,1.89,,player.fcgi?id=hatch-000tom,
Brendan McCurry,22,2014,Oklahoma State,Big 12,5,0,1,0.38,35,0,,,0,19,47.1,29,2,2,0,8,0,54,3,0,1,177,0.782,5.5,0,1.5,10.3,6.75,,player.fcgi?id=mccurr000bre,
Tyler Nurdin*,22,2014,Oklahoma State,Big 12,4,3,0.571,6.54,17,14,,,0,0,52.1,70,41,38,4,39,1,31,1,1,3,264,2.083,12,0.7,6.7,5.3,0.79,,player.fcgi?id=nurdin000tyl,
Jon Perrin,21,2014,Oklahoma State,Big 12,8,5,0.615,2.38,21,13,,,2,0,102,94,34,27,1,29,1,81,9,1,6,430,1.206,8.3,0.1,2.6,7.1,2.79,,player.fcgi?id=perrin000jon,
Mark Robinette?,--,2014,Oklahoma State,Big 12,3,2,0.6,3.58,12,6,,,0,0,27.2,32,22,11,3,13,0,25,4,0,3,138,1.627,10.4,1,4.2,8.1,1.92,,player.fcgi?id=robine000mar,
Vince Wheeland,22,2014,Oklahoma State,Big 12,10,1,0.909,1.52,31,3,,,0,0,83,65,16,14,1,16,0,45,10,3,5,325,0.976,7,0.1,1.7,4.9,2.81,,player.fcgi?id=wheela000vin,
Garrett Williams*,19,2014,Oklahoma State,Big 12,4,1,0.8,5.4,18,7,,,0,2,41.2,39,34,25,2,31,0,50,8,1,4,200,1.68,8.4,0.4,6.7,10.8,1.61,,player.fcgi?id=willia007gar,
Matt Wilson*,19,2014,Oklahoma State,Big 12,0,0,,27,2,0,,,0,0,2,7,6,6,0,0,0,4,1,0,1,15,3.5,31.5,0,0,18,,,player.fcgi?id=wilson004mat,
Kyle Bagnell*,21,2013,Oklahoma State,Big 12,0,0,,9.82,4,0,,,0,0,3.2,6,4,4,1,4,0,1,2,0,1,21,2.727,14.7,2.5,9.8,2.5,0.25,,player.fcgi?id=bagnel000kyl,
Reid Barnett,21,2013,Oklahoma State,Big 12,0,0,,2.16,7,0,,,0,0,8.1,6,2,2,0,3,0,6,1,1,0,36,1.08,6.5,0,3.2,6.5,2,,player.fcgi?id=barnet000rei,
Kenton Bevacqua?,--,2013,Oklahoma State,Big 12,2,3,0.4,6.45,13,9,,,0,0,37.2,53,29,27,1,4,0,32,6,1,2,177,1.513,12.7,0.2,1,7.6,8,,player.fcgi?id=bevacq000ken,
Nick Dolsky,22,2013,Oklahoma State,Big 12,0,0,,inf,1,0,,,0,0,0,1,3,3,0,2,0,0,0,0,1,3,,,,,,0,,player.fcgi?id=dolsky000nic,
Kyle Gehrs*,22,2013,Oklahoma State,Big 12,0,0,,1.26,16,0,,,0,0,14.1,15,3,2,0,6,0,14,2,0,1,62,1.465,9.4,0,3.8,8.8,2.33,,player.fcgi?id=gehrs-000kyl,
Alex Hackerott*,19,2013,Oklahoma State,Big 12,1,0,1,1.64,16,0,,,0,0,22,13,4,4,1,6,1,24,0,0,0,84,0.864,5.3,0.4,2.5,9.8,4,,player.fcgi?id=hacker000ale,
Jason Hursh,21,2013,Oklahoma State,Big 12,6,5,0.545,2.79,16,16,,,1,0,106.1,105,45,33,4,28,0,86,3,0,5,444,1.251,8.9,0.3,2.4,7.3,3.07,,player.fcgi?id=hursh-001jas,
Brendan McCurry,21,2013,Oklahoma State,Big 12,6,3,0.667,2.72,29,0,,,0,8,46.1,40,18,14,0,11,5,35,4,0,2,196,1.101,7.8,0,2.1,6.8,3.18,,player.fcgi?id=mccurr000bre,
Randy McCurry,23,2013,Oklahoma State,Big 12,2,1,0.667,3.63,10,1,,,0,1,17.1,14,7,7,0,7,0,14,1,0,2,70,1.212,7.3,0,3.6,7.3,2,,player.fcgi?id=mccurr000ran,
Tyler Nurdin*,21,2013,Oklahoma State,Big 12,5,3,0.625,1.89,14,14,,,2,0,85.2,74,22,18,3,24,0,69,2,0,3,352,1.144,7.8,0.3,2.5,7.2,2.88,,player.fcgi?id=nurdin000tyl,
Jon Perrin,20,2013,Oklahoma State,Big 12,4,0,1,3.23,23,5,,,0,0,47.1,51,20,17,1,11,0,41,6,0,1,203,1.31,9.7,0.2,2.1,7.8,3.73,,player.fcgi?id=perrin000jon,
Mark Robinette?,--,2013,Oklahoma State,Big 12,6,1,0.857,3.58,17,13,,,1,0,70.1,60,33,28,3,22,1,54,3,1,4,297,1.166,7.7,0.4,2.8,6.9,2.45,,player.fcgi?id=robine000mar,
Vince Wheeland,21,2013,Oklahoma State,Big 12,8,2,0.8,1.97,30,1,,,0,2,73,58,20,16,0,13,3,64,5,0,0,293,0.973,7.2,0,1.6,7.9,4.92,,player.fcgi?id=wheela000vin,
Phillip Wilson,22,2013,Oklahoma State,Big 12,1,1,0.5,9.95,5,1,,,0,0,6.1,12,10,7,0,7,1,7,1,0,0,39,3,17.1,0,9.9,9.9,1,,player.fcgi?id=wilson007phi,
Ronald Barnes,20,2011,Oklahoma State,Big 12,,,,3.33,,0,,,0,,46,41,19,17,,9,,30,,,,,1.087,8,,1.8,5.9,3.33,,player.fcgi?id=barnes002ron,
Chris Byford?,--,2011,Oklahoma State,Big 12,,,,1.8,,0,,,0,,5,1,1,1,,2,,5,,,,,0.6,1.8,,3.6,9,2.5,,player.fcgi?id=byford000chr,
Kevin Chambers*,21,2011,Oklahoma State,Big 12,,,,9,,0,,,0,,1,3,5,1,,1,,0,,,,,4,27,,9,0,0,,player.fcgi?id=chambe001kev,
Mark Ginther,21,2011,Oklahoma State,Big 12,,,,,,0,,,0,,0,0,0,0,,1,,0,,,,,,,,,,0,,player.fcgi?id=ginthe001mar,
Andrew Heaney*,20,2011,Oklahoma State,Big 12,,,,4.03,,9,,,0,,67,77,39,30,,23,,51,,,,,1.493,10.3,,3.1,6.9,2.22,,player.fcgi?id=heaney001and,
Andrew Heck,22,2011,Oklahoma State,Big 12,,,,4.74,,8,,,0,,38,39,20,20,,9,,25,,,,,1.263,9.2,,2.1,5.9,2.78,,player.fcgi?id=heck--000and,
Hunter Herrera?,--,2011,Oklahoma State,Big 12,,,,3.97,,6,,,0,,45.1,59,23,20,,11,,19,,,,,1.544,11.7,,2.2,3.8,1.73,,player.fcgi?id=herrer000hun,
Jason Hursh,19,2011,Oklahoma State,Big 12,,,,2.59,,4,,,0,,31.1,35,10,9,,12,,10,,,,,1.5,10.1,,3.4,2.9,0.83,,player.fcgi?id=hursh-001jas,
Matt Klein?,--,2011,Oklahoma State,Big 12,,,,0,,0,,,0,,1,0,0,0,,1,,0,,,,,1,0,,9,0,0,,player.fcgi?id=klein-002mat,
Chris Marlowe,21,2011,Oklahoma State,Big 12,,,,5.05,,0,,,0,,41,25,23,23,,34,,71,,,,,1.439,5.5,,7.5,15.6,2.09,,player.fcgi?id=marlow001chr,
Ian McCarthy?,--,2011,Oklahoma State,Big 12,,,,21,,0,,,0,,3,9,8,7,,3,,2,,,,,4,27,,9,6,0.67,,player.fcgi?id=mccart000ian,
Randy McCurry,21,2011,Oklahoma State,Big 12,,,,2.86,,4,,,0,,44,40,18,14,,16,,36,,,,,1.273,8.2,,3.3,7.4,2.25,,player.fcgi?id=mccurr000ran,
Josh Neilson?,--,2011,Oklahoma State,Big 12,,,,5.06,,0,,,0,,16,15,10,9,,3,,14,,,,,1.125,8.4,,1.7,7.9,4.67,,player.fcgi?id=neilso000jos,
Brad Propst,22,2011,Oklahoma State,Big 12,,,,3.63,,16,,,0,,104,95,46,42,,20,,69,,,,,1.106,8.2,,1.7,6,3.45,,player.fcgi?id=propst003jam,
Nate Sorenson*,19,2011,Oklahoma State,Big 12,,,,0,,0,,,0,,1,1,0,0,,1,,1,,,,,2,9,,9,9,1,,player.fcgi?id=sorens001nat,
Michael Strong*,22,2011,Oklahoma State,Big 12,,,,3.58,,13,,,0,,73,64,33,29,,25,,70,,,,,1.219,7.9,,3.1,8.6,2.8,,player.fcgi?id=strong001mic,
Gabe Weidenaar?,--,2011,Oklahoma State,Big 12,,,,0.39,,0,,,0,,23.1,14,2,1,,6,,18,,,,,0.857,5.4,,2.3,6.9,3,,player.fcgi?id=weiden000gab,
Vince Wheeland,19,2011,Oklahoma State,Big 12,,,,3.24,,0,,,0,,8.1,9,3,3,,0,,5,,,,,1.08,9.7,,0,5.4,,,player.fcgi?id=wheela000vin,
Jake Abbott?,--,2012,Oklahoma State,Big 12,0,1,0,4.76,14,1,,,0,1,22.2,21,13,12,1,7,1,26,3,1,1,98,1.235,8.3,0.4,2.8,10.3,3.71,,player.fcgi?id=abbott000jak,
Kyle Bagnell*,20,2012,Oklahoma State,Big 12,0,0,,3.18,11,0,,,0,0,5.2,5,2,2,1,4,0,3,0,0,0,24,1.588,7.9,1.6,6.4,4.8,0.75,,player.fcgi?id=bagnel000kyl,
Ronald Barnes,21,2012,Oklahoma State,Big 12,5,5,0.5,3.1,26,4,,,0,3,72.2,70,33,25,4,19,0,67,6,2,4,314,1.225,8.7,0.5,2.4,8.3,3.53,,player.fcgi?id=barnes002ron,
Kenton Bevacqua?,--,2012,Oklahoma State,Big 12,1,1,0.5,1.2,12,0,,,0,0,15,15,5,2,2,3,0,9,3,0,0,66,1.2,9,1.2,1.8,5.4,3,,player.fcgi?id=bevacq000ken,
Andrew Heaney*,21,2012,Oklahoma State,Big 12,8,2,0.8,1.6,15,15,,,3,0,118.1,74,23,21,4,22,0,140,9,1,3,450,0.811,5.6,0.3,1.7,10.6,6.36,,player.fcgi?id=heaney001and,
Randy McCurry,22,2012,Oklahoma State,Big 12,4,3,0.571,3.48,15,12,,,0,0,67.1,56,30,26,1,35,0,66,15,1,1,293,1.351,7.5,0.1,4.7,8.8,1.89,,player.fcgi?id=mccurr000ran,
Kyle Ottoson*,21,2012,Oklahoma State,Big 12,4,7,0.364,3.86,12,11,,,0,0,63,61,36,27,3,29,0,41,10,0,5,286,1.429,8.7,0.4,4.1,5.9,1.41,,player.fcgi?id=ottoso001kyl,
Jon Perrin,19,2012,Oklahoma State,Big 12,0,0,,4.05,5,1,,,0,0,6.2,6,3,3,0,5,0,6,1,0,1,29,1.65,8.1,0,6.8,8.1,1.2,,player.fcgi?id=perrin000jon,
Robbie Rea,21,2012,Oklahoma State,Big 12,0,0,,0,2,0,,,0,0,3,3,1,0,0,1,0,2,0,0,0,14,1.333,9,0,3,6,2,,player.fcgi?id=rea---000rob,
Chase Stevens,21,2012,Oklahoma State,Big 12,7,4,0.636,3.22,22,4,,,0,1,67,47,27,24,0,24,0,84,6,0,4,269,1.06,6.3,0,3.2,11.3,3.5,,player.fcgi?id=steven000she,
Gabe Weidenaar?,--,2012,Oklahoma State,Big 12,1,1,0.5,4.5,4,0,,,0,1,4,4,3,2,0,2,0,5,0,0,1,17,1.5,9,0,4.5,11.3,2.5,,player.fcgi?id=weiden000gab,
Vince Wheeland,20,2012,Oklahoma State,Big 12,2,1,0.667,4.04,18,9,,,0,1,64.2,65,30,29,5,14,2,47,7,0,1,274,1.222,9,0.7,1.9,6.5,3.36,,player.fcgi?id=wheela000vin,
Phillip Wilson,21,2012,Oklahoma State,Big 12,0,0,,13.5,2,0,,,0,0,1.1,2,2,2,0,1,0,1,0,0,0,7,2.25,13.5,0,6.8,6.8,1,,player.fcgi?id=wilson007phi,
James Allen,21,2011,Kansas State,Big 12,,,,1.35,,0,,,0,,40,25,6,6,,11,,45,,,,,0.9,5.6,,2.5,10.1,4.09,,player.fcgi?id=allen-016jam,
Matt Applegate?,--,2011,Kansas State,Big 12,,,,4.6,,16,,,0,,90,94,51,46,,27,,77,,,,,1.344,9.4,,2.7,7.7,2.85,,player.fcgi?id=appleg000mat,
Kayvon Bahramzadeh,21,2011,Kansas State,Big 12,,,,5.08,,5,,,0,,44.1,44,26,25,,14,,31,,,,,1.308,8.9,,2.8,6.3,2.21,,player.fcgi?id=bahram001kay,
Shane Conlon*,19,2011,Kansas State,Big 12,,,,4.23,,6,,,0,,38.1,37,20,18,,13,,25,,,,,1.304,8.7,,3.1,5.9,1.92,,player.fcgi?id=conlon000sha,
Jake Doller?,--,2011,Kansas State,Big 12,,,,5.59,,0,,,0,,19.1,22,14,12,,6,,10,,,,,1.448,10.2,,2.8,4.7,1.67,,player.fcgi?id=doller000jak,
Gerardo Esquivel,20,2011,Kansas State,Big 12,,,,2.39,,0,,,0,,26.1,20,8,7,,15,,17,,,,,1.329,6.8,,5.1,5.8,1.13,,player.fcgi?id=esquiv001ger,
John Fasola,19,2011,Kansas State,Big 12,,,,2.45,,0,,,0,,7.1,9,2,2,,5,,3,,,,,1.909,11,,6.1,3.7,0.6,,player.fcgi?id=fasola002joh,
Blake Freeman*,19,2011,Kansas State,Big 12,,,,5.74,,6,,,0,,31.1,45,23,20,,11,,25,,,,,1.787,12.9,,3.2,7.2,2.27,,player.fcgi?id=freema001bla,
Ben Heairet?,--,2011,Kansas State,Big 12,,,,27,,0,,,0,,2,6,6,6,,4,,1,,,,,5,27,,18,4.5,0.25,,player.fcgi?id=heaire000ben,
Kyle Hunter*,22,2011,Kansas State,Big 12,,,,4.48,,16,,,0,,92.1,97,52,46,,25,,80,,,,,1.321,9.5,,2.4,7.8,3.2,,player.fcgi?id=hunter001kyl,
Shawn Lewick*,21,2011,Kansas State,Big 12,,,,5.4,,0,,,0,,15,17,9,9,,8,,15,,,,,1.667,10.2,,4.8,9,1.88,,player.fcgi?id=lewick000sha,
Justin Lindsey?,--,2011,Kansas State,Big 12,,,,4.2,,9,,,0,,49.1,50,27,23,,20,,30,,,,,1.419,9.1,,3.6,5.5,1.5,,player.fcgi?id=lindse000jus,
Evan Marshall,21,2011,Kansas State,Big 12,,,,1.62,,0,,,0,,61,47,20,11,,16,,55,,,,,1.033,6.9,,2.4,8.1,3.44,,player.fcgi?id=marsha000eva,
Jared Moore?,--,2011,Kansas State,Big 12,,,,3.32,,0,,,0,,19,17,7,7,,10,,15,,,,,1.421,8.1,,4.7,7.1,1.5,,player.fcgi?id=moore-000jar,
Levi Schlick*,20,2011,Kansas State,Big 12,,,,8.38,,3,,,0,,19.1,26,19,18,,8,,8,,,,,1.759,12.1,,3.7,3.7,1,,player.fcgi?id=schlic001lev,
Tyler Sturges?,--,2011,Kansas State,Big 12,,,,3.21,,0,,,0,,14,12,6,5,,11,,12,,,,,1.643,7.7,,7.1,7.7,1.09,,player.fcgi?id=sturge000tyl,
Matt Applegate?,--,2012,Kansas State,Big 12,2,6,0.25,5.96,16,11,,,0,0,71,84,56,47,7,33,0,60,8,1,3,327,1.648,10.6,0.9,4.2,7.6,1.82,,player.fcgi?id=appleg000mat,
Kayvon Bahramzadeh,22,2012,Kansas State,Big 12,7,4,0.636,4.74,15,14,,,0,0,79.2,75,43,42,7,23,0,79,3,1,5,335,1.23,8.5,0.8,2.6,8.9,3.43,,player.fcgi?id=bahram001kay,
Shane Conlon*,20,2012,Kansas State,Big 12,1,1,0.5,6.35,6,2,,,0,0,11.1,13,14,8,2,10,1,8,2,0,2,58,2.029,10.3,1.6,7.9,6.4,0.8,,player.fcgi?id=conlon000sha,
Jake Doller?,--,2012,Kansas State,Big 12,1,1,0.5,8.25,18,0,,,0,1,24,28,22,22,2,18,3,24,2,0,4,118,1.917,10.5,0.8,6.8,9,1.33,,player.fcgi?id=doller000jak,
Gerardo Esquivel,21,2012,Kansas State,Big 12,3,1,0.75,6.14,22,1,,,0,2,48.1,62,38,33,5,16,2,34,8,1,1,226,1.614,11.5,0.9,3,6.3,2.13,,player.fcgi?id=esquiv001ger,
John Fasola,20,2012,Kansas State,Big 12,1,2,0.333,8.53,17,0,,,0,0,19,25,21,18,2,13,1,14,2,1,4,97,2,11.8,0.9,6.2,6.6,1.08,,player.fcgi?id=fasola002joh,
Joe Flattery*,21,2012,Kansas State,Big 12,6,4,0.6,4.37,16,15,,,0,0,80.1,83,44,39,2,23,0,59,4,2,1,332,1.32,9.3,0.2,2.6,6.6,2.57,,player.fcgi?id=flatte000joe,
Jared Moore?,--,2012,Kansas State,Big 12,2,4,0.333,5.03,22,7,,,0,0,48.1,55,35,27,5,20,1,44,1,0,4,216,1.552,10.2,0.9,3.7,8.2,2.2,,player.fcgi?id=moore-000jar,
Caleb Wallingford*,19,2012,Kansas State,Big 12,0,0,,7.5,13,2,,,0,0,18,25,16,15,1,9,0,11,2,0,4,86,1.889,12.5,0.5,4.5,5.5,1.22,,player.fcgi?id=wallin000cal,
Nate Williams,19,2012,Kansas State,Big 12,1,3,0.25,4.5,23,0,,,0,6,34,32,18,17,5,10,0,22,5,0,1,140,1.235,8.5,1.3,2.6,5.8,2.2,,player.fcgi?id=willia003nat,
Tanner Witt,21,2012,Kansas State,Big 12,0,0,,0,8,0,,,0,0,9,6,0,0,0,7,1,5,1,0,0,39,1.444,6,0,7,5,0.71,,player.fcgi?id=witt--000tan,
Matt Wivinis,18,2012,Kansas State,Big 12,1,3,0.25,5.95,21,3,,,0,2,39.1,49,27,26,4,12,0,38,4,0,7,179,1.551,11.2,0.9,2.7,8.7,3.17,,player.fcgi?id=wivini000mat,
Robert Youngdahl*,19,2012,Kansas State,Big 12,2,2,0.5,5.05,27,3,,,0,0,35.2,44,23,20,1,18,0,25,8,2,3,170,1.738,11.1,0.3,4.5,6.3,1.39,,player.fcgi?id=youngd000rob,
Landon Busch*,19,2013,Kansas State,Big 12,0,0,,4.58,15,0,,,0,1,17.2,13,13,9,0,11,1,11,2,0,1,81,1.358,6.6,0,5.6,5.6,1,,player.fcgi?id=busch-000lan,
Jake Doller?,--,2013,Kansas State,Big 12,2,3,0.4,3.54,13,9,,,0,0,40.2,33,21,16,1,22,1,29,2,0,5,176,1.352,7.3,0.2,4.9,6.4,1.32,,player.fcgi?id=doller000jak,
Gerardo Esquivel,22,2013,Kansas State,Big 12,2,2,0.5,3.99,20,0,,,0,1,29.1,31,13,13,1,7,2,17,3,0,4,125,1.295,9.5,0.3,2.1,5.2,2.43,,player.fcgi?id=esquiv001ger,
Joe Flattery*,22,2013,Kansas State,Big 12,5,4,0.556,3.86,19,13,,,0,0,79.1,85,41,34,4,20,0,52,5,0,5,341,1.324,9.6,0.5,2.3,5.9,2.6,,player.fcgi?id=flatte000joe,
Jake Matthys,19,2013,Kansas State,Big 12,9,2,0.818,2.05,34,1,,,0,9,61.1,46,17,14,3,9,0,44,4,0,3,242,0.897,6.8,0.4,1.3,6.5,4.89,,player.fcgi?id=matthy000jak,
Levi MaVorhis,18,2013,Kansas State,Big 12,5,0,1,4.77,23,6,,,0,0,54.2,76,35,29,1,13,0,30,3,2,3,247,1.628,12.5,0.2,2.1,4.9,2.31,,player.fcgi?id=mavorh000lev,
Blake McFadden,19,2013,Kansas State,Big 12,6,3,0.667,4.97,17,13,,,0,0,58,63,33,32,5,17,0,35,7,0,3,256,1.379,9.8,0.8,2.6,5.4,2.06,,player.fcgi?id=mcfadd000bla,
Jared Moore?,--,2013,Kansas State,Big 12,4,0,1,3.73,21,0,,,0,0,31.1,37,14,13,4,9,1,23,1,0,4,135,1.468,10.6,1.1,2.6,6.6,2.56,,player.fcgi?id=moore-000jar,
Hayden Nixon?,--,2013,Kansas State,Big 12,2,0,1,5.89,14,0,,,0,1,18.1,22,13,12,3,12,1,8,1,0,1,84,1.855,10.8,1.5,5.9,3.9,0.67,,player.fcgi?id=nixon-000hay,
Josh Smith?,--,2013,Kansas State,Big 12,0,0,,9,2,0,,,0,0,3,6,3,3,1,0,0,1,0,0,0,14,2,18,3,0,3,,,player.fcgi?id=smith-024jos,
Nate Williams,20,2013,Kansas State,Big 12,4,3,0.571,2.81,24,7,,,0,0,67.1,55,25,21,3,33,2,54,5,1,6,296,1.307,7.4,0.4,4.4,7.2,1.64,,player.fcgi?id=willia003nat,
Jordan Witcig,--,2013,Kansas State,Big 12,0,0,,3.68,9,1,,,0,0,14.2,10,6,6,1,7,0,9,3,0,3,63,1.159,6.1,0.6,4.3,5.5,1.29,,player.fcgi?id=witcig000jor,
Tanner Witt,22,2013,Kansas State,Big 12,0,0,,3.18,17,0,,,0,7,17,15,6,6,1,5,0,18,0,0,3,71,1.176,7.9,0.5,2.6,9.5,3.6,,player.fcgi?id=witt--000tan,
Matt Wivinis,19,2013,Kansas State,Big 12,6,2,0.75,4.72,21,14,,,0,0,76.1,77,47,40,2,22,0,50,8,0,3,326,1.297,9.1,0.2,2.6,5.9,2.27,,player.fcgi?id=wivini000mat,
Landon Busch*,20,2014,Kansas State,Big 12,2,2,0.5,6.18,16,7,,,0,0,43.2,60,33,30,3,15,1,30,2,3,6,210,1.718,12.4,0.6,3.1,6.2,2,,player.fcgi?id=busch-000lan,
Jordan Floyd*,19,2014,Kansas State,Big 12,0,1,0,7.2,18,2,,,0,0,20,25,17,16,1,16,0,5,3,0,0,97,2.05,11.3,0.5,7.2,2.3,0.31,,player.fcgi?id=floyd-000jor,
Jake Fromson,19,2014,Kansas State,Big 12,2,1,0.667,3.47,23,2,,,0,0,46.2,50,20,18,2,13,2,23,2,1,0,200,1.35,9.6,0.4,2.5,4.4,1.77,,player.fcgi?id=fromso000jak,
Nate Griep,20,2014,Kansas State,Big 12,3,7,0.3,4.66,15,10,,,1,0,63.2,68,36,33,7,25,3,32,7,0,4,282,1.461,9.6,1,3.5,4.5,1.28,,player.fcgi?id=griep-000nat,
Colton Kalmus?,--,2014,Kansas State,Big 12,3,1,0.75,4.3,10,5,,,0,0,23,24,17,11,2,11,0,14,3,0,3,108,1.522,9.4,0.8,4.3,5.5,1.27,,player.fcgi?id=kalmus000col,
Ethan Landon,19,2014,Kansas State,Big 12,0,0,,3.56,24,0,,,0,1,30.1,30,15,12,4,7,0,10,2,0,1,127,1.22,8.9,1.2,2.1,3,1.43,,player.fcgi?id=landon000eth,
Jake Matthys,20,2014,Kansas State,Big 12,2,5,0.286,8.07,20,3,,,0,3,35.2,55,36,32,5,16,2,25,5,0,4,182,1.991,13.9,1.3,4,6.3,1.56,,player.fcgi?id=matthy000jak,
Levi MaVorhis,19,2014,Kansas State,Big 12,6,7,0.462,3.95,15,13,,,2,0,84.1,86,44,37,4,14,2,48,1,4,2,353,1.186,9.2,0.4,1.5,5.1,3.43,,player.fcgi?id=mavorh000lev,
Jared Moore?,--,2014,Kansas State,Big 12,5,3,0.625,4.33,18,10,,,0,0,68.2,81,44,33,3,21,1,46,3,1,3,313,1.485,10.6,0.4,2.8,6,2.19,,player.fcgi?id=moore-000jar,
Jon Roblez,19,2014,Kansas State,Big 12,0,0,,1.69,9,0,,,0,0,10.2,7,2,2,1,9,0,0,1,0,1,46,1.5,5.9,0.8,7.6,0,0,,player.fcgi?id=roblez000jon,
Tyler Stover,18,2014,Kansas State,Big 12,0,0,,0,1,0,,,0,0,1,1,0,0,0,1,0,0,0,0,1,5,2,9,0,9,0,0,,player.fcgi?id=stover000tyl,
Jake Whaley?,--,2014,Kansas State,Big 12,1,2,0.333,5.11,14,0,,,0,1,12.1,12,9,7,0,9,0,16,2,1,0,61,1.703,8.8,0,6.6,11.7,1.78,,player.fcgi?id=whaley000jak,
Braxton Wilks*,19,2014,Kansas State,Big 12,0,0,,8.18,7,0,,,0,0,11,20,10,10,2,7,1,5,3,0,0,59,2.455,16.4,1.6,5.7,4.1,0.71,,player.fcgi?id=wilks-000bra,
Jordan Witcig,--,2014,Kansas State,Big 12,1,1,0.5,6.85,12,3,,,0,0,23.2,34,20,18,2,13,0,10,2,0,4,114,1.986,12.9,0.8,4.9,3.8,0.77,,player.fcgi?id=witcig000jor,
Lucas Benenati,22,2015,Kansas State,Big 12,2,0,1,2.27,21,0,,,0,0,31.2,32,9,8,1,8,1,26,3,0,2,135,1.263,9.1,0.3,2.3,7.4,3.25,,player.fcgi?id=benena000luc,
Mark Biesma?,--,2015,Kansas State,Big 12,0,3,0,8.06,12,6,,,0,0,25.2,45,26,23,5,9,1,9,3,0,1,128,2.104,15.8,1.8,3.2,3.2,1,,player.fcgi?id=biesma000mar,
Brandon Courville?,--,2015,Kansas State,Big 12,0,4,0,7.46,11,4,,,0,1,25.1,33,22,21,1,13,1,23,2,0,3,127,1.816,11.7,0.4,4.6,8.2,1.77,,player.fcgi?id=courvi000bra,
Jackson Douglas*,19,2015,Kansas State,Big 12,2,2,0.5,3.91,1,1,,,0,0,23,26,13,10,2,7,0,12,5,2,1,110,1.435,10.2,0.8,2.7,4.7,1.71,,player.fcgi?id=dougla001jac,
Brandon Erickson,21,2015,Kansas State,Big 12,3,2,0.6,5.23,22,2,,,0,2,41.1,55,29,24,2,15,5,27,3,1,4,195,1.694,12,0.4,3.3,5.9,1.8,,player.fcgi?id=ericks000bra,
Corey Fischer,21,2015,Kansas State,Big 12,4,6,0.4,4.37,19,7,,,0,1,55.2,56,31,27,3,17,0,29,4,2,2,236,1.311,9.1,0.5,2.7,4.7,1.71,,player.fcgi?id=fische000cor,
Jordan Floyd*,20,2015,Kansas State,Big 12,3,2,0.6,3.47,22,1,,,0,1,46.2,47,23,18,0,18,2,20,1,1,9,198,1.393,9.1,0,3.5,3.9,1.11,,player.fcgi?id=floyd-000jor,
Nate Griep,21,2015,Kansas State,Big 12,6,3,0.667,2.63,13,13,,,1,0,78.2,62,26,23,2,33,0,64,3,2,9,328,1.208,7.1,0.2,3.8,7.3,1.94,,player.fcgi?id=griep-000nat,
Kyle Halbohn,22,2015,Kansas State,Big 12,2,2,0.5,4.62,13,4,,,0,1,25.1,33,16,13,3,8,2,18,3,0,3,117,1.618,11.7,1.1,2.8,6.4,2.25,,player.fcgi?id=halboh000kyl,
Colton Kalmus?,--,2015,Kansas State,Big 12,2,4,0.333,4.13,16,14,,,0,0,61,57,33,28,5,20,0,37,10,0,11,265,1.262,8.4,0.7,3,5.5,1.85,,player.fcgi?id=kalmus000col,
Levi MaVorhis,20,2015,Kansas State,Big 12,2,1,0.667,6.2,10,4,,,0,0,24.2,33,18,17,1,8,1,8,0,0,2,112,1.662,12,0.4,2.9,2.9,1,,player.fcgi?id=mavorh000lev,
Mitch Plassmeyer?,--,2015,Kansas State,Big 12,0,0,,5.84,18,0,,,0,0,24.2,31,16,16,4,4,0,16,2,0,1,108,1.419,11.3,1.5,1.5,5.8,4,,player.fcgi?id=plassm000mit,
Bryce Ward?,--,2015,Kansas State,Big 12,1,1,0.5,2.56,18,1,,,0,1,31.2,30,9,9,1,9,4,14,5,1,2,137,1.232,8.5,0.3,2.6,4,1.56,,player.fcgi?id=ward--002bry,
Nate Williams,22,2015,Kansas State,Big 12,0,0,,inf,1,0,,,0,0,0,0,1,1,0,3,0,0,0,0,2,3,,,,,,0,,player.fcgi?id=willia003nat,
Tyler Wolfe,21,2015,Kansas State,Big 12,0,0,,0,3,0,,,0,0,4,1,0,0,0,2,1,1,0,0,0,16,0.75,2.3,0,4.5,2.3,0.5,,player.fcgi?id=wolfe-000tyl,
Lucas Benenati,23,2016,Kansas State,Big 12,1,3,0.25,3.81,23,0,,0,0,6,28.1,30,14,12,1,14,4,21,1,2,7,127,1.553,9.5,0.3,4.4,6.7,1.5,,player.fcgi?id=benena000luc,
John Boushelle,19,2016,Kansas State,Big 12,0,0,,48.6,3,0,,0,0,0,1.2,4,9,9,1,7,0,5,2,0,1,18,6.6,21.6,5.4,37.8,27,0.71,,player.fcgi?id=boushe000joh,
Brandon Erickson,22,2016,Kansas State,Big 12,1,0,1,4.54,21,1,,0,0,0,35.2,46,22,18,1,19,1,28,3,0,1,169,1.822,11.6,0.3,4.8,7.1,1.47,,player.fcgi?id=ericks000bra,
Corey Fischer,22,2016,Kansas State,Big 12,2,4,0.333,5.37,16,14,,0,0,0,52,61,37,31,5,22,0,42,2,2,6,240,1.596,10.6,0.9,3.8,7.3,1.91,,player.fcgi?id=fische000cor,
Jordan Floyd*,21,2016,Kansas State,Big 12,1,3,0.25,4.1,30,0,,0,0,1,37.1,44,28,17,2,13,0,30,3,0,5,173,1.527,10.6,0.5,3.1,7.2,2.31,,player.fcgi?id=floyd-000jor,
Brogan Heinen?,--,2016,Kansas State,Big 12,2,0,1,2.6,16,1,,0,0,0,27.2,21,11,8,1,12,0,20,5,0,2,115,1.193,6.8,0.3,3.9,6.5,1.67,,player.fcgi?id=heinen000bro,
Nick Jones,--,2016,Kansas State,Big 12,2,0,1,6.41,26,0,,0,0,0,19.2,23,14,14,2,7,3,13,2,0,1,91,1.525,10.5,0.9,3.2,5.9,1.86,,player.fcgi?id=jones-005nic,
Colton Kalmus?,--,2016,Kansas State,Big 12,2,2,0.5,5.24,22,2,,0,0,2,44.2,45,28,26,8,25,1,44,7,0,5,202,1.567,9.1,1.6,5,8.9,1.76,,player.fcgi?id=kalmus000col,
Levi MaVorhis,21,2016,Kansas State,Big 12,6,5,0.545,4.2,14,14,,1,0,0,83.2,89,44,39,7,15,1,76,4,1,3,356,1.243,9.6,0.8,1.6,8.2,5.07,,player.fcgi?id=mavorh000lev,
Parker Rigler*,21,2016,Kansas State,Big 12,4,9,0.308,4.89,16,15,,1,0,0,77.1,78,45,42,7,26,0,73,10,1,6,339,1.345,9.1,0.8,3,8.5,2.81,,player.fcgi?id=rigler000par,
Jacob Ruder,19,2016,Kansas State,Big 12,0,2,0,9,12,3,,0,0,0,18,24,20,18,0,13,0,12,4,0,2,93,2.056,12,0,6.5,6,0.92,,player.fcgi?id=ruder-000jac,
Davis Schwab*,19,2016,Kansas State,Big 12,0,0,,8.1,4,0,,0,0,0,3.1,6,5,3,0,2,0,2,2,1,0,20,2.4,16.2,0,5.4,5.4,1,,player.fcgi?id=schwab000dav,
Garett Spencer?,--,2016,Kansas State,Big 12,0,0,,27,3,0,,0,0,0,2,4,6,6,0,4,0,3,2,0,0,16,4,18,0,18,13.5,0.75,,player.fcgi?id=spence000gar,
Logan Wiley,19,2016,Kansas State,Big 12,3,2,0.6,5.97,15,7,,0,0,0,34.2,41,23,23,4,11,0,33,6,0,4,157,1.5,10.6,1,2.9,8.6,3,,player.fcgi?id=wiley-000log,
Cory Wright*,--,2016,Kansas State,Big 12,0,0,,6.52,8,0,,0,0,0,9.2,7,7,7,2,5,0,7,1,0,0,41,1.241,6.5,1.9,4.7,6.5,1.4,,player.fcgi?id=wright002cor,
Mitch Zubradt,19,2016,Kansas State,Big 12,2,1,0.667,3.42,18,0,,0,0,0,26.1,25,11,10,1,9,1,31,5,0,0,117,1.291,8.5,0.3,3.1,10.6,3.44,,player.fcgi?id=zubrad000mit,
Will Brennan*,19,2017,Kansas State,Big 12,0,0,,10.13,2,0,,0,0,0,2.2,5,3,3,0,0,0,0,0,0,1,13,1.875,16.9,0,0,0,,,player.fcgi?id=brenna008wil,
Tyler Eckberg,19,2017,Kansas State,Big 12,0,3,0,3.16,19,0,,0,0,5,31.1,29,11,11,1,13,3,32,1,0,3,135,1.34,8.3,0.3,3.7,9.2,2.46,,player.fcgi?id=eckber000tyl,
Jordan Floyd*,22,2017,Kansas State,Big 12,2,3,0.4,5.04,21,0,,0,0,10,30.1,36,21,17,2,14,0,30,5,0,3,145,1.648,10.7,0.6,4.2,8.9,2.14,,player.fcgi?id=floyd-000jor,
Kasey Ford,19,2017,Kansas State,Big 12,3,1,0.75,4.03,18,6,,0,0,0,44.2,49,22,20,7,10,0,20,5,1,2,195,1.321,9.9,1.4,2,4,2,,player.fcgi?id=ford--000kas,
Luke Hauswirth?,--,2017,Kansas State,Big 12,0,0,,9,9,0,,0,0,0,10,16,10,10,2,5,0,6,1,0,0,49,2.1,14.4,1.8,4.5,5.4,1.2,,player.fcgi?id=hauswi000luk,
Brogan Heinen?,--,2017,Kansas State,Big 12,1,3,0.25,6.53,11,9,,0,0,0,40,39,35,29,4,25,1,28,6,0,2,186,1.6,8.8,0.9,5.6,6.3,1.12,,player.fcgi?id=heinen000bro,
Justin Heskett?,--,2017,Kansas State,Big 12,5,3,0.625,4.8,14,14,,0,0,0,75,86,46,40,9,27,2,47,6,1,5,342,1.507,10.3,1.1,3.2,5.6,1.74,,player.fcgi?id=hesket000jus,
Nick Jones,--,2017,Kansas State,Big 12,5,1,0.833,6.07,29,0,,0,0,0,29.2,30,21,20,1,11,1,22,1,0,3,129,1.382,9.1,0.3,3.3,6.7,2,,player.fcgi?id=jones-005nic,
Colton Kalmus?,--,2017,Kansas State,Big 12,0,1,0,9.39,14,3,,0,0,0,23,26,26,24,4,22,0,29,10,0,11,125,2.087,10.2,1.6,8.6,11.3,1.32,,player.fcgi?id=kalmus000col,
Caleb Littlejim,19,2017,Kansas State,Big 12,1,1,0.5,10.13,9,3,,0,0,0,10.2,13,13,12,1,11,0,6,4,1,2,58,2.25,11,0.8,9.3,5.1,0.55,,player.fcgi?id=little000cal,
Jared Marolf?,--,2017,Kansas State,Big 12,4,1,0.8,4.03,19,2,,0,0,0,38,28,18,17,1,15,0,27,6,0,1,160,1.132,6.6,0.2,3.6,6.4,1.8,,player.fcgi?id=marolf000jar,
Tyler McKay,19,2017,Kansas State,Big 12,0,0,,3.72,9,0,,0,0,0,9.2,14,11,4,1,11,2,11,1,0,4,56,2.586,13,0.9,10.2,10.2,1,,player.fcgi?id=mckay-000tyl,
Parker Rigler*,22,2017,Kansas State,Big 12,4,4,0.5,3.67,14,14,,1,1,0,76,69,37,31,5,44,0,51,5,2,4,339,1.487,8.2,0.6,5.2,6,1.16,,player.fcgi?id=rigler000par,
Hudson Treu?,--,2017,Kansas State,Big 12,1,2,0.333,5.54,15,3,,0,0,0,26,29,18,16,4,8,1,17,0,0,3,116,1.423,10,1.4,2.8,5.9,2.13,,player.fcgi?id=treu--000hud,
Bryce Ward?,--,2017,Kansas State,Big 12,1,3,0.25,4.84,14,1,,0,0,0,22.1,21,15,12,3,9,1,13,4,0,1,100,1.343,8.5,1.2,3.6,5.2,1.44,,player.fcgi?id=ward--002bry,
Mitch Zubradt,20,2017,Kansas State,Big 12,2,0,1,4.42,13,0,,0,0,0,18.1,9,9,9,2,8,0,18,1,0,3,72,0.927,4.4,1,3.9,8.8,2.25,,player.fcgi?id=zubrad000mit,
Kyle Barfield?,--,2018,Kansas State,Big 12,0,0,,0,1,0,,0,0,0,1,0,0,0,0,0,0,0,0,0,0,3,0,0,0,0,0,,,player.fcgi?id=barfie000kyl,
Alex Belch?,--,2018,Kansas State,Big 12,0,2,0,5.79,13,0,,0,0,1,18.2,13,13,12,3,16,0,23,3,1,4,88,1.554,6.3,1.4,7.7,11.1,1.44,,player.fcgi?id=belch-000ale,
Will Brennan*,20,2018,Kansas State,Big 12,2,1,0.667,3.86,9,5,,0,0,1,28,26,14,12,1,7,0,30,2,1,4,118,1.179,8.4,0.3,2.3,9.6,4.29,,player.fcgi?id=brenna008wil,
Tyler Eckberg,20,2018,Kansas State,Big 12,3,2,0.6,5.28,18,0,,0,0,2,29,32,18,17,3,12,0,25,2,0,5,135,1.517,9.9,0.9,3.7,7.8,2.08,,player.fcgi?id=eckber000tyl,
Kasey Ford,20,2018,Kansas State,Big 12,5,2,0.714,4.67,11,11,,0,0,0,61.2,62,33,32,6,31,1,45,4,1,1,273,1.508,9,0.9,4.5,6.6,1.45,,player.fcgi?id=ford--000kas,
Luke Hauswirth?,--,2018,Kansas State,Big 12,0,1,0,22.5,4,0,,0,0,0,2,4,6,5,0,4,0,2,1,0,0,15,4,18,0,18,9,0.5,,player.fcgi?id=hauswi000luk,
Brogan Heinen?,--,2018,Kansas State,Big 12,1,1,0.5,5.32,19,0,,0,0,0,22,25,13,13,1,14,0,10,2,1,0,103,1.773,10.2,0.4,5.7,4.1,0.71,,player.fcgi?id=heinen000bro,
Justin Heskett?,--,2018,Kansas State,Big 12,3,6,0.333,6.31,13,12,,1,0,0,61.1,95,62,43,12,28,0,29,5,1,7,313,2.005,13.9,1.8,4.1,4.3,1.04,,player.fcgi?id=hesket000jus,
Caleb Littlejim,20,2018,Kansas State,Big 12,3,3,0.5,7.83,20,10,,0,0,0,56.1,84,58,49,10,18,0,34,6,0,1,273,1.811,13.4,1.6,2.9,5.4,1.89,,player.fcgi?id=little000cal,
Gabe Littlejim?,--,2018,Kansas State,Big 12,0,3,0,9.82,6,4,,0,0,0,14.2,23,23,16,3,12,0,8,0,0,1,80,2.386,14.1,1.8,7.4,4.9,0.67,,player.fcgi?id=little000gab,
Jared Marolf?,--,2018,Kansas State,Big 12,2,6,0.25,3.78,19,4,,2,1,2,50,45,32,21,6,19,3,26,10,0,3,221,1.28,8.1,1.1,3.4,4.7,1.37,,player.fcgi?id=marolf000jar,
Jaxon Passino,19,2018,Kansas State,Big 12,1,1,0.5,3.28,16,0,,0,0,2,24.2,22,11,9,0,14,0,18,2,0,3,108,1.459,8,0,5.1,6.6,1.29,,player.fcgi?id=passin000jax,
Quinton Potter?,--,2018,Kansas State,Big 12,0,1,0,7.71,18,5,,0,0,0,35,52,36,30,7,18,0,33,0,0,3,176,2,13.4,1.8,4.6,8.5,1.83,,player.fcgi?id=potter000qui,
John Sorensen?,--,2018,Kansas State,Big 12,0,0,,9,1,0,,0,0,0,1,2,1,1,0,0,0,0,0,0,0,5,2,18,0,0,0,,,player.fcgi?id=sorens003joh,
Andrew Stratman?,--,2018,Kansas State,Big 12,0,0,,4.86,13,0,,0,0,0,16.2,21,15,9,1,14,0,10,2,0,1,85,2.1,11.3,0.5,7.6,5.4,0.71,,player.fcgi?id=stratm000and,
Hudson Treu?,--,2018,Kansas State,Big 12,2,2,0.5,5.67,17,3,,0,0,0,39.2,47,38,25,9,19,0,28,5,0,5,193,1.664,10.7,2,4.3,6.4,1.47,,player.fcgi?id=treu--000hud,
Mitch Zubradt,21,2018,Kansas State,Big 12,1,0,1,10.2,9,0,,0,0,0,15,20,17,17,1,12,1,17,2,0,2,77,2.133,12,0.6,7.2,10.2,1.42,,player.fcgi?id=zubrad000mit,
Luke Bay?,--,2019,Kansas State,Big 12,0,0,,4.26,5,0,,0,0,0,6.1,4,3,3,1,3,0,7,1,0,0,27,1.105,5.7,1.4,4.3,9.9,2.33,,player.fcgi?id=bay---000luk,
Will Brennan*,21,2019,Kansas State,Big 12,4,4,0.5,6.4,17,8,,0,0,3,52,59,45,37,6,21,0,39,6,0,6,240,1.538,10.2,1,3.6,6.8,1.86,,player.fcgi?id=brenna008wil,
Justin Butz*,19,2019,Kansas State,Big 12,0,0,,3.86,2,0,,0,0,0,2.1,1,1,1,0,7,0,3,0,0,2,15,3.429,3.9,0,27,11.6,0.43,,player.fcgi?id=butz--000jus,
Tyler Eckberg,21,2019,Kansas State,Big 12,0,2,0,6.65,4,4,,0,0,0,21.2,28,18,16,2,6,0,24,1,1,3,98,1.569,11.6,0.8,2.5,10,4,,player.fcgi?id=eckber000tyl,
Kasey Ford,21,2019,Kansas State,Big 12,0,4,0,12.91,14,7,,0,0,0,30.2,52,49,44,6,28,0,32,7,1,5,175,2.609,15.3,1.8,8.2,9.4,1.14,,player.fcgi?id=ford--000kas,
Griffin Hassall,19,2019,Kansas State,Big 12,2,3,0.4,4.42,14,10,,0,0,0,57,49,34,28,3,25,1,37,11,1,4,252,1.298,7.7,0.5,3.9,5.8,1.48,,player.fcgi?id=hassal000gri,
Luke Hauswirth?,--,2019,Kansas State,Big 12,0,0,,5.49,11,0,,0,0,0,19.2,17,13,12,0,12,0,21,3,0,2,92,1.475,7.8,0,5.5,9.6,1.75,,player.fcgi?id=hauswi000luk,
Brogan Heinen?,--,2019,Kansas State,Big 12,0,0,,18.41,6,0,,0,0,0,7.1,12,15,15,0,6,0,3,6,0,1,44,2.455,14.7,0,7.4,3.7,0.5,,player.fcgi?id=heinen000bro,
Gavin Hinchliffe,20,2019,Kansas State,Big 12,0,0,,2.7,3,0,,0,0,0,3.1,3,1,1,0,2,0,2,0,0,1,15,1.5,8.1,0,5.4,5.4,1,,player.fcgi?id=hinchl000gav,
Zach Kokoska*,20,2019,Kansas State,Big 12,0,1,0,9,2,1,,0,0,0,2,2,2,2,0,2,0,2,0,0,0,10,2,9,0,9,9,1,,player.fcgi?id=kokosk000zac,
Caleb Littlejim,21,2019,Kansas State,Big 12,5,4,0.556,5.26,17,7,,0,0,0,49.2,48,34,29,2,26,1,23,10,1,9,234,1.49,8.7,0.4,4.7,4.2,0.88,,player.fcgi?id=little000cal,
Brett Lockwood,22,2019,Kansas State,Big 12,0,1,0,4.8,12,0,,0,0,0,15,19,10,8,1,11,0,10,4,0,5,76,2,11.4,0.6,6.6,6,0.91,,player.fcgi?id=lockwo002bre,
Joey Martin*,19,2019,Kansas State,Big 12,2,1,0.667,6.04,12,4,,0,0,0,22.1,22,15,15,3,20,0,26,2,0,4,108,1.881,8.9,1.2,8.1,10.5,1.3,,player.fcgi?id=martin014joe,
Jaxon Passino,20,2019,Kansas State,Big 12,2,5,0.286,5.29,17,1,,0,0,0,32.1,38,28,19,2,17,4,27,5,0,4,157,1.701,10.6,0.6,4.7,7.5,1.59,,player.fcgi?id=passin000jax,
Dylan Phillips*,20,2019,Kansas State,Big 12,0,1,0,6.23,5,0,,0,0,0,4.1,4,3,3,1,1,0,4,1,0,0,19,1.154,8.3,2.1,2.1,8.3,4,,player.fcgi?id=philli000dyl,
Quinton Potter?,--,2019,Kansas State,Big 12,0,0,,9,1,0,,0,0,0,2,2,2,2,0,0,0,1,1,0,2,9,1,9,0,0,4.5,,,player.fcgi?id=potter000qui,
Andrew Stratman?,--,2019,Kansas State,Big 12,2,0,1,4.15,22,1,,0,0,1,34.2,29,20,16,3,13,1,29,1,1,6,144,1.212,7.5,0.8,3.4,7.5,2.23,,player.fcgi?id=stratm000and,
Eric Torres*,19,2019,Kansas State,Big 12,1,1,0.5,3.99,18,0,,0,0,1,29.1,23,15,13,1,15,0,38,1,0,3,124,1.295,7.1,0.3,4.6,11.7,2.53,,player.fcgi?id=torres004eri,
Jordan Wicks*,19,2019,Kansas State,Big 12,6,3,0.667,3.61,15,15,,1,1,0,84.2,92,35,34,4,26,0,86,5,2,3,369,1.394,9.8,0.4,2.8,9.1,3.31,,player.fcgi?id=wicks-000jor,
Mitch Zubradt,22,2019,Kansas State,Big 12,1,2,0.333,3.6,22,0,,0,0,4,30,23,12,12,2,10,2,34,3,0,8,123,1.1,6.9,0.6,3,10.2,3.4,,player.fcgi?id=zubrad000mit,
Luke Bay?,--,2020,Kansas State,Big 12,0,0,,9,1,0,,0,0,0,1,1,1,1,0,2,0,1,0,0,1,6,3,9,0,18,9,0.5,,player.fcgi?id=bay---000luk,
Zachary Ebert,21,2020,Kansas State,Big 12,0,0,,0,1,0,,0,0,0,1,0,0,0,0,1,0,1,0,0,0,4,1,0,0,9,9,1,,player.fcgi?id=ebert-000zac,
Tyler Eckberg,22,2020,Kansas State,Big 12,0,1,0,3.18,4,0,,0,0,1,5.2,4,2,2,0,3,1,8,0,0,1,24,1.235,6.4,0,4.8,12.7,2.67,,player.fcgi?id=eckber000tyl,
Kasey Ford,22,2020,Kansas State,Big 12,1,1,0.5,2.45,4,3,,0,0,0,14.2,13,4,4,1,8,0,16,1,0,3,63,1.432,8,0.6,4.9,9.8,2,,player.fcgi?id=ford--000kas,
Griffin Hassall,20,2020,Kansas State,Big 12,0,0,,0,2,0,,0,0,0,2,1,0,0,0,0,0,1,0,0,0,7,0.5,4.5,0,0,4.5,,,player.fcgi?id=hassal000gri,
Luke Hauswirth?,--,2020,Kansas State,Big 12,0,0,,0,2,0,,0,0,1,4,1,0,0,0,1,0,3,0,0,1,15,0.5,2.3,0,2.3,6.8,3,,player.fcgi?id=hauswi000luk,
Zak Herbers?,--,2020,Kansas State,Big 12,2,0,1,0.64,5,0,,0,0,1,14,10,1,1,0,6,0,15,1,0,4,56,1.143,6.4,0,3.9,9.6,2.5,,player.fcgi?id=herber000zak,
Caleb Littlejim,22,2020,Kansas State,Big 12,0,1,0,4.5,3,1,,0,0,0,6,4,4,3,0,3,0,6,2,0,1,27,1.167,6,0,4.5,9,2,,player.fcgi?id=little000cal,
Brett Lockwood,23,2020,Kansas State,Big 12,0,0,,0,5,0,,0,0,1,7.1,4,0,0,0,2,0,6,1,0,0,26,0.818,4.9,0,2.5,7.4,3,,player.fcgi?id=lockwo002bre,
Connor McCullough,20,2020,Kansas State,Big 12,2,1,0.667,2.25,4,4,,0,0,0,24,17,7,6,0,8,0,29,3,1,3,96,1.042,6.4,0,3,10.9,3.63,,player.fcgi?id=mccull000con,
Jaxon Passino,21,2020,Kansas State,Big 12,0,0,,2.61,4,0,,0,0,0,10.1,8,4,3,0,1,0,7,1,0,2,41,0.871,7,0,0.9,6.1,7,,player.fcgi?id=passin000jax,
Dylan Phillips*,21,2020,Kansas State,Big 12,0,0,,0,2,1,,0,0,0,2.1,1,0,0,0,2,0,3,2,1,0,12,1.286,3.9,0,7.7,11.6,1.5,,player.fcgi?id=philli000dyl,
Carson Seymour,21,2020,Kansas State,Big 12,2,2,0.5,3.92,4,4,,0,0,0,20.2,14,11,9,0,12,1,25,3,1,6,87,1.258,6.1,0,5.2,10.9,2.08,,player.fcgi?id=seymou000car,
Andrew Stratman?,--,2020,Kansas State,Big 12,0,0,,0,3,0,,0,0,0,3,0,0,0,0,1,0,4,1,0,0,11,0.333,0,0,3,12,4,,player.fcgi?id=stratm000and,
Eric Torres*,20,2020,Kansas State,Big 12,0,1,0,6.35,6,0,,0,0,0,5.2,1,4,4,0,3,0,9,4,0,0,24,0.706,1.6,0,4.8,14.3,3,,player.fcgi?id=torres004eri,
Jordan Wicks*,20,2020,Kansas State,Big 12,3,0,1,0.35,4,4,,0,0,0,26,13,1,1,0,4,0,26,3,0,0,93,0.654,4.5,0,1.4,9,6.5,,player.fcgi?id=wicks-000jor,
Elijah Dale,20,2021,Kansas State,Big 12,0,0,,15.75,5,0,,0,0,0,4,4,7,7,0,4,0,6,1,0,1,21,2,9,0,9,13.5,1.5,,player.fcgi?id=dale--000eli,
Tyler Eckberg,23,2021,Kansas State,Big 12,5,5,0.5,2.63,23,0,,0,0,5,41,36,19,12,2,9,0,41,0,0,4,166,1.098,7.9,0.4,2,9,4.56,,player.fcgi?id=eckber000tyl,
Josh Flack,21,2021,Kansas State,Big 12,0,1,0,4.5,2,0,,0,0,0,2,2,2,1,0,0,0,2,2,0,0,9,1,9,0,0,9,,,player.fcgi?id=flack-000jos,
Kasey Ford,23,2021,Kansas State,Big 12,4,2,0.667,4.07,17,8,,0,0,0,59.2,50,31,27,3,33,1,50,6,1,7,261,1.391,7.5,0.5,5,7.5,1.52,,player.fcgi?id=ford--000kas,
Griffin Hassall,21,2021,Kansas State,Big 12,0,0,,7.56,6,0,,0,0,0,8.1,8,12,7,2,9,0,5,1,0,2,44,2.04,8.6,2.2,9.7,5.4,0.56,,player.fcgi?id=hassal000gri,
Luke Hauswirth?,--,2021,Kansas State,Big 12,0,0,,4.5,5,0,,0,0,0,8,8,6,4,0,7,0,12,2,0,2,42,1.875,9,0,7.9,13.5,1.71,,player.fcgi?id=hauswi000luk,
Zak Herbers?,--,2021,Kansas State,Big 12,2,1,0.667,6.14,8,2,,0,0,0,14.2,18,16,10,0,11,0,14,4,0,0,77,1.977,11,0,6.8,8.6,1.27,,player.fcgi?id=herber000zak,
Gavin Hinchliffe,22,2021,Kansas State,Big 12,0,0,,10.8,4,0,,0,0,0,3.1,3,4,4,1,4,0,6,3,0,0,20,2.1,8.1,2.7,10.8,16.2,1.5,,player.fcgi?id=hinchl000gav,
Caleb Littlejim,23,2021,Kansas State,Big 12,2,2,0.5,4.65,13,3,,0,0,1,31,29,18,16,4,14,1,39,3,0,4,137,1.387,8.4,1.2,4.1,11.3,2.79,,player.fcgi?id=little000cal,
Connor McCullough,21,2021,Kansas State,Big 12,5,4,0.556,4.77,16,15,,0,0,0,77.1,81,54,41,12,30,1,69,6,2,16,344,1.435,9.4,1.4,3.5,8,2.3,,player.fcgi?id=mccull000con,
Wesley Moore*,21,2021,Kansas State,Big 12,0,0,,0,2,0,,0,0,0,0.2,0,0,0,0,4,0,1,0,0,0,6,6,0,0,54,13.5,0.25,,player.fcgi?id=moore-000wes,
Jaxon Passino,22,2021,Kansas State,Big 12,2,0,1,10.18,12,0,,0,0,0,20.1,33,29,23,3,14,1,28,1,0,3,112,2.311,14.6,1.3,6.2,12.4,2,,player.fcgi?id=passin000jax,
Dylan Phillips*,22,2021,Kansas State,Big 12,1,1,0.5,14.14,8,3,,0,0,0,7,13,12,11,1,5,0,11,0,0,2,40,2.571,16.7,1.3,6.4,14.1,2.2,,player.fcgi?id=philli000dyl,
Nico Rodriguez,20,2021,Kansas State,Big 12,0,0,,6.75,6,0,,0,0,1,6.2,3,5,5,0,2,0,3,2,0,1,27,0.75,4.1,0,2.7,4.1,1.5,,player.fcgi?id=rodrig003nic,
Carson Seymour,22,2021,Kansas State,Big 12,3,4,0.429,6.19,14,10,,0,0,0,56.2,58,42,39,7,32,1,57,6,0,14,262,1.588,9.2,1.1,5.1,9.1,1.78,,player.fcgi?id=seymou000car,
Andrew Stratman?,--,2021,Kansas State,Big 12,0,0,,0,3,0,,0,0,0,2.2,2,1,0,0,4,0,3,0,0,0,13,2.25,6.8,0,13.5,10.1,0.75,,player.fcgi?id=stratm000and,
Eric Torres*,21,2021,Kansas State,Big 12,4,0,1,2.75,25,0,,0,0,1,39.1,31,16,12,3,9,0,58,3,2,1,163,1.017,7.1,0.7,2.1,13.3,6.44,,player.fcgi?id=torres004eri,
Jordan Wicks*,21,2021,Kansas State,Big 12,6,3,0.667,3.7,15,15,,0,0,0,92.1,90,40,38,9,28,0,118,0,0,5,394,1.278,8.8,0.9,2.7,11.5,4.21,,player.fcgi?id=wicks-000jor,
Brett Wozniak*,19,2021,Kansas State,Big 12,0,0,,6.61,13,1,,0,0,0,16.1,23,17,12,2,7,1,18,3,1,1,84,1.837,12.7,1.1,3.9,9.9,2.57,,player.fcgi?id=woznia000bre,
Blake Adams,21,2022,Kansas State,Big 12,6,6,0.5,5.07,17,13,,0,0,0,87,90,54,49,11,34,1,90,5,0,6,388,1.425,9.3,1.1,3.5,9.3,2.65,,player.fcgi?id=adams-001bla,
Blake Corsentino,22,2022,Kansas State,Big 12,4,5,0.444,4.21,22,3,,0,0,2,57.2,65,38,27,5,14,1,50,3,0,2,252,1.37,10.1,0.8,2.2,7.8,3.57,,player.fcgi?id=corsen000bla,
Elijah Dale,21,2022,Kansas State,Big 12,0,0,,27,5,0,,0,0,0,3.1,12,11,10,1,6,0,5,5,0,2,33,5.4,32.4,2.7,16.2,13.5,0.83,,player.fcgi?id=dale--000eli,
German Fajardo,21,2022,Kansas State,Big 12,4,2,0.667,3.91,16,6,,0,0,2,46,34,25,20,5,29,0,64,8,0,7,208,1.37,6.7,1,5.7,12.5,2.21,,player.fcgi?id=fajard000ger,
Griffin Hassall,22,2022,Kansas State,Big 12,4,7,0.364,6.24,18,11,,0,0,0,66.1,73,51,46,11,25,3,49,3,0,5,298,1.477,9.9,1.5,3.4,6.6,1.96,,player.fcgi?id=hassal000gri,
Chris Herb,23,2022,Kansas State,Big 12,0,0,,11.57,2,0,,0,0,0,2.1,4,3,3,1,3,0,3,0,0,1,14,3,15.4,3.9,11.6,11.6,1,,player.fcgi?id=herb--000chr,
Landry Jurecka,19,2022,Kansas State,Big 12,1,1,0.5,7.27,6,0,,0,0,0,8.2,9,7,7,1,2,0,10,1,0,1,37,1.269,9.3,1,2.1,10.4,5,,player.fcgi?id=jureck000lan,
Connor McCullough,22,2022,Kansas State,Big 12,3,4,0.429,5.25,15,14,,0,0,1,73.2,77,47,43,7,30,1,66,8,3,6,324,1.452,9.4,0.9,3.7,8.1,2.2,,player.fcgi?id=mccull000con,
Wesley Moore*,22,2022,Kansas State,Big 12,0,0,,6.5,10,4,,0,0,0,18,20,16,13,1,25,0,33,6,0,3,102,2.5,10,0.5,12.5,16.5,1.32,,player.fcgi?id=moore-000wes,
Tyson Neighbors,19,2022,Kansas State,Big 12,1,0,1,5.4,9,0,,0,0,0,8.1,8,5,5,0,14,0,13,2,1,1,47,2.64,8.6,0,15.1,14,0.93,,player.fcgi?id=neighb000tys,
Grant Nicholson*,20,2022,Kansas State,Big 12,0,0,,0,1,0,,0,0,0,1,1,0,0,0,1,0,3,0,0,0,5,2,9,0,9,27,3,,player.fcgi?id=nichol002gra,
Dillon Pearson,18,2022,Kansas State,Big 12,0,0,,0,2,0,,0,0,0,1,1,0,0,0,3,0,2,1,0,3,8,4,9,0,27,18,0.67,,player.fcgi?id=pearso000dil,
Dylan Phillips*,23,2022,Kansas State,Big 12,0,1,0,2.66,16,1,,0,0,8,20.1,13,7,6,1,3,0,26,3,0,2,77,0.787,5.8,0.4,1.3,11.5,8.67,,player.fcgi?id=philli000dyl,
Nico Rodriguez,21,2022,Kansas State,Big 12,0,0,,7.71,8,0,,0,0,0,7,6,6,6,0,11,0,8,3,0,0,40,2.429,7.7,0,14.1,10.3,0.73,,player.fcgi?id=rodrig003nic,
Collin Rothermel,19,2022,Kansas State,Big 12,0,0,,4.4,5,2,,0,0,1,14.1,17,9,7,1,6,0,13,2,0,1,69,1.605,10.7,0.6,3.8,8.2,2.17,,player.fcgi?id=rother000col,
Christian Ruebeck,21,2022,Kansas State,Big 12,0,1,0,9.58,13,4,,0,0,0,31,40,36,33,6,29,1,42,9,0,8,168,2.226,11.6,1.7,8.4,12.2,1.45,,player.fcgi?id=ruebec000chr,
Ty Ruhl,21,2022,Kansas State,Big 12,5,2,0.714,6.05,21,0,,0,0,1,41.2,42,31,28,3,19,1,39,7,0,4,187,1.464,9.1,0.6,4.1,8.4,2.05,,player.fcgi?id=ruhl--000ty-,
Ben Weber,21,2022,Kansas State,Big 12,0,0,,12.54,5,0,,0,0,0,9.1,9,13,13,2,11,0,12,2,0,0,49,2.143,8.7,1.9,10.6,11.6,1.09,,player.fcgi?id=weber-004ben,
Landry Wideman,23,2022,Kansas State,Big 12,1,0,1,12.1,7,0,,0,0,0,9.2,8,13,13,3,15,0,12,0,0,0,51,2.379,7.4,2.8,14,11.2,0.8,,player.fcgi?id=widema000lan,
Dalton Beck*,21,2023,Kansas State,Big 12,0,1,0,14.29,3,3,,0,0,0,5.2,12,9,9,1,6,0,3,3,0,2,37,3.176,19.1,1.6,9.5,4.8,0.5,,player.fcgi?id=beck--000dal,
Owen Boerema*,22,2023,Kansas State,Big 12,7,2,0.778,5.06,16,15,,0,0,0,85.1,93,52,48,6,34,2,95,9,3,1,388,1.488,9.8,0.6,3.6,10,2.79,,player.fcgi?id=boerem000owe,
Mason Buss,19,2023,Kansas State,Big 12,4,3,0.571,3.78,19,6,,0,0,0,50,51,27,21,4,18,1,42,8,1,3,223,1.38,9.2,0.7,3.2,7.6,2.33,,player.fcgi?id=buss--000mas,
Corey Cater,23,2023,Kansas State,Big 12,0,0,,0,3,0,,0,0,0,5,3,2,0,0,2,0,6,1,0,2,22,1,5.4,0,3.6,10.8,3,,player.fcgi?id=cater-000cor,
Blake Corsentino,23,2023,Kansas State,Big 12,2,0,1,5.4,14,0,,0,0,1,25,33,16,15,1,9,1,27,4,0,3,121,1.68,11.9,0.4,3.2,9.7,3,,player.fcgi?id=corsen000bla,
Andrew Evans,19,2023,Kansas State,Big 12,0,0,,3.75,7,1,,0,0,0,12,18,7,5,1,2,0,10,0,0,1,58,1.667,13.5,0.8,1.5,7.5,5,,player.fcgi?id=evans-002and,
German Fajardo,22,2023,Kansas State,Big 12,4,4,0.5,5.65,16,16,,0,0,0,73.1,74,48,46,9,37,0,68,14,2,2,343,1.514,9.1,1.1,4.5,8.3,1.84,,player.fcgi?id=fajard000ger,
Shay Hartis,23,2023,Kansas State,Big 12,2,1,0.667,7.12,16,2,,0,0,1,30.1,45,27,24,7,16,1,28,1,0,2,150,2.011,13.4,2.1,4.7,8.3,1.75,,player.fcgi?id=hartis000sha,
Jared Henry,22,2023,Kansas State,Big 12,0,0,,0,1,0,,0,0,0,1,1,0,0,0,1,0,2,0,0,0,5,2,9,0,9,18,2,,player.fcgi?id=henry-000jar,
Kyler Heyne,21,2023,Kansas State,Big 12,3,0,1,2.83,16,0,,0,0,1,28.2,27,15,9,2,10,2,24,1,0,3,121,1.291,8.5,0.6,3.1,7.5,2.4,,player.fcgi?id=heyne-002kyl,
Tyson Neighbors,20,2023,Kansas State,Big 12,5,1,0.833,1.85,25,0,,0,0,11,48.2,22,11,10,5,16,0,86,3,0,3,184,0.781,4.1,0.9,3,15.9,5.38,,player.fcgi?id=neighb000tys,
Trae Robertson*,23,2023,Kansas State,Big 12,0,0,,13.5,4,0,,0,0,0,2.2,4,4,4,1,5,0,5,0,0,0,17,3.375,13.5,3.4,16.9,16.9,1,,player.fcgi?id=robert005tra,
Collin Rothermel,20,2023,Kansas State,Big 12,1,3,0.25,6.04,8,6,,0,0,0,28.1,32,29,19,7,19,0,22,5,0,6,143,1.8,10.2,2.2,6,7,1.16,,player.fcgi?id=rother000col,
Ty Ruhl,22,2023,Kansas State,Big 12,4,4,0.5,5.31,26,2,,0,0,2,61,62,42,36,5,22,1,51,7,1,3,268,1.377,9.1,0.7,3.2,7.5,2.32,,player.fcgi?id=ruhl--000ty-,
Jackson Wentworth,20,2023,Kansas State,Big 12,1,4,0.2,8.72,10,8,,0,0,0,32,50,34,31,7,11,0,27,4,0,2,158,1.906,14.1,2,3.1,7.6,2.45,,player.fcgi?id=wentwo001jac,
Cole Wisenbaker*,19,2023,Kansas State,Big 12,2,1,0.667,8.5,15,0,,0,0,0,18,23,18,17,1,7,0,11,5,0,1,83,1.667,11.5,0.5,3.5,5.5,1.57,,player.fcgi?id=wisenb000col,
Adam Arther*,19,2024,Kansas State,Big 12,0,1,0,5.68,14,0,,0,0,0,19,17,13,12,1,7,1,12,4,0,1,83,1.263,8.1,0.5,3.3,5.7,1.71,,player.fcgi?id=arther000ada,
Owen Boerema*,23,2024,Kansas State,Big 12,6,3,0.667,4.96,19,19,,1,0,0,98,90,60,54,15,48,0,110,17,0,0,443,1.408,8.3,1.4,4.4,10.1,2.29,,player.fcgi?id=boerem000owe,
Mason Buss,20,2024,Kansas State,Big 12,2,0,1,4.26,13,1,,0,0,0,19,21,13,9,3,6,0,11,1,0,0,82,1.421,9.9,1.4,2.8,5.2,1.83,,player.fcgi?id=buss--000mas,
Blake Dean,19,2024,Kansas State,Big 12,4,4,0.5,4.72,29,3,,0,0,1,61,61,44,32,7,28,1,64,12,0,6,290,1.459,9,1,4.1,9.4,2.29,,player.fcgi?id=dean--000bla,
Andrew Evans,20,2024,Kansas State,Big 12,4,2,0.667,10.08,11,2,,0,0,0,25,35,29,28,4,9,0,19,1,0,4,119,1.76,12.6,1.4,3.2,6.8,2.11,,player.fcgi?id=evans-002and,
Jacob Frost*,21,2024,Kansas State,Big 12,3,1,0.75,7.49,14,8,,0,0,0,45.2,52,45,38,9,23,0,40,6,0,5,217,1.642,10.2,1.8,4.5,7.9,1.74,,player.fcgi?id=frost-005jac,
James Guyette,19,2024,Kansas State,Big 12,0,0,,22.5,5,1,,0,0,0,6,14,15,15,4,6,0,7,1,0,1,38,3.333,21,6,9,10.5,1.17,,player.fcgi?id=guyett000jam,
Preston Martinez,21,2024,Kansas State,Big 12,0,0,,5.4,11,0,,0,0,0,10,13,8,6,0,9,0,14,3,0,0,55,2.2,11.7,0,8.1,12.6,1.56,,player.fcgi?id=martin002pre,
Tyson Neighbors,21,2024,Kansas State,Big 12,1,2,0.333,3.96,22,0,,0,0,9,38.2,30,19,17,6,19,0,61,1,0,3,167,1.267,7,1.4,4.4,14.2,3.21,,player.fcgi?id=neighb000tys,
Sam Roberts,21,2024,Kansas State,Big 12,1,0,1,4.05,10,0,,0,0,0,6.2,3,4,3,0,4,0,7,4,1,0,27,1.05,4.1,0,5.4,9.5,1.75,,player.fcgi?id=robert005sam,
Ty Ruhl,23,2024,Kansas State,Big 12,1,2,0.333,7.16,8,6,,0,0,0,16.1,19,17,13,4,15,0,17,1,0,0,81,2.082,10.5,2.2,8.3,9.4,1.13,,player.fcgi?id=ruhl--000ty-,
JJ Slack*,23,2024,Kansas State,Big 12,2,1,0.667,4.26,15,0,,0,0,0,25.1,24,13,12,2,13,0,28,2,0,1,111,1.461,8.5,0.7,4.6,9.9,2.15,,player.fcgi?id=slack-000jj-,
Jackson Wentworth,21,2024,Kansas State,Big 12,5,6,0.455,4.24,28,8,,0,0,6,87,75,46,41,7,27,0,115,4,0,5,365,1.172,7.8,0.7,2.8,11.9,4.26,,player.fcgi?id=wentwo001jac,
Josh Wintroub,23,2024,Kansas State,Big 12,2,4,0.333,6.67,17,13,,0,0,0,55.1,74,47,41,10,15,0,56,4,0,2,259,1.608,12,1.6,2.4,9.1,3.73,,player.fcgi?id=wintro000jos,
Cole Wisenbaker*,20,2024,Kansas State,Big 12,4,0,1,2.67,22,0,,0,0,0,33.2,29,11,10,3,14,2,29,11,0,1,152,1.277,7.8,0.8,3.7,7.8,2.07,,player.fcgi?id=wisenb000col,
Adam Arther*,20,2025,Kansas State,Big 12,2,0,1,2.45,21,0,,0,0,1,25.2,20,9,7,1,9,0,15,4,0,0,106,1.13,7,0.4,3.2,5.3,1.67,,player.fcgi?id=arther000ada,
Mason Buss,21,2025,Kansas State,Big 12,0,0,,13.5,2,0,,0,0,0,1.1,4,3,2,0,0,0,0,2,0,2,10,3,27,0,0,0,,,player.fcgi?id=buss--000mas,
Taz Butler,22,2025,Kansas State,Big 12,1,1,0.5,6.75,16,1,,0,0,1,26.2,28,22,20,4,9,1,24,3,0,0,115,1.388,9.5,1.4,3,8.1,2.67,,player.fcgi?id=butler000taz,
Blake Dean,20,2025,Kansas State,Big 12,2,1,0.667,6.61,19,0,,0,0,1,31.1,40,27,23,5,17,1,36,8,0,7,160,1.819,11.5,1.4,4.9,10.3,2.12,,player.fcgi?id=dean--000bla,
Tanner Duke,21,2025,Kansas State,Big 12,2,3,0.4,4.97,13,7,,0,0,0,38,34,27,21,5,15,0,35,10,1,1,176,1.289,8.1,1.2,3.6,8.3,2.33,,player.fcgi?id=duke--000tan,
Jacob Frost*,22,2025,Kansas State,Big 12,1,5,0.167,5.97,18,15,,0,0,0,66.1,62,49,44,7,40,1,75,10,1,3,316,1.538,8.4,0.9,5.4,10.2,1.88,,player.fcgi?id=frost-005jac,
James Guyette,20,2025,Kansas State,Big 12,4,3,0.571,4.7,24,0,,0,0,4,51.2,44,32,27,4,27,1,51,14,0,2,238,1.374,7.7,0.7,4.7,8.9,1.89,,player.fcgi?id=guyett000jam,
Micah Henson*,19,2025,Kansas State,Big 12,0,0,,7.71,3,0,,0,0,0,2.1,0,2,2,0,3,0,3,1,0,1,10,1.286,0,0,11.6,11.6,1,,player.fcgi?id=henson004mic,
Donte Lewis,19,2025,Kansas State,Big 12,2,0,1,6.63,12,3,,0,0,0,19,19,19,14,1,10,0,21,7,0,3,97,1.526,9,0.5,4.7,9.9,2.1,,player.fcgi?id=lewis-011don,
Michael Quevedo*,22,2025,Kansas State,Big 12,6,3,0.667,6.22,15,14,,0,0,0,63.2,76,45,44,10,29,2,70,10,2,3,301,1.649,10.7,1.4,4.1,9.9,2.41,,player.fcgi?id=queved000mic,
Brody Roe*,21,2025,Kansas State,Big 12,0,0,,3.12,7,0,,0,0,1,8.2,12,9,3,1,6,0,3,3,0,0,46,2.077,12.5,1,6.2,3.1,0.5,,player.fcgi?id=roe---000bro,
Ben Rosin,22,2025,Kansas State,Big 12,0,0,,7.36,5,0,,0,0,0,3.2,7,4,3,0,5,0,2,0,0,0,22,3.273,17.2,0,12.3,4.9,0.4,,player.fcgi?id=rosin-000ben,
Ty Ruhl,24,2025,Kansas State,Big 12,3,3,0.5,5.23,19,1,,0,0,0,43,38,28,25,5,23,2,37,10,1,4,196,1.419,8,1,4.8,7.7,1.61,,player.fcgi?id=ruhl--000ty-,
Lincoln Sheffield*,21,2025,Kansas State,Big 12,7,4,0.636,5.45,16,15,,1,0,0,74.1,96,47,45,10,19,0,70,0,0,6,333,1.547,11.6,1.2,2.3,8.5,3.68,,player.fcgi?id=sheffi000lin,
JJ Slack*,24,2025,Kansas State,Big 12,2,3,0.4,9,18,2,,0,0,0,32,32,33,32,5,22,0,53,10,0,1,158,1.688,9,1.4,6.2,14.9,2.41,,player.fcgi?id=slack-000jj-,
Miles Smith,22,2025,Kansas State,Big 12,0,0,,19.29,8,0,,0,0,0,7,15,15,15,2,7,0,12,3,0,1,45,3.143,19.3,2.6,9,15.4,1.71,,player.fcgi?id=smith-011mil,
Aaron Arnold,22,2026,Kansas State,Big 12,0,1,0,4.62,15,0,,0,0,1,25.1,30,13,13,3,9,0,25,1,0,1,115,1.539,10.7,1.1,3.2,8.9,2.78,,player.fcgi?id=arnold000aar,
Adam Arther*,21,2026,Kansas State,Big 12,3,1,0.75,7.39,22,0,,0,0,2,28,37,27,23,6,15,0,27,4,0,3,140,1.857,11.9,1.9,4.8,8.7,1.8,,player.fcgi?id=arther000ada,
Taz Butler,23,2026,Kansas State,Big 12,0,4,0,5.24,21,4,,0,0,3,55,50,36,32,8,22,2,58,3,0,8,241,1.309,8.2,1.3,3.6,9.5,2.64,,player.fcgi?id=butler000taz,
Tanner Duke,22,2026,Kansas State,Big 12,3,2,0.6,7.34,8,8,,1,0,0,34.1,46,34,28,8,9,0,39,7,0,4,163,1.602,12.1,2.1,2.4,10.2,4.33,,player.fcgi?id=duke--000tan,
Billy Eich,22,2026,Kansas State,Big 12,1,0,1,7.56,6,1,,0,0,0,8.1,6,7,7,2,11,0,6,1,0,2,42,2.04,6.5,2.2,11.9,6.5,0.55,,player.fcgi?id=eich--000bil,
Cohen Feser,23,2026,Kansas State,Big 12,2,2,0.5,4.67,16,3,,0,0,4,34.2,43,19,18,7,11,0,30,2,0,1,163,1.558,11.2,1.8,2.9,7.8,2.73,,player.fcgi?id=feser-000coh,
Matt Flores,22,2026,Kansas State,Big 12,1,2,0.333,8.44,8,3,,0,0,0,21.1,33,22,20,1,6,0,17,4,0,1,105,1.828,13.9,0.4,2.5,7.2,2.83,,player.fcgi?id=flores003mat,
Robert Fortenberry*,23,2026,Kansas State,Big 12,1,1,0.5,9.39,12,3,,0,0,0,23,23,27,24,5,9,0,26,5,0,3,105,1.391,9,2,3.5,10.2,2.89,,player.fcgi?id=forten000rob,
Ethan Giesbrecht,22,2026,Kansas State,Big 12,0,0,,0,1,0,,0,0,0,1,1,0,0,0,0,0,0,0,0,0,4,1,9,0,0,0,,,player.fcgi?id=giesbr000eth,
James Guyette,21,2026,Kansas State,Big 12,6,4,0.6,5.56,16,15,,1,0,0,79.1,90,62,49,8,35,0,105,19,1,9,377,1.576,10.2,0.9,4,11.9,3,,player.fcgi?id=guyett000jam,
Austin Haley,21,2026,Kansas State,Big 12,2,0,1,3.8,8,2,,0,0,0,21.1,25,13,9,5,4,0,11,1,0,0,90,1.359,10.5,2.1,1.7,4.6,2.75,,player.fcgi?id=haley-000aus,
Donte Lewis,20,2026,Kansas State,Big 12,0,0,,8.1,2,2,,0,0,0,6.2,8,6,6,0,7,0,9,0,1,1,35,2.25,10.8,0,9.5,12.2,1.29,,player.fcgi?id=lewis-011don,
Carson Liggett,23,2026,Kansas State,Big 12,1,0,1,0,3,1,,0,0,0,10.1,4,0,0,0,4,0,8,0,0,2,38,0.774,3.5,0,3.5,7,2,,player.fcgi?id=ligget000car,
Adan Longoria,21,2026,Kansas State,Big 12,0,0,,7.24,11,0,,0,0,0,13.2,20,15,11,6,7,0,14,1,0,0,69,1.976,13.2,4,4.6,9.2,2,,player.fcgi?id=longor000ada,
Lincoln Sheffield*,22,2026,Kansas State,Big 12,8,4,0.667,4.87,16,15,,2,0,0,88.2,101,56,48,13,20,0,79,7,0,4,387,1.365,10.3,1.3,2,8,3.95,,player.fcgi?id=sheffi000lin,
Miles Smith,23,2026,Kansas State,Big 12,2,5,0.286,7.01,20,0,,0,0,0,34.2,33,28,27,6,14,0,31,7,0,2,151,1.356,8.6,1.6,3.6,8,2.21,,player.fcgi?id=smith-011mil,
Cole Wisenbaker*,22,2026,Kansas State,Big 12,0,1,0,15.63,14,0,,0,0,0,6.1,14,11,11,1,6,0,9,2,0,6,41,3.158,19.9,1.4,8.5,12.8,1.5,,player.fcgi?id=wisenb000col,
Connor Blue,--,2026,Cincinnati,Big 12,4,2,0.667,5.25,17,11,,0,0,0,61.2,63,42,36,8,23,0,45,8,0,4,269,1.395,9.2,1.2,3.4,6.6,1.96,,player.fcgi?id=blue--000con,
Adam Brouwer,23,2026,Cincinnati,Big 12,2,3,0.4,5.57,19,8,,0,0,1,51.2,56,33,32,13,16,3,39,3,0,2,224,1.394,9.8,2.3,2.8,6.8,2.44,,player.fcgi?id=brouwe000ada,
Chad Brown,19,2026,Cincinnati,Big 12,5,0,1,3.72,20,1,,0,0,3,38.2,38,18,16,6,22,0,44,1,0,9,171,1.552,8.8,1.4,5.1,10.2,2,,player.fcgi?id=brown-039cha,
Adam Buczkowski,20,2026,Cincinnati,Big 12,4,2,0.667,4.35,28,0,,0,0,6,41.1,27,22,20,4,26,1,63,10,1,2,184,1.282,5.9,0.9,5.7,13.7,2.42,,player.fcgi?id=buczko000ada,
Bradley Coulter,21,2026,Cincinnati,Big 12,0,0,,9,5,0,,0,0,0,2,1,2,2,0,5,0,4,0,0,0,12,3,4.5,0,22.5,18,0.8,,player.fcgi?id=coulte000bra,
Charlie Dieruf,20,2026,Cincinnati,Big 12,0,0,,10.8,5,0,,0,0,0,3.1,4,4,4,1,5,0,3,1,0,1,21,2.7,10.8,2.7,13.5,8.1,0.6,,player.fcgi?id=dieruf000cha,
Brennan Eager*,--,2026,Cincinnati,Big 12,0,0,,10.13,8,0,,0,0,0,8,9,9,9,2,4,0,8,2,0,1,39,1.625,10.1,2.3,4.5,9,2,,player.fcgi?id=eager-000bre,
Brenden Garula*,22,2026,Cincinnati,Big 12,2,0,1,6.86,18,3,,0,0,0,21,30,17,16,1,17,0,20,7,0,1,113,2.238,12.9,0.4,7.3,8.6,1.18,,player.fcgi?id=garula000bre,
Alex Gonzalez,19,2026,Cincinnati,Big 12,2,0,1,7,10,0,,0,0,0,9,10,7,7,1,4,0,11,1,0,4,40,1.556,10,1,4,11,2.75,,player.fcgi?id=gonzal033ale,
Hudson Johnson*,20,2026,Cincinnati,Big 12,0,0,,7.11,12,0,,0,0,0,6.1,2,5,5,1,7,0,7,2,0,4,28,1.421,2.8,1.4,9.9,9.9,1,,player.fcgi?id=johnso000hud,
Logan Knight,22,2026,Cincinnati,Big 12,4,4,0.5,4.85,16,14,,0,0,0,68.2,70,41,37,13,19,0,63,2,1,1,302,1.296,9.2,1.7,2.5,8.3,3.32,,player.fcgi?id=knight000log,
Carson Marsh,21,2026,Cincinnati,Big 12,4,1,0.8,4.26,12,0,,0,0,0,19,14,10,9,4,4,0,16,1,0,4,76,0.947,6.6,1.9,1.9,7.6,4,,player.fcgi?id=marsh-002car,
Dominic Mauro,21,2026,Cincinnati,Big 12,2,3,0.4,5.27,21,0,,0,0,5,41,52,32,24,4,11,0,43,3,0,1,187,1.537,11.4,0.9,2.4,9.4,3.91,,player.fcgi?id=mauro-000dom,
Brendin Oliver,20,2026,Cincinnati,Big 12,0,0,,5.79,11,0,,0,0,0,9.1,9,6,6,1,6,0,11,5,0,1,48,1.607,8.7,1,5.8,10.6,1.83,,player.fcgi?id=oliver000bre,
Joel Piñeiro,23,2026,Cincinnati,Big 12,1,2,0.333,7.71,14,0,,0,0,1,18.2,25,18,16,5,8,2,16,2,0,0,90,1.768,12.1,2.4,3.9,7.7,2,,player.fcgi?id=pinier000joe,
Dillon Schueler,22,2026,Cincinnati,Big 12,0,2,0,4.73,19,7,,0,0,0,32.1,36,18,17,4,18,0,38,4,0,6,152,1.67,10,1.1,5,10.6,2.11,,player.fcgi?id=schuel000dil,
Nathan Taylor,21,2026,Cincinnati,Big 12,7,3,0.7,3.6,16,16,,0,0,0,90,80,47,36,10,27,2,115,6,0,5,385,1.189,8,1,2.7,11.5,4.26,,player.fcgi?id=taylor004nat,
Keegan Allen,22,2025,Cincinnati,Big 12,0,0,,6.75,2,0,,0,0,0,1.1,1,1,1,1,1,0,1,0,0,0,6,1.5,6.8,6.8,6.8,6.8,1,,player.fcgi?id=allen-001kee,
Ty Barnett*,19,2025,Cincinnati,Big 12,1,2,0.333,4.61,13,4,,0,0,0,13.2,12,11,7,1,7,0,7,1,0,0,61,1.39,7.9,0.7,4.6,4.6,1,,player.fcgi?id=barnet000ty-,
Max Bergmann,22,2025,Cincinnati,Big 12,1,1,0.5,5.82,14,0,,0,0,1,17,15,11,11,2,10,0,20,6,0,4,81,1.471,7.9,1.1,5.3,10.6,2,,player.fcgi?id=bergma000max,
Adam Buczkowski,19,2025,Cincinnati,Big 12,4,0,1,5.73,21,0,,0,0,0,33,30,22,21,2,19,0,44,8,0,2,154,1.485,8.2,0.5,5.2,12,2.32,,player.fcgi?id=buczko000ada,
Michael Conte,22,2025,Cincinnati,Big 12,2,1,0.667,2.53,18,0,,0,0,0,21.1,18,6,6,4,3,0,20,0,0,0,84,0.984,7.6,1.7,1.3,8.4,6.67,,player.fcgi?id=conte-003mic,
Chase Horst*,21,2025,Cincinnati,Big 12,2,0,1,4.22,15,0,,0,0,0,10.2,6,5,5,1,9,0,6,2,0,3,46,1.406,5.1,0.8,7.6,5.1,0.67,,player.fcgi?id=horst-000cha,
Hudson Johnson*,19,2025,Cincinnati,Big 12,4,2,0.667,5.35,22,0,,0,0,1,35.1,40,25,21,5,14,0,31,3,1,5,165,1.528,10.2,1.3,3.6,7.9,2.21,,player.fcgi?id=johnso000hud,
Carson Marsh,20,2025,Cincinnati,Big 12,3,6,0.333,7.5,24,9,,0,0,1,42,41,36,35,4,24,0,51,6,0,6,199,1.548,8.8,0.9,5.1,10.9,2.13,,player.fcgi?id=marsh-002car,
Christian Mitchelle,21,2025,Cincinnati,Big 12,0,1,0,9,10,0,,0,0,3,9,13,9,9,3,4,0,5,0,0,0,42,1.889,13,3,4,5,1.25,,player.fcgi?id=mitche007chr,
Adam Mrakitsch*,22,2025,Cincinnati,Big 12,1,3,0.25,6.15,16,7,,0,0,0,45.1,58,36,31,7,29,0,43,3,0,4,219,1.919,11.5,1.4,5.8,8.5,1.48,,player.fcgi?id=mrakit000ada,
Kellen O'Connor*,23,2025,Cincinnati,Big 12,3,3,0.5,5.22,17,12,,1,0,2,70.2,69,45,41,15,25,1,60,6,0,6,307,1.33,8.8,1.9,3.2,7.6,2.4,,player.fcgi?id=oconno000kel,
Brendin Oliver,19,2025,Cincinnati,Big 12,0,0,,10.93,9,0,,0,0,1,14,18,17,17,5,8,0,17,4,0,3,72,1.857,11.6,3.2,5.1,10.9,2.13,,player.fcgi?id=oliver000bre,
Joel Piñeiro,22,2025,Cincinnati,Big 12,2,3,0.4,6.75,19,5,,0,0,0,41.1,48,33,31,9,12,0,28,6,0,6,189,1.452,10.5,2,2.6,6.1,2.33,,player.fcgi?id=pinier000joe,
Brandon Scheurer,24,2025,Cincinnati,Big 12,3,0,1,4.71,27,4,,0,0,3,42,38,24,22,7,19,2,45,1,0,4,180,1.357,8.1,1.5,4.1,9.6,2.37,,player.fcgi?id=scheur000bra,
Rodney Shultz,22,2025,Cincinnati,Big 12,0,2,0,6.69,21,3,,0,0,0,35,47,29,26,3,9,0,27,6,0,1,165,1.6,12.1,0.8,2.3,6.9,3,,player.fcgi?id=shultz000rod,
Nathan Taylor,20,2025,Cincinnati,Big 12,7,2,0.778,3.93,15,15,,0,0,0,87,83,47,38,11,36,1,91,1,0,11,373,1.368,8.6,1.1,3.7,9.4,2.53,,player.fcgi?id=taylor004nat,
Tommy Boba,20,2024,Cincinnati,Big 12,5,6,0.455,5.6,18,15,,0,0,0,70.2,68,53,44,15,30,0,64,11,0,3,317,1.387,8.7,1.9,3.8,8.2,2.13,,player.fcgi?id=boba--000tom,
Michael Conte,21,2024,Cincinnati,Big 12,2,1,0.667,8.38,14,1,,0,0,0,19.1,30,21,18,3,7,0,20,6,0,2,104,1.914,14,1.4,3.3,9.3,2.86,,player.fcgi?id=conte-003mic,
Bradley Coulter,19,2024,Cincinnati,Big 12,1,1,0.5,7.2,12,4,,0,0,0,20,21,22,16,4,21,0,26,2,0,1,108,2.1,9.5,1.8,9.5,11.7,1.24,,player.fcgi?id=coulte000bra,
Drew Erdmann,19,2024,Cincinnati,Big 12,0,1,0,8.36,11,0,,0,0,0,14,18,17,13,0,16,0,16,6,1,2,84,2.429,11.6,0,10.3,10.3,1,,player.fcgi?id=erdman000dre,
Brenden Garula*,20,2024,Cincinnati,Big 12,2,0,1,3.48,24,8,,0,0,1,41.1,48,22,16,4,20,1,43,7,0,5,192,1.645,10.5,0.9,4.4,9.4,2.15,,player.fcgi?id=garula000bre,
Chase Horst*,20,2024,Cincinnati,Big 12,3,0,1,9.82,14,3,,0,0,0,18.1,25,21,20,1,15,0,13,7,0,2,99,2.182,12.3,0.5,7.4,6.4,0.87,,player.fcgi?id=horst-000cha,
Griffin Hugus,20,2024,Cincinnati,Big 12,0,3,0,4.91,13,1,,0,0,1,33,32,20,18,6,21,0,29,2,0,4,154,1.606,8.7,1.6,5.7,7.9,1.38,,player.fcgi?id=hugus-000gri,
Joey Hurth,22,2024,Cincinnati,Big 12,1,2,0.333,5.48,17,0,,0,0,0,23,23,16,14,3,8,1,18,8,0,3,108,1.348,9,1.2,3.1,7,2.25,,player.fcgi?id=hurth-000joe,
Ryan Insco,23,2024,Cincinnati,Big 12,3,0,1,3.6,12,0,,0,0,1,15,11,6,6,0,10,1,12,3,0,0,69,1.4,6.6,0,6,7.2,1.2,,player.fcgi?id=insco-000rya,
Seth Logue,23,2024,Cincinnati,Big 12,2,4,0.333,6.88,14,8,,0,0,0,68,74,52,52,13,25,0,57,2,1,5,302,1.456,9.8,1.7,3.3,7.5,2.28,,player.fcgi?id=logue-000set,
Carson Marsh,19,2024,Cincinnati,Big 12,5,2,0.714,4.3,24,1,,0,0,1,44,37,21,21,6,15,0,52,4,0,3,182,1.182,7.6,1.2,3.1,10.6,3.47,,player.fcgi?id=marsh-002car,
Christian Mitchelle,20,2024,Cincinnati,Big 12,0,3,0,4.12,22,0,,0,0,6,39.1,43,20,18,4,10,3,27,2,0,1,174,1.347,9.8,0.9,2.3,6.2,2.7,,player.fcgi?id=mitche007chr,
Will Murphy,20,2024,Cincinnati,Big 12,0,0,,9.72,8,0,,0,0,0,8.1,13,9,9,1,5,0,6,0,0,0,42,2.16,14,1.1,5.4,6.5,1.2,,player.fcgi?id=murphy024wil,
Shawn Parnell,21,2024,Cincinnati,Big 12,0,0,,10.24,9,0,,0,0,0,9.2,14,15,11,2,14,0,11,2,0,1,59,2.897,13,1.9,13,10.2,0.79,,player.fcgi?id=parnel000sha,
Alex Shea*,23,2024,Cincinnati,Big 12,0,0,,40.5,2,0,,0,0,0,1.1,4,6,6,0,4,0,1,0,0,2,12,6,27,0,27,6.8,0.25,,player.fcgi?id=shea--000ale,
Nathan Taylor,19,2024,Cincinnati,Big 12,8,2,0.8,5.45,18,16,,1,0,0,72.2,75,48,44,9,33,0,70,7,1,5,328,1.486,9.3,1.1,4.1,8.7,2.12,,player.fcgi?id=taylor004nat,
Aiden Barrientes,18,2026,TCU,Big 12,1,0,1,9,2,0,,0,0,0,2,1,2,2,0,4,0,1,0,0,1,10,2.5,4.5,0,18,4.5,0.25,,player.fcgi?id=barrie000aid,
Trever Baumler,20,2026,TCU,Big 12,2,3,0.4,6.46,16,7,,0,0,0,46,57,34,33,5,17,1,33,8,1,5,214,1.609,11.2,1,3.3,6.5,1.94,,player.fcgi?id=baumle000tre,
Mason Brassfield*,20,2026,TCU,Big 12,4,3,0.571,6.24,16,8,,0,0,0,49,59,39,34,6,28,0,69,6,0,4,240,1.776,10.8,1.1,5.1,12.7,2.46,,player.fcgi?id=brassf000mas,
Lance Davis,21,2026,TCU,Big 12,5,3,0.625,3.71,14,14,,2,1,0,80,70,36,33,7,17,1,51,10,1,1,329,1.088,7.9,0.8,1.9,5.7,3,,player.fcgi?id=davis-007lan,
Kade Durnin,20,2026,TCU,Big 12,0,0,,5.79,11,0,,0,0,1,14,22,14,9,2,16,1,10,1,0,3,79,2.714,14.1,1.3,10.3,6.4,0.63,,player.fcgi?id=durnin000kad,
Cole Eaton,21,2026,TCU,Big 12,0,0,,27,3,0,,0,0,0,2.1,4,7,7,0,9,0,0,1,0,2,19,5.571,15.4,0,34.7,0,0,,player.fcgi?id=eaton-003col,
Uli Fernsler*,18,2026,TCU,Big 12,1,0,1,10.8,4,4,,0,0,0,8.1,13,11,10,4,6,0,5,3,0,0,46,2.28,14,4.3,6.5,5.4,0.83,,player.fcgi?id=fernsl000uli,
Noah Franco*,20,2026,TCU,Big 12,2,0,1,7.2,13,1,,0,0,1,15,17,13,12,2,11,0,19,4,0,5,75,1.867,10.2,1.2,6.6,11.4,1.73,,player.fcgi?id=franco000noa,
Zack James,20,2026,TCU,Big 12,6,0,1,3.64,15,8,,0,0,0,59.1,60,24,24,6,19,0,48,6,0,0,254,1.331,9.1,0.9,2.9,7.3,2.53,,player.fcgi?id=james-001zac,
Nolan Johnson*,23,2026,TCU,Big 12,0,2,0,7.71,10,4,,0,0,0,16.1,25,22,14,1,11,0,12,2,0,2,90,2.204,13.8,0.6,6.1,6.6,1.09,,player.fcgi?id=johnso004nol,
Tommy LaPour,21,2026,TCU,Big 12,1,3,0.25,6.35,6,4,,0,0,0,17,18,12,12,3,10,1,17,2,0,2,80,1.647,9.5,1.6,5.3,9,1.7,,player.fcgi?id=lapour000tom,
Cade Nelson,19,2026,TCU,Big 12,1,0,1,5.27,11,4,,0,0,0,27.1,25,17,16,2,10,0,23,4,0,0,119,1.28,8.2,0.7,3.3,7.6,2.3,,player.fcgi?id=nelson003cad,
Tyler Phenow,20,2026,TCU,Big 12,0,0,,11.7,13,0,,0,0,0,10,20,13,13,2,7,0,6,2,0,2,56,2.7,18,1.8,6.3,5.4,0.86,,player.fcgi?id=phenow000tyl,
Walter Quinn,23,2026,TCU,Big 12,3,2,0.6,5.14,28,0,,0,0,2,35,34,20,20,5,15,3,43,5,0,2,158,1.4,8.7,1.3,3.9,11.1,2.87,,player.fcgi?id=quinn-000wal,
Tanner Sagouspe,23,2026,TCU,Big 12,2,3,0.4,2.43,20,0,,0,0,5,33.1,22,10,9,2,14,1,43,2,0,9,133,1.08,5.9,0.5,3.8,11.6,3.07,,player.fcgi?id=sagous000tan,
Nate Stern,20,2026,TCU,Big 12,3,2,0.6,3.26,20,0,,0,0,1,30.1,27,11,11,4,21,0,38,1,0,4,134,1.582,8,1.2,6.2,11.3,1.81,,player.fcgi?id=stern-000nat,
Ethan Thomas,21,2026,TCU,Big 12,2,0,1,7.43,6,0,,0,0,0,13.1,16,12,11,3,9,0,17,1,0,0,65,1.875,10.8,2,6.1,11.5,1.89,,player.fcgi?id=thomas003eth,
Trever Baumler,19,2025,TCU,Big 12,2,4,0.333,6.39,13,8,,0,0,0,38,45,39,27,4,10,0,34,12,0,3,180,1.447,10.7,0.9,2.4,8.1,3.4,,player.fcgi?id=baumle000tre,
Mason Bixby,20,2025,TCU,Big 12,1,0,1,5.89,13,1,,0,0,0,18.1,13,13,12,1,20,0,24,8,0,3,93,1.8,6.4,0.5,9.8,11.8,1.2,,player.fcgi?id=bixby-000mas,
Mason Brassfield*,19,2025,TCU,Big 12,5,2,0.714,4.09,18,7,,0,0,0,61.2,59,32,28,8,23,0,68,7,0,6,267,1.33,8.6,1.2,3.4,9.9,2.96,,player.fcgi?id=brassf000mas,
Carson Cormier,21,2025,TCU,Big 12,1,0,1,4.5,4,0,,0,0,0,6,3,3,3,2,2,0,9,1,0,1,24,0.833,4.5,3,3,13.5,4.5,,player.fcgi?id=cormie000car,
Kade Eudy,19,2025,TCU,Big 12,1,1,0.5,3.75,20,0,,0,0,6,24,22,10,10,2,8,0,20,2,0,3,101,1.25,8.3,0.8,3,7.5,2.5,,player.fcgi?id=eudy--000kad,
Cohen Feser,22,2025,TCU,Big 12,1,2,0.333,4.97,18,0,,0,0,1,25.1,24,16,14,4,8,1,22,1,0,1,107,1.263,8.5,1.4,2.8,7.8,2.75,,player.fcgi?id=feser-000coh,
Noah Franco*,19,2025,TCU,Big 12,0,0,,7.3,8,3,,0,0,0,12.1,12,10,10,1,9,0,18,2,0,2,60,1.703,8.8,0.7,6.6,13.1,2,,player.fcgi?id=franco000noa,
Zack James,19,2025,TCU,Big 12,3,0,1,7.2,10,4,,0,0,0,20,26,18,16,5,5,0,14,2,0,2,91,1.55,11.7,2.3,2.3,6.3,2.8,,player.fcgi?id=james-001zac,
Kole Klecker,20,2025,TCU,Big 12,0,0,,4.66,10,5,,0,0,1,19.1,19,11,10,3,10,0,20,0,0,2,84,1.5,8.8,1.4,4.7,9.3,2,,player.fcgi?id=klecke000kol,
Tommy LaPour,20,2025,TCU,Big 12,8,3,0.727,3.09,16,16,,0,0,0,90.1,78,33,31,6,27,0,88,8,1,4,376,1.162,7.8,0.6,2.7,8.8,3.26,,player.fcgi?id=lapour000tom,
Trey Newmann,19,2025,TCU,Big 12,1,0,1,8.31,5,0,,0,0,0,4.1,3,6,4,0,5,0,5,1,0,1,23,1.846,6.2,0,10.4,10.4,1,,player.fcgi?id=newman001tre,
Caedmon Parker,22,2025,TCU,Big 12,3,2,0.6,5.4,13,12,,0,0,0,50,53,32,30,6,20,0,35,8,0,2,228,1.46,9.5,1.1,3.6,6.3,1.75,,player.fcgi?id=parker000cae,
Tyler Phenow,19,2025,TCU,Big 12,0,0,,0,1,0,,0,0,0,1,0,0,0,0,0,0,1,0,0,0,3,0,0,0,0,9,,,player.fcgi?id=phenow000tyl,
Louis Rodriguez,21,2025,TCU,Big 12,5,1,0.833,3.19,25,2,,0,0,1,48,39,23,17,3,14,1,47,3,0,1,192,1.104,7.3,0.6,2.6,8.8,3.36,,player.fcgi?id=rodrig002lou,
Blake Rogers,21,2025,TCU,Big 12,0,0,,9,2,0,,0,0,0,1,1,1,1,0,0,0,1,0,0,1,5,1,9,0,0,9,,,player.fcgi?id=rogers005bla,
Luca Shinn*,23,2025,TCU,Big 12,1,0,1,5.65,17,0,,0,0,1,14.1,14,9,9,0,11,0,24,0,0,3,65,1.744,8.8,0,6.9,15.1,2.18,,player.fcgi?id=shinn-000gia,
Braeden Sloan*,21,2025,TCU,Big 12,3,4,0.429,4.14,17,0,,0,0,3,58.2,43,28,27,6,28,0,76,9,0,6,255,1.21,6.6,0.9,4.3,11.7,2.71,,player.fcgi?id=sloan-003bra,
Kaden Smith,19,2025,TCU,Big 12,1,0,1,5.25,14,0,,0,0,0,12,12,9,7,3,6,0,12,3,0,0,57,1.5,9,2.3,4.5,9,2,,player.fcgi?id=smith-002kad,
Nate Stern,19,2025,TCU,Big 12,3,1,0.75,1.35,15,1,,0,0,0,20,13,3,3,3,10,0,29,2,0,3,85,1.15,5.9,1.4,4.5,13.1,2.9,,player.fcgi?id=stern-000nat,
Jax Traeger,21,2025,TCU,Big 12,0,0,,0,2,0,,0,0,0,1.1,1,0,0,0,2,0,3,0,0,2,7,2.25,6.8,0,13.5,20.3,1.5,,player.fcgi?id=traege000jax,
Ben Abeldt*,20,2024,TCU,Big 12,3,0,1,1.83,26,1,,0,0,8,44.1,29,10,9,1,16,2,54,7,2,3,181,1.015,5.9,0.2,3.2,11,3.38,,player.fcgi?id=abeldt000ben,
Kyle Ayers,21,2024,TCU,Big 12,1,0,1,6.59,10,0,,0,0,0,13.2,18,10,10,1,8,1,17,1,0,1,65,1.902,11.9,0.7,5.3,11.2,2.13,,player.fcgi?id=ayers-003kyl,
Mason Bixby,19,2024,TCU,Big 12,1,1,0.5,4.5,8,3,,0,0,0,18,13,9,9,1,15,0,26,3,0,1,83,1.556,6.5,0.5,7.5,13,1.73,,player.fcgi?id=bixby-000mas,
Zachary Cawyer,21,2024,TCU,Big 12,6,2,0.75,5.2,24,1,,0,0,1,36.1,32,23,21,4,21,0,39,2,0,6,157,1.459,7.9,1,5.2,9.7,1.86,,player.fcgi?id=cawyer000zac,
Ben Hampton*,22,2024,TCU,Big 12,1,1,0.5,7.52,9,5,,0,0,0,20.1,31,19,17,5,5,0,20,0,0,0,95,1.77,13.7,2.2,2.2,8.9,4,,player.fcgi?id=hampto000ben,
Storm Hierholzer,22,2024,TCU,Big 12,1,0,1,3.86,7,0,,0,0,0,9.1,4,4,4,0,11,0,12,3,0,0,46,1.607,3.9,0,10.6,11.6,1.09,,player.fcgi?id=hierho000sto,
Hunter Hodges,21,2024,TCU,Big 12,0,0,,1.86,18,0,,0,0,1,19.1,8,4,4,1,13,0,33,0,0,5,77,1.086,3.7,0.5,6.1,15.4,2.54,,player.fcgi?id=hodges000hun,
Chase Hoover*,20,2024,TCU,Big 12,0,0,,9.74,20,1,,0,0,1,20.1,27,22,22,3,13,0,31,2,0,1,102,1.967,12,1.3,5.8,13.7,2.38,,player.fcgi?id=hoover003cha,
Kole Klecker,19,2024,TCU,Big 12,1,3,0.25,5.96,14,9,,0,0,1,48.1,60,34,32,11,16,0,54,4,0,1,220,1.572,11.2,2,3,10.1,3.38,,player.fcgi?id=klecke000kol,
Zack Morris*,23,2024,TCU,Big 12,1,1,0.5,7.86,14,4,,0,0,0,26.1,35,26,23,7,13,0,29,2,1,1,132,1.823,12,2.4,4.4,9.9,2.23,,player.fcgi?id=morris005zac,
Andrew Mosiello,23,2024,TCU,Big 12,0,1,0,5.68,9,0,,0,0,1,12.2,7,8,8,0,13,0,18,4,0,3,60,1.579,5,0,9.2,12.8,1.38,,player.fcgi?id=mosiel000and,
Caedmon Parker,21,2024,TCU,Big 12,3,1,0.75,4.11,17,4,,0,0,1,35,28,19,16,5,20,0,42,3,0,1,154,1.371,7.2,1.3,5.1,10.8,2.1,,player.fcgi?id=parker000cae,
Louis Rodriguez,20,2024,TCU,Big 12,4,3,0.571,4.13,19,8,,0,0,2,52.1,51,24,24,4,17,0,54,5,0,2,226,1.299,8.8,0.7,2.9,9.3,3.18,,player.fcgi?id=rodrig002lou,
Braeden Sloan*,20,2024,TCU,Big 12,4,4,0.5,5.93,16,4,,0,0,1,27.1,30,22,18,1,17,2,43,4,1,5,136,1.72,9.9,0.3,5.6,14.2,2.53,,player.fcgi?id=sloan-003bra,
Colt Taylor,22,2024,TCU,Big 12,0,0,,0,8,0,,0,0,0,8.1,7,1,0,0,2,0,6,0,0,2,34,1.08,7.6,0,2.2,6.5,3,,player.fcgi?id=taylor014col,
Payton Tolle*,21,2024,TCU,Big 12,7,4,0.636,3.21,14,14,,1,1,0,81.1,57,30,29,6,37,0,125,7,1,3,337,1.156,6.3,0.7,4.1,13.8,3.38,,player.fcgi?id=tolle-000pay,
Jax Traeger,20,2024,TCU,Big 12,0,0,,9,4,0,,0,0,0,2,3,2,2,0,1,0,3,0,0,1,10,2,13.5,0,4.5,13.5,3,,player.fcgi?id=traege000jax,
Ben Abeldt*,19,2023,TCU,Big 12,3,4,0.429,3.6,32,1,,0,0,2,55,49,34,22,5,24,1,71,10,0,3,243,1.327,8,0.8,3.9,11.6,2.96,,player.fcgi?id=abeldt000ben,
Cam Brown,21,2023,TCU,Big 12,3,2,0.6,5.2,16,12,,1,1,0,55.1,40,35,32,5,40,0,62,10,0,7,254,1.446,6.5,0.8,6.5,10.1,1.55,,player.fcgi?id=brown-005cam,
Cohen Feser,20,2023,TCU,Big 12,1,0,1,2.56,20,0,,0,0,1,31.2,26,10,9,2,8,0,28,0,2,1,124,1.074,7.4,0.6,2.3,8,3.5,,player.fcgi?id=feser-000coh,
Justin Hackett,19,2023,TCU,Big 12,0,0,,11.37,6,0,,0,0,0,6.1,12,8,8,2,1,0,9,0,0,4,30,2.053,17.1,2.8,1.4,12.8,9,,player.fcgi?id=hacket000jus,
Hunter Hodges,20,2023,TCU,Big 12,1,0,1,2.57,13,0,,0,0,0,14,12,4,4,2,9,0,14,0,1,3,59,1.5,7.7,1.3,5.8,9,1.56,,player.fcgi?id=hodges000hun,
Chase Hoover*,19,2023,TCU,Big 12,1,1,0.5,5.14,13,4,,0,0,0,35,33,21,20,6,26,0,34,2,0,4,161,1.686,8.5,1.5,6.7,8.7,1.31,,player.fcgi?id=hoover003cha,
Kole Klecker,18,2023,TCU,Big 12,10,4,0.714,3.72,19,17,,0,0,0,96.2,78,42,40,17,30,0,72,7,1,3,402,1.117,7.3,1.6,2.8,6.7,2.4,,player.fcgi?id=klecke000kol,
Calvin Marley,24,2023,TCU,Big 12,0,0,,81,3,0,,0,0,0,0.2,2,6,6,0,5,0,1,0,0,2,9,10.5,27,0,67.5,13.5,0.2,,player.fcgi?id=marley000cal,
River Ridings*,21,2023,TCU,Big 12,1,0,1,5.91,15,0,,0,0,0,10.2,12,7,7,1,11,0,12,2,1,4,58,2.156,10.1,0.8,9.3,10.1,1.09,,player.fcgi?id=riding000riv,
Louis Rodriguez,19,2023,TCU,Big 12,2,1,0.667,4.53,17,5,,0,0,3,47.2,50,26,24,4,12,0,49,8,0,2,210,1.301,9.4,0.8,2.3,9.3,4.08,,player.fcgi?id=rodrig002lou,
Luke Savage,21,2023,TCU,Big 12,6,4,0.6,3.43,18,1,,0,0,2,39.1,33,17,15,5,15,0,27,2,0,3,164,1.22,7.6,1.1,3.4,6.2,1.8,,player.fcgi?id=savage000luk,
Braeden Sloan*,19,2023,TCU,Big 12,2,3,0.4,6.63,11,10,,0,0,0,38,44,30,28,4,14,0,28,4,1,1,173,1.526,10.4,0.9,3.3,6.6,2,,player.fcgi?id=sloan-003bra,
Mason Speaker,22,2023,TCU,Big 12,0,0,,6.46,14,0,,0,0,0,15.1,18,15,11,2,9,0,17,3,0,0,74,1.761,10.6,1.2,5.3,10,1.89,,player.fcgi?id=speake000mas,
Sam Stoutenborough,22,2023,TCU,Big 12,5,0,1,4.35,21,10,,0,0,0,70.1,73,41,34,8,18,0,58,4,0,3,305,1.294,9.3,1,2.3,7.4,3.22,,player.fcgi?id=stoute000sam,
Jax Traeger,19,2023,TCU,Big 12,2,0,1,4.63,7,0,,0,0,0,11.2,14,6,6,1,6,0,12,0,0,2,54,1.714,10.8,0.8,4.6,9.3,2,,player.fcgi?id=traege000jax,
Ryan Vanderhei,22,2023,TCU,Big 12,4,3,0.571,6.75,13,8,,0,0,0,42.2,44,34,32,7,25,0,43,9,0,5,203,1.617,9.3,1.5,5.3,9.1,1.72,,player.fcgi?id=vander000rya,
Garrett Wright,21,2023,TCU,Big 12,3,2,0.6,3.41,21,0,,0,0,5,29,17,11,11,1,16,2,36,1,0,7,120,1.138,5.3,0.3,5,11.2,2.25,,player.fcgi?id=wright006gar,
Trip Banta*,19,2022,TCU,Big 12,0,0,,0,3,0,,0,0,0,2.1,1,0,0,0,1,0,2,1,0,0,9,0.857,3.9,0,3.9,7.7,2,,player.fcgi?id=banta-000tri,
Caleb Bolden,23,2022,TCU,Big 12,5,2,0.714,6.23,23,1,,0,0,1,39,37,28,27,3,19,0,46,10,0,5,181,1.436,8.5,0.7,4.4,10.6,2.42,,player.fcgi?id=bolden000cal,
Cam Brown,20,2022,TCU,Big 12,5,2,0.714,4.42,13,9,,0,0,0,53,45,29,26,2,31,1,49,7,0,9,238,1.434,7.6,0.3,5.3,8.3,1.58,,player.fcgi?id=brown-005cam,
Riley Cornelio,22,2022,TCU,Big 12,4,5,0.444,4.68,15,15,,0,0,0,75,63,46,39,13,35,0,77,4,1,7,322,1.307,7.6,1.6,4.2,9.2,2.2,,player.fcgi?id=cornel000ril,
Cohen Feser,19,2022,TCU,Big 12,1,0,1,3.86,9,0,,0,0,0,16.1,21,8,7,2,0,0,11,1,0,0,70,1.286,11.6,1.1,0,6.1,,,player.fcgi?id=feser-000coh,
Storm Hierholzer,20,2022,TCU,Big 12,0,0,,12.79,7,0,,0,0,0,6.1,10,10,9,1,5,0,6,2,0,2,34,2.368,14.2,1.4,7.1,8.5,1.2,,player.fcgi?id=hierho000sto,
Drew Hill,23,2022,TCU,Big 12,1,0,1,6.91,13,0,,0,0,0,14.1,19,14,11,1,10,1,15,1,1,3,71,2.023,11.9,0.6,6.3,9.4,1.5,,player.fcgi?id=hill--000dre,
Austin Krob*,22,2022,TCU,Big 12,2,0,1,5.12,13,6,,0,0,0,31.2,31,19,18,2,15,1,45,5,0,3,145,1.453,8.8,0.6,4.3,12.8,3,,player.fcgi?id=krob--000aus,
Augie Mihlbauer*,23,2022,TCU,Big 12,3,0,1,3,26,0,,0,0,0,21,16,8,7,2,11,1,25,3,1,0,90,1.286,6.9,0.9,4.7,10.7,2.27,,player.fcgi?id=mihlba000aug,
Connor Oliver*,21,2022,TCU,Big 12,0,1,0,9.82,9,1,,0,0,0,11,19,14,12,2,9,0,14,2,0,3,64,2.545,15.5,1.6,7.4,11.5,1.56,,player.fcgi?id=oliver003con,
Caedmon Parker,19,2022,TCU,Big 12,2,2,0.5,5.19,9,7,,0,0,0,26,24,17,15,4,20,0,22,2,0,3,119,1.692,8.3,1.4,6.9,7.6,1.1,,player.fcgi?id=parker000cae,
Braxton Pearson,20,2022,TCU,Big 12,0,0,,4.5,4,0,,0,0,0,4,5,2,2,0,3,0,3,1,1,3,20,2,11.3,0,6.8,6.8,1,,player.fcgi?id=pearso003bra,
Marcelo Perez,22,2022,TCU,Big 12,6,3,0.667,3.23,17,9,,0,0,1,61.1,48,27,22,8,27,1,52,8,0,4,262,1.223,7,1.2,4,7.6,1.93,,player.fcgi?id=perez-014mar,
River Ridings*,20,2022,TCU,Big 12,2,3,0.4,6.95,21,1,,0,0,10,22,29,20,17,3,17,0,22,5,0,4,113,2.091,11.9,1.2,7,9,1.29,,player.fcgi?id=riding000riv,
Luke Savage,20,2022,TCU,Big 12,1,1,0.5,2.72,25,0,,0,0,2,39.2,34,14,12,1,17,1,35,8,1,3,170,1.286,7.7,0.2,3.9,7.9,2.06,,player.fcgi?id=savage000luk,
Hunter Teplanszky,20,2022,TCU,Big 12,0,0,,0,1,0,,0,0,0,1,1,0,0,0,1,0,0,0,0,1,5,2,9,0,9,0,0,,player.fcgi?id=teplan000hun,
Gray Thomas,19,2022,TCU,Big 12,0,1,0,4.5,7,0,,0,0,0,4,5,3,2,1,5,0,5,2,0,3,23,2.5,11.3,2.3,11.3,11.3,1,,player.fcgi?id=thomas001gra,
Tommy Vail*,23,2022,TCU,Big 12,1,0,1,3.65,13,0,,0,0,0,12.1,9,5,5,1,6,1,15,0,0,0,51,1.216,6.6,0.7,4.4,10.9,2.5,,player.fcgi?id=vail--000tom,
Brett Walker,23,2022,TCU,Big 12,5,2,0.714,4.75,15,11,,0,0,0,66.1,80,35,35,3,16,0,52,7,0,1,296,1.447,10.9,0.4,2.2,7.1,3.25,,player.fcgi?id=walker001bre,
Garrett Wright,20,2022,TCU,Big 12,0,0,,2.89,20,0,,0,0,5,18.2,12,7,6,1,16,0,27,1,0,5,86,1.5,5.8,0.5,7.7,13,1.69,,player.fcgi?id=wright006gar,
Harrison Beethe,23,2021,TCU,Big 12,0,0,,5.06,8,0,,0,0,0,5.1,3,6,3,0,11,0,7,1,0,3,32,2.625,5.1,0,18.6,11.8,0.64,,player.fcgi?id=beethe000har,
Cam Brown,19,2021,TCU,Big 12,2,0,1,1.93,3,3,,0,0,0,9.1,5,3,2,1,3,0,8,4,0,0,38,0.857,4.8,1,2.9,7.7,2.67,,player.fcgi?id=brown-005cam,
Dalton Brown,24,2021,TCU,Big 12,0,0,,9.82,9,0,,0,0,0,7.1,10,8,8,2,3,0,14,2,0,0,39,1.773,12.3,2.5,3.7,17.2,4.67,,player.fcgi?id=brown-006dal,
Riley Cornelio,21,2021,TCU,Big 12,1,1,0.5,4.91,5,2,,0,0,0,7.1,6,4,4,0,3,0,7,2,0,1,31,1.227,7.4,0,3.7,8.6,2.33,,player.fcgi?id=cornel000ril,
Haylen Green*,23,2021,TCU,Big 12,1,3,0.25,3.33,25,0,,0,0,12,48.2,43,24,18,2,5,1,55,4,2,2,194,0.986,8,0.4,0.9,10.2,11,,player.fcgi?id=green-000hay,
Storm Hierholzer,19,2021,TCU,Big 12,0,0,,5.79,4,0,,0,0,0,4.2,3,4,3,0,6,0,5,0,0,0,24,1.929,5.8,0,11.6,9.6,0.83,,player.fcgi?id=hierho000sto,
Drew Hill,22,2021,TCU,Big 12,3,1,0.75,3.9,16,0,,0,0,0,32.1,35,16,14,2,8,1,40,0,0,1,140,1.33,9.7,0.6,2.2,11.1,5,,player.fcgi?id=hill--000dre,
Chuck King,23,2021,TCU,Big 12,5,3,0.625,3.9,17,5,,0,0,0,60,62,31,26,2,11,0,53,7,0,1,255,1.217,9.3,0.3,1.7,8,4.82,,player.fcgi?id=king--008cha,
John Kodros*,22,2021,TCU,Big 12,0,0,,13.5,3,0,,0,0,0,2,5,3,3,3,1,0,3,0,0,0,12,3,22.5,13.5,4.5,13.5,3,,player.fcgi?id=kodros000joh,
Austin Krob*,21,2021,TCU,Big 12,8,1,0.889,3.81,16,16,,0,0,0,85,80,39,36,1,37,1,96,9,2,7,368,1.376,8.5,0.1,3.9,10.2,2.59,,player.fcgi?id=krob--000aus,
Jacob Meador,20,2021,TCU,Big 12,1,1,0.5,5.68,10,4,,0,0,0,19,18,12,12,2,11,0,24,4,0,1,90,1.526,8.5,0.9,5.2,11.4,2.18,,player.fcgi?id=meador000jac,
Augie Mihlbauer*,22,2021,TCU,Big 12,0,0,,5,12,0,,0,0,0,9,8,5,5,0,5,0,13,2,0,2,43,1.444,8,0,5,13,2.6,,player.fcgi?id=mihlba000aug,
Braxton Pearson,19,2021,TCU,Big 12,0,0,,9.82,4,0,,0,0,0,3.2,10,4,4,1,3,0,3,1,0,2,23,3.545,24.5,2.5,7.4,7.4,1,,player.fcgi?id=pearso003bra,
Marcelo Perez,21,2021,TCU,Big 12,1,0,1,4.15,13,0,,0,0,0,30.1,27,15,14,3,11,0,33,3,0,2,126,1.253,8,0.9,3.3,9.8,3,,player.fcgi?id=perez-014mar,
Johnny Ray,22,2021,TCU,Big 12,3,3,0.5,6.5,13,11,,0,0,0,44.1,47,32,32,13,28,0,45,7,0,2,205,1.692,9.5,2.6,5.7,9.1,1.61,,player.fcgi?id=ray---010joh,
River Ridings*,19,2021,TCU,Big 12,3,2,0.6,1.08,23,1,,0,0,1,33.1,22,8,4,1,14,0,39,5,0,0,140,1.08,5.9,0.3,3.8,10.5,2.79,,player.fcgi?id=riding000riv,
Luke Savage,19,2021,TCU,Big 12,3,0,1,3.32,7,3,,0,0,0,19,18,11,7,0,4,0,20,2,1,1,81,1.158,8.5,0,1.9,9.5,5,,player.fcgi?id=savage000luk,
Russell Smith*,22,2021,TCU,Big 12,7,3,0.7,3.83,15,15,,0,0,0,82.1,73,38,35,11,20,0,101,5,1,3,345,1.13,8,1.2,2.2,11,5.05,,player.fcgi?id=smith-000rus,
Jacob Speaker,20,2021,TCU,Big 12,0,0,,11.57,4,0,,0,0,0,2.1,2,3,3,2,2,0,5,0,0,2,12,1.714,7.7,7.7,7.7,19.3,2.5,,player.fcgi?id=speake000jac,
Garrett Wright,19,2021,TCU,Big 12,3,1,0.75,3.63,19,0,,0,0,1,22.1,20,14,9,3,16,0,35,1,0,1,103,1.612,8.1,1.2,6.4,14.1,2.19,,player.fcgi?id=wright006gar,
Harrison Beethe,22,2020,TCU,Big 12,0,0,,1.5,6,0,,0,0,1,6,6,1,1,0,2,0,5,2,0,0,27,1.333,9,0,3,7.5,2.5,,player.fcgi?id=beethe000har,
Riley Cornelio,20,2020,TCU,Big 12,1,0,1,0.87,4,3,,0,0,0,10.1,3,3,1,0,7,0,6,1,0,0,40,0.968,2.6,0,6.1,5.2,0.86,,player.fcgi?id=cornel000ril,
Haylen Green*,22,2020,TCU,Big 12,1,0,1,0,8,0,,0,0,1,17.2,7,0,0,0,5,3,19,2,1,1,66,0.679,3.6,0,2.5,9.7,3.8,,player.fcgi?id=green-000hay,
Drew Hill,21,2020,TCU,Big 12,2,1,0.667,1.32,7,0,,0,0,0,13.2,6,2,2,0,7,0,14,1,0,0,52,0.951,4,0,4.6,9.2,2,,player.fcgi?id=hill--000dre,
Chuck King,22,2020,TCU,Big 12,2,1,0.667,4.5,4,4,,0,0,0,22,27,12,11,2,2,0,13,1,0,1,95,1.318,11,0.8,0.8,5.3,6.5,,player.fcgi?id=king--008cha,
John Kodros*,21,2020,TCU,Big 12,0,0,,0,1,0,,0,0,0,0.1,2,1,0,0,0,0,1,0,0,0,3,6,54,0,0,27,,,player.fcgi?id=kodros000joh,
Austin Krob*,20,2020,TCU,Big 12,1,0,1,0,7,0,,0,0,1,11.2,7,0,0,0,4,0,15,0,0,1,44,0.943,5.4,0,3.1,11.6,3.75,,player.fcgi?id=krob--000aus,
Jacob Meador,19,2020,TCU,Big 12,0,0,,19.29,3,0,,0,0,0,2.1,6,5,5,0,4,0,3,1,0,0,17,4.286,23.1,0,15.4,11.6,0.75,,player.fcgi?id=meador000jac,
Marcelo Perez,20,2020,TCU,Big 12,1,0,1,2.84,6,0,,0,0,0,6.1,7,3,2,1,2,0,9,0,0,0,25,1.421,9.9,1.4,2.8,12.8,4.5,,player.fcgi?id=perez-014mar,
Johnny Ray,21,2020,TCU,Big 12,1,1,0.5,2.53,4,4,,1,1,0,21.1,13,7,6,0,8,0,21,0,0,2,80,0.984,5.5,0,3.4,8.9,2.63,,player.fcgi?id=ray---010joh,
Matt Rudis,21,2020,TCU,Big 12,0,1,0,7.71,3,0,,0,0,0,2.1,3,2,2,0,1,0,2,0,0,1,11,1.714,11.6,0,3.9,7.7,2,,player.fcgi?id=rudis-000mat,
Russell Smith*,21,2020,TCU,Big 12,2,0,1,2.57,4,4,,0,0,0,21,15,8,6,3,2,0,27,2,0,0,84,0.81,6.4,1.3,0.9,11.6,13.5,,player.fcgi?id=smith-000rus,
Spencer Arrighetti,19,2019,TCU,Big 12,2,0,1,9,16,1,,0,0,0,17,24,23,17,3,11,0,19,2,0,4,87,2.059,12.7,1.6,5.8,10.1,1.73,,player.fcgi?id=arrigh000spe,
Dawson Barr,20,2019,TCU,Big 12,0,0,,4.63,13,4,,0,0,0,23.1,24,17,12,0,14,0,24,6,0,6,112,1.629,9.3,0,5.4,9.3,1.71,,player.fcgi?id=barr--000daw,
Dalton Brown,22,2019,TCU,Big 12,1,0,1,3.72,15,0,,0,0,0,19.1,20,9,8,0,14,1,27,6,0,2,95,1.759,9.3,0,6.5,12.6,1.93,,player.fcgi?id=brown-006dal,
Cal Coughlin,21,2019,TCU,Big 12,2,1,0.667,5.25,26,0,,0,0,1,24,32,17,14,1,15,0,20,1,1,3,119,1.958,12,0.4,5.6,7.5,1.33,,player.fcgi?id=coughl000cal,
Jake Eissler,21,2019,TCU,Big 12,4,4,0.5,6.33,19,4,,0,0,0,48.1,63,39,34,6,12,0,50,4,3,3,224,1.552,11.7,1.1,2.2,9.3,4.17,,player.fcgi?id=eissle000jak,
Haylen Green*,21,2019,TCU,Big 12,5,1,0.833,4.05,24,3,,0,0,0,40,45,22,18,3,12,1,37,0,0,5,175,1.425,10.1,0.7,2.7,8.3,3.08,,player.fcgi?id=green-000hay,
Jared Janczak,24,2019,TCU,Big 12,0,4,0,6.18,13,10,,0,0,0,39.1,46,34,27,3,18,1,33,6,3,4,189,1.627,10.5,0.7,4.1,7.6,1.83,,player.fcgi?id=jancza000jar,
Chuck King,21,2019,TCU,Big 12,6,3,0.667,3.36,21,8,,2,0,1,85.2,89,43,32,6,15,1,53,0,1,1,364,1.214,9.4,0.6,1.6,5.6,3.53,,player.fcgi?id=king--008cha,
Nick Lodolo*,21,2019,TCU,Big 12,6,6,0.5,2.36,16,16,,1,0,0,103,76,38,27,8,25,0,131,10,0,2,418,0.981,6.6,0.7,2.2,11.4,5.24,,player.fcgi?id=lodolo000nic,
Augie Mihlbauer*,20,2019,TCU,Big 12,1,2,0.333,2.35,28,0,,0,0,1,23,24,10,6,1,15,0,29,2,0,2,111,1.696,9.4,0.4,5.9,11.3,1.93,,player.fcgi?id=mihlba000aug,
James Notary,20,2019,TCU,Big 12,0,0,,4.66,10,0,,0,0,1,9.2,11,8,5,1,6,1,10,3,0,2,48,1.759,10.2,0.9,5.6,9.3,1.67,,player.fcgi?id=notary000jam,
Marcelo Perez,19,2019,TCU,Big 12,3,2,0.6,4.3,17,0,,0,0,5,23,25,16,11,4,8,0,28,1,0,3,103,1.435,9.8,1.6,3.1,11,3.5,,player.fcgi?id=perez-014mar,
Matt Rudis,20,2019,TCU,Big 12,0,0,,8.22,9,0,,0,0,0,7.2,5,9,7,0,10,0,14,2,0,0,40,1.957,5.9,0,11.7,16.4,1.4,,player.fcgi?id=rudis-000mat,
Brandon Williamson*,21,2019,TCU,Big 12,4,5,0.444,4.19,16,16,,0,0,0,77.1,82,50,36,5,36,0,89,3,2,6,351,1.526,9.5,0.6,4.2,10.4,2.47,,player.fcgi?id=willia014bra,
Austin Boyles?,--,2018,TCU,Big 12,0,2,0,9.82,11,0,,0,0,0,11,13,13,12,2,11,1,16,1,0,5,59,2.182,10.6,1.6,9,13.1,1.45,,player.fcgi?id=boyles000aus,
Dalton Brown,21,2018,TCU,Big 12,0,0,,0,1,0,,0,0,0,1,2,0,0,0,0,0,1,0,0,0,5,2,18,0,0,9,,,player.fcgi?id=brown-006dal,
Cal Coughlin,20,2018,TCU,Big 12,2,2,0.5,1.44,27,0,,0,0,3,31.1,19,6,5,0,8,1,22,2,1,4,121,0.862,5.5,0,2.3,6.3,2.75,,player.fcgi?id=coughl000cal,
Jake Eissler,20,2018,TCU,Big 12,5,1,0.833,3.24,18,3,,0,0,1,41.2,37,16,15,4,5,0,58,3,0,0,165,1.008,8,0.9,1.1,12.5,11.6,,player.fcgi?id=eissle000jak,
Durbin Feltman,21,2018,TCU,Big 12,0,1,0,0.74,18,0,,0,0,6,24.1,12,3,2,0,6,0,43,2,0,1,93,0.74,4.4,0,2.2,15.9,7.17,,player.fcgi?id=feltma000dur,
Haylen Green*,20,2018,TCU,Big 12,2,2,0.5,4.29,16,5,,1,1,0,42,30,25,20,4,19,1,41,5,0,5,179,1.167,6.4,0.9,4.1,8.8,2.16,,player.fcgi?id=green-000hay,
Dion Henderson*,21,2018,TCU,Big 12,0,0,,0,1,0,,0,0,0,0.1,0,0,0,0,0,0,1,0,0,0,1,0,0,0,0,27,,,player.fcgi?id=hender000dio,
Jared Janczak,23,2018,TCU,Big 12,1,1,0.5,3,8,8,,0,0,0,42,37,18,14,4,12,1,41,4,0,0,173,1.167,7.9,0.9,2.6,8.8,3.42,,player.fcgi?id=jancza000jar,
Chuck King,20,2018,TCU,Big 12,2,2,0.5,3.12,16,4,,0,0,1,40.1,48,18,14,0,13,0,30,3,0,4,183,1.512,10.7,0,2.9,6.7,2.31,,player.fcgi?id=king--008cha,
Nick Lodolo*,20,2018,TCU,Big 12,7,4,0.636,4.32,16,15,,0,0,0,77,80,44,37,6,28,0,93,14,1,1,350,1.403,9.4,0.7,3.3,10.9,3.32,,player.fcgi?id=lodolo000nic,
Augie Mihlbauer*,19,2018,TCU,Big 12,1,1,0.5,1.59,23,0,,0,0,0,22.2,15,4,4,1,16,0,29,3,0,1,101,1.368,6,0.4,6.4,11.5,1.81,,player.fcgi?id=mihlba000aug,
Trey Morris,19,2018,TCU,Big 12,1,0,1,1.23,12,0,,0,0,0,14.2,10,5,2,0,11,0,12,0,0,3,63,1.432,6.1,0,6.8,7.4,1.09,,player.fcgi?id=morris001tre,
James Notary,19,2018,TCU,Big 12,0,2,0,6.17,12,0,,0,0,1,11.2,8,10,8,1,14,0,20,2,0,1,61,1.886,6.2,0.8,10.8,15.4,1.43,,player.fcgi?id=notary000jam,
Caleb Sloan,19,2018,TCU,Big 12,3,0,1,4.6,20,0,,0,0,0,31.1,38,17,16,2,17,0,27,1,1,6,154,1.755,10.9,0.6,4.9,7.8,1.59,,player.fcgi?id=sloan-000cal,
Dylan Smith,22,2018,TCU,Big 12,2,0,1,2.79,6,5,,0,0,0,19.1,18,7,6,2,9,1,19,2,0,0,89,1.397,8.4,0.9,4.2,8.8,2.11,,player.fcgi?id=smith-001dyl,
Russell Smith*,19,2018,TCU,Big 12,1,2,0.333,3.93,6,6,,0,0,0,18.1,21,14,8,2,10,0,16,2,0,1,87,1.691,10.3,1,4.9,7.9,1.6,,player.fcgi?id=smith-000rus,
Sean Wymer,21,2018,TCU,Big 12,6,3,0.667,3.65,15,10,,0,0,0,74,69,37,30,7,14,0,69,13,0,3,313,1.122,8.4,0.9,1.7,8.4,4.93,,player.fcgi?id=wymer-000sea,
Austin Boyles?,--,2017,TCU,Big 12,2,0,1,5.68,15,0,,0,0,0,19,16,12,12,3,6,0,25,1,1,1,78,1.158,7.6,1.4,2.8,11.8,4.17,,player.fcgi?id=boyles000aus,
Dalton Brown,20,2017,TCU,Big 12,0,0,,4.5,10,0,,0,0,1,8,7,6,4,1,6,0,11,2,0,1,40,1.625,7.9,1.1,6.8,12.4,1.83,,player.fcgi?id=brown-006dal,
Ryan Burnett*,22,2017,TCU,Big 12,0,0,,7.56,9,0,,0,0,0,8.1,12,7,7,1,2,0,5,3,0,2,41,1.68,13,1.1,2.2,5.4,2.5,,player.fcgi?id=burnet000rya,
Cal Coughlin,19,2017,TCU,Big 12,1,0,1,1.59,23,0,,0,0,0,22.2,17,5,4,2,11,1,22,2,1,1,97,1.235,6.8,0.8,4.4,8.7,2,,player.fcgi?id=coughl000cal,
Jake Eissler,19,2017,TCU,Big 12,4,0,1,5.02,18,1,,0,0,1,37.2,49,24,21,5,12,0,38,4,0,4,173,1.619,11.7,1.2,2.9,9.1,3.17,,player.fcgi?id=eissle000jak,
Durbin Feltman,20,2017,TCU,Big 12,2,2,0.5,3.64,29,0,,0,0,17,29.2,23,18,12,2,15,1,37,4,0,3,129,1.281,7,0.6,4.6,11.2,2.47,,player.fcgi?id=feltma000dur,
Haylen Green*,19,2017,TCU,Big 12,2,1,0.667,3.1,15,2,,0,0,0,20.1,11,9,7,0,9,0,24,3,0,2,86,0.984,4.9,0,4,10.6,2.67,,player.fcgi?id=green-000hay,
Dalton Horton*,20,2017,TCU,Big 12,0,1,0,9,6,3,,0,0,0,13,21,13,13,1,4,0,14,1,0,1,63,1.923,14.5,0.7,2.8,9.7,3.5,,player.fcgi?id=horton000dal,
Brian Howard,22,2017,TCU,Big 12,12,3,0.8,3.77,19,19,,1,1,0,105,86,47,44,6,35,1,113,10,1,6,443,1.152,7.4,0.5,3,9.7,3.23,,player.fcgi?id=howard002bri,
Jared Janczak,22,2017,TCU,Big 12,9,2,0.818,2.31,15,15,,0,0,0,93.1,60,28,24,1,24,1,102,9,0,2,370,0.9,5.8,0.1,2.3,9.8,4.25,,player.fcgi?id=jancza000jar,
Chuck King,19,2017,TCU,Big 12,1,3,0.25,5.44,20,1,,0,0,1,46.1,56,33,28,3,17,0,37,3,2,6,211,1.576,10.9,0.6,3.3,7.2,2.18,,player.fcgi?id=king--008cha,
Nick Lodolo*,19,2017,TCU,Big 12,5,1,0.833,4.35,17,15,,0,0,0,78.2,76,41,38,7,28,1,72,10,0,9,340,1.322,8.7,0.8,3.2,8.2,2.57,,player.fcgi?id=lodolo000nic,
Trey Morris,18,2017,TCU,Big 12,2,0,1,5.65,17,0,,0,0,0,28.2,37,23,18,4,7,0,24,6,1,4,134,1.535,11.6,1.3,2.2,7.5,3.43,,player.fcgi?id=morris001tre,
Mitchell Traver,23,2017,TCU,Big 12,4,1,0.8,3.89,12,12,,0,0,0,44,32,20,19,7,22,0,53,1,0,1,184,1.227,6.5,1.4,4.5,10.8,2.41,,player.fcgi?id=traver000mit,
Sean Wymer,20,2017,TCU,Big 12,6,4,0.6,2.1,30,0,,0,0,2,55.2,35,16,13,3,10,3,66,4,0,6,211,0.808,5.7,0.5,1.6,10.7,6.6,,player.fcgi?id=wymer-000sea,
Luken Baker,19,2016,TCU,Big 12,3,1,0.75,1.7,10,10,,0,0,0,47.2,37,15,9,3,16,0,41,6,0,2,205,1.112,7,0.6,3,7.7,2.56,,player.fcgi?id=baker-002luk,
Dalton Brown,19,2016,TCU,Big 12,0,1,0,5,10,0,,0,0,0,9,11,5,5,1,2,1,11,0,0,2,39,1.444,11,1,2,11,5.5,,player.fcgi?id=brown-006dal,
Ryan Burnett*,21,2016,TCU,Big 12,3,1,0.75,1.97,27,0,,0,0,1,32,23,11,7,1,6,0,31,4,1,1,127,0.906,6.5,0.3,1.7,8.7,5.17,,player.fcgi?id=burnet000rya,
Durbin Feltman,19,2016,TCU,Big 12,3,0,1,1.56,27,0,,0,0,9,34.2,15,6,6,1,11,0,49,4,0,2,134,0.75,3.9,0.3,2.9,12.7,4.45,,player.fcgi?id=feltma000dur,
Drew Gooch*,20,2016,TCU,Big 12,0,0,,2.01,16,0,,0,0,0,22.1,25,8,5,1,7,0,17,3,0,2,100,1.433,10.1,0.4,2.8,6.9,2.43,,player.fcgi?id=gooch-000dre,
Preston Guillory,22,2016,TCU,Big 12,4,2,0.667,4.35,28,0,,0,0,1,41.1,41,20,20,4,12,0,34,6,0,4,177,1.282,8.9,0.9,2.6,7.4,2.83,,player.fcgi?id=guillo000pre,
Rex Hill*,22,2016,TCU,Big 12,2,3,0.4,5.91,13,11,,0,0,0,45.2,58,34,30,2,18,0,45,2,0,11,212,1.664,11.4,0.4,3.5,8.9,2.5,,player.fcgi?id=hill--000rex,
Dalton Horton*,19,2016,TCU,Big 12,8,0,1,2.58,13,12,,0,0,0,59.1,47,20,17,4,17,0,27,3,2,3,243,1.079,7.1,0.6,2.6,4.1,1.59,,player.fcgi?id=horton000dal,
Brian Howard,21,2016,TCU,Big 12,10,2,0.833,3.19,17,17,,1,0,0,98.2,80,36,35,2,30,1,93,4,0,7,399,1.115,7.3,0.2,2.7,8.5,3.1,,player.fcgi?id=howard002bri,
Jared Janczak,21,2016,TCU,Big 12,7,4,0.636,2.61,26,7,,0,0,0,82.2,76,31,24,4,26,1,80,9,0,6,346,1.234,8.3,0.4,2.8,8.7,3.08,,player.fcgi?id=jancza000jar,
Zack Plunkett,20,2016,TCU,Big 12,0,0,,0,1,0,,0,0,0,1,2,0,0,0,0,0,0,0,0,0,5,2,18,0,0,0,,,player.fcgi?id=plunke000zac,
Devon Roedahl,19,2016,TCU,Big 12,1,0,1,16.2,2,1,,0,0,0,3.1,6,7,6,0,2,0,2,1,0,0,18,2.4,16.2,0,5.4,5.4,1,,player.fcgi?id=roedah000dev,
Mitch Sewald,22,2016,TCU,Big 12,0,0,,0,1,0,,0,0,0,1,0,0,0,0,2,0,0,0,0,0,5,2,0,0,18,0,0,,player.fcgi?id=sewald000mit,
Mitchell Traver,22,2016,TCU,Big 12,1,3,0.25,3.26,7,7,,0,0,0,30.1,27,15,11,2,10,0,28,5,0,1,134,1.22,8,0.6,3,8.3,2.8,,player.fcgi?id=traver000mit,
Brian Trieglaff,22,2016,TCU,Big 12,4,1,0.8,3.22,26,0,,0,0,4,44.2,48,21,16,2,17,2,39,5,0,4,198,1.455,9.7,0.4,3.4,7.9,2.29,,player.fcgi?id=triegl000bri,
Sean Wymer,19,2016,TCU,Big 12,3,0,1,4.68,16,2,,0,0,1,32.2,32,19,17,5,15,0,39,1,0,2,142,1.439,8.8,1.4,4.1,10.7,2.6,,player.fcgi?id=wymer-000sea,
Tyler Alexander*,20,2015,TCU,Big 12,6,3,0.667,3.07,17,15,,,0,0,93.2,92,40,32,7,10,1,72,7,2,3,390,1.089,8.8,0.7,1,6.9,7.2,,player.fcgi?id=alexan000tyl,
Ryan Burnett*,20,2015,TCU,Big 12,1,0,1,2.19,10,0,,,0,0,12.1,15,3,3,1,2,0,15,2,1,0,55,1.378,10.9,0.7,1.5,10.9,7.5,,player.fcgi?id=burnet000rya,
Travis Evans?,--,2015,TCU,Big 12,1,0,1,4.5,12,0,,,0,0,8,8,4,4,1,4,0,5,1,0,1,36,1.5,9,1.1,4.5,5.6,1.25,,player.fcgi?id=evans-000tra,
Riley Ferrell,21,2015,TCU,Big 12,1,3,0.25,2.56,32,0,,,0,14,31.2,10,13,9,2,20,0,53,3,1,5,126,0.947,2.8,0.6,5.7,15.1,2.65,,player.fcgi?id=ferrel000ril,
Drew Gooch*,19,2015,TCU,Big 12,1,0,1,5.87,9,0,,,0,0,7.2,12,5,5,0,5,0,5,1,0,1,38,2.217,14.1,0,5.9,5.9,1,,player.fcgi?id=gooch-000dre,
Preston Guillory,21,2015,TCU,Big 12,1,0,1,0.34,20,0,,,0,2,26.1,15,2,1,0,7,1,23,4,0,4,105,0.835,5.1,0,2.4,7.9,3.29,,player.fcgi?id=guillo000pre,
Brian Howard,20,2015,TCU,Big 12,4,0,1,3.52,17,4,,,0,0,46,44,20,18,2,14,0,46,2,1,5,196,1.261,8.6,0.4,2.7,9,3.29,,player.fcgi?id=howard002bri,
Preston Morrison,21,2015,TCU,Big 12,12,3,0.8,2.51,19,17,,,2,0,122,100,45,34,7,22,0,91,7,1,3,487,1,7.4,0.5,1.6,6.7,4.14,,player.fcgi?id=morris000pre,
Trey Teakell,23,2015,TCU,Big 12,3,0,1,1.35,30,0,,,0,1,53.1,39,10,8,2,8,3,47,0,1,3,206,0.881,6.6,0.3,1.4,7.9,5.88,,player.fcgi?id=teakel000tre,
Mitchell Traver,21,2015,TCU,Big 12,9,2,0.818,1.89,16,14,,,0,0,76.1,49,23,16,2,26,1,77,5,0,8,301,0.983,5.8,0.2,3.1,9.1,2.96,,player.fcgi?id=traver000mit,
Brian Trieglaff,21,2015,TCU,Big 12,3,1,0.75,3.18,20,0,,,0,0,28.1,26,13,10,2,5,0,34,1,0,3,112,1.094,8.3,0.6,1.6,10.8,6.8,,player.fcgi?id=triegl000bri,
Alex Young*,21,2015,TCU,Big 12,9,3,0.75,2.22,17,16,,,0,0,97.1,75,31,24,10,22,0,103,4,3,1,392,0.997,6.9,0.9,2,9.5,4.68,,player.fcgi?id=young-000ale,
Tyler Alexander*,19,2014,TCU,Big 12,10,3,0.769,2.36,20,16,,,0,0,99,88,29,26,5,11,0,59,5,0,6,391,1,8,0.5,1,5.4,5.36,,player.fcgi?id=alexan000tyl,
Ryan Burnett*,19,2014,TCU,Big 12,0,0,,0,4,0,,,0,0,8.1,6,1,0,0,3,0,10,0,0,1,35,1.08,6.5,0,3.2,10.8,3.33,,player.fcgi?id=burnet000rya,
Travis Evans?,--,2014,TCU,Big 12,0,0,,3.6,18,0,,,0,0,15,14,7,6,0,9,1,18,5,0,3,74,1.533,8.4,0,5.4,10.8,2,,player.fcgi?id=evans-000tra,
Riley Ferrell,20,2014,TCU,Big 12,2,1,0.667,0.79,31,0,,,0,15,45.1,20,5,4,0,14,1,70,2,0,3,171,0.75,4,0,2.8,13.9,5,,player.fcgi?id=ferrel000ril,
Brandon Finnegan*,21,2014,TCU,Big 12,9,3,0.75,2.04,17,17,,,0,0,105.2,79,26,24,3,29,0,134,4,0,5,420,1.022,6.7,0.3,2.5,11.4,4.62,,player.fcgi?id=finneg000bra,
Brian Howard,19,2014,TCU,Big 12,0,0,,2.77,9,0,,,0,0,13,9,4,4,0,10,1,14,0,0,4,56,1.462,6.2,0,6.9,9.7,1.4,,player.fcgi?id=howard002bri,
Jordan Kipper,21,2014,TCU,Big 12,9,3,0.75,3.23,17,12,,,0,0,75.1,67,34,27,3,17,1,74,5,1,5,311,1.115,8,0.4,2,8.8,4.35,,player.fcgi?id=kipper000jor,
Preston Morrison,20,2014,TCU,Big 12,9,4,0.692,1.32,18,18,,,3,0,129.2,90,25,19,1,21,1,95,6,0,1,495,0.856,6.2,0.1,1.5,6.6,4.52,,player.fcgi?id=morris000pre,
Trey Teakell,22,2014,TCU,Big 12,6,1,0.857,2.34,26,1,,,0,2,61.2,47,18,16,3,13,0,41,1,0,5,238,0.973,6.9,0.4,1.9,6,3.15,,player.fcgi?id=teakel000tre,
Mitchell Traver,20,2014,TCU,Big 12,0,0,,108,1,0,,,0,0,0.1,5,4,4,0,0,0,0,0,0,0,6,15,135,0,0,0,,,player.fcgi?id=traver000mit,
Brian Trieglaff,20,2014,TCU,Big 12,2,0,1,4.76,16,0,,,0,0,17,22,9,9,1,8,0,19,1,0,1,79,1.765,11.6,0.5,4.2,10.1,2.38,,player.fcgi?id=triegl000bri,
Alex Young*,20,2014,TCU,Big 12,1,3,0.25,2.51,22,2,,,0,1,43,35,17,12,1,16,0,40,9,1,0,186,1.186,7.3,0.2,3.3,8.4,2.5,,player.fcgi?id=young-000ale,
Tejay Antone,19,2013,TCU,Big 12,0,0,,9,6,0,,,0,0,7,11,11,7,0,3,0,4,1,0,4,39,2,14.1,0,3.9,5.1,1.33,,player.fcgi?id=antone000tej,
Stefan Crichton,21,2013,TCU,Big 12,4,3,0.571,6.59,17,6,,,0,0,41,50,31,30,1,10,0,31,3,1,5,184,1.463,11,0.2,2.2,6.8,3.1,,player.fcgi?id=cricht000ste,
Travis Evans?,--,2013,TCU,Big 12,1,0,1,1.08,19,0,,,0,0,16.2,11,3,2,0,4,0,16,2,0,1,69,0.9,5.9,0,2.2,8.6,4,,player.fcgi?id=evans-000tra,
Riley Ferrell,19,2013,TCU,Big 12,0,1,0,2.2,23,0,,,0,3,32.2,24,9,8,1,11,1,39,2,0,5,135,1.071,6.6,0.3,3,10.7,3.55,,player.fcgi?id=ferrel000ril,
Brandon Finnegan*,20,2013,TCU,Big 12,0,8,0,3.18,16,15,,,0,0,79.1,74,36,28,3,35,2,86,2,0,5,338,1.374,8.4,0.3,4,9.8,2.46,,player.fcgi?id=finneg000bra,
Nicholas Frey,21,2013,TCU,Big 12,1,1,0.5,2.25,7,0,,,0,0,24,13,7,6,0,2,0,19,2,0,1,88,0.625,4.9,0,0.8,7.1,9.5,,player.fcgi?id=frey--002nic,
Andrew Mitchell,21,2013,TCU,Big 12,1,2,0.333,3.49,20,10,,,0,1,49,42,26,19,1,33,2,57,10,0,9,227,1.531,7.7,0.2,6.1,10.5,1.73,,player.fcgi?id=mitche004and,
Preston Morrison,19,2013,TCU,Big 12,7,3,0.7,1.51,15,15,,,0,0,107,85,27,18,1,18,2,64,10,1,1,423,0.963,7.1,0.1,1.5,5.4,3.56,,player.fcgi?id=morris000pre,
Justin Scharf?,--,2013,TCU,Big 12,2,2,0.5,3.38,30,0,,,0,1,29.1,28,12,11,0,14,1,10,7,0,2,125,1.432,8.6,0,4.3,3.1,0.71,,player.fcgi?id=scharf000jus,
Trevor Seidenberger*,21,2013,TCU,Big 12,3,4,0.429,2.63,21,6,,,0,0,54.2,43,18,16,3,15,1,62,6,0,10,226,1.061,7.1,0.5,2.5,10.2,4.13,,player.fcgi?id=seiden000tre,
Trey Teakell,21,2013,TCU,Big 12,3,0,1,0.82,13,3,,,0,0,33,25,6,3,0,4,0,24,4,0,4,131,0.879,6.8,0,1.1,6.5,6,,player.fcgi?id=teakel000tre,
Alex Young*,19,2013,TCU,Big 12,7,4,0.636,2.66,22,2,,,0,5,40.2,26,13,12,2,10,2,37,6,1,3,158,0.885,5.8,0.4,2.2,8.2,3.7,,player.fcgi?id=young-000ale,
Cory Bafidis*,20,2011,Texas Tech,Big 12,,,,18,,0,,,0,,2,6,4,4,,2,,3,,,,,4,27,,9,13.5,1.5,,player.fcgi?id=bafidi000cor,
Taylor Christian,22,2011,Texas Tech,Big 12,,,,5.25,,0,,,0,,12,12,8,7,,11,,9,,,,,1.917,9,,8.3,6.8,0.82,,player.fcgi?id=christ001tay,
Aaron Corwin,--,2011,Texas Tech,Big 12,,,,3.08,,0,,,0,,26.1,19,11,9,,12,,19,,,,,1.177,6.5,,4.1,6.5,1.58,,player.fcgi?id=corwin000aar,
Danny Coulombe*,21,2011,Texas Tech,Big 12,,,,3.86,,4,,,0,,21,21,11,9,,7,,28,,,,,1.333,9,,3,12,4,,player.fcgi?id=coulom001dan,
Scott Erzinger?,--,2011,Texas Tech,Big 12,,,,3,,0,,,0,,3,2,1,1,,2,,3,,,,,1.333,6,,6,9,1.5,,player.fcgi?id=erzing000sco,
Ben Flora?,--,2011,Texas Tech,Big 12,,,,7.03,,3,,,0,,24.1,32,23,19,,12,,19,,,,,1.808,11.8,,4.4,7,1.58,,player.fcgi?id=flora-000ben,
Zach Fowler*,22,2011,Texas Tech,Big 12,,,,3.38,,0,,,0,,16,29,11,6,,9,,11,,,,,2.375,16.3,,5.1,6.2,1.22,,player.fcgi?id=fowler000zac,
Hayden Holub?,--,2011,Texas Tech,Big 12,,,,5.14,,0,,,0,,7,10,5,4,,1,,8,,,,,1.571,12.9,,1.3,10.3,8,,player.fcgi?id=holub-000hay,
Robbie Kilcrease*,22,2011,Texas Tech,Big 12,,,,5.91,,12,,,0,,64,82,45,42,,21,,39,,,,,1.609,11.5,,3,5.5,1.86,,player.fcgi?id=kilcre000rob,
Trey Masek,19,2011,Texas Tech,Big 12,,,,4.7,,11,,,0,,67,69,44,35,,29,,33,,,,,1.463,9.3,,3.9,4.4,1.14,,player.fcgi?id=masek-000tre,
Jerad McCrummen,20,2011,Texas Tech,Big 12,,,,6.75,,0,,,0,,28,35,23,21,,7,,19,,,,,1.5,11.3,,2.3,6.1,2.71,,player.fcgi?id=mccrum000jer,
John Neely,20,2011,Texas Tech,Big 12,,,,2.89,,0,,,0,,62.1,59,20,20,,21,,56,,,,,1.283,8.5,,3,8.1,2.67,,player.fcgi?id=neely-000joh,
David Paiz,20,2011,Texas Tech,Big 12,,,,6.71,,9,,,0,,52.1,63,44,39,,17,,34,,,,,1.529,10.8,,2.9,5.8,2,,player.fcgi?id=paiz--000dav,
Jamen Parten?,--,2011,Texas Tech,Big 12,,,,6,,9,,,0,,42,62,36,28,,10,,23,,,,,1.714,13.3,,2.1,4.9,2.3,,player.fcgi?id=parten000jam,
Brennan Stewart?,--,2011,Texas Tech,Big 12,,,,3.3,,3,,,0,,57.1,51,27,21,,13,,38,,,,,1.116,8,,2,6,2.92,,player.fcgi?id=stewar003bre,
Dalton Von Schamann,20,2011,Texas Tech,Big 12,,,,3.86,,7,,,0,,42,41,21,18,,8,,19,,,,,1.167,8.8,,1.7,4.1,2.38,,player.fcgi?id=vonsch000dal,
Andre Wheeler*,19,2011,Texas Tech,Big 12,,,,2.7,,0,,,0,,3.1,3,1,1,,3,,3,,,,,1.8,8.1,,8.1,8.1,1,,player.fcgi?id=wheele001and,
Shane Broyles,20,2012,Texas Tech,Big 12,2,2,0.5,4.42,23,5,,,0,0,57,55,32,28,2,20,1,46,6,0,2,247,1.316,8.7,0.3,3.2,7.3,2.3,,player.fcgi?id=broyle000sha,
Aaron Corwin,--,2012,Texas Tech,Big 12,1,0,1,4.26,11,0,,,0,0,12.2,15,7,6,0,7,0,5,2,0,0,60,1.737,10.7,0,5,3.6,0.71,,player.fcgi?id=corwin000aar,
Danny Coulombe*,22,2012,Texas Tech,Big 12,1,0,1,2.53,10,2,,,0,0,21.1,22,10,6,1,9,1,26,2,0,2,98,1.453,9.3,0.4,3.8,11,2.89,,player.fcgi?id=coulom001dan,
Ben Flora?,--,2012,Texas Tech,Big 12,1,0,1,4.41,18,1,,,0,0,16.1,14,8,8,0,10,0,10,0,0,0,71,1.469,7.7,0,5.5,5.5,1,,player.fcgi?id=flora-000ben,
Trey Masek,20,2012,Texas Tech,Big 12,2,4,0.333,3.4,18,6,,,0,2,53,47,28,20,0,20,0,46,5,0,6,225,1.264,8,0,3.4,7.8,2.3,,player.fcgi?id=masek-000tre,
Jerad McCrummen,21,2012,Texas Tech,Big 12,3,2,0.6,4.56,22,0,,,0,0,25.2,23,15,13,0,11,2,19,2,2,3,112,1.325,8.1,0,3.9,6.7,1.73,,player.fcgi?id=mccrum000jer,
John Neely,21,2012,Texas Tech,Big 12,3,7,0.3,4.79,15,10,,,0,1,56.1,64,36,30,1,14,0,35,6,4,4,249,1.385,10.2,0.2,2.2,5.6,2.5,,player.fcgi?id=neely-000joh,
David Paiz,21,2012,Texas Tech,Big 12,2,1,0.667,3.18,11,5,,,0,0,28.1,25,11,10,1,12,0,19,2,0,0,121,1.306,7.9,0.3,3.8,6,1.58,,player.fcgi?id=paiz--000dav,
Jamen Parten?,--,2012,Texas Tech,Big 12,1,0,1,7.4,12,1,,,0,1,20.2,30,21,17,3,9,0,11,2,0,6,104,1.887,13.1,1.3,3.9,4.8,1.22,,player.fcgi?id=parten000jam,
Rusty Shellhorn*,22,2012,Texas Tech,Big 12,5,3,0.625,4.98,16,9,,,0,0,56,57,33,31,7,15,1,49,5,1,2,238,1.286,9.2,1.1,2.4,7.9,3.27,,player.fcgi?id=shellh001rus,
Blake Stewart?,--,2012,Texas Tech,Big 12,0,0,,5.06,5,0,,,0,0,5.1,8,4,3,0,2,0,6,0,0,1,26,1.875,13.5,0,3.4,10.1,3,,player.fcgi?id=stewar000bla,
Brennan Stewart?,--,2012,Texas Tech,Big 12,1,2,0.333,6.39,20,0,,,0,0,25.1,40,20,18,1,5,2,10,0,0,1,121,1.776,14.2,0.4,1.8,3.6,2,,player.fcgi?id=stewar003bre,
Dalton Von Schamann,21,2012,Texas Tech,Big 12,6,4,0.6,2.08,12,12,,,0,0,86.2,66,28,20,4,12,0,60,5,3,1,336,0.9,6.9,0.4,1.2,6.2,5,,player.fcgi?id=vonsch000dal,
Andre Wheeler*,20,2012,Texas Tech,Big 12,1,0,1,4.15,22,0,,,0,0,17.1,23,10,8,1,8,0,17,2,0,1,85,1.788,11.9,0.5,4.2,8.8,2.13,,player.fcgi?id=wheele001and,
Nathan Bauder?,--,2013,Texas Tech,Big 12,0,0,,8,5,0,,,0,1,9,16,8,8,1,3,0,9,1,0,1,47,2.111,16,1,3,9,3,,player.fcgi?id=bauder000nat,
Justin Bethard?,--,2013,Texas Tech,Big 12,0,1,0,4.6,15,1,,,0,0,29.1,32,15,15,1,6,0,17,6,1,5,130,1.295,9.8,0.3,1.8,5.2,2.83,,player.fcgi?id=bethar000jus,
Dalton Brown,19,2013,Texas Tech,Big 12,0,0,,8.22,11,1,,,0,1,15.1,19,14,14,2,15,0,12,0,0,5,78,2.217,11.2,1.2,8.8,7,0.8,,player.fcgi?id=brown-004dal,
Matt Custred,19,2013,Texas Tech,Big 12,1,2,0.333,8.1,8,1,,,0,1,13.1,14,13,12,0,17,0,16,7,0,3,77,2.325,9.5,0,11.5,10.8,0.94,,player.fcgi?id=custre000mat,
Jonny Drozd*,21,2013,Texas Tech,Big 12,4,5,0.444,3.48,15,10,,,0,1,67.1,74,32,26,3,13,0,43,8,2,0,288,1.292,9.9,0.4,1.7,5.7,3.31,,player.fcgi?id=drozd-000jon,
Trey Masek,21,2013,Texas Tech,Big 12,5,2,0.714,1.82,11,11,,,1,0,79,56,18,16,0,22,0,69,4,2,3,307,0.987,6.4,0,2.5,7.9,3.14,,player.fcgi?id=masek-000tre,
Jerad McCrummen,22,2013,Texas Tech,Big 12,1,5,0.167,4.59,22,0,,,0,3,33.1,38,25,17,0,15,0,27,5,0,7,157,1.59,10.3,0,4.1,7.3,1.8,,player.fcgi?id=mccrum000jer,
Reid Meyer?,--,2013,Texas Tech,Big 12,0,0,,9,4,0,,,0,0,2,4,2,2,0,0,0,1,0,0,0,10,2,18,0,0,4.5,,,player.fcgi?id=meyer-000rei,
Dominic Moreno,20,2013,Texas Tech,Big 12,3,4,0.429,3.86,12,10,,,0,1,60.2,74,28,26,5,23,1,54,9,0,1,276,1.599,11,0.7,3.4,8,2.35,,player.fcgi?id=moreno001dom,
Corey Taylor,20,2013,Texas Tech,Big 12,2,5,0.286,7.18,18,7,,,0,0,52.2,62,46,42,5,23,0,31,4,4,2,235,1.614,10.6,0.9,3.9,5.3,1.35,,player.fcgi?id=taylor003cor,
Johnathon Tripp,19,2013,Texas Tech,Big 12,1,2,0.333,6.23,18,3,,,0,3,39,56,28,27,3,13,1,31,5,0,5,185,1.769,12.9,0.7,3,7.2,2.38,,player.fcgi?id=tripp-000jon,
Andre Wheeler*,21,2013,Texas Tech,Big 12,4,1,0.8,6.19,23,0,,,0,0,32,34,22,22,0,18,1,21,1,2,5,146,1.625,9.6,0,5.1,5.9,1.17,,player.fcgi?id=wheele001and,
Matt Withrow,19,2013,Texas Tech,Big 12,5,3,0.625,5.9,16,12,,,0,0,58,65,40,38,7,36,0,52,17,0,7,283,1.741,10.1,1.1,5.6,8.1,1.44,,player.fcgi?id=withro000mat,
Justin Bethard?,--,2014,Texas Tech,Big 12,0,0,,7.36,4,0,,,0,0,7.1,13,6,6,1,1,0,7,0,0,1,35,1.909,16,1.2,1.2,8.6,7,,player.fcgi?id=bethar000jus,
Dalton Brown,20,2014,Texas Tech,Big 12,2,0,1,4.05,15,0,,,0,1,20,16,9,9,0,11,0,17,0,1,0,85,1.35,7.2,0,5,7.7,1.55,,player.fcgi?id=brown-004dal,
Matt Custred,20,2014,Texas Tech,Big 12,0,0,,27,3,0,,,0,0,1.2,2,5,5,1,5,0,1,0,1,2,11,4.2,10.8,5.4,27,5.4,0.2,,player.fcgi?id=custre000mat,
Ty Damron*,19,2014,Texas Tech,Big 12,2,0,1,5.23,9,1,,,0,1,10.1,15,7,6,0,11,0,10,2,1,0,57,2.516,13.1,0,9.6,8.7,0.91,,player.fcgi?id=damron000ty-,
Jonny Drozd*,22,2014,Texas Tech,Big 12,7,1,0.875,2.09,28,0,,,0,5,73.1,64,20,17,0,15,0,48,5,1,3,299,1.077,7.9,0,1.8,5.9,3.2,,player.fcgi?id=drozd-000jon,
Dylan Dusek*,19,2014,Texas Tech,Big 12,8,0,1,1.94,14,14,,,0,0,74.1,63,17,16,2,14,0,38,6,1,2,298,1.036,7.6,0.2,1.7,4.6,2.71,,player.fcgi?id=dusek-000dyl,
Heath Herrington?,--,2014,Texas Tech,Big 12,0,0,,27,1,0,,,0,0,0.2,2,2,2,0,2,0,1,1,0,0,7,6,27,0,27,13.5,0.5,,player.fcgi?id=herrin000hea,
Dominic Moreno,21,2014,Texas Tech,Big 12,4,5,0.444,3.14,22,8,,,0,2,66,68,24,23,2,24,0,56,13,1,2,299,1.394,9.3,0.3,3.3,7.6,2.33,,player.fcgi?id=moreno001dom,
Ryan Moseley,19,2014,Texas Tech,Big 12,1,2,0.333,2.84,22,5,,,0,3,50.2,36,19,16,3,25,1,41,4,1,10,210,1.204,6.4,0.5,4.4,7.3,1.64,,player.fcgi?id=mosele000rya,
Chris Sadberry*,22,2014,Texas Tech,Big 12,5,3,0.625,3.03,18,17,,,0,0,95,88,34,32,1,25,1,65,11,0,3,393,1.189,8.3,0.1,2.4,6.2,2.6,,player.fcgi?id=sadber000chr,
Cameron Smith*,21,2014,Texas Tech,Big 12,8,3,0.727,2.79,25,4,,,1,1,67.2,49,24,21,1,29,1,44,16,1,5,285,1.153,6.5,0.1,3.9,5.9,1.52,,player.fcgi?id=smith-002cam,
Corey Taylor,21,2014,Texas Tech,Big 12,5,3,0.625,2.61,21,6,,,0,2,48.1,49,15,14,3,8,0,32,2,1,0,197,1.179,9.1,0.6,1.5,6,4,,player.fcgi?id=taylor003cor,
Sean Thompson,19,2014,Texas Tech,Big 12,0,0,,6.75,1,0,,,0,0,1.1,2,1,1,1,0,0,0,0,0,0,5,1.5,13.5,6.8,0,0,,,player.fcgi?id=thomps003sea,
Johnathon Tripp,20,2014,Texas Tech,Big 12,0,1,0,2.73,12,3,,,0,1,26.1,24,10,8,0,5,0,16,3,0,0,106,1.101,8.2,0,1.7,5.5,3.2,,player.fcgi?id=tripp-000jon,
Matt Withrow,20,2014,Texas Tech,Big 12,3,3,0.5,5.65,12,8,,,0,0,36.2,36,31,23,3,21,0,42,6,1,5,174,1.555,8.8,0.7,5.2,10.3,2,,player.fcgi?id=withro000mat,
Dalton Brown,21,2015,Texas Tech,Big 12,1,1,0.5,3.86,15,0,,,0,0,18.2,21,13,8,2,11,0,14,1,0,2,90,1.714,10.1,1,5.3,6.8,1.27,,player.fcgi?id=brown-004dal,
Quinn Carpenter,21,2015,Texas Tech,Big 12,0,0,,7.63,8,4,,,0,0,15.1,24,15,13,0,18,0,11,2,0,1,86,2.739,14.1,0,10.6,6.5,0.61,,player.fcgi?id=carpen000qui,
Matt Custred,21,2015,Texas Tech,Big 12,1,2,0.333,3.5,15,0,,,0,0,18,13,8,7,0,14,0,26,0,0,3,77,1.5,6.5,0,7,13,1.86,,player.fcgi?id=custre000mat,
Ty Damron*,20,2015,Texas Tech,Big 12,4,2,0.667,3.58,12,11,,,0,0,55.1,62,30,22,1,15,0,34,2,0,5,243,1.392,10.1,0.2,2.4,5.5,2.27,,player.fcgi?id=damron000ty-,
Dylan Dusek*,20,2015,Texas Tech,Big 12,2,2,0.5,3.82,11,7,,,0,0,33,35,14,14,1,14,0,22,0,1,3,142,1.485,9.5,0.3,3.8,6,1.57,,player.fcgi?id=dusek-000dyl,
Jackson Lancaster?,--,2015,Texas Tech,Big 12,0,0,,22.5,3,0,,,0,0,2,5,6,5,0,1,0,0,2,0,0,14,3,22.5,0,4.5,0,0,,player.fcgi?id=lancas000jac,
Patrick Mahomes,19,2015,Texas Tech,Big 12,0,0,,inf,1,0,,,0,0,0,0,3,3,0,2,0,0,1,0,0,3,,,,,,0,,player.fcgi?id=mahome002pat,
Dominic Moreno,22,2015,Texas Tech,Big 12,3,3,0.5,1.85,24,2,,,0,6,58.1,54,16,12,1,19,1,73,4,2,3,244,1.251,8.3,0.2,2.9,11.3,3.84,,player.fcgi?id=moreno001dom,
Ryan Moseley,20,2015,Texas Tech,Big 12,4,6,0.4,3.46,13,12,,,0,0,65,56,34,25,0,30,0,54,15,1,8,296,1.323,7.8,0,4.2,7.5,1.8,,player.fcgi?id=mosele000rya,
Parker Mushinski*,19,2015,Texas Tech,Big 12,2,1,0.667,6.38,17,1,,,0,0,24,29,22,17,1,20,0,21,7,1,1,125,2.042,10.9,0.4,7.5,7.9,1.05,,player.fcgi?id=mushin000par,
Jacob Patterson*,19,2015,Texas Tech,Big 12,1,0,1,3.6,13,2,,,0,0,20,18,9,8,2,15,0,17,5,0,2,93,1.65,8.1,0.9,6.8,7.7,1.13,,player.fcgi?id=patter005jac,
Cameron Smith*,22,2015,Texas Tech,Big 12,6,5,0.545,2.83,14,13,,,0,1,89,79,30,28,2,28,0,77,6,0,5,376,1.202,8,0.2,2.8,7.8,2.75,,player.fcgi?id=smith-002cam,
Corey Taylor,22,2015,Texas Tech,Big 12,4,0,1,0.31,19,1,,,0,2,57.1,36,5,2,0,13,1,32,3,0,0,215,0.855,5.7,0,2,5,2.46,,player.fcgi?id=taylor003cor,
Sean Thompson,20,2015,Texas Tech,Big 12,0,0,,0,4,0,,,0,0,2.2,6,1,0,0,0,0,1,1,0,0,16,2.25,20.3,0,0,3.4,,,player.fcgi?id=thomps003sea,
Johnathon Tripp,21,2015,Texas Tech,Big 12,1,1,0.5,5.82,10,1,,,0,0,17,23,14,11,1,5,0,11,3,0,2,82,1.647,12.2,0.5,2.6,5.8,2.2,,player.fcgi?id=tripp-000jon,
Matt Withrow,21,2015,Texas Tech,Big 12,1,1,0.5,3.63,13,1,,,0,0,22.1,22,9,9,3,11,0,25,2,0,1,98,1.478,8.9,1.2,4.4,10.1,2.27,,player.fcgi?id=withro000mat,
Dalton Brown,22,2016,Texas Tech,Big 12,0,1,0,4.11,14,0,,0,0,0,15.1,17,9,7,1,5,0,12,0,0,1,68,1.435,10,0.6,2.9,7,2.4,,player.fcgi?id=brown-004dal,
Garrett Bruce,22,2016,Texas Tech,Big 12,0,0,,27,1,0,,0,0,0,1.1,3,4,4,2,2,0,2,1,0,1,10,3.75,20.3,13.5,13.5,13.5,1,,player.fcgi?id=bruce-000gar,
Ty Damron*,21,2016,Texas Tech,Big 12,4,2,0.667,6.52,14,13,,0,0,0,49.2,54,40,36,4,25,1,43,6,2,4,236,1.591,9.8,0.7,4.5,7.8,1.72,,player.fcgi?id=damron000ty-,
Robert Dugger,20,2016,Texas Tech,Big 12,6,1,0.857,2.76,29,0,,0,0,3,58.2,61,22,18,4,20,1,49,5,0,7,257,1.381,9.4,0.6,3.1,7.5,2.45,,player.fcgi?id=dugger000rob,
Chandler Eden,20,2016,Texas Tech,Big 12,0,0,,8,12,0,,0,0,0,9,8,11,8,0,7,0,10,8,1,12,47,1.667,8,0,7,10,1.43,,player.fcgi?id=eden--002cha,
Steven Gingery*,18,2016,Texas Tech,Big 12,4,2,0.667,3.18,15,14,,0,0,0,68,61,33,24,3,31,0,63,12,0,6,296,1.353,8.1,0.4,4.1,8.3,2.03,,player.fcgi?id=ginger000ste,
Ty Harpenau,19,2016,Texas Tech,Big 12,1,0,1,6.85,15,9,,0,0,0,44.2,58,36,34,2,24,0,32,8,1,6,212,1.836,11.7,0.4,4.8,6.4,1.33,,player.fcgi?id=harpen000ty-,
Hayden Howard*,22,2016,Texas Tech,Big 12,9,3,0.75,2.98,35,1,,0,0,9,84.2,76,31,28,4,20,0,54,7,0,7,337,1.134,8.1,0.4,2.1,5.7,2.7,,player.fcgi?id=howard000hay,
Erikson Lanning*,19,2016,Texas Tech,Big 12,3,3,0.5,5.26,13,10,,0,0,0,49.2,53,34,29,4,16,1,33,5,0,7,214,1.389,9.6,0.7,2.9,6,2.06,,player.fcgi?id=lannin000eri,
Davis Martin,19,2016,Texas Tech,Big 12,10,1,0.909,2.52,19,14,,0,0,2,89.1,75,29,25,5,27,1,61,7,1,3,367,1.142,7.6,0.5,2.7,6.1,2.26,,player.fcgi?id=martin023dav,
Ryan Moseley,21,2016,Texas Tech,Big 12,6,4,0.6,5.54,24,4,,0,0,4,52,51,37,32,1,35,1,30,6,0,8,245,1.654,8.8,0.2,6.1,5.2,0.86,,player.fcgi?id=mosele000rya,
Parker Mushinski*,20,2016,Texas Tech,Big 12,0,0,,2.03,20,0,,0,0,1,13.1,6,4,3,0,11,1,15,4,0,1,58,1.275,4.1,0,7.4,10.1,1.36,,player.fcgi?id=mushin000par,
Jonathan Nicholson?,--,2016,Texas Tech,Big 12,0,0,,9,2,0,,0,0,0,2,2,2,2,0,3,0,1,0,0,1,11,2.5,9,0,13.5,4.5,0.33,,player.fcgi?id=nichol000jon,
Jacob Patterson*,20,2016,Texas Tech,Big 12,0,0,,3.77,13,0,,0,0,0,14.1,13,7,6,1,12,0,9,4,0,3,69,1.744,8.2,0.6,7.5,5.7,0.75,,player.fcgi?id=patter005jac,
Ryan Shetter,19,2016,Texas Tech,Big 12,4,2,0.667,4.02,19,1,,0,0,1,31.1,31,15,14,0,10,0,18,4,1,2,136,1.309,8.9,0,2.9,5.2,1.8,,player.fcgi?id=shette000rya,
Sean Thompson,21,2016,Texas Tech,Big 12,0,0,,0,1,0,,0,0,0,2,0,0,0,0,1,0,2,0,0,0,7,0.5,0,0,4.5,9,2,,player.fcgi?id=thomps003sea,
Andrew Davis?,--,2017,Texas Tech,Big 12,0,0,,2.7,3,0,,0,0,0,3.1,0,1,1,0,2,0,3,2,0,0,14,0.6,0,0,5.4,8.1,1.5,,player.fcgi?id=davis-007and,
Dylan Dusek*,22,2017,Texas Tech,Big 12,0,0,,7.47,11,0,,0,0,2,15.2,23,13,13,2,1,0,9,1,1,3,71,1.532,13.2,1.1,0.6,5.2,9,,player.fcgi?id=dusek-000dyl,
Caleb Freeman,19,2017,Texas Tech,Big 12,0,1,0,8.83,11,2,,0,0,0,17.1,25,19,17,1,15,0,15,2,0,1,90,2.308,13,0.5,7.8,7.8,1,,player.fcgi?id=freema000cal,
Steven Gingery*,19,2017,Texas Tech,Big 12,10,1,0.909,1.58,15,15,,0,0,0,91.1,60,21,16,4,29,0,107,11,1,5,366,0.974,5.9,0.4,2.9,10.5,3.69,,player.fcgi?id=ginger000ste,
John Henry Gonzalez,--,2017,Texas Tech,Big 12,2,3,0.4,6.52,13,9,,0,0,0,38.2,44,29,28,1,33,1,28,2,1,6,191,1.991,10.2,0.2,7.7,6.5,0.85,,player.fcgi?id=gonzal009joh,
Ty Harpenau,20,2017,Texas Tech,Big 12,0,0,,6.53,10,0,,0,0,1,20.2,26,16,15,0,12,0,25,1,1,2,96,1.839,11.3,0,5.2,10.9,2.08,,player.fcgi?id=harpen000ty-,
Josh Jung,19,2017,Texas Tech,Big 12,0,0,,81,1,0,,0,0,0,0.1,2,3,3,2,1,0,0,0,0,0,4,9,54,54,27,0,0,,player.fcgi?id=jung--000jos,
Caleb Kilian,20,2017,Texas Tech,Big 12,6,0,1,3.55,19,1,,0,0,2,38,25,16,15,0,23,1,35,2,4,1,157,1.263,5.9,0,5.4,8.3,1.52,,player.fcgi?id=kilian000cal,
Erikson Lanning*,20,2017,Texas Tech,Big 12,3,1,0.75,3.12,17,7,,0,0,0,40.1,40,15,14,1,17,1,18,6,0,4,177,1.413,8.9,0.2,3.8,4,1.06,,player.fcgi?id=lannin000eri,
Davis Martin,20,2017,Texas Tech,Big 12,4,2,0.667,3.07,9,9,,0,0,0,44,43,16,15,2,10,1,37,2,0,4,181,1.205,8.8,0.4,2,7.6,3.7,,player.fcgi?id=martin023dav,
Jake McDonald,19,2017,Texas Tech,Big 12,0,1,0,5.31,14,3,,0,0,0,20.1,23,16,12,1,15,0,17,6,1,0,102,1.869,10.2,0.4,6.6,7.5,1.13,,player.fcgi?id=mcdona000jak,
John McMillon,19,2017,Texas Tech,Big 12,2,0,1,1.75,24,0,,0,0,5,25.2,12,6,5,1,20,0,29,2,2,4,106,1.247,4.2,0.4,7,10.2,1.45,,player.fcgi?id=mcmill005joh,
Parker Mushinski*,21,2017,Texas Tech,Big 12,3,2,0.6,2.15,31,0,,0,0,6,37.2,24,10,9,0,25,1,47,4,0,9,162,1.301,5.7,0,6,11.2,1.88,,player.fcgi?id=mushin000par,
Jacob Patterson*,21,2017,Texas Tech,Big 12,5,1,0.833,3.86,30,1,,0,0,2,51.1,47,29,22,2,25,0,63,7,0,7,234,1.403,8.2,0.4,4.4,11,2.52,,player.fcgi?id=patter005jac,
Jose Quezada,21,2017,Texas Tech,Big 12,6,4,0.6,3.55,24,0,,0,0,4,38,33,19,15,4,16,0,52,7,1,7,167,1.289,7.8,0.9,3.8,12.3,3.25,,player.fcgi?id=quezad001jos,
Ryan Shetter,20,2017,Texas Tech,Big 12,4,1,0.8,3.71,15,15,,0,0,0,70.1,66,33,29,6,27,1,74,4,1,6,303,1.322,8.4,0.8,3.5,9.5,2.74,,player.fcgi?id=shette000rya,
Nick Candelari?,--,2018,Texas Tech,Big 12,0,0,,5.79,9,0,,0,0,0,9.1,10,6,6,0,10,0,9,2,0,1,50,2.143,9.6,0,9.6,8.7,0.9,,player.fcgi?id=candel000nic,
Andrew Davis?,--,2018,Texas Tech,Big 12,0,0,,13.5,5,0,,0,0,0,5.1,3,10,8,0,15,0,5,6,0,2,39,3.375,5.1,0,25.3,8.4,0.33,,player.fcgi?id=davis-007and,
Dylan Dusek*,23,2018,Texas Tech,Big 12,3,0,1,2.18,20,5,,0,0,0,33,29,11,8,2,13,0,31,1,1,4,141,1.273,7.9,0.5,3.5,8.5,2.38,,player.fcgi?id=dusek-000dyl,
Caleb Freeman,20,2018,Texas Tech,Big 12,1,0,1,5.18,22,0,,0,0,3,33,35,25,19,4,18,0,31,2,0,3,152,1.606,9.5,1.1,4.9,8.5,1.72,,player.fcgi?id=freema000cal,
Richard Gilbert*,19,2018,Texas Tech,Big 12,0,0,,17.36,7,0,,0,0,0,4.2,7,9,9,2,9,0,5,3,0,3,33,3.429,13.5,3.9,17.4,9.6,0.56,,player.fcgi?id=gilber002ric,
Steven Gingery*,20,2018,Texas Tech,Big 12,0,0,,0,1,1,,0,0,0,2.1,0,0,0,0,0,0,3,0,0,0,7,0,0,0,0,11.6,,,player.fcgi?id=ginger000ste,
John Henry Gonzalez,--,2018,Texas Tech,Big 12,0,0,,6.23,11,0,,0,0,0,17.1,23,14,12,4,10,0,24,1,0,1,85,1.904,11.9,2.1,5.2,12.5,2.4,,player.fcgi?id=gonzal009joh,
Ty Harpenau,21,2018,Texas Tech,Big 12,7,2,0.778,3.59,27,0,,0,0,4,57.2,45,24,23,4,26,2,55,4,1,6,241,1.231,7,0.6,4.1,8.6,2.12,,player.fcgi?id=harpen000ty-,
Dane Haveman*,20,2018,Texas Tech,Big 12,0,1,0,11.12,14,0,,0,0,3,11.1,12,14,14,0,13,0,14,4,0,1,61,2.206,9.5,0,10.3,11.1,1.08,,player.fcgi?id=havema000dan,
Parker Kelly,19,2018,Texas Tech,Big 12,0,0,,0,2,0,,0,0,0,1.2,3,0,0,0,1,0,0,0,0,0,8,2.4,16.2,0,5.4,0,0,,player.fcgi?id=kelly-001par,
Caleb Kilian,21,2018,Texas Tech,Big 12,9,3,0.75,3.24,20,11,,0,0,0,72.1,60,35,26,4,28,0,63,8,1,6,313,1.217,7.5,0.5,3.5,7.8,2.25,,player.fcgi?id=kilian000cal,
Erikson Lanning*,21,2018,Texas Tech,Big 12,0,0,,6.75,2,2,,0,0,0,5.1,7,6,4,0,4,0,3,0,0,0,27,2.063,11.8,0,6.8,5.1,0.75,,player.fcgi?id=lannin000eri,
Davis Martin,21,2018,Texas Tech,Big 12,7,6,0.538,4.87,17,17,,0,0,0,77.2,79,48,42,7,37,0,81,8,1,7,354,1.494,9.2,0.8,4.3,9.4,2.19,,player.fcgi?id=martin023dav,
John McMillon,20,2018,Texas Tech,Big 12,5,3,0.625,4.02,17,12,,0,0,0,62.2,63,36,28,2,47,1,73,5,1,8,295,1.755,9,0.3,6.8,10.5,1.55,,player.fcgi?id=mcmill005joh,
Connor Queen,20,2018,Texas Tech,Big 12,1,0,1,4.2,18,1,,0,0,0,30,29,15,14,1,17,0,11,0,0,5,133,1.533,8.7,0.3,5.1,3.3,0.65,,player.fcgi?id=queen-000con,
Jose Quezada,22,2018,Texas Tech,Big 12,5,2,0.714,2.21,22,0,,0,0,2,36.2,19,9,9,2,21,1,41,3,0,2,150,1.091,4.7,0.5,5.2,10.1,1.95,,player.fcgi?id=quezad001jos,
Ryan Shetter,21,2018,Texas Tech,Big 12,6,0,1,2.97,21,8,,0,0,3,72.2,54,27,24,6,27,0,79,9,1,8,302,1.115,6.7,0.7,3.3,9.8,2.93,,player.fcgi?id=shette000rya,
Ryan Sublette,19,2018,Texas Tech,Big 12,0,3,0,9.49,13,8,,0,0,0,24.2,39,29,26,0,22,0,20,4,0,4,135,2.473,14.2,0,8,7.3,0.91,,player.fcgi?id=sublet000rya,
Kurt Wilson,20,2018,Texas Tech,Big 12,1,0,1,8.1,17,0,,0,0,0,13.1,13,13,12,1,19,1,17,3,1,2,74,2.4,8.8,0.7,12.8,11.5,0.89,,player.fcgi?id=wilson000kur,
Clayton Beeter,20,2019,Texas Tech,Big 12,0,3,0,3.48,21,0,,0,0,8,20.2,12,9,8,1,20,0,40,1,1,8,93,1.548,5.2,0.4,8.7,17.4,2,,player.fcgi?id=beeter000cla,
Bryce Bonnin,20,2019,Texas Tech,Big 12,7,1,0.875,4.08,15,13,,0,0,0,64,50,33,29,1,45,0,65,7,0,5,281,1.484,7,0.1,6.3,9.1,1.44,,player.fcgi?id=bonnin000bry,
Micah Dallas,19,2019,Texas Tech,Big 12,7,2,0.778,4.03,19,13,,0,0,0,76,74,38,34,8,28,1,84,2,0,12,323,1.342,8.8,0.9,3.3,9.9,3,,player.fcgi?id=dallas000mic,
Hunter Dobbins,19,2019,Texas Tech,Big 12,2,1,0.667,4.44,14,2,,0,0,1,26.1,25,14,13,2,11,0,24,1,0,6,114,1.367,8.5,0.7,3.8,8.2,2.18,,player.fcgi?id=dobbin000hun,
Cade Farr*,19,2019,Texas Tech,Big 12,0,0,,21.6,4,0,,0,0,0,1.2,3,4,4,0,1,0,2,1,0,1,9,2.4,16.2,0,5.4,10.8,2,,player.fcgi?id=farr--000cad,
Taylor Floyd,21,2019,Texas Tech,Big 12,5,3,0.625,2.51,31,0,,0,0,5,57.1,46,16,16,1,27,0,88,5,0,6,243,1.273,7.2,0.2,4.2,13.8,3.26,,player.fcgi?id=floyd-000tay,
Caleb Freeman,21,2019,Texas Tech,Big 12,2,0,1,6.61,18,0,,0,0,0,16.1,26,14,12,2,15,2,15,0,0,4,84,2.51,14.3,1.1,8.3,8.3,1,,player.fcgi?id=freema000cal,
Trey Garlett,--,2019,Texas Tech,Big 12,1,0,1,4.22,8,1,,0,0,0,10.2,9,5,5,0,6,1,5,2,0,1,46,1.406,7.6,0,5.1,4.2,0.83,,player.fcgi?id=garlet000tre,
Dane Haveman*,21,2019,Texas Tech,Big 12,2,1,0.667,3.02,34,0,,0,0,3,44.2,48,19,15,2,9,1,59,4,1,2,192,1.276,9.7,0.4,1.8,11.9,6.56,,player.fcgi?id=havema000dan,
Noah Huerta*,--,2019,Texas Tech,Big 12,0,0,,18,1,0,,0,0,0,1,4,2,2,0,0,0,1,0,0,0,6,4,36,0,0,9,,,player.fcgi?id=huerta000noa,
Ryan Keesee*,--,2019,Texas Tech,Big 12,0,0,,7.2,11,0,,0,0,0,5,6,4,4,2,1,0,3,2,0,0,23,1.4,10.8,3.6,1.8,5.4,3,,player.fcgi?id=keesee000rya,
Caleb Kilian,22,2019,Texas Tech,Big 12,8,3,0.727,3.92,17,17,,1,1,0,96.1,86,44,42,8,20,0,89,11,0,7,391,1.1,8,0.7,1.9,8.3,4.45,,player.fcgi?id=kilian000cal,
Erikson Lanning*,22,2019,Texas Tech,Big 12,0,1,0,4.81,13,11,,0,0,0,39.1,49,34,21,1,6,0,25,6,1,0,180,1.398,11.2,0.2,1.4,5.7,4.17,,player.fcgi?id=lannin000eri,
John McMillon,21,2019,Texas Tech,Big 12,4,3,0.571,3.4,24,0,,0,0,3,47.2,35,26,18,3,35,2,67,4,1,5,217,1.469,6.6,0.6,6.6,12.7,1.91,,player.fcgi?id=mcmill005joh,
Mason Montgomery*,19,2019,Texas Tech,Big 12,3,1,0.75,5.14,12,9,,0,0,0,35,32,25,20,1,26,0,24,7,0,2,163,1.657,8.2,0.3,6.7,6.2,0.92,,player.fcgi?id=montgo000mas,
Connor Queen,21,2019,Texas Tech,Big 12,4,0,1,1.06,11,0,,0,0,0,17,15,2,2,1,7,1,13,2,0,2,74,1.294,7.9,0.5,3.7,6.9,1.86,,player.fcgi?id=queen-000con,
Ryan Sublette,20,2019,Texas Tech,Big 12,1,0,1,4.76,14,0,,0,0,1,17,18,11,9,1,13,0,16,1,0,3,80,1.824,9.5,0.5,6.9,8.5,1.23,,player.fcgi?id=sublet000rya,
Kurt Wilson,21,2019,Texas Tech,Big 12,0,1,0,6.14,12,0,,0,0,0,14.2,14,14,10,1,8,0,12,5,1,5,70,1.5,8.6,0.6,4.9,7.4,1.5,,player.fcgi?id=wilson000kur,
Jon Barrera*,19,2020,Texas Tech,Big 12,0,0,,13.5,2,0,,0,0,0,2,3,3,3,0,5,0,3,0,0,1,14,4,13.5,0,22.5,13.5,0.6,,player.fcgi?id=barrer000jon,
Austin Becker,20,2020,Texas Tech,Big 12,1,0,1,6.08,5,4,,0,0,0,13.1,9,10,9,1,14,0,11,4,0,3,66,1.725,6.1,0.7,9.5,7.4,0.79,,player.fcgi?id=becker000aus,
Clayton Beeter,21,2020,Texas Tech,Big 12,2,1,0.667,2.14,4,4,,0,0,0,21,13,7,5,3,4,0,33,1,0,2,82,0.81,5.6,1.3,1.7,14.1,8.25,,player.fcgi?id=beeter000cla,
Bryce Bonnin,21,2020,Texas Tech,Big 12,2,0,1,7.36,4,4,,0,0,0,14.2,19,13,12,2,6,0,27,0,0,1,70,1.705,11.7,1.2,3.7,16.6,4.5,,player.fcgi?id=bonnin000bry,
Jakob Brustoski*,21,2020,Texas Tech,Big 12,1,1,0.5,1.8,7,0,,0,0,0,10,5,3,2,0,4,0,13,1,0,2,39,0.9,4.5,0,3.6,11.7,3.25,,player.fcgi?id=brusto000jak,
Micah Dallas,20,2020,Texas Tech,Big 12,1,0,1,0.57,5,0,,0,0,3,15.2,7,1,1,0,1,0,23,1,0,0,55,0.511,4,0,0.6,13.2,23,,player.fcgi?id=dallas000mic,
Andrew Devine,19,2020,Texas Tech,Big 12,1,0,1,1.23,6,0,,0,0,1,7.1,4,1,1,1,2,0,10,0,0,0,27,0.818,4.9,1.2,2.5,12.3,5,,player.fcgi?id=devine000and,
Hunter Dobbins,20,2020,Texas Tech,Big 12,2,0,1,1.35,6,3,,0,0,0,20,17,3,3,0,5,0,25,0,0,1,79,1.1,7.7,0,2.3,11.3,5,,player.fcgi?id=dobbin000hun,
Tyler Hamilton,19,2020,Texas Tech,Big 12,0,0,,18,1,0,,0,0,0,1,4,2,2,1,0,0,1,0,0,0,7,4,36,9,0,9,,,player.fcgi?id=hamilt002tyl,
Brandon Hendrix,18,2020,Texas Tech,Big 12,0,0,,6,5,0,,0,0,0,6,7,4,4,1,1,0,5,0,0,1,27,1.333,10.5,1.5,1.5,7.5,5,,player.fcgi?id=hendri004bra,
John McMillon,22,2020,Texas Tech,Big 12,1,0,1,3.86,7,0,,0,0,0,9.1,9,4,4,0,8,0,20,2,0,4,47,1.821,8.7,0,7.7,19.3,2.5,,player.fcgi?id=mcmill005joh,
Mason Montgomery*,20,2020,Texas Tech,Big 12,3,1,0.75,3,4,4,,0,0,0,18,12,6,6,1,7,0,20,1,0,2,73,1.056,6,0.5,3.5,10,2.86,,player.fcgi?id=montgo000mas,
Connor Queen,22,2020,Texas Tech,Big 12,0,0,,1.5,3,0,,0,0,0,6,5,1,1,0,1,0,1,0,0,0,22,1,7.5,0,1.5,1.5,1,,player.fcgi?id=queen-000con,
Riley Ramsey,21,2020,Texas Tech,Big 12,0,0,,0,2,0,,0,0,0,1.1,1,0,0,0,0,0,2,0,0,1,5,0.75,6.8,0,0,13.5,,,player.fcgi?id=ramsey000ril,
Eli Riechmann*,21,2020,Texas Tech,Big 12,0,0,,3,5,0,,0,0,0,6,6,2,2,0,1,0,6,0,0,1,24,1.167,9,0,1.5,9,6,,player.fcgi?id=riechm000eli,
Ryan Sublette,21,2020,Texas Tech,Big 12,2,0,1,3.86,6,0,,0,0,0,9.1,7,4,4,0,5,1,15,1,0,4,42,1.286,6.8,0,4.8,14.5,3,,player.fcgi?id=sublet000rya,
Kurt Wilson,22,2020,Texas Tech,Big 12,0,0,,4.5,5,0,,0,0,0,8,6,4,4,1,4,0,7,2,0,1,35,1.25,6.8,1.1,4.5,7.9,1.75,,player.fcgi?id=wilson000kur,
Brandon Beckel,19,2021,Texas Tech,Big 12,0,0,,16.2,5,0,,0,0,0,3.1,6,6,6,0,5,0,6,0,0,1,20,3.3,16.2,0,13.5,16.2,1.2,,player.fcgi?id=beckel000bra,
Brandon Birdsell,21,2021,Texas Tech,Big 12,4,1,0.8,3.06,8,7,,0,0,0,35.1,27,13,12,4,9,0,36,5,0,4,142,1.019,6.9,1,2.3,9.2,4,,player.fcgi?id=birdse000bra,
Derek Bridges*,20,2021,Texas Tech,Big 12,0,0,,3.97,19,0,,0,0,1,11.1,12,7,5,2,0,0,11,3,0,0,48,1.059,9.5,1.6,0,8.7,,,player.fcgi?id=bridge000der,
Micah Dallas,21,2021,Texas Tech,Big 12,4,3,0.571,3.51,17,10,,0,0,2,66.2,61,34,26,6,20,0,79,3,0,11,279,1.215,8.2,0.8,2.7,10.7,3.95,,player.fcgi?id=dallas000mic,
Andrew Devine,20,2021,Texas Tech,Big 12,1,1,0.5,12,17,0,,0,0,0,15,17,22,20,1,21,0,23,8,0,3,92,2.533,10.2,0.6,12.6,13.8,1.1,,player.fcgi?id=devine000and,
Brendan Girton,19,2021,Texas Tech,Big 12,2,0,1,4.74,18,2,,0,0,1,24.2,21,15,13,1,19,0,23,6,1,4,121,1.622,7.7,0.4,6.9,8.4,1.21,,player.fcgi?id=girton000bre,
Nick Gorby*,19,2021,Texas Tech,Big 12,0,0,,0,3,0,,0,0,0,3.1,4,5,0,0,3,0,1,1,0,0,18,2.1,10.8,0,8.1,2.7,0.33,,player.fcgi?id=gorby-000nic,
Tyler Hamilton,20,2021,Texas Tech,Big 12,0,0,,6.75,2,0,,0,0,0,1.1,0,1,1,0,4,0,1,0,0,0,8,3,0,0,27,6.8,0.25,,player.fcgi?id=hamilt002tyl,
Chase Hampton,19,2021,Texas Tech,Big 12,4,1,0.8,3.86,18,7,,0,0,1,44.1,36,21,19,4,17,0,34,6,1,4,184,1.195,7.3,0.8,3.5,6.9,2,,player.fcgi?id=hampto000cha,
Jamie Hitt*,18,2021,Texas Tech,Big 12,0,1,0,5.79,5,0,,0,0,0,4.2,10,5,3,0,2,0,2,0,0,1,24,2.571,19.3,0,3.9,3.9,1,,player.fcgi?id=hitt--003jam,
Hayde Key,20,2021,Texas Tech,Big 12,2,0,1,5.52,10,1,,0,0,0,14.2,15,9,9,1,6,0,17,2,0,1,65,1.432,9.2,0.6,3.7,10.4,2.83,,player.fcgi?id=key---001hay,
Brady LeJeune-DeAcutis*,20,2021,Texas Tech,Big 12,0,0,,4.91,4,0,,0,0,0,3.2,5,2,2,0,2,0,4,1,0,2,18,1.909,12.3,0,4.9,9.8,2,,player.fcgi?id=lejeun000bra,
Patrick Monteverde*,23,2021,Texas Tech,Big 12,7,4,0.636,3.75,16,16,,0,0,0,86.1,79,43,36,10,21,0,101,3,1,8,359,1.158,8.2,1,2.2,10.5,4.81,,player.fcgi?id=montev000pat,
Mason Montgomery*,21,2021,Texas Tech,Big 12,5,3,0.625,3.82,14,13,,0,0,0,63.2,48,29,27,8,27,0,84,2,0,1,260,1.178,6.8,1.1,3.8,11.9,3.11,,player.fcgi?id=montgo000mas,
Brandon Petix*,21,2021,Texas Tech,Big 12,0,0,,13.5,1,0,,0,0,0,0.2,1,1,1,0,1,0,0,1,0,0,5,3,13.5,0,13.5,0,0,,player.fcgi?id=petix-000bra,
Connor Queen,23,2021,Texas Tech,Big 12,1,0,1,4.15,18,0,,0,0,6,21.2,21,11,10,4,9,0,19,1,0,3,90,1.385,8.7,1.7,3.7,7.9,2.11,,player.fcgi?id=queen-000con,
Eli Riechmann*,22,2021,Texas Tech,Big 12,1,0,1,4.5,11,0,,0,0,0,10,10,6,5,1,6,0,6,4,0,0,48,1.6,9,0.9,5.4,5.4,1,,player.fcgi?id=riechm000eli,
Josh Sanders,19,2021,Texas Tech,Big 12,0,0,,2.89,8,0,,0,0,0,9.1,10,4,3,0,4,0,10,1,0,3,42,1.5,9.6,0,3.9,9.6,2.5,,player.fcgi?id=sander005jos,
Ryan Sublette,22,2021,Texas Tech,Big 12,6,3,0.667,2.34,19,0,,0,0,3,42.1,28,15,11,1,17,0,62,2,1,6,175,1.063,6,0.2,3.6,13.2,3.65,,player.fcgi?id=sublet000rya,
Chase Webster,21,2021,Texas Tech,Big 12,1,0,1,10.38,10,0,,0,0,0,8.2,9,10,10,2,7,0,3,1,0,2,44,1.846,9.3,2.1,7.3,3.1,0.43,,player.fcgi?id=webste001cha,
Levi Wells,19,2021,Texas Tech,Big 12,1,0,1,7.64,17,0,,0,0,0,17.2,15,16,15,3,23,0,21,4,1,2,92,2.151,7.6,1.5,11.7,10.7,0.91,,player.fcgi?id=wells-000lev,
Kurt Wilson,23,2021,Texas Tech,Big 12,0,0,,3.38,3,0,,0,0,0,2.2,4,1,1,0,2,0,0,0,0,2,12,2.25,13.5,0,6.8,0,0,,player.fcgi?id=wilson000kur,
Brandon Beckel,20,2022,Texas Tech,Big 12,0,1,0,5.32,18,0,,0,0,0,23.2,22,15,14,1,12,0,29,0,0,6,106,1.437,8.4,0.4,4.6,11,2.42,,player.fcgi?id=beckel000bra,
Austin Becker,22,2022,Texas Tech,Big 12,2,1,0.667,4.29,13,3,,0,0,2,21,28,14,10,3,15,0,30,3,0,8,108,2.048,12,1.3,6.4,12.9,2,,player.fcgi?id=becker000aus,
Brandon Birdsell,22,2022,Texas Tech,Big 12,9,3,0.75,2.75,15,15,,1,0,0,85,67,29,26,7,29,0,106,7,2,10,350,1.129,7.1,0.7,3.1,11.2,3.66,,player.fcgi?id=birdse000bra,
Bo Blessie,22,2022,Texas Tech,Big 12,0,0,,8.22,7,0,,0,0,0,7.2,8,7,7,1,6,0,9,0,0,2,37,1.826,9.4,1.2,7,10.6,1.5,,player.fcgi?id=blessi000bo-,
Derek Bridges*,21,2022,Texas Tech,Big 12,1,0,1,3.27,27,0,,0,0,1,22,20,10,8,2,9,1,24,2,0,3,94,1.318,8.2,0.8,3.7,9.8,2.67,,player.fcgi?id=bridge000der,
Colin Clark*,23,2022,Texas Tech,Big 12,1,1,0.5,6.23,14,0,,0,0,1,21.2,25,16,15,3,8,0,19,2,0,0,100,1.523,10.4,1.2,3.3,7.9,2.38,,player.fcgi?id=clark-000col,
Garrett Crowley*,22,2022,Texas Tech,Big 12,0,0,,27,4,0,,0,0,0,1.1,2,4,4,0,5,0,4,0,0,1,11,5.25,13.5,0,33.8,27,0.8,,player.fcgi?id=crowle000gar,
Andrew Devine,21,2022,Texas Tech,Big 12,2,1,0.667,4.3,16,4,,0,0,1,23,20,13,11,4,15,1,26,5,0,2,110,1.522,7.8,1.6,5.9,10.2,1.73,,player.fcgi?id=devine000and,
Brendan Girton,20,2022,Texas Tech,Big 12,3,0,1,4.08,9,0,,0,0,0,17.2,10,9,8,1,7,0,18,0,1,2,71,0.962,5.1,0.5,3.6,9.2,2.57,,player.fcgi?id=girton000bre,
Tyler Hamilton,21,2022,Texas Tech,Big 12,0,0,,9,1,0,,0,0,0,1,1,1,1,0,2,0,0,0,0,0,6,3,9,0,18,0,0,,player.fcgi?id=hamilt002tyl,
Chase Hampton,20,2022,Texas Tech,Big 12,5,4,0.556,4.29,15,11,,0,0,0,56.2,51,28,27,8,28,0,72,7,0,1,247,1.394,8.1,1.3,4.4,11.4,2.57,,player.fcgi?id=hampto000cha,
Shay Hartis,22,2022,Texas Tech,Big 12,1,0,1,6.06,13,0,,0,0,0,16.1,19,11,11,1,2,0,14,1,0,1,71,1.286,10.5,0.6,1.1,7.7,7,,player.fcgi?id=hartis000sha,
Jamie Hitt*,19,2022,Texas Tech,Big 12,0,2,0,7.4,17,3,,0,0,0,24.1,25,23,20,3,13,0,21,4,0,3,117,1.562,9.2,1.1,4.8,7.8,1.62,,player.fcgi?id=hitt--003jam,
Jase Lopez,21,2022,Texas Tech,Big 12,1,0,1,14.14,8,0,,0,0,0,7,15,11,11,0,3,0,6,1,0,1,38,2.571,19.3,0,3.9,7.7,2,,player.fcgi?id=lopez-001jas,
Brendan Lysik*,19,2022,Texas Tech,Big 12,0,0,,inf,1,0,,0,0,0,0,2,3,3,1,1,0,0,0,0,0,3,,,,,,0,,player.fcgi?id=lysik-000bre,
Mason Molina*,18,2022,Texas Tech,Big 12,2,5,0.286,3.9,20,9,,0,0,1,57.2,44,27,25,4,29,0,71,2,1,4,244,1.266,6.9,0.6,4.5,11.1,2.45,,player.fcgi?id=molina000mas,
Andrew Morris,20,2022,Texas Tech,Big 12,8,2,0.8,4.58,16,15,,1,0,0,88.1,80,49,45,13,28,2,91,8,0,4,377,1.223,8.2,1.3,2.9,9.3,3.25,,player.fcgi?id=morris002and,
Trendan Parish,20,2022,Texas Tech,Big 12,2,2,0.5,8.26,20,1,,0,0,6,28.1,38,27,26,5,8,0,33,1,0,2,132,1.624,12.1,1.6,2.5,10.5,4.13,,player.fcgi?id=parish000tre,
Kyle Robinson,18,2022,Texas Tech,Big 12,1,0,1,4.63,12,0,,0,0,0,11.2,15,6,6,2,5,0,9,2,0,2,55,1.714,11.6,1.5,3.9,6.9,1.8,,player.fcgi?id=robins005kyl,
Josh Sanders,20,2022,Texas Tech,Big 12,1,0,1,7.2,18,0,,0,0,1,25,36,21,20,2,9,1,26,2,1,1,120,1.8,13,0.7,3.2,9.4,2.89,,player.fcgi?id=sander005jos,
Brandon Beckel,21,2023,Texas Tech,Big 12,5,2,0.714,2.23,24,0,,0,0,7,48.1,43,16,12,4,20,0,67,1,1,4,210,1.303,8,0.7,3.7,12.5,3.35,,player.fcgi?id=beckel000bra,
Bo Blessie,23,2023,Texas Tech,Big 12,1,0,1,6.75,6,2,,0,0,0,8,4,6,6,1,11,0,6,0,0,1,36,1.875,4.5,1.1,12.4,6.8,0.55,,player.fcgi?id=blessi000bo-,
Damian Bravo,19,2023,Texas Tech,Big 12,1,0,1,6.14,8,0,,0,0,0,7.1,4,5,5,1,10,1,11,1,0,3,35,1.909,4.9,1.2,12.3,13.5,1.1,,player.fcgi?id=bravo-000dam,
Derek Bridges*,22,2023,Texas Tech,Big 12,1,0,1,7.71,11,0,,0,0,0,7,6,8,6,0,3,0,7,1,0,0,31,1.286,7.7,0,3.9,9,2.33,,player.fcgi?id=bridge000der,
Ethan Coombes,23,2023,Texas Tech,Big 12,4,0,1,2.75,23,0,,0,0,0,19.2,16,9,6,2,12,0,38,4,0,2,93,1.424,7.3,0.9,5.5,17.4,3.17,,player.fcgi?id=coombe000eth,
Garrett Crowley*,23,2023,Texas Tech,Big 12,0,0,,9.53,8,0,,0,0,0,5.2,12,6,6,1,3,0,6,1,0,1,32,2.647,19.1,1.6,4.8,9.5,2,,player.fcgi?id=crowle000gar,
Dax Dathe,22,2023,Texas Tech,Big 12,0,0,,15,5,0,,0,0,0,3,3,5,5,2,5,0,2,0,0,4,18,2.667,9,6,15,6,0.4,,player.fcgi?id=dathe-000dax,
Andrew Devine,22,2023,Texas Tech,Big 12,1,3,0.25,7.13,14,0,,0,0,1,17.2,20,18,14,5,11,0,19,1,1,2,80,1.755,10.2,2.5,5.6,9.7,1.73,,player.fcgi?id=devine000and,
Zach Erdman*,19,2023,Texas Tech,Big 12,1,0,1,3.21,6,2,,0,0,0,14,15,6,5,0,6,0,12,2,0,1,64,1.5,9.6,0,3.9,7.7,2,,player.fcgi?id=erdman001zac,
Taber Fast*,19,2023,Texas Tech,Big 12,1,0,1,6.03,12,7,,0,0,0,34.1,39,25,23,4,30,0,23,6,0,1,168,2.01,10.2,1,7.9,6,0.77,,player.fcgi?id=fast--000tab,
Ryan Free*,21,2023,Texas Tech,Big 12,5,4,0.556,4.11,27,0,,0,0,1,46,39,25,21,8,16,0,54,5,0,3,198,1.196,7.6,1.6,3.1,10.6,3.38,,player.fcgi?id=free--000rya,
Brendan Girton,21,2023,Texas Tech,Big 12,2,2,0.5,5.82,15,7,,0,0,0,51,52,46,33,6,31,0,36,3,0,5,239,1.627,9.2,1.1,5.5,6.4,1.16,,player.fcgi?id=girton000bre,
Jack Livingstone,19,2023,Texas Tech,Big 12,0,0,,0,1,0,,0,0,0,0.2,0,0,0,0,0,0,0,0,0,0,1,0,0,0,0,0,,,player.fcgi?id=living003jac,
Jase Lopez,22,2023,Texas Tech,Big 12,1,0,1,5.5,16,0,,0,0,1,18,23,12,11,2,6,0,24,2,0,3,85,1.611,11.5,1,3,12,4,,player.fcgi?id=lopez-001jas,
Brendan Lysik*,20,2023,Texas Tech,Big 12,0,1,0,3.48,11,0,,0,0,0,10.1,3,4,4,1,10,0,7,1,0,1,44,1.258,2.6,0.9,8.7,6.1,0.7,,player.fcgi?id=lysik-000bre,
Cade McGarrh,20,2023,Texas Tech,Big 12,0,0,,9,2,0,,0,0,0,1,2,2,1,0,1,0,1,0,0,0,7,3,18,0,9,9,1,,player.fcgi?id=mcgarr000cad,
Mason Molina*,19,2023,Texas Tech,Big 12,6,2,0.75,3.67,16,16,,0,0,0,83.1,63,39,34,10,35,0,108,5,1,5,352,1.176,6.8,1.1,3.8,11.7,3.09,,player.fcgi?id=molina000mas,
Trendan Parish,21,2023,Texas Tech,Big 12,3,2,0.6,6,16,9,,0,0,1,57,63,50,38,11,35,0,50,6,1,2,272,1.719,9.9,1.7,5.5,7.9,1.43,,player.fcgi?id=parish000tre,
Zane Petty,19,2023,Texas Tech,Big 12,3,2,0.6,5.68,14,11,,0,0,0,38,47,30,24,1,15,0,32,3,0,5,177,1.632,11.1,0.2,3.6,7.6,2.13,,player.fcgi?id=petty-000zan,
Kyle Robinson,19,2023,Texas Tech,Big 12,1,1,0.5,5.36,18,5,,0,0,2,45.1,41,29,27,4,19,1,45,3,0,2,191,1.324,8.1,0.8,3.8,8.9,2.37,,player.fcgi?id=robins005kyl,
Jacob Rogers,19,2023,Texas Tech,Big 12,2,3,0.4,5.48,12,5,,0,0,0,23,21,16,14,4,13,0,25,3,0,3,106,1.478,8.2,1.6,5.1,9.8,1.92,,player.fcgi?id=rogers011jac,
Josh Sanders,21,2023,Texas Tech,Big 12,3,1,0.75,6.18,19,0,,0,0,1,27.2,33,24,19,5,10,1,16,3,0,2,130,1.554,10.7,1.6,3.3,5.2,1.6,,player.fcgi?id=sander005jos,
Carson Baugh*,21,2024,Texas Tech,Big 12,0,0,,18.47,7,0,,0,0,0,6.1,12,13,13,3,8,0,8,0,0,0,38,3.158,17.1,4.3,11.4,11.4,1,,player.fcgi?id=baugh-000car,
Garet Boehm,19,2024,Texas Tech,Big 12,0,0,,0,1,0,,0,0,0,0.2,0,0,0,0,1,0,1,1,0,0,4,1.5,0,0,13.5,13.5,1,,player.fcgi?id=boehm-000gar,
Derek Bridges*,23,2024,Texas Tech,Big 12,0,1,0,5.84,18,0,,0,0,0,12.1,18,8,8,1,8,0,12,0,0,1,61,2.108,13.1,0.7,5.8,8.8,1.5,,player.fcgi?id=bridge000der,
Chandler Coe,19,2024,Texas Tech,Big 12,0,0,,0,4,0,,0,0,0,3,2,0,0,0,1,0,2,0,0,1,11,1,6,0,3,6,2,,player.fcgi?id=coe---003cha,
Zach Erdman*,20,2024,Texas Tech,Big 12,0,1,0,6.55,13,5,,0,0,0,33,47,27,24,5,10,0,27,2,0,2,153,1.727,12.8,1.4,2.7,7.4,2.7,,player.fcgi?id=erdman001zac,
Taber Fast*,20,2024,Texas Tech,Big 12,0,0,,9,5,2,,0,0,0,8,14,8,8,1,1,0,7,1,0,1,40,1.875,15.8,1.1,1.1,7.9,7,,player.fcgi?id=fast--000tab,
Ryan Free*,22,2024,Texas Tech,Big 12,6,2,0.75,6.36,17,9,,0,0,1,52.1,63,44,37,13,21,0,38,11,0,5,246,1.605,10.8,2.2,3.6,6.5,1.81,,player.fcgi?id=free--000rya,
Mac Heuer,19,2024,Texas Tech,Big 12,4,5,0.444,5.94,12,10,,0,0,0,47,47,34,31,12,25,0,46,7,0,4,217,1.532,9,2.3,4.8,8.8,1.84,,player.fcgi?id=heuer-000mac,
Max Huffing?,--,2024,Texas Tech,Big 12,0,0,,11.68,11,0,,0,0,1,12.1,21,17,16,3,12,1,13,3,0,5,72,2.676,15.3,2.2,8.8,9.5,1.08,,player.fcgi?id=huffin000max,
Parker Hutyra,19,2024,Texas Tech,Big 12,4,3,0.571,4.72,21,1,,0,0,1,34.1,40,20,18,4,17,0,38,1,0,3,162,1.66,10.5,1,4.5,10,2.24,,player.fcgi?id=hutyra000par,
Cole Kaase,20,2024,Texas Tech,Big 12,0,0,,7.63,16,0,,0,0,1,15.1,16,13,13,2,15,0,20,3,1,4,78,2.022,9.4,1.2,8.8,11.7,1.33,,player.fcgi?id=kaase-000col,
Hudson Luce*,22,2024,Texas Tech,Big 12,2,1,0.667,9.98,14,0,,0,0,0,15.1,24,21,17,3,12,1,13,0,0,2,82,2.348,14.1,1.8,7,7.6,1.08,,player.fcgi?id=luce--000hud,
Brendan Lysik*,21,2024,Texas Tech,Big 12,0,1,0,8.79,17,0,,0,0,0,14.1,13,14,14,2,17,0,23,11,0,1,82,2.093,8.2,1.3,10.7,14.4,1.35,,player.fcgi?id=lysik-000bre,
Trendan Parish,22,2024,Texas Tech,Big 12,2,2,0.5,3.33,14,1,,0,0,2,27,24,11,10,1,10,2,24,1,0,2,112,1.259,8,0.3,3.3,8,2.4,,player.fcgi?id=parish000tre,
Hudson Parker,21,2024,Texas Tech,Big 12,0,0,,7.07,11,3,,0,0,0,14,20,16,11,5,18,0,10,4,0,6,79,2.714,12.9,3.2,11.6,6.4,0.56,,player.fcgi?id=parker000hud,
Zane Petty,20,2024,Texas Tech,Big 12,2,0,1,7.88,6,4,,0,0,0,16,18,16,14,2,12,0,15,1,1,1,78,1.875,10.1,1.1,6.8,8.4,1.25,,player.fcgi?id=petty-000zan,
Isaiah Rhodes,23,2024,Texas Tech,Big 12,0,0,,8.38,13,0,,0,0,0,9.2,9,11,9,2,15,0,9,2,0,4,56,2.483,8.4,1.9,14,8.4,0.6,,player.fcgi?id=rhodes000isa,
Kyle Robinson,20,2024,Texas Tech,Big 12,4,7,0.364,5.09,15,15,,0,0,0,76,82,52,43,10,38,0,79,6,0,4,348,1.579,9.7,1.2,4.5,9.4,2.08,,player.fcgi?id=robins005kyl,
Jacob Rogers,20,2024,Texas Tech,Big 12,1,1,0.5,7.45,20,1,,0,0,1,29,36,28,24,8,20,0,36,5,0,4,142,1.931,11.2,2.5,6.2,11.2,1.8,,player.fcgi?id=rogers011jac,
Josh Sanders,22,2024,Texas Tech,Big 12,5,1,0.833,3.33,27,0,,0,0,2,46,40,19,17,5,11,2,42,8,0,3,194,1.109,7.8,1,2.2,8.2,3.82,,player.fcgi?id=sander005jos,
Brady Trombello,19,2024,Texas Tech,Big 12,1,0,1,0,1,1,,0,0,0,4,4,0,0,0,0,0,4,0,0,1,16,1,9,0,0,9,,,player.fcgi?id=trombe000bra,
Jack Washburn,23,2024,Texas Tech,Big 12,2,1,0.667,6.29,13,7,,0,0,0,34.1,41,26,24,5,25,1,36,2,0,3,168,1.922,10.7,1.3,6.6,9.4,1.44,,player.fcgi?id=washbu000jac,
Logan Addison,19,2025,Texas Tech,Big 12,0,0,,,1,0,,0,0,0,0,0,0,0,0,2,0,0,0,0,0,2,,,,,,0,,player.fcgi?id=addiso001log,
Daniel Bass,21,2025,Texas Tech,Big 12,0,0,,13.5,5,0,,0,0,0,4,6,7,6,1,7,0,7,4,0,1,29,3.25,13.5,2.3,15.8,15.8,1,,player.fcgi?id=bass--002dan,
Carson Baugh*,22,2025,Texas Tech,Big 12,0,0,,1.5,6,0,,0,0,0,6,2,1,1,1,7,0,6,2,0,0,27,1.5,3,1.5,10.5,9,0.86,,player.fcgi?id=baugh-000car,
Logan Bevis,20,2025,Texas Tech,Big 12,3,0,1,7.04,15,0,,0,0,0,23,22,19,18,4,14,0,12,5,0,5,109,1.565,8.6,1.6,5.5,4.7,0.86,,player.fcgi?id=bevis-000log,
Ty Boudreau,22,2025,Texas Tech,Big 12,1,4,0.2,6.65,13,10,,0,0,0,47.1,47,37,35,9,23,0,49,3,0,2,212,1.479,8.9,1.7,4.4,9.3,2.13,,player.fcgi?id=bordea000ty-,
Jackson Burns,19,2025,Texas Tech,Big 12,0,1,0,27,1,1,,0,0,0,0.2,2,3,2,0,3,0,1,0,0,0,7,7.5,27,0,40.5,13.5,0.33,,player.fcgi?id=burns-008jac,
Jack Cebert,23,2025,Texas Tech,Big 12,7,3,0.7,3.6,19,2,,0,0,0,60,62,29,24,6,20,3,54,5,0,3,268,1.367,9.3,0.9,3,8.1,2.7,,player.fcgi?id=cebert000jac,
Zach Crotchfelt*,21,2025,Texas Tech,Big 12,2,3,0.4,9.17,13,1,,0,0,0,17.2,28,19,18,1,10,0,15,0,0,1,89,2.151,14.3,0.5,5.1,7.6,1.5,,player.fcgi?id=crotch000zac,
JT Drake,21,2025,Texas Tech,Big 12,0,1,0,5.93,15,0,,0,0,0,13.2,15,10,9,4,3,1,10,2,0,1,61,1.317,9.9,2.6,2,6.6,3.33,,player.fcgi?id=drake-000jt-,
Zach Erdman*,21,2025,Texas Tech,Big 12,0,0,,4.3,9,0,,0,0,0,14.2,23,10,7,1,2,0,4,0,0,0,67,1.705,14.1,0.6,1.2,2.5,2,,player.fcgi?id=erdman001zac,
Jorden Espinoza*,19,2025,Texas Tech,Big 12,0,0,,13.5,8,0,,0,0,0,6.2,10,11,10,1,8,0,8,2,0,3,41,2.7,13.5,1.4,10.8,10.8,1,,player.fcgi?id=espino004jor,
Zachary Fetchel,19,2025,Texas Tech,Big 12,0,0,,5.79,3,0,,0,0,0,4.2,4,5,3,0,6,0,3,1,0,1,25,2.143,7.7,0,11.6,5.8,0.5,,player.fcgi?id=fetche000zac,
Mac Heuer,20,2025,Texas Tech,Big 12,2,4,0.333,6.28,14,14,,0,0,0,53,65,44,37,6,23,0,48,3,2,1,243,1.66,11,1,3.9,8.2,2.09,,player.fcgi?id=heuer-000mac,
Parker Hutyra,20,2025,Texas Tech,Big 12,0,0,,6,5,0,,0,0,2,9,7,6,6,2,2,0,8,2,1,0,38,1,7,2,2,8,4,,player.fcgi?id=hutyra000par,
Will Jordan,19,2025,Texas Tech,Big 12,1,0,1,4.66,14,0,,0,0,0,19.1,15,10,10,1,14,0,24,4,0,6,86,1.5,7,0.5,6.5,11.2,1.71,,player.fcgi?id=jordan006wil,
Jonny Lowe,21,2025,Texas Tech,Big 12,0,2,0,12.38,9,2,,0,0,1,16,25,22,22,5,13,0,14,3,0,1,89,2.375,14.1,2.8,7.3,7.9,1.08,,player.fcgi?id=lowe--003jon,
Connor Mohan,19,2025,Texas Tech,Big 12,1,2,0.333,7.34,12,6,,0,0,0,30.2,42,31,25,8,18,0,17,3,0,2,154,1.957,12.3,2.3,5.3,5,0.94,,player.fcgi?id=mohan-000con,
Trendan Parish,23,2025,Texas Tech,Big 12,1,5,0.167,7.5,15,0,,0,0,1,30,40,28,25,5,12,0,29,4,0,2,143,1.733,12,1.5,3.6,8.7,2.42,,player.fcgi?id=parish000tre,
Zane Petty,21,2025,Texas Tech,Big 12,2,4,0.333,5.92,14,12,,0,0,0,62.1,66,43,41,13,26,1,46,3,0,1,278,1.476,9.5,1.9,3.8,6.6,1.77,,player.fcgi?id=petty-000zan,
Lukas Pirko,20,2025,Texas Tech,Big 12,0,4,0,7.25,18,4,,0,0,2,36,47,35,29,5,20,0,30,3,0,5,177,1.861,11.8,1.3,5,7.5,1.5,,player.fcgi?id=pirko-000luk,
Jacob Rogers,21,2025,Texas Tech,Big 12,0,0,,17.18,5,0,,0,0,0,3.2,8,8,7,1,6,0,4,0,0,1,25,3.818,19.6,2.5,14.7,9.8,0.67,,player.fcgi?id=rogers011jac,
Brady Trombello,20,2025,Texas Tech,Big 12,0,0,,7.36,3,1,,0,0,0,3.2,4,4,3,0,4,0,5,3,0,0,22,2.182,9.8,0,9.8,12.3,1.25,,player.fcgi?id=trombe000bra,
Logan Addison,20,2026,Texas Tech,Big 12,0,1,0,7.71,20,0,,0,0,1,23.1,25,20,20,6,9,0,29,5,0,0,105,1.457,9.6,2.3,3.5,11.2,3.22,,player.fcgi?id=addiso001log,
Donovan Becerra,21,2026,Texas Tech,Big 12,1,0,1,8.39,10,5,,0,0,0,24.2,31,24,23,6,22,0,19,3,2,2,128,2.149,11.3,2.2,8,6.9,0.86,,player.fcgi?id=becerr000don,
Logan Bevis,21,2026,Texas Tech,Big 12,1,2,0.333,6.6,21,0,,0,0,0,30,36,25,22,6,16,0,23,4,0,4,141,1.733,10.8,1.8,4.8,6.9,1.44,,player.fcgi?id=bevis-000log,
Jackson Burns,20,2026,Texas Tech,Big 12,2,3,0.4,6.75,12,11,,0,0,0,52,60,41,39,9,24,0,53,6,0,1,239,1.615,10.4,1.6,4.2,9.2,2.21,,player.fcgi?id=burns-008jac,
Jorden Espinoza*,20,2026,Texas Tech,Big 12,1,1,0.5,12.33,15,1,,0,0,0,15.1,21,21,21,2,22,0,13,5,0,1,89,2.804,12.3,1.2,12.9,7.6,0.59,,player.fcgi?id=espino004jor,
Ryan Free*,24,2026,Texas Tech,Big 12,3,1,0.75,6.75,6,0,,0,0,0,10.2,8,8,8,2,8,0,10,1,0,2,48,1.5,6.8,1.7,6.8,8.4,1.25,,player.fcgi?id=free--000rya,
Hee-Ryun Han,22,2026,Texas Tech,Big 12,0,2,0,11.15,19,0,,0,0,0,15.1,27,22,19,1,14,2,5,5,0,1,91,2.674,15.8,0.6,8.2,2.9,0.36,,player.fcgi?id=han---000hee,
Adam Hayes,19,2026,Texas Tech,Big 12,2,6,0.25,9.89,13,9,,0,0,0,33.2,59,39,37,13,12,0,23,5,0,0,172,2.109,15.8,3.5,3.2,6.1,1.92,,player.fcgi?id=hayes-000ada,
Parker Hutyra,21,2026,Texas Tech,Big 12,0,0,,10.8,1,0,,0,0,0,1.2,2,2,2,1,0,0,3,0,0,0,7,1.2,10.8,5.4,0,16.2,,,player.fcgi?id=hutyra000par,
Will Jordan,20,2026,Texas Tech,Big 12,2,1,0.667,4.97,12,0,,0,0,1,12.2,14,9,7,1,12,0,15,2,0,1,67,2.053,9.9,0.7,8.5,10.7,1.25,,player.fcgi?id=jordan006wil,
Jonny Lowe,22,2026,Texas Tech,Big 12,4,1,0.8,4.66,24,3,,0,0,0,36.2,39,19,19,6,10,1,38,5,1,0,160,1.336,9.6,1.5,2.5,9.3,3.8,,player.fcgi?id=lowe--003jon,
Connor Mohan,20,2026,Texas Tech,Big 12,1,3,0.25,10.94,15,10,,0,0,0,38.2,63,53,47,16,26,0,31,3,0,5,207,2.302,14.7,3.7,6.1,7.2,1.19,,player.fcgi?id=mohan-000con,
Lukas Pirko,21,2026,Texas Tech,Big 12,3,3,0.5,6.17,9,9,,1,0,0,42.1,56,44,29,10,18,0,34,1,0,1,202,1.748,11.9,2.1,3.8,7.2,1.89,,player.fcgi?id=pirko-000luk,
Kaysen Raineri,19,2026,Texas Tech,Big 12,4,2,0.667,8.68,13,6,,0,0,0,37.1,57,38,36,11,18,0,36,4,0,3,187,2.009,13.7,2.7,4.3,8.7,2,,player.fcgi?id=rainer000kay,
Jacob Rogers,22,2026,Texas Tech,Big 12,0,1,0,9.78,19,0,,0,0,0,19.1,30,24,21,3,11,0,15,1,0,2,100,2.121,14,1.4,5.1,7,1.36,,player.fcgi?id=rogers011jac,
Jesse Rusinek*,19,2026,Texas Tech,Big 12,1,0,1,8.31,11,0,,0,0,0,13,15,12,12,2,11,0,16,2,0,0,66,2,10.4,1.4,7.6,11.1,1.45,,player.fcgi?id=rusine000jes,
Connor Shouse,21,2026,Texas Tech,Big 12,1,0,1,5.87,11,1,,0,0,3,15.1,13,11,10,1,7,0,16,5,1,1,68,1.304,7.6,0.6,4.1,9.4,2.29,,player.fcgi?id=shouse000con,
Jake Spindler,19,2026,Texas Tech,Big 12,0,0,,9,5,0,,0,0,0,4,2,5,4,0,5,0,6,2,0,1,20,1.75,4.5,0,11.3,13.5,1.2,,player.fcgi?id=spindl000jak,
Bryce Suiter,20,2026,Texas Tech,Big 12,1,1,0.5,7.01,18,0,,0,0,0,25.2,27,24,20,8,20,0,31,8,0,1,129,1.831,9.5,2.8,7,10.9,1.55,,player.fcgi?id=suiter000bry,
Brady Trombello,21,2026,Texas Tech,Big 12,0,0,,10.24,8,0,,0,0,0,9.2,15,11,11,3,4,0,10,2,0,1,50,1.966,14,2.8,3.7,9.3,2.5,,player.fcgi?id=trombe000bra,
Justin Abercrombie,22,2026,Utah,Big 12,1,3,0.25,7.48,17,3,,0,0,3,27.2,36,27,23,7,14,1,24,1,0,2,130,1.807,11.7,2.3,4.6,7.8,1.71,,player.fcgi?id=abercr000jus,
Sammy Cova*,21,2026,Utah,Big 12,0,1,0,14.18,12,1,,0,0,0,13.1,30,22,21,3,6,0,7,2,0,1,80,2.7,20.3,2,4.1,4.7,1.17,,player.fcgi?id=cova--000sam,
Chance Covert*,21,2026,Utah,Big 12,0,0,,18,1,0,,0,0,0,1,2,2,2,0,4,0,0,0,0,0,8,6,18,0,36,0,0,,player.fcgi?id=covert000cha,
Ian Culver,22,2026,Utah,Big 12,1,0,1,6.23,15,0,,0,0,0,17.1,26,14,12,5,10,2,15,1,0,3,89,2.077,13.5,2.6,5.2,7.8,1.5,,player.fcgi?id=culver000ian,
Demitri Diamant,22,2026,Utah,Big 12,2,1,0.667,2.93,19,1,,0,0,1,40,37,16,13,6,19,1,28,3,0,3,175,1.4,8.3,1.4,4.3,6.3,1.47,,player.fcgi?id=diaman000dem,
Dillon Fine,20,2026,Utah,Big 12,2,0,1,1.38,7,0,,0,0,0,13,7,2,2,0,3,0,11,2,0,0,51,0.769,4.8,0,2.1,7.6,3.67,,player.fcgi?id=fine--000dil,
David Galindo,--,2026,Utah,Big 12,1,0,1,19.64,6,2,,0,0,1,3.2,8,11,8,2,3,0,4,1,0,0,25,3,19.6,4.9,7.4,9.8,1.33,,player.fcgi?id=galind000dav,
Dylan Gazaway,22,2026,Utah,Big 12,4,2,0.667,7.05,20,1,,0,0,2,37,40,32,29,11,21,0,34,7,0,1,176,1.649,9.7,2.7,5.1,8.3,1.62,,player.fcgi?id=gazawa000dyl,
Seth Graham-Pippin,21,2026,Utah,Big 12,0,3,0,7.75,18,6,,0,0,1,40.2,59,41,35,9,19,1,35,6,0,0,200,1.918,13.1,2,4.2,7.7,1.84,,player.fcgi?id=graham001set,
Easton Jones,20,2026,Utah,Big 12,1,0,1,3.38,9,0,,0,0,0,10.2,10,7,4,1,6,0,6,1,0,0,50,1.5,8.4,0.8,5.1,5.1,1,,player.fcgi?id=jones-003eas,
Ryan Kittredge,23,2026,Utah,Big 12,1,1,0.5,6.75,19,4,,0,0,0,33.1,52,26,25,7,13,0,22,3,1,3,159,1.95,14,1.9,3.5,5.9,1.69,,player.fcgi?id=kittre000rya,
Ian Lenius*,19,2026,Utah,Big 12,2,2,0.5,8.64,12,0,,0,0,1,8.1,11,10,8,3,7,1,6,2,0,3,43,2.16,11.9,3.2,7.6,6.5,0.86,,player.fcgi?id=lenius000ian,
Colter McAnelly,21,2026,Utah,Big 12,3,7,0.3,6.82,13,13,,0,0,0,67.1,71,55,51,10,31,0,70,3,0,4,308,1.515,9.5,1.3,4.1,9.4,2.26,,player.fcgi?id=mcanel000col,
Anson McGorman,22,2026,Utah,Big 12,1,1,0.5,13.14,10,3,,0,0,0,12.1,20,22,18,1,6,0,9,5,0,3,69,2.108,14.6,0.7,4.4,6.6,1.5,,player.fcgi?id=mcgorm000ans,
Cameron Nielson,21,2026,Utah,Big 12,0,0,,6.2,14,3,,0,0,2,24.2,37,19,17,3,9,1,23,2,0,4,118,1.865,13.5,1.1,3.3,8.4,2.56,,player.fcgi?id=nielso000cam,
Payton Riske,22,2026,Utah,Big 12,4,4,0.5,6.15,14,14,,0,0,0,60,72,42,41,7,19,0,42,6,0,2,275,1.517,10.8,1.1,2.9,6.3,2.21,,player.fcgi?id=riske-000pay,
Landon Salvesen*,--,2026,Utah,Big 12,0,0,,9.72,12,0,,0,0,0,8.1,11,9,9,2,9,0,7,2,0,0,46,2.4,11.9,2.2,9.7,7.6,0.78,,player.fcgi?id=salves000lan,
Lucas Boesen,21,2025,Utah,Big 12,4,3,0.571,5.2,20,5,,0,0,0,36.1,44,24,21,5,19,0,30,1,0,5,170,1.734,10.9,1.2,4.7,7.4,1.58,,player.fcgi?id=boesen000luc,
Colby Chambers*,18,2025,Utah,Big 12,0,0,,16.2,4,0,,0,0,0,1.2,3,3,3,0,4,0,2,0,0,2,12,4.2,16.2,0,21.6,10.8,0.5,,player.fcgi?id=chambe002col,
Mateus Conaway*,23,2025,Utah,Big 12,3,1,0.75,4.56,18,0,,0,0,2,25.2,28,13,13,3,12,0,22,4,0,5,118,1.558,9.8,1.1,4.2,7.7,1.83,,player.fcgi?id=conawa000mat,
Ian Culver,21,2025,Utah,Big 12,0,3,0,8.54,18,2,,0,0,0,26.1,35,25,25,4,19,1,18,5,0,4,136,2.051,12,1.4,6.5,6.2,0.95,,player.fcgi?id=culver000ian,
Demitri Diamant,21,2025,Utah,Big 12,0,2,0,5.68,6,0,,0,0,0,12.2,13,8,8,2,10,1,13,0,0,4,59,1.816,9.2,1.4,7.1,9.2,1.3,,player.fcgi?id=diaman000dem,
Jackson Elder,23,2025,Utah,Big 12,1,0,1,1.42,4,0,,0,0,1,6.1,6,2,1,1,2,0,5,0,0,2,25,1.263,8.5,1.4,2.8,7.1,2.5,,player.fcgi?id=elder-000jac,
Dillon Fine,19,2025,Utah,Big 12,0,2,0,10.8,14,2,,0,0,1,18.1,34,25,22,3,11,0,17,1,0,1,99,2.455,16.7,1.5,5.4,8.3,1.55,,player.fcgi?id=fine--000dil,
Dylan Gazaway,21,2025,Utah,Big 12,1,3,0.25,7.29,21,4,,0,0,2,42,55,36,34,2,27,0,31,7,0,2,207,1.952,11.8,0.4,5.8,6.6,1.15,,player.fcgi?id=gazawa000dyl,
Easton Jones,19,2025,Utah,Big 12,1,0,1,5.28,17,1,,0,0,2,29,32,17,17,4,13,0,26,4,0,2,133,1.552,9.9,1.2,4,8.1,2,,player.fcgi?id=jones-003eas,
Merit Jones,21,2025,Utah,Big 12,4,6,0.4,6.95,15,14,,0,0,0,79,96,66,61,11,36,0,58,8,0,5,371,1.671,10.9,1.3,4.1,6.6,1.61,,player.fcgi?id=jones-000mer,
Brady Joyner,23,2025,Utah,Big 12,0,0,,10.13,13,3,,0,0,0,16,16,18,18,2,16,0,18,4,1,3,80,2,9,1.1,9,10.1,1.13,,player.fcgi?id=joyner000bra,
Colter McAnelly,20,2025,Utah,Big 12,4,4,0.5,3.79,14,14,,1,0,0,92.2,82,39,39,9,34,1,92,9,0,8,400,1.252,8,0.9,3.3,8.9,2.71,,player.fcgi?id=mcanel000col,
Cameron Nielson,20,2025,Utah,Big 12,2,4,0.333,5.55,13,3,,0,0,3,24.1,30,21,15,3,16,0,12,3,0,3,118,1.89,11.1,1.1,5.9,4.4,0.75,,player.fcgi?id=nielso000cam,
Payton Riske,21,2025,Utah,Big 12,1,0,1,4.5,2,2,,0,0,0,10,8,5,5,2,4,0,6,0,0,0,40,1.2,7.2,1.8,3.6,5.4,1.5,,player.fcgi?id=riske-000pay,
Sam Stockman*,20,2025,Utah,Big 12,0,0,,9.53,6,0,,0,0,0,5.2,8,6,6,0,10,0,3,0,0,1,33,3.176,12.7,0,15.9,4.8,0.3,,player.fcgi?id=stockm000sam,
Carter Wall*,20,2025,Utah,Big 12,0,1,0,27,8,0,,0,0,0,5.1,14,17,16,2,8,0,3,3,0,2,40,4.125,23.6,3.4,13.5,5.1,0.38,,player.fcgi?id=wall--000car,
Bryant Ball,23,2026,BYU,Big 12,0,0,,4.15,6,0,,0,0,0,4.1,7,3,2,0,4,0,3,2,0,0,24,2.538,14.5,0,8.3,6.2,0.75,,player.fcgi?id=ball--004bry,
Tyler Ball,21,2026,BYU,Big 12,1,2,0.333,7.66,16,3,,0,0,1,22.1,23,22,19,3,19,0,20,8,0,5,113,1.881,9.3,1.2,7.7,8.1,1.05,,player.fcgi?id=ball--000tyl,
Cayson Bell,21,2026,BYU,Big 12,1,1,0.5,6.19,14,8,,0,0,0,36.1,36,26,25,5,20,0,21,11,0,4,169,1.541,8.9,1.2,5,5.2,1.05,,player.fcgi?id=bell--000cay,
Dan Brousseau,--,2026,BYU,Big 12,4,0,1,2.73,24,0,,0,0,0,29.2,28,10,9,2,11,0,20,9,1,6,132,1.315,8.5,0.6,3.3,6.1,1.82,,player.fcgi?id=brouss000dan,
Jaxon Clayton,19,2026,BYU,Big 12,1,0,1,7.5,13,0,,0,0,0,12,9,10,10,2,10,0,20,3,0,3,56,1.583,6.8,1.5,7.5,15,2,,player.fcgi?id=clayto000jax,
Wayland Crane*,--,2026,BYU,Big 12,2,4,0.333,6.36,15,15,,0,0,0,58,72,53,41,12,35,0,49,8,1,9,280,1.845,11.2,1.9,5.4,7.6,1.4,,player.fcgi?id=crane-000way,
Nate Gray,20,2026,BYU,Big 12,7,7,0.5,6.48,16,5,,0,0,0,58.1,65,44,42,9,40,0,56,8,0,15,285,1.8,10,1.4,6.2,8.6,1.4,,player.fcgi?id=gray--003nat,
Ashton Johnson*,22,2026,BYU,Big 12,1,5,0.167,4.23,23,0,,0,0,5,55.1,59,32,26,4,21,3,51,0,0,0,245,1.446,9.6,0.7,3.4,8.3,2.43,,player.fcgi?id=johnso002ash,
Brayden Marx,21,2026,BYU,Big 12,0,1,0,9.64,14,1,,0,0,0,14,17,16,15,3,16,0,14,3,0,4,76,2.357,10.9,1.9,10.3,9,0.88,,player.fcgi?id=marx--000bra,
Blade Paragas,20,2026,BYU,Big 12,1,0,1,7.94,3,3,,0,0,0,5.2,7,5,5,2,3,0,4,1,0,0,26,1.765,11.1,3.2,4.8,6.4,1.33,,player.fcgi?id=paraga000bla,
Austin Park,19,2026,BYU,Big 12,2,0,1,5.83,18,3,,0,0,0,29.1,28,19,19,5,20,1,39,13,0,4,143,1.636,8.6,1.5,6.1,12,1.95,,player.fcgi?id=park--000aus,
Justis Reiser*,23,2026,BYU,Big 12,0,3,0,7.64,15,6,,0,0,1,33,45,31,28,6,8,0,27,6,1,5,155,1.606,12.3,1.6,2.2,7.4,3.38,,player.fcgi?id=reiser000jus,
Brock Snow*,--,2026,BYU,Big 12,0,0,,4.5,9,0,,0,0,0,8,6,5,4,1,4,0,8,4,0,3,36,1.25,6.8,1.1,4.5,9,2,,player.fcgi?id=snow--000bro,
Luke Sterner,24,2026,BYU,Big 12,1,1,0.5,7.97,15,2,,0,0,1,20.1,23,18,18,2,11,0,19,4,0,7,95,1.672,10.2,0.9,4.9,8.4,1.73,,player.fcgi?id=sterne000luk,
Garrison Sumner,22,2026,BYU,Big 12,4,3,0.571,6.78,15,10,,0,0,0,66.1,74,51,50,9,28,0,85,7,0,8,303,1.538,10,1.2,3.8,11.5,3.04,,player.fcgi?id=sumner000gar,
Nate Wochner,--,2026,BYU,Big 12,1,1,0.5,12,11,0,,0,0,0,9,15,12,12,2,13,0,10,4,0,4,56,3.111,15,2,13,10,0.77,,player.fcgi?id=wochne000nat,
Ethan Zufall,20,2026,BYU,Big 12,1,0,1,6.53,15,0,,0,0,0,20.2,23,16,15,1,22,0,20,6,0,0,110,2.177,10,0.4,9.6,8.7,0.91,,player.fcgi?id=zufall000eth,
Cayson Bell,20,2025,BYU,Big 12,1,1,0.5,8.05,9,4,,0,0,0,19,22,20,17,3,9,0,11,8,0,3,92,1.632,10.4,1.4,4.3,5.2,1.22,,player.fcgi?id=bell--000cay,
Hayden Coon,21,2025,BYU,Big 12,3,1,0.75,6.57,12,1,,0,0,1,24.2,27,20,18,7,14,0,28,5,0,3,119,1.662,9.9,2.6,5.1,10.2,2,,player.fcgi?id=coon--000hay,
Stone Cushing,22,2025,BYU,Big 12,1,0,1,7.02,18,0,,0,0,2,16.2,23,16,13,3,9,0,12,4,0,2,85,1.92,12.4,1.6,4.9,6.5,1.33,,player.fcgi?id=cushin000sto,
Ziegen Farley,22,2025,BYU,Big 12,0,0,,33.75,4,0,,0,0,0,2.2,5,11,10,1,6,0,3,3,1,3,22,4.125,16.9,3.4,20.3,10.1,0.5,,player.fcgi?id=farley000zie,
Nolan Ficklin*,--,2025,BYU,Big 12,3,1,0.75,7.79,18,0,,0,0,0,17.1,19,17,15,3,14,0,13,5,1,4,88,1.904,9.9,1.6,7.3,6.8,0.93,,player.fcgi?id=fickli000nol,
Carter Foss,22,2025,BYU,Big 12,0,1,0,29.7,5,0,,0,0,0,3.1,7,11,11,1,5,0,3,2,0,0,23,3.6,18.9,2.7,13.5,8.1,0.6,,player.fcgi?id=foss--000car,
Payton Gubler,21,2025,BYU,Big 12,3,3,0.5,5.98,12,9,,0,0,0,55.2,55,40,37,4,33,0,41,18,2,8,264,1.581,8.9,0.6,5.3,6.6,1.24,,player.fcgi?id=gubler000pay,
Brett Hansen*,25,2025,BYU,Big 12,1,0,1,7.61,17,5,,0,0,0,23.2,27,21,20,2,24,0,20,3,0,5,121,2.155,10.3,0.8,9.1,7.6,0.83,,player.fcgi?id=hansen002bre,
Jaden Harris,22,2025,BYU,Big 12,2,7,0.222,8.26,17,13,,0,0,0,61,80,57,56,11,39,0,38,10,1,3,301,1.951,11.8,1.6,5.8,5.6,0.97,,player.fcgi?id=harris000jad,
Ashton Johnson*,21,2025,BYU,Big 12,5,1,0.833,3.14,24,0,,0,0,2,43,41,17,15,5,9,0,29,4,0,0,183,1.163,8.6,1,1.9,6.1,3.22,,player.fcgi?id=johnso002ash,
Rockwell Lybbert,21,2025,BYU,Big 12,1,0,1,5.4,7,0,,0,0,1,6.2,7,4,4,2,4,0,9,0,1,2,30,1.65,9.5,2.7,5.4,12.2,2.25,,player.fcgi?id=lybber000roc,
Brayden Marx,20,2025,BYU,Big 12,0,4,0,6.67,21,1,,0,0,1,29.2,30,24,22,1,36,0,31,4,0,4,155,2.225,9.1,0.3,10.9,9.4,0.86,,player.fcgi?id=marx--000bra,
Owen Miller,20,2025,BYU,Big 12,1,2,0.333,7.77,12,3,,0,0,0,22,29,20,19,2,13,0,14,7,1,1,111,1.909,11.9,0.8,5.3,5.7,1.08,,player.fcgi?id=miller001owe,
Maddax Peck,20,2025,BYU,Big 12,0,0,,8.68,9,0,,0,0,0,9.1,12,9,9,2,11,0,14,2,0,1,50,2.464,11.6,1.9,10.6,13.5,1.27,,player.fcgi?id=peck--000mad,
Jake Porter,25,2025,BYU,Big 12,1,1,0.5,4.55,19,3,,0,0,0,29.2,31,15,15,6,14,0,13,8,0,2,133,1.517,9.4,1.8,4.2,3.9,0.93,,player.fcgi?id=porter001jak,
Justis Reiser*,22,2025,BYU,Big 12,3,0,1,4.45,21,5,,0,0,2,32.1,32,19,16,2,14,0,24,4,0,6,143,1.423,8.9,0.6,3.9,6.7,1.71,,player.fcgi?id=reiser000jus,
Ryan Reynolds,24,2025,BYU,Big 12,0,0,,15.43,2,0,,0,0,0,2.1,6,4,4,1,3,0,3,0,0,1,16,3.857,23.1,3.9,11.6,11.6,1,,player.fcgi?id=reynol006rya,
Luke Sterner,23,2025,BYU,Big 12,0,2,0,8.05,14,0,,0,0,0,19,29,21,17,1,9,1,22,1,0,2,98,2,13.7,0.5,4.3,10.4,2.44,,player.fcgi?id=sterne000luk,
Garrison Sumner,21,2025,BYU,Big 12,3,3,0.5,8.32,14,11,,0,0,0,61.2,82,58,57,18,24,0,60,7,1,7,295,1.719,12,2.6,3.5,8.8,2.5,,player.fcgi?id=sumner000gar,
Bryant Ball,21,2024,BYU,Big 12,0,0,,18,1,0,,0,0,0,1,3,2,2,0,0,0,1,0,0,0,6,3,27,0,0,9,,,player.fcgi?id=ball--004bry,
Cutter Clawson*,23,2024,BYU,Big 12,0,7,0,8.1,19,7,,0,0,0,40,45,38,36,6,33,0,40,3,0,6,199,1.95,10.1,1.4,7.4,9,1.21,,player.fcgi?id=clawso000cut,
Hayden Coon,20,2024,BYU,Big 12,1,2,0.333,3.91,16,3,,0,0,0,23,21,13,10,3,12,0,20,4,0,1,105,1.435,8.2,1.2,4.7,7.8,1.67,,player.fcgi?id=coon--000hay,
Stone Cushing,21,2024,BYU,Big 12,2,3,0.4,3.93,29,0,,0,0,10,34.1,20,18,15,1,25,4,46,9,1,4,152,1.311,5.2,0.3,6.6,12.1,1.84,,player.fcgi?id=cushin000sto,
Candon Dahle,21,2024,BYU,Big 12,4,2,0.667,5.48,25,3,,0,0,0,42.2,46,29,26,5,24,1,42,8,0,6,205,1.641,9.7,1.1,5.1,8.9,1.75,,player.fcgi?id=dahle-000can,
Carter Foss,21,2024,BYU,Big 12,0,0,,7.91,20,0,,0,0,0,19.1,26,17,17,5,10,0,22,5,0,0,96,1.862,12.1,2.3,4.7,10.2,2.2,,player.fcgi?id=foss--000car,
Payton Gubler,20,2024,BYU,Big 12,0,0,,6.75,14,7,,0,0,0,29.1,28,26,22,6,24,0,32,13,0,3,151,1.773,8.6,1.8,7.4,9.8,1.33,,player.fcgi?id=gubler000pay,
Ben Hansen,22,2024,BYU,Big 12,5,7,0.417,6.63,14,14,,0,0,0,72,93,61,53,10,30,0,51,6,3,3,340,1.708,11.6,1.3,3.8,6.4,1.7,,player.fcgi?id=hansen001ben,
Brett Hansen*,24,2024,BYU,Big 12,0,0,,5.4,1,0,,0,0,0,1.2,3,1,1,0,0,0,3,1,0,2,7,1.8,16.2,0,0,16.2,,,player.fcgi?id=hansen002bre,
Boston Mabeus*,24,2024,BYU,Big 12,2,0,1,5.01,28,0,,0,0,0,32.1,32,23,18,2,19,0,44,4,0,3,153,1.577,8.9,0.6,5.3,12.2,2.32,,player.fcgi?id=mabeus000bos,
Mason Olson*,22,2024,BYU,Big 12,2,2,0.5,2.82,19,1,,0,0,1,38.1,31,15,12,1,13,1,49,5,0,2,164,1.148,7.3,0.2,3.1,11.5,3.77,,player.fcgi?id=olson-000mas,
Maddax Peck,19,2024,BYU,Big 12,0,1,0,18,2,0,,0,0,0,1,0,3,2,0,3,0,2,0,0,0,7,3,0,0,27,18,0.67,,player.fcgi?id=peck--000mad,
Jake Porter,24,2024,BYU,Big 12,2,0,1,4.5,22,0,,0,0,0,30,33,16,15,2,13,0,19,1,1,3,131,1.533,9.9,0.6,3.9,5.7,1.46,,player.fcgi?id=porter001jak,
Justis Reiser*,21,2024,BYU,Big 12,0,0,,0,1,0,,0,0,0,1,1,0,0,0,0,0,0,1,0,0,5,1,9,0,0,0,,,player.fcgi?id=reiser000jus,
Bryce Robison,23,2024,BYU,Big 12,2,7,0.222,6.85,14,13,,0,0,0,67,84,55,51,17,24,0,51,6,1,3,310,1.612,11.3,2.3,3.2,6.9,2.13,,player.fcgi?id=robiso000bry,
Max Stanley,19,2024,BYU,Big 12,0,0,,16.88,7,1,,0,0,0,5.1,6,12,10,2,9,0,4,2,0,3,33,2.813,10.1,3.4,15.2,6.8,0.44,,player.fcgi?id=stanle001max,
Luke Sterner,22,2024,BYU,Big 12,1,0,1,6.75,17,3,,0,0,0,22.2,22,17,17,5,14,0,21,2,0,1,101,1.588,8.7,2,5.6,8.3,1.5,,player.fcgi?id=sterne000luk,
Jackson Baker,21,2026,Houston,Big 12,2,1,0.667,13.5,9,0,,0,0,0,10,19,16,15,4,8,0,9,1,0,3,54,2.7,17.1,3.6,7.2,8.1,1.13,,player.fcgi?id=baker-011jac,
Harry Boushele,24,2026,Houston,Big 12,2,1,0.667,5.34,17,0,,0,0,0,28.2,30,20,17,2,12,0,31,4,0,2,132,1.465,9.4,0.6,3.8,9.7,2.58,,player.fcgi?id=boushe000har,
Tyler Bryan,21,2026,Houston,Big 12,1,2,0.333,8.51,21,0,,0,0,3,24.1,30,25,23,2,18,1,19,3,0,2,119,1.973,11.1,0.7,6.7,7,1.06,,player.fcgi?id=bryan-000tyl,
Caden Cooper,--,2026,Houston,Big 12,2,3,0.4,4.6,22,9,,0,0,0,45,49,27,23,3,23,0,41,5,0,7,210,1.6,9.8,0.6,4.6,8.2,1.78,,player.fcgi?id=cooper000cad,
Cameron Edmonds,22,2026,Houston,Big 12,0,0,,29.25,8,0,,0,0,0,4,11,13,13,1,7,0,1,0,0,1,30,4.5,24.8,2.3,15.8,2.3,0.14,,player.fcgi?id=edmond001cam,
Kendall Hoffman,19,2026,Houston,Big 12,3,6,0.333,4.56,15,14,,0,0,0,79,85,52,40,11,19,1,55,12,0,6,351,1.316,9.7,1.3,2.2,6.3,2.89,,player.fcgi?id=hoffma002ken,
Caleb Kimble,--,2026,Houston,Big 12,0,1,0,3.97,14,2,,0,0,0,22.2,13,10,10,3,14,0,24,2,0,5,94,1.191,5.2,1.2,5.6,9.5,1.71,,player.fcgi?id=kimble000cal,
Diego Luzardo,21,2026,Houston,Big 12,0,0,,8.53,9,0,,0,0,0,6.1,9,9,6,0,4,0,8,0,0,0,33,2.053,12.8,0,5.7,11.4,2,,player.fcgi?id=luzard000die,
Max McCraray*,--,2026,Houston,Big 12,1,0,1,2.79,19,0,,0,0,0,9.2,7,3,3,1,4,0,11,0,0,0,38,1.138,6.5,0.9,3.7,10.2,2.75,,player.fcgi?id=mccrar001max,
Ryne Rodriguez*,22,2026,Houston,Big 12,2,2,0.5,4.39,21,0,,0,0,4,55.1,51,31,27,4,19,0,57,9,0,2,240,1.265,8.3,0.7,3.1,9.3,3,,player.fcgi?id=rodrig000ryn,
Richie Roman,20,2026,Houston,Big 12,2,1,0.667,3.86,13,4,,0,0,0,30.1,27,15,13,3,13,0,31,8,0,0,141,1.319,8,0.9,3.9,9.2,2.38,,player.fcgi?id=roman-001ric,
Paul Schmitz,22,2026,Houston,Big 12,2,6,0.25,6.46,14,14,,0,0,0,61.1,67,47,44,7,30,0,55,6,0,3,279,1.582,9.8,1,4.4,8.1,1.83,,player.fcgi?id=schmit000pau,
Chris Scinta*,22,2026,Houston,Big 12,1,3,0.25,7.46,16,4,,0,0,2,25.1,32,23,21,1,12,0,21,5,0,4,122,1.737,11.4,0.4,4.3,7.5,1.75,,player.fcgi?id=scinta000chr,
Alex Solis,21,2026,Houston,Big 12,3,2,0.6,5.5,23,1,,0,0,0,37.2,41,24,23,2,11,0,37,5,1,3,166,1.381,9.8,0.5,2.6,8.8,3.36,,player.fcgi?id=solis-002ale,
Connor Udland,19,2026,Houston,Big 12,3,3,0.5,5.87,15,7,,0,0,0,38.1,35,27,25,7,22,0,44,1,0,3,173,1.487,8.2,1.6,5.2,10.3,2,,player.fcgi?id=udland000con,
Eric Van Valkenburg,21,2026,Houston,Big 12,0,0,,5.4,3,0,,0,0,0,1.2,3,1,1,0,1,0,1,1,0,0,10,2.4,16.2,0,5.4,5.4,1,,player.fcgi?id=vanval000eri,
Michael Benzor*,21,2025,Houston,Big 12,0,0,,5,10,0,,0,0,0,9,6,9,5,1,10,0,13,2,1,4,46,1.778,6,1,10,13,1.3,,player.fcgi?id=benzor000mic,
Harry Boushele,23,2025,Houston,Big 12,0,0,,6.75,8,0,,0,0,0,8,8,8,6,2,10,0,6,1,0,2,43,2.25,9,2.3,11.3,6.8,0.6,,player.fcgi?id=boushe000har,
Ryan Dollar,21,2025,Houston,Big 12,2,1,0.667,11.66,10,5,,0,0,0,14.2,20,23,19,1,10,0,16,5,0,5,80,2.045,12.3,0.6,6.1,9.8,1.6,,player.fcgi?id=dollar000rya,
Graysen Drezek,23,2025,Houston,Big 12,3,3,0.5,7.36,17,5,,0,0,0,33,40,29,27,3,20,1,34,4,0,3,161,1.818,10.9,0.8,5.5,9.3,1.7,,player.fcgi?id=drezek000gra,
Brady Fuller,22,2025,Houston,Big 12,0,2,0,3.72,11,1,,0,0,1,19.1,23,10,8,2,10,0,14,0,0,3,88,1.707,10.7,0.9,4.7,6.5,1.4,,player.fcgi?id=fuller002bra,
Kendall Hoffman,18,2025,Houston,Big 12,1,1,0.5,5.4,16,7,,0,0,0,35,49,26,21,3,22,0,31,5,1,3,180,2.029,12.6,0.8,5.7,8,1.41,,player.fcgi?id=hoffma002ken,
Antoine Jean*,23,2025,Houston,Big 12,5,1,0.833,2.55,21,0,,0,0,5,67,40,21,19,4,20,0,110,3,2,8,266,0.896,5.4,0.5,2.7,14.8,5.5,,player.fcgi?id=jean--000ant,
Malachi Lott*,22,2025,Houston,Big 12,3,0,1,5.91,17,0,,0,0,0,21.1,18,17,14,1,9,0,27,4,0,3,96,1.266,7.6,0.4,3.8,11.4,3,,player.fcgi?id=lott--000mal,
Diego Luzardo,20,2025,Houston,Big 12,2,2,0.5,6.65,13,5,,0,0,1,23,24,17,17,7,6,0,19,3,2,2,98,1.304,9.4,2.7,2.3,7.4,3.17,,player.fcgi?id=luzard000die,
Nick Moten,21,2025,Houston,Big 12,0,0,,inf,1,0,,0,0,0,0,0,2,2,0,2,0,0,0,0,1,2,,,,,,0,,player.fcgi?id=moten-000nic,
Connor Osier,18,2025,Houston,Big 12,0,0,,10.8,2,0,,0,0,0,1.2,1,2,2,0,4,0,1,0,0,0,10,3,5.4,0,21.6,5.4,0.25,,player.fcgi?id=osier-000con,
Andres Perez,24,2025,Houston,Big 12,3,1,0.75,3.07,20,0,,0,0,0,29.1,25,10,10,3,6,0,34,5,2,2,121,1.057,7.7,0.9,1.8,10.4,5.67,,player.fcgi?id=perez-024and,
Chris Perez*,19,2025,Houston,Big 12,0,0,,6.63,17,1,,0,0,0,19,22,20,14,2,14,0,19,2,0,3,102,1.895,10.4,0.9,6.6,9,1.36,,player.fcgi?id=perez-027chr,
Richie Roman,19,2025,Houston,Big 12,1,5,0.167,6.31,19,6,,0,0,7,41.1,49,32,29,3,21,0,55,9,0,4,201,1.694,10.7,0.7,4.6,12,2.62,,player.fcgi?id=roman-001ric,
Paul Schmitz,21,2025,Houston,Big 12,4,5,0.444,5.58,14,14,,0,0,0,59.2,65,47,37,6,26,0,49,6,2,6,275,1.525,9.8,0.9,3.9,7.4,1.88,,player.fcgi?id=schmit000pau,
Chris Scinta*,21,2025,Houston,Big 12,4,2,0.667,5.5,21,4,,0,0,0,36,32,26,22,5,16,0,25,6,0,2,155,1.333,8,1.3,4,6.3,1.56,,player.fcgi?id=scinta000chr,
Alex Solis,20,2025,Houston,Big 12,2,2,0.5,5.23,19,6,,0,0,0,32.2,38,25,19,3,20,0,36,2,0,3,158,1.776,10.5,0.8,5.5,9.9,1.8,,player.fcgi?id=solis-002ale,
David Stich,23,2025,Houston,Big 12,0,0,,7.58,15,0,,0,0,0,19,16,16,16,6,11,0,25,6,0,3,87,1.421,7.6,2.8,5.2,11.8,2.27,,player.fcgi?id=stich-000dav,
Eric Van Valkenburg,20,2025,Houston,Big 12,0,0,,8.1,12,1,,0,0,0,10,14,9,9,3,2,0,7,0,0,0,42,1.6,12.6,2.7,1.8,6.3,3.5,,player.fcgi?id=vanval000eri,
Michael Benzor*,20,2024,Houston,Big 12,1,2,0.333,3.21,19,0,,0,0,0,14,9,6,5,1,16,0,14,7,0,4,74,1.786,5.8,0.6,10.3,9,0.88,,player.fcgi?id=benzor000mic,
Cade Citelli,22,2024,Houston,Big 12,4,2,0.667,3.29,15,5,,0,0,0,41,31,17,15,4,12,0,52,3,0,5,170,1.049,6.8,0.9,2.6,11.4,4.33,,player.fcgi?id=citell000cad,
Ryan Dollar,20,2024,Houston,Big 12,0,0,,6.04,18,0,,0,0,0,25.1,25,18,17,2,23,0,36,2,0,2,122,1.895,8.9,0.7,8.2,12.8,1.57,,player.fcgi?id=dollar000rya,
Graysen Drezek,22,2024,Houston,Big 12,2,0,1,5.96,17,0,,0,0,0,22.2,30,22,15,3,7,0,18,3,0,0,107,1.632,11.9,1.2,2.8,7.1,2.57,,player.fcgi?id=drezek000gra,
Duncan Howard,22,2024,Houston,Big 12,2,2,0.5,5.16,8,7,,0,0,0,29.2,37,17,17,2,4,0,27,1,0,0,129,1.382,11.2,0.6,1.2,8.2,6.75,,player.fcgi?id=howard000dun,
Antoine Jean*,22,2024,Houston,Big 12,3,3,0.5,5.97,14,14,,0,0,0,63.1,81,47,42,11,29,1,67,1,1,8,300,1.737,11.5,1.6,4.1,9.5,2.31,,player.fcgi?id=jean--000ant,
Jaxon Jelkin,21,2024,Houston,Big 12,0,0,,3.41,7,7,,0,0,0,34.1,28,16,13,1,10,0,46,5,0,2,146,1.107,7.3,0.3,2.6,12.1,4.6,,player.fcgi?id=jelkin000jax,
Kyle LaCalameto*,24,2024,Houston,Big 12,3,4,0.429,6.87,16,6,,0,0,0,36.2,42,28,28,6,15,0,39,2,0,2,165,1.555,10.3,1.5,3.7,9.6,2.6,,player.fcgi?id=lacala000kyl,
Diego Luzardo,19,2024,Houston,Big 12,2,1,0.667,4.41,16,0,,0,0,1,16.1,15,8,8,1,13,0,17,3,0,4,75,1.714,8.3,0.6,7.2,9.4,1.31,,player.fcgi?id=luzard000die,
Justin Murray,25,2024,Houston,Big 12,0,3,0,2.18,17,0,,0,0,5,20.2,19,8,5,3,7,1,29,0,0,3,89,1.258,8.3,1.3,3,12.6,4.14,,player.fcgi?id=murray002jus,
Brendan O'Donnell*,23,2024,Houston,Big 12,0,0,,5.82,19,0,,0,0,0,17,18,12,11,2,18,2,21,1,0,2,87,2.118,9.5,1.1,9.5,11.1,1.17,,player.fcgi?id=odonne003bre,
Richie Roman,18,2024,Houston,Big 12,2,0,1,7.36,8,2,,0,0,0,11,15,10,9,1,11,0,12,0,0,5,58,2.364,12.3,0.8,9,9.8,1.09,,player.fcgi?id=roman-001ric,
Paul Schmitz,20,2024,Houston,Big 12,1,3,0.25,8.62,15,0,,0,0,0,15.2,19,15,15,2,21,1,20,1,0,1,86,2.553,10.9,1.1,12.1,11.5,0.95,,player.fcgi?id=schmit000pau,
Alex Solis,19,2024,Houston,Big 12,1,2,0.333,8.74,19,2,,0,0,0,22.2,33,24,22,2,13,0,29,2,0,5,114,2.029,13.1,0.8,5.2,11.5,2.23,,player.fcgi?id=solis-002ale,
Chris Stuart*,22,2024,Houston,Big 12,2,3,0.4,6.66,17,1,,0,0,0,24.1,22,21,18,0,19,0,30,4,1,4,118,1.685,8.1,0,7,11.1,1.58,,player.fcgi?id=stuart000chr,
José Torrealba*,26,2024,Houston,Big 12,0,2,0,6.84,19,0,,0,0,3,26.1,21,20,20,4,7,0,25,5,0,1,110,1.063,7.2,1.4,2.4,8.5,3.57,,player.fcgi?id=torrea002jos,
Tim Williamson*,23,2024,Houston,Big 12,0,0,,16.2,8,0,,0,0,1,6.2,15,13,12,1,5,0,7,1,0,4,41,3,20.3,1.4,6.8,9.5,1.4,,player.fcgi?id=willia007tim,
Owen Woodward,22,2024,Houston,Big 12,1,1,0.5,5.4,10,1,,0,0,1,23.1,23,14,14,1,4,0,36,3,0,3,97,1.157,8.9,0.4,1.5,13.9,9,,player.fcgi?id=woodwa000owe,
Dan Wright,22,2024,Houston,Big 12,2,0,1,3.86,10,9,,0,0,0,21,15,10,9,1,13,0,15,2,0,7,93,1.333,6.4,0.4,5.6,6.4,1.15,,player.fcgi?id=wright009dan,
Smith Bailey,20,2026,Arizona,Big 12,3,4,0.429,4.67,12,12,,0,0,0,61.2,62,35,32,6,23,0,65,4,0,9,271,1.378,9,0.9,3.4,9.5,2.83,,player.fcgi?id=bailey000smi,
Evan Brandt,22,2026,Arizona,Big 12,0,2,0,7.64,16,1,,0,0,1,17.2,25,18,15,1,14,0,13,1,0,2,95,2.208,12.7,0.5,7.1,6.6,0.93,,player.fcgi?id=brandt000eva,
Luc Fladda*,23,2026,Arizona,Big 12,3,2,0.6,5.28,15,13,,0,0,0,75,85,45,44,10,8,0,63,2,2,1,316,1.24,10.2,1.2,1,7.6,7.88,,player.fcgi?id=fladda000luc,
Benton Hickman,19,2026,Arizona,Big 12,0,2,0,6.63,18,0,,0,0,0,19,15,16,14,1,19,2,25,10,0,3,101,1.789,7.1,0.5,9,11.8,1.32,,player.fcgi?id=hickma002ben,
Garrett Hicks,22,2026,Arizona,Big 12,3,2,0.6,3.94,21,0,,0,0,6,29.2,28,13,13,3,15,2,28,3,0,5,134,1.449,8.5,0.9,4.6,8.5,1.87,,player.fcgi?id=hicks-004gar,
Andrew Jacobs,19,2026,Arizona,Big 12,0,0,,36,3,0,,0,0,0,1,1,4,4,0,4,0,1,1,0,2,9,5,9,0,36,9,0.25,,player.fcgi?id=jacobs005and,
Corey Kling,21,2026,Arizona,Big 12,2,1,0.667,4.28,20,0,,0,0,0,40,43,20,19,1,9,2,43,1,0,1,171,1.3,9.7,0.2,2,9.7,4.78,,player.fcgi?id=kling-000cor,
Owen Kramkowski,20,2026,Arizona,Big 12,1,8,0.111,6.13,14,14,,0,0,0,72,98,59,49,10,15,0,75,5,0,2,337,1.569,12.3,1.3,1.9,9.4,5,,player.fcgi?id=kramko000owe,
Jack Lafflam,19,2026,Arizona,Big 12,0,1,0,7.23,9,6,,0,0,0,18.2,22,16,15,1,14,0,20,3,0,7,93,1.929,10.6,0.5,6.8,9.6,1.43,,player.fcgi?id=laffla000jac,
Matthew Martinez,23,2026,Arizona,Big 12,1,1,0.5,7.77,20,0,,0,0,0,24.1,20,21,21,3,22,2,37,4,0,3,117,1.726,7.4,1.1,8.1,13.7,1.68,,player.fcgi?id=martin023mat,
Collin McKinney,22,2026,Arizona,Big 12,3,7,0.3,6.27,17,6,,0,0,1,37.1,51,31,26,5,18,2,49,5,1,4,188,1.848,12.3,1.2,4.3,11.8,2.72,,player.fcgi?id=mckinn001col,
Patrick Morris*,23,2026,Arizona,Big 12,2,2,0.5,6.1,25,1,,0,0,0,41.1,50,31,28,6,18,1,32,2,0,3,189,1.645,10.9,1.3,3.9,7,1.78,,player.fcgi?id=morris006pat,
Maclain Roberts*,22,2026,Arizona,Big 12,1,1,0.5,4.6,20,0,,0,0,0,29.1,29,15,15,3,14,1,32,6,0,2,132,1.466,8.9,0.9,4.3,9.8,2.29,,player.fcgi?id=robert000mac,
Samuel Round,21,2026,Arizona,Big 12,0,0,,9,2,0,,0,0,0,1,1,1,1,0,3,0,2,2,0,0,10,4,9,0,27,18,0.67,,player.fcgi?id=round-000sam,
Mason Russell*,20,2026,Arizona,Big 12,0,0,,2.25,3,0,,0,0,0,4,2,1,1,0,4,0,6,0,0,1,17,1.5,4.5,0,9,13.5,1.5,,player.fcgi?id=russel001mas,
Nolan Straniero,24,2026,Arizona,Big 12,0,1,0,54,1,0,,0,0,0,0.2,1,4,4,0,3,0,1,0,0,0,6,6,13.5,0,40.5,13.5,0.33,,player.fcgi?id=strani000nol,
Hunter Alberini,23,2025,Arizona,Big 12,1,0,1,3.48,18,0,,0,0,0,20.2,27,10,8,1,7,0,33,2,1,6,99,1.645,11.8,0.4,3,14.4,4.71,,player.fcgi?id=alberi000hun,
Smith Bailey,19,2025,Arizona,Big 12,3,3,0.5,3.94,18,18,,0,0,0,89,92,40,39,8,32,0,80,5,1,4,383,1.393,9.3,0.8,3.2,8.1,2.5,,player.fcgi?id=bailey000smi,
Jack Berg*,21,2025,Arizona,Big 12,0,0,,34.71,5,2,,0,0,0,2.1,7,9,9,1,5,0,6,2,0,0,21,5.143,27,3.9,19.3,23.1,1.2,,player.fcgi?id=berg--000jac,
Christian Coppola,21,2025,Arizona,Big 12,0,0,,11.57,3,0,,0,0,0,2.1,1,3,3,0,4,0,6,1,0,1,13,2.143,3.9,0,15.4,23.1,1.5,,player.fcgi?id=coppol000chr,
Kenan Elarton,21,2025,Arizona,Big 12,0,1,0,7.04,4,1,,0,0,0,7.2,11,8,6,1,2,0,7,2,0,1,37,1.696,12.9,1.2,2.3,8.2,3.5,,player.fcgi?id=elarto000ken,
Raul Garayzar,22,2025,Arizona,Big 12,2,0,1,2.81,21,8,,0,0,0,57.2,49,23,18,3,19,0,46,9,0,2,246,1.179,7.6,0.5,3,7.2,2.42,,player.fcgi?id=garayz000rau,
Garrett Hicks,21,2025,Arizona,Big 12,5,2,0.714,6.11,34,0,,0,0,2,45.2,49,32,31,4,13,2,49,4,0,3,197,1.358,9.7,0.8,2.6,9.7,3.77,,player.fcgi?id=hicks-004gar,
Michael Hilker,20,2025,Arizona,Big 12,2,1,0.667,6.45,13,2,,0,0,1,22.1,22,16,16,0,4,0,27,2,0,1,93,1.164,8.9,0,1.6,10.9,6.75,,player.fcgi?id=hilker000mic,
Casey Hintz,21,2025,Arizona,Big 12,7,4,0.636,5.56,24,0,,0,0,2,55,55,34,34,8,21,0,53,9,0,2,241,1.382,9,1.3,3.4,8.7,2.52,,player.fcgi?id=hintz-000cas,
Carson Johnson,20,2025,Arizona,Big 12,2,0,1,8.03,12,0,,0,0,0,12.1,15,11,11,1,5,0,7,4,0,0,59,1.622,10.9,0.7,3.6,5.1,1.4,,player.fcgi?id=johnso023car,
Owen Kramkowski,19,2025,Arizona,Big 12,9,6,0.6,5.48,18,18,,0,0,0,92,116,65,56,8,18,0,90,9,0,3,415,1.457,11.3,0.8,1.8,8.8,5,,player.fcgi?id=kramko000owe,
Matthew Martinez,22,2025,Arizona,Big 12,3,0,1,4.42,17,0,,0,0,1,18.1,16,10,9,1,7,0,18,0,0,0,75,1.255,7.9,0.5,3.4,8.8,2.57,,player.fcgi?id=martin023mat,
Collin McKinney,21,2025,Arizona,Big 12,0,2,0,3.98,15,13,,0,0,0,54.1,47,29,24,0,35,0,60,14,0,3,251,1.509,7.8,0,5.8,9.9,1.71,,player.fcgi?id=mckinn001col,
Bryce McKnight,20,2025,Arizona,Big 12,1,0,1,7.27,6,2,,0,0,0,8.2,14,11,7,3,4,0,8,1,0,2,43,2.077,14.5,3.1,4.2,8.3,2,,player.fcgi?id=mcknig000bry,
Karter Muck,21,2025,Arizona,Big 12,0,0,,9,1,0,,0,0,0,1,1,1,1,0,0,0,0,1,0,0,5,1,9,0,0,0,,,player.fcgi?id=muck--000kar,
Eric Orloff*,22,2025,Arizona,Big 12,1,0,1,5.14,16,0,,0,0,0,14,20,9,8,2,6,0,11,2,0,1,68,1.857,12.9,1.3,3.9,7.1,1.83,,player.fcgi?id=orloff000eri,
Tony Pluta,21,2025,Arizona,Big 12,3,0,1,1.46,30,0,,0,0,14,37,28,9,6,0,7,0,34,3,0,3,141,0.946,6.8,0,1.7,8.3,4.86,,player.fcgi?id=pluta-000ton,
Mason Russell*,19,2025,Arizona,Big 12,0,0,,13.5,7,1,,0,0,0,7.1,13,11,11,0,5,0,9,1,0,2,39,2.455,16,0,6.1,11,1.8,,player.fcgi?id=russel001mas,
Julian Tonghini,23,2025,Arizona,Big 12,5,2,0.714,4.26,22,0,,0,0,0,25.1,23,14,12,0,14,1,44,3,0,9,119,1.461,8.2,0,5,15.6,3.14,,player.fcgi?id=tonghi000jul,
Gage Boehm,22,2024,Texas,Big 12,5,3,0.625,2.53,25,0,,0,0,8,53.1,36,19,15,2,17,0,60,5,0,2,216,0.994,6.1,0.3,2.9,10.1,3.53,,player.fcgi?id=boehm-000gag,
Andre Duplantier,23,2024,Texas,Big 12,2,2,0.5,3.09,29,0,,0,0,3,43.2,29,17,15,5,17,0,53,4,2,3,175,1.053,6,1,3.5,10.9,3.12,,player.fcgi?id=duplan000and,
Grant Fontenot,21,2024,Texas,Big 12,1,1,0.5,2.45,11,2,,0,0,0,11,13,5,3,1,8,0,14,4,0,0,58,1.909,10.6,0.8,6.5,11.5,1.75,,player.fcgi?id=fonten001gra,
Max Grubbs,20,2024,Texas,Big 12,6,4,0.6,3.67,18,12,,0,0,0,73.2,78,39,30,8,18,0,50,6,0,8,323,1.303,9.5,1,2.2,6.1,2.78,,player.fcgi?id=grubbs000max,
Hudson Hamilton,18,2024,Texas,Big 12,0,0,,5.4,11,0,,0,0,0,16.2,22,12,10,5,7,0,14,0,0,2,78,1.74,11.9,2.7,3.8,7.6,2,,player.fcgi?id=hamilt000hud,
Luke Harrison*,21,2024,Texas,Big 12,1,0,1,9.28,13,1,,0,0,0,10.2,15,12,11,1,13,1,10,5,0,2,63,2.625,12.7,0.8,11,8.4,0.77,,player.fcgi?id=harris002luk,
Cody Howard,21,2024,Texas,Big 12,2,2,0.5,10.36,11,4,,0,0,0,24.1,33,29,28,6,21,0,17,5,0,5,126,2.219,12.2,2.2,7.8,6.3,0.81,,player.fcgi?id=howard002cod,
Charlie Hurley,22,2024,Texas,Big 12,5,0,1,6.36,18,9,,0,0,0,46.2,52,33,33,3,26,0,39,5,0,4,217,1.671,10,0.6,5,7.5,1.5,,player.fcgi?id=hurley000cha,
Lebarron Johnson,22,2024,Texas,Big 12,3,4,0.429,5.6,17,15,,0,0,0,72.1,79,47,45,10,44,0,84,4,1,13,334,1.7,9.8,1.2,5.5,10.5,1.91,,player.fcgi?id=johnso000leb,
Chase Lummus*,23,2024,Texas,Big 12,2,0,1,4.09,15,2,,0,0,0,22,20,12,10,2,16,0,20,4,0,3,104,1.636,8.2,0.8,6.5,8.2,1.25,,player.fcgi?id=lummus000cha,
Cade O'Hara,21,2024,Texas,Big 12,1,0,1,2.75,13,0,,0,0,1,19.2,16,6,6,1,6,0,12,2,0,0,81,1.119,7.3,0.5,2.7,5.5,2,,player.fcgi?id=ohara-000cad,
Cole Selvig,19,2024,Texas,Big 12,0,2,0,9.72,7,1,,0,0,0,8.1,16,9,9,4,1,0,6,2,0,0,43,2.04,17.3,4.3,1.1,6.5,6,,player.fcgi?id=selvig000col,
David Shaw*,22,2024,Texas,Big 12,1,1,0.5,7.79,18,0,,0,0,0,17.1,19,20,15,6,14,0,23,5,0,2,90,1.904,9.9,3.1,7.3,11.9,1.64,,player.fcgi?id=shaw--000dav,
Jared Thomas*,20,2024,Texas,Big 12,0,1,0,10.8,1,1,,0,0,0,1.2,1,2,2,1,1,0,1,2,0,0,9,1.2,5.4,5.4,5.4,5.4,1,,player.fcgi?id=thomas005jar,
Heston Tole,22,2024,Texas,Big 12,0,0,,6.55,13,0,,0,0,0,11,14,10,8,1,2,0,13,1,0,1,51,1.455,11.5,0.8,1.6,10.6,6.5,,player.fcgi?id=tole--000hes,
Easton Tumis,20,2024,Texas,Big 12,3,1,0.75,5.08,21,1,,0,0,0,28.1,26,17,16,2,15,0,27,6,0,6,130,1.447,8.3,0.6,4.8,8.6,1.8,,player.fcgi?id=tumis-000eas,
Ace Whitehead*,22,2024,Texas,Big 12,4,2,0.667,4.16,15,10,,1,0,0,67,59,32,31,9,24,1,48,3,1,5,281,1.239,7.9,1.2,3.2,6.4,2,,player.fcgi?id=whiteh000ace,
Tanner Witt,21,2024,Texas,Big 12,0,1,0,5.79,5,2,,0,0,0,9.1,7,7,6,4,8,0,6,2,0,0,44,1.607,6.8,3.9,7.7,5.8,0.75,,player.fcgi?id=witt--001tan,
D.J. Burke,21,2023,Texas,Big 12,1,0,1,2.22,15,2,,0,0,1,24.1,20,6,6,3,10,0,17,5,1,2,107,1.233,7.4,1.1,3.7,6.3,1.7,,player.fcgi?id=burke-000dj-,
Andre Duplantier,22,2023,Texas,Big 12,0,0,,2.4,19,0,,0,0,1,15,17,8,4,1,9,1,16,3,0,4,73,1.733,10.2,0.6,5.4,9.6,1.78,,player.fcgi?id=duplan000and,
Pierce George,20,2023,Texas,Big 12,0,0,,13.5,3,0,,0,0,0,2,2,3,3,0,4,0,1,1,0,1,11,3,9,0,18,4.5,0.25,,player.fcgi?id=george000pie,
Lucas Gordon*,21,2023,Texas,Big 12,7,2,0.778,2.63,19,17,,0,0,0,102.2,85,33,30,9,34,0,103,9,0,3,427,1.159,7.5,0.8,3,9,3.03,,player.fcgi?id=gordon000luc,
Max Grubbs,19,2023,Texas,Big 12,1,0,1,9.35,8,0,,0,0,0,8.2,13,11,9,1,3,0,6,2,0,1,45,1.846,13.5,1,3.1,6.2,2,,player.fcgi?id=grubbs000max,
Cody Howard,20,2023,Texas,Big 12,1,0,1,4,8,0,,0,0,0,9,10,4,4,0,7,0,12,0,0,1,44,1.889,10,0,7,12,1.71,,player.fcgi?id=howard002cod,
Charlie Hurley,21,2023,Texas,Big 12,5,0,1,4.42,22,5,,0,0,3,55,48,27,27,5,27,0,45,8,0,7,238,1.364,7.9,0.8,4.4,7.4,1.67,,player.fcgi?id=hurley000cha,
Lebarron Johnson,21,2023,Texas,Big 12,8,4,0.667,2.91,20,13,,1,0,1,86.2,73,31,28,5,38,0,98,3,2,13,363,1.281,7.6,0.5,3.9,10.2,2.58,,player.fcgi?id=johnso000leb,
Chase Lummus*,22,2023,Texas,Big 12,1,1,0.5,5.17,11,0,,0,0,0,15.2,14,9,9,3,4,0,12,2,0,1,67,1.149,8,1.7,2.3,6.9,3,,player.fcgi?id=lummus000cha,
Kobe Minchey,20,2023,Texas,Big 12,2,1,0.667,5.25,9,3,,0,0,0,12,10,8,7,0,9,0,13,5,0,2,60,1.583,7.5,0,6.8,9.8,1.44,,player.fcgi?id=minche000kob,
Zane Morehouse,23,2023,Texas,Big 12,4,3,0.571,5.21,28,4,,0,0,7,57,57,37,33,2,29,1,60,9,0,8,254,1.509,9,0.3,4.6,9.5,2.07,,player.fcgi?id=moreho000zan,
Cameron O'Banan,20,2023,Texas,Big 12,0,1,0,40.5,1,0,,0,0,0,0.2,2,3,3,0,1,0,2,0,0,0,5,4.5,27,0,13.5,27,2,,player.fcgi?id=obanan000cam,
David Shaw*,21,2023,Texas,Big 12,2,2,0.5,3.09,26,0,,0,0,1,32,22,13,11,1,14,0,30,5,2,4,134,1.125,6.2,0.3,3.9,8.4,2.14,,player.fcgi?id=shaw--000dav,
Travis Sthele,21,2023,Texas,Big 12,3,5,0.375,5.75,15,10,,0,0,1,61,65,49,39,6,31,1,66,5,1,6,284,1.574,9.6,0.9,4.6,9.7,2.13,,player.fcgi?id=sthele000tra,
Chris Stuart*,21,2023,Texas,Big 12,1,1,0.5,7.2,15,0,,0,0,0,15,11,12,12,1,14,0,18,5,0,2,74,1.667,6.6,0.6,8.4,10.8,1.29,,player.fcgi?id=stuart000chr,
Heston Tole,21,2023,Texas,Big 12,0,0,,1.9,19,0,,0,0,1,23.2,17,5,5,0,13,0,20,1,0,0,98,1.268,6.5,0,4.9,7.6,1.54,,player.fcgi?id=tole--000hes,
Sam Walbridge*,22,2023,Texas,Big 12,0,1,0,8.64,8,0,,0,0,0,8.1,11,8,8,1,6,0,9,1,0,1,41,2.04,11.9,1.1,6.5,9.7,1.5,,player.fcgi?id=walbri000sam,
Ace Whitehead*,21,2023,Texas,Big 12,4,0,1,4.1,16,4,,0,0,1,26.1,31,15,12,0,12,1,24,1,0,1,121,1.633,10.6,0,4.1,8.2,2,,player.fcgi?id=whiteh000ace,
Tanner Witt,20,2023,Texas,Big 12,2,1,0.667,10.97,6,6,,0,0,0,10.2,11,13,13,3,8,0,8,4,0,1,55,1.781,9.3,2.5,6.8,6.8,1,,player.fcgi?id=witt--001tan,
Daniel Blair,23,2022,Texas,Big 12,2,1,0.667,7.47,12,0,,0,0,0,15.2,18,14,13,1,13,0,17,1,0,3,77,1.979,10.3,0.6,7.5,9.8,1.31,,player.fcgi?id=blair-001dan,
Coy Cobb,23,2022,Texas,Big 12,2,1,0.667,4.6,15,0,,0,0,0,15.2,14,8,8,4,2,0,10,4,0,0,67,1.021,8,2.3,1.1,5.7,5,,player.fcgi?id=cobb--000coy,
Cam Dayton*,21,2022,Texas,Big 12,0,0,,0,3,0,,0,0,0,1.1,0,0,0,0,1,0,2,0,0,0,5,0.75,0,0,6.8,13.5,2,,player.fcgi?id=dayton000cam,
Andre Duplantier,21,2022,Texas,Big 12,3,1,0.75,5.93,17,6,,0,0,0,30.1,28,21,20,6,17,0,25,8,1,1,141,1.484,8.3,1.8,5,7.4,1.47,,player.fcgi?id=duplan000and,
Justin Eckhardt,22,2022,Texas,Big 12,1,1,0.5,8.17,11,5,,0,0,0,25.1,30,23,23,5,12,0,23,3,0,2,117,1.658,10.7,1.8,4.3,8.2,1.92,,player.fcgi?id=eckhar000jus,
Lucas Gordon*,20,2022,Texas,Big 12,7,2,0.778,3.05,18,16,,1,1,0,85.2,71,36,29,2,26,0,77,13,1,6,363,1.132,7.5,0.2,2.7,8.1,2.96,,player.fcgi?id=gordon000luc,
Pete Hansen*,21,2022,Texas,Big 12,11,3,0.786,3.76,17,17,,1,1,0,107.2,94,47,45,16,19,0,120,5,0,2,433,1.05,7.9,1.3,1.6,10,6.32,,player.fcgi?id=hansen003pet,
Luke Harrison*,19,2022,Texas,Big 12,0,0,,3.06,32,1,,0,0,2,35.1,34,13,12,2,16,0,32,2,0,1,152,1.415,8.7,0.5,4.1,8.2,2,,player.fcgi?id=harris002luk,
Lebarron Johnson,20,2022,Texas,Big 12,0,1,0,3.18,18,0,,0,0,0,17,12,9,6,1,11,0,21,1,0,6,74,1.353,6.4,0.5,5.8,11.1,1.91,,player.fcgi?id=johnso000leb,
Zane Morehouse,22,2022,Texas,Big 12,3,1,0.75,6,20,6,,0,0,0,39,39,27,26,4,16,0,43,6,0,4,170,1.41,9,0.9,3.7,9.9,2.69,,player.fcgi?id=moreho000zan,
Aaron Nixon,20,2022,Texas,Big 12,1,3,0.25,5.04,26,0,,0,0,5,30.1,24,18,17,1,25,0,38,5,0,4,145,1.615,7.1,0.3,7.4,11.3,1.52,,player.fcgi?id=nixon-000aar,
Marcus Olivarez,23,2022,Texas,Big 12,1,0,1,0.69,19,0,,0,0,0,26,16,2,2,2,13,0,21,0,0,0,100,1.115,5.5,0.7,4.5,7.3,1.62,,player.fcgi?id=olivar000mar,
Jared Southard,21,2022,Texas,Big 12,4,1,0.8,2.76,25,0,,0,0,0,29.1,15,12,9,3,19,0,46,4,1,2,125,1.159,4.6,0.9,5.8,14.1,2.42,,player.fcgi?id=southa000jar,
Tristan Stevens,24,2022,Texas,Big 12,7,6,0.538,4.73,26,12,,0,0,3,85.2,90,49,45,11,24,1,72,8,2,4,373,1.331,9.5,1.2,2.5,7.6,3,,player.fcgi?id=steven000tri,
Josh Stewart,19,2022,Texas,Big 12,0,0,,4.63,10,1,,0,0,0,11.2,13,6,6,1,8,0,13,3,0,0,58,1.8,10,0.8,6.2,10,1.63,,player.fcgi?id=stewar011jos,
Travis Sthele,20,2022,Texas,Big 12,3,1,0.75,6.03,21,3,,0,0,0,34.1,34,23,23,5,19,1,32,6,1,3,155,1.544,8.9,1.3,5,8.4,1.68,,player.fcgi?id=sthele000tra,
Sam Walbridge*,21,2022,Texas,Big 12,0,0,,0,3,0,,0,0,0,1.1,1,0,0,0,1,0,0,0,0,0,5,1.5,6.8,0,6.8,0,0,,player.fcgi?id=walbri000sam,
Ace Whitehead*,20,2022,Texas,Big 12,0,0,,13.5,1,0,,0,0,0,0.2,3,1,1,0,0,0,0,0,0,0,5,4.5,40.5,0,0,0,,,player.fcgi?id=whiteh000ace,
Tanner Witt,19,2022,Texas,Big 12,2,0,1,1.64,2,2,,0,0,0,11,9,2,2,2,3,0,14,0,0,0,45,1.091,7.4,1.6,2.5,11.5,4.67,,player.fcgi?id=witt--001tan,
Coy Cobb,22,2021,Texas,Big 12,0,0,,7.5,6,0,,0,0,0,6,7,5,5,1,3,0,5,0,0,1,28,1.667,10.5,1.5,4.5,7.5,1.67,,player.fcgi?id=cobb--000coy,
Justin Eckhardt,21,2021,Texas,Big 12,0,0,,6.75,6,4,,0,0,0,13.1,10,11,10,2,10,0,5,2,0,2,61,1.5,6.8,1.4,6.8,3.4,0.5,,player.fcgi?id=eckhar000jus,
Lucas Gordon*,19,2021,Texas,Big 12,0,0,,3.32,19,1,,0,0,1,21.2,15,8,8,2,9,0,19,2,0,1,87,1.108,6.2,0.8,3.7,7.9,2.11,,player.fcgi?id=gordon000luc,
Pete Hansen*,20,2021,Texas,Big 12,9,1,0.9,1.88,19,14,,0,0,0,91,66,22,19,3,23,0,80,2,1,2,358,0.978,6.5,0.3,2.3,7.9,3.48,,player.fcgi?id=hansen003pet,
Kolby Kubichek,21,2021,Texas,Big 12,5,3,0.625,3.86,12,12,,0,0,0,51.1,50,26,22,3,27,2,41,11,1,8,240,1.5,8.8,0.5,4.7,7.2,1.52,,player.fcgi?id=kubich000kol,
Ty Madden,21,2021,Texas,Big 12,7,5,0.583,2.45,18,18,,1,1,0,113.2,75,37,31,7,44,0,137,5,0,4,453,1.047,5.9,0.6,3.5,10.8,3.11,,player.fcgi?id=madden000ty-,
Dawson Merryman,21,2021,Texas,Big 12,0,0,,10.13,3,0,,0,0,0,2.2,3,4,3,2,4,0,2,0,0,0,15,2.625,10.1,6.8,13.5,6.8,0.5,,player.fcgi?id=merrym000daw,
Aaron Nixon,19,2021,Texas,Big 12,4,3,0.571,2.12,27,0,,0,0,9,34,26,8,8,2,10,0,35,4,0,2,140,1.059,6.9,0.5,2.6,9.3,3.5,,player.fcgi?id=nixon-000aar,
Caden Noah*,19,2021,Texas,Big 12,0,1,0,11.57,3,0,,0,0,0,2.1,4,3,3,1,0,0,3,1,0,0,12,1.714,15.4,3.9,0,11.6,,,player.fcgi?id=noah--000cad,
Cole Quintanilla,22,2021,Texas,Big 12,5,1,0.833,1.35,26,0,,0,0,0,40,22,6,6,2,11,0,42,1,0,3,148,0.825,5,0.5,2.5,9.5,3.82,,player.fcgi?id=quinta000col,
Drew Shifflet,22,2021,Texas,Big 12,1,0,1,4.02,11,0,,0,0,0,15.2,13,7,7,2,9,1,14,0,0,1,68,1.404,7.5,1.1,5.2,8,1.56,,player.fcgi?id=shiffl000dre,
Jared Southard,20,2021,Texas,Big 12,0,0,,0,12,0,,0,0,0,10,4,0,0,0,7,0,16,3,0,2,44,1.1,3.6,0,6.3,14.4,2.29,,player.fcgi?id=southa000jar,
Tristan Stevens,23,2021,Texas,Big 12,11,3,0.786,3.31,18,18,,0,0,0,111.1,105,41,41,5,23,1,77,7,1,3,457,1.15,8.5,0.4,1.9,6.2,3.35,,player.fcgi?id=steven000tri,
Sam Walbridge*,20,2021,Texas,Big 12,0,0,,9,3,0,,0,0,0,2,3,2,2,0,0,0,4,1,0,0,11,1.5,13.5,0,0,18,,,player.fcgi?id=walbri000sam,
Austin Wallace*,21,2021,Texas,Big 12,0,0,,4.5,1,0,,0,0,0,2,2,1,1,0,0,0,0,0,0,1,8,1,9,0,0,0,,,player.fcgi?id=wallac002aus,
Palmer Wenzel,24,2021,Texas,Big 12,3,0,1,3.32,17,0,,0,0,1,21.2,22,8,8,0,9,0,13,0,0,0,93,1.431,9.1,0,3.7,5.4,1.44,,player.fcgi?id=wenzel000pal,
Tanner Witt,18,2021,Texas,Big 12,5,0,1,3.16,28,0,,0,0,5,57,40,22,20,4,25,2,73,4,0,4,237,1.14,6.3,0.6,3.9,11.5,2.92,,player.fcgi?id=witt--001tan,
Mason Bryant,20,2020,Texas,Big 12,0,0,,0,3,0,,0,0,0,1.2,2,0,0,0,0,0,1,0,0,0,7,1.2,10.8,0,0,5.4,,,player.fcgi?id=bryant000mas,
Coy Cobb,21,2020,Texas,Big 12,0,0,,4.02,4,4,,0,0,0,15.2,16,9,7,1,7,0,11,4,0,1,72,1.468,9.2,0.6,4,6.3,1.57,,player.fcgi?id=cobb--000coy,
Donny Diaz,24,2020,Texas,Big 12,0,0,,4.15,5,0,,0,0,2,4.1,5,3,2,1,1,0,6,1,0,0,20,1.385,10.4,2.1,2.1,12.5,6,,player.fcgi?id=diaz--000don,
Andre Duplantier,19,2020,Texas,Big 12,0,0,,2,8,0,,0,0,3,9,4,2,2,0,3,0,13,1,0,0,35,0.778,4,0,3,13,4.33,,player.fcgi?id=duplan000and,
Justin Eckhardt,20,2020,Texas,Big 12,0,0,,0,1,0,,0,0,0,1,0,0,0,0,0,0,0,0,0,0,3,0,0,0,0,0,,,player.fcgi?id=eckhar000jus,
Bryce Elder,21,2020,Texas,Big 12,2,1,0.667,2.08,4,4,,0,0,0,26,18,8,6,1,7,0,32,5,0,1,108,0.962,6.2,0.3,2.4,11.1,4.57,,player.fcgi?id=elder-000bry,
Kamron Fields,21,2020,Texas,Big 12,0,0,,5.4,4,0,,0,0,0,5,4,3,3,2,2,0,5,0,0,1,21,1.2,7.2,3.6,3.6,9,2.5,,player.fcgi?id=fields000kam,
Pete Hansen*,19,2020,Texas,Big 12,2,0,1,0,6,1,,0,0,1,17,9,1,0,0,2,0,18,1,0,0,60,0.647,4.8,0,1.1,9.5,9,,player.fcgi?id=hansen003pet,
Kolby Kubichek,20,2020,Texas,Big 12,2,1,0.667,2.79,4,2,,0,0,0,9.2,8,4,3,0,5,0,8,0,0,1,43,1.345,7.4,0,4.7,7.4,1.6,,player.fcgi?id=kubich000kol,
Ty Madden,20,2020,Texas,Big 12,3,0,1,1.8,4,4,,1,0,0,25,18,7,5,2,4,0,26,0,0,1,97,0.88,6.5,0.7,1.4,9.4,6.5,,player.fcgi?id=madden000ty-,
Owen Meaney,20,2020,Texas,Big 12,0,1,0,2.08,3,1,,0,0,0,4.1,2,1,1,0,1,0,4,2,0,0,18,0.692,4.2,0,2.1,8.3,4,,player.fcgi?id=meaney000owe,
Dawson Merryman,20,2020,Texas,Big 12,3,0,1,1.74,7,0,,0,0,0,10.1,3,3,2,1,2,0,10,1,0,0,37,0.484,2.6,0.9,1.7,8.7,5,,player.fcgi?id=merrym000daw,
Cole Quintanilla,21,2020,Texas,Big 12,0,0,,8.31,5,1,,0,0,0,8.2,11,9,8,1,6,0,11,1,0,2,44,1.962,11.4,1,6.2,11.4,1.83,,player.fcgi?id=quinta000col,
Jared Southard,19,2020,Texas,Big 12,0,0,,7.71,3,0,,0,0,0,2.1,1,2,2,0,1,0,6,2,0,1,11,0.857,3.9,0,3.9,23.1,6,,player.fcgi?id=southa000jar,
Tristan Stevens,22,2020,Texas,Big 12,2,0,1,1.5,8,0,,0,0,0,6,5,1,1,0,3,0,6,0,0,1,26,1.333,7.5,0,4.5,9,2,,player.fcgi?id=steven000tri,
Will Swope,20,2020,Texas,Big 12,0,0,,10.8,2,0,,0,0,0,1.2,4,2,2,0,1,0,2,0,0,0,10,3,21.6,0,5.4,10.8,2,,player.fcgi?id=swope-000wil,
Sam Walbridge*,19,2020,Texas,Big 12,0,0,,0,6,0,,0,0,0,3.1,3,0,0,0,3,0,4,2,0,1,18,1.8,8.1,0,8.1,10.8,1.33,,player.fcgi?id=walbri000sam,
Austin Wallace*,20,2020,Texas,Big 12,0,0,,0,2,0,,0,0,0,2,1,0,0,0,2,0,5,1,0,2,10,1.5,4.5,0,9,22.5,2.5,,player.fcgi?id=wallac002aus,
Matteo Bocchi,22,2019,Texas,Big 12,2,2,0.5,2.45,17,2,,0,0,2,33,24,11,9,3,8,0,24,2,1,2,133,0.97,6.5,0.8,2.2,6.5,3,,player.fcgi?id=bocchi000mat,
Mason Bryant,19,2019,Texas,Big 12,1,1,0.5,11.32,13,0,,0,0,1,10.1,13,14,13,3,14,0,15,1,0,7,59,2.613,11.3,2.6,12.2,13.1,1.07,,player.fcgi?id=bryant000mas,
Coy Cobb,20,2019,Texas,Big 12,1,3,0.25,3.45,13,10,,0,0,0,44.1,37,20,17,3,21,0,23,7,0,4,192,1.308,7.5,0.6,4.3,4.7,1.1,,player.fcgi?id=cobb--000coy,
Donny Diaz,23,2019,Texas,Big 12,0,1,0,5.14,12,0,,0,0,1,14,11,10,8,0,16,0,17,1,1,4,70,1.929,7.1,0,10.3,10.9,1.06,,player.fcgi?id=diaz--000don,
Bryce Elder,20,2019,Texas,Big 12,2,4,0.333,2.93,13,13,,0,0,0,83,70,34,27,6,33,1,86,7,4,6,349,1.241,7.6,0.7,3.6,9.3,2.61,,player.fcgi?id=elder-000bry,
Kamron Fields,20,2019,Texas,Big 12,1,2,0.333,4.26,20,0,,0,0,3,25.1,18,14,12,1,16,0,36,5,1,13,115,1.342,6.4,0.4,5.7,12.8,2.25,,player.fcgi?id=fields000kam,
Blair Henley,22,2019,Texas,Big 12,6,4,0.6,3.54,13,13,,1,0,0,73.2,74,42,29,2,34,0,62,7,1,4,333,1.466,9,0.2,4.2,7.6,1.82,,player.fcgi?id=henley000bla,
Brandon Ivey?,--,2019,Texas,Big 12,2,0,1,6.75,11,0,,0,0,0,8,8,8,6,3,8,1,1,0,0,1,39,2,9,3.4,9,1.1,0.13,,player.fcgi?id=ivey--000bra,
Kolby Kubichek,19,2019,Texas,Big 12,0,1,0,6.5,14,2,,0,0,1,18,21,14,13,0,12,1,15,2,0,2,90,1.833,10.5,0,6,7.5,1.25,,player.fcgi?id=kubich000kol,
Ty Madden,19,2019,Texas,Big 12,4,1,0.8,3.4,15,8,,0,0,0,42.1,38,19,16,1,24,0,37,1,0,5,184,1.465,8.1,0.2,5.1,7.9,1.54,,player.fcgi?id=madden000ty-,
Owen Meaney,19,2019,Texas,Big 12,0,1,0,4.97,6,2,,0,0,0,12.2,13,7,7,3,3,0,10,3,0,1,54,1.263,9.2,2.1,2.1,7.1,3.33,,player.fcgi?id=meaney000owe,
Jack Neely,19,2019,Texas,Big 12,0,1,0,14.9,8,1,,0,0,0,9.2,11,18,16,3,14,0,12,0,0,2,52,2.586,10.2,2.8,13,11.2,0.86,,player.fcgi?id=neely-000jac,
Nico O'Donnell,20,2019,Texas,Big 12,0,0,,9,8,0,,0,0,1,9,8,12,9,0,16,0,14,2,0,3,50,2.667,8,0,16,14,0.88,,player.fcgi?id=odonne000nic,
Cole Quintanilla,20,2019,Texas,Big 12,2,1,0.667,4.05,22,0,,0,0,5,33.1,30,17,15,2,9,1,44,3,3,2,139,1.17,8.1,0.5,2.4,11.9,4.89,,player.fcgi?id=quinta000col,
Beau Ridgeway,23,2019,Texas,Big 12,1,1,0.5,10.8,3,0,,0,0,0,3.1,8,7,4,0,1,0,3,1,0,0,22,2.7,21.6,0,2.7,8.1,3,,player.fcgi?id=ridgew000bea,
Tristan Stevens,21,2019,Texas,Big 12,3,2,0.6,5.31,23,0,,0,0,0,20.1,16,14,12,1,17,1,20,2,0,2,100,1.623,7.1,0.4,7.5,8.9,1.18,,player.fcgi?id=steven000tri,
Matt Whelan,20,2019,Texas,Big 12,2,2,0.5,4.6,17,3,,0,0,0,29.1,26,15,15,2,11,1,22,6,0,1,132,1.261,8,0.6,3.4,6.8,2,,player.fcgi?id=whelan000mat,
Matteo Bocchi,21,2018,Texas,Big 12,4,1,0.8,3.05,21,4,,0,0,1,38.1,34,14,13,3,21,0,34,3,2,2,166,1.435,8,0.7,4.9,8,1.62,,player.fcgi?id=bocchi000mat,
Bryce Elder,19,2018,Texas,Big 12,6,1,0.857,5.55,22,1,,0,0,2,35.2,40,23,22,2,18,0,31,3,0,8,163,1.626,10.1,0.5,4.5,7.8,1.72,,player.fcgi?id=elder-000bry,
Chris Fearon,21,2018,Texas,Big 12,1,0,1,10.38,5,0,,0,0,0,4.1,8,5,5,0,1,0,5,1,1,0,23,2.077,16.6,0,2.1,10.4,5,,player.fcgi?id=fearon000chr,
Kamron Fields,19,2018,Texas,Big 12,1,0,1,1.82,15,2,,0,0,0,24.2,19,6,5,0,22,0,19,0,1,4,111,1.662,6.9,0,8,6.9,0.86,,player.fcgi?id=fields000kam,
Blair Henley,21,2018,Texas,Big 12,6,7,0.462,3.32,18,16,,0,0,1,86.2,94,39,32,5,37,1,64,9,1,11,384,1.512,9.8,0.5,3.8,6.6,1.73,,player.fcgi?id=henley000bla,
Brandon Ivey?,--,2018,Texas,Big 12,0,0,,16.2,2,0,,0,0,0,1.2,3,3,3,0,3,0,1,0,0,1,11,3.6,16.2,0,16.2,5.4,0.33,,player.fcgi?id=ivey--000bra,
Nolan Kingham,21,2018,Texas,Big 12,8,5,0.615,4.57,20,16,,2,0,3,100.1,126,62,51,11,24,0,81,6,2,4,447,1.495,11.3,1,2.2,7.3,3.38,,player.fcgi?id=kingha000nol,
Andy McGuire,23,2018,Texas,Big 12,1,2,0.333,1.93,28,0,,0,0,7,32.2,23,8,7,0,13,0,29,8,0,5,140,1.102,6.3,0,3.6,8,2.23,,player.fcgi?id=mcguir000and,
Jake McKenzie,--,2018,Texas,Big 12,0,0,,3.38,3,0,,0,0,0,2.2,1,2,1,0,4,0,2,1,0,1,14,1.875,3.4,0,13.5,6.8,0.5,,player.fcgi?id=mckenz000jak,
Nico O'Donnell,19,2018,Texas,Big 12,3,2,0.6,4.78,12,7,,0,0,0,32,30,19,17,3,22,0,30,3,0,2,145,1.625,8.4,0.8,6.2,8.4,1.36,,player.fcgi?id=odonne000nic,
Beau Ridgeway,22,2018,Texas,Big 12,1,2,0.333,11.32,18,1,,0,0,3,20.2,23,27,26,3,15,0,11,6,0,1,105,1.839,10,1.3,6.5,4.8,0.73,,player.fcgi?id=ridgew000bea,
Parker Joe Robinson,22,2018,Texas,Big 12,3,0,1,1.71,22,0,,0,0,0,31.2,25,7,6,1,9,0,31,3,0,1,130,1.074,7.1,0.3,2.6,8.8,3.44,,player.fcgi?id=robins000par,
Josh Sawyer*,23,2018,Texas,Big 12,1,0,1,3.69,32,0,,0,0,1,31.2,22,14,13,3,21,0,33,5,0,2,136,1.358,6.3,0.9,6,9.4,1.57,,player.fcgi?id=sawyer000jos,
Chase Shugart,21,2018,Texas,Big 12,6,3,0.667,4.64,21,15,,0,0,2,95,90,56,49,9,41,0,69,10,0,3,408,1.379,8.5,0.9,3.9,6.5,1.68,,player.fcgi?id=shugar000cha,
Tristan Stevens,20,2018,Texas,Big 12,0,0,,3.86,2,2,,0,0,0,2.1,3,1,1,0,2,0,0,2,0,0,12,2.143,11.6,0,7.7,0,0,,player.fcgi?id=steven000tri,
Bryce Verplank,--,2018,Texas,Big 12,0,0,,9,9,0,,0,0,0,6,5,6,6,1,9,0,8,2,1,3,33,2.333,7.5,1.5,13.5,12,0.89,,player.fcgi?id=verpla000bry,
Matt Whelan,19,2018,Texas,Big 12,1,0,1,4.37,11,1,,0,0,0,22.2,19,12,11,3,11,0,23,1,0,0,96,1.324,7.5,1.2,4.4,9.1,2.09,,player.fcgi?id=whelan000mat,
Morgan Cooper,22,2017,Texas,Big 12,6,3,0.667,2.32,16,15,,0,0,0,89.1,66,26,23,2,33,0,110,5,0,3,366,1.108,6.6,0.2,3.3,11.1,3.33,,player.fcgi?id=cooper003mor,
Blair Henley,20,2017,Texas,Big 12,4,5,0.444,4.23,17,10,,1,0,0,61.2,61,34,29,1,25,0,47,6,0,6,268,1.395,8.9,0.1,3.6,6.9,1.88,,player.fcgi?id=henley000bla,
Kyle Johnston,20,2017,Texas,Big 12,3,2,0.6,3.56,17,12,,0,0,2,73.1,63,33,29,1,39,0,52,5,0,5,317,1.391,7.7,0.1,4.8,6.4,1.33,,player.fcgi?id=johnst000kyl,
Nick Kennedy*,21,2017,Texas,Big 12,8,2,0.8,3.02,19,9,,1,0,0,53.2,51,20,18,3,20,0,59,4,2,6,224,1.323,8.6,0.5,3.4,9.9,2.95,,player.fcgi?id=kenned002nic,
Nolan Kingham,20,2017,Texas,Big 12,10,4,0.714,2.84,16,13,,2,1,0,92,80,31,29,9,24,0,67,9,0,1,371,1.13,7.8,0.9,2.3,6.6,2.79,,player.fcgi?id=kingha000nol,
Jon Malmin*,22,2017,Texas,Big 12,1,0,1,4.3,10,0,,0,0,0,14.2,18,7,7,1,7,0,13,1,1,0,64,1.705,11,0.6,4.3,8,1.86,,player.fcgi?id=malmin000jon,
Connor Mayes,21,2017,Texas,Big 12,1,2,0.333,6,13,4,,0,0,0,27,20,19,18,3,16,0,22,2,1,1,122,1.333,6.7,1,5.3,7.3,1.38,,player.fcgi?id=mayes-000con,
Jake McKenzie,--,2017,Texas,Big 12,1,1,0.5,3.24,10,0,,0,0,1,16.2,12,6,6,3,4,1,11,2,0,0,66,0.96,6.5,1.6,2.2,5.9,2.75,,player.fcgi?id=mckenz000jak,
Beau O'Hara,20,2017,Texas,Big 12,0,0,,7.11,6,0,,0,0,1,6.1,7,5,5,1,4,0,4,0,1,1,28,1.737,9.9,1.4,5.7,5.7,1,,player.fcgi?id=ohara-000bea,
Beau Ridgeway,21,2017,Texas,Big 12,2,2,0.5,1.89,37,0,,0,0,12,52.1,35,12,11,4,14,1,40,2,0,2,208,0.936,6,0.7,2.4,6.9,2.86,,player.fcgi?id=ridgew000bea,
Parker Joe Robinson,21,2017,Texas,Big 12,0,1,0,1.93,7,0,,0,0,0,9.1,6,2,2,0,6,1,4,1,0,0,38,1.286,5.8,0,5.8,3.9,0.67,,player.fcgi?id=robins000par,
Kevin Roliard,19,2017,Texas,Big 12,0,0,,0,5,0,,0,0,0,4.2,4,0,0,0,7,0,3,0,0,1,26,2.357,7.7,0,13.5,5.8,0.43,,player.fcgi?id=roliar000kev,
Tyler Schimpf,21,2017,Texas,Big 12,0,0,,1.56,12,0,,0,0,0,17.1,11,3,3,0,7,0,13,2,1,2,71,1.038,5.7,0,3.6,6.8,1.86,,player.fcgi?id=schimp000tyl,
Chase Shugart,20,2017,Texas,Big 12,3,2,0.6,3.43,29,0,,0,0,3,42,39,17,16,3,22,2,30,6,0,2,186,1.452,8.4,0.6,4.7,6.4,1.36,,player.fcgi?id=shugar000cha,
Kacy Clemens,21,2016,Texas,Big 12,0,0,,3,1,0,,0,0,0,3,2,1,1,1,1,0,1,1,0,0,12,1,6,3,3,3,1,,player.fcgi?id=clemen000kac,
Morgan Cooper,21,2016,Texas,Big 12,3,5,0.375,4.03,13,12,,1,0,0,67,68,38,30,6,17,0,70,5,1,3,286,1.269,9.1,0.8,2.3,9.4,4.12,,player.fcgi?id=cooper003mor,
Ty Culbreth*,22,2016,Texas,Big 12,8,4,0.667,3.74,16,15,,1,0,0,86.2,92,44,36,5,17,1,78,3,1,1,367,1.258,9.6,0.5,1.8,8.1,4.59,,player.fcgi?id=culbre000ty-,
Travis Duke*,22,2016,Texas,Big 12,2,1,0.667,3.86,33,0,,0,0,0,23.1,23,11,10,1,7,1,17,1,0,1,97,1.286,8.9,0.4,2.7,6.6,2.43,,player.fcgi?id=duke--000tra,
Eric Dunbar,--,2016,Texas,Big 12,0,3,0,3,14,0,,0,0,0,18,19,7,6,0,6,0,11,2,0,0,81,1.389,9.5,0,3,5.5,1.83,,player.fcgi?id=dunbar000eri,
Kyle Johnston,19,2016,Texas,Big 12,3,2,0.6,3.72,15,14,,0,0,0,67.2,62,36,28,3,43,0,64,4,1,6,306,1.552,8.2,0.4,5.7,8.5,1.49,,player.fcgi?id=johnst000kyl,
Nick Kennedy*,20,2016,Texas,Big 12,1,1,0.5,8.44,17,1,,0,0,0,16,19,15,15,0,12,1,14,0,0,3,79,1.938,10.7,0,6.8,7.9,1.17,,player.fcgi?id=kenned002nic,
Nolan Kingham,19,2016,Texas,Big 12,2,3,0.4,3.79,21,4,,0,0,2,38,38,21,16,4,16,0,16,2,0,3,168,1.421,9,0.9,3.8,3.8,1,,player.fcgi?id=kingha000nol,
Jon Malmin*,21,2016,Texas,Big 12,1,3,0.25,7.3,14,0,,0,0,0,12.1,13,10,10,0,10,1,16,2,0,2,63,1.865,9.5,0,7.3,11.7,1.6,,player.fcgi?id=malmin000jon,
Connor Mayes,20,2016,Texas,Big 12,0,4,0,3.6,21,11,,0,0,2,60,61,26,24,3,28,1,53,2,1,0,269,1.483,9.2,0.5,4.2,8,1.89,,player.fcgi?id=mayes-000con,
Jake McKenzie,--,2016,Texas,Big 12,0,0,,0,2,0,,0,0,0,1.1,0,0,0,0,0,0,1,0,0,0,4,0,0,0,0,6.8,,,player.fcgi?id=mckenz000jak,
Beau Ridgeway,20,2016,Texas,Big 12,3,1,0.75,3.31,25,0,,0,0,0,35.1,33,16,13,3,3,0,20,3,0,4,146,1.019,8.4,0.8,0.8,5.1,6.67,,player.fcgi?id=ridgew000bea,
Parker Joe Robinson,20,2016,Texas,Big 12,0,1,0,15.43,3,0,,0,0,0,2.1,7,4,4,2,1,0,1,0,0,0,14,3.429,27,7.7,3.9,3.9,1,,player.fcgi?id=robins000par,
Josh Sawyer*,21,2016,Texas,Big 12,0,0,,0,6,0,,0,0,1,6,3,0,0,0,1,0,10,0,0,0,23,0.667,4.5,0,1.5,15,10,,player.fcgi?id=sawyer000jos,
Chase Shugart,19,2016,Texas,Big 12,2,3,0.4,4.53,32,0,,0,0,5,43.2,39,25,22,1,24,4,38,5,0,4,196,1.443,8,0.2,4.9,7.8,1.58,,player.fcgi?id=shugar000cha,
Blake Wellmann,19,2016,Texas,Big 12,0,1,0,5.47,21,0,,0,0,1,24.2,29,19,15,2,10,0,18,3,0,0,115,1.581,10.6,0.7,3.6,6.6,1.8,,player.fcgi?id=wellma000bla,
Kirby Bellow*,23,2015,Texas,Big 12,3,2,0.6,1.3,24,0,,,0,5,34.2,22,12,5,0,14,2,32,2,0,0,140,1.038,5.7,0,3.6,8.3,2.29,,player.fcgi?id=bellow001kir,
Kacy Clemens,20,2015,Texas,Big 12,3,2,0.6,4.17,1,9,,,0,0,45.1,39,21,21,2,18,0,21,5,0,1,191,1.257,7.7,0.4,3.6,4.2,1.17,,player.fcgi?id=clemen000kac,
Ty Culbreth*,21,2015,Texas,Big 12,4,5,0.444,3.95,27,5,,,0,4,54.2,58,27,24,2,15,6,44,1,0,2,235,1.335,9.5,0.3,2.5,7.2,2.93,,player.fcgi?id=culbre000ty-,
Travis Duke*,21,2015,Texas,Big 12,1,1,0.5,3.3,27,0,,,0,1,30,33,13,11,1,5,0,16,4,1,0,126,1.267,9.9,0.3,1.5,4.8,3.2,,player.fcgi?id=duke--000tra,
Parker French,22,2015,Texas,Big 12,5,3,0.625,2.57,16,15,,,0,0,91,97,33,26,2,21,0,58,7,2,5,391,1.297,9.6,0.2,2.1,5.7,2.76,,player.fcgi?id=french000par,
Chad Hollingsworth?,--,2015,Texas,Big 12,3,5,0.375,5.75,10,8,,,0,0,40.2,52,26,26,5,13,1,16,4,0,0,181,1.598,11.5,1.1,2.9,3.5,1.23,,player.fcgi?id=hollin003cha,
Kyle Johnston,18,2015,Texas,Big 12,1,1,0.5,2.21,25,4,,,0,1,40.2,24,11,10,1,27,0,41,5,0,5,175,1.254,5.3,0.2,6,9.1,1.52,,player.fcgi?id=johnst000kyl,
Jon Malmin*,20,2015,Texas,Big 12,0,1,0,3.79,18,0,,,0,2,19,17,10,8,1,8,1,13,1,0,0,85,1.316,8.1,0.5,3.8,6.2,1.63,,player.fcgi?id=malmin000jon,
Ty Marlow,23,2015,Texas,Big 12,1,0,1,2.45,12,0,,,0,0,18.1,12,5,5,0,6,1,17,2,0,0,74,0.982,5.9,0,2.9,8.3,2.83,,player.fcgi?id=marlow000ty-,
Connor Mayes,19,2015,Texas,Big 12,2,4,0.333,2.58,29,4,,,1,2,66.1,56,21,19,3,21,5,54,5,1,3,278,1.161,7.6,0.4,2.8,7.3,2.57,,player.fcgi?id=mayes-000con,
Andy McGuire,20,2015,Texas,Big 12,1,0,1,5.25,13,0,,,0,0,12,14,8,7,4,5,0,10,3,0,1,61,1.583,10.5,3,3.8,7.5,2,,player.fcgi?id=mcguir000and,
Jake McKenzie,--,2015,Texas,Big 12,2,0,1,0.5,15,0,,,0,0,18,10,1,1,1,7,1,13,3,0,1,71,0.944,5,0.5,3.5,6.5,1.86,,player.fcgi?id=mckenz000jak,
Josh Sawyer*,20,2015,Texas,Big 12,3,3,0.5,4.82,13,11,,,0,0,46.2,43,29,25,1,23,0,32,6,3,1,209,1.414,8.3,0.2,4.4,6.2,1.39,,player.fcgi?id=sawyer000jos,
Tyler Schimpf,19,2015,Texas,Big 12,1,0,1,3.6,5,1,,,0,0,5,4,2,2,0,3,0,4,1,1,1,23,1.4,7.2,0,5.4,7.2,1.33,,player.fcgi?id=schimp000tyl,
Morgan Cooper,19,2014,Texas,Big 12,4,2,0.667,2.89,29,1,,,0,3,56,53,23,18,3,9,1,41,0,3,6,227,1.107,8.5,0.5,1.4,6.6,4.56,,player.fcgi?id=cooper003mor,
Ty Culbreth*,20,2014,Texas,Big 12,2,0,1,1.98,20,0,,,0,0,27.1,16,8,6,1,18,2,20,1,1,0,112,1.244,5.3,0.3,5.9,6.6,1.11,,player.fcgi?id=culbre000ty-,
John Curtiss,21,2014,Texas,Big 12,2,3,0.4,2.28,28,1,,,0,9,43.1,34,12,11,0,15,1,33,3,1,2,179,1.131,7.1,0,3.1,6.9,2.2,,player.fcgi?id=curtis008joh,
Travis Duke*,20,2014,Texas,Big 12,2,1,0.667,0.29,29,0,,,0,2,30.2,22,2,1,0,7,0,27,3,2,0,123,0.946,6.5,0,2.1,7.9,3.86,,player.fcgi?id=duke--000tra,
Parker French,21,2014,Texas,Big 12,7,5,0.583,2.41,20,17,,,0,1,104.2,88,43,28,0,44,1,62,15,0,4,456,1.261,7.6,0,3.8,5.3,1.41,,player.fcgi?id=french000par,
Blake Goins,19,2014,Texas,Big 12,1,0,1,3.38,7,4,,,0,0,10.2,10,4,4,0,8,0,7,3,0,1,52,1.688,8.4,0,6.8,5.9,0.88,,player.fcgi?id=goins-000bla,
Chad Hollingsworth?,--,2014,Texas,Big 12,4,0,1,1.15,25,2,,,0,2,54.2,34,10,7,0,13,0,28,6,0,2,212,0.86,5.6,0,2.1,4.6,2.15,,player.fcgi?id=hollin003cha,
Jon Malmin*,19,2014,Texas,Big 12,0,0,,0,2,0,,,0,0,2.1,2,0,0,0,2,0,1,0,0,1,12,1.714,7.7,0,7.7,3.9,0.5,,player.fcgi?id=malmin000jon,
Ty Marlow,22,2014,Texas,Big 12,0,0,,0,2,0,,,0,0,2,2,0,0,0,0,0,0,0,0,0,7,1,9,0,0,0,,,player.fcgi?id=marlow000ty-,
Dillon Peters*,21,2014,Texas,Big 12,7,4,0.636,2.13,13,13,,,0,0,80.1,72,24,19,0,21,0,53,8,0,9,334,1.158,8.1,0,2.4,5.9,2.52,,player.fcgi?id=peters000dil,
Justin Peters,22,2014,Texas,Big 12,0,0,,7.71,3,0,,,0,0,2.1,5,2,2,0,1,0,1,0,0,0,13,2.571,19.3,0,3.9,3.9,1,,player.fcgi?id=peters000jus,
Josh Sawyer*,19,2014,Texas,Big 12,1,0,1,5.59,7,0,,,0,0,9.2,14,6,6,0,6,0,8,0,0,3,48,2.069,13,0,5.6,7.4,1.33,,player.fcgi?id=sawyer000jos,
Lukas Schiraldi,20,2014,Texas,Big 12,7,3,0.7,4.08,13,13,,,0,0,64,58,33,29,0,39,0,35,2,0,8,286,1.516,8.2,0,5.5,4.9,0.9,,player.fcgi?id=schira000luk,
Nathan Thornhill,22,2014,Texas,Big 12,9,3,0.75,1.51,21,16,,,0,2,113,82,20,19,2,37,0,68,2,0,6,439,1.053,6.5,0.2,2.9,5.4,1.84,,player.fcgi?id=thornh000nat,
Kirby Bellow*,21,2013,Texas,Big 12,0,0,,4.91,5,0,,,0,0,3.2,4,3,2,0,1,0,5,1,0,0,17,1.364,9.8,0,2.5,12.3,5,,player.fcgi?id=bellow001kir,
Toller Boardman*,20,2013,Texas,Big 12,0,1,0,9.95,8,1,,,0,0,6.1,12,10,7,0,3,0,5,2,0,0,35,2.368,17.1,0,4.3,7.1,1.67,,player.fcgi?id=boardm000tol,
Ty Culbreth*,19,2013,Texas,Big 12,0,0,,0,6,0,,,0,0,2.2,0,0,0,0,1,0,3,1,0,0,9,0.375,0,0,3.4,10.1,3,,player.fcgi?id=culbre000ty-,
Travis Duke*,19,2013,Texas,Big 12,4,1,0.8,1.53,27,0,,,0,0,35.1,27,16,6,0,13,1,25,8,1,1,151,1.132,6.9,0,3.3,6.4,1.92,,player.fcgi?id=duke--000tra,
Parker French,20,2013,Texas,Big 12,4,5,0.444,2.68,13,13,,,0,0,77.1,69,26,23,1,24,0,46,7,0,5,329,1.203,8,0.1,2.8,5.4,1.92,,player.fcgi?id=french000par,
Chad Hollingsworth?,--,2013,Texas,Big 12,3,1,0.75,3.72,17,5,,,0,0,29,25,13,12,0,11,0,15,2,0,4,122,1.241,7.8,0,3.4,4.7,1.36,,player.fcgi?id=hollin003cha,
Corey Knebel,21,2013,Texas,Big 12,3,4,0.429,3.38,26,0,,,0,9,40,25,15,15,1,18,2,51,0,0,4,162,1.075,5.6,0.2,4.1,11.5,2.83,,player.fcgi?id=knebel001cor,
Ty Marlow,21,2013,Texas,Big 12,1,2,0.333,1.89,24,0,,,0,2,33.1,25,7,7,1,7,1,25,0,0,0,128,0.96,6.8,0.3,1.9,6.8,3.57,,player.fcgi?id=marlow000ty-,
Dillon Peters*,20,2013,Texas,Big 12,6,3,0.667,1.97,14,14,,,0,0,86.2,71,23,19,2,24,1,57,10,0,3,360,1.096,7.4,0.2,2.5,5.9,2.38,,player.fcgi?id=peters000dil,
Nathan Thornhill,21,2013,Texas,Big 12,3,6,0.333,2.64,14,13,,,1,0,85.1,75,35,25,1,15,2,60,8,0,5,351,1.055,7.9,0.1,1.6,6.3,4,,player.fcgi?id=thornh000nat,
Josh Urban,22,2013,Texas,Big 12,1,0,1,1.51,16,4,,,0,0,35.2,24,6,6,0,16,0,21,2,0,3,145,1.121,6.1,0,4,5.3,1.31,,player.fcgi?id=urban-001jos,
Kirby Bellow*,20,2012,Texas,Big 12,0,0,,33.75,5,0,,,0,0,1.1,5,7,5,1,4,0,1,0,0,0,15,6.75,33.8,6.8,27,6.8,0.25,,player.fcgi?id=bellow001kir,
John Curtiss,19,2012,Texas,Big 12,2,3,0.4,3.5,28,4,,,0,2,64.1,55,26,25,2,25,0,48,4,2,1,268,1.244,7.7,0.3,3.5,6.7,1.92,,player.fcgi?id=curtis008joh,
Kevin Dicharry,22,2012,Texas,Big 12,1,1,0.5,2.25,12,2,,,0,0,20,25,8,5,0,5,0,20,3,0,1,90,1.5,11.3,0,2.3,9,4,,player.fcgi?id=dichar000kev,
Parker French,19,2012,Texas,Big 12,6,2,0.75,2.84,21,9,,,0,2,66.2,58,32,21,3,19,1,30,12,1,3,288,1.155,7.8,0.4,2.6,4.1,1.58,,player.fcgi?id=french000par,
Ricky Jacquez,19,2012,Texas,Big 12,2,1,0.667,5.79,14,9,,,0,0,42,45,29,27,5,23,0,43,7,0,5,201,1.619,9.6,1.1,4.9,9.2,1.87,,player.fcgi?id=jacque000ric,
Corey Knebel,20,2012,Texas,Big 12,4,5,0.444,2.08,27,3,,,1,9,73.2,50,20,17,1,20,4,68,1,2,1,292,0.95,6.1,0.1,2.4,8.3,3.4,,player.fcgi?id=knebel001cor,
Hoby Milner*,21,2012,Texas,Big 12,7,4,0.636,2.64,34,3,,,0,3,71.2,55,28,21,3,19,2,68,6,1,6,290,1.033,6.9,0.4,2.4,8.5,3.58,,player.fcgi?id=milner001hob,
Dillon Peters*,19,2012,Texas,Big 12,4,1,0.8,3.18,23,11,,,0,0,39.2,31,21,14,2,18,1,43,2,3,3,173,1.235,7,0.5,4.1,9.8,2.39,,player.fcgi?id=peters000dil,
Justin Peters,20,2012,Texas,Big 12,0,0,,13.5,2,0,,,0,0,2,6,3,3,2,0,0,4,0,0,0,12,3,27,9,0,18,,,player.fcgi?id=peters000jus,
Trevor Teykl,20,2012,Texas,Big 12,0,0,,21.6,2,0,,,0,0,1.2,4,4,4,0,0,0,2,2,0,1,10,2.4,21.6,0,0,10.8,,,player.fcgi?id=teykl-001tre,
Nathan Thornhill,20,2012,Texas,Big 12,4,5,0.444,3.87,18,11,,,0,0,83.2,81,46,36,5,25,1,64,4,0,6,358,1.267,8.7,0.5,2.7,6.9,2.56,,player.fcgi?id=thornh000nat,
Josh Urban,21,2012,Texas,Big 12,0,0,,3.38,1,0,,,0,0,2.2,1,1,1,0,2,0,0,0,0,0,10,1.125,3.4,0,6.8,0,0,,player.fcgi?id=urban-001jos,
Kirby Bellow*,19,2011,Texas,Big 12,,,,5.73,,1,,,0,,11,14,8,7,,9,,7,,,,,2.091,11.5,,7.4,5.7,0.78,,player.fcgi?id=bellow001kir,
Kendall Carrillo,23,2011,Texas,Big 12,,,,2.23,,0,,,0,,40.1,27,16,10,,11,,31,,,,,0.942,6,,2.5,6.9,2.82,,player.fcgi?id=carill000ken,
Kevin Dicharry,21,2011,Texas,Big 12,,,,18,,1,,,0,,1,4,2,2,,2,,1,,,,,6,36,,18,9,0.5,,player.fcgi?id=dichar000kev,
Cole Green,22,2011,Texas,Big 12,,,,3.14,,19,,,0,,106,89,43,37,,20,,104,,,,,1.028,7.6,,1.7,8.8,5.2,,player.fcgi?id=green-001mit,
Taylor Jungmann,21,2011,Texas,Big 12,,,,1.6,,18,,,3,,141,81,32,25,,36,,126,,,,,0.83,5.2,,2.3,8,3.5,,player.fcgi?id=jungma001tay,
Corey Knebel,19,2011,Texas,Big 12,,,,1.1,,0,,,0,,57.1,28,8,7,,12,,61,,,,,0.698,4.4,,1.9,9.6,5.08,,player.fcgi?id=knebel001cor,
Andrew McKirahan*,21,2011,Texas,Big 12,,,,3.33,,0,,,0,,24.1,22,9,9,,6,,14,,,,,1.151,8.1,,2.2,5.2,2.33,,player.fcgi?id=mckira000and,
Hoby Milner*,20,2011,Texas,Big 12,,,,2.44,,9,,,0,,85,60,26,23,,33,,62,,,,,1.094,6.4,,3.5,6.6,1.88,,player.fcgi?id=milner001hob,
Keifer Nuncio,20,2011,Texas,Big 12,,,,4,,1,,,0,,9,8,4,4,,6,,4,,,,,1.556,8,,6,4,0.67,,player.fcgi?id=nuncio001kei,
Sam Stafford*,21,2011,Texas,Big 12,,,,1.76,,17,,,0,,82,54,20,16,,42,,91,,,,,1.171,5.9,,4.6,10,2.17,,player.fcgi?id=staffo001sam,
Stayton Thomas,22,2011,Texas,Big 12,,,,6.55,,0,,,0,,11,8,10,8,,5,,5,,,,,1.182,6.5,,4.1,4.1,1,,player.fcgi?id=thomas003sta,
Nathan Thornhill,19,2011,Texas,Big 12,,,,1.89,,2,,,0,,38,30,8,8,,6,,38,,,,,0.947,7.1,,1.4,9,6.33,,player.fcgi?id=thornh000nat,
Josh Urban,20,2011,Texas,Big 12,,,,2.65,,0,,,0,,17,12,7,5,,10,,23,,,,,1.294,6.4,,5.3,12.2,2.3,,player.fcgi?id=urban-001jos,
Denny Clement,21,2012,Texas A&M,Big 12,,,,18,,0,,,0,,1,1,2,2,,3,,0,,,,,4,9,,27,0,0,,player.fcgi?id=clemen001den,
Nick Fleece,22,2012,Texas A&M,Big 12,,,,1.36,,0,,,0,,46.1,44,12,7,,10,,32,,,,,1.165,8.5,,1.9,6.2,3.2,,player.fcgi?id=fleece001nic,
Derrick Hadley,19,2012,Texas A&M,Big 12,,,,5.17,,6,,,0,,38.1,40,23,22,,16,,18,,,,,1.461,9.4,,3.8,4.2,1.13,,player.fcgi?id=hadley000der,
Ross Hales?,--,2012,Texas A&M,Big 12,,,,5,,3,,,0,,9,7,5,5,,5,,6,,,,,1.333,7,,5,6,1.2,,player.fcgi?id=hales-000ros,
Joaquin Hinojosa,22,2012,Texas A&M,Big 12,,,,3.13,,0,,,0,,37.1,36,15,13,,11,,31,,,,,1.259,8.7,,2.7,7.5,2.82,,player.fcgi?id=hinojo000joa,
Kyle Martin,20,2012,Texas A&M,Big 12,,,,3.53,,0,,,0,,43.1,38,19,17,,13,,38,,,,,1.177,7.9,,2.7,7.9,2.92,,player.fcgi?id=martin004kyl,
Steve Martin,23,2012,Texas A&M,Big 12,,,,6.75,,0,,,0,,12,10,10,9,,7,,5,,,,,1.417,7.5,,5.3,3.8,0.71,,player.fcgi?id=martin004ste,
Dylan Mendoza?,--,2012,Texas A&M,Big 12,,,,3.82,,6,,,0,,35.1,40,19,15,,8,,17,,,,,1.358,10.2,,2,4.3,2.13,,player.fcgi?id=mendoz000dyl,
Brandon Parrent*,20,2012,Texas A&M,Big 12,,,,4.21,,4,,,0,,47,47,30,22,,17,,29,,,,,1.362,9,,3.3,5.6,1.71,,player.fcgi?id=parren000bra,
John Stilson,20,2012,Texas A&M,Big 12,,,,1.66,,13,,,0,,92,75,22,17,,29,,92,,,,,1.13,7.3,,2.8,9,3.17,,player.fcgi?id=stilso001joh,
Ross Stripling,21,2012,Texas A&M,Big 12,,,,2.26,,16,,,1,,127.1,91,42,32,,18,,113,,,,,0.856,6.4,,1.3,8,6.28,,player.fcgi?id=stripl000tho,
Estevan Uriegas*,21,2012,Texas A&M,Big 12,,,,3.6,,2,,,0,,20,18,8,8,,8,,16,,,,,1.3,8.1,,3.6,7.2,2,,player.fcgi?id=uriega000est,
Michael Wacha,19,2012,Texas A&M,Big 12,,,,2.26,,19,,,0,,131.1,117,45,33,,30,,123,,,,,1.119,8,,2.1,8.4,4.1,,player.fcgi?id=wacha-001mic,
Corey Brooks?,--,2011,Texas A&M,Big 12,0,0,,0,3,0,,,0,0,2.2,0,0,0,0,1,0,4,0,0,0,9,0.375,0,0,3.4,13.5,4,,player.fcgi?id=brooks000cor,
Denny Clement,22,2011,Texas A&M,Big 12,0,0,,0,1,0,,,0,0,1,0,0,0,0,0,0,2,0,0,0,3,0,0,0,0,18,,,player.fcgi?id=clemen001den,
Jason Freeman,20,2011,Texas A&M,Big 12,1,1,0.5,4.13,28,1,,,0,0,28.1,26,17,13,0,11,0,22,1,0,0,120,1.306,8.3,0,3.5,7,2,,player.fcgi?id=freema000jas,
Derrick Hadley,20,2011,Texas A&M,Big 12,1,1,0.5,5.4,4,2,,,0,0,10,14,13,6,2,5,0,3,0,0,1,50,1.9,12.6,1.8,4.5,2.7,0.6,,player.fcgi?id=hadley000der,
Kyle Martin,21,2011,Texas A&M,Big 12,6,5,0.545,3.2,38,0,,,0,7,56.1,57,26,20,2,21,5,52,5,0,4,253,1.385,9.1,0.3,3.4,8.3,2.48,,player.fcgi?id=martin004kyl,
Daniel Mengden,19,2011,Texas A&M,Big 12,3,4,0.429,3.83,22,4,,,0,3,47,48,21,20,3,8,0,41,4,0,4,201,1.191,9.2,0.6,1.5,7.9,5.13,,player.fcgi?id=mengde000dan,
Rafael Pineda,21,2011,Texas A&M,Big 12,5,1,0.833,2.71,15,15,,,0,0,83,75,33,25,5,16,1,44,6,2,3,348,1.096,8.1,0.5,1.7,4.8,2.75,,player.fcgi?id=pineda002raf,
Corey Ray,19,2011,Texas A&M,Big 12,2,0,1,3.52,12,3,,,0,0,30.2,27,13,12,0,10,0,17,2,0,8,125,1.207,7.9,0,2.9,5,1.7,,player.fcgi?id=ray---001cor,
Parker Ray,21,2011,Texas A&M,Big 12,2,1,0.667,1.29,16,0,,,0,0,14,9,2,2,0,6,0,16,2,0,3,57,1.071,5.8,0,3.9,10.3,2.67,,player.fcgi?id=ray---000par,
Ross Stripling,22,2011,Texas A&M,Big 12,10,4,0.714,3.08,16,16,,,1,0,125.2,105,46,43,7,19,2,120,5,1,7,498,0.987,7.5,0.5,1.4,8.6,6.32,,player.fcgi?id=stripl000tho,
Gandy Stubblefield,19,2011,Texas A&M,Big 12,0,0,,3.86,10,4,,,0,0,21,19,9,9,1,15,0,15,2,0,0,96,1.619,8.1,0.4,6.4,6.4,1,,player.fcgi?id=stubbl000hor,
Estevan Uriegas*,22,2011,Texas A&M,Big 12,4,0,1,1.69,39,0,,,0,0,21.1,15,5,4,1,8,0,17,0,0,1,85,1.078,6.3,0.4,3.4,7.2,2.13,,player.fcgi?id=uriega000est,
Michael Wacha,20,2011,Texas A&M,Big 12,9,1,0.9,2.06,16,16,,,2,0,113.1,95,31,26,4,20,1,116,3,1,4,453,1.015,7.5,0.3,1.6,9.2,5.8,,player.fcgi?id=wacha-001mic,