Name,Age,Season,Team,Conference,G,PA,AB,R,H,2B,3B,HR,RBI,SB,CS,BB,SO,BA,OBP,SLG,OPS,TB,GDP,HBP,SH,SF,IBB,Notes,Name-additional
Willie Argo,21,2011,Illinois,Big Ten,57,246,204,48,55,6,2,4,27,25,10,28,47,0.27,0.385,0.378,0.763,77,,11,2,1,,,player.fcgi?id=argo--002wil
Ryan Arrick?,--,2011,Illinois,Big Ten,12,18,18,2,5,1,0,0,1,0,0,0,1,0.278,0.278,0.333,0.611,6,,0,0,0,,,player.fcgi?id=arrick000rya
Pete Cappetta?,--,2011,Illinois,Big Ten,50,186,162,34,54,11,1,2,17,15,1,17,38,0.333,0.402,0.451,0.853,73,,3,2,2,,,player.fcgi?id=cappet000pet
Bill Charvat?,--,2011,Illinois,Big Ten,11,18,14,5,2,1,0,0,0,0,0,3,5,0.143,0.333,0.214,0.548,3,,1,0,0,,,player.fcgi?id=charva000bil
Adam Davis,21,2011,Illinois,Big Ten,57,247,224,40,65,14,1,5,33,15,4,8,39,0.29,0.352,0.429,0.781,96,,14,0,1,,,player.fcgi?id=davis-003ada
Matt Dittman?,--,2011,Illinois,Big Ten,56,232,200,36,53,11,0,7,38,2,1,20,43,0.265,0.353,0.425,0.778,85,,9,0,3,,,player.fcgi?id=dittma000mat
Davis Hendrickson?,--,2011,Illinois,Big Ten,55,214,193,27,60,5,3,2,27,9,8,14,33,0.311,0.363,0.399,0.762,77,,3,2,2,,,player.fcgi?id=hendri000dav
Brandon Hohl,20,2011,Illinois,Big Ten,55,230,193,26,60,13,2,5,39,0,1,27,36,0.311,0.415,0.477,0.892,92,,8,1,1,,,player.fcgi?id=hohl--000bra
Alex Lincoln?,--,2011,Illinois,Big Ten,5,6,6,0,0,0,0,0,0,0,0,0,4,0,0,0,0,0,,0,0,0,,,player.fcgi?id=lincol000ale
Thomas Lindauer,19,2011,Illinois,Big Ten,27,81,73,5,13,3,0,0,7,1,1,4,20,0.178,0.241,0.219,0.46,16,,2,2,0,,,player.fcgi?id=lindau000tho
Casey McMurray?,--,2011,Illinois,Big Ten,57,256,220,42,56,9,2,2,33,10,1,24,11,0.255,0.344,0.341,0.685,75,,8,0,4,,,player.fcgi?id=mcmurr000cas
Josh Parr,21,2011,Illinois,Big Ten,51,218,192,33,58,11,5,2,36,17,2,9,28,0.302,0.351,0.443,0.793,85,,8,4,5,,,player.fcgi?id=parr--000jos
Justin Parr*,20,2011,Illinois,Big Ten,54,236,208,25,66,11,4,0,32,3,5,18,34,0.317,0.362,0.409,0.771,85,,0,4,6,,,player.fcgi?id=parr--000jus
Pat Sheehan?,--,2012,Illinois,Big Ten,16,23,18,3,3,2,0,0,4,1,0,3,7,0.167,0.273,0.278,0.551,5,,0,1,1,,,player.fcgi?id=sheeha003pat
Thomas Shelton?,--,2012,Illinois,Big Ten,25,40,37,2,4,1,0,0,2,0,1,3,6,0.108,0.175,0.135,0.31,5,,0,0,0,,,player.fcgi?id=shelto000tho
Willie Argo,22,2012,Illinois,Big Ten,53,239,195,47,62,7,3,1,24,22,4,34,40,0.318,0.43,0.4,0.83,78,,6,2,2,1,,player.fcgi?id=argo--002wil
Ryan Arrick?,--,2012,Illinois,Big Ten,4,5,5,0,1,0,0,0,0,0,0,0,0,0.2,0.2,0.2,0.4,1,,0,0,0,0,,player.fcgi?id=arrick000rya
Bill Charvat?,--,2012,Illinois,Big Ten,29,66,61,8,13,4,1,1,14,3,0,3,14,0.213,0.262,0.361,0.622,22,,1,1,0,0,,player.fcgi?id=charva000bil
Josh Ferry?,--,2012,Illinois,Big Ten,13,2,1,1,0,0,0,0,0,0,0,1,1,0,0.5,0,0.5,0,,0,0,0,0,,player.fcgi?id=ferry-000jos
Chase Hainline?,--,2012,Illinois,Big Ten,2,3,3,2,2,1,0,0,1,0,0,0,0,0.667,0.667,1,1.667,3,,0,0,0,0,,player.fcgi?id=hainli000cha
Davis Hendrickson?,--,2012,Illinois,Big Ten,51,198,171,27,45,9,3,0,32,11,7,14,36,0.263,0.349,0.351,0.699,60,,10,0,3,0,,player.fcgi?id=hendri000dav
Brandon Hohl,21,2012,Illinois,Big Ten,53,230,191,34,51,1,0,5,38,4,2,27,46,0.267,0.368,0.351,0.719,67,,6,2,4,0,,player.fcgi?id=hohl--000bra
Michael Hurwitz#,19,2012,Illinois,Big Ten,28,45,40,4,3,1,1,0,0,0,0,5,13,0.075,0.178,0.15,0.328,6,,0,0,0,0,,player.fcgi?id=hurwit000mic
David Kerian#,19,2012,Illinois,Big Ten,22,31,26,4,5,0,0,0,2,1,0,5,7,0.192,0.323,0.192,0.515,5,,0,0,0,0,,player.fcgi?id=kerian000dav
Will Krug,19,2012,Illinois,Big Ten,32,62,51,10,14,2,0,0,5,3,2,7,15,0.275,0.367,0.314,0.68,16,,1,2,1,0,,player.fcgi?id=krug--000wil
Alex Lincoln?,--,2012,Illinois,Big Ten,28,37,35,2,10,0,0,0,4,1,0,0,7,0.286,0.286,0.286,0.571,10,,0,2,0,0,,player.fcgi?id=lincol000ale
Thomas Lindauer,20,2012,Illinois,Big Ten,52,237,201,37,56,9,3,0,22,15,9,26,27,0.279,0.368,0.353,0.721,71,,4,3,3,0,,player.fcgi?id=lindau000tho
Kelly Norris-Jones,20,2012,Illinois,Big Ten,46,151,128,14,34,5,0,0,14,2,1,6,28,0.266,0.349,0.305,0.654,39,,11,5,1,0,,player.fcgi?id=norris001kel
Jordan Parr,21,2012,Illinois,Big Ten,53,221,201,37,70,13,3,5,45,6,10,14,27,0.348,0.393,0.517,0.91,104,,2,2,2,1,,player.fcgi?id=parr--000jor
Justin Parr*,21,2012,Illinois,Big Ten,53,235,207,37,60,9,4,3,38,7,6,20,27,0.29,0.349,0.416,0.765,86,,1,3,4,1,,player.fcgi?id=parr--000jus
Reid Roper*,20,2012,Illinois,Big Ten,53,209,174,32,51,9,2,1,20,1,2,24,40,0.293,0.396,0.385,0.781,67,,7,2,2,0,,player.fcgi?id=roper-001rei
Thomas Shelton?,--,2012,Illinois,Big Ten,39,96,89,13,26,5,0,2,13,2,0,4,19,0.292,0.337,0.416,0.753,37,,2,1,0,1,,player.fcgi?id=shelto000tho
Jason Goldstein,19,2013,Illinois,Big Ten,43,159,143,18,33,5,1,0,11,3,0,9,21,0.231,0.286,0.28,0.565,40,,2,5,0,0,,player.fcgi?id=goldst000jas
Chase Hainline?,--,2013,Illinois,Big Ten,8,9,6,3,3,0,0,0,1,1,0,3,0,0.5,0.667,0.5,1.167,3,,0,0,0,0,,player.fcgi?id=hainli000cha
Davis Hendrickson?,--,2013,Illinois,Big Ten,45,163,138,24,37,7,1,0,14,11,6,14,40,0.268,0.367,0.333,0.7,46,,8,2,1,0,,player.fcgi?id=hendri000dav
Brandon Hohl,22,2013,Illinois,Big Ten,55,242,203,28,54,12,0,3,35,4,1,27,40,0.266,0.363,0.37,0.732,75,,6,2,4,1,,player.fcgi?id=hohl--000bra
Michael Hurwitz#,20,2013,Illinois,Big Ten,55,247,203,38,60,12,1,1,33,7,4,39,32,0.296,0.415,0.379,0.794,77,,3,1,1,0,,player.fcgi?id=hurwit000mic
David Kerian#,20,2013,Illinois,Big Ten,53,226,195,30,61,11,1,1,39,23,5,25,34,0.313,0.39,0.395,0.785,77,,1,3,2,1,,player.fcgi?id=kerian000dav
Will Krug,20,2013,Illinois,Big Ten,25,104,95,25,29,2,1,0,2,8,2,5,20,0.305,0.343,0.347,0.691,33,,1,2,1,0,,player.fcgi?id=krug--000wil
Alex Lincoln?,--,2013,Illinois,Big Ten,13,10,8,1,3,0,0,0,2,0,0,2,0,0.375,0.5,0.375,0.875,3,,0,0,0,0,,player.fcgi?id=lincol000ale
Thomas Lindauer,21,2013,Illinois,Big Ten,55,251,223,45,69,12,1,9,38,15,1,20,26,0.309,0.36,0.493,0.854,110,,0,4,4,0,,player.fcgi?id=lindau000tho
Ryan Nagle*,18,2013,Illinois,Big Ten,23,44,36,3,6,0,0,0,5,0,1,8,10,0.167,0.318,0.167,0.485,6,,0,0,0,0,,player.fcgi?id=nagle-000rya
Kelly Norris-Jones,21,2013,Illinois,Big Ten,23,55,48,3,8,2,0,0,4,0,0,3,8,0.167,0.245,0.208,0.454,10,,2,2,0,0,,player.fcgi?id=norris001kel
Jordan Parr,22,2013,Illinois,Big Ten,54,251,213,50,65,6,1,9,47,23,4,33,28,0.305,0.394,0.47,0.863,100,,0,2,3,1,,player.fcgi?id=parr--000jor
Justin Parr*,22,2013,Illinois,Big Ten,55,259,231,43,92,15,4,6,53,16,3,22,26,0.398,0.453,0.576,1.029,133,,2,3,1,3,,player.fcgi?id=parr--000jus
Reid Roper*,21,2013,Illinois,Big Ten,53,204,177,21,47,10,2,3,22,2,1,16,33,0.266,0.343,0.396,0.739,70,,6,3,2,0,,player.fcgi?id=roper-001rei
Adam Walton,19,2013,Illinois,Big Ten,11,24,18,4,4,0,0,0,1,2,0,6,1,0.222,0.417,0.222,0.639,4,,0,0,0,0,,player.fcgi?id=walton000ada
Anthony Drago*,19,2014,Illinois,Big Ten,7,8,6,1,0,0,0,0,0,0,0,2,3,0,0.25,0,0.25,0,,0,0,0,0,,player.fcgi?id=drago-000ant
Casey Fletcher*,21,2014,Illinois,Big Ten,47,192,169,24,52,6,0,6,27,2,1,21,32,0.308,0.385,0.45,0.835,76,,1,0,1,0,,player.fcgi?id=fletch000cas
Jason Goldstein,20,2014,Illinois,Big Ten,50,217,193,26,61,11,0,4,28,2,1,16,17,0.316,0.37,0.435,0.806,84,,3,1,4,1,,player.fcgi?id=goldst000jas
Richie Gorski,20,2014,Illinois,Big Ten,4,5,4,0,0,0,0,0,0,0,0,0,1,0,0.2,0,0.2,0,,1,0,0,0,,player.fcgi?id=gorski000ric
Chase Hainline?,--,2014,Illinois,Big Ten,10,6,5,3,0,0,0,0,0,1,0,1,5,0,0.167,0,0.167,0,,0,0,0,0,,player.fcgi?id=hainli000cha
Michael Hurwitz#,21,2014,Illinois,Big Ten,44,176,126,21,25,5,0,0,13,5,8,36,19,0.198,0.399,0.238,0.637,30,,8,3,3,0,,player.fcgi?id=hurwit000mic
Matthew James*,19,2014,Illinois,Big Ten,18,31,21,6,4,1,0,0,0,0,0,8,7,0.191,0.452,0.238,0.69,5,,2,0,0,0,,player.fcgi?id=james-000mat
David Kerian#,21,2014,Illinois,Big Ten,51,230,193,24,54,12,3,2,33,9,4,31,39,0.28,0.384,0.404,0.788,78,,3,1,2,0,,player.fcgi?id=kerian000dav
Zack Kolakowski,20,2014,Illinois,Big Ten,21,45,41,4,8,1,0,0,6,1,0,2,8,0.195,0.25,0.22,0.47,9,,1,1,0,0,,player.fcgi?id=kolako000zac
Will Krug,21,2014,Illinois,Big Ten,53,254,225,41,69,10,3,1,24,20,7,15,28,0.307,0.36,0.391,0.751,88,,6,4,4,1,,player.fcgi?id=krug--000wil
Pat McInerney,19,2014,Illinois,Big Ten,21,68,59,8,12,2,0,1,5,0,0,7,10,0.203,0.299,0.288,0.587,17,,1,1,0,0,,player.fcgi?id=mciner000pat
Ryan Nagle*,19,2014,Illinois,Big Ten,47,188,173,26,51,9,0,0,23,8,5,10,31,0.295,0.337,0.347,0.684,60,,2,1,2,0,,player.fcgi?id=nagle-000rya
Kelly Norris-Jones,22,2014,Illinois,Big Ten,20,60,49,5,10,4,0,0,5,1,0,6,9,0.204,0.333,0.286,0.619,14,,4,0,1,0,,player.fcgi?id=norris001kel
Reid Roper*,22,2014,Illinois,Big Ten,53,230,196,21,49,6,3,5,33,2,6,15,40,0.25,0.347,0.388,0.734,76,,15,2,2,0,,player.fcgi?id=roper-001rei
Ryne Roper,19,2014,Illinois,Big Ten,51,202,175,21,43,2,2,1,17,2,0,17,31,0.246,0.33,0.297,0.627,52,,5,5,0,0,,player.fcgi?id=roper-000ryn
Adam Walton,20,2014,Illinois,Big Ten,44,170,149,22,49,5,3,1,19,13,7,11,25,0.329,0.38,0.423,0.802,63,,3,4,3,0,,player.fcgi?id=walton000ada
Anthony Drago*,20,2015,Illinois,Big Ten,3,2,2,0,0,0,0,0,0,0,0,0,1,0,0,0,0,0,,0,0,0,0,,player.fcgi?id=drago-000ant
Josh Ferry?,--,2015,Illinois,Big Ten,5,0,0,2,0,0,0,0,0,0,0,0,0,,,,,0,,0,0,0,0,,player.fcgi?id=ferry-000jos
Casey Fletcher*,22,2015,Illinois,Big Ten,61,267,227,48,74,7,2,3,33,9,2,35,34,0.326,0.423,0.414,0.837,94,,4,0,1,2,,player.fcgi?id=fletch000cas
Jason Goldstein,21,2015,Illinois,Big Ten,59,246,206,36,59,15,0,8,47,2,1,23,22,0.286,0.369,0.476,0.845,98,,8,2,7,1,,player.fcgi?id=goldst000jas
Matthew James*,20,2015,Illinois,Big Ten,38,102,92,14,24,4,1,4,17,1,2,7,30,0.261,0.314,0.457,0.77,42,,1,0,2,0,,player.fcgi?id=james-000mat
David Kerian#,22,2015,Illinois,Big Ten,60,250,207,46,76,10,2,16,52,9,3,37,28,0.367,0.462,0.667,1.129,138,,2,1,3,3,,player.fcgi?id=kerian000dav
Zack Kolakowski,21,2015,Illinois,Big Ten,21,20,20,4,1,0,0,0,2,0,0,0,3,0.05,0.05,0.05,0.1,1,,0,0,0,0,,player.fcgi?id=kolako000zac
Will Krug,22,2015,Illinois,Big Ten,58,209,177,33,42,7,1,1,22,14,7,16,36,0.237,0.306,0.305,0.611,54,,2,13,1,0,,player.fcgi?id=krug--000wil
Pat McInerney,20,2015,Illinois,Big Ten,55,215,186,32,54,10,0,5,34,2,2,21,29,0.29,0.374,0.425,0.799,79,,4,4,0,3,,player.fcgi?id=mciner000pat
Trevor Murphy?,--,2015,Illinois,Big Ten,8,6,5,2,1,0,0,0,0,0,0,1,0,0.2,0.333,0.2,0.533,1,,0,0,0,0,,player.fcgi?id=murphy000tre
Ryan Nagle*,20,2015,Illinois,Big Ten,61,284,255,45,86,19,0,3,34,11,5,23,28,0.337,0.399,0.447,0.846,114,,4,1,1,1,,player.fcgi?id=nagle-000rya
Kelly Norris-Jones,23,2015,Illinois,Big Ten,16,22,15,2,2,0,1,0,4,0,0,6,1,0.133,0.409,0.267,0.676,4,,1,0,0,0,,player.fcgi?id=norris001kel
Reid Roper*,23,2015,Illinois,Big Ten,60,282,232,49,68,7,4,10,49,6,1,42,40,0.293,0.406,0.487,0.893,113,,4,1,3,2,,player.fcgi?id=roper-001rei
Ryne Roper,20,2015,Illinois,Big Ten,61,242,212,23,52,12,0,1,30,2,1,17,42,0.245,0.311,0.316,0.627,67,,5,4,4,0,,player.fcgi?id=roper-000ryn
Dan Rowbottom*,19,2015,Illinois,Big Ten,15,14,13,3,5,0,0,0,2,0,0,0,1,0.385,0.429,0.385,0.813,5,,1,0,0,0,,player.fcgi?id=rowbot000dan
Grey Schultz,20,2015,Illinois,Big Ten,4,4,4,0,0,0,0,0,0,0,0,0,1,0,0,0,0,0,,0,0,0,0,,player.fcgi?id=schult003gre
Mark Skonieczny,19,2015,Illinois,Big Ten,12,9,8,0,2,1,0,0,2,0,0,0,3,0.25,0.333,0.375,0.708,3,,1,0,0,0,,player.fcgi?id=skonie000mar
Adam Walton,21,2015,Illinois,Big Ten,61,294,263,50,76,13,3,3,31,11,8,24,31,0.289,0.353,0.395,0.748,104,,3,2,2,0,,player.fcgi?id=walton000ada
David Craan,19,2016,Illinois,Big Ten,20,17,17,5,2,0,0,0,0,1,0,0,9,0.118,0.118,0.118,0.235,2,,0,0,0,0,,player.fcgi?id=craan-000dav
Anthony Drago*,21,2016,Illinois,Big Ten,41,150,137,16,38,10,0,4,19,2,0,10,45,0.277,0.336,0.438,0.774,60,,2,1,0,0,,player.fcgi?id=drago-000ant
Tyler Engel,19,2016,Illinois,Big Ten,6,6,5,2,0,0,0,0,0,1,0,1,3,0,0.167,0,0.167,0,,0,0,0,0,,player.fcgi?id=engel-000tyl
Jason Goldstein,22,2016,Illinois,Big Ten,46,199,170,17,53,5,0,4,29,2,0,16,23,0.312,0.402,0.412,0.814,70,,11,0,2,0,,player.fcgi?id=goldst000jas
Ryan Haff,20,2016,Illinois,Big Ten,3,1,1,0,0,0,0,0,0,0,0,0,0,0,0,0,0,0,,0,0,0,0,,player.fcgi?id=haff--000rya
Trent Hammond,21,2016,Illinois,Big Ten,50,186,162,16,39,8,0,2,18,3,1,13,43,0.241,0.311,0.327,0.638,53,,4,6,1,0,,player.fcgi?id=hammon000tre
Michael Hurwitz#,23,2016,Illinois,Big Ten,51,217,181,32,50,10,0,1,16,0,1,27,28,0.276,0.392,0.348,0.74,63,,8,0,1,0,,player.fcgi?id=hurwit000mic
Matthew James*,21,2016,Illinois,Big Ten,24,53,44,6,10,2,0,2,4,0,1,9,15,0.227,0.359,0.409,0.768,18,,0,0,0,0,,player.fcgi?id=james-000mat
Zack Kolakowski,22,2016,Illinois,Big Ten,8,15,10,1,1,0,0,0,0,0,0,4,1,0.1,0.4,0.1,0.5,1,,1,0,0,0,,player.fcgi?id=kolako000zac
Caleb Kyle*,--,2016,Illinois,Big Ten,3,8,6,0,1,0,0,0,1,0,0,2,3,0.167,0.375,0.167,0.542,1,,0,0,0,0,,player.fcgi?id=kyle--000cal
Pat McInerney,21,2016,Illinois,Big Ten,51,219,193,28,58,9,0,7,27,3,1,19,38,0.301,0.373,0.456,0.829,88,,4,2,1,0,,player.fcgi?id=mciner000pat
Jalin McMilan?,--,2016,Illinois,Big Ten,14,20,19,1,4,0,0,1,1,0,0,1,5,0.211,0.25,0.368,0.618,7,,0,0,0,0,,player.fcgi?id=mcmila000jal
Dan Rowbottom*,20,2016,Illinois,Big Ten,46,186,161,15,43,6,0,0,18,4,0,18,11,0.267,0.344,0.304,0.649,49,,2,3,2,1,,player.fcgi?id=rowbot000dan
Grey Schultz,21,2016,Illinois,Big Ten,1,1,1,0,0,0,0,0,0,0,0,0,0,0,0,0,0,0,,0,0,0,0,,player.fcgi?id=schult003gre
Luke Shilling,18,2016,Illinois,Big Ten,22,60,51,7,9,3,0,1,7,0,0,7,12,0.177,0.283,0.294,0.577,15,,1,0,1,0,,player.fcgi?id=shilli000luk
Mark Skonieczny,20,2016,Illinois,Big Ten,17,42,36,4,5,1,1,0,8,0,1,6,9,0.139,0.262,0.222,0.484,8,,0,0,0,0,,player.fcgi?id=skonie000mar
Bren Spillane,19,2016,Illinois,Big Ten,5,10,9,0,0,0,0,0,0,0,0,1,7,0,0.1,0,0.1,0,,0,0,0,0,,player.fcgi?id=spilla000bre
Doran Turchin,18,2016,Illinois,Big Ten,51,218,195,27,45,7,2,4,25,9,2,18,58,0.231,0.293,0.349,0.642,68,,0,3,2,1,,player.fcgi?id=turchi000dor
Adam Walton,22,2016,Illinois,Big Ten,49,220,188,29,44,10,1,0,10,16,1,23,36,0.234,0.323,0.298,0.621,56,,3,3,3,0,,player.fcgi?id=walton000ada
Jack Yalowitz*,19,2016,Illinois,Big Ten,47,177,141,20,32,4,1,1,22,13,6,23,25,0.227,0.351,0.291,0.642,41,,5,6,2,0,,player.fcgi?id=yalowi000jac
David Craan,20,2017,Illinois,Big Ten,34,112,98,15,13,2,0,2,8,6,0,13,40,0.133,0.241,0.214,0.455,21,,1,0,0,0,,player.fcgi?id=craan-000dav
Casey Dodge,20,2017,Illinois,Big Ten,47,191,164,18,46,8,0,1,18,0,0,23,32,0.281,0.368,0.348,0.716,57,,1,1,2,0,,player.fcgi?id=dodge-000cas
Anthony Drago*,22,2017,Illinois,Big Ten,22,37,34,3,7,2,0,1,4,0,0,2,13,0.206,0.243,0.353,0.596,12,,0,0,1,0,,player.fcgi?id=drago-000ant
Tyler Engel,20,2017,Illinois,Big Ten,26,53,49,6,11,3,1,0,8,0,2,2,17,0.225,0.264,0.327,0.591,16,,1,0,1,0,,player.fcgi?id=engel-000tyl
Ryan Haff,21,2017,Illinois,Big Ten,17,13,12,5,2,2,0,0,0,0,1,1,7,0.167,0.231,0.333,0.564,4,,0,0,0,0,,player.fcgi?id=haff--000rya
Trent Hammond,22,2017,Illinois,Big Ten,49,172,145,20,30,6,1,3,18,1,0,17,44,0.207,0.31,0.324,0.634,47,,5,4,1,0,,player.fcgi?id=hammon000tre
Matthew James*,22,2017,Illinois,Big Ten,18,2,2,1,1,0,1,0,3,0,0,0,1,0.5,0.5,1.5,2,3,,0,0,0,0,,player.fcgi?id=james-000mat
Zack Kolakowski,23,2017,Illinois,Big Ten,20,16,14,3,1,0,0,0,0,0,0,2,2,0.071,0.188,0.071,0.259,1,,0,0,0,0,,player.fcgi?id=kolako000zac
Michael Massey*,19,2017,Illinois,Big Ten,51,223,209,22,69,12,1,6,36,4,3,10,16,0.33,0.36,0.483,0.844,101,,1,1,2,0,,player.fcgi?id=massey001mic
Pat McInerney,22,2017,Illinois,Big Ten,51,233,194,42,60,10,0,15,44,8,1,33,40,0.309,0.416,0.593,1.009,115,,4,0,2,3,,player.fcgi?id=mciner000pat
Jalin McMilan?,--,2017,Illinois,Big Ten,11,16,13,1,1,1,0,0,2,0,0,3,6,0.077,0.25,0.154,0.404,2,,0,0,0,0,,player.fcgi?id=mcmila000jal
Dan Rowbottom*,21,2017,Illinois,Big Ten,35,98,83,14,17,2,0,3,12,0,0,12,7,0.205,0.313,0.337,0.65,28,,1,2,0,2,,player.fcgi?id=rowbot000dan
Mark Skonieczny,21,2017,Illinois,Big Ten,28,101,92,12,21,2,2,2,11,1,0,5,23,0.228,0.28,0.359,0.639,33,,2,1,1,0,,player.fcgi?id=skonie000mar
Bren Spillane,20,2017,Illinois,Big Ten,36,127,112,22,33,6,1,5,23,3,2,14,32,0.295,0.378,0.5,0.878,56,,1,0,0,0,,player.fcgi?id=spilla000bre
Ben Troike,19,2017,Illinois,Big Ten,50,218,192,33,45,4,1,0,20,10,4,17,20,0.234,0.309,0.266,0.574,51,,5,1,3,0,,player.fcgi?id=troike000ben
Doran Turchin,19,2017,Illinois,Big Ten,49,199,167,33,46,11,0,8,19,4,1,26,58,0.275,0.386,0.485,0.871,81,,4,2,0,0,,player.fcgi?id=turchi000dor
Jack Yalowitz*,20,2017,Illinois,Big Ten,49,231,200,42,67,9,3,12,44,10,5,23,30,0.335,0.409,0.59,0.999,118,,4,1,3,3,,player.fcgi?id=yalowi000jac
David Craan,21,2018,Illinois,Big Ten,27,36,29,7,4,1,0,1,1,1,1,2,10,0.138,0.242,0.276,0.518,8,,2,3,0,0,,player.fcgi?id=craan-000dav
Casey Dodge,21,2018,Illinois,Big Ten,12,16,13,0,2,0,0,0,0,0,0,2,2,0.154,0.267,0.154,0.421,2,,0,1,0,0,,player.fcgi?id=dodge-000cas
Andrew Dyke,20,2018,Illinois,Big Ten,10,22,15,3,1,1,0,0,2,1,0,7,5,0.067,0.364,0.133,0.497,2,,0,0,0,0,,player.fcgi?id=dyke--000and
Tyler Engel,21,2018,Illinois,Big Ten,20,11,8,4,2,0,0,0,0,2,0,1,4,0.25,0.4,0.25,0.65,2,,1,1,0,0,,player.fcgi?id=engel-000tyl
Ryan Haff,22,2018,Illinois,Big Ten,16,16,15,1,3,0,0,0,3,0,0,0,6,0.2,0.2,0.2,0.4,3,,0,1,0,0,,player.fcgi?id=haff--000rya
Jeff Korte*,--,2018,Illinois,Big Ten,50,192,165,16,43,11,0,3,26,0,0,16,21,0.261,0.347,0.382,0.729,63,,7,2,2,0,,player.fcgi?id=korte-000jef
Michael Massey*,20,2018,Illinois,Big Ten,53,237,218,34,71,17,3,6,46,2,0,12,25,0.326,0.369,0.514,0.882,112,,4,1,2,1,,player.fcgi?id=massey001mic
Michael Michalak,20,2018,Illinois,Big Ten,43,165,142,23,40,7,0,1,17,3,0,18,25,0.282,0.37,0.352,0.722,50,,3,0,2,0,,player.fcgi?id=michal002mic
Mark Skonieczny,22,2018,Illinois,Big Ten,15,38,32,1,2,0,0,0,2,0,0,4,8,0.063,0.211,0.063,0.273,2,,2,0,0,0,,player.fcgi?id=skonie000mar
Bren Spillane,21,2018,Illinois,Big Ten,50,219,175,57,68,17,2,23,60,16,8,36,57,0.389,0.498,0.903,1.401,158,,5,0,3,5,,player.fcgi?id=spilla000bre
Zac Taylor,22,2018,Illinois,Big Ten,53,258,217,41,49,12,1,10,37,10,3,31,38,0.226,0.332,0.429,0.761,93,,5,2,3,0,,player.fcgi?id=taylor003zac
Ben Troike,20,2018,Illinois,Big Ten,53,254,211,39,63,8,1,4,30,10,0,25,34,0.299,0.402,0.403,0.805,85,,13,3,2,0,,player.fcgi?id=troike000ben
Doran Turchin,20,2018,Illinois,Big Ten,53,231,191,46,52,13,2,9,32,11,2,34,49,0.272,0.387,0.503,0.89,96,,3,1,2,1,,player.fcgi?id=turchi000dor
Grant Van Scoy,20,2018,Illinois,Big Ten,51,208,175,27,41,8,1,1,22,2,0,21,33,0.234,0.322,0.309,0.631,54,,4,3,5,0,,player.fcgi?id=vansco000gra
Jack Yalowitz*,21,2018,Illinois,Big Ten,53,234,199,33,43,9,0,4,30,4,2,19,42,0.216,0.304,0.322,0.626,64,,8,4,4,0,,player.fcgi?id=yalowi000jac
Jacob Campbell,19,2019,Illinois,Big Ten,33,114,97,14,19,4,0,2,11,1,0,8,28,0.196,0.286,0.299,0.585,29,,5,2,2,0,,player.fcgi?id=campbe008jac
Branden Comia,19,2019,Illinois,Big Ten,46,206,184,22,47,5,2,4,22,0,2,14,48,0.255,0.322,0.37,0.692,68,,5,1,2,0,,player.fcgi?id=comia-000bra
David Craan,22,2019,Illinois,Big Ten,41,14,12,7,3,1,0,1,4,2,0,0,4,0.25,0.231,0.583,0.814,7,,0,1,1,0,,player.fcgi?id=craan-000dav
Casey Dodge,22,2019,Illinois,Big Ten,15,20,12,1,2,0,0,1,2,0,0,3,4,0.167,0.375,0.417,0.792,5,,1,4,0,0,,player.fcgi?id=dodge-000cas
Andrew Dyke,21,2019,Illinois,Big Ten,40,57,52,11,11,4,0,0,2,1,0,4,17,0.212,0.281,0.289,0.569,15,,1,0,0,0,,player.fcgi?id=dyke--000and
Tyler Engel,22,2019,Illinois,Big Ten,18,3,3,1,0,0,0,0,0,0,0,0,3,0,0,0,0,0,,0,0,0,0,,player.fcgi?id=engel-000tyl
Ryan Haff,23,2019,Illinois,Big Ten,14,13,12,1,1,1,0,0,0,0,0,0,5,0.083,0.154,0.167,0.321,2,,1,0,0,0,,player.fcgi?id=haff--000rya
Jeff Korte*,--,2019,Illinois,Big Ten,37,127,106,10,24,2,2,3,23,0,0,11,9,0.226,0.304,0.368,0.672,39,,3,2,5,1,,player.fcgi?id=korte-000jef
Michael Massey*,21,2019,Illinois,Big Ten,55,249,218,31,69,14,1,5,28,2,1,20,33,0.317,0.373,0.459,0.831,100,,3,2,6,3,,player.fcgi?id=massey001mic
Cam McDonald,19,2019,Illinois,Big Ten,57,248,224,28,63,4,1,1,34,5,3,16,31,0.281,0.335,0.321,0.656,72,,3,3,2,1,,player.fcgi?id=mcdona000cam
Michael Michalak,21,2019,Illinois,Big Ten,45,140,115,17,31,7,0,0,9,7,1,16,21,0.27,0.367,0.33,0.697,38,,4,1,4,0,,player.fcgi?id=michal002mic
Kellen Sarver*,20,2019,Illinois,Big Ten,57,238,197,24,53,9,2,4,29,2,2,35,37,0.269,0.381,0.396,0.777,78,,2,2,2,0,,player.fcgi?id=sarver000kel
Zac Taylor,23,2019,Illinois,Big Ten,43,193,165,39,53,12,3,10,29,23,3,21,42,0.321,0.405,0.612,1.017,101,,3,3,1,2,,player.fcgi?id=taylor003zac
Ben Troike,21,2019,Illinois,Big Ten,45,208,177,28,46,13,1,2,21,4,1,19,22,0.26,0.348,0.379,0.727,67,,6,4,2,0,,player.fcgi?id=troike000ben
Grant Van Scoy,21,2019,Illinois,Big Ten,56,212,176,28,61,13,1,2,22,1,1,27,40,0.347,0.442,0.466,0.908,82,,4,4,1,0,,player.fcgi?id=vansco000gra
Jack Yalowitz*,22,2019,Illinois,Big Ten,56,239,210,33,62,15,1,5,31,11,0,23,34,0.295,0.371,0.448,0.819,94,,3,2,1,1,,player.fcgi?id=yalowi000jac
Nathan Aide,21,2020,Illinois,Big Ten,9,32,29,7,8,2,0,1,6,1,1,3,8,0.276,0.344,0.448,0.792,13,,0,0,0,0,,player.fcgi?id=aide--000nat
Jacob Campbell,20,2020,Illinois,Big Ten,12,44,35,3,7,1,0,0,7,0,1,3,13,0.2,0.349,0.229,0.577,8,,5,1,0,0,,player.fcgi?id=campbe008jac
Branden Comia,20,2020,Illinois,Big Ten,13,58,47,8,20,3,2,2,10,1,0,6,12,0.426,0.526,0.702,1.228,33,,4,1,0,1,,player.fcgi?id=comia-000bra
Danny Doligale*,19,2020,Illinois,Big Ten,12,46,38,6,12,1,1,0,3,6,0,6,7,0.316,0.422,0.395,0.817,15,,1,1,0,0,,player.fcgi?id=doliga000dan
Andrew Dyke,22,2020,Illinois,Big Ten,9,19,16,3,1,1,0,0,0,0,0,2,5,0.063,0.211,0.125,0.336,2,,1,0,0,0,,player.fcgi?id=dyke--000and
Brody Harding*,19,2020,Illinois,Big Ten,13,53,42,6,5,0,0,0,3,2,1,8,8,0.119,0.275,0.119,0.394,5,,1,2,0,0,,player.fcgi?id=hardin001bro
Taylor Jackson,21,2020,Illinois,Big Ten,13,60,54,10,16,1,0,1,3,3,1,4,12,0.296,0.35,0.37,0.72,20,,1,0,1,0,,player.fcgi?id=jackso000tay
Justin Janas*,19,2020,Illinois,Big Ten,6,8,6,0,0,0,0,0,0,0,0,0,1,0,0.25,0,0.25,0,,2,0,0,0,,player.fcgi?id=janas-000jus
Andrew Kim*,19,2020,Illinois,Big Ten,1,1,1,0,0,0,0,0,0,0,0,0,0,0,0,0,0,0,,0,0,0,0,,player.fcgi?id=kim---002and
Cam McDonald,20,2020,Illinois,Big Ten,13,51,47,3,7,2,0,0,4,2,0,2,11,0.149,0.2,0.192,0.392,9,,1,1,0,0,,player.fcgi?id=mcdona000cam
Garrett McGowan*,21,2020,Illinois,Big Ten,7,16,13,2,3,1,0,1,1,0,0,3,3,0.231,0.375,0.539,0.914,7,,0,0,0,0,,player.fcgi?id=mcgowa000gar
Nick Menken,23,2020,Illinois,Big Ten,6,14,14,2,1,0,0,0,1,0,0,0,5,0.071,0.071,0.071,0.143,1,,0,0,0,0,,player.fcgi?id=menken000nic
Will Pudik,--,2020,Illinois,Big Ten,1,1,1,0,0,0,0,0,0,0,0,0,0,0,0,0,0,0,,0,0,0,0,,player.fcgi?id=pudik-000wil
Kellen Sarver*,21,2020,Illinois,Big Ten,13,56,47,2,11,3,0,0,10,0,2,6,8,0.234,0.357,0.298,0.655,14,,3,0,0,0,,player.fcgi?id=sarver000kel
Alex Steinbach,21,2020,Illinois,Big Ten,12,37,30,2,9,2,1,0,1,0,0,6,12,0.3,0.432,0.433,0.866,13,,1,0,0,0,,player.fcgi?id=steinb000ale
Xavier Watson,19,2020,Illinois,Big Ten,3,4,4,0,0,0,0,0,0,0,0,0,2,0,0,0,0,0,,0,0,0,0,,player.fcgi?id=watson000xav
Nathan Aide,22,2021,Illinois,Big Ten,31,101,91,17,26,3,1,1,9,6,1,9,25,0.286,0.356,0.374,0.73,34,,1,0,0,0,,player.fcgi?id=aide--000nat
Jacob Campbell,21,2021,Illinois,Big Ten,30,112,97,15,29,6,0,6,28,3,0,7,30,0.299,0.369,0.546,0.916,53,,5,1,2,0,,player.fcgi?id=campbe008jac
Branden Comia,21,2021,Illinois,Big Ten,44,198,155,34,50,10,0,3,28,3,4,27,34,0.323,0.457,0.445,0.902,69,,13,1,2,3,,player.fcgi?id=comia-000bra
Danny Doligale*,20,2021,Illinois,Big Ten,14,54,46,7,9,2,0,0,1,2,0,7,10,0.196,0.302,0.239,0.541,11,,0,1,0,0,,player.fcgi?id=doliga000dan
Ryan Hampe,20,2021,Illinois,Big Ten,37,152,140,20,37,9,0,6,26,0,0,10,28,0.264,0.309,0.457,0.766,64,,0,0,2,0,,player.fcgi?id=hampe-000rya
Brody Harding*,20,2021,Illinois,Big Ten,22,69,54,10,11,3,0,1,3,0,0,12,11,0.204,0.368,0.315,0.682,17,,2,1,0,0,,player.fcgi?id=hardin001bro
Zak Hartleb*,21,2021,Illinois,Big Ten,12,11,10,1,3,1,0,0,0,0,0,1,6,0.3,0.364,0.4,0.764,4,,0,0,0,0,,player.fcgi?id=hartle000zak
Cal Hejza,19,2021,Illinois,Big Ten,26,64,53,9,11,1,0,1,9,1,0,7,17,0.208,0.29,0.283,0.573,15,,0,2,2,0,,player.fcgi?id=hejza-000cal
Taylor Jackson,22,2021,Illinois,Big Ten,44,208,174,38,42,7,1,3,19,7,2,26,32,0.241,0.358,0.345,0.702,60,,6,1,1,0,,player.fcgi?id=jackso000tay
Justin Janas*,20,2021,Illinois,Big Ten,42,179,138,32,54,6,1,0,28,0,0,20,19,0.391,0.506,0.449,0.955,62,,16,1,4,2,,player.fcgi?id=janas-000jus
Tom Jurack,19,2021,Illinois,Big Ten,15,15,13,1,2,1,0,0,3,0,0,2,5,0.154,0.267,0.231,0.498,3,,0,0,0,0,,player.fcgi?id=jurack000tom
Andrew Kim*,20,2021,Illinois,Big Ten,22,24,21,3,3,0,0,1,3,1,0,3,8,0.143,0.25,0.286,0.536,6,,0,0,0,0,,player.fcgi?id=kim---002and
Cam McDonald,21,2021,Illinois,Big Ten,44,188,169,30,42,9,0,3,27,3,1,16,30,0.249,0.317,0.355,0.672,60,,1,2,0,0,,player.fcgi?id=mcdona000cam
Connor Milton,19,2021,Illinois,Big Ten,15,9,9,3,1,0,0,0,0,0,0,0,4,0.111,0.111,0.111,0.222,1,,0,0,0,0,,player.fcgi?id=milton000con
Jackson Raper*,23,2021,Illinois,Big Ten,44,194,161,39,50,11,1,13,44,4,2,29,32,0.311,0.423,0.634,1.056,102,,3,0,1,0,,player.fcgi?id=raper-000jac
Kellen Sarver*,22,2021,Illinois,Big Ten,40,154,129,25,37,8,0,8,33,1,0,17,29,0.287,0.362,0.535,0.897,69,,1,2,5,3,,player.fcgi?id=sarver000kel
Xavier Watson,20,2021,Illinois,Big Ten,18,32,27,6,4,1,0,1,2,0,0,4,16,0.148,0.25,0.296,0.546,8,,0,0,1,0,,player.fcgi?id=watson000xav
Jacob Campbell,22,2022,Illinois,Big Ten,52,236,210,41,54,11,1,8,43,6,1,15,42,0.257,0.331,0.433,0.764,91,5,9,0,2,0,,player.fcgi?id=campbe008jac
Branden Comia,22,2022,Illinois,Big Ten,53,259,220,54,71,19,2,7,50,4,2,28,63,0.323,0.419,0.523,0.941,115,4,9,1,1,2,,player.fcgi?id=comia-000bra
Jared Comia*,--,2022,Illinois,Big Ten,8,9,8,2,1,0,0,0,0,0,0,1,5,0.125,0.222,0.125,0.347,1,0,0,0,0,0,,player.fcgi?id=comia-000jar
Danny Doligale*,21,2022,Illinois,Big Ten,51,251,213,51,72,14,2,3,22,18,1,32,44,0.338,0.434,0.465,0.899,99,3,4,2,0,3,,player.fcgi?id=doliga000dan
Ryan Hampe,21,2022,Illinois,Big Ten,30,107,95,11,24,1,0,2,9,0,1,10,18,0.253,0.327,0.326,0.653,31,2,1,0,1,0,,player.fcgi?id=hampe-000rya
Brody Harding*,21,2022,Illinois,Big Ten,52,216,170,33,44,11,0,2,14,5,2,36,26,0.259,0.398,0.359,0.757,61,4,4,5,1,1,,player.fcgi?id=hardin001bro
Zak Hartleb*,22,2022,Illinois,Big Ten,10,11,10,2,2,0,0,0,2,0,0,1,3,0.2,0.273,0.2,0.473,2,0,0,0,0,0,,player.fcgi?id=hartle000zak
Cal Hejza,20,2022,Illinois,Big Ten,51,204,157,30,35,6,0,1,20,3,1,30,39,0.223,0.354,0.28,0.634,44,4,4,9,4,3,,player.fcgi?id=hejza-000cal
Taylor Jackson,23,2022,Illinois,Big Ten,45,155,136,23,39,10,1,6,26,6,1,14,24,0.287,0.366,0.507,0.873,69,0,3,2,0,0,,player.fcgi?id=jackso000tay
Justin Janas*,21,2022,Illinois,Big Ten,47,227,175,46,61,11,2,6,37,0,0,28,24,0.349,0.493,0.537,1.031,94,5,23,0,1,7,,player.fcgi?id=janas-000jus
Camden Janik,19,2022,Illinois,Big Ten,13,16,13,4,5,0,0,2,3,0,0,3,1,0.385,0.5,0.846,1.346,11,0,0,0,0,0,,player.fcgi?id=janik-000cam
Tom Jurack,20,2022,Illinois,Big Ten,6,7,6,2,1,0,0,0,1,0,0,1,3,0.167,0.286,0.167,0.452,1,0,0,0,0,0,,player.fcgi?id=jurack000tom
Andrew Kim*,21,2022,Illinois,Big Ten,16,9,7,4,2,0,0,1,4,0,0,2,4,0.286,0.444,0.714,1.159,5,0,0,0,0,0,,player.fcgi?id=kim---002and
Cam McDonald,22,2022,Illinois,Big Ten,53,241,212,39,77,17,2,7,59,2,3,15,34,0.363,0.413,0.561,0.974,119,2,7,1,6,0,,player.fcgi?id=mcdona000cam
Connor Milton,20,2022,Illinois,Big Ten,15,10,9,2,2,1,0,0,1,1,1,1,3,0.222,0.3,0.333,0.633,3,0,0,0,0,0,,player.fcgi?id=milton000con
Ryan Moerman,18,2022,Illinois,Big Ten,26,75,61,10,15,4,0,0,7,0,0,9,20,0.246,0.378,0.312,0.69,19,0,4,1,0,0,,player.fcgi?id=moerma000rya
Kellen Sarver*,23,2022,Illinois,Big Ten,48,179,151,19,37,9,0,3,31,1,1,19,26,0.245,0.358,0.364,0.722,55,4,8,0,1,0,,player.fcgi?id=sarver000kel
Tyler Thompson?,--,2022,Illinois,Big Ten,13,25,23,1,3,1,0,0,1,0,0,1,7,0.13,0.16,0.174,0.334,4,0,0,0,1,0,,player.fcgi?id=thomps008tyl
Xavier Watson,21,2022,Illinois,Big Ten,7,7,4,1,0,0,0,0,0,0,0,3,2,0,0.429,0,0.429,0,0,0,0,0,0,,player.fcgi?id=watson000xav
Gavin Bennett*,20,2023,Illinois,Big Ten,14,14,11,2,3,1,0,1,5,0,0,2,5,0.273,0.429,0.636,1.065,7,0,1,0,0,0,,player.fcgi?id=bennet000gav
Branden Comia,23,2023,Illinois,Big Ten,52,246,209,40,59,16,0,12,44,2,1,21,67,0.282,0.38,0.531,0.911,111,3,13,1,2,0,,player.fcgi?id=comia-000bra
Danny Doligale*,22,2023,Illinois,Big Ten,46,218,167,35,37,8,1,5,20,2,4,38,58,0.222,0.385,0.371,0.756,62,1,7,5,1,0,,player.fcgi?id=doliga000dan
Brody Harding*,22,2023,Illinois,Big Ten,50,180,143,25,39,8,0,2,21,6,2,24,35,0.273,0.394,0.371,0.765,53,2,6,5,2,0,,player.fcgi?id=hardin001bro
Zak Hartleb*,23,2023,Illinois,Big Ten,11,12,8,2,1,0,0,0,1,0,0,3,3,0.125,0.364,0.125,0.489,1,1,0,1,0,0,,player.fcgi?id=hartle000zak
Cal Hejza,21,2023,Illinois,Big Ten,51,213,184,29,42,8,0,5,26,8,1,25,50,0.228,0.326,0.353,0.679,65,5,2,1,1,0,,player.fcgi?id=hejza-000cal
Camden Janik,20,2023,Illinois,Big Ten,51,230,185,38,57,9,1,9,27,1,0,34,35,0.308,0.435,0.514,0.948,95,3,9,0,2,0,,player.fcgi?id=janik-000cam
Cam McDonald,23,2023,Illinois,Big Ten,52,252,226,39,65,12,1,8,38,2,0,16,39,0.288,0.357,0.456,0.813,103,9,9,0,1,0,,player.fcgi?id=mcdona000cam
Connor Milton,21,2023,Illinois,Big Ten,31,59,50,8,7,3,0,0,2,3,1,9,19,0.14,0.271,0.2,0.471,10,0,0,0,0,0,,player.fcgi?id=milton000con
Ryan Moerman,19,2023,Illinois,Big Ten,49,218,190,39,57,11,0,12,44,3,0,16,53,0.3,0.372,0.547,0.919,104,4,8,0,4,0,,player.fcgi?id=moerma000rya
Coltin Quagliano,20,2023,Illinois,Big Ten,27,69,59,14,16,1,0,3,9,0,0,7,15,0.271,0.377,0.441,0.818,26,2,3,0,0,0,,player.fcgi?id=quagli000col
Jake Schroeder,22,2023,Illinois,Big Ten,39,163,134,29,38,5,1,14,40,2,1,21,42,0.284,0.405,0.649,1.054,87,4,7,0,1,1,,player.fcgi?id=schroe002jac
Christian Smith*,20,2023,Illinois,Big Ten,16,36,32,7,9,4,1,0,2,0,0,2,16,0.281,0.343,0.469,0.812,15,0,1,1,0,0,,player.fcgi?id=smith-027chr
Xavier Watson,22,2023,Illinois,Big Ten,12,8,7,1,0,0,0,0,0,0,0,0,4,0,0.125,0,0.125,0,0,1,0,0,0,,player.fcgi?id=watson000xav
Drake Westcott*,21,2023,Illinois,Big Ten,51,235,201,44,60,3,0,18,47,1,1,30,48,0.299,0.392,0.582,0.974,117,3,2,0,2,0,,player.fcgi?id=westco000dra
Gavin Bennett*,21,2024,Illinois,Big Ten,11,19,18,1,4,0,0,0,0,0,0,1,4,0.222,0.263,0.222,0.485,4,1,0,0,0,0,,player.fcgi?id=bennet000gav
Asher Bradd,23,2024,Illinois,Big Ten,33,47,41,1,8,0,0,0,3,1,1,5,4,0.195,0.277,0.195,0.472,8,0,0,0,1,0,,player.fcgi?id=bradd-000ash
Cameron Chee-Aloy,19,2024,Illinois,Big Ten,31,147,120,34,40,6,2,4,22,5,2,17,18,0.333,0.441,0.517,0.958,62,0,7,2,1,0,,player.fcgi?id=chee-a000cam
Jayden Comia,20,2024,Illinois,Big Ten,9,6,5,1,0,0,0,0,1,0,0,1,1,0,0.167,0,0.167,0,0,0,0,0,0,,player.fcgi?id=comia-000jay
Brody Harding*,23,2024,Illinois,Big Ten,56,243,209,45,66,11,0,10,40,2,3,25,22,0.316,0.394,0.512,0.906,107,3,2,7,0,0,,player.fcgi?id=hardin001bro
Cal Hejza,22,2024,Illinois,Big Ten,56,275,217,56,59,8,2,5,32,9,4,37,53,0.272,0.413,0.396,0.809,86,1,15,6,0,0,,player.fcgi?id=hejza-000cal
Camden Janik,21,2024,Illinois,Big Ten,56,266,225,44,80,15,2,7,49,1,1,29,11,0.356,0.44,0.533,0.973,120,7,8,0,4,0,,player.fcgi?id=janik-000cam
Collin Jennings*,19,2024,Illinois,Big Ten,11,13,6,1,0,0,0,0,1,0,0,5,3,0,0.462,0,0.462,0,0,1,0,1,0,,player.fcgi?id=jennin000col
Connor Milton,22,2024,Illinois,Big Ten,51,135,110,30,34,5,0,8,17,2,2,21,33,0.309,0.433,0.573,1.006,63,2,3,1,0,0,,player.fcgi?id=milton000con
Ryan Moerman,20,2024,Illinois,Big Ten,53,228,193,47,50,5,0,19,53,1,0,20,48,0.259,0.37,0.58,0.95,112,5,14,1,0,0,,player.fcgi?id=moerma000rya
Coltin Quagliano,21,2024,Illinois,Big Ten,56,239,214,42,65,12,1,9,55,0,0,16,37,0.304,0.354,0.495,0.85,106,8,3,2,4,0,,player.fcgi?id=quagli000col
Reagan Reeder,19,2024,Illinois,Big Ten,7,7,6,0,0,0,0,0,0,0,0,1,5,0,0.143,0,0.143,0,0,0,0,0,0,,player.fcgi?id=reeder000rea
Jake Schroeder,23,2024,Illinois,Big Ten,47,196,160,46,49,7,0,14,41,4,0,26,50,0.306,0.434,0.613,1.046,98,2,10,0,0,0,,player.fcgi?id=schroe002jac
Christian Smith*,21,2024,Illinois,Big Ten,12,9,9,1,1,1,0,0,1,0,0,0,7,0.111,0.111,0.222,0.333,2,0,0,0,0,0,,player.fcgi?id=smith-027chr
Vytas Valincius,21,2024,Illinois,Big Ten,54,240,195,43,52,10,1,12,50,0,0,37,51,0.267,0.396,0.513,0.909,100,7,6,0,2,0,,player.fcgi?id=valinc000vyt
Drake Westcott*,22,2024,Illinois,Big Ten,55,261,210,50,61,11,0,16,52,0,0,47,66,0.291,0.422,0.571,0.993,120,4,2,0,2,2,,player.fcgi?id=westco000dra
Gavin Bennett*,22,2025,Illinois,Big Ten,5,6,3,0,0,0,0,0,0,0,0,3,2,0,0.5,0,0.5,0,0,0,0,0,0,,player.fcgi?id=bennet000gav
Cameron Chee-Aloy,20,2025,Illinois,Big Ten,52,239,188,54,50,9,1,3,23,11,3,39,35,0.266,0.414,0.372,0.786,70,4,9,2,1,0,,player.fcgi?id=chee-a000cam
Nick Groves*,21,2025,Illinois,Big Ten,43,203,148,40,48,9,0,0,18,15,4,40,31,0.324,0.493,0.385,0.878,57,2,11,2,2,0,,player.fcgi?id=groves000nic
Collin Jennings*,20,2025,Illinois,Big Ten,48,194,161,43,46,10,2,16,61,6,0,25,41,0.286,0.407,0.671,1.078,108,3,8,0,0,0,,player.fcgi?id=jennin000col
Will Johannes,21,2025,Illinois,Big Ten,21,60,53,11,14,0,0,4,16,0,2,4,23,0.264,0.333,0.491,0.824,26,0,2,0,1,0,,player.fcgi?id=johann001wil
Greg LaChance,21,2025,Illinois,Big Ten,29,122,94,30,29,5,0,4,27,5,0,22,28,0.309,0.446,0.489,0.936,46,3,3,1,2,0,,player.fcgi?id=lachan000gre
Luke Landrus,19,2025,Illinois,Big Ten,12,16,12,4,1,0,0,0,0,0,0,4,3,0.083,0.313,0.083,0.396,1,0,0,0,0,0,,player.fcgi?id=landru000luk
Brayden Mazzacano*,19,2025,Illinois,Big Ten,20,8,5,0,0,0,0,0,1,0,0,3,1,0,0.375,0,0.375,0,0,0,0,0,0,,player.fcgi?id=mazzac000bra
Coltin Quagliano,22,2025,Illinois,Big Ten,51,201,173,36,46,11,2,4,23,1,2,16,29,0.266,0.34,0.422,0.762,73,8,5,4,3,0,,player.fcgi?id=quagli000col
Reagan Reeder,20,2025,Illinois,Big Ten,3,4,3,0,0,0,0,0,0,0,0,1,1,0,0.25,0,0.25,0,0,0,0,0,0,,player.fcgi?id=reeder000rea
Grant Ross,22,2025,Illinois,Big Ten,39,134,96,23,26,4,0,1,19,6,2,26,19,0.271,0.47,0.344,0.814,33,2,11,0,1,0,,player.fcgi?id=ross--000gra
Jake Schroeder,24,2025,Illinois,Big Ten,43,163,135,26,36,6,1,11,24,4,2,18,41,0.267,0.389,0.57,0.959,77,1,9,1,0,0,,player.fcgi?id=schroe002jac
Kyle Schupmann,21,2025,Illinois,Big Ten,52,234,198,49,57,8,2,13,44,6,1,26,51,0.288,0.389,0.546,0.934,108,5,8,0,2,0,,player.fcgi?id=schupm000kyl
Vytas Valincius,22,2025,Illinois,Big Ten,53,242,204,42,71,14,0,7,58,11,1,33,28,0.348,0.434,0.52,0.954,106,5,1,0,4,1,,player.fcgi?id=valinc000vyt
Drake Westcott*,23,2025,Illinois,Big Ten,39,151,126,22,29,5,0,9,32,0,0,23,39,0.23,0.344,0.484,0.829,61,2,0,0,2,0,,player.fcgi?id=westco000dra
Jack Zebig*,21,2025,Illinois,Big Ten,54,254,211,45,64,10,2,8,47,4,0,35,38,0.303,0.409,0.483,0.893,102,6,5,0,3,1,,player.fcgi?id=zebig-000jac
Cameron Chee-Aloy,21,2026,Illinois,Big Ten,20,52,40,4,6,0,0,0,3,1,1,8,7,0.15,0.327,0.15,0.477,6,0,3,0,1,0,,player.fcgi?id=chee-a000cam
Daniel Contreras,23,2026,Illinois,Big Ten,47,184,164,24,39,7,0,3,22,4,0,11,21,0.238,0.309,0.335,0.645,55,7,6,3,0,0,,player.fcgi?id=contre001dan
Cole Crafton*,20,2026,Illinois,Big Ten,17,32,25,9,8,1,0,1,4,0,0,7,13,0.32,0.469,0.48,0.949,12,0,0,0,0,0,,player.fcgi?id=crafto000col
Michael Farina,--,2026,Illinois,Big Ten,55,266,217,43,61,15,0,4,28,10,3,26,30,0.281,0.388,0.406,0.793,88,3,15,3,5,0,,player.fcgi?id=farina000mic
Nick Groves*,22,2026,Illinois,Big Ten,54,262,205,44,64,11,4,1,26,12,4,40,27,0.312,0.446,0.42,0.865,86,6,11,4,2,1,,player.fcgi?id=groves000nic
Collin Jennings*,21,2026,Illinois,Big Ten,55,246,198,55,49,8,3,16,48,9,1,32,59,0.248,0.388,0.561,0.948,111,0,14,1,1,2,,player.fcgi?id=jennin000col
Will Johannes,22,2026,Illinois,Big Ten,42,159,139,27,37,10,0,10,42,1,0,16,57,0.266,0.352,0.554,0.906,77,1,3,0,1,0,,player.fcgi?id=johann001wil
Luke Landrus,20,2026,Illinois,Big Ten,19,29,26,5,5,2,0,0,3,0,0,2,10,0.192,0.276,0.269,0.545,7,0,1,0,0,0,,player.fcgi?id=landru000luk
Brayden Mazzacano*,20,2026,Illinois,Big Ten,32,38,28,8,4,0,2,0,6,4,0,6,9,0.143,0.278,0.286,0.564,8,0,0,2,2,0,,player.fcgi?id=mazzac000bra
J.R. Nelson,21,2026,Illinois,Big Ten,53,202,147,25,38,7,0,3,29,4,1,34,22,0.259,0.418,0.367,0.786,54,3,10,6,5,0,,player.fcgi?id=nelson000jr-
AJ Putty,20,2026,Illinois,Big Ten,55,255,217,41,68,13,1,9,52,3,0,29,47,0.313,0.396,0.507,0.903,110,6,4,0,5,2,,player.fcgi?id=putty-000aj-
Kyle Schupmann,22,2026,Illinois,Big Ten,55,251,206,52,58,15,0,4,24,12,6,34,58,0.282,0.396,0.413,0.809,85,4,7,1,3,0,,player.fcgi?id=schupm000kyl
Cole Warehime,--,2026,Illinois,Big Ten,35,76,70,7,14,2,0,3,8,3,0,3,21,0.2,0.253,0.357,0.61,25,1,2,1,0,0,,player.fcgi?id=warehi000col
Jack Zebig*,22,2026,Illinois,Big Ten,49,208,161,28,38,7,1,7,37,3,0,34,31,0.236,0.385,0.422,0.808,68,3,7,3,3,1,,player.fcgi?id=zebig-000jac
Michael Basil?,--,2011,Indiana,Big Ten,52,194,174,24,46,11,1,5,23,3,5,8,43,0.264,0.307,0.425,0.732,74,,4,5,3,,,player.fcgi?id=basil-000mic
Matt Carr,23,2011,Indiana,Big Ten,25,1,1,0,0,0,0,0,0,0,0,0,0,0,0,0,0,0,,0,0,0,,,player.fcgi?id=carr--000mat
Justin Cureton,21,2011,Indiana,Big Ten,46,160,142,26,41,5,0,2,13,16,1,10,38,0.289,0.359,0.366,0.725,52,,6,1,1,,,player.fcgi?id=cureto000jus
Dustin DeMuth*,19,2011,Indiana,Big Ten,55,267,236,43,85,12,2,0,23,8,5,20,37,0.36,0.416,0.428,0.844,101,,4,5,2,,,player.fcgi?id=demuth000dus
Joey DeNato*,19,2011,Indiana,Big Ten,22,21,16,4,4,1,0,0,0,0,0,4,4,0.25,0.4,0.313,0.713,5,,0,1,0,,,player.fcgi?id=denato000joe
Alex Dickerson*,21,2011,Indiana,Big Ten,54,248,215,33,79,10,0,9,49,2,1,24,21,0.367,0.44,0.54,0.979,116,,6,0,3,,,player.fcgi?id=dicker001ale
Dillon Dooney?,--,2011,Indiana,Big Ten,19,42,39,2,7,2,0,1,6,0,0,3,10,0.18,0.238,0.308,0.546,12,,0,0,0,,,player.fcgi?id=dooney000dil
Ty Downing?,--,2011,Indiana,Big Ten,19,63,54,5,12,2,0,2,6,0,0,4,10,0.222,0.276,0.37,0.646,20,,0,5,0,,,player.fcgi?id=downin000ty-
Micah Johnson*,20,2011,Indiana,Big Ten,54,243,209,43,70,12,4,3,34,19,3,25,48,0.335,0.403,0.474,0.876,99,,2,2,5,,,player.fcgi?id=johnso018mic
T.C. Knipp?,--,2011,Indiana,Big Ten,53,197,152,33,38,10,3,0,22,5,0,23,14,0.25,0.382,0.355,0.737,54,,10,11,1,,,player.fcgi?id=knipp-000tc-
Trace Knoblauch?,--,2011,Indiana,Big Ten,13,30,25,4,5,0,0,0,3,0,0,3,9,0.2,0.3,0.2,0.5,5,,1,0,1,,,player.fcgi?id=knobla000tra
Brian Lambert,23,2011,Indiana,Big Ten,26,47,38,7,8,1,0,0,3,2,0,6,5,0.211,0.333,0.237,0.57,9,,1,2,0,,,player.fcgi?id=lamber000bri
Josh Lyon*,21,2011,Indiana,Big Ten,36,130,114,11,22,5,1,3,17,3,1,13,32,0.193,0.287,0.333,0.62,38,,2,1,0,,,player.fcgi?id=lyon--000jos
Brian Ritz?,--,2011,Indiana,Big Ten,9,15,15,3,3,2,0,1,1,0,0,0,7,0.2,0.2,0.533,0.733,8,,0,0,0,,,player.fcgi?id=ritz--000bri
Jerrud Sabourin*,21,2011,Indiana,Big Ten,55,251,223,31,64,12,1,1,29,5,1,18,19,0.287,0.357,0.363,0.721,81,,7,2,1,,,player.fcgi?id=sabour002jer
Matt Serfling?,--,2011,Indiana,Big Ten,27,54,44,5,13,0,0,0,7,0,1,2,4,0.296,0.32,0.296,0.616,13,,1,4,3,,,player.fcgi?id=serfli000mat
Casey Smith?,--,2011,Indiana,Big Ten,31,52,46,4,9,3,0,0,4,0,0,4,14,0.196,0.275,0.261,0.535,12,,1,1,0,,,player.fcgi?id=smith-004cas
Dylan Swift?,--,2011,Indiana,Big Ten,17,32,25,1,3,1,0,0,6,1,1,4,3,0.12,0.267,0.16,0.427,4,,1,2,0,,,player.fcgi?id=swift-000dyl
Tyler Thicke*,19,2011,Indiana,Big Ten,8,0,0,1,0,0,0,0,0,0,0,0,0,,,,,0,,0,0,0,,,player.fcgi?id=thicke000tyl
Wes Wilson,21,2011,Indiana,Big Ten,53,228,213,30,60,13,0,7,30,1,2,9,28,0.282,0.319,0.441,0.76,94,,3,2,1,,,player.fcgi?id=wilson000wes
Ricky Alfonso*,19,2012,Indiana,Big Ten,12,16,13,0,2,0,0,0,0,0,0,2,2,0.154,0.313,0.154,0.466,2,,1,0,0,0,,player.fcgi?id=alfons000ric
Michael Basil?,--,2012,Indiana,Big Ten,60,253,224,32,64,11,1,4,38,4,4,16,43,0.286,0.343,0.397,0.74,89,,5,5,3,1,,player.fcgi?id=basil-000mic
Chad Clark?,--,2012,Indiana,Big Ten,43,163,140,21,34,10,0,3,16,3,2,14,15,0.243,0.331,0.379,0.71,53,,5,3,1,0,,player.fcgi?id=clark-009cha
Justin Cureton,22,2012,Indiana,Big Ten,60,272,232,41,60,9,4,3,22,21,4,21,48,0.259,0.352,0.371,0.723,86,,13,5,1,0,,player.fcgi?id=cureto000jus
Dustin DeMuth*,20,2012,Indiana,Big Ten,59,251,228,25,60,11,2,1,18,6,7,10,47,0.263,0.323,0.342,0.665,78,,10,3,0,0,,player.fcgi?id=demuth000dus
Joey DeNato*,20,2012,Indiana,Big Ten,19,6,4,0,0,0,0,0,0,0,0,1,1,0,0.333,0,0.333,0,,1,0,0,0,,player.fcgi?id=denato000joe
Dillon Dooney?,--,2012,Indiana,Big Ten,47,174,137,16,46,9,1,2,20,2,2,20,21,0.336,0.44,0.46,0.9,63,,7,8,2,0,,player.fcgi?id=dooney000dil
Ryan Halstead*,20,2012,Indiana,Big Ten,22,1,1,0,0,0,0,0,0,0,0,0,0,0,0,0,0,0,,0,0,0,0,,player.fcgi?id=halste001rya
Micah Johnson*,21,2012,Indiana,Big Ten,24,90,80,14,18,6,2,1,10,7,2,8,22,0.225,0.303,0.388,0.691,31,,1,1,0,1,,player.fcgi?id=johnso018mic
Trace Knoblauch?,--,2012,Indiana,Big Ten,42,104,90,11,22,3,0,1,13,1,0,7,21,0.244,0.327,0.311,0.638,28,,4,3,0,2,,player.fcgi?id=knobla000tra
Collin McEnery?,--,2012,Indiana,Big Ten,25,45,38,8,9,1,1,0,3,2,0,7,7,0.237,0.356,0.316,0.671,12,,0,0,0,0,,player.fcgi?id=mcener000col
J Rhet Montana,19,2012,Indiana,Big Ten,9,11,11,1,3,0,0,0,0,0,0,0,1,0.273,0.273,0.273,0.545,3,,0,0,0,0,,player.fcgi?id=montan000jrh
Will Nolden*,20,2012,Indiana,Big Ten,50,149,131,22,34,5,1,0,14,6,2,10,23,0.26,0.324,0.313,0.637,41,,3,4,1,0,,player.fcgi?id=nolden000wil
Tim O'Conner,20,2012,Indiana,Big Ten,45,100,88,13,22,3,0,0,6,4,3,6,16,0.25,0.292,0.284,0.576,25,,0,4,2,0,,player.fcgi?id=oconne003tim
Danny Sader?,--,2012,Indiana,Big Ten,16,27,24,2,2,0,0,0,2,0,0,3,6,0.083,0.185,0.083,0.269,2,,0,0,0,0,,player.fcgi?id=sader-000dan
Kyle Schwarber*,19,2012,Indiana,Big Ten,60,270,230,51,69,15,5,8,47,9,3,30,24,0.3,0.39,0.513,0.903,118,,5,3,2,1,,player.fcgi?id=schwar001kyl
Chris Sujka,19,2012,Indiana,Big Ten,56,202,168,28,45,8,0,5,35,5,2,18,56,0.268,0.354,0.405,0.759,68,,5,10,1,0,,player.fcgi?id=sujka-000chr
Sam Travis,18,2012,Indiana,Big Ten,60,268,232,41,74,17,0,9,50,4,2,29,35,0.319,0.397,0.509,0.906,118,,3,1,3,3,,player.fcgi?id=travis000sam
Ricky Alfonso*,20,2013,Indiana,Big Ten,31,47,38,4,9,2,1,0,10,0,0,4,3,0.237,0.311,0.342,0.653,13,,1,2,2,0,,player.fcgi?id=alfons000ric
Michael Basil?,--,2013,Indiana,Big Ten,65,292,244,44,76,15,2,3,49,7,5,23,33,0.312,0.401,0.426,0.827,104,,16,5,4,2,,player.fcgi?id=basil-000mic
Evan Bell*,19,2013,Indiana,Big Ten,21,6,3,2,0,0,0,0,0,0,0,3,0,0,0.5,0,0.5,0,,0,0,0,0,,player.fcgi?id=bell--000eva
Garret Brown#,19,2013,Indiana,Big Ten,10,9,8,3,3,2,0,0,0,0,1,1,2,0.375,0.444,0.625,1.069,5,,0,0,0,0,,player.fcgi?id=brown-009gar
Chad Clark?,--,2013,Indiana,Big Ten,64,234,198,19,47,8,0,1,32,1,6,18,43,0.237,0.328,0.293,0.62,58,,10,5,3,0,,player.fcgi?id=clark-009cha
Justin Cureton,23,2013,Indiana,Big Ten,65,286,231,59,50,11,1,1,17,22,8,32,52,0.217,0.335,0.286,0.62,66,,10,11,2,0,,player.fcgi?id=cureto000jus
Dustin DeMuth*,21,2013,Indiana,Big Ten,65,278,244,46,92,24,1,5,41,11,5,19,40,0.377,0.433,0.545,0.978,133,,8,3,4,2,,player.fcgi?id=demuth000dus
Joey DeNato*,21,2013,Indiana,Big Ten,21,1,0,1,0,0,0,0,0,0,0,1,0,,1,,,0,,0,0,0,0,,player.fcgi?id=denato000joe
Scott Donley*,21,2013,Indiana,Big Ten,65,267,240,40,86,16,2,5,61,2,2,21,16,0.358,0.413,0.504,0.917,121,,2,3,1,0,,player.fcgi?id=donley000sco
Ryan Halstead*,21,2013,Indiana,Big Ten,29,2,2,1,1,0,0,0,0,0,0,0,0,0.5,0.5,0.5,1,1,,0,0,0,0,,player.fcgi?id=halste001rya
Trace Knoblauch?,--,2013,Indiana,Big Ten,28,36,29,4,2,1,0,0,2,1,0,6,10,0.069,0.222,0.103,0.326,3,,0,0,1,0,,player.fcgi?id=knobla000tra
Christian Morris,19,2013,Indiana,Big Ten,18,5,5,0,0,0,0,0,0,0,0,0,4,0,0,0,0,0,,0,0,0,0,,player.fcgi?id=morris002chr
Will Nolden*,21,2013,Indiana,Big Ten,58,170,142,31,43,5,2,0,12,5,4,21,33,0.303,0.404,0.366,0.77,52,,3,4,0,0,,player.fcgi?id=nolden000wil
Tim O'Conner,21,2013,Indiana,Big Ten,41,22,20,3,3,0,1,0,6,3,2,1,4,0.15,0.227,0.25,0.477,5,,1,0,0,0,,player.fcgi?id=oconne003tim
Nick Ramos#,19,2013,Indiana,Big Ten,43,108,92,13,21,5,0,5,23,0,1,3,17,0.228,0.265,0.446,0.71,41,,3,6,4,0,,player.fcgi?id=ramos-000nic
John Robertson?,--,2013,Indiana,Big Ten,11,5,3,0,1,0,0,0,1,0,0,1,0,0.333,0.6,0.333,0.933,1,,1,0,0,0,,player.fcgi?id=robert016joh
Kyle Schwarber*,20,2013,Indiana,Big Ten,61,281,235,65,86,10,1,18,54,4,3,42,37,0.366,0.456,0.647,1.102,152,,0,0,4,5,,player.fcgi?id=schwar001kyl
Casey Smith?,--,2013,Indiana,Big Ten,57,201,175,25,54,9,0,5,34,2,2,12,37,0.309,0.372,0.446,0.818,78,,7,5,2,0,,player.fcgi?id=smith-004cas
Chris Sujka,20,2013,Indiana,Big Ten,46,99,77,18,22,4,0,0,8,9,3,11,20,0.286,0.378,0.338,0.716,26,,1,9,1,0,,player.fcgi?id=sujka-000chr
Sam Travis,19,2013,Indiana,Big Ten,65,302,244,53,77,22,2,10,57,4,4,39,33,0.316,0.419,0.545,0.964,133,,10,1,8,10,,player.fcgi?id=travis000sam
Brian Wilhite,19,2013,Indiana,Big Ten,31,26,24,3,7,0,0,0,0,1,0,1,7,0.292,0.32,0.292,0.612,7,,0,1,0,0,,player.fcgi?id=wilhit000bri
Ricky Alfonso*,21,2014,Indiana,Big Ten,23,30,27,4,6,0,0,1,7,0,0,3,6,0.222,0.3,0.333,0.633,9,,0,0,0,0,,player.fcgi?id=alfons000ric
Evan Bell*,20,2014,Indiana,Big Ten,14,1,1,0,1,0,0,0,0,0,0,0,0,1,1,1,2,1,,0,0,0,0,,player.fcgi?id=bell--000eva
Austin Cangelosi,19,2014,Indiana,Big Ten,25,40,35,5,9,0,0,1,3,0,0,3,12,0.257,0.333,0.343,0.676,12,,1,1,0,0,,player.fcgi?id=cangel000aus
Chad Clark?,--,2014,Indiana,Big Ten,21,38,31,2,6,3,0,0,2,0,0,3,7,0.194,0.257,0.29,0.547,9,,0,3,1,0,,player.fcgi?id=clark-009cha
Luke Cureton,19,2014,Indiana,Big Ten,11,20,17,4,1,0,0,0,0,0,0,2,5,0.059,0.2,0.059,0.259,1,,1,0,0,0,,player.fcgi?id=cureto000luk
Craig Dedelow*,19,2014,Indiana,Big Ten,36,81,69,6,16,2,1,0,8,1,0,7,12,0.232,0.299,0.29,0.589,20,,0,4,1,0,,player.fcgi?id=dedelo000cra
Dustin DeMuth*,22,2014,Indiana,Big Ten,57,244,211,40,79,16,1,5,40,4,5,20,40,0.374,0.449,0.531,0.979,112,,10,1,2,3,,player.fcgi?id=demuth000dus
Scott Donley*,22,2014,Indiana,Big Ten,59,245,219,33,71,16,2,5,47,5,3,20,21,0.324,0.379,0.484,0.863,106,,1,2,3,0,,player.fcgi?id=donley000sco
Brad Hartong,22,2014,Indiana,Big Ten,49,178,160,27,50,11,1,3,36,7,1,6,12,0.313,0.345,0.45,0.795,72,,4,4,4,0,,player.fcgi?id=harton000bra
Will Nolden*,22,2014,Indiana,Big Ten,57,199,172,33,52,9,1,0,24,5,1,16,35,0.302,0.366,0.366,0.732,63,,3,5,3,1,,player.fcgi?id=nolden000wil
Tim O'Conner,22,2014,Indiana,Big Ten,57,169,138,16,26,3,0,0,19,9,4,16,27,0.188,0.303,0.21,0.513,29,,7,7,1,0,,player.fcgi?id=oconne003tim
Nick Ramos#,20,2014,Indiana,Big Ten,53,191,169,22,44,8,2,2,21,4,2,7,36,0.26,0.291,0.367,0.658,62,,2,9,4,0,,player.fcgi?id=ramos-000nic
Casey Rodrigue,21,2014,Indiana,Big Ten,59,272,246,48,65,12,6,0,22,12,5,17,34,0.264,0.32,0.362,0.681,89,,3,6,0,0,,player.fcgi?id=rodrig001cas
Kyle Schwarber*,21,2014,Indiana,Big Ten,59,280,232,66,83,16,6,14,48,10,3,44,30,0.358,0.464,0.66,1.124,153,,3,0,1,7,,player.fcgi?id=schwar001kyl
Casey Smith?,--,2014,Indiana,Big Ten,21,71,56,5,10,1,0,0,2,1,2,5,16,0.179,0.333,0.196,0.53,11,,8,2,0,1,,player.fcgi?id=smith-004cas
Chris Sujka,21,2014,Indiana,Big Ten,20,16,16,0,2,0,0,0,0,1,0,0,8,0.125,0.125,0.125,0.25,2,,0,0,0,0,,player.fcgi?id=sujka-000chr
Sam Travis,20,2014,Indiana,Big Ten,59,275,245,55,85,16,2,12,58,8,5,25,26,0.347,0.415,0.576,0.99,141,,4,0,1,5,,player.fcgi?id=travis000sam
Brian Wilhite,20,2014,Indiana,Big Ten,16,29,27,4,6,0,0,0,2,1,0,2,5,0.222,0.276,0.222,0.498,6,,0,0,0,0,,player.fcgi?id=wilhit000bri
Ricky Alfonso*,22,2015,Indiana,Big Ten,27,39,37,2,5,0,0,0,1,1,0,1,11,0.135,0.154,0.135,0.289,5,,0,0,1,0,,player.fcgi?id=alfons000ric
Austin Cangelosi,20,2015,Indiana,Big Ten,52,200,175,26,43,8,3,3,21,2,1,12,41,0.246,0.313,0.377,0.69,66,,6,5,2,0,,player.fcgi?id=cangel000aus
Craig Dedelow*,20,2015,Indiana,Big Ten,59,265,234,40,76,13,3,7,37,5,2,19,40,0.325,0.376,0.496,0.871,116,,3,4,5,0,,player.fcgi?id=dedelo000cra
Scott Donley*,23,2015,Indiana,Big Ten,59,257,223,33,71,10,0,2,37,1,6,23,21,0.318,0.386,0.39,0.776,87,,4,3,4,1,,player.fcgi?id=donley000sco
Laren Eustace*,19,2015,Indiana,Big Ten,29,34,29,6,6,2,0,0,3,3,1,3,6,0.207,0.324,0.276,0.599,8,,2,0,0,0,,player.fcgi?id=eustac000lar
Brad Hartong,23,2015,Indiana,Big Ten,59,258,231,36,70,13,0,2,28,0,1,15,24,0.303,0.366,0.385,0.751,89,,8,4,0,0,,player.fcgi?id=harton000bra
Chris Lowe,19,2015,Indiana,Big Ten,12,19,16,4,5,1,0,0,2,0,0,3,3,0.313,0.421,0.375,0.796,6,,0,0,0,0,,player.fcgi?id=lowe--002chr
Will Nolden*,23,2015,Indiana,Big Ten,58,233,201,27,50,5,0,1,24,8,1,23,40,0.249,0.332,0.289,0.621,58,,2,7,0,1,,player.fcgi?id=nolden000wil
Isaiah Pasteur,19,2015,Indiana,Big Ten,51,157,141,22,30,2,1,5,20,5,1,11,40,0.213,0.275,0.348,0.622,49,,1,4,0,1,,player.fcgi?id=pasteu000isa
Nick Ramos#,21,2015,Indiana,Big Ten,37,149,126,21,33,9,2,1,19,2,1,15,33,0.262,0.345,0.389,0.734,49,,2,4,2,0,,player.fcgi?id=ramos-000nic
Casey Rodrigue,22,2015,Indiana,Big Ten,59,277,244,47,70,15,7,4,38,13,6,23,38,0.287,0.367,0.455,0.822,111,,8,2,0,0,,player.fcgi?id=rodrig001cas
Logan Sowers,19,2015,Indiana,Big Ten,59,243,218,34,56,15,2,6,36,4,1,21,67,0.257,0.329,0.427,0.756,93,,3,0,1,0,,player.fcgi?id=sowers000log
Colby Stratten?,--,2015,Indiana,Big Ten,11,28,24,2,8,2,1,0,6,1,0,1,5,0.333,0.429,0.5,0.929,12,,3,0,0,0,,player.fcgi?id=stratt000col
Chris Sujka,22,2015,Indiana,Big Ten,12,16,14,4,4,1,0,0,1,1,0,1,3,0.286,0.375,0.357,0.732,5,,1,0,0,0,,player.fcgi?id=sujka-000chr
Demetrius Webb?,--,2015,Indiana,Big Ten,13,18,14,0,2,0,0,0,1,0,0,3,4,0.143,0.294,0.143,0.437,2,,0,1,0,0,,player.fcgi?id=webb--000dem
Brian Wilhite,21,2015,Indiana,Big Ten,40,102,84,12,23,1,1,2,12,2,3,8,18,0.274,0.344,0.381,0.725,32,,2,6,2,0,,player.fcgi?id=wilhit000bri
Scotty Bradley*,19,2016,Indiana,Big Ten,43,116,105,8,27,6,0,1,18,0,1,9,25,0.257,0.313,0.343,0.656,36,,0,1,1,0,,player.fcgi?id=bradle004sco
Tony Butler,21,2016,Indiana,Big Ten,47,180,144,21,33,4,0,3,13,2,0,16,28,0.229,0.343,0.319,0.662,46,,10,8,2,0,,player.fcgi?id=butler000ton
Austin Cangelosi,21,2016,Indiana,Big Ten,53,214,183,29,40,6,2,4,25,3,6,15,49,0.219,0.295,0.339,0.634,62,,7,4,5,0,,player.fcgi?id=cangel000aus
Craig Dedelow*,21,2016,Indiana,Big Ten,56,257,231,33,70,16,2,5,36,2,1,17,40,0.303,0.359,0.455,0.814,105,,5,1,3,2,,player.fcgi?id=dedelo000cra
Laren Eustace*,20,2016,Indiana,Big Ten,40,129,105,20,26,3,1,3,14,6,2,14,21,0.248,0.365,0.381,0.746,40,,6,3,1,0,,player.fcgi?id=eustac000lar
Ryan Fineman,19,2016,Indiana,Big Ten,54,222,190,27,51,8,0,3,25,0,1,19,27,0.268,0.343,0.358,0.7,68,,5,3,5,1,,player.fcgi?id=finema000rya
Eric Hansen,19,2016,Indiana,Big Ten,3,1,1,0,0,0,0,0,0,0,0,0,0,0,0,0,0,0,,0,0,0,0,,player.fcgi?id=hansen000eri
Alex Krupa*,21,2016,Indiana,Big Ten,50,188,160,23,45,3,1,0,10,14,4,17,40,0.281,0.363,0.313,0.675,50,,4,6,1,0,,player.fcgi?id=krupa-000ale
Chris Lowe,20,2016,Indiana,Big Ten,20,25,22,4,7,3,0,0,2,0,1,2,7,0.318,0.4,0.455,0.855,10,,1,0,0,0,,player.fcgi?id=lowe--002chr
Luke Miller,19,2016,Indiana,Big Ten,53,216,190,21,53,11,1,1,23,7,5,16,37,0.279,0.347,0.363,0.71,69,,6,0,4,1,,player.fcgi?id=miller003luk
Isaiah Pasteur,20,2016,Indiana,Big Ten,48,145,125,12,24,4,2,0,14,9,3,15,36,0.192,0.284,0.256,0.54,32,,1,4,0,0,,player.fcgi?id=pasteu000isa
Logan Sowers,20,2016,Indiana,Big Ten,44,191,161,29,44,5,1,8,24,0,0,22,36,0.273,0.377,0.466,0.843,75,,6,0,2,0,,player.fcgi?id=sowers000log
Colby Stratten?,--,2016,Indiana,Big Ten,29,57,50,10,10,3,0,0,5,0,0,5,15,0.2,0.298,0.26,0.558,13,,2,0,0,0,,player.fcgi?id=stratt000col
Demetrius Webb?,--,2016,Indiana,Big Ten,13,29,25,1,2,1,0,0,1,0,0,1,8,0.08,0.143,0.12,0.263,3,,1,1,1,0,,player.fcgi?id=webb--000dem
Brian Wilhite,22,2016,Indiana,Big Ten,56,226,192,32,51,8,0,8,38,4,0,24,30,0.266,0.358,0.432,0.79,83,,4,5,1,0,,player.fcgi?id=wilhit000bri
Scotty Bradley*,20,2017,Indiana,Big Ten,5,9,8,0,0,0,0,0,1,0,0,1,3,0,0.111,0,0.111,0,,0,0,0,0,,player.fcgi?id=bradle004sco
Tony Butler,22,2017,Indiana,Big Ten,59,258,207,36,65,15,1,4,30,7,2,24,31,0.314,0.418,0.454,0.872,94,,15,9,3,0,,player.fcgi?id=butler000ton
Austin Cangelosi,22,2017,Indiana,Big Ten,34,74,64,10,15,3,1,3,9,3,1,6,20,0.234,0.329,0.453,0.782,29,,3,1,0,0,,player.fcgi?id=cangel000aus
Craig Dedelow*,22,2017,Indiana,Big Ten,60,271,240,40,62,12,2,19,54,2,2,21,56,0.258,0.336,0.563,0.898,135,,8,0,2,0,,player.fcgi?id=dedelo000cra
Laren Eustace*,21,2017,Indiana,Big Ten,49,77,59,15,14,3,1,0,4,6,2,11,20,0.237,0.378,0.322,0.7,19,,3,3,1,0,,player.fcgi?id=eustac000lar
Ryan Fineman,20,2017,Indiana,Big Ten,52,193,176,21,42,7,0,2,17,1,1,9,34,0.239,0.291,0.313,0.604,55,,4,4,0,0,,player.fcgi?id=finema000rya
Matt Gorski,19,2017,Indiana,Big Ten,51,199,170,28,49,5,1,4,22,15,3,15,35,0.288,0.348,0.4,0.748,68,,1,12,1,0,,player.fcgi?id=gorski000mat
Eric Hansen,20,2017,Indiana,Big Ten,2,2,2,1,1,0,0,0,0,0,0,0,1,0.5,0.5,0.5,1,1,,0,0,0,0,,player.fcgi?id=hansen000eri
Jeremy Houston,19,2017,Indiana,Big Ten,48,188,155,24,36,5,2,2,21,8,3,19,36,0.232,0.333,0.329,0.662,51,,6,5,3,0,,player.fcgi?id=housto003jer
Alex Krupa*,22,2017,Indiana,Big Ten,53,210,181,33,48,11,1,5,17,12,3,16,27,0.265,0.348,0.42,0.768,76,,8,3,2,1,,player.fcgi?id=krupa-000ale
Kade Kryzsko,20,2017,Indiana,Big Ten,20,1,1,0,0,0,0,0,0,0,0,0,1,0,0,0,0,0,,0,0,0,0,,player.fcgi?id=kryzsk000kad
Matt Lloyd*,21,2017,Indiana,Big Ten,58,224,193,36,58,16,0,11,46,1,3,28,60,0.301,0.393,0.554,0.947,107,,2,0,1,1,,player.fcgi?id=lloyd-000mat
Pat Loeffler*,19,2017,Indiana,Big Ten,6,7,4,0,0,0,0,0,1,0,0,2,2,0,0.286,0,0.286,0,,0,0,1,0,,player.fcgi?id=loeffl000pat
Chris Lowe,21,2017,Indiana,Big Ten,7,9,7,1,2,1,0,0,1,0,0,1,1,0.286,0.444,0.429,0.873,3,,1,0,0,0,,player.fcgi?id=lowe--002chr
Jake Matheny,--,2017,Indiana,Big Ten,33,109,98,12,24,2,0,2,17,0,1,6,29,0.245,0.312,0.327,0.638,32,,4,0,1,0,,player.fcgi?id=mathen000jak
Luke Miller,20,2017,Indiana,Big Ten,57,257,235,52,64,15,0,10,42,2,0,18,44,0.272,0.331,0.464,0.795,109,,3,0,1,1,,player.fcgi?id=miller003luk
Logan Sowers,21,2017,Indiana,Big Ten,59,264,237,34,69,19,0,13,43,2,1,20,74,0.291,0.356,0.536,0.892,127,,5,0,2,2,,player.fcgi?id=sowers000log
Colby Stratten?,--,2017,Indiana,Big Ten,26,62,54,2,10,0,0,0,3,1,0,4,12,0.185,0.267,0.185,0.452,10,,2,2,0,0,,player.fcgi?id=stratt000col
Drew Ashley,19,2018,Indiana,Big Ten,32,93,76,16,23,3,0,3,10,1,0,7,13,0.303,0.368,0.461,0.828,35,,2,6,2,0,,player.fcgi?id=ashley000dre
Cole Barr,20,2018,Indiana,Big Ten,22,33,22,4,7,1,0,0,4,2,0,4,10,0.318,0.452,0.364,0.815,8,,3,2,2,0,,player.fcgi?id=barr--000col
Scotty Bradley*,21,2018,Indiana,Big Ten,47,171,138,27,45,6,1,7,19,1,0,22,31,0.326,0.446,0.536,0.983,74,,8,3,0,0,,player.fcgi?id=bradle004sco
Cade Bunnell*,21,2018,Indiana,Big Ten,12,17,14,1,1,0,0,0,2,0,0,3,6,0.071,0.235,0.071,0.307,1,,0,0,0,0,,player.fcgi?id=bunnel000cad
Sam Crail*,19,2018,Indiana,Big Ten,29,48,42,8,10,1,0,0,3,0,0,5,11,0.238,0.333,0.262,0.595,11,,1,0,0,0,,player.fcgi?id=crail-000sam
Wyatt Cross*,21,2018,Indiana,Big Ten,17,41,30,7,7,3,0,1,10,0,1,7,17,0.233,0.375,0.433,0.808,13,,1,1,2,0,,player.fcgi?id=cross-000wya
Elijah Dunham*,20,2018,Indiana,Big Ten,36,83,68,11,17,6,0,0,8,1,0,11,21,0.25,0.361,0.338,0.7,23,,2,0,2,0,,player.fcgi?id=dunham000eli
Laren Eustace*,22,2018,Indiana,Big Ten,34,51,35,10,9,1,0,0,4,5,1,9,8,0.257,0.447,0.286,0.733,10,,3,4,0,0,,player.fcgi?id=eustac000lar
Ryan Fineman,21,2018,Indiana,Big Ten,57,233,204,26,58,11,0,7,37,2,2,12,35,0.284,0.357,0.441,0.798,90,,12,3,2,0,,player.fcgi?id=finema000rya
Matt Gorski,20,2018,Indiana,Big Ten,59,252,222,41,79,14,3,8,40,24,3,18,37,0.356,0.404,0.554,0.958,123,,2,7,3,0,,player.fcgi?id=gorski000mat
Jeremy Houston,20,2018,Indiana,Big Ten,57,209,174,25,36,4,3,0,23,12,2,22,43,0.207,0.312,0.264,0.576,46,,5,7,1,1,,player.fcgi?id=housto003jer
Logan Kaletha,22,2018,Indiana,Big Ten,59,284,218,60,57,11,2,8,31,14,8,44,51,0.262,0.429,0.44,0.87,96,,20,2,0,0,,player.fcgi?id=kaleth000log
Matt Lloyd*,22,2018,Indiana,Big Ten,59,277,240,36,66,15,1,9,41,2,2,30,58,0.275,0.356,0.458,0.815,110,,2,2,3,2,,player.fcgi?id=lloyd-000mat
Chris Lowe,22,2018,Indiana,Big Ten,8,12,9,1,3,1,0,0,3,0,0,2,4,0.333,0.5,0.444,0.944,4,,1,0,0,0,,player.fcgi?id=lowe--002chr
Luke Miller,21,2018,Indiana,Big Ten,47,196,181,27,56,11,0,13,34,1,2,9,35,0.309,0.347,0.586,0.933,106,,3,0,3,1,,player.fcgi?id=miller003luk
Logan Sowers,22,2018,Indiana,Big Ten,59,263,221,42,66,11,0,10,34,1,1,37,58,0.299,0.407,0.484,0.891,107,,4,0,1,3,,player.fcgi?id=sowers000log
Colby Stratten?,--,2018,Indiana,Big Ten,32,25,22,5,7,2,0,0,1,1,0,3,7,0.318,0.4,0.409,0.809,9,,0,0,0,1,,player.fcgi?id=stratt000col
Justin Walker#,19,2018,Indiana,Big Ten,37,120,105,13,26,5,1,2,22,5,3,6,18,0.248,0.287,0.371,0.658,39,,1,5,3,0,,player.fcgi?id=walker004jus
Drew Ashley,20,2019,Indiana,Big Ten,60,271,225,43,64,10,2,4,32,8,0,32,57,0.284,0.399,0.4,0.799,90,,12,0,2,0,,player.fcgi?id=ashley000dre
Cole Barr,21,2019,Indiana,Big Ten,60,269,216,46,55,14,1,17,51,7,0,36,87,0.255,0.388,0.565,0.953,122,,13,1,3,2,,player.fcgi?id=barr--000col
Scotty Bradley*,22,2019,Indiana,Big Ten,51,181,155,29,40,10,1,10,28,0,1,20,41,0.258,0.359,0.529,0.888,82,,5,0,1,0,,player.fcgi?id=bradle004sco
Carter Bridge,20,2019,Indiana,Big Ten,3,1,0,0,0,0,0,0,0,0,0,1,0,,1,,,0,,0,0,0,0,,player.fcgi?id=bridge000car
Cade Bunnell*,22,2019,Indiana,Big Ten,29,55,46,7,9,1,0,1,3,0,1,5,18,0.196,0.327,0.283,0.61,13,,4,0,0,0,,player.fcgi?id=bunnel000cad
Sam Crail*,20,2019,Indiana,Big Ten,26,77,67,8,15,1,1,1,10,2,1,6,23,0.224,0.299,0.313,0.612,21,,2,0,2,0,,player.fcgi?id=crail-000sam
Wyatt Cross*,22,2019,Indiana,Big Ten,32,106,90,13,14,2,0,4,8,1,0,12,47,0.156,0.276,0.311,0.587,28,,3,1,0,0,,player.fcgi?id=cross-000wya
Elijah Dunham*,21,2019,Indiana,Big Ten,43,189,155,44,48,12,0,8,29,4,2,31,40,0.31,0.434,0.542,0.976,84,,3,0,0,2,,player.fcgi?id=dunham000eli
Ryan Fineman,22,2019,Indiana,Big Ten,43,160,142,26,31,7,0,7,29,0,0,13,38,0.218,0.306,0.416,0.722,59,,5,0,0,0,,player.fcgi?id=finema000rya
Matt Gorski,21,2019,Indiana,Big Ten,55,262,225,58,61,13,1,12,46,18,3,37,62,0.271,0.374,0.498,0.872,112,,0,0,0,2,,player.fcgi?id=gorski000mat
Jeremy Houston,21,2019,Indiana,Big Ten,41,124,105,19,22,5,2,0,10,2,3,13,26,0.21,0.312,0.295,0.607,31,,3,2,1,0,,player.fcgi?id=housto003jer
Logan Kaletha,23,2019,Indiana,Big Ten,18,75,63,10,14,3,0,3,12,0,0,6,25,0.222,0.333,0.413,0.746,26,,5,0,1,1,,player.fcgi?id=kaleth000log
Matt Lloyd*,23,2019,Indiana,Big Ten,59,272,225,51,63,15,0,17,59,1,4,39,73,0.28,0.39,0.573,0.963,129,,4,0,4,1,,player.fcgi?id=lloyd-000mat
Grant Richardson*,19,2019,Indiana,Big Ten,46,182,163,37,43,8,1,9,37,3,1,13,57,0.264,0.335,0.491,0.826,80,,5,0,1,1,,player.fcgi?id=richar003gra
Jake Skrine,19,2019,Indiana,Big Ten,14,19,19,3,5,3,0,0,2,0,0,0,5,0.263,0.263,0.421,0.684,8,,0,0,0,0,,player.fcgi?id=skrine000jak
Tyler Van Pelt*,20,2019,Indiana,Big Ten,17,29,25,4,8,0,0,0,3,1,0,2,7,0.32,0.414,0.32,0.734,8,,2,0,0,0,,player.fcgi?id=vanpel000tyl
Justin Walker#,20,2019,Indiana,Big Ten,46,156,138,20,29,7,0,2,18,5,1,13,44,0.21,0.288,0.304,0.592,42,,2,3,0,0,,player.fcgi?id=walker004jus
Drew Ashley,21,2020,Indiana,Big Ten,15,71,52,11,15,3,0,2,12,1,0,14,7,0.289,0.451,0.462,0.912,24,,3,0,2,0,,player.fcgi?id=ashley000dre
Cole Barr,22,2020,Indiana,Big Ten,15,71,57,12,14,3,1,2,9,0,0,6,20,0.246,0.366,0.439,0.805,25,,6,0,2,0,,player.fcgi?id=barr--000col
Hunter Combs?,--,2020,Indiana,Big Ten,1,2,2,0,0,0,0,0,0,0,0,0,1,0,0,0,0,0,,0,0,0,0,,player.fcgi?id=combs-000hun
Elijah Dunham*,22,2020,Indiana,Big Ten,15,71,59,12,23,7,0,1,11,1,0,11,8,0.39,0.493,0.559,1.052,33,,1,0,0,1,,player.fcgi?id=dunham000eli
Jordan Fucci*,23,2020,Indiana,Big Ten,15,68,53,9,15,4,0,2,14,0,0,13,19,0.283,0.427,0.472,0.898,25,,1,0,1,1,,player.fcgi?id=fucci-000jor
Collin Hopkins,22,2020,Indiana,Big Ten,15,55,50,6,11,1,0,0,6,0,0,2,10,0.22,0.273,0.24,0.513,12,,2,0,1,0,,player.fcgi?id=hopkin000col
Jeremy Houston,22,2020,Indiana,Big Ten,15,61,46,8,6,0,0,0,4,3,0,11,17,0.13,0.317,0.13,0.447,6,,2,1,1,0,,player.fcgi?id=housto003jer
Hunter Jessee*,20,2020,Indiana,Big Ten,14,52,43,7,11,2,1,0,5,2,0,8,7,0.256,0.385,0.349,0.733,15,,1,0,0,0,,player.fcgi?id=jessee000hun
Grant Macciocchi,24,2020,Indiana,Big Ten,1,1,1,0,0,0,0,0,0,0,0,0,0,0,0,0,0,0,,0,0,0,0,,player.fcgi?id=maccio000gra
Grant Richardson*,20,2020,Indiana,Big Ten,14,64,59,21,25,3,2,5,17,1,0,4,16,0.424,0.453,0.797,1.25,47,,0,0,1,0,,player.fcgi?id=richar003gra
Jake Skrine,20,2020,Indiana,Big Ten,5,9,6,2,0,0,0,0,1,0,0,1,1,0,0.333,0,0.333,0,,2,0,0,0,,player.fcgi?id=skrine000jak
Cooper Trinkle,22,2020,Indiana,Big Ten,10,38,32,4,9,2,0,0,6,0,0,3,4,0.281,0.351,0.344,0.695,11,,1,1,1,0,,player.fcgi?id=trinkl000coo
Tyler Van Pelt*,21,2020,Indiana,Big Ten,3,6,5,1,1,0,0,0,1,1,0,1,1,0.2,0.333,0.2,0.533,1,,0,0,0,0,,player.fcgi?id=vanpel000tyl
Ethan Vecrumba*,19,2020,Indiana,Big Ten,13,38,31,2,3,0,1,0,5,0,1,5,9,0.097,0.237,0.161,0.398,5,,1,0,1,0,,player.fcgi?id=vecrum000eth
Brant Voth*,19,2020,Indiana,Big Ten,3,2,2,0,0,0,0,0,0,0,0,0,1,0,0,0,0,0,,0,0,0,0,,player.fcgi?id=voth--000bra
Drew Ashley,22,2021,Indiana,Big Ten,44,206,173,35,47,6,2,5,18,4,0,21,41,0.272,0.381,0.416,0.797,72,,10,1,1,0,,player.fcgi?id=ashley000dre
Cole Barr,23,2021,Indiana,Big Ten,44,193,154,36,45,8,2,8,35,4,2,26,44,0.292,0.415,0.526,0.941,81,,9,0,4,0,,player.fcgi?id=barr--000col
Morgan Colopy,20,2021,Indiana,Big Ten,39,146,135,21,37,8,1,5,21,1,0,8,50,0.274,0.315,0.459,0.774,62,,1,0,2,0,,player.fcgi?id=colopy000mor
Tank Espalin*,20,2021,Indiana,Big Ten,20,71,56,8,9,1,0,0,6,1,0,11,14,0.161,0.329,0.179,0.507,10,,3,1,0,0,,player.fcgi?id=espali000jam
Kip Fougerousse,20,2021,Indiana,Big Ten,32,124,115,13,24,3,1,2,16,0,0,6,43,0.209,0.25,0.304,0.554,35,,1,0,2,1,,player.fcgi?id=fouger000kip
Jordan Fucci*,24,2021,Indiana,Big Ten,29,103,85,11,21,8,0,5,21,0,0,15,39,0.247,0.369,0.518,0.887,44,,2,0,1,2,,player.fcgi?id=fucci-000jor
Collin Hopkins,23,2021,Indiana,Big Ten,42,129,110,15,23,10,0,2,14,0,1,8,23,0.209,0.273,0.355,0.627,39,,2,8,1,0,,player.fcgi?id=hopkin000col
Jeremy Houston,23,2021,Indiana,Big Ten,32,96,76,11,21,2,0,0,10,1,0,13,24,0.276,0.396,0.303,0.698,23,,2,5,0,0,,player.fcgi?id=housto003jer
Hunter Jessee*,21,2021,Indiana,Big Ten,21,46,40,5,9,0,0,1,4,0,0,5,11,0.225,0.326,0.3,0.626,12,,1,0,0,1,,player.fcgi?id=jessee000hun
Grant Macciocchi,25,2021,Indiana,Big Ten,17,32,29,7,7,1,0,2,5,3,0,3,5,0.241,0.313,0.483,0.795,14,,0,0,0,0,,player.fcgi?id=maccio000gra
Sam Murrison,--,2021,Indiana,Big Ten,17,39,35,5,9,1,1,0,1,2,0,1,10,0.257,0.316,0.343,0.659,12,,2,1,0,0,,player.fcgi?id=murris000sam
Grant Richardson*,21,2021,Indiana,Big Ten,44,199,172,32,55,9,2,7,33,11,2,17,35,0.32,0.397,0.517,0.914,89,,7,0,3,0,,player.fcgi?id=richar003gra
Brennan Rowe,19,2021,Indiana,Big Ten,2,3,3,0,2,0,0,0,0,0,0,0,0,0.667,0.667,0.667,1.333,2,,0,0,0,0,,player.fcgi?id=rowe--000bre
Tucker Schank*,--,2021,Indiana,Big Ten,1,2,1,2,1,1,0,0,3,0,0,1,0,1,1,2,3,2,,0,0,0,0,,player.fcgi?id=schank000tuc
Jake Skrine,21,2021,Indiana,Big Ten,6,7,6,0,0,0,0,0,0,0,0,1,4,0,0.143,0,0.143,0,,0,0,0,0,,player.fcgi?id=skrine000jak
Jacob Southern,23,2021,Indiana,Big Ten,17,44,37,3,6,1,0,0,3,1,0,6,17,0.162,0.296,0.189,0.485,7,,1,0,0,0,,player.fcgi?id=southe000jac
Paul Toetz,20,2021,Indiana,Big Ten,43,189,167,28,47,18,0,1,24,1,0,16,43,0.281,0.365,0.407,0.772,68,,6,0,0,0,,player.fcgi?id=toetz-000pau
Tyler Van Pelt*,22,2021,Indiana,Big Ten,22,53,43,8,8,3,0,1,9,1,0,7,11,0.186,0.34,0.326,0.665,14,,3,0,0,0,,player.fcgi?id=vanpel000tyl
Ethan Vecrumba*,20,2021,Indiana,Big Ten,13,23,21,2,5,1,0,1,5,1,1,1,3,0.238,0.304,0.429,0.733,9,,1,0,0,0,,player.fcgi?id=vecrum000eth
Bobby Whalen,20,2021,Indiana,Big Ten,8,14,14,0,1,0,0,0,0,0,0,0,7,0.071,0.071,0.071,0.143,1,,0,0,0,0,,player.fcgi?id=whalen000bob
Morgan Colopy,21,2022,Indiana,Big Ten,23,82,72,13,17,3,1,3,7,1,0,8,35,0.236,0.329,0.431,0.76,31,1,2,0,0,0,,player.fcgi?id=colopy000mor
Tyler Doanes,23,2022,Indiana,Big Ten,58,269,221,47,56,7,2,4,33,11,2,39,38,0.253,0.363,0.358,0.721,79,2,2,2,5,0,,player.fcgi?id=doanes000tyl
Matthew Ellis*,21,2022,Indiana,Big Ten,59,266,218,44,59,10,0,18,65,1,0,40,68,0.271,0.399,0.564,0.963,123,10,7,0,1,4,,player.fcgi?id=ellis-002mat
Kip Fougerousse,21,2022,Indiana,Big Ten,13,29,27,3,3,0,0,1,6,0,0,1,13,0.111,0.172,0.222,0.395,6,0,1,0,0,0,,player.fcgi?id=fouger000kip
Phillip Glasser*,22,2022,Indiana,Big Ten,47,224,188,43,65,12,2,3,25,6,1,27,30,0.346,0.442,0.479,0.921,90,2,7,0,2,0,,player.fcgi?id=glasse000phi
Evan Goforth,18,2022,Indiana,Big Ten,26,57,46,8,13,5,0,0,9,0,0,7,18,0.283,0.404,0.391,0.795,18,1,3,0,1,0,,player.fcgi?id=gofort000eva
Hunter Jessee*,22,2022,Indiana,Big Ten,52,210,172,40,61,7,1,5,28,8,3,33,33,0.355,0.467,0.494,0.961,85,2,4,0,1,1,,player.fcgi?id=jessee000hun
Max Johnson#,19,2022,Indiana,Big Ten,11,38,27,5,4,1,0,0,3,1,1,7,12,0.148,0.333,0.185,0.519,5,1,1,2,1,0,,player.fcgi?id=johnso004max
Carter Mathison*,19,2022,Indiana,Big Ten,59,257,209,55,57,11,1,19,58,8,2,36,59,0.273,0.393,0.608,1.001,127,3,8,0,4,0,,player.fcgi?id=mathis000car
Sam Murrison,--,2022,Indiana,Big Ten,40,99,83,17,19,2,0,2,10,1,0,12,29,0.229,0.33,0.325,0.655,27,2,1,2,1,0,,player.fcgi?id=murris000sam
Jack Perkins,22,2022,Indiana,Big Ten,16,1,1,0,0,0,0,0,0,0,0,0,0,0,0,0,0,0,0,0,0,0,0,,player.fcgi?id=perkin001jac
Josh Pyne,19,2022,Indiana,Big Ten,57,252,226,41,74,20,1,6,57,1,1,20,51,0.327,0.387,0.504,0.891,114,5,3,1,2,0,,player.fcgi?id=pyne--000jos
Tucker Schank*,--,2022,Indiana,Big Ten,9,10,8,1,2,0,0,0,2,0,0,2,3,0.25,0.4,0.25,0.65,2,1,0,0,0,0,,player.fcgi?id=schank000tuc
Peter Serruto,22,2022,Indiana,Big Ten,34,90,79,7,11,1,0,1,6,0,0,5,24,0.139,0.2,0.19,0.39,15,2,1,5,0,0,,player.fcgi?id=serrut000pet
Jake Skrine,22,2022,Indiana,Big Ten,2,2,2,0,0,0,0,0,0,0,0,0,1,0,0,0,0,0,0,0,0,0,0,,player.fcgi?id=skrine000jak
Brock Tibbitts,19,2022,Indiana,Big Ten,59,262,218,42,58,13,1,9,43,5,0,38,46,0.266,0.382,0.459,0.84,100,5,4,0,2,0,,player.fcgi?id=tibbit000bro
Ethan Vecrumba*,21,2022,Indiana,Big Ten,16,7,3,7,0,0,0,0,1,0,0,3,3,0,0.571,0,0.571,0,0,1,0,0,0,,player.fcgi?id=vecrum000eth
Bobby Whalen,21,2022,Indiana,Big Ten,59,282,247,54,70,13,4,2,33,22,3,23,50,0.283,0.362,0.393,0.755,97,7,8,3,1,1,,player.fcgi?id=whalen000bob
Tyler Cerny,19,2023,Indiana,Big Ten,59,250,221,47,61,9,4,10,43,10,2,13,52,0.276,0.348,0.489,0.837,108,4,13,0,3,0,,player.fcgi?id=cerny-000tyl
Morgan Colopy,22,2023,Indiana,Big Ten,46,71,55,7,9,3,0,1,14,0,0,13,14,0.164,0.338,0.273,0.611,15,4,2,0,1,0,,player.fcgi?id=colopy000mor
Jorge De Goti,20,2023,Indiana,Big Ten,6,7,7,1,3,1,0,0,1,0,0,0,2,0.429,0.429,0.571,1,4,0,0,0,0,0,,player.fcgi?id=degoti000jor
Matthew Ellis*,22,2023,Indiana,Big Ten,25,97,76,10,19,3,0,4,20,0,0,15,19,0.25,0.392,0.447,0.839,34,1,4,0,2,0,,player.fcgi?id=ellis-002mat
Phillip Glasser*,23,2023,Indiana,Big Ten,63,315,266,70,95,19,1,7,48,14,3,36,30,0.357,0.444,0.515,0.959,137,3,9,0,4,0,,player.fcgi?id=glasse000phi
Evan Goforth,19,2023,Indiana,Big Ten,15,26,20,5,3,1,0,1,2,0,0,5,6,0.15,0.32,0.35,0.67,7,1,0,1,0,0,,player.fcgi?id=gofort000eva
Hunter Jessee*,23,2023,Indiana,Big Ten,56,235,192,42,54,12,0,6,34,5,0,25,50,0.281,0.389,0.438,0.826,84,3,12,1,5,0,,player.fcgi?id=jessee000hun
Riley Langerman,--,2023,Indiana,Big Ten,14,10,8,1,1,0,0,0,1,0,0,1,4,0.125,0.2,0.125,0.325,1,0,0,0,1,0,,player.fcgi?id=langer000ril
Carter Mathison*,20,2023,Indiana,Big Ten,63,279,225,43,70,15,3,10,49,3,2,41,59,0.311,0.426,0.538,0.964,121,2,7,2,4,3,,player.fcgi?id=mathis000car
Sam Murrison,--,2023,Indiana,Big Ten,37,10,8,4,1,1,0,0,2,1,0,2,2,0.125,0.3,0.25,0.55,2,0,0,0,0,0,,player.fcgi?id=murris000sam
Josh Pyne,20,2023,Indiana,Big Ten,62,286,254,50,75,16,2,6,56,3,0,24,47,0.295,0.357,0.445,0.802,113,3,3,0,5,0,,player.fcgi?id=pyne--000jos
Peter Serruto,23,2023,Indiana,Big Ten,54,191,166,22,44,5,0,3,18,0,0,14,40,0.265,0.32,0.349,0.67,58,4,0,10,1,0,,player.fcgi?id=serrut000pet
Devin Taylor*,19,2023,Indiana,Big Ten,55,244,200,61,63,13,3,16,59,1,1,36,46,0.315,0.43,0.65,1.08,130,2,6,0,2,2,,player.fcgi?id=taylor001dev
Brock Tibbitts,20,2023,Indiana,Big Ten,63,293,241,61,86,17,4,10,68,1,0,33,43,0.357,0.447,0.585,1.032,141,4,12,0,7,0,,player.fcgi?id=tibbit000bro
Ethan Vecrumba*,22,2023,Indiana,Big Ten,9,6,5,4,1,0,1,0,1,1,0,1,2,0.2,0.333,0.6,0.933,3,0,0,0,0,0,,player.fcgi?id=vecrum000eth
Bobby Whalen,22,2023,Indiana,Big Ten,63,299,253,58,70,16,1,3,39,6,3,32,61,0.277,0.368,0.383,0.752,97,7,7,3,4,0,,player.fcgi?id=whalen000bob
Austin Bode*,21,2024,Indiana,Big Ten,17,33,22,5,6,1,0,0,1,0,0,9,6,0.273,0.515,0.318,0.833,7,0,2,0,0,0,,player.fcgi?id=bode--000aus
Joey Brenczewski#,20,2024,Indiana,Big Ten,50,189,162,34,54,10,0,3,42,4,1,16,27,0.333,0.415,0.451,0.866,73,0,8,1,2,0,,player.fcgi?id=brencz000joe
Brandon Burckel,21,2024,Indiana,Big Ten,26,45,35,8,4,1,0,1,2,0,0,5,9,0.114,0.279,0.229,0.508,8,0,3,2,0,0,,player.fcgi?id=burcke003bra
Hayden Carlson,19,2024,Indiana,Big Ten,11,6,6,0,0,0,0,0,0,0,0,0,4,0,0,0,0,0,0,0,0,0,0,,player.fcgi?id=carlso000hay
Tyler Cerny,20,2024,Indiana,Big Ten,60,289,257,60,81,24,0,10,60,6,2,16,47,0.315,0.379,0.525,0.904,135,2,12,1,3,0,,player.fcgi?id=cerny-000tyl
Morgan Colopy,23,2024,Indiana,Big Ten,31,97,80,18,18,7,0,5,23,0,0,14,32,0.225,0.351,0.5,0.851,40,1,2,0,1,0,,player.fcgi?id=colopy000mor
Carter Mathison*,21,2024,Indiana,Big Ten,60,283,231,55,60,16,0,13,44,5,0,40,67,0.26,0.378,0.498,0.876,115,0,7,0,5,0,,player.fcgi?id=mathis000car
Nick Mitchell*,20,2024,Indiana,Big Ten,54,260,203,62,68,15,3,5,49,7,0,40,36,0.335,0.458,0.512,0.97,104,1,11,0,6,1,,player.fcgi?id=mitche003nic
Sam Murrison,--,2024,Indiana,Big Ten,7,2,1,5,1,0,0,1,1,0,0,0,0,1,1,4,5,4,0,1,0,0,0,,player.fcgi?id=murris000sam
Jasen Oliver,20,2024,Indiana,Big Ten,49,197,172,33,49,8,2,10,37,1,0,22,41,0.285,0.362,0.529,0.891,91,0,0,1,2,1,,player.fcgi?id=oliver001jas
Josh Pyne,21,2024,Indiana,Big Ten,60,285,251,41,73,22,0,3,39,7,2,20,45,0.291,0.353,0.414,0.768,104,2,7,2,5,0,,player.fcgi?id=pyne--000jos
T.J. Schuyler,19,2024,Indiana,Big Ten,19,19,16,3,0,0,0,0,0,0,0,3,8,0,0.158,0,0.158,0,0,0,0,0,0,,player.fcgi?id=schuyl000tj-
Cal Sefcik,19,2024,Indiana,Big Ten,26,56,48,6,8,0,0,2,10,1,0,5,14,0.167,0.232,0.292,0.524,14,0,0,0,3,0,,player.fcgi?id=sefcik000cal
AJ Shepard,20,2024,Indiana,Big Ten,3,12,10,2,3,0,0,2,4,0,0,1,5,0.3,0.417,0.9,1.317,9,0,1,0,0,0,,player.fcgi?id=shepar000aj-
Jake Stadler*,22,2024,Indiana,Big Ten,51,192,151,30,42,9,0,1,27,0,0,25,20,0.278,0.416,0.358,0.773,54,2,12,2,2,0,,player.fcgi?id=stadle000jak
Devin Taylor*,20,2024,Indiana,Big Ten,59,285,241,67,86,11,1,20,54,5,1,37,38,0.357,0.449,0.66,1.109,159,4,5,0,2,2,,player.fcgi?id=taylor001dev
Brock Tibbitts,21,2024,Indiana,Big Ten,46,213,176,34,55,12,2,4,43,2,1,21,30,0.313,0.404,0.472,0.875,83,0,10,0,6,1,,player.fcgi?id=tibbit000bro
Andrew Wiggins*,19,2024,Indiana,Big Ten,36,73,55,19,17,4,0,3,15,0,0,14,14,0.309,0.466,0.546,1.011,30,0,3,0,1,0,,player.fcgi?id=wiggin000and
Joey Brenczewski#,21,2025,Indiana,Big Ten,38,118,91,25,27,4,0,3,24,2,0,15,24,0.297,0.436,0.44,0.876,40,0,9,1,2,0,,player.fcgi?id=brencz000joe
Tyler Cerny,21,2025,Indiana,Big Ten,55,244,203,53,57,14,2,10,32,6,2,16,37,0.281,0.386,0.517,0.903,105,3,20,3,2,0,,player.fcgi?id=cerny-000tyl
Cole Decker*,19,2025,Indiana,Big Ten,23,6,5,8,0,0,0,0,0,0,0,1,3,0,0.167,0,0.167,0,0,0,0,0,0,,player.fcgi?id=decker001col
Tyler DeMartino,25,2025,Indiana,Big Ten,12,12,10,1,2,1,0,1,3,0,1,1,5,0.2,0.333,0.6,0.933,6,0,1,0,0,0,,player.fcgi?id=demart000tyl
Hogan Denny,19,2025,Indiana,Big Ten,50,169,137,33,40,11,0,6,24,1,0,22,31,0.292,0.42,0.504,0.924,69,1,9,0,1,0,,player.fcgi?id=denny-000hog
Korbyn Dickerson,21,2025,Indiana,Big Ten,56,271,242,57,76,14,3,19,77,5,0,24,51,0.314,0.382,0.632,1.014,153,1,3,1,1,1,,player.fcgi?id=dicker000kor
Ryan Gilbert,22,2025,Indiana,Big Ten,2,2,2,1,1,0,0,1,2,0,0,0,0,0.5,0.5,2,2.5,4,0,0,0,0,0,,player.fcgi?id=gilber002rya
Jake Hanley*,19,2025,Indiana,Big Ten,56,260,219,48,73,9,1,14,52,1,0,33,45,0.333,0.429,0.575,1.004,126,1,5,1,2,1,,player.fcgi?id=hanley000jak
Caleb Koskie,20,2025,Indiana,Big Ten,25,54,45,9,9,5,0,1,9,0,0,8,12,0.2,0.333,0.378,0.711,17,0,1,0,0,0,,player.fcgi?id=koskie000cal
Cooper Malamazian,19,2025,Indiana,Big Ten,55,199,172,39,55,17,2,4,40,3,2,17,53,0.32,0.394,0.512,0.906,88,3,6,1,3,0,,player.fcgi?id=malama000joh
Will Moore*,20,2025,Indiana,Big Ten,45,188,131,35,43,5,0,1,19,6,1,34,24,0.328,0.514,0.389,0.903,51,0,17,5,1,0,,player.fcgi?id=moore-040wil
Jasen Oliver,21,2025,Indiana,Big Ten,28,96,78,9,14,2,1,3,18,1,1,15,17,0.18,0.305,0.346,0.652,27,1,0,1,2,0,,player.fcgi?id=oliver001jas
Josh Pyne,22,2025,Indiana,Big Ten,5,11,10,1,0,0,0,0,0,0,0,1,3,0,0.091,0,0.091,0,0,0,0,0,0,,player.fcgi?id=pyne--000jos
T.J. Schuyler,20,2025,Indiana,Big Ten,36,100,88,15,22,3,0,2,17,1,0,10,19,0.25,0.327,0.352,0.679,31,1,0,2,0,0,,player.fcgi?id=schuyl000tj-
Jake Stadler*,23,2025,Indiana,Big Ten,44,140,103,25,28,3,1,3,16,0,0,20,11,0.272,0.432,0.408,0.84,42,2,9,8,0,0,,player.fcgi?id=stadle000jak
Devin Taylor*,21,2025,Indiana,Big Ten,55,269,214,63,80,13,2,18,66,12,4,52,30,0.374,0.494,0.706,1.2,151,4,1,0,2,5,,player.fcgi?id=taylor001dev
Andrew Wiggins*,20,2025,Indiana,Big Ten,43,183,133,37,34,7,1,4,24,7,2,38,36,0.256,0.454,0.414,0.867,55,0,11,0,1,0,,player.fcgi?id=wiggin000and
Brodey Bitove*,21,2026,Indiana,Big Ten,1,2,2,0,0,0,0,0,0,0,0,0,2,0,0,0,0,0,0,0,0,0,0,,player.fcgi?id=bitove000bro
Davian Carrera*,19,2026,Indiana,Big Ten,7,6,6,0,0,0,0,0,1,0,0,0,4,0,0,0,0,0,0,0,0,0,0,,player.fcgi?id=carrer001dav
Ayden Crouse,22,2026,Indiana,Big Ten,41,114,95,20,23,1,1,2,10,12,3,10,27,0.242,0.342,0.337,0.679,32,0,5,3,1,0,,player.fcgi?id=crouse000ayd
Cole Decker*,20,2026,Indiana,Big Ten,52,213,171,27,54,9,1,4,28,8,3,27,38,0.316,0.422,0.45,0.873,77,2,6,7,2,0,,player.fcgi?id=decker001col
Hogan Denny,20,2026,Indiana,Big Ten,51,248,207,63,74,18,0,14,44,11,3,28,32,0.358,0.452,0.647,1.099,134,3,10,0,3,2,,player.fcgi?id=denny-000hog
Landen Fry,19,2026,Indiana,Big Ten,52,205,186,28,52,8,0,2,30,0,0,13,22,0.28,0.343,0.355,0.698,66,8,5,1,0,0,,player.fcgi?id=fry---001lan
Cal Gates*,20,2026,Indiana,Big Ten,31,76,63,11,11,3,0,1,7,2,0,6,18,0.175,0.268,0.27,0.537,17,1,2,5,0,0,,player.fcgi?id=gates-000cal
Jake Hanley*,20,2026,Indiana,Big Ten,54,259,210,56,71,14,0,14,48,0,0,43,47,0.338,0.448,0.605,1.053,127,5,2,0,4,0,,player.fcgi?id=hanley000jak
Caleb Koskie,21,2026,Indiana,Big Ten,45,182,148,28,55,11,0,6,42,2,0,19,23,0.372,0.461,0.568,1.029,84,2,9,2,4,0,,player.fcgi?id=koskie000cal
Miles Mador,19,2026,Indiana,Big Ten,3,3,3,0,0,0,0,0,0,0,0,0,1,0,0,0,0,0,0,0,0,0,0,,player.fcgi?id=mador-000mil
Cooper Malamazian,20,2026,Indiana,Big Ten,51,231,196,33,59,10,3,4,36,4,3,27,48,0.301,0.389,0.444,0.833,87,4,3,2,3,0,,player.fcgi?id=malama000joh
Will Moore*,21,2026,Indiana,Big Ten,52,233,175,48,45,5,0,4,23,3,3,35,46,0.257,0.426,0.354,0.78,62,2,18,3,2,0,,player.fcgi?id=moore-040wil
Mateo Noto*,19,2026,Indiana,Big Ten,6,16,14,1,1,0,0,0,1,0,0,2,4,0.071,0.188,0.071,0.259,1,0,0,0,0,0,,player.fcgi?id=noto--000mat
Brayden Ricketts*,20,2026,Indiana,Big Ten,48,193,153,24,36,6,0,9,28,0,0,27,38,0.235,0.377,0.451,0.828,69,1,9,2,2,0,,player.fcgi?id=ricket000bra
T.J. Schuyler,21,2026,Indiana,Big Ten,38,93,80,3,6,3,0,0,5,1,0,7,24,0.075,0.159,0.113,0.272,9,0,1,5,0,0,,player.fcgi?id=schuyl000tj-
Aiden Stewart*,21,2026,Indiana,Big Ten,11,26,17,2,1,0,0,0,0,0,0,6,9,0.059,0.333,0.059,0.392,1,1,1,2,0,0,,player.fcgi?id=stewar001aid
Owen ten Oever,18,2026,Indiana,Big Ten,30,100,86,16,27,4,0,6,27,1,0,11,23,0.314,0.39,0.57,0.96,49,2,1,0,2,0,,player.fcgi?id=tenoev000owe
Tyson Blaser,23,2011,Iowa,Big Ten,51,218,180,26,55,18,1,1,21,9,2,21,23,0.306,0.396,0.433,0.83,78,,8,6,3,,,player.fcgi?id=blaser000tys
Keith Brand?,--,2011,Iowa,Big Ten,20,69,50,11,14,0,0,0,12,1,3,7,12,0.28,0.403,0.28,0.683,14,,4,7,1,,,player.fcgi?id=brand-000kei
Patrick Brennan*,21,2011,Iowa,Big Ten,2,1,0,0,0,0,0,0,0,0,0,1,0,,1,,,0,,0,0,0,,,player.fcgi?id=brenna000pat
Kasey Carling?,--,2011,Iowa,Big Ten,18,44,39,6,9,1,0,0,3,1,0,4,10,0.231,0.318,0.256,0.575,10,,1,0,0,,,player.fcgi?id=carlin000kas
Andrew Ewing?,--,2011,Iowa,Big Ten,32,113,92,9,24,1,0,0,10,1,1,11,23,0.261,0.367,0.272,0.639,25,,5,4,1,,,player.fcgi?id=ewing-000and
Tim Fangman?,--,2011,Iowa,Big Ten,25,1,1,0,0,0,0,0,0,0,0,0,1,0,0,0,0,0,,0,0,0,,,player.fcgi?id=fangma000tim
Sean Flanagan?,--,2011,Iowa,Big Ten,18,39,31,3,5,1,0,0,2,1,0,3,14,0.161,0.316,0.194,0.509,6,,4,1,0,,,player.fcgi?id=flanag000sea
Kyle Haen,--,2011,Iowa,Big Ten,30,59,45,10,9,1,0,0,6,4,2,9,11,0.2,0.339,0.222,0.562,10,,1,3,1,,,player.fcgi?id=haen--000kyl
Patrick Harshman?,--,2011,Iowa,Big Ten,8,3,1,5,1,1,0,0,1,0,0,2,0,1,1,2,3,2,,0,0,0,,,player.fcgi?id=harshm000pat
Andrew Host?,--,2011,Iowa,Big Ten,31,76,59,9,10,2,0,0,3,1,2,7,20,0.17,0.279,0.203,0.483,12,,2,8,0,,,player.fcgi?id=host--000and
Phil Keppler?,--,2011,Iowa,Big Ten,45,140,120,14,25,5,1,1,15,1,1,11,23,0.208,0.265,0.292,0.556,35,,0,4,5,,,player.fcgi?id=kepple000phi
Kevin Lee?,--,2011,Iowa,Big Ten,16,1,1,0,0,0,0,0,0,0,0,0,0,0,0,0,0,0,,0,0,0,,,player.fcgi?id=lee---006kev
Kurt Lee?,--,2011,Iowa,Big Ten,52,209,177,28,47,5,1,0,20,10,4,18,34,0.266,0.35,0.305,0.655,54,,5,9,0,,,player.fcgi?id=lee---001kur
Zach McCool?,--,2011,Iowa,Big Ten,50,211,171,18,37,2,0,0,18,5,3,17,26,0.216,0.297,0.228,0.526,39,,4,16,3,,,player.fcgi?id=mccool000zac
Mike McQuillan*,21,2011,Iowa,Big Ten,52,231,200,30,66,11,0,2,31,7,5,27,37,0.33,0.411,0.415,0.826,83,,1,2,1,,,player.fcgi?id=mcquil000mik
Bryan Niedbalski,19,2011,Iowa,Big Ten,41,134,102,17,26,7,0,1,10,0,0,25,38,0.255,0.405,0.353,0.758,36,,2,3,2,,,player.fcgi?id=niedba000bry
Jeff Pacha?,--,2011,Iowa,Big Ten,15,3,2,0,0,0,0,0,0,0,0,1,0,0,0.333,0,0.333,0,,0,0,0,,,player.fcgi?id=pacha-000jef
Dan Sheppard,20,2011,Iowa,Big Ten,3,10,7,0,2,1,0,0,1,0,0,2,2,0.286,0.444,0.429,0.873,3,,0,1,0,,,player.fcgi?id=sheppa001dan
Trevor Willis*,22,2011,Iowa,Big Ten,52,241,207,32,56,9,9,1,26,12,7,17,50,0.271,0.342,0.416,0.758,86,,6,10,1,,,player.fcgi?id=willis000tre
Chett Zeise?,--,2011,Iowa,Big Ten,48,190,160,20,44,7,0,2,19,2,2,21,34,0.275,0.359,0.356,0.715,57,,1,6,2,,,player.fcgi?id=zeise-000che
Taylor Zeutenhorst*,19,2011,Iowa,Big Ten,36,105,88,13,23,3,0,0,15,3,0,16,32,0.261,0.381,0.296,0.677,26,,1,0,0,,,player.fcgi?id=zeuten001tay
Keith Brand?,--,2012,Iowa,Big Ten,27,93,71,10,15,1,0,0,10,0,1,8,12,0.211,0.345,0.225,0.57,16,,7,6,1,0,,player.fcgi?id=brand-000kei
Patrick Brennan*,22,2012,Iowa,Big Ten,3,6,6,0,0,0,0,0,0,0,0,0,1,0,0,0,0,0,,0,0,0,0,,player.fcgi?id=brenna000pat
Kasey Carling?,--,2012,Iowa,Big Ten,18,42,33,5,7,1,0,0,5,0,0,7,6,0.212,0.35,0.242,0.592,8,,0,2,0,0,,player.fcgi?id=carlin000kas
Nick Day,--,2012,Iowa,Big Ten,16,33,23,3,5,1,1,0,5,2,0,4,6,0.217,0.367,0.348,0.715,8,,2,3,1,0,,player.fcgi?id=day---000nic
Andrew Ewing?,--,2012,Iowa,Big Ten,10,22,18,1,4,0,0,0,1,0,0,2,7,0.222,0.333,0.222,0.556,4,,1,1,0,0,,player.fcgi?id=ewing-000and
Sean Flanagan?,--,2012,Iowa,Big Ten,25,82,66,11,13,5,0,3,13,0,2,5,28,0.197,0.342,0.409,0.751,27,,10,0,1,0,,player.fcgi?id=flanag000sea
Kris Goodman,19,2012,Iowa,Big Ten,34,83,72,11,14,3,0,0,5,2,0,4,20,0.194,0.247,0.236,0.483,17,,1,6,0,0,,player.fcgi?id=goodma000kri
Kyle Haen,--,2012,Iowa,Big Ten,11,10,9,2,1,0,0,0,0,1,0,0,2,0.111,0.2,0.111,0.311,1,,1,0,0,0,,player.fcgi?id=haen--000kyl
Andrew Host?,--,2012,Iowa,Big Ten,44,93,73,11,16,4,0,0,6,2,0,6,22,0.219,0.326,0.274,0.6,20,,6,7,1,0,,player.fcgi?id=host--000and
Taylor Kaufman?,--,2012,Iowa,Big Ten,23,2,2,0,0,0,0,0,0,0,0,0,1,0,0,0,0,0,,0,0,0,0,,player.fcgi?id=kaufma000tay
Phil Keppler?,--,2012,Iowa,Big Ten,45,160,145,24,50,6,1,1,22,2,3,11,20,0.345,0.392,0.421,0.813,61,,1,2,1,1,,player.fcgi?id=kepple000phi
Sasha Kuebel,19,2012,Iowa,Big Ten,14,1,1,0,0,0,0,0,0,0,0,0,0,0,0,0,0,0,,0,0,0,0,,player.fcgi?id=kuebel000nic
Jake Mangler,20,2012,Iowa,Big Ten,37,145,129,14,37,3,1,0,20,3,2,4,13,0.287,0.331,0.326,0.657,42,,6,3,3,0,,player.fcgi?id=mangle000jak
Mike McQuillan*,22,2012,Iowa,Big Ten,50,230,178,44,63,8,2,1,24,14,4,41,33,0.354,0.489,0.438,0.927,78,,8,1,2,2,,player.fcgi?id=mcquil000mik
Bryan Niedbalski,20,2012,Iowa,Big Ten,32,70,57,9,13,2,0,0,10,0,0,6,23,0.228,0.313,0.263,0.577,15,,2,3,2,0,,player.fcgi?id=niedba000bry
Ryan Rumpf?,--,2012,Iowa,Big Ten,31,100,97,9,24,2,2,0,13,1,0,3,17,0.247,0.27,0.309,0.579,30,,0,0,0,0,,player.fcgi?id=rumpf-000rya
Dan Sheppard,21,2012,Iowa,Big Ten,32,107,94,13,22,5,0,0,10,3,0,8,22,0.234,0.318,0.287,0.605,27,,4,0,1,0,,player.fcgi?id=sheppa001dan
Eric Toole*,19,2012,Iowa,Big Ten,44,144,127,11,36,0,0,0,13,7,5,4,16,0.284,0.309,0.284,0.592,36,,2,8,3,1,,player.fcgi?id=toole-000eri
Anthony Torres,19,2012,Iowa,Big Ten,14,27,23,6,9,2,0,0,3,0,0,3,4,0.391,0.444,0.478,0.923,11,,0,0,1,0,,player.fcgi?id=torres011ant
Jake Yacinich*,19,2012,Iowa,Big Ten,46,192,161,24,47,8,1,0,24,9,0,8,18,0.292,0.348,0.354,0.702,57,,7,14,2,0,,player.fcgi?id=yacini000jak
Chett Zeise?,--,2012,Iowa,Big Ten,50,221,186,25,51,14,1,4,25,10,3,22,34,0.274,0.36,0.425,0.785,79,,4,7,2,1,,player.fcgi?id=zeise-000che
Taylor Zeutenhorst*,20,2012,Iowa,Big Ten,40,109,88,12,14,5,1,1,5,3,2,13,34,0.159,0.321,0.273,0.594,24,,8,0,0,1,,player.fcgi?id=zeuten001tay
Keith Brand?,--,2013,Iowa,Big Ten,37,139,101,16,25,5,0,0,16,0,2,11,17,0.248,0.433,0.297,0.73,30,,22,5,0,0,,player.fcgi?id=brand-000kei
Nick Day,--,2013,Iowa,Big Ten,41,137,120,15,24,2,1,1,11,4,2,6,27,0.2,0.276,0.258,0.534,31,,7,3,1,0,,player.fcgi?id=day---000nic
Jimmy Frankos*,19,2013,Iowa,Big Ten,10,12,10,1,2,0,0,0,2,0,0,1,2,0.2,0.333,0.2,0.533,2,,1,0,0,0,,player.fcgi?id=franko000jim
Kris Goodman,20,2013,Iowa,Big Ten,48,222,186,28,50,3,1,1,24,8,3,19,36,0.269,0.37,0.312,0.682,58,,11,6,0,1,,player.fcgi?id=goodma000kri
Andrew Hanse,22,2013,Iowa,Big Ten,16,1,1,0,0,0,0,0,0,0,0,0,1,0,0,0,0,0,,0,0,0,0,,player.fcgi?id=hanse-000and
Blake Hickman,19,2013,Iowa,Big Ten,36,110,91,13,20,4,0,0,6,0,2,12,26,0.22,0.355,0.264,0.618,24,,7,0,0,1,,player.fcgi?id=hickma000bla
Taylor Kaufman?,--,2013,Iowa,Big Ten,45,188,159,23,40,3,1,0,18,3,2,25,25,0.252,0.353,0.283,0.636,45,,0,4,0,1,,player.fcgi?id=kaufma000tay
Trevor Kenyon,21,2013,Iowa,Big Ten,31,116,102,16,31,8,1,0,16,0,1,10,26,0.304,0.388,0.402,0.79,41,,4,0,0,1,,player.fcgi?id=kenyon000tre
Jake Mangler,21,2013,Iowa,Big Ten,39,168,149,19,38,3,0,0,18,4,2,9,10,0.255,0.319,0.275,0.595,41,,6,2,2,0,,player.fcgi?id=mangle000jak
Bryan Niedbalski,21,2013,Iowa,Big Ten,22,50,46,2,9,2,0,0,4,0,0,2,8,0.196,0.225,0.239,0.464,11,,0,1,1,0,,player.fcgi?id=niedba000bry
Devin Pickett,19,2013,Iowa,Big Ten,5,2,2,0,1,0,0,0,0,0,0,0,0,0.5,0.5,0.5,1,1,,0,0,0,0,,player.fcgi?id=picket000dev
Nick Roscetti,19,2013,Iowa,Big Ten,37,121,103,10,28,4,0,0,6,7,1,10,28,0.272,0.345,0.311,0.656,32,,2,5,1,0,,player.fcgi?id=roscet000nic
Ryan Rumpf?,--,2013,Iowa,Big Ten,10,16,15,1,4,0,0,0,3,0,0,1,6,0.267,0.313,0.267,0.579,4,,0,0,0,0,,player.fcgi?id=rumpf-000rya
Dan Sheppard,22,2013,Iowa,Big Ten,31,102,90,9,19,4,0,0,11,2,1,4,19,0.211,0.27,0.256,0.526,23,,4,2,2,0,,player.fcgi?id=sheppa001dan
Eric Toole*,20,2013,Iowa,Big Ten,45,213,175,32,59,6,1,0,11,22,6,23,22,0.337,0.427,0.383,0.809,67,,5,9,1,1,,player.fcgi?id=toole-000eri
Anthony Torres,20,2013,Iowa,Big Ten,28,92,77,7,24,1,1,0,9,1,2,7,12,0.312,0.391,0.351,0.741,27,,3,5,0,0,,player.fcgi?id=torres011ant
Jake Yacinich*,20,2013,Iowa,Big Ten,41,179,154,22,44,4,0,0,24,4,3,9,22,0.286,0.361,0.312,0.672,48,,9,7,0,0,,player.fcgi?id=yacini000jak
Taylor Zeutenhorst*,21,2013,Iowa,Big Ten,40,122,103,14,24,4,2,0,15,5,2,9,35,0.233,0.353,0.311,0.663,32,,10,0,0,0,,player.fcgi?id=zeuten001tay
John Barrett?,--,2014,Iowa,Big Ten,7,6,5,1,1,0,0,0,0,0,0,1,2,0.2,0.333,0.2,0.533,1,,0,0,0,0,,player.fcgi?id=barret007joh
Nick Day,--,2014,Iowa,Big Ten,49,191,159,36,45,5,0,0,18,5,1,10,31,0.283,0.375,0.315,0.69,50,,14,7,1,0,,player.fcgi?id=day---000nic
Jimmy Frankos*,20,2014,Iowa,Big Ten,33,115,99,18,31,3,0,0,6,4,1,9,16,0.313,0.409,0.343,0.752,34,,7,0,0,1,,player.fcgi?id=franko000jim
Kris Goodman,21,2014,Iowa,Big Ten,52,209,176,29,50,8,0,4,28,6,4,17,41,0.284,0.366,0.398,0.764,70,,7,7,2,2,,player.fcgi?id=goodma000kri
Blake Hickman,20,2014,Iowa,Big Ten,33,70,60,15,13,3,0,3,14,2,0,7,15,0.217,0.304,0.417,0.721,25,,1,1,1,1,,player.fcgi?id=hickma000bla
Taylor Kaufman?,--,2014,Iowa,Big Ten,11,19,16,3,6,0,0,0,3,1,0,3,4,0.375,0.474,0.375,0.849,6,,0,0,0,0,,player.fcgi?id=kaufma000tay
Trevor Kenyon,22,2014,Iowa,Big Ten,27,70,55,7,13,5,0,0,9,0,0,11,21,0.236,0.371,0.327,0.699,18,,2,0,2,0,,player.fcgi?id=kenyon000tre
Jared Mandel?,--,2014,Iowa,Big Ten,15,1,1,0,0,0,0,0,0,0,0,0,1,0,0,0,0,0,,0,0,0,0,,player.fcgi?id=mandel000jar
Jake Mangler,22,2014,Iowa,Big Ten,53,253,216,38,68,10,1,1,45,5,2,21,21,0.315,0.397,0.384,0.781,83,,11,1,4,0,,player.fcgi?id=mangle000jak
Bryan Niedbalski,22,2014,Iowa,Big Ten,18,43,41,6,5,1,1,0,5,1,0,2,14,0.122,0.163,0.195,0.358,8,,0,0,0,0,,player.fcgi?id=niedba000bry
Tyler Peyton,20,2014,Iowa,Big Ten,52,165,142,23,47,9,0,2,28,2,0,19,23,0.331,0.402,0.437,0.839,62,,0,1,3,2,,player.fcgi?id=peyton000tyl
Dan Potempa?,--,2014,Iowa,Big Ten,51,212,176,15,58,13,0,3,40,0,1,19,30,0.33,0.414,0.455,0.868,80,,9,4,4,0,,player.fcgi?id=potemp000dan
Jake Riffice,22,2014,Iowa,Big Ten,28,30,22,6,2,1,0,0,3,1,0,4,9,0.091,0.222,0.136,0.359,3,,0,3,1,0,,player.fcgi?id=riffic000jak
Nick Roscetti,20,2014,Iowa,Big Ten,33,69,57,10,14,2,1,0,4,2,0,4,11,0.246,0.333,0.316,0.649,18,,4,3,1,0,,player.fcgi?id=roscet000nic
Joe Tellez?,--,2014,Iowa,Big Ten,9,10,9,0,2,1,0,0,1,0,0,1,3,0.222,0.3,0.333,0.633,3,,0,0,0,0,,player.fcgi?id=tellez000joe
Eric Toole*,21,2014,Iowa,Big Ten,52,257,222,48,67,9,3,0,30,14,5,20,22,0.302,0.371,0.369,0.74,82,,6,6,3,1,,player.fcgi?id=toole-000eri
Jake Yacinich*,21,2014,Iowa,Big Ten,53,244,208,45,76,6,4,1,32,25,4,19,30,0.365,0.438,0.447,0.885,93,,11,2,4,1,,player.fcgi?id=yacini000jak
Taylor Zeutenhorst*,22,2014,Iowa,Big Ten,53,245,205,37,55,7,1,9,35,11,4,30,60,0.268,0.388,0.444,0.832,91,,10,0,0,0,,player.fcgi?id=zeuten001tay
John Barrett?,--,2015,Iowa,Big Ten,20,40,33,3,5,1,0,0,6,0,0,4,14,0.152,0.275,0.182,0.457,6,,2,0,1,0,,player.fcgi?id=barret007joh
Joel Booker,21,2015,Iowa,Big Ten,59,250,217,28,51,7,1,2,25,9,5,13,41,0.235,0.31,0.304,0.614,66,,11,8,1,0,,player.fcgi?id=booker001joe
Nick Day,--,2015,Iowa,Big Ten,46,159,132,21,36,5,0,3,18,9,0,20,27,0.273,0.381,0.379,0.759,50,,3,4,0,0,,player.fcgi?id=day---000nic
Jimmy Frankos*,21,2015,Iowa,Big Ten,40,110,84,7,17,2,0,0,10,0,0,16,6,0.202,0.349,0.226,0.575,19,,4,4,2,0,,player.fcgi?id=franko000jim
Kris Goodman,22,2015,Iowa,Big Ten,59,258,214,37,56,11,5,3,26,10,4,30,36,0.262,0.365,0.402,0.767,86,,6,6,2,1,,player.fcgi?id=goodma000kri
Austin Guzzo*,19,2015,Iowa,Big Ten,26,68,60,7,13,3,1,0,7,1,0,5,15,0.217,0.284,0.3,0.584,18,,1,1,1,0,,player.fcgi?id=guzzo-000aus
Taylor Kaufman?,--,2015,Iowa,Big Ten,27,73,60,6,10,1,0,0,2,2,0,8,14,0.167,0.275,0.183,0.459,11,,1,4,0,0,,player.fcgi?id=kaufma000tay
Grant Klenovich,--,2015,Iowa,Big Ten,14,33,26,3,8,2,1,0,5,0,0,7,7,0.308,0.455,0.462,0.916,12,,0,0,0,0,,player.fcgi?id=klenov000gra
Jake Mangler,23,2015,Iowa,Big Ten,59,286,247,32,73,12,1,0,34,8,1,30,30,0.296,0.377,0.352,0.729,87,,3,5,1,0,,player.fcgi?id=mangle000jak
Sean Moore,23,2015,Iowa,Big Ten,25,52,39,8,9,4,0,0,10,1,0,9,10,0.231,0.404,0.333,0.737,13,,3,0,1,0,,player.fcgi?id=moore-001sea
Daniel Moriel?,--,2015,Iowa,Big Ten,32,93,70,11,19,4,0,1,10,0,0,15,8,0.271,0.435,0.371,0.806,26,,6,1,1,0,,player.fcgi?id=moriel000dan
Tyler Peyton,21,2015,Iowa,Big Ten,57,228,187,31,63,11,2,0,31,2,1,34,31,0.337,0.439,0.417,0.856,78,,3,0,4,2,,player.fcgi?id=peyton000tyl
Devin Pickett,21,2015,Iowa,Big Ten,11,6,6,3,0,0,0,0,0,0,0,0,4,0,0,0,0,0,,0,0,0,0,,player.fcgi?id=picket000dev
Dan Potempa?,--,2015,Iowa,Big Ten,47,153,135,11,36,8,0,1,19,0,2,10,22,0.267,0.342,0.348,0.69,47,,6,1,1,0,,player.fcgi?id=potemp000dan
Nick Roscetti,21,2015,Iowa,Big Ten,56,225,199,27,60,6,0,1,28,9,2,12,35,0.302,0.356,0.347,0.703,69,,6,6,2,2,,player.fcgi?id=roscet000nic
Eric Schenck-Joblinske*,22,2015,Iowa,Big Ten,34,56,43,11,6,0,1,2,5,3,0,8,18,0.14,0.321,0.326,0.647,14,,4,0,1,0,,player.fcgi?id=schenc000eri
Eric Toole*,22,2015,Iowa,Big Ten,59,291,252,42,77,8,4,1,28,27,7,22,33,0.306,0.373,0.381,0.754,96,,8,4,5,1,,player.fcgi?id=toole-000eri
Corbin Woods,20,2015,Iowa,Big Ten,16,8,6,5,1,0,0,0,0,1,0,1,0,0.167,0.375,0.167,0.542,1,,1,0,0,1,,player.fcgi?id=woods-001cor
John Barrett?,--,2016,Iowa,Big Ten,36,79,66,4,14,3,0,0,7,0,2,8,14,0.212,0.312,0.258,0.569,17,,2,2,1,0,,player.fcgi?id=barret007joh
Mitch Boe*,19,2016,Iowa,Big Ten,33,72,58,12,11,1,0,0,4,2,0,13,13,0.19,0.338,0.207,0.545,12,,0,1,0,0,,player.fcgi?id=boe---000mit
Joel Booker,22,2016,Iowa,Big Ten,56,264,235,47,87,19,2,5,37,23,2,16,29,0.37,0.422,0.532,0.953,125,,7,3,3,1,,player.fcgi?id=booker001joe
Zach Daniels*,19,2016,Iowa,Big Ten,46,123,96,14,16,2,0,0,16,6,1,17,20,0.167,0.292,0.188,0.48,18,,0,10,0,0,,player.fcgi?id=daniel002zac
Luke Farley,19,2016,Iowa,Big Ten,29,62,46,10,11,3,0,1,12,1,0,13,16,0.239,0.419,0.37,0.789,17,,2,0,1,0,,player.fcgi?id=farley000luk
Jimmy Frankos*,22,2016,Iowa,Big Ten,40,101,76,3,23,2,0,0,12,0,0,10,8,0.303,0.427,0.329,0.756,25,,8,5,2,0,,player.fcgi?id=franko000jim
Austin Guzzo*,20,2016,Iowa,Big Ten,43,128,106,18,28,4,0,3,25,0,2,20,36,0.264,0.383,0.387,0.77,41,,1,0,1,0,,player.fcgi?id=guzzo-000aus
Grant Klenovich,--,2016,Iowa,Big Ten,24,54,48,4,10,1,0,0,3,1,0,3,23,0.208,0.259,0.229,0.489,11,,1,0,2,0,,player.fcgi?id=klenov000gra
Mason McCoy,21,2016,Iowa,Big Ten,56,254,223,37,65,12,2,2,34,7,4,24,48,0.292,0.367,0.39,0.757,87,,3,3,1,0,,player.fcgi?id=mccoy-000mas
Daniel Moriel?,--,2016,Iowa,Big Ten,52,192,158,24,40,6,0,4,26,4,2,22,17,0.253,0.37,0.367,0.738,58,,8,3,1,1,,player.fcgi?id=moriel000dan
Robert Neustrom*,19,2016,Iowa,Big Ten,52,175,153,24,47,6,3,1,21,4,2,17,34,0.307,0.389,0.405,0.794,62,,4,0,1,2,,player.fcgi?id=neustr000rob
Tyler Peyton,22,2016,Iowa,Big Ten,54,246,215,43,72,17,4,4,26,8,4,28,35,0.335,0.412,0.507,0.919,109,,1,1,1,0,,player.fcgi?id=peyton000tyl
Devin Pickett,22,2016,Iowa,Big Ten,22,29,25,4,6,0,0,0,1,0,0,3,12,0.24,0.345,0.24,0.585,6,,1,0,0,0,,player.fcgi?id=picket000dev
Nick Roscetti,22,2016,Iowa,Big Ten,56,269,236,43,72,10,0,3,39,9,4,22,47,0.305,0.376,0.386,0.762,91,,6,3,2,1,,player.fcgi?id=roscet000nic
Eric Schenck-Joblinske*,23,2016,Iowa,Big Ten,50,146,128,21,29,10,1,2,14,2,2,12,33,0.227,0.31,0.367,0.678,47,,4,1,1,0,,player.fcgi?id=schenc000eri
Corbin Woods,21,2016,Iowa,Big Ten,39,77,61,11,11,0,0,1,6,4,2,14,13,0.18,0.351,0.23,0.58,14,,2,0,0,0,,player.fcgi?id=woods-001cor
Jake Adams?,--,2017,Iowa,Big Ten,61,283,245,55,82,14,0,29,72,5,1,29,57,0.335,0.417,0.747,1.164,183,,7,0,2,4,,player.fcgi?id=adams-001jak
Mitch Boe*,20,2017,Iowa,Big Ten,61,227,197,29,48,10,2,0,26,5,2,23,28,0.244,0.323,0.315,0.638,62,,1,4,2,0,,player.fcgi?id=boe---000mit
Tyler Cropley,21,2017,Iowa,Big Ten,61,248,205,41,55,8,2,9,36,6,4,28,41,0.268,0.371,0.459,0.829,94,,6,8,1,1,,player.fcgi?id=crople000tyl
Kyle Crowl,19,2017,Iowa,Big Ten,20,38,33,1,2,1,0,1,4,1,1,3,12,0.061,0.184,0.182,0.366,6,,2,0,0,0,,player.fcgi?id=crowl-000kyl
Luke Farley,20,2017,Iowa,Big Ten,22,42,34,3,8,1,0,0,1,1,1,7,18,0.235,0.381,0.265,0.646,9,,1,0,0,0,,player.fcgi?id=farley000luk
Zach Fricke*,22,2017,Iowa,Big Ten,16,34,29,3,4,2,0,0,3,0,0,4,13,0.138,0.235,0.207,0.442,6,,0,0,1,0,,player.fcgi?id=fricke000zac
Austin Guzzo*,21,2017,Iowa,Big Ten,32,89,71,14,16,1,0,2,10,3,1,15,21,0.225,0.368,0.324,0.692,23,,1,2,0,0,,player.fcgi?id=guzzo-000aus
Matt Hoeg,21,2017,Iowa,Big Ten,60,228,195,32,54,16,1,5,38,3,4,24,54,0.277,0.357,0.446,0.803,87,,3,1,5,0,,player.fcgi?id=hoeg--000mat
Justin Jenkins*,19,2017,Iowa,Big Ten,41,37,27,7,4,2,0,0,3,2,0,5,10,0.148,0.333,0.222,0.556,6,,3,1,1,0,,player.fcgi?id=jenkin002jus
Grant Judkins*,19,2017,Iowa,Big Ten,43,135,111,11,30,1,0,2,16,1,2,19,27,0.27,0.396,0.333,0.729,37,,4,1,0,0,,player.fcgi?id=judkin000gra
Mason McCoy,22,2017,Iowa,Big Ten,61,288,253,55,83,18,2,5,34,7,6,27,25,0.328,0.394,0.474,0.868,120,,3,1,4,0,,player.fcgi?id=mccoy-000mas
Robert Neustrom*,20,2017,Iowa,Big Ten,61,279,255,41,79,16,1,9,55,10,4,19,36,0.31,0.358,0.486,0.845,124,,2,0,3,1,,player.fcgi?id=neustr000rob
Ben Norman*,19,2017,Iowa,Big Ten,59,243,206,34,61,12,1,1,20,14,5,29,33,0.296,0.397,0.379,0.775,78,,6,1,1,1,,player.fcgi?id=norman000ben
Chris Whelan,21,2017,Iowa,Big Ten,57,258,207,37,64,11,0,7,25,6,3,32,40,0.309,0.435,0.464,0.899,96,,15,3,1,0,,player.fcgi?id=whelan000chr
Corbin Woods,22,2017,Iowa,Big Ten,25,26,21,13,4,0,0,1,3,1,0,4,6,0.191,0.346,0.333,0.68,7,,1,0,0,0,,player.fcgi?id=woods-001cor
Matt Berst,19,2018,Iowa,Big Ten,10,10,9,2,2,0,0,0,0,0,0,0,5,0.222,0.222,0.222,0.444,2,,0,1,0,0,,player.fcgi?id=berst-000mat
Mitch Boe*,21,2018,Iowa,Big Ten,51,183,155,23,41,10,0,1,23,7,3,20,30,0.265,0.35,0.348,0.698,54,,2,3,3,0,,player.fcgi?id=boe---000mit
Tyler Cropley,22,2018,Iowa,Big Ten,53,243,199,43,68,20,0,9,50,4,3,30,28,0.342,0.449,0.578,1.027,115,,11,0,3,1,,player.fcgi?id=crople000tyl
Kyle Crowl,20,2018,Iowa,Big Ten,52,233,182,41,45,8,1,6,33,0,0,34,36,0.247,0.394,0.401,0.795,73,,12,2,3,0,,player.fcgi?id=crowl-000kyl
Lorenzo Elion,20,2018,Iowa,Big Ten,45,153,142,13,39,3,1,2,27,5,2,4,30,0.275,0.303,0.352,0.655,50,,3,1,3,0,,player.fcgi?id=elion-000lor
Luke Farley,21,2018,Iowa,Big Ten,20,32,30,4,5,2,1,0,2,0,0,1,10,0.167,0.219,0.3,0.519,9,,1,0,0,0,,player.fcgi?id=farley000luk
Austin Guzzo*,22,2018,Iowa,Big Ten,45,137,110,26,27,5,0,3,13,3,0,23,40,0.246,0.394,0.373,0.767,41,,4,0,0,0,,player.fcgi?id=guzzo-000aus
Matt Hoeg,22,2018,Iowa,Big Ten,52,185,162,24,44,10,1,3,30,3,1,17,42,0.272,0.342,0.401,0.744,65,,2,1,3,0,,player.fcgi?id=hoeg--000mat
Justin Jenkins*,20,2018,Iowa,Big Ten,50,183,143,23,35,7,0,1,20,4,3,25,45,0.245,0.379,0.315,0.693,45,,7,6,2,0,,player.fcgi?id=jenkin002jus
Grant Judkins*,20,2018,Iowa,Big Ten,31,44,30,3,5,2,0,0,3,1,0,11,8,0.167,0.419,0.233,0.652,7,,2,1,0,0,,player.fcgi?id=judkin000gra
Kace Massner*,20,2018,Iowa,Big Ten,15,18,15,5,1,0,0,0,2,2,0,3,7,0.067,0.222,0.067,0.289,1,,0,0,0,0,,player.fcgi?id=massne000kac
Brett McCleary,19,2018,Iowa,Big Ten,16,40,29,3,5,0,0,0,5,0,1,8,8,0.172,0.35,0.172,0.522,5,,1,0,2,0,,player.fcgi?id=mcclea000bre
Robert Neustrom*,21,2018,Iowa,Big Ten,53,241,212,43,66,15,0,11,36,4,2,25,34,0.311,0.386,0.538,0.924,114,,2,0,2,2,,player.fcgi?id=neustr000rob
Ben Norman*,20,2018,Iowa,Big Ten,47,126,106,12,20,5,3,0,12,1,1,12,31,0.189,0.293,0.293,0.585,31,,4,3,1,0,,player.fcgi?id=norman000ben
Zion Pettigrew,19,2018,Iowa,Big Ten,14,21,18,2,3,0,0,0,3,0,0,3,6,0.167,0.286,0.167,0.452,3,,0,0,0,0,,player.fcgi?id=pettig000zio
Trenton Wallace*,19,2018,Iowa,Big Ten,20,6,5,0,1,0,0,0,0,0,0,1,2,0.2,0.333,0.2,0.533,1,,0,0,0,0,,player.fcgi?id=wallac000tre
Tanner Wetrich,22,2018,Iowa,Big Ten,35,89,76,14,17,4,1,1,11,3,2,10,25,0.224,0.326,0.342,0.668,26,,2,0,1,1,,player.fcgi?id=wetric000tan
Chris Whelan,22,2018,Iowa,Big Ten,38,181,156,36,48,4,0,4,10,2,1,17,19,0.308,0.403,0.41,0.814,64,,8,0,0,0,,player.fcgi?id=whelan000chr
Zeb Adreon*,21,2019,Iowa,Big Ten,45,134,117,20,35,11,1,2,24,0,1,12,42,0.299,0.388,0.462,0.85,54,,5,0,0,0,,player.fcgi?id=adreon000zeb
Matt Berst,20,2019,Iowa,Big Ten,9,11,10,3,1,1,0,0,0,2,1,1,3,0.1,0.182,0.2,0.382,2,,0,0,0,0,,player.fcgi?id=berst-000mat
Mitch Boe*,22,2019,Iowa,Big Ten,48,211,171,28,44,7,2,1,19,7,2,30,30,0.257,0.382,0.339,0.721,58,,5,4,1,0,,player.fcgi?id=boe---000mit
Lorenzo Elion,21,2019,Iowa,Big Ten,32,73,69,10,11,1,1,0,7,0,0,3,16,0.159,0.194,0.203,0.397,14,,0,1,0,0,,player.fcgi?id=elion-000lor
Luke Farley,22,2019,Iowa,Big Ten,23,55,44,4,10,1,0,0,3,0,0,8,15,0.227,0.382,0.25,0.632,11,,3,0,0,0,,player.fcgi?id=farley000luk
Izaya Fullard,19,2019,Iowa,Big Ten,52,228,199,32,61,8,0,5,31,5,0,22,25,0.307,0.376,0.422,0.798,84,,2,2,3,0,,player.fcgi?id=fullar000iza
Justin Jenkins*,21,2019,Iowa,Big Ten,46,96,77,12,20,1,0,1,6,6,2,15,24,0.26,0.387,0.312,0.699,24,,1,3,0,0,,player.fcgi?id=jenkin002jus
Grant Judkins*,21,2019,Iowa,Big Ten,33,26,20,1,4,1,0,0,6,0,0,5,6,0.2,0.346,0.25,0.596,5,,0,0,1,0,,player.fcgi?id=judkin000gra
Austin Martin,21,2019,Iowa,Big Ten,55,226,197,29,58,10,2,2,30,3,2,21,29,0.294,0.369,0.396,0.765,78,,4,1,3,1,,player.fcgi?id=martin005aus
Connor McCaffery*,20,2019,Iowa,Big Ten,32,93,84,5,20,3,0,1,5,3,1,8,24,0.238,0.312,0.31,0.621,26,,1,0,0,0,,player.fcgi?id=mccaff000con
Brett McCleary,20,2019,Iowa,Big Ten,23,39,37,3,9,1,0,0,1,0,0,2,7,0.243,0.282,0.27,0.552,10,,0,0,0,0,,player.fcgi?id=mcclea000bre
Ben Norman*,21,2019,Iowa,Big Ten,55,237,207,33,52,12,0,6,34,14,2,22,43,0.251,0.335,0.396,0.731,82,,5,1,2,2,,player.fcgi?id=norman000ben
Tanner Padgett,21,2019,Iowa,Big Ten,29,88,84,4,26,6,0,1,9,1,0,2,18,0.31,0.341,0.417,0.758,35,,2,0,0,0,,player.fcgi?id=padget000tan
Brendan Sher,19,2019,Iowa,Big Ten,33,100,83,15,25,5,1,1,4,2,0,13,21,0.301,0.392,0.422,0.814,35,,0,3,1,0,,player.fcgi?id=sher--000bre
Matthew Sosa,21,2019,Iowa,Big Ten,35,79,67,12,15,2,1,1,14,4,0,4,18,0.224,0.293,0.328,0.622,22,,3,4,1,0,,player.fcgi?id=sosa--000mat
Trenton Wallace*,20,2019,Iowa,Big Ten,40,59,50,3,11,3,0,0,9,0,0,8,8,0.22,0.339,0.28,0.619,14,,1,0,0,0,,player.fcgi?id=wallac000tre
Tanner Wetrich,23,2019,Iowa,Big Ten,52,211,175,35,46,8,2,7,28,9,3,22,49,0.263,0.374,0.451,0.825,79,,9,5,0,0,,player.fcgi?id=wetric000tan
Chris Whelan,23,2019,Iowa,Big Ten,51,229,177,32,51,12,0,1,21,3,3,35,32,0.288,0.43,0.373,0.803,66,,12,1,4,1,,player.fcgi?id=whelan000chr
Zeb Adreon*,22,2020,Iowa,Big Ten,15,66,51,9,17,2,0,0,13,3,1,10,17,0.333,0.462,0.373,0.834,19,,3,1,1,0,,player.fcgi?id=adreon000zeb
Lorenzo Elion,22,2020,Iowa,Big Ten,6,10,6,2,1,1,0,0,3,0,0,1,2,0.167,0.3,0.333,0.633,2,,1,0,2,0,,player.fcgi?id=elion-000lor
Brayden Frazier,20,2020,Iowa,Big Ten,9,26,20,0,4,1,0,0,6,0,1,4,7,0.2,0.346,0.25,0.596,5,,1,0,1,0,,player.fcgi?id=frazie005bra
Izaya Fullard,20,2020,Iowa,Big Ten,15,70,60,19,24,3,1,2,21,2,1,5,7,0.4,0.449,0.583,1.033,35,,2,1,2,0,,player.fcgi?id=fullar000iza
Justin Jenkins*,22,2020,Iowa,Big Ten,10,30,24,5,4,1,0,0,1,0,1,4,9,0.167,0.31,0.208,0.519,5,,1,1,0,0,,player.fcgi?id=jenkin002jus
Sam Link,19,2020,Iowa,Big Ten,2,5,4,1,1,0,0,0,2,0,0,0,1,0.25,0.2,0.25,0.45,1,,0,0,1,0,,player.fcgi?id=link--000sam
Austin Martin,22,2020,Iowa,Big Ten,13,53,47,9,13,1,0,1,3,1,1,5,11,0.277,0.359,0.362,0.72,17,,1,0,0,0,,player.fcgi?id=martin005aus
Brett McCleary,21,2020,Iowa,Big Ten,7,21,19,3,3,0,0,0,3,0,0,2,5,0.158,0.238,0.158,0.396,3,,0,0,0,0,,player.fcgi?id=mcclea000bre
Dylan Nedved,21,2020,Iowa,Big Ten,13,47,39,10,12,4,0,0,11,1,0,4,7,0.308,0.391,0.41,0.802,16,,2,1,1,0,,player.fcgi?id=nedved000dyl
Ben Norman*,22,2020,Iowa,Big Ten,15,73,61,18,18,3,1,0,6,5,0,11,9,0.295,0.411,0.377,0.788,23,,1,0,0,0,,player.fcgi?id=norman000ben
Tanner Padgett,22,2020,Iowa,Big Ten,2,6,6,0,0,0,0,0,0,0,0,0,5,0,0,0,0,0,,0,0,0,0,,player.fcgi?id=padget000tan
Brendan Sher,20,2020,Iowa,Big Ten,12,47,42,5,11,2,1,1,6,1,1,5,12,0.262,0.34,0.429,0.769,18,,0,0,0,0,,player.fcgi?id=sher--000bre
Ty Snep*,19,2020,Iowa,Big Ten,4,7,7,2,2,1,0,0,1,0,0,0,0,0.286,0.286,0.429,0.714,3,,0,0,0,0,,player.fcgi?id=snep--000tyl
Matthew Sosa,22,2020,Iowa,Big Ten,13,45,38,10,12,0,1,0,1,1,0,3,13,0.316,0.422,0.368,0.791,14,,4,0,0,0,,player.fcgi?id=sosa--000mat
Paul Vossen*,--,2020,Iowa,Big Ten,4,6,4,1,0,0,0,0,0,0,0,2,0,0,0.333,0,0.333,0,,0,0,0,0,,player.fcgi?id=vossen000pau
Trenton Wallace*,21,2020,Iowa,Big Ten,11,21,17,1,9,3,0,1,5,0,0,3,4,0.529,0.619,0.882,1.501,15,,1,0,0,0,,player.fcgi?id=wallac000tre
Peyton Williams*,19,2020,Iowa,Big Ten,15,67,57,13,17,4,1,2,16,1,0,8,11,0.298,0.388,0.509,0.897,29,,1,0,1,0,,player.fcgi?id=willia002pey
Zeb Adreon*,23,2021,Iowa,Big Ten,44,178,154,28,43,5,4,4,25,6,1,17,54,0.279,0.367,0.442,0.809,68,,5,1,1,2,,player.fcgi?id=adreon000zeb
Keaton Anthony,20,2021,Iowa,Big Ten,1,1,1,0,0,0,0,0,0,0,0,0,0,0,0,0,0,0,,0,0,0,0,,player.fcgi?id=anthon000kea
Brayden Frazier,21,2021,Iowa,Big Ten,31,101,80,16,26,10,0,0,16,3,0,15,20,0.325,0.43,0.45,0.88,36,,2,1,3,0,,player.fcgi?id=frazie005bra
Izaya Fullard,21,2021,Iowa,Big Ten,44,191,162,25,48,9,0,5,21,1,0,22,23,0.296,0.395,0.444,0.839,72,,5,1,1,0,,player.fcgi?id=fullar000iza
DJ Heck?,--,2021,Iowa,Big Ten,1,1,0,1,0,0,0,0,0,0,0,1,0,,1,,,0,,0,0,0,0,,player.fcgi?id=heck--000dj-
Sam Link,20,2021,Iowa,Big Ten,13,18,16,2,0,0,0,0,1,0,0,2,7,0,0.111,0,0.111,0,,0,0,0,0,,player.fcgi?id=link--000sam
Anthony Mangano*,19,2021,Iowa,Big Ten,4,5,4,0,0,0,0,0,0,0,0,1,3,0,0.2,0,0.2,0,,0,0,0,0,,player.fcgi?id=mangan000ant
Austin Martin,23,2021,Iowa,Big Ten,41,170,142,25,38,8,1,2,22,1,0,20,34,0.268,0.382,0.38,0.763,54,,7,0,1,0,,player.fcgi?id=martin005aus
Brett McCleary,22,2021,Iowa,Big Ten,28,78,64,6,14,2,0,2,12,0,0,12,18,0.219,0.338,0.344,0.682,22,,0,1,1,0,,player.fcgi?id=mcclea000bre
Dylan Nedved,22,2021,Iowa,Big Ten,42,166,129,27,31,8,2,1,23,10,1,20,17,0.24,0.35,0.357,0.707,46,,5,6,6,0,,player.fcgi?id=nedved000dyl
Andy Nelson,19,2021,Iowa,Big Ten,13,13,11,4,1,0,0,0,0,0,0,1,5,0.091,0.231,0.091,0.322,1,,1,0,0,0,,player.fcgi?id=nelson007and
Ben Norman*,23,2021,Iowa,Big Ten,44,209,170,36,52,14,4,10,53,12,1,27,41,0.306,0.421,0.612,1.033,104,,9,0,3,0,,player.fcgi?id=norman000ben
Michael Seegers,19,2021,Iowa,Big Ten,30,58,49,13,6,1,0,0,5,3,0,7,12,0.122,0.232,0.143,0.375,7,,0,2,0,0,,player.fcgi?id=seeger000mic
Brendan Sher,21,2021,Iowa,Big Ten,33,120,96,16,20,10,0,1,12,1,2,20,35,0.208,0.339,0.344,0.683,33,,0,2,2,0,,player.fcgi?id=sher--000bre
Ty Snep*,20,2021,Iowa,Big Ten,15,49,37,5,12,2,0,3,8,0,0,12,12,0.324,0.49,0.622,1.111,23,,0,0,0,1,,player.fcgi?id=snep--000tyl
Matthew Sosa,23,2021,Iowa,Big Ten,44,194,150,30,40,7,0,1,24,7,2,22,32,0.267,0.42,0.333,0.753,50,,19,1,2,0,,player.fcgi?id=sosa--000mat
Paul Vossen*,--,2021,Iowa,Big Ten,11,10,9,0,0,0,0,0,0,0,0,1,2,0,0.1,0,0.1,0,,0,0,0,0,,player.fcgi?id=vossen000pau
Trenton Wallace*,22,2021,Iowa,Big Ten,36,66,55,9,12,2,0,1,7,0,1,9,11,0.218,0.339,0.309,0.648,17,,1,1,0,0,,player.fcgi?id=wallac000tre
Peyton Williams*,20,2021,Iowa,Big Ten,38,164,122,34,36,15,1,6,27,0,0,34,37,0.295,0.47,0.582,1.052,71,,7,0,1,2,,player.fcgi?id=willia002pey
Keaton Anthony,21,2022,Iowa,Big Ten,53,244,202,46,73,22,0,14,55,0,0,28,40,0.361,0.455,0.678,1.133,137,5,10,0,4,2,,player.fcgi?id=anthon000kea
Brayden Frazier,22,2022,Iowa,Big Ten,39,77,69,11,12,4,0,1,12,1,2,6,25,0.174,0.26,0.275,0.535,19,0,2,0,0,0,,player.fcgi?id=frazie005bra
Izaya Fullard,22,2022,Iowa,Big Ten,34,154,124,22,40,5,0,2,15,1,1,24,19,0.323,0.441,0.411,0.852,51,3,3,2,1,1,,player.fcgi?id=fullar000iza
DJ Heck?,--,2022,Iowa,Big Ten,4,4,4,0,0,0,0,0,1,0,0,0,2,0,0,0,0,0,0,0,0,0,0,,player.fcgi?id=heck--000dj-
Sam Hojnar#,21,2022,Iowa,Big Ten,33,102,88,13,24,7,0,0,11,1,1,9,21,0.273,0.363,0.352,0.715,31,0,4,0,1,0,,player.fcgi?id=hojnar000sam
Kyle Huckstorf,21,2022,Iowa,Big Ten,54,213,176,34,50,7,3,5,36,8,2,19,55,0.284,0.391,0.443,0.834,78,2,13,3,2,0,,player.fcgi?id=huckst000kyl
Sam Link,21,2022,Iowa,Big Ten,1,3,3,0,0,0,0,0,0,0,0,0,1,0,0,0,0,0,0,0,0,0,0,,player.fcgi?id=link--000sam
Anthony Mangano*,20,2022,Iowa,Big Ten,33,70,60,8,14,3,2,0,4,1,0,6,29,0.233,0.329,0.35,0.679,21,0,3,0,1,0,,player.fcgi?id=mangan000ant
Brett McCleary,23,2022,Iowa,Big Ten,34,76,64,7,13,1,0,1,7,0,1,11,20,0.203,0.316,0.266,0.581,17,1,0,0,1,0,,player.fcgi?id=mcclea000bre
Cade Moss,21,2022,Iowa,Big Ten,28,70,53,9,15,3,0,0,10,1,1,8,18,0.283,0.435,0.34,0.774,18,1,7,1,1,0,,player.fcgi?id=moss--000cad
Will Mulflur,21,2022,Iowa,Big Ten,32,90,71,11,19,3,1,2,12,2,0,13,21,0.268,0.405,0.423,0.827,30,1,4,1,1,0,,player.fcgi?id=mulflu000wil
Andy Nelson,20,2022,Iowa,Big Ten,18,60,55,10,14,4,0,1,4,2,0,4,23,0.255,0.305,0.382,0.687,21,0,0,1,0,0,,player.fcgi?id=nelson007and
Alec Nigut*,20,2022,Iowa,Big Ten,13,10,5,5,0,0,0,0,0,2,0,5,3,0,0.5,0,0.5,0,0,0,0,0,0,,player.fcgi?id=nigut-000ale
Sam Petersen,19,2022,Iowa,Big Ten,49,177,148,31,39,7,0,6,33,3,1,17,47,0.264,0.362,0.432,0.795,64,1,7,3,2,0,,player.fcgi?id=peters006sam
Michael Seegers,20,2022,Iowa,Big Ten,54,268,227,43,65,7,1,1,31,6,3,28,48,0.286,0.375,0.339,0.714,77,2,6,4,3,0,,player.fcgi?id=seeger000mic
Brendan Sher,22,2022,Iowa,Big Ten,47,157,131,11,31,6,0,3,20,5,2,15,34,0.237,0.333,0.351,0.684,46,1,5,4,2,0,,player.fcgi?id=sher--000bre
Ty Snep*,21,2022,Iowa,Big Ten,14,39,34,3,8,0,0,0,3,0,0,4,11,0.235,0.308,0.235,0.543,8,1,0,0,1,0,,player.fcgi?id=snep--000tyl
Ben Tallman,22,2022,Iowa,Big Ten,35,98,82,14,20,5,0,1,11,0,0,12,39,0.244,0.351,0.342,0.692,28,1,2,1,1,0,,player.fcgi?id=tallma000ben
Peyton Williams*,21,2022,Iowa,Big Ten,54,261,209,55,70,17,2,13,41,4,0,35,35,0.335,0.464,0.622,1.086,130,3,16,0,1,5,,player.fcgi?id=willia002pey
Ben Wilmes,19,2022,Iowa,Big Ten,33,102,77,23,18,2,0,0,15,4,0,19,19,0.234,0.41,0.26,0.67,20,2,4,2,0,0,,player.fcgi?id=wilmes000ben
Mitch Wood,19,2022,Iowa,Big Ten,11,15,15,2,1,0,0,0,1,1,0,0,4,0.067,0.067,0.067,0.133,1,2,0,0,0,0,,player.fcgi?id=wood--001mit
Keaton Anthony,22,2023,Iowa,Big Ten,43,198,157,51,61,22,0,9,38,1,0,24,22,0.389,0.505,0.701,1.206,110,0,15,0,2,2,,player.fcgi?id=anthon000kea
Gehrig Christensen*,20,2023,Iowa,Big Ten,11,25,14,6,3,0,0,0,2,1,0,9,7,0.214,0.48,0.214,0.694,3,0,0,0,2,0,,player.fcgi?id=christ001geh
Brennen Dorighi*,23,2023,Iowa,Big Ten,60,277,224,66,78,19,0,15,67,9,2,43,61,0.348,0.469,0.634,1.103,142,3,9,0,1,2,,player.fcgi?id=dorigh000bre
Brayden Frazier,23,2023,Iowa,Big Ten,49,145,125,19,39,10,0,4,29,4,1,14,35,0.312,0.392,0.488,0.88,61,1,3,2,1,0,,player.fcgi?id=frazie005bra
Blake Guerin,19,2023,Iowa,Big Ten,21,37,31,5,9,5,0,1,7,0,0,5,12,0.29,0.405,0.548,0.954,17,0,1,0,0,0,,player.fcgi?id=guerin000bla
Sam Hojnar#,22,2023,Iowa,Big Ten,59,243,208,42,53,13,1,10,59,11,0,21,62,0.255,0.339,0.471,0.81,98,1,8,1,5,0,,player.fcgi?id=hojnar000sam
Kyle Huckstorf,22,2023,Iowa,Big Ten,57,257,211,53,59,13,5,6,54,17,2,27,43,0.28,0.387,0.474,0.861,100,4,13,1,5,0,,player.fcgi?id=huckst000kyl
Gable Mitchell*,19,2023,Iowa,Big Ten,32,44,35,4,4,2,0,0,5,0,2,8,6,0.114,0.273,0.171,0.444,6,1,0,0,1,0,,player.fcgi?id=mitche000gab
Chase Moseley,22,2023,Iowa,Big Ten,15,50,30,9,6,1,1,1,8,5,0,15,6,0.2,0.52,0.4,0.92,12,0,5,0,0,0,,player.fcgi?id=mosele000cha
Cade Moss,22,2023,Iowa,Big Ten,53,199,165,33,43,8,1,0,22,8,1,19,26,0.261,0.356,0.321,0.677,53,3,7,5,3,0,,player.fcgi?id=moss--000cad
Will Mulflur,22,2023,Iowa,Big Ten,12,25,21,1,3,0,0,1,3,1,0,3,4,0.143,0.28,0.286,0.566,6,0,1,0,0,0,,player.fcgi?id=mulflu000wil
Sam Petersen,20,2023,Iowa,Big Ten,51,217,166,45,53,9,1,11,47,20,2,25,49,0.319,0.449,0.584,1.033,97,0,18,3,5,2,,player.fcgi?id=peters006sam
Coy Sarsfield,21,2023,Iowa,Big Ten,17,20,17,4,3,0,0,0,0,1,0,2,4,0.177,0.3,0.177,0.477,3,0,1,0,0,0,,player.fcgi?id=sarsfi000coy
Michael Seegers,21,2023,Iowa,Big Ten,60,277,227,57,73,7,5,4,31,17,4,36,31,0.322,0.428,0.449,0.877,102,2,7,6,1,0,,player.fcgi?id=seeger000mic
Ben Tallman,23,2023,Iowa,Big Ten,16,32,23,3,4,0,0,1,6,0,0,4,13,0.174,0.321,0.304,0.626,7,0,1,4,0,0,,player.fcgi?id=tallma000ben
Raider Tello,22,2023,Iowa,Big Ten,59,283,241,47,76,14,1,4,50,3,1,31,36,0.315,0.404,0.432,0.836,104,0,7,1,3,0,,player.fcgi?id=tello-000rai
Ben Wilmes,20,2023,Iowa,Big Ten,51,207,150,44,37,6,1,3,24,4,1,40,54,0.247,0.426,0.36,0.786,54,1,9,5,3,0,,player.fcgi?id=wilmes000ben
Davis Cop,23,2024,Iowa,Big Ten,51,232,209,23,70,10,0,7,59,0,1,18,31,0.335,0.388,0.483,0.871,101,1,2,0,3,0,,player.fcgi?id=cop---000dav
Blake Guerin,20,2024,Iowa,Big Ten,40,89,76,10,14,7,0,1,13,0,2,13,26,0.184,0.303,0.316,0.619,24,0,0,0,0,0,,player.fcgi?id=guerin000bla
Connor Hennings,21,2024,Iowa,Big Ten,28,61,50,10,12,1,1,1,3,0,1,3,17,0.24,0.361,0.36,0.721,18,0,7,0,1,0,,player.fcgi?id=hennin000con
Kyle Huckstorf,23,2024,Iowa,Big Ten,43,179,151,41,47,8,3,6,40,13,1,16,34,0.311,0.398,0.523,0.921,79,0,7,3,2,0,,player.fcgi?id=huckst000kyl
Merrick Mathews,21,2024,Iowa,Big Ten,9,15,10,3,3,1,0,1,6,0,0,3,3,0.3,0.467,0.7,1.167,7,0,1,0,1,0,,player.fcgi?id=mathew000mer
Gable Mitchell*,20,2024,Iowa,Big Ten,54,240,198,41,58,14,2,4,43,2,1,29,31,0.293,0.39,0.444,0.834,88,1,5,4,4,1,,player.fcgi?id=mitche000gab
Reese Moore*,20,2024,Iowa,Big Ten,51,218,171,40,49,15,1,5,32,4,1,32,47,0.287,0.424,0.474,0.898,81,4,11,1,3,0,,player.fcgi?id=moore-000ree
Cade Moss,23,2024,Iowa,Big Ten,34,86,60,14,14,1,0,1,14,1,1,12,12,0.233,0.413,0.3,0.713,18,0,7,6,1,0,,player.fcgi?id=moss--000cad
Will Mulflur,23,2024,Iowa,Big Ten,28,87,67,16,20,3,0,0,3,0,0,17,7,0.299,0.454,0.343,0.797,23,0,2,1,0,0,,player.fcgi?id=mulflu000wil
Andy Nelson,22,2024,Iowa,Big Ten,46,209,169,45,55,7,0,9,44,9,3,32,48,0.325,0.442,0.527,0.969,89,1,5,1,2,0,,player.fcgi?id=nelson007and
Sam Petersen,21,2024,Iowa,Big Ten,33,159,126,47,42,11,2,5,27,17,1,20,29,0.333,0.459,0.571,1.031,72,1,11,0,2,1,,player.fcgi?id=peters006sam
Michael Seegers,22,2024,Iowa,Big Ten,54,239,199,45,57,9,1,2,32,10,0,25,24,0.286,0.389,0.372,0.761,74,1,9,5,1,1,,player.fcgi?id=seeger000mic
Kellen Strohmeyer*,20,2024,Iowa,Big Ten,17,21,18,5,3,0,0,0,1,2,0,2,7,0.167,0.286,0.167,0.452,3,0,1,0,0,0,,player.fcgi?id=strohm000kel
Ben Swails,20,2024,Iowa,Big Ten,20,8,4,12,1,0,0,0,0,2,0,2,2,0.25,0.625,0.25,0.875,1,0,2,0,0,0,,player.fcgi?id=swails000ben
Raider Tello,23,2024,Iowa,Big Ten,54,258,221,51,79,19,4,7,60,6,1,27,31,0.358,0.434,0.575,1.009,127,1,6,0,4,2,,player.fcgi?id=tello-000rai
Ben Wilmes,21,2024,Iowa,Big Ten,48,182,143,40,39,5,2,5,25,4,0,27,35,0.273,0.422,0.441,0.863,63,4,10,2,0,0,,player.fcgi?id=wilmes000ben
Jackson Beaman,23,2025,Iowa,Big Ten,37,114,94,18,22,5,0,7,21,2,1,18,33,0.234,0.368,0.511,0.879,48,1,2,0,0,1,,player.fcgi?id=beaman000jac
Reece Beuter,24,2025,Iowa,Big Ten,14,1,0,0,0,0,0,0,1,0,0,0,0,,0,,,0,0,0,0,1,0,,player.fcgi?id=beuter000ree
Max Burt,21,2025,Iowa,Big Ten,8,6,4,3,1,0,0,0,3,0,0,2,1,0.25,0.5,0.25,0.75,1,0,0,0,0,0,,player.fcgi?id=burt--001max
Colin Coonradt*,19,2025,Iowa,Big Ten,13,22,16,5,4,0,0,0,1,0,0,3,9,0.25,0.455,0.25,0.705,4,0,3,0,0,0,,player.fcgi?id=coonra000col
Jaixen Frost,20,2025,Iowa,Big Ten,40,126,105,23,32,9,0,3,23,1,0,16,31,0.305,0.411,0.476,0.888,50,0,3,2,0,0,,player.fcgi?id=frost-000jai
Blake Guerin,21,2025,Iowa,Big Ten,49,120,96,22,25,6,0,8,21,1,0,16,31,0.26,0.395,0.573,0.968,55,3,6,1,1,0,,player.fcgi?id=guerin000bla
Tyler Guerin*,19,2025,Iowa,Big Ten,20,11,10,1,3,1,0,0,3,0,0,1,2,0.3,0.364,0.4,0.764,4,0,0,0,0,0,,player.fcgi?id=guerin000tyl
Connor Hennings,22,2025,Iowa,Big Ten,17,23,18,3,3,1,0,0,2,1,1,4,7,0.167,0.304,0.222,0.527,4,0,0,0,1,0,,player.fcgi?id=hennin000con
Gable Mitchell*,21,2025,Iowa,Big Ten,56,271,225,52,74,18,0,5,44,12,2,31,19,0.329,0.421,0.476,0.897,107,2,7,5,3,0,,player.fcgi?id=mitche000gab
Reese Moore*,21,2025,Iowa,Big Ten,56,241,194,41,59,16,2,9,45,4,1,35,53,0.304,0.436,0.546,0.982,106,0,11,0,1,0,,player.fcgi?id=moore-000ree
Andy Nelson,23,2025,Iowa,Big Ten,47,135,112,26,28,8,0,7,21,3,3,19,37,0.25,0.373,0.509,0.882,57,0,3,1,0,1,,player.fcgi?id=nelson007and
Miles Risley,21,2025,Iowa,Big Ten,56,251,201,46,60,8,2,6,45,7,1,29,32,0.299,0.422,0.448,0.87,90,0,16,2,3,0,,player.fcgi?id=risley000mil
Daniel Rogers*,23,2025,Iowa,Big Ten,54,218,171,31,43,11,1,7,42,1,0,32,41,0.252,0.392,0.45,0.842,77,2,10,1,4,1,,player.fcgi?id=rogers005dan
Kooper Schulte,21,2025,Iowa,Big Ten,47,135,123,21,33,6,0,3,25,2,2,9,35,0.268,0.321,0.39,0.711,48,0,1,1,1,0,,player.fcgi?id=schult000koo
Kellen Strohmeyer*,21,2025,Iowa,Big Ten,38,82,63,19,17,4,0,3,10,3,1,19,20,0.27,0.439,0.476,0.915,30,0,0,0,0,1,,player.fcgi?id=strohm000kel
Ben Swails,21,2025,Iowa,Big Ten,41,135,114,29,35,9,0,2,14,8,2,18,38,0.307,0.406,0.439,0.845,50,0,1,2,0,0,,player.fcgi?id=swails000ben
Ben Wilmes,22,2025,Iowa,Big Ten,52,234,197,46,61,16,1,7,41,1,0,25,35,0.31,0.398,0.508,0.906,100,1,6,3,3,1,,player.fcgi?id=wilmes000ben
Mitch Wood,22,2025,Iowa,Big Ten,20,32,29,3,8,3,0,0,5,0,0,2,10,0.276,0.344,0.379,0.723,11,0,1,0,0,0,,player.fcgi?id=wood--001mit
Caleb Wulf*,21,2025,Iowa,Big Ten,49,161,140,26,51,4,0,1,27,5,0,10,12,0.364,0.42,0.414,0.835,58,1,5,4,2,1,,player.fcgi?id=wulf--000cal
Kyle Alivo,20,2026,Iowa,Big Ten,34,30,28,7,8,4,0,1,7,0,0,2,10,0.286,0.333,0.536,0.869,15,0,0,0,0,0,,player.fcgi?id=alivo-000kyl
Max Burt,22,2026,Iowa,Big Ten,40,126,96,25,29,6,0,3,25,0,1,19,29,0.302,0.44,0.458,0.898,44,2,7,1,3,0,,player.fcgi?id=burt--001max
Matthew Delgado,23,2026,Iowa,Big Ten,37,90,78,15,22,2,1,2,18,0,1,5,23,0.282,0.344,0.41,0.755,32,1,4,0,3,0,,player.fcgi?id=delgad001mat
Jaixen Frost,21,2026,Iowa,Big Ten,45,147,112,27,28,6,1,5,25,0,2,19,38,0.25,0.396,0.455,0.851,51,3,10,3,3,0,,player.fcgi?id=frost-000jai
Carter Geffre,20,2026,Iowa,Big Ten,20,79,66,14,21,4,0,4,22,1,0,9,19,0.318,0.418,0.561,0.978,37,3,3,0,1,0,,player.fcgi?id=geffre000car
Tyler Guerin*,20,2026,Iowa,Big Ten,22,12,9,2,1,0,0,0,1,0,0,1,3,0.111,0.25,0.111,0.361,1,2,1,0,1,0,,player.fcgi?id=guerin000tyl
Gable Mitchell*,22,2026,Iowa,Big Ten,56,270,228,59,82,15,5,5,43,14,4,31,18,0.36,0.452,0.535,0.987,122,2,9,0,2,1,,player.fcgi?id=mitche000gab
Joey Nerat*,22,2026,Iowa,Big Ten,56,194,163,32,48,15,4,6,40,16,1,22,48,0.295,0.399,0.546,0.945,89,1,7,1,1,0,,player.fcgi?id=nerat-000joe
Bryce Phelps,23,2026,Iowa,Big Ten,17,47,37,7,10,2,0,0,7,0,0,6,7,0.27,0.426,0.324,0.75,12,1,4,0,0,0,,player.fcgi?id=phelps000bry
Miles Risley,22,2026,Iowa,Big Ten,50,213,165,45,50,8,1,8,34,16,0,29,56,0.303,0.439,0.509,0.948,84,2,14,1,4,0,,player.fcgi?id=risley000mil
Kooper Schulte,22,2026,Iowa,Big Ten,56,261,223,50,61,18,1,9,39,11,2,22,46,0.274,0.355,0.484,0.84,108,6,9,2,5,1,,player.fcgi?id=schult000koo
Tate Slagle,20,2026,Iowa,Big Ten,17,0,0,1,0,0,0,0,0,0,0,0,0,,,,,0,0,0,0,0,0,,player.fcgi?id=slagle000tat
Kellen Strohmeyer*,22,2026,Iowa,Big Ten,53,193,171,36,51,10,2,3,25,18,0,19,38,0.298,0.373,0.433,0.806,74,5,2,0,1,0,,player.fcgi?id=strohm000kel
Ben Swails,22,2026,Iowa,Big Ten,43,126,105,34,36,9,1,5,18,9,1,15,28,0.343,0.444,0.591,1.034,62,2,4,2,0,0,,player.fcgi?id=swails000ben
Brett White*,21,2026,Iowa,Big Ten,31,60,45,15,16,6,0,2,11,2,2,10,22,0.356,0.517,0.622,1.139,28,0,5,0,0,0,,player.fcgi?id=white-005bre
Mitch Wood,23,2026,Iowa,Big Ten,44,105,83,18,24,3,0,6,26,1,0,19,32,0.289,0.419,0.542,0.961,45,0,1,0,2,0,,player.fcgi?id=wood--001mit
Caleb Wulf*,22,2026,Iowa,Big Ten,56,257,231,46,89,15,0,3,49,3,2,14,13,0.385,0.437,0.489,0.926,113,7,8,3,1,1,,player.fcgi?id=wulf--000cal
Jaylen Ziegler,21,2026,Iowa,Big Ten,40,91,80,22,23,3,2,0,13,5,0,4,26,0.288,0.337,0.375,0.712,30,4,3,2,2,0,,player.fcgi?id=ziegle000jay
Torsten Boss*,20,2011,Michigan State,Big Ten,57,263,219,44,81,17,5,7,59,7,2,28,38,0.37,0.436,0.589,1.025,129,,4,4,8,,,player.fcgi?id=boss--000tor
Andrew Carpenter?,--,2011,Michigan State,Big Ten,26,85,76,15,17,4,0,4,13,0,0,1,24,0.224,0.268,0.434,0.703,33,,4,3,1,,,player.fcgi?id=carpen002and
Trevor Cousineau*,22,2011,Michigan State,Big Ten,7,7,5,1,1,0,0,0,0,0,0,1,4,0.2,0.429,0.2,0.629,1,,1,0,0,,,player.fcgi?id=cousin001tre
Brandon Eckerle,22,2011,Michigan State,Big Ten,57,284,253,53,96,10,0,0,19,22,11,19,16,0.379,0.427,0.419,0.846,106,,4,5,3,,,player.fcgi?id=eckerl000bra
Joel Fisher,18,2011,Michigan State,Big Ten,46,182,155,20,38,12,0,0,16,0,1,15,34,0.245,0.326,0.323,0.648,50,,4,7,1,,,player.fcgi?id=fisher001joe
Jeff Holm*,22,2011,Michigan State,Big Ten,57,263,226,51,85,15,3,9,61,20,8,27,24,0.376,0.441,0.589,1.03,133,,4,0,6,,,player.fcgi?id=holm--000jef
Jared Hook?,--,2011,Michigan State,Big Ten,48,200,173,19,59,7,1,0,30,1,0,16,27,0.341,0.399,0.393,0.792,68,,2,7,2,,,player.fcgi?id=hook--000jar
Andrew Johnson?,--,2011,Michigan State,Big Ten,19,55,44,7,14,3,0,1,11,0,0,5,15,0.318,0.434,0.455,0.889,20,,4,2,0,,,player.fcgi?id=johnso008and
Ryan Jones,20,2011,Michigan State,Big Ten,55,263,218,62,75,18,1,1,29,12,8,34,12,0.344,0.442,0.45,0.892,98,,6,3,2,,,player.fcgi?id=jones-004rya
Jordan Keur?,--,2011,Michigan State,Big Ten,55,224,196,19,51,8,0,1,17,6,4,8,16,0.26,0.313,0.316,0.629,62,,7,13,0,,,player.fcgi?id=keur--000jor
Jeff Kinley*,19,2011,Michigan State,Big Ten,39,90,76,8,18,4,1,0,5,3,1,7,20,0.237,0.31,0.316,0.625,24,,1,6,0,,,player.fcgi?id=kinley000jef
John Martinez,19,2011,Michigan State,Big Ten,10,16,14,1,2,0,0,0,0,0,0,0,4,0.143,0.2,0.143,0.343,2,,1,1,0,,,player.fcgi?id=martin035joh
Grant Newsome?,--,2011,Michigan State,Big Ten,13,11,8,3,2,1,0,0,0,0,1,2,2,0.25,0.4,0.375,0.775,3,,0,1,0,,,player.fcgi?id=newsom000gra
Andrew Rademacher?,--,2011,Michigan State,Big Ten,5,5,3,2,0,0,0,0,0,0,0,1,3,0,0.4,0,0.4,0,,1,0,0,,,player.fcgi?id=radema000and
Justin Scanlon?,--,2011,Michigan State,Big Ten,57,250,225,29,68,4,3,0,30,6,4,11,21,0.302,0.344,0.347,0.691,78,,6,3,5,,,player.fcgi?id=scanlo000jus
Tony Wieber,20,2011,Michigan State,Big Ten,45,117,104,12,30,12,0,0,21,0,0,10,15,0.289,0.348,0.404,0.752,42,,0,2,1,,,player.fcgi?id=wieber000ant
Seth Williams?,--,2011,Michigan State,Big Ten,10,17,13,2,2,0,0,2,6,0,0,4,4,0.154,0.353,0.615,0.968,8,,0,0,0,,,player.fcgi?id=willia002set
Torsten Boss*,21,2012,Michigan State,Big Ten,60,293,235,44,71,13,3,5,43,12,3,43,45,0.302,0.419,0.447,0.866,105,,8,2,5,3,,player.fcgi?id=boss--000tor
Andrew Carpenter?,--,2012,Michigan State,Big Ten,10,29,26,0,4,0,0,0,2,0,0,1,9,0.154,0.185,0.154,0.339,4,,0,2,0,0,,player.fcgi?id=carpen002and
Anthony Cheky*,19,2012,Michigan State,Big Ten,42,171,147,33,46,5,0,1,6,15,3,16,17,0.313,0.388,0.367,0.755,54,,2,6,0,0,,player.fcgi?id=cheky-000ant
Joel Fisher,19,2012,Michigan State,Big Ten,38,140,132,15,37,7,0,2,18,0,0,4,20,0.28,0.321,0.379,0.7,50,,4,0,0,0,,player.fcgi?id=fisher001joe
Kevin Goergen?,--,2012,Michigan State,Big Ten,14,16,14,2,1,0,0,0,1,0,0,1,4,0.071,0.188,0.071,0.259,1,,1,0,0,0,,player.fcgi?id=goerge000kev
Jared Hook?,--,2012,Michigan State,Big Ten,46,161,134,15,35,5,1,3,25,1,0,16,30,0.261,0.344,0.381,0.725,51,,2,7,2,0,,player.fcgi?id=hook--000jar
Andrew Johnson?,--,2012,Michigan State,Big Ten,16,29,22,4,5,1,0,0,5,0,0,5,10,0.227,0.393,0.273,0.666,6,,1,1,0,0,,player.fcgi?id=johnso008and
Ryan Jones,21,2012,Michigan State,Big Ten,60,304,261,52,92,16,3,3,38,8,3,35,20,0.353,0.422,0.471,0.894,123,,1,1,6,1,,player.fcgi?id=jones-004rya
Jordan Keur?,--,2012,Michigan State,Big Ten,60,299,252,47,89,14,0,1,34,9,9,29,27,0.353,0.432,0.421,0.853,106,,9,5,4,1,,player.fcgi?id=keur--000jor
Jeff Kinley*,20,2012,Michigan State,Big Ten,27,3,2,0,0,0,0,0,0,0,0,1,1,0,0.333,0,0.333,0,,0,0,0,0,,player.fcgi?id=kinley000jef
Ryan Krill*,19,2012,Michigan State,Big Ten,57,230,191,29,56,8,0,3,28,0,1,21,24,0.293,0.387,0.382,0.769,73,,10,5,3,1,,player.fcgi?id=krill-000rya
John Martinez,20,2012,Michigan State,Big Ten,51,212,186,24,57,8,2,3,32,2,1,16,24,0.307,0.375,0.419,0.794,78,,5,4,1,1,,player.fcgi?id=martin035joh
Jimmy Pickens*,20,2012,Michigan State,Big Ten,57,216,183,27,47,9,3,6,35,2,1,13,47,0.257,0.352,0.437,0.79,80,,14,6,0,0,,player.fcgi?id=picken000jim
Andrew Rademacher?,--,2012,Michigan State,Big Ten,1,2,2,0,0,0,0,0,0,0,0,0,2,0,0,0,0,0,,0,0,0,0,,player.fcgi?id=radema000and
Blaise Salter,19,2012,Michigan State,Big Ten,31,75,66,10,19,6,0,3,14,1,0,4,12,0.288,0.351,0.515,0.867,34,,3,1,1,0,,player.fcgi?id=salter000bla
Justin Scanlon?,--,2012,Michigan State,Big Ten,60,275,249,40,66,3,1,0,27,11,2,15,34,0.265,0.322,0.285,0.607,71,,7,2,2,0,,player.fcgi?id=scanlo000jus
Tony Wieber,21,2012,Michigan State,Big Ten,39,82,71,14,20,2,0,0,10,1,0,8,14,0.282,0.366,0.31,0.676,22,,2,0,1,0,,player.fcgi?id=wieber000ant
Justin Alleman,19,2013,Michigan State,Big Ten,22,1,0,0,0,0,0,0,0,0,0,1,0,,1,,,0,,0,0,0,0,,player.fcgi?id=allema000jus
Anthony Cheky*,20,2013,Michigan State,Big Ten,45,199,176,34,49,7,0,1,12,23,2,15,17,0.278,0.342,0.335,0.677,59,,3,3,2,1,,player.fcgi?id=cheky-000ant
Joel Fisher,20,2013,Michigan State,Big Ten,47,200,178,22,42,11,1,5,27,0,0,17,38,0.236,0.315,0.393,0.708,70,,4,0,1,0,,player.fcgi?id=fisher001joe
Cam Gibson*,19,2013,Michigan State,Big Ten,43,193,163,34,53,5,3,0,17,12,3,18,14,0.325,0.387,0.393,0.78,64,,1,7,4,0,,player.fcgi?id=gibson000cam
Kevin Goergen?,--,2013,Michigan State,Big Ten,42,145,124,14,32,3,0,0,14,2,2,16,26,0.258,0.35,0.282,0.632,35,,2,2,1,0,,player.fcgi?id=goerge000kev
Justin Hovis?,--,2013,Michigan State,Big Ten,40,146,130,15,28,5,0,0,16,0,0,7,22,0.215,0.254,0.254,0.507,33,,0,8,1,0,,player.fcgi?id=hovis-000jus
Jordan Keur?,--,2013,Michigan State,Big Ten,30,133,104,14,35,7,0,1,20,9,4,12,10,0.337,0.431,0.433,0.864,45,,9,3,5,0,,player.fcgi?id=keur--000jor
Ryan Krill*,20,2013,Michigan State,Big Ten,50,214,191,24,55,11,1,1,25,0,1,14,26,0.288,0.336,0.372,0.708,71,,3,0,6,3,,player.fcgi?id=krill-000rya
John Martinez,21,2013,Michigan State,Big Ten,10,39,33,4,3,1,0,0,2,1,0,5,7,0.091,0.211,0.121,0.332,4,,0,1,0,0,,player.fcgi?id=martin035joh
Andrew Mulato,21,2013,Michigan State,Big Ten,4,5,4,0,0,0,0,0,0,0,0,0,1,0,0,0,0,0,,0,1,0,0,,player.fcgi?id=mulato000and
PJ Nowak,19,2013,Michigan State,Big Ten,17,52,44,4,10,3,0,0,2,0,4,4,2,0.227,0.32,0.296,0.616,13,,2,2,0,0,,player.fcgi?id=nowak-000pj-
Jimmy Pickens*,21,2013,Michigan State,Big Ten,50,225,195,39,59,13,2,9,42,6,4,19,39,0.303,0.377,0.528,0.905,103,,6,2,3,0,,player.fcgi?id=picken000jim
Ryan Richardson,21,2013,Michigan State,Big Ten,50,237,189,33,54,2,1,0,25,5,3,24,20,0.286,0.406,0.307,0.713,58,,17,3,4,0,,player.fcgi?id=richar003rya
Blaise Salter,20,2013,Michigan State,Big Ten,47,202,181,28,62,14,0,5,35,1,0,14,30,0.343,0.403,0.503,0.906,91,,5,1,1,0,,player.fcgi?id=salter000bla
Hunter Smith?,--,2013,Michigan State,Big Ten,5,4,3,1,1,0,0,0,0,0,0,1,0,0.333,0.5,0.333,0.833,1,,0,0,0,0,,player.fcgi?id=smith-001hun
Chase Toth?,--,2013,Michigan State,Big Ten,2,2,2,0,0,0,0,0,0,0,0,0,2,0,0,0,0,0,,0,0,0,0,,player.fcgi?id=toth--000cha
Anthony Cheky*,21,2014,Michigan State,Big Ten,57,254,227,38,62,5,2,1,14,29,6,17,24,0.273,0.328,0.326,0.654,74,,2,7,1,0,,player.fcgi?id=cheky-000ant
Dan Durkin*,--,2014,Michigan State,Big Ten,23,66,57,8,13,2,0,0,6,0,0,6,18,0.228,0.313,0.263,0.576,15,,1,2,0,0,,player.fcgi?id=durkin000dan
Joel Fisher,21,2014,Michigan State,Big Ten,56,237,216,21,57,13,0,5,39,1,1,10,40,0.264,0.3,0.394,0.693,85,,4,0,7,0,,player.fcgi?id=fisher001joe
Cam Gibson*,20,2014,Michigan State,Big Ten,57,261,222,35,70,8,4,2,18,16,5,32,31,0.315,0.405,0.414,0.82,92,,3,2,2,0,,player.fcgi?id=gibson000cam
Justin Hovis?,--,2014,Michigan State,Big Ten,49,155,133,7,22,2,0,0,9,0,1,14,19,0.165,0.248,0.181,0.429,24,,1,6,1,0,,player.fcgi?id=hovis-000jus
Ryan Krill*,21,2014,Michigan State,Big Ten,55,236,205,27,48,16,0,3,15,2,0,24,36,0.234,0.322,0.356,0.678,73,,3,3,1,1,,player.fcgi?id=krill-000rya
Connor Mohr,19,2014,Michigan State,Big Ten,8,3,3,1,1,0,0,0,0,0,0,0,0,0.333,0.333,0.333,0.667,1,,0,0,0,0,,player.fcgi?id=mohr--000con
Johnny Nate?,--,2014,Michigan State,Big Ten,40,149,125,12,28,2,1,0,14,1,4,13,20,0.224,0.327,0.256,0.583,32,,7,2,2,0,,player.fcgi?id=nate--000joh
PJ Nowak,20,2014,Michigan State,Big Ten,23,67,55,4,9,1,0,0,2,2,1,8,10,0.164,0.266,0.182,0.447,10,,0,3,1,0,,player.fcgi?id=nowak-000pj-
Jimmy Pickens*,22,2014,Michigan State,Big Ten,56,242,201,38,64,10,3,5,35,22,5,34,49,0.318,0.427,0.473,0.899,95,,4,3,0,8,,player.fcgi?id=picken000jim
Alex Rapanos?,--,2014,Michigan State,Big Ten,2,2,2,0,0,0,0,0,0,0,0,0,1,0,0,0,0,0,,0,0,0,0,,player.fcgi?id=rapano000ale
Ryan Richardson,22,2014,Michigan State,Big Ten,57,243,216,26,60,10,0,0,26,13,4,9,25,0.278,0.344,0.324,0.669,70,,14,2,2,0,,player.fcgi?id=richar003rya
Blaise Salter,21,2014,Michigan State,Big Ten,57,251,221,34,70,22,0,5,50,0,2,17,27,0.317,0.375,0.484,0.859,107,,7,0,6,3,,player.fcgi?id=salter000bla
Hunter Smith?,--,2014,Michigan State,Big Ten,7,14,12,2,1,0,0,0,1,0,0,0,5,0.083,0.143,0.083,0.226,1,,1,0,1,0,,player.fcgi?id=smith-001hun
Chase Toth?,--,2014,Michigan State,Big Ten,17,15,10,7,4,1,0,0,1,2,0,2,3,0.4,0.571,0.5,1.071,5,,2,1,0,0,,player.fcgi?id=toth--000cha
Anthony Cheky*,22,2015,Michigan State,Big Ten,45,164,144,22,45,6,1,0,20,12,6,13,8,0.313,0.375,0.368,0.743,53,,2,4,1,0,,player.fcgi?id=cheky-000ant
Dan Durkin*,--,2015,Michigan State,Big Ten,16,41,34,7,9,1,0,0,5,0,0,7,11,0.265,0.39,0.294,0.684,10,,0,0,0,0,,player.fcgi?id=durkin000dan
Cam Gibson*,21,2015,Michigan State,Big Ten,57,267,231,54,68,10,4,5,32,17,4,30,35,0.294,0.378,0.437,0.816,101,,3,0,3,1,,player.fcgi?id=gibson000cam
Justin Hovis?,--,2015,Michigan State,Big Ten,6,5,3,0,0,0,0,0,0,0,0,0,0,0,0,0,0,0,,0,2,0,0,,player.fcgi?id=hovis-000jus
Brandon Hughes#,19,2015,Michigan State,Big Ten,56,228,200,33,56,7,0,6,27,3,3,19,29,0.28,0.353,0.405,0.758,81,,4,4,1,2,,player.fcgi?id=hughes000bra
Ryan Krill*,22,2015,Michigan State,Big Ten,56,245,205,42,72,13,1,13,57,1,3,27,30,0.351,0.439,0.615,1.053,126,,8,1,4,2,,player.fcgi?id=krill-000rya
Zack McGuire,20,2015,Michigan State,Big Ten,20,45,41,2,10,2,0,1,8,0,0,3,10,0.244,0.289,0.366,0.655,15,,0,0,1,0,,player.fcgi?id=mcguir000zac
Connor Mohr,20,2015,Michigan State,Big Ten,6,8,5,2,2,0,0,0,0,1,0,2,2,0.4,0.571,0.4,0.971,2,,0,1,0,0,,player.fcgi?id=mohr--000con
Johnny Nate?,--,2015,Michigan State,Big Ten,29,76,60,10,12,2,1,1,5,1,0,6,13,0.2,0.286,0.317,0.602,19,,2,6,2,0,,player.fcgi?id=nate--000joh
Ryan Richardson,23,2015,Michigan State,Big Ten,57,255,222,27,65,8,3,2,28,7,5,13,26,0.293,0.366,0.383,0.749,85,,15,1,4,0,,player.fcgi?id=richar003rya
Chad Roskelly,20,2015,Michigan State,Big Ten,51,210,196,22,54,8,0,5,30,1,1,6,19,0.276,0.303,0.393,0.696,77,,3,2,3,0,,player.fcgi?id=roskel000cha
Blaise Salter,22,2015,Michigan State,Big Ten,57,248,220,24,59,13,0,6,40,0,0,13,37,0.268,0.339,0.409,0.748,90,,12,0,3,0,,player.fcgi?id=salter000bla
Hunter Smith?,--,2015,Michigan State,Big Ten,8,13,11,1,2,0,0,0,1,0,1,2,5,0.182,0.308,0.182,0.49,2,,0,0,0,0,,player.fcgi?id=smith-001hun
Chase Toth?,--,2015,Michigan State,Big Ten,25,14,12,12,2,0,0,0,0,0,1,2,5,0.167,0.286,0.167,0.452,2,,0,0,0,0,,player.fcgi?id=toth--000cha
Alex Troop*,18,2015,Michigan State,Big Ten,33,60,53,6,12,5,0,0,4,0,1,5,19,0.226,0.305,0.321,0.626,17,,1,1,0,0,,player.fcgi?id=troop-000ale
Mark Weist,22,2015,Michigan State,Big Ten,57,258,228,43,79,19,2,6,37,11,4,17,25,0.347,0.407,0.526,0.933,120,,9,0,4,1,,player.fcgi?id=weist-000mar
Kory Young,19,2015,Michigan State,Big Ten,34,91,75,14,16,5,0,0,8,0,2,9,20,0.213,0.322,0.28,0.602,21,,3,4,0,0,,player.fcgi?id=young-000kor
Lucas Zilli?,--,2015,Michigan State,Big Ten,5,4,4,0,0,0,0,0,0,0,0,0,2,0,0,0,0,0,,0,0,0,0,,player.fcgi?id=zilli-000luc
Royce Ando,18,2016,Michigan State,Big Ten,43,149,137,15,27,2,3,0,8,1,1,10,18,0.197,0.252,0.256,0.507,35,,0,2,0,0,,player.fcgi?id=ando--000roy
Marty Bechina,19,2016,Michigan State,Big Ten,55,248,214,30,56,11,0,2,23,6,5,16,45,0.262,0.324,0.341,0.665,73,,5,10,3,1,,player.fcgi?id=bechin000mar
Matt Byars,20,2016,Michigan State,Big Ten,55,228,204,27,58,16,2,4,26,3,0,15,35,0.284,0.335,0.441,0.776,90,,2,4,3,1,,player.fcgi?id=byars-000mat
Dan Chmielewski,20,2016,Michigan State,Big Ten,23,69,65,7,20,3,0,0,5,0,2,2,6,0.308,0.348,0.354,0.702,23,,2,0,0,0,,player.fcgi?id=chmiel000dan
Dan Durkin*,--,2016,Michigan State,Big Ten,56,248,207,31,67,9,0,6,32,5,1,24,41,0.324,0.403,0.454,0.857,94,,6,7,4,2,,player.fcgi?id=durkin000dan
Taylor Grace?,--,2016,Michigan State,Big Ten,28,97,89,11,20,1,0,0,14,1,2,6,17,0.225,0.268,0.236,0.504,21,,0,0,2,0,,player.fcgi?id=grace-001tay
Justin Hovis?,--,2016,Michigan State,Big Ten,54,210,180,17,44,6,2,0,24,1,0,15,24,0.244,0.295,0.3,0.595,54,,0,10,5,0,,player.fcgi?id=hovis-000jus
Brandon Hughes#,20,2016,Michigan State,Big Ten,55,249,208,43,63,11,2,2,31,17,5,28,39,0.303,0.393,0.404,0.797,84,,5,5,3,1,,player.fcgi?id=hughes000bra
Robbie Jones*,19,2016,Michigan State,Big Ten,6,8,7,0,0,0,0,0,1,0,0,0,2,0,0,0,0,0,,0,1,0,0,,player.fcgi?id=jones-040rob
Jake Kruk?,--,2016,Michigan State,Big Ten,11,10,10,2,3,0,0,0,0,1,1,0,1,0.3,0.3,0.3,0.6,3,,0,0,0,0,,player.fcgi?id=kruk--000jak
Zack McGuire,21,2016,Michigan State,Big Ten,30,85,76,8,19,7,0,2,14,0,0,7,12,0.25,0.318,0.421,0.739,32,,1,0,1,1,,player.fcgi?id=mcguir000zac
PJ Nowak,22,2016,Michigan State,Big Ten,2,1,0,0,0,0,0,0,0,0,0,0,0,,1,,,0,,1,0,0,0,,player.fcgi?id=nowak-000pj-
Chad Roskelly,21,2016,Michigan State,Big Ten,20,55,47,5,9,5,0,0,6,0,0,3,7,0.192,0.296,0.298,0.594,14,,4,1,0,0,,player.fcgi?id=roskel000cha
Will Salter,20,2016,Michigan State,Big Ten,3,3,3,0,2,1,0,0,1,0,0,0,0,0.667,0.667,1,1.667,3,,0,0,0,0,,player.fcgi?id=salter002wil
Kris Simonton,22,2016,Michigan State,Big Ten,45,172,155,20,45,5,3,0,17,9,6,11,25,0.29,0.353,0.361,0.714,56,,4,2,0,1,,player.fcgi?id=simont000kri
Alex Troop*,19,2016,Michigan State,Big Ten,12,52,43,11,16,6,0,1,13,2,0,8,11,0.372,0.471,0.581,1.052,25,,0,1,0,0,,player.fcgi?id=troop-000ale
Kory Young,20,2016,Michigan State,Big Ten,33,70,58,13,13,1,0,0,3,4,1,7,11,0.224,0.324,0.241,0.565,14,,2,2,1,0,,player.fcgi?id=young-000kor
Jordan Zimmerman,21,2016,Michigan State,Big Ten,56,257,219,50,82,17,2,9,37,10,6,32,33,0.374,0.461,0.594,1.055,130,,4,1,1,2,,player.fcgi?id=zimmer003jor
Royce Ando,19,2017,Michigan State,Big Ten,50,195,171,32,48,7,1,2,19,8,3,16,42,0.281,0.353,0.368,0.721,63,,3,5,0,1,,player.fcgi?id=ando--000roy
Justin Antoncic,19,2017,Michigan State,Big Ten,9,2,2,2,0,0,0,0,0,0,0,0,1,0,0,0,0,0,,0,0,0,0,,player.fcgi?id=antonc000jus
Marty Bechina,20,2017,Michigan State,Big Ten,52,236,190,34,50,8,1,7,29,11,2,31,41,0.263,0.396,0.426,0.822,81,,12,1,2,0,,player.fcgi?id=bechin000mar
Matt Byars,21,2017,Michigan State,Big Ten,47,202,166,34,45,14,1,4,25,2,2,30,46,0.271,0.383,0.44,0.823,73,,2,1,3,0,,player.fcgi?id=byars-000mat
Dan Chmielewski,21,2017,Michigan State,Big Ten,49,208,182,30,50,11,1,4,25,12,1,10,28,0.275,0.333,0.412,0.745,75,,7,7,2,0,,player.fcgi?id=chmiel000dan
Dan Durkin*,--,2017,Michigan State,Big Ten,52,243,197,40,55,16,0,9,42,5,3,28,42,0.279,0.401,0.498,0.898,98,,14,1,3,0,,player.fcgi?id=durkin000dan
Danny Gleaves,19,2017,Michigan State,Big Ten,23,92,79,22,23,6,0,1,15,7,3,8,24,0.291,0.36,0.405,0.765,32,,1,3,1,0,,player.fcgi?id=gleave000dan
Taylor Grace?,--,2017,Michigan State,Big Ten,11,21,19,3,4,2,0,1,3,0,0,2,3,0.211,0.286,0.474,0.759,9,,0,0,0,0,,player.fcgi?id=grace-001tay
Brandon Hughes#,21,2017,Michigan State,Big Ten,48,227,203,34,67,12,1,5,35,30,6,18,24,0.33,0.382,0.473,0.855,96,,1,2,3,2,,player.fcgi?id=hughes000bra
Robbie Jones*,20,2017,Michigan State,Big Ten,14,18,17,1,4,1,0,0,4,1,0,0,3,0.235,0.235,0.294,0.529,5,,0,1,0,0,,player.fcgi?id=jones-040rob
Bryce Kelley*,20,2017,Michigan State,Big Ten,41,176,156,34,55,7,3,0,21,13,5,17,37,0.353,0.416,0.436,0.852,68,,0,3,0,0,,player.fcgi?id=kelley000bry
Jake Kruk?,--,2017,Michigan State,Big Ten,6,9,8,0,2,0,0,0,0,0,0,0,3,0.25,0.25,0.25,0.5,2,,0,1,0,0,,player.fcgi?id=kruk--000jak
Zack McGuire,22,2017,Michigan State,Big Ten,50,212,183,32,51,15,0,7,32,0,0,20,36,0.279,0.356,0.475,0.831,87,,3,4,2,0,,player.fcgi?id=mcguir000zac
Chad Roskelly,22,2017,Michigan State,Big Ten,39,132,108,19,35,6,0,3,24,2,0,15,20,0.324,0.428,0.463,0.891,50,,6,1,2,0,,player.fcgi?id=roskel000cha
Will Salter,21,2017,Michigan State,Big Ten,14,25,24,4,4,1,0,1,4,0,0,0,4,0.167,0.167,0.333,0.5,8,,0,1,0,0,,player.fcgi?id=salter002wil
Alex Troop*,20,2017,Michigan State,Big Ten,40,99,81,11,26,6,1,3,12,2,1,18,22,0.321,0.444,0.531,0.975,43,,0,0,0,0,,player.fcgi?id=troop-000ale
Kory Young,21,2017,Michigan State,Big Ten,21,28,19,3,4,1,0,0,5,3,1,4,5,0.211,0.36,0.263,0.623,5,,1,3,1,0,,player.fcgi?id=young-000kor
Royce Ando,20,2018,Michigan State,Big Ten,16,49,42,5,12,1,0,0,5,5,1,4,5,0.286,0.333,0.31,0.643,13,,0,1,2,0,,player.fcgi?id=ando--000roy
Justin Antoncic,20,2018,Michigan State,Big Ten,51,215,182,29,49,7,2,1,18,14,6,23,26,0.269,0.36,0.346,0.706,63,,5,1,4,0,,player.fcgi?id=antonc000jus
Marty Bechina,21,2018,Michigan State,Big Ten,49,196,170,25,42,9,1,6,23,5,0,19,30,0.247,0.34,0.418,0.758,71,,5,2,0,0,,player.fcgi?id=bechin000mar
Dan Chmielewski,22,2018,Michigan State,Big Ten,43,152,139,13,31,3,3,0,13,10,1,7,22,0.223,0.275,0.288,0.563,40,,3,3,0,0,,player.fcgi?id=chmiel000dan
Danny Gleaves,20,2018,Michigan State,Big Ten,41,126,114,22,31,3,1,0,8,25,3,7,26,0.272,0.336,0.316,0.652,36,,4,1,0,0,,player.fcgi?id=gleave000dan
Zach Iverson*,19,2018,Michigan State,Big Ten,44,184,163,21,41,7,2,0,14,3,2,20,36,0.252,0.333,0.319,0.652,52,,0,1,0,1,,player.fcgi?id=iverso000zac
Robbie Jones*,21,2018,Michigan State,Big Ten,4,11,10,1,1,0,0,0,0,1,0,1,4,0.1,0.182,0.1,0.282,1,,0,0,0,0,,player.fcgi?id=jones-040rob
Bryce Kelley*,21,2018,Michigan State,Big Ten,50,223,199,27,54,6,1,0,16,33,7,20,32,0.271,0.336,0.312,0.648,62,,0,3,1,0,,player.fcgi?id=kelley000bry
Ryan King,19,2018,Michigan State,Big Ten,38,156,143,14,37,4,0,0,13,0,2,7,25,0.259,0.29,0.287,0.576,41,,0,4,2,0,,player.fcgi?id=king--001rya
Nic Lacayo,21,2018,Michigan State,Big Ten,24,70,62,5,14,2,0,0,6,1,1,3,12,0.226,0.294,0.258,0.552,16,,3,2,0,0,,player.fcgi?id=lacayo000nic
Zack McGuire,23,2018,Michigan State,Big Ten,46,191,167,23,39,5,0,6,27,2,0,17,38,0.234,0.318,0.371,0.689,62,,4,2,1,1,,player.fcgi?id=mcguir000zac
Bailey Peterson,20,2018,Michigan State,Big Ten,24,57,42,2,6,2,1,0,3,1,2,11,16,0.143,0.339,0.238,0.577,10,,2,1,1,0,,player.fcgi?id=peters000bai
Adam Proctor*,20,2018,Michigan State,Big Ten,33,113,92,11,20,3,0,2,12,0,0,14,32,0.217,0.363,0.315,0.678,29,,7,0,0,0,,player.fcgi?id=procto000ada
Chad Roskelly,23,2018,Michigan State,Big Ten,44,165,150,19,40,5,1,5,27,0,1,8,23,0.267,0.317,0.413,0.73,62,,4,1,2,0,,player.fcgi?id=roskel000cha
Will Salter,22,2018,Michigan State,Big Ten,11,23,20,1,3,0,0,0,0,0,0,0,5,0.15,0.227,0.15,0.377,3,,2,1,0,0,,player.fcgi?id=salter002wil
Joe Stewart,20,2018,Michigan State,Big Ten,2,2,2,0,0,0,0,0,0,0,0,0,1,0,0,0,0,0,,0,0,0,0,,player.fcgi?id=stewar003joe
Kory Young,22,2018,Michigan State,Big Ten,28,68,54,5,7,0,1,0,5,0,2,5,12,0.13,0.226,0.167,0.393,9,,2,6,1,0,,player.fcgi?id=young-000kor
Peter Ahn*,20,2019,Michigan State,Big Ten,13,11,8,2,0,0,0,0,0,0,0,2,6,0,0.273,0,0.273,0,,1,0,0,0,,player.fcgi?id=ahn---010pet
Royce Ando,21,2019,Michigan State,Big Ten,54,218,184,21,56,9,1,1,26,3,1,22,34,0.304,0.394,0.38,0.774,70,,7,2,3,0,,player.fcgi?id=ando--000roy
Justin Antoncic,21,2019,Michigan State,Big Ten,43,162,137,14,32,1,1,0,16,5,4,21,32,0.234,0.338,0.256,0.593,35,,1,2,1,0,,player.fcgi?id=antonc000jus
Marty Bechina,22,2019,Michigan State,Big Ten,54,228,196,25,51,17,0,5,35,13,1,21,44,0.26,0.342,0.424,0.766,83,,6,0,5,0,,player.fcgi?id=bechin000mar
Dan Chmielewski,23,2019,Michigan State,Big Ten,52,212,195,20,41,6,0,0,10,5,3,4,30,0.21,0.235,0.241,0.476,47,,3,8,2,0,,player.fcgi?id=chmiel000dan
Scott Combs,21,2019,Michigan State,Big Ten,15,22,20,2,3,1,0,0,2,0,0,2,6,0.15,0.227,0.2,0.427,4,,0,0,0,0,,player.fcgi?id=combs-000sco
Danny Gleaves,21,2019,Michigan State,Big Ten,9,34,31,3,4,1,0,0,1,2,0,2,10,0.129,0.182,0.161,0.343,5,,0,1,0,0,,player.fcgi?id=gleave000dan
Zach Iverson*,20,2019,Michigan State,Big Ten,48,159,135,14,24,7,1,1,15,0,0,21,45,0.178,0.287,0.267,0.553,36,,0,2,1,0,,player.fcgi?id=iverso000zac
Bryce Kelley*,22,2019,Michigan State,Big Ten,54,241,217,22,65,6,1,0,12,18,5,17,40,0.3,0.352,0.336,0.688,73,,1,5,1,0,,player.fcgi?id=kelley000bry
Nic Lacayo,22,2019,Michigan State,Big Ten,37,113,96,7,24,6,0,0,10,2,2,6,9,0.25,0.342,0.313,0.655,30,,8,2,1,0,,player.fcgi?id=lacayo000nic
Casey Mayes*,19,2019,Michigan State,Big Ten,30,68,63,9,15,3,1,4,10,1,1,4,28,0.238,0.294,0.508,0.802,32,,1,0,0,0,,player.fcgi?id=mayes-000cas
Andrew Morrow,21,2019,Michigan State,Big Ten,18,37,31,3,5,1,0,0,2,0,0,5,9,0.161,0.27,0.194,0.464,6,,0,0,1,0,,player.fcgi?id=morrow000and
Bailey Peterson,21,2019,Michigan State,Big Ten,32,98,81,16,19,2,1,0,4,4,1,15,20,0.235,0.367,0.284,0.651,23,,2,0,0,0,,player.fcgi?id=peters000bai
Adam Proctor*,21,2019,Michigan State,Big Ten,40,123,102,19,17,2,0,9,16,0,0,18,41,0.167,0.301,0.451,0.752,46,,2,0,1,1,,player.fcgi?id=procto000ada
Brendan Regan,20,2019,Michigan State,Big Ten,19,13,12,1,0,0,0,0,1,0,0,0,4,0,0,0,0,0,,0,1,0,0,,player.fcgi?id=regan-000bre
Joe Stewart,21,2019,Michigan State,Big Ten,15,19,17,0,3,1,0,0,1,1,0,1,6,0.177,0.211,0.235,0.446,4,,0,0,1,0,,player.fcgi?id=stewar003joe
Reese Trahey*,18,2019,Michigan State,Big Ten,37,96,69,12,11,2,0,0,6,2,0,22,21,0.159,0.37,0.188,0.558,13,,1,4,0,0,,player.fcgi?id=trahey000ree
Zaid Walker,19,2019,Michigan State,Big Ten,49,188,179,23,51,11,0,1,19,4,4,7,37,0.285,0.309,0.363,0.672,65,,0,0,2,1,,player.fcgi?id=walker000zai
Peter Ahn*,21,2020,Michigan State,Big Ten,15,66,56,14,19,4,3,1,15,3,1,7,13,0.339,0.4,0.571,0.971,32,,0,1,2,0,,player.fcgi?id=ahn---010pet
Justin Antoncic,22,2020,Michigan State,Big Ten,8,16,12,3,2,0,0,0,1,0,0,4,3,0.167,0.375,0.167,0.542,2,,0,0,0,0,,player.fcgi?id=antonc000jus
Adam Berghorst,19,2020,Michigan State,Big Ten,6,1,1,0,0,0,0,0,0,0,0,0,1,0,0,0,0,0,,0,0,0,0,,player.fcgi?id=bergho000ada
Scott Combs,22,2020,Michigan State,Big Ten,8,18,15,0,4,1,0,0,2,0,0,2,5,0.267,0.353,0.333,0.686,5,,0,1,0,0,,player.fcgi?id=combs-000sco
Jack Frank*,19,2020,Michigan State,Big Ten,12,44,43,4,9,1,1,1,7,1,0,1,16,0.209,0.227,0.349,0.576,15,,0,0,0,0,,player.fcgi?id=frank-001jac
Danny Gleaves,22,2020,Michigan State,Big Ten,5,11,6,4,2,0,0,0,0,3,0,4,2,0.333,0.636,0.333,0.97,2,,1,0,0,0,,player.fcgi?id=gleave000dan
Trevor Hopman?,--,2020,Michigan State,Big Ten,2,2,1,0,0,0,0,0,0,1,0,0,1,0,0.5,0,0.5,0,,1,0,0,0,,player.fcgi?id=hopman000tre
Zach Hopman*,20,2020,Michigan State,Big Ten,7,4,4,2,1,0,0,0,0,0,0,0,1,0.25,0.25,0.25,0.5,1,,0,0,0,0,,player.fcgi?id=hopman000zac
Zach Iverson*,21,2020,Michigan State,Big Ten,15,60,52,10,12,1,1,0,10,0,0,6,19,0.231,0.322,0.289,0.611,15,,1,1,0,0,,player.fcgi?id=iverso000zac
Dillon Kark,19,2020,Michigan State,Big Ten,8,31,25,4,6,1,0,0,2,1,0,2,10,0.24,0.345,0.28,0.625,7,,2,2,0,0,,player.fcgi?id=kark--000dil
Bryce Kelley*,23,2020,Michigan State,Big Ten,15,71,60,17,24,1,0,0,4,8,3,9,7,0.4,0.486,0.417,0.902,25,,1,1,0,0,,player.fcgi?id=kelley000bry
Casey Mayes*,20,2020,Michigan State,Big Ten,11,37,33,2,9,2,0,1,6,2,0,3,13,0.273,0.333,0.424,0.758,14,,0,1,0,1,,player.fcgi?id=mayes-000cas
Andrew Morrow,22,2020,Michigan State,Big Ten,12,46,37,6,10,6,1,0,10,0,1,6,10,0.27,0.413,0.487,0.9,18,,3,0,0,0,,player.fcgi?id=morrow000and
Bailey Peterson,22,2020,Michigan State,Big Ten,15,73,59,12,26,4,1,0,15,8,2,12,7,0.441,0.528,0.542,1.07,32,,0,1,1,0,,player.fcgi?id=peters000bai
Adam Proctor*,22,2020,Michigan State,Big Ten,8,20,14,5,2,0,0,0,1,0,0,4,6,0.143,0.35,0.143,0.493,2,,1,0,1,0,,player.fcgi?id=procto000ada
Brendan Regan,21,2020,Michigan State,Big Ten,10,28,24,3,8,1,1,0,3,1,0,3,9,0.333,0.393,0.458,0.851,11,,0,0,1,0,,player.fcgi?id=regan-000bre
Gabe Sotres,19,2020,Michigan State,Big Ten,7,24,20,1,3,1,0,0,1,1,0,2,8,0.15,0.217,0.2,0.417,4,,0,1,1,0,,player.fcgi?id=sotres000gab
Reese Trahey*,19,2020,Michigan State,Big Ten,5,6,5,1,1,0,0,0,0,0,0,1,1,0.2,0.333,0.2,0.533,1,,0,0,0,0,,player.fcgi?id=trahey000ree
Zaid Walker,20,2020,Michigan State,Big Ten,13,48,45,5,12,4,0,1,5,2,1,1,10,0.267,0.292,0.422,0.714,19,,1,0,1,0,,player.fcgi?id=walker000zai
Peter Ahn*,22,2021,Michigan State,Big Ten,12,23,20,1,3,2,1,0,5,0,1,1,12,0.15,0.227,0.35,0.577,7,,1,1,0,0,,player.fcgi?id=ahn---010pet
Scott Combs,23,2021,Michigan State,Big Ten,1,1,1,0,0,0,0,0,0,0,0,0,1,0,0,0,0,0,,0,0,0,0,,player.fcgi?id=combs-000sco
Trent Farquhar*,20,2021,Michigan State,Big Ten,41,183,151,27,41,10,1,1,17,3,1,24,30,0.272,0.381,0.371,0.752,56,,4,2,2,0,,player.fcgi?id=farquh000tre
Jack Frank*,20,2021,Michigan State,Big Ten,22,72,64,10,17,3,0,0,7,3,2,7,16,0.266,0.347,0.313,0.66,20,,1,0,0,0,,player.fcgi?id=frank-001jac
Trevor Hopman?,--,2021,Michigan State,Big Ten,3,4,4,1,1,0,0,0,0,0,0,0,1,0.25,0.25,0.25,0.5,1,,0,0,0,0,,player.fcgi?id=hopman000tre
Zach Iverson*,22,2021,Michigan State,Big Ten,27,108,96,13,25,5,0,1,19,1,1,8,23,0.26,0.311,0.344,0.655,33,,0,2,2,1,,player.fcgi?id=iverso000zac
Mitch Jebb*,19,2021,Michigan State,Big Ten,43,182,163,25,45,10,2,0,15,4,1,12,24,0.276,0.33,0.362,0.692,59,,1,6,0,0,,player.fcgi?id=jebb--000mit
Dillon Kark,20,2021,Michigan State,Big Ten,27,46,37,5,8,2,0,1,6,0,1,2,10,0.216,0.318,0.351,0.67,13,,4,2,1,0,,player.fcgi?id=kark--000dil
Bryce Kelley*,24,2021,Michigan State,Big Ten,44,197,163,26,39,1,0,0,15,11,2,30,41,0.239,0.357,0.245,0.603,40,,1,1,2,0,,player.fcgi?id=kelley000bry
Casey Mayes*,21,2021,Michigan State,Big Ten,18,43,38,6,11,3,1,0,3,0,0,2,15,0.29,0.31,0.421,0.731,16,,0,1,2,0,,player.fcgi?id=mayes-000cas
Andrew Morrow,23,2021,Michigan State,Big Ten,17,47,41,5,12,3,0,2,9,0,0,4,13,0.293,0.362,0.512,0.874,21,,1,0,1,0,,player.fcgi?id=morrow000and
Bailey Peterson,23,2021,Michigan State,Big Ten,32,114,103,20,28,8,0,6,16,2,0,9,32,0.272,0.336,0.524,0.861,54,,1,1,0,0,,player.fcgi?id=peters000bai
Adam Proctor*,23,2021,Michigan State,Big Ten,24,78,70,9,12,3,2,2,8,0,0,4,20,0.171,0.256,0.357,0.614,25,,4,0,0,0,,player.fcgi?id=procto000ada
Brendan Regan,22,2021,Michigan State,Big Ten,1,1,1,0,0,0,0,0,0,0,0,0,0,0,0,0,0,0,,0,0,0,0,,player.fcgi?id=regan-000bre
Gabe Sotres,20,2021,Michigan State,Big Ten,28,96,81,12,22,5,0,0,12,5,1,7,25,0.272,0.368,0.333,0.702,27,,6,1,1,0,,player.fcgi?id=sotres000gab
Joe Stewart,23,2021,Michigan State,Big Ten,40,163,145,21,40,9,1,5,24,4,5,13,40,0.276,0.344,0.455,0.799,66,,3,0,2,0,,player.fcgi?id=stewar003joe
Reese Trahey*,20,2021,Michigan State,Big Ten,30,80,68,9,15,2,1,0,10,1,1,6,21,0.221,0.308,0.279,0.587,19,,3,2,1,0,,player.fcgi?id=trahey000ree
Brock Vradenburg*,19,2021,Michigan State,Big Ten,25,85,76,8,16,6,0,0,10,0,0,8,17,0.211,0.294,0.29,0.584,22,,1,0,0,1,,player.fcgi?id=vraden000bro
Zaid Walker,21,2021,Michigan State,Big Ten,44,188,169,29,52,8,1,3,31,7,7,16,34,0.308,0.367,0.42,0.787,71,,1,0,2,1,,player.fcgi?id=walker000zai
Peter Ahn*,23,2022,Michigan State,Big Ten,53,210,173,28,42,14,3,0,19,11,3,20,35,0.243,0.349,0.358,0.708,62,3,11,1,5,1,,player.fcgi?id=ahn---010pet
Bryan Broecker,20,2022,Michigan State,Big Ten,49,205,177,31,48,6,2,1,25,3,0,18,37,0.271,0.358,0.345,0.702,61,3,7,1,2,0,,player.fcgi?id=broeck000bry
Sam Busch*,20,2022,Michigan State,Big Ten,11,20,18,2,3,0,0,0,0,0,0,2,8,0.167,0.25,0.167,0.417,3,0,0,0,0,0,,player.fcgi?id=busch-000sam
Trent Farquhar*,21,2022,Michigan State,Big Ten,54,252,207,37,56,13,0,6,29,6,1,34,45,0.271,0.392,0.42,0.812,87,3,8,2,1,0,,player.fcgi?id=farquh000tre
Jack Frank*,21,2022,Michigan State,Big Ten,53,231,201,38,59,16,2,9,34,10,2,25,59,0.294,0.376,0.527,0.903,106,1,2,2,1,0,,player.fcgi?id=frank-001jac
Zach Iverson*,23,2022,Michigan State,Big Ten,18,35,32,5,7,1,0,0,2,0,0,3,11,0.219,0.286,0.25,0.536,8,0,0,0,0,0,,player.fcgi?id=iverso000zac
Mitch Jebb*,20,2022,Michigan State,Big Ten,54,262,219,38,78,10,3,6,46,20,8,38,16,0.356,0.448,0.511,0.959,112,3,0,3,2,0,,player.fcgi?id=jebb--000mit
Dillon Kark,21,2022,Michigan State,Big Ten,46,180,163,21,38,3,0,3,14,2,0,12,34,0.233,0.29,0.307,0.597,50,2,1,4,0,0,,player.fcgi?id=kark--000dil
Casey Mayes*,22,2022,Michigan State,Big Ten,54,233,222,29,68,10,7,4,28,11,3,4,56,0.306,0.329,0.469,0.798,104,2,4,2,1,0,,player.fcgi?id=mayes-000cas
Parker Pilat,20,2022,Michigan State,Big Ten,7,26,23,4,6,2,0,0,0,0,1,3,8,0.261,0.346,0.348,0.694,8,0,0,0,0,0,,player.fcgi?id=pilat-000par
Ganin Thompson,20,2022,Michigan State,Big Ten,10,11,10,1,0,0,0,0,0,0,0,1,7,0,0.091,0,0.091,0,0,0,0,0,0,,player.fcgi?id=thomps000gan
Reese Trahey*,21,2022,Michigan State,Big Ten,2,9,5,1,1,0,0,0,0,1,0,4,1,0.2,0.556,0.2,0.756,1,0,0,0,0,0,,player.fcgi?id=trahey000ree
Brock Vradenburg*,20,2022,Michigan State,Big Ten,49,182,157,22,44,9,1,5,29,0,1,22,38,0.28,0.363,0.446,0.809,70,2,0,0,3,0,,player.fcgi?id=vraden000bro
Zaid Walker,22,2022,Michigan State,Big Ten,50,196,177,24,34,6,0,3,23,5,3,13,42,0.192,0.25,0.277,0.527,49,5,2,0,4,0,,player.fcgi?id=walker000zai
Christian Williams,20,2022,Michigan State,Big Ten,24,78,66,14,17,4,2,2,16,0,1,8,22,0.258,0.346,0.47,0.816,31,1,2,0,2,0,,player.fcgi?id=willia027chr
Jacob Anderson,20,2023,Michigan State,Big Ten,21,51,39,6,8,1,2,1,3,0,1,6,12,0.205,0.367,0.41,0.778,16,0,4,2,0,0,,player.fcgi?id=anders026jac
Bryan Broecker,21,2023,Michigan State,Big Ten,49,213,170,39,54,8,2,8,36,1,1,31,37,0.318,0.441,0.529,0.971,90,3,9,0,3,0,,player.fcgi?id=broeck000bry
Sam Busch*,21,2023,Michigan State,Big Ten,52,204,168,26,45,8,3,7,38,1,2,27,55,0.268,0.382,0.476,0.859,80,4,6,0,3,2,,player.fcgi?id=busch-000sam
Jake Dresselhouse,19,2023,Michigan State,Big Ten,24,62,52,9,10,0,1,0,5,5,1,5,22,0.192,0.312,0.231,0.542,12,2,4,1,0,0,,player.fcgi?id=dresse000jak
Trent Farquhar*,22,2023,Michigan State,Big Ten,55,273,213,59,73,19,1,2,35,7,3,43,26,0.343,0.467,0.47,0.936,100,2,11,1,5,0,,player.fcgi?id=farquh000tre
Jack Frank*,22,2023,Michigan State,Big Ten,55,252,204,48,61,11,0,7,45,19,5,33,55,0.299,0.418,0.456,0.874,93,4,11,1,3,1,,player.fcgi?id=frank-001jac
Mitch Jebb*,21,2023,Michigan State,Big Ten,50,241,202,41,68,15,7,1,36,14,4,32,28,0.337,0.438,0.495,0.933,100,2,5,1,1,1,,player.fcgi?id=jebb--000mit
Dillon Kark,22,2023,Michigan State,Big Ten,50,202,171,33,47,6,3,6,29,1,2,12,39,0.275,0.351,0.45,0.801,77,6,9,8,2,0,,player.fcgi?id=kark--000dil
John Malcom*,23,2023,Michigan State,Big Ten,4,4,4,0,0,0,0,0,0,0,0,0,2,0,0,0,0,0,0,0,0,0,0,,player.fcgi?id=malcom000joh
Casey Mayes*,23,2023,Michigan State,Big Ten,55,235,210,31,55,9,5,0,30,15,4,12,66,0.262,0.316,0.352,0.668,74,1,6,4,3,0,,player.fcgi?id=mayes-000cas
Randy Seymour,19,2023,Michigan State,Big Ten,7,13,11,2,2,2,0,0,2,0,0,2,5,0.182,0.308,0.364,0.671,4,0,0,0,0,0,,player.fcgi?id=seymou000ran
Sam Thompson,23,2023,Michigan State,Big Ten,19,59,51,4,9,1,0,2,6,0,0,7,11,0.177,0.271,0.314,0.585,16,0,0,0,1,0,,player.fcgi?id=thomps005sam
Brock Vradenburg*,21,2023,Michigan State,Big Ten,55,263,215,62,86,22,4,13,69,1,0,36,34,0.4,0.492,0.721,1.213,155,3,7,1,4,3,,player.fcgi?id=vraden000bro
Christian Williams,21,2023,Michigan State,Big Ten,2,10,9,2,3,0,0,2,3,0,0,0,1,0.333,0.4,1,1.4,9,0,1,0,0,0,,player.fcgi?id=willia027chr
Greg Ziegler,22,2023,Michigan State,Big Ten,47,172,143,28,36,4,2,3,19,10,5,17,29,0.252,0.351,0.371,0.722,53,3,6,4,2,0,,player.fcgi?id=ziegle002gre
Jacob Anderson,21,2024,Michigan State,Big Ten,19,56,47,8,12,4,0,1,6,1,0,6,8,0.255,0.375,0.404,0.779,19,0,3,0,0,0,,player.fcgi?id=anders026jac
Noah Bright,21,2024,Michigan State,Big Ten,24,86,72,11,16,4,0,4,12,0,0,11,13,0.222,0.349,0.444,0.793,32,5,3,0,0,0,,player.fcgi?id=bright000noa
Adam Broski,--,2024,Michigan State,Big Ten,5,18,16,2,2,0,0,0,3,0,0,1,2,0.125,0.222,0.125,0.347,2,2,1,0,0,0,,player.fcgi?id=broski000ada
Sam Busch*,22,2024,Michigan State,Big Ten,39,158,132,19,26,3,0,7,19,1,1,22,46,0.197,0.325,0.379,0.704,50,2,3,1,0,1,,player.fcgi?id=busch-000sam
Jake Dresselhouse,20,2024,Michigan State,Big Ten,30,63,55,6,10,2,0,1,7,3,2,5,26,0.182,0.262,0.273,0.535,15,1,1,2,0,0,,player.fcgi?id=dresse000jak
Jack Frank*,23,2024,Michigan State,Big Ten,51,245,209,55,80,17,3,9,40,19,4,32,38,0.383,0.467,0.622,1.089,130,4,2,1,1,1,,player.fcgi?id=frank-001jac
Jayden Holloway,--,2024,Michigan State,Big Ten,6,5,4,2,1,0,0,0,0,0,0,1,1,0.25,0.4,0.25,0.65,1,0,0,0,0,0,,player.fcgi?id=hollow000jay
Dillon Kark,23,2024,Michigan State,Big Ten,51,240,219,38,71,17,1,4,42,2,0,9,48,0.324,0.361,0.466,0.827,102,5,6,2,4,1,,player.fcgi?id=kark--000dil
Landen Lozier,19,2024,Michigan State,Big Ten,29,107,89,14,29,4,0,0,10,2,2,15,12,0.326,0.429,0.371,0.799,33,4,1,2,0,0,,player.fcgi?id=lozier000lan
Ryan McKay*,19,2024,Michigan State,Big Ten,47,209,189,23,57,7,1,2,31,4,1,12,14,0.302,0.348,0.381,0.729,72,2,3,2,3,0,,player.fcgi?id=mckay-002rya
Randy Seymour,20,2024,Michigan State,Big Ten,51,209,179,41,46,7,0,3,19,9,3,15,31,0.257,0.343,0.346,0.69,62,5,9,5,1,0,,player.fcgi?id=seymou000ran
Jayden Terres,23,2024,Michigan State,Big Ten,6,8,5,2,2,0,0,0,1,0,0,2,1,0.4,0.625,0.4,1.025,2,0,1,0,0,0,,player.fcgi?id=terres000jay
Sam Thompson,24,2024,Michigan State,Big Ten,34,147,121,24,34,5,0,3,21,2,0,21,14,0.281,0.379,0.397,0.776,48,1,0,2,3,0,,player.fcgi?id=thomps005sam
Christian Williams,22,2024,Michigan State,Big Ten,46,183,144,28,36,8,0,3,24,0,1,26,38,0.25,0.398,0.368,0.766,53,1,10,2,1,0,,player.fcgi?id=willia027chr
Nick Williams,20,2024,Michigan State,Big Ten,50,228,181,41,56,15,0,4,37,3,2,37,25,0.309,0.427,0.459,0.886,83,7,4,1,5,0,,player.fcgi?id=willia012nic
Greg Ziegler,23,2024,Michigan State,Big Ten,34,131,110,24,41,7,0,5,31,10,1,15,14,0.373,0.446,0.573,1.019,63,0,2,1,3,0,,player.fcgi?id=ziegle002gre
Jacob Anderson,22,2025,Michigan State,Big Ten,34,91,76,9,14,2,0,2,13,1,0,5,27,0.184,0.273,0.29,0.562,22,1,5,3,2,0,,player.fcgi?id=anders026jac
Caleb Berry,23,2025,Michigan State,Big Ten,45,191,165,33,49,10,0,6,34,5,3,14,27,0.297,0.376,0.467,0.842,77,1,8,2,2,0,,player.fcgi?id=berry-000cal
Noah Bright,22,2025,Michigan State,Big Ten,39,143,119,20,33,6,1,0,15,0,1,18,32,0.277,0.38,0.345,0.725,41,2,3,1,2,0,,player.fcgi?id=bright000noa
Adam Broski,--,2025,Michigan State,Big Ten,6,8,8,0,1,0,0,0,1,0,0,0,4,0.125,0.125,0.125,0.25,1,0,0,0,0,0,,player.fcgi?id=broski000ada
Griffin Brown,21,2025,Michigan State,Big Ten,10,8,7,2,1,0,0,0,0,0,0,0,5,0.143,0.25,0.143,0.393,1,0,1,0,0,0,,player.fcgi?id=brown-002gri
Sam Busch*,23,2025,Michigan State,Big Ten,54,227,190,40,55,11,0,15,62,2,3,29,36,0.29,0.381,0.584,0.965,111,4,2,1,5,4,,player.fcgi?id=busch-000sam
Jake Dresselhouse,21,2025,Michigan State,Big Ten,29,89,69,13,15,0,0,0,8,4,1,11,20,0.217,0.386,0.217,0.604,15,0,8,1,0,0,,player.fcgi?id=dresse000jak
Ryan McKay*,20,2025,Michigan State,Big Ten,54,254,210,58,67,20,1,5,28,11,4,36,31,0.319,0.421,0.495,0.916,104,3,3,2,3,0,,player.fcgi?id=mckay-002rya
Dayton Murphy,19,2025,Michigan State,Big Ten,42,105,86,10,16,3,0,0,4,1,1,11,13,0.186,0.3,0.221,0.521,19,2,3,5,0,0,,player.fcgi?id=murphy000day
Parker Picot,20,2025,Michigan State,Big Ten,52,209,188,33,49,11,5,8,37,2,1,14,55,0.261,0.314,0.5,0.814,94,3,2,2,3,0,,player.fcgi?id=picot-000par
Randy Seymour,21,2025,Michigan State,Big Ten,55,230,198,31,53,12,3,4,36,9,2,12,40,0.268,0.326,0.419,0.745,83,2,6,12,2,0,,player.fcgi?id=seymou000ran
Will Shannon,22,2025,Michigan State,Big Ten,34,90,75,14,20,2,0,4,14,0,0,13,19,0.267,0.378,0.453,0.831,34,3,1,0,1,0,,player.fcgi?id=shanno005wil
JT Sokolove,22,2025,Michigan State,Big Ten,53,238,188,39,47,8,0,2,22,16,4,24,40,0.25,0.385,0.325,0.709,61,0,19,4,3,0,,player.fcgi?id=sokolo000jt-
Isaac Sturgess*,19,2025,Michigan State,Big Ten,14,21,12,3,0,0,0,0,0,2,0,7,4,0,0.4,0,0.4,0,0,1,1,0,0,,player.fcgi?id=sturge000isa
Khamaree Thomas*,19,2025,Michigan State,Big Ten,6,8,6,0,1,0,0,0,0,0,0,2,1,0.167,0.375,0.167,0.542,1,0,0,0,0,0,,player.fcgi?id=thomas000kha
Christian Williams,23,2025,Michigan State,Big Ten,12,17,12,1,2,0,0,0,2,1,0,4,6,0.167,0.412,0.167,0.579,2,0,1,0,0,0,,player.fcgi?id=willia027chr
Nick Williams,21,2025,Michigan State,Big Ten,53,215,169,38,45,10,2,5,29,8,2,32,19,0.266,0.405,0.438,0.843,74,2,10,0,4,1,,player.fcgi?id=willia012nic
Ryan Zimmer,23,2025,Michigan State,Big Ten,1,1,1,0,0,0,0,0,0,0,0,0,0,0,0,0,0,0,0,0,0,0,0,,player.fcgi?id=zimmer009rya
Noah Bright,23,2026,Michigan State,Big Ten,44,183,156,30,45,6,0,6,25,1,0,19,38,0.289,0.39,0.442,0.832,69,2,7,1,0,0,,player.fcgi?id=bright000noa
Adam Broski,--,2026,Michigan State,Big Ten,36,129,113,14,20,4,0,5,22,1,0,12,26,0.177,0.266,0.345,0.611,39,2,2,1,1,0,,player.fcgi?id=broski000ada
CJ Deckinga,19,2026,Michigan State,Big Ten,52,207,180,29,44,11,0,6,30,4,0,22,47,0.244,0.338,0.406,0.744,73,0,4,0,1,0,,player.fcgi?id=deckin000cj-
Isaiah Domey,--,2026,Michigan State,Big Ten,10,30,27,6,8,0,0,0,0,1,0,3,11,0.296,0.367,0.296,0.663,8,0,0,0,0,0,,player.fcgi?id=domey-000isa
Anthony Elezaj,--,2026,Michigan State,Big Ten,4,8,6,3,2,2,0,0,3,0,0,1,2,0.333,0.5,0.667,1.167,4,0,1,0,0,0,,player.fcgi?id=elezaj000ant
Ryan McKay*,21,2026,Michigan State,Big Ten,56,237,195,28,45,7,0,2,26,6,4,26,27,0.231,0.343,0.297,0.641,58,5,9,4,3,1,,player.fcgi?id=mckay-002rya
Dayton Murphy,20,2026,Michigan State,Big Ten,50,205,184,23,48,5,3,1,22,4,1,9,30,0.261,0.328,0.337,0.665,62,2,10,1,1,0,,player.fcgi?id=murphy000day
Jasen Oliver,22,2026,Michigan State,Big Ten,11,38,35,2,5,0,1,0,1,0,0,3,11,0.143,0.211,0.2,0.411,7,0,0,0,0,0,,player.fcgi?id=oliver001jas
Parker Picot,21,2026,Michigan State,Big Ten,43,157,136,30,39,10,0,14,41,0,2,11,55,0.287,0.357,0.669,1.026,91,2,6,0,4,0,,player.fcgi?id=picot-000par
Trent Rice,21,2026,Michigan State,Big Ten,30,83,67,14,17,3,0,0,3,3,5,9,14,0.254,0.374,0.299,0.672,20,0,5,0,2,0,,player.fcgi?id=rice--000tre
Randy Seymour,22,2026,Michigan State,Big Ten,56,250,229,34,60,10,2,16,55,4,4,10,59,0.262,0.316,0.533,0.849,122,2,9,0,2,2,,player.fcgi?id=seymou000ran
Isaac Sturgess*,20,2026,Michigan State,Big Ten,53,218,192,42,61,15,1,4,33,4,3,18,35,0.318,0.381,0.469,0.85,90,2,4,0,4,0,,player.fcgi?id=sturge000isa
Khamaree Thomas*,20,2026,Michigan State,Big Ten,51,220,182,40,58,12,0,2,31,8,1,27,35,0.319,0.402,0.418,0.82,76,1,1,6,4,0,,player.fcgi?id=thomas000kha
Cole Van Ameyde,19,2026,Michigan State,Big Ten,15,40,31,8,3,1,1,0,0,0,0,7,5,0.097,0.3,0.194,0.494,6,1,2,0,0,0,,player.fcgi?id=vaname000col
Nick Williams,22,2026,Michigan State,Big Ten,49,205,174,39,58,14,2,6,27,3,2,25,20,0.333,0.434,0.54,0.974,94,5,6,0,0,0,,player.fcgi?id=willia012nic
Ben Ballantine,20,2011,Michigan,Big Ten,20,1,0,0,0,0,0,0,0,0,0,1,0,,1,,,0,,0,0,0,,,player.fcgi?id=ballan000ben
Patrick Biondi*,20,2011,Michigan,Big Ten,54,250,217,36,62,7,1,0,21,27,5,25,26,0.286,0.366,0.327,0.693,71,,3,4,1,,,player.fcgi?id=biondi001pat
Coley Crank,21,2011,Michigan,Big Ten,54,228,194,27,52,17,1,7,33,0,0,29,50,0.268,0.373,0.474,0.847,92,,4,0,1,,,player.fcgi?id=crank-001col
Derek Dennis,20,2011,Michigan,Big Ten,40,173,148,13,32,5,0,0,10,5,1,20,39,0.216,0.33,0.25,0.58,37,,5,0,0,,,player.fcgi?id=dennis001der
John DiLaura,--,2011,Michigan,Big Ten,26,69,62,3,13,0,0,0,2,2,1,6,10,0.21,0.279,0.21,0.489,13,,0,1,0,,,player.fcgi?id=dilaur000joh
Zach Johnson,--,2011,Michigan,Big Ten,25,48,40,5,7,0,0,0,1,0,0,2,13,0.175,0.233,0.175,0.408,7,,1,5,0,,,player.fcgi?id=johnso004zac
Kevin Krantz,--,2011,Michigan,Big Ten,48,182,152,18,33,8,1,1,22,2,1,15,31,0.217,0.324,0.303,0.627,46,,9,6,0,,,player.fcgi?id=krantz000kev
Alex Lakatos,19,2011,Michigan,Big Ten,45,138,128,12,33,7,0,0,10,1,2,10,43,0.258,0.312,0.313,0.624,40,,0,0,0,,,player.fcgi?id=lakato000ale
John Lorenz,--,2011,Michigan,Big Ten,54,219,201,17,45,11,0,0,24,0,1,12,35,0.224,0.263,0.279,0.541,56,,0,2,4,,,player.fcgi?id=lorenz003joh
Cole Martin#,18,2011,Michigan,Big Ten,40,90,70,7,16,0,0,0,3,1,1,12,14,0.229,0.342,0.229,0.57,16,,0,8,0,,,player.fcgi?id=martin003col
Tyler Mills,21,2011,Michigan,Big Ten,28,21,16,2,1,1,0,0,2,0,0,3,6,0.063,0.25,0.125,0.375,2,,1,1,0,,,player.fcgi?id=mills-000tyl
Michael O'Neill,19,2011,Michigan,Big Ten,54,240,218,30,67,8,2,2,29,29,8,13,46,0.307,0.356,0.39,0.746,85,,5,1,3,,,player.fcgi?id=oneill001mic
Adam Robinson,--,2011,Michigan,Big Ten,28,31,25,7,2,0,0,0,2,1,0,4,10,0.08,0.226,0.08,0.306,2,,1,0,1,,,player.fcgi?id=robins002ada
Mac Simotes,--,2011,Michigan,Big Ten,5,4,4,0,1,0,0,0,1,0,0,0,1,0.25,0.25,0.25,0.5,1,,0,0,0,,,player.fcgi?id=simote000mac
Garrett Stephens*,--,2011,Michigan,Big Ten,42,151,124,14,29,1,0,2,15,5,0,21,36,0.234,0.353,0.29,0.644,36,,3,1,2,,,player.fcgi?id=stephe005gar
Anthony Toth,23,2011,Michigan,Big Ten,39,171,152,15,33,6,0,0,9,4,4,11,24,0.217,0.28,0.257,0.536,39,,3,3,2,,,player.fcgi?id=toth--000ant
Brett Winger,19,2011,Michigan,Big Ten,25,71,68,9,20,3,0,0,5,0,1,0,13,0.294,0.314,0.338,0.653,23,,2,1,0,,,player.fcgi?id=winger000bre
Patrick Biondi*,21,2012,Michigan,Big Ten,56,267,221,44,67,11,3,2,17,32,12,30,28,0.303,0.408,0.407,0.816,90,,10,5,1,1,,player.fcgi?id=biondi001pat
Coley Crank,22,2012,Michigan,Big Ten,56,236,191,35,48,7,0,12,45,1,2,32,40,0.251,0.364,0.476,0.841,91,,6,0,7,3,,player.fcgi?id=crank-001col
Dylan Delaney,19,2012,Michigan,Big Ten,56,217,193,19,36,5,0,2,16,5,1,12,62,0.187,0.252,0.244,0.496,47,,5,7,0,0,,player.fcgi?id=delane000dyl
Derek Dennis,21,2012,Michigan,Big Ten,8,23,16,3,3,3,0,0,1,1,0,5,6,0.188,0.409,0.375,0.784,6,,1,1,0,0,,player.fcgi?id=dennis001der
John DiLaura,--,2012,Michigan,Big Ten,48,167,138,17,37,5,0,0,12,0,1,24,24,0.268,0.378,0.304,0.682,42,,1,3,1,0,,player.fcgi?id=dilaur000joh
Mike Dolloff,19,2012,Michigan,Big Ten,9,10,8,0,0,0,0,0,2,0,0,2,2,0,0.2,0,0.2,0,,0,0,0,0,,player.fcgi?id=dollof000mik
Will Drake*,19,2012,Michigan,Big Ten,40,169,150,27,44,8,4,0,22,10,4,14,26,0.293,0.355,0.4,0.755,60,,1,3,1,0,,player.fcgi?id=drake-001wil
Donnie Eaton,19,2012,Michigan,Big Ten,2,3,3,0,1,0,0,0,0,0,0,0,0,0.333,0.333,0.333,0.667,1,,0,0,0,0,,player.fcgi?id=eaton-000don
Eric Jacobson,--,2012,Michigan,Big Ten,39,58,55,3,12,2,0,0,3,0,0,2,12,0.218,0.246,0.255,0.5,14,,0,1,0,0,,player.fcgi?id=jacobs000eri
Zach Johnson,--,2012,Michigan,Big Ten,11,11,9,1,1,0,0,0,0,0,0,1,2,0.111,0.273,0.111,0.384,1,,1,0,0,0,,player.fcgi?id=johnso004zac
Kyle Jusick*,--,2012,Michigan,Big Ten,2,2,1,0,0,0,0,0,0,0,0,1,0,0,0.5,0,0.5,0,,0,0,0,0,,player.fcgi?id=jusick000kyl
Kevin Krantz,--,2012,Michigan,Big Ten,28,52,44,5,6,1,0,0,3,0,0,7,13,0.136,0.255,0.159,0.414,7,,0,1,0,0,,player.fcgi?id=krantz000kev
Alex Lakatos,20,2012,Michigan,Big Ten,22,8,8,0,2,1,0,0,1,0,0,0,5,0.25,0.25,0.375,0.625,3,,0,0,0,0,,player.fcgi?id=lakato000ale
John Lorenz,--,2012,Michigan,Big Ten,56,237,212,22,52,8,3,2,25,0,1,20,31,0.245,0.312,0.34,0.652,72,,1,3,1,0,,player.fcgi?id=lorenz003joh
Cole Martin#,19,2012,Michigan,Big Ten,43,110,95,9,18,0,1,0,12,1,0,11,21,0.19,0.274,0.211,0.484,20,,0,4,0,0,,player.fcgi?id=martin003col
Michael O'Neill,20,2012,Michigan,Big Ten,41,182,162,31,53,12,1,6,31,19,5,9,22,0.327,0.381,0.525,0.906,85,,7,1,3,3,,player.fcgi?id=oneill001mic
Adam Robinson,--,2012,Michigan,Big Ten,15,2,2,3,0,0,0,0,0,1,1,0,2,0,0,0,0,0,,0,0,0,0,,player.fcgi?id=robins002ada
Brandon Sinnery,22,2012,Michigan,Big Ten,17,1,1,1,0,0,0,0,0,0,0,0,0,0,0,0,0,0,,0,0,0,0,,player.fcgi?id=sinner000bra
Trent Szkutnik,18,2012,Michigan,Big Ten,19,1,1,0,0,0,0,0,0,0,0,0,0,0,0,0,0,0,,0,0,0,0,,player.fcgi?id=szkutn000tre
Kevin White,20,2012,Michigan,Big Ten,39,122,109,14,26,2,0,3,11,2,3,13,45,0.239,0.32,0.339,0.659,37,,0,0,0,0,,player.fcgi?id=white-003kev
Brett Winger,20,2012,Michigan,Big Ten,56,218,200,22,59,10,1,4,30,0,0,13,53,0.295,0.344,0.415,0.759,83,,3,0,2,0,,player.fcgi?id=winger000bre
Zach Zott*,19,2012,Michigan,Big Ten,37,101,88,8,18,1,2,0,7,0,0,6,28,0.205,0.278,0.261,0.54,23,,3,4,0,0,,player.fcgi?id=zott--000zac
Patrick Biondi*,22,2013,Michigan,Big Ten,50,199,165,40,51,9,0,1,16,15,4,20,21,0.309,0.399,0.382,0.781,63,,6,6,2,0,,player.fcgi?id=biondi001pat
Jake Cronenworth*,19,2013,Michigan,Big Ten,56,246,203,33,65,12,2,2,42,12,4,22,21,0.32,0.386,0.429,0.815,87,,6,5,10,0,,player.fcgi?id=cronen000jac
Dylan Delaney,20,2013,Michigan,Big Ten,38,93,73,8,15,2,0,0,9,0,3,12,29,0.206,0.363,0.233,0.596,17,,6,2,0,0,,player.fcgi?id=delane000dyl
John DiLaura,--,2013,Michigan,Big Ten,24,67,50,12,14,0,0,0,9,2,0,13,10,0.28,0.424,0.28,0.704,14,,1,1,2,0,,player.fcgi?id=dilaur000joh
Donnie Eaton,20,2013,Michigan,Big Ten,21,0,0,4,0,0,0,0,0,0,0,0,0,,,,,0,,0,0,0,0,,player.fcgi?id=eaton-000don
Eric Jacobson,--,2013,Michigan,Big Ten,31,56,48,7,9,0,0,0,1,1,0,3,9,0.188,0.235,0.188,0.423,9,,0,5,0,0,,player.fcgi?id=jacobs000eri
Dominic Jamett,--,2013,Michigan,Big Ten,9,15,13,0,3,0,0,0,0,0,0,2,6,0.231,0.333,0.231,0.564,3,,0,0,0,0,,player.fcgi?id=jamett000dom
Zach Johnson,--,2013,Michigan,Big Ten,11,12,9,0,2,0,0,0,1,0,0,1,1,0.222,0.333,0.222,0.556,2,,1,0,1,0,,player.fcgi?id=johnso004zac
Kyle Jusick*,--,2013,Michigan,Big Ten,45,155,124,13,33,5,1,0,18,2,0,17,16,0.266,0.382,0.323,0.704,40,,8,3,3,0,,player.fcgi?id=jusick000kyl
Alex Lakatos,21,2013,Michigan,Big Ten,15,0,0,1,0,0,0,0,0,0,0,0,0,,,,,0,,0,0,0,0,,player.fcgi?id=lakato000ale
Travis Maezes*,19,2013,Michigan,Big Ten,56,257,217,35,68,10,3,3,44,17,6,21,30,0.313,0.395,0.429,0.824,93,,11,4,4,0,,player.fcgi?id=maezes000tra
Cole Martin#,20,2013,Michigan,Big Ten,56,216,187,30,46,7,1,1,22,3,2,19,22,0.246,0.318,0.31,0.628,58,,2,5,3,0,,player.fcgi?id=martin003col
Michael O'Neill,21,2013,Michigan,Big Ten,56,260,239,46,85,17,1,5,37,23,4,11,40,0.356,0.396,0.498,0.894,119,,7,0,3,3,,player.fcgi?id=oneill001mic
Jack Sexton*,--,2013,Michigan,Big Ten,50,178,153,16,31,3,0,0,12,1,0,15,30,0.203,0.272,0.222,0.494,34,,1,5,4,0,,player.fcgi?id=sexton002jac
Kevin White,21,2013,Michigan,Big Ten,50,181,162,23,45,12,3,1,19,9,0,15,40,0.278,0.337,0.407,0.744,66,,1,0,3,0,,player.fcgi?id=white-003kev
Brett Winger,21,2013,Michigan,Big Ten,18,45,38,2,6,0,0,0,1,1,0,4,11,0.158,0.267,0.158,0.425,6,,2,0,1,0,,player.fcgi?id=winger000bre
Zach Zott*,20,2013,Michigan,Big Ten,51,198,165,30,46,5,1,3,20,19,5,22,29,0.279,0.385,0.376,0.76,62,,7,3,1,0,,player.fcgi?id=zott--000zac
Carmen Benedetti*,19,2014,Michigan,Big Ten,49,173,153,9,42,12,0,2,28,0,1,10,25,0.275,0.318,0.392,0.71,60,,3,0,7,0,,player.fcgi?id=benede000car
Jake Cronenworth*,20,2014,Michigan,Big Ten,60,264,205,41,55,6,4,2,28,19,4,41,34,0.268,0.391,0.366,0.757,75,,3,11,4,1,,player.fcgi?id=cronen000jac
Jackson Glines*,22,2014,Michigan,Big Ten,60,266,214,38,71,19,3,1,43,14,2,28,25,0.332,0.444,0.463,0.907,99,,17,5,2,2,,player.fcgi?id=glines000jac
Hector Gutierrez,20,2014,Michigan,Big Ten,25,42,41,2,8,0,0,0,4,0,2,1,11,0.195,0.214,0.195,0.409,8,,0,0,0,0,,player.fcgi?id=gutier002hec
Eric Jacobson,--,2014,Michigan,Big Ten,38,131,111,8,27,3,0,0,10,0,0,3,20,0.243,0.269,0.27,0.539,30,,2,12,3,0,,player.fcgi?id=jacobs000eri
Dominic Jamett,--,2014,Michigan,Big Ten,16,48,44,3,10,0,0,0,4,0,0,2,9,0.227,0.292,0.227,0.519,10,,2,0,0,0,,player.fcgi?id=jamett000dom
Kyle Jusick*,--,2014,Michigan,Big Ten,54,212,177,22,48,6,0,1,24,1,0,21,22,0.271,0.359,0.322,0.681,57,,6,3,5,0,,player.fcgi?id=jusick000kyl
Alex Lakatos,22,2014,Michigan,Big Ten,14,0,0,1,0,0,0,0,0,0,0,0,0,,,,,0,,0,0,0,0,,player.fcgi?id=lakato000ale
Jackson Lamb,19,2014,Michigan,Big Ten,44,123,108,14,27,8,1,2,12,6,2,11,22,0.25,0.328,0.398,0.726,43,,2,1,1,0,,player.fcgi?id=lamb--003jac
Travis Maezes*,20,2014,Michigan,Big Ten,58,266,222,47,67,18,4,3,21,19,5,33,34,0.302,0.413,0.46,0.872,102,,9,2,0,3,,player.fcgi?id=maezes000tra
Cole Martin#,21,2014,Michigan,Big Ten,57,209,180,21,46,5,0,1,15,3,1,18,25,0.256,0.325,0.3,0.625,54,,2,6,3,1,,player.fcgi?id=martin003col
Trey Miller,--,2014,Michigan,Big Ten,30,51,43,4,6,0,0,1,7,1,1,6,9,0.14,0.275,0.209,0.484,9,,2,0,0,0,,player.fcgi?id=miller004tre
Kendall Patrick,22,2014,Michigan,Big Ten,38,122,102,11,23,2,0,3,18,1,1,9,17,0.226,0.336,0.333,0.669,34,,9,0,2,1,,player.fcgi?id=patric002ken
Ramsey Romano,19,2014,Michigan,Big Ten,26,90,82,8,20,2,0,0,4,2,1,3,13,0.244,0.279,0.268,0.547,22,,1,4,0,0,,player.fcgi?id=romano000ram
Johnny Slater*,18,2014,Michigan,Big Ten,48,98,93,14,16,5,0,0,6,6,4,3,27,0.172,0.206,0.226,0.432,21,,1,1,0,0,,player.fcgi?id=slater000joh
Harrison Wenson,19,2014,Michigan,Big Ten,22,52,45,4,10,5,1,0,2,0,0,2,15,0.222,0.308,0.378,0.686,17,,4,0,1,0,,player.fcgi?id=wenson000har
Kevin White,22,2014,Michigan,Big Ten,33,82,75,9,19,1,1,2,6,4,1,5,26,0.253,0.293,0.373,0.666,28,,0,0,2,0,,player.fcgi?id=white-003kev
Brett Winger,22,2014,Michigan,Big Ten,12,18,17,1,1,0,0,0,0,0,0,0,5,0.059,0.111,0.059,0.17,1,,1,0,0,0,,player.fcgi?id=winger000bre
Zach Zott*,21,2014,Michigan,Big Ten,34,55,44,8,5,0,0,0,3,5,5,6,16,0.114,0.25,0.114,0.364,5,,2,3,0,0,,player.fcgi?id=zott--000zac
Carmen Benedetti*,20,2015,Michigan,Big Ten,62,268,233,37,82,25,2,5,71,1,1,28,22,0.352,0.418,0.541,0.959,126,,2,0,5,2,,player.fcgi?id=benede000car
Jake Bivens*,20,2015,Michigan,Big Ten,63,275,213,43,68,7,0,0,19,9,2,34,22,0.319,0.435,0.352,0.787,75,,12,13,3,0,,player.fcgi?id=bivens000jak
Cody Bruder,--,2015,Michigan,Big Ten,64,282,253,42,78,15,4,2,43,8,0,11,42,0.308,0.349,0.423,0.772,107,,7,7,4,0,,player.fcgi?id=bruder000cod
Jake Cronenworth*,21,2015,Michigan,Big Ten,64,314,269,62,91,18,3,6,48,11,9,34,28,0.338,0.419,0.494,0.914,133,,5,4,2,0,,player.fcgi?id=cronen000jac
Jackson Glines*,23,2015,Michigan,Big Ten,61,278,238,55,83,13,3,5,34,7,4,33,24,0.349,0.44,0.492,0.932,117,,6,1,0,1,,player.fcgi?id=glines000jac
Hector Gutierrez,21,2015,Michigan,Big Ten,21,35,28,6,7,1,0,0,6,1,0,6,11,0.25,0.382,0.286,0.668,8,,0,1,0,0,,player.fcgi?id=gutier002hec
Eric Jacobson,--,2015,Michigan,Big Ten,57,154,141,19,38,4,0,0,18,0,0,4,22,0.27,0.304,0.298,0.602,42,,3,6,0,0,,player.fcgi?id=jacobs000eri
Dominic Jamett,--,2015,Michigan,Big Ten,14,17,15,1,2,1,0,0,2,0,0,1,2,0.133,0.235,0.2,0.435,3,,1,0,0,0,,player.fcgi?id=jamett000dom
Kyle Jusick*,--,2015,Michigan,Big Ten,38,92,78,8,18,4,1,1,16,0,0,11,9,0.231,0.348,0.346,0.694,27,,3,0,0,0,,player.fcgi?id=jusick000kyl
Drew Lugbauer*,18,2015,Michigan,Big Ten,42,131,114,11,24,6,1,0,8,1,0,15,36,0.211,0.3,0.281,0.581,32,,0,1,1,3,,player.fcgi?id=lugbau000dre
Travis Maezes*,21,2015,Michigan,Big Ten,48,194,165,30,49,11,0,1,27,5,2,21,28,0.297,0.389,0.382,0.77,63,,5,1,2,1,,player.fcgi?id=maezes000tra
Bryan Pall,19,2015,Michigan,Big Ten,23,1,1,0,0,0,0,0,0,0,0,0,1,0,0,0,0,0,,0,0,0,0,,player.fcgi?id=pall--000bry
Kendall Patrick,23,2015,Michigan,Big Ten,52,191,147,31,39,11,0,8,33,0,0,23,39,0.265,0.405,0.503,0.909,74,,15,1,5,0,,player.fcgi?id=patric002ken
Johnny Slater*,19,2015,Michigan,Big Ten,56,170,144,27,33,9,2,3,25,6,0,15,26,0.229,0.325,0.382,0.707,55,,6,4,1,0,,player.fcgi?id=slater000joh
Harrison Wenson,20,2015,Michigan,Big Ten,12,24,21,3,2,1,0,0,0,0,0,2,10,0.095,0.208,0.143,0.351,3,,1,0,0,0,,player.fcgi?id=wenson000har
Kevin White,23,2015,Michigan,Big Ten,51,156,122,25,32,7,0,2,16,4,1,28,37,0.262,0.41,0.369,0.779,45,,4,0,2,0,,player.fcgi?id=white-003kev
Carmen Benedetti*,21,2016,Michigan,Big Ten,53,242,190,44,62,19,2,3,33,6,1,44,28,0.326,0.465,0.495,0.959,94,,6,1,1,3,,player.fcgi?id=benede000car
Jake Bivens*,21,2016,Michigan,Big Ten,56,273,229,52,82,10,2,0,26,13,6,28,27,0.358,0.442,0.419,0.861,96,,8,6,2,0,,player.fcgi?id=bivens000jak
Michael Brdar,22,2016,Michigan,Big Ten,52,198,173,21,43,8,1,1,16,3,5,14,32,0.249,0.314,0.324,0.638,56,,3,7,1,1,,player.fcgi?id=brdar-000mic
Cody Bruder,--,2016,Michigan,Big Ten,56,252,227,38,85,18,1,2,52,7,4,15,38,0.374,0.428,0.489,0.917,111,,7,2,1,1,,player.fcgi?id=bruder000cod
Jonathan Engelmann,19,2016,Michigan,Big Ten,38,117,105,13,26,5,1,0,11,1,2,7,20,0.248,0.302,0.314,0.616,33,,2,1,2,0,,player.fcgi?id=engelm000jon
Hector Gutierrez,22,2016,Michigan,Big Ten,17,32,30,3,6,0,0,0,2,0,0,2,14,0.2,0.25,0.2,0.45,6,,0,0,0,0,,player.fcgi?id=gutier002hec
Dominic Jamett,--,2016,Michigan,Big Ten,25,81,67,8,17,4,0,2,14,0,0,8,19,0.254,0.358,0.403,0.761,27,,4,0,2,0,,player.fcgi?id=jamett000dom
Ricky Karcher,18,2016,Michigan,Big Ten,5,1,1,0,0,0,0,0,0,0,0,0,1,0,0,0,0,0,,0,0,0,0,,player.fcgi?id=karche002ric
Jimmy Kerr*,19,2016,Michigan,Big Ten,14,32,24,7,9,2,0,0,7,0,0,7,5,0.375,0.531,0.458,0.99,11,,1,0,0,0,,player.fcgi?id=kerr--000jim
Drew Lugbauer*,19,2016,Michigan,Big Ten,56,237,198,39,59,15,1,7,46,1,0,30,53,0.298,0.396,0.49,0.886,97,,4,2,3,1,,player.fcgi?id=lugbau000dre
Ryan Nutof*,20,2016,Michigan,Big Ten,20,1,1,0,0,0,0,0,0,0,0,0,1,0,0,0,0,0,,0,0,0,0,,player.fcgi?id=nutof-000rya
Matt Ramsay,23,2016,Michigan,Big Ten,47,225,181,48,54,9,0,4,28,20,3,31,31,0.298,0.405,0.414,0.819,75,,4,5,4,0,,player.fcgi?id=ramsay000mat
Matt Ross*,20,2016,Michigan,Big Ten,5,5,5,1,2,0,0,0,1,0,0,0,1,0.4,0.4,0.4,0.8,2,,0,0,0,0,,player.fcgi?id=ross--000mat
Johnny Slater*,20,2016,Michigan,Big Ten,33,102,90,17,19,6,2,1,7,5,0,7,21,0.211,0.268,0.356,0.624,32,,0,5,0,0,,player.fcgi?id=slater000joh
Ako Thomas,19,2016,Michigan,Big Ten,52,197,151,29,39,3,1,0,15,1,1,30,23,0.258,0.387,0.291,0.679,44,,3,11,2,0,,player.fcgi?id=thomas000ako
Will Tribucher*,19,2016,Michigan,Big Ten,24,1,0,0,0,0,0,0,0,0,0,1,0,,1,,,0,,0,0,0,0,,player.fcgi?id=tribuc000wil
Harrison Wenson,21,2016,Michigan,Big Ten,56,248,214,38,63,18,1,8,56,3,0,19,54,0.294,0.351,0.5,0.851,107,,5,0,10,0,,player.fcgi?id=wenson000har
Jake Bivens*,22,2017,Michigan,Big Ten,59,266,205,39,56,9,2,0,20,24,7,37,32,0.273,0.436,0.337,0.772,69,,22,2,0,0,,player.fcgi?id=bivens000jak
Michael Brdar,23,2017,Michigan,Big Ten,59,273,242,44,75,11,2,3,37,19,5,23,23,0.31,0.37,0.409,0.779,99,,3,0,5,1,,player.fcgi?id=brdar-000mic
Christan Bullock*,19,2017,Michigan,Big Ten,17,18,15,4,1,0,0,0,2,3,1,1,3,0.067,0.118,0.067,0.184,1,,0,1,1,0,,player.fcgi?id=bulloc000chr
Dominic Clementi*,19,2017,Michigan,Big Ten,18,23,22,0,9,0,0,0,3,0,1,1,4,0.409,0.435,0.409,0.844,9,,0,0,0,0,,player.fcgi?id=clemen000dom
Jonathan Engelmann,20,2017,Michigan,Big Ten,57,215,189,33,49,7,1,2,30,11,1,18,26,0.259,0.341,0.339,0.68,64,,6,1,1,0,,player.fcgi?id=engelm000jon
George Hewitt#,20,2017,Michigan,Big Ten,5,5,5,1,0,0,0,0,0,0,0,0,4,0,0,0,0,0,,0,0,0,0,,player.fcgi?id=hewitt000geo
Brock Keener#,21,2017,Michigan,Big Ten,11,9,7,2,3,0,0,0,2,0,0,1,1,0.429,0.556,0.429,0.984,3,,1,0,0,0,,player.fcgi?id=keener000bro
Jimmy Kerr*,20,2017,Michigan,Big Ten,38,118,102,13,28,7,2,1,16,2,2,10,24,0.275,0.33,0.412,0.742,42,,0,3,3,0,,player.fcgi?id=kerr--000jim
Miles Lewis#,21,2017,Michigan,Big Ten,59,257,216,41,64,14,1,1,33,19,4,29,39,0.296,0.381,0.384,0.765,83,,3,5,4,1,,player.fcgi?id=lewis-003mil
Drew Lugbauer*,20,2017,Michigan,Big Ten,59,268,222,43,64,13,1,12,60,2,1,38,68,0.288,0.401,0.518,0.919,115,,5,1,2,2,,player.fcgi?id=lugbau000dre
Joe Pace,20,2017,Michigan,Big Ten,19,28,21,4,3,1,0,1,5,0,0,4,5,0.143,0.286,0.333,0.619,7,,1,0,2,0,,player.fcgi?id=pace--000joe
Nick Poirier*,20,2017,Michigan,Big Ten,54,221,192,35,55,6,1,2,25,6,2,24,42,0.287,0.373,0.359,0.732,69,,3,1,1,1,,player.fcgi?id=poirie000nic
Johnny Slater*,21,2017,Michigan,Big Ten,58,252,211,49,63,12,7,5,47,15,0,27,53,0.299,0.377,0.493,0.869,104,,3,5,6,0,,player.fcgi?id=slater000joh
Ako Thomas,20,2017,Michigan,Big Ten,47,200,164,41,58,7,0,0,21,23,5,28,19,0.354,0.462,0.396,0.859,65,,6,1,1,0,,player.fcgi?id=thomas000ako
Jack Weisenburger,19,2017,Michigan,Big Ten,6,2,1,0,0,0,0,0,0,0,0,1,0,0,0.5,0,0.5,0,,0,0,0,0,,player.fcgi?id=weisen000jac
Harrison Wenson,22,2017,Michigan,Big Ten,58,228,188,36,36,7,1,9,41,1,0,23,68,0.192,0.298,0.383,0.681,72,,8,3,6,0,,player.fcgi?id=wenson000har
Jack Blomgren,19,2018,Michigan,Big Ten,52,205,162,21,35,7,0,1,18,5,0,27,40,0.216,0.355,0.278,0.633,45,,9,5,2,0,,player.fcgi?id=blomgr000jac
Jack Bredeson,21,2018,Michigan,Big Ten,7,0,0,1,0,0,0,0,0,0,0,0,0,,,,,0,,0,0,0,0,,player.fcgi?id=bredes000jac
Christan Bullock*,20,2018,Michigan,Big Ten,48,191,168,28,44,10,1,1,18,18,5,14,40,0.262,0.326,0.351,0.677,59,,3,4,2,0,,player.fcgi?id=bulloc000chr
Marcus Chavez,20,2018,Michigan,Big Ten,14,42,34,4,6,2,0,0,2,0,0,7,7,0.177,0.333,0.235,0.569,8,,1,0,0,0,,player.fcgi?id=chavez005mar
Dominic Clementi*,20,2018,Michigan,Big Ten,44,169,136,32,50,6,5,4,29,2,2,29,27,0.368,0.485,0.574,1.059,78,,3,0,1,0,,player.fcgi?id=clemen000dom
Joe Donovan,19,2018,Michigan,Big Ten,14,27,24,5,6,1,0,0,3,0,1,3,10,0.25,0.333,0.292,0.625,7,,0,0,0,0,,player.fcgi?id=donova000joe
Jonathan Engelmann,21,2018,Michigan,Big Ten,54,248,211,43,74,14,2,6,44,21,9,25,41,0.351,0.432,0.521,0.953,110,,8,0,4,1,,player.fcgi?id=engelm000jon
Jesse Franklin*,19,2018,Michigan,Big Ten,47,190,165,31,54,11,1,10,47,4,2,14,34,0.327,0.379,0.588,0.967,97,,4,0,7,1,,player.fcgi?id=frankl000jes
Hector Gutierrez,24,2018,Michigan,Big Ten,14,32,28,5,6,0,0,1,9,0,0,4,6,0.214,0.313,0.321,0.634,9,,0,0,0,0,,player.fcgi?id=gutier002hec
Brock Keener#,22,2018,Michigan,Big Ten,39,143,115,25,29,5,1,0,20,1,0,20,32,0.252,0.387,0.313,0.7,36,,6,1,1,0,,player.fcgi?id=keener000bro
Jimmy Kerr*,21,2018,Michigan,Big Ten,30,82,68,11,12,3,0,1,4,3,0,9,19,0.177,0.275,0.265,0.54,18,,1,2,2,0,,player.fcgi?id=kerr--000jim
Miles Lewis#,22,2018,Michigan,Big Ten,42,161,135,25,31,8,0,3,24,3,3,18,21,0.23,0.319,0.356,0.674,48,,1,4,3,1,,player.fcgi?id=lewis-003mil
Blake Nelson,21,2018,Michigan,Big Ten,45,180,153,28,38,11,0,0,19,5,1,18,36,0.248,0.352,0.32,0.672,49,,7,1,1,0,,player.fcgi?id=nelson000bla
Jordan Nwogu,19,2018,Michigan,Big Ten,46,154,126,28,44,8,1,6,29,11,3,15,34,0.349,0.442,0.571,1.013,72,,9,0,4,0,,player.fcgi?id=nwogu-000jor
Joe Pace,21,2018,Michigan,Big Ten,29,8,7,0,1,1,0,0,0,0,0,1,4,0.143,0.25,0.286,0.536,2,,0,0,0,0,,player.fcgi?id=pace--000joe
Logan Pollack*,19,2018,Michigan,Big Ten,5,7,7,0,0,0,0,0,1,0,0,0,2,0,0,0,0,0,,0,0,0,0,,player.fcgi?id=pollac000log
Harrison Salter,20,2018,Michigan,Big Ten,26,83,77,11,19,3,1,1,12,0,0,2,18,0.247,0.275,0.351,0.626,27,,1,3,0,0,,player.fcgi?id=salter000har
Matthew Schmidt,21,2018,Michigan,Big Ten,20,36,26,3,4,1,0,0,3,2,0,7,13,0.154,0.343,0.192,0.535,5,,1,1,1,0,,player.fcgi?id=schmid003mat
Ako Thomas,21,2018,Michigan,Big Ten,45,214,180,38,49,10,0,0,22,15,2,28,19,0.272,0.371,0.328,0.699,59,,2,1,3,0,,player.fcgi?id=thomas000ako
Danny Zimmerman,19,2018,Michigan,Big Ten,3,1,1,0,0,0,0,0,0,0,0,0,0,0,0,0,0,0,,0,0,0,0,,player.fcgi?id=zimmer000dan
Riley Bertram#,19,2019,Michigan,Big Ten,18,33,26,4,10,4,0,0,7,1,0,4,6,0.385,0.515,0.539,1.054,14,,3,0,0,0,,player.fcgi?id=bertra000ril
Jack Blomgren,20,2019,Michigan,Big Ten,70,298,242,40,76,8,2,3,47,7,4,35,48,0.314,0.417,0.401,0.818,97,,12,3,6,0,,player.fcgi?id=blomgr000jac
Jordan Brewer*,21,2019,Michigan,Big Ten,63,285,246,58,81,20,0,12,59,25,4,24,56,0.329,0.389,0.557,0.946,137,,5,2,8,1,,player.fcgi?id=brewer000jor
Casey Buckley*,19,2019,Michigan,Big Ten,12,15,14,0,0,0,0,0,0,0,0,0,6,0,0,0,0,0,,0,1,0,0,,player.fcgi?id=buckle000cas
Christan Bullock*,21,2019,Michigan,Big Ten,46,144,118,27,31,7,2,2,14,14,2,22,43,0.263,0.385,0.407,0.791,48,,2,1,1,0,,player.fcgi?id=bulloc000chr
Keaton Carattini,19,2019,Michigan,Big Ten,5,2,1,0,0,0,0,0,0,0,0,1,1,0,0.5,0,0.5,0,,0,0,0,0,,player.fcgi?id=carrat000kea
Dominic Clementi*,21,2019,Michigan,Big Ten,38,98,87,13,17,4,1,1,6,2,0,9,25,0.195,0.276,0.299,0.574,26,,1,0,1,0,,player.fcgi?id=clemen000dom
Joe Donovan,20,2019,Michigan,Big Ten,63,243,209,40,49,12,0,9,37,0,2,20,55,0.234,0.314,0.421,0.735,88,,6,4,4,0,,player.fcgi?id=donova000joe
Jesse Franklin*,20,2019,Michigan,Big Ten,68,322,260,61,68,15,1,13,55,4,0,51,54,0.262,0.388,0.477,0.865,124,,6,0,5,0,,player.fcgi?id=frankl000jes
Jimmy Kerr*,22,2019,Michigan,Big Ten,72,316,268,52,72,15,1,15,64,6,1,43,63,0.269,0.364,0.5,0.864,134,,0,0,5,2,,player.fcgi?id=kerr--000jim
Miles Lewis#,23,2019,Michigan,Big Ten,62,259,223,43,59,16,2,4,31,10,6,28,48,0.265,0.364,0.408,0.772,91,,7,1,0,1,,player.fcgi?id=lewis-003mil
Blake Nelson,22,2019,Michigan,Big Ten,65,283,236,42,70,17,1,1,39,18,0,30,54,0.297,0.391,0.39,0.781,92,,9,4,4,1,,player.fcgi?id=nelson000bla
Jordan Nwogu,20,2019,Michigan,Big Ten,64,299,246,58,79,14,4,12,46,16,2,44,51,0.321,0.435,0.557,0.992,137,,7,0,2,1,,player.fcgi?id=nwogu-000jor
Harrison Salter,21,2019,Michigan,Big Ten,22,44,34,4,9,1,0,0,8,0,0,6,7,0.265,0.357,0.294,0.651,10,,0,2,2,0,,player.fcgi?id=salter000har
Matthew Schmidt,22,2019,Michigan,Big Ten,14,18,12,4,2,1,0,0,2,2,0,2,1,0.167,0.389,0.25,0.639,3,,3,0,1,0,,player.fcgi?id=schmid003mat
Ako Thomas,22,2019,Michigan,Big Ten,64,265,225,38,60,16,1,2,32,2,2,31,48,0.267,0.366,0.373,0.74,84,,5,3,1,1,,player.fcgi?id=thomas000ako
Jack Van Remortel,19,2019,Michigan,Big Ten,16,16,12,3,2,0,0,0,1,0,0,4,2,0.167,0.375,0.167,0.542,2,,0,0,0,0,,player.fcgi?id=vanrem000jac
Riley Bertram#,20,2020,Michigan,Big Ten,15,64,53,10,11,4,0,0,10,3,1,6,9,0.208,0.29,0.283,0.573,15,,1,2,2,0,,player.fcgi?id=bertra000ril
Jack Blomgren,21,2020,Michigan,Big Ten,15,72,56,11,16,3,0,1,6,6,1,11,14,0.286,0.444,0.393,0.837,22,,5,0,0,0,,player.fcgi?id=blomgr000jac
Christan Bullock*,22,2020,Michigan,Big Ten,7,12,9,0,1,0,0,0,0,1,0,2,6,0.111,0.273,0.111,0.384,1,,0,1,0,0,,player.fcgi?id=bulloc000chr
Ted Burton,20,2020,Michigan,Big Ten,12,40,36,1,8,1,0,1,8,1,1,3,9,0.222,0.275,0.333,0.608,12,,0,0,1,0,,player.fcgi?id=burton000ted
Dominic Clementi*,22,2020,Michigan,Big Ten,15,47,40,4,9,3,0,0,7,1,1,5,13,0.225,0.34,0.3,0.64,12,,2,0,0,0,,player.fcgi?id=clemen000dom
Joe Donovan,21,2020,Michigan,Big Ten,15,66,56,12,11,3,0,1,4,2,0,8,16,0.196,0.318,0.304,0.622,17,,2,0,0,0,,player.fcgi?id=donova000joe
Clark Elliott*,19,2020,Michigan,Big Ten,15,67,53,8,13,1,2,0,7,4,0,10,15,0.245,0.369,0.34,0.709,18,,1,2,1,0,,player.fcgi?id=elliot003cla
Tito Flores,19,2020,Michigan,Big Ten,3,2,2,0,2,0,0,0,0,0,0,0,0,1,1,1,2,2,,0,0,0,0,,player.fcgi?id=flores000tit
Cam Hart,20,2020,Michigan,Big Ten,8,26,23,1,5,0,0,0,1,0,0,3,6,0.217,0.308,0.217,0.525,5,,0,0,0,0,,player.fcgi?id=hart--000cam
Jordan Nwogu,21,2020,Michigan,Big Ten,15,72,68,11,24,1,0,2,4,3,4,4,11,0.353,0.389,0.456,0.845,31,,0,0,0,0,,player.fcgi?id=nwogu-000jor
Jimmy Obertop,20,2020,Michigan,Big Ten,11,40,34,3,9,3,0,0,2,0,0,4,7,0.265,0.375,0.353,0.728,12,,2,0,0,0,,player.fcgi?id=oberto000jim
Logan Pollack*,21,2020,Michigan,Big Ten,5,5,4,0,0,0,0,0,0,0,0,1,0,0,0.2,0,0.2,0,,0,0,0,0,,player.fcgi?id=pollac000log
Jordon Rogers,20,2020,Michigan,Big Ten,5,2,2,0,1,0,0,0,0,1,0,0,1,0.5,0.5,0.5,1,1,,0,0,0,0,,player.fcgi?id=rogers002jor
Harrison Salter,22,2020,Michigan,Big Ten,2,1,1,0,0,0,0,0,0,0,0,0,1,0,0,0,0,0,,0,0,0,0,,player.fcgi?id=salter000har
Matthew Schmidt,23,2020,Michigan,Big Ten,12,39,33,4,7,2,0,1,4,0,0,6,17,0.212,0.333,0.364,0.697,12,,0,0,0,0,,player.fcgi?id=schmid003mat
Jack Van Remortel,20,2020,Michigan,Big Ten,2,1,1,0,0,0,0,0,0,0,0,0,0,0,0,0,0,0,,0,0,0,0,,player.fcgi?id=vanrem000jac
Joey Velazquez*,19,2020,Michigan,Big Ten,7,11,11,2,4,1,0,0,1,0,0,0,3,0.364,0.364,0.455,0.818,5,,0,0,0,0,,player.fcgi?id=velazq000joe
Danny Zimmerman,21,2020,Michigan,Big Ten,13,44,33,5,7,2,0,1,5,0,0,7,15,0.212,0.409,0.364,0.773,12,,4,0,0,0,,player.fcgi?id=zimmer000dan
Riley Bertram#,21,2021,Michigan,Big Ten,37,127,103,16,22,6,0,0,9,8,1,15,27,0.214,0.333,0.272,0.605,28,,4,4,1,0,,player.fcgi?id=bertra000ril
Christan Bullock*,23,2021,Michigan,Big Ten,29,78,64,17,11,2,1,2,8,6,1,11,25,0.172,0.293,0.328,0.621,21,,0,3,0,0,,player.fcgi?id=bulloc000chr
Ted Burton,21,2021,Michigan,Big Ten,35,137,114,25,39,12,2,7,28,3,2,15,29,0.342,0.434,0.667,1.101,76,,5,1,2,0,,player.fcgi?id=burton000ted
Clark Elliott*,20,2021,Michigan,Big Ten,43,186,152,33,41,9,0,5,22,8,2,30,34,0.27,0.403,0.428,0.831,65,,4,0,0,0,,player.fcgi?id=elliot003cla
Tito Flores,20,2021,Michigan,Big Ten,46,198,163,34,53,14,1,7,37,5,3,21,25,0.325,0.429,0.552,0.981,90,,11,0,3,0,,player.fcgi?id=flores000tit
Cam Hart,21,2021,Michigan,Big Ten,9,11,10,1,1,0,0,0,2,0,0,0,5,0.1,0.182,0.1,0.282,1,,1,0,0,0,,player.fcgi?id=hart--000cam
Brandon Lawrence#,20,2021,Michigan,Big Ten,5,7,5,4,2,0,0,1,3,0,0,2,2,0.4,0.571,1,1.571,5,,0,0,0,0,,player.fcgi?id=lawren001bra
Jake Marti#,21,2021,Michigan,Big Ten,24,81,66,9,12,5,0,0,6,7,1,10,22,0.182,0.321,0.258,0.579,17,,4,0,1,0,,player.fcgi?id=marti-000jak
Griffin Mazur,24,2021,Michigan,Big Ten,44,192,158,31,39,8,0,6,33,0,0,23,25,0.247,0.37,0.411,0.781,65,,9,0,2,1,,player.fcgi?id=mazur-000gri
Christian Molfetta,24,2021,Michigan,Big Ten,46,211,184,35,51,9,3,6,29,5,4,23,30,0.277,0.359,0.457,0.815,84,,1,2,1,0,,player.fcgi?id=molfet000chr
Jimmy Obertop,21,2021,Michigan,Big Ten,42,180,153,27,42,10,0,11,34,1,0,16,59,0.275,0.361,0.556,0.917,85,,7,0,4,0,,player.fcgi?id=oberto000jim
Joe Pace,24,2021,Michigan,Big Ten,20,1,1,0,1,1,0,0,0,0,0,0,0,1,1,2,3,2,,0,0,0,0,,player.fcgi?id=pace--000joe
Logan Pollack*,22,2021,Michigan,Big Ten,10,17,14,1,2,0,0,0,1,0,0,2,3,0.143,0.235,0.143,0.378,2,,0,0,1,0,,player.fcgi?id=pollac000log
Jordon Rogers,21,2021,Michigan,Big Ten,30,120,105,18,29,2,0,1,17,5,3,13,25,0.276,0.358,0.324,0.682,34,,1,0,1,0,,player.fcgi?id=rogers002jor
Ben Sems*,23,2021,Michigan,Big Ten,46,195,169,41,53,8,1,6,30,4,2,19,30,0.314,0.389,0.479,0.868,81,,3,2,2,0,,player.fcgi?id=sems--000ben
Joey Velazquez*,20,2021,Michigan,Big Ten,13,24,23,2,4,1,0,0,7,0,2,0,6,0.174,0.208,0.217,0.426,5,,1,0,0,0,,player.fcgi?id=velazq000joe
Danny Zimmerman,22,2021,Michigan,Big Ten,27,86,64,16,14,2,1,6,17,1,0,18,31,0.219,0.407,0.563,0.97,36,,3,0,1,0,,player.fcgi?id=zimmer000dan
Riley Bertram#,22,2022,Michigan,Big Ten,62,271,235,47,70,19,2,2,40,5,2,23,45,0.298,0.37,0.421,0.791,99,6,5,6,2,1,,player.fcgi?id=bertra000ril
Casey Buckley*,22,2022,Michigan,Big Ten,15,34,28,6,3,0,0,2,5,0,0,4,13,0.107,0.242,0.321,0.564,9,0,1,1,0,0,,player.fcgi?id=buckle000cas
Ted Burton,22,2022,Michigan,Big Ten,61,279,227,49,57,17,0,10,53,12,4,36,74,0.251,0.376,0.458,0.834,104,2,11,2,3,1,,player.fcgi?id=burton000ted
Walker Cleveland*,22,2022,Michigan,Big Ten,19,1,1,0,0,0,0,0,0,0,0,0,1,0,0,0,0,0,0,0,0,0,0,,player.fcgi?id=clevel000wal
Clark Elliott*,21,2022,Michigan,Big Ten,61,302,243,73,82,17,3,16,69,19,4,49,56,0.337,0.46,0.63,1.09,153,0,8,0,2,3,,player.fcgi?id=elliot003cla
Alex Fedje-Johnson,25,2022,Michigan,Big Ten,27,82,65,14,8,1,0,0,6,4,1,10,15,0.123,0.305,0.139,0.443,9,0,7,0,0,0,,player.fcgi?id=fedje-000ale
Tito Flores,21,2022,Michigan,Big Ten,62,279,239,47,66,19,1,11,49,2,2,24,51,0.276,0.376,0.502,0.878,120,4,15,0,1,0,,player.fcgi?id=flores000tit
Matt Frey*,25,2022,Michigan,Big Ten,61,294,233,59,75,15,0,12,57,2,1,38,35,0.322,0.446,0.541,0.986,126,1,18,0,5,0,,player.fcgi?id=frey--000mat
Ian Kennedy,19,2022,Michigan,Big Ten,3,3,3,1,1,0,0,0,0,0,0,0,1,0.333,0.333,0.333,0.667,1,1,0,0,0,0,,player.fcgi?id=kenned002ian
Trevor Kilinski*,20,2022,Michigan,Big Ten,7,4,4,1,2,0,0,0,1,1,0,0,2,0.5,0.5,0.5,1,2,0,0,0,0,0,,player.fcgi?id=kilins000tre
Brandon Lawrence#,21,2022,Michigan,Big Ten,17,20,12,4,2,0,0,1,4,0,0,6,6,0.167,0.474,0.417,0.89,5,0,1,1,0,0,,player.fcgi?id=lawren001bra
Jake Marti#,22,2022,Michigan,Big Ten,31,93,74,13,14,4,0,1,12,3,0,7,21,0.189,0.267,0.284,0.551,21,0,2,7,3,0,,player.fcgi?id=marti-000jak
Jimmy Obertop,22,2022,Michigan,Big Ten,62,284,234,46,65,8,0,15,54,0,0,38,84,0.278,0.387,0.504,0.892,118,1,7,0,5,0,,player.fcgi?id=oberto000jim
Jordon Rogers,22,2022,Michigan,Big Ten,41,85,69,15,13,2,0,1,11,6,0,14,22,0.188,0.325,0.261,0.586,18,1,0,2,0,0,,player.fcgi?id=rogers002jor
Dylan Stanton,21,2022,Michigan,Big Ten,22,53,50,10,17,0,0,2,8,2,0,2,12,0.34,0.359,0.46,0.819,23,0,0,0,1,0,,player.fcgi?id=stanto000dyl
Joe Stewart,24,2022,Michigan,Big Ten,62,303,269,73,94,17,2,13,56,23,1,24,64,0.349,0.409,0.573,0.982,154,2,6,0,4,1,,player.fcgi?id=stewar003joe
Jack Van Remortel,22,2022,Michigan,Big Ten,36,111,90,17,21,11,0,1,14,1,0,18,35,0.233,0.367,0.389,0.756,35,2,1,2,0,0,,player.fcgi?id=vanrem000jac
Joey Velazquez*,21,2022,Michigan,Big Ten,32,109,94,17,26,8,0,5,21,1,0,11,28,0.277,0.37,0.521,0.892,49,0,3,1,0,0,,player.fcgi?id=velazq000joe
Kurt Barr,19,2023,Michigan,Big Ten,13,0,0,1,0,0,0,0,0,0,0,0,0,,,,,0,0,0,0,0,0,,player.fcgi?id=barr--000kur
Casey Buckley*,23,2023,Michigan,Big Ten,29,34,31,7,6,1,0,1,8,0,0,2,14,0.194,0.265,0.323,0.587,10,0,1,0,0,0,,player.fcgi?id=buckle000cas
Ted Burton,23,2023,Michigan,Big Ten,56,252,209,40,63,14,1,13,45,4,3,32,53,0.301,0.414,0.565,0.979,118,1,9,1,1,0,,player.fcgi?id=burton000ted
Tito Flores,22,2023,Michigan,Big Ten,55,221,186,36,51,11,1,6,25,2,0,16,27,0.274,0.367,0.441,0.807,82,1,14,0,5,0,,player.fcgi?id=flores000tit
Camden Gasser*,20,2023,Michigan,Big Ten,15,14,11,3,3,0,0,0,1,1,0,3,5,0.273,0.429,0.273,0.701,3,0,0,0,0,0,,player.fcgi?id=gasser000cam
Cam Hart,23,2023,Michigan,Big Ten,10,7,6,1,0,0,0,0,0,0,0,0,3,0,0.143,0,0.143,0,0,1,0,0,0,,player.fcgi?id=hart--000cam
Cody Hultnik?,--,2023,Michigan,Big Ten,10,10,10,0,1,0,0,0,1,0,0,0,5,0.1,0.1,0.1,0.2,1,0,0,0,0,0,,player.fcgi?id=hultni000cod
Cody Jefferis*,23,2023,Michigan,Big Ten,56,264,216,46,62,14,2,2,41,16,1,38,31,0.287,0.409,0.398,0.807,86,1,8,0,2,1,,player.fcgi?id=jeffer000cod
Ian Kennedy,20,2023,Michigan,Big Ten,6,7,6,0,1,0,0,0,0,0,0,1,4,0.167,0.286,0.167,0.452,1,0,0,0,0,0,,player.fcgi?id=kenned002ian
Trevor Kilinski*,21,2023,Michigan,Big Ten,12,14,12,2,2,0,0,2,2,0,0,1,5,0.167,0.286,0.667,0.952,8,0,1,0,0,0,,player.fcgi?id=kilins000tre
Jonathan Kim*,19,2023,Michigan,Big Ten,44,161,146,23,47,10,2,3,28,5,2,10,38,0.322,0.379,0.48,0.858,70,3,4,0,1,0,,player.fcgi?id=kim---025jon
Brandon Lawrence#,22,2023,Michigan,Big Ten,23,24,21,2,6,0,0,0,1,0,0,2,10,0.286,0.375,0.286,0.661,6,0,1,0,0,0,,player.fcgi?id=lawren001bra
Joe Longo,21,2023,Michigan,Big Ten,42,133,112,14,31,3,0,5,19,0,2,16,24,0.277,0.376,0.438,0.813,49,1,3,0,2,0,,player.fcgi?id=longo-001joe
Jake Marti#,23,2023,Michigan,Big Ten,38,76,62,15,17,1,0,2,13,3,2,8,21,0.274,0.408,0.387,0.795,24,0,6,0,0,1,,player.fcgi?id=marti-000jak
Connor O'Halloran,20,2023,Michigan,Big Ten,17,1,1,0,0,0,0,0,0,0,0,0,1,0,0,0,0,0,0,0,0,0,0,,player.fcgi?id=ohallo000con
Jimmy Obertop,23,2023,Michigan,Big Ten,19,71,60,8,12,1,0,3,7,1,0,11,28,0.2,0.324,0.367,0.691,22,2,0,0,0,0,,player.fcgi?id=oberto000jim
Greg Pace,18,2023,Michigan,Big Ten,49,77,65,13,8,1,2,2,6,8,0,9,40,0.123,0.25,0.292,0.542,19,1,2,1,0,1,,player.fcgi?id=pace--000gre
Robert Pitts,18,2023,Michigan,Big Ten,5,3,3,1,0,0,0,0,0,0,0,0,3,0,0,0,0,0,0,0,0,0,0,,player.fcgi?id=pitts-002rob
Jordon Rogers,23,2023,Michigan,Big Ten,12,24,20,2,3,1,0,0,3,0,0,3,6,0.15,0.261,0.2,0.461,4,0,0,1,0,0,,player.fcgi?id=rogers002jor
Gabe Sotres,22,2023,Michigan,Big Ten,53,183,149,26,30,5,2,3,8,4,2,16,37,0.201,0.332,0.322,0.654,48,0,13,5,0,0,,player.fcgi?id=sotres000gab
Dylan Stanton,22,2023,Michigan,Big Ten,36,45,40,1,10,1,0,0,3,0,0,3,12,0.25,0.318,0.275,0.593,11,1,1,1,0,0,,player.fcgi?id=stanto000dyl
Jack Van Remortel,23,2023,Michigan,Big Ten,52,196,162,30,47,13,1,6,29,0,1,25,42,0.29,0.399,0.494,0.893,80,1,5,3,1,0,,player.fcgi?id=vanrem000jac
Joey Velazquez*,22,2023,Michigan,Big Ten,48,169,147,18,36,7,2,4,22,1,3,14,35,0.245,0.337,0.401,0.739,59,4,7,0,1,1,,player.fcgi?id=velazq000joe
Mitch Voit,18,2023,Michigan,Big Ten,54,211,187,28,50,9,1,7,32,0,0,18,50,0.267,0.338,0.439,0.777,82,1,3,1,2,0,,player.fcgi?id=voit--000mit
Nate Voss,19,2023,Michigan,Big Ten,9,13,10,0,2,0,0,0,0,0,0,2,3,0.2,0.333,0.2,0.533,2,1,0,1,0,0,,player.fcgi?id=voss--000nat
Kurt Barr,20,2024,Michigan,Big Ten,21,1,1,0,0,0,0,0,0,0,0,0,1,0,0,0,0,0,0,0,0,0,0,,player.fcgi?id=barr--000kur
Cole Caruso,21,2024,Michigan,Big Ten,59,263,226,35,55,14,1,4,44,3,2,28,48,0.243,0.336,0.367,0.703,83,1,4,4,1,1,,player.fcgi?id=caruso000col
Jack Counsell,19,2024,Michigan,Big Ten,20,21,17,4,2,1,0,0,2,0,0,3,7,0.118,0.238,0.177,0.415,3,0,0,0,1,0,,player.fcgi?id=counse000jac
Jacob Denner*,23,2024,Michigan,Big Ten,28,1,1,0,0,0,0,0,0,0,0,0,1,0,0,0,0,0,0,0,0,0,0,,player.fcgi?id=denner000jac
Kyle Dernedde,23,2024,Michigan,Big Ten,60,244,191,31,48,12,2,4,29,6,2,28,47,0.251,0.382,0.398,0.78,76,1,16,3,6,0,,player.fcgi?id=derned000kyl
AJ Garcia*,19,2024,Michigan,Big Ten,46,129,94,26,21,6,0,1,12,6,5,22,36,0.223,0.403,0.319,0.722,30,0,7,5,1,0,,player.fcgi?id=garcia002aj-
Stephen Hrustich,22,2024,Michigan,Big Ten,60,278,213,51,64,16,2,15,46,5,4,53,52,0.301,0.45,0.606,1.055,129,2,8,0,4,3,,player.fcgi?id=hrusti000ste
Ian Kennedy,21,2024,Michigan,Big Ten,6,6,5,1,0,0,0,0,0,0,0,1,3,0,0.167,0,0.167,0,0,0,0,0,0,,player.fcgi?id=kenned002ian
Trevor Kilinski*,22,2024,Michigan,Big Ten,19,10,9,5,2,0,0,0,0,1,0,0,4,0.222,0.3,0.222,0.522,2,0,1,0,0,0,,player.fcgi?id=kilins000tre
Jonathan Kim*,20,2024,Michigan,Big Ten,36,152,136,22,37,6,0,5,15,3,0,12,39,0.272,0.349,0.427,0.775,58,1,4,0,0,3,,player.fcgi?id=kim---025jon
Brock Leitgeb,19,2024,Michigan,Big Ten,34,81,63,7,9,2,1,0,7,2,2,10,19,0.143,0.29,0.206,0.496,13,0,3,5,0,0,,player.fcgi?id=leitge000bro
Joe Longo,22,2024,Michigan,Big Ten,36,98,89,9,25,4,0,3,15,1,0,4,18,0.281,0.34,0.427,0.767,38,0,4,1,0,0,,player.fcgi?id=longo-001joe
Noah Miller,19,2024,Michigan,Big Ten,2,1,0,0,0,0,0,0,0,0,0,1,0,,1,,,0,0,0,0,0,0,,player.fcgi?id=miller008noa
Cooper Mullens,19,2024,Michigan,Big Ten,25,29,18,3,4,1,0,0,5,0,0,6,8,0.222,0.407,0.278,0.685,5,0,1,2,2,0,,player.fcgi?id=mullen000coo
Bradley Navarro#,19,2024,Michigan,Big Ten,28,78,59,8,11,2,0,1,12,2,1,12,17,0.186,0.368,0.271,0.64,16,1,5,2,0,0,,player.fcgi?id=navarr000bra
Greg Pace,19,2024,Michigan,Big Ten,13,33,26,5,4,0,0,1,3,6,0,5,13,0.154,0.29,0.269,0.56,7,0,0,2,0,0,,player.fcgi?id=pace--000gre
Joonsung Park,19,2024,Michigan,Big Ten,13,23,15,4,3,1,0,1,2,0,0,7,8,0.2,0.478,0.467,0.945,7,0,1,0,0,0,,player.fcgi?id=park--006joo
Collin Priest*,19,2024,Michigan,Big Ten,56,191,147,29,41,11,0,11,30,1,0,34,52,0.279,0.445,0.578,1.023,85,0,10,0,0,1,,player.fcgi?id=priest000col
Will Rogers,21,2024,Michigan,Big Ten,55,182,156,32,40,6,1,8,27,3,0,18,28,0.256,0.352,0.462,0.813,72,1,6,0,2,0,,player.fcgi?id=rogers009wil
Dylan Stanton,23,2024,Michigan,Big Ten,42,148,119,18,29,8,0,1,15,1,0,14,33,0.244,0.381,0.336,0.717,40,0,13,1,1,0,,player.fcgi?id=stanto000dyl
Mack Timbrook*,23,2024,Michigan,Big Ten,58,239,202,39,57,16,0,3,29,9,2,21,35,0.282,0.373,0.406,0.779,82,2,10,3,3,0,,player.fcgi?id=timbro000mac
Alfredo Velazquez*,19,2024,Michigan,Big Ten,31,22,17,7,2,0,0,0,0,1,0,2,9,0.118,0.318,0.118,0.436,2,0,3,0,0,0,,player.fcgi?id=velazq002alf
Mitch Voit,19,2024,Michigan,Big Ten,59,269,236,46,69,20,2,14,46,5,2,23,61,0.292,0.373,0.572,0.945,135,2,8,1,1,0,,player.fcgi?id=voit--000mit
Cole Caruso,22,2025,Michigan,Big Ten,56,230,201,37,57,11,1,11,39,3,1,23,36,0.284,0.36,0.512,0.872,103,1,2,2,2,0,,player.fcgi?id=caruso000col
Benny Casillas,24,2025,Michigan,Big Ten,55,249,207,54,83,21,1,5,41,6,1,28,26,0.401,0.484,0.585,1.068,121,1,6,7,1,1,,player.fcgi?id=casill000ben
Max Debiec,22,2025,Michigan,Big Ten,26,16,14,0,3,0,0,0,0,0,0,2,1,0.214,0.313,0.214,0.527,3,0,0,0,0,0,,player.fcgi?id=debiec000max
AJ Garcia*,20,2025,Michigan,Big Ten,24,8,8,4,2,0,0,0,0,1,1,0,4,0.25,0.25,0.25,0.5,2,0,0,0,0,0,,player.fcgi?id=garcia002aj-
Robbie Hamchuk,24,2025,Michigan,Big Ten,36,92,82,14,22,1,0,3,13,0,0,2,21,0.268,0.341,0.39,0.731,32,2,7,1,0,0,,player.fcgi?id=hamchu000rob
Tyler Inge,20,2025,Michigan,Big Ten,28,74,60,17,13,3,0,0,10,1,3,12,14,0.217,0.343,0.267,0.609,16,1,0,1,1,0,,player.fcgi?id=inge--000tyl
Brayden Jefferis*,19,2025,Michigan,Big Ten,41,135,105,20,28,3,2,0,18,3,5,15,22,0.267,0.399,0.333,0.732,35,0,10,2,3,0,,player.fcgi?id=jeffer001bra
Jonathan Kim*,21,2025,Michigan,Big Ten,46,131,115,18,31,10,0,0,15,5,1,9,37,0.27,0.351,0.357,0.708,41,2,6,0,1,0,,player.fcgi?id=kim---025jon
Cade Ladehoff,20,2025,Michigan,Big Ten,17,50,42,10,8,0,0,2,4,1,0,5,7,0.191,0.3,0.333,0.633,14,0,2,0,1,0,,player.fcgi?id=ladeho000cad
Joe Longo,23,2025,Michigan,Big Ten,23,31,28,3,6,1,0,1,4,0,0,3,6,0.214,0.29,0.357,0.647,10,0,0,0,0,0,,player.fcgi?id=longo-001joe
Noah Miller,20,2025,Michigan,Big Ten,37,104,82,11,24,9,0,2,18,0,0,13,6,0.293,0.402,0.476,0.878,39,0,4,2,3,0,,player.fcgi?id=miller008noa
Keegan O'Hearn*,20,2025,Michigan,Big Ten,17,41,32,9,9,3,0,2,8,0,0,7,12,0.281,0.439,0.563,1.002,18,0,2,0,0,0,,player.fcgi?id=ohearn000kee
Greg Pace,20,2025,Michigan,Big Ten,54,127,99,30,31,7,1,6,21,8,3,21,32,0.313,0.448,0.586,1.034,58,1,4,2,1,0,,player.fcgi?id=pace--000gre
Joonsung Park,20,2025,Michigan,Big Ten,5,5,3,3,2,1,0,1,4,0,0,2,1,0.667,0.8,2,2.8,6,0,0,0,0,0,,player.fcgi?id=park--006joo
AJ Rausch,23,2025,Michigan,Big Ten,37,92,74,13,17,0,0,1,6,2,2,14,18,0.23,0.356,0.27,0.626,20,0,1,2,1,0,,player.fcgi?id=rausch000aj-
Will Rogers,22,2025,Michigan,Big Ten,36,60,53,13,14,4,1,2,5,0,1,4,12,0.264,0.35,0.491,0.841,26,1,3,0,0,1,,player.fcgi?id=rogers009wil
Matt Spear*,22,2025,Michigan,Big Ten,48,146,121,25,28,1,1,5,25,1,0,19,33,0.231,0.359,0.38,0.739,46,0,5,1,0,0,,player.fcgi?id=spear-000mat
Colby Turner,20,2025,Michigan,Big Ten,45,170,143,27,34,10,1,5,34,1,0,18,31,0.238,0.347,0.427,0.774,61,1,7,0,2,0,,player.fcgi?id=turner007col
Alfredo Velazquez*,20,2025,Michigan,Big Ten,7,4,4,1,0,0,0,0,0,0,0,0,0,0,0,0,0,0,0,0,0,0,0,,player.fcgi?id=velazq002alf
Mitch Voit,20,2025,Michigan,Big Ten,56,261,208,53,72,17,4,14,60,14,2,40,34,0.346,0.471,0.668,1.14,139,1,11,0,2,8,,player.fcgi?id=voit--000mit
Jeter Ybarra*,23,2025,Michigan,Big Ten,56,233,198,37,56,12,1,7,50,1,0,25,28,0.283,0.373,0.46,0.833,91,6,6,0,4,0,,player.fcgi?id=ybarra000jet
Josh Campbell,19,2026,Michigan,Big Ten,33,49,37,9,8,3,0,0,10,1,3,7,3,0.216,0.34,0.297,0.638,11,0,1,2,2,0,,player.fcgi?id=campbe011jos
Drew Culbertson,21,2026,Michigan,Big Ten,58,206,163,27,31,3,1,2,21,6,4,21,55,0.19,0.321,0.258,0.579,42,2,11,10,1,0,,player.fcgi?id=culber000dre
Evan Haeger*,21,2026,Michigan,Big Ten,54,207,166,32,44,11,2,7,27,5,6,34,51,0.265,0.399,0.482,0.881,80,2,3,4,0,1,,player.fcgi?id=haeger000eva
Brayden Jefferis*,20,2026,Michigan,Big Ten,58,257,214,32,76,8,3,5,43,7,4,27,26,0.355,0.455,0.491,0.946,105,3,13,2,1,0,,player.fcgi?id=jeffer001bra
Jonathan Kim*,22,2026,Michigan,Big Ten,17,29,26,5,5,0,0,0,2,1,0,3,6,0.192,0.276,0.192,0.468,5,0,0,0,0,1,,player.fcgi?id=kim---025jon
Elie Kligman#,23,2026,Michigan,Big Ten,23,62,53,6,12,2,0,1,5,1,0,5,13,0.226,0.312,0.321,0.632,17,1,2,1,1,0,,player.fcgi?id=kligma000eli
Cade Ladehoff,21,2026,Michigan,Big Ten,47,173,142,21,33,9,1,4,26,0,0,20,33,0.232,0.343,0.394,0.737,56,3,6,1,4,1,,player.fcgi?id=ladeho000cad
Jack Laffitte,19,2026,Michigan,Big Ten,37,59,44,5,10,1,0,0,6,0,0,9,6,0.227,0.414,0.25,0.664,11,1,5,1,0,0,,player.fcgi?id=laffit000jac
Brock Leitgeb,21,2026,Michigan,Big Ten,10,9,8,0,0,0,0,0,0,0,0,1,5,0,0.111,0,0.111,0,2,0,0,0,0,,player.fcgi?id=leitge000bro
Joe Longo,24,2026,Michigan,Big Ten,16,19,16,1,2,1,0,0,1,0,0,1,7,0.125,0.263,0.188,0.451,3,0,2,0,0,0,,player.fcgi?id=longo-001joe
Carson Luna,20,2026,Michigan,Big Ten,33,75,67,9,14,2,0,0,3,1,0,3,18,0.209,0.284,0.239,0.523,16,1,4,1,0,0,,player.fcgi?id=luna--003car
Noah Miller,21,2026,Michigan,Big Ten,48,187,161,20,47,8,0,3,26,2,0,14,28,0.292,0.375,0.398,0.773,64,4,8,3,1,0,,player.fcgi?id=miller008noa
Dane Morrow*,20,2026,Michigan,Big Ten,38,83,68,14,16,4,0,2,9,3,0,10,26,0.235,0.329,0.382,0.712,26,1,1,1,3,0,,player.fcgi?id=morrow004dan
Cooper Mullens,21,2026,Michigan,Big Ten,43,108,90,18,25,6,0,0,8,2,0,12,20,0.278,0.375,0.344,0.719,31,4,2,4,0,0,,player.fcgi?id=mullen000coo
Keegan O'Hearn*,21,2026,Michigan,Big Ten,16,0,0,4,0,0,0,0,0,0,0,0,0,,,,,0,0,0,0,0,0,,player.fcgi?id=ohearn000kee
Matthew Ossenfort*,22,2026,Michigan,Big Ten,56,143,120,22,31,6,0,2,13,0,0,19,33,0.258,0.371,0.358,0.729,43,3,3,0,1,0,,player.fcgi?id=ossenf000mat
Greg Pace,21,2026,Michigan,Big Ten,52,165,133,22,31,6,1,2,18,9,2,18,48,0.233,0.356,0.338,0.694,45,3,9,2,3,0,,player.fcgi?id=pace--000gre
Joonsung Park,21,2026,Michigan,Big Ten,20,57,48,8,11,5,0,1,13,0,0,8,19,0.229,0.351,0.396,0.747,19,2,1,0,0,0,,player.fcgi?id=park--006joo
Brenden Stressler*,21,2026,Michigan,Big Ten,43,155,134,17,32,3,0,2,13,1,2,17,38,0.239,0.331,0.306,0.637,41,0,2,1,1,0,,player.fcgi?id=stress000bre
Colby Turner,21,2026,Michigan,Big Ten,57,264,232,57,85,18,0,14,55,10,3,22,29,0.366,0.432,0.625,1.057,145,5,7,0,3,2,,player.fcgi?id=turner007col
Ryan Abrahamson,21,2011,Minnesota,Big Ten,17,35,27,0,4,3,0,0,1,0,0,7,17,0.148,0.324,0.259,0.583,7,,0,1,0,,,player.fcgi?id=abraha001rya
David Bettenburg?,--,2011,Minnesota,Big Ten,25,50,44,4,5,1,0,2,3,0,0,5,15,0.114,0.204,0.273,0.477,12,,0,1,0,,,player.fcgi?id=betten003dav
JT Canakes?,--,2011,Minnesota,Big Ten,4,8,7,1,2,0,1,0,0,0,0,1,4,0.286,0.375,0.571,0.946,4,,0,0,0,,,player.fcgi?id=canake000jt-
Kyle Geason?,--,2011,Minnesota,Big Ten,49,198,169,15,41,10,0,1,23,4,2,15,28,0.243,0.332,0.32,0.651,54,,9,2,3,,,player.fcgi?id=geason000kyl
Justin Gominsky,21,2011,Minnesota,Big Ten,49,213,189,30,58,8,3,0,18,8,5,17,35,0.307,0.367,0.381,0.748,72,,2,3,2,,,player.fcgi?id=gomins000jus
Matt Halloran*,19,2011,Minnesota,Big Ten,14,33,32,0,4,3,0,0,1,0,0,1,12,0.125,0.152,0.219,0.37,7,,0,0,0,,,player.fcgi?id=hallor002mat
Drew Hanish?,--,2011,Minnesota,Big Ten,12,16,11,1,1,1,0,0,0,0,0,4,2,0.091,0.333,0.182,0.515,2,,0,1,0,,,player.fcgi?id=hanish000dre
Andy Henkemeyer*,20,2011,Minnesota,Big Ten,45,146,132,16,32,8,0,0,8,2,1,10,24,0.242,0.292,0.303,0.595,40,,0,2,2,,,player.fcgi?id=henkem000and
Bobby Juan*,19,2011,Minnesota,Big Ten,19,55,48,2,8,0,0,1,2,0,0,6,14,0.167,0.273,0.229,0.502,11,,1,0,0,,,player.fcgi?id=juan--000bob
Troy Larson?,--,2011,Minnesota,Big Ten,44,129,116,19,29,3,2,0,17,4,2,6,22,0.25,0.287,0.31,0.597,36,,0,7,0,,,player.fcgi?id=larson000tro
Ethan Liederman?,--,2011,Minnesota,Big Ten,8,11,11,1,1,0,0,0,0,0,0,0,5,0.091,0.091,0.091,0.182,1,,0,0,0,,,player.fcgi?id=lieder000eth
Nick O'Shea,22,2011,Minnesota,Big Ten,44,181,164,22,49,10,1,7,34,0,1,12,15,0.299,0.343,0.5,0.843,82,,1,0,4,,,player.fcgi?id=oshea-000nic
Dan Olinger*,21,2011,Minnesota,Big Ten,39,114,102,10,27,3,2,0,18,1,0,9,11,0.265,0.336,0.333,0.67,34,,2,1,0,,,player.fcgi?id=olinge000dan
A.J. Pettersen,22,2011,Minnesota,Big Ten,49,230,209,33,72,10,2,1,12,8,5,15,17,0.345,0.394,0.426,0.82,89,,2,4,0,,,player.fcgi?id=petter000ada
Matt Puhl?,--,2011,Minnesota,Big Ten,48,186,163,22,41,7,2,2,18,0,0,14,44,0.252,0.317,0.356,0.673,58,,3,3,3,,,player.fcgi?id=puhl--000mat
Sam Ryan,21,2011,Minnesota,Big Ten,17,32,28,4,6,1,0,0,4,1,0,4,5,0.214,0.313,0.25,0.563,7,,0,0,0,,,player.fcgi?id=ryan--001sam
Kurt Schlangen?,--,2011,Minnesota,Big Ten,39,110,94,7,20,4,0,1,7,0,1,7,22,0.213,0.275,0.287,0.562,27,,1,8,0,,,player.fcgi?id=schlan000kur
Trip Schultz?,--,2011,Minnesota,Big Ten,38,106,91,9,20,3,1,1,14,4,0,12,15,0.22,0.33,0.308,0.638,28,,3,0,0,,,player.fcgi?id=schult000tri
Ryan Abrahamson,22,2012,Minnesota,Big Ten,39,113,96,11,15,2,0,1,6,0,0,9,39,0.156,0.241,0.208,0.449,20,,3,1,4,0,,player.fcgi?id=abraha001rya
Jake Bergren*,19,2012,Minnesota,Big Ten,34,67,55,10,20,4,0,0,7,4,2,3,11,0.364,0.438,0.436,0.874,24,,5,3,1,0,,player.fcgi?id=bergre000jak
David Bettenburg?,--,2012,Minnesota,Big Ten,41,120,109,19,26,5,1,0,9,0,1,9,29,0.239,0.3,0.303,0.603,33,,1,0,1,0,,player.fcgi?id=betten003dav
JT Canakes?,--,2012,Minnesota,Big Ten,23,46,39,6,8,3,0,0,2,1,0,7,11,0.205,0.326,0.282,0.608,11,,0,0,0,0,,player.fcgi?id=canake000jt-
Kyle Crocker?,--,2012,Minnesota,Big Ten,7,13,8,2,1,0,0,0,1,0,0,3,3,0.125,0.385,0.125,0.51,1,,1,0,1,0,,player.fcgi?id=crocke001kyl
Kyle Geason?,--,2012,Minnesota,Big Ten,28,109,92,12,24,4,0,0,9,2,0,12,18,0.261,0.359,0.304,0.663,28,,2,3,0,0,,player.fcgi?id=geason000kyl
Matt Halloran*,20,2012,Minnesota,Big Ten,48,173,150,19,46,5,2,2,23,0,1,12,23,0.307,0.386,0.407,0.793,61,,8,2,1,0,,player.fcgi?id=hallor002mat
Michael Handel,20,2012,Minnesota,Big Ten,49,180,155,15,41,3,1,2,12,8,4,18,26,0.265,0.349,0.336,0.684,52,,2,5,0,0,,player.fcgi?id=handel000mic
Andy Henkemeyer*,21,2012,Minnesota,Big Ten,56,233,207,31,65,11,2,2,27,7,3,16,30,0.314,0.373,0.416,0.788,86,,4,5,1,1,,player.fcgi?id=henkem000and
Bobby Juan*,20,2012,Minnesota,Big Ten,53,171,153,17,47,10,3,3,20,1,0,18,35,0.307,0.38,0.471,0.851,72,,0,0,0,0,,player.fcgi?id=juan--000bob
Troy Larson?,--,2012,Minnesota,Big Ten,42,160,138,22,42,4,2,0,8,8,2,13,17,0.304,0.374,0.362,0.737,50,,3,5,1,0,,player.fcgi?id=larson000tro
Ethan Liederman?,--,2012,Minnesota,Big Ten,18,29,22,0,2,0,0,0,0,1,0,2,10,0.091,0.2,0.091,0.291,2,,1,4,0,0,,player.fcgi?id=lieder000eth
Dan Olinger*,22,2012,Minnesota,Big Ten,54,230,201,25,64,13,0,0,34,7,3,13,18,0.318,0.374,0.383,0.758,77,,8,3,5,0,,player.fcgi?id=olinge000dan
Matt Puhl?,--,2012,Minnesota,Big Ten,50,194,171,19,36,7,0,0,19,0,0,17,48,0.211,0.283,0.252,0.534,43,,1,3,2,0,,player.fcgi?id=puhl--000mat
Chris Schaaf?,--,2012,Minnesota,Big Ten,4,4,3,0,0,0,0,0,0,0,0,0,1,0,0,0,0,0,,0,1,0,0,,player.fcgi?id=schaaf000chr
Kurt Schlangen?,--,2012,Minnesota,Big Ten,50,182,161,20,38,6,1,0,27,5,4,10,18,0.236,0.281,0.286,0.567,46,,2,4,5,1,,player.fcgi?id=schlan000kur
Trip Schultz?,--,2012,Minnesota,Big Ten,19,24,20,4,4,1,0,1,2,2,0,4,3,0.2,0.333,0.4,0.733,8,,0,0,0,1,,player.fcgi?id=schult000tri
Tony Skjefte?,--,2012,Minnesota,Big Ten,35,98,78,8,15,3,0,0,5,2,1,8,18,0.192,0.278,0.231,0.509,18,,2,8,2,0,,player.fcgi?id=skjeft000ton
Ryan Abrahamson,23,2013,Minnesota,Big Ten,53,209,178,28,48,14,1,2,25,1,2,25,36,0.27,0.364,0.393,0.757,70,,3,0,3,0,,player.fcgi?id=abraha001rya
Jake Bergren*,20,2013,Minnesota,Big Ten,26,21,19,3,2,0,0,0,1,2,2,1,5,0.105,0.191,0.105,0.296,2,,1,0,0,0,,player.fcgi?id=bergre000jak
David Bettenburg?,--,2013,Minnesota,Big Ten,9,15,15,1,1,1,0,0,1,1,0,0,6,0.067,0.067,0.133,0.2,2,,0,0,0,0,,player.fcgi?id=betten003dav
Joey Brettingen?,--,2013,Minnesota,Big Ten,2,1,1,0,0,0,0,0,0,0,0,0,1,0,0,0,0,0,,0,0,0,0,,player.fcgi?id=bretti000joe
JT Canakes?,--,2013,Minnesota,Big Ten,23,60,54,6,12,2,0,0,5,1,1,3,15,0.222,0.271,0.259,0.531,14,,1,1,1,0,,player.fcgi?id=canake000jt-
Kyle Crocker?,--,2013,Minnesota,Big Ten,6,4,3,0,0,0,0,0,0,0,0,1,1,0,0.25,0,0.25,0,,0,0,0,0,,player.fcgi?id=crocke001kyl
Matt Halloran*,21,2013,Minnesota,Big Ten,47,157,142,14,32,13,0,2,26,1,0,8,22,0.225,0.287,0.359,0.646,51,,5,0,2,1,,player.fcgi?id=hallor002mat
Michael Handel,21,2013,Minnesota,Big Ten,52,216,192,27,47,6,2,3,20,9,1,20,31,0.245,0.329,0.344,0.673,66,,4,0,0,0,,player.fcgi?id=handel000mic
Andy Henkemeyer*,22,2013,Minnesota,Big Ten,51,222,201,24,62,13,3,1,28,4,7,14,33,0.309,0.359,0.418,0.777,84,,3,2,2,2,,player.fcgi?id=henkem000and
Bobby Juan*,21,2013,Minnesota,Big Ten,32,75,66,8,13,5,0,0,6,2,0,8,17,0.197,0.284,0.273,0.557,18,,0,1,0,0,,player.fcgi?id=juan--000bob
Troy Larson?,--,2013,Minnesota,Big Ten,54,184,168,24,51,6,2,0,14,8,4,10,18,0.304,0.341,0.363,0.704,61,,0,5,1,0,,player.fcgi?id=larson000tro
Alex LaShomb?,--,2013,Minnesota,Big Ten,36,87,68,5,15,6,0,1,5,0,0,15,18,0.221,0.379,0.353,0.732,24,,3,0,1,0,,player.fcgi?id=lashom000ale
Dan Motl,19,2013,Minnesota,Big Ten,27,46,36,8,7,1,0,0,3,0,1,8,12,0.194,0.356,0.222,0.578,8,,1,1,0,0,,player.fcgi?id=motl--000dan
Dan Olinger*,23,2013,Minnesota,Big Ten,49,202,175,27,43,9,1,0,23,7,2,12,15,0.246,0.327,0.309,0.635,54,,10,3,2,0,,player.fcgi?id=olinge000dan
Chris Schaaf?,--,2013,Minnesota,Big Ten,11,9,9,1,1,0,0,0,0,0,0,0,4,0.111,0.111,0.111,0.222,1,,0,0,0,0,,player.fcgi?id=schaaf000chr
Connor Schaefbauer*,19,2013,Minnesota,Big Ten,47,155,136,16,38,6,0,0,18,4,1,17,20,0.279,0.36,0.324,0.683,44,,0,2,0,1,,player.fcgi?id=schaef000con
Kurt Schlangen?,--,2013,Minnesota,Big Ten,49,191,166,21,49,4,0,0,17,6,6,7,14,0.295,0.343,0.319,0.662,53,,6,10,2,0,,player.fcgi?id=schlan000kur
Tony Skjefte?,--,2013,Minnesota,Big Ten,32,66,59,7,14,2,1,1,4,2,0,5,12,0.237,0.297,0.356,0.653,21,,0,2,0,0,,player.fcgi?id=skjeft000ton
Mark Tatera*,21,2013,Minnesota,Big Ten,38,103,89,14,23,2,3,0,13,0,2,7,16,0.258,0.32,0.348,0.668,31,,2,3,2,0,,player.fcgi?id=tatera000mar
Austin Athmann,19,2014,Minnesota,Big Ten,27,94,83,7,23,2,0,1,7,1,0,6,10,0.277,0.344,0.337,0.681,28,,3,1,1,0,,player.fcgi?id=athman000aus
Jake Bergren*,21,2014,Minnesota,Big Ten,42,110,94,21,29,2,0,0,2,3,2,10,14,0.309,0.383,0.33,0.713,31,,2,3,1,0,,player.fcgi?id=bergre000jak
David Bettenburg?,--,2014,Minnesota,Big Ten,21,40,38,1,6,0,0,0,3,0,0,2,9,0.158,0.2,0.158,0.358,6,,0,0,0,0,,player.fcgi?id=betten003dav
Joey Brettingen?,--,2014,Minnesota,Big Ten,2,1,1,0,0,0,0,0,0,0,0,0,0,0,0,0,0,0,,0,0,0,0,,player.fcgi?id=bretti000joe
Kyle Crocker?,--,2014,Minnesota,Big Ten,13,11,11,1,2,0,0,0,0,0,0,0,6,0.182,0.182,0.182,0.364,2,,0,0,0,0,,player.fcgi?id=crocke001kyl
Matt Fiedler,19,2014,Minnesota,Big Ten,26,52,46,6,14,1,0,0,2,0,1,6,6,0.304,0.385,0.326,0.711,15,,0,0,0,0,,player.fcgi?id=fiedle000mat
Matt Halloran*,22,2014,Minnesota,Big Ten,6,24,19,1,1,1,0,0,2,0,0,3,4,0.053,0.25,0.105,0.355,2,,2,0,0,0,,player.fcgi?id=hallor002mat
Michael Handel,22,2014,Minnesota,Big Ten,44,174,153,15,40,11,1,3,21,2,2,18,20,0.261,0.345,0.405,0.75,62,,2,0,1,1,,player.fcgi?id=handel000mic
Tyler Hanson,19,2014,Minnesota,Big Ten,19,42,38,1,7,1,0,0,3,0,0,2,10,0.184,0.22,0.211,0.43,8,,0,1,1,0,,player.fcgi?id=hanson000tyl
Bobby Juan*,22,2014,Minnesota,Big Ten,49,183,165,18,35,10,0,4,19,1,0,13,26,0.212,0.269,0.346,0.615,57,,1,1,3,0,,player.fcgi?id=juan--000bob
Dan Motl,20,2014,Minnesota,Big Ten,35,118,106,14,30,4,1,0,8,7,0,5,24,0.283,0.336,0.34,0.676,36,,4,2,1,0,,player.fcgi?id=motl--000dan
Dan Olinger*,24,2014,Minnesota,Big Ten,47,196,175,15,44,8,0,0,22,3,2,15,13,0.251,0.32,0.297,0.617,52,,3,2,1,0,,player.fcgi?id=olinge000dan
Chris Schaaf?,--,2014,Minnesota,Big Ten,23,39,27,4,3,0,0,0,2,0,0,11,7,0.111,0.359,0.111,0.47,3,,0,0,1,0,,player.fcgi?id=schaaf000chr
Connor Schaefbauer*,20,2014,Minnesota,Big Ten,48,223,195,30,56,11,3,0,20,13,2,24,28,0.287,0.374,0.374,0.748,73,,3,1,0,3,,player.fcgi?id=schaef000con
Tony Skjefte?,--,2014,Minnesota,Big Ten,46,195,169,22,46,15,0,2,30,2,3,17,22,0.272,0.349,0.396,0.745,67,,4,3,2,0,,player.fcgi?id=skjeft000ton
Jordan Smith*,20,2014,Minnesota,Big Ten,49,163,137,19,33,6,0,0,12,5,2,24,37,0.241,0.362,0.285,0.647,39,,2,0,0,1,,player.fcgi?id=smith-006jor
Matt Stemper,20,2014,Minnesota,Big Ten,20,42,37,6,11,0,1,0,8,0,2,1,5,0.297,0.333,0.351,0.685,13,,2,0,2,0,,player.fcgi?id=stempe000mat
Mark Tatera*,22,2014,Minnesota,Big Ten,51,201,169,21,42,9,2,2,25,0,1,27,22,0.249,0.355,0.361,0.716,61,,2,1,2,0,,player.fcgi?id=tatera000mar
Troy Traxler,20,2014,Minnesota,Big Ten,31,70,58,11,18,3,0,0,6,2,0,8,8,0.31,0.403,0.362,0.765,21,,1,3,0,0,,player.fcgi?id=traxle000tro
Austin Athmann,20,2015,Minnesota,Big Ten,39,105,98,10,28,5,0,0,9,1,1,3,13,0.286,0.317,0.337,0.654,33,,2,1,1,0,,player.fcgi?id=athman000aus
Jake Bergren*,22,2015,Minnesota,Big Ten,27,47,39,4,10,2,0,0,4,1,0,7,11,0.256,0.362,0.308,0.669,12,,0,0,1,0,,player.fcgi?id=bergre000jak
Alex Boxwell*,19,2015,Minnesota,Big Ten,25,73,67,10,13,1,1,2,6,1,0,3,25,0.194,0.239,0.328,0.568,22,,1,2,0,0,,player.fcgi?id=boxwel000ale
Cody Campbell?,--,2015,Minnesota,Big Ten,3,1,0,0,0,0,0,0,0,0,0,1,0,,1,,,0,,0,0,0,0,,player.fcgi?id=campbe001cod
Micah Coffey*,19,2015,Minnesota,Big Ten,32,87,74,9,18,1,0,0,10,3,0,7,15,0.243,0.318,0.257,0.574,19,,2,2,2,0,,player.fcgi?id=coffey003mic
Kyle Crocker?,--,2015,Minnesota,Big Ten,13,11,10,1,1,0,0,0,0,0,0,1,2,0.1,0.182,0.1,0.282,1,,0,0,0,0,,player.fcgi?id=crocke001kyl
Matt Fiedler,20,2015,Minnesota,Big Ten,51,227,200,37,62,7,2,4,31,18,3,18,15,0.31,0.367,0.425,0.792,85,,3,1,5,1,,player.fcgi?id=fiedle000mat
Matt Halloran*,23,2015,Minnesota,Big Ten,41,147,128,12,30,5,1,3,24,1,0,10,32,0.234,0.315,0.359,0.675,46,,6,1,2,0,,player.fcgi?id=hallor002mat
Michael Handel,23,2015,Minnesota,Big Ten,48,193,177,22,58,8,1,5,30,8,0,13,35,0.328,0.38,0.469,0.849,83,,2,1,0,0,,player.fcgi?id=handel000mic
Toby Hanson*,19,2015,Minnesota,Big Ten,41,136,116,13,28,8,0,1,8,1,1,17,41,0.241,0.346,0.336,0.682,39,,2,0,1,0,,player.fcgi?id=hanson000tob
Tyler Hanson,20,2015,Minnesota,Big Ten,29,34,27,3,5,0,0,1,3,0,0,4,9,0.185,0.324,0.296,0.62,8,,2,0,1,0,,player.fcgi?id=hanson000tyl
Dan Motl,21,2015,Minnesota,Big Ten,36,156,141,30,41,9,0,3,19,13,3,9,32,0.291,0.359,0.418,0.777,59,,6,0,0,1,,player.fcgi?id=motl--000dan
Luke Pettersen*,19,2015,Minnesota,Big Ten,17,28,25,5,7,0,1,0,2,1,2,1,3,0.28,0.333,0.36,0.693,9,,1,1,0,0,,player.fcgi?id=petter000luk
Chris Schaaf?,--,2015,Minnesota,Big Ten,7,9,9,0,0,0,0,0,0,0,0,0,6,0,0,0,0,0,,0,0,0,0,,player.fcgi?id=schaaf000chr
Connor Schaefbauer*,21,2015,Minnesota,Big Ten,51,226,204,24,53,11,2,0,16,10,5,17,41,0.26,0.318,0.333,0.652,68,,1,3,1,0,,player.fcgi?id=schaef000con
Tony Skjefte?,--,2015,Minnesota,Big Ten,49,198,179,21,44,7,3,4,24,1,0,14,27,0.246,0.305,0.386,0.69,69,,2,1,2,0,,player.fcgi?id=skjeft000ton
Jordan Smith*,21,2015,Minnesota,Big Ten,47,166,143,20,31,7,0,4,23,5,3,16,43,0.217,0.305,0.35,0.655,50,,3,2,2,0,,player.fcgi?id=smith-006jor
Matt Stemper,21,2015,Minnesota,Big Ten,36,104,94,15,27,7,0,3,15,0,0,5,13,0.287,0.356,0.457,0.813,43,,5,0,0,0,,player.fcgi?id=stempe000mat
Troy Traxler,21,2015,Minnesota,Big Ten,24,38,32,2,5,0,0,0,1,1,0,4,6,0.156,0.27,0.156,0.427,5,,1,1,0,0,,player.fcgi?id=traxle000tro
Austin Athmann,21,2016,Minnesota,Big Ten,51,220,195,40,73,14,0,11,42,0,0,14,34,0.374,0.446,0.615,1.061,120,,11,0,0,1,,player.fcgi?id=athman000aus
Alex Boxwell*,20,2016,Minnesota,Big Ten,48,128,110,19,36,10,1,1,16,2,2,10,27,0.327,0.379,0.464,0.843,51,,1,4,3,0,,player.fcgi?id=boxwel000ale
Micah Coffey*,20,2016,Minnesota,Big Ten,56,242,210,38,70,13,3,7,42,2,0,23,39,0.333,0.408,0.524,0.931,110,,4,4,1,0,,player.fcgi?id=coffey003mic
Eddie Estrada*,19,2016,Minnesota,Big Ten,30,60,53,11,14,1,0,1,8,1,0,6,11,0.264,0.333,0.34,0.673,18,,0,0,1,0,,player.fcgi?id=estrad000edd
Matt Fiedler,21,2016,Minnesota,Big Ten,58,264,238,47,87,12,1,8,38,14,1,18,28,0.366,0.411,0.525,0.936,125,,3,1,4,1,,player.fcgi?id=fiedle000mat
Toby Hanson*,20,2016,Minnesota,Big Ten,40,177,153,22,46,7,1,5,27,1,2,21,48,0.301,0.386,0.458,0.844,70,,1,1,1,1,,player.fcgi?id=hanson000tob
Cole McDevitt,19,2016,Minnesota,Big Ten,12,22,22,5,9,1,0,2,5,1,0,0,3,0.409,0.409,0.727,1.136,16,,0,0,0,0,,player.fcgi?id=mcdevi000col
Ben Mezzenga*,19,2016,Minnesota,Big Ten,20,28,22,7,2,0,0,0,1,4,0,4,5,0.091,0.231,0.091,0.322,2,,0,2,0,0,,player.fcgi?id=mezzen000ben
Dan Motl,22,2016,Minnesota,Big Ten,53,257,229,42,77,19,3,3,31,7,2,22,36,0.336,0.398,0.485,0.882,111,,2,3,1,1,,player.fcgi?id=motl--000dan
Luke Pettersen*,20,2016,Minnesota,Big Ten,40,110,96,15,27,2,0,0,6,2,3,9,6,0.281,0.343,0.302,0.645,29,,0,5,0,0,,player.fcgi?id=petter000luk
Connor Schaefbauer*,22,2016,Minnesota,Big Ten,56,255,223,30,66,8,1,5,37,3,5,13,47,0.296,0.324,0.408,0.732,91,,1,8,10,1,,player.fcgi?id=schaef000con
Jordan Smith*,22,2016,Minnesota,Big Ten,57,220,189,38,55,10,2,3,34,5,1,24,45,0.291,0.367,0.413,0.78,78,,0,5,2,0,,player.fcgi?id=smith-006jor
Riley Smith,19,2016,Minnesota,Big Ten,36,100,87,19,25,7,1,1,21,4,1,8,12,0.287,0.36,0.425,0.785,37,,3,0,2,0,,player.fcgi?id=smith-003ril
Matt Stemper,22,2016,Minnesota,Big Ten,44,139,125,15,34,6,0,1,14,0,1,11,16,0.272,0.338,0.344,0.682,43,,2,0,1,0,,player.fcgi?id=stempe000mat
Troy Traxler,22,2016,Minnesota,Big Ten,18,28,27,5,10,1,0,1,6,1,0,1,5,0.37,0.393,0.519,0.911,14,,0,0,0,0,,player.fcgi?id=traxle000tro
Terrin Vavra*,19,2016,Minnesota,Big Ten,32,134,120,23,42,6,2,1,18,0,1,8,18,0.35,0.391,0.458,0.849,55,,0,6,0,0,,player.fcgi?id=vavra-000ter
Alex Boxwell*,21,2017,Minnesota,Big Ten,40,164,146,28,37,1,4,6,14,7,2,15,29,0.253,0.329,0.438,0.768,64,,2,0,1,0,,player.fcgi?id=boxwel000ale
Micah Coffey*,21,2017,Minnesota,Big Ten,51,235,203,35,69,15,2,4,46,3,1,21,42,0.34,0.396,0.493,0.888,100,,3,0,8,1,,player.fcgi?id=coffey003mic
Eddie Estrada*,20,2017,Minnesota,Big Ten,38,110,96,12,19,1,1,2,15,2,0,13,15,0.198,0.3,0.292,0.592,28,,1,0,0,0,,player.fcgi?id=estrad000edd
Toby Hanson*,21,2017,Minnesota,Big Ten,57,255,235,35,75,14,4,5,57,3,0,13,36,0.319,0.35,0.477,0.827,112,,1,1,5,0,,player.fcgi?id=hanson000tob
Jacob Herbers?,--,2017,Minnesota,Big Ten,3,2,2,0,0,0,0,0,0,0,0,0,1,0,0,0,0,0,,0,0,0,0,,player.fcgi?id=herber000jac
Jordan Kozicky,20,2017,Minnesota,Big Ten,47,195,166,38,54,11,1,4,28,3,0,25,31,0.325,0.421,0.476,0.896,79,,3,0,1,0,,player.fcgi?id=kozick000jor
Cole McDevitt,20,2017,Minnesota,Big Ten,43,136,115,18,34,5,0,1,22,0,0,16,22,0.296,0.373,0.365,0.738,42,,0,2,3,0,,player.fcgi?id=mcdevi000col
Ben Mezzenga*,20,2017,Minnesota,Big Ten,50,135,108,24,32,2,1,0,9,4,5,21,25,0.296,0.415,0.333,0.749,36,,1,5,0,0,,player.fcgi?id=mezzen000ben
Luke Pettersen*,21,2017,Minnesota,Big Ten,56,229,195,33,69,8,0,0,30,1,3,17,22,0.354,0.411,0.395,0.806,77,,4,10,3,0,,player.fcgi?id=petter000luk
Jordan Smith*,23,2017,Minnesota,Big Ten,56,240,204,31,63,13,2,6,30,3,3,33,38,0.309,0.406,0.48,0.886,98,,1,1,1,0,,player.fcgi?id=smith-006jor
Riley Smith,20,2017,Minnesota,Big Ten,23,48,42,8,6,0,0,0,0,2,0,4,8,0.143,0.25,0.143,0.393,6,,2,0,0,0,,player.fcgi?id=smith-003ril
Matt Stemper,23,2017,Minnesota,Big Ten,51,218,196,28,49,6,0,5,27,0,0,10,18,0.25,0.291,0.357,0.648,70,,2,8,2,0,,player.fcgi?id=stempe000mat
Troy Traxler,23,2017,Minnesota,Big Ten,23,47,40,3,8,2,0,0,3,0,0,5,8,0.2,0.304,0.25,0.554,10,,1,1,0,0,,player.fcgi?id=traxle000tro
Terrin Vavra*,20,2017,Minnesota,Big Ten,50,228,201,36,62,8,4,2,19,7,2,18,30,0.309,0.369,0.418,0.787,84,,3,3,3,0,,player.fcgi?id=vavra-000ter
Eli Wilson,18,2017,Minnesota,Big Ten,24,63,47,4,15,0,1,0,11,0,0,12,8,0.319,0.468,0.362,0.829,17,,2,1,1,0,,player.fcgi?id=wilson000eli
Easton Bertrand,19,2018,Minnesota,Big Ten,3,3,3,0,0,0,0,0,0,0,0,0,2,0,0,0,0,0,,0,0,0,0,,player.fcgi?id=bertra000eas
Alex Boxwell*,22,2018,Minnesota,Big Ten,50,203,182,32,47,8,1,6,34,21,5,14,46,0.258,0.312,0.412,0.724,75,,2,1,4,0,,player.fcgi?id=boxwel000ale
Micah Coffey*,22,2018,Minnesota,Big Ten,59,275,230,32,64,11,2,5,34,0,2,26,40,0.278,0.363,0.409,0.772,94,,7,8,4,1,,player.fcgi?id=coffey003mic
Eddie Estrada*,21,2018,Minnesota,Big Ten,24,52,43,4,6,3,0,0,2,0,0,8,13,0.14,0.289,0.209,0.498,9,,1,0,0,0,,player.fcgi?id=estrad000edd
Toby Hanson*,22,2018,Minnesota,Big Ten,49,210,173,31,55,16,2,3,33,5,2,23,33,0.318,0.398,0.486,0.884,84,,4,4,6,1,,player.fcgi?id=hanson000tob
Jacob Hitz,19,2018,Minnesota,Big Ten,10,12,11,3,3,0,0,1,1,0,0,1,7,0.273,0.333,0.546,0.879,6,,0,0,0,0,,player.fcgi?id=hitz--000jac
Drew Hmielewski*,20,2018,Minnesota,Big Ten,11,6,6,3,2,1,0,0,0,0,0,0,2,0.333,0.333,0.5,0.833,3,,0,0,0,0,,player.fcgi?id=hmiele000dre
Gabe Knowles*,21,2018,Minnesota,Big Ten,6,8,7,0,0,0,0,0,0,0,0,1,4,0,0.125,0,0.125,0,,0,0,0,0,,player.fcgi?id=knowle000gab
Jordan Kozicky,21,2018,Minnesota,Big Ten,58,237,199,28,54,13,1,5,38,3,1,25,49,0.271,0.373,0.422,0.795,84,,9,1,3,0,,player.fcgi?id=kozick000jor
Cole McDevitt,21,2018,Minnesota,Big Ten,58,250,199,44,54,9,0,9,46,1,0,40,53,0.271,0.395,0.452,0.848,90,,4,2,5,0,,player.fcgi?id=mcdevi000col
Max Meyer*,19,2018,Minnesota,Big Ten,32,37,30,7,5,1,0,0,2,0,0,4,7,0.167,0.324,0.2,0.524,6,,3,0,0,0,,player.fcgi?id=meyer-000max
Ben Mezzenga*,21,2018,Minnesota,Big Ten,59,230,189,41,72,8,2,0,28,12,5,31,40,0.381,0.464,0.444,0.909,84,,1,6,3,1,,player.fcgi?id=mezzen000ben
Luke Pettersen*,22,2018,Minnesota,Big Ten,59,292,242,58,78,13,1,1,27,13,4,31,24,0.322,0.406,0.397,0.802,96,,5,11,3,2,,player.fcgi?id=petter000luk
Riley Smith,21,2018,Minnesota,Big Ten,29,95,70,18,18,2,1,1,8,4,0,10,12,0.257,0.365,0.357,0.722,25,,3,10,2,0,,player.fcgi?id=smith-003ril
Terrin Vavra*,21,2018,Minnesota,Big Ten,58,267,223,55,86,13,4,10,59,8,1,30,22,0.386,0.455,0.614,1.069,137,,4,3,7,5,,player.fcgi?id=vavra-000ter
Jack Wassel*,20,2018,Minnesota,Big Ten,19,51,39,10,11,1,0,0,7,0,1,10,10,0.282,0.429,0.308,0.736,12,,0,2,0,0,,player.fcgi?id=wassel000jac
Eli Wilson,19,2018,Minnesota,Big Ten,53,206,173,31,50,9,0,5,37,0,0,22,30,0.289,0.379,0.428,0.807,74,,5,3,3,0,,player.fcgi?id=wilson000eli
Easton Bertrand,20,2019,Minnesota,Big Ten,53,170,147,32,37,9,4,6,25,6,1,13,45,0.252,0.327,0.49,0.817,72,,5,2,3,0,,player.fcgi?id=bertra000eas
Zack Elliott,19,2019,Minnesota,Big Ten,10,15,13,0,2,1,0,0,0,0,0,2,8,0.154,0.267,0.231,0.498,3,,0,0,0,0,,player.fcgi?id=elliot002zac
Eddie Estrada*,22,2019,Minnesota,Big Ten,37,115,97,18,25,7,0,7,21,0,0,18,32,0.258,0.374,0.546,0.92,53,,0,0,0,0,,player.fcgi?id=estrad000edd
Jacob Hitz,20,2019,Minnesota,Big Ten,14,14,11,2,3,1,0,0,0,0,0,2,6,0.273,0.429,0.364,0.792,4,,1,0,0,0,,player.fcgi?id=hitz--000jac
Drew Hmielewski*,21,2019,Minnesota,Big Ten,41,104,89,14,25,3,2,1,13,4,2,12,27,0.281,0.366,0.393,0.76,35,,0,3,0,0,,player.fcgi?id=hmiele000dre
Gabe Knowles*,22,2019,Minnesota,Big Ten,14,24,22,7,7,1,0,0,4,0,0,1,6,0.318,0.348,0.364,0.711,8,,0,1,0,0,,player.fcgi?id=knowle000gab
Jordan Kozicky,22,2019,Minnesota,Big Ten,55,228,198,37,47,14,1,11,49,3,1,20,62,0.237,0.32,0.485,0.805,96,,6,0,4,1,,player.fcgi?id=kozick000jor
Cole McDevitt,22,2019,Minnesota,Big Ten,54,224,198,29,49,16,0,2,25,0,2,23,48,0.248,0.326,0.359,0.685,71,,1,0,2,0,,player.fcgi?id=mcdevi000col
Max Meyer*,20,2019,Minnesota,Big Ten,38,137,121,15,31,4,0,1,12,2,0,9,28,0.256,0.323,0.314,0.637,38,,3,4,0,1,,player.fcgi?id=meyer-000max
Ben Mezzenga*,22,2019,Minnesota,Big Ten,48,228,189,28,54,7,0,0,11,13,7,32,41,0.286,0.39,0.323,0.713,61,,1,5,1,1,,player.fcgi?id=mezzen000ben
Zack Raabe,19,2019,Minnesota,Big Ten,51,177,155,15,42,5,1,0,18,7,0,13,26,0.271,0.337,0.316,0.653,49,,3,5,1,1,,player.fcgi?id=raabe-000zac
Riley Smith,22,2019,Minnesota,Big Ten,52,186,164,22,36,9,2,1,12,8,5,7,33,0.22,0.297,0.317,0.614,52,,11,4,0,1,,player.fcgi?id=smith-003ril
Chase Stanke*,19,2019,Minnesota,Big Ten,23,61,50,5,11,1,0,0,8,0,0,8,14,0.22,0.35,0.24,0.59,12,,2,1,0,0,,player.fcgi?id=stanke000cha
Jack Wassel*,21,2019,Minnesota,Big Ten,56,224,186,20,45,11,1,4,21,2,0,31,64,0.242,0.355,0.376,0.731,70,,2,4,1,2,,player.fcgi?id=wassel000jac
Andrew Wilhite*,19,2019,Minnesota,Big Ten,33,83,70,8,16,4,0,3,14,0,0,8,25,0.229,0.342,0.414,0.756,29,,4,1,0,1,,player.fcgi?id=wilhit000and
Eli Wilson,20,2019,Minnesota,Big Ten,55,246,214,32,63,15,2,5,29,2,1,25,45,0.294,0.382,0.453,0.835,97,,6,0,1,2,,player.fcgi?id=wilson000eli
Noah Berghammer,20,2020,Minnesota,Big Ten,6,9,9,0,2,0,0,0,0,0,0,0,4,0.222,0.222,0.222,0.444,2,,0,0,0,0,,player.fcgi?id=bergha000noa
Easton Bertrand,21,2020,Minnesota,Big Ten,15,51,43,10,13,1,0,4,10,1,0,5,19,0.302,0.4,0.605,1.005,26,,2,1,0,0,,player.fcgi?id=bertra000eas
Otto Grimm*,21,2020,Minnesota,Big Ten,13,41,30,9,12,1,0,1,5,0,0,7,8,0.4,0.525,0.533,1.058,16,,2,1,1,0,,player.fcgi?id=grimm-000ott
Drew Hmielewski*,22,2020,Minnesota,Big Ten,14,34,32,4,5,1,0,0,4,1,0,1,13,0.156,0.182,0.188,0.369,6,,0,1,0,1,,player.fcgi?id=hmiele000dre
Sam Ireland,19,2020,Minnesota,Big Ten,16,36,33,3,10,4,0,0,2,0,0,3,8,0.303,0.361,0.424,0.785,14,,0,0,0,0,,player.fcgi?id=irelan001sam
Jack Kelly*,21,2020,Minnesota,Big Ten,18,79,67,9,17,4,0,0,7,0,0,11,18,0.254,0.359,0.313,0.672,21,,0,1,0,1,,player.fcgi?id=kelly-003jac
Gabe Knowles*,23,2020,Minnesota,Big Ten,6,11,8,1,1,0,0,0,1,0,0,2,1,0.125,0.3,0.125,0.425,1,,0,1,0,0,,player.fcgi?id=knowle000gab
Jordan Kozicky,23,2020,Minnesota,Big Ten,18,70,58,8,12,4,0,1,8,1,0,6,25,0.207,0.309,0.328,0.636,19,,3,2,1,0,,player.fcgi?id=kozick000jor
Max Meyer*,21,2020,Minnesota,Big Ten,11,29,27,2,5,1,0,0,4,1,0,1,6,0.185,0.214,0.222,0.437,6,,0,1,0,0,,player.fcgi?id=meyer-000max
Zack Raabe,20,2020,Minnesota,Big Ten,17,76,67,16,31,7,0,1,10,0,3,7,7,0.463,0.526,0.612,1.138,41,,2,0,0,1,,player.fcgi?id=raabe-000zac
Drew Stahl,19,2020,Minnesota,Big Ten,9,28,24,3,6,0,0,0,4,3,0,4,3,0.25,0.357,0.25,0.607,6,,0,0,0,0,,player.fcgi?id=stahl-001dre
Chase Stanke*,20,2020,Minnesota,Big Ten,18,62,53,4,9,2,1,0,5,0,0,4,13,0.17,0.262,0.245,0.508,13,,3,1,1,0,,player.fcgi?id=stanke000cha
Ronnie Sweeny*,21,2020,Minnesota,Big Ten,11,36,28,4,6,0,1,0,2,0,0,6,8,0.214,0.389,0.286,0.675,8,,2,0,0,0,,player.fcgi?id=sweeny000ron
Riley Swenson,20,2020,Minnesota,Big Ten,4,9,8,0,2,0,0,0,0,0,0,1,5,0.25,0.333,0.25,0.583,2,,0,0,0,0,,player.fcgi?id=swenso000ril
Jack Wassel*,22,2020,Minnesota,Big Ten,18,80,66,11,24,7,1,2,16,2,0,14,15,0.364,0.475,0.591,1.066,39,,0,0,0,1,,player.fcgi?id=wassel000jac
Andrew Wilhite*,20,2020,Minnesota,Big Ten,15,63,50,11,16,1,0,0,4,3,2,6,16,0.32,0.443,0.34,0.783,17,,5,2,0,0,,player.fcgi?id=wilhit000and
Brett Bateman*,19,2021,Minnesota,Big Ten,26,89,76,12,19,5,0,0,5,4,1,9,16,0.25,0.345,0.316,0.661,24,,2,2,0,0,,player.fcgi?id=batema000bre
Noah Berghammer,21,2021,Minnesota,Big Ten,12,20,17,1,3,1,0,0,0,0,0,2,5,0.177,0.263,0.235,0.499,4,,0,1,0,0,,player.fcgi?id=bergha000noa
Easton Bertrand,22,2021,Minnesota,Big Ten,32,111,95,10,28,3,1,5,13,2,0,7,31,0.295,0.365,0.505,0.87,48,,4,4,1,1,,player.fcgi?id=bertra000eas
Kyle Bork,20,2021,Minnesota,Big Ten,13,25,17,2,1,0,0,0,0,0,1,7,7,0.059,0.36,0.059,0.419,1,,1,0,0,0,,player.fcgi?id=bork--000kyl
Zack Elliott,21,2021,Minnesota,Big Ten,22,52,47,3,11,2,0,1,6,0,1,3,15,0.234,0.294,0.34,0.635,16,,1,1,0,0,,player.fcgi?id=elliot002zac
Otto Grimm*,22,2021,Minnesota,Big Ten,12,19,16,1,0,0,0,0,0,0,0,3,7,0,0.158,0,0.158,0,,0,0,0,0,,player.fcgi?id=grimm-000ott
Drew Hmielewski*,23,2021,Minnesota,Big Ten,17,10,9,2,0,0,0,0,1,0,0,1,4,0,0.1,0,0.1,0,,0,0,0,0,,player.fcgi?id=hmiele000dre
Sam Ireland,20,2021,Minnesota,Big Ten,26,70,66,8,14,4,0,0,1,0,0,4,22,0.212,0.257,0.273,0.53,18,,0,0,0,0,,player.fcgi?id=irelan001sam
Cody Kelly*,20,2021,Minnesota,Big Ten,23,63,56,5,10,4,0,2,5,0,0,6,19,0.179,0.27,0.357,0.627,20,,1,0,0,0,,player.fcgi?id=kelly-000cod
Jack Kelly*,22,2021,Minnesota,Big Ten,30,82,70,8,13,1,0,0,4,1,0,8,19,0.186,0.272,0.2,0.472,14,,1,1,2,0,,player.fcgi?id=kelly-003jac
Gabe Knowles*,24,2021,Minnesota,Big Ten,18,30,25,2,5,0,0,0,4,0,0,4,7,0.2,0.31,0.2,0.51,5,,0,1,0,0,,player.fcgi?id=knowle000gab
Boston Merila#,18,2021,Minnesota,Big Ten,25,65,56,5,12,1,0,1,3,0,0,5,9,0.214,0.323,0.286,0.609,16,,4,0,0,0,,player.fcgi?id=merila000bos
Zack Raabe,21,2021,Minnesota,Big Ten,36,146,124,18,39,7,1,6,11,1,2,20,17,0.315,0.407,0.532,0.939,66,,0,1,1,9,,player.fcgi?id=raabe-000zac
Drew Stahl,20,2021,Minnesota,Big Ten,26,74,63,7,12,2,0,1,5,1,0,7,19,0.191,0.292,0.27,0.562,17,,2,2,0,0,,player.fcgi?id=stahl-001dre
Chase Stanke*,21,2021,Minnesota,Big Ten,36,141,125,14,34,4,0,2,17,2,1,11,19,0.272,0.355,0.352,0.707,44,,5,0,0,0,,player.fcgi?id=stanke000cha
Ronnie Sweeny*,22,2021,Minnesota,Big Ten,37,131,114,16,26,4,0,9,30,3,0,16,37,0.228,0.323,0.5,0.823,57,,0,1,0,1,,player.fcgi?id=sweeny000ron
Riley Swenson,21,2021,Minnesota,Big Ten,8,14,12,1,2,0,0,0,0,0,0,2,6,0.167,0.286,0.167,0.452,2,,0,0,0,0,,player.fcgi?id=swenso000ril
Jack Wassel*,23,2021,Minnesota,Big Ten,34,141,130,9,34,7,0,3,12,0,1,9,34,0.262,0.307,0.385,0.692,50,,0,1,1,0,,player.fcgi?id=wassel000jac
Andrew Wilhite*,21,2021,Minnesota,Big Ten,36,121,105,15,26,6,0,1,8,2,1,12,25,0.248,0.336,0.333,0.669,35,,2,2,0,0,,player.fcgi?id=wilhit000and
Brett Bateman*,20,2022,Minnesota,Big Ten,52,244,215,39,67,7,2,0,13,21,7,23,22,0.312,0.386,0.363,0.749,78,4,3,3,0,4,,player.fcgi?id=batema000bre
Chase Becker,19,2022,Minnesota,Big Ten,9,7,4,0,0,0,0,0,0,0,0,3,1,0,0.429,0,0.429,0,0,0,0,0,0,,player.fcgi?id=becker004cha
Noah Berghammer,22,2022,Minnesota,Big Ten,27,57,45,6,9,1,0,1,4,1,1,6,15,0.2,0.315,0.289,0.604,13,1,2,3,1,0,,player.fcgi?id=bergha000noa
Easton Bertrand,23,2022,Minnesota,Big Ten,14,55,47,12,18,3,0,4,9,5,1,2,15,0.383,0.444,0.702,1.147,33,0,4,1,1,0,,player.fcgi?id=bertra000eas
Kyle Bork,21,2022,Minnesota,Big Ten,36,115,98,13,22,3,1,4,20,0,2,11,35,0.225,0.33,0.398,0.728,39,0,5,0,1,0,,player.fcgi?id=bork--000kyl
Brady Counsell,19,2022,Minnesota,Big Ten,36,114,100,11,20,5,2,1,10,2,0,9,24,0.2,0.283,0.32,0.603,32,2,3,1,1,0,,player.fcgi?id=counse000bra
Jared Everson*,20,2022,Minnesota,Big Ten,2,2,2,0,0,0,0,0,0,0,0,0,1,0,0,0,0,0,0,0,0,0,0,,player.fcgi?id=everso000jar
Otto Grimm*,23,2022,Minnesota,Big Ten,24,76,63,8,17,3,1,0,10,1,1,11,14,0.27,0.387,0.349,0.736,22,3,1,1,0,0,,player.fcgi?id=grimm-000ott
Joe Hauser,21,2022,Minnesota,Big Ten,14,40,35,3,6,0,0,1,5,1,0,5,17,0.171,0.275,0.257,0.532,9,0,0,0,0,0,,player.fcgi?id=hauser001joe
Jack Kelly*,23,2022,Minnesota,Big Ten,51,216,179,39,58,18,3,8,45,4,3,30,33,0.324,0.421,0.592,1.013,106,1,2,2,3,2,,player.fcgi?id=kelly-003jac
Jake Larson,19,2022,Minnesota,Big Ten,21,48,43,8,9,1,0,1,4,1,0,3,13,0.209,0.271,0.302,0.573,13,1,1,0,1,0,,player.fcgi?id=larson002jak
Boston Merila#,19,2022,Minnesota,Big Ten,52,220,187,29,50,9,0,0,18,4,2,19,29,0.267,0.361,0.316,0.676,59,5,10,1,3,1,,player.fcgi?id=merila000bos
Jake Perry*,19,2022,Minnesota,Big Ten,25,51,40,4,8,0,1,0,4,0,1,11,12,0.2,0.373,0.25,0.623,10,0,0,0,0,0,,player.fcgi?id=perry-003jak
Drew Stahl,21,2022,Minnesota,Big Ten,47,167,133,21,30,11,1,2,16,5,5,31,38,0.226,0.38,0.368,0.748,49,1,2,1,0,0,,player.fcgi?id=stahl-001dre
Chase Stanke*,22,2022,Minnesota,Big Ten,51,224,189,29,43,15,0,13,42,4,1,22,43,0.228,0.323,0.513,0.836,97,5,7,1,5,0,,player.fcgi?id=stanke000cha
Ronnie Sweeny*,23,2022,Minnesota,Big Ten,50,180,155,26,34,8,1,7,15,9,0,18,53,0.219,0.32,0.419,0.74,65,0,5,2,0,2,,player.fcgi?id=sweeny000ron
Riley Swenson,22,2022,Minnesota,Big Ten,12,55,47,9,15,1,0,3,9,0,1,1,12,0.319,0.353,0.532,0.885,25,2,2,4,1,0,,player.fcgi?id=swenso000ril
Andrew Wilhite*,22,2022,Minnesota,Big Ten,49,167,144,15,27,8,1,3,16,9,1,12,46,0.188,0.279,0.319,0.598,46,5,7,2,2,1,,player.fcgi?id=wilhit000and
Brett Bateman*,21,2023,Minnesota,Big Ten,50,223,189,29,67,10,0,0,12,17,4,31,20,0.355,0.451,0.407,0.858,77,3,2,1,0,1,,player.fcgi?id=batema000bre
Drew Berkland,19,2023,Minnesota,Big Ten,25,38,35,1,6,0,0,0,2,1,0,1,11,0.171,0.189,0.171,0.361,6,2,0,1,1,0,,player.fcgi?id=berkla000dre
Kyle Bork,22,2023,Minnesota,Big Ten,34,99,76,14,19,7,0,2,9,0,0,23,29,0.25,0.424,0.421,0.845,32,1,0,0,0,0,,player.fcgi?id=bork--000kyl
Brady Counsell,20,2023,Minnesota,Big Ten,52,235,210,30,52,14,0,4,27,9,1,16,44,0.248,0.316,0.371,0.687,78,5,5,4,0,0,,player.fcgi?id=counse000bra
Danny Davis*,21,2023,Minnesota,Big Ten,3,3,3,1,1,0,0,0,0,0,0,0,0,0.333,0.333,0.333,0.667,1,1,0,0,0,0,,player.fcgi?id=davis-013dan
Easton Fritcher*,19,2023,Minnesota,Big Ten,10,12,10,2,2,0,0,0,2,0,0,1,5,0.2,0.273,0.2,0.473,2,0,0,1,0,0,,player.fcgi?id=fritch000eas
Joe Hauser,22,2023,Minnesota,Big Ten,8,5,4,1,0,0,0,0,0,0,0,1,3,0,0.2,0,0.2,0,0,0,0,0,0,,player.fcgi?id=hauser001joe
Kris Hokenson*,19,2023,Minnesota,Big Ten,50,146,109,16,26,7,0,2,17,1,2,33,44,0.239,0.421,0.358,0.779,39,1,2,1,1,0,,player.fcgi?id=hokens000kri
Sam Hunt#,20,2023,Minnesota,Big Ten,29,102,92,9,20,5,2,1,16,0,1,5,41,0.217,0.267,0.348,0.615,32,2,2,1,2,0,,player.fcgi?id=hunt--002sam
Brady Jurgella*,21,2023,Minnesota,Big Ten,30,93,76,12,17,3,0,0,9,3,1,13,32,0.224,0.344,0.263,0.608,20,0,1,3,0,1,,player.fcgi?id=jurgel000bra
Jake Larson,20,2023,Minnesota,Big Ten,32,100,86,10,18,5,2,2,11,1,3,10,27,0.209,0.292,0.384,0.675,33,4,0,4,0,0,,player.fcgi?id=larson002jak
Boston Merila#,20,2023,Minnesota,Big Ten,51,218,175,25,53,10,0,1,18,3,3,21,26,0.303,0.425,0.377,0.802,66,6,17,4,1,0,,player.fcgi?id=merila000bos
Ike Mezzenga*,21,2023,Minnesota,Big Ten,52,220,193,31,49,13,0,4,30,4,1,23,50,0.254,0.329,0.383,0.712,74,2,0,1,3,0,,player.fcgi?id=mezzen000ike
Weber Neels,20,2023,Minnesota,Big Ten,49,184,157,25,43,5,1,7,24,1,1,25,31,0.274,0.372,0.452,0.824,71,4,0,1,1,0,,player.fcgi?id=neels-000web
Jake Perry*,20,2023,Minnesota,Big Ten,52,224,192,29,44,13,1,4,32,2,0,27,35,0.229,0.326,0.37,0.696,71,8,2,0,3,0,,player.fcgi?id=perry-003jak
Riley Swenson,23,2023,Minnesota,Big Ten,39,142,135,15,27,4,0,8,23,0,0,6,59,0.2,0.234,0.407,0.641,55,1,0,1,0,0,,player.fcgi?id=swenso000ril
Connor Wietgrefe,21,2023,Minnesota,Big Ten,22,1,1,0,0,0,0,0,0,0,0,0,1,0,0,0,0,0,0,0,0,0,0,,player.fcgi?id=wietgr000con
Drew Berkland,20,2024,Minnesota,Big Ten,33,100,80,19,26,2,2,4,15,6,0,15,11,0.325,0.434,0.55,0.984,44,1,2,1,2,0,,player.fcgi?id=berkla000dre
Kyle Bork,23,2024,Minnesota,Big Ten,32,88,72,12,15,2,1,2,10,0,0,14,20,0.208,0.33,0.347,0.677,25,1,0,0,2,0,,player.fcgi?id=bork--000kyl
Brady Counsell,21,2024,Minnesota,Big Ten,48,239,202,45,58,14,0,11,36,16,3,30,39,0.287,0.386,0.52,0.905,105,3,3,3,1,0,,player.fcgi?id=counse000bra
Tristan Ellis*,20,2024,Minnesota,Big Ten,15,14,11,3,2,0,0,0,1,0,0,1,2,0.182,0.231,0.182,0.413,2,0,0,1,1,0,,player.fcgi?id=ellis-001tri
Josh Fitzgerald,23,2024,Minnesota,Big Ten,42,170,136,31,49,10,0,9,38,11,0,17,28,0.36,0.468,0.632,1.1,86,2,13,1,3,0,,player.fcgi?id=fitzge005jos
Kris Hokenson*,20,2024,Minnesota,Big Ten,41,152,129,26,32,9,1,6,24,2,1,21,31,0.248,0.362,0.473,0.835,61,0,2,0,0,2,,player.fcgi?id=hokens000kri
Sam Hunt#,21,2024,Minnesota,Big Ten,31,101,78,18,20,7,0,3,18,1,0,16,31,0.256,0.392,0.462,0.853,36,0,2,4,1,1,,player.fcgi?id=hunt--002sam
Brady Jurgella*,22,2024,Minnesota,Big Ten,38,61,48,15,11,4,0,2,7,2,0,10,11,0.229,0.373,0.438,0.81,21,1,1,2,0,0,,player.fcgi?id=jurgel000bra
Jake Larson,21,2024,Minnesota,Big Ten,34,86,76,10,15,2,1,1,12,1,1,6,20,0.197,0.282,0.29,0.572,22,1,3,1,0,0,,player.fcgi?id=larson002jak
Boston Merila#,21,2024,Minnesota,Big Ten,33,143,118,23,30,6,0,0,17,3,0,9,8,0.254,0.355,0.305,0.66,36,2,11,2,3,0,,player.fcgi?id=merila000bos
Ike Mezzenga*,22,2024,Minnesota,Big Ten,47,214,183,37,52,7,0,12,33,3,1,26,40,0.284,0.376,0.519,0.895,95,0,2,1,2,0,,player.fcgi?id=mezzen000ike
Weber Neels,21,2024,Minnesota,Big Ten,48,218,180,33,57,14,0,8,43,0,1,24,30,0.317,0.422,0.528,0.95,95,5,11,0,3,1,,player.fcgi?id=neels-000web
Jake Perry*,21,2024,Minnesota,Big Ten,48,236,203,43,62,20,2,9,43,3,0,30,49,0.305,0.398,0.557,0.955,113,4,2,0,1,0,,player.fcgi?id=perry-003jak
Jack Spanier,19,2024,Minnesota,Big Ten,30,101,82,17,24,3,0,0,12,4,2,14,16,0.293,0.414,0.329,0.743,27,2,3,2,0,0,,player.fcgi?id=spanie000jac
Charlie Sutherland*,19,2024,Minnesota,Big Ten,33,79,62,11,17,4,0,1,9,1,0,11,22,0.274,0.43,0.387,0.818,24,0,6,0,0,0,,player.fcgi?id=suther000cha
Jack Taxdahl,19,2024,Minnesota,Big Ten,16,32,28,4,7,0,0,0,3,0,0,3,9,0.25,0.344,0.25,0.594,7,0,1,0,0,0,,player.fcgi?id=taxdah000jac
Drew Berkland,21,2025,Minnesota,Big Ten,52,240,205,42,60,10,0,14,53,12,7,31,46,0.293,0.388,0.546,0.934,112,3,2,0,2,1,,player.fcgi?id=berkla000dre
Jake Elbeery*,23,2025,Minnesota,Big Ten,30,107,93,18,25,5,1,2,9,0,0,13,24,0.269,0.365,0.409,0.773,38,0,1,0,0,0,,player.fcgi?id=elbeer000jak
Josh Fitzgerald,24,2025,Minnesota,Big Ten,40,172,138,29,38,13,0,6,21,12,3,24,24,0.275,0.407,0.5,0.907,69,2,8,0,2,1,,player.fcgi?id=fitzge005jos
Brayden Hellum*,21,2025,Minnesota,Big Ten,37,85,71,18,17,6,0,0,11,10,1,13,22,0.239,0.365,0.324,0.689,23,2,1,0,0,0,,player.fcgi?id=hellum000bra
Kris Hokenson*,21,2025,Minnesota,Big Ten,35,104,81,15,21,6,0,1,11,1,0,14,24,0.259,0.366,0.37,0.737,30,2,2,3,4,0,,player.fcgi?id=hokens000kri
Sam Hunt#,22,2025,Minnesota,Big Ten,19,45,32,8,5,2,0,0,3,2,0,7,14,0.156,0.378,0.219,0.597,7,0,5,0,1,0,,player.fcgi?id=hunt--002sam
Parker Knoll,22,2025,Minnesota,Big Ten,31,130,113,15,35,5,2,2,17,10,3,9,30,0.31,0.375,0.443,0.818,50,2,4,2,2,0,,player.fcgi?id=knoll-000par
Jake Larson,22,2025,Minnesota,Big Ten,46,114,95,17,18,3,0,2,13,5,1,9,26,0.19,0.3,0.284,0.584,27,3,6,4,0,0,,player.fcgi?id=larson002jak
Landen Lozier,20,2025,Minnesota,Big Ten,10,21,13,2,4,0,0,0,1,1,1,7,4,0.308,0.571,0.308,0.879,4,0,1,0,0,0,,player.fcgi?id=lozier000lan
Jameson Martin,19,2025,Minnesota,Big Ten,42,152,122,30,26,2,0,7,20,8,0,22,39,0.213,0.349,0.402,0.751,49,2,4,3,1,0,,player.fcgi?id=martin041jam
Jack Mosh*,22,2025,Minnesota,Big Ten,7,10,9,2,2,1,0,1,4,0,0,0,4,0.222,0.3,0.667,0.967,6,0,1,0,0,0,,player.fcgi?id=mosh--000jac
Weber Neels,22,2025,Minnesota,Big Ten,50,214,169,38,48,7,1,15,38,5,2,25,37,0.284,0.425,0.604,1.029,102,4,18,0,2,0,,player.fcgi?id=neels-000web
Jake Perry*,22,2025,Minnesota,Big Ten,44,161,141,12,32,4,0,4,26,0,0,15,26,0.227,0.298,0.34,0.639,48,4,1,0,4,0,,player.fcgi?id=perry-003jak
Easton Richter*,21,2025,Minnesota,Big Ten,49,220,187,38,52,7,2,12,39,14,1,21,55,0.278,0.366,0.529,0.895,99,0,6,4,2,0,,player.fcgi?id=richte000eas
Jack Spanier,20,2025,Minnesota,Big Ten,32,138,114,21,31,5,1,1,16,11,3,19,26,0.272,0.385,0.36,0.745,41,3,2,3,0,0,,player.fcgi?id=spanie000jac
Charlie Sutherland*,20,2025,Minnesota,Big Ten,44,159,138,24,40,8,1,6,25,5,1,15,34,0.29,0.372,0.493,0.865,68,3,3,3,0,0,,player.fcgi?id=suther000cha
Jack Taxdahl,20,2025,Minnesota,Big Ten,6,7,7,0,1,0,0,0,0,0,0,0,2,0.143,0.143,0.143,0.286,1,1,0,0,0,0,,player.fcgi?id=taxdah000jac
Jackson Akin,20,2026,Minnesota,Big Ten,12,43,33,10,7,3,0,1,6,1,0,7,16,0.212,0.372,0.394,0.766,13,0,2,0,1,0,,player.fcgi?id=akin--001jac
Ty Allen,22,2026,Minnesota,Big Ten,51,216,182,35,49,9,3,9,46,9,1,26,41,0.269,0.357,0.5,0.857,91,2,2,0,6,0,,player.fcgi?id=allen-000ty-
Jack Bello,22,2026,Minnesota,Big Ten,46,172,144,25,38,13,0,10,30,1,1,17,45,0.264,0.357,0.563,0.919,81,1,6,1,4,1,,player.fcgi?id=bello-000jac
Ethan Cole,22,2026,Minnesota,Big Ten,10,23,20,7,4,1,0,3,4,0,0,1,9,0.2,0.304,0.7,1.004,14,0,2,0,0,0,,player.fcgi?id=cole--001eth
Davis Hamilton*,22,2026,Minnesota,Big Ten,53,240,179,49,53,12,0,6,33,16,5,43,28,0.296,0.467,0.464,0.93,83,1,16,0,2,1,,player.fcgi?id=hamilt005dav
Brayden Hellum*,22,2026,Minnesota,Big Ten,26,45,36,9,8,2,1,0,5,0,2,6,14,0.222,0.341,0.333,0.674,12,0,1,1,1,0,,player.fcgi?id=hellum000bra
Sam Hunt#,23,2026,Minnesota,Big Ten,28,85,65,17,16,3,1,3,18,5,1,13,26,0.246,0.383,0.462,0.844,30,0,2,4,1,0,,player.fcgi?id=hunt--002sam
Michael Lippe,22,2026,Minnesota,Big Ten,30,125,95,13,21,4,0,0,17,9,1,27,32,0.221,0.403,0.263,0.666,25,2,2,1,0,0,,player.fcgi?id=lippe-000mic
Jameson Martin,20,2026,Minnesota,Big Ten,26,95,78,12,19,3,0,1,16,8,0,11,19,0.244,0.372,0.321,0.693,25,1,5,1,0,0,,player.fcgi?id=martin041jam
Jack Mosh*,23,2026,Minnesota,Big Ten,40,137,107,28,31,7,0,1,10,4,0,18,18,0.29,0.42,0.383,0.803,41,2,6,6,0,0,,player.fcgi?id=mosh--000jac
Weber Neels,23,2026,Minnesota,Big Ten,51,231,184,49,62,10,0,13,53,6,3,23,28,0.337,0.437,0.603,1.041,111,0,16,0,8,1,,player.fcgi?id=neels-000web
Nate O'Donnell,19,2026,Minnesota,Big Ten,6,1,1,0,0,0,0,0,0,0,0,0,0,0,0,0,0,0,0,0,0,0,0,,player.fcgi?id=odonne001nat
Jake Quinn*,20,2026,Minnesota,Big Ten,5,3,3,1,1,1,0,0,2,0,0,0,1,0.333,0.333,0.667,1,2,0,0,0,0,0,,player.fcgi?id=quinn-000jak
Easton Richter*,22,2026,Minnesota,Big Ten,52,236,212,54,55,16,2,15,47,18,2,18,51,0.259,0.323,0.566,0.889,120,1,3,1,2,1,,player.fcgi?id=richte000eas
Jack Spanier,21,2026,Minnesota,Big Ten,51,254,199,52,58,16,4,5,35,14,2,45,32,0.292,0.428,0.487,0.915,97,1,4,4,2,0,,player.fcgi?id=spanie000jac
Michael Starrs,24,2026,Minnesota,Big Ten,1,1,1,0,0,0,0,0,1,0,0,0,0,0,0,0,0,0,0,0,0,0,0,,player.fcgi?id=starrs000mic
Charlie Sutherland*,21,2026,Minnesota,Big Ten,53,237,194,47,63,11,2,11,56,15,1,29,31,0.325,0.434,0.572,1.006,111,0,10,2,2,0,,player.fcgi?id=suther000cha
Cody Asche*,21,2011,Nebraska,Big Ten,54,250,208,46,68,27,1,12,56,2,1,34,41,0.327,0.424,0.639,1.063,133,,4,0,4,,,player.fcgi?id=asche-000cod
Cory Burleson?,--,2011,Nebraska,Big Ten,40,144,121,14,27,7,0,2,21,1,2,13,33,0.223,0.3,0.331,0.631,40,,2,4,4,,,player.fcgi?id=burles000cor
Chad Christensen,20,2011,Nebraska,Big Ten,55,233,209,24,61,6,1,1,16,6,3,12,48,0.292,0.335,0.345,0.679,72,,2,9,1,,,player.fcgi?id=christ006cha
Khiry Cooper,21,2011,Nebraska,Big Ten,37,121,96,19,25,7,0,0,12,6,1,14,37,0.26,0.39,0.333,0.723,32,,7,3,1,,,player.fcgi?id=cooper001khi
Kurt Farmer?,--,2011,Nebraska,Big Ten,55,231,200,23,55,11,0,2,32,0,4,9,37,0.275,0.336,0.36,0.696,72,,12,5,5,,,player.fcgi?id=farmer000kur
Pat Hirschberg?,--,2011,Nebraska,Big Ten,9,12,10,1,3,0,0,0,3,0,1,1,4,0.3,0.417,0.3,0.717,3,,1,0,0,,,player.fcgi?id=hirsch000pat
Kash Kalkowski,22,2011,Nebraska,Big Ten,52,224,194,30,58,12,3,5,42,11,2,10,29,0.299,0.378,0.469,0.848,91,,16,2,2,,,player.fcgi?id=kalkow001kas
Kale Kiser#,21,2011,Nebraska,Big Ten,51,235,183,42,50,9,1,2,19,7,6,32,24,0.273,0.417,0.366,0.784,67,,14,5,1,,,player.fcgi?id=kiser-000kal
Tanner Krietemeier#,19,2011,Nebraska,Big Ten,32,76,65,9,10,1,0,0,2,2,0,8,16,0.154,0.257,0.169,0.426,11,,1,2,0,,,player.fcgi?id=kriete000tan
Nick Miller?,--,2011,Nebraska,Big Ten,9,14,13,2,2,0,0,0,2,0,0,1,6,0.154,0.214,0.154,0.368,2,,0,0,0,,,player.fcgi?id=miller000nic
Bryan Peters?,--,2011,Nebraska,Big Ten,55,258,209,39,57,10,0,2,30,12,4,13,48,0.273,0.367,0.349,0.716,73,,18,18,0,,,player.fcgi?id=peters003bry
Michael Pritchard*,19,2011,Nebraska,Big Ten,34,111,92,15,28,1,0,0,7,0,3,12,11,0.304,0.393,0.315,0.708,29,,2,4,1,,,player.fcgi?id=pritch002mic
Josh Scheffert,19,2011,Nebraska,Big Ten,43,168,150,19,33,4,4,2,18,1,0,11,41,0.22,0.286,0.34,0.626,51,,4,0,3,,,player.fcgi?id=scheff000jos
Sam Stucky?,--,2011,Nebraska,Big Ten,4,3,2,0,1,0,0,0,1,0,0,0,1,0.5,0.667,0.5,1.167,1,,1,0,0,,,player.fcgi?id=stucky000sam
Patric Tolentino,21,2011,Nebraska,Big Ten,31,103,89,16,18,4,0,2,7,2,1,9,18,0.202,0.311,0.315,0.625,28,,5,0,0,,,player.fcgi?id=tolent000pat
Cory Burleson?,--,2012,Nebraska,Big Ten,44,153,132,25,36,7,0,1,22,3,0,9,32,0.273,0.356,0.349,0.704,46,,8,4,0,0,,player.fcgi?id=burles000cor
Chad Christensen,21,2012,Nebraska,Big Ten,57,260,228,49,71,9,2,10,48,8,2,19,36,0.311,0.373,0.5,0.873,114,,4,8,1,4,,player.fcgi?id=christ006cha
Austin Darby*,19,2012,Nebraska,Big Ten,42,162,139,24,45,9,0,2,15,7,0,16,25,0.324,0.389,0.432,0.82,60,,0,5,2,1,,player.fcgi?id=darby-000aus
Kurt Farmer?,--,2012,Nebraska,Big Ten,25,84,68,15,17,1,1,2,10,2,1,11,10,0.25,0.374,0.382,0.756,26,,3,1,1,0,,player.fcgi?id=farmer000kur
Blake Headley*,19,2012,Nebraska,Big Ten,25,53,46,6,14,0,0,0,6,1,3,6,10,0.304,0.396,0.304,0.701,14,,1,0,0,0,,player.fcgi?id=headle000bla
Kash Kalkowski,23,2012,Nebraska,Big Ten,48,190,174,25,54,8,0,4,37,7,1,4,17,0.31,0.36,0.425,0.785,74,,10,1,1,0,,player.fcgi?id=kalkow001kas
Pat Kelly,19,2012,Nebraska,Big Ten,45,177,163,27,51,6,2,8,37,5,0,6,24,0.313,0.345,0.522,0.866,85,,3,3,2,0,,player.fcgi?id=kelly-005pat
Ty Kildow?,--,2012,Nebraska,Big Ten,23,26,22,8,4,0,0,0,0,2,0,4,8,0.182,0.308,0.182,0.49,4,,0,0,0,0,,player.fcgi?id=kildow000ty-
Kale Kiser#,22,2012,Nebraska,Big Ten,54,219,158,37,41,7,1,6,37,6,1,38,17,0.26,0.435,0.43,0.865,68,,14,5,4,0,,player.fcgi?id=kiser-000kal
Bryan Peters?,--,2012,Nebraska,Big Ten,30,95,79,18,19,3,1,0,11,2,2,7,10,0.241,0.351,0.304,0.655,24,,7,1,1,0,,player.fcgi?id=peters003bry
Michael Pritchard*,20,2012,Nebraska,Big Ten,57,238,212,51,82,10,0,0,22,6,3,21,10,0.387,0.447,0.434,0.881,92,,2,3,0,1,,player.fcgi?id=pritch002mic
Rich Sanguinetti?,--,2012,Nebraska,Big Ten,55,254,217,44,70,11,2,2,43,7,5,16,35,0.323,0.371,0.419,0.79,91,,3,14,4,0,,player.fcgi?id=sangui000ric
Josh Scheffert,20,2012,Nebraska,Big Ten,50,195,179,37,64,12,0,8,41,5,0,15,24,0.358,0.41,0.559,0.969,100,,1,0,0,0,,player.fcgi?id=scheff000jos
Richard Stock*,21,2012,Nebraska,Big Ten,52,225,211,40,74,20,3,4,45,1,1,8,18,0.351,0.378,0.531,0.909,112,,3,0,3,2,,player.fcgi?id=stock-001ric
Sam Stucky?,--,2012,Nebraska,Big Ten,13,38,29,7,5,1,0,0,1,0,0,4,12,0.172,0.306,0.207,0.513,6,,2,2,1,0,,player.fcgi?id=stucky000sam
Chad Christensen,22,2013,Nebraska,Big Ten,59,269,225,45,82,8,3,2,39,8,2,27,34,0.364,0.436,0.453,0.889,102,,6,5,6,1,,player.fcgi?id=christ006cha
Austin Darby*,20,2013,Nebraska,Big Ten,57,228,202,31,59,6,2,2,33,6,6,11,45,0.292,0.326,0.371,0.697,75,,1,10,4,1,,player.fcgi?id=darby-000aus
Wes Edrington,19,2013,Nebraska,Big Ten,26,81,69,8,14,3,0,0,6,1,1,10,22,0.203,0.304,0.246,0.55,17,,0,2,0,0,,player.fcgi?id=edring000wes
Taylor Fish?,--,2013,Nebraska,Big Ten,16,35,32,4,7,1,0,0,4,1,1,0,9,0.219,0.242,0.25,0.492,8,,1,2,0,0,,player.fcgi?id=fish--000tay
Blake Headley*,20,2013,Nebraska,Big Ten,49,194,169,27,48,6,0,1,25,1,1,18,34,0.284,0.353,0.337,0.69,57,,1,4,2,0,,player.fcgi?id=headle000bla
Kash Kalkowski,24,2013,Nebraska,Big Ten,59,250,214,40,65,13,3,3,44,7,4,10,41,0.304,0.386,0.435,0.82,93,,21,1,4,0,,player.fcgi?id=kalkow001kas
Pat Kelly,20,2013,Nebraska,Big Ten,59,277,257,33,85,12,1,2,33,5,2,14,36,0.331,0.367,0.409,0.776,105,,2,2,2,0,,player.fcgi?id=kelly-005pat
Ty Kildow?,--,2013,Nebraska,Big Ten,16,19,19,3,2,0,0,0,0,6,2,0,4,0.105,0.105,0.105,0.211,2,,0,0,0,0,,player.fcgi?id=kildow000ty-
Tanner Lubach,20,2013,Nebraska,Big Ten,49,190,163,19,39,6,1,2,27,2,1,14,35,0.239,0.308,0.325,0.633,53,,3,8,2,0,,player.fcgi?id=lubach000tan
Bryan Peters?,--,2013,Nebraska,Big Ten,44,154,134,22,33,6,1,0,19,3,0,11,22,0.246,0.318,0.306,0.624,41,,4,3,2,0,,player.fcgi?id=peters003bry
Jake Placzek,--,2013,Nebraska,Big Ten,15,31,25,1,4,1,0,0,1,0,0,4,6,0.16,0.3,0.2,0.5,5,,1,1,0,0,,player.fcgi?id=placze000jak
Michael Pritchard*,21,2013,Nebraska,Big Ten,49,233,198,34,66,13,1,0,18,4,2,22,18,0.333,0.396,0.409,0.806,81,,0,11,2,0,,player.fcgi?id=pritch002mic
Rich Sanguinetti?,--,2013,Nebraska,Big Ten,58,262,221,41,67,8,1,1,16,8,2,29,44,0.303,0.386,0.362,0.748,80,,2,8,2,0,,player.fcgi?id=sangui000ric
Josh Scheffert,21,2013,Nebraska,Big Ten,43,143,129,15,29,5,0,2,24,3,0,7,22,0.225,0.268,0.31,0.578,40,,2,1,4,1,,player.fcgi?id=scheff000jos
Corey Stringer?,--,2013,Nebraska,Big Ten,11,19,17,2,4,1,0,0,4,1,0,1,8,0.235,0.316,0.294,0.61,5,,1,0,0,0,,player.fcgi?id=string000cor
Quentin Urban*,20,2013,Nebraska,Big Ten,2,1,1,0,0,0,0,0,0,0,0,0,1,0,0,0,0,0,,0,0,0,0,,player.fcgi?id=urban-000que
Ryan Boldt*,19,2014,Nebraska,Big Ten,61,271,238,47,74,12,6,2,31,7,4,25,35,0.311,0.382,0.437,0.819,104,,3,4,1,1,,player.fcgi?id=boldt-001rya
Austin Christensen*,21,2014,Nebraska,Big Ten,41,109,92,20,23,2,1,0,15,2,0,11,14,0.25,0.327,0.294,0.621,27,,1,2,3,0,,player.fcgi?id=christ000aus
Christian Cox*,22,2014,Nebraska,Big Ten,36,68,60,17,18,1,0,0,6,1,0,5,12,0.3,0.368,0.317,0.684,19,,2,0,1,0,,player.fcgi?id=cox---006chr
Austin Darby*,21,2014,Nebraska,Big Ten,60,266,231,34,67,10,3,3,36,5,3,27,37,0.29,0.362,0.398,0.76,92,,0,6,2,1,,player.fcgi?id=darby-000aus
Taylor Fish?,--,2014,Nebraska,Big Ten,24,77,65,7,17,0,0,0,13,0,0,5,11,0.262,0.324,0.262,0.585,17,,1,6,0,0,,player.fcgi?id=fish--000tay
Blake Headley*,21,2014,Nebraska,Big Ten,54,223,201,22,65,8,2,2,27,2,1,16,30,0.323,0.37,0.413,0.783,83,,0,4,2,1,,player.fcgi?id=headle000bla
Pat Kelly,21,2014,Nebraska,Big Ten,62,278,244,37,76,10,1,4,55,3,2,21,26,0.312,0.368,0.41,0.778,100,,5,1,7,2,,player.fcgi?id=kelly-005pat
Ty Kildow?,--,2014,Nebraska,Big Ten,37,74,63,13,17,1,0,0,8,5,3,7,3,0.27,0.352,0.286,0.638,18,,1,3,0,0,,player.fcgi?id=kildow000ty-
Max Knutson*,19,2014,Nebraska,Big Ten,8,0,0,1,0,0,0,0,0,0,0,0,0,,,,,0,,0,0,0,0,,player.fcgi?id=knutso000max
Tanner Lubach,21,2014,Nebraska,Big Ten,45,172,149,14,42,10,1,3,27,1,0,13,27,0.282,0.337,0.423,0.76,63,,1,6,3,0,,player.fcgi?id=lubach000tan
Quinn McGill?,--,2014,Nebraska,Big Ten,11,15,12,5,2,1,1,0,3,0,0,1,1,0.167,0.286,0.417,0.702,5,,1,1,0,0,,player.fcgi?id=mcgill000qui
Ben Miller*,19,2014,Nebraska,Big Ten,45,133,117,19,37,3,0,2,13,0,0,13,24,0.316,0.399,0.393,0.792,46,,3,0,0,0,,player.fcgi?id=miller004ben
Bryce Only,19,2014,Nebraska,Big Ten,18,39,29,5,7,0,0,0,5,1,0,4,7,0.241,0.395,0.241,0.636,7,,4,1,1,0,,player.fcgi?id=only--000bry
Jake Placzek,--,2014,Nebraska,Big Ten,56,247,199,44,54,8,0,0,25,3,0,33,36,0.271,0.377,0.312,0.689,62,,2,11,2,0,,player.fcgi?id=placze000jak
Michael Pritchard*,22,2014,Nebraska,Big Ten,60,272,239,45,75,21,4,3,49,5,3,27,24,0.314,0.376,0.473,0.849,113,,0,1,5,0,,player.fcgi?id=pritch002mic
Steven Reveles,21,2014,Nebraska,Big Ten,54,220,187,33,49,11,0,0,18,4,2,14,18,0.262,0.329,0.321,0.649,60,,5,13,1,0,,player.fcgi?id=revele000ste
Luis Alvarado,18,2015,Nebraska,Big Ten,35,106,89,11,27,6,0,1,11,1,1,9,15,0.303,0.37,0.405,0.775,36,,1,6,1,1,,player.fcgi?id=alvara004lui
Ryan Boldt*,20,2015,Nebraska,Big Ten,55,255,218,45,75,7,2,1,21,9,4,27,27,0.344,0.429,0.408,0.837,89,,6,3,1,4,,player.fcgi?id=boldt-001rya
Austin Christensen*,22,2015,Nebraska,Big Ten,29,78,72,7,19,3,0,0,5,0,0,4,14,0.264,0.299,0.306,0.604,22,,0,1,1,0,,player.fcgi?id=christ000aus
Christian Cox*,23,2015,Nebraska,Big Ten,33,80,68,7,10,2,0,3,11,0,0,8,16,0.147,0.266,0.309,0.575,21,,3,1,0,0,,player.fcgi?id=cox---006chr
Austin Darby*,22,2015,Nebraska,Big Ten,56,235,204,23,55,8,0,2,24,8,1,22,41,0.27,0.339,0.338,0.677,69,,0,8,1,3,,player.fcgi?id=darby-000aus
Elijah Dilday*,19,2015,Nebraska,Big Ten,20,47,44,6,9,2,1,0,5,2,0,2,10,0.205,0.255,0.296,0.551,13,,1,0,0,0,,player.fcgi?id=dilday000eli
Wes Edrington,21,2015,Nebraska,Big Ten,24,78,66,6,10,1,0,1,3,2,1,9,14,0.152,0.263,0.212,0.475,14,,1,2,0,0,,player.fcgi?id=edring000wes
Taylor Fish?,--,2015,Nebraska,Big Ten,17,43,36,1,14,0,0,0,6,1,2,5,4,0.389,0.463,0.389,0.852,14,,0,2,0,0,,player.fcgi?id=fish--000tay
Blake Headley*,22,2015,Nebraska,Big Ten,56,256,221,35,60,18,5,2,41,0,5,26,39,0.272,0.345,0.425,0.771,94,,1,4,4,1,,player.fcgi?id=headle000bla
Matt Leuty?,--,2015,Nebraska,Big Ten,1,1,1,0,0,0,0,0,0,0,0,0,0,0,0,0,0,0,,0,0,0,0,,player.fcgi?id=leuty-000mat
Tanner Lubach,22,2015,Nebraska,Big Ten,51,211,186,31,58,10,1,4,26,2,1,14,29,0.312,0.375,0.441,0.816,82,,6,3,2,0,,player.fcgi?id=lubach000tan
Jake Meyers,19,2015,Nebraska,Big Ten,28,27,18,4,3,0,0,0,2,1,0,7,2,0.167,0.4,0.167,0.567,3,,0,2,0,0,,player.fcgi?id=meyers000jak
Ben Miller*,20,2015,Nebraska,Big Ten,56,243,215,16,60,11,1,4,40,1,0,18,31,0.279,0.342,0.395,0.737,85,,5,0,5,2,,player.fcgi?id=miller004ben
Jake Placzek,--,2015,Nebraska,Big Ten,39,130,104,15,22,6,1,1,14,2,1,19,26,0.212,0.331,0.317,0.648,33,,1,3,3,0,,player.fcgi?id=placze000jak
Steven Reveles,22,2015,Nebraska,Big Ten,16,61,55,10,14,4,0,0,3,4,0,2,9,0.255,0.293,0.327,0.62,18,,1,3,0,0,,player.fcgi?id=revele000ste
Jake Schleppenbach*,20,2015,Nebraska,Big Ten,51,211,190,32,57,9,0,0,16,4,1,12,19,0.3,0.342,0.347,0.689,66,,0,9,0,0,,player.fcgi?id=schlep000jak
Scott Schreiber,19,2015,Nebraska,Big Ten,40,161,144,25,39,2,2,3,18,3,1,12,27,0.271,0.331,0.375,0.706,54,,2,1,2,1,,player.fcgi?id=schrei000sco
Angelo Altavilla#,19,2016,Nebraska,Big Ten,14,23,19,2,4,0,0,0,3,1,0,4,4,0.211,0.348,0.211,0.558,4,,0,0,0,0,,player.fcgi?id=altavi000ang
Luis Alvarado,19,2016,Nebraska,Big Ten,53,198,179,28,45,5,0,2,14,4,2,17,32,0.251,0.318,0.313,0.631,56,,1,0,1,0,,player.fcgi?id=alvara004lui
Ryan Boldt*,21,2016,Nebraska,Big Ten,59,285,257,48,74,14,2,5,30,20,9,20,36,0.288,0.344,0.416,0.76,107,,4,0,4,1,,player.fcgi?id=boldt-001rya
Brady Childs?,--,2016,Nebraska,Big Ten,5,9,5,2,0,0,0,0,0,0,0,4,1,0,0.444,0,0.444,0,,0,0,0,0,,player.fcgi?id=childs000bra
Elijah Dilday*,20,2016,Nebraska,Big Ten,19,66,62,11,14,1,2,0,5,1,0,3,15,0.226,0.273,0.307,0.579,19,,1,0,0,0,,player.fcgi?id=dilday000eli
Taylor Fish?,--,2016,Nebraska,Big Ten,36,139,115,12,30,6,0,1,16,0,0,7,24,0.261,0.338,0.339,0.677,39,,8,6,3,0,,player.fcgi?id=fish--000tay
Alex Henwood*,19,2016,Nebraska,Big Ten,5,3,2,1,0,0,0,0,0,0,0,1,1,0,0.333,0,0.333,0,,0,0,0,0,,player.fcgi?id=henwoo000ale
AJ Johnson?,--,2016,Nebraska,Big Ten,3,0,0,2,0,0,0,0,0,0,0,0,0,,,,,0,,0,0,0,0,,player.fcgi?id=johnso001aj-
Cole Klemke?,--,2016,Nebraska,Big Ten,17,46,41,5,9,2,0,0,5,0,0,2,14,0.22,0.283,0.268,0.551,11,,2,0,1,0,,player.fcgi?id=klemke000col
Jake Meyers,20,2016,Nebraska,Big Ten,58,262,227,39,74,12,6,2,29,10,3,20,24,0.326,0.402,0.458,0.86,104,,10,3,2,0,,player.fcgi?id=meyers000jak
Ben Miller*,21,2016,Nebraska,Big Ten,59,273,243,35,77,16,0,6,46,0,0,22,37,0.317,0.388,0.457,0.845,111,,7,0,1,4,,player.fcgi?id=miller004ben
Jake Placzek,--,2016,Nebraska,Big Ten,59,268,189,47,54,14,0,6,32,7,3,56,52,0.286,0.46,0.455,0.915,86,,10,7,6,0,,player.fcgi?id=placze000jak
Steven Reveles,23,2016,Nebraska,Big Ten,58,229,210,30,57,11,0,4,26,11,6,9,25,0.271,0.316,0.381,0.697,80,,5,4,1,0,,player.fcgi?id=revele000ste
Jake Schleppenbach*,21,2016,Nebraska,Big Ten,54,201,173,17,38,7,0,0,18,4,3,21,32,0.22,0.298,0.26,0.558,45,,0,3,4,0,,player.fcgi?id=schlep000jak
Scott Schreiber,20,2016,Nebraska,Big Ten,48,220,197,34,64,10,1,16,55,3,3,15,39,0.325,0.391,0.629,1.02,124,,7,0,1,0,,player.fcgi?id=schrei000sco
Mike Waldron?,--,2016,Nebraska,Big Ten,9,8,7,1,2,0,0,0,1,0,1,1,2,0.286,0.375,0.286,0.661,2,,0,0,0,0,,player.fcgi?id=waldro000mik
Jesse Wilkening,19,2016,Nebraska,Big Ten,33,126,111,11,30,4,0,1,12,1,0,11,25,0.27,0.352,0.333,0.685,37,,3,1,0,0,,player.fcgi?id=wilken000jes
Joe Acker,19,2017,Nebraska,Big Ten,15,15,13,3,2,1,0,0,2,0,0,2,5,0.154,0.267,0.231,0.498,3,,0,0,0,0,,player.fcgi?id=acker-000joe
Angelo Altavilla#,20,2017,Nebraska,Big Ten,57,264,212,38,67,14,1,1,39,2,1,30,53,0.316,0.407,0.406,0.813,86,,8,6,8,0,,player.fcgi?id=altavi000ang
Luis Alvarado,20,2017,Nebraska,Big Ten,58,245,226,39,64,12,2,2,25,5,0,12,38,0.283,0.324,0.381,0.704,86,,3,1,3,2,,player.fcgi?id=alvara004lui
Jeff Athey*,20,2017,Nebraska,Big Ten,7,10,9,3,2,2,0,0,0,0,0,1,4,0.222,0.3,0.444,0.744,4,,0,0,0,0,,player.fcgi?id=athey-000jef
Brady Childs?,--,2017,Nebraska,Big Ten,13,41,34,4,4,1,0,0,3,0,1,6,11,0.118,0.25,0.147,0.397,5,,0,1,0,0,,player.fcgi?id=childs000bra
Brison Cronenbold?,--,2017,Nebraska,Big Ten,31,45,36,5,8,3,0,0,5,1,0,6,7,0.222,0.341,0.306,0.647,11,,1,1,1,0,,player.fcgi?id=cronen000bri
Mojo Hagge*,19,2017,Nebraska,Big Ten,56,234,206,33,57,8,3,1,27,2,2,23,45,0.277,0.353,0.359,0.713,74,,2,2,1,0,,player.fcgi?id=hagge-000moj
Alex Henwood*,20,2017,Nebraska,Big Ten,7,5,3,2,1,1,0,0,1,0,0,2,2,0.333,0.6,0.667,1.267,2,,0,0,0,0,,player.fcgi?id=henwoo000ale
AJ Johnson?,--,2017,Nebraska,Big Ten,5,1,1,1,0,0,0,0,0,0,0,0,1,0,0,0,0,0,,0,0,0,0,,player.fcgi?id=johnso001aj-
Ben Klenke,--,2017,Nebraska,Big Ten,11,15,13,0,1,0,0,0,0,0,0,0,7,0.077,0.077,0.077,0.154,1,,0,2,0,0,,player.fcgi?id=klenke000ben
Jake Meyers,21,2017,Nebraska,Big Ten,54,249,195,52,58,7,0,1,16,20,2,39,31,0.297,0.439,0.349,0.788,68,,11,3,1,1,,player.fcgi?id=meyers000jak
Ben Miller*,22,2017,Nebraska,Big Ten,55,252,219,28,67,13,0,3,39,0,0,28,37,0.306,0.393,0.406,0.799,89,,4,0,1,0,,player.fcgi?id=miller004ben
Alex Raburn,23,2017,Nebraska,Big Ten,25,74,62,7,11,1,0,0,5,1,0,7,17,0.177,0.261,0.194,0.454,12,,0,5,0,0,,player.fcgi?id=raburn000ale
Zac Repinski,21,2017,Nebraska,Big Ten,16,25,25,3,5,1,0,0,1,1,0,0,9,0.2,0.2,0.24,0.44,6,,0,0,0,0,,player.fcgi?id=repins000zac
Luke Roskam*,19,2017,Nebraska,Big Ten,42,149,128,21,34,7,1,4,20,3,0,17,47,0.266,0.362,0.43,0.792,55,,3,0,1,0,,player.fcgi?id=roskam000luk
Jake Schleppenbach*,22,2017,Nebraska,Big Ten,58,223,192,28,56,13,1,5,34,7,2,25,24,0.292,0.378,0.448,0.826,86,,3,1,2,1,,player.fcgi?id=schlep000jak
Scott Schreiber,21,2017,Nebraska,Big Ten,57,255,233,45,77,15,1,7,51,0,0,13,44,0.331,0.377,0.494,0.87,115,,6,0,3,2,,player.fcgi?id=schrei000sco
Mike Waldron?,--,2017,Nebraska,Big Ten,16,38,36,3,9,1,0,0,2,0,0,2,12,0.25,0.29,0.278,0.567,10,,0,0,0,0,,player.fcgi?id=waldro000mik
Jesse Wilkening,20,2017,Nebraska,Big Ten,50,194,170,21,42,8,0,1,22,1,0,15,39,0.247,0.33,0.312,0.642,53,,7,0,2,0,,player.fcgi?id=wilken000jes
Joe Acker,20,2018,Nebraska,Big Ten,24,63,52,9,10,0,0,0,3,0,0,9,10,0.192,0.323,0.192,0.515,10,,1,1,0,0,,player.fcgi?id=acker-000joe
Mike Addante*,19,2018,Nebraska,Big Ten,17,37,30,5,4,1,0,0,7,0,1,6,9,0.133,0.278,0.167,0.445,5,,0,1,0,0,,player.fcgi?id=addant000mik
Angelo Altavilla#,21,2018,Nebraska,Big Ten,48,201,162,35,37,3,1,5,28,6,2,30,27,0.228,0.354,0.352,0.705,57,,3,3,3,0,,player.fcgi?id=altavi000ang
Luis Alvarado,21,2018,Nebraska,Big Ten,18,16,14,1,3,0,0,0,0,0,0,2,3,0.214,0.313,0.214,0.527,3,,0,0,0,0,,player.fcgi?id=alvara004lui
Jeff Athey*,21,2018,Nebraska,Big Ten,12,29,22,2,2,0,0,1,2,0,0,4,4,0.091,0.31,0.227,0.538,5,,3,0,0,0,,player.fcgi?id=athey-000jef
Brison Cronenbold?,--,2018,Nebraska,Big Ten,21,66,52,8,14,3,0,1,6,0,1,9,14,0.269,0.391,0.385,0.775,20,,2,2,1,1,,player.fcgi?id=cronen000bri
Carter Cross,20,2018,Nebraska,Big Ten,13,33,27,2,5,0,0,0,4,0,1,2,3,0.185,0.25,0.185,0.435,5,,1,1,2,0,,player.fcgi?id=cross-001car
Mojo Hagge*,20,2018,Nebraska,Big Ten,52,224,189,45,52,7,3,2,21,3,2,24,18,0.275,0.369,0.376,0.744,71,,4,7,0,0,,player.fcgi?id=hagge-000moj
Nolan Hakel*,--,2018,Nebraska,Big Ten,8,7,5,1,0,0,0,0,0,1,0,2,4,0,0.286,0,0.286,0,,0,0,0,0,,player.fcgi?id=hakel-000nol
Jaxon Hallmark,19,2018,Nebraska,Big Ten,50,221,184,25,48,2,2,1,24,7,0,33,57,0.261,0.368,0.31,0.678,57,,0,1,3,0,,player.fcgi?id=hallma000jax
Gunner Hellstrom,19,2018,Nebraska,Big Ten,26,84,71,5,22,1,0,0,13,1,0,8,11,0.31,0.381,0.324,0.705,23,,2,0,3,0,,player.fcgi?id=hellst000gun
Alex Henwood*,21,2018,Nebraska,Big Ten,31,100,82,12,19,4,0,1,8,3,0,11,23,0.232,0.36,0.317,0.677,26,,6,0,1,0,,player.fcgi?id=henwoo000ale
Ben Klenke,--,2018,Nebraska,Big Ten,32,86,76,8,15,4,1,0,14,1,0,8,22,0.197,0.282,0.276,0.559,21,,1,1,0,0,,player.fcgi?id=klenke000ben
Zac Luckey,20,2018,Nebraska,Big Ten,15,55,51,8,13,3,0,0,3,2,0,3,9,0.255,0.309,0.314,0.623,16,,1,0,0,0,,player.fcgi?id=luckey000zac
Zac Repinski,22,2018,Nebraska,Big Ten,42,170,145,36,37,7,0,3,18,4,0,17,36,0.255,0.339,0.366,0.705,53,,3,2,3,0,,player.fcgi?id=repins000zac
Luke Roskam*,20,2018,Nebraska,Big Ten,52,233,193,27,52,13,1,5,46,2,0,34,54,0.269,0.373,0.425,0.798,82,,1,0,5,1,,player.fcgi?id=roskam000luk
Scott Schreiber,22,2018,Nebraska,Big Ten,52,249,214,62,79,13,1,18,48,4,1,28,48,0.369,0.446,0.692,1.137,148,,4,0,3,4,,player.fcgi?id=schrei000sco
Kennet Sorenson*,--,2018,Nebraska,Big Ten,3,4,4,0,1,0,0,0,1,0,0,0,0,0.25,0.25,0.25,0.5,1,,0,0,0,0,,player.fcgi?id=sorens001ken
Keegan Watson,19,2018,Nebraska,Big Ten,11,10,9,1,1,0,0,1,3,0,0,1,5,0.111,0.2,0.444,0.644,4,,0,0,0,0,,player.fcgi?id=watson000kee
Jesse Wilkening,21,2018,Nebraska,Big Ten,52,237,199,45,74,14,1,9,56,0,0,24,36,0.372,0.445,0.588,1.033,117,,7,1,6,0,,player.fcgi?id=wilken000jes
Joe Acker,21,2019,Nebraska,Big Ten,46,196,170,25,44,8,1,0,20,8,1,22,47,0.259,0.344,0.318,0.661,54,,1,1,2,1,,player.fcgi?id=acker-000joe
Mike Addante*,20,2019,Nebraska,Big Ten,13,22,15,3,3,0,0,0,0,1,0,5,5,0.2,0.429,0.2,0.629,3,,1,1,0,0,,player.fcgi?id=addant000mik
Angelo Altavilla#,22,2019,Nebraska,Big Ten,56,255,202,39,52,11,1,4,39,9,1,41,50,0.257,0.392,0.381,0.773,77,,7,0,5,0,,player.fcgi?id=altavi000ang
Cam Chick#,19,2019,Nebraska,Big Ten,47,201,171,33,41,3,0,4,31,6,2,23,45,0.24,0.333,0.328,0.661,56,,3,0,4,0,,player.fcgi?id=chick-000cam
Carter Cross,21,2019,Nebraska,Big Ten,22,49,41,7,9,1,1,0,10,0,0,6,15,0.22,0.327,0.293,0.619,12,,1,0,1,0,,player.fcgi?id=cross-001car
Drew Gilin*,20,2019,Nebraska,Big Ten,8,10,10,0,1,0,0,0,0,0,1,0,9,0.1,0.1,0.1,0.2,1,,0,0,0,0,,player.fcgi?id=gilin-000dre
Colby Gomes,19,2019,Nebraska,Big Ten,47,172,148,19,31,8,0,1,18,0,2,16,54,0.21,0.296,0.284,0.58,42,,3,3,2,0,,player.fcgi?id=gomes-000col
Mojo Hagge*,21,2019,Nebraska,Big Ten,51,194,161,31,45,7,2,2,25,7,3,30,37,0.28,0.391,0.385,0.776,62,,0,2,1,0,,player.fcgi?id=hagge-000moj
Jaxon Hallmark,20,2019,Nebraska,Big Ten,50,172,145,27,34,6,1,3,24,5,4,21,46,0.235,0.341,0.352,0.693,51,,3,2,1,0,,player.fcgi?id=hallma000jax
Gunner Hellstrom,20,2019,Nebraska,Big Ten,38,138,121,15,35,3,0,0,18,0,0,11,25,0.289,0.353,0.314,0.667,38,,2,2,2,0,,player.fcgi?id=hellst000gun
Alex Henwood*,22,2019,Nebraska,Big Ten,39,122,90,20,25,4,0,2,11,5,3,20,21,0.278,0.427,0.389,0.816,35,,5,5,2,1,,player.fcgi?id=henwoo000ale
Ben Klenke,--,2019,Nebraska,Big Ten,12,2,0,0,0,0,0,0,0,0,0,1,0,,1,,,0,,1,0,0,0,,player.fcgi?id=klenke000ben
Aaron Palensky,20,2019,Nebraska,Big Ten,56,264,222,43,71,11,2,7,35,6,0,30,46,0.32,0.421,0.482,0.903,107,,10,0,2,2,,player.fcgi?id=palens000aar
Blake Peterson?,--,2019,Nebraska,Big Ten,4,10,9,2,2,1,0,0,0,0,0,0,2,0.222,0.3,0.333,0.633,3,,1,0,0,0,,player.fcgi?id=peters004bla
Ty Roseberry,21,2019,Nebraska,Big Ten,14,24,20,4,5,0,0,1,1,0,0,2,8,0.25,0.375,0.4,0.775,8,,2,0,0,0,,player.fcgi?id=rosebe000ty-
Luke Roskam*,21,2019,Nebraska,Big Ten,46,181,149,20,33,8,0,3,27,0,0,23,38,0.222,0.354,0.336,0.689,50,,8,0,1,1,,player.fcgi?id=roskam000luk
Spencer Schwellenbach,19,2019,Nebraska,Big Ten,44,200,160,26,44,5,0,5,22,6,2,29,44,0.275,0.415,0.4,0.815,64,,10,0,1,0,,player.fcgi?id=schwel000spe
Kennet Sorenson*,--,2019,Nebraska,Big Ten,2,2,2,0,0,0,0,0,0,0,0,0,1,0,0,0,0,0,,0,0,0,0,,player.fcgi?id=sorens001ken
Keegan Watson,20,2019,Nebraska,Big Ten,24,77,61,11,10,1,0,3,12,0,0,12,30,0.164,0.325,0.328,0.653,20,,3,0,1,0,,player.fcgi?id=watson000kee
Joe Acker,22,2020,Nebraska,Big Ten,15,59,49,12,15,3,0,2,8,0,1,4,12,0.306,0.364,0.49,0.853,24,,1,4,1,0,,player.fcgi?id=acker-000joe
Mike Addante*,21,2020,Nebraska,Big Ten,4,5,5,0,1,0,0,0,0,0,0,0,3,0.2,0.2,0.2,0.4,1,,0,0,0,0,,player.fcgi?id=addant000mik
Leighton Banjoff,19,2020,Nebraska,Big Ten,15,60,44,12,15,4,0,3,13,3,1,13,16,0.341,0.517,0.636,1.153,28,,3,0,0,0,,player.fcgi?id=banjof001lei
Luke Boynton,20,2020,Nebraska,Big Ten,9,27,26,2,11,1,0,0,4,1,0,1,7,0.423,0.444,0.462,0.906,12,,0,0,0,0,,player.fcgi?id=boynto000luk
Cam Chick#,20,2020,Nebraska,Big Ten,15,72,64,13,19,2,1,4,14,2,1,4,8,0.297,0.347,0.547,0.894,35,,2,0,2,0,,player.fcgi?id=chick-000cam
Carter Cross,22,2020,Nebraska,Big Ten,2,1,1,0,0,0,0,0,0,0,0,0,0,0,0,0,0,0,,0,0,0,0,,player.fcgi?id=cross-001car
Aaron Dolney*,19,2020,Nebraska,Big Ten,2,2,1,1,0,0,0,0,0,0,0,1,0,0,0.5,0,0.5,0,,0,0,0,0,,player.fcgi?id=dolney000aar
Drew Gilin*,21,2020,Nebraska,Big Ten,5,11,10,1,2,0,0,0,2,0,0,0,3,0.2,0.273,0.2,0.473,2,,1,0,0,0,,player.fcgi?id=gilin-000dre
Mojo Hagge*,22,2020,Nebraska,Big Ten,14,49,42,3,7,0,0,0,3,0,1,4,6,0.167,0.255,0.167,0.422,7,,1,2,0,0,,player.fcgi?id=hagge-000moj
Jaxon Hallmark,21,2020,Nebraska,Big Ten,10,41,38,11,14,1,1,1,9,1,1,2,7,0.368,0.4,0.526,0.926,20,,0,1,0,0,,player.fcgi?id=hallma000jax
Gunner Hellstrom,21,2020,Nebraska,Big Ten,6,24,23,1,4,0,0,0,3,0,0,1,4,0.174,0.208,0.174,0.382,4,,0,0,0,0,,player.fcgi?id=hellst000gun
Drew Mackie*,19,2020,Nebraska,Big Ten,3,5,4,1,0,0,0,0,0,0,1,0,1,0,0.2,0,0.2,0,,1,0,0,0,,player.fcgi?id=mackie000dre
Aaron Palensky,21,2020,Nebraska,Big Ten,15,70,53,15,16,5,0,4,19,1,0,15,9,0.302,0.457,0.623,1.08,33,,1,0,1,1,,player.fcgi?id=palens000aar
Ty Roseberry,22,2020,Nebraska,Big Ten,12,44,38,5,8,0,0,1,3,0,0,4,14,0.211,0.318,0.29,0.608,11,,2,0,0,0,,player.fcgi?id=rosebe000ty-
Luke Roskam*,22,2020,Nebraska,Big Ten,15,64,53,12,14,4,0,1,13,0,0,9,12,0.264,0.375,0.396,0.771,21,,1,0,1,0,,player.fcgi?id=roskam000luk
Spencer Schwellenbach,20,2020,Nebraska,Big Ten,15,70,61,13,18,2,0,1,5,1,2,7,8,0.295,0.386,0.377,0.763,23,,2,0,0,0,,player.fcgi?id=schwel000spe
Joe Acker,23,2021,Nebraska,Big Ten,48,226,191,49,54,15,1,6,26,7,0,25,48,0.283,0.383,0.466,0.849,89,,6,4,0,0,,player.fcgi?id=acker-000joe
Max Anderson,19,2021,Nebraska,Big Ten,45,202,184,35,61,8,1,7,32,3,1,16,26,0.332,0.386,0.5,0.886,92,,1,0,1,0,,player.fcgi?id=anders000max
Leighton Banjoff,20,2021,Nebraska,Big Ten,22,70,55,12,14,2,0,1,7,0,1,10,21,0.255,0.391,0.346,0.737,19,,3,1,1,0,,player.fcgi?id=banjof001lei
Efry Cervantes,21,2021,Nebraska,Big Ten,36,65,49,7,4,0,0,0,4,1,1,8,12,0.082,0.25,0.082,0.332,4,,3,5,0,0,,player.fcgi?id=cervan000efr
Cam Chick#,21,2021,Nebraska,Big Ten,44,191,154,29,40,8,0,8,39,8,2,25,52,0.26,0.387,0.468,0.855,72,,9,0,3,0,,player.fcgi?id=chick-000cam
Griffin Everitt,21,2021,Nebraska,Big Ten,37,143,122,17,35,6,0,3,21,3,2,12,38,0.287,0.37,0.41,0.779,50,,4,5,0,0,,player.fcgi?id=everit000gri
Logan Foster,23,2021,Nebraska,Big Ten,26,78,61,7,13,2,0,1,10,3,0,13,23,0.213,0.351,0.295,0.646,18,,1,1,2,0,,player.fcgi?id=foster000log
Mojo Hagge*,23,2021,Nebraska,Big Ten,42,86,76,11,17,0,1,0,7,6,1,5,7,0.224,0.289,0.25,0.539,19,,2,3,0,0,,player.fcgi?id=hagge-000moj
Jaxon Hallmark,22,2021,Nebraska,Big Ten,48,227,196,48,67,4,3,10,23,16,3,21,55,0.342,0.407,0.546,0.953,107,,2,6,2,0,,player.fcgi?id=hallma000jax
Gunner Hellstrom,22,2021,Nebraska,Big Ten,12,24,19,2,3,1,0,0,3,0,0,1,2,0.158,0.227,0.211,0.438,4,,1,2,1,0,,player.fcgi?id=hellst000gun
Brice Matthews,19,2021,Nebraska,Big Ten,39,156,132,28,36,8,1,5,34,7,3,23,44,0.273,0.381,0.462,0.843,61,,0,1,0,0,,player.fcgi?id=matthe000bri
Luke Roskam*,23,2021,Nebraska,Big Ten,45,190,150,36,46,6,0,9,38,0,0,32,32,0.307,0.439,0.527,0.965,79,,4,3,1,0,,player.fcgi?id=roskam000luk
Luke Sartori,20,2021,Nebraska,Big Ten,5,1,1,1,1,0,0,0,1,0,1,0,0,1,1,1,2,1,,0,0,0,0,,player.fcgi?id=sartor000luk
Spencer Schwellenbach,21,2021,Nebraska,Big Ten,48,223,183,43,52,12,1,6,40,9,0,30,44,0.284,0.403,0.459,0.862,84,,7,2,1,1,,player.fcgi?id=schwel000spe
Jack Steil,19,2021,Nebraska,Big Ten,28,72,64,10,13,3,1,3,11,2,0,2,25,0.203,0.282,0.422,0.704,27,,5,1,0,0,,player.fcgi?id=steil-000jac
Max Anderson,20,2022,Nebraska,Big Ten,53,241,224,47,66,12,3,10,44,6,1,14,26,0.295,0.344,0.509,0.853,114,6,3,0,0,1,,player.fcgi?id=anders000max
Garrett Anglim,20,2022,Nebraska,Big Ten,49,204,178,28,54,11,4,4,28,6,3,16,40,0.303,0.387,0.478,0.865,85,5,9,0,1,0,,player.fcgi?id=anglim000gar
Leighton Banjoff,21,2022,Nebraska,Big Ten,47,173,133,18,31,4,0,2,17,4,1,33,41,0.233,0.401,0.308,0.71,41,1,5,1,1,0,,player.fcgi?id=banjof001lei
Josh Caron,18,2022,Nebraska,Big Ten,26,95,78,10,14,3,0,0,7,1,0,11,19,0.18,0.316,0.218,0.534,17,3,5,0,1,0,,player.fcgi?id=caron-000jos
Efry Cervantes,22,2022,Nebraska,Big Ten,40,143,107,12,20,4,0,1,10,0,1,13,20,0.187,0.333,0.252,0.586,27,0,11,11,1,0,,player.fcgi?id=cervan000efr
Cam Chick#,22,2022,Nebraska,Big Ten,50,226,171,41,43,7,2,8,26,8,5,37,67,0.252,0.425,0.456,0.881,78,1,16,0,2,1,,player.fcgi?id=chick-000cam
Griffin Everitt,22,2022,Nebraska,Big Ten,53,237,203,38,59,12,1,8,41,2,4,25,45,0.291,0.384,0.478,0.862,97,6,7,0,2,1,,player.fcgi?id=everit000gri
Colby Gomes,22,2022,Nebraska,Big Ten,29,96,84,17,28,6,0,7,20,1,0,4,28,0.333,0.396,0.655,1.051,55,1,6,0,2,0,,player.fcgi?id=gomes-000col
Core Jackson*,18,2022,Nebraska,Big Ten,44,152,124,18,26,6,2,1,21,6,2,13,27,0.21,0.322,0.315,0.636,39,1,8,6,1,0,,player.fcgi?id=jackso001cor
Luke Jessen*,19,2022,Nebraska,Big Ten,26,83,74,11,19,1,1,0,5,1,2,6,27,0.257,0.329,0.297,0.627,22,1,2,1,0,0,,player.fcgi?id=jessen000luk
Brice Matthews,20,2022,Nebraska,Big Ten,45,194,157,31,41,8,0,7,29,12,1,25,56,0.261,0.379,0.446,0.825,70,1,6,4,2,0,,player.fcgi?id=matthe000bri
Tyler Palmer,20,2022,Nebraska,Big Ten,17,4,3,1,0,0,0,0,0,2,2,1,2,0,0.25,0,0.25,0,0,0,0,0,0,,player.fcgi?id=palmer003tyl
Luke Sartori,21,2022,Nebraska,Big Ten,41,87,73,19,14,1,0,1,9,5,0,9,21,0.192,0.306,0.247,0.553,18,0,3,2,0,0,,player.fcgi?id=sartor000luk
Jack Steil,20,2022,Nebraska,Big Ten,33,82,68,10,12,2,0,1,7,2,1,10,25,0.177,0.284,0.25,0.534,17,0,1,1,2,0,,player.fcgi?id=steil-000jac
Gabe Swansen,19,2022,Nebraska,Big Ten,20,45,39,6,6,1,0,1,6,0,0,5,9,0.154,0.267,0.256,0.523,10,2,1,0,0,0,,player.fcgi?id=swanse000gab
Will Walsh,21,2022,Nebraska,Big Ten,3,2,2,0,0,0,0,0,0,0,0,0,2,0,0,0,0,0,0,0,0,0,0,,player.fcgi?id=walsh-013wil
Drew Wessel,20,2022,Nebraska,Big Ten,1,1,1,1,0,0,0,0,0,0,0,0,0,0,0,0,0,0,0,0,0,0,0,,player.fcgi?id=wessel000dre
Nick Wimmers#,23,2022,Nebraska,Big Ten,15,36,27,2,7,1,0,0,3,0,0,2,9,0.259,0.394,0.296,0.69,8,1,4,3,0,0,,player.fcgi?id=wimmer000nic
Max Anderson,21,2023,Nebraska,Big Ten,57,269,244,51,101,20,2,21,70,0,0,20,29,0.414,0.461,0.771,1.232,188,5,3,0,2,8,,player.fcgi?id=anders000max
Garrett Anglim,21,2023,Nebraska,Big Ten,33,124,101,24,25,3,1,5,13,4,1,10,40,0.248,0.374,0.446,0.82,45,1,11,1,1,1,,player.fcgi?id=anglim000gar
Casey Burnham*,24,2023,Nebraska,Big Ten,52,218,165,46,45,10,3,2,24,9,0,21,46,0.273,0.418,0.406,0.824,67,1,21,10,1,0,,player.fcgi?id=burnha000cas
Dylan Carey,19,2023,Nebraska,Big Ten,53,240,207,33,57,9,2,4,30,4,1,16,49,0.275,0.348,0.396,0.744,82,2,8,7,2,0,,player.fcgi?id=carey-000dyl
Josh Caron,19,2023,Nebraska,Big Ten,48,216,180,33,46,11,0,7,29,1,0,19,31,0.256,0.366,0.433,0.799,78,4,14,0,3,1,,player.fcgi?id=caron-000jos
Efry Cervantes,23,2023,Nebraska,Big Ten,32,80,73,16,20,3,0,3,12,0,0,4,8,0.274,0.317,0.438,0.755,32,1,1,1,1,0,,player.fcgi?id=cervan000efr
Ben Columbus*,21,2023,Nebraska,Big Ten,47,176,141,24,37,8,0,0,19,2,0,25,40,0.262,0.382,0.319,0.701,45,1,4,3,3,0,,player.fcgi?id=columb000ben
Cole Evans,22,2023,Nebraska,Big Ten,47,173,141,34,43,9,0,4,27,9,3,22,40,0.305,0.415,0.454,0.869,64,3,6,2,2,0,,player.fcgi?id=evans-002col
Griffin Everitt,23,2023,Nebraska,Big Ten,36,99,86,15,20,2,1,4,16,2,1,12,26,0.233,0.333,0.419,0.752,36,4,1,0,0,0,,player.fcgi?id=everit000gri
Charlie Fischer?,--,2023,Nebraska,Big Ten,51,176,146,30,43,5,2,7,36,1,0,20,49,0.295,0.403,0.5,0.903,73,1,8,0,2,0,,player.fcgi?id=fische002cha
Luke Jessen*,20,2023,Nebraska,Big Ten,8,8,7,0,0,0,0,0,0,0,0,1,2,0,0.125,0,0.125,0,0,0,0,0,0,,player.fcgi?id=jessen000luk
Brice Matthews,21,2023,Nebraska,Big Ten,54,265,206,61,74,11,2,20,67,20,7,47,53,0.359,0.481,0.723,1.204,149,0,6,1,5,2,,player.fcgi?id=matthe000bri
Blake Mozley*,23,2023,Nebraska,Big Ten,13,24,20,2,4,1,0,0,0,0,0,3,6,0.2,0.304,0.25,0.554,5,0,0,1,0,0,,player.fcgi?id=mozley000bla
Luke Sartori,22,2023,Nebraska,Big Ten,37,29,22,11,3,1,0,0,1,3,0,4,8,0.136,0.345,0.182,0.527,4,0,3,0,0,0,,player.fcgi?id=sartor000luk
Gabe Swansen,20,2023,Nebraska,Big Ten,52,222,179,45,52,11,0,18,57,3,2,24,43,0.291,0.41,0.654,1.064,117,3,15,0,4,0,,player.fcgi?id=swanse000gab
Will Walsh,22,2023,Nebraska,Big Ten,32,39,34,5,6,1,0,2,4,0,0,3,12,0.177,0.282,0.382,0.665,13,0,2,0,0,0,,player.fcgi?id=walsh-013wil
Daniel Young*,--,2023,Nebraska,Big Ten,6,5,5,0,0,0,0,0,0,0,0,0,4,0,0,0,0,0,0,0,0,0,0,,player.fcgi?id=young-005dan
Garrett Anglim,22,2024,Nebraska,Big Ten,50,139,112,21,29,8,0,2,23,6,5,13,28,0.259,0.361,0.384,0.745,43,4,6,6,2,0,,player.fcgi?id=anglim000gar
Clay Bradford*,23,2024,Nebraska,Big Ten,30,53,42,12,10,5,0,3,7,2,0,10,18,0.238,0.396,0.571,0.968,24,1,1,0,0,0,,player.fcgi?id=bradfo003cla
Cayden Brumbaugh,21,2024,Nebraska,Big Ten,40,166,137,33,42,11,3,0,19,13,3,22,36,0.307,0.395,0.431,0.826,59,2,0,4,3,0,,player.fcgi?id=brumba000cay
Max Buettenback*,19,2024,Nebraska,Big Ten,6,7,6,1,1,0,0,1,1,0,0,1,4,0.167,0.286,0.667,0.952,4,0,0,0,0,0,,player.fcgi?id=buette000max
Dylan Carey,20,2024,Nebraska,Big Ten,61,264,235,30,60,18,0,7,31,3,3,17,63,0.255,0.326,0.421,0.747,99,4,8,3,1,0,,player.fcgi?id=carey-000dyl
Josh Caron,20,2024,Nebraska,Big Ten,60,273,240,46,74,15,1,16,65,3,1,25,51,0.308,0.388,0.579,0.968,139,7,7,0,1,2,,player.fcgi?id=caron-000jos
Ben Columbus*,22,2024,Nebraska,Big Ten,44,156,123,21,38,5,0,7,29,0,0,23,34,0.309,0.422,0.52,0.942,64,1,4,2,4,1,,player.fcgi?id=columb000ben
Cole Evans,23,2024,Nebraska,Big Ten,58,229,183,40,46,11,0,5,41,8,4,27,38,0.251,0.373,0.393,0.766,72,4,12,1,6,0,,player.fcgi?id=evans-002col
Dylan Hufft,22,2024,Nebraska,Big Ten,21,26,18,4,5,0,0,0,1,1,0,6,7,0.278,0.48,0.278,0.758,5,0,1,1,0,0,,player.fcgi?id=hufft-000dyl
Bryce Hughes,23,2024,Nebraska,Big Ten,12,2,2,3,0,0,0,0,1,2,0,0,0,0,0,0,0,0,0,0,0,0,0,,player.fcgi?id=hughes001bry
Will Jesske,19,2024,Nebraska,Big Ten,19,28,25,6,7,1,0,0,4,0,0,3,3,0.28,0.357,0.32,0.677,8,0,0,0,0,0,,player.fcgi?id=jesske000wil
Hayden Lewis*,21,2024,Nebraska,Big Ten,2,1,1,0,0,0,0,0,0,0,0,0,0,0,0,0,0,0,0,0,0,0,0,,player.fcgi?id=lewis-001hay
Josh Overbeek#,21,2024,Nebraska,Big Ten,51,222,185,41,51,9,1,6,29,16,3,29,53,0.276,0.394,0.432,0.826,80,1,7,1,0,0,,player.fcgi?id=overbe000jos
Case Sanderson*,20,2024,Nebraska,Big Ten,54,194,151,27,51,6,1,3,26,0,3,31,42,0.338,0.469,0.45,0.919,68,3,9,0,3,1,,player.fcgi?id=sander000cas
Riley Silva*,22,2024,Nebraska,Big Ten,61,269,199,51,51,5,2,0,20,32,3,25,35,0.256,0.406,0.302,0.708,60,2,26,18,1,0,,player.fcgi?id=silva-000ril
Rhett Stokes,21,2024,Nebraska,Big Ten,53,171,150,31,54,16,0,1,18,6,3,11,34,0.36,0.409,0.487,0.895,73,1,2,7,1,0,,player.fcgi?id=stokes000rhe
Tyler Stone*,22,2024,Nebraska,Big Ten,54,199,166,28,48,9,0,8,33,0,1,29,51,0.289,0.392,0.488,0.88,81,3,1,0,3,3,,player.fcgi?id=stone-003tyl
Gabe Swansen,21,2024,Nebraska,Big Ten,34,110,98,16,32,8,0,8,22,3,1,7,26,0.327,0.385,0.653,1.038,64,0,3,1,1,0,,player.fcgi?id=swanse000gab
Will Walsh,23,2024,Nebraska,Big Ten,28,39,34,8,8,1,0,5,14,0,0,3,11,0.235,0.333,0.706,1.039,24,1,2,0,0,0,,player.fcgi?id=walsh-013wil
Robby Bolin*,20,2025,Nebraska,Big Ten,51,154,126,26,35,6,0,0,16,2,2,14,25,0.278,0.388,0.325,0.714,41,3,10,2,2,0,,player.fcgi?id=bolin-000rob
Cayden Brumbaugh,22,2025,Nebraska,Big Ten,61,287,246,51,76,18,1,5,33,12,6,28,38,0.309,0.388,0.451,0.839,111,2,7,1,5,0,,player.fcgi?id=brumba000cay
Max Buettenback*,20,2025,Nebraska,Big Ten,40,149,126,27,36,8,1,7,27,5,2,16,33,0.286,0.383,0.532,0.914,67,0,5,0,2,0,,player.fcgi?id=buette000max
Dylan Carey,21,2025,Nebraska,Big Ten,62,271,222,49,64,20,0,8,41,5,3,21,54,0.288,0.377,0.487,0.864,108,2,15,6,7,3,,player.fcgi?id=carey-000dyl
Jaron Cotton,21,2025,Nebraska,Big Ten,17,5,4,5,0,0,0,0,0,0,0,0,2,0,0.2,0,0.2,0,0,1,0,0,0,,player.fcgi?id=cotton000jar
Colin Cymbalista,21,2025,Nebraska,Big Ten,15,16,12,1,2,0,0,0,0,0,0,3,5,0.167,0.375,0.167,0.542,2,0,1,0,0,0,,player.fcgi?id=cymbal000col
Cael Frost*,22,2025,Nebraska,Big Ten,42,131,108,21,24,4,0,7,25,3,2,18,41,0.222,0.359,0.454,0.813,49,0,5,0,0,0,,player.fcgi?id=frost-000cae
Hogan Helligso,22,2025,Nebraska,Big Ten,44,143,125,11,27,2,0,3,20,0,0,9,34,0.216,0.283,0.304,0.587,38,1,3,5,1,0,,player.fcgi?id=hellig000hog
Will Jesske,20,2025,Nebraska,Big Ten,43,126,111,22,32,6,1,3,15,5,2,9,12,0.288,0.349,0.441,0.791,49,2,3,0,3,0,,player.fcgi?id=jesske000wil
Hayden Lewis*,22,2025,Nebraska,Big Ten,8,9,8,0,2,1,0,0,3,0,0,0,4,0.25,0.333,0.375,0.708,3,0,1,0,0,0,,player.fcgi?id=lewis-001hay
Devin Nunez*,19,2025,Nebraska,Big Ten,41,143,127,21,42,6,0,5,22,4,2,15,36,0.331,0.406,0.496,0.902,63,0,1,0,0,0,,player.fcgi?id=nunez-000dev
Josh Overbeek#,22,2025,Nebraska,Big Ten,52,201,174,28,51,13,1,6,28,2,3,12,46,0.293,0.377,0.483,0.86,84,0,12,2,1,0,,player.fcgi?id=overbe000jos
Case Sanderson*,21,2025,Nebraska,Big Ten,56,238,199,34,61,9,2,3,31,1,2,24,37,0.307,0.416,0.417,0.833,83,4,14,0,1,0,,player.fcgi?id=sander000cas
Riley Silva*,23,2025,Nebraska,Big Ten,56,175,134,26,38,4,0,0,16,11,3,12,15,0.284,0.419,0.313,0.733,42,0,20,8,1,0,,player.fcgi?id=silva-000ril
Rhett Stokes,22,2025,Nebraska,Big Ten,44,85,79,8,17,1,0,0,7,3,1,3,26,0.215,0.262,0.228,0.49,18,2,2,1,0,0,,player.fcgi?id=stokes000rhe
Tyler Stone*,23,2025,Nebraska,Big Ten,44,171,149,23,35,11,0,8,30,0,0,16,34,0.235,0.328,0.47,0.797,70,3,5,0,1,0,,player.fcgi?id=stone-003tyl
Gabe Swansen,22,2025,Nebraska,Big Ten,52,186,161,26,39,12,1,7,44,2,0,14,42,0.242,0.317,0.46,0.777,74,2,6,0,5,0,,player.fcgi?id=swanse000gab
Jett Buck,23,2026,Nebraska,Big Ten,59,264,223,51,68,16,0,11,51,7,2,21,63,0.305,0.383,0.525,0.907,117,1,12,0,8,1,,player.fcgi?id=buck--000jet
Max Buettenback*,21,2026,Nebraska,Big Ten,32,84,68,14,14,2,0,4,12,0,0,8,28,0.206,0.333,0.412,0.745,28,2,6,0,2,0,,player.fcgi?id=buette000max
Dylan Carey,22,2026,Nebraska,Big Ten,59,278,241,53,85,16,2,15,65,9,2,21,49,0.353,0.428,0.622,1.05,150,6,12,2,2,1,,player.fcgi?id=carey-000dyl
Trey Fikes,21,2026,Nebraska,Big Ten,27,68,58,14,19,6,0,1,10,0,0,4,14,0.328,0.409,0.483,0.892,28,0,4,2,0,0,,player.fcgi?id=fikes-000tre
Preston Freeman*,22,2026,Nebraska,Big Ten,19,31,29,5,5,1,0,1,5,1,0,2,9,0.172,0.226,0.31,0.536,9,0,0,0,0,0,,player.fcgi?id=freema002pre
Drew Grego,19,2026,Nebraska,Big Ten,53,207,175,33,57,13,1,7,44,5,3,16,49,0.326,0.418,0.531,0.949,93,4,13,1,2,0,,player.fcgi?id=grego-000dre
Will Jesske,21,2026,Nebraska,Big Ten,33,106,88,16,28,6,0,5,18,0,0,11,15,0.318,0.425,0.557,0.981,49,1,6,0,1,0,,player.fcgi?id=jesske000wil
Carter Kelley,21,2026,Nebraska,Big Ten,7,4,4,0,0,0,0,0,0,0,0,0,4,0,0,0,0,0,0,0,0,0,0,,player.fcgi?id=kelley005car
Cole Kitchens,22,2026,Nebraska,Big Ten,25,78,72,4,16,5,0,1,17,0,0,4,18,0.222,0.269,0.333,0.603,24,1,1,0,1,0,,player.fcgi?id=kitche001col
Miken Miller*,22,2026,Nebraska,Big Ten,15,52,48,7,12,0,1,0,5,0,0,1,9,0.25,0.255,0.292,0.547,14,1,0,1,2,0,,player.fcgi?id=miller017mik
Mac Moyer*,22,2026,Nebraska,Big Ten,60,292,241,65,85,13,2,4,38,8,4,40,35,0.353,0.457,0.473,0.93,114,2,8,1,2,1,,player.fcgi?id=moyer-000mcc
Nico Newhan,21,2026,Nebraska,Big Ten,8,15,14,2,2,1,0,1,2,0,0,0,5,0.143,0.2,0.429,0.629,6,0,1,0,0,0,,player.fcgi?id=newhan000nic
Devin Nunez*,20,2026,Nebraska,Big Ten,21,54,46,7,11,0,0,0,7,3,0,3,17,0.239,0.315,0.239,0.554,11,0,3,0,2,0,,player.fcgi?id=nunez-000dev
Josh Overbeek#,23,2026,Nebraska,Big Ten,56,249,201,42,55,11,2,4,33,7,2,25,43,0.274,0.399,0.408,0.807,82,2,19,1,3,0,,player.fcgi?id=overbe000jos
Case Sanderson*,22,2026,Nebraska,Big Ten,60,287,226,60,83,17,2,6,49,5,1,41,67,0.367,0.488,0.54,1.028,122,2,16,0,4,1,,player.fcgi?id=sander000cas
Rhett Stokes,23,2026,Nebraska,Big Ten,54,186,159,24,47,7,0,3,25,4,2,12,27,0.296,0.364,0.396,0.76,63,4,5,10,0,0,,player.fcgi?id=stokes000rhe
Reed Strohmeyer*,19,2026,Nebraska,Big Ten,13,4,3,2,0,0,0,0,0,0,0,0,1,0,0,0,0,0,0,0,1,0,0,,player.fcgi?id=strohm000ree
Jeter Worthley,19,2026,Nebraska,Big Ten,53,238,193,45,62,13,3,2,21,6,1,19,35,0.321,0.433,0.451,0.884,87,3,19,7,0,0,,player.fcgi?id=worthl000jet
Brant Cavagnaro?,--,2011,Northwestern,Big Ten,17,27,25,2,5,0,0,0,4,1,0,1,7,0.2,0.222,0.2,0.422,5,,0,0,1,,,player.fcgi?id=cavagn000bra
Colby Everett?,--,2011,Northwestern,Big Ten,36,80,69,7,13,2,0,0,5,0,1,6,18,0.188,0.269,0.217,0.487,15,,2,2,1,,,player.fcgi?id=everet000col
Jack Havey?,--,2011,Northwestern,Big Ten,42,120,108,13,29,9,0,4,30,0,0,6,23,0.269,0.314,0.463,0.777,50,,2,2,2,,,player.fcgi?id=havey-000jac
Chris Kontos?,--,2011,Northwestern,Big Ten,41,152,135,15,36,13,1,1,19,1,0,9,27,0.267,0.313,0.4,0.713,54,,1,5,2,,,player.fcgi?id=kontos000chr
Chris Lashmet,22,2011,Northwestern,Big Ten,49,216,190,36,67,15,1,3,29,5,1,16,22,0.353,0.409,0.49,0.899,93,,5,1,4,,,player.fcgi?id=lashme000chr
Nick Linne?,--,2011,Northwestern,Big Ten,39,111,94,15,25,3,2,0,8,1,0,11,33,0.266,0.343,0.34,0.683,32,,0,6,0,,,player.fcgi?id=linne-000nic
Jack Livingston*,19,2011,Northwestern,Big Ten,48,122,97,12,33,11,1,1,17,0,2,20,21,0.34,0.455,0.505,0.96,49,,2,1,2,,,player.fcgi?id=living002jac
Patrick Miller?,--,2011,Northwestern,Big Ten,38,90,80,13,20,2,1,1,5,1,0,7,22,0.25,0.31,0.338,0.648,27,,0,3,0,,,player.fcgi?id=miller003pat
Jack Quigley,19,2011,Northwestern,Big Ten,33,8,5,1,0,0,0,0,1,0,0,2,3,0,0.375,0,0.375,0,,1,0,0,,,player.fcgi?id=quigle000jac
Geoff Rowan,21,2011,Northwestern,Big Ten,44,171,150,13,34,4,1,0,13,0,1,6,23,0.227,0.289,0.267,0.556,40,,8,5,2,,,player.fcgi?id=rowan-000geo
Kyle Ruchim,18,2011,Northwestern,Big Ten,49,211,192,28,44,7,3,2,13,4,3,13,26,0.229,0.278,0.328,0.606,63,,0,6,0,,,player.fcgi?id=ruchim000kyl
Paul Snieder*,21,2011,Northwestern,Big Ten,48,209,176,33,61,13,0,6,42,1,2,26,36,0.347,0.432,0.523,0.955,92,,2,3,2,,,player.fcgi?id=sniede000pau
Cody Stevens,20,2011,Northwestern,Big Ten,26,37,35,2,6,0,0,0,3,1,3,2,5,0.171,0.216,0.171,0.388,6,,0,0,0,,,player.fcgi?id=steven000cod
Trevor Stevens#,22,2011,Northwestern,Big Ten,49,226,177,40,54,5,4,0,18,10,4,26,28,0.305,0.425,0.379,0.804,67,,14,5,4,,,player.fcgi?id=steven002tre
Jake Straub?,--,2011,Northwestern,Big Ten,21,54,51,3,11,2,0,0,7,0,0,2,4,0.216,0.245,0.255,0.5,13,,0,1,0,,,player.fcgi?id=straub000jak
Hamilton Wise?,--,2011,Northwestern,Big Ten,34,61,52,6,8,0,0,0,2,0,0,7,11,0.154,0.254,0.154,0.408,8,,0,2,0,,,player.fcgi?id=wise--000ham
Luke Dauch*,19,2012,Northwestern,Big Ten,34,80,72,6,14,4,1,0,10,4,0,5,21,0.194,0.263,0.278,0.54,20,,2,0,1,0,,player.fcgi?id=dauch-000luk
Colby Everett?,--,2012,Northwestern,Big Ten,49,162,148,10,30,6,0,0,20,1,2,7,24,0.203,0.256,0.243,0.5,36,,4,2,1,0,,player.fcgi?id=everet000col
Jack Havey?,--,2012,Northwestern,Big Ten,52,230,200,25,52,8,0,5,32,1,0,21,26,0.26,0.345,0.375,0.72,75,,6,1,2,6,,player.fcgi?id=havey-000jac
Reid Hunter?,--,2012,Northwestern,Big Ten,13,18,14,2,2,1,0,0,1,0,0,3,2,0.143,0.333,0.214,0.548,3,,1,0,0,0,,player.fcgi?id=hunter000rei
Chris Kontos?,--,2012,Northwestern,Big Ten,26,44,39,0,5,2,0,0,2,0,0,3,14,0.128,0.186,0.18,0.366,7,,0,1,1,0,,player.fcgi?id=kontos000chr
Cody Libman?,--,2012,Northwestern,Big Ten,4,5,5,0,1,0,0,0,0,0,0,0,1,0.2,0.2,0.2,0.4,1,,0,0,0,0,,player.fcgi?id=libman000cod
Nick Linne?,--,2012,Northwestern,Big Ten,49,184,165,21,46,6,1,0,9,2,2,12,47,0.279,0.332,0.327,0.659,54,,1,6,0,0,,player.fcgi?id=linne-000nic
Jack Livingston*,20,2012,Northwestern,Big Ten,33,73,60,9,14,4,0,0,5,0,0,12,21,0.233,0.37,0.3,0.67,18,,1,0,0,0,,player.fcgi?id=living002jac
Patrick Miller?,--,2012,Northwestern,Big Ten,28,34,22,2,1,0,0,0,2,0,0,7,7,0.046,0.276,0.046,0.321,1,,0,5,0,0,,player.fcgi?id=miller003pat
Zach Morton,21,2012,Northwestern,Big Ten,54,234,209,34,61,5,0,0,15,4,3,19,35,0.292,0.363,0.316,0.679,66,,5,0,1,0,,player.fcgi?id=morton000zac
Walker Moses,19,2012,Northwestern,Big Ten,38,121,111,11,28,4,0,1,11,2,2,4,27,0.252,0.288,0.315,0.603,35,,2,3,1,0,,player.fcgi?id=moses-002wal
Jack Quigley,20,2012,Northwestern,Big Ten,25,2,2,3,0,0,0,0,0,2,1,0,2,0,0,0,0,0,,0,0,0,0,,player.fcgi?id=quigle000jac
Geoff Rowan,22,2012,Northwestern,Big Ten,52,189,165,15,48,7,0,0,17,1,2,8,22,0.291,0.341,0.333,0.674,55,,5,10,1,0,,player.fcgi?id=rowan-000geo
Kyle Ruchim,19,2012,Northwestern,Big Ten,54,241,204,32,59,12,2,3,26,10,3,22,23,0.289,0.373,0.412,0.785,84,,6,8,1,0,,player.fcgi?id=ruchim000kyl
Paul Snieder*,22,2012,Northwestern,Big Ten,54,247,213,21,48,5,2,5,24,0,1,27,50,0.225,0.312,0.338,0.65,72,,2,0,5,1,,player.fcgi?id=sniede000pau
Cody Stevens,21,2012,Northwestern,Big Ten,36,40,35,6,8,0,0,0,5,1,0,3,6,0.229,0.308,0.229,0.536,8,,1,1,0,0,,player.fcgi?id=steven000cod
Jake Straub?,--,2012,Northwestern,Big Ten,16,25,21,3,6,0,0,0,2,0,0,2,5,0.286,0.4,0.286,0.686,6,,2,0,0,0,,player.fcgi?id=straub000jak
Mike Trucco?,--,2012,Northwestern,Big Ten,4,4,4,2,2,0,0,0,0,0,0,0,1,0.5,0.5,0.5,1,2,,0,0,0,0,,player.fcgi?id=trucco000mik
Hamilton Wise?,--,2012,Northwestern,Big Ten,48,139,129,12,33,1,0,0,10,2,1,8,21,0.256,0.299,0.264,0.563,34,,0,2,0,0,,player.fcgi?id=wise--000ham
Luke Dauch*,20,2013,Northwestern,Big Ten,27,90,82,11,23,3,0,1,7,4,0,6,19,0.281,0.33,0.354,0.683,29,,0,2,0,0,,player.fcgi?id=dauch-000luk
Colby Everett?,--,2013,Northwestern,Big Ten,32,113,102,13,26,7,0,0,11,1,0,2,13,0.255,0.315,0.324,0.639,33,,7,2,0,0,,player.fcgi?id=everet000col
Antonio Freschet?,--,2013,Northwestern,Big Ten,25,36,35,6,6,1,0,0,3,2,0,1,7,0.171,0.194,0.2,0.394,7,,0,0,0,0,,player.fcgi?id=fresch000ant
Jack Havey?,--,2013,Northwestern,Big Ten,43,196,166,19,51,9,0,2,28,2,2,19,28,0.307,0.385,0.398,0.783,66,,4,4,3,0,,player.fcgi?id=havey-000jac
Scott Heelan,20,2013,Northwestern,Big Ten,32,117,101,13,37,7,0,2,10,1,0,10,7,0.366,0.448,0.495,0.943,50,,5,1,0,0,,player.fcgi?id=heelan000sco
Reid Hunter?,--,2013,Northwestern,Big Ten,19,23,18,5,3,1,1,0,1,0,0,4,6,0.167,0.348,0.333,0.681,6,,1,0,0,0,,player.fcgi?id=hunter000rei
Zach Jones*,19,2013,Northwestern,Big Ten,39,117,110,18,33,6,0,0,14,0,0,6,18,0.3,0.333,0.355,0.688,39,,0,0,1,0,,player.fcgi?id=jones-003zac
Cody Libman?,--,2013,Northwestern,Big Ten,13,10,10,2,2,0,0,0,0,0,0,0,5,0.2,0.2,0.2,0.4,2,,0,0,0,0,,player.fcgi?id=libman000cod
Nick Linne?,--,2013,Northwestern,Big Ten,32,98,81,8,11,4,0,0,8,1,0,11,22,0.136,0.255,0.185,0.441,15,,2,4,0,0,,player.fcgi?id=linne-000nic
Jack Livingston*,21,2013,Northwestern,Big Ten,25,35,31,2,9,4,0,0,5,1,0,4,7,0.29,0.371,0.419,0.791,13,,0,0,0,0,,player.fcgi?id=living002jac
Jack Mitchell?,--,2013,Northwestern,Big Ten,36,115,110,7,24,7,0,2,19,0,0,2,25,0.218,0.252,0.336,0.589,37,,3,0,0,0,,player.fcgi?id=mitche004jac
Zach Morton,22,2013,Northwestern,Big Ten,47,207,183,22,53,10,0,1,31,3,0,10,17,0.29,0.328,0.361,0.689,66,,3,6,5,1,,player.fcgi?id=morton000zac
Walker Moses,20,2013,Northwestern,Big Ten,45,170,141,14,36,3,0,0,16,2,1,11,35,0.255,0.327,0.277,0.604,39,,5,11,2,0,,player.fcgi?id=moses-002wal
Josh Perlmutter?,--,2013,Northwestern,Big Ten,23,52,50,5,12,2,2,0,3,0,0,2,20,0.24,0.269,0.36,0.629,18,,0,0,0,0,,player.fcgi?id=perlmu000jos
Jack Quigley,21,2013,Northwestern,Big Ten,25,24,23,0,3,0,0,0,0,2,1,1,5,0.13,0.167,0.13,0.297,3,,0,0,0,0,,player.fcgi?id=quigle000jac
Kyle Ruchim,20,2013,Northwestern,Big Ten,43,197,167,32,61,16,3,2,26,10,4,23,24,0.365,0.441,0.533,0.974,89,,2,2,3,2,,player.fcgi?id=ruchim000kyl
Jake Schieber,19,2013,Northwestern,Big Ten,29,43,34,4,8,2,0,0,2,2,0,4,15,0.235,0.366,0.294,0.66,10,,3,2,0,0,,player.fcgi?id=schieb000jak
Trevor Stevens#,24,2013,Northwestern,Big Ten,48,239,202,40,54,9,1,1,14,19,4,24,36,0.267,0.355,0.337,0.691,68,,5,5,3,0,,player.fcgi?id=steven002tre
Jake Straub?,--,2013,Northwestern,Big Ten,31,92,71,11,22,1,0,0,9,2,0,11,13,0.31,0.443,0.324,0.767,23,,6,4,0,0,,player.fcgi?id=straub000jak
Mike Trucco?,--,2013,Northwestern,Big Ten,2,2,2,0,0,0,0,0,0,0,0,0,0,0,0,0,0,0,,0,0,0,0,,player.fcgi?id=trucco000mik
Luke Dauch*,21,2014,Northwestern,Big Ten,44,136,114,22,28,4,1,2,10,9,2,17,24,0.246,0.338,0.351,0.689,40,,0,3,2,0,,player.fcgi?id=dauch-000luk
Antonio Freschet?,--,2014,Northwestern,Big Ten,20,36,31,2,7,1,0,0,2,0,0,0,8,0.226,0.226,0.258,0.484,8,,0,5,0,0,,player.fcgi?id=fresch000ant
Scott Heelan,21,2014,Northwestern,Big Ten,48,216,189,26,60,13,1,1,33,1,2,17,16,0.318,0.393,0.413,0.805,78,,7,2,1,1,,player.fcgi?id=heelan000sco
Matt Hopfner,19,2014,Northwestern,Big Ten,50,221,197,30,66,6,1,0,25,1,1,17,29,0.335,0.385,0.376,0.761,74,,1,3,3,0,,player.fcgi?id=hopfne000mat
Joe Hoscheit,19,2014,Northwestern,Big Ten,51,197,178,20,46,10,1,4,23,1,0,10,19,0.258,0.327,0.393,0.72,70,,8,1,0,0,,player.fcgi?id=hosche000joe
Reid Hunter?,--,2014,Northwestern,Big Ten,40,93,80,13,24,5,1,0,8,0,0,5,12,0.3,0.36,0.388,0.747,31,,3,4,1,0,,player.fcgi?id=hunter000rei
Zach Jones*,20,2014,Northwestern,Big Ten,40,175,162,15,51,7,1,0,17,0,2,8,21,0.315,0.345,0.37,0.715,60,,1,1,3,1,,player.fcgi?id=jones-003zac
Cody Libman?,--,2014,Northwestern,Big Ten,8,9,8,0,0,0,0,0,1,0,0,0,3,0,0,0,0,0,,0,0,1,0,,player.fcgi?id=libman000cod
Nick Linne?,--,2014,Northwestern,Big Ten,50,159,130,14,28,2,0,0,10,4,1,15,32,0.215,0.311,0.231,0.542,30,,4,8,2,0,,player.fcgi?id=linne-000nic
Jack Livingston*,22,2014,Northwestern,Big Ten,29,88,77,7,24,10,0,1,17,1,0,10,20,0.312,0.398,0.481,0.878,37,,1,0,0,0,,player.fcgi?id=living002jac
Jack Mitchell?,--,2014,Northwestern,Big Ten,29,89,78,10,20,5,0,2,12,2,2,8,11,0.256,0.315,0.397,0.712,31,,0,0,3,0,,player.fcgi?id=mitche004jac
Walker Moses,21,2014,Northwestern,Big Ten,41,135,105,18,26,4,0,0,9,6,3,15,28,0.248,0.362,0.286,0.648,30,,5,8,2,1,,player.fcgi?id=moses-002wal
Josh Perlmutter?,--,2014,Northwestern,Big Ten,17,26,22,3,4,1,0,1,3,0,1,3,6,0.182,0.308,0.364,0.671,8,,1,0,0,0,,player.fcgi?id=perlmu000jos
Kyle Ruchim,21,2014,Northwestern,Big Ten,2,11,9,1,3,1,0,0,0,0,1,2,0,0.333,0.455,0.444,0.899,4,,0,0,0,0,,player.fcgi?id=ruchim000kyl
Jake Schieber,20,2014,Northwestern,Big Ten,37,97,88,11,21,5,1,0,8,3,1,3,31,0.239,0.292,0.318,0.61,28,,4,1,1,0,,player.fcgi?id=schieb000jak
Cody Stevens,23,2014,Northwestern,Big Ten,48,191,169,18,47,2,0,0,11,8,4,14,24,0.278,0.337,0.29,0.627,49,,1,7,0,0,,player.fcgi?id=steven000cod
Jake Straub?,--,2014,Northwestern,Big Ten,40,128,110,15,29,3,0,0,17,0,3,6,15,0.264,0.32,0.291,0.611,32,,4,6,2,0,,player.fcgi?id=straub000jak
Mike Trucco?,--,2014,Northwestern,Big Ten,15,16,13,2,4,1,0,0,0,0,0,1,1,0.308,0.4,0.385,0.785,5,,1,1,0,0,,player.fcgi?id=trucco000mik
RJ Watters?,--,2014,Northwestern,Big Ten,25,20,19,5,3,0,0,1,2,0,0,0,11,0.158,0.158,0.316,0.474,6,,0,1,0,0,,player.fcgi?id=watter000rj-
Tommy Bordignon,19,2015,Northwestern,Big Ten,19,1,1,0,0,0,0,0,0,0,0,0,1,0,0,0,0,0,,0,0,0,0,,player.fcgi?id=bordig000tom
Jack Claeys?,--,2015,Northwestern,Big Ten,13,17,16,0,3,1,0,0,3,0,0,0,5,0.188,0.177,0.25,0.427,4,,0,0,1,0,,player.fcgi?id=claeys000jac
Luke Dauch*,22,2015,Northwestern,Big Ten,32,55,48,6,10,1,0,1,3,2,0,5,16,0.208,0.296,0.292,0.588,14,,1,1,0,0,,player.fcgi?id=dauch-000luk
Antonio Freschet?,--,2015,Northwestern,Big Ten,43,109,92,9,21,1,0,0,4,0,2,10,14,0.228,0.304,0.239,0.543,22,,0,7,0,0,,player.fcgi?id=fresch000ant
Scott Heelan,22,2015,Northwestern,Big Ten,51,228,208,28,69,17,0,1,19,1,0,17,11,0.332,0.386,0.428,0.814,89,,2,0,1,1,,player.fcgi?id=heelan000sco
Matt Hopfner,20,2015,Northwestern,Big Ten,44,158,145,14,35,5,1,1,17,4,2,7,41,0.241,0.295,0.31,0.605,45,,4,2,0,0,,player.fcgi?id=hopfne000mat
Joe Hoscheit,20,2015,Northwestern,Big Ten,54,227,206,23,59,14,2,3,28,0,2,11,36,0.286,0.345,0.418,0.763,86,,8,1,1,0,,player.fcgi?id=hosche000joe
Reid Hunter?,--,2015,Northwestern,Big Ten,44,139,132,16,32,4,0,0,13,2,0,5,32,0.242,0.281,0.273,0.553,36,,2,0,0,0,,player.fcgi?id=hunter000rei
Zach Jones*,21,2015,Northwestern,Big Ten,52,239,218,24,70,20,1,1,32,0,0,17,30,0.321,0.374,0.436,0.81,95,,2,1,1,0,,player.fcgi?id=jones-003zac
Cody Libman?,--,2015,Northwestern,Big Ten,10,13,13,1,2,0,0,0,0,0,0,0,4,0.154,0.154,0.154,0.308,2,,0,0,0,0,,player.fcgi?id=libman000cod
Connor Lind,19,2015,Northwestern,Big Ten,48,160,139,13,33,4,0,0,14,0,0,10,34,0.237,0.319,0.266,0.585,37,,7,3,1,0,,player.fcgi?id=lind--002con
Jack Mitchell?,--,2015,Northwestern,Big Ten,37,115,99,9,22,5,0,2,7,0,0,14,23,0.222,0.322,0.333,0.655,33,,1,0,1,0,,player.fcgi?id=mitche004jac
Walker Moses,22,2015,Northwestern,Big Ten,16,27,26,2,6,2,0,0,2,0,0,0,12,0.231,0.222,0.308,0.53,8,,0,0,1,0,,player.fcgi?id=moses-002wal
Grant Peikert?,--,2015,Northwestern,Big Ten,39,133,122,20,30,3,0,1,13,2,2,6,24,0.246,0.285,0.295,0.58,36,,1,3,1,0,,player.fcgi?id=peiker000gra
JR Reimer,19,2015,Northwestern,Big Ten,37,80,73,10,17,3,0,1,7,1,1,5,13,0.233,0.291,0.315,0.606,23,,1,1,0,0,,player.fcgi?id=reimer000jr-
Kyle Ruchim,22,2015,Northwestern,Big Ten,36,178,159,29,57,16,1,6,23,1,4,16,14,0.359,0.416,0.585,1.001,93,,1,0,2,0,,player.fcgi?id=ruchim000kyl
Jake Schieber,21,2015,Northwestern,Big Ten,12,19,17,0,1,1,0,0,0,1,0,1,8,0.059,0.158,0.118,0.276,2,,1,0,0,0,,player.fcgi?id=schieb000jak
Cody Stevens,24,2015,Northwestern,Big Ten,51,182,163,18,41,8,0,1,5,2,2,9,27,0.252,0.307,0.319,0.626,52,,4,6,0,0,,player.fcgi?id=steven000cod
Mike Trucco?,--,2015,Northwestern,Big Ten,13,23,21,1,7,0,0,1,4,0,0,1,8,0.333,0.391,0.476,0.868,10,,1,0,0,0,,player.fcgi?id=trucco000mik
RJ Watters?,--,2015,Northwestern,Big Ten,27,50,47,6,16,1,0,0,6,4,2,0,9,0.34,0.354,0.362,0.716,17,,1,2,0,0,,player.fcgi?id=watter000rj-
Willie Bourbon*,--,2016,Northwestern,Big Ten,53,216,185,22,47,7,2,2,28,1,1,26,70,0.254,0.354,0.346,0.699,64,,3,1,1,0,,player.fcgi?id=bourbo000wil
Jack Claeys?,--,2016,Northwestern,Big Ten,46,158,137,18,34,6,0,1,24,1,0,11,33,0.248,0.321,0.314,0.634,43,,5,2,3,0,,player.fcgi?id=claeys000jac
Ben Dickey,19,2016,Northwestern,Big Ten,47,155,136,14,33,1,1,0,17,6,3,9,22,0.243,0.318,0.265,0.583,36,,6,4,0,0,,player.fcgi?id=dickey000ben
Jack Dunn,19,2016,Northwestern,Big Ten,54,245,213,33,55,9,0,1,18,7,7,23,36,0.258,0.344,0.315,0.659,67,,5,4,0,0,,player.fcgi?id=dunn--004jac
Antonio Freschet?,--,2016,Northwestern,Big Ten,6,17,15,0,5,1,0,0,3,0,0,2,4,0.333,0.412,0.4,0.812,6,,0,0,0,0,,player.fcgi?id=fresch000ant
Jake Garbarino,19,2016,Northwestern,Big Ten,12,17,16,1,2,1,0,0,1,0,0,0,9,0.125,0.177,0.188,0.364,3,,1,0,0,0,,player.fcgi?id=garbar000jak
Matt Hopfner,21,2016,Northwestern,Big Ten,53,231,199,36,70,13,2,2,21,3,2,24,36,0.352,0.437,0.467,0.905,93,,7,0,1,0,,player.fcgi?id=hopfne000mat
Joe Hoscheit,21,2016,Northwestern,Big Ten,46,189,167,27,46,5,1,8,33,0,0,15,23,0.275,0.349,0.461,0.81,77,,5,0,2,0,,player.fcgi?id=hosche000joe
Mat Jones?,--,2016,Northwestern,Big Ten,29,67,62,7,14,2,0,2,8,0,0,5,20,0.226,0.284,0.355,0.638,22,,0,0,0,0,,player.fcgi?id=jones-015mat
Zach Jones*,22,2016,Northwestern,Big Ten,52,230,213,29,55,13,2,0,22,5,0,13,37,0.258,0.31,0.338,0.648,72,,3,1,0,0,,player.fcgi?id=jones-003zac
Dan Kubiuk,20,2016,Northwestern,Big Ten,19,0,0,1,0,0,0,0,0,0,0,0,0,,,,,0,,0,0,0,0,,player.fcgi?id=kubiuk000dan
Connor Lind,20,2016,Northwestern,Big Ten,54,233,201,25,58,5,0,0,26,1,1,22,39,0.289,0.368,0.313,0.681,63,,5,2,3,1,,player.fcgi?id=lind--002con
Reed Mason,22,2016,Northwestern,Big Ten,18,0,0,1,0,0,0,0,0,0,0,0,0,,,,,0,,0,0,0,0,,player.fcgi?id=mason-000ree
Grant Peikert?,--,2016,Northwestern,Big Ten,33,79,72,8,12,1,0,0,7,3,2,2,21,0.167,0.211,0.181,0.391,13,,2,3,0,0,,player.fcgi?id=peiker000gra
JR Reimer,20,2016,Northwestern,Big Ten,22,41,33,8,6,1,0,1,4,1,0,7,10,0.182,0.342,0.303,0.645,10,,1,0,0,0,,player.fcgi?id=reimer000jr-
Jake Schieber,22,2016,Northwestern,Big Ten,40,153,129,17,28,3,2,1,16,3,2,18,33,0.217,0.329,0.295,0.624,38,,4,1,1,0,,player.fcgi?id=schieb000jak
RJ Watters?,--,2016,Northwestern,Big Ten,33,62,55,5,9,1,0,0,2,1,0,1,21,0.164,0.22,0.182,0.402,10,,3,3,0,0,,player.fcgi?id=watter000rj-
Willie Bourbon*,--,2017,Northwestern,Big Ten,46,157,140,13,23,2,1,2,12,3,1,15,43,0.164,0.248,0.236,0.484,33,,1,0,1,0,,player.fcgi?id=bourbo000wil
Kyle Burnett,19,2017,Northwestern,Big Ten,12,16,15,0,4,1,0,0,1,0,1,1,7,0.267,0.313,0.333,0.646,5,,0,0,0,0,,player.fcgi?id=burnet000kyl
Jack Claeys?,--,2017,Northwestern,Big Ten,45,162,133,19,34,8,0,3,27,4,1,21,34,0.256,0.369,0.384,0.752,51,,4,2,2,0,,player.fcgi?id=claeys000jac
Josh Davis?,--,2017,Northwestern,Big Ten,14,0,0,1,0,0,0,0,0,0,0,0,0,,,,,0,,0,0,0,0,,player.fcgi?id=davis-014jos
Ben Dickey,20,2017,Northwestern,Big Ten,52,144,118,16,28,1,1,0,14,10,5,18,35,0.237,0.355,0.263,0.617,31,,4,3,1,0,,player.fcgi?id=dickey000ben
Jack Dunn,20,2017,Northwestern,Big Ten,57,254,212,31,49,7,0,0,20,11,6,24,34,0.231,0.333,0.264,0.598,56,,9,8,1,0,,player.fcgi?id=dunn--004jac
Alex Erro#,19,2017,Northwestern,Big Ten,57,253,233,36,64,11,0,5,25,7,1,15,18,0.275,0.324,0.386,0.71,90,,3,0,2,0,,player.fcgi?id=erro--000ale
Richard Fordon*,21,2017,Northwestern,Big Ten,19,1,1,0,0,0,0,0,0,0,0,0,1,0,0,0,0,0,,0,0,0,0,,player.fcgi?id=fordon000ric
Pete Hofman,22,2017,Northwestern,Big Ten,23,0,0,1,0,0,0,0,0,0,0,0,0,,,,,0,,0,0,0,0,,player.fcgi?id=hofman000pet
Matt Hopfner,22,2017,Northwestern,Big Ten,57,250,226,48,68,16,4,3,33,7,1,20,38,0.301,0.368,0.447,0.815,101,,4,0,0,0,,player.fcgi?id=hopfne000mat
Joe Hoscheit,22,2017,Northwestern,Big Ten,56,236,194,39,69,14,2,7,45,4,3,27,29,0.356,0.436,0.557,0.993,108,,7,0,8,2,,player.fcgi?id=hosche000joe
Mat Jones?,--,2017,Northwestern,Big Ten,8,13,10,1,2,0,0,0,1,0,0,0,2,0.2,0.308,0.2,0.508,2,,2,0,1,0,,player.fcgi?id=jones-015mat
Leo Kaplan,19,2017,Northwestern,Big Ten,37,112,108,16,31,8,1,4,17,6,1,2,32,0.287,0.313,0.491,0.803,53,,2,0,0,0,,player.fcgi?id=kaplan000leo
Connor Lind,21,2017,Northwestern,Big Ten,55,216,184,26,47,8,0,3,31,4,2,19,46,0.255,0.337,0.348,0.684,64,,5,5,3,0,,player.fcgi?id=lind--002con
Charlie Maxwell*,19,2017,Northwestern,Big Ten,38,102,90,15,18,3,0,0,2,8,3,10,29,0.2,0.287,0.233,0.52,21,,1,1,0,0,,player.fcgi?id=maxwel003cha
Nick Paciorek,19,2017,Northwestern,Big Ten,37,95,81,8,13,2,1,1,7,2,0,5,39,0.161,0.261,0.247,0.508,20,,6,3,0,0,,player.fcgi?id=pacior000nic
Grant Peikert?,--,2017,Northwestern,Big Ten,22,50,41,7,10,2,0,0,5,1,2,5,9,0.244,0.354,0.293,0.647,12,,2,2,0,0,,player.fcgi?id=peiker000gra
Jake Schieber,23,2017,Northwestern,Big Ten,38,124,95,17,23,4,2,0,13,5,1,10,36,0.242,0.375,0.326,0.701,31,,12,4,3,0,,player.fcgi?id=schieb000jak
Tommy Bordignon,22,2018,Northwestern,Big Ten,24,1,1,2,1,0,0,0,0,0,0,0,0,1,1,1,2,1,,0,0,0,0,,player.fcgi?id=bordig000tom
Willie Bourbon*,--,2018,Northwestern,Big Ten,49,219,178,31,49,8,3,6,34,3,2,31,46,0.275,0.384,0.455,0.839,81,,4,0,6,1,,player.fcgi?id=bourbo000wil
Kyle Burnett,20,2018,Northwestern,Big Ten,28,74,59,8,11,2,0,1,7,3,1,12,24,0.186,0.324,0.271,0.596,16,,1,0,2,0,,player.fcgi?id=burnet000kyl
Jack Claeys?,--,2018,Northwestern,Big Ten,48,197,170,28,52,10,1,8,39,8,2,18,40,0.306,0.386,0.518,0.903,88,,6,0,3,1,,player.fcgi?id=claeys000jac
Ben Dickey,21,2018,Northwestern,Big Ten,49,211,168,25,37,6,0,1,10,13,5,29,36,0.22,0.368,0.274,0.642,46,,11,2,1,2,,player.fcgi?id=dickey000ben
David Dunn,20,2018,Northwestern,Big Ten,10,39,34,7,11,1,3,0,5,2,1,3,5,0.324,0.41,0.529,0.94,18,,2,0,0,0,,player.fcgi?id=dunn--000dav
Jack Dunn,21,2018,Northwestern,Big Ten,49,228,194,42,60,8,1,1,22,21,3,17,30,0.309,0.395,0.376,0.771,73,,11,5,1,0,,player.fcgi?id=dunn--004jac
Alex Erro#,20,2018,Northwestern,Big Ten,49,227,196,30,58,10,0,3,29,17,1,23,21,0.296,0.376,0.393,0.769,77,,4,1,3,0,,player.fcgi?id=erro--000ale
Mat Jones?,--,2018,Northwestern,Big Ten,11,14,11,0,0,0,0,0,0,0,0,2,7,0,0.214,0,0.214,0,,1,0,0,0,,player.fcgi?id=jones-015mat
Leo Kaplan,20,2018,Northwestern,Big Ten,46,180,161,14,34,6,0,2,21,9,4,8,43,0.211,0.263,0.286,0.548,46,,5,1,5,0,,player.fcgi?id=kaplan000leo
Jack Kelly*,19,2018,Northwestern,Big Ten,24,70,61,9,8,1,0,2,8,1,2,9,20,0.131,0.243,0.246,0.489,15,,0,0,0,0,,player.fcgi?id=kelly-003jac
Quinn Lavelle?,--,2018,Northwestern,Big Ten,15,1,1,1,1,1,0,0,0,0,0,0,0,1,1,2,3,2,,0,0,0,0,,player.fcgi?id=lavell000qui
Connor Lind,22,2018,Northwestern,Big Ten,45,184,149,25,29,7,0,1,16,1,1,22,36,0.195,0.307,0.262,0.569,39,,4,5,4,0,,player.fcgi?id=lind--002con
Charlie Maxwell*,20,2018,Northwestern,Big Ten,43,164,140,12,33,8,3,2,18,9,5,18,35,0.236,0.34,0.379,0.718,53,,4,2,0,0,,player.fcgi?id=maxwel003cha
Casey O'Laughlin*,19,2018,Northwestern,Big Ten,43,121,112,13,26,3,1,1,13,3,2,5,30,0.232,0.281,0.304,0.585,34,,3,0,1,0,,player.fcgi?id=olaugh000cas
Nick Paciorek,20,2018,Northwestern,Big Ten,8,5,5,1,0,0,0,0,0,0,0,0,5,0,0,0,0,0,,0,0,0,0,,player.fcgi?id=pacior000nic
JR Reimer,22,2018,Northwestern,Big Ten,11,2,1,0,0,0,0,0,0,0,0,1,1,0,0.5,0,0.5,0,,0,0,0,0,,player.fcgi?id=reimer000jr-
Jack Anderson,19,2019,Northwestern,Big Ten,19,56,48,6,7,2,0,0,5,0,0,7,15,0.146,0.255,0.188,0.442,9,,0,1,0,0,,player.fcgi?id=anders014jac
Willie Bourbon*,--,2019,Northwestern,Big Ten,50,210,178,28,43,9,2,4,31,5,1,28,51,0.242,0.348,0.382,0.73,68,,2,0,2,0,,player.fcgi?id=bourbo000wil
Anthony Calarco*,19,2019,Northwestern,Big Ten,29,89,73,10,13,3,1,0,6,1,0,14,30,0.178,0.326,0.247,0.572,18,,2,0,0,0,,player.fcgi?id=calarc000ant
Ben Dickey,22,2019,Northwestern,Big Ten,43,148,125,18,32,5,0,2,15,13,3,20,27,0.256,0.361,0.344,0.705,43,,1,1,1,0,,player.fcgi?id=dickey000ben
David Dunn,21,2019,Northwestern,Big Ten,50,212,192,27,52,9,0,2,20,7,1,16,61,0.271,0.327,0.349,0.676,67,,1,1,2,0,,player.fcgi?id=dunn--000dav
Jack Dunn,22,2019,Northwestern,Big Ten,51,239,191,43,65,10,1,0,36,11,4,25,26,0.34,0.435,0.403,0.838,77,,10,9,4,0,,player.fcgi?id=dunn--004jac
Alex Erro#,21,2019,Northwestern,Big Ten,51,231,211,28,68,12,2,4,34,8,3,17,27,0.322,0.372,0.455,0.827,96,,1,0,2,1,,player.fcgi?id=erro--000ale
Shawn Goosenberg,19,2019,Northwestern,Big Ten,49,198,184,23,53,14,3,0,27,11,1,8,29,0.288,0.338,0.397,0.735,73,,6,0,0,0,,player.fcgi?id=goosen000sha
Leo Kaplan,21,2019,Northwestern,Big Ten,39,100,88,14,17,2,1,2,14,3,1,6,27,0.193,0.265,0.307,0.572,27,,3,2,1,0,,player.fcgi?id=kaplan000leo
Jack Kelly*,20,2019,Northwestern,Big Ten,32,84,71,12,21,4,1,1,11,0,0,10,16,0.296,0.378,0.423,0.801,30,,0,2,1,0,,player.fcgi?id=kelly-003jac
Charlie Maxwell*,21,2019,Northwestern,Big Ten,37,118,101,17,23,5,2,0,5,1,2,12,30,0.228,0.328,0.317,0.644,32,,3,2,0,0,,player.fcgi?id=maxwel003cha
Casey O'Laughlin*,20,2019,Northwestern,Big Ten,45,144,127,22,33,8,1,5,27,6,2,12,32,0.26,0.347,0.457,0.804,58,,5,0,0,0,,player.fcgi?id=olaugh000cas
Nick Paciorek,21,2019,Northwestern,Big Ten,21,0,0,1,0,0,0,0,0,0,0,0,0,,,,,0,,0,0,0,0,,player.fcgi?id=pacior000nic
Michael Trautwein*,19,2019,Northwestern,Big Ten,48,173,152,22,37,7,0,1,15,5,2,15,31,0.243,0.322,0.309,0.631,47,,3,2,1,0,,player.fcgi?id=trautw000mic
Jack Anderson,20,2020,Northwestern,Big Ten,11,37,33,4,7,0,0,0,3,1,1,4,14,0.212,0.297,0.212,0.509,7,,0,0,0,0,,player.fcgi?id=anders014jac
Charlie Bourbon,21,2020,Northwestern,Big Ten,3,6,4,0,1,0,0,0,1,0,0,1,1,0.25,0.5,0.25,0.75,1,,1,0,0,0,,player.fcgi?id=bourbo000cha
Kyle Burnett,22,2020,Northwestern,Big Ten,9,25,21,2,2,0,0,1,3,0,0,3,11,0.095,0.208,0.238,0.446,5,,0,1,0,0,,player.fcgi?id=burnet000kyl
Anthony Calarco*,20,2020,Northwestern,Big Ten,7,22,17,2,3,1,0,0,0,1,0,5,4,0.177,0.364,0.235,0.599,4,,0,0,0,0,,player.fcgi?id=calarc000ant
Nick Cauley,22,2020,Northwestern,Big Ten,3,0,0,1,0,0,0,0,0,0,0,0,0,,,,,0,,0,0,0,0,,player.fcgi?id=cauley000nic
David Dunn,22,2020,Northwestern,Big Ten,13,59,56,5,11,1,0,2,5,0,0,3,16,0.196,0.237,0.321,0.559,18,,0,0,0,0,,player.fcgi?id=dunn--000dav
Shawn Goosenberg,20,2020,Northwestern,Big Ten,10,32,27,6,12,4,0,1,7,1,2,2,4,0.444,0.5,0.704,1.204,19,,2,0,1,0,,player.fcgi?id=goosen000sha
Stephen Hrustich,18,2020,Northwestern,Big Ten,13,59,51,7,12,3,0,1,5,0,0,5,14,0.235,0.322,0.353,0.675,18,,2,0,1,0,,player.fcgi?id=hrusti000ste
Leo Kaplan,22,2020,Northwestern,Big Ten,11,40,37,5,12,1,0,0,2,2,0,2,6,0.324,0.375,0.351,0.726,13,,1,0,0,0,,player.fcgi?id=kaplan000leo
Charlie Maxwell*,22,2020,Northwestern,Big Ten,13,59,54,9,17,2,1,1,9,2,1,3,18,0.315,0.373,0.444,0.817,24,,2,0,0,0,,player.fcgi?id=maxwel003cha
Evan Minarovic,19,2020,Northwestern,Big Ten,12,48,41,5,11,0,1,0,6,3,0,4,13,0.268,0.362,0.317,0.679,13,,2,1,0,0,,player.fcgi?id=minaro000eva
Casey O'Laughlin*,21,2020,Northwestern,Big Ten,13,57,48,5,7,3,0,0,5,1,0,8,10,0.146,0.281,0.208,0.489,10,,1,0,0,0,,player.fcgi?id=olaugh000cas
Luke Tanner,20,2020,Northwestern,Big Ten,2,5,5,0,1,0,0,0,1,0,0,0,1,0.2,0.2,0.2,0.4,1,,0,0,0,0,,player.fcgi?id=tanner000luk
Michael Trautwein*,20,2020,Northwestern,Big Ten,13,58,50,6,8,2,0,2,6,1,0,8,13,0.16,0.276,0.32,0.596,16,,0,0,0,0,,player.fcgi?id=trautw000mic
Jay Beshears,19,2021,Northwestern,Big Ten,9,15,12,0,1,0,0,0,1,0,0,2,4,0.083,0.214,0.083,0.298,1,,0,1,0,0,,player.fcgi?id=beshea001jay
Vince Bianchina#,19,2021,Northwestern,Big Ten,33,134,122,13,33,9,0,5,18,2,3,5,21,0.271,0.323,0.467,0.791,57,,5,1,1,0,,player.fcgi?id=bianch003vin
Charlie Bourbon,22,2021,Northwestern,Big Ten,16,26,24,2,3,0,0,2,2,0,0,2,11,0.125,0.192,0.375,0.567,9,,0,0,0,0,,player.fcgi?id=bourbo000cha
Anthony Calarco*,21,2021,Northwestern,Big Ten,36,169,149,35,44,13,0,9,19,0,0,19,35,0.295,0.379,0.564,0.943,84,,1,0,0,0,,player.fcgi?id=calarc000ant
Tommy D'Alise?,--,2021,Northwestern,Big Ten,3,2,2,0,1,0,0,0,1,0,0,0,1,0.5,0.5,0.5,1,1,,0,0,0,0,,player.fcgi?id=dalise000tom
David Dunn,23,2021,Northwestern,Big Ten,33,135,116,14,33,7,0,3,14,1,2,15,39,0.285,0.385,0.422,0.808,49,,4,0,0,0,,player.fcgi?id=dunn--000dav
Shawn Goosenberg,21,2021,Northwestern,Big Ten,36,169,152,38,55,12,0,14,30,10,0,12,32,0.362,0.426,0.717,1.143,109,,5,0,0,0,,player.fcgi?id=goosen000sha
Stephen Hrustich,19,2021,Northwestern,Big Ten,32,140,115,22,31,6,0,11,26,1,2,22,45,0.27,0.4,0.609,1.009,70,,3,0,0,2,,player.fcgi?id=hrusti000ste
Leo Kaplan,23,2021,Northwestern,Big Ten,36,140,129,17,28,2,1,3,14,1,1,6,33,0.217,0.273,0.318,0.591,41,,4,1,0,0,,player.fcgi?id=kaplan000leo
Quinn Lavelle?,--,2021,Northwestern,Big Ten,11,1,1,0,0,0,0,0,0,0,0,0,0,0,0,0,0,0,,0,0,0,0,,player.fcgi?id=lavell000qui
Tony Livermore*,19,2021,Northwestern,Big Ten,25,71,62,5,15,1,1,1,5,2,1,5,15,0.242,0.314,0.339,0.653,21,,2,1,1,0,,player.fcgi?id=liverm000ton
Evan Minarovic,20,2021,Northwestern,Big Ten,30,110,102,9,21,7,0,1,10,2,1,3,42,0.206,0.236,0.304,0.54,31,,1,4,0,0,,player.fcgi?id=minaro000eva
Coby Moe,20,2021,Northwestern,Big Ten,10,1,1,0,0,0,0,0,0,0,0,0,1,0,0,0,0,0,,0,0,0,0,,player.fcgi?id=moe---000cob
Ethan O'Donnell*,19,2021,Northwestern,Big Ten,33,134,117,25,29,5,0,6,15,1,1,11,39,0.248,0.343,0.444,0.788,52,,6,0,0,0,,player.fcgi?id=odonne000eth
Luke Tanner,21,2021,Northwestern,Big Ten,6,5,5,1,0,0,0,0,0,0,0,0,4,0,0,0,0,0,,0,0,0,0,,player.fcgi?id=tanner000luk
Michael Trautwein*,21,2021,Northwestern,Big Ten,36,159,133,21,32,4,0,11,35,0,0,19,24,0.241,0.348,0.519,0.867,69,,4,1,2,1,,player.fcgi?id=trautw000mic
Jay Beshears,20,2022,Northwestern,Big Ten,49,214,194,38,65,17,3,10,46,2,1,14,45,0.335,0.387,0.608,0.995,118,3,3,2,1,0,,player.fcgi?id=beshea001jay
Vince Bianchina#,20,2022,Northwestern,Big Ten,49,190,162,30,40,9,2,1,24,5,3,12,31,0.247,0.324,0.346,0.67,56,1,8,5,3,0,,player.fcgi?id=bianch003vin
Alex Calarco#,19,2022,Northwestern,Big Ten,22,72,64,8,14,0,0,0,6,0,0,7,28,0.219,0.292,0.219,0.511,14,0,0,0,1,0,,player.fcgi?id=calarc000ale
Anthony Calarco*,22,2022,Northwestern,Big Ten,51,234,194,48,63,18,0,13,54,1,1,34,52,0.325,0.432,0.619,1.05,120,2,4,0,2,1,,player.fcgi?id=calarc000ant
Tommy D'Alise?,--,2022,Northwestern,Big Ten,30,78,74,15,22,5,1,8,27,0,0,3,22,0.297,0.333,0.716,1.05,53,0,1,0,0,0,,player.fcgi?id=dalise000tom
Ruben Fontes*,23,2022,Northwestern,Big Ten,37,130,110,25,35,9,1,5,19,0,1,17,23,0.318,0.419,0.555,0.973,61,2,2,1,0,1,,player.fcgi?id=fontes000rub
Patrick Herrera,20,2022,Northwestern,Big Ten,42,143,113,35,38,8,1,2,14,3,2,20,34,0.336,0.457,0.478,0.935,54,1,6,3,1,0,,player.fcgi?id=herrer000pat
Stephen Hrustich,20,2022,Northwestern,Big Ten,41,149,125,22,26,5,0,10,34,3,1,17,42,0.208,0.311,0.488,0.799,61,2,3,1,3,0,,player.fcgi?id=hrusti000ste
Tony Livermore*,20,2022,Northwestern,Big Ten,45,170,140,24,31,4,0,0,12,6,3,18,22,0.221,0.345,0.25,0.595,35,2,9,2,1,0,,player.fcgi?id=liverm000ton
Bennett Markinson,19,2022,Northwestern,Big Ten,27,109,94,12,26,2,1,2,15,2,0,5,10,0.277,0.365,0.383,0.748,36,2,8,2,0,0,,player.fcgi?id=markin000ben
Evan Minarovic,21,2022,Northwestern,Big Ten,18,16,13,3,3,0,0,0,1,0,0,3,4,0.231,0.375,0.231,0.606,3,0,0,0,0,0,,player.fcgi?id=minaro000eva
Ethan O'Donnell*,20,2022,Northwestern,Big Ten,47,214,181,46,58,24,0,10,39,4,1,24,43,0.32,0.41,0.619,1.029,112,1,5,2,2,1,,player.fcgi?id=odonne000eth
Drewbie Pinkston*,19,2022,Northwestern,Big Ten,42,134,95,24,22,3,0,0,16,6,2,27,21,0.232,0.426,0.263,0.69,25,2,6,5,1,0,,player.fcgi?id=pinkst000and
Alex Roessner,19,2022,Northwestern,Big Ten,21,34,30,3,9,1,0,0,2,0,0,2,5,0.3,0.382,0.333,0.716,10,0,2,0,0,0,,player.fcgi?id=roessn000ale
J.C. Santini,23,2022,Northwestern,Big Ten,34,120,86,18,13,1,1,2,14,0,1,23,26,0.151,0.357,0.256,0.612,22,1,5,5,1,0,,player.fcgi?id=santin000jc-
Luke Tanner,22,2022,Northwestern,Big Ten,26,55,47,10,11,3,0,1,8,1,0,6,8,0.234,0.346,0.362,0.707,17,0,2,0,0,0,,player.fcgi?id=tanner000luk
Griffin Arnone*,22,2023,Northwestern,Big Ten,45,174,143,27,34,10,0,9,23,3,4,24,54,0.238,0.363,0.497,0.859,71,2,4,3,0,1,,player.fcgi?id=arnone000gri
Vince Bianchina#,21,2023,Northwestern,Big Ten,17,78,67,7,17,4,1,0,3,0,2,5,19,0.254,0.329,0.343,0.672,23,0,3,2,1,0,,player.fcgi?id=bianch003vin
Alex Calarco#,20,2023,Northwestern,Big Ten,49,204,178,29,51,18,0,4,29,0,1,16,45,0.287,0.363,0.455,0.818,81,3,7,0,3,0,,player.fcgi?id=calarc000ale
Michael Elko*,19,2023,Northwestern,Big Ten,23,53,42,9,8,1,0,0,3,1,0,7,21,0.191,0.359,0.214,0.573,9,0,4,0,0,0,,player.fcgi?id=elko--000mic
Jimmy Fafinski,--,2023,Northwestern,Big Ten,8,6,4,2,1,0,0,0,0,0,0,0,2,0.25,0.5,0.25,0.75,1,0,2,0,0,0,,player.fcgi?id=fafins000jim
Kevin Ferrer,22,2023,Northwestern,Big Ten,38,148,132,22,40,5,0,5,20,0,0,10,12,0.303,0.365,0.455,0.819,60,2,4,0,2,1,,player.fcgi?id=ferrer001kev
Cooper Foard,23,2023,Northwestern,Big Ten,34,127,116,9,26,8,0,2,19,0,1,3,23,0.224,0.27,0.345,0.615,40,1,5,1,2,0,,player.fcgi?id=foard-000coo
Stephen Hrustich,21,2023,Northwestern,Big Ten,47,205,166,31,54,12,1,6,31,8,1,27,36,0.325,0.441,0.518,0.959,86,1,9,1,2,1,,player.fcgi?id=hrusti000ste
Marty Kaplan*,20,2023,Northwestern,Big Ten,18,44,36,3,9,1,0,0,3,1,0,4,13,0.25,0.372,0.278,0.65,10,0,3,1,0,0,,player.fcgi?id=kaplan001mar
Trent Liolios*,20,2023,Northwestern,Big Ten,28,98,85,13,16,7,0,1,15,0,0,11,22,0.188,0.289,0.306,0.595,26,1,1,1,0,0,,player.fcgi?id=liolio000tre
Tony Livermore*,21,2023,Northwestern,Big Ten,49,209,169,27,40,9,0,1,9,3,3,24,27,0.237,0.358,0.308,0.666,52,2,9,5,2,0,,player.fcgi?id=liverm000ton
Bennett Markinson,20,2023,Northwestern,Big Ten,40,140,121,19,33,7,0,0,15,1,0,12,16,0.273,0.364,0.331,0.695,40,2,6,0,1,0,,player.fcgi?id=markin000ben
Owen McElfatrick,19,2023,Northwestern,Big Ten,46,188,158,25,30,9,0,4,17,4,3,21,46,0.19,0.301,0.323,0.624,51,4,5,2,2,0,,player.fcgi?id=mcelfa000owe
Evan Minarovic,22,2023,Northwestern,Big Ten,31,118,106,10,22,5,0,1,12,2,0,9,44,0.208,0.27,0.283,0.553,30,0,0,3,0,0,,player.fcgi?id=minaro000eva
Drewbie Pinkston*,20,2023,Northwestern,Big Ten,21,41,30,7,4,1,0,1,2,0,0,10,11,0.133,0.366,0.267,0.633,8,0,1,0,0,0,,player.fcgi?id=pinkst000and
Alex Roessner,20,2023,Northwestern,Big Ten,23,77,70,8,14,3,0,2,13,0,0,3,13,0.2,0.234,0.329,0.562,23,2,1,0,3,0,,player.fcgi?id=roessn000ale
Luke Tanner,23,2023,Northwestern,Big Ten,32,94,85,10,21,8,0,2,15,1,1,7,29,0.247,0.319,0.412,0.731,35,0,2,0,0,0,,player.fcgi?id=tanner000luk
Griffin Arnone*,23,2024,Northwestern,Big Ten,50,203,172,19,37,12,2,4,26,5,3,24,61,0.215,0.317,0.378,0.695,65,1,2,4,1,0,,player.fcgi?id=arnone000gri
Vince Bianchina#,22,2024,Northwestern,Big Ten,52,233,198,25,43,8,0,3,24,0,1,22,60,0.217,0.307,0.303,0.61,60,2,5,5,3,1,,player.fcgi?id=bianch003vin
Jackson Freeman*,19,2024,Northwestern,Big Ten,52,232,186,39,46,7,3,11,39,2,0,30,47,0.247,0.371,0.495,0.866,92,1,9,3,4,0,,player.fcgi?id=freema005jac
Tyler Ganus,22,2024,Northwestern,Big Ten,10,32,27,5,9,3,0,0,5,3,0,2,5,0.333,0.419,0.444,0.864,12,0,2,1,0,0,,player.fcgi?id=ganus-000tyl
Will Johnson*,19,2024,Northwestern,Big Ten,12,31,26,3,5,0,0,0,2,0,0,4,5,0.192,0.323,0.192,0.515,5,0,1,0,0,0,,player.fcgi?id=johnso057wil
Marty Kaplan*,21,2024,Northwestern,Big Ten,13,21,17,0,3,1,0,0,3,0,1,2,7,0.177,0.333,0.235,0.569,4,0,2,0,0,0,,player.fcgi?id=kaplan001mar
Preston Knott*,21,2024,Northwestern,Big Ten,48,187,152,28,42,9,0,6,20,1,1,32,27,0.276,0.406,0.454,0.86,69,0,2,0,1,0,,player.fcgi?id=knott-000pre
Trent Liolios*,21,2024,Northwestern,Big Ten,52,222,196,29,41,8,1,9,36,2,1,20,45,0.209,0.285,0.398,0.683,78,3,2,1,3,1,,player.fcgi?id=liolio000tre
Tony Livermore*,22,2024,Northwestern,Big Ten,49,180,155,23,30,1,0,0,12,4,0,15,28,0.194,0.283,0.2,0.483,31,2,5,3,2,0,,player.fcgi?id=liverm000ton
Bennett Markinson,21,2024,Northwestern,Big Ten,52,233,202,37,68,10,2,6,34,0,0,18,16,0.337,0.408,0.495,0.903,100,3,9,0,4,1,,player.fcgi?id=markin000ben
Owen McElfatrick,20,2024,Northwestern,Big Ten,51,236,210,41,60,14,1,11,37,4,2,23,40,0.286,0.359,0.519,0.878,109,1,1,2,0,0,,player.fcgi?id=mcelfa000owe
Griffin Mills,19,2024,Northwestern,Big Ten,31,70,62,8,8,1,0,1,4,2,0,7,27,0.129,0.229,0.194,0.422,12,2,1,0,0,0,,player.fcgi?id=mills-000gri
Drewbie Pinkston*,21,2024,Northwestern,Big Ten,20,35,23,6,2,1,0,0,4,0,0,6,7,0.087,0.323,0.13,0.453,3,0,2,4,0,0,,player.fcgi?id=pinkst000and
Josh Ramos,19,2024,Northwestern,Big Ten,7,13,10,2,3,1,0,0,2,0,1,2,4,0.3,0.462,0.4,0.862,4,0,1,0,0,0,,player.fcgi?id=ramos-020jos
Sonny Rao*,21,2024,Northwestern,Big Ten,7,13,12,0,3,0,0,0,0,0,0,1,2,0.25,0.308,0.25,0.558,3,0,0,0,0,0,,player.fcgi?id=rao---000son
Lorenzo Rios*,20,2024,Northwestern,Big Ten,24,73,61,10,16,8,1,1,11,0,0,5,12,0.262,0.366,0.475,0.842,29,1,5,2,0,0,,player.fcgi?id=rios--000lor
Zach Selfon,19,2024,Northwestern,Big Ten,28,56,42,8,6,0,0,0,5,0,0,11,5,0.143,0.346,0.143,0.488,6,1,2,1,0,0,,player.fcgi?id=selfon000zac
Vince Bianchina#,23,2025,Northwestern,Big Ten,12,24,20,5,4,3,0,0,1,0,0,2,4,0.2,0.304,0.35,0.654,7,0,1,1,0,0,,player.fcgi?id=bianch003vin
Ethan Borggren,19,2025,Northwestern,Big Ten,12,7,7,0,0,0,0,0,1,0,0,0,1,0,0,0,0,0,1,0,0,0,0,,player.fcgi?id=borggr000eth
Pirmin Brechbuhl,23,2025,Northwestern,Big Ten,8,7,6,1,1,0,0,1,3,0,0,1,2,0.167,0.286,0.667,0.952,4,0,0,0,0,0,,player.fcgi?id=brechb000pir
Zach Carlson*,19,2025,Northwestern,Big Ten,15,33,29,4,8,2,0,0,2,0,0,3,11,0.276,0.364,0.345,0.708,10,1,1,0,0,0,,player.fcgi?id=carlso002zac
Jack Counsell,20,2025,Northwestern,Big Ten,31,104,85,13,21,5,2,1,6,3,0,13,18,0.247,0.35,0.388,0.738,33,1,1,4,1,0,,player.fcgi?id=counse000jac
Carter Danz*,19,2025,Northwestern,Big Ten,12,1,1,0,0,0,0,0,0,0,0,0,1,0,0,0,0,0,0,0,0,0,0,,player.fcgi?id=danz--000car
Jackson Freeman*,20,2025,Northwestern,Big Ten,52,231,200,32,51,14,1,6,40,4,1,25,37,0.255,0.355,0.425,0.78,85,5,6,0,0,0,,player.fcgi?id=freema005jac
Tyler Ganus,23,2025,Northwestern,Big Ten,48,190,154,26,43,4,0,3,22,3,1,25,34,0.279,0.395,0.364,0.758,56,1,5,5,1,0,,player.fcgi?id=ganus-000tyl
Jacob Hand*,--,2025,Northwestern,Big Ten,29,85,62,9,14,3,0,2,18,1,0,12,14,0.226,0.378,0.371,0.749,23,2,5,3,3,0,,player.fcgi?id=hand--001jac
Marty Kaplan*,22,2025,Northwestern,Big Ten,9,14,13,0,2,0,0,0,2,0,0,1,4,0.154,0.214,0.154,0.368,2,0,0,0,0,0,,player.fcgi?id=kaplan001mar
Preston Knott*,22,2025,Northwestern,Big Ten,52,233,192,42,47,17,1,5,26,2,2,31,29,0.245,0.365,0.422,0.787,81,4,6,3,1,1,,player.fcgi?id=knott-000pre
Ryan Kucherak,20,2025,Northwestern,Big Ten,52,224,194,41,56,12,1,18,41,2,2,20,47,0.289,0.38,0.639,1.019,124,3,9,0,1,1,,player.fcgi?id=kucher000rya
Jack Lausch*,21,2025,Northwestern,Big Ten,44,177,149,30,40,9,0,6,28,5,2,14,56,0.269,0.345,0.45,0.795,67,0,6,3,5,0,,player.fcgi?id=lausch000jac
Trent Liolios*,22,2025,Northwestern,Big Ten,51,194,167,35,44,10,1,16,39,1,0,22,42,0.264,0.352,0.623,0.975,104,1,2,1,2,2,,player.fcgi?id=liolio000tre
Bennett Markinson,22,2025,Northwestern,Big Ten,52,211,177,35,47,10,2,5,35,0,0,15,14,0.266,0.354,0.429,0.784,76,1,12,2,5,2,,player.fcgi?id=markin000ben
Owen McElfatrick,21,2025,Northwestern,Big Ten,51,229,195,40,59,16,1,9,32,5,1,24,47,0.303,0.393,0.533,0.926,104,1,7,0,3,0,,player.fcgi?id=mcelfa000owe
Griffin Mills,20,2025,Northwestern,Big Ten,21,23,19,4,6,2,0,1,4,1,0,4,6,0.316,0.435,0.579,1.014,11,0,0,0,0,0,,player.fcgi?id=mills-000gri
Josh Ramos,20,2025,Northwestern,Big Ten,13,19,15,2,3,0,0,0,1,0,0,2,7,0.2,0.368,0.2,0.568,3,0,2,0,0,0,,player.fcgi?id=ramos-020jos
Sonny Rao*,22,2025,Northwestern,Big Ten,3,3,3,0,0,0,0,0,0,0,0,0,2,0,0,0,0,0,0,0,0,0,0,,player.fcgi?id=rao---000son
Nick Barron*,20,2026,Northwestern,Big Ten,52,213,190,35,56,15,0,9,33,0,0,17,31,0.295,0.352,0.516,0.868,98,4,2,0,4,0,,player.fcgi?id=barron001nic
Noah Brocklebank#,19,2026,Northwestern,Big Ten,10,24,19,4,1,0,0,0,0,0,0,5,11,0.053,0.25,0.053,0.303,1,0,0,0,0,0,,player.fcgi?id=brockl000noa
Charlie Caruso*,20,2026,Northwestern,Big Ten,21,48,39,7,6,4,0,0,2,0,2,6,15,0.154,0.298,0.256,0.554,10,0,2,1,0,0,,player.fcgi?id=caruso000cha
Jack Counsell,21,2026,Northwestern,Big Ten,23,76,64,8,16,4,1,0,10,0,2,7,15,0.25,0.32,0.344,0.664,22,0,1,1,3,0,,player.fcgi?id=counse000jac
Carter Danz*,20,2026,Northwestern,Big Ten,13,16,15,2,3,2,0,0,1,0,0,0,6,0.2,0.188,0.333,0.521,5,1,0,0,1,0,,player.fcgi?id=danz--000car
Logan de Groot,20,2026,Northwestern,Big Ten,42,142,122,15,34,6,0,0,12,4,1,17,40,0.279,0.38,0.328,0.708,40,0,3,0,0,0,,player.fcgi?id=degroo000log
Jackson Freeman*,21,2026,Northwestern,Big Ten,52,226,197,28,46,7,1,9,21,1,2,21,53,0.234,0.318,0.416,0.735,82,1,4,3,1,0,,player.fcgi?id=freema005jac
Shane Hofstadler,26,2026,Northwestern,Big Ten,20,44,32,7,5,3,0,1,7,0,0,8,6,0.156,0.372,0.344,0.716,11,1,3,1,0,0,,player.fcgi?id=hofsta000sha
Marty Kaplan*,23,2026,Northwestern,Big Ten,11,14,11,2,2,0,0,0,2,0,0,3,3,0.182,0.357,0.182,0.539,2,0,0,0,0,0,,player.fcgi?id=kaplan001mar
Ryan Kucherak,21,2026,Northwestern,Big Ten,51,224,190,38,56,13,0,10,39,11,2,27,59,0.295,0.39,0.521,0.911,99,1,4,1,2,1,,player.fcgi?id=kucher000rya
Jack Lausch*,22,2026,Northwestern,Big Ten,52,234,202,52,63,13,4,16,41,8,2,25,65,0.312,0.393,0.654,1.047,132,2,4,0,3,3,,player.fcgi?id=lausch000jac
Masai Marshall,21,2026,Northwestern,Big Ten,3,2,2,0,0,0,0,0,0,0,0,0,1,0,0,0,0,0,0,0,0,0,0,,player.fcgi?id=marsha002mas
Owen McElfatrick,22,2026,Northwestern,Big Ten,52,232,204,35,51,11,1,11,39,4,1,26,56,0.25,0.336,0.476,0.812,97,4,1,0,1,0,,player.fcgi?id=mcelfa000owe
Griffin Mills,21,2026,Northwestern,Big Ten,20,38,28,11,6,1,1,1,3,0,1,8,13,0.214,0.378,0.429,0.807,12,1,0,1,1,0,,player.fcgi?id=mills-000gri
Josh Ramos,21,2026,Northwestern,Big Ten,3,5,4,1,1,0,0,0,0,0,0,1,2,0.25,0.4,0.25,0.65,1,0,0,0,0,0,,player.fcgi?id=ramos-020jos
Jake Rifenburg*,19,2026,Northwestern,Big Ten,17,1,0,0,0,0,0,0,0,0,0,1,0,,1,,,0,0,0,0,0,0,,player.fcgi?id=rifenb000jak
Noah Ruiz,22,2026,Northwestern,Big Ten,52,223,200,28,59,11,0,7,39,0,1,10,26,0.295,0.341,0.455,0.796,91,3,6,3,4,0,,player.fcgi?id=ruiz--001noa
Jay Slater,20,2026,Northwestern,Big Ten,43,156,136,17,33,8,1,6,25,0,0,12,25,0.243,0.329,0.449,0.778,61,6,6,1,1,0,,player.fcgi?id=slater000jay
Jake Yang,19,2026,Northwestern,Big Ten,29,80,66,12,18,3,0,0,8,1,1,11,10,0.273,0.385,0.318,0.703,21,2,1,2,0,0,,player.fcgi?id=yang--000jak
Joe Ciamacco?,--,2011,Ohio State,Big Ten,24,38,33,8,6,1,0,0,3,2,0,2,7,0.182,0.27,0.212,0.482,7,,2,1,0,,,player.fcgi?id=ciamac000joe
David Corna?,--,2011,Ohio State,Big Ten,50,186,159,25,42,16,1,2,24,1,1,13,41,0.264,0.344,0.415,0.759,66,,8,3,3,,,player.fcgi?id=corna-000dav
Ryan Cypret?,--,2011,Ohio State,Big Ten,52,231,201,37,65,10,1,3,34,5,2,21,25,0.323,0.4,0.428,0.828,86,,6,1,2,,,player.fcgi?id=cypret000rya
Brian DeLucia?,--,2011,Ohio State,Big Ten,53,244,210,40,57,11,4,1,26,9,3,27,42,0.271,0.353,0.376,0.729,79,,1,3,3,,,player.fcgi?id=deluci000bri
Josh Dezse,19,2011,Ohio State,Big Ten,53,233,193,30,64,11,2,4,43,0,1,27,47,0.332,0.427,0.472,0.898,91,,8,1,4,,,player.fcgi?id=dezse-001jos
Tyler Engle?,--,2011,Ohio State,Big Ten,52,205,168,28,45,10,1,1,25,4,1,24,30,0.268,0.367,0.357,0.724,60,,3,9,1,,,player.fcgi?id=engle-000tyl
Brad Hallberg?,--,2011,Ohio State,Big Ten,47,178,142,27,36,3,0,1,14,1,1,28,13,0.254,0.381,0.296,0.677,42,,3,2,3,,,player.fcgi?id=hallbe000bra
Derek Hannahs?,--,2011,Ohio State,Big Ten,10,15,13,1,1,0,0,0,0,0,0,2,1,0.077,0.2,0.077,0.277,1,,0,0,0,,,player.fcgi?id=hannah000der
Jacob Hayes*,19,2011,Ohio State,Big Ten,10,24,22,3,5,1,0,0,1,1,0,1,5,0.227,0.261,0.273,0.534,6,,0,1,0,,,player.fcgi?id=hayes-004jac
Blake Hutton,19,2011,Ohio State,Big Ten,6,6,5,0,1,0,0,0,0,0,0,1,3,0.2,0.333,0.2,0.533,1,,0,0,0,,,player.fcgi?id=hutton000bla
Brad Hutton?,--,2011,Ohio State,Big Ten,22,49,39,5,8,1,0,2,7,0,0,2,10,0.205,0.367,0.385,0.752,15,,8,0,0,,,player.fcgi?id=hutton000bra
Steel Russell*,20,2011,Ohio State,Big Ten,17,35,30,1,6,2,0,0,3,0,0,2,7,0.2,0.294,0.267,0.561,8,,2,1,0,,,player.fcgi?id=russel008wil
Greg Solomon?,--,2011,Ohio State,Big Ten,49,184,172,27,47,15,3,2,25,0,4,4,42,0.273,0.298,0.43,0.729,74,,3,3,2,,,player.fcgi?id=solomo000gre
Matt Streng?,--,2011,Ohio State,Big Ten,53,230,218,33,66,9,2,4,40,5,1,5,22,0.303,0.32,0.417,0.737,91,,1,5,1,,,player.fcgi?id=streng000mat
Tim Wetzel?,--,2011,Ohio State,Big Ten,47,214,176,32,49,3,2,0,21,6,6,19,20,0.278,0.373,0.318,0.691,56,,8,10,1,,,player.fcgi?id=wetzel000tim
Mike Carroll?,--,2012,Ohio State,Big Ten,55,196,165,28,46,7,1,0,27,11,3,21,32,0.279,0.368,0.333,0.702,55,,3,6,1,1,,player.fcgi?id=carrol000mik
Joe Ciamacco?,--,2012,Ohio State,Big Ten,35,119,103,16,30,4,0,0,14,14,0,8,23,0.291,0.351,0.33,0.681,34,,2,5,1,1,,player.fcgi?id=ciamac000joe
David Corna?,--,2012,Ohio State,Big Ten,54,223,187,39,44,10,0,6,42,4,0,21,57,0.235,0.326,0.385,0.711,72,,7,2,6,0,,player.fcgi?id=corna-000dav
Ryan Cypret?,--,2012,Ohio State,Big Ten,60,287,237,46,56,10,0,2,31,5,2,36,58,0.236,0.35,0.304,0.654,72,,7,4,3,3,,player.fcgi?id=cypret000rya
Josh Dezse,20,2012,Ohio State,Big Ten,59,265,216,31,66,9,1,5,33,1,1,33,48,0.306,0.423,0.426,0.849,92,,13,0,3,4,,player.fcgi?id=dezse-001jos
Aaron Gretz*,19,2012,Ohio State,Big Ten,33,113,91,11,23,3,0,0,15,1,1,19,18,0.253,0.384,0.286,0.67,26,,1,1,1,0,,player.fcgi?id=gretz-000aar
Brad Hallberg?,--,2012,Ohio State,Big Ten,59,254,209,40,65,15,2,2,34,1,0,31,23,0.311,0.414,0.431,0.845,90,,8,3,3,0,,player.fcgi?id=hallbe000bra
Brad Hutton?,--,2012,Ohio State,Big Ten,27,64,50,10,11,3,0,1,4,0,0,10,16,0.22,0.375,0.34,0.715,17,,3,0,1,0,,player.fcgi?id=hutton000bra
Phil Jaskot,20,2012,Ohio State,Big Ten,9,8,8,0,3,0,0,0,0,0,0,0,3,0.375,0.375,0.375,0.75,3,,0,0,0,0,,player.fcgi?id=jaskot000phi
Ryan Leffel,19,2012,Ohio State,Big Ten,39,29,25,2,5,1,0,0,4,0,0,3,3,0.2,0.276,0.24,0.516,6,,0,0,1,0,,player.fcgi?id=leffel000rya
Kirby Pellant*,21,2012,Ohio State,Big Ten,60,257,212,32,58,6,4,0,25,31,6,28,25,0.274,0.375,0.34,0.714,72,,8,6,3,1,,player.fcgi?id=pellan001joh
Pat Porter*,19,2012,Ohio State,Big Ten,51,174,143,21,38,4,2,0,21,5,3,21,25,0.266,0.37,0.322,0.692,46,,5,1,4,1,,player.fcgi?id=porter000pat
Greg Solomon?,--,2012,Ohio State,Big Ten,46,164,139,23,35,9,1,3,23,2,3,6,38,0.252,0.295,0.396,0.691,55,,5,8,6,0,,player.fcgi?id=solomo000gre
Tim Wetzel?,--,2012,Ohio State,Big Ten,57,270,214,32,60,4,1,2,23,11,7,44,39,0.28,0.411,0.336,0.747,72,,4,7,1,3,,player.fcgi?id=wetzel000tim
Ryan Wonders*,19,2012,Ohio State,Big Ten,4,3,3,0,0,0,0,0,0,0,0,0,1,0,0,0,0,0,,0,0,0,0,,player.fcgi?id=wonder000rya
Jacob Bosiokovic,19,2013,Ohio State,Big Ten,56,225,198,28,54,7,0,4,33,4,1,16,58,0.273,0.339,0.369,0.708,73,,5,4,2,1,,player.fcgi?id=bosiok000jac
Jake Brobst,19,2013,Ohio State,Big Ten,11,9,9,1,0,0,0,0,0,0,2,0,4,0,0,0,0,0,,0,0,0,0,,player.fcgi?id=brobst000jak
Mike Carroll?,--,2013,Ohio State,Big Ten,36,108,94,10,24,3,0,0,5,7,3,9,14,0.255,0.34,0.287,0.627,27,,3,2,0,0,,player.fcgi?id=carrol000mik
Joe Ciamacco?,--,2013,Ohio State,Big Ten,57,234,201,31,55,2,1,0,16,21,3,25,35,0.274,0.362,0.294,0.656,59,,3,5,0,0,,player.fcgi?id=ciamac000joe
Ryan Cypret?,--,2013,Ohio State,Big Ten,52,225,192,34,49,8,3,4,22,5,5,24,26,0.255,0.356,0.391,0.746,75,,7,0,2,0,,player.fcgi?id=cypret000rya
Aaron Gretz*,20,2013,Ohio State,Big Ten,51,183,158,20,40,7,0,0,17,0,1,24,26,0.253,0.352,0.298,0.649,47,,0,1,0,1,,player.fcgi?id=gretz-000aar
Brad Hallberg?,--,2013,Ohio State,Big Ten,58,225,182,31,43,8,0,2,33,3,0,24,23,0.236,0.358,0.313,0.671,57,,12,4,3,3,,player.fcgi?id=hallbe000bra
Troy Kuhn,19,2013,Ohio State,Big Ten,32,101,92,12,25,2,0,0,12,4,2,7,16,0.272,0.32,0.294,0.614,27,,0,1,1,0,,player.fcgi?id=kuhn--000tro
Craig Nennig,19,2013,Ohio State,Big Ten,23,53,48,3,6,1,0,0,4,1,0,1,15,0.125,0.177,0.146,0.322,7,,2,2,0,0,,player.fcgi?id=nennig000cra
Kirby Pellant*,22,2013,Ohio State,Big Ten,50,206,186,20,56,5,3,2,15,12,9,11,14,0.301,0.347,0.393,0.739,73,,2,7,0,0,,player.fcgi?id=pellan001joh
Pat Porter*,20,2013,Ohio State,Big Ten,55,230,199,42,59,13,5,4,33,11,2,23,43,0.297,0.376,0.472,0.848,94,,4,1,3,1,,player.fcgi?id=porter000pat
Zach Ratcliff,20,2013,Ohio State,Big Ten,15,33,31,2,10,1,0,1,3,0,0,2,7,0.323,0.364,0.452,0.815,14,,0,0,0,0,,player.fcgi?id=ratcli000zac
Greg Solomon?,--,2013,Ohio State,Big Ten,39,138,123,14,30,6,1,0,15,0,1,4,26,0.244,0.285,0.309,0.594,38,,3,8,0,0,,player.fcgi?id=solomo000gre
Tim Wetzel?,--,2013,Ohio State,Big Ten,57,229,191,20,41,9,1,2,24,10,5,21,25,0.215,0.312,0.304,0.616,58,,6,11,0,1,,player.fcgi?id=wetzel000tim
Jacob Bosiokovic,20,2014,Ohio State,Big Ten,47,193,164,22,44,10,2,1,26,1,1,16,47,0.268,0.358,0.372,0.73,61,,8,3,2,0,,player.fcgi?id=bosiok000jac
Jake Brobst,20,2014,Ohio State,Big Ten,24,15,12,4,1,0,0,0,0,0,1,1,6,0.083,0.214,0.083,0.298,1,,1,1,0,0,,player.fcgi?id=brobst000jak
Ronnie Dawson*,19,2014,Ohio State,Big Ten,55,228,205,28,69,10,1,4,25,10,5,16,35,0.337,0.396,0.454,0.849,93,,4,3,0,1,,player.fcgi?id=dawson002ron
Josh Dezse,22,2014,Ohio State,Big Ten,52,212,175,26,43,10,0,5,27,0,0,27,36,0.246,0.373,0.389,0.761,68,,9,0,1,4,,player.fcgi?id=dezse-001jos
Aaron Gretz*,21,2014,Ohio State,Big Ten,38,129,109,12,31,7,1,0,12,1,0,17,11,0.284,0.381,0.367,0.748,40,,0,3,0,0,,player.fcgi?id=gretz-000aar
Troy Kuhn,20,2014,Ohio State,Big Ten,58,264,224,40,65,14,1,6,35,5,1,23,34,0.29,0.379,0.442,0.821,99,,11,3,3,0,,player.fcgi?id=kuhn--000tro
Ryan Leffel,21,2014,Ohio State,Big Ten,31,112,99,10,30,4,0,0,12,0,0,8,20,0.303,0.369,0.343,0.713,34,,3,1,1,0,,player.fcgi?id=leffel000rya
Troy Montgomery*,19,2014,Ohio State,Big Ten,49,158,136,18,32,6,2,2,22,4,5,12,17,0.235,0.294,0.353,0.647,48,,1,5,4,0,,player.fcgi?id=montgo000tro
Craig Nennig,20,2014,Ohio State,Big Ten,38,146,121,18,28,3,0,0,10,3,4,18,27,0.231,0.338,0.256,0.594,31,,2,4,1,0,,player.fcgi?id=nennig000cra
Pat Porter*,21,2014,Ohio State,Big Ten,56,249,210,29,48,9,4,1,21,9,5,25,38,0.229,0.315,0.324,0.638,68,,5,1,8,2,,player.fcgi?id=porter000pat
Zach Ratcliff,21,2014,Ohio State,Big Ten,35,107,99,11,23,2,0,2,15,0,0,4,24,0.232,0.262,0.313,0.575,31,,1,0,3,0,,player.fcgi?id=ratcli000zac
Connor Sabanosh,20,2014,Ohio State,Big Ten,31,102,86,12,25,2,1,0,9,1,1,12,8,0.291,0.39,0.337,0.727,29,,2,2,0,1,,player.fcgi?id=sabano000con
Nick Sergakis,21,2014,Ohio State,Big Ten,44,166,151,29,48,6,2,1,13,3,4,8,25,0.318,0.366,0.404,0.77,61,,4,2,1,0,,player.fcgi?id=sergak000nic
Jalen Washington,19,2014,Ohio State,Big Ten,7,8,8,0,0,0,0,0,0,0,0,0,3,0,0,0,0,0,,0,0,0,0,,player.fcgi?id=washin000jal
Tim Wetzel?,--,2014,Ohio State,Big Ten,44,155,130,19,29,5,0,1,16,3,2,11,18,0.223,0.304,0.285,0.589,37,,5,7,2,0,,player.fcgi?id=wetzel000tim
Jacob Bosiokovic,21,2015,Ohio State,Big Ten,5,14,13,1,1,0,0,0,1,1,0,0,7,0.077,0.143,0.077,0.22,1,,1,0,0,0,,player.fcgi?id=bosiok000jac
Jake Brobst,21,2015,Ohio State,Big Ten,14,7,5,4,1,0,0,0,1,1,0,2,1,0.2,0.429,0.2,0.629,1,,0,0,0,0,,player.fcgi?id=brobst000jak
L Grant Davis*,--,2015,Ohio State,Big Ten,32,102,85,10,24,3,0,1,13,2,0,6,15,0.282,0.347,0.353,0.7,30,,4,4,3,0,,player.fcgi?id=davis-000lgr
Ronnie Dawson*,20,2015,Ohio State,Big Ten,55,246,215,34,60,15,2,7,34,16,8,26,41,0.279,0.363,0.465,0.828,100,,3,1,1,1,,player.fcgi?id=dawson002ron
Tre' Gantt*,19,2015,Ohio State,Big Ten,37,85,74,14,23,1,1,0,9,5,3,8,18,0.311,0.374,0.351,0.725,26,,0,2,1,0,,player.fcgi?id=gantt-000tre
Aaron Gretz*,22,2015,Ohio State,Big Ten,46,176,147,16,41,10,0,1,18,0,0,23,21,0.279,0.37,0.367,0.737,54,,0,3,3,1,,player.fcgi?id=gretz-000aar
Troy Kuhn,21,2015,Ohio State,Big Ten,43,187,160,30,41,14,1,6,22,6,1,12,39,0.256,0.36,0.469,0.829,75,,14,1,0,1,,player.fcgi?id=kuhn--000tro
Ryan Leffel,22,2015,Ohio State,Big Ten,34,109,90,9,19,5,0,0,8,0,0,12,12,0.211,0.333,0.267,0.6,24,,5,1,1,0,,player.fcgi?id=leffel000rya
Jordan McDonough,19,2015,Ohio State,Big Ten,22,41,37,7,9,6,0,0,5,0,0,3,8,0.243,0.293,0.405,0.698,15,,0,0,1,0,,player.fcgi?id=mcdono000jor
Troy Montgomery*,20,2015,Ohio State,Big Ten,55,253,205,54,65,12,6,4,27,35,6,38,30,0.317,0.432,0.493,0.924,101,,4,5,1,1,,player.fcgi?id=montgo000tro
Craig Nennig,21,2015,Ohio State,Big Ten,55,223,188,23,50,8,2,0,30,7,4,17,34,0.266,0.33,0.33,0.66,62,,4,8,6,0,,player.fcgi?id=nennig000cra
Pat Porter*,22,2015,Ohio State,Big Ten,55,247,210,43,71,9,4,11,49,6,3,27,40,0.338,0.423,0.576,0.999,121,,6,1,3,2,,player.fcgi?id=porter000pat
Zach Ratcliff,22,2015,Ohio State,Big Ten,22,64,56,8,16,8,0,2,8,0,0,5,12,0.286,0.344,0.536,0.88,30,,1,0,2,0,,player.fcgi?id=ratcli000zac
Connor Sabanosh,21,2015,Ohio State,Big Ten,44,189,166,16,48,9,1,2,23,0,2,10,19,0.289,0.337,0.392,0.729,65,,5,2,6,0,,player.fcgi?id=sabano000con
Nick Sergakis,22,2015,Ohio State,Big Ten,51,217,176,30,44,11,0,1,24,6,0,18,44,0.25,0.352,0.33,0.682,58,,12,7,4,0,,player.fcgi?id=sergak000nic
Jalen Washington,20,2015,Ohio State,Big Ten,15,30,25,5,7,0,0,0,6,4,1,4,1,0.28,0.367,0.28,0.647,7,,0,0,1,0,,player.fcgi?id=washin000jal
Jacob Barnwell,18,2016,Ohio State,Big Ten,14,29,23,4,3,2,0,0,0,0,0,6,4,0.13,0.31,0.217,0.528,5,,0,0,0,0,,player.fcgi?id=barnwe000jac
Jacob Bosiokovic,22,2016,Ohio State,Big Ten,56,241,211,38,58,6,3,11,34,2,1,19,73,0.275,0.348,0.488,0.836,103,,5,5,1,1,,player.fcgi?id=bosiok000jac
Jake Brobst,22,2016,Ohio State,Big Ten,17,26,22,3,4,1,0,0,3,0,0,3,10,0.182,0.308,0.227,0.535,5,,1,0,0,0,,player.fcgi?id=brobst000jak
Brady Cherry,19,2016,Ohio State,Big Ten,40,143,124,17,27,5,2,5,23,1,0,16,43,0.218,0.301,0.411,0.712,51,,0,0,3,0,,player.fcgi?id=cherry001bra
L Grant Davis*,--,2016,Ohio State,Big Ten,49,151,129,19,25,6,1,0,12,0,0,11,21,0.194,0.3,0.256,0.556,33,,9,1,1,1,,player.fcgi?id=davis-000lgr
Ronnie Dawson*,21,2016,Ohio State,Big Ten,65,300,257,55,85,25,4,13,51,21,4,37,43,0.331,0.42,0.611,1.03,157,,3,2,1,0,,player.fcgi?id=dawson002ron
Andrew Fishel*,19,2016,Ohio State,Big Ten,6,8,8,0,0,0,0,0,0,0,0,0,5,0,0,0,0,0,,0,0,0,0,,player.fcgi?id=fishel000and
Tre' Gantt*,20,2016,Ohio State,Big Ten,47,158,137,20,35,8,0,0,13,7,2,11,23,0.256,0.311,0.314,0.625,43,,1,7,2,0,,player.fcgi?id=gantt-000tre
Troy Kuhn,22,2016,Ohio State,Big Ten,61,248,217,30,56,18,1,1,36,1,1,19,44,0.258,0.337,0.364,0.702,79,,8,2,2,0,,player.fcgi?id=kuhn--000tro
Ryan Leffel,23,2016,Ohio State,Big Ten,40,96,83,7,17,8,0,0,7,0,0,9,24,0.205,0.28,0.301,0.581,25,,0,3,1,0,,player.fcgi?id=leffel000rya
Jordan McDonough,20,2016,Ohio State,Big Ten,1,4,2,0,0,0,0,0,2,0,0,0,2,0,0.25,0,0.25,0,,1,0,1,0,,player.fcgi?id=mcdono000jor
Troy Montgomery*,21,2016,Ohio State,Big Ten,62,292,236,51,70,14,1,8,34,21,7,50,41,0.297,0.423,0.466,0.889,110,,3,1,2,5,,player.fcgi?id=montgo000tro
Daulton Mosbarger*,22,2016,Ohio State,Big Ten,28,42,35,6,7,1,0,1,3,0,0,6,8,0.2,0.333,0.314,0.648,11,,1,0,0,0,,player.fcgi?id=mosbar000dau
Shea Murray,22,2016,Ohio State,Big Ten,9,1,1,0,0,0,0,0,0,0,0,0,1,0,0,0,0,0,,0,0,0,0,,player.fcgi?id=murray000she
Craig Nennig,22,2016,Ohio State,Big Ten,62,263,227,37,58,6,2,5,30,18,1,19,46,0.256,0.328,0.366,0.694,83,,6,10,1,0,,player.fcgi?id=nennig000cra
Zach Ratcliff,23,2016,Ohio State,Big Ten,16,52,41,5,11,3,0,0,4,1,0,6,12,0.268,0.385,0.342,0.726,14,,3,0,2,0,,player.fcgi?id=ratcli000zac
Nick Sergakis,23,2016,Ohio State,Big Ten,65,297,238,48,79,18,1,10,47,15,2,36,34,0.332,0.451,0.542,0.993,129,,18,2,3,5,,player.fcgi?id=sergak000nic
Jalen Washington,21,2016,Ohio State,Big Ten,63,261,213,33,53,11,0,3,38,14,5,26,49,0.249,0.352,0.343,0.694,73,,11,5,6,1,,player.fcgi?id=washin000jal
Ridge Winand*,20,2016,Ohio State,Big Ten,6,5,3,0,1,1,0,0,1,0,0,2,0,0.333,0.6,0.667,1.267,2,,0,0,0,0,,player.fcgi?id=winand000rid
Jacob Barnwell,19,2017,Ohio State,Big Ten,53,214,169,26,43,7,1,2,14,7,3,30,49,0.254,0.381,0.343,0.724,58,,5,9,1,0,,player.fcgi?id=barnwe000jac
Dominic Canzone*,19,2017,Ohio State,Big Ten,49,189,166,22,57,4,3,3,36,13,2,15,20,0.343,0.39,0.458,0.848,76,,1,2,5,0,,player.fcgi?id=canzon000dom
Matt Carpenter#,20,2017,Ohio State,Big Ten,15,14,13,0,0,0,0,0,0,0,0,1,5,0,0.071,0,0.071,0,,0,0,0,0,,player.fcgi?id=carpen003mat
Brady Cherry,20,2017,Ohio State,Big Ten,55,230,200,23,52,14,2,4,26,0,2,22,62,0.26,0.336,0.41,0.746,82,,2,4,2,0,,player.fcgi?id=cherry001bra
Bo Coolen?,--,2017,Ohio State,Big Ten,48,175,148,24,34,3,1,2,18,0,1,24,42,0.23,0.345,0.304,0.649,45,,2,1,0,3,,player.fcgi?id=coolen000bo-
Tyler Cowles,21,2017,Ohio State,Big Ten,39,129,105,9,20,4,0,3,15,0,2,18,29,0.191,0.32,0.314,0.635,33,,3,1,2,0,,player.fcgi?id=cowles000tyl
Casey Demko#,20,2017,Ohio State,Big Ten,9,6,6,1,1,0,0,0,0,0,0,0,2,0.167,0.167,0.167,0.333,1,,0,0,0,0,,player.fcgi?id=demko-000cas
Andrew Fishel*,20,2017,Ohio State,Big Ten,24,50,41,7,11,2,0,0,2,0,0,9,7,0.268,0.4,0.317,0.717,13,,0,0,0,0,,player.fcgi?id=fishel000and
Tre' Gantt*,21,2017,Ohio State,Big Ten,55,260,204,46,64,13,2,2,18,14,3,40,43,0.314,0.426,0.427,0.852,87,,2,11,3,0,,player.fcgi?id=gantt-000tre
Noah McGowan,22,2017,Ohio State,Big Ten,39,162,131,17,28,6,2,5,19,1,2,21,34,0.214,0.352,0.405,0.757,53,,8,0,2,2,,player.fcgi?id=mcgowa000noa
Shea Murray,23,2017,Ohio State,Big Ten,50,145,127,20,32,10,3,3,17,2,1,15,49,0.252,0.329,0.449,0.778,57,,0,2,1,0,,player.fcgi?id=murray000she
Conner Pohl*,19,2017,Ohio State,Big Ten,31,89,80,14,26,7,0,1,8,0,0,8,21,0.325,0.386,0.45,0.836,36,,0,1,0,0,,player.fcgi?id=pohl--000con
Zach Ratcliff,24,2017,Ohio State,Big Ten,48,191,175,26,42,8,0,7,32,1,0,11,41,0.24,0.288,0.406,0.694,71,,2,0,3,0,,player.fcgi?id=ratcli000zac
Nate Romans*,21,2017,Ohio State,Big Ten,5,4,4,0,0,0,0,0,0,0,0,0,3,0,0,0,0,0,,0,0,0,0,,player.fcgi?id=romans000nat
Jalen Washington,22,2017,Ohio State,Big Ten,56,262,222,38,59,14,5,7,38,14,4,14,40,0.266,0.35,0.469,0.819,104,,17,5,4,0,,player.fcgi?id=washin000jal
Noah West,19,2017,Ohio State,Big Ten,37,105,89,11,19,3,1,1,6,2,1,8,27,0.214,0.29,0.303,0.593,27,,2,5,1,0,,player.fcgi?id=west--000noa
Jacob Barnwell,20,2018,Ohio State,Big Ten,57,227,188,36,49,8,1,2,27,5,2,28,47,0.261,0.369,0.346,0.715,65,,5,5,1,0,,player.fcgi?id=barnwe000jac
Dominic Canzone*,20,2018,Ohio State,Big Ten,60,293,257,51,83,18,1,4,35,15,3,31,29,0.323,0.395,0.448,0.843,115,,1,2,2,1,,player.fcgi?id=canzon000dom
Matt Carpenter#,21,2018,Ohio State,Big Ten,10,9,8,2,1,0,0,0,0,1,0,1,3,0.125,0.222,0.125,0.347,1,,0,0,0,0,,player.fcgi?id=carpen003mat
Brady Cherry,21,2018,Ohio State,Big Ten,46,187,159,33,36,11,1,3,28,1,2,21,57,0.226,0.321,0.365,0.686,58,,3,0,4,0,,player.fcgi?id=cherry001bra
Bo Coolen?,--,2018,Ohio State,Big Ten,39,94,81,10,21,4,0,1,9,1,0,9,17,0.259,0.33,0.346,0.675,28,,0,3,1,0,,player.fcgi?id=coolen000bo-
Tyler Cowles,22,2018,Ohio State,Big Ten,60,265,230,36,74,20,1,8,49,1,0,22,38,0.322,0.398,0.522,0.919,120,,9,1,3,0,,player.fcgi?id=cowles000tyl
Dillon Dingler,19,2018,Ohio State,Big Ten,53,204,176,31,43,8,1,4,17,1,0,21,29,0.244,0.332,0.369,0.701,65,,3,2,2,0,,player.fcgi?id=dingle000dil
Andrew Fishel*,21,2018,Ohio State,Big Ten,21,39,34,4,8,2,0,0,6,0,0,4,15,0.235,0.316,0.294,0.61,10,,0,1,0,0,,player.fcgi?id=fishel000and
Kobie Foppe,--,2018,Ohio State,Big Ten,55,259,200,47,67,6,2,0,29,8,2,34,28,0.335,0.441,0.385,0.826,77,,7,14,4,1,,player.fcgi?id=foppe-000kob
Malik Jones,21,2018,Ohio State,Big Ten,32,63,49,10,12,2,0,0,7,1,0,11,18,0.245,0.393,0.286,0.679,14,,1,2,0,0,,player.fcgi?id=jones-000mai
Noah McGowan,23,2018,Ohio State,Big Ten,59,274,228,45,80,19,1,9,55,0,0,33,46,0.351,0.438,0.561,0.999,128,,7,0,6,3,,player.fcgi?id=mcgowa000noa
Conner Pohl*,20,2018,Ohio State,Big Ten,60,271,229,41,64,5,0,7,49,4,1,36,38,0.28,0.383,0.393,0.776,90,,3,2,1,3,,player.fcgi?id=pohl--000con
Nate Romans*,22,2018,Ohio State,Big Ten,31,91,72,17,17,1,2,3,12,2,1,14,28,0.236,0.389,0.431,0.82,31,,4,1,0,0,,player.fcgi?id=romans000nat
Scottie Seymour,20,2018,Ohio State,Big Ten,3,4,4,0,0,0,0,0,1,0,0,0,0,0,0,0,0,0,,0,0,0,0,,player.fcgi?id=seymou000sco
Noah West,20,2018,Ohio State,Big Ten,45,166,130,18,29,6,0,1,22,0,1,26,40,0.223,0.364,0.292,0.657,38,,4,4,2,0,,player.fcgi?id=west--000noa
Ridge Winand*,22,2018,Ohio State,Big Ten,21,31,26,4,2,0,0,0,0,0,0,4,10,0.077,0.2,0.077,0.277,2,,0,1,0,0,,player.fcgi?id=winand000rid
Dominic Canzone*,21,2019,Ohio State,Big Ten,63,306,255,66,88,18,2,16,43,8,1,39,35,0.345,0.444,0.62,1.064,158,,9,0,3,7,,player.fcgi?id=canzon000dom
Matt Carpenter#,22,2019,Ohio State,Big Ten,42,202,179,25,46,8,2,0,15,5,2,11,41,0.257,0.302,0.324,0.626,58,,1,10,1,0,,player.fcgi?id=carpen003mat
Brady Cherry,22,2019,Ohio State,Big Ten,63,298,261,47,82,15,1,16,52,2,2,30,63,0.314,0.386,0.563,0.949,147,,3,0,4,4,,player.fcgi?id=cherry001bra
Nolan Clegg,20,2019,Ohio State,Big Ten,19,46,41,5,12,2,0,2,13,0,0,4,18,0.293,0.37,0.488,0.857,20,,1,0,0,0,,player.fcgi?id=clegg-000nol
Zach Dezenzo,19,2019,Ohio State,Big Ten,58,242,216,25,54,9,1,10,37,3,0,21,81,0.25,0.318,0.44,0.758,95,,1,3,1,1,,player.fcgi?id=dezenz000zac
Dillon Dingler,20,2019,Ohio State,Big Ten,49,201,165,31,48,9,2,3,19,8,1,27,23,0.291,0.392,0.424,0.816,70,,3,2,4,0,,player.fcgi?id=dingle000dil
Marcus Ernst*,19,2019,Ohio State,Big Ten,28,78,70,8,18,3,0,0,4,1,1,6,22,0.257,0.316,0.3,0.616,21,,0,2,0,1,,player.fcgi?id=ernst-000mar
Nick Erwin,19,2019,Ohio State,Big Ten,42,155,136,17,32,5,0,0,10,1,0,10,23,0.235,0.287,0.272,0.559,37,,1,5,3,0,,player.fcgi?id=erwin-000nic
Andrew Fishel*,22,2019,Ohio State,Big Ten,6,8,6,0,1,1,0,0,3,0,0,1,2,0.167,0.25,0.333,0.583,2,,0,0,1,0,,player.fcgi?id=fishel000and
Kobie Foppe,--,2019,Ohio State,Big Ten,31,128,98,14,15,2,1,0,8,1,1,18,14,0.153,0.289,0.194,0.483,19,,2,7,3,0,,player.fcgi?id=foppe-000kob
Aaron Hughes,20,2019,Ohio State,Big Ten,4,1,1,1,0,0,0,0,0,0,0,0,1,0,0,0,0,0,,0,0,0,0,,player.fcgi?id=hughes000aar
Malik Jones,22,2019,Ohio State,Big Ten,18,48,35,5,6,2,0,0,6,0,0,10,14,0.171,0.356,0.229,0.584,8,,0,3,0,0,,player.fcgi?id=jones-000mai
Conner Pohl*,21,2019,Ohio State,Big Ten,62,286,235,39,62,8,1,7,45,3,2,31,50,0.264,0.374,0.396,0.77,93,,14,0,6,0,,player.fcgi?id=pohl--000con
Nate Romans*,23,2019,Ohio State,Big Ten,20,63,52,7,10,0,0,2,8,2,0,5,19,0.192,0.302,0.308,0.609,16,,4,0,2,0,,player.fcgi?id=romans000nat
Scottie Seymour,21,2019,Ohio State,Big Ten,16,28,26,1,8,1,0,0,3,1,0,1,9,0.308,0.357,0.346,0.703,9,,1,0,0,0,,player.fcgi?id=seymou000sco
Brent Todys,21,2019,Ohio State,Big Ten,57,236,199,24,51,12,1,9,41,0,2,27,40,0.256,0.352,0.462,0.814,92,,4,3,3,0,,player.fcgi?id=todys-000bre
Noah West,21,2019,Ohio State,Big Ten,19,87,81,13,23,6,1,1,9,2,0,4,17,0.284,0.322,0.42,0.742,34,,1,0,1,0,,player.fcgi?id=west--000noa
Ridge Winand*,23,2019,Ohio State,Big Ten,50,172,144,22,35,2,2,3,12,1,0,20,36,0.243,0.347,0.347,0.695,50,,3,5,0,0,,player.fcgi?id=winand000rid
Colton Bauer,21,2020,Ohio State,Big Ten,11,37,34,6,10,1,0,0,5,0,0,3,8,0.294,0.351,0.324,0.675,11,,0,0,0,0,,player.fcgi?id=bauer-000col
Archer Brookman,21,2020,Ohio State,Big Ten,11,32,28,3,5,1,0,0,1,0,0,3,10,0.179,0.258,0.214,0.472,6,,0,1,0,0,,player.fcgi?id=brookm000arc
Matt Carpenter#,23,2020,Ohio State,Big Ten,7,17,14,2,0,0,0,0,0,0,0,3,9,0,0.177,0,0.177,0,,0,0,0,0,,player.fcgi?id=carpen003mat
Nolan Clegg,21,2020,Ohio State,Big Ten,10,39,33,5,11,3,0,1,3,1,0,3,11,0.333,0.395,0.515,0.91,17,,1,1,1,0,,player.fcgi?id=clegg-000nol
Zach Dezenzo,20,2020,Ohio State,Big Ten,14,60,53,5,10,4,0,0,7,1,0,6,18,0.189,0.267,0.264,0.531,14,,0,0,1,0,,player.fcgi?id=dezenz000zac
Dillon Dingler,21,2020,Ohio State,Big Ten,13,58,50,12,17,4,1,5,14,1,2,4,7,0.34,0.404,0.76,1.164,38,,2,1,1,0,,player.fcgi?id=dingle000dil
Marcus Ernst*,20,2020,Ohio State,Big Ten,6,12,9,1,2,0,0,0,1,1,0,2,4,0.222,0.417,0.222,0.639,2,,1,0,0,0,,player.fcgi?id=ernst-000mar
Nick Erwin,20,2020,Ohio State,Big Ten,9,22,19,3,7,0,0,1,8,0,0,1,4,0.368,0.364,0.526,0.89,10,,0,0,2,0,,player.fcgi?id=erwin-000nic
Aaron Hughes,21,2020,Ohio State,Big Ten,8,4,2,3,0,0,0,0,0,0,0,2,0,0,0.5,0,0.5,0,,0,0,0,0,,player.fcgi?id=hughes000aar
Nate Karaffa,19,2020,Ohio State,Big Ten,13,56,51,11,10,1,0,1,9,2,0,4,16,0.196,0.268,0.275,0.542,14,,1,0,0,0,,player.fcgi?id=karaff000nat
Mitchell Okuley*,19,2020,Ohio State,Big Ten,8,25,20,5,6,1,1,0,2,1,0,4,4,0.3,0.44,0.45,0.89,9,,1,0,0,0,,player.fcgi?id=okuley000mit
Conner Pohl*,22,2020,Ohio State,Big Ten,13,58,49,8,12,4,0,1,7,1,1,6,9,0.245,0.362,0.388,0.75,19,,3,0,0,1,,player.fcgi?id=pohl--000con
Scottie Seymour,22,2020,Ohio State,Big Ten,8,28,22,3,4,0,0,0,4,1,0,3,5,0.182,0.357,0.182,0.539,4,,3,0,0,0,,player.fcgi?id=seymou000sco
Brent Todys,22,2020,Ohio State,Big Ten,13,59,43,6,11,1,0,0,5,0,0,14,6,0.256,0.441,0.279,0.72,12,,1,0,1,0,,player.fcgi?id=todys-000bre
Noah West,22,2020,Ohio State,Big Ten,9,28,24,4,3,0,0,1,3,1,0,3,13,0.125,0.25,0.25,0.5,6,,1,0,0,0,,player.fcgi?id=west--000noa
Sam Wilson,21,2020,Ohio State,Big Ten,10,36,29,2,8,1,0,0,3,1,1,4,5,0.276,0.389,0.31,0.699,9,,2,0,1,0,,player.fcgi?id=wilson004sam
Colton Bauer,22,2021,Ohio State,Big Ten,33,127,108,16,26,4,2,2,13,0,2,16,29,0.241,0.347,0.37,0.717,40,,2,0,1,0,,player.fcgi?id=bauer-000col
Archer Brookman,22,2021,Ohio State,Big Ten,23,85,71,12,15,2,0,4,9,0,1,11,19,0.211,0.333,0.409,0.742,29,,2,1,0,0,,player.fcgi?id=brookm000arc
Nolan Clegg,22,2021,Ohio State,Big Ten,10,15,11,1,2,0,0,0,1,0,0,4,5,0.182,0.4,0.182,0.582,2,,0,0,0,0,,player.fcgi?id=clegg-000nol
Zach Dezenzo,21,2021,Ohio State,Big Ten,42,191,169,35,51,11,2,9,31,0,1,18,47,0.302,0.382,0.55,0.933,93,,4,0,0,0,,player.fcgi?id=dezenz000zac
Marcus Ernst*,21,2021,Ohio State,Big Ten,32,101,83,9,17,5,0,0,5,5,1,14,22,0.205,0.333,0.265,0.598,22,,2,2,0,0,,player.fcgi?id=ernst-000mar
Nick Erwin,21,2021,Ohio State,Big Ten,38,152,126,24,30,3,3,0,16,1,1,18,23,0.238,0.345,0.31,0.654,39,,3,4,1,0,,player.fcgi?id=erwin-000nic
Aaron Hughes,22,2021,Ohio State,Big Ten,7,4,3,0,0,0,0,0,0,0,0,0,3,0,0.25,0,0.25,0,,1,0,0,0,,player.fcgi?id=hughes000aar
Caiden Kaiser?,--,2021,Ohio State,Big Ten,14,33,28,5,4,0,0,0,1,1,0,4,12,0.143,0.242,0.143,0.385,4,,0,0,1,0,,player.fcgi?id=kaiser000cai
Nate Karaffa,20,2021,Ohio State,Big Ten,18,57,49,6,9,1,0,1,6,1,1,3,22,0.184,0.268,0.265,0.533,13,,3,1,1,0,,player.fcgi?id=karaff000nat
Kade Kern,19,2021,Ohio State,Big Ten,42,184,160,22,52,10,1,2,30,9,2,18,36,0.325,0.391,0.438,0.829,70,,2,0,4,2,,player.fcgi?id=kern--000kad
Mitchell Okuley*,20,2021,Ohio State,Big Ten,42,181,154,30,33,8,0,7,19,3,0,19,47,0.214,0.318,0.403,0.721,62,,5,2,1,0,,player.fcgi?id=okuley000mit
Conner Pohl*,23,2021,Ohio State,Big Ten,42,181,157,29,42,10,0,13,36,4,2,20,32,0.268,0.365,0.58,0.944,91,,4,0,0,2,,player.fcgi?id=pohl--000con
Scottie Seymour,23,2021,Ohio State,Big Ten,12,32,27,4,5,1,2,0,2,0,0,5,17,0.185,0.313,0.37,0.683,10,,0,0,0,0,,player.fcgi?id=seymou000sco
Brent Todys,23,2021,Ohio State,Big Ten,35,147,131,18,35,9,0,2,20,1,1,13,28,0.267,0.329,0.382,0.711,50,,0,1,2,0,,player.fcgi?id=todys-000bre
Sam Wilson,22,2021,Ohio State,Big Ten,34,146,126,14,25,8,0,3,14,3,1,15,43,0.198,0.299,0.333,0.632,42,,3,2,0,0,,player.fcgi?id=wilson004sam
Joey Aden,21,2022,Ohio State,Big Ten,9,6,5,1,0,0,0,0,1,0,0,1,2,0,0.167,0,0.167,0,0,0,0,0,0,,player.fcgi?id=aden--000joe
Colton Bauer,23,2022,Ohio State,Big Ten,39,148,134,26,35,6,0,4,28,1,0,9,41,0.261,0.324,0.396,0.72,53,0,4,0,1,0,,player.fcgi?id=bauer-000col
Archer Brookman,23,2022,Ohio State,Big Ten,42,158,137,26,41,10,0,2,22,1,1,13,23,0.299,0.363,0.416,0.779,57,2,3,1,4,0,,player.fcgi?id=brookm000arc
Nolan Clegg,23,2022,Ohio State,Big Ten,5,2,2,0,1,0,0,0,0,0,0,0,1,0.5,0.5,0.5,1,1,0,0,0,0,0,,player.fcgi?id=clegg-000nol
Zach Dezenzo,22,2022,Ohio State,Big Ten,51,242,207,54,66,18,2,19,56,0,0,28,50,0.319,0.413,0.701,1.114,145,3,6,0,1,1,,player.fcgi?id=dezenz000zac
Marcus Ernst*,22,2022,Ohio State,Big Ten,51,246,199,42,67,7,2,4,24,1,7,39,30,0.337,0.441,0.452,0.893,90,3,2,1,5,2,,player.fcgi?id=ernst-000mar
Nick Erwin,22,2022,Ohio State,Big Ten,1,3,1,1,0,0,0,0,0,0,0,2,1,0,0.667,0,0.667,0,0,0,0,0,0,,player.fcgi?id=erwin-000nic
Caiden Kaiser?,--,2022,Ohio State,Big Ten,16,15,14,4,4,2,0,0,2,0,0,1,6,0.286,0.333,0.429,0.762,6,0,0,0,0,0,,player.fcgi?id=kaiser000cai
Kade Kern,20,2022,Ohio State,Big Ten,49,209,191,29,57,15,1,9,49,11,2,15,41,0.298,0.354,0.529,0.883,101,3,2,0,1,0,,player.fcgi?id=kern--000kad
Trey Lipsey*,19,2022,Ohio State,Big Ten,50,225,164,37,48,6,2,7,26,14,3,34,22,0.293,0.461,0.482,0.943,79,2,18,8,1,1,,player.fcgi?id=lipsey000tre
Josh McAlister,19,2022,Ohio State,Big Ten,18,48,35,9,9,3,0,0,2,0,0,8,11,0.257,0.447,0.343,0.79,12,1,4,1,0,0,,player.fcgi?id=mcalis001jos
Mitchell Okuley*,21,2022,Ohio State,Big Ten,49,201,164,37,47,5,1,8,30,2,1,24,32,0.287,0.397,0.476,0.873,78,3,8,2,3,0,,player.fcgi?id=okuley000mit
Tyler Pettorini*,19,2022,Ohio State,Big Ten,34,121,110,15,24,6,0,0,14,4,1,5,14,0.218,0.25,0.273,0.523,30,3,1,1,4,0,,player.fcgi?id=pettor000tyl
Drew Reckart,23,2022,Ohio State,Big Ten,38,132,103,20,18,3,0,6,14,0,0,24,31,0.175,0.344,0.379,0.722,39,5,3,1,1,0,,player.fcgi?id=reckar000dre
Blayne Robinson*,22,2022,Ohio State,Big Ten,30,111,96,21,24,8,1,4,13,1,0,12,33,0.25,0.342,0.479,0.822,46,1,2,0,1,0,,player.fcgi?id=robins002bla
Hank Thomas*,20,2022,Ohio State,Big Ten,22,70,60,8,14,3,1,1,8,0,1,7,25,0.233,0.343,0.367,0.71,22,0,3,0,0,0,,player.fcgi?id=thomas000han
Brent Todys,24,2022,Ohio State,Big Ten,38,149,139,21,44,10,0,4,23,0,1,9,30,0.317,0.358,0.475,0.833,66,1,0,1,0,0,,player.fcgi?id=todys-000bre
Joey Aden,22,2023,Ohio State,Big Ten,11,15,11,4,4,2,0,0,2,1,0,3,3,0.364,0.5,0.546,1.046,6,0,0,1,0,0,,player.fcgi?id=aden--000joe
Cole Andrews,23,2023,Ohio State,Big Ten,45,198,156,26,42,10,2,8,41,2,0,35,34,0.269,0.419,0.513,0.932,80,4,6,0,1,0,,player.fcgi?id=andrew000col
Marcus Ernst*,23,2023,Ohio State,Big Ten,45,208,167,42,46,7,0,7,33,2,1,32,50,0.275,0.418,0.443,0.861,74,1,9,0,0,0,,player.fcgi?id=ernst-000mar
Nick Erwin,23,2023,Ohio State,Big Ten,54,222,183,35,53,12,0,1,24,7,0,35,38,0.29,0.398,0.372,0.77,68,2,0,1,3,0,,player.fcgi?id=erwin-000nic
Zach Freeman*,21,2023,Ohio State,Big Ten,1,1,1,0,1,1,0,0,0,0,0,0,0,1,1,2,3,2,0,0,0,0,0,,player.fcgi?id=freema004zac
Matthew Graveline,19,2023,Ohio State,Big Ten,50,224,195,45,56,8,2,4,35,11,2,26,56,0.287,0.375,0.41,0.785,80,2,2,0,1,0,,player.fcgi?id=gravel001mat
Drew Jones,19,2023,Ohio State,Big Ten,2,2,1,1,0,0,0,0,0,0,0,1,1,0,0.5,0,0.5,0,0,0,0,0,0,,player.fcgi?id=jones-018and
Henry Kaczmar*,20,2023,Ohio State,Big Ten,55,239,208,29,61,10,1,7,46,7,3,26,49,0.293,0.377,0.452,0.829,94,1,3,0,2,0,,player.fcgi?id=kaczma000hen
Caiden Kaiser?,--,2023,Ohio State,Big Ten,30,78,59,11,15,2,0,1,14,1,1,14,14,0.254,0.403,0.339,0.742,20,0,2,1,2,0,,player.fcgi?id=kaiser000cai
Kade Kern,21,2023,Ohio State,Big Ten,44,199,166,38,47,11,1,6,22,16,3,30,38,0.283,0.402,0.47,0.872,78,3,3,0,0,0,,player.fcgi?id=kern--000kad
Trey Lipsey*,20,2023,Ohio State,Big Ten,43,198,163,26,41,5,2,3,28,9,3,20,46,0.252,0.366,0.362,0.728,59,0,11,1,3,0,,player.fcgi?id=lipsey000tre
Josh McAlister,20,2023,Ohio State,Big Ten,36,142,110,26,22,1,2,4,18,8,1,25,32,0.2,0.364,0.355,0.719,39,0,4,2,1,0,,player.fcgi?id=mcalis001jos
Mitchell Okuley*,22,2023,Ohio State,Big Ten,54,221,173,39,41,5,2,9,34,8,4,38,47,0.237,0.386,0.445,0.832,77,2,6,1,3,0,,player.fcgi?id=okuley000mit
Tyler Pettorini*,20,2023,Ohio State,Big Ten,42,166,149,27,47,8,3,4,28,7,0,10,31,0.315,0.368,0.49,0.857,73,1,4,0,3,0,,player.fcgi?id=pettor000tyl
Blayne Robinson*,23,2023,Ohio State,Big Ten,19,1,1,0,0,0,0,0,0,0,0,0,1,0,0,0,0,0,0,0,0,0,0,,player.fcgi?id=robins002bla
Hunter Rosson,23,2023,Ohio State,Big Ten,22,27,21,8,5,0,0,2,5,2,1,5,8,0.238,0.37,0.524,0.894,11,0,0,0,1,0,,player.fcgi?id=rosson000hun
Hank Thomas*,21,2023,Ohio State,Big Ten,29,94,78,15,18,4,0,4,15,2,0,13,27,0.231,0.34,0.436,0.776,34,1,1,0,2,0,,player.fcgi?id=thomas000han
Isaac Cadena*,19,2024,Ohio State,Big Ten,27,91,80,14,21,10,1,3,20,4,1,6,18,0.263,0.341,0.525,0.866,42,0,4,0,1,0,,player.fcgi?id=cadena000isa
Will Carpenter*,23,2024,Ohio State,Big Ten,3,3,2,1,0,0,0,0,0,0,0,1,1,0,0.333,0,0.333,0,0,0,0,0,0,,player.fcgi?id=carpen007wil
Mason Eckelman*,19,2024,Ohio State,Big Ten,14,39,35,5,6,1,0,0,5,0,0,4,10,0.171,0.256,0.2,0.456,7,0,0,0,0,0,,player.fcgi?id=eckelm000mas
Nolan Farley,19,2024,Ohio State,Big Ten,12,17,15,1,1,0,0,0,0,0,0,1,5,0.067,0.177,0.067,0.243,1,1,1,0,0,0,,player.fcgi?id=farley000nol
Zach Fjelstad*,20,2024,Ohio State,Big Ten,17,59,46,8,12,4,0,0,9,0,1,10,10,0.261,0.414,0.348,0.762,16,0,2,1,0,0,,player.fcgi?id=fjelst000zac
Zach Freeman*,22,2024,Ohio State,Big Ten,5,5,3,4,1,0,1,0,1,0,0,2,1,0.333,0.6,1,1.6,3,0,0,0,0,0,,player.fcgi?id=freema004zac
Nick Giamarusti,21,2024,Ohio State,Big Ten,39,130,101,28,29,5,4,4,25,15,2,16,29,0.287,0.426,0.535,0.961,54,0,10,1,2,0,,player.fcgi?id=giamar000nic
Matthew Graveline,20,2024,Ohio State,Big Ten,53,247,199,44,56,14,2,5,25,13,3,40,48,0.281,0.409,0.447,0.856,89,5,5,0,3,1,,player.fcgi?id=gravel001mat
Will Henson,21,2024,Ohio State,Big Ten,8,9,8,3,1,0,0,0,0,0,0,1,3,0.125,0.222,0.125,0.347,1,0,0,0,0,0,,player.fcgi?id=henson002wil
Henry Kaczmar*,21,2024,Ohio State,Big Ten,55,265,225,53,72,10,2,7,36,5,4,30,44,0.32,0.417,0.476,0.892,107,2,8,1,1,1,,player.fcgi?id=kaczma000hen
Trey Lipsey*,21,2024,Ohio State,Big Ten,50,243,198,41,53,10,3,6,42,10,6,34,52,0.268,0.388,0.439,0.828,87,3,7,1,3,1,,player.fcgi?id=lipsey000tre
Joseph Mershon#,23,2024,Ohio State,Big Ten,53,235,174,42,52,10,4,4,29,16,2,41,31,0.299,0.451,0.471,0.922,82,2,12,2,6,0,,player.fcgi?id=mersho000jos
Ryan Miller*,21,2024,Ohio State,Big Ten,30,94,71,20,18,5,0,5,23,1,0,17,31,0.254,0.426,0.535,0.961,38,0,5,0,1,0,,player.fcgi?id=miller017rya
Mitchell Okuley*,23,2024,Ohio State,Big Ten,55,247,194,42,61,17,0,4,43,6,3,39,54,0.314,0.453,0.464,0.917,90,1,12,0,2,0,,player.fcgi?id=okuley000mit
Alonzo Paul,20,2024,Ohio State,Big Ten,1,1,1,0,0,0,0,0,0,0,0,0,0,0,0,0,0,0,0,0,0,0,0,,player.fcgi?id=paul--000alo
Tyler Pettorini*,21,2024,Ohio State,Big Ten,55,253,220,38,68,9,3,9,49,9,5,24,39,0.309,0.383,0.5,0.883,110,1,5,0,4,0,,player.fcgi?id=pettor000tyl
CJ Richard,20,2024,Ohio State,Big Ten,10,4,4,3,0,0,0,0,0,0,0,0,2,0,0,0,0,0,0,0,0,0,0,,player.fcgi?id=richar000cj-
Hunter Rosson,24,2024,Ohio State,Big Ten,37,87,68,16,17,3,0,4,27,2,2,13,27,0.25,0.365,0.471,0.835,32,0,1,2,3,0,,player.fcgi?id=rosson000hun
Josh Stevenson*,22,2024,Ohio State,Big Ten,55,212,176,35,44,10,0,5,30,7,1,25,66,0.25,0.36,0.392,0.752,69,0,7,1,3,0,,player.fcgi?id=steven008jos
Hank Thomas*,22,2024,Ohio State,Big Ten,18,49,39,5,8,0,0,1,6,2,0,8,15,0.205,0.367,0.282,0.649,11,0,2,0,0,0,,player.fcgi?id=thomas000han
Reggie Bussey*,20,2025,Ohio State,Big Ten,45,179,137,33,36,4,3,1,17,9,6,30,32,0.263,0.398,0.358,0.755,49,1,2,8,2,0,,player.fcgi?id=bussey000reg
Will Carpenter*,24,2025,Ohio State,Big Ten,35,134,109,21,28,8,1,3,19,3,1,19,35,0.257,0.371,0.431,0.802,47,0,2,2,2,0,,player.fcgi?id=carpen007wil
Mason Eckelman*,20,2025,Ohio State,Big Ten,50,217,178,30,50,9,2,5,29,1,0,26,35,0.281,0.406,0.438,0.844,78,0,12,0,1,0,,player.fcgi?id=eckelm000mas
Lee Ellis,20,2025,Ohio State,Big Ten,38,175,142,30,42,6,2,7,34,7,1,21,32,0.296,0.408,0.514,0.922,73,0,8,1,3,0,,player.fcgi?id=ellis-002lee
Zach Freeman*,23,2025,Ohio State,Big Ten,5,15,14,1,2,1,0,0,0,0,0,1,2,0.143,0.2,0.214,0.414,3,0,0,0,0,0,,player.fcgi?id=freema004zac
Nick Giamarusti,22,2025,Ohio State,Big Ten,35,135,109,25,21,4,0,5,14,15,1,15,27,0.193,0.333,0.367,0.7,40,0,8,3,0,0,,player.fcgi?id=giamar000nic
Matthew Graveline,21,2025,Ohio State,Big Ten,50,229,195,39,55,11,2,10,53,5,3,27,56,0.282,0.371,0.513,0.884,100,1,3,0,4,0,,player.fcgi?id=gravel001mat
Trey Lipsey*,22,2025,Ohio State,Big Ten,50,242,180,57,54,13,1,7,29,15,2,42,37,0.3,0.469,0.5,0.969,90,2,17,1,2,0,,player.fcgi?id=lipsey000tre
Ryan Miller*,22,2025,Ohio State,Big Ten,33,133,112,25,27,3,0,9,21,3,0,9,39,0.241,0.361,0.509,0.87,57,1,12,0,0,0,,player.fcgi?id=miller017rya
Sal Mineo*,19,2025,Ohio State,Big Ten,24,73,64,13,12,1,1,0,7,2,0,7,23,0.188,0.278,0.234,0.512,15,0,1,1,0,0,,player.fcgi?id=mineo-000sal
Alonzo Paul,21,2025,Ohio State,Big Ten,7,11,11,0,2,1,0,0,1,0,0,0,1,0.182,0.182,0.273,0.455,3,0,0,0,0,0,,player.fcgi?id=paul--000alo
Tyler Pettorini*,22,2025,Ohio State,Big Ten,50,236,207,37,66,12,1,10,45,10,2,22,34,0.319,0.39,0.531,0.921,110,1,4,0,3,1,,player.fcgi?id=pettor000tyl
Anthony Scheppler*,18,2025,Ohio State,Big Ten,4,5,4,1,0,0,0,0,0,0,0,1,2,0,0.2,0,0.2,0,0,0,0,0,0,,player.fcgi?id=schepp000ant
Maddix Simpson,19,2025,Ohio State,Big Ten,36,140,114,18,27,6,0,2,24,1,4,17,25,0.237,0.353,0.342,0.695,39,0,5,1,3,0,,player.fcgi?id=simpso000mad
Marc Stephens,21,2025,Ohio State,Big Ten,15,62,61,6,11,5,0,0,4,0,0,1,14,0.18,0.194,0.262,0.456,16,1,0,0,0,0,,player.fcgi?id=stephe003mar
Alex Bemis,21,2026,Ohio State,Big Ten,54,244,193,47,49,9,1,8,35,8,7,35,50,0.254,0.397,0.435,0.832,84,0,12,2,2,0,,player.fcgi?id=bemis-000ale
Steven Cavaco*,18,2026,Ohio State,Big Ten,15,55,46,9,6,1,0,0,2,2,0,6,17,0.13,0.273,0.152,0.425,7,0,3,0,0,0,,player.fcgi?id=cavaco000ste
Mason Eckelman*,21,2026,Ohio State,Big Ten,53,237,194,42,59,15,4,8,47,2,1,32,34,0.304,0.422,0.546,0.968,106,4,9,0,2,1,,player.fcgi?id=eckelm000mas
Lee Ellis,21,2026,Ohio State,Big Ten,48,218,173,39,44,12,4,7,32,17,2,20,61,0.254,0.376,0.491,0.867,85,1,16,5,4,0,,player.fcgi?id=ellis-002lee
Noah Furcht,23,2026,Ohio State,Big Ten,55,254,209,43,58,12,1,11,40,7,2,29,52,0.278,0.393,0.502,0.895,105,1,12,2,2,0,,player.fcgi?id=furcht000noa
Dane Harvey*,21,2026,Ohio State,Big Ten,49,212,177,38,58,14,0,19,57,1,1,18,44,0.328,0.415,0.729,1.144,129,2,12,0,5,4,,player.fcgi?id=harvey003dan
Henry Kaczmar*,23,2026,Ohio State,Big Ten,55,261,225,50,71,26,0,12,47,7,1,27,46,0.316,0.398,0.591,0.989,133,2,5,2,2,0,,player.fcgi?id=kaczma000hen
Grant Mangrum,23,2026,Ohio State,Big Ten,34,132,114,25,22,4,1,4,18,2,0,11,37,0.193,0.282,0.351,0.633,40,0,4,1,2,0,,player.fcgi?id=mangru000gra
Jacob Parr*,19,2026,Ohio State,Big Ten,12,34,33,3,6,0,0,1,4,0,1,1,12,0.182,0.206,0.273,0.479,9,1,0,0,0,0,,player.fcgi?id=parr--002jac
CJ Reid*,21,2026,Ohio State,Big Ten,28,100,84,14,16,3,0,1,11,2,1,13,27,0.191,0.313,0.262,0.575,22,1,2,1,0,0,,player.fcgi?id=reid--000cj-
Austin Rose,19,2026,Ohio State,Big Ten,3,6,6,0,0,0,0,0,0,0,0,0,6,0,0,0,0,0,0,0,0,0,0,,player.fcgi?id=rose--000aus
Maddix Simpson,20,2026,Ohio State,Big Ten,53,227,184,33,52,8,1,4,31,4,0,24,43,0.283,0.373,0.402,0.775,74,1,6,7,6,0,,player.fcgi?id=simpso000mad
Miles Vandenheuvel,21,2026,Ohio State,Big Ten,54,221,180,32,37,4,1,3,26,10,2,23,52,0.206,0.33,0.289,0.619,52,3,11,6,1,0,,player.fcgi?id=vanden000mil
Gavin West,21,2026,Ohio State,Big Ten,3,10,8,0,1,0,0,0,1,0,0,2,4,0.125,0.3,0.125,0.425,1,0,0,0,0,0,,player.fcgi?id=west--000gav
Sam August?,--,2011,Penn State,Big Ten,5,5,5,0,1,0,0,0,0,0,0,0,2,0.2,0.2,0.2,0.4,1,,0,0,0,,,player.fcgi?id=august002sam
Ryan Clark?,--,2011,Penn State,Big Ten,38,149,134,18,31,8,2,5,16,0,3,12,49,0.231,0.309,0.433,0.742,58,,3,0,0,,,player.fcgi?id=clark-005rya
Joey DeBernardis,21,2011,Penn State,Big Ten,54,241,207,36,68,24,1,0,33,2,1,25,36,0.329,0.411,0.454,0.865,94,,6,0,3,,,player.fcgi?id=debern001jos
Sean Deegan?,--,2011,Penn State,Big Ten,53,249,222,54,74,18,5,12,40,14,2,23,60,0.333,0.395,0.622,1.017,138,,1,1,2,,,player.fcgi?id=deegan000sea
Zach Ell?,--,2011,Penn State,Big Ten,15,25,20,3,3,0,0,0,1,0,0,4,6,0.15,0.32,0.15,0.47,3,,1,0,0,,,player.fcgi?id=ell---000zac
Mario Eramo?,--,2011,Penn State,Big Ten,51,212,174,27,35,7,0,9,29,5,3,32,63,0.201,0.335,0.397,0.732,69,,4,0,2,,,player.fcgi?id=eramo-000mar
Gaston Escudero?,--,2011,Penn State,Big Ten,5,5,5,0,1,0,0,0,1,0,0,0,1,0.2,0.2,0.2,0.4,1,,0,0,0,,,player.fcgi?id=escude000gas
Alex Farkes?,--,2011,Penn State,Big Ten,20,57,43,5,10,1,0,0,5,0,1,10,10,0.233,0.421,0.256,0.677,11,,4,0,0,,,player.fcgi?id=farkes000ale
Michael Glantz,23,2011,Penn State,Big Ten,38,148,122,15,24,9,0,0,10,2,1,18,40,0.197,0.324,0.271,0.595,33,,5,3,0,,,player.fcgi?id=glantz000mic
Bobby Jacobs?,--,2011,Penn State,Big Ten,45,187,155,14,44,6,0,0,25,0,1,20,32,0.284,0.385,0.323,0.708,50,,8,0,4,,,player.fcgi?id=jacobs000bob
Blake Lynd?,--,2011,Penn State,Big Ten,42,161,134,26,31,3,0,0,11,13,2,19,24,0.231,0.344,0.254,0.598,34,,4,4,0,,,player.fcgi?id=lynd--000bla
Luis Montesinos?,--,2011,Penn State,Big Ten,54,238,207,34,51,6,1,0,23,3,0,17,40,0.246,0.326,0.285,0.611,59,,8,5,1,,,player.fcgi?id=montes002lui
Elliot Searer?,--,2011,Penn State,Big Ten,49,196,173,16,37,7,2,0,7,2,4,12,40,0.214,0.267,0.278,0.545,48,,1,9,1,,,player.fcgi?id=searer000ell
Jordan Steranka*,21,2011,Penn State,Big Ten,54,243,217,46,70,14,5,8,57,6,1,25,34,0.323,0.391,0.544,0.935,118,,0,0,1,,,player.fcgi?id=steran000jor
Sam August?,--,2012,Penn State,Big Ten,4,5,5,0,0,0,0,0,0,0,0,0,1,0,0,0,0,0,,0,0,0,0,,player.fcgi?id=august002sam
Ryan Clark?,--,2012,Penn State,Big Ten,15,45,39,5,3,2,0,0,1,1,0,5,14,0.077,0.182,0.128,0.31,5,,0,1,0,0,,player.fcgi?id=clark-005rya
J.C. Coban,19,2012,Penn State,Big Ten,29,110,103,15,32,6,2,3,18,2,0,5,13,0.311,0.343,0.495,0.838,51,,0,2,0,0,,player.fcgi?id=coban-000jc-
Joey DeBernardis,22,2012,Penn State,Big Ten,56,247,213,37,58,15,4,8,36,2,2,24,41,0.272,0.368,0.493,0.861,105,,9,0,1,1,,player.fcgi?id=debern001jos
Sean Deegan?,--,2012,Penn State,Big Ten,56,251,237,37,57,10,4,12,42,3,0,11,71,0.241,0.28,0.468,0.748,111,,2,1,0,1,,player.fcgi?id=deegan000sea
Zach Ell?,--,2012,Penn State,Big Ten,26,88,73,11,16,2,0,0,8,1,1,10,19,0.219,0.329,0.247,0.576,18,,2,3,0,0,,player.fcgi?id=ell---000zac
Alex Farkes?,--,2012,Penn State,Big Ten,25,94,83,11,17,0,0,2,7,1,1,7,21,0.205,0.28,0.277,0.557,23,,2,1,1,0,,player.fcgi?id=farkes000ale
Luis Montesinos?,--,2012,Penn State,Big Ten,55,232,200,23,56,11,0,0,16,4,3,15,28,0.28,0.346,0.335,0.681,67,,5,12,0,0,,player.fcgi?id=montes002lui
Aaron Novak?,--,2012,Penn State,Big Ten,42,173,144,22,31,5,1,2,17,0,1,25,45,0.215,0.337,0.306,0.643,44,,2,1,1,0,,player.fcgi?id=novak-000aar
Matt Paradise?,--,2012,Penn State,Big Ten,15,41,34,1,6,1,0,0,1,0,0,3,6,0.177,0.282,0.206,0.488,7,,2,2,0,1,,player.fcgi?id=paradi000mat
Sean Parvin?,--,2012,Penn State,Big Ten,8,14,13,0,1,0,0,0,1,0,0,0,2,0.077,0.077,0.077,0.154,1,,0,1,0,0,,player.fcgi?id=parvin000sea
Elliot Searer?,--,2012,Penn State,Big Ten,53,209,177,16,41,11,1,0,14,5,2,21,29,0.232,0.318,0.305,0.624,54,,2,8,1,0,,player.fcgi?id=searer000ell
Taylor Skerpon?,--,2012,Penn State,Big Ten,14,16,13,3,1,0,0,0,2,0,0,3,4,0.077,0.25,0.077,0.327,1,,0,0,0,0,,player.fcgi?id=skerpo000tay
Steve Snyder?,--,2012,Penn State,Big Ten,54,238,209,31,54,7,2,0,14,10,3,16,43,0.258,0.333,0.311,0.644,65,,8,4,1,0,,player.fcgi?id=snyder003ste
Jordan Steranka*,22,2012,Penn State,Big Ten,56,243,226,35,82,20,2,11,40,2,1,13,39,0.363,0.395,0.615,1.01,139,,1,0,3,4,,player.fcgi?id=steran000jor
J.J. White?,--,2012,Penn State,Big Ten,33,124,107,8,23,0,0,0,12,1,0,13,29,0.215,0.307,0.215,0.522,23,,2,0,2,0,,player.fcgi?id=white-000jj-
Sam August?,--,2013,Penn State,Big Ten,7,11,10,0,2,0,0,0,0,0,0,1,1,0.2,0.273,0.2,0.473,2,,0,0,0,0,,player.fcgi?id=august002sam
James Coates*,19,2013,Penn State,Big Ten,49,204,170,27,49,2,1,0,17,9,1,24,24,0.288,0.385,0.312,0.697,53,,4,4,2,2,,player.fcgi?id=coates002jam
J.C. Coban,20,2013,Penn State,Big Ten,42,178,169,18,51,7,0,2,25,6,2,7,24,0.302,0.337,0.379,0.716,64,,2,0,0,0,,player.fcgi?id=coban-000jc-
Zach Ell?,--,2013,Penn State,Big Ten,26,85,75,6,18,3,0,1,10,0,1,8,24,0.24,0.321,0.32,0.641,24,,1,1,0,0,,player.fcgi?id=ell---000zac
Alex Farkes?,--,2013,Penn State,Big Ten,36,128,112,18,29,2,0,1,12,0,1,6,19,0.259,0.325,0.304,0.629,34,,5,5,0,0,,player.fcgi?id=farkes000ale
Colin Keefe?,--,2013,Penn State,Big Ten,5,15,12,1,1,1,0,0,0,0,0,3,4,0.083,0.267,0.167,0.433,2,,0,0,0,0,,player.fcgi?id=keefe-000col
Tyler Kendall,20,2013,Penn State,Big Ten,22,66,60,7,19,2,0,0,11,1,0,3,15,0.317,0.344,0.35,0.694,21,,0,2,1,0,,player.fcgi?id=kendal000tyl
Luis Montesinos?,--,2013,Penn State,Big Ten,47,197,174,17,50,7,2,1,24,3,1,11,20,0.287,0.342,0.368,0.71,64,,4,7,1,1,,player.fcgi?id=montes002lui
Aaron Novak?,--,2013,Penn State,Big Ten,34,129,111,19,28,7,0,1,8,2,0,12,37,0.252,0.344,0.342,0.686,38,,4,1,1,0,,player.fcgi?id=novak-000aar
Matt Paradise?,--,2013,Penn State,Big Ten,16,51,43,4,7,3,0,0,4,0,0,7,13,0.163,0.294,0.233,0.527,10,,1,0,0,0,,player.fcgi?id=paradi000mat
Ryan Richter?,--,2013,Penn State,Big Ten,7,5,3,0,1,0,0,0,0,0,0,0,1,0.333,0.5,0.333,0.833,1,,1,1,0,0,,player.fcgi?id=richte000rya
Elliot Searer?,--,2013,Penn State,Big Ten,43,177,160,21,43,7,1,0,18,4,1,10,34,0.269,0.308,0.325,0.633,52,,0,5,2,0,,player.fcgi?id=searer000ell
Taylor Skerpon?,--,2013,Penn State,Big Ten,38,169,128,15,32,6,0,1,18,5,3,30,25,0.25,0.383,0.32,0.703,41,,0,7,4,0,,player.fcgi?id=skerpo000tay
Ryky Smith?,--,2013,Penn State,Big Ten,23,87,77,9,16,2,0,0,7,1,0,5,13,0.208,0.265,0.234,0.499,18,,1,4,0,0,,player.fcgi?id=smith-000ryk
Steve Snyder?,--,2013,Penn State,Big Ten,49,230,199,23,52,4,1,0,12,5,10,26,35,0.261,0.351,0.292,0.642,58,,2,2,1,0,,player.fcgi?id=snyder003ste
J.J. White?,--,2013,Penn State,Big Ten,42,173,153,18,33,4,1,0,14,1,1,14,30,0.216,0.298,0.255,0.553,39,,4,2,0,0,,player.fcgi?id=white-000jj-
Sam August?,--,2014,Penn State,Big Ten,12,18,17,0,3,0,0,0,1,0,0,1,8,0.177,0.222,0.177,0.399,3,,0,0,0,0,,player.fcgi?id=august002sam
James Coates*,20,2014,Penn State,Big Ten,38,172,137,20,38,6,1,1,15,5,5,25,19,0.277,0.393,0.358,0.751,49,,3,4,3,0,,player.fcgi?id=coates002jam
Zach Ell?,--,2014,Penn State,Big Ten,36,131,115,15,30,7,0,0,10,7,4,10,20,0.261,0.328,0.322,0.65,37,,2,3,1,0,,player.fcgi?id=ell---000zac
Alex Farkes?,--,2014,Penn State,Big Ten,27,78,63,8,9,2,0,0,3,1,0,10,21,0.143,0.28,0.175,0.455,11,,2,3,0,0,,player.fcgi?id=farkes000ale
Greg Guers*,21,2014,Penn State,Big Ten,48,202,179,25,44,9,3,2,27,1,1,16,34,0.246,0.304,0.363,0.667,65,,1,1,5,3,,player.fcgi?id=guers-000gre
Jim Haley,19,2014,Penn State,Big Ten,44,169,147,17,39,5,0,0,12,4,3,8,28,0.265,0.342,0.299,0.641,44,,9,5,0,0,,player.fcgi?id=haley-000jim
Colin Keefe?,--,2014,Penn State,Big Ten,15,32,28,2,6,0,0,0,4,2,0,1,11,0.214,0.281,0.214,0.496,6,,2,0,1,0,,player.fcgi?id=keefe-000col
Tyler Kendall,21,2014,Penn State,Big Ten,34,125,104,11,21,3,0,0,13,4,0,17,22,0.202,0.309,0.231,0.54,24,,0,2,2,1,,player.fcgi?id=kendal000tyl
Alex Malinsky?,--,2014,Penn State,Big Ten,26,80,68,10,17,3,0,0,9,0,0,7,7,0.25,0.333,0.294,0.627,20,,2,2,1,0,,player.fcgi?id=malins000ale
Aaron Novak?,--,2014,Penn State,Big Ten,25,61,48,4,14,2,0,0,4,2,0,7,11,0.292,0.424,0.333,0.757,16,,4,2,0,0,,player.fcgi?id=novak-000aar
Ryan Richter?,--,2014,Penn State,Big Ten,22,59,51,6,15,2,1,0,9,0,0,6,19,0.294,0.39,0.373,0.762,19,,2,0,0,0,,player.fcgi?id=richte000rya
Nick Riotto*,19,2014,Penn State,Big Ten,25,67,61,5,10,1,0,0,1,1,1,6,19,0.164,0.239,0.18,0.419,11,,0,0,0,0,,player.fcgi?id=riotto000nic
Steve Robinson?,--,2014,Penn State,Big Ten,9,24,22,0,2,1,0,0,1,0,0,1,6,0.091,0.167,0.136,0.303,3,,1,0,0,0,,player.fcgi?id=robins003ste
Taylor Skerpon?,--,2014,Penn State,Big Ten,50,208,170,26,42,3,0,0,17,10,2,22,30,0.247,0.333,0.265,0.598,45,,2,10,4,0,,player.fcgi?id=skerpo000tay
Ryky Smith?,--,2014,Penn State,Big Ten,25,63,53,6,12,4,0,0,5,2,1,4,6,0.226,0.288,0.302,0.59,16,,1,4,1,0,,player.fcgi?id=smith-000ryk
Steve Snyder?,--,2014,Penn State,Big Ten,50,226,193,28,62,7,1,0,15,9,5,21,23,0.321,0.396,0.368,0.763,71,,4,6,2,0,,player.fcgi?id=snyder003ste
J.J. White?,--,2014,Penn State,Big Ten,49,205,177,17,47,4,1,2,24,2,2,21,32,0.266,0.356,0.333,0.689,59,,5,0,2,0,,player.fcgi?id=white-000jj-
Mike Wilcox?,--,2014,Penn State,Big Ten,2,2,1,0,1,0,0,0,0,0,0,1,0,1,1,1,2,1,,0,0,0,0,,player.fcgi?id=wilcox000mik
James Coates*,21,2015,Penn State,Big Ten,33,134,114,18,24,5,1,0,9,3,0,16,18,0.211,0.323,0.272,0.595,31,,3,1,0,0,,player.fcgi?id=coates002jam
Nick Graham,--,2015,Penn State,Big Ten,32,91,76,11,15,2,0,0,11,0,0,13,24,0.197,0.311,0.224,0.535,17,,0,1,1,0,,player.fcgi?id=graham000nic
Greg Guers*,22,2015,Penn State,Big Ten,48,230,204,34,58,13,3,8,38,14,1,13,30,0.284,0.329,0.495,0.824,101,,2,8,3,0,,player.fcgi?id=guers-000gre
Jim Haley,20,2015,Penn State,Big Ten,47,210,186,35,56,11,4,0,25,11,3,12,35,0.301,0.364,0.403,0.767,75,,7,4,1,0,,player.fcgi?id=haley-000jim
Christian Helsel,21,2015,Penn State,Big Ten,38,155,124,17,32,8,0,1,12,5,4,21,35,0.258,0.376,0.347,0.723,43,,3,6,1,0,,player.fcgi?id=helsel000chr
Tyler Kendall,22,2015,Penn State,Big Ten,39,122,113,13,34,7,0,1,11,2,2,6,19,0.301,0.339,0.389,0.728,44,,1,1,1,0,,player.fcgi?id=kendal000tyl
Alex Malinsky?,--,2015,Penn State,Big Ten,30,88,78,11,17,3,0,0,5,1,1,3,19,0.218,0.282,0.256,0.539,20,,4,3,0,0,,player.fcgi?id=malins000ale
Aaron Novak?,--,2015,Penn State,Big Ten,47,207,181,31,59,11,1,4,27,7,1,17,49,0.326,0.398,0.464,0.862,84,,6,1,2,4,,player.fcgi?id=novak-000aar
Ryan Richter?,--,2015,Penn State,Big Ten,41,137,118,19,30,4,1,1,12,4,1,13,23,0.254,0.333,0.331,0.664,39,,1,5,0,0,,player.fcgi?id=richte000rya
Nick Riotto*,20,2015,Penn State,Big Ten,41,123,102,16,27,3,0,1,17,2,2,10,19,0.265,0.361,0.324,0.685,33,,6,4,1,0,,player.fcgi?id=riotto000nic
Taylor Skerpon?,--,2015,Penn State,Big Ten,47,210,177,32,45,7,2,0,14,11,0,19,34,0.254,0.328,0.316,0.645,56,,2,9,3,0,,player.fcgi?id=skerpo000tay
Ryky Smith?,--,2015,Penn State,Big Ten,33,108,98,8,25,5,0,0,22,3,0,5,18,0.255,0.289,0.306,0.595,30,,0,4,1,0,,player.fcgi?id=smith-000ryk
J.J. White?,--,2015,Penn State,Big Ten,40,137,110,19,28,8,0,0,19,4,1,17,20,0.255,0.379,0.327,0.706,36,,5,5,0,0,,player.fcgi?id=white-000jj-
Jordan Bowersox,20,2016,Penn State,Big Ten,42,147,131,19,32,4,0,0,12,4,1,10,24,0.244,0.31,0.275,0.585,36,,3,2,1,0,,player.fcgi?id=bowers000jor
Willie Burger,20,2016,Penn State,Big Ten,39,161,140,8,35,5,2,1,34,0,0,12,25,0.25,0.302,0.336,0.638,47,,1,2,6,1,,player.fcgi?id=burger000wil
James Coates*,22,2016,Penn State,Big Ten,51,199,144,23,25,3,0,3,16,7,3,37,18,0.174,0.371,0.257,0.628,37,,10,5,3,0,,player.fcgi?id=coates002jam
Nick Graham,--,2016,Penn State,Big Ten,29,69,52,7,9,3,0,0,8,1,0,10,22,0.173,0.368,0.231,0.598,12,,6,1,0,0,,player.fcgi?id=graham000nic
Greg Guers*,23,2016,Penn State,Big Ten,54,229,198,40,62,12,2,6,38,19,4,20,34,0.313,0.369,0.485,0.854,96,,0,7,4,1,,player.fcgi?id=guers-000gre
Jim Haley,21,2016,Penn State,Big Ten,55,254,219,45,69,12,3,2,27,10,5,18,26,0.315,0.377,0.425,0.801,93,,6,7,4,1,,player.fcgi?id=haley-000jim
Christian Helsel,22,2016,Penn State,Big Ten,44,114,93,12,18,4,1,0,8,3,1,13,26,0.194,0.33,0.258,0.589,24,,6,2,0,0,,player.fcgi?id=helsel000chr
Conlin Hughes,19,2016,Penn State,Big Ten,53,226,202,24,43,4,2,0,11,6,2,11,39,0.213,0.257,0.253,0.509,51,,2,8,3,0,,player.fcgi?id=hughes000con
Tyler Kendall,23,2016,Penn State,Big Ten,52,228,200,23,64,9,1,0,33,7,1,18,34,0.32,0.37,0.375,0.745,75,,2,1,7,0,,player.fcgi?id=kendal000tyl
Connor Klemann,19,2016,Penn State,Big Ten,28,89,77,5,20,2,0,0,8,1,0,6,17,0.26,0.345,0.286,0.631,22,,4,2,0,0,,player.fcgi?id=kleman000con
Keith Leavitt*,--,2016,Penn State,Big Ten,21,34,27,7,8,0,0,0,2,0,0,7,12,0.296,0.441,0.296,0.738,8,,0,0,0,0,,player.fcgi?id=leavit000kei
Alex Malinsky?,--,2016,Penn State,Big Ten,19,35,26,4,4,1,0,0,4,0,0,8,6,0.154,0.371,0.192,0.564,5,,1,0,0,0,,player.fcgi?id=malins000ale
Austin Riggins,--,2016,Penn State,Big Ten,25,50,44,6,7,0,1,1,4,1,0,5,21,0.159,0.26,0.273,0.533,12,,1,0,0,0,,player.fcgi?id=riggin000aus
Nick Riotto*,21,2016,Penn State,Big Ten,48,212,179,34,55,4,2,2,18,3,4,24,14,0.307,0.405,0.386,0.79,69,,6,2,1,0,,player.fcgi?id=riotto000nic
Ryan Sloniger*,19,2016,Penn State,Big Ten,32,108,98,9,22,6,0,1,17,3,1,7,26,0.225,0.274,0.316,0.59,31,,0,2,1,0,,player.fcgi?id=slonig000rya
Schuyler Bates?,--,2017,Penn State,Big Ten,19,1,1,0,0,0,0,0,0,0,0,0,0,0,0,0,0,0,,0,0,0,0,,player.fcgi?id=bates-000sch
Jordan Bowersox,21,2017,Penn State,Big Ten,33,141,123,16,41,7,1,3,18,9,4,14,34,0.333,0.418,0.48,0.898,59,,4,0,0,0,,player.fcgi?id=bowers000jor
Willie Burger,21,2017,Penn State,Big Ten,43,180,164,22,46,6,0,5,27,2,1,13,33,0.281,0.333,0.409,0.742,67,,0,3,0,2,,player.fcgi?id=burger000wil
Brett Davis?,--,2017,Penn State,Big Ten,39,112,100,8,15,1,0,1,6,0,1,7,31,0.15,0.209,0.19,0.399,19,,1,2,2,0,,player.fcgi?id=davis-013bre
Braxton Giavedoni,19,2017,Penn State,Big Ten,52,212,188,30,54,10,2,3,18,3,2,15,45,0.287,0.356,0.41,0.765,77,,6,1,2,0,,player.fcgi?id=giaved000bra
Logan Goodnight,20,2017,Penn State,Big Ten,45,153,137,13,21,4,1,1,12,1,0,9,58,0.153,0.23,0.219,0.449,30,,5,1,1,0,,player.fcgi?id=goodni000log
Christian Helsel,23,2017,Penn State,Big Ten,54,224,196,17,43,9,0,4,24,2,1,13,33,0.219,0.295,0.327,0.621,64,,8,7,0,0,,player.fcgi?id=helsel000chr
Conlin Hughes,20,2017,Penn State,Big Ten,49,214,196,29,50,9,3,4,19,7,4,15,34,0.255,0.315,0.393,0.708,77,,2,1,0,0,,player.fcgi?id=hughes000con
Connor Klemann,20,2017,Penn State,Big Ten,10,36,31,3,4,2,0,0,2,1,0,4,10,0.129,0.25,0.194,0.444,6,,1,0,0,0,,player.fcgi?id=kleman000con
Keith Leavitt*,--,2017,Penn State,Big Ten,31,80,65,5,8,0,0,1,4,1,2,15,20,0.123,0.288,0.169,0.457,11,,0,0,0,0,,player.fcgi?id=leavit000kei
Alex Malinsky?,--,2017,Penn State,Big Ten,28,81,65,5,14,4,0,0,9,2,1,9,22,0.215,0.346,0.277,0.623,18,,5,0,2,0,,player.fcgi?id=malins000ale
Mason Nadeau*,19,2017,Penn State,Big Ten,35,143,130,24,40,4,1,2,14,10,1,11,28,0.308,0.366,0.4,0.766,52,,1,1,0,0,,player.fcgi?id=nadeau000mas
Austin Riggins,--,2017,Penn State,Big Ten,20,28,20,3,3,1,0,0,2,0,0,6,10,0.15,0.393,0.2,0.593,4,,2,0,0,0,,player.fcgi?id=riggin000aus
Nick Riotto*,22,2017,Penn State,Big Ten,50,203,175,20,41,8,0,2,23,8,2,20,30,0.234,0.323,0.314,0.638,55,,4,2,2,0,,player.fcgi?id=riotto000nic
Ryan Sloniger*,20,2017,Penn State,Big Ten,46,171,144,14,31,4,2,1,7,1,0,19,46,0.215,0.321,0.292,0.613,42,,4,3,1,0,,player.fcgi?id=slonig000rya
Joe Weisenseel,19,2017,Penn State,Big Ten,23,82,70,10,12,0,0,0,6,3,0,9,17,0.171,0.259,0.171,0.431,12,,0,1,2,0,,player.fcgi?id=weisen000joe
Jordan Bowersox,22,2018,Penn State,Big Ten,48,219,199,29,55,9,4,1,24,7,2,11,50,0.276,0.319,0.377,0.696,75,,3,3,3,0,,player.fcgi?id=bowers000jor
Braxton Giavedoni,20,2018,Penn State,Big Ten,46,185,170,20,42,7,2,4,16,5,3,7,52,0.247,0.292,0.382,0.674,65,,5,0,3,0,,player.fcgi?id=giaved000bra
Tommy Gibson,19,2018,Penn State,Big Ten,27,82,69,13,14,2,0,0,8,3,1,6,29,0.203,0.305,0.232,0.537,16,,5,0,2,0,,player.fcgi?id=gibson000tom
Logan Goodnight,21,2018,Penn State,Big Ten,25,70,61,6,12,4,0,1,8,0,1,5,27,0.197,0.3,0.312,0.612,19,,4,0,0,0,,player.fcgi?id=goodni000log
Parker Hendershot,19,2018,Penn State,Big Ten,35,133,113,16,32,6,0,1,23,1,0,16,35,0.283,0.379,0.363,0.742,41,,2,1,1,0,,player.fcgi?id=hender001par
Mac Hippenhammer#,19,2018,Penn State,Big Ten,7,10,10,1,1,0,0,0,0,0,0,0,4,0.1,0.1,0.1,0.2,1,,0,0,0,0,,player.fcgi?id=hippen000mac
Conlin Hughes,21,2018,Penn State,Big Ten,42,148,122,17,23,6,1,0,8,4,2,21,26,0.189,0.308,0.254,0.562,31,,1,2,2,0,,player.fcgi?id=hughes000con
Connor Klemann,21,2018,Penn State,Big Ten,47,204,171,22,40,5,1,4,22,5,1,27,39,0.234,0.343,0.345,0.688,59,,3,0,3,0,,player.fcgi?id=kleman000con
Kris Kremer,20,2018,Penn State,Big Ten,21,53,49,6,11,5,1,0,5,0,0,3,11,0.225,0.283,0.367,0.65,18,,1,0,0,0,,player.fcgi?id=kremer000kri
Conor Larkin,19,2018,Penn State,Big Ten,21,0,0,1,0,0,0,0,0,0,0,0,0,,,,,0,,0,0,0,0,,player.fcgi?id=larkin000con
Matt McCutcheon,--,2018,Penn State,Big Ten,2,2,2,0,0,0,0,0,0,0,0,0,1,0,0,0,0,0,,0,0,0,0,,player.fcgi?id=mccutc000mat
Mason Nadeau*,20,2018,Penn State,Big Ten,42,124,104,15,21,3,1,1,14,7,0,18,30,0.202,0.325,0.279,0.604,29,,1,1,0,0,,player.fcgi?id=nadeau000mas
Derek Orndorff,19,2018,Penn State,Big Ten,26,57,38,7,5,1,1,0,4,1,0,11,20,0.132,0.404,0.211,0.614,8,,7,0,1,0,,player.fcgi?id=orndor000der
Austin Riggins,--,2018,Penn State,Big Ten,4,6,6,1,1,0,1,0,0,0,0,0,4,0.167,0.167,0.5,0.667,3,,0,0,0,0,,player.fcgi?id=riggin000aus
Curtis Robison*,19,2018,Penn State,Big Ten,42,150,123,17,22,8,1,2,12,6,1,21,33,0.179,0.302,0.309,0.611,38,,2,1,3,0,,player.fcgi?id=robiso000cur
Shea Sbranti*,23,2018,Penn State,Big Ten,39,160,126,15,28,6,1,2,19,0,0,19,39,0.222,0.373,0.333,0.707,42,,12,2,1,0,,player.fcgi?id=sbrant000she
Ryan Sloniger*,21,2018,Penn State,Big Ten,47,198,170,27,52,13,2,5,31,5,2,25,38,0.306,0.404,0.494,0.898,84,,3,0,0,0,,player.fcgi?id=slonig000rya
Joe Weisenseel,20,2018,Penn State,Big Ten,32,105,92,10,20,4,1,0,10,3,0,7,13,0.217,0.301,0.283,0.584,26,,4,2,0,0,,player.fcgi?id=weisen000joe
Jordan Bowersox,23,2019,Penn State,Big Ten,49,218,191,30,59,8,1,2,15,9,1,16,39,0.309,0.379,0.393,0.771,75,,6,4,1,0,,player.fcgi?id=bowers000jor
Ryan Ford*,19,2019,Penn State,Big Ten,26,80,65,16,13,2,1,1,12,1,0,11,15,0.2,0.3,0.308,0.608,20,,0,0,4,0,,player.fcgi?id=ford--004rya
Tommy Gibson,20,2019,Penn State,Big Ten,2,2,2,0,0,0,0,0,0,0,0,0,1,0,0,0,0,0,,0,0,0,0,,player.fcgi?id=gibson000tom
Parker Hendershot,20,2019,Penn State,Big Ten,44,179,162,13,37,2,2,0,18,3,1,10,46,0.228,0.281,0.265,0.546,43,,3,1,3,0,,player.fcgi?id=hender001par
Mac Hippenhammer#,20,2019,Penn State,Big Ten,39,140,125,14,34,4,2,0,8,4,4,14,37,0.272,0.35,0.336,0.686,42,,1,0,0,0,,player.fcgi?id=hippen000mac
Gavin Homer,21,2019,Penn State,Big Ten,42,162,133,18,32,9,1,4,19,7,2,16,36,0.241,0.356,0.414,0.77,55,,9,2,2,0,,player.fcgi?id=homer-000gav
Conlin Hughes,22,2019,Penn State,Big Ten,47,177,143,22,33,4,1,1,19,6,2,27,39,0.231,0.362,0.294,0.656,42,,3,3,1,0,,player.fcgi?id=hughes000con
Connor Klemann,22,2019,Penn State,Big Ten,32,109,91,10,17,7,1,0,7,4,1,13,30,0.187,0.306,0.286,0.591,26,,3,1,1,1,,player.fcgi?id=kleman000con
Kris Kremer,21,2019,Penn State,Big Ten,47,191,165,20,37,6,3,4,21,8,1,23,55,0.224,0.325,0.37,0.694,61,,2,0,1,1,,player.fcgi?id=kremer000kri
Mason Nadeau*,21,2019,Penn State,Big Ten,24,71,61,11,14,0,1,2,12,4,1,8,21,0.23,0.31,0.361,0.671,22,,0,0,2,0,,player.fcgi?id=nadeau000mas
Derek Orndorff,20,2019,Penn State,Big Ten,23,17,13,2,2,1,0,0,2,0,0,4,8,0.154,0.353,0.231,0.584,3,,0,0,0,0,,player.fcgi?id=orndor000der
Jacob Padilla,21,2019,Penn State,Big Ten,25,89,70,10,14,5,0,0,2,0,0,11,21,0.2,0.371,0.271,0.642,19,,8,0,0,0,,player.fcgi?id=padill001jac
Isaiah Payton,19,2019,Penn State,Big Ten,5,8,6,2,1,1,0,0,1,0,0,1,3,0.167,0.375,0.333,0.708,2,,1,0,0,0,,player.fcgi?id=payton000isa
Austin Riggins,--,2019,Penn State,Big Ten,11,10,9,3,1,0,0,0,0,0,1,0,7,0.111,0.2,0.111,0.311,1,,1,0,0,0,,player.fcgi?id=riggin000aus
Curtis Robison*,20,2019,Penn State,Big Ten,11,37,33,3,5,1,0,1,4,0,1,1,11,0.152,0.216,0.273,0.489,9,,2,0,1,0,,player.fcgi?id=robiso000cur
Shea Sbranti*,24,2019,Penn State,Big Ten,25,86,72,11,14,6,0,3,9,0,1,8,23,0.194,0.294,0.403,0.697,29,,3,1,2,0,,player.fcgi?id=sbrant000she
Ryan Sloniger*,22,2019,Penn State,Big Ten,41,172,146,13,32,7,1,2,26,0,1,20,35,0.219,0.322,0.322,0.644,47,,3,1,2,2,,player.fcgi?id=slonig000rya
Justin Williams,19,2019,Penn State,Big Ten,38,140,122,15,32,5,1,4,18,2,1,14,33,0.262,0.35,0.418,0.768,51,,3,0,1,0,,player.fcgi?id=willia006jus
Cole Bartels,22,2020,Penn State,Big Ten,8,31,22,8,6,2,0,0,3,1,0,7,4,0.273,0.452,0.364,0.815,8,,1,0,1,0,,player.fcgi?id=bartel000col
Carson Ertter*,--,2020,Penn State,Big Ten,3,3,2,0,0,0,0,0,0,0,0,0,0,0,0.333,0,0.333,0,,1,0,0,0,,player.fcgi?id=ertter000car
Ryan Ford*,20,2020,Penn State,Big Ten,14,59,48,8,14,0,0,0,7,4,0,9,13,0.292,0.39,0.292,0.682,14,,0,0,2,0,,player.fcgi?id=ford--004rya
Brenden Franks,19,2020,Penn State,Big Ten,4,3,3,1,2,0,0,0,0,0,0,0,1,0.667,0.667,0.667,1.333,2,,0,0,0,0,,player.fcgi?id=franks000bre
Joe Gunn*,22,2020,Penn State,Big Ten,6,13,11,0,3,2,0,0,2,1,0,1,4,0.273,0.385,0.455,0.839,5,,1,0,0,0,,player.fcgi?id=gunn--000joe
Parker Hendershot,21,2020,Penn State,Big Ten,13,51,44,10,12,0,1,1,5,0,0,4,9,0.273,0.373,0.386,0.759,17,,3,0,0,0,,player.fcgi?id=hender001par
Mac Hippenhammer#,21,2020,Penn State,Big Ten,14,54,44,9,9,0,0,0,8,5,1,7,11,0.205,0.34,0.205,0.544,9,,2,1,0,0,,player.fcgi?id=hippen000mac
Gavin Homer,22,2020,Penn State,Big Ten,14,54,45,12,18,6,2,1,17,8,0,8,9,0.4,0.5,0.689,1.189,31,,1,0,0,0,,player.fcgi?id=homer-000gav
Ben Kailher,19,2020,Penn State,Big Ten,9,24,18,4,4,1,2,0,4,2,0,2,6,0.222,0.333,0.5,0.833,9,,2,0,2,0,,player.fcgi?id=kailhe000ben
Tayven Kelley,--,2020,Penn State,Big Ten,9,20,16,4,3,2,0,0,1,0,0,3,8,0.188,0.35,0.313,0.663,5,,1,0,0,0,,player.fcgi?id=kelley000tay
Kris Kremer,22,2020,Penn State,Big Ten,4,13,11,1,4,1,0,0,1,0,0,1,0,0.364,0.417,0.455,0.871,5,,0,1,0,0,,player.fcgi?id=kremer000kri
Mason Nadeau*,22,2020,Penn State,Big Ten,8,6,6,1,0,0,0,0,0,0,0,0,3,0,0,0,0,0,,0,0,0,0,,player.fcgi?id=nadeau000mas
Jacob Padilla,22,2020,Penn State,Big Ten,11,31,26,4,6,2,0,0,4,0,0,3,9,0.231,0.29,0.308,0.598,8,,0,0,2,0,,player.fcgi?id=padill001jac
Johnny Piacentino,19,2020,Penn State,Big Ten,13,47,35,11,14,4,0,2,11,4,0,10,4,0.4,0.511,0.686,1.196,24,,0,0,2,0,,player.fcgi?id=piacen000joh
Curtis Robison*,21,2020,Penn State,Big Ten,15,62,51,13,15,6,2,1,13,5,0,9,11,0.294,0.403,0.549,0.952,28,,1,0,1,0,,player.fcgi?id=robiso000cur
Justin Williams,20,2020,Penn State,Big Ten,15,66,58,10,16,3,0,2,8,2,0,7,14,0.276,0.349,0.431,0.78,25,,0,0,1,0,,player.fcgi?id=willia006jus
Matt Wood*,19,2020,Penn State,Big Ten,14,59,51,4,16,1,0,0,5,1,0,7,12,0.314,0.407,0.333,0.74,17,,1,0,0,0,,player.fcgi?id=wood--004mat
Cole Bartels,23,2021,Penn State,Big Ten,35,115,98,13,24,4,1,1,13,3,0,13,21,0.245,0.333,0.337,0.67,33,,1,1,2,0,,player.fcgi?id=bartel000col
Tyson Cooper#,20,2021,Penn State,Big Ten,11,24,18,2,2,1,0,0,2,1,0,6,8,0.111,0.333,0.167,0.5,3,,0,0,0,0,,player.fcgi?id=cooper001tys
Carson Ertter*,--,2021,Penn State,Big Ten,1,2,1,0,0,0,0,0,1,0,0,1,0,0,0.5,0,0.5,0,,0,0,0,0,,player.fcgi?id=ertter000car
Ryan Ford*,21,2021,Penn State,Big Ten,2,4,4,0,0,0,0,0,0,0,0,0,1,0,0,0,0,0,,0,0,0,0,,player.fcgi?id=ford--004rya
Brenden Franks,20,2021,Penn State,Big Ten,4,4,3,1,0,0,0,0,0,0,0,0,2,0,0.25,0,0.25,0,,1,0,0,0,,player.fcgi?id=franks000bre
Kyle Hannon*,19,2021,Penn State,Big Ten,12,33,30,3,4,1,1,0,1,0,0,2,12,0.133,0.188,0.233,0.421,7,,0,1,0,0,,player.fcgi?id=hannon001kyl
Jay Harry*,18,2021,Penn State,Big Ten,42,161,142,22,38,10,0,1,18,1,0,12,25,0.268,0.335,0.359,0.695,51,,4,0,3,0,,player.fcgi?id=harry-000jay
Parker Hendershot,22,2021,Penn State,Big Ten,30,107,101,9,29,2,0,3,16,1,0,4,25,0.287,0.314,0.396,0.71,40,,0,2,0,1,,player.fcgi?id=hender001par
Gavin Homer,23,2021,Penn State,Big Ten,40,175,145,30,45,8,1,2,16,10,4,15,32,0.31,0.429,0.421,0.849,61,,15,0,0,0,,player.fcgi?id=homer-000gav
Ben Kailher,20,2021,Penn State,Big Ten,11,7,7,3,1,0,0,0,0,1,0,0,2,0.143,0.143,0.143,0.286,1,,0,0,0,0,,player.fcgi?id=kailhe000ben
Tayven Kelley,--,2021,Penn State,Big Ten,28,115,101,8,24,8,2,1,9,0,2,10,37,0.238,0.313,0.386,0.699,39,,1,3,0,0,,player.fcgi?id=kelley000tay
Kris Kremer,23,2021,Penn State,Big Ten,14,28,24,3,4,0,0,1,3,1,1,3,12,0.167,0.286,0.292,0.577,7,,1,0,0,1,,player.fcgi?id=kremer000kri
Johnny Piacentino,20,2021,Penn State,Big Ten,42,181,162,30,46,15,0,8,32,0,2,17,40,0.284,0.35,0.525,0.875,85,,0,1,1,2,,player.fcgi?id=piacen000joh
Curtis Robison*,22,2021,Penn State,Big Ten,39,147,128,26,35,12,0,4,26,5,6,12,22,0.273,0.347,0.461,0.808,59,,3,3,1,0,,player.fcgi?id=robiso000cur
Josh Spiegel,21,2021,Penn State,Big Ten,38,149,134,19,35,10,1,4,22,1,0,10,43,0.261,0.32,0.44,0.76,59,,2,2,1,0,,player.fcgi?id=spiege000jos
Justin Williams,21,2021,Penn State,Big Ten,42,178,159,28,48,12,0,5,23,1,2,16,44,0.302,0.367,0.472,0.839,75,,1,1,1,0,,player.fcgi?id=willia006jus
Matt Wood*,20,2021,Penn State,Big Ten,39,165,139,22,41,10,1,4,21,1,4,19,25,0.295,0.384,0.468,0.852,65,,3,1,3,0,,player.fcgi?id=wood--004mat
Cole Bartels,24,2022,Penn State,Big Ten,55,257,217,38,60,9,0,2,22,5,1,28,24,0.277,0.377,0.346,0.723,75,2,9,0,3,0,,player.fcgi?id=bartel000col
Noah Burke*,19,2022,Penn State,Big Ten,6,7,5,0,0,0,0,0,0,0,0,1,3,0,0.286,0,0.286,0,0,1,0,0,0,,player.fcgi?id=burke-000noa
Derek Cease,19,2022,Penn State,Big Ten,43,114,93,17,21,2,0,0,7,3,0,19,20,0.226,0.368,0.247,0.616,23,1,2,0,0,0,,player.fcgi?id=cease-000der
Jake Cooper,19,2022,Penn State,Big Ten,8,15,14,0,0,0,0,0,0,0,0,0,6,0,0,0,0,0,0,0,1,0,0,,player.fcgi?id=cooper002jak
Tyson Cooper#,21,2022,Penn State,Big Ten,19,44,36,3,4,0,0,0,0,0,2,6,7,0.111,0.238,0.111,0.349,4,1,0,2,0,0,,player.fcgi?id=cooper001tys
Brenden Franks,21,2022,Penn State,Big Ten,10,6,5,1,0,0,0,0,0,0,0,1,2,0,0.167,0,0.167,0,1,0,0,0,0,,player.fcgi?id=franks000bre
Billy Gerlott,19,2022,Penn State,Big Ten,54,220,190,25,45,12,2,6,33,4,2,23,52,0.237,0.332,0.416,0.748,79,7,5,0,2,1,,player.fcgi?id=gerlot000bil
Kyle Hannon*,20,2022,Penn State,Big Ten,36,144,126,20,29,7,1,4,19,7,0,15,34,0.23,0.319,0.397,0.716,50,3,2,0,1,1,,player.fcgi?id=hannon001kyl
Jay Harry*,19,2022,Penn State,Big Ten,54,244,213,40,71,10,2,5,26,4,3,23,24,0.333,0.414,0.47,0.883,100,0,7,0,1,0,,player.fcgi?id=harry-000jay
Ben Kailher,21,2022,Penn State,Big Ten,32,90,73,12,15,1,0,0,2,5,2,15,18,0.206,0.356,0.219,0.575,16,1,2,0,0,0,,player.fcgi?id=kailhe000ben
Tayven Kelley,--,2022,Penn State,Big Ten,49,183,172,20,33,6,4,0,20,2,1,9,66,0.192,0.236,0.273,0.51,47,4,1,1,0,0,,player.fcgi?id=kelley000tay
Richie Paltridge*,19,2022,Penn State,Big Ten,1,1,1,0,0,0,0,0,0,0,0,0,1,0,0,0,0,0,0,0,0,0,0,,player.fcgi?id=paltri000ric
Johnny Piacentino,21,2022,Penn State,Big Ten,41,184,161,17,43,7,4,2,29,1,0,16,41,0.267,0.339,0.398,0.736,64,4,3,1,3,0,,player.fcgi?id=piacen000joh
C.J. Pittaro*,20,2022,Penn State,Big Ten,32,92,80,14,19,3,0,0,10,1,1,11,23,0.238,0.337,0.275,0.612,22,1,1,0,0,0,,player.fcgi?id=pittar000cj-
Josh Spiegel,22,2022,Penn State,Big Ten,55,235,207,34,62,17,2,10,43,0,0,22,62,0.3,0.375,0.546,0.92,113,5,4,0,2,0,,player.fcgi?id=spiege000jos
Anthony Steele*,19,2022,Penn State,Big Ten,38,111,97,5,23,1,1,1,10,1,0,12,30,0.237,0.333,0.299,0.632,29,1,2,0,0,0,,player.fcgi?id=steele000ant
Connor Throneberry,19,2022,Penn State,Big Ten,3,3,3,1,1,0,0,0,0,0,0,0,2,0.333,0.333,0.333,0.667,1,0,0,0,0,0,,player.fcgi?id=throne000con
Matt Wood*,21,2022,Penn State,Big Ten,54,249,198,55,75,15,3,12,53,5,3,36,26,0.379,0.48,0.667,1.146,132,6,7,3,5,6,,player.fcgi?id=wood--004mat
Thomas Bramley*,23,2023,Penn State,Big Ten,50,233,186,41,58,11,1,4,36,4,1,41,26,0.312,0.442,0.446,0.888,83,2,4,0,2,1,,player.fcgi?id=bramle000tho
Derek Cease,20,2023,Penn State,Big Ten,17,15,15,5,4,3,0,0,3,0,0,0,3,0.267,0.267,0.467,0.733,7,0,0,0,0,0,,player.fcgi?id=cease-000der
Jake Cooper,20,2023,Penn State,Big Ten,13,18,15,2,3,0,0,0,4,0,0,2,5,0.2,0.278,0.2,0.478,3,0,0,0,1,0,,player.fcgi?id=cooper002jak
Tyson Cooper#,22,2023,Penn State,Big Ten,25,52,43,9,12,3,1,0,9,2,0,4,10,0.279,0.392,0.395,0.788,17,1,4,1,0,0,,player.fcgi?id=cooper001tys
Brenden Franks,22,2023,Penn State,Big Ten,8,4,3,1,2,1,0,0,0,0,0,1,1,0.667,0.75,1,1.75,3,0,0,0,0,0,,player.fcgi?id=franks000bre
Billy Gerlott,20,2023,Penn State,Big Ten,46,170,141,18,34,3,1,2,17,4,0,25,33,0.241,0.371,0.319,0.69,45,2,4,0,0,0,,player.fcgi?id=gerlot000bil
Kyle Hannon*,21,2023,Penn State,Big Ten,49,219,181,51,53,10,2,7,25,27,7,31,31,0.293,0.402,0.486,0.888,88,2,4,0,3,0,,player.fcgi?id=hannon001kyl
Jay Harry*,20,2023,Penn State,Big Ten,50,229,201,47,60,13,1,6,37,6,2,20,21,0.299,0.376,0.463,0.838,93,3,6,0,2,0,,player.fcgi?id=harry-000jay
Ben Kailher,22,2023,Penn State,Big Ten,22,45,38,10,8,2,0,1,7,2,1,5,14,0.211,0.302,0.342,0.644,13,0,0,2,0,0,,player.fcgi?id=kailhe000ben
Tayven Kelley,--,2023,Penn State,Big Ten,46,187,171,33,42,12,5,4,31,4,1,15,63,0.246,0.307,0.444,0.751,76,1,0,1,0,0,,player.fcgi?id=kelley000tay
Bobby Marsh*,20,2023,Penn State,Big Ten,44,165,145,33,45,13,0,6,35,0,0,14,34,0.31,0.388,0.524,0.912,76,2,5,0,1,0,,player.fcgi?id=marsh-000bob
Grant Norris,22,2023,Penn State,Big Ten,41,169,145,28,40,11,3,7,42,3,1,17,52,0.276,0.367,0.538,0.905,78,2,5,0,2,0,,player.fcgi?id=norris000gra
Johnny Piacentino,22,2023,Penn State,Big Ten,40,174,157,31,50,7,2,3,25,8,1,14,25,0.319,0.374,0.446,0.82,70,6,1,0,2,1,,player.fcgi?id=piacen000joh
C.J. Pittaro*,21,2023,Penn State,Big Ten,24,49,47,7,13,1,1,0,8,0,0,2,11,0.277,0.306,0.34,0.647,16,1,0,0,0,0,,player.fcgi?id=pittar000cj-
Josh Spiegel,23,2023,Penn State,Big Ten,42,171,152,28,42,4,1,3,25,0,0,15,37,0.276,0.351,0.375,0.726,57,3,3,0,1,0,,player.fcgi?id=spiege000jos
Anthony Steele*,20,2023,Penn State,Big Ten,36,95,81,12,19,3,0,1,12,3,1,13,29,0.235,0.337,0.309,0.645,25,1,0,0,1,0,,player.fcgi?id=steele000ant
Ty Torti*,--,2023,Penn State,Big Ten,7,9,6,2,1,0,0,0,0,0,0,2,3,0.167,0.444,0.167,0.611,1,0,1,0,0,0,,player.fcgi?id=torti-000ty-
Derek Cease,21,2024,Penn State,Big Ten,27,13,12,9,4,0,0,0,1,2,2,1,4,0.333,0.385,0.333,0.718,4,0,0,0,0,0,,player.fcgi?id=cease-000der
Adam Cecere*,23,2024,Penn State,Big Ten,53,247,185,50,60,14,0,17,53,7,3,47,54,0.324,0.474,0.676,1.149,125,5,10,0,5,1,,player.fcgi?id=cecere000ada
Michael DiMartini,19,2024,Penn State,Big Ten,13,7,6,3,1,0,0,0,0,1,1,1,4,0.167,0.286,0.167,0.452,1,0,0,0,0,0,,player.fcgi?id=dimart001mic
Billy Gerlott,21,2024,Penn State,Big Ten,20,52,42,15,12,5,0,1,3,0,1,6,10,0.286,0.4,0.476,0.876,20,0,2,2,0,0,,player.fcgi?id=gerlot000bil
Kyle Hannon*,22,2024,Penn State,Big Ten,47,160,135,32,27,6,2,2,19,13,4,23,24,0.2,0.319,0.319,0.637,43,3,1,0,1,0,,player.fcgi?id=hannon001kyl
Joe Jaconski*,21,2024,Penn State,Big Ten,53,259,203,47,57,11,0,7,37,6,3,43,53,0.281,0.413,0.438,0.851,89,4,6,2,5,0,,player.fcgi?id=jacons000joe
Tayven Kelley,--,2024,Penn State,Big Ten,50,180,154,35,40,5,2,2,23,9,3,18,43,0.26,0.352,0.357,0.709,55,4,5,1,2,0,,player.fcgi?id=kelley000tay
Matt Maloney*,21,2024,Penn State,Big Ten,46,186,162,24,52,14,0,2,37,1,2,15,34,0.321,0.398,0.444,0.842,72,2,7,0,2,0,,player.fcgi?id=malone005mat
J.T. Marr*,23,2024,Penn State,Big Ten,53,248,221,50,92,17,0,6,54,3,1,20,25,0.416,0.464,0.575,1.038,127,5,3,0,4,0,,player.fcgi?id=marr--000jt-
Bobby Marsh*,21,2024,Penn State,Big Ten,53,223,194,34,60,10,1,6,47,4,2,15,42,0.309,0.381,0.464,0.845,90,3,10,0,4,0,,player.fcgi?id=marsh-000bob
Kevin Michaels,23,2024,Penn State,Big Ten,34,111,87,15,24,4,0,3,11,2,2,15,14,0.276,0.414,0.425,0.84,37,2,7,0,2,0,,player.fcgi?id=michae000kev
Bryce Molinaro,20,2024,Penn State,Big Ten,53,242,207,46,68,13,1,11,45,7,1,25,60,0.329,0.409,0.56,0.97,116,5,6,0,4,0,,player.fcgi?id=molina003bry
Grant Norris,23,2024,Penn State,Big Ten,53,237,212,41,60,11,1,14,43,5,2,17,61,0.283,0.343,0.543,0.886,115,5,4,1,3,1,,player.fcgi?id=norris000gra
C.J. Pittaro*,22,2024,Penn State,Big Ten,2,2,2,0,0,0,0,0,0,0,0,0,1,0,0,0,0,0,0,0,0,0,0,,player.fcgi?id=pittar000cj-
Adin Zorn,19,2024,Penn State,Big Ten,4,0,0,2,0,0,0,0,0,0,0,0,0,,,,,0,0,0,0,0,0,,player.fcgi?id=zorn--000adi
Derek Cease,22,2025,Penn State,Big Ten,39,71,59,15,18,3,0,0,4,6,2,8,11,0.305,0.397,0.356,0.753,21,1,1,3,0,0,,player.fcgi?id=cease-000der
Joey DeMucci,21,2025,Penn State,Big Ten,27,38,28,15,6,1,0,0,3,2,0,6,6,0.214,0.395,0.25,0.645,7,0,3,0,1,0,,player.fcgi?id=demucc000jos
Patrick Graham,20,2025,Penn State,Big Ten,11,34,28,2,4,1,0,0,2,1,0,3,7,0.143,0.294,0.179,0.473,5,2,3,0,0,0,,player.fcgi?id=graham005pat
Jesse Jaconski,21,2025,Penn State,Big Ten,55,235,205,40,61,14,1,12,54,7,4,20,46,0.298,0.368,0.551,0.919,113,3,5,1,4,0,,player.fcgi?id=jacons000jes
Joe Jaconski*,22,2025,Penn State,Big Ten,56,257,211,45,46,14,1,6,31,11,0,31,56,0.218,0.326,0.379,0.705,80,1,6,2,7,0,,player.fcgi?id=jacons000joe
Paxton Kling,22,2025,Penn State,Big Ten,56,269,212,63,76,15,2,13,54,15,3,37,45,0.359,0.47,0.632,1.102,134,0,13,1,6,1,,player.fcgi?id=kling-000pax
Mike Lucarelli*,20,2025,Penn State,Big Ten,14,40,27,11,3,0,0,0,3,1,0,9,12,0.111,0.4,0.111,0.511,3,0,4,0,0,0,,player.fcgi?id=lucare000mik
Matt Maloney*,22,2025,Penn State,Big Ten,33,119,106,18,30,7,0,4,21,0,0,7,20,0.283,0.328,0.462,0.79,49,3,2,0,4,0,,player.fcgi?id=malone005mat
Cohl Mercado*,21,2025,Penn State,Big Ten,46,164,135,32,31,4,1,0,12,8,0,21,19,0.23,0.362,0.274,0.636,37,0,7,1,0,0,,player.fcgi?id=mercad000coh
Jack Messina*,20,2025,Penn State,Big Ten,1,1,1,0,0,0,0,0,0,0,0,0,0,0,0,0,0,0,0,0,0,0,0,,player.fcgi?id=messin001jac
Bryce Molinaro,21,2025,Penn State,Big Ten,56,268,225,46,60,8,3,13,61,8,2,34,66,0.267,0.373,0.502,0.875,113,5,6,0,3,0,,player.fcgi?id=molina003bry
Jack Porter,21,2025,Penn State,Big Ten,47,218,184,44,57,14,0,10,38,6,1,20,42,0.31,0.408,0.549,0.957,101,3,12,0,2,0,,player.fcgi?id=porter003jac
Nate Voss,21,2025,Penn State,Big Ten,43,168,139,22,34,7,2,8,33,2,1,13,39,0.245,0.337,0.496,0.834,69,4,9,2,5,0,,player.fcgi?id=voss--000nat
Cole Wagner*,22,2025,Penn State,Big Ten,36,162,130,27,38,9,2,4,27,11,2,23,32,0.292,0.432,0.485,0.917,63,0,9,0,0,0,,player.fcgi?id=wagner003col
Ryan Weingartner,20,2025,Penn State,Big Ten,56,276,224,52,56,14,1,11,40,30,3,44,49,0.25,0.384,0.469,0.853,105,1,6,0,2,0,,player.fcgi?id=weinga000rya
Michael Anderson,22,2026,Penn State,Big Ten,50,232,190,43,68,11,1,20,53,2,0,23,30,0.358,0.47,0.742,1.212,141,5,18,0,1,2,,player.fcgi?id=anders017mic
Spencer Barnett*,21,2026,Penn State,Big Ten,43,178,156,27,40,7,1,10,20,4,4,20,47,0.256,0.339,0.506,0.845,79,4,0,1,1,0,,player.fcgi?id=barnet002spe
Jayden Davis,22,2026,Penn State,Big Ten,50,227,192,38,59,14,2,5,19,2,0,29,29,0.307,0.41,0.479,0.889,92,11,5,0,1,0,,player.fcgi?id=davis-007jay
Joey DeMucci,22,2026,Penn State,Big Ten,30,76,65,7,10,0,1,0,4,4,0,6,28,0.154,0.236,0.185,0.421,12,0,1,4,0,0,,player.fcgi?id=demucc000jos
Jesse Jaconski,22,2026,Penn State,Big Ten,33,122,109,15,25,6,0,6,15,0,1,9,33,0.229,0.303,0.45,0.753,49,4,3,0,1,0,,player.fcgi?id=jacons000jes
Kevin Karstetter,24,2026,Penn State,Big Ten,34,127,109,13,34,7,1,1,14,5,2,10,27,0.312,0.394,0.422,0.816,46,2,6,0,2,0,,player.fcgi?id=karste000kev
Maddox McDonald,23,2026,Penn State,Big Ten,40,135,114,17,29,2,1,2,15,10,2,13,45,0.254,0.336,0.342,0.678,39,2,2,4,2,0,,player.fcgi?id=mcdona000mad
Cohl Mercado*,22,2026,Penn State,Big Ten,25,111,90,17,21,3,0,2,12,4,1,13,12,0.233,0.378,0.333,0.712,30,2,8,0,0,0,,player.fcgi?id=mercad000coh
Bryce Molinaro,22,2026,Penn State,Big Ten,51,226,193,32,52,7,2,15,44,0,2,24,63,0.269,0.367,0.56,0.927,108,5,7,0,2,0,,player.fcgi?id=molina003bry
Jack Porter,22,2026,Penn State,Big Ten,41,173,151,29,47,13,0,4,21,0,0,11,17,0.311,0.376,0.477,0.853,72,4,7,0,4,1,,player.fcgi?id=porter003jac
Avery Smith,19,2026,Penn State,Big Ten,41,130,103,12,26,1,1,4,17,1,0,15,29,0.252,0.373,0.398,0.771,41,0,6,4,2,0,,player.fcgi?id=smith-002ave
Justin Turcovski*,23,2026,Penn State,Big Ten,24,54,42,6,7,0,1,1,6,2,1,12,14,0.167,0.352,0.286,0.638,12,0,0,0,0,0,,player.fcgi?id=turcov000jus
Nate Voss,22,2026,Penn State,Big Ten,1,3,2,1,1,0,0,0,0,1,0,0,0,0.5,0.667,0.5,1.167,1,0,1,0,0,0,,player.fcgi?id=voss--000nat
Preston Yaucher,19,2026,Penn State,Big Ten,48,180,172,23,40,6,2,2,20,4,2,3,41,0.233,0.257,0.326,0.583,56,5,3,1,1,1,,player.fcgi?id=yauche000pre
Chris Antonelli?,--,2011,Purdue,Big Ten,7,16,11,2,3,0,0,0,2,1,0,2,2,0.273,0.438,0.273,0.71,3,,2,0,1,,,player.fcgi?id=antone001chr
Payton Bieker?,--,2011,Purdue,Big Ten,39,123,105,17,25,3,2,0,17,2,1,10,12,0.238,0.319,0.305,0.624,32,,3,4,1,,,player.fcgi?id=bieker000pay
Kyle Bischoff?,--,2011,Purdue,Big Ten,14,15,11,0,3,1,0,0,2,0,0,2,4,0.273,0.429,0.364,0.792,4,,1,1,0,,,player.fcgi?id=bischo000kyl
David Blount?,--,2011,Purdue,Big Ten,23,47,39,7,9,2,0,0,8,0,0,3,7,0.231,0.302,0.282,0.584,11,,1,4,0,,,player.fcgi?id=blount000dav
Ryan Bridges?,--,2011,Purdue,Big Ten,27,102,80,10,25,9,0,2,21,2,2,11,14,0.313,0.388,0.5,0.888,40,,2,4,5,,,player.fcgi?id=bridge000rya
Nick Burke?,--,2011,Purdue,Big Ten,2,1,1,0,0,0,0,0,0,0,0,0,1,0,0,0,0,0,,0,0,0,,,player.fcgi?id=burke-000nic
Eric Charles,22,2011,Purdue,Big Ten,57,269,225,49,79,17,4,3,39,11,5,19,19,0.351,0.416,0.502,0.918,113,,11,7,7,,,player.fcgi?id=charle000eri
Angelo Cianfrocco?,--,2011,Purdue,Big Ten,30,109,91,22,28,7,1,2,13,1,1,11,27,0.308,0.395,0.473,0.867,43,,4,0,3,,,player.fcgi?id=cianfr002ang
Patrick Coghlan?,--,2011,Purdue,Big Ten,3,2,2,1,0,0,0,0,0,0,0,0,1,0,0,0,0,0,,0,0,0,,,player.fcgi?id=coghla000pat
Collin DeDecker?,--,2011,Purdue,Big Ten,9,9,9,0,1,0,0,0,0,0,0,0,5,0.111,0.111,0.111,0.222,1,,0,0,0,,,player.fcgi?id=dedeck000col
Andrew Dixon?,--,2011,Purdue,Big Ten,49,129,105,19,28,3,2,0,20,6,1,8,15,0.267,0.333,0.333,0.667,35,,5,6,5,,,player.fcgi?id=dixon-002and
Jake Hansen*,21,2011,Purdue,Big Ten,24,36,29,2,7,2,0,0,4,0,1,3,5,0.241,0.343,0.31,0.653,9,,2,1,1,,,player.fcgi?id=hansen000jak
Sean McHugh,19,2011,Purdue,Big Ten,22,40,30,6,6,1,0,2,6,0,0,8,5,0.2,0.375,0.433,0.808,13,,1,0,1,,,player.fcgi?id=mchugh000sea
David Miller?,--,2011,Purdue,Big Ten,53,218,160,32,45,4,0,3,33,9,4,41,24,0.281,0.465,0.363,0.828,58,,14,3,0,,,player.fcgi?id=miller017dav
Cameron Perkins,20,2011,Purdue,Big Ten,56,269,232,42,81,15,4,8,53,13,3,12,28,0.349,0.42,0.552,0.971,128,,19,2,4,,,player.fcgi?id=perkin001cam
Kevin Plawecki,20,2011,Purdue,Big Ten,55,252,211,46,72,14,0,2,39,3,2,18,10,0.341,0.429,0.436,0.865,92,,18,0,5,,,player.fcgi?id=plawec000kev
Brad Schreiber,20,2011,Purdue,Big Ten,12,17,14,0,4,1,0,0,3,0,0,2,6,0.286,0.412,0.357,0.769,5,,1,0,0,,,player.fcgi?id=schrei001bra
Barrett Serrato*,20,2011,Purdue,Big Ten,57,254,211,50,66,12,2,2,42,6,2,32,37,0.313,0.403,0.417,0.82,88,,4,1,6,,,player.fcgi?id=serrat001bar
Tyler Spillner?,--,2011,Purdue,Big Ten,57,273,229,47,75,17,1,4,33,11,6,31,31,0.328,0.418,0.463,0.881,106,,6,5,2,,,player.fcgi?id=spilln000tyl
Stephen Talbott?,--,2011,Purdue,Big Ten,56,234,196,55,59,13,2,2,32,17,0,16,28,0.301,0.392,0.418,0.811,82,,14,7,1,,,player.fcgi?id=talbot000ste
Chris Antonelli?,--,2012,Purdue,Big Ten,14,20,17,5,4,1,0,0,3,0,0,3,1,0.235,0.35,0.294,0.644,5,,0,0,0,0,,player.fcgi?id=antone001chr
Kyle Bischoff?,--,2012,Purdue,Big Ten,7,7,7,1,1,0,0,0,0,0,0,0,2,0.143,0.143,0.143,0.286,1,,0,0,0,0,,player.fcgi?id=bischo000kyl
Ryan Bridges?,--,2012,Purdue,Big Ten,40,128,110,14,31,4,0,2,13,0,0,13,19,0.282,0.365,0.373,0.738,41,,2,2,1,0,,player.fcgi?id=bridge000rya
Eric Charles,23,2012,Purdue,Big Ten,57,271,232,51,84,13,1,0,33,16,4,22,21,0.362,0.43,0.427,0.857,99,,8,6,3,1,,player.fcgi?id=charle000eri
Angelo Cianfrocco?,--,2012,Purdue,Big Ten,48,169,153,18,36,8,0,2,25,0,1,9,19,0.235,0.296,0.327,0.623,50,,5,0,2,0,,player.fcgi?id=cianfr002ang
Patrick Coghlan?,--,2012,Purdue,Big Ten,3,2,2,1,1,0,0,0,0,0,0,0,1,0.5,0.5,0.5,1,1,,0,0,0,0,,player.fcgi?id=coghla000pat
Sean Collins?,--,2012,Purdue,Big Ten,14,2,1,0,0,0,0,0,0,0,0,0,1,0,0.5,0,0.5,0,,1,0,0,0,,player.fcgi?id=collin004sea
Andrew Dixon?,--,2012,Purdue,Big Ten,47,169,149,23,48,2,0,0,17,5,3,10,21,0.322,0.364,0.336,0.7,50,,1,7,2,0,,player.fcgi?id=dixon-002and
Jake Hansen*,22,2012,Purdue,Big Ten,2,1,0,0,0,0,0,0,0,0,0,1,0,,1,,,0,,0,0,0,0,,player.fcgi?id=hansen000jak
Brandon Krieg,--,2012,Purdue,Big Ten,12,14,13,2,1,0,0,0,0,1,0,0,4,0.077,0.077,0.077,0.154,1,,0,1,0,0,,player.fcgi?id=krieg-000bra
Sean McHugh,20,2012,Purdue,Big Ten,30,96,82,17,26,4,3,3,24,0,1,9,21,0.317,0.404,0.549,0.953,45,,3,2,0,0,,player.fcgi?id=mchugh000sea
David Miller?,--,2012,Purdue,Big Ten,58,243,205,35,64,12,1,3,32,5,2,23,17,0.312,0.395,0.424,0.819,87,,7,5,3,0,,player.fcgi?id=miller017dav
Bennett Oliver*,--,2012,Purdue,Big Ten,13,27,22,1,5,0,0,0,5,0,0,4,8,0.227,0.333,0.227,0.561,5,,0,0,1,0,,player.fcgi?id=oliver002ben
Cameron Perkins,21,2012,Purdue,Big Ten,58,273,242,53,86,15,0,9,61,8,3,13,20,0.355,0.401,0.529,0.93,128,,8,6,4,1,,player.fcgi?id=perkin001cam
Kevin Plawecki,21,2012,Purdue,Big Ten,59,265,223,54,80,20,4,7,47,2,3,26,8,0.359,0.445,0.579,1.024,129,,12,0,4,5,,player.fcgi?id=plawec000kev
Barrett Serrato*,21,2012,Purdue,Big Ten,59,263,234,39,76,13,1,6,49,4,1,22,47,0.325,0.386,0.466,0.852,109,,2,4,1,0,,player.fcgi?id=serrat001bar
Tyler Spillner?,--,2012,Purdue,Big Ten,58,268,230,43,60,12,1,1,25,5,4,25,25,0.261,0.34,0.335,0.675,77,,4,6,3,0,,player.fcgi?id=spilln000tyl
Stephen Talbott?,--,2012,Purdue,Big Ten,49,196,173,32,60,4,6,1,18,15,5,7,28,0.347,0.38,0.457,0.837,79,,3,12,1,0,,player.fcgi?id=talbot000ste
Kyle Upp?,--,2012,Purdue,Big Ten,10,13,12,1,2,0,0,0,1,0,0,0,5,0.167,0.154,0.167,0.321,2,,0,0,1,0,,player.fcgi?id=upp---000kyl
Jack Amaro,--,2013,Purdue,Big Ten,29,70,61,11,14,3,0,0,14,2,1,4,15,0.23,0.284,0.279,0.562,17,,1,3,1,0,,player.fcgi?id=amaro-000jac
Kyle Bischoff?,--,2013,Purdue,Big Ten,22,39,32,7,7,1,0,0,1,0,1,4,11,0.219,0.306,0.25,0.556,8,,0,3,0,0,,player.fcgi?id=bischo000kyl
Jon Bradford?,--,2013,Purdue,Big Ten,6,5,5,0,0,0,0,0,0,0,0,0,3,0,0,0,0,0,,0,0,0,0,,player.fcgi?id=bradfo000jon
Angelo Cianfrocco?,--,2013,Purdue,Big Ten,41,144,125,15,28,8,0,1,13,1,0,14,27,0.224,0.306,0.312,0.618,39,,2,0,3,0,,player.fcgi?id=cianfr002ang
Josh Estill?,--,2013,Purdue,Big Ten,44,157,140,17,39,9,0,1,22,4,0,10,24,0.279,0.336,0.364,0.7,51,,3,2,2,1,,player.fcgi?id=estill000jos
Jake Hansen*,23,2013,Purdue,Big Ten,45,162,130,18,35,2,1,0,13,2,2,21,25,0.269,0.378,0.3,0.678,39,,3,6,2,0,,player.fcgi?id=hansen000jak
Conner Hudnall?,--,2013,Purdue,Big Ten,46,194,177,23,51,9,0,2,20,1,1,12,20,0.288,0.33,0.373,0.703,66,,1,0,4,0,,player.fcgi?id=hudnal000con
Kyle Johnson,19,2013,Purdue,Big Ten,47,178,154,31,41,9,0,2,25,3,1,18,36,0.266,0.35,0.364,0.714,56,,3,1,2,1,,player.fcgi?id=johnso006kyl
Brandon Krieg,--,2013,Purdue,Big Ten,47,179,150,23,34,6,0,3,19,8,5,19,38,0.227,0.333,0.327,0.66,49,,5,5,0,0,,player.fcgi?id=krieg-000bra
Steve Maniago?,--,2013,Purdue,Big Ten,10,8,8,2,4,1,0,0,1,0,0,0,2,0.5,0.5,0.625,1.125,5,,0,0,0,0,,player.fcgi?id=maniag000ste
Sean McHugh,21,2013,Purdue,Big Ten,50,224,198,28,59,9,3,4,31,5,0,15,21,0.298,0.355,0.434,0.789,86,,3,7,1,0,,player.fcgi?id=mchugh000sea
Michael Mullen?,--,2013,Purdue,Big Ten,11,13,10,1,1,0,0,0,0,0,0,2,3,0.1,0.308,0.1,0.408,1,,1,0,0,0,,player.fcgi?id=mullen005mic
Bennett Oliver*,--,2013,Purdue,Big Ten,6,11,9,1,0,0,0,0,1,0,0,1,3,0,0.182,0,0.182,0,,1,0,0,0,,player.fcgi?id=oliver002ben
Jack Picchiotti?,--,2013,Purdue,Big Ten,44,168,157,16,42,4,1,1,26,5,0,8,14,0.268,0.301,0.325,0.626,51,,0,2,1,0,,player.fcgi?id=picchi000jac
Cody Strong,19,2013,Purdue,Big Ten,33,111,83,16,23,3,0,1,16,2,2,19,7,0.277,0.436,0.349,0.786,29,,6,1,2,0,,player.fcgi?id=strong000cod
Stephen Talbott?,--,2013,Purdue,Big Ten,47,182,154,26,30,8,1,1,11,17,3,14,38,0.195,0.302,0.279,0.581,43,,10,3,1,0,,player.fcgi?id=talbot000ste
Kyle Wood*,20,2013,Purdue,Big Ten,46,190,154,32,38,8,1,5,24,3,2,20,37,0.247,0.381,0.409,0.79,63,,14,1,1,0,,player.fcgi?id=wood--000kyl
Jack Amaro,--,2014,Purdue,Big Ten,28,40,35,2,4,0,0,0,1,0,1,1,7,0.114,0.205,0.114,0.319,4,,3,1,0,0,,player.fcgi?id=amaro-000jac
Jeff Evak?,--,2014,Purdue,Big Ten,37,121,108,15,23,1,2,1,6,10,0,4,34,0.213,0.254,0.287,0.541,31,,2,7,0,0,,player.fcgi?id=evak--000jef
Mike Gaglianese?,--,2014,Purdue,Big Ten,8,8,7,1,1,1,0,0,1,0,0,0,4,0.143,0.25,0.286,0.536,2,,1,0,0,0,,player.fcgi?id=gaglia000mik
Hayden Grant?,--,2014,Purdue,Big Ten,13,23,20,1,3,2,0,0,0,0,0,2,7,0.15,0.261,0.25,0.511,5,,1,0,0,0,,player.fcgi?id=grant-002hay
Conner Hudnall?,--,2014,Purdue,Big Ten,46,187,173,8,38,8,0,2,22,0,1,10,20,0.22,0.267,0.301,0.568,52,,2,0,2,1,,player.fcgi?id=hudnal000con
Kyle Johnson,20,2014,Purdue,Big Ten,46,193,170,18,38,5,1,2,18,4,1,19,38,0.224,0.307,0.3,0.607,51,,2,1,1,0,,player.fcgi?id=johnso006kyl
Patrick Kenney,--,2014,Purdue,Big Ten,13,1,1,0,0,0,0,0,0,0,0,0,1,0,0,0,0,0,,0,0,0,0,,player.fcgi?id=kenney000pat
Brandon Krieg,--,2014,Purdue,Big Ten,49,215,193,28,51,8,0,2,17,12,3,14,31,0.264,0.329,0.337,0.665,65,,5,2,1,1,,player.fcgi?id=krieg-000bra
Jordan Lewis?,--,2014,Purdue,Big Ten,14,33,28,2,3,2,0,0,1,1,0,4,7,0.107,0.242,0.179,0.421,5,,1,0,0,0,,player.fcgi?id=lewis-000jor
Steve Maniago?,--,2014,Purdue,Big Ten,44,142,130,14,30,3,0,1,5,6,1,6,31,0.231,0.281,0.277,0.558,36,,3,3,0,0,,player.fcgi?id=maniag000ste
Mack Mattke?,--,2014,Purdue,Big Ten,1,1,1,0,0,0,0,0,0,0,0,0,1,0,0,0,0,0,,0,0,0,0,,player.fcgi?id=mattke000mac
Matt McHugh,19,2014,Purdue,Big Ten,17,37,34,1,3,0,0,0,0,0,0,3,3,0.088,0.162,0.088,0.25,3,,0,0,0,0,,player.fcgi?id=mchugh000mat
Sean McHugh,22,2014,Purdue,Big Ten,50,230,202,25,60,14,0,4,28,2,4,20,24,0.297,0.368,0.426,0.794,86,,4,2,2,2,,player.fcgi?id=mchugh000sea
Michael Mullen?,--,2014,Purdue,Big Ten,17,28,24,1,3,0,0,0,3,0,0,2,4,0.125,0.185,0.125,0.31,3,,0,1,1,0,,player.fcgi?id=mullen005mic
Jack Picchiotti?,--,2014,Purdue,Big Ten,40,149,127,8,32,5,0,0,8,2,0,16,17,0.252,0.356,0.291,0.647,37,,5,0,1,0,,player.fcgi?id=picchi000jac
Drew Rosbottom?,--,2014,Purdue,Big Ten,3,2,2,0,0,0,0,0,0,0,0,0,2,0,0,0,0,0,,0,0,0,0,,player.fcgi?id=rosbot000dre
Ted Snidanko,19,2014,Purdue,Big Ten,23,68,55,4,10,1,0,0,0,0,1,9,20,0.182,0.318,0.2,0.518,11,,2,2,0,1,,player.fcgi?id=snidan000ted
Cody Strong,20,2014,Purdue,Big Ten,47,199,161,17,36,6,0,0,13,3,1,19,20,0.224,0.335,0.261,0.596,42,,9,8,2,0,,player.fcgi?id=strong000cod
Kyle Upp?,--,2014,Purdue,Big Ten,27,86,73,4,17,3,0,0,7,0,0,13,21,0.233,0.349,0.274,0.623,20,,0,0,0,0,,player.fcgi?id=upp---000kyl
Kyle Wood*,21,2014,Purdue,Big Ten,46,196,169,20,51,10,0,3,15,4,0,11,33,0.302,0.39,0.414,0.804,70,,14,1,1,1,,player.fcgi?id=wood--000kyl
Brett Carlson,22,2015,Purdue,Big Ten,41,146,120,15,28,4,0,1,19,3,1,21,31,0.233,0.359,0.292,0.65,35,,3,1,1,0,,player.fcgi?id=carlso000bre
Jeff Evak?,--,2015,Purdue,Big Ten,27,52,42,11,10,4,0,1,5,5,0,6,21,0.238,0.333,0.405,0.738,17,,0,4,0,0,,player.fcgi?id=evak--000jef
Hayden Grant?,--,2015,Purdue,Big Ten,8,9,8,1,3,1,0,0,1,0,0,1,0,0.375,0.444,0.5,0.944,4,,0,0,0,0,,player.fcgi?id=grant-002hay
Justin Gubser?,--,2015,Purdue,Big Ten,30,76,65,5,9,3,0,2,5,0,0,6,19,0.139,0.227,0.277,0.504,18,,2,1,2,0,,player.fcgi?id=gubser000jus
James Jewell?,--,2015,Purdue,Big Ten,15,43,38,4,10,1,0,0,6,0,0,2,8,0.263,0.317,0.29,0.607,11,,1,2,0,0,,player.fcgi?id=jewell003jam
Kyle Johnson,21,2015,Purdue,Big Ten,53,225,185,30,53,11,2,6,34,5,1,31,55,0.287,0.399,0.465,0.864,86,,5,2,2,0,,player.fcgi?id=johnso006kyl
Evan Kennedy*,20,2015,Purdue,Big Ten,18,39,36,1,8,0,0,0,5,0,0,2,9,0.222,0.256,0.222,0.479,8,,0,0,1,0,,player.fcgi?id=kenned000eva
Brandon Krieg,--,2015,Purdue,Big Ten,54,241,222,37,62,13,2,3,26,12,2,15,48,0.279,0.322,0.396,0.719,88,,0,2,2,0,,player.fcgi?id=krieg-000bra
Jordan Lewis?,--,2015,Purdue,Big Ten,27,59,52,6,13,2,0,2,4,0,0,3,10,0.25,0.304,0.404,0.707,21,,1,3,0,0,,player.fcgi?id=lewis-000jor
Alec Olund,19,2015,Purdue,Big Ten,37,101,91,21,21,4,0,3,11,2,2,8,14,0.231,0.3,0.374,0.674,34,,1,1,0,0,,player.fcgi?id=olund-000ale
Jack Picchiotti?,--,2015,Purdue,Big Ten,52,188,167,17,37,7,1,4,28,2,1,15,25,0.222,0.29,0.347,0.638,58,,2,2,2,0,,player.fcgi?id=picchi000jac
Daniel Sander?,--,2015,Purdue,Big Ten,32,54,48,2,10,1,0,0,7,0,1,5,12,0.208,0.296,0.229,0.526,11,,1,0,0,0,,player.fcgi?id=sander000dan
Harry Shipley*,--,2015,Purdue,Big Ten,54,235,185,31,51,4,0,0,16,4,3,26,43,0.276,0.406,0.297,0.703,55,,16,6,2,1,,player.fcgi?id=shiple000har
Ted Snidanko,20,2015,Purdue,Big Ten,27,78,66,10,16,1,1,1,13,1,1,6,17,0.242,0.333,0.333,0.667,22,,3,3,0,0,,player.fcgi?id=snidan000ted
Cody Strong,21,2015,Purdue,Big Ten,51,214,181,29,41,4,1,0,16,2,2,17,25,0.227,0.319,0.26,0.579,47,,8,7,1,0,,player.fcgi?id=strong000cod
Michael Vilardo?,--,2015,Purdue,Big Ten,35,137,117,16,27,5,1,1,13,4,3,11,23,0.231,0.319,0.316,0.635,37,,5,2,2,0,,player.fcgi?id=vilard000mic
Kyle Wood*,22,2015,Purdue,Big Ten,54,228,193,29,63,13,0,6,34,1,0,23,47,0.326,0.421,0.487,0.908,94,,10,0,2,2,,player.fcgi?id=wood--000kyl
Brett Carlson,23,2016,Purdue,Big Ten,50,176,151,19,40,13,0,2,18,2,3,18,40,0.265,0.347,0.391,0.738,59,,1,6,0,1,,player.fcgi?id=carlso000bre
Nick Dalesandro,19,2016,Purdue,Big Ten,54,217,196,11,54,7,1,0,26,2,1,14,46,0.276,0.329,0.321,0.65,63,,3,1,3,0,,player.fcgi?id=dalesa000nic
Hayden Grant?,--,2016,Purdue,Big Ten,14,9,8,3,0,0,0,0,0,0,0,1,3,0,0.111,0,0.111,0,,0,0,0,0,,player.fcgi?id=grant-002hay
Justin Gubser?,--,2016,Purdue,Big Ten,23,48,45,3,9,1,0,0,5,0,0,2,24,0.2,0.25,0.222,0.472,10,,1,0,0,0,,player.fcgi?id=gubser000jus
James Jewell?,--,2016,Purdue,Big Ten,30,84,73,7,16,4,0,2,6,2,1,4,13,0.219,0.269,0.356,0.625,26,,1,6,0,0,,player.fcgi?id=jewell003jam
Kyle Johnson,22,2016,Purdue,Big Ten,53,240,214,39,68,11,3,7,31,7,3,19,61,0.318,0.387,0.495,0.882,106,,5,2,0,1,,player.fcgi?id=johnso006kyl
Stephen Kalina*,--,2016,Purdue,Big Ten,20,30,28,5,4,0,0,0,1,2,0,2,5,0.143,0.2,0.143,0.343,4,,0,0,0,0,,player.fcgi?id=kalina000ste
Evan Kennedy*,21,2016,Purdue,Big Ten,10,12,11,0,1,0,0,0,0,0,0,1,2,0.091,0.167,0.091,0.258,1,,0,0,0,0,,player.fcgi?id=kenned000eva
Mike Kornacker?,--,2016,Purdue,Big Ten,11,21,20,2,2,0,0,0,1,0,0,1,7,0.1,0.143,0.1,0.243,2,,0,0,0,0,,player.fcgi?id=kornac000mik
Jacson McGowan,19,2016,Purdue,Big Ten,37,123,111,6,24,5,0,0,9,0,0,10,24,0.216,0.276,0.261,0.538,29,,0,0,2,0,,player.fcgi?id=mcgowa002jac
Duncan McKinnon?,--,2016,Purdue,Big Ten,36,68,53,7,8,0,0,0,1,0,1,10,13,0.151,0.297,0.151,0.448,8,,1,4,0,0,,player.fcgi?id=mckinn000dun
Alec Olund,20,2016,Purdue,Big Ten,54,205,181,17,46,6,0,0,12,3,0,14,27,0.254,0.315,0.287,0.602,52,,3,5,2,1,,player.fcgi?id=olund-000ale
Jack Picchiotti?,--,2016,Purdue,Big Ten,45,165,149,22,37,8,0,0,11,4,2,6,26,0.248,0.304,0.302,0.606,45,,6,4,0,1,,player.fcgi?id=picchi000jac
Daniel Sander?,--,2016,Purdue,Big Ten,32,65,57,4,17,4,0,0,8,1,0,6,9,0.298,0.359,0.368,0.728,21,,0,1,1,1,,player.fcgi?id=sander000dan
Harry Shipley*,--,2016,Purdue,Big Ten,53,202,153,17,27,4,0,0,8,6,0,22,23,0.177,0.345,0.203,0.548,31,,18,8,1,0,,player.fcgi?id=shiple000har
Ted Snidanko,21,2016,Purdue,Big Ten,17,22,19,1,2,1,0,0,1,0,0,1,4,0.105,0.191,0.158,0.348,3,,1,1,0,0,,player.fcgi?id=snidan000ted
Cody Strong,22,2016,Purdue,Big Ten,50,205,176,19,44,8,1,0,10,5,2,19,23,0.25,0.337,0.307,0.644,54,,4,6,0,1,,player.fcgi?id=strong000cod
Kyle Wood*,23,2016,Purdue,Big Ten,54,239,189,28,51,11,1,12,37,2,1,33,51,0.27,0.423,0.529,0.952,100,,17,0,0,2,,player.fcgi?id=wood--000kyl
Milo Beam*,19,2017,Purdue,Big Ten,41,101,82,19,17,1,0,0,3,6,1,15,33,0.207,0.343,0.22,0.563,18,,2,2,0,0,,player.fcgi?id=beam--000mil
Drew Bertram,20,2017,Purdue,Big Ten,10,10,10,1,2,1,0,0,1,0,0,0,4,0.2,0.2,0.3,0.5,3,,0,0,0,0,,player.fcgi?id=bertra000dre
Bryce Bonner,19,2017,Purdue,Big Ten,47,164,132,15,36,13,1,1,12,0,1,26,28,0.273,0.402,0.409,0.812,54,,4,0,2,0,,player.fcgi?id=bonner002bry
Nick Dalesandro,20,2017,Purdue,Big Ten,56,243,212,38,63,8,1,3,42,12,1,20,40,0.297,0.357,0.387,0.744,82,,3,2,6,2,,player.fcgi?id=dalesa000nic
Hayden Grant?,--,2017,Purdue,Big Ten,25,85,73,8,11,0,0,1,6,3,0,4,19,0.151,0.198,0.192,0.389,14,,1,4,3,0,,player.fcgi?id=grant-002hay
Skyler Hunter#,19,2017,Purdue,Big Ten,54,223,202,28,65,9,2,0,34,8,5,10,45,0.322,0.353,0.386,0.739,78,,3,2,6,1,,player.fcgi?id=hunter001sky
Stephen Kalina*,--,2017,Purdue,Big Ten,8,22,17,2,1,0,0,0,1,0,1,2,8,0.059,0.238,0.059,0.297,1,,2,1,0,0,,player.fcgi?id=kalina000ste
Evan Kennedy*,22,2017,Purdue,Big Ten,15,52,41,7,11,3,1,0,5,2,0,7,9,0.268,0.412,0.39,0.802,16,,3,1,0,0,,player.fcgi?id=kenned000eva
John LeGare?,--,2017,Purdue,Big Ten,19,39,34,4,4,0,0,2,5,1,1,3,15,0.118,0.211,0.294,0.505,10,,1,1,0,0,,player.fcgi?id=legare000joh
Mikey Madej#,19,2017,Purdue,Big Ten,56,237,211,34,44,10,1,2,25,5,3,14,35,0.209,0.26,0.294,0.554,62,,2,6,4,0,,player.fcgi?id=madej-000mik
Jacson McGowan,20,2017,Purdue,Big Ten,56,243,216,24,63,15,3,8,50,4,1,17,49,0.292,0.347,0.5,0.847,108,,4,1,5,1,,player.fcgi?id=mcgowa002jac
Alec Olund,21,2017,Purdue,Big Ten,49,172,152,24,33,8,2,1,17,2,3,16,30,0.217,0.288,0.316,0.604,48,,0,2,2,0,,player.fcgi?id=olund-000ale
Logan Poisall?,--,2017,Purdue,Big Ten,32,89,78,8,21,9,0,2,10,1,1,5,20,0.269,0.313,0.462,0.775,36,,0,6,0,0,,player.fcgi?id=poisal000log
Harry Shipley*,--,2017,Purdue,Big Ten,56,259,199,42,53,9,1,1,23,24,6,23,48,0.266,0.405,0.337,0.742,67,,24,12,1,0,,player.fcgi?id=shiple000har
Ted Snidanko,22,2017,Purdue,Big Ten,5,8,8,0,2,0,0,0,0,0,0,0,3,0.25,0.25,0.25,0.5,2,,0,0,0,0,,player.fcgi?id=snidan000ted
Evan Warden,21,2017,Purdue,Big Ten,55,243,185,50,52,15,1,4,25,12,6,17,29,0.281,0.425,0.438,0.863,81,,30,10,1,0,,player.fcgi?id=warden000eva
Nick Wojtysiak*,21,2017,Purdue,Big Ten,18,1,1,0,0,0,0,0,0,0,0,0,0,0,0,0,0,0,,0,0,0,0,,player.fcgi?id=wojtys000nic
Milo Beam*,20,2018,Purdue,Big Ten,47,62,48,11,9,1,0,0,5,5,3,6,26,0.188,0.316,0.208,0.524,10,,3,5,0,0,,player.fcgi?id=beam--000mil
Bryce Bonner,20,2018,Purdue,Big Ten,22,46,37,5,7,0,0,0,4,0,0,6,8,0.189,0.333,0.189,0.523,7,,2,1,0,0,,player.fcgi?id=bonner002bry
Nick Dalesandro,21,2018,Purdue,Big Ten,59,262,219,44,65,15,1,2,34,27,3,37,31,0.297,0.4,0.402,0.802,88,,2,2,2,0,,player.fcgi?id=dalesa000nic
Nick Evarts?,--,2018,Purdue,Big Ten,44,103,92,13,23,5,0,0,7,4,3,6,14,0.25,0.317,0.304,0.621,28,,3,2,0,0,,player.fcgi?id=evarts000nic
Justin Fugitt*,19,2018,Purdue,Big Ten,7,5,4,0,0,0,0,0,0,0,0,0,3,0,0.2,0,0.2,0,,1,0,0,0,,player.fcgi?id=fugitt000jus
Braden Giroux?,--,2018,Purdue,Big Ten,21,34,23,5,4,0,0,0,3,1,0,9,7,0.174,0.424,0.174,0.598,4,,1,1,0,0,,player.fcgi?id=giroux000bra
Skyler Hunter#,20,2018,Purdue,Big Ten,59,264,234,49,78,13,3,1,38,11,4,14,35,0.333,0.386,0.427,0.813,100,,9,2,5,0,,player.fcgi?id=hunter001sky
Owen Jansen,19,2018,Purdue,Big Ten,27,39,28,4,3,2,0,0,5,0,0,5,10,0.107,0.359,0.179,0.538,5,,6,0,0,0,,player.fcgi?id=jansen001owe
Evan Kennedy*,23,2018,Purdue,Big Ten,48,135,118,12,30,8,1,1,15,2,0,11,24,0.254,0.336,0.364,0.7,43,,4,1,1,1,,player.fcgi?id=kenned000eva
Jacson McGowan,21,2018,Purdue,Big Ten,59,265,204,39,62,10,0,13,59,2,3,49,51,0.304,0.442,0.544,0.986,111,,6,0,6,5,,player.fcgi?id=mcgowa002jac
Charlie Nasuti,--,2018,Purdue,Big Ten,37,86,67,14,17,1,0,0,7,3,5,16,18,0.254,0.393,0.269,0.662,18,,0,2,1,1,,player.fcgi?id=nasuti000cha
Ben Nisle,19,2018,Purdue,Big Ten,58,215,184,28,56,12,1,7,43,6,3,16,28,0.304,0.368,0.495,0.863,91,,6,3,6,0,,player.fcgi?id=nisle-000ben
Alec Olund,22,2018,Purdue,Big Ten,43,158,140,19,47,11,0,0,20,4,3,12,20,0.336,0.401,0.414,0.816,58,,4,1,1,2,,player.fcgi?id=olund-000ale
Tyler Powers,19,2018,Purdue,Big Ten,50,135,102,21,24,2,0,0,12,2,2,19,20,0.235,0.358,0.255,0.613,26,,1,12,1,0,,player.fcgi?id=powers000tyl
Harry Shipley*,--,2018,Purdue,Big Ten,59,276,212,48,61,8,1,2,30,16,8,29,35,0.288,0.415,0.363,0.778,77,,20,11,4,0,,player.fcgi?id=shiple000har
Evan Warden,22,2018,Purdue,Big Ten,59,250,207,34,52,13,0,1,26,11,4,24,39,0.251,0.355,0.329,0.684,68,,11,5,3,0,,player.fcgi?id=warden000eva
Evan Albrecht,19,2019,Purdue,Big Ten,52,148,112,16,18,2,0,0,6,3,2,18,42,0.161,0.317,0.179,0.495,20,,8,9,1,0,,player.fcgi?id=albrec001eva
Milo Beam*,21,2019,Purdue,Big Ten,39,76,59,15,15,2,0,1,9,7,4,12,23,0.254,0.389,0.339,0.728,20,,1,4,0,0,,player.fcgi?id=beam--000mil
Bryce Bonner,21,2019,Purdue,Big Ten,43,149,123,14,24,6,1,2,17,3,2,19,19,0.195,0.322,0.309,0.631,38,,4,3,0,0,,player.fcgi?id=bonner002bry
Nick Evarts?,--,2019,Purdue,Big Ten,35,112,97,8,26,2,1,0,11,0,4,6,28,0.268,0.355,0.309,0.664,30,,7,2,0,0,,player.fcgi?id=evarts000nic
Zac Fascia*,20,2019,Purdue,Big Ten,54,228,202,21,56,10,1,4,37,1,1,19,27,0.277,0.351,0.396,0.747,80,,5,0,2,1,,player.fcgi?id=fascia000zac
Justin Fugitt*,20,2019,Purdue,Big Ten,26,43,37,6,6,2,1,0,0,1,0,5,14,0.162,0.279,0.27,0.549,10,,1,0,0,0,,player.fcgi?id=fugitt000jus
Seth Gergely*,19,2019,Purdue,Big Ten,15,16,14,2,1,0,0,0,1,0,0,1,9,0.071,0.133,0.071,0.205,1,,0,1,0,0,,player.fcgi?id=gergel000set
Ryan Howe,19,2019,Purdue,Big Ten,48,171,154,18,34,4,2,2,16,3,1,6,31,0.221,0.275,0.312,0.587,48,,6,4,1,0,,player.fcgi?id=howe--000rya
Skyler Hunter#,21,2019,Purdue,Big Ten,50,226,199,37,61,10,6,0,17,7,2,21,27,0.307,0.385,0.417,0.802,83,,5,0,1,0,,player.fcgi?id=hunter001sky
Owen Jansen,20,2019,Purdue,Big Ten,43,131,110,5,21,9,0,0,11,0,1,11,33,0.191,0.302,0.273,0.575,30,,7,2,1,1,,player.fcgi?id=jansen001owe
Cole McKenzie*,--,2019,Purdue,Big Ten,54,246,205,27,65,6,1,1,21,10,2,26,29,0.317,0.407,0.371,0.778,76,,8,3,4,1,,player.fcgi?id=mckenz000col
Charlie Nasuti,--,2019,Purdue,Big Ten,29,59,55,6,10,2,1,0,7,0,0,4,21,0.182,0.237,0.255,0.492,14,,0,0,0,0,,player.fcgi?id=nasuti000cha
Ben Nisle,20,2019,Purdue,Big Ten,19,77,65,10,17,3,0,1,8,4,1,6,15,0.262,0.342,0.354,0.696,23,,3,1,2,0,,player.fcgi?id=nisle-000ben
Tyler Powers,20,2019,Purdue,Big Ten,53,193,165,22,36,1,1,0,12,8,4,20,34,0.218,0.301,0.236,0.538,39,,0,7,1,0,,player.fcgi?id=powers000tyl
Johnny Sage*,21,2019,Purdue,Big Ten,44,140,119,11,25,3,1,0,10,0,2,12,23,0.21,0.289,0.252,0.541,30,,2,5,2,1,,player.fcgi?id=sage--000joh
Blake Schmitt*,19,2019,Purdue,Big Ten,6,7,5,0,0,0,0,0,0,0,0,1,4,0,0.286,0,0.286,0,,1,0,0,0,,player.fcgi?id=schmit001bla
Patrick Smith*,20,2019,Purdue,Big Ten,15,20,19,0,1,0,0,0,3,0,0,0,7,0.053,0.1,0.053,0.153,1,,1,0,0,0,,player.fcgi?id=smith-008pat
Conner Tomasic,19,2019,Purdue,Big Ten,23,12,12,1,3,0,1,0,3,0,0,0,5,0.25,0.25,0.417,0.667,5,,0,0,0,0,,player.fcgi?id=tomasi000con
Evan Albrecht,20,2020,Purdue,Big Ten,13,54,44,7,16,3,0,0,14,3,1,4,12,0.364,0.442,0.432,0.874,19,,3,2,1,0,,player.fcgi?id=albrec001eva
Milo Beam*,22,2020,Purdue,Big Ten,10,20,14,4,0,0,0,0,0,1,0,6,4,0,0.3,0,0.3,0,,0,0,0,1,,player.fcgi?id=beam--000mil
Mike Bolton*,19,2020,Purdue,Big Ten,9,7,7,4,1,1,0,0,0,1,1,0,4,0.143,0.143,0.286,0.429,2,,0,0,0,0,,player.fcgi?id=bolton000mik
Bryce Bonner,22,2020,Purdue,Big Ten,12,40,31,4,8,1,0,0,8,0,0,2,12,0.258,0.385,0.29,0.675,9,,5,1,1,0,,player.fcgi?id=bonner002bry
Zac Fascia*,21,2020,Purdue,Big Ten,14,62,47,13,12,3,1,1,9,0,1,6,9,0.255,0.387,0.426,0.813,20,,6,0,3,1,,player.fcgi?id=fascia000zac
Justin Fugitt*,21,2020,Purdue,Big Ten,11,7,6,0,2,0,0,0,2,0,0,0,1,0.333,0.286,0.333,0.619,2,,0,0,1,0,,player.fcgi?id=fugitt000jus
Mason Gavre,21,2020,Purdue,Big Ten,13,42,36,4,6,1,0,0,5,0,1,4,8,0.167,0.286,0.194,0.48,7,,2,0,0,1,,player.fcgi?id=gavre-000mas
Tanner Haston,20,2020,Purdue,Big Ten,4,3,3,1,1,0,0,0,1,0,0,0,1,0.333,0.333,0.333,0.667,1,,0,0,0,0,,player.fcgi?id=haston000tan
Ryan Howe,20,2020,Purdue,Big Ten,9,26,24,0,3,0,0,0,2,1,1,1,5,0.125,0.16,0.125,0.285,3,,0,1,0,0,,player.fcgi?id=howe--000rya
Skyler Hunter#,22,2020,Purdue,Big Ten,14,64,54,8,17,5,0,0,11,1,1,7,10,0.315,0.391,0.407,0.798,22,,1,0,2,0,,player.fcgi?id=hunter001sky
Kyle LaPlante,21,2020,Purdue,Big Ten,14,55,43,8,12,1,0,1,8,1,0,2,13,0.279,0.359,0.372,0.731,16,,5,2,3,0,,player.fcgi?id=laplan000kyl
Ben Nisle,21,2020,Purdue,Big Ten,14,60,50,16,16,3,0,1,6,3,1,7,15,0.32,0.433,0.44,0.873,22,,3,0,0,0,,player.fcgi?id=nisle-000ben
Jake Parr,19,2020,Purdue,Big Ten,6,10,8,1,0,0,0,0,1,0,0,0,5,0,0.1,0,0.1,0,,1,0,1,0,,player.fcgi?id=parr--000jak
Tyler Powers,21,2020,Purdue,Big Ten,13,38,34,5,8,1,0,0,2,2,0,1,7,0.235,0.25,0.265,0.515,9,,0,2,1,0,,player.fcgi?id=powers000tyl
Johnny Sage*,22,2020,Purdue,Big Ten,3,9,7,1,0,0,0,0,0,0,1,1,2,0,0.222,0,0.222,0,,1,0,0,1,,player.fcgi?id=sage--000joh
Miles Simington*,20,2020,Purdue,Big Ten,13,48,39,10,9,4,0,1,10,0,1,6,8,0.231,0.375,0.41,0.785,16,,3,0,0,1,,player.fcgi?id=siming000mil
Evan Albrecht,21,2021,Purdue,Big Ten,41,153,122,15,22,3,0,0,14,4,2,17,39,0.18,0.295,0.205,0.499,25,,4,7,3,0,,player.fcgi?id=albrec001eva
Mike Bolton*,20,2021,Purdue,Big Ten,34,106,78,18,21,4,1,0,3,17,0,13,27,0.269,0.452,0.346,0.798,27,,13,2,0,1,,player.fcgi?id=bolton000mik
Zac Fascia*,22,2021,Purdue,Big Ten,39,154,139,19,39,7,0,3,20,0,1,7,16,0.281,0.331,0.396,0.727,55,,5,0,3,0,,player.fcgi?id=fascia000zac
Jack Firestone*,20,2021,Purdue,Big Ten,24,27,25,3,3,0,0,0,2,0,0,2,10,0.12,0.185,0.12,0.305,3,,0,0,0,0,,player.fcgi?id=firest000jac
Mason Gavre,22,2021,Purdue,Big Ten,35,79,65,5,13,3,0,1,12,1,1,11,17,0.2,0.325,0.292,0.617,19,,1,2,0,0,,player.fcgi?id=gavre-000mas
Tanner Haston,21,2021,Purdue,Big Ten,7,5,5,0,0,0,0,0,0,0,0,0,3,0,0,0,0,0,,0,0,0,0,,player.fcgi?id=haston000tan
Ryan Howe,21,2021,Purdue,Big Ten,37,123,109,15,26,3,1,1,8,4,4,11,17,0.239,0.312,0.312,0.623,34,,1,1,1,0,,player.fcgi?id=howe--000rya
Skyler Hunter#,23,2021,Purdue,Big Ten,42,194,165,33,47,7,0,0,21,3,3,25,30,0.285,0.385,0.327,0.713,54,,2,2,0,0,,player.fcgi?id=hunter001sky
Kyle LaPlante,22,2021,Purdue,Big Ten,23,50,45,5,12,1,0,1,6,2,0,2,17,0.267,0.327,0.356,0.682,16,,2,1,0,0,,player.fcgi?id=laplan000kyl
Ben Nisle,22,2021,Purdue,Big Ten,42,190,157,32,50,11,3,8,28,6,0,18,44,0.319,0.421,0.58,1.001,91,,12,0,3,1,,player.fcgi?id=nisle-000ben
Jake Parr,20,2021,Purdue,Big Ten,22,56,48,8,14,0,0,1,10,0,0,2,6,0.292,0.364,0.354,0.718,17,,4,1,1,0,,player.fcgi?id=parr--000jak
Tyler Powers,22,2021,Purdue,Big Ten,34,120,91,17,32,5,0,0,7,5,1,15,19,0.352,0.46,0.407,0.866,37,,4,9,1,0,,player.fcgi?id=powers000tyl
Steve Ramirez,20,2021,Purdue,Big Ten,20,45,36,3,5,0,0,0,2,0,0,6,12,0.139,0.273,0.139,0.412,5,,1,1,1,0,,player.fcgi?id=ramire000ste
Jeremy Schork*,19,2021,Purdue,Big Ten,19,23,17,1,2,1,0,1,6,0,0,5,12,0.118,0.304,0.353,0.657,6,,0,0,1,0,,player.fcgi?id=schork000jer
Miles Simington*,21,2021,Purdue,Big Ten,42,188,152,25,49,14,0,4,27,4,1,21,20,0.322,0.431,0.493,0.924,75,,11,0,4,1,,player.fcgi?id=siming000mil
Cameron Thompson,20,2021,Purdue,Big Ten,28,70,56,7,12,3,0,2,14,0,1,6,24,0.214,0.371,0.375,0.746,21,,8,0,0,0,,player.fcgi?id=thomps001cam
Justin Walker#,22,2021,Purdue,Big Ten,34,96,84,6,13,0,0,0,6,2,1,8,25,0.155,0.226,0.155,0.381,13,,0,3,1,0,,player.fcgi?id=walker004jus
Evan Albrecht,22,2022,Purdue,Big Ten,50,216,181,41,66,14,1,1,34,22,2,17,31,0.365,0.452,0.47,0.922,85,3,12,6,0,1,,player.fcgi?id=albrec001eva
Mike Bolton*,21,2022,Purdue,Big Ten,50,221,163,43,45,8,5,3,20,28,6,38,61,0.276,0.445,0.442,0.887,72,1,14,3,3,0,,player.fcgi?id=bolton000mik
Pat Clohisy*,20,2022,Purdue,Big Ten,14,10,8,4,0,0,0,0,0,0,0,2,3,0,0.2,0,0.2,0,0,0,0,0,0,,player.fcgi?id=clohis000pat
Jack Firestone*,21,2022,Purdue,Big Ten,18,20,15,5,2,1,0,0,2,2,1,4,9,0.133,0.35,0.2,0.55,3,0,1,0,0,0,,player.fcgi?id=firest000jac
Sam Franco,21,2022,Purdue,Big Ten,26,49,41,3,6,0,0,0,3,1,0,3,11,0.146,0.245,0.146,0.391,6,0,3,0,2,0,,player.fcgi?id=franco000sam
Ty Gill*,19,2022,Purdue,Big Ten,10,10,9,2,1,0,0,1,2,0,0,1,6,0.111,0.2,0.444,0.644,4,0,0,0,0,0,,player.fcgi?id=gill--000ty-
Tanner Haston,22,2022,Purdue,Big Ten,32,13,11,3,1,0,0,0,1,0,0,0,5,0.091,0.167,0.091,0.258,1,0,1,1,0,0,,player.fcgi?id=haston000tan
Cade Hohl,20,2022,Purdue,Big Ten,6,2,2,1,0,0,0,0,0,0,0,0,2,0,0,0,0,0,0,0,0,0,0,,player.fcgi?id=hohl--000cad
Ryan Howe,22,2022,Purdue,Big Ten,21,63,56,9,18,3,0,2,12,2,0,5,12,0.321,0.397,0.482,0.879,27,0,2,0,0,0,,player.fcgi?id=howe--000rya
Jake Jarvis*,22,2022,Purdue,Big Ten,40,104,83,13,25,4,0,2,19,3,2,17,22,0.301,0.442,0.422,0.864,35,0,4,0,0,0,,player.fcgi?id=jarvis001jak
Pablo Lanzarote,22,2022,Purdue,Big Ten,34,96,87,17,17,3,1,2,11,0,0,6,11,0.195,0.26,0.322,0.582,28,3,2,0,1,0,,player.fcgi?id=lanzar000pab
Jake Parr,21,2022,Purdue,Big Ten,17,25,22,3,5,1,0,1,4,1,0,1,7,0.227,0.32,0.409,0.729,9,1,2,0,0,0,,player.fcgi?id=parr--000jak
Tyler Powers,23,2022,Purdue,Big Ten,30,30,24,8,4,0,0,0,3,1,0,4,6,0.167,0.31,0.167,0.477,4,1,1,1,0,0,,player.fcgi?id=powers000tyl
Steve Ramirez,21,2022,Purdue,Big Ten,22,57,48,7,16,2,0,0,8,3,0,5,13,0.333,0.411,0.375,0.786,18,0,2,1,1,0,,player.fcgi?id=ramire000ste
Jake Stadler*,20,2022,Purdue,Big Ten,19,54,43,5,6,1,0,0,2,1,0,4,8,0.14,0.315,0.163,0.478,7,1,7,0,0,0,,player.fcgi?id=stadle000jak
Cameron Thompson,21,2022,Purdue,Big Ten,50,231,178,47,52,15,1,13,56,1,1,19,30,0.292,0.424,0.607,1.031,108,4,27,0,7,1,,player.fcgi?id=thomps001cam
Paul Toetz,21,2022,Purdue,Big Ten,50,218,193,31,55,13,2,4,33,10,1,19,45,0.285,0.362,0.435,0.798,84,4,5,0,1,1,,player.fcgi?id=toetz-000pau
C.J. Valdez,21,2022,Purdue,Big Ten,46,213,176,36,57,14,0,4,43,2,2,28,51,0.324,0.432,0.472,0.904,83,1,7,0,2,1,,player.fcgi?id=valdez000cj-
Troy Viola,24,2022,Purdue,Big Ten,50,231,196,42,63,19,0,8,42,8,0,15,23,0.321,0.409,0.541,0.95,106,7,16,1,3,1,,player.fcgi?id=viola-000tro
Curtis Washington,22,2022,Purdue,Big Ten,50,250,220,52,69,5,1,2,30,31,4,18,30,0.314,0.378,0.373,0.751,82,0,6,4,2,0,,player.fcgi?id=washin000cur
Evan Albrecht,23,2023,Purdue,Big Ten,50,173,152,34,48,7,1,0,25,13,3,6,38,0.316,0.365,0.375,0.74,57,0,7,6,2,0,,player.fcgi?id=albrec001eva
Mike Bolton*,22,2023,Purdue,Big Ten,48,201,153,44,43,3,4,3,16,28,3,27,38,0.281,0.434,0.412,0.846,63,2,15,5,1,0,,player.fcgi?id=bolton000mik
Connor Caskenette,21,2023,Purdue,Big Ten,44,167,147,21,41,10,0,6,35,2,1,10,20,0.279,0.355,0.469,0.825,69,3,8,1,1,0,,player.fcgi?id=casken000con
Lukas Cook,22,2023,Purdue,Big Ten,26,55,52,5,7,1,0,2,5,3,0,2,16,0.135,0.182,0.269,0.451,14,0,1,0,0,0,,player.fcgi?id=cook--000luk
Couper Cornblum,22,2023,Purdue,Big Ten,53,231,197,44,61,10,1,1,31,26,3,20,30,0.31,0.385,0.386,0.771,76,2,6,5,3,0,,player.fcgi?id=cornbl000cou
Sam Franco,22,2023,Purdue,Big Ten,21,32,27,2,7,5,0,1,6,0,0,1,10,0.259,0.344,0.556,0.899,15,0,3,0,1,0,,player.fcgi?id=franco000sam
Ty Gill*,20,2023,Purdue,Big Ten,23,28,25,3,8,3,1,0,6,0,0,1,6,0.32,0.357,0.52,0.877,13,1,1,0,1,0,,player.fcgi?id=gill--000ty-
Wes Gingerich*,21,2023,Purdue,Big Ten,15,6,5,4,1,1,0,0,0,1,0,1,0,0.2,0.333,0.4,0.733,2,0,0,0,0,0,,player.fcgi?id=ginger000wes
Jake Jarvis*,23,2023,Purdue,Big Ten,50,190,151,37,41,2,1,10,36,8,3,25,54,0.272,0.402,0.497,0.899,75,0,10,1,3,2,,player.fcgi?id=jarvis001jak
Camden Melvin*,21,2023,Purdue,Big Ten,30,51,45,6,14,2,0,0,9,4,0,4,7,0.311,0.392,0.356,0.748,16,0,2,0,0,0,,player.fcgi?id=melvin000cam
Jake Parr,22,2023,Purdue,Big Ten,48,192,163,35,54,15,3,4,36,3,1,16,34,0.331,0.422,0.534,0.956,87,2,11,0,2,0,,player.fcgi?id=parr--000jak
Steve Ramirez,22,2023,Purdue,Big Ten,18,20,18,1,1,0,0,0,0,0,0,2,9,0.056,0.15,0.056,0.206,1,0,0,0,0,0,,player.fcgi?id=ramire000ste
Jake Stadler*,21,2023,Purdue,Big Ten,25,41,29,6,1,0,0,1,4,1,0,7,7,0.035,0.282,0.138,0.42,4,0,3,2,0,0,,player.fcgi?id=stadle000jak
Jo Stevens,22,2023,Purdue,Big Ten,53,189,166,29,37,7,1,2,27,3,0,13,29,0.223,0.307,0.313,0.62,52,5,8,0,2,0,,player.fcgi?id=steven000jo-
Keenan Taylor,21,2023,Purdue,Big Ten,22,25,20,4,4,2,0,1,3,1,0,1,2,0.2,0.32,0.45,0.77,9,1,3,0,1,0,,player.fcgi?id=taylor001kee
Cameron Thompson,22,2023,Purdue,Big Ten,44,111,91,14,20,6,0,2,13,2,0,7,20,0.22,0.315,0.352,0.666,32,0,7,3,3,0,,player.fcgi?id=thomps001cam
Paul Toetz,22,2023,Purdue,Big Ten,53,229,197,43,66,14,2,10,53,2,1,25,42,0.335,0.425,0.579,1.004,114,3,6,1,0,1,,player.fcgi?id=toetz-000pau
C.J. Valdez,22,2023,Purdue,Big Ten,41,144,132,16,36,10,0,3,22,2,0,9,30,0.273,0.326,0.417,0.743,55,5,2,0,1,0,,player.fcgi?id=valdez000cj-
Mike Bolton*,23,2024,Purdue,Big Ten,53,235,175,51,44,10,1,5,23,23,4,34,46,0.251,0.43,0.406,0.836,71,1,21,5,0,0,,player.fcgi?id=bolton000mik
Chase Brown,22,2024,Purdue,Big Ten,16,18,13,2,4,2,0,0,4,1,0,4,3,0.308,0.5,0.462,0.962,6,0,1,0,0,0,,player.fcgi?id=brown-035cha
Connor Caskenette,22,2024,Purdue,Big Ten,55,233,188,51,58,11,0,13,69,2,1,22,23,0.309,0.429,0.575,1.004,108,5,20,0,3,0,,player.fcgi?id=casken000con
Brody Chrisman*,20,2024,Purdue,Big Ten,34,64,58,6,9,2,0,0,7,0,0,3,18,0.155,0.219,0.19,0.409,11,0,2,0,1,0,,player.fcgi?id=chrism000bro
Couper Cornblum,23,2024,Purdue,Big Ten,57,256,226,42,59,9,3,0,26,8,7,22,43,0.261,0.335,0.327,0.662,74,3,4,2,2,0,,player.fcgi?id=cornbl000cou
Aaron Dolney*,23,2024,Purdue,Big Ten,29,53,44,5,10,3,0,1,6,0,0,7,15,0.227,0.34,0.364,0.703,16,1,1,0,1,1,,player.fcgi?id=dolney000aar
Luke Gaffney,20,2024,Purdue,Big Ten,53,245,209,62,75,15,3,13,64,1,0,29,32,0.359,0.449,0.646,1.095,135,2,6,0,1,1,,player.fcgi?id=gaffne000luk
Camden Gasser*,21,2024,Purdue,Big Ten,51,224,155,52,51,6,0,1,29,17,3,53,40,0.329,0.507,0.387,0.894,60,0,4,11,1,0,,player.fcgi?id=gasser000cam
Ty Gill*,21,2024,Purdue,Big Ten,44,113,92,19,23,4,3,3,18,2,2,13,18,0.25,0.343,0.457,0.799,42,0,1,5,2,0,,player.fcgi?id=gill--000ty-
Wes Gingerich*,22,2024,Purdue,Big Ten,32,18,15,1,5,1,0,0,1,0,0,2,5,0.333,0.444,0.4,0.844,6,0,1,0,0,0,,player.fcgi?id=ginger000wes
Thomas Green,24,2024,Purdue,Big Ten,48,141,120,15,29,5,1,3,25,5,2,8,26,0.242,0.302,0.375,0.677,45,0,4,5,4,0,,player.fcgi?id=green-008tho
Corbin Malott,20,2024,Purdue,Big Ten,23,6,6,9,1,1,0,0,0,3,0,0,2,0.167,0.167,0.333,0.5,2,0,0,0,0,0,,player.fcgi?id=malott000cor
Camden Melvin*,22,2024,Purdue,Big Ten,14,16,12,1,1,0,0,0,1,0,0,2,4,0.083,0.313,0.083,0.396,1,0,2,0,0,0,,player.fcgi?id=melvin000cam
Breck Nowik,22,2024,Purdue,Big Ten,24,47,39,7,10,0,0,1,4,0,0,2,6,0.256,0.37,0.333,0.703,13,2,5,1,0,0,,player.fcgi?id=nowik-000bre
Keenan Spence,21,2024,Purdue,Big Ten,49,183,151,35,44,12,0,13,43,2,0,21,46,0.291,0.399,0.629,1.028,95,3,8,0,3,3,,player.fcgi?id=spence000kee
Jo Stevens,23,2024,Purdue,Big Ten,54,221,179,47,55,9,2,9,43,8,2,22,33,0.307,0.431,0.531,0.962,95,0,17,3,0,0,,player.fcgi?id=steven000jo-
Logan Sutter,21,2024,Purdue,Big Ten,49,170,136,33,44,16,0,8,37,5,0,25,39,0.324,0.453,0.618,1.071,84,3,8,0,1,0,,player.fcgi?id=sutter000log
Keenan Taylor,22,2024,Purdue,Big Ten,45,122,97,19,30,11,0,5,28,2,0,13,14,0.309,0.422,0.577,0.999,56,1,8,1,3,0,,player.fcgi?id=taylor001kee
Brandon Anderson*,21,2025,Purdue,Big Ten,53,250,189,60,55,9,0,9,46,5,1,30,25,0.291,0.452,0.482,0.933,91,4,27,2,2,1,,player.fcgi?id=anders016bra
Eli Anderson*,21,2025,Purdue,Big Ten,39,91,79,13,30,2,1,0,19,19,4,2,12,0.38,0.393,0.43,0.824,34,0,3,2,5,0,,player.fcgi?id=anders002eli
Will Briggs,20,2025,Purdue,Big Ten,13,10,7,0,1,0,0,0,1,0,0,2,1,0.143,0.3,0.143,0.443,1,0,0,0,1,0,,player.fcgi?id=briggs004wil
Albert Choi,24,2025,Purdue,Big Ten,51,200,159,33,38,9,0,1,20,16,4,20,33,0.239,0.376,0.315,0.69,50,2,16,3,2,0,,player.fcgi?id=choi--000alb
Brody Chrisman*,21,2025,Purdue,Big Ten,2,3,2,0,1,0,0,0,0,0,0,0,1,0.5,0.667,0.5,1.167,1,0,1,0,0,0,,player.fcgi?id=chrism000bro
Lukas Cook,24,2025,Purdue,Big Ten,40,161,143,31,55,10,1,1,21,7,3,11,26,0.385,0.428,0.49,0.917,70,3,2,2,3,1,,player.fcgi?id=cook--000luk
Sergio DeCello#,22,2025,Purdue,Big Ten,34,95,73,16,16,1,1,4,13,1,0,6,23,0.219,0.372,0.425,0.797,31,4,13,1,2,0,,player.fcgi?id=decell000ser
Camden Gasser*,22,2025,Purdue,Big Ten,39,110,75,22,15,2,0,0,5,4,1,25,31,0.2,0.423,0.227,0.65,17,0,4,6,0,0,,player.fcgi?id=gasser000cam
Ty Gill*,22,2025,Purdue,Big Ten,51,159,130,28,38,3,1,0,23,13,1,19,19,0.292,0.391,0.331,0.722,43,0,4,3,3,0,,player.fcgi?id=gill--000ty-
Amir Gray*,19,2025,Purdue,Big Ten,3,3,3,0,1,0,0,0,0,0,0,0,0,0.333,0.333,0.333,0.667,1,1,0,0,0,0,,player.fcgi?id=gray--000ami
Corbin Malott,21,2025,Purdue,Big Ten,33,10,7,6,0,0,0,0,0,2,1,2,4,0,0.222,0,0.222,0,0,0,1,0,0,,player.fcgi?id=malott000cor
Aaron Manias*,21,2025,Purdue,Big Ten,50,159,126,29,37,9,0,9,43,1,0,17,28,0.294,0.43,0.579,1.01,73,3,14,1,1,0,,player.fcgi?id=manias000aar
Avery Moore,21,2025,Purdue,Big Ten,32,71,58,7,16,3,0,0,12,1,0,7,16,0.276,0.371,0.328,0.699,19,0,3,1,2,0,,player.fcgi?id=moore-000ave
Breck Nowik,23,2025,Purdue,Big Ten,47,76,60,11,14,4,0,3,14,5,0,9,12,0.233,0.378,0.45,0.828,27,3,5,2,0,0,,player.fcgi?id=nowik-000bre
CJ Richmond*,21,2025,Purdue,Big Ten,35,141,113,24,25,7,2,5,30,2,1,17,38,0.221,0.369,0.451,0.82,51,1,10,0,1,0,,player.fcgi?id=richmo000cj-
Brandon Rogers,21,2025,Purdue,Big Ten,49,103,85,25,22,4,0,2,12,10,0,8,29,0.259,0.373,0.377,0.749,32,2,8,1,1,0,,player.fcgi?id=rogers005bra
Houston Russell,22,2025,Purdue,Big Ten,44,137,104,20,27,5,1,1,7,2,0,20,17,0.26,0.43,0.356,0.785,37,2,11,2,0,0,,player.fcgi?id=russel000hou
Keenan Spence,22,2025,Purdue,Big Ten,47,180,156,27,45,13,0,7,31,3,0,14,56,0.289,0.367,0.506,0.873,79,4,7,0,3,0,,player.fcgi?id=spence000kee
Logan Sutter,22,2025,Purdue,Big Ten,54,242,196,55,72,22,0,15,62,3,0,36,47,0.367,0.471,0.709,1.18,139,5,6,0,4,3,,player.fcgi?id=sutter000log
Eli Anderson*,22,2026,Purdue,Big Ten,55,231,205,43,63,9,1,1,36,22,7,16,29,0.307,0.357,0.376,0.732,77,2,2,4,4,0,,player.fcgi?id=anders002eli
Ali Banks,21,2026,Purdue,Big Ten,23,70,55,14,17,1,0,3,11,4,2,8,11,0.309,0.42,0.491,0.911,27,1,4,1,2,0,,player.fcgi?id=banks-000ali
Jackson Bessette,22,2026,Purdue,Big Ten,53,192,151,35,39,10,0,5,32,1,1,27,21,0.258,0.394,0.424,0.817,64,5,8,4,2,0,,player.fcgi?id=besset000jac
Westin Boyle,19,2026,Purdue,Big Ten,57,246,207,39,59,15,2,2,38,8,1,23,40,0.285,0.378,0.406,0.783,84,3,9,5,2,0,,player.fcgi?id=boyle-000wes
Sergio DeCello#,23,2026,Purdue,Big Ten,30,54,38,13,8,1,0,3,11,2,1,8,16,0.211,0.434,0.474,0.908,18,1,7,1,0,0,,player.fcgi?id=decell000ser
Jimmy Dionne*,21,2026,Purdue,Big Ten,29,40,38,6,10,2,0,1,6,0,0,2,14,0.263,0.3,0.395,0.695,15,1,0,0,0,0,,player.fcgi?id=dionne000jim
Dylan Drake*,21,2026,Purdue,Big Ten,41,155,130,33,46,8,4,5,27,2,1,11,36,0.354,0.431,0.592,1.024,77,1,9,2,3,0,,player.fcgi?id=drake-000dyl
Sam Flores*,22,2026,Purdue,Big Ten,57,265,225,49,72,17,1,11,54,10,1,27,42,0.32,0.415,0.551,0.966,124,5,11,0,2,0,,player.fcgi?id=flores000sam
Ross Highfill,22,2026,Purdue,Big Ten,15,32,24,10,4,0,1,1,3,0,0,4,10,0.167,0.375,0.375,0.75,9,1,4,0,0,0,,player.fcgi?id=highfi000ros
Thomas Lynch*,20,2026,Purdue,Big Ten,3,3,2,0,0,0,0,0,0,0,0,0,0,0,0.333,0,0.333,0,0,1,0,0,0,,player.fcgi?id=lynch-004tho
Quincy Malbrough,21,2026,Purdue,Big Ten,42,107,85,22,28,7,0,1,19,4,2,10,16,0.329,0.452,0.447,0.899,38,3,9,3,0,0,,player.fcgi?id=malbro000qui
Aaron Manias*,22,2026,Purdue,Big Ten,53,215,168,43,56,15,1,9,33,1,2,25,38,0.333,0.47,0.595,1.065,100,3,20,0,2,0,,player.fcgi?id=manias000aar
Avery Moore,22,2026,Purdue,Big Ten,44,171,142,26,49,12,1,6,33,0,1,16,35,0.345,0.438,0.57,1.008,81,0,9,2,2,1,,player.fcgi?id=moore-000ave
CJ Richmond*,22,2026,Purdue,Big Ten,56,228,187,44,46,10,0,10,38,5,1,27,64,0.246,0.373,0.46,0.833,86,3,12,0,2,0,,player.fcgi?id=richmo000cj-
Brandon Rogers,22,2026,Purdue,Big Ten,38,144,121,28,44,7,2,7,38,7,2,12,26,0.364,0.446,0.628,1.074,76,1,6,5,0,1,,player.fcgi?id=rogers005bra
Trey Swiderski,21,2026,Purdue,Big Ten,37,80,73,15,20,5,0,4,8,3,0,6,19,0.274,0.338,0.507,0.844,37,3,1,0,0,0,,player.fcgi?id=swider000tre
Charlie Vercruysse,20,2026,Purdue,Big Ten,10,9,9,1,0,0,0,0,2,0,0,0,0,0,0,0,0,0,1,0,0,0,0,,player.fcgi?id=vercru000cha
Zach Zychowski,--,2026,Purdue,Big Ten,39,93,75,15,21,2,3,0,16,2,1,10,8,0.28,0.38,0.387,0.767,29,4,4,1,3,0,,player.fcgi?id=zychow000zac
Andrew Bechtold,19,2015,Maryland,Big Ten,8,31,26,4,6,0,0,0,4,1,0,5,7,0.231,0.355,0.231,0.586,6,,0,0,0,0,,player.fcgi?id=bechto000and
Kevin Biondic,19,2015,Maryland,Big Ten,42,111,82,10,15,4,1,0,10,0,1,10,34,0.183,0.333,0.256,0.589,21,,9,9,1,0,,player.fcgi?id=biondi000kev
Nick Cieri*,20,2015,Maryland,Big Ten,37,156,137,21,41,5,0,3,28,2,1,11,18,0.299,0.373,0.402,0.774,55,,5,3,0,0,,player.fcgi?id=cieri-000nic
Jose Cuas,21,2015,Maryland,Big Ten,66,295,260,51,63,13,3,11,53,10,4,27,55,0.242,0.329,0.442,0.771,115,,7,0,1,1,,player.fcgi?id=cuas--000jos
Pat Hisle,20,2015,Maryland,Big Ten,13,20,17,1,2,1,0,0,0,0,0,0,3,0.118,0.118,0.177,0.294,3,,0,3,0,0,,player.fcgi?id=hisle-000pat
Zach Jancarski,20,2015,Maryland,Big Ten,28,22,17,9,2,0,0,0,2,0,0,3,8,0.118,0.238,0.118,0.356,2,,0,1,1,0,,player.fcgi?id=jancar000zac
Kengo Kawahara?,--,2015,Maryland,Big Ten,49,145,114,16,23,6,0,0,19,3,1,24,43,0.202,0.348,0.254,0.602,29,,2,4,1,0,,player.fcgi?id=kawaha000ken
Tim Lewis?,--,2015,Maryland,Big Ten,60,243,206,24,44,7,5,0,32,4,3,21,62,0.214,0.312,0.296,0.608,61,,9,6,1,0,,player.fcgi?id=lewis-003tim
Brandon Lowe*,20,2015,Maryland,Big Ten,66,310,251,58,83,18,4,9,53,11,2,38,33,0.331,0.437,0.542,0.978,136,,13,3,5,2,,player.fcgi?id=lowe--001bra
Kevin Martir,21,2015,Maryland,Big Ten,66,285,237,45,81,17,0,7,45,3,4,32,30,0.342,0.441,0.502,0.943,119,,11,4,1,2,,player.fcgi?id=martir000kev
John Mazza,20,2015,Maryland,Big Ten,6,4,3,1,1,0,0,0,1,0,0,0,0,0.333,0.25,0.333,0.583,1,,0,0,1,0,,player.fcgi?id=mazza-000joh
Justin Morris*,19,2015,Maryland,Big Ten,34,101,83,14,11,2,1,0,4,1,0,10,20,0.133,0.253,0.181,0.433,15,,4,2,2,0,,player.fcgi?id=morris000jus
Matt Oniffrey*,20,2015,Maryland,Big Ten,3,6,6,0,0,0,0,0,0,0,0,0,1,0,0,0,0,0,,0,0,0,0,,player.fcgi?id=oniffr000mat
Anthony Papio*,22,2015,Maryland,Big Ten,66,278,233,40,61,16,2,6,26,7,0,33,63,0.262,0.37,0.425,0.795,99,,7,5,0,1,,player.fcgi?id=papio-000ant
Willie Rios#,19,2015,Maryland,Big Ten,17,17,12,1,1,1,0,0,2,0,0,5,4,0.083,0.353,0.167,0.52,2,,0,0,0,1,,player.fcgi?id=rios--002wil
Kevin Smith,18,2015,Maryland,Big Ten,66,294,249,55,68,14,1,7,35,11,4,29,35,0.273,0.358,0.422,0.78,105,,5,9,2,0,,player.fcgi?id=smith-010kev
Jamal Wade,19,2015,Maryland,Big Ten,35,104,91,14,21,3,1,5,11,0,0,6,29,0.231,0.327,0.451,0.777,41,,7,0,0,0,,player.fcgi?id=wade--002jam
LaMonte Wade Jr.*,21,2015,Maryland,Big Ten,42,194,158,30,53,7,1,4,32,7,2,30,20,0.335,0.453,0.468,0.922,74,,4,2,0,0,,player.fcgi?id=wade--000lam
Andrew Bechtold,20,2016,Maryland,Big Ten,53,200,165,21,36,5,0,0,19,2,2,27,38,0.218,0.333,0.249,0.582,41,,2,5,1,1,,player.fcgi?id=bechto000and
Kevin Biondic,20,2016,Maryland,Big Ten,57,234,194,27,54,10,0,5,24,1,0,23,46,0.278,0.377,0.407,0.784,79,,9,6,2,0,,player.fcgi?id=biondi000kev
Nick Browne?,--,2016,Maryland,Big Ten,3,3,3,1,2,1,0,0,0,0,0,0,0,0.667,0.667,1,1.667,3,,0,0,0,0,,player.fcgi?id=browne000nic
Nick Cieri*,21,2016,Maryland,Big Ten,54,222,180,19,46,9,1,3,29,0,1,31,25,0.256,0.379,0.367,0.746,66,,6,3,2,1,,player.fcgi?id=cieri-000nic
Marty Costes,20,2016,Maryland,Big Ten,54,226,190,36,50,10,2,9,37,0,1,28,40,0.263,0.363,0.479,0.842,91,,4,0,4,0,,player.fcgi?id=costes000mar
Nick Dunn*,19,2016,Maryland,Big Ten,57,262,227,39,68,16,1,1,31,3,0,25,25,0.3,0.382,0.392,0.774,89,,7,0,3,0,,player.fcgi?id=dunn--000nic
Pat Hisle,21,2016,Maryland,Big Ten,4,1,1,0,0,0,0,0,0,0,0,0,1,0,0,0,0,0,,0,0,0,0,,player.fcgi?id=hisle-000pat
Zach Jancarski,21,2016,Maryland,Big Ten,46,122,101,18,26,4,0,1,6,5,3,13,16,0.257,0.348,0.327,0.675,33,,1,7,0,0,,player.fcgi?id=jancar000zac
Kengo Kawahara?,--,2016,Maryland,Big Ten,13,9,9,2,1,0,0,0,0,0,0,0,1,0.111,0.111,0.111,0.222,1,,0,0,0,0,,player.fcgi?id=kawaha000ken
AJ Lee,19,2016,Maryland,Big Ten,19,34,29,2,5,2,0,0,4,0,0,4,9,0.172,0.273,0.241,0.514,7,,0,1,0,0,,player.fcgi?id=lee---000aj-
Danny Maynard,19,2016,Maryland,Big Ten,25,39,36,3,11,3,0,0,8,1,0,2,14,0.306,0.359,0.389,0.748,14,,1,0,0,0,,player.fcgi?id=maynar002dan
Justin Morris*,20,2016,Maryland,Big Ten,41,122,103,9,20,5,0,2,13,0,1,13,29,0.194,0.297,0.301,0.598,31,,2,4,0,0,,player.fcgi?id=morris000jus
Madison Nickens*,22,2016,Maryland,Big Ten,56,246,208,40,54,6,2,8,28,8,2,27,47,0.26,0.362,0.423,0.785,88,,7,3,1,0,,player.fcgi?id=nicken000mad
Anthony Papio*,23,2016,Maryland,Big Ten,55,218,180,26,47,8,4,4,28,8,3,27,56,0.261,0.38,0.417,0.796,75,,8,2,1,1,,player.fcgi?id=papio-000ant
Brandon Smith,21,2016,Maryland,Big Ten,4,3,3,0,0,0,0,0,0,0,0,0,3,0,0,0,0,0,,0,0,0,0,,player.fcgi?id=smith-020bra
Kevin Smith,19,2016,Maryland,Big Ten,57,259,232,39,60,9,1,8,34,0,2,16,49,0.259,0.308,0.41,0.718,95,,1,9,1,0,,player.fcgi?id=smith-010kev
Peyton Sorrels*,19,2016,Maryland,Big Ten,10,10,10,2,2,0,0,0,0,0,0,0,4,0.2,0.2,0.2,0.4,2,,0,0,0,0,,player.fcgi?id=sorrel000pey
Jamal Wade,20,2016,Maryland,Big Ten,19,30,27,1,3,0,0,0,0,0,1,1,11,0.111,0.2,0.111,0.311,3,,2,0,0,0,,player.fcgi?id=wade--002jam
Kevin Biondic,21,2017,Maryland,Big Ten,43,72,62,6,10,0,0,0,5,1,2,10,22,0.161,0.278,0.161,0.439,10,,0,0,0,0,,player.fcgi?id=biondi000kev
Nick Cieri*,22,2017,Maryland,Big Ten,38,117,88,15,19,4,0,2,17,2,0,24,18,0.216,0.395,0.33,0.724,29,,2,3,0,0,,player.fcgi?id=cieri-000nic
Marty Costes,21,2017,Maryland,Big Ten,61,287,239,45,77,9,3,13,46,5,0,34,47,0.322,0.429,0.548,0.977,131,,12,0,2,4,,player.fcgi?id=costes000mar
Nick Dunn*,20,2017,Maryland,Big Ten,61,283,245,40,64,13,1,5,32,8,0,28,23,0.261,0.345,0.384,0.729,94,,5,2,3,0,,player.fcgi?id=dunn--000nic
Brandon Gum,23,2017,Maryland,Big Ten,56,249,201,46,68,9,1,5,37,13,3,34,41,0.338,0.451,0.468,0.919,94,,9,3,2,0,,player.fcgi?id=gum---000bra
Pat Hisle,22,2017,Maryland,Big Ten,21,36,31,5,4,3,0,0,1,1,0,3,9,0.129,0.229,0.226,0.454,7,,1,1,0,0,,player.fcgi?id=hisle-000pat
Zach Jancarski,22,2017,Maryland,Big Ten,58,282,234,50,76,17,2,3,26,20,10,33,33,0.325,0.434,0.453,0.887,106,,13,1,1,0,,player.fcgi?id=jancar000zac
AJ Lee,20,2017,Maryland,Big Ten,59,227,192,36,59,8,0,8,36,15,3,15,48,0.307,0.389,0.474,0.863,91,,12,6,2,1,,player.fcgi?id=lee---000aj-
Danny Maynard,20,2017,Maryland,Big Ten,37,102,85,17,22,5,0,3,18,4,2,12,30,0.259,0.353,0.424,0.776,36,,2,0,3,0,,player.fcgi?id=maynar002dan
Justin Morris*,21,2017,Maryland,Big Ten,38,104,90,16,19,1,0,5,13,0,0,10,28,0.211,0.29,0.389,0.679,35,,0,4,0,1,,player.fcgi?id=morris000jus
Madison Nickens*,23,2017,Maryland,Big Ten,57,203,171,27,38,6,3,5,32,14,2,24,54,0.222,0.318,0.38,0.699,65,,2,2,4,0,,player.fcgi?id=nicken000mad
Barrett Smith,--,2017,Maryland,Big Ten,2,2,1,0,0,0,0,0,0,0,0,1,1,0,0.5,0,0.5,0,,0,0,0,0,,player.fcgi?id=smith-005bar
Kevin Smith,20,2017,Maryland,Big Ten,54,223,194,38,52,10,3,13,48,4,0,14,48,0.268,0.323,0.552,0.874,107,,5,3,7,2,,player.fcgi?id=smith-010kev
Jamal Wade,21,2017,Maryland,Big Ten,22,8,7,1,0,0,0,0,1,0,0,0,1,0,0.125,0,0.125,0,,1,0,0,0,,player.fcgi?id=wade--002jam
Will Watson,22,2017,Maryland,Big Ten,57,232,186,31,47,8,2,5,30,14,1,33,56,0.253,0.384,0.398,0.781,74,,9,0,4,0,,player.fcgi?id=watson006wil
Bubba Alleyne#,19,2018,Maryland,Big Ten,14,31,25,2,2,0,0,0,1,0,0,2,9,0.08,0.207,0.08,0.287,2,,2,2,0,0,,player.fcgi?id=alleyn000chr
Bradley Barnett*,22,2018,Maryland,Big Ten,5,11,7,1,1,0,0,0,1,0,0,4,2,0.143,0.455,0.143,0.597,1,,0,0,0,0,,player.fcgi?id=barnet000bra
Randy Bednar,19,2018,Maryland,Big Ten,44,162,149,11,31,7,0,6,15,4,0,12,46,0.208,0.272,0.376,0.647,56,,1,0,0,0,,player.fcgi?id=bednar000ran
Kevin Biondic,22,2018,Maryland,Big Ten,53,234,201,32,56,11,4,6,27,2,1,24,55,0.279,0.369,0.463,0.832,93,,6,1,2,1,,player.fcgi?id=biondi000kev
Marty Costes,22,2018,Maryland,Big Ten,50,228,179,33,42,7,0,6,31,10,2,34,34,0.235,0.382,0.374,0.756,67,,11,0,4,1,,player.fcgi?id=costes000mar
Nick Dunn*,21,2018,Maryland,Big Ten,54,254,212,39,70,17,1,10,39,3,4,32,19,0.33,0.419,0.561,0.98,119,,4,1,5,2,,player.fcgi?id=dunn--000nic
Ty Friedrich,20,2018,Maryland,Big Ten,6,17,14,2,4,2,0,0,1,0,0,1,3,0.286,0.353,0.429,0.782,6,,1,0,1,0,,player.fcgi?id=friedr000ty-
Tommy Gardiner,19,2018,Maryland,Big Ten,34,90,74,9,12,3,0,0,3,1,0,14,22,0.162,0.311,0.203,0.514,15,,2,0,0,0,,player.fcgi?id=gardin000tom
Zach Jancarski,23,2018,Maryland,Big Ten,54,244,201,35,56,12,1,7,29,10,1,24,48,0.279,0.378,0.453,0.831,91,,10,6,3,0,,player.fcgi?id=jancar000zac
AJ Lee,21,2018,Maryland,Big Ten,54,251,203,32,47,8,1,1,18,12,6,36,51,0.232,0.375,0.296,0.67,60,,11,0,1,0,,player.fcgi?id=lee---000aj-
Justin Morris*,22,2018,Maryland,Big Ten,43,158,130,19,27,6,1,1,14,1,1,20,38,0.208,0.329,0.292,0.621,38,,4,3,1,0,,player.fcgi?id=morris000jus
Richie Schiekofer*,19,2018,Maryland,Big Ten,17,46,36,7,5,1,0,0,6,1,2,5,10,0.139,0.326,0.167,0.493,6,,5,0,0,0,,player.fcgi?id=schiek000ric
Barrett Smith,--,2018,Maryland,Big Ten,6,7,6,0,1,1,0,0,0,0,0,0,4,0.167,0.286,0.333,0.619,2,,1,0,0,0,,player.fcgi?id=smith-005bar
Justin Vought,19,2018,Maryland,Big Ten,22,82,69,10,12,3,0,3,7,0,1,9,33,0.174,0.296,0.348,0.644,24,,3,1,0,0,,player.fcgi?id=vought000jus
Will Watson,23,2018,Maryland,Big Ten,41,157,130,23,33,5,0,6,25,8,1,17,37,0.254,0.369,0.431,0.8,56,,8,0,2,0,,player.fcgi?id=watson006wil
Taylor Wright*,21,2018,Maryland,Big Ten,47,192,165,16,38,9,1,2,25,11,5,19,34,0.23,0.319,0.333,0.652,55,,3,4,1,1,,player.fcgi?id=wright001tay
Bubba Alleyne#,20,2019,Maryland,Big Ten,45,178,148,28,33,9,2,5,21,6,1,19,28,0.223,0.337,0.412,0.749,61,,7,3,1,0,,player.fcgi?id=alleyn000chr
Randy Bednar,20,2019,Maryland,Big Ten,58,280,243,48,70,19,2,12,55,12,3,29,54,0.288,0.362,0.531,0.893,129,,2,1,5,3,,player.fcgi?id=bednar000ran
Max Costes,19,2019,Maryland,Big Ten,58,263,214,31,57,15,0,15,49,1,2,28,54,0.266,0.397,0.547,0.944,117,,19,1,1,1,,player.fcgi?id=costes000max
Ben Cowles,19,2019,Maryland,Big Ten,54,213,175,23,35,9,1,3,15,3,1,16,53,0.2,0.317,0.314,0.632,55,,15,5,2,0,,player.fcgi?id=cowles000ben
Zach Doss,19,2019,Maryland,Big Ten,4,11,8,1,0,0,0,0,0,0,0,2,7,0,0.273,0,0.273,0,,1,0,0,0,,player.fcgi?id=doss--000zac
Tommy Gardiner,20,2019,Maryland,Big Ten,23,88,75,13,15,2,0,0,4,1,0,9,18,0.2,0.302,0.227,0.529,17,,2,2,0,0,,player.fcgi?id=gardin000tom
Sebastian Holte-Mancera*,21,2019,Maryland,Big Ten,19,55,44,9,11,4,0,1,7,0,0,8,14,0.25,0.37,0.409,0.78,18,,1,1,1,0,,player.fcgi?id=holte-000seb
Ben Irvine*,22,2019,Maryland,Big Ten,14,20,17,1,1,0,0,0,2,0,2,2,3,0.059,0.158,0.059,0.217,1,,0,1,0,0,,player.fcgi?id=irvine000ben
AJ Lee,22,2019,Maryland,Big Ten,51,241,189,38,60,13,0,7,36,10,3,29,48,0.318,0.443,0.497,0.94,94,,16,4,3,1,,player.fcgi?id=lee---000aj-
Josh Maguire*,19,2019,Maryland,Big Ten,29,117,98,13,23,5,2,3,13,2,2,16,41,0.235,0.35,0.418,0.769,41,,2,0,1,0,,player.fcgi?id=maguir002jos
Kody Milton,--,2019,Maryland,Big Ten,15,25,23,0,2,1,0,0,2,0,0,1,15,0.087,0.125,0.13,0.255,3,,0,1,0,0,,player.fcgi?id=milton000kod
Mike Pineiro*,20,2019,Maryland,Big Ten,44,165,139,21,35,4,1,3,23,1,0,11,41,0.252,0.333,0.36,0.693,50,,7,6,2,0,,player.fcgi?id=pineir000mik
Justin Vought,20,2019,Maryland,Big Ten,53,226,186,33,41,9,0,10,30,1,0,25,77,0.22,0.353,0.43,0.783,80,,13,2,0,2,,player.fcgi?id=vought000jus
Caleb Walls*,22,2019,Maryland,Big Ten,48,213,176,32,41,7,1,4,16,5,3,28,51,0.233,0.352,0.352,0.705,62,,5,3,1,0,,player.fcgi?id=walls-000cal
Taylor Wright*,22,2019,Maryland,Big Ten,58,273,231,35,67,20,0,4,31,12,2,29,42,0.29,0.375,0.429,0.803,99,,4,6,3,4,,player.fcgi?id=wright001tay
Bubba Alleyne#,21,2020,Maryland,Big Ten,15,76,66,18,22,8,0,1,7,6,1,6,10,0.333,0.413,0.5,0.913,33,,3,1,0,0,,player.fcgi?id=alleyn000chr
Randy Bednar,21,2020,Maryland,Big Ten,15,74,62,16,24,9,0,1,16,5,1,5,10,0.387,0.46,0.581,1.04,36,,5,0,2,0,,player.fcgi?id=bednar000ran
Michael Bouma,19,2020,Maryland,Big Ten,4,4,2,1,0,0,0,0,1,0,0,1,2,0,0.25,0,0.25,0,,0,0,1,0,,player.fcgi?id=bouma-000mic
Austin Chavis,--,2020,Maryland,Big Ten,13,43,36,7,7,1,0,1,4,0,0,4,18,0.194,0.268,0.306,0.574,11,,0,2,1,0,,player.fcgi?id=chavis000aus
Max Costes,20,2020,Maryland,Big Ten,15,71,44,14,19,2,0,4,15,3,0,16,7,0.432,0.62,0.75,1.37,33,,9,0,2,3,,player.fcgi?id=costes000max
Ben Cowles,20,2020,Maryland,Big Ten,15,67,54,12,13,3,0,3,14,6,0,8,15,0.241,0.364,0.463,0.827,25,,3,1,1,0,,player.fcgi?id=cowles000ben
Brenton Davis?,--,2020,Maryland,Big Ten,2,7,6,2,1,0,0,1,1,0,0,1,3,0.167,0.286,0.667,0.952,4,,0,0,0,0,,player.fcgi?id=davis-017bre
Tucker Flint*,19,2020,Maryland,Big Ten,14,66,43,13,8,2,0,0,5,1,0,11,13,0.186,0.462,0.233,0.694,10,,11,1,0,0,,player.fcgi?id=flint-000tuc
Tommy Gardiner,21,2020,Maryland,Big Ten,7,26,20,5,7,0,0,0,4,1,0,4,4,0.35,0.5,0.35,0.85,7,,2,0,0,0,,player.fcgi?id=gardin000tom
Matt Orlando,20,2020,Maryland,Big Ten,9,37,33,5,6,1,0,0,2,0,0,3,6,0.182,0.27,0.212,0.482,7,,1,0,0,0,,player.fcgi?id=orland000mat
Aaron Perez?,--,2020,Maryland,Big Ten,5,18,11,1,0,0,0,0,1,0,0,6,5,0,0.389,0,0.389,0,,1,0,0,0,,player.fcgi?id=perez-001aar
Mike Pineiro*,21,2020,Maryland,Big Ten,7,15,13,0,1,0,0,0,1,0,0,1,4,0.077,0.143,0.077,0.22,1,,0,1,0,0,,player.fcgi?id=pineir000mik
Troy Schreffler,19,2020,Maryland,Big Ten,10,36,28,5,6,2,1,1,6,0,0,5,11,0.214,0.371,0.464,0.836,13,,2,1,0,0,,player.fcgi?id=schref000tro
Tavan Shahidi,22,2020,Maryland,Big Ten,8,34,23,4,3,1,0,1,4,0,0,10,9,0.13,0.412,0.304,0.716,7,,1,0,0,0,,player.fcgi?id=shahid000tav
Justin Vought,21,2020,Maryland,Big Ten,7,31,21,3,4,0,0,0,3,0,1,5,6,0.191,0.452,0.191,0.642,4,,5,0,0,0,,player.fcgi?id=vought000jus
Bobby Zmarzlak,19,2020,Maryland,Big Ten,10,37,27,5,5,1,0,2,10,0,0,10,10,0.185,0.405,0.444,0.85,12,,0,0,0,0,,player.fcgi?id=zmarzl000rob
Bubba Alleyne#,22,2021,Maryland,Big Ten,45,218,180,47,55,14,4,8,31,22,5,22,44,0.306,0.409,0.561,0.97,101,,11,3,2,0,,player.fcgi?id=alleyn000chr
Randy Bednar,22,2021,Maryland,Big Ten,33,155,126,28,40,7,0,7,23,10,1,21,37,0.318,0.439,0.54,0.978,68,,7,0,1,1,,player.fcgi?id=bednar000ran
Michael Bouma,20,2021,Maryland,Big Ten,4,3,3,0,2,0,0,0,0,0,0,0,0,0.667,0.667,0.667,1.333,2,,0,0,0,0,,player.fcgi?id=bouma-000mic
Austin Chavis,--,2021,Maryland,Big Ten,5,7,7,1,1,0,0,0,0,0,0,0,4,0.143,0.143,0.143,0.286,1,,0,0,0,0,,player.fcgi?id=chavis000aus
Max Costes,21,2021,Maryland,Big Ten,38,168,116,28,36,5,0,5,29,0,0,33,28,0.31,0.512,0.483,0.995,56,,17,0,2,4,,player.fcgi?id=costes000max
Ben Cowles,21,2021,Maryland,Big Ten,48,219,174,42,50,6,0,18,51,9,3,20,57,0.287,0.409,0.632,1.042,110,,18,4,3,2,,player.fcgi?id=cowles000ben
Tucker Flint*,20,2021,Maryland,Big Ten,34,117,93,15,17,4,0,2,13,0,0,16,37,0.183,0.339,0.29,0.629,27,,6,2,0,1,,player.fcgi?id=flint-000tuc
Tommy Gardiner,22,2021,Maryland,Big Ten,44,183,149,24,37,5,2,4,29,0,0,29,47,0.248,0.369,0.389,0.758,58,,0,4,1,0,,player.fcgi?id=gardin000tom
James Heffley?,--,2021,Maryland,Big Ten,4,14,12,1,2,0,0,0,4,0,0,1,3,0.167,0.286,0.167,0.452,2,,1,0,0,0,,player.fcgi?id=heffle000jam
Kevin Keister,19,2021,Maryland,Big Ten,17,53,41,2,4,0,0,0,2,1,1,7,15,0.098,0.245,0.098,0.343,4,,1,4,0,0,,player.fcgi?id=keiste000kev
Riley Langerman,--,2021,Maryland,Big Ten,12,28,22,3,2,0,0,0,1,0,1,5,8,0.091,0.259,0.091,0.35,2,,0,1,0,0,,player.fcgi?id=langer000ril
Matt Orlando,21,2021,Maryland,Big Ten,23,89,72,10,13,2,0,2,9,0,0,8,10,0.181,0.307,0.292,0.599,21,,6,1,2,0,,player.fcgi?id=orland000mat
Logan Ott*,--,2021,Maryland,Big Ten,17,48,40,5,6,2,0,0,0,0,0,2,9,0.15,0.277,0.2,0.477,8,,5,1,0,1,,player.fcgi?id=ott---000log
Troy Schreffler,20,2021,Maryland,Big Ten,26,94,80,10,22,3,0,1,11,10,1,7,31,0.275,0.341,0.35,0.691,28,,2,3,2,0,,player.fcgi?id=schref000tro
Matt Shaw,19,2021,Maryland,Big Ten,45,214,184,42,61,16,1,7,30,7,4,18,36,0.332,0.409,0.544,0.952,100,,8,1,3,1,,player.fcgi?id=shaw--000mat
Luke Shliger*,19,2021,Maryland,Big Ten,34,129,106,17,23,4,1,2,13,4,1,15,26,0.217,0.333,0.33,0.664,35,,4,3,1,0,,player.fcgi?id=shlige000luk
Justin Vought,22,2021,Maryland,Big Ten,24,98,82,16,17,0,0,9,19,0,0,13,27,0.207,0.33,0.537,0.867,44,,2,1,0,0,,player.fcgi?id=vought000jus
Bobby Zmarzlak,20,2021,Maryland,Big Ten,31,133,112,26,32,7,0,7,21,3,0,20,44,0.286,0.399,0.536,0.934,60,,1,0,0,1,,player.fcgi?id=zmarzl000rob
Bubba Alleyne#,23,2022,Maryland,Big Ten,62,319,263,73,87,16,1,24,79,24,3,33,41,0.331,0.422,0.673,1.095,177,2,13,4,6,1,,player.fcgi?id=alleyn000chr
Michael Bouma,21,2022,Maryland,Big Ten,8,20,15,3,2,0,0,0,1,0,0,4,8,0.133,0.35,0.133,0.483,2,0,1,0,0,0,,player.fcgi?id=bouma-000mic
Max Costes,22,2022,Maryland,Big Ten,62,291,226,57,67,15,0,16,52,0,0,39,42,0.297,0.441,0.575,1.017,130,6,22,1,3,0,,player.fcgi?id=costes000max
Drew Grace,22,2022,Maryland,Big Ten,15,32,28,5,4,2,0,0,3,0,1,3,14,0.143,0.219,0.214,0.433,6,0,0,0,1,0,,player.fcgi?id=grace-000dre
James Heffley?,--,2022,Maryland,Big Ten,2,3,3,1,1,0,0,1,1,0,0,0,1,0.333,0.333,1.333,1.667,4,0,0,0,0,0,,player.fcgi?id=heffle000jam
Kevin Keister,20,2022,Maryland,Big Ten,53,229,189,53,60,15,1,11,44,4,0,29,54,0.318,0.42,0.582,1.002,110,1,5,5,1,0,,player.fcgi?id=keiste000kev
Sean Lane,--,2022,Maryland,Big Ten,19,51,40,7,8,1,0,1,7,0,0,8,18,0.2,0.36,0.3,0.66,12,0,2,1,0,0,,player.fcgi?id=lane--000sea
Riley Langerman,--,2022,Maryland,Big Ten,14,42,31,9,6,1,0,0,3,0,0,7,12,0.194,0.39,0.226,0.616,7,0,3,1,0,0,,player.fcgi?id=langer000ril
Nick Lorusso,21,2022,Maryland,Big Ten,62,309,258,62,83,17,0,15,69,0,0,37,55,0.322,0.409,0.562,0.971,145,5,6,1,7,0,,player.fcgi?id=loruss002nic
Zach Martin*,19,2022,Maryland,Big Ten,18,39,29,6,6,1,0,1,2,0,0,7,9,0.207,0.368,0.345,0.713,10,1,1,1,1,0,,player.fcgi?id=martin011zac
Jacob Orr,19,2022,Maryland,Big Ten,21,50,44,8,11,4,0,0,12,0,0,2,9,0.25,0.292,0.341,0.633,15,1,1,2,1,0,,player.fcgi?id=orr---003jac
Ian Petrutz*,19,2022,Maryland,Big Ten,34,133,108,28,35,7,0,9,35,0,0,18,14,0.324,0.444,0.639,1.083,69,1,6,0,1,0,,player.fcgi?id=petrut000ian
Troy Schreffler,21,2022,Maryland,Big Ten,62,294,253,67,86,23,1,10,57,14,3,30,64,0.34,0.421,0.557,0.979,141,4,7,2,2,0,,player.fcgi?id=schref000tro
Matt Shaw,20,2022,Maryland,Big Ten,60,291,245,50,71,11,0,22,67,12,4,34,46,0.29,0.381,0.604,0.986,148,3,6,0,6,1,,player.fcgi?id=shaw--000mat
Luke Shliger*,20,2022,Maryland,Big Ten,62,328,249,79,87,22,2,12,58,14,6,54,42,0.349,0.492,0.598,1.091,149,2,20,1,4,0,,player.fcgi?id=shlige000luk
Bobby Zmarzlak,21,2022,Maryland,Big Ten,62,282,234,64,68,8,1,15,43,6,0,32,86,0.291,0.403,0.526,0.929,123,2,12,4,0,0,,player.fcgi?id=zmarzl000rob
Michael Bouma,22,2023,Maryland,Big Ten,3,4,3,2,0,0,0,0,1,0,0,1,0,0,0.25,0,0.25,0,0,0,0,0,0,,player.fcgi?id=bouma-000mic
Caleb Estes,19,2023,Maryland,Big Ten,3,1,0,1,0,0,0,0,0,0,0,1,0,,1,,,0,0,0,0,0,0,,player.fcgi?id=estes-000cal
Eddie Hacopian,21,2023,Maryland,Big Ten,63,298,251,50,82,16,0,8,49,8,0,32,39,0.327,0.407,0.486,0.894,122,3,7,1,7,0,,player.fcgi?id=hacopi000edd
James Heffley?,--,2023,Maryland,Big Ten,9,13,10,4,1,0,0,0,2,0,0,1,2,0.1,0.308,0.1,0.408,1,1,2,0,0,0,,player.fcgi?id=heffle000jam
Alex Irizarry*,19,2023,Maryland,Big Ten,5,7,7,0,1,0,0,0,0,0,0,0,3,0.143,0.143,0.143,0.286,1,0,0,0,0,0,,player.fcgi?id=irizar000ale
Kevin Keister,21,2023,Maryland,Big Ten,63,289,231,50,70,16,1,10,51,1,0,46,58,0.303,0.423,0.511,0.933,118,5,4,5,3,0,,player.fcgi?id=keiste000kev
Elijah Lambros,20,2023,Maryland,Big Ten,62,271,222,54,64,10,2,14,56,4,1,33,51,0.288,0.404,0.541,0.944,120,4,12,1,3,0,,player.fcgi?id=lambro000eli
Nick Lorusso,22,2023,Maryland,Big Ten,61,303,264,74,100,20,2,26,105,3,0,34,46,0.379,0.446,0.765,1.211,202,4,1,0,4,0,,player.fcgi?id=loruss002nic
Zach Martin*,20,2023,Maryland,Big Ten,11,42,35,8,9,3,0,2,6,0,0,2,8,0.257,0.333,0.514,0.848,18,0,2,3,0,0,,player.fcgi?id=martin011zac
Jacob Orr,20,2023,Maryland,Big Ten,44,168,143,28,39,10,2,3,30,0,1,13,24,0.273,0.356,0.434,0.789,62,2,6,5,1,0,,player.fcgi?id=orr---003jac
Ian Petrutz*,20,2023,Maryland,Big Ten,58,272,211,50,57,7,1,14,56,2,2,44,31,0.27,0.408,0.512,0.92,108,6,10,0,7,1,,player.fcgi?id=petrut000ian
Devin Russell,19,2023,Maryland,Big Ten,5,14,10,4,2,0,0,1,2,0,0,3,4,0.2,0.385,0.5,0.885,5,0,0,1,0,0,,player.fcgi?id=russel000dev
Matt Shaw,21,2023,Maryland,Big Ten,62,317,264,80,90,20,1,24,69,18,1,43,42,0.341,0.445,0.697,1.142,184,6,8,0,2,5,,player.fcgi?id=shaw--000mat
Luke Shliger*,21,2023,Maryland,Big Ten,63,328,232,93,78,24,0,11,52,14,4,69,56,0.336,0.523,0.582,1.105,135,5,24,1,2,0,,player.fcgi?id=shlige000luk
Simmi Whitehill*,19,2023,Maryland,Big Ten,2,2,1,0,0,0,0,0,0,0,0,1,1,0,0.5,0,0.5,0,0,0,0,0,0,,player.fcgi?id=whiteh000sim
Matt Woods*,23,2023,Maryland,Big Ten,48,225,180,41,49,7,2,12,46,1,3,22,52,0.272,0.393,0.533,0.926,96,2,15,6,2,0,,player.fcgi?id=woods-001mat
Luke Zeisloft,20,2023,Maryland,Big Ten,10,23,20,2,6,1,0,1,5,0,0,1,7,0.3,0.364,0.5,0.864,10,0,1,1,0,0,,player.fcgi?id=zeislo000luk
Bobby Zmarzlak,22,2023,Maryland,Big Ten,46,184,133,37,36,7,2,5,22,3,0,39,40,0.271,0.465,0.466,0.931,62,3,10,1,1,0,,player.fcgi?id=zmarzl000rob
Alex Calarco#,21,2024,Maryland,Big Ten,41,178,141,20,30,9,0,4,19,0,0,20,53,0.213,0.354,0.362,0.716,51,2,13,0,4,0,,player.fcgi?id=calarc000ale
Randy Carlo,20,2024,Maryland,Big Ten,6,8,8,0,2,0,0,0,0,0,0,0,3,0.25,0.25,0.25,0.5,2,0,0,0,0,0,,player.fcgi?id=carlo-000ran
Jordan Crosland,19,2024,Maryland,Big Ten,29,72,60,10,15,0,0,3,8,2,1,11,26,0.25,0.375,0.4,0.775,24,0,1,0,0,0,,player.fcgi?id=crosla000jor
Riley DeCandido*,--,2024,Maryland,Big Ten,9,8,6,0,1,0,0,0,0,0,0,1,5,0.167,0.375,0.167,0.542,1,0,1,0,0,0,,player.fcgi?id=decand000ril
Charlie Glennon?,--,2024,Maryland,Big Ten,11,29,24,5,2,1,0,1,2,0,0,4,13,0.083,0.241,0.25,0.491,6,0,1,0,0,0,,player.fcgi?id=glenno000cha
Chris Hacopian,19,2024,Maryland,Big Ten,55,267,223,53,72,10,1,15,42,2,0,30,26,0.323,0.431,0.579,1.009,129,10,13,0,1,1,,player.fcgi?id=hacopi000chr
Eddie Hacopian,22,2024,Maryland,Big Ten,56,272,220,53,83,16,0,9,51,6,1,36,25,0.377,0.474,0.573,1.047,126,5,8,4,4,1,,player.fcgi?id=hacopi000edd
EJ Hankerson,--,2024,Maryland,Big Ten,2,1,1,0,0,0,0,0,0,0,0,0,0,0,0,0,0,0,0,0,0,0,0,,player.fcgi?id=hanker000ej-
Sam Hojnar#,23,2024,Maryland,Big Ten,56,265,233,50,64,15,1,16,57,5,0,21,71,0.275,0.359,0.554,0.912,129,3,10,0,1,1,,player.fcgi?id=hojnar000sam
Michael Iannazzo*,19,2024,Maryland,Big Ten,28,76,68,12,20,4,1,1,11,0,0,6,11,0.294,0.355,0.427,0.782,29,3,1,0,1,1,,player.fcgi?id=iannaz000mic
Kevin Keister,22,2024,Maryland,Big Ten,56,256,210,41,54,12,0,7,33,1,1,36,36,0.257,0.377,0.414,0.791,87,3,6,1,3,0,,player.fcgi?id=keiste000kev
Elijah Lambros,21,2024,Maryland,Big Ten,56,225,187,32,50,10,2,6,39,4,1,26,50,0.267,0.373,0.439,0.811,82,0,6,5,1,0,,player.fcgi?id=lambro000eli
Brayden Martin*,18,2024,Maryland,Big Ten,55,241,192,32,51,6,0,1,24,6,3,30,36,0.266,0.387,0.313,0.7,60,3,10,6,3,0,,player.fcgi?id=martin024bra
Ben Nardi*,23,2024,Maryland,Big Ten,14,24,22,3,4,1,0,2,4,0,0,2,10,0.182,0.25,0.5,0.75,11,0,0,0,0,0,,player.fcgi?id=nardi-000ben
Jacob Orr,21,2024,Maryland,Big Ten,56,221,181,35,46,7,0,3,29,0,1,29,26,0.254,0.379,0.343,0.722,62,3,8,2,1,0,,player.fcgi?id=orr---003jac
Devin Russell,20,2024,Maryland,Big Ten,41,155,122,28,25,3,0,9,26,0,0,19,52,0.205,0.361,0.451,0.812,55,3,12,0,2,0,,player.fcgi?id=russel000dev
Luke Zeisloft,21,2024,Maryland,Big Ten,12,13,11,1,0,0,0,0,0,0,0,1,2,0,0.154,0,0.154,0,0,1,0,0,0,,player.fcgi?id=zeislo000luk
Alex Calarco#,22,2025,Maryland,Big Ten,56,264,209,56,60,11,0,19,61,0,0,46,55,0.287,0.432,0.612,1.044,128,4,8,0,1,4,,player.fcgi?id=calarc000ale
Parker Corbin*,--,2025,Maryland,Big Ten,28,70,62,10,15,0,0,0,7,0,0,7,12,0.242,0.314,0.242,0.556,15,0,0,0,1,0,,player.fcgi?id=corbin000par
Jordan Crosland,20,2025,Maryland,Big Ten,4,14,8,3,3,0,0,1,1,1,0,2,4,0.375,0.643,0.75,1.393,6,0,4,0,0,0,,player.fcgi?id=crosla000jor
Aidan Driscoll,--,2025,Maryland,Big Ten,4,4,3,2,1,0,0,0,0,0,0,1,2,0.333,0.5,0.333,0.833,1,0,0,0,0,0,,player.fcgi?id=drisco001aid
Colin Gibbs#,19,2025,Maryland,Big Ten,14,39,31,4,7,1,0,0,7,0,0,4,13,0.226,0.368,0.258,0.627,8,0,3,1,0,0,,player.fcgi?id=gibbs-001col
Chris Hacopian,20,2025,Maryland,Big Ten,52,249,192,51,72,12,0,14,61,1,2,40,19,0.375,0.502,0.656,1.158,126,1,13,0,4,2,,player.fcgi?id=hacopi000chr
Eddie Hacopian,23,2025,Maryland,Big Ten,56,285,241,61,66,11,2,10,48,7,1,31,34,0.274,0.377,0.461,0.837,111,8,10,1,2,1,,player.fcgi?id=hacopi000edd
EJ Hankerson,--,2025,Maryland,Big Ten,14,21,17,3,4,1,0,0,1,0,0,2,8,0.235,0.381,0.294,0.675,5,1,2,0,0,0,,player.fcgi?id=hanker000ej-
Jacob Hauk,--,2025,Maryland,Big Ten,7,14,11,3,2,0,0,0,0,0,0,3,7,0.182,0.357,0.182,0.539,2,0,0,0,0,0,,player.fcgi?id=hauk--000jac
Aden Hill*,21,2025,Maryland,Big Ten,55,249,201,36,48,9,0,10,42,11,2,32,57,0.239,0.371,0.433,0.804,87,1,12,1,3,0,,player.fcgi?id=hill--000ade
Michael Iannazzo*,20,2025,Maryland,Big Ten,11,39,26,11,8,3,0,0,5,0,0,10,6,0.308,0.539,0.423,0.962,11,0,3,0,0,0,,player.fcgi?id=iannaz000mic
Paul Jones*,19,2025,Maryland,Big Ten,18,56,39,13,11,3,0,3,16,2,0,11,13,0.282,0.5,0.59,1.09,23,0,6,0,0,0,,player.fcgi?id=jones-015pau
Elijah Lambros,22,2025,Maryland,Big Ten,55,236,187,40,52,12,2,6,38,7,1,33,41,0.278,0.411,0.46,0.871,86,4,10,5,1,0,,player.fcgi?id=lambro000eli
Brayden Martin*,19,2025,Maryland,Big Ten,56,279,210,54,67,5,0,2,23,6,2,59,24,0.319,0.478,0.371,0.85,78,8,6,3,1,0,,player.fcgi?id=martin024bra
Dom Moats,19,2025,Maryland,Big Ten,5,1,0,1,0,0,0,0,0,0,0,1,0,,1,,,0,0,0,0,0,0,,player.fcgi?id=moats-000dom
Jacob Orr,22,2025,Maryland,Big Ten,53,229,203,45,61,18,2,7,38,1,0,21,30,0.301,0.368,0.512,0.881,104,6,2,1,2,0,,player.fcgi?id=orr---003jac
Hollis Porter*,21,2025,Maryland,Big Ten,55,255,231,44,70,13,0,21,64,0,0,22,79,0.303,0.365,0.632,0.997,146,3,1,0,1,0,,player.fcgi?id=porter000hol
Liam Willson#,20,2025,Maryland,Big Ten,24,88,73,20,16,4,1,1,13,5,1,11,31,0.219,0.352,0.343,0.695,25,0,4,0,0,0,,player.fcgi?id=willso000lia
Bud Coombs?,--,2026,Maryland,Big Ten,30,114,86,27,31,9,0,9,36,6,3,23,22,0.361,0.491,0.779,1.27,67,1,2,0,3,1,,player.fcgi?id=coombs000bud
Parker Corbin*,--,2026,Maryland,Big Ten,1,1,1,1,1,0,0,0,0,0,0,0,0,1,1,1,2,1,0,0,0,0,0,,player.fcgi?id=corbin000par
Ryan Costello*,20,2026,Maryland,Big Ten,49,234,185,45,48,10,0,15,59,0,0,41,29,0.26,0.397,0.557,0.954,103,2,4,0,4,0,,player.fcgi?id=costel005rya
Jordan Crosland,21,2026,Maryland,Big Ten,51,237,187,50,53,8,0,12,43,12,4,36,50,0.283,0.414,0.519,0.932,97,3,9,0,5,0,,player.fcgi?id=crosla000jor
Aidan Driscoll,--,2026,Maryland,Big Ten,2,2,2,0,0,0,0,0,0,0,0,0,1,0,0,0,0,0,0,0,0,0,0,,player.fcgi?id=drisco001aid
Colin Gibbs#,20,2026,Maryland,Big Ten,20,43,33,6,7,1,0,0,8,0,0,4,11,0.212,0.366,0.242,0.608,8,1,4,2,0,0,,player.fcgi?id=gibbs-001col
Nate Hawton-Henley,19,2026,Maryland,Big Ten,38,115,88,23,32,4,1,2,18,6,0,15,20,0.364,0.478,0.5,0.978,44,0,6,4,2,0,,player.fcgi?id=hawton000nat
Aden Hill*,22,2026,Maryland,Big Ten,40,122,96,20,17,4,0,3,11,6,1,21,35,0.177,0.347,0.313,0.66,30,0,4,1,0,0,,player.fcgi?id=hill--000ade
Michael Iannazzo*,21,2026,Maryland,Big Ten,23,40,31,5,11,1,0,0,3,0,0,7,3,0.355,0.475,0.387,0.862,12,1,1,0,1,0,,player.fcgi?id=iannaz000mic
Paul Jones*,20,2026,Maryland,Big Ten,54,240,201,42,65,14,0,12,54,3,1,26,53,0.323,0.414,0.572,0.986,115,3,8,1,4,1,,player.fcgi?id=jones-015pau
Ty Kaunas,19,2026,Maryland,Big Ten,56,269,217,44,62,16,1,5,39,4,0,46,62,0.286,0.41,0.438,0.848,95,2,1,3,2,0,,player.fcgi?id=kaunas000ty-
Brayden Martin*,20,2026,Maryland,Big Ten,56,286,216,60,76,13,1,2,39,21,3,56,20,0.352,0.488,0.449,0.937,97,5,7,1,6,0,,player.fcgi?id=martin024bra
David Mendez,21,2026,Maryland,Big Ten,54,254,215,56,68,13,2,11,50,12,2,25,31,0.316,0.401,0.549,0.95,118,3,8,2,4,0,,player.fcgi?id=mendez005dav
Antonio Morales*,21,2026,Maryland,Big Ten,9,38,33,7,7,1,1,1,5,2,0,3,7,0.212,0.316,0.394,0.71,13,0,2,0,0,0,,player.fcgi?id=morale004ant
Franklin Pichardo?,--,2026,Maryland,Big Ten,14,24,22,8,9,1,0,2,6,0,0,1,9,0.409,0.458,0.727,1.186,16,0,1,0,0,0,,player.fcgi?id=pichar002fra
Devin Russell,22,2026,Maryland,Big Ten,26,108,88,22,22,4,0,9,26,0,0,9,31,0.25,0.374,0.602,0.976,53,0,9,1,1,0,,player.fcgi?id=russel000dev
Jackson Sirois,21,2026,Maryland,Big Ten,24,91,67,22,20,3,0,4,19,5,0,18,14,0.299,0.444,0.522,0.967,35,0,2,1,3,0,,player.fcgi?id=sirois000jac
Rylen Stockton,--,2026,Maryland,Big Ten,38,162,129,26,38,7,0,7,23,0,0,20,32,0.295,0.416,0.512,0.928,66,2,9,1,3,0,,player.fcgi?id=stockt000ryl
Kevin Blum,19,2016,Rutgers,Big Ten,7,5,5,2,1,0,0,0,0,0,0,0,2,0.2,0.2,0.2,0.4,1,,0,0,0,0,,player.fcgi?id=blum--000kev
Luke Bowerbank*,19,2016,Rutgers,Big Ten,34,95,83,17,25,4,0,0,10,5,0,9,14,0.301,0.362,0.349,0.711,29,,0,1,2,0,,player.fcgi?id=bowerb001luk
Christian Campbell,21,2016,Rutgers,Big Ten,30,85,72,10,22,9,0,0,17,0,0,10,11,0.306,0.405,0.431,0.835,31,,2,1,0,0,,player.fcgi?id=campbe004chr
Mike Carter*,--,2016,Rutgers,Big Ten,28,116,98,24,36,5,0,0,13,5,1,12,10,0.367,0.432,0.418,0.851,41,,0,5,1,0,,player.fcgi?id=carter000mik
R.J. Devish,--,2016,Rutgers,Big Ten,52,232,168,56,63,7,0,1,27,24,3,41,19,0.375,0.524,0.435,0.959,73,,15,5,3,1,,player.fcgi?id=devish000rj-
Milo Freeman,20,2016,Rutgers,Big Ten,54,209,181,22,38,5,1,2,24,4,1,18,37,0.21,0.284,0.282,0.566,51,,2,5,3,0,,player.fcgi?id=freema000mil
Jawuan Harris,19,2016,Rutgers,Big Ten,47,193,162,35,45,5,2,3,22,37,7,22,53,0.278,0.365,0.389,0.754,63,,2,4,3,0,,player.fcgi?id=harris000jaw
John Jennings?,--,2016,Rutgers,Big Ten,44,179,159,19,42,8,2,2,18,4,3,15,24,0.264,0.341,0.377,0.718,60,,4,0,1,0,,player.fcgi?id=jennin003joh
Tom Marcinczyk*,21,2016,Rutgers,Big Ten,55,245,204,31,55,12,6,4,47,18,1,37,37,0.27,0.384,0.446,0.83,91,,2,0,2,2,,player.fcgi?id=marcin000tom
Mike Martinez*,19,2016,Rutgers,Big Ten,38,122,103,16,21,2,0,4,12,6,2,14,34,0.204,0.308,0.34,0.648,35,,2,2,1,0,,player.fcgi?id=martin009mik
Nick Matera,19,2016,Rutgers,Big Ten,35,121,105,11,19,5,0,1,15,0,0,12,24,0.181,0.267,0.257,0.524,27,,1,1,2,0,,player.fcgi?id=matera000nic
Tyler McNamara,19,2016,Rutgers,Big Ten,9,8,6,1,1,0,0,0,0,0,0,2,1,0.167,0.375,0.167,0.542,1,,0,0,0,0,,player.fcgi?id=mcnama000tyl
Gaby Rosa?,--,2016,Rutgers,Big Ten,54,206,182,27,45,9,1,0,17,11,1,16,28,0.247,0.31,0.308,0.618,56,,1,6,1,0,,player.fcgi?id=rosa--001gab
Carmen Sclafani,19,2016,Rutgers,Big Ten,30,62,55,11,11,3,1,0,5,0,1,6,16,0.2,0.29,0.291,0.581,16,,1,0,0,0,,player.fcgi?id=sclafa000car
Chris Suseck?,--,2016,Rutgers,Big Ten,51,220,178,22,53,8,1,2,35,7,5,27,18,0.298,0.388,0.388,0.776,69,,3,6,6,0,,player.fcgi?id=suseck000chr
Kyle Walker*,--,2016,Rutgers,Big Ten,24,45,38,0,5,1,0,0,3,0,0,6,13,0.132,0.244,0.158,0.402,6,,0,0,1,0,,player.fcgi?id=walker002kyl
Luke Bowerbank*,20,2017,Rutgers,Big Ten,27,84,71,15,18,0,0,0,8,3,0,11,8,0.254,0.349,0.254,0.603,18,,0,1,1,0,,player.fcgi?id=bowerb001luk
Christian Campbell,22,2017,Rutgers,Big Ten,53,206,181,26,50,12,0,2,24,3,3,15,28,0.276,0.335,0.376,0.711,68,,2,6,2,1,,player.fcgi?id=campbe004chr
Mike Carter*,--,2017,Rutgers,Big Ten,53,248,219,37,72,14,1,5,33,9,3,20,23,0.329,0.397,0.47,0.867,103,,6,1,2,0,,player.fcgi?id=carter000mik
Chris Folinusz,22,2017,Rutgers,Big Ten,41,154,138,21,39,9,0,2,22,3,0,8,31,0.283,0.325,0.391,0.716,54,,2,3,3,0,,player.fcgi?id=folinu000chr
Milo Freeman,21,2017,Rutgers,Big Ten,40,155,137,16,35,3,0,0,16,1,1,8,33,0.256,0.316,0.277,0.593,38,,5,3,2,0,,player.fcgi?id=freema000mil
AJ Gallagher?,--,2017,Rutgers,Big Ten,2,4,4,1,2,1,0,0,2,0,0,0,0,0.5,0.5,0.75,1.25,3,,0,0,0,0,,player.fcgi?id=gallag000aj-
Tommy Genuario,19,2017,Rutgers,Big Ten,18,17,14,3,4,0,0,0,5,0,0,3,6,0.286,0.412,0.286,0.698,4,,0,0,0,0,,player.fcgi?id=genuar000tom
Kyle Gerace,19,2017,Rutgers,Big Ten,15,0,0,1,0,0,0,0,0,0,0,0,0,,,,,0,,0,0,0,0,,player.fcgi?id=gerace000kyl
Anthony Greco,18,2017,Rutgers,Big Ten,9,11,10,2,2,0,0,0,1,0,0,1,2,0.2,0.273,0.2,0.473,2,,0,0,0,0,,player.fcgi?id=greco-001ant
Jawuan Harris,20,2017,Rutgers,Big Ten,49,223,186,39,50,9,2,8,26,23,6,31,56,0.269,0.377,0.468,0.845,87,,2,3,1,1,,player.fcgi?id=harris000jaw
Tom Marcinczyk*,22,2017,Rutgers,Big Ten,52,225,186,32,51,10,3,7,29,8,2,37,36,0.274,0.4,0.473,0.873,88,,2,0,0,2,,player.fcgi?id=marcin000tom
Mike Martinez*,20,2017,Rutgers,Big Ten,38,151,128,28,35,5,3,3,23,11,3,19,33,0.273,0.376,0.43,0.806,55,,2,2,0,0,,player.fcgi?id=martin009mik
Nick Matera,20,2017,Rutgers,Big Ten,38,139,123,18,36,11,0,5,23,1,0,13,26,0.293,0.36,0.504,0.864,62,,1,0,2,1,,player.fcgi?id=matera000nic
Tyler McNamara,20,2017,Rutgers,Big Ten,13,12,12,2,3,0,0,0,1,0,0,0,2,0.25,0.25,0.25,0.5,3,,0,0,0,0,,player.fcgi?id=mcnama000tyl
Gaby Rosa?,--,2017,Rutgers,Big Ten,18,18,18,2,3,1,0,0,3,1,0,0,5,0.167,0.167,0.222,0.389,4,,0,0,0,0,,player.fcgi?id=rosa--001gab
Carmen Sclafani,20,2017,Rutgers,Big Ten,51,188,159,25,39,13,3,4,19,2,3,17,42,0.245,0.35,0.44,0.79,70,,9,2,1,0,,player.fcgi?id=sclafa000car
Kyle Walker*,--,2017,Rutgers,Big Ten,26,59,51,4,9,0,0,1,5,1,0,6,9,0.177,0.259,0.235,0.494,12,,0,1,1,0,,player.fcgi?id=walker002kyl
Kevin Welsh#,18,2017,Rutgers,Big Ten,53,208,167,23,41,4,3,0,20,8,2,28,20,0.246,0.359,0.305,0.664,51,,2,10,1,0,,player.fcgi?id=welsh-000kev
Kevin Blum,21,2018,Rutgers,Big Ten,35,74,58,15,18,2,0,0,9,2,1,10,17,0.31,0.423,0.345,0.767,20,,2,3,1,0,,player.fcgi?id=blum--000kev
Luke Bowerbank*,21,2018,Rutgers,Big Ten,48,171,152,28,46,2,0,0,26,7,5,12,11,0.303,0.363,0.316,0.679,48,,3,3,1,0,,player.fcgi?id=bowerb001luk
Anthony DeRosa?,--,2018,Rutgers,Big Ten,4,6,5,1,3,0,0,0,0,0,0,0,1,0.6,0.667,0.6,1.267,3,,1,0,0,0,,player.fcgi?id=derosa000ant
Dan DiGeorgio,19,2018,Rutgers,Big Ten,50,218,188,39,52,9,2,1,25,17,3,16,32,0.277,0.338,0.362,0.7,68,,2,11,1,0,,player.fcgi?id=digeor000dan
Chris Folinusz,23,2018,Rutgers,Big Ten,49,215,201,32,57,10,2,3,34,5,0,7,41,0.284,0.313,0.398,0.711,80,,3,1,3,0,,player.fcgi?id=folinu000chr
Milo Freeman,22,2018,Rutgers,Big Ten,32,81,72,9,21,2,2,2,9,0,0,7,15,0.292,0.37,0.458,0.829,33,,2,0,0,0,,player.fcgi?id=freema000mil
AJ Gallagher?,--,2018,Rutgers,Big Ten,7,8,7,1,0,0,0,0,0,0,0,1,2,0,0.125,0,0.125,0,,0,0,0,0,,player.fcgi?id=gallag000aj-
Anthony Greco,19,2018,Rutgers,Big Ten,4,4,3,0,0,0,0,0,0,0,0,1,1,0,0.25,0,0.25,0,,0,0,0,0,,player.fcgi?id=greco-001ant
Jawuan Harris,21,2018,Rutgers,Big Ten,40,176,142,24,35,8,3,2,28,22,5,28,47,0.247,0.375,0.387,0.762,55,,3,0,3,0,,player.fcgi?id=harris000jaw
Mike Martinez*,21,2018,Rutgers,Big Ten,5,18,15,2,2,0,0,0,2,0,1,3,5,0.133,0.278,0.133,0.411,2,,0,0,0,0,,player.fcgi?id=martin009mik
Nick Matera,21,2018,Rutgers,Big Ten,48,209,181,26,46,13,0,5,35,1,0,25,39,0.254,0.346,0.409,0.755,74,,1,1,1,0,,player.fcgi?id=matera000nic
Aaron McLaughlin?,--,2018,Rutgers,Big Ten,2,2,1,0,1,0,0,0,2,0,0,1,0,1,1,1,2,1,,0,0,0,0,,player.fcgi?id=mclaug000aar
Tyler McNamara,21,2018,Rutgers,Big Ten,23,68,50,11,13,0,0,0,6,1,1,14,11,0.26,0.433,0.26,0.693,13,,2,1,1,0,,player.fcgi?id=mcnama000tyl
Mike Nyisztor,19,2018,Rutgers,Big Ten,49,219,189,35,47,6,1,0,31,11,0,15,31,0.249,0.326,0.291,0.617,55,,8,4,3,0,,player.fcgi?id=nyiszt000mik
Carmen Sclafani,21,2018,Rutgers,Big Ten,43,170,143,28,41,7,2,3,19,6,3,18,44,0.287,0.385,0.427,0.811,61,,6,1,2,0,,player.fcgi?id=sclafa000car
Kyle Walker*,--,2018,Rutgers,Big Ten,43,141,112,24,32,3,1,2,14,5,1,23,22,0.286,0.407,0.384,0.791,43,,2,1,3,1,,player.fcgi?id=walker002kyl
Kevin Welsh#,19,2018,Rutgers,Big Ten,50,203,173,26,42,4,2,0,21,5,2,22,30,0.243,0.332,0.289,0.621,50,,1,7,0,0,,player.fcgi?id=welsh-000kev
Andy Axelson,19,2019,Rutgers,Big Ten,9,10,8,2,2,0,0,0,1,0,0,2,4,0.25,0.4,0.25,0.65,2,,0,0,0,0,,player.fcgi?id=axelso000and
Kevin Blum,22,2019,Rutgers,Big Ten,46,154,144,14,30,5,0,0,12,7,4,5,37,0.208,0.245,0.243,0.488,35,,2,3,0,0,,player.fcgi?id=blum--000kev
Luke Bowerbank*,22,2019,Rutgers,Big Ten,41,114,94,12,19,1,0,1,10,6,2,15,12,0.202,0.321,0.245,0.566,23,,2,2,1,0,,player.fcgi?id=bowerb001luk
Chris Brito,19,2019,Rutgers,Big Ten,43,185,149,20,36,4,1,3,17,2,3,25,46,0.242,0.372,0.342,0.714,51,,7,2,2,0,,player.fcgi?id=brito-000chr
Tim Dezzi,--,2019,Rutgers,Big Ten,48,205,178,24,49,6,0,0,19,3,2,25,32,0.275,0.363,0.309,0.672,55,,0,1,1,0,,player.fcgi?id=dezzi-000tim
Garrett French,19,2019,Rutgers,Big Ten,31,19,18,0,1,0,0,0,1,0,0,0,9,0.056,0.053,0.056,0.108,1,,0,0,1,0,,player.fcgi?id=french000gar
Anthony Greco,20,2019,Rutgers,Big Ten,9,8,5,2,3,0,0,0,0,0,0,3,0,0.6,0.75,0.6,1.35,3,,0,0,0,0,,player.fcgi?id=greco-001ant
Adam Holland,20,2019,Rutgers,Big Ten,5,6,5,0,1,0,0,0,1,0,0,0,1,0.2,0.167,0.2,0.367,1,,0,0,1,0,,player.fcgi?id=hollan001ada
Tyler McNamara,22,2019,Rutgers,Big Ten,49,197,170,23,41,6,0,2,21,4,0,20,40,0.241,0.333,0.312,0.645,53,,4,2,1,2,,player.fcgi?id=mcnama000tyl
Mike Nyisztor,20,2019,Rutgers,Big Ten,51,236,210,28,59,10,1,1,10,15,1,17,36,0.281,0.348,0.352,0.7,74,,5,3,1,0,,player.fcgi?id=nyiszt000mik
Alex Russo?,--,2019,Rutgers,Big Ten,20,31,28,5,6,2,0,0,2,1,0,3,9,0.214,0.29,0.286,0.576,8,,0,0,0,0,,player.fcgi?id=russo-000ale
Carmen Sclafani,22,2019,Rutgers,Big Ten,48,186,162,19,35,4,1,7,33,6,3,16,55,0.216,0.304,0.383,0.687,62,,5,2,1,0,,player.fcgi?id=sclafa000car
Peter Serruto,19,2019,Rutgers,Big Ten,37,114,105,4,24,5,0,0,13,0,0,6,25,0.229,0.283,0.276,0.559,29,,2,1,0,0,,player.fcgi?id=serrut000pet
David Soto,19,2019,Rutgers,Big Ten,37,103,88,7,11,2,1,0,6,4,4,11,33,0.125,0.238,0.171,0.408,15,,2,2,0,0,,player.fcgi?id=soto--000dav
Brett Sternberg?,--,2019,Rutgers,Big Ten,3,6,6,1,4,1,0,0,0,0,0,0,0,0.667,0.667,0.833,1.5,5,,0,0,0,0,,player.fcgi?id=sternb000bre
Victor Valderrama,19,2019,Rutgers,Big Ten,46,167,145,20,33,7,0,2,12,4,1,12,37,0.228,0.301,0.317,0.618,46,,4,4,2,0,,player.fcgi?id=valder000vic
Kevin Welsh#,20,2019,Rutgers,Big Ten,51,227,186,25,47,7,2,3,26,7,3,33,34,0.253,0.368,0.36,0.728,67,,2,4,2,0,,player.fcgi?id=welsh-000kev
Andy Axelson,20,2020,Rutgers,Big Ten,7,16,14,0,2,0,0,0,1,0,0,0,0,0.143,0.143,0.143,0.286,2,,0,2,0,0,,player.fcgi?id=axelso000and
Kevin Blum,23,2020,Rutgers,Big Ten,8,4,3,0,0,0,0,0,0,0,0,0,2,0,0,0,0,0,,0,1,0,0,,player.fcgi?id=blum--000kev
Chris Brito,20,2020,Rutgers,Big Ten,15,64,49,8,13,1,0,3,11,0,2,12,18,0.265,0.422,0.469,0.891,23,,2,0,1,0,,player.fcgi?id=brito-000chr
Tim Dezzi,--,2020,Rutgers,Big Ten,15,55,48,6,15,4,0,0,5,1,0,5,12,0.313,0.377,0.396,0.773,19,,0,2,0,0,,player.fcgi?id=dezzi-000tim
Dan DiGeorgio,21,2020,Rutgers,Big Ten,15,70,58,11,15,3,0,0,7,1,1,8,14,0.259,0.386,0.31,0.696,18,,4,0,0,0,,player.fcgi?id=digeor000dan
Anthony Greco,21,2020,Rutgers,Big Ten,4,3,3,1,0,0,0,0,0,0,0,0,0,0,0,0,0,0,,0,0,0,0,,player.fcgi?id=greco-001ant
Reece Horneck?,--,2020,Rutgers,Big Ten,1,1,0,1,0,0,0,0,0,0,0,1,0,,1,,,0,,0,0,0,0,,player.fcgi?id=hornec000ree
Mike Nyisztor,21,2020,Rutgers,Big Ten,15,68,54,12,14,3,0,1,10,2,0,7,6,0.259,0.382,0.37,0.753,20,,5,0,2,0,,player.fcgi?id=nyiszt000mik
Sam Owens,21,2020,Rutgers,Big Ten,12,52,43,7,10,2,0,0,6,1,0,4,11,0.233,0.365,0.279,0.645,12,,5,0,0,0,,player.fcgi?id=owens-000sam
Josh Rodriguez,19,2020,Rutgers,Big Ten,9,15,12,2,1,0,0,0,0,1,0,1,8,0.083,0.267,0.083,0.35,1,,2,0,0,0,,player.fcgi?id=rodrig087jos
Richie Schiekofer*,21,2020,Rutgers,Big Ten,15,69,56,15,21,5,1,2,11,3,1,7,14,0.375,0.478,0.607,1.085,34,,5,0,1,2,,player.fcgi?id=schiek000ric
Peter Serruto,20,2020,Rutgers,Big Ten,12,44,39,8,10,1,0,2,7,0,0,3,11,0.256,0.341,0.436,0.777,17,,2,0,0,0,,player.fcgi?id=serrut000pet
Grant Shulman*,18,2020,Rutgers,Big Ten,11,29,27,4,7,0,1,0,1,0,0,2,8,0.259,0.31,0.333,0.644,9,,0,0,0,0,,player.fcgi?id=shulma000gra
Jordan Sweeney,19,2020,Rutgers,Big Ten,12,17,16,1,7,1,0,1,5,0,0,0,4,0.438,0.471,0.688,1.158,11,,1,0,0,0,,player.fcgi?id=sweene000jor
Victor Valderrama,20,2020,Rutgers,Big Ten,13,47,40,4,9,1,0,0,5,2,0,4,13,0.225,0.298,0.25,0.548,10,,1,0,2,0,,player.fcgi?id=valder000vic
Kevin Welsh#,21,2020,Rutgers,Big Ten,15,63,55,8,13,1,1,1,8,1,0,6,11,0.236,0.307,0.346,0.652,19,,0,1,1,0,,player.fcgi?id=welsh-000kev
Andy Axelson,21,2021,Rutgers,Big Ten,17,37,33,0,5,1,0,0,2,0,0,2,13,0.152,0.243,0.182,0.425,6,,2,0,0,0,,player.fcgi?id=axelso000and
Chris Brito,21,2021,Rutgers,Big Ten,44,203,169,33,51,8,0,10,43,1,1,23,49,0.302,0.396,0.527,0.923,89,,6,1,4,3,,player.fcgi?id=brito-000chr
Tim Dezzi,--,2021,Rutgers,Big Ten,3,2,2,0,0,0,0,0,0,0,0,0,1,0,0,0,0,0,,0,0,0,0,,player.fcgi?id=dezzi-000tim
Dan DiGeorgio,22,2021,Rutgers,Big Ten,33,142,127,24,38,5,1,6,22,6,0,10,24,0.299,0.369,0.496,0.865,63,,4,1,0,0,,player.fcgi?id=digeor000dan
Ryan Lasko,19,2021,Rutgers,Big Ten,42,184,156,28,36,5,0,11,30,4,2,22,43,0.231,0.339,0.474,0.813,74,,4,1,1,1,,player.fcgi?id=lasko-000rya
Cameron Love,19,2021,Rutgers,Big Ten,13,37,32,4,8,2,0,0,3,0,0,4,9,0.25,0.333,0.313,0.646,10,,0,1,0,0,,player.fcgi?id=love--001cam
Bradley Norton,22,2021,Rutgers,Big Ten,4,11,8,0,2,1,0,0,0,0,0,0,3,0.25,0.4,0.375,0.775,3,,2,1,0,0,,player.fcgi?id=norton002bra
Mike Nyisztor,22,2021,Rutgers,Big Ten,38,162,134,28,47,6,0,2,14,4,2,16,14,0.351,0.456,0.44,0.897,59,,10,2,0,0,,player.fcgi?id=nyiszt000mik
Sam Owens,22,2021,Rutgers,Big Ten,12,31,28,3,5,0,0,0,1,0,0,1,9,0.179,0.258,0.179,0.437,5,,2,0,0,0,,player.fcgi?id=owens-000sam
Josh Rodriguez,20,2021,Rutgers,Big Ten,36,129,108,21,20,5,1,4,12,5,1,17,42,0.185,0.31,0.361,0.671,39,,3,0,1,0,,player.fcgi?id=rodrig087jos
Richie Schiekofer*,22,2021,Rutgers,Big Ten,44,201,171,30,54,12,0,1,21,6,2,13,31,0.316,0.403,0.404,0.807,69,,12,5,0,0,,player.fcgi?id=schiek000ric
Peter Serruto,21,2021,Rutgers,Big Ten,35,106,89,10,19,2,0,0,4,0,0,13,19,0.214,0.32,0.236,0.556,21,,1,3,0,0,,player.fcgi?id=serrut000pet
Grant Shulman*,19,2021,Rutgers,Big Ten,24,81,64,9,11,5,0,0,6,0,0,11,18,0.172,0.317,0.25,0.567,16,,3,2,1,0,,player.fcgi?id=shulma000gra
Evan Sleight*,20,2021,Rutgers,Big Ten,41,175,149,19,40,5,0,4,27,0,0,13,33,0.269,0.353,0.383,0.735,57,,8,2,3,0,,player.fcgi?id=sleigh000eva
Gus Sosa,19,2021,Rutgers,Big Ten,8,15,14,0,2,0,0,0,0,0,0,1,7,0.143,0.2,0.143,0.343,2,,0,0,0,0,,player.fcgi?id=sosa--000gus
Jordan Sweeney,20,2021,Rutgers,Big Ten,31,138,123,15,26,7,0,7,29,0,1,6,49,0.211,0.257,0.439,0.696,54,,3,2,4,0,,player.fcgi?id=sweene000jor
Victor Valderrama,21,2021,Rutgers,Big Ten,17,23,21,3,2,0,0,0,2,0,1,0,8,0.095,0.13,0.095,0.226,2,,1,0,1,0,,player.fcgi?id=valder000vic
Kevin Welsh#,22,2021,Rutgers,Big Ten,35,104,84,14,23,9,0,3,17,2,0,12,19,0.274,0.36,0.488,0.848,41,,1,4,3,0,,player.fcgi?id=welsh-000kev
Andy Axelson,22,2022,Rutgers,Big Ten,21,55,43,13,12,6,0,0,4,0,0,6,8,0.279,0.415,0.419,0.834,18,0,4,2,0,0,,player.fcgi?id=axelso000and
Chris Brito,22,2022,Rutgers,Big Ten,55,262,208,56,66,16,1,16,74,4,0,38,53,0.317,0.443,0.635,1.077,132,3,12,0,4,1,,player.fcgi?id=brito-000chr
Garrett Callaghan*,23,2022,Rutgers,Big Ten,33,82,66,9,17,1,2,2,14,0,0,13,14,0.258,0.39,0.424,0.814,28,0,2,0,1,0,,player.fcgi?id=callag000gar
Nick Cimillo,22,2022,Rutgers,Big Ten,54,254,205,67,79,18,0,16,52,1,0,39,36,0.385,0.492,0.707,1.199,145,3,7,0,3,0,,player.fcgi?id=cimill000nic
Dan DiGeorgio,23,2022,Rutgers,Big Ten,57,280,228,72,84,17,3,7,59,18,3,36,37,0.368,0.471,0.561,1.032,128,6,10,4,2,1,,player.fcgi?id=digeor000dan
Joshua Kuroda-Grauer,19,2022,Rutgers,Big Ten,53,225,197,34,59,8,0,5,39,3,0,20,35,0.3,0.365,0.416,0.781,82,0,2,3,3,0,,player.fcgi?id=kuroda000jos
Ryan Lasko,20,2022,Rutgers,Big Ten,58,302,258,81,90,24,2,16,51,13,1,30,43,0.349,0.431,0.643,1.075,166,7,9,3,2,1,,player.fcgi?id=lasko-000rya
Cameron Love,20,2022,Rutgers,Big Ten,16,16,13,8,4,1,0,0,1,2,0,2,4,0.308,0.4,0.385,0.785,5,0,0,1,0,0,,player.fcgi?id=love--001cam
Bradley Norton,23,2022,Rutgers,Big Ten,10,17,15,3,3,1,0,0,1,0,0,2,4,0.2,0.294,0.267,0.561,4,0,0,0,0,0,,player.fcgi?id=norton002bra
Mike Nyisztor,23,2022,Rutgers,Big Ten,52,195,169,39,49,13,4,0,25,5,2,10,27,0.29,0.356,0.414,0.771,70,1,8,7,1,0,,player.fcgi?id=nyiszt000mik
Tony Santa Maria,20,2022,Rutgers,Big Ten,59,277,228,59,69,16,4,10,69,7,0,27,43,0.303,0.402,0.54,0.942,123,3,15,1,6,0,,player.fcgi?id=santam000ton
Richie Schiekofer*,23,2022,Rutgers,Big Ten,49,217,179,42,59,10,1,4,44,2,3,25,26,0.33,0.421,0.464,0.884,83,1,6,3,4,0,,player.fcgi?id=schiek000ric
Jason Shockley,19,2022,Rutgers,Big Ten,16,31,23,8,5,1,0,0,3,0,0,7,4,0.217,0.4,0.261,0.661,6,1,0,1,0,0,,player.fcgi?id=shockl000jas
Evan Sleight*,21,2022,Rutgers,Big Ten,57,250,213,43,66,10,0,8,48,2,2,24,50,0.31,0.408,0.47,0.878,100,0,12,0,1,1,,player.fcgi?id=sleigh000eva
Jordan Sweeney,21,2022,Rutgers,Big Ten,43,162,144,31,39,5,1,12,35,0,0,13,44,0.271,0.344,0.569,0.913,82,3,3,2,0,0,,player.fcgi?id=sweene000jor
Andy Axelson,23,2023,Rutgers,Big Ten,40,147,114,17,38,1,0,5,27,0,0,9,16,0.333,0.425,0.474,0.898,54,2,12,8,4,0,,player.fcgi?id=axelso000and
Chris Brito,23,2023,Rutgers,Big Ten,56,264,207,53,63,14,0,14,55,5,0,39,32,0.304,0.433,0.575,1.008,119,9,11,3,4,3,,player.fcgi?id=brito-000chr
Trevor Cohen*,19,2023,Rutgers,Big Ten,56,261,218,41,65,7,1,1,34,10,1,26,22,0.298,0.383,0.353,0.736,77,6,7,5,5,0,,player.fcgi?id=cohen-000tre
Joshua Kuroda-Grauer,20,2023,Rutgers,Big Ten,56,269,228,56,68,15,5,6,31,13,2,27,24,0.298,0.393,0.487,0.88,111,7,10,2,2,0,,player.fcgi?id=kuroda000jos
Ryan Lasko,21,2023,Rutgers,Big Ten,56,279,227,60,75,18,3,11,54,18,2,37,34,0.33,0.428,0.582,1.01,132,6,7,1,7,4,,player.fcgi?id=lasko-000rya
Cameron Love,21,2023,Rutgers,Big Ten,52,231,201,25,56,10,0,2,33,4,2,20,28,0.279,0.344,0.358,0.702,72,3,1,7,2,0,,player.fcgi?id=love--001cam
Maximus Martin,19,2023,Rutgers,Big Ten,25,74,59,12,12,2,1,4,12,1,0,10,14,0.203,0.343,0.475,0.817,28,2,3,1,1,0,,player.fcgi?id=martin004max
Danny Melnick,22,2023,Rutgers,Big Ten,23,73,61,14,16,1,0,2,13,0,0,6,16,0.262,0.329,0.377,0.706,23,0,1,3,2,0,,player.fcgi?id=melnic000dan
Hugh Pinkney*,18,2023,Rutgers,Big Ten,51,213,176,26,47,11,1,0,21,0,1,26,43,0.267,0.375,0.341,0.716,60,4,5,5,1,0,,player.fcgi?id=pinkne000hug
Isaiah Pinkney,18,2023,Rutgers,Big Ten,3,2,1,0,0,0,0,0,1,0,0,1,1,0,0.5,0,0.5,0,0,0,0,0,0,,player.fcgi?id=pinkne000isa
Tony Santa Maria,21,2023,Rutgers,Big Ten,5,7,7,2,3,0,0,0,2,2,0,0,4,0.429,0.429,0.429,0.857,3,0,0,0,0,0,,player.fcgi?id=santam000ton
Pablo Santos,19,2023,Rutgers,Big Ten,6,8,6,2,0,0,0,0,1,1,0,0,0,0,0.125,0,0.125,0,0,1,0,1,0,,player.fcgi?id=santos000pab
Jason Shockley,20,2023,Rutgers,Big Ten,3,1,1,1,1,0,0,0,1,0,0,0,0,1,1,1,2,1,0,0,0,0,0,,player.fcgi?id=shockl000jas
Evan Sleight*,22,2023,Rutgers,Big Ten,56,257,203,51,64,14,1,12,44,2,2,34,34,0.315,0.435,0.571,1.007,116,4,13,2,5,0,,player.fcgi?id=sleigh000eva
Jordan Sweeney,22,2023,Rutgers,Big Ten,56,244,202,43,54,9,1,7,39,1,0,22,57,0.267,0.352,0.426,0.777,86,3,8,5,7,0,,player.fcgi?id=sweene000jor
Xavier Vargas*,24,2023,Rutgers,Big Ten,2,7,7,1,1,0,0,0,0,0,0,0,2,0.143,0.143,0.143,0.286,1,0,0,0,0,0,,player.fcgi?id=vargas000xav
Pete Ciuffreda*,23,2024,Rutgers,Big Ten,16,30,24,6,4,1,0,0,2,0,1,4,8,0.167,0.333,0.208,0.542,5,0,2,0,0,0,,player.fcgi?id=ciuffr000pet
Trevor Cohen*,20,2024,Rutgers,Big Ten,50,240,207,45,67,8,3,1,30,10,2,24,25,0.324,0.4,0.406,0.806,84,2,3,5,1,0,,player.fcgi?id=cohen-000tre
Ty Doucette*,20,2024,Rutgers,Big Ten,44,184,162,22,52,11,0,9,49,0,0,15,30,0.321,0.388,0.556,0.944,90,2,4,1,2,1,,player.fcgi?id=doucet000ty-
Pete Durocher,22,2024,Rutgers,Big Ten,51,211,179,30,57,7,3,3,29,7,4,19,17,0.318,0.387,0.441,0.829,79,3,3,7,3,1,,player.fcgi?id=duroch000pet
RJ Johnson*,20,2024,Rutgers,Big Ten,35,173,141,28,37,6,1,2,25,11,1,16,27,0.262,0.382,0.362,0.744,51,1,12,3,1,0,,player.fcgi?id=johnso000rj-
JD Jones,21,2024,Rutgers,Big Ten,12,28,24,5,6,2,0,1,4,0,0,3,4,0.25,0.333,0.458,0.792,11,0,0,1,0,0,,player.fcgi?id=jones-000jd-
Joshua Kuroda-Grauer,21,2024,Rutgers,Big Ten,53,258,222,54,95,19,1,5,45,24,3,23,18,0.428,0.492,0.59,1.082,131,3,8,2,3,1,,player.fcgi?id=kuroda000jos
Cameron Love,22,2024,Rutgers,Big Ten,53,231,199,39,62,12,3,3,27,6,5,21,33,0.312,0.388,0.447,0.835,89,3,5,4,2,1,,player.fcgi?id=love--001cam
Jack Natili,19,2024,Rutgers,Big Ten,47,183,139,32,32,2,1,5,18,2,0,12,32,0.23,0.386,0.367,0.753,51,5,24,7,1,0,,player.fcgi?id=natali000jac
Hugh Pinkney*,19,2024,Rutgers,Big Ten,24,76,61,10,14,4,0,0,7,1,0,6,15,0.23,0.36,0.295,0.655,18,2,7,1,1,0,,player.fcgi?id=pinkne000hug
Isaiah Pinkney,19,2024,Rutgers,Big Ten,1,1,1,0,0,0,0,0,0,0,0,0,0,0,0,0,0,0,0,0,0,0,0,,player.fcgi?id=pinkne000isa
Tony Santa Maria,22,2024,Rutgers,Big Ten,53,257,210,55,68,11,1,14,55,13,2,25,41,0.324,0.436,0.586,1.022,123,7,19,0,3,0,,player.fcgi?id=santam000ton
Pablo Santos,20,2024,Rutgers,Big Ten,14,42,36,3,8,1,1,0,8,0,0,3,6,0.222,0.293,0.306,0.598,11,0,1,1,1,0,,player.fcgi?id=santos000pab
Jordan Sweeney,23,2024,Rutgers,Big Ten,27,74,62,11,9,2,0,1,11,1,0,6,32,0.145,0.243,0.226,0.469,14,1,2,4,0,0,,player.fcgi?id=sweene000jor
John Volpe,23,2024,Rutgers,Big Ten,49,210,167,37,52,7,0,5,35,10,2,22,26,0.311,0.426,0.443,0.869,74,4,12,8,1,0,,player.fcgi?id=volpe-000joh
Scotty Young*,22,2024,Rutgers,Big Ten,21,35,26,8,8,2,0,0,4,1,1,9,4,0.308,0.486,0.385,0.87,10,1,0,0,0,1,,player.fcgi?id=young-003sco
Jan Avila,21,2025,Rutgers,Big Ten,3,3,3,0,0,0,0,0,0,0,0,0,1,0,0,0,0,0,0,0,0,0,0,,player.fcgi?id=avila-000jan
Charles Batista,19,2025,Rutgers,Big Ten,10,2,2,0,0,0,0,0,0,0,0,0,0,0,0,0,0,0,0,0,0,0,0,,player.fcgi?id=batist000cha
Peyton Bonds,19,2025,Rutgers,Big Ten,57,258,223,49,67,10,2,5,40,16,2,21,45,0.3,0.384,0.431,0.814,96,1,11,0,3,0,,player.fcgi?id=bonds-000pey
Yomar Carreras#,18,2025,Rutgers,Big Ten,45,191,165,25,42,6,0,5,23,2,0,17,31,0.255,0.326,0.382,0.708,63,5,2,4,3,0,,player.fcgi?id=carrer000yom
Matt Chatelle,21,2025,Rutgers,Big Ten,46,149,123,23,33,6,1,3,21,1,0,18,28,0.268,0.367,0.407,0.774,50,5,3,2,3,0,,player.fcgi?id=chatel000mat
Trevor Cohen*,21,2025,Rutgers,Big Ten,57,273,235,45,91,24,1,2,36,19,3,30,15,0.387,0.46,0.523,0.983,123,3,4,1,3,2,,player.fcgi?id=cohen-000tre
Ty Doucette*,21,2025,Rutgers,Big Ten,57,276,237,57,83,10,0,13,54,2,0,33,37,0.35,0.431,0.557,0.988,132,2,3,0,3,1,,player.fcgi?id=doucet000ty-
Mark Gialluisi,21,2025,Rutgers,Big Ten,2,3,3,0,1,0,0,0,0,0,0,0,1,0.333,0.333,0.333,0.667,1,0,0,0,0,0,,player.fcgi?id=giallu000mak
Connor Grotyohann,22,2025,Rutgers,Big Ten,5,1,1,0,0,0,0,0,0,0,0,0,1,0,0,0,0,0,0,0,0,0,0,,player.fcgi?id=grotyo000con
Brennan Hyde,23,2025,Rutgers,Big Ten,50,204,172,32,45,8,0,6,26,2,1,19,26,0.262,0.358,0.413,0.771,71,3,8,3,2,0,,player.fcgi?id=hyde--000bre
RJ Johnson*,21,2025,Rutgers,Big Ten,53,194,157,29,36,5,1,1,20,4,3,26,39,0.229,0.359,0.293,0.652,46,2,7,2,2,0,,player.fcgi?id=johnso000rj-
JD Jones,22,2025,Rutgers,Big Ten,29,75,57,7,14,3,0,0,11,0,1,6,16,0.246,0.328,0.298,0.627,17,1,2,8,2,0,,player.fcgi?id=jones-000jd-
Pablo Santos,21,2025,Rutgers,Big Ten,57,239,209,39,55,13,2,3,33,2,1,16,19,0.263,0.335,0.388,0.722,81,8,8,3,3,0,,player.fcgi?id=santos000pab
Jack Sweeney,--,2025,Rutgers,Big Ten,34,108,88,16,21,4,0,2,19,2,0,10,29,0.239,0.361,0.352,0.713,31,2,8,0,2,0,,player.fcgi?id=sweene002jac
JT Thompson*,20,2025,Rutgers,Big Ten,55,226,181,36,47,11,0,1,28,6,3,22,21,0.26,0.373,0.337,0.71,61,3,13,6,4,0,,player.fcgi?id=thomps001jt-
Nick Tomasetto,20,2025,Rutgers,Big Ten,32,95,87,11,19,3,0,2,18,1,0,3,21,0.218,0.269,0.322,0.591,28,3,3,2,0,0,,player.fcgi?id=tomase001nic
Peyton Bonds,20,2026,Rutgers,Big Ten,36,166,142,31,50,8,0,6,29,13,2,16,21,0.352,0.436,0.535,0.972,76,0,6,1,1,4,,player.fcgi?id=bonds-000pey
Yomar Carreras#,19,2026,Rutgers,Big Ten,54,235,218,31,61,10,1,4,41,1,0,13,39,0.28,0.316,0.39,0.706,85,2,0,1,3,0,,player.fcgi?id=carrer000yom
Matt Chatelle,22,2026,Rutgers,Big Ten,45,189,159,30,48,4,0,2,30,0,1,23,45,0.302,0.395,0.365,0.759,58,4,2,4,1,0,,player.fcgi?id=chatel000mat
Joey Erace,--,2026,Rutgers,Big Ten,31,76,68,9,13,2,0,1,7,0,0,6,14,0.191,0.267,0.265,0.531,18,0,1,1,0,0,,player.fcgi?id=erace-000joe
Ryan Jaros,21,2026,Rutgers,Big Ten,56,225,195,34,57,10,1,9,35,5,1,14,48,0.292,0.356,0.492,0.849,96,6,7,6,3,0,,player.fcgi?id=jaros-000rya
Tommy Kendrick#,21,2026,Rutgers,Big Ten,8,5,5,1,0,0,0,0,0,0,0,0,3,0,0,0,0,0,0,0,0,0,0,,player.fcgi?id=kendri000tho
Chase Krewson*,21,2026,Rutgers,Big Ten,55,235,197,35,52,6,2,9,30,7,2,26,39,0.264,0.368,0.452,0.82,89,4,7,4,1,0,,player.fcgi?id=krewso000cha
Charlie Meglio,21,2026,Rutgers,Big Ten,56,243,201,40,50,9,2,10,37,4,0,31,46,0.249,0.362,0.463,0.825,93,5,7,0,4,1,,player.fcgi?id=meglio000cha
Kevin Novobilsky*,23,2026,Rutgers,Big Ten,5,3,2,0,1,0,0,0,0,0,0,0,1,0.5,0.667,0.5,1.167,1,0,1,0,0,0,,player.fcgi?id=novobi000kev
Quinten Perilli,22,2026,Rutgers,Big Ten,26,89,69,11,14,5,0,1,12,0,0,14,20,0.203,0.382,0.319,0.701,22,1,6,0,0,0,,player.fcgi?id=perill000qui
Gabriel Rivera,--,2026,Rutgers,Big Ten,31,108,87,22,27,6,0,2,10,0,0,9,19,0.31,0.419,0.448,0.867,39,3,8,3,1,0,,player.fcgi?id=rivera009gab
Julius Rosado,--,2026,Rutgers,Big Ten,27,57,43,10,7,1,1,0,12,0,0,10,18,0.163,0.304,0.233,0.536,10,2,0,1,3,0,,player.fcgi?id=rosado000jul
Tristan Salinas*,21,2026,Rutgers,Big Ten,40,151,133,21,37,9,0,5,17,3,1,14,36,0.278,0.364,0.459,0.823,61,0,4,0,0,0,,player.fcgi?id=salina000tri
Jack Sweeney,--,2026,Rutgers,Big Ten,30,112,99,16,25,2,1,7,15,2,3,4,19,0.253,0.327,0.505,0.832,50,3,7,2,0,0,,player.fcgi?id=sweene002jac
Trey Wells,23,2026,Rutgers,Big Ten,52,234,209,41,62,10,3,6,35,8,1,17,45,0.297,0.356,0.459,0.816,96,6,4,1,3,0,,player.fcgi?id=wells-003tre
Tyler Wiltsey,--,2026,Rutgers,Big Ten,39,68,62,12,13,5,0,0,4,4,0,3,21,0.21,0.258,0.29,0.548,18,0,1,2,0,0,,player.fcgi?id=wiltse000tyl
Anson Aroz#,22,2025,Oregon,Big Ten,57,257,199,54,56,9,0,17,53,6,3,36,45,0.281,0.417,0.583,1,116,5,13,5,4,0,,player.fcgi?id=aroz--000ans
Jack Brooks*,21,2025,Oregon,Big Ten,25,44,33,11,6,2,0,0,7,3,1,8,8,0.182,0.341,0.242,0.583,8,1,1,0,2,0,,player.fcgi?id=brooks003jac
Ryan Cooney,20,2025,Oregon,Big Ten,57,234,182,45,61,12,0,6,49,15,3,33,21,0.335,0.445,0.5,0.945,91,7,8,5,6,0,,player.fcgi?id=cooney000rya
Carter Garate*,21,2025,Oregon,Big Ten,58,227,180,48,49,12,1,4,36,6,1,23,34,0.272,0.403,0.417,0.819,75,0,17,6,1,0,,player.fcgi?id=garate000car
Jax Gimenez#,19,2025,Oregon,Big Ten,28,15,13,11,3,1,0,0,3,3,1,2,2,0.231,0.333,0.308,0.641,4,0,0,0,0,0,,player.fcgi?id=gimene000jax
Jeffery Heard*,22,2025,Oregon,Big Ten,40,110,90,18,26,4,0,5,17,4,0,11,23,0.289,0.409,0.5,0.909,45,2,8,0,1,0,,player.fcgi?id=heard-000jef
Dominic Hellman,21,2025,Oregon,Big Ten,48,223,187,42,61,6,0,13,44,1,0,24,42,0.326,0.426,0.567,0.993,106,1,10,0,2,0,,player.fcgi?id=hellma000dom
Tyler Jones,19,2025,Oregon,Big Ten,4,2,1,0,0,0,0,0,1,0,0,0,0,0,0,0,0,0,0,0,0,1,0,,player.fcgi?id=jones-029tyl
Zach Justice,20,2025,Oregon,Big Ten,2,4,2,2,0,0,0,0,0,0,0,1,2,0,0.5,0,0.5,0,0,1,0,0,0,,player.fcgi?id=justic000zac
Burke-Lee Mabeus#,20,2025,Oregon,Big Ten,41,134,109,27,28,5,1,2,23,6,2,20,31,0.257,0.379,0.376,0.755,41,2,2,2,1,0,,player.fcgi?id=mabeus000bur
Chase Meggers*,22,2025,Oregon,Big Ten,32,107,98,12,24,4,0,1,11,0,0,5,18,0.245,0.29,0.316,0.606,31,1,2,0,2,1,,player.fcgi?id=megger000cha
Maddox Molony,20,2025,Oregon,Big Ten,56,246,207,41,64,8,0,15,45,10,0,25,34,0.309,0.403,0.565,0.969,117,1,9,3,2,0,,player.fcgi?id=molony000mad
Mason Neville*,21,2025,Oregon,Big Ten,57,280,217,67,63,16,0,26,57,9,5,53,66,0.29,0.429,0.724,1.152,157,2,4,0,6,3,,player.fcgi?id=nevill000mas
Coen Niclai,19,2025,Oregon,Big Ten,23,37,33,3,8,4,0,1,4,0,0,2,14,0.242,0.324,0.455,0.779,15,0,2,0,0,0,,player.fcgi?id=niclai000coe
Drew Smith,22,2025,Oregon,Big Ten,37,144,115,23,36,3,1,5,25,6,4,23,25,0.313,0.423,0.487,0.91,56,0,1,2,3,0,,player.fcgi?id=smith-006dre
Parker Stinson*,23,2025,Oregon,Big Ten,16,29,20,7,4,0,0,1,3,0,0,6,11,0.2,0.37,0.35,0.72,7,1,0,2,1,0,,player.fcgi?id=stinso000par
Jacob Walsh*,22,2025,Oregon,Big Ten,58,276,232,54,77,17,0,19,60,8,0,36,50,0.332,0.435,0.651,1.086,151,2,7,0,1,1,,player.fcgi?id=walsh-003jac
Jack Brooks*,22,2026,Oregon,Big Ten,58,218,174,33,41,7,1,6,27,16,3,31,56,0.236,0.37,0.391,0.761,68,1,6,7,0,0,,player.fcgi?id=brooks003jac
Elijah Cook,22,2026,Oregon,Big Ten,47,29,25,9,4,0,0,0,2,4,4,1,16,0.16,0.276,0.16,0.436,4,0,3,0,0,0,,player.fcgi?id=cook--001eli
Ryan Cooney,21,2026,Oregon,Big Ten,60,295,248,52,82,22,1,8,43,13,3,32,35,0.331,0.42,0.524,0.944,130,0,9,2,4,5,,player.fcgi?id=cooney000rya
Jax Gimenez#,20,2026,Oregon,Big Ten,53,221,159,43,45,10,3,3,24,8,1,34,32,0.283,0.473,0.44,0.913,70,1,24,3,1,1,,player.fcgi?id=gimene000jax
Dominic Hellman,22,2026,Oregon,Big Ten,40,154,133,21,34,7,0,8,28,0,1,18,42,0.256,0.357,0.489,0.846,65,4,3,0,0,1,,player.fcgi?id=hellma000dom
Tyler Holley,21,2026,Oregon,Big Ten,9,8,8,1,1,1,0,0,2,0,0,0,3,0.125,0.125,0.25,0.375,2,0,0,0,0,0,,player.fcgi?id=holley000tyl
Brayden Jaksa,19,2026,Oregon,Big Ten,49,200,175,34,56,6,1,10,37,7,3,18,45,0.32,0.4,0.537,0.937,94,2,6,0,1,0,,player.fcgi?id=jaksa-000bra
Tyler Jones,20,2026,Oregon,Big Ten,3,7,7,1,1,0,0,0,0,0,0,0,2,0.143,0.143,0.143,0.286,1,0,0,0,0,0,,player.fcgi?id=jones-029tyl
Naulivou Lauaki,20,2026,Oregon,Big Ten,41,146,134,24,43,7,0,14,37,0,2,7,59,0.321,0.37,0.687,1.057,92,3,4,0,1,1,,player.fcgi?id=lauaki000nau
Angel Laya*,19,2026,Oregon,Big Ten,59,260,223,49,66,10,1,14,47,5,2,27,34,0.296,0.396,0.538,0.934,120,4,10,0,0,1,,player.fcgi?id=laya--000ang
Burke-Lee Mabeus#,21,2026,Oregon,Big Ten,55,205,175,36,50,13,1,8,31,2,2,23,35,0.286,0.381,0.509,0.89,89,6,4,3,0,2,,player.fcgi?id=mabeus000bur
Malosi Mata'Afa-Alferos*,20,2026,Oregon,Big Ten,8,5,5,0,1,0,0,0,0,0,0,0,2,0.2,0.2,0.2,0.4,1,0,0,0,0,0,,player.fcgi?id=mataaf000mal
Gabe Miranda*,22,2026,Oregon,Big Ten,53,161,128,26,31,4,0,5,18,1,0,18,51,0.242,0.373,0.391,0.764,50,1,10,3,2,0,,player.fcgi?id=mirand000gab
Maddox Molony,21,2026,Oregon,Big Ten,61,266,219,44,51,12,0,12,39,3,1,28,40,0.233,0.343,0.452,0.796,99,5,12,1,6,1,,player.fcgi?id=molony000mad
Owen Morgan*,19,2026,Oregon,Big Ten,21,19,15,3,1,0,0,0,0,1,0,4,7,0.067,0.263,0.067,0.33,1,0,0,0,0,0,,player.fcgi?id=morgan000owe
Josh Schleichardt,24,2026,Oregon,Big Ten,22,38,32,5,7,0,0,1,8,0,0,2,10,0.219,0.324,0.313,0.637,10,3,3,1,0,0,,player.fcgi?id=schlei000jos
Drew Smith,23,2026,Oregon,Big Ten,61,272,225,48,77,9,3,16,64,5,3,30,68,0.342,0.425,0.622,1.047,140,3,6,6,5,3,,player.fcgi?id=smith-006dre
Blake Balsz*,20,2025,UCLA,Big Ten,45,179,134,25,32,4,0,1,25,1,0,32,37,0.239,0.415,0.291,0.706,39,6,9,3,1,1,,player.fcgi?id=balsz-000bla
Payton Brennan*,22,2025,UCLA,Big Ten,50,225,195,41,59,10,4,6,41,11,3,16,44,0.303,0.381,0.487,0.868,95,4,10,2,2,0,,player.fcgi?id=brenna000pay
Toussaint Bythewood,21,2025,UCLA,Big Ten,22,23,18,5,5,1,0,0,5,0,0,3,4,0.278,0.391,0.333,0.725,6,0,1,0,1,0,,player.fcgi?id=bythew000tou
Phoenix Call,20,2025,UCLA,Big Ten,61,241,199,41,51,8,0,3,31,2,4,14,38,0.256,0.349,0.342,0.691,68,4,16,9,3,0,,player.fcgi?id=call--000pho
Roch Cholowsky,20,2025,UCLA,Big Ten,66,324,252,80,89,19,1,23,74,7,1,45,30,0.353,0.48,0.71,1.19,179,5,21,1,5,10,,player.fcgi?id=cholow000roc
Logan de Groot,19,2025,UCLA,Big Ten,10,19,15,4,4,0,0,0,2,1,1,1,7,0.267,0.353,0.267,0.62,4,0,1,2,0,0,,player.fcgi?id=degroo000log
Cashel Dugger*,19,2025,UCLA,Big Ten,58,224,172,35,48,5,0,3,25,0,1,30,27,0.279,0.421,0.361,0.781,62,1,12,10,0,0,,player.fcgi?id=dugger000cas
Aidan Espinoza*,20,2025,UCLA,Big Ten,13,25,21,3,6,1,0,0,7,0,0,3,5,0.286,0.4,0.333,0.733,7,2,1,0,0,0,,player.fcgi?id=espino000aid
Grant Gray,21,2025,UCLA,Big Ten,20,36,29,5,6,0,0,1,3,1,0,3,14,0.207,0.314,0.31,0.625,9,1,2,1,1,0,,player.fcgi?id=gray--000gra
Jarrod Hocking,21,2025,UCLA,Big Ten,39,154,131,22,27,3,0,4,22,2,1,14,30,0.206,0.282,0.321,0.603,42,4,1,5,3,0,,player.fcgi?id=hockin000jar
Kasen Khansarinia,20,2025,UCLA,Big Ten,7,13,9,1,0,0,0,0,1,0,0,4,1,0,0.308,0,0.308,0,0,0,0,0,0,,player.fcgi?id=khansa000kas
Cameron Kim,20,2025,UCLA,Big Ten,17,55,49,6,14,1,0,0,10,0,0,5,12,0.286,0.346,0.306,0.652,15,0,0,0,1,0,,player.fcgi?id=kim---000cam
Mulivai Levu*,20,2025,UCLA,Big Ten,66,314,272,61,87,15,2,12,85,4,2,24,48,0.32,0.389,0.522,0.911,142,6,11,0,7,1,,player.fcgi?id=levu--000mul
Roman Martin,20,2025,UCLA,Big Ten,65,300,237,60,75,15,1,9,61,6,1,39,53,0.317,0.45,0.502,0.952,119,8,21,0,3,0,,player.fcgi?id=martin008rom
Wylan Moss,19,2025,UCLA,Big Ten,19,1,1,0,1,0,0,0,0,0,0,0,0,1,1,1,2,1,0,0,0,0,0,,player.fcgi?id=moss--000wyl
David Mysza*,19,2025,UCLA,Big Ten,2,2,2,1,0,0,0,0,0,0,0,0,0,0,0,0,0,0,0,0,0,0,0,,player.fcgi?id=mysza-000dav
AJ Salgado*,23,2025,UCLA,Big Ten,64,282,234,58,73,19,4,12,56,14,1,36,55,0.312,0.418,0.581,1,136,7,9,0,3,2,,player.fcgi?id=salgad000aj-
Dean West*,20,2025,UCLA,Big Ten,66,323,247,76,79,12,1,4,41,13,4,49,29,0.32,0.47,0.425,0.895,105,0,22,4,1,0,,player.fcgi?id=west--000dea
Aiden Aguayo,19,2026,UCLA,Big Ten,38,129,107,22,26,4,1,2,20,1,0,14,23,0.243,0.339,0.355,0.694,38,2,3,2,3,0,,player.fcgi?id=aguayo000aid
Payton Brennan*,23,2026,UCLA,Big Ten,58,264,217,48,63,11,3,9,51,6,2,26,56,0.29,0.392,0.493,0.885,107,3,14,1,6,0,,player.fcgi?id=brenna000pay
Dominic Cadiz,19,2026,UCLA,Big Ten,39,107,90,16,23,5,0,2,15,0,0,12,15,0.256,0.365,0.378,0.742,34,3,4,0,1,0,,player.fcgi?id=cadiz-000dom
Phoenix Call,21,2026,UCLA,Big Ten,40,148,106,24,23,6,1,1,13,3,0,18,32,0.217,0.387,0.321,0.708,34,4,12,11,1,0,,player.fcgi?id=call--000pho
Roch Cholowsky,21,2026,UCLA,Big Ten,60,299,231,73,74,10,0,21,60,1,0,36,36,0.32,0.452,0.636,1.088,147,6,25,0,7,3,,player.fcgi?id=cholow000roc
Cashel Dugger*,20,2026,UCLA,Big Ten,54,233,191,34,48,10,0,5,39,0,0,32,40,0.251,0.378,0.382,0.76,73,6,8,0,2,0,,player.fcgi?id=dugger000cas
Aidan Espinoza*,21,2026,UCLA,Big Ten,28,47,38,7,13,2,1,0,10,1,0,5,7,0.342,0.447,0.447,0.894,17,0,3,0,1,1,,player.fcgi?id=espino000aid
Will Gasparino,21,2026,UCLA,Big Ten,58,262,220,53,69,12,2,20,64,3,2,30,55,0.314,0.412,0.659,1.071,145,3,9,0,3,4,,player.fcgi?id=gaspar002wil
Trey Gudoy*,19,2026,UCLA,Big Ten,30,84,66,14,18,4,0,0,7,0,0,14,15,0.273,0.422,0.333,0.755,22,2,3,1,0,0,,player.fcgi?id=gudoy-000tre
Jarrod Hocking,22,2026,UCLA,Big Ten,21,50,42,9,9,2,0,0,3,2,0,4,12,0.214,0.298,0.262,0.56,11,1,1,3,0,0,,player.fcgi?id=hockin000jar
Kasen Khansarinia,21,2026,UCLA,Big Ten,10,36,27,5,7,0,0,0,5,0,0,4,7,0.259,0.382,0.259,0.642,7,0,2,2,1,0,,player.fcgi?id=khansa000kas
Mulivai Levu*,21,2026,UCLA,Big Ten,59,288,241,61,82,12,1,18,63,3,1,30,32,0.34,0.441,0.622,1.063,150,4,15,0,2,2,,player.fcgi?id=levu--000mul
Roman Martin,21,2026,UCLA,Big Ten,60,289,237,51,79,18,3,9,53,0,1,42,56,0.333,0.446,0.549,0.995,130,5,8,0,2,0,,player.fcgi?id=martin008rom
David Mysza*,20,2026,UCLA,Big Ten,5,3,3,1,0,0,0,0,0,0,0,0,2,0,0,0,0,0,0,0,0,0,0,,player.fcgi?id=mysza-000dav
Dean West*,21,2026,UCLA,Big Ten,58,301,235,58,65,10,1,7,41,11,1,37,33,0.277,0.418,0.417,0.835,98,1,22,4,3,0,,player.fcgi?id=west--000dea
Jack Basseer,21,2025,USC,Big Ten,44,168,150,29,43,11,1,7,27,4,2,10,35,0.287,0.351,0.513,0.865,77,3,6,0,2,0,,player.fcgi?id=basser000jac
Dean Carpentier,20,2025,USC,Big Ten,42,141,117,18,27,6,1,2,18,2,0,16,30,0.231,0.348,0.35,0.698,41,1,6,0,2,0,,player.fcgi?id=carpen000dea
Abbrie Covarrubias,21,2025,USC,Big Ten,58,246,212,39,64,11,2,3,32,15,4,25,43,0.302,0.386,0.415,0.801,88,3,6,0,3,1,,player.fcgi?id=covarr000abb
Brayden Dowd*,20,2025,USC,Big Ten,58,279,225,52,73,15,0,10,36,3,3,46,43,0.324,0.446,0.524,0.97,118,1,4,3,1,0,,player.fcgi?id=dowd--001bra
Johnny Elliott,19,2025,USC,Big Ten,33,86,70,9,19,1,0,1,8,0,0,11,16,0.271,0.388,0.329,0.717,23,2,3,1,1,0,,player.fcgi?id=elliot004joh
Ethan Hedges,21,2025,USC,Big Ten,60,288,231,57,80,11,5,14,58,10,0,44,50,0.346,0.462,0.619,1.081,143,5,8,2,3,4,,player.fcgi?id=hedges000eth
Wes Hickey,20,2025,USC,Big Ten,5,2,2,0,0,0,0,0,0,0,0,0,2,0,0,0,0,0,0,0,0,0,0,,player.fcgi?id=hickey000wes
Kade Higgins*,23,2025,USC,Big Ten,41,139,119,18,31,5,1,3,11,3,0,9,40,0.261,0.331,0.395,0.726,47,1,5,3,3,1,,player.fcgi?id=higgin000kad
Andrew Lamb*,20,2025,USC,Big Ten,34,126,110,28,33,10,2,5,17,0,1,12,29,0.3,0.371,0.564,0.935,62,5,1,2,1,0,,player.fcgi?id=lamb--000and
Adrian Lopez,20,2025,USC,Big Ten,58,251,222,32,73,21,2,8,52,4,0,21,44,0.329,0.4,0.55,0.95,122,6,6,1,1,1,,player.fcgi?id=lopez-006adr
Augie Lopez*,20,2025,USC,Big Ten,42,115,102,10,29,7,0,3,14,0,1,11,37,0.284,0.365,0.441,0.806,45,2,2,0,0,0,,player.fcgi?id=lopez-000aug
Bryce Martin-Grudzielanek,22,2025,USC,Big Ten,60,273,238,44,70,7,1,8,41,9,1,23,61,0.294,0.364,0.433,0.797,103,7,5,4,3,0,,player.fcgi?id=martin006bry
Maximo Martinez,19,2025,USC,Big Ten,29,92,80,16,20,3,0,1,10,2,0,10,24,0.25,0.348,0.325,0.673,26,1,2,0,0,0,,player.fcgi?id=martin009max
Dylan Osborne*,20,2025,USC,Big Ten,22,6,6,0,0,0,0,0,0,0,0,0,4,0,0,0,0,0,0,0,0,0,0,,player.fcgi?id=osborn001dyl
Anthony Perritano,19,2025,USC,Big Ten,2,2,1,0,0,0,0,0,1,0,0,0,1,0,0,0,0,0,0,0,0,1,0,,player.fcgi?id=perrit000ant
Maddox Riske,19,2025,USC,Big Ten,21,17,14,1,2,2,0,0,3,1,0,2,4,0.143,0.25,0.286,0.536,4,1,0,1,0,0,,player.fcgi?id=riske-000mad
Zach Schwartzberg,22,2025,USC,Big Ten,7,3,3,3,0,0,0,0,0,0,0,0,1,0,0,0,0,0,0,0,0,0,0,,player.fcgi?id=schwar001zac
Kaden Stone,--,2025,USC,Big Ten,1,1,1,0,0,0,0,0,0,0,0,0,0,0,0,0,0,0,0,0,0,0,0,,player.fcgi?id=stone-000kad
Kevin Takeuchi,20,2025,USC,Big Ten,29,126,112,16,27,8,1,1,19,2,1,9,25,0.241,0.31,0.357,0.667,40,0,3,0,2,0,,player.fcgi?id=takeuc000kev
Richard Tejeda,20,2025,USC,Big Ten,39,94,82,13,22,1,0,1,12,1,0,2,14,0.268,0.341,0.317,0.658,26,1,7,3,0,0,,player.fcgi?id=tejeda000ric
Jack Basseer,22,2026,USC,Big Ten,54,215,179,44,58,15,2,10,42,1,1,22,39,0.324,0.43,0.598,1.028,107,1,12,1,1,1,,player.fcgi?id=basser000jac
Isaac Cadena*,21,2026,USC,Big Ten,64,277,221,51,64,16,3,8,36,5,2,40,60,0.29,0.42,0.498,0.918,110,2,12,1,3,1,,player.fcgi?id=cadena000isa
Dean Carpentier,21,2026,USC,Big Ten,45,174,136,26,34,8,1,4,29,4,2,17,34,0.25,0.377,0.412,0.789,56,1,12,7,2,1,,player.fcgi?id=carpen000dea
Abbrie Covarrubias,22,2026,USC,Big Ten,57,256,215,40,57,10,2,3,30,18,6,28,40,0.265,0.368,0.372,0.74,80,2,8,3,2,2,,player.fcgi?id=covarr000abb
Logan Honma*,--,2026,USC,Big Ten,10,11,9,1,2,0,0,0,0,0,0,2,3,0.222,0.364,0.222,0.586,2,0,0,0,0,0,,player.fcgi?id=honma-000log
Isaiah Ibarra,19,2026,USC,Big Ten,10,19,15,2,3,1,0,0,1,0,0,4,6,0.2,0.368,0.267,0.635,4,0,0,0,0,0,,player.fcgi?id=ibarra000isa
Andrew Lamb*,21,2026,USC,Big Ten,58,216,177,39,51,10,2,14,45,2,0,22,40,0.288,0.385,0.605,0.99,107,0,9,3,5,0,,player.fcgi?id=lamb--000and
Adrian Lopez,21,2026,USC,Big Ten,65,297,253,68,77,15,2,13,47,7,2,31,43,0.304,0.382,0.534,0.915,135,7,5,1,7,3,,player.fcgi?id=lopez-006adr
Augie Lopez*,21,2026,USC,Big Ten,61,262,227,50,63,14,0,19,57,2,0,25,59,0.278,0.364,0.59,0.954,134,3,7,1,2,0,,player.fcgi?id=lopez-000aug
Maximo Martinez,20,2026,USC,Big Ten,46,191,159,33,40,10,0,3,22,1,3,23,40,0.252,0.362,0.371,0.733,59,0,5,3,1,0,,player.fcgi?id=martin009max
Maddox Riske,20,2026,USC,Big Ten,52,169,145,15,30,4,0,1,18,3,1,13,21,0.207,0.28,0.255,0.535,37,2,2,8,1,0,,player.fcgi?id=riske-000mad
Brock Slaton*,23,2026,USC,Big Ten,9,19,17,1,2,1,0,1,4,0,0,2,8,0.118,0.211,0.353,0.563,6,1,0,0,0,0,,player.fcgi?id=slaton000bro
Will Stickney,21,2026,USC,Big Ten,19,42,30,3,5,1,0,1,5,0,1,6,8,0.167,0.29,0.3,0.59,9,1,0,4,2,0,,player.fcgi?id=stickn002wil
Kevin Takeuchi,21,2026,USC,Big Ten,66,301,245,66,77,19,3,10,61,14,1,44,45,0.314,0.417,0.539,0.956,132,4,4,1,7,1,,player.fcgi?id=takeuc000kev
Richard Tejeda,21,2026,USC,Big Ten,35,80,66,7,16,3,0,2,12,0,0,6,17,0.242,0.359,0.379,0.738,25,1,6,2,0,0,,player.fcgi?id=tejeda000ric
Walter Urbon,19,2026,USC,Big Ten,39,84,74,13,27,6,0,3,17,1,0,3,23,0.365,0.392,0.568,0.96,42,0,1,5,1,0,,player.fcgi?id=urbon-000wal
Diego Velazquez*,18,2026,USC,Big Ten,26,23,18,2,3,1,0,0,1,0,0,5,6,0.167,0.348,0.222,0.57,4,1,0,0,0,0,,player.fcgi?id=velazq000die
Hayden Woodson,--,2026,USC,Big Ten,8,4,4,3,0,0,0,0,0,2,0,0,0,0,0,0,0,0,0,0,0,0,0,,player.fcgi?id=woodso000hay
Colin Blanchard*,22,2025,Washington,Big Ten,23,70,56,13,11,2,0,2,15,1,0,11,13,0.196,0.348,0.339,0.687,19,2,2,1,0,0,,player.fcgi?id=blanch000col
Colton Bower,21,2025,Washington,Big Ten,50,207,159,31,34,7,0,6,23,6,3,19,57,0.214,0.376,0.371,0.747,59,2,24,2,3,1,,player.fcgi?id=bower-000col
Reeve Boyd,21,2025,Washington,Big Ten,3,4,4,0,1,1,0,0,2,0,0,0,3,0.25,0.25,0.5,0.75,2,0,0,0,0,0,,player.fcgi?id=boyd--000ree
Carson Crawford,22,2025,Washington,Big Ten,13,29,23,4,2,0,0,1,4,3,0,5,14,0.087,0.276,0.217,0.493,5,0,1,0,0,0,,player.fcgi?id=crawfo003car
Sam DeCarlo,21,2025,Washington,Big Ten,57,253,214,42,61,5,1,8,24,10,2,33,57,0.285,0.395,0.43,0.825,92,5,6,0,0,0,,player.fcgi?id=decarl000sam
A.J. Guerrero,22,2025,Washington,Big Ten,53,254,218,42,70,16,0,10,39,5,4,31,36,0.321,0.413,0.532,0.946,116,4,4,0,1,0,,player.fcgi?id=guerre000aj-
Matthew Henning,19,2025,Washington,Big Ten,18,40,31,6,8,1,0,0,3,0,1,8,12,0.258,0.4,0.29,0.69,9,0,0,0,1,0,,player.fcgi?id=hennin001mat
Jackson Hotchkiss,19,2025,Washington,Big Ten,51,199,162,33,39,11,0,6,26,9,4,31,47,0.241,0.372,0.42,0.792,68,2,4,0,2,0,,player.fcgi?id=hotchk000jac
Malakhi Knight,22,2025,Washington,Big Ten,50,206,171,37,43,6,0,5,31,24,2,23,34,0.252,0.356,0.374,0.73,64,1,7,1,4,0,,player.fcgi?id=knight000mal
Trevor Kole,23,2025,Washington,Big Ten,55,219,201,23,49,10,2,2,34,5,1,15,60,0.244,0.301,0.343,0.645,69,9,2,0,1,0,,player.fcgi?id=kole--000tre
Easton O'Neal#,19,2025,Washington,Big Ten,7,8,8,4,2,1,0,0,2,0,0,0,2,0.25,0.25,0.375,0.625,3,0,0,0,0,0,,player.fcgi?id=oneal-000eas
Julian Sanders,23,2025,Washington,Big Ten,24,70,60,12,15,3,0,2,13,0,0,3,7,0.25,0.333,0.4,0.733,24,2,5,1,1,0,,player.fcgi?id=sander000jul
Casen Taggart*,22,2025,Washington,Big Ten,50,226,172,38,56,11,0,6,32,10,4,46,37,0.326,0.469,0.494,0.963,85,3,4,0,4,2,,player.fcgi?id=taggar000cas
Braeden Terry*,22,2025,Washington,Big Ten,47,186,151,26,44,11,0,4,33,3,2,22,29,0.291,0.395,0.444,0.838,67,2,7,1,5,0,,player.fcgi?id=terry-002bra
Cooper Whitton,21,2025,Washington,Big Ten,42,77,67,9,12,2,0,3,10,6,2,7,31,0.179,0.286,0.343,0.629,23,1,3,0,0,0,,player.fcgi?id=whitto000coo
Blake Wilson,20,2025,Washington,Big Ten,53,201,176,32,38,9,1,5,24,9,4,16,54,0.216,0.3,0.364,0.664,64,4,6,1,2,0,,player.fcgi?id=wilson007bla
Colton Bower,22,2026,Washington,Big Ten,39,170,148,30,46,10,3,12,36,3,0,13,50,0.311,0.381,0.662,1.043,98,2,5,2,2,0,,player.fcgi?id=bower-000col
Ty Cowan*,--,2026,Washington,Big Ten,57,236,190,25,43,11,0,1,19,3,3,31,27,0.226,0.361,0.3,0.661,57,6,10,3,2,0,,player.fcgi?id=cowan-000tyl
Sam DeCarlo,22,2026,Washington,Big Ten,56,248,210,37,61,13,2,7,37,10,3,32,52,0.291,0.387,0.471,0.859,99,6,3,0,3,1,,player.fcgi?id=decarl000sam
Aidan Dougherty,22,2026,Washington,Big Ten,31,76,62,6,12,2,0,0,4,7,3,8,15,0.194,0.316,0.226,0.542,14,3,4,0,2,0,,player.fcgi?id=doughe000aid
Ian Draper,--,2026,Washington,Big Ten,19,40,37,3,8,2,0,0,7,2,0,3,13,0.216,0.275,0.27,0.545,10,1,0,0,0,0,,player.fcgi?id=draper000ian
Jackson Hotchkiss,20,2026,Washington,Big Ten,46,219,187,47,63,9,1,20,47,7,3,24,57,0.337,0.416,0.717,1.132,134,1,4,0,4,2,,player.fcgi?id=hotchk000jac
Drew Johnson*,21,2026,Washington,Big Ten,4,6,6,0,1,0,0,0,0,0,0,0,3,0.167,0.167,0.167,0.333,1,0,0,0,0,0,,player.fcgi?id=johnso011dre
Mic Paul*,22,2026,Washington,Big Ten,55,233,184,29,45,8,3,3,26,11,3,43,60,0.245,0.401,0.37,0.771,68,2,5,1,0,0,,player.fcgi?id=paul--004mic
Alexander Pearson*,--,2026,Washington,Big Ten,15,34,26,3,6,2,0,0,8,2,0,3,8,0.231,0.382,0.308,0.69,8,1,4,0,1,0,,player.fcgi?id=pearso003ale
Danny Porras*,--,2026,Washington,Big Ten,29,126,110,22,32,8,0,6,21,3,3,9,31,0.291,0.353,0.527,0.88,58,0,2,4,1,0,,player.fcgi?id=porras001dan
Kevin Spear,22,2026,Washington,Big Ten,9,14,9,1,1,0,0,0,3,1,0,0,4,0.111,0.286,0.111,0.397,1,0,3,0,2,0,,player.fcgi?id=spear-000kev
Ethan Swidler,22,2026,Washington,Big Ten,44,175,146,21,34,6,0,4,15,0,0,23,49,0.233,0.347,0.356,0.703,52,3,3,2,1,0,,player.fcgi?id=swidle000eth
Casen Taggart*,23,2026,Washington,Big Ten,43,164,136,22,30,5,2,5,15,3,0,25,43,0.221,0.337,0.397,0.735,54,2,0,1,2,0,,player.fcgi?id=taggar000cas
Braeden Terry*,23,2026,Washington,Big Ten,56,246,200,37,54,10,4,3,26,2,2,33,43,0.27,0.388,0.405,0.793,81,2,8,1,4,0,,player.fcgi?id=terry-002bra
Blake Wilson,21,2026,Washington,Big Ten,51,200,179,28,49,8,3,3,20,9,2,17,57,0.274,0.337,0.402,0.739,72,6,1,1,2,0,,player.fcgi?id=wilson007bla
Landon Young,--,2026,Washington,Big Ten,33,88,82,19,19,0,2,2,12,8,1,4,27,0.232,0.273,0.354,0.626,29,2,1,0,1,0,,player.fcgi?id=young-001lan