Name,Age,Season,Team,Conference,W,L,W-L%,ERA,G,GS,GF,CG,SHO,SV,IP,H,R,ER,HR,BB,IBB,SO,HBP,BK,WP,BF,WHIP,H9,HR9,BB9,SO9,SO/W,Notes,Name-additional
John Anderson,--,2011,Illinois,Big Ten,,,,4.13,,17,,,0,,98,95,55,45,,25,,55,,,,,1.224,8.7,,2.3,5.1,2.2,,player.fcgi?id=anders027joh
Billy Barrett?,--,2011,Illinois,Big Ten,,,,9.75,,1,,,0,,12,15,15,13,,11,,8,,,,,2.167,11.3,,8.3,6,0.73,,player.fcgi?id=barret002bil
Wes Braun,--,2011,Illinois,Big Ten,,,,1.42,,0,,,0,,19,10,5,3,,11,,13,,,,,1.105,4.7,,5.2,6.2,1.18,,player.fcgi?id=braun-000wes
Brian de la Torriente,--,2011,Illinois,Big Ten,,,,16.88,,0,,,0,,5.1,10,10,10,,6,,1,,,,,3,16.9,,10.1,1.7,0.17,,player.fcgi?id=delato000bri
Kevin Johnson,20,2011,Illinois,Big Ten,,,,4.54,,16,,,0,,103,108,67,52,,39,,68,,,,,1.427,9.4,,3.4,5.9,1.74,,player.fcgi?id=johnso014kev
Luke Joyce*,--,2011,Illinois,Big Ten,,,,2.82,,0,,,0,,22.1,21,11,7,,12,,14,,,,,1.478,8.5,,4.8,5.6,1.17,,player.fcgi?id=joyce-000luk
Corey Kimes*,21,2011,Illinois,Big Ten,,,,5.05,,15,,,0,,87.1,106,59,49,,39,,57,,,,,1.66,10.9,,4,5.9,1.46,,player.fcgi?id=kimes-000cor
Matt Milroy,20,2011,Illinois,Big Ten,,,,5.91,,2,,,0,,32,36,24,21,,18,,20,,,,,1.688,10.1,,5.1,5.6,1.11,,player.fcgi?id=milroy001mat
Ronnie Muck,19,2011,Illinois,Big Ten,,,,4.5,,0,,,0,,10,12,5,5,,4,,3,,,,,1.6,10.8,,3.6,2.7,0.75,,player.fcgi?id=muck--000ron
Chris Pack,23,2011,Illinois,Big Ten,,,,4.56,,0,,,0,,53.1,45,30,27,,8,,30,,,,,0.994,7.6,,1.4,5.1,3.75,,player.fcgi?id=pack--000chr
Will Strack,--,2011,Illinois,Big Ten,,,,4.03,,1,,,0,,38,36,20,17,,27,,29,,,,,1.658,8.5,,6.4,6.9,1.07,,player.fcgi?id=strack000wil
Lee Zerrusen,--,2011,Illinois,Big Ten,,,,8.68,,5,,,0,,28,38,29,27,,13,,16,,,,,1.821,12.2,,4.2,5.1,1.23,,player.fcgi?id=zerrus000lee
Nick Chmielewski?,--,2012,Illinois,Big Ten,1,1,0.5,3.86,8,6,,,0,0,28,31,17,12,4,19,0,12,8,0,6,137,1.786,10,1.3,6.1,3.9,0.63,,player.fcgi?id=chmiel000nic
Brian de la Torriente,--,2012,Illinois,Big Ten,1,1,0.5,4.82,9,4,,,0,0,28,28,18,15,2,15,0,10,5,1,7,126,1.536,9,0.6,4.8,3.2,0.67,,player.fcgi?id=delato000bri
Josh Ferry?,--,2012,Illinois,Big Ten,3,1,0.75,7.09,11,6,,,0,0,39.1,40,34,31,4,20,0,22,10,0,3,186,1.525,9.2,0.9,4.6,5,1.1,,player.fcgi?id=ferry-000jos
Tyler Hamer,19,2012,Illinois,Big Ten,0,0,,108,1,0,,,0,0,0.1,4,4,4,0,0,0,0,1,0,2,6,12,108,0,0,0,,,player.fcgi?id=hamer-000tyl
Drasen Johnson,20,2012,Illinois,Big Ten,1,1,0.5,6,16,4,,,0,0,39,44,26,26,3,13,0,21,0,0,2,172,1.462,10.2,0.7,3,4.8,1.62,,player.fcgi?id=johnso000dra
Kevin Johnson,21,2012,Illinois,Big Ten,7,5,0.583,3.97,14,14,,,1,0,88.1,100,47,39,2,27,0,43,5,0,5,389,1.438,10.2,0.2,2.8,4.4,1.59,,player.fcgi?id=johnso014kev
Luke Joyce*,--,2012,Illinois,Big Ten,2,4,0.333,4.68,18,0,,,0,0,25,21,14,13,4,17,0,13,2,1,1,110,1.52,7.6,1.4,6.1,4.7,0.76,,player.fcgi?id=joyce-000luk
John Kravetz,19,2012,Illinois,Big Ten,8,3,0.727,4.72,15,14,,,0,0,87.2,88,52,46,7,19,0,45,13,2,2,379,1.221,9,0.7,2,4.6,2.37,,player.fcgi?id=kravet000joh
Will Krug,19,2012,Illinois,Big Ten,0,0,,0,1,0,,,0,0,0.2,1,0,0,0,0,0,0,0,0,0,3,1.5,13.5,0,0,0,,,player.fcgi?id=krug--000wil
Rob McDonnell*,20,2012,Illinois,Big Ten,0,2,0,5.56,2,2,,,0,0,11.1,16,9,7,1,4,0,6,2,0,1,54,1.765,12.7,0.8,3.2,4.8,1.5,,player.fcgi?id=mcdonn000rob
Anthony Milazzo*,--,2012,Illinois,Big Ten,0,0,,1.38,12,0,,,0,0,13,10,4,2,0,3,0,10,0,2,4,52,1,6.9,0,2.1,6.9,3.33,,player.fcgi?id=milazz000ant
Matt Milroy,21,2012,Illinois,Big Ten,2,6,0.25,3.88,20,2,,,0,0,53.1,37,27,23,0,44,0,65,10,1,10,242,1.519,6.2,0,7.4,11,1.48,,player.fcgi?id=milroy001mat
Ronnie Muck,20,2012,Illinois,Big Ten,2,1,0.667,4.36,23,0,,,0,3,33,28,21,16,4,14,1,32,6,1,3,148,1.273,7.6,1.1,3.8,8.7,2.29,,player.fcgi?id=muck--000ron
Bryan Roberts?,--,2012,Illinois,Big Ten,0,0,,3,3,0,,,0,0,3,4,2,1,1,0,0,1,0,0,0,13,1.333,12,3,0,3,,,player.fcgi?id=robert002bry
Reid Roper,20,2012,Illinois,Big Ten,1,0,1,4.05,13,1,,,0,3,13.1,9,6,6,2,2,0,9,2,0,1,50,0.825,6.1,1.4,1.4,6.1,4.5,,player.fcgi?id=roper-001rei
Will Strack,--,2012,Illinois,Big Ten,0,0,,67.5,3,0,,,0,0,0.2,3,7,5,0,6,0,1,0,0,0,11,13.5,40.5,0,81,13.5,0.17,,player.fcgi?id=strack000wil
Nick Blackburn,18,2013,Illinois,Big Ten,2,1,0.667,5.17,10,6,,,0,0,38.1,44,25,22,3,11,0,18,4,1,3,171,1.435,10.3,0.7,2.6,4.2,1.64,,player.fcgi?id=blackb000nic
P.J. Brennan,--,2013,Illinois,Big Ten,0,0,,0,1,0,,,0,0,1,0,0,0,0,0,0,0,0,0,0,3,0,0,0,0,0,,,player.fcgi?id=brenna000pj-
Ryan Castellanos,19,2013,Illinois,Big Ten,3,2,0.6,5.04,15,8,,,0,0,55.1,68,31,31,3,10,0,32,11,0,0,248,1.41,11.1,0.5,1.6,5.2,3.2,,player.fcgi?id=castel001rya
Kevin Duchene*,19,2013,Illinois,Big Ten,9,1,0.9,2.79,18,12,,,1,0,80.2,78,32,25,1,34,0,68,3,0,1,341,1.388,8.7,0.1,3.8,7.6,2,,player.fcgi?id=duchen000kev
Josh Ferry?,--,2013,Illinois,Big Ten,0,0,,3.86,3,0,,,0,0,2.1,2,1,1,0,4,0,0,3,0,1,15,2.571,7.7,0,15.4,0,0,,player.fcgi?id=ferry-000jos
Tyler Jay*,19,2013,Illinois,Big Ten,1,3,0.25,3.1,18,0,,,0,0,20.1,11,9,7,1,10,0,20,2,1,4,86,1.033,4.9,0.4,4.4,8.9,2,,player.fcgi?id=jay---000tyl
Drasen Johnson,21,2013,Illinois,Big Ten,3,1,0.75,3.07,20,1,,,0,0,29.1,30,11,10,1,6,1,12,2,0,1,117,1.227,9.2,0.3,1.8,3.7,2,,player.fcgi?id=johnso000dra
Kevin Johnson,22,2013,Illinois,Big Ten,6,3,0.667,3.22,11,11,,,1,0,67,69,32,24,5,18,0,44,1,0,1,287,1.299,9.3,0.7,2.4,5.9,2.44,,player.fcgi?id=johnso014kev
Luke Joyce*,--,2013,Illinois,Big Ten,0,0,,inf,1,0,,,0,0,0,1,4,3,0,3,0,0,0,0,1,4,,,,,,0,,player.fcgi?id=joyce-000luk
John Kravetz,20,2013,Illinois,Big Ten,5,3,0.625,4.27,15,15,,,0,0,90.2,94,50,43,1,23,0,52,15,1,2,395,1.29,9.3,0.1,2.3,5.2,2.26,,player.fcgi?id=kravet000joh
Andrew Mamlic,--,2013,Illinois,Big Ten,0,0,,0.9,7,0,,,0,0,10,13,1,1,0,1,0,4,2,0,0,43,1.4,11.7,0,0.9,3.6,4,,player.fcgi?id=mamlic000and
Rob McDonnell*,21,2013,Illinois,Big Ten,0,1,0,3.52,6,1,,,0,0,7.2,9,3,3,0,7,0,2,2,0,1,38,2.087,10.6,0,8.2,2.3,0.29,,player.fcgi?id=mcdonn000rob
Anthony Milazzo*,--,2013,Illinois,Big Ten,0,0,,6.75,8,0,,,0,0,9.1,8,7,7,3,4,0,1,1,0,1,40,1.286,7.7,2.9,3.9,1,0.25,,player.fcgi?id=milazz000ant
Ronnie Muck,21,2013,Illinois,Big Ten,3,1,0.75,2.7,19,0,,,0,2,26.2,26,11,8,0,9,1,19,2,1,1,113,1.313,8.8,0,3,6.4,2.11,,player.fcgi?id=muck--000ron
Charlie Naso,20,2013,Illinois,Big Ten,0,0,,3.86,5,0,,,0,0,7,7,4,3,0,5,0,2,0,0,0,34,1.714,9,0,6.4,2.6,0.4,,player.fcgi?id=naso--000cha
J.D. Nielsen*,19,2013,Illinois,Big Ten,0,0,,5.59,12,1,,,0,0,9.2,9,10,6,3,7,0,8,2,0,2,50,1.655,8.4,2.8,6.5,7.4,1.14,,player.fcgi?id=nielse000jd-
Bryan Roberts?,--,2013,Illinois,Big Ten,3,4,0.429,2.84,18,0,,,0,8,25.1,21,8,8,3,8,1,26,4,0,0,107,1.145,7.5,1.1,2.8,9.2,3.25,,player.fcgi?id=robert002bry
Reid Roper,21,2013,Illinois,Big Ten,0,0,,2.53,11,0,,,0,5,10.2,8,4,3,1,2,0,8,1,0,0,43,0.938,6.8,0.8,1.7,6.8,4,,player.fcgi?id=roper-001rei
Nick Blackburn,19,2014,Illinois,Big Ten,1,1,0.5,3.18,18,0,,,0,0,22.2,23,8,8,1,10,1,15,3,0,3,98,1.456,9.1,0.4,4,6,1.5,,player.fcgi?id=blackb000nic
Ryan Castellanos,20,2014,Illinois,Big Ten,4,3,0.571,5.59,9,8,,,0,0,46.2,58,30,29,3,6,0,18,4,0,2,212,1.371,11.2,0.6,1.2,3.5,3,,player.fcgi?id=castel001rya
Kevin Duchene*,20,2014,Illinois,Big Ten,4,1,0.8,1.8,9,9,,,1,0,55,43,16,11,2,11,0,35,4,0,0,217,0.982,7,0.3,1.8,5.7,3.18,,player.fcgi?id=duchen000kev
Josh Ferry?,--,2014,Illinois,Big Ten,0,0,,5.4,3,0,,,0,0,3.1,3,2,2,0,0,0,1,1,0,0,13,0.9,8.1,0,0,2.7,,,player.fcgi?id=ferry-000jos
Tyler Jay*,20,2014,Illinois,Big Ten,4,1,0.8,1.94,23,0,,,0,10,41.2,28,9,9,1,13,0,47,5,1,0,167,0.984,6,0.2,2.8,10.2,3.62,,player.fcgi?id=jay---000tyl
Drasen Johnson,22,2014,Illinois,Big Ten,5,7,0.417,2.91,15,15,,,0,0,96,106,37,31,5,20,0,79,6,1,1,417,1.313,9.9,0.5,1.9,7.4,3.95,,player.fcgi?id=johnso000dra
Luke Joyce*,--,2014,Illinois,Big Ten,0,0,,15,5,0,,,0,0,3,5,5,5,0,3,0,3,1,2,1,18,2.667,15,0,9,9,1,,player.fcgi?id=joyce-000luk
John Kravetz,21,2014,Illinois,Big Ten,6,1,0.857,3,13,13,,,0,0,78,82,31,26,7,15,0,42,5,1,5,333,1.244,9.5,0.8,1.7,4.8,2.8,,player.fcgi?id=kravet000joh
Andrew Mamlic,--,2014,Illinois,Big Ten,0,0,,5.14,5,0,,,0,0,7,7,6,4,1,2,0,10,0,0,3,32,1.286,9,1.3,2.6,12.9,5,,player.fcgi?id=mamlic000and
Rob McDonnell*,22,2014,Illinois,Big Ten,4,0,1,3.67,9,5,,,0,0,27,23,11,11,1,15,0,30,3,0,1,117,1.407,7.7,0.3,5,10,2,,player.fcgi?id=mcdonn000rob
Anthony Milazzo*,--,2014,Illinois,Big Ten,0,0,,0,1,0,,,0,0,0.1,1,0,0,0,0,0,0,0,0,0,1,3,27,0,0,0,,,player.fcgi?id=milazz000ant
Ronnie Muck,22,2014,Illinois,Big Ten,1,4,0.2,3.38,21,0,,,0,3,32,22,14,12,1,14,2,27,3,2,2,133,1.125,6.2,0.3,3.9,7.6,1.93,,player.fcgi?id=muck--000ron
Charlie Naso,21,2014,Illinois,Big Ten,0,0,,0,11,0,,,0,0,10.2,7,0,0,0,3,0,10,0,0,1,42,0.938,5.9,0,2.5,8.4,3.33,,player.fcgi?id=naso--000cha
J.D. Nielsen*,20,2014,Illinois,Big Ten,1,0,1,7.43,14,0,,,0,0,13.1,20,12,11,2,2,0,10,1,1,1,60,1.65,13.5,1.4,1.4,6.8,5,,player.fcgi?id=nielse000jd-
Reid Roper,22,2014,Illinois,Big Ten,1,0,1,0,6,0,,,0,2,5.2,2,0,0,0,0,0,8,2,0,0,20,0.353,3.2,0,0,12.7,,,player.fcgi?id=roper-001rei
Cody Sedlock,19,2014,Illinois,Big Ten,1,3,0.25,3.41,12,3,,,0,0,31.2,38,24,12,3,11,0,30,4,0,2,146,1.547,10.8,0.9,3.1,8.5,2.73,,player.fcgi?id=sedloc000cod
Nick Blackburn,20,2015,Illinois,Big Ten,3,0,1,2.22,20,0,,,0,3,24.1,23,7,6,3,3,1,19,0,0,0,97,1.068,8.5,1.1,1.1,7,6.33,,player.fcgi?id=blackb000nic
Kevin Duchene*,21,2015,Illinois,Big Ten,11,2,0.846,1.75,15,15,,,0,0,102.2,89,27,20,3,18,0,88,12,1,1,419,1.042,7.8,0.3,1.6,7.7,4.89,,player.fcgi?id=duchen000kev
Josh Ferry?,--,2015,Illinois,Big Ten,0,0,,inf,1,0,,,0,0,0,0,2,2,0,1,0,0,2,0,0,3,,,,,,0,,player.fcgi?id=ferry-000jos
Doug Hayes*,20,2015,Illinois,Big Ten,0,0,,7.2,5,0,,,0,0,5,8,4,4,1,5,0,1,0,0,0,26,2.6,14.4,1.8,9,1.8,0.2,,player.fcgi?id=hayes-000dou
Tyler Jay*,21,2015,Illinois,Big Ten,5,2,0.714,1.08,30,2,,,0,14,66.2,40,8,8,2,7,0,76,3,0,1,242,0.705,5.4,0.3,0.9,10.3,10.86,,player.fcgi?id=jay---000tyl
Drasen Johnson,23,2015,Illinois,Big Ten,10,3,0.769,2.01,16,16,,,1,0,116.2,103,34,26,4,17,0,77,4,0,1,461,1.029,7.9,0.3,1.3,5.9,4.53,,player.fcgi?id=johnso000dra
John Kravetz,22,2015,Illinois,Big Ten,5,0,1,3.35,14,14,,,1,0,80.2,80,34,30,6,13,0,42,10,0,1,338,1.153,8.9,0.7,1.5,4.7,3.23,,player.fcgi?id=kravet000joh
Andrew Mamlic,--,2015,Illinois,Big Ten,2,0,1,4.91,18,0,,,0,0,18.1,23,11,10,0,8,0,19,1,0,3,84,1.691,11.3,0,3.9,9.3,2.38,,player.fcgi?id=mamlic000and
Rob McDonnell*,23,2015,Illinois,Big Ten,7,2,0.778,2.28,17,12,,,0,0,75,57,28,19,2,29,0,70,6,0,4,313,1.147,6.8,0.2,3.5,8.4,2.41,,player.fcgi?id=mcdonn000rob
Anthony Milazzo*,--,2015,Illinois,Big Ten,0,0,,15.43,3,0,,,0,0,2.1,6,4,4,1,0,0,0,0,0,0,13,2.571,23.1,3.9,0,0,,,player.fcgi?id=milazz000ant
Charlie Naso,22,2015,Illinois,Big Ten,0,0,,8.44,6,0,,,0,0,5.1,9,6,5,1,5,0,0,0,0,1,30,2.625,15.2,1.7,8.4,0,0,,player.fcgi?id=naso--000cha
J.D. Nielsen*,21,2015,Illinois,Big Ten,3,1,0.75,2.92,24,0,,,0,2,24.2,20,11,8,1,12,0,24,1,0,1,106,1.297,7.3,0.4,4.4,8.8,2,,player.fcgi?id=nielse000jd-
Reid Roper,23,2015,Illinois,Big Ten,0,0,,4.5,4,0,,,0,1,4,5,2,2,0,1,0,4,1,0,0,19,1.5,11.3,0,2.3,9,4,,player.fcgi?id=roper-001rei
Cody Sedlock,20,2015,Illinois,Big Ten,4,0,1,4.02,21,2,,,0,0,31.1,35,23,14,1,10,0,29,1,0,1,141,1.436,10.1,0.3,2.9,8.3,2.9,,player.fcgi?id=sedloc000cod
Cole Bellair,19,2016,Illinois,Big Ten,2,3,0.4,3.34,16,9,,0,0,1,59.1,54,26,22,3,13,0,35,2,3,2,247,1.129,8.2,0.5,2,5.3,2.69,,player.fcgi?id=bellai000col
Nick Blackburn,21,2016,Illinois,Big Ten,1,3,0.25,3.73,24,0,,0,0,11,31.1,27,15,13,5,19,1,34,2,1,3,144,1.468,7.8,1.4,5.5,9.8,1.79,,player.fcgi?id=blackb000nic
Zak Devermann*,19,2016,Illinois,Big Ten,0,0,,12,6,0,,0,0,0,3,9,5,4,1,3,0,2,1,0,0,23,4,27,3,9,6,0.67,,player.fcgi?id=deverm000zak
Joey Gerber,19,2016,Illinois,Big Ten,0,0,,7.5,5,0,,0,0,0,6,11,6,5,0,3,0,3,2,0,1,33,2.333,16.5,0,4.5,4.5,1,,player.fcgi?id=gerber000joe
Doug Hayes*,21,2016,Illinois,Big Ten,6,5,0.545,3.58,14,14,,2,1,0,88,88,39,35,6,30,0,55,7,0,5,379,1.341,9,0.6,3.1,5.6,1.83,,player.fcgi?id=hayes-000dou
Matthew James,21,2016,Illinois,Big Ten,0,0,,9.53,5,1,,0,0,0,11.1,15,12,12,2,3,0,12,1,0,1,51,1.588,11.9,1.6,2.4,9.5,4,,player.fcgi?id=james-000mat
Andrew Mamlic,--,2016,Illinois,Big Ten,5,7,0.417,3.7,16,11,,0,0,0,73,74,38,30,4,18,1,51,4,0,4,312,1.26,9.1,0.5,2.2,6.3,2.83,,player.fcgi?id=mamlic000and
Brendan Meissner,--,2016,Illinois,Big Ten,1,0,1,3.86,3,0,,0,0,0,2.1,4,2,1,1,3,0,2,0,1,0,13,3,15.4,3.9,11.6,7.7,0.67,,player.fcgi?id=meissn000bre
Charlie Naso,23,2016,Illinois,Big Ten,2,0,1,2.25,22,0,,0,0,0,28,25,12,7,3,10,0,20,4,0,1,120,1.25,8,1,3.2,6.4,2,,player.fcgi?id=naso--000cha
J.D. Nielsen*,22,2016,Illinois,Big Ten,5,1,0.833,3.6,29,0,,0,0,6,30,32,13,12,2,5,0,34,8,0,4,133,1.233,9.6,0.6,1.5,10.2,6.8,,player.fcgi?id=nielse000jd-
Cody Sedlock,21,2016,Illinois,Big Ten,5,3,0.625,2.49,14,14,,2,0,0,101.1,80,38,28,4,31,0,116,3,1,7,411,1.095,7.1,0.4,2.8,10.3,3.74,,player.fcgi?id=sedloc000cod
Quinten Sefcik,20,2016,Illinois,Big Ten,0,0,,6.46,8,2,,0,0,0,15.1,22,11,11,0,11,0,10,2,0,2,78,2.152,12.9,0,6.5,5.9,0.91,,player.fcgi?id=sefcik000qui
Luke Shilling,18,2016,Illinois,Big Ten,0,0,,6.75,3,0,,0,0,0,2.2,1,2,2,0,4,0,1,0,0,2,12,1.875,3.4,0,13.5,3.4,0.25,,player.fcgi?id=shilli000luk
Jack Yalowitz*,19,2016,Illinois,Big Ten,1,1,0.5,0,5,0,,0,0,0,3.2,4,1,0,0,2,0,3,0,0,0,17,1.636,9.8,0,4.9,7.4,1.5,,player.fcgi?id=yalowi000jac
Cole Bellair,20,2017,Illinois,Big Ten,3,2,0.6,6.97,15,9,,0,0,0,51.2,75,51,40,9,25,0,41,1,1,7,247,1.935,13.1,1.6,4.4,7.1,1.64,,player.fcgi?id=bellai000col
Zak Devermann*,20,2017,Illinois,Big Ten,1,1,0.5,4.82,13,0,,0,0,0,9.1,7,5,5,1,7,0,9,1,0,0,44,1.5,6.8,1,6.8,8.7,1.29,,player.fcgi?id=deverm000zak
Jackson Douglas*,21,2017,Illinois,Big Ten,0,0,,14.21,1,0,,0,0,0,6.1,11,10,10,1,5,0,5,0,1,2,35,2.526,15.6,1.4,7.1,7.1,1,,player.fcgi?id=dougla001jac
Joey Gerber,20,2017,Illinois,Big Ten,2,1,0.667,4.36,27,0,,0,0,8,33,25,17,16,3,20,0,43,4,0,7,147,1.364,6.8,0.8,5.5,11.7,2.15,,player.fcgi?id=gerber000joe
Matthew James,22,2017,Illinois,Big Ten,1,1,0.5,5.17,16,8,,0,0,0,55.2,55,32,32,8,26,0,42,6,0,0,247,1.455,8.9,1.3,4.2,6.8,1.62,,player.fcgi?id=james-000mat
Zack Jones*,18,2017,Illinois,Big Ten,0,3,0,7.85,20,0,,0,0,0,18.1,22,17,16,4,11,1,17,2,1,6,90,1.8,10.8,2,5.4,8.3,1.55,,player.fcgi?id=jones-007zac
Ryan Schmitt,--,2017,Illinois,Big Ten,5,2,0.714,5.87,22,0,,0,0,1,30.2,26,21,20,5,16,1,23,2,2,3,136,1.37,7.6,1.5,4.7,6.8,1.44,,player.fcgi?id=schmit001rya
Quinten Sefcik,21,2017,Illinois,Big Ten,3,3,0.5,4.53,19,2,,0,0,0,43.2,38,29,22,3,27,0,24,11,3,7,203,1.489,7.8,0.6,5.6,4.9,0.89,,player.fcgi?id=sefcik000qui
Luke Shilling,19,2017,Illinois,Big Ten,1,2,0.333,7.45,7,7,,0,0,0,29,25,26,24,9,37,0,30,4,0,7,144,2.138,7.8,2.8,11.5,9.3,0.81,,player.fcgi?id=shilli000luk
Ryan Thompson,19,2017,Illinois,Big Ten,2,2,0.5,4.89,23,1,,0,0,0,38.2,39,23,21,3,29,0,27,9,1,9,181,1.759,9.1,0.7,6.8,6.3,0.93,,player.fcgi?id=thomps006rya
Cyrillo Watson,19,2017,Illinois,Big Ten,3,4,0.429,6.26,18,10,,0,0,1,54.2,62,40,38,6,23,0,30,11,1,9,255,1.555,10.2,1,3.8,4.9,1.3,,player.fcgi?id=watson000cyr
Ty Weber,19,2017,Illinois,Big Ten,2,7,0.222,5.51,14,14,,1,0,0,78.1,82,53,48,11,40,1,53,5,0,7,351,1.557,9.4,1.3,4.6,6.1,1.33,,player.fcgi?id=weber-000ty-
Jimmy Burnette*,19,2018,Illinois,Big Ten,0,0,,18,8,0,,0,0,0,6,10,13,12,3,8,0,6,1,0,3,38,3,15,4.5,12,9,0.75,,player.fcgi?id=burnet000jim
Zak Devermann*,21,2018,Illinois,Big Ten,0,0,,16.2,2,0,,0,0,0,1.2,3,3,3,2,1,0,0,1,0,0,10,2.4,16.2,10.8,5.4,0,0,,player.fcgi?id=deverm000zak
Jackson Douglas*,22,2018,Illinois,Big Ten,0,0,,3.65,9,1,,0,0,1,12.1,11,5,5,0,3,1,9,0,0,3,52,1.135,8,0,2.2,6.6,3,,player.fcgi?id=dougla001jac
Andy Fisher*,22,2018,Illinois,Big Ten,6,3,0.667,3.96,15,14,,0,0,1,84,83,49,37,2,38,0,64,8,2,4,364,1.44,8.9,0.2,4.1,6.9,1.68,,player.fcgi?id=fisher002and
Joey Gerber,21,2018,Illinois,Big Ten,1,1,0.5,3.14,25,0,,0,0,14,28.2,18,13,10,1,14,0,45,3,0,5,119,1.116,5.7,0.3,4.4,14.1,3.21,,player.fcgi?id=gerber000joe
Zack Jones*,19,2018,Illinois,Big Ten,3,2,0.6,3.86,21,0,,0,0,0,25.2,16,12,11,3,5,0,18,3,1,1,98,0.818,5.6,1.1,1.8,6.3,3.6,,player.fcgi?id=jones-007zac
Ryan Kutt,19,2018,Illinois,Big Ten,0,1,0,3.79,17,2,,0,0,0,19,20,12,8,0,7,0,15,0,0,3,84,1.421,9.5,0,3.3,7.1,2.14,,player.fcgi?id=kutt--000rya
Sean Leland,22,2018,Illinois,Big Ten,1,1,0.5,10.22,12,0,,0,0,0,12.1,20,14,14,2,11,0,14,2,0,3,71,2.514,14.6,1.5,8,10.2,1.27,,player.fcgi?id=leland000sea
Ryan Schmitt,--,2018,Illinois,Big Ten,2,3,0.4,6.27,22,2,,0,0,1,33,35,24,23,5,16,0,22,1,0,1,149,1.545,9.5,1.4,4.4,6,1.38,,player.fcgi?id=schmit001rya
Quinten Sefcik,22,2018,Illinois,Big Ten,1,1,0.5,4.32,16,0,,0,0,0,25,28,12,12,2,13,0,22,3,1,2,117,1.64,10.1,0.7,4.7,7.9,1.69,,player.fcgi?id=sefcik000qui
Quinn Snarskis,21,2018,Illinois,Big Ten,6,1,0.857,2.84,13,12,,0,0,0,73,63,26,23,1,26,1,34,3,2,6,302,1.219,7.8,0.1,3.2,4.2,1.31,,player.fcgi?id=snarsk000qui
Ryan Thompson,20,2018,Illinois,Big Ten,8,3,0.727,2.72,24,0,,0,0,0,46.1,33,14,14,3,18,0,44,3,0,4,182,1.101,6.4,0.6,3.5,8.5,2.44,,player.fcgi?id=thomps006rya
Cyrillo Watson,20,2018,Illinois,Big Ten,1,1,0.5,4.25,9,7,,0,0,0,29.2,40,19,14,0,14,0,21,4,1,4,143,1.82,12.1,0,4.2,6.4,1.5,,player.fcgi?id=watson000cyr
Ty Weber,20,2018,Illinois,Big Ten,4,3,0.571,3.84,15,15,,1,0,0,82,75,44,35,9,32,1,53,6,0,8,353,1.305,8.2,1,3.5,5.8,1.66,,player.fcgi?id=weber-000ty-
Garrett Acton,21,2019,Illinois,Big Ten,2,3,0.4,2.18,30,0,,0,0,19,33,13,11,8,2,18,0,34,6,0,6,133,0.939,3.5,0.5,4.9,9.3,1.89,,player.fcgi?id=acton-000gar
Jimmy Burnette*,20,2019,Illinois,Big Ten,0,0,,27,4,0,,0,0,0,2.1,2,7,7,0,5,0,1,4,0,1,17,3,7.7,0,19.3,3.9,0.2,,player.fcgi?id=burnet000jim
David Craan,22,2019,Illinois,Big Ten,0,0,,0,1,0,,0,0,0,0.1,2,0,0,0,0,0,0,0,0,0,3,6,54,0,0,0,,,player.fcgi?id=craan-000dav
Tyler Engel,22,2019,Illinois,Big Ten,0,0,,4.61,12,0,,0,0,0,13.2,14,9,7,1,10,0,12,3,0,0,69,1.756,9.2,0.7,6.6,7.9,1.2,,player.fcgi?id=engel-000tyl
Andy Fisher*,23,2019,Illinois,Big Ten,7,1,0.875,2.75,16,16,,0,0,0,101.1,76,33,31,6,35,2,95,12,0,6,421,1.095,6.8,0.5,3.1,8.4,2.71,,player.fcgi?id=fisher002and
Josh Harris*,25,2019,Illinois,Big Ten,4,2,0.667,5.06,24,0,,0,0,0,16,9,13,9,1,15,0,24,8,0,4,81,1.5,5.1,0.6,8.4,13.5,1.6,,player.fcgi?id=harris014jos
Caleb Larson,19,2019,Illinois,Big Ten,1,0,1,4.05,6,0,,0,0,0,6.2,5,3,3,1,3,0,2,4,0,2,32,1.2,6.8,1.4,4.1,2.7,0.67,,player.fcgi?id=larson000cal
Nate Lavender*,19,2019,Illinois,Big Ten,1,2,0.333,4.08,17,4,,0,0,0,28.2,21,13,13,2,24,0,37,1,0,2,130,1.57,6.6,0.6,7.5,11.6,1.54,,player.fcgi?id=lavend000nat
Sean Leland,23,2019,Illinois,Big Ten,6,3,0.667,3.72,30,0,,0,0,0,48.1,37,24,20,4,18,2,58,5,1,3,202,1.138,6.9,0.7,3.4,10.8,3.22,,player.fcgi?id=leland000sea
Aidan Maldonado,19,2019,Illinois,Big Ten,0,0,,6.58,13,5,,0,0,0,26,23,20,19,5,30,0,23,7,0,2,136,2.038,8,1.7,10.4,8,0.77,,player.fcgi?id=maldon000aid
Ryan Schmitt,--,2019,Illinois,Big Ten,4,3,0.571,3.38,23,0,,0,0,0,29.1,24,11,11,3,17,0,24,3,0,4,131,1.398,7.4,0.9,5.2,7.4,1.41,,player.fcgi?id=schmit001rya
Quinten Sefcik,23,2019,Illinois,Big Ten,2,1,0.667,4.15,26,0,,0,0,2,30.1,22,14,14,1,16,0,39,9,0,6,135,1.253,6.5,0.3,4.7,11.6,2.44,,player.fcgi?id=sefcik000qui
Quinn Snarskis,22,2019,Illinois,Big Ten,0,1,0,5.47,9,5,,0,0,0,24.2,31,16,15,1,8,0,12,3,0,0,113,1.581,11.3,0.4,2.9,4.4,1.5,,player.fcgi?id=snarsk000qui
Cyrillo Watson,21,2019,Illinois,Big Ten,5,2,0.714,3.65,13,13,,0,0,0,69,65,32,28,3,39,0,49,8,0,5,308,1.507,8.5,0.4,5.1,6.4,1.26,,player.fcgi?id=watson000cyr
Ty Weber,21,2019,Illinois,Big Ten,4,3,0.571,3.28,16,14,,0,0,0,79.2,65,38,29,5,32,0,46,8,1,2,339,1.218,7.3,0.6,3.6,5.2,1.44,,player.fcgi?id=weber-000ty-
Garrett Acton,22,2020,Illinois,Big Ten,0,0,,0,6,0,,0,0,6,6.2,2,0,0,0,4,0,8,0,0,1,26,0.9,2.7,0,5.4,10.8,2,,player.fcgi?id=acton-000gar
Jimmy Burnette*,21,2020,Illinois,Big Ten,0,2,0,10.13,3,2,,0,0,0,8,12,14,9,1,6,0,10,2,0,2,45,2.25,13.5,1.1,6.8,11.3,1.67,,player.fcgi?id=burnet000jim
Cole Kirschsieper*,19,2020,Illinois,Big Ten,3,0,1,1.35,4,2,,0,0,0,20,18,3,3,1,5,0,12,2,1,0,82,1.15,8.1,0.5,2.3,5.4,2.4,,player.fcgi?id=kirsch000col
Ryan Kutt,21,2020,Illinois,Big Ten,1,0,1,9.82,5,0,,0,0,0,7.1,10,8,8,1,2,0,6,0,0,1,37,1.636,12.3,1.2,2.5,7.4,3,,player.fcgi?id=kutt--000rya
Caleb Larson,20,2020,Illinois,Big Ten,1,0,1,10.8,2,0,,0,0,0,3.1,7,4,4,1,1,0,1,0,0,1,18,2.4,18.9,2.7,2.7,2.7,1,,player.fcgi?id=larson000cal
Grant Leader,19,2020,Illinois,Big Ten,0,0,,9.64,4,0,,0,0,0,4.2,3,5,5,0,8,0,4,0,0,1,25,2.357,5.8,0,15.4,7.7,0.5,,player.fcgi?id=leader000gra
Aidan Maldonado,20,2020,Illinois,Big Ten,1,2,0.333,5.82,4,3,,0,0,1,17,15,12,11,1,10,0,11,0,0,1,73,1.471,7.9,0.5,5.3,5.8,1.1,,player.fcgi?id=maldon000aid
Ty Rybarczyk,20,2020,Illinois,Big Ten,0,1,0,4.41,4,2,,0,0,0,16.1,19,8,8,2,5,0,11,4,0,1,74,1.469,10.5,1.1,2.8,6.1,2.2,,player.fcgi?id=rybarc000ty-
Ryan Schmitt,--,2020,Illinois,Big Ten,0,0,,5.4,4,0,,0,0,0,6.2,10,4,4,0,5,0,6,1,0,2,35,2.25,13.5,0,6.8,8.1,1.2,,player.fcgi?id=schmit001rya
Alex Vera*,18,2020,Illinois,Big Ten,0,0,,8.1,3,0,,0,0,0,3.1,9,7,3,0,3,0,3,0,0,0,22,3.6,24.3,0,8.1,8.1,1,,player.fcgi?id=vera--000ale
Ty Weber,22,2020,Illinois,Big Ten,2,0,1,1.31,4,4,,0,0,0,20.2,17,6,3,0,2,0,15,2,1,2,81,0.919,7.4,0,0.9,6.5,7.5,,player.fcgi?id=weber-000ty-
Jack Crowder,18,2021,Illinois,Big Ten,2,0,1,12.1,9,0,,0,0,0,9.2,14,13,13,3,5,0,11,5,0,1,52,1.966,13,2.8,4.7,10.2,2.2,,player.fcgi?id=crowde000jac
Joe Glassey,19,2021,Illinois,Big Ten,0,1,0,9.16,11,0,,0,0,0,18.2,30,19,19,3,5,1,12,4,1,1,93,1.875,14.5,1.4,2.4,5.8,2.4,,player.fcgi?id=glasse002jos
Riley Gowens,21,2021,Illinois,Big Ten,2,5,0.286,6.08,12,12,,0,0,0,50.1,51,38,34,13,28,0,58,4,1,0,230,1.57,9.1,2.3,5,10.4,2.07,,player.fcgi?id=gowens000ril
Andrew Hoffmann,21,2021,Illinois,Big Ten,3,0,1,2.87,11,11,,0,0,0,62.2,49,23,20,3,15,0,64,3,0,5,258,1.021,7,0.4,2.2,9.2,4.27,,player.fcgi?id=hoffma000and
Payton Hutchings*,19,2021,Illinois,Big Ten,0,0,,8.36,8,0,,0,0,0,14,20,13,13,4,5,0,13,0,0,0,67,1.786,12.9,2.6,3.2,8.4,2.6,,player.fcgi?id=hutchi000pay
Clayton Johnson,19,2021,Illinois,Big Ten,0,0,,10.8,6,1,,0,0,0,5,3,6,6,0,10,0,8,1,1,3,30,2.6,5.4,0,18,14.4,0.8,,player.fcgi?id=johnso021cla
Cole Kirschsieper*,20,2021,Illinois,Big Ten,3,4,0.429,5.82,17,4,,0,0,3,38.2,43,27,25,9,13,0,48,4,0,2,177,1.448,10,2.1,3,11.2,3.69,,player.fcgi?id=kirsch000col
Ryan Kutt,22,2021,Illinois,Big Ten,1,4,0.2,6.31,15,0,,0,0,2,25.2,31,21,18,9,5,1,16,0,0,1,111,1.403,10.9,3.2,1.8,5.6,3.2,,player.fcgi?id=kutt--000rya
Nate Lavender*,21,2021,Illinois,Big Ten,7,2,0.778,4.11,13,9,,0,0,0,57,55,28,26,7,15,0,79,7,1,3,247,1.228,8.7,1.1,2.4,12.5,5.27,,player.fcgi?id=lavend000nat
Grant Leader,20,2021,Illinois,Big Ten,0,1,0,14.29,7,1,,0,0,0,11.1,19,20,18,3,8,0,14,4,0,2,66,2.382,15.1,2.4,6.4,11.1,1.75,,player.fcgi?id=leader000gra
Aidan Maldonado,21,2021,Illinois,Big Ten,0,2,0,11.37,11,1,,0,0,0,12.2,21,18,16,5,7,0,13,4,0,1,69,2.211,14.9,3.6,5,9.2,1.86,,player.fcgi?id=maldon000aid
Ryan O'Hara*,20,2021,Illinois,Big Ten,3,0,1,6.1,9,0,,0,0,0,10.1,8,8,7,1,10,0,12,7,0,3,55,1.742,7,0.9,8.7,10.5,1.2,,player.fcgi?id=ohara-001rya
Andrew Pogue,20,2021,Illinois,Big Ten,0,0,,11.12,6,0,,0,0,0,5.2,5,7,7,0,10,0,5,0,0,2,31,2.647,7.9,0,15.9,7.9,0.5,,player.fcgi?id=pogue-000and
Ty Rybarczyk,21,2021,Illinois,Big Ten,1,3,0.25,9.08,15,5,,0,0,2,39.2,63,43,40,6,14,0,24,6,1,1,199,1.941,14.3,1.4,3.2,5.4,1.71,,player.fcgi?id=rybarc000ty-
Tucker Shalley,19,2021,Illinois,Big Ten,0,0,,11.57,2,0,,0,0,0,2.1,5,5,3,0,3,0,0,0,0,0,16,3.429,19.3,0,11.6,0,0,,player.fcgi?id=shalle000tuc
Alex Vera*,19,2021,Illinois,Big Ten,0,0,,3.94,12,0,,0,0,0,16,17,7,7,3,7,0,12,0,0,0,69,1.5,9.6,1.7,3.9,6.8,1.71,,player.fcgi?id=vera--000ale
Crayton Burnett,19,2022,Illinois,Big Ten,1,0,1,10.05,12,1,,0,0,0,14.1,25,17,16,2,3,0,10,3,0,1,75,1.953,15.7,1.3,1.9,6.3,3.33,,player.fcgi?id=burnet000cra
Jack Crowder,19,2022,Illinois,Big Ten,3,1,0.75,6.13,9,9,,0,0,0,39.2,47,27,27,8,16,0,32,7,0,1,188,1.588,10.7,1.8,3.6,7.3,2,,player.fcgi?id=crowde000jac
Johnny Czeslawski,22,2022,Illinois,Big Ten,0,0,,18.9,5,0,,0,0,0,3.1,9,8,7,0,1,0,1,3,0,1,23,3,24.3,0,2.7,2.7,1,,player.fcgi?id=czesla001joh
Joe Glassey,20,2022,Illinois,Big Ten,2,2,0.5,3.99,21,0,,0,0,3,38.1,35,18,17,3,8,2,42,3,1,1,154,1.122,8.2,0.7,1.9,9.9,5.25,,player.fcgi?id=glasse002jos
Riley Gowens,22,2022,Illinois,Big Ten,5,4,0.556,4.86,13,13,,0,0,0,66.2,52,38,36,10,27,0,68,8,0,2,280,1.185,7,1.4,3.6,9.2,2.52,,player.fcgi?id=gowens000ril
Tommy Green,23,2022,Illinois,Big Ten,3,2,0.6,4.71,24,0,,0,0,4,28.2,20,21,15,3,19,0,34,4,0,2,128,1.36,6.3,0.9,6,10.7,1.79,,player.fcgi?id=green-000tom
Payton Hutchings*,20,2022,Illinois,Big Ten,1,0,1,1.5,1,1,,0,0,0,6,8,1,1,0,1,0,3,1,0,1,26,1.5,12,0,1.5,4.5,3,,player.fcgi?id=hutchi000pay
Clayton Johnson,20,2022,Illinois,Big Ten,0,0,,15.43,3,1,,0,0,0,4.2,6,9,8,0,10,0,6,1,0,2,32,3.429,11.6,0,19.3,11.6,0.6,,player.fcgi?id=johnso021cla
Cole Kirschsieper*,21,2022,Illinois,Big Ten,7,2,0.778,3.4,15,15,,0,0,0,87.1,75,33,33,6,29,0,88,3,0,3,360,1.191,7.7,0.6,3,9.1,3.03,,player.fcgi?id=kirsch000col
Ryan Kutt,23,2022,Illinois,Big Ten,3,2,0.6,5.4,18,4,,0,0,0,40,49,25,24,5,14,0,24,1,0,4,179,1.575,11,1.1,3.2,5.4,1.71,,player.fcgi?id=kutt--000rya
Ryan O'Hara*,21,2022,Illinois,Big Ten,0,0,,9.82,9,0,,0,0,0,7.1,10,12,8,0,4,0,8,2,1,0,40,1.909,12.3,0,4.9,9.8,2,,player.fcgi?id=ohara-001rya
Andrew Pogue,21,2022,Illinois,Big Ten,1,0,1,14,7,1,,0,0,0,9,11,14,14,3,12,0,8,6,0,1,55,2.556,11,3,12,8,0.67,,player.fcgi?id=pogue-000and
Ty Rybarczyk,22,2022,Illinois,Big Ten,4,1,0.8,5.3,22,2,,0,0,3,37.1,39,24,22,6,16,0,28,6,2,1,169,1.473,9.4,1.4,3.9,6.8,1.75,,player.fcgi?id=rybarc000ty-
Gavin Schmitt,19,2022,Illinois,Big Ten,0,0,,13.5,4,0,,0,0,0,4,5,6,6,3,3,0,2,0,0,2,19,2,11.3,6.8,6.8,4.5,0.67,,player.fcgi?id=schmit000gav
Calvin Shepherd,19,2022,Illinois,Big Ten,0,2,0,8.59,9,3,,0,0,0,14.2,23,21,14,5,12,0,14,2,0,3,88,2.386,14.1,3.1,7.4,8.6,1.17,,player.fcgi?id=shephe002cal
Izaak Siefken,19,2022,Illinois,Big Ten,0,2,0,10,8,1,,0,0,0,9,10,10,10,1,3,0,7,3,0,1,42,1.444,10,1,3,7,2.33,,player.fcgi?id=siefke000iza
Alex Vera*,20,2022,Illinois,Big Ten,0,1,0,4.18,16,0,,0,0,2,23.2,25,13,11,2,11,0,16,4,0,2,109,1.521,9.5,0.8,4.2,6.1,1.45,,player.fcgi?id=vera--000ale
Jack Wenninger,20,2022,Illinois,Big Ten,1,3,0.25,5.71,15,2,,0,0,0,34.2,30,26,22,5,24,0,30,4,0,9,160,1.558,7.8,1.3,6.2,7.8,1.25,,player.fcgi?id=wennin002jac
Brady Banker*,19,2023,Illinois,Big Ten,0,0,,11.57,6,0,,0,0,0,2.1,4,3,3,0,4,0,0,0,0,0,15,3.429,15.4,0,15.4,0,0,,player.fcgi?id=banker001bra
Korey Bunselmeyer,21,2023,Illinois,Big Ten,2,2,0.5,2.81,21,0,,0,0,2,25.2,24,14,8,1,17,0,24,10,0,3,124,1.597,8.4,0.4,6,8.4,1.41,,player.fcgi?id=bunsel000kor
TJ Constertina,23,2023,Illinois,Big Ten,2,2,0.5,3.5,23,0,,0,0,4,36,32,18,14,5,14,0,35,5,0,2,155,1.278,8,1.3,3.5,8.8,2.5,,player.fcgi?id=conste000tj-
Jack Crowder,20,2023,Illinois,Big Ten,3,3,0.5,7.87,17,6,,0,0,0,42.1,45,37,37,5,19,0,35,7,1,1,197,1.512,9.6,1.1,4,7.4,1.84,,player.fcgi?id=crowde000jac
Joe Glassey,21,2023,Illinois,Big Ten,3,1,0.75,4.25,19,0,,0,0,3,42.1,36,22,20,6,21,1,37,6,0,1,186,1.346,7.7,1.3,4.5,7.9,1.76,,player.fcgi?id=glasse002jos
Riley Gowens,23,2023,Illinois,Big Ten,2,3,0.4,6.3,12,12,,0,0,0,60,71,47,42,10,16,0,75,7,0,5,271,1.45,10.7,1.5,2.4,11.3,4.69,,player.fcgi?id=gowens000ril
Gabe Helder,19,2023,Illinois,Big Ten,0,0,,7.71,3,0,,0,0,0,2.1,2,2,2,1,1,0,3,2,0,0,12,1.286,7.7,3.9,3.9,11.6,3,,player.fcgi?id=helder000gab
Payton Hutchings*,21,2023,Illinois,Big Ten,0,0,,2.7,2,0,,0,0,0,3.1,3,1,1,0,1,0,3,0,0,0,14,1.2,8.1,0,2.7,8.1,3,,player.fcgi?id=hutchi000pay
John Lundgren*,23,2023,Illinois,Big Ten,3,2,0.6,7.83,19,0,,0,0,0,23,32,20,20,4,4,0,21,7,0,2,109,1.565,12.5,1.6,1.6,8.2,5.25,,player.fcgi?id=lundgr000joh
Ryan O'Hara*,22,2023,Illinois,Big Ten,0,1,0,9,6,0,,0,0,0,5,6,7,5,2,2,0,3,1,0,0,25,1.6,10.8,3.6,3.6,5.4,1.5,,player.fcgi?id=ohara-001rya
Ben Plumley,19,2023,Illinois,Big Ten,0,0,,13.5,1,0,,0,0,0,0.2,1,1,1,0,3,0,1,0,0,0,6,6,13.5,0,40.5,13.5,0.33,,player.fcgi?id=plumle000ben
Ty Rybarczyk,23,2023,Illinois,Big Ten,0,1,0,15.75,1,0,,0,0,0,4,6,7,7,3,3,0,3,0,1,1,21,2.25,13.5,6.8,6.8,6.8,1,,player.fcgi?id=rybarc000ty-
Julius Sanchez,19,2023,Illinois,Big Ten,0,5,0,6.79,16,11,,0,0,0,50.1,69,43,38,7,28,0,32,11,2,9,253,1.927,12.3,1.3,5,5.7,1.14,,player.fcgi?id=sanche008jul
Jake Swartz,19,2023,Illinois,Big Ten,2,2,0.5,7.68,13,9,,0,0,0,34,49,31,29,6,14,0,35,10,0,1,170,1.853,13,1.6,3.7,9.3,2.5,,player.fcgi?id=swartz000jak
Logan Tabeling,21,2023,Illinois,Big Ten,1,0,1,6.75,14,0,,0,0,0,16,17,12,12,3,14,0,13,1,0,4,78,1.938,9.6,1.7,7.9,7.3,0.93,,player.fcgi?id=tabeli000log
Alex Vera*,21,2023,Illinois,Big Ten,1,1,0.5,5.74,20,0,,0,0,2,31.1,38,25,20,4,10,1,33,7,1,3,149,1.532,10.9,1.1,2.9,9.5,3.3,,player.fcgi?id=vera--000ale
Jack Wenninger,21,2023,Illinois,Big Ten,6,4,0.6,4.59,15,14,,1,1,0,80.1,69,42,41,10,28,1,76,7,0,4,337,1.207,7.7,1.1,3.1,8.5,2.71,,player.fcgi?id=wennin002jac
Tommy White,19,2023,Illinois,Big Ten,0,0,,3,4,0,,0,0,0,3,2,2,1,1,0,0,2,0,0,1,12,0.667,6,3,0,6,,,player.fcgi?id=white-001tom
Korey Bunselmeyer,22,2024,Illinois,Big Ten,3,0,1,4.44,21,0,,0,0,1,26.1,30,19,13,2,13,0,16,3,0,1,125,1.633,10.3,0.7,4.4,5.5,1.23,,player.fcgi?id=bunsel000kor
Evan Clark*,22,2024,Illinois,Big Ten,0,0,,1.23,9,0,,0,0,0,7.1,8,6,1,0,7,0,11,3,1,1,40,2.045,9.8,0,8.6,13.5,1.57,,player.fcgi?id=clark-002eva
Jack Crowder,21,2024,Illinois,Big Ten,8,2,0.8,4.88,16,16,,0,0,0,90.1,72,54,49,16,38,0,80,14,0,14,392,1.218,7.2,1.6,3.8,8,2.11,,player.fcgi?id=crowde000jac
Reed Gannon*,21,2024,Illinois,Big Ten,0,0,,13.5,6,0,,0,0,0,4,6,7,6,0,7,0,5,2,0,2,28,3.25,13.5,0,15.8,11.3,0.71,,player.fcgi?id=gannon000ree
Joe Glassey,22,2024,Illinois,Big Ten,1,1,0.5,4.93,24,0,,0,0,9,34.2,32,22,19,6,8,0,34,4,1,1,142,1.154,8.3,1.6,2.1,8.8,4.25,,player.fcgi?id=glasse002jos
Regan Hall*,19,2024,Illinois,Big Ten,3,1,0.75,5.58,16,2,,0,0,2,40.1,34,26,25,3,20,0,35,9,0,1,175,1.339,7.6,0.7,4.5,7.8,1.75,,player.fcgi?id=hall--001reg
Payton Hutchings*,22,2024,Illinois,Big Ten,3,3,0.5,7.65,17,4,,0,0,0,37.2,48,32,32,10,20,0,31,9,0,8,180,1.805,11.5,2.4,4.8,7.4,1.55,,player.fcgi?id=hutchi000pay
Will Lavin,23,2024,Illinois,Big Ten,3,1,0.75,7.48,19,0,,0,0,0,21.2,27,19,18,2,11,0,21,3,0,9,103,1.754,11.2,0.8,4.6,8.7,1.91,,player.fcgi?id=lavin-000wil
Cooper Omans*,23,2024,Illinois,Big Ten,4,1,0.8,3.73,14,12,,0,0,0,60.1,47,27,25,7,28,0,56,8,0,4,257,1.243,7,1,4.2,8.4,2,,player.fcgi?id=omans-000coo
Ben Plumley,20,2024,Illinois,Big Ten,2,3,0.4,4.33,23,0,,0,0,0,35.1,33,18,17,4,14,0,33,4,0,6,154,1.33,8.4,1,3.6,8.4,2.36,,player.fcgi?id=plumle000ben
Sam Reed*,20,2024,Illinois,Big Ten,1,2,0.333,9.93,11,7,,0,0,0,29,35,33,32,11,16,0,32,4,1,2,142,1.759,10.9,3.4,5,9.9,2,,player.fcgi?id=reed--002sam
Jake Rons,23,2024,Illinois,Big Ten,4,1,0.8,6.6,23,2,,0,0,2,30,29,25,22,7,19,0,22,2,0,5,137,1.6,8.7,2.1,5.7,6.6,1.16,,player.fcgi?id=rons--000jak
Julius Sanchez,20,2024,Illinois,Big Ten,1,0,1,8.31,10,0,,0,0,0,13,17,13,12,4,5,0,13,2,0,2,63,1.692,11.8,2.8,3.5,9,2.6,,player.fcgi?id=sanche008jul
Jake Swartz,20,2024,Illinois,Big Ten,2,3,0.4,7.5,14,9,,0,0,1,42,56,40,35,15,17,0,37,8,0,0,199,1.738,12,3.2,3.6,7.9,2.18,,player.fcgi?id=swartz000jak
Logan Tabeling,22,2024,Illinois,Big Ten,0,3,0,8.35,6,4,,0,0,0,18.1,13,17,17,2,17,0,24,3,0,4,88,1.636,6.4,1,8.3,11.8,1.41,,player.fcgi?id=tabeli000log
Zach Bates*,20,2025,Illinois,Big Ten,2,2,0.5,2.83,23,0,,0,0,8,28.2,15,10,9,1,16,0,34,9,0,3,126,1.081,4.7,0.3,5,10.7,2.13,,player.fcgi?id=bates-001zac
Evan Clark*,23,2025,Illinois,Big Ten,1,0,1,11.65,17,0,,0,0,0,17,25,24,22,2,14,0,18,5,0,8,95,2.294,13.2,1.1,7.4,9.5,1.29,,player.fcgi?id=clark-002eva
Ryan Daly,22,2025,Illinois,Big Ten,1,2,0.333,8.69,13,6,,0,0,1,29,35,31,28,9,11,0,28,5,0,4,139,1.586,10.9,2.8,3.4,8.7,2.55,,player.fcgi?id=daly--000rya
Mitch Dye,21,2025,Illinois,Big Ten,0,2,0,7.43,21,0,,0,0,0,23,28,22,19,2,14,0,29,6,0,4,115,1.826,11,0.8,5.5,11.3,2.07,,player.fcgi?id=dye---000mit
Reed Gannon*,22,2025,Illinois,Big Ten,2,2,0.5,6.15,23,1,,0,0,1,26.1,27,21,18,3,14,0,21,3,0,4,123,1.557,9.2,1,4.8,7.2,1.5,,player.fcgi?id=gannon000ree
Nolan Girard*,18,2025,Illinois,Big Ten,1,0,1,3.12,8,0,,0,0,0,8.2,9,3,3,1,5,0,1,4,0,2,44,1.615,9.3,1,5.2,1,0.2,,player.fcgi?id=girard001nol
Regan Hall*,20,2025,Illinois,Big Ten,7,4,0.636,6.38,14,12,,1,0,0,67.2,81,49,48,8,18,2,38,10,1,6,303,1.463,10.8,1.1,2.4,5.1,2.11,,player.fcgi?id=hall--001reg
Payton Hutchings*,23,2025,Illinois,Big Ten,2,2,0.5,5.65,15,2,,0,0,1,28.2,28,21,18,4,9,0,20,5,0,3,124,1.291,8.8,1.3,2.8,6.3,2.22,,player.fcgi?id=hutchi000pay
Reece Marley*,23,2025,Illinois,Big Ten,0,0,,15.43,4,1,,0,0,0,4.2,8,8,8,4,4,0,3,2,0,4,27,2.571,15.4,7.7,7.7,5.8,0.75,,player.fcgi?id=marley000ree
Brayden Mazzacano*,19,2025,Illinois,Big Ten,0,0,,10.8,3,1,,0,0,0,5,9,6,6,2,2,0,3,1,0,1,26,2.2,16.2,3.6,3.6,5.4,1.5,,player.fcgi?id=mazzac000bra
Christian Morel,24,2025,Illinois,Big Ten,0,0,,6.1,10,0,,0,0,0,10.1,14,8,7,1,5,0,4,1,0,1,49,1.839,12.2,0.9,4.4,3.5,0.8,,player.fcgi?id=morel-001chr
Aden O'Donnell,20,2025,Illinois,Big Ten,0,0,,0,1,0,,0,0,0,1,2,0,0,0,0,0,0,0,0,0,6,2,18,0,0,0,,,player.fcgi?id=odonne000ade
Ben Plumley,21,2025,Illinois,Big Ten,3,3,0.5,6.26,10,10,,0,0,0,46,49,40,32,7,21,0,40,10,0,4,222,1.522,9.6,1.4,4.1,7.8,1.9,,player.fcgi?id=plumle000ben
Sam Reed*,21,2025,Illinois,Big Ten,3,1,0.75,8.82,18,0,,0,0,0,33.2,48,36,33,8,22,0,31,2,0,2,173,2.079,12.8,2.1,5.9,8.3,1.41,,player.fcgi?id=reed--002sam
Grant Ross,22,2025,Illinois,Big Ten,0,1,0,5.4,3,0,,0,0,0,3.1,4,2,2,0,5,1,1,0,0,1,17,2.7,10.8,0,13.5,2.7,0.2,,player.fcgi?id=ross--000gra
Julius Sanchez,21,2025,Illinois,Big Ten,1,0,1,4.5,3,3,,0,0,0,16,16,8,8,0,3,0,17,0,0,3,67,1.188,9,0,1.7,9.6,5.67,,player.fcgi?id=sanche008jul
Tyler Schmitt,20,2025,Illinois,Big Ten,5,2,0.714,4.8,15,15,,0,0,0,80.2,82,48,43,4,45,0,58,5,1,5,364,1.574,9.1,0.4,5,6.5,1.29,,player.fcgi?id=schmit003tyl
Jake Swartz,21,2025,Illinois,Big Ten,1,1,0.5,5.79,11,2,,0,0,1,18.2,15,12,12,2,8,0,10,3,0,5,82,1.232,7.2,1,3.9,4.8,1.25,,player.fcgi?id=swartz000jak
Luke Weber,18,2025,Illinois,Big Ten,1,2,0.333,13.5,14,1,,0,0,1,13.1,26,20,20,1,10,0,8,3,0,1,76,2.7,17.6,0.7,6.8,5.4,0.8,,player.fcgi?id=weber-001luk
Mitch Dye,22,2026,Illinois,Big Ten,1,2,0.333,6.57,15,8,,0,0,0,50.2,52,42,37,9,25,0,46,6,0,5,235,1.52,9.2,1.6,4.4,8.2,1.84,,player.fcgi?id=dye---000mit
Aidan Flinn*,--,2026,Illinois,Big Ten,1,3,0.25,2.79,15,13,,0,0,0,61.1,38,21,19,3,13,0,58,14,0,2,246,0.832,5.6,0.4,1.9,8.5,4.46,,player.fcgi?id=flinn-000aid
Reed Gannon*,23,2026,Illinois,Big Ten,5,2,0.714,4.3,21,0,,0,0,3,37.2,35,20,18,3,7,0,29,7,0,2,160,1.115,8.4,0.7,1.7,6.9,4.14,,player.fcgi?id=gannon000ree
Regan Hall*,21,2026,Illinois,Big Ten,7,6,0.538,6.03,15,15,,0,0,0,77.2,101,59,52,6,19,0,75,8,2,4,358,1.545,11.7,0.7,2.2,8.7,3.95,,player.fcgi?id=hall--001reg
Tore Indomenico*,21,2026,Illinois,Big Ten,0,0,,6,3,0,,0,0,0,3,4,5,2,0,6,0,3,1,1,3,19,3.333,12,0,18,9,0.5,,player.fcgi?id=indome000tor
Ryan Johnson,20,2026,Illinois,Big Ten,0,0,,27,4,1,,0,0,0,3,7,10,9,0,2,0,2,4,0,1,23,3,21,0,6,6,1,,player.fcgi?id=johnso029rya
Richie LaCien,23,2026,Illinois,Big Ten,1,0,1,5.79,7,1,,0,0,0,9.1,11,7,6,0,5,0,7,1,0,0,46,1.714,10.6,0,4.8,6.8,1.4,,player.fcgi?id=lacien000ric
Olivier Martel,21,2026,Illinois,Big Ten,0,1,0,7.11,16,0,,0,0,0,19,25,15,15,2,15,0,21,2,2,3,96,2.105,11.8,0.9,7.1,9.9,1.4,,player.fcgi?id=martel000oli
Brayden Mazzacano*,20,2026,Illinois,Big Ten,0,0,,7.04,6,0,,0,0,0,7.2,12,6,6,1,7,0,7,1,0,1,41,2.478,14.1,1.2,8.2,8.2,1,,player.fcgi?id=mazzac000bra
Liam McKillop,23,2026,Illinois,Big Ten,0,1,0,6.59,15,0,,0,0,0,13.2,11,11,10,1,10,0,15,1,0,1,63,1.537,7.2,0.7,6.6,9.9,1.5,,player.fcgi?id=mckill000lia
Sam Mommer,19,2026,Illinois,Big Ten,4,2,0.667,3.43,18,4,,0,0,1,44.2,31,21,17,6,19,0,38,3,0,2,184,1.119,6.2,1.2,3.8,7.7,2,,player.fcgi?id=mommer000sam
Ryan Ohm,21,2026,Illinois,Big Ten,0,0,,2.12,6,2,,0,0,0,17,11,5,4,2,3,0,14,3,0,0,67,0.824,5.8,1.1,1.6,7.4,4.67,,player.fcgi?id=ohm---000rya
Ben Plumley,22,2026,Illinois,Big Ten,1,3,0.25,7.33,12,5,,0,0,0,27,31,23,22,7,12,0,11,5,0,2,122,1.593,10.3,2.3,4,3.7,0.92,,player.fcgi?id=plumle000ben
Sam Reed*,22,2026,Illinois,Big Ten,2,1,0.667,3.1,18,1,,0,0,0,29,27,13,10,3,16,0,18,3,0,0,132,1.483,8.4,0.9,5,5.6,1.13,,player.fcgi?id=reed--002sam
Kyle Remington,22,2026,Illinois,Big Ten,4,2,0.667,3.49,11,0,,0,0,1,28.1,22,11,11,1,11,0,27,2,0,1,118,1.165,7,0.3,3.5,8.6,2.45,,player.fcgi?id=reming000kyl
Luke Weber,19,2026,Illinois,Big Ten,1,1,0.5,8.31,12,0,,0,0,0,17.1,22,16,16,4,7,0,16,1,0,3,80,1.673,11.4,2.1,3.6,8.3,2.29,,player.fcgi?id=weber-001luk
Ike Young,18,2026,Illinois,Big Ten,1,3,0.25,10.38,17,5,,0,0,0,30.1,37,37,35,10,22,0,39,5,0,2,152,1.945,11,3,6.5,11.6,1.77,,player.fcgi?id=young-000ike
Blair Betts?,--,2011,Indiana,Big Ten,,,,0,,0,,,0,,2,3,0,0,,5,,1,,,,,4,13.5,,22.5,4.5,0.2,,player.fcgi?id=betts-000bla
Matt Carr,23,2011,Indiana,Big Ten,,,,3.86,,0,,,0,,44.1,36,25,19,,19,,39,,,,,1.241,7.3,,3.9,7.9,2.05,,player.fcgi?id=carr--000mat
Matt Dearden,19,2011,Indiana,Big Ten,,,,4.89,,4,,,0,,42.1,42,26,23,,23,,24,,,,,1.535,8.9,,4.9,5.1,1.04,,player.fcgi?id=dearde000mat
Joey DeNato*,19,2011,Indiana,Big Ten,,,,2.77,,9,,,0,,65,61,25,20,,31,,53,,,,,1.415,8.4,,4.3,7.3,1.71,,player.fcgi?id=denato000joe
Ryan Halstead,19,2011,Indiana,Big Ten,,,,3.09,,0,,,0,,32,35,11,11,,10,,18,,,,,1.406,9.8,,2.8,5.1,1.8,,player.fcgi?id=halste001rya
Jonny Hoffman,20,2011,Indiana,Big Ten,,,,5.79,,0,,,0,,23.1,27,17,15,,4,,18,,,,,1.329,10.4,,1.5,6.9,4.5,,player.fcgi?id=hoffma000jon
Matt Igel?,--,2011,Indiana,Big Ten,,,,3.38,,1,,,0,,8,6,5,3,,8,,3,,,,,1.75,6.8,,9,3.4,0.38,,player.fcgi?id=igel--000mat
Eric Kartman?,--,2011,Indiana,Big Ten,,,,3.6,,0,,,0,,10,12,6,4,,7,,5,,,,,1.9,10.8,,6.3,4.5,0.71,,player.fcgi?id=kartma000eri
Trace Knoblauch?,--,2011,Indiana,Big Ten,,,,0,,0,,,0,,1,0,0,0,,0,,0,,,,,0,0,,0,0,,,player.fcgi?id=knobla000tra
Brian Korte*,19,2011,Indiana,Big Ten,,,,4.5,,9,,,0,,42,44,25,21,,9,,17,,,,,1.262,9.4,,1.9,3.6,1.89,,player.fcgi?id=korte-000bri
Drew Leininger?,--,2011,Indiana,Big Ten,,,,5.65,,8,,,0,,51,66,43,32,,20,,35,,,,,1.686,11.6,,3.5,6.2,1.75,,player.fcgi?id=leinin000dre
Chad Martin,21,2011,Indiana,Big Ten,,,,3.38,,8,,,0,,72,67,40,27,,19,,34,,,,,1.194,8.4,,2.4,4.3,1.79,,player.fcgi?id=martin009cha
Blake Monar*,22,2011,Indiana,Big Ten,,,,3.49,,13,,,0,,80,84,37,31,,34,,61,,,,,1.475,9.5,,3.8,6.9,1.79,,player.fcgi?id=monar-001bla
Reed Reznicek?,--,2011,Indiana,Big Ten,,,,11.57,,1,,,0,,7,7,10,9,,8,,9,,,,,2.143,9,,10.3,11.6,1.13,,player.fcgi?id=reznic000ree
Aaron Slegers,18,2011,Indiana,Big Ten,,,,0,,0,,,0,,1,0,0,0,,0,,0,,,,,0,0,,0,0,,,player.fcgi?id=sleger000aar
Casey Smith?,--,2011,Indiana,Big Ten,,,,4.5,,0,,,0,,20,24,13,10,,14,,20,,,,,1.9,10.8,,6.3,9,1.43,,player.fcgi?id=smith-004cas
Dylan Swift?,--,2011,Indiana,Big Ten,,,,3,,0,,,0,,3,3,1,1,,1,,3,,,,,1.333,9,,3,9,3,,player.fcgi?id=swift-000dyl
Tyler Thicke*,19,2011,Indiana,Big Ten,,,,5.4,,2,,,0,,10,9,6,6,,13,,6,,,,,2.2,8.1,,11.7,5.4,0.46,,player.fcgi?id=thicke000tyl
Hunter Brown?,--,2012,Indiana,Big Ten,0,0,,5.79,4,1,,,0,0,9.1,9,8,6,0,5,0,6,0,1,1,42,1.5,8.7,0,4.8,5.8,1.2,,player.fcgi?id=brown-002hun
Chad Clark?,--,2012,Indiana,Big Ten,0,0,,27,1,0,,,0,0,1,2,3,3,0,2,0,0,1,0,1,7,4,18,0,18,0,0,,player.fcgi?id=clark-009cha
Matt Dearden,20,2012,Indiana,Big Ten,1,6,0.143,4.29,24,2,,,0,3,42,47,23,20,0,16,0,33,5,0,9,189,1.5,10.1,0,3.4,7.1,2.06,,player.fcgi?id=dearde000mat
Joey DeNato*,20,2012,Indiana,Big Ten,7,3,0.7,3.41,15,15,,,0,0,92.1,97,42,35,7,31,0,76,4,0,7,393,1.386,9.5,0.7,3,7.4,2.45,,player.fcgi?id=denato000joe
Ryan Halstead,20,2012,Indiana,Big Ten,4,2,0.667,5.01,22,4,,,0,2,46.2,47,29,26,5,17,3,28,5,1,4,210,1.371,9.1,1,3.3,5.4,1.65,,player.fcgi?id=halste001rya
Luke Harrison,19,2012,Indiana,Big Ten,1,0,1,5.74,13,4,,,0,0,26.2,37,24,17,1,12,1,24,2,0,10,133,1.838,12.5,0.3,4.1,8.1,2,,player.fcgi?id=harris000luk
Kyle Hart*,19,2012,Indiana,Big Ten,5,5,0.5,3.21,15,15,,,1,0,84,91,37,30,5,30,1,53,5,3,5,368,1.44,9.8,0.5,3.2,5.7,1.77,,player.fcgi?id=hart--000kyl
Jonny Hoffman,21,2012,Indiana,Big Ten,8,2,0.8,2.27,29,0,,,0,5,63.1,57,23,16,3,17,2,35,7,0,4,268,1.168,8.1,0.4,2.4,5,2.06,,player.fcgi?id=hoffma000jon
Eric Kartman?,--,2012,Indiana,Big Ten,0,0,,36,1,0,,,0,0,1,3,6,4,0,1,0,1,3,0,3,10,4,27,0,9,9,1,,player.fcgi?id=kartma000eri
Brian Korte*,20,2012,Indiana,Big Ten,0,4,0,7.66,15,1,,,0,0,24.2,32,27,21,1,19,0,18,1,2,4,124,2.068,11.7,0.4,6.9,6.6,0.95,,player.fcgi?id=korte-000bri
Drew Leininger?,--,2012,Indiana,Big Ten,2,2,0.5,8.39,15,5,,,0,0,34.1,55,47,32,3,15,2,24,4,0,6,184,2.039,14.4,0.8,3.9,6.3,1.6,,player.fcgi?id=leinin000dre
Chad Martin,22,2012,Indiana,Big Ten,2,3,0.4,4.79,19,9,,,0,0,67.2,80,44,36,6,27,0,47,5,0,8,303,1.581,10.6,0.8,3.6,6.3,1.74,,player.fcgi?id=martin009cha
Collin McEnery?,--,2012,Indiana,Big Ten,1,0,1,2.89,7,3,,,0,0,9.1,5,5,3,0,8,0,9,2,0,1,43,1.393,4.8,0,7.7,8.7,1.13,,player.fcgi?id=mcener000col
Reed Reznicek?,--,2012,Indiana,Big Ten,0,0,,5.79,4,0,,,0,0,4.2,6,6,3,0,7,0,6,0,1,2,28,2.786,11.6,0,13.5,11.6,0.86,,player.fcgi?id=reznic000ree
Spencer Sapp*,--,2012,Indiana,Big Ten,0,0,,8.44,6,0,,,0,0,5.1,7,6,5,2,2,0,2,2,0,0,28,1.688,11.8,3.4,3.4,3.4,1,,player.fcgi?id=sapp--000spe
Aaron Slegers,19,2012,Indiana,Big Ten,0,1,0,6.14,5,0,,,0,1,7.1,9,7,5,0,4,0,5,1,0,1,38,1.773,11,0,4.9,6.1,1.25,,player.fcgi?id=sleger000aar
Walker Stadler?,--,2012,Indiana,Big Ten,1,0,1,5.57,12,1,,,0,0,21,27,17,13,5,13,0,17,2,1,9,102,1.905,11.6,2.1,5.6,7.3,1.31,,player.fcgi?id=stadle000wal
Evan Bell,19,2013,Indiana,Big Ten,1,0,1,3.41,14,1,,,0,0,29,29,15,11,3,5,0,17,3,0,1,123,1.172,9,0.9,1.6,5.3,3.4,,player.fcgi?id=bell--000eva
Will Coursen-Carr*,19,2013,Indiana,Big Ten,5,0,1,1.93,17,11,,,0,1,65.1,54,18,14,1,27,2,37,11,1,12,278,1.24,7.4,0.1,3.7,5.1,1.37,,player.fcgi?id=course000wil
Matt Dearden,21,2013,Indiana,Big Ten,0,1,0,4.5,5,0,,,0,0,6,5,3,3,0,4,0,4,0,1,1,27,1.5,7.5,0,6,6,1,,player.fcgi?id=dearde000mat
Joey DeNato*,21,2013,Indiana,Big Ten,10,2,0.833,2.52,19,18,,,1,0,103.2,97,36,29,2,43,2,87,8,0,4,447,1.35,8.4,0.2,3.7,7.6,2.02,,player.fcgi?id=denato000joe
Scott Effross,19,2013,Indiana,Big Ten,6,1,0.857,2.44,28,0,,,0,5,62.2,53,21,17,0,13,1,34,5,1,3,254,1.053,7.6,0,1.9,4.9,2.62,,player.fcgi?id=effros000sco
Ryan Halstead,21,2013,Indiana,Big Ten,4,5,0.444,2.89,28,0,,,0,11,43.2,30,15,14,4,12,2,48,5,1,1,179,0.962,6.2,0.8,2.5,9.9,4,,player.fcgi?id=halste001rya
Luke Harrison,20,2013,Indiana,Big Ten,4,2,0.667,2.82,22,0,,,0,0,38.1,36,14,12,1,9,0,32,4,0,1,162,1.174,8.5,0.2,2.1,7.5,3.56,,player.fcgi?id=harris000luk
Kyle Hart*,20,2013,Indiana,Big Ten,8,2,0.8,3.01,15,15,,,0,0,83.2,83,41,28,2,27,2,50,7,0,6,360,1.315,8.9,0.2,2.9,5.4,1.85,,player.fcgi?id=hart--000kyl
Brian Korte*,21,2013,Indiana,Big Ten,1,0,1,1.65,17,0,,,0,1,16.1,14,3,3,2,8,0,7,0,0,4,66,1.347,7.7,1.1,4.4,3.9,0.88,,player.fcgi?id=korte-000bri
Christian Morris,19,2013,Indiana,Big Ten,1,1,0.5,4.68,13,2,,,0,0,25,35,14,13,2,7,0,12,1,2,3,114,1.68,12.6,0.7,2.5,4.3,1.71,,player.fcgi?id=morris002chr
Aaron Slegers,20,2013,Indiana,Big Ten,9,2,0.818,2.04,18,18,,,0,0,106,108,35,24,1,17,2,59,3,0,7,445,1.179,9.2,0.1,1.4,5,3.47,,player.fcgi?id=sleger000aar
Sully Stadler*,19,2013,Indiana,Big Ten,0,0,,0,1,0,,,0,0,1,0,0,0,0,3,0,1,0,0,0,6,3,0,0,27,9,0.33,,player.fcgi?id=stadle000sul
Walker Stadler?,--,2013,Indiana,Big Ten,0,0,,4.82,6,0,,,0,0,9.1,3,5,5,0,11,0,6,1,0,4,41,1.5,2.9,0,10.6,5.8,0.55,,player.fcgi?id=stadle000wal
Thomas Belcher,20,2014,Indiana,Big Ten,1,0,1,1.91,15,0,,,0,4,33,33,7,7,1,4,0,23,1,0,1,133,1.121,9,0.3,1.1,6.3,5.75,,player.fcgi?id=belche002tho
Evan Bell,20,2014,Indiana,Big Ten,2,1,0.667,3.32,12,1,,,0,0,21.2,23,8,8,1,7,1,16,4,0,4,96,1.385,9.6,0.4,2.9,6.6,2.29,,player.fcgi?id=bell--000eva
Will Coursen-Carr*,20,2014,Indiana,Big Ten,2,2,0.5,3.49,16,7,,,0,0,38.2,35,21,15,0,25,1,24,3,1,5,176,1.552,8.1,0,5.8,5.6,0.96,,player.fcgi?id=course000wil
Joey DeNato*,22,2014,Indiana,Big Ten,13,1,0.929,1.82,17,16,,,0,0,109,91,26,22,4,39,2,81,8,0,5,441,1.193,7.5,0.3,3.2,6.7,2.08,,player.fcgi?id=denato000joe
Scott Effross,20,2014,Indiana,Big Ten,5,3,0.625,1.98,32,1,,,0,5,54.2,56,15,12,1,11,5,40,1,0,0,230,1.226,9.2,0.2,1.8,6.6,3.64,,player.fcgi?id=effros000sco
Ryan Halstead,22,2014,Indiana,Big Ten,0,0,,0,4,0,,,0,1,3.1,2,0,0,0,3,0,4,1,0,0,16,1.5,5.4,0,8.1,10.8,1.33,,player.fcgi?id=halste001rya
Luke Harrison,21,2014,Indiana,Big Ten,6,0,1,2.21,27,0,,,0,3,53,47,24,13,1,10,2,57,2,1,0,216,1.075,8,0.2,1.7,9.7,5.7,,player.fcgi?id=harris000luk
Kyle Hart*,21,2014,Indiana,Big Ten,3,1,0.75,2.29,9,6,,,0,1,35.1,19,10,9,2,14,0,25,5,0,0,142,0.934,4.8,0.5,3.6,6.4,1.79,,player.fcgi?id=hart--000kyl
Jake Kelzer,21,2014,Indiana,Big Ten,1,3,0.25,3.13,25,0,,,0,3,31.2,27,11,11,1,9,1,44,3,0,6,131,1.137,7.7,0.3,2.6,12.5,4.89,,player.fcgi?id=kelzer000jak
Brian Korte*,22,2014,Indiana,Big Ten,3,0,1,2.45,16,8,,,0,0,40.1,36,11,11,1,13,1,30,5,1,0,167,1.215,8,0.2,2.9,6.7,2.31,,player.fcgi?id=korte-000bri
Christian Morris,20,2014,Indiana,Big Ten,6,3,0.667,2.04,16,14,,,0,0,83.2,76,31,19,2,21,1,47,16,2,5,362,1.159,8.2,0.2,2.3,5.1,2.24,,player.fcgi?id=morris002chr
Sully Stadler*,20,2014,Indiana,Big Ten,2,1,0.667,2.7,13,6,,,0,0,26.2,19,10,8,1,12,0,18,2,0,0,113,1.163,6.4,0.3,4.1,6.1,1.5,,player.fcgi?id=stadle000sul
Kent Williams,20,2014,Indiana,Big Ten,0,0,,9,2,0,,,0,0,3,6,3,3,0,1,0,1,0,1,0,16,2.333,18,0,3,3,1,,player.fcgi?id=willia015ken
Caleb Baragar*,21,2015,Indiana,Big Ten,1,4,0.2,3.47,15,12,,,0,0,57,49,27,22,6,21,0,50,5,2,0,241,1.228,7.7,0.9,3.3,7.9,2.38,,player.fcgi?id=barage000cal
Thomas Belcher,21,2015,Indiana,Big Ten,3,1,0.75,2.44,27,0,,,0,0,48,44,16,13,1,5,0,46,8,1,1,198,1.021,8.3,0.2,0.9,8.6,9.2,,player.fcgi?id=belche002tho
Evan Bell,21,2015,Indiana,Big Ten,2,2,0.5,3.62,21,3,,,0,0,49.2,48,27,20,1,14,0,37,8,0,4,217,1.248,8.7,0.2,2.5,6.7,2.64,,player.fcgi?id=bell--000eva
Will Coursen-Carr*,21,2015,Indiana,Big Ten,1,1,0.5,4.11,8,1,,,0,0,15.1,14,8,7,2,7,0,14,2,1,1,68,1.37,8.2,1.2,4.1,8.2,2,,player.fcgi?id=course000wil
Scott Effross,21,2015,Indiana,Big Ten,4,4,0.5,2.35,21,7,,,0,2,61.1,50,20,16,3,9,0,51,5,0,1,249,0.962,7.3,0.4,1.3,7.5,5.67,,player.fcgi?id=effros000sco
Austin Foote*,20,2015,Indiana,Big Ten,1,1,0.5,4.58,22,0,,,0,0,17.2,19,10,9,3,10,0,26,4,0,1,89,1.642,9.7,1.5,5.1,13.2,2.6,,player.fcgi?id=foote-000aus
Ryan Halstead,23,2015,Indiana,Big Ten,2,2,0.5,2.59,29,0,,,0,10,41.2,34,14,12,2,6,1,55,5,0,4,169,0.96,7.3,0.4,1.3,11.9,9.17,,player.fcgi?id=halste001rya
Luke Harrison,22,2015,Indiana,Big Ten,4,2,0.667,2.02,25,2,,,0,3,49,38,14,11,4,13,3,61,4,0,4,202,1.041,7,0.7,2.4,11.2,4.69,,player.fcgi?id=harris000luk
Kyle Hart*,22,2015,Indiana,Big Ten,5,0,1,1.21,10,8,,,0,0,37.1,35,7,5,2,3,0,30,1,0,0,144,1.018,8.4,0.5,0.7,7.2,10,,player.fcgi?id=hart--000kyl
Brian Hobbie,19,2015,Indiana,Big Ten,3,1,0.75,6.27,11,3,,,0,0,18.2,17,15,13,1,6,1,19,6,0,5,89,1.232,8.2,0.5,2.9,9.2,3.17,,player.fcgi?id=hobbie000bri
Jake Kelzer,22,2015,Indiana,Big Ten,4,5,0.444,3.95,17,11,,,0,1,73,65,44,32,4,31,0,57,9,0,7,322,1.315,8,0.5,3.8,7,1.84,,player.fcgi?id=kelzer000jak
Christian Morris,21,2015,Indiana,Big Ten,4,1,0.8,5.55,16,12,,,0,0,60,79,41,37,4,18,0,45,8,1,4,283,1.617,11.9,0.6,2.7,6.8,2.5,,player.fcgi?id=morris002chr
Kent Williams,21,2015,Indiana,Big Ten,1,0,1,9,3,0,,,0,0,3,4,3,3,2,2,0,2,0,1,0,15,2,12,6,6,6,1,,player.fcgi?id=willia015ken
Caleb Baragar*,22,2016,Indiana,Big Ten,4,4,0.5,2.49,15,15,,0,0,0,86.2,65,31,24,4,22,0,74,5,1,1,349,1.004,6.8,0.4,2.3,7.7,3.36,,player.fcgi?id=barage000cal
Cam Beauchamp*,18,2016,Indiana,Big Ten,3,2,0.6,1.32,22,0,,0,0,4,41,25,10,6,0,12,0,48,3,0,0,163,0.902,5.5,0,2.6,10.5,4,,player.fcgi?id=beauch000cam
Thomas Belcher,22,2016,Indiana,Big Ten,5,3,0.625,2.47,28,0,,0,0,7,43.2,36,13,12,1,11,2,34,4,0,0,176,1.076,7.4,0.2,2.3,7,3.09,,player.fcgi?id=belche002tho
Evan Bell,22,2016,Indiana,Big Ten,2,5,0.286,3.36,15,15,,2,0,0,85.2,84,34,32,3,25,0,45,14,0,4,361,1.272,8.8,0.3,2.6,4.7,1.8,,player.fcgi?id=bell--000eva
Will Coursen-Carr*,22,2016,Indiana,Big Ten,0,0,,0,1,0,,0,0,0,0.1,0,0,0,0,2,0,0,0,0,1,3,6,0,0,54,0,0,,player.fcgi?id=course000wil
Austin Foote*,21,2016,Indiana,Big Ten,0,0,,10.38,5,0,,0,0,0,4.1,10,10,5,2,2,0,3,0,0,0,27,2.769,20.8,4.2,4.2,6.2,1.5,,player.fcgi?id=foote-000aus
Kyle Hart*,23,2016,Indiana,Big Ten,10,4,0.714,3.29,15,15,,2,0,0,98.1,91,41,36,9,15,0,79,8,3,1,401,1.078,8.3,0.8,1.4,7.2,5.27,,player.fcgi?id=hart--000kyl
Tim Herrin*,19,2016,Indiana,Big Ten,0,0,,0,4,0,,0,0,0,3,1,0,0,0,2,0,3,0,0,0,12,1,3,0,6,9,1.5,,player.fcgi?id=herrin000tim
Brian Hobbie,20,2016,Indiana,Big Ten,0,0,,2.08,8,0,,0,0,0,8.2,4,2,2,0,5,0,3,1,0,3,35,1.038,4.2,0,5.2,3.1,0.6,,player.fcgi?id=hobbie000bri
Pauly Milto,19,2016,Indiana,Big Ten,4,1,0.8,3.38,14,2,,0,0,0,26.2,24,14,10,2,12,0,27,2,0,3,118,1.35,8.1,0.7,4.1,9.1,2.25,,player.fcgi?id=milto-000pau
B.J. Sabol*,22,2016,Indiana,Big Ten,1,2,0.333,3.42,21,0,,0,0,0,23.2,20,13,9,1,8,1,32,7,0,1,105,1.183,7.6,0.4,3,12.2,4,,player.fcgi?id=sabol-000bj-
Chandler Sedat,19,2016,Indiana,Big Ten,0,0,,18,1,0,,0,0,0,1,2,2,2,0,1,0,2,0,0,2,6,3,18,0,9,18,2,,player.fcgi?id=sedat-000cha
Sully Stadler*,22,2016,Indiana,Big Ten,0,0,,8.31,4,0,,0,0,0,4.1,3,4,4,1,4,0,5,0,0,1,19,1.615,6.2,2.1,8.3,10.4,1.25,,player.fcgi?id=stadle000sul
Luke Stephenson,22,2016,Indiana,Big Ten,1,2,0.333,4.5,14,5,,0,0,0,30,38,17,15,2,2,0,17,3,0,0,129,1.333,11.4,0.6,0.6,5.1,8.5,,player.fcgi?id=stephe000luk
Jonathan Stiever,19,2016,Indiana,Big Ten,1,1,0.5,2.48,18,4,,0,0,0,40,39,15,11,0,5,0,30,1,0,0,161,1.1,8.8,0,1.1,6.8,6,,player.fcgi?id=stieve000jon
Kent Williams,22,2016,Indiana,Big Ten,1,0,1,6,9,0,,0,0,0,9,9,6,6,0,2,0,10,1,0,1,38,1.222,9,0,2,10,5,,player.fcgi?id=willia015ken
Cam Beauchamp*,19,2017,Indiana,Big Ten,1,2,0.333,4.64,17,2,,0,0,0,21.1,25,13,11,1,20,0,13,0,0,8,105,2.109,10.5,0.4,8.4,5.5,0.65,,player.fcgi?id=beauch000cam
Austin Foote*,22,2017,Indiana,Big Ten,1,0,1,5.5,17,0,,0,0,1,18,17,11,11,3,6,0,19,3,0,3,80,1.278,8.5,1.5,3,9.5,3.17,,player.fcgi?id=foote-000aus
Tim Herrin*,20,2017,Indiana,Big Ten,3,3,0.5,3.91,20,8,,0,0,3,53,62,25,23,3,21,0,38,6,0,3,242,1.566,10.5,0.5,3.6,6.5,1.81,,player.fcgi?id=herrin000tim
Brian Hobbie,21,2017,Indiana,Big Ten,2,5,0.286,6.61,14,12,,2,0,0,65.1,90,50,48,11,14,0,37,0,0,4,294,1.592,12.4,1.5,1.9,5.1,2.64,,player.fcgi?id=hobbie000bri
Brandon Kelley?,--,2017,Indiana,Big Ten,1,0,1,13.5,4,0,,0,0,0,4,5,6,6,0,5,0,2,0,0,2,22,2.5,11.3,0,11.3,4.5,0.4,,player.fcgi?id=kelley004bra
Cal Krueger,19,2017,Indiana,Big Ten,5,2,0.714,2.82,22,6,,0,0,1,60.2,59,23,19,4,21,0,37,2,0,4,257,1.319,8.8,0.6,3.1,5.5,1.76,,player.fcgi?id=kruege000cal
Kade Kryzsko,20,2017,Indiana,Big Ten,1,1,0.5,3.91,18,0,,0,0,0,25.1,25,12,11,4,5,0,24,0,0,1,104,1.184,8.9,1.4,1.8,8.5,4.8,,player.fcgi?id=kryzsk000kad
Brad Littleton,19,2017,Indiana,Big Ten,0,0,,10.38,9,0,,0,0,0,8.2,13,10,10,0,5,0,4,1,0,0,44,2.077,13.5,0,5.2,4.2,0.8,,player.fcgi?id=little002bra
Matt Lloyd,21,2017,Indiana,Big Ten,3,2,0.6,2.23,20,0,,0,0,9,32.1,28,10,8,0,6,0,20,2,0,3,127,1.052,7.8,0,1.7,5.6,3.33,,player.fcgi?id=lloyd-000mat
Luke Miller,20,2017,Indiana,Big Ten,0,0,,13.5,1,0,,0,0,0,0.2,2,1,1,0,0,0,0,0,0,0,4,3,27,0,0,0,,,player.fcgi?id=miller003luk
Pauly Milto,20,2017,Indiana,Big Ten,6,3,0.667,3.92,20,10,,0,0,0,78,80,35,34,8,20,0,65,5,1,5,332,1.282,9.2,0.9,2.3,7.5,3.25,,player.fcgi?id=milto-000pau
Andrew Saalfrank*,19,2017,Indiana,Big Ten,2,1,0.667,5.58,16,8,,0,0,0,40.1,49,30,25,2,17,0,43,5,0,10,183,1.636,10.9,0.4,3.8,9.6,2.53,,player.fcgi?id=saalfr000and
B.J. Sabol*,23,2017,Indiana,Big Ten,5,1,0.833,4.69,24,0,,0,0,0,40.1,33,23,21,4,9,0,38,7,0,0,166,1.041,7.4,0.9,2,8.5,4.22,,player.fcgi?id=sabol-000bj-
Luke Stephenson,23,2017,Indiana,Big Ten,0,0,,5.94,14,0,,0,0,1,16.2,24,11,11,0,3,0,10,3,0,1,79,1.62,13,0,1.6,5.4,3.33,,player.fcgi?id=stephe000luk
Jonathan Stiever,20,2017,Indiana,Big Ten,4,4,0.5,4.31,14,14,,1,0,0,77.1,85,38,37,10,9,0,57,2,2,3,323,1.216,9.9,1.2,1,6.6,6.33,,player.fcgi?id=stieve000jon
Cam Beauchamp*,20,2018,Indiana,Big Ten,4,1,0.8,3.78,15,10,,0,0,0,52.1,56,26,22,0,23,0,43,4,0,6,237,1.51,9.6,0,4,7.4,1.87,,player.fcgi?id=beauch000cam
Nick Eaton*,19,2018,Indiana,Big Ten,0,0,,0,5,0,,0,0,0,5.1,6,1,0,0,3,0,5,1,1,0,25,1.688,10.1,0,5.1,8.4,1.67,,player.fcgi?id=eaton-000nic
Tim Herrin*,21,2018,Indiana,Big Ten,6,0,1,3.22,17,10,,0,0,0,64.1,58,30,23,5,23,0,39,8,0,7,281,1.259,8.1,0.7,3.2,5.5,1.7,,player.fcgi?id=herrin000tim
Brian Hobbie,22,2018,Indiana,Big Ten,0,0,,5.12,13,0,,0,0,0,19.1,24,13,11,1,7,1,7,3,1,1,91,1.603,11.2,0.5,3.3,3.3,1,,player.fcgi?id=hobbie000bri
Cal Krueger,20,2018,Indiana,Big Ten,7,2,0.778,3.02,27,0,,0,0,3,44.2,42,19,15,5,14,0,49,3,0,4,190,1.254,8.5,1,2.8,9.9,3.5,,player.fcgi?id=kruege000cal
Kade Kryzsko,21,2018,Indiana,Big Ten,1,0,1,5.27,8,0,,0,0,1,13.2,19,8,8,2,4,0,15,0,0,3,63,1.683,12.5,1.3,2.6,9.9,3.75,,player.fcgi?id=kryzsk000kad
Matt Lloyd,22,2018,Indiana,Big Ten,4,2,0.667,1.54,15,0,,0,0,7,23.1,18,4,4,0,5,0,22,1,0,0,93,0.986,6.9,0,1.9,8.5,4.4,,player.fcgi?id=lloyd-000mat
Austin Long,19,2018,Indiana,Big Ten,0,0,,1.13,6,0,,0,0,0,8,4,1,1,0,3,0,5,0,0,1,30,0.875,4.5,0,3.4,5.6,1.67,,player.fcgi?id=long--000aus
Connor Manous,20,2018,Indiana,Big Ten,1,1,0.5,3.24,12,3,,0,0,0,25,26,10,9,4,7,0,14,1,0,0,105,1.32,9.4,1.4,2.5,5,2,,player.fcgi?id=manous000con
Pauly Milto,21,2018,Indiana,Big Ten,8,2,0.8,2.03,14,13,,2,2,0,79.2,66,22,18,1,24,0,66,6,1,5,325,1.13,7.5,0.1,2.7,7.5,2.75,,player.fcgi?id=milto-000pau
Andrew Saalfrank*,20,2018,Indiana,Big Ten,1,3,0.25,3.79,16,4,,0,0,0,35.2,27,15,15,4,19,0,47,0,0,2,149,1.29,6.8,1,4.8,11.9,2.47,,player.fcgi?id=saalfr000and
B.J. Sabol*,24,2018,Indiana,Big Ten,1,0,1,2.54,23,0,,0,0,1,28.1,23,8,8,4,12,1,29,2,0,0,118,1.235,7.3,1.3,3.8,9.2,2.42,,player.fcgi?id=sabol-000bj-
Grant Sloan,21,2018,Indiana,Big Ten,0,0,,2.89,8,0,,0,0,0,9.1,8,3,3,1,3,0,6,3,0,1,41,1.179,7.7,1,2.9,5.8,2,,player.fcgi?id=sloan-000gra
Tommy Sommer*,19,2018,Indiana,Big Ten,2,2,0.5,3.07,13,3,,0,0,1,29.1,29,10,10,2,11,0,27,1,0,0,126,1.364,8.9,0.6,3.4,8.3,2.45,,player.fcgi?id=sommer000tom
Jonathan Stiever,21,2018,Indiana,Big Ten,5,6,0.455,3.41,16,16,,0,0,0,100.1,94,47,38,7,32,1,97,5,0,3,423,1.256,8.4,0.6,2.9,8.7,3.03,,player.fcgi?id=stieve000jon
Cam Beauchamp*,21,2019,Indiana,Big Ten,0,0,,3,9,2,,0,0,0,15,20,12,5,0,14,0,14,2,0,1,80,2.267,12,0,8.4,8.4,1,,player.fcgi?id=beauch000cam
Gabe Bierman,19,2019,Indiana,Big Ten,4,0,1,3.56,20,5,,0,0,1,48,37,24,19,3,18,1,46,4,0,5,203,1.146,6.9,0.6,3.4,8.6,2.56,,player.fcgi?id=bierma000gab
McCade Brown,18,2019,Indiana,Big Ten,0,1,0,16.88,2,2,,0,0,0,2.2,2,5,5,0,8,0,2,1,0,0,19,3.75,6.8,0,27,6.8,0.25,,player.fcgi?id=brown-000mcc
Brad Busald*,22,2019,Indiana,Big Ten,0,0,,36,2,0,,0,0,0,1,4,4,4,0,1,0,1,0,0,0,8,5,36,0,9,9,1,,player.fcgi?id=busald000bra
Alex Franklin,19,2019,Indiana,Big Ten,1,0,1,5.56,9,2,,0,0,0,11.1,14,8,7,0,10,0,15,2,1,2,57,2.118,11.1,0,7.9,11.9,1.5,,player.fcgi?id=frankl000ale
Tanner Gordon,21,2019,Indiana,Big Ten,6,6,0.5,3.81,16,16,,0,0,0,87.1,71,42,37,8,19,1,90,9,2,4,362,1.031,7.3,0.8,2,9.3,4.74,,player.fcgi?id=gordon000tan
Cal Krueger,21,2019,Indiana,Big Ten,1,0,1,5.5,14,0,,0,0,0,18,21,11,11,0,10,0,16,1,0,6,84,1.722,10.5,0,5,8,1.6,,player.fcgi?id=kruege000cal
Matt Litwicki,20,2019,Indiana,Big Ten,0,0,,6.75,7,0,,0,0,1,9.1,9,8,7,1,4,0,9,3,0,0,45,1.393,8.7,1,3.9,8.7,2.25,,player.fcgi?id=litwic000mat
Matt Lloyd,23,2019,Indiana,Big Ten,0,1,0,2.7,14,0,,0,0,5,16.2,20,9,5,0,12,1,18,2,0,1,83,1.92,10.8,0,6.5,9.7,1.5,,player.fcgi?id=lloyd-000mat
Austin Long,20,2019,Indiana,Big Ten,1,1,0.5,3.38,6,0,,0,0,0,5.1,5,3,2,1,3,0,7,0,0,0,24,1.5,8.4,1.7,5.1,11.8,2.33,,player.fcgi?id=long--000aus
Connor Manous,21,2019,Indiana,Big Ten,1,1,0.5,2.68,29,0,,0,0,2,43.2,29,21,13,2,14,0,36,6,2,3,179,0.985,6,0.4,2.9,7.4,2.57,,player.fcgi?id=manous000con
Pauly Milto,22,2019,Indiana,Big Ten,8,6,0.571,3.95,16,16,,0,0,0,107,110,49,47,3,17,0,100,7,1,6,448,1.187,9.3,0.3,1.4,8.4,5.88,,player.fcgi?id=milto-000pau
Andrew Saalfrank*,21,2019,Indiana,Big Ten,8,1,0.889,2.84,15,12,,0,0,0,73,68,26,23,5,26,0,98,4,0,11,308,1.288,8.4,0.6,3.2,12.1,3.77,,player.fcgi?id=saalfr000and
Braden Scott*,21,2019,Indiana,Big Ten,1,0,1,3.91,19,0,,0,0,0,23,20,11,10,1,10,1,33,4,2,3,101,1.304,7.8,0.4,3.9,12.9,3.3,,player.fcgi?id=scott-004bra
Grant Sloan,22,2019,Indiana,Big Ten,2,3,0.4,5.01,23,0,,0,0,0,23.1,13,14,13,4,11,0,24,4,0,3,99,1.029,5,1.5,4.2,9.3,2.18,,player.fcgi?id=sloan-000gra
Tommy Sommer*,20,2019,Indiana,Big Ten,4,3,0.571,3.4,16,5,,0,0,1,45,36,22,17,2,14,0,47,4,0,1,191,1.111,7.2,0.4,2.8,9.4,3.36,,player.fcgi?id=sommer000tom
Braydon Tucker,19,2019,Indiana,Big Ten,0,0,,2.7,5,0,,0,0,0,6.2,7,7,2,0,5,0,2,2,0,1,32,1.8,9.5,0,6.8,2.7,0.4,,player.fcgi?id=tucker003bra
Gabe Bierman,20,2020,Indiana,Big Ten,2,1,0.667,2.45,4,4,,0,0,0,22,24,14,6,0,9,0,24,1,0,1,101,1.5,9.8,0,3.7,9.8,2.67,,player.fcgi?id=bierma000gab
Ty Bothwell*,20,2020,Indiana,Big Ten,0,0,,6,3,0,,0,0,0,3,1,2,2,0,4,0,5,1,0,0,15,1.667,3,0,12,15,1.25,,player.fcgi?id=bothwe000ty-
McCade Brown,19,2020,Indiana,Big Ten,0,1,0,13.5,4,1,,0,0,1,4,4,6,6,2,5,0,9,2,0,0,23,2.25,9,4.5,11.3,20.3,1.8,,player.fcgi?id=brown-000mcc
Alex Franklin,20,2020,Indiana,Big Ten,0,0,,27,2,0,,0,0,0,1.2,4,7,5,0,3,0,1,1,0,1,14,4.2,21.6,0,16.2,5.4,0.33,,player.fcgi?id=frankl000ale
Cal Krueger,22,2020,Indiana,Big Ten,1,0,1,0,4,0,,0,0,0,4,4,0,0,0,1,0,3,2,0,0,16,1.25,9,0,2.3,6.8,3,,player.fcgi?id=kruege000cal
Matt Litwicki,21,2020,Indiana,Big Ten,0,1,0,0.9,5,0,,0,0,0,10,6,2,1,0,1,0,6,0,0,0,40,0.7,5.4,0,0.9,5.4,6,,player.fcgi?id=litwic000mat
Connor Manous,22,2020,Indiana,Big Ten,0,0,,0,6,0,,0,0,2,8,5,0,0,0,3,0,12,0,0,0,32,1,5.6,0,3.4,13.5,4,,player.fcgi?id=manous000con
John Modugno,19,2020,Indiana,Big Ten,0,1,0,15,1,1,,0,0,0,3,5,5,5,0,4,0,3,1,0,1,19,3,15,0,12,9,0.75,,player.fcgi?id=modugn000joh
David Platt,19,2020,Indiana,Big Ten,1,0,1,4.26,6,1,,0,0,0,12.2,16,7,6,1,4,0,15,0,0,0,58,1.579,11.4,0.7,2.8,10.7,3.75,,player.fcgi?id=platt-000dav
Braden Scott*,22,2020,Indiana,Big Ten,1,0,1,1.23,5,0,,0,0,1,14.2,8,2,2,0,3,0,20,0,0,1,54,0.75,4.9,0,1.8,12.3,6.67,,player.fcgi?id=scott-004bra
Grant Sloan,23,2020,Indiana,Big Ten,0,0,,7.71,3,0,,0,0,0,2.1,3,3,2,0,2,1,4,0,0,0,14,2.143,11.6,0,7.7,15.4,2,,player.fcgi?id=sloan-000gra
Tommy Sommer*,21,2020,Indiana,Big Ten,2,1,0.667,2.61,4,4,,0,0,0,20.2,14,8,6,2,8,0,17,1,0,0,89,1.065,6.1,0.9,3.5,7.4,2.13,,player.fcgi?id=sommer000tom
Nate Stahl,19,2020,Indiana,Big Ten,0,0,,0,2,0,,0,0,0,3.1,2,2,0,0,3,0,5,0,0,0,16,1.5,5.4,0,8.1,13.5,1.67,,player.fcgi?id=stahl-000nat
Braydon Tucker,20,2020,Indiana,Big Ten,2,1,0.667,4.58,4,4,,0,0,0,19.2,23,11,10,3,6,0,10,1,0,4,84,1.475,10.5,1.4,2.7,4.6,1.67,,player.fcgi?id=tucker003bra
Gabe Bierman,21,2021,Indiana,Big Ten,5,4,0.556,2.68,12,12,,1,0,0,74,47,26,22,4,30,1,80,8,0,4,305,1.041,5.7,0.5,3.6,9.7,2.67,,player.fcgi?id=bierma000gab
Ty Bothwell*,21,2021,Indiana,Big Ten,2,1,0.667,2.73,11,4,,0,0,1,33,21,14,10,3,15,0,43,2,0,2,138,1.091,5.7,0.8,4.1,11.7,2.87,,player.fcgi?id=bothwe000ty-
McCade Brown,20,2021,Indiana,Big Ten,5,4,0.556,3.39,12,12,,0,0,0,61,35,29,23,5,43,1,97,7,0,7,267,1.279,5.2,0.7,6.3,14.3,2.26,,player.fcgi?id=brown-000mcc
Matt Litwicki,22,2021,Indiana,Big Ten,0,0,,4.5,10,0,,0,0,4,12,11,6,6,1,2,0,17,0,0,0,49,1.083,8.3,0.8,1.5,12.8,8.5,,player.fcgi?id=litwic000mat
Grant Macciocchi,25,2021,Indiana,Big Ten,0,1,0,1.56,7,0,,0,0,1,17.1,8,5,3,1,5,0,21,3,0,2,69,0.75,4.2,0.5,2.6,10.9,4.2,,player.fcgi?id=maccio000gra
Connor Manous,23,2021,Indiana,Big Ten,1,0,1,3.52,6,0,,0,0,0,7.2,3,3,3,1,5,0,7,1,0,1,33,1.043,3.5,1.2,5.9,8.2,1.4,,player.fcgi?id=manous000con
John Modugno,20,2021,Indiana,Big Ten,3,1,0.75,2.09,16,4,,0,0,0,38.2,29,13,9,1,16,0,40,3,0,3,163,1.164,6.8,0.2,3.7,9.3,2.5,,player.fcgi?id=modugn000joh
Braden Scott*,23,2021,Indiana,Big Ten,2,0,1,4.08,15,0,,0,0,0,17.2,18,11,8,3,8,0,28,1,0,0,80,1.472,9.2,1.5,4.1,14.3,3.5,,player.fcgi?id=scott-004bra
Reese Sharp,20,2021,Indiana,Big Ten,0,2,0,3.18,11,0,,0,0,0,11.1,9,4,4,1,6,1,14,0,0,1,49,1.324,7.1,0.8,4.8,11.1,2.33,,player.fcgi?id=sharp-000ree
Tommy Sommer*,22,2021,Indiana,Big Ten,5,4,0.556,4.6,12,12,,0,0,0,62.2,55,35,32,6,38,1,69,3,1,4,278,1.484,7.9,0.9,5.5,9.9,1.82,,player.fcgi?id=sommer000tom
Nate Stahl,20,2021,Indiana,Big Ten,3,0,1,1.8,14,0,,0,0,1,25,25,6,5,3,5,0,25,2,0,1,107,1.2,9,1.1,1.8,9,5,,player.fcgi?id=stahl-000nat
Braydon Tucker,21,2021,Indiana,Big Ten,0,1,0,4.09,11,0,,0,0,2,22,23,14,10,1,5,0,19,1,0,1,94,1.273,9.4,0.4,2,7.8,3.8,,player.fcgi?id=tucker003bra
Jack Walker*,20,2021,Indiana,Big Ten,0,0,,0,1,0,,0,0,0,1,0,0,0,0,2,0,2,0,0,0,5,2,0,0,18,18,1,,player.fcgi?id=walker012jac
Ty Bothwell*,22,2022,Indiana,Big Ten,3,2,0.6,4.47,19,2,,0,0,0,48.1,36,27,24,6,33,0,67,8,1,5,219,1.428,6.7,1.1,6.1,12.5,2.03,,player.fcgi?id=bothwe000ty-
Bradley Brehmer,22,2022,Indiana,Big Ten,5,4,0.556,5.3,17,14,,1,0,0,74.2,74,48,44,5,33,1,77,17,0,8,346,1.433,8.9,0.6,4,9.3,2.33,,player.fcgi?id=brehme000bra
Brian Gaffney,21,2022,Indiana,Big Ten,0,0,,13.5,2,0,,0,0,0,0.2,0,1,1,0,1,0,0,1,0,3,4,1.5,0,0,13.5,0,0,,player.fcgi?id=gaffne000bri
Luke Hayden,19,2022,Indiana,Big Ten,4,1,0.8,5.27,20,6,,0,0,0,27.1,23,23,16,2,28,1,25,5,0,13,136,1.866,7.6,0.7,9.2,8.2,0.89,,player.fcgi?id=hayden000luk
Grant Holderfield*,19,2022,Indiana,Big Ten,2,4,0.333,7.4,25,2,,0,0,2,41.1,50,44,34,9,23,0,52,6,0,0,206,1.766,10.9,2,5,11.3,2.26,,player.fcgi?id=holder000gra
Ryan Kraft*,19,2022,Indiana,Big Ten,2,1,0.667,9.78,25,1,,0,0,0,42.1,61,49,46,10,30,0,59,13,0,8,231,2.15,13,2.1,6.4,12.5,1.97,,player.fcgi?id=kraft-000rya
John Modugno,21,2022,Indiana,Big Ten,0,4,0,11.8,17,8,,0,0,0,34.1,59,53,45,8,22,0,37,7,0,5,188,2.359,15.5,2.1,5.8,9.7,1.68,,player.fcgi?id=modugn000joh
Joe Moran,24,2022,Indiana,Big Ten,0,0,,33.23,5,0,,0,0,0,4.1,15,16,16,3,7,0,5,2,0,2,37,5.077,31.2,6.2,14.5,10.4,0.71,,player.fcgi?id=moran-002joe
Jack Perkins,22,2022,Indiana,Big Ten,3,4,0.429,5.1,16,15,,0,0,0,83,77,56,47,6,47,1,91,21,2,12,394,1.494,8.3,0.7,5.1,9.9,1.94,,player.fcgi?id=perkin001jac
David Platt,21,2022,Indiana,Big Ten,1,0,1,12.79,7,0,,0,0,0,6.1,5,9,9,0,12,0,6,4,1,5,40,2.684,7.1,0,17.1,8.5,0.5,,player.fcgi?id=platt-000dav
Reese Sharp,21,2022,Indiana,Big Ten,3,6,0.333,6.42,23,1,,0,0,4,54.2,49,39,39,8,28,0,76,8,0,9,250,1.409,8.1,1.3,4.6,12.5,2.71,,player.fcgi?id=sharp-000ree
Nate Stahl,21,2022,Indiana,Big Ten,1,3,0.25,12,18,5,,0,0,0,27,40,36,36,4,18,0,31,8,1,3,144,2.148,13.3,1.3,6,10.3,1.72,,player.fcgi?id=stahl-000nat
Braydon Tucker,22,2022,Indiana,Big Ten,2,3,0.4,5.47,20,4,,0,0,4,49.1,52,30,30,3,32,0,54,5,0,4,232,1.703,9.5,0.5,5.8,9.9,1.69,,player.fcgi?id=tucker003bra
Jack Walker*,21,2022,Indiana,Big Ten,1,0,1,6.63,9,1,,0,0,0,19,19,14,14,2,18,0,20,6,0,3,97,1.947,9,0.9,8.5,9.5,1.11,,player.fcgi?id=walker012jac
Nathan Ball?,--,2023,Indiana,Big Ten,0,0,,12.6,6,0,,0,0,0,5,6,7,7,0,5,0,7,3,0,3,28,2.2,10.8,0,9,12.6,1.4,,player.fcgi?id=ball--000nat
Ty Bothwell*,23,2023,Indiana,Big Ten,4,3,0.571,6.55,14,9,,0,0,1,33,28,26,24,2,24,0,34,8,1,1,157,1.576,7.6,0.5,6.5,9.3,1.42,,player.fcgi?id=bothwe000ty-
Wes Burton,22,2023,Indiana,Big Ten,0,0,,3.86,12,0,,0,0,1,14,5,6,6,1,14,0,17,2,0,4,61,1.357,3.2,0.6,9,10.9,1.21,,player.fcgi?id=burton000wes
Aydan Decker-Petty,19,2023,Indiana,Big Ten,1,0,1,4.35,8,0,,0,0,0,10.1,9,7,5,1,6,0,10,1,0,0,47,1.452,7.8,0.9,5.2,8.7,1.67,,player.fcgi?id=decker000ayd
Brooks Ey,21,2023,Indiana,Big Ten,1,0,1,10.72,12,3,,0,0,0,22.2,40,28,27,3,9,0,16,6,0,2,121,2.162,15.9,1.2,3.6,6.4,1.78,,player.fcgi?id=ey----000bro
Connor Foley,19,2023,Indiana,Big Ten,4,2,0.667,3.72,20,0,,0,0,3,29,16,12,12,3,21,1,42,7,1,1,127,1.276,5,0.9,6.5,13,2,,player.fcgi?id=foley-001con
Luke Hayden,20,2023,Indiana,Big Ten,2,0,1,9,14,2,,0,0,1,24,34,25,24,7,15,0,21,2,0,8,115,2.042,12.8,2.6,5.6,7.9,1.4,,player.fcgi?id=hayden000luk
Cooper Hellman,--,2023,Indiana,Big Ten,0,0,,13.5,8,0,,0,0,0,4.2,8,7,7,1,2,0,2,4,0,3,27,2.143,15.4,1.9,3.9,3.9,1,,player.fcgi?id=hellma000coo
Cooper Katskee,19,2023,Indiana,Big Ten,1,1,0.5,7.5,10,0,,0,0,0,12,15,13,10,3,6,0,12,3,0,3,57,1.75,11.3,2.3,4.5,9,2,,player.fcgi?id=katske000coo
Ryan Kraft*,20,2023,Indiana,Big Ten,6,1,0.857,2.48,21,2,,0,0,5,61.2,58,23,17,2,22,0,51,7,0,1,266,1.297,8.5,0.3,3.2,7.4,2.32,,player.fcgi?id=kraft-000rya
Gabe Levy,23,2023,Indiana,Big Ten,1,2,0.333,11.21,12,1,,0,0,0,17.2,27,26,22,5,9,0,15,2,1,2,93,2.038,13.8,2.5,4.6,7.6,1.67,,player.fcgi?id=levy--000gab
Seti Manase,--,2023,Indiana,Big Ten,2,2,0.5,2.73,15,13,,0,0,0,33,32,19,10,5,16,0,25,2,0,2,148,1.455,8.7,1.4,4.4,6.8,1.56,,player.fcgi?id=manase000set
Ethan Phillips,19,2023,Indiana,Big Ten,4,0,1,5.01,15,2,,0,0,0,32.1,28,19,18,4,17,0,26,12,1,3,147,1.392,7.8,1.1,4.7,7.2,1.53,,player.fcgi?id=philli001eth
Brayden Risedorph,19,2023,Indiana,Big Ten,3,1,0.75,4.47,25,5,,0,0,6,52.1,52,35,26,2,19,0,60,11,1,4,242,1.357,8.9,0.3,3.3,10.3,3.16,,player.fcgi?id=risedo000bra
Ben Seiler*,23,2023,Indiana,Big Ten,1,4,0.2,6.42,20,8,,0,0,1,40.2,49,33,29,2,20,0,34,7,0,3,194,1.697,10.8,0.4,4.4,7.5,1.7,,player.fcgi?id=seiler000ben
Luke Sinnard,20,2023,Indiana,Big Ten,6,3,0.667,4.27,16,16,,0,0,0,86.1,83,44,41,15,25,0,114,7,1,5,370,1.251,8.7,1.6,2.6,11.9,4.56,,player.fcgi?id=sinnar000luk
Adrian Vega,--,2023,Indiana,Big Ten,1,0,1,7.71,12,0,,0,0,0,21,27,18,18,5,7,0,21,1,0,1,98,1.619,11.6,2.1,3,9,3,,player.fcgi?id=vega--000adr
Evan Whiteaker,19,2023,Indiana,Big Ten,2,0,1,4.12,13,2,,0,0,0,19.2,10,10,9,2,11,0,23,1,0,5,80,1.068,4.6,0.9,5,10.5,2.09,,player.fcgi?id=whitea000eva
Craig Yoho,23,2023,Indiana,Big Ten,4,1,0.8,3.41,18,0,,0,0,1,37,33,16,14,4,19,0,63,12,0,4,174,1.405,8,1,4.6,15.3,3.32,,player.fcgi?id=yoho--000cra
Seth Benes,19,2024,Indiana,Big Ten,0,0,,9,5,2,,0,0,0,5,3,5,5,3,3,0,6,0,0,0,22,1.2,5.4,5.4,5.4,10.8,2,,player.fcgi?id=benes-000set
Ty Bothwell*,24,2024,Indiana,Big Ten,7,3,0.7,4.78,18,10,,0,0,1,84.2,87,53,45,14,25,0,91,13,0,5,379,1.323,9.2,1.5,2.7,9.7,3.64,,player.fcgi?id=bothwe000ty-
Drew Buhr,23,2024,Indiana,Big Ten,2,2,0.5,3.31,21,0,,0,0,1,49,42,19,18,8,17,0,48,3,0,0,207,1.204,7.7,1.5,3.1,8.8,2.82,,player.fcgi?id=buhr--000dre
Aydan Decker-Petty,20,2024,Indiana,Big Ten,2,2,0.5,6.32,16,1,,0,0,1,37,34,28,26,6,27,2,38,6,0,6,179,1.649,8.3,1.5,6.6,9.2,1.41,,player.fcgi?id=decker000ayd
Connor Foley,20,2024,Indiana,Big Ten,4,2,0.667,4.71,14,14,,0,0,0,63,37,37,33,9,49,0,82,9,3,6,283,1.365,5.3,1.3,7,11.7,1.67,,player.fcgi?id=foley-001con
Grant Holderfield*,21,2024,Indiana,Big Ten,1,1,0.5,13.5,9,0,,0,0,1,10.2,15,17,16,2,10,0,14,4,0,1,63,2.344,12.7,1.7,8.4,11.8,1.4,,player.fcgi?id=holder000gra
Cooper Katskee,20,2024,Indiana,Big Ten,0,1,0,10.8,3,0,,0,0,0,3.1,5,5,4,3,3,0,6,0,0,2,18,2.4,13.5,8.1,8.1,16.2,2,,player.fcgi?id=katske000coo
Brandon Keyster*,22,2024,Indiana,Big Ten,1,0,1,4.71,17,2,,0,0,0,21,18,12,11,1,5,0,18,5,0,2,91,1.095,7.7,0.4,2.1,7.7,3.6,,player.fcgi?id=keyste000bra
Ryan Kraft*,21,2024,Indiana,Big Ten,1,1,0.5,7.27,16,2,,0,0,2,26,35,26,21,8,18,1,30,3,2,1,137,2.038,12.1,2.8,6.2,10.4,1.67,,player.fcgi?id=kraft-000rya
Seti Manase,--,2024,Indiana,Big Ten,1,1,0.5,15,7,1,,0,0,0,9,16,16,15,2,0,0,8,4,0,1,47,1.778,16,2,0,8,,,player.fcgi?id=manase000set
Jack Moffitt,--,2024,Indiana,Big Ten,1,2,0.333,7.97,13,1,,0,0,0,20.1,24,23,18,5,10,0,20,3,0,2,97,1.672,10.6,2.2,4.4,8.9,2,,player.fcgi?id=moffit001jac
Jasen Oliver,20,2024,Indiana,Big Ten,0,0,,27,1,0,,0,0,0,0.1,1,1,1,0,1,0,0,0,0,1,3,6,27,0,27,0,0,,player.fcgi?id=oliver001jas
Ethan Phillips,20,2024,Indiana,Big Ten,4,0,1,6.16,17,9,,0,0,0,30.2,34,24,21,2,22,1,33,8,0,3,154,1.826,10,0.6,6.5,9.7,1.5,,player.fcgi?id=philli001eth
Brayden Risedorph,20,2024,Indiana,Big Ten,4,7,0.364,8.31,21,7,,0,0,2,47.2,55,48,44,8,28,2,57,4,1,5,234,1.741,10.4,1.5,5.3,10.8,2.04,,player.fcgi?id=risedo000bra
Ryan Rushing*,19,2024,Indiana,Big Ten,0,0,,9.82,9,0,,0,0,0,11,11,12,12,1,13,0,10,4,0,4,61,2.182,9,0.8,10.6,8.2,0.77,,player.fcgi?id=rushin000rya
Ty Rybarczyk,24,2024,Indiana,Big Ten,2,2,0.5,6.12,11,9,,0,0,0,25,32,19,17,8,7,0,31,1,1,1,115,1.56,11.5,2.9,2.5,11.2,4.43,,player.fcgi?id=rybarc000ty-
Eli Shaw,19,2024,Indiana,Big Ten,0,0,,9,9,0,,0,0,0,9,9,10,9,2,6,0,12,0,0,4,44,1.667,9,2,6,12,2,,player.fcgi?id=shaw--000eli
Julian Tonghini,22,2024,Indiana,Big Ten,2,2,0.5,6.25,19,2,,0,0,2,36,37,29,25,5,25,1,47,8,0,4,176,1.722,9.3,1.3,6.3,11.8,1.88,,player.fcgi?id=tonghi000jul
Jacob Vogel,20,2024,Indiana,Big Ten,1,0,1,2.31,21,0,,0,0,0,23.1,16,7,6,3,10,0,27,5,0,2,100,1.114,6.2,1.2,3.9,10.4,2.7,,player.fcgi?id=vogel-002jac
Evan Whiteaker,20,2024,Indiana,Big Ten,0,0,,12.27,8,0,,0,0,0,11,22,19,15,7,2,0,11,1,0,1,59,2.182,18,5.7,1.6,9,5.5,,player.fcgi?id=whitea000eva
Seth Benes,20,2025,Indiana,Big Ten,1,0,1,12.46,11,0,,0,0,0,8.2,15,12,12,4,9,0,9,1,0,2,48,2.769,15.6,4.2,9.3,9.3,1,,player.fcgi?id=benes-000set
Matthew Bohnert*,24,2025,Indiana,Big Ten,0,1,0,13.5,5,0,,0,0,0,2,2,3,3,0,5,0,1,0,0,0,13,3.5,9,0,22.5,4.5,0.2,,player.fcgi?id=bohner000mat
Henry Brummel,19,2025,Indiana,Big Ten,1,1,0.5,12.38,8,1,,0,0,0,8,13,12,11,2,9,0,7,4,0,2,49,2.75,14.6,2.3,10.1,7.9,0.78,,player.fcgi?id=brumme000hen
Drew Buhr,24,2025,Indiana,Big Ten,0,1,0,1.99,9,2,,0,0,2,22.2,16,6,5,0,7,0,19,1,0,0,89,1.015,6.4,0,2.8,7.5,2.71,,player.fcgi?id=buhr--000dre
Aydan Decker-Petty,21,2025,Indiana,Big Ten,1,1,0.5,6.57,14,1,,0,0,2,24.2,25,21,18,1,12,0,19,8,0,3,115,1.5,9.1,0.4,4.4,6.9,1.58,,player.fcgi?id=decker000ayd
Will Eldridge,21,2025,Indiana,Big Ten,0,0,,7.36,5,0,,0,0,0,3.2,3,3,3,0,5,0,3,3,0,2,22,2.182,7.4,0,12.3,7.4,0.6,,player.fcgi?id=eldrid003wil
Cole Gilley,23,2025,Indiana,Big Ten,10,3,0.769,3.54,18,12,,0,0,0,68.2,55,35,27,8,20,0,75,5,0,7,289,1.092,7.2,1,2.6,9.8,3.75,,player.fcgi?id=gilley000col
Ben Grable,23,2025,Indiana,Big Ten,4,3,0.571,4.31,17,11,,0,0,2,56.1,54,31,27,8,17,0,65,4,3,2,244,1.26,8.6,1.3,2.7,10.4,3.82,,player.fcgi?id=grable000ben
Anthony Gubitosi*,20,2025,Indiana,Big Ten,1,1,0.5,7.04,10,0,,0,0,0,15.1,8,13,12,2,20,0,8,1,0,5,72,1.826,4.7,1.2,11.7,4.7,0.4,,player.fcgi?id=gubito000ant
Pete Haas,22,2025,Indiana,Big Ten,1,2,0.333,4.01,20,7,,0,0,1,33.2,36,25,15,5,18,1,33,2,0,3,155,1.604,9.6,1.3,4.8,8.8,1.83,,player.fcgi?id=haas--000pet
Grant Holderfield*,22,2025,Indiana,Big Ten,3,0,1,7.61,16,0,,0,0,0,23.2,30,23,20,2,14,0,24,8,1,2,125,1.859,11.4,0.8,5.3,9.1,1.71,,player.fcgi?id=holder000gra
Caleb Koskie*,20,2025,Indiana,Big Ten,0,0,,16.2,5,0,,0,0,0,3.1,6,6,6,1,4,0,3,2,0,1,22,3,16.2,2.7,10.8,8.1,0.75,,player.fcgi?id=koskie000cal
Ryan Kraft*,22,2025,Indiana,Big Ten,3,2,0.6,4.31,20,7,,0,0,1,62.2,64,31,30,13,15,0,55,5,0,0,271,1.261,9.2,1.9,2.2,7.9,3.67,,player.fcgi?id=kraft-000rya
Ryan Rushing*,20,2025,Indiana,Big Ten,0,1,0,8.53,12,0,,0,0,0,12.2,14,12,12,0,13,0,16,4,0,2,67,2.132,9.9,0,9.2,11.4,1.23,,player.fcgi?id=rushin000rya
Gavin Seebold,23,2025,Indiana,Big Ten,3,5,0.375,7.28,17,6,,0,0,3,55.2,62,47,45,9,24,0,49,5,1,3,258,1.545,10,1.5,3.9,7.9,2.04,,player.fcgi?id=seebol000gav
Deron Swanson*,22,2025,Indiana,Big Ten,2,2,0.5,6.75,7,4,,0,0,0,14.2,20,11,11,1,10,0,16,2,0,1,75,2.045,12.3,0.6,6.1,9.8,1.6,,player.fcgi?id=swanso000der
Trey Telfer,19,2025,Indiana,Big Ten,0,1,0,4.15,9,0,,0,0,0,8.2,9,4,4,1,7,0,7,0,0,2,41,1.846,9.3,1,7.3,7.3,1,,player.fcgi?id=telfer000tre
Brayton Thomas*,19,2025,Indiana,Big Ten,0,0,,6.75,15,0,,0,0,0,16,10,12,12,2,8,0,23,9,0,0,72,1.125,5.6,1.1,4.5,12.9,2.88,,player.fcgi?id=thomas025bra
Jacob Vogel,21,2025,Indiana,Big Ten,0,0,,4.35,10,0,,0,0,1,10.1,15,5,5,0,4,0,4,3,0,1,51,1.839,13.1,0,3.5,3.5,1,,player.fcgi?id=vogel-002jac
Jackson Yarberry,20,2025,Indiana,Big Ten,2,0,1,7.36,10,5,,0,0,0,18.1,20,20,15,5,9,0,23,3,0,1,87,1.582,9.8,2.5,4.4,11.3,2.56,,player.fcgi?id=yarber001jac
Jackson Bergman,22,2026,Indiana,Big Ten,1,1,0.5,4.5,3,3,,0,0,0,14,18,8,7,1,5,0,9,6,0,0,70,1.643,11.6,0.6,3.2,5.8,1.8,,player.fcgi?id=bergma001jac
Xavier Carrera,19,2026,Indiana,Big Ten,1,0,1,18,7,0,,0,0,0,4,4,8,8,1,8,0,4,4,0,0,25,3,9,2.3,18,9,0.5,,player.fcgi?id=carrer000xav
Kellen English,19,2026,Indiana,Big Ten,1,1,0.5,10.8,15,0,,0,0,0,13.1,13,16,16,3,15,0,22,4,0,6,72,2.1,8.8,2,10.1,14.9,1.47,,player.fcgi?id=englis000kel
Anthony Gubitosi*,21,2026,Indiana,Big Ten,2,1,0.667,4.26,10,0,,0,0,0,12.2,11,6,6,3,8,0,12,4,0,1,59,1.5,7.8,2.1,5.7,8.5,1.5,,player.fcgi?id=gubito000ant
Pete Haas,23,2026,Indiana,Big Ten,1,0,1,9.18,14,1,,0,0,0,16.2,23,17,17,4,8,0,6,3,0,2,83,1.86,12.4,2.2,4.3,3.2,0.75,,player.fcgi?id=haas--000pet
Kaden Jacobi,23,2026,Indiana,Big Ten,1,2,0.333,14.11,17,0,,0,0,0,14.2,27,23,23,2,15,0,16,5,0,4,91,2.864,16.6,1.2,9.2,9.8,1.07,,player.fcgi?id=jacobi000kad
Conner Linn*,24,2026,Indiana,Big Ten,4,1,0.8,7.82,18,9,,0,0,0,35.2,51,32,31,6,18,0,32,5,0,3,179,1.935,12.9,1.5,4.5,8.1,1.78,,player.fcgi?id=linn--000con
Ivan Mastalski,19,2026,Indiana,Big Ten,1,0,1,3.89,19,4,,0,0,0,34.2,35,19,15,6,14,0,33,8,0,0,162,1.413,9.1,1.6,3.6,8.6,2.36,,player.fcgi?id=mastal000iva
Tony Neubeck*,23,2026,Indiana,Big Ten,7,4,0.636,3.95,14,14,,0,0,0,70.2,68,32,31,7,27,0,75,6,1,1,306,1.344,8.7,0.9,3.4,9.6,2.78,,player.fcgi?id=neubec000ton
Evan O'Neill,22,2026,Indiana,Big Ten,0,0,,3.6,6,0,,0,0,0,5,3,2,2,2,1,0,7,2,0,0,20,0.8,5.4,3.6,1.8,12.6,7,,player.fcgi?id=oneill000eva
Reagan Rivera,23,2026,Indiana,Big Ten,0,5,0,9.35,19,8,,0,0,3,43.1,54,52,45,8,25,0,52,8,2,4,219,1.823,11.2,1.7,5.2,10.8,2.08,,player.fcgi?id=rivera000rea
Mike Sarhatt,24,2026,Indiana,Big Ten,0,1,0,6.97,19,0,,0,0,1,20.2,26,16,16,2,17,0,23,5,1,5,105,2.081,11.3,0.9,7.4,10,1.35,,player.fcgi?id=sarhat000mic
Gavin Seebold,24,2026,Indiana,Big Ten,2,4,0.333,4.67,17,0,,0,0,2,44.1,40,26,23,7,26,1,56,6,0,1,201,1.489,8.1,1.4,5.3,11.4,2.15,,player.fcgi?id=seebol000gav
Brayton Thomas*,20,2026,Indiana,Big Ten,1,5,0.167,5.4,14,14,,0,0,0,55,46,33,33,6,36,0,55,21,2,6,265,1.491,7.5,1,5.9,9,1.53,,player.fcgi?id=thomas025bra
Jacob Vogel,22,2026,Indiana,Big Ten,1,1,0.5,4.84,22,0,,0,0,0,35.1,31,20,19,5,13,2,30,6,0,1,155,1.245,7.9,1.3,3.3,7.6,2.31,,player.fcgi?id=vogel-002jac
Eli Walker,24,2026,Indiana,Big Ten,0,0,,67.5,3,0,,0,0,0,1.1,5,10,10,2,4,0,1,2,0,1,15,6.75,33.8,13.5,27,6.8,0.25,,player.fcgi?id=walker003eli
Ian White,20,2026,Indiana,Big Ten,0,0,,15.43,3,0,,0,0,0,2.1,4,4,4,1,3,0,4,1,0,1,14,3,15.4,3.9,11.6,15.4,1.33,,player.fcgi?id=white-001ian
Jackson Yarberry,21,2026,Indiana,Big Ten,0,5,0,7.59,19,1,,0,0,2,40.1,50,37,34,6,21,2,47,3,0,4,196,1.76,11.2,1.3,4.7,10.5,2.24,,player.fcgi?id=yarber001jac
Ben Bergman?,--,2011,Iowa,Big Ten,,,,3.6,,1,,,0,,10,16,11,4,,5,,7,,,,,2.1,14.4,,4.5,6.3,1.4,,player.fcgi?id=bergma000ben
Patrick Brennan*,21,2011,Iowa,Big Ten,,,,27,,0,,,0,,1,1,3,3,,3,,1,,,,,4,9,,27,9,0.33,,player.fcgi?id=brenna000pat
Nick Brown,21,2011,Iowa,Big Ten,,,,2.85,,6,,,0,,41,39,20,13,,13,,25,,,,,1.268,8.6,,2.9,5.5,1.92,,player.fcgi?id=brown-002nic
Matt Dermody*,20,2011,Iowa,Big Ten,,,,4.07,,14,,,0,,86.1,87,44,39,,26,,75,,,,,1.309,9.1,,2.7,7.8,2.88,,player.fcgi?id=dermod001mat
Tim Fangman?,--,2011,Iowa,Big Ten,,,,2.94,,0,,,0,,52,48,20,17,,11,,32,,,,,1.135,8.3,,1.9,5.5,2.91,,player.fcgi?id=fangma000tim
Steve Hague?,--,2011,Iowa,Big Ten,,,,6,,0,,,0,,3,6,2,2,,2,,0,,,,,2.667,18,,6,0,0,,player.fcgi?id=hague-000ste
Jarred Hippen*,21,2011,Iowa,Big Ten,,,,3.08,,14,,,1,,96.1,97,47,33,,20,,61,,,,,1.215,9.1,,1.9,5.7,3.05,,player.fcgi?id=hippen000jar
Zach Kenyon,22,2011,Iowa,Big Ten,,,,4.47,,0,,,0,,46.1,39,24,23,,20,,34,,,,,1.273,7.6,,3.9,6.6,1.7,,player.fcgi?id=kenyon001zac
Phil Keppler?,--,2011,Iowa,Big Ten,,,,4.24,,0,,,0,,17,19,11,8,,2,,12,,,,,1.235,10.1,,1.1,6.4,6,,player.fcgi?id=kepple000phi
Patrick Lala,21,2011,Iowa,Big Ten,,,,4.3,,6,,,0,,46,40,23,22,,37,,35,,,,,1.674,7.8,,7.2,6.8,0.95,,player.fcgi?id=lala--001pat
Kevin Lee?,--,2011,Iowa,Big Ten,,,,3.6,,0,,,0,,15,21,9,6,,6,,13,,,,,1.8,12.6,,3.6,7.8,2.17,,player.fcgi?id=lee---006kev
Jeff Pacha?,--,2011,Iowa,Big Ten,,,,4.61,,3,,,0,,27.1,29,17,14,,16,,15,,,,,1.646,9.5,,5.3,4.9,0.94,,player.fcgi?id=pacha-000jef
Ricky Sandquist?,--,2011,Iowa,Big Ten,,,,9.26,,8,,,0,,34,50,35,35,,22,,12,,,,,2.118,13.2,,5.8,3.2,0.55,,player.fcgi?id=sandqu000ric
Ben Bergman?,--,2012,Iowa,Big Ten,0,0,,0,6,0,,,0,0,1.2,1,0,0,0,6,0,3,0,0,1,12,4.2,5.4,0,32.4,16.2,0.5,,player.fcgi?id=bergma000ben
Nick Brown,22,2012,Iowa,Big Ten,2,2,0.5,2.61,16,0,,,0,7,20.2,17,9,6,0,13,1,24,2,1,5,94,1.452,7.4,0,5.7,10.5,1.85,,player.fcgi?id=brown-002nic
Matt Dermody*,21,2012,Iowa,Big Ten,1,7,0.125,4.74,14,13,,,0,0,76,78,46,40,8,23,0,60,8,0,2,334,1.329,9.2,0.9,2.7,7.1,2.61,,player.fcgi?id=dermod001mat
Tim Fangman?,--,2012,Iowa,Big Ten,1,3,0.25,3.67,22,0,,,0,0,34.1,39,21,14,0,14,4,18,2,1,2,158,1.544,10.2,0,3.7,4.7,1.29,,player.fcgi?id=fangma000tim
Andrew Hanse,21,2012,Iowa,Big Ten,1,0,1,4.95,17,0,,,0,0,20,25,12,11,1,14,1,23,2,0,3,99,1.95,11.3,0.5,6.3,10.4,1.64,,player.fcgi?id=hanse-000and
Andrew Hedrick?,--,2012,Iowa,Big Ten,2,2,0.5,5.46,12,8,,,0,0,31.1,33,25,19,3,17,0,24,4,0,3,148,1.596,9.5,0.9,4.9,6.9,1.41,,player.fcgi?id=hedric000and
Nick Hibbing,19,2012,Iowa,Big Ten,1,2,0.333,5.82,14,1,,,0,2,21.2,18,15,14,2,16,0,13,3,0,2,100,1.569,7.5,0.8,6.6,5.4,0.81,,player.fcgi?id=hibbin000nic
Jarred Hippen*,22,2012,Iowa,Big Ten,4,7,0.364,4.97,13,13,,,0,0,92.1,106,60,51,10,21,0,64,7,1,2,411,1.375,10.3,1,2,6.2,3.05,,player.fcgi?id=hippen000jar
Taylor Kaufman?,--,2012,Iowa,Big Ten,3,0,1,3.38,22,0,,,0,0,26.2,23,11,10,1,11,3,25,2,1,2,112,1.275,7.8,0.3,3.7,8.4,2.27,,player.fcgi?id=kaufma000tay
Phil Keppler?,--,2012,Iowa,Big Ten,0,0,,10.13,3,0,,,0,0,2.2,5,3,3,0,2,0,3,0,0,0,15,2.625,16.9,0,6.8,10.1,1.5,,player.fcgi?id=kepple000phi
Sasha Kuebel*,19,2012,Iowa,Big Ten,6,0,1,2.67,13,13,,,0,0,87.2,79,30,26,4,15,2,36,5,0,2,359,1.072,8.1,0.4,1.5,3.7,2.4,,player.fcgi?id=kuebel000nic
Patrick Lala,22,2012,Iowa,Big Ten,1,3,0.25,7.71,9,0,,,0,0,9.1,10,10,8,2,7,0,8,3,0,1,47,1.821,9.6,1.9,6.8,7.7,1.14,,player.fcgi?id=lala--001pat
Ryan Rumpf?,--,2012,Iowa,Big Ten,1,0,1,0,5,0,,,0,0,4.1,5,0,0,0,3,0,4,0,0,2,20,1.846,10.4,0,6.2,8.3,1.33,,player.fcgi?id=rumpf-000rya
Ricky Sandquist?,--,2012,Iowa,Big Ten,0,1,0,8.79,7,2,,,0,0,14.1,20,14,14,3,6,1,9,2,0,3,70,1.814,12.6,1.9,3.8,5.7,1.5,,player.fcgi?id=sandqu000ric
Ben Bergman?,--,2013,Iowa,Big Ten,0,0,,4.09,8,0,,,0,0,11,17,9,5,0,10,0,4,3,0,1,57,2.455,13.9,0,8.2,3.3,0.4,,player.fcgi?id=bergma000ben
Quinten Conrad?,--,2013,Iowa,Big Ten,0,0,,9,1,0,,,0,0,1,2,1,1,0,0,0,0,1,0,0,6,2,18,0,0,0,,,player.fcgi?id=conrad000qui
Matt Dermody*,22,2013,Iowa,Big Ten,7,2,0.778,3.64,14,14,,,0,0,94,110,44,38,3,21,1,68,4,1,4,406,1.394,10.5,0.3,2,6.5,3.24,,player.fcgi?id=dermod001mat
Andrew Hanse,22,2013,Iowa,Big Ten,2,4,0.333,4.3,16,7,,,0,1,46,54,32,22,1,17,1,32,8,0,1,219,1.543,10.6,0.2,3.3,6.3,1.88,,player.fcgi?id=hanse-000and
Andrew Hedrick?,--,2013,Iowa,Big Ten,1,0,1,3.6,6,0,,,0,0,10,14,4,4,0,8,0,9,2,0,0,53,2.2,12.6,0,7.2,8.1,1.13,,player.fcgi?id=hedric000and
Nick Hibbing,20,2013,Iowa,Big Ten,4,3,0.571,3.9,19,2,,,0,3,32.1,34,21,14,3,10,0,24,3,1,3,142,1.361,9.5,0.8,2.8,6.7,2.4,,player.fcgi?id=hibbin000nic
Taylor Kaufman?,--,2013,Iowa,Big Ten,3,3,0.5,2.52,16,2,,,0,3,53.2,52,19,15,0,16,3,34,3,0,1,232,1.267,8.7,0,2.7,5.7,2.13,,player.fcgi?id=kaufma000tay
Sasha Kuebel*,20,2013,Iowa,Big Ten,2,8,0.2,5.13,14,11,,,0,0,80.2,99,55,46,5,24,1,46,11,1,5,365,1.525,11,0.6,2.7,5.1,1.92,,player.fcgi?id=kuebel000nic
Josh Martsching,19,2013,Iowa,Big Ten,0,2,0,4.98,18,2,,,0,1,34.1,43,25,19,2,14,1,23,5,0,2,164,1.66,11.3,0.5,3.7,6,1.64,,player.fcgi?id=martsc000jos
Calvin Mathews?,--,2013,Iowa,Big Ten,2,5,0.286,4.91,10,9,,,0,0,40.1,42,27,22,5,11,1,27,2,1,3,183,1.314,9.4,1.1,2.5,6,2.45,,player.fcgi?id=mathew000cal
Ryan Rumpf?,--,2013,Iowa,Big Ten,0,0,,6,3,0,,,0,0,3,5,2,2,0,3,0,2,1,0,1,17,2.667,15,0,9,6,0.67,,player.fcgi?id=rumpf-000rya
Ricky Sandquist?,--,2013,Iowa,Big Ten,1,0,1,2.88,17,2,,,0,2,40.2,40,17,13,0,14,0,29,6,0,1,174,1.328,8.9,0,3.1,6.4,2.07,,player.fcgi?id=sandqu000ric
Matt Allen?,--,2014,Iowa,Big Ten,1,1,0.5,5.29,10,0,,,0,0,17,22,13,10,3,4,0,6,4,0,1,77,1.529,11.6,1.6,2.1,3.2,1.5,,player.fcgi?id=allen-001mat
Andrew Hedrick?,--,2014,Iowa,Big Ten,3,4,0.429,4.98,13,6,,,0,1,47,59,28,26,4,20,1,25,10,0,1,220,1.681,11.3,0.8,3.8,4.8,1.25,,player.fcgi?id=hedric000and
Nick Hibbing,21,2014,Iowa,Big Ten,3,3,0.5,4.74,24,2,,,0,3,43.2,49,27,23,2,15,0,30,5,1,3,191,1.466,10.1,0.4,3.1,6.2,2,,player.fcgi?id=hibbin000nic
Blake Hickman,20,2014,Iowa,Big Ten,2,2,0.5,3.93,17,5,,,0,0,34.1,30,15,15,1,23,2,34,6,0,3,160,1.544,7.9,0.3,6,8.9,1.48,,player.fcgi?id=hickma000bla
Sasha Kuebel*,21,2014,Iowa,Big Ten,6,5,0.545,4.53,17,15,,,1,0,89.1,113,58,45,1,19,1,61,7,1,8,404,1.478,11.4,0.1,1.9,6.1,3.21,,player.fcgi?id=kuebel000nic
Jared Mandel?,--,2014,Iowa,Big Ten,2,1,0.667,2.7,15,0,,,0,1,23.1,23,8,7,2,7,1,19,3,0,1,102,1.286,8.9,0.8,2.7,7.3,2.71,,player.fcgi?id=mandel000jar
Calvin Mathews?,--,2014,Iowa,Big Ten,3,3,0.5,2.72,13,11,,,0,0,72.2,55,27,22,6,20,0,60,3,1,5,289,1.032,6.8,0.7,2.5,7.4,3,,player.fcgi?id=mathew000cal
Tyler Peyton,20,2014,Iowa,Big Ten,5,1,0.833,4.86,14,14,,,0,0,76,81,43,41,5,33,2,45,6,0,6,346,1.5,9.6,0.6,3.9,5.3,1.36,,player.fcgi?id=peyton000tyl
Tyler Radtke?,--,2014,Iowa,Big Ten,2,2,0.5,3.89,23,0,,,0,3,37,33,17,16,0,15,3,38,7,0,5,162,1.297,8,0,3.6,9.2,2.53,,player.fcgi?id=radtke000tyl
Jake Reinhardt?,--,2014,Iowa,Big Ten,1,1,0.5,4.5,6,0,,,0,0,6,10,3,3,0,2,0,3,0,0,0,29,2,15,0,3,4.5,1.5,,player.fcgi?id=reinha000jak
Ryan Rumpf?,--,2014,Iowa,Big Ten,0,0,,3.6,5,0,,,0,1,5,6,5,2,1,2,0,7,1,1,0,25,1.6,10.8,1.8,3.6,12.6,3.5,,player.fcgi?id=rumpf-000rya
Brandon Shulista?,--,2014,Iowa,Big Ten,2,0,1,9.22,13,0,,,0,0,13.2,22,18,14,2,10,0,9,5,0,0,76,2.341,14.5,1.3,6.6,5.9,0.9,,player.fcgi?id=shulis000bra
Nick Allgeyer*,19,2015,Iowa,Big Ten,2,0,1,3.48,10,0,,,0,2,10.1,8,4,4,0,6,1,6,1,1,1,44,1.355,7,0,5.2,5.2,1,,player.fcgi?id=allgey000nic
Ryan Erickson*,21,2015,Iowa,Big Ten,4,1,0.8,2.79,18,0,,,0,1,42,47,18,13,1,20,1,27,4,0,4,198,1.595,10.1,0.2,4.3,5.8,1.35,,player.fcgi?id=ericks001rya
Nick Gallagher,19,2015,Iowa,Big Ten,0,0,,2.18,9,5,,,0,0,20.2,15,5,5,0,7,0,17,6,0,0,87,1.065,6.5,0,3,7.4,2.43,,player.fcgi?id=gallag000nic
Connor Grant,21,2015,Iowa,Big Ten,1,2,0.333,4.02,16,4,,,0,2,31.1,21,16,14,0,22,2,21,7,0,7,141,1.372,6,0,6.3,6,0.95,,player.fcgi?id=grant-000con
Andrew Hedrick?,--,2015,Iowa,Big Ten,0,0,,16.2,3,1,,,0,0,3.1,5,7,6,1,4,0,4,2,0,0,21,2.7,13.5,2.7,10.8,10.8,1,,player.fcgi?id=hedric000and
Nick Hibbing,22,2015,Iowa,Big Ten,4,1,0.8,1.57,25,0,,,0,8,51.2,30,9,9,2,5,1,47,2,1,1,189,0.677,5.2,0.3,0.9,8.2,9.4,,player.fcgi?id=hibbin000nic
Blake Hickman,21,2015,Iowa,Big Ten,9,2,0.818,2.99,16,16,,,0,0,84.1,66,32,28,6,42,1,52,1,1,7,355,1.281,7,0.6,4.5,5.5,1.24,,player.fcgi?id=hickma000bla
Jared Mandel?,--,2015,Iowa,Big Ten,2,1,0.667,4.96,12,0,,,0,0,16.1,12,13,9,1,9,0,9,4,0,3,73,1.286,6.6,0.6,5,5,1,,player.fcgi?id=mandel000jar
Josh Martsching,21,2015,Iowa,Big Ten,0,1,0,3.44,11,2,,,0,0,18.1,11,7,7,0,10,0,11,3,1,2,76,1.145,5.4,0,4.9,5.4,1.1,,player.fcgi?id=martsc000jos
Calvin Mathews?,--,2015,Iowa,Big Ten,5,3,0.625,2.45,16,15,,,0,0,73.1,67,25,20,4,26,3,43,6,0,7,314,1.268,8.2,0.5,3.2,5.3,1.65,,player.fcgi?id=mathew000cal
Daniel Moriel?,--,2015,Iowa,Big Ten,0,0,,9,1,0,,,0,0,1,0,1,1,0,1,0,0,0,0,0,4,1,0,0,9,0,0,,player.fcgi?id=moriel000dan
Tyler Peyton,21,2015,Iowa,Big Ten,7,4,0.636,3.03,16,16,,,1,0,95,94,35,32,2,24,2,74,12,0,5,403,1.242,8.9,0.2,2.3,7,3.08,,player.fcgi?id=peyton000tyl
Tyler Radtke?,--,2015,Iowa,Big Ten,2,1,0.667,5.31,19,0,,,0,2,20.1,24,15,12,3,18,4,16,3,0,2,106,2.066,10.6,1.3,8,7.1,0.89,,player.fcgi?id=radtke000tyl
Brandon Shulista?,--,2015,Iowa,Big Ten,3,2,0.6,3.67,18,0,,,0,0,27,27,14,11,1,6,0,23,3,1,2,117,1.222,9,0.3,2,7.7,3.83,,player.fcgi?id=shulis000bra
Luke Vandermaten,21,2015,Iowa,Big Ten,2,0,1,1.06,22,0,,,0,4,42.1,32,6,5,1,15,3,23,11,0,2,179,1.11,6.8,0.2,3.2,4.9,1.53,,player.fcgi?id=vander000luk
Nick Allgeyer*,20,2016,Iowa,Big Ten,0,0,,3.44,22,1,,0,0,1,36.2,28,16,14,2,11,1,32,1,0,2,148,1.064,6.9,0.5,2.7,7.9,2.91,,player.fcgi?id=allgey000nic
Zach Daniels,19,2016,Iowa,Big Ten,1,1,0.5,1.5,16,0,,0,0,5,18,14,3,3,0,4,1,15,3,0,2,74,1,7,0,2,7.5,3.75,,player.fcgi?id=daniel002zac
C.J. Eldred,21,2016,Iowa,Big Ten,3,8,0.273,3.43,16,14,,2,0,0,94.1,99,41,36,5,25,2,63,12,2,6,408,1.314,9.4,0.5,2.4,6,2.52,,player.fcgi?id=eldred002cal
Ryan Erickson*,22,2016,Iowa,Big Ten,2,1,0.667,4.15,16,3,,0,0,0,47.2,47,33,22,2,24,0,25,2,1,5,213,1.49,8.9,0.4,4.5,4.7,1.04,,player.fcgi?id=ericks001rya
Nick Gallagher,20,2016,Iowa,Big Ten,8,3,0.727,2.57,14,4,,0,0,0,63,49,20,18,3,22,0,59,4,1,2,260,1.127,7,0.4,3.1,8.4,2.68,,player.fcgi?id=gallag000nic
Sam Lizarraga?,--,2016,Iowa,Big Ten,1,0,1,0.79,8,0,,0,0,0,11.1,6,1,1,0,3,0,12,0,0,3,40,0.794,4.8,0,2.4,9.5,4,,player.fcgi?id=lizarr000sam
Jared Mandel?,--,2016,Iowa,Big Ten,0,0,,4.15,14,0,,0,0,0,13,12,7,6,0,7,0,12,4,0,1,57,1.462,8.3,0,4.8,8.3,1.71,,player.fcgi?id=mandel000jar
Josh Martsching,22,2016,Iowa,Big Ten,2,1,0.667,2.41,16,0,,0,0,4,18.2,18,5,5,0,9,0,16,0,0,2,78,1.446,8.7,0,4.3,7.7,1.78,,player.fcgi?id=martsc000jos
Calvin Mathews?,--,2016,Iowa,Big Ten,0,4,0,5.79,12,12,,0,0,0,37.1,45,25,24,8,13,0,27,1,1,1,168,1.554,10.8,1.9,3.1,6.5,2.08,,player.fcgi?id=mathew000cal
Cole McDonald,19,2016,Iowa,Big Ten,4,1,0.8,3.33,10,8,,0,0,0,24.1,23,9,9,0,6,0,29,1,2,1,101,1.192,8.5,0,2.2,10.7,4.83,,player.fcgi?id=mcdona000col
Tyler Peyton,22,2016,Iowa,Big Ten,4,5,0.444,4.24,13,12,,1,1,0,68,58,37,32,6,19,0,47,8,0,5,286,1.132,7.7,0.8,2.5,6.2,2.47,,player.fcgi?id=peyton000tyl
Tyler Radtke?,--,2016,Iowa,Big Ten,1,1,0.5,2.63,13,0,,0,0,0,13.2,15,4,4,0,8,1,13,0,0,1,63,1.683,9.9,0,5.3,8.6,1.63,,player.fcgi?id=radtke000tyl
Shane Ritter,19,2016,Iowa,Big Ten,2,1,0.667,3.33,13,2,,0,0,0,27,27,10,10,2,14,0,19,5,0,5,124,1.519,9,0.7,4.7,6.3,1.36,,player.fcgi?id=ritter000sha
Luke Vandermaten,22,2016,Iowa,Big Ten,2,0,1,4.22,16,0,,0,0,1,21.1,25,11,10,2,7,3,11,2,0,0,95,1.5,10.5,0.8,3,4.6,1.57,,player.fcgi?id=vander000luk
Kyle Wade?,--,2016,Iowa,Big Ten,0,0,,18,1,0,,0,0,0,1,3,2,2,0,0,0,2,1,0,0,7,3,27,0,0,18,,,player.fcgi?id=wade--002kyl
Zach Daniels,20,2017,Iowa,Big Ten,7,3,0.7,3.22,24,0,,0,0,1,50.1,55,23,18,3,25,2,55,4,0,5,224,1.589,9.8,0.5,4.5,9.8,2.2,,player.fcgi?id=daniel002zac
C.J. Eldred,22,2017,Iowa,Big Ten,0,0,,1.5,1,1,,0,0,0,6,3,1,1,0,0,0,4,0,0,0,20,0.5,4.5,0,0,6,,,player.fcgi?id=eldred002cal
Ryan Erickson*,23,2017,Iowa,Big Ten,4,3,0.571,3,16,12,,0,0,1,75,78,34,25,3,32,1,48,3,2,6,323,1.467,9.4,0.4,3.8,5.8,1.5,,player.fcgi?id=ericks001rya
Nick Gallagher,21,2017,Iowa,Big Ten,8,2,0.8,3.48,16,15,,0,0,0,95.2,96,41,37,12,25,0,87,2,0,4,397,1.265,9,1.1,2.4,8.2,3.48,,player.fcgi?id=gallag000nic
Grant Judkins,19,2017,Iowa,Big Ten,1,0,1,7.59,10,5,,0,0,0,21.1,28,20,18,4,10,0,23,5,1,3,105,1.781,11.8,1.7,4.2,9.7,2.3,,player.fcgi?id=judkin000gra
Grant Leonard,20,2017,Iowa,Big Ten,0,0,,4.5,2,0,,0,0,0,2,3,1,1,0,1,0,0,0,0,0,9,2,13.5,0,4.5,0,0,,player.fcgi?id=leonar000gra
Sam Lizarraga?,--,2017,Iowa,Big Ten,0,0,,4.74,11,0,,0,0,0,19,29,11,10,1,6,0,16,2,0,2,93,1.842,13.7,0.5,2.8,7.6,2.67,,player.fcgi?id=lizarr000sam
Josh Martsching,23,2017,Iowa,Big Ten,5,1,0.833,2.54,29,0,,0,0,8,46,35,17,13,3,10,0,46,4,0,2,181,0.978,6.8,0.6,2,9,4.6,,player.fcgi?id=martsc000jos
Cole McDonald,20,2017,Iowa,Big Ten,2,4,0.333,6.96,13,11,,0,0,0,42.2,52,34,33,3,22,0,39,4,0,5,195,1.734,11,0.6,4.6,8.2,1.77,,player.fcgi?id=mcdona000col
Nick Nelsen,21,2017,Iowa,Big Ten,0,3,0,6.35,26,0,,0,0,0,28.1,36,24,20,0,10,0,20,4,0,2,134,1.624,11.4,0,3.2,6.4,2,,player.fcgi?id=nelsen000nic
Sam Norman*,--,2017,Iowa,Big Ten,0,0,,0,4,0,,0,0,0,3.2,3,3,0,0,2,0,4,1,0,2,18,1.364,7.4,0,4.9,9.8,2,,player.fcgi?id=norman000sam
Shane Ritter,20,2017,Iowa,Big Ten,2,2,0.5,5.33,22,1,,0,0,5,27,30,16,16,1,22,1,24,4,0,5,130,1.926,10,0.3,7.3,8,1.09,,player.fcgi?id=ritter000sha
Drake Robison,22,2017,Iowa,Big Ten,4,2,0.667,6.1,20,9,,0,0,0,59,71,40,40,4,29,0,58,2,0,7,270,1.695,10.8,0.6,4.4,8.8,2,,player.fcgi?id=robiso000dra
Kyle Shimp*,20,2017,Iowa,Big Ten,5,1,0.833,3.18,18,0,,0,0,0,28.1,18,15,10,1,23,0,26,1,2,6,127,1.447,5.7,0.3,7.3,8.3,1.13,,player.fcgi?id=shimp-000kyl
Elijah Wood?,--,2017,Iowa,Big Ten,1,1,0.5,5.26,15,7,,0,0,0,39.1,59,24,23,3,10,0,20,2,2,3,182,1.754,13.5,0.7,2.3,4.6,2,,player.fcgi?id=wood--000eli
Nick Allgeyer*,22,2018,Iowa,Big Ten,5,4,0.556,2.41,15,15,,0,0,0,97,85,35,26,10,28,1,95,4,1,1,401,1.165,7.9,0.9,2.6,8.8,3.39,,player.fcgi?id=allgey000nic
Cam Baumann*,19,2018,Iowa,Big Ten,1,1,0.5,7.2,18,0,,0,0,0,15,24,12,12,1,13,1,22,2,0,4,85,2.467,14.4,0.6,7.8,13.2,1.69,,player.fcgi?id=bauman000cam
Zach Daniels,21,2018,Iowa,Big Ten,6,2,0.75,2.56,25,0,,0,0,5,45.2,32,16,13,3,23,3,49,5,2,7,194,1.204,6.3,0.6,4.5,9.7,2.13,,player.fcgi?id=daniel002zac
Jack Dreyer*,19,2018,Iowa,Big Ten,5,2,0.714,3.69,14,4,,0,0,0,31.2,26,18,13,2,15,0,42,8,0,2,140,1.295,7.4,0.6,4.3,11.9,2.8,,player.fcgi?id=dreyer000jac
Grant Judkins,20,2018,Iowa,Big Ten,1,0,1,4.12,13,1,,0,0,0,39.1,40,20,18,1,11,1,37,0,2,4,171,1.297,9.2,0.2,2.5,8.5,3.36,,player.fcgi?id=judkin000gra
Kole Kampen*,20,2018,Iowa,Big Ten,0,0,,7,7,1,,0,0,0,9,11,8,7,3,7,0,9,0,1,1,44,2,11,3,7,9,1.29,,player.fcgi?id=kampen000kol
Grant Leonard,21,2018,Iowa,Big Ten,2,1,0.667,4.64,21,0,,0,0,2,21.1,29,13,11,2,5,1,23,0,1,1,97,1.594,12.2,0.8,2.1,9.7,4.6,,player.fcgi?id=leonar000gra
Derek Lieurance,21,2018,Iowa,Big Ten,1,0,1,4.26,7,0,,0,0,0,6.1,2,5,3,1,5,0,7,2,0,2,30,1.105,2.8,1.4,7.1,9.9,1.4,,player.fcgi?id=lieura000der
Cole McDonald,21,2018,Iowa,Big Ten,3,2,0.6,3.23,11,11,,0,0,0,55.2,52,24,20,5,17,1,52,2,0,0,230,1.24,8.4,0.8,2.7,8.4,3.06,,player.fcgi?id=mcdona000col
Nick Nelsen,22,2018,Iowa,Big Ten,2,1,0.667,3.6,28,0,,0,0,3,30,24,13,12,2,11,2,31,4,2,0,125,1.167,7.2,0.6,3.3,9.3,2.82,,player.fcgi?id=nelsen000nic
Ben Probst,19,2018,Iowa,Big Ten,1,0,1,4.35,16,0,,0,0,0,20.2,25,13,10,1,9,0,21,3,0,2,97,1.645,10.9,0.4,3.9,9.1,2.33,,player.fcgi?id=probst000ben
Shane Ritter,21,2018,Iowa,Big Ten,0,0,,8.31,17,0,,0,0,0,13,13,12,12,1,17,1,9,3,0,4,70,2.308,9,0.7,11.8,6.2,0.53,,player.fcgi?id=ritter000sha
Brady Schanuel,21,2018,Iowa,Big Ten,5,7,0.417,5.94,14,13,,0,0,0,53,51,41,35,5,43,0,65,6,0,7,260,1.774,8.7,0.8,7.3,11,1.51,,player.fcgi?id=schanu000bra
Kyle Shimp*,21,2018,Iowa,Big Ten,0,0,,10.24,9,0,,0,0,1,9.2,11,11,11,0,10,0,10,1,0,1,52,2.172,10.2,0,9.3,9.3,1,,player.fcgi?id=shimp-000kyl
Trenton Wallace*,19,2018,Iowa,Big Ten,1,0,1,3.75,13,8,,0,0,0,24,25,11,10,3,9,0,27,3,1,1,108,1.417,9.4,1.1,3.4,10.1,3,,player.fcgi?id=wallac000tre
Cam Baumann*,20,2019,Iowa,Big Ten,4,5,0.444,5.29,15,14,,0,0,0,64.2,77,42,38,7,38,0,54,8,4,4,318,1.778,10.7,1,5.3,7.5,1.42,,player.fcgi?id=bauman000cam
Duncan Davitt,19,2019,Iowa,Big Ten,2,1,0.667,5.22,17,4,,0,0,0,39.2,40,29,23,2,26,0,50,4,1,9,186,1.664,9.1,0.5,5.9,11.3,1.92,,player.fcgi?id=davitt000dun
Jack Dreyer*,20,2019,Iowa,Big Ten,1,0,1,2.45,2,2,,0,0,0,7.1,6,2,2,0,5,0,11,0,0,1,34,1.5,7.4,0,6.1,13.5,2.2,,player.fcgi?id=dreyer000jac
Jason Foster,23,2019,Iowa,Big Ten,1,0,1,5.79,24,0,,0,0,1,28,23,18,18,2,17,3,23,5,0,2,130,1.429,7.4,0.6,5.5,7.4,1.35,,player.fcgi?id=foster002jas
Trace Hoffman,21,2019,Iowa,Big Ten,5,2,0.714,6.49,29,0,,0,0,2,34.2,36,26,25,1,6,2,26,8,0,2,150,1.212,9.3,0.3,1.6,6.8,4.33,,player.fcgi?id=hoffma000tra
Drew Irvine,19,2019,Iowa,Big Ten,1,0,1,6.62,15,0,,0,0,0,17.2,21,15,13,2,11,0,8,2,0,4,84,1.811,10.7,1,5.6,4.1,0.73,,player.fcgi?id=irvine000dre
Grant Judkins,21,2019,Iowa,Big Ten,4,7,0.364,2.72,15,15,,0,0,0,82.2,70,38,25,8,31,0,65,2,0,5,347,1.222,7.6,0.9,3.4,7.1,2.1,,player.fcgi?id=judkin000gra
Adam Ketelsen*,21,2019,Iowa,Big Ten,1,0,1,5.06,14,0,,0,0,0,16,15,11,9,2,12,0,18,2,0,1,78,1.688,8.4,1.1,6.8,10.1,1.5,,player.fcgi?id=ketels000ada
Hunter Lee,20,2019,Iowa,Big Ten,0,1,0,3.86,2,0,,0,0,0,2.1,4,1,1,0,1,0,1,0,0,1,11,2.143,15.4,0,3.9,3.9,1,,player.fcgi?id=lee---001hun
Grant Leonard,22,2019,Iowa,Big Ten,2,3,0.4,3.38,28,0,,0,0,14,34.2,38,13,13,1,9,3,37,2,0,3,153,1.356,9.9,0.3,2.3,9.6,4.11,,player.fcgi?id=leonar000gra
Derek Lieurance,22,2019,Iowa,Big Ten,0,0,,inf,2,0,,0,0,0,0,2,3,2,0,2,0,0,0,0,0,5,,,,,,0,,player.fcgi?id=lieura000der
Cole McDonald,22,2019,Iowa,Big Ten,6,3,0.667,3.54,15,15,,0,0,0,89,86,38,35,3,29,0,83,4,0,9,377,1.292,8.7,0.3,2.9,8.4,2.86,,player.fcgi?id=mcdona000col
Jake McLaughlin,21,2019,Iowa,Big Ten,0,0,,9,2,0,,0,0,0,2,9,8,2,0,0,0,0,1,0,0,16,4.5,40.5,0,0,0,,,player.fcgi?id=mclaug000jak
Clayton Nettleton,19,2019,Iowa,Big Ten,0,0,,2.84,8,2,,0,0,0,12.2,7,4,4,0,9,0,12,3,1,5,53,1.263,5,0,6.4,8.5,1.33,,player.fcgi?id=nettle000cla
Ben Probst,20,2019,Iowa,Big Ten,0,0,,6,2,0,,0,0,0,3,1,2,2,1,2,0,2,1,0,0,14,1,3,3,6,6,1,,player.fcgi?id=probst000ben
Shane Ritter,22,2019,Iowa,Big Ten,1,0,1,3.24,14,0,,0,0,0,8.1,3,3,3,1,10,0,7,3,0,1,38,1.56,3.2,1.1,10.8,7.6,0.7,,player.fcgi?id=ritter000sha
Kyle Shimp*,22,2019,Iowa,Big Ten,2,1,0.667,7.04,20,0,,0,0,0,15.1,14,13,12,1,17,0,23,1,0,6,78,2.022,8.2,0.6,10,13.5,1.35,,player.fcgi?id=shimp-000kyl
Trenton Wallace*,20,2019,Iowa,Big Ten,1,1,0.5,6.41,14,3,,0,0,1,26.2,31,22,19,2,16,0,31,1,1,4,127,1.763,10.5,0.7,5.4,10.5,1.94,,player.fcgi?id=wallac000tre
Cam Baumann*,21,2020,Iowa,Big Ten,0,0,,12.27,4,0,,0,0,0,3.2,7,5,5,2,2,0,7,0,0,0,20,2.455,17.2,4.9,4.9,17.2,3.5,,player.fcgi?id=bauman000cam
Ben Beutel*,20,2020,Iowa,Big Ten,0,0,,11.12,5,1,,0,0,0,5.2,6,7,7,1,0,0,6,3,1,1,26,1.059,9.5,1.6,0,9.5,,,player.fcgi?id=beutel000ben
Duncan Davitt,20,2020,Iowa,Big Ten,0,1,0,4.5,4,4,,0,0,0,16,16,11,8,2,7,0,13,2,0,3,76,1.438,9,1.1,3.9,7.3,1.86,,player.fcgi?id=davitt000dun
Jack Dreyer*,21,2020,Iowa,Big Ten,2,1,0.667,3.32,4,4,,1,1,0,21.2,12,8,8,1,11,0,23,2,0,1,84,1.062,5,0.4,4.6,9.6,2.09,,player.fcgi?id=dreyer000jac
Jack Guzek,21,2020,Iowa,Big Ten,0,0,,0,3,0,,0,0,0,3.1,2,0,0,0,3,0,5,1,0,1,16,1.5,5.4,0,8.1,13.5,1.67,,player.fcgi?id=guzek-000jac
Jacob Henderson,19,2020,Iowa,Big Ten,0,0,,0,1,0,,0,0,0,1,0,0,0,0,0,0,2,0,0,0,3,0,0,0,0,18,,,player.fcgi?id=hender001jac
Trace Hoffman,22,2020,Iowa,Big Ten,0,0,,2.25,5,0,,0,0,0,4,7,1,1,0,2,0,2,1,0,1,22,2.25,15.8,0,4.5,4.5,1,,player.fcgi?id=hoffma000tra
Drew Irvine,20,2020,Iowa,Big Ten,1,2,0.333,4.5,5,0,,0,0,0,10,11,9,5,1,4,0,13,1,0,2,49,1.5,9.9,0.9,3.6,11.7,3.25,,player.fcgi?id=irvine000dre
Grant Judkins,22,2020,Iowa,Big Ten,2,0,1,3,4,4,,0,0,0,21,16,7,7,0,5,0,24,2,0,0,85,1,6.9,0,2.1,10.3,4.8,,player.fcgi?id=judkin000gra
Adam Ketelsen*,22,2020,Iowa,Big Ten,1,0,1,0,3,0,,0,0,0,7.2,2,0,0,0,1,0,8,0,0,0,24,0.391,2.3,0,1.2,9.4,8,,player.fcgi?id=ketels000ada
Hunter Lee,21,2020,Iowa,Big Ten,1,0,1,1,3,2,,0,0,0,9,6,1,1,0,4,0,12,0,0,0,33,1.111,6,0,4,12,3,,player.fcgi?id=lee---001hun
Grant Leonard,23,2020,Iowa,Big Ten,1,1,0.5,5.68,7,0,,0,0,4,6.1,7,4,4,0,2,1,4,2,0,1,29,1.421,9.9,0,2.8,5.7,2,,player.fcgi?id=leonar000gra
Dylan Nedved,21,2020,Iowa,Big Ten,1,0,1,1.35,5,0,,0,0,0,6.2,2,1,1,0,3,0,7,0,0,0,23,0.75,2.7,0,4.1,9.5,2.33,,player.fcgi?id=nedved000dyl
Ben Probst,21,2020,Iowa,Big Ten,0,0,,3.38,4,0,,0,0,0,2.2,2,1,1,0,4,0,3,0,0,0,14,2.25,6.8,0,13.5,10.1,0.75,,player.fcgi?id=probst000ben
Trenton Wallace*,21,2020,Iowa,Big Ten,1,0,1,1.59,5,0,,0,0,0,11.1,7,3,2,0,2,0,18,0,1,1,42,0.794,5.6,0,1.6,14.3,9,,player.fcgi?id=wallac000tre
Cam Baumann*,22,2021,Iowa,Big Ten,5,5,0.5,4.19,13,12,,0,0,0,68.2,71,36,32,7,14,0,56,4,1,7,293,1.238,9.3,0.9,1.8,7.3,4,,player.fcgi?id=bauman000cam
Ben Beutel*,21,2021,Iowa,Big Ten,0,1,0,10.61,6,0,,0,0,0,9.1,16,12,11,2,3,0,8,1,1,2,46,2.036,15.4,1.9,2.9,7.7,2.67,,player.fcgi?id=beutel000ben
Duncan Davitt,21,2021,Iowa,Big Ten,5,2,0.714,5.55,13,9,,0,0,0,48.2,48,31,30,8,19,1,47,9,0,3,220,1.377,8.9,1.5,3.5,8.7,2.47,,player.fcgi?id=davitt000dun
Jack Guzek,22,2021,Iowa,Big Ten,0,1,0,11.81,6,0,,0,0,0,5.1,5,8,7,1,5,0,3,0,0,0,27,1.875,8.4,1.7,8.4,5.1,0.6,,player.fcgi?id=guzek-000jac
Jacob Henderson,20,2021,Iowa,Big Ten,0,0,,5,8,0,,0,0,0,9,8,5,5,0,7,0,6,2,0,1,40,1.667,8,0,7,6,0.86,,player.fcgi?id=hender001jac
Trace Hoffman,23,2021,Iowa,Big Ten,3,0,1,4.56,18,0,,0,0,1,23.2,24,12,12,3,9,0,20,2,0,0,104,1.394,9.1,1.1,3.4,7.6,2.22,,player.fcgi?id=hoffma000tra
Drew Irvine,21,2021,Iowa,Big Ten,2,5,0.286,6.43,13,10,,1,0,0,49,55,40,35,7,31,1,49,4,0,6,238,1.755,10.1,1.3,5.7,9,1.58,,player.fcgi?id=irvine000dre
Tyson James,19,2021,Iowa,Big Ten,0,0,,4.5,6,0,,0,0,0,6,6,5,3,0,7,0,8,1,0,1,32,2.167,9,0,10.5,12,1.14,,player.fcgi?id=james-000tys
Adam Ketelsen*,23,2021,Iowa,Big Ten,0,0,,inf,1,0,,0,0,0,0,0,1,1,0,1,0,0,0,0,1,1,,,,,,0,,player.fcgi?id=ketels000ada
Ty Langenberg,19,2021,Iowa,Big Ten,0,0,,5.23,8,0,,0,0,0,10.1,13,6,6,3,3,0,8,0,0,3,48,1.548,11.3,2.6,2.6,7,2.67,,player.fcgi?id=langen000ty-
Hunter Lee,22,2021,Iowa,Big Ten,0,1,0,27,2,0,,0,0,0,1.2,5,5,5,1,1,0,2,0,0,2,11,3.6,27,5.4,5.4,10.8,2,,player.fcgi?id=lee---001hun
Grant Leonard,24,2021,Iowa,Big Ten,0,1,0,4.73,12,0,,0,0,1,13.1,11,8,7,1,2,0,14,2,0,0,57,0.975,7.4,0.7,1.4,9.5,7,,player.fcgi?id=leonar000gra
Dylan Nedved,22,2021,Iowa,Big Ten,4,1,0.8,4.19,20,0,,0,0,9,34.1,29,16,16,1,11,2,31,4,0,1,140,1.165,7.6,0.3,2.9,8.1,2.82,,player.fcgi?id=nedved000dyl
Jackson Payne,--,2021,Iowa,Big Ten,0,0,,3.86,5,0,,0,0,0,9.1,8,5,4,2,1,0,11,4,0,0,42,0.964,7.7,1.9,1,10.6,11,,player.fcgi?id=payne-003jac
Ben Probst,22,2021,Iowa,Big Ten,0,0,,3.68,9,0,,0,0,0,7.1,2,3,3,0,10,0,3,0,0,0,32,1.636,2.5,0,12.3,3.7,0.3,,player.fcgi?id=probst000ben
Jack Radford*,21,2021,Iowa,Big Ten,0,0,,0,1,0,,0,0,0,0.2,0,0,0,0,2,0,2,0,0,0,5,3,0,0,27,27,1,,player.fcgi?id=radfor000jac
Will Semb,19,2021,Iowa,Big Ten,0,0,,3,7,0,,0,0,0,15,11,11,5,2,12,1,16,0,0,2,67,1.533,6.6,1.2,7.2,9.6,1.33,,player.fcgi?id=semb--000wil
Trenton Wallace*,22,2021,Iowa,Big Ten,7,1,0.875,2.34,13,13,,0,0,0,73,54,20,19,3,37,0,106,7,1,1,315,1.247,6.7,0.4,4.6,13.1,2.86,,player.fcgi?id=wallac000tre
Keaton Anthony,21,2022,Iowa,Big Ten,0,0,,0,1,0,,0,0,0,2,0,0,0,0,1,0,4,0,0,0,7,0.5,0,0,4.5,18,4,,player.fcgi?id=anthon000kea
Cam Baumann*,23,2022,Iowa,Big Ten,1,0,1,5.57,13,3,,0,0,1,21,22,16,13,1,15,0,22,5,0,5,106,1.762,9.4,0.4,6.4,9.4,1.47,,player.fcgi?id=bauman000cam
Ben Beutel*,22,2022,Iowa,Big Ten,3,0,1,1.47,29,0,,0,0,4,30.2,22,6,5,1,6,1,41,2,3,3,111,0.913,6.5,0.3,1.8,12,6.83,,player.fcgi?id=beutel000ben
Brody Brecht,19,2022,Iowa,Big Ten,1,4,0.2,3.18,17,1,,0,0,0,22.2,13,16,8,0,25,1,44,2,4,10,112,1.676,5.2,0,9.9,17.5,1.76,,player.fcgi?id=brecht000bro
Will Christophersen,22,2022,Iowa,Big Ten,1,2,0.333,5.52,13,0,,0,0,0,14.2,10,12,9,0,6,1,25,3,1,2,66,1.091,6.1,0,3.7,15.3,4.17,,player.fcgi?id=christ004wil
Duncan Davitt,22,2022,Iowa,Big Ten,4,1,0.8,3.38,19,4,,0,0,1,40,30,16,15,1,15,2,61,8,0,4,171,1.125,6.8,0.2,3.4,13.7,4.07,,player.fcgi?id=davitt000dun
Casey Day,22,2022,Iowa,Big Ten,0,0,,3.18,8,0,,0,0,2,5.2,3,3,2,0,6,0,7,2,0,4,27,1.588,4.8,0,9.5,11.1,1.17,,player.fcgi?id=day---000cas
Ben DeTaeye*,21,2022,Iowa,Big Ten,1,1,0.5,4.38,10,1,,0,0,0,12.1,8,8,6,1,16,1,21,1,0,3,59,1.946,5.8,0.7,11.7,15.3,1.31,,player.fcgi?id=detaey000ben
Jacob Henderson,21,2022,Iowa,Big Ten,1,0,1,3.55,21,0,,0,0,1,12.2,20,11,5,1,4,0,18,2,0,2,62,1.895,14.2,0.7,2.8,12.8,4.5,,player.fcgi?id=hender001jac
Tyson James,20,2022,Iowa,Big Ten,0,0,,0,2,0,,0,0,0,1.2,0,0,0,0,5,0,3,0,0,2,10,3,0,0,27,16.2,0.6,,player.fcgi?id=james-000tys
Ty Langenberg,20,2022,Iowa,Big Ten,7,2,0.778,3.71,14,12,,0,0,0,63,60,28,26,4,23,1,74,9,0,7,279,1.317,8.6,0.6,3.3,10.6,3.22,,player.fcgi?id=langen000ty-
Luke Llewellyn,22,2022,Iowa,Big Ten,1,1,0.5,1.93,14,1,,0,0,3,14,6,5,3,0,16,0,10,1,0,1,66,1.571,3.9,0,10.3,6.4,0.63,,player.fcgi?id=llewel000luk
Adam Mazur,21,2022,Iowa,Big Ten,7,3,0.7,3.07,15,15,,1,1,0,93.2,60,37,32,7,30,2,98,4,0,5,376,0.961,5.8,0.7,2.9,9.4,3.27,,player.fcgi?id=mazur-000ada
Marcus Morgan,19,2022,Iowa,Big Ten,0,0,,7.63,10,3,,0,0,0,15.1,17,15,13,2,21,0,26,4,0,7,87,2.478,10,1.2,12.3,15.3,1.24,,player.fcgi?id=morgan003mar
Dylan Nedved,23,2022,Iowa,Big Ten,6,2,0.75,3.47,19,6,,0,0,3,72.2,51,33,28,5,28,1,75,14,0,5,304,1.087,6.3,0.6,3.5,9.3,2.68,,player.fcgi?id=nedved000dyl
Connor Schultz,23,2022,Iowa,Big Ten,2,2,0.5,5.4,16,8,,0,0,1,41.2,31,27,25,6,19,1,49,2,1,2,177,1.2,6.7,1.3,4.1,10.6,2.58,,player.fcgi?id=schult000con
Jared Simpson*,22,2022,Iowa,Big Ten,0,1,0,4.11,13,1,,0,0,0,15.1,12,8,7,0,13,1,23,1,0,2,71,1.63,7,0,7.6,13.5,1.77,,player.fcgi?id=simpso000jar
Chas Wheatley,20,2022,Iowa,Big Ten,1,0,1,4.35,9,0,,0,0,0,10.1,9,5,5,0,6,0,8,1,0,3,45,1.452,7.8,0,5.2,7,1.33,,player.fcgi?id=wheatl002cha
Keaton Anthony,22,2023,Iowa,Big Ten,2,0,1,4.95,9,6,,0,0,0,20,20,13,11,2,8,0,14,4,0,1,93,1.4,9,0.9,3.6,6.3,1.75,,player.fcgi?id=anthon000kea
Brody Brecht,20,2023,Iowa,Big Ten,5,2,0.714,3.74,17,16,,0,0,0,77,37,32,32,2,61,0,109,9,2,14,331,1.273,4.3,0.2,7.1,12.7,1.79,,player.fcgi?id=brecht000bro
Will Christophersen,23,2023,Iowa,Big Ten,5,1,0.833,3.55,29,0,,0,0,1,33,18,14,13,2,16,1,59,8,0,1,142,1.03,4.9,0.5,4.4,16.1,3.69,,player.fcgi?id=christ004wil
Nick Gottilla*,22,2023,Iowa,Big Ten,1,1,0.5,3.38,13,0,,0,0,0,16,10,9,6,2,13,1,13,4,0,2,76,1.438,5.6,1.1,7.3,7.3,1,,player.fcgi?id=gottil000nic
Jacob Henderson,22,2023,Iowa,Big Ten,2,1,0.667,6.91,18,0,,0,0,0,14.1,12,11,11,2,9,0,19,4,0,2,66,1.465,7.5,1.3,5.7,11.9,2.11,,player.fcgi?id=hender001jac
Ty Langenberg,21,2023,Iowa,Big Ten,6,3,0.667,4.15,17,15,,0,0,0,78,83,38,36,8,34,0,86,9,0,6,348,1.5,9.6,0.9,3.9,9.9,2.53,,player.fcgi?id=langen000ty-
Luke Llewellyn,23,2023,Iowa,Big Ten,1,0,1,2.76,29,0,,0,0,4,32.2,21,12,10,3,23,0,48,4,0,4,141,1.347,5.8,0.8,6.3,13.2,2.09,,player.fcgi?id=llewel000luk
Marcus Morgan,20,2023,Iowa,Big Ten,5,2,0.714,3.72,17,15,,0,0,0,65.1,38,28,27,3,51,0,72,14,1,14,286,1.362,5.2,0.4,7,9.9,1.41,,player.fcgi?id=morgan003mar
Cade Obermueller*,19,2023,Iowa,Big Ten,2,1,0.667,4.91,15,2,,0,0,1,22,13,18,12,1,19,0,36,15,0,5,112,1.455,5.3,0.4,7.8,14.7,1.89,,player.fcgi?id=obermu000cad
Drew Proskovec*,19,2023,Iowa,Big Ten,0,0,,0,3,0,,0,0,0,1.2,0,0,0,0,1,0,2,0,0,0,5,0.6,0,0,5.4,10.8,2,,player.fcgi?id=prosko000dre
Aaron Savary,18,2023,Iowa,Big Ten,0,0,,3.22,12,2,,0,0,0,22.1,17,8,8,2,12,0,25,4,0,4,97,1.299,6.9,0.8,4.8,10.1,2.08,,player.fcgi?id=savary000aar
Jared Simpson*,23,2023,Iowa,Big Ten,4,3,0.571,6.54,22,1,,0,0,1,42.2,42,33,31,4,22,0,64,13,0,6,203,1.5,8.9,0.8,4.6,13.5,2.91,,player.fcgi?id=simpso000jar
Caleb Strack*,22,2023,Iowa,Big Ten,0,0,,9,3,0,,0,0,0,1,1,1,1,1,2,0,2,0,0,1,6,3,9,9,18,18,1,,player.fcgi?id=strack000cal
Zach Voelker,22,2023,Iowa,Big Ten,4,1,0.8,6.18,15,2,,0,0,1,43.2,45,30,30,3,22,2,32,4,0,2,196,1.534,9.3,0.6,4.5,6.6,1.45,,player.fcgi?id=voelke000zac
Chas Wheatley,21,2023,Iowa,Big Ten,0,0,,3.38,14,0,,0,0,0,10.2,9,5,4,0,8,0,7,3,0,0,51,1.594,7.6,0,6.8,5.9,0.88,,player.fcgi?id=wheatl002cha
Jack Whitlock,21,2023,Iowa,Big Ten,7,1,0.875,2.52,19,1,,0,0,1,35.2,18,12,10,4,8,0,38,2,0,2,132,0.729,4.5,1,2,9.6,4.75,,player.fcgi?id=whitlo000jac
Jack Young,21,2023,Iowa,Big Ten,0,0,,5.68,8,0,,0,0,1,6.1,7,4,4,1,1,0,4,0,0,1,26,1.263,9.9,1.4,1.4,5.7,4,,player.fcgi?id=young-007jac
Ganon Archer,20,2024,Iowa,Big Ten,1,1,0.5,5.94,14,2,,0,0,0,16.2,15,11,11,3,10,0,26,2,1,1,73,1.5,8.1,1.6,5.4,14,2.6,,player.fcgi?id=archer000gan
Reece Beuter,23,2024,Iowa,Big Ten,1,3,0.25,12.54,16,1,,0,0,0,18.2,33,26,26,6,9,0,19,4,1,0,99,2.25,15.9,2.9,4.3,9.2,2.11,,player.fcgi?id=beuter000ree
Brody Brecht,21,2024,Iowa,Big Ten,4,3,0.571,3.33,15,15,,0,0,0,78.1,46,36,29,3,49,0,128,12,0,10,344,1.213,5.3,0.3,5.6,14.7,2.61,,player.fcgi?id=brecht000bro
Elliot Cadieux-Lanoue*,18,2024,Iowa,Big Ten,3,1,0.75,11.15,15,4,,0,0,0,15.1,18,20,19,4,17,0,14,4,0,1,85,2.283,10.6,2.3,10,8.2,0.82,,player.fcgi?id=cadieu000ell
Drew Deremer,19,2024,Iowa,Big Ten,0,0,,8.64,11,0,,0,0,0,8.1,9,8,8,1,10,0,6,2,0,1,44,2.28,9.7,1.1,10.8,6.5,0.6,,player.fcgi?id=dereme000dre
Ben DeTaeye*,23,2024,Iowa,Big Ten,3,0,1,4.81,19,0,,0,0,4,24.1,20,13,13,3,10,0,28,1,0,6,105,1.233,7.4,1.1,3.7,10.4,2.8,,player.fcgi?id=detaey000ben
Justin Hackett,20,2024,Iowa,Big Ten,0,0,,6.35,7,1,,0,0,0,5.2,7,7,4,1,6,0,9,0,0,2,32,2.294,11.1,1.6,9.5,14.3,1.5,,player.fcgi?id=hacket000jus
Sam Hart,21,2024,Iowa,Big Ten,0,1,0,9,15,0,,0,0,0,13,17,14,13,4,14,0,13,3,0,1,72,2.385,11.8,2.8,9.7,9,0.93,,player.fcgi?id=hart--000sam
Brant Hogue*,22,2024,Iowa,Big Ten,0,1,0,7.94,13,0,,0,0,0,11.1,8,10,10,2,12,1,13,4,0,1,59,1.765,6.4,1.6,9.5,10.3,1.08,,player.fcgi?id=hogue-000bra
Marcus Morgan,21,2024,Iowa,Big Ten,2,4,0.333,7.45,16,13,,0,0,0,54.1,49,45,45,11,53,0,64,19,0,10,279,1.877,8.1,1.8,8.8,10.6,1.21,,player.fcgi?id=morgan003mar
Cade Obermueller*,20,2024,Iowa,Big Ten,4,3,0.571,3.92,13,13,,0,0,0,59.2,39,31,26,3,41,0,73,16,1,10,269,1.341,5.9,0.5,6.2,11,1.78,,player.fcgi?id=obermu000cad
Aaron Savary,19,2024,Iowa,Big Ten,5,1,0.833,4.19,18,2,,0,0,0,38.2,35,20,18,2,17,1,40,8,1,3,175,1.345,8.1,0.5,4,9.3,2.35,,player.fcgi?id=savary000aar
Caleb Strack*,23,2024,Iowa,Big Ten,0,0,,8.31,7,0,,0,0,0,4.1,6,4,4,1,3,0,3,2,0,1,24,2.077,12.5,2.1,6.2,6.2,1,,player.fcgi?id=strack000cal
Zach Voelker,23,2024,Iowa,Big Ten,1,0,1,13.15,15,0,,0,0,1,13,23,19,19,4,10,0,12,5,0,1,76,2.538,15.9,2.8,6.9,8.3,1.2,,player.fcgi?id=voelke000zac
Anthony Watts,20,2024,Iowa,Big Ten,2,1,0.667,3.18,21,3,,0,0,1,45.1,32,19,16,5,33,0,58,4,1,6,201,1.434,6.4,1,6.6,11.5,1.76,,player.fcgi?id=watts-004ant
Chas Wheatley,22,2024,Iowa,Big Ten,1,0,1,5.68,15,0,,0,0,0,12.2,10,8,8,2,9,0,9,4,0,3,58,1.5,7.1,1.4,6.4,6.4,1,,player.fcgi?id=wheatl002cha
Jack Whitlock,22,2024,Iowa,Big Ten,2,3,0.4,12.27,17,0,,0,0,0,18.1,27,25,25,3,12,0,16,5,0,2,98,2.127,13.3,1.5,5.9,7.9,1.33,,player.fcgi?id=whitlo000jac
Jack Young,22,2024,Iowa,Big Ten,2,1,0.667,2.76,28,0,,0,0,4,32.2,24,14,10,5,12,1,47,2,0,1,135,1.102,6.6,1.4,3.3,12.9,3.92,,player.fcgi?id=young-007jac
Ganon Archer,21,2025,Iowa,Big Ten,2,1,0.667,3.24,8,1,,0,0,1,8.1,11,4,3,1,6,0,6,1,0,1,41,2.04,11.9,1.1,6.5,6.5,1,,player.fcgi?id=archer000gan
Reece Beuter,24,2025,Iowa,Big Ten,6,0,1,3.14,13,13,,0,0,0,63,45,23,22,10,22,0,66,6,0,1,259,1.063,6.4,1.4,3.1,9.4,3,,player.fcgi?id=beuter000ree
Jaron Bleeker,19,2025,Iowa,Big Ten,2,0,1,5.19,8,4,,0,0,0,8.2,12,6,5,0,8,0,9,0,0,4,45,2.308,12.5,0,8.3,9.3,1.13,,player.fcgi?id=bleeke000jar
Ben DeTaeye*,24,2025,Iowa,Big Ten,0,5,0,4.89,22,3,,0,0,2,35,28,20,19,4,24,0,51,3,1,2,152,1.486,7.2,1,6.2,13.1,2.13,,player.fcgi?id=detaey000ben
Tyler Guerin,19,2025,Iowa,Big Ten,0,1,0,7.02,14,2,,0,0,1,16.2,12,14,13,3,14,1,25,9,0,4,87,1.56,6.5,1.6,7.6,13.5,1.79,,player.fcgi?id=guerin000tyl
Justin Hackett,21,2025,Iowa,Big Ten,1,1,0.5,1.45,16,0,,0,0,0,18.2,9,4,3,0,13,1,36,0,0,3,78,1.179,4.3,0,6.3,17.4,2.77,,player.fcgi?id=hacket000jus
Sam Hart,22,2025,Iowa,Big Ten,0,0,,7.9,15,0,,0,0,0,13.2,9,13,12,1,10,0,17,5,1,1,64,1.39,5.9,0.7,6.6,11.2,1.7,,player.fcgi?id=hart--000sam
Brant Hogue*,23,2025,Iowa,Big Ten,2,1,0.667,3.81,23,0,,0,0,2,28.1,23,15,12,1,19,1,50,9,0,2,133,1.482,7.3,0.3,6,15.9,2.63,,player.fcgi?id=hogue-000bra
Cade Obermueller*,21,2025,Iowa,Big Ten,5,3,0.625,3.02,15,15,,1,0,0,83.1,62,36,28,5,32,0,117,16,0,4,356,1.128,6.7,0.5,3.5,12.6,3.66,,player.fcgi?id=obermu000cad
William Pearson,23,2025,Iowa,Big Ten,0,0,,5.79,7,0,,0,0,0,4.2,7,4,3,0,5,0,3,1,0,0,29,2.571,13.5,0,9.6,5.8,0.6,,player.fcgi?id=pearso004wil
Aaron Savary,20,2025,Iowa,Big Ten,7,2,0.778,4.37,15,15,,0,0,0,80.1,67,39,39,10,33,2,82,15,2,1,342,1.245,7.5,1.1,3.7,9.2,2.48,,player.fcgi?id=savary000aar
Bryson Walker*,23,2025,Iowa,Big Ten,0,1,0,11.45,11,1,,0,0,0,11,13,14,14,6,13,0,11,1,0,1,58,2.364,10.6,4.9,10.6,9,0.85,,player.fcgi?id=walker005bry
Anthony Watts,21,2025,Iowa,Big Ten,4,4,0.5,4.73,24,0,,0,0,2,40,27,23,21,5,19,0,45,6,0,4,169,1.15,6.1,1.1,4.3,10.1,2.37,,player.fcgi?id=watts-004ant
Chas Wheatley,23,2025,Iowa,Big Ten,2,1,0.667,3.7,24,0,,0,0,1,24.1,22,12,10,3,19,3,28,3,0,4,113,1.685,8.1,1.1,7,10.4,1.47,,player.fcgi?id=wheatl002cha
Jack Whitlock,23,2025,Iowa,Big Ten,0,0,,4.02,13,0,,0,0,0,15.2,12,9,7,3,4,0,12,3,0,2,64,1.021,6.9,1.7,2.3,6.9,3,,player.fcgi?id=whitlo000jac
Dan Wright,23,2025,Iowa,Big Ten,2,2,0.5,3.41,18,2,,0,0,0,29,29,12,11,4,13,1,20,2,0,1,129,1.448,9,1.2,4,6.2,1.54,,player.fcgi?id=wright009dan
Kyle Alivo,20,2026,Iowa,Big Ten,3,3,0.5,3.48,17,2,,0,0,4,51.2,47,23,20,3,24,0,67,13,0,9,234,1.374,8.2,0.5,4.2,11.7,2.79,,player.fcgi?id=alivo-000kyl
Ganon Archer,22,2026,Iowa,Big Ten,1,0,1,9.22,17,0,,0,0,0,13.2,14,14,14,1,9,0,5,3,0,2,66,1.683,9.2,0.7,5.9,3.3,0.56,,player.fcgi?id=archer000gan
Jaron Bleeker,20,2026,Iowa,Big Ten,7,5,0.583,4.9,18,5,,0,0,0,64.1,75,40,35,6,17,0,56,10,3,5,288,1.43,10.5,0.8,2.4,7.8,3.29,,player.fcgi?id=bleeke000jar
Brady Ferguson,19,2026,Iowa,Big Ten,1,0,1,9.28,14,5,,0,0,0,21.1,20,22,22,2,17,0,23,7,0,1,103,1.734,8.4,0.8,7.2,9.7,1.35,,player.fcgi?id=fergus001bra
Maddux Frese,21,2026,Iowa,Big Ten,4,2,0.667,4.06,15,9,,0,0,1,68.2,68,36,31,12,23,0,43,2,1,6,293,1.325,8.9,1.6,3,5.6,1.87,,player.fcgi?id=frese-000mad
Brolan Frost*,19,2026,Iowa,Big Ten,1,1,0.5,3.43,18,0,,0,0,0,21,13,9,8,0,10,0,19,3,0,2,91,1.095,5.6,0,4.3,8.1,1.9,,player.fcgi?id=frost-000bro
Tyler Guerin,20,2026,Iowa,Big Ten,2,3,0.4,7.49,18,8,,0,0,1,51.2,59,43,43,2,35,0,42,19,0,3,258,1.819,10.3,0.3,6.1,7.3,1.2,,player.fcgi?id=guerin000tyl
Justin Hackett,22,2026,Iowa,Big Ten,1,1,0.5,7.09,19,1,,0,0,1,26.2,28,21,21,3,19,0,28,2,0,4,125,1.763,9.5,1,6.4,9.5,1.47,,player.fcgi?id=hacket000jus
Nick Heitman,20,2026,Iowa,Big Ten,0,0,,21.6,2,0,,0,0,0,1.2,2,4,4,1,2,0,4,1,0,1,10,2.4,10.8,5.4,10.8,21.6,2,,player.fcgi?id=heitma000nic
Joe Husak,23,2026,Iowa,Big Ten,1,1,0.5,6.6,22,1,,0,0,3,30,30,23,22,5,9,0,23,7,0,0,131,1.3,9,1.5,2.7,6.9,2.56,,player.fcgi?id=husak-000joe
John Henry Kohorst*,20,2026,Iowa,Big Ten,0,0,,36,4,0,,0,0,0,1,0,4,4,0,6,0,2,2,1,1,11,6,0,0,54,18,0.33,,player.fcgi?id=kohors000joh
Beau Leisure,21,2026,Iowa,Big Ten,1,2,0.333,12,16,0,,0,0,1,12,13,16,16,4,12,0,14,5,0,3,65,2.083,9.8,3,9,10.5,1.17,,player.fcgi?id=leisur000bea
Ty Mikkelsen,20,2026,Iowa,Big Ten,0,0,,14.4,9,0,,0,0,0,5,11,8,8,5,2,0,4,2,0,1,31,2.6,19.8,9,3.6,7.2,2,,player.fcgi?id=mikkel000ty-
Cole Moore,19,2026,Iowa,Big Ten,3,0,1,4.68,20,7,,0,0,0,25,21,14,13,2,17,0,23,10,0,3,121,1.52,7.6,0.7,6.1,8.3,1.35,,player.fcgi?id=moore-011col
Logan Runde,23,2026,Iowa,Big Ten,2,4,0.333,6.18,16,13,,0,0,0,51,60,38,35,12,18,0,46,10,1,5,239,1.529,10.6,2.1,3.2,8.1,2.56,,player.fcgi?id=runde-000log
Tate Slagle,20,2026,Iowa,Big Ten,1,0,1,6.94,15,0,,0,0,0,11.2,9,9,9,0,8,0,16,2,0,4,54,1.457,6.9,0,6.2,12.3,2,,player.fcgi?id=slagle000tat
Nick Terhaar,19,2026,Iowa,Big Ten,2,1,0.667,7.59,10,4,,0,0,0,10.2,10,11,9,1,12,0,16,5,0,2,59,2.063,8.4,0.8,10.1,13.5,1.33,,player.fcgi?id=terhaa000nic
Carter Wilcox*,19,2026,Iowa,Big Ten,2,0,1,11.57,10,1,,0,0,0,9.1,8,12,12,1,14,0,13,7,0,2,55,2.357,7.7,1,13.5,12.5,0.93,,player.fcgi?id=wilcox001car
Tony Bucciferro,21,2011,Michigan State,Big Ten,,,,3.35,,15,,,1,,102,99,42,38,,16,,66,,,,,1.127,8.7,,1.4,5.8,4.13,,player.fcgi?id=buccif000ant
Trevor Cousineau*,22,2011,Michigan State,Big Ten,,,,22.5,,1,,,0,,2,4,5,5,,4,,4,,,,,4,18,,18,18,1,,player.fcgi?id=cousin001tre
Stephen Doty?,--,2011,Michigan State,Big Ten,,,,8.31,,0,,,0,,4.1,4,4,4,,2,,2,,,,,1.385,8.3,,4.2,4.2,1,,player.fcgi?id=doty--000ste
David Garner,18,2011,Michigan State,Big Ten,,,,4.57,,8,,,0,,61,64,39,31,,24,,47,,,,,1.443,9.4,,3.5,6.9,1.96,,player.fcgi?id=garner001dav
Cody Huge?,--,2011,Michigan State,Big Ten,,,,0,,0,,,0,,1,1,0,0,,0,,2,,,,,1,9,,0,18,,,player.fcgi?id=huge--000cod
Bryce Jenney?,--,2011,Michigan State,Big Ten,,,,4.22,,0,,,0,,21.1,22,12,10,,11,,9,,,,,1.547,9.3,,4.6,3.8,0.82,,player.fcgi?id=jenney000bry
Jeff Kinley*,19,2011,Michigan State,Big Ten,,,,5.4,,0,,,0,,8.1,4,5,5,,7,,2,,,,,1.32,4.3,,7.6,2.2,0.29,,player.fcgi?id=kinley000jef
Ryan Martin?,--,2011,Michigan State,Big Ten,,,,4.91,,1,,,0,,11,10,6,6,,0,,6,,,,,0.909,8.2,,0,4.9,,,player.fcgi?id=martin003rya
Chad Nielson?,--,2011,Michigan State,Big Ten,,,,0,,0,,,0,,1,0,0,0,,0,,0,,,,,0,0,,0,0,,,player.fcgi?id=nielso000cha
Trey Popp?,--,2011,Michigan State,Big Ten,,,,1.26,,0,,,0,,14.1,10,2,2,,0,,7,,,,,0.698,6.3,,0,4.4,,,player.fcgi?id=popp--000tre
Chase Rihtarchik,20,2011,Michigan State,Big Ten,,,,6.43,,4,,,0,,28,30,21,20,,12,,15,,,,,1.5,9.6,,3.9,4.8,1.25,,player.fcgi?id=rihtar000cha
Tim Simpson?,--,2011,Michigan State,Big Ten,,,,6.1,,0,,,0,,31,33,21,21,,10,,21,,,,,1.387,9.6,,2.9,6.1,2.1,,player.fcgi?id=simpso000tim
Andrew Waszak,20,2011,Michigan State,Big Ten,,,,4.79,,12,,,0,,62,77,44,33,,28,,29,,,,,1.694,11.2,,4.1,4.2,1.04,,player.fcgi?id=waszak000and
Tony Wieber,20,2011,Michigan State,Big Ten,,,,3.64,,1,,,0,,42,41,17,17,,18,,38,,,,,1.405,8.8,,3.9,8.1,2.11,,player.fcgi?id=wieber000ant
Zak Wilkerson,--,2011,Michigan State,Big Ten,,,,2.25,,0,,,0,,12,11,5,3,,6,,8,,,,,1.417,8.3,,4.5,6,1.33,,player.fcgi?id=wilker000zak
Kurt Wunderlich,21,2011,Michigan State,Big Ten,,,,3.14,,15,,,1,,103.1,102,38,36,,29,,65,,,,,1.268,8.9,,2.5,5.7,2.24,,player.fcgi?id=wunder000kur
Joe Zwierzynski?,--,2011,Michigan State,Big Ten,,,,2.12,,0,,,0,,17,17,7,4,,5,,11,,,,,1.294,9,,2.6,5.8,2.2,,player.fcgi?id=zwierz000joe
Tony Bucciferro,22,2012,Michigan State,Big Ten,6,4,0.6,3.07,16,16,,,1,0,111.1,105,44,38,7,22,1,93,9,1,2,462,1.141,8.5,0.6,1.8,7.5,4.23,,player.fcgi?id=buccif000ant
David Garner,19,2012,Michigan State,Big Ten,6,3,0.667,3.28,20,11,,,1,0,74,64,33,27,4,31,1,75,7,2,5,321,1.284,7.8,0.5,3.8,9.1,2.42,,player.fcgi?id=garner001dav
Bryce Jenney?,--,2012,Michigan State,Big Ten,1,2,0.333,1.98,20,0,,,0,2,36.1,25,8,8,1,13,0,24,4,1,0,145,1.046,6.2,0.2,3.2,5.9,1.85,,player.fcgi?id=jenney000bry
Jeff Kinley*,20,2012,Michigan State,Big Ten,6,5,0.545,2.47,23,0,,,0,2,47.1,38,14,13,2,10,2,38,3,0,1,190,1.014,7.2,0.4,1.9,7.2,3.8,,player.fcgi?id=kinley000jef
Ryan Martin?,--,2012,Michigan State,Big Ten,1,0,1,4.15,5,0,,,0,0,4.1,5,2,2,0,0,0,2,2,1,0,17,1.154,10.4,0,0,4.2,,,player.fcgi?id=martin003rya
Mike Mestdagh,--,2012,Michigan State,Big Ten,0,0,,8.31,5,0,,,0,0,4.1,9,7,4,0,5,0,5,1,0,1,29,3.231,18.7,0,10.4,10.4,1,,player.fcgi?id=mestda000mik
Chad Nielson?,--,2012,Michigan State,Big Ten,0,0,,0,1,0,,,0,0,1,0,0,0,0,2,0,1,0,0,0,5,2,0,0,18,9,0.5,,player.fcgi?id=nielso000cha
Trey Popp?,--,2012,Michigan State,Big Ten,3,1,0.75,5.4,22,0,,,0,0,31.2,35,21,19,1,14,0,27,3,1,2,143,1.547,9.9,0.3,4,7.7,1.93,,player.fcgi?id=popp--000tre
Tim Simpson?,--,2012,Michigan State,Big Ten,1,1,0.5,8.68,7,1,,,0,1,9.1,10,10,9,1,5,0,4,1,0,0,45,1.607,9.6,1,4.8,3.9,0.8,,player.fcgi?id=simpso000tim
Mike Theodore?,--,2012,Michigan State,Big Ten,3,1,0.75,3.51,11,9,,,0,0,48.2,52,23,19,1,13,0,21,12,0,4,215,1.336,9.6,0.2,2.4,3.9,1.62,,player.fcgi?id=theodo000mik
Mick VanVossen,19,2012,Michigan State,Big Ten,4,0,1,3.47,9,7,,,0,0,46.2,49,23,18,2,16,0,21,5,0,3,208,1.393,9.5,0.4,3.1,4.1,1.31,,player.fcgi?id=vanvos000mic
Andrew Waszak,21,2012,Michigan State,Big Ten,4,4,0.5,2.96,16,16,,,0,0,106.1,92,37,35,3,27,0,50,8,3,3,431,1.119,7.8,0.3,2.3,4.2,1.85,,player.fcgi?id=waszak000and
Tony Wieber,21,2012,Michigan State,Big Ten,2,2,0.5,2.22,25,0,,,0,9,28.1,25,9,7,1,11,2,23,3,0,3,121,1.271,7.9,0.3,3.5,7.3,2.09,,player.fcgi?id=wieber000ant
Joe Zwierzynski?,--,2012,Michigan State,Big Ten,0,0,,4.91,5,0,,,0,1,7.1,9,4,4,1,2,0,4,1,0,1,33,1.5,11,1.2,2.5,4.9,2,,player.fcgi?id=zwierz000joe
Justin Alleman,19,2013,Michigan State,Big Ten,3,3,0.5,4.03,22,0,,,0,7,29,27,14,13,1,11,1,36,2,1,5,123,1.31,8.4,0.3,3.4,11.2,3.27,,player.fcgi?id=allema000jus
David Garner,20,2013,Michigan State,Big Ten,4,5,0.444,4.1,14,14,,,0,0,83.1,93,46,38,2,27,0,70,6,3,10,370,1.44,10,0.2,2.9,7.6,2.59,,player.fcgi?id=garner001dav
Jeff Kinley*,21,2013,Michigan State,Big Ten,0,0,,4.3,9,0,,,0,3,14.2,11,7,7,1,9,0,20,0,1,2,64,1.364,6.8,0.6,5.5,12.3,2.22,,player.fcgi?id=kinley000jef
Mike Mestdagh,--,2013,Michigan State,Big Ten,0,1,0,6,10,0,,,0,0,9,9,7,6,1,5,0,3,2,0,0,42,1.556,9,1,5,3,0.6,,player.fcgi?id=mestda000mik
Anthony Misiewicz*,18,2013,Michigan State,Big Ten,5,1,0.833,1.6,19,1,,,0,0,33.2,28,9,6,2,8,0,20,3,0,3,135,1.069,7.5,0.5,2.1,5.3,2.5,,player.fcgi?id=misiew000ant
Trey Popp?,--,2013,Michigan State,Big Ten,2,0,1,3.86,22,0,,,0,2,30.1,29,16,13,0,11,3,22,4,0,0,135,1.319,8.6,0,3.3,6.5,2,,player.fcgi?id=popp--000tre
Chase Rihtarchik,22,2013,Michigan State,Big Ten,6,1,0.857,2.64,9,7,,,0,0,47.2,22,16,14,2,20,0,23,15,0,3,197,0.881,4.2,0.4,3.8,4.3,1.15,,player.fcgi?id=rihtar000cha
Mike Theodore?,--,2013,Michigan State,Big Ten,2,1,0.667,5.59,5,4,,,0,0,19.1,22,12,12,2,3,0,10,4,0,1,84,1.293,10.2,0.9,1.4,4.7,3.33,,player.fcgi?id=theodo000mik
Mick VanVossen,20,2013,Michigan State,Big Ten,5,2,0.714,2.97,11,11,,,0,0,75.2,57,26,25,3,20,0,32,11,0,3,309,1.018,6.8,0.4,2.4,3.8,1.6,,player.fcgi?id=vanvos000mic
Andrew Waszak,22,2013,Michigan State,Big Ten,6,3,0.667,2.36,13,13,,,0,0,91.2,79,32,24,2,18,0,57,10,1,2,377,1.058,7.8,0.2,1.8,5.6,3.17,,player.fcgi?id=waszak000and
Joe Zwierzynski?,--,2013,Michigan State,Big Ten,0,0,,0.84,9,0,,,0,0,10.2,13,9,1,0,3,0,8,0,0,4,48,1.5,11,0,2.5,6.8,2.67,,player.fcgi?id=zwierz000joe
Justin Alleman,20,2014,Michigan State,Big Ten,6,2,0.75,2.75,14,14,,,0,0,95,70,32,29,7,32,1,57,7,0,2,385,1.074,6.6,0.7,3,5.4,1.78,,player.fcgi?id=allema000jus
Walter Borkovich,18,2014,Michigan State,Big Ten,1,2,0.333,4.62,13,3,,,0,0,25.1,27,16,13,0,15,0,9,5,0,4,120,1.658,9.6,0,5.3,3.2,0.6,,player.fcgi?id=borkov000wal
Josh Buchalski*,20,2014,Michigan State,Big Ten,0,0,,0,6,0,,,0,0,3.2,4,1,0,0,3,0,2,4,0,0,20,1.909,9.8,0,7.4,4.9,0.67,,player.fcgi?id=buchal000jos
Jeff Kinley*,22,2014,Michigan State,Big Ten,2,3,0.4,2.45,30,0,,,0,13,36.2,32,16,10,1,13,0,22,6,0,4,155,1.227,7.9,0.2,3.2,5.4,1.69,,player.fcgi?id=kinley000jef
Jake Lowery,19,2014,Michigan State,Big Ten,3,1,0.75,2.94,26,1,,,0,2,33.2,30,13,11,1,10,0,22,2,0,2,137,1.188,8,0.3,2.7,5.9,2.2,,player.fcgi?id=lowery000jak
Mike Mestdagh,--,2014,Michigan State,Big Ten,0,0,,10.8,3,0,,,0,0,1.2,4,5,2,0,2,0,2,0,0,1,14,3.6,21.6,0,10.8,10.8,1,,player.fcgi?id=mestda000mik
Anthony Misiewicz*,19,2014,Michigan State,Big Ten,3,6,0.333,3.55,29,3,,,0,0,66,55,32,26,2,23,1,68,2,0,2,273,1.182,7.5,0.3,3.1,9.3,2.96,,player.fcgi?id=misiew000ant
Joe Mockbee*,19,2014,Michigan State,Big Ten,1,0,1,2.05,14,2,,,0,0,22,16,9,5,0,12,0,13,1,0,0,94,1.273,6.5,0,4.9,5.3,1.08,,player.fcgi?id=mockbe000joe
Chase Rihtarchik,23,2014,Michigan State,Big Ten,1,3,0.25,4.42,11,8,,,0,0,38.2,55,35,19,3,17,1,19,5,0,3,196,1.862,12.8,0.7,4,4.4,1.12,,player.fcgi?id=rihtar000cha
Mike Theodore?,--,2014,Michigan State,Big Ten,0,1,0,2.7,2,1,,,0,0,6.2,11,2,2,0,4,0,2,0,0,1,31,2.25,14.9,0,5.4,2.7,0.5,,player.fcgi?id=theodo000mik
Mick VanVossen,21,2014,Michigan State,Big Ten,8,3,0.727,2.82,16,15,,,1,0,99,82,35,31,4,29,0,77,10,1,7,409,1.121,7.5,0.4,2.6,7,2.66,,player.fcgi?id=vanvos000mic
Cam Vieaux*,20,2014,Michigan State,Big Ten,6,5,0.545,3.18,18,10,,,0,0,70.2,66,27,25,0,18,1,57,4,2,1,297,1.189,8.4,0,2.3,7.3,3.17,,player.fcgi?id=vieaux000cam
Zak Wilkerson,--,2014,Michigan State,Big Ten,0,0,,0,5,0,,,0,0,4.2,5,4,0,0,4,0,5,2,0,1,28,1.929,9.6,0,7.7,9.6,1.25,,player.fcgi?id=wilker000zak
Keegan Baar*,19,2015,Michigan State,Big Ten,2,0,1,2.08,7,3,,,0,0,17.1,15,4,4,3,4,0,14,0,1,1,71,1.096,7.8,1.6,2.1,7.3,3.5,,player.fcgi?id=baar--000kee
Walter Borkovich,19,2015,Michigan State,Big Ten,3,0,1,2.73,30,0,,,0,0,52.2,34,17,16,0,15,3,39,6,0,4,211,0.93,5.8,0,2.6,6.7,2.6,,player.fcgi?id=borkov000wal
Andrew Gonzalez,19,2015,Michigan State,Big Ten,2,0,1,3.41,16,5,,,0,0,37,36,18,14,1,9,0,21,4,0,2,155,1.216,8.8,0.2,2.2,5.1,2.33,,player.fcgi?id=gonzal007and
Brandon Hughes*,19,2015,Michigan State,Big Ten,0,0,,7.11,7,0,,,0,0,6.1,5,5,5,0,3,0,2,0,0,0,26,1.263,7.1,0,4.3,2.8,0.67,,player.fcgi?id=hughes000bra
Jeff Kinley*,23,2015,Michigan State,Big Ten,4,3,0.571,3.56,25,5,,,0,2,55.2,52,25,22,4,20,2,55,5,0,6,235,1.293,8.4,0.6,3.2,8.9,2.75,,player.fcgi?id=kinley000jef
Dakota Mekkes,20,2015,Michigan State,Big Ten,0,0,,5.25,9,0,,,0,0,12,10,7,7,0,7,0,13,2,0,5,54,1.417,7.5,0,5.3,9.8,1.86,,player.fcgi?id=mekkes000dak
Anthony Misiewicz*,20,2015,Michigan State,Big Ten,5,4,0.556,3.8,18,8,,,0,0,68.2,51,34,29,3,31,0,58,4,0,5,285,1.194,6.7,0.4,4.1,7.6,1.87,,player.fcgi?id=misiew000ant
Joe Mockbee*,20,2015,Michigan State,Big Ten,6,2,0.75,1.78,25,0,,,0,2,50.2,43,17,10,1,17,2,50,1,2,5,215,1.184,7.6,0.2,3,8.9,2.94,,player.fcgi?id=mockbe000joe
Alex Troop*,18,2015,Michigan State,Big Ten,4,2,0.667,5.27,13,7,,,0,0,42.2,48,27,25,2,19,0,36,8,0,2,196,1.57,10.1,0.4,4,7.6,1.89,,player.fcgi?id=troop-000ale
Mick VanVossen,22,2015,Michigan State,Big Ten,4,5,0.444,6,14,14,,,1,0,69,67,51,46,5,43,0,50,5,1,5,315,1.594,8.7,0.7,5.6,6.5,1.16,,player.fcgi?id=vanvos000mic
Cam Vieaux*,21,2015,Michigan State,Big Ten,4,7,0.364,3.49,15,15,,,0,0,90.1,105,45,35,7,32,0,71,4,0,3,407,1.517,10.5,0.7,3.2,7.1,2.22,,player.fcgi?id=vieaux000cam
Keegan Baar*,20,2016,Michigan State,Big Ten,1,3,0.25,2.55,19,4,,0,0,0,42.1,31,15,12,2,13,0,25,6,0,0,170,1.039,6.6,0.4,2.8,5.3,1.92,,player.fcgi?id=baar--000kee
Walter Borkovich,20,2016,Michigan State,Big Ten,4,2,0.667,3.64,19,8,,0,0,1,64.1,62,30,26,7,16,1,44,8,1,5,275,1.212,8.7,1,2.2,6.2,2.75,,player.fcgi?id=borkov000wal
Josh Buchalski*,22,2016,Michigan State,Big Ten,1,0,1,7.11,9,0,,0,0,1,6.1,3,5,5,0,5,0,6,4,0,0,30,1.263,4.3,0,7.1,8.5,1.2,,player.fcgi?id=buchal000jos
Andrew Gonzalez,20,2016,Michigan State,Big Ten,3,3,0.5,2.84,17,9,,0,0,0,57,53,25,18,0,19,1,40,7,0,1,247,1.263,8.4,0,3,6.3,2.11,,player.fcgi?id=gonzal007and
Ethan Landon,21,2016,Michigan State,Big Ten,8,3,0.727,2.75,15,15,,0,0,0,85,78,38,26,2,30,0,59,8,0,6,366,1.271,8.3,0.2,3.2,6.2,1.97,,player.fcgi?id=landon000eth
Jake Lowery,21,2016,Michigan State,Big Ten,2,1,0.667,2.73,17,0,,0,0,1,26.1,30,8,8,2,7,0,31,0,0,4,116,1.405,10.3,0.7,2.4,10.6,4.43,,player.fcgi?id=lowery000jak
Riley McCauley,19,2016,Michigan State,Big Ten,2,0,1,1.59,13,0,,0,0,0,17,11,4,3,1,9,1,15,2,0,1,71,1.176,5.8,0.5,4.8,7.9,1.67,,player.fcgi?id=mccaul000ril
Dakota Mekkes,21,2016,Michigan State,Big Ten,3,2,0.6,1.74,28,0,,0,0,7,57,26,14,11,0,41,4,96,6,0,3,236,1.175,4.1,0,6.5,15.2,2.34,,player.fcgi?id=mekkes000dak
Joe Mockbee*,21,2016,Michigan State,Big Ten,2,2,0.5,3.54,25,6,,0,0,5,56,60,23,22,3,17,2,59,1,0,2,245,1.375,9.6,0.5,2.7,9.5,3.47,,player.fcgi?id=mockbe000joe
Andrew Sabrosky,21,2016,Michigan State,Big Ten,0,0,,4.5,3,0,,0,0,0,2,2,1,1,0,3,0,0,0,0,1,11,2.5,9,0,13.5,0,0,,player.fcgi?id=sabros000and
Alex Troop*,19,2016,Michigan State,Big Ten,3,0,1,1.64,4,0,,0,0,0,11,9,4,2,0,3,0,14,0,0,0,46,1.091,7.4,0,2.5,11.5,4.67,,player.fcgi?id=troop-000ale
Cam Vieaux*,22,2016,Michigan State,Big Ten,7,4,0.636,2.28,15,14,,1,1,0,87,77,32,22,2,19,0,77,7,0,1,366,1.103,8,0.2,2,8,4.05,,player.fcgi?id=vieaux000cam
Keegan Baar*,21,2017,Michigan State,Big Ten,0,1,0,5.11,12,3,,0,0,0,12.1,19,10,7,2,5,0,6,1,0,4,61,1.946,13.9,1.5,3.6,4.4,1.2,,player.fcgi?id=baar--000kee
Sam Benschoter,19,2017,Michigan State,Big Ten,0,0,,0,3,0,,0,0,0,3.1,7,3,0,0,1,0,3,0,0,0,18,2.4,18.9,0,2.7,8.1,3,,player.fcgi?id=bensch000sam
Walter Borkovich,21,2017,Michigan State,Big Ten,4,3,0.571,2.01,27,1,,0,0,0,58.1,50,18,13,2,14,1,36,3,1,2,226,1.097,7.7,0.3,2.2,5.6,2.57,,player.fcgi?id=borkov000wal
Mason Erla,19,2017,Michigan State,Big Ten,0,1,0,7.04,2,2,,0,0,0,7.2,13,8,6,1,4,0,3,0,0,2,41,2.217,15.3,1.2,4.7,3.5,0.75,,player.fcgi?id=erla--000mas
Andrew Gonzalez,21,2017,Michigan State,Big Ten,4,4,0.5,5,13,10,,0,0,0,45,53,30,25,3,12,0,19,11,1,2,208,1.444,10.6,0.6,2.4,3.8,1.58,,player.fcgi?id=gonzal007and
Ethan Landon,22,2017,Michigan State,Big Ten,3,2,0.6,6.29,18,9,,0,0,1,48.2,62,37,34,2,21,0,34,6,2,6,229,1.705,11.5,0.4,3.9,6.3,1.62,,player.fcgi?id=landon000eth
Jake Lowery,22,2017,Michigan State,Big Ten,2,4,0.333,3.71,22,4,,0,0,0,51,43,24,21,4,16,0,70,7,1,8,215,1.157,7.6,0.7,2.8,12.4,4.38,,player.fcgi?id=lowery000jak
Riley McCauley,20,2017,Michigan State,Big Ten,1,0,1,2.1,25,0,,0,0,9,25.2,22,6,6,2,11,0,49,1,0,5,110,1.286,7.7,0.7,3.9,17.2,4.45,,player.fcgi?id=mccaul000ril
Joe Mockbee*,22,2017,Michigan State,Big Ten,4,4,0.5,5.15,29,1,,0,0,1,43.2,50,30,25,5,22,2,56,1,0,8,202,1.649,10.3,1,4.5,11.5,2.55,,player.fcgi?id=mockbe000joe
Mike Mokma,19,2017,Michigan State,Big Ten,1,0,1,3.2,10,6,,0,0,0,25.1,31,11,9,1,11,0,15,1,0,3,115,1.658,11,0.4,3.9,5.3,1.36,,player.fcgi?id=mokma-000mik
Caleb Sleeman,20,2017,Michigan State,Big Ten,0,0,,3.55,5,2,,0,0,0,12.2,12,6,5,1,2,0,9,1,1,3,54,1.105,8.5,0.7,1.4,6.4,4.5,,player.fcgi?id=sleema000cal
Alex Troop*,20,2017,Michigan State,Big Ten,8,3,0.727,2.47,14,14,,1,0,0,83.2,68,33,23,4,29,0,83,3,0,7,347,1.159,7.3,0.4,3.1,8.9,2.86,,player.fcgi?id=troop-000ale
Mitchell Tyranski*,19,2017,Michigan State,Big Ten,0,1,0,3.94,17,0,,0,0,0,16,10,7,7,0,6,0,18,0,0,2,63,1,5.6,0,3.4,10.1,3,,player.fcgi?id=tyrans000mit
Nathan Witt,21,2017,Michigan State,Big Ten,2,0,1,4.37,22,0,,0,0,0,22.2,27,15,11,1,8,1,19,2,1,4,105,1.544,10.7,0.4,3.2,7.5,2.38,,player.fcgi?id=witt--000nat
Keegan Baar*,22,2018,Michigan State,Big Ten,0,0,,8.53,5,0,,0,0,0,6.1,9,8,6,2,2,0,2,1,0,1,33,1.737,12.8,2.8,2.8,2.8,1,,player.fcgi?id=baar--000kee
Sam Benschoter,20,2018,Michigan State,Big Ten,0,2,0,4.82,10,2,,0,0,0,18.2,21,15,10,2,10,0,15,5,0,3,89,1.661,10.1,1,4.8,7.2,1.5,,player.fcgi?id=bensch000sam
Mason Erla,20,2018,Michigan State,Big Ten,5,4,0.556,3.73,15,15,,0,0,0,79.2,63,37,33,7,40,1,57,5,1,4,345,1.293,7.1,0.8,4.5,6.4,1.43,,player.fcgi?id=erla--000mas
Evan Flohr*,20,2018,Michigan State,Big Ten,0,2,0,4.5,15,0,,0,0,0,22,30,20,11,2,18,1,20,1,0,1,112,2.182,12.3,0.8,7.4,8.2,1.11,,player.fcgi?id=flohr-000eva
Andrew Gonzalez,22,2018,Michigan State,Big Ten,0,1,0,12.6,6,2,,0,0,0,10,15,18,14,0,19,0,8,2,0,2,67,3.4,13.5,0,17.1,7.2,0.42,,player.fcgi?id=gonzal007and
Jesse Heikkinen*,19,2018,Michigan State,Big Ten,0,1,0,10.26,10,2,,0,0,0,16.2,19,21,19,2,16,0,8,3,0,2,85,2.1,10.3,1.1,8.6,4.3,0.5,,player.fcgi?id=heikki000jes
Zach Iverson,19,2018,Michigan State,Big Ten,0,0,,0,2,0,,0,0,0,2,1,0,0,0,2,0,2,0,0,0,8,1.5,4.5,0,9,9,1,,player.fcgi?id=iverso000zac
Ethan Landon,23,2018,Michigan State,Big Ten,3,6,0.333,4.16,15,15,,0,0,0,84.1,88,50,39,3,35,0,74,9,0,6,383,1.458,9.4,0.3,3.7,7.9,2.11,,player.fcgi?id=landon000eth
Jake Lowery,23,2018,Michigan State,Big Ten,4,3,0.571,2.57,26,1,,0,0,2,42,39,18,12,2,10,1,47,8,0,4,182,1.167,8.4,0.4,2.1,10.1,4.7,,player.fcgi?id=lowery000jak
Riley McCauley,21,2018,Michigan State,Big Ten,2,5,0.286,4.55,18,7,,0,0,5,55.1,58,30,28,3,27,2,61,7,1,6,253,1.536,9.4,0.5,4.4,9.9,2.26,,player.fcgi?id=mccaul000ril
Mike Mokma,20,2018,Michigan State,Big Ten,2,5,0.286,4.66,19,7,,0,0,0,56,57,30,29,4,17,1,38,4,2,3,240,1.321,9.2,0.6,2.7,6.1,2.24,,player.fcgi?id=mokma-000mik
Caleb Sleeman,21,2018,Michigan State,Big Ten,1,1,0.5,5.57,12,0,,0,0,0,21,20,16,13,1,13,1,21,1,0,5,99,1.571,8.6,0.4,5.6,9,1.62,,player.fcgi?id=sleema000cal
Mitchell Tyranski*,20,2018,Michigan State,Big Ten,2,2,0.5,2.42,27,1,,0,0,4,44.2,37,21,12,3,15,1,54,2,1,4,186,1.164,7.5,0.6,3,10.9,3.6,,player.fcgi?id=tyrans000mit
Sam Benschoter,21,2019,Michigan State,Big Ten,0,1,0,9.42,13,0,,0,0,0,14.1,16,19,15,1,18,0,16,4,0,2,84,2.372,10,0.6,11.3,10,0.89,,player.fcgi?id=bensch000sam
Zac Bianucci*,21,2019,Michigan State,Big Ten,0,0,,10.5,6,0,,0,0,0,6,5,7,7,1,8,0,5,3,0,2,32,2.167,7.5,1.5,12,7.5,0.63,,player.fcgi?id=bianuc000zac
Indigo Diaz,20,2019,Michigan State,Big Ten,2,4,0.333,5.73,25,4,,0,0,7,44,42,31,28,5,29,0,51,3,0,4,206,1.614,8.6,1,5.9,10.4,1.76,,player.fcgi?id=diaz--001ind
Mason Erla,21,2019,Michigan State,Big Ten,2,10,0.167,5.49,14,14,,0,0,0,82,102,60,50,9,29,0,61,10,0,6,382,1.598,11.2,1,3.2,6.7,2.1,,player.fcgi?id=erla--000mas
Evan Flohr*,21,2019,Michigan State,Big Ten,3,0,1,4.43,30,0,,0,0,0,44.2,38,25,22,5,36,0,35,1,0,5,209,1.657,7.7,1,7.3,7.1,0.97,,player.fcgi?id=flohr-000eva
Danny Gieselman?,--,2019,Michigan State,Big Ten,0,0,,40.5,2,0,,0,0,0,0.2,3,3,3,0,2,0,0,0,0,0,7,7.5,40.5,0,27,0,0,,player.fcgi?id=giesel000dan
Jesse Heikkinen*,20,2019,Michigan State,Big Ten,3,2,0.6,4.6,15,4,,0,0,0,29.1,35,23,15,3,23,0,28,2,0,8,149,1.977,10.7,0.9,7.1,8.6,1.22,,player.fcgi?id=heikki000jes
Zach Iverson,20,2019,Michigan State,Big Ten,0,0,,4.26,6,0,,0,0,0,6.1,7,3,3,2,4,0,7,1,0,0,30,1.737,9.9,2.8,5.7,9.9,1.75,,player.fcgi?id=iverso000zac
Mike Mokma,21,2019,Michigan State,Big Ten,1,2,0.333,2.37,5,5,,1,0,0,30.1,30,16,8,0,9,0,32,5,0,2,136,1.286,8.9,0,2.7,9.5,3.56,,player.fcgi?id=mokma-000mik
Jarret Olson*,21,2019,Michigan State,Big Ten,0,4,0,4.96,13,6,,0,0,0,32.2,28,25,18,3,31,0,27,5,1,3,163,1.806,7.7,0.8,8.5,7.4,0.87,,player.fcgi?id=olson-002jar
Colten Panaranto,19,2019,Michigan State,Big Ten,3,0,1,4.94,23,2,,0,0,1,47.1,48,28,26,3,24,0,39,5,0,5,220,1.521,9.1,0.6,4.6,7.4,1.63,,player.fcgi?id=panara000col
Caleb Sleeman,22,2019,Michigan State,Big Ten,2,4,0.333,4.82,23,9,,0,0,1,56,57,36,30,4,29,3,55,6,1,12,255,1.536,9.2,0.6,4.7,8.8,1.9,,player.fcgi?id=sleema000cal
Joe Stewart,21,2019,Michigan State,Big Ten,0,0,,0,1,0,,0,0,0,1,0,0,0,0,1,0,0,0,0,0,3,1,0,0,9,0,0,,player.fcgi?id=stewar003joe
Mitchell Tyranski*,21,2019,Michigan State,Big Ten,4,7,0.364,3.81,15,10,,1,0,0,78,82,43,33,5,18,0,89,1,0,7,328,1.282,9.5,0.6,2.1,10.3,4.94,,player.fcgi?id=tyrans000mit
Sam Benschoter,22,2020,Michigan State,Big Ten,1,1,0.5,6.87,5,4,,0,0,0,18.1,17,17,14,1,12,0,30,2,0,3,86,1.582,8.3,0.5,5.9,14.7,2.5,,player.fcgi?id=bensch000sam
Adam Berghorst,19,2020,Michigan State,Big Ten,0,1,0,1.17,6,1,,0,0,1,15.1,14,6,2,0,6,0,6,2,0,1,66,1.304,8.2,0,3.5,3.5,1,,player.fcgi?id=bergho000ada
Zac Bianucci*,22,2020,Michigan State,Big Ten,0,0,,0,2,0,,0,0,0,1,1,0,0,0,0,0,0,2,0,0,5,1,9,0,0,0,,,player.fcgi?id=bianuc000zac
Will Christophersen,20,2020,Michigan State,Big Ten,1,1,0.5,6.14,7,0,,0,0,0,7.1,8,7,5,1,5,0,12,2,0,1,37,1.773,9.8,1.2,6.1,14.7,2.4,,player.fcgi?id=christ004wil
Mason Erla,22,2020,Michigan State,Big Ten,2,0,1,1.04,4,4,,0,0,0,26,20,4,3,1,6,0,42,1,0,0,104,1,6.9,0.3,2.1,14.5,7,,player.fcgi?id=erla--000mas
Jesse Heikkinen*,21,2020,Michigan State,Big Ten,1,1,0.5,8.38,6,0,,0,0,0,9.2,8,12,9,2,7,0,10,2,0,2,45,1.552,7.4,1.9,6.5,9.3,1.43,,player.fcgi?id=heikki000jes
Zach Iverson,21,2020,Michigan State,Big Ten,0,0,,5.19,5,1,,0,0,2,8.2,13,7,5,0,3,0,11,0,0,0,41,1.846,13.5,0,3.1,11.4,3.67,,player.fcgi?id=iverso000zac
Brian Martin,20,2020,Michigan State,Big Ten,1,0,1,13.5,2,0,,0,0,0,1.1,2,4,2,0,2,0,1,1,0,0,10,3,13.5,0,13.5,6.8,0.5,,player.fcgi?id=martin010bri
Jarret Olson*,22,2020,Michigan State,Big Ten,1,1,0.5,2.03,4,4,,1,0,0,26.2,13,7,6,0,15,0,28,2,0,3,109,1.05,4.4,0,5.1,9.5,1.87,,player.fcgi?id=olson-002jar
Wyatt Rush,21,2020,Michigan State,Big Ten,0,0,,1.93,6,0,,0,0,0,4.2,3,3,1,0,1,0,2,2,0,1,20,0.857,5.8,0,1.9,3.9,2,,player.fcgi?id=rush--000wya
Caleb Sleeman,23,2020,Michigan State,Big Ten,2,1,0.667,2,7,1,,0,0,1,18,13,12,4,0,16,1,25,0,0,2,86,1.611,6.5,0,8,12.5,1.56,,player.fcgi?id=sleema000cal
Jordan Beatson?,--,2021,Michigan State,Big Ten,0,1,0,14.44,10,0,,0,0,0,14.1,33,26,23,5,11,1,10,1,0,4,89,3.07,20.7,3.1,6.9,6.3,0.91,,player.fcgi?id=beatso000jor
Jackson Bennett,22,2021,Michigan State,Big Ten,0,1,0,6.19,7,4,,0,0,0,16,16,15,11,2,12,0,7,1,0,5,74,1.75,9,1.1,6.8,3.9,0.58,,player.fcgi?id=bennet006jac
Sam Benschoter,23,2021,Michigan State,Big Ten,3,5,0.375,7.4,14,8,,0,0,1,69.1,85,60,57,4,32,0,79,13,2,9,329,1.688,11,0.5,4.2,10.3,2.47,,player.fcgi?id=bensch000sam
Adam Berghorst,20,2021,Michigan State,Big Ten,1,2,0.333,8,13,6,,0,0,0,27,25,30,24,4,22,1,13,6,3,2,135,1.741,8.3,1.3,7.3,4.3,0.59,,player.fcgi?id=bergho000ada
Will Christophersen,21,2021,Michigan State,Big Ten,1,1,0.5,2.45,15,0,,0,0,1,29.1,27,11,8,1,17,0,39,7,0,3,133,1.5,8.3,0.3,5.2,12,2.29,,player.fcgi?id=christ004wil
Mason Erla,23,2021,Michigan State,Big Ten,5,6,0.455,3.5,13,13,,1,0,0,79.2,76,40,31,3,30,0,80,7,0,2,343,1.331,8.6,0.3,3.4,9,2.67,,player.fcgi?id=erla--000mas
Dominic Hann,18,2021,Michigan State,Big Ten,0,0,,4.5,12,0,,0,0,0,14,16,7,7,0,9,0,11,2,0,5,69,1.786,10.3,0,5.8,7.1,1.22,,player.fcgi?id=hann--000dom
Jesse Heikkinen*,22,2021,Michigan State,Big Ten,0,2,0,14.73,6,2,,0,0,0,7.1,13,12,12,0,11,0,6,1,0,1,45,3.273,16,0,13.5,7.4,0.55,,player.fcgi?id=heikki000jes
Zach Hopman*,21,2021,Michigan State,Big Ten,0,0,,9.9,10,0,,0,0,0,10,10,12,11,1,14,0,11,2,0,2,55,2.4,9,0.9,12.6,9.9,0.79,,player.fcgi?id=hopman000zac
Zach Iverson,22,2021,Michigan State,Big Ten,0,2,0,7.45,9,0,,0,0,6,9.2,17,8,8,1,2,1,6,1,0,0,46,1.966,15.8,0.9,1.9,5.6,3,,player.fcgi?id=iverso000zac
Burrell Jones,21,2021,Michigan State,Big Ten,2,2,0.5,5.12,16,0,,0,0,2,31.2,35,20,18,2,9,1,24,4,0,1,136,1.389,9.9,0.6,2.6,6.8,2.67,,player.fcgi?id=jones-003bur
Bryce Kelley*,24,2021,Michigan State,Big Ten,0,0,,0,1,0,,0,0,0,1,0,0,0,0,1,0,1,0,0,0,4,1,0,0,9,9,1,,player.fcgi?id=kelley000bry
Jarret Olson*,23,2021,Michigan State,Big Ten,0,1,0,9,1,1,,0,0,0,1,0,1,1,0,1,0,0,3,0,0,7,1,0,0,9,0,0,,player.fcgi?id=olson-002jar
Nick Powers*,20,2021,Michigan State,Big Ten,4,3,0.571,4.87,9,9,,0,0,0,44.1,49,28,24,2,18,0,35,8,0,4,203,1.511,9.9,0.4,3.7,7.1,1.94,,player.fcgi?id=powers001nic
Wyatt Rush,22,2021,Michigan State,Big Ten,1,1,0.5,4.91,11,1,,0,0,0,22,19,12,12,0,16,0,21,4,0,0,102,1.591,7.8,0,6.5,8.6,1.31,,player.fcgi?id=rush--000wya
Nick Smith,19,2021,Michigan State,Big Ten,0,0,,5.4,5,0,,0,0,0,8.1,6,5,5,0,7,0,3,2,0,1,38,1.56,6.5,0,7.6,3.2,0.43,,player.fcgi?id=smith-015nic
Aidan Arbaugh*,19,2022,Michigan State,Big Ten,1,1,0.5,8.53,7,4,,0,0,0,19,25,22,18,4,7,0,13,2,0,1,90,1.684,11.8,1.9,3.3,6.2,1.86,,player.fcgi?id=arbaug000aid
Kyle Bischoff,22,2022,Michigan State,Big Ten,2,1,0.667,3.51,24,0,,0,0,12,41,46,25,16,3,18,2,36,9,1,4,190,1.561,10.1,0.7,4,7.9,2,,player.fcgi?id=bischo001kyl
Jack Brockhaus*,--,2022,Michigan State,Big Ten,0,1,0,8.71,9,1,,0,0,0,20.2,30,22,20,4,6,0,15,2,0,0,97,1.742,13.1,1.7,2.6,6.5,2.5,,player.fcgi?id=brockh000jac
Andrew Carson,22,2022,Michigan State,Big Ten,2,0,1,6.81,26,0,,0,0,2,35.2,35,31,27,6,25,0,45,11,1,3,176,1.682,8.8,1.5,6.3,11.4,1.8,,player.fcgi?id=carson000and
Harrison Cook,21,2022,Michigan State,Big Ten,1,4,0.2,7.21,14,13,,0,0,0,53.2,82,57,43,6,23,0,50,12,0,12,276,1.957,13.8,1,3.9,8.4,2.17,,player.fcgi?id=cook--006har
Kyle Dunning,21,2022,Michigan State,Big Ten,1,4,0.2,11.2,11,1,,0,0,0,13.2,14,22,17,2,9,1,7,5,1,4,68,1.683,9.2,1.3,5.9,4.6,0.78,,player.fcgi?id=dunnin001kyl
Dominic Hann,19,2022,Michigan State,Big Ten,0,0,,10.45,9,0,,0,0,0,10.1,16,12,12,2,6,0,10,2,0,0,56,2.129,13.9,1.7,5.2,8.7,1.67,,player.fcgi?id=hann--000dom
Zach Hopman*,22,2022,Michigan State,Big Ten,0,0,,18,2,0,,0,0,0,2,2,4,4,0,2,0,0,3,0,1,13,2,9,0,9,0,0,,player.fcgi?id=hopman000zac
Zach Iverson,23,2022,Michigan State,Big Ten,0,2,0,4.24,4,4,,0,0,0,17,12,8,8,2,8,0,18,1,0,0,72,1.176,6.4,1.1,4.2,9.5,2.25,,player.fcgi?id=iverso000zac
Brian Martin,22,2022,Michigan State,Big Ten,2,0,1,5.32,12,0,,0,0,0,23.2,33,20,14,2,10,1,16,3,0,2,109,1.817,12.5,0.8,3.8,6.1,1.6,,player.fcgi?id=martin010bri
Dominic Pianto,21,2022,Michigan State,Big Ten,1,0,1,7.71,11,1,,0,0,1,23.1,35,24,20,5,15,0,16,5,0,7,125,2.143,13.5,1.9,5.8,6.2,1.07,,player.fcgi?id=pianto000dom
Nick Powers*,21,2022,Michigan State,Big Ten,3,7,0.3,6.29,13,11,,0,0,1,58.2,69,46,41,5,28,0,46,5,0,0,267,1.653,10.6,0.8,4.3,7.1,1.64,,player.fcgi?id=powers001nic
Wyatt Rush,23,2022,Michigan State,Big Ten,3,3,0.5,4.33,21,2,,0,0,2,43.2,46,26,21,3,21,0,26,10,0,0,204,1.534,9.5,0.6,4.3,5.4,1.24,,player.fcgi?id=rush--000wya
Erik Stern?,--,2022,Michigan State,Big Ten,0,0,,0,2,0,,0,0,0,1,0,0,0,0,2,0,2,1,0,1,6,2,0,0,18,18,1,,player.fcgi?id=stern-000eri
Ryan Szczepaniak,19,2022,Michigan State,Big Ten,4,3,0.571,6.17,16,8,,0,0,0,42.1,42,35,29,6,32,1,35,17,1,5,216,1.748,8.9,1.3,6.8,7.4,1.09,,player.fcgi?id=szczep000rya
Conner Tomasic,22,2022,Michigan State,Big Ten,4,4,0.5,4.43,17,9,,0,0,0,65,64,39,32,8,26,0,41,10,0,2,290,1.385,8.9,1.1,3.6,5.7,1.58,,player.fcgi?id=tomasi000con
Adam Berghorst,22,2023,Michigan State,Big Ten,1,1,0.5,4.94,12,8,,0,0,0,31,27,18,17,4,23,0,36,7,0,3,148,1.613,7.8,1.2,6.7,10.5,1.57,,player.fcgi?id=bergho000ada
Andrew Carson,23,2023,Michigan State,Big Ten,3,4,0.429,3.93,22,6,,0,0,1,55,59,30,24,5,23,0,49,8,0,9,247,1.491,9.7,0.8,3.8,8,2.13,,player.fcgi?id=carson000and
Max Chapman*,20,2023,Michigan State,Big Ten,1,0,1,10.13,3,0,,0,0,0,2.2,5,3,3,0,3,0,0,1,0,0,16,3,16.9,0,10.1,0,0,,player.fcgi?id=chapma002max
Harrison Cook,22,2023,Michigan State,Big Ten,5,3,0.625,5.4,20,5,,0,0,1,58.1,55,38,35,4,26,1,40,12,0,3,264,1.389,8.5,0.6,4,6.2,1.54,,player.fcgi?id=cook--006har
Joseph Dzierwa*,19,2023,Michigan State,Big Ten,6,4,0.6,5.69,16,13,,0,0,0,74.1,81,49,47,9,22,0,60,14,0,0,334,1.386,9.8,1.1,2.7,7.3,2.73,,player.fcgi?id=dzierw000jos
Nolan Higgins,18,2023,Michigan State,Big Ten,4,2,0.667,6.56,16,7,,0,0,0,46.2,44,38,34,8,26,0,41,7,0,7,211,1.5,8.5,1.5,5,7.9,1.58,,player.fcgi?id=higgin000nol
Robert Klann,18,2023,Michigan State,Big Ten,0,0,,7.71,3,1,,0,0,0,2.1,4,6,2,0,5,0,1,0,0,2,17,3.857,15.4,0,19.3,3.9,0.2,,player.fcgi?id=klann-000rob
Brian Martin,23,2023,Michigan State,Big Ten,1,0,1,6.52,8,1,,0,0,0,9.2,17,8,7,0,3,0,5,0,0,1,48,2.069,15.8,0,2.8,4.7,1.67,,player.fcgi?id=martin010bri
Noah Matheny,20,2023,Michigan State,Big Ten,0,2,0,7.12,19,2,,0,0,0,30.1,32,25,24,5,23,0,31,6,2,0,148,1.813,9.5,1.5,6.8,9.2,1.35,,player.fcgi?id=mathen000noa
Dominic Pianto,22,2023,Michigan State,Big Ten,1,0,1,5.92,13,0,,0,0,0,24.1,26,18,16,5,9,0,16,1,0,3,109,1.438,9.6,1.8,3.3,5.9,1.78,,player.fcgi?id=pianto000dom
Nick Powers*,22,2023,Michigan State,Big Ten,5,3,0.625,4.21,15,11,,0,0,0,62,51,29,29,6,20,0,41,5,0,2,260,1.145,7.4,0.9,2.9,6,2.05,,player.fcgi?id=powers001nic
Wyatt Rush,24,2023,Michigan State,Big Ten,5,0,1,3.61,26,0,,0,0,10,47.1,48,21,19,5,10,1,43,4,0,0,196,1.225,9.1,1,1.9,8.2,4.3,,player.fcgi?id=rush--000wya
Gavin Sitarz*,19,2023,Michigan State,Big Ten,0,0,,8.44,7,0,,0,0,0,5.1,5,5,5,0,6,0,3,3,0,0,29,2.063,8.4,0,10.1,5.1,0.5,,player.fcgi?id=sitarz000gav
Ryan Szczepaniak,20,2023,Michigan State,Big Ten,1,3,0.25,8.04,16,1,,0,0,0,28,33,31,25,10,23,1,37,5,1,3,148,2,10.6,3.2,7.4,11.9,1.61,,player.fcgi?id=szczep000rya
Aidan Arbaugh*,21,2024,Michigan State,Big Ten,1,0,1,7.5,6,0,,0,0,0,6,5,5,5,1,7,0,6,0,0,1,30,2,7.5,1.5,10.5,9,0.86,,player.fcgi?id=arbaug000aid
Garrett Brewer*,19,2024,Michigan State,Big Ten,0,0,,4.22,9,1,,0,0,0,10.2,12,8,5,1,13,0,17,2,0,2,58,2.344,10.1,0.8,11,14.3,1.31,,player.fcgi?id=brewer002gar
Harrison Cook,23,2024,Michigan State,Big Ten,2,3,0.4,5.4,12,4,,0,0,0,36.2,37,22,22,4,19,0,27,11,0,1,172,1.527,9.1,1,4.7,6.6,1.42,,player.fcgi?id=cook--006har
Joseph Dzierwa*,20,2024,Michigan State,Big Ten,6,3,0.667,4.07,14,14,,0,0,0,84,73,40,38,11,27,0,91,12,2,4,361,1.19,7.8,1.2,2.9,9.8,3.37,,player.fcgi?id=dzierw000jos
Nick Ferazzi,23,2024,Michigan State,Big Ten,0,4,0,9.07,15,8,,0,0,0,44.2,63,50,45,10,22,0,32,6,0,8,225,1.903,12.7,2,4.4,6.4,1.45,,player.fcgi?id=ferazz000nic
Gannon Grundman*,19,2024,Michigan State,Big Ten,0,0,,12.79,7,1,,0,0,0,6.1,9,9,9,1,4,0,6,2,0,1,33,2.053,12.8,1.4,5.7,8.5,1.5,,player.fcgi?id=grundm000gan
Nolan Higgins,19,2024,Michigan State,Big Ten,1,3,0.25,9.17,19,2,,0,0,2,34.1,57,40,35,10,25,0,30,4,0,7,186,2.388,14.9,2.6,6.6,7.9,1.2,,player.fcgi?id=higgin000nol
Jaxon Huffman,19,2024,Michigan State,Big Ten,0,0,,27,5,0,,0,0,0,3,7,10,9,0,4,0,3,5,0,0,26,3.667,21,0,12,9,0.75,,player.fcgi?id=huffma000jax
Robert Klann,19,2024,Michigan State,Big Ten,0,0,,16.2,4,0,,0,0,0,3.1,5,7,6,0,4,0,4,4,0,2,22,2.7,13.5,0,10.8,10.8,1,,player.fcgi?id=klann-000rob
Hunter Long,19,2024,Michigan State,Big Ten,0,0,,0,1,0,,0,0,0,1,0,0,0,0,1,0,2,0,0,0,4,1,0,0,9,18,2,,player.fcgi?id=long--002hun
Noah Matheny,21,2024,Michigan State,Big Ten,1,2,0.333,3.91,8,1,,0,0,0,23,20,12,10,3,5,0,21,4,0,2,95,1.087,7.8,1.2,2,8.2,4.2,,player.fcgi?id=mathen000noa
Aaron Mishoulam,23,2024,Michigan State,Big Ten,3,2,0.6,4.65,19,4,,0,0,4,50.1,54,33,26,3,14,2,50,7,0,5,229,1.351,9.7,0.5,2.5,8.9,3.57,,player.fcgi?id=mishou000aar
Gavin Moczydlowsky,19,2024,Michigan State,Big Ten,0,2,0,12.56,11,0,,0,0,0,14.1,23,21,20,8,15,0,14,3,0,2,85,2.651,14.4,5,9.4,8.8,0.93,,player.fcgi?id=moczyd000gav
Dominic Pianto,23,2024,Michigan State,Big Ten,1,0,1,10.13,8,0,,0,0,0,8,11,10,9,1,9,0,7,5,0,1,49,2.5,12.4,1.1,10.1,7.9,0.78,,player.fcgi?id=pianto000dom
Logan Pikur,19,2024,Michigan State,Big Ten,2,0,1,6.65,21,0,,0,0,0,23,26,20,17,3,20,2,13,2,0,1,117,2,10.2,1.2,7.8,5.1,0.65,,player.fcgi?id=pikur-000log
Nick Powers*,23,2024,Michigan State,Big Ten,7,4,0.636,5.71,14,14,,1,0,0,80.1,90,53,51,13,22,0,65,6,0,3,345,1.394,10.1,1.5,2.5,7.3,2.95,,player.fcgi?id=powers001nic
Gavin Sitarz*,20,2024,Michigan State,Big Ten,0,0,,6.75,1,0,,0,0,0,1.1,2,1,1,0,2,0,3,0,0,0,8,3,13.5,0,13.5,20.3,1.5,,player.fcgi?id=sitarz000gav
Tommy Szczepanski,20,2024,Michigan State,Big Ten,0,4,0,7.52,17,2,,0,0,4,20.1,16,18,17,2,22,1,29,3,0,7,97,1.869,7.1,0.9,9.7,12.8,1.32,,player.fcgi?id=szczep000tom
Garrett Brewer*,20,2025,Michigan State,Big Ten,2,2,0.5,4.46,17,0,,0,0,1,34.1,29,20,17,4,13,0,41,4,1,3,150,1.223,7.6,1,3.4,10.7,3.15,,player.fcgi?id=brewer002gar
Aidan Donovan,19,2025,Michigan State,Big Ten,2,3,0.4,4.7,11,8,,0,0,0,30.2,36,23,16,1,10,0,17,0,0,0,147,1.5,10.6,0.3,2.9,5,1.7,,player.fcgi?id=donova002aid
Joseph Dzierwa*,21,2025,Michigan State,Big Ten,8,3,0.727,2.36,15,15,,1,1,0,91.2,68,31,24,4,22,0,104,5,2,4,372,0.982,6.7,0.4,2.2,10.2,4.73,,player.fcgi?id=dzierw000jos
Tate Farquhar,22,2025,Michigan State,Big Ten,3,3,0.5,6.85,18,7,,0,0,0,44.2,57,37,34,2,18,0,34,7,2,1,211,1.679,11.5,0.4,3.6,6.9,1.89,,player.fcgi?id=farquh000tat
Gannon Grundman*,20,2025,Michigan State,Big Ten,1,2,0.333,5.55,12,3,,0,0,0,24.1,26,17,15,2,12,0,21,7,0,1,119,1.562,9.6,0.7,4.4,7.8,1.75,,player.fcgi?id=grundm000gan
Nolan Higgins,20,2025,Michigan State,Big Ten,3,6,0.333,7.04,15,15,,0,0,0,61.1,69,55,48,9,37,0,39,13,0,6,297,1.728,10.1,1.3,5.4,5.7,1.05,,player.fcgi?id=higgin000nol
Tyler Horvath,23,2025,Michigan State,Big Ten,3,3,0.5,5.55,20,0,,0,0,6,35.2,38,24,22,9,10,0,37,1,0,2,156,1.346,9.6,2.3,2.5,9.3,3.7,,player.fcgi?id=horvat002tyl
Josh Klug,20,2025,Michigan State,Big Ten,0,0,,3,4,0,,0,0,0,3,6,2,1,0,4,0,1,1,0,0,20,3.333,18,0,12,3,0.25,,player.fcgi?id=klug--000jos
Noah Matheny,22,2025,Michigan State,Big Ten,0,0,,31.5,3,0,,0,0,0,2,6,7,7,2,4,0,2,3,0,0,19,5,27,9,18,9,0.5,,player.fcgi?id=mathen000noa
Zach Maxey,--,2025,Michigan State,Big Ten,3,0,1,4.88,17,0,,0,0,0,31.1,28,19,17,2,14,1,31,5,1,2,141,1.34,8,0.6,4,8.9,2.21,,player.fcgi?id=maxey-000zac
Gavin Moczydlowsky,20,2025,Michigan State,Big Ten,0,1,0,12.6,3,0,,0,0,0,5,5,7,7,0,7,0,5,0,0,3,27,2.4,9,0,12.6,9,0.71,,player.fcgi?id=moczyd000gav
Dominic Pianto,24,2025,Michigan State,Big Ten,0,1,0,3.9,20,0,,0,0,2,30,30,16,13,3,10,0,28,3,0,0,133,1.333,9,0.9,3,8.4,2.8,,player.fcgi?id=pianto000dom
Logan Pikur,20,2025,Michigan State,Big Ten,1,2,0.333,7.79,20,4,,0,0,2,32.1,45,34,28,6,15,0,26,5,1,0,161,1.856,12.5,1.7,4.2,7.2,1.73,,player.fcgi?id=pikur-000log
Ryan Szczepaniak,22,2025,Michigan State,Big Ten,0,1,0,10.8,10,3,,0,0,0,13.1,21,16,16,1,11,0,11,1,0,1,68,2.4,14.2,0.7,7.4,7.4,1,,player.fcgi?id=szczep000rya
Tommy Szczepanski,21,2025,Michigan State,Big Ten,1,0,1,4,9,0,,0,0,0,9,6,7,4,0,10,1,13,6,0,1,48,1.778,6,0,10,13,1.3,,player.fcgi?id=szczep000tom
George Viebrock*,23,2025,Michigan State,Big Ten,1,0,1,3.74,15,0,,0,0,0,21.2,17,11,9,2,11,0,16,2,0,1,96,1.292,7.1,0.8,4.6,6.6,1.45,,player.fcgi?id=viebro000geo
Brady Chambers,20,2026,Michigan State,Big Ten,3,3,0.5,6.81,21,4,,0,0,1,35.2,42,27,27,6,16,1,29,4,1,0,169,1.626,10.6,1.5,4,7.3,1.81,,player.fcgi?id=chambe004bra
Bobby Crane*,19,2026,Michigan State,Big Ten,1,1,0.5,7.06,15,1,,0,0,0,21.2,27,19,17,3,6,0,19,10,0,2,105,1.523,11.2,1.2,2.5,7.9,3.17,,player.fcgi?id=crane-000bob
Aidan Donovan,20,2026,Michigan State,Big Ten,6,3,0.667,3.71,15,15,,0,0,0,87.1,86,40,36,7,21,0,62,4,1,4,368,1.225,8.9,0.7,2.2,6.4,2.95,,player.fcgi?id=donova002aid
Andrew Everson,18,2026,Michigan State,Big Ten,0,0,,11.32,10,0,,0,0,0,10.1,17,13,13,2,8,0,11,5,0,1,59,2.419,14.8,1.7,7,9.6,1.38,,player.fcgi?id=everso000and
JD Greeley,23,2026,Michigan State,Big Ten,0,4,0,7.76,15,11,,0,0,0,29,26,27,25,6,15,0,25,7,0,2,138,1.414,8.1,1.9,4.7,7.8,1.67,,player.fcgi?id=greele000jd-
Gannon Grundman*,21,2026,Michigan State,Big Ten,2,3,0.4,5.45,26,0,,0,0,0,38,46,26,23,5,15,0,31,9,0,0,181,1.605,10.9,1.2,3.6,7.3,2.07,,player.fcgi?id=grundm000gan
Nolan Higgins,21,2026,Michigan State,Big Ten,3,4,0.429,5.2,27,0,,0,0,4,45,54,34,26,6,13,2,62,5,0,4,206,1.489,10.8,1.2,2.6,12.4,4.77,,player.fcgi?id=higgin000nol
Josh Klug,21,2026,Michigan State,Big Ten,0,0,,19.29,7,0,,0,0,0,4.2,8,10,10,2,7,0,1,2,0,0,30,3.214,15.4,3.9,13.5,1.9,0.14,,player.fcgi?id=klug--000jos
Ben Kochany,20,2026,Michigan State,Big Ten,2,0,1,2.2,12,0,,0,0,0,16.1,16,5,4,2,7,0,11,1,0,1,74,1.408,8.8,1.1,3.9,6.1,1.57,,player.fcgi?id=kochan000ben
Carter Monke,--,2026,Michigan State,Big Ten,4,5,0.444,4.89,15,15,,0,0,0,73.2,88,44,40,9,15,0,51,8,1,2,324,1.398,10.8,1.1,1.8,6.2,3.4,,player.fcgi?id=monke-000car
Logan Pikur,21,2026,Michigan State,Big Ten,1,3,0.25,6.48,23,4,,0,0,0,50,66,39,36,5,14,0,36,9,0,5,236,1.6,11.9,0.9,2.5,6.5,2.57,,player.fcgi?id=pikur-000log
Kyle Rudolph,--,2026,Michigan State,Big Ten,1,3,0.25,6.99,11,6,,0,0,0,28.1,30,23,22,6,8,0,24,4,0,6,129,1.341,9.5,1.9,2.5,7.6,3,,player.fcgi?id=rudolp000kyl
Andrew Siler*,--,2026,Michigan State,Big Ten,1,0,1,1.17,8,0,,0,0,0,7.2,5,1,1,1,4,0,7,0,0,0,32,1.174,5.9,1.2,4.7,8.2,1.75,,player.fcgi?id=siler-000and
Tommy Szczepanski,22,2026,Michigan State,Big Ten,0,3,0,5.77,23,0,,0,0,2,34.1,30,23,22,3,27,0,55,10,1,8,166,1.66,7.9,0.8,7.1,14.4,2.04,,player.fcgi?id=szczep000tom
Ben Ballantine,20,2011,Michigan,Big Ten,,,,4.74,,3,,,0,,49.1,54,31,26,,21,,46,,,,,1.52,9.9,,3.8,8.4,2.19,,player.fcgi?id=ballan000ben
Matt Broder*,--,2011,Michigan,Big Ten,,,,4.74,,5,,,0,,38,39,28,20,,17,,23,,,,,1.474,9.2,,4,5.4,1.35,,player.fcgi?id=broder002mat
Bobby Brosnahan*,22,2011,Michigan,Big Ten,,,,7.61,,12,,,0,,60.1,81,56,51,,30,,33,,,,,1.84,12.1,,4.5,4.9,1.1,,player.fcgi?id=brosna000bob
Kyle Clark,--,2011,Michigan,Big Ten,,,,3.45,,7,,,0,,44.1,42,30,17,,14,,23,,,,,1.263,8.5,,2.8,4.7,1.64,,player.fcgi?id=clark-000kyl
Jake Engels,--,2011,Michigan,Big Ten,,,,5.01,,1,,,0,,32.1,34,19,18,,11,,19,,,,,1.392,9.5,,3.1,5.3,1.73,,player.fcgi?id=engels000jak
Matt Gerbe,--,2011,Michigan,Big Ten,,,,5.57,,1,,,0,,32.1,33,21,20,,14,,24,,,,,1.454,9.2,,3.9,6.7,1.71,,player.fcgi?id=gerbe-000mat
Chad Jasman,--,2011,Michigan,Big Ten,,,,4.15,,0,,,0,,4.1,5,2,2,,1,,1,,,,,1.385,10.4,,2.1,2.1,1,,player.fcgi?id=jasman000cha
Ryan Kopf,--,2011,Michigan,Big Ten,,,,18,,0,,,0,,3,8,6,6,,2,,1,,,,,3.333,24,,6,3,0.5,,player.fcgi?id=kopf--000rya
Alex Lakatos,19,2011,Michigan,Big Ten,,,,6.41,,4,,,0,,39.1,42,29,28,,27,,30,,,,,1.754,9.6,,6.2,6.9,1.11,,player.fcgi?id=lakato000ale
Logan McAnallen*,20,2011,Michigan,Big Ten,,,,5.33,,3,,,0,,27,24,18,16,,21,,24,,,,,1.667,8,,7,8,1.14,,player.fcgi?id=mcanal000log
Tyler Mills,21,2011,Michigan,Big Ten,,,,5.02,,8,,,0,,52,57,42,29,,30,,48,,,,,1.673,9.9,,5.2,8.3,1.6,,player.fcgi?id=mills-000tyl
Brandon Sinnery,21,2011,Michigan,Big Ten,,,,2.91,,7,,,1,,68,59,31,22,,26,,46,,,,,1.25,7.8,,3.4,6.1,1.77,,player.fcgi?id=sinner000bra
Travis Smith,--,2011,Michigan,Big Ten,,,,0,,1,,,0,,5,1,0,0,,1,,4,,,,,0.4,1.8,,1.8,7.2,4,,player.fcgi?id=smith-006tra
Kevin Vengheluwe?,--,2011,Michigan,Big Ten,,,,4.22,,2,,,0,,32,40,16,15,,18,,30,,,,,1.813,11.3,,5.1,8.4,1.67,,player.fcgi?id=venghe000kev
Kolby Wood,22,2011,Michigan,Big Ten,,,,4.5,,0,,,0,,4,5,4,2,,0,,3,,,,,1.25,11.3,,0,6.8,,,player.fcgi?id=wood--001kol
Ben Ballantine,21,2012,Michigan,Big Ten,2,3,0.4,3.98,15,15,,,0,0,74.2,68,42,33,6,35,0,41,4,0,5,322,1.379,8.2,0.7,4.2,4.9,1.17,,player.fcgi?id=ballan000ben
James Bourque,18,2012,Michigan,Big Ten,2,1,0.667,5.88,15,4,,,0,2,33.2,38,27,22,4,23,0,25,9,2,4,173,1.812,10.2,1.1,6.1,6.7,1.09,,player.fcgi?id=bourqu000jam
Bobby Brosnahan*,23,2012,Michigan,Big Ten,3,4,0.429,3.43,10,7,,,0,1,44.2,40,22,17,1,9,0,22,3,1,3,183,1.097,8.1,0.2,1.8,4.4,2.44,,player.fcgi?id=brosna000bob
Kyle Clark,--,2012,Michigan,Big Ten,2,4,0.333,7.3,15,3,,,0,0,37,56,35,30,2,18,0,22,7,0,4,183,2,13.6,0.5,4.4,5.4,1.22,,player.fcgi?id=clark-000kyl
Mike Dolloff,19,2012,Michigan,Big Ten,0,0,,15.19,4,0,,,0,0,5.1,12,11,9,0,4,0,7,1,0,4,33,3,20.3,0,6.8,11.8,1.75,,player.fcgi?id=dollof000mik
Jake Engels,--,2012,Michigan,Big Ten,0,1,0,4.5,4,0,,,0,0,4,4,4,2,0,3,0,0,0,0,2,18,1.75,9,0,6.8,0,0,,player.fcgi?id=engels000jak
Chad Jasman,--,2012,Michigan,Big Ten,0,0,,1.8,4,0,,,0,0,5,8,5,1,1,2,0,3,1,0,0,25,2,14.4,1.8,3.6,5.4,1.5,,player.fcgi?id=jasman000cha
Alex Lakatos,20,2012,Michigan,Big Ten,0,6,0,3.35,19,2,,,0,2,45.2,44,23,17,1,23,1,36,8,2,4,202,1.467,8.7,0.2,4.5,7.1,1.57,,player.fcgi?id=lakato000ale
Logan McAnallen*,21,2012,Michigan,Big Ten,1,1,0.5,4.3,11,3,,,0,1,29.1,30,15,14,1,13,0,18,8,0,1,132,1.466,9.2,0.3,4,5.5,1.38,,player.fcgi?id=mcanal000log
Matt Ogden,19,2012,Michigan,Big Ten,3,4,0.429,4.02,20,1,,,0,3,40.1,32,23,18,3,20,0,26,7,0,6,178,1.289,7.1,0.7,4.5,5.8,1.3,,player.fcgi?id=ogden-000mat
Jay Perry,20,2012,Michigan,Big Ten,0,1,0,4.61,11,0,,,0,0,13.2,18,12,7,2,3,0,16,3,1,1,67,1.537,11.9,1.3,2,10.5,5.33,,player.fcgi?id=perry-002jay
Brandon Sinnery,22,2012,Michigan,Big Ten,5,5,0.5,3.91,14,14,,,1,0,101.1,107,50,44,8,24,0,58,12,2,4,442,1.293,9.5,0.7,2.1,5.2,2.42,,player.fcgi?id=sinner000bra
Travis Smith,--,2012,Michigan,Big Ten,0,0,,9,2,0,,,0,0,1,0,2,1,0,2,0,3,0,0,1,6,2,0,0,18,27,1.5,,player.fcgi?id=smith-006tra
Trent Szkutnik*,18,2012,Michigan,Big Ten,2,3,0.4,7.16,18,6,,,0,1,44,50,40,35,4,29,1,43,6,1,5,215,1.795,10.2,0.8,5.9,8.8,1.48,,player.fcgi?id=szkutn000tre
Kevin Vengheluwe?,--,2012,Michigan,Big Ten,2,0,1,4.76,13,0,,,0,0,17,24,11,9,0,7,0,7,3,0,3,80,1.824,12.7,0,3.7,3.7,1,,player.fcgi?id=venghe000kev
Kolby Wood,23,2012,Michigan,Big Ten,0,1,0,16.88,5,1,,,0,0,2.2,5,7,5,0,5,0,2,2,0,3,21,3.75,16.9,0,16.9,6.8,0.4,,player.fcgi?id=wood--001kol
Ben Ballantine,22,2013,Michigan,Big Ten,1,1,0.5,2.63,7,5,,,0,0,24,20,8,7,0,9,1,21,1,0,2,103,1.208,7.5,0,3.4,7.9,2.33,,player.fcgi?id=ballan000ben
James Bourque,19,2013,Michigan,Big Ten,5,7,0.417,5.25,23,10,,,0,1,58.1,61,40,34,1,37,1,53,3,1,12,271,1.68,9.4,0.2,5.7,8.2,1.43,,player.fcgi?id=bourqu000jam
Kyle Clark,--,2013,Michigan,Big Ten,1,0,1,5.92,22,0,,,0,3,24.1,23,18,16,1,18,0,18,7,0,4,114,1.685,8.5,0.4,6.7,6.7,1,,player.fcgi?id=clark-000kyl
Jake Cronenworth,19,2013,Michigan,Big Ten,0,3,0,1.93,14,0,,,0,7,23.1,23,7,5,1,5,1,24,5,0,2,104,1.2,8.9,0.4,1.9,9.3,4.8,,player.fcgi?id=cronen000jac
Alex Daar,--,2013,Michigan,Big Ten,0,1,0,3.18,11,0,,,0,0,17,12,6,6,1,12,0,12,2,0,3,75,1.412,6.4,0.5,6.4,6.4,1,,player.fcgi?id=daar--000ale
Donnie Eaton,20,2013,Michigan,Big Ten,0,0,,2.16,6,0,,,0,0,8.1,4,2,2,0,5,0,5,1,0,1,33,1.08,4.3,0,5.4,5.4,1,,player.fcgi?id=eaton-000don
Evan Hill*,19,2013,Michigan,Big Ten,7,3,0.7,3.51,14,14,,,0,0,82,66,37,32,2,41,0,47,17,1,3,351,1.305,7.2,0.2,4.5,5.2,1.15,,player.fcgi?id=hill--000eva
Chad Jasman,--,2013,Michigan,Big Ten,0,0,,5.46,18,0,,,0,1,28,27,18,17,2,25,0,21,1,1,5,133,1.857,8.7,0.6,8,6.8,0.84,,player.fcgi?id=jasman000cha
Alex Lakatos,21,2013,Michigan,Big Ten,0,2,0,5.79,14,1,,,0,0,23.1,24,16,15,0,18,0,15,8,0,4,117,1.8,9.3,0,6.9,5.8,0.83,,player.fcgi?id=lakato000ale
Logan McAnallen*,22,2013,Michigan,Big Ten,3,3,0.5,3.5,19,13,,,0,0,72,80,38,28,1,20,0,50,3,1,2,313,1.389,10,0.1,2.5,6.3,2.5,,player.fcgi?id=mcanal000log
Matt Ogden,20,2013,Michigan,Big Ten,8,1,0.889,2.28,21,1,,,0,2,55.1,51,19,14,0,22,1,42,4,0,2,239,1.319,8.3,0,3.6,6.8,1.91,,player.fcgi?id=ogden-000mat
Jay Perry,21,2013,Michigan,Big Ten,0,0,,5,10,0,,,0,0,9,17,7,5,1,7,1,7,0,1,3,49,2.667,17,1,7,7,1,,player.fcgi?id=perry-002jay
Trent Szkutnik*,19,2013,Michigan,Big Ten,4,6,0.4,5.3,16,12,,,0,0,71.1,85,47,42,3,26,1,62,1,1,3,322,1.556,10.7,0.4,3.3,7.8,2.38,,player.fcgi?id=szkutn000tre
Cam Wysocki,19,2013,Michigan,Big Ten,0,0,,54,1,0,,,0,0,0.1,2,2,2,0,1,0,0,1,1,1,5,9,54,0,27,0,0,,player.fcgi?id=wysock000cam
Brett Adcock*,18,2014,Michigan,Big Ten,7,4,0.636,2.87,26,4,,,0,1,53.1,45,19,17,1,20,0,61,1,0,1,221,1.219,7.6,0.2,3.4,10.3,3.05,,player.fcgi?id=adcock000bre
Jake Balicki,--,2014,Michigan,Big Ten,1,1,0.5,3.38,8,0,,,0,0,10.2,11,4,4,1,2,0,8,3,0,0,44,1.219,9.3,0.8,1.7,6.8,4,,player.fcgi?id=balick000jak
Ben Ballantine,23,2014,Michigan,Big Ten,4,2,0.667,3.88,14,11,,,0,0,53.1,43,24,23,0,23,0,46,2,0,3,224,1.238,7.3,0,3.9,7.8,2,,player.fcgi?id=ballan000ben
James Bourque,20,2014,Michigan,Big Ten,2,2,0.5,4.24,25,1,,,0,1,40.1,38,22,19,1,24,0,33,6,0,6,190,1.537,8.5,0.2,5.4,7.4,1.38,,player.fcgi?id=bourqu000jam
Jake Cronenworth,20,2014,Michigan,Big Ten,2,3,0.4,1.75,18,0,,,0,12,25.2,21,14,5,0,13,1,27,2,0,5,112,1.325,7.4,0,4.6,9.5,2.08,,player.fcgi?id=cronen000jac
Donnie Eaton,21,2014,Michigan,Big Ten,0,1,0,0.77,13,0,,,0,0,23.1,8,8,2,0,16,0,26,3,0,1,96,1.029,3.1,0,6.2,10,1.63,,player.fcgi?id=eaton-000don
Hector Gutierrez,20,2014,Michigan,Big Ten,0,0,,3.38,2,0,,,0,0,2.2,1,1,1,0,7,0,3,0,0,1,16,3,3.4,0,23.6,10.1,0.43,,player.fcgi?id=gutier002hec
Evan Hill*,20,2014,Michigan,Big Ten,5,6,0.455,3.24,16,15,,,0,1,89,80,37,32,2,28,0,63,7,7,6,372,1.213,8.1,0.2,2.8,6.4,2.25,,player.fcgi?id=hill--000eva
Alex Lakatos,22,2014,Michigan,Big Ten,0,0,,5.87,11,2,,,0,0,15.1,13,12,10,0,7,0,15,2,0,3,70,1.304,7.6,0,4.1,8.8,2.14,,player.fcgi?id=lakato000ale
Jackson Lamb,19,2014,Michigan,Big Ten,0,0,,2.84,4,0,,,0,0,6.1,5,2,2,0,4,0,7,0,0,1,29,1.421,7.1,0,5.7,9.9,1.75,,player.fcgi?id=lamb--003jac
Keith Lehmann,19,2014,Michigan,Big Ten,3,1,0.75,2.92,21,2,,,0,0,49.1,50,16,16,2,12,0,32,5,1,8,209,1.257,9.1,0.4,2.2,5.8,2.67,,player.fcgi?id=lehman000kei
Mac Lozer,18,2014,Michigan,Big Ten,0,0,,2.76,23,0,,,0,0,16.1,12,6,5,2,9,0,16,2,0,5,71,1.286,6.6,1.1,5,8.8,1.78,,player.fcgi?id=lozer-000mac
Logan McAnallen*,23,2014,Michigan,Big Ten,3,3,0.5,4.01,18,10,,,0,0,51.2,52,26,23,1,33,1,40,8,1,2,240,1.645,9.1,0.2,5.7,7,1.21,,player.fcgi?id=mcanal000log
Trent Szkutnik*,20,2014,Michigan,Big Ten,1,6,0.143,3.38,15,15,,,0,0,80,83,38,30,2,34,1,57,8,1,4,356,1.463,9.3,0.2,3.8,6.4,1.68,,player.fcgi?id=szkutn000tre
Cam Wysocki,20,2014,Michigan,Big Ten,1,0,1,1.23,8,0,,,0,0,14.2,9,2,2,0,5,0,6,0,0,0,56,0.955,5.5,0,3.1,3.7,1.2,,player.fcgi?id=wysock000cam
Brett Adcock*,19,2015,Michigan,Big Ten,10,4,0.714,3.1,19,17,,,1,0,90,66,37,31,5,52,0,95,4,0,5,381,1.311,6.6,0.5,5.2,9.5,1.83,,player.fcgi?id=adcock000bre
Carmen Benedetti*,20,2015,Michigan,Big Ten,0,0,,1.84,18,0,,,0,3,14.2,4,5,3,0,13,0,23,2,0,0,63,1.159,2.5,0,8,14.1,1.77,,player.fcgi?id=benede000car
Jake Cronenworth,21,2015,Michigan,Big Ten,3,7,0.3,3.67,20,6,,,0,8,49,42,24,20,2,19,1,53,9,1,4,214,1.245,7.7,0.4,3.5,9.7,2.79,,player.fcgi?id=cronen000jac
Donnie Eaton,22,2015,Michigan,Big Ten,3,0,1,5.14,16,0,,,0,0,21,22,15,12,0,10,0,18,3,0,2,98,1.524,9.4,0,4.3,7.7,1.8,,player.fcgi?id=eaton-000don
Michael Hendrickson*,19,2015,Michigan,Big Ten,0,1,0,4.74,19,0,,,0,0,24.2,29,19,13,1,16,0,26,7,0,1,120,1.824,10.6,0.4,5.8,9.5,1.63,,player.fcgi?id=hendri000mic
Evan Hill*,21,2015,Michigan,Big Ten,2,2,0.5,4.5,11,7,,,0,0,38,45,24,19,1,17,0,37,7,2,4,178,1.632,10.7,0.2,4,8.8,2.18,,player.fcgi?id=hill--000eva
Oliver Jaskie*,19,2015,Michigan,Big Ten,2,0,1,5.58,22,1,,,0,0,30.2,29,23,19,2,22,1,35,3,0,5,146,1.663,8.5,0.6,6.5,10.3,1.59,,player.fcgi?id=jaskie000oli
Jackson Lamb,20,2015,Michigan,Big Ten,2,0,1,0.96,5,0,,,0,0,9.1,6,1,1,1,3,0,8,0,0,0,36,0.964,5.8,1,2.9,7.7,2.67,,player.fcgi?id=lamb--003jac
Keith Lehmann,20,2015,Michigan,Big Ten,1,4,0.2,5.46,11,8,,,0,0,31.1,31,19,19,3,14,0,26,5,2,1,144,1.436,8.9,0.9,4,7.5,1.86,,player.fcgi?id=lehman000kei
Mac Lozer,19,2015,Michigan,Big Ten,2,1,0.667,3.6,23,0,,,0,1,15,9,6,6,1,13,0,19,1,1,2,66,1.467,5.4,0.6,7.8,11.4,1.46,,player.fcgi?id=lozer-000mac
Ryan Nutof,19,2015,Michigan,Big Ten,5,3,0.625,3.71,15,14,,,0,0,80,76,43,33,2,32,0,63,5,0,2,350,1.35,8.6,0.2,3.6,7.1,1.97,,player.fcgi?id=nutof-000rya
Matt Ogden,22,2015,Michigan,Big Ten,5,1,0.833,2.47,21,6,,,0,1,51,46,18,14,0,18,0,41,4,1,3,222,1.255,8.1,0,3.2,7.2,2.28,,player.fcgi?id=ogden-000mat
Bryan Pall,19,2015,Michigan,Big Ten,2,0,1,2.97,23,0,,,0,3,33.1,26,12,11,4,10,0,31,2,0,5,135,1.08,7,1.1,2.7,8.4,3.1,,player.fcgi?id=pall--000bry
Jayce Vancena,19,2015,Michigan,Big Ten,2,1,0.667,3.68,17,5,,,0,0,44,41,23,18,3,16,0,21,11,0,5,193,1.295,8.4,0.6,3.3,4.3,1.31,,player.fcgi?id=vancen000jay
Cam Wysocki,21,2015,Michigan,Big Ten,0,1,0,5.03,15,0,,,0,1,19.2,21,16,11,2,12,1,10,1,0,1,92,1.678,9.6,0.9,5.5,4.6,0.83,,player.fcgi?id=wysock000cam
Brett Adcock*,20,2016,Michigan,Big Ten,7,5,0.583,3.22,15,14,,1,1,0,78.1,52,29,28,3,62,0,100,5,2,7,346,1.455,6,0.3,7.1,11.5,1.61,,player.fcgi?id=adcock000bre
Carmen Benedetti*,21,2016,Michigan,Big Ten,1,1,0.5,2.45,16,0,,0,0,1,14.2,6,4,4,0,12,0,17,0,0,3,60,1.227,3.7,0,7.4,10.4,1.42,,player.fcgi?id=benede000car
Jack Bredeson,19,2016,Michigan,Big Ten,0,0,,2.79,8,0,,0,0,0,9.2,7,5,3,1,8,0,6,1,0,0,44,1.552,6.5,0.9,7.4,5.6,0.75,,player.fcgi?id=bredes000jac
Michael Hendrickson*,20,2016,Michigan,Big Ten,0,0,,2.53,3,1,,0,0,1,10.2,6,4,3,0,2,0,16,1,2,0,43,0.75,5.1,0,1.7,13.5,8,,player.fcgi?id=hendri000mic
Evan Hill*,22,2016,Michigan,Big Ten,5,5,0.5,4.13,15,12,,0,0,1,61,65,31,28,1,23,1,59,4,2,6,268,1.443,9.6,0.1,3.4,8.7,2.57,,player.fcgi?id=hill--000eva
Oliver Jaskie*,20,2016,Michigan,Big Ten,6,3,0.667,3.19,14,14,,0,0,0,79,64,32,28,5,39,0,69,6,0,3,341,1.304,7.3,0.6,4.4,7.9,1.77,,player.fcgi?id=jaskie000oli
Ricky Karcher,18,2016,Michigan,Big Ten,0,0,,7.71,5,0,,0,0,0,4.2,4,5,4,0,7,0,4,0,0,1,24,2.357,7.7,0,13.5,7.7,0.57,,player.fcgi?id=karche002ric
Jackson Lamb,21,2016,Michigan,Big Ten,0,0,,1.08,10,0,,0,0,2,8.1,7,1,1,0,5,1,13,1,0,0,37,1.44,7.6,0,5.4,14,2.6,,player.fcgi?id=lamb--003jac
Keith Lehmann,21,2016,Michigan,Big Ten,0,0,,6.26,17,2,,0,0,1,27.1,25,20,19,3,13,0,28,7,1,0,122,1.39,8.2,1,4.3,9.2,2.15,,player.fcgi?id=lehman000kei
Mac Lozer,20,2016,Michigan,Big Ten,1,0,1,2.37,29,0,,0,0,1,19,20,13,5,0,13,1,22,2,0,6,93,1.737,9.5,0,6.2,10.4,1.69,,player.fcgi?id=lozer-000mac
Troy Miller,19,2016,Michigan,Big Ten,1,0,1,5.95,16,0,,0,0,0,19.2,24,13,13,3,6,0,9,2,0,2,88,1.525,11,1.4,2.7,4.1,1.5,,player.fcgi?id=miller000tro
Ryan Nutof,20,2016,Michigan,Big Ten,6,2,0.75,2.85,20,10,,0,0,0,53.2,52,21,17,3,25,1,49,8,0,4,242,1.435,8.7,0.5,4.2,8.2,1.96,,player.fcgi?id=nutof-000rya
Bryan Pall,20,2016,Michigan,Big Ten,3,1,0.75,2.97,24,0,,0,0,4,30.1,25,13,10,0,16,1,31,1,0,7,134,1.352,7.4,0,4.7,9.2,1.94,,player.fcgi?id=pall--000bry
Grant Reuss*,20,2016,Michigan,Big Ten,0,0,,3.86,4,0,,0,0,0,2.1,0,1,1,0,5,0,1,1,0,3,13,2.143,0,0,19.3,3.9,0.2,,player.fcgi?id=reuss-000gra
Will Tribucher*,19,2016,Michigan,Big Ten,3,2,0.6,5.6,22,3,,0,0,0,35.1,31,23,22,1,20,0,34,7,1,2,159,1.443,7.9,0.3,5.1,8.7,1.7,,player.fcgi?id=tribuc000wil
Jayce Vancena,20,2016,Michigan,Big Ten,2,1,0.667,5.1,15,0,,0,0,0,30,34,21,17,3,16,0,23,4,0,2,141,1.667,10.2,0.9,4.8,6.9,1.44,,player.fcgi?id=vancen000jay
Austin Batka*,21,2017,Michigan,Big Ten,0,0,,1.04,9,0,,0,0,0,8.2,8,3,1,0,4,0,12,0,0,3,39,1.385,8.3,0,4.2,12.5,3,,player.fcgi?id=batka-000aus
Jack Bredeson,20,2017,Michigan,Big Ten,0,1,0,4.91,13,0,,0,0,0,11,10,7,6,1,4,0,6,3,0,0,49,1.273,8.2,0.8,3.3,4.9,1.5,,player.fcgi?id=bredes000jac
Michael Hendrickson*,21,2017,Michigan,Big Ten,6,3,0.667,4.06,15,15,,0,0,0,75.1,66,35,34,1,32,0,70,10,0,6,325,1.301,7.9,0.1,3.8,8.4,2.19,,player.fcgi?id=hendri000mic
Tommy Henry*,19,2017,Michigan,Big Ten,3,1,0.75,3.19,21,0,,0,0,1,31,31,12,11,3,11,1,39,3,0,0,133,1.355,9,0.9,3.2,11.3,3.55,,player.fcgi?id=henry-002tom
Oliver Jaskie*,21,2017,Michigan,Big Ten,8,3,0.727,3.77,16,16,,1,1,0,93,83,45,39,9,31,0,119,6,1,11,395,1.226,8,0.9,3,11.5,3.84,,player.fcgi?id=jaskie000oli
Karl Kauffmann,19,2017,Michigan,Big Ten,1,0,1,2.03,12,0,,0,0,0,13.1,10,3,3,0,7,0,10,1,1,0,58,1.275,6.8,0,4.7,6.8,1.43,,player.fcgi?id=kauffm002kar
Ben Keizer*,19,2017,Michigan,Big Ten,0,0,,0,3,0,,0,0,0,2.1,1,1,0,0,3,0,2,0,0,1,12,1.714,3.9,0,11.6,7.7,0.67,,player.fcgi?id=keizer000ben
Jackson Lamb,22,2017,Michigan,Big Ten,3,1,0.75,0.96,26,0,,0,0,12,28,20,5,3,0,12,1,28,0,0,2,117,1.143,6.4,0,3.9,9,2.33,,player.fcgi?id=lamb--003jac
Keith Lehmann,22,2017,Michigan,Big Ten,0,1,0,3.24,9,0,,0,0,0,8.1,5,3,3,0,4,0,8,2,0,1,35,1.08,5.4,0,4.3,8.6,2,,player.fcgi?id=lehman000kei
Mac Lozer,21,2017,Michigan,Big Ten,1,0,1,1,25,0,,0,0,1,27,12,3,3,1,9,0,37,1,0,3,100,0.778,4,0.3,3,12.3,4.11,,player.fcgi?id=lozer-000mac
Troy Miller,20,2017,Michigan,Big Ten,0,0,,3.86,7,0,,0,0,0,7,4,3,3,1,7,0,4,4,0,0,33,1.571,5.1,1.3,9,5.1,0.57,,player.fcgi?id=miller000tro
Ryan Nutof,21,2017,Michigan,Big Ten,6,2,0.75,4.52,16,12,,0,0,0,71.2,77,38,36,11,24,0,71,5,0,8,315,1.409,9.7,1.4,3,8.9,2.96,,player.fcgi?id=nutof-000rya
Bryan Pall,21,2017,Michigan,Big Ten,1,0,1,10.13,2,0,,0,0,0,2.2,1,3,3,1,1,0,3,1,0,0,11,0.75,3.4,3.4,3.4,10.1,3,,player.fcgi?id=pall--000bry
Alec Rennard,22,2017,Michigan,Big Ten,6,2,0.75,4.43,18,10,,0,0,0,65,63,33,32,3,15,1,65,4,0,3,272,1.2,8.7,0.4,2.1,9,4.33,,player.fcgi?id=rennar000ale
Grant Reuss*,21,2017,Michigan,Big Ten,0,0,,2.7,8,0,,0,0,0,6.2,1,3,2,0,6,0,11,0,0,3,27,1.05,1.4,0,8.1,14.9,1.83,,player.fcgi?id=reuss-000gra
Will Tribucher*,20,2017,Michigan,Big Ten,4,2,0.667,2.63,22,1,,0,0,2,37.2,31,16,11,2,20,1,43,5,0,4,167,1.354,7.4,0.5,4.8,10.3,2.15,,player.fcgi?id=tribuc000wil
Jayce Vancena,21,2017,Michigan,Big Ten,3,1,0.75,3,14,5,,0,0,0,39,31,14,13,4,4,0,28,2,1,4,149,0.897,7.2,0.9,0.9,6.5,7,,player.fcgi?id=vancen000jay
Jack Weisenburger,19,2017,Michigan,Big Ten,0,0,,3.18,4,0,,0,0,0,5.2,4,2,2,1,3,0,6,0,0,0,24,1.235,6.4,1.6,4.8,9.5,2,,player.fcgi?id=weisen000jac
Austin Batka*,22,2018,Michigan,Big Ten,0,0,,5.06,5,0,,0,0,0,5.1,5,4,3,0,8,0,8,0,0,4,29,2.438,8.4,0,13.5,13.5,1,,player.fcgi?id=batka-000aus
Blake Beers,19,2018,Michigan,Big Ten,0,0,,135,2,1,,0,0,0,0.1,0,7,5,0,5,0,1,1,0,0,8,15,0,0,135,27,0.2,,player.fcgi?id=beers-000bla
Jack Bredeson,21,2018,Michigan,Big Ten,0,0,,8.1,6,0,,0,0,0,3.1,4,5,3,1,3,0,3,0,0,1,18,2.1,10.8,2.7,8.1,8.1,1,,player.fcgi?id=bredes000jac
Jeff Criswell,19,2018,Michigan,Big Ten,3,2,0.6,2.23,24,0,,0,0,0,32.1,18,11,8,2,19,0,32,4,0,2,131,1.144,5,0.6,5.3,8.9,1.68,,player.fcgi?id=criswe000jef
Ben Dragani*,19,2018,Michigan,Big Ten,6,2,0.75,2.76,16,11,,0,0,0,75,61,27,23,4,26,0,54,2,1,2,311,1.16,7.3,0.5,3.1,6.5,2.08,,player.fcgi?id=dragan000ben
Tommy Henry*,20,2018,Michigan,Big Ten,7,3,0.7,3.09,15,15,,0,0,0,81.2,71,37,28,2,26,0,77,9,0,4,346,1.188,7.8,0.2,2.9,8.5,2.96,,player.fcgi?id=henry-002tom
Karl Kauffmann,20,2018,Michigan,Big Ten,6,3,0.667,3.08,15,14,,0,0,0,79,66,35,27,3,32,0,78,6,0,7,341,1.241,7.5,0.3,3.6,8.9,2.44,,player.fcgi?id=kauffm002kar
Ben Keizer*,20,2018,Michigan,Big Ten,0,0,,13.5,7,0,,0,0,0,6,11,15,9,0,10,0,5,2,0,4,41,3.5,16.5,0,15,7.5,0.5,,player.fcgi?id=keizer000ben
Troy Miller,21,2018,Michigan,Big Ten,0,1,0,3.38,19,2,,0,0,1,34.2,24,16,13,2,20,0,29,1,0,5,147,1.269,6.2,0.5,5.2,7.5,1.45,,player.fcgi?id=miller000tro
Alec Rennard,23,2018,Michigan,Big Ten,2,2,0.5,3.41,11,5,,0,0,0,37,34,15,14,1,9,0,29,4,0,6,153,1.162,8.3,0.2,2.2,7.1,3.22,,player.fcgi?id=rennar000ale
Angelo Smith*,19,2018,Michigan,Big Ten,1,0,1,1.14,15,0,,0,0,0,23.2,14,6,3,0,12,1,20,7,0,1,101,1.099,5.3,0,4.6,7.6,1.67,,player.fcgi?id=smith-000ang
Will Tribucher*,21,2018,Michigan,Big Ten,4,4,0.5,3.44,22,1,,0,0,4,36.2,26,20,14,3,21,2,43,4,1,7,163,1.282,6.4,0.7,5.2,10.6,2.05,,player.fcgi?id=tribuc000wil
Jayce Vancena,22,2018,Michigan,Big Ten,3,4,0.429,6.46,14,5,,0,0,0,30.2,44,27,22,2,12,2,23,6,0,3,153,1.826,12.9,0.6,3.5,6.8,1.92,,player.fcgi?id=vancen000jay
Jack Weisenburger,20,2018,Michigan,Big Ten,1,0,1,3.58,15,0,,0,0,1,27.2,22,16,11,2,22,0,27,3,1,3,128,1.59,7.2,0.7,7.2,8.8,1.23,,player.fcgi?id=weisen000jac
Danny Zimmerman,19,2018,Michigan,Big Ten,0,0,,0,2,0,,0,0,0,2,4,0,0,0,0,0,1,0,0,0,10,2,18,0,0,4.5,,,player.fcgi?id=zimmer000dan
Blake Beers,20,2019,Michigan,Big Ten,1,1,0.5,6.04,14,2,,0,0,1,22.1,26,15,15,3,10,0,15,5,1,2,103,1.612,10.5,1.2,4,6,1.5,,player.fcgi?id=beers-000bla
Jack Bredeson,22,2019,Michigan,Big Ten,0,0,,6.75,4,0,,0,0,0,2.2,3,2,2,0,5,0,6,0,0,2,16,3,10.1,0,16.9,20.3,1.2,,player.fcgi?id=bredes000jac
Keaton Carattini,19,2019,Michigan,Big Ten,0,0,,12,4,0,,0,0,0,3,5,5,4,0,3,0,3,2,0,0,19,2.667,15,0,9,9,1,,player.fcgi?id=carrat000kea
Walker Cleveland*,19,2019,Michigan,Big Ten,5,3,0.625,4.23,15,3,,0,0,0,38.1,30,20,18,4,15,3,19,10,1,6,166,1.174,7,0.9,3.5,4.5,1.27,,player.fcgi?id=clevel000wal
Jeff Criswell,20,2019,Michigan,Big Ten,7,1,0.875,2.72,22,17,,0,0,3,106,88,40,32,6,50,0,116,7,2,9,444,1.302,7.5,0.5,4.2,9.8,2.32,,player.fcgi?id=criswe000jef
Tommy Henry*,21,2019,Michigan,Big Ten,12,5,0.706,3.27,20,19,,2,2,0,124,102,52,45,12,26,0,135,9,1,9,506,1.032,7.4,0.9,1.9,9.8,5.19,,player.fcgi?id=henry-002tom
Karl Kauffmann,21,2019,Michigan,Big Ten,12,7,0.632,3.03,21,20,,0,0,1,130.2,107,59,44,7,39,1,111,8,0,9,543,1.117,7.4,0.5,2.7,7.6,2.85,,player.fcgi?id=kauffm002kar
Ben Keizer*,21,2019,Michigan,Big Ten,4,1,0.8,4.3,34,1,,0,0,2,44,31,23,21,3,21,3,48,11,0,4,195,1.182,6.3,0.6,4.3,9.8,2.29,,player.fcgi?id=keizer000ben
Joe Pace,22,2019,Michigan,Big Ten,0,0,,3.86,9,1,,0,0,0,9.1,8,4,4,0,5,0,14,1,0,1,41,1.393,7.7,0,4.8,13.5,2.8,,player.fcgi?id=pace--000joe
Isaiah Paige,20,2019,Michigan,Big Ten,3,1,0.75,2.75,26,5,,0,0,1,52.1,43,22,16,4,16,1,33,4,0,7,219,1.127,7.4,0.7,2.8,5.7,2.06,,player.fcgi?id=paige-000isa
Angelo Smith*,20,2019,Michigan,Big Ten,1,0,1,4.6,23,4,,0,0,0,31.1,34,22,16,2,20,0,39,7,0,4,153,1.723,9.8,0.6,5.7,11.2,1.95,,player.fcgi?id=smith-000ang
Jack Weisenburger,21,2019,Michigan,Big Ten,3,1,0.75,4.25,25,0,,0,0,1,29.2,23,15,14,1,23,0,31,5,0,4,136,1.551,7,0.3,7,9.4,1.35,,player.fcgi?id=weisen000jac
Willie Weiss,19,2019,Michigan,Big Ten,2,2,0.5,2.97,27,0,,0,0,9,39.1,25,15,13,5,32,2,50,5,0,8,180,1.449,5.7,1.1,7.3,11.4,1.56,,player.fcgi?id=weiss-000wil
Jack White*,19,2019,Michigan,Big Ten,0,0,,0,2,0,,0,0,0,2,0,0,0,0,2,0,1,0,0,0,8,1,0,0,9,4.5,0.5,,player.fcgi?id=white-008jac
Blake Beers,21,2020,Michigan,Big Ten,2,2,0.5,3.13,4,4,,0,0,0,23,15,11,8,0,5,0,21,2,0,6,93,0.87,5.9,0,2,8.2,4.2,,player.fcgi?id=beers-000bla
Keaton Carattini,20,2020,Michigan,Big Ten,0,0,,7.71,2,0,,0,0,0,2.1,2,2,2,0,2,0,5,0,0,1,11,1.714,7.7,0,7.7,19.3,2.5,,player.fcgi?id=carrat000kea
Walker Cleveland*,20,2020,Michigan,Big Ten,1,0,1,2.08,2,1,,0,0,0,4.1,6,1,1,1,1,0,1,1,0,0,18,1.615,12.5,2.1,2.1,2.1,1,,player.fcgi?id=clevel000wal
Jeff Criswell,21,2020,Michigan,Big Ten,0,1,0,4.5,4,4,,0,0,0,24,18,15,12,1,9,0,26,2,1,6,99,1.125,6.8,0.4,3.4,9.8,2.89,,player.fcgi?id=criswe000jef
Jacob Denner*,19,2020,Michigan,Big Ten,0,0,,3.75,5,0,,0,0,1,12,13,5,5,1,3,0,7,0,0,3,52,1.333,9.8,0.8,2.3,5.3,2.33,,player.fcgi?id=denner000jac
Ben Dragani*,21,2020,Michigan,Big Ten,0,0,,27,1,0,,0,0,0,0.1,0,1,1,0,2,0,1,0,0,0,3,6,0,0,54,27,0.5,,player.fcgi?id=dragan000ben
Steve Hajjar*,19,2020,Michigan,Big Ten,3,0,1,2.7,4,4,,0,0,0,20,18,6,6,1,11,0,24,0,2,1,87,1.45,8.1,0.5,5,10.8,2.18,,player.fcgi?id=hajjar000ste
Ben Keizer*,22,2020,Michigan,Big Ten,1,1,0.5,4.35,8,0,,0,0,1,10.1,9,5,5,0,7,2,13,2,0,2,47,1.548,7.8,0,6.1,11.3,1.86,,player.fcgi?id=keizer000ben
Joe Pace,23,2020,Michigan,Big Ten,0,0,,3.86,5,0,,0,0,0,4.2,6,2,2,0,5,0,4,0,0,2,24,2.357,11.6,0,9.6,7.7,0.8,,player.fcgi?id=pace--000joe
Isaiah Paige,21,2020,Michigan,Big Ten,0,1,0,5.25,6,1,,0,0,1,12,10,8,7,2,5,0,11,2,0,2,52,1.25,7.5,1.5,3.8,8.3,2.2,,player.fcgi?id=paige-000isa
Angelo Smith*,21,2020,Michigan,Big Ten,0,1,0,11.12,3,0,,0,0,0,5.2,10,10,7,2,3,0,3,3,0,0,35,2.294,15.9,3.2,4.8,4.8,1,,player.fcgi?id=smith-000ang
Cameron Weston,19,2020,Michigan,Big Ten,1,0,1,0.9,7,1,,0,0,2,10,10,2,1,0,3,0,5,1,0,0,43,1.3,9,0,2.7,4.5,1.67,,player.fcgi?id=weston000cam
Jack White*,20,2020,Michigan,Big Ten,0,1,0,5.79,3,0,,0,0,1,4.2,6,3,3,0,3,1,1,1,0,0,21,1.929,11.6,0,5.8,1.9,0.33,,player.fcgi?id=white-008jac
Chase Allen,19,2021,Michigan,Big Ten,0,0,,inf,1,0,,0,0,0,0,1,3,3,0,1,0,0,1,0,0,3,,,,,,0,,player.fcgi?id=allen-015cha
Blake Beers,22,2021,Michigan,Big Ten,1,1,0.5,8.42,13,5,,0,0,0,25.2,30,27,24,2,20,0,21,2,0,7,127,1.948,10.5,0.7,7,7.4,1.05,,player.fcgi?id=beers-000bla
Keaton Carattini,21,2021,Michigan,Big Ten,0,0,,6,2,0,,0,0,0,3,3,2,2,0,0,0,3,2,0,0,14,1,9,0,0,9,,,player.fcgi?id=carrat000kea
Walker Cleveland*,21,2021,Michigan,Big Ten,0,0,,20.25,1,0,,0,0,0,1.1,4,3,3,0,1,0,2,0,0,2,9,3.75,27,0,6.8,13.5,2,,player.fcgi?id=clevel000wal
Jacob Denner*,20,2021,Michigan,Big Ten,4,4,0.5,4.35,13,9,,0,0,0,51.2,57,30,25,7,17,0,51,5,0,3,233,1.432,9.9,1.2,3,8.9,3,,player.fcgi?id=denner000jac
Ben Dragani*,22,2021,Michigan,Big Ten,3,3,0.5,4.55,11,3,,0,0,1,29.2,24,20,15,4,19,0,18,1,1,5,129,1.449,7.3,1.2,5.8,5.5,0.95,,player.fcgi?id=dragan000ben
Steve Hajjar*,20,2021,Michigan,Big Ten,4,2,0.667,3.09,14,14,,1,0,0,81.2,66,36,28,8,29,0,110,3,1,5,342,1.163,7.3,0.9,3.2,12.1,3.79,,player.fcgi?id=hajjar000ste
Connor O'Halloran*,18,2021,Michigan,Big Ten,0,0,,12.15,6,0,,0,0,0,6.2,9,9,9,1,6,0,8,1,1,2,35,2.25,12.2,1.4,8.1,10.8,1.33,,player.fcgi?id=ohallo000con
Joe Pace,24,2021,Michigan,Big Ten,3,1,0.75,4.63,18,0,,0,0,0,23.1,20,15,12,3,14,1,31,3,1,2,109,1.457,7.7,1.2,5.4,12,2.21,,player.fcgi?id=pace--000joe
Isaiah Paige,22,2021,Michigan,Big Ten,0,1,0,2.65,14,0,,0,0,0,17,17,6,5,2,3,0,19,2,0,0,73,1.176,9,1.1,1.6,10.1,6.33,,player.fcgi?id=paige-000isa
Will Proctor,23,2021,Michigan,Big Ten,0,1,0,5.14,16,0,,0,0,1,14,20,10,8,0,4,0,11,3,0,0,66,1.714,12.9,0,2.6,7.1,2.75,,player.fcgi?id=procto003wil
Angelo Smith*,22,2021,Michigan,Big Ten,1,0,1,3,6,0,,0,0,0,6,3,3,2,1,5,0,4,1,0,1,24,1.333,4.5,1.5,7.5,6,0.8,,player.fcgi?id=smith-000ang
Willie Weiss,21,2021,Michigan,Big Ten,4,2,0.667,2.63,21,1,,0,0,5,27.1,17,9,8,2,13,2,40,5,0,3,113,1.098,5.6,0.7,4.3,13.2,3.08,,player.fcgi?id=weiss-000wil
Cameron Weston,20,2021,Michigan,Big Ten,7,4,0.636,2.81,14,14,,1,0,0,83.1,68,32,26,4,29,0,69,8,0,9,341,1.164,7.3,0.4,3.1,7.5,2.38,,player.fcgi?id=weston000cam
Jack White*,21,2021,Michigan,Big Ten,0,0,,4.5,9,0,,0,0,0,16,14,9,8,0,12,0,23,0,0,1,77,1.625,7.9,0,6.8,12.9,1.92,,player.fcgi?id=white-008jac
Logan Wood*,18,2021,Michigan,Big Ten,0,0,,2.38,9,0,,0,0,0,11.1,9,3,3,1,11,0,14,1,1,0,52,1.765,7.1,0.8,8.7,11.1,1.27,,player.fcgi?id=wood--002log
Chase Allen,20,2022,Michigan,Big Ten,7,2,0.778,4.01,27,7,,0,0,3,76.1,70,42,34,12,29,0,57,14,1,5,341,1.297,8.3,1.4,3.4,6.7,1.97,,player.fcgi?id=allen-015cha
Christian Blakely,--,2022,Michigan,Big Ten,0,0,,81,1,0,,0,0,0,0.2,2,6,6,0,3,0,0,1,0,0,8,7.5,27,0,40.5,0,0,,player.fcgi?id=blakel000chr
Keaton Carattini,22,2022,Michigan,Big Ten,0,0,,27,3,0,,0,0,0,3,8,9,9,2,4,0,4,1,1,3,22,4,24,6,12,12,1,,player.fcgi?id=carrat000kea
Walker Cleveland*,22,2022,Michigan,Big Ten,1,3,0.25,8.38,18,6,,0,0,0,29,33,27,27,4,26,0,12,3,0,1,142,2.034,10.2,1.2,8.1,3.7,0.46,,player.fcgi?id=clevel000wal
Jacob Denner*,21,2022,Michigan,Big Ten,4,6,0.4,6.38,24,11,,0,0,2,67.2,85,57,48,9,25,0,66,6,1,7,315,1.626,11.3,1.2,3.3,8.8,2.64,,player.fcgi?id=denner000jac
Avery Goldensoph,19,2022,Michigan,Big Ten,1,0,1,8.87,15,0,,0,0,0,22.1,41,28,22,6,10,1,15,4,0,4,121,2.284,16.5,2.4,4,6,1.5,,player.fcgi?id=golden000ave
Ahmad Harajli,20,2022,Michigan,Big Ten,0,0,,13.09,17,0,,0,0,1,11,14,16,16,1,24,0,14,5,0,7,75,3.455,11.5,0.8,19.6,11.5,0.58,,player.fcgi?id=harajl000ahm
Jaylen Jones*,19,2022,Michigan,Big Ten,0,0,,20.25,5,0,,0,0,0,2.2,2,6,6,0,8,0,2,0,0,3,18,3.75,6.8,0,27,6.8,0.25,,player.fcgi?id=jones-002jay
Jake Keaser,19,2022,Michigan,Big Ten,1,0,1,8.64,16,1,,0,0,0,16.2,19,18,16,3,14,1,20,6,0,4,87,1.98,10.3,1.6,7.6,10.8,1.43,,player.fcgi?id=keaser000jak
Brandon Lawrence,21,2022,Michigan,Big Ten,0,0,,14.14,7,0,,0,0,0,7,12,12,11,1,4,0,2,4,0,1,42,2.286,15.4,1.3,5.1,2.6,0.5,,player.fcgi?id=lawren001bra
Connor O'Halloran*,19,2022,Michigan,Big Ten,5,4,0.556,5.44,19,18,,0,0,0,92.2,97,65,56,9,40,0,104,13,1,7,421,1.478,9.4,0.9,3.9,10.1,2.6,,player.fcgi?id=ohallo000con
Noah Rennard,23,2022,Michigan,Big Ten,6,2,0.75,5.27,28,3,,0,0,4,54.2,71,36,32,6,22,0,63,4,0,5,262,1.701,11.7,1,3.6,10.4,2.86,,player.fcgi?id=rennar000noa
Angelo Smith*,23,2022,Michigan,Big Ten,1,3,0.25,13.5,16,1,,0,0,0,14,29,22,21,1,12,0,16,8,1,1,86,2.929,18.6,0.6,7.7,10.3,1.33,,player.fcgi?id=smith-000ang
John Torroella,21,2022,Michigan,Big Ten,0,0,,7.5,4,0,,0,0,0,6,6,5,5,2,4,0,3,1,0,1,29,1.667,9,3,6,4.5,0.75,,player.fcgi?id=torroe000joh
Jack Van Remortel,22,2022,Michigan,Big Ten,0,0,,13.5,1,0,,0,0,0,0.2,2,1,1,0,0,0,0,0,0,0,4,3,27,0,0,0,,,player.fcgi?id=vanrem000jac
Willie Weiss,22,2022,Michigan,Big Ten,3,2,0.6,5.29,22,0,,0,0,3,34,27,23,20,4,21,0,37,13,0,12,156,1.412,7.1,1.1,5.6,9.8,1.76,,player.fcgi?id=weiss-000wil
Cameron Weston,21,2022,Michigan,Big Ten,5,4,0.556,4.74,20,11,,0,0,4,81.2,92,49,43,6,38,1,92,6,0,9,374,1.592,10.1,0.7,4.2,10.1,2.42,,player.fcgi?id=weston000cam
Jack White*,22,2022,Michigan,Big Ten,0,0,,27,4,3,,0,0,0,3.2,9,11,11,2,3,0,3,1,1,3,24,3.273,22.1,4.9,7.4,7.4,1,,player.fcgi?id=white-008jac
Logan Wood*,19,2022,Michigan,Big Ten,0,2,0,16.57,14,1,,0,0,0,14.2,29,30,27,3,11,0,15,6,1,3,92,2.727,17.8,1.8,6.8,9.2,1.36,,player.fcgi?id=wood--002log
Ryan Zimmer,20,2022,Michigan,Big Ten,0,0,,22.85,6,0,,0,0,0,4.1,8,11,11,2,9,0,3,0,0,3,30,3.923,16.6,4.2,18.7,6.2,0.33,,player.fcgi?id=zimmer009rya
Chase Allen,21,2023,Michigan,Big Ten,5,3,0.625,7.44,12,10,,0,0,0,52,73,47,43,8,30,0,49,6,1,6,262,1.981,12.6,1.4,5.2,8.5,1.63,,player.fcgi?id=allen-015cha
Kurt Barr,19,2023,Michigan,Big Ten,1,1,0.5,4.18,12,6,,0,0,0,23.2,20,12,11,2,19,0,17,3,0,1,106,1.648,7.6,0.8,7.2,6.5,0.89,,player.fcgi?id=barr--000kur
Walker Cleveland*,23,2023,Michigan,Big Ten,0,2,0,7.56,12,1,,0,0,0,16.2,19,18,14,4,11,1,8,3,2,1,85,1.8,10.3,2.2,5.9,4.3,0.73,,player.fcgi?id=clevel000wal
Jacob Denner*,22,2023,Michigan,Big Ten,2,6,0.25,4.56,24,9,,1,0,3,71,72,43,36,12,21,0,75,4,0,2,304,1.31,9.1,1.5,2.7,9.5,3.57,,player.fcgi?id=denner000jac
Avery Goldensoph,20,2023,Michigan,Big Ten,0,1,0,45,1,0,,0,0,0,1,4,5,5,1,1,0,0,1,0,0,9,5,36,9,9,0,0,,player.fcgi?id=golden000ave
Ahmad Harajli,21,2023,Michigan,Big Ten,0,1,0,8.23,20,3,,0,0,0,27.1,28,27,25,5,32,0,35,2,0,8,143,2.195,9.2,1.6,10.5,11.5,1.09,,player.fcgi?id=harajl000ahm
Cam Hart,23,2023,Michigan,Big Ten,0,0,,5.06,7,0,,0,0,0,5.1,4,3,3,0,5,0,4,1,0,0,25,1.688,6.8,0,8.4,6.8,0.8,,player.fcgi?id=hart--000cam
Eamon Horwedel,23,2023,Michigan,Big Ten,0,0,,7.78,16,0,,0,0,0,19.2,32,17,17,4,6,0,16,3,0,2,98,1.932,14.6,1.8,2.7,7.3,2.67,,player.fcgi?id=horwed000eam
Jake Keaser,20,2023,Michigan,Big Ten,0,0,,14.49,12,0,,0,0,0,13.2,23,24,22,4,9,0,9,3,0,1,74,2.341,15.1,2.6,5.9,5.9,1,,player.fcgi?id=keaser000jak
Brandon Lawrence,22,2023,Michigan,Big Ten,0,0,,27,3,0,,0,0,0,2.1,6,7,7,1,4,0,1,4,0,1,21,4.286,23.1,3.9,15.4,3.9,0.25,,player.fcgi?id=lawren001bra
Brandon Mann,19,2023,Michigan,Big Ten,0,1,0,6.88,13,1,,0,0,0,17,15,14,13,4,12,1,7,1,1,3,78,1.588,7.9,2.1,6.4,3.7,0.58,,player.fcgi?id=mann--004bra
Connor O'Halloran*,20,2023,Michigan,Big Ten,8,6,0.571,4.11,17,15,,1,0,0,103,90,54,47,9,26,2,110,10,0,5,432,1.126,7.9,0.8,2.3,9.6,4.23,,player.fcgi?id=ohallo000con
Noah Rennard,24,2023,Michigan,Big Ten,7,4,0.636,4.64,25,9,,0,0,2,73.2,64,40,38,5,29,0,68,5,0,8,311,1.262,7.8,0.6,3.5,8.3,2.34,,player.fcgi?id=rennar000noa
John Torroella,22,2023,Michigan,Big Ten,1,2,0.333,9,12,1,,0,0,0,14,23,19,14,0,12,0,9,3,0,2,79,2.5,14.8,0,7.7,5.8,0.75,,player.fcgi?id=torroe000joh
Mitch Voit,18,2023,Michigan,Big Ten,4,1,0.8,3.25,19,1,,0,0,5,36,31,14,13,4,12,2,25,5,0,2,154,1.194,7.8,1,3,6.3,2.08,,player.fcgi?id=voit--000mit
Ryan Zimmer,21,2023,Michigan,Big Ten,0,0,,11.32,12,0,,0,0,0,10.1,10,13,13,0,16,0,10,1,0,3,56,2.516,8.7,0,13.9,8.7,0.63,,player.fcgi?id=zimmer009rya
Chase Allen,22,2024,Michigan,Big Ten,3,3,0.5,7.27,19,12,,0,0,0,64.1,81,58,52,6,32,0,33,8,0,10,305,1.756,11.3,0.8,4.5,4.6,1.03,,player.fcgi?id=allen-015cha
Kurt Barr,20,2024,Michigan,Big Ten,5,3,0.625,3.41,21,11,,1,0,0,89.2,72,38,34,10,41,2,60,5,1,5,372,1.26,7.2,1,4.1,6,1.46,,player.fcgi?id=barr--000kur
Jacob Denner*,23,2024,Michigan,Big Ten,9,5,0.643,3.89,28,4,,1,0,4,85.2,84,42,37,8,24,4,70,3,0,5,363,1.261,8.8,0.8,2.5,7.4,2.92,,player.fcgi?id=denner000jac
Charlie Denomme,20,2024,Michigan,Big Ten,0,0,,2.7,5,0,,0,0,0,3.1,2,1,1,0,7,0,1,1,0,0,20,2.7,5.4,0,18.9,2.7,0.14,,player.fcgi?id=denomm000cha
Eamon Horwedel,24,2024,Michigan,Big Ten,1,0,1,7.62,12,0,,0,0,0,13,16,12,11,0,12,0,8,5,0,5,70,2.154,11.1,0,8.3,5.5,0.67,,player.fcgi?id=horwed000eam
Connor Judge,19,2024,Michigan,Big Ten,0,0,,18.69,7,0,,0,0,0,4.1,7,9,9,1,7,0,2,3,0,3,30,3.231,14.5,2.1,14.5,4.2,0.29,,player.fcgi?id=judge-000con
Ricky Kidd,20,2024,Michigan,Big Ten,3,4,0.429,6.2,24,2,,0,0,3,40.2,58,42,28,11,22,0,30,2,0,6,198,1.967,12.8,2.4,4.9,6.6,1.36,,player.fcgi?id=kidd--000ric
Brandon Mann,20,2024,Michigan,Big Ten,2,0,1,3.79,17,1,,0,0,0,19,17,12,8,0,18,0,10,5,0,5,94,1.842,8.1,0,8.5,4.7,0.56,,player.fcgi?id=mann--004bra
Jackson Muir,19,2024,Michigan,Big Ten,0,0,,81,5,0,,0,0,0,1,4,9,9,0,7,0,1,2,0,2,15,11,36,0,63,9,0.14,,player.fcgi?id=muir--000jac
Wyatt Novara*,19,2024,Michigan,Big Ten,0,0,,5.68,13,1,,0,0,0,6.1,5,4,4,0,10,0,5,1,0,3,32,2.368,7.1,0,14.2,7.1,0.5,,player.fcgi?id=novara000wya
Alex Ogg,23,2024,Michigan,Big Ten,0,0,,13.5,9,1,,0,0,0,5.1,4,9,8,1,11,0,6,6,0,6,37,2.813,6.8,1.7,18.6,10.1,0.55,,player.fcgi?id=ogg---001ale
Greg Pace,19,2024,Michigan,Big Ten,0,1,0,27,2,0,,0,0,0,1.2,3,5,5,3,3,0,2,0,0,0,11,3.6,16.2,16.2,16.2,10.8,0.67,,player.fcgi?id=pace--000gre
Sachem Ramos,20,2024,Michigan,Big Ten,0,0,,7.52,17,4,,0,0,0,20.1,29,17,17,2,17,0,8,4,0,6,104,2.262,12.8,0.9,7.5,3.5,0.47,,player.fcgi?id=ramos-000sac
Will Rogers,21,2024,Michigan,Big Ten,2,4,0.333,5.47,16,3,,0,0,2,49.1,51,31,30,9,19,1,40,4,0,4,215,1.419,9.3,1.6,3.5,7.3,2.11,,player.fcgi?id=rogers009wil
Zach Slayden,19,2024,Michigan,Big Ten,0,0,,10.13,15,0,,0,0,0,10.2,17,15,12,1,13,0,4,5,0,5,64,2.813,14.3,0.8,11,3.4,0.31,,player.fcgi?id=slayde000zac
Alfredo Velazquez*,19,2024,Michigan,Big Ten,0,1,0,7.36,4,0,,0,0,0,3.2,4,4,3,0,2,0,2,3,0,1,20,1.636,9.8,0,4.9,4.9,1,,player.fcgi?id=velazq002alf
Dylan Vigue,20,2024,Michigan,Big Ten,2,4,0.333,7.9,15,11,,0,0,1,54.2,65,53,48,6,44,0,40,19,0,18,285,1.994,10.7,1,7.2,6.6,0.91,,player.fcgi?id=vigue-000dyl
Mitch Voit,19,2024,Michigan,Big Ten,5,3,0.625,5.49,10,10,,1,0,0,62.1,72,44,38,13,16,1,41,4,1,5,274,1.412,10.4,1.9,2.3,5.9,2.56,,player.fcgi?id=voit--000mit
Kurt Barr,21,2025,Michigan,Big Ten,6,5,0.545,4.65,16,14,,0,0,0,69.2,72,47,36,6,34,0,74,7,0,8,323,1.522,9.3,0.8,4.4,9.6,2.18,,player.fcgi?id=barr--000kur
Preston Barr,19,2025,Michigan,Big Ten,1,1,0.5,7.23,14,0,,0,0,0,18.2,25,15,15,2,4,0,7,2,0,3,83,1.554,12.1,1,1.9,3.4,1.75,,player.fcgi?id=barr--000pre
Grant Bradley,19,2025,Michigan,Big Ten,0,1,0,9.37,13,3,,0,0,0,16.1,23,19,17,1,11,0,17,4,0,2,85,2.082,12.7,0.6,6.1,9.4,1.55,,player.fcgi?id=bradle001gra
Tate Carey,19,2025,Michigan,Big Ten,9,0,1,3.63,18,7,,1,1,0,57,51,24,23,4,18,1,51,6,0,6,241,1.211,8.1,0.6,2.8,8.1,2.83,,player.fcgi?id=carey-000tat
Cade Connolly*,23,2025,Michigan,Big Ten,3,1,0.75,3.29,17,3,,0,0,0,27.1,22,10,10,2,11,3,29,2,0,0,113,1.207,7.2,0.7,3.6,9.5,2.64,,player.fcgi?id=connol000cad
Max Debiec,22,2025,Michigan,Big Ten,0,1,0,2.57,19,0,,0,0,3,28,17,9,8,3,21,0,20,2,0,5,120,1.357,5.5,1,6.8,6.4,0.95,,player.fcgi?id=debiec000max
Gavin DeVooght,20,2025,Michigan,Big Ten,2,2,0.5,5.17,5,4,,0,0,0,15.2,13,11,9,0,8,0,14,7,0,2,72,1.34,7.5,0,4.6,8,1.75,,player.fcgi?id=devoog000gav
Josh Kasner,19,2025,Michigan,Big Ten,2,0,1,11.32,9,0,,0,0,0,10.1,10,17,13,2,8,0,2,3,0,2,54,1.742,8.7,1.7,7,1.7,0.25,,player.fcgi?id=kasner000jos
Ricky Kidd,21,2025,Michigan,Big Ten,0,0,,3.09,11,1,,0,0,0,11.2,7,4,4,3,8,0,6,0,0,1,49,1.286,5.4,2.3,6.2,4.6,0.75,,player.fcgi?id=kidd--000ric
David Lally,21,2025,Michigan,Big Ten,4,5,0.444,4.95,15,13,,2,1,0,76.1,68,46,42,16,34,0,54,8,1,4,328,1.336,8,1.9,4,6.4,1.59,,player.fcgi?id=lally-001dav
Brandon Mann,21,2025,Michigan,Big Ten,0,0,,10.61,10,0,,0,0,0,9.1,10,13,11,0,9,0,7,5,0,0,52,2.036,9.6,0,8.7,6.8,0.78,,player.fcgi?id=mann--004bra
Brandon Newland,19,2025,Michigan,Big Ten,0,0,,0,8,0,,0,0,0,6.2,5,2,0,0,4,0,7,1,0,0,30,1.35,6.8,0,5.4,9.5,1.75,,player.fcgi?id=newlan000bra
Wyatt Novara*,20,2025,Michigan,Big Ten,0,0,,21.21,6,1,,0,0,0,4.2,9,12,11,1,8,0,3,1,0,2,31,3.643,17.4,1.9,15.4,5.8,0.38,,player.fcgi?id=novara000wya
Keegan O'Hearn*,20,2025,Michigan,Big Ten,0,0,,13.5,3,0,,0,0,0,2.2,3,4,4,0,8,0,4,2,1,1,21,4.125,10.1,0,27,13.5,0.5,,player.fcgi?id=ohearn000kee
Michael Quedens*,20,2025,Michigan,Big Ten,0,0,,13.5,4,1,,0,0,0,4,4,6,6,1,7,0,1,3,0,0,25,2.75,9,2.3,15.8,2.3,0.14,,player.fcgi?id=queden000mic
Will Rogers,22,2025,Michigan,Big Ten,5,3,0.625,4.32,23,1,,0,0,8,58.1,54,30,28,8,23,2,44,7,1,4,260,1.32,8.3,1.2,3.5,6.8,1.91,,player.fcgi?id=rogers009wil
Dylan Vigue,21,2025,Michigan,Big Ten,1,4,0.2,4.25,16,8,,0,0,1,59.1,47,33,28,1,42,0,51,11,0,3,269,1.5,7.1,0.2,6.4,7.7,1.21,,player.fcgi?id=vigue-000dyl
Kurt Barr,22,2026,Michigan,Big Ten,5,6,0.455,4.52,16,15,,1,0,0,79.2,68,41,40,10,45,2,105,6,0,8,353,1.418,7.7,1.1,5.1,11.9,2.33,,player.fcgi?id=barr--000kur
Preston Barr,20,2026,Michigan,Big Ten,1,1,0.5,6.3,9,1,,0,0,0,10,11,8,7,1,3,0,8,1,0,0,45,1.4,9.9,0.9,2.7,7.2,2.67,,player.fcgi?id=barr--000pre
Grant Bradley,20,2026,Michigan,Big Ten,2,0,1,4.46,13,4,,0,0,1,36.1,36,22,18,4,8,0,18,7,0,1,161,1.211,8.9,1,2,4.5,2.25,,player.fcgi?id=bradle001gra
Shane Brinham*,18,2026,Michigan,Big Ten,6,4,0.6,3.88,18,10,,2,2,1,65,60,30,28,3,35,1,61,4,0,4,289,1.462,8.3,0.4,4.8,8.4,1.74,,player.fcgi?id=brinha000sha
Justin Brown,20,2026,Michigan,Big Ten,0,0,,10.29,8,0,,0,0,0,7,8,8,8,1,6,0,8,4,0,1,39,2,10.3,1.3,7.7,10.3,1.33,,player.fcgi?id=brown-017jus
Tate Carey,20,2026,Michigan,Big Ten,1,1,0.5,3.06,4,4,,0,0,0,17.2,21,6,6,0,6,0,17,3,0,0,76,1.528,10.7,0,3.1,8.7,2.83,,player.fcgi?id=carey-000tat
Max Debiec,23,2026,Michigan,Big Ten,0,2,0,8.1,20,1,,0,0,1,20,25,18,18,4,15,0,18,3,0,2,98,2,11.3,1.8,6.8,8.1,1.2,,player.fcgi?id=debiec000max
Gavin DeVooght,21,2026,Michigan,Big Ten,2,3,0.4,4.95,25,0,,0,0,9,40,40,23,22,3,23,3,36,10,0,3,191,1.575,9,0.7,5.2,8.1,1.57,,player.fcgi?id=devoog000gav
Tyler Finkbeiner,19,2026,Michigan,Big Ten,1,1,0.5,8.79,12,0,,0,0,0,14.1,13,14,14,5,13,0,15,1,1,3,70,1.814,8.2,3.1,8.2,9.4,1.15,,player.fcgi?id=finkbe000tyl
David Lally,22,2026,Michigan,Big Ten,2,4,0.333,4.15,16,9,,1,0,1,69.1,60,37,32,10,30,1,65,12,1,3,305,1.298,7.8,1.3,3.9,8.4,2.17,,player.fcgi?id=lally-001dav
Brandon Mann,22,2026,Michigan,Big Ten,1,0,1,8.64,12,0,,0,0,0,8.1,14,8,8,2,4,0,3,3,1,1,44,2.16,15.1,2.2,4.3,3.2,0.75,,player.fcgi?id=mann--004bra
Cade Montgomery,23,2026,Michigan,Big Ten,4,1,0.8,4.61,16,7,,1,1,6,52.2,46,28,27,4,18,0,45,5,1,2,222,1.215,7.9,0.7,3.1,7.7,2.5,,player.fcgi?id=montgo000cad
Slade Moore*,18,2026,Michigan,Big Ten,3,0,1,5,17,0,,0,0,0,18,22,10,10,2,9,1,19,4,0,1,87,1.722,11,1,4.5,9.5,2.11,,player.fcgi?id=moore-000sla
Wyatt Novara*,21,2026,Michigan,Big Ten,1,0,1,6.75,10,0,,0,0,0,8,10,6,6,1,3,0,9,2,0,2,38,1.625,11.3,1.1,3.4,10.1,3,,player.fcgi?id=novara000wya
Keegan O'Hearn*,21,2026,Michigan,Big Ten,0,0,,6.14,11,0,,0,0,0,7.1,6,5,5,0,9,0,6,4,0,3,40,2.045,7.4,0,11,7.4,0.67,,player.fcgi?id=ohearn000kee
Erik Puodziunas,19,2026,Michigan,Big Ten,2,0,1,5.59,14,5,,0,0,0,29,31,18,18,5,10,0,31,3,0,3,129,1.414,9.6,1.6,3.1,9.6,3.1,,player.fcgi?id=poudzi000eri
Michael Quedens*,21,2026,Michigan,Big Ten,3,1,0.75,5.82,12,2,,0,0,0,17,15,13,11,2,8,0,9,4,2,0,78,1.353,7.9,1.1,4.2,4.8,1.13,,player.fcgi?id=queden000mic
Scott Fern?,--,2011,Minnesota,Big Ten,,,,0,,1,,,0,,5.1,1,0,0,,1,,3,,,,,0.375,1.7,,1.7,5.1,3,,player.fcgi?id=fern--000sco
Phil Isaksson?,--,2011,Minnesota,Big Ten,,,,3.16,,14,,,0,,77,76,28,27,,28,,50,,,,,1.351,8.9,,3.3,5.8,1.79,,player.fcgi?id=isakss000phi
Dustin Klabunde,22,2011,Minnesota,Big Ten,,,,22.5,,0,,,0,,6,19,15,15,,3,,5,,,,,3.667,28.5,,4.5,7.5,1.67,,player.fcgi?id=klabun000dus
Austin Lubinsky,21,2011,Minnesota,Big Ten,,,,4.32,,13,,,0,,75,75,49,36,,24,,53,,,,,1.32,9,,2.9,6.4,2.21,,player.fcgi?id=lubins000aus
Scott Matyas,23,2011,Minnesota,Big Ten,,,,1.53,,0,,,0,,35.1,20,9,6,,7,,42,,,,,0.764,5.1,,1.8,10.7,6,,player.fcgi?id=matyas001sco
Kyle O'Shea?,--,2011,Minnesota,Big Ten,,,,9,,1,,,0,,3,3,3,3,,1,,1,,,,,1.333,9,,3,3,1,,player.fcgi?id=oshea-000kyl
T.J. Oakes,20,2011,Minnesota,Big Ten,,,,3.19,,14,,,0,,87.1,93,37,31,,21,,52,,,,,1.305,9.6,,2.2,5.4,2.48,,player.fcgi?id=oakes-000tre
Luke Rasmussen?,--,2011,Minnesota,Big Ten,,,,5.54,,0,,,0,,13,19,12,8,,6,,11,,,,,1.923,13.2,,4.2,7.6,1.83,,player.fcgi?id=rasmus001luk
Tim Ryan?,--,2011,Minnesota,Big Ten,,,,16.2,,0,,,0,,5,9,9,9,,3,,5,,,,,2.4,16.2,,5.4,9,1.67,,player.fcgi?id=ryan--005tim
Cullen Sexton,22,2011,Minnesota,Big Ten,,,,2.2,,0,,,0,,16.1,9,5,4,,13,,12,,,,,1.347,5,,7.2,6.6,0.92,,player.fcgi?id=sexton001cul
D.J. Snelten*,19,2011,Minnesota,Big Ten,,,,5.1,,4,,,0,,30,33,21,17,,12,,18,,,,,1.5,9.9,,3.6,5.4,1.5,,player.fcgi?id=snelte001don
Billy Soule,20,2011,Minnesota,Big Ten,,,,3.55,,0,,,0,,38,38,24,15,,24,,29,,,,,1.632,9,,5.7,6.9,1.21,,player.fcgi?id=soule-000bil
Alex Tukey,20,2011,Minnesota,Big Ten,,,,5,,0,,,0,,9,12,6,5,,5,,9,,,,,1.889,12,,5,9,1.8,,player.fcgi?id=tukey-000ale
Tom Windle*,19,2011,Minnesota,Big Ten,,,,1.5,,2,,,0,,42,35,8,7,,11,,35,,,,,1.095,7.5,,2.4,7.5,3.18,,player.fcgi?id=windle001tho
Drew Ghelfi,21,2012,Minnesota,Big Ten,3,1,0.75,3.86,13,0,,,0,0,16.1,12,7,7,0,13,1,9,1,0,4,70,1.531,6.6,0,7.2,5,0.69,,player.fcgi?id=ghelfi000dre
Jordan Jess*,19,2012,Minnesota,Big Ten,2,2,0.5,4.01,12,5,,,0,0,24.2,21,15,11,0,16,0,22,5,0,1,114,1.5,7.7,0,5.8,8,1.38,,player.fcgi?id=jess--000jor
Dustin Klabunde,23,2012,Minnesota,Big Ten,1,1,0.5,3.09,16,1,,,0,1,32,29,12,11,2,6,0,22,6,0,4,131,1.094,8.2,0.6,1.7,6.2,3.67,,player.fcgi?id=klabun000dus
Kevin Kray?,--,2012,Minnesota,Big Ten,0,1,0,2.12,17,0,,,0,7,29.2,21,8,7,4,7,0,24,3,0,3,118,0.944,6.4,1.2,2.1,7.3,3.43,,player.fcgi?id=kray--000kev
Austin Lubinsky,22,2012,Minnesota,Big Ten,4,4,0.5,3.87,14,14,,,0,0,79,94,36,34,5,14,0,51,3,0,2,338,1.367,10.7,0.6,1.6,5.8,3.64,,player.fcgi?id=lubins000aus
Ty McDevitt?,--,2012,Minnesota,Big Ten,2,0,1,4.26,9,3,,,0,0,19,16,9,9,1,7,1,17,4,0,0,82,1.211,7.6,0.5,3.3,8.1,2.43,,player.fcgi?id=mcdevi000ty-
Ben Meyer,19,2012,Minnesota,Big Ten,0,2,0,2.37,15,2,,,0,0,38,33,11,10,0,8,0,32,5,0,4,158,1.079,7.8,0,1.9,7.6,4,,player.fcgi?id=meyer-000ben
Kyle O'Shea?,--,2012,Minnesota,Big Ten,0,1,0,6.48,10,0,,,0,0,8.1,11,10,6,1,1,0,2,2,0,1,43,1.44,11.9,1.1,1.1,2.2,2,,player.fcgi?id=oshea-000kyl
T.J. Oakes,21,2012,Minnesota,Big Ten,7,3,0.7,2.31,14,14,,,0,0,97.1,93,30,25,3,15,0,78,3,0,8,397,1.11,8.6,0.3,1.4,7.2,5.2,,player.fcgi?id=oakes-000tre
D.J. Snelten*,20,2012,Minnesota,Big Ten,4,4,0.5,3.24,16,13,,,0,0,86,70,34,31,1,33,0,55,7,0,10,359,1.198,7.3,0.1,3.5,5.8,1.67,,player.fcgi?id=snelte001don
Billy Soule,21,2012,Minnesota,Big Ten,3,3,0.5,3.6,20,0,,,0,0,25,27,10,10,0,9,1,17,1,0,0,105,1.44,9.7,0,3.2,6.1,1.89,,player.fcgi?id=soule-000bil
Lance Thonvold,18,2012,Minnesota,Big Ten,0,0,,0,4,0,,,0,0,4.2,2,0,0,0,3,0,6,0,0,1,21,1.071,3.9,0,5.8,11.6,2,,player.fcgi?id=thonvo000lan
Alex Tukey,21,2012,Minnesota,Big Ten,0,0,,3.6,5,0,,,0,0,5,6,2,2,0,1,1,4,0,1,0,22,1.4,10.8,0,1.8,7.2,4,,player.fcgi?id=tukey-000ale
Tom Windle*,20,2012,Minnesota,Big Ten,3,5,0.375,3.27,18,4,,,0,1,41.1,36,22,15,3,17,0,37,4,0,3,178,1.282,7.8,0.7,3.7,8.1,2.18,,player.fcgi?id=windle001tho
Alec Crawford,21,2013,Minnesota,Big Ten,4,2,0.667,2.28,10,9,,,0,1,51.1,48,21,13,1,11,0,20,6,0,1,214,1.149,8.4,0.2,1.9,3.5,1.82,,player.fcgi?id=crawfo002ale
Drew Ghelfi,22,2013,Minnesota,Big Ten,1,0,1,4.09,8,0,,,0,0,11,8,5,5,0,9,0,7,3,0,3,52,1.545,6.5,0,7.4,5.7,0.78,,player.fcgi?id=ghelfi000dre
Jordan Jess*,20,2013,Minnesota,Big Ten,1,1,0.5,5.82,4,4,,,0,0,17,19,11,11,0,6,0,14,3,0,0,76,1.471,10.1,0,3.2,7.4,2.33,,player.fcgi?id=jess--000jor
Bobby Juan,21,2013,Minnesota,Big Ten,0,0,,0,1,0,,,0,0,1,1,0,0,0,0,0,2,0,0,0,4,1,9,0,0,18,,,player.fcgi?id=juan--000bob
Kevin Kray?,--,2013,Minnesota,Big Ten,2,0,1,4.5,16,0,,,0,1,24,31,17,12,0,6,2,18,4,0,1,111,1.542,11.6,0,2.3,6.8,3,,player.fcgi?id=kray--000kev
Ty McDevitt?,--,2013,Minnesota,Big Ten,3,0,1,2.92,16,5,,,0,0,37,22,13,12,2,14,1,38,3,1,1,146,0.973,5.4,0.5,3.4,9.2,2.71,,player.fcgi?id=mcdevi000ty-
Ben Meyer,20,2013,Minnesota,Big Ten,5,4,0.556,2.8,15,8,,,1,0,64.1,68,25,20,2,11,0,49,10,1,5,276,1.228,9.5,0.3,1.5,6.9,4.45,,player.fcgi?id=meyer-000ben
Kyle O'Shea?,--,2013,Minnesota,Big Ten,1,0,1,3.2,8,5,,,0,0,19.2,13,9,7,0,8,0,16,9,0,5,89,1.068,5.9,0,3.7,7.3,2,,player.fcgi?id=oshea-000kyl
Dalton Sawyer*,19,2013,Minnesota,Big Ten,2,3,0.4,4.29,18,1,,,0,0,35.2,31,21,17,1,18,1,36,6,0,7,158,1.374,7.8,0.3,4.5,9.1,2,,player.fcgi?id=sawyer000dal
D.J. Snelten*,21,2013,Minnesota,Big Ten,5,2,0.714,2.15,10,8,,,1,0,58.2,50,18,14,1,19,0,42,2,0,3,235,1.176,7.7,0.2,2.9,6.4,2.21,,player.fcgi?id=snelte001don
Billy Soule,22,2013,Minnesota,Big Ten,0,3,0,2.67,20,0,,,0,9,27,25,9,8,1,12,0,20,4,0,1,117,1.37,8.3,0.3,4,6.7,1.67,,player.fcgi?id=soule-000bil
Lance Thonvold,19,2013,Minnesota,Big Ten,1,2,0.333,3.13,15,0,,,0,2,31.2,20,11,11,0,11,1,29,2,0,5,125,0.979,5.7,0,3.1,8.2,2.64,,player.fcgi?id=thonvo000lan
Alex Tukey,22,2013,Minnesota,Big Ten,1,1,0.5,2.92,8,0,,,0,0,12.1,15,8,4,2,4,0,7,3,0,0,58,1.541,10.9,1.5,2.9,5.1,1.75,,player.fcgi?id=tukey-000ale
Tom Windle*,21,2013,Minnesota,Big Ten,6,4,0.6,2.14,14,14,,,1,0,92.2,70,27,22,2,33,0,86,5,4,10,385,1.112,6.8,0.2,3.2,8.4,2.61,,player.fcgi?id=windle001tho
Toby Anderson,19,2014,Minnesota,Big Ten,2,1,0.667,3.33,12,1,,,0,0,27,31,17,10,1,14,0,9,3,0,3,128,1.667,10.3,0.3,4.7,3,0.64,,player.fcgi?id=anders000tob
Cody Campbell?,--,2014,Minnesota,Big Ten,0,1,0,8,4,4,,,0,0,9,5,8,8,0,9,0,3,2,0,0,43,1.556,5,0,9,3,0.33,,player.fcgi?id=campbe001cod
Alec Crawford,22,2014,Minnesota,Big Ten,4,2,0.667,3.79,15,15,,,0,0,97.1,107,44,41,6,18,1,67,7,0,3,416,1.284,9.9,0.6,1.7,6.2,3.72,,player.fcgi?id=crawfo002ale
Matt Fiedler,19,2014,Minnesota,Big Ten,2,1,0.667,8.8,8,0,,,0,0,15.1,15,16,15,2,14,0,13,1,0,4,78,1.891,8.8,1.2,8.2,7.6,0.93,,player.fcgi?id=fiedle000mat
Brian Glowicki,19,2014,Minnesota,Big Ten,0,1,0,3.47,11,1,,,0,3,23.1,25,13,9,1,4,0,13,2,0,1,100,1.243,9.6,0.4,1.5,5,3.25,,player.fcgi?id=glowic000bri
Tyler Hanson,19,2014,Minnesota,Big Ten,3,0,1,3.77,6,1,,,0,0,14.1,16,8,6,2,7,0,7,0,0,1,67,1.605,10,1.3,4.4,4.4,1,,player.fcgi?id=hanson000tyl
Jordan Jess*,21,2014,Minnesota,Big Ten,0,6,0,5.9,13,9,,,0,0,39.2,39,32,26,1,33,0,23,6,1,6,194,1.815,8.8,0.2,7.5,5.2,0.7,,player.fcgi?id=jess--000jor
Kevin Kray?,--,2014,Minnesota,Big Ten,3,0,1,2.81,15,0,,,0,2,16,11,5,5,0,5,0,13,1,0,1,65,1,6.2,0,2.8,7.3,2.6,,player.fcgi?id=kray--000kev
Neal Kunik,22,2014,Minnesota,Big Ten,2,2,0.5,2.84,11,5,,,0,0,44.1,37,14,14,0,10,0,23,8,0,0,183,1.06,7.5,0,2,4.7,2.3,,player.fcgi?id=kunik-000nea
Ty McDevitt?,--,2014,Minnesota,Big Ten,1,0,1,3.18,2,0,,,0,0,5.2,7,2,2,0,0,0,3,2,0,1,25,1.235,11.1,0,0,4.8,,,player.fcgi?id=mcdevi000ty-
Ben Meyer,21,2014,Minnesota,Big Ten,4,5,0.444,2.39,15,15,,,0,0,98,83,34,26,3,28,0,67,15,0,6,418,1.133,7.6,0.3,2.6,6.2,2.39,,player.fcgi?id=meyer-000ben
Dalton Sawyer*,20,2014,Minnesota,Big Ten,6,4,0.6,2.62,21,0,,,0,6,44.2,37,14,13,2,23,2,42,4,0,4,190,1.343,7.5,0.4,4.6,8.5,1.83,,player.fcgi?id=sawyer000dal
Lance Thonvold,20,2014,Minnesota,Big Ten,0,1,0,7.64,13,0,,,0,1,17.2,26,16,15,2,10,0,10,0,0,3,86,2.038,13.2,1,5.1,5.1,1,,player.fcgi?id=thonvo000lan
Toby Anderson,20,2015,Minnesota,Big Ten,1,0,1,5.14,10,7,,,0,0,42,47,28,24,4,17,0,21,3,0,3,191,1.524,10.1,0.9,3.6,4.5,1.24,,player.fcgi?id=anders000tob
Cody Campbell?,--,2015,Minnesota,Big Ten,1,0,1,16.62,3,0,,,0,0,4.1,10,8,8,1,1,0,4,1,0,0,24,2.538,20.8,2.1,2.1,8.3,4,,player.fcgi?id=campbe001cod
Jeff Fasching*,--,2015,Minnesota,Big Ten,0,0,,11.25,7,0,,,0,0,8,9,14,10,3,12,0,4,2,0,4,48,2.625,10.1,3.4,13.5,4.5,0.33,,player.fcgi?id=faschi000jef
Matt Fiedler,20,2015,Minnesota,Big Ten,2,0,1,2.86,15,1,,,0,1,22,13,7,7,1,19,0,20,2,0,2,96,1.455,5.3,0.4,7.8,8.2,1.05,,player.fcgi?id=fiedle000mat
Lucas Gilbreath*,19,2015,Minnesota,Big Ten,1,3,0.25,6.11,18,0,,,0,0,28,25,19,19,2,18,1,30,1,1,3,128,1.536,8,0.6,5.8,9.6,1.67,,player.fcgi?id=gilbre000luc
Brian Glowicki,20,2015,Minnesota,Big Ten,1,2,0.333,6.17,15,0,,,0,2,35,40,24,24,3,9,0,24,2,1,2,148,1.4,10.3,0.8,2.3,6.2,2.67,,player.fcgi?id=glowic000bri
Tyler Hanson,20,2015,Minnesota,Big Ten,0,0,,4.82,14,0,,,0,2,18.2,20,10,10,1,7,0,9,3,0,0,84,1.446,9.6,0.5,3.4,4.3,1.29,,player.fcgi?id=hanson000tyl
Jordan Jess*,22,2015,Minnesota,Big Ten,1,2,0.333,3.86,22,0,,,0,3,25.2,25,15,11,2,12,0,25,4,0,5,117,1.442,8.8,0.7,4.2,8.8,2.08,,player.fcgi?id=jess--000jor
Neal Kunik,23,2015,Minnesota,Big Ten,0,1,0,11.25,2,2,,,0,0,4,6,5,5,0,4,0,2,0,0,0,22,2.5,13.5,0,9,4.5,0.5,,player.fcgi?id=kunik-000nea
Fred Manke,19,2015,Minnesota,Big Ten,1,1,0.5,5.96,8,4,,,0,0,22.2,26,18,15,1,9,0,11,1,0,7,102,1.544,10.3,0.4,3.6,4.4,1.22,,player.fcgi?id=manke-000fre
Joe Martinson,20,2015,Minnesota,Big Ten,0,0,,5.4,2,1,,,0,0,3.1,6,6,2,0,2,0,3,0,0,0,19,2.4,16.2,0,5.4,8.1,1.5,,player.fcgi?id=martin010joe
Ty McDevitt?,--,2015,Minnesota,Big Ten,1,3,0.25,4.67,14,0,,,0,1,17.1,18,11,9,1,8,0,10,5,0,2,84,1.5,9.3,0.5,4.2,5.2,1.25,,player.fcgi?id=mcdevi000ty-
Ben Meyer,22,2015,Minnesota,Big Ten,4,6,0.4,4.31,14,14,,,0,0,87.2,88,47,42,10,24,0,71,11,0,8,383,1.278,9,1,2.5,7.3,2.96,,player.fcgi?id=meyer-000ben
Reggie Meyer,19,2015,Minnesota,Big Ten,1,2,0.333,9,7,4,,,0,0,13,17,14,13,2,7,0,6,4,0,2,65,1.846,11.8,1.4,4.8,4.2,0.86,,player.fcgi?id=meyer-000reg
Dalton Sawyer*,21,2015,Minnesota,Big Ten,4,3,0.571,4.53,15,8,,,0,0,49.2,40,29,25,5,32,0,38,4,1,6,222,1.45,7.2,0.9,5.8,6.9,1.19,,player.fcgi?id=sawyer000dal
Tim Shannon,21,2015,Minnesota,Big Ten,2,5,0.286,5.5,11,10,,,0,0,52.1,64,41,32,6,11,0,26,9,0,4,237,1.433,11,1,1.9,4.5,2.36,,player.fcgi?id=shanno002tim
Lance Thonvold,21,2015,Minnesota,Big Ten,1,2,0.333,7.16,17,0,,,0,1,16.1,14,17,13,0,10,1,13,2,0,2,78,1.469,7.7,0,5.5,7.2,1.3,,player.fcgi?id=thonvo000lan
Toby Anderson,21,2016,Minnesota,Big Ten,7,1,0.875,3.32,15,11,,2,2,1,76,71,34,28,2,20,1,34,3,0,3,318,1.197,8.4,0.2,2.4,4,1.7,,player.fcgi?id=anders000tob
Cody Campbell?,--,2016,Minnesota,Big Ten,1,0,1,0,3,1,,0,0,0,5.2,1,0,0,0,5,0,0,0,0,1,20,1.059,1.6,0,7.9,0,0,,player.fcgi?id=campbe001cod
Jeff Fasching*,--,2016,Minnesota,Big Ten,1,0,1,4.32,8,0,,0,0,0,8.1,6,5,4,1,6,0,12,0,0,0,39,1.44,6.5,1.1,6.5,13,2,,player.fcgi?id=faschi000jef
Matt Fiedler,21,2016,Minnesota,Big Ten,7,4,0.636,4.32,16,16,,1,1,0,89.2,86,46,43,3,39,0,65,10,0,7,388,1.394,8.6,0.3,3.9,6.5,1.67,,player.fcgi?id=fiedle000mat
Lucas Gilbreath*,20,2016,Minnesota,Big Ten,3,2,0.6,1.36,16,1,,0,0,1,33,32,7,5,1,15,0,46,4,1,0,149,1.424,8.7,0.3,4.1,12.5,3.07,,player.fcgi?id=gilbre000luc
Brian Glowicki,21,2016,Minnesota,Big Ten,1,4,0.2,3.29,20,0,,0,0,1,27.1,26,14,10,2,11,1,29,1,0,7,119,1.354,8.6,0.7,3.6,9.5,2.64,,player.fcgi?id=glowic000bri
Tyler Hanson,21,2016,Minnesota,Big Ten,4,2,0.667,4.82,17,6,,0,0,0,56,70,39,30,3,11,1,36,2,0,6,251,1.446,11.3,0.5,1.8,5.8,3.27,,player.fcgi?id=hanson000tyl
Jordan Jess*,23,2016,Minnesota,Big Ten,0,0,,3.95,23,0,,0,0,10,27.1,16,14,12,1,13,0,35,3,0,4,114,1.061,5.3,0.3,4.3,11.5,2.69,,player.fcgi?id=jess--000jor
Nick Lackney*,19,2016,Minnesota,Big Ten,1,0,1,2.93,11,1,,0,0,0,15.1,7,5,5,0,11,1,10,0,1,2,62,1.174,4.1,0,6.5,5.9,0.91,,player.fcgi?id=lackne000nic
Fred Manke,20,2016,Minnesota,Big Ten,0,0,,5.5,11,0,,0,0,1,18,18,11,11,1,7,0,6,1,1,3,76,1.389,9,0.5,3.5,3,0.86,,player.fcgi?id=manke-000fre
Ty McDevitt?,--,2016,Minnesota,Big Ten,4,1,0.8,3.77,13,0,,0,0,0,28.2,29,14,12,1,15,1,23,5,0,3,133,1.535,9.1,0.3,4.7,7.2,1.53,,player.fcgi?id=mcdevi000ty-
Dalton Sawyer*,22,2016,Minnesota,Big Ten,7,7,0.5,3.33,16,16,,0,0,0,94.2,79,43,35,6,42,0,112,10,0,10,411,1.278,7.5,0.6,4,10.6,2.67,,player.fcgi?id=sawyer000dal
Tim Shannon,22,2016,Minnesota,Big Ten,0,0,,9,12,4,,0,0,0,23,24,23,23,5,10,1,11,7,1,2,107,1.478,9.4,2,3.9,4.3,1.1,,player.fcgi?id=shanno002tim
Jake Stevenson,19,2016,Minnesota,Big Ten,0,1,0,3.48,6,2,,0,0,0,10.1,7,7,4,0,11,0,8,1,0,1,45,1.742,6.1,0,9.6,7,0.73,,player.fcgi?id=steven001jak
Toby Anderson,22,2017,Minnesota,Big Ten,6,5,0.545,6.65,17,12,,0,0,0,70.1,86,55,52,10,27,0,37,6,1,4,322,1.607,11,1.3,3.5,4.7,1.37,,player.fcgi?id=anders000tob
Nolan Burchill,--,2017,Minnesota,Big Ten,2,2,0.5,4.23,8,8,,0,0,0,27.2,31,14,13,3,10,0,16,2,0,2,121,1.482,10.1,1,3.3,5.2,1.6,,player.fcgi?id=burchi000nol
Cody Campbell?,--,2017,Minnesota,Big Ten,0,0,,6.75,2,0,,0,0,0,1.1,1,1,1,0,2,0,0,2,0,0,8,2.25,6.8,0,13.5,0,0,,player.fcgi?id=campbe001cod
Alex Farley?,--,2017,Minnesota,Big Ten,1,0,1,4.91,9,0,,0,0,0,7.1,9,4,4,0,5,0,7,2,1,1,37,1.909,11,0,6.1,8.6,1.4,,player.fcgi?id=farley000ale
Jeff Fasching*,--,2017,Minnesota,Big Ten,0,0,,3.18,6,0,,0,0,0,5.2,6,5,2,1,2,2,5,1,0,0,26,1.412,9.5,1.6,3.2,7.9,2.5,,player.fcgi?id=faschi000jef
Lucas Gilbreath*,21,2017,Minnesota,Big Ten,5,2,0.714,2.66,14,14,,0,0,0,81.1,52,34,24,4,32,0,92,14,1,15,338,1.033,5.8,0.4,3.5,10.2,2.88,,player.fcgi?id=gilbre000luc
Brian Glowicki,22,2017,Minnesota,Big Ten,2,1,0.667,2.2,28,0,,0,0,16,32.2,25,12,8,2,7,0,39,1,0,2,129,0.98,6.9,0.6,1.9,10.7,5.57,,player.fcgi?id=glowic000bri
Tyler Hanson,22,2017,Minnesota,Big Ten,4,4,0.5,3.88,19,2,,0,0,0,46.1,43,21,20,2,10,0,32,4,0,5,191,1.144,8.4,0.4,1.9,6.2,3.2,,player.fcgi?id=hanson000tyl
Nick Lackney*,20,2017,Minnesota,Big Ten,2,1,0.667,5.85,21,0,,0,0,0,32.1,32,24,21,4,27,2,28,3,1,7,156,1.825,8.9,1.1,7.5,7.8,1.04,,player.fcgi?id=lackne000nic
Fred Manke,21,2017,Minnesota,Big Ten,2,1,0.667,3.6,12,0,,0,0,2,15,9,8,6,0,12,0,15,2,0,0,64,1.4,5.4,0,7.2,9,1.25,,player.fcgi?id=manke-000fre
Reggie Meyer,21,2017,Minnesota,Big Ten,5,1,0.833,3.18,19,7,,0,0,2,56.2,40,22,20,1,18,0,32,10,0,7,236,1.024,6.4,0.2,2.9,5.1,1.78,,player.fcgi?id=meyer-000reg
Jackson Rose,21,2017,Minnesota,Big Ten,0,0,,3.78,14,0,,0,0,0,16.2,13,7,7,2,11,0,16,5,0,3,77,1.44,7,1.1,5.9,8.6,1.45,,player.fcgi?id=rose--004jac
Brett Schulze,19,2017,Minnesota,Big Ten,4,3,0.571,5.5,15,14,,0,0,0,70.1,68,47,43,13,27,0,58,10,1,10,315,1.351,8.7,1.7,3.5,7.4,2.15,,player.fcgi?id=schulz000bre
Tim Shannon,23,2017,Minnesota,Big Ten,3,0,1,2.95,31,0,,0,0,2,39.2,35,16,13,4,12,0,30,8,0,1,168,1.185,7.9,0.9,2.7,6.8,2.5,,player.fcgi?id=shanno002tim
Jake Stevenson,20,2017,Minnesota,Big Ten,0,1,0,4.63,9,0,,0,0,0,11.2,10,6,6,2,8,1,7,3,1,2,53,1.543,7.7,1.5,6.2,5.4,0.88,,player.fcgi?id=steven001jak
Sam Bridges?,--,2018,Minnesota,Big Ten,0,0,,12,2,0,,0,0,0,3,3,5,4,1,1,0,2,1,1,1,14,1.333,9,3,3,6,2,,player.fcgi?id=bridge000sam
Josh Culliver,19,2018,Minnesota,Big Ten,2,2,0.5,3.71,9,4,,0,0,1,26.2,25,13,11,1,11,0,19,1,0,3,113,1.35,8.4,0.3,3.7,6.4,1.73,,player.fcgi?id=culliv000jos
Ryan Duffy*,19,2018,Minnesota,Big Ten,0,0,,1.17,5,0,,0,0,0,7.2,5,1,1,0,3,0,9,0,0,3,31,1.043,5.9,0,3.5,10.6,3,,player.fcgi?id=duffy-002rya
Jeff Fasching*,--,2018,Minnesota,Big Ten,2,0,1,1.9,14,0,,0,0,0,23.2,21,7,5,0,6,0,19,1,0,2,99,1.141,8,0,2.3,7.2,3.17,,player.fcgi?id=faschi000jef
Patrick Fredrickson,19,2018,Minnesota,Big Ten,9,0,1,1.86,19,15,,0,0,0,97,71,26,20,4,27,0,73,7,0,0,383,1.01,6.6,0.4,2.5,6.8,2.7,,player.fcgi?id=fredri000pat
Drew Hmielewski,20,2018,Minnesota,Big Ten,0,0,,0,1,0,,0,0,0,0.2,0,0,0,0,0,0,0,0,0,0,2,0,0,0,0,0,,,player.fcgi?id=hmiele000dre
Bubba Horton*,19,2018,Minnesota,Big Ten,0,0,,4.05,9,0,,0,0,0,13.1,8,6,6,1,10,0,15,0,0,2,54,1.35,5.4,0.7,6.8,10.1,1.5,,player.fcgi?id=horton000bub
Danny Kapala*,19,2018,Minnesota,Big Ten,0,0,,13.5,2,0,,0,0,0,1.1,2,2,2,0,3,0,3,0,0,2,9,3.75,13.5,0,20.3,20.3,1,,player.fcgi?id=kapala002dan
Nick Lackney*,21,2018,Minnesota,Big Ten,4,2,0.667,5.48,13,10,,0,0,0,47.2,55,35,29,3,15,0,47,2,1,5,212,1.469,10.4,0.6,2.8,8.9,3.13,,player.fcgi?id=lackne000nic
Fred Manke,22,2018,Minnesota,Big Ten,0,0,,5.06,9,0,,0,0,0,10.2,9,6,6,1,7,0,12,1,0,1,48,1.5,7.6,0.8,5.9,10.1,1.71,,player.fcgi?id=manke-000fre
Max Meyer,19,2018,Minnesota,Big Ten,2,3,0.4,2.27,26,0,,0,0,16,43.2,25,13,11,0,13,0,54,3,0,0,170,0.87,5.2,0,2.7,11.1,4.15,,player.fcgi?id=meyer-000max
Reggie Meyer,22,2018,Minnesota,Big Ten,8,4,0.667,2.97,17,17,,1,1,0,109,95,43,36,8,16,0,70,10,2,8,443,1.018,7.8,0.7,1.3,5.8,4.38,,player.fcgi?id=meyer-000reg
Jackson Rose,22,2018,Minnesota,Big Ten,5,1,0.833,1.99,22,0,,0,0,1,31.2,27,8,7,1,14,1,30,3,0,4,135,1.295,7.7,0.3,4,8.5,2.14,,player.fcgi?id=rose--004jac
Brett Schulze,20,2018,Minnesota,Big Ten,9,0,1,2.09,22,0,,0,0,0,51.2,51,12,12,2,24,0,47,7,0,3,229,1.452,8.9,0.3,4.2,8.2,1.96,,player.fcgi?id=schulz000bre
Jake Stevenson,21,2018,Minnesota,Big Ten,1,1,0.5,5.46,13,8,,0,0,0,31.1,31,29,19,3,18,0,15,6,0,3,150,1.564,8.9,0.9,5.2,4.3,0.83,,player.fcgi?id=steven001jak
Sam Thoresen,19,2018,Minnesota,Big Ten,2,2,0.5,5.86,14,5,,0,0,0,35.1,27,24,23,1,24,0,30,13,1,3,168,1.443,6.9,0.3,6.1,7.6,1.25,,player.fcgi?id=thores000sam
Nolan Burchill,--,2019,Minnesota,Big Ten,0,1,0,6.85,17,0,,0,0,0,22.1,27,17,17,1,8,1,20,3,0,4,103,1.567,10.9,0.4,3.2,8.1,2.5,,player.fcgi?id=burchi000nol
Josh Culliver,20,2019,Minnesota,Big Ten,3,4,0.429,4.64,17,13,,0,0,0,64,72,39,33,5,28,0,51,9,0,8,295,1.563,10.1,0.7,3.9,7.2,1.82,,player.fcgi?id=culliv000jos
Ryan Duffy*,20,2019,Minnesota,Big Ten,1,2,0.333,4.68,16,1,,0,0,0,32.2,34,18,17,1,22,0,30,5,1,2,156,1.714,9.4,0.3,6.1,8.3,1.36,,player.fcgi?id=duffy-002rya
Jeff Fasching*,--,2019,Minnesota,Big Ten,1,0,1,1.53,21,0,,0,0,0,29.1,25,6,5,2,17,0,32,2,1,2,129,1.432,7.7,0.6,5.2,9.8,1.88,,player.fcgi?id=faschi000jef
Patrick Fredrickson,20,2019,Minnesota,Big Ten,2,5,0.286,5.59,15,11,,0,0,0,48.1,48,41,30,3,32,0,45,11,0,9,234,1.655,8.9,0.6,6,8.4,1.41,,player.fcgi?id=fredri000pat
Bubba Horton*,20,2019,Minnesota,Big Ten,2,0,1,3.06,12,0,,0,0,0,17.2,15,6,6,0,14,0,19,0,0,7,79,1.642,7.6,0,7.1,9.7,1.36,,player.fcgi?id=horton000bub
Danny Kapala*,20,2019,Minnesota,Big Ten,0,0,,13.5,5,0,,0,0,0,2,3,3,3,0,2,1,1,2,1,1,13,2.5,13.5,0,9,4.5,0.5,,player.fcgi?id=kapala002dan
Nick Lackney*,22,2019,Minnesota,Big Ten,4,4,0.5,2.38,20,2,,0,0,2,53,37,27,14,3,23,0,49,5,0,5,224,1.132,6.3,0.5,3.9,8.3,2.13,,player.fcgi?id=lackne000nic
J.P. Massey,19,2019,Minnesota,Big Ten,0,1,0,5.4,15,3,,0,0,0,25,16,18,15,4,22,1,31,2,0,7,117,1.52,5.8,1.4,7.9,11.2,1.41,,player.fcgi?id=massey000jp-
Max Meyer,20,2019,Minnesota,Big Ten,5,3,0.625,2.11,16,11,,0,0,2,76.2,58,21,18,5,20,0,87,2,1,3,314,1.017,6.8,0.6,2.3,10.2,4.35,,player.fcgi?id=meyer-000max
Gus Radel,19,2019,Minnesota,Big Ten,0,1,0,14.73,5,0,,0,0,0,3.2,5,7,6,0,6,0,2,1,0,1,24,3,12.3,0,14.7,4.9,0.33,,player.fcgi?id=radel-000gus
Brett Schulze,21,2019,Minnesota,Big Ten,5,1,0.833,3.07,30,0,,0,0,9,41,31,14,14,4,15,2,55,3,0,3,172,1.122,6.8,0.9,3.3,12.1,3.67,,player.fcgi?id=schulz000bre
Jake Stevenson,22,2019,Minnesota,Big Ten,2,2,0.5,6.28,20,3,,0,0,1,38.2,36,33,27,2,30,0,45,9,0,6,192,1.707,8.4,0.5,7,10.5,1.5,,player.fcgi?id=steven001jak
Sam Thoresen,20,2019,Minnesota,Big Ten,4,3,0.571,5.24,15,12,,0,0,0,46.1,33,37,27,2,43,0,69,3,0,4,220,1.64,6.4,0.4,8.4,13.4,1.6,,player.fcgi?id=thores000sam
Will Anderson*,19,2020,Minnesota,Big Ten,0,1,0,15.75,4,0,,0,0,0,4,6,8,7,1,8,0,6,1,1,1,29,3.5,13.5,2.3,18,13.5,0.75,,player.fcgi?id=anders029wil
Nolan Burchill,--,2020,Minnesota,Big Ten,1,1,0.5,8.44,6,1,,0,0,0,10.2,17,10,10,1,6,0,8,0,0,1,52,2.156,14.3,0.8,5.1,6.8,1.33,,player.fcgi?id=burchi000nol
Josh Culliver,21,2020,Minnesota,Big Ten,0,0,,0,2,0,,0,0,1,1,0,0,0,0,1,0,2,0,0,0,4,1,0,0,9,18,2,,player.fcgi?id=culliv000jos
Drake Davis,21,2020,Minnesota,Big Ten,1,0,1,10.54,6,2,,0,0,0,13.2,22,16,16,2,17,0,23,0,0,2,78,2.854,14.5,1.3,11.2,15.1,1.35,,player.fcgi?id=davis-000dra
Ryan Duffy*,21,2020,Minnesota,Big Ten,0,0,,15.43,6,0,,0,0,0,4.2,6,8,8,0,5,0,4,3,0,2,27,2.357,11.6,0,9.6,7.7,0.8,,player.fcgi?id=duffy-002rya
Patrick Fredrickson,21,2020,Minnesota,Big Ten,0,2,0,11.08,6,3,,0,0,1,13,15,17,16,2,11,1,13,3,0,0,67,2,10.4,1.4,7.6,9,1.18,,player.fcgi?id=fredri000pat
Michael Gurka,18,2020,Minnesota,Big Ten,0,0,,40.5,2,0,,0,0,0,0.2,1,3,3,0,4,1,1,0,0,2,7,7.5,13.5,0,54,13.5,0.25,,player.fcgi?id=gurka-000mic
Bubba Horton*,21,2020,Minnesota,Big Ten,0,1,0,4.5,6,0,,0,0,2,16,12,9,8,0,8,0,28,2,0,5,69,1.25,6.8,0,4.5,15.8,3.5,,player.fcgi?id=horton000bub
Sam Ireland,19,2020,Minnesota,Big Ten,0,1,0,9,5,0,,0,0,2,8,12,8,8,1,8,0,10,0,0,3,45,2.5,13.5,1.1,9,11.3,1.25,,player.fcgi?id=irelan001sam
Danny Kapala*,21,2020,Minnesota,Big Ten,0,1,0,6.14,6,0,,0,0,0,7.1,7,6,5,1,3,1,5,4,0,0,34,1.364,8.6,1.2,3.7,6.1,1.67,,player.fcgi?id=kapala002dan
J.P. Massey,20,2020,Minnesota,Big Ten,1,1,0.5,4.66,5,3,,0,0,0,19.1,17,11,10,0,12,0,24,8,0,4,94,1.5,7.9,0,5.6,11.2,2,,player.fcgi?id=massey000jp-
Max Meyer,21,2020,Minnesota,Big Ten,3,1,0.75,1.95,4,4,,1,0,0,27.2,15,10,6,2,8,0,46,4,1,0,110,0.831,4.9,0.7,2.6,15,5.75,,player.fcgi?id=meyer-000max
Gus Radel,20,2020,Minnesota,Big Ten,0,0,,0,1,0,,0,0,0,2,0,0,0,0,4,0,0,0,0,1,10,2,0,0,18,0,0,,player.fcgi?id=radel-000gus
Trent Schoeberl,19,2020,Minnesota,Big Ten,2,0,1,2.75,5,3,,0,0,0,19.2,13,8,6,0,8,0,17,5,0,2,82,1.068,5.9,0,3.7,7.8,2.13,,player.fcgi?id=schoeb000tre
Bennett Theisen,19,2020,Minnesota,Big Ten,0,0,,13.5,3,0,,0,0,0,4,7,6,6,1,4,0,4,1,0,0,24,2.75,15.8,2.3,9,9,1,,player.fcgi?id=theise000ben
Sam Thoresen,21,2020,Minnesota,Big Ten,0,1,0,7.71,5,2,,0,0,1,9.1,6,8,8,1,18,0,19,0,0,2,51,2.571,5.8,1,17.4,18.3,1.06,,player.fcgi?id=thores000sam
Brett Bateman*,19,2021,Minnesota,Big Ten,0,0,,108,1,0,,0,0,0,0.1,0,4,4,0,4,0,1,0,0,1,5,12,0,0,108,27,0.25,,player.fcgi?id=batema000bre
Nolan Burchill,--,2021,Minnesota,Big Ten,1,1,0.5,11.65,10,1,,0,0,0,17,31,23,22,3,8,0,12,4,3,2,92,2.294,16.4,1.6,4.2,6.4,1.5,,player.fcgi?id=burchi000nol
Josh Culliver,22,2021,Minnesota,Big Ten,0,2,0,6.27,11,1,,0,0,0,18.2,19,17,13,2,11,1,19,5,0,2,91,1.607,9.2,1,5.3,9.2,1.73,,player.fcgi?id=culliv000jos
Drake Davis,22,2021,Minnesota,Big Ten,0,0,,8.62,12,0,,0,0,1,15.2,18,16,15,0,27,0,19,1,0,6,93,2.872,10.3,0,15.5,10.9,0.7,,player.fcgi?id=davis-000dra
Noah DeLuga*,19,2021,Minnesota,Big Ten,0,3,0,11.45,10,1,,0,0,0,22,36,37,28,7,19,2,17,5,1,3,128,2.5,14.7,2.9,7.8,7,0.89,,player.fcgi?id=deluga000noa
Ryan Duffy*,22,2021,Minnesota,Big Ten,1,5,0.167,7.52,14,0,,0,0,1,20.1,18,20,17,1,22,1,25,5,1,4,106,1.967,8,0.4,9.7,11.1,1.14,,player.fcgi?id=duffy-002rya
Patrick Fredrickson,22,2021,Minnesota,Big Ten,0,2,0,12.42,12,1,,0,0,0,16.2,17,25,23,2,23,1,18,5,0,5,92,2.4,9.2,1.1,12.4,9.7,0.78,,player.fcgi?id=fredri000pat
Drew Hmielewski,23,2021,Minnesota,Big Ten,0,0,,4.5,5,0,,0,0,0,10,16,7,5,1,5,0,11,0,0,2,50,2.1,14.4,0.9,4.5,9.9,2.2,,player.fcgi?id=hmiele000dre
Bubba Horton*,22,2021,Minnesota,Big Ten,0,0,,16.2,3,0,,0,0,0,3.1,6,6,6,1,1,0,4,1,0,3,17,2.1,16.2,2.7,2.7,10.8,4,,player.fcgi?id=horton000bub
Sam Ireland,20,2021,Minnesota,Big Ten,0,3,0,4.1,7,7,,0,0,0,37.1,35,23,17,7,16,0,35,3,0,3,163,1.366,8.4,1.7,3.9,8.4,2.19,,player.fcgi?id=irelan001sam
Danny Kapala*,22,2021,Minnesota,Big Ten,0,0,,14.21,8,0,,0,0,0,6.1,9,11,10,1,6,0,3,4,0,0,37,2.368,12.8,1.4,8.5,4.3,0.5,,player.fcgi?id=kapala002dan
Jack Liffrig*,21,2021,Minnesota,Big Ten,2,4,0.333,4.36,11,11,,0,0,0,64,68,38,31,8,20,0,43,5,0,4,281,1.375,9.6,1.1,2.8,6,2.15,,player.fcgi?id=liffri000jac
J.P. Massey,21,2021,Minnesota,Big Ten,0,4,0,10.8,9,4,,0,0,0,20,24,30,24,1,33,0,22,4,0,10,121,2.85,10.8,0.5,14.9,9.9,0.67,,player.fcgi?id=massey000jp-
Gus Radel,21,2021,Minnesota,Big Ten,0,0,,6.75,2,0,,0,0,0,1.1,1,1,1,0,1,0,1,0,0,0,6,1.5,6.8,0,6.8,6.8,1,,player.fcgi?id=radel-000gus
Trent Schoeberl,20,2021,Minnesota,Big Ten,0,4,0,11.32,9,6,,0,0,0,20.2,28,33,26,4,15,0,11,9,0,4,115,2.081,12.2,1.7,6.5,4.8,0.73,,player.fcgi?id=schoeb000tre
Tom Skoro*,23,2021,Minnesota,Big Ten,2,3,0.4,7.83,13,5,,0,0,0,33.1,51,32,29,9,18,1,25,8,0,5,172,2.07,13.8,2.4,4.9,6.8,1.39,,player.fcgi?id=skoro-000tom
Bennett Theisen,20,2021,Minnesota,Big Ten,0,0,,15.88,6,0,,0,0,0,5.2,14,10,10,2,8,0,5,2,1,2,41,3.882,22.2,3.2,12.7,7.9,0.63,,player.fcgi?id=theise000ben
Chase Becker,19,2022,Minnesota,Big Ten,0,0,,10.13,3,0,,0,0,0,2.2,3,3,3,0,5,0,0,1,0,0,16,3,10.1,0,16.9,0,0,,player.fcgi?id=becker004cha
Seth Clausen,19,2022,Minnesota,Big Ten,0,0,,8.31,14,0,,0,0,0,17.1,26,16,16,0,15,0,16,2,0,2,93,2.365,13.5,0,7.8,8.3,1.07,,player.fcgi?id=clause000set
Josh Culliver,23,2022,Minnesota,Big Ten,2,1,0.667,4.87,21,0,,0,0,0,20.1,18,14,11,3,11,0,20,4,0,5,97,1.426,8,1.3,4.9,8.9,1.82,,player.fcgi?id=culliv000jos
Randon Dauman,22,2022,Minnesota,Big Ten,0,0,,8.59,10,0,,0,0,0,7.1,7,7,7,1,12,1,9,6,0,1,45,2.591,8.6,1.2,14.7,11,0.75,,player.fcgi?id=dauman000ran
Noah DeLuga*,20,2022,Minnesota,Big Ten,1,1,0.5,12.67,17,0,,0,0,0,16.1,24,23,23,1,14,1,19,3,0,2,91,2.327,13.2,0.6,7.7,10.5,1.36,,player.fcgi?id=deluga000noa
Michael Gurka,20,2022,Minnesota,Big Ten,0,0,,0,3,0,,0,0,0,2.1,0,0,0,0,5,0,3,0,0,2,12,2.143,0,0,19.3,11.6,0.6,,player.fcgi?id=gurka-000mic
Dawson Hall*,19,2022,Minnesota,Big Ten,0,0,,21.6,3,0,,0,0,0,1.2,4,4,4,0,5,0,3,0,0,0,14,5.4,21.6,0,27,16.2,0.6,,player.fcgi?id=hall--001daw
Richie Holetz,22,2022,Minnesota,Big Ten,0,3,0,7.41,14,3,,0,0,1,34,41,37,28,4,14,0,29,6,1,4,164,1.618,10.9,1.1,3.7,7.7,2.07,,player.fcgi?id=holetz000ric
Sam Ireland,21,2022,Minnesota,Big Ten,4,5,0.444,5.27,14,13,,0,0,0,71.2,74,46,42,10,38,0,80,10,1,4,332,1.563,9.3,1.3,4.8,10,2.11,,player.fcgi?id=irelan001sam
George Klassen,20,2022,Minnesota,Big Ten,0,2,0,14.09,11,4,,0,0,0,7.2,6,14,12,0,14,0,8,7,0,3,50,2.609,7,0,16.4,9.4,0.57,,player.fcgi?id=klasse000geo
Jack Liffrig*,22,2022,Minnesota,Big Ten,1,4,0.2,9,14,3,,0,0,1,29,39,31,29,5,4,0,22,4,0,1,133,1.483,12.1,1.6,1.2,6.8,5.5,,player.fcgi?id=liffri000jac
Aidan Maldonado,22,2022,Minnesota,Big Ten,2,3,0.4,3.91,14,13,,0,0,0,73.2,63,33,32,6,35,0,90,7,1,4,319,1.33,7.7,0.7,4.3,11,2.57,,player.fcgi?id=maldon000aid
Sam Malec,19,2022,Minnesota,Big Ten,0,0,,9.88,10,0,,0,0,0,13.2,24,18,15,2,8,0,9,3,0,3,74,2.341,15.8,1.3,5.3,5.9,1.13,,player.fcgi?id=malec-000sam
J.P. Massey,22,2022,Minnesota,Big Ten,2,8,0.2,6.52,14,12,,0,0,0,59.1,64,53,43,5,39,0,63,6,0,12,289,1.736,9.7,0.8,5.9,9.6,1.62,,player.fcgi?id=massey000jp-
Tucker Novotny*,19,2022,Minnesota,Big Ten,1,1,0.5,3.86,6,1,,0,0,0,14,14,7,6,2,6,0,14,0,0,0,63,1.429,9,1.3,3.9,9,2.33,,player.fcgi?id=novotn000tuc
Noah Rooney*,19,2022,Minnesota,Big Ten,0,0,,6.33,16,0,,0,0,0,21.1,24,15,15,2,11,1,18,4,1,1,101,1.641,10.1,0.8,4.6,7.6,1.64,,player.fcgi?id=rooney000noa
Trent Schoeberl,21,2022,Minnesota,Big Ten,0,2,0,9.82,5,2,,0,0,0,7.1,9,8,8,1,5,0,3,1,0,0,39,1.909,11,1.2,6.1,3.7,0.6,,player.fcgi?id=schoeb000tre
Will Semb,20,2022,Minnesota,Big Ten,1,5,0.167,9.51,23,0,,0,0,2,23.2,32,25,25,0,19,3,28,3,0,5,122,2.155,12.2,0,7.2,10.6,1.47,,player.fcgi?id=semb--000wil
Tom Skoro*,24,2022,Minnesota,Big Ten,1,1,0.5,4.5,27,1,,0,0,1,32,35,18,16,5,10,0,34,6,0,2,146,1.406,9.8,1.4,2.8,9.6,3.4,,player.fcgi?id=skoro-000tom
Cam Blazek,23,2023,Minnesota,Big Ten,1,1,0.5,10.8,9,1,,0,0,1,13.1,27,19,16,3,9,1,8,1,0,4,77,2.7,18.2,2,6.1,5.4,0.89,,player.fcgi?id=blazek000cam
Caden Capomaccio,19,2023,Minnesota,Big Ten,1,3,0.25,10.55,11,1,,0,0,0,21.1,25,27,25,4,14,0,15,7,0,4,106,1.828,10.5,1.7,5.9,6.3,1.07,,player.fcgi?id=capoma000cad
Seth Clausen,20,2023,Minnesota,Big Ten,2,1,0.667,7.01,22,0,,0,0,4,25.2,23,21,20,5,15,2,20,3,0,5,117,1.481,8.1,1.8,5.3,7,1.33,,player.fcgi?id=clause000set
Randon Dauman,23,2023,Minnesota,Big Ten,0,1,0,12.15,9,0,,0,0,0,6.2,7,9,9,1,7,0,4,3,0,3,36,2.1,9.5,1.4,9.5,5.4,0.57,,player.fcgi?id=dauman000ran
Noah DeLuga*,21,2023,Minnesota,Big Ten,0,1,0,10.59,13,0,,0,0,1,17,23,24,20,2,21,2,17,5,0,5,99,2.588,12.2,1.1,11.1,9,0.81,,player.fcgi?id=deluga000noa
Michael Gurka,21,2023,Minnesota,Big Ten,0,0,,13.5,4,0,,0,0,0,2,3,3,3,0,3,0,1,2,0,0,14,3,13.5,0,13.5,4.5,0.33,,player.fcgi?id=gurka-000mic
Joe Hauser,22,2023,Minnesota,Big Ten,0,0,,4.66,5,0,,0,0,0,9.2,8,7,5,1,4,1,8,2,0,2,44,1.241,7.4,0.9,3.7,7.4,2,,player.fcgi?id=hauser001joe
Kris Hokenson*,19,2023,Minnesota,Big Ten,0,1,0,7.88,5,0,,0,0,0,8,13,7,7,0,1,0,2,2,0,0,38,1.75,14.6,0,1.1,2.3,2,,player.fcgi?id=hokens000kri
Richie Holetz,23,2023,Minnesota,Big Ten,2,5,0.286,5.14,14,11,,0,0,1,70,71,48,40,8,22,1,56,11,1,9,311,1.329,9.1,1,2.8,7.2,2.55,,player.fcgi?id=holetz000ric
George Klassen,21,2023,Minnesota,Big Ten,1,7,0.125,5.72,14,13,,0,0,0,56.2,49,40,36,3,47,2,49,8,0,15,263,1.694,7.8,0.5,7.5,7.8,1.04,,player.fcgi?id=klasse000geo
Sam Malec,20,2023,Minnesota,Big Ten,0,4,0,7.48,7,5,,0,0,0,27.2,35,30,23,6,10,0,14,10,0,3,135,1.627,11.4,2,3.3,4.6,1.4,,player.fcgi?id=malec-000sam
Tucker Novotny*,20,2023,Minnesota,Big Ten,4,5,0.444,5.03,14,14,,0,0,0,73.1,69,46,41,9,39,0,80,7,0,8,329,1.473,8.5,1.1,4.8,9.8,2.05,,player.fcgi?id=novotn000tuc
Noah Rooney*,20,2023,Minnesota,Big Ten,3,0,1,3.29,18,0,,0,0,0,38.1,35,20,14,2,16,2,26,3,0,3,171,1.33,8.2,0.5,3.8,6.1,1.63,,player.fcgi?id=rooney000noa
Trent Schoeberl,22,2023,Minnesota,Big Ten,0,0,,22.5,3,0,,0,0,0,2,5,5,5,0,1,0,1,4,0,0,16,3,22.5,0,4.5,4.5,1,,player.fcgi?id=schoeb000tre
Ben Shepard,23,2023,Minnesota,Big Ten,2,2,0.5,4.69,11,7,,0,0,0,48,51,33,25,5,17,1,37,7,0,5,217,1.417,9.6,0.9,3.2,6.9,2.18,,player.fcgi?id=shepar000ben
Connor Wietgrefe*,21,2023,Minnesota,Big Ten,2,3,0.4,3.83,22,0,,0,0,5,44.2,33,22,19,4,20,1,58,9,0,2,194,1.187,6.6,0.8,4,11.7,2.9,,player.fcgi?id=wietgr000con
Nick Argento,21,2024,Minnesota,Big Ten,0,1,0,3,6,3,,0,0,0,12,12,12,4,1,6,0,10,6,0,2,59,1.5,9,0.8,4.5,7.5,1.67,,player.fcgi?id=argent000nic
Caden Capomaccio,20,2024,Minnesota,Big Ten,1,0,1,4.26,15,0,,0,0,0,19,17,9,9,1,12,0,26,4,0,4,85,1.526,8.1,0.5,5.7,12.3,2.17,,player.fcgi?id=capoma000cad
Seth Clausen,21,2024,Minnesota,Big Ten,1,2,0.333,3.75,18,0,,0,0,1,24,30,13,10,1,20,1,31,1,0,5,120,2.083,11.3,0.4,7.5,11.6,1.55,,player.fcgi?id=clause000set
Noah DeLuga*,22,2024,Minnesota,Big Ten,0,0,,7.2,6,0,,0,0,0,5,6,5,4,0,7,0,5,1,0,4,29,2.6,10.8,0,12.6,9,0.71,,player.fcgi?id=deluga000noa
Tommy Gross,22,2024,Minnesota,Big Ten,4,2,0.667,9.24,17,2,,0,0,1,25.1,26,28,26,1,28,1,24,11,1,7,141,2.132,9.2,0.4,9.9,8.5,0.86,,player.fcgi?id=gross-000tho
Tyler Hemmesch,19,2024,Minnesota,Big Ten,1,0,1,4,15,1,,0,0,0,27,19,16,12,2,14,0,25,8,1,4,119,1.222,6.3,0.7,4.7,8.3,1.79,,player.fcgi?id=hemmes000tyl
Sam Kennedy,20,2024,Minnesota,Big Ten,2,0,1,2.45,8,1,,0,0,0,14.2,11,5,4,0,8,0,18,2,0,1,64,1.295,6.8,0,4.9,11,2.25,,player.fcgi?id=kenned002sam
Tucker Novotny*,21,2024,Minnesota,Big Ten,2,5,0.286,6.75,15,14,,0,0,0,52,62,47,39,7,26,0,62,11,0,7,253,1.692,10.7,1.2,4.5,10.7,2.38,,player.fcgi?id=novotn000tuc
Kyle Remington,20,2024,Minnesota,Big Ten,0,1,0,5.74,20,0,,0,0,1,42.1,52,27,27,3,11,1,37,5,0,4,193,1.488,11.1,0.6,2.3,7.9,3.36,,player.fcgi?id=reming000kyl
Will Semb,22,2024,Minnesota,Big Ten,1,5,0.167,7.54,14,14,,0,0,0,65.2,83,66,55,11,32,0,73,10,0,14,326,1.751,11.4,1.5,4.4,10,2.28,,player.fcgi?id=semb--000wil
Justin Thorsteinson*,22,2024,Minnesota,Big Ten,4,3,0.571,3.38,18,0,,0,0,1,37.1,35,17,14,4,27,0,33,5,0,2,174,1.661,8.4,1,6.5,8,1.22,,player.fcgi?id=thorst000jus
Will Whelan*,19,2024,Minnesota,Big Ten,1,0,1,7.23,17,0,,0,0,1,18.2,13,15,15,3,19,0,26,5,0,6,91,1.714,6.3,1.4,9.2,12.5,1.37,,player.fcgi?id=whelan000wil
Connor Wietgrefe*,22,2024,Minnesota,Big Ten,8,4,0.667,2.77,15,13,,1,0,0,78,81,35,24,1,26,0,74,9,1,6,344,1.372,9.3,0.1,3,8.5,2.85,,player.fcgi?id=wietgr000con
Nick Argento,22,2025,Minnesota,Big Ten,0,0,,16.2,6,3,,0,0,0,8.1,12,15,15,1,14,0,2,5,0,2,52,3.12,13,1.1,15.1,2.2,0.14,,player.fcgi?id=argent000nic
Caden Capomaccio,21,2025,Minnesota,Big Ten,0,0,,11.57,4,0,,0,0,0,7,9,9,9,2,0,0,5,4,1,0,33,1.286,11.6,2.6,0,6.4,,,player.fcgi?id=capoma000cad
Seth Clausen,22,2025,Minnesota,Big Ten,0,2,0,4.96,23,0,,0,0,3,32.2,26,23,18,3,27,0,46,5,0,8,156,1.622,7.2,0.8,7.4,12.7,1.7,,player.fcgi?id=clause000set
Jonathan Dobis,19,2025,Minnesota,Big Ten,0,0,,12.46,6,0,,0,0,0,8.2,11,12,12,1,9,0,4,2,0,1,48,2.308,11.4,1,9.3,4.2,0.44,,player.fcgi?id=dobis-000jon
Tyler Hemmesch,20,2025,Minnesota,Big Ten,3,0,1,3.86,16,3,,0,0,0,32.2,25,17,14,0,22,0,23,7,0,4,144,1.439,6.9,0,6.1,6.3,1.05,,player.fcgi?id=hemmes000tyl
Kris Hokenson*,21,2025,Minnesota,Big Ten,0,0,,27,1,0,,0,0,0,0.1,2,1,1,0,1,0,0,0,0,0,4,9,54,0,27,0,0,,player.fcgi?id=hokens000kri
Kyle Remington,21,2025,Minnesota,Big Ten,2,6,0.25,4.76,15,14,,0,0,0,64.1,74,42,34,12,26,0,51,1,0,2,297,1.554,10.4,1.7,3.6,7.1,1.96,,player.fcgi?id=reming000kyl
Easton Richter,21,2025,Minnesota,Big Ten,0,0,,0,1,0,,0,0,0,0.1,1,0,0,0,1,0,1,0,0,0,3,6,27,0,27,27,1,,player.fcgi?id=richte000eas
Noah Rooney*,22,2025,Minnesota,Big Ten,4,1,0.8,2.94,22,1,,0,0,4,49,52,20,16,4,13,2,36,2,0,2,210,1.327,9.6,0.7,2.4,6.6,2.77,,player.fcgi?id=rooney000noa
Luke Ryerse,18,2025,Minnesota,Big Ten,0,4,0,11.22,10,5,,0,0,0,21.2,32,28,27,4,13,0,23,4,0,5,116,2.077,13.3,1.7,5.4,9.6,1.77,,player.fcgi?id=ryerse000luk
Cole Selvig,20,2025,Minnesota,Big Ten,2,4,0.333,5.44,9,9,,0,0,0,44.2,57,34,27,5,18,0,39,5,0,6,209,1.679,11.5,1,3.6,7.9,2.17,,player.fcgi?id=selvig000col
Joe Sperry,21,2025,Minnesota,Big Ten,4,2,0.667,5.27,20,5,,0,0,1,56.1,55,35,33,9,13,0,39,10,1,1,243,1.207,8.8,1.4,2.1,6.2,3,,player.fcgi?id=sperry000joe
Eli Sundquist,24,2025,Minnesota,Big Ten,4,1,0.8,2.97,18,0,,0,0,1,30.1,25,10,10,3,20,0,41,2,0,7,136,1.484,7.4,0.9,5.9,12.2,2.05,,player.fcgi?id=sundqu000eli
Justin Thorsteinson*,23,2025,Minnesota,Big Ten,3,3,0.5,5.91,14,11,,0,0,0,42.2,50,34,28,7,17,0,36,4,0,2,198,1.57,10.5,1.5,3.6,7.6,2.12,,player.fcgi?id=thorst000jus
Adam Urban,19,2025,Minnesota,Big Ten,2,1,0.667,9.82,11,0,,0,0,0,14.2,25,17,16,7,7,1,14,6,0,0,79,2.182,15.3,4.3,4.3,8.6,2,,player.fcgi?id=urban-000ada
Will Whelan*,20,2025,Minnesota,Big Ten,0,3,0,6.75,20,1,,0,0,3,40,41,35,30,3,23,0,39,10,1,5,192,1.6,9.2,0.7,5.2,8.8,1.7,,player.fcgi?id=whelan000wil
Caden Capomaccio,22,2026,Minnesota,Big Ten,3,0,1,3.66,13,0,,0,0,0,19.2,14,9,8,1,9,0,15,3,0,2,82,1.169,6.4,0.5,4.1,6.9,1.67,,player.fcgi?id=capoma000cad
Jonathan Dobis,20,2026,Minnesota,Big Ten,0,0,,1.29,5,3,,0,0,0,7,2,2,1,0,5,0,4,0,0,1,28,1,2.6,0,6.4,5.1,0.8,,player.fcgi?id=dobis-000jon
Ethan Felling*,19,2026,Minnesota,Big Ten,0,0,,19.29,4,0,,0,0,0,2.1,4,6,5,0,4,0,6,3,0,0,18,3.429,15.4,0,15.4,23.1,1.5,,player.fcgi?id=fellin000eth
Ben Gregory,21,2026,Minnesota,Big Ten,0,1,0,4.74,16,4,,0,1,2,38,42,21,20,3,12,0,35,8,0,3,167,1.421,9.9,0.7,2.8,8.3,2.92,,player.fcgi?id=gregor002ben
Tyler Hemmesch,21,2026,Minnesota,Big Ten,2,2,0.5,9,17,0,,0,0,0,19,23,19,19,2,6,0,24,6,0,0,89,1.526,10.9,0.9,2.8,11.4,4,,player.fcgi?id=hemmes000tyl
Brandon Jaenke,23,2026,Minnesota,Big Ten,2,3,0.4,4.08,22,0,,0,0,4,28.2,23,14,13,3,14,0,30,3,0,3,127,1.291,7.2,0.9,4.4,9.4,2.14,,player.fcgi?id=jaenke000bra
Josh Kirchhoff,22,2026,Minnesota,Big Ten,1,0,1,1.65,12,0,,0,0,0,16.1,15,3,3,1,7,0,8,2,0,1,69,1.347,8.3,0.6,3.9,4.4,1.14,,player.fcgi?id=kirchh000jos
Eli Kokenge,19,2026,Minnesota,Big Ten,0,0,,9,5,0,,0,0,0,6,9,10,6,3,5,0,4,1,0,1,35,2.333,13.5,4.5,7.5,6,0.8,,player.fcgi?id=kokeng000eli
Marcus Kruzan,21,2026,Minnesota,Big Ten,3,5,0.375,4.1,14,12,,0,0,0,52.2,41,28,24,4,16,0,54,4,2,3,220,1.082,7,0.7,2.7,9.2,3.38,,player.fcgi?id=kruzan000mar
Isaac Morton,21,2026,Minnesota,Big Ten,4,2,0.667,3.26,13,13,,0,1,0,60.2,46,28,22,6,25,0,63,12,1,5,261,1.17,6.8,0.9,3.7,9.3,2.52,,player.fcgi?id=morton000isa
Nate O'Donnell,19,2026,Minnesota,Big Ten,2,0,1,10.13,5,0,,0,0,0,5.1,3,6,6,1,3,0,3,3,0,0,25,1.125,5.1,1.7,5.1,5.1,1,,player.fcgi?id=odonne001nat
Luke Ryerse,19,2026,Minnesota,Big Ten,0,2,0,4.26,15,4,,0,0,1,25.1,17,13,12,4,18,0,24,3,0,5,113,1.382,6,1.4,6.4,8.5,1.33,,player.fcgi?id=ryerse000luk
Cole Selvig,21,2026,Minnesota,Big Ten,5,4,0.556,5.21,14,14,,0,0,0,67.1,70,42,39,9,23,0,58,6,2,8,292,1.381,9.4,1.2,3.1,7.8,2.52,,player.fcgi?id=selvig000col
Joe Sperry,22,2026,Minnesota,Big Ten,4,3,0.571,2.87,24,0,,0,0,1,47,41,16,15,5,13,1,51,4,0,4,196,1.149,7.9,1,2.5,9.8,3.92,,player.fcgi?id=sperry000joe
Adam Urban,20,2026,Minnesota,Big Ten,2,1,0.667,5.12,21,1,,0,0,1,31.2,33,20,18,4,18,2,46,5,0,2,149,1.611,9.4,1.1,5.1,13.1,2.56,,player.fcgi?id=urban-000ada
Will Whelan*,21,2026,Minnesota,Big Ten,0,0,,6.19,12,0,,0,0,0,16,17,12,11,2,6,0,19,5,0,6,73,1.438,9.6,1.1,3.4,10.7,3.17,,player.fcgi?id=whelan000wil
Logan Winkelman*,22,2026,Minnesota,Big Ten,1,0,1,2.53,9,2,,0,0,0,10.2,8,4,3,0,6,0,16,1,0,0,45,1.313,6.8,0,5.1,13.5,2.67,,player.fcgi?id=winkel000log
Chase Adams?,--,2011,Nebraska,Big Ten,,,,4,,0,,,0,,9,10,5,4,,5,,5,,,,,1.667,10,,5,5,1,,player.fcgi?id=adams-016cha
Cory Burleson?,--,2011,Nebraska,Big Ten,,,,,,0,,,0,,0,0,0,0,,0,,0,,,,,,,,,,,,player.fcgi?id=burles000cor
Nick Dolsky,20,2011,Nebraska,Big Ten,,,,0.87,,0,,,0,,10.1,3,1,1,,6,,10,,,,,0.871,2.6,,5.2,8.7,1.67,,player.fcgi?id=dolsky000nic
Logan Ehlers*,19,2011,Nebraska,Big Ten,,,,4.2,,5,,,0,,30,32,23,14,,15,,20,,,,,1.567,9.6,,4.5,6,1.33,,player.fcgi?id=ehlers001log
Matt Freeman?,--,2011,Nebraska,Big Ten,,,,4.72,,10,,,0,,61,63,33,32,,13,,56,,,,,1.246,9.3,,1.9,8.3,4.31,,player.fcgi?id=freema004mat
Ryan Hander,20,2011,Nebraska,Big Ten,,,,4.35,,0,,,0,,10.1,7,5,5,,5,,6,,,,,1.161,6.1,,4.4,5.2,1.2,,player.fcgi?id=hander001rya
Casey Hauptman,22,2011,Nebraska,Big Ten,,,,2.43,,0,,,0,,63,62,22,17,,3,,57,,,,,1.032,8.9,,0.4,8.1,19,,player.fcgi?id=hauptm000cas
Zach Hirsch*,20,2011,Nebraska,Big Ten,,,,1.86,,0,,,0,,19.1,15,4,4,,11,,13,,,,,1.345,7,,5.1,6.1,1.18,,player.fcgi?id=hirsch000zac
Jon Keller?,--,2011,Nebraska,Big Ten,,,,3.53,,14,,,0,,66.1,69,35,26,,37,,54,,,,,1.598,9.4,,5,7.3,1.46,,player.fcgi?id=keller004jon
Tyler King*,19,2011,Nebraska,Big Ten,,,,2.14,,0,,,0,,21,10,9,5,,18,,16,,,,,1.333,4.3,,7.7,6.9,0.89,,player.fcgi?id=king--000tyl
Tyler Lansangan?,--,2011,Nebraska,Big Ten,,,,0,,0,,,0,,2.1,0,0,0,,0,,1,,,,,0,0,,0,3.9,,,player.fcgi?id=lansan000tyl
Tom Lemke,20,2011,Nebraska,Big Ten,,,,5.29,,5,,,0,,34,42,25,20,,17,,27,,,,,1.735,11.1,,4.5,7.1,1.59,,player.fcgi?id=lemke-001tom
Tyler Niederklein?,--,2011,Nebraska,Big Ten,,,,4.17,,13,,,0,,69,65,32,32,,29,,50,,,,,1.362,8.5,,3.8,6.5,1.72,,player.fcgi?id=nieder000tyl
Brandon Pierce,19,2011,Nebraska,Big Ten,,,,3.94,,3,,,0,,32,31,18,14,,18,,32,,,,,1.531,8.7,,5.1,9,1.78,,player.fcgi?id=pierce001bra
Josh Scheffert,19,2011,Nebraska,Big Ten,,,,,,0,,,0,,0,1,0,0,,0,,0,,,,,,,,,,,,player.fcgi?id=scheff000jos
Khris Tate?,--,2011,Nebraska,Big Ten,,,,2.25,,0,,,0,,4,2,1,1,,3,,1,,,,,1.25,4.5,,6.8,2.3,0.33,,player.fcgi?id=tate--000khr
Dylan Vogt?,--,2011,Nebraska,Big Ten,,,,3.83,,3,,,0,,47,41,26,20,,20,,30,,,,,1.298,7.9,,3.8,5.7,1.5,,player.fcgi?id=vogt--000dyl
Chris Williams?,--,2011,Nebraska,Big Ten,,,,4.5,,0,,,0,,2,3,1,1,,0,,0,,,,,1.5,13.5,,0,0,,,player.fcgi?id=willia021chr
Sean Yost,22,2011,Nebraska,Big Ten,,,,8.49,,2,,,0,,23.1,42,22,22,,6,,11,,,,,2.057,16.2,,2.3,4.2,1.83,,player.fcgi?id=yost--001sea
Luke Bublitz?,--,2012,Nebraska,Big Ten,2,1,0.667,6.15,21,0,,,0,1,26.1,37,19,18,3,7,0,19,4,0,2,121,1.671,12.6,1,2.4,6.5,2.71,,player.fcgi?id=bublit000luk
Aaron Bummer*,18,2012,Nebraska,Big Ten,1,0,1,3.26,20,0,,,0,0,19.1,16,8,7,0,10,0,22,4,0,1,88,1.345,7.4,0,4.7,10.2,2.2,,player.fcgi?id=bummer000aar
Ryan Hander,21,2012,Nebraska,Big Ten,3,0,1,2.97,16,4,,,0,0,33.1,29,11,11,1,10,1,25,2,0,2,137,1.17,7.8,0.3,2.7,6.8,2.5,,player.fcgi?id=hander001rya
Zach Hirsch*,21,2012,Nebraska,Big Ten,4,5,0.444,5.52,14,13,,,0,0,60.1,80,39,37,7,14,0,32,3,0,0,266,1.558,11.9,1,2.1,4.8,2.29,,player.fcgi?id=hirsch000zac
Travis Huber,22,2012,Nebraska,Big Ten,1,2,0.333,3.32,20,0,,,0,7,21.2,25,11,8,0,10,1,17,0,0,1,99,1.615,10.4,0,4.2,7.1,1.7,,player.fcgi?id=huber-001tra
Jon Keller?,--,2012,Nebraska,Big Ten,4,1,0.8,5.37,13,10,,,0,0,52,66,41,31,3,25,0,33,9,1,2,250,1.75,11.4,0.5,4.3,5.7,1.32,,player.fcgi?id=keller004jon
Tyler King*,20,2012,Nebraska,Big Ten,2,1,0.667,5.4,27,2,,,0,0,28.1,27,26,17,2,18,1,21,5,0,6,138,1.588,8.6,0.6,5.7,6.7,1.17,,player.fcgi?id=king--000tyl
Kyle Kubat*,19,2012,Nebraska,Big Ten,5,1,0.833,2.63,15,8,,,0,0,51.1,56,18,15,1,19,0,31,4,0,1,225,1.461,9.8,0.2,3.3,5.4,1.63,,player.fcgi?id=kubat-000kyl
Tom Lemke,21,2012,Nebraska,Big Ten,4,4,0.5,4.57,14,8,,,0,0,45.1,64,26,23,1,10,1,20,4,0,0,208,1.632,12.7,0.2,2,4,2,,player.fcgi?id=lemke-001tom
Tyler Niederklein?,--,2012,Nebraska,Big Ten,2,2,0.5,7.11,19,2,,,0,1,38,48,30,30,4,14,0,19,4,1,3,173,1.632,11.4,0.9,3.3,4.5,1.36,,player.fcgi?id=nieder000tyl
Brandon Pierce,20,2012,Nebraska,Big Ten,5,4,0.556,4.21,23,6,,,0,2,57.2,55,34,27,2,37,0,35,3,0,5,265,1.595,8.6,0.3,5.8,5.5,0.95,,player.fcgi?id=pierce001bra
Dexter Spitsnogle?,--,2012,Nebraska,Big Ten,0,1,0,4.87,8,5,,,0,0,20.1,22,12,11,3,6,0,14,3,0,1,91,1.377,9.7,1.3,2.7,6.2,2.33,,player.fcgi?id=spitsn000dex
Jeff Stovall?,--,2012,Nebraska,Big Ten,0,0,,8.68,10,0,,,0,0,9.1,20,10,9,0,5,0,6,2,0,3,54,2.679,19.3,0,4.8,5.8,1.2,,player.fcgi?id=stoval001jef
Dylan Vogt?,--,2012,Nebraska,Big Ten,2,1,0.667,1.84,25,0,,,0,2,53.2,46,15,11,0,14,1,34,3,0,2,219,1.118,7.7,0,2.3,5.7,2.43,,player.fcgi?id=vogt--000dyl
Luke Bublitz?,--,2013,Nebraska,Big Ten,4,1,0.8,4.67,24,1,,,0,0,34.2,42,20,18,0,14,0,26,3,0,2,161,1.615,10.9,0,3.6,6.8,1.86,,player.fcgi?id=bublit000luk
Aaron Bummer*,19,2013,Nebraska,Big Ten,3,1,0.75,2.5,16,8,,,0,1,50.1,40,17,14,0,22,0,32,8,0,4,213,1.232,7.2,0,3.9,5.7,1.45,,player.fcgi?id=bummer000aar
Jeff Chesnut?,--,2013,Nebraska,Big Ten,2,1,0.667,5.96,16,2,,,0,0,25.2,23,20,17,1,18,2,12,6,0,2,120,1.597,8.1,0.4,6.3,4.2,0.67,,player.fcgi?id=chesnu000jef
Christian DeLeon,21,2013,Nebraska,Big Ten,7,4,0.636,3.21,14,14,,,0,0,92.2,101,34,33,6,15,0,46,7,0,6,389,1.252,9.8,0.6,1.5,4.5,3.07,,player.fcgi?id=deleon002chr
Ryan Hander,22,2013,Nebraska,Big Ten,0,2,0,6.16,16,8,,,0,0,49.2,55,35,34,4,18,0,41,10,0,4,221,1.47,10,0.7,3.3,7.4,2.28,,player.fcgi?id=hander001rya
Caleb Hawkins,21,2013,Nebraska,Big Ten,0,1,0,8.68,15,0,,,0,0,9.1,13,9,9,0,3,0,6,5,0,4,49,1.714,12.5,0,2.9,5.8,2,,player.fcgi?id=hawkin000cal
Zach Hirsch*,22,2013,Nebraska,Big Ten,3,2,0.6,4.78,11,1,,,0,0,26.1,31,16,14,1,6,0,19,3,0,2,115,1.405,10.6,0.3,2.1,6.5,3.17,,player.fcgi?id=hirsch000zac
Michael Hoppes?,--,2013,Nebraska,Big Ten,1,1,0.5,14.63,10,0,,,0,0,8,14,13,13,1,4,0,2,5,1,0,46,2.25,15.8,1.1,4.5,2.3,0.5,,player.fcgi?id=hoppes000mic
Colton Howell,19,2013,Nebraska,Big Ten,0,1,0,10.13,11,0,,,0,0,10.2,16,15,12,0,12,0,9,1,0,2,61,2.625,13.5,0,10.1,7.6,0.75,,player.fcgi?id=howell000col
Tyler King*,21,2013,Nebraska,Big Ten,1,4,0.2,11.74,16,2,,,0,0,15.1,29,21,20,2,10,0,10,9,0,2,91,2.543,17,1.2,5.9,5.9,1,,player.fcgi?id=king--000tyl
Kyle Kubat*,20,2013,Nebraska,Big Ten,5,0,1,1.81,8,8,,,0,0,49.2,36,12,10,1,14,0,25,4,0,5,194,1.007,6.5,0.2,2.5,4.5,1.79,,player.fcgi?id=kubat-000kyl
Tyler Niederklein?,--,2013,Nebraska,Big Ten,1,1,0.5,6.08,13,6,,,0,0,26.2,29,20,18,0,26,0,16,3,0,2,137,2.063,9.8,0,8.8,5.4,0.62,,player.fcgi?id=nieder000tyl
Brandon Pierce,21,2013,Nebraska,Big Ten,1,3,0.25,5.82,12,8,,,0,0,38.2,49,28,25,2,23,0,23,5,0,5,187,1.862,11.4,0.5,5.4,5.4,1,,player.fcgi?id=pierce001bra
Josh Roeder,20,2013,Nebraska,Big Ten,0,3,0,1.74,21,0,,,0,6,31,24,6,6,0,7,1,29,2,0,1,124,1,7,0,2,8.4,4.14,,player.fcgi?id=roeder000jos
Logan Thune?,--,2013,Nebraska,Big Ten,0,0,,9,1,0,,,0,0,1,3,1,1,0,0,0,0,0,0,0,6,3,27,0,0,0,,,player.fcgi?id=thune-000log
Dylan Vogt?,--,2013,Nebraska,Big Ten,1,5,0.167,4.71,30,1,,,0,8,57.1,67,34,30,3,15,3,25,5,0,0,255,1.43,10.5,0.5,2.4,3.9,1.67,,player.fcgi?id=vogt--000dyl
Luke Bublitz?,--,2014,Nebraska,Big Ten,0,0,,12.46,7,0,,,0,0,4.1,7,6,6,0,5,1,1,1,0,0,25,2.769,14.5,0,10.4,2.1,0.2,,player.fcgi?id=bublit000luk
Aaron Bummer*,20,2014,Nebraska,Big Ten,7,5,0.583,3.34,15,15,,,0,0,89,92,49,33,2,35,1,56,5,0,5,397,1.427,9.3,0.2,3.5,5.7,1.6,,player.fcgi?id=bummer000aar
Derek Burkamper,19,2014,Nebraska,Big Ten,0,1,0,8.59,5,1,,,0,0,7.1,14,8,7,0,1,0,3,1,0,0,36,2.045,17.2,0,1.2,3.7,3,,player.fcgi?id=burkam000der
Jeff Chesnut?,--,2014,Nebraska,Big Ten,0,1,0,3.24,15,0,,,0,0,16.2,22,11,6,0,15,0,7,1,0,4,88,2.22,11.9,0,8.1,3.8,0.47,,player.fcgi?id=chesnu000jef
Austin Christensen*,21,2014,Nebraska,Big Ten,3,0,1,4.95,11,3,,,0,0,20,20,12,11,0,4,0,11,1,0,2,84,1.2,9,0,1.8,5,2.75,,player.fcgi?id=christ000aus
Christian Cox*,22,2014,Nebraska,Big Ten,0,0,,5.4,2,0,,,0,0,1.2,1,1,1,0,3,0,1,0,0,0,9,2.4,5.4,0,16.2,5.4,0.33,,player.fcgi?id=cox---006chr
Christian DeLeon,22,2014,Nebraska,Big Ten,5,2,0.714,2.46,11,11,,,0,0,80.1,71,25,22,4,16,0,39,3,1,1,318,1.083,8,0.4,1.8,4.4,2.44,,player.fcgi?id=deleon002chr
Bob Greco?,--,2014,Nebraska,Big Ten,3,2,0.6,3.63,26,0,,,0,1,39.2,38,16,16,2,14,0,32,4,1,2,169,1.311,8.6,0.5,3.2,7.3,2.29,,player.fcgi?id=greco-000bob
Zach Hirsch*,23,2014,Nebraska,Big Ten,5,2,0.714,1.72,31,0,,,0,4,52.1,36,12,10,1,14,0,50,2,0,2,205,0.955,6.2,0.2,2.4,8.6,3.57,,player.fcgi?id=hirsch000zac
Jake Hohensee,20,2014,Nebraska,Big Ten,0,3,0,5.08,18,3,,,0,0,28.1,30,20,16,1,18,0,22,4,0,3,137,1.694,9.5,0.3,5.7,7,1.22,,player.fcgi?id=hohens000jak
Colton Howell,20,2014,Nebraska,Big Ten,1,0,1,4.12,11,0,,,0,0,19.2,24,12,9,0,10,0,18,1,0,1,93,1.729,11,0,4.6,8.2,1.8,,player.fcgi?id=howell000col
Tyler King*,22,2014,Nebraska,Big Ten,0,0,,36,4,0,,,0,0,2,3,8,8,1,6,0,1,2,0,0,16,4.5,13.5,4.5,27,4.5,0.17,,player.fcgi?id=king--000tyl
Max Knutson*,19,2014,Nebraska,Big Ten,0,0,,5.06,6,0,,,0,0,5.1,11,4,3,0,1,0,3,1,0,0,30,2.25,18.6,0,1.7,5.1,3,,player.fcgi?id=knutso000max
Kyle Kubat*,21,2014,Nebraska,Big Ten,5,2,0.714,4.55,12,12,,,0,0,57.1,57,32,29,3,22,0,34,7,1,1,248,1.378,8.9,0.5,3.5,5.3,1.55,,player.fcgi?id=kubat-000kyl
Ben Miller*,19,2014,Nebraska,Big Ten,0,1,0,10.8,5,1,,,0,0,8.1,14,10,10,2,2,0,5,2,0,1,41,1.92,15.1,2.2,2.2,5.4,2.5,,player.fcgi?id=miller004ben
Josh Roeder,21,2014,Nebraska,Big Ten,3,1,0.75,3.1,22,0,,,0,12,20.1,22,7,7,1,6,1,21,0,0,3,88,1.377,9.7,0.4,2.7,9.3,3.5,,player.fcgi?id=roeder000jos
Chance Sinclair?,--,2014,Nebraska,Big Ten,9,1,0.9,2.15,16,16,,,0,0,100.2,87,37,24,1,26,0,52,3,1,3,414,1.123,7.8,0.1,2.3,4.6,2,,player.fcgi?id=sincla000cha
Derek Burkamper,20,2015,Nebraska,Big Ten,5,3,0.625,3.84,12,12,,,0,0,65.2,69,29,28,5,17,0,44,4,0,2,283,1.31,9.5,0.7,2.3,6,2.59,,player.fcgi?id=burkam000der
Jeff Chesnut?,--,2015,Nebraska,Big Ten,6,0,1,2.72,31,0,,,0,0,43,39,14,13,3,9,0,25,3,0,4,173,1.116,8.2,0.6,1.9,5.2,2.78,,player.fcgi?id=chesnu000jef
Austin Christensen*,22,2015,Nebraska,Big Ten,0,0,,2.45,6,1,,,0,0,14.2,13,5,4,0,6,1,10,1,0,3,63,1.295,8,0,3.7,6.1,1.67,,player.fcgi?id=christ000aus
Reece Eddins,19,2015,Nebraska,Big Ten,0,0,,9.82,5,0,,,0,0,3.2,8,4,4,0,1,0,2,1,0,0,20,2.455,19.6,0,2.5,4.9,2,,player.fcgi?id=eddins000ree
Zack Engelken,19,2015,Nebraska,Big Ten,1,0,1,4.5,5,4,,,0,0,12,11,6,6,2,9,0,10,2,0,0,56,1.667,8.3,1.5,6.8,7.5,1.11,,player.fcgi?id=engelk000zac
Nate Fisher*,19,2015,Nebraska,Big Ten,0,0,,3.86,9,0,,,0,1,9.1,8,5,4,0,5,0,8,2,0,0,43,1.393,7.7,0,4.8,7.7,1.6,,player.fcgi?id=fisher000nat
Jake Hohensee,21,2015,Nebraska,Big Ten,1,0,1,2.08,12,0,,,0,0,17.1,10,4,4,2,6,1,14,1,0,1,68,0.923,5.2,1,3.1,7.3,2.33,,player.fcgi?id=hohens000jak
Colton Howell,21,2015,Nebraska,Big Ten,2,4,0.333,2.08,25,0,,,0,2,30.1,23,11,7,0,16,2,31,0,0,2,127,1.286,6.8,0,4.7,9.2,1.94,,player.fcgi?id=howell000col
Garett King,19,2015,Nebraska,Big Ten,4,1,0.8,3.55,16,8,,,0,0,50.2,51,22,20,2,13,2,25,2,0,4,208,1.263,9.1,0.4,2.3,4.4,1.92,,player.fcgi?id=king--003gar
Max Knutson*,20,2015,Nebraska,Big Ten,1,1,0.5,2.33,10,2,,,0,0,19.1,18,6,5,1,11,0,14,1,0,1,84,1.5,8.4,0.5,5.1,6.5,1.27,,player.fcgi?id=knutso000max
Kyle Kubat*,22,2015,Nebraska,Big Ten,4,5,0.444,2.97,15,15,,,0,0,94,102,36,31,3,15,1,63,6,0,1,395,1.245,9.8,0.3,1.4,6,4.2,,player.fcgi?id=kubat-000kyl
Jake McSteen*,19,2015,Nebraska,Big Ten,0,0,,0,3,0,,,0,0,2.2,2,0,0,0,1,0,3,0,0,0,11,1.125,6.8,0,3.4,10.1,3,,player.fcgi?id=mcstee000jak
Jake Meyers*,19,2015,Nebraska,Big Ten,3,1,0.75,2.38,16,0,,,0,1,34,31,11,9,2,9,1,29,1,0,0,142,1.176,8.2,0.5,2.4,7.7,3.22,,player.fcgi?id=meyers000jak
Ben Miller*,20,2015,Nebraska,Big Ten,0,0,,12,4,0,,,0,0,3,2,4,4,0,2,0,2,0,0,0,14,1.333,6,0,6,6,1,,player.fcgi?id=miller004ben
Josh Roeder,22,2015,Nebraska,Big Ten,1,1,0.5,3.15,20,0,,,0,15,20,14,7,7,1,3,0,28,0,0,0,76,0.85,6.3,0.5,1.4,12.6,9.33,,player.fcgi?id=roeder000jos
Chance Sinclair?,--,2015,Nebraska,Big Ten,6,7,0.462,3.04,15,15,,,0,0,91.2,93,39,31,4,21,0,68,6,0,4,384,1.244,9.1,0.4,2.1,6.7,3.24,,player.fcgi?id=sincla000cha
Derek Burkamper,21,2016,Nebraska,Big Ten,6,3,0.667,3.09,15,12,,0,0,0,70,55,30,24,3,34,0,55,3,0,8,295,1.271,7.1,0.4,4.4,7.1,1.62,,player.fcgi?id=burkam000der
Sean Chandler,19,2016,Nebraska,Big Ten,0,0,,9.64,7,0,,0,0,0,9.1,11,11,10,0,17,0,9,0,0,5,56,3,10.6,0,16.4,8.7,0.53,,player.fcgi?id=chandl000sea
Jeff Chesnut?,--,2016,Nebraska,Big Ten,3,2,0.6,3.09,30,0,,0,0,0,32,32,16,11,1,18,0,27,2,0,3,145,1.563,9,0.3,5.1,7.6,1.5,,player.fcgi?id=chesnu000jef
Reece Eddins,20,2016,Nebraska,Big Ten,4,3,0.571,1.85,26,0,,0,0,1,48.2,43,15,10,1,21,0,30,1,0,4,205,1.315,8,0.2,3.9,5.5,1.43,,player.fcgi?id=eddins000ree
Zack Engelken,20,2016,Nebraska,Big Ten,0,2,0,8.53,9,5,,0,0,0,19,19,18,18,3,14,0,20,1,0,1,91,1.737,9,1.4,6.6,9.5,1.43,,player.fcgi?id=engelk000zac
Ethan Frazier?,--,2016,Nebraska,Big Ten,0,0,,23.14,3,0,,0,0,0,2.1,5,6,6,1,1,0,1,1,0,2,14,2.571,19.3,3.9,3.9,3.9,1,,player.fcgi?id=frazie000eth
Byron Hood,21,2016,Nebraska,Big Ten,1,0,1,8,7,0,,0,0,0,9,4,8,8,1,8,0,9,2,0,1,40,1.333,4,1,8,9,1.13,,player.fcgi?id=hood--000byr
Colton Howell,22,2016,Nebraska,Big Ten,0,1,0,10.9,6,4,,0,0,0,17.1,25,21,21,1,14,0,8,1,1,1,89,2.25,13,0.5,7.3,4.2,0.57,,player.fcgi?id=howell000col
Garett King,20,2016,Nebraska,Big Ten,4,2,0.667,5.64,19,6,,0,0,1,44.2,51,31,28,2,21,0,41,4,0,1,208,1.612,10.3,0.4,4.2,8.3,1.95,,player.fcgi?id=king--003gar
Max Knutson*,21,2016,Nebraska,Big Ten,3,1,0.75,4.38,17,5,,0,0,0,37,35,19,18,1,22,1,34,3,0,9,172,1.541,8.5,0.2,5.4,8.3,1.55,,player.fcgi?id=knutso000max
Chad Luensmann,19,2016,Nebraska,Big Ten,1,2,0.333,1.18,28,0,,0,0,13,38,21,8,5,1,12,1,23,4,0,1,147,0.868,5,0.2,2.8,5.4,1.92,,player.fcgi?id=luensm000cha
Jake McSteen*,20,2016,Nebraska,Big Ten,2,2,0.5,4.56,14,7,,0,0,0,47.1,56,24,24,4,16,0,23,5,0,3,213,1.521,10.6,0.8,3,4.4,1.44,,player.fcgi?id=mcstee000jak
Jake Meyers*,20,2016,Nebraska,Big Ten,6,1,0.857,1.42,9,9,,0,0,0,50.2,37,8,8,2,10,0,26,1,0,0,189,0.928,6.6,0.4,1.8,4.6,2.6,,player.fcgi?id=meyers000jak
Ben Miller*,21,2016,Nebraska,Big Ten,0,0,,0,1,0,,0,0,0,0.2,0,0,0,0,2,1,0,0,0,1,4,3,0,0,27,0,0,,player.fcgi?id=miller004ben
Robbie Palkert,19,2016,Nebraska,Big Ten,0,0,,2.88,16,0,,0,0,1,25,27,8,8,2,7,0,19,2,0,4,108,1.36,9.7,0.7,2.5,6.8,2.71,,player.fcgi?id=palker000rob
Mitch Steinhoff?,--,2016,Nebraska,Big Ten,0,0,,inf,1,0,,0,0,0,0,4,4,4,0,0,0,0,0,0,0,4,,,,,,,,player.fcgi?id=steinh000mit
Matt Waldron,19,2016,Nebraska,Big Ten,7,3,0.7,2.87,13,11,,1,1,0,75.1,73,32,24,5,15,0,56,5,1,4,310,1.168,8.7,0.6,1.8,6.7,3.73,,player.fcgi?id=waldro000mat
Mike Waldron?,--,2016,Nebraska,Big Ten,0,0,,6.75,3,0,,0,0,0,1.1,2,1,1,0,1,0,1,0,0,0,7,2.25,13.5,0,6.8,6.8,1,,player.fcgi?id=waldro000mik
Luis Alvarado,20,2017,Nebraska,Big Ten,0,0,,1.72,16,0,,0,0,10,15.2,10,3,3,0,7,0,15,2,0,2,65,1.085,5.7,0,4,8.6,2.14,,player.fcgi?id=alvara004lui
Derek Burkamper,22,2017,Nebraska,Big Ten,6,6,0.5,3.53,15,15,,0,0,0,71.1,79,32,28,4,29,0,49,4,0,3,320,1.514,10,0.5,3.7,6.2,1.69,,player.fcgi?id=burkam000der
Connor Curry*,19,2017,Nebraska,Big Ten,0,0,,4.91,4,1,,0,0,0,7.1,4,5,4,0,5,0,6,2,0,0,33,1.227,4.9,0,6.1,7.4,1.2,,player.fcgi?id=curry-000con
Reece Eddins,21,2017,Nebraska,Big Ten,1,1,0.5,5.91,7,0,,0,0,0,10.2,10,7,7,0,5,1,8,0,0,3,46,1.406,8.4,0,4.2,6.8,1.6,,player.fcgi?id=eddins000ree
Nate Fisher*,21,2017,Nebraska,Big Ten,1,1,0.5,5.53,15,0,,0,0,0,27.2,36,19,17,2,9,0,23,3,1,5,128,1.627,11.7,0.7,2.9,7.5,2.56,,player.fcgi?id=fisher000nat
Ethan Frazier?,--,2017,Nebraska,Big Ten,2,0,1,1.72,7,4,,0,0,0,15.2,14,4,3,1,7,0,11,0,0,1,67,1.34,8,0.6,4,6.3,1.57,,player.fcgi?id=frazie000eth
Jake Hohensee,23,2017,Nebraska,Big Ten,7,3,0.7,4.39,14,14,,0,0,0,80,74,48,39,7,28,0,57,4,0,4,344,1.275,8.3,0.8,3.2,6.4,2.04,,player.fcgi?id=hohens000jak
Byron Hood,22,2017,Nebraska,Big Ten,0,0,,1.5,5,0,,0,0,0,6,5,1,1,0,5,0,5,0,0,1,28,1.667,7.5,0,7.5,7.5,1,,player.fcgi?id=hood--000byr
Chad Luensmann,20,2017,Nebraska,Big Ten,3,4,0.429,3.74,27,0,,0,0,8,43.1,39,23,18,0,21,1,33,5,2,1,191,1.385,8.1,0,4.4,6.9,1.57,,player.fcgi?id=luensm000cha
Jake McSteen*,21,2017,Nebraska,Big Ten,4,0,1,2.04,22,0,,0,0,0,39.2,39,10,9,0,10,0,28,0,0,2,161,1.235,8.8,0,2.3,6.4,2.8,,player.fcgi?id=mcstee000jak
Jake Meyers*,21,2017,Nebraska,Big Ten,8,2,0.8,3.42,14,14,,1,1,0,84.1,86,35,32,9,9,0,57,7,1,2,348,1.126,9.2,1,1,6.1,6.33,,player.fcgi?id=meyers000jak
Ben Miller*,22,2017,Nebraska,Big Ten,1,0,1,1.13,3,3,,0,0,0,8,4,1,1,0,7,0,7,0,0,1,34,1.375,4.5,0,7.9,7.9,1,,player.fcgi?id=miller004ben
Robbie Palkert,20,2017,Nebraska,Big Ten,0,0,,2.61,24,0,,0,0,2,41.1,35,13,12,1,12,0,39,6,0,2,169,1.137,7.6,0.2,2.6,8.5,3.25,,player.fcgi?id=palker000rob
Mitch Steinhoff?,--,2017,Nebraska,Big Ten,0,0,,18,2,0,,0,0,0,3,8,6,6,0,1,0,1,0,0,0,18,3,24,0,3,3,1,,player.fcgi?id=steinh000mit
Paul Tillotson,--,2017,Nebraska,Big Ten,0,0,,13.5,2,1,,0,0,0,5.1,12,8,8,1,1,0,4,1,0,0,30,2.438,20.3,1.7,1.7,6.8,4,,player.fcgi?id=tillot000pau
Matt Waldron,20,2017,Nebraska,Big Ten,2,5,0.286,4.09,16,6,,0,0,0,55,68,32,25,3,9,0,43,4,0,3,239,1.4,11.1,0.5,1.5,7,4.78,,player.fcgi?id=waldro000mat
Andrew Abrahamowicz,19,2018,Nebraska,Big Ten,1,0,1,4.88,15,0,,0,0,0,24,21,18,13,4,12,0,19,6,1,6,113,1.375,7.9,1.5,4.5,7.1,1.58,,player.fcgi?id=abraha000and
Luis Alvarado,21,2018,Nebraska,Big Ten,3,7,0.3,4.89,14,14,,0,0,0,70,69,46,38,8,28,1,65,13,0,7,316,1.386,8.9,1,3.6,8.4,2.32,,player.fcgi?id=alvara004lui
Reece Eddins,22,2018,Nebraska,Big Ten,1,0,1,9,8,1,,0,0,0,11,15,11,11,1,6,0,6,0,0,2,53,1.909,12.3,0.8,4.9,4.9,1,,player.fcgi?id=eddins000ree
Zack Engelken,22,2018,Nebraska,Big Ten,0,0,,1.54,8,0,,0,0,0,11.2,8,3,2,1,5,0,11,4,1,5,49,1.114,6.2,0.8,3.9,8.5,2.2,,player.fcgi?id=engelk000zac
Nate Fisher*,22,2018,Nebraska,Big Ten,1,5,0.167,7.24,15,7,,0,0,0,46,75,40,37,4,10,0,30,2,0,9,223,1.848,14.7,0.8,2,5.9,3,,player.fcgi?id=fisher000nat
Ethan Frazier?,--,2018,Nebraska,Big Ten,1,1,0.5,8.27,13,1,,0,0,0,16.1,24,20,15,0,10,0,4,2,0,3,87,2.082,13.2,0,5.5,2.2,0.4,,player.fcgi?id=frazie000eth
Nolan Hakel*,--,2018,Nebraska,Big Ten,0,0,,0,1,0,,0,0,0,1.1,0,0,0,0,2,0,1,0,0,0,5,1.5,0,0,13.5,6.8,0.5,,player.fcgi?id=hakel-000nol
Jake Hohensee,24,2018,Nebraska,Big Ten,1,0,1,1.05,19,0,,0,0,13,25.2,12,3,3,1,6,0,28,1,0,5,93,0.701,4.2,0.4,2.1,9.8,4.67,,player.fcgi?id=hohens000jak
Byron Hood,23,2018,Nebraska,Big Ten,0,0,,15.58,14,0,,0,0,0,8.2,14,20,15,1,16,2,8,5,0,3,62,3.462,14.5,1,16.6,8.3,0.5,,player.fcgi?id=hood--000byr
Ben Klenke,--,2018,Nebraska,Big Ten,0,1,0,9,2,0,,0,0,0,2,1,3,2,0,2,0,1,0,0,1,9,1.5,4.5,0,9,4.5,0.5,,player.fcgi?id=klenke000ben
Jake McSteen*,22,2018,Nebraska,Big Ten,1,2,0.333,8.53,5,2,,0,0,0,12.2,18,13,12,3,5,0,11,1,0,1,61,1.816,12.8,2.1,3.6,7.8,2.2,,player.fcgi?id=mcstee000jak
Robbie Palkert,21,2018,Nebraska,Big Ten,1,0,1,0,2,0,,0,0,1,4.2,2,0,0,0,3,0,2,1,0,0,18,1.071,3.9,0,5.8,3.9,0.67,,player.fcgi?id=palker000rob
Max Schreiber,19,2018,Nebraska,Big Ten,1,0,1,9.82,9,0,,0,0,0,11,14,12,12,1,5,1,5,3,1,3,56,1.727,11.5,0.8,4.1,4.1,1,,player.fcgi?id=schrei000max
Mitch Steinhoff?,--,2018,Nebraska,Big Ten,0,0,,7.94,6,0,,0,0,0,5.2,6,5,5,0,10,0,2,1,0,0,33,2.824,9.5,0,15.9,3.2,0.2,,player.fcgi?id=steinh000mit
Paul Tillotson,--,2018,Nebraska,Big Ten,1,2,0.333,4.94,16,0,,0,0,1,27.1,33,16,15,2,11,0,18,1,0,4,128,1.61,10.9,0.7,3.6,5.9,1.64,,player.fcgi?id=tillot000pau
Matt Waldron,21,2018,Nebraska,Big Ten,6,4,0.6,4.26,17,12,,0,0,0,69.2,80,39,33,13,12,0,61,5,0,2,298,1.321,10.3,1.7,1.6,7.9,5.08,,player.fcgi?id=waldro000mat
Mike Waldron?,--,2018,Nebraska,Big Ten,2,2,0.5,6.29,21,3,,0,0,1,44.1,59,34,31,4,14,3,26,4,0,2,208,1.647,12,0.8,2.8,5.3,1.86,,player.fcgi?id=waldro000mik
Matt Warren,24,2018,Nebraska,Big Ten,4,4,0.5,5.77,14,12,,0,0,0,57.2,64,41,37,4,21,0,38,6,1,4,261,1.474,10,0.6,3.3,5.9,1.81,,player.fcgi?id=warren001mat
Keegan Watson,19,2018,Nebraska,Big Ten,0,0,,11.81,6,0,,0,0,0,5.1,9,9,7,1,10,0,2,0,0,4,35,3.563,15.2,1.7,16.9,3.4,0.2,,player.fcgi?id=watson000kee
Bo Blessie,19,2019,Nebraska,Big Ten,0,0,,1.8,5,0,,0,0,0,5,3,1,1,0,8,0,3,1,0,1,27,2.2,5.4,0,14.4,5.4,0.38,,player.fcgi?id=blessi000bo-
Connor Curry*,21,2019,Nebraska,Big Ten,1,0,1,9,4,1,,0,0,0,8,9,10,8,1,5,0,4,1,0,1,40,1.75,10.1,1.1,5.6,4.5,0.8,,player.fcgi?id=curry-000con
Reece Eddins,23,2019,Nebraska,Big Ten,6,4,0.6,5.37,15,13,,0,0,0,68.2,82,46,41,7,19,0,48,5,0,6,302,1.471,10.7,0.9,2.5,6.3,2.53,,player.fcgi?id=eddins000ree
Nate Fisher*,23,2019,Nebraska,Big Ten,7,3,0.7,3.27,15,15,,0,0,0,82.2,76,38,30,6,25,1,68,5,2,9,349,1.222,8.3,0.7,2.7,7.4,2.72,,player.fcgi?id=fisher000nat
Ethan Frazier?,--,2019,Nebraska,Big Ten,0,0,,4.91,7,1,,0,0,0,14.2,16,10,8,2,5,0,4,1,1,3,65,1.432,9.8,1.2,3.1,2.5,0.8,,player.fcgi?id=frazie000eth
Colby Gomes,19,2019,Nebraska,Big Ten,0,3,0,4.09,19,2,,0,0,13,22,23,12,10,1,8,0,19,2,0,2,97,1.409,9.4,0.4,3.3,7.8,2.38,,player.fcgi?id=gomes-000col
Jaxon Hallmark,20,2019,Nebraska,Big Ten,0,0,,0,4,0,,0,0,0,5.2,6,0,0,0,1,0,5,1,0,1,23,1.235,9.5,0,1.6,7.9,5,,player.fcgi?id=hallma000jax
Byron Hood,24,2019,Nebraska,Big Ten,0,0,,13.5,3,0,,0,0,0,1.1,0,2,2,0,5,0,1,0,0,0,9,3.75,0,0,33.8,6.8,0.2,,player.fcgi?id=hood--000byr
Ben Klenke,--,2019,Nebraska,Big Ten,0,1,0,6.75,10,0,,0,0,0,14.2,18,13,11,1,6,2,12,5,0,3,76,1.636,11,0.6,3.7,7.4,2,,player.fcgi?id=klenke000ben
Chad Luensmann,22,2019,Nebraska,Big Ten,1,2,0.333,8.83,11,3,,0,0,0,17.1,20,22,17,0,17,0,16,4,0,6,93,2.135,10.4,0,8.8,8.3,0.94,,player.fcgi?id=luensm000cha
Tyler Martin*,19,2019,Nebraska,Big Ten,0,0,,8.44,8,0,,0,0,0,10.2,14,12,10,2,5,0,8,2,0,0,52,1.781,11.8,1.7,4.2,6.8,1.6,,player.fcgi?id=martin004tyl
Robbie Palkert,22,2019,Nebraska,Big Ten,6,3,0.667,3.19,21,0,,0,0,1,36.2,34,16,13,3,6,1,37,6,0,7,158,1.091,8.3,0.7,1.5,9.1,6.17,,player.fcgi?id=palker000rob
Kyle Perry*,19,2019,Nebraska,Big Ten,2,1,0.667,5.47,11,7,,0,0,0,26.1,29,16,16,2,18,0,29,6,1,2,129,1.785,9.9,0.7,6.2,9.9,1.61,,player.fcgi?id=perry-004kyl
Shay Schanaman,19,2019,Nebraska,Big Ten,1,2,0.333,3.18,19,0,,0,0,3,22.2,13,10,8,3,14,1,23,1,0,6,98,1.191,5.2,1.2,5.6,9.1,1.64,,player.fcgi?id=schana000sha
Max Schreiber,20,2019,Nebraska,Big Ten,0,0,,5.91,11,0,,0,0,0,10.2,12,8,7,0,9,0,11,3,0,5,56,1.969,10.1,0,7.6,9.3,1.22,,player.fcgi?id=schrei000max
Paul Tillotson,--,2019,Nebraska,Big Ten,0,0,,15.83,9,0,,0,0,0,9.2,25,18,17,2,6,0,7,3,0,4,60,3.207,23.3,1.9,5.6,6.5,1.17,,player.fcgi?id=tillot000pau
Matt Waldron,22,2019,Nebraska,Big Ten,6,4,0.6,3.05,16,14,,1,0,0,100.1,97,37,34,7,7,0,93,8,2,2,406,1.037,8.7,0.6,0.6,8.3,13.29,,player.fcgi?id=waldro000mat
Mike Waldron?,--,2019,Nebraska,Big Ten,2,1,0.667,5.29,21,0,,0,0,0,34,39,22,20,5,4,0,26,3,0,2,145,1.265,10.3,1.3,1.1,6.9,6.5,,player.fcgi?id=waldro000mik
Bo Blessie,20,2020,Nebraska,Big Ten,0,1,0,23.63,4,0,,0,0,0,2.2,1,7,7,0,8,1,1,0,0,4,16,3.375,3.4,0,27,3.4,0.13,,player.fcgi?id=blessi000bo-
Ethan Bradford*,19,2020,Nebraska,Big Ten,0,0,,6.75,2,0,,0,0,0,2.2,1,2,2,0,3,0,4,0,0,0,12,1.5,3.4,0,10.1,13.5,1.33,,player.fcgi?id=bradfo000eth
Braxton Bragg,19,2020,Nebraska,Big Ten,0,1,0,10.13,4,1,,0,0,0,5.1,7,6,6,0,4,0,6,2,0,2,29,2.063,11.8,0,6.8,10.1,1.5,,player.fcgi?id=bragg-000bra
Sayer Diederich*,19,2020,Nebraska,Big Ten,0,0,,4.91,3,0,,0,0,0,3.2,3,2,2,0,4,0,2,2,0,2,18,1.909,7.4,0,9.8,4.9,0.5,,player.fcgi?id=dieder000say
Caleb Feekin*,20,2020,Nebraska,Big Ten,1,0,1,12.46,4,1,,0,0,0,4.1,5,6,6,1,6,0,2,2,0,2,26,2.538,10.4,2.1,12.5,4.2,0.33,,player.fcgi?id=feekin000cal
Colby Gomes,20,2020,Nebraska,Big Ten,0,1,0,6.89,4,4,,0,0,0,15.2,20,12,12,4,7,0,5,1,0,0,72,1.723,11.5,2.3,4,2.9,0.71,,player.fcgi?id=gomes-000col
Jaxon Hallmark,21,2020,Nebraska,Big Ten,0,0,,0,1,0,,0,0,0,1,0,0,0,0,0,0,2,0,0,0,3,0,0,0,0,18,,,player.fcgi?id=hallma000jax
Trey Kissack,22,2020,Nebraska,Big Ten,0,0,,1.42,6,0,,0,0,0,6.1,7,1,1,0,2,0,5,1,0,2,29,1.421,9.9,0,2.8,7.1,2.5,,player.fcgi?id=kissac000tre
Tyler Martin*,20,2020,Nebraska,Big Ten,0,0,,8.44,5,0,,0,0,0,5.1,4,5,5,0,7,0,3,0,0,5,27,2.063,6.8,0,11.8,5.1,0.43,,player.fcgi?id=martin004tyl
Quinn Mason,19,2020,Nebraska,Big Ten,1,0,1,1.5,3,1,,0,0,0,6,4,2,1,0,1,0,8,0,0,1,23,0.833,6,0,1.5,12,8,,player.fcgi?id=mason-002qui
Kyle Perry*,20,2020,Nebraska,Big Ten,1,0,1,5.06,4,1,,0,0,0,10.2,7,6,6,1,2,1,11,0,0,0,41,0.844,5.9,0.8,1.7,9.3,5.5,,player.fcgi?id=perry-004kyl
Cade Povich*,20,2020,Nebraska,Big Ten,1,2,0.333,5.06,4,4,,0,0,0,21.1,28,16,12,5,2,0,26,2,0,2,93,1.406,11.8,2.1,0.8,11,13,,player.fcgi?id=povich000cad
Shay Schanaman,20,2020,Nebraska,Big Ten,2,2,0.5,6.97,6,0,,0,0,0,10.1,9,8,8,0,4,1,10,0,0,0,44,1.258,7.8,0,3.5,8.7,2.5,,player.fcgi?id=schana000sha
Max Schreiber,21,2020,Nebraska,Big Ten,0,1,0,4.6,6,1,,0,0,1,15.2,15,10,8,0,6,0,19,3,0,3,74,1.34,8.6,0,3.4,10.9,3.17,,player.fcgi?id=schrei000max
Gareth Stroh*,23,2020,Nebraska,Big Ten,1,0,1,6.1,2,2,,0,0,0,10.1,12,9,7,2,1,0,8,0,0,1,44,1.258,10.5,1.7,0.9,7,8,,player.fcgi?id=stroh-000gar
Paul Tillotson,--,2020,Nebraska,Big Ten,0,0,,2.57,5,0,,0,0,2,7,4,2,2,1,1,0,8,0,0,0,26,0.714,5.1,1.3,1.3,10.3,8,,player.fcgi?id=tillot000pau
Kyle Wisch,19,2020,Nebraska,Big Ten,0,0,,4.5,1,0,,0,0,0,2,2,1,1,0,0,0,2,0,0,0,8,1,9,0,0,9,,,player.fcgi?id=wisch-000kyl
Ethan Bradford*,20,2021,Nebraska,Big Ten,0,0,,0,3,0,,0,0,0,3.1,1,2,0,0,6,0,3,0,0,1,17,2.1,2.7,0,16.2,8.1,0.5,,player.fcgi?id=bradfo000eth
Braxton Bragg,20,2021,Nebraska,Big Ten,1,2,0.333,8.04,11,0,,0,0,0,15.2,21,15,14,5,6,0,18,1,0,1,73,1.723,12.1,2.9,3.4,10.3,3,,player.fcgi?id=bragg-000bra
Jake Bunz*,21,2021,Nebraska,Big Ten,3,1,0.75,2.2,20,3,,0,0,1,32.2,19,8,8,2,20,0,42,1,0,3,135,1.194,5.2,0.6,5.5,11.6,2.1,,player.fcgi?id=bunz--000jak
Sayer Diederich*,20,2021,Nebraska,Big Ten,0,0,,9,3,0,,0,0,0,2,1,2,2,0,2,0,2,0,0,1,8,1.5,4.5,0,9,9,1,,player.fcgi?id=dieder000say
Caleb Feekin*,21,2021,Nebraska,Big Ten,0,0,,3.18,11,0,,0,0,0,11.1,10,4,4,3,6,0,13,1,0,0,50,1.412,7.9,2.4,4.8,10.3,2.17,,player.fcgi?id=feekin000cal
Koty Frank,21,2021,Nebraska,Big Ten,3,1,0.75,4.94,13,0,,0,0,1,27.1,19,16,15,3,13,0,21,6,0,1,116,1.171,6.3,1,4.3,6.9,1.62,,player.fcgi?id=frank-000kot
Jaxon Hallmark,22,2021,Nebraska,Big Ten,0,0,,6.75,4,0,,0,0,0,4,4,4,3,1,2,0,3,2,0,0,18,1.5,9,2.3,4.5,6.8,1.5,,player.fcgi?id=hallma000jax
Chance Hroch,24,2021,Nebraska,Big Ten,5,3,0.625,4.15,14,14,,1,0,0,78,82,38,36,6,19,1,64,11,0,5,340,1.295,9.5,0.7,2.2,7.4,3.37,,player.fcgi?id=hroch-000cha
Trey Kissack,23,2021,Nebraska,Big Ten,0,0,,3,4,0,,0,0,0,3,1,1,1,1,5,0,3,0,0,1,15,2,3,3,15,9,0.6,,player.fcgi?id=kissac000tre
Tyler Martin*,21,2021,Nebraska,Big Ten,2,0,1,2.16,10,0,,0,0,0,8.1,6,2,2,0,2,0,7,3,0,2,34,0.96,6.5,0,2.2,7.6,3.5,,player.fcgi?id=martin004tyl
Quinn Mason,20,2021,Nebraska,Big Ten,0,0,,81,2,0,,0,0,0,0.1,2,3,3,0,2,0,0,0,0,0,5,12,54,0,54,0,0,,player.fcgi?id=mason-002qui
Emmett Olson*,19,2021,Nebraska,Big Ten,1,0,1,4.5,10,0,,0,0,0,12,13,9,6,1,6,1,16,0,0,1,57,1.583,9.8,0.8,4.5,12,2.67,,player.fcgi?id=olson-000emm
Kyle Perry*,21,2021,Nebraska,Big Ten,2,0,1,3.48,4,4,,0,0,0,10.1,7,5,4,0,4,0,15,0,0,1,42,1.065,6.1,0,3.5,13.1,3.75,,player.fcgi?id=perry-004kyl
Cade Povich*,21,2021,Nebraska,Big Ten,6,1,0.857,3.11,15,15,,0,0,0,81,74,29,28,9,22,1,88,3,0,4,331,1.185,8.2,1,2.4,9.8,4,,player.fcgi?id=povich000cad
Shay Schanaman,21,2021,Nebraska,Big Ten,5,2,0.714,5.08,13,12,,0,0,0,67.1,63,44,38,7,25,0,72,12,0,4,300,1.307,8.4,0.9,3.3,9.6,2.88,,player.fcgi?id=schana000sha
Max Schreiber,22,2021,Nebraska,Big Ten,2,2,0.5,3.79,13,0,,0,0,0,19,21,10,8,3,8,0,20,3,0,0,85,1.526,9.9,1.4,3.8,9.5,2.5,,player.fcgi?id=schrei000max
Spencer Schwellenbach,21,2021,Nebraska,Big Ten,3,1,0.75,0.57,18,0,,0,0,10,31.2,22,2,2,0,8,1,34,2,0,2,123,0.947,6.3,0,2.3,9.7,4.25,,player.fcgi?id=schwel000spe
Cam Wynne,22,2021,Nebraska,Big Ten,1,1,0.5,3.12,17,0,,0,0,0,17.1,6,6,6,1,9,0,19,4,0,5,69,0.865,3.1,0.5,4.7,9.9,2.11,,player.fcgi?id=wynne-000cam
Chandler Benson*,19,2022,Nebraska,Big Ten,0,0,,5.25,15,0,,0,0,0,12,17,7,7,2,4,1,10,3,0,0,59,1.75,12.8,1.5,3,7.5,2.5,,player.fcgi?id=benson004cha
Ethan Bradford*,21,2022,Nebraska,Big Ten,0,0,,4.76,4,0,,0,0,0,5.2,6,3,3,0,3,0,3,0,0,1,24,1.588,9.5,0,4.8,4.8,1,,player.fcgi?id=bradfo000eth
Braxton Bragg,21,2022,Nebraska,Big Ten,2,6,0.25,3.28,17,1,,0,0,5,35.2,31,18,13,2,8,3,37,2,0,2,149,1.093,7.8,0.5,2,9.3,4.63,,player.fcgi?id=bragg-000bra
Jackson Brockett*,19,2022,Nebraska,Big Ten,0,1,0,5.23,12,5,,0,0,0,31,28,19,18,3,15,0,29,4,0,5,138,1.387,8.1,0.9,4.4,8.4,1.93,,player.fcgi?id=brocke000jac
Jake Bunz*,22,2022,Nebraska,Big Ten,0,0,,0,1,0,,0,0,0,0.1,0,0,0,0,0,0,1,0,0,0,1,0,0,0,0,27,,,player.fcgi?id=bunz--000jak
Drew Christo,19,2022,Nebraska,Big Ten,0,1,0,8.44,5,2,,0,0,0,5.1,10,12,5,3,5,0,5,2,0,1,35,2.813,16.9,5.1,8.4,8.4,1,,player.fcgi?id=christ002dre
Caleb Feekin*,22,2022,Nebraska,Big Ten,0,0,,81,2,0,,0,0,0,0.2,3,6,6,1,4,0,1,0,0,1,9,10.5,40.5,13.5,54,13.5,0.25,,player.fcgi?id=feekin000cal
Koty Frank,22,2022,Nebraska,Big Ten,5,0,1,3.81,14,7,,0,0,0,59,54,30,25,7,19,1,70,4,0,2,252,1.237,8.2,1.1,2.9,10.7,3.68,,player.fcgi?id=frank-000kot
Colby Gomes,22,2022,Nebraska,Big Ten,0,1,0,27,2,0,,0,0,0,1.1,5,4,4,0,1,0,0,1,0,0,11,4.5,33.8,0,6.8,0,0,,player.fcgi?id=gomes-000col
Corbin Hawkins*,19,2022,Nebraska,Big Ten,0,2,0,6.97,13,0,,0,0,0,10.1,15,14,8,2,2,0,11,1,0,0,51,1.645,13.1,1.7,1.7,9.6,5.5,,player.fcgi?id=hawkin000cor
CJ Hood,20,2022,Nebraska,Big Ten,2,0,1,4.97,18,0,,0,0,1,12.2,8,8,7,1,13,0,12,2,0,5,58,1.658,5.7,0.7,9.2,8.5,0.92,,player.fcgi?id=hood--000cj-
Jaxon Jelkin,19,2022,Nebraska,Big Ten,1,1,0.5,2.31,6,1,,0,0,0,11.2,8,3,3,0,7,0,9,2,0,3,51,1.286,6.2,0,5.4,6.9,1.29,,player.fcgi?id=jelkin000jax
Tyler Martin*,22,2022,Nebraska,Big Ten,2,0,1,4.32,20,0,,0,0,0,25,19,15,12,1,11,2,24,5,0,2,115,1.2,6.8,0.4,4,8.6,2.18,,player.fcgi?id=martin004tyl
Quinn Mason,21,2022,Nebraska,Big Ten,0,0,,0,3,0,,0,0,0,1.1,2,0,0,0,4,0,0,0,0,1,9,4.5,13.5,0,27,0,0,,player.fcgi?id=mason-002qui
Dawson McCarville,22,2022,Nebraska,Big Ten,4,5,0.444,6.47,12,11,,0,0,0,48.2,61,37,35,6,18,0,40,6,0,3,222,1.623,11.3,1.1,3.3,7.4,2.22,,player.fcgi?id=mccarv000daw
Emmett Olson*,20,2022,Nebraska,Big Ten,3,3,0.5,2.86,19,8,,1,0,1,66,61,36,21,6,16,1,65,5,0,5,280,1.167,8.3,0.8,2.2,8.9,4.06,,player.fcgi?id=olson-000emm
Mason Ornelas,21,2022,Nebraska,Big Ten,2,0,1,5.31,17,1,,0,0,1,39,37,27,23,5,20,1,26,3,0,6,172,1.462,8.5,1.2,4.6,6,1.3,,player.fcgi?id=ornela000mas
Kyle Perry*,22,2022,Nebraska,Big Ten,0,2,0,6.75,5,4,,0,0,0,14.2,16,11,11,2,10,0,17,3,0,1,72,1.773,9.8,1.2,6.1,10.4,1.7,,player.fcgi?id=perry-004kyl
Shay Schanaman,22,2022,Nebraska,Big Ten,2,8,0.2,4.44,15,13,,2,1,0,77,75,48,38,12,29,0,76,11,1,7,348,1.351,8.8,1.4,3.4,8.9,2.62,,player.fcgi?id=schana000sha
Will Walsh*,21,2022,Nebraska,Big Ten,0,0,,13.5,1,0,,0,0,0,0.2,3,1,1,0,0,0,1,0,0,1,5,4.5,40.5,0,0,13.5,,,player.fcgi?id=walsh-013wil
Austin Berggren,19,2023,Nebraska,Big Ten,0,0,,8.1,3,0,,0,0,0,3.1,4,5,3,0,2,0,5,0,0,1,17,1.8,10.8,0,5.4,13.5,2.5,,player.fcgi?id=berggr000aus
Jackson Brockett*,20,2023,Nebraska,Big Ten,2,2,0.5,4.65,16,7,,0,0,0,40.2,36,24,21,1,24,1,35,2,0,5,183,1.475,8,0.2,5.3,7.7,1.46,,player.fcgi?id=brocke000jac
Jake Bunz*,23,2023,Nebraska,Big Ten,1,0,1,3.86,15,0,,0,0,0,14,12,12,6,3,9,0,18,0,0,3,61,1.5,7.7,1.9,5.8,11.6,2,,player.fcgi?id=bunz--000jak
Drew Christo,20,2023,Nebraska,Big Ten,1,1,0.5,3.24,11,1,,0,0,0,16.2,11,9,6,1,8,0,18,5,0,4,75,1.14,5.9,0.5,4.3,9.7,2.25,,player.fcgi?id=christ002dre
Caleb Clark*,19,2023,Nebraska,Big Ten,1,1,0.5,13.24,9,5,,0,0,0,17,30,26,25,4,11,0,14,7,0,1,98,2.412,15.9,2.1,5.8,7.4,1.27,,player.fcgi?id=clark-006cal
Michael Garza?,--,2023,Nebraska,Big Ten,2,3,0.4,6.84,12,4,,0,0,0,26.1,42,22,20,4,10,2,25,1,1,8,134,1.975,14.4,1.4,3.4,8.5,2.5,,player.fcgi?id=garza-001mic
JC Gutierrez*,--,2023,Nebraska,Big Ten,0,0,,0,4,0,,0,0,0,3.2,2,0,0,0,2,0,5,0,0,1,15,1.091,4.9,0,4.9,12.3,2.5,,player.fcgi?id=gutier000jc-
Corbin Hawkins*,20,2023,Nebraska,Big Ten,4,0,1,2.23,23,1,,0,0,1,44.1,45,13,11,0,11,0,33,4,1,1,187,1.263,9.1,0,2.2,6.7,3,,player.fcgi?id=hawkin000cor
Jace Kaminska,21,2023,Nebraska,Big Ten,7,3,0.7,4.13,14,14,,0,0,0,72,67,36,33,10,15,1,57,5,0,4,306,1.139,8.4,1.3,1.9,7.1,3.8,,player.fcgi?id=kamins000jac
Sam Novotny,19,2023,Nebraska,Big Ten,0,0,,0,1,0,,0,0,0,0.1,0,0,0,0,0,0,0,0,0,0,1,0,0,0,0,0,,,player.fcgi?id=novotn000sam
Emmett Olson*,21,2023,Nebraska,Big Ten,6,3,0.667,4.5,15,15,,1,0,0,82,68,46,41,14,30,1,80,9,0,5,345,1.195,7.5,1.5,3.3,8.8,2.67,,player.fcgi?id=olson-000emm
Mason Ornelas,22,2023,Nebraska,Big Ten,0,0,,2.84,6,0,,0,0,0,6.1,3,3,2,1,8,1,5,2,0,0,32,1.737,4.3,1.4,11.4,7.1,0.63,,player.fcgi?id=ornela000mas
Kyle Perry*,23,2023,Nebraska,Big Ten,1,1,0.5,5.46,19,2,,0,0,3,31.1,31,23,19,6,11,0,29,6,0,3,144,1.34,8.9,1.7,3.2,8.3,2.64,,player.fcgi?id=perry-004kyl
Will Rizzo,20,2023,Nebraska,Big Ten,0,0,,18,5,0,,0,0,0,3,6,6,6,0,3,0,4,1,0,2,20,3,18,0,9,12,1.33,,player.fcgi?id=rizzo-000wil
Shay Schanaman,23,2023,Nebraska,Big Ten,3,6,0.333,3.07,26,0,,0,0,6,55.2,38,31,19,2,28,1,66,14,0,8,246,1.186,6.1,0.3,4.5,10.7,2.36,,player.fcgi?id=schana000sha
Brett Sears,23,2023,Nebraska,Big Ten,0,0,,5.29,11,0,,0,0,0,17,23,10,10,3,4,1,23,3,0,3,79,1.588,12.2,1.6,2.1,12.2,5.75,,player.fcgi?id=sears-000bre
Will Walsh*,22,2023,Nebraska,Big Ten,5,3,0.625,4.24,15,8,,1,1,0,51,46,26,24,6,8,0,44,4,0,4,206,1.059,8.1,1.1,1.4,7.8,5.5,,player.fcgi?id=walsh-013wil
Jalen Worthley*,19,2023,Nebraska,Big Ten,0,0,,8.1,10,0,,0,0,0,10,14,9,9,1,7,0,8,3,0,1,53,2.1,12.6,0.9,6.3,7.2,1.14,,player.fcgi?id=worthl000jal
Evan Borst,21,2024,Nebraska,Big Ten,2,0,1,7.62,16,0,,0,0,0,13,10,13,11,0,12,2,16,4,0,5,64,1.692,6.9,0,8.3,11.1,1.33,,player.fcgi?id=borst-000eva
Jackson Brockett*,21,2024,Nebraska,Big Ten,3,3,0.5,4.91,13,7,,1,1,0,36.2,38,23,20,4,8,0,29,4,0,4,158,1.255,9.3,1,2,7.1,3.63,,player.fcgi?id=brocke000jac
Drew Christo,21,2024,Nebraska,Big Ten,3,3,0.5,4.62,17,10,,0,0,1,60.1,52,33,31,6,20,2,54,8,0,12,263,1.193,7.8,0.9,3,8.1,2.7,,player.fcgi?id=christ002dre
Caleb Clark*,20,2024,Nebraska,Big Ten,1,0,1,7.92,17,3,,0,0,1,30.2,32,28,27,4,18,0,32,5,1,4,146,1.63,9.4,1.2,5.3,9.4,1.78,,player.fcgi?id=clark-006cal
Grant Cleavinger*,20,2024,Nebraska,Big Ten,0,0,,5.06,10,0,,0,0,0,5.1,1,3,3,1,3,0,8,2,0,2,21,0.75,1.7,1.7,5.1,13.5,2.67,,player.fcgi?id=cleavi000gra
Casey Daiss,24,2024,Nebraska,Big Ten,0,2,0,5.01,21,0,,0,0,5,23.1,27,15,13,1,9,2,18,4,0,0,108,1.543,10.4,0.4,3.5,6.9,2,,player.fcgi?id=daiss-000cas
Trey Frahm,22,2024,Nebraska,Big Ten,0,0,,10.13,5,0,,0,0,0,2.2,2,3,3,0,3,0,2,0,0,1,13,1.875,6.8,0,10.1,6.8,0.67,,player.fcgi?id=frahm-000tre
Kyle Froehlich,22,2024,Nebraska,Big Ten,1,1,0.5,4.3,20,0,,0,0,0,23,24,13,11,4,5,2,23,2,0,0,100,1.261,9.4,1.6,2,9,4.6,,player.fcgi?id=froehl000kyl
Ryan Harrahill,19,2024,Nebraska,Big Ten,0,1,0,27,1,1,,0,0,0,1,4,4,3,0,1,0,2,0,0,0,9,5,36,0,9,18,2,,player.fcgi?id=harrah000rya
Tyner Horn,19,2024,Nebraska,Big Ten,1,1,0.5,5.91,13,4,,0,0,1,21.1,29,25,14,3,8,0,19,2,0,2,107,1.734,12.2,1.3,3.4,8,2.38,,player.fcgi?id=horn--000tyn
Hayden Lewis*,21,2024,Nebraska,Big Ten,0,0,,0,1,0,,0,0,0,0.1,1,0,0,0,1,0,1,0,0,0,3,6,27,0,27,27,1,,player.fcgi?id=lewis-001hay
Mason McConnaughey,20,2024,Nebraska,Big Ten,9,3,0.75,3.45,17,11,,0,0,0,73,65,31,28,8,24,0,91,7,0,6,308,1.219,8,1,3,11.2,3.79,,player.fcgi?id=mcconn000mas
Bobby Olsen,22,2024,Nebraska,Big Ten,0,0,,10.8,13,0,,0,0,0,8.1,11,10,10,1,6,0,9,5,0,2,46,2.04,11.9,1.1,6.5,9.7,1.5,,player.fcgi?id=olsen-000bob
Kyle Perry*,24,2024,Nebraska,Big Ten,1,2,0.333,6.75,25,0,,0,0,3,20,25,16,15,5,3,0,19,2,0,1,90,1.4,11.3,2.3,1.4,8.6,6.33,,player.fcgi?id=perry-004kyl
Rans Sanders,23,2024,Nebraska,Big Ten,0,1,0,3.86,18,0,,0,0,2,14,10,8,6,3,5,0,9,1,0,1,56,1.071,6.4,1.9,3.2,5.8,1.8,,player.fcgi?id=sander000ran
Brett Sears,24,2024,Nebraska,Big Ten,9,1,0.9,2.16,17,16,,1,1,1,104,72,29,25,9,19,1,101,9,1,1,408,0.875,6.2,0.8,1.6,8.7,5.32,,player.fcgi?id=sears-000bre
Tucker Timmerman,19,2024,Nebraska,Big Ten,2,0,1,8.1,15,0,,0,0,1,16.2,21,15,15,3,14,1,18,3,0,2,85,2.1,11.3,1.6,7.6,9.7,1.29,,player.fcgi?id=timmer000tuc
Will Walsh*,23,2024,Nebraska,Big Ten,5,4,0.556,5.06,14,10,,1,0,0,58.2,69,36,33,10,10,0,43,8,0,4,259,1.347,10.6,1.5,1.5,6.6,4.3,,player.fcgi?id=walsh-013wil
Jalen Worthley*,20,2024,Nebraska,Big Ten,3,0,1,3.6,22,0,,0,0,5,35,29,14,14,5,8,0,33,1,0,3,143,1.057,7.5,1.3,2.1,8.5,4.13,,player.fcgi?id=worthl000jal
Pryce Bender,19,2025,Nebraska,Big Ten,2,0,1,5.76,20,0,,0,0,0,25,26,16,16,5,10,0,16,6,0,1,117,1.44,9.4,1.8,3.6,5.8,1.6,,player.fcgi?id=bender000pry
Gavin Blachowicz,19,2025,Nebraska,Big Ten,3,0,1,3.8,17,0,,0,0,0,21.1,20,10,9,2,14,1,22,3,0,3,99,1.594,8.4,0.8,5.9,9.3,1.57,,player.fcgi?id=blacho000gav
Jackson Brockett*,22,2025,Nebraska,Big Ten,4,4,0.5,3.66,16,15,,0,0,0,64,73,33,26,8,23,0,45,5,0,6,288,1.5,10.3,1.1,3.2,6.3,1.96,,player.fcgi?id=brocke000jac
Luke Broderick,21,2025,Nebraska,Big Ten,4,2,0.667,3.25,27,0,,0,0,13,36,29,14,13,3,22,1,43,1,0,6,156,1.417,7.3,0.8,5.5,10.8,1.95,,player.fcgi?id=broder000luk
Drew Christo,22,2025,Nebraska,Big Ten,3,2,0.6,5.61,31,0,,0,0,1,51.1,51,35,32,5,33,2,51,2,0,8,241,1.636,8.9,0.9,5.8,8.9,1.55,,player.fcgi?id=christ002dre
Caleb Clark*,21,2025,Nebraska,Big Ten,0,1,0,3.2,20,0,,0,0,0,19.2,23,12,7,2,8,0,18,3,0,5,89,1.576,10.5,0.9,3.7,8.2,2.25,,player.fcgi?id=clark-006cal
Grant Cleavinger*,21,2025,Nebraska,Big Ten,1,0,1,4.26,19,0,,0,0,0,12.2,11,6,6,2,10,0,20,2,0,0,60,1.658,7.8,1.4,7.1,14.2,2,,player.fcgi?id=cleavi000gra
TJ Coats,20,2025,Nebraska,Big Ten,0,0,,7.15,8,3,,0,0,0,11.1,9,10,9,2,13,0,15,3,0,5,58,1.941,7.1,1.6,10.3,11.9,1.15,,player.fcgi?id=coats-000tj-
Casey Daiss,25,2025,Nebraska,Big Ten,1,1,0.5,3.7,21,0,,0,0,0,24.1,21,11,10,1,9,1,16,4,0,0,101,1.233,7.8,0.4,3.3,5.9,1.78,,player.fcgi?id=daiss-000cas
Blake Encarnacion,19,2025,Nebraska,Big Ten,0,0,,0,9,0,,0,0,0,4,1,0,0,0,3,0,5,3,0,1,19,1,2.3,0,6.8,11.3,1.67,,player.fcgi?id=encarn000bla
Ryan Harrahill,20,2025,Nebraska,Big Ten,0,0,,4.61,11,2,,0,0,0,13.2,14,8,7,0,4,0,7,3,0,1,63,1.317,9.2,0,2.6,4.6,1.75,,player.fcgi?id=harrah000rya
Tyner Horn,20,2025,Nebraska,Big Ten,4,4,0.5,4.94,18,17,,0,0,0,85.2,86,52,47,15,32,0,76,4,2,1,370,1.377,9,1.6,3.4,8,2.38,,player.fcgi?id=horn--000tyn
Carson Jasa,20,2025,Nebraska,Big Ten,2,2,0.5,8.68,11,4,,0,0,0,18.2,18,26,18,1,19,0,24,7,0,4,102,1.982,8.7,0.5,9.2,11.6,1.26,,player.fcgi?id=jasa--000car
Mason McConnaughey,21,2025,Nebraska,Big Ten,1,1,0.5,6.08,3,3,,0,0,0,13.1,11,9,9,1,6,0,19,1,0,0,58,1.275,7.4,0.7,4.1,12.8,3.17,,player.fcgi?id=mcconn000mas
Colin Nowaczyk*,19,2025,Nebraska,Big Ten,0,1,0,7,10,0,,0,0,0,9,13,8,7,2,7,0,10,1,0,2,47,2.222,13,2,7,10,1.43,,player.fcgi?id=nowacz000col
Tucker Timmerman,20,2025,Nebraska,Big Ten,2,1,0.667,5.82,12,5,,0,0,0,34,36,26,22,6,10,0,30,6,0,2,154,1.353,9.5,1.6,2.6,7.9,3,,player.fcgi?id=timmer000tuc
J'Shawn Unger,19,2025,Nebraska,Big Ten,0,1,0,27,1,0,,0,0,0,0.2,1,2,2,1,1,0,1,0,0,0,5,3,13.5,13.5,13.5,13.5,1,,player.fcgi?id=unger-000jsh
Will Walsh*,24,2025,Nebraska,Big Ten,4,8,0.333,5.65,17,13,,0,0,1,71.2,75,52,45,12,17,0,58,6,0,0,314,1.284,9.4,1.5,2.1,7.3,3.41,,player.fcgi?id=walsh-013wil
Aiden White*,19,2025,Nebraska,Big Ten,0,0,,9,1,0,,0,0,0,1,1,1,1,0,2,0,0,0,0,0,6,3,9,0,18,0,0,,player.fcgi?id=white-000aid
Jalen Worthley*,21,2025,Nebraska,Big Ten,2,1,0.667,7.52,15,0,,0,0,0,20.1,24,18,17,6,8,0,13,0,0,1,94,1.574,10.6,2.7,3.5,5.8,1.63,,player.fcgi?id=worthl000jal
Pryce Bender,20,2026,Nebraska,Big Ten,1,0,1,5.55,15,4,,0,0,1,24.1,29,16,15,3,11,0,16,1,1,0,112,1.644,10.7,1.1,4.1,5.9,1.45,,player.fcgi?id=bender000pry
Gavin Blachowicz,20,2026,Nebraska,Big Ten,4,4,0.5,3.89,16,15,,1,0,0,69.1,65,39,30,14,27,0,81,9,1,15,299,1.327,8.4,1.8,3.5,10.5,3,,player.fcgi?id=blacho000gav
Lynden Bruegman*,23,2026,Nebraska,Big Ten,0,0,,inf,1,0,,0,0,0,0,4,4,4,2,0,0,0,0,0,0,4,,,,,,,,player.fcgi?id=bruegm000lyn
Caleb Clark*,22,2026,Nebraska,Big Ten,2,2,0.5,6.64,23,0,,0,0,0,20.1,10,19,15,1,21,0,23,5,0,1,97,1.525,4.4,0.4,9.3,10.2,1.1,,player.fcgi?id=clark-006cal
Grant Cleavinger*,22,2026,Nebraska,Big Ten,0,1,0,10.13,12,0,,0,0,0,5.1,2,6,6,0,5,0,9,7,0,1,29,1.313,3.4,0,8.4,15.2,1.8,,player.fcgi?id=cleavi000gra
Cooper Grace,19,2026,Nebraska,Big Ten,0,0,,inf,1,0,,0,0,0,0,0,1,1,0,3,0,0,0,0,0,3,,,,,,0,,player.fcgi?id=grace-000coo
Ryan Harrahill,21,2026,Nebraska,Big Ten,1,0,1,1.69,15,0,,0,0,0,16,13,3,3,1,8,0,12,3,0,1,71,1.313,7.3,0.6,4.5,6.8,1.5,,player.fcgi?id=harrah000rya
Tyner Horn,21,2026,Nebraska,Big Ten,3,3,0.5,4.03,22,12,,0,0,1,82.2,76,39,37,11,26,0,87,7,2,6,351,1.234,8.3,1.2,2.8,9.5,3.35,,player.fcgi?id=horn--000tyn
Carson Jasa,21,2026,Nebraska,Big Ten,10,2,0.833,3.59,16,16,,2,0,0,87.2,66,39,35,4,47,1,117,13,0,9,383,1.289,6.8,0.4,4.8,12,2.49,,player.fcgi?id=jasa--000car
Cooper Katskee,22,2026,Nebraska,Big Ten,6,2,0.75,5.71,18,10,,0,0,2,63,58,47,40,16,24,0,65,5,0,2,275,1.302,8.3,2.3,3.4,9.3,2.71,,player.fcgi?id=katske000coo
Kevin Mannell,23,2026,Nebraska,Big Ten,1,0,1,4.43,17,0,,0,0,1,20.1,18,10,10,2,13,1,20,6,0,2,94,1.525,8,0.9,5.8,8.9,1.54,,player.fcgi?id=mannel000kev
Colin Nowaczyk*,20,2026,Nebraska,Big Ten,3,1,0.75,17.51,15,1,,0,0,0,12.1,20,24,24,4,14,1,14,2,0,0,74,2.757,14.6,2.9,10.2,10.2,1,,player.fcgi?id=nowacz000col
Chase Olson*,20,2026,Nebraska,Big Ten,1,0,1,6.75,11,0,,0,0,0,9.1,8,7,7,0,8,0,14,3,0,1,47,1.714,7.7,0,7.7,13.5,1.75,,player.fcgi?id=olson-003cha
Auden Pankonin,19,2026,Nebraska,Big Ten,0,0,,0,2,0,,0,0,0,1,3,0,0,0,3,0,1,0,0,0,9,6,27,0,27,9,0.33,,player.fcgi?id=pankon000aud
Braxton Stewart*,22,2026,Nebraska,Big Ten,0,0,,10.38,8,0,,0,0,0,4.1,3,5,5,2,5,0,3,1,0,2,22,1.846,6.2,4.2,10.4,6.2,0.6,,player.fcgi?id=stewar007bra
Tucker Timmerman,21,2026,Nebraska,Big Ten,3,1,0.75,4.43,25,2,,0,0,1,42.2,42,24,21,4,9,0,31,6,0,2,181,1.195,8.9,0.8,1.9,6.5,3.44,,player.fcgi?id=timmer000tuc
J'Shawn Unger,20,2026,Nebraska,Big Ten,6,1,0.857,4.05,25,0,,0,0,13,40,29,18,18,5,18,2,39,2,0,4,163,1.175,6.5,1.1,4.1,8.8,2.17,,player.fcgi?id=unger-000jsh
Jalen Worthley*,22,2026,Nebraska,Big Ten,2,0,1,3.07,13,0,,0,0,0,14.2,10,8,5,3,9,0,13,0,2,1,63,1.295,6.1,1.8,5.5,8,1.44,,player.fcgi?id=worthl000jal
Jace Ziola,20,2026,Nebraska,Big Ten,0,0,,23.14,5,0,,0,0,0,2.1,1,6,6,0,6,0,3,2,0,0,16,3,3.9,0,23.1,11.6,0.5,,player.fcgi?id=ziola-000jac
Ethan Bramschreiber,--,2011,Northwestern,Big Ten,,,,3.3,,0,,,0,,30,25,15,11,,22,,25,,,,,1.567,7.5,,6.6,7.5,1.14,,player.fcgi?id=bramsc000eth
Francis Brooke?,--,2011,Northwestern,Big Ten,,,,4.93,,7,,,0,,38.1,62,27,21,,4,,28,,,,,1.722,14.6,,0.9,6.6,7,,player.fcgi?id=brooke000fra
Henry Brooke,18,2011,Northwestern,Big Ten,,,,8,,1,,,0,,9,9,8,8,,5,,8,,,,,1.556,9,,5,8,1.6,,player.fcgi?id=brooke000hen
Luke Farrell,20,2011,Northwestern,Big Ten,,,,3.33,,13,,,0,,81,81,40,30,,31,,65,,,,,1.383,9,,3.4,7.2,2.1,,player.fcgi?id=farrel000luk
Nick Friar,19,2011,Northwestern,Big Ten,,,,2.25,,0,,,0,,4,2,3,1,,5,,2,,,,,1.75,4.5,,11.3,4.5,0.4,,player.fcgi?id=friar-000nic
Matt Gailey?,--,2011,Northwestern,Big Ten,,,,5.08,,2,,,0,,39,38,23,22,,17,,24,,,,,1.41,8.8,,3.9,5.5,1.41,,player.fcgi?id=gailey000mat
Jack Havey?,--,2011,Northwestern,Big Ten,,,,7,,7,,,0,,36,51,38,28,,17,,24,,,,,1.889,12.8,,4.3,6,1.41,,player.fcgi?id=havey-000jac
Michael Jahns,20,2011,Northwestern,Big Ten,,,,4.18,,8,,,0,,60.1,57,40,28,,27,,49,,,,,1.392,8.5,,4,7.3,1.81,,player.fcgi?id=jahns-000mic
Jack Livingston,19,2011,Northwestern,Big Ten,,,,0,,0,,,0,,8.1,5,3,0,,3,,6,,,,,0.96,5.4,,3.2,6.5,2,,player.fcgi?id=living002jac
Jack Quigley,19,2011,Northwestern,Big Ten,,,,5.52,,0,,,0,,31,38,20,19,,13,,27,,,,,1.645,11,,3.8,7.8,2.08,,player.fcgi?id=quigle000jac
Kyle Ruchim,18,2011,Northwestern,Big Ten,,,,3.1,,0,,,0,,20.1,14,7,7,,7,,25,,,,,1.033,6.2,,3.1,11.1,3.57,,player.fcgi?id=ruchim000kyl
Paul Snieder,21,2011,Northwestern,Big Ten,,,,2.88,,0,,,0,,25,25,14,8,,8,,20,,,,,1.32,9,,2.9,7.2,2.5,,player.fcgi?id=sniede000pau
Dan Tyson*,19,2011,Northwestern,Big Ten,,,,5.94,,11,,,0,,50,69,43,33,,14,,32,,,,,1.66,12.4,,2.5,5.8,2.29,,player.fcgi?id=tyson-000dan
Ethan Bramschreiber,--,2012,Northwestern,Big Ten,0,0,,3.14,13,0,,,0,0,14.1,14,7,5,1,9,1,12,1,0,1,66,1.605,8.8,0.6,5.7,7.5,1.33,,player.fcgi?id=bramsc000eth
Francis Brooke?,--,2012,Northwestern,Big Ten,2,7,0.222,2.51,15,13,,,0,0,97,105,45,27,2,15,0,61,8,1,1,410,1.237,9.7,0.2,1.4,5.7,4.07,,player.fcgi?id=brooke000fra
Henry Brooke,19,2012,Northwestern,Big Ten,0,0,,4.5,2,0,,,0,0,2,3,1,1,0,0,0,0,1,0,0,9,1.5,13.5,0,0,0,,,player.fcgi?id=brooke000hen
Luke Farrell,21,2012,Northwestern,Big Ten,2,4,0.333,6.1,19,7,,,0,3,51.2,65,41,35,1,26,2,50,2,2,3,236,1.761,11.3,0.2,4.5,8.7,1.92,,player.fcgi?id=farrel000luk
Nick Friar,20,2012,Northwestern,Big Ten,1,1,0.5,2.75,6,4,,,0,0,19.2,18,9,6,0,6,0,12,2,0,2,83,1.22,8.2,0,2.7,5.5,2,,player.fcgi?id=friar-000nic
Jack Havey?,--,2012,Northwestern,Big Ten,0,1,0,6.35,2,2,,,0,0,5.2,12,7,4,1,4,0,4,0,0,0,30,2.824,19.1,1.6,6.4,6.4,1,,player.fcgi?id=havey-000jac
Michael Jahns,21,2012,Northwestern,Big Ten,2,1,0.667,2.55,18,0,,,0,1,35.1,38,15,10,0,10,2,39,2,1,3,156,1.358,9.7,0,2.5,9.9,3.9,,player.fcgi?id=jahns-000mic
Jack Livingston,20,2012,Northwestern,Big Ten,0,0,,0,1,0,,,0,0,1,1,0,0,0,1,0,0,0,0,0,4,2,9,0,9,0,0,,player.fcgi?id=living002jac
Brandon Magallones,19,2012,Northwestern,Big Ten,7,5,0.583,4.26,14,12,,,0,0,82.1,80,45,39,4,29,1,67,14,0,8,361,1.324,8.7,0.4,3.2,7.3,2.31,,player.fcgi?id=magall000bra
Zach Morton,21,2012,Northwestern,Big Ten,1,10,0.091,3.46,14,13,,,0,0,83.1,89,41,32,1,26,2,49,4,0,4,366,1.38,9.6,0.1,2.8,5.3,1.88,,player.fcgi?id=morton000zac
Jack Quigley,20,2012,Northwestern,Big Ten,0,0,,4.91,11,0,,,0,0,18.1,29,13,10,0,4,2,11,2,0,3,87,1.8,14.2,0,2,5.4,2.75,,player.fcgi?id=quigle000jac
Kyle Ruchim,19,2012,Northwestern,Big Ten,0,2,0,3.38,17,0,,,0,6,18.2,18,7,7,0,5,1,24,2,0,1,80,1.232,8.7,0,2.4,11.6,4.8,,player.fcgi?id=ruchim000kyl
Paul Snieder,22,2012,Northwestern,Big Ten,0,1,0,5.4,15,0,,,0,1,15,19,11,9,1,8,3,11,1,0,2,71,1.8,11.4,0.6,4.8,6.6,1.38,,player.fcgi?id=sniede000pau
Dan Tyson*,20,2012,Northwestern,Big Ten,2,4,0.333,5.12,11,3,,,0,0,31.2,45,23,18,3,4,1,22,1,0,0,140,1.547,12.8,0.9,1.1,6.3,5.5,,player.fcgi?id=tyson-000dan
Ethan Bramschreiber,--,2013,Northwestern,Big Ten,0,1,0,5.11,17,0,,,0,2,24.2,20,16,14,1,17,1,26,2,0,2,113,1.5,7.3,0.4,6.2,9.5,1.53,,player.fcgi?id=bramsc000eth
Luke Farrell,22,2013,Northwestern,Big Ten,3,4,0.429,2.13,12,12,,,1,0,84.1,68,29,20,2,26,1,80,3,2,1,349,1.115,7.3,0.2,2.8,8.5,3.08,,player.fcgi?id=farrel000luk
Nick Friar,21,2013,Northwestern,Big Ten,1,0,1,11.68,7,0,,,0,0,12.1,23,20,16,1,2,0,7,3,1,0,65,2.027,16.8,0.7,1.5,5.1,3.5,,player.fcgi?id=friar-000nic
Jack Livingston,21,2013,Northwestern,Big Ten,1,3,0.25,3.18,15,0,,,0,0,17,26,14,6,0,8,0,19,2,1,2,90,2,13.8,0,4.2,10.1,2.38,,player.fcgi?id=living002jac
Brandon Magallones,20,2013,Northwestern,Big Ten,4,6,0.4,3.3,13,13,,,0,0,84.2,84,39,31,4,24,0,48,9,1,3,369,1.276,8.9,0.4,2.6,5.1,2,,player.fcgi?id=magall000bra
Reed Mason*,19,2013,Northwestern,Big Ten,2,1,0.667,2.92,21,4,,,0,0,37,41,15,12,1,14,1,31,3,0,6,165,1.486,10,0.2,3.4,7.5,2.21,,player.fcgi?id=mason-000ree
Zach Morton,22,2013,Northwestern,Big Ten,3,5,0.375,2.86,14,13,,,0,0,85,91,40,27,1,22,1,46,3,1,4,365,1.329,9.6,0.1,2.3,4.9,2.09,,player.fcgi?id=morton000zac
Matt Portland*,19,2013,Northwestern,Big Ten,2,3,0.4,4.76,7,6,,,0,0,28.1,34,17,15,0,10,0,25,3,4,2,128,1.553,10.8,0,3.2,7.9,2.5,,player.fcgi?id=portla000mat
Jack Quigley,21,2013,Northwestern,Big Ten,1,1,0.5,3.95,14,0,,,0,1,13.2,13,8,6,0,9,0,13,1,0,0,62,1.61,8.6,0,5.9,8.6,1.44,,player.fcgi?id=quigle000jac
Kyle Ruchim,20,2013,Northwestern,Big Ten,4,2,0.667,2.6,15,0,,,1,3,34.2,28,12,10,1,18,3,37,1,0,0,149,1.327,7.3,0.3,4.7,9.6,2.06,,player.fcgi?id=ruchim000kyl
Evan Schreiber,19,2013,Northwestern,Big Ten,0,0,,0,1,0,,,0,0,2,2,0,0,0,1,0,1,0,0,0,8,1.5,9,0,4.5,4.5,1,,player.fcgi?id=schrei000eva
Dan Tyson*,21,2013,Northwestern,Big Ten,0,0,,5.65,11,0,,,0,2,14.1,22,11,9,1,6,0,15,0,0,1,73,1.953,13.8,0.6,3.8,9.4,2.5,,player.fcgi?id=tyson-000dan
Ethan Bramschreiber,--,2014,Northwestern,Big Ten,0,1,0,7.53,19,0,,,0,0,28.2,33,28,24,1,23,0,20,4,1,4,142,1.953,10.4,0.3,7.2,6.3,0.87,,player.fcgi?id=bramsc000eth
Nick Friar,22,2014,Northwestern,Big Ten,5,1,0.833,4.34,22,6,,,0,1,58,57,36,28,2,29,0,40,3,1,2,265,1.483,8.8,0.3,4.5,6.2,1.38,,player.fcgi?id=friar-000nic
Matt Hopfner*,19,2014,Northwestern,Big Ten,0,0,,4.91,7,1,,,0,0,11,10,8,6,1,4,0,4,0,0,0,48,1.273,8.2,0.8,3.3,3.3,1,,player.fcgi?id=hopfne000mat
Joe Hoscheit,19,2014,Northwestern,Big Ten,0,0,,0.87,6,0,,,0,2,10.1,6,3,1,0,1,0,6,0,0,0,42,0.677,5.2,0,0.9,5.2,6,,player.fcgi?id=hosche000joe
Reid Hunter?,--,2014,Northwestern,Big Ten,0,0,,4.91,2,0,,,0,0,3.2,2,4,2,0,5,1,2,1,0,0,21,1.909,4.9,0,12.3,4.9,0.4,,player.fcgi?id=hunter000rei
Cody Libman?,--,2014,Northwestern,Big Ten,0,0,,18,1,0,,,0,0,1,3,2,2,1,0,0,1,0,0,0,6,3,27,9,0,9,,,player.fcgi?id=libman000cod
Jack Livingston,22,2014,Northwestern,Big Ten,0,2,0,6.41,11,1,,,0,0,19.2,27,21,14,1,11,2,18,5,0,0,104,1.932,12.4,0.5,5,8.2,1.64,,player.fcgi?id=living002jac
Brandon Magallones,21,2014,Northwestern,Big Ten,4,7,0.364,5.33,15,11,,,0,0,77.2,87,53,46,5,40,2,44,6,0,13,354,1.635,10.1,0.6,4.6,5.1,1.1,,player.fcgi?id=magall000bra
Reed Mason*,20,2014,Northwestern,Big Ten,2,4,0.333,4.25,15,14,,,0,1,82.2,98,53,39,4,32,1,47,5,1,9,376,1.573,10.7,0.4,3.5,5.1,1.47,,player.fcgi?id=mason-000ree
Matt Portland*,20,2014,Northwestern,Big Ten,1,4,0.2,4.73,7,6,,,0,0,40,40,25,21,0,21,0,28,4,0,3,183,1.525,9,0,4.7,6.3,1.33,,player.fcgi?id=portla000mat
Jack Quigley,22,2014,Northwestern,Big Ten,2,7,0.222,4.58,24,2,,,0,8,37.1,46,30,19,2,14,4,18,7,0,1,182,1.607,11.1,0.5,3.4,4.3,1.29,,player.fcgi?id=quigle000jac
Joe Schindler?,--,2014,Northwestern,Big Ten,1,2,0.333,8.4,4,2,,,0,0,15,23,16,14,1,2,0,12,0,1,0,73,1.667,13.8,0.6,1.2,7.2,6,,player.fcgi?id=schind000joe
Jake Stolley*,20,2014,Northwestern,Big Ten,0,1,0,2.65,10,0,,,0,0,17,15,10,5,1,20,0,9,6,0,3,90,2.059,7.9,0.5,10.6,4.8,0.45,,player.fcgi?id=stolle000jak
Dan Tyson*,22,2014,Northwestern,Big Ten,4,4,0.5,3.47,19,9,,,0,0,57,65,32,22,0,30,3,27,5,0,4,268,1.667,10.3,0,4.7,4.3,0.9,,player.fcgi?id=tyson-000dan
Tommy Bordignon,19,2015,Northwestern,Big Ten,0,3,0,9.13,18,0,,,0,1,23.2,30,26,24,0,25,1,16,5,1,2,129,2.324,11.4,0,9.5,6.1,0.64,,player.fcgi?id=bordig000tom
Richard Fordon*,19,2015,Northwestern,Big Ten,0,0,,14.29,7,0,,,0,0,5.2,9,10,9,1,9,0,2,1,0,0,37,3.176,14.3,1.6,14.3,3.2,0.22,,player.fcgi?id=fordon000ric
Pete Hofman,20,2015,Northwestern,Big Ten,0,2,0,6.99,22,0,,,0,1,28.1,35,27,22,2,16,0,16,9,0,3,139,1.8,11.1,0.6,5.1,5.1,1,,player.fcgi?id=hofman000pet
Joe Hoscheit,20,2015,Northwestern,Big Ten,2,2,0.5,4.91,10,0,,,0,1,11,16,11,6,4,8,2,6,4,0,0,58,2.182,13.1,3.3,6.5,4.9,0.75,,player.fcgi?id=hosche000joe
Brandon Magallones,22,2015,Northwestern,Big Ten,4,5,0.444,5.55,16,16,,,1,0,84.1,108,61,52,5,38,0,67,5,0,8,392,1.731,11.5,0.5,4.1,7.2,1.76,,player.fcgi?id=magall000bra
Reed Mason*,21,2015,Northwestern,Big Ten,2,9,0.182,5.18,17,12,,,0,0,74.2,93,60,43,2,31,2,57,4,0,9,354,1.661,11.2,0.2,3.7,6.9,1.84,,player.fcgi?id=mason-000ree
Grant Peikert?,--,2015,Northwestern,Big Ten,0,1,0,6.23,6,0,,,0,1,8.2,8,6,6,1,5,0,3,1,0,1,36,1.5,8.3,1,5.2,3.1,0.6,,player.fcgi?id=peiker000gra
Matt Portland*,21,2015,Northwestern,Big Ten,3,6,0.333,4.04,15,14,,,1,1,89,108,55,40,1,35,3,68,8,0,9,415,1.607,10.9,0.1,3.5,6.9,1.94,,player.fcgi?id=portla000mat
JR Reimer,19,2015,Northwestern,Big Ten,1,0,1,9.72,5,0,,,0,0,8.1,14,9,9,0,11,0,4,0,0,0,47,3,15.1,0,11.9,4.3,0.36,,player.fcgi?id=reimer000jr-
Joe Schindler?,--,2015,Northwestern,Big Ten,3,5,0.375,6.31,15,8,,,0,0,55.2,64,42,39,8,16,1,39,8,0,5,252,1.437,10.3,1.3,2.6,6.3,2.44,,player.fcgi?id=schind000joe
Evan Schreiber,21,2015,Northwestern,Big Ten,0,0,,7.04,8,0,,,0,0,7.2,7,6,6,0,8,0,3,7,0,2,45,1.957,8.2,0,9.4,3.5,0.38,,player.fcgi?id=schrei000eva
Jake Stolley*,21,2015,Northwestern,Big Ten,2,3,0.4,2.98,29,0,,,0,7,54.1,54,20,18,2,18,2,43,1,1,4,227,1.325,8.9,0.3,3,7.1,2.39,,player.fcgi?id=stolle000jak
Nate Walker,--,2015,Northwestern,Big Ten,0,0,,4.15,4,0,,,0,0,4.1,2,2,2,0,2,0,4,1,0,0,18,0.923,4.2,0,4.2,8.3,2,,player.fcgi?id=walker002nat
Justin Yoss?,--,2015,Northwestern,Big Ten,1,0,1,6.75,10,4,,,0,0,24,39,23,18,0,9,0,16,1,0,5,122,2,14.6,0,3.4,6,1.78,,player.fcgi?id=yoss--000jus
Tommy Bordignon,20,2016,Northwestern,Big Ten,2,4,0.333,4.84,20,3,,0,0,2,48.1,39,32,26,1,32,1,34,5,1,11,220,1.469,7.3,0.2,6,6.3,1.06,,player.fcgi?id=bordig000tom
Josh Davis?,--,2016,Northwestern,Big Ten,2,3,0.4,7.22,20,2,,0,0,0,28.2,41,23,23,3,12,0,20,3,4,2,140,1.849,12.9,0.9,3.8,6.3,1.67,,player.fcgi?id=davis-014jos
Richard Fordon*,20,2016,Northwestern,Big Ten,0,1,0,8.71,19,2,,0,0,0,20.2,28,22,20,2,10,1,9,4,0,1,102,1.839,12.2,0.9,4.4,3.9,0.9,,player.fcgi?id=fordon000ric
Pete Hofman,21,2016,Northwestern,Big Ten,1,6,0.143,7.11,23,3,,0,0,1,31.2,36,33,25,4,23,1,21,8,2,6,163,1.863,10.2,1.1,6.5,6,0.91,,player.fcgi?id=hofman000pet
Matt Hopfner*,21,2016,Northwestern,Big Ten,0,2,0,7.59,5,3,,0,0,1,10.2,15,10,9,0,6,0,5,1,0,1,53,1.969,12.7,0,5.1,4.2,0.83,,player.fcgi?id=hopfne000mat
Danny Katz?,--,2016,Northwestern,Big Ten,1,1,0.5,3.9,17,0,,0,0,0,30,42,28,13,3,6,0,14,3,0,1,145,1.6,12.6,0.9,1.8,4.2,2.33,,player.fcgi?id=katz--000dan
Dan Kubiuk,20,2016,Northwestern,Big Ten,0,6,0,7.44,18,10,,0,0,1,42.1,62,38,35,5,18,0,10,2,1,8,202,1.89,13.2,1.1,3.8,2.1,0.56,,player.fcgi?id=kubiuk000dan
Tyler Lass?,--,2016,Northwestern,Big Ten,0,1,0,6.53,23,0,,0,0,3,30.1,38,23,22,3,11,1,22,2,1,4,141,1.615,11.3,0.9,3.3,6.5,2,,player.fcgi?id=lass--000tyl
Reed Mason*,22,2016,Northwestern,Big Ten,3,6,0.333,3.89,15,14,,0,0,0,76.1,80,41,33,9,30,0,53,7,1,13,338,1.441,9.4,1.1,3.5,6.2,1.77,,player.fcgi?id=mason-000ree
Grant Peikert?,--,2016,Northwestern,Big Ten,0,1,0,16.2,2,0,,0,0,0,1.2,5,3,3,1,0,0,1,0,0,0,10,3,27,5.4,0,5.4,,,player.fcgi?id=peiker000gra
JR Reimer,20,2016,Northwestern,Big Ten,0,0,,10.13,4,0,,0,0,0,5.1,6,6,6,1,4,0,4,3,0,5,29,1.875,10.1,1.7,6.8,6.8,1,,player.fcgi?id=reimer000jr-
Mack Rosman?,--,2016,Northwestern,Big Ten,1,0,1,6.52,16,0,,0,0,0,19.1,17,16,14,2,7,0,20,6,1,2,82,1.241,7.9,0.9,3.3,9.3,2.86,,player.fcgi?id=rosman000mac
Joe Schindler?,--,2016,Northwestern,Big Ten,1,2,0.333,5.09,11,6,,0,0,0,35.1,43,24,20,1,11,1,27,5,1,2,163,1.528,11,0.3,2.8,6.9,2.45,,player.fcgi?id=schind000joe
Evan Schreiber,22,2016,Northwestern,Big Ten,0,0,,22.5,2,0,,0,0,0,2,4,5,5,0,2,0,0,2,0,0,12,3,18,0,9,0,0,,player.fcgi?id=schrei000eva
Jake Stolley*,22,2016,Northwestern,Big Ten,1,2,0.333,5.58,22,6,,0,0,1,40.1,42,28,25,2,26,0,21,3,0,6,189,1.686,9.4,0.4,5.8,4.7,0.81,,player.fcgi?id=stolle000jak
Cooper Wetherbee?,--,2016,Northwestern,Big Ten,1,2,0.333,8.89,17,4,,0,0,0,28.1,47,31,28,1,12,0,13,2,2,6,139,2.082,14.9,0.3,3.8,4.1,1.08,,player.fcgi?id=wether000coo
Justin Yoss?,--,2016,Northwestern,Big Ten,1,1,0.5,10.8,14,1,,0,0,0,16.2,31,22,20,0,8,0,6,4,0,1,90,2.34,16.7,0,4.3,3.2,0.75,,player.fcgi?id=yoss--000jus
Tommy Bordignon,21,2017,Northwestern,Big Ten,1,4,0.2,9.28,14,6,,0,0,1,32,31,35,33,2,34,0,24,3,0,12,159,2.031,8.7,0.6,9.6,6.8,0.71,,player.fcgi?id=bordig000tom
Nick Cauley,19,2017,Northwestern,Big Ten,0,1,0,7.84,11,0,,0,0,1,10.1,21,12,9,2,5,0,7,2,1,3,57,2.516,18.3,1.7,4.4,6.1,1.4,,player.fcgi?id=cauley000nic
Hank Christie?,--,2017,Northwestern,Big Ten,5,4,0.556,4.01,15,15,,1,0,0,83,89,41,37,13,19,0,53,5,1,0,359,1.301,9.7,1.4,2.1,5.7,2.79,,player.fcgi?id=christ000han
Josh Davis?,--,2017,Northwestern,Big Ten,4,2,0.667,3.86,13,10,,0,0,0,56,56,27,24,7,12,1,40,9,0,1,241,1.214,9,1.1,1.9,6.4,3.33,,player.fcgi?id=davis-014jos
Richard Fordon*,21,2017,Northwestern,Big Ten,0,0,,12.51,18,0,,0,0,0,13.2,24,22,19,1,7,0,16,4,0,4,76,2.268,15.8,0.7,4.6,10.5,2.29,,player.fcgi?id=fordon000ric
Matt Gannon*,19,2017,Northwestern,Big Ten,0,4,0,6.1,13,11,,0,0,0,41.1,45,28,28,3,20,0,20,2,1,6,186,1.573,9.8,0.7,4.4,4.4,1,,player.fcgi?id=gannon000mat
Pete Hofman,22,2017,Northwestern,Big Ten,1,1,0.5,5.31,22,0,,0,0,4,39,35,27,23,4,18,0,46,6,0,6,176,1.359,8.1,0.9,4.2,10.6,2.56,,player.fcgi?id=hofman000pet
Matt Hopfner*,22,2017,Northwestern,Big Ten,0,0,,0,1,0,,0,0,0,0.2,2,0,0,0,0,0,0,0,0,0,4,3,27,0,0,0,,,player.fcgi?id=hopfne000mat
Danny Katz?,--,2017,Northwestern,Big Ten,1,0,1,6.75,13,0,,0,0,0,20,32,15,15,4,3,1,15,3,0,1,96,1.75,14.4,1.8,1.4,6.8,5,,player.fcgi?id=katz--000dan
Tyler Lass?,--,2017,Northwestern,Big Ten,2,0,1,3.92,17,0,,0,0,0,20.2,28,11,9,3,11,0,17,2,0,6,99,1.887,12.2,1.3,4.8,7.4,1.55,,player.fcgi?id=lass--000tyl
Sam Lawrence?,--,2017,Northwestern,Big Ten,5,3,0.625,2.85,23,0,,0,0,2,47.1,49,18,15,2,12,1,24,4,0,7,198,1.289,9.3,0.4,2.3,4.6,2,,player.fcgi?id=lawren000sam
Josh Levy?,--,2017,Northwestern,Big Ten,3,2,0.6,4.95,15,2,,0,0,0,36.1,33,25,20,4,28,1,35,7,0,7,172,1.679,8.2,1,6.9,8.7,1.25,,player.fcgi?id=levy--000jos
JR Reimer,21,2017,Northwestern,Big Ten,0,2,0,8.68,16,0,,0,0,2,18.2,23,19,18,1,22,0,15,3,1,3,102,2.411,11.1,0.5,10.6,7.2,0.68,,player.fcgi?id=reimer000jr-
Joe Schindler?,--,2017,Northwestern,Big Ten,0,4,0,6.97,4,3,,0,0,0,10.1,13,8,8,1,3,0,8,0,0,0,47,1.548,11.3,0.9,2.6,7,2.67,,player.fcgi?id=schind000joe
Cooper Wetherbee?,--,2017,Northwestern,Big Ten,4,3,0.571,3.17,20,10,,0,0,1,71,66,29,25,5,24,0,58,5,1,6,298,1.268,8.4,0.6,3,7.4,2.42,,player.fcgi?id=wether000coo
Anthony Alepra?,--,2018,Northwestern,Big Ten,2,1,0.667,6.95,9,2,,0,0,0,22,28,18,17,0,8,0,13,2,0,3,101,1.636,11.5,0,3.3,5.3,1.63,,player.fcgi?id=alepra000ant
Ryan Bader*,19,2018,Northwestern,Big Ten,1,3,0.25,7.34,15,4,,0,0,0,30.2,40,29,25,1,18,0,19,4,0,3,149,1.891,11.7,0.3,5.3,5.6,1.06,,player.fcgi?id=bader-000rya
Tommy Bordignon,22,2018,Northwestern,Big Ten,0,1,0,3.71,22,0,,0,0,5,34,31,19,14,2,22,0,31,3,0,9,157,1.559,8.2,0.5,5.8,8.2,1.41,,player.fcgi?id=bordig000tom
Charlie Bourbon,19,2018,Northwestern,Big Ten,0,0,,0,1,0,,0,0,0,1,0,1,0,0,1,0,0,1,0,0,4,1,0,0,9,0,0,,player.fcgi?id=bourbo000cha
Nick Cauley,20,2018,Northwestern,Big Ten,0,0,,17.36,5,0,,0,0,0,4.2,14,15,9,4,6,0,2,2,0,2,36,4.286,27,7.7,11.6,3.9,0.33,,player.fcgi?id=cauley000nic
Hank Christie?,--,2018,Northwestern,Big Ten,3,5,0.375,4.61,14,14,,0,0,0,68.1,61,40,35,5,26,1,37,8,0,7,295,1.273,8,0.7,3.4,4.9,1.42,,player.fcgi?id=christ000han
Richard Fordon*,22,2018,Northwestern,Big Ten,1,6,0.143,5.7,20,0,,0,0,3,36.1,38,27,23,2,17,0,31,11,0,3,169,1.514,9.4,0.5,4.2,7.7,1.82,,player.fcgi?id=fordon000ric
Matt Gannon*,20,2018,Northwestern,Big Ten,2,0,1,7.3,11,4,,0,0,0,24.2,32,22,20,2,19,1,21,2,0,3,125,2.068,11.7,0.7,6.9,7.7,1.11,,player.fcgi?id=gannon000mat
Danny Katz?,--,2018,Northwestern,Big Ten,1,4,0.2,10.88,14,4,,0,0,0,24,42,32,29,4,9,1,17,1,0,1,123,2.125,15.8,1.5,3.4,6.4,1.89,,player.fcgi?id=katz--000dan
Tyler Lass?,--,2018,Northwestern,Big Ten,0,0,,6,11,0,,0,0,0,18,22,13,12,2,13,0,9,0,1,0,87,1.944,11,1,6.5,4.5,0.69,,player.fcgi?id=lass--000tyl
Quinn Lavelle?,--,2018,Northwestern,Big Ten,4,5,0.444,4.21,13,13,,1,1,0,72.2,73,37,34,10,34,1,43,7,1,3,316,1.472,9,1.2,4.2,5.3,1.26,,player.fcgi?id=lavell000qui
Sam Lawrence?,--,2018,Northwestern,Big Ten,1,1,0.5,7.62,12,0,,0,0,0,13,15,11,11,0,15,1,7,4,0,4,71,2.308,10.4,0,10.4,4.8,0.47,,player.fcgi?id=lawren000sam
Josh Levy?,--,2018,Northwestern,Big Ten,1,2,0.333,6.99,23,0,,0,0,1,28.1,31,22,22,2,19,0,26,4,1,4,134,1.765,9.8,0.6,6,8.3,1.37,,player.fcgi?id=levy--000jos
Nick Paciorek,20,2018,Northwestern,Big Ten,0,0,,54,3,0,,0,0,0,2,9,13,12,2,6,0,1,2,0,2,23,7.5,40.5,9,27,4.5,0.17,,player.fcgi?id=pacior000nic
Jack Pagliarini*,19,2018,Northwestern,Big Ten,1,3,0.25,3.99,12,8,,0,0,0,47.1,36,25,21,2,25,0,54,7,1,7,206,1.289,6.8,0.4,4.8,10.3,2.16,,player.fcgi?id=paglia000jac
JR Reimer,22,2018,Northwestern,Big Ten,0,1,0,22.24,9,0,,0,0,0,5.2,14,18,14,2,11,0,9,2,0,3,45,4.412,22.2,3.2,17.5,14.3,0.82,,player.fcgi?id=reimer000jr-
Anthony Alepra?,--,2019,Northwestern,Big Ten,0,2,0,5.65,19,0,,0,0,0,28.2,32,21,18,5,15,2,23,2,0,2,133,1.64,10,1.6,4.7,7.2,1.53,,player.fcgi?id=alepra000ant
Ryan Bader*,20,2019,Northwestern,Big Ten,3,4,0.429,5.09,16,7,,0,0,0,58.1,62,34,33,7,24,1,40,3,2,3,260,1.474,9.6,1.1,3.7,6.2,1.67,,player.fcgi?id=bader-000rya
Nick Cauley,21,2019,Northwestern,Big Ten,0,0,,9.39,5,0,,0,0,0,7.2,12,8,8,2,6,0,4,2,0,0,42,2.348,14.1,2.3,7,4.7,0.67,,player.fcgi?id=cauley000nic
Hank Christie?,--,2019,Northwestern,Big Ten,1,2,0.333,6.42,7,6,,0,0,0,33.2,41,24,24,8,9,0,31,3,0,2,151,1.485,11,2.1,2.4,8.3,3.44,,player.fcgi?id=christ000han
Tommy D'Alise?,--,2019,Northwestern,Big Ten,0,1,0,4.78,14,4,,0,0,0,26.1,25,17,14,5,12,0,19,3,0,1,117,1.405,8.5,1.7,4.1,6.5,1.58,,player.fcgi?id=dalise000tom
Mike Doherty,--,2019,Northwestern,Big Ten,5,1,0.833,3.72,13,9,,0,0,0,48.1,46,28,20,2,29,1,31,5,2,4,220,1.552,8.6,0.4,5.4,5.8,1.07,,player.fcgi?id=dohert000mik
Matt Gannon*,21,2019,Northwestern,Big Ten,0,0,,7.27,8,0,,0,0,0,8.2,9,7,7,2,6,0,7,3,0,2,41,1.731,9.3,2.1,6.2,7.3,1.17,,player.fcgi?id=gannon000mat
Parker Hanks?,--,2019,Northwestern,Big Ten,3,5,0.375,5.5,15,9,,0,0,0,36,38,25,22,2,17,2,31,6,1,1,165,1.528,9.5,0.5,4.3,7.8,1.82,,player.fcgi?id=hanks-000par
Danny Katz?,--,2019,Northwestern,Big Ten,2,0,1,7.41,11,0,,0,0,1,17,26,14,14,0,3,0,10,2,1,1,80,1.706,13.8,0,1.6,5.3,3.33,,player.fcgi?id=katz--000dan
Quinn Lavelle?,--,2019,Northwestern,Big Ten,3,6,0.333,5.04,11,11,,1,1,0,60.2,73,41,34,1,14,0,43,4,0,6,271,1.434,10.8,0.1,2.1,6.4,3.07,,player.fcgi?id=lavell000qui
Sam Lawrence?,--,2019,Northwestern,Big Ten,1,3,0.25,5.88,20,3,,0,0,2,33.2,31,23,22,2,9,0,20,6,1,0,143,1.188,8.3,0.5,2.4,5.3,2.22,,player.fcgi?id=lawren000sam
Josh Levy?,--,2019,Northwestern,Big Ten,3,1,0.75,3.65,19,0,,0,0,1,24.2,13,10,10,3,18,0,22,4,0,1,110,1.257,4.7,1.1,6.6,8,1.22,,player.fcgi?id=levy--000jos
Nick Paciorek,21,2019,Northwestern,Big Ten,3,2,0.6,3.38,20,0,,0,0,3,26.2,19,12,10,1,18,1,44,2,0,8,119,1.388,6.4,0.3,6.1,14.9,2.44,,player.fcgi?id=pacior000nic
Jack Pagliarini*,20,2019,Northwestern,Big Ten,0,0,,6.42,17,2,,0,0,1,33.2,34,26,24,4,22,0,26,6,2,4,156,1.663,9.1,1.1,5.9,7,1.18,,player.fcgi?id=paglia000jac
Anthony Alepra?,--,2020,Northwestern,Big Ten,0,1,0,13.5,2,0,,0,0,0,1.1,0,2,2,0,3,0,0,0,0,0,7,2.25,0,0,20.3,0,0,,player.fcgi?id=alepra000ant
Ryan Bader*,21,2020,Northwestern,Big Ten,0,1,0,1.8,4,0,,0,0,0,5,3,1,1,0,7,1,5,1,0,3,25,2,5.4,0,12.6,9,0.71,,player.fcgi?id=bader-000rya
Hank Christie?,--,2020,Northwestern,Big Ten,0,0,,0,1,1,,0,0,0,2,2,0,0,0,0,0,2,0,0,0,8,1,9,0,0,9,,,player.fcgi?id=christ000han
Mike Doherty,--,2020,Northwestern,Big Ten,1,0,1,0.86,4,4,,0,0,0,21,17,2,2,0,5,0,20,4,0,0,83,1.048,7.3,0,2.1,8.6,4,,player.fcgi?id=dohert000mik
Jack Dyke,20,2020,Northwestern,Big Ten,1,0,1,5.14,4,0,,0,0,0,14,17,8,8,2,2,0,13,1,0,0,60,1.357,10.9,1.3,1.3,8.4,6.5,,player.fcgi?id=dyke--000jac
Matt Gannon*,22,2020,Northwestern,Big Ten,0,0,,3.86,3,0,,0,0,0,2.1,2,3,1,0,1,0,4,1,0,1,11,1.286,7.7,0,3.9,15.4,4,,player.fcgi?id=gannon000mat
Parker Hanks?,--,2020,Northwestern,Big Ten,0,0,,0,1,0,,0,0,0,1,2,0,0,0,0,0,0,0,0,0,4,2,18,0,0,0,,,player.fcgi?id=hanks-000par
Quinn Lavelle?,--,2020,Northwestern,Big Ten,0,2,0,13.5,4,4,,0,0,0,11.1,22,23,17,2,6,0,6,2,0,1,66,2.471,17.5,1.6,4.8,4.8,1,,player.fcgi?id=lavell000qui
Sam Lawrence?,--,2020,Northwestern,Big Ten,1,1,0.5,0,6,0,,0,0,0,10.2,6,2,0,0,2,1,14,0,1,0,40,0.75,5.1,0,1.7,11.8,7,,player.fcgi?id=lawren000sam
Josh Levy?,--,2020,Northwestern,Big Ten,0,1,0,1.59,6,0,,0,0,0,5.2,8,3,1,0,4,1,7,2,0,0,30,2.118,12.7,0,6.4,11.1,1.75,,player.fcgi?id=levy--000jos
Coby Moe,19,2020,Northwestern,Big Ten,1,0,1,4.05,5,0,,0,0,0,6.2,9,5,3,0,2,0,11,2,0,1,33,1.65,12.2,0,2.7,14.9,5.5,,player.fcgi?id=moe---000cob
Jack Pagliarini*,21,2020,Northwestern,Big Ten,0,1,0,10.8,3,0,,0,0,1,1.2,1,3,2,0,3,0,2,1,0,1,11,2.4,5.4,0,16.2,10.8,0.67,,player.fcgi?id=paglia000jac
Jack Sauser,19,2020,Northwestern,Big Ten,0,0,,0,4,0,,0,0,0,5,5,0,0,0,1,0,9,2,0,0,23,1.2,9,0,1.8,16.2,9,,player.fcgi?id=sauser000jac
Reed Smith,20,2020,Northwestern,Big Ten,0,0,,4.15,3,0,,0,0,0,4.1,3,3,2,0,5,0,7,0,0,1,21,1.846,6.2,0,10.4,14.5,1.4,,player.fcgi?id=smith-002ree
Tyler Uberstine,21,2020,Northwestern,Big Ten,2,0,1,2.86,4,4,,0,0,0,22,12,7,7,1,7,0,15,2,0,0,85,0.864,4.9,0.4,2.9,6.1,2.14,,player.fcgi?id=uberst000tyl
Anthony Alepra?,--,2021,Northwestern,Big Ten,0,0,,10.13,5,1,,0,0,0,2.2,3,3,3,0,5,1,1,4,0,3,20,3,10.1,0,16.9,3.4,0.2,,player.fcgi?id=alepra000ant
Ryan Bader*,22,2021,Northwestern,Big Ten,0,1,0,13.5,1,1,,0,0,0,3.1,6,5,5,2,3,0,3,1,0,0,18,2.7,16.2,5.4,8.1,8.1,1,,player.fcgi?id=bader-000rya
Garrett Boeckle,18,2021,Northwestern,Big Ten,2,2,0.5,4,11,0,,0,0,1,18,13,9,8,0,14,0,14,2,0,0,80,1.5,6.5,0,7,7,1,,player.fcgi?id=boeckl000gar
Hank Christie?,--,2021,Northwestern,Big Ten,0,1,0,4.37,7,3,,0,0,0,22.2,26,13,11,4,14,1,24,1,0,1,109,1.765,10.3,1.6,5.6,9.5,1.71,,player.fcgi?id=christ000han
Tommy D'Alise?,--,2021,Northwestern,Big Ten,0,0,,18,1,0,,0,0,0,1,2,2,2,0,2,0,1,0,0,2,7,4,18,0,18,9,0.5,,player.fcgi?id=dalise000tom
Mike Doherty,--,2021,Northwestern,Big Ten,1,4,0.2,3.69,11,11,,0,0,0,63.1,64,31,26,3,15,0,32,7,1,5,269,1.247,9.1,0.4,2.1,4.5,2.13,,player.fcgi?id=dohert000mik
Jack Dyke,21,2021,Northwestern,Big Ten,1,0,1,5.4,8,5,,0,0,0,20,23,13,12,3,13,0,12,3,0,4,96,1.8,10.4,1.4,5.9,5.4,0.92,,player.fcgi?id=dyke--000jac
Ben Grable,19,2021,Northwestern,Big Ten,0,1,0,4.08,13,0,,0,0,0,17.2,16,12,8,4,12,0,24,1,0,2,81,1.585,8.2,2,6.1,12.2,2,,player.fcgi?id=grable000ben
Parker Hanks?,--,2021,Northwestern,Big Ten,0,0,,15.95,6,0,,0,0,0,7.1,14,13,13,3,6,0,4,1,1,1,42,2.727,17.2,3.7,7.4,4.9,0.67,,player.fcgi?id=hanks-000par
Quinn Lavelle?,--,2021,Northwestern,Big Ten,4,2,0.667,6.16,10,6,,0,0,0,38,36,27,26,5,10,0,24,8,1,0,163,1.211,8.5,1.2,2.4,5.7,2.4,,player.fcgi?id=lavell000qui
Sam Lawrence?,--,2021,Northwestern,Big Ten,2,0,1,4.35,8,0,,0,0,3,10.1,13,5,5,2,4,0,8,1,0,1,49,1.645,11.3,1.7,3.5,7,2,,player.fcgi?id=lawren000sam
Coby Moe,20,2021,Northwestern,Big Ten,0,1,0,8.27,10,0,,0,0,2,16.1,22,19,15,1,14,0,16,2,1,2,87,2.204,12.1,0.6,7.7,8.8,1.14,,player.fcgi?id=moe---000cob
Jack Pagliarini*,22,2021,Northwestern,Big Ten,0,1,0,9.39,5,0,,0,0,0,7.2,15,8,8,0,4,0,7,1,0,1,43,2.478,17.6,0,4.7,8.2,1.75,,player.fcgi?id=paglia000jac
Kellen Pate,19,2021,Northwestern,Big Ten,1,1,0.5,10.61,5,0,,0,0,0,9.1,11,11,11,2,9,0,8,2,0,2,48,2.143,10.6,1.9,8.7,7.7,0.89,,player.fcgi?id=pate--000kel
Jack Sauser,20,2021,Northwestern,Big Ten,0,1,0,6.75,7,0,,0,0,0,8,7,7,6,2,5,0,5,1,0,0,35,1.5,7.9,2.3,5.6,5.6,1,,player.fcgi?id=sauser000jac
Reed Smith,21,2021,Northwestern,Big Ten,1,3,0.25,6.26,15,0,,0,0,1,23,26,20,16,7,13,1,19,0,0,2,109,1.696,10.2,2.7,5.1,7.4,1.46,,player.fcgi?id=smith-002ree
Tyler Uberstine,22,2021,Northwestern,Big Ten,3,3,0.5,5.9,9,9,,0,0,0,39.2,53,31,26,4,20,1,38,2,0,7,192,1.84,12,0.9,4.5,8.6,1.9,,player.fcgi?id=uberst000tyl
David Utagawa,19,2021,Northwestern,Big Ten,0,0,,6,2,0,,0,0,0,3,3,4,2,0,4,0,4,0,0,1,17,2.333,9,0,12,12,1,,player.fcgi?id=utagaw000dav
Jay Beshears,20,2022,Northwestern,Big Ten,1,1,0.5,10.5,7,0,,0,0,3,6,8,8,7,0,6,1,8,1,0,1,32,2.333,12,0,9,12,1.33,,player.fcgi?id=beshea001jay
Grant Comstock,20,2022,Northwestern,Big Ten,0,4,0,5.19,11,8,,0,0,0,43.1,43,26,25,6,26,2,35,4,0,2,200,1.592,8.9,1.2,5.4,7.3,1.35,,player.fcgi?id=comsto000gra
Mike Doherty,--,2022,Northwestern,Big Ten,1,2,0.333,7.36,7,4,,0,0,1,22,32,26,18,7,9,0,12,2,0,1,111,1.864,13.1,2.9,3.7,4.9,1.33,,player.fcgi?id=dohert000mik
Jack Dyke,22,2022,Northwestern,Big Ten,0,1,0,7.2,4,1,,0,0,0,10,14,8,8,2,4,0,8,4,1,0,50,1.8,12.6,1.8,3.6,7.2,2,,player.fcgi?id=dyke--000jac
Michael Farinelli,23,2022,Northwestern,Big Ten,6,5,0.545,4.43,14,13,,3,0,0,87.1,96,49,43,12,25,1,61,5,0,3,370,1.385,9.9,1.2,2.6,6.3,2.44,,player.fcgi?id=farine000mic
Parker Hanks?,--,2022,Northwestern,Big Ten,3,1,0.75,10.8,12,0,,0,0,1,10,10,13,12,1,9,1,4,5,1,0,57,1.9,9,0.9,8.1,3.6,0.44,,player.fcgi?id=hanks-000par
Evan Minarovic,21,2022,Northwestern,Big Ten,0,0,,9.64,2,0,,0,0,0,4.2,7,5,5,2,1,0,6,1,0,0,24,1.714,13.5,3.9,1.9,11.6,6,,player.fcgi?id=minaro000eva
Coby Moe,21,2022,Northwestern,Big Ten,3,4,0.429,5.49,22,1,,0,0,1,41,43,29,25,5,26,2,39,13,0,3,203,1.683,9.4,1.1,5.7,8.6,1.5,,player.fcgi?id=moe---000cob
Kellen Pate,20,2022,Northwestern,Big Ten,0,3,0,10,16,4,,0,0,0,27,31,33,30,5,26,0,21,6,1,5,143,2.111,10.3,1.7,8.7,7,0.81,,player.fcgi?id=pate--000kel
Chad Readey,19,2022,Northwestern,Big Ten,0,0,,81,1,0,,0,0,0,0.1,0,3,3,0,2,0,1,1,0,3,4,6,0,0,54,27,0.5,,player.fcgi?id=readey000cha
Jack Sauser,21,2022,Northwestern,Big Ten,2,0,1,6.2,17,0,,0,0,0,24.2,31,19,17,2,10,0,14,2,0,2,112,1.662,11.3,0.7,3.6,5.1,1.4,,player.fcgi?id=sauser000jac
Jacob Scharm?,--,2022,Northwestern,Big Ten,1,0,1,9.82,10,2,,0,0,0,25.2,38,30,28,4,20,0,10,5,1,2,134,2.26,13.3,1.4,7,3.5,0.5,,player.fcgi?id=scharm000jac
Reed Smith,22,2022,Northwestern,Big Ten,0,2,0,9.38,22,0,,0,0,0,24,34,30,25,2,16,0,18,5,1,2,120,2.083,12.8,0.8,6,6.8,1.13,,player.fcgi?id=smith-002ree
Sean Sullivan*,19,2022,Northwestern,Big Ten,5,2,0.714,4.45,13,13,,1,1,0,64.2,66,33,32,10,25,0,78,8,0,1,287,1.407,9.2,1.4,3.5,10.9,3.12,,player.fcgi?id=sulliv005sea
David Utagawa,20,2022,Northwestern,Big Ten,2,2,0.5,7.93,21,5,,0,0,0,36.1,64,46,32,5,19,0,23,10,1,10,201,2.284,15.9,1.2,4.7,5.7,1.21,,player.fcgi?id=utagaw000dav
Luke Benneche,21,2023,Northwestern,Big Ten,0,8,0,11.48,13,8,,0,0,0,42.1,67,54,54,9,22,0,36,5,2,6,217,2.102,14.2,1.9,4.7,7.7,1.64,,player.fcgi?id=bennec000luk
Grant Comstock,21,2023,Northwestern,Big Ten,0,3,0,11.57,13,2,,0,0,0,14,20,24,18,5,14,0,15,5,0,2,82,2.429,12.9,3.2,9,9.6,1.07,,player.fcgi?id=comsto000gra
Drew Dickson,19,2023,Northwestern,Big Ten,0,2,0,10.57,13,1,,0,0,0,23,33,37,27,5,18,0,13,5,0,1,122,2.217,12.9,2,7,5.1,0.72,,player.fcgi?id=dickso000dre
Jack Dyke,23,2023,Northwestern,Big Ten,1,1,0.5,4.91,10,0,,0,0,0,18.1,18,11,10,4,6,0,6,2,0,0,78,1.309,8.8,2,2.9,2.9,1,,player.fcgi?id=dyke--000jac
Michael Farinelli,24,2023,Northwestern,Big Ten,1,10,0.091,9.8,14,13,,0,0,0,52.1,72,61,57,11,16,0,42,17,1,1,260,1.682,12.4,1.9,2.8,7.2,2.63,,player.fcgi?id=farine000mic
Sam Garewal*,19,2023,Northwestern,Big Ten,0,4,0,5.69,15,8,,0,0,0,49,51,40,31,7,19,0,48,9,2,3,223,1.429,9.4,1.3,3.5,8.8,2.53,,player.fcgi?id=garewa000sam
Drew Gorski,23,2023,Northwestern,Big Ten,0,0,,36,1,0,,0,0,0,1,2,4,4,1,2,0,2,0,0,1,7,4,18,9,18,18,1,,player.fcgi?id=gorski000dre
Ben Grable,21,2023,Northwestern,Big Ten,2,1,0.667,5.58,18,2,,0,0,2,30.2,27,20,19,3,16,1,36,6,2,2,137,1.402,7.9,0.9,4.7,10.6,2.25,,player.fcgi?id=grable000ben
Ryan Keenan*,22,2023,Northwestern,Big Ten,0,0,,5.4,16,0,,0,0,0,16.2,15,11,10,3,17,0,15,6,0,4,87,1.92,8.1,1.6,9.2,8.1,0.88,,player.fcgi?id=keenan000rya
Matt McClure,21,2023,Northwestern,Big Ten,1,6,0.143,6.71,13,13,,0,0,0,59,67,45,44,8,25,0,38,11,1,5,271,1.559,10.2,1.2,3.8,5.8,1.52,,player.fcgi?id=mcclur002mat
Coby Moe,22,2023,Northwestern,Big Ten,1,0,1,10.38,13,0,,0,0,0,17.1,33,24,20,5,8,0,24,3,1,6,97,2.365,17.1,2.6,4.2,12.5,3,,player.fcgi?id=moe---000cob
Nolan Morr*,22,2023,Northwestern,Big Ten,2,1,0.667,12.81,19,0,,0,0,0,19.2,36,32,28,6,9,1,19,6,0,1,110,2.288,16.5,2.7,4.1,8.7,2.11,,player.fcgi?id=morr--000nol
Kellen Pate,21,2023,Northwestern,Big Ten,0,0,,8.44,10,0,,0,0,0,10.2,9,10,10,0,7,0,7,3,0,4,50,1.5,7.6,0,5.9,5.9,1,,player.fcgi?id=pate--000kel
Jack Sauser,22,2023,Northwestern,Big Ten,0,1,0,11.25,13,0,,0,0,0,16,29,20,20,5,6,0,16,2,2,1,86,2.188,16.3,2.8,3.4,9,2.67,,player.fcgi?id=sauser000jac
Reed Smith,23,2023,Northwestern,Big Ten,1,0,1,8.31,10,0,,0,0,0,8.2,8,8,8,3,6,0,8,0,0,1,38,1.615,8.3,3.1,6.2,8.3,1.33,,player.fcgi?id=smith-002ree
Ethan Sund,24,2023,Northwestern,Big Ten,1,1,0.5,11.25,14,1,,0,0,0,20,29,25,25,4,20,0,18,3,0,7,106,2.45,13.1,1.8,9,8.1,0.9,,player.fcgi?id=sund--000eth
David Utagawa,21,2023,Northwestern,Big Ten,0,2,0,6.54,19,2,,0,0,0,31.2,38,28,23,3,7,0,28,6,0,3,145,1.421,10.8,0.9,2,8,4,,player.fcgi?id=utagaw000dav
Luke Benneche,22,2024,Northwestern,Big Ten,3,2,0.6,5.82,20,9,,0,0,0,65,73,47,42,6,34,0,34,16,0,3,308,1.646,10.1,0.8,4.7,4.7,1,,player.fcgi?id=bennec000luk
Drew Dickson,20,2024,Northwestern,Big Ten,1,0,1,9.55,21,1,,0,0,0,27.1,32,30,29,3,21,0,25,5,1,3,135,1.939,10.5,1,6.9,8.2,1.19,,player.fcgi?id=dickso000dre
Colin Dowdle,19,2024,Northwestern,Big Ten,0,0,,2.45,4,0,,0,0,0,3.2,4,1,1,0,3,0,1,0,0,0,16,1.909,9.8,0,7.4,2.5,0.33,,player.fcgi?id=dowdle000col
Justin Doyle,23,2024,Northwestern,Big Ten,0,1,0,6.3,8,0,,0,0,0,10,12,7,7,1,8,1,4,4,0,4,49,2,10.8,0.9,7.2,3.6,0.5,,player.fcgi?id=doyle-000jus
Jack Dyke,24,2024,Northwestern,Big Ten,1,2,0.333,5.81,20,7,,0,0,2,52.2,64,34,34,7,17,0,34,6,2,2,240,1.538,10.9,1.2,2.9,5.8,2,,player.fcgi?id=dyke--000jac
Trent Liolios,21,2024,Northwestern,Big Ten,0,1,0,inf,1,0,,0,0,0,0,1,4,4,0,2,0,0,1,0,0,4,,,,,,0,,player.fcgi?id=liolio000tre
Cole Mascott,19,2024,Northwestern,Big Ten,0,0,,12.1,10,0,,0,0,0,9.2,14,14,13,1,12,0,7,6,0,2,59,2.69,13,0.9,11.2,6.5,0.58,,player.fcgi?id=mascot000col
Matt McClure,22,2024,Northwestern,Big Ten,3,6,0.333,5.65,18,5,,0,0,0,65.1,80,50,41,8,18,1,44,10,1,4,296,1.5,11,1.1,2.5,6.1,2.44,,player.fcgi?id=mcclur002mat
Peter Michael,20,2024,Northwestern,Big Ten,0,1,0,15.68,12,0,,0,0,0,10.1,17,18,18,7,10,0,8,2,0,5,58,2.613,14.8,6.1,8.7,7,0.8,,player.fcgi?id=michae000pet
Nolan Morr*,23,2024,Northwestern,Big Ten,2,4,0.333,8.2,19,12,,0,0,1,52.2,74,52,48,14,13,0,48,8,0,1,248,1.652,12.6,2.4,2.2,8.2,3.69,,player.fcgi?id=morr--000nol
Kellen Pate,22,2024,Northwestern,Big Ten,0,0,,inf,2,0,,0,0,0,0,3,5,5,1,3,0,0,0,0,1,6,,,,,,0,,player.fcgi?id=pate--000kel
Kyle Potthoff,23,2024,Northwestern,Big Ten,3,6,0.333,5,18,14,,0,0,0,72,81,44,40,8,20,1,39,6,0,2,314,1.403,10.1,1,2.5,4.9,1.95,,player.fcgi?id=pottho000kyl
Garrett Shearer,19,2024,Northwestern,Big Ten,3,9,0.25,6.38,21,2,,0,0,3,55,64,43,39,7,29,1,53,10,0,3,264,1.691,10.5,1.1,4.7,8.7,1.83,,player.fcgi?id=sheare000gar
Alex Thomas*,19,2024,Northwestern,Big Ten,0,0,,27,3,0,,0,0,0,1.1,3,4,4,1,0,0,1,2,0,0,8,2.25,20.3,6.8,0,6.8,,,player.fcgi?id=thomas004ale
Amar Tsengeg,20,2024,Northwestern,Big Ten,2,2,0.5,8.31,13,2,,0,0,0,21.2,27,20,20,3,15,0,19,6,0,1,108,1.938,11.2,1.2,6.2,7.9,1.27,,player.fcgi?id=tsenge000ama
Ethan Borggren,19,2025,Northwestern,Big Ten,2,0,1,6.55,8,0,,0,0,0,11,15,8,8,3,6,0,3,1,0,0,54,1.909,12.3,2.5,4.9,2.5,0.5,,player.fcgi?id=borggr000eth
Pirmin Brechbuhl,23,2025,Northwestern,Big Ten,0,0,,0,1,0,,0,0,0,1,0,0,0,0,1,0,0,1,0,0,5,1,0,0,9,0,0,,player.fcgi?id=brechb000pir
Luke Burden,19,2025,Northwestern,Big Ten,0,0,,40.5,2,0,,0,0,0,0.2,4,3,3,0,3,0,0,0,0,0,8,10.5,54,0,40.5,0,0,,player.fcgi?id=burden000luk
Carter Danz*,19,2025,Northwestern,Big Ten,0,1,0,24.21,10,1,,0,0,0,9.2,23,26,26,1,24,0,7,3,0,4,73,4.862,21.4,0.9,22.3,6.5,0.29,,player.fcgi?id=danz--000car
Christian Forniss*,18,2025,Northwestern,Big Ten,1,4,0.2,7.71,15,5,,0,0,1,32.2,41,28,28,3,21,0,20,7,0,5,160,1.898,11.3,0.8,5.8,5.5,0.95,,player.fcgi?id=fornis000chr
Alex Grant*,20,2025,Northwestern,Big Ten,0,2,0,13.5,10,0,,0,0,1,15.1,24,23,23,4,14,0,15,3,0,1,83,2.478,14.1,2.3,8.2,8.8,1.07,,player.fcgi?id=grant-000ale
Jack Grunkemeyer,19,2025,Northwestern,Big Ten,2,0,1,8.28,22,0,,0,0,2,45.2,47,42,42,6,29,0,29,20,0,2,225,1.664,9.3,1.2,5.7,5.7,1,,player.fcgi?id=grunke000jac
Sam Hliboki,23,2025,Northwestern,Big Ten,4,3,0.571,5.36,20,12,,1,0,2,82.1,83,52,49,15,21,0,65,20,0,0,369,1.263,9.1,1.6,2.3,7.1,3.1,,player.fcgi?id=hlibok000sam
Matt Kouser,19,2025,Northwestern,Big Ten,4,6,0.4,7.59,15,14,,0,0,0,61.2,81,56,52,10,32,0,33,12,1,8,310,1.832,11.8,1.5,4.7,4.8,1.03,,player.fcgi?id=kouser000mat
Blake MacMillan*,24,2025,Northwestern,Big Ten,5,3,0.625,4.73,16,5,,0,0,2,51.1,52,31,27,4,33,4,37,5,1,5,237,1.656,9.1,0.7,5.8,6.5,1.12,,player.fcgi?id=macmil000bla
Cole Mascott,20,2025,Northwestern,Big Ten,0,2,0,20.25,7,1,,0,0,0,5.1,5,13,12,1,16,0,4,5,0,5,42,3.938,8.4,1.7,27,6.8,0.25,,player.fcgi?id=mascot000col
Chad Readey,22,2025,Northwestern,Big Ten,0,0,,40.5,4,0,,0,0,0,2,3,9,9,0,8,0,2,3,0,0,19,5.5,13.5,0,36,9,0.25,,player.fcgi?id=readey000cha
Garrett Shearer,20,2025,Northwestern,Big Ten,2,0,1,2.08,2,2,,1,0,0,13,7,3,3,0,2,0,9,3,0,0,48,0.692,4.8,0,1.4,6.2,4.5,,player.fcgi?id=sheare000gar
Amar Tsengeg,21,2025,Northwestern,Big Ten,1,2,0.333,13.5,15,4,,0,0,0,28,40,44,42,6,21,0,20,7,0,2,151,2.179,12.9,1.9,6.8,6.4,0.95,,player.fcgi?id=tsenge000ama
Crawford Wade*,23,2025,Northwestern,Big Ten,4,4,0.5,5.3,18,8,,0,0,5,69.2,77,47,41,13,29,2,61,15,1,2,320,1.522,9.9,1.7,3.7,7.9,2.1,,player.fcgi?id=wade--000cra
Tommy Bridges,20,2026,Northwestern,Big Ten,2,0,1,7.09,15,2,,0,0,1,26.2,36,24,21,8,14,0,18,5,0,2,134,1.875,12.2,2.7,4.7,6.1,1.29,,player.fcgi?id=bridge000tom
Carter Danz*,20,2026,Northwestern,Big Ten,0,0,,16.2,2,0,,0,0,0,1.2,3,3,3,1,1,0,2,1,0,0,11,2.4,16.2,5.4,5.4,10.8,2,,player.fcgi?id=danz--000car
Dominic DeLoreto*,--,2026,Northwestern,Big Ten,1,0,1,8.1,14,0,,0,0,0,13.1,22,16,12,3,10,0,7,3,0,4,74,2.4,14.9,2,6.8,4.7,0.7,,player.fcgi?id=delore000dom
Drew Dickson,22,2026,Northwestern,Big Ten,2,1,0.667,5.11,15,0,,0,0,2,24.2,30,21,14,6,13,0,20,1,0,3,118,1.743,10.9,2.2,4.7,7.3,1.54,,player.fcgi?id=dickso000dre
Christian Forniss*,19,2026,Northwestern,Big Ten,0,0,,9.82,6,1,,0,0,0,7.1,5,8,8,2,10,0,6,5,1,1,39,2.045,6.1,2.5,12.3,7.4,0.6,,player.fcgi?id=fornis000chr
Justin Fryer*,19,2026,Northwestern,Big Ten,3,1,0.75,11.78,16,1,,0,0,1,18.1,31,24,24,5,15,4,10,6,1,0,105,2.509,15.2,2.5,7.4,4.9,0.67,,player.fcgi?id=fryer-000jus
Alex Grant*,21,2026,Northwestern,Big Ten,1,0,1,7.03,16,2,,0,0,1,24.1,30,23,19,6,15,0,18,7,1,2,126,1.849,11.1,2.2,5.5,6.7,1.2,,player.fcgi?id=grant-000ale
Jack Grunkemeyer,20,2026,Northwestern,Big Ten,0,0,,36,2,0,,0,0,0,1,3,4,4,0,4,0,0,0,0,1,8,7,27,0,36,0,0,,player.fcgi?id=grunke000jac
Sam Hliboki,24,2026,Northwestern,Big Ten,4,5,0.444,8.42,17,8,,0,0,0,51.1,69,51,48,14,15,0,39,9,0,1,244,1.636,12.1,2.5,2.6,6.8,2.6,,player.fcgi?id=hlibok000sam
Matt Kouser,20,2026,Northwestern,Big Ten,2,5,0.286,5.02,15,12,,0,0,0,66.1,69,48,37,10,38,2,44,7,0,2,304,1.613,9.4,1.4,5.2,6,1.16,,player.fcgi?id=kouser000mat
Charlie Kutz*,24,2026,Northwestern,Big Ten,0,0,,0,1,0,,0,0,0,0.2,1,0,0,0,0,0,1,0,0,0,3,1.5,13.5,0,0,13.5,,,player.fcgi?id=kutz--000cha
Sam Michel*,--,2026,Northwestern,Big Ten,0,0,,21.94,7,0,,0,0,0,5.1,13,13,13,2,6,0,1,2,1,1,35,3.563,21.9,3.4,10.1,1.7,0.17,,player.fcgi?id=michel001sam
Jake Rifenburg*,19,2026,Northwestern,Big Ten,2,7,0.222,6.49,17,4,,0,0,2,51.1,66,40,37,5,20,3,39,11,1,2,247,1.675,11.6,0.9,3.5,6.8,1.95,,player.fcgi?id=rifenb000jak
Garrett Shearer,21,2026,Northwestern,Big Ten,1,2,0.333,7.13,16,7,,0,0,1,41.2,37,35,33,6,27,0,38,9,0,6,194,1.536,8,1.3,5.8,8.2,1.41,,player.fcgi?id=sheare000gar
Ryan Weaver*,23,2026,Northwestern,Big Ten,1,7,0.125,7.39,15,13,,0,0,0,70.2,87,61,58,9,26,1,54,11,0,11,328,1.599,11.1,1.1,3.3,6.9,2.08,,player.fcgi?id=weaver003rya
James Whitaker,19,2026,Northwestern,Big Ten,2,2,0.5,5.34,16,2,,0,0,1,32,33,21,19,6,15,0,16,9,0,3,149,1.5,9.3,1.7,4.2,4.5,1.07,,player.fcgi?id=whitak002jam
Andrew Armstrong*,21,2011,Ohio State,Big Ten,,,,3.6,,0,,,0,,30,27,16,12,,16,,39,,,,,1.433,8.1,,4.8,11.7,2.44,,player.fcgi?id=armstr001and
Brian Bobinski?,--,2011,Ohio State,Big Ten,,,,10.13,,0,,,0,,13.1,15,18,15,,9,,3,,,,,1.8,10.1,,6.1,2,0.33,,player.fcgi?id=bobins000bri
Josh Dezse,19,2011,Ohio State,Big Ten,,,,5.22,,0,,,0,,29.1,30,23,17,,22,,32,,,,,1.773,9.2,,6.8,9.8,1.45,,player.fcgi?id=dezse-001jos
David Fathalikhani?,--,2011,Ohio State,Big Ten,,,,3.62,,0,,,0,,27.1,20,13,11,,17,,21,,,,,1.354,6.6,,5.6,6.9,1.24,,player.fcgi?id=fathal000dav
Paul Geuy?,--,2011,Ohio State,Big Ten,,,,7.2,,0,,,0,,10,13,9,8,,6,,7,,,,,1.9,11.7,,5.4,6.3,1.17,,player.fcgi?id=geuy--000pau
Greg Greve,19,2011,Ohio State,Big Ten,,,,4.96,,12,,,0,,69,87,51,38,,28,,45,,,,,1.667,11.3,,3.7,5.9,1.61,,player.fcgi?id=greve-001gre
John Kuchno,20,2011,Ohio State,Big Ten,,,,6.68,,7,,,0,,31,37,26,23,,20,,18,,,,,1.839,10.7,,5.8,5.2,0.9,,player.fcgi?id=kuchno000joh
Brett McKinney,20,2011,Ohio State,Big Ten,,,,4.43,,10,,,0,,65,67,37,32,,20,,49,,,,,1.338,9.3,,2.8,6.8,2.45,,player.fcgi?id=mckinn000bre
Theron Minium*,23,2011,Ohio State,Big Ten,,,,5.34,,1,,,0,,30.1,40,20,18,,4,,22,,,,,1.451,11.9,,1.2,6.5,5.5,,player.fcgi?id=minuin000the
Drew Rucinski,22,2011,Ohio State,Big Ten,,,,2.93,,13,,,0,,83,81,39,27,,18,,53,,,,,1.193,8.8,,2,5.7,2.94,,player.fcgi?id=rucins000dre
Jared Strayer?,--,2011,Ohio State,Big Ten,,,,3.41,,0,,,0,,29,24,15,11,,11,,19,,,,,1.207,7.4,,3.4,5.9,1.73,,player.fcgi?id=straye000jar
Dean Wolosiansky?,--,2011,Ohio State,Big Ten,,,,6.75,,10,,,1,,56,66,52,42,,36,,30,,,,,1.821,10.6,,5.8,4.8,0.83,,player.fcgi?id=wolosi000dea
Andrew Armstrong*,22,2012,Ohio State,Big Ten,0,1,0,4.5,36,0,,,0,0,28,24,21,14,2,26,1,28,4,1,10,138,1.786,7.7,0.6,8.4,9,1.08,,player.fcgi?id=armstr001and
Trace Dempsey,19,2012,Ohio State,Big Ten,3,1,0.75,5.06,19,2,,,0,1,32,36,20,18,3,17,0,22,8,1,0,150,1.656,10.1,0.8,4.8,6.2,1.29,,player.fcgi?id=dempse000tra
Josh Dezse,20,2012,Ohio State,Big Ten,1,2,0.333,2.86,24,0,,,0,7,28.1,19,9,9,2,15,1,19,4,0,1,121,1.2,6,0.6,4.8,6,1.27,,player.fcgi?id=dezse-001jos
David Fathalikhani?,--,2012,Ohio State,Big Ten,1,2,0.333,3.1,31,0,,,0,0,29,28,11,10,0,9,1,12,8,0,1,121,1.276,8.7,0,2.8,3.7,1.33,,player.fcgi?id=fathal000dav
Paul Geuy?,--,2012,Ohio State,Big Ten,1,1,0.5,8.58,12,1,,,0,0,28.1,42,28,27,3,14,0,17,6,0,8,144,1.976,13.3,1,4.4,5.4,1.21,,player.fcgi?id=geuy--000pau
Greg Greve,20,2012,Ohio State,Big Ten,3,3,0.5,5.15,14,8,,,0,1,50.2,55,31,29,2,22,2,34,5,0,7,229,1.52,9.8,0.4,3.9,6,1.55,,player.fcgi?id=greve-001gre
Brian King*,--,2012,Ohio State,Big Ten,5,5,0.5,4.45,16,14,,,0,0,83,88,47,41,6,25,0,48,12,1,4,371,1.361,9.5,0.7,2.7,5.2,1.92,,player.fcgi?id=king--003bri
John Kuchno,21,2012,Ohio State,Big Ten,8,4,0.667,4.38,17,10,,,0,0,74,89,48,36,2,30,0,59,11,0,5,349,1.608,10.8,0.2,3.6,7.2,1.97,,player.fcgi?id=kuchno000joh
Jaron Long,20,2012,Ohio State,Big Ten,6,2,0.75,2.66,16,13,,,1,1,101.1,108,39,30,3,13,2,63,7,1,2,417,1.194,9.6,0.3,1.2,5.6,4.85,,player.fcgi?id=long--000jar
Brett McKinney,21,2012,Ohio State,Big Ten,5,6,0.455,4.18,18,12,,,0,0,71,73,42,33,6,25,0,48,5,0,5,311,1.38,9.3,0.8,3.2,6.1,1.92,,player.fcgi?id=mckinn000bre
Matt Panek*,--,2012,Ohio State,Big Ten,0,0,,6.75,6,0,,,0,0,5.1,9,4,4,1,1,0,3,1,0,0,26,1.875,15.2,1.7,1.7,5.1,3,,player.fcgi?id=panek-000mat
Trace Dempsey,20,2013,Ohio State,Big Ten,3,0,1,1.02,31,0,,,0,17,35.1,22,6,4,0,11,0,28,1,0,4,136,0.934,5.6,0,2.8,7.1,2.55,,player.fcgi?id=dempse000tra
David Fathalikhani?,--,2013,Ohio State,Big Ten,0,0,,3.38,23,0,,,0,0,18.2,14,7,7,4,3,0,9,4,0,0,75,0.911,6.8,1.9,1.4,4.3,3,,player.fcgi?id=fathal000dav
Tyler Giannonatti,--,2013,Ohio State,Big Ten,0,3,0,4.96,17,2,,,0,0,32.2,42,22,18,3,11,1,18,5,1,3,152,1.622,11.6,0.8,3,5,1.64,,player.fcgi?id=gianno000tyl
Brad Goldberg,23,2013,Ohio State,Big Ten,6,1,0.857,2.99,15,15,,,0,0,81.1,71,32,27,2,46,0,68,6,0,5,357,1.439,7.9,0.2,5.1,7.5,1.48,,player.fcgi?id=goldbe000bra
Greg Greve,21,2013,Ohio State,Big Ten,4,1,0.8,3.65,18,0,,,0,0,24.2,15,10,10,2,8,0,17,4,0,1,98,0.932,5.5,0.7,2.9,6.2,2.13,,player.fcgi?id=greve-001gre
Brian King*,--,2013,Ohio State,Big Ten,7,6,0.538,2.68,15,15,,,0,0,100.2,91,43,30,6,12,0,56,3,1,6,402,1.023,8.1,0.5,1.1,5,4.67,,player.fcgi?id=king--003bri
Jaron Long,21,2013,Ohio State,Big Ten,6,7,0.462,4.02,16,15,,,1,0,100.2,116,49,45,3,19,0,68,7,1,5,420,1.341,10.4,0.3,1.7,6.1,3.58,,player.fcgi?id=long--000jar
Luke McGee*,20,2013,Ohio State,Big Ten,0,0,,7.2,4,0,,,0,0,5,8,4,4,1,1,0,7,2,0,0,25,1.8,14.4,1.8,1.8,12.6,7,,player.fcgi?id=mcgee-000luk
Brett McKinney,22,2013,Ohio State,Big Ten,4,4,0.5,2.98,26,3,,,0,1,48.1,39,17,16,0,14,2,58,3,0,5,199,1.097,7.3,0,2.6,10.8,4.14,,player.fcgi?id=mckinn000bre
Jake Post,19,2013,Ohio State,Big Ten,2,1,0.667,4.99,8,7,,,0,0,30.2,30,26,17,3,9,0,26,5,0,3,134,1.272,8.8,0.9,2.6,7.6,2.89,,player.fcgi?id=post--000jac
Ryan Riga*,20,2013,Ohio State,Big Ten,3,0,1,2.14,29,1,,,0,1,46.1,35,14,11,0,9,0,38,7,0,7,190,0.95,6.8,0,1.7,7.4,4.22,,player.fcgi?id=riga--000rya
Trace Dempsey,21,2014,Ohio State,Big Ten,1,4,0.2,5.94,26,2,,,0,8,33.1,35,24,22,1,18,0,30,12,0,2,162,1.59,9.5,0.3,4.9,8.1,1.67,,player.fcgi?id=dempse000tra
Zach Farmer*,19,2014,Ohio State,Big Ten,6,4,0.6,3.28,10,9,,,0,0,49.1,40,22,18,1,24,0,34,4,3,5,207,1.297,7.3,0.2,4.4,6.2,1.42,,player.fcgi?id=farmer000zac
Tyler Giannonatti,--,2014,Ohio State,Big Ten,1,0,1,3.24,24,0,,,0,1,33.1,29,14,12,1,12,1,24,5,0,2,145,1.23,7.8,0.3,3.2,6.5,2,,player.fcgi?id=gianno000tyl
Greg Greve,22,2014,Ohio State,Big Ten,7,4,0.636,3.36,14,14,,,1,0,85.2,87,35,32,5,18,0,40,3,0,5,359,1.226,9.1,0.5,1.9,4.2,2.22,,player.fcgi?id=greve-001gre
Michael Horejsei*,21,2014,Ohio State,Big Ten,0,2,0,7.11,9,0,,,0,0,12.2,16,13,10,1,3,0,8,1,0,0,62,1.5,11.4,0.7,2.1,5.7,2.67,,player.fcgi?id=horejs000mic
Curtiss Irving,17,2014,Ohio State,Big Ten,0,1,0,4.26,9,3,,,0,0,19,21,11,9,1,12,0,11,0,0,4,91,1.737,9.9,0.5,5.7,5.2,0.92,,player.fcgi?id=irving001cur
Michael Koltak,21,2014,Ohio State,Big Ten,0,0,,5.4,2,0,,,0,0,1.2,2,1,1,0,1,0,1,0,0,0,8,1.8,10.8,0,5.4,5.4,1,,player.fcgi?id=koltak000mic
Travis Lakins Sr.,20,2014,Ohio State,Big Ten,1,3,0.25,2.45,25,2,,,0,2,55,49,17,15,1,21,3,55,3,0,8,231,1.273,8,0.2,3.4,9,2.62,,player.fcgi?id=lakins000tra
Shea Murray,20,2014,Ohio State,Big Ten,0,0,,30.38,5,0,,,0,0,2.2,7,9,9,0,6,0,1,3,0,0,26,4.875,23.6,0,20.3,3.4,0.17,,player.fcgi?id=murray000she
Adam Niemeyer,19,2014,Ohio State,Big Ten,0,0,,3.24,3,0,,,0,0,8.1,9,7,3,0,0,0,9,3,0,0,39,1.08,9.7,0,0,9.7,,,player.fcgi?id=niemey000ada
Yianni Pavlopoulos,19,2014,Ohio State,Big Ten,1,0,1,4,6,0,,,0,0,9,7,4,4,1,2,0,6,1,0,1,34,1,7,1,2,6,3,,player.fcgi?id=pavlop000joh
Jake Post,20,2014,Ohio State,Big Ten,3,3,0.5,3.35,15,6,,,0,1,48.1,53,24,18,0,20,0,39,2,2,0,217,1.51,9.9,0,3.7,7.3,1.95,,player.fcgi?id=post--000jac
Ryan Riga*,21,2014,Ohio State,Big Ten,4,4,0.5,4.33,11,11,,,1,0,68.2,83,37,33,5,22,1,55,6,2,4,306,1.529,10.9,0.7,2.9,7.2,2.5,,player.fcgi?id=riga--000rya
Tanner Tully*,19,2014,Ohio State,Big Ten,6,3,0.667,2.22,16,11,,,1,0,93.1,91,35,23,2,7,0,53,10,1,3,389,1.05,8.8,0.2,0.7,5.1,7.57,,player.fcgi?id=tully-000tan
Trace Dempsey,22,2015,Ohio State,Big Ten,9,3,0.75,4.19,26,0,,,0,7,34.1,29,17,16,2,9,0,32,4,1,2,144,1.107,7.6,0.5,2.4,8.4,3.56,,player.fcgi?id=dempse000tra
John Havird*,21,2015,Ohio State,Big Ten,4,0,1,3.58,9,2,,,0,0,27.2,28,11,11,0,11,0,30,3,0,2,122,1.41,9.1,0,3.6,9.8,2.73,,player.fcgi?id=havird000joh
Michael Horejsei*,22,2015,Ohio State,Big Ten,1,1,0.5,4.4,19,0,,,0,0,14.1,16,11,7,1,4,0,15,1,0,2,65,1.395,10,0.6,2.5,9.4,3.75,,player.fcgi?id=horejs000mic
Seth Kinker,19,2015,Ohio State,Big Ten,0,1,0,2.82,17,0,,,0,0,22.1,14,7,7,3,3,0,19,4,0,0,87,0.761,5.6,1.2,1.2,7.7,6.33,,player.fcgi?id=kinker000set
Travis Lakins Sr.,21,2015,Ohio State,Big Ten,4,4,0.5,3.75,15,15,,,0,0,96,97,51,40,7,32,0,84,7,0,1,422,1.344,9.1,0.7,3,7.9,2.63,,player.fcgi?id=lakins000tra
Kyle Michalik,20,2015,Ohio State,Big Ten,0,0,,2.84,18,0,,,0,0,19,18,11,6,0,5,0,12,4,0,0,83,1.211,8.5,0,2.4,5.7,2.4,,player.fcgi?id=michal000kyl
Shea Murray,21,2015,Ohio State,Big Ten,0,0,,7.04,6,0,,,0,0,7.2,11,6,6,2,4,0,12,0,0,1,38,1.957,12.9,2.3,4.7,14.1,3,,player.fcgi?id=murray000she
Adam Niemeyer,20,2015,Ohio State,Big Ten,2,0,1,2.16,12,4,,,0,0,33.1,30,8,8,2,7,0,21,2,1,2,136,1.11,8.1,0.5,1.9,5.7,3,,player.fcgi?id=niemey000ada
Jacob Niggemeyer,19,2015,Ohio State,Big Ten,4,0,1,3.27,7,7,,,0,0,33,38,15,12,3,6,0,15,2,0,3,144,1.333,10.4,0.8,1.6,4.1,2.5,,player.fcgi?id=niggem000jac
Jake Post,21,2015,Ohio State,Big Ten,2,3,0.4,2.12,15,0,,,0,1,29.2,29,10,7,1,6,0,24,1,0,2,121,1.18,8.8,0.3,1.8,7.3,4,,player.fcgi?id=post--000jac
Ryan Riga*,22,2015,Ohio State,Big Ten,5,4,0.556,3.32,15,14,,,1,0,97.2,89,39,36,5,27,0,71,11,2,3,409,1.188,8.2,0.5,2.5,6.5,2.63,,player.fcgi?id=riga--000rya
Tanner Tully*,20,2015,Ohio State,Big Ten,4,4,0.5,4.32,13,13,,,0,0,75,92,42,36,4,15,0,44,6,0,0,333,1.427,11,0.5,1.8,5.3,2.93,,player.fcgi?id=tully-000tan
Connor Curlis*,19,2016,Ohio State,Big Ten,1,0,1,3,4,0,,0,0,0,6,7,4,2,0,2,0,10,1,0,0,29,1.5,10.5,0,3,15,5,,player.fcgi?id=curlis000con
Ryan Feltner,19,2016,Ohio State,Big Ten,3,4,0.429,4.06,20,11,,0,0,2,68.2,77,36,31,4,30,0,61,8,1,6,316,1.558,10.1,0.5,3.9,8,2.03,,player.fcgi?id=feltne000rya
John Havird*,22,2016,Ohio State,Big Ten,6,4,0.6,3.73,16,16,,0,0,0,94,94,47,39,4,16,0,61,8,0,7,397,1.17,9,0.4,1.5,5.8,3.81,,player.fcgi?id=havird000joh
Michael Horejsei*,23,2016,Ohio State,Big Ten,1,0,1,2.61,34,0,,0,0,0,31,17,11,9,1,9,0,39,4,0,4,122,0.839,4.9,0.3,2.6,11.3,4.33,,player.fcgi?id=horejs000mic
Seth Kinker,20,2016,Ohio State,Big Ten,6,1,0.857,1.65,38,0,,0,0,2,54.2,50,12,10,1,10,1,45,2,0,1,217,1.098,8.2,0.2,1.6,7.4,4.5,,player.fcgi?id=kinker000set
Kyle Michalik,21,2016,Ohio State,Big Ten,4,1,0.8,1.69,19,0,,0,0,1,32,22,8,6,2,5,0,18,0,0,3,122,0.844,6.2,0.6,1.4,5.1,3.6,,player.fcgi?id=michal000kyl
Daulton Mosbarger*,22,2016,Ohio State,Big Ten,2,0,1,2.76,13,5,,0,0,1,32.2,29,12,10,0,15,0,30,3,0,4,143,1.347,8,0,4.1,8.3,2,,player.fcgi?id=mosbar000dau
Shea Murray,22,2016,Ohio State,Big Ten,0,0,,0,2,0,,0,0,0,2,3,0,0,0,2,0,4,0,0,1,11,2.5,13.5,0,9,18,2,,player.fcgi?id=murray000she
Adam Niemeyer,21,2016,Ohio State,Big Ten,4,2,0.667,4.31,14,14,,0,0,0,71,74,36,34,4,12,0,70,9,1,4,302,1.211,9.4,0.5,1.5,8.9,5.83,,player.fcgi?id=niemey000ada
Yianni Pavlopoulos,21,2016,Ohio State,Big Ten,3,4,0.429,3.03,29,0,,0,0,14,29.2,27,10,10,0,11,0,34,7,0,3,139,1.281,8.2,0,3.3,10.3,3.09,,player.fcgi?id=pavlop000joh
Joe Stoll*,22,2016,Ohio State,Big Ten,1,0,1,5.12,12,0,,0,0,0,19.1,20,11,11,1,8,0,16,1,0,7,87,1.448,9.3,0.5,3.7,7.4,2,,player.fcgi?id=stoll-000joe
Tanner Tully*,21,2016,Ohio State,Big Ten,8,3,0.727,2.59,17,16,,1,0,0,107.2,98,38,31,3,23,0,78,6,0,7,440,1.124,8.2,0.3,1.9,6.5,3.39,,player.fcgi?id=tully-000tan
Austin Woodby,21,2016,Ohio State,Big Ten,5,1,0.833,6,19,3,,0,0,1,39,51,30,26,3,18,0,29,2,1,3,184,1.769,11.8,0.7,4.2,6.7,1.61,,player.fcgi?id=woodby000aus
Reece Calvert,21,2017,Ohio State,Big Ten,2,1,0.667,8.77,15,5,,0,0,0,39,47,39,38,3,18,0,25,4,1,3,184,1.667,10.8,0.7,4.2,5.8,1.39,,player.fcgi?id=calver000ree
Connor Curlis*,20,2017,Ohio State,Big Ten,5,3,0.625,4.02,20,8,,0,0,0,62.2,57,35,28,6,19,0,58,5,1,3,272,1.213,8.2,0.9,2.7,8.3,3.05,,player.fcgi?id=curlis000con
Ryan Feltner,20,2017,Ohio State,Big Ten,1,5,0.167,6.32,17,7,,0,0,0,62.2,75,51,44,4,28,0,57,12,0,8,305,1.644,10.8,0.6,4,8.2,2.04,,player.fcgi?id=feltne000rya
Curtiss Irving,20,2017,Ohio State,Big Ten,0,1,0,7.15,13,0,,0,0,0,11.1,17,10,9,0,9,0,8,1,0,1,61,2.294,13.5,0,7.1,6.4,0.89,,player.fcgi?id=irving001cur
Dustin Jourdan,--,2017,Ohio State,Big Ten,0,0,,3.86,3,0,,0,0,0,4.2,9,2,2,0,0,0,3,0,1,1,22,1.929,17.4,0,0,5.8,,,player.fcgi?id=jourda000dus
Seth Kinker,21,2017,Ohio State,Big Ten,3,1,0.75,2.95,24,3,,0,0,7,58,56,22,19,3,13,0,54,8,0,1,246,1.19,8.7,0.5,2,8.4,4.15,,player.fcgi?id=kinker000set
Gavin Lyon,19,2017,Ohio State,Big Ten,1,0,1,13.5,5,0,,0,0,0,3.1,6,5,5,1,3,0,7,1,0,2,19,2.7,16.2,2.7,8.1,18.9,2.33,,player.fcgi?id=lyon--000gav
Andrew Magno*,19,2017,Ohio State,Big Ten,0,0,,33.75,4,0,,0,0,0,1.1,1,5,5,0,9,0,4,0,0,2,14,7.5,6.8,0,60.8,27,0.44,,player.fcgi?id=magno-000and
Kyle Michalik,22,2017,Ohio State,Big Ten,2,2,0.5,4.03,24,0,,0,0,0,22.1,22,17,10,1,4,1,12,6,0,0,103,1.164,8.9,0.4,1.6,4.8,3,,player.fcgi?id=michal000kyl
Adam Niemeyer,22,2017,Ohio State,Big Ten,2,4,0.333,4.67,10,5,,0,0,1,34.2,45,24,18,4,6,0,23,6,1,0,158,1.471,11.7,1,1.6,6,3.83,,player.fcgi?id=niemey000ada
Yianni Pavlopoulos,22,2017,Ohio State,Big Ten,2,5,0.286,6.53,17,7,,0,0,2,40,49,34,29,3,15,0,24,5,0,2,190,1.6,11,0.7,3.4,5.4,1.6,,player.fcgi?id=pavlop000joh
Jake Post,23,2017,Ohio State,Big Ten,1,7,0.125,5.16,13,13,,0,0,0,61,69,39,35,4,29,0,53,5,0,6,283,1.607,10.2,0.6,4.3,7.8,1.83,,player.fcgi?id=post--000jac
Joe Stoll*,23,2017,Ohio State,Big Ten,0,1,0,3.86,25,0,,0,0,1,23.1,18,11,10,0,13,0,26,3,0,9,104,1.329,6.9,0,5,10,2,,player.fcgi?id=stoll-000joe
Jake Vance,19,2017,Ohio State,Big Ten,0,3,0,6.58,10,5,,0,0,0,26,36,20,19,3,20,0,22,1,1,6,132,2.154,12.5,1,6.9,7.6,1.1,,player.fcgi?id=vance-000jak
Thomas Waning,21,2017,Ohio State,Big Ten,0,0,,2.25,10,0,,0,0,1,12,14,3,3,0,4,0,11,0,1,0,48,1.5,10.5,0,3,8.3,2.75,,player.fcgi?id=waning000tho
Austin Woodby,22,2017,Ohio State,Big Ten,3,1,0.75,5.18,16,3,,0,0,0,33,36,22,19,2,7,0,20,2,0,1,140,1.303,9.8,0.5,1.9,5.5,2.86,,player.fcgi?id=woodby000aus
Connor Curlis*,21,2018,Ohio State,Big Ten,7,4,0.636,3.55,17,16,,0,0,0,88.2,87,45,35,4,31,0,77,4,3,6,378,1.331,8.8,0.4,3.1,7.8,2.48,,player.fcgi?id=curlis000con
Ryan Feltner,21,2018,Ohio State,Big Ten,5,4,0.556,4.52,17,16,,0,0,0,91.2,99,67,46,6,44,0,86,14,1,9,429,1.56,9.7,0.6,4.3,8.4,1.95,,player.fcgi?id=feltne000rya
Curtiss Irving,21,2018,Ohio State,Big Ten,2,0,1,5.4,16,0,,0,0,0,15,19,11,9,1,7,0,16,6,0,2,74,1.733,11.4,0.6,4.2,9.6,2.29,,player.fcgi?id=irving001cur
Jonathan Jahn*,21,2018,Ohio State,Big Ten,0,0,,0,1,0,,0,0,0,1,0,0,0,0,0,0,1,1,0,1,4,0,0,0,0,9,,,player.fcgi?id=jahn--000jon
Seth Kinker,22,2018,Ohio State,Big Ten,6,2,0.75,2.27,30,0,,0,0,15,63.1,57,25,16,1,5,0,60,9,1,1,259,0.979,8.1,0.1,0.7,8.5,12,,player.fcgi?id=kinker000set
Andrew Magno*,20,2018,Ohio State,Big Ten,0,0,,14.09,16,0,,0,0,0,7.2,5,12,12,0,14,0,9,4,0,3,46,2.478,5.9,0,16.4,10.6,0.64,,player.fcgi?id=magno-000and
Kyle Michalik,23,2018,Ohio State,Big Ten,1,2,0.333,5.55,33,0,,0,0,0,35.2,44,23,22,2,14,1,25,5,0,0,167,1.626,11.1,0.5,3.5,6.3,1.79,,player.fcgi?id=michal000kyl
Adam Niemeyer,23,2018,Ohio State,Big Ten,4,3,0.571,6.24,15,15,,0,0,0,66.1,86,54,46,4,23,0,51,9,0,3,317,1.643,11.7,0.5,3.1,6.9,2.22,,player.fcgi?id=niemey000ada
Yianni Pavlopoulos,23,2018,Ohio State,Big Ten,1,4,0.2,4.95,18,5,,0,0,0,36.1,41,24,20,1,33,1,28,4,0,8,182,2.037,10.2,0.2,8.2,6.9,0.85,,player.fcgi?id=pavlop000joh
Griffan Smith*,19,2018,Ohio State,Big Ten,2,2,0.5,5.34,25,2,,0,0,0,32,43,26,19,0,15,2,21,1,1,2,161,1.813,12.1,0,4.2,5.9,1.4,,player.fcgi?id=smith-000gri
Jake Vance,20,2018,Ohio State,Big Ten,3,2,0.6,4.25,14,6,,0,0,0,36,35,18,17,4,14,0,34,9,0,5,162,1.361,8.8,1,3.5,8.5,2.43,,player.fcgi?id=vance-000jak
Thomas Waning,22,2018,Ohio State,Big Ten,0,0,,9.37,18,0,,0,0,0,16.1,21,18,17,2,6,0,13,10,0,2,85,1.653,11.6,1.1,3.3,7.2,2.17,,player.fcgi?id=waning000tho
Austin Woodby,23,2018,Ohio State,Big Ten,5,0,1,2.98,21,0,,0,0,0,45.1,53,18,15,4,14,0,35,1,0,2,197,1.478,10.5,0.8,2.8,6.9,2.5,,player.fcgi?id=woodby000aus
T.J. Brock,19,2019,Ohio State,Big Ten,0,1,0,9,16,0,,0,0,0,31,36,31,31,4,20,0,23,1,1,11,145,1.806,10.5,1.2,5.8,6.7,1.15,,player.fcgi?id=brock-000tj-
Garrett Burhenn,19,2019,Ohio State,Big Ten,6,4,0.6,3.96,15,15,,0,0,0,91,95,45,40,4,31,0,69,5,0,9,389,1.385,9.4,0.4,3.1,6.8,2.23,,player.fcgi?id=burhen000gar
Brady Cherry,22,2019,Ohio State,Big Ten,0,0,,29.7,4,0,,0,0,0,3.1,7,11,11,1,8,0,6,1,0,0,25,4.5,18.9,2.7,21.6,16.2,0.75,,player.fcgi?id=cherry001bra
Joe Gahm,21,2019,Ohio State,Big Ten,1,0,1,3.79,18,0,,0,0,1,19,21,9,8,0,11,0,21,3,0,2,91,1.684,9.9,0,5.2,9.9,1.91,,player.fcgi?id=gahm--000joe
Seth Lonsway*,20,2019,Ohio State,Big Ten,8,4,0.667,3.7,17,17,,1,1,0,92.1,74,47,38,3,59,0,126,3,1,19,416,1.44,7.2,0.3,5.8,12.3,2.14,,player.fcgi?id=lonswa000set
Andrew Magno*,21,2019,Ohio State,Big Ten,5,3,0.625,2.09,31,0,,0,0,14,64.2,45,17,15,1,36,5,75,2,0,4,269,1.253,6.3,0.1,5,10.4,2.08,,player.fcgi?id=magno-000and
Mitch Milheim*,19,2019,Ohio State,Big Ten,1,1,0.5,7.04,16,1,,0,0,0,23,31,23,18,3,11,1,18,5,0,0,113,1.826,12.1,1.2,4.3,7,1.64,,player.fcgi?id=milhei000mit
Will Pfennig,19,2019,Ohio State,Big Ten,2,4,0.333,4.78,24,3,,0,0,2,58.1,64,38,31,6,29,1,53,5,1,5,267,1.594,9.9,0.9,4.5,8.2,1.83,,player.fcgi?id=pfenni000wil
Bayden Root,20,2019,Ohio State,Big Ten,2,3,0.4,5.14,20,0,,0,0,0,35,34,24,20,0,28,0,46,7,0,10,171,1.771,8.7,0,7.2,11.8,1.64,,player.fcgi?id=root--000bay
Griffan Smith*,20,2019,Ohio State,Big Ten,7,5,0.583,4.66,19,17,,2,0,1,96.2,93,55,50,9,41,0,96,9,0,8,431,1.386,8.7,0.8,3.8,8.9,2.34,,player.fcgi?id=smith-000gri
Jake Vance,21,2019,Ohio State,Big Ten,3,2,0.6,6.37,11,9,,0,0,0,41,44,36,29,5,20,0,35,12,0,2,195,1.561,9.7,1.1,4.4,7.7,1.75,,player.fcgi?id=vance-000jak
Thomas Waning,23,2019,Ohio State,Big Ten,1,0,1,4.09,18,1,,0,0,1,22,25,15,10,3,9,0,15,4,1,3,100,1.545,10.2,1.2,3.7,6.1,1.67,,player.fcgi?id=waning000tho
T.J. Brock,20,2020,Ohio State,Big Ten,0,0,,6.48,5,0,,0,0,0,8.1,6,10,6,1,4,0,11,3,1,0,39,1.2,6.5,1.1,4.3,11.9,2.75,,player.fcgi?id=brock-000tj-
Garrett Burhenn,20,2020,Ohio State,Big Ten,2,2,0.5,8.02,4,4,,0,0,0,21.1,35,20,19,3,4,0,29,1,0,1,101,1.828,14.8,1.3,1.7,12.2,7.25,,player.fcgi?id=burhen000gar
Joe Gahm,22,2020,Ohio State,Big Ten,0,0,,4.7,9,0,,0,0,0,7.2,8,6,4,0,3,0,6,1,0,0,33,1.435,9.4,0,3.5,7,2,,player.fcgi?id=gahm--000joe
Ethan Hammerberg,19,2020,Ohio State,Big Ten,0,0,,5.4,3,0,,0,0,0,3.1,4,2,2,0,3,0,7,1,0,0,18,2.1,10.8,0,8.1,18.9,2.33,,player.fcgi?id=hammer000eth
Tyler Kean,19,2020,Ohio State,Big Ten,0,0,,0,1,0,,0,0,0,1,0,0,0,0,1,0,1,0,0,0,4,1,0,0,9,9,1,,player.fcgi?id=kean--000tyl
Wyatt Loncar,19,2020,Ohio State,Big Ten,1,0,1,4.5,3,0,,0,0,0,6,7,6,3,1,7,0,6,0,1,0,31,2.333,10.5,1.5,10.5,9,0.86,,player.fcgi?id=loncar000wya
Seth Lonsway*,21,2020,Ohio State,Big Ten,1,2,0.333,3,4,4,,0,0,0,18,11,9,6,0,18,1,42,2,0,5,83,1.611,5.5,0,9,21,2.33,,player.fcgi?id=lonswa000set
Mitch Milheim*,20,2020,Ohio State,Big Ten,0,0,,1.93,4,1,,0,0,0,9.1,6,2,2,0,3,0,9,2,0,2,38,0.964,5.8,0,2.9,8.7,3,,player.fcgi?id=milhei000mit
Patrick Murphy*,23,2020,Ohio State,Big Ten,1,0,1,6.75,5,0,,0,0,0,5.1,10,5,4,1,4,0,12,1,0,3,34,2.625,16.9,1.7,6.8,20.3,3,,player.fcgi?id=murphy015pat
Will Pfennig,20,2020,Ohio State,Big Ten,0,2,0,4.91,4,1,,0,0,0,7.1,10,8,4,0,3,0,12,3,1,0,39,1.773,12.3,0,3.7,14.7,4,,player.fcgi?id=pfenni000wil
Bayden Root,21,2020,Ohio State,Big Ten,1,1,0.5,5.23,6,0,,0,0,1,10.1,13,6,6,0,3,0,13,1,0,1,46,1.548,11.3,0,2.6,11.3,4.33,,player.fcgi?id=root--000bay
Griffan Smith*,21,2020,Ohio State,Big Ten,0,1,0,2.76,4,4,,0,0,0,16.1,18,5,5,3,5,0,16,3,0,0,74,1.408,9.9,1.7,2.8,8.8,3.2,,player.fcgi?id=smith-000gri
Jake Vance,22,2020,Ohio State,Big Ten,0,0,,4.26,3,0,,0,0,0,6.1,6,3,3,1,5,0,6,1,0,0,29,1.737,8.5,1.4,7.1,8.5,1.2,,player.fcgi?id=vance-000jak
T.J. Brock,21,2021,Ohio State,Big Ten,0,1,0,2.08,19,0,,0,0,9,21.2,15,5,5,0,16,1,33,5,1,7,98,1.431,6.2,0,6.6,13.7,2.06,,player.fcgi?id=brock-000tj-
Garrett Burhenn,21,2021,Ohio State,Big Ten,7,2,0.778,3.81,13,13,,1,0,0,80.1,73,36,34,7,27,0,91,11,0,3,342,1.245,8.2,0.8,3,10.2,3.37,,player.fcgi?id=burhen000gar
Isaiah Coupet*,18,2021,Ohio State,Big Ten,0,3,0,3.63,9,1,,0,0,1,17.1,17,12,7,2,6,0,29,1,0,3,78,1.327,8.8,1,3.1,15.1,4.83,,player.fcgi?id=coupet000isa
Joe Gahm,23,2021,Ohio State,Big Ten,1,0,1,4.26,13,0,,0,0,0,6.1,9,3,3,1,5,0,9,1,0,0,35,2.211,12.8,1.4,7.1,12.8,1.8,,player.fcgi?id=gahm--000joe
Nate Haberthier,19,2021,Ohio State,Big Ten,0,1,0,14.04,6,1,,0,0,0,8.1,19,16,13,2,3,0,10,2,0,4,50,2.64,20.5,2.2,3.2,10.8,3.33,,player.fcgi?id=habert000nat
Ethan Hammerberg,20,2021,Ohio State,Big Ten,0,0,,6.35,6,0,,0,0,0,5.2,5,4,4,0,6,0,9,1,1,4,30,1.941,7.9,0,9.5,14.3,1.5,,player.fcgi?id=hammer000eth
Trent Jones,19,2021,Ohio State,Big Ten,0,0,,0,4,0,,0,0,0,2.2,3,2,0,0,0,0,2,0,0,2,12,1.125,10.1,0,0,6.8,,,player.fcgi?id=jones-010tre
Tyler Kean,20,2021,Ohio State,Big Ten,1,0,1,0.96,6,0,,0,0,0,9.1,8,2,1,0,9,1,7,1,0,1,45,1.821,7.7,0,8.7,6.8,0.78,,player.fcgi?id=kean--000tyl
Wyatt Loncar,20,2021,Ohio State,Big Ten,0,0,,2.7,4,0,,0,0,0,6.2,5,2,2,0,3,0,5,3,1,2,29,1.2,6.8,0,4.1,6.8,1.67,,player.fcgi?id=loncar000wya
Seth Lonsway*,22,2021,Ohio State,Big Ten,3,5,0.375,4.37,12,12,,1,1,0,68,40,35,33,6,43,0,98,12,0,12,297,1.221,5.3,0.8,5.7,13,2.28,,player.fcgi?id=lonswa000set
Mitch Milheim*,21,2021,Ohio State,Big Ten,0,0,,6.75,3,0,,0,0,0,2.2,2,2,2,0,2,0,5,3,0,2,16,1.5,6.8,0,6.8,16.9,2.5,,player.fcgi?id=milhei000mit
Patrick Murphy*,24,2021,Ohio State,Big Ten,3,1,0.75,6.57,15,0,,0,0,0,24.2,27,19,18,2,12,0,23,1,0,3,114,1.581,9.9,0.7,4.4,8.4,1.92,,player.fcgi?id=murphy015pat
Jack Neely,21,2021,Ohio State,Big Ten,2,3,0.4,6.1,12,9,,0,0,0,41.1,35,28,28,9,24,0,62,13,0,3,191,1.427,7.6,2,5.2,13.5,2.58,,player.fcgi?id=neely-000jac
Will Pfennig,21,2021,Ohio State,Big Ten,1,3,0.25,6.82,10,5,,0,0,0,33,31,28,25,5,13,0,26,4,1,3,144,1.333,8.5,1.4,3.5,7.1,2,,player.fcgi?id=pfenni000wil
Bayden Root,22,2021,Ohio State,Big Ten,3,1,0.75,5.64,15,0,,0,0,1,22.1,28,19,14,2,11,1,27,8,0,3,115,1.746,11.3,0.8,4.4,10.9,2.45,,player.fcgi?id=root--000bay
Griffan Smith*,22,2021,Ohio State,Big Ten,1,0,1,5.79,10,1,,0,0,0,18.2,20,12,12,6,4,0,16,2,0,2,79,1.286,9.6,2.9,1.9,7.7,4,,player.fcgi?id=smith-000gri
Jake Vance,23,2021,Ohio State,Big Ten,0,0,,13.5,1,0,,0,0,0,0.2,2,1,1,0,1,0,0,0,0,0,5,4.5,27,0,13.5,0,0,,player.fcgi?id=vance-000jak
Tim Baird,20,2022,Ohio State,Big Ten,2,1,0.667,8.41,17,0,,0,0,0,20.1,19,26,19,2,19,1,25,4,0,4,103,1.869,8.4,0.9,8.4,11.1,1.32,,player.fcgi?id=baird-000tim
T.J. Brock,22,2022,Ohio State,Big Ten,1,2,0.333,3.78,11,1,,0,0,2,16.2,13,7,7,1,10,0,23,2,3,5,73,1.38,7,0.5,5.4,12.4,2.3,,player.fcgi?id=brock-000tj-
Gavin Bruni*,19,2022,Ohio State,Big Ten,0,0,,8.38,8,3,,0,0,0,9.2,10,10,9,2,13,0,13,1,1,1,53,2.379,9.3,1.9,12.1,12.1,1,,player.fcgi?id=bruni-000gav
Nolan Clegg,23,2022,Ohio State,Big Ten,0,0,,3.86,3,0,,0,0,1,2.1,1,1,1,0,0,0,1,1,0,0,9,0.429,3.9,0,0,3.9,,,player.fcgi?id=clegg-000nol
Isaiah Coupet*,19,2022,Ohio State,Big Ten,5,5,0.5,5.71,13,13,,0,0,0,64.2,49,52,41,9,41,0,98,7,0,6,300,1.392,6.8,1.3,5.7,13.6,2.39,,player.fcgi?id=coupet000isa
Aaron Funk,23,2022,Ohio State,Big Ten,0,2,0,5.91,13,5,,0,0,1,32,37,27,21,10,16,0,28,1,0,5,149,1.656,10.4,2.8,4.5,7.9,1.75,,player.fcgi?id=funk--001aar
Jacob Gehring,19,2022,Ohio State,Big Ten,0,3,0,8.64,9,4,,0,0,0,25,29,24,24,9,11,0,16,5,0,3,117,1.6,10.4,3.2,4,5.8,1.45,,player.fcgi?id=gehrin000jac
Nate Haberthier,20,2022,Ohio State,Big Ten,0,6,0,6.75,14,13,,1,0,0,70.2,87,58,53,16,16,0,54,6,2,5,324,1.458,11.1,2,2,6.9,3.38,,player.fcgi?id=habert000nat
Ethan Hammerberg,21,2022,Ohio State,Big Ten,2,4,0.333,4.54,25,0,,0,0,6,35.2,32,20,18,9,9,0,49,11,1,6,158,1.15,8.1,2.3,2.3,12.4,5.44,,player.fcgi?id=hammer000eth
Jake Johnson,19,2022,Ohio State,Big Ten,2,2,0.5,4.71,25,0,,0,0,0,28.2,30,17,15,5,17,0,31,3,0,1,135,1.64,9.4,1.6,5.3,9.7,1.82,,player.fcgi?id=johnso010jak
Trent Jones,20,2022,Ohio State,Big Ten,0,0,,12.34,14,0,,0,0,0,11.2,22,20,16,2,10,0,8,3,0,1,69,2.743,17,1.5,7.7,6.2,0.8,,player.fcgi?id=jones-010tre
Nate Karaffa,21,2022,Ohio State,Big Ten,3,1,0.75,6.35,25,0,,0,0,0,28.1,38,24,20,0,14,0,36,5,0,11,142,1.835,12.1,0,4.4,11.4,2.57,,player.fcgi?id=karaff000nat
Tyler Kean,21,2022,Ohio State,Big Ten,1,0,1,8.53,5,1,,0,0,0,6.1,7,6,6,2,7,0,5,1,0,0,33,2.211,9.9,2.8,9.9,7.1,0.71,,player.fcgi?id=kean--000tyl
Wyatt Loncar,21,2022,Ohio State,Big Ten,2,4,0.333,4.56,13,10,,0,0,0,51.1,43,28,26,6,30,0,73,7,1,7,239,1.422,7.5,1.1,5.3,12.8,2.43,,player.fcgi?id=loncar000wya
Mitch Milheim*,22,2022,Ohio State,Big Ten,0,0,,23.63,4,0,,0,0,0,2.2,5,8,7,1,5,0,0,1,0,0,20,3.75,16.9,3.4,16.9,0,0,,player.fcgi?id=milhei000mit
Garrett Peters*,21,2022,Ohio State,Big Ten,1,0,1,4.76,5,0,,0,0,0,5.2,6,3,3,0,3,0,8,0,0,2,25,1.588,9.5,0,4.8,12.7,2.67,,player.fcgi?id=peters006gar
Will Pfennig,22,2022,Ohio State,Big Ten,1,0,1,10.89,10,1,,0,0,0,19,34,28,23,7,7,0,11,6,0,1,104,2.158,16.1,3.3,3.3,5.2,1.57,,player.fcgi?id=pfenni000wil
Griffan Smith*,23,2022,Ohio State,Big Ten,1,0,1,7.36,8,0,,0,0,0,14.2,16,15,12,0,5,0,11,4,0,2,71,1.432,9.8,0,3.1,6.8,2.2,,player.fcgi?id=smith-000gri
Tim Baird,21,2023,Ohio State,Big Ten,0,1,0,81,1,0,,0,0,0,0.1,0,3,3,0,3,0,0,0,0,0,4,9,0,0,81,0,0,,player.fcgi?id=baird-000tim
Landon Beidelschies*,19,2023,Ohio State,Big Ten,0,2,0,4.15,24,1,,0,0,7,30.1,26,18,14,4,21,0,45,8,0,2,145,1.549,7.7,1.2,6.2,13.4,2.14,,player.fcgi?id=beidel000lan
Gavin Bruni*,20,2023,Ohio State,Big Ten,5,3,0.625,4.87,14,14,,0,0,0,57.1,50,36,31,7,42,0,73,4,0,7,263,1.605,7.8,1.1,6.6,11.5,1.74,,player.fcgi?id=bruni-000gav
Jameson Campbell,--,2023,Ohio State,Big Ten,1,0,1,6.17,10,0,,0,0,0,11.2,15,8,8,2,9,0,14,3,0,0,60,2.057,11.6,1.5,6.9,10.8,1.56,,player.fcgi?id=campbe018jam
Nolan Clegg,24,2023,Ohio State,Big Ten,1,1,0.5,4.93,32,0,,0,0,1,38.1,33,22,21,6,14,0,37,10,1,2,171,1.226,7.7,1.4,3.3,8.7,2.64,,player.fcgi?id=clegg-000nol
Isaiah Coupet*,20,2023,Ohio State,Big Ten,4,3,0.571,3.55,11,10,,0,0,0,50.2,41,23,20,5,16,0,72,3,1,3,208,1.125,7.3,0.9,2.8,12.8,4.5,,player.fcgi?id=coupet000isa
Justin Eckhardt,23,2023,Ohio State,Big Ten,4,3,0.571,6.17,21,6,,0,0,0,46.2,51,38,32,5,18,0,36,2,0,2,207,1.479,9.8,1,3.5,6.9,2,,player.fcgi?id=eckhar000jus
George Eisenhardt,20,2023,Ohio State,Big Ten,2,2,0.5,6.66,12,5,,0,0,0,25.2,22,22,19,2,21,0,14,11,0,3,129,1.675,7.7,0.7,7.4,4.9,0.67,,player.fcgi?id=eisenh000geo
Jacob Gehring,20,2023,Ohio State,Big Ten,1,3,0.25,10.07,21,1,,0,0,0,19.2,25,22,22,3,14,1,21,4,1,4,98,1.983,11.4,1.4,6.4,9.6,1.5,,player.fcgi?id=gehrin000jac
Jonah Jenkins,24,2023,Ohio State,Big Ten,6,4,0.6,3.81,19,6,,0,0,2,56.2,55,26,24,9,19,0,44,4,0,3,240,1.306,8.7,1.4,3,7,2.32,,player.fcgi?id=jenkin002jon
Jake Johnson,20,2023,Ohio State,Big Ten,1,0,1,4.82,20,0,,0,0,1,18.2,20,12,10,5,10,0,17,3,1,1,89,1.607,9.6,2.4,4.8,8.2,1.7,,player.fcgi?id=johnso010jak
Jaylen Jones*,20,2023,Ohio State,Big Ten,0,1,0,7.04,20,4,,0,0,0,23,18,20,18,1,22,0,28,10,0,4,116,1.739,7,0.4,8.6,11,1.27,,player.fcgi?id=jones-002jay
Logan Jones,21,2023,Ohio State,Big Ten,0,0,,3.72,9,0,,0,0,1,9.2,7,4,4,0,8,0,12,0,0,0,43,1.552,6.5,0,7.4,11.2,1.5,,player.fcgi?id=jones-006log
Wyatt Loncar,22,2023,Ohio State,Big Ten,1,0,1,7.2,17,0,,0,0,0,20,30,22,16,1,15,0,25,5,0,8,110,2.25,13.5,0.5,6.8,11.3,1.67,,player.fcgi?id=loncar000wya
Cole Pauley,19,2023,Ohio State,Big Ten,0,0,,4.15,9,0,,0,0,0,8.2,4,4,4,1,12,0,6,3,1,0,43,1.846,4.2,1,12.5,6.2,0.5,,player.fcgi?id=pauley000col
Will Pfennig,23,2023,Ohio State,Big Ten,1,0,1,7.83,14,2,,0,0,0,23,24,21,20,0,9,0,17,5,1,0,105,1.435,9.4,0,3.5,6.7,1.89,,player.fcgi?id=pfenni000wil
Landon Price*,19,2023,Ohio State,Big Ten,0,0,,9,3,0,,0,0,0,2,6,2,2,1,1,0,1,0,0,1,13,3.5,27,4.5,4.5,4.5,1,,player.fcgi?id=price-000lan
Blayne Robinson*,23,2023,Ohio State,Big Ten,2,0,1,6.6,18,1,,0,0,0,15,20,13,11,0,11,0,16,6,0,1,81,2.067,12,0,6.6,9.6,1.45,,player.fcgi?id=robins002bla
Josh Timmerman,20,2023,Ohio State,Big Ten,2,2,0.5,8.37,13,6,,0,0,0,23.2,21,23,22,4,20,0,36,4,2,3,114,1.732,8,1.5,7.6,13.7,1.8,,player.fcgi?id=timmer000jos
Tim Baird,22,2024,Ohio State,Big Ten,0,0,,11.57,6,0,,0,0,0,2.1,4,3,3,0,5,0,4,2,0,1,18,3.857,15.4,0,19.3,15.4,0.8,,player.fcgi?id=baird-000tim
Landon Beidelschies*,20,2024,Ohio State,Big Ten,6,7,0.462,4.15,15,15,,0,0,0,84.2,71,41,39,10,31,0,91,9,2,9,352,1.205,7.5,1.1,3.3,9.7,2.94,,player.fcgi?id=beidel000lan
Zach Brown,19,2024,Ohio State,Big Ten,4,0,1,4.22,25,0,,0,0,0,42.2,47,22,20,3,21,2,23,5,1,2,192,1.594,9.9,0.6,4.4,4.9,1.1,,player.fcgi?id=brown-014zac
Gavin Bruni*,21,2024,Ohio State,Big Ten,3,3,0.5,6.19,13,12,,0,0,0,52.1,45,40,36,9,42,0,54,4,0,3,244,1.662,7.7,1.5,7.2,9.3,1.29,,player.fcgi?id=bruni-000gav
Gavin DeVooght,19,2024,Ohio State,Big Ten,2,3,0.4,5.08,18,8,,0,0,0,44.1,43,27,25,5,22,0,37,7,2,7,203,1.466,8.7,1,4.5,7.5,1.68,,player.fcgi?id=devoog000gav
Justin Eckhardt,24,2024,Ohio State,Big Ten,0,3,0,6.3,19,1,,0,0,6,20,28,16,14,1,14,0,14,4,1,1,104,2.1,12.6,0.5,6.3,6.3,1,,player.fcgi?id=eckhar000jus
Andrew Edrington,19,2024,Ohio State,Big Ten,0,0,,14.73,6,0,,0,0,0,3.2,5,6,6,0,5,0,5,1,0,0,22,2.727,12.3,0,12.3,12.3,1,,player.fcgi?id=edring000and
Chase Herrell,20,2024,Ohio State,Big Ten,3,1,0.75,4.5,19,5,,0,0,0,40,42,22,20,1,23,1,32,4,1,3,188,1.625,9.5,0.2,5.2,7.2,1.39,,player.fcgi?id=herrel000cha
Jaylen Jones*,21,2024,Ohio State,Big Ten,0,0,,17.36,7,0,,0,0,0,4.2,7,9,9,0,7,0,5,3,0,4,30,3,13.5,0,13.5,9.6,0.71,,player.fcgi?id=jones-002jay
Logan Jones,22,2024,Ohio State,Big Ten,0,0,,20.25,12,0,,0,0,0,9.1,15,22,21,5,11,0,12,0,0,1,54,2.786,14.5,4.8,10.6,11.6,1.09,,player.fcgi?id=jones-006log
Jake Michalak,19,2024,Ohio State,Big Ten,0,0,,10.97,10,0,,0,0,0,10.2,7,18,13,2,19,0,4,5,0,5,64,2.438,5.9,1.7,16,3.4,0.21,,player.fcgi?id=michal001jak
Jacob Morin,24,2024,Ohio State,Big Ten,4,1,0.8,5.72,25,0,,0,0,0,28.1,28,20,18,5,11,0,32,4,0,3,126,1.376,8.9,1.6,3.5,10.2,2.91,,player.fcgi?id=morin-000jac
Colin Purcell,22,2024,Ohio State,Big Ten,3,5,0.375,7.9,18,10,,0,0,0,54.2,78,51,48,12,17,1,38,5,3,0,261,1.738,12.8,2,2.8,6.3,2.24,,player.fcgi?id=purcel000col
Hunter Shaw*,20,2024,Ohio State,Big Ten,2,2,0.5,11.75,17,3,,0,0,1,28.1,41,47,37,8,19,0,24,5,1,2,149,2.118,13,2.5,6,7.6,1.26,,player.fcgi?id=shaw--000hun
Zak Sigman,19,2024,Ohio State,Big Ten,0,0,,0,2,0,,0,0,0,2.1,1,0,0,0,4,0,2,0,0,1,12,2.143,3.9,0,15.4,7.7,0.5,,player.fcgi?id=sigman000zak
Noah Williamson,21,2024,Ohio State,Big Ten,0,0,,14.85,6,1,,0,0,0,6.2,17,13,11,1,1,0,6,2,0,2,42,2.7,23,1.4,1.4,8.1,6,,player.fcgi?id=willia002noa
Blaine Wynk,20,2024,Ohio State,Big Ten,2,1,0.667,3.38,21,0,,0,0,2,40,39,20,15,4,9,0,38,1,0,0,170,1.2,8.8,0.9,2,8.6,4.22,,player.fcgi?id=wynk--000bla
Simon Bargo,19,2025,Ohio State,Big Ten,0,0,,108,2,0,,0,0,0,0.1,0,5,4,0,5,0,0,1,0,2,7,15,0,0,135,0,0,,player.fcgi?id=bargo-000sim
Douglas Bauer,21,2025,Ohio State,Big Ten,3,1,0.75,6.69,21,1,,0,0,0,35,37,29,26,3,18,0,30,7,1,5,165,1.571,9.5,0.8,4.6,7.7,1.67,,player.fcgi?id=bauer-000dou
Hayden Blosser,19,2025,Ohio State,Big Ten,0,0,,6.75,5,0,,0,0,0,2.2,3,2,2,0,1,0,2,4,0,1,15,1.5,10.1,0,3.4,6.8,2,,player.fcgi?id=blosse000hay
Ryan Butler,22,2025,Ohio State,Big Ten,0,1,0,12.43,9,5,,0,0,0,25.1,42,42,35,11,20,0,23,8,1,4,152,2.447,14.9,3.9,7.1,8.2,1.15,,player.fcgi?id=butler001rya
Luke Carrell*,22,2025,Ohio State,Big Ten,1,2,0.333,12.73,18,0,,0,0,0,23.1,27,34,33,4,26,0,30,11,0,9,129,2.271,10.4,1.5,10,11.6,1.15,,player.fcgi?id=carrel000luk
Nik Copenhaver,20,2025,Ohio State,Big Ten,0,2,0,7.16,19,1,,0,0,0,27.2,33,23,22,4,26,0,28,2,0,5,145,2.133,10.7,1.3,8.5,9.1,1.08,,player.fcgi?id=copenh000nik
Drew Erdmann,20,2025,Ohio State,Big Ten,0,8,0,13.14,15,9,,0,0,1,37.2,56,57,55,8,33,0,31,8,0,10,204,2.363,13.4,1.9,7.9,7.4,0.94,,player.fcgi?id=erdman000dre
Charlie Giese,20,2025,Ohio State,Big Ten,0,1,0,11.17,10,0,,0,0,0,9.2,10,14,12,1,7,0,5,3,0,3,49,1.759,9.3,0.9,6.5,4.7,0.71,,player.fcgi?id=giese-000cha
Chase Herrell,21,2025,Ohio State,Big Ten,1,1,0.5,5.74,5,5,,0,0,0,26.2,26,19,17,6,10,0,23,2,0,1,119,1.35,8.8,2,3.4,7.8,2.3,,player.fcgi?id=herrel000cha
Spencer Hill,23,2025,Ohio State,Big Ten,0,0,,16.88,6,0,,0,0,0,2.2,5,6,5,0,9,0,4,2,0,2,24,5.25,16.9,0,30.4,13.5,0.44,,player.fcgi?id=hill--000spe
Gavin Kuzniewski,19,2025,Ohio State,Big Ten,3,5,0.375,6.75,18,7,,0,0,0,56,61,53,42,9,37,0,43,7,0,4,266,1.75,9.8,1.4,5.9,6.9,1.16,,player.fcgi?id=kuznie000gav
Noah LaFine,19,2025,Ohio State,Big Ten,0,1,0,21.86,5,0,,0,0,0,7,15,20,17,7,8,0,3,3,0,2,45,3.286,19.3,9,10.3,3.9,0.38,,player.fcgi?id=lafine000noa
Tannis Lange*,19,2025,Ohio State,Big Ten,0,0,,16.2,10,0,,0,0,0,11.2,19,23,21,2,14,0,9,5,0,11,73,2.829,14.7,1.5,10.8,6.9,0.64,,player.fcgi?id=lange-000tan
Jake Michalak,20,2025,Ohio State,Big Ten,1,7,0.125,12.15,14,14,,0,0,0,46.2,63,72,63,6,58,0,49,16,0,8,277,2.593,12.2,1.2,11.2,9.5,0.84,,player.fcgi?id=michal001jak
Sahil Patel*,21,2025,Ohio State,Big Ten,0,0,,9.38,15,1,,0,0,0,31.2,33,38,33,6,42,1,40,7,0,15,174,2.368,9.4,1.7,11.9,11.4,0.95,,player.fcgi?id=patel-000sah
Zev Salsberg,20,2025,Ohio State,Big Ten,0,0,,7.88,10,0,,0,0,0,8,12,7,7,1,4,0,3,1,1,0,39,2,13.5,1.1,4.5,3.4,0.75,,player.fcgi?id=salsbe000zev
Hunter Shaw*,21,2025,Ohio State,Big Ten,3,5,0.375,6.09,19,2,,0,0,1,44.1,42,33,30,5,13,0,35,6,0,4,193,1.241,8.5,1,2.6,7.1,2.69,,player.fcgi?id=shaw--000hun
Zak Sigman,20,2025,Ohio State,Big Ten,0,1,0,6.23,10,2,,0,0,0,13,17,12,9,3,12,1,16,0,0,2,71,2.231,11.8,2.1,8.3,11.1,1.33,,player.fcgi?id=sigman000zak
Blaine Wynk,21,2025,Ohio State,Big Ten,1,2,0.333,15.58,5,3,,0,0,0,8.2,15,16,15,4,9,1,13,1,0,0,51,2.769,15.6,4.2,9.3,13.5,1.44,,player.fcgi?id=wynk--000bla
Douglas Bauer,22,2026,Ohio State,Big Ten,0,0,,0,2,0,,0,0,1,1.1,0,0,0,0,1,0,0,0,0,0,4,0.75,0,0,6.8,0,0,,player.fcgi?id=bauer-000dou
Ryan Butler,23,2026,Ohio State,Big Ten,0,1,0,18,5,5,,0,0,0,7,15,18,14,1,7,0,9,3,0,1,46,3.143,19.3,1.3,9,11.6,1.29,,player.fcgi?id=butler001rya
Luke Carrell*,23,2026,Ohio State,Big Ten,1,0,1,4.5,27,0,,0,0,1,26,27,17,13,3,5,1,28,5,0,4,117,1.231,9.3,1,1.7,9.7,5.6,,player.fcgi?id=carrel000luk
Jack Cecil,21,2026,Ohio State,Big Ten,0,0,,7.71,5,0,,0,0,0,7,8,6,6,1,8,0,8,1,0,1,38,2.286,10.3,1.3,10.3,10.3,1,,player.fcgi?id=cecil-000jac
Nik Copenhaver,21,2026,Ohio State,Big Ten,0,0,,27,5,0,,0,0,0,1.1,1,4,4,0,6,0,1,0,0,0,10,5.25,6.8,0,40.5,6.8,0.17,,player.fcgi?id=copenh000nik
Chris Domke,22,2026,Ohio State,Big Ten,6,6,0.5,5.55,14,13,,2,0,0,73,76,49,45,15,21,0,59,7,0,2,318,1.329,9.4,1.8,2.6,7.3,2.81,,player.fcgi?id=domke-000chr
Andrew Edrington,21,2026,Ohio State,Big Ten,0,2,0,4.08,18,0,,0,0,1,17.2,19,11,8,1,15,0,21,2,0,0,87,1.925,9.7,0.5,7.6,10.7,1.4,,player.fcgi?id=edring000and
Jude Fisher,19,2026,Ohio State,Big Ten,1,2,0.333,9.26,3,3,,0,0,0,11.2,13,12,12,2,5,0,13,1,0,0,53,1.543,10,1.5,3.9,10,2.6,,player.fcgi?id=fisher000jud
Owen Graf,19,2026,Ohio State,Big Ten,0,1,0,6.75,4,0,,0,0,0,5.1,5,4,4,2,8,0,10,0,0,1,28,2.438,8.4,3.4,13.5,16.9,1.25,,player.fcgi?id=graf--000owe
Pierce Herrenbruck,21,2026,Ohio State,Big Ten,7,3,0.7,3.72,15,15,,1,0,0,82.1,82,44,34,8,24,2,58,15,0,5,368,1.287,9,0.9,2.6,6.3,2.42,,player.fcgi?id=herren000pie
Gavin Kuzniewski,20,2026,Ohio State,Big Ten,6,3,0.667,4.66,15,15,,1,1,0,83,70,50,43,11,40,0,69,15,0,8,369,1.325,7.6,1.2,4.3,7.5,1.73,,player.fcgi?id=kuznie000gav
Caden Marcum,22,2026,Ohio State,Big Ten,0,0,,67.5,2,0,,0,0,0,0.2,0,5,5,0,5,0,1,1,0,0,8,7.5,0,0,67.5,13.5,0.2,,player.fcgi?id=marcum000cad
Lincoln McVicker,20,2026,Ohio State,Big Ten,0,1,0,3.95,21,1,,0,0,0,27.1,23,12,12,4,11,0,32,4,1,3,122,1.244,7.6,1.3,3.6,10.5,2.91,,player.fcgi?id=mcvick000lin
Jake Michalak,21,2026,Ohio State,Big Ten,5,2,0.714,4.5,20,0,,0,0,1,44,37,28,22,3,26,0,46,11,0,2,207,1.432,7.6,0.6,5.3,9.4,1.77,,player.fcgi?id=michal001jak
Sahil Patel*,22,2026,Ohio State,Big Ten,1,1,0.5,8.71,10,3,,0,0,0,20.2,24,22,20,4,18,0,26,2,0,1,102,2.032,10.5,1.7,7.8,11.3,1.44,,player.fcgi?id=patel-000sah
Nick Sawyer,21,2026,Ohio State,Big Ten,0,2,0,5.4,19,0,,0,0,0,18.1,21,12,11,1,8,1,21,5,0,0,86,1.582,10.3,0.5,3.9,10.3,2.63,,player.fcgi?id=sawyer003nic
Zak Sigman,21,2026,Ohio State,Big Ten,1,1,0.5,8.74,5,0,,0,0,0,11.1,17,12,11,4,8,0,11,1,0,1,60,2.206,13.5,3.2,6.4,8.7,1.38,,player.fcgi?id=sigman000zak
Zach Weber,23,2026,Ohio State,Big Ten,0,0,,6,6,0,,0,0,0,6,2,6,4,0,6,0,8,2,0,3,28,1.333,3,0,9,12,1.33,,player.fcgi?id=weber-002zac
Ryan Zamora,22,2026,Ohio State,Big Ten,2,0,1,3.79,21,0,,0,0,3,35.2,27,18,15,1,24,1,39,6,0,6,162,1.43,6.8,0.3,6.1,9.8,1.63,,player.fcgi?id=zamora000rya
Jesse Alfreno?,--,2011,Penn State,Big Ten,,,,3.38,,0,,,0,,13.1,13,7,5,,5,,3,,,,,1.35,8.8,,3.4,2,0.6,,player.fcgi?id=alfren000jes
Geoff Boylston*,19,2011,Penn State,Big Ten,,,,1.85,,0,,,0,,24.1,19,7,5,,11,,13,,,,,1.233,7,,4.1,4.8,1.18,,player.fcgi?id=boylst000geo
Evan Dixon?,--,2011,Penn State,Big Ten,,,,5.73,,1,,,0,,11,13,9,7,,5,,3,,,,,1.636,10.6,,4.1,2.5,0.6,,player.fcgi?id=dixon-000eva
Scott Dixon?,--,2011,Penn State,Big Ten,,,,11.25,,0,,,0,,4,5,5,5,,7,,3,,,,,3,11.3,,15.8,6.8,0.43,,player.fcgi?id=dixon-002sco
Tim Dunn?,--,2011,Penn State,Big Ten,,,,3.46,,2,,,0,,13,11,5,5,,6,,4,,,,,1.308,7.6,,4.2,2.8,0.67,,player.fcgi?id=dunn--002tim
Mike Franklin?,--,2011,Penn State,Big Ten,,,,4.13,,9,,,0,,52.1,54,30,24,,23,,26,,,,,1.471,9.3,,4,4.5,1.13,,player.fcgi?id=frankl000mik
Neal Herring?,--,2011,Penn State,Big Ten,,,,3.94,,0,,,0,,32,24,15,14,,15,,24,,,,,1.219,6.8,,4.2,6.8,1.6,,player.fcgi?id=herrin000nea
Steven Hill?,--,2011,Penn State,Big Ten,,,,2.53,,15,,,2,,103.1,110,38,29,,12,,58,,,,,1.181,9.6,,1,5.1,4.83,,player.fcgi?id=hill--008ste
Ryan Ignas?,--,2011,Penn State,Big Ten,,,,2.86,,0,,,0,,28.1,22,13,9,,6,,12,,,,,0.988,7,,1.9,3.8,2,,player.fcgi?id=ignas-000rya
T.J. Jann?,--,2011,Penn State,Big Ten,,,,0,,0,,,0,,3.1,0,0,0,,3,,0,,,,,0.9,0,,8.1,0,0,,player.fcgi?id=jann--000tj-
Heath Johnson,22,2011,Penn State,Big Ten,,,,4.13,,8,,,0,,48,41,26,22,,33,,28,,,,,1.542,7.7,,6.2,5.3,0.85,,player.fcgi?id=johnso003tyl
Luis Montesinos?,--,2011,Penn State,Big Ten,,,,18,,0,,,0,,1,3,2,2,,1,,0,,,,,4,27,,9,0,0,,player.fcgi?id=montes002lui
Mike Pierce?,--,2011,Penn State,Big Ten,,,,2.16,,0,,,0,,8.1,9,5,2,,1,,9,,,,,1.2,9.7,,1.1,9.7,9,,player.fcgi?id=pierce003mik
David Walkling?,--,2011,Penn State,Big Ten,,,,1.71,,2,,,0,,21,13,4,4,,7,,28,,,,,0.952,5.6,,3,12,4,,player.fcgi?id=walkli000dav
Johnny Walter,20,2011,Penn State,Big Ten,,,,3.13,,15,,,0,,86.1,72,39,30,,53,,59,,,,,1.448,7.5,,5.5,6.2,1.11,,player.fcgi?id=walter007joh
Greg Welsh*,19,2011,Penn State,Big Ten,,,,4.23,,2,,,0,,38.1,49,32,18,,13,,23,,,,,1.617,11.5,,3.1,5.4,1.77,,player.fcgi?id=welsh-000gre
Evan Dixon?,--,2012,Penn State,Big Ten,1,1,0.5,7.56,16,0,,,0,2,8.1,8,8,7,2,11,1,9,2,0,0,47,2.28,8.6,2.2,11.9,9.7,0.82,,player.fcgi?id=dixon-000eva
Tim Dunn?,--,2012,Penn State,Big Ten,3,1,0.75,4.39,15,0,,,0,0,26.2,27,15,13,1,9,0,24,4,0,0,120,1.35,9.1,0.3,3,8.1,2.67,,player.fcgi?id=dunn--002tim
Mike Franklin?,--,2012,Penn State,Big Ten,3,3,0.5,4.81,13,8,,,1,0,48.2,44,28,26,0,24,0,42,5,0,10,218,1.397,8.1,0,4.4,7.8,1.75,,player.fcgi?id=frankl000mik
Neal Herring?,--,2012,Penn State,Big Ten,1,1,0.5,6.06,16,0,,,0,0,16.1,21,17,11,0,16,0,15,3,0,0,89,2.265,11.6,0,8.8,8.3,0.94,,player.fcgi?id=herrin000nea
Steven Hill?,--,2012,Penn State,Big Ten,5,4,0.556,3.84,15,15,,,1,0,100.2,107,50,43,4,22,1,60,8,1,7,436,1.281,9.6,0.4,2,5.4,2.73,,player.fcgi?id=hill--008ste
Joseph Kurrasch*,21,2012,Penn State,Big Ten,4,2,0.667,2.05,16,11,,,0,0,87.2,68,26,20,1,46,1,78,2,0,5,371,1.3,7,0.1,4.7,8,1.7,,player.fcgi?id=kurras000jos
Cody Lewis?,--,2012,Penn State,Big Ten,3,4,0.429,7.44,12,6,,,0,0,32.2,48,31,27,0,20,0,20,1,0,5,162,2.082,13.2,0,5.5,5.5,1,,player.fcgi?id=lewis-001cod
Patton Taylor?,--,2012,Penn State,Big Ten,1,0,1,6.23,3,1,,,0,0,4.1,6,3,3,0,2,0,4,1,0,0,21,1.846,12.5,0,4.2,8.3,2,,player.fcgi?id=taylor000pat
David Walkling?,--,2012,Penn State,Big Ten,1,1,0.5,3.74,20,0,,,0,7,21.2,20,12,9,0,8,1,25,3,1,2,97,1.292,8.3,0,3.3,10.4,3.13,,player.fcgi?id=walkli000dav
Johnny Walter,21,2012,Penn State,Big Ten,2,8,0.2,5.07,15,14,,,0,0,81.2,91,52,46,2,49,0,81,8,0,8,384,1.714,10,0.2,5.4,8.9,1.65,,player.fcgi?id=walter007joh
Greg Welsh*,20,2012,Penn State,Big Ten,4,2,0.667,3.68,25,1,,,0,1,36.2,36,20,15,0,22,1,26,6,1,5,177,1.582,8.8,0,5.4,6.4,1.18,,player.fcgi?id=welsh-000gre
Jack Anderson,19,2013,Penn State,Big Ten,0,0,,9.2,14,0,,,0,2,14.2,24,20,15,0,13,0,5,4,1,1,83,2.523,14.7,0,8,3.1,0.38,,player.fcgi?id=anders007jac
Geoff Boylston*,21,2013,Penn State,Big Ten,0,0,,5.84,12,0,,,0,0,12.1,8,12,8,0,12,0,10,8,1,4,68,1.622,5.8,0,8.8,7.3,0.83,,player.fcgi?id=boylst000geo
Evan Dixon?,--,2013,Penn State,Big Ten,0,0,,0,1,0,,,0,0,0.1,2,1,0,0,0,0,0,0,0,1,4,6,54,0,0,0,,,player.fcgi?id=dixon-000eva
Jordan Donmoyer?,--,2013,Penn State,Big Ten,0,0,,0,2,0,,,0,0,1.2,1,1,0,0,1,0,2,0,0,0,7,1.2,5.4,0,5.4,10.8,2,,player.fcgi?id=donmoy000jor
Tim Dunn?,--,2013,Penn State,Big Ten,1,1,0.5,4.5,7,1,,,0,0,12,17,12,6,0,5,0,4,3,0,0,63,1.833,12.8,0,3.8,3,0.8,,player.fcgi?id=dunn--002tim
Zach Ell?,--,2013,Penn State,Big Ten,0,0,,13.5,1,0,,,0,0,2,2,3,3,0,3,0,0,1,0,1,11,2.5,9,0,13.5,0,0,,player.fcgi?id=ell---000zac
Blake Estep,--,2013,Penn State,Big Ten,0,0,,7.2,9,0,,,0,1,10,16,9,8,0,6,0,6,2,1,2,53,2.2,14.4,0,5.4,5.4,1,,player.fcgi?id=estep-000bla
Ryan Harper,20,2013,Penn State,Big Ten,1,3,0.25,6.12,17,7,,,0,0,42.2,60,37,29,3,26,0,22,1,1,6,216,2.016,12.7,0.6,5.5,4.6,0.85,,player.fcgi?id=harper000rya
Nick Hedge?,--,2013,Penn State,Big Ten,0,1,0,5.03,16,5,,,0,0,39.1,38,31,22,3,13,1,20,5,1,2,168,1.297,8.7,0.7,3,4.6,1.54,,player.fcgi?id=hedge-000nic
Neal Herring?,--,2013,Penn State,Big Ten,2,1,0.667,3.45,9,1,,,0,1,15.2,16,9,6,0,8,0,7,1,0,3,69,1.532,9.2,0,4.6,4,0.88,,player.fcgi?id=herrin000nea
Steven Hill?,--,2013,Penn State,Big Ten,1,7,0.125,3.72,10,10,,,0,0,67.2,77,38,28,0,26,0,42,5,0,4,302,1.522,10.2,0,3.5,5.6,1.62,,player.fcgi?id=hill--008ste
T.J. Jann?,--,2013,Penn State,Big Ten,1,6,0.143,5.29,11,8,,,0,0,49.1,41,32,29,1,26,0,16,8,1,3,214,1.358,7.5,0.2,4.7,2.9,0.62,,player.fcgi?id=jann--000tj-
Cody Lewis?,--,2013,Penn State,Big Ten,1,2,0.333,2.27,19,0,,,0,2,31.2,21,11,8,0,20,4,37,8,0,4,142,1.295,6,0,5.7,10.5,1.85,,player.fcgi?id=lewis-001cod
Ian Parvin?,--,2013,Penn State,Big Ten,2,2,0.5,5.3,16,0,,,0,0,18.2,29,17,11,0,14,0,14,1,0,3,105,2.304,14,0,6.8,6.8,1,,player.fcgi?id=parvin000ian
Patton Taylor?,--,2013,Penn State,Big Ten,1,3,0.25,8.64,5,4,,,0,0,16.2,19,23,16,1,14,1,15,2,1,2,87,1.98,10.3,0.5,7.6,8.1,1.07,,player.fcgi?id=taylor000pat
David Walkling?,--,2013,Penn State,Big Ten,1,3,0.25,4.03,10,4,,,0,0,29,23,16,13,2,15,0,22,1,0,2,121,1.31,7.1,0.6,4.7,6.8,1.47,,player.fcgi?id=walkli000dav
Greg Welsh*,21,2013,Penn State,Big Ten,3,6,0.333,4.09,10,9,,,1,0,55,62,38,25,1,29,2,37,6,1,4,255,1.655,10.1,0.2,4.7,6.1,1.28,,player.fcgi?id=welsh-000gre
Jack Anderson,20,2014,Penn State,Big Ten,4,2,0.667,5.36,26,0,,,0,5,42,49,26,25,0,14,3,32,7,0,3,190,1.5,10.5,0,3,6.9,2.29,,player.fcgi?id=anders007jac
Geoff Boylston*,22,2014,Penn State,Big Ten,2,2,0.5,3.24,10,4,,,0,0,25,27,17,9,1,9,0,17,9,0,3,119,1.44,9.7,0.4,3.2,6.1,1.89,,player.fcgi?id=boylst000geo
Tim Dunn?,--,2014,Penn State,Big Ten,2,4,0.333,2.98,13,8,,,0,0,57.1,53,26,19,3,19,1,21,7,0,3,247,1.256,8.3,0.5,3,3.3,1.11,,player.fcgi?id=dunn--002tim
Zach Ell?,--,2014,Penn State,Big Ten,0,0,,2.25,4,0,,,0,0,4,1,1,1,1,1,0,4,0,0,0,14,0.5,2.3,2.3,2.3,9,4,,player.fcgi?id=ell---000zac
Dakota Forsyth,--,2014,Penn State,Big Ten,2,3,0.4,4.14,17,2,,,0,1,41.1,36,23,19,1,11,1,14,4,0,1,172,1.137,7.8,0.2,2.4,3,1.27,,player.fcgi?id=forsyt000dak
Ryan Harper,21,2014,Penn State,Big Ten,1,0,1,6.67,19,0,,,0,1,29.2,36,25,22,3,11,0,15,2,0,3,134,1.584,10.9,0.9,3.3,4.6,1.36,,player.fcgi?id=harper000rya
Nick Hedge?,--,2014,Penn State,Big Ten,2,5,0.286,6.45,12,9,,,0,0,37.2,55,31,27,2,10,0,23,4,0,3,183,1.726,13.1,0.5,2.4,5.5,2.3,,player.fcgi?id=hedge-000nic
T.J. Jann?,--,2014,Penn State,Big Ten,1,8,0.111,4.91,13,13,,,0,0,73.1,87,59,40,5,23,0,37,4,0,8,340,1.5,10.7,0.6,2.8,4.5,1.61,,player.fcgi?id=jann--000tj-
Christian Marcin?,--,2014,Penn State,Big Ten,0,0,,10.8,2,0,,,0,0,1.2,5,7,2,1,2,0,3,0,0,2,14,4.2,27,5.4,10.8,16.2,1.5,,player.fcgi?id=marcin000chr
Tom Mullin,19,2014,Penn State,Big Ten,0,0,,5.4,10,0,,,0,0,11.2,16,13,7,2,8,0,7,0,0,2,60,2.057,12.3,1.5,6.2,5.4,0.88,,player.fcgi?id=mullin000tom
Ian Parvin?,--,2014,Penn State,Big Ten,3,3,0.5,4.53,18,2,,,0,1,49.2,55,33,25,3,20,0,35,7,1,3,219,1.51,10,0.5,3.6,6.3,1.75,,player.fcgi?id=parvin000ian
Tim Scholly?,--,2014,Penn State,Big Ten,0,0,,0,2,0,,,0,0,1.1,2,0,0,0,0,0,0,0,0,0,6,1.5,13.5,0,0,0,,,player.fcgi?id=scholl000tim
Patton Taylor?,--,2014,Penn State,Big Ten,1,1,0.5,5.64,5,5,,,0,0,22.1,31,18,14,0,6,0,9,2,1,2,105,1.657,12.5,0,2.4,3.6,1.5,,player.fcgi?id=taylor000pat
Greg Welsh*,22,2014,Penn State,Big Ten,0,4,0,5.28,8,7,,,0,0,29,42,25,17,3,7,0,23,2,1,4,137,1.69,13,0.9,2.2,7.1,3.29,,player.fcgi?id=welsh-000gre
Jack Anderson,21,2015,Penn State,Big Ten,4,5,0.444,2.98,29,0,,,0,5,54.1,42,23,18,0,27,6,31,11,2,3,235,1.27,7,0,4.5,5.1,1.15,,player.fcgi?id=anders007jac
Schuyler Bates?,--,2015,Penn State,Big Ten,0,0,,1.8,3,0,,,0,0,5,3,1,1,1,2,0,0,1,0,1,19,1,5.4,1.8,3.6,0,0,,player.fcgi?id=bates-000sch
Sal Biasi,19,2015,Penn State,Big Ten,0,2,0,2.62,18,0,,,0,3,34.1,27,13,10,0,25,1,31,7,0,3,158,1.515,7.1,0,6.6,8.1,1.24,,player.fcgi?id=biasi-000sal
Marko Boricich*,19,2015,Penn State,Big Ten,2,0,1,5.79,18,0,,,0,0,23.1,20,17,15,4,20,1,17,8,1,1,114,1.714,7.7,1.5,7.7,6.6,0.85,,player.fcgi?id=borici000mar
Geoff Boylston*,23,2015,Penn State,Big Ten,1,1,0.5,2.04,5,3,,,0,0,17.2,18,6,4,0,2,0,18,1,0,0,72,1.132,9.2,0,1,9.2,9,,player.fcgi?id=boylst000geo
Nick Distasio?,--,2015,Penn State,Big Ten,1,6,0.143,6.63,11,9,,,0,0,38,55,38,28,1,15,0,21,9,1,5,192,1.842,13,0.2,3.6,5,1.4,,player.fcgi?id=distas000nic
Jordan Donmoyer?,--,2015,Penn State,Big Ten,0,1,0,4.91,5,4,,,0,0,14.2,15,10,8,0,6,0,4,3,0,1,67,1.432,9.2,0,3.7,2.5,0.67,,player.fcgi?id=donmoy000jor
Jared Fagnano?,--,2015,Penn State,Big Ten,1,2,0.333,6.75,18,0,,,0,0,21.1,23,21,16,0,11,1,14,4,0,3,103,1.594,9.7,0,4.6,5.9,1.27,,player.fcgi?id=fagnan000jar
Dakota Forsyth,--,2015,Penn State,Big Ten,1,2,0.333,4.97,16,3,,,0,0,41.2,46,24,23,5,12,1,23,2,1,0,178,1.392,9.9,1.1,2.6,5,1.92,,player.fcgi?id=forsyt000dak
Reid Frazier,20,2015,Penn State,Big Ten,0,0,,0,1,0,,,0,0,0.1,0,0,0,0,0,0,0,0,0,0,1,0,0,0,0,0,,,player.fcgi?id=frazie000rei
Ryan Harper,22,2015,Penn State,Big Ten,0,0,,34.71,4,0,,,0,0,2.1,10,9,9,1,5,0,1,1,0,0,22,6.429,38.6,3.9,19.3,3.9,0.2,,player.fcgi?id=harper000rya
Nick Hedge?,--,2015,Penn State,Big Ten,3,7,0.3,5.28,13,13,,,0,0,75,93,51,44,5,19,0,42,10,0,4,340,1.493,11.2,0.6,2.3,5,2.21,,player.fcgi?id=hedge-000nic
Taylor Lehman*,19,2015,Penn State,Big Ten,1,4,0.2,6.4,13,13,,,0,0,57.2,73,46,41,6,31,0,41,10,3,3,281,1.803,11.4,0.9,4.8,6.4,1.32,,player.fcgi?id=lehman000tay
Austin McMonagle?,--,2015,Penn State,Big Ten,0,0,,10.8,3,0,,,0,0,3.1,7,4,4,0,3,0,3,1,0,2,20,3,18.9,0,8.1,8.1,1,,player.fcgi?id=mcmona000aus
Tom Mullin,20,2015,Penn State,Big Ten,4,0,1,4.26,15,3,,,0,0,31.2,29,16,15,6,10,0,19,2,0,3,132,1.232,8.2,1.7,2.8,5.4,1.9,,player.fcgi?id=mullin000tom
Jake Pilewicz?,--,2015,Penn State,Big Ten,0,0,,0,3,0,,,0,0,3.1,2,0,0,0,1,0,3,0,0,1,11,0.9,5.4,0,2.7,8.1,3,,player.fcgi?id=pilewi000jak
Jack Anderson,22,2016,Penn State,Big Ten,4,2,0.667,2.14,29,0,,0,0,13,54.2,50,19,13,0,19,1,43,6,0,2,235,1.262,8.2,0,3.1,7.1,2.26,,player.fcgi?id=anders007jac
Schuyler Bates?,--,2016,Penn State,Big Ten,0,0,,0,2,0,,0,0,0,1.1,2,0,0,0,0,0,1,0,0,0,6,1.5,13.5,0,0,6.8,,,player.fcgi?id=bates-000sch
Sal Biasi,20,2016,Penn State,Big Ten,5,6,0.455,3.74,14,13,,0,0,0,67.1,62,39,28,5,32,0,66,6,0,7,304,1.396,8.3,0.7,4.3,8.8,2.06,,player.fcgi?id=biasi-000sal
Marko Boricich*,20,2016,Penn State,Big Ten,0,1,0,6.57,7,1,,0,0,0,12.1,13,11,9,1,4,0,8,5,1,2,59,1.378,9.5,0.7,2.9,5.8,2,,player.fcgi?id=borici000mar
Nick Distasio?,--,2016,Penn State,Big Ten,2,0,1,4.42,17,0,,0,0,0,36.2,39,25,18,4,15,0,32,0,0,3,164,1.473,9.6,1,3.7,7.9,2.13,,player.fcgi?id=distas000nic
Jared Fagnano?,--,2016,Penn State,Big Ten,0,0,,6,9,0,,0,0,0,9,12,6,6,0,8,0,6,0,0,3,47,2.222,12,0,8,6,0.75,,player.fcgi?id=fagnan000jar
Dakota Forsyth,--,2016,Penn State,Big Ten,2,3,0.4,2.28,20,0,,0,0,1,43.1,27,15,11,3,27,0,28,5,0,3,187,1.246,5.6,0.6,5.6,5.8,1.04,,player.fcgi?id=forsyt000dak
Justin Hagenman,19,2016,Penn State,Big Ten,6,3,0.667,3.84,14,14,,0,0,0,82,99,53,35,2,19,1,39,4,3,4,365,1.439,10.9,0.2,2.1,4.3,2.05,,player.fcgi?id=hagenm000jus
Nick Hedge?,--,2016,Penn State,Big Ten,5,3,0.625,2.44,14,9,,0,0,1,59,58,22,16,1,12,0,36,2,0,4,248,1.186,8.8,0.2,1.8,5.5,3,,player.fcgi?id=hedge-000nic
Christian Helsel,22,2016,Penn State,Big Ten,0,0,,0,3,0,,0,0,0,3,2,0,0,0,1,0,3,0,0,1,13,1,6,0,3,9,3,,player.fcgi?id=helsel000chr
Taylor Lehman*,20,2016,Penn State,Big Ten,2,9,0.182,4.79,14,12,,0,0,0,67.2,84,41,36,3,31,1,47,4,0,14,317,1.7,11.2,0.4,4.1,6.3,1.52,,player.fcgi?id=lehman000tay
Tom Mullin,21,2016,Penn State,Big Ten,0,0,,4.67,8,0,,0,0,0,17.1,18,10,9,1,7,0,6,5,0,4,79,1.442,9.3,0.5,3.6,3.1,0.86,,player.fcgi?id=mullin000tom
Eli Nabholz,19,2016,Penn State,Big Ten,2,0,1,5.9,11,6,,0,0,0,29,26,21,19,1,24,0,26,4,0,8,144,1.724,8.1,0.3,7.4,8.1,1.08,,player.fcgi?id=nabhol000eli
Jake Pilewicz?,--,2016,Penn State,Big Ten,0,0,,2.7,3,0,,0,0,0,3.1,1,1,1,0,0,0,1,0,0,0,11,0.3,2.7,0,0,2.7,,,player.fcgi?id=pilewi000jak
Tim Scholly?,--,2016,Penn State,Big Ten,0,0,,0,1,0,,0,0,0,1,1,0,0,0,1,0,0,0,0,0,4,2,9,0,9,0,0,,player.fcgi?id=scholl000tim
Cole Bartels,19,2017,Penn State,Big Ten,0,2,0,7.09,17,3,,0,0,0,26.2,32,24,21,1,27,0,17,2,0,9,139,2.213,10.8,0.3,9.1,5.7,0.63,,player.fcgi?id=bartel000col
Schuyler Bates?,--,2017,Penn State,Big Ten,3,3,0.5,5.05,19,6,,0,0,0,46.1,48,30,26,5,14,0,20,3,0,8,203,1.338,9.3,1,2.7,3.9,1.43,,player.fcgi?id=bates-000sch
Sal Biasi,21,2017,Penn State,Big Ten,5,5,0.5,3.48,14,14,,1,0,0,72.1,47,34,28,5,39,0,88,11,2,13,310,1.189,5.8,0.6,4.9,10.9,2.26,,player.fcgi?id=biasi-000sal
Nick Distasio?,--,2017,Penn State,Big Ten,4,1,0.8,4.96,22,0,,0,0,4,45.1,43,25,25,2,13,0,50,6,0,5,196,1.235,8.5,0.4,2.6,9.9,3.85,,player.fcgi?id=distas000nic
Dakota Forsyth,--,2017,Penn State,Big Ten,4,2,0.667,6.08,25,0,,0,0,0,47.1,51,38,32,4,24,0,48,4,0,8,223,1.585,9.7,0.8,4.6,9.1,2,,player.fcgi?id=forsyt000dak
Myles Gayman,19,2017,Penn State,Big Ten,0,3,0,6.93,11,6,,0,0,0,24.2,30,24,19,0,13,0,23,3,0,4,124,1.743,10.9,0,4.7,8.4,1.77,,player.fcgi?id=gayman000myl
Justin Hagenman,20,2017,Penn State,Big Ten,1,11,0.083,5.49,14,14,,1,0,0,80.1,100,64,49,3,25,0,75,2,1,8,362,1.556,11.2,0.3,2.8,8.4,3,,player.fcgi?id=hagenm000jus
Blake Hodgens*,20,2017,Penn State,Big Ten,0,0,,14.73,7,0,,0,0,0,3.2,5,6,6,0,8,0,2,1,0,7,25,3.545,12.3,0,19.6,4.9,0.25,,player.fcgi?id=hodgen000bla
Taylor Lehman*,21,2017,Penn State,Big Ten,0,3,0,8.16,26,3,,0,0,1,32,41,37,29,1,21,0,35,2,0,8,162,1.938,11.5,0.3,5.9,9.8,1.67,,player.fcgi?id=lehman000tay
Colin Macon*,22,2017,Penn State,Big Ten,0,0,,3.86,2,0,,0,0,0,2.1,3,2,1,1,1,0,1,2,0,1,14,1.714,11.6,3.9,3.9,3.9,1,,player.fcgi?id=macon-000col
Eric Mock,20,2017,Penn State,Big Ten,0,6,0,7.75,15,8,,0,0,0,40.2,39,37,35,4,21,0,45,9,1,9,188,1.475,8.6,0.9,4.6,10,2.14,,player.fcgi?id=mock--000eri
Tom Mullin,22,2017,Penn State,Big Ten,0,0,,10.66,14,0,,0,0,0,12.2,14,21,15,3,11,0,7,11,0,5,73,1.974,9.9,2.1,7.8,5,0.64,,player.fcgi?id=mullin000tom
Jake Pilewicz?,--,2017,Penn State,Big Ten,1,1,0.5,7.14,18,1,,0,0,1,29,43,25,23,2,12,0,17,2,0,4,139,1.897,13.3,0.6,3.7,5.3,1.42,,player.fcgi?id=pilewi000jak
Tim Scholly?,--,2017,Penn State,Big Ten,0,0,,12.46,5,0,,0,0,0,4.1,7,6,6,2,1,0,2,1,0,0,22,1.846,14.5,4.2,2.1,4.2,2,,player.fcgi?id=scholl000tim
Tucker Triebold?,--,2017,Penn State,Big Ten,0,0,,3.52,7,0,,0,0,0,7.2,7,5,3,0,0,0,4,1,0,0,31,0.913,8.2,0,0,4.7,,,player.fcgi?id=triebo000tuc
Dante Biasi*,20,2018,Penn State,Big Ten,3,6,0.333,5.2,14,13,,1,0,0,62.1,51,40,36,4,36,1,51,5,0,4,279,1.396,7.4,0.6,5.2,7.4,1.42,,player.fcgi?id=biasi-000dan
Marko Boricich*,22,2018,Penn State,Big Ten,0,3,0,6.67,21,0,,0,0,0,28.1,31,26,21,2,20,2,35,4,0,3,141,1.8,9.8,0.6,6.4,11.1,1.75,,player.fcgi?id=borici000mar
Bailey Dees,19,2018,Penn State,Big Ten,1,2,0.333,5.14,12,4,,0,0,0,28,31,18,16,1,16,0,36,3,0,2,134,1.679,10,0.3,5.1,11.6,2.25,,player.fcgi?id=dees--000bai
Nick Distasio?,--,2018,Penn State,Big Ten,2,2,0.5,5.87,7,0,,0,0,0,7.2,7,6,5,1,4,0,10,1,0,1,37,1.435,8.2,1.2,4.7,11.7,2.5,,player.fcgi?id=distas000nic
Myles Gayman,20,2018,Penn State,Big Ten,0,0,,6.75,2,0,,0,0,0,5.1,4,4,4,0,4,0,4,1,0,2,25,1.5,6.8,0,6.8,6.8,1,,player.fcgi?id=gayman000myl
Justin Hagenman,21,2018,Penn State,Big Ten,3,7,0.3,4.6,14,14,,0,0,0,78.1,83,49,40,5,26,0,76,6,0,3,351,1.391,9.5,0.6,3,8.7,2.92,,player.fcgi?id=hagenm000jus
Blake Hodgens*,21,2018,Penn State,Big Ten,0,0,,,1,0,,0,0,0,0,0,0,0,0,1,0,0,0,0,0,1,,,,,,0,,player.fcgi?id=hodgen000bla
Conor Larkin,19,2018,Penn State,Big Ten,1,2,0.333,5.79,20,2,,0,0,0,37.1,43,24,24,2,17,0,38,3,0,5,171,1.607,10.4,0.5,4.1,9.2,2.24,,player.fcgi?id=larkin000con
Taylor Lehman*,22,2018,Penn State,Big Ten,2,7,0.222,5.36,13,10,,0,0,0,47,47,40,28,4,34,0,34,1,0,8,221,1.723,9,0.8,6.5,6.5,1,,player.fcgi?id=lehman000tay
Colin Macon*,23,2018,Penn State,Big Ten,0,0,,5.4,3,0,,0,0,0,1.2,1,1,1,0,4,0,1,0,0,2,9,3,5.4,0,21.6,5.4,0.25,,player.fcgi?id=macon-000col
Mason Mellott,19,2018,Penn State,Big Ten,0,1,0,3.18,25,0,,0,0,4,34,38,16,12,0,14,1,28,5,2,4,155,1.529,10.1,0,3.7,7.4,2,,player.fcgi?id=mellot000mas
Eric Mock,21,2018,Penn State,Big Ten,2,1,0.667,5.97,15,4,,0,0,3,31.2,36,25,21,4,20,0,36,5,0,10,155,1.768,10.2,1.1,5.7,10.2,1.8,,player.fcgi?id=mock--000eri
Jake Pilewicz?,--,2018,Penn State,Big Ten,0,0,,7.77,19,0,,0,0,0,22,22,23,19,2,11,0,14,5,0,4,105,1.5,9,0.8,4.5,5.7,1.27,,player.fcgi?id=pilewi000jak
Jeff Taylor*,19,2018,Penn State,Big Ten,0,1,0,8.1,12,1,,0,0,0,13.1,22,17,12,1,8,0,11,2,0,3,72,2.25,14.9,0.7,5.4,7.4,1.38,,player.fcgi?id=taylor007jef
Tucker Triebold?,--,2018,Penn State,Big Ten,0,0,,21,4,0,,0,0,0,3,9,10,7,1,2,0,1,0,0,1,22,3.667,27,3,6,3,0.5,,player.fcgi?id=triebo000tuc
Kyle Virbitsky,19,2018,Penn State,Big Ten,1,2,0.333,5.4,15,1,,0,0,0,21.2,25,13,13,1,14,2,15,2,0,2,104,1.8,10.4,0.4,5.8,6.2,1.07,,player.fcgi?id=virbit000kyl
Cole Bartels,21,2019,Penn State,Big Ten,0,0,,11.25,7,3,,0,0,1,8,10,11,10,1,13,0,10,2,0,1,49,2.875,11.3,1.1,14.6,11.3,0.77,,player.fcgi?id=bartel000col
Dante Biasi*,21,2019,Penn State,Big Ten,3,6,0.333,2.55,14,14,,0,0,0,74,52,28,21,4,33,0,102,10,2,1,316,1.149,6.3,0.5,4,12.4,3.09,,player.fcgi?id=biasi-000dan
Bailey Dees,20,2019,Penn State,Big Ten,2,1,0.667,4.27,13,11,,0,0,0,52.2,54,27,25,5,17,0,60,6,0,1,233,1.348,9.2,0.9,2.9,10.3,3.53,,player.fcgi?id=dees--000bai
Jared Freilich,22,2019,Penn State,Big Ten,2,1,0.667,7.56,13,0,,0,0,0,16.2,23,18,14,0,8,0,16,3,0,4,86,1.86,12.4,0,4.3,8.6,2,,player.fcgi?id=freili000jar
Hutch Gagnon*,--,2019,Penn State,Big Ten,0,1,0,5.59,18,0,,0,0,0,19.1,21,12,12,2,11,0,21,3,0,3,93,1.655,9.8,0.9,5.1,9.8,1.91,,player.fcgi?id=gagnon000hut
Ralph Gambino,20,2019,Penn State,Big Ten,0,0,,30.86,4,0,,0,0,0,2.1,5,11,8,1,5,0,2,1,0,3,19,4.286,19.3,3.9,19.3,7.7,0.4,,player.fcgi?id=gambin000ral
Dylan Gargas?,--,2019,Penn State,Big Ten,0,0,,18,1,0,,0,0,0,1,3,2,2,0,0,0,0,0,0,0,6,3,27,0,0,0,,,player.fcgi?id=gargas000dyl
Blake Hodgens*,22,2019,Penn State,Big Ten,0,1,0,37.8,4,1,,0,0,0,1.2,3,7,7,0,10,0,5,1,0,0,19,7.8,16.2,0,54,27,0.5,,player.fcgi?id=hodgen000bla
Conor Larkin,20,2019,Penn State,Big Ten,4,2,0.667,3.14,13,5,,0,0,0,48.2,45,20,17,4,11,0,56,8,0,2,207,1.151,8.3,0.7,2,10.4,5.09,,player.fcgi?id=larkin000con
Mason Mellott,20,2019,Penn State,Big Ten,6,3,0.667,2.43,21,0,,0,0,5,63,59,25,17,1,14,2,52,6,0,3,270,1.159,8.4,0.1,2,7.4,3.71,,player.fcgi?id=mellot000mas
Steven Miller,--,2019,Penn State,Big Ten,0,0,,3.86,3,0,,0,0,0,2.1,4,1,1,0,1,0,1,0,0,1,12,2.143,15.4,0,3.9,3.9,1,,player.fcgi?id=miller018ste
Eric Mock,22,2019,Penn State,Big Ten,2,4,0.333,3.93,12,12,,0,0,0,66.1,55,32,29,5,27,0,77,10,0,7,291,1.236,7.5,0.7,3.7,10.4,2.85,,player.fcgi?id=mock--000eri
Brendan Mullins,--,2019,Penn State,Big Ten,0,0,,9,3,0,,0,0,0,3,3,4,3,0,4,0,3,2,0,1,19,2.333,9,0,12,9,0.75,,player.fcgi?id=mullin000bre
Tyler Shingledecker*,19,2019,Penn State,Big Ten,1,1,0.5,4.43,19,2,,0,0,1,40.2,31,27,20,3,27,0,44,6,0,4,185,1.426,6.9,0.7,6,9.7,1.63,,player.fcgi?id=shingl000tyl
Jeff Taylor*,20,2019,Penn State,Big Ten,0,0,,36,2,0,,0,0,0,1,1,4,4,0,3,0,2,1,0,0,8,4,9,0,27,18,0.67,,player.fcgi?id=taylor007jef
Kyle Virbitsky,20,2019,Penn State,Big Ten,2,7,0.222,4.66,20,1,,0,0,4,38.2,37,28,20,2,23,2,40,8,0,3,184,1.552,8.6,0.5,5.4,9.3,1.74,,player.fcgi?id=virbit000kyl
Bailey Dees,21,2020,Penn State,Big Ten,1,2,0.333,1.88,5,5,,0,0,0,28.2,14,8,6,1,11,0,27,3,0,3,112,0.872,4.4,0.3,3.5,8.5,2.45,,player.fcgi?id=dees--000bai
Logan Evans,19,2020,Penn State,Big Ten,2,1,0.667,4.5,3,0,,0,0,0,8,8,7,4,0,1,0,11,2,0,1,37,1.125,9,0,1.1,12.4,11,,player.fcgi?id=evans-000log
Jared Freilich,23,2020,Penn State,Big Ten,2,0,1,1.42,5,0,,0,0,2,6.1,6,3,1,1,1,0,7,1,0,0,28,1.105,8.5,1.4,1.4,9.9,7,,player.fcgi?id=freili000jar
Hutch Gagnon*,--,2020,Penn State,Big Ten,1,0,1,3.21,4,2,,0,0,0,14,15,5,5,0,6,0,17,0,0,0,62,1.5,9.6,0,3.9,10.9,2.83,,player.fcgi?id=gagnon000hut
Ralph Gambino,21,2020,Penn State,Big Ten,0,0,,2.45,3,0,,0,0,0,3.2,3,5,1,0,2,0,2,1,1,1,19,1.364,7.4,0,4.9,4.9,1,,player.fcgi?id=gambin000ral
Braden Halladay,19,2020,Penn State,Big Ten,0,0,,0,2,0,,0,0,0,4,2,0,0,0,0,0,1,1,0,0,16,0.5,4.5,0,0,2.3,,,player.fcgi?id=hallad000bra
Conor Larkin,21,2020,Penn State,Big Ten,1,0,1,1.69,4,4,,0,0,0,21.1,15,6,4,0,8,0,28,2,0,2,86,1.078,6.3,0,3.4,11.8,3.5,,player.fcgi?id=larkin000con
Mason Mellott,21,2020,Penn State,Big Ten,2,1,0.667,2.25,5,0,,0,0,0,8,8,3,2,0,1,0,6,0,0,0,35,1.125,9,0,1.1,6.8,6,,player.fcgi?id=mellot000mas
Steven Miller,--,2020,Penn State,Big Ten,0,0,,2.7,3,0,,0,0,0,3.1,2,1,1,0,1,0,6,0,0,0,13,0.9,5.4,0,2.7,16.2,6,,player.fcgi?id=miller018ste
Ryan Partridge*,19,2020,Penn State,Big Ten,0,0,,0,2,0,,0,0,0,2,1,0,0,0,0,0,2,0,0,0,6,0.5,4.5,0,0,9,,,player.fcgi?id=partri000rya
Johnny Piacentino,19,2020,Penn State,Big Ten,0,0,,0,1,0,,0,0,0,0.1,2,0,0,0,0,0,0,0,0,0,3,6,54,0,0,0,,,player.fcgi?id=piacen000joh
Tyler Shingledecker*,20,2020,Penn State,Big Ten,0,0,,0.64,5,0,,0,0,0,14,3,1,1,0,2,1,20,1,0,1,49,0.357,1.9,0,1.3,12.9,10,,player.fcgi?id=shingl000tyl
Kyle Virbitsky,21,2020,Penn State,Big Ten,1,1,0.5,4.02,4,4,,0,0,0,15.2,12,9,7,1,7,0,18,2,0,1,70,1.213,6.9,0.6,4,10.3,2.57,,player.fcgi?id=virbit000kyl
Bailey Dees,22,2021,Penn State,Big Ten,4,4,0.5,5.59,13,13,,0,0,0,66,81,47,41,9,20,1,53,12,0,5,305,1.53,11,1.2,2.7,7.2,2.65,,player.fcgi?id=dees--000bai
Logan Evans,20,2021,Penn State,Big Ten,0,0,,8.16,11,0,,0,0,0,14.1,21,18,13,1,16,1,12,1,1,3,84,2.581,13.2,0.6,10,7.5,0.75,,player.fcgi?id=evans-000log
Jared Freilich,24,2021,Penn State,Big Ten,0,1,0,13.11,9,0,,0,0,0,11.2,18,19,17,3,9,1,4,0,0,1,60,2.314,13.9,2.3,6.9,3.1,0.44,,player.fcgi?id=freili000jar
Hutch Gagnon*,--,2021,Penn State,Big Ten,0,1,0,6.75,11,0,,0,0,0,12,18,10,9,1,4,0,13,3,0,2,64,1.833,13.5,0.8,3,9.8,3.25,,player.fcgi?id=gagnon000hut
Ralph Gambino,22,2021,Penn State,Big Ten,1,0,1,3.6,10,0,,0,0,0,10,8,8,4,0,6,0,7,4,0,1,51,1.4,7.2,0,5.4,6.3,1.17,,player.fcgi?id=gambin000ral
Braden Halladay,20,2021,Penn State,Big Ten,0,0,,0,3,0,,0,0,0,1.1,0,0,0,0,2,0,1,0,0,0,6,1.5,0,0,13.5,6.8,0.5,,player.fcgi?id=hallad000bra
Jaden Henline,--,2021,Penn State,Big Ten,0,1,0,3.72,9,3,,0,0,0,19.1,17,8,8,2,8,0,22,3,0,1,86,1.293,7.9,0.9,3.7,10.2,2.75,,player.fcgi?id=henlin000jad
Carson Kohls,19,2021,Penn State,Big Ten,0,0,,3.18,5,0,,0,0,0,5.2,7,3,2,1,2,0,4,2,0,1,27,1.588,11.1,1.6,3.2,6.4,2,,player.fcgi?id=kohls-000car
Conor Larkin,22,2021,Penn State,Big Ten,3,8,0.273,5.09,13,12,,0,0,0,63.2,68,40,36,4,24,0,69,6,0,6,289,1.445,9.6,0.6,3.4,9.8,2.88,,player.fcgi?id=larkin000con
Mason Mellott,22,2021,Penn State,Big Ten,2,2,0.5,4.6,17,0,,0,0,4,31.1,32,20,16,1,18,0,33,8,1,4,149,1.596,9.2,0.3,5.2,9.5,1.83,,player.fcgi?id=mellot000mas
Steven Miller,--,2021,Penn State,Big Ten,0,1,0,3.29,12,0,,0,0,2,13.2,12,8,5,0,7,0,17,2,0,2,58,1.39,7.9,0,4.6,11.2,2.43,,player.fcgi?id=miller018ste
Ryan Partridge*,20,2021,Penn State,Big Ten,0,0,,0,5,0,,0,0,0,2.2,4,2,0,0,3,0,4,0,0,0,16,2.625,13.5,0,10.1,13.5,1.33,,player.fcgi?id=partri000rya
Chad Rogers,19,2021,Penn State,Big Ten,1,0,1,13.5,3,0,,0,0,0,4,8,6,6,0,7,0,1,0,1,0,25,3.75,18,0,15.8,2.3,0.14,,player.fcgi?id=rogers011cha
Blaise Sclafani,21,2021,Penn State,Big Ten,0,0,,18,2,0,,0,0,0,1,2,2,2,0,4,0,1,1,0,2,10,6,18,0,36,9,0.25,,player.fcgi?id=sclafa000bla
Tyler Shingledecker*,21,2021,Penn State,Big Ten,2,2,0.5,6,16,1,,0,0,1,27,20,21,18,2,16,1,38,4,0,3,123,1.333,6.7,0.7,5.3,12.7,2.38,,player.fcgi?id=shingl000tyl
Kyle Virbitsky,22,2021,Penn State,Big Ten,5,4,0.556,4.17,13,13,,0,0,0,77.2,77,42,36,7,20,0,88,13,0,4,340,1.249,8.9,0.8,2.3,10.2,4.4,,player.fcgi?id=virbit000kyl
Derek Cease,19,2022,Penn State,Big Ten,0,0,,0,1,0,,0,0,0,1,1,1,0,0,3,0,1,0,0,0,7,4,9,0,27,9,0.33,,player.fcgi?id=cease-000der
Patrick DeMarco,--,2022,Penn State,Big Ten,0,0,,81,1,0,,0,0,0,0.1,2,3,3,0,2,0,0,0,0,1,5,12,54,0,54,0,0,,player.fcgi?id=demarc001pat
Ben DeMell,19,2022,Penn State,Big Ten,0,0,,0,1,0,,0,0,0,1.2,1,0,0,0,3,0,2,1,0,0,10,2.4,5.4,0,16.2,10.8,0.67,,player.fcgi?id=demell000ben
Carson Ertter*,--,2022,Penn State,Big Ten,0,0,,0,1,0,,0,0,0,0.1,0,0,0,0,1,0,1,1,0,1,3,3,0,0,27,27,1,,player.fcgi?id=ertter000car
Tanner Folds*,--,2022,Penn State,Big Ten,0,0,,14.73,6,0,,0,0,0,3.2,2,7,6,0,6,0,3,1,0,1,20,2.182,4.9,0,14.7,7.4,0.5,,player.fcgi?id=folds-000tan
Seneca Gregory,--,2022,Penn State,Big Ten,0,0,,10.8,6,0,,0,0,0,6.2,10,9,8,0,4,0,7,2,0,1,36,2.1,13.5,0,5.4,9.5,1.75,,player.fcgi?id=gregor000sen
Jaden Henline,--,2022,Penn State,Big Ten,2,3,0.4,5.64,17,7,,1,0,3,59,74,44,37,6,16,1,56,3,0,6,263,1.525,11.3,0.9,2.4,8.5,3.5,,player.fcgi?id=henlin000jad
Carson Kohls,20,2022,Penn State,Big Ten,2,0,1,4.6,18,1,,0,0,0,29.1,29,20,15,1,21,1,25,4,1,5,136,1.705,8.9,0.3,6.4,7.7,1.19,,player.fcgi?id=kohls-000car
Travis Luensmann,21,2022,Penn State,Big Ten,2,3,0.4,4.52,15,12,,0,0,2,67.2,68,43,34,3,34,0,78,5,0,7,313,1.507,9,0.4,4.5,10.4,2.29,,player.fcgi?id=luensm000tra
Mason Mellott,23,2022,Penn State,Big Ten,3,5,0.375,6.7,22,4,,0,0,2,41.2,45,34,31,4,18,1,34,4,0,6,195,1.512,9.7,0.9,3.9,7.3,1.89,,player.fcgi?id=mellot000mas
Steven Miller,--,2022,Penn State,Big Ten,3,4,0.429,6.35,22,2,,0,0,1,39.2,52,29,28,3,22,4,31,4,0,4,191,1.866,11.8,0.7,5,7,1.41,,player.fcgi?id=miller018ste
Tommy Molsky,19,2022,Penn State,Big Ten,0,6,0,6.84,16,12,,0,0,1,52.2,66,52,40,4,25,0,47,16,0,8,270,1.728,11.3,0.7,4.3,8,1.88,,player.fcgi?id=molsky000tom
Jordan Morales*,22,2022,Penn State,Big Ten,3,0,1,3.64,26,2,,0,0,0,42,42,22,17,3,12,0,60,2,3,6,182,1.286,9,0.6,2.6,12.9,5,,player.fcgi?id=morale003jor
Ryan Partridge*,21,2022,Penn State,Big Ten,0,0,,6.94,20,0,,0,0,0,23.1,23,18,18,1,18,0,18,6,0,4,115,1.757,8.9,0.4,6.9,6.9,1,,player.fcgi?id=partri000rya
Chase Renner,18,2022,Penn State,Big Ten,2,2,0.5,6.19,13,1,,0,0,1,16,17,14,11,0,16,0,19,1,0,4,80,2.063,9.6,0,9,10.7,1.19,,player.fcgi?id=renner000cha
Chad Rogers,20,2022,Penn State,Big Ten,0,0,,13.86,8,0,,0,0,0,12.1,22,19,19,0,9,0,10,3,0,3,71,2.514,16.1,0,6.6,7.3,1.11,,player.fcgi?id=rogers011cha
Blaise Sclafani,22,2022,Penn State,Big Ten,0,0,,0,4,0,,0,0,0,1.1,2,1,0,1,3,0,1,1,0,0,9,3.75,13.5,6.8,20.3,6.8,0.33,,player.fcgi?id=sclafa000bla
Tyler Shingledecker*,22,2022,Penn State,Big Ten,7,3,0.7,3.1,21,4,,0,0,1,52.1,44,22,18,3,18,0,60,4,0,7,220,1.185,7.6,0.5,3.1,10.3,3.33,,player.fcgi?id=shingl000tyl
Anthony Steele*,19,2022,Penn State,Big Ten,0,0,,15.19,7,1,,0,0,0,5.1,10,11,9,0,7,1,9,6,0,2,40,3.188,16.9,0,11.8,15.2,1.29,,player.fcgi?id=steele000ant
Kellan Tulio*,21,2022,Penn State,Big Ten,2,3,0.4,6.15,14,9,,0,0,1,33.2,32,29,23,3,25,0,41,7,0,4,164,1.693,8.6,0.8,6.7,11,1.64,,player.fcgi?id=tulio-000kel
Jacob Coffin?,--,2023,Penn State,Big Ten,0,0,,5,5,0,,0,0,0,9,8,6,5,2,6,0,7,2,0,2,42,1.556,8,2,6,7,1.17,,player.fcgi?id=coffin000jac
Ben DeMell,20,2023,Penn State,Big Ten,0,0,,10.13,11,4,,0,0,1,24,45,33,27,2,13,1,21,6,0,1,136,2.417,16.9,0.8,4.9,7.9,1.62,,player.fcgi?id=demell000ben
Jaden Henline,--,2023,Penn State,Big Ten,5,3,0.625,4.7,15,9,,0,0,1,61.1,78,39,32,3,17,1,35,5,1,3,278,1.549,11.4,0.4,2.5,5.1,2.06,,player.fcgi?id=henlin000jad
Carson Kohls,21,2023,Penn State,Big Ten,0,0,,7.36,9,0,,0,0,0,7.1,9,8,6,1,6,0,4,1,0,4,36,2.045,11,1.2,7.4,4.9,0.67,,player.fcgi?id=kohls-000car
Travis Luensmann,22,2023,Penn State,Big Ten,6,5,0.545,4.5,14,6,,0,0,1,60,54,38,30,3,39,1,59,18,0,8,283,1.55,8.1,0.5,5.9,8.9,1.51,,player.fcgi?id=luensm000tra
Steven Miller,--,2023,Penn State,Big Ten,2,3,0.4,5.4,21,2,,0,0,2,48.1,48,31,29,6,17,0,54,11,0,3,212,1.345,8.9,1.1,3.2,10.1,3.18,,player.fcgi?id=miller018ste
Tommy Molsky,20,2023,Penn State,Big Ten,3,4,0.429,7.17,15,6,,0,0,0,42.2,53,42,34,7,32,2,36,13,0,5,223,1.992,11.2,1.5,6.8,7.6,1.13,,player.fcgi?id=molsky000tom
Jordan Morales*,23,2023,Penn State,Big Ten,3,2,0.6,5.5,19,10,,0,0,1,55.2,59,35,34,8,24,0,53,12,0,4,260,1.491,9.5,1.3,3.9,8.6,2.21,,player.fcgi?id=morale003jor
Daniel Ouderkirk,23,2023,Penn State,Big Ten,2,4,0.333,7.26,12,10,,0,0,0,39.2,37,35,32,3,33,0,57,12,0,6,202,1.765,8.4,0.7,7.5,12.9,1.73,,player.fcgi?id=ouderk000dan
Ryan Partridge*,22,2023,Penn State,Big Ten,1,2,0.333,5.73,20,1,,0,0,1,33,38,25,21,2,14,0,29,1,0,3,152,1.576,10.4,0.5,3.8,7.9,2.07,,player.fcgi?id=partri000rya
Chase Renner,19,2023,Penn State,Big Ten,0,0,,10.13,1,0,,0,0,0,2.2,4,3,3,2,3,0,2,0,0,0,14,2.625,13.5,6.8,10.1,6.8,0.67,,player.fcgi?id=renner000cha
Chad Rogers,21,2023,Penn State,Big Ten,1,0,1,4.66,7,0,,0,0,0,9.2,6,5,5,1,7,0,10,2,0,3,43,1.345,5.6,0.9,6.5,9.3,1.43,,player.fcgi?id=rogers011cha
Blaise Sclafani,23,2023,Penn State,Big Ten,0,0,,18,1,0,,0,0,0,1,0,2,2,0,2,0,1,1,0,0,6,2,0,0,18,9,0.5,,player.fcgi?id=sclafa000bla
Anthony Steele*,20,2023,Penn State,Big Ten,2,1,0.667,6.43,11,1,,0,0,0,14,10,12,10,1,11,0,21,4,0,3,68,1.5,6.4,0.6,7.1,13.5,1.91,,player.fcgi?id=steele000ant
Connor Throneberry,20,2023,Penn State,Big Ten,0,1,0,10.91,13,0,,0,0,0,15.2,25,22,19,4,10,0,13,3,0,0,86,2.234,14.4,2.3,5.7,7.5,1.3,,player.fcgi?id=throne000con
Kellan Tulio*,22,2023,Penn State,Big Ten,0,0,,8.31,6,1,,0,0,0,8.2,9,8,8,2,7,0,9,2,0,1,43,1.846,9.3,2.1,7.3,9.3,1.29,,player.fcgi?id=tulio-000kel
Mason Butash,19,2024,Penn State,Big Ten,1,4,0.2,7.91,19,7,,0,0,1,33,37,31,29,5,27,0,29,4,0,1,156,1.939,10.1,1.4,7.4,7.9,1.07,,player.fcgi?id=butash000mas
Derek Cease,21,2024,Penn State,Big Ten,0,0,,0,1,0,,0,0,0,1,0,0,0,0,2,0,1,0,0,0,4,2,0,0,18,9,0.5,,player.fcgi?id=cease-000der
Chic DeGaetano,23,2024,Penn State,Big Ten,1,3,0.25,8.22,17,0,,0,0,0,15.1,21,16,14,2,9,0,14,4,0,1,79,1.957,12.3,1.2,5.3,8.2,1.56,,player.fcgi?id=degaet000fra
Ben DeMell,21,2024,Penn State,Big Ten,1,0,1,10.66,22,0,,0,0,2,25.1,39,32,30,8,16,0,21,3,0,5,139,2.171,13.9,2.8,5.7,7.5,1.31,,player.fcgi?id=demell000ben
Jaden Henline,--,2024,Penn State,Big Ten,3,4,0.429,6.09,15,14,,0,0,0,68,88,58,46,12,15,0,41,6,0,3,313,1.515,11.6,1.6,2,5.4,2.73,,player.fcgi?id=henlin000jad
Mason Horwat,19,2024,Penn State,Big Ten,4,1,0.8,5.34,21,3,,0,0,2,55.2,56,38,33,2,23,0,28,9,0,7,251,1.419,9.1,0.3,3.7,4.5,1.22,,player.fcgi?id=horwat000mas
Carson Kohls,22,2024,Penn State,Big Ten,0,1,0,23.63,1,1,,0,0,0,2.2,7,7,7,1,1,0,1,1,0,0,16,3,23.6,3.4,3.4,3.4,1,,player.fcgi?id=kohls-000car
David Lee,24,2024,Penn State,Big Ten,1,1,0.5,8.39,23,0,,0,0,3,24.2,32,26,23,3,14,1,20,8,0,3,128,1.865,11.7,1.1,5.1,7.3,1.43,,player.fcgi?id=lee---007dav
James Lordi*,20,2024,Penn State,Big Ten,0,1,0,5.14,9,1,,0,0,0,14,17,8,8,1,7,0,12,4,0,0,65,1.714,10.9,0.6,4.5,7.7,1.71,,player.fcgi?id=lordi-000jam
Travis Luensmann,23,2024,Penn State,Big Ten,7,2,0.778,4.44,16,15,,0,0,0,81,60,45,40,6,61,0,74,11,2,3,367,1.494,6.7,0.7,6.8,8.2,1.21,,player.fcgi?id=luensm000tra
Matt Morash*,18,2024,Penn State,Big Ten,2,0,1,6.47,18,3,,0,0,0,32,39,24,23,6,17,0,26,4,0,2,155,1.75,11,1.7,4.8,7.3,1.53,,player.fcgi?id=morash000mat
Will Perkowski,--,2024,Penn State,Big Ten,1,3,0.25,9.9,18,0,,0,0,0,20,30,22,22,2,12,1,21,5,0,1,105,2.1,13.5,0.9,5.4,9.5,1.75,,player.fcgi?id=perkow000wil
Frankie Sanchez,21,2024,Penn State,Big Ten,2,3,0.4,7.65,13,9,,0,0,0,37.2,47,37,32,10,21,1,27,4,0,2,181,1.805,11.2,2.4,5,6.5,1.29,,player.fcgi?id=sanche013fra
Anthony Steele*,21,2024,Penn State,Big Ten,4,1,0.8,5.97,26,0,,0,0,1,34.2,27,23,23,2,27,0,32,8,0,7,161,1.558,7,0.5,7,8.3,1.19,,player.fcgi?id=steele000ant
Connor Throneberry,21,2024,Penn State,Big Ten,2,0,1,3.75,12,0,,0,0,0,12,11,10,5,1,12,0,9,1,0,3,60,1.917,8.3,0.8,9,6.8,0.75,,player.fcgi?id=throne000con
Brandon Wingenroth,20,2024,Penn State,Big Ten,0,0,,27,2,0,,0,0,0,1.1,5,4,4,1,1,0,1,0,0,0,10,4.5,33.8,6.8,6.8,6.8,1,,player.fcgi?id=wingen001bra
Will Andrews,24,2025,Penn State,Big Ten,1,1,0.5,5.29,14,0,,0,0,0,17,18,11,10,2,8,0,10,9,0,2,83,1.529,9.5,1.1,4.2,5.3,1.25,,player.fcgi?id=andrew000wil
Mason Butash,20,2025,Penn State,Big Ten,3,1,0.75,7.18,15,4,,0,0,0,36.1,41,31,29,5,21,0,30,8,0,3,174,1.706,10.2,1.2,5.2,7.4,1.43,,player.fcgi?id=butash000mas
Ben DeMell,22,2025,Penn State,Big Ten,5,3,0.625,4.65,24,1,,0,0,1,40.2,42,23,21,3,28,1,43,1,0,4,187,1.721,9.3,0.7,6.2,9.5,1.54,,player.fcgi?id=demell000ben
Ryan DeSanto*,21,2025,Penn State,Big Ten,8,2,0.8,3.96,15,15,,0,0,0,72.2,52,34,32,8,30,0,72,19,0,6,313,1.128,6.4,1,3.7,8.9,2.4,,player.fcgi?id=desant000rya
Mason Horwat,20,2025,Penn State,Big Ten,4,5,0.444,8.63,15,11,,0,0,0,49,72,50,47,4,26,0,29,10,0,2,248,2,13.2,0.7,4.8,5.3,1.12,,player.fcgi?id=horwat000mas
Harrison Lollin,19,2025,Penn State,Big Ten,3,1,0.75,10.87,20,1,,0,0,0,27.1,38,34,33,6,16,0,25,3,0,3,136,1.976,12.5,2,5.3,8.2,1.56,,player.fcgi?id=lollin000har
Dimond Loosli,21,2025,Penn State,Big Ten,5,1,0.833,3.82,22,0,,0,0,0,33,34,17,14,3,13,3,30,3,0,1,143,1.424,9.3,0.8,3.5,8.2,2.31,,player.fcgi?id=loosli000dim
Matt Morash*,19,2025,Penn State,Big Ten,1,1,0.5,8.14,10,5,,0,0,0,21,29,22,19,3,15,1,14,3,0,1,105,2.095,12.4,1.3,6.4,6,0.93,,player.fcgi?id=morash000mat
Logan Olson*,21,2025,Penn State,Big Ten,0,3,0,8.26,11,11,,0,0,0,28.1,30,27,26,2,21,0,25,7,0,0,137,1.8,9.5,0.6,6.7,7.9,1.19,,player.fcgi?id=olson-000log
Carson Renner,19,2025,Penn State,Big Ten,0,0,,22.5,4,0,,0,0,0,2,3,8,5,0,8,0,4,4,0,3,22,5.5,13.5,0,36,18,0.5,,player.fcgi?id=renner000car
Chase Renner,21,2025,Penn State,Big Ten,0,0,,2.91,17,0,,0,0,4,21.2,20,10,7,1,9,0,30,2,0,1,97,1.338,8.3,0.4,3.7,12.5,3.33,,player.fcgi?id=renner000cha
Skip Shenosky,21,2025,Penn State,Big Ten,1,3,0.25,7.89,12,6,,0,0,0,29.2,38,27,26,2,21,0,19,4,0,1,148,1.989,11.5,0.6,6.4,5.8,0.9,,player.fcgi?id=shenos000ben
Anthony Steele*,22,2025,Penn State,Big Ten,0,1,0,3.54,26,0,,0,0,2,40.2,38,22,16,3,22,0,49,6,0,8,190,1.475,8.4,0.7,4.9,10.8,2.23,,player.fcgi?id=steele000ant
Connor Throneberry,22,2025,Penn State,Big Ten,0,0,,7.71,9,0,,0,0,0,7,17,7,6,3,3,0,8,3,0,0,45,2.857,21.9,3.9,3.9,10.3,2.67,,player.fcgi?id=throne000con
Matthew VanOstenbridge*,19,2025,Penn State,Big Ten,2,1,0.667,4.32,23,2,,0,0,1,41.2,41,23,20,3,14,0,38,7,0,5,189,1.32,8.9,0.6,3,8.2,2.71,,player.fcgi?id=vanost000mat
Riley Weatherwax,19,2025,Penn State,Big Ten,0,0,,9.95,9,0,,0,0,0,6.1,10,9,7,2,7,0,11,2,1,4,36,2.684,14.2,2.8,9.9,15.6,1.57,,player.fcgi?id=weathe000ril
Sean Williams,19,2025,Penn State,Big Ten,0,0,,1.8,4,0,,0,0,0,5,1,1,1,1,3,0,6,1,0,1,20,0.8,1.8,1.8,5.4,10.8,2,,player.fcgi?id=willia008sea
Brandon Wingenroth,21,2025,Penn State,Big Ten,0,0,,6.23,5,0,,0,0,0,4.1,4,3,3,1,5,0,2,0,0,0,19,2.077,8.3,2.1,10.4,4.2,0.4,,player.fcgi?id=wingen001bra
Michael Anderson,22,2026,Penn State,Big Ten,0,0,,0,2,0,,0,0,0,1.2,0,0,0,0,1,0,1,2,0,0,7,0.6,0,0,5.4,5.4,1,,player.fcgi?id=anders017mic
Ethan Bauerschmidt,19,2026,Penn State,Big Ten,0,1,0,9.95,13,2,,0,0,0,19,24,26,21,3,14,0,8,5,0,2,100,2,11.4,1.4,6.6,3.8,0.57,,player.fcgi?id=bauers000eth
Robert Brown,19,2026,Penn State,Big Ten,2,2,0.5,8.5,14,0,,0,0,0,18,22,17,17,4,9,0,13,3,0,2,89,1.722,11,2,4.5,6.5,1.44,,player.fcgi?id=brown-055rob
Mason Butash,21,2026,Penn State,Big Ten,0,2,0,8.36,14,2,,0,0,0,28,38,28,26,2,17,1,22,2,0,1,137,1.964,12.2,0.6,5.5,7.1,1.29,,player.fcgi?id=butash000mas
Ben DeMell,23,2026,Penn State,Big Ten,2,2,0.5,5.28,23,0,,0,0,1,29,32,18,17,3,20,2,25,2,0,1,140,1.793,9.9,0.9,6.2,7.8,1.25,,player.fcgi?id=demell000ben
Kyle Emmons,21,2026,Penn State,Big Ten,1,3,0.25,5.5,20,0,,0,0,2,37.2,40,25,23,7,18,1,28,3,0,2,169,1.54,9.6,1.7,4.3,6.7,1.56,,player.fcgi?id=emmons002kyl
Colin Fitzgerald,23,2026,Penn State,Big Ten,2,6,0.25,6.51,13,13,,0,0,0,56.2,79,54,41,9,31,0,67,5,0,13,285,1.941,12.5,1.4,4.9,10.6,2.16,,player.fcgi?id=fitzge003col
Mason Horwat,21,2026,Penn State,Big Ten,1,0,1,5.49,25,3,,0,0,1,41,38,30,25,1,21,0,33,9,0,2,194,1.439,8.3,0.2,4.6,7.2,1.57,,player.fcgi?id=horwat000mas
Ben Hudson,20,2026,Penn State,Big Ten,2,10,0.167,7.83,14,14,,0,0,0,64.1,76,59,56,8,22,0,49,13,0,5,300,1.523,10.6,1.1,3.1,6.9,2.23,,player.fcgi?id=hudson004ben
Braden Leed,19,2026,Penn State,Big Ten,0,0,,13.5,4,0,,0,0,0,3.1,7,8,5,2,4,0,3,1,0,0,22,3.3,18.9,5.4,10.8,8.1,0.75,,player.fcgi?id=leed--000bra
Harrison Lollin,20,2026,Penn State,Big Ten,0,0,,4.05,11,0,,0,0,1,13.1,16,8,6,1,11,0,14,0,0,1,67,2.025,10.8,0.7,7.4,9.5,1.27,,player.fcgi?id=lollin000har
Dimond Loosli,22,2026,Penn State,Big Ten,2,0,1,5.66,21,0,,0,0,0,20.2,22,18,13,0,22,2,26,3,0,3,111,2.129,9.6,0,9.6,11.3,1.18,,player.fcgi?id=loosli000dim
Logan Olson*,22,2026,Penn State,Big Ten,0,0,,27,4,0,,0,0,0,1.2,4,5,5,0,6,0,2,2,0,2,17,6,21.6,0,32.4,10.8,0.33,,player.fcgi?id=olson-000log
Frankie Sanchez,23,2026,Penn State,Big Ten,2,1,0.667,9.95,14,3,,0,0,0,25.1,33,29,28,7,17,0,18,4,0,1,126,1.974,11.7,2.5,6,6.4,1.06,,player.fcgi?id=sanche013fra
Isaiah Shayter,20,2026,Penn State,Big Ten,2,7,0.222,9.43,14,14,,0,0,0,48.2,74,53,51,9,30,0,38,7,0,5,250,2.137,13.7,1.7,5.5,7,1.27,,player.fcgi?id=shayte000isa
Skip Shenosky,22,2026,Penn State,Big Ten,0,0,,11.12,5,0,,0,0,0,5.2,11,7,7,2,2,0,7,3,0,1,31,2.294,17.5,3.2,3.2,11.1,3.5,,player.fcgi?id=shenos000ben
Matthew VanOstenbridge*,20,2026,Penn State,Big Ten,0,1,0,9,13,0,,0,0,0,10,10,13,10,3,12,0,14,4,0,3,58,2.2,9,2.7,10.8,12.6,1.17,,player.fcgi?id=vanost000mat
Lance Breedlove,20,2011,Purdue,Big Ten,,,,3.4,,4,,,0,,50.1,59,28,19,,11,,33,,,,,1.391,10.5,,2,5.9,3,,player.fcgi?id=breedl000lan
Tyler Calder?,--,2011,Purdue,Big Ten,,,,11.57,,0,,,0,,2.1,4,3,3,,0,,0,,,,,1.714,15.4,,0,0,,,player.fcgi?id=calder000tyl
Angelo Cianfrocco?,--,2011,Purdue,Big Ten,,,,3.24,,0,,,0,,8.1,7,3,3,,1,,7,,,,,0.96,7.6,,1.1,7.6,7,,player.fcgi?id=cianfr002ang
Sean Collins?,--,2011,Purdue,Big Ten,,,,3.98,,0,,,0,,20.1,26,11,9,,3,,19,,,,,1.426,11.5,,1.3,8.4,6.33,,player.fcgi?id=collin004sea
Pat Gannon?,--,2011,Purdue,Big Ten,,,,5.4,,0,,,0,,20,34,12,12,,8,,13,,,,,2.1,15.3,,3.6,5.9,1.63,,player.fcgi?id=gannon000pat
Matt Gibbs,19,2011,Purdue,Big Ten,,,,6,,0,,,0,,6,11,5,4,,3,,1,,,,,2.333,16.5,,4.5,1.5,0.33,,player.fcgi?id=gibbs-002mat
Calvin Gunter?,--,2011,Purdue,Big Ten,,,,6.65,,8,,,0,,46,56,36,34,,14,,40,,,,,1.522,11,,2.7,7.8,2.86,,player.fcgi?id=gunter000cal
Joe Haase?,--,2011,Purdue,Big Ten,,,,3.36,,13,,,1,,83,99,39,31,,22,,55,,,,,1.458,10.7,,2.4,6,2.5,,player.fcgi?id=haase-000joe
Jake Hansen,21,2011,Purdue,Big Ten,,,,,,0,,,0,,0,0,0,0,,1,,0,,,,,,,,,,0,,player.fcgi?id=hansen000jak
Blake Mascarello*,22,2011,Purdue,Big Ten,,,,5.08,,4,,,0,,39,49,30,22,,9,,33,,,,,1.487,11.3,,2.1,7.6,3.67,,player.fcgi?id=mascar000bla
Matt Morgan?,--,2011,Purdue,Big Ten,,,,4,,13,,,1,,72,68,39,32,,30,,65,,,,,1.361,8.5,,3.8,8.1,2.17,,player.fcgi?id=morgan008mat
Cameron Perkins,20,2011,Purdue,Big Ten,,,,18,,0,,,0,,2,5,5,4,,1,,1,,,,,3,22.5,,4.5,4.5,1,,player.fcgi?id=perkin001cam
Robert Ramer,20,2011,Purdue,Big Ten,,,,4.83,,6,,,0,,41,48,26,22,,13,,32,,,,,1.488,10.5,,2.9,7,2.46,,player.fcgi?id=ramer-000rob
Brad Schreiber,20,2011,Purdue,Big Ten,,,,3.75,,8,,,0,,48,36,21,20,,15,,50,,,,,1.063,6.8,,2.8,9.4,3.33,,player.fcgi?id=schrei001bra
Mike Sudbury?,--,2011,Purdue,Big Ten,,,,3.6,,0,,,0,,25,28,10,10,,6,,15,,,,,1.36,10.1,,2.2,5.4,2.5,,player.fcgi?id=sudbur000mik
Nick Wittgren,20,2011,Purdue,Big Ten,,,,3.18,,1,,,0,,51,47,22,18,,10,,55,,,,,1.118,8.3,,1.8,9.7,5.5,,player.fcgi?id=wittgr000nic
Brett Andrzejewski?,--,2012,Purdue,Big Ten,1,0,1,4.73,13,0,,,0,0,13.1,16,8,7,1,5,0,5,0,0,1,61,1.575,10.8,0.7,3.4,3.4,1,,player.fcgi?id=andrze000bre
Lance Breedlove,21,2012,Purdue,Big Ten,8,6,0.571,3.33,16,16,,,1,0,97.1,86,40,36,4,16,0,76,8,0,4,394,1.048,8,0.4,1.5,7,4.75,,player.fcgi?id=breedl000lan
Angelo Cianfrocco?,--,2012,Purdue,Big Ten,0,0,,40.5,2,0,,,0,0,0.2,5,3,3,0,0,0,0,1,0,1,8,7.5,67.5,0,0,0,,,player.fcgi?id=cianfr002ang
Sean Collins?,--,2012,Purdue,Big Ten,1,0,1,2.75,13,0,,,0,0,19.2,25,8,6,0,4,1,12,1,0,1,85,1.475,11.4,0,1.8,5.5,3,,player.fcgi?id=collin004sea
Jack DeAno?,--,2012,Purdue,Big Ten,2,1,0.667,4.02,10,0,,,0,0,15.2,15,9,7,0,11,0,14,1,0,0,75,1.66,8.6,0,6.3,8,1.27,,player.fcgi?id=deano-000jac
Joe Eichmann?,--,2012,Purdue,Big Ten,0,0,,0,3,0,,,0,0,4,4,3,0,0,0,0,4,0,0,1,17,1,9,0,0,9,,,player.fcgi?id=eichma000joe
Mike Gaglianese?,--,2012,Purdue,Big Ten,0,0,,9,3,1,,,0,0,5,5,5,5,1,4,0,4,0,0,0,23,1.8,9,1.8,7.2,7.2,1,,player.fcgi?id=gaglia000mik
Pat Gannon?,--,2012,Purdue,Big Ten,1,0,1,1.35,9,0,,,0,0,13.1,13,3,2,1,7,0,13,0,0,0,61,1.5,8.8,0.7,4.7,8.8,1.86,,player.fcgi?id=gannon000pat
Calvin Gunter?,--,2012,Purdue,Big Ten,2,1,0.667,3.8,15,7,,,0,0,42.2,52,29,18,2,24,0,23,3,2,5,207,1.781,11,0.4,5.1,4.9,0.96,,player.fcgi?id=gunter000cal
Joe Haase?,--,2012,Purdue,Big Ten,11,1,0.917,3.35,16,16,,,2,0,102,101,42,38,3,21,0,59,7,0,2,426,1.196,8.9,0.3,1.9,5.2,2.81,,player.fcgi?id=haase-000joe
Blake Mascarello*,23,2012,Purdue,Big Ten,8,1,0.889,1.86,29,0,,,0,3,72.2,58,23,15,3,12,0,49,2,0,2,290,0.963,7.2,0.4,1.5,6.1,4.08,,player.fcgi?id=mascar000bla
Connor Podkul?,--,2012,Purdue,Big Ten,2,3,0.4,4.84,12,9,,,0,0,44.2,42,26,24,4,9,0,28,7,0,5,187,1.142,8.5,0.8,1.8,5.6,3.11,,player.fcgi?id=podkul000con
Andrew Quinnette?,--,2012,Purdue,Big Ten,0,0,,9,3,0,,,0,0,3,5,4,3,1,1,0,4,0,0,2,15,2,15,3,3,12,4,,player.fcgi?id=quinne000and
Robert Ramer,21,2012,Purdue,Big Ten,6,1,0.857,2.86,12,10,,,0,0,50.1,44,20,16,4,2,0,30,3,0,1,199,0.914,7.9,0.7,0.4,5.4,15,,player.fcgi?id=ramer-000rob
Mike Sudbury?,--,2012,Purdue,Big Ten,0,0,,0,7,0,,,0,0,2.1,3,0,0,0,0,0,4,1,0,1,12,1.286,11.6,0,0,15.4,,,player.fcgi?id=sudbur000mik
Nick Wittgren,21,2012,Purdue,Big Ten,3,0,1,1.76,26,0,,,0,10,41,35,12,8,0,12,0,39,0,0,2,168,1.146,7.7,0,2.6,8.6,3.25,,player.fcgi?id=wittgr000nic
Brett Andrzejewski?,--,2013,Purdue,Big Ten,3,3,0.5,3.86,27,0,,,0,1,35,39,17,15,1,8,0,19,3,0,1,151,1.343,10,0.3,2.1,4.9,2.38,,player.fcgi?id=andrze000bre
Eddie De LaRiva?,--,2013,Purdue,Big Ten,2,3,0.4,12.05,14,2,,,0,0,18.2,42,29,25,1,9,0,9,2,1,3,110,2.732,20.3,0.5,4.3,4.3,1,,player.fcgi?id=delari000edd
Gavin Downs,20,2013,Purdue,Big Ten,1,1,0.5,5.06,5,3,,,0,0,16,18,10,9,1,6,0,11,1,0,0,69,1.5,10.1,0.6,3.4,6.2,1.83,,player.fcgi?id=downs-000gav
Joe Eichmann?,--,2013,Purdue,Big Ten,0,1,0,8.62,8,1,,,0,0,15.2,28,18,15,2,8,0,10,2,0,1,87,2.298,16.1,1.1,4.6,5.7,1.25,,player.fcgi?id=eichma000joe
Mike Gaglianese?,--,2013,Purdue,Big Ten,0,0,,7.15,7,1,,,0,0,11.1,16,10,9,0,9,0,9,1,0,3,59,2.206,12.7,0,7.1,7.1,1,,player.fcgi?id=gaglia000mik
Pat Gannon?,--,2013,Purdue,Big Ten,0,0,,7.45,13,0,,,0,0,9.2,10,8,8,0,13,0,6,2,0,1,54,2.379,9.3,0,12.1,5.6,0.46,,player.fcgi?id=gannon000pat
Matt Gibbs,21,2013,Purdue,Big Ten,0,0,,40.5,1,0,,,0,0,0.2,2,3,3,0,0,0,0,1,0,0,5,3,27,0,0,0,,,player.fcgi?id=gibbs-002mat
Conner Hudnall?,--,2013,Purdue,Big Ten,0,0,,27,1,0,,,0,0,0.2,3,2,2,0,0,0,0,0,0,0,5,4.5,40.5,0,0,0,,,player.fcgi?id=hudnal000con
Kyle Johnson,19,2013,Purdue,Big Ten,0,0,,22.09,7,0,,,0,0,3.2,9,9,9,0,6,0,4,0,0,1,26,4.091,22.1,0,14.7,9.8,0.67,,player.fcgi?id=johnso006kyl
Patrick Kenney,--,2013,Purdue,Big Ten,0,0,,9.49,14,0,,,0,3,12.1,12,14,13,1,18,0,9,2,1,7,66,2.432,8.8,0.7,13.1,6.6,0.5,,player.fcgi?id=kenney000pat
Mike Lutz?,--,2013,Purdue,Big Ten,1,6,0.143,6.75,25,1,,,0,0,50.2,67,41,38,2,22,0,19,7,1,4,247,1.757,11.9,0.4,3.9,3.4,0.86,,player.fcgi?id=lutz--000mik
Tim McElroy*,--,2013,Purdue,Big Ten,1,1,0.5,8.1,21,0,,,0,0,13.1,18,13,12,2,11,0,14,2,1,3,72,2.175,12.2,1.4,7.4,9.5,1.27,,player.fcgi?id=mcelro000tim
Jordan Minch*,19,2013,Purdue,Big Ten,5,5,0.5,4.98,16,14,,,0,0,81.1,92,58,45,7,35,0,63,12,1,5,377,1.561,10.2,0.8,3.9,7,1.8,,player.fcgi?id=minch-000jor
Robert Ramer,22,2013,Purdue,Big Ten,3,5,0.375,4.86,15,13,,,0,1,90.2,123,54,49,2,14,0,43,3,0,3,399,1.511,12.2,0.2,1.4,4.3,3.07,,player.fcgi?id=ramer-000rob
Brad Schreiber,22,2013,Purdue,Big Ten,1,7,0.125,7.56,19,9,,,0,1,50,62,59,42,7,35,0,50,12,1,7,257,1.94,11.2,1.3,6.3,9,1.43,,player.fcgi?id=schrei001bra
Kyle Upp?,--,2013,Purdue,Big Ten,0,0,,9.39,6,0,,,0,0,7.2,12,15,8,0,8,0,2,2,0,4,46,2.609,14.1,0,9.4,2.3,0.25,,player.fcgi?id=upp---000kyl
Cody Webster?,--,2013,Purdue,Big Ten,0,0,,37.8,3,0,,,0,0,1.2,7,7,7,0,1,0,1,1,0,1,14,4.8,37.8,0,5.4,5.4,1,,player.fcgi?id=webste000cod
Kyle Wood*,20,2013,Purdue,Big Ten,0,2,0,5,8,7,,,0,0,27,33,20,15,0,17,0,17,2,0,2,131,1.852,11,0,5.7,5.7,1,,player.fcgi?id=wood--000kyl
Jordan Bickle?,--,2014,Purdue,Big Ten,0,0,,16.88,3,0,,,0,0,2.2,4,5,5,0,4,0,0,1,0,1,17,3,13.5,0,13.5,0,0,,player.fcgi?id=bickle000jor
Eddie De LaRiva?,--,2014,Purdue,Big Ten,0,0,,9.39,8,1,,,0,0,7.2,18,14,8,0,7,0,6,0,1,0,49,3.261,21.1,0,8.2,7,0.86,,player.fcgi?id=delari000edd
Gavin Downs,21,2014,Purdue,Big Ten,3,6,0.333,4.26,15,12,,,0,0,74,81,43,35,1,20,0,27,11,1,1,325,1.365,9.9,0.1,2.4,3.3,1.35,,player.fcgi?id=downs-000gav
Adam Dressler,19,2014,Purdue,Big Ten,2,2,0.5,5.52,14,4,,,0,0,29.1,41,24,18,3,11,0,15,4,0,4,140,1.773,12.6,0.9,3.4,4.6,1.36,,player.fcgi?id=dressl000ada
Joe Eichmann?,--,2014,Purdue,Big Ten,1,3,0.25,3.94,28,0,,,0,0,29.2,24,14,13,1,12,1,25,0,0,3,121,1.213,7.3,0.3,3.6,7.6,2.08,,player.fcgi?id=eichma000joe
Matt Frawley,18,2014,Purdue,Big Ten,1,0,1,10.2,13,0,,,0,0,15,25,22,17,0,10,0,11,5,1,2,84,2.333,15,0,6,6.6,1.1,,player.fcgi?id=frawle000mat
Matt Gibbs,22,2014,Purdue,Big Ten,2,0,1,1.62,18,0,,,0,1,39,25,15,7,2,16,1,25,5,0,1,162,1.051,5.8,0.5,3.7,5.8,1.56,,player.fcgi?id=gibbs-002mat
Brett Haan?,--,2014,Purdue,Big Ten,1,3,0.25,8.69,14,5,,,0,0,29,48,29,28,1,20,1,10,8,0,2,155,2.345,14.9,0.3,6.2,3.1,0.5,,player.fcgi?id=haan--000bre
Kyle Johnson,20,2014,Purdue,Big Ten,0,0,,0,2,0,,,0,0,1.2,2,0,0,0,1,0,2,1,0,0,8,1.8,10.8,0,5.4,10.8,2,,player.fcgi?id=johnso006kyl
Patrick Kenney,--,2014,Purdue,Big Ten,0,0,,9,11,1,,,0,1,11,14,11,11,0,13,0,4,4,1,6,59,2.455,11.5,0,10.6,3.3,0.31,,player.fcgi?id=kenney000pat
Mike Lutz?,--,2014,Purdue,Big Ten,2,7,0.222,6.33,30,2,,,0,3,48.1,68,38,34,1,24,0,11,2,0,3,231,1.903,12.7,0.2,4.5,2,0.46,,player.fcgi?id=lutz--000mik
Tim McElroy*,--,2014,Purdue,Big Ten,0,1,0,4.5,25,1,,,0,1,24,31,16,12,0,22,0,19,3,0,4,119,2.208,11.6,0,8.3,7.1,0.86,,player.fcgi?id=mcelro000tim
Matt McHugh,19,2014,Purdue,Big Ten,0,0,,13.5,2,0,,,0,0,3.1,8,5,5,1,5,0,0,0,0,1,21,3.9,21.6,2.7,13.5,0,0,,player.fcgi?id=mchugh000mat
Jordan Minch*,20,2014,Purdue,Big Ten,1,7,0.125,5.71,14,14,,,0,0,86.2,102,56,55,3,36,2,52,10,2,1,396,1.592,10.6,0.3,3.7,5.4,1.44,,player.fcgi?id=minch-000jor
Connor Podkul?,--,2014,Purdue,Big Ten,0,5,0,8.42,10,7,,,0,0,25.2,32,25,24,0,15,0,18,2,0,2,124,1.831,11.2,0,5.3,6.3,1.2,,player.fcgi?id=podkul000con
Kyle Wood*,21,2014,Purdue,Big Ten,0,3,0,11.88,10,3,,,0,0,16.2,36,23,22,2,10,0,18,0,0,0,98,2.76,19.4,1.1,5.4,9.7,1.8,,player.fcgi?id=wood--000kyl
Tanner Andrews,19,2015,Purdue,Big Ten,0,0,,5.06,7,0,,,0,0,10.2,12,7,6,0,8,0,7,0,0,0,52,1.875,10.1,0,6.8,5.9,0.88,,player.fcgi?id=andrew000tan
Shane Bryant,22,2015,Purdue,Big Ten,3,3,0.5,4.82,17,8,,,0,0,65.1,85,40,35,7,19,0,54,4,3,2,295,1.592,11.7,1,2.6,7.4,2.84,,player.fcgi?id=bryant003sha
Gavin Downs,22,2015,Purdue,Big Ten,4,4,0.5,6.6,23,11,,,0,0,61.1,72,50,45,7,20,1,34,8,0,4,282,1.5,10.6,1,2.9,5,1.7,,player.fcgi?id=downs-000gav
Adam Dressler,20,2015,Purdue,Big Ten,0,0,,8.1,2,0,,,0,0,3.1,5,3,3,0,1,0,2,0,0,0,15,1.8,13.5,0,2.7,5.4,2,,player.fcgi?id=dressl000ada
Joe Eichmann?,--,2015,Purdue,Big Ten,3,2,0.6,2.32,24,0,,,0,2,42.2,35,15,11,2,25,0,44,0,0,4,183,1.406,7.4,0.4,5.3,9.3,1.76,,player.fcgi?id=eichma000joe
Matt Frawley,19,2015,Purdue,Big Ten,1,9,0.1,4.55,14,12,,,0,2,55.1,59,40,28,2,23,0,33,11,0,2,256,1.482,9.6,0.3,3.7,5.4,1.43,,player.fcgi?id=frawle000mat
Brian Ghiselli,21,2015,Purdue,Big Ten,0,1,0,9.88,10,2,,,0,0,13.2,17,15,15,1,10,0,7,5,0,6,73,1.976,11.2,0.7,6.6,4.6,0.7,,player.fcgi?id=ghisel000bri
Matt Gibbs,23,2015,Purdue,Big Ten,2,0,1,4,16,0,,,0,1,18,15,10,8,0,12,0,19,1,0,4,80,1.5,7.5,0,6,9.5,1.58,,player.fcgi?id=gibbs-002mat
Brett Haan?,--,2015,Purdue,Big Ten,2,8,0.2,6.67,13,13,,,0,0,59.1,84,55,44,5,17,0,27,4,1,2,276,1.702,12.7,0.8,2.6,4.1,1.59,,player.fcgi?id=haan--000bre
Mike Kornacker?,--,2015,Purdue,Big Ten,1,2,0.333,3,6,6,,,0,0,27,29,9,9,1,13,0,10,1,1,2,118,1.556,9.7,0.3,4.3,3.3,0.77,,player.fcgi?id=kornac000mik
Mike Lutz?,--,2015,Purdue,Big Ten,1,0,1,5.65,14,1,,,0,0,28.2,35,18,18,1,10,0,11,1,0,3,122,1.57,11,0.3,3.1,3.5,1.1,,player.fcgi?id=lutz--000mik
Alex Lyons,20,2015,Purdue,Big Ten,1,2,0.333,5.61,21,1,,,0,1,33.2,53,24,21,1,8,0,27,1,0,8,157,1.812,14.2,0.3,2.1,7.2,3.38,,player.fcgi?id=lyons-000ale
Tim McElroy*,--,2015,Purdue,Big Ten,0,2,0,6.41,16,0,,,0,0,19.2,23,20,14,1,15,0,12,0,0,1,97,1.932,10.5,0.5,6.9,5.5,0.8,,player.fcgi?id=mcelro000tim
Kyle Van Hoeck*,19,2015,Purdue,Big Ten,1,0,1,5.93,17,0,,,0,1,27.1,31,25,18,1,11,0,13,5,1,4,129,1.537,10.2,0.3,3.6,4.3,1.18,,player.fcgi?id=vanhoe000kyl
Kyle Wood*,22,2015,Purdue,Big Ten,1,1,0.5,9.53,3,0,,,0,0,5.2,8,7,6,0,4,0,13,1,0,2,32,2.118,12.7,0,6.4,20.6,3.25,,player.fcgi?id=wood--000kyl
Robb Woodcock?,--,2015,Purdue,Big Ten,0,0,,0,3,0,,,0,0,1.1,3,1,0,0,4,0,0,0,0,1,11,5.25,20.3,0,27,0,0,,player.fcgi?id=woodco002rob
Tanner Andrews,20,2016,Purdue,Big Ten,2,6,0.25,3.53,21,7,,0,0,1,66.1,58,35,26,5,31,0,42,6,0,11,297,1.342,7.9,0.7,4.2,5.7,1.35,,player.fcgi?id=andrew000tan
Shane Bryant,23,2016,Purdue,Big Ten,0,6,0,4.33,14,8,,0,0,0,60.1,63,37,29,1,21,0,49,7,0,3,266,1.392,9.4,0.1,3.1,7.3,2.33,,player.fcgi?id=bryant003sha
Nick Dalesandro,19,2016,Purdue,Big Ten,0,3,0,10.26,7,4,,0,0,0,16.2,28,21,19,2,7,0,13,2,1,0,87,2.1,15.1,1.1,3.8,7,1.86,,player.fcgi?id=dalesa000nic
Eddie De LaRiva?,--,2016,Purdue,Big Ten,1,1,0.5,4.64,14,1,,0,0,0,33,40,17,17,5,7,0,19,5,0,2,152,1.424,10.9,1.4,1.9,5.2,2.71,,player.fcgi?id=delari000edd
Gavin Downs,23,2016,Purdue,Big Ten,2,4,0.333,5,17,9,,1,1,0,63,76,40,35,7,22,0,27,6,0,4,289,1.556,10.9,1,3.1,3.9,1.23,,player.fcgi?id=downs-000gav
Adam Dressler,21,2016,Purdue,Big Ten,0,2,0,10.8,7,1,,0,0,0,11.2,17,14,14,1,6,0,4,1,0,2,58,1.971,13.1,0.8,4.6,3.1,0.67,,player.fcgi?id=dressl000ada
Matt Frawley,20,2016,Purdue,Big Ten,1,5,0.167,2.78,14,9,,0,0,1,74.1,65,35,23,2,27,0,58,8,3,5,320,1.238,7.9,0.2,3.3,7,2.15,,player.fcgi?id=frawle000mat
Brian Ghiselli,22,2016,Purdue,Big Ten,0,2,0,4.46,19,1,,0,0,0,42.1,50,22,21,2,13,0,28,3,0,1,180,1.488,10.6,0.4,2.8,6,2.15,,player.fcgi?id=ghisel000bri
Patrick Kenney,--,2016,Purdue,Big Ten,0,0,,81,1,0,,0,0,0,0.1,2,3,3,2,1,0,0,0,0,0,4,9,54,54,27,0,0,,player.fcgi?id=kenney000pat
Mike Lutz?,--,2016,Purdue,Big Ten,2,2,0.5,5.26,14,10,,0,0,0,39.1,57,42,23,3,18,0,20,2,0,4,196,1.907,13,0.7,4.1,4.6,1.11,,player.fcgi?id=lutz--000mik
Alex Lyons,21,2016,Purdue,Big Ten,1,5,0.167,9.37,13,1,,0,0,0,16.1,30,17,17,1,11,2,9,1,0,1,86,2.51,16.5,0.6,6.1,5,0.82,,player.fcgi?id=lyons-000ale
Jacob Preston,19,2016,Purdue,Big Ten,0,2,0,13.5,3,2,,0,0,0,6,8,9,9,1,4,0,4,1,0,0,30,2,12,1.5,6,6,1,,player.fcgi?id=presto000jac
Tanner Schumacher,22,2016,Purdue,Big Ten,1,5,0.167,7.5,21,1,,0,0,0,30,44,29,25,5,18,1,24,6,0,3,154,2.067,13.2,1.5,5.4,7.2,1.33,,player.fcgi?id=schuma000tan
Harry Shipley,--,2016,Purdue,Big Ten,0,0,,0,1,0,,0,0,0,1,1,0,0,0,0,0,0,0,0,0,4,1,9,0,0,0,,,player.fcgi?id=shiple000har
Kyle Van Hoeck*,20,2016,Purdue,Big Ten,0,0,,22.74,8,0,,0,0,0,6.1,11,16,16,0,10,0,3,2,0,1,43,3.316,15.6,0,14.2,4.3,0.3,,player.fcgi?id=vanhoe000kyl
Robb Woodcock?,--,2016,Purdue,Big Ten,0,0,,6.35,10,0,,0,0,0,5.2,5,4,4,0,7,0,4,1,0,0,30,2.118,7.9,0,11.1,6.4,0.57,,player.fcgi?id=woodco002rob
Tanner Andrews,21,2017,Purdue,Big Ten,8,4,0.667,4.52,15,15,,1,1,0,83.2,81,45,42,6,40,0,57,7,2,8,367,1.446,8.7,0.6,4.3,6.1,1.43,,player.fcgi?id=andrew000tan
Jack Dellinger,19,2017,Purdue,Big Ten,2,3,0.4,4.91,14,9,,0,0,0,44,52,32,24,5,13,0,26,2,4,2,201,1.477,10.6,1,2.7,5.3,2,,player.fcgi?id=dellin000jac
Adam Dressler,22,2017,Purdue,Big Ten,0,0,,5.4,8,0,,0,0,0,6.2,9,9,4,2,1,0,4,1,0,1,34,1.5,12.2,2.7,1.4,5.4,4,,player.fcgi?id=dressl000ada
Brian Ghiselli,23,2017,Purdue,Big Ten,0,2,0,10.58,11,2,,0,0,0,24.2,36,33,29,5,14,0,19,2,0,4,123,2.027,13.1,1.8,5.1,6.9,1.36,,player.fcgi?id=ghisel000bri
Mike Kornacker?,--,2017,Purdue,Big Ten,1,2,0.333,5.63,12,8,,0,0,0,40,45,29,25,2,16,0,22,5,1,3,180,1.525,10.1,0.5,3.6,5,1.38,,player.fcgi?id=kornac000mik
Ross Learnard?,--,2017,Purdue,Big Ten,6,0,1,0.39,27,0,,0,0,4,46.1,30,3,2,0,10,3,37,0,1,1,167,0.863,5.8,0,1.9,7.2,3.7,,player.fcgi?id=learna000ros
Jacson McGowan,20,2017,Purdue,Big Ten,0,1,0,16.2,4,0,,0,0,0,5,9,9,9,1,2,0,6,2,1,3,28,2.2,16.2,1.8,3.6,10.8,3,,player.fcgi?id=mcgowa002jac
Dalton Parker,19,2017,Purdue,Big Ten,2,3,0.4,4.6,16,1,,0,0,6,43,33,22,22,1,21,0,43,3,0,4,179,1.256,6.9,0.2,4.4,9,2.05,,player.fcgi?id=parker001dal
Tanner Schumacher,23,2017,Purdue,Big Ten,1,5,0.167,5.68,15,5,,0,0,0,38,44,34,24,3,11,1,29,3,0,8,172,1.447,10.4,0.7,2.6,6.9,2.64,,player.fcgi?id=schuma000tan
Kyle Schweiger,22,2017,Purdue,Big Ten,3,0,1,9,9,0,,0,0,0,8,3,8,8,0,13,0,11,7,0,2,45,2,3.4,0,14.6,12.4,0.85,,player.fcgi?id=schwei000kyl
Gareth Stroh*,20,2017,Purdue,Big Ten,5,4,0.556,3.89,16,15,,1,0,1,90.1,87,45,39,7,30,0,53,4,0,5,387,1.295,8.7,0.7,3,5.3,1.77,,player.fcgi?id=stroh-000gar
Kyle Van Hoeck*,21,2017,Purdue,Big Ten,0,0,,54,1,0,,0,0,0,0.1,0,2,2,0,3,0,0,1,0,1,5,9,0,0,81,0,0,,player.fcgi?id=vanhoe000kyl
Cameron Williams?,--,2017,Purdue,Big Ten,1,2,0.333,3.6,23,0,,0,0,3,25,24,13,10,3,9,0,29,1,0,4,113,1.32,8.6,1.1,3.2,10.4,3.22,,player.fcgi?id=willia003cam
Nick Wojtysiak*,21,2017,Purdue,Big Ten,0,1,0,7.36,18,0,,0,0,0,18.1,20,16,15,2,10,0,18,3,0,3,86,1.636,9.8,1,4.9,8.8,1.8,,player.fcgi?id=wojtys000nic
Hunter Wolfe*,19,2017,Purdue,Big Ten,0,0,,5.48,11,1,,0,0,0,21.1,26,18,13,4,14,0,17,2,2,7,102,1.875,11,1.7,5.9,7.2,1.21,,player.fcgi?id=wolfe-001hun
Tanner Andrews,22,2018,Purdue,Big Ten,7,5,0.583,2.94,17,16,,1,0,0,98,102,45,32,5,41,2,78,5,0,4,431,1.459,9.4,0.5,3.8,7.2,1.9,,player.fcgi?id=andrew000tan
Ryan Beard?,--,2018,Purdue,Big Ten,5,3,0.625,4.42,15,11,,0,0,0,57,63,35,28,5,25,1,45,15,0,3,263,1.544,9.9,0.8,3.9,7.1,1.8,,player.fcgi?id=beard-000rya
Andrew Bohm,20,2018,Purdue,Big Ten,2,0,1,4.5,12,5,,0,0,0,30,29,19,15,3,16,0,29,3,0,3,135,1.5,8.7,0.9,4.8,8.7,1.81,,player.fcgi?id=bohm--000and
Trevor Cheaney,21,2018,Purdue,Big Ten,1,2,0.333,4.5,29,0,,0,0,1,40,32,23,20,3,23,3,44,7,2,10,181,1.375,7.2,0.7,5.2,9.9,1.91,,player.fcgi?id=cheane000tre
Bo Hofstra,19,2018,Purdue,Big Ten,5,3,0.625,3.78,28,1,,0,0,1,52.1,44,23,22,1,15,0,49,2,0,3,211,1.127,7.6,0.2,2.6,8.4,3.27,,player.fcgi?id=hofstr000bo-
Trent Johnson,19,2018,Purdue,Big Ten,3,1,0.75,1.76,18,9,,0,0,0,41,21,13,8,2,31,0,39,9,1,8,178,1.268,4.6,0.4,6.8,8.6,1.26,,player.fcgi?id=johnso010tre
Mike Kornacker?,--,2018,Purdue,Big Ten,0,1,0,4.95,12,0,,0,0,1,20,24,13,11,2,5,0,9,0,0,3,88,1.45,10.8,0.9,2.3,4.1,1.8,,player.fcgi?id=kornac000mik
Ross Learnard?,--,2018,Purdue,Big Ten,2,2,0.5,3.38,29,0,,0,0,15,34.2,31,15,13,3,8,0,33,1,0,4,143,1.125,8,0.8,2.1,8.6,4.13,,player.fcgi?id=learna000ros
Matt Moore*,20,2018,Purdue,Big Ten,0,0,,4.35,12,0,,0,0,1,10.1,6,6,5,1,9,0,11,3,1,2,47,1.452,5.2,0.9,7.8,9.6,1.22,,player.fcgi?id=moore-005mat
Dalton Parker,20,2018,Purdue,Big Ten,5,0,1,3.21,18,0,,0,0,0,28,19,13,10,0,8,1,22,3,0,1,114,0.964,6.1,0,2.6,7.1,2.75,,player.fcgi?id=parker001dal
Patrick Smith*,21,2018,Purdue,Big Ten,0,0,,8.56,10,0,,0,0,0,13.2,23,14,13,1,6,0,7,0,1,4,69,2.122,15.1,0.7,4,4.6,1.17,,player.fcgi?id=smith-007pat
Gareth Stroh*,21,2018,Purdue,Big Ten,5,2,0.714,4.93,16,16,,0,0,0,69.1,75,46,38,9,43,0,33,4,0,9,320,1.702,9.7,1.2,5.6,4.3,0.77,,player.fcgi?id=stroh-000gar
Evan Warden,22,2018,Purdue,Big Ten,0,0,,0,1,0,,0,0,0,1,0,0,0,0,0,0,1,0,0,0,3,0,0,0,0,9,,,player.fcgi?id=warden000eva
Cameron Williams?,--,2018,Purdue,Big Ten,2,2,0.5,6.97,15,0,,0,0,0,20.2,34,19,16,3,9,0,16,1,0,3,102,2.081,14.8,1.3,3.9,7,1.78,,player.fcgi?id=willia003cam
Nick Wojtysiak*,22,2018,Purdue,Big Ten,1,0,1,3.12,3,1,,0,0,0,8.2,8,4,3,0,5,0,6,3,0,1,40,1.5,8.3,0,5.2,6.2,1.2,,player.fcgi?id=wojtys000nic
Ryan Beard?,--,2019,Purdue,Big Ten,0,5,0,6.18,8,7,,0,0,0,39.1,47,33,27,5,18,0,26,1,0,2,176,1.653,10.8,1.1,4.1,5.9,1.44,,player.fcgi?id=beard-000rya
Andrew Bohm,21,2019,Purdue,Big Ten,0,9,0,5.54,15,12,,0,0,0,65,67,50,40,8,37,1,73,7,0,11,302,1.6,9.3,1.1,5.1,10.1,1.97,,player.fcgi?id=bohm--000and
Cory Brooks,20,2019,Purdue,Big Ten,1,0,1,6.17,6,4,,0,0,0,11.2,12,8,8,4,2,0,9,3,0,2,51,1.2,9.3,3.1,1.5,6.9,4.5,,player.fcgi?id=brooks001cor
Bo Hofstra,20,2019,Purdue,Big Ten,2,2,0.5,1.62,24,1,,0,0,7,39,30,17,7,2,24,4,47,3,1,5,173,1.385,6.9,0.5,5.5,10.8,1.96,,player.fcgi?id=hofstr000bo-
Trent Johnson,20,2019,Purdue,Big Ten,3,3,0.5,2.98,22,5,,0,0,1,60.1,43,22,20,4,19,1,73,3,1,10,244,1.028,6.4,0.6,2.8,10.9,3.84,,player.fcgi?id=johnso010tre
James Kulak*,--,2019,Purdue,Big Ten,1,1,0.5,5.61,13,6,,0,0,0,25.2,30,18,16,1,12,0,27,6,0,3,125,1.636,10.5,0.4,4.2,9.5,2.25,,player.fcgi?id=kulak-000jam
Matt Moore*,21,2019,Purdue,Big Ten,5,0,1,4.18,27,0,,0,0,0,28,26,15,13,3,10,1,35,6,1,5,124,1.286,8.4,1,3.2,11.3,3.5,,player.fcgi?id=moore-005mat
Dalton Parker,21,2019,Purdue,Big Ten,0,3,0,3.47,11,3,,0,0,0,23.1,23,9,9,2,14,1,14,1,0,1,104,1.586,8.9,0.8,5.4,5.4,1,,player.fcgi?id=parker001dal
Austin Peterson,19,2019,Purdue,Big Ten,1,5,0.167,4.5,25,1,,0,0,1,48,55,32,24,8,11,1,49,8,0,13,215,1.375,10.3,1.5,2.1,9.2,4.45,,player.fcgi?id=peters001aus
Patrick Smith*,22,2019,Purdue,Big Ten,4,4,0.5,5.1,17,13,,0,0,0,60,63,39,34,1,35,2,70,9,0,7,286,1.633,9.5,0.2,5.3,10.5,2,,player.fcgi?id=smith-007pat
Conner Tomasic,19,2019,Purdue,Big Ten,0,0,,2.29,14,0,,0,0,0,19.2,18,6,5,1,7,0,15,3,0,1,82,1.271,8.2,0.5,3.2,6.9,2.14,,player.fcgi?id=tomasi000con
Kyle Wade,19,2019,Purdue,Big Ten,3,2,0.6,5.18,15,2,,0,0,0,40,42,28,23,1,11,0,27,1,1,9,170,1.325,9.5,0.2,2.5,6.1,2.45,,player.fcgi?id=wade--003kyl
Hayden Wynja*,20,2019,Purdue,Big Ten,0,0,,6.17,8,0,,0,0,0,11.2,11,8,8,0,9,0,12,2,0,6,57,1.714,8.5,0,6.9,9.3,1.33,,player.fcgi?id=wynja-000hay
Andrew Bohm,22,2020,Purdue,Big Ten,0,1,0,9.58,6,1,,0,0,1,10.1,9,14,11,1,10,1,14,1,0,3,50,1.839,7.8,0.9,8.7,12.2,1.4,,player.fcgi?id=bohm--000and
Cory Brooks,21,2020,Purdue,Big Ten,2,2,0.5,5.12,4,3,,0,0,0,19.1,22,11,11,2,7,1,16,1,1,1,84,1.5,10.2,0.9,3.3,7.4,2.29,,player.fcgi?id=brooks001cor
Ricky Castro,20,2020,Purdue,Big Ten,0,0,,10.8,3,0,,0,0,0,3.1,7,5,4,1,2,0,3,0,0,0,19,2.7,18.9,2.7,5.4,8.1,1.5,,player.fcgi?id=castro008ric
Trevor Cheaney,23,2020,Purdue,Big Ten,0,0,,13.5,2,0,,0,0,0,1.1,2,2,2,1,2,0,1,1,0,0,9,3,13.5,6.8,13.5,6.8,0.5,,player.fcgi?id=cheane000tre
Eric Hildebrand,20,2020,Purdue,Big Ten,0,1,0,8.53,5,0,,0,0,0,6.1,8,6,6,0,6,0,4,1,0,0,32,2.211,11.4,0,8.5,5.7,0.67,,player.fcgi?id=hildeb001eri
Bo Hofstra,21,2020,Purdue,Big Ten,0,1,0,9.9,5,1,,0,0,3,10,15,11,11,1,4,1,8,0,0,1,49,1.9,13.5,0.9,3.6,7.2,2,,player.fcgi?id=hofstr000bo-
Jett Jackson,19,2020,Purdue,Big Ten,1,0,1,1.89,4,4,,0,0,0,19,12,4,4,0,12,0,13,0,0,0,81,1.263,5.7,0,5.7,6.2,1.08,,player.fcgi?id=jackso000jet
Trent Johnson,21,2020,Purdue,Big Ten,1,1,0.5,3.68,4,3,,0,0,0,14.2,11,7,6,2,9,0,13,1,0,2,61,1.364,6.8,1.2,5.5,8,1.44,,player.fcgi?id=johnso010tre
James Kulak*,--,2020,Purdue,Big Ten,0,0,,10.8,2,1,,0,0,0,3.1,8,4,4,0,2,0,4,0,0,1,19,3,21.6,0,5.4,10.8,2,,player.fcgi?id=kulak-000jam
Matt Moore*,22,2020,Purdue,Big Ten,0,0,,3,5,0,,0,0,0,3,4,6,1,0,4,1,3,1,0,0,20,2.667,12,0,12,9,0.75,,player.fcgi?id=moore-005mat
Dalton Parker,22,2020,Purdue,Big Ten,1,0,1,7.11,4,0,,0,0,0,6.1,8,5,5,2,5,1,5,0,0,4,32,2.053,11.4,2.8,7.1,7.1,1,,player.fcgi?id=parker001dal
Jackson Smeltz*,21,2020,Purdue,Big Ten,1,0,1,4.09,5,1,,0,0,0,11,15,6,5,2,3,1,9,0,0,1,49,1.636,12.3,1.6,2.5,7.4,3,,player.fcgi?id=smeltz000jac
Conner Tomasic,20,2020,Purdue,Big Ten,0,1,0,9.53,5,0,,0,0,0,5.2,8,7,6,0,4,0,3,1,0,0,30,2.118,12.7,0,6.4,4.8,0.75,,player.fcgi?id=tomasi000con
Kyle Wade,20,2020,Purdue,Big Ten,1,0,1,4.05,5,0,,0,0,0,6.2,14,5,3,0,1,0,2,0,0,1,32,2.25,18.9,0,1.4,2.7,2,,player.fcgi?id=wade--003kyl
Nick Alvarado,24,2021,Purdue,Big Ten,0,1,0,9.15,10,1,,0,0,1,19.2,25,23,20,2,19,1,27,7,0,7,107,2.237,11.4,0.9,8.7,12.4,1.42,,player.fcgi?id=alvara001nic
Cory Brooks,22,2021,Purdue,Big Ten,3,4,0.429,5.79,14,8,,0,0,0,51.1,61,35,33,9,17,1,38,3,0,4,228,1.519,10.7,1.6,3,6.7,2.24,,player.fcgi?id=brooks001cor
Ricky Castro,21,2021,Purdue,Big Ten,1,0,1,5.73,12,0,,0,0,0,22,24,14,14,4,14,1,27,2,2,1,103,1.727,9.8,1.6,5.7,11,1.93,,player.fcgi?id=castro008ric
Avery Cook,20,2021,Purdue,Big Ten,0,0,,2.25,9,0,,0,0,2,8,4,2,2,0,2,0,8,0,0,0,30,0.75,4.5,0,2.3,9,4,,player.fcgi?id=cook--000ave
Nolan Daniel,21,2021,Purdue,Big Ten,1,1,0.5,9.64,12,0,,0,0,1,14,21,17,15,3,9,3,18,2,0,7,74,2.143,13.5,1.9,5.8,11.6,2,,player.fcgi?id=daniel000nol
Eric Hildebrand,21,2021,Purdue,Big Ten,2,1,0.667,4.19,16,0,,0,0,0,19.1,21,13,9,1,7,0,19,2,0,2,88,1.448,9.8,0.5,3.3,8.8,2.71,,player.fcgi?id=hildeb001eri
Jett Jackson,20,2021,Purdue,Big Ten,0,3,0,7.57,12,7,,0,0,0,27.1,30,27,23,3,26,3,30,5,0,6,142,2.049,9.9,1,8.6,9.9,1.15,,player.fcgi?id=jackso000jet
Trent Johnson,22,2021,Purdue,Big Ten,4,5,0.444,4.5,13,11,,0,0,0,66,74,41,33,18,24,3,63,2,0,11,297,1.485,10.1,2.5,3.3,8.6,2.63,,player.fcgi?id=johnso010tre
James Kulak*,--,2021,Purdue,Big Ten,0,1,0,16.88,4,0,,0,0,0,2.2,3,5,5,0,9,0,6,0,0,1,21,4.5,10.1,0,30.4,20.3,0.67,,player.fcgi?id=kulak-000jam
Griffin Lohman,19,2021,Purdue,Big Ten,0,0,,36,1,0,,0,0,0,1,4,4,4,2,0,0,2,0,0,0,7,4,36,18,0,18,,,player.fcgi?id=lohman000gri
Dalton Parker,23,2021,Purdue,Big Ten,1,0,1,3.86,1,1,,0,0,0,7,5,3,3,1,1,0,5,1,0,1,27,0.857,6.4,1.3,1.3,6.4,5,,player.fcgi?id=parker001dal
Calvin Schapira*,21,2021,Purdue,Big Ten,1,6,0.143,5.09,12,11,,0,0,0,58.1,71,42,33,3,17,0,45,8,0,5,270,1.509,11,0.5,2.6,6.9,2.65,,player.fcgi?id=schapi000cal
Jackson Smeltz*,22,2021,Purdue,Big Ten,3,1,0.75,3.26,13,2,,0,0,2,19.1,12,7,7,1,14,0,22,2,2,2,84,1.345,5.6,0.5,6.5,10.2,1.57,,player.fcgi?id=smeltz000jac
Calvin Starnes,22,2021,Purdue,Big Ten,0,1,0,5.79,10,1,,0,0,0,9.1,4,7,6,1,12,0,6,2,1,7,45,1.714,3.9,1,11.6,5.8,0.5,,player.fcgi?id=starne000cal
Kyle Wade,21,2021,Purdue,Big Ten,0,0,,7.2,9,0,,0,0,0,10,19,12,8,0,4,0,5,1,0,3,56,2.3,17.1,0,3.6,4.5,1.25,,player.fcgi?id=wade--003kyl
Landon Weins,21,2021,Purdue,Big Ten,0,2,0,7.2,16,0,,0,0,1,25,25,22,20,3,15,5,26,2,0,6,119,1.6,9,1.1,5.4,9.4,1.73,,player.fcgi?id=weins-000lan
Joe Whitman*,19,2021,Purdue,Big Ten,0,0,,13.5,6,0,,0,0,0,2,2,3,3,1,3,0,1,1,0,0,11,2.5,9,4.5,13.5,4.5,0.33,,player.fcgi?id=whitma000jos
CJ Backer,20,2022,Purdue,Big Ten,2,2,0.5,7.08,17,8,,0,0,0,54.2,72,44,43,7,17,1,56,7,2,9,257,1.628,11.9,1.2,2.8,9.2,3.29,,player.fcgi?id=backer000cj-
Ricky Castro,22,2022,Purdue,Big Ten,2,1,0.667,7.93,15,0,,0,0,1,36.1,42,35,32,4,19,1,29,4,2,10,170,1.679,10.4,1,4.7,7.2,1.53,,player.fcgi?id=castro008ric
Nolan Daniel,22,2022,Purdue,Big Ten,0,0,,5.12,18,0,,0,0,0,19.1,20,12,11,1,16,2,25,2,0,5,96,1.862,9.3,0.5,7.4,11.6,1.56,,player.fcgi?id=daniel000nol
Logan Danzeisen,20,2022,Purdue,Big Ten,1,1,0.5,9,11,3,,0,0,0,16,16,17,16,3,12,2,11,3,3,0,76,1.75,9,1.7,6.8,6.2,0.92,,player.fcgi?id=danzei000log
Carter Doorn,19,2022,Purdue,Big Ten,0,0,,9.82,4,0,,0,0,0,3.2,2,4,4,1,5,0,5,1,0,0,19,1.909,4.9,2.5,12.3,12.3,1,,player.fcgi?id=doorn-000car
Eric Hildebrand,22,2022,Purdue,Big Ten,2,1,0.667,6,21,0,,0,0,2,24,28,16,16,1,9,1,20,4,1,8,108,1.542,10.5,0.4,3.4,7.5,2.22,,player.fcgi?id=hildeb001eri
Jett Jackson,21,2022,Purdue,Big Ten,0,0,,21.6,6,1,,0,0,0,3.1,5,9,8,2,11,0,3,1,0,3,28,4.8,13.5,5.4,29.7,8.1,0.27,,player.fcgi?id=jackso000jet
Griffin Lohman,20,2022,Purdue,Big Ten,0,0,,6.75,19,0,,0,0,2,21.1,23,16,16,1,21,0,25,0,0,5,106,2.063,9.7,0.4,8.9,10.5,1.19,,player.fcgi?id=lohman000gri
Jackson Smeltz*,23,2022,Purdue,Big Ten,6,1,0.857,2.83,10,10,,0,0,0,57.1,40,22,18,7,22,1,79,0,2,4,229,1.081,6.3,1.1,3.5,12.4,3.59,,player.fcgi?id=smeltz000jac
Khal Stephen,19,2022,Purdue,Big Ten,3,4,0.429,8.29,23,0,,0,0,2,33.2,39,32,31,4,18,0,38,3,0,6,160,1.693,10.4,1.1,4.8,10.2,2.11,,player.fcgi?id=stephe000kha
Kyle Wade,22,2022,Purdue,Big Ten,1,0,1,5.63,14,2,,0,0,0,24,39,21,15,4,5,0,16,2,0,2,117,1.833,14.6,1.5,1.9,6,3.2,,player.fcgi?id=wade--003kyl
Troy Wansing*,19,2022,Purdue,Big Ten,4,4,0.5,5.44,15,12,,0,0,0,51.1,51,37,31,2,33,2,61,7,0,6,246,1.636,8.9,0.4,5.8,10.7,1.85,,player.fcgi?id=wansin000tro
Landon Weins,22,2022,Purdue,Big Ten,3,4,0.429,3.97,20,1,,0,0,3,45.1,51,20,20,3,13,2,51,1,0,3,195,1.412,10.1,0.6,2.6,10.1,3.92,,player.fcgi?id=weins-000lan
Wyatt Wendell,22,2022,Purdue,Big Ten,5,3,0.625,5.88,14,13,,0,0,0,56.2,70,42,37,9,18,2,56,4,1,4,259,1.553,11.1,1.4,2.9,8.9,3.11,,player.fcgi?id=wendel000wya
Joe Whitman*,20,2022,Purdue,Big Ten,0,0,,12.27,8,0,,0,0,0,3.2,9,5,5,2,3,0,4,0,0,1,21,3.273,22.1,4.9,7.4,9.8,1.33,,player.fcgi?id=whitma000jos
CJ Backer,21,2023,Purdue,Big Ten,1,3,0.25,3.65,16,4,,0,0,0,37,36,24,15,3,14,0,32,3,0,6,164,1.351,8.8,0.7,3.4,7.8,2.29,,player.fcgi?id=backer000cj-
Jonathan Blackwell*,22,2023,Purdue,Big Ten,5,6,0.455,6.22,14,14,,0,0,0,72.1,85,55,50,13,22,0,58,5,0,3,322,1.479,10.6,1.6,2.7,7.2,2.64,,player.fcgi?id=blackw000jon
Avery Cook,22,2023,Purdue,Big Ten,0,0,,9,9,0,,0,0,0,8,13,12,8,1,9,2,10,2,0,3,49,2.75,14.6,1.1,10.1,11.3,1.11,,player.fcgi?id=cook--000ave
Jackson Dannelley,21,2023,Purdue,Big Ten,2,4,0.333,6.18,25,0,,0,0,3,39.1,35,30,27,3,13,3,41,3,1,5,165,1.22,8,0.7,3,9.4,3.15,,player.fcgi?id=dannel000jac
Logan Danzeisen,21,2023,Purdue,Big Ten,0,0,,6.23,5,0,,0,0,0,4.1,5,5,3,0,3,0,6,0,0,4,20,1.846,10.4,0,6.2,12.5,2,,player.fcgi?id=danzei000log
Carter Doorn,20,2023,Purdue,Big Ten,1,2,0.333,9.22,14,3,,0,0,0,27.1,39,29,28,8,14,1,27,3,0,8,136,1.939,12.8,2.6,4.6,8.9,1.93,,player.fcgi?id=doorn-000car
Zach Fletcher*,21,2023,Purdue,Big Ten,0,0,,inf,1,0,,0,0,0,0,0,1,1,0,4,0,0,0,0,1,4,,,,,,0,,player.fcgi?id=fletch000zac
Malcolm Gilchrist*,21,2023,Purdue,Big Ten,0,0,,inf,2,0,,0,0,0,0,0,3,2,0,3,0,0,2,0,1,6,,,,,,0,,player.fcgi?id=gilchr000mal
Kyle Iwinski,22,2023,Purdue,Big Ten,3,5,0.375,4.54,15,11,,1,1,0,69.1,73,40,35,7,19,1,38,2,1,1,295,1.327,9.5,0.9,2.5,4.9,2,,player.fcgi?id=iwinsk000kyl
Cal Lambert*,22,2023,Purdue,Big Ten,1,2,0.333,7.94,19,0,,0,0,0,22.2,30,23,20,6,10,1,21,1,1,6,106,1.765,11.9,2.4,4,8.3,2.1,,player.fcgi?id=lamber001cal
Davis Pratt,23,2023,Purdue,Big Ten,0,0,,7.02,20,1,,0,0,0,42.1,45,39,33,8,33,3,34,9,1,7,212,1.843,9.6,1.7,7,7.2,1.03,,player.fcgi?id=pratt-002dav
Calvin Schapira*,23,2023,Purdue,Big Ten,1,2,0.333,5.27,6,5,,0,0,0,13.2,21,15,8,1,13,1,9,4,0,3,77,2.488,13.8,0.7,8.6,5.9,0.69,,player.fcgi?id=schapi000cal
Khal Stephen,20,2023,Purdue,Big Ten,7,4,0.636,5.21,14,14,,0,0,0,76,72,51,44,15,30,1,66,8,0,1,333,1.342,8.5,1.8,3.6,7.8,2.2,,player.fcgi?id=stephe000kha
Aaron Suval,21,2023,Purdue,Big Ten,3,1,0.75,4.23,21,1,,0,0,5,44.2,40,24,21,2,30,6,43,4,0,7,204,1.567,8.1,0.4,6,8.7,1.43,,player.fcgi?id=suval-000aar
CJ Backer,22,2024,Purdue,Big Ten,0,1,0,2.7,10,0,,0,0,0,10,10,3,3,0,3,0,6,1,0,2,43,1.3,9,0,2.7,5.4,2,,player.fcgi?id=backer000cj-
Jonathan Blackwell*,23,2024,Purdue,Big Ten,2,2,0.5,5,10,9,,0,0,0,36,37,20,20,6,12,0,32,3,0,2,159,1.361,9.3,1.5,3,8,2.67,,player.fcgi?id=blackw000jon
Avery Cook,23,2024,Purdue,Big Ten,2,2,0.5,5.12,26,0,,0,0,3,38.2,30,25,22,6,23,3,38,8,0,3,178,1.371,7,1.4,5.4,8.8,1.65,,player.fcgi?id=cook--000ave
Jackson Dannelley,22,2024,Purdue,Big Ten,0,3,0,6.15,16,0,,0,0,5,33.2,24,23,23,6,17,1,33,2,0,7,139,1.218,6.4,1.6,4.5,8.8,1.94,,player.fcgi?id=dannel000jac
Carter Doorn,21,2024,Purdue,Big Ten,3,0,1,5.05,21,0,,0,0,0,35.2,30,23,20,2,12,1,27,4,0,2,151,1.178,7.6,0.5,3,6.8,2.25,,player.fcgi?id=doorn-000car
Enas Hayden,21,2024,Purdue,Big Ten,1,0,1,2.25,5,0,,0,0,0,4,4,1,1,0,4,0,6,1,0,0,21,2,9,0,9,13.5,1.5,,player.fcgi?id=hayden000ena
Kyle Iwinski,23,2024,Purdue,Big Ten,2,2,0.5,7.19,12,10,,0,0,0,41.1,53,34,33,5,15,1,23,3,0,1,188,1.645,11.5,1.1,3.3,5,1.53,,player.fcgi?id=iwinsk000kyl
Cal Lambert*,23,2024,Purdue,Big Ten,0,1,0,8.1,10,0,,0,0,1,6.2,9,8,6,1,7,0,5,0,1,1,36,2.4,12.2,1.4,9.5,6.8,0.71,,player.fcgi?id=lamber001cal
Griffin Lohman,22,2024,Purdue,Big Ten,0,0,,3.38,8,0,,0,0,0,8,9,5,3,0,4,0,8,1,0,1,36,1.625,10.1,0,4.5,9,2,,player.fcgi?id=lohman000gri
Jordan Morales*,24,2024,Purdue,Big Ten,7,6,0.538,4.54,15,15,,0,0,0,85.1,98,50,43,9,23,1,75,5,0,6,374,1.418,10.3,0.9,2.4,7.9,3.26,,player.fcgi?id=morale003jor
Brayden Olson,20,2024,Purdue,Big Ten,0,1,0,9.9,7,0,,0,0,0,10,20,12,11,3,5,0,6,1,0,1,55,2.5,18,2.7,4.5,5.4,1.2,,player.fcgi?id=olson-006bra
Davis Pratt,24,2024,Purdue,Big Ten,1,0,1,3.38,21,0,,0,0,0,37.1,37,18,14,4,17,2,40,7,0,0,172,1.446,8.9,1,4.1,9.6,2.35,,player.fcgi?id=pratt-002dav
Easton Storey*,19,2024,Purdue,Big Ten,0,0,,11.25,6,0,,0,0,0,4,3,5,5,0,5,0,4,2,0,2,21,2,6.8,0,11.3,9,0.8,,player.fcgi?id=storey000eas
Aaron Suval,22,2024,Purdue,Big Ten,3,2,0.6,5.55,21,0,,0,0,2,35.2,39,26,22,5,21,2,28,3,0,3,166,1.682,9.8,1.3,5.3,7.1,1.33,,player.fcgi?id=suval-000aar
Cole Van Assen,19,2024,Purdue,Big Ten,5,2,0.714,4.31,13,8,,0,0,0,39.2,48,22,19,7,15,2,31,2,0,3,179,1.588,10.9,1.6,3.4,7,2.07,,player.fcgi?id=vanass000col
Luke Wagner*,22,2024,Purdue,Big Ten,7,2,0.778,5.42,15,15,,0,0,0,73,94,46,44,7,22,0,55,3,0,3,326,1.589,11.6,0.9,2.7,6.8,2.5,,player.fcgi?id=wagner000luk
Gavin Beuter,21,2025,Purdue,Big Ten,1,1,0.5,6.23,17,1,,0,0,1,30.1,41,22,21,5,10,2,21,1,0,5,138,1.681,12.2,1.5,3,6.2,2.1,,player.fcgi?id=beuter000gav
Avery Cook,24,2025,Purdue,Big Ten,3,2,0.6,4.5,28,0,,0,0,9,42,41,23,21,4,18,0,40,12,1,0,197,1.405,8.8,0.9,3.9,8.6,2.22,,player.fcgi?id=cook--000ave
Carter Doorn,22,2025,Purdue,Big Ten,3,6,0.333,4.92,14,13,,0,0,0,64,67,41,35,6,31,3,48,4,0,5,290,1.531,9.4,0.8,4.4,6.8,1.55,,player.fcgi?id=doorn-000car
Maclane Finley,21,2025,Purdue,Big Ten,0,1,0,6.85,13,3,,0,0,0,22.1,28,17,17,6,8,1,20,6,0,0,105,1.612,11.3,2.4,3.2,8.1,2.5,,player.fcgi?id=finley000mac
Chris Gallagher,22,2025,Purdue,Big Ten,1,0,1,3.75,11,0,,0,0,0,12,9,5,5,1,12,0,10,3,0,0,57,1.75,6.8,0.8,9,7.5,0.83,,player.fcgi?id=gallag000chr
Justin Guiliano*,23,2025,Purdue,Big Ten,1,0,1,7.45,12,0,,0,0,0,9.2,8,8,8,1,9,0,10,6,0,0,50,1.759,7.4,0.9,8.4,9.3,1.11,,player.fcgi?id=guilia000jus
Enas Hayden,22,2025,Purdue,Big Ten,2,0,1,7.59,12,0,,0,0,0,10.2,19,10,9,2,7,0,7,1,0,0,55,2.438,16,1.7,5.9,5.9,1,,player.fcgi?id=hayden000ena
Austin Klug,22,2025,Purdue,Big Ten,0,0,,6.14,15,2,,0,0,1,22,24,21,15,3,10,1,15,3,0,5,105,1.545,9.8,1.2,4.1,6.1,1.5,,player.fcgi?id=klug--000aus
Nick Kolze,21,2025,Purdue,Big Ten,0,0,,5.79,9,0,,0,0,0,9.1,13,10,6,1,9,0,5,0,0,2,50,2.357,12.5,1,8.7,4.8,0.56,,player.fcgi?id=kolze-000nic
Lance Lauve,22,2025,Purdue,Big Ten,0,0,,10.8,2,0,,0,0,0,1.2,2,2,2,1,2,0,2,0,0,1,8,2.4,10.8,5.4,10.8,10.8,1,,player.fcgi?id=lauve-000lan
Isaac Milburn*,23,2025,Purdue,Big Ten,3,5,0.375,6.86,22,2,,0,0,0,42,48,37,32,6,22,3,50,6,2,3,198,1.667,10.3,1.3,4.7,10.7,2.27,,player.fcgi?id=milbur000isa
Brayden Olson,21,2025,Purdue,Big Ten,3,1,0.75,7.53,7,3,,0,0,0,14.1,19,13,12,1,8,0,16,2,0,1,73,1.884,11.9,0.6,5,10,2,,player.fcgi?id=olson-006bra
Barron Sawyer,21,2025,Purdue,Big Ten,0,0,,16.2,7,1,,0,0,0,5,8,9,9,0,4,0,4,4,0,1,31,2.4,14.4,0,7.2,7.2,1,,player.fcgi?id=sawyer000bar
Easton Storey*,20,2025,Purdue,Big Ten,4,3,0.571,5.95,12,12,,0,0,0,42.1,39,34,28,3,27,2,53,10,0,3,199,1.559,8.3,0.6,5.7,11.3,1.96,,player.fcgi?id=storey000eas
Matt Tarr,21,2025,Purdue,Big Ten,0,0,,16.2,3,0,,0,0,0,1.2,3,3,3,0,2,0,2,1,0,0,11,3,16.2,0,10.8,10.8,1,,player.fcgi?id=tarr--000mat
Joe Trenerry,19,2025,Purdue,Big Ten,1,0,1,8.44,10,1,,0,0,0,10.2,10,12,10,2,5,0,14,6,1,1,52,1.406,8.4,1.7,4.2,11.8,2.8,,player.fcgi?id=trener000joe
Michael Vallone*,23,2025,Purdue,Big Ten,4,1,0.8,3.86,21,2,,0,0,1,58.1,49,33,25,4,16,1,70,15,2,2,254,1.114,7.6,0.6,2.5,10.8,4.38,,player.fcgi?id=vallon000mic
Cole Van Assen,20,2025,Purdue,Big Ten,4,3,0.571,4.28,15,14,,0,0,1,67.1,76,34,32,2,21,1,48,7,0,5,297,1.441,10.2,0.3,2.8,6.4,2.29,,player.fcgi?id=vanass000col
Gavin Beuter,22,2026,Purdue,Big Ten,4,0,1,4.55,16,0,,0,0,0,29.2,38,16,15,2,7,0,18,3,0,2,133,1.517,11.5,0.6,2.1,5.5,2.57,,player.fcgi?id=beuter000gav
Jacob Boland,21,2026,Purdue,Big Ten,1,1,0.5,3.72,12,0,,0,0,0,19.1,20,8,8,1,13,0,19,2,0,3,90,1.707,9.3,0.5,6.1,8.8,1.46,,player.fcgi?id=boland001jac
Zach Erdman*,22,2026,Purdue,Big Ten,4,1,0.8,4.6,15,15,,0,0,0,72.1,95,46,37,9,16,3,61,4,0,3,328,1.535,11.8,1.1,2,7.6,3.81,,player.fcgi?id=erdman001zac
Jarvis Evans*,23,2026,Purdue,Big Ten,4,3,0.571,6.11,15,8,,0,0,0,45.2,48,35,31,6,20,0,37,6,0,5,211,1.489,9.5,1.2,3.9,7.3,1.85,,player.fcgi?id=evans-001jar
Tro Fellings*,19,2026,Purdue,Big Ten,0,0,,7.36,7,0,,0,0,0,3.2,5,3,3,1,5,0,2,0,0,1,21,2.727,12.3,2.5,12.3,4.9,0.4,,player.fcgi?id=fellin000tro
Noah Filer,19,2026,Purdue,Big Ten,0,0,,9.2,11,1,,0,0,1,14.2,19,17,15,4,4,0,10,3,2,0,70,1.568,11.7,2.5,2.5,6.1,2.5,,player.fcgi?id=filer-000noa
Jackson Greer,22,2026,Purdue,Big Ten,0,0,,5.63,15,0,,0,0,1,8,9,6,5,1,5,1,9,0,0,1,38,1.75,10.1,1.1,5.6,10.1,1.8,,player.fcgi?id=greer-001jac
Thomas Howard,22,2026,Purdue,Big Ten,6,0,1,3.91,26,1,,0,0,2,53,52,27,23,9,20,0,30,5,0,4,238,1.358,8.8,1.5,3.4,5.1,1.5,,player.fcgi?id=howard007tho
Trevor Kester-Johnson*,22,2026,Purdue,Big Ten,0,1,0,6.75,31,0,,0,0,0,17.1,18,15,13,2,8,3,14,4,0,2,81,1.5,9.3,1,4.2,7.3,1.75,,player.fcgi?id=kester000tre
Austin Klug,23,2026,Purdue,Big Ten,6,3,0.667,5.12,19,13,,0,0,0,58,61,39,33,6,27,1,40,5,0,3,265,1.517,9.5,0.9,4.2,6.2,1.48,,player.fcgi?id=klug--000aus
Graham Kollen,23,2026,Purdue,Big Ten,1,1,0.5,6.67,20,2,,0,0,0,27,35,20,20,4,7,0,23,8,1,3,127,1.556,11.7,1.3,2.3,7.7,3.29,,player.fcgi?id=kollen000gra
Nick Kolze,22,2026,Purdue,Big Ten,0,0,,8.31,14,1,,0,0,0,13,19,12,12,0,14,0,9,5,0,4,74,2.538,13.2,0,9.7,6.2,0.64,,player.fcgi?id=kolze-000nic
Jake Kramer,21,2026,Purdue,Big Ten,4,4,0.5,4.29,29,0,,0,0,10,42,35,22,20,2,17,5,35,2,0,5,183,1.238,7.5,0.4,3.6,7.5,2.06,,player.fcgi?id=kramer000jak
Evan Schweizer,21,2026,Purdue,Big Ten,0,0,,0,1,0,,0,0,0,0.1,0,0,0,0,0,0,1,0,0,0,1,0,0,0,0,27,,,player.fcgi?id=schwei000eva
Joe Trenerry,20,2026,Purdue,Big Ten,1,1,0.5,5,17,1,,0,0,1,18,15,11,10,2,9,1,13,4,1,1,80,1.333,7.5,1,4.5,6.5,1.44,,player.fcgi?id=trener000joe
Cole Van Assen,21,2026,Purdue,Big Ten,6,5,0.545,5.96,15,15,,0,0,0,80,104,62,53,12,17,2,65,9,0,4,369,1.513,11.7,1.4,1.9,7.3,3.82,,player.fcgi?id=vanass000col
Taylor Bloom,19,2015,Maryland,Big Ten,2,3,0.4,4.01,15,5,,,0,0,33.2,40,24,15,4,12,0,28,0,0,2,155,1.545,10.7,1.1,3.2,7.5,2.33,,player.fcgi?id=bloom-000tay
Jake Drossner*,21,2015,Maryland,Big Ten,0,2,0,4.5,10,7,,,0,0,32,20,20,16,0,26,0,27,6,0,3,148,1.438,5.6,0,7.3,7.6,1.04,,player.fcgi?id=drossn000jak
Rob Galligan*,21,2015,Maryland,Big Ten,4,5,0.444,2.74,27,3,,,0,1,62.1,50,23,19,2,21,1,58,3,0,6,253,1.139,7.2,0.3,3,8.4,2.76,,player.fcgi?id=gallig000rob
Andrew Green,--,2015,Maryland,Big Ten,0,0,,0,5,0,,,0,0,4.1,5,0,0,0,2,0,5,0,0,0,18,1.615,10.4,0,4.2,10.4,2.5,,player.fcgi?id=green-007and
Kevin Mooney,20,2015,Maryland,Big Ten,3,1,0.75,1.89,25,3,,,0,11,38,21,12,8,1,24,2,47,4,0,3,164,1.184,5,0.2,5.7,11.1,1.96,,player.fcgi?id=mooney000kev
Zach Morris*,22,2015,Maryland,Big Ten,3,2,0.6,2.61,22,0,,,0,0,31,32,13,9,2,8,2,19,1,0,3,133,1.29,9.3,0.6,2.3,5.5,2.38,,player.fcgi?id=morris000zac
Jack Piekos?,--,2015,Maryland,Big Ten,0,0,,12,5,0,,,0,0,3,4,6,4,0,4,0,2,0,0,1,18,2.667,12,0,12,6,0.5,,player.fcgi?id=piekos000jac
Jared Price,21,2015,Maryland,Big Ten,0,0,,6.48,11,0,,,0,0,8.1,8,6,6,0,8,0,10,2,0,4,43,1.92,8.6,0,8.6,10.8,1.25,,player.fcgi?id=price-003jar
Mike Rescigno,20,2015,Maryland,Big Ten,0,0,,2.25,6,0,,,0,0,4,5,4,1,0,7,1,4,0,0,4,25,3,11.3,0,15.8,9,0.57,,player.fcgi?id=rescig000mik
Willie Rios*,19,2015,Maryland,Big Ten,1,2,0.333,8.24,9,5,,,0,0,19.2,30,26,18,1,8,1,21,1,0,2,103,1.932,13.7,0.5,3.7,9.6,2.63,,player.fcgi?id=rios--002wil
Alex Robinson*,20,2015,Maryland,Big Ten,1,1,0.5,1.63,25,0,,,0,3,27.2,12,8,5,1,20,1,32,6,2,2,119,1.157,3.9,0.3,6.5,10.4,1.6,,player.fcgi?id=robins000ale
Bobby Ruse,22,2015,Maryland,Big Ten,4,1,0.8,5.62,24,5,,,0,0,49.2,58,35,31,4,20,4,50,2,0,3,228,1.57,10.5,0.7,3.6,9.1,2.5,,player.fcgi?id=ruse--000bob
Ryan Selmer,21,2015,Maryland,Big Ten,3,1,0.75,2.18,31,4,,,0,0,53.2,49,21,13,0,16,1,19,2,0,2,223,1.211,8.2,0,2.7,3.2,1.19,,player.fcgi?id=selmer000rya
Brian Shaffer,18,2015,Maryland,Big Ten,5,1,0.833,4.57,16,11,,,0,1,61,63,34,31,7,9,1,52,5,2,0,258,1.18,9.3,1,1.3,7.7,5.78,,player.fcgi?id=shaffe000bri
Mike Shawaryn,20,2015,Maryland,Big Ten,13,2,0.867,1.71,17,17,,,0,0,116,85,28,22,4,29,0,138,5,0,1,466,0.983,6.6,0.3,2.3,10.7,4.76,,player.fcgi?id=shawar000mic
Tayler Stiles*,20,2015,Maryland,Big Ten,3,3,0.5,3.46,14,6,,,0,0,39,36,17,15,2,8,0,37,4,0,0,160,1.128,8.3,0.5,1.8,8.5,4.63,,player.fcgi?id=stiles000tay
Taylor Bloom,20,2016,Maryland,Big Ten,6,5,0.545,2.46,14,14,,5,1,0,102.1,101,34,28,5,9,1,60,9,0,1,414,1.075,8.9,0.4,0.8,5.3,6.67,,player.fcgi?id=bloom-000tay
Cameron Enck,19,2016,Maryland,Big Ten,0,1,0,7.5,5,1,,0,0,0,6,6,6,5,1,5,0,8,4,0,2,35,1.833,9,1.5,7.5,12,1.6,,player.fcgi?id=enck--000cam
Rob Galligan*,22,2016,Maryland,Big Ten,0,3,0,3,27,0,,0,0,1,24,23,12,8,1,17,1,14,3,0,2,112,1.667,8.6,0.4,6.4,5.3,0.82,,player.fcgi?id=gallig000rob
Andrew Green,--,2016,Maryland,Big Ten,2,1,0.667,6.75,12,0,,0,0,0,16,24,17,12,2,5,0,13,1,0,2,80,1.813,13.5,1.1,2.8,7.3,2.6,,player.fcgi?id=green-007and
Zach Guth*,19,2016,Maryland,Big Ten,0,0,,5.4,12,0,,0,0,0,8.1,6,5,5,1,6,0,5,0,0,1,36,1.44,6.5,1.1,6.5,5.4,0.83,,player.fcgi?id=guth--000zac
Andrew Miller*,19,2016,Maryland,Big Ten,0,0,,11.57,10,0,,0,0,0,7,13,10,9,1,7,0,9,0,0,1,40,2.857,16.7,1.3,9,11.6,1.29,,player.fcgi?id=miller011and
John Murphy,19,2016,Maryland,Big Ten,0,1,0,9.82,8,2,,0,0,0,11,13,13,12,2,5,0,10,1,0,4,53,1.636,10.6,1.6,4.1,8.2,2,,player.fcgi?id=murphy034joh
Hunter Parsons,19,2016,Maryland,Big Ten,2,3,0.4,3.5,15,5,,0,0,0,36,27,15,14,2,13,1,28,3,1,2,154,1.111,6.8,0.5,3.3,7,2.15,,player.fcgi?id=parson000hun
Jared Price,22,2016,Maryland,Big Ten,0,0,,9,2,0,,0,0,0,1,2,2,1,0,2,0,0,0,0,1,7,4,18,0,18,0,0,,player.fcgi?id=price-003jar
Mike Rescigno,21,2016,Maryland,Big Ten,2,1,0.667,5.59,23,0,,0,0,3,19.1,26,13,12,4,11,0,23,1,0,2,91,1.914,12.1,1.9,5.1,10.7,2.09,,player.fcgi?id=rescig000mik
Ryan Selmer,22,2016,Maryland,Big Ten,2,2,0.5,4.34,27,0,,0,0,4,37.1,35,22,18,3,15,4,25,1,0,2,166,1.339,8.4,0.7,3.6,6,1.67,,player.fcgi?id=selmer000rya
Brian Shaffer,19,2016,Maryland,Big Ten,8,3,0.727,2.6,15,15,,3,2,0,103.2,78,33,30,5,13,2,75,12,1,1,408,0.878,6.8,0.4,1.1,6.5,5.77,,player.fcgi?id=shaffe000bri
Mike Shawaryn,21,2016,Maryland,Big Ten,6,4,0.6,3.18,15,15,,3,0,0,99,69,41,35,2,26,1,97,9,0,7,399,0.96,6.3,0.2,2.4,8.8,3.73,,player.fcgi?id=shawar000mic
Tayler Stiles*,21,2016,Maryland,Big Ten,2,3,0.4,6.56,14,5,,0,0,1,35.2,50,36,26,1,12,0,22,9,0,4,180,1.738,12.6,0.3,3,5.6,1.83,,player.fcgi?id=stiles000tay
Tyler Blohm*,19,2017,Maryland,Big Ten,8,6,0.571,3.48,16,16,,0,0,0,75,63,39,29,5,35,1,71,6,1,8,322,1.307,7.6,0.6,4.2,8.5,2.03,,player.fcgi?id=blohm-000tyl
Taylor Bloom,21,2017,Maryland,Big Ten,7,2,0.778,3.83,18,17,,0,0,0,89.1,101,49,38,11,25,2,53,14,0,4,404,1.41,10.2,1.1,2.5,5.3,2.12,,player.fcgi?id=bloom-000tay
Jon Dignazio*,--,2017,Maryland,Big Ten,0,0,,0,1,0,,0,0,0,1,0,0,0,0,0,0,1,0,0,0,3,0,0,0,0,9,,,player.fcgi?id=dignaz000jon
Cameron Enck,20,2017,Maryland,Big Ten,0,0,,16.5,5,1,,0,0,0,6,14,11,11,1,2,0,3,2,0,0,33,2.667,21,1.5,3,4.5,1.5,,player.fcgi?id=enck--000cam
Andrew Green,--,2017,Maryland,Big Ten,0,0,,9,1,0,,0,0,0,1,1,1,1,0,1,0,0,0,0,1,5,2,9,0,9,0,0,,player.fcgi?id=green-007and
Ryan Hill,22,2017,Maryland,Big Ten,4,2,0.667,5.01,29,2,,0,0,1,46.2,46,30,26,4,25,2,55,5,1,6,215,1.521,8.9,0.8,4.8,10.6,2.2,,player.fcgi?id=hill--006rya
Andrew Miller*,20,2017,Maryland,Big Ten,2,1,0.667,1.96,20,0,,0,0,3,18.1,9,6,4,3,6,0,17,3,0,2,69,0.818,4.4,1.5,2.9,8.3,2.83,,player.fcgi?id=miller011and
John Murphy,20,2017,Maryland,Big Ten,2,0,1,1.71,17,1,,0,0,1,31.2,21,14,6,0,8,1,27,4,0,4,129,0.916,6,0,2.3,7.7,3.38,,player.fcgi?id=murphy034joh
Hunter Parsons,20,2017,Maryland,Big Ten,0,2,0,12.05,12,4,,0,0,0,21.2,41,32,29,5,8,0,24,0,0,4,114,2.262,17,2.1,3.3,10,3,,player.fcgi?id=parson000hun
Jared Price,23,2017,Maryland,Big Ten,1,0,1,3.04,16,0,,0,0,0,23.2,23,10,8,0,9,0,27,4,0,10,105,1.352,8.7,0,3.4,10.3,3,,player.fcgi?id=price-003jar
Mike Rescigno,22,2017,Maryland,Big Ten,2,1,0.667,5.4,14,1,,0,0,0,16.2,19,12,10,0,6,0,18,4,0,3,79,1.5,10.3,0,3.2,9.7,3,,player.fcgi?id=rescig000mik
Ryan Selmer,23,2017,Maryland,Big Ten,2,3,0.4,3.05,27,0,,0,0,7,41.1,44,18,14,2,12,3,26,5,0,2,179,1.355,9.6,0.4,2.6,5.7,2.17,,player.fcgi?id=selmer000rya
Brian Shaffer,20,2017,Maryland,Big Ten,7,4,0.636,2.66,16,16,,2,0,0,108.1,88,38,32,11,18,1,109,10,0,1,432,0.978,7.3,0.9,1.5,9.1,6.06,,player.fcgi?id=shaffe000bri
Tayler Stiles*,22,2017,Maryland,Big Ten,2,1,0.667,4.05,19,3,,0,0,1,33.1,42,15,15,4,8,1,34,1,0,3,146,1.5,11.3,1.1,2.2,9.2,4.25,,player.fcgi?id=stiles000tay
Jamal Wade,21,2017,Maryland,Big Ten,1,0,1,5.03,17,0,,0,0,0,19.2,16,11,11,1,13,0,33,3,1,8,94,1.475,7.3,0.5,5.9,15.1,2.54,,player.fcgi?id=wade--002jam
Elliot Zoellner,19,2017,Maryland,Big Ten,0,0,,inf,1,0,,0,0,0,0,1,2,2,0,1,0,0,1,0,0,3,,,,,,0,,player.fcgi?id=zoelln000ell
Randy Bednar*,19,2018,Maryland,Big Ten,0,0,,16.2,1,0,,0,0,0,1.2,2,3,3,0,4,0,1,0,0,0,10,3.6,10.8,0,21.6,5.4,0.25,,player.fcgi?id=bednar000ran
Kevin Biondic,22,2018,Maryland,Big Ten,2,1,0.667,2.59,18,0,,0,0,2,24.1,17,8,7,3,8,1,27,5,0,3,102,1.027,6.3,1.1,3,10,3.38,,player.fcgi?id=biondi000kev
Tyler Blohm*,20,2018,Maryland,Big Ten,5,2,0.714,4.1,11,11,,0,0,0,59.1,55,29,27,7,27,1,54,5,1,6,260,1.382,8.3,1.1,4.1,8.2,2,,player.fcgi?id=blohm-000tyl
Taylor Bloom,22,2018,Maryland,Big Ten,3,8,0.273,4.99,12,11,,2,0,0,79.1,83,49,44,8,27,2,50,5,0,5,350,1.387,9.4,0.9,3.1,5.7,1.85,,player.fcgi?id=bloom-000tay
Grant Burleson*,19,2018,Maryland,Big Ten,0,1,0,6.65,21,0,,0,0,1,21.2,19,20,16,1,19,0,16,7,1,6,107,1.754,7.9,0.4,7.9,6.6,0.84,,player.fcgi?id=burles000gra
Mark DiLuia,19,2018,Maryland,Big Ten,3,5,0.375,5.62,14,12,,0,0,0,65.2,77,43,41,8,29,0,47,11,0,9,309,1.614,10.6,1.1,4,6.4,1.62,,player.fcgi?id=diluia000mar
Sean Fisher*,18,2018,Maryland,Big Ten,1,1,0.5,6.53,22,0,,0,0,0,30.1,38,24,22,4,18,1,22,6,1,2,145,1.846,11.3,1.2,5.3,6.5,1.22,,player.fcgi?id=fisher001sea
Ryan Hill,23,2018,Maryland,Big Ten,0,0,,2.92,9,0,,0,0,0,12.1,13,7,4,0,8,0,14,0,1,1,59,1.703,9.5,0,5.8,10.2,1.75,,player.fcgi?id=hill--006rya
John Murphy,21,2018,Maryland,Big Ten,1,3,0.25,4.26,23,0,,0,0,3,25.1,18,14,12,4,21,0,37,7,0,3,121,1.539,6.4,1.4,7.5,13.1,1.76,,player.fcgi?id=murphy034joh
Hunter Parsons,21,2018,Maryland,Big Ten,5,2,0.714,3.44,15,13,,2,1,0,89,73,38,34,4,27,1,62,6,0,5,364,1.124,7.4,0.4,2.7,6.3,2.3,,player.fcgi?id=parson000hun
Billy Phillips*,21,2018,Maryland,Big Ten,1,1,0.5,8.55,12,3,,0,0,0,20,27,22,19,5,9,0,11,2,0,4,96,1.8,12.2,2.3,4.1,5,1.22,,player.fcgi?id=philli003bil
Alec Tuohy,23,2018,Maryland,Big Ten,1,1,0.5,11.68,11,1,,0,0,0,12.1,21,18,16,1,9,0,10,2,0,3,68,2.432,15.3,0.7,6.6,7.3,1.11,,player.fcgi?id=tuohy-000ale
Mike Vasturia,20,2018,Maryland,Big Ten,1,3,0.25,6.41,15,2,,0,0,0,19.2,23,17,14,3,13,0,6,2,0,1,94,1.831,10.5,1.4,5.9,2.7,0.46,,player.fcgi?id=vastur000mik
Elliot Zoellner,20,2018,Maryland,Big Ten,0,2,0,11.57,16,1,,0,0,0,16.1,27,23,21,1,15,1,11,5,0,8,94,2.571,14.9,0.6,8.3,6.1,0.73,,player.fcgi?id=zoelln000ell
Tyler Blohm*,21,2019,Maryland,Big Ten,1,2,0.333,5.74,6,6,,0,0,0,15.2,13,11,10,3,11,0,13,1,0,4,70,1.532,7.5,1.7,6.3,7.5,1.18,,player.fcgi?id=blohm-000tyl
Grant Burleson*,20,2019,Maryland,Big Ten,0,0,,0,1,0,,0,0,0,0.1,0,0,0,0,2,0,1,0,0,0,3,6,0,0,54,27,0.5,,player.fcgi?id=burles000gra
Mark DiLuia,20,2019,Maryland,Big Ten,2,2,0.5,5.45,24,1,,0,0,0,38,34,27,23,7,25,3,38,7,0,3,177,1.553,8.1,1.7,5.9,9,1.52,,player.fcgi?id=diluia000mar
Sean Fisher*,19,2019,Maryland,Big Ten,2,1,0.667,6.9,25,0,,0,0,1,30,43,28,23,2,11,0,20,6,1,6,150,1.8,12.9,0.6,3.3,6,1.82,,player.fcgi?id=fisher001sea
Will Glock,18,2019,Maryland,Big Ten,3,0,1,2.38,13,0,,0,0,0,11.1,7,5,3,2,11,0,18,1,0,0,52,1.588,5.6,1.6,8.7,14.3,1.64,,player.fcgi?id=glock-000wil
Sean Heine,19,2019,Maryland,Big Ten,0,2,0,10.38,17,1,,0,0,0,17.1,26,29,20,4,18,2,9,8,1,1,107,2.538,13.5,2.1,9.3,4.7,0.5,,player.fcgi?id=heine-000sea
Trevor LaBonte,20,2019,Maryland,Big Ten,1,6,0.143,5.98,15,12,,0,0,0,64.2,57,48,43,6,41,0,52,10,0,11,299,1.515,7.9,0.8,5.7,7.2,1.27,,player.fcgi?id=labont000tre
Kody Milton,--,2019,Maryland,Big Ten,0,0,,4.5,2,0,,0,0,0,2,1,1,1,1,0,0,2,0,0,0,7,0.5,4.5,4.5,0,9,,,player.fcgi?id=milton000kod
John Murphy,22,2019,Maryland,Big Ten,1,1,0.5,4.32,27,0,,0,0,11,33.1,38,18,16,3,17,2,54,7,0,1,159,1.65,10.3,0.8,4.6,14.6,3.18,,player.fcgi?id=murphy034joh
Daniel O'Connor,--,2019,Maryland,Big Ten,1,0,1,8.79,12,0,,0,0,0,14.1,14,15,14,1,18,0,10,5,1,4,79,2.233,8.8,0.6,11.3,6.3,0.56,,player.fcgi?id=oconno005dan
Hunter Parsons,22,2019,Maryland,Big Ten,10,3,0.769,3.45,15,15,,0,0,0,104.1,88,42,40,10,32,0,78,14,1,1,436,1.15,7.6,0.9,2.8,6.7,2.44,,player.fcgi?id=parson000hun
Billy Phillips*,22,2019,Maryland,Big Ten,0,0,,13.5,8,0,,0,0,0,8,16,12,12,3,4,0,10,1,0,1,44,2.5,18,3.4,4.5,11.3,2.5,,player.fcgi?id=philli003bil
Zach Thompson,21,2019,Maryland,Big Ten,3,6,0.333,5.08,14,14,,0,0,0,83.1,77,56,47,9,27,0,63,18,2,5,367,1.248,8.3,1,2.9,6.8,2.33,,player.fcgi?id=thomps010zac
Tuck Tucker*,21,2019,Maryland,Big Ten,1,1,0.5,5.74,9,3,,0,0,0,15.2,15,11,10,2,9,0,14,2,1,2,71,1.532,8.6,1.1,5.2,8,1.56,,player.fcgi?id=tucker000tuc
Nick Turnbull,21,2019,Maryland,Big Ten,2,1,0.667,4.08,19,1,,0,0,1,17.2,7,14,8,0,22,0,17,5,0,7,85,1.642,3.6,0,11.2,8.7,0.77,,player.fcgi?id=turnbu000nic
Andrew Vail*,18,2019,Maryland,Big Ten,2,1,0.667,2.7,21,0,,0,0,1,20,13,6,6,2,13,1,25,4,0,4,89,1.3,5.9,0.9,5.9,11.3,1.92,,player.fcgi?id=vail--000and
Mike Vasturia,21,2019,Maryland,Big Ten,0,0,,13.5,8,0,,0,0,0,6,9,9,9,3,4,0,6,2,0,1,33,2.167,13.5,4.5,6,9,1.5,,player.fcgi?id=vastur000mik
Drew Wilden*,--,2019,Maryland,Big Ten,0,1,0,5.82,11,5,,0,0,0,17,23,15,11,2,12,0,16,1,0,4,86,2.059,12.2,1.1,6.4,8.5,1.33,,player.fcgi?id=wilden000dre
Elliot Zoellner,21,2019,Maryland,Big Ten,0,2,0,7.4,18,0,,0,0,0,20.2,12,20,17,1,19,1,31,4,0,3,100,1.5,5.2,0.4,8.3,13.5,1.63,,player.fcgi?id=zoelln000ell
Sam Bello,20,2020,Maryland,Big Ten,0,0,,1.35,4,0,,0,0,1,6.2,2,1,1,0,2,0,11,0,0,2,25,0.6,2.7,0,2.7,14.9,5.5,,player.fcgi?id=bello-000sam
Sean Burke,20,2020,Maryland,Big Ten,2,0,1,1.99,4,4,,0,0,0,22.2,15,6,5,2,11,0,35,0,0,1,93,1.147,6,0.8,4.4,13.9,3.18,,player.fcgi?id=burke-000sea
Chris Chaney,19,2020,Maryland,Big Ten,0,0,,0,3,0,,0,0,0,2,2,0,0,0,1,0,2,0,0,1,8,1.5,9,0,4.5,9,2,,player.fcgi?id=chaney000chr
Nick Dean,19,2020,Maryland,Big Ten,1,1,0.5,3.98,4,4,,0,0,0,20.1,18,10,9,2,12,0,23,0,0,5,93,1.475,8,0.9,5.3,10.2,1.92,,player.fcgi?id=dean--001nic
Mark DiLuia,21,2020,Maryland,Big Ten,1,0,1,0,5,0,,0,0,1,5,4,0,0,0,2,0,6,1,0,0,20,1.2,7.2,0,3.6,10.8,3,,player.fcgi?id=diluia000mar
Sean Fisher*,20,2020,Maryland,Big Ten,3,1,0.75,5.66,4,4,,0,0,0,20.2,23,17,13,3,7,0,20,3,0,3,92,1.452,10,1.3,3,8.7,2.86,,player.fcgi?id=fisher001sea
Sean Heine,20,2020,Maryland,Big Ten,1,1,0.5,5.4,4,0,,0,0,0,6.2,9,7,4,0,5,1,6,0,0,2,36,2.1,12.2,0,6.8,8.1,1.2,,player.fcgi?id=heine-000sea
Trevor LaBonte,21,2020,Maryland,Big Ten,0,0,,13.5,4,0,,0,0,1,4,4,6,6,1,7,0,3,0,0,0,23,2.75,9,2.3,15.8,6.8,0.43,,player.fcgi?id=labont000tre
Ryan Ramsey*,19,2020,Maryland,Big Ten,1,0,1,12.6,4,0,,0,0,0,5,7,7,7,0,5,0,7,1,0,1,28,2.4,12.6,0,9,12.6,1.4,,player.fcgi?id=ramsey000rya
Connor Staine,19,2020,Maryland,Big Ten,0,1,0,2.61,6,0,,0,0,0,10.1,12,3,3,1,8,0,9,0,0,0,51,1.935,10.5,0.9,7,7.8,1.13,,player.fcgi?id=staine000con
Zach Thompson,22,2020,Maryland,Big Ten,0,1,0,6.75,3,3,,0,0,0,13.1,11,10,10,2,5,0,7,1,0,1,57,1.2,7.4,1.4,3.4,4.7,1.4,,player.fcgi?id=thomps010zac
Mike Vasturia,22,2020,Maryland,Big Ten,0,0,,4.15,2,0,,0,0,0,4.1,7,2,2,0,1,0,5,0,0,1,21,1.846,14.5,0,2.1,10.4,5,,player.fcgi?id=vastur000mik
Drew Wilden*,--,2020,Maryland,Big Ten,0,0,,18,1,0,,0,0,0,1,3,2,2,1,0,0,1,0,0,0,6,3,27,9,0,9,,,player.fcgi?id=wilden000dre
Elliot Zoellner,22,2020,Maryland,Big Ten,1,0,1,0,7,0,,0,0,1,11,4,0,0,0,3,0,16,1,0,0,39,0.636,3.3,0,2.5,13.1,5.33,,player.fcgi?id=zoelln000ell
Sam Bello,21,2021,Maryland,Big Ten,0,1,0,3.52,16,0,,0,0,7,23,18,15,9,2,12,1,15,0,0,1,98,1.304,7,0.8,4.7,5.9,1.25,,player.fcgi?id=bello-000sam
Tyler Blohm*,23,2021,Maryland,Big Ten,2,1,0.667,15.88,8,0,,0,0,0,5.2,8,10,10,3,9,0,8,1,0,0,34,3,12.7,4.8,14.3,12.7,0.89,,player.fcgi?id=blohm-000tyl
Sean Burke,21,2021,Maryland,Big Ten,6,3,0.667,3.27,14,13,,0,0,0,74.1,48,33,27,6,42,0,107,4,1,8,319,1.211,5.8,0.7,5.1,13,2.55,,player.fcgi?id=burke-000sea
Chris Chaney,20,2021,Maryland,Big Ten,0,0,,13.5,1,0,,0,0,0,0.2,1,1,1,0,1,0,2,0,0,0,5,3,13.5,0,13.5,27,2,,player.fcgi?id=chaney000chr
Nick Dean,20,2021,Maryland,Big Ten,3,1,0.75,2.87,9,9,,0,0,0,53.1,47,22,17,5,11,1,39,4,0,1,219,1.088,7.9,0.8,1.9,6.6,3.55,,player.fcgi?id=dean--001nic
Mark DiLuia,22,2021,Maryland,Big Ten,0,0,,0,1,0,,0,0,0,0.1,0,0,0,0,0,0,1,0,0,0,1,0,0,0,0,27,,,player.fcgi?id=diluia000mar
David Falco,20,2021,Maryland,Big Ten,3,1,0.75,5.5,14,0,,0,0,1,18,20,11,11,3,9,0,20,2,3,8,84,1.611,10,1.5,4.5,10,2.22,,player.fcgi?id=falco-000dav
Sean Fisher*,21,2021,Maryland,Big Ten,2,3,0.4,5.16,12,4,,0,0,0,29.2,29,23,17,0,24,0,32,7,0,12,145,1.787,8.8,0,7.3,9.7,1.33,,player.fcgi?id=fisher001sea
Sean Heine,21,2021,Maryland,Big Ten,0,0,,6.29,16,0,,0,0,0,24.1,31,20,17,6,11,0,15,2,3,1,113,1.726,11.5,2.2,4.1,5.5,1.36,,player.fcgi?id=heine-000sea
Trevor LaBonte,22,2021,Maryland,Big Ten,0,0,,inf,1,0,,0,0,0,0,2,1,1,0,0,0,0,0,0,0,2,,,,,,,,player.fcgi?id=labont000tre
Logan Ott*,--,2021,Maryland,Big Ten,1,0,1,7.71,3,1,,0,0,0,9.1,12,8,8,3,3,0,6,0,0,0,43,1.607,11.6,2.9,2.9,5.8,2,,player.fcgi?id=ott---000log
Ryan Ramsey*,20,2021,Maryland,Big Ten,5,1,0.833,1.67,16,1,,0,0,2,37.2,23,11,7,5,12,0,43,3,1,0,147,0.929,5.5,1.2,2.9,10.3,3.58,,player.fcgi?id=ramsey000rya
Jason Savacool,19,2021,Maryland,Big Ten,7,3,0.7,5.97,14,14,,2,0,0,75.1,82,53,50,7,26,0,52,11,2,7,340,1.434,9.8,0.8,3.1,6.2,2,,player.fcgi?id=savaco000jas
Connor Staine,20,2021,Maryland,Big Ten,0,3,0,6.49,9,6,,0,0,0,34.2,42,25,25,7,14,0,41,3,0,4,160,1.615,10.9,1.8,3.6,10.6,2.93,,player.fcgi?id=staine000con
Gavin Stellpflug,19,2021,Maryland,Big Ten,0,0,,16.88,4,0,,0,0,0,2.2,4,5,5,1,5,0,4,1,0,2,18,3.375,13.5,3.4,16.9,13.5,0.8,,player.fcgi?id=stellp000gav
Zach Thompson,23,2021,Maryland,Big Ten,0,0,,5.59,7,0,,0,0,1,9.2,8,6,6,1,3,0,8,3,0,2,41,1.138,7.4,0.9,2.8,7.4,2.67,,player.fcgi?id=thomps010zac
Elliot Zoellner,23,2021,Maryland,Big Ten,1,1,0.5,4.64,16,0,,0,0,1,21.1,20,11,11,3,10,0,28,3,0,4,95,1.406,8.4,1.3,4.2,11.8,2.8,,player.fcgi?id=zoelln000ell
Nigel Belgrave,20,2022,Maryland,Big Ten,2,0,1,7.5,16,0,,0,0,3,18,14,15,15,2,22,1,25,6,0,3,94,2,7,1,11,12.5,1.14,,player.fcgi?id=belgra000nig
Matt Cunningham,18,2022,Maryland,Big Ten,0,0,,13.5,3,0,,0,0,0,2,2,4,3,1,1,0,4,0,1,1,10,1.5,9,4.5,4.5,18,4,,player.fcgi?id=cunnin006mat
Nick Dean,21,2022,Maryland,Big Ten,6,2,0.75,4.57,15,15,,0,0,0,82.2,84,48,42,12,27,0,80,5,0,2,363,1.343,9.1,1.3,2.9,8.7,2.96,,player.fcgi?id=dean--001nic
David Falco,21,2022,Maryland,Big Ten,7,1,0.875,2.84,19,0,,0,0,2,31.2,26,15,10,3,7,0,31,3,0,1,130,1.042,7.4,0.9,2,8.8,4.43,,player.fcgi?id=falco-000dav
Will Glock,21,2022,Maryland,Big Ten,1,0,1,5.4,20,0,,0,0,1,18.1,21,11,11,4,12,1,15,1,0,7,85,1.8,10.3,2,5.9,7.4,1.25,,player.fcgi?id=glock-000wil
Sean Heine,22,2022,Maryland,Big Ten,2,1,0.667,8.56,30,0,,0,0,3,27.1,30,27,26,5,25,1,33,7,1,3,146,2.012,9.9,1.6,8.2,10.9,1.32,,player.fcgi?id=heine-000sea
Andrew Johnson*,19,2022,Maryland,Big Ten,2,1,0.667,4.12,17,4,,0,0,0,19.2,13,14,9,1,19,0,18,8,0,3,99,1.627,5.9,0.5,8.7,8.2,0.95,,player.fcgi?id=johnso012and
Nick Lorusso,21,2022,Maryland,Big Ten,1,1,0.5,6.52,8,0,,0,0,0,9.2,11,7,7,1,4,0,8,3,0,1,46,1.552,10.2,0.9,3.7,7.4,2,,player.fcgi?id=loruss002nic
Noah Mrotek,19,2022,Maryland,Big Ten,3,1,0.75,5.4,14,0,,0,0,0,18.1,20,12,11,3,11,0,19,3,0,1,85,1.691,9.8,1.5,5.4,9.3,1.73,,player.fcgi?id=mrotek000noa
Matt Orlando,22,2022,Maryland,Big Ten,1,0,1,5.56,12,0,,0,0,0,11.1,16,7,7,3,9,1,11,1,1,1,60,2.206,12.7,2.4,7.1,8.7,1.22,,player.fcgi?id=orland000mat
Logan Ott*,--,2022,Maryland,Big Ten,2,0,1,5.86,14,8,,0,0,1,50.2,54,33,33,8,11,0,25,4,1,1,218,1.283,9.6,1.4,2,4.4,2.27,,player.fcgi?id=ott---000log
Ryan Ramsey*,21,2022,Maryland,Big Ten,11,1,0.917,3.22,16,15,,1,1,0,92.1,63,37,33,6,41,0,90,10,0,4,382,1.126,6.1,0.6,4,8.8,2.2,,player.fcgi?id=ramsey000rya
Nick Robinson,24,2022,Maryland,Big Ten,0,1,0,6.28,17,2,,0,0,0,28.2,28,20,20,6,9,0,23,2,0,1,121,1.291,8.8,1.9,2.8,7.2,2.56,,player.fcgi?id=robins002nic
Jason Savacool,20,2022,Maryland,Big Ten,8,3,0.727,2.93,17,16,,0,0,0,107.1,84,40,35,10,27,1,122,5,2,0,429,1.034,7,0.8,2.3,10.2,4.52,,player.fcgi?id=savaco000jas
Gavin Stellpflug,20,2022,Maryland,Big Ten,0,0,,11.7,10,0,,0,0,0,10,16,16,13,3,6,0,9,1,0,2,53,2.2,14.4,2.7,5.4,8.1,1.5,,player.fcgi?id=stellp000gav
Ryan Van Buren,19,2022,Maryland,Big Ten,2,1,0.667,9.97,16,2,,0,0,1,21.2,31,28,24,5,8,0,15,3,0,2,105,1.8,12.9,2.1,3.3,6.2,1.88,,player.fcgi?id=vanbur000rya
Mike Walsh*,--,2022,Maryland,Big Ten,0,1,0,14.73,8,0,,0,0,0,7.1,8,13,12,3,10,1,10,2,0,3,44,2.455,9.8,3.7,12.3,12.3,1,,player.fcgi?id=walsh-009mic
Nigel Belgrave,21,2023,Maryland,Big Ten,4,0,1,6.42,29,0,,0,0,2,33.2,37,28,24,4,29,0,43,3,0,6,173,1.96,9.9,1.1,7.8,11.5,1.48,,player.fcgi?id=belgra000nig
Joe Colucci,19,2023,Maryland,Big Ten,1,0,1,31.91,6,0,,0,0,0,3.2,7,17,13,0,11,0,5,3,0,1,33,4.909,17.2,0,27,12.3,0.45,,player.fcgi?id=colucc001joe
Nick Dean,22,2023,Maryland,Big Ten,3,2,0.6,5.54,15,15,,0,0,0,74.2,78,53,46,13,32,0,77,7,1,2,342,1.473,9.4,1.6,3.9,9.3,2.41,,player.fcgi?id=dean--001nic
Caleb Estes,19,2023,Maryland,Big Ten,0,0,,18,2,0,,0,0,0,1,2,3,2,0,3,0,0,0,0,0,8,5,18,0,27,0,0,,player.fcgi?id=estes-000cal
David Falco,22,2023,Maryland,Big Ten,4,1,0.8,3.88,29,0,,0,0,9,48.2,38,25,21,3,22,2,39,10,0,3,207,1.233,7,0.6,4.1,7.2,1.77,,player.fcgi?id=falco-000dav
Travis Garnett*,20,2023,Maryland,Big Ten,0,0,,9,3,0,,0,0,0,1,1,5,1,0,7,0,2,1,0,0,13,8,9,0,63,18,0.29,,player.fcgi?id=garnet000tra
Nate Haberthier,21,2023,Maryland,Big Ten,2,3,0.4,8.79,17,7,,0,0,1,42,55,43,41,7,25,0,38,10,0,2,211,1.905,11.8,1.5,5.4,8.1,1.52,,player.fcgi?id=habert000nat
Andrew Johnson*,20,2023,Maryland,Big Ten,1,0,1,5.97,22,1,,0,0,1,31.2,24,23,21,6,30,0,28,4,1,2,152,1.705,6.8,1.7,8.5,8,0.93,,player.fcgi?id=johnso012and
Tommy Kane*,21,2023,Maryland,Big Ten,2,0,1,7.31,17,0,,0,0,1,28.1,31,26,23,8,16,0,29,4,0,2,135,1.659,9.8,2.5,5.1,9.2,1.81,,player.fcgi?id=kane--008tho
Kenny Lippman,23,2023,Maryland,Big Ten,8,1,0.889,4.4,31,3,,0,0,1,57.1,43,35,28,11,30,0,56,5,1,1,239,1.273,6.8,1.7,4.7,8.8,1.87,,player.fcgi?id=lippma000ken
Kyle McCoy*,19,2023,Maryland,Big Ten,4,6,0.4,5.91,15,12,,0,0,1,53.1,55,42,35,5,24,1,39,1,1,3,237,1.481,9.3,0.8,4.1,6.6,1.63,,player.fcgi?id=mccoy-000kyl
Wagner Morrissette,19,2023,Maryland,Big Ten,0,0,,36,3,0,,0,0,0,2,5,8,8,2,6,0,0,0,0,0,15,5.5,22.5,9,27,0,0,,player.fcgi?id=morris000wag
Matt Orlando,23,2023,Maryland,Big Ten,0,0,,4.5,5,0,,0,0,0,4,5,2,2,1,5,0,3,0,0,0,22,2.5,11.3,2.3,11.3,6.8,0.6,,player.fcgi?id=orland000mat
Logan Ott*,--,2023,Maryland,Big Ten,3,0,1,5.85,22,1,,0,0,0,40,51,30,26,10,12,1,32,2,0,2,181,1.575,11.5,2.3,2.7,7.2,2.67,,player.fcgi?id=ott---000log
Jason Savacool,21,2023,Maryland,Big Ten,9,5,0.643,4.22,17,16,,0,0,0,96,94,52,45,15,39,0,95,7,1,11,420,1.385,8.8,1.4,3.7,8.9,2.44,,player.fcgi?id=savaco000jas
Eli Stowe,19,2023,Maryland,Big Ten,0,0,,22.5,5,0,,0,0,0,2,1,5,5,1,12,0,3,1,0,3,20,6.5,4.5,4.5,54,13.5,0.25,,player.fcgi?id=stowe-000eli
Ryan Van Buren,20,2023,Maryland,Big Ten,1,3,0.25,6.81,21,8,,0,0,1,35.2,55,34,27,4,17,0,22,0,1,3,182,2.019,13.9,1,4.3,5.6,1.29,,player.fcgi?id=vanbur000rya
Hunter Baynes,19,2024,Maryland,Big Ten,0,0,,inf,1,0,,0,0,0,0,0,4,4,0,4,0,0,0,0,0,4,,,,,,0,,player.fcgi?id=baynes000hun
Logan Berrier,23,2024,Maryland,Big Ten,7,1,0.875,2.81,20,0,,0,0,7,41.2,32,13,13,0,15,1,38,4,1,5,167,1.128,6.9,0,3.2,8.2,2.53,,player.fcgi?id=berrie000log
Garrett French,24,2024,Maryland,Big Ten,0,1,0,17.18,3,0,,0,0,0,3.2,8,7,7,3,2,0,4,1,0,1,22,2.727,19.6,7.4,4.9,9.8,2,,player.fcgi?id=french000gar
Nate Haberthier,22,2024,Maryland,Big Ten,2,0,1,7.77,17,0,,0,0,2,24.1,35,27,21,3,12,0,12,5,0,3,122,1.932,12.9,1.1,4.4,4.4,1,,player.fcgi?id=habert000nat
Andrew Johnson*,21,2024,Maryland,Big Ten,1,1,0.5,5.06,14,0,,0,0,0,32,22,19,18,6,24,0,32,1,0,8,141,1.438,6.2,1.7,6.8,9,1.33,,player.fcgi?id=johnso012and
Meade Johnson,21,2024,Maryland,Big Ten,0,2,0,7.06,9,4,,0,0,0,21.2,23,21,17,2,22,0,23,5,0,4,115,2.077,9.6,0.8,9.1,9.6,1.05,,player.fcgi?id=johnso000mea
Logan Koester,22,2024,Maryland,Big Ten,6,6,0.5,6,14,14,,0,0,0,72,89,59,48,8,28,0,40,4,1,1,336,1.625,11.1,1,3.5,5,1.43,,player.fcgi?id=koeste000log
Kenny Lippman,24,2024,Maryland,Big Ten,4,4,0.5,4.55,18,9,,0,0,2,65.1,60,39,33,4,36,1,64,8,0,12,293,1.469,8.3,0.6,5,8.8,1.78,,player.fcgi?id=lippma000ken
Duke McCarron,19,2024,Maryland,Big Ten,0,0,,12.91,8,0,,0,0,1,7.2,9,11,11,1,9,0,5,3,0,0,44,2.348,10.6,1.2,10.6,5.9,0.56,,player.fcgi?id=mccarr000duk
Joey McMannis,19,2024,Maryland,Big Ten,1,2,0.333,4.99,12,10,,0,0,0,48.2,51,37,27,6,30,0,37,7,0,0,232,1.664,9.4,1.1,5.5,6.8,1.23,,player.fcgi?id=mcmann000joe
Omar Melendez*,20,2024,Maryland,Big Ten,5,2,0.714,4.64,14,6,,1,0,2,52.1,57,29,27,13,21,0,44,4,0,0,230,1.49,9.8,2.2,3.6,7.6,2.1,,player.fcgi?id=melend000oma
Logan Ott*,--,2024,Maryland,Big Ten,0,0,,22.5,4,0,,0,0,0,4,14,10,10,1,1,0,1,0,0,0,26,3.75,31.5,2.3,2.3,2.3,1,,player.fcgi?id=ott---000log
Trystan Sarcone*,24,2024,Maryland,Big Ten,1,0,1,7.84,12,1,,0,0,2,20.2,26,19,18,9,6,0,21,2,0,0,95,1.548,11.3,3.9,2.6,9.1,3.5,,player.fcgi?id=sarcon000try
Evan Smith*,--,2024,Maryland,Big Ten,1,2,0.333,5.24,15,3,,0,0,0,34.1,32,22,20,3,23,1,37,2,0,2,160,1.602,8.4,0.8,6,9.7,1.61,,player.fcgi?id=smith-007eva
Ryan Van Buren,21,2024,Maryland,Big Ten,5,0,1,5.93,11,9,,0,0,0,41,49,30,27,11,13,0,27,2,0,2,183,1.512,10.8,2.4,2.9,5.9,2.08,,player.fcgi?id=vanbur000rya
Alex Walsh,--,2024,Maryland,Big Ten,1,1,0.5,6.16,12,0,,0,0,2,19,16,17,13,7,13,0,13,1,1,2,86,1.526,7.6,3.3,6.2,6.2,1,,player.fcgi?id=walsh-000ale
Ryan Bailey,19,2025,Maryland,Big Ten,0,0,,12.71,5,1,,0,0,0,5.2,14,9,8,1,4,0,5,0,0,0,35,3.176,22.2,1.6,6.4,7.9,1.25,,player.fcgi?id=bailey009rya
Cristofer Cespedes,19,2025,Maryland,Big Ten,2,3,0.4,5.93,21,0,,0,0,1,30.1,27,24,20,3,19,2,35,5,0,8,144,1.516,8,0.9,5.6,10.4,1.84,,player.fcgi?id=cesped001cri
James Gladden,21,2025,Maryland,Big Ten,0,0,,27,3,0,,0,0,0,2,5,6,6,3,1,0,1,2,0,1,14,3,22.5,13.5,4.5,4.5,1,,player.fcgi?id=gladde000jam
Logan Hastings,19,2025,Maryland,Big Ten,4,5,0.444,5.17,18,6,,0,0,2,55.2,53,34,32,5,33,0,42,10,0,9,260,1.545,8.6,0.8,5.3,6.8,1.27,,player.fcgi?id=hastin000log
Andrew Johnson*,22,2025,Maryland,Big Ten,1,3,0.25,7.71,21,2,,0,0,2,30.1,28,26,26,7,30,0,34,4,0,3,150,1.912,8.3,2.1,8.9,10.1,1.13,,player.fcgi?id=johnso012and
Paul Jones*,19,2025,Maryland,Big Ten,0,0,,9,1,0,,0,0,0,1,0,2,1,0,4,0,0,0,0,0,8,4,0,0,36,0,0,,player.fcgi?id=jones-015pau
Logan Koester,23,2025,Maryland,Big Ten,0,0,,17.18,7,0,,0,0,0,7.1,17,19,14,3,8,0,6,0,0,1,48,3.409,20.9,3.7,9.8,7.4,0.75,,player.fcgi?id=koeste000log
Andrew Koshy,20,2025,Maryland,Big Ten,2,2,0.5,7.13,18,0,,0,0,1,24,31,25,19,10,16,1,27,3,0,5,121,1.958,11.6,3.8,6,10.1,1.69,,player.fcgi?id=koshy-000and
Kyle McCoy*,21,2025,Maryland,Big Ten,6,3,0.667,3.32,14,14,,0,0,0,84,91,43,31,5,21,0,71,7,0,4,366,1.333,9.8,0.5,2.3,7.6,3.38,,player.fcgi?id=mccoy-000kyl
Joey McMannis,20,2025,Maryland,Big Ten,1,2,0.333,8.41,18,10,,0,0,2,40.2,55,47,38,6,32,0,31,5,0,3,211,2.139,12.2,1.3,7.1,6.9,0.97,,player.fcgi?id=mcmann000joe
Omar Melendez*,21,2025,Maryland,Big Ten,2,3,0.4,8.39,13,6,,0,0,0,34.1,49,37,32,6,22,0,28,1,0,5,175,2.068,12.8,1.6,5.8,7.3,1.27,,player.fcgi?id=melend000oma
Devin Milberg*,23,2025,Maryland,Big Ten,1,0,1,7.65,15,0,,0,0,0,20,21,19,17,4,16,0,24,3,0,2,101,1.85,9.5,1.8,7.2,10.8,1.5,,player.fcgi?id=milber000dev
Brayden Ryan,22,2025,Maryland,Big Ten,3,2,0.6,7.34,12,8,,1,0,0,38,53,34,31,6,16,0,28,5,0,1,184,1.816,12.6,1.4,3.8,6.6,1.75,,player.fcgi?id=ryan--001bra
Evan Smith*,--,2025,Maryland,Big Ten,1,0,1,2.25,1,1,,0,0,0,4,3,1,1,0,3,0,6,0,1,0,18,1.5,6.8,0,6.8,13.5,2,,player.fcgi?id=smith-007eva
Ryan Van Buren,22,2025,Maryland,Big Ten,1,2,0.333,7.08,16,0,,0,0,2,34.1,44,34,27,9,13,0,26,4,0,3,165,1.66,11.5,2.4,3.4,6.8,2,,player.fcgi?id=vanbur000rya
Jack Wren,23,2025,Maryland,Big Ten,1,1,0.5,7.11,15,0,,0,0,0,31.2,38,25,25,6,15,0,31,2,0,2,148,1.674,10.8,1.7,4.3,8.8,2.07,,player.fcgi?id=wren--000jac
Jake Yeager,19,2025,Maryland,Big Ten,2,3,0.4,7,13,8,,0,0,0,36,39,34,28,8,26,0,20,6,0,3,175,1.806,9.8,2,6.5,5,0.77,,player.fcgi?id=yeager000jak
Ryan Bailey,20,2026,Maryland,Big Ten,2,2,0.5,6.82,24,0,,0,0,1,34.1,43,31,26,7,16,0,36,4,0,8,166,1.718,11.3,1.8,4.2,9.4,2.25,,player.fcgi?id=bailey009rya
Cristofer Cespedes,20,2026,Maryland,Big Ten,4,2,0.667,4.18,21,3,,0,0,2,51.2,47,30,24,7,24,0,70,8,1,8,234,1.374,8.2,1.2,4.2,12.2,2.92,,player.fcgi?id=cesped001cri
Steven Donigan*,--,2026,Maryland,Big Ten,0,0,,54,1,0,,0,0,0,0.1,2,2,2,1,1,0,0,0,0,0,4,9,54,27,27,0,0,,player.fcgi?id=doniga000ste
Landon Edwards*,--,2026,Maryland,Big Ten,0,1,0,15.26,13,3,,0,0,0,15.1,23,27,26,6,23,0,14,3,0,4,91,3,13.5,3.5,13.5,8.2,0.61,,player.fcgi?id=edward002lan
Joe Fredericks*,22,2026,Maryland,Big Ten,0,0,,18.9,5,0,,0,0,0,3.1,6,7,7,0,6,0,2,1,0,0,21,3.6,16.2,0,16.2,5.4,0.33,,player.fcgi?id=freder001jos
Case Gibbs*,--,2026,Maryland,Big Ten,0,0,,0,3,0,,0,0,0,2.1,1,0,0,0,1,0,4,0,0,0,9,0.857,3.9,0,3.9,15.4,4,,player.fcgi?id=gibbs-001cas
James Gladden,22,2026,Maryland,Big Ten,0,1,0,8.05,14,1,,0,0,0,19,17,19,17,1,23,0,24,8,2,13,104,2.105,8.1,0.5,10.9,11.4,1.04,,player.fcgi?id=gladde000jam
Logan Hastings,20,2026,Maryland,Big Ten,5,4,0.556,5.52,17,6,,1,0,3,62,56,45,38,6,30,0,71,11,1,1,279,1.387,8.1,0.9,4.4,10.3,2.37,,player.fcgi?id=hastin000log
Andrew Koshy,21,2026,Maryland,Big Ten,2,1,0.667,5.84,25,0,,0,0,0,44.2,41,34,29,6,30,0,42,16,2,5,215,1.59,8.3,1.2,6,8.5,1.4,,player.fcgi?id=koshy-000and
Peyton Mamula,--,2026,Maryland,Big Ten,0,0,,13.5,3,0,,0,0,0,2.2,5,4,4,0,2,0,2,0,0,0,15,2.625,16.9,0,6.8,6.8,1,,player.fcgi?id=mamula000pey
Nic Morlang,--,2026,Maryland,Big Ten,3,4,0.429,8.22,15,11,,0,0,0,38.1,61,43,35,3,27,0,30,3,0,3,202,2.296,14.3,0.7,6.3,7,1.11,,player.fcgi?id=morlan000nic
Brayden Ryan,23,2026,Maryland,Big Ten,4,2,0.667,8.5,21,5,,0,0,0,47.2,69,51,45,9,15,0,42,7,0,4,234,1.762,13,1.7,2.8,7.9,2.8,,player.fcgi?id=ryan--001bra
Evan Smith*,--,2026,Maryland,Big Ten,0,5,0,8.45,8,8,,0,0,0,33,48,39,31,8,17,0,21,8,0,1,173,1.97,13.1,2.2,4.6,5.7,1.24,,player.fcgi?id=smith-007eva
Jayson Torres,21,2026,Maryland,Big Ten,1,0,1,9.64,7,0,,0,0,0,4.2,4,6,5,2,7,0,3,4,0,0,28,2.357,7.7,3.9,13.5,5.8,0.43,,player.fcgi?id=torres002jay
Austin Weiss*,--,2026,Maryland,Big Ten,0,1,0,7.04,6,2,,0,0,0,7.2,5,8,6,0,9,0,6,2,0,0,39,1.826,5.9,0,10.6,7,0.67,,player.fcgi?id=weiss-000aus
Lance Williams,21,2026,Maryland,Big Ten,2,4,0.333,6.16,16,8,,0,0,3,57,57,44,39,12,29,0,69,12,0,6,264,1.509,9,1.9,4.6,10.9,2.38,,player.fcgi?id=willia010lan
Jake Yeager,20,2026,Maryland,Big Ten,4,2,0.667,8.85,17,9,,0,0,0,40.2,52,47,40,6,30,0,29,13,0,6,209,2.016,11.5,1.3,6.6,6.4,0.97,,player.fcgi?id=yeager000jak
Quinn Yellin,--,2026,Maryland,Big Ten,0,0,,6.75,3,0,,0,0,0,2.2,3,2,2,1,2,0,2,1,0,0,14,1.875,10.1,3.4,6.8,6.8,1,,player.fcgi?id=yellin000qui
Kevin Baxter?,--,2016,Rutgers,Big Ten,3,1,0.75,5.27,11,3,,2,0,0,27.1,37,19,16,1,13,0,15,1,1,1,131,1.829,12.2,0.3,4.3,4.9,1.15,,player.fcgi?id=baxter000kev
Colin Bohnert?,--,2016,Rutgers,Big Ten,0,0,,3.52,7,0,,0,0,0,7.2,8,4,3,0,4,0,4,0,0,2,34,1.565,9.4,0,4.7,4.7,1,,player.fcgi?id=bohner000col
Howie Brey*,22,2016,Rutgers,Big Ten,6,5,0.545,3.5,14,14,,4,1,0,100.1,92,40,39,8,23,0,84,5,1,3,412,1.146,8.3,0.7,2.1,7.5,3.65,,player.fcgi?id=brey--000how
Serafino Brito,19,2016,Rutgers,Big Ten,5,6,0.455,5.09,18,10,,0,0,0,58.1,74,37,33,4,10,0,39,11,1,3,265,1.44,11.4,0.6,1.5,6,3.9,,player.fcgi?id=brito-000ser
Christian Campbell,21,2016,Rutgers,Big Ten,1,3,0.25,5.53,11,2,,0,0,0,27.2,30,19,17,3,14,0,25,2,0,2,126,1.59,9.8,1,4.6,8.1,1.79,,player.fcgi?id=campbe004chr
Kyle Driscoll,22,2016,Rutgers,Big Ten,3,4,0.429,6.04,11,9,,0,0,0,44.2,49,31,30,2,39,0,39,4,0,4,222,1.97,9.9,0.4,7.9,7.9,1,,player.fcgi?id=drisco000kyl
Ryan Fleming*,21,2016,Rutgers,Big Ten,5,0,1,3.56,17,0,,0,0,1,30.1,28,18,12,2,19,0,25,4,1,0,144,1.549,8.3,0.6,5.6,7.4,1.32,,player.fcgi?id=flemin002rya
Max Herrmann*,22,2016,Rutgers,Big Ten,0,1,0,4.13,20,0,,0,0,5,28.1,32,14,13,3,19,0,19,1,0,2,131,1.8,10.2,1,6,6,1,,player.fcgi?id=herrma000max
John O'Reilly,20,2016,Rutgers,Big Ten,1,5,0.167,5.23,14,13,,0,0,0,75.2,80,50,44,3,34,1,53,6,0,5,347,1.507,9.5,0.4,4,6.3,1.56,,player.fcgi?id=oreill004joh
TJ Perkowski?,--,2016,Rutgers,Big Ten,0,0,,4.5,3,0,,0,0,0,4,1,2,2,1,3,0,2,1,0,0,16,1,2.3,2.3,6.8,4.5,0.67,,player.fcgi?id=perkow000tj-
Kevin Romero,19,2016,Rutgers,Big Ten,0,0,,7.07,11,0,,0,0,0,14,14,16,11,1,12,0,13,3,0,3,73,1.857,9,0.6,7.7,8.4,1.08,,player.fcgi?id=romero000kev
Dante Scafidi*,19,2016,Rutgers,Big Ten,2,1,0.667,5.96,11,4,,0,0,0,25.2,28,20,17,0,26,0,22,6,1,3,135,2.104,9.8,0,9.1,7.7,0.85,,player.fcgi?id=scafid000dan
Reed Shuttle?,--,2016,Rutgers,Big Ten,1,2,0.333,5.73,18,0,,0,0,4,22,21,15,14,0,16,0,24,2,0,3,104,1.682,8.6,0,6.5,9.8,1.5,,player.fcgi?id=shuttl000ree
James Torres?,--,2016,Rutgers,Big Ten,0,0,,8.1,4,0,,0,0,0,3.1,6,4,3,0,3,0,5,1,0,1,20,2.7,16.2,0,8.1,13.5,1.67,,player.fcgi?id=torres001jam
Colin Bohnert?,--,2017,Rutgers,Big Ten,0,1,0,5.84,8,1,,0,0,0,12.1,12,9,8,1,5,0,8,2,0,3,55,1.378,8.8,0.7,3.6,5.8,1.6,,player.fcgi?id=bohner000col
Serafino Brito,20,2017,Rutgers,Big Ten,3,9,0.25,4.84,13,13,,0,0,0,74.1,102,56,40,6,10,0,47,9,0,3,348,1.507,12.3,0.7,1.2,5.7,4.7,,player.fcgi?id=brito-000ser
Christian Campbell,22,2017,Rutgers,Big Ten,2,4,0.333,6.65,11,10,,0,0,0,46,56,40,34,5,17,0,34,4,1,2,218,1.587,11,1,3.3,6.7,2,,player.fcgi?id=campbe004chr
Kyle Driscoll,23,2017,Rutgers,Big Ten,0,0,,36,2,0,,0,0,0,1,3,5,4,0,1,0,0,2,0,0,9,4,27,0,9,0,0,,player.fcgi?id=drisco000kyl
Ryan Fleming*,22,2017,Rutgers,Big Ten,3,0,1,5.65,26,0,,0,0,0,36.2,38,25,23,2,22,1,39,5,2,2,174,1.636,9.3,0.5,5.4,9.6,1.77,,player.fcgi?id=flemin002rya
Kyle Gerace,19,2017,Rutgers,Big Ten,0,0,,4.2,14,0,,0,0,0,15,15,7,7,1,7,0,19,3,0,2,67,1.467,9,0.6,4.2,11.4,2.71,,player.fcgi?id=gerace000kyl
Max Herrmann*,23,2017,Rutgers,Big Ten,1,1,0.5,3.31,22,0,,0,0,6,32.2,30,18,12,2,15,0,29,5,1,1,152,1.378,8.3,0.6,4.1,8,1.93,,player.fcgi?id=herrma000max
Kyle Muller,19,2017,Rutgers,Big Ten,0,1,0,7.2,5,0,,0,0,0,5,5,7,4,2,4,0,4,4,0,1,29,1.8,9,3.6,7.2,7.2,1,,player.fcgi?id=muller001kyl
Tevin Murray*,19,2017,Rutgers,Big Ten,0,0,,5.68,6,0,,0,0,0,6.1,5,6,4,0,13,0,7,2,0,3,39,2.842,7.1,0,18.5,9.9,0.54,,player.fcgi?id=murray000tev
Joe Neglia,--,2017,Rutgers,Big Ten,0,0,,1.64,9,0,,0,0,0,11,3,4,2,0,7,0,12,0,2,1,45,0.909,2.5,0,5.7,9.8,1.71,,player.fcgi?id=neglia000joe
John O'Reilly,21,2017,Rutgers,Big Ten,4,7,0.364,5.87,14,14,,0,0,0,76.2,93,61,50,7,28,0,44,10,0,7,364,1.578,10.9,0.8,3.3,5.2,1.57,,player.fcgi?id=oreill004joh
Eric Reardon*,19,2017,Rutgers,Big Ten,2,1,0.667,6.44,21,1,,0,0,0,29.1,34,26,21,5,28,0,21,1,2,5,148,2.114,10.4,1.5,8.6,6.4,0.75,,player.fcgi?id=reardo000eri
Kevin Romero,20,2017,Rutgers,Big Ten,0,0,,4.58,18,0,,0,0,0,17.2,15,9,9,2,11,0,19,4,0,3,81,1.472,7.6,1,5.6,9.7,1.73,,player.fcgi?id=romero000kev
Gaby Rosa?,--,2017,Rutgers,Big Ten,3,6,0.333,6.98,11,9,,0,0,0,49,58,42,38,8,15,0,26,6,0,2,225,1.49,10.7,1.5,2.8,4.8,1.73,,player.fcgi?id=rosa--001gab
Dante Scafidi*,20,2017,Rutgers,Big Ten,0,2,0,13.76,12,2,,0,0,0,17,27,28,26,2,18,0,17,5,0,3,99,2.647,14.3,1.1,9.5,9,0.94,,player.fcgi?id=scafid000dan
James Torres?,--,2017,Rutgers,Big Ten,0,2,0,11.45,3,3,,0,0,0,11,11,14,14,2,11,0,8,3,1,0,57,2,9,1.6,9,6.5,0.73,,player.fcgi?id=torres001jam
Ryan Wares?,--,2017,Rutgers,Big Ten,1,0,1,7.07,13,0,,0,0,0,14,22,14,11,0,6,1,10,1,1,4,69,2,14.1,0,3.9,6.4,1.67,,player.fcgi?id=wares-000rya
Jake Yanez?,--,2017,Rutgers,Big Ten,0,0,,20.25,2,0,,0,0,0,1.1,1,4,3,0,4,0,0,0,0,1,11,3.75,6.8,0,27,0,0,,player.fcgi?id=yanez-000jak
Karl Blum,23,2018,Rutgers,Big Ten,0,5,0,6.27,18,7,,0,0,2,37.1,43,34,26,2,27,1,25,7,0,5,185,1.875,10.4,0.5,6.5,6,0.93,,player.fcgi?id=blum--000kar
Serafino Brito,21,2018,Rutgers,Big Ten,0,2,0,3.57,26,2,,0,0,5,45.1,38,19,18,2,14,0,41,6,0,2,184,1.147,7.5,0.4,2.8,8.1,2.93,,player.fcgi?id=brito-000ser
Tommy Genuario,20,2018,Rutgers,Big Ten,4,0,1,3.2,22,0,,0,0,2,39.1,32,19,14,0,17,0,36,2,1,5,168,1.246,7.3,0,3.9,8.2,2.12,,player.fcgi?id=genuar000tom
Kyle Gerace,20,2018,Rutgers,Big Ten,1,0,1,3.6,15,1,,0,0,0,30,37,15,12,3,9,0,24,1,1,2,137,1.533,11.1,0.9,2.7,7.2,2.67,,player.fcgi?id=gerace000kyl
Eric Heatter*,19,2018,Rutgers,Big Ten,1,2,0.333,4.4,6,5,,0,0,0,30.2,37,16,15,2,6,0,26,3,2,2,135,1.402,10.9,0.6,1.8,7.6,4.33,,player.fcgi?id=heatte000eri
Collin Kiernan,19,2018,Rutgers,Big Ten,3,1,0.75,3.14,15,1,,0,0,0,14.1,11,5,5,1,12,0,9,2,0,2,64,1.605,6.9,0.6,7.5,5.7,0.75,,player.fcgi?id=kierna000col
Jake Kodros,19,2018,Rutgers,Big Ten,0,1,0,13.5,6,0,,0,0,0,4.2,4,7,7,0,8,0,6,0,0,2,27,2.571,7.7,0,15.4,11.6,0.75,,player.fcgi?id=kodros000jac
Dylan McNulty*,--,2018,Rutgers,Big Ten,0,0,,0,3,0,,0,0,0,2,1,0,0,0,0,0,2,1,0,0,8,0.5,4.5,0,0,9,,,player.fcgi?id=mcnult000dyl
Tevin Murray*,20,2018,Rutgers,Big Ten,0,1,0,5.09,18,0,,0,0,0,17.2,13,10,10,0,17,0,21,8,0,3,88,1.698,6.6,0,8.7,10.7,1.24,,player.fcgi?id=murray000tev
John O'Reilly,22,2018,Rutgers,Big Ten,5,4,0.556,5.32,14,14,,1,0,0,86.1,109,58,51,8,28,1,43,6,0,5,393,1.587,11.4,0.8,2.9,4.5,1.54,,player.fcgi?id=oreill004joh
Eric Reardon*,20,2018,Rutgers,Big Ten,4,2,0.667,5.45,16,6,,0,0,0,33,29,31,20,3,32,0,23,5,0,5,163,1.848,7.9,0.8,8.7,6.3,0.72,,player.fcgi?id=reardo000eri
Kevin Romero,21,2018,Rutgers,Big Ten,0,0,,10.8,3,0,,0,0,0,1.2,0,2,2,0,3,0,0,1,0,0,8,1.8,0,0,16.2,0,0,,player.fcgi?id=romero000kev
Harry Rutkowski*,19,2018,Rutgers,Big Ten,4,6,0.4,5.34,13,13,,0,0,0,64,75,46,38,5,32,0,54,5,2,6,302,1.672,10.5,0.7,4.5,7.6,1.69,,player.fcgi?id=rutkow000har
Ryan Wares?,--,2018,Rutgers,Big Ten,2,1,0.667,4.97,23,1,,0,0,1,29,28,20,16,0,21,1,23,5,0,1,140,1.69,8.7,0,6.5,7.1,1.1,,player.fcgi?id=wares-000rya
Steve Acosta,22,2019,Rutgers,Big Ten,3,0,1,4.03,30,0,,0,0,1,38,41,20,17,2,14,0,29,4,2,6,172,1.447,9.7,0.5,3.3,6.9,2.07,,player.fcgi?id=acosta001ste
Jared Bellissimo*,19,2019,Rutgers,Big Ten,3,1,0.75,4.74,12,8,,0,0,0,43.2,45,24,23,2,18,0,23,3,0,4,189,1.443,9.3,0.4,3.7,4.7,1.28,,player.fcgi?id=bellis000jar
Serafino Brito,22,2019,Rutgers,Big Ten,3,5,0.375,4.6,29,1,,0,0,8,47,43,25,24,4,24,1,44,6,0,7,209,1.426,8.2,0.8,4.6,8.4,1.83,,player.fcgi?id=brito-000ser
Brian Fitzpatrick*,19,2019,Rutgers,Big Ten,1,0,1,7.94,3,1,,0,0,0,5.2,6,7,5,1,6,0,11,0,0,1,30,2.118,9.5,1.6,9.5,17.5,1.83,,player.fcgi?id=fitzpa001bri
Garrett French,19,2019,Rutgers,Big Ten,0,1,0,8.1,22,1,,0,0,0,23.1,26,27,21,0,17,0,18,4,3,4,119,1.843,10,0,6.6,6.9,1.06,,player.fcgi?id=french000gar
Tommy Genuario,21,2019,Rutgers,Big Ten,3,5,0.375,3.14,20,7,,0,0,0,63,62,31,22,3,25,1,39,7,0,5,280,1.381,8.9,0.4,3.6,5.6,1.56,,player.fcgi?id=genuar000tom
Kyle Gerace,21,2019,Rutgers,Big Ten,0,3,0,8.64,6,3,,0,0,0,16.2,25,22,16,1,2,0,9,3,1,1,83,1.62,13.5,0.5,1.1,4.9,4.5,,player.fcgi?id=gerace000kyl
Kyle Muller,21,2019,Rutgers,Big Ten,0,2,0,4.5,17,0,,0,0,1,20,25,14,10,1,11,0,10,1,0,0,93,1.8,11.3,0.5,5,4.5,0.91,,player.fcgi?id=muller001kyl
Tevin Murray*,21,2019,Rutgers,Big Ten,4,5,0.444,3.01,17,12,,0,0,0,68.2,50,28,23,5,36,0,81,12,0,5,304,1.252,6.6,0.7,4.7,10.6,2.25,,player.fcgi?id=murray000tev
Joe Neglia,--,2019,Rutgers,Big Ten,0,0,,18,1,0,,0,0,0,1,2,2,2,0,1,0,0,0,0,0,6,3,18,0,9,0,0,,player.fcgi?id=neglia000joe
Jack Parkinson,21,2019,Rutgers,Big Ten,1,1,0.5,6.57,8,4,,0,0,0,12.1,13,9,9,0,12,0,10,4,1,2,66,2.027,9.5,0,8.8,7.3,0.83,,player.fcgi?id=parkin002jac
Eric Reardon*,21,2019,Rutgers,Big Ten,0,0,,6.52,22,0,,0,0,0,19.1,23,18,14,0,20,0,14,2,0,3,101,2.224,10.7,0,9.3,6.5,0.7,,player.fcgi?id=reardo000eri
Harry Rutkowski*,20,2019,Rutgers,Big Ten,2,6,0.25,4.08,14,14,,0,0,0,81.2,94,42,37,5,25,0,83,6,0,6,365,1.457,10.4,0.6,2.8,9.1,3.32,,player.fcgi?id=rutkow000har
Parker Scott,19,2019,Rutgers,Big Ten,0,2,0,7.53,14,0,,0,0,0,14.1,21,14,12,1,9,0,10,2,0,1,75,2.093,13.2,0.6,5.7,6.3,1.11,,player.fcgi?id=scott-001par
Steve Acosta,23,2020,Rutgers,Big Ten,0,0,,10.8,6,0,,0,0,0,5,7,7,6,1,6,0,6,1,0,1,30,2.6,12.6,1.8,10.8,10.8,1,,player.fcgi?id=acosta001ste
Jared Bellissimo*,20,2020,Rutgers,Big Ten,1,1,0.5,4.5,5,2,,0,0,0,10,13,7,5,0,1,0,7,0,0,1,45,1.4,11.7,0,0.9,6.3,7,,player.fcgi?id=bellis000jar
Matt Ciccone,--,2020,Rutgers,Big Ten,0,0,,5.4,6,0,,0,0,0,10,11,6,6,3,6,0,8,2,0,0,48,1.7,9.9,2.7,5.4,7.2,1.33,,player.fcgi?id=ciccon000mat
Tommy Genuario,22,2020,Rutgers,Big Ten,1,2,0.333,6.41,4,4,,0,0,0,19.2,25,14,14,3,11,0,13,1,1,1,94,1.831,11.4,1.4,5,5.9,1.18,,player.fcgi?id=genuar000tom
Kyle Muller,22,2020,Rutgers,Big Ten,0,1,0,3.18,6,0,,0,0,1,11.1,14,5,4,0,5,1,8,1,0,0,54,1.676,11.1,0,4,6.4,1.6,,player.fcgi?id=muller001kyl
Tevin Murray*,22,2020,Rutgers,Big Ten,2,2,0.5,5.51,4,4,,0,0,0,16.1,16,14,10,0,14,1,18,6,0,1,79,1.837,8.8,0,7.7,9.9,1.29,,player.fcgi?id=murray000tev
Jacob Newman,19,2020,Rutgers,Big Ten,0,0,,0,2,0,,0,0,0,2,2,4,0,0,2,0,1,2,0,2,15,2,9,0,9,4.5,0.5,,player.fcgi?id=newman004jac
Jack Parkinson,22,2020,Rutgers,Big Ten,0,0,,13.5,5,1,,0,0,0,6.2,10,10,10,0,4,0,4,4,0,0,36,2.1,13.5,0,5.4,5.4,1,,player.fcgi?id=parkin002jac
Eric Reardon*,22,2020,Rutgers,Big Ten,1,0,1,4.32,7,0,,0,0,0,8.1,6,4,4,0,5,1,12,3,0,4,38,1.32,6.5,0,5.4,13,2.4,,player.fcgi?id=reardo000eri
Harry Rutkowski*,21,2020,Rutgers,Big Ten,1,2,0.333,2.74,4,4,,0,0,0,23,18,10,7,0,7,0,14,5,0,2,94,1.087,7,0,2.7,5.5,2,,player.fcgi?id=rutkow000har
Parker Scott,20,2020,Rutgers,Big Ten,0,1,0,4.8,6,0,,0,0,2,15,17,8,8,1,2,0,10,0,0,2,66,1.267,10.2,0.6,1.2,6,5,,player.fcgi?id=scott-001par
Jared Bellissimo*,21,2021,Rutgers,Big Ten,0,0,,3.46,6,0,,0,0,1,13,11,6,5,0,4,0,9,2,0,1,55,1.154,7.6,0,2.8,6.2,2.25,,player.fcgi?id=bellis000jar
Brian Fitzpatrick*,21,2021,Rutgers,Big Ten,3,2,0.6,6.11,14,0,,0,0,2,17.2,15,12,12,4,7,0,20,4,0,3,77,1.245,7.6,2,3.6,10.2,2.86,,player.fcgi?id=fitzpa001bri
Ben Gorski,19,2021,Rutgers,Big Ten,0,0,,15,10,0,,0,0,0,9,23,16,15,3,8,0,9,2,0,1,61,3.444,23,3,8,9,1.13,,player.fcgi?id=gorski000ben
Jayson Hoopes,20,2021,Rutgers,Big Ten,0,2,0,72,2,2,,0,0,0,1,7,8,8,1,3,0,1,0,0,0,13,10,63,9,27,9,0.33,,player.fcgi?id=hoopes000jay
Nate McLain,21,2021,Rutgers,Big Ten,0,3,0,3.65,16,0,,0,0,3,24.2,25,13,10,3,9,1,19,1,0,0,110,1.378,9.1,1.1,3.3,6.9,2.11,,player.fcgi?id=mclain000nat
Kyle Muller,23,2021,Rutgers,Big Ten,2,3,0.4,4.98,19,1,,0,0,2,21.2,17,16,12,3,7,0,19,4,0,4,94,1.108,7.1,1.2,2.9,7.9,2.71,,player.fcgi?id=muller001kyl
Tevin Murray*,23,2021,Rutgers,Big Ten,0,0,,7.27,9,0,,0,0,0,8.2,7,7,7,3,8,1,8,5,0,1,44,1.731,7.3,3.1,8.3,8.3,1,,player.fcgi?id=murray000tev
Eric Reardon*,23,2021,Rutgers,Big Ten,1,1,0.5,10,11,0,,0,0,0,9,11,10,10,1,4,0,8,1,0,0,41,1.667,11,1,4,8,2,,player.fcgi?id=reardo000eri
Harry Rutkowski*,22,2021,Rutgers,Big Ten,2,4,0.333,4.22,13,13,,0,0,0,81,75,48,38,14,32,0,70,1,1,9,349,1.321,8.3,1.6,3.6,7.8,2.19,,player.fcgi?id=rutkow000har
Parker Scott,21,2021,Rutgers,Big Ten,1,1,0.5,6.62,13,0,,0,0,0,17.2,22,13,13,1,7,1,13,5,0,2,82,1.642,11.2,0.5,3.6,6.6,1.86,,player.fcgi?id=scott-001par
Justin Sinibaldi*,19,2021,Rutgers,Big Ten,1,1,0.5,6.39,12,5,,0,0,1,31,37,24,22,5,12,0,20,4,0,5,145,1.581,10.7,1.5,3.5,5.8,1.67,,player.fcgi?id=siniba001jus
Dale Stanavich*,22,2021,Rutgers,Big Ten,1,0,1,3.13,17,0,,0,0,5,23,24,12,8,3,9,0,30,1,0,1,105,1.435,9.4,1.2,3.5,11.7,3.33,,player.fcgi?id=stanav000dal
Brent Teller,24,2021,Rutgers,Big Ten,4,4,0.5,4.56,11,10,,0,0,0,53.1,51,30,27,6,23,0,43,9,0,7,240,1.388,8.6,1,3.9,7.3,1.87,,player.fcgi?id=teller000bre
Ben Wereski*,23,2021,Rutgers,Big Ten,6,2,0.75,3.67,13,13,,1,0,0,76,64,34,31,13,11,1,56,11,0,3,313,0.987,7.6,1.5,1.3,6.6,5.09,,player.fcgi?id=weresk000ben
Aaron Winkler,23,2021,Rutgers,Big Ten,0,0,,15.75,5,0,,0,0,0,4,7,9,7,0,6,0,3,2,0,0,28,3.25,15.8,0,13.5,6.8,0.5,,player.fcgi?id=winkle000aar
Jared Bellissimo*,22,2022,Rutgers,Big Ten,0,0,,6.75,12,0,,0,0,0,10.2,9,8,8,1,7,1,13,3,0,2,50,1.5,7.6,0.8,5.9,11,1.86,,player.fcgi?id=bellis000jar
Sam Bello,22,2022,Rutgers,Big Ten,6,2,0.75,3.3,21,2,,0,0,1,43.2,34,18,16,8,17,4,32,1,2,4,182,1.168,7,1.6,3.5,6.6,1.88,,player.fcgi?id=bello-000sam
Brian Fitzpatrick*,22,2022,Rutgers,Big Ten,3,1,0.75,3.91,6,6,,0,0,0,23,18,13,10,2,9,0,28,4,0,2,98,1.174,7,0.8,3.5,11,3.11,,player.fcgi?id=fitzpa001bri
Nathan Florence,23,2022,Rutgers,Big Ten,6,2,0.75,3.36,15,15,,0,0,0,67,48,29,25,2,31,0,90,4,0,7,282,1.179,6.4,0.3,4.2,12.1,2.9,,player.fcgi?id=floren000nat
Garrett French,22,2022,Rutgers,Big Ten,2,1,0.667,4.66,22,0,,0,0,3,36.2,40,20,19,4,13,0,27,2,0,0,162,1.445,9.8,1,3.2,6.6,2.08,,player.fcgi?id=french000gar
Ben Gorski,20,2022,Rutgers,Big Ten,5,0,1,4.14,23,1,,0,0,1,37,26,18,17,4,28,1,38,1,0,3,164,1.459,6.3,1,6.8,9.2,1.36,,player.fcgi?id=gorski000ben
Jayson Hoopes,21,2022,Rutgers,Big Ten,0,1,0,6.3,10,0,,0,0,0,10,9,7,7,0,13,0,11,1,0,1,51,2.2,8.1,0,11.7,9.9,0.85,,player.fcgi?id=hoopes000jay
Jared Kollar,23,2022,Rutgers,Big Ten,8,2,0.8,4.36,16,16,,1,0,0,76.1,73,38,37,11,22,0,84,4,1,3,324,1.245,8.6,1.3,2.6,9.9,3.82,,player.fcgi?id=kollar000jar
Joe Mazza*,19,2022,Rutgers,Big Ten,0,0,,2.08,15,0,,0,0,0,13,10,10,3,1,8,0,10,1,0,4,58,1.385,6.9,0.7,5.5,6.9,1.25,,player.fcgi?id=mazza-000joe
Nate McLain,22,2022,Rutgers,Big Ten,1,0,1,7.9,16,0,,0,0,0,13.2,17,13,12,4,7,0,10,1,0,0,64,1.756,11.2,2.6,4.6,6.6,1.43,,player.fcgi?id=mclain000nat
Kyle Muller,24,2022,Rutgers,Big Ten,2,0,1,5.88,15,3,,0,0,0,26,31,19,17,6,9,0,21,1,0,2,116,1.538,10.7,2.1,3.1,7.3,2.33,,player.fcgi?id=muller001kyl
Wyatt Parliament,18,2022,Rutgers,Big Ten,5,1,0.833,3.15,11,8,,0,0,0,34.1,25,12,12,4,24,1,26,4,1,5,152,1.427,6.6,1,6.3,6.8,1.08,,player.fcgi?id=parlia000wya
Sam Portnoy,20,2022,Rutgers,Big Ten,3,2,0.6,3.2,21,1,,0,0,0,25.1,15,11,9,1,13,0,20,6,0,2,111,1.105,5.3,0.4,4.6,7.1,1.54,,player.fcgi?id=portno000sam
Matt Rowe,19,2022,Rutgers,Big Ten,0,0,,4.38,12,0,,0,0,0,12.1,11,8,6,0,9,0,16,4,0,1,62,1.622,8,0,6.6,11.7,1.78,,player.fcgi?id=rowe--003mat
Parker Scott,22,2022,Rutgers,Big Ten,0,0,,6.08,14,0,,0,0,0,23.2,20,16,16,6,15,0,25,1,0,5,103,1.479,7.6,2.3,5.7,9.5,1.67,,player.fcgi?id=scott-001par
Justin Sinibaldi*,20,2022,Rutgers,Big Ten,2,0,1,5.75,20,7,,0,0,1,36,41,27,23,3,20,0,32,7,0,0,172,1.694,10.3,0.8,5,8,1.6,,player.fcgi?id=siniba001jus
Dale Stanavich*,23,2022,Rutgers,Big Ten,1,3,0.25,2.1,22,0,,0,0,10,34.1,24,10,8,0,9,0,51,3,0,5,137,0.961,6.3,0,2.4,13.4,5.67,,player.fcgi?id=stanav000dal
Sam Bello,23,2023,Rutgers,Big Ten,2,1,0.667,5.79,15,0,,0,0,1,18.2,24,12,12,5,9,2,15,0,0,2,85,1.768,11.6,2.4,4.3,7.2,1.67,,player.fcgi?id=bello-000sam
Grant Besser*,22,2023,Rutgers,Big Ten,2,4,0.333,5.32,22,5,,0,0,1,47.1,47,31,28,5,20,1,42,4,0,5,207,1.415,8.9,1,3.8,8,2.1,,player.fcgi?id=besser000gra
Ethan Bowen,19,2023,Rutgers,Big Ten,1,0,1,6.23,10,0,,0,0,0,13,15,9,9,3,8,0,11,0,0,4,63,1.769,10.4,2.1,5.5,7.6,1.38,,player.fcgi?id=bowen-000eth
Drew Conover,21,2023,Rutgers,Big Ten,5,4,0.556,4.5,17,14,,0,0,0,68,47,36,34,2,45,0,83,16,0,4,304,1.353,6.2,0.3,6,11,1.84,,player.fcgi?id=conove000dre
Christian Coppola,19,2023,Rutgers,Big Ten,5,5,0.5,3.68,13,13,,0,0,0,66,61,33,27,5,27,0,71,15,0,3,297,1.333,8.3,0.7,3.7,9.7,2.63,,player.fcgi?id=coppol000chr
Garrett French,23,2023,Rutgers,Big Ten,2,1,0.667,5.4,23,1,,0,0,0,31.2,33,20,19,2,20,0,29,4,0,1,145,1.674,9.4,0.6,5.7,8.2,1.45,,player.fcgi?id=french000gar
Andrew Goldan,19,2023,Rutgers,Big Ten,0,0,,12.6,4,0,,0,0,0,5,7,7,7,1,5,0,7,0,0,2,26,2.4,12.6,1.8,9,12.6,1.4,,player.fcgi?id=goldan000and
Ben Gorski,21,2023,Rutgers,Big Ten,1,3,0.25,3.4,25,0,,0,0,8,39.2,26,15,15,3,25,0,46,4,2,1,170,1.286,5.9,0.7,5.7,10.4,1.84,,player.fcgi?id=gorski000ben
Jake Marshall,22,2023,Rutgers,Big Ten,5,2,0.714,4.94,16,10,,0,0,0,51,42,30,28,7,37,0,60,11,0,4,234,1.549,7.4,1.2,6.5,10.6,1.62,,player.fcgi?id=marsha005jac
Joe Mazza*,20,2023,Rutgers,Big Ten,0,2,0,4.78,24,0,,0,0,2,32,35,20,17,4,23,1,32,2,0,4,153,1.813,9.8,1.1,6.5,9,1.39,,player.fcgi?id=mazza-000joe
John Modugno,22,2023,Rutgers,Big Ten,1,0,1,8.53,9,4,,0,0,0,12.2,15,13,12,2,7,0,14,2,0,1,63,1.737,10.7,1.4,5,9.9,2,,player.fcgi?id=modugn000joh
Wyatt Parliament,19,2023,Rutgers,Big Ten,1,0,1,5,17,1,,0,0,0,27,27,17,15,3,15,0,31,3,1,4,127,1.556,9,1,5,10.3,2.07,,player.fcgi?id=parlia000wya
Sam Portnoy,21,2023,Rutgers,Big Ten,3,0,1,3.69,20,0,,0,0,1,31.2,23,15,13,5,14,0,28,10,1,1,137,1.168,6.5,1.4,4,8,2,,player.fcgi?id=portno000sam
Matt Rowe,20,2023,Rutgers,Big Ten,0,0,,0,2,0,,0,0,0,3,0,0,0,0,1,0,2,1,0,0,11,0.333,0,0,3,6,2,,player.fcgi?id=rowe--003mat
Justin Sinibaldi*,21,2023,Rutgers,Big Ten,5,1,0.833,2.64,13,8,,0,0,0,47.2,48,21,14,4,20,0,46,5,1,6,211,1.427,9.1,0.8,3.8,8.7,2.3,,player.fcgi?id=siniba001jus
Ethan Bowen,20,2024,Rutgers,Big Ten,2,0,1,9.47,12,0,,0,0,0,19,21,21,20,4,14,0,11,4,0,2,90,1.842,9.9,1.9,6.6,5.2,0.79,,player.fcgi?id=bowen-000eth
Christian Coppola,20,2024,Rutgers,Big Ten,4,5,0.444,7.63,12,12,,0,0,0,43.2,44,43,37,7,33,0,47,12,0,7,218,1.763,9.1,1.4,6.8,9.7,1.42,,player.fcgi?id=coppol000chr
Joey DeChiaro*,23,2024,Rutgers,Big Ten,1,1,0.5,4.7,16,0,,0,0,5,15.1,10,8,8,1,17,1,22,0,0,3,74,1.761,5.9,0.6,10,12.9,1.29,,player.fcgi?id=dechia000joe
Jordan Falco,21,2024,Rutgers,Big Ten,2,1,0.667,4.71,16,8,,0,0,0,42,37,26,22,5,16,0,27,8,0,1,185,1.262,7.9,1.1,3.4,5.8,1.69,,player.fcgi?id=falco-000jor
Sonny Fauci,23,2024,Rutgers,Big Ten,6,0,1,4.5,22,3,,0,0,0,38,33,21,19,3,27,0,44,4,0,11,172,1.579,7.8,0.7,6.4,10.4,1.63,,player.fcgi?id=fauci-000son
Ben Gorski,22,2024,Rutgers,Big Ten,4,3,0.571,4.22,20,1,,0,0,0,32,28,15,15,3,10,0,34,6,1,7,137,1.188,7.9,0.8,2.8,9.6,3.4,,player.fcgi?id=gorski000ben
Zack Konstantinovsky,19,2024,Rutgers,Big Ten,0,3,0,5.29,8,8,,0,0,0,34,44,24,20,1,8,1,37,3,1,2,153,1.529,11.6,0.3,2.1,9.8,4.63,,player.fcgi?id=konsta000zac
Jake Marshall,23,2024,Rutgers,Big Ten,1,3,0.25,7.15,17,3,,0,0,3,45.1,56,41,36,5,17,0,46,8,0,7,214,1.61,11.1,1,3.4,9.1,2.71,,player.fcgi?id=marsha005jac
Joe Mazza*,21,2024,Rutgers,Big Ten,1,3,0.25,6.09,24,0,,0,0,1,34,34,27,23,6,19,0,35,4,0,8,157,1.559,9,1.6,5,9.3,1.84,,player.fcgi?id=mazza-000joe
Sam Portnoy,22,2024,Rutgers,Big Ten,0,1,0,8.48,20,0,,0,0,0,28.2,34,28,27,4,11,2,18,8,0,3,137,1.57,10.7,1.3,3.5,5.7,1.64,,player.fcgi?id=portno000sam
Justin Sinibaldi*,22,2024,Rutgers,Big Ten,4,4,0.5,3.47,13,13,,1,1,0,83,68,42,32,4,22,0,65,4,0,6,335,1.084,7.4,0.4,2.4,7,2.95,,player.fcgi?id=siniba001jus
Gavin Stellpflug,22,2024,Rutgers,Big Ten,0,0,,8.64,11,0,,0,0,1,8.1,8,8,8,0,9,0,7,5,0,8,46,2.04,8.6,0,9.7,7.6,0.78,,player.fcgi?id=stellp000gav
Justin Sweeney,19,2024,Rutgers,Big Ten,0,0,,11.25,5,1,,0,0,0,4,6,8,5,0,9,0,5,1,0,2,27,3.75,13.5,0,20.3,11.3,0.56,,player.fcgi?id=sweene000jus
Donovan Zsak*,20,2024,Rutgers,Big Ten,3,1,0.75,4.11,19,4,,0,0,0,35,22,17,16,5,20,0,39,8,0,1,148,1.2,5.7,1.3,5.1,10,1.95,,player.fcgi?id=zsak--000don
Charles Batista,19,2025,Rutgers,Big Ten,2,0,1,2.16,9,0,,0,0,0,8.1,3,4,2,0,7,0,12,2,0,1,37,1.2,3.2,0,7.6,13,1.71,,player.fcgi?id=batist000cha
Quinn Berglin,--,2025,Rutgers,Big Ten,3,4,0.429,4.11,22,4,,0,0,5,46,44,22,21,2,26,0,41,9,1,3,215,1.522,8.6,0.4,5.1,8,1.58,,player.fcgi?id=bergli000qui
Ryan Bradley*,23,2025,Rutgers,Big Ten,1,0,1,5.06,6,0,,0,0,0,5.1,4,3,3,1,6,0,3,1,0,0,26,1.875,6.8,1.7,10.1,5.1,0.5,,player.fcgi?id=bradle005rya
Matt Cruz,19,2025,Rutgers,Big Ten,0,1,0,2.84,14,0,,0,0,0,19,15,6,6,0,13,0,19,2,1,1,87,1.474,7.1,0,6.2,9,1.46,,player.fcgi?id=cruz--001mat
Jordan Falco,22,2025,Rutgers,Big Ten,0,1,0,11.51,13,2,,0,0,1,20.1,38,28,26,5,14,0,18,1,0,3,110,2.557,16.8,2.2,6.2,8,1.29,,player.fcgi?id=falco-000jor
Luke Fithian,--,2025,Rutgers,Big Ten,1,0,1,3.93,12,0,,0,0,3,34.1,34,16,15,3,15,0,28,2,0,1,151,1.427,8.9,0.8,3.9,7.3,1.87,,player.fcgi?id=fithia000luk
Zach Gleason,22,2025,Rutgers,Big Ten,1,2,0.333,7.9,14,6,,0,0,1,35.1,49,36,31,9,18,0,32,1,0,2,168,1.896,12.5,2.3,4.6,8.2,1.78,,player.fcgi?id=gleaso000zac
Connor Grotyohann,22,2025,Rutgers,Big Ten,0,1,0,10.13,4,0,,0,0,0,5.1,6,8,6,2,3,0,6,0,0,0,25,1.688,10.1,3.4,5.1,10.1,2,,player.fcgi?id=grotyo000con
Hunter Hoxie*,19,2025,Rutgers,Big Ten,1,0,1,3.55,15,0,,0,0,0,12.2,10,5,5,1,10,0,16,3,0,4,59,1.579,7.1,0.7,7.1,11.4,1.6,,player.fcgi?id=hoxie-000hun
Cameron Johnson*,20,2025,Rutgers,Big Ten,2,0,1,18,6,0,,0,0,0,7,13,14,14,1,9,0,9,2,0,5,44,3.143,16.7,1.3,11.6,11.6,1,,player.fcgi?id=johnso017cam
Tyler Kane,--,2025,Rutgers,Big Ten,0,0,,0,2,0,,0,0,0,1,1,0,0,0,2,0,2,0,0,0,6,3,9,0,18,18,1,,player.fcgi?id=kane--004tyl
Jack Kirchner,--,2025,Rutgers,Big Ten,0,1,0,7.59,13,7,,0,0,0,21.1,21,21,18,1,22,1,22,5,0,1,110,2.016,8.9,0.4,9.3,9.3,1,,player.fcgi?id=kirchn000jac
Landon Mack,19,2025,Rutgers,Big Ten,6,5,0.545,4.03,15,15,,0,0,0,80.1,81,39,36,10,17,0,70,11,1,6,340,1.22,9.1,1.1,1.9,7.8,4.12,,player.fcgi?id=mack--000lan
Joe Mazza*,22,2025,Rutgers,Big Ten,1,2,0.333,3.86,7,0,,0,0,1,21,19,12,9,0,10,0,25,2,0,2,91,1.381,8.1,0,4.3,10.7,2.5,,player.fcgi?id=mazza-000joe
Nolan Peel,19,2025,Rutgers,Big Ten,1,1,0.5,3.06,14,1,,0,0,2,32.1,35,12,11,4,11,0,32,5,0,3,146,1.423,9.7,1.1,3.1,8.9,2.91,,player.fcgi?id=peel--000nol
Preston Prince*,21,2025,Rutgers,Big Ten,0,2,0,5.57,14,5,,0,0,0,21,11,14,13,0,30,0,22,2,0,12,101,1.952,4.7,0,12.9,9.4,0.73,,player.fcgi?id=prince000pre
Andrew Rondini,--,2025,Rutgers,Big Ten,4,0,1,4.97,16,1,,0,0,0,25.1,23,17,14,1,10,1,19,2,0,0,109,1.303,8.2,0.4,3.6,6.8,1.9,,player.fcgi?id=rondin000and
Dillon Ryan,23,2025,Rutgers,Big Ten,1,2,0.333,6.83,18,1,,0,0,1,29,26,22,22,5,19,1,29,6,0,1,138,1.552,8.1,1.6,5.9,9,1.53,,player.fcgi?id=ryan--001dil
Justin Shadek,20,2025,Rutgers,Big Ten,4,5,0.444,7.78,15,15,,0,0,0,59,68,54,51,7,37,0,52,14,2,6,292,1.78,10.4,1.1,5.6,7.9,1.41,,player.fcgi?id=shadek000jus
Mike Timberlake,--,2025,Rutgers,Big Ten,1,1,0.5,12.15,4,0,,0,0,1,6.2,12,9,9,1,7,0,3,1,0,0,38,2.85,16.2,1.4,9.5,4.1,0.43,,player.fcgi?id=timber000mic
Vincent Borghese,21,2026,Rutgers,Big Ten,4,5,0.444,4.21,15,10,,0,0,1,62,65,32,29,8,27,0,62,3,2,5,282,1.484,9.4,1.2,3.9,9,2.3,,player.fcgi?id=borghe000vin
Matt Cruz,20,2026,Rutgers,Big Ten,0,1,0,8.22,17,0,,0,0,0,15.1,18,19,14,3,15,0,12,3,0,3,79,2.152,10.6,1.8,8.8,7,0.8,,player.fcgi?id=cruz--001mat
Zach Gleason,23,2026,Rutgers,Big Ten,1,1,0.5,5.59,19,2,,0,0,0,29,32,19,18,3,17,0,29,1,0,5,131,1.69,9.9,0.9,5.3,9,1.71,,player.fcgi?id=gleaso000zac
Finn Haines*,--,2026,Rutgers,Big Ten,0,0,,5.73,14,0,,0,0,0,11,10,7,7,1,10,0,10,0,0,2,50,1.818,8.2,0.8,8.2,8.2,1,,player.fcgi?id=haines000fin
Dallin Harrison,21,2026,Rutgers,Big Ten,2,4,0.333,10.26,16,11,,0,0,0,40.1,68,53,46,7,19,0,35,9,1,3,216,2.157,15.2,1.6,4.2,7.8,1.84,,player.fcgi?id=harris001dal
Tyler Kane,--,2026,Rutgers,Big Ten,1,1,0.5,8.78,14,0,,0,0,0,13.1,11,13,13,4,11,0,10,1,0,3,63,1.65,7.4,2.7,7.4,6.8,0.91,,player.fcgi?id=kane--004tyl
Jack Kirchner,--,2026,Rutgers,Big Ten,1,1,0.5,7.66,15,1,,0,0,0,22.1,24,21,19,4,15,0,19,4,0,6,108,1.746,9.7,1.6,6,7.7,1.27,,player.fcgi?id=kirchn000jac
Zack Konstantinovsky,21,2026,Rutgers,Big Ten,4,5,0.444,5.48,15,15,,0,0,0,70.2,80,46,43,10,22,0,83,4,1,0,306,1.443,10.2,1.3,2.8,10.6,3.77,,player.fcgi?id=konsta000zac
Jason Masick,21,2026,Rutgers,Big Ten,1,1,0.5,5.14,17,0,,0,0,2,28,29,16,16,4,15,0,26,2,0,3,129,1.571,9.3,1.3,4.8,8.4,1.73,,player.fcgi?id=masick000jas
Joe Mazza*,23,2026,Rutgers,Big Ten,3,3,0.5,3.1,14,1,,0,0,4,40.2,47,16,14,0,13,0,48,1,0,3,184,1.475,10.4,0,2.9,10.6,3.69,,player.fcgi?id=mazza-000joe
Jacob Pedersen,23,2026,Rutgers,Big Ten,3,2,0.6,4.63,11,0,,0,0,0,23.1,26,13,12,5,7,0,21,0,2,1,99,1.414,10,1.9,2.7,8.1,3,,player.fcgi?id=peders000jac
Henry Radbill*,--,2026,Rutgers,Big Ten,0,0,,8.14,18,7,,0,0,0,24.1,42,28,22,1,21,0,21,6,1,1,140,2.589,15.5,0.4,7.8,7.8,1,,player.fcgi?id=radbil000hen
Andrew Rondini,--,2026,Rutgers,Big Ten,1,0,1,2.16,11,0,,0,0,1,25,17,7,6,2,10,1,20,2,0,1,101,1.08,6.1,0.7,3.6,7.2,2,,player.fcgi?id=rondin000and
Julius Rosado,--,2026,Rutgers,Big Ten,0,0,,,1,0,,0,0,0,0,0,0,0,0,0,0,0,0,0,0,0,,,,,,,,player.fcgi?id=rosado000jul
Chris Sand,--,2026,Rutgers,Big Ten,4,3,0.571,6.58,15,8,,0,0,0,39.2,48,31,29,7,13,0,20,5,0,0,181,1.538,10.9,1.6,2.9,4.5,1.54,,player.fcgi?id=sand--001chr
Jordan Saviñon*,21,2026,Rutgers,Big Ten,1,3,0.25,3.66,20,1,,0,0,1,32,31,16,13,5,21,1,32,1,1,3,148,1.625,8.7,1.4,5.9,9,1.52,,player.fcgi?id=savino001jor
Sam Boyle*,22,2025,Oregon,Big Ten,0,0,,4.26,9,0,,0,0,0,6.1,4,3,3,0,3,0,3,3,0,0,28,1.105,5.7,0,4.3,4.3,1,,player.fcgi?id=boyle-001sam
Tanner Bradley,18,2025,Oregon,Big Ten,0,0,,0,4,0,,0,0,0,5,0,0,0,0,0,0,6,0,0,0,14,0,0,0,0,10.8,,,player.fcgi?id=bradle001tan
Collin Clarke,20,2025,Oregon,Big Ten,5,2,0.714,4.59,13,13,,0,0,0,68.2,60,39,35,7,21,2,60,10,0,6,293,1.18,7.9,0.9,2.8,7.9,2.86,,player.fcgi?id=clarke000col
Isaac Evaniew,22,2025,Oregon,Big Ten,0,0,,0,1,0,,0,0,0,1,0,0,0,0,1,0,0,0,0,0,4,1,0,0,9,0,0,,player.fcgi?id=evanie000isa
Ryan Featherston,20,2025,Oregon,Big Ten,2,0,1,7.08,18,0,,0,0,2,34.1,34,28,27,4,21,1,31,3,1,2,160,1.602,8.9,1,5.5,8.1,1.48,,player.fcgi?id=feathe000rya
Santiago Garcia*,20,2025,Oregon,Big Ten,3,0,1,4.2,24,0,,0,0,4,30,18,14,14,8,19,0,40,1,0,9,125,1.233,5.4,2.4,5.7,12,2.11,,player.fcgi?id=garcia012san
Grayson Grinsell*,21,2025,Oregon,Big Ten,9,3,0.75,3.01,16,16,,3,1,0,98.2,72,37,33,9,28,0,101,7,0,3,393,1.014,6.6,0.8,2.6,9.2,3.61,,player.fcgi?id=grinse000gra
Julien Hernandez,23,2025,Oregon,Big Ten,1,1,0.5,7.2,8,2,,0,0,0,10,9,9,8,0,8,0,12,3,0,2,48,1.7,8.1,0,7.2,10.8,1.5,,player.fcgi?id=hernan010jul
Gabe Howard,19,2025,Oregon,Big Ten,1,0,1,5.87,5,0,,0,0,0,7.2,8,5,5,0,4,0,1,1,0,0,34,1.565,9.4,0,4.7,1.2,0.25,,player.fcgi?id=howard000gab
Tyler Jones,19,2025,Oregon,Big Ten,0,0,,0,2,0,,0,0,0,2.1,2,0,0,0,1,0,3,1,0,0,11,1.286,7.7,0,3.9,11.6,3,,player.fcgi?id=jones-029tyl
Jaxon Jordan,22,2025,Oregon,Big Ten,1,0,1,2.92,14,0,,0,0,0,12.1,6,4,4,1,5,0,16,2,0,1,48,0.892,4.4,0.7,3.6,11.7,3.2,,player.fcgi?id=jordan000jax
Kellan Knox?,--,2025,Oregon,Big Ten,1,2,0.333,9.22,12,0,,0,0,0,13.2,13,14,14,3,4,0,10,4,0,0,60,1.244,8.6,2,2.6,6.6,2.5,,player.fcgi?id=knox--000kel
Seth Mattox,--,2025,Oregon,Big Ten,2,1,0.667,2.41,21,0,,0,0,8,18.2,10,7,5,1,8,0,16,3,0,0,75,0.964,4.8,0.5,3.9,7.7,2,,player.fcgi?id=mattox000set
Michael Meckna,19,2025,Oregon,Big Ten,3,0,1,2.61,7,0,,0,0,0,10.1,8,3,3,1,5,0,4,2,0,1,44,1.258,7,0.9,4.4,3.5,0.8,,player.fcgi?id=meckna000mic
Jason Reitz,20,2025,Oregon,Big Ten,5,1,0.833,3.5,16,11,,0,0,1,64.1,50,28,25,2,29,0,73,7,0,5,272,1.228,7,0.3,4.1,10.2,2.52,,player.fcgi?id=reitz-000jas
Will Sanford,19,2025,Oregon,Big Ten,2,2,0.5,6.39,11,10,,0,0,0,38,27,28,27,3,39,0,42,4,1,7,175,1.737,6.4,0.7,9.2,9.9,1.08,,player.fcgi?id=sanfor001wil
Cole Stokes,20,2025,Oregon,Big Ten,1,2,0.333,3.1,24,0,,0,0,2,20.1,9,8,7,0,16,0,39,15,0,3,101,1.23,4,0,7.1,17.3,2.44,,player.fcgi?id=stokes000col
Toby Twist*,20,2025,Oregon,Big Ten,0,0,,9,4,1,,0,0,0,3,2,3,3,0,3,0,1,1,0,0,13,1.667,6,0,9,3,0.33,,player.fcgi?id=twist-000tob
Ian Umlandt*,21,2025,Oregon,Big Ten,6,2,0.75,2.55,18,5,,1,0,1,60,66,23,17,5,16,1,44,6,0,1,265,1.367,9.9,0.8,2.4,6.6,2.75,,player.fcgi?id=umland000ian
Jonah Barkoff*,20,2026,Oregon,Big Ten,0,0,,4.5,6,0,,0,0,0,6,7,5,3,0,6,1,10,1,1,1,33,2.167,10.5,0,9,15,1.67,,player.fcgi?id=barkof000jon
Devin Bell,22,2026,Oregon,Big Ten,2,7,0.222,3.86,28,0,,0,0,12,37.1,32,16,16,1,10,2,41,7,0,3,157,1.125,7.7,0.2,2.4,9.9,4.1,,player.fcgi?id=bell--002dev
Tanner Bradley,19,2026,Oregon,Big Ten,5,1,0.833,1.66,31,0,,0,0,1,54.1,25,12,10,4,19,0,84,12,0,2,216,0.81,4.1,0.7,3.1,13.9,4.42,,player.fcgi?id=bradle001tan
Hudson Carvalho,19,2026,Oregon,Big Ten,0,0,,37.8,4,0,,0,0,0,1.2,2,7,7,1,8,0,1,1,0,0,15,6,10.8,5.4,43.2,5.4,0.13,,player.fcgi?id=carval000hud
Collin Clarke,21,2026,Oregon,Big Ten,6,3,0.667,4.92,18,13,,1,0,0,78.2,76,48,43,13,20,1,77,15,0,5,347,1.22,8.7,1.5,2.3,8.8,3.85,,player.fcgi?id=clarke000col
Blake Crawford*,20,2026,Oregon,Big Ten,0,0,,4.76,9,0,,0,0,0,5.2,3,3,3,1,8,0,6,1,0,1,29,1.941,4.8,1.6,12.7,9.5,0.75,,player.fcgi?id=crawfo002bla
Ryder Edwards,21,2026,Oregon,Big Ten,0,0,,0,2,0,,0,0,0,1.2,0,0,0,0,1,0,0,2,0,0,8,0.6,0,0,5.4,0,0,,player.fcgi?id=edward000ryd
Ryan Featherston,21,2026,Oregon,Big Ten,3,0,1,2.45,6,2,,0,0,1,14.2,8,4,4,2,0,0,22,0,0,1,52,0.545,4.9,1.2,0,13.5,,,player.fcgi?id=feathe000rya
Miles Gosztola*,20,2026,Oregon,Big Ten,3,3,0.5,3.61,17,10,,0,0,0,62.1,52,25,25,7,25,0,69,7,1,2,263,1.235,7.5,1,3.6,10,2.76,,player.fcgi?id=goszto000mil
Josh Hollis,20,2026,Oregon,Big Ten,0,0,,9.53,5,1,,0,0,0,11.1,13,12,12,0,6,0,8,4,0,0,53,1.676,10.3,0,4.8,6.4,1.33,,player.fcgi?id=hollis001jos
Gabe Howard,20,2026,Oregon,Big Ten,1,0,1,6.35,8,0,,0,0,0,5.2,5,5,4,0,3,0,3,0,0,0,24,1.412,7.9,0,4.8,4.8,1,,player.fcgi?id=howard000gab
Shane Johnson*,19,2026,Oregon,Big Ten,1,0,1,8.31,6,0,,0,0,0,4.1,4,4,4,0,4,0,6,2,0,2,23,1.846,8.3,0,8.3,12.5,1.5,,player.fcgi?id=johnso007sha
Cooper Markham,19,2026,Oregon,Big Ten,0,0,,4.7,9,0,,0,0,0,7.2,5,4,4,1,7,0,7,0,0,2,35,1.565,5.9,1.2,8.2,8.2,1,,player.fcgi?id=markha000coo
Michael Meckna,20,2026,Oregon,Big Ten,1,0,1,5.01,21,1,,0,0,0,23.1,26,16,13,5,12,0,24,2,0,4,105,1.629,10,1.9,4.6,9.3,2,,player.fcgi?id=meckna000mic
Luke Morgan,--,2026,Oregon,Big Ten,1,1,0.5,5.18,23,0,,0,0,0,24.1,18,15,14,3,9,0,30,5,0,1,100,1.11,6.7,1.1,3.3,11.1,3.33,,player.fcgi?id=morgan002luk
Will Sanford,20,2026,Oregon,Big Ten,9,2,0.818,3.74,17,17,,0,0,0,84.1,57,38,35,10,46,0,126,13,1,13,368,1.221,6.1,1.1,4.9,13.4,2.74,,player.fcgi?id=sanfor001wil
Cal Scolari,22,2026,Oregon,Big Ten,5,1,0.833,3.32,14,12,,0,0,0,57,44,22,21,6,35,0,85,7,0,5,245,1.386,6.9,0.9,5.5,13.4,2.43,,player.fcgi?id=scolar000cal
Cooper Strawn,21,2026,Oregon,Big Ten,0,0,,6.75,4,1,,0,0,0,2.2,5,2,2,2,3,0,4,1,0,1,16,3,16.9,6.8,10.1,13.5,1.33,,player.fcgi?id=strawn000coo
Toby Twist*,21,2026,Oregon,Big Ten,4,0,1,3.98,20,3,,0,0,0,40.2,30,23,18,6,17,0,50,7,1,4,174,1.156,6.6,1.3,3.8,11.1,2.94,,player.fcgi?id=twist-000tob
Leo Uelmen,22,2026,Oregon,Big Ten,2,0,1,6.06,14,1,,0,0,0,16.1,15,13,11,3,6,0,20,5,0,5,72,1.286,8.3,1.7,3.3,11,3.33,,player.fcgi?id=uelmen000leo
Ian Umlandt*,22,2026,Oregon,Big Ten,0,0,,0,1,0,,0,0,0,2,2,0,0,0,0,0,3,1,0,0,9,1,9,0,0,13.5,,,player.fcgi?id=umland000ian
Josh Alger,21,2025,UCLA,Big Ten,1,0,1,4.76,17,0,,0,0,0,17,13,10,9,2,21,0,16,4,0,4,87,2,6.9,1.1,11.1,8.5,0.76,,player.fcgi?id=alger-000jos
Michael Barnett,21,2025,UCLA,Big Ten,12,1,0.923,3.98,19,14,,0,0,0,86,98,40,38,8,22,0,75,8,1,8,373,1.395,10.3,0.8,2.3,7.8,3.41,,player.fcgi?id=barnet003mic
CJ Bott,19,2025,UCLA,Big Ten,2,1,0.667,5,21,3,,0,0,0,27,27,16,15,3,12,0,17,2,0,2,119,1.444,9,1,4,5.7,1.42,,player.fcgi?id=bott--000cj-
Cody Delvecchio,21,2025,UCLA,Big Ten,1,4,0.2,6.81,8,8,,0,0,0,37,43,30,28,9,12,0,39,2,0,4,166,1.486,10.5,2.2,2.9,9.5,3.25,,player.fcgi?id=delvec000cod
Will Goldberg*,21,2025,UCLA,Big Ten,0,0,,6,2,0,,0,0,0,3,3,2,2,1,0,0,0,1,0,0,11,1,9,3,0,0,,,player.fcgi?id=goldbe001wil
Chris Grothues*,22,2025,UCLA,Big Ten,4,1,0.8,4.96,21,0,,0,0,0,32.2,25,18,18,4,15,1,31,5,0,3,137,1.224,6.9,1.1,4.1,8.5,2.07,,player.fcgi?id=grothu000chr
Easton Hawk,19,2025,UCLA,Big Ten,1,1,0.5,4.5,26,0,,0,0,8,24,25,12,12,2,7,0,31,6,0,6,107,1.333,9.4,0.8,2.6,11.6,4.43,,player.fcgi?id=hawk--000eas
James Hepp,22,2025,UCLA,Big Ten,0,1,0,20.25,3,1,,0,0,0,1.1,3,3,3,1,0,0,2,1,0,0,8,2.25,20.3,6.8,0,13.5,,,player.fcgi?id=hepp--000jam
Kaena Kiakona*,21,2025,UCLA,Big Ten,0,0,,0,5,0,,0,0,0,2.2,0,0,0,0,0,0,1,0,0,0,8,0,0,0,0,3.4,,,player.fcgi?id=kiakon000kae
Justin Lee,20,2025,UCLA,Big Ten,3,0,1,6.75,30,0,,0,0,5,32,28,25,24,3,27,0,28,11,1,11,159,1.719,7.9,0.8,7.6,7.9,1.04,,player.fcgi?id=lee---008jus
Ian May*,22,2025,UCLA,Big Ten,8,3,0.727,4.97,27,12,,0,0,0,70.2,64,48,39,15,27,0,47,8,1,1,304,1.288,8.2,1.9,3.4,6,1.74,,player.fcgi?id=may---000ian
Wylan Moss,19,2025,UCLA,Big Ten,2,1,0.667,2.98,19,9,,0,0,2,48.1,46,19,16,1,16,0,49,3,0,2,202,1.283,8.6,0.2,3,9.1,3.06,,player.fcgi?id=moss--000wyl
Jack O'Connor,21,2025,UCLA,Big Ten,3,0,1,1.67,27,0,,0,0,1,27,21,5,5,1,6,0,18,5,0,0,111,1,7,0.3,2,6,3,,player.fcgi?id=oconno008jac
Cal Randall,20,2025,UCLA,Big Ten,2,1,0.667,3.08,28,0,,0,0,0,26.1,17,10,9,2,15,0,31,9,0,2,116,1.215,5.8,0.7,5.1,10.6,2.07,,player.fcgi?id=randal000cal
Ryan Rissas*,22,2025,UCLA,Big Ten,1,2,0.333,3.5,20,0,,0,0,0,18,10,9,7,2,14,0,19,10,1,2,84,1.333,5,1,7,9.5,1.36,,player.fcgi?id=rissas000rya
Luke Rodriguez,21,2025,UCLA,Big Ten,2,0,1,2.11,11,1,,0,0,0,21.1,15,5,5,1,13,0,21,4,0,3,93,1.313,6.3,0.4,5.5,8.9,1.62,,player.fcgi?id=rodrig000luk
August Souza,24,2025,UCLA,Big Ten,0,0,,6.04,30,0,,0,0,1,28.1,20,20,19,3,17,1,28,1,0,5,122,1.306,6.4,1,5.4,8.9,1.65,,player.fcgi?id=souza-000aug
Landon Stump,20,2025,UCLA,Big Ten,6,2,0.75,5.02,18,18,,0,0,0,75.1,74,44,42,10,39,1,62,12,0,4,344,1.5,8.8,1.2,4.7,7.4,1.59,,player.fcgi?id=stump-000lan
Michael Barnett,22,2026,UCLA,Big Ten,6,0,1,4.18,16,16,,0,0,0,71,64,36,33,11,29,0,58,8,0,6,301,1.31,8.1,1.4,3.7,7.4,2,,player.fcgi?id=barnet003mic
CJ Bott,20,2026,UCLA,Big Ten,0,0,,5.4,8,0,,0,0,0,10,10,6,6,1,6,0,8,0,0,1,45,1.6,9,0.9,5.4,7.2,1.33,,player.fcgi?id=bott--000cj-
Angel Cervantes,18,2026,UCLA,Big Ten,4,1,0.8,4.17,19,15,,0,0,0,49.2,57,25,23,5,15,0,37,5,0,4,220,1.45,10.3,0.9,2.7,6.7,2.47,,player.fcgi?id=cervan000ang
Mack Edwards*,19,2026,UCLA,Big Ten,0,0,,9,2,0,,0,0,0,1,1,1,1,0,0,0,2,0,0,0,4,1,9,0,0,18,,,player.fcgi?id=edward001mac
Chris Grothues*,23,2026,UCLA,Big Ten,1,0,1,5.93,19,0,,0,0,0,13.2,13,9,9,3,8,0,13,2,1,1,61,1.537,8.6,2,5.3,8.6,1.63,,player.fcgi?id=grothu000chr
Easton Hawk,20,2026,UCLA,Big Ten,7,4,0.636,1.93,34,0,,0,0,14,42,29,14,9,4,19,2,52,2,0,3,178,1.143,6.2,0.9,4.1,11.1,2.74,,player.fcgi?id=hawk--000eas
Elai Iwanaga,19,2026,UCLA,Big Ten,2,0,1,2.31,14,0,,0,0,0,11.2,10,3,3,1,6,0,15,3,0,1,53,1.371,7.7,0.8,4.6,11.6,2.5,,player.fcgi?id=iwanag000ela
Justin Lee,21,2026,UCLA,Big Ten,3,0,1,3.26,23,0,,0,0,0,19.1,14,10,7,6,11,0,26,1,0,1,83,1.293,6.5,2.8,5.1,12.1,2.36,,player.fcgi?id=lee---008jus
Ian May*,23,2026,UCLA,Big Ten,2,0,1,2.08,26,0,,0,0,0,39,27,13,9,4,10,1,47,4,1,0,160,0.949,6.2,0.9,2.3,10.8,4.7,,player.fcgi?id=may---000ian
Wylan Moss,20,2026,UCLA,Big Ten,5,1,0.833,2.49,17,6,,1,0,1,65,44,21,18,5,24,0,76,7,0,3,266,1.046,6.1,0.7,3.3,10.5,3.17,,player.fcgi?id=moss--000wyl
Jack O'Connor,22,2026,UCLA,Big Ten,1,0,1,3.52,20,0,,0,0,0,15.1,16,8,6,3,7,0,8,1,0,0,70,1.5,9.4,1.8,4.1,4.7,1.14,,player.fcgi?id=oconno008jac
Cal Randall,21,2026,UCLA,Big Ten,3,0,1,3.19,34,0,,0,0,1,31,15,11,11,3,19,0,57,3,1,4,129,1.097,4.4,0.9,5.5,16.5,3,,player.fcgi?id=randal000cal
Logan Reddemann,21,2026,UCLA,Big Ten,8,0,1,2.87,10,10,,0,0,0,59.2,47,19,19,5,11,0,84,2,1,0,235,0.972,7.1,0.8,1.7,12.7,7.64,,player.fcgi?id=reddem000log
Zach Strickland,20,2026,UCLA,Big Ten,6,1,0.857,2.82,27,0,,0,0,1,38.1,27,15,12,5,6,0,52,4,0,2,151,0.861,6.3,1.2,1.4,12.2,8.67,,player.fcgi?id=strick001zac
Landon Stump,21,2026,UCLA,Big Ten,2,1,0.667,4.12,18,13,,0,0,0,54.2,48,30,25,6,22,0,43,4,0,2,229,1.28,7.9,1,3.6,7.1,1.95,,player.fcgi?id=stump-000lan
Jake Swenson,21,2026,UCLA,Big Ten,2,0,1,5.11,18,0,,0,0,0,12.1,11,7,7,1,8,0,13,2,0,4,54,1.541,8,0.7,5.8,9.5,1.63,,player.fcgi?id=swenso000jac
Caden Aoki,22,2025,USC,Big Ten,6,4,0.6,3.99,17,16,,1,0,0,97,93,53,43,9,14,0,90,9,1,9,405,1.103,8.6,0.8,1.3,8.4,6.43,,player.fcgi?id=aoki--000cad
Jackson Baker,20,2025,USC,Big Ten,2,1,0.667,4.18,15,5,,0,0,0,23.2,20,13,11,3,20,1,23,8,1,10,117,1.69,7.6,1.1,7.6,8.7,1.15,,player.fcgi?id=baker-011jac
Ben Cushnie*,--,2025,USC,Big Ten,0,0,,3.68,11,0,,0,0,0,14.2,8,6,6,1,8,0,14,2,0,2,58,1.091,4.9,0.6,4.9,8.6,1.75,,player.fcgi?id=cushni000ben
Michael Ebner,21,2025,USC,Big Ten,0,1,0,8.71,7,3,,0,0,0,10.1,15,10,10,2,8,0,15,2,0,2,55,2.226,13.1,1.7,7,13.1,1.88,,player.fcgi?id=ebner-000mic
Mason Edwards*,19,2025,USC,Big Ten,3,0,1,3.86,12,5,,0,0,2,32.2,23,14,14,5,13,1,46,0,1,1,127,1.102,6.3,1.4,3.6,12.7,3.54,,player.fcgi?id=edward000mas
Jude Favela,19,2025,USC,Big Ten,2,0,1,2.14,17,0,,0,0,0,21,17,5,5,0,11,0,17,8,0,4,94,1.333,7.3,0,4.7,7.3,1.55,,player.fcgi?id=favela000jud
Grant Govel,20,2025,USC,Big Ten,3,2,0.6,7.45,20,4,,0,0,1,48.1,53,42,40,9,20,2,45,6,2,2,220,1.51,9.9,1.7,3.7,8.4,2.25,,player.fcgi?id=govel-000gra
Andrew Harbour,21,2025,USC,Big Ten,1,0,1,5.59,8,0,,0,0,0,9.2,9,6,6,2,6,0,10,2,0,1,45,1.552,8.4,1.9,5.6,9.3,1.67,,player.fcgi?id=harbou000and
Ethan Hedges,21,2025,USC,Big Ten,2,1,0.667,2.4,15,0,,0,0,9,15,9,4,4,1,8,0,12,3,0,1,64,1.133,5.4,0.6,4.8,7.2,1.5,,player.fcgi?id=hedges000eth
Caden Hunter*,21,2025,USC,Big Ten,6,6,0.5,5.5,16,14,,0,0,1,70.1,73,51,43,12,36,1,79,3,2,11,316,1.55,9.3,1.5,4.6,10.1,2.19,,player.fcgi?id=hunter001cad
Andrew Johnson,--,2025,USC,Big Ten,3,2,0.6,5.08,22,6,,0,0,1,67.1,78,45,38,6,12,1,56,8,0,6,296,1.337,10.4,0.8,1.6,7.5,4.67,,player.fcgi?id=johnso018and
Sax Matson*,20,2025,USC,Big Ten,2,1,0.667,4.61,29,0,,0,0,0,27.1,25,21,14,6,15,1,39,4,2,5,127,1.463,8.2,2,4.9,12.8,2.6,,player.fcgi?id=matson000sax
Dylan Osborne*,20,2025,USC,Big Ten,0,2,0,7.71,19,3,,0,0,1,25.2,29,22,22,1,18,0,27,4,1,3,125,1.831,10.2,0.4,6.3,9.5,1.5,,player.fcgi?id=osborn001dyl
Brodie Purcell,20,2025,USC,Big Ten,3,2,0.6,2.11,27,0,,0,0,4,42.2,26,12,10,4,19,0,51,1,0,5,172,1.055,5.5,0.8,4,10.8,2.68,,player.fcgi?id=purcel000bro
Garren Rizzo,20,2025,USC,Big Ten,4,0,1,2.7,5,1,,0,0,0,10,6,3,3,1,4,0,13,1,0,0,40,1,5.4,0.9,3.6,11.7,3.25,,player.fcgi?id=rizzo-000gar
Tee Southisene,--,2025,USC,Big Ten,0,1,0,6.75,14,3,,0,0,0,13.1,14,10,10,0,8,1,7,2,0,1,64,1.65,9.5,0,5.4,4.7,0.88,,player.fcgi?id=southi000tee
Henry Chabot,22,2026,USC,Big Ten,2,0,1,2.2,18,0,,0,0,0,16.1,9,6,4,0,15,1,20,3,0,4,75,1.469,5,0,8.3,11,1.33,,player.fcgi?id=chabot000hen
Ben Cushnie*,--,2026,USC,Big Ten,0,0,,1.64,18,0,,0,0,0,22,14,5,4,1,8,2,13,3,0,1,91,1,5.7,0.4,3.3,5.3,1.63,,player.fcgi?id=cushni000ben
Mason Edwards*,20,2026,USC,Big Ten,8,0,1,2.07,17,17,,0,0,0,95.2,54,26,22,3,47,0,169,5,1,9,396,1.056,5.1,0.3,4.4,15.9,3.6,,player.fcgi?id=edward000mas
Cameron Fausset,19,2026,USC,Big Ten,2,0,1,6.3,8,0,,0,0,0,10,8,7,7,1,10,0,8,4,0,4,53,1.8,7.2,0.9,9,7.2,0.8,,player.fcgi?id=fausse000cam
Grant Govel,21,2026,USC,Big Ten,10,3,0.769,2.87,19,18,,1,0,0,103.1,77,35,33,14,16,0,99,5,0,5,405,0.9,6.7,1.2,1.4,8.6,6.19,,player.fcgi?id=govel-000gra
Paul Grossman*,--,2026,USC,Big Ten,0,0,,4.91,6,0,,0,0,0,3.2,4,2,2,0,4,0,2,1,0,1,17,2.182,9.8,0,9.8,4.9,0.5,,player.fcgi?id=grossm000pau
Andrew Harbour,22,2026,USC,Big Ten,0,0,,11.57,3,0,,0,0,0,2.1,2,3,3,1,2,0,0,0,0,1,11,1.714,7.7,3.9,7.7,0,0,,player.fcgi?id=harbou000and
Chase Herrell,22,2026,USC,Big Ten,6,5,0.545,5.06,25,8,,0,0,0,58.2,63,37,33,7,27,1,47,5,2,4,272,1.534,9.7,1.1,4.1,7.2,1.74,,player.fcgi?id=herrel000cha
Andrew Johnson,--,2026,USC,Big Ten,8,2,0.8,3.23,23,12,,0,0,1,92,83,38,33,14,29,0,85,5,0,2,391,1.217,8.1,1.4,2.8,8.3,2.93,,player.fcgi?id=johnso018and
Rohan Kasanagottu,--,2026,USC,Big Ten,0,0,,0,9,0,,0,0,0,8.1,3,0,0,0,4,0,12,1,0,1,33,0.84,3.2,0,4.3,13,3,,player.fcgi?id=kasana000roh
Gavin Lauridsen,19,2026,USC,Big Ten,3,1,0.75,4.73,26,2,,0,0,3,45.2,41,25,24,5,27,1,40,5,2,4,199,1.489,8.1,1,5.3,7.9,1.48,,player.fcgi?id=laurid000gav
Sax Matson*,21,2026,USC,Big Ten,2,2,0.5,4.19,37,0,,0,0,1,43,32,22,20,2,22,0,54,9,0,4,189,1.256,6.7,0.4,4.6,11.3,2.45,,player.fcgi?id=matson000sax
Matthew Morrell,21,2026,USC,Big Ten,0,0,,13.5,1,1,,0,0,0,0.2,0,1,1,0,1,0,0,0,0,1,3,1.5,0,0,13.5,0,0,,player.fcgi?id=morrel000mat
Garren Rizzo,21,2026,USC,Big Ten,1,0,1,6,11,1,,0,0,0,9,13,8,6,1,5,0,7,1,1,2,48,2,13,1,5,7,1.4,,player.fcgi?id=rizzo-000gar
Jake Sekany,--,2026,USC,Big Ten,0,0,,13.5,1,0,,0,0,0,0.2,1,1,1,1,1,0,1,0,0,0,4,3,13.5,13.5,13.5,13.5,1,,player.fcgi?id=sekany000jak
Adam Troy,22,2026,USC,Big Ten,1,4,0.2,4.28,31,0,,0,0,12,33.2,28,19,16,5,19,2,39,1,0,11,152,1.396,7.5,1.3,5.1,10.4,2.05,,player.fcgi?id=troy--000ada
Diego Velazquez,18,2026,USC,Big Ten,5,1,0.833,4.26,15,5,,0,0,0,31.2,24,15,15,6,9,0,34,2,0,1,128,1.042,6.8,1.7,2.6,9.7,3.78,,player.fcgi?id=velazq000die
Ace Whitehead*,24,2026,USC,Big Ten,0,0,,4.5,3,2,,0,0,0,4,3,2,2,0,1,0,3,0,0,0,16,1,6.8,0,2.3,6.8,3,,player.fcgi?id=whiteh000ace
Max Banks,22,2025,Washington,Big Ten,7,4,0.636,3.86,13,13,,0,0,0,74.2,60,33,32,8,28,0,65,8,0,2,311,1.179,7.2,1,3.4,7.8,2.32,,player.fcgi?id=banks-000max
Tommy Brandenburg,22,2025,Washington,Big Ten,3,4,0.429,4.66,11,10,,0,0,0,46.1,44,30,24,4,30,0,31,5,0,3,212,1.597,8.5,0.8,5.8,6,1.03,,player.fcgi?id=brande000tom
Nic Bronzini*,21,2025,Washington,Big Ten,0,0,,0,1,0,,0,0,0,0.1,1,0,0,0,2,0,0,0,0,0,4,9,27,0,54,0,0,,player.fcgi?id=bronzi000nic
Micah Bujacich,19,2025,Washington,Big Ten,0,0,,7.71,5,0,,0,0,0,4.2,6,4,4,1,0,0,4,2,0,0,20,1.286,11.6,1.9,0,7.7,,,player.fcgi?id=bujaci000mic
Tommy Curran*,18,2025,Washington,Big Ten,0,0,,40.5,1,0,,0,0,0,0.2,4,3,3,1,1,0,0,0,0,0,6,7.5,54,13.5,13.5,0,0,,player.fcgi?id=curran000tom
Charlie Denomme,21,2025,Washington,Big Ten,0,0,,7.36,6,1,,0,0,0,7.1,3,6,6,1,9,0,10,5,0,0,39,1.636,3.7,1.2,11,12.3,1.11,,player.fcgi?id=denomm000cha
Josh Emanuels,23,2025,Washington,Big Ten,2,2,0.5,4.14,22,0,,0,0,3,41.1,35,20,19,3,14,2,43,6,0,0,175,1.185,7.6,0.7,3,9.4,3.07,,player.fcgi?id=emanue000jos
Jase Evangelista,20,2025,Washington,Big Ten,1,1,0.5,11.25,8,0,,0,0,0,12,11,15,15,0,13,1,8,1,0,1,59,2,8.3,0,9.8,6,0.62,,player.fcgi?id=evange000jas
Bradley Gilbert,19,2025,Washington,Big Ten,0,1,0,8,11,3,,0,0,1,18,26,18,16,3,13,0,15,0,0,2,90,2.167,13,1.5,6.5,7.5,1.15,,player.fcgi?id=gilber000bra
Reilly McAdams,22,2025,Washington,Big Ten,2,3,0.4,6.43,16,5,,0,0,0,42,49,41,30,6,28,0,34,4,0,0,205,1.833,10.5,1.3,6,7.3,1.21,,player.fcgi?id=mcadam000rei
Gunnar Nichols,21,2025,Washington,Big Ten,1,1,0.5,2.18,17,0,,0,0,1,33,19,9,8,2,16,0,45,0,0,1,132,1.061,5.2,0.5,4.4,12.3,2.81,,player.fcgi?id=nichol000gun
Sawyer Parkin,22,2025,Washington,Big Ten,1,0,1,7.94,10,0,,0,0,0,11.1,19,11,10,1,5,0,9,2,0,2,59,2.118,15.1,0.8,4,7.1,1.8,,player.fcgi?id=parkin000saw
Peysen Sweeney,22,2025,Washington,Big Ten,1,2,0.333,3,17,0,,0,0,0,24,19,11,8,1,18,1,23,3,0,2,110,1.542,7.1,0.4,6.8,8.6,1.28,,player.fcgi?id=sweene000pey
Jackson Thomas,22,2025,Washington,Big Ten,5,4,0.556,4.27,15,13,,0,0,0,71.2,78,34,34,6,28,0,48,9,1,3,325,1.479,9.8,0.8,3.5,6,1.71,,player.fcgi?id=thomas009jac
Justin Tims,19,2025,Washington,Big Ten,1,5,0.167,6.14,14,12,,0,0,0,44,55,33,30,9,12,0,36,4,0,0,202,1.523,11.3,1.8,2.5,7.4,3,,player.fcgi?id=tims--000jus
Will Woodward*,21,2025,Washington,Big Ten,1,0,1,4,6,0,,0,0,0,9,7,4,4,1,3,0,9,0,0,2,37,1.111,7,1,3,9,3,,player.fcgi?id=woodwa002wil
Isaac Yeager,21,2025,Washington,Big Ten,4,1,0.8,3.78,24,0,,0,0,7,47.2,41,21,20,2,22,5,57,9,1,1,214,1.322,7.7,0.4,4.2,10.8,2.59,,player.fcgi?id=yeager000isa
Carson Boesel,--,2026,Washington,Big Ten,1,0,1,4.75,21,0,,0,0,1,36,39,19,19,6,9,1,30,7,0,1,156,1.333,9.8,1.5,2.3,7.5,3.33,,player.fcgi?id=boesel000car
Tommy Brandenburg,23,2026,Washington,Big Ten,3,2,0.6,4.1,25,2,,0,0,5,48.1,40,22,22,7,20,1,44,0,0,3,196,1.241,7.4,1.3,3.7,8.2,2.2,,player.fcgi?id=brande000tom
Jaxson Gore,21,2026,Washington,Big Ten,1,2,0.333,6.26,15,4,,0,0,0,27.1,26,19,19,2,13,0,24,9,0,3,127,1.427,8.6,0.7,4.3,7.9,1.85,,player.fcgi?id=gore--000jax
Bryce Johnson,21,2026,Washington,Big Ten,0,4,0,5.8,20,2,,0,0,3,40.1,45,32,26,7,16,1,39,4,0,1,187,1.512,10,1.6,3.6,8.7,2.44,,player.fcgi?id=johnso011bry
Noah Kenney,21,2026,Washington,Big Ten,4,7,0.364,4.74,15,14,,0,0,0,81.2,74,48,43,11,37,1,90,8,0,4,362,1.359,8.2,1.2,4.1,9.9,2.43,,player.fcgi?id=kenney000noa
Hayden Lewis,22,2026,Washington,Big Ten,6,5,0.545,5.94,16,12,,0,0,0,69.2,75,51,46,6,26,1,59,6,1,5,311,1.45,9.7,0.8,3.4,7.6,2.27,,player.fcgi?id=lewis-002hay
Liam Lierman*,--,2026,Washington,Big Ten,3,2,0.6,5.2,16,3,,0,0,0,36.1,42,27,21,4,15,0,37,0,1,0,163,1.569,10.4,1,3.7,9.2,2.47,,player.fcgi?id=lierma000lia
Cooper McBride*,--,2026,Washington,Big Ten,0,0,,6.75,2,0,,0,0,0,2.2,4,2,2,0,1,1,4,0,0,0,13,1.875,13.5,0,3.4,13.5,4,,player.fcgi?id=mcbrid000coo
Jay Miller,--,2026,Washington,Big Ten,0,1,0,9,6,3,,0,0,0,11,17,11,11,2,6,0,14,1,1,1,58,2.091,13.9,1.6,4.9,11.5,2.33,,player.fcgi?id=miller004jay
Gunnar Nichols,22,2026,Washington,Big Ten,3,3,0.5,5.59,19,5,,0,0,1,46.2,38,29,29,4,23,0,49,8,1,5,204,1.307,7.3,0.8,4.4,9.5,2.13,,player.fcgi?id=nichol000gun
Peysen Sweeney,23,2026,Washington,Big Ten,0,0,,2.25,5,0,,0,0,0,4,4,1,1,0,3,0,3,0,0,1,18,1.75,9,0,6.8,6.8,1,,player.fcgi?id=sweene000pey
Jackson Thomas,23,2026,Washington,Big Ten,3,4,0.429,4.76,14,11,,0,0,0,58.2,64,37,31,7,18,0,51,8,0,3,267,1.398,9.8,1.1,2.8,7.8,2.83,,player.fcgi?id=thomas009jac
Jack Wade*,--,2026,Washington,Big Ten,1,2,0.333,6,17,1,,0,0,0,21,11,15,14,2,28,0,33,6,0,0,110,1.857,4.7,0.9,12,14.1,1.18,,player.fcgi?id=wade--002jac
Tyler Walker*,--,2026,Washington,Big Ten,0,0,,6.1,11,0,,0,0,0,10.1,11,7,7,0,1,0,9,3,0,0,45,1.161,9.6,0,0.9,7.8,9,,player.fcgi?id=walker006tyl