Name,Age,Season,Team,Conference,W,L,W-L%,ERA,G,GS,GF,CG,SHO,SV,IP,H,R,ER,HR,BB,IBB,SO,HBP,BK,WP,BF,WHIP,H9,HR9,BB9,SO9,SO/W,Notes,Name-additional
Caden Aoki,23,2026,Georgia,SEC,9,2,0.818,4.08,20,9,,1,0,3,86,86,41,39,14,27,0,110,4,0,7,371,1.314,9,1.5,2.8,11.5,4.07,,player.fcgi?id=aoki--000cad
Teddy Brennan*,23,2026,Georgia,SEC,0,0,,13.5,6,0,,0,0,0,3.1,5,5,5,1,6,0,7,1,0,1,22,3.3,13.5,2.7,16.2,18.9,1.17,,player.fcgi?id=brenna000the
Zach Brown,21,2026,Georgia,SEC,2,0,1,4,20,5,,0,0,2,36,32,17,16,8,9,0,38,0,0,2,147,1.139,8,2,2.3,9.5,4.22,,player.fcgi?id=brown-014zac
Justin Byrd,22,2026,Georgia,SEC,6,2,0.75,3.73,27,1,,0,0,8,62.2,45,26,26,13,14,0,77,3,0,2,249,0.941,6.5,1.9,2,11.1,5.5,,player.fcgi?id=byrd--003jus
Bryce Calloway,23,2026,Georgia,SEC,0,0,,0,1,0,,0,0,0,1,1,0,0,0,1,0,2,0,0,0,5,2,9,0,9,18,2,,player.fcgi?id=callow000bry
Grant Edwards,23,2026,Georgia,SEC,1,1,0.5,5.65,19,1,,0,0,0,14.1,12,9,9,2,6,0,11,5,0,0,61,1.256,7.5,1.3,3.8,6.9,1.83,,player.fcgi?id=edward004gra
Thomas Ellisen,23,2026,Georgia,SEC,1,2,0.333,7.71,11,1,,0,0,0,16.1,18,14,14,5,5,0,17,2,0,1,72,1.408,9.9,2.8,2.8,9.4,3.4,,player.fcgi?id=ellise000tho
Paul Farley,21,2026,Georgia,SEC,8,2,0.8,4.98,22,4,,0,0,1,47,55,29,26,7,21,0,50,4,1,2,213,1.617,10.5,1.3,4,9.6,2.38,,player.fcgi?id=farley000pau
Kenny Ishikawa*,22,2026,Georgia,SEC,1,1,0.5,14.44,10,6,,0,0,0,14.1,21,24,23,3,16,0,20,3,0,5,82,2.581,13.2,1.9,10,12.6,1.25,,player.fcgi?id=ishika000ken
Caleb Jameson*,22,2026,Georgia,SEC,2,0,1,6.11,17,1,,0,0,0,17.2,22,14,12,4,4,0,26,3,0,1,81,1.472,11.2,2,2,13.2,6.5,,player.fcgi?id=jameso002cal
Mason Kosowick,23,2026,Georgia,SEC,0,0,,7.2,7,0,,0,0,0,5,2,4,4,0,7,0,8,3,0,2,26,1.8,3.6,0,12.6,14.4,1.14,,player.fcgi?id=kosowi000mas
Lucas Morici,22,2026,Georgia,SEC,0,0,,9,1,0,,0,0,0,1,0,1,1,0,2,0,0,1,0,0,4,2,0,0,18,0,0,,player.fcgi?id=morici000luc
Joe Nottingham,19,2026,Georgia,SEC,0,0,,4.73,13,0,,0,0,1,13.1,10,8,7,2,7,0,19,0,0,1,58,1.275,6.8,1.4,4.7,12.8,2.71,,player.fcgi?id=nottin000joe
Jackson Peavy*,19,2026,Georgia,SEC,0,0,,0,3,0,,0,0,0,2.1,0,1,0,0,2,0,3,1,0,0,11,0.857,0,0,7.7,11.6,1.5,,player.fcgi?id=peavy-002jac
Brad Pruett,22,2026,Georgia,SEC,0,1,0,8.22,8,0,,0,0,0,7.2,9,9,7,2,8,1,12,1,0,1,42,2.217,10.6,2.3,9.4,14.1,1.5,,player.fcgi?id=pruett000bra
Matt Scott,22,2026,Georgia,SEC,7,0,1,4.22,20,3,,0,0,5,59.2,49,28,28,13,30,0,76,2,0,2,261,1.324,7.4,2,4.5,11.5,2.53,,player.fcgi?id=scott-006mat
Logan Spivey,23,2026,Georgia,SEC,0,0,,6.75,4,0,,0,0,0,1.1,3,1,1,0,4,0,1,1,0,1,12,5.25,20.3,0,27,6.8,0.25,,player.fcgi?id=spivey000log
Jordan Stephens,21,2026,Georgia,SEC,1,0,1,7.85,17,2,,0,0,0,18.1,21,16,16,2,12,0,18,2,0,3,88,1.8,10.3,1,5.9,8.8,1.5,,player.fcgi?id=stephe002jor
Bradley Stewart*,21,2026,Georgia,SEC,0,0,,,1,0,,0,0,0,0,0,0,0,0,0,0,0,0,0,0,0,,,,,,,,player.fcgi?id=stewar005bra
Dylan Vigue,22,2026,Georgia,SEC,4,1,0.8,4.43,18,16,,1,1,0,63,50,32,31,5,36,0,77,11,0,3,280,1.365,7.1,0.7,5.1,11,2.14,,player.fcgi?id=vigue-000dyl
Joey Volchko,21,2026,Georgia,SEC,11,2,0.846,3.68,18,18,,1,0,0,95.1,82,46,39,8,46,0,119,9,1,8,410,1.343,7.7,0.8,4.3,11.2,2.59,,player.fcgi?id=volchk000joe
Luke Wiltrakis,21,2026,Georgia,SEC,0,0,,12,5,0,,0,0,0,3,0,4,4,0,7,0,2,0,0,2,16,2.333,0,0,21,6,0.29,,player.fcgi?id=wiltra000luk
Dylan Wood,19,2026,Georgia,SEC,0,0,,3.86,6,0,,0,0,0,4.2,4,4,2,0,9,0,7,1,0,3,30,2.786,7.7,0,17.4,13.5,0.78,,player.fcgi?id=wood--001dyl
Zach Brown,20,2025,Georgia,SEC,3,1,0.75,7.45,10,1,,0,0,0,19.1,25,16,16,2,9,0,15,2,0,1,93,1.759,11.6,0.9,4.2,7,1.67,,player.fcgi?id=brown-014zac
Justin Byrd,21,2025,Georgia,SEC,0,0,,3.74,18,0,,0,0,0,21.2,15,9,9,3,6,0,26,1,0,0,86,0.969,6.2,1.2,2.5,10.8,4.33,,player.fcgi?id=byrd--003jus
Collin Caldwell*,24,2025,Georgia,SEC,0,0,,9,8,0,,0,0,0,3,3,3,3,1,6,0,6,1,0,0,19,3,9,3,18,18,1,,player.fcgi?id=caldwe002col
Davis Chastain,21,2025,Georgia,SEC,3,0,1,4.97,13,0,,0,0,0,12.2,11,7,7,2,5,0,15,0,0,3,52,1.263,7.8,1.4,3.6,10.7,3,,player.fcgi?id=chasta000dav
Brian Curley,22,2025,Georgia,SEC,4,4,0.5,3.55,17,10,,0,0,2,66,42,28,26,7,27,0,85,8,1,5,271,1.045,5.7,1,3.7,11.6,3.15,,player.fcgi?id=curley000bri
Alton Davis*,21,2025,Georgia,SEC,5,0,1,8.14,19,1,,0,0,0,21,29,20,19,5,12,0,27,3,1,0,105,1.952,12.4,2.1,5.1,11.6,2.25,,player.fcgi?id=davis-002alt
Paul Farley,20,2025,Georgia,SEC,1,0,1,4.3,12,0,,0,0,0,14.2,16,10,7,1,12,0,9,5,0,1,73,1.909,9.8,0.6,7.4,5.5,0.75,,player.fcgi?id=farley000pau
Leighton Finley,21,2025,Georgia,SEC,3,2,0.6,4.85,16,14,,0,0,0,68.2,56,42,37,12,25,0,83,12,0,3,302,1.18,7.3,1.6,3.3,10.9,3.32,,player.fcgi?id=finley000lei
Charlie Goldstein*,24,2025,Georgia,SEC,0,2,0,7.66,15,11,,0,0,0,24.2,22,21,21,7,23,0,30,4,0,1,123,1.824,8,2.6,8.4,10.9,1.3,,player.fcgi?id=goldst000cha
Eric Hammond,22,2025,Georgia,SEC,0,0,,4.15,15,0,,0,0,0,17.1,14,9,8,2,7,0,23,3,0,3,74,1.212,7.3,1,3.6,11.9,3.29,,player.fcgi?id=hammon000eri
Zach Harris,21,2025,Georgia,SEC,3,1,0.75,4.55,21,5,,0,0,4,27.2,25,14,14,3,9,0,31,2,0,4,116,1.229,8.1,1,2.9,10.1,3.44,,player.fcgi?id=harris002zac
Matthew Hoskins,21,2025,Georgia,SEC,1,2,0.333,5.93,18,2,,0,0,2,27.1,24,20,18,3,23,1,39,6,0,4,132,1.72,7.9,1,7.6,12.8,1.7,,player.fcgi?id=hoskin000mat
Wyatt Land,19,2025,Georgia,SEC,0,0,,33.75,2,0,,0,0,0,1.1,4,5,5,0,2,0,3,0,0,0,10,4.5,27,0,13.5,20.3,1.5,,player.fcgi?id=land--000wya
Tyler McLoughlin,22,2025,Georgia,SEC,4,0,1,4.19,16,1,,0,0,1,19.1,16,10,9,4,10,0,24,4,0,0,88,1.345,7.4,1.9,4.7,11.2,2.4,,player.fcgi?id=mcloug000tyl
Lucas Morici,21,2025,Georgia,SEC,0,0,,9.82,3,0,,0,0,0,3.2,7,4,4,0,1,0,3,0,0,1,19,2.182,17.2,0,2.5,7.4,3,,player.fcgi?id=morici000luc
JT Quinn,21,2025,Georgia,SEC,1,1,0.5,2.75,17,7,,0,0,1,36,23,13,11,6,17,1,49,1,0,2,146,1.111,5.8,1.5,4.3,12.3,2.88,,player.fcgi?id=quinn-000jt-
DJ Radtke,23,2025,Georgia,SEC,4,0,1,4.45,22,0,,0,0,2,30.1,28,16,15,5,15,0,30,4,0,3,135,1.418,8.3,1.5,4.5,8.9,2,,player.fcgi?id=radtke000dj-
Kolten Smith,21,2025,Georgia,SEC,5,3,0.625,5.23,15,6,,0,0,1,41.1,37,26,24,8,19,0,58,7,1,6,185,1.355,8.1,1.7,4.1,12.6,3.05,,player.fcgi?id=smith-001kol
Jordan Stephens,20,2025,Georgia,SEC,4,0,1,3.92,18,0,,0,0,3,20.2,11,10,9,0,19,1,27,3,0,3,93,1.452,4.8,0,8.3,11.8,1.42,,player.fcgi?id=stephe002jor
Nate Taylor,19,2025,Georgia,SEC,0,0,,1.08,9,0,,0,0,0,8.1,3,1,1,1,2,0,17,1,0,1,31,0.6,3.2,1.1,2.2,18.4,8.5,,player.fcgi?id=taylor005nat
Brian Zeldin,24,2025,Georgia,SEC,2,1,0.667,5.68,19,2,,0,0,0,31.2,31,21,20,4,21,0,36,1,0,7,145,1.642,8.8,1.1,6,10.2,1.71,,player.fcgi?id=zeldin000bri
Max DeJong,22,2024,Georgia,SEC,0,0,,7.2,10,0,,0,0,0,10,11,8,8,3,4,0,7,0,0,0,44,1.5,9.9,2.7,3.6,6.3,1.75,,player.fcgi?id=dejong000max
Zach DeVito,22,2024,Georgia,SEC,2,0,1,2.79,11,1,,0,0,0,9.2,7,3,3,2,7,0,6,0,0,0,43,1.448,6.5,1.9,6.5,5.6,0.86,,player.fcgi?id=devito001zac
Jarvis Evans*,21,2024,Georgia,SEC,3,2,0.6,5.49,16,8,,0,0,0,39.1,38,25,24,7,27,0,47,2,1,8,183,1.653,8.7,1.6,6.2,10.8,1.74,,player.fcgi?id=evans-001jar
Leighton Finley,20,2024,Georgia,SEC,6,1,0.857,4.14,17,16,,0,0,1,76,74,40,35,15,28,0,76,5,0,6,330,1.342,8.8,1.8,3.3,9,2.71,,player.fcgi?id=finley000lei
Blake Gillespie,20,2024,Georgia,SEC,0,0,,12.27,9,1,,0,0,0,7.1,14,12,10,2,5,0,8,0,0,1,43,2.591,17.2,2.5,6.1,9.8,1.6,,player.fcgi?id=gilles000bla
Ryan Gold*,19,2024,Georgia,SEC,0,0,,4.5,2,0,,0,0,0,2,1,1,1,0,1,0,1,0,0,1,8,1,4.5,0,4.5,4.5,1,,player.fcgi?id=gold--001rya
Charlie Goldstein*,23,2024,Georgia,SEC,4,1,0.8,3.72,11,7,,0,0,0,36.1,35,18,15,3,14,0,43,1,0,7,157,1.349,8.7,0.7,3.5,10.7,3.07,,player.fcgi?id=goldst000cha
Zach Harris,20,2024,Georgia,SEC,5,2,0.714,6.87,20,7,,0,0,0,38,45,37,29,9,18,0,45,3,0,2,182,1.658,10.7,2.1,4.3,10.7,2.5,,player.fcgi?id=harris002zac
James Hays,20,2024,Georgia,SEC,0,0,,21,2,0,,0,0,0,3,10,7,7,1,1,0,3,0,0,1,17,3.667,30,3,3,9,3,,player.fcgi?id=hays--000jam
Matthew Hoskins,20,2024,Georgia,SEC,0,0,,19.64,5,2,,0,0,0,3.2,4,8,8,1,7,0,4,2,0,1,24,3,9.8,2.5,17.2,9.8,0.57,,player.fcgi?id=hoskin000mat
Wyatt Land,18,2024,Georgia,SEC,0,0,,6.75,3,0,,0,0,0,2.2,2,2,2,0,4,0,4,0,0,1,14,2.25,6.8,0,13.5,13.5,1,,player.fcgi?id=land--000wya
Chandler Marsh,21,2024,Georgia,SEC,2,0,1,7.2,12,1,,0,0,1,15,15,14,12,1,8,0,21,2,0,1,70,1.533,9,0.6,4.8,12.6,2.63,,player.fcgi?id=marsh-002cha
Tyler McLoughlin,21,2024,Georgia,SEC,0,0,,6,6,0,,0,0,0,6,4,5,4,0,8,0,7,2,1,2,31,2,6,0,12,10.5,0.88,,player.fcgi?id=mcloug000tyl
Christian Mracna,24,2024,Georgia,SEC,4,2,0.667,5.32,20,10,,0,0,1,45.2,48,30,27,6,25,0,73,10,0,2,217,1.599,9.5,1.2,4.9,14.4,2.92,,player.fcgi?id=mracna000chr
Daniel Padysak,23,2024,Georgia,SEC,1,0,1,7.66,15,2,,0,0,0,22.1,23,20,19,7,15,0,21,3,0,1,105,1.701,9.3,2.8,6,8.5,1.4,,player.fcgi?id=padysa000dan
Brandt Pancer,22,2024,Georgia,SEC,0,0,,10.8,10,1,,0,0,0,10,9,12,12,2,10,0,11,1,0,1,49,1.9,8.1,1.8,9,9.9,1.1,,player.fcgi?id=pancer000bra
DJ Radtke,22,2024,Georgia,SEC,1,0,1,3.45,17,0,,0,0,0,15.2,11,6,6,0,11,0,20,5,0,1,70,1.404,6.3,0,6.3,11.5,1.82,,player.fcgi?id=radtke000dj-
Josh Roberge,25,2024,Georgia,SEC,3,1,0.75,7,22,0,,0,0,1,36,44,30,28,6,19,1,37,3,1,3,174,1.75,11,1.5,4.8,9.3,1.95,,player.fcgi?id=roberg002jos
Kolten Smith,20,2024,Georgia,SEC,9,3,0.75,5.56,20,4,,0,0,0,69.2,73,51,43,16,20,1,105,7,0,3,310,1.335,9.4,2.1,2.6,13.6,5.25,,player.fcgi?id=smith-001kol
Ethan Sutton,19,2024,Georgia,SEC,0,1,0,3.38,3,0,,0,0,0,2.2,2,4,1,0,2,0,2,0,0,1,12,1.5,6.8,0,6.8,6.8,1,,player.fcgi?id=sutton000eth
Coleman Willis,21,2024,Georgia,SEC,0,0,,0,6,0,,0,0,0,4,1,0,0,0,4,0,5,1,1,1,17,1.25,2.3,0,9,11.3,1.25,,player.fcgi?id=willis001col
Luke Wiltrakis,19,2024,Georgia,SEC,0,1,0,1.93,5,0,,0,0,0,4.2,4,1,1,0,3,0,9,1,0,0,21,1.5,7.7,0,5.8,17.4,3,,player.fcgi?id=wiltra000luk
Brian Zeldin,23,2024,Georgia,SEC,3,3,0.5,5.66,23,0,,0,0,6,55.2,55,36,35,13,30,1,51,3,0,1,246,1.527,8.9,2.1,4.9,8.2,1.7,,player.fcgi?id=zeldin000bri
Collin Caldwell*,22,2023,Georgia,SEC,2,0,1,8.31,23,0,,0,0,1,17.1,17,16,16,2,20,1,27,4,0,2,93,2.135,8.8,1,10.4,14,1.35,,player.fcgi?id=caldwe002col
Nolan Crisp,23,2023,Georgia,SEC,1,2,0.333,8.23,17,4,,0,0,2,27.1,35,25,25,4,17,3,20,4,2,4,136,1.902,11.5,1.3,5.6,6.6,1.18,,player.fcgi?id=crisp-000nol
Max DeJong,21,2023,Georgia,SEC,0,0,,27,2,0,,0,0,0,1,2,3,3,1,2,0,2,0,0,1,7,4,18,9,18,18,1,,player.fcgi?id=dejong000max
Zach DeVito,21,2023,Georgia,SEC,0,0,,10.29,13,0,,0,0,0,14,19,17,16,1,11,1,13,1,1,1,72,2.143,12.2,0.6,7.1,8.4,1.18,,player.fcgi?id=devito001zac
Jarvis Evans*,20,2023,Georgia,SEC,2,0,1,4.71,10,2,,0,0,0,21,16,11,11,8,8,1,25,3,1,4,88,1.143,6.9,3.4,3.4,10.7,3.13,,player.fcgi?id=evans-001jar
Leighton Finley,19,2023,Georgia,SEC,2,2,0.5,6.26,21,1,,0,0,4,27.1,31,19,19,6,10,1,31,10,0,1,126,1.5,10.2,2,3.3,10.2,3.1,,player.fcgi?id=finley000lei
Blake Gillespie,19,2023,Georgia,SEC,0,1,0,14.66,8,3,,0,0,0,11.2,18,19,19,3,7,0,4,3,0,0,60,2.143,13.9,2.3,5.4,3.1,0.57,,player.fcgi?id=gilles000bla
Charlie Goldstein*,22,2023,Georgia,SEC,3,2,0.6,5.03,14,10,,0,0,0,48.1,47,30,27,7,18,0,47,7,0,4,216,1.345,8.8,1.3,3.4,8.8,2.61,,player.fcgi?id=goldst000cha
Kyle Greenler,23,2023,Georgia,SEC,2,1,0.667,4.7,19,1,,0,0,0,23,28,13,12,3,13,0,25,2,0,4,113,1.783,11,1.2,5.1,9.8,1.92,,player.fcgi?id=greenl000kyl
Matthew Hoskins,19,2023,Georgia,SEC,1,2,0.333,4.12,10,2,,0,0,0,19.2,15,10,9,1,10,0,24,8,1,1,87,1.271,6.9,0.5,4.6,11,2.4,,player.fcgi?id=hoskin000mat
Chandler Marsh,20,2023,Georgia,SEC,1,3,0.25,5.46,23,0,,0,0,0,28,24,17,17,4,28,1,46,5,0,3,139,1.857,7.7,1.3,9,14.8,1.64,,player.fcgi?id=marsh-002cha
Pace Mercer,22,2023,Georgia,SEC,0,0,,15.19,7,0,,0,0,1,5.1,9,11,9,2,10,0,6,0,0,1,35,3.563,15.2,3.4,16.9,10.1,0.6,,player.fcgi?id=mercer000pac
William Pearson,21,2023,Georgia,SEC,0,1,0,5.73,19,0,,0,0,0,22,22,18,14,2,12,3,13,6,0,1,106,1.545,9,0.8,4.9,5.3,1.08,,player.fcgi?id=pearso004wil
DJ Radtke,21,2023,Georgia,SEC,0,0,,12.27,4,0,,0,0,0,3.2,7,5,5,2,0,0,7,2,0,0,19,1.909,17.2,4.9,0,17.2,,,player.fcgi?id=radtke000dj-
Dalton Rhadans,23,2023,Georgia,SEC,3,2,0.6,4.26,33,0,,0,0,2,44.1,46,21,21,11,13,2,38,1,0,0,190,1.331,9.3,2.2,2.6,7.7,2.92,,player.fcgi?id=rhadan000dal
Kolten Smith,19,2023,Georgia,SEC,2,3,0.4,5.26,12,8,,0,0,0,25.2,23,18,15,2,18,0,22,5,0,1,123,1.597,8.1,0.7,6.3,7.7,1.22,,player.fcgi?id=smith-001kol
Liam Sullivan*,21,2023,Georgia,SEC,5,2,0.714,5.77,14,14,,1,1,0,64,60,48,41,14,33,1,75,11,1,5,293,1.453,8.4,2,4.6,10.5,2.27,,player.fcgi?id=sulliv001lia
Luke Wagner*,21,2023,Georgia,SEC,2,3,0.4,10.34,18,1,,0,0,0,31.1,48,38,36,6,21,1,20,5,0,7,165,2.202,13.8,1.7,6,5.7,0.95,,player.fcgi?id=wagner000luk
Jaden Woods*,21,2023,Georgia,SEC,3,3,0.5,5.77,10,10,,0,0,0,48.1,41,31,31,9,25,0,62,5,0,3,210,1.366,7.6,1.7,4.7,11.5,2.48,,player.fcgi?id=woods-000jad
Hank Bearden?,--,2022,Georgia,SEC,2,1,0.667,12.41,9,2,,0,0,0,12.1,25,17,17,3,9,0,11,2,0,3,71,2.757,18.2,2.2,6.6,8,1.22,,player.fcgi?id=bearde000han
Garrett Brown,22,2022,Georgia,SEC,0,1,0,7.71,12,10,,0,0,0,25.2,32,26,22,4,25,0,17,1,1,7,130,2.221,11.2,1.4,8.8,6,0.68,,player.fcgi?id=brown-012gar
Collin Caldwell*,21,2022,Georgia,SEC,1,0,1,13.5,16,0,,0,0,1,12.2,17,21,19,4,14,1,24,4,0,2,73,2.447,12.1,2.8,9.9,17.1,1.71,,player.fcgi?id=caldwe002col
Jonathan Cannon,21,2022,Georgia,SEC,9,4,0.692,4.02,13,13,,0,0,0,78.1,67,36,35,10,12,3,68,12,0,5,325,1.009,7.7,1.1,1.4,7.8,5.67,,player.fcgi?id=cannon002jon
Will Childers,21,2022,Georgia,SEC,0,0,,9,1,1,,0,0,0,1,1,1,1,1,0,0,2,0,0,0,4,1,9,9,0,18,,,player.fcgi?id=childe002mat
Nolan Crisp,22,2022,Georgia,SEC,1,4,0.2,5.12,16,8,,0,0,0,45.2,53,30,26,11,14,2,41,2,0,1,204,1.467,10.4,2.2,2.8,8.1,2.93,,player.fcgi?id=crisp-000nol
Max DeJong,20,2022,Georgia,SEC,1,0,1,2.61,11,0,,0,0,0,10.1,8,3,3,1,6,0,13,2,0,0,47,1.355,7,0.9,5.2,11.3,2.17,,player.fcgi?id=dejong000max
Jack Gowen,22,2022,Georgia,SEC,2,0,1,2.39,25,0,,0,0,10,37.2,19,10,10,3,18,1,50,5,0,1,152,0.982,4.5,0.7,4.3,11.9,2.78,,player.fcgi?id=gowen-000jac
Chandler Marsh,19,2022,Georgia,SEC,4,1,0.8,3.74,24,0,,0,0,0,33.2,23,17,14,4,25,2,44,8,0,10,154,1.426,6.1,1.1,6.7,11.8,1.76,,player.fcgi?id=marsh-002cha
Shane Marshall,22,2022,Georgia,SEC,0,0,,0,2,0,,0,0,0,0.2,0,0,0,0,0,0,1,0,0,0,2,0,0,0,0,13.5,,,player.fcgi?id=marsha002sha
Bryce Melear,21,2022,Georgia,SEC,1,1,0.5,5.4,7,1,,0,0,0,11.2,14,7,7,1,5,0,15,5,1,0,56,1.629,10.8,0.8,3.9,11.6,3,,player.fcgi?id=melear000bry
William Pearson,20,2022,Georgia,SEC,2,2,0.5,5.28,26,0,,0,0,0,30.2,39,19,18,4,8,1,20,3,0,3,136,1.533,11.4,1.2,2.3,5.9,2.5,,player.fcgi?id=pearso004wil
Jake Poindexter,19,2022,Georgia,SEC,0,0,,23.14,5,0,,0,0,0,4.2,9,12,12,1,9,2,7,1,0,3,33,3.857,17.4,1.9,17.4,13.5,0.78,,player.fcgi?id=poinde000jak
Michael Polk,21,2022,Georgia,SEC,0,2,0,9.62,17,0,,0,0,0,24.1,24,27,26,5,22,1,32,6,0,2,123,1.89,8.9,1.8,8.1,11.8,1.45,,player.fcgi?id=polk--000mic
Davis Rokose*,21,2022,Georgia,SEC,1,0,1,6.85,19,0,,0,0,0,22.1,22,18,17,0,19,1,20,3,0,4,107,1.836,8.9,0,7.7,8.1,1.05,,player.fcgi?id=rokose000dav
Dylan Ross,21,2022,Georgia,SEC,1,0,1,3,2,2,,0,0,0,6,6,2,2,0,4,0,6,1,0,0,29,1.667,9,0,6,9,1.5,,player.fcgi?id=ross--001dyl
Liam Sullivan*,20,2022,Georgia,SEC,4,3,0.571,4.62,12,12,,0,0,0,48.2,50,25,25,10,20,1,51,5,0,7,215,1.438,9.2,1.8,3.7,9.4,2.55,,player.fcgi?id=sulliv001lia
Luke Wagner*,20,2022,Georgia,SEC,5,3,0.625,6.15,19,4,,0,0,0,41,43,29,28,5,27,1,45,3,0,5,194,1.707,9.4,1.1,5.9,9.9,1.67,,player.fcgi?id=wagner000luk
Coleman Willis,19,2022,Georgia,SEC,1,0,1,9.35,14,5,,0,0,0,17.1,20,23,18,1,18,0,16,7,0,10,98,2.192,10.4,0.5,9.3,8.3,0.89,,player.fcgi?id=willis001col
Jaden Woods*,20,2022,Georgia,SEC,1,1,0.5,4.64,25,1,,0,0,3,54.1,46,32,28,12,33,2,80,8,0,6,247,1.454,7.6,2,5.5,13.3,2.42,,player.fcgi?id=woods-000jad
Hank Bearden?,--,2021,Georgia,SEC,3,2,0.6,3.52,14,3,,0,0,0,23,20,12,9,2,14,1,23,2,0,6,104,1.478,7.8,0.8,5.5,9,1.64,,player.fcgi?id=bearde000han
Collin Caldwell*,20,2021,Georgia,SEC,0,1,0,4.58,22,0,,0,0,2,17.2,20,11,9,0,10,0,19,4,0,1,86,1.698,10.2,0,5.1,9.7,1.9,,player.fcgi?id=caldwe002col
Jonathan Cannon,20,2021,Georgia,SEC,4,2,0.667,3.98,13,12,,0,0,0,63.1,56,29,28,7,13,1,57,8,0,4,263,1.089,8,1,1.8,8.1,4.38,,player.fcgi?id=cannon002jon
Nolan Crisp,21,2021,Georgia,SEC,1,1,0.5,3.9,22,0,,0,0,1,27.2,29,13,12,1,14,1,25,4,1,4,128,1.554,9.4,0.3,4.6,8.1,1.79,,player.fcgi?id=crisp-000nol
Max DeJong,19,2021,Georgia,SEC,0,0,,1.8,4,0,,0,0,0,5,4,1,1,0,5,1,9,0,0,1,24,1.8,7.2,0,9,16.2,1.8,,player.fcgi?id=dejong000max
Charlie Goldstein*,20,2021,Georgia,SEC,1,1,0.5,5.4,11,6,,0,0,0,20,20,13,12,1,18,0,21,2,0,4,100,1.9,9,0.5,8.1,9.5,1.17,,player.fcgi?id=goldst000cha
Jack Gowen,21,2021,Georgia,SEC,1,0,1,2.16,23,0,,0,0,1,25,14,6,6,1,21,2,36,3,1,0,109,1.4,5,0.4,7.6,13,1.71,,player.fcgi?id=gowen-000jac
Ben Harris*,21,2021,Georgia,SEC,4,2,0.667,2.33,20,1,,0,0,3,38.2,16,12,10,2,28,3,66,8,0,6,166,1.138,3.7,0.5,6.5,15.4,2.36,,player.fcgi?id=harris009ben
Shane Marshall,21,2021,Georgia,SEC,0,0,,0,1,0,,0,0,0,1,0,0,0,0,2,0,0,0,0,0,4,2,0,0,18,0,0,,player.fcgi?id=marsha002sha
Bryce Melear,20,2021,Georgia,SEC,0,0,,10.13,1,0,,0,0,0,2.2,2,3,3,1,2,0,2,2,0,1,14,1.5,6.8,3.4,6.8,6.8,1,,player.fcgi?id=melear000bry
Darryn Pasqua,22,2021,Georgia,SEC,2,3,0.4,5.5,23,0,,0,0,2,34.1,41,22,21,6,8,0,39,3,0,4,154,1.427,10.7,1.6,2.1,10.2,4.88,,player.fcgi?id=pasqua000dar
William Pearson,19,2021,Georgia,SEC,2,0,1,3.91,19,0,,0,0,1,23,23,10,10,1,16,2,17,1,1,3,106,1.696,9,0.4,6.3,6.7,1.06,,player.fcgi?id=pearso004wil
Michael Polk,20,2021,Georgia,SEC,2,1,0.667,1.86,17,0,,0,0,0,19.1,18,8,4,0,17,0,23,2,0,4,93,1.81,8.4,0,7.9,10.7,1.35,,player.fcgi?id=polk--000mic
Brandon Smith,21,2021,Georgia,SEC,0,0,,inf,1,0,,0,0,0,0,3,4,4,1,1,0,0,0,0,0,4,,,,,,0,,player.fcgi?id=smith-035bra
C.J. Smith*,22,2021,Georgia,SEC,0,2,0,3,3,3,,0,0,0,15,13,7,5,1,6,1,13,1,0,1,67,1.267,7.8,0.6,3.6,7.8,2.17,,player.fcgi?id=smith-000cj-
Liam Sullivan*,19,2021,Georgia,SEC,1,2,0.333,3.99,16,4,,0,0,1,38.1,29,17,17,6,20,1,52,2,0,3,164,1.278,6.8,1.4,4.7,12.2,2.6,,player.fcgi?id=sulliv001lia
Luke Wagner*,19,2021,Georgia,SEC,3,3,0.5,4.58,17,12,,0,0,0,39.1,37,23,20,3,24,0,33,5,0,5,176,1.551,8.5,0.7,5.5,7.6,1.38,,player.fcgi?id=wagner000luk
Ryan Webb*,22,2021,Georgia,SEC,3,4,0.429,3.32,11,11,,0,0,0,59.2,43,26,22,10,17,1,82,3,0,4,241,1.006,6.5,1.5,2.6,12.4,4.82,,player.fcgi?id=webb--003rya
Jaden Woods*,19,2021,Georgia,SEC,4,1,0.8,4.58,17,4,,0,0,1,53,33,27,27,9,24,0,53,2,2,2,212,1.075,5.6,1.5,4.1,9,2.21,,player.fcgi?id=woods-000jad
Tucker Bradley*,22,2020,Georgia,SEC,0,0,,0,3,0,,0,0,1,4.1,2,0,0,0,1,0,6,0,0,0,14,0.692,4.2,0,2.1,12.5,6,,player.fcgi?id=bradle000tuc
Garrett Brown,20,2020,Georgia,SEC,1,2,0.333,4.96,4,4,,0,0,0,16.1,16,10,9,0,4,0,13,2,0,2,71,1.224,8.8,0,2.2,7.2,3.25,,player.fcgi?id=brown-012gar
Jonathan Cannon,19,2020,Georgia,SEC,3,0,1,0,5,0,,0,0,0,11.1,4,0,0,0,2,0,12,0,0,0,39,0.529,3.2,0,1.6,9.5,6,,player.fcgi?id=cannon002jon
Will Childers,19,2020,Georgia,SEC,1,0,1,0.79,5,1,,0,0,0,11.1,8,2,1,0,6,0,13,0,0,3,49,1.235,6.4,0,4.8,10.3,2.17,,player.fcgi?id=childe002mat
Justin Glover*,21,2020,Georgia,SEC,1,0,1,2.7,5,0,,0,0,0,10,6,4,3,0,5,0,8,0,0,2,41,1.1,5.4,0,4.5,7.2,1.6,,player.fcgi?id=glover003jus
Jack Gowen,20,2020,Georgia,SEC,0,0,,3.18,4,0,,0,0,0,5.2,2,3,2,0,5,0,10,0,0,0,23,1.235,3.2,0,7.9,15.9,2,,player.fcgi?id=gowen-000jac
Emerson Hancock,21,2020,Georgia,SEC,2,0,1,3.75,4,4,,0,0,0,24,22,10,10,2,3,1,34,2,0,1,99,1.042,8.3,0.8,1.1,12.8,11.33,,player.fcgi?id=hancoc000eme
Logan Moody,23,2020,Georgia,SEC,1,0,1,0,3,1,,0,0,0,8,3,0,0,0,4,0,7,0,0,0,32,0.875,3.4,0,4.5,7.9,1.75,,player.fcgi?id=moody-000log
Darryn Pasqua,21,2020,Georgia,SEC,0,1,0,7.71,4,0,,0,0,0,4.2,9,4,4,1,2,0,3,2,0,2,26,2.357,17.4,1.9,3.9,5.8,1.5,,player.fcgi?id=pasqua000dar
Michael Polk,19,2020,Georgia,SEC,0,0,,0,5,0,,0,0,0,5,1,0,0,0,3,0,7,1,0,1,20,0.8,1.8,0,5.4,12.6,2.33,,player.fcgi?id=polk--000mic
Brandon Smith,20,2020,Georgia,SEC,0,0,,13.5,3,0,,0,0,0,2,3,3,3,0,2,0,1,0,0,1,11,2.5,13.5,0,9,4.5,0.5,,player.fcgi?id=smith-035bra
C.J. Smith*,21,2020,Georgia,SEC,0,1,0,3.32,4,4,,0,0,0,19,12,9,7,1,10,0,20,4,0,3,82,1.158,5.7,0.5,4.7,9.5,2,,player.fcgi?id=smith-000cj-
Cain Tatum,19,2020,Georgia,SEC,0,0,,2.08,5,0,,0,0,0,4.1,4,1,1,0,1,0,5,3,0,2,20,1.154,8.3,0,2.1,10.4,5,,player.fcgi?id=tatum-000cai
Ryan Webb*,21,2020,Georgia,SEC,2,0,1,1.2,5,0,,0,0,1,15,13,2,2,0,5,2,26,2,0,0,65,1.2,7.8,0,3,15.6,5.2,,player.fcgi?id=webb--003rya
Cole Wilcox,20,2020,Georgia,SEC,3,0,1,1.57,4,4,,0,0,0,23,18,5,4,2,2,0,32,1,0,1,89,0.87,7,0.8,0.8,12.5,16,,player.fcgi?id=wilcox000col
Tim Elliott,21,2019,Georgia,SEC,7,3,0.7,2.38,15,14,,1,1,0,75.2,42,24,20,5,24,1,72,5,0,5,295,0.872,5,0.6,2.9,8.6,3,,player.fcgi?id=elliot000tim
Justin Glover*,20,2019,Georgia,SEC,1,0,1,2.79,25,0,,0,0,0,29,15,12,9,1,15,1,28,5,0,7,118,1.034,4.7,0.3,4.7,8.7,1.87,,player.fcgi?id=glover003jus
Adam Goodman*,22,2019,Georgia,SEC,1,1,0.5,5.79,15,0,,0,0,0,14,15,12,9,2,10,0,21,3,1,2,70,1.786,9.6,1.3,6.4,13.5,2.1,,player.fcgi?id=goodma000ada
Jack Gowen,19,2019,Georgia,SEC,0,1,0,9.35,9,0,,0,0,0,8.2,7,10,9,2,10,1,10,4,0,3,48,1.962,7.3,2.1,10.4,10.4,1,,player.fcgi?id=gowen-000jac
Emerson Hancock,20,2019,Georgia,SEC,8,3,0.727,1.99,14,14,,1,0,0,90.1,58,21,20,5,18,1,97,4,0,2,340,0.841,5.8,0.5,1.8,9.7,5.39,,player.fcgi?id=hancoc000eme
Zac Kristofak,21,2019,Georgia,SEC,5,0,1,3.8,24,0,,0,0,6,47.1,45,25,20,7,15,0,63,5,0,6,203,1.268,8.6,1.3,2.9,12,4.2,,player.fcgi?id=kristo000zac
Tony Locey,20,2019,Georgia,SEC,11,2,0.846,2.53,16,15,,0,0,0,89,51,28,25,8,45,0,97,7,0,12,359,1.079,5.2,0.8,4.6,9.8,2.16,,player.fcgi?id=locey-000ton
Logan Moody,22,2019,Georgia,SEC,1,0,1,4.07,11,3,,0,0,0,24.1,15,15,11,1,14,0,33,0,0,2,104,1.192,5.5,0.4,5.2,12.2,2.36,,player.fcgi?id=moody-000log
Darryn Pasqua,20,2019,Georgia,SEC,1,0,1,1.2,9,0,,0,0,0,15,13,2,2,0,4,0,11,3,1,0,60,1.133,7.8,0,2.4,6.6,2.75,,player.fcgi?id=pasqua000dar
Will Proctor,21,2019,Georgia,SEC,3,0,1,4.35,3,2,,0,0,0,10.1,10,6,5,2,5,0,15,0,0,3,45,1.452,8.7,1.7,4.4,13.1,3,,player.fcgi?id=procto003wil
Christian Ryder,21,2019,Georgia,SEC,0,0,,10.8,5,0,,0,0,0,3.1,2,4,4,0,2,0,3,3,0,3,17,1.2,5.4,0,5.4,8.1,1.5,,player.fcgi?id=ryder-000chr
Aaron Schunk,21,2019,Georgia,SEC,1,2,0.333,2.49,17,0,,0,0,12,21.2,15,6,6,2,7,3,18,0,0,1,87,1.015,6.2,0.8,2.9,7.5,2.57,,player.fcgi?id=schunk000aar
C.J. Smith*,20,2019,Georgia,SEC,3,3,0.5,4.3,11,9,,0,0,0,46,38,23,22,5,20,2,38,4,1,10,193,1.261,7.4,1,3.9,7.4,1.9,,player.fcgi?id=smith-000cj-
Ryan Webb*,20,2019,Georgia,SEC,1,0,1,3.75,16,0,,0,0,1,24,19,10,10,3,11,0,27,4,0,4,104,1.25,7.1,1.1,4.1,10.1,2.45,,player.fcgi?id=webb--003rya
Cole Wilcox,19,2019,Georgia,SEC,3,2,0.6,4.07,19,6,,1,0,0,59.2,46,30,27,3,38,2,64,4,0,15,261,1.408,6.9,0.5,5.7,9.7,1.68,,player.fcgi?id=wilcox000col
James Williams,21,2019,Georgia,SEC,0,0,,6.35,5,0,,0,0,0,5.2,10,7,4,0,4,0,4,0,0,0,30,2.471,15.9,0,6.4,6.4,1,,player.fcgi?id=willia034jam
Chase Adkins,23,2018,Georgia,SEC,5,0,1,4.3,16,16,,0,0,0,81.2,83,41,39,10,29,1,65,11,0,7,357,1.371,9.1,1.1,3.2,7.2,2.24,,player.fcgi?id=adkins005cha
Blake Cairnes,22,2018,Georgia,SEC,1,0,1,3.15,21,0,,0,0,0,34.1,29,12,12,5,11,0,29,3,0,4,142,1.165,7.6,1.3,2.9,7.6,2.64,,player.fcgi?id=cairne000bla
Tim Elliott,20,2018,Georgia,SEC,1,0,1,3.86,11,4,,0,0,0,21,15,9,9,4,13,0,17,5,0,1,93,1.333,6.4,1.7,5.6,7.3,1.31,,player.fcgi?id=elliot000tim
Justin Glover*,19,2018,Georgia,SEC,0,0,,14.54,5,0,,0,0,0,4.1,10,7,7,1,3,0,3,1,0,0,26,3,20.8,2.1,6.2,6.2,1,,player.fcgi?id=glover003jus
Adam Goodman*,21,2018,Georgia,SEC,0,1,0,3,13,0,,0,0,0,9,7,4,3,1,5,0,10,2,0,0,41,1.333,7,1,5,10,2,,player.fcgi?id=goodma000ada
Emerson Hancock,19,2018,Georgia,SEC,6,4,0.6,5.1,15,15,,0,0,0,77.2,70,50,44,8,34,1,75,8,2,9,340,1.339,8.1,0.9,3.9,8.7,2.21,,player.fcgi?id=hancoc000eme
Zac Kristofak,20,2018,Georgia,SEC,4,2,0.667,3.83,31,0,,0,0,4,42.1,38,26,18,4,22,1,58,5,0,4,191,1.417,8.1,0.9,4.7,12.3,2.64,,player.fcgi?id=kristo000zac
Tony Locey,19,2018,Georgia,SEC,7,2,0.778,4.28,27,5,,0,0,0,54.2,44,27,26,6,30,2,60,13,0,5,245,1.354,7.2,1,4.9,9.9,2,,player.fcgi?id=locey-000ton
Will Proctor,20,2018,Georgia,SEC,3,2,0.6,2.42,19,1,,0,0,2,26,20,12,7,2,13,1,26,4,0,3,114,1.269,6.9,0.7,4.5,9,2,,player.fcgi?id=procto003wil
Christian Ryder,20,2018,Georgia,SEC,0,0,,0,3,0,,0,0,0,3.2,2,1,0,0,3,0,3,1,0,0,18,1.364,4.9,0,7.4,7.4,1,,player.fcgi?id=ryder-000chr
Aaron Schunk,20,2018,Georgia,SEC,2,2,0.5,3,20,0,,0,0,8,30,25,10,10,1,5,2,31,0,0,0,119,1,7.5,0.3,1.5,9.3,6.2,,player.fcgi?id=schunk000aar
C.J. Smith*,19,2018,Georgia,SEC,1,2,0.333,2.48,14,5,,0,0,0,36.1,27,10,10,2,13,0,27,4,0,0,148,1.101,6.7,0.5,3.2,6.7,2.08,,player.fcgi?id=smith-000cj-
Kevin Smith*,21,2018,Georgia,SEC,8,1,0.889,3.69,22,7,,0,0,0,63.1,55,29,26,5,25,0,79,9,0,5,272,1.263,7.8,0.7,3.6,11.2,3.16,,player.fcgi?id=smith-012kev
Trevor Tinder,23,2018,Georgia,SEC,0,0,,0,1,0,,0,0,0,1,0,0,0,0,1,0,1,0,0,0,4,1,0,0,9,9,1,,player.fcgi?id=tinder000tre
Ryan Webb*,19,2018,Georgia,SEC,1,5,0.167,4.39,22,7,,0,0,4,53.1,48,28,26,3,29,5,48,5,2,3,238,1.444,8.1,0.5,4.9,8.1,1.66,,player.fcgi?id=webb--003rya
Chase Adkins,22,2017,Georgia,SEC,6,7,0.462,3.95,15,14,,1,1,0,79.2,71,36,35,7,28,0,60,10,1,6,341,1.243,8,0.8,3.2,6.8,2.14,,player.fcgi?id=adkins005cha
Ryan Avidano*,21,2017,Georgia,SEC,2,2,0.5,7.77,18,1,,0,0,0,24.1,28,25,21,3,19,0,29,1,0,4,123,1.932,10.4,1.1,7,10.7,1.53,,player.fcgi?id=avidan000rya
Tucker Bradley*,19,2017,Georgia,SEC,0,0,,3.52,7,0,,0,0,1,7.2,6,4,3,0,8,1,11,4,0,0,40,1.826,7,0,9.4,12.9,1.38,,player.fcgi?id=bradle000tuc
Blakely Brown,20,2017,Georgia,SEC,0,2,0,6.92,16,2,,0,0,0,26,26,24,20,2,10,2,29,4,0,11,119,1.385,9,0.7,3.5,10,2.9,,player.fcgi?id=brown-003bla
Blake Cairnes,21,2017,Georgia,SEC,1,1,0.5,5.06,17,0,,0,0,5,21.1,22,12,12,3,8,1,30,0,0,3,94,1.406,9.3,1.3,3.4,12.7,3.75,,player.fcgi?id=cairne000bla
Tim Elliott,19,2017,Georgia,SEC,1,0,1,5.93,15,0,,0,0,0,13.2,10,9,9,1,13,0,10,1,0,3,65,1.683,6.6,0.7,8.6,6.6,0.77,,player.fcgi?id=elliot000tim
Andrew Gist*,22,2017,Georgia,SEC,3,4,0.429,3.8,17,11,,0,0,1,73.1,70,34,31,5,19,1,79,3,0,4,308,1.214,8.6,0.6,2.3,9.7,4.16,,player.fcgi?id=gist--000and
Justin Glover*,18,2017,Georgia,SEC,1,2,0.333,3.94,13,2,,0,0,1,16,12,9,7,1,10,0,14,0,0,1,72,1.375,6.8,0.6,5.6,7.9,1.4,,player.fcgi?id=glover003jus
Adam Goodman*,20,2017,Georgia,SEC,0,0,,3.18,8,0,,0,0,1,5.2,5,3,2,0,5,0,6,2,0,1,29,1.765,7.9,0,7.9,9.5,1.2,,player.fcgi?id=goodma000ada
Zac Kristofak,19,2017,Georgia,SEC,3,1,0.75,5.24,26,3,,0,0,2,44.2,46,27,26,4,19,4,38,3,1,6,202,1.455,9.3,0.8,3.8,7.7,2,,player.fcgi?id=kristo000zac
Tony Locey,18,2017,Georgia,SEC,2,4,0.333,6.38,16,8,,0,0,0,42.1,41,31,30,4,31,0,37,8,2,10,202,1.701,8.7,0.9,6.6,7.9,1.19,,player.fcgi?id=locey-000ton
Drew Moody,22,2017,Georgia,SEC,0,0,,4.83,18,2,,0,0,2,31.2,39,20,17,3,6,0,16,4,0,2,144,1.421,11.1,0.9,1.7,4.5,2.67,,player.fcgi?id=moody-000dre
Christian Ryder,19,2017,Georgia,SEC,0,2,0,6.86,12,2,,0,0,1,19.2,23,21,15,5,7,0,15,4,0,3,95,1.525,10.5,2.3,3.2,6.9,2.14,,player.fcgi?id=ryder-000chr
Aaron Schunk,19,2017,Georgia,SEC,0,0,,,1,0,,0,0,0,0,1,0,0,0,0,0,0,0,0,0,1,,,,,,,,player.fcgi?id=schunk000aar
Shaefer Shepard,23,2017,Georgia,SEC,0,2,0,5.3,12,0,,0,0,0,18.2,19,12,11,1,11,0,19,3,0,4,90,1.607,9.2,0.5,5.3,9.2,1.73,,player.fcgi?id=shepar000sha
Kevin Smith*,20,2017,Georgia,SEC,5,5,0.5,4.87,20,12,,0,0,2,61,67,37,33,4,31,2,67,2,0,7,274,1.607,9.9,0.6,4.6,9.9,2.16,,player.fcgi?id=smith-012kev
Trevor Tinder,22,2017,Georgia,SEC,0,0,,2.45,5,0,,0,0,0,3.2,6,1,1,0,2,0,2,1,0,0,19,2.182,14.7,0,4.9,4.9,1,,player.fcgi?id=tinder000tre
Shane Tucker?,--,2017,Georgia,SEC,1,0,1,4.76,10,0,,0,0,0,11.1,9,6,6,2,7,0,13,3,0,3,53,1.412,7.1,1.6,5.6,10.3,1.86,,player.fcgi?id=tucker000sha
James Williams,19,2017,Georgia,SEC,0,0,,10.8,2,0,,0,0,0,1.2,3,2,2,0,3,0,2,0,0,1,11,3.6,16.2,0,16.2,10.8,0.67,,player.fcgi?id=willia034jam
Addison Albright*,19,2016,Georgia,SEC,0,0,,1.8,7,0,,0,0,0,10,9,2,2,2,8,0,4,0,0,3,46,1.7,8.1,1.8,7.2,3.6,0.5,,player.fcgi?id=albrig000add
Blakely Brown,19,2016,Georgia,SEC,2,2,0.5,10.7,14,1,,0,0,1,17.2,22,21,21,2,17,1,24,2,0,6,91,2.208,11.2,1,8.7,12.2,1.41,,player.fcgi?id=brown-003bla
Blake Cairnes,20,2016,Georgia,SEC,0,1,0,3.6,18,0,,0,0,2,30,27,12,12,6,5,0,25,1,1,0,118,1.067,8.1,1.8,1.5,7.5,5,,player.fcgi?id=cairne000bla
Andrew Gist*,21,2016,Georgia,SEC,3,2,0.6,5.18,15,6,,0,0,0,48.2,51,30,28,3,14,0,37,2,0,2,209,1.336,9.4,0.6,2.6,6.8,2.64,,player.fcgi?id=gist--000and
Adam Goodman*,19,2016,Georgia,SEC,0,0,,12.86,7,0,,0,0,0,7,13,10,10,4,1,0,4,1,0,2,37,2,16.7,5.1,1.3,5.1,4,,player.fcgi?id=goodma000ada
Heath Holder,23,2016,Georgia,SEC,4,5,0.444,3.68,19,11,,0,0,1,71,43,34,29,5,46,2,79,10,3,11,311,1.254,5.5,0.6,5.8,10,1.72,,player.fcgi?id=holder000hea
Connor Jones*,21,2016,Georgia,SEC,5,6,0.455,4.66,15,13,,0,0,0,75.1,70,53,39,7,37,1,74,6,2,19,341,1.42,8.4,0.8,4.4,8.8,2,,player.fcgi?id=jones-004con
Mike Mancuso,23,2016,Georgia,SEC,0,0,,7.56,8,0,,0,0,0,8.1,10,9,7,2,8,0,7,2,0,0,46,2.16,10.8,2.2,8.6,7.6,0.88,,player.fcgi?id=mancus000mic
Drew Moody,21,2016,Georgia,SEC,2,3,0.4,4.47,22,0,,0,0,3,44.1,55,28,22,7,6,1,33,2,0,2,193,1.376,11.2,1.4,1.2,6.7,5.5,,player.fcgi?id=moody-000dre
Kevin Smith*,19,2016,Georgia,SEC,5,1,0.833,3.91,13,7,,0,0,0,46,43,22,20,2,21,0,40,7,0,3,207,1.391,8.4,0.4,4.1,7.8,1.9,,player.fcgi?id=smith-012kev
Trevor Tinder,21,2016,Georgia,SEC,0,0,,4,6,0,,0,0,0,9,3,4,4,0,8,0,9,1,0,1,42,1.222,3,0,8,9,1.13,,player.fcgi?id=tinder000tre
Bo Tucker*,21,2016,Georgia,SEC,3,4,0.429,3.71,19,4,,0,0,3,53.1,50,31,22,4,23,0,51,1,1,7,237,1.369,8.4,0.7,3.9,8.6,2.22,,player.fcgi?id=tucker000bo-
Shane Tucker?,--,2016,Georgia,SEC,0,1,0,6.43,12,1,,0,0,0,14,13,10,10,1,18,0,13,1,2,5,71,2.214,8.4,0.6,11.6,8.4,0.72,,player.fcgi?id=tucker000sha
Robert Tyler,21,2016,Georgia,SEC,3,5,0.375,4.1,14,14,,1,0,0,74.2,53,38,34,5,46,0,89,3,0,7,322,1.326,6.4,0.6,5.5,10.7,1.93,,player.fcgi?id=tyler-004rob
Sam Vaughn,20,2016,Georgia,SEC,0,0,,5.4,3,0,,0,0,0,1.2,3,1,1,0,0,0,0,0,0,1,7,1.8,16.2,0,0,0,,,player.fcgi?id=vaughn000sam
Austin Wallace,22,2016,Georgia,SEC,0,0,,18,3,0,,0,0,0,1,2,2,2,1,3,0,0,0,0,1,8,5,18,9,27,0,0,,player.fcgi?id=wallac001aus
Ryan Avidano*,19,2015,Georgia,SEC,3,2,0.6,8.62,12,5,,,0,0,31.1,42,33,30,5,16,0,19,2,0,6,154,1.851,12.1,1.4,4.6,5.5,1.19,,player.fcgi?id=avidan000rya
Jared Cheek,22,2015,Georgia,SEC,2,2,0.5,2.34,24,0,,,0,6,34.2,29,9,9,0,16,1,31,3,0,0,149,1.298,7.5,0,4.2,8,1.94,,player.fcgi?id=cheek-000jar
Max Ford,19,2015,Georgia,SEC,0,0,,0,1,0,,,0,0,1.1,0,0,0,0,0,0,2,0,0,0,4,0,0,0,0,13.5,,,player.fcgi?id=ford--000max
Blake Hamilton,--,2015,Georgia,SEC,0,1,0,12,3,1,,,0,0,3,5,6,4,0,4,0,1,2,1,1,18,3,15,0,12,3,0.25,,player.fcgi?id=hamilt000bla
Taylor Hicks,23,2015,Georgia,SEC,0,0,,1.52,16,1,,,0,0,29.2,23,5,5,0,9,0,23,2,2,4,116,1.079,7,0,2.7,7,2.56,,player.fcgi?id=hicks-000tay
Connor Jones*,20,2015,Georgia,SEC,0,2,0,11.05,10,0,,,0,1,7.1,6,11,9,1,14,0,6,1,1,0,44,2.727,7.4,1.2,17.2,7.4,0.43,,player.fcgi?id=jones-004con
Ryan Lawlor*,21,2015,Georgia,SEC,5,7,0.417,3.67,14,14,,,0,0,73.2,63,42,30,5,33,0,84,5,0,6,327,1.303,7.7,0.6,4,10.3,2.55,,player.fcgi?id=lawlor000rya
Mike Mancuso,22,2015,Georgia,SEC,0,1,0,2.25,15,2,,,0,0,28,27,8,7,2,7,0,21,0,0,2,118,1.214,8.7,0.6,2.3,6.8,3,,player.fcgi?id=mancus000mic
Sean McLaughlin,21,2015,Georgia,SEC,4,5,0.444,4.67,15,9,,,0,0,71.1,76,41,37,4,31,2,57,9,1,1,320,1.5,9.6,0.5,3.9,7.2,1.84,,player.fcgi?id=mclaug000sea
Drew Moody,20,2015,Georgia,SEC,0,1,0,6.52,8,0,,,0,0,9.2,13,7,7,0,3,0,9,2,0,0,43,1.655,12.1,0,2.8,8.4,3,,player.fcgi?id=moody-000dre
David Sosebee,21,2015,Georgia,SEC,4,3,0.571,2.98,11,8,,,0,0,54.1,47,18,18,4,21,1,55,6,1,2,230,1.252,7.8,0.7,3.5,9.1,2.62,,player.fcgi?id=sosebe000dav
Bo Tucker*,20,2015,Georgia,SEC,1,1,0.5,2.03,19,0,,,0,1,31,19,8,7,2,16,1,28,1,0,4,129,1.129,5.5,0.6,4.6,8.1,1.75,,player.fcgi?id=tucker000bo-
Robert Tyler,20,2015,Georgia,SEC,1,1,0.5,5.32,6,6,,,0,0,23.2,22,22,14,2,11,0,29,0,0,6,107,1.394,8.4,0.8,4.2,11,2.64,,player.fcgi?id=tyler-004rob
Austin Wallace,21,2015,Georgia,SEC,0,0,,7.94,6,0,,,0,0,5.2,8,5,5,2,5,0,6,0,0,2,31,2.294,12.7,3.2,7.9,9.5,1.2,,player.fcgi?id=wallac001aus
Jared Walsh*,21,2015,Georgia,SEC,5,2,0.714,2.6,14,8,,,0,0,55.1,35,21,16,1,35,0,44,6,0,3,236,1.265,5.7,0.2,5.7,7.2,1.26,,player.fcgi?id=walsh-000jar
Zach Waters,--,2015,Georgia,SEC,1,0,1,5.85,16,0,,,0,0,20,21,17,13,2,10,0,7,7,2,0,98,1.55,9.5,0.9,4.5,3.2,0.7,,player.fcgi?id=waters000zac
Pat Boling*,23,2014,Georgia,SEC,3,4,0.429,4.94,13,10,,,0,0,47.1,53,35,26,1,27,0,26,7,1,4,227,1.69,10.1,0.2,5.1,4.9,0.96,,player.fcgi?id=boling000pat
Jarrett Brown*,21,2014,Georgia,SEC,1,1,0.5,6.67,19,1,,,0,0,27,35,21,20,2,15,1,11,2,2,8,133,1.852,11.7,0.7,5,3.7,0.73,,player.fcgi?id=brown-003jar
Jared Cheek,21,2014,Georgia,SEC,5,6,0.455,4.09,22,1,,,0,3,44,42,24,20,1,15,3,31,3,0,8,192,1.295,8.6,0.2,3.1,6.3,2.07,,player.fcgi?id=cheek-000jar
Dylan Cole?,--,2014,Georgia,SEC,1,0,1,4.78,20,3,,,0,0,32,29,17,17,3,10,2,15,3,0,4,135,1.219,8.2,0.8,2.8,4.2,1.5,,player.fcgi?id=cole--000dyl
Luke Crumley,22,2014,Georgia,SEC,1,0,1,9.64,8,3,,,0,0,14,23,17,15,0,8,0,7,5,0,4,75,2.214,14.8,0,5.1,4.5,0.88,,player.fcgi?id=crumle000luk
Grant Earls?,--,2014,Georgia,SEC,0,0,,0,1,0,,,0,0,1,0,0,0,0,1,0,0,0,0,0,3,1,0,0,9,0,0,,player.fcgi?id=earls-000gra
David Gonzalez,20,2014,Georgia,SEC,0,0,,2.19,12,0,,,0,0,12.1,15,6,3,0,3,0,5,0,0,3,56,1.459,10.9,0,2.2,3.6,1.67,,player.fcgi?id=gonzal005dav
Taylor Hicks,22,2014,Georgia,SEC,0,0,,0,2,0,,,0,0,1,2,0,0,0,2,0,1,0,0,0,7,4,18,0,18,9,0.5,,player.fcgi?id=hicks-000tay
Heath Holder,21,2014,Georgia,SEC,0,1,0,2.25,7,0,,,0,0,8,2,2,2,1,5,0,9,1,0,0,31,0.875,2.3,1.1,5.6,10.1,1.8,,player.fcgi?id=holder000hea
Connor Jones*,19,2014,Georgia,SEC,0,0,,3.6,6,0,,,0,0,5,3,2,2,0,7,0,4,0,0,1,23,2,5.4,0,12.6,7.2,0.57,,player.fcgi?id=jones-004con
Ryan Lawlor*,20,2014,Georgia,SEC,4,6,0.4,4.22,14,14,,,0,0,81,84,46,38,2,26,0,56,8,0,6,344,1.358,9.3,0.2,2.9,6.2,2.15,,player.fcgi?id=lawlor000rya
Mike Mancuso,21,2014,Georgia,SEC,0,0,,12.38,7,1,,,0,0,8,14,13,11,1,4,0,6,0,0,0,43,2.25,15.8,1.1,4.5,6.8,1.5,,player.fcgi?id=mancus000mic
Sean McLaughlin,20,2014,Georgia,SEC,0,1,0,8.38,3,3,,,0,0,9.2,13,9,9,1,5,0,5,2,0,0,47,1.862,12.1,0.9,4.7,4.7,1,,player.fcgi?id=mclaug000sea
Drew Moody,19,2014,Georgia,SEC,0,0,,3.09,8,0,,,0,0,11.2,19,8,4,0,3,0,11,1,0,1,61,1.886,14.7,0,2.3,8.5,3.67,,player.fcgi?id=moody-000dre
Pete Nagel?,--,2014,Georgia,SEC,1,0,1,7.56,16,0,,,0,1,16.2,17,14,14,1,17,2,21,0,0,7,81,2.04,9.2,0.5,9.2,11.3,1.24,,player.fcgi?id=nagel-000pet
Ross Ripple?,--,2014,Georgia,SEC,2,1,0.667,3.82,17,0,,,0,0,35.1,27,16,15,2,25,1,22,1,0,10,155,1.472,6.9,0.5,6.4,5.6,0.88,,player.fcgi?id=ripple000ros
David Sosebee,20,2014,Georgia,SEC,1,4,0.2,3.12,17,5,,,0,1,57.2,59,22,20,2,23,3,36,4,1,6,248,1.422,9.2,0.3,3.6,5.6,1.57,,player.fcgi?id=sosebe000dav
Robert Tyler,19,2014,Georgia,SEC,6,4,0.6,2.68,15,12,,,1,0,80.2,60,34,24,1,22,0,64,3,1,5,332,1.017,6.7,0.1,2.5,7.1,2.91,,player.fcgi?id=tyler-004rob
Jared Walsh*,20,2014,Georgia,SEC,1,1,0.5,6,4,3,,,0,0,9,14,7,6,1,6,0,7,0,0,2,45,2.222,14,1,6,7,1.17,,player.fcgi?id=walsh-000jar
Bryan Benzor?,--,2013,Georgia,SEC,3,2,0.6,5.67,18,7,,,0,0,46,56,33,29,1,15,0,21,8,0,3,205,1.543,11,0.2,2.9,4.1,1.4,,player.fcgi?id=benzor000bry
Palmer Betts,19,2013,Georgia,SEC,0,0,,9.72,10,0,,,0,0,8.1,15,10,9,0,6,0,1,1,0,4,47,2.52,16.2,0,6.5,1.1,0.17,,player.fcgi?id=betts-002wil
Pat Boling*,22,2013,Georgia,SEC,3,7,0.3,4.17,22,11,,,0,0,82,85,47,38,6,35,0,81,5,1,5,365,1.463,9.3,0.7,3.8,8.9,2.31,,player.fcgi?id=boling000pat
Jarrett Brown*,20,2013,Georgia,SEC,0,0,,2.89,26,0,,,0,3,28,23,13,9,1,16,0,18,3,1,2,125,1.393,7.4,0.3,5.1,5.8,1.13,,player.fcgi?id=brown-003jar
Dylan Cole?,--,2013,Georgia,SEC,0,0,,1.96,22,0,,,0,4,23,17,6,5,0,2,0,15,0,0,1,88,0.826,6.7,0,0.8,5.9,7.5,,player.fcgi?id=cole--000dyl
Luke Crumley,21,2013,Georgia,SEC,1,4,0.2,8.23,12,6,,,0,0,27.1,41,25,25,5,7,0,14,4,0,1,131,1.756,13.5,1.6,2.3,4.6,2,,player.fcgi?id=crumle000luk
Blake Dieterich?,--,2013,Georgia,SEC,2,3,0.4,3.51,20,2,,,0,1,41,32,18,16,0,14,2,32,8,0,3,176,1.122,7,0,3.1,7,2.29,,player.fcgi?id=dieter000bla
Grant Earls?,--,2013,Georgia,SEC,0,0,,13.5,4,0,,,0,0,3.1,5,5,5,0,6,0,1,3,0,5,22,3.3,13.5,0,16.2,2.7,0.17,,player.fcgi?id=earls-000gra
David Gonzalez,19,2013,Georgia,SEC,1,2,0.333,7.58,9,8,,,0,0,19,25,17,16,0,18,0,9,1,0,3,95,2.263,11.8,0,8.5,4.3,0.5,,player.fcgi?id=gonzal005dav
Heath Holder,20,2013,Georgia,SEC,0,1,0,10.66,12,0,,,0,0,12.2,20,16,15,0,7,0,6,3,0,4,64,2.132,14.2,0,5,4.3,0.86,,player.fcgi?id=holder000hea
Mike Mancuso,20,2013,Georgia,SEC,1,1,0.5,3.14,17,0,,,0,0,28.2,18,10,10,4,7,0,16,2,0,1,110,0.872,5.7,1.3,2.2,5,2.29,,player.fcgi?id=mancus000mic
Sean McLaughlin,19,2013,Georgia,SEC,5,6,0.455,3.28,13,13,,,0,0,74,70,31,27,2,23,0,49,6,0,8,309,1.257,8.5,0.2,2.8,6,2.13,,player.fcgi?id=mclaug000sea
J.T. Phillips,19,2013,Georgia,SEC,0,0,,27,2,0,,,0,0,1,3,3,3,0,4,1,1,0,1,3,9,7,27,0,36,9,0.25,,player.fcgi?id=philli000jt-
Jess Posey,19,2013,Georgia,SEC,0,0,,9,1,0,,,0,0,1,1,1,1,0,0,0,0,0,0,0,4,1,9,0,0,0,,,player.fcgi?id=posey-000jes
Ross Ripple?,--,2013,Georgia,SEC,3,1,0.75,3.53,23,0,,,0,0,35.2,32,15,14,1,14,0,27,4,0,3,147,1.29,8.1,0.3,3.5,6.8,1.93,,player.fcgi?id=ripple000ros
Austin Wallace,19,2013,Georgia,SEC,0,1,0,8.1,3,1,,,0,0,3.1,8,3,3,1,2,0,3,0,1,2,19,3,21.6,2.7,5.4,8.1,1.5,,player.fcgi?id=wallac001aus
Jared Walsh*,19,2013,Georgia,SEC,2,4,0.333,3.35,17,5,,,0,3,37.2,31,18,14,0,29,0,41,4,1,10,170,1.593,7.4,0,6.9,9.8,1.41,,player.fcgi?id=walsh-000jar
Ben Ancheff,20,2012,Georgia,SEC,0,0,,9,3,0,,,0,0,2,1,2,2,0,1,0,2,3,0,0,11,1,4.5,0,4.5,9,2,,player.fcgi?id=anchef000ben
Bryan Benzor?,--,2012,Georgia,SEC,5,4,0.556,4.95,26,0,,,0,2,36.1,47,21,20,3,11,1,35,3,0,9,168,1.596,11.6,0.7,2.7,8.7,3.18,,player.fcgi?id=benzor000bry
Jarrett Brown*,19,2012,Georgia,SEC,0,0,,3.65,15,0,,,0,0,12.1,14,5,5,0,7,0,9,0,0,1,57,1.703,10.2,0,5.1,6.6,1.29,,player.fcgi?id=brown-003jar
Luke Crumley,20,2012,Georgia,SEC,3,2,0.6,3.86,21,5,,,0,0,37.1,31,17,16,4,18,0,21,5,1,5,162,1.313,7.5,1,4.3,5.1,1.17,,player.fcgi?id=crumle000luk
Earl Daniels?,--,2012,Georgia,SEC,1,1,0.5,4.02,18,0,,,0,1,15.2,13,9,7,0,15,0,20,0,2,4,71,1.787,7.5,0,8.6,11.5,1.33,,player.fcgi?id=daniel002ear
Blake Dieterich?,--,2012,Georgia,SEC,3,4,0.429,3.52,27,2,,,0,7,46,43,23,18,2,13,0,32,4,0,2,194,1.217,8.4,0.4,2.5,6.3,2.46,,player.fcgi?id=dieter000bla
Chase Hawkins?,--,2012,Georgia,SEC,2,0,1,2.52,26,0,,,0,0,35.2,33,10,10,0,5,0,23,4,0,1,143,1.065,8.3,0,1.3,5.8,4.6,,player.fcgi?id=hawkin003cha
Taylor Hicks,20,2012,Georgia,SEC,2,2,0.5,6,7,6,,,0,0,18,24,13,12,1,5,0,12,3,0,5,84,1.611,12,0.5,2.5,6,2.4,,player.fcgi?id=hicks-000tay
Pete Nagel?,--,2012,Georgia,SEC,1,1,0.5,3.78,23,7,,,0,3,52.1,41,26,22,3,19,1,41,4,1,10,220,1.146,7.1,0.5,3.3,7.1,2.16,,player.fcgi?id=nagel-000pet
Mike Palazzone,23,2012,Georgia,SEC,2,7,0.222,4.96,16,14,,,0,0,85.1,101,52,47,10,15,1,70,4,0,5,367,1.359,10.7,1.1,1.6,7.4,4.67,,player.fcgi?id=palazz001mic
Ross Ripple?,--,2012,Georgia,SEC,2,0,1,5,16,0,,,0,0,18,28,11,10,2,3,0,10,3,0,3,84,1.722,14,1,1.5,5,3.33,,player.fcgi?id=ripple000ros
Jesse Scott?,--,2012,Georgia,SEC,0,0,,6.75,4,0,,,0,0,2.2,2,3,2,0,5,0,4,1,0,1,14,2.625,6.8,0,16.9,13.5,0.8,,player.fcgi?id=scott-000jes
David Sosebee,18,2012,Georgia,SEC,2,1,0.667,5.82,9,8,,,0,0,17,22,11,11,1,7,0,2,1,1,1,77,1.706,11.6,0.5,3.7,1.1,0.29,,player.fcgi?id=sosebe000dav
Jay Swinford?,--,2012,Georgia,SEC,1,1,0.5,2.01,22,0,,,0,0,31.1,26,8,7,2,10,1,14,2,0,1,121,1.149,7.5,0.6,2.9,4,1.4,,player.fcgi?id=swinfo000jay
Alex Wood*,21,2012,Georgia,SEC,7,3,0.7,2.73,16,15,,,0,0,102.1,95,32,31,4,21,1,100,9,1,4,415,1.134,8.4,0.4,1.8,8.8,4.76,,player.fcgi?id=wood--000ale
Bryan Benzor?,--,2011,Georgia,SEC,,,,3.73,,0,,,0,,31.1,26,13,13,,11,,16,,,,,1.181,7.5,,3.2,4.6,1.45,,player.fcgi?id=benzor000bry
Pat Boling*,20,2011,Georgia,SEC,,,,5.63,,3,,,0,,24,31,15,15,,22,,29,,,,,2.208,11.6,,8.3,10.9,1.32,,player.fcgi?id=boling000pat
Ben Cornwell,22,2011,Georgia,SEC,,,,5.4,,7,,,0,,33.1,39,24,20,,18,,22,,,,,1.71,10.5,,4.9,5.9,1.22,,player.fcgi?id=cornwe000ben
Earl Daniels?,--,2011,Georgia,SEC,,,,5.81,,1,,,0,,26.1,31,19,17,,17,,23,,,,,1.823,10.6,,5.8,7.9,1.35,,player.fcgi?id=daniel002ear
Blake Dieterich?,--,2011,Georgia,SEC,,,,3.63,,4,,,0,,62,73,29,25,,19,,45,,,,,1.484,10.6,,2.8,6.5,2.37,,player.fcgi?id=dieter000bla
Craig Gullickson?,--,2011,Georgia,SEC,,,,7.92,,11,,,0,,44.1,68,46,39,,23,,24,,,,,2.053,13.8,,4.7,4.9,1.04,,player.fcgi?id=gullic000cra
Chase Hawkins?,--,2011,Georgia,SEC,,,,4.82,,8,,,0,,56,68,33,30,,8,,21,,,,,1.357,10.9,,1.3,3.4,2.63,,player.fcgi?id=hawkin003cha
John Herman?,--,2011,Georgia,SEC,,,,6.45,,0,,,0,,22.1,14,17,16,,13,,11,,,,,1.209,5.6,,5.2,4.4,0.85,,player.fcgi?id=herman007joh
Tyler Maloof,21,2011,Georgia,SEC,,,,6.75,,0,,,0,,29.1,29,23,22,,18,,25,,,,,1.602,8.9,,5.5,7.7,1.39,,player.fcgi?id=maloof000tyl
Clayton McKenney?,--,2011,Georgia,SEC,,,,18,,0,,,0,,3,7,6,6,,2,,1,,,,,3,21,,6,3,0.5,,player.fcgi?id=mckenn000cla
Mike Palazzone,22,2011,Georgia,SEC,,,,3.12,,16,,,0,,121,121,53,42,,11,,78,,,,,1.091,9,,0.8,5.8,7.09,,player.fcgi?id=palazz001mic
Kevin Ruiz?,--,2011,Georgia,SEC,,,,4.5,,0,,,0,,4,3,3,2,,2,,2,,,,,1.25,6.8,,4.5,4.5,1,,player.fcgi?id=ruiz--000kev
Eric Swegman,22,2011,Georgia,SEC,,,,6.16,,0,,,0,,19,20,14,13,,16,,11,,,,,1.895,9.5,,7.6,5.2,0.69,,player.fcgi?id=swegma001eri
Cecil Tanner,21,2011,Georgia,SEC,,,,1.69,,0,,,0,,5.1,2,1,1,,10,,3,,,,,2.25,3.4,,16.9,5.1,0.3,,player.fcgi?id=tanner001cec
Alex Wood*,20,2011,Georgia,SEC,,,,4.41,,15,,,0,,102,116,61,50,,25,,79,,,,,1.382,10.2,,2.2,7,3.16,,player.fcgi?id=wood--000ale
Tucker Hawley?,--,2011,Alabama,SEC,,,,3.6,,7,,,1,,50,46,21,20,,7,,31,,,,,1.06,8.3,,1.3,5.6,4.43,,player.fcgi?id=hawley000tuc
Nathan Kennedy?,--,2011,Alabama,SEC,,,,3.94,,0,,,0,,16,20,11,7,,7,,9,,,,,1.688,11.3,,3.9,5.1,1.29,,player.fcgi?id=kenned002nat
Nathan Kilcrease,21,2011,Alabama,SEC,,,,3.12,,16,,,1,,101,100,45,35,,28,,88,,,,,1.267,8.9,,2.5,7.8,3.14,,player.fcgi?id=kilcre000nat
Adam Morgan*,21,2011,Alabama,SEC,,,,4.64,,16,,,0,,97,104,54,50,,26,,77,,,,,1.34,9.6,,2.4,7.1,2.96,,player.fcgi?id=morgan000ada
Case Nixon?,--,2011,Alabama,SEC,,,,18,,0,,,0,,2,2,4,4,,6,,0,,,,,4,9,,27,0,0,,player.fcgi?id=nixon-000cas
Trey Pilkington?,--,2011,Alabama,SEC,,,,4.7,,3,,,0,,46,49,25,24,,13,,20,,,,,1.348,9.6,,2.5,3.9,1.54,,player.fcgi?id=pilkin000tre
Josh Rosecrans?,--,2011,Alabama,SEC,,,,5.23,,0,,,0,,10.1,15,7,6,,4,,5,,,,,1.839,13.1,,3.5,4.4,1.25,,player.fcgi?id=rosecr000jos
Jay Shaw,19,2011,Alabama,SEC,,,,4.35,,0,,,0,,10.1,10,5,5,,2,,8,,,,,1.161,8.7,,1.7,7,4,,player.fcgi?id=shaw--000jay
Jonathan Smart?,--,2011,Alabama,SEC,,,,2.48,,7,,,0,,87,88,28,24,,15,,43,,,,,1.184,9.1,,1.6,4.4,2.87,,player.fcgi?id=smart-002jon
Charley Sullivan,20,2011,Alabama,SEC,,,,2.87,,2,,,0,,31.1,37,14,10,,11,,23,,,,,1.532,10.6,,3.2,6.6,2.09,,player.fcgi?id=sulliv006cha
Troy Sutherland?,--,2011,Alabama,SEC,,,,inf,,0,,,0,,0,0,3,3,,3,,0,,,,,,,,,,0,,player.fcgi?id=suther000tro
Brett Whitaker?,--,2011,Alabama,SEC,,,,3.79,,0,,,0,,19,17,10,8,,8,,19,,,,,1.316,8.1,,3.8,9,2.38,,player.fcgi?id=whitak000bre
Adam Windsor?,--,2011,Alabama,SEC,,,,5.73,,4,,,0,,33,35,26,21,,9,,10,,,,,1.333,9.5,,2.5,2.7,1.11,,player.fcgi?id=windso000ada
Taylor Wolfe?,--,2011,Alabama,SEC,,,,4.15,,8,,,0,,52,42,26,24,,21,,51,,,,,1.212,7.3,,3.6,8.8,2.43,,player.fcgi?id=wolfe-000tay
Jason Zylstra,23,2011,Alabama,SEC,,,,0,,0,,,0,,3,1,2,0,,3,,1,,,,,1.333,3,,9,3,0.33,,player.fcgi?id=zylstr001jas
Cary Baxter?,--,2012,Alabama,SEC,0,2,0,6.75,6,1,,,0,0,12,12,11,9,0,13,0,8,1,0,0,61,2.083,9,0,9.8,6,0.62,,player.fcgi?id=baxter000car
Ian Gardeck,21,2012,Alabama,SEC,1,2,0.333,5.84,13,0,,,0,1,12.1,11,8,8,1,12,1,16,0,0,2,57,1.865,8,0.7,8.8,11.7,1.33,,player.fcgi?id=gardec000ian
Taylor Guilbeau*,19,2012,Alabama,SEC,4,2,0.667,5.51,16,8,,,0,0,47.1,50,33,29,6,34,3,39,9,0,3,224,1.775,9.5,1.1,6.5,7.4,1.15,,player.fcgi?id=guilbe000tay
Brandt Hendricks?,--,2012,Alabama,SEC,0,0,,27,2,0,,,0,0,1.2,5,5,5,1,1,0,0,0,0,0,11,3.6,27,5.4,5.4,0,0,,player.fcgi?id=hendri003bra
Jake Hubbard?,--,2012,Alabama,SEC,3,2,0.6,3.1,29,0,,,0,3,40.2,36,18,14,0,17,4,33,2,0,2,176,1.303,8,0,3.8,7.3,1.94,,player.fcgi?id=hubbar000jak
Justin Kamplain*,19,2012,Alabama,SEC,1,4,0.2,3.71,15,9,,,0,0,63,59,38,26,4,34,1,46,8,3,6,283,1.476,8.4,0.6,4.9,6.6,1.35,,player.fcgi?id=kampla000wil
Jon Keller*,19,2012,Alabama,SEC,2,5,0.286,3.74,20,9,,,0,0,67.1,64,31,28,6,23,2,43,6,1,3,289,1.292,8.6,0.8,3.1,5.7,1.87,,player.fcgi?id=keller002jon
Nathan Kennedy?,--,2012,Alabama,SEC,0,1,0,9,5,0,,,0,0,5,11,5,5,0,1,0,6,0,0,2,27,2.4,19.8,0,1.8,10.8,6,,player.fcgi?id=kenned002nat
Case Nixon?,--,2012,Alabama,SEC,2,1,0.667,4.57,10,3,,,0,0,21.2,18,12,11,1,13,0,16,1,1,3,96,1.431,7.5,0.4,5.4,6.6,1.23,,player.fcgi?id=nixon-000cas
Chazz Otwell?,--,2012,Alabama,SEC,1,0,1,7.2,6,0,,,0,0,10,9,9,8,3,7,0,7,1,0,2,45,1.6,8.1,2.7,6.3,6.3,1,,player.fcgi?id=otwell000cha
Trey Pilkington?,--,2012,Alabama,SEC,2,3,0.4,6.07,19,4,,,0,2,43,54,35,29,2,12,1,28,2,0,1,200,1.535,11.3,0.4,2.5,5.9,2.33,,player.fcgi?id=pilkin000tre
Josh Rosecrans?,--,2012,Alabama,SEC,0,2,0,4.05,5,0,,,0,0,6.2,6,3,3,0,7,1,4,3,0,2,34,1.95,8.1,0,9.5,5.4,0.57,,player.fcgi?id=rosecr000jos
Jay Shaw,20,2012,Alabama,SEC,1,1,0.5,4.95,18,0,,,0,0,20,20,12,11,1,12,1,9,2,0,1,91,1.6,9,0.5,5.4,4.1,0.75,,player.fcgi?id=shaw--000jay
Charley Sullivan,21,2012,Alabama,SEC,2,3,0.4,5.09,14,11,,,0,0,63.2,81,40,36,5,15,0,34,5,1,1,286,1.508,11.5,0.7,2.1,4.8,2.27,,player.fcgi?id=sulliv006cha
Spencer Turnbull,19,2012,Alabama,SEC,2,6,0.25,5.6,15,10,,,0,0,53,54,34,33,3,26,0,45,7,1,6,243,1.509,9.2,0.5,4.4,7.6,1.73,,player.fcgi?id=turnbu000spe
Adam Windsor?,--,2012,Alabama,SEC,0,0,,13.5,9,0,,,0,0,4.2,14,7,7,1,4,1,7,0,0,2,32,3.857,27,1.9,7.7,13.5,1.75,,player.fcgi?id=windso000ada
Jason Zylstra,24,2012,Alabama,SEC,0,0,,14.73,4,0,,,0,0,3.2,7,6,6,1,2,0,3,0,0,0,20,2.455,17.2,2.5,4.9,7.4,1.5,,player.fcgi?id=zylstr001jas
Ray Castillo,19,2013,Alabama,SEC,2,3,0.4,3.38,26,0,,,0,12,42.2,33,17,16,2,30,2,43,6,0,4,191,1.477,7,0.4,6.3,9.1,1.43,,player.fcgi?id=castil000ray
Mitch Greer,19,2013,Alabama,SEC,2,1,0.667,3.65,11,0,,,0,0,12.1,12,7,5,2,10,0,12,0,0,2,58,1.784,8.8,1.5,7.3,8.8,1.2,,player.fcgi?id=greer-000mit
Taylor Guilbeau*,20,2013,Alabama,SEC,4,2,0.667,3.14,17,7,,,0,0,51.2,43,20,18,1,28,1,39,8,3,6,215,1.374,7.5,0.2,4.9,6.8,1.39,,player.fcgi?id=guilbe000tay
Keaton Haack,19,2013,Alabama,SEC,1,1,0.5,3.44,21,0,,,0,1,34,23,21,13,1,22,1,27,4,0,4,148,1.324,6.1,0.3,5.8,7.1,1.23,,player.fcgi?id=haack-000kea
Tucker Hawley?,--,2013,Alabama,SEC,5,2,0.714,2.93,20,5,,,0,1,46,42,18,15,2,19,4,28,1,0,4,192,1.326,8.2,0.4,3.7,5.5,1.47,,player.fcgi?id=hawley000tuc
Jake Hubbard?,--,2013,Alabama,SEC,1,0,1,3.55,7,0,,,0,3,12.2,16,5,5,0,7,0,9,0,0,2,59,1.816,11.4,0,5,6.4,1.29,,player.fcgi?id=hubbar000jak
Justin Kamplain*,20,2013,Alabama,SEC,1,0,1,4.77,20,6,,,0,2,54.2,44,32,29,5,20,1,50,12,0,3,239,1.171,7.2,0.8,3.3,8.2,2.5,,player.fcgi?id=kampla000wil
Jon Keller*,20,2013,Alabama,SEC,3,6,0.333,5.23,16,9,,,0,0,53.1,61,39,31,3,28,3,55,6,2,3,252,1.669,10.3,0.5,4.7,9.3,1.96,,player.fcgi?id=keller002jon
Mike Oczypok,20,2013,Alabama,SEC,5,2,0.714,3.02,12,5,,,0,0,44.2,43,15,15,0,12,0,28,3,1,4,181,1.231,8.7,0,2.4,5.6,2.33,,player.fcgi?id=oczypo000mik
Trey Pilkington?,--,2013,Alabama,SEC,0,0,,14.73,4,0,,,0,0,3.2,7,6,6,1,2,0,2,1,0,0,21,2.455,17.2,2.5,4.9,4.9,1,,player.fcgi?id=pilkin000tre
Jay Shaw,21,2013,Alabama,SEC,2,1,0.667,1.61,15,0,,,0,1,28,20,5,5,0,15,2,14,5,0,3,115,1.25,6.4,0,4.8,4.5,0.93,,player.fcgi?id=shaw--000jay
Charley Sullivan,22,2013,Alabama,SEC,5,7,0.417,3.82,16,16,,,0,0,94.1,105,45,40,5,26,0,76,3,0,8,402,1.389,10,0.5,2.5,7.3,2.92,,player.fcgi?id=sulliv006cha
Spencer Turnbull,20,2013,Alabama,SEC,4,3,0.571,3.7,15,15,,,1,0,90,92,47,37,2,38,0,51,4,0,9,378,1.444,9.2,0.2,3.8,5.1,1.34,,player.fcgi?id=turnbu000spe
Taylor Wolfe?,--,2013,Alabama,SEC,0,0,,1.5,3,0,,,0,1,6,4,1,1,0,2,0,4,1,1,0,24,1,6,0,3,6,2,,player.fcgi?id=wolfe-000tay
Cary Baxter?,--,2014,Alabama,SEC,0,0,,0,1,0,,,0,0,1,1,0,0,0,0,0,0,0,0,0,3,1,9,0,0,0,,,player.fcgi?id=baxter000car
Geoff Bramblett,19,2014,Alabama,SEC,5,2,0.714,3.4,17,5,,,1,0,47.2,33,18,18,1,19,0,49,4,0,10,195,1.091,6.2,0.2,3.6,9.3,2.58,,player.fcgi?id=brambl000geo
Thomas Burrows*,19,2014,Alabama,SEC,4,2,0.667,2.15,24,0,,,0,11,37.2,24,9,9,1,15,2,34,3,0,0,152,1.035,5.7,0.2,3.6,8.1,2.27,,player.fcgi?id=burrow002tho
Ray Castillo,20,2014,Alabama,SEC,1,0,1,5.09,17,3,,,0,0,35.1,39,22,20,4,20,2,26,5,0,4,169,1.67,9.9,1,5.1,6.6,1.3,,player.fcgi?id=castil000ray
Nick Eicholtz,19,2014,Alabama,SEC,3,2,0.6,3.35,20,9,,,0,0,51,35,21,19,2,33,0,40,12,3,2,227,1.333,6.2,0.4,5.8,7.1,1.21,,player.fcgi?id=eichol000nic
Colton Freeman*,20,2014,Alabama,SEC,0,0,,19.29,3,0,,,0,0,2.1,2,5,5,0,3,0,3,0,0,1,12,2.143,7.7,0,11.6,11.6,1,,player.fcgi?id=freema000col
Mitch Greer,20,2014,Alabama,SEC,0,0,,6.75,11,0,,,0,0,10.2,14,9,8,2,4,0,8,0,2,1,49,1.688,11.8,1.7,3.4,6.8,2,,player.fcgi?id=greer-000mit
Taylor Guilbeau*,21,2014,Alabama,SEC,1,1,0.5,3.65,15,1,,,0,0,24.2,28,14,10,0,17,1,19,3,0,2,119,1.824,10.2,0,6.2,6.9,1.12,,player.fcgi?id=guilbe000tay
Tucker Hawley?,--,2014,Alabama,SEC,4,1,0.8,1.93,13,3,,,0,1,37.1,30,11,8,0,9,1,24,0,0,1,147,1.045,7.2,0,2.2,5.8,2.67,,player.fcgi?id=hawley000tuc
Jake Hubbard?,--,2014,Alabama,SEC,0,0,,7.2,5,1,,,0,0,5,6,6,4,1,3,0,4,0,1,0,24,1.8,10.8,1.8,5.4,7.2,1.33,,player.fcgi?id=hubbar000jak
Justin Kamplain*,21,2014,Alabama,SEC,7,3,0.7,2.9,15,15,,,0,0,90,65,36,29,5,31,0,69,12,0,9,372,1.067,6.5,0.5,3.1,6.9,2.23,,player.fcgi?id=kampla000wil
Jon Keller*,21,2014,Alabama,SEC,5,2,0.714,2.97,14,8,,,0,0,66.2,57,25,22,1,19,0,48,8,2,4,269,1.14,7.7,0.1,2.6,6.5,2.53,,player.fcgi?id=keller002jon
Kyle Overstreet,20,2014,Alabama,SEC,0,1,0,13.5,2,0,,,0,1,1.1,3,2,2,0,1,0,1,0,0,0,8,3,20.3,0,6.8,6.8,1,,player.fcgi?id=overst000kyl
Jay Shaw,22,2014,Alabama,SEC,2,3,0.4,3.48,23,1,,,0,0,41.1,37,17,16,0,20,0,20,0,0,4,179,1.379,8.1,0,4.4,4.4,1,,player.fcgi?id=shaw--000jay
Spencer Turnbull,21,2014,Alabama,SEC,5,7,0.417,2.22,15,15,,,0,0,93.1,61,28,23,3,47,0,61,13,2,9,389,1.157,5.9,0.3,4.5,5.9,1.3,,player.fcgi?id=turnbu000spe
Tyler Adams,20,2015,Alabama,SEC,0,0,,0,1,0,,,0,0,1,0,0,0,0,1,0,2,1,0,1,5,1,0,0,9,18,2,,player.fcgi?id=adams-001tyl
Geoff Bramblett,20,2015,Alabama,SEC,8,3,0.727,3.81,15,15,,,0,0,89.2,88,40,38,11,25,0,69,11,1,4,379,1.26,8.8,1.1,2.5,6.9,2.76,,player.fcgi?id=brambl000geo
Thomas Burrows*,20,2015,Alabama,SEC,1,3,0.25,3.22,27,0,,,0,7,36.1,33,16,13,2,15,1,38,3,0,5,153,1.321,8.2,0.5,3.7,9.4,2.53,,player.fcgi?id=burrow002tho
Will Carter,22,2015,Alabama,SEC,4,6,0.4,5.03,13,11,,,0,0,62.2,75,40,35,1,31,0,41,2,0,7,293,1.691,10.8,0.1,4.5,5.9,1.32,,player.fcgi?id=carter008wil
Ray Castillo,21,2015,Alabama,SEC,3,1,0.75,3.12,24,0,,,0,4,49,41,17,17,2,16,1,46,5,0,2,202,1.163,7.5,0.4,2.9,8.4,2.88,,player.fcgi?id=castil000ray
Nick Eicholtz,20,2015,Alabama,SEC,3,1,0.75,3.65,7,5,,,0,1,24.2,21,10,10,2,17,0,25,5,0,3,111,1.541,7.7,0.7,6.2,9.1,1.47,,player.fcgi?id=eichol000nic
Colton Freeman*,21,2015,Alabama,SEC,0,0,,2.25,5,0,,,0,0,4,1,1,1,0,6,0,6,0,1,3,20,1.75,2.3,0,13.5,13.5,1,,player.fcgi?id=freema000col
Mitch Greer,21,2015,Alabama,SEC,1,1,0.5,3.86,18,0,,,0,0,21,14,9,9,1,10,0,18,4,0,1,87,1.143,6,0.4,4.3,7.7,1.8,,player.fcgi?id=greer-000mit
Taylor Guilbeau*,22,2015,Alabama,SEC,3,6,0.333,3.69,15,15,,,0,0,92.2,81,40,38,3,44,0,79,4,0,7,391,1.349,7.9,0.3,4.3,7.7,1.8,,player.fcgi?id=guilbe000tay
Jake Hubbard?,--,2015,Alabama,SEC,2,2,0.5,6.06,10,2,,,0,0,16.1,16,13,11,0,9,1,17,2,1,3,78,1.531,8.8,0,5,9.4,1.89,,player.fcgi?id=hubbar000jak
Tyler McMurray,19,2015,Alabama,SEC,0,0,,10.8,2,0,,,0,0,1.2,1,2,2,0,3,0,1,0,0,1,9,2.4,5.4,0,16.2,5.4,0.33,,player.fcgi?id=mcmurr000tyl
Zac Rogers,19,2015,Alabama,SEC,0,0,,11.57,6,0,,,0,0,9.1,14,13,12,1,8,0,8,1,0,1,51,2.357,13.5,1,7.7,7.7,1,,player.fcgi?id=rogers001zac
Jay Shaw,23,2015,Alabama,SEC,2,0,1,4.22,19,0,,,0,0,32,27,15,15,3,19,1,28,1,0,7,139,1.438,7.6,0.8,5.3,7.9,1.47,,player.fcgi?id=shaw--000jay
Jake Walters,19,2015,Alabama,SEC,4,4,0.5,3.36,15,10,,,0,1,56.1,49,27,21,0,27,1,62,0,1,5,243,1.349,7.8,0,4.3,9.9,2.3,,player.fcgi?id=walter000jak
Alex Watkins?,--,2015,Alabama,SEC,1,0,1,6.35,16,2,,,0,0,28.1,37,22,20,1,10,0,25,3,0,2,132,1.659,11.8,0.3,3.2,7.9,2.5,,player.fcgi?id=watkin000ale
J.C. Wilhite?,--,2015,Alabama,SEC,0,1,0,3.86,11,0,,,0,2,14,12,6,6,1,7,2,14,1,0,1,60,1.357,7.7,0.6,4.5,9,2,,player.fcgi?id=wilhit000jc-
Tyler Adams,21,2016,Alabama,SEC,0,0,,6.23,6,0,,0,0,0,4.1,6,3,3,0,1,0,4,0,0,2,21,1.615,12.5,0,2.1,8.3,4,,player.fcgi?id=adams-001tyl
Geoff Bramblett,21,2016,Alabama,SEC,5,4,0.556,2.99,15,15,,0,0,0,90.1,75,35,30,5,31,0,74,8,2,9,377,1.173,7.5,0.5,3.1,7.4,2.39,,player.fcgi?id=brambl000geo
Thomas Burrows*,21,2016,Alabama,SEC,2,1,0.667,0.95,21,0,,0,0,12,28.1,19,6,3,1,9,0,41,1,0,0,119,0.988,6,0.3,2.9,13,4.56,,player.fcgi?id=burrow002tho
Kyle Cameron,19,2016,Alabama,SEC,2,2,0.5,7.66,13,1,,0,0,0,24.2,24,23,21,0,14,0,16,3,0,1,116,1.541,8.8,0,5.1,5.8,1.14,,player.fcgi?id=camero000kyl
Ray Castillo,22,2016,Alabama,SEC,0,2,0,5.6,10,2,,0,0,0,17.2,16,11,11,1,10,1,13,2,0,4,77,1.472,8.2,0.5,5.1,6.6,1.3,,player.fcgi?id=castil000ray
Dylan Duarte*,--,2016,Alabama,SEC,2,3,0.4,4.13,21,0,,0,0,3,28.1,35,13,13,2,6,0,17,4,0,2,122,1.447,11.1,0.6,1.9,5.4,2.83,,player.fcgi?id=duarte000dyl
Nick Eicholtz,21,2016,Alabama,SEC,4,3,0.571,2.3,12,12,,0,0,0,66.2,57,27,17,3,22,0,38,2,0,6,281,1.185,7.7,0.4,3,5.1,1.73,,player.fcgi?id=eichol000nic
Sam Finnerty,19,2016,Alabama,SEC,1,1,0.5,5.31,16,0,,0,0,0,20.1,26,13,12,2,4,1,14,1,0,0,92,1.475,11.5,0.9,1.8,6.2,3.5,,player.fcgi?id=finner000sam
Matt Foster,21,2016,Alabama,SEC,5,3,0.625,2.93,25,0,,0,0,2,40,33,14,13,0,16,2,49,0,0,4,166,1.225,7.4,0,3.6,11,3.06,,player.fcgi?id=foster002mat
Colton Freeman*,22,2016,Alabama,SEC,1,0,1,0,7,0,,0,0,0,9.2,4,0,0,0,3,0,18,0,0,0,36,0.724,3.7,0,2.8,16.8,6,,player.fcgi?id=freema000col
Jake Hubbard?,--,2016,Alabama,SEC,1,0,1,1.13,3,2,,0,0,0,8,6,5,1,0,6,0,6,2,0,0,37,1.5,6.8,0,6.8,6.8,1,,player.fcgi?id=hubbar000jak
Jon Keller*,23,2016,Alabama,SEC,2,1,0.667,5.18,15,4,,0,0,1,33,43,22,19,4,12,2,24,2,0,2,145,1.667,11.7,1.1,3.3,6.5,2,,player.fcgi?id=keller002jon
Brock Love,19,2016,Alabama,SEC,0,0,,3.3,11,4,,0,0,0,30,28,11,11,2,8,0,33,1,0,3,122,1.2,8.4,0.6,2.4,9.9,4.13,,player.fcgi?id=love--000bro
Tyler McMurray,20,2016,Alabama,SEC,0,0,,13.5,2,0,,0,0,0,1.1,1,2,2,0,2,0,1,2,0,4,9,2.25,6.8,0,13.5,6.8,0.5,,player.fcgi?id=mcmurr000tyl
Mike Oczypok,23,2016,Alabama,SEC,2,2,0.5,6.38,7,3,,0,0,0,18.1,23,15,13,0,5,0,17,1,0,1,80,1.527,11.3,0,2.5,8.3,3.4,,player.fcgi?id=oczypo000mik
Zac Rogers,20,2016,Alabama,SEC,0,0,,4,6,0,,0,0,0,9,9,5,4,0,4,0,3,0,0,0,39,1.444,9,0,4,3,0.75,,player.fcgi?id=rogers001zac
Jake Walters,20,2016,Alabama,SEC,5,4,0.556,2.67,15,15,,0,0,0,84.1,79,32,25,4,35,0,84,5,1,7,367,1.352,8.4,0.4,3.7,9,2.4,,player.fcgi?id=walter000jak
Tyler Adams,22,2017,Alabama,SEC,0,1,0,2.45,5,0,,0,0,0,3.2,4,1,1,0,6,0,4,1,0,1,22,2.727,9.8,0,14.7,9.8,0.67,,player.fcgi?id=adams-001tyl
Nathan Altstadt?,--,2017,Alabama,SEC,0,0,,27,2,0,,0,0,0,0.2,0,2,2,0,3,0,0,0,0,0,5,4.5,0,0,40.5,0,0,,player.fcgi?id=altsta000nat
Kyle Cameron,20,2017,Alabama,SEC,0,0,,9,2,0,,0,0,0,2,3,2,2,0,2,0,2,0,0,0,11,2.5,13.5,0,9,9,1,,player.fcgi?id=camero000kyl
Dylan Duarte*,--,2017,Alabama,SEC,2,6,0.25,5.69,13,13,,0,0,0,61.2,75,44,39,4,19,0,46,6,0,3,280,1.524,10.9,0.6,2.8,6.7,2.42,,player.fcgi?id=duarte000dyl
Nick Eicholtz,22,2017,Alabama,SEC,1,3,0.25,6.27,12,12,,0,0,0,56,68,42,39,0,40,1,27,5,2,14,271,1.929,10.9,0,6.4,4.3,0.68,,player.fcgi?id=eichol000nic
Sam Finnerty,20,2017,Alabama,SEC,1,3,0.25,4.6,19,2,,0,0,0,45,43,24,23,3,22,5,35,2,1,7,197,1.444,8.6,0.6,4.4,7,1.59,,player.fcgi?id=finner000sam
Brock Love,20,2017,Alabama,SEC,1,2,0.333,7.02,6,2,,0,0,1,16.2,18,14,13,4,9,0,26,0,1,2,74,1.62,9.7,2.2,4.9,14,2.89,,player.fcgi?id=love--000bro
Tyler McMurray,21,2017,Alabama,SEC,0,0,,7.71,2,0,,0,0,0,2.1,5,2,2,0,1,0,2,0,0,3,13,2.571,19.3,0,3.9,7.7,2,,player.fcgi?id=mcmurr000tyl
Deacon Medders,20,2017,Alabama,SEC,2,1,0.667,4.38,15,6,,0,0,0,39,42,25,19,3,21,2,33,5,2,8,182,1.615,9.7,0.7,4.8,7.6,1.57,,player.fcgi?id=medder000dea
Mike Oczypok,24,2017,Alabama,SEC,0,0,,7.4,25,0,,0,0,1,20.2,29,21,17,1,10,1,16,2,0,4,105,1.887,12.6,0.4,4.4,7,1.6,,player.fcgi?id=oczypo000mik
Sonny Potter*,19,2017,Alabama,SEC,1,1,0.5,10.29,12,0,,0,0,0,7,16,9,8,0,6,0,5,0,0,1,41,3.143,20.6,0,7.7,6.4,0.83,,player.fcgi?id=potter000son
Zac Rogers,21,2017,Alabama,SEC,2,1,0.667,5.46,20,1,,0,0,0,28,37,19,17,0,27,2,26,2,0,4,145,2.286,11.9,0,8.7,8.4,0.96,,player.fcgi?id=rogers001zac
Garret Rukes*,20,2017,Alabama,SEC,2,1,0.667,1.65,7,4,,0,0,0,27.1,18,8,5,0,6,0,21,2,0,2,106,0.878,5.9,0,2,6.9,3.5,,player.fcgi?id=rukes-000gar
Garrett Suchey,22,2017,Alabama,SEC,2,7,0.222,3.18,24,1,,0,0,3,73.2,59,31,26,8,26,2,70,3,0,12,300,1.154,7.2,1,3.2,8.6,2.69,,player.fcgi?id=suchey000gar
Davis Vainer,20,2017,Alabama,SEC,0,3,0,4.71,23,0,,0,0,5,28.2,25,17,15,0,26,4,44,0,3,12,134,1.779,7.8,0,8.2,13.8,1.69,,player.fcgi?id=vainer000dav
Jake Walters,21,2017,Alabama,SEC,5,5,0.5,3.98,14,13,,0,0,0,72.1,74,45,32,4,36,0,64,7,0,15,329,1.521,9.2,0.5,4.5,8,1.78,,player.fcgi?id=walter000jak
Tyler Adams,23,2018,Alabama,SEC,3,0,1,4.2,15,0,,0,0,0,15,11,9,7,0,9,0,9,2,0,2,64,1.333,6.6,0,5.4,5.4,1,,player.fcgi?id=adams-001tyl
Kyle Cameron,21,2018,Alabama,SEC,1,3,0.25,5.31,15,0,,0,0,1,39,52,27,23,5,9,0,18,3,0,5,180,1.564,12,1.2,2.1,4.2,2,,player.fcgi?id=camero000kyl
Dylan Duarte*,--,2018,Alabama,SEC,3,3,0.5,2.73,26,1,,0,0,2,33,30,16,10,2,14,1,21,2,1,2,146,1.333,8.2,0.5,3.8,5.7,1.5,,player.fcgi?id=duarte000dyl
Mason Duke,21,2018,Alabama,SEC,2,2,0.5,3.41,15,5,,0,0,0,31.2,34,14,12,3,7,0,33,1,0,3,136,1.295,9.7,0.9,2,9.4,4.71,,player.fcgi?id=duke--000mas
Sam Finnerty,21,2018,Alabama,SEC,4,4,0.5,4.45,14,14,,0,0,0,87,117,57,43,13,14,0,29,2,0,4,392,1.506,12.1,1.3,1.4,3,2.07,,player.fcgi?id=finner000sam
Sam Gardner,21,2018,Alabama,SEC,3,2,0.6,5.01,18,7,,0,0,0,46.2,54,26,26,6,20,0,40,1,1,6,209,1.586,10.4,1.2,3.9,7.7,2,,player.fcgi?id=gardne000sam
Brady Greene,--,2018,Alabama,SEC,1,0,1,0,7,0,,0,0,0,10.1,7,0,0,0,7,0,4,1,0,0,44,1.355,6.1,0,6.1,3.5,0.57,,player.fcgi?id=greene000bra
Brock Guffey*,20,2018,Alabama,SEC,1,2,0.333,3.64,21,0,,0,0,1,29.2,28,15,12,3,10,0,24,1,2,2,129,1.281,8.5,0.9,3,7.3,2.4,,player.fcgi?id=guffey000bro
Brock Love,21,2018,Alabama,SEC,2,0,1,0,6,1,,0,0,0,8.1,5,0,0,0,4,0,10,0,0,0,32,1.08,5.4,0,4.3,10.8,2.5,,player.fcgi?id=love--000bro
Deacon Medders,21,2018,Alabama,SEC,0,4,0,3.69,20,0,,0,0,6,39,32,21,16,1,27,1,30,0,0,4,172,1.513,7.4,0.2,6.2,6.9,1.11,,player.fcgi?id=medder000dea
Garret Rukes*,21,2018,Alabama,SEC,1,3,0.25,3.6,13,13,,0,0,0,30,26,14,12,2,14,0,24,3,0,2,130,1.333,7.8,0.6,4.2,7.2,1.71,,player.fcgi?id=rukes-000gar
Connor Stutts,21,2018,Alabama,SEC,0,0,,20.25,7,0,,0,0,1,5.1,8,12,12,1,5,0,6,0,0,0,30,2.438,13.5,1.7,8.4,10.1,1.2,,player.fcgi?id=stutts000con
Davis Vainer,21,2018,Alabama,SEC,2,1,0.667,4.46,21,1,,0,0,0,34.1,30,20,17,2,20,0,40,3,1,3,153,1.456,7.9,0.5,5.2,10.5,2,,player.fcgi?id=vainer000dav
Jake Walters,22,2018,Alabama,SEC,4,5,0.444,3.73,14,14,,1,1,0,82,73,40,34,2,35,0,82,5,1,5,353,1.317,8,0.2,3.8,9,2.34,,player.fcgi?id=walter000jak
Kyle Cameron,22,2019,Alabama,SEC,3,0,1,6.41,17,0,,0,0,0,19.2,24,14,14,0,3,0,15,2,0,1,86,1.373,11,0,1.4,6.9,5,,player.fcgi?id=camero000kyl
Casey Cobb,23,2019,Alabama,SEC,1,1,0.5,4.43,18,1,,0,0,1,40.2,46,25,20,1,13,0,35,3,0,1,185,1.451,10.2,0.2,2.9,7.7,2.69,,player.fcgi?id=cobb--000cas
Sam Finnerty,22,2019,Alabama,SEC,6,8,0.429,4.5,14,14,,1,1,0,74,80,39,37,8,12,0,54,2,0,3,313,1.243,9.7,1,1.5,6.6,4.5,,player.fcgi?id=finner000sam
William Freeman,21,2019,Alabama,SEC,2,2,0.5,5.4,12,6,,0,0,0,25,28,17,15,2,8,0,15,4,0,1,113,1.44,10.1,0.7,2.9,5.4,1.88,,player.fcgi?id=freema005wil
Brock Guffey*,21,2019,Alabama,SEC,0,1,0,2.92,19,0,,0,0,0,24.2,23,9,8,2,4,0,21,2,1,2,102,1.095,8.4,0.7,1.5,7.7,5.25,,player.fcgi?id=guffey000bro
Chase Lee,20,2019,Alabama,SEC,1,0,1,2.67,22,0,,0,0,0,30.1,28,10,9,0,5,2,24,5,1,1,127,1.088,8.3,0,1.5,7.1,4.8,,player.fcgi?id=lee---016cha
Brock Love,22,2019,Alabama,SEC,5,5,0.5,4.65,15,13,,0,0,0,60,59,35,31,10,25,0,66,3,0,4,266,1.4,8.9,1.5,3.8,9.9,2.64,,player.fcgi?id=love--000bro
Jacob McNairy,19,2019,Alabama,SEC,0,0,,6.23,10,0,,0,0,1,13,19,9,9,0,5,0,5,1,0,2,64,1.846,13.2,0,3.5,3.5,1,,player.fcgi?id=mcnair000jac
Deacon Medders,22,2019,Alabama,SEC,2,2,0.5,3.98,24,0,,0,0,1,31.2,22,18,14,2,21,0,51,1,0,3,141,1.358,6.3,0.6,6,14.5,2.43,,player.fcgi?id=medder000dea
Dylan Oliver*,21,2019,Alabama,SEC,0,0,,0,5,0,,0,0,0,4.1,4,1,0,0,2,0,3,0,0,0,18,1.385,8.3,0,4.2,6.2,1.5,,player.fcgi?id=oliver000dyl
Jeremy Randolph,23,2019,Alabama,SEC,3,2,0.6,3.49,23,2,,0,0,9,38.2,25,15,15,4,15,2,50,3,0,5,154,1.034,5.8,0.9,3.5,11.6,3.33,,player.fcgi?id=randol000jer
Tyler Ras,19,2019,Alabama,SEC,1,3,0.25,4.14,15,12,,0,0,0,37,47,19,17,2,10,0,25,5,0,1,165,1.541,11.4,0.5,2.4,6.1,2.5,,player.fcgi?id=ras---000tyl
Garret Rukes*,22,2019,Alabama,SEC,3,0,1,2.64,18,4,,0,0,0,30.2,30,10,9,5,11,0,24,2,0,3,131,1.337,8.8,1.5,3.2,7,2.18,,player.fcgi?id=rukes-000gar
Connor Shamblin,19,2019,Alabama,SEC,2,1,0.667,6.26,14,4,,0,0,0,23,20,19,16,4,17,0,26,1,0,1,107,1.609,7.8,1.6,6.7,10.2,1.53,,player.fcgi?id=shambl000con
Dylan Smith,19,2019,Alabama,SEC,0,0,,6.48,13,0,,0,0,0,16.2,18,12,12,3,11,0,12,2,0,3,77,1.74,9.7,1.6,5.9,6.5,1.09,,player.fcgi?id=smith-002dyl
Davis Vainer,22,2019,Alabama,SEC,1,1,0.5,3.34,17,0,,0,0,0,29.2,18,12,11,3,21,0,43,1,1,5,129,1.315,5.5,0.9,6.4,13,2.05,,player.fcgi?id=vainer000dav
Kyle Cameron,23,2020,Alabama,SEC,0,0,,8.44,3,0,,0,0,0,5.1,9,5,5,2,1,0,6,0,0,0,25,1.875,15.2,3.4,1.7,10.1,6,,player.fcgi?id=camero000kyl
Casey Cobb,24,2020,Alabama,SEC,2,0,1,0.73,5,0,,0,0,0,12.1,8,1,1,0,3,0,14,0,0,1,47,0.892,5.8,0,2.2,10.2,4.67,,player.fcgi?id=cobb--000cas
William Freeman,22,2020,Alabama,SEC,0,0,,4.15,3,2,,0,0,0,8.2,8,4,4,0,4,0,13,1,0,4,39,1.385,8.3,0,4.2,13.5,3.25,,player.fcgi?id=freema005wil
Landon Green,20,2020,Alabama,SEC,0,0,,4.5,6,0,,0,0,0,6,4,3,3,1,6,0,8,0,0,0,27,1.667,6,1.5,9,12,1.33,,player.fcgi?id=green-000lan
Brock Guffey*,22,2020,Alabama,SEC,3,0,1,1.04,5,0,,0,0,0,8.2,4,1,1,1,1,0,13,0,0,0,30,0.577,4.2,1,1,13.5,13,,player.fcgi?id=guffey000bro
Garrett Hester?,--,2020,Alabama,SEC,0,0,,10.8,2,0,,0,0,0,1.2,5,6,2,0,3,0,1,0,0,0,14,4.8,27,0,16.2,5.4,0.33,,player.fcgi?id=hester000gar
Antoine Jean*,18,2020,Alabama,SEC,3,0,1,3.18,4,4,,0,0,0,17,18,7,6,0,3,1,17,0,1,0,72,1.235,9.5,0,1.6,9,5.67,,player.fcgi?id=jean--000ant
Chase Lee,21,2020,Alabama,SEC,1,0,1,1.64,5,0,,0,0,2,11,4,2,2,0,2,0,19,0,0,0,39,0.545,3.3,0,1.6,15.5,9.5,,player.fcgi?id=lee---016cha
Jacob McNairy,20,2020,Alabama,SEC,0,0,,1,3,0,,0,0,0,9,6,1,1,0,0,0,6,0,0,0,31,0.667,6,0,0,6,,,player.fcgi?id=mcnair000jac
Ryan O'Connell,21,2020,Alabama,SEC,0,0,,0,4,0,,0,0,0,4.1,5,0,0,0,0,0,7,0,0,1,18,1.154,10.4,0,0,14.5,,,player.fcgi?id=oconne000rya
Dylan Oliver*,22,2020,Alabama,SEC,0,0,,2.45,4,0,,0,0,0,3.2,6,1,1,0,2,0,4,0,0,0,18,2.182,14.7,0,4.9,9.8,2,,player.fcgi?id=oliver000dyl
Connor Prielipp*,19,2020,Alabama,SEC,3,0,1,0,4,4,,0,0,0,21,5,0,0,0,6,0,35,1,0,0,73,0.524,2.1,0,2.6,15,5.83,,player.fcgi?id=prieli000con
Tyler Ras,20,2020,Alabama,SEC,0,0,,0,6,1,,0,0,0,11.1,9,1,0,0,3,0,8,1,0,0,45,1.059,7.1,0,2.4,6.4,2.67,,player.fcgi?id=ras---000tyl
Garret Rukes*,23,2020,Alabama,SEC,2,0,1,0,5,1,,0,0,0,10.2,5,2,0,0,5,0,8,1,0,0,41,0.938,4.2,0,4.2,6.8,1.6,,player.fcgi?id=rukes-000gar
Connor Shamblin,20,2020,Alabama,SEC,1,1,0.5,4.05,4,4,,0,0,0,20,22,10,9,1,7,0,20,2,0,3,87,1.45,9.9,0.5,3.2,9,2.86,,player.fcgi?id=shambl000con
Dylan Smith,20,2020,Alabama,SEC,1,0,1,5.68,4,1,,0,0,0,6.1,8,4,4,1,3,0,6,0,1,0,29,1.737,11.4,1.4,4.3,8.5,2,,player.fcgi?id=smith-002dyl
Bryce Eblin,19,2021,Alabama,SEC,0,0,,20.25,2,0,,0,0,0,1.1,2,3,3,0,2,0,1,1,0,0,8,3,13.5,0,13.5,6.8,0.5,,player.fcgi?id=eblin-000bry
Jake Eddington,20,2021,Alabama,SEC,1,0,1,7.29,14,1,,0,0,0,21,31,18,17,2,12,0,25,0,1,6,102,2.048,13.3,0.9,5.1,10.7,2.08,,player.fcgi?id=edding000jak
William Freeman,23,2021,Alabama,SEC,2,1,0.667,2.22,24,4,,0,0,1,56.2,43,17,14,5,11,0,39,2,0,7,222,0.953,6.8,0.8,1.7,6.2,3.55,,player.fcgi?id=freema005wil
Eli Giles,--,2021,Alabama,SEC,0,1,0,9.69,10,0,,0,0,0,13,25,15,14,2,6,0,16,1,1,1,67,2.385,17.3,1.4,4.2,11.1,2.67,,player.fcgi?id=giles-000eli
Landon Green,21,2021,Alabama,SEC,3,2,0.6,5.12,19,1,,0,0,2,31.2,22,19,18,5,16,0,39,7,0,5,139,1.2,6.3,1.4,4.5,11.1,2.44,,player.fcgi?id=green-000lan
Brock Guffey*,23,2021,Alabama,SEC,0,1,0,5.65,11,0,,0,0,2,14.1,16,9,9,1,9,0,16,1,0,2,69,1.744,10,0.6,5.7,10,1.78,,player.fcgi?id=guffey000bro
Grayson Hitt*,19,2021,Alabama,SEC,2,3,0.4,10.8,11,3,,0,0,0,18.1,22,23,22,3,15,0,16,5,0,4,95,2.018,10.8,1.5,7.4,7.9,1.07,,player.fcgi?id=hitt--000gra
Antoine Jean*,19,2021,Alabama,SEC,2,1,0.667,3.76,7,6,,0,0,0,26.1,22,16,11,2,16,0,24,3,0,3,117,1.443,7.5,0.7,5.5,8.2,1.5,,player.fcgi?id=jean--000ant
Chase Lee,22,2021,Alabama,SEC,7,0,1,1.33,22,0,,0,0,7,40.2,29,8,6,4,14,2,51,5,0,2,167,1.057,6.4,0.9,3.1,11.3,3.64,,player.fcgi?id=lee---016cha
Jacob McNairy,21,2021,Alabama,SEC,1,1,0.5,5.59,15,3,,0,0,0,37,45,26,23,4,9,0,27,1,0,1,163,1.459,10.9,1,2.2,6.6,3,,player.fcgi?id=mcnair000jac
Connor Prielipp*,20,2021,Alabama,SEC,1,1,0.5,3.86,3,3,,0,0,0,7,8,3,3,1,1,0,12,0,1,0,30,1.286,10.3,1.3,1.3,15.4,12,,player.fcgi?id=prieli000con
Tyler Ras,21,2021,Alabama,SEC,7,5,0.583,5.82,16,15,,0,0,0,86.2,93,59,56,20,24,0,59,5,1,5,376,1.35,9.7,2.1,2.5,6.1,2.46,,player.fcgi?id=ras---000tyl
Brayden Rowe,19,2021,Alabama,SEC,0,0,,27,1,0,,0,0,0,0.1,0,1,1,0,2,0,1,1,0,0,4,6,0,0,54,27,0.5,,player.fcgi?id=rowe--001bra
Hunter Ruth,22,2021,Alabama,SEC,0,0,,5.87,9,0,,0,0,1,15.1,19,10,10,1,5,0,14,0,0,1,68,1.565,11.2,0.6,2.9,8.2,2.8,,player.fcgi?id=ruth--000hun
Connor Shamblin,21,2021,Alabama,SEC,4,2,0.667,4.7,15,6,,0,0,1,46,44,26,24,5,16,0,44,5,0,5,200,1.304,8.6,1,3.1,8.6,2.75,,player.fcgi?id=shambl000con
Dylan Smith,21,2021,Alabama,SEC,2,8,0.2,3.84,16,16,,1,0,0,98.1,99,42,42,14,20,0,113,1,0,6,404,1.21,9.1,1.3,1.8,10.3,5.65,,player.fcgi?id=smith-002dyl
Connor Ball*,19,2022,Alabama,SEC,0,0,,4.5,2,0,,0,0,0,2,4,1,1,0,0,0,1,1,0,1,10,2,18,0,0,4.5,,,player.fcgi?id=ball--000con
Hagan Banks,19,2022,Alabama,SEC,0,1,0,3.75,8,2,,0,0,0,12,4,5,5,1,5,0,10,1,0,3,46,0.75,3,0.8,3.8,7.5,2,,player.fcgi?id=banks-000hag
Hunter Furtado*,20,2022,Alabama,SEC,3,2,0.6,6.75,17,0,,0,0,0,32,36,26,24,9,16,0,33,4,2,5,150,1.625,10.1,2.5,4.5,9.3,2.06,,player.fcgi?id=furtad000dav
Brayden Gainey,21,2022,Alabama,SEC,0,0,,3.75,8,0,,0,0,0,12,15,7,5,2,0,0,9,1,0,2,52,1.25,11.3,1.5,0,6.8,,,player.fcgi?id=gainey000bra
Eli Giles,--,2022,Alabama,SEC,0,0,,0,2,0,,0,0,0,2,1,0,0,0,0,0,1,0,1,0,7,0.5,4.5,0,0,4.5,,,player.fcgi?id=giles-000eli
Landon Green,22,2022,Alabama,SEC,0,0,,6.1,12,0,,0,0,0,10.1,9,7,7,0,8,0,14,3,0,5,51,1.645,7.8,0,7,12.2,1.75,,player.fcgi?id=green-000lan
Brock Guffey*,24,2022,Alabama,SEC,2,4,0.333,3.82,20,0,,0,0,1,33,33,15,14,4,13,2,33,4,0,1,146,1.394,9,1.1,3.5,9,2.54,,player.fcgi?id=guffey000bro
Ben Hess,19,2022,Alabama,SEC,3,1,0.75,4.54,11,8,,0,0,0,33.2,23,20,17,6,19,0,50,2,0,5,141,1.248,6.1,1.6,5.1,13.4,2.63,,player.fcgi?id=hess--000ben
Grayson Hitt*,20,2022,Alabama,SEC,4,3,0.571,5.34,14,14,,0,0,0,60.2,66,41,36,10,30,0,68,5,1,3,277,1.582,9.8,1.5,4.5,10.1,2.27,,player.fcgi?id=hitt--000gra
Luke Holman,19,2022,Alabama,SEC,0,2,0,5.68,15,0,,0,0,0,19,25,13,12,0,8,0,24,3,1,4,94,1.737,11.8,0,3.8,11.4,3,,player.fcgi?id=holman000luk
Hunter Hoopes,22,2022,Alabama,SEC,0,1,0,2.25,15,0,,0,0,2,20,14,5,5,1,9,0,23,0,1,0,78,1.15,6.3,0.5,4.1,10.4,2.56,,player.fcgi?id=hoopes000hun
Antoine Jean*,20,2022,Alabama,SEC,5,1,0.833,3.48,11,6,,0,0,1,33.2,30,16,13,5,16,1,20,1,0,2,145,1.366,8,1.3,4.3,5.3,1.25,,player.fcgi?id=jean--000ant
Jake Leger*,21,2022,Alabama,SEC,1,1,0.5,4.83,16,0,,0,0,0,31.2,33,18,17,4,7,0,32,1,2,4,132,1.263,9.4,1.1,2,9.1,4.57,,player.fcgi?id=leger-000jak
Garrett McMillan,21,2022,Alabama,SEC,4,5,0.444,4.29,16,16,,0,0,0,86,79,47,41,18,26,0,83,5,0,3,362,1.221,8.3,1.9,2.7,8.7,3.19,,player.fcgi?id=mcmill000gar
Jacob McNairy,22,2022,Alabama,SEC,6,2,0.75,4.63,16,12,,0,0,0,72,78,39,37,13,18,0,65,9,0,3,309,1.333,9.8,1.6,2.3,8.1,3.61,,player.fcgi?id=mcnair000jac
Trace Moore*,22,2022,Alabama,SEC,0,0,,4.5,2,0,,0,0,0,2,3,2,1,1,0,0,3,0,0,0,9,1.5,13.5,4.5,0,13.5,,,player.fcgi?id=moore-002tra
Braylon Myers,19,2022,Alabama,SEC,1,0,1,7.62,10,0,,0,0,1,13,16,12,11,2,5,0,15,4,0,3,63,1.615,11.1,1.4,3.5,10.4,3,,player.fcgi?id=myers-006bra
Dylan Ray,21,2022,Alabama,SEC,1,4,0.2,4.6,18,0,,0,0,8,31.1,23,17,16,7,15,0,49,2,0,2,134,1.213,6.6,2,4.3,14.1,3.27,,player.fcgi?id=ray---001dyl
Hunter Ruth,23,2022,Alabama,SEC,1,0,1,3.6,4,0,,0,0,0,5,3,2,2,0,2,0,7,1,0,0,19,1,5.4,0,3.6,12.6,3.5,,player.fcgi?id=ruth--000hun
Connor Ball*,20,2023,Alabama,SEC,1,1,0.5,5.4,11,0,,0,0,0,13.1,16,8,8,3,4,0,12,2,0,0,61,1.5,10.8,2,2.7,8.1,3,,player.fcgi?id=ball--000con
Hagan Banks,20,2023,Alabama,SEC,1,1,0.5,3.48,16,2,,0,0,0,33.2,22,16,13,7,7,0,37,3,0,0,134,0.861,5.9,1.9,1.9,9.9,5.29,,player.fcgi?id=banks-000hag
Brock Blatter,19,2023,Alabama,SEC,1,0,1,4.5,6,0,,0,0,0,8,7,5,4,0,8,0,12,3,1,1,43,1.875,7.9,0,9,13.5,1.5,,player.fcgi?id=blatte000bro
Alton Davis*,19,2023,Alabama,SEC,1,2,0.333,5.35,25,0,,0,0,8,33.2,34,20,20,5,12,0,32,3,0,3,145,1.366,9.1,1.3,3.2,8.6,2.67,,player.fcgi?id=davis-002alt
Hunter Furtado*,21,2023,Alabama,SEC,1,1,0.5,4.75,17,2,,0,0,0,36,31,22,19,2,17,1,38,4,0,6,153,1.333,7.8,0.5,4.3,9.5,2.24,,player.fcgi?id=furtad000dav
Brayden Gainey,22,2023,Alabama,SEC,0,0,,2.79,6,1,,0,0,0,9.2,10,3,3,0,5,0,8,1,0,0,44,1.552,9.3,0,4.7,7.4,1.6,,player.fcgi?id=gainey000bra
Ben Hess,20,2023,Alabama,SEC,4,0,1,3.22,7,7,,0,0,0,36.1,28,17,13,7,8,0,49,3,0,3,146,0.991,6.9,1.7,2,12.1,6.13,,player.fcgi?id=hess--000ben
Grayson Hitt*,21,2023,Alabama,SEC,3,1,0.75,4.19,8,8,,0,0,0,38.2,29,20,18,3,25,0,49,1,0,6,169,1.397,6.8,0.7,5.8,11.4,1.96,,player.fcgi?id=hitt--000gra
Luke Holman,20,2023,Alabama,SEC,7,4,0.636,3.67,16,15,,0,0,0,81,54,37,33,14,31,1,87,9,2,9,332,1.049,6,1.6,3.4,9.7,2.81,,player.fcgi?id=holman000luk
Hunter Hoopes,23,2023,Alabama,SEC,2,1,0.667,3.65,9,0,,0,0,1,12.1,10,5,5,1,7,0,11,1,0,1,50,1.378,7.3,0.7,5.1,8,1.57,,player.fcgi?id=hoopes000hun
Jake Leger*,22,2023,Alabama,SEC,0,0,,0,3,0,,0,0,0,2,2,0,0,0,3,0,1,0,0,0,10,2.5,9,0,13.5,4.5,0.33,,player.fcgi?id=leger-000jak
Garrett McMillan,22,2023,Alabama,SEC,4,2,0.667,4.89,10,9,,0,0,0,42.1,38,24,23,7,17,0,36,4,0,3,182,1.299,8.1,1.5,3.6,7.7,2.12,,player.fcgi?id=mcmill000gar
Jacob McNairy,23,2023,Alabama,SEC,7,3,0.7,4.35,17,17,,0,0,0,80.2,85,46,39,10,22,1,86,9,0,7,351,1.326,9.5,1.1,2.5,9.6,3.91,,player.fcgi?id=mcnair000jac
Aidan Moza,20,2023,Alabama,SEC,3,1,0.75,3.09,14,0,,0,0,0,23.1,18,10,8,2,9,1,23,1,0,4,96,1.157,6.9,0.8,3.5,8.9,2.56,,player.fcgi?id=moza--000aid
Braylon Myers,20,2023,Alabama,SEC,0,1,0,5.53,17,0,,0,0,3,27.2,24,17,17,9,9,0,22,4,0,0,119,1.193,7.8,2.9,2.9,7.2,2.44,,player.fcgi?id=myers-006bra
Zane Probst,21,2023,Alabama,SEC,2,1,0.667,4.08,19,0,,0,0,0,17.2,16,8,8,3,13,0,22,5,0,3,82,1.642,8.2,1.5,6.6,11.2,1.69,,player.fcgi?id=probst000zan
Riley Quick,19,2023,Alabama,SEC,1,1,0.5,3.68,16,0,,0,0,2,22,21,10,9,1,21,1,26,3,1,5,111,1.909,8.6,0.4,8.6,10.6,1.24,,player.fcgi?id=quick-000ril
Jackson Reynolds?,--,2023,Alabama,SEC,1,0,1,5.63,3,2,,0,0,0,8,11,5,5,0,3,0,4,0,0,1,37,1.75,12.4,0,3.4,4.5,1.33,,player.fcgi?id=reynol003jac
Kade Woods,20,2023,Alabama,SEC,4,1,0.8,5.52,17,1,,0,0,1,29.1,23,20,18,8,15,0,38,2,0,3,123,1.295,7.1,2.5,4.6,11.7,2.53,,player.fcgi?id=woods-001kad
Zane Adams*,20,2024,Alabama,SEC,4,5,0.444,5.37,16,13,,0,0,0,58.2,62,40,35,3,27,3,47,1,0,6,268,1.517,9.5,0.5,4.1,7.2,1.74,,player.fcgi?id=adams-000zan
Jackson Baker,19,2024,Alabama,SEC,0,0,,0,1,0,,0,0,0,1,0,0,0,0,0,0,1,1,0,1,4,0,0,0,0,9,,,player.fcgi?id=baker-011jac
Hagan Banks,21,2024,Alabama,SEC,0,1,0,5.14,4,3,,0,0,0,7,7,4,4,2,3,0,9,0,0,0,29,1.429,9,2.6,3.9,11.6,3,,player.fcgi?id=banks-000hag
Coulson Buchanan,21,2024,Alabama,SEC,2,1,0.667,7.36,19,0,,0,0,1,29.1,37,27,24,6,13,1,20,1,0,4,138,1.705,11.4,1.8,4,6.1,1.54,,player.fcgi?id=buchan000cou
Alton Davis*,20,2024,Alabama,SEC,4,2,0.667,5.61,21,0,,0,0,4,33.2,36,24,21,7,17,0,38,9,0,3,162,1.574,9.6,1.9,4.5,10.2,2.24,,player.fcgi?id=davis-002alt
Greg Farone*,22,2024,Alabama,SEC,4,3,0.571,5.02,17,16,,1,1,0,71.2,75,42,40,15,24,1,68,7,2,5,315,1.381,9.4,1.9,3,8.5,2.83,,player.fcgi?id=farone000gre
Tyler Fay,20,2024,Alabama,SEC,1,2,0.333,7.94,23,0,,0,0,1,34,38,32,30,6,16,1,32,8,0,4,166,1.588,10.1,1.6,4.2,8.5,2,,player.fcgi?id=fay---000tyl
Pierce George,21,2024,Alabama,SEC,1,0,1,4.76,12,0,,0,0,0,11.1,8,6,6,0,11,1,10,3,1,3,52,1.676,6.4,0,8.7,7.9,0.91,,player.fcgi?id=george000pie
Matthew Heiberger*,19,2024,Alabama,SEC,2,0,1,5.24,16,0,,0,0,1,22.1,28,15,13,2,7,1,22,5,0,0,104,1.567,11.3,0.8,2.8,8.9,3.14,,player.fcgi?id=heiber000mat
Ben Hess,21,2024,Alabama,SEC,5,5,0.5,5.8,15,15,,0,0,0,68.1,60,47,44,13,35,0,106,12,0,7,305,1.39,7.9,1.7,4.6,14,3.03,,player.fcgi?id=hess--000ben
Jansen Kenty*,18,2024,Alabama,SEC,0,1,0,3.38,10,0,,0,0,0,10.2,6,4,4,2,5,0,4,2,0,0,41,1.031,5.1,1.7,4.2,3.4,0.8,,player.fcgi?id=kenty-000jan
Sam Mitchell,19,2024,Alabama,SEC,1,0,1,5.87,5,0,,0,0,0,7.2,8,5,5,0,5,0,3,1,0,0,35,1.696,9.4,0,5.9,3.5,0.6,,player.fcgi?id=mitche005sam
Austin Morris,20,2024,Alabama,SEC,2,0,1,4.74,14,0,,0,0,0,24.2,27,13,13,3,9,1,21,6,0,2,110,1.459,9.9,1.1,3.3,7.7,2.33,,player.fcgi?id=morris002aus
Aidan Moza,21,2024,Alabama,SEC,3,3,0.5,9.77,20,3,,0,0,1,31.1,40,40,34,9,19,1,40,5,0,9,158,1.883,11.5,2.6,5.5,11.5,2.11,,player.fcgi?id=moza--000aid
Braylon Myers,21,2024,Alabama,SEC,2,1,0.667,2.73,20,0,,0,0,3,33,24,10,10,6,10,0,29,3,0,1,131,1.03,6.5,1.6,2.7,7.9,2.9,,player.fcgi?id=myers-006bra
Zane Probst,22,2024,Alabama,SEC,0,0,,5.6,11,0,,0,0,0,17.2,17,13,11,6,9,1,15,3,0,1,80,1.472,8.7,3.1,4.6,7.6,1.67,,player.fcgi?id=probst000zan
Riley Quick,20,2024,Alabama,SEC,1,0,1,0,1,1,,0,0,0,3,0,0,0,0,1,0,5,1,0,0,10,0.333,0,0,3,15,5,,player.fcgi?id=quick-000ril
Kade Snell*,21,2024,Alabama,SEC,1,0,1,6.08,10,6,,0,0,0,23.2,27,17,16,7,7,0,23,5,0,0,110,1.437,10.3,2.7,2.7,8.7,3.29,,player.fcgi?id=snell-000kad
Ariston Veasey,18,2024,Alabama,SEC,0,0,,,1,0,,0,0,0,0,0,0,0,0,2,0,0,0,0,0,2,,,,,,0,,player.fcgi?id=veasey000ari
Zane Adams*,21,2025,Alabama,SEC,7,4,0.636,5.54,15,14,,1,0,0,65,75,43,40,12,26,0,62,0,0,5,293,1.554,10.4,1.7,3.6,8.6,2.38,,player.fcgi?id=adams-000zan
Bobby Alcock,23,2025,Alabama,SEC,3,2,0.6,6.03,11,10,,0,0,0,34.1,43,31,23,9,17,0,38,3,1,3,162,1.748,11.3,2.4,4.5,10,2.24,,player.fcgi?id=alcock000bob
Connor Ball*,22,2025,Alabama,SEC,0,0,,9,11,0,,0,0,0,5,10,5,5,2,1,0,6,0,0,1,26,2.2,18,3.6,1.8,10.8,6,,player.fcgi?id=ball--000con
Hagan Banks,22,2025,Alabama,SEC,0,1,0,3.72,17,0,,0,0,0,19.1,15,10,8,4,10,0,18,1,0,1,82,1.293,7,1.9,4.7,8.4,1.8,,player.fcgi?id=banks-000hag
JT Blackwood,21,2025,Alabama,SEC,2,2,0.5,6.06,17,7,,0,0,0,35.2,42,25,24,5,8,0,30,5,0,2,157,1.402,10.6,1.3,2,7.6,3.75,,player.fcgi?id=blackw000jt-
Packy Bradley-Cooney,25,2025,Alabama,SEC,0,0,,10.8,6,0,,0,0,0,3.1,3,4,4,0,7,0,5,0,1,1,19,3,8.1,0,18.9,13.5,0.71,,player.fcgi?id=bradle000pat
Beau Bryans*,21,2025,Alabama,SEC,1,0,1,10,13,0,,0,0,0,9,13,12,10,0,15,0,12,3,0,2,58,3.111,13,0,15,12,0.8,,player.fcgi?id=bryans000bea
Coulson Buchanan,22,2025,Alabama,SEC,1,0,1,3.86,17,0,,0,0,0,21,22,9,9,1,12,0,26,3,0,3,98,1.619,9.4,0.4,5.1,11.1,2.17,,player.fcgi?id=buchan000cou
Tyler Fay,21,2025,Alabama,SEC,1,2,0.333,4.69,20,8,,0,0,0,55.2,60,37,29,8,12,0,44,6,0,3,246,1.293,9.7,1.3,1.9,7.1,3.67,,player.fcgi?id=fay---000tyl
Aeden Finateri,21,2025,Alabama,SEC,3,0,1,4.76,14,5,,0,0,0,28.1,35,18,15,4,8,0,26,4,0,3,127,1.518,11.1,1.3,2.5,8.3,3.25,,player.fcgi?id=finate000aed
Matthew Heiberger*,20,2025,Alabama,SEC,3,1,0.75,4.46,25,0,,0,0,0,34.1,35,17,17,2,15,0,34,6,0,2,154,1.456,9.2,0.5,3.9,8.9,2.27,,player.fcgi?id=heiber000mat
Jack Ketchum,20,2025,Alabama,SEC,0,0,,27,4,0,,0,0,0,1.2,4,5,5,1,2,0,3,2,0,0,13,3.6,21.6,5.4,10.8,16.2,1.5,,player.fcgi?id=ketchu000jac
Zach Kittrell,22,2025,Alabama,SEC,1,0,1,9.64,5,1,,0,0,0,4.2,3,5,5,0,5,0,6,1,0,1,23,1.714,5.8,0,9.6,11.6,1.2,,player.fcgi?id=kittre000zac
Connor Lehman*,19,2025,Alabama,SEC,0,0,,14.54,9,0,,0,0,0,4.1,7,7,7,0,3,0,4,1,0,1,25,2.308,14.5,0,6.2,8.3,1.33,,player.fcgi?id=lehman001con
Austin Morris,21,2025,Alabama,SEC,3,0,1,6.64,18,0,,0,0,0,20.1,18,18,15,2,12,0,20,4,0,4,91,1.475,8,0.9,5.3,8.9,1.67,,player.fcgi?id=morris002aus
Aidan Moza,22,2025,Alabama,SEC,0,0,,9.45,7,0,,0,0,0,6.2,5,7,7,1,7,0,11,1,0,7,32,1.8,6.8,1.4,9.5,14.9,1.57,,player.fcgi?id=moza--000aid
Braylon Myers,22,2025,Alabama,SEC,3,1,0.75,2.63,23,0,,0,0,2,41,27,13,12,3,14,0,58,7,0,3,168,1,5.9,0.7,3.1,12.7,4.14,,player.fcgi?id=myers-006bra
Carson Ozmer,23,2025,Alabama,SEC,4,2,0.667,3.29,29,0,,0,0,17,38.1,26,14,14,4,19,4,48,7,0,2,165,1.174,6.1,0.9,4.5,11.3,2.53,,player.fcgi?id=ozmer-000car
Anthony Pesci,19,2025,Alabama,SEC,0,0,,0,2,0,,0,0,0,2,0,0,0,0,0,0,2,1,0,0,6,0,0,0,0,9,,,player.fcgi?id=pesci-000ant
Riley Quick,21,2025,Alabama,SEC,8,3,0.727,3.92,14,14,,0,0,0,62,62,27,27,5,24,0,70,7,1,8,270,1.387,9,0.7,3.5,10.2,2.92,,player.fcgi?id=quick-000ril
Tate Robertson*,22,2025,Alabama,SEC,1,0,1,7.45,8,0,,0,0,0,9.2,10,8,8,1,2,0,7,0,0,1,40,1.241,9.3,0.9,1.9,6.5,3.5,,player.fcgi?id=robert000tat
Ariston Veasey,19,2025,Alabama,SEC,0,0,,9.82,5,0,,0,0,0,3.2,3,4,4,0,6,0,6,2,0,3,22,2.455,7.4,0,14.7,14.7,1,,player.fcgi?id=veasey000ari
Zane Adams*,22,2026,Alabama,SEC,8,5,0.615,4.58,17,17,,0,0,0,90.1,97,51,46,9,30,2,100,4,0,5,397,1.406,9.7,0.9,3,10,3.33,,player.fcgi?id=adams-000zan
Bobby Alcock,24,2026,Alabama,SEC,2,0,1,3.86,11,3,,0,0,0,16.1,23,9,7,0,7,1,14,3,0,0,77,1.837,12.7,0,3.9,7.7,2,,player.fcgi?id=alcock000bob
Hagan Banks,23,2026,Alabama,SEC,2,0,1,3.09,18,0,,0,0,6,23.1,24,11,8,2,8,2,31,1,1,1,105,1.371,9.3,0.8,3.1,12,3.88,,player.fcgi?id=banks-000hag
JT Blackwood,22,2026,Alabama,SEC,1,1,0.5,3.86,10,7,,0,0,0,30.1,33,17,13,3,7,0,15,0,0,2,128,1.319,9.8,0.9,2.1,4.5,2.14,,player.fcgi?id=blackw000jt-
Joe Chiarodo,--,2026,Alabama,SEC,1,0,1,0,4,1,,0,0,0,4.1,4,0,0,0,1,0,2,1,0,0,19,1.154,8.3,0,2.1,4.2,2,,player.fcgi?id=chiaro000joe
Ashton Crowther*,22,2026,Alabama,SEC,2,2,0.5,3.96,19,0,,0,0,2,36.1,34,28,16,5,10,0,24,4,0,1,155,1.211,8.4,1.2,2.5,5.9,2.4,,player.fcgi?id=crowth000ash
Tyler Fay,22,2026,Alabama,SEC,11,5,0.688,4.54,18,18,,1,1,0,109,91,56,55,21,26,0,127,16,1,0,447,1.073,7.5,1.7,2.1,10.5,4.88,,player.fcgi?id=fay---000tyl
Matthew Heiberger*,21,2026,Alabama,SEC,3,2,0.6,3.2,26,0,,0,0,5,45,39,25,16,6,22,0,34,9,0,1,198,1.356,7.8,1.2,4.4,6.8,1.55,,player.fcgi?id=heiber000mat
Kaden Humphrey,22,2026,Alabama,SEC,0,0,,0,3,0,,0,0,0,1.2,0,0,0,0,0,0,1,0,0,0,5,0,0,0,0,5.4,,,player.fcgi?id=humphr000kad
Zach Kittrell,23,2026,Alabama,SEC,0,0,,0,2,0,,0,0,0,1.1,0,0,0,0,1,0,1,0,0,1,4,0.75,0,0,6.8,6.8,1,,player.fcgi?id=kittre000zac
Connor Lehman*,20,2026,Alabama,SEC,1,1,0.5,8.74,10,0,,0,0,0,11.1,11,11,11,1,10,0,9,2,0,4,55,1.853,8.7,0.8,7.9,7.1,0.9,,player.fcgi?id=lehman001con
Sam Mitchell,21,2026,Alabama,SEC,1,1,0.5,6,20,0,,0,0,0,30,33,21,20,4,9,0,26,6,0,5,138,1.4,9.9,1.2,2.7,7.8,2.89,,player.fcgi?id=mitche005sam
Austin Morris,22,2026,Alabama,SEC,1,0,1,5.19,14,0,,0,0,0,17.1,12,16,10,1,11,0,19,4,0,4,79,1.327,6.2,0.5,5.7,9.9,1.73,,player.fcgi?id=morris002aus
Anthony Pesci,20,2026,Alabama,SEC,0,0,,0,5,0,,0,0,0,5.2,4,0,0,0,4,1,6,0,0,0,26,1.412,6.4,0,6.4,9.5,1.5,,player.fcgi?id=pesci-000ant
Tate Robertson*,23,2026,Alabama,SEC,0,0,,4.5,5,0,,0,0,0,4,3,4,2,0,5,0,6,0,0,0,22,2,6.8,0,11.3,13.5,1.2,,player.fcgi?id=robert000tat
Owen Sarna,--,2026,Alabama,SEC,0,0,,4.82,9,0,,0,0,0,9.1,12,6,5,0,4,0,8,1,0,1,41,1.714,11.6,0,3.9,7.7,2,,player.fcgi?id=sarna-000owe
Luke Smyers*,19,2026,Alabama,SEC,0,1,0,6.59,12,2,,0,0,0,13.2,18,14,10,1,10,0,16,2,0,0,69,2.049,11.9,0.7,6.6,10.5,1.6,,player.fcgi?id=smyers000luk
Evan Steckmesser*,--,2026,Alabama,SEC,1,0,1,5.32,19,0,,0,0,1,23.2,20,17,14,2,13,1,29,2,0,1,105,1.394,7.6,0.8,4.9,11,2.23,,player.fcgi?id=steckm000eva
Myles Upchurch,19,2026,Alabama,SEC,8,3,0.727,3.75,16,15,,0,0,0,72,52,32,30,6,41,1,78,11,0,8,319,1.292,6.5,0.8,5.1,9.8,1.9,,player.fcgi?id=upchur000myl
Kade Bing*,21,2026,Texas,SEC,1,1,0.5,6,6,1,,0,0,0,9,7,8,6,2,5,0,4,1,0,0,38,1.333,7,2,5,4,0.8,,player.fcgi?id=bing--000kad
Thomas Burns,21,2026,Texas,SEC,2,0,1,5.64,23,0,,0,0,4,22.1,15,15,14,3,16,0,43,3,0,3,102,1.388,6,1.2,6.4,17.3,2.69,,player.fcgi?id=burns-005tho
Sam Cozart,19,2026,Texas,SEC,6,0,1,1.72,23,3,,0,0,9,52.1,25,11,10,3,13,1,77,5,1,2,198,0.726,4.3,0.5,2.2,13.2,5.92,,player.fcgi?id=cozart000sam
Brett Crossland,19,2026,Texas,SEC,1,2,0.333,3.47,25,0,,0,0,0,23.1,20,10,9,2,12,0,34,7,0,2,109,1.371,7.7,0.8,4.6,13.1,2.83,,player.fcgi?id=crossl002bre
Jason Flores,20,2026,Texas,SEC,0,0,,6.75,9,2,,0,0,0,12,16,9,9,1,6,0,7,4,0,2,58,1.833,12,0.8,4.5,5.3,1.17,,player.fcgi?id=flores000jas
Max Grubbs,22,2026,Texas,SEC,2,0,1,5.52,19,2,,0,0,0,29.1,32,23,18,5,12,0,29,1,0,4,131,1.5,9.8,1.5,3.7,8.9,2.42,,player.fcgi?id=grubbs000max
Hudson Hamilton,20,2026,Texas,SEC,2,0,1,5.93,11,1,,0,0,1,13.2,16,11,9,2,6,0,18,2,0,1,62,1.61,10.5,1.3,4,11.9,3,,player.fcgi?id=hamilt000hud
Luke Harrison*,23,2026,Texas,SEC,6,4,0.6,4.1,19,16,,0,0,1,83.1,70,45,38,7,35,1,100,12,1,4,363,1.26,7.6,0.8,3.8,10.8,2.86,,player.fcgi?id=harris002luk
Cal Higgins*,23,2026,Texas,SEC,1,1,0.5,5.56,11,0,,0,0,0,11.1,16,7,7,3,8,0,16,4,0,1,60,2.118,12.7,2.4,6.4,12.7,2,,player.fcgi?id=higgin000cal
Cody Howard,23,2026,Texas,SEC,1,1,0.5,8.79,8,1,,0,0,0,14.1,13,14,14,2,3,0,16,2,0,2,61,1.116,8.2,1.3,1.9,10,5.33,,player.fcgi?id=howard002cod
Haiden Leffew*,21,2026,Texas,SEC,4,1,0.8,4.05,17,0,,0,0,0,20,12,10,9,1,15,0,31,2,0,3,86,1.35,5.4,0.5,6.8,14,2.07,,player.fcgi?id=leffew000hai
Connor McCreery,23,2026,Texas,SEC,0,0,,0,1,0,,0,0,0,0.1,0,0,0,0,0,0,1,0,0,0,1,0,0,0,0,27,,,player.fcgi?id=mccree000con
Ruger Riojas,22,2026,Texas,SEC,6,2,0.75,3.97,17,17,,1,1,0,81.2,73,36,36,7,21,0,120,4,0,2,338,1.151,8,0.8,2.3,13.2,5.71,,player.fcgi?id=riojas000rug
Kaleb Rogers,19,2026,Texas,SEC,0,0,,27,2,0,,0,0,0,0.2,2,2,2,0,1,0,2,0,0,0,5,4.5,27,0,13.5,27,2,,player.fcgi?id=rogers000kal
Dylan Volantis*,20,2026,Texas,SEC,10,2,0.833,2.08,17,16,,0,0,0,95,67,28,22,3,28,0,135,11,0,13,395,1,6.3,0.3,2.7,12.8,4.82,,player.fcgi?id=volant000dyl
Ethan Walker*,22,2026,Texas,SEC,1,1,0.5,2.6,25,0,,0,0,0,17.1,19,7,5,1,3,0,14,1,0,0,74,1.269,9.9,0.5,1.6,7.3,4.67,,player.fcgi?id=walker003eth
Brody Walls,19,2026,Texas,SEC,2,0,1,5.4,19,0,,0,0,0,31.2,24,20,19,6,10,0,38,8,0,2,137,1.074,6.8,1.7,2.8,10.8,3.8,,player.fcgi?id=walls-000bro
Michael Winter,19,2026,Texas,SEC,1,0,1,5.93,12,2,,0,0,1,13.2,16,10,9,1,8,0,13,1,2,2,63,1.756,10.5,0.7,5.3,8.6,1.63,,player.fcgi?id=winter005mic
Kade Bing*,20,2025,Texas,SEC,3,0,1,3.15,12,10,,0,0,0,40,30,15,14,1,9,0,23,9,0,7,163,0.975,6.8,0.2,2,5.2,2.56,,player.fcgi?id=bing--000kad
Thomas Burns,20,2025,Texas,SEC,1,2,0.333,3.71,19,0,,0,0,4,26.2,17,13,11,4,16,0,40,3,0,0,114,1.238,5.7,1.4,5.4,13.5,2.5,,player.fcgi?id=burns-005tho
Andre Duplantier,24,2025,Texas,SEC,2,0,1,4.68,16,0,,0,0,0,25,16,14,13,2,10,1,20,8,0,1,107,1.04,5.8,0.7,3.6,7.2,2,,player.fcgi?id=duplan000and
Jason Flores,19,2025,Texas,SEC,4,2,0.667,2.78,14,5,,0,0,0,32.1,23,17,10,1,10,0,27,14,0,0,138,1.021,6.4,0.3,2.8,7.5,2.7,,player.fcgi?id=flores000jas
Max Grubbs,21,2025,Texas,SEC,6,2,0.75,2.84,22,1,,0,0,5,57,50,22,18,8,14,0,61,5,0,2,233,1.123,7.9,1.3,2.2,9.6,4.36,,player.fcgi?id=grubbs000max
Hudson Hamilton,19,2025,Texas,SEC,0,1,0,3.45,9,1,,0,0,2,15.2,9,6,6,2,7,0,16,1,0,2,63,1.021,5.2,1.1,4,9.2,2.29,,player.fcgi?id=hamilt000hud
Luke Harrison*,22,2025,Texas,SEC,5,1,0.833,3.06,15,15,,0,0,0,70.2,63,37,24,4,24,0,72,21,1,3,315,1.231,8,0.5,3.1,9.2,3,,player.fcgi?id=harris002luk
Cody Howard,22,2025,Texas,SEC,1,0,1,5.02,9,0,,0,0,0,14.1,10,8,8,1,12,0,13,3,0,3,66,1.535,6.3,0.6,7.5,8.2,1.08,,player.fcgi?id=howard002cod
Connor McCreery,22,2025,Texas,SEC,0,0,,18,3,0,,0,0,0,1,0,4,2,0,5,0,0,1,0,2,9,5,0,0,45,0,0,,player.fcgi?id=mccree000con
Will Mercer*,25,2025,Texas,SEC,0,1,0,9,3,0,,0,0,0,2,4,2,2,0,2,0,3,0,0,1,12,3,18,0,9,13.5,1.5,,player.fcgi?id=mercer000wil
Aiden Moffett,21,2025,Texas,SEC,0,0,,2.25,6,0,,0,0,0,4,1,1,1,0,4,0,7,2,0,3,17,1.25,2.3,0,9,15.8,1.75,,player.fcgi?id=moffet000aid
Bryce Navarre*,19,2025,Texas,SEC,1,0,1,8.1,6,0,,0,0,0,6.2,6,6,6,1,8,0,6,0,0,1,32,2.1,8.1,1.4,10.8,8.1,0.75,,player.fcgi?id=navarr000bry
Drew Rerick,19,2025,Texas,SEC,1,0,1,9,7,2,,0,0,0,7,5,7,7,1,11,0,7,2,2,2,39,2.286,6.4,1.3,14.1,9,0.64,,player.fcgi?id=rerick000dre
Ruger Riojas,21,2025,Texas,SEC,9,3,0.75,5.61,18,10,,0,0,0,69,68,45,43,12,21,0,62,11,0,3,300,1.29,8.9,1.6,2.7,8.1,2.95,,player.fcgi?id=riojas000rug
Grayson Saunier,21,2025,Texas,SEC,2,0,1,3.86,12,1,,0,0,1,25.2,22,11,11,2,10,0,17,6,0,0,112,1.247,7.7,0.7,3.5,6,1.7,,player.fcgi?id=saunie000gra
Jared Spencer*,21,2025,Texas,SEC,4,1,0.8,3.27,10,10,,0,0,0,52.1,41,19,19,6,23,0,66,7,0,3,225,1.223,7.1,1,4,11.4,2.87,,player.fcgi?id=spence000jar
Dylan Volantis*,19,2025,Texas,SEC,4,1,0.8,1.94,23,1,,0,0,12,51,33,13,11,3,12,0,74,4,0,0,197,0.882,5.8,0.5,2.1,13.1,6.17,,player.fcgi?id=volant000dyl
Ethan Walker*,21,2025,Texas,SEC,1,0,1,4.4,10,2,,0,0,0,14.1,10,10,7,0,2,0,12,6,0,0,59,0.837,6.3,0,1.3,7.5,6,,player.fcgi?id=walker003eth
Luke Billings,19,2026,Texas A&M,SEC,0,0,,40.5,3,0,,0,0,0,1.1,2,8,6,0,4,0,3,2,0,0,13,4.5,13.5,0,27,20.3,0.75,,player.fcgi?id=billin001luk
Hunter Bond*,22,2026,Texas A&M,SEC,0,0,,1.93,5,0,,0,0,0,9.1,5,3,2,2,2,0,9,1,0,0,35,0.75,4.8,1.9,1.9,8.7,4.5,,player.fcgi?id=bond--000hun
Grant Cunningham,22,2026,Texas A&M,SEC,4,1,0.8,7.91,17,0,,0,0,1,33,51,30,29,7,9,0,29,1,0,0,154,1.818,13.9,1.9,2.5,7.9,3.22,,player.fcgi?id=cunnin000gra
Ethan Darden*,22,2026,Texas A&M,SEC,4,4,0.5,5.56,25,5,,0,0,0,34,38,23,21,3,15,1,25,5,0,2,156,1.559,10.1,0.8,4,6.6,1.67,,player.fcgi?id=darden000eth
Clayton Freshcorn,21,2026,Texas A&M,SEC,4,3,0.571,2.82,27,1,,0,0,12,54.1,51,18,17,6,6,2,56,5,0,1,223,1.049,8.4,1,1,9.3,9.33,,player.fcgi?id=freshc000cla
Cole Hubert*,20,2026,Texas A&M,SEC,0,0,,9.31,14,5,,0,0,0,19.1,34,23,20,4,10,0,22,3,0,0,104,2.276,15.8,1.9,4.7,10.2,2.2,,player.fcgi?id=hubert000col
Gavin Lyons,20,2026,Texas A&M,SEC,9,0,1,5.06,29,3,,0,0,0,69.1,77,42,39,15,19,1,56,8,0,0,311,1.385,10,1.9,2.5,7.3,2.95,,player.fcgi?id=lyons-000gav
Weston Moss,22,2026,Texas A&M,SEC,5,2,0.714,5.46,15,14,,0,0,0,64.1,65,41,39,17,21,1,69,5,0,3,278,1.337,9.1,2.4,2.9,9.7,3.29,,player.fcgi?id=moss--003wes
Cooper Powell*,20,2026,Texas A&M,SEC,0,0,,2.19,11,0,,0,0,0,12.1,7,4,3,2,8,0,20,3,0,1,56,1.216,5.1,1.5,5.8,14.6,2.5,,player.fcgi?id=powell001coo
Shane Sdao*,22,2026,Texas A&M,SEC,4,4,0.5,7.03,17,13,,0,0,0,71.2,98,59,56,16,20,1,83,7,1,3,339,1.647,12.3,2,2.5,10.4,4.15,,player.fcgi?id=sdao--000sha
Aiden Sims,20,2026,Texas A&M,SEC,8,1,0.889,3.84,13,13,,1,1,0,68,54,33,29,13,19,0,73,8,0,1,282,1.074,7.1,1.7,2.5,9.7,3.84,,player.fcgi?id=sims--000aid
Josh Stewart,23,2026,Texas A&M,SEC,1,0,1,1.42,5,0,,0,0,1,6.1,5,1,1,0,1,0,10,0,0,1,23,0.947,7.1,0,1.4,14.2,10,,player.fcgi?id=stewar011jos
Juan Vargas,21,2026,Texas A&M,SEC,2,1,0.667,4.44,20,3,,0,0,0,26.1,25,14,13,5,10,0,22,3,1,4,117,1.329,8.5,1.7,3.4,7.5,2.2,,player.fcgi?id=vargas003jua
Hunter Vincent*,19,2026,Texas A&M,SEC,0,0,,6.35,10,0,,0,0,0,11.1,9,8,8,0,11,0,20,5,1,2,57,1.765,7.1,0,8.7,15.9,1.82,,player.fcgi?id=vincen000hun
Ty Baker,20,2025,Texas A&M,SEC,0,0,,40.5,1,0,,0,0,0,0.2,3,3,3,0,2,0,1,0,0,1,7,7.5,40.5,0,27,13.5,0.5,,player.fcgi?id=baker-001ty-
Jackson Brasseux*,20,2025,Texas A&M,SEC,0,0,,0,1,0,,0,0,0,1,1,0,0,0,0,0,2,0,0,0,4,1,9,0,0,18,,,player.fcgi?id=brasse000jac
Grant Cunningham,21,2025,Texas A&M,SEC,1,0,1,3.18,7,0,,0,0,0,11.1,9,6,4,2,3,0,5,2,0,1,48,1.059,7.1,1.6,2.4,4,1.67,,player.fcgi?id=cunnin000gra
Clayton Freshcorn,20,2025,Texas A&M,SEC,2,2,0.5,4.67,23,0,,0,0,2,27,24,15,14,1,9,0,33,4,1,1,118,1.222,8,0.3,3,11,3.67,,player.fcgi?id=freshc000cla
Luke Jackson,21,2025,Texas A&M,SEC,1,0,1,5.89,18,0,,0,0,1,18.1,21,14,12,2,12,0,24,6,0,0,96,1.8,10.3,1,5.9,11.8,2,,player.fcgi?id=jackso008luk
Justin Lamkin*,21,2025,Texas A&M,SEC,5,7,0.417,3.42,15,15,,1,1,0,84.1,74,37,32,10,19,0,98,9,0,1,350,1.103,7.9,1.1,2,10.5,5.16,,player.fcgi?id=lamkin000jus
Blayne Lyne,19,2025,Texas A&M,SEC,0,0,,0,1,0,,0,0,0,0.1,0,0,0,0,1,0,0,0,0,0,2,3,0,0,27,0,0,,player.fcgi?id=lyne--000bla
Gavin Lyons,19,2025,Texas A&M,SEC,2,0,1,2.52,10,5,,0,0,0,25,19,7,7,2,7,0,21,8,0,0,103,1.04,6.8,0.7,2.5,7.6,3,,player.fcgi?id=lyons-000gav
Caden McCoy*,19,2025,Texas A&M,SEC,3,2,0.6,4.91,14,0,,0,0,2,22,18,13,12,4,9,0,29,0,0,3,97,1.227,7.4,1.6,3.7,11.9,3.22,,player.fcgi?id=mccoy-000cad
Isaac Morton,20,2025,Texas A&M,SEC,1,0,1,2.45,3,0,,0,0,0,3.2,4,1,1,0,4,0,4,2,0,0,20,2.182,9.8,0,9.8,9.8,1,,player.fcgi?id=morton000isa
Weston Moss,21,2025,Texas A&M,SEC,6,3,0.667,3.19,22,2,,0,0,1,48,39,19,17,3,18,0,50,5,0,0,206,1.188,7.3,0.6,3.4,9.4,2.78,,player.fcgi?id=moss--003wes
Myles Patton*,21,2025,Texas A&M,SEC,3,5,0.375,5.26,15,15,,0,0,0,77,81,45,45,9,17,0,82,11,1,2,332,1.273,9.5,1.1,2,9.6,4.82,,player.fcgi?id=patton000myl
Ryan Prager*,22,2025,Texas A&M,SEC,4,4,0.5,4.21,15,15,,1,1,0,83.1,84,45,39,16,21,0,73,5,0,1,350,1.26,9.1,1.7,2.3,7.9,3.48,,player.fcgi?id=prager000rya
Brad Rudis,22,2025,Texas A&M,SEC,1,1,0.5,2.84,20,1,,0,0,0,31.2,26,10,10,4,11,2,35,5,0,0,135,1.168,7.4,1.1,3.1,9.9,3.18,,player.fcgi?id=rudis-000bra
Aiden Sims,19,2025,Texas A&M,SEC,1,0,1,7.62,6,3,,0,0,0,13,16,15,11,4,5,0,13,2,0,1,62,1.615,11.1,2.8,3.5,9,2.6,,player.fcgi?id=sims--000aid
Peyton Smith,22,2025,Texas A&M,SEC,0,0,,31.5,5,0,,0,0,0,2,7,9,7,1,3,0,2,2,0,1,19,5,31.5,4.5,13.5,9,0.67,,player.fcgi?id=smith-003pey
Josh Stewart,22,2025,Texas A&M,SEC,0,0,,,1,0,,0,0,0,0,1,1,0,0,0,0,0,0,0,1,1,,,,,,,,player.fcgi?id=stewar011jos
Kaiden Wilson*,21,2025,Texas A&M,SEC,0,2,0,4.43,22,0,,0,0,1,22.1,18,16,11,3,10,1,28,3,0,1,95,1.254,7.3,1.2,4,11.3,2.8,,player.fcgi?id=wilson000kai
Brett Antolick,19,2024,Texas A&M,SEC,0,0,,9.64,4,1,,0,0,0,4.2,9,6,5,1,2,0,1,0,0,0,25,2.357,17.4,1.9,3.9,1.9,0.5,,player.fcgi?id=antoli000bre
Eldridge Armstrong,21,2024,Texas A&M,SEC,0,0,,7.71,4,0,,0,0,0,4.2,6,4,4,1,2,0,7,0,0,0,22,1.714,11.6,1.9,3.9,13.5,3.5,,player.fcgi?id=armstr002eld
Evan Aschenbeck*,23,2024,Texas A&M,SEC,6,1,0.857,1.78,32,0,,0,0,10,75.2,55,17,15,7,12,1,87,1,0,4,296,0.885,6.5,0.8,1.4,10.3,7.25,,player.fcgi?id=aschen000eva
Zane Badmaev,24,2024,Texas A&M,SEC,3,0,1,2.59,17,1,,0,0,1,24.1,18,7,7,0,5,0,29,3,0,0,101,0.945,6.7,0,1.8,10.7,5.8,,player.fcgi?id=badmae000zan
Jason Bodin,19,2024,Texas A&M,SEC,0,0,,0,2,0,,0,0,0,1,1,2,0,0,3,0,1,0,0,0,8,4,9,0,27,9,0.33,,player.fcgi?id=bodin-000jas
Chris Cortez,21,2024,Texas A&M,SEC,10,3,0.769,2.78,25,3,,0,0,0,64.2,43,28,20,7,37,0,102,10,0,5,278,1.237,6,1,5.1,14.2,2.76,,player.fcgi?id=cortez000chr
Luke Jackson,20,2024,Texas A&M,SEC,0,0,,5.4,8,2,,0,0,0,8.1,8,5,5,2,6,0,4,2,0,1,40,1.68,8.6,2.2,6.5,4.3,0.67,,player.fcgi?id=jackso008luk
Jett Johnston,19,2024,Texas A&M,SEC,0,0,,27,2,0,,0,0,0,2,5,6,6,2,2,0,2,1,0,0,13,3.5,22.5,9,9,9,1,,player.fcgi?id=johnst000jet
Tanner Jones,21,2024,Texas A&M,SEC,3,1,0.75,6.33,15,12,,0,0,0,48.1,61,36,34,8,19,0,47,8,0,2,227,1.655,11.4,1.5,3.5,8.8,2.47,,player.fcgi?id=jones-002tan
Justin Lamkin*,20,2024,Texas A&M,SEC,3,3,0.5,5.21,19,16,,0,0,0,65.2,64,38,38,11,22,0,88,11,1,3,289,1.31,8.8,1.5,3,12.1,4,,player.fcgi?id=lamkin000jus
Braden Montgomery,21,2024,Texas A&M,SEC,0,0,,18,2,1,,0,0,0,2,1,4,4,1,4,0,2,0,0,1,11,2.5,4.5,4.5,18,9,0.5,,player.fcgi?id=montgo002bra
Isaac Morton,19,2024,Texas A&M,SEC,1,0,1,2.87,10,4,,0,0,0,15.2,6,10,5,0,17,0,22,9,0,4,82,1.468,3.4,0,9.8,12.6,1.29,,player.fcgi?id=morton000isa
Weston Moss,20,2024,Texas A&M,SEC,3,0,1,4.56,20,2,,0,0,0,23.2,22,13,12,4,10,0,26,6,0,3,109,1.352,8.4,1.5,3.8,9.9,2.6,,player.fcgi?id=moss--003wes
Brock Peery,22,2024,Texas A&M,SEC,2,1,0.667,3.54,24,0,,0,0,0,20.1,6,10,8,1,17,0,22,7,0,2,89,1.131,2.7,0.4,7.5,9.7,1.29,,player.fcgi?id=peery-000bro
Ryan Prager*,21,2024,Texas A&M,SEC,9,1,0.9,2.95,19,19,,1,1,0,97.2,83,36,32,12,20,0,124,5,0,1,398,1.055,7.6,1.1,1.8,11.4,6.2,,player.fcgi?id=prager000rya
Brad Rudis,21,2024,Texas A&M,SEC,6,0,1,2.55,24,2,,0,0,0,35.1,35,10,10,6,12,2,35,3,0,3,150,1.33,8.9,1.5,3.1,8.9,2.92,,player.fcgi?id=rudis-000bra
Shane Sdao*,20,2024,Texas A&M,SEC,5,1,0.833,2.96,20,5,,0,0,2,48.2,42,17,16,7,9,1,55,1,0,4,194,1.048,7.8,1.3,1.7,10.2,6.11,,player.fcgi?id=sdao--000sha
Peyton Smith,21,2024,Texas A&M,SEC,0,0,,12,7,0,,0,0,0,6,13,8,8,2,4,1,7,2,0,2,37,2.833,19.5,3,6,10.5,1.75,,player.fcgi?id=smith-003pey
Josh Stewart,21,2024,Texas A&M,SEC,2,2,0.5,4.26,25,0,,0,0,0,31.2,31,15,15,7,9,0,39,1,0,3,134,1.263,8.8,2,2.6,11.1,4.33,,player.fcgi?id=stewar011jos
Troy Wansing*,21,2024,Texas A&M,SEC,0,0,,13.5,1,0,,0,0,0,0.2,1,1,1,0,0,0,0,1,0,0,4,1.5,13.5,0,0,0,,,player.fcgi?id=wansin000tro
Kaiden Wilson*,20,2024,Texas A&M,SEC,0,2,0,9.82,10,0,,0,0,0,11,17,13,12,4,7,0,15,4,0,0,58,2.182,13.9,3.3,5.7,12.3,2.14,,player.fcgi?id=wilson000kai
Evan Aschenbeck*,22,2023,Texas A&M,SEC,8,1,0.889,3.46,26,0,,0,0,3,65,59,27,25,4,20,1,75,4,1,3,273,1.215,8.2,0.6,2.8,10.4,3.75,,player.fcgi?id=aschen000eva
Chris Cortez,20,2023,Texas A&M,SEC,3,1,0.75,7.34,19,6,,0,0,1,41.2,46,39,34,2,40,1,39,4,0,4,214,2.064,9.9,0.4,8.6,8.4,0.98,,player.fcgi?id=cortez000chr
Nathan Dettmer,21,2023,Texas A&M,SEC,1,4,0.2,6.32,17,17,,0,0,0,72.2,78,55,51,10,42,0,65,5,0,11,338,1.651,9.7,1.2,5.2,8.1,1.55,,player.fcgi?id=dettme000nat
Matt Dillard*,23,2023,Texas A&M,SEC,1,3,0.25,4.6,19,2,,0,0,2,29.1,34,17,15,2,11,0,31,2,0,1,133,1.534,10.4,0.6,3.4,9.5,2.82,,player.fcgi?id=dillar002mat
Brandyn Garcia*,23,2023,Texas A&M,SEC,3,3,0.5,5.56,27,0,,0,0,1,43.2,33,29,27,5,23,0,56,9,0,5,189,1.282,6.8,1,4.7,11.5,2.43,,player.fcgi?id=garcia003bra
Robert Hogan,21,2023,Texas A&M,SEC,1,0,1,14.63,15,0,,0,0,0,8,14,13,13,0,11,0,15,2,0,4,51,3.125,15.8,0,12.4,16.9,1.36,,player.fcgi?id=hogan-000rob
Will Johnston*,22,2023,Texas A&M,SEC,3,3,0.5,5.89,27,6,,0,0,4,47.1,46,33,31,9,31,2,70,6,1,17,225,1.627,8.7,1.7,5.9,13.3,2.26,,player.fcgi?id=johnst007wil
Carson Lambert,23,2023,Texas A&M,SEC,2,1,0.667,7.84,16,1,,0,0,0,20.2,20,18,18,6,11,0,19,4,0,2,96,1.5,8.7,2.6,4.8,8.3,1.73,,player.fcgi?id=lamber002car
Justin Lamkin*,19,2023,Texas A&M,SEC,3,3,0.5,5.92,19,10,,0,0,1,59.1,48,41,39,7,32,0,74,7,1,1,266,1.348,7.3,1.1,4.9,11.2,2.31,,player.fcgi?id=lamkin000jus
Brad Rudis,20,2023,Texas A&M,SEC,5,0,1,4.32,17,0,,0,0,0,25,37,15,12,2,14,1,23,3,0,5,124,2.04,13.3,0.7,5,8.3,1.64,,player.fcgi?id=rudis-000bra
Shane Sdao*,19,2023,Texas A&M,SEC,4,1,0.8,4.78,22,2,,0,0,0,43.1,54,27,23,2,15,0,46,3,0,4,198,1.592,11.2,0.4,3.1,9.6,3.07,,player.fcgi?id=sdao--000sha
Ty Sexton,21,2023,Texas A&M,SEC,1,3,0.25,6.39,14,2,,0,0,1,25.1,31,19,18,3,15,0,14,4,0,3,124,1.816,11,1.1,5.3,5,0.93,,player.fcgi?id=sexton000ty-
Josh Stewart,20,2023,Texas A&M,SEC,0,0,,6.75,11,1,,0,0,0,16,20,13,12,3,10,0,22,2,0,4,77,1.875,11.3,1.7,5.6,12.4,2.2,,player.fcgi?id=stewar011jos
Wyatt Tucker,21,2023,Texas A&M,SEC,0,0,,3.75,4,4,,0,0,0,12,13,9,5,3,10,0,6,2,0,1,60,1.917,9.8,2.3,7.5,4.5,0.6,,player.fcgi?id=tucker001wya
Troy Wansing*,20,2023,Texas A&M,SEC,3,4,0.429,5.5,18,14,,0,0,2,52.1,53,33,32,5,33,1,72,6,0,4,246,1.643,9.1,0.9,5.7,12.4,2.18,,player.fcgi?id=wansin000tro
Jaren Warwick,21,2023,Texas A&M,SEC,0,0,,0,4,0,,0,0,0,4.2,5,0,0,0,2,0,6,2,0,2,22,1.5,9.6,0,3.9,11.6,3,,player.fcgi?id=warwic000jar
Jonathan Childress*,22,2022,Texas A&M,SEC,0,0,,0,1,0,,0,0,0,0.1,0,0,0,0,0,0,0,0,0,0,1,0,0,0,0,0,,,player.fcgi?id=childr000jon
Chris Cortez,19,2022,Texas A&M,SEC,6,3,0.667,4.91,25,1,,0,0,0,44,47,32,24,2,13,0,32,4,0,5,200,1.364,9.6,0.4,2.7,6.5,2.46,,player.fcgi?id=cortez000chr
Khristian Curtis,20,2022,Texas A&M,SEC,2,0,1,1.42,5,5,,0,0,0,19,17,3,3,0,8,0,15,2,0,4,82,1.316,8.1,0,3.8,7.1,1.88,,player.fcgi?id=curtis000khr
Micah Dallas,22,2022,Texas A&M,SEC,7,3,0.7,5.18,18,16,,0,0,0,81.2,100,52,47,13,22,0,86,5,0,12,369,1.494,11,1.4,2.4,9.5,3.91,,player.fcgi?id=dallas000mic
Nathan Dettmer,20,2022,Texas A&M,SEC,6,3,0.667,4.99,19,19,,0,0,0,92,98,58,51,4,25,0,82,7,1,9,408,1.337,9.6,0.4,2.4,8,3.28,,player.fcgi?id=dettme000nat
Trey Dillard,23,2022,Texas A&M,SEC,0,0,,0,1,0,,0,0,0,1,0,0,0,0,2,0,1,0,0,0,5,2,0,0,18,9,0.5,,player.fcgi?id=dillar000tre
Jack Hamilton,19,2022,Texas A&M,SEC,0,0,,3.18,5,0,,0,0,0,5.2,4,2,2,0,4,0,5,0,0,0,28,1.412,6.4,0,6.4,7.9,1.25,,player.fcgi?id=hamilt006jac
Rawley Hector,20,2022,Texas A&M,SEC,1,0,1,7.98,9,0,,0,0,0,14.2,18,14,13,3,2,0,7,3,0,1,67,1.364,11,1.8,1.2,4.3,3.5,,player.fcgi?id=hector000raw
Robert Hogan,20,2022,Texas A&M,SEC,3,1,0.75,4.91,18,0,,0,0,2,18.1,13,10,10,0,12,0,17,4,0,4,85,1.364,6.4,0,5.9,8.3,1.42,,player.fcgi?id=hogan-000rob
Will Johnston*,21,2022,Texas A&M,SEC,3,1,0.75,3.25,23,2,,0,0,4,36,33,15,13,2,18,1,49,5,0,4,163,1.417,8.3,0.5,4.5,12.3,2.72,,player.fcgi?id=johnst007wil
Xavier Lovett,21,2022,Texas A&M,SEC,0,0,,12,7,0,,0,0,0,6,5,10,8,0,5,0,6,2,0,3,31,1.667,7.5,0,7.5,9,1.2,,player.fcgi?id=lovett000xav
Alex Magers,22,2022,Texas A&M,SEC,0,0,,5.59,8,0,,0,0,0,9.2,15,7,6,2,5,0,9,1,0,2,51,2.069,14,1.9,4.7,8.4,1.8,,player.fcgi?id=magers000ale
Joseph Menefee*,22,2022,Texas A&M,SEC,6,2,0.75,5.6,28,0,,0,0,2,53,46,39,33,7,42,1,87,9,0,9,251,1.66,7.8,1.2,7.1,14.8,2.07,,player.fcgi?id=menefe000jos
Jake Palisch*,23,2022,Texas A&M,SEC,6,3,0.667,2.39,29,0,,0,0,5,60.1,53,18,16,1,12,4,73,7,0,6,255,1.077,7.9,0.1,1.8,10.9,6.08,,player.fcgi?id=palisc000jac
Ryan Prager*,19,2022,Texas A&M,SEC,1,4,0.2,5.16,18,16,,0,0,0,59.1,61,41,34,7,25,0,53,7,0,6,268,1.449,9.3,1.1,3.8,8,2.12,,player.fcgi?id=prager000rya
Brad Rudis,19,2022,Texas A&M,SEC,3,0,1,5.22,26,2,,0,0,3,39.2,42,25,23,7,13,0,36,2,0,2,174,1.387,9.5,1.6,2.9,8.2,2.77,,player.fcgi?id=rudis-000bra
Wyatt Tucker,20,2022,Texas A&M,SEC,0,0,,4.79,10,2,,0,0,0,20.2,19,12,11,3,12,0,26,1,0,5,94,1.5,8.3,1.3,5.2,11.3,2.17,,player.fcgi?id=tucker001wya
Walker Zander,23,2022,Texas A&M,SEC,0,0,,5.79,5,1,,0,0,0,4.2,11,7,3,0,0,0,4,0,0,1,27,2.357,21.2,0,0,7.7,,,player.fcgi?id=zander000wal
Kobe Andrade*,18,2021,Texas A&M,SEC,0,0,,6.75,7,0,,0,0,0,4,4,3,3,0,1,0,3,1,0,1,18,1.25,9,0,2.3,6.8,3,,player.fcgi?id=andrad000kob
Jonathan Childress*,21,2021,Texas A&M,SEC,3,4,0.429,4.61,15,11,,0,0,0,52.2,53,29,27,5,24,1,67,5,1,2,237,1.462,9.1,0.9,4.1,11.4,2.79,,player.fcgi?id=childr000jon
Gabe Craig,19,2021,Texas A&M,SEC,0,0,,7.71,4,0,,0,0,0,2.1,1,2,2,0,4,0,1,0,0,0,12,2.143,3.9,0,15.4,3.9,0.25,,player.fcgi?id=craig-000gab
Nathan Dettmer,19,2021,Texas A&M,SEC,3,2,0.6,4.37,17,12,,0,0,0,55.2,60,32,27,5,27,0,49,5,0,3,257,1.563,9.7,0.8,4.4,7.9,1.81,,player.fcgi?id=dettme000nat
Chris Farrell,24,2021,Texas A&M,SEC,0,0,,3.48,10,0,,0,0,0,10.1,13,6,4,2,6,0,9,2,0,1,52,1.839,11.3,1.7,5.2,7.8,1.5,,player.fcgi?id=farrel001chr
Will Johnston*,20,2021,Texas A&M,SEC,0,0,,12.96,8,0,,0,0,0,8.1,16,13,12,0,5,0,8,2,0,3,46,2.52,17.3,0,5.4,8.6,1.6,,player.fcgi?id=johnst007wil
Chandler Jozwiak*,22,2021,Texas A&M,SEC,2,4,0.333,3.48,28,0,,0,0,8,62,54,26,24,4,18,7,79,15,0,7,265,1.161,7.8,0.6,2.6,11.5,4.39,,player.fcgi?id=jozwia000cha
Alex Magers,21,2021,Texas A&M,SEC,2,2,0.5,3.75,23,0,,0,0,0,24,26,10,10,4,8,2,19,3,0,0,105,1.417,9.8,1.5,3,7.1,2.38,,player.fcgi?id=magers000ale
Joseph Menefee*,21,2021,Texas A&M,SEC,4,2,0.667,3,20,0,,0,0,1,33,17,11,11,1,21,2,50,6,0,4,141,1.152,4.6,0.3,5.7,13.6,2.38,,player.fcgi?id=menefe000jos
Bryce Miller,22,2021,Texas A&M,SEC,3,2,0.6,4.45,13,10,,0,0,0,56.2,48,34,28,8,37,1,70,13,0,6,264,1.5,7.6,1.3,5.9,11.1,1.89,,player.fcgi?id=miller004bry
Mason Ornelas,20,2021,Texas A&M,SEC,3,2,0.6,5.11,18,1,,0,0,0,37,39,25,21,3,12,2,42,4,0,3,163,1.378,9.5,0.7,2.9,10.2,3.5,,player.fcgi?id=ornela000mas
Dustin Saenz*,22,2021,Texas A&M,SEC,6,6,0.5,4.27,14,14,,0,0,0,84.1,83,45,40,12,23,3,104,4,0,4,362,1.257,8.9,1.3,2.5,11.1,4.52,,player.fcgi?id=saenz-000dus
Wyatt Tucker,19,2021,Texas A&M,SEC,0,0,,15,7,0,,0,0,0,6,13,11,10,3,5,0,8,0,0,1,35,3,19.5,4.5,7.5,12,1.6,,player.fcgi?id=tucker001wya
Chris Weber*,21,2021,Texas A&M,SEC,1,3,0.25,4.78,18,8,,0,0,1,52.2,52,41,28,8,21,1,49,8,0,5,242,1.386,8.9,1.4,3.6,8.4,2.33,,player.fcgi?id=weber-002chr
Trevor Werner,20,2021,Texas A&M,SEC,2,0,1,7.71,9,0,,0,0,0,9.1,17,8,8,1,8,1,11,1,0,1,51,2.679,16.4,1,7.7,10.6,1.38,,player.fcgi?id=werner000tre
Dawson Barr,21,2020,Texas A&M,SEC,0,0,,0,2,0,,0,0,0,2,1,0,0,0,2,0,2,0,0,0,8,1.5,4.5,0,9,9,1,,player.fcgi?id=barr--000daw
Jonathan Childress*,20,2020,Texas A&M,SEC,2,0,1,1.84,4,4,,0,0,0,14.2,11,5,3,3,4,0,17,1,0,2,61,1.023,6.8,1.8,2.5,10.4,4.25,,player.fcgi?id=childr000jon
Colson Geisler*,20,2020,Texas A&M,SEC,0,0,,0,3,0,,0,0,0,1.1,3,0,0,0,0,0,2,0,0,1,7,2.25,20.3,0,0,13.5,,,player.fcgi?id=geisle000col
Will Johnston*,19,2020,Texas A&M,SEC,0,0,,9.45,8,0,,0,0,0,6.2,9,7,7,0,3,0,5,1,0,0,32,1.8,12.2,0,4.1,6.8,1.67,,player.fcgi?id=johnst007wil
Chandler Jozwiak*,21,2020,Texas A&M,SEC,2,0,1,3.12,5,3,,0,0,0,17.1,22,12,6,1,4,2,14,2,0,0,82,1.5,11.4,0.5,2.1,7.3,3.5,,player.fcgi?id=jozwia000cha
Asa Lacy*,21,2020,Texas A&M,SEC,3,0,1,0.75,4,4,,0,0,0,24,9,2,2,0,8,0,46,4,0,3,93,0.708,3.4,0,3,17.3,5.75,,player.fcgi?id=lacy--000asa
Alex Magers,20,2020,Texas A&M,SEC,0,0,,1.69,8,0,,0,0,0,5.1,7,1,1,0,2,0,7,0,0,0,28,1.688,11.8,0,3.4,11.8,3.5,,player.fcgi?id=magers000ale
Joseph Menefee*,20,2020,Texas A&M,SEC,0,0,,4.5,7,0,,0,0,0,4,4,2,2,0,3,0,5,2,0,2,22,1.75,9,0,6.8,11.3,1.67,,player.fcgi?id=menefe000jos
Bryce Miller,21,2020,Texas A&M,SEC,1,2,0.333,3.27,8,0,,0,0,3,11,7,4,4,0,2,0,14,1,0,1,43,0.818,5.7,0,1.6,11.5,7,,player.fcgi?id=miller004bry
Jake Nelson,23,2020,Texas A&M,SEC,1,0,1,0,6,0,,0,0,0,4.2,2,3,0,0,4,0,7,3,1,0,24,1.286,3.9,0,7.7,13.5,1.75,,player.fcgi?id=nelson000jak
Mason Ornelas,19,2020,Texas A&M,SEC,1,0,1,1.08,7,0,,0,0,0,8.1,3,1,1,1,1,0,13,0,0,0,29,0.48,3.2,1.1,1.1,14,13,,player.fcgi?id=ornela000mas
Christian Roa,21,2020,Texas A&M,SEC,2,1,0.667,5.85,4,4,,0,0,0,20,18,14,13,4,9,2,35,0,0,0,89,1.35,8.1,1.8,4.1,15.8,3.89,,player.fcgi?id=roa---000chr
Dustin Saenz*,21,2020,Texas A&M,SEC,2,0,1,3.12,7,2,,0,0,0,17.1,24,9,6,0,7,0,22,1,0,1,82,1.788,12.5,0,3.6,11.4,3.14,,player.fcgi?id=saenz-000dus
Evan Vanek,19,2020,Texas A&M,SEC,0,0,,18,1,0,,0,0,0,1,2,2,2,0,1,0,2,1,0,1,7,3,18,0,9,18,2,,player.fcgi?id=vanek-000eva
Chris Weber*,20,2020,Texas A&M,SEC,1,0,1,2.35,5,1,,0,0,1,15.1,10,4,4,1,7,0,20,0,0,0,61,1.109,5.9,0.6,4.1,11.7,2.86,,player.fcgi?id=weber-002chr
Trevor Werner,19,2020,Texas A&M,SEC,0,0,,0,2,0,,0,0,0,1.2,2,0,0,0,0,0,3,0,0,0,7,1.2,10.8,0,0,16.2,,,player.fcgi?id=werner000tre
Cam Wynne,21,2020,Texas A&M,SEC,0,0,,0,2,0,,0,0,0,1.1,0,0,0,0,2,0,3,0,0,0,6,1.5,0,0,13.5,20.3,1.5,,player.fcgi?id=wynne-000cam
Brandon Birdsell,19,2019,Texas A&M,SEC,1,0,1,6.43,9,0,,0,0,0,7,6,5,5,3,6,0,8,1,0,0,33,1.714,7.7,3.9,7.7,10.3,1.33,,player.fcgi?id=birdse000bra
Jonathan Childress*,19,2019,Texas A&M,SEC,0,1,0,2.13,3,3,,0,0,0,12.2,7,4,3,1,1,0,8,1,0,1,47,0.632,5,0.7,0.7,5.7,8,,player.fcgi?id=childr000jon
Mason Cole,21,2019,Texas A&M,SEC,0,0,,5.4,6,0,,0,0,0,8.1,10,5,5,0,4,0,9,1,1,0,38,1.68,10.8,0,4.3,9.7,2.25,,player.fcgi?id=cole--000mas
John Doxakis*,20,2019,Texas A&M,SEC,7,4,0.636,2.06,16,16,,0,0,0,104.2,80,31,24,5,26,2,115,13,0,11,429,1.013,6.9,0.4,2.2,9.9,4.42,,player.fcgi?id=doxaki000joh
Colson Geisler*,19,2019,Texas A&M,SEC,0,0,,0,2,0,,0,0,0,0.2,1,1,0,0,1,0,1,1,0,2,6,3,13.5,0,13.5,13.5,1,,player.fcgi?id=geisle000col
Chandler Jozwiak*,20,2019,Texas A&M,SEC,4,5,0.444,4.76,26,5,,0,0,1,58.2,57,35,31,8,25,1,80,7,2,3,262,1.398,8.7,1.2,3.8,12.3,3.2,,player.fcgi?id=jozwia000cha
Kasey Kalich,21,2019,Texas A&M,SEC,3,1,0.75,3.18,28,0,,0,0,12,34,32,15,12,2,13,4,51,1,0,5,149,1.324,8.5,0.5,3.4,13.5,3.92,,player.fcgi?id=kalich000kas
Asa Lacy*,20,2019,Texas A&M,SEC,8,4,0.667,2.13,15,15,,2,1,0,88.2,49,23,21,6,43,1,130,13,1,8,361,1.038,5,0.6,4.4,13.2,3.02,,player.fcgi?id=lacy--000asa
Joseph Menefee*,19,2019,Texas A&M,SEC,3,2,0.6,3.75,26,1,,0,0,0,36,28,16,15,3,14,1,51,2,0,5,151,1.167,7,0.8,3.5,12.8,3.64,,player.fcgi?id=menefe000jos
Bryce Miller,20,2019,Texas A&M,SEC,4,2,0.667,3.77,33,0,,0,0,1,43,38,23,18,4,18,0,57,1,0,3,188,1.302,8,0.8,3.8,11.9,3.17,,player.fcgi?id=miller004bry
Jake Nelson,22,2019,Texas A&M,SEC,0,0,,0.87,10,0,,0,0,0,10.1,7,1,1,1,1,0,12,1,0,0,37,0.774,6.1,0.9,0.9,10.5,12,,player.fcgi?id=nelson000jak
Kyle Richardson*,21,2019,Texas A&M,SEC,0,0,,5.19,11,0,,0,0,0,8.2,10,6,5,1,5,0,10,2,1,1,44,1.731,10.4,1,5.2,10.4,2,,player.fcgi?id=richar004kyl
Christian Roa,20,2019,Texas A&M,SEC,3,2,0.6,3.56,17,10,,0,0,1,48,48,21,19,4,11,0,46,2,0,1,205,1.229,9,0.8,2.1,8.6,4.18,,player.fcgi?id=roa---000chr
Dustin Saenz*,20,2019,Texas A&M,SEC,2,1,0.667,4.85,15,5,,0,0,1,29.2,36,22,16,2,14,0,17,1,1,2,132,1.685,10.9,0.6,4.2,5.2,1.21,,player.fcgi?id=saenz-000dus
Chris Weber*,19,2019,Texas A&M,SEC,4,1,0.8,3.18,23,8,,0,0,0,65,59,26,23,5,20,1,78,5,0,6,274,1.215,8.2,0.7,2.8,10.8,3.9,,player.fcgi?id=weber-002chr
Chris Andritsos,21,2018,Texas A&M,SEC,0,0,,0,2,0,,0,0,0,2,3,1,0,0,0,0,1,0,0,0,10,1.5,13.5,0,0,4.5,,,player.fcgi?id=andrit000chr
Kaylor Chafin*,23,2018,Texas A&M,SEC,5,1,0.833,4.43,27,4,,0,0,2,42.2,54,22,21,4,17,1,44,3,1,3,197,1.664,11.4,0.8,3.6,9.3,2.59,,player.fcgi?id=chafin000kay
Mason Cole,20,2018,Texas A&M,SEC,0,0,,2.7,7,0,,0,0,0,6.2,5,4,2,0,5,0,6,0,0,1,31,1.5,6.8,0,6.8,8.1,1.2,,player.fcgi?id=cole--000mas
Jack Conlon,19,2018,Texas A&M,SEC,0,0,,0,2,0,,0,0,0,2,0,0,0,0,0,0,0,0,0,0,6,0,0,0,0,0,,,player.fcgi?id=conlon000jac
John Doxakis*,19,2018,Texas A&M,SEC,8,5,0.615,2.7,17,14,,0,0,0,93.1,72,37,28,2,29,0,92,15,0,5,389,1.082,6.9,0.2,2.8,8.9,3.17,,player.fcgi?id=doxaki000joh
Austin Hendrix,20,2018,Texas A&M,SEC,0,0,,0,1,0,,0,0,0,0.1,0,0,0,0,0,0,1,0,0,0,1,0,0,0,0,27,,,player.fcgi?id=hendri000aus
Nolan Hoffman,20,2018,Texas A&M,SEC,4,1,0.8,1.15,33,0,,0,0,14,55,50,12,7,1,12,1,53,2,0,1,229,1.127,8.2,0.2,2,8.7,4.42,,player.fcgi?id=hoffma000nol
Chandler Jozwiak*,19,2018,Texas A&M,SEC,2,0,1,4.5,19,9,,0,0,0,42,42,23,21,2,17,0,43,10,1,3,189,1.405,9,0.4,3.6,9.2,2.53,,player.fcgi?id=jozwia000cha
Mitchell Kilkenny,21,2018,Texas A&M,SEC,8,5,0.615,3.34,16,16,,1,0,0,97,89,42,36,11,24,0,92,10,1,1,406,1.165,8.3,1,2.2,8.5,3.83,,player.fcgi?id=kilken000mit
Stephen Kolek,21,2018,Texas A&M,SEC,5,6,0.455,4.58,16,14,,0,0,0,78.2,72,45,40,10,38,0,59,8,1,0,344,1.398,8.2,1.1,4.3,6.8,1.55,,player.fcgi?id=kolek-000ste
Asa Lacy*,19,2018,Texas A&M,SEC,3,1,0.75,2.75,23,2,,0,0,1,39.1,28,19,12,2,17,1,48,4,1,6,168,1.144,6.4,0.5,3.9,11,2.82,,player.fcgi?id=lacy--000asa
Landon Miner,--,2018,Texas A&M,SEC,0,0,,1.8,8,0,,0,0,0,10,7,2,2,1,3,0,7,1,0,1,41,1,6.3,0.9,2.7,6.3,2.33,,player.fcgi?id=miner-000lan
Kyle Richardson*,20,2018,Texas A&M,SEC,0,0,,9,5,0,,0,0,0,3,2,4,3,0,1,0,3,0,1,1,13,1,6,0,3,9,3,,player.fcgi?id=richar004kyl
Christian Roa,19,2018,Texas A&M,SEC,0,0,,4.3,14,1,,0,0,0,14.2,19,10,7,2,4,0,12,0,0,1,68,1.568,11.7,1.2,2.5,7.4,3,,player.fcgi?id=roa---000chr
Jason Ruffcorn,19,2018,Texas A&M,SEC,0,1,0,3,10,0,,0,0,0,9,5,3,3,0,5,0,4,1,0,3,36,1.111,5,0,5,4,0.8,,player.fcgi?id=ruffco000jas
Dustin Saenz*,19,2018,Texas A&M,SEC,0,0,,3.32,11,2,,0,0,0,19,21,11,7,1,6,0,15,3,0,2,84,1.421,9.9,0.5,2.8,7.1,2.5,,player.fcgi?id=saenz-000dus
Cason Sherrod,22,2018,Texas A&M,SEC,5,2,0.714,4.17,26,0,,0,0,1,45.1,42,22,21,3,20,1,43,9,0,4,197,1.368,8.3,0.6,4,8.5,2.15,,player.fcgi?id=sherro000cas
Tristen Bayless*,20,2017,Texas A&M,SEC,0,0,,3,2,0,,0,0,1,3,1,1,1,0,2,0,4,2,0,2,14,1,3,0,6,12,2,,player.fcgi?id=bayles000tri
Kaylor Chafin*,22,2017,Texas A&M,SEC,7,2,0.778,2.33,33,1,,0,0,3,77.1,57,27,20,5,16,3,72,7,0,3,310,0.944,6.6,0.6,1.9,8.4,4.5,,player.fcgi?id=chafin000kay
Mason Cole,19,2017,Texas A&M,SEC,1,0,1,0,2,0,,0,0,0,3,2,0,0,0,1,0,2,0,0,0,12,1,6,0,3,6,2,,player.fcgi?id=cole--000mas
John Doxakis*,18,2017,Texas A&M,SEC,4,3,0.571,5.44,25,7,,0,0,0,49.2,45,40,30,7,23,0,51,4,3,5,223,1.369,8.2,1.3,4.2,9.2,2.22,,player.fcgi?id=doxaki000joh
Lee May Gonzalez,22,2017,Texas A&M,SEC,1,0,1,4.5,6,0,,0,0,0,8,7,4,4,1,5,0,11,2,0,0,38,1.5,7.9,1.1,5.6,12.4,2.2,,player.fcgi?id=gonzal002lee
Brigham Hill,21,2017,Texas A&M,SEC,8,3,0.727,3.15,17,16,,0,0,0,100,88,38,35,5,31,0,111,10,0,4,416,1.19,7.9,0.5,2.8,10,3.58,,player.fcgi?id=hill--001bri
Mitchell Kilkenny,20,2017,Texas A&M,SEC,3,3,0.5,3.67,26,5,,0,0,7,56.1,67,27,23,3,18,0,56,3,0,4,254,1.509,10.7,0.5,2.9,8.9,3.11,,player.fcgi?id=kilken000mit
Stephen Kolek,20,2017,Texas A&M,SEC,4,5,0.444,3.79,16,16,,0,0,0,90.1,85,43,38,7,24,1,82,8,0,8,380,1.207,8.5,0.7,2.4,8.2,3.42,,player.fcgi?id=kolek-000ste
Turner Larkins,21,2017,Texas A&M,SEC,1,2,0.333,3.38,9,5,,0,0,0,26.2,24,13,10,1,11,0,20,4,0,4,115,1.313,8.1,0.3,3.7,6.8,1.82,,player.fcgi?id=larkin000tur
Corbin Martin,21,2017,Texas A&M,SEC,7,4,0.636,3.8,24,13,,0,0,0,87.2,89,41,37,5,38,3,95,2,0,9,391,1.449,9.1,0.5,3.9,9.8,2.5,,player.fcgi?id=martin002cor
Landon Miner,--,2017,Texas A&M,SEC,1,0,1,2.55,17,0,,0,0,1,24.2,16,8,7,4,6,0,16,3,0,0,95,0.892,5.8,1.5,2.2,5.8,2.67,,player.fcgi?id=miner-000lan
Kyle Richardson*,19,2017,Texas A&M,SEC,0,0,,8.53,6,1,,0,0,0,6.1,8,9,6,1,7,0,6,0,0,3,35,2.368,11.4,1.4,9.9,8.5,0.86,,player.fcgi?id=richar004kyl
Jason Ruffcorn,18,2017,Texas A&M,SEC,0,0,,2.61,12,0,,0,0,0,10.1,6,3,3,1,5,0,10,0,0,0,41,1.065,5.2,0.9,4.4,8.7,2,,player.fcgi?id=ruffco000jas
Cason Sherrod,21,2017,Texas A&M,SEC,4,1,0.8,2.89,30,0,,0,0,4,43.2,30,15,14,1,26,1,38,5,0,7,187,1.282,6.2,0.2,5.4,7.8,1.46,,player.fcgi?id=sherro000cas
Kaylor Chafin*,21,2016,Texas A&M,SEC,1,0,1,6.75,8,0,,0,0,0,4,3,3,3,1,2,0,6,0,0,0,17,1.25,6.8,2.3,4.5,13.5,3,,player.fcgi?id=chafin000kay
Mark Ecker,21,2016,Texas A&M,SEC,4,2,0.667,0.39,25,0,,0,0,8,46.2,24,5,2,1,7,0,56,2,0,3,171,0.664,4.6,0.2,1.4,10.8,8,,player.fcgi?id=ecker-000mar
Ryan Hendrix,21,2016,Texas A&M,SEC,0,1,0,6.39,20,0,,0,0,5,25.1,20,19,18,3,20,0,36,2,0,7,122,1.579,7.1,1.1,7.1,12.8,1.8,,player.fcgi?id=hendri002rya
Brigham Hill,20,2016,Texas A&M,SEC,9,2,0.818,2.51,24,13,,0,0,1,97,86,34,27,6,28,0,99,8,0,8,411,1.175,8,0.6,2.6,9.2,3.54,,player.fcgi?id=hill--001bri
Tyler Ivey,20,2016,Texas A&M,SEC,2,3,0.4,3.56,11,10,,0,0,0,43,41,21,17,1,15,0,48,3,1,4,186,1.302,8.6,0.2,3.1,10,3.2,,player.fcgi?id=ivey--000tyl
Mitchell Kilkenny,19,2016,Texas A&M,SEC,2,0,1,1.67,15,1,,0,0,0,27,24,6,5,0,10,0,29,2,0,0,113,1.259,8,0,3.3,9.7,2.9,,player.fcgi?id=kilken000mit
Stephen Kolek,19,2016,Texas A&M,SEC,3,0,1,3.3,12,3,,0,0,0,30,28,12,11,1,13,1,21,0,0,5,127,1.367,8.4,0.3,3.9,6.3,1.62,,player.fcgi?id=kolek-000ste
Turner Larkins,20,2016,Texas A&M,SEC,3,0,1,2.51,19,6,,0,0,1,43,34,15,12,1,16,0,39,4,0,7,176,1.163,7.1,0.2,3.3,8.2,2.44,,player.fcgi?id=larkin000tur
Corbin Martin,20,2016,Texas A&M,SEC,2,1,0.667,5.47,16,3,,0,0,0,26.1,29,17,16,3,21,0,33,3,0,2,130,1.899,9.9,1,7.2,11.3,1.57,,player.fcgi?id=martin002cor
Ty Schlottmann*,--,2016,Texas A&M,SEC,1,0,1,2.25,14,0,,0,0,0,8,12,2,2,1,4,0,13,1,0,1,41,2,13.5,1.1,4.5,14.6,3.25,,player.fcgi?id=schlot000ty-
Cason Sherrod,20,2016,Texas A&M,SEC,1,0,1,4.5,16,0,,0,0,1,18,15,9,9,0,10,0,17,5,0,3,80,1.389,7.5,0,5,8.5,1.7,,player.fcgi?id=sherro000cas
Kyle Simonds,23,2016,Texas A&M,SEC,11,3,0.786,2.61,17,17,,3,1,0,100,81,36,29,8,26,1,80,7,0,9,406,1.07,7.3,0.7,2.3,7.2,3.08,,player.fcgi?id=simond000kyl
Jace Vines,21,2016,Texas A&M,SEC,6,1,0.857,4.76,17,11,,0,0,1,62.1,74,35,33,3,18,0,60,3,1,3,277,1.476,10.7,0.4,2.6,8.7,3.33,,player.fcgi?id=vines-000jac
Andrew Vinson,22,2016,Texas A&M,SEC,4,3,0.571,2.32,22,1,,0,0,2,50.1,33,19,13,3,10,0,57,4,0,5,201,0.854,5.9,0.5,1.8,10.2,5.7,,player.fcgi?id=vinson000and
Mark Ecker,20,2015,Texas A&M,SEC,1,2,0.333,2.45,25,0,,,0,8,33,23,11,9,1,13,2,36,1,0,0,136,1.091,6.3,0.3,3.5,9.8,2.77,,player.fcgi?id=ecker-000mar
Jason Freeman,23,2015,Texas A&M,SEC,4,0,1,4.29,16,0,,,0,0,21,28,13,10,2,6,0,17,1,0,1,97,1.619,12,0.9,2.6,7.3,2.83,,player.fcgi?id=freema000jas
Lee May Gonzalez,20,2015,Texas A&M,SEC,0,0,,0,1,0,,,0,0,1,1,0,0,0,0,0,0,0,0,0,3,1,9,0,0,0,,,player.fcgi?id=gonzal002lee
Ryan Hendrix,20,2015,Texas A&M,SEC,6,4,0.6,3.66,23,5,,,0,5,59,64,26,24,3,26,5,69,7,0,7,268,1.525,9.8,0.5,4,10.5,2.65,,player.fcgi?id=hendri002rya
Brigham Hill,19,2015,Texas A&M,SEC,1,0,1,5.3,7,3,,,0,0,18.2,25,12,11,0,9,0,23,1,2,4,90,1.821,12.1,0,4.3,11.1,2.56,,player.fcgi?id=hill--001bri
Matthew Kent*,22,2015,Texas A&M,SEC,9,1,0.9,2.76,19,14,,,0,2,98,103,36,30,4,12,2,84,6,0,1,397,1.173,9.5,0.4,1.1,7.7,7,,player.fcgi?id=kent--003mat
Blake Kopetsky*,22,2015,Texas A&M,SEC,0,0,,2.89,14,0,,,0,0,9.1,11,4,3,0,5,0,11,4,0,2,47,1.714,10.6,0,4.8,10.6,2.2,,player.fcgi?id=kopets000bla
Turner Larkins,19,2015,Texas A&M,SEC,5,1,0.833,3.96,15,12,,,0,0,50,54,23,22,2,16,0,46,7,0,6,222,1.4,9.7,0.4,2.9,8.3,2.88,,player.fcgi?id=larkin000tur
Grayson Long,21,2015,Texas A&M,SEC,9,1,0.9,2.82,17,17,,,0,0,95.2,85,41,30,2,39,1,106,6,1,4,419,1.296,8,0.2,3.7,10,2.72,,player.fcgi?id=long--002gra
Corbin Martin,19,2015,Texas A&M,SEC,2,0,1,2.95,14,0,,,0,0,18.1,14,7,6,1,12,1,21,0,0,0,78,1.418,6.9,0.5,5.9,10.3,1.75,,player.fcgi?id=martin002cor
A.J. Minter*,21,2015,Texas A&M,SEC,2,0,1,0.43,4,4,,,0,0,21,17,6,1,0,8,0,29,1,0,1,91,1.19,7.3,0,3.4,12.4,3.63,,player.fcgi?id=minter000ale
Ty Schlottmann*,--,2015,Texas A&M,SEC,3,1,0.75,3.96,32,0,,,0,0,25,26,11,11,0,8,0,23,4,0,1,113,1.36,9.4,0,2.9,8.3,2.88,,player.fcgi?id=schlot000ty-
Cason Sherrod,19,2015,Texas A&M,SEC,0,0,,3,3,0,,,0,0,3,1,1,1,0,3,0,3,1,0,1,14,1.333,3,0,9,9,1,,player.fcgi?id=sherro000cas
Kyle Simonds,22,2015,Texas A&M,SEC,3,2,0.6,2.39,22,5,,,0,2,52.2,47,21,14,4,18,0,32,2,1,1,220,1.234,8,0.7,3.1,5.5,1.78,,player.fcgi?id=simond000kyl
Tyler Stubblefield*,21,2015,Texas A&M,SEC,0,0,,5.25,4,2,,,0,0,12,11,9,7,0,4,0,10,0,0,1,50,1.25,8.3,0,3,7.5,2.5,,player.fcgi?id=stubbl002tyl
Andrew Vinson,21,2015,Texas A&M,SEC,5,2,0.714,2.12,35,2,,,0,5,63.2,49,17,15,6,14,0,64,5,1,4,252,0.99,6.9,0.8,2,9,4.57,,player.fcgi?id=vinson000and
Cody Whiting?,--,2015,Texas A&M,SEC,0,0,,27,1,0,,,0,0,1,2,3,3,1,1,0,0,0,0,0,6,3,18,9,9,0,0,,player.fcgi?id=whitin000cod
Mark Ecker,19,2014,Texas A&M,SEC,0,0,,1.8,4,0,,,0,0,5,3,1,1,0,2,0,4,0,0,0,21,1,5.4,0,3.6,7.2,2,,player.fcgi?id=ecker-000mar
Jason Freeman,22,2014,Texas A&M,SEC,1,0,1,3.86,12,0,,,0,0,14,13,6,6,0,2,0,14,3,0,1,60,1.071,8.4,0,1.3,9,7,,player.fcgi?id=freema000jas
Ryan Hendrix,19,2014,Texas A&M,SEC,0,2,0,7.27,11,1,,,0,0,8.2,8,8,7,2,6,0,9,1,0,2,41,1.615,8.3,2.1,6.2,9.3,1.5,,player.fcgi?id=hendri002rya
Rex Hill*,20,2014,Texas A&M,SEC,0,0,,0,3,0,,,0,0,3,2,0,0,0,3,0,0,1,0,0,16,1.667,6,0,9,0,0,,player.fcgi?id=hill--000rex
Jason Jester,23,2014,Texas A&M,SEC,2,2,0.5,5.19,24,2,,,0,3,26,38,17,15,1,16,3,26,1,0,5,131,2.077,13.2,0.3,5.5,9,1.63,,player.fcgi?id=jester000jas
Matthew Kent*,21,2014,Texas A&M,SEC,3,1,0.75,3.15,20,4,,,0,0,45.2,50,18,16,1,8,0,32,6,0,1,197,1.27,9.9,0.2,1.6,6.3,4,,player.fcgi?id=kent--003mat
Grayson Long,20,2014,Texas A&M,SEC,6,2,0.75,3.12,15,15,,,0,0,89.1,98,32,31,2,28,0,55,1,2,4,383,1.41,9.9,0.2,2.8,5.5,1.96,,player.fcgi?id=long--002gra
Daniel Mengden,21,2014,Texas A&M,SEC,4,9,0.308,4.08,16,16,,,0,0,103.2,103,55,47,3,29,1,95,14,3,9,457,1.273,8.9,0.3,2.5,8.2,3.28,,player.fcgi?id=mengde000dan
A.J. Minter*,20,2014,Texas A&M,SEC,3,0,1,1.85,26,0,,,0,2,24.1,20,5,5,3,12,1,24,2,0,1,101,1.315,7.4,1.1,4.4,8.9,2,,player.fcgi?id=minter000ale
Corey Ray,21,2014,Texas A&M,SEC,6,1,0.857,1.91,17,4,,,0,0,37.2,34,13,8,1,14,0,25,1,0,4,164,1.274,8.1,0.2,3.3,6,1.79,,player.fcgi?id=ray---001cor
Parker Ray,23,2014,Texas A&M,SEC,4,3,0.571,5.68,18,9,,,0,0,69.2,75,45,44,2,27,5,58,5,0,7,314,1.464,9.7,0.3,3.5,7.5,2.15,,player.fcgi?id=ray---000par
Ty Schlottmann*,--,2014,Texas A&M,SEC,0,2,0,2.59,24,0,,,0,2,31.1,26,9,9,1,10,1,26,4,0,5,132,1.149,7.5,0.3,2.9,7.5,2.6,,player.fcgi?id=schlot000ty-
Tyler Stubblefield*,20,2014,Texas A&M,SEC,4,2,0.667,3.81,17,11,,,0,0,59,59,30,25,1,22,0,61,6,2,3,261,1.373,9,0.2,3.4,9.3,2.77,,player.fcgi?id=stubbl002tyl
Andrew Vinson,20,2014,Texas A&M,SEC,3,2,0.6,2.95,32,0,,,0,2,36.2,26,14,12,1,11,2,34,2,0,3,146,1.009,6.4,0.2,2.7,8.3,3.09,,player.fcgi?id=vinson000and
Zach Brashear?,--,2013,Texas A&M,SEC,1,1,0.5,5,15,0,,,0,0,9,10,7,5,1,4,1,4,2,0,0,43,1.556,10,1,4,4,1,,player.fcgi?id=brashe000zac
Jason Freeman,21,2013,Texas A&M,SEC,1,2,0.333,6.98,14,2,,,0,0,19.1,25,18,15,0,13,2,16,3,0,0,95,1.966,11.6,0,6.1,7.4,1.23,,player.fcgi?id=freema000jas
Jason Jester,22,2013,Texas A&M,SEC,3,3,0.5,2.32,31,0,,,0,13,42.2,30,11,11,1,12,2,37,2,0,2,174,0.984,6.3,0.2,2.5,7.8,3.08,,player.fcgi?id=jester000jas
Matthew Kent*,20,2013,Texas A&M,SEC,2,3,0.4,4.21,25,2,,,0,0,36.1,43,17,17,1,2,0,21,1,0,0,152,1.239,10.7,0.2,0.5,5.2,10.5,,player.fcgi?id=kent--003mat
Grayson Long,19,2013,Texas A&M,SEC,4,2,0.667,4.02,11,9,,,0,0,40.1,33,18,18,3,23,0,35,6,4,3,177,1.388,7.4,0.7,5.1,7.8,1.52,,player.fcgi?id=long--002gra
Kyle Martin,22,2013,Texas A&M,SEC,3,4,0.429,4.97,19,7,,,0,0,58,74,40,32,3,15,0,41,10,3,4,271,1.534,11.5,0.5,2.3,6.4,2.73,,player.fcgi?id=martin004kyl
Daniel Mengden,20,2013,Texas A&M,SEC,8,4,0.667,2.11,16,16,,,0,0,110.2,78,34,26,7,24,0,94,10,5,6,434,0.922,6.3,0.6,2,7.6,3.92,,player.fcgi?id=mengde000dan
A.J. Minter*,19,2013,Texas A&M,SEC,0,0,,2.77,25,0,,,0,0,13,15,5,4,1,5,0,16,0,0,1,59,1.538,10.4,0.7,3.5,11.1,3.2,,player.fcgi?id=minter000ale
Rafael Pineda,22,2013,Texas A&M,SEC,5,5,0.5,3.14,15,13,,,0,0,63,69,31,22,3,16,0,36,6,0,2,277,1.349,9.9,0.4,2.3,5.1,2.25,,player.fcgi?id=pineda002raf
Corey Ray,20,2013,Texas A&M,SEC,3,2,0.6,5.11,13,6,,,0,0,44,45,28,25,2,21,0,29,8,0,8,199,1.5,9.2,0.4,4.3,5.9,1.38,,player.fcgi?id=ray---001cor
Parker Ray,22,2013,Texas A&M,SEC,2,1,0.667,1.73,23,6,,,0,0,67.2,51,14,13,2,19,0,44,2,0,6,266,1.034,6.8,0.3,2.5,5.9,2.32,,player.fcgi?id=ray---000par
Ty Schlottmann*,--,2013,Texas A&M,SEC,0,0,,0,8,0,,,0,0,5.1,5,1,0,0,4,0,3,1,0,0,22,1.688,8.4,0,6.8,5.1,0.75,,player.fcgi?id=schlot000ty-
Nate Sorenson*,21,2013,Texas A&M,SEC,0,0,,0,2,0,,,0,0,0.1,0,0,0,0,1,0,0,1,0,0,3,3,0,0,27,0,0,,player.fcgi?id=sorens001nat
Gandy Stubblefield,20,2013,Texas A&M,SEC,0,0,,36,2,0,,,0,0,1,1,4,4,0,1,0,1,3,0,0,8,2,9,0,9,9,1,,player.fcgi?id=stubbl000hor
Andrew Vinson,19,2013,Texas A&M,SEC,1,1,0.5,4.05,16,0,,,0,0,20,20,9,9,3,10,1,20,2,0,0,90,1.5,9,1.4,4.5,9,2,,player.fcgi?id=vinson000and
Barrett Astin,19,2011,Arkansas,SEC,,,,2.64,,3,,,0,,61.1,57,21,18,,20,,57,,,,,1.255,8.4,,2.9,8.4,2.85,,player.fcgi?id=astin-000bar
DJ Baxendale,20,2011,Arkansas,SEC,,,,1.57,,12,,,0,,86,69,19,15,,21,,77,,,,,1.047,7.2,,2.2,8.1,3.67,,player.fcgi?id=baxend000dj-
Trent Daniel*,20,2011,Arkansas,SEC,,,,2.86,,0,,,0,,44,28,17,14,,22,,48,,,,,1.136,5.7,,4.5,9.8,2.18,,player.fcgi?id=daniel000tre
Geoffrey Davenport*,21,2011,Arkansas,SEC,,,,4.95,,3,,,0,,20,18,11,11,,7,,22,,,,,1.25,8.1,,3.2,9.9,3.14,,player.fcgi?id=davenp000geo
Randall Fant*,20,2011,Arkansas,SEC,,,,3.86,,11,,,0,,70,67,33,30,,15,,35,,,,,1.171,8.6,,1.9,4.5,2.33,,player.fcgi?id=fant--001ran
Zack Hall?,--,2011,Arkansas,SEC,,,,4.35,,0,,,0,,10.1,9,7,5,,8,,3,,,,,1.645,7.8,,7,2.6,0.38,,player.fcgi?id=hall--001zac
Jeff Harvill*,19,2011,Arkansas,SEC,,,,4.91,,0,,,0,,7.1,8,4,4,,4,,6,,,,,1.636,9.8,,4.9,7.4,1.5,,player.fcgi?id=harvil001---
Ben Hays?,--,2011,Arkansas,SEC,,,,45,,0,,,0,,1,4,6,5,,2,,0,,,,,6,36,,18,0,0,,player.fcgi?id=hays--001ben
Cade Lynch?,--,2011,Arkansas,SEC,,,,3.03,,10,,,0,,65.1,55,24,22,,27,,63,,,,,1.255,7.6,,3.7,8.7,2.33,,player.fcgi?id=lynch-000cad
Brandon Moore,19,2011,Arkansas,SEC,,,,3.42,,11,,,0,,71,73,30,27,,20,,38,,,,,1.31,9.3,,2.5,4.8,1.9,,player.fcgi?id=moore-004bra
Nolan Sanburn,19,2011,Arkansas,SEC,,,,3.55,,0,,,0,,33,28,13,13,,15,,35,,,,,1.303,7.6,,4.1,9.5,2.33,,player.fcgi?id=sanbur001nol
Ryne Stanek,19,2011,Arkansas,SEC,,,,3.94,,12,,,0,,64,50,32,28,,26,,41,,,,,1.188,7,,3.7,5.8,1.58,,player.fcgi?id=stanek001ryn
Colby Suggs,19,2011,Arkansas,SEC,,,,0.9,,0,,,0,,20,8,5,2,,17,,22,,,,,1.25,3.6,,7.7,9.9,1.29,,player.fcgi?id=suggs-000col
Barrett Astin,20,2012,Arkansas,SEC,3,5,0.375,1.99,32,3,,,0,11,58.2,46,23,13,0,25,2,61,8,0,6,258,1.21,7.1,0,3.8,9.4,2.44,,player.fcgi?id=astin-000bar
DJ Baxendale,21,2012,Arkansas,SEC,8,5,0.615,3.11,20,20,,,0,0,107,97,44,37,10,29,1,96,7,1,4,455,1.178,8.2,0.8,2.4,8.1,3.31,,player.fcgi?id=baxend000dj-
Derrick Bleeker,21,2012,Arkansas,SEC,0,0,,0,2,0,,,0,0,1.1,1,0,0,0,0,0,3,0,0,0,5,0.75,6.8,0,0,20.3,,,player.fcgi?id=bleeke000der
Trent Daniel*,21,2012,Arkansas,SEC,2,0,1,5.06,21,4,,,0,1,32,32,18,18,0,15,0,25,6,0,4,144,1.469,9,0,4.2,7,1.67,,player.fcgi?id=daniel000tre
Randall Fant*,21,2012,Arkansas,SEC,2,3,0.4,3.27,15,14,,,0,0,52.1,59,20,19,2,11,0,39,7,1,1,230,1.338,10.1,0.3,1.9,6.7,3.55,,player.fcgi?id=fant--001ran
Michael Gunn*,19,2012,Arkansas,SEC,1,0,1,2.57,14,0,,,0,0,14,6,5,4,0,10,1,19,1,0,3,59,1.143,3.9,0,6.4,12.2,1.9,,player.fcgi?id=gunn--000mic
Jeff Harvill*,20,2012,Arkansas,SEC,0,0,,27,1,0,,,0,0,0.1,1,1,1,0,3,0,0,0,0,1,5,12,27,0,81,0,0,,player.fcgi?id=harvil001---
Cade Lynch?,--,2012,Arkansas,SEC,3,1,0.75,2.11,21,0,,,0,2,47,29,13,11,1,17,1,46,6,1,3,191,0.979,5.6,0.2,3.3,8.8,2.71,,player.fcgi?id=lynch-000cad
Greg Milhorn,19,2012,Arkansas,SEC,0,0,,3.38,3,1,,,0,0,5.1,4,3,2,1,4,0,0,1,0,0,25,1.5,6.8,1.7,6.8,0,0,,player.fcgi?id=milhor000gre
Brandon Moore,20,2012,Arkansas,SEC,5,2,0.714,2.43,29,3,,,0,3,81.1,68,28,22,3,11,1,36,3,0,3,316,0.971,7.5,0.3,1.2,4,3.27,,player.fcgi?id=moore-004bra
Chris Oliver,18,2012,Arkansas,SEC,1,0,1,3.86,11,1,,,0,0,16.1,17,9,7,2,6,0,14,2,0,4,73,1.408,9.4,1.1,3.3,7.7,2.33,,player.fcgi?id=oliver000chr
Mark Reyes*,19,2012,Arkansas,SEC,1,0,1,9.39,6,1,,,0,0,7.2,8,8,8,0,4,0,8,3,0,1,35,1.565,9.4,0,4.7,9.4,2,,player.fcgi?id=reyes-003mar
Nolan Sanburn,20,2012,Arkansas,SEC,4,1,0.8,2.43,22,4,,,0,0,40.2,29,14,11,0,22,0,49,6,0,9,176,1.254,6.4,0,4.9,10.8,2.23,,player.fcgi?id=sanbur001nol
Ryne Stanek,20,2012,Arkansas,SEC,8,4,0.667,2.82,17,17,,,0,0,92.2,75,33,29,2,36,0,83,4,0,11,383,1.198,7.3,0.2,3.5,8.1,2.31,,player.fcgi?id=stanek001ryn
Colby Suggs,20,2012,Arkansas,SEC,7,1,0.875,1.38,30,0,,,0,0,39,26,6,6,2,19,1,36,2,0,4,156,1.154,6,0.5,4.4,8.3,1.89,,player.fcgi?id=suggs-000col
Tyler Wright*,21,2012,Arkansas,SEC,1,0,1,2.6,16,0,,,0,0,17.1,15,6,5,1,12,1,19,1,0,2,77,1.558,7.8,0.5,6.2,9.9,1.58,,player.fcgi?id=wright000tyl
Thomas Altimont,--,2013,Arkansas,SEC,1,0,1,1.59,6,0,,,0,0,5.2,5,2,1,0,4,0,4,1,0,2,25,1.588,7.9,0,6.4,6.4,1,,player.fcgi?id=allmon000tho
Barrett Astin,21,2013,Arkansas,SEC,4,4,0.5,1.79,18,14,,,0,1,90.2,85,26,18,1,20,2,74,8,0,5,374,1.158,8.4,0.1,2,7.3,3.7,,player.fcgi?id=astin-000bar
Jalen Beeks*,19,2013,Arkansas,SEC,6,2,0.75,2.2,29,0,,,0,2,41,33,10,10,1,7,1,28,1,0,4,163,0.976,7.2,0.2,1.5,6.1,4,,player.fcgi?id=beeks-000jal
Trent Daniel*,22,2013,Arkansas,SEC,0,1,0,2.55,22,1,,,0,1,24.2,28,16,7,0,11,1,24,2,0,1,112,1.581,10.2,0,4,8.8,2.18,,player.fcgi?id=daniel000tre
Randall Fant*,22,2013,Arkansas,SEC,6,1,0.857,2.03,14,14,,,0,0,66.2,50,17,15,7,19,0,52,5,3,3,271,1.035,6.8,0.9,2.6,7,2.74,,player.fcgi?id=fant--001ran
Michael Gunn*,20,2013,Arkansas,SEC,1,1,0.5,1.21,18,0,,,0,1,29.2,13,4,4,0,8,1,35,0,0,3,106,0.708,3.9,0,2.4,10.6,4.38,,player.fcgi?id=gunn--000mic
Trey Killian,19,2013,Arkansas,SEC,3,3,0.5,3.19,16,5,,,0,0,36.2,21,17,13,2,12,0,34,5,0,2,148,0.9,5.2,0.5,2.9,8.3,2.83,,player.fcgi?id=killia000tre
Cade Lynch?,--,2013,Arkansas,SEC,0,0,,2.7,3,0,,,0,0,3.1,3,1,1,0,1,0,5,0,0,1,14,1.2,8.1,0,2.7,13.5,5,,player.fcgi?id=lynch-000cad
Brandon Moore,21,2013,Arkansas,SEC,1,4,0.2,2.68,25,0,,,0,0,47,35,24,14,1,19,2,30,3,0,2,199,1.149,6.7,0.2,3.6,5.7,1.58,,player.fcgi?id=moore-004bra
Chris Oliver,19,2013,Arkansas,SEC,2,2,0.5,2.25,14,1,,,0,0,20,14,8,5,2,8,1,21,0,1,1,80,1.1,6.3,0.9,3.6,9.5,2.63,,player.fcgi?id=oliver000chr
Colin Poche*,19,2013,Arkansas,SEC,3,0,1,1.37,8,5,,,0,0,19.2,12,3,3,0,11,0,23,1,1,1,80,1.169,5.5,0,5,10.5,2.09,,player.fcgi?id=poche-000col
Landon Simpson,20,2013,Arkansas,SEC,1,1,0.5,1.88,14,1,,,0,1,24,23,7,5,0,6,0,20,2,0,3,104,1.208,8.6,0,2.3,7.5,3.33,,player.fcgi?id=simpso000lan
Ryne Stanek,21,2013,Arkansas,SEC,10,2,0.833,1.39,16,16,,,0,0,97.1,72,23,15,5,41,0,79,6,0,6,402,1.161,6.7,0.5,3.8,7.3,1.93,,player.fcgi?id=stanek001ryn
Colby Suggs,21,2013,Arkansas,SEC,0,0,,1.74,23,0,,,0,13,20.2,10,4,4,0,17,1,29,1,0,4,91,1.306,4.4,0,7.4,12.6,1.71,,player.fcgi?id=suggs-000col
Tyler Wright*,22,2013,Arkansas,SEC,1,1,0.5,0,11,4,,,0,0,20.1,9,4,0,0,11,0,19,0,0,2,82,0.984,4,0,4.9,8.4,1.73,,player.fcgi?id=wright000tyl
Josh Alberius,20,2014,Arkansas,SEC,0,0,,0,1,0,,,0,0,0.2,0,0,0,0,0,0,0,0,0,0,2,0,0,0,0,0,,,player.fcgi?id=alberi000jos
Jalen Beeks*,20,2014,Arkansas,SEC,6,4,0.6,1.98,13,13,,,0,0,81.2,67,24,18,2,20,0,68,5,1,7,323,1.065,7.4,0.2,2.2,7.5,3.4,,player.fcgi?id=beeks-000jal
Chris Falwell*,19,2014,Arkansas,SEC,0,0,,2.7,4,0,,,0,0,6.2,6,2,2,0,3,0,4,0,0,0,29,1.35,8.1,0,4.1,5.4,1.33,,player.fcgi?id=falwel000chr
Michael Gunn*,21,2014,Arkansas,SEC,4,2,0.667,0.74,28,0,,,0,7,36.2,21,4,3,1,16,2,35,1,0,1,146,1.009,5.2,0.2,3.9,8.6,2.19,,player.fcgi?id=gunn--000mic
Zach Jackson,19,2014,Arkansas,SEC,2,3,0.4,2.53,24,2,,,0,2,42.2,28,17,12,3,21,0,42,4,0,4,180,1.148,5.9,0.6,4.4,8.9,2,,player.fcgi?id=jackso002zac
Trey Killian,20,2014,Arkansas,SEC,4,9,0.308,2.3,14,14,,,0,0,94,74,31,24,4,18,1,62,3,1,1,361,0.979,7.1,0.4,1.7,5.9,3.44,,player.fcgi?id=killia000tre
Jackson Lowery,21,2014,Arkansas,SEC,1,1,0.5,4.04,20,0,,,0,1,35.2,29,18,16,1,13,0,35,8,2,3,159,1.178,7.3,0.3,3.3,8.8,2.69,,player.fcgi?id=lowery000jac
Chris Oliver,20,2014,Arkansas,SEC,9,4,0.692,2.51,16,16,,,0,0,93.1,68,30,26,3,36,0,59,14,0,8,378,1.114,6.6,0.3,3.5,5.7,1.64,,player.fcgi?id=oliver000chr
Alex Phillips,19,2014,Arkansas,SEC,3,0,1,3.52,10,8,,,0,0,30.2,26,13,12,4,13,0,17,1,0,2,129,1.272,7.6,1.2,3.8,5,1.31,,player.fcgi?id=philli001ale
Lance Phillips,21,2014,Arkansas,SEC,0,0,,6,3,0,,,0,0,3,3,3,2,0,1,0,3,1,0,0,15,1.333,9,0,3,9,3,,player.fcgi?id=philli005lan
Colin Poche*,20,2014,Arkansas,SEC,3,1,0.75,3,18,8,,,0,0,39,32,14,13,1,27,0,28,2,2,11,174,1.513,7.4,0.2,6.2,6.5,1.04,,player.fcgi?id=poche-000col
Landon Simpson,21,2014,Arkansas,SEC,1,1,0.5,3.55,15,0,,,0,0,25.1,27,14,10,1,12,1,20,1,0,2,117,1.539,9.6,0.4,4.3,7.1,1.67,,player.fcgi?id=simpso000lan
Jacob Stone,21,2014,Arkansas,SEC,4,0,1,0.94,24,0,,,0,4,38.1,16,8,4,1,13,1,31,9,0,2,149,0.757,3.8,0.2,3.1,7.3,2.38,,player.fcgi?id=stone-000jac
Dominic Taccolini,19,2014,Arkansas,SEC,2,0,1,4.94,17,3,,,0,0,31,29,19,17,1,12,0,20,8,1,3,142,1.323,8.4,0.3,3.5,5.8,1.67,,player.fcgi?id=taccol000dom
James Teague,19,2014,Arkansas,SEC,1,0,1,4.86,8,1,,,0,0,16.2,14,9,9,0,5,0,11,2,1,0,70,1.14,7.6,0,2.7,5.9,2.2,,player.fcgi?id=teague002jam
Josh Alberius,21,2015,Arkansas,SEC,1,2,0.333,3.77,22,0,,,0,1,31,31,14,13,2,10,0,20,1,0,3,133,1.323,9,0.6,2.9,5.8,2,,player.fcgi?id=alberi000jos
Cannon Chadwick,20,2015,Arkansas,SEC,1,0,1,7.04,12,1,,,0,0,15.1,20,13,12,0,17,0,10,4,0,0,81,2.413,11.7,0,10,5.9,0.59,,player.fcgi?id=chadwi000can
Zach Jackson,20,2015,Arkansas,SEC,5,1,0.833,2.1,27,3,,,0,9,60,43,18,14,2,38,0,89,2,1,9,261,1.35,6.5,0.3,5.7,13.4,2.34,,player.fcgi?id=jackso002zac
Trey Killian,21,2015,Arkansas,SEC,3,5,0.375,4.76,15,15,,,0,0,87,99,49,46,9,24,1,62,8,0,2,380,1.414,10.2,0.9,2.5,6.4,2.58,,player.fcgi?id=killia000tre
Jackson Lowery,22,2015,Arkansas,SEC,7,1,0.875,3.22,22,3,,,0,0,58.2,54,26,21,3,21,1,36,10,0,3,251,1.278,8.3,0.5,3.2,5.5,1.71,,player.fcgi?id=lowery000jac
Keaton McKinney,19,2015,Arkansas,SEC,6,2,0.75,3.21,21,18,,,1,0,87,71,34,31,6,38,0,46,6,0,4,367,1.253,7.3,0.6,3.9,4.8,1.21,,player.fcgi?id=mckinn000kea
Kyle Pate?,--,2015,Arkansas,SEC,0,0,,8.64,12,0,,,0,0,8.1,11,9,8,1,9,0,14,2,0,2,47,2.4,11.9,1.1,9.7,15.1,1.56,,player.fcgi?id=pate--000kyl
Jonah Patten,19,2015,Arkansas,SEC,0,0,,7.9,11,0,,,0,0,13.2,16,13,12,2,9,0,20,5,3,4,72,1.829,10.5,1.3,5.9,13.2,2.22,,player.fcgi?id=patten000jon
Lance Phillips,22,2015,Arkansas,SEC,2,3,0.4,3.34,25,0,,,0,0,32.1,35,21,12,1,12,2,30,7,2,3,151,1.454,9.7,0.3,3.3,8.4,2.5,,player.fcgi?id=philli005lan
Parker Sanburn,20,2015,Arkansas,SEC,0,1,0,15.58,11,0,,,0,0,8.2,10,16,15,2,9,0,13,4,0,3,49,2.192,10.4,2.1,9.3,13.5,1.44,,player.fcgi?id=sanbur000par
Jacob Stone,22,2015,Arkansas,SEC,3,2,0.6,4.41,19,2,,,0,1,32.2,31,20,16,1,21,2,28,7,2,1,144,1.592,8.5,0.3,5.8,7.7,1.33,,player.fcgi?id=stone-000jac
Dominic Taccolini,20,2015,Arkansas,SEC,6,4,0.6,4.21,17,13,,,0,2,77,67,43,36,5,41,0,67,10,0,9,337,1.403,7.8,0.6,4.8,7.8,1.63,,player.fcgi?id=taccol000dom
James Teague,20,2015,Arkansas,SEC,6,4,0.6,3.36,23,10,,,0,2,59,55,28,22,1,33,0,49,4,0,4,256,1.492,8.4,0.2,5,7.5,1.48,,player.fcgi?id=teague002jam
Josh Alberius,22,2016,Arkansas,SEC,3,1,0.75,3.9,25,0,,0,0,0,32.1,38,18,14,4,11,1,40,4,0,2,145,1.515,10.6,1.1,3.1,11.1,3.64,,player.fcgi?id=alberi000jos
Isaiah Campbell,18,2016,Arkansas,SEC,3,1,0.75,3.69,13,6,,0,0,0,31.2,31,19,13,4,11,1,23,3,0,1,139,1.326,8.8,1.1,3.1,6.5,2.09,,player.fcgi?id=campbe000isa
Cannon Chadwick,21,2016,Arkansas,SEC,1,0,1,1.76,8,0,,0,0,0,15.1,13,4,3,0,4,0,10,1,0,0,61,1.109,7.6,0,2.3,5.9,2.5,,player.fcgi?id=chadwi000can
Anthony Dahl,19,2016,Arkansas,SEC,1,1,0.5,8.18,10,0,,0,0,0,11,18,10,10,1,5,0,12,2,0,0,57,2.091,14.7,0.8,4.1,9.8,2.4,,player.fcgi?id=dahl--000ant
Ty Harris*,19,2016,Arkansas,SEC,0,0,,9.64,7,0,,0,0,0,4.2,6,5,5,1,5,0,2,1,0,2,25,2.357,11.6,1.9,9.6,3.9,0.4,,player.fcgi?id=harris000ty-
Zach Jackson,21,2016,Arkansas,SEC,3,3,0.5,5.09,18,5,,1,1,4,53,47,34,30,3,40,1,66,6,0,8,248,1.642,8,0.5,6.8,11.2,1.65,,player.fcgi?id=jackso002zac
Blaine Knight,20,2016,Arkansas,SEC,2,1,0.667,2.98,18,7,,0,0,0,48.1,57,24,16,3,14,1,46,1,2,0,215,1.469,10.6,0.6,2.6,8.6,3.29,,player.fcgi?id=knight000bla
Barrett Loseke,19,2016,Arkansas,SEC,1,3,0.25,3.03,17,6,,0,0,0,32.2,24,11,11,2,20,0,35,3,0,7,138,1.347,6.6,0.6,5.5,9.6,1.75,,player.fcgi?id=loseke000bar
Keaton McKinney,20,2016,Arkansas,SEC,1,5,0.167,6.66,13,12,,0,0,0,52.2,58,46,39,4,34,0,31,7,0,6,250,1.747,9.9,0.7,5.8,5.3,0.91,,player.fcgi?id=mckinn000kea
Kacey Murphy*,19,2016,Arkansas,SEC,0,0,,9.26,14,0,,0,0,0,11.2,17,13,12,1,9,0,14,3,0,0,63,2.229,13.1,0.8,6.9,10.8,1.56,,player.fcgi?id=murphy000kac
Jake Reindl,19,2016,Arkansas,SEC,0,0,,5.4,6,0,,0,0,0,5,6,3,3,0,0,0,5,0,0,1,21,1.2,10.8,0,0,9,,,player.fcgi?id=reindl000jak
Jordan Rodriguez*,21,2016,Arkansas,SEC,0,1,0,3.86,25,0,,0,0,1,18.2,11,9,8,3,10,0,16,1,0,1,76,1.125,5.3,1.4,4.8,7.7,1.6,,player.fcgi?id=rodrig016jor
Weston Rogers*,19,2016,Arkansas,SEC,1,1,0.5,5.85,11,5,,0,0,0,20,20,13,13,3,6,0,17,0,0,1,85,1.3,9,1.4,2.7,7.7,2.83,,player.fcgi?id=rogers001wes
Cody Scroggins,19,2016,Arkansas,SEC,0,0,,5.4,4,0,,0,0,0,3.1,3,2,2,0,2,1,1,1,0,2,14,1.5,8.1,0,5.4,2.7,0.5,,player.fcgi?id=scrogg000cod
Dominic Taccolini,21,2016,Arkansas,SEC,5,5,0.5,5.75,15,13,,1,1,0,72,78,52,46,6,26,0,61,7,0,7,325,1.444,9.8,0.8,3.3,7.6,2.35,,player.fcgi?id=taccol000dom
James Teague,21,2016,Arkansas,SEC,2,4,0.333,6.82,18,1,,0,0,0,30.1,33,25,23,2,20,0,30,3,0,4,138,1.747,9.8,0.6,5.9,8.9,1.5,,player.fcgi?id=teague002jam
Doug Willey,24,2016,Arkansas,SEC,1,2,0.333,3.49,26,0,,0,0,3,28.1,32,15,11,1,9,0,29,3,0,0,122,1.447,10.2,0.3,2.9,9.2,3.22,,player.fcgi?id=willey001dou
Josh Alberius,23,2017,Arkansas,SEC,3,4,0.429,4.55,23,9,,0,0,2,55.1,64,32,28,7,16,0,48,3,0,0,238,1.446,10.4,1.1,2.6,7.8,3,,player.fcgi?id=alberi000jos
Isaiah Campbell,19,2017,Arkansas,SEC,0,0,,40.5,1,0,,0,0,0,0.2,3,3,3,0,1,0,1,0,0,1,6,6,40.5,0,13.5,13.5,1,,player.fcgi?id=campbe000isa
Cannon Chadwick,22,2017,Arkansas,SEC,4,3,0.571,3.66,24,0,,0,0,2,32,25,18,13,1,12,0,38,9,1,8,143,1.156,7,0.3,3.4,10.7,3.17,,player.fcgi?id=chadwi000can
Matt Cronin*,19,2017,Arkansas,SEC,3,0,1,2,15,0,,0,0,1,18,8,4,4,1,12,0,31,3,0,0,76,1.111,4,0.5,6,15.5,2.58,,player.fcgi?id=cronin000mat
Marshall Denton,20,2017,Arkansas,SEC,0,0,,5.23,8,0,,0,0,0,10.1,10,6,6,3,3,0,10,1,0,0,45,1.258,8.7,2.6,2.6,8.7,3.33,,player.fcgi?id=denton000ang
Brenden Heiss,19,2017,Arkansas,SEC,0,0,,3.6,4,0,,0,0,0,5,3,2,2,1,3,0,3,1,0,0,20,1.2,5.4,1.8,5.4,5.4,1,,player.fcgi?id=heiss-000bre
Blaine Knight,21,2017,Arkansas,SEC,8,5,0.615,3.28,17,16,,0,0,0,90.2,75,35,33,11,20,1,96,4,3,4,367,1.048,7.4,1.1,2,9.5,4.8,,player.fcgi?id=knight000bla
Kevin Kopps,20,2017,Arkansas,SEC,3,1,0.75,3.31,22,5,,0,0,2,49,46,20,18,3,18,0,40,3,0,5,203,1.306,8.4,0.6,3.3,7.3,2.22,,player.fcgi?id=kopps-000kev
Jake Kostyshock,19,2017,Arkansas,SEC,1,0,1,6.75,6,0,,0,0,0,5.1,6,4,4,0,6,1,6,2,0,1,30,2.25,10.1,0,10.1,10.1,1,,player.fcgi?id=kostys000jac
Evan Lee*,20,2017,Arkansas,SEC,0,0,,3.6,15,1,,0,0,2,15,12,7,6,4,6,0,17,1,0,2,66,1.2,7.2,2.4,3.6,10.2,2.83,,player.fcgi?id=lee---000eva
Barrett Loseke,20,2017,Arkansas,SEC,3,0,1,4.21,15,2,,0,0,0,25.2,23,15,12,2,17,0,28,4,0,3,121,1.558,8.1,0.7,6,9.8,1.65,,player.fcgi?id=loseke000bar
Kacey Murphy*,20,2017,Arkansas,SEC,5,1,0.833,3.65,19,10,,1,1,0,49.1,43,20,20,7,21,0,68,4,0,1,207,1.297,7.8,1.3,3.8,12.4,3.24,,player.fcgi?id=murphy000kac
Jake Reindl,20,2017,Arkansas,SEC,4,1,0.8,2.31,24,0,,0,0,3,50.2,39,16,13,2,16,0,49,4,0,4,207,1.086,6.9,0.4,2.8,8.7,3.06,,player.fcgi?id=reindl000jak
Weston Rogers*,20,2017,Arkansas,SEC,1,0,1,7.11,12,0,,0,0,0,12.2,13,11,10,1,8,0,14,0,0,2,58,1.658,9.2,0.7,5.7,9.9,1.75,,player.fcgi?id=rogers001wes
Cody Scroggins,20,2017,Arkansas,SEC,0,0,,3.86,3,0,,0,0,0,2.1,3,1,1,0,1,0,1,1,0,1,13,1.714,11.6,0,3.9,3.9,1,,player.fcgi?id=scrogg000cod
Trevor Stephan,21,2017,Arkansas,SEC,6,3,0.667,2.87,16,16,,1,1,0,91,73,35,29,7,20,0,120,11,1,4,379,1.022,7.2,0.7,2,11.9,6,,player.fcgi?id=stepha000tre
Dominic Taccolini,22,2017,Arkansas,SEC,4,1,0.8,4.24,20,5,,0,0,2,51,41,25,24,3,27,0,49,5,0,8,218,1.333,7.2,0.5,4.8,8.6,1.81,,player.fcgi?id=taccol000dom
Caleb Bolden,19,2018,Arkansas,SEC,3,0,1,4.4,10,4,,0,0,0,28.2,33,14,14,2,13,0,25,2,0,5,125,1.605,10.4,0.6,4.1,7.8,1.92,,player.fcgi?id=bolden000cal
Bryce Bonnin,19,2018,Arkansas,SEC,1,0,1,4.26,11,1,,0,0,0,19,17,11,9,1,12,0,16,1,0,3,82,1.526,8.1,0.5,5.7,7.6,1.33,,player.fcgi?id=bonnin000bry
Isaiah Campbell,20,2018,Arkansas,SEC,5,7,0.417,4.26,18,17,,0,0,0,69.2,67,41,33,4,29,0,75,4,0,8,305,1.378,8.7,0.5,3.7,9.7,2.59,,player.fcgi?id=campbe000isa
Matt Cronin*,20,2018,Arkansas,SEC,2,2,0.5,3.54,25,0,,0,0,14,48.1,25,19,19,3,14,0,59,1,0,5,183,0.807,4.7,0.6,2.6,11,4.21,,player.fcgi?id=cronin000mat
Blaine Knight,22,2018,Arkansas,SEC,14,0,1,2.8,19,19,,0,0,0,112.1,96,39,35,18,25,0,102,7,3,1,456,1.077,7.7,1.4,2,8.2,4.08,,player.fcgi?id=knight000bla
Jake Kostyshock,20,2018,Arkansas,SEC,0,0,,6.43,9,0,,0,0,1,14,19,12,10,1,8,0,10,1,0,2,66,1.929,12.2,0.6,5.1,6.4,1.25,,player.fcgi?id=kostys000jac
Evan Lee*,21,2018,Arkansas,SEC,4,3,0.571,5,15,1,,0,0,0,18,24,12,10,1,10,0,14,1,0,2,86,1.889,12,0.5,5,7,1.4,,player.fcgi?id=lee---000eva
Barrett Loseke,21,2018,Arkansas,SEC,4,2,0.667,2.68,27,2,,0,0,4,53.2,37,16,16,3,27,2,68,1,3,2,219,1.193,6.2,0.5,4.5,11.4,2.52,,player.fcgi?id=loseke000bar
Keaton McKinney,22,2018,Arkansas,SEC,0,0,,4.5,1,1,,0,0,0,2,1,1,1,0,2,0,2,0,0,0,8,1.5,4.5,0,9,9,1,,player.fcgi?id=mckinn000kea
Hunter Milligan*,20,2018,Arkansas,SEC,0,0,,4.5,3,2,,0,0,0,4,2,2,2,0,3,0,4,1,1,1,18,1.25,4.5,0,6.8,9,1.33,,player.fcgi?id=millig000hun
Kacey Murphy*,21,2018,Arkansas,SEC,8,5,0.615,3.2,18,17,,0,0,0,101.1,85,44,36,15,22,0,85,4,0,7,412,1.056,7.5,1.3,2,7.5,3.86,,player.fcgi?id=murphy000kac
Kole Ramage,19,2018,Arkansas,SEC,1,1,0.5,4,21,2,,0,0,0,36,36,30,16,3,16,0,50,2,0,8,164,1.444,9,0.8,4,12.5,3.13,,player.fcgi?id=ramage000kol
Jake Reindl,21,2018,Arkansas,SEC,3,1,0.75,2.91,27,1,,0,0,5,55.2,51,24,18,3,23,0,66,7,0,10,247,1.329,8.2,0.5,3.7,10.7,2.87,,player.fcgi?id=reindl000jak
Weston Rogers*,21,2018,Arkansas,SEC,0,0,,,1,0,,0,0,0,0,0,0,0,0,1,0,0,0,0,0,1,,,,,,0,,player.fcgi?id=rogers001wes
Jackson Rutledge,19,2018,Arkansas,SEC,3,0,1,3.45,12,2,,0,0,1,15.2,13,10,6,2,11,0,14,0,0,5,75,1.532,7.5,1.1,6.3,8,1.27,,player.fcgi?id=rutled002jac
Cody Scroggins,21,2018,Arkansas,SEC,0,0,,4.6,16,0,,0,0,0,15.2,12,9,8,1,12,0,18,2,0,3,74,1.532,6.9,0.6,6.9,10.3,1.5,,player.fcgi?id=scrogg000cod
Zebulon Vermillion,19,2018,Arkansas,SEC,0,0,,4.82,7,0,,0,0,0,9.1,12,6,5,0,0,0,11,1,0,2,40,1.286,11.6,0,0,10.6,,,player.fcgi?id=vermil000zeb
Jacob Burton,20,2019,Arkansas,SEC,0,0,,4.82,11,0,,0,0,0,9.1,10,7,5,2,6,0,7,2,0,1,44,1.714,9.6,1.9,5.8,6.8,1.17,,player.fcgi?id=burton003jac
Isaiah Campbell,21,2019,Arkansas,SEC,12,1,0.923,2.13,18,18,,0,0,0,118.1,87,36,28,5,22,0,125,3,0,4,455,0.921,6.6,0.4,1.7,9.5,5.68,,player.fcgi?id=campbe000isa
Matt Cronin*,21,2019,Arkansas,SEC,1,0,1,1.86,25,0,,0,0,12,29,16,6,6,4,14,0,42,1,0,1,115,1.034,5,1.2,4.3,13,3,,player.fcgi?id=cronin000mat
Marshall Denton,22,2019,Arkansas,SEC,2,0,1,4.5,24,4,,0,0,1,30,30,17,15,4,5,1,31,2,1,2,128,1.167,9,1.2,1.5,9.3,6.2,,player.fcgi?id=denton000ang
Liam Henry*,19,2019,Arkansas,SEC,0,1,0,4.32,9,0,,0,0,0,8.1,6,4,4,1,8,0,7,1,0,3,40,1.68,6.5,1.1,8.6,7.6,0.88,,player.fcgi?id=henry-001lia
Kevin Kopps,22,2019,Arkansas,SEC,6,3,0.667,3.89,30,0,,0,0,0,41.2,38,18,18,4,14,0,52,3,0,3,179,1.248,8.2,0.9,3,11.2,3.71,,player.fcgi?id=kopps-000kev
Jake Kostyshock,21,2019,Arkansas,SEC,1,3,0.25,2.64,22,1,,0,0,1,30.2,24,11,9,2,10,1,29,4,0,2,129,1.109,7,0.6,2.9,8.5,2.9,,player.fcgi?id=kostys000jac
Caden Monke*,19,2019,Arkansas,SEC,0,0,,18,6,0,,0,0,0,3,3,6,6,0,5,0,5,3,0,1,21,2.667,9,0,15,15,1,,player.fcgi?id=monke-000cad
Connor Noland,19,2019,Arkansas,SEC,3,5,0.375,4.02,20,19,,0,0,0,78.1,73,42,35,12,14,0,55,3,0,4,323,1.111,8.4,1.4,1.6,6.3,3.93,,player.fcgi?id=noland000con
Kole Ramage,20,2019,Arkansas,SEC,7,1,0.875,5.25,24,2,,0,0,0,60,61,42,35,8,29,3,53,4,0,7,272,1.5,9.2,1.2,4.4,8,1.83,,player.fcgi?id=ramage000kol
Cody Scroggins,22,2019,Arkansas,SEC,3,2,0.6,4.01,19,7,,0,0,0,49.1,40,25,22,3,26,0,62,8,1,5,224,1.338,7.3,0.5,4.7,11.3,2.38,,player.fcgi?id=scrogg000cod
Carter Sells,20,2019,Arkansas,SEC,0,0,,18,3,0,,0,0,0,2,1,4,4,0,7,0,1,0,0,0,14,4,4.5,0,31.5,4.5,0.14,,player.fcgi?id=sells-000car
Collin Taylor,21,2019,Arkansas,SEC,0,0,,4.05,7,0,,0,0,0,6.2,4,3,3,1,6,0,3,1,0,3,31,1.5,5.4,1.4,8.1,4.1,0.5,,player.fcgi?id=taylor008col
Evan Taylor*,19,2019,Arkansas,SEC,0,0,,6.43,8,0,,0,0,0,7,3,5,5,0,9,0,13,1,0,3,33,1.714,3.9,0,11.6,16.7,1.44,,player.fcgi?id=taylor000eva
Elijah Trest,19,2019,Arkansas,SEC,1,1,0.5,7.58,15,0,,0,0,0,19,18,17,16,2,17,0,19,6,1,1,96,1.842,8.5,0.9,8.1,9,1.12,,player.fcgi?id=trest-000eli
Zebulon Vermillion,20,2019,Arkansas,SEC,4,1,0.8,3.63,20,0,,0,0,1,22.1,21,10,9,1,9,0,21,4,0,1,101,1.343,8.5,0.4,3.6,8.5,2.33,,player.fcgi?id=vermil000zeb
Patrick Wicklander*,19,2019,Arkansas,SEC,6,2,0.75,4.32,22,15,,0,0,0,66.2,50,35,32,6,37,0,90,11,0,5,294,1.305,6.8,0.8,5,12.2,2.43,,player.fcgi?id=wickla000pat
Mark Adamiak,19,2020,Arkansas,SEC,0,0,,16.2,2,0,,0,0,0,1.2,4,3,3,0,0,0,2,0,0,0,9,2.4,21.6,0,0,10.8,,,player.fcgi?id=adamia002mar
Blake Adams,19,2020,Arkansas,SEC,0,0,,9.95,4,2,,0,0,0,6.1,10,7,7,0,5,0,6,0,0,0,33,2.368,14.2,0,7.1,8.5,1.2,,player.fcgi?id=adams-001bla
Caleb Bolden,21,2020,Arkansas,SEC,1,0,1,1.13,4,2,,0,0,0,16,14,2,2,0,3,0,15,1,0,0,62,1.063,7.9,0,1.7,8.4,5,,player.fcgi?id=bolden000cal
Jacob Burton,21,2020,Arkansas,SEC,0,0,,4.15,5,0,,0,0,0,4.1,1,2,2,0,7,0,6,1,0,1,21,1.846,2.1,0,14.5,12.5,0.86,,player.fcgi?id=burton003jac
Marshall Denton,23,2020,Arkansas,SEC,1,0,1,1.5,6,0,,0,0,0,6,7,2,1,1,2,0,6,1,0,0,27,1.5,10.5,1.5,3,9,3,,player.fcgi?id=denton000ang
Kevin Kopps,23,2020,Arkansas,SEC,0,1,0,8.18,7,1,,0,0,0,11,18,14,10,4,4,0,9,0,0,1,56,2,14.7,3.3,3.3,7.4,2.25,,player.fcgi?id=kopps-000kev
Will McEntire,19,2020,Arkansas,SEC,1,0,1,1.13,2,1,,0,0,0,8,7,1,1,1,0,0,7,0,0,0,28,0.875,7.9,1.1,0,7.9,,,player.fcgi?id=mcenti002wil
Caden Monke*,20,2020,Arkansas,SEC,1,1,0.5,2.53,6,0,,0,0,1,10.2,4,3,3,0,3,0,13,2,0,0,41,0.656,3.4,0,2.5,11,4.33,,player.fcgi?id=monke-000cad
Zack Morris*,19,2020,Arkansas,SEC,1,0,1,3.18,5,0,,0,0,0,5.2,4,2,2,0,1,0,1,0,0,0,22,0.882,6.4,0,1.6,1.6,1,,player.fcgi?id=morris005zac
Connor Noland,20,2020,Arkansas,SEC,2,0,1,2,3,3,,0,0,0,18,13,7,4,2,4,0,19,0,0,0,69,0.944,6.5,1,2,9.5,4.75,,player.fcgi?id=noland000con
Peyton Pallette,19,2020,Arkansas,SEC,0,0,,1.59,4,0,,0,0,1,5.2,5,3,1,0,3,0,3,0,0,2,24,1.412,7.9,0,4.8,4.8,1,,player.fcgi?id=pallet000pey
Kole Ramage,21,2020,Arkansas,SEC,1,1,0.5,4.4,5,3,,0,0,0,14.1,17,8,7,1,5,0,14,3,0,3,71,1.535,10.7,0.6,3.1,8.8,2.8,,player.fcgi?id=ramage000kol
Evan Taylor*,20,2020,Arkansas,SEC,0,0,,9,2,0,,0,0,0,2,1,2,2,0,2,0,3,0,0,0,9,1.5,4.5,0,9,13.5,1.5,,player.fcgi?id=taylor000eva
Elijah Trest,20,2020,Arkansas,SEC,0,0,,1.93,7,0,,0,0,0,9.1,7,2,2,1,3,0,10,2,0,0,39,1.071,6.8,1,2.9,9.6,3.33,,player.fcgi?id=trest-000eli
Zebulon Vermillion,21,2020,Arkansas,SEC,1,0,1,0,5,0,,0,0,1,7.1,4,0,0,0,0,0,12,0,0,0,26,0.545,4.9,0,0,14.7,,,player.fcgi?id=vermil000zeb
Patrick Wicklander*,20,2020,Arkansas,SEC,2,2,0.5,6.32,4,4,,0,0,0,15.2,13,13,11,2,9,0,17,2,0,0,69,1.404,7.5,1.1,5.2,9.8,1.89,,player.fcgi?id=wickla000pat
Blake Adams,20,2021,Arkansas,SEC,1,0,1,11.81,4,0,,0,0,0,5.1,10,8,7,1,4,0,5,0,0,0,27,2.625,16.9,1.7,6.8,8.4,1.25,,player.fcgi?id=adams-001bla
Caleb Bolden,22,2021,Arkansas,SEC,2,0,1,4.5,17,10,,0,0,1,44,38,26,22,5,24,0,44,8,0,2,193,1.409,7.8,1,4.9,9,1.83,,player.fcgi?id=bolden000cal
Ryan Costeiu,20,2021,Arkansas,SEC,8,3,0.727,5.1,26,0,,0,0,0,30,21,17,17,8,15,0,40,4,0,2,128,1.2,6.3,2.4,4.5,12,2.67,,player.fcgi?id=costei000rya
Evan Gray,20,2021,Arkansas,SEC,0,0,,5.06,6,0,,0,0,0,5.1,6,3,3,0,2,0,4,0,0,6,25,1.5,10.1,0,3.4,6.8,2,,player.fcgi?id=gray--000eva
Kevin Kopps,24,2021,Arkansas,SEC,12,1,0.923,0.9,33,1,,0,0,11,89.2,50,9,9,5,18,2,131,1,0,3,332,0.758,5,0.5,1.8,13.1,7.28,,player.fcgi?id=kopps-000kev
Lael Lockhart*,23,2021,Arkansas,SEC,3,3,0.5,4.47,16,14,,0,0,0,58.1,51,31,29,5,17,0,68,8,0,5,247,1.166,7.9,0.8,2.6,10.5,4,,player.fcgi?id=lockha000lae
Matthew Magre*,20,2021,Arkansas,SEC,0,0,,0,1,0,,0,0,0,0.2,0,0,0,0,1,0,1,0,0,0,3,1.5,0,0,13.5,13.5,1,,player.fcgi?id=magre-000mat
Caden Monke*,21,2021,Arkansas,SEC,5,1,0.833,3.71,27,0,,0,0,0,34,19,14,14,2,21,1,42,1,1,5,141,1.176,5,0.5,5.6,11.1,2,,player.fcgi?id=monke-000cad
Zack Morris*,20,2021,Arkansas,SEC,0,0,,4.8,16,0,,0,0,0,15,15,11,8,2,6,0,19,0,0,0,65,1.4,9,1.2,3.6,11.4,3.17,,player.fcgi?id=morris005zac
Connor Noland,21,2021,Arkansas,SEC,1,0,1,6.91,9,0,,0,0,1,14.1,15,13,11,3,4,0,15,0,0,0,61,1.326,9.4,1.9,2.5,9.4,3.75,,player.fcgi?id=noland000con
Peyton Pallette,20,2021,Arkansas,SEC,1,2,0.333,4.02,15,11,,0,0,1,56,51,27,25,3,20,0,67,9,0,5,246,1.268,8.2,0.5,3.2,10.8,3.35,,player.fcgi?id=pallet000pey
Miller Pleimann,21,2021,Arkansas,SEC,0,0,,3,2,1,,0,0,0,3,1,2,1,0,3,0,5,1,0,1,16,1.333,3,0,9,15,1.67,,player.fcgi?id=pleima000mil
Kole Ramage,22,2021,Arkansas,SEC,2,1,0.667,6.75,13,3,,0,0,1,24,33,20,18,4,8,0,29,2,0,1,114,1.708,12.4,1.5,3,10.9,3.63,,player.fcgi?id=ramage000kol
Gabe Starks,19,2021,Arkansas,SEC,0,0,,9,4,0,,0,0,0,4,3,4,4,0,3,0,6,0,0,0,18,1.5,6.8,0,6.8,13.5,2,,player.fcgi?id=starks000gab
Evan Taylor*,21,2021,Arkansas,SEC,0,0,,7.94,7,0,,0,0,0,5.2,6,5,5,2,3,0,4,0,0,2,25,1.588,9.5,3.2,4.8,6.4,1.33,,player.fcgi?id=taylor000eva
Heston Tole,19,2021,Arkansas,SEC,1,0,1,2.25,10,0,,0,0,0,12,8,3,3,0,2,0,20,5,0,1,48,0.833,6,0,1.5,15,10,,player.fcgi?id=tole--000hes
Elijah Trest,21,2021,Arkansas,SEC,1,0,1,3.14,10,0,,0,0,0,14.1,12,7,5,2,8,0,15,3,1,2,63,1.395,7.5,1.3,5,9.4,1.88,,player.fcgi?id=trest-000eli
Zebulon Vermillion,22,2021,Arkansas,SEC,3,0,1,4.69,15,6,,0,0,1,40.1,41,21,21,2,15,0,28,2,0,3,178,1.388,9.1,0.4,3.3,6.2,1.87,,player.fcgi?id=vermil000zeb
Patrick Wicklander*,21,2021,Arkansas,SEC,7,1,0.875,2.09,18,13,,0,0,0,77.2,65,22,18,6,24,0,85,4,0,4,319,1.146,7.5,0.7,2.8,9.8,3.54,,player.fcgi?id=wickla000pat
Jaxon Wiggins,19,2021,Arkansas,SEC,3,1,0.75,5.09,17,4,,0,0,4,23,20,13,13,4,14,0,28,1,0,5,103,1.478,7.8,1.6,5.5,11,2,,player.fcgi?id=wiggin000jax
Nate Wohlgemuth,20,2021,Arkansas,SEC,0,0,,6.75,3,0,,0,0,0,1.1,2,1,1,0,6,0,1,0,0,2,13,6,13.5,0,40.5,6.8,0.17,,player.fcgi?id=wohlge000nat
Mark Adamiak,21,2022,Arkansas,SEC,2,0,1,3.95,9,3,,0,0,0,13.2,14,6,6,0,8,0,18,0,1,0,61,1.61,9.2,0,5.3,11.9,2.25,,player.fcgi?id=adamia002mar
Issac Bracken,24,2022,Arkansas,SEC,0,0,,1.59,5,0,,0,0,0,5.2,3,1,1,0,3,0,7,2,0,0,24,1.059,4.8,0,4.8,11.1,2.33,,player.fcgi?id=bracke000iss
Jake Faherty,19,2022,Arkansas,SEC,0,0,,0,1,0,,0,0,0,0.1,0,0,0,0,1,0,1,1,0,0,3,3,0,0,27,27,1,,player.fcgi?id=fahert000jak
Evan Gray,21,2022,Arkansas,SEC,0,0,,0,3,0,,0,0,0,1.2,0,0,0,0,1,0,3,0,0,0,6,0.6,0,0,5.4,16.2,3,,player.fcgi?id=gray--000eva
Nick Griffin*,20,2022,Arkansas,SEC,0,0,,2.7,7,0,,0,0,0,6.2,4,2,2,0,11,0,11,2,0,3,34,2.25,5.4,0,14.9,14.9,1,,player.fcgi?id=griffi003nic
Austin Ledbetter,19,2022,Arkansas,SEC,0,0,,2.84,7,2,,0,0,0,12.2,10,4,4,2,1,0,12,2,0,2,47,0.868,7.1,1.4,0.7,8.5,12,,player.fcgi?id=ledbet000aus
Will McEntire,21,2022,Arkansas,SEC,2,2,0.5,2.59,12,8,,0,0,1,48.2,34,15,14,4,23,0,49,0,0,2,196,1.171,6.3,0.7,4.3,9.1,2.13,,player.fcgi?id=mcenti002wil
Zack Morris*,21,2022,Arkansas,SEC,6,1,0.857,2.31,22,2,,0,0,1,35,29,10,9,2,19,0,26,3,0,4,153,1.371,7.5,0.5,4.9,6.7,1.37,,player.fcgi?id=morris005zac
Nick Moten,18,2022,Arkansas,SEC,0,0,,36,2,0,,0,0,0,1,2,4,4,1,3,0,1,1,1,1,8,5,18,9,27,9,0.33,,player.fcgi?id=moten-000nic
Connor Noland,22,2022,Arkansas,SEC,8,6,0.571,3.65,20,19,,0,0,0,116,109,51,47,7,34,2,113,8,1,2,482,1.233,8.5,0.5,2.6,8.8,3.32,,player.fcgi?id=noland000con
Miller Pleimann,22,2022,Arkansas,SEC,0,0,,7.71,6,1,,0,0,0,7,12,7,6,1,1,0,12,1,0,1,34,1.857,15.4,1.3,1.3,15.4,12,,player.fcgi?id=pleima000mil
Kole Ramage,23,2022,Arkansas,SEC,3,2,0.6,4.8,31,2,,0,0,3,50.2,44,30,27,5,19,0,61,5,1,9,219,1.243,7.8,0.9,3.4,10.8,3.21,,player.fcgi?id=ramage000kol
Hagen Smith*,18,2022,Arkansas,SEC,7,2,0.778,4.66,20,15,,0,0,2,77.1,66,41,40,13,46,0,90,9,0,5,346,1.448,7.7,1.5,5.4,10.5,1.96,,player.fcgi?id=smith-000hag
Gabe Starks,20,2022,Arkansas,SEC,0,0,,4.63,12,0,,0,0,0,11.2,9,8,6,0,10,0,18,2,0,3,56,1.629,6.9,0,7.7,13.9,1.8,,player.fcgi?id=starks000gab
Evan Taylor*,22,2022,Arkansas,SEC,5,0,1,3.65,33,0,,0,0,2,44.1,28,22,18,7,16,1,54,7,0,1,184,0.992,5.7,1.4,3.2,11,3.38,,player.fcgi?id=taylor000eva
Heston Tole,20,2022,Arkansas,SEC,2,0,1,3.77,10,0,,0,0,1,14.1,20,7,6,2,3,0,20,0,0,3,63,1.605,12.6,1.3,1.9,12.6,6.67,,player.fcgi?id=tole--000hes
Elijah Trest,22,2022,Arkansas,SEC,0,1,0,3.77,13,0,,0,0,0,14.1,6,7,6,0,12,0,17,3,0,1,63,1.256,3.8,0,7.5,10.7,1.42,,player.fcgi?id=trest-000eli
Brady Tygart,19,2022,Arkansas,SEC,3,4,0.429,3.82,24,0,,0,0,8,37.2,28,17,16,3,21,0,51,9,0,1,166,1.301,6.7,0.7,5,12.2,2.43,,player.fcgi?id=tygart000bra
Zebulon Vermillion,23,2022,Arkansas,SEC,2,0,1,2.39,24,0,,0,0,2,26.1,22,7,7,2,10,0,28,1,1,0,112,1.215,7.5,0.7,3.4,9.6,2.8,,player.fcgi?id=vermil000zeb
Jaxon Wiggins,20,2022,Arkansas,SEC,6,3,0.667,6.55,17,15,,0,0,0,66,65,51,48,11,43,0,82,7,2,12,311,1.636,8.9,1.5,5.9,11.2,1.91,,player.fcgi?id=wiggin000jax
Cody Adcock,21,2023,Arkansas,SEC,4,2,0.667,5.88,26,8,,0,0,1,52,47,35,34,10,25,0,46,6,0,4,227,1.385,8.1,1.7,4.3,8,1.84,,player.fcgi?id=adcock000cod
Ben Bybee,19,2023,Arkansas,SEC,2,1,0.667,7.24,15,7,,0,0,0,27.1,32,24,22,4,24,0,29,3,0,4,140,2.049,10.5,1.3,7.9,9.5,1.21,,player.fcgi?id=bybee-000ben
Dylan Carter,21,2023,Arkansas,SEC,6,0,1,3.65,16,0,,0,0,2,37,37,16,15,4,11,0,26,2,0,3,156,1.297,9,1,2.7,6.3,2.36,,player.fcgi?id=carter002dyl
Parker Coil*,19,2023,Arkansas,SEC,0,1,0,6.55,15,3,,0,0,1,22,31,17,16,5,9,0,19,1,1,3,103,1.818,12.7,2,3.7,7.8,2.11,,player.fcgi?id=coil--000par
Cooper Dossett,19,2023,Arkansas,SEC,0,0,,21.6,2,0,,0,0,0,1.2,2,4,4,0,4,0,3,1,0,0,12,3.6,10.8,0,21.6,16.2,0.75,,player.fcgi?id=dosset000coo
Jake Faherty,20,2023,Arkansas,SEC,0,0,,40.5,1,0,,0,0,0,0.2,0,3,3,0,3,0,1,0,2,0,5,4.5,0,0,40.5,13.5,0.33,,player.fcgi?id=fahert000jak
Sean Fitzpatrick*,20,2023,Arkansas,SEC,0,0,,0,3,0,,0,0,0,2.2,5,0,0,0,2,0,5,0,0,2,15,2.625,16.9,0,6.8,16.9,2.5,,player.fcgi?id=fitzpa001sea
Christian Foutch,19,2023,Arkansas,SEC,1,0,1,8.76,14,0,,0,0,0,12.1,14,12,12,4,12,0,9,5,0,2,67,2.108,10.2,2.9,8.8,6.6,0.75,,player.fcgi?id=foutch000chr
Koty Frank,23,2023,Arkansas,SEC,0,0,,3.09,6,0,,0,0,0,11.2,9,4,4,2,1,0,9,0,0,1,44,0.857,6.9,1.5,0.8,6.9,9,,player.fcgi?id=frank-000kot
Hunter Hollan*,21,2023,Arkansas,SEC,8,2,0.8,4.13,17,15,,1,0,1,80.2,82,41,37,13,29,0,74,9,3,5,352,1.376,9.1,1.5,3.2,8.3,2.55,,player.fcgi?id=hollan003hun
Austin Ledbetter,20,2023,Arkansas,SEC,0,1,0,7.09,15,0,,0,0,1,33,50,29,26,4,13,0,23,6,0,3,164,1.909,13.6,1.1,3.5,6.3,1.77,,player.fcgi?id=ledbet000aus
Will McEntire,22,2023,Arkansas,SEC,8,3,0.727,5.07,21,10,,1,0,2,87,92,51,49,20,29,0,83,3,2,4,374,1.391,9.5,2.1,3,8.6,2.86,,player.fcgi?id=mcenti002wil
Ben McLaughlin,21,2023,Arkansas,SEC,0,1,0,16.88,3,0,,0,0,0,2.2,5,5,5,0,4,0,4,0,0,1,17,3.375,16.9,0,13.5,13.5,1,,player.fcgi?id=mclaug000ben
Zack Morris*,22,2023,Arkansas,SEC,1,4,0.2,7.64,18,1,,0,0,2,33,39,34,28,4,18,0,39,3,1,1,164,1.727,10.6,1.1,4.9,10.6,2.17,,player.fcgi?id=morris005zac
Hagen Smith*,19,2023,Arkansas,SEC,8,2,0.8,3.64,18,11,,0,0,2,71.2,56,30,29,7,42,2,109,7,0,2,310,1.367,7,0.9,5.3,13.7,2.6,,player.fcgi?id=smith-000hag
Brady Tygart,20,2023,Arkansas,SEC,3,1,0.75,3.2,10,6,,0,0,1,25.1,15,11,9,4,8,0,31,4,0,0,102,0.908,5.3,1.4,2.8,11,3.88,,player.fcgi?id=tygart000bra
Gage Wood,19,2023,Arkansas,SEC,2,0,1,4.8,23,0,,0,0,5,30,21,17,16,1,23,1,42,7,1,9,140,1.467,6.3,0.3,6.9,12.6,1.83,,player.fcgi?id=wood--000gag
Ben Bybee,20,2024,Arkansas,SEC,2,1,0.667,5.83,11,7,,0,0,0,29.1,30,21,19,5,12,1,36,1,0,1,129,1.432,9.2,1.5,3.7,11,3,,player.fcgi?id=bybee-000ben
Dylan Carter,22,2024,Arkansas,SEC,1,0,1,8.18,8,0,,0,0,0,11,12,10,10,3,6,0,6,1,0,1,51,1.636,9.8,2.5,4.9,4.9,1,,player.fcgi?id=carter002dyl
Parker Coil*,20,2024,Arkansas,SEC,0,0,,7.23,16,0,,0,0,0,18.2,25,16,15,3,6,1,23,3,0,0,89,1.661,12.1,1.4,2.9,11.1,3.83,,player.fcgi?id=coil--000par
Hunter Dietz*,19,2024,Arkansas,SEC,0,0,,0,2,0,,0,0,0,1,1,0,0,0,2,0,2,1,0,0,7,3,9,0,18,18,1,,player.fcgi?id=dietz-000hun
Cooper Dossett,20,2024,Arkansas,SEC,3,1,0.75,5.17,14,0,,0,0,0,15.2,7,9,9,2,7,0,20,3,0,0,61,0.894,4,1.1,4,11.5,2.86,,player.fcgi?id=dosset000coo
Jake Faherty,21,2024,Arkansas,SEC,0,1,0,1.84,16,0,,0,0,1,14.2,8,4,3,1,9,0,26,1,0,1,65,1.159,4.9,0.6,5.5,16,2.89,,player.fcgi?id=fahert000jak
Colin Fisher*,19,2024,Arkansas,SEC,6,1,0.857,2.67,10,7,,0,0,0,27,24,9,8,3,8,1,27,3,1,0,113,1.185,8,1,2.7,9,3.38,,player.fcgi?id=fisher003col
Christian Foutch,20,2024,Arkansas,SEC,1,0,1,0.81,20,0,,0,0,1,22.1,19,2,2,1,7,0,20,6,0,3,94,1.164,7.7,0.4,2.8,8.1,2.86,,player.fcgi?id=foutch000chr
Koty Frank,24,2024,Arkansas,SEC,2,0,1,5.58,20,0,,0,0,4,30.2,30,21,19,4,9,1,30,6,0,2,134,1.272,8.8,1.2,2.6,8.8,3.33,,player.fcgi?id=frank-000kot
Gabe Gaeckle,19,2024,Arkansas,SEC,3,3,0.5,2.32,22,0,,0,0,7,42.2,26,14,11,1,19,2,57,2,1,2,178,1.055,5.5,0.2,4,12,3,,player.fcgi?id=gaeckl000gab
Stone Hewlett*,22,2024,Arkansas,SEC,1,0,1,3.46,23,0,,0,0,4,13,6,5,5,1,8,0,23,0,0,2,53,1.077,4.2,0.7,5.5,15.9,2.88,,player.fcgi?id=hewlet000sto
Will McEntire,23,2024,Arkansas,SEC,5,0,1,4.83,30,1,,0,0,4,54,56,31,29,5,18,2,65,0,0,3,232,1.37,9.3,0.8,3,10.8,3.61,,player.fcgi?id=mcenti002wil
Tate McGuire,19,2024,Arkansas,SEC,0,0,,5.4,2,0,,0,0,0,1.2,3,1,1,0,2,0,4,1,0,0,11,3,16.2,0,10.8,21.6,2,,player.fcgi?id=mcguir000tat
Mason Molina*,20,2024,Arkansas,SEC,4,2,0.667,4.47,15,13,,0,0,0,58.1,39,29,29,10,36,0,81,7,1,2,251,1.286,6,1.5,5.6,12.5,2.25,,player.fcgi?id=molina000mas
Hagen Smith*,20,2024,Arkansas,SEC,9,2,0.818,2.04,16,16,,0,0,0,84,41,22,19,5,34,1,161,5,0,2,331,0.893,4.4,0.5,3.6,17.3,4.74,,player.fcgi?id=smith-000hag
Brady Tygart,21,2024,Arkansas,SEC,4,3,0.571,3.94,14,13,,0,0,0,59.1,46,28,26,6,36,1,69,15,1,7,265,1.382,7,0.9,5.5,10.5,1.92,,player.fcgi?id=tygart000bra
Gage Wood,20,2024,Arkansas,SEC,3,2,0.6,4.46,22,3,,0,0,2,40.1,42,23,20,6,8,1,56,5,0,0,176,1.24,9.4,1.3,1.8,12.5,7,,player.fcgi?id=wood--000gag
Landon Beidelschies*,21,2025,Arkansas,SEC,4,0,1,4.82,16,13,,0,0,0,61.2,59,34,33,14,20,1,70,8,0,4,263,1.281,8.6,2,2.9,10.2,3.5,,player.fcgi?id=beidel000lan
Ben Bybee,21,2025,Arkansas,SEC,3,0,1,4.38,18,3,,0,0,0,37,38,20,18,6,15,0,42,1,1,0,162,1.432,9.2,1.5,3.6,10.2,2.8,,player.fcgi?id=bybee-000ben
Dylan Carter,23,2025,Arkansas,SEC,6,0,1,2.18,22,0,,0,0,0,33,23,8,8,3,12,0,36,5,0,8,133,1.061,6.3,0.8,3.3,9.8,3,,player.fcgi?id=carter002dyl
Parker Coil*,21,2025,Arkansas,SEC,3,0,1,1.27,14,0,,0,0,1,21.1,22,5,3,2,2,0,24,1,0,0,89,1.125,9.3,0.8,0.8,10.1,12,,player.fcgi?id=coil--000par
Hunter Dietz*,20,2025,Arkansas,SEC,0,0,,54,2,0,,0,0,0,0.2,4,4,4,1,0,0,2,0,0,1,7,6,54,13.5,0,27,,,player.fcgi?id=dietz-000hun
Steele Eaves,19,2025,Arkansas,SEC,1,0,1,1.86,8,0,,0,0,0,9.2,9,2,2,0,2,0,10,2,0,1,42,1.138,8.4,0,1.9,9.3,5,,player.fcgi?id=eaves-000ste
Colin Fisher*,20,2025,Arkansas,SEC,3,0,1,4.62,16,5,,0,0,0,25.1,20,13,13,2,12,0,31,2,0,4,108,1.263,7.1,0.7,4.3,11,2.58,,player.fcgi?id=fisher003col
Christian Foutch,21,2025,Arkansas,SEC,1,0,1,4.09,21,0,,0,0,4,22,14,11,10,3,10,0,31,8,0,2,96,1.091,5.7,1.2,4.1,12.7,3.1,,player.fcgi?id=foutch000chr
Gabe Gaeckle,20,2025,Arkansas,SEC,4,2,0.667,4.42,19,9,,0,0,2,71.1,63,37,35,7,31,1,92,5,0,8,308,1.318,7.9,0.9,3.9,11.6,2.97,,player.fcgi?id=gaeckl000gab
Cole Gibler*,19,2025,Arkansas,SEC,3,2,0.6,3.99,20,0,,0,0,1,29.1,25,13,13,3,12,0,57,3,0,5,128,1.261,7.7,0.9,3.7,17.5,4.75,,player.fcgi?id=gibler000col
Aiden Jimenez,21,2025,Arkansas,SEC,4,1,0.8,3.4,22,2,,0,0,1,42.1,41,16,16,2,13,1,40,2,0,1,175,1.276,8.7,0.4,2.8,8.5,3.08,,player.fcgi?id=jimene000aid
Will McEntire,24,2025,Arkansas,SEC,1,0,1,2.84,17,0,,0,0,2,25.1,16,11,8,4,4,0,29,1,0,2,98,0.789,5.7,1.4,1.4,10.3,7.25,,player.fcgi?id=mcenti002wil
Tate McGuire,20,2025,Arkansas,SEC,3,2,0.6,4.55,14,4,,0,0,1,27.2,23,14,14,4,9,0,24,3,0,2,115,1.157,7.5,1.3,2.9,7.8,2.67,,player.fcgi?id=mcguir000tat
Zach Root*,21,2025,Arkansas,SEC,9,6,0.6,3.62,19,19,,1,0,0,99.1,82,47,40,7,35,0,126,9,2,6,420,1.178,7.4,0.6,3.2,11.4,3.6,,player.fcgi?id=root--000zac
Carson Wiggins,20,2025,Arkansas,SEC,1,1,0.5,3.21,14,0,,0,0,3,14,7,6,5,0,9,2,20,1,0,6,59,1.143,4.5,0,5.8,12.9,2.22,,player.fcgi?id=wiggin003car
Gage Wood,21,2025,Arkansas,SEC,4,1,0.8,3.82,10,10,,1,1,0,37.2,27,17,16,5,7,0,69,3,0,2,150,0.903,6.5,1.2,1.7,16.5,9.86,,player.fcgi?id=wood--000gag
Tye Briscoe*,19,2026,Arkansas,SEC,0,0,,0,2,0,,0,0,0,1,0,0,0,0,1,0,3,0,0,0,4,1,0,0,9,27,3,,player.fcgi?id=brisco000tye
Mark Brissey,19,2026,Arkansas,SEC,0,0,,8.27,14,1,,0,0,1,16.1,15,16,15,3,12,0,22,3,0,1,78,1.653,8.3,1.7,6.6,12.1,1.83,,player.fcgi?id=brisse000mar
Carson Brumbaugh,19,2026,Arkansas,SEC,0,0,,5.4,2,0,,0,0,0,1.2,1,1,1,0,1,0,1,1,0,2,7,1.2,5.4,0,5.4,5.4,1,,player.fcgi?id=brumba000car
Parker Coil*,22,2026,Arkansas,SEC,3,0,1,3.99,27,1,,0,0,2,47.1,48,29,21,9,10,3,58,4,1,0,210,1.225,9.1,1.7,1.9,11,5.8,,player.fcgi?id=coil--000par
Luke Cornelison,19,2026,Arkansas,SEC,0,0,,4.5,4,0,,0,0,0,6,7,4,3,2,2,0,6,0,0,1,27,1.5,10.5,3,3,9,3,,player.fcgi?id=cornel001luk
James DeCremer,21,2026,Arkansas,SEC,0,1,0,4.66,14,3,,0,0,1,19.1,24,11,10,1,10,2,17,3,1,3,92,1.759,11.2,0.5,4.7,7.9,1.7,,player.fcgi?id=decrem000jam
Hunter Dietz*,21,2026,Arkansas,SEC,7,4,0.636,3.57,16,16,,1,0,0,85.2,71,40,34,10,31,0,131,7,0,9,362,1.191,7.5,1.1,3.3,13.8,4.23,,player.fcgi?id=dietz-000hun
Cooper Dossett,22,2026,Arkansas,SEC,0,0,,6.88,16,1,,0,0,1,17,12,13,13,4,12,0,18,0,1,0,72,1.412,6.4,2.1,6.4,9.5,1.5,,player.fcgi?id=dosset000coo
Steele Eaves,20,2026,Arkansas,SEC,7,1,0.875,3.92,28,1,,0,0,1,43.2,42,22,19,8,10,0,39,6,2,1,189,1.191,8.7,1.6,2.1,8,3.9,,player.fcgi?id=eaves-000ste
Colin Fisher*,21,2026,Arkansas,SEC,4,7,0.364,5.59,18,10,,1,1,0,56.1,58,41,35,8,17,0,58,9,0,6,249,1.331,9.3,1.3,2.7,9.3,3.41,,player.fcgi?id=fisher003col
Gabe Gaeckle,21,2026,Arkansas,SEC,6,3,0.667,4.14,20,12,,0,0,0,71.2,80,39,33,13,35,2,87,4,0,5,333,1.605,10,1.6,4.4,10.9,2.49,,player.fcgi?id=gaeckl000gab
Cole Gibler*,20,2026,Arkansas,SEC,5,3,0.625,5.46,19,5,,0,0,1,59.1,56,39,36,12,25,0,59,4,0,6,260,1.365,8.5,1.8,3.8,8.9,2.36,,player.fcgi?id=gibler000col
Jackson Kircher,20,2026,Arkansas,SEC,1,0,1,9.28,12,0,,0,0,0,10.2,12,12,11,1,11,0,17,3,0,2,57,2.156,10.1,0.8,9.3,14.3,1.55,,player.fcgi?id=kirche000jac
Peyton Lee,19,2026,Arkansas,SEC,1,2,0.333,9.19,7,4,,0,0,0,15.2,21,17,16,5,6,0,16,4,0,1,76,1.723,12.1,2.9,3.4,9.2,2.67,,player.fcgi?id=lee---004pey
Joey Lorenzini*,19,2026,Arkansas,SEC,0,0,,45,2,0,,0,0,0,1,5,5,5,2,1,0,0,1,1,0,10,6,45,18,9,0,0,,player.fcgi?id=lorenz001joe
Jordan Martin,19,2026,Arkansas,SEC,0,0,,0,3,0,,0,0,0,3,4,0,0,0,2,0,3,0,0,0,14,2,12,0,6,9,1.5,,player.fcgi?id=martin038jor
Ethan McElvain*,21,2026,Arkansas,SEC,6,0,1,1.88,20,1,,0,0,6,38.1,26,8,8,2,13,0,55,3,0,1,160,1.017,6.1,0.5,3.1,12.9,4.23,,player.fcgi?id=mcelva000eth
Tate McGuire,21,2026,Arkansas,SEC,1,1,0.5,4.78,21,8,,0,0,0,49,50,28,26,10,14,0,41,1,0,1,206,1.306,9.2,1.8,2.6,7.5,2.93,,player.fcgi?id=mcguir000tat
Jack Bauer*,19,2026,Mississippi State,SEC,4,0,1,7.09,16,0,,0,0,0,26.2,30,21,21,6,13,0,38,3,0,6,127,1.613,10.1,2,4.4,12.8,2.92,,player.fcgi?id=bauer-008jac
Tanner Beliveau,19,2026,Mississippi State,SEC,0,0,,10.8,3,0,,0,0,0,1.2,3,2,2,0,2,0,4,0,0,2,10,3,16.2,0,10.8,21.6,2,,player.fcgi?id=belive000tan
Chris Billingsley,20,2026,Mississippi State,SEC,1,0,1,6.08,17,5,,0,0,0,23.2,23,19,16,4,14,1,17,2,0,1,109,1.563,8.7,1.5,5.3,6.5,1.21,,player.fcgi?id=billin000chr
Braden Booth,20,2026,Mississippi State,SEC,0,0,,10.13,4,0,,0,0,0,2.2,3,3,3,3,2,0,1,0,0,0,13,1.875,10.1,10.1,6.8,3.4,0.5,,player.fcgi?id=booth-000bra
Dane Burns*,21,2026,Mississippi State,SEC,2,1,0.667,3.52,28,0,,0,0,1,23,22,9,9,2,13,0,32,4,0,4,111,1.522,8.6,0.8,5.1,12.5,2.46,,player.fcgi?id=burns-007dan
Ben Davis,21,2026,Mississippi State,SEC,0,2,0,3.64,26,0,,0,0,5,47,42,21,19,3,14,0,57,10,0,4,205,1.191,8,0.6,2.7,10.9,4.07,,player.fcgi?id=davis-007ben
Charlie Foster*,20,2026,Mississippi State,SEC,0,3,0,6.69,15,9,,0,0,0,36.1,38,31,27,4,22,0,37,5,0,0,172,1.651,9.4,1,5.4,9.2,1.68,,player.fcgi?id=foster005cha
Peyton Fowler,21,2026,Mississippi State,SEC,1,0,1,2.84,7,0,,0,0,0,6.1,2,2,2,0,6,0,12,2,0,0,30,1.263,2.8,0,8.5,17.1,2,,player.fcgi?id=fowler000pey
Jack Gleason,20,2026,Mississippi State,SEC,4,1,0.8,5.13,23,0,,0,0,0,26.1,20,15,15,2,12,0,42,5,1,1,115,1.215,6.8,0.7,4.1,14.4,3.5,,player.fcgi?id=gleaso003jac
William Kirk*,20,2026,Mississippi State,SEC,1,0,1,4.76,3,1,,0,0,0,5.2,6,4,3,0,2,0,5,0,0,0,23,1.412,9.5,0,3.2,7.9,2.5,,player.fcgi?id=kirk--004wil
Jackson Logar,21,2026,Mississippi State,SEC,0,0,,0,1,0,,0,0,0,1,0,0,0,0,1,0,3,0,0,1,4,1,0,0,9,27,3,,player.fcgi?id=logar-000jac
Ryan McPherson,20,2026,Mississippi State,SEC,4,1,0.8,3.56,10,10,,0,0,0,43,37,20,17,4,13,0,51,2,0,2,179,1.163,7.7,0.8,2.7,10.7,3.92,,player.fcgi?id=mcpher000rya
Maddox Miller*,19,2026,Mississippi State,SEC,4,2,0.667,2.45,20,1,,0,0,0,25.2,24,7,7,3,12,0,40,5,0,8,116,1.403,8.4,1.1,4.2,14,3.33,,player.fcgi?id=miller001mad
Tyler Pitzer,21,2026,Mississippi State,SEC,2,3,0.4,3.9,22,2,,0,0,1,30,21,15,13,1,16,0,38,0,0,1,126,1.233,6.3,0.3,4.8,11.4,2.38,,player.fcgi?id=pitzer000tyl
Parker Rhodes,19,2026,Mississippi State,SEC,1,0,1,3.18,10,0,,0,0,0,11.1,8,4,4,1,6,0,13,2,0,3,48,1.235,6.4,0.8,4.8,10.3,2.17,,player.fcgi?id=rhodes000par
Duke Stone,20,2026,Mississippi State,SEC,7,3,0.7,5.31,18,15,,0,0,0,79.2,88,50,47,14,29,1,107,9,0,6,360,1.469,9.9,1.6,3.3,12.1,3.69,,player.fcgi?id=stone-000duk
Brendan Sweeney,22,2026,Mississippi State,SEC,0,0,,5.85,13,2,,0,0,1,20,21,14,13,4,6,0,22,1,0,0,85,1.35,9.5,1.8,2.7,9.9,3.67,,player.fcgi?id=sweene001bre
Tomas Valincius*,20,2026,Mississippi State,SEC,11,2,0.846,3.5,17,17,,0,0,0,97.2,85,46,38,15,20,0,134,6,0,3,400,1.075,7.8,1.4,1.8,12.3,6.7,,player.fcgi?id=valinc000tom
Maddox Webb,21,2026,Mississippi State,SEC,1,1,0.5,3.91,27,0,,0,0,3,25.1,23,11,11,2,19,2,30,3,1,2,121,1.658,8.2,0.7,6.8,10.7,1.58,,player.fcgi?id=webb--000mad
Gavin Black,21,2025,Mississippi State,SEC,0,0,,0,1,0,,0,0,0,1,1,0,0,0,1,0,2,0,0,0,5,2,9,0,9,18,2,,player.fcgi?id=black-000gav
Dane Burns*,20,2025,Mississippi State,SEC,1,1,0.5,4.02,14,0,,0,0,0,15.2,11,7,7,1,12,0,19,2,0,2,71,1.468,6.3,0.6,6.9,10.9,1.58,,player.fcgi?id=burns-007dan
Ben Davis,20,2025,Mississippi State,SEC,4,2,0.667,3.77,23,4,,0,0,1,57.1,52,33,24,2,24,0,61,3,0,5,254,1.326,8.2,0.3,3.8,9.6,2.54,,player.fcgi?id=davis-007ben
Luke Dotson*,21,2025,Mississippi State,SEC,1,2,0.333,3.09,18,0,,0,0,2,23.1,18,10,8,3,12,0,34,1,0,5,98,1.286,6.9,1.2,4.6,13.1,2.83,,player.fcgi?id=dotson000luk
Robert Fortenberry*,22,2025,Mississippi State,SEC,0,0,,11.12,6,0,,0,0,0,5.2,7,7,7,1,1,0,5,1,0,1,26,1.412,11.1,1.6,1.6,7.9,5,,player.fcgi?id=forten000rob
Charlie Foster*,19,2025,Mississippi State,SEC,0,1,0,1.59,7,1,,0,0,0,11.1,3,4,2,1,8,0,17,1,0,0,46,0.971,2.4,0.8,6.4,13.5,2.13,,player.fcgi?id=foster005cha
Mikhai Grant,20,2025,Mississippi State,SEC,1,0,1,5.4,8,0,,0,0,0,8.1,6,5,5,2,9,0,17,3,0,0,43,1.8,6.5,2.2,9.7,18.4,1.89,,player.fcgi?id=grant-000mik
Chase Hungate,22,2025,Mississippi State,SEC,2,1,0.667,2.82,14,0,,0,0,2,22.1,17,8,7,2,4,0,17,1,0,1,87,0.94,6.9,0.8,1.6,6.9,4.25,,player.fcgi?id=hungat000cha
Pico Kohn*,22,2025,Mississippi State,SEC,5,4,0.556,4.73,15,15,,0,0,0,80,69,47,42,13,29,1,114,9,1,8,350,1.225,7.8,1.5,3.3,12.8,3.93,,player.fcgi?id=kohn--000pic
Karson Ligon,22,2025,Mississippi State,SEC,6,5,0.545,5.4,15,15,,0,0,0,56.2,55,39,34,8,29,0,73,11,1,7,262,1.482,8.7,1.3,4.6,11.6,2.52,,player.fcgi?id=ligon-000kar
Kevin Mannell,22,2025,Mississippi State,SEC,2,0,1,4.3,11,0,,0,0,0,14.2,14,9,7,2,5,0,19,4,0,2,64,1.295,8.6,1.2,3.1,11.7,3.8,,player.fcgi?id=mannel000kev
Ryan McPherson,19,2025,Mississippi State,SEC,4,1,0.8,4.12,20,2,,0,0,3,39.1,28,22,18,5,15,0,56,5,0,3,170,1.093,6.4,1.1,3.4,12.8,3.73,,player.fcgi?id=mcpher000rya
Cade O'Leary,19,2025,Mississippi State,SEC,0,0,,0,2,0,,0,0,0,2,2,2,0,0,0,0,5,0,0,1,9,1,9,0,0,22.5,,,player.fcgi?id=oleary000cad
Jacob Pruitt,21,2025,Mississippi State,SEC,1,0,1,7.23,9,2,,0,0,0,18.2,19,20,15,3,15,0,23,3,0,0,95,1.821,9.2,1.4,7.2,11.1,1.53,,player.fcgi?id=pruitt001jac
JT Schnoor,21,2025,Mississippi State,SEC,0,0,,81,1,0,,0,0,0,0.1,4,4,3,1,1,0,1,0,0,0,6,15,108,27,27,27,1,,player.fcgi?id=schnoo000jt-
Evan Siary,21,2025,Mississippi State,SEC,3,1,0.75,4,15,10,,0,0,0,54,45,26,24,8,15,0,72,7,0,2,229,1.111,7.5,1.3,2.5,12,4.8,,player.fcgi?id=siary-000eva
Stone Simmons,24,2025,Mississippi State,SEC,4,2,0.667,5.45,16,3,,0,0,3,33,35,24,20,3,14,0,43,3,0,0,150,1.485,9.5,0.8,3.8,11.7,3.07,,player.fcgi?id=simmon000sto
Nolan Stevens*,20,2025,Mississippi State,SEC,1,0,1,7.71,2,0,,0,0,0,2.1,2,2,2,0,3,0,2,0,0,0,11,2.143,7.7,0,11.6,7.7,0.67,,player.fcgi?id=steven001nol
Duke Stone,19,2025,Mississippi State,SEC,0,0,,5.79,5,0,,0,0,0,4.2,6,3,3,1,3,0,7,1,0,3,24,1.929,11.6,1.9,5.8,13.5,2.33,,player.fcgi?id=stone-000duk
Noah Sullivan,22,2025,Mississippi State,SEC,0,0,,1.96,7,7,,0,0,0,18.1,17,4,4,0,3,0,15,0,0,0,73,1.091,8.3,0,1.5,7.4,5,,player.fcgi?id=sulliv000noa
Nate Williams,23,2025,Mississippi State,SEC,1,3,0.25,4.23,19,0,,0,0,1,27.2,14,14,13,3,11,0,51,4,0,7,113,0.904,4.6,1,3.6,16.6,4.64,,player.fcgi?id=willia011nat
Brooks Auger,22,2024,Mississippi State,SEC,1,2,0.333,3.35,20,5,,0,0,2,45.2,37,20,17,2,17,0,50,1,0,2,191,1.182,7.3,0.4,3.4,9.9,2.94,,player.fcgi?id=auger-000bro
Gavin Black,20,2024,Mississippi State,SEC,0,0,,5.93,12,0,,0,0,0,13.2,13,10,9,3,8,0,22,2,0,1,64,1.537,8.6,2,5.3,14.5,2.75,,player.fcgi?id=black-000gav
Cole Cheatham*,20,2024,Mississippi State,SEC,0,0,,4.7,9,0,,0,0,0,7.2,6,5,4,0,7,0,6,0,0,0,38,1.696,7,0,8.2,7,0.86,,player.fcgi?id=cheath000col
Jurrangelo Cijntje#,21,2024,Mississippi State,SEC,8,2,0.8,3.67,16,16,,0,0,0,90.2,70,39,37,11,30,2,113,12,0,2,378,1.103,6.9,1.1,3,11.2,3.77,,player.fcgi?id=cijntj000jur
KK Clark,19,2024,Mississippi State,SEC,0,0,,36,2,0,,0,0,0,1,4,4,4,1,0,0,2,1,0,0,9,4,36,9,0,18,,,player.fcgi?id=clark-000kk-
Tyler Davis*,22,2024,Mississippi State,SEC,6,1,0.857,2.8,28,0,,0,0,5,35.1,28,11,11,1,14,0,41,2,0,0,150,1.189,7.1,0.3,3.6,10.4,2.93,,player.fcgi?id=davis-013tyl
Nate Dohm,21,2024,Mississippi State,SEC,4,0,1,1.23,8,6,,0,0,0,29.1,23,5,4,0,4,1,37,1,0,2,113,0.92,7.1,0,1.2,11.4,9.25,,player.fcgi?id=dohm--000nat
Luke Dotson*,20,2024,Mississippi State,SEC,0,0,,8.25,11,0,,0,0,0,12,15,11,11,0,5,0,19,2,0,1,59,1.667,11.3,0,3.8,14.3,3.8,,player.fcgi?id=dotson000luk
Logan Forsythe,20,2024,Mississippi State,SEC,0,1,0,10.13,6,0,,0,0,0,5.1,4,6,6,2,3,0,11,1,0,0,24,1.313,6.8,3.4,5.1,18.6,3.67,,player.fcgi?id=forsyt002log
Gage Haley,20,2024,Mississippi State,SEC,0,0,,0,1,0,,0,0,0,2,0,0,0,0,2,0,2,2,0,0,10,1,0,0,9,9,1,,player.fcgi?id=haley-001gag
Tyson Hardin,22,2024,Mississippi State,SEC,3,3,0.5,3.22,25,2,,0,0,2,36.1,33,16,13,1,23,2,36,1,1,3,165,1.541,8.2,0.2,5.7,8.9,1.57,,player.fcgi?id=hardin000tys
Colby Holcombe,21,2024,Mississippi State,SEC,1,1,0.5,10.38,12,1,,0,0,0,21.2,26,25,25,7,12,0,28,2,1,0,104,1.754,10.8,2.9,5,11.6,2.33,,player.fcgi?id=holcom000col
Pico Kohn*,21,2024,Mississippi State,SEC,1,1,0.5,3.38,9,8,,0,0,0,29.1,26,13,11,1,11,0,35,3,0,2,126,1.261,8,0.3,3.4,10.7,3.18,,player.fcgi?id=kohn--000pic
Karson Ligon,21,2024,Mississippi State,SEC,1,0,1,4.56,15,2,,0,0,0,23.2,17,16,12,5,21,0,21,7,1,5,113,1.606,6.5,1.9,8,8,1,,player.fcgi?id=ligon-000kar
Bradley Loftin*,20,2024,Mississippi State,SEC,0,0,,3.38,3,2,,0,0,0,8,7,4,3,1,1,0,12,1,0,1,32,1,7.9,1.1,1.1,13.5,12,,player.fcgi?id=loftin000bra
Max Miller*,20,2024,Mississippi State,SEC,0,0,,,1,0,,0,0,0,0,0,0,0,0,1,0,0,0,0,0,1,,,,,,0,,player.fcgi?id=miller010max
Cam Schuelke,22,2024,Mississippi State,SEC,5,3,0.625,4.21,32,0,,0,0,2,47,41,23,22,4,23,3,47,3,1,0,200,1.362,7.9,0.8,4.4,9,2.04,,player.fcgi?id=schuel000cam
Evan Siary,20,2024,Mississippi State,SEC,0,3,0,7.48,10,4,,0,0,0,21.2,28,18,18,7,6,0,22,2,0,0,101,1.569,11.6,2.9,2.5,9.1,3.67,,player.fcgi?id=siary-000eva
Khal Stephen,21,2024,Mississippi State,SEC,8,3,0.727,3.28,16,16,,0,0,0,96,76,37,35,13,21,2,107,6,0,6,384,1.01,7.1,1.2,2,10,5.1,,player.fcgi?id=stephe000kha
Nolan Stevens*,19,2024,Mississippi State,SEC,2,3,0.4,4.73,14,1,,0,0,0,26.2,27,14,14,4,8,1,28,4,0,3,116,1.313,9.1,1.4,2.7,9.5,3.5,,player.fcgi?id=steven001nol
Cole Cheatham*,19,2023,Mississippi State,SEC,0,0,,7.15,9,0,,0,0,0,11.1,14,15,9,2,11,1,11,0,0,5,61,2.206,11.1,1.6,8.7,8.7,1,,player.fcgi?id=cheath000col
Jurrangelo Cijntje#,20,2023,Mississippi State,SEC,3,5,0.375,8.1,14,13,,0,0,0,50,44,48,45,12,34,0,63,14,0,5,238,1.56,7.9,2.2,6.1,11.3,1.85,,player.fcgi?id=cijntj000jur
Tyler Davis*,21,2023,Mississippi State,SEC,1,0,1,9.13,14,0,,0,0,0,22.2,31,26,23,4,21,0,21,2,0,2,123,2.294,12.3,1.6,8.3,8.3,1,,player.fcgi?id=davis-013tyl
Nate Dohm,20,2023,Mississippi State,SEC,6,4,0.6,4.07,17,2,,0,0,2,42,42,28,19,8,12,1,49,6,0,5,186,1.286,9,1.7,2.6,10.5,4.08,,player.fcgi?id=dohm--000nat
Logan Forsythe,19,2023,Mississippi State,SEC,0,0,,11.37,7,0,,0,0,0,6.1,11,9,8,1,8,0,10,1,0,2,39,3,15.6,1.4,11.4,14.2,1.25,,player.fcgi?id=forsyt002log
Landon Gartman,22,2023,Mississippi State,SEC,2,3,0.4,7.25,11,11,,0,0,0,49.2,51,44,40,12,25,0,47,7,1,6,236,1.53,9.2,2.2,4.5,8.5,1.88,,player.fcgi?id=gartma000lan
Will Gibbs,19,2023,Mississippi State,SEC,0,0,,5.4,6,0,,0,0,0,5,3,3,3,0,8,0,10,1,0,0,27,2.2,5.4,0,14.4,18,1.25,,player.fcgi?id=gibbs-005wil
Tyson Hardin,21,2023,Mississippi State,SEC,0,0,,12.81,15,0,,0,0,0,19.2,40,29,28,8,11,0,25,1,0,5,112,2.593,18.3,3.7,5,11.4,2.27,,player.fcgi?id=hardin000tys
Colby Holcombe,20,2023,Mississippi State,SEC,2,2,0.5,8.25,18,3,,0,0,0,36,31,38,33,8,42,2,49,3,0,3,185,2.028,7.8,2,10.5,12.3,1.17,,player.fcgi?id=holcom000col
K.C. Hunt,22,2023,Mississippi State,SEC,2,2,0.5,8.54,23,1,,0,0,2,39,46,40,37,5,33,3,55,2,0,4,195,2.026,10.6,1.2,7.6,12.7,1.67,,player.fcgi?id=hunt--000kc-
Bradley Loftin*,19,2023,Mississippi State,SEC,2,1,0.667,3.08,7,5,,0,0,0,26.1,13,12,9,2,28,0,43,3,0,4,122,1.557,4.4,0.7,9.6,14.7,1.54,,player.fcgi?id=loftin000bra
Aaron Nixon,21,2023,Mississippi State,SEC,2,2,0.5,2.66,16,0,,0,0,2,20.1,11,7,6,1,10,2,24,7,0,0,89,1.033,4.9,0.4,4.4,10.6,2.4,,player.fcgi?id=nixon-000aar
Evan Siary,19,2023,Mississippi State,SEC,1,2,0.333,7.07,14,3,,0,0,1,28,35,27,22,8,12,0,28,4,0,1,137,1.679,11.3,2.6,3.9,9,2.33,,player.fcgi?id=siary-000eva
Cade Smith,21,2023,Mississippi State,SEC,1,2,0.333,5.23,10,9,,0,0,0,43,37,25,25,11,28,0,46,4,0,6,195,1.512,7.7,2.3,5.9,9.6,1.64,,player.fcgi?id=smith-003cad
Parker Stinnett,23,2023,Mississippi State,SEC,2,0,1,9.31,7,2,,0,0,0,9.2,14,11,10,2,6,0,13,2,0,0,48,2.069,13,1.9,5.6,12.1,2.17,,player.fcgi?id=stinne001par
Brock Tapper*,19,2023,Mississippi State,SEC,2,1,0.667,4.76,15,0,,0,0,0,22.2,30,16,12,3,14,0,23,3,0,2,114,1.941,11.9,1.2,5.6,9.1,1.64,,player.fcgi?id=tapper000bro
Graham Yntema*,--,2023,Mississippi State,SEC,1,2,0.333,10.55,13,4,,0,0,0,21.1,28,32,25,3,18,0,21,6,1,2,115,2.156,11.8,1.3,7.6,8.9,1.17,,player.fcgi?id=yntema000gra
Brooks Auger,20,2022,Mississippi State,SEC,2,0,1,3.05,16,0,,0,0,0,20.2,16,10,7,3,12,1,27,1,1,0,90,1.355,7,1.3,5.2,11.8,2.25,,player.fcgi?id=auger-000bro
Cole Cheatham*,18,2022,Mississippi State,SEC,0,0,,9.24,10,1,,0,0,0,12.2,17,13,13,1,12,0,18,2,1,2,70,2.289,12.1,0.7,8.5,12.8,1.5,,player.fcgi?id=cheath000col
Lane Forsythe,20,2022,Mississippi State,SEC,0,1,0,23.14,3,0,,0,0,0,2.1,6,6,6,2,1,0,2,0,0,0,14,3,23.1,7.7,3.9,7.7,2,,player.fcgi?id=forsyt000lan
Jackson Fristoe,21,2022,Mississippi State,SEC,3,4,0.429,7.96,24,3,,0,0,1,37.1,44,33,33,5,19,2,48,4,0,1,175,1.688,10.6,1.2,4.6,11.6,2.53,,player.fcgi?id=fristo000jac
K.C. Hunt,21,2022,Mississippi State,SEC,2,4,0.333,7.46,15,1,,0,0,1,25.1,27,21,21,4,13,1,32,1,0,3,117,1.579,9.6,1.4,4.6,11.4,2.46,,player.fcgi?id=hunt--000kc-
Preston Johnson,22,2022,Mississippi State,SEC,3,4,0.429,5.47,14,13,,0,0,0,79,73,50,48,18,38,0,117,7,0,2,354,1.405,8.3,2.1,4.3,13.3,3.08,,player.fcgi?id=johnso001pre
Pico Kohn*,19,2022,Mississippi State,SEC,2,2,0.5,4.91,21,2,,0,0,0,36.2,35,24,20,6,18,2,35,4,0,4,165,1.445,8.6,1.5,4.4,8.6,1.94,,player.fcgi?id=kohn--000pic
Stone Simmons,21,2022,Mississippi State,SEC,0,0,,0,3,0,,0,0,0,4.1,0,0,0,0,0,0,6,0,0,0,13,0,0,0,0,12.5,,,player.fcgi?id=simmon000sto
Landon Sims,21,2022,Mississippi State,SEC,0,2,0,1.15,3,3,,0,0,0,15.2,11,5,2,1,2,0,27,0,0,0,59,0.83,6.3,0.6,1.1,15.5,13.5,,player.fcgi?id=sims--000lan
Brandon Smith,22,2022,Mississippi State,SEC,3,5,0.375,5.88,19,8,,0,0,0,64.1,76,45,42,18,17,0,58,5,0,3,285,1.446,10.6,2.5,2.4,8.1,3.41,,player.fcgi?id=smith-027bra
Cade Smith,20,2022,Mississippi State,SEC,4,4,0.5,3.86,14,14,,0,0,0,72.1,61,37,31,10,36,0,66,5,0,6,321,1.341,7.6,1.2,4.5,8.2,1.83,,player.fcgi?id=smith-003cad
Parker Stinnett,22,2022,Mississippi State,SEC,4,1,0.8,6.12,12,6,,0,0,0,32.1,27,23,22,2,26,0,49,3,0,7,150,1.639,7.5,0.6,7.2,13.6,1.88,,player.fcgi?id=stinne001par
Drew Talley,23,2022,Mississippi State,SEC,1,1,0.5,3.86,19,0,,0,0,0,21,22,9,9,1,8,1,29,1,0,0,92,1.429,9.4,0.4,3.4,12.4,3.63,,player.fcgi?id=talley000dre
Mikey Tepper,20,2022,Mississippi State,SEC,1,2,0.333,9.49,17,2,,0,0,1,24.2,25,27,26,2,25,0,29,3,0,4,124,2.027,9.1,0.7,9.1,10.6,1.16,,player.fcgi?id=tepper000mik
Cam Tullar*,22,2022,Mississippi State,SEC,0,0,,10.13,22,0,,0,0,0,24,33,27,27,5,16,2,32,8,0,1,127,2.042,12.4,1.9,6,12,2,,player.fcgi?id=tullar000cam
Jack Walker,19,2022,Mississippi State,SEC,1,0,1,12.86,7,3,,0,0,0,14,19,20,20,3,13,0,13,4,0,4,76,2.286,12.2,1.9,8.4,8.4,1,,player.fcgi?id=walker016jac
Andrew Walling*,22,2022,Mississippi State,SEC,0,0,,12,3,0,,0,0,0,3,2,4,4,0,7,0,4,1,0,1,18,3,6,0,21,12,0.57,,player.fcgi?id=wallin000and
Kole Alford*,20,2021,Mississippi State,SEC,0,0,,0,1,0,,0,0,0,0.1,1,0,0,0,1,0,1,0,0,0,3,6,27,0,27,27,1,,player.fcgi?id=alford000kol
Will Bednar,21,2021,Mississippi State,SEC,9,1,0.9,3.12,19,16,,0,0,0,92.1,72,35,32,12,26,1,139,8,1,2,375,1.061,7,1.2,2.5,13.5,5.35,,player.fcgi?id=bednar002wil
Dylan Carmouche*,19,2021,Mississippi State,SEC,1,0,1,1.23,9,0,,0,0,0,7.1,6,2,1,0,3,0,11,1,0,1,32,1.227,7.4,0,3.7,13.5,3.67,,player.fcgi?id=carmou000dyl
Eric Cerantola,21,2021,Mississippi State,SEC,0,1,0,5.71,10,4,,0,0,0,17.1,13,11,11,2,11,0,24,6,0,4,80,1.385,6.8,1,5.7,12.5,2.18,,player.fcgi?id=cerant000eri
Jaxen Forrester,22,2021,Mississippi State,SEC,0,0,,6,3,0,,0,0,0,3,2,2,2,0,2,0,1,0,0,2,13,1.333,6,0,6,3,0.5,,player.fcgi?id=forres000jax
Jackson Fristoe,20,2021,Mississippi State,SEC,3,3,0.5,5.69,16,13,,0,0,0,49,41,32,31,9,37,1,68,4,1,5,226,1.592,7.5,1.7,6.8,12.5,1.84,,player.fcgi?id=fristo000jac
Houston Harding*,23,2021,Mississippi State,SEC,7,2,0.778,3.05,21,8,,0,0,0,62,50,25,21,8,21,0,67,2,1,4,256,1.145,7.3,1.2,3,9.7,3.19,,player.fcgi?id=hardin000hou
K.C. Hunt,20,2021,Mississippi State,SEC,0,0,,4.8,14,0,,0,0,0,15,15,10,8,1,8,0,14,2,0,8,68,1.533,9,0.6,4.8,8.4,1.75,,player.fcgi?id=hunt--000kc-
Preston Johnson,21,2021,Mississippi State,SEC,4,0,1,3.82,22,0,,0,0,0,33,25,16,14,4,14,0,50,4,0,0,138,1.182,6.8,1.1,3.8,13.6,3.57,,player.fcgi?id=johnso001pre
Carlisle Koestler,25,2021,Mississippi State,SEC,3,0,1,4.12,11,2,,0,0,0,19.2,20,9,9,2,7,1,23,3,0,3,89,1.373,9.2,0.9,3.2,10.5,3.29,,player.fcgi?id=koestl000car
Xavier Lovett,20,2021,Mississippi State,SEC,0,0,,6.75,6,0,,0,0,0,4,3,4,3,0,2,0,1,1,0,1,19,1.25,6.8,0,4.5,2.3,0.5,,player.fcgi?id=lovett000xav
Christian MacLeod*,21,2021,Mississippi State,SEC,6,6,0.5,5.23,19,19,,0,0,0,82.2,79,55,48,16,33,0,113,6,0,8,364,1.355,8.6,1.7,3.6,12.3,3.42,,player.fcgi?id=macleo000chr
Chase Patrick,22,2021,Mississippi State,SEC,0,0,,2.57,19,0,,0,0,0,14,14,5,4,3,6,2,10,1,0,4,57,1.429,9,1.9,3.9,6.4,1.67,,player.fcgi?id=patric004cha
Spencer Price?,--,2021,Mississippi State,SEC,1,0,1,7.36,9,0,,0,0,0,7.1,5,6,6,2,5,0,13,1,0,2,34,1.364,6.1,2.5,6.1,16,2.6,,player.fcgi?id=price-000spe
Davis Rokose*,20,2021,Mississippi State,SEC,0,0,,10.8,4,0,,0,0,0,3.1,2,4,4,1,4,0,6,1,0,0,17,1.8,5.4,2.7,10.8,16.2,1.5,,player.fcgi?id=rokose000dav
Riley Self,23,2021,Mississippi State,SEC,0,0,,5.4,7,0,,0,0,0,5,9,4,3,0,4,0,7,0,0,0,28,2.6,16.2,0,7.2,12.6,1.75,,player.fcgi?id=self--000ril
Stone Simmons,20,2021,Mississippi State,SEC,1,1,0.5,4.81,19,0,,0,0,2,24.1,22,15,13,1,8,0,29,1,0,2,104,1.233,8.1,0.4,3,10.7,3.63,,player.fcgi?id=simmon000sto
Landon Sims,20,2021,Mississippi State,SEC,5,0,1,1.44,25,0,,0,0,13,56.1,29,9,9,2,15,0,100,1,0,3,213,0.781,4.6,0.3,2.4,16,6.67,,player.fcgi?id=sims--000lan
Brandon Smith,21,2021,Mississippi State,SEC,4,4,0.5,4.12,21,2,,0,0,1,39.1,36,23,18,5,12,1,43,1,0,5,170,1.22,8.2,1.1,2.7,9.8,3.58,,player.fcgi?id=smith-027bra
Cade Smith,19,2021,Mississippi State,SEC,3,0,1,2.4,10,1,,0,0,0,15,6,5,4,1,10,0,20,1,0,0,63,1.067,3.6,0.6,6,12,2,,player.fcgi?id=smith-003cad
Parker Stinnett,21,2021,Mississippi State,SEC,1,0,1,2.41,17,1,,0,0,1,18.2,8,5,5,1,16,0,31,4,1,7,84,1.286,3.9,0.5,7.7,14.9,1.94,,player.fcgi?id=stinne001par
Drew Talley,22,2021,Mississippi State,SEC,0,0,,9,4,0,,0,0,0,3,5,4,3,0,1,0,7,0,0,0,15,2,15,0,3,21,7,,player.fcgi?id=talley000dre
Mikey Tepper,19,2021,Mississippi State,SEC,2,0,1,5.25,11,2,,0,0,0,12,8,8,7,1,9,0,14,0,2,6,55,1.417,6,0.8,6.8,10.5,1.56,,player.fcgi?id=tepper000mik
Cam Tullar*,21,2021,Mississippi State,SEC,0,0,,6.86,23,0,,0,0,1,19.2,23,15,15,1,11,2,25,1,0,2,94,1.729,10.5,0.5,5,11.4,2.27,,player.fcgi?id=tullar000cam
Will Bednar,20,2020,Mississippi State,SEC,0,0,,1.76,4,1,,0,0,1,15.1,9,3,3,0,6,0,23,1,0,2,63,0.978,5.3,0,3.5,13.5,3.83,,player.fcgi?id=bednar002wil
Eric Cerantola,20,2020,Mississippi State,SEC,1,1,0.5,3.18,4,4,,0,0,0,17,17,9,6,0,11,0,22,2,0,8,79,1.647,9,0,5.8,11.6,2,,player.fcgi?id=cerant000eri
David Dunlavey,23,2020,Mississippi State,SEC,2,1,0.667,1.69,5,0,,0,0,0,10.2,8,5,2,0,8,0,11,1,0,3,48,1.5,6.8,0,6.8,9.3,1.38,,player.fcgi?id=dunlav000dav
Jaxen Forrester,21,2020,Mississippi State,SEC,0,0,,2.57,7,0,,0,0,0,7,5,2,2,0,3,0,9,0,0,3,28,1.143,6.4,0,3.9,11.6,3,,player.fcgi?id=forres000jax
J.T. Ginn,21,2020,Mississippi State,SEC,0,0,,6,1,1,,0,0,0,3,3,2,2,0,2,0,4,0,2,1,13,1.667,9,0,6,12,2,,player.fcgi?id=ginn--000jt-
Houston Harding*,22,2020,Mississippi State,SEC,1,0,1,2.79,2,2,,0,0,0,9.2,6,6,3,1,3,0,11,0,0,0,41,0.931,5.6,0.9,2.8,10.2,3.67,,player.fcgi?id=hardin000hou
K.C. Hunt,19,2020,Mississippi State,SEC,0,0,,16.2,1,1,,0,0,0,1.2,2,3,3,0,2,0,1,1,0,2,10,2.4,10.8,0,10.8,5.4,0.5,,player.fcgi?id=hunt--000kc-
Carlisle Koestler,24,2020,Mississippi State,SEC,0,1,0,4.42,5,3,,0,0,0,18.1,18,9,9,1,5,0,13,1,1,0,78,1.255,8.8,0.5,2.5,6.4,2.6,,player.fcgi?id=koestl000car
Christian MacLeod*,20,2020,Mississippi State,SEC,4,0,1,0.86,4,4,,0,0,0,21,9,2,2,0,6,0,35,0,0,3,78,0.714,3.9,0,2.6,15,5.83,,player.fcgi?id=macleo000chr
Chase Patrick,21,2020,Mississippi State,SEC,2,0,1,4.5,4,0,,0,0,0,6,4,3,3,1,3,0,7,0,0,0,23,1.167,6,1.5,4.5,10.5,2.33,,player.fcgi?id=patric004cha
Spencer Price?,--,2020,Mississippi State,SEC,0,0,,0,8,0,,0,0,2,7.1,1,0,0,0,1,0,10,0,0,0,24,0.273,1.2,0,1.2,12.3,10,,player.fcgi?id=price-000spe
Riley Self,22,2020,Mississippi State,SEC,1,0,1,1.17,7,0,,0,0,0,7.2,3,3,1,0,1,0,7,2,0,0,31,0.522,3.5,0,1.2,8.2,7,,player.fcgi?id=self--000ril
Jared Shemper*,21,2020,Mississippi State,SEC,0,1,0,8.31,5,0,,0,0,1,4.1,6,5,4,0,3,0,4,0,0,1,21,2.077,12.5,0,6.2,8.3,1.33,,player.fcgi?id=shempe000jar
Landon Sims,19,2020,Mississippi State,SEC,1,0,1,3.46,7,0,,0,0,0,13,5,6,5,1,7,0,23,3,0,3,57,0.923,3.5,0.7,4.8,15.9,3.29,,player.fcgi?id=sims--000lan
Trysten Barlow*,22,2019,Mississippi State,SEC,3,1,0.75,6,28,0,,0,0,0,24,21,17,16,2,13,0,32,6,0,3,113,1.417,7.9,0.8,4.9,12,2.46,,player.fcgi?id=barlow000try
Kale Breaux*,22,2019,Mississippi State,SEC,0,0,,0,1,0,,0,0,0,0.1,1,0,0,0,1,0,1,0,0,0,3,6,27,0,27,27,1,,player.fcgi?id=breaux000kal
Bryce Brock*,19,2019,Mississippi State,SEC,0,0,,7.56,7,0,,0,0,0,8.1,16,9,7,0,6,0,12,2,0,0,49,2.64,17.3,0,6.5,13,2,,player.fcgi?id=brock-000bry
Eric Cerantola,19,2019,Mississippi State,SEC,3,0,1,4.3,11,4,,0,0,0,14.2,8,9,7,0,11,0,21,5,1,2,70,1.295,4.9,0,6.8,12.9,1.91,,player.fcgi?id=cerant000eri
Jack Eagan*,21,2019,Mississippi State,SEC,1,0,1,3.09,18,1,,0,0,0,23.1,12,9,8,1,17,0,34,5,0,1,99,1.243,4.6,0.4,6.6,13.1,2,,player.fcgi?id=eagan-002jac
J.T. Ginn,20,2019,Mississippi State,SEC,8,4,0.667,3.13,17,17,,1,0,0,86.1,72,35,30,1,19,0,105,4,2,13,354,1.054,7.5,0.1,2,10.9,5.53,,player.fcgi?id=ginn--000jt-
Cole Gordon,23,2019,Mississippi State,SEC,5,1,0.833,3.8,30,0,,0,0,11,42.2,34,20,18,3,24,0,69,1,0,7,185,1.359,7.2,0.6,5.1,14.6,2.88,,player.fcgi?id=gordon000col
Keegan James,22,2019,Mississippi State,SEC,4,1,0.8,5.02,18,8,,0,0,0,43,44,28,24,2,31,2,41,4,1,9,204,1.744,9.2,0.4,6.5,8.6,1.32,,player.fcgi?id=james-000kee
Jared Liebelt,22,2019,Mississippi State,SEC,2,0,1,2.96,34,0,,0,0,5,54.2,57,26,18,4,11,1,38,5,0,1,232,1.244,9.4,0.7,1.8,6.3,3.45,,player.fcgi?id=liebel000jar
Peyton Plumlee,22,2019,Mississippi State,SEC,7,5,0.583,3.8,21,16,,0,0,0,85.1,67,40,36,8,28,1,68,9,0,9,360,1.113,7.1,0.8,3,7.2,2.43,,player.fcgi?id=plumle000pey
Spencer Price?,--,2019,Mississippi State,SEC,0,0,,3.86,12,0,,0,0,0,11.2,10,5,5,1,7,1,11,1,0,2,53,1.457,7.7,0.8,5.4,8.5,1.57,,player.fcgi?id=price-000spe
Riley Self,21,2019,Mississippi State,SEC,2,0,1,4.91,23,0,,0,0,0,25.2,37,15,14,3,9,0,18,1,0,3,121,1.792,13,1.1,3.2,6.3,2,,player.fcgi?id=self--000ril
Ethan Small*,22,2019,Mississippi State,SEC,10,2,0.833,1.93,18,18,,0,0,0,107,61,26,23,8,32,0,176,8,0,3,418,0.869,5.1,0.7,2.7,14.8,5.5,,player.fcgi?id=small-000eth
Brandon Smith,19,2019,Mississippi State,SEC,3,0,1,3.93,26,3,,0,0,0,36.2,43,17,16,3,6,0,31,4,0,1,157,1.336,10.6,0.7,1.5,7.6,5.17,,player.fcgi?id=smith-027bra
Tyler Spring,22,2019,Mississippi State,SEC,1,0,1,2.61,10,0,,0,0,0,10.1,7,3,3,0,8,0,13,1,0,2,46,1.452,6.1,0,7,11.3,1.63,,player.fcgi?id=spring000tyl
Colby White,20,2019,Mississippi State,SEC,3,1,0.75,3.12,27,0,,0,0,0,26,16,10,9,2,9,0,48,1,0,2,103,0.962,5.5,0.7,3.1,16.6,5.33,,player.fcgi?id=white-005col
Trysten Barlow*,21,2018,Mississippi State,SEC,0,0,,13.5,4,0,,0,0,0,2.2,3,4,4,0,4,0,3,1,0,0,16,2.625,10.1,0,13.5,10.1,0.75,,player.fcgi?id=barlow000try
Jacob Billingsley,23,2018,Mississippi State,SEC,5,4,0.556,5.57,19,18,,0,0,0,72.2,81,52,45,7,41,0,71,8,1,12,341,1.679,10,0.9,5.1,8.8,1.73,,player.fcgi?id=billin000jac
Kale Breaux*,21,2018,Mississippi State,SEC,0,0,,5.4,4,0,,0,0,0,1.2,0,1,1,0,6,0,3,2,0,1,12,3.6,0,0,32.4,16.2,0.5,,player.fcgi?id=breaux000kal
J.P. France,23,2018,Mississippi State,SEC,5,5,0.5,3.77,25,2,,0,0,2,59.2,57,31,25,2,26,4,65,2,2,9,263,1.391,8.6,0.3,3.9,9.8,2.5,,player.fcgi?id=france000jp-
Cole Gordon,22,2018,Mississippi State,SEC,4,3,0.571,4.26,30,1,,0,0,4,61.1,51,29,29,7,32,2,68,3,0,13,264,1.353,7.5,1,4.7,10,2.13,,player.fcgi?id=gordon000col
Josh Hatcher*,19,2018,Mississippi State,SEC,0,0,,0,3,0,,0,0,0,3,2,0,0,0,2,0,6,0,0,1,13,1.333,6,0,6,18,3,,player.fcgi?id=hatche000jos
Keegan James,21,2018,Mississippi State,SEC,0,2,0,4.34,26,0,,0,0,0,47.2,58,27,23,3,19,1,45,9,0,8,222,1.615,11,0.6,3.6,8.5,2.37,,player.fcgi?id=james-000kee
Jared Liebelt,21,2018,Mississippi State,SEC,0,0,,13.15,12,1,,0,0,0,13,21,21,19,0,8,1,7,7,0,4,76,2.231,14.5,0,5.5,4.8,0.88,,player.fcgi?id=liebel000jar
Cole Marsh,--,2018,Mississippi State,SEC,1,0,1,4.7,9,2,,0,0,0,15.1,15,8,8,0,4,0,8,7,0,2,66,1.239,8.8,0,2.3,4.7,2,,player.fcgi?id=marsh-000col
Denver McQuary,20,2018,Mississippi State,SEC,2,2,0.5,5.54,19,6,,0,0,2,39,50,27,24,3,26,1,31,2,0,5,188,1.949,11.5,0.7,6,7.2,1.19,,player.fcgi?id=mcquar000den
Zach Neff*,22,2018,Mississippi State,SEC,4,3,0.571,3.33,27,2,,0,0,2,46,50,21,17,3,9,2,41,5,0,2,198,1.283,9.8,0.6,1.8,8,4.56,,player.fcgi?id=neff--000zac
Konnor Pilkington*,20,2018,Mississippi State,SEC,3,6,0.333,4.47,18,18,,0,0,0,102.2,106,58,51,8,33,0,107,11,0,11,450,1.354,9.3,0.7,2.9,9.4,3.24,,player.fcgi?id=pilkin000kon
Riley Self,20,2018,Mississippi State,SEC,5,0,1,3.51,18,0,,0,0,1,25.2,20,13,10,3,12,1,20,1,0,1,108,1.247,7,1.1,4.2,7,1.67,,player.fcgi?id=self--000ril
Ethan Small*,21,2018,Mississippi State,SEC,5,4,0.556,3.2,18,18,,0,0,0,101.1,93,40,36,8,33,0,122,2,3,8,427,1.243,8.3,0.7,2.9,10.8,3.7,,player.fcgi?id=small-000eth
Blake Smith,23,2018,Mississippi State,SEC,4,0,1,3.52,18,0,,0,0,2,23,20,9,9,1,11,2,22,6,0,2,100,1.348,7.8,0.4,4.3,8.6,2,,player.fcgi?id=smith-009bla
Graham Ashcraft,19,2017,Mississippi State,SEC,2,0,1,5.63,10,5,,0,0,0,24,24,18,15,3,16,0,25,6,0,3,113,1.667,9,1.1,6,9.4,1.56,,player.fcgi?id=ashcra000gra
Trysten Barlow*,20,2017,Mississippi State,SEC,0,2,0,5.23,26,0,,0,0,0,20.2,16,13,12,3,25,0,28,2,0,5,102,1.984,7,1.3,10.9,12.2,1.12,,player.fcgi?id=barlow000try
Jacob Barton,22,2017,Mississippi State,SEC,2,0,1,6.57,23,0,,0,0,0,37,40,27,27,1,18,2,26,8,1,4,173,1.568,9.7,0.2,4.4,6.3,1.44,,player.fcgi?id=barton001jac
Jacob Billingsley,22,2017,Mississippi State,SEC,2,3,0.4,4.78,16,13,,1,0,0,52.2,44,29,28,4,38,2,52,7,2,8,243,1.557,7.5,0.7,6.5,8.9,1.37,,player.fcgi?id=billin000jac
Brant Blaylock,20,2017,Mississippi State,SEC,1,0,1,7.5,5,0,,0,0,0,6,7,5,5,0,5,0,4,1,0,2,30,2,10.5,0,7.5,6,0.8,,player.fcgi?id=blaylo000bra
Kale Breaux*,20,2017,Mississippi State,SEC,0,0,,54,1,0,,0,0,0,1,5,6,6,1,1,0,0,0,0,0,9,6,45,9,9,0,0,,player.fcgi?id=breaux000kal
Ryan Cyr,20,2017,Mississippi State,SEC,0,1,0,6.46,6,2,,0,0,0,15.1,17,11,11,0,9,0,14,1,1,2,72,1.696,10,0,5.3,8.2,1.56,,player.fcgi?id=cyr---000rya
Parker Ford,20,2017,Mississippi State,SEC,0,1,0,13.5,9,0,,0,0,0,7.1,15,12,11,0,5,0,5,2,0,0,43,2.727,18.4,0,6.1,6.1,1,,player.fcgi?id=ford--000par
Cole Gordon,21,2017,Mississippi State,SEC,2,3,0.4,5.69,19,9,,0,0,1,55.1,47,36,35,5,30,3,59,6,0,8,245,1.392,7.6,0.8,4.9,9.6,1.97,,player.fcgi?id=gordon000col
Trey Jolly,21,2017,Mississippi State,SEC,3,1,0.75,6.75,24,0,,0,0,1,29.1,31,23,22,2,21,2,22,2,3,6,137,1.773,9.5,0.6,6.4,6.8,1.05,,player.fcgi?id=jolly-000tre
Andrew Mahoney*,21,2017,Mississippi State,SEC,0,0,,8,9,0,,0,0,0,9,14,10,8,0,8,0,8,4,1,3,52,2.444,14,0,8,8,1,,player.fcgi?id=mahone000and
Jake Mangum*,21,2017,Mississippi State,SEC,2,1,0.667,6.46,6,5,,0,0,1,15.1,15,11,11,1,7,0,9,0,0,2,68,1.435,8.8,0.6,4.1,5.3,1.29,,player.fcgi?id=mangum000jak
Denver McQuary,19,2017,Mississippi State,SEC,3,4,0.429,5.2,21,8,,0,0,0,55.1,41,32,32,4,50,1,40,7,0,7,264,1.645,6.7,0.7,8.1,6.5,0.8,,player.fcgi?id=mcquar000den
Konnor Pilkington*,19,2017,Mississippi State,SEC,8,5,0.615,3.08,17,17,,1,0,0,108,76,42,37,5,47,2,111,10,0,6,453,1.139,6.3,0.4,3.9,9.3,2.36,,player.fcgi?id=pilkin000kon
Peyton Plumlee,20,2017,Mississippi State,SEC,6,1,0.857,4.01,26,8,,0,0,1,74,71,37,33,8,31,4,54,10,0,10,326,1.378,8.6,1,3.8,6.6,1.74,,player.fcgi?id=plumle000pey
Spencer Price?,--,2017,Mississippi State,SEC,4,1,0.8,2.91,31,0,,0,0,14,34,24,13,11,2,19,4,40,2,0,4,148,1.265,6.4,0.5,5,10.6,2.11,,player.fcgi?id=price-000spe
Ryan Rigby,21,2017,Mississippi State,SEC,0,1,0,0,5,0,,0,0,0,4.1,6,1,0,0,1,0,4,1,0,2,20,1.615,12.5,0,2.1,8.3,4,,player.fcgi?id=rigby-000rya
Brent Rooker,22,2017,Mississippi State,SEC,0,0,,27,1,0,,0,0,0,0.1,1,1,1,0,1,0,0,0,0,0,3,6,27,0,27,0,0,,player.fcgi?id=rooker000bre
Riley Self,19,2017,Mississippi State,SEC,5,2,0.714,3.72,31,0,,0,0,8,48.1,44,21,20,1,20,3,60,2,0,2,208,1.324,8.2,0.2,3.7,11.2,3,,player.fcgi?id=self--000ril
Blake Smith,22,2017,Mississippi State,SEC,0,1,0,18,2,0,,0,0,0,2,2,5,4,0,5,0,1,0,0,0,14,3.5,9,0,22.5,4.5,0.2,,player.fcgi?id=smith-009bla
Jacob Billingsley,21,2016,Mississippi State,SEC,0,0,,1.8,12,0,,0,0,1,10,10,2,2,0,3,0,14,1,0,3,41,1.3,9,0,2.7,12.6,4.67,,player.fcgi?id=billin000jac
Kale Breaux*,19,2016,Mississippi State,SEC,2,1,0.667,5.4,16,1,,0,0,1,16.2,19,11,10,0,10,0,19,5,0,4,82,1.74,10.3,0,5.4,10.3,1.9,,player.fcgi?id=breaux000kal
Daniel Brown*,21,2016,Mississippi State,SEC,4,2,0.667,3.62,23,6,,0,0,2,54.2,54,25,22,1,18,0,54,4,0,7,236,1.317,8.9,0.2,3,8.9,3,,player.fcgi?id=brown-012dan
Ryan Cyr,19,2016,Mississippi State,SEC,1,1,0.5,1.04,12,1,,0,0,0,17.1,14,2,2,0,7,0,11,2,0,1,72,1.212,7.3,0,3.6,5.7,1.57,,player.fcgi?id=cyr---000rya
Zac Houston,21,2016,Mississippi State,SEC,6,0,1,1.63,18,6,,0,0,0,38.2,29,14,7,2,19,0,42,5,2,2,170,1.241,6.8,0.5,4.4,9.8,2.21,,player.fcgi?id=housto000zac
Dakota Hudson,21,2016,Mississippi State,SEC,9,5,0.643,2.55,17,17,,3,2,0,113,106,41,32,2,35,0,115,8,1,14,478,1.248,8.4,0.2,2.8,9.2,3.29,,player.fcgi?id=hudson000dak
Noah Hughes,--,2016,Mississippi State,SEC,0,0,,8.22,8,0,,0,0,1,7.2,9,7,7,3,4,0,6,0,0,0,35,1.696,10.6,3.5,4.7,7,1.5,,player.fcgi?id=hughes000noa
Reid Humphreys,21,2016,Mississippi State,SEC,0,1,0,5.56,17,0,,0,0,7,22.2,28,16,14,2,7,0,31,3,0,1,105,1.544,11.1,0.8,2.8,12.3,4.43,,player.fcgi?id=humphr000rei
Keegan James,19,2016,Mississippi State,SEC,3,0,1,3.24,14,4,,0,0,0,25,19,10,9,2,8,0,15,3,0,1,101,1.08,6.8,0.7,2.9,5.4,1.88,,player.fcgi?id=james-000kee
Jared Padgett*,19,2016,Mississippi State,SEC,0,1,0,3.86,4,0,,0,0,0,2.1,1,1,1,0,3,0,2,0,0,0,10,1.714,3.9,0,11.6,7.7,0.67,,player.fcgi?id=padget000jar
Konnor Pilkington*,18,2016,Mississippi State,SEC,3,1,0.75,2.08,14,11,,0,0,0,43.1,38,13,10,2,15,0,42,2,0,1,183,1.223,7.9,0.4,3.1,8.7,2.8,,player.fcgi?id=pilkin000kon
Ryan Rigby,20,2016,Mississippi State,SEC,5,1,0.833,2.25,20,0,,0,0,1,48,37,14,12,2,13,1,43,11,1,2,201,1.042,6.9,0.4,2.4,8.1,3.31,,player.fcgi?id=rigby-000rya
Austin Sexton,21,2016,Mississippi State,SEC,8,3,0.727,3.56,17,17,,2,1,0,101,104,47,40,7,25,0,98,8,1,6,438,1.277,9.3,0.6,2.2,8.7,3.92,,player.fcgi?id=sexton000aus
Ethan Small*,19,2016,Mississippi State,SEC,1,0,1,13.06,15,0,,0,0,0,10.1,11,15,15,1,10,0,20,2,0,2,56,2.032,9.6,0.9,8.7,17.4,2,,player.fcgi?id=small-000eth
Blake Smith,21,2016,Mississippi State,SEC,2,2,0.5,2.93,20,0,,0,0,5,27.2,17,9,9,0,15,0,31,2,1,3,119,1.157,5.5,0,4.9,10.1,2.07,,player.fcgi?id=smith-009bla
Vance Tatum*,21,2016,Mississippi State,SEC,0,0,,5.24,17,0,,0,0,1,22.1,22,16,13,5,7,0,23,3,0,2,96,1.299,8.9,2,2.8,9.3,3.29,,player.fcgi?id=tatum-000van
Paul Young,23,2016,Mississippi State,SEC,0,0,,8.53,10,0,,0,0,0,6.1,7,6,6,0,9,0,10,0,0,0,33,2.526,9.9,0,12.8,14.2,1.11,,player.fcgi?id=young-003pau
Daniel Brown*,20,2015,Mississippi State,SEC,1,0,1,4.87,16,1,,,0,1,20.1,21,18,11,2,12,0,28,3,0,4,97,1.623,9.3,0.9,5.3,12.4,2.33,,player.fcgi?id=brown-012dan
Preston Brown?,--,2015,Mississippi State,SEC,5,8,0.385,4.77,14,14,,,0,0,71.2,87,46,38,3,26,1,54,8,0,8,328,1.577,10.9,0.4,3.3,6.8,2.08,,player.fcgi?id=brown-000pre
Logan Elliot,--,2015,Mississippi State,SEC,0,0,,9,6,0,,,0,0,7,8,7,7,2,3,0,6,3,0,0,33,1.571,10.3,2.6,3.9,7.7,2,,player.fcgi?id=elliot000log
Trevor Fitts?,--,2015,Mississippi State,SEC,2,4,0.333,2.03,20,0,,,0,6,31,24,9,7,0,13,2,28,1,0,8,131,1.194,7,0,3.8,8.1,2.15,,player.fcgi?id=fitts-000tre
Myles Gentry,21,2015,Mississippi State,SEC,0,1,0,27,5,0,,,0,0,1,4,3,3,0,1,0,0,0,0,0,8,5,36,0,9,0,0,,player.fcgi?id=gentry000myl
Zac Houston,20,2015,Mississippi State,SEC,0,2,0,3.66,21,0,,,0,1,32,19,15,13,2,23,1,41,4,0,1,137,1.313,5.3,0.6,6.5,11.5,1.78,,player.fcgi?id=housto000zac
Dakota Hudson,20,2015,Mississippi State,SEC,1,1,0.5,4.32,17,0,,,0,0,16.2,16,9,8,0,11,0,26,5,0,5,81,1.62,8.6,0,5.9,14,2.36,,player.fcgi?id=hudson000dak
Lucas Laster*,22,2015,Mississippi State,SEC,4,4,0.5,3.62,13,13,,,0,0,69.2,76,35,28,5,16,0,48,7,0,3,305,1.321,9.8,0.6,2.1,6.2,3,,player.fcgi?id=laster000luc
Jesse McCord,19,2015,Mississippi State,SEC,1,0,1,8.31,3,3,,,0,0,8.2,8,8,8,2,7,0,9,3,0,0,41,1.731,8.3,2.1,7.3,9.3,1.29,,player.fcgi?id=mccord000jes
Levi Mintz,20,2015,Mississippi State,SEC,0,0,,4.1,18,0,,,0,0,26.1,25,13,12,2,13,0,23,4,0,2,118,1.443,8.5,0.7,4.4,7.9,1.77,,player.fcgi?id=mintz-000lev
Ross Mitchell?,--,2015,Mississippi State,SEC,3,4,0.429,4.47,23,1,,,0,1,56.1,69,35,28,2,18,0,20,6,1,3,247,1.544,11,0.3,2.9,3.2,1.11,,player.fcgi?id=mitche000ros
Austin Sexton,20,2015,Mississippi State,SEC,4,4,0.5,3.77,13,13,,,0,0,76.1,69,33,32,12,24,0,61,11,0,7,323,1.218,8.1,1.4,2.8,7.2,2.54,,player.fcgi?id=sexton000aus
Paxton Stover*,19,2015,Mississippi State,SEC,0,0,,94.5,2,1,,,0,0,0.2,5,7,7,0,4,0,1,0,0,0,11,13.5,67.5,0,54,13.5,0.25,,player.fcgi?id=stover000pax
Vance Tatum*,20,2015,Mississippi State,SEC,3,2,0.6,5.5,15,8,,,0,0,54,56,34,33,4,20,0,42,8,0,5,238,1.407,9.3,0.7,3.3,7,2.1,,player.fcgi?id=tatum-000van
Trent Waddell?,--,2015,Mississippi State,SEC,0,0,,5.4,6,0,,,0,0,10,8,6,6,3,3,0,6,0,0,3,39,1.1,7.2,2.7,2.7,5.4,2,,player.fcgi?id=waddel000tre
Paul Young,22,2015,Mississippi State,SEC,0,0,,9,2,0,,,0,0,1,0,1,1,0,4,0,2,0,0,3,7,4,0,0,36,18,0.5,,player.fcgi?id=young-003pau
Ben Bracewell,23,2014,Mississippi State,SEC,3,4,0.429,2.48,19,7,,,0,0,61.2,60,19,17,1,23,0,62,6,0,2,258,1.346,8.8,0.1,3.4,9,2.7,,player.fcgi?id=bracew000ben
Preston Brown?,--,2014,Mississippi State,SEC,4,3,0.571,3,13,9,,,0,0,45,43,17,15,2,19,1,34,7,0,4,197,1.378,8.6,0.4,3.8,6.8,1.79,,player.fcgi?id=brown-000pre
Will Cox,21,2014,Mississippi State,SEC,0,0,,2.25,4,0,,,0,2,8,9,3,2,0,2,0,12,0,0,1,34,1.375,10.1,0,2.3,13.5,6,,player.fcgi?id=cox---012wil
Trevor Fitts?,--,2014,Mississippi State,SEC,5,3,0.625,2.58,16,16,,,0,0,69.2,70,26,20,1,15,0,58,7,1,13,305,1.22,9,0.1,1.9,7.5,3.87,,player.fcgi?id=fitts-000tre
Myles Gentry,20,2014,Mississippi State,SEC,0,0,,4.78,20,0,,,0,4,32,28,18,17,2,17,1,25,1,1,3,140,1.406,7.9,0.6,4.8,7,1.47,,player.fcgi?id=gentry000myl
Jonathan Holder,21,2014,Mississippi State,SEC,7,1,0.875,2.22,23,0,,,0,7,52.2,42,15,13,1,9,1,71,2,0,4,211,0.968,7.2,0.2,1.5,12.1,7.89,,player.fcgi?id=holder000jon
Zac Houston,19,2014,Mississippi State,SEC,0,0,,3,4,0,,,0,0,3,4,1,1,0,1,0,2,0,0,0,13,1.667,12,0,3,6,2,,player.fcgi?id=housto000zac
Dakota Hudson,19,2014,Mississippi State,SEC,1,2,0.333,4.67,6,5,,,0,0,17.1,26,10,9,1,8,0,10,2,0,4,83,1.962,13.5,0.5,4.2,5.2,1.25,,player.fcgi?id=hudson000dak
Lucas Laster*,21,2014,Mississippi State,SEC,0,1,0,2.6,9,4,,,0,0,34.2,26,15,10,0,9,0,25,7,1,3,146,1.01,6.8,0,2.3,6.5,2.78,,player.fcgi?id=laster000luc
Jacob Lindgren*,21,2014,Mississippi State,SEC,6,1,0.857,0.81,26,0,,,0,3,55.1,23,9,5,0,25,0,100,8,0,18,224,0.867,3.7,0,4.1,16.3,4,,player.fcgi?id=lindgr000jac
Ross Mitchell?,--,2014,Mississippi State,SEC,8,5,0.615,2.53,19,12,,,1,0,110.1,93,35,31,2,30,1,49,10,2,4,456,1.115,7.6,0.2,2.4,4,1.63,,player.fcgi?id=mitche000ros
Austin Sexton,19,2014,Mississippi State,SEC,2,0,1,5.16,9,3,,,0,0,22.2,23,16,13,3,16,0,18,3,1,4,107,1.721,9.1,1.2,6.4,7.1,1.13,,player.fcgi?id=sexton000aus
John Marc Shelly?,--,2014,Mississippi State,SEC,0,1,0,13.5,2,0,,,0,0,1.1,2,2,2,0,2,0,0,0,0,0,8,3,13.5,0,13.5,0,0,,player.fcgi?id=shelly000joh
Vance Tatum*,19,2014,Mississippi State,SEC,2,0,1,4.87,15,1,,,0,0,20.1,18,11,11,0,10,0,18,3,0,6,89,1.377,8,0,4.4,8,1.8,,player.fcgi?id=tatum-000van
Brandon Woodruff,21,2014,Mississippi State,SEC,1,3,0.25,6.75,15,6,,,0,0,37.1,47,31,28,0,25,0,29,4,0,4,189,1.929,11.3,0,6,7,1.16,,player.fcgi?id=woodru000bra
Ben Bracewell,22,2013,Mississippi State,SEC,1,1,0.5,1.76,21,2,,,0,1,30.2,19,7,6,0,12,0,27,3,0,2,122,1.011,5.6,0,3.5,7.9,2.25,,player.fcgi?id=bracew000ben
C.T. Bradford*,22,2013,Mississippi State,SEC,0,1,0,1.8,9,0,,,0,0,5,3,1,1,0,4,0,5,1,0,0,22,1.4,5.4,0,7.2,9,1.25,,player.fcgi?id=bradfo002chr
Preston Brown?,--,2013,Mississippi State,SEC,0,0,,3.38,8,0,,,0,0,8,6,3,3,2,3,0,6,0,0,0,33,1.125,6.8,2.3,3.4,6.8,2,,player.fcgi?id=brown-000pre
Will Cox,20,2013,Mississippi State,SEC,3,1,0.75,2.45,18,4,,,0,0,29.1,22,10,8,2,9,0,30,4,1,0,121,1.057,6.8,0.6,2.8,9.2,3.33,,player.fcgi?id=cox---012wil
Trevor Fitts?,--,2013,Mississippi State,SEC,0,1,0,3.03,18,6,,,0,0,29.2,27,13,10,2,9,0,26,1,0,7,126,1.213,8.2,0.6,2.7,7.9,2.89,,player.fcgi?id=fitts-000tre
Myles Gentry,19,2013,Mississippi State,SEC,3,1,0.75,3.69,23,0,,,0,0,31.2,22,16,13,0,11,0,30,6,1,2,130,1.042,6.3,0,3.1,8.5,2.73,,player.fcgi?id=gentry000myl
Chad Girodo*,22,2013,Mississippi State,SEC,10,1,0.909,1.51,36,0,,,0,0,59.2,47,15,10,0,19,0,82,7,0,2,253,1.106,7.1,0,2.9,12.4,4.32,,player.fcgi?id=girodo000cha
Kendall Graveman,22,2013,Mississippi State,SEC,8,5,0.615,3.09,19,19,,,1,0,113.2,115,54,39,5,29,0,69,7,1,4,481,1.267,9.1,0.4,2.3,5.5,2.38,,player.fcgi?id=gravem000ken
Jonathan Holder,20,2013,Mississippi State,SEC,2,0,1,1.65,34,0,,,0,21,54.2,33,15,10,2,17,2,90,6,0,6,218,0.915,5.4,0.3,2.8,14.8,5.29,,player.fcgi?id=holder000jon
Jacob Lindgren*,20,2013,Mississippi State,SEC,4,3,0.571,4.18,14,14,,,0,0,56,52,32,26,2,18,0,65,7,0,2,241,1.25,8.4,0.3,2.9,10.4,3.61,,player.fcgi?id=lindgr000jac
Evan Mitchell,21,2013,Mississippi State,SEC,0,1,0,3.74,9,7,,,0,0,21.2,8,10,9,1,26,0,27,5,0,4,104,1.569,3.3,0.4,10.8,11.2,1.04,,player.fcgi?id=mitche002eva
Ross Mitchell?,--,2013,Mississippi State,SEC,13,0,1,1.53,34,0,,,0,2,94,72,22,16,2,29,0,44,10,2,1,379,1.074,6.9,0.2,2.8,4.2,1.52,,player.fcgi?id=mitche000ros
Daryl Norris,22,2013,Mississippi State,SEC,0,0,,6.23,3,0,,,0,0,4.1,9,4,3,1,2,0,9,0,0,2,24,2.538,18.7,2.1,4.2,18.7,4.5,,player.fcgi?id=norris001dar
Luis Pollorena*,22,2013,Mississippi State,SEC,6,4,0.6,4.27,20,13,,,0,0,78,76,41,37,2,35,1,58,6,0,2,342,1.423,8.8,0.2,4,6.7,1.66,,player.fcgi?id=pollor000lui
John Marc Shelly?,--,2013,Mississippi State,SEC,0,0,,0,6,0,,,0,0,7.1,5,0,0,0,2,0,5,1,0,0,28,0.955,6.1,0,2.5,6.1,2.5,,player.fcgi?id=shelly000joh
Brandon Woodruff,20,2013,Mississippi State,SEC,1,1,0.5,4.34,7,6,,,0,0,18.2,17,12,9,0,9,0,15,4,0,1,85,1.393,8.2,0,4.3,7.2,1.67,,player.fcgi?id=woodru000bra
Ben Bracewell,21,2012,Mississippi State,SEC,0,0,,0.93,9,3,,,0,0,19.1,13,4,2,0,10,0,19,0,0,2,79,1.19,6.1,0,4.7,8.8,1.9,,player.fcgi?id=bracew000ben
C.T. Bradford*,21,2012,Mississippi State,SEC,0,0,,6.75,1,1,,,0,0,2.2,5,3,2,0,3,0,2,0,0,0,17,3,16.9,0,10.1,6.8,0.67,,player.fcgi?id=bradfo002chr
Andrew Busby,21,2012,Mississippi State,SEC,0,0,,0,2,0,,,0,0,1,1,0,0,0,0,0,1,1,0,0,3,1,9,0,0,9,,,player.fcgi?id=busby-000and
Will Cox,19,2012,Mississippi State,SEC,2,1,0.667,4.64,7,6,,,0,0,21.1,22,15,11,0,3,0,22,2,1,1,88,1.172,9.3,0,1.3,9.3,7.33,,player.fcgi?id=cox---012wil
Trevor Fitts?,--,2012,Mississippi State,SEC,3,0,1,3.29,8,0,,,0,0,13.2,17,7,5,1,3,0,14,1,0,2,60,1.463,11.2,0.7,2,9.2,4.67,,player.fcgi?id=fitts-000tre
Tanner Gaines?,--,2012,Mississippi State,SEC,1,0,1,1.08,6,1,,,0,0,8.1,6,2,1,0,2,0,8,1,0,0,34,0.96,6.5,0,2.2,8.6,4,,player.fcgi?id=gaines000tan
Chad Girodo*,21,2012,Mississippi State,SEC,0,1,0,5.87,11,0,,,0,0,7.2,12,7,5,1,1,0,6,2,0,1,37,1.696,14.1,1.2,1.2,7,6,,player.fcgi?id=girodo000cha
Kendall Graveman,21,2012,Mississippi State,SEC,4,4,0.5,2.81,16,16,,,0,0,89.2,84,36,28,1,21,0,59,13,2,2,385,1.171,8.4,0.1,2.1,5.9,2.81,,player.fcgi?id=gravem000ken
Jonathan Holder,19,2012,Mississippi State,SEC,2,1,0.667,0.32,24,0,,,0,9,28.1,17,2,1,0,5,1,30,1,0,1,106,0.776,5.4,0,1.6,9.5,6,,player.fcgi?id=holder000jon
Jacob Lindgren*,19,2012,Mississippi State,SEC,2,2,0.5,3.18,14,2,,,0,1,28.1,31,10,10,1,7,0,24,2,0,1,120,1.341,9.8,0.3,2.2,7.6,3.43,,player.fcgi?id=lindgr000jac
Evan Mitchell,20,2012,Mississippi State,SEC,2,1,0.667,3.52,13,4,,,0,0,38.1,31,20,15,1,28,0,43,5,0,10,177,1.539,7.3,0.2,6.6,10.1,1.54,,player.fcgi?id=mitche002eva
Ross Mitchell?,--,2012,Mississippi State,SEC,3,0,1,1.18,24,1,,,0,0,38,24,10,5,0,8,0,24,3,1,2,145,0.842,5.7,0,1.9,5.7,3,,player.fcgi?id=mitche000ros
Luis Pollorena*,21,2012,Mississippi State,SEC,4,0,1,1.85,16,4,,,0,0,34,24,9,7,1,6,0,24,6,1,0,132,0.882,6.4,0.3,1.6,6.4,4,,player.fcgi?id=pollor000lui
Caleb Reed,22,2012,Mississippi State,SEC,1,5,0.167,2.47,31,1,,,0,9,58.1,51,18,16,2,22,4,52,3,0,6,240,1.251,7.9,0.3,3.4,8,2.36,,player.fcgi?id=reed--000cal
Nick Routt*,21,2012,Mississippi State,SEC,3,5,0.375,3.8,18,7,,,0,0,45,58,25,19,2,15,0,39,5,0,3,206,1.622,11.6,0.4,3,7.8,2.6,,player.fcgi?id=routt-000nic
Taylor Stark,20,2012,Mississippi State,SEC,1,0,1,3.68,8,0,,,0,1,7.1,11,4,3,0,5,0,5,0,0,2,37,2.182,13.5,0,6.1,6.1,1,,player.fcgi?id=stark-001tay
Chris Stratton,21,2012,Mississippi State,SEC,11,2,0.846,2.38,17,12,,,1,1,109.2,84,33,29,7,25,1,127,6,0,6,435,0.994,6.9,0.6,2.1,10.4,5.08,,player.fcgi?id=stratt000chr
Charles Watson*,21,2012,Mississippi State,SEC,0,0,,,1,0,,,0,0,0,0,0,0,0,0,0,0,0,0,0,0,,,,,,,,player.fcgi?id=watson006cha
Brandon Woodruff,19,2012,Mississippi State,SEC,1,2,0.333,2.65,12,6,,,0,0,34,25,14,10,0,17,0,37,4,1,1,146,1.235,6.6,0,4.5,9.8,2.18,,player.fcgi?id=woodru000bra
C.T. Bradford*,20,2011,Mississippi State,SEC,,,,9,,1,,,0,,9,13,9,9,,3,,10,,,,,1.778,13,,3,10,3.33,,player.fcgi?id=bradfo002chr
Andrew Busby,20,2011,Mississippi State,SEC,,,,10.38,,2,,,0,,13,23,15,15,,11,,11,,,,,2.615,15.9,,7.6,7.6,1,,player.fcgi?id=busby-000and
Victor Diaz?,--,2011,Mississippi State,SEC,,,,8.1,,0,,,0,,10,14,9,9,,8,,10,,,,,2.2,12.6,,7.2,9,1.25,,player.fcgi?id=diaz--013vic
Chad Girodo*,20,2011,Mississippi State,SEC,,,,5.46,,1,,,0,,31.1,37,23,19,,11,,29,,,,,1.532,10.6,,3.2,8.3,2.64,,player.fcgi?id=girodo000cha
Kendall Graveman,20,2011,Mississippi State,SEC,,,,3.55,,9,,,0,,58.1,55,25,23,,9,,38,,,,,1.097,8.5,,1.4,5.9,4.22,,player.fcgi?id=gravem000ken
Devin Jones,20,2011,Mississippi State,SEC,,,,4.26,,8,,,0,,61.1,59,32,29,,26,,49,,,,,1.386,8.7,,3.8,7.2,1.88,,player.fcgi?id=jones-001dev
Evan Mitchell,19,2011,Mississippi State,SEC,,,,4.47,,7,,,0,,50.1,50,27,25,,24,,49,,,,,1.47,8.9,,4.3,8.8,2.04,,player.fcgi?id=mitche002eva
Daryl Norris,20,2011,Mississippi State,SEC,,,,3.12,,1,,,0,,26,20,9,9,,12,,19,,,,,1.231,6.9,,4.2,6.6,1.58,,player.fcgi?id=norris001dar
Luis Pollorena*,20,2011,Mississippi State,SEC,,,,4.33,,5,,,0,,60.1,61,32,29,,21,,34,,,,,1.359,9.1,,3.1,5.1,1.62,,player.fcgi?id=pollor000lui
Caleb Reed,21,2011,Mississippi State,SEC,,,,1.55,,0,,,0,,64,51,14,11,,23,,66,,,,,1.156,7.2,,3.2,9.3,2.87,,player.fcgi?id=reed--000cal
Hunter Renfroe,19,2011,Mississippi State,SEC,,,,7.11,,0,,,0,,6.1,8,6,5,,4,,2,,,,,1.895,11.4,,5.7,2.8,0.5,,player.fcgi?id=renfro002dus
Nick Routt*,20,2011,Mississippi State,SEC,,,,4.02,,13,,,0,,56,64,35,25,,21,,49,,,,,1.518,10.3,,3.4,7.9,2.33,,player.fcgi?id=routt-000nic
Taylor Stark,19,2011,Mississippi State,SEC,,,,2.84,,0,,,0,,19,5,6,6,,9,,18,,,,,0.737,2.4,,4.3,8.5,2,,player.fcgi?id=stark-001tay
Tim Statz?,--,2011,Mississippi State,SEC,,,,4.5,,2,,,0,,22,25,14,11,,15,,15,,,,,1.818,10.2,,6.1,6.1,1,,player.fcgi?id=statz-000tim
Chris Stratton,20,2011,Mississippi State,SEC,,,,5.21,,14,,,0,,76,83,52,44,,27,,76,,,,,1.447,9.8,,3.2,9,2.81,,player.fcgi?id=stratt000chr
Charles Watson*,20,2011,Mississippi State,SEC,,,,3.38,,0,,,0,,5.1,4,3,2,,3,,6,,,,,1.313,6.8,,5.1,10.1,2,,player.fcgi?id=watson006cha
Zach Blatt?,--,2011,Auburn,SEC,,,,7.33,,2,,,0,,43,49,40,35,,24,,32,,,,,1.698,10.3,,5,6.7,1.33,,player.fcgi?id=blatt-000zac
Justin Bryant?,--,2011,Auburn,SEC,,,,0,,0,,,0,,2,0,0,0,,1,,2,,,,,0.5,0,,4.5,9,2,,player.fcgi?id=bryant000jus
Brad Hendrix,22,2011,Auburn,SEC,,,,4.82,,3,,,0,,28,32,17,15,,19,,18,,,,,1.821,10.3,,6.1,5.8,0.95,,player.fcgi?id=hendri002bra
Will Irvin,21,2011,Auburn,SEC,,,,6.32,,7,,,0,,31.1,45,22,22,,12,,18,,,,,1.819,12.9,,3.4,5.2,1.5,,player.fcgi?id=irvin-002wil
Jon Luke Jacobs?,--,2011,Auburn,SEC,,,,3.9,,11,,,0,,62.1,58,30,27,,25,,58,,,,,1.332,8.4,,3.6,8.4,2.32,,player.fcgi?id=jacobs000jon
Will Kendall*,19,2011,Auburn,SEC,,,,4.85,,0,,,0,,13,16,10,7,,9,,9,,,,,1.923,11.1,,6.2,6.2,1,,player.fcgi?id=kendal001wil
Cory Luckie?,--,2011,Auburn,SEC,,,,4.86,,8,,,0,,46.1,65,25,25,,15,,48,,,,,1.727,12.6,,2.9,9.3,3.2,,player.fcgi?id=luckie000cor
Hunter Morris,22,2011,Auburn,SEC,,,,7.41,,6,,,0,,34,47,30,28,,17,,28,,,,,1.882,12.4,,4.5,7.4,1.65,,player.fcgi?id=morris001hun
Chris O'Neil?,--,2011,Auburn,SEC,,,,0,,0,,,0,,1,0,1,0,,1,,0,,,,,1,0,,9,0,0,,player.fcgi?id=oneil-001chr
Dillon Ortman,19,2011,Auburn,SEC,,,,4.65,,0,,,0,,31,33,19,16,,9,,27,,,,,1.355,9.6,,2.6,7.8,3,,player.fcgi?id=ortman000dil
Sean Ray?,--,2011,Auburn,SEC,,,,5.79,,0,,,0,,28,30,22,18,,16,,18,,,,,1.643,9.6,,5.1,5.8,1.13,,player.fcgi?id=ray---000sea
Slade Smith,20,2011,Auburn,SEC,,,,5.78,,7,,,0,,67,87,50,43,,22,,38,,,,,1.627,11.7,,3,5.1,1.73,,player.fcgi?id=smith-070wil
Derek Varnadore,20,2011,Auburn,SEC,,,,3.68,,14,,,2,,88,85,42,36,,26,,74,,,,,1.261,8.7,,2.7,7.6,2.85,,player.fcgi?id=varnad000der
Jay Wade?,--,2011,Auburn,SEC,,,,0,,0,,,0,,11,11,7,0,,8,,9,,,,,1.727,9,,6.5,7.4,1.13,,player.fcgi?id=wade--000jay
Ethan Wallen?,--,2011,Auburn,SEC,,,,4.83,,0,,,0,,41,41,26,22,,22,,33,,,,,1.537,9,,4.8,7.2,1.5,,player.fcgi?id=wallen000eth
Zach Blatt?,--,2012,Auburn,SEC,0,1,0,6.39,9,0,,,0,0,12.2,14,10,9,2,5,0,10,0,0,5,56,1.5,9.9,1.4,3.6,7.1,2,,player.fcgi?id=blatt-000zac
Justin Bryant?,--,2012,Auburn,SEC,1,1,0.5,2.7,20,0,,,0,7,26.2,20,9,8,1,15,0,21,2,1,3,115,1.313,6.8,0.3,5.1,7.1,1.4,,player.fcgi?id=bryant000jus
Trey Cochran-Gill,19,2012,Auburn,SEC,5,2,0.714,3.67,9,6,,,0,0,34.1,35,15,14,2,10,0,22,1,0,4,145,1.311,9.2,0.5,2.6,5.8,2.2,,player.fcgi?id=cochra000tre
Jon Luke Jacobs?,--,2012,Auburn,SEC,5,4,0.556,4.12,13,12,,,0,0,67.2,50,32,31,4,24,0,62,5,0,5,273,1.094,6.7,0.5,3.2,8.2,2.58,,player.fcgi?id=jacobs000jon
Will Kendall*,20,2012,Auburn,SEC,4,0,1,1.88,9,6,,,0,0,38.1,31,12,8,1,8,0,19,0,1,1,152,1.017,7.3,0.2,1.9,4.5,2.38,,player.fcgi?id=kendal001wil
Daniel Koger*,18,2012,Auburn,SEC,4,5,0.444,3.19,15,15,,,0,0,79,74,41,28,7,28,0,33,3,2,4,344,1.291,8.4,0.8,3.2,3.8,1.18,,player.fcgi?id=koger-000dan
Cory Luckie?,--,2012,Auburn,SEC,2,2,0.5,3.86,17,3,,,0,1,25.2,31,12,11,2,9,0,14,1,0,2,114,1.558,10.9,0.7,3.2,4.9,1.56,,player.fcgi?id=luckie000cor
Rocky McCord,19,2012,Auburn,SEC,0,0,,4.58,10,3,,,0,0,17.2,22,9,9,0,6,0,13,0,0,3,79,1.585,11.2,0,3.1,6.6,2.17,,player.fcgi?id=mccord000edw
Dillon Ortman,20,2012,Auburn,SEC,1,1,0.5,3.2,18,1,,,0,1,25.1,21,13,9,2,13,2,15,3,0,3,114,1.342,7.5,0.7,4.6,5.3,1.15,,player.fcgi?id=ortman000dil
Slade Smith,21,2012,Auburn,SEC,4,5,0.444,4.78,28,2,,,0,4,64,77,41,34,5,18,0,32,5,0,8,290,1.484,10.8,0.7,2.5,4.5,1.78,,player.fcgi?id=smith-070wil
Derek Varnadore,21,2012,Auburn,SEC,4,7,0.364,4.93,19,11,,,0,1,87.2,92,54,48,3,30,1,63,8,3,4,384,1.392,9.4,0.3,3.1,6.5,2.1,,player.fcgi?id=varnad000der
Jay Wade?,--,2012,Auburn,SEC,1,0,1,4.22,15,0,,,0,0,32,30,18,15,0,13,1,15,5,0,5,142,1.344,8.4,0,3.7,4.2,1.15,,player.fcgi?id=wade--000jay
Ethan Wallen?,--,2012,Auburn,SEC,0,0,,2.45,3,0,,,0,0,3.2,6,4,1,0,4,0,0,0,0,1,21,2.727,14.7,0,9.8,0,0,,player.fcgi?id=wallen000eth
Chase Williamson?,--,2012,Auburn,SEC,0,0,,2.7,4,0,,,0,0,6.2,10,6,2,0,1,0,3,1,0,1,34,1.65,13.5,0,1.4,4.1,3,,player.fcgi?id=willia026cha
Justin Camp,20,2013,Auburn,SEC,5,1,0.833,2.44,18,2,,,0,2,44.1,40,15,12,2,19,0,28,1,0,0,188,1.331,8.1,0.4,3.9,5.7,1.47,,player.fcgi?id=camp--000jus
Reid Carter?,--,2013,Auburn,SEC,1,2,0.333,2.78,15,0,,,0,1,22.2,16,7,7,0,16,2,17,1,0,2,95,1.412,6.4,0,6.4,6.8,1.06,,player.fcgi?id=carter000rei
Trey Cochran-Gill,20,2013,Auburn,SEC,1,1,0.5,3.02,20,3,,,0,2,41.2,39,22,14,0,12,0,23,3,1,2,181,1.224,8.4,0,2.6,5,1.92,,player.fcgi?id=cochra000tre
Terrance Dedrick,21,2013,Auburn,SEC,4,2,0.667,3.63,23,0,,,0,10,39.2,30,16,16,2,15,3,35,0,0,4,159,1.134,6.8,0.5,3.4,7.9,2.33,,player.fcgi?id=dedric000ter
Will Kendall*,21,2013,Auburn,SEC,0,5,0,7.54,9,8,,,0,0,22.2,28,22,19,2,12,0,17,1,0,2,106,1.765,11.1,0.8,4.8,6.8,1.42,,player.fcgi?id=kendal001wil
Conner Kendrick*,20,2013,Auburn,SEC,5,3,0.625,2.13,19,9,,,0,2,80.1,78,34,19,4,29,1,75,1,1,2,342,1.332,8.7,0.4,3.2,8.4,2.59,,player.fcgi?id=kendri000con
Daniel Koger*,19,2013,Auburn,SEC,0,3,0,5.01,14,8,,,0,0,46.2,37,28,26,6,22,0,20,6,0,1,200,1.264,7.1,1.2,4.2,3.9,0.91,,player.fcgi?id=koger-000dan
Rocky McCord,20,2013,Auburn,SEC,2,1,0.667,3.96,7,6,,,0,0,25,25,11,11,1,12,0,19,3,2,2,113,1.48,9,0.4,4.3,6.8,1.58,,player.fcgi?id=mccord000edw
Michael O'Neal*,21,2013,Auburn,SEC,8,4,0.667,2.73,14,14,,,1,0,89,73,37,27,1,21,0,36,11,0,1,371,1.056,7.4,0.1,2.1,3.6,1.71,,player.fcgi?id=oneal-000mic
Dillon Ortman,21,2013,Auburn,SEC,2,1,0.667,4.88,11,4,,,0,0,27.2,33,18,15,2,8,0,17,4,0,7,122,1.482,10.7,0.7,2.6,5.5,2.13,,player.fcgi?id=ortman000dil
Matt Schultz?,--,2013,Auburn,SEC,1,0,1,3.18,7,0,,,0,0,5.2,7,2,2,0,3,0,4,0,0,0,27,1.765,11.1,0,4.8,6.4,1.33,,player.fcgi?id=schult002mat
Craig Shirley?,--,2013,Auburn,SEC,0,0,,0,2,0,,,0,0,1.2,3,4,0,0,2,0,1,0,0,0,11,3,16.2,0,10.8,5.4,0.5,,player.fcgi?id=shirle000cra
Jay Wade?,--,2013,Auburn,SEC,0,0,,9,6,0,,,0,1,5,7,5,5,0,5,0,1,1,0,1,27,2.4,12.6,0,9,1.8,0.2,,player.fcgi?id=wade--000jay
Chase Williamson?,--,2013,Auburn,SEC,3,0,1,3.46,15,0,,,0,0,26,29,13,10,1,6,0,19,3,0,3,112,1.346,10,0.3,2.1,6.6,3.17,,player.fcgi?id=willia026cha
Trey Wingenter,19,2013,Auburn,SEC,1,0,1,3.68,6,2,,,0,0,14.2,13,8,6,0,7,0,6,2,0,2,65,1.364,8,0,4.3,3.7,0.86,,player.fcgi?id=wingen000ant
Justin Camp,21,2014,Auburn,SEC,1,5,0.167,4.01,13,6,,,0,1,42.2,41,24,19,1,10,0,29,3,1,2,184,1.195,8.6,0.2,2.1,6.1,2.9,,player.fcgi?id=camp--000jus
Reid Carter?,--,2014,Auburn,SEC,0,0,,5.51,11,0,,,0,0,16.1,19,13,10,2,7,1,6,2,0,5,75,1.592,10.5,1.1,3.9,3.3,0.86,,player.fcgi?id=carter000rei
Robby Clements,--,2014,Auburn,SEC,0,0,,3.27,7,0,,,0,0,11,13,6,4,0,5,0,3,2,0,2,53,1.636,10.6,0,4.1,2.5,0.6,,player.fcgi?id=clemen007rob
Trey Cochran-Gill,21,2014,Auburn,SEC,0,2,0,3.41,28,0,,,0,1,34.1,42,16,13,0,9,1,20,3,0,5,151,1.485,11,0,2.4,5.2,2.22,,player.fcgi?id=cochra000tre
Kevin Davis?,--,2014,Auburn,SEC,1,0,1,5.4,3,2,,,0,0,5,3,3,3,1,10,0,2,0,0,1,27,2.6,5.4,1.8,18,3.6,0.2,,player.fcgi?id=davis-005kev
Terrance Dedrick,22,2014,Auburn,SEC,2,3,0.4,4.85,23,1,,,0,4,26,32,17,14,0,16,5,21,0,0,2,130,1.846,11.1,0,5.5,7.3,1.31,,player.fcgi?id=dedric000ter
Daniel Koger*,20,2014,Auburn,SEC,2,0,1,3.92,13,3,,,0,0,20.2,19,10,9,1,8,0,16,0,0,4,86,1.306,8.3,0.4,3.5,7,2,,player.fcgi?id=koger-000dan
Cole Lipscomb,21,2014,Auburn,SEC,0,0,,0,2,0,,,0,0,1,0,0,0,0,1,0,1,1,0,0,5,1,0,0,9,9,1,,player.fcgi?id=lipsco000col
Rocky McCord,21,2014,Auburn,SEC,0,0,,3.38,5,0,,,0,0,2.2,2,1,1,0,4,0,5,4,0,1,18,2.25,6.8,0,13.5,16.9,1.25,,player.fcgi?id=mccord000edw
Jacob Milliman?,--,2014,Auburn,SEC,0,0,,1.62,11,1,,,0,0,16.2,12,6,3,1,8,0,15,0,1,4,70,1.2,6.5,0.5,4.3,8.1,1.88,,player.fcgi?id=millim000jac
Michael O'Neal*,22,2014,Auburn,SEC,3,6,0.333,4.29,17,12,,,0,0,71.1,77,38,34,3,29,0,29,6,0,1,312,1.486,9.7,0.4,3.7,3.7,1,,player.fcgi?id=oneal-000mic
Dillon Ortman,22,2014,Auburn,SEC,9,5,0.643,2.7,15,15,,,1,0,100,95,36,30,3,16,0,62,4,0,1,409,1.11,8.6,0.3,1.4,5.6,3.88,,player.fcgi?id=ortman000dil
Ryan Tella*,23,2014,Auburn,SEC,0,1,0,8.31,3,0,,,0,0,4.1,4,5,4,1,6,2,5,0,0,0,23,2.308,8.3,2.1,12.5,10.4,0.83,,player.fcgi?id=tella-000rya
Keegan Thompson,19,2014,Auburn,SEC,5,3,0.625,2.01,14,12,,,1,1,89.2,61,23,20,0,23,1,73,3,0,5,352,0.937,6.1,0,2.3,7.3,3.17,,player.fcgi?id=thomps000kee
Jay Wade?,--,2014,Auburn,SEC,4,2,0.667,3.28,22,0,,,0,1,35.2,31,16,13,1,6,2,24,5,2,0,148,1.037,7.8,0.3,1.5,6.1,4,,player.fcgi?id=wade--000jay
Trey Wingenter,20,2014,Auburn,SEC,1,1,0.5,3.33,13,4,,,0,0,24.1,31,14,9,0,9,0,22,4,0,6,118,1.644,11.5,0,3.3,8.1,2.44,,player.fcgi?id=wingen000ant
Justin Camp,22,2015,Auburn,SEC,2,1,0.667,2.33,28,0,,,0,8,46.1,40,14,12,1,24,1,48,3,0,1,204,1.381,7.8,0.2,4.7,9.3,2,,player.fcgi?id=camp--000jus
Robby Clements,--,2015,Auburn,SEC,5,1,0.833,3.23,21,4,,,0,0,55.2,51,22,20,3,9,2,33,5,0,2,223,1.078,8.2,0.5,1.5,5.3,3.67,,player.fcgi?id=clemen007rob
Kevin Davis?,--,2015,Auburn,SEC,1,2,0.333,10.24,9,3,,,0,1,9.2,6,11,11,0,17,0,13,1,0,1,54,2.379,5.6,0,15.8,12.1,0.76,,player.fcgi?id=davis-005kev
Cole Lipscomb,22,2015,Auburn,SEC,8,2,0.8,2.53,16,12,,,0,1,92.2,75,31,26,7,24,0,91,3,1,7,376,1.068,7.3,0.7,2.3,8.8,3.79,,player.fcgi?id=lipsco000col
Sam Mason,21,2015,Auburn,SEC,0,1,0,13.5,5,0,,,0,0,3.1,6,8,5,1,3,0,0,1,0,1,22,2.7,16.2,2.7,8.1,0,0,,player.fcgi?id=mason-002sam
Andrew Maxwell?,--,2015,Auburn,SEC,0,0,,27,2,0,,,0,0,0.1,2,2,1,0,1,0,0,1,0,0,6,9,54,0,27,0,0,,player.fcgi?id=maxwel002and
Rocky McCord,22,2015,Auburn,SEC,6,4,0.6,3.81,17,17,,,0,0,89.2,92,44,38,3,43,0,67,8,0,7,400,1.506,9.2,0.3,4.3,6.7,1.56,,player.fcgi?id=mccord000edw
Jacob Milliman?,--,2015,Auburn,SEC,2,0,1,4.56,17,0,,,0,1,23.2,18,13,12,3,13,0,20,2,0,3,103,1.31,6.8,1.1,4.9,7.6,1.54,,player.fcgi?id=millim000jac
Dalton Rentz?,--,2015,Auburn,SEC,3,4,0.429,2.6,24,9,,,0,1,62.1,63,30,18,5,30,2,52,1,1,7,279,1.492,9.1,0.7,4.3,7.5,1.73,,player.fcgi?id=rentz-000dal
Daniel Robert,20,2015,Auburn,SEC,0,0,,0,3,0,,,0,0,0.2,4,2,0,0,2,0,2,1,0,1,10,9,54,0,27,27,1,,player.fcgi?id=robert005dan
Keegan Thompson,20,2015,Auburn,SEC,7,3,0.7,3.1,12,11,,,0,1,69.2,61,26,24,5,16,2,62,3,0,1,286,1.105,7.9,0.6,2.1,8,3.88,,player.fcgi?id=thomps000kee
Will Thompson*,21,2015,Auburn,SEC,1,0,1,4.97,15,0,,,0,0,12.2,10,8,7,0,10,1,12,2,0,3,60,1.579,7.1,0,7.1,8.5,1.2,,player.fcgi?id=thomps020wil
Trey Wingenter,21,2015,Auburn,SEC,1,6,0.143,4.28,21,6,,,0,4,54.2,66,31,26,2,16,0,46,4,0,9,245,1.5,10.9,0.3,2.6,7.6,2.88,,player.fcgi?id=wingen000ant
Izaac Yarbrough?,--,2015,Auburn,SEC,0,2,0,3.46,24,0,,,0,1,26,22,12,10,3,4,0,19,2,0,0,106,1,7.6,1,1.4,6.6,4.75,,player.fcgi?id=yarbro000iza
Ben Braymer*,22,2016,Auburn,SEC,4,4,0.5,3.56,21,4,,0,0,0,48,36,24,19,4,20,0,47,2,0,5,202,1.167,6.8,0.8,3.8,8.8,2.35,,player.fcgi?id=brayme000ben
Justin Camp,23,2016,Auburn,SEC,3,5,0.375,4.43,14,14,,1,1,0,81.1,86,48,40,6,27,0,52,4,0,4,357,1.389,9.5,0.7,3,5.8,1.93,,player.fcgi?id=camp--000jus
Colton Campbell?,--,2016,Auburn,SEC,0,0,,0,1,0,,0,0,0,0.2,0,0,0,0,1,0,2,1,0,0,4,1.5,0,0,13.5,27,2,,player.fcgi?id=campbe002col
Gordon Cardenas,21,2016,Auburn,SEC,0,0,,2.7,17,0,,0,0,2,26.2,18,9,8,2,15,0,17,0,0,2,110,1.238,6.1,0.7,5.1,5.7,1.13,,player.fcgi?id=carden000gor
Marc Frazier,23,2016,Auburn,SEC,0,2,0,4.32,14,0,,0,0,0,25,29,13,12,1,11,1,15,1,0,8,113,1.6,10.4,0.4,4,5.4,1.36,,player.fcgi?id=frazie000mar
Gabe Klobosits,21,2016,Auburn,SEC,3,5,0.375,4.7,21,3,,0,0,0,44,54,26,23,1,19,0,44,3,0,5,201,1.659,11,0.2,3.9,9,2.32,,player.fcgi?id=klobos000gab
Cole Lipscomb,23,2016,Auburn,SEC,2,5,0.286,5.1,14,12,,1,0,0,67,76,55,38,4,18,0,50,2,2,10,307,1.403,10.2,0.5,2.4,6.7,2.78,,player.fcgi?id=lipsco000col
Sam Mason,22,2016,Auburn,SEC,0,0,,54,2,0,,0,0,0,0.2,5,4,4,0,1,0,0,1,0,0,8,9,67.5,0,13.5,0,0,,player.fcgi?id=mason-002sam
Andrew Mitchell*,21,2016,Auburn,SEC,4,4,0.5,5.4,19,10,,0,0,1,60,70,44,36,6,31,0,54,5,0,8,283,1.683,10.5,0.9,4.7,8.1,1.74,,player.fcgi?id=mitche005and
Casey Mize,19,2016,Auburn,SEC,2,5,0.286,3.52,16,7,,0,0,1,69,69,32,27,9,18,1,59,4,0,7,305,1.261,9,1.2,2.3,7.7,3.28,,player.fcgi?id=mize--000cas
Daniel Robert,21,2016,Auburn,SEC,0,0,,6.75,5,0,,0,0,0,6.2,9,7,5,1,4,0,2,1,0,0,32,1.95,12.2,1.4,5.4,2.7,0.5,,player.fcgi?id=robert005dan
Tavo Rodriguez?,--,2016,Auburn,SEC,0,1,0,6.14,5,1,,0,0,0,7.1,11,5,5,1,2,0,7,0,0,1,35,1.773,13.5,1.2,2.5,8.6,3.5,,player.fcgi?id=rodrig000tav
Daniel Sprinkle,19,2016,Auburn,SEC,2,1,0.667,4.78,17,4,,0,0,0,32,30,18,17,4,14,0,25,1,0,2,140,1.375,8.4,1.1,3.9,7,1.79,,player.fcgi?id=sprink000dan
Izaac Yarbrough?,--,2016,Auburn,SEC,3,1,0.75,5.79,18,1,,0,0,1,28,32,19,18,3,15,1,23,3,0,2,132,1.679,10.3,1,4.8,7.4,1.53,,player.fcgi?id=yarbro000iza
Elliott Anderson*,19,2017,Auburn,SEC,1,0,1,6.39,14,0,,0,0,0,12.2,20,9,9,0,8,0,9,1,0,1,64,2.211,14.2,0,5.7,6.4,1.13,,player.fcgi?id=anders000ell
Christian Camacho,18,2017,Auburn,SEC,2,3,0.4,5.45,12,8,,0,0,0,36.1,42,22,22,3,9,1,26,9,1,5,165,1.404,10.4,0.7,2.2,6.4,2.89,,player.fcgi?id=camach000chr
Calvin Coker,21,2017,Auburn,SEC,3,3,0.5,3.78,31,0,,0,0,2,52.1,54,24,22,1,12,0,41,5,1,2,222,1.261,9.3,0.2,2.1,7.1,3.42,,player.fcgi?id=coker-000cal
Davis Daniel,20,2017,Auburn,SEC,4,3,0.571,5.89,17,16,,0,0,0,70.1,75,47,46,8,26,1,61,9,1,7,315,1.436,9.6,1,3.3,7.8,2.35,,player.fcgi?id=daniel008dav
Kevin Davis?,--,2017,Auburn,SEC,0,0,,0,1,0,,0,0,0,0.2,0,0,0,0,0,0,1,2,0,0,4,0,0,0,0,13.5,,,player.fcgi?id=davis-005kev
Joe Gahm,19,2017,Auburn,SEC,0,0,,36,1,0,,0,0,0,1,3,4,4,0,1,1,0,2,0,0,9,4,27,0,9,0,0,,player.fcgi?id=gahm--000joe
Corey Herndon,21,2017,Auburn,SEC,1,1,0.5,5.45,24,0,,0,0,2,34.2,41,23,21,6,23,4,18,1,0,4,164,1.846,10.6,1.6,6,4.7,0.78,,player.fcgi?id=herndo000cor
Trevor Hillhouse*,19,2017,Auburn,SEC,0,0,,0,1,0,,0,0,0,0.1,1,0,0,0,1,0,1,0,0,0,3,6,27,0,27,27,1,,player.fcgi?id=hillho000tre
Gabe Klobosits,22,2017,Auburn,SEC,0,1,0,5.18,17,4,,0,0,0,33,45,20,19,2,11,0,20,1,0,4,146,1.697,12.3,0.5,3,5.5,1.82,,player.fcgi?id=klobos000gab
Cole Lipscomb,24,2017,Auburn,SEC,4,0,1,3.44,23,1,,0,0,6,55,45,25,21,3,13,0,50,1,0,1,228,1.055,7.4,0.5,2.1,8.2,3.85,,player.fcgi?id=lipsco000col
Welby Malczewski*,22,2017,Auburn,SEC,0,0,,13.5,3,0,,0,0,0,2,4,3,3,0,2,0,2,0,0,3,12,3,18,0,9,9,1,,player.fcgi?id=malcze000wel
Andrew Mitchell*,22,2017,Auburn,SEC,5,4,0.556,5.14,23,4,,0,0,3,35,30,24,20,2,23,1,27,1,1,4,158,1.514,7.7,0.5,5.9,6.9,1.17,,player.fcgi?id=mitche005and
Casey Mize,20,2017,Auburn,SEC,8,2,0.8,2.04,13,12,,2,0,0,83.2,66,26,19,4,9,1,109,2,0,1,331,0.896,7.1,0.4,1,11.7,12.11,,player.fcgi?id=mize--000cas
Daniel Robert,22,2017,Auburn,SEC,1,0,1,2.16,6,0,,0,0,1,8.1,4,3,2,1,4,0,11,1,0,0,35,0.96,4.3,1.1,4.3,11.9,2.75,,player.fcgi?id=robert005dan
Daniel Sprinkle,20,2017,Auburn,SEC,0,4,0,14.66,10,1,,0,0,0,11.2,21,19,19,3,9,0,12,1,0,2,65,2.571,16.2,2.3,6.9,9.3,1.33,,player.fcgi?id=sprink000dan
Keegan Thompson,22,2017,Auburn,SEC,7,4,0.636,2.41,15,15,,0,0,0,93.1,67,31,25,7,17,0,75,8,1,6,368,0.9,6.5,0.7,1.6,7.2,4.41,,player.fcgi?id=thomps000kee
Grant Warner?,--,2017,Auburn,SEC,0,0,,54,1,0,,0,0,0,0.1,2,2,2,0,2,0,0,0,0,0,5,12,54,0,54,0,0,,player.fcgi?id=warner000gra
Ryan Watson,19,2017,Auburn,SEC,1,1,0.5,5.17,22,2,,0,0,0,31.1,39,21,18,1,11,2,22,1,0,4,145,1.596,11.2,0.3,3.2,6.3,2,,player.fcgi?id=watson000rya
Elliott Anderson*,20,2018,Auburn,SEC,5,0,1,3.64,24,0,,0,0,1,29.2,25,18,12,1,15,0,32,2,0,4,130,1.348,7.6,0.3,4.6,9.7,2.13,,player.fcgi?id=anders000ell
Tanner Burns,19,2018,Auburn,SEC,7,4,0.636,3.01,17,17,,0,0,0,86.2,73,41,29,10,37,0,77,0,1,1,365,1.269,7.6,1,3.8,8,2.08,,player.fcgi?id=burns-001tan
Calvin Coker,22,2018,Auburn,SEC,3,2,0.6,4.78,29,1,,0,0,7,58.1,59,33,31,6,21,1,54,3,0,6,255,1.371,9.1,0.9,3.2,8.3,2.57,,player.fcgi?id=coker-000cal
Davis Daniel,21,2018,Auburn,SEC,3,4,0.429,4.86,19,10,,0,0,0,66.2,74,40,36,7,32,0,70,1,1,3,303,1.59,10,0.9,4.3,9.5,2.19,,player.fcgi?id=daniel008dav
Peyton Glavine*,19,2018,Auburn,SEC,0,0,,27,5,0,,0,0,0,3,10,9,9,0,2,0,5,2,0,0,23,4,30,0,6,15,2.5,,player.fcgi?id=glavin000pey
Cody Greenhill,19,2018,Auburn,SEC,6,3,0.667,2.3,21,0,,0,0,5,58.2,53,17,15,7,19,1,55,4,0,3,246,1.227,8.1,1.1,2.9,8.4,2.89,,player.fcgi?id=greenh000cod
Corey Herndon,22,2018,Auburn,SEC,1,0,1,2.87,14,0,,0,0,0,15.2,13,5,5,0,11,0,13,2,1,0,70,1.532,7.5,0,6.3,7.5,1.18,,player.fcgi?id=herndo000cor
Ryan Hoerter,18,2018,Auburn,SEC,0,0,,6.23,7,2,,0,0,0,8.2,9,6,6,2,7,0,5,1,0,4,43,1.846,9.3,2.1,7.3,5.2,0.71,,player.fcgi?id=hoerte000rya
Welby Malczewski*,23,2018,Auburn,SEC,4,0,1,5.66,24,0,,0,0,2,35,39,26,22,1,18,0,19,2,1,2,157,1.629,10,0.3,4.6,4.9,1.06,,player.fcgi?id=malcze000wel
Andrew Mitchell*,23,2018,Auburn,SEC,2,2,0.5,4.29,16,10,,0,0,0,50.1,42,25,24,4,21,1,62,4,2,3,214,1.252,7.5,0.7,3.8,11.1,2.95,,player.fcgi?id=mitche005and
Casey Mize,21,2018,Auburn,SEC,10,6,0.625,3.3,17,17,,3,1,0,114.2,84,43,42,10,16,0,156,5,0,5,444,0.872,6.6,0.8,1.3,12.2,9.75,,player.fcgi?id=mize--000cas
Jack Owen*,20,2018,Auburn,SEC,2,2,0.5,5.97,14,7,,0,0,2,34.2,43,24,23,4,16,0,35,5,0,4,161,1.702,11.2,1,4.2,9.1,2.19,,player.fcgi?id=owen--000jac
Blake Schilleci*,21,2018,Auburn,SEC,0,0,,9.53,6,0,,0,0,0,5.2,8,6,6,2,3,0,3,2,0,0,31,1.941,12.7,3.2,4.8,4.8,1,,player.fcgi?id=schill000bla
Ryan Watson,20,2018,Auburn,SEC,0,0,,4.76,7,2,,0,0,0,11.1,13,6,6,0,5,0,9,1,0,1,50,1.588,10.3,0,4,7.1,1.8,,player.fcgi?id=watson000rya
Elliott Anderson*,21,2019,Auburn,SEC,7,2,0.778,4.15,30,3,,0,0,0,65,64,36,30,6,30,0,67,2,0,11,291,1.446,8.9,0.8,4.2,9.3,2.23,,player.fcgi?id=anders000ell
Tanner Burns,20,2019,Auburn,SEC,4,4,0.5,2.82,16,15,,1,1,0,79.2,65,35,25,6,23,1,101,5,0,11,331,1.105,7.3,0.7,2.6,11.4,4.39,,player.fcgi?id=burns-001tan
Davis Daniel,22,2019,Auburn,SEC,0,0,,4.5,1,1,,0,0,0,2,4,2,1,0,0,0,4,0,0,0,11,2,18,0,0,18,,,player.fcgi?id=daniel008dav
Richard Fitts,19,2019,Auburn,SEC,5,3,0.625,5.31,21,5,,0,0,0,62.2,78,37,37,9,17,0,47,2,0,4,276,1.516,11.2,1.3,2.4,6.8,2.76,,player.fcgi?id=fitts-000ric
Brooks Fuller*,19,2019,Auburn,SEC,2,2,0.5,4.5,20,8,,0,0,2,44,39,30,22,5,35,0,36,3,0,8,206,1.682,8,1,7.2,7.4,1.03,,player.fcgi?id=fuller000bro
Peyton Glavine*,20,2019,Auburn,SEC,1,0,1,5.63,9,0,,0,0,0,8,10,5,5,0,8,0,12,0,0,1,42,2.25,11.3,0,9,13.5,1.5,,player.fcgi?id=glavin000pey
Kyle Gray*,21,2019,Auburn,SEC,2,4,0.333,4.98,15,3,,0,0,0,21.2,21,14,12,2,16,1,17,5,0,4,108,1.708,8.7,0.8,6.6,7.1,1.06,,player.fcgi?id=gray--001kyl
Cody Greenhill,20,2019,Auburn,SEC,2,3,0.4,3.45,28,0,,0,0,12,57.1,53,27,22,4,18,3,44,9,0,4,249,1.238,8.3,0.6,2.8,6.9,2.44,,player.fcgi?id=greenh000cod
Bailey Horn*,21,2019,Auburn,SEC,4,2,0.667,5.97,18,5,,0,0,0,37.2,34,28,25,7,20,0,31,2,1,3,167,1.434,8.1,1.7,4.8,7.4,1.55,,player.fcgi?id=horn--000bai
Will Morrison,19,2019,Auburn,SEC,0,0,,4.56,24,0,,0,0,0,25.2,24,13,13,2,11,0,15,6,0,2,111,1.364,8.4,0.7,3.9,5.3,1.36,,player.fcgi?id=morris016wil
Jack Owen*,21,2019,Auburn,SEC,4,2,0.667,2.75,14,10,,1,1,0,68.2,64,22,21,3,14,2,59,2,0,3,279,1.136,8.4,0.4,1.8,7.7,4.21,,player.fcgi?id=owen--000jac
Blake Schilleci*,22,2019,Auburn,SEC,0,2,0,7.41,12,0,,0,0,0,17,23,14,14,1,7,0,15,0,0,3,79,1.765,12.2,0.5,3.7,7.9,2.14,,player.fcgi?id=schill000bla
Carson Skipper*,19,2019,Auburn,SEC,3,3,0.5,7.46,17,8,,0,0,2,35,45,33,29,5,23,0,38,2,1,2,173,1.943,11.6,1.3,5.9,9.8,1.65,,player.fcgi?id=skippe000car
Garrett Wade*,19,2019,Auburn,SEC,3,0,1,4.86,15,7,,0,0,0,33.1,33,23,18,1,27,0,41,2,1,5,160,1.8,8.9,0.3,7.3,11.1,1.52,,player.fcgi?id=wade--002gar
Ryan Watson,21,2019,Auburn,SEC,1,1,0.5,4.87,24,1,,0,0,0,40.2,44,24,22,2,18,1,41,3,0,3,182,1.525,9.7,0.4,4,9.1,2.28,,player.fcgi?id=watson000rya
Andrew Baker,20,2020,Auburn,SEC,0,0,,9.53,6,0,,0,0,0,5.2,11,6,6,0,6,0,11,0,0,4,33,3,17.5,0,9.5,17.5,1.83,,player.fcgi?id=baker-001and
Mason Barnett,19,2020,Auburn,SEC,0,0,,3.52,6,0,,0,0,0,7.2,5,4,3,0,3,0,16,1,0,1,31,1.043,5.9,0,3.5,18.8,5.33,,player.fcgi?id=barnet000mas
Trace Bright,19,2020,Auburn,SEC,1,1,0.5,8.38,3,3,,0,0,0,9.2,10,9,9,1,7,0,12,1,0,2,46,1.759,9.3,0.9,6.5,11.2,1.71,,player.fcgi?id=bright000tra
Blake Burkhalter,19,2020,Auburn,SEC,0,0,,2.08,4,0,,0,0,0,4.1,6,1,1,0,3,0,3,0,0,0,18,2.077,12.5,0,6.2,6.2,1,,player.fcgi?id=burkha000bla
Tanner Burns,21,2020,Auburn,SEC,3,1,0.75,2.42,4,4,,0,0,0,22.1,15,8,6,2,7,0,32,0,0,2,87,0.985,6,0.8,2.8,12.9,4.57,,player.fcgi?id=burns-001tan
Richard Fitts,20,2020,Auburn,SEC,1,0,1,2.77,6,1,,0,0,0,13,9,4,4,1,5,0,16,1,1,1,52,1.077,6.2,0.7,3.5,11.1,3.2,,player.fcgi?id=fitts-000ric
Brooks Fuller*,20,2020,Auburn,SEC,1,1,0.5,2.25,3,2,,0,0,0,8,11,3,2,0,1,0,7,1,0,1,35,1.5,12.4,0,1.1,7.9,7,,player.fcgi?id=fuller000bro
Cody Greenhill,21,2020,Auburn,SEC,0,0,,0,4,0,,0,0,2,12.2,5,0,0,0,1,0,17,1,0,0,43,0.474,3.6,0,0.7,12.1,17,,player.fcgi?id=greenh000cod
Bailey Horn*,22,2020,Auburn,SEC,3,1,0.75,2.08,4,4,,0,0,0,17.1,17,4,4,1,5,0,27,1,0,0,71,1.269,8.8,0.5,2.6,14,5.4,,player.fcgi?id=horn--000bai
Hayden Mullins*,19,2020,Auburn,SEC,1,0,1,3.68,5,0,,0,0,0,7.1,4,3,3,1,6,0,10,0,0,1,31,1.364,4.9,1.2,7.4,12.3,1.67,,player.fcgi?id=mullin000hay
Jack Owen*,22,2020,Auburn,SEC,3,1,0.75,3.43,4,4,,0,0,0,21,17,10,8,3,5,0,25,0,0,1,87,1.048,7.3,1.3,2.1,10.7,5,,player.fcgi?id=owen--000jac
Jackson Reynolds?,--,2020,Auburn,SEC,0,0,,3,3,0,,0,0,0,3,3,1,1,0,2,0,3,1,0,1,14,1.667,9,0,6,9,1.5,,player.fcgi?id=reynol003jac
Carson Skipper*,20,2020,Auburn,SEC,0,0,,1,7,0,,0,0,0,9,5,1,1,0,3,0,12,0,0,1,34,0.889,5,0,3,12,4,,player.fcgi?id=skippe000car
Seb Thomas,19,2020,Auburn,SEC,0,0,,1.17,7,0,,0,0,0,7.2,4,1,1,0,4,0,6,0,0,0,29,1.043,4.7,0,4.7,7,1.5,,player.fcgi?id=thomas000seb
Garrett Wade*,20,2020,Auburn,SEC,0,0,,0,4,0,,0,0,0,4,1,0,0,0,4,0,5,0,0,0,14,1.25,2.3,0,9,11.3,1.25,,player.fcgi?id=wade--002gar
Ryan Watson,22,2020,Auburn,SEC,0,0,,1.23,5,0,,0,0,0,7.1,4,1,1,0,1,1,7,1,0,2,28,0.682,4.9,0,1.2,8.6,7,,player.fcgi?id=watson000rya
Mason Barnett,20,2021,Auburn,SEC,2,4,0.333,5.4,16,6,,0,0,1,40,39,28,24,3,21,1,43,8,1,4,183,1.5,8.8,0.7,4.7,9.7,2.05,,player.fcgi?id=barnet000mas
Trace Bright,20,2021,Auburn,SEC,4,4,0.5,6.98,19,11,,0,0,0,49,53,42,38,10,18,1,43,4,0,0,215,1.449,9.7,1.8,3.3,7.9,2.39,,player.fcgi?id=bright000tra
Blake Burkhalter,20,2021,Auburn,SEC,1,0,1,1.71,17,0,,0,0,0,21,14,5,4,3,16,1,30,3,0,4,96,1.429,6,1.3,6.9,12.9,1.88,,player.fcgi?id=burkha000bla
Richard Fitts,21,2021,Auburn,SEC,0,3,0,5.88,13,8,,0,0,1,41.1,38,31,27,10,15,0,41,0,0,1,176,1.282,8.3,2.2,3.3,8.9,2.73,,player.fcgi?id=fitts-000ric
Brooks Fuller*,21,2021,Auburn,SEC,0,0,,8.5,16,0,,0,0,0,18,24,18,17,2,17,0,20,3,0,7,98,2.278,12,1,8.5,10,1.18,,player.fcgi?id=fuller000bro
Peyton Glavine*,22,2021,Auburn,SEC,1,2,0.333,5.14,15,2,,0,0,0,28,23,17,16,4,9,0,27,2,0,0,115,1.143,7.4,1.3,2.9,8.7,3,,player.fcgi?id=glavin000pey
Joseph Gonzalez,19,2021,Auburn,SEC,2,3,0.4,6.17,21,5,,0,0,0,42.1,51,30,29,2,10,0,30,5,1,5,190,1.441,10.8,0.4,2.1,6.4,3,,player.fcgi?id=gonzal053jos
Cody Greenhill,22,2021,Auburn,SEC,3,0,1,3.28,13,8,,0,0,1,49.1,40,22,18,7,14,0,43,2,1,5,200,1.095,7.3,1.3,2.6,7.8,3.07,,player.fcgi?id=greenh000cod
Cam Hill*,19,2021,Auburn,SEC,2,0,1,19.29,10,0,,0,0,0,7,14,16,15,0,11,0,8,2,0,2,46,3.571,18,0,14.1,10.3,0.73,,player.fcgi?id=hill--005cam
Nate LaRue,19,2021,Auburn,SEC,0,0,,9,1,0,,0,0,0,1,2,1,1,1,0,0,1,0,0,0,4,2,18,9,0,9,,,player.fcgi?id=larue-000nat
Will Morrison,21,2021,Auburn,SEC,1,0,1,2.75,18,0,,0,0,1,19.2,17,7,6,1,9,1,15,3,0,1,86,1.322,7.8,0.5,4.1,6.9,1.67,,player.fcgi?id=morris016wil
Hayden Mullins*,20,2021,Auburn,SEC,2,0,1,2.38,7,0,,0,0,0,11.1,10,4,3,0,4,0,19,1,0,3,50,1.235,7.9,0,3.2,15.1,4.75,,player.fcgi?id=mullin000hay
Jack Owen*,23,2021,Auburn,SEC,2,5,0.286,5.47,11,9,,0,0,0,51,63,33,31,6,12,0,46,5,1,3,229,1.471,11.1,1.1,2.1,8.1,3.83,,player.fcgi?id=owen--000jac
Carson Skipper*,21,2021,Auburn,SEC,2,2,0.5,4.25,19,0,,0,0,1,29.2,29,16,14,5,9,1,37,3,0,6,130,1.281,8.8,1.5,2.7,11.2,4.11,,player.fcgi?id=skippe000car
Jack Sokol,19,2021,Auburn,SEC,1,1,0.5,5.4,5,3,,0,0,0,11.2,8,7,7,1,11,0,9,0,0,0,48,1.629,6.2,0.8,8.5,6.9,0.82,,player.fcgi?id=sokol-000jac
Carson Swilling,19,2021,Auburn,SEC,1,2,0.333,3.34,21,0,,0,0,2,29.2,28,15,11,2,14,0,33,4,0,5,133,1.416,8.5,0.6,4.2,10,2.36,,player.fcgi?id=swilli000car
Seb Thomas,20,2021,Auburn,SEC,0,1,0,6.08,10,0,,0,0,0,13.1,13,9,9,1,6,1,10,2,0,0,57,1.425,8.8,0.7,4.1,6.8,1.67,,player.fcgi?id=thomas000seb
Chase Allsup,19,2022,Auburn,SEC,1,0,1,3.38,23,0,,0,0,2,29.1,24,15,11,4,17,0,36,5,0,5,131,1.398,7.4,1.2,5.2,11,2.12,,player.fcgi?id=allsup000cha
John Armstrong,19,2022,Auburn,SEC,1,0,1,4.26,19,0,,0,0,0,19,20,13,9,1,11,0,21,0,0,3,83,1.632,9.5,0.5,5.2,9.9,1.91,,player.fcgi?id=armstr006joh
Jordan Armstrong,22,2022,Auburn,SEC,3,1,0.75,5.93,14,6,,0,0,1,30.1,36,22,20,4,15,0,40,8,1,4,148,1.681,10.7,1.2,4.5,11.9,2.67,,player.fcgi?id=armstr000jor
Mason Barnett,21,2022,Auburn,SEC,3,3,0.5,4.38,19,14,,0,0,0,63.2,63,32,31,5,32,0,83,3,0,4,283,1.492,8.9,0.7,4.5,11.7,2.59,,player.fcgi?id=barnet000mas
Ben Bosse,19,2022,Auburn,SEC,0,0,,3.86,7,0,,0,0,0,4.2,4,3,2,0,2,0,6,1,1,3,20,1.286,7.7,0,3.9,11.6,3,,player.fcgi?id=bosse-000ben
Trace Bright,21,2022,Auburn,SEC,5,4,0.556,5.13,18,17,,0,0,0,80.2,78,51,46,8,38,0,94,6,0,8,356,1.438,8.7,0.9,4.2,10.5,2.47,,player.fcgi?id=bright000tra
Blake Burkhalter,21,2022,Auburn,SEC,4,2,0.667,3.69,30,0,,0,0,16,46.1,35,21,19,9,7,2,71,4,0,4,184,0.906,6.8,1.7,1.4,13.8,10.14,,player.fcgi?id=burkha000bla
Parker Carlson,19,2022,Auburn,SEC,1,1,0.5,8.59,5,0,,0,0,0,7.1,8,7,7,3,3,0,10,0,0,2,33,1.5,9.8,3.7,3.7,12.3,3.33,,player.fcgi?id=carlso000par
Konner Copeland*,21,2022,Auburn,SEC,3,0,1,4.2,9,2,,0,0,0,15,20,11,7,3,8,0,19,1,0,1,71,1.867,12,1.8,4.8,11.4,2.38,,player.fcgi?id=copela000kon
Tyler Drabick,24,2022,Auburn,SEC,1,0,1,9.82,8,0,,0,0,0,7.1,10,10,8,3,5,0,13,2,0,2,40,2.045,12.3,3.7,6.1,16,2.6,,player.fcgi?id=drabic000tyl
Brooks Fuller*,22,2022,Auburn,SEC,0,0,,8.1,9,0,,0,0,0,6.2,9,6,6,0,7,0,7,1,1,0,37,2.4,12.2,0,9.5,9.5,1,,player.fcgi?id=fuller000bro
Joseph Gonzalez,20,2022,Auburn,SEC,7,4,0.636,3.22,15,14,,1,0,0,78.1,83,30,28,8,15,0,54,5,1,3,327,1.251,9.5,0.9,1.7,6.2,3.6,,player.fcgi?id=gonzal053jos
Cade Granzow,19,2022,Auburn,SEC,0,0,,4.91,7,0,,0,0,0,7.1,9,4,4,1,4,0,4,1,0,2,34,1.773,11,1.2,4.9,4.9,1,,player.fcgi?id=granzo000cad
Cam Hill*,20,2022,Auburn,SEC,0,0,,18,3,0,,0,0,0,2,4,4,4,2,1,0,1,1,0,0,12,2.5,18,9,4.5,4.5,1,,player.fcgi?id=hill--005cam
Chase Isbell,21,2022,Auburn,SEC,1,1,0.5,4.82,14,0,,0,0,0,18.2,17,10,10,0,14,1,23,2,0,2,87,1.661,8.2,0,6.8,11.1,1.64,,player.fcgi?id=isbell001cha
Nate LaRue,20,2022,Auburn,SEC,0,0,,1.69,5,0,,0,0,0,5.1,7,1,1,1,3,0,4,0,0,1,25,1.875,11.8,1.7,5.1,6.8,1.33,,player.fcgi?id=larue-000nat
Hayden Mullins*,21,2022,Auburn,SEC,2,1,0.667,3.63,11,8,,0,0,0,34.2,23,16,14,4,25,0,43,9,0,3,159,1.385,6,1,6.5,11.2,1.72,,player.fcgi?id=mullin000hay
Tommy Sheehan*,23,2022,Auburn,SEC,2,0,1,4.28,16,3,,0,0,1,33.2,25,18,16,1,22,1,29,2,0,3,147,1.396,6.7,0.3,5.9,7.8,1.32,,player.fcgi?id=sheeha002tom
Carson Skipper*,22,2022,Auburn,SEC,6,3,0.667,4.45,27,1,,0,0,0,58.2,56,34,29,8,14,0,70,3,0,7,246,1.193,8.6,1.2,2.1,10.7,5,,player.fcgi?id=skippe000car
Carson Swilling,20,2022,Auburn,SEC,3,2,0.6,5.72,21,0,,0,0,0,28.1,29,18,18,5,14,0,35,4,0,5,126,1.518,9.2,1.6,4.4,11.1,2.5,,player.fcgi?id=swilli000car
Garrett Wade*,22,2022,Auburn,SEC,0,0,,10.8,4,0,,0,0,0,1.2,0,2,2,0,3,0,3,0,0,1,8,1.8,0,0,16.2,16.2,1,,player.fcgi?id=wade--002gar
Chase Allsup,20,2023,Auburn,SEC,1,2,0.333,5.47,20,8,,0,0,2,49.1,53,33,30,6,33,0,49,5,0,7,237,1.743,9.7,1.1,6,8.9,1.48,,player.fcgi?id=allsup000cha
John Armstrong,20,2023,Auburn,SEC,6,2,0.75,5.4,22,1,,0,0,2,36.2,38,27,22,5,20,0,34,8,2,5,175,1.582,9.3,1.2,4.9,8.3,1.7,,player.fcgi?id=armstr006joh
Tanner Bauman*,21,2023,Auburn,SEC,4,1,0.8,5.77,22,3,,0,0,1,53,53,35,34,7,28,1,42,12,1,4,248,1.528,9,1.2,4.8,7.1,1.5,,player.fcgi?id=bauman001tan
Will Cannon,19,2023,Auburn,SEC,3,2,0.6,4.41,23,3,,0,0,5,49,54,27,24,4,28,2,44,8,0,5,230,1.673,9.9,0.7,5.1,8.1,1.57,,player.fcgi?id=cannon006wil
Parker Carlson,20,2023,Auburn,SEC,1,1,0.5,4.5,15,0,,0,0,1,16,17,10,8,0,16,0,20,2,0,1,83,2.063,9.6,0,9,11.3,1.25,,player.fcgi?id=carlso000par
Konner Copeland*,22,2023,Auburn,SEC,4,2,0.667,7.52,17,6,,0,0,0,40.2,60,36,34,4,12,0,39,4,0,0,191,1.77,13.3,0.9,2.7,8.6,3.25,,player.fcgi?id=copela000kon
Zach Crotchfelt*,19,2023,Auburn,SEC,1,2,0.333,5.62,17,6,,0,0,1,41.2,41,32,26,5,25,0,45,1,0,5,189,1.584,8.9,1.1,5.4,9.7,1.8,,player.fcgi?id=crotch000zac
Joseph Gonzalez,21,2023,Auburn,SEC,1,0,1,0,1,1,,0,0,0,5,2,0,0,0,0,0,1,0,0,0,16,0.4,3.6,0,0,1.8,,,player.fcgi?id=gonzal053jos
Christian Herberholz,22,2023,Auburn,SEC,1,3,0.25,4.18,17,8,,0,0,0,47.1,51,26,22,5,22,1,41,2,0,4,209,1.542,9.7,1,4.2,7.8,1.86,,player.fcgi?id=herber002chr
Trevor Horne,20,2023,Auburn,SEC,0,1,0,9.64,9,0,,0,0,0,9.1,11,10,10,1,6,0,9,0,0,1,45,1.821,10.6,1,5.8,8.7,1.5,,player.fcgi?id=horne-000tre
Chase Isbell,22,2023,Auburn,SEC,3,1,0.75,5.94,23,1,,0,0,2,33.1,34,22,22,7,17,0,42,4,0,3,152,1.53,9.2,1.9,4.6,11.3,2.47,,player.fcgi?id=isbell001cha
Cameron Keshock,19,2023,Auburn,SEC,0,0,,36,5,0,,0,0,0,3,10,12,12,0,2,0,3,3,0,1,24,4,30,0,6,9,1.5,,player.fcgi?id=keshoc000cam
Hayden Murphy,19,2023,Auburn,SEC,1,0,1,11,12,1,,0,0,0,18,32,22,22,6,8,1,11,3,0,2,96,2.222,16,3,4,5.5,1.38,,player.fcgi?id=murphy000hay
Drew Nelson*,19,2023,Auburn,SEC,3,3,0.5,6.34,18,5,,1,0,1,32.2,26,24,23,3,20,0,32,6,2,4,148,1.408,7.2,0.8,5.5,8.8,1.6,,player.fcgi?id=nelson000dre
Ryan Olson,20,2023,Auburn,SEC,0,0,,18,4,0,,0,0,0,2,6,4,4,0,2,0,3,0,0,0,13,4,27,0,9,13.5,1.5,,player.fcgi?id=olson-007rya
Tommy Sheehan*,24,2023,Auburn,SEC,0,1,0,13.5,4,1,,0,0,0,2.2,3,4,4,0,6,0,6,3,0,1,20,3.375,10.1,0,20.3,20.3,1,,player.fcgi?id=sheeha002tom
Tommy Vail*,24,2023,Auburn,SEC,5,2,0.714,3.76,17,14,,0,0,0,69.1,45,34,29,6,42,0,81,4,0,3,294,1.255,5.8,0.8,5.5,10.5,1.93,,player.fcgi?id=vail--000tom
Chase Allsup,21,2024,Auburn,SEC,4,3,0.571,5.63,13,11,,0,0,0,62.1,72,45,39,13,16,0,74,5,0,9,279,1.412,10.4,1.9,2.3,10.7,4.63,,player.fcgi?id=allsup000cha
John Armstrong,21,2024,Auburn,SEC,1,2,0.333,4.01,19,0,,0,0,2,33.2,31,16,15,5,19,1,45,6,0,3,156,1.485,8.3,1.3,5.1,12,2.37,,player.fcgi?id=armstr006joh
Tanner Bauman*,22,2024,Auburn,SEC,3,2,0.6,4.57,20,6,,0,0,0,41.1,41,24,21,6,16,0,47,10,0,1,190,1.379,8.9,1.3,3.5,10.2,2.94,,player.fcgi?id=bauman001tan
Will Cannon,20,2024,Auburn,SEC,0,1,0,7.99,17,1,,0,0,2,23.2,29,22,21,6,15,0,26,4,0,2,116,1.859,11,2.3,5.7,9.9,1.73,,player.fcgi?id=cannon006wil
Parker Carlson,21,2024,Auburn,SEC,3,2,0.6,6,22,0,,0,0,1,24,26,17,16,2,12,1,23,5,0,3,114,1.583,9.8,0.8,4.5,8.6,1.92,,player.fcgi?id=carlso000par
Konner Copeland*,23,2024,Auburn,SEC,0,0,,18,1,0,,0,0,0,1,2,2,2,0,2,0,3,0,0,0,7,4,18,0,18,27,1.5,,player.fcgi?id=copela000kon
Zach Crotchfelt*,20,2024,Auburn,SEC,1,1,0.5,6.14,7,0,,0,0,0,7.1,10,6,5,2,6,0,10,2,0,2,40,2.182,12.3,2.5,7.4,12.3,1.67,,player.fcgi?id=crotch000zac
Joseph Gonzalez,22,2024,Auburn,SEC,2,1,0.667,9.33,9,8,,0,0,0,27,38,33,28,6,17,0,13,7,0,0,142,2.037,12.7,2,5.7,4.3,0.76,,player.fcgi?id=gonzal053jos
Griffin Graves*,19,2024,Auburn,SEC,1,0,1,10.13,6,0,,0,0,0,5.1,7,7,6,1,6,0,10,0,0,0,30,2.438,11.8,1.7,10.1,16.9,1.67,,player.fcgi?id=graves000gri
Christian Herberholz,23,2024,Auburn,SEC,2,2,0.5,5.4,16,7,,0,0,2,43.1,49,27,26,5,16,1,49,4,1,7,195,1.5,10.2,1,3.3,10.2,3.06,,player.fcgi?id=herber002chr
Konner Keplinger*,20,2024,Auburn,SEC,0,0,,20.25,2,0,,0,0,0,1.1,4,6,3,0,3,0,0,1,0,1,12,5.25,27,0,20.3,0,0,,player.fcgi?id=keplin000kon
Cameron Keshock,20,2024,Auburn,SEC,0,0,,10.13,5,0,,0,0,0,5.1,8,8,6,0,3,0,7,2,0,3,28,2.063,13.5,0,5.1,11.8,2.33,,player.fcgi?id=keshoc000cam
Conner McBride,24,2024,Auburn,SEC,3,3,0.5,5.89,12,7,,0,0,0,36.2,38,26,24,8,19,1,35,4,1,4,165,1.555,9.3,2,4.7,8.6,1.84,,player.fcgi?id=mcbrid001con
Hayden Murphy,20,2024,Auburn,SEC,1,0,1,4.32,14,0,,0,0,1,16.2,21,9,8,2,8,0,17,2,0,4,76,1.74,11.3,1.1,4.3,9.2,2.13,,player.fcgi?id=murphy000hay
Carson Myers*,21,2024,Auburn,SEC,2,3,0.4,4.94,14,8,,0,0,1,47.1,50,26,26,8,26,0,35,4,0,3,216,1.606,9.5,1.5,4.9,6.7,1.35,,player.fcgi?id=myers-002car
Drew Nelson*,20,2024,Auburn,SEC,0,0,,0,3,0,,0,0,0,2,2,0,0,0,2,0,4,0,0,3,10,2,9,0,9,18,2,,player.fcgi?id=nelson000dre
Alex Petrovic,20,2024,Auburn,SEC,0,0,,5.73,7,0,,0,0,0,11,15,8,7,5,3,0,17,1,0,0,53,1.636,12.3,4.1,2.5,13.9,5.67,,player.fcgi?id=petrov000ale
Ben Schorr,22,2024,Auburn,SEC,1,1,0.5,7.36,10,0,,0,0,0,7.1,9,6,6,2,4,1,3,2,1,2,36,1.773,11,2.5,4.9,3.7,0.75,,player.fcgi?id=schorr000ben
Cam Tilly,20,2024,Auburn,SEC,3,1,0.75,6.29,14,0,,0,0,0,24.1,20,18,17,1,14,1,27,5,0,5,111,1.397,7.4,0.4,5.2,10,1.93,,player.fcgi?id=tilly-001cam
Dylan Watts,19,2024,Auburn,SEC,0,4,0,7.12,15,5,,0,0,1,30.1,45,31,24,7,6,0,33,5,0,3,145,1.681,13.4,2.1,1.8,9.8,5.5,,player.fcgi?id=watts-003dyl
Andreas Alvarez,19,2025,Auburn,SEC,3,1,0.75,4.8,14,9,,0,0,0,45,47,27,24,4,18,0,34,6,0,5,197,1.444,9.4,0.8,3.6,6.8,1.89,,player.fcgi?id=alvare008and
John Armstrong,22,2025,Auburn,SEC,2,1,0.667,5.75,18,0,,0,0,0,20.1,30,16,13,2,7,0,25,2,1,3,98,1.82,13.3,0.9,3.1,11.1,3.57,,player.fcgi?id=armstr006joh
Parker Carlson,22,2025,Auburn,SEC,3,1,0.75,4.28,17,0,,0,0,1,27.1,22,14,13,6,5,0,29,2,0,2,110,0.988,7.2,2,1.6,9.5,5.8,,player.fcgi?id=carlso000par
Abe Chancellor*,22,2025,Auburn,SEC,0,0,,5.79,4,0,,0,0,0,4.2,5,3,3,2,4,0,6,1,0,0,23,1.929,9.6,3.9,7.7,11.6,1.5,,player.fcgi?id=chance000abe
Christian Chatterton,20,2025,Auburn,SEC,4,1,0.8,4.47,14,14,,0,0,0,52.1,37,29,26,8,18,0,60,8,0,4,214,1.051,6.4,1.4,3.1,10.3,3.33,,player.fcgi?id=chatte002chr
Samuel Dutton,22,2025,Auburn,SEC,7,3,0.7,4.31,16,16,,1,1,0,85.2,86,43,41,10,19,0,95,6,1,2,354,1.226,9,1.1,2,10,5,,player.fcgi?id=dutton000sam
Cade Fisher*,21,2025,Auburn,SEC,1,3,0.25,4.68,14,10,,0,0,2,42.1,38,24,22,6,23,0,54,14,0,7,197,1.441,8.1,1.3,4.9,11.5,2.35,,player.fcgi?id=fisher000cad
Griffin Graves*,20,2025,Auburn,SEC,4,1,0.8,4.63,13,0,,0,0,0,23.1,17,12,12,0,11,1,24,1,1,3,94,1.2,6.6,0,4.2,9.3,2.18,,player.fcgi?id=graves000gri
Ryan Hetzler,20,2025,Auburn,SEC,2,1,0.667,3.86,19,0,,0,0,8,35,38,16,15,2,4,1,25,5,1,1,150,1.2,9.8,0.5,1,6.4,6.25,,player.fcgi?id=hetzle000rya
Jett Johnston,20,2025,Auburn,SEC,4,0,1,4.76,11,0,,0,0,1,11.1,7,7,6,4,8,0,11,2,0,2,51,1.324,5.6,3.2,6.4,8.7,1.38,,player.fcgi?id=johnst000jet
Mason Koch,22,2025,Auburn,SEC,0,0,,3,3,0,,0,0,0,3,4,2,1,0,1,0,3,1,0,0,16,1.667,12,0,3,9,3,,player.fcgi?id=koch--000mas
Hayden Murphy,21,2025,Auburn,SEC,0,1,0,9.45,9,0,,0,0,0,6.2,11,11,7,1,6,0,8,1,0,0,39,2.55,14.9,1.4,8.1,10.8,1.33,,player.fcgi?id=murphy000hay
Carson Myers*,22,2025,Auburn,SEC,3,2,0.6,2.77,22,1,,0,0,3,52,48,19,16,5,10,0,67,3,0,4,215,1.115,8.3,0.9,1.7,11.6,6.7,,player.fcgi?id=myers-002car
Alex Petrovic,21,2025,Auburn,SEC,1,0,1,4.34,7,5,,0,0,0,18.2,13,10,9,2,4,0,25,1,0,2,73,0.911,6.3,1,1.9,12.1,6.25,,player.fcgi?id=petrov000ale
Saxon Roberts,20,2025,Auburn,SEC,0,0,,27,1,0,,0,0,0,0.2,1,3,2,0,3,0,2,0,0,0,6,6,13.5,0,40.5,27,0.67,,player.fcgi?id=robert000sax
Jackson Sanders*,19,2025,Auburn,SEC,1,1,0.5,5.29,15,0,,0,0,0,17,20,12,10,2,13,0,10,1,0,0,80,1.941,10.6,1.1,6.9,5.3,0.77,,player.fcgi?id=sander004jac
Ben Schorr,23,2025,Auburn,SEC,1,0,1,4.82,8,0,,0,0,0,9.1,12,5,5,1,3,0,14,0,0,2,43,1.607,11.6,1,2.9,13.5,4.67,,player.fcgi?id=schorr000ben
Cam Tilly,21,2025,Auburn,SEC,3,3,0.5,5.48,19,6,,0,0,1,46,33,29,28,4,29,0,58,14,0,4,209,1.348,6.5,0.8,5.7,11.3,2,,player.fcgi?id=tilly-001cam
Dylan Watts,20,2025,Auburn,SEC,2,1,0.667,7.39,17,0,,0,0,2,28,32,24,23,1,11,0,28,7,1,2,130,1.536,10.3,0.3,3.5,9,2.55,,player.fcgi?id=watts-003dyl
Andreas Alvarez,20,2026,Auburn,SEC,10,4,0.714,3.81,16,16,,1,0,0,85,78,46,36,11,31,0,113,6,1,9,363,1.282,8.3,1.2,3.3,12,3.65,,player.fcgi?id=alvare008and
Ethin Bingaman,19,2026,Auburn,SEC,0,0,,0,1,0,,0,0,0,1,1,0,0,0,1,0,0,0,0,0,5,2,9,0,9,0,0,,player.fcgi?id=bingam000eth
Garrett Brewer*,21,2026,Auburn,SEC,1,2,0.333,5.4,17,0,,0,0,3,18.1,20,13,11,2,9,1,26,1,1,6,86,1.582,9.8,1,4.4,12.8,2.89,,player.fcgi?id=brewer002gar
Abe Chancellor*,23,2026,Auburn,SEC,0,0,,1.42,11,0,,0,0,0,12.2,8,2,2,0,5,0,13,3,0,2,51,1.026,5.7,0,3.6,9.2,2.6,,player.fcgi?id=chance000abe
Christian Chatterton,21,2026,Auburn,SEC,2,2,0.5,7,11,2,,0,0,0,18,20,14,14,3,10,0,17,4,1,3,87,1.667,10,1.5,5,8.5,1.7,,player.fcgi?id=chatte002chr
LJ Cormier,19,2026,Auburn,SEC,2,0,1,2.5,21,0,,0,0,2,50.1,36,16,14,3,12,0,63,7,0,6,206,0.954,6.4,0.5,2.1,11.3,5.25,,player.fcgi?id=cormie000lj-
Justice de Jong,18,2026,Auburn,SEC,0,0,,10.13,6,0,,0,0,0,5.1,7,8,6,2,1,0,5,0,0,0,25,1.5,11.8,3.4,1.7,8.4,5,,player.fcgi?id=dejong000jus
Connor Gatwood,20,2026,Auburn,SEC,0,0,,16.2,5,0,,0,0,0,1.2,6,3,3,0,2,0,3,0,0,1,12,4.8,32.4,0,10.8,16.2,1.5,,player.fcgi?id=gatwoo000con
Griffin Graves*,21,2026,Auburn,SEC,2,1,0.667,7.24,6,4,,0,0,0,13.2,14,11,11,1,7,0,9,1,0,1,61,1.537,9.2,0.7,4.6,5.9,1.29,,player.fcgi?id=graves000gri
Ethan Harden*,23,2026,Auburn,SEC,0,0,,7.11,9,0,,0,0,0,6.1,9,6,5,2,4,0,5,1,0,1,32,2.053,12.8,2.8,5.7,7.1,1.25,,player.fcgi?id=harden000eth
Ryan Hetzler,21,2026,Auburn,SEC,4,2,0.667,2.43,20,1,,0,0,3,37,32,12,10,5,5,0,38,1,0,0,144,1,7.8,1.2,1.2,9.2,7.6,,player.fcgi?id=hetzle000rya
Jett Johnston,21,2026,Auburn,SEC,0,1,0,5.25,15,0,,0,0,0,24,26,15,14,2,6,1,31,1,0,3,108,1.333,9.8,0.8,2.3,11.6,5.17,,player.fcgi?id=johnst000jet
Marcel Kulik,19,2026,Auburn,SEC,0,0,,4.85,10,0,,0,0,0,13,15,7,7,0,3,0,15,2,1,0,57,1.385,10.4,0,2.1,10.4,5,,player.fcgi?id=kulik-000mar
Jake Marciano*,20,2026,Auburn,SEC,5,6,0.455,3.32,17,17,,0,0,0,86.2,76,37,32,15,17,0,108,10,0,2,359,1.073,7.9,1.6,1.8,11.2,6.35,,player.fcgi?id=marcia000jak
Alex Petrovic,22,2026,Auburn,SEC,10,2,0.833,3.21,17,17,,1,1,0,92.2,70,35,33,9,24,0,92,7,0,2,372,1.014,6.8,0.9,2.3,8.9,3.83,,player.fcgi?id=petrov000ale
Saxon Roberts,21,2026,Auburn,SEC,0,0,,,1,0,,0,0,0,0,0,0,0,0,2,0,0,0,0,1,2,,,,,,0,,player.fcgi?id=robert000sax
Jackson Sanders*,20,2026,Auburn,SEC,5,2,0.714,2.94,17,7,,0,0,4,70.1,54,27,23,8,25,0,96,8,0,4,291,1.123,6.9,1,3.2,12.3,3.84,,player.fcgi?id=sander004jac
Drew Whalen,21,2026,Auburn,SEC,1,0,1,2.45,6,0,,0,0,0,11,6,4,3,1,6,0,11,2,0,1,47,1.091,4.9,0.8,4.9,9,1.83,,player.fcgi?id=whalen000dre
Jackson Barberi,19,2026,Florida,SEC,5,2,0.714,3.13,19,0,,0,0,2,37.1,21,16,13,3,17,0,55,2,0,4,155,1.018,5.1,0.7,4.1,13.3,3.24,,player.fcgi?id=barber003jac
Billy Barlow,23,2026,Florida,SEC,2,0,1,5.48,15,2,,0,0,0,23,27,18,14,2,10,0,24,5,0,0,112,1.609,10.6,0.8,3.9,9.4,2.4,,player.fcgi?id=barlow002bil
McCall Biemiller*,20,2026,Florida,SEC,0,0,,,1,0,,0,0,0,0,0,0,0,0,1,0,0,1,0,0,3,,,,,,0,,player.fcgi?id=biemil000mcc
Eli Blair*,20,2026,Florida,SEC,0,1,0,4.82,9,0,,0,0,0,9.1,10,5,5,0,3,0,9,6,0,2,46,1.393,9.6,0,2.9,8.7,3,,player.fcgi?id=blair-000eli
Jackson Hoyt*,19,2026,Florida,SEC,0,0,,13.5,7,1,,0,0,0,7.1,7,11,11,2,6,0,8,6,0,0,41,1.773,8.6,2.5,7.4,9.8,1.33,,player.fcgi?id=hoyt--001jac
Aidan King,20,2026,Florida,SEC,8,2,0.8,3.21,16,16,,0,0,0,87,71,39,31,4,19,0,92,7,0,5,355,1.034,7.3,0.4,2,9.5,4.84,,player.fcgi?id=king--000aid
Ernesto Lugo-Canchola*,23,2026,Florida,SEC,1,0,1,5.77,30,0,,0,0,1,34.1,32,23,22,7,12,0,48,2,0,6,150,1.282,8.4,1.8,3.1,12.6,4,,player.fcgi?id=lugo-c000ern
Caden McDonald,21,2026,Florida,SEC,5,1,0.833,3.42,20,0,,0,0,1,47.1,37,18,18,1,8,0,48,3,0,4,183,0.951,7,0.2,1.5,9.1,6,,player.fcgi?id=mcdona000cad
Luke McNeillie,21,2026,Florida,SEC,3,0,1,3.97,18,3,,0,0,1,34,40,17,15,3,17,1,48,3,0,4,162,1.676,10.6,0.8,4.5,12.7,2.82,,player.fcgi?id=mcneil001luk
Liam Peterson,21,2026,Florida,SEC,3,6,0.333,4.59,16,16,,1,0,0,84.1,84,47,43,11,36,0,111,1,0,4,368,1.423,9,1.2,3.8,11.8,3.08,,player.fcgi?id=peters001lia
Ricky Reeth,23,2026,Florida,SEC,2,0,1,4.03,18,0,,0,0,0,22.1,29,13,10,1,7,0,22,3,0,2,106,1.612,11.7,0.4,2.8,8.9,3.14,,player.fcgi?id=reeth-000ric
Christian Rodriguez,21,2026,Florida,SEC,0,0,,20.25,3,0,,0,0,0,1.1,3,3,3,1,2,0,2,2,0,0,11,3.75,20.3,6.8,13.5,13.5,1,,player.fcgi?id=rodrig033chr
Russell Sandefer,21,2026,Florida,SEC,3,2,0.6,4.42,19,12,,0,0,0,57,52,31,28,4,22,0,60,1,0,3,246,1.298,8.2,0.6,3.5,9.5,2.73,,player.fcgi?id=sandef000rus
Schuyler Sandford,21,2026,Florida,SEC,2,0,1,4.95,12,2,,0,0,0,20,17,12,11,3,12,0,23,3,0,4,89,1.45,7.7,1.4,5.4,10.4,1.92,,player.fcgi?id=sandfo000sch
Cooper Walls,20,2026,Florida,SEC,3,3,0.5,7.17,17,10,,0,0,1,37.2,53,34,30,3,12,0,37,6,0,5,182,1.726,12.7,0.7,2.9,8.8,3.08,,player.fcgi?id=walls-001coo
Joshua Whritenour,20,2026,Florida,SEC,4,4,0.5,5.4,25,0,,0,0,7,36.2,31,27,22,8,14,0,49,7,0,5,163,1.227,7.6,2,3.4,12,3.5,,player.fcgi?id=whrite000jos
Jackson Barberi,18,2025,Florida,SEC,2,1,0.667,4.45,20,5,,0,0,0,32.1,37,19,16,6,19,1,41,4,0,2,152,1.732,10.3,1.7,5.3,11.4,2.16,,player.fcgi?id=barber003jac
Billy Barlow,22,2025,Florida,SEC,1,4,0.2,6.26,22,7,,0,0,1,46,55,38,32,7,23,1,46,7,2,3,217,1.696,10.8,1.4,4.5,9,2,,player.fcgi?id=barlow002bil
McCall Biemiller*,19,2025,Florida,SEC,1,0,1,5.93,11,1,,0,0,0,13.2,11,9,9,3,17,0,18,0,0,3,66,2.049,7.2,2,11.2,11.9,1.06,,player.fcgi?id=biemil000mcc
Jake Clemente,21,2025,Florida,SEC,2,1,0.667,3.46,21,5,,0,0,7,54.2,36,23,21,3,25,0,77,9,0,1,235,1.116,5.9,0.5,4.1,12.7,3.08,,player.fcgi?id=clemen000jak
Jacob Comberg?,--,2025,Florida,SEC,0,0,,63,3,0,,0,0,0,1,8,7,7,1,2,0,1,0,0,0,13,10,72,9,18,9,0.5,,player.fcgi?id=comber000jac
Pierce Coppola*,22,2025,Florida,SEC,3,1,0.75,2.53,7,7,,0,0,0,21.1,12,7,6,1,9,0,43,4,0,1,92,0.984,5.1,0.4,3.8,18.1,4.78,,player.fcgi?id=coppol000pie
Niko Janssens*,19,2025,Florida,SEC,0,1,0,12.96,9,0,,0,0,0,8.1,11,12,12,2,8,0,10,0,0,1,43,2.28,11.9,2.2,8.6,10.8,1.25,,player.fcgi?id=jansse000nik
Matthew Jenkins,20,2025,Florida,SEC,0,2,0,9.64,9,4,,0,0,0,14,15,16,15,2,11,0,24,2,0,1,69,1.857,9.6,1.3,7.1,15.4,2.18,,player.fcgi?id=jenkin004mat
Aidan King,19,2025,Florida,SEC,7,2,0.778,2.58,17,12,,0,0,0,73.1,58,28,21,3,23,2,79,4,1,3,304,1.105,7.1,0.4,2.8,9.7,3.43,,player.fcgi?id=king--000aid
Caden McDonald,20,2025,Florida,SEC,4,0,1,5.14,20,0,,0,0,0,28,30,16,16,6,14,0,29,3,0,1,128,1.571,9.6,1.9,4.5,9.3,2.07,,player.fcgi?id=mcdona000cad
Luke McNeillie,20,2025,Florida,SEC,5,2,0.714,4.82,28,2,,0,0,1,52.1,44,32,28,7,24,2,72,8,2,5,231,1.299,7.6,1.2,4.1,12.4,3,,player.fcgi?id=mcneil001luk
Frank Menendez*,20,2025,Florida,SEC,1,0,1,1.29,5,0,,0,0,0,7,5,2,1,0,3,0,12,0,0,1,31,1.143,6.4,0,3.9,15.4,4,,player.fcgi?id=menend001fra
Carson Montsdeoca,19,2025,Florida,SEC,0,0,,7.27,8,0,,0,0,0,8.2,11,8,7,2,1,0,6,2,0,1,41,1.385,11.4,2.1,1,6.2,6,,player.fcgi?id=montsd000car
Felix Ong,19,2025,Florida,SEC,0,0,,10.8,3,0,,0,0,0,3.1,3,4,4,0,7,0,6,1,0,0,21,3,8.1,0,18.9,16.2,0.86,,player.fcgi?id=ong---000fel
Liam Peterson,20,2025,Florida,SEC,8,4,0.667,4.28,16,15,,0,0,0,69.1,67,38,33,9,32,1,96,3,0,8,305,1.428,8.7,1.2,4.2,12.5,3,,player.fcgi?id=peters001lia
Alex Philpott,20,2025,Florida,SEC,3,4,0.429,7.3,22,3,,0,0,2,37,41,32,30,7,18,0,44,7,0,2,173,1.595,10,1.7,4.4,10.7,2.44,,player.fcgi?id=philpo000ale
Christian Rodriguez,20,2025,Florida,SEC,1,0,1,5.32,22,0,,0,0,1,23.2,24,16,14,5,11,1,31,4,0,1,108,1.479,9.1,1.9,4.2,11.8,2.82,,player.fcgi?id=rodrig033chr
Blaine Rowland,19,2025,Florida,SEC,1,0,1,3.21,8,0,,0,0,0,14,14,6,5,0,4,1,10,2,0,0,60,1.286,9,0,2.6,6.4,2.5,,player.fcgi?id=rowlan000bla
Jac Caglianone*,21,2024,Florida,SEC,5,2,0.714,4.76,16,16,,0,0,0,73.2,62,44,39,10,50,1,83,9,0,6,338,1.52,7.6,1.2,6.1,10.1,1.66,,player.fcgi?id=caglia000jac
Jake Clemente,20,2024,Florida,SEC,2,0,1,5.34,19,2,,0,0,0,28.2,26,19,17,3,20,1,39,3,0,4,135,1.605,8.2,0.9,6.3,12.2,1.95,,player.fcgi?id=clemen000jak
Jacob Comberg?,--,2024,Florida,SEC,0,0,,18,1,0,,0,0,0,1,0,2,2,0,3,0,2,0,0,1,6,3,0,0,27,18,0.67,,player.fcgi?id=comber000jac
Pierce Coppola*,21,2024,Florida,SEC,1,4,0.2,8.75,8,8,,0,0,0,23.2,27,24,23,7,12,0,35,5,0,1,112,1.648,10.3,2.7,4.6,13.3,2.92,,player.fcgi?id=coppol000pie
Cade Fisher*,20,2024,Florida,SEC,4,3,0.571,7.13,26,9,,0,0,1,59.1,67,50,47,6,29,3,76,13,0,3,289,1.618,10.2,0.9,4.4,11.5,2.62,,player.fcgi?id=fisher000cad
Fisher Jameson,21,2024,Florida,SEC,5,0,1,3.99,34,1,,0,0,3,67.2,60,32,30,10,18,0,79,3,0,7,278,1.153,8,1.3,2.4,10.5,4.39,,player.fcgi?id=jameso000fis
Hunter Jones,19,2024,Florida,SEC,0,0,,54,2,0,,0,0,0,0.2,3,4,4,0,1,0,0,1,0,0,7,6,40.5,0,13.5,0,0,,player.fcgi?id=jones-012hun
Luke McNeillie,19,2024,Florida,SEC,4,6,0.4,7.07,26,2,,0,0,2,35.2,33,28,28,6,21,1,43,10,0,5,164,1.514,8.3,1.5,5.3,10.9,2.05,,player.fcgi?id=mcneil001luk
Frank Menendez*,19,2024,Florida,SEC,1,0,1,4.96,17,0,,0,0,0,16.1,18,10,9,0,13,0,14,2,0,1,82,1.898,9.9,0,7.2,7.7,1.08,,player.fcgi?id=menend001fra
Brandon Neely,20,2024,Florida,SEC,3,4,0.429,5.13,28,6,,0,0,5,79,72,45,45,12,28,1,108,13,0,3,343,1.266,8.2,1.4,3.2,12.3,3.86,,player.fcgi?id=neely-000bra
Liam Peterson,19,2024,Florida,SEC,3,6,0.333,6.43,18,16,,0,0,0,63,64,45,45,15,44,1,77,6,0,10,301,1.714,9.1,2.1,6.3,11,1.75,,player.fcgi?id=peters001lia
Alex Philpott,19,2024,Florida,SEC,2,2,0.5,6.9,14,3,,0,0,0,30,31,25,23,5,16,1,28,1,0,0,136,1.567,9.3,1.5,4.8,8.4,1.75,,player.fcgi?id=philpo000ale
Blake Purnell,22,2024,Florida,SEC,0,0,,7.78,21,0,,0,0,0,19.2,28,19,17,2,6,0,21,6,0,0,96,1.729,12.8,0.9,2.7,9.6,3.5,,player.fcgi?id=purnel000bla
Landon Russell,20,2024,Florida,SEC,0,0,,9,4,0,,0,0,0,3,5,3,3,2,1,0,4,0,0,0,15,2,15,6,3,12,4,,player.fcgi?id=russel001lan
Robert Satin*,19,2024,Florida,SEC,1,0,1,4,10,0,,0,0,0,9,8,4,4,0,12,1,8,2,0,2,48,2.222,8,0,12,8,0.67,,player.fcgi?id=satin-000rob
Ryan Slater,22,2024,Florida,SEC,5,2,0.714,6.7,30,3,,0,0,1,49.2,62,42,37,5,17,3,44,5,0,1,232,1.591,11.2,0.9,3.1,8,2.59,,player.fcgi?id=slater000rya
Grayson Smith,20,2024,Florida,SEC,0,1,0,8.66,15,0,,0,0,0,17.2,19,17,17,6,11,1,25,3,0,1,87,1.698,9.7,3.1,5.6,12.7,2.27,,player.fcgi?id=smith-008gra
Reilly Witmer,19,2024,Florida,SEC,0,0,,0,4,0,,0,0,0,2.1,2,0,0,0,3,0,3,0,0,0,12,2.143,7.7,0,11.6,11.6,1,,player.fcgi?id=witmer000rei
Philip Abner*,21,2023,Florida,SEC,3,0,1,3.16,25,0,,0,0,3,31.1,26,15,11,2,19,1,51,3,0,5,141,1.436,7.5,0.6,5.5,14.6,2.68,,player.fcgi?id=abner-000phi
Chris Arroyo*,18,2023,Florida,SEC,1,0,1,5.06,7,0,,0,0,0,5.1,2,3,3,0,7,0,6,0,0,1,25,1.688,3.4,0,11.8,10.1,0.86,,player.fcgi?id=arroyo001chr
Jac Caglianone*,20,2023,Florida,SEC,7,4,0.636,4.34,18,18,,0,0,0,74.2,51,40,36,6,55,0,87,14,0,10,342,1.42,6.1,0.7,6.6,10.5,1.58,,player.fcgi?id=caglia000jac
Nick Ficarrotta?,--,2023,Florida,SEC,0,0,,4.99,21,0,,0,0,2,39.2,46,24,22,5,11,0,43,7,0,4,183,1.437,10.4,1.1,2.5,9.8,3.91,,player.fcgi?id=ficarr000nic
Carsten Finnvold*,21,2023,Florida,SEC,0,0,,36,1,0,,0,0,0,1,3,4,4,1,1,0,1,0,0,0,7,4,27,9,9,9,1,,player.fcgi?id=finnvo000car
Cade Fisher*,19,2023,Florida,SEC,6,0,1,3.1,27,2,,0,0,2,49.1,51,19,17,2,13,1,48,7,0,2,218,1.297,9.3,0.4,2.4,8.8,3.69,,player.fcgi?id=fisher000cad
Clete Hartzog,22,2023,Florida,SEC,1,0,1,8.53,7,1,,0,0,0,6.1,7,7,6,0,6,1,12,0,0,1,33,2.053,9.9,0,8.5,17.1,2,,player.fcgi?id=hartzo000cle
Fisher Jameson,20,2023,Florida,SEC,1,3,0.25,13.5,11,0,,0,0,0,12.2,22,20,19,4,7,0,15,0,0,2,66,2.289,15.6,2.8,5,10.7,2.14,,player.fcgi?id=jameso000fis
Brandon Neely,19,2023,Florida,SEC,2,3,0.4,3.58,34,0,,0,0,13,55.1,46,26,22,6,22,4,72,5,1,1,239,1.229,7.5,1,3.6,11.7,3.27,,player.fcgi?id=neely-000bra
Tyler Nesbitt,21,2023,Florida,SEC,1,0,1,2.96,11,3,,0,0,0,24.1,27,17,8,2,10,0,21,6,0,3,118,1.521,10,0.7,3.7,7.8,2.1,,player.fcgi?id=nesbit000tyl
Blake Purnell,21,2023,Florida,SEC,2,0,1,9.28,17,0,,0,0,0,21.1,25,23,22,2,17,2,18,7,0,2,113,1.969,10.5,0.8,7.2,7.6,1.06,,player.fcgi?id=purnel000bla
Ryan Slater,21,2023,Florida,SEC,10,1,0.909,4.22,27,3,,0,0,3,59.2,55,29,28,9,19,1,48,5,0,2,255,1.24,8.3,1.4,2.9,7.2,2.53,,player.fcgi?id=slater000rya
Brandon Sproat,22,2023,Florida,SEC,8,3,0.727,4.66,19,19,,2,1,0,106.1,87,57,55,15,48,3,134,17,1,7,466,1.27,7.4,1.3,4.1,11.3,2.79,,player.fcgi?id=sproat000bra
Yoel Tejeda,19,2023,Florida,SEC,2,0,1,5.56,8,6,,0,0,0,22.2,26,17,14,5,12,0,11,2,0,2,107,1.676,10.3,2,4.8,4.4,0.92,,player.fcgi?id=tejeda000yoe
Anthony Ursitti,20,2023,Florida,SEC,0,0,,20.25,3,0,,0,0,0,1.1,3,4,3,1,1,0,2,0,0,1,8,3,20.3,6.8,6.8,13.5,2,,player.fcgi?id=ursitt000ant
Hurston Waldrep,21,2023,Florida,SEC,10,3,0.769,4.16,19,19,,0,0,0,101.2,85,50,47,12,57,0,156,9,0,11,449,1.397,7.5,1.1,5,13.8,2.74,,player.fcgi?id=waldre000hur
Philip Abner*,20,2022,Florida,SEC,1,1,0.5,8.06,26,1,,0,0,0,22.1,20,20,20,2,21,1,24,5,0,6,107,1.836,8.1,0.8,8.5,9.7,1.14,,player.fcgi?id=abner-000phi
Hunter Barco*,21,2022,Florida,SEC,5,2,0.714,2.5,9,9,,0,0,0,50.1,34,14,14,6,11,0,69,6,0,2,201,0.894,6.1,1.1,2,12.3,6.27,,player.fcgi?id=barco-000hun
Pierce Coppola*,19,2022,Florida,SEC,0,0,,4.15,1,1,,0,0,0,4.1,5,2,2,1,2,0,7,0,0,0,20,1.615,10.4,2.1,4.2,14.5,3.5,,player.fcgi?id=coppol000pie
Nick Ficarrotta?,--,2022,Florida,SEC,4,0,1,3.9,28,1,,0,0,3,60,54,30,26,7,15,0,63,8,0,2,254,1.15,8.1,1.1,2.3,9.5,4.2,,player.fcgi?id=ficarr000nic
Carsten Finnvold*,20,2022,Florida,SEC,2,1,0.667,5,6,1,,0,0,0,18,15,15,10,2,9,1,13,1,0,3,78,1.333,7.5,1,4.5,6.5,1.44,,player.fcgi?id=finnvo000car
Karl Hartman,19,2022,Florida,SEC,0,0,,9,12,1,,0,0,1,15,19,15,15,1,10,0,16,5,1,3,76,1.933,11.4,0.6,6,9.6,1.6,,player.fcgi?id=hartma000kar
Fisher Jameson,19,2022,Florida,SEC,1,0,1,3.72,10,0,,0,0,1,19.1,13,8,8,2,7,0,16,1,1,4,77,1.034,6.1,0.9,3.3,7.4,2.29,,player.fcgi?id=jameso000fis
Timmy Manning*,20,2022,Florida,SEC,1,0,1,4.76,10,7,,0,0,0,22.2,27,16,12,2,14,0,26,9,0,4,118,1.809,10.7,0.8,5.6,10.3,1.86,,player.fcgi?id=mannin003tim
Garrett Milchin,24,2022,Florida,SEC,1,0,1,3.14,8,3,,0,0,0,14.1,18,5,5,2,4,0,6,1,0,2,62,1.535,11.3,1.3,2.5,3.8,1.5,,player.fcgi?id=milchi000gar
Brandon Neely,18,2022,Florida,SEC,3,3,0.5,3.76,21,10,,0,0,1,69.1,53,30,29,8,20,0,74,9,1,6,289,1.053,6.9,1,2.6,9.6,3.7,,player.fcgi?id=neely-000bra
Tyler Nesbitt,20,2022,Florida,SEC,2,3,0.4,4.59,20,2,,0,0,0,33.1,29,17,17,6,14,1,29,1,1,2,143,1.29,7.8,1.6,3.8,7.8,2.07,,player.fcgi?id=nesbit000tyl
Nick Pogue,22,2022,Florida,SEC,4,3,0.571,4.81,11,10,,0,0,0,39.1,34,22,21,9,12,0,37,4,0,0,162,1.169,7.8,2.1,2.7,8.5,3.08,,player.fcgi?id=pogue-000nic
Blake Purnell,20,2022,Florida,SEC,3,3,0.5,2.86,36,0,,0,0,4,50.1,50,19,16,2,15,3,39,8,0,3,222,1.291,8.9,0.4,2.7,7,2.6,,player.fcgi?id=purnel000bla
Ryan Slater,20,2022,Florida,SEC,6,4,0.6,5.34,26,3,,0,0,6,57.1,53,36,34,10,25,0,48,12,0,4,263,1.36,8.3,1.6,3.9,7.5,1.92,,player.fcgi?id=slater000rya
Brandon Sproat,21,2022,Florida,SEC,9,4,0.692,3.41,17,16,,0,0,0,89.2,84,37,34,5,33,0,82,9,1,0,382,1.305,8.4,0.5,3.3,8.2,2.48,,player.fcgi?id=sproat000bra
Anthony Ursitti,19,2022,Florida,SEC,0,0,,5.06,15,1,,0,0,0,21.1,19,12,12,6,8,0,26,4,0,4,96,1.266,8,2.5,3.4,11,3.25,,player.fcgi?id=ursitt000ant
Franco Aleman,21,2021,Florida,SEC,2,4,0.333,5.74,23,9,,0,0,4,69,75,52,44,5,21,0,65,7,0,4,307,1.391,9.8,0.7,2.7,8.5,3.1,,player.fcgi?id=aleman000fra
Hunter Barco*,20,2021,Florida,SEC,10,3,0.769,4.01,16,16,,1,0,0,83,77,43,37,9,26,0,94,15,0,11,368,1.241,8.3,1,2.8,10.2,3.62,,player.fcgi?id=barco-000hun
Jordan Butler*,22,2021,Florida,SEC,1,1,0.5,7.71,7,0,,0,0,0,7,6,7,6,2,4,0,9,2,0,2,34,1.429,7.7,2.6,5.1,11.6,2.25,,player.fcgi?id=butler002jor
Ryan Cabarcas*,20,2021,Florida,SEC,0,0,,6.75,12,0,,0,0,1,9.1,12,7,7,4,6,0,9,0,0,2,45,1.929,11.6,3.9,5.8,8.7,1.5,,player.fcgi?id=cabarc000rya
Jordan Carrion,20,2021,Florida,SEC,0,0,,0,7,0,,0,0,1,6.2,4,0,0,0,3,0,8,0,0,0,26,1.05,5.4,0,4.1,10.8,2.67,,player.fcgi?id=carrio002jor
Chase Centala,19,2021,Florida,SEC,2,0,1,2.13,7,1,,0,0,0,12.2,10,3,3,0,7,0,9,0,0,1,55,1.342,7.1,0,5,6.4,1.29,,player.fcgi?id=cental000cha
Jack Leftwich,22,2021,Florida,SEC,7,4,0.636,3.36,24,6,,0,0,5,69.2,54,28,26,8,22,1,78,9,0,3,292,1.091,7,1,2.8,10.1,3.55,,player.fcgi?id=leftwi000jac
David Luethje,21,2021,Florida,SEC,0,0,,1.5,11,0,,0,0,0,12,6,4,2,0,7,0,7,1,0,0,52,1.083,4.5,0,5.3,5.3,1,,player.fcgi?id=luethj000dav
Tommy Mace,22,2021,Florida,SEC,6,2,0.75,4.38,16,15,,0,0,1,90.1,91,49,44,10,21,1,113,9,1,7,390,1.24,9.1,1,2.1,11.3,5.38,,player.fcgi?id=mace--000tom
Timmy Manning*,19,2021,Florida,SEC,0,0,,6.6,8,4,,0,0,0,15,13,11,11,2,13,0,16,2,0,3,72,1.733,7.8,1.2,7.8,9.6,1.23,,player.fcgi?id=mannin003tim
Garrett Milchin,23,2021,Florida,SEC,2,1,0.667,4.98,6,6,,0,0,0,21.2,24,14,12,3,3,0,20,3,0,0,94,1.246,10,1.2,1.2,8.3,6.67,,player.fcgi?id=milchi000gar
Hunter Mink,20,2021,Florida,SEC,0,0,,0,3,0,,0,0,0,4,3,2,0,0,3,0,6,0,0,2,19,1.5,6.8,0,6.8,13.5,2,,player.fcgi?id=mink--000hun
Christian Scott,22,2021,Florida,SEC,4,2,0.667,3,26,1,,0,0,2,54,46,20,18,7,9,3,51,4,0,3,220,1.019,7.7,1.2,1.5,8.5,5.67,,player.fcgi?id=scott-005chr
Ben Specht,21,2021,Florida,SEC,0,2,0,13.86,8,0,,0,0,1,12.1,18,19,19,4,5,0,6,5,0,0,62,1.865,13.1,2.9,3.6,4.4,1.2,,player.fcgi?id=specht000ben
Brandon Sproat,20,2021,Florida,SEC,2,1,0.667,6.65,16,2,,0,0,0,21.2,29,19,16,5,15,1,18,2,0,4,107,2.031,12,2.1,6.2,7.5,1.2,,player.fcgi?id=sproat000bra
Trey Van Der Weide*,24,2021,Florida,SEC,2,2,0.5,2.74,25,0,,0,0,2,42.2,42,22,13,1,10,1,32,3,1,9,186,1.219,8.9,0.2,2.1,6.8,3.2,,player.fcgi?id=vander000tre
Justin Alintoff,21,2020,Florida,SEC,0,0,,3.72,5,0,,0,0,0,9.2,9,4,4,1,2,0,13,0,1,2,39,1.138,8.4,0.9,1.9,12.1,6.5,,player.fcgi?id=alinto000jus
Hunter Barco*,19,2020,Florida,SEC,2,0,1,1.4,5,4,,0,0,0,19.1,11,3,3,0,6,0,26,4,0,1,81,0.879,5.1,0,2.8,12.1,4.33,,player.fcgi?id=barco-000hun
Jordan Butler*,21,2020,Florida,SEC,0,0,,6.23,3,2,,0,0,0,4.1,10,6,3,2,1,0,4,0,0,1,25,2.538,20.8,4.2,2.1,8.3,4,,player.fcgi?id=butler002jor
Ryan Cabarcas*,19,2020,Florida,SEC,0,0,,1.29,7,0,,0,0,1,7,4,1,1,0,2,0,10,1,0,1,29,0.857,5.1,0,2.6,12.9,5,,player.fcgi?id=cabarc000rya
Nick Ficarrotta?,--,2020,Florida,SEC,1,0,1,2.7,2,0,,0,0,0,3.1,1,1,1,0,0,0,1,1,0,0,12,0.3,2.7,0,0,2.7,,,player.fcgi?id=ficarr000nic
Jack Leftwich,21,2020,Florida,SEC,2,0,1,4.15,4,4,,0,0,0,21.2,16,10,10,2,8,1,23,2,0,1,91,1.108,6.6,0.8,3.3,9.6,2.88,,player.fcgi?id=leftwi000jac
David Luethje,20,2020,Florida,SEC,2,0,1,5.19,6,0,,0,0,0,8.2,6,5,5,1,4,0,9,0,1,0,35,1.154,6.2,1,4.2,9.3,2.25,,player.fcgi?id=luethj000dav
Tommy Mace,21,2020,Florida,SEC,3,0,1,1.67,4,4,,0,0,0,27,21,5,5,0,5,1,26,1,0,2,108,0.963,7,0,1.7,8.7,5.2,,player.fcgi?id=mace--000tom
Hunter Mink,19,2020,Florida,SEC,0,0,,0,1,0,,0,0,0,1,1,0,0,0,0,0,1,2,0,0,6,1,9,0,0,9,,,player.fcgi?id=mink--000hun
Tyler Nesbitt,18,2020,Florida,SEC,1,0,1,0,5,1,,0,0,0,11.2,7,0,0,0,3,0,17,1,0,1,47,0.857,5.4,0,2.3,13.1,5.67,,player.fcgi?id=nesbit000tyl
Nick Pogue,20,2020,Florida,SEC,1,1,0.5,5.23,7,2,,0,0,1,10.1,15,6,6,1,3,0,17,1,0,0,50,1.742,13.1,0.9,2.6,14.8,5.67,,player.fcgi?id=pogue-000nic
Christian Scott,21,2020,Florida,SEC,2,0,1,1.2,7,0,,0,0,0,15,11,2,2,0,6,1,16,0,0,1,61,1.133,6.6,0,3.6,9.6,2.67,,player.fcgi?id=scott-005chr
Ben Specht,20,2020,Florida,SEC,2,0,1,0.75,9,0,,0,0,3,12,6,2,1,0,4,0,16,2,0,0,48,0.833,4.5,0,3,12,4,,player.fcgi?id=specht000ben
Brandon Sproat,19,2020,Florida,SEC,0,0,,1.5,4,0,,0,0,0,6,2,1,1,1,3,0,8,1,0,0,23,0.833,3,1.5,4.5,12,2.67,,player.fcgi?id=sproat000bra
Justin Alintoff,20,2019,Florida,SEC,1,0,1,4.3,16,1,,0,0,1,29.1,36,17,14,1,12,1,24,0,0,2,139,1.636,11,0.3,3.7,7.4,2,,player.fcgi?id=alinto000jus
Kris Armstrong,19,2019,Florida,SEC,0,0,,7.71,9,0,,0,0,0,11.2,11,11,10,2,6,0,12,3,0,0,54,1.457,8.5,1.5,4.6,9.3,2,,player.fcgi?id=armstr000kri
Nick Blasucci,22,2019,Florida,SEC,1,0,1,7.45,7,2,,0,0,0,9.2,10,14,8,5,7,0,14,1,0,4,49,1.759,9.3,4.7,6.5,13,2,,player.fcgi?id=blasuc000nic
Jordan Butler*,20,2019,Florida,SEC,1,1,0.5,5.76,20,1,,0,0,1,25,31,19,16,4,11,0,25,7,0,4,123,1.68,11.2,1.4,4,9,2.27,,player.fcgi?id=butler002jor
Nolan Crisp,19,2019,Florida,SEC,4,4,0.5,6.41,21,6,,0,0,8,39.1,39,31,28,5,21,0,21,2,2,2,179,1.525,8.9,1.1,4.8,4.8,1,,player.fcgi?id=crisp-000nol
Tyler Dyson,21,2019,Florida,SEC,3,2,0.6,4.95,11,9,,0,0,0,43.2,42,33,24,9,23,0,34,5,0,3,203,1.489,8.7,1.9,4.7,7,1.48,,player.fcgi?id=dyson-000tyl
Devin Hemenway*,20,2019,Florida,SEC,0,0,,13.5,1,0,,0,0,0,2,5,3,3,0,0,0,1,0,0,0,11,2.5,22.5,0,0,4.5,,,player.fcgi?id=hemenw000dev
Austin Langworthy*,21,2019,Florida,SEC,0,1,0,3.12,7,0,,0,0,0,8.2,5,4,3,0,3,0,5,1,0,1,36,0.923,5.2,0,3.1,5.2,1.67,,player.fcgi?id=langwo000aus
Jack Leftwich,20,2019,Florida,SEC,6,5,0.545,5.31,13,13,,1,1,0,62.2,68,40,37,10,18,1,62,7,0,3,279,1.372,9.8,1.4,2.6,8.9,3.44,,player.fcgi?id=leftwi000jac
David Luethje,19,2019,Florida,SEC,1,1,0.5,3.86,15,2,,0,0,0,28,26,14,12,0,9,1,15,3,1,1,122,1.25,8.4,0,2.9,4.8,1.67,,player.fcgi?id=luethj000dav
Tommy Mace,20,2019,Florida,SEC,8,5,0.615,5.32,16,16,,1,0,0,89.2,91,59,53,8,38,2,74,16,0,6,408,1.439,9.1,0.8,3.8,7.4,1.95,,player.fcgi?id=mace--000tom
Hunter McMullen,20,2019,Florida,SEC,0,2,0,9,3,1,,0,0,0,4,7,4,4,2,2,0,2,0,0,0,21,2.25,15.8,4.5,4.5,4.5,1,,player.fcgi?id=mcmull000hun
Kirby McMullen,21,2019,Florida,SEC,0,0,,4.7,10,0,,0,0,0,15.1,15,8,8,0,5,0,7,4,0,0,68,1.304,8.8,0,2.9,4.1,1.4,,player.fcgi?id=mcmull000kir
Nick Pogue,19,2019,Florida,SEC,1,1,0.5,4.15,16,4,,0,0,1,34.2,31,19,16,4,13,0,32,4,0,1,152,1.269,8,1,3.4,8.3,2.46,,player.fcgi?id=pogue-000nic
Hunter Ruth,20,2019,Florida,SEC,1,0,1,7.27,12,0,,0,0,1,26,39,24,21,3,9,0,22,2,0,7,130,1.846,13.5,1,3.1,7.6,2.44,,player.fcgi?id=ruth--000hun
Christian Scott,20,2019,Florida,SEC,6,3,0.667,5.19,22,4,,0,0,1,52,54,33,30,8,18,1,44,8,3,4,236,1.385,9.3,1.4,3.1,7.6,2.44,,player.fcgi?id=scott-005chr
Ben Specht,19,2019,Florida,SEC,1,1,0.5,5.49,22,1,,0,0,1,41,47,26,25,4,15,0,43,3,2,3,186,1.512,10.3,0.9,3.3,9.4,2.87,,player.fcgi?id=specht000ben
Andrew Baker*,20,2018,Florida,SEC,2,0,1,4.86,21,0,,0,0,0,33.1,26,18,18,3,20,0,32,5,0,3,149,1.38,7,0.8,5.4,8.6,1.6,,player.fcgi?id=baker-000and
Jordan Butler*,19,2018,Florida,SEC,6,2,0.75,4.1,31,4,,0,0,0,52.2,39,25,24,5,26,1,60,5,2,1,226,1.234,6.7,0.9,4.4,10.3,2.31,,player.fcgi?id=butler002jor
Michael Byrne,21,2018,Florida,SEC,3,1,0.75,1.61,37,0,,0,0,16,61.1,46,12,11,3,5,1,64,4,1,3,240,0.832,6.8,0.4,0.7,9.4,12.8,,player.fcgi?id=byrne-003mic
Connor Churchill,19,2018,Florida,SEC,0,1,0,8.31,6,0,,0,0,0,4.1,9,5,4,0,3,0,6,1,0,2,26,2.769,18.7,0,6.2,12.5,2,,player.fcgi?id=church000con
Tyler Dyson,20,2018,Florida,SEC,5,3,0.625,4.47,14,11,,0,0,0,50.1,50,26,25,4,28,0,51,13,1,2,240,1.55,8.9,0.7,5,9.1,1.82,,player.fcgi?id=dyson-000tyl
Nick Horvath*,21,2018,Florida,SEC,0,0,,9.82,3,0,,0,0,0,3.2,4,4,4,1,1,0,2,0,1,0,16,1.364,9.8,2.5,2.5,4.9,2,,player.fcgi?id=horvat000nic
Jackson Kowar,21,2018,Florida,SEC,10,5,0.667,3.04,18,18,,0,0,0,112.1,101,47,38,10,43,1,115,9,1,7,483,1.282,8.1,0.8,3.4,9.2,2.67,,player.fcgi?id=kowar-000jac
Austin Langworthy*,20,2018,Florida,SEC,0,1,0,2.7,4,0,,0,0,0,6.2,10,2,2,1,0,0,1,0,0,0,28,1.5,13.5,1.4,0,1.4,,,player.fcgi?id=langwo000aus
Jack Leftwich,19,2018,Florida,SEC,5,5,0.5,4.2,24,12,,0,0,2,81.1,71,41,38,7,26,0,84,4,2,3,340,1.193,7.9,0.8,2.9,9.3,3.23,,player.fcgi?id=leftwi000jac
Nick Long,20,2018,Florida,SEC,1,0,1,4.5,5,0,,0,0,0,6,4,3,3,2,5,0,7,2,0,1,27,1.5,6,3,7.5,10.5,1.4,,player.fcgi?id=long--002nic
Tommy Mace,19,2018,Florida,SEC,5,0,1,4.16,26,6,,0,0,1,62.2,66,37,29,6,12,0,45,4,1,7,274,1.245,9.5,0.9,1.7,6.5,3.75,,player.fcgi?id=mace--000tom
Hunter McMullen,19,2018,Florida,SEC,0,0,,4.76,17,2,,0,0,0,22.2,24,16,12,3,14,0,17,2,1,7,106,1.676,9.5,1.2,5.6,6.8,1.21,,player.fcgi?id=mcmull000hun
Kirby McMullen,20,2018,Florida,SEC,0,0,,2.25,7,0,,0,0,0,8,14,3,2,1,3,0,9,2,0,0,43,2.125,15.8,1.1,3.4,10.1,3,,player.fcgi?id=mcmull000kir
Brady Singer,21,2018,Florida,SEC,12,3,0.8,2.55,17,17,,1,1,0,113,84,42,32,9,22,0,114,12,3,1,456,0.938,6.7,0.7,1.8,9.1,5.18,,player.fcgi?id=singer000bra
Andrew Baker*,19,2017,Florida,SEC,1,2,0.333,8.03,18,1,,0,0,0,12.1,23,11,11,1,7,0,16,1,0,2,68,2.432,16.8,0.7,5.1,11.7,2.29,,player.fcgi?id=baker-000and
Austin Bodrato,20,2017,Florida,SEC,0,0,,18,1,0,,0,0,0,1,0,2,2,0,4,0,0,0,0,2,7,4,0,0,36,0,0,,player.fcgi?id=bodrat000aus
Nate Brown,19,2017,Florida,SEC,1,0,1,4.74,10,4,,0,0,0,19,24,10,10,0,11,0,15,2,0,0,89,1.842,11.4,0,5.2,7.1,1.36,,player.fcgi?id=brown-002nat
Michael Byrne,20,2017,Florida,SEC,4,5,0.444,1.67,38,3,,0,0,19,75.2,64,20,14,5,15,3,93,0,1,2,300,1.044,7.6,0.6,1.8,11.1,6.2,,player.fcgi?id=byrne-003mic
Tyler Dyson,19,2017,Florida,SEC,4,0,1,3.23,24,2,,0,0,2,39,30,15,14,3,10,0,47,4,0,3,157,1.026,6.9,0.7,2.3,10.8,4.7,,player.fcgi?id=dyson-000tyl
Alex Faedo,21,2017,Florida,SEC,9,2,0.818,2.26,20,19,,0,0,1,123.2,95,39,31,4,42,0,157,7,0,1,509,1.108,6.9,0.3,3.1,11.4,3.74,,player.fcgi?id=faedo-000ale
Nick Horvath*,20,2017,Florida,SEC,3,0,1,3.68,27,0,,0,0,1,29.1,35,15,12,1,8,2,23,1,0,1,128,1.466,10.7,0.3,2.5,7.1,2.88,,player.fcgi?id=horvat000nic
Jackson Kowar,20,2017,Florida,SEC,12,1,0.923,4.08,19,18,,0,0,1,108,116,59,49,7,44,0,84,13,3,10,481,1.481,9.7,0.6,3.7,7,1.91,,player.fcgi?id=kowar-000jac
Austin Langworthy*,19,2017,Florida,SEC,1,1,0.5,3.71,7,1,,0,0,0,17,17,7,7,1,4,0,11,1,0,1,69,1.235,9,0.5,2.1,5.8,2.75,,player.fcgi?id=langwo000aus
David Lee,21,2017,Florida,SEC,0,0,,0,2,0,,0,0,0,2,0,0,0,0,0,0,3,3,0,1,9,0,0,0,0,13.5,,,player.fcgi?id=lee---005dav
Nick Long,19,2017,Florida,SEC,0,0,,11.25,5,1,,0,0,0,8,14,10,10,0,7,0,7,1,0,1,46,2.625,15.8,0,7.9,7.9,1,,player.fcgi?id=long--002nic
Cole Maye*,--,2017,Florida,SEC,0,0,,12.27,5,0,,0,0,0,3.2,8,5,5,2,3,0,4,1,0,1,23,3,19.6,4.9,7.4,9.8,1.33,,player.fcgi?id=maye--000col
Kirby McMullen,19,2017,Florida,SEC,3,0,1,5.32,16,1,,0,0,0,22,19,13,13,2,13,0,22,4,0,1,100,1.455,7.8,0.8,5.3,9,1.69,,player.fcgi?id=mcmull000kir
Garrett Milchin,19,2017,Florida,SEC,4,2,0.667,3.29,19,2,,0,0,1,27.1,21,10,10,1,12,0,18,2,0,3,116,1.207,6.9,0.3,4,5.9,1.5,,player.fcgi?id=milchi000gar
Frank Rubio,22,2017,Florida,SEC,1,1,0.5,4.15,24,0,,0,0,2,30.1,35,16,14,1,7,0,20,1,0,0,132,1.385,10.4,0.3,2.1,5.9,2.86,,player.fcgi?id=rubio-002fra
Brady Singer,20,2017,Florida,SEC,9,5,0.643,3.21,20,19,,3,0,0,126,120,49,45,6,32,0,129,11,3,5,531,1.206,8.6,0.4,2.3,9.2,4.03,,player.fcgi?id=singer000bra
Shaun Anderson,21,2016,Florida,SEC,3,0,1,0.97,36,0,,0,0,13,46.1,31,6,5,1,7,1,60,1,0,5,174,0.82,6,0.2,1.4,11.7,8.57,,player.fcgi?id=anders000sha
Hunter Bowling,19,2016,Florida,SEC,0,0,,9,1,0,,0,0,0,1,0,1,1,0,2,0,1,0,0,1,5,2,0,0,18,9,0.5,,player.fcgi?id=bowlin000hun
Michael Byrne,19,2016,Florida,SEC,0,1,0,3.94,13,0,,0,0,0,16,11,8,7,2,3,0,15,2,0,1,67,0.875,6.2,1.1,1.7,8.4,5,,player.fcgi?id=byrne-003mic
Eddy Demurias,18,2016,Florida,SEC,0,0,,13.5,5,0,,0,0,0,3.1,4,5,5,0,4,1,2,1,0,1,19,2.4,10.8,0,10.8,5.4,0.5,,player.fcgi?id=demuri000edd
Dane Dunning,21,2016,Florida,SEC,6,3,0.667,2.29,33,5,,0,0,2,78.2,68,22,20,3,12,0,88,9,0,2,318,1.017,7.8,0.3,1.4,10.1,7.33,,player.fcgi?id=dunnin000dan
Alex Faedo,20,2016,Florida,SEC,13,3,0.813,3.18,17,17,,1,0,0,104.2,87,39,37,6,21,0,133,11,0,5,427,1.032,7.5,0.5,1.8,11.4,6.33,,player.fcgi?id=faedo-000ale
Nick Horvath*,19,2016,Florida,SEC,2,1,0.667,2.08,15,0,,0,0,1,13,13,4,3,0,5,0,8,1,0,1,57,1.385,9,0,3.5,5.5,1.6,,player.fcgi?id=horvat000nic
Jackson Kowar,19,2016,Florida,SEC,3,0,1,3.38,12,6,,0,0,0,34.2,34,15,13,5,10,0,44,7,0,5,152,1.269,8.8,1.3,2.6,11.4,4.4,,player.fcgi?id=kowar-000jac
Scott Moss*,21,2016,Florida,SEC,3,0,1,1.57,14,5,,0,0,0,23,15,5,4,0,9,0,31,5,0,0,98,1.043,5.9,0,3.5,12.1,3.44,,player.fcgi?id=moss--000sco
A.J. Puk*,21,2016,Florida,SEC,2,3,0.4,3.05,17,16,,0,0,0,73.2,51,31,25,6,37,0,101,10,1,5,316,1.195,6.2,0.7,4.5,12.3,2.73,,player.fcgi?id=puk---000aj-
Frank Rubio,21,2016,Florida,SEC,3,1,0.75,4.46,23,0,,0,0,1,34.1,36,17,17,3,8,1,21,2,0,0,144,1.282,9.4,0.8,2.1,5.5,2.63,,player.fcgi?id=rubio-002fra
Logan Shore,21,2016,Florida,SEC,12,1,0.923,2.31,18,18,,3,2,0,105.1,82,29,27,4,19,0,96,9,0,2,412,0.959,7,0.3,1.6,8.2,5.05,,player.fcgi?id=shore-001log
Brady Singer,19,2016,Florida,SEC,2,2,0.5,4.95,23,1,,0,0,1,43.2,43,26,24,0,17,0,38,9,0,2,193,1.374,8.9,0,3.5,7.8,2.24,,player.fcgi?id=singer000bra
Kirby Snead*,21,2016,Florida,SEC,3,1,0.75,2.78,41,0,,0,0,1,35.2,39,13,11,1,12,1,33,2,0,4,157,1.43,9.8,0.3,3,8.3,2.75,,player.fcgi?id=snead-000kir
Shaun Anderson,20,2015,Florida,SEC,0,0,,4.09,16,1,,,0,0,22,20,11,10,3,6,0,21,2,0,3,96,1.182,8.2,1.2,2.5,8.6,3.5,,player.fcgi?id=anders000sha
Logan Browning*,19,2015,Florida,SEC,1,0,1,7.27,9,0,,,0,0,8.2,8,7,7,0,7,2,6,1,1,0,39,1.731,8.3,0,7.3,6.2,0.86,,player.fcgi?id=browni000log
Tyler Deel*,20,2015,Florida,SEC,0,0,,4.5,5,0,,,0,0,2,1,2,1,0,2,0,4,0,0,1,10,1.5,4.5,0,9,18,2,,player.fcgi?id=deel--000tyl
Dane Dunning,20,2015,Florida,SEC,5,2,0.714,4.03,16,14,,,0,0,60.1,48,28,27,4,23,0,55,8,0,9,260,1.177,7.2,0.6,3.4,8.2,2.39,,player.fcgi?id=dunnin000dan
Alex Faedo,19,2015,Florida,SEC,6,1,0.857,3.23,19,12,,,0,0,61.1,59,25,22,9,16,0,59,3,0,5,256,1.223,8.7,1.3,2.3,8.7,3.69,,player.fcgi?id=faedo-000ale
Eric Hanhold,21,2015,Florida,SEC,1,0,1,4.26,14,4,,,0,0,25.1,28,12,12,1,11,1,23,0,0,5,110,1.539,9.9,0.4,3.9,8.2,2.09,,player.fcgi?id=hanhol000eri
Taylor Lewis,21,2015,Florida,SEC,6,2,0.75,1.33,31,0,,,0,7,54,42,15,8,2,15,4,32,3,0,2,216,1.056,7,0.3,2.5,5.3,2.13,,player.fcgi?id=lewis-003tay
Brett Morales,20,2015,Florida,SEC,1,0,1,4.5,6,3,,,0,0,14,9,7,7,1,4,0,11,2,0,2,57,0.929,5.8,0.6,2.6,7.1,2.75,,player.fcgi?id=morale000bre
Bobby Poyner*,22,2015,Florida,SEC,5,2,0.714,2.56,26,1,,,0,4,63.1,52,20,18,6,6,1,58,4,1,2,246,0.916,7.4,0.9,0.9,8.2,9.67,,player.fcgi?id=poyner000bob
A.J. Puk*,20,2015,Florida,SEC,9,4,0.692,3.81,17,14,,,1,0,78,59,36,33,8,35,0,104,8,0,8,332,1.205,6.8,0.9,4,12,2.97,,player.fcgi?id=puk---000aj-
Aaron Rhodes,22,2015,Florida,SEC,2,0,1,3.73,17,1,,,0,0,31.1,21,14,13,3,14,3,31,4,0,6,130,1.117,6,0.9,4,8.9,2.21,,player.fcgi?id=rhodes000aar
Frank Rubio,20,2015,Florida,SEC,0,1,0,3.2,15,0,,,0,0,19.2,20,7,7,2,3,0,6,2,0,0,80,1.169,9.2,0.9,1.4,2.7,2,,player.fcgi?id=rubio-002fra
Logan Shore,20,2015,Florida,SEC,11,6,0.647,2.72,19,19,,,0,0,112.1,97,35,34,5,24,0,84,12,0,6,449,1.077,7.8,0.4,1.9,6.7,3.5,,player.fcgi?id=shore-001log
Kirby Snead*,20,2015,Florida,SEC,1,0,1,3.15,28,0,,,0,1,34.1,36,12,12,2,6,0,33,1,0,3,143,1.223,9.4,0.5,1.6,8.7,5.5,,player.fcgi?id=snead-000kir
Mike Vinson,21,2015,Florida,SEC,2,0,1,3,7,0,,,0,0,6,3,2,2,0,3,0,4,1,1,0,25,1,4.5,0,4.5,6,1.33,,player.fcgi?id=vinson000mik
Danny Young*,21,2015,Florida,SEC,2,0,1,2.15,20,1,,,0,2,29.1,29,14,7,1,9,2,24,1,0,2,127,1.295,8.9,0.3,2.8,7.4,2.67,,player.fcgi?id=young-003dan
Shaun Anderson,19,2014,Florida,SEC,0,2,0,5.6,14,0,,,0,1,17.2,27,14,11,1,3,0,8,2,1,0,81,1.698,13.8,0.5,1.5,4.1,2.67,,player.fcgi?id=anders000sha
Jay Carmichael,20,2014,Florida,SEC,0,0,,,1,0,,,0,0,0,0,0,0,0,1,0,0,0,0,0,1,,,,,,0,,player.fcgi?id=carmic000jay
Tyler Deel*,19,2014,Florida,SEC,0,0,,0,6,0,,,0,0,3.1,0,0,0,0,1,0,3,1,0,0,12,0.3,0,0,2.7,8.1,3,,player.fcgi?id=deel--000tyl
Dane Dunning,19,2014,Florida,SEC,1,1,0.5,4.5,17,1,,,0,0,24,17,13,12,1,11,3,31,4,1,4,103,1.167,6.4,0.4,4.1,11.6,2.82,,player.fcgi?id=dunnin000dan
Eric Hanhold,20,2014,Florida,SEC,4,3,0.571,4.2,25,4,,,0,3,49.1,45,25,23,7,18,1,36,10,1,7,217,1.277,8.2,1.3,3.3,6.6,2,,player.fcgi?id=hanhol000eri
Ryan Harris,21,2014,Florida,SEC,3,2,0.6,3,27,1,,,0,5,36,29,12,12,4,12,1,19,6,0,1,150,1.139,7.3,1,3,4.8,1.58,,player.fcgi?id=harris005rya
Brett Morales,19,2014,Florida,SEC,0,2,0,6.56,11,5,,,0,0,23.1,25,18,17,1,10,0,16,4,0,3,107,1.5,9.6,0.4,3.9,6.2,1.6,,player.fcgi?id=morale000bre
Bobby Poyner*,21,2014,Florida,SEC,5,4,0.556,3.47,28,5,,,0,4,57,58,28,22,4,10,2,46,5,4,2,242,1.193,9.2,0.6,1.6,7.3,4.6,,player.fcgi?id=poyner000bob
A.J. Puk*,19,2014,Florida,SEC,5,2,0.714,3.19,20,7,,,0,1,42.1,33,19,15,6,18,0,46,3,1,2,181,1.205,7,1.3,3.8,9.8,2.56,,player.fcgi?id=puk---000aj-
Aaron Rhodes,21,2014,Florida,SEC,5,2,0.714,2.48,20,4,,,1,3,54.1,43,15,15,1,15,1,51,3,0,1,221,1.067,7.1,0.2,2.5,8.4,3.4,,player.fcgi?id=rhodes000aar
Frank Rubio,19,2014,Florida,SEC,0,0,,2.25,3,0,,,0,0,8,9,2,2,0,2,0,5,1,0,0,35,1.375,10.1,0,2.3,5.6,2.5,,player.fcgi?id=rubio-002fra
Justin Shafer,21,2014,Florida,SEC,1,0,1,4.17,18,2,,,0,0,36.2,44,20,17,2,7,0,27,1,0,3,160,1.391,10.8,0.5,1.7,6.6,3.86,,player.fcgi?id=shafer000jus
Logan Shore,19,2014,Florida,SEC,7,4,0.636,2.16,16,15,,,0,0,95.2,86,27,23,1,20,0,68,6,1,3,389,1.108,8.1,0.1,1.9,6.4,3.4,,player.fcgi?id=shore-001log
Kirby Snead*,19,2014,Florida,SEC,3,0,1,2.4,32,1,,,0,2,41.1,43,13,11,2,5,0,22,3,1,2,177,1.161,9.4,0.4,1.1,4.8,4.4,,player.fcgi?id=snead-000kir
Karsten Whitson,22,2014,Florida,SEC,1,1,0.5,3.86,14,9,,,0,0,37.1,34,18,16,2,23,1,21,5,0,4,170,1.527,8.2,0.5,5.5,5.1,0.91,,player.fcgi?id=whitso001kar
Danny Young*,20,2014,Florida,SEC,5,0,1,2.42,25,9,,,0,1,48.1,55,16,13,2,18,0,36,6,0,6,221,1.51,10.2,0.4,3.4,6.7,2,,player.fcgi?id=young-003dan
Jay Carmichael,19,2013,Florida,SEC,3,1,0.75,3.08,16,4,,,0,0,38,24,13,13,1,15,1,26,8,1,1,156,1.026,5.7,0.2,3.6,6.2,1.73,,player.fcgi?id=carmic000jay
Jonathon Crawford,21,2013,Florida,SEC,3,6,0.333,3.84,15,15,,,1,0,86.2,80,41,37,4,37,1,69,10,1,3,381,1.35,8.3,0.4,3.8,7.2,1.86,,player.fcgi?id=crawfo001jon
Parker Danciu*,19,2013,Florida,SEC,2,0,1,4.35,18,0,,,0,0,20.2,25,11,10,2,7,2,13,4,0,1,96,1.548,10.9,0.9,3,5.7,1.86,,player.fcgi?id=danciu000par
Daniel Gibson*,21,2013,Florida,SEC,2,1,0.667,4.42,32,1,,,0,0,38.2,36,19,19,3,20,1,31,2,0,4,167,1.448,8.4,0.7,4.7,7.2,1.55,,player.fcgi?id=gibson002dan
Eric Hanhold,19,2013,Florida,SEC,0,4,0,5.88,14,7,,,0,0,33.2,44,25,22,3,11,0,24,4,0,4,158,1.634,11.8,0.8,2.9,6.4,2.18,,player.fcgi?id=hanhol000eri
Ryan Harris,20,2013,Florida,SEC,5,4,0.556,3.07,37,0,,,0,0,58.2,53,22,20,2,15,2,51,7,2,3,244,1.159,8.1,0.3,2.3,7.8,3.4,,player.fcgi?id=harris005rya
Keenan Kish,21,2013,Florida,SEC,0,0,,3.38,3,2,,,0,0,5.1,5,2,2,0,3,0,7,3,0,1,28,1.5,8.4,0,5.1,11.8,2.33,,player.fcgi?id=kish--001wil
Johnny Magliozzi,21,2013,Florida,SEC,4,2,0.667,2.67,29,4,,,0,12,67.1,53,25,20,5,16,2,57,10,0,7,281,1.025,7.1,0.7,2.1,7.6,3.56,,player.fcgi?id=maglio002joh
Bobby Poyner*,20,2013,Florida,SEC,3,3,0.5,3.41,14,7,,,0,0,37,28,17,14,2,7,1,16,4,0,1,149,0.946,6.8,0.5,1.7,3.9,2.29,,player.fcgi?id=poyner000bob
Aaron Rhodes,20,2013,Florida,SEC,1,0,1,4.42,13,0,,,0,0,18.1,20,9,9,1,10,2,14,3,0,1,82,1.636,9.8,0.5,4.9,6.9,1.4,,player.fcgi?id=rhodes000aar
Justin Shafer,20,2013,Florida,SEC,1,1,0.5,5.2,9,4,,,0,0,27.2,27,17,16,4,10,1,26,1,1,2,122,1.337,8.8,1.3,3.3,8.5,2.6,,player.fcgi?id=shafer000jus
Corey Stump?,--,2013,Florida,SEC,0,2,0,2.45,5,0,,,0,0,3.2,5,3,1,0,1,0,2,3,0,0,20,1.636,12.3,0,2.5,4.9,2,,player.fcgi?id=stump-000cor
Mike Vinson,19,2013,Florida,SEC,1,0,1,4.79,17,0,,,0,0,20.2,27,15,11,2,6,0,19,2,1,0,98,1.597,11.8,0.9,2.6,8.3,3.17,,player.fcgi?id=vinson000mik
Danny Young*,19,2013,Florida,SEC,3,4,0.429,4.28,22,7,,,0,0,40,47,19,19,4,13,3,23,6,2,0,176,1.5,10.6,0.9,2.9,5.2,1.77,,player.fcgi?id=young-003dan
Jonathon Crawford,20,2012,Florida,SEC,6,2,0.75,3.13,19,14,,,1,0,77.2,75,34,27,2,24,2,73,11,0,6,334,1.275,8.7,0.2,2.8,8.5,3.04,,player.fcgi?id=crawfo001jon
Daniel Gibson*,20,2012,Florida,SEC,1,1,0.5,2.96,23,0,,,0,1,24.1,24,8,8,1,11,3,17,2,0,3,111,1.438,8.9,0.4,4.1,6.3,1.55,,player.fcgi?id=gibson002dan
Ryan Harris,19,2012,Florida,SEC,2,0,1,3.38,16,0,,,0,0,16,12,6,6,1,4,0,12,4,0,0,69,1,6.8,0.6,2.3,6.8,3,,player.fcgi?id=harris005rya
Brian Johnson*,21,2012,Florida,SEC,8,5,0.615,3.9,17,17,,,0,0,90,87,42,39,8,18,1,73,5,1,2,376,1.167,8.7,0.8,1.8,7.3,4.06,,player.fcgi?id=johnso006chr
Keenan Kish,20,2012,Florida,SEC,0,0,,1.98,13,0,,,0,1,27.1,19,6,6,1,5,0,27,2,1,2,107,0.878,6.3,0.3,1.6,8.9,5.4,,player.fcgi?id=kish--001wil
Greg Larson,22,2012,Florida,SEC,6,0,1,1.33,35,2,,,0,0,54.1,38,9,8,1,12,1,38,7,0,2,214,0.92,6.3,0.2,2,6.3,3.17,,player.fcgi?id=larson000gre
Austin Maddox,21,2012,Florida,SEC,3,3,0.5,2.44,32,0,,,0,12,55.1,41,16,15,3,11,6,57,3,0,4,219,0.94,6.7,0.5,1.8,9.3,5.18,,player.fcgi?id=maddox001aus
Johnny Magliozzi,20,2012,Florida,SEC,4,3,0.571,5.03,16,6,,,0,0,34,45,22,19,3,5,0,21,5,0,1,156,1.471,11.9,0.8,1.3,5.6,4.2,,player.fcgi?id=maglio002joh
Bobby Poyner*,19,2012,Florida,SEC,1,1,0.5,3.18,21,2,,,0,0,22.2,26,12,8,3,4,2,16,2,0,1,101,1.324,10.3,1.2,1.6,6.4,4,,player.fcgi?id=poyner000bob
Hudson Randall,21,2012,Florida,SEC,9,3,0.75,2.59,16,16,,,1,0,94,86,28,27,6,10,0,62,4,0,3,378,1.021,8.2,0.6,1,5.9,6.2,,player.fcgi?id=randal001hud
Paco Rodríguez*,21,2012,Florida,SEC,3,2,0.6,2.18,34,0,,,0,4,62,49,17,15,1,13,3,81,2,2,2,253,1,7.1,0.1,1.9,11.8,6.23,,player.fcgi?id=rodrig003ste
Justin Shafer,19,2012,Florida,SEC,0,0,,4.5,6,0,,,0,0,6,9,3,3,0,1,1,7,1,0,1,29,1.667,13.5,0,1.5,10.5,7,,player.fcgi?id=shafer000jus
Corey Stump?,--,2012,Florida,SEC,0,0,,2.25,6,0,,,0,0,4,3,2,1,0,2,0,0,0,0,1,16,1.25,6.8,0,4.5,0,0,,player.fcgi?id=stump-000cor
Karsten Whitson,20,2012,Florida,SEC,4,0,1,3.51,14,10,,,0,0,33.1,37,17,13,1,18,1,20,7,0,6,160,1.65,10,0.3,4.9,5.4,1.11,,player.fcgi?id=whitso001kar
Matt Campbell,23,2011,Florida,SEC,,,,5.06,,0,,,0,,16,19,9,9,,5,,13,,,,,1.5,10.7,,2.8,7.3,2.6,,player.fcgi?id=campbe003mat
Jonathon Crawford,19,2011,Florida,SEC,,,,3.38,,0,,,0,,5.1,6,3,2,,1,,4,,,,,1.313,10.1,,1.7,6.8,4,,player.fcgi?id=crawfo001jon
Anthony DeSclafani,21,2011,Florida,SEC,,,,4.17,,2,,,0,,45.1,48,26,21,,6,,39,,,,,1.191,9.5,,1.2,7.7,6.5,,player.fcgi?id=descla001ant
Daniel Gibson*,19,2011,Florida,SEC,,,,12.27,,0,,,0,,11,23,16,15,,3,,10,,,,,2.364,18.8,,2.5,8.2,3.33,,player.fcgi?id=gibson002dan
Brian Johnson*,20,2011,Florida,SEC,,,,3.54,,15,,,0,,81.1,78,36,32,,15,,72,,,,,1.143,8.6,,1.7,8,4.8,,player.fcgi?id=johnso006chr
Keenan Kish,19,2011,Florida,SEC,,,,0.6,,0,,,0,,15,11,4,1,,7,,12,,,,,1.2,6.6,,4.2,7.2,1.71,,player.fcgi?id=kish--001wil
Greg Larson,21,2011,Florida,SEC,,,,2.01,,0,,,0,,40.1,37,11,9,,7,,30,,,,,1.091,8.3,,1.6,6.7,4.29,,player.fcgi?id=larson000gre
Austin Maddox,20,2011,Florida,SEC,,,,0.67,,0,,,0,,27,20,3,2,,3,,21,,,,,0.852,6.7,,1,7,7,,player.fcgi?id=maddox001aus
Nick Maronde*,21,2011,Florida,SEC,,,,1.88,,1,,,0,,43,27,12,9,,9,,55,,,,,0.837,5.7,,1.9,11.5,6.11,,player.fcgi?id=marond001joh
Alex Panteliodis*,20,2011,Florida,SEC,,,,3.71,,12,,,0,,63,61,26,26,,9,,47,,,,,1.111,8.7,,1.3,6.7,5.22,,player.fcgi?id=pantel000ale
Justin Poovey,22,2011,Florida,SEC,,,,2.89,,0,,,0,,9.1,6,4,3,,2,,3,,,,,0.857,5.8,,1.9,2.9,1.5,,player.fcgi?id=poovey001jus
Hudson Randall,20,2011,Florida,SEC,,,,2.16,,19,,,1,,125,104,40,30,,13,,73,,,,,0.936,7.5,,0.9,5.3,5.62,,player.fcgi?id=randal001hud
Paco Rodríguez*,20,2011,Florida,SEC,,,,1.83,,1,,,0,,39.1,31,13,8,,12,,44,,,,,1.093,7.1,,2.7,10.1,3.67,,player.fcgi?id=rodrig003ste
Tommy Toledo,22,2011,Florida,SEC,,,,3.92,,3,,,0,,39,39,18,17,,10,,32,,,,,1.256,9,,2.3,7.4,3.2,,player.fcgi?id=toledo001tho
Karsten Whitson,19,2011,Florida,SEC,,,,2.39,,19,,,0,,98,84,29,26,,28,,92,,,,,1.143,7.7,,2.6,8.4,3.29,,player.fcgi?id=whitso001kar
Jordan Cooper,21,2011,Kentucky,SEC,,,,4.57,,12,,,0,,67,84,43,34,,29,,47,,,,,1.687,11.3,,3.9,6.3,1.62,,player.fcgi?id=cooper001jor
Trevor Gott,18,2011,Kentucky,SEC,,,,3.54,,0,,,0,,28,40,25,11,,16,,34,,,,,2,12.9,,5.1,10.9,2.13,,player.fcgi?id=gott--000tre
Mike Kaczmarek?,--,2011,Kentucky,SEC,,,,6,,0,,,0,,15,18,11,10,,2,,8,,,,,1.333,10.8,,1.2,4.8,4,,player.fcgi?id=kaczma000mik
Braden Kapteyn,21,2011,Kentucky,SEC,,,,9,,0,,,0,,17,17,17,17,,7,,27,,,,,1.412,9,,3.7,14.3,3.86,,player.fcgi?id=kaptey001bra
Nick Kennedy,22,2011,Kentucky,SEC,,,,4.95,,0,,,0,,20,32,17,11,,3,,14,,,,,1.75,14.4,,1.4,6.3,4.67,,player.fcgi?id=kenned000nic
Corey Littrell*,19,2011,Kentucky,SEC,,,,6.78,,13,,,0,,70.1,90,63,53,,29,,51,,,,,1.692,11.5,,3.7,6.5,1.76,,player.fcgi?id=littre001cor
Alex Meyer,21,2011,Kentucky,SEC,,,,2.94,,14,,,2,,101,78,37,33,,46,,110,,,,,1.228,7,,4.1,9.8,2.39,,player.fcgi?id=meyer-001ale
Jonathan Paquet,19,2011,Kentucky,SEC,,,,4.5,,3,,,0,,12,15,6,6,,5,,10,,,,,1.667,11.3,,3.8,7.5,2,,player.fcgi?id=paquet001jon
Alex Phillips*,21,2011,Kentucky,SEC,,,,3.16,,0,,,0,,37,46,15,13,,1,,28,,,,,1.27,11.2,,0.2,6.8,28,,player.fcgi?id=philli000ale
Taylor Rogers*,20,2011,Kentucky,SEC,,,,5.14,,13,,,0,,77,97,56,44,,19,,49,,,,,1.506,11.3,,2.2,5.7,2.58,,player.fcgi?id=rogers002tay
Walter Wijas,20,2011,Kentucky,SEC,,,,4.5,,0,,,0,,36,52,21,18,,13,,30,,,,,1.806,13,,3.3,7.5,2.31,,player.fcgi?id=wijas-000wal
Jeff Boehm*,19,2012,Kentucky,SEC,0,0,,4.91,6,0,,,0,0,3.2,1,3,2,1,4,0,4,1,0,1,19,1.364,2.5,2.5,9.8,9.8,1,,player.fcgi?id=boehm-000jef
Spencer Drake?,--,2012,Kentucky,SEC,0,0,,0,3,0,,,0,0,2.2,2,0,0,0,0,0,4,0,0,0,10,0.75,6.8,0,0,13.5,,,player.fcgi?id=drake-000spe
Tyler Dunaway?,--,2012,Kentucky,SEC,0,0,,9,2,0,,,0,0,2,4,2,2,0,0,0,3,0,0,1,10,2,18,0,0,13.5,,,player.fcgi?id=dunawa000tyl
Christopher Garrison,22,2012,Kentucky,SEC,0,0,,6.75,4,0,,,0,0,4,3,3,3,1,6,0,4,1,1,2,21,2.25,6.8,2.3,13.5,9,0.67,,player.fcgi?id=garris001chr
Trevor Gott,19,2012,Kentucky,SEC,3,0,1,2.16,23,0,,,0,9,25,17,8,6,2,7,0,38,3,2,2,102,0.96,6.1,0.7,2.5,13.7,5.43,,player.fcgi?id=gott--000tre
Jerad Grundy*,21,2012,Kentucky,SEC,6,3,0.667,3.78,16,16,,,0,0,85.2,79,38,36,4,35,2,63,4,2,12,370,1.331,8.3,0.4,3.7,6.6,1.8,,player.fcgi?id=grundy001jer
Corey Littrell*,20,2012,Kentucky,SEC,9,2,0.818,2.74,16,16,,,0,0,98.2,104,32,30,2,25,0,87,6,1,8,409,1.307,9.5,0.2,2.3,7.9,3.48,,player.fcgi?id=littre001cor
Sam Mahar*,--,2012,Kentucky,SEC,3,3,0.5,2.79,22,2,,,0,2,38.2,36,16,12,0,11,0,33,3,0,2,165,1.216,8.4,0,2.6,7.7,3,,player.fcgi?id=mahar-000sam
Taylor Martin,20,2012,Kentucky,SEC,0,0,,2.25,6,0,,,0,0,4,5,1,1,0,1,0,3,0,0,0,18,1.5,11.3,0,2.3,6.8,3,,player.fcgi?id=martin000tay
Tim Peterson,21,2012,Kentucky,SEC,3,0,1,2.45,28,0,,,0,1,25.2,24,10,7,2,4,0,27,0,0,4,105,1.091,8.4,0.7,1.4,9.5,6.75,,player.fcgi?id=peters004tim
Alex Phillips*,22,2012,Kentucky,SEC,5,2,0.714,3.02,30,0,,,0,8,59.2,43,25,20,2,18,3,51,6,1,1,241,1.022,6.5,0.3,2.7,7.7,2.83,,player.fcgi?id=philli000ale
AJ Reed*,19,2012,Kentucky,SEC,5,3,0.625,2.52,16,5,,,0,0,53.2,54,17,15,3,9,0,51,4,0,0,226,1.174,9.1,0.5,1.5,8.6,5.67,,player.fcgi?id=reed--000and
Taylor Rogers*,21,2012,Kentucky,SEC,6,4,0.6,4.53,17,15,,,0,1,89.1,103,49,45,6,21,0,84,11,2,6,387,1.388,10.4,0.6,2.1,8.5,4,,player.fcgi?id=rogers002tay
Chandler Shepherd,19,2012,Kentucky,SEC,3,1,0.75,3.83,18,9,,,0,1,56.1,60,28,24,2,16,0,33,5,0,6,248,1.349,9.6,0.3,2.6,5.3,2.06,,player.fcgi?id=shephe000jam
Walter Wijas,21,2012,Kentucky,SEC,2,0,1,5.57,20,0,,,0,0,21,22,16,13,2,7,0,17,5,0,3,94,1.381,9.4,0.9,3,7.3,2.43,,player.fcgi?id=wijas-000wal
Jeff Boehm*,20,2013,Kentucky,SEC,0,0,,3,2,0,,,0,0,3,5,1,1,0,2,0,0,0,0,1,13,2.333,15,0,6,0,0,,player.fcgi?id=boehm-000jef
Kyle Cody,18,2013,Kentucky,SEC,3,3,0.5,4.84,15,10,,,0,0,57.2,57,35,31,2,20,0,47,10,3,2,252,1.335,8.9,0.3,3.1,7.3,2.35,,player.fcgi?id=cody--000kyl
Ryne Combs*,19,2013,Kentucky,SEC,0,0,,2.01,16,2,,,0,0,22.1,27,6,5,0,9,0,11,2,0,2,98,1.612,10.9,0,3.6,4.4,1.22,,player.fcgi?id=combs-000rya
Tyler Cox?,--,2013,Kentucky,SEC,0,0,,4.15,4,0,,,0,0,4.1,6,4,2,0,1,0,6,2,0,0,23,1.615,12.5,0,2.1,12.5,6,,player.fcgi?id=cox---002tyl
Dylan Dwyer*,--,2013,Kentucky,SEC,1,0,1,3.86,14,0,,,0,0,16.1,20,10,7,1,7,0,7,4,2,1,78,1.653,11,0.6,3.9,3.9,1,,player.fcgi?id=dwyer-000dyl
Trevor Gott,20,2013,Kentucky,SEC,4,1,0.8,1.2,23,0,,,0,12,30,27,9,4,0,5,1,35,0,0,1,122,1.067,8.1,0,1.5,10.5,7,,player.fcgi?id=gott--000tre
Jerad Grundy*,22,2013,Kentucky,SEC,6,6,0.5,4.86,14,14,,,0,0,83.1,95,50,45,7,20,1,61,3,0,5,358,1.38,10.3,0.8,2.2,6.6,3.05,,player.fcgi?id=grundy001jer
Corey Littrell*,21,2013,Kentucky,SEC,6,5,0.545,3.72,14,14,,,0,0,94.1,89,49,39,9,35,2,77,9,2,4,403,1.314,8.5,0.9,3.3,7.3,2.2,,player.fcgi?id=littre001cor
AJ Reed*,20,2013,Kentucky,SEC,2,8,0.2,4.04,14,14,,,0,0,82.1,100,47,37,6,15,0,52,8,1,3,367,1.397,10.9,0.7,1.6,5.7,3.47,,player.fcgi?id=reed--000and
Chandler Shepherd,20,2013,Kentucky,SEC,5,0,1,2.77,26,1,,,0,0,55.1,50,22,17,3,17,0,39,1,1,6,231,1.211,8.1,0.5,2.8,6.3,2.29,,player.fcgi?id=shephe000jam
Zach Strecker,19,2013,Kentucky,SEC,1,1,0.5,2.35,16,0,,,0,0,15.1,15,7,4,1,5,1,15,1,0,1,68,1.304,8.8,0.6,2.9,8.8,3,,player.fcgi?id=streck000zac
Walter Wijas,22,2013,Kentucky,SEC,2,1,0.667,1.45,27,0,,,0,0,31,25,8,5,1,8,2,23,1,1,1,129,1.065,7.3,0.3,2.3,6.7,2.88,,player.fcgi?id=wijas-000wal
Zack Brown,19,2014,Kentucky,SEC,1,1,0.5,5.65,19,5,,,0,0,28.2,42,20,18,3,11,0,18,5,1,5,140,1.849,13.2,0.9,3.5,5.7,1.64,,player.fcgi?id=brown-002zac
Kyle Cody,19,2014,Kentucky,SEC,4,0,1,2.84,18,6,,,0,5,38,36,19,12,1,13,0,20,2,0,3,165,1.289,8.5,0.2,3.1,4.7,1.54,,player.fcgi?id=cody--000kyl
Ryne Combs*,20,2014,Kentucky,SEC,1,2,0.333,6.55,16,4,,,0,0,33,40,31,24,1,18,0,13,7,0,6,164,1.758,10.9,0.3,4.9,3.5,0.72,,player.fcgi?id=combs-000rya
Dylan Dwyer*,--,2014,Kentucky,SEC,5,3,0.625,5.46,14,10,,,1,0,56,57,38,34,6,22,0,47,5,3,3,245,1.411,9.2,1,3.5,7.6,2.14,,player.fcgi?id=dwyer-000dyl
Spencer Jack,22,2014,Kentucky,SEC,4,1,0.8,1.16,26,0,,,0,4,38.2,28,7,5,4,8,1,31,3,0,1,151,0.931,6.5,0.9,1.9,7.2,3.88,,player.fcgi?id=jack--000spe
Sam Mahar*,--,2014,Kentucky,SEC,1,0,1,9.19,13,0,,,0,0,15.2,31,21,16,3,7,0,12,1,1,3,88,2.426,17.8,1.7,4,6.9,1.71,,player.fcgi?id=mahar-000sam
Taylor Martin,22,2014,Kentucky,SEC,0,0,,6.23,12,0,,,0,0,17.1,15,12,12,1,7,0,12,0,2,2,73,1.269,7.8,0.5,3.6,6.2,1.71,,player.fcgi?id=martin000tay
Andrew Nelson,21,2014,Kentucky,SEC,2,5,0.286,3.94,19,10,,,0,1,75.1,80,40,33,5,20,1,37,5,2,2,321,1.327,9.6,0.6,2.4,4.4,1.85,,player.fcgi?id=nelson005and
AJ Reed*,21,2014,Kentucky,SEC,12,2,0.857,2.09,16,16,,,0,0,112,98,39,26,4,29,0,71,5,0,2,461,1.134,7.9,0.3,2.3,5.7,2.45,,player.fcgi?id=reed--000and
Logan Salow*,19,2014,Kentucky,SEC,2,4,0.333,4.65,23,2,,,0,1,31,35,20,16,1,13,0,27,4,2,3,143,1.548,10.2,0.3,3.8,7.8,2.08,,player.fcgi?id=salow-000log
Chandler Shepherd,21,2014,Kentucky,SEC,5,5,0.5,3.66,16,9,,,0,1,76.1,86,44,31,3,24,1,56,5,0,8,340,1.441,10.1,0.4,2.8,6.6,2.33,,player.fcgi?id=shephe000jam
Matt Snyder*,21,2014,Kentucky,SEC,0,0,,8,9,0,,,0,0,9,11,8,8,2,4,0,6,3,1,9,45,1.667,11,2,4,6,1.5,,player.fcgi?id=snyder003mat
Zach Strecker,20,2014,Kentucky,SEC,0,1,0,3.8,18,0,,,0,0,21.1,30,15,9,1,10,1,21,0,0,5,105,1.875,12.7,0.4,4.2,8.9,2.1,,player.fcgi?id=streck000zac
Rob Zeigler,--,2014,Kentucky,SEC,0,1,0,10.38,6,0,,,0,0,4.1,3,5,5,1,6,0,4,0,0,1,22,2.077,6.2,2.1,12.5,8.3,0.67,,player.fcgi?id=zeigle000rob
Dustin Beggs,22,2015,Kentucky,SEC,7,4,0.636,3.65,14,14,,,0,0,93.2,82,45,38,10,20,0,75,7,1,3,386,1.089,7.9,1,1.9,7.2,3.75,,player.fcgi?id=beggs-000dus
Zack Brown,20,2015,Kentucky,SEC,6,6,0.5,3.48,15,14,,,2,0,93,87,41,36,10,38,0,71,4,1,9,398,1.344,8.4,1,3.7,6.9,1.87,,player.fcgi?id=brown-002zac
Kyle Cody,20,2015,Kentucky,SEC,4,4,0.5,4.91,14,12,,,0,0,66,63,40,36,9,17,0,63,6,1,2,277,1.212,8.6,1.2,2.3,8.6,3.71,,player.fcgi?id=cody--000kyl
Ryne Combs*,21,2015,Kentucky,SEC,0,0,,,1,0,,,0,0,0,0,0,0,0,2,0,0,0,0,1,2,,,,,,0,,player.fcgi?id=combs-000rya
Dylan Dwyer*,--,2015,Kentucky,SEC,2,0,1,3.03,16,0,,,0,0,29.2,27,14,10,0,11,1,26,3,3,7,132,1.281,8.2,0,3.3,7.9,2.36,,player.fcgi?id=dwyer-000dyl
Spencer Jack,23,2015,Kentucky,SEC,1,1,0.5,5.51,20,0,,,0,5,16.1,22,10,10,3,4,1,14,0,0,1,76,1.592,12.1,1.7,2.2,7.7,3.5,,player.fcgi?id=jack--000spe
Zach Logue*,19,2015,Kentucky,SEC,2,2,0.5,5.18,19,3,,,0,1,33,38,22,19,5,7,1,24,6,1,0,145,1.364,10.4,1.4,1.9,6.5,3.43,,player.fcgi?id=logue-000zac
Taylor Martin,23,2015,Kentucky,SEC,1,0,1,5.19,8,0,,,0,0,8.2,9,5,5,1,2,0,4,0,0,2,38,1.269,9.3,1,2.1,4.2,2,,player.fcgi?id=martin000tay
Andrew Nelson,22,2015,Kentucky,SEC,2,4,0.333,4.88,19,4,,,0,1,27.2,36,23,15,2,14,0,18,2,0,6,130,1.807,11.7,0.7,4.6,5.9,1.29,,player.fcgi?id=nelson005and
Blake Oyler,--,2015,Kentucky,SEC,0,0,,27,1,0,,,0,0,1,2,3,3,1,1,0,0,0,0,0,6,3,18,9,9,0,0,,player.fcgi?id=oyler-000bla
Zach Pop,18,2015,Kentucky,SEC,0,0,,4.5,11,2,,,0,0,16,20,14,8,2,9,0,7,1,1,2,78,1.813,11.3,1.1,5.1,3.9,0.78,,player.fcgi?id=pop---000zac
Logan Salow*,20,2015,Kentucky,SEC,1,1,0.5,5.32,23,2,,,0,3,23.2,26,14,14,2,11,0,27,3,1,1,108,1.563,9.9,0.8,4.2,10.3,2.45,,player.fcgi?id=salow-000log
Brad Schaenzer*,19,2015,Kentucky,SEC,1,0,1,4.5,14,1,,,0,0,24,24,13,12,1,8,0,18,2,1,3,100,1.333,9,0.4,3,6.8,2.25,,player.fcgi?id=schaen000bra
Matt Snyder*,22,2015,Kentucky,SEC,0,0,,16.88,4,0,,,0,0,2.2,6,5,5,0,3,0,2,0,0,0,18,3.375,20.3,0,10.1,6.8,0.67,,player.fcgi?id=snyder003mat
Zach Strecker,21,2015,Kentucky,SEC,2,2,0.5,4.45,25,0,,,0,1,30.1,32,17,15,2,8,3,26,2,0,3,132,1.319,9.5,0.6,2.4,7.7,3.25,,player.fcgi?id=streck000zac
Bo Wilson,21,2015,Kentucky,SEC,0,0,,0.82,11,0,,,0,1,11,10,3,1,0,6,0,8,0,0,1,48,1.455,8.2,0,4.9,6.5,1.33,,player.fcgi?id=wilson000bo-
Rob Zeigler,--,2015,Kentucky,SEC,1,1,0.5,6.61,11,3,,,0,0,16.1,22,18,12,0,7,0,24,6,0,3,85,1.776,12.1,0,3.9,13.2,3.43,,player.fcgi?id=zeigle000rob
Dustin Beggs,23,2016,Kentucky,SEC,9,2,0.818,3.01,14,14,,2,1,0,98.2,78,34,33,8,16,0,80,3,1,3,383,0.953,7.1,0.7,1.5,7.3,5,,player.fcgi?id=beggs-000dus
Zack Brown,21,2016,Kentucky,SEC,2,11,0.154,6.08,14,14,,1,0,0,84.1,106,63,57,7,34,0,62,6,0,9,388,1.66,11.3,0.7,3.6,6.6,1.82,,player.fcgi?id=brown-002zac
Kyle Cody,21,2016,Kentucky,SEC,6,2,0.75,3.35,14,14,,1,0,0,83.1,78,41,31,3,30,0,75,4,1,12,367,1.296,8.4,0.3,3.2,8.1,2.5,,player.fcgi?id=cody--000kyl
Dylan Dwyer*,--,2016,Kentucky,SEC,2,1,0.667,6.6,8,0,,0,0,0,15,13,12,11,2,8,0,14,0,0,3,66,1.4,7.8,1.2,4.8,8.4,1.75,,player.fcgi?id=dwyer-000dyl
Sean Hjelle,19,2016,Kentucky,SEC,4,1,0.8,3.74,21,0,,0,0,8,21.2,25,11,9,2,11,1,29,2,0,7,104,1.662,10.4,0.8,4.6,12,2.64,,player.fcgi?id=hjelle000sea
Justin Lewis,20,2016,Kentucky,SEC,2,0,1,2.08,21,0,,0,0,4,30.1,25,7,7,3,10,0,25,1,0,6,127,1.154,7.4,0.9,3,7.4,2.5,,player.fcgi?id=lewis-000jus
Zach Logue*,20,2016,Kentucky,SEC,3,2,0.6,2.68,17,9,,0,0,0,50.1,48,20,15,2,14,0,38,6,0,2,221,1.232,8.6,0.4,2.5,6.8,2.71,,player.fcgi?id=logue-000zac
Gunnar McNeill,21,2016,Kentucky,SEC,0,0,,0,1,0,,0,0,0,1,0,0,0,0,0,0,1,0,0,0,3,0,0,0,0,9,,,player.fcgi?id=mcneil000gun
Zach Pop,19,2016,Kentucky,SEC,0,2,0,5.21,19,6,,0,0,0,38,36,25,22,1,17,0,24,4,0,7,163,1.395,8.5,0.2,4,5.7,1.41,,player.fcgi?id=pop---000zac
Logan Salow*,21,2016,Kentucky,SEC,1,1,0.5,3.22,18,0,,0,0,0,22.1,16,11,8,1,15,0,26,2,1,1,99,1.388,6.4,0.4,6,10.5,1.73,,player.fcgi?id=salow-000log
Brad Schaenzer*,20,2016,Kentucky,SEC,0,1,0,6.1,11,0,,0,0,0,10.1,15,9,7,1,7,0,13,1,0,2,54,2.129,13.1,0.9,6.1,11.3,1.86,,player.fcgi?id=schaen000bra
Josh Smith*,19,2016,Kentucky,SEC,0,0,,7.71,4,0,,0,0,0,2.1,2,2,2,1,4,0,2,0,0,0,13,2.571,7.7,3.9,15.4,7.7,0.5,,player.fcgi?id=smith-030jos
Zach Strecker,22,2016,Kentucky,SEC,3,2,0.6,1.84,22,0,,0,0,0,29.1,25,7,6,2,6,1,20,1,0,3,121,1.057,7.7,0.6,1.8,6.1,3.33,,player.fcgi?id=streck000zac
Daniel Tillo*,20,2016,Kentucky,SEC,0,0,,7.36,9,0,,0,0,0,7.1,12,8,6,1,5,0,7,0,0,2,40,2.318,14.7,1.2,6.1,8.6,1.4,,player.fcgi?id=tilo--000dan
Bo Wilson,22,2016,Kentucky,SEC,0,0,,12.46,8,0,,0,0,0,4.1,10,9,6,1,3,0,2,1,0,1,27,3,20.8,2.1,6.2,4.2,0.67,,player.fcgi?id=wilson000bo-
Colton Cleary*,--,2017,Kentucky,SEC,1,0,1,5.86,24,0,,0,0,2,27.2,31,19,18,5,10,0,29,5,0,3,126,1.482,10.1,1.6,3.3,9.4,2.9,,player.fcgi?id=cleary000col
Mark Doerries,--,2017,Kentucky,SEC,0,0,,0,4,0,,0,0,0,2.1,1,0,0,0,1,0,3,1,0,1,10,0.857,3.9,0,3.9,11.6,3,,player.fcgi?id=doerri000mar
Jake Hamilton*,--,2017,Kentucky,SEC,0,0,,4.5,2,0,,0,0,0,2,1,1,1,0,1,0,3,0,0,1,8,1,4.5,0,4.5,13.5,3,,player.fcgi?id=hamilt000jak
Sean Hjelle,20,2017,Kentucky,SEC,11,4,0.733,3.89,18,17,,1,1,0,108.2,99,51,47,11,33,2,102,12,0,0,461,1.215,8.2,0.9,2.7,8.4,3.09,,player.fcgi?id=hjelle000sea
Austin Keen,20,2017,Kentucky,SEC,0,0,,3.68,11,0,,0,0,0,7.1,8,3,3,0,9,0,1,2,0,0,35,2.318,9.8,0,11,1.2,0.11,,player.fcgi?id=keen--000aus
Justin Lewis,21,2017,Kentucky,SEC,6,4,0.6,3.56,17,16,,1,0,0,91,77,38,36,12,27,1,72,6,2,5,381,1.143,7.6,1.2,2.7,7.1,2.67,,player.fcgi?id=lewis-000jus
Zach Logue*,21,2017,Kentucky,SEC,7,5,0.583,4.97,18,15,,0,0,0,87,93,53,48,20,25,0,88,8,0,2,388,1.356,9.6,2.1,2.6,9.1,3.52,,player.fcgi?id=logue-000zac
Chris Machamer,20,2017,Kentucky,SEC,2,0,1,3.18,24,0,,0,0,1,34,20,13,12,2,14,1,39,3,0,1,139,1,5.3,0.5,3.7,10.3,2.79,,player.fcgi?id=macham000chr
Alec Maley,21,2017,Kentucky,SEC,0,0,,5.59,13,0,,0,0,0,9.2,13,9,6,0,10,1,9,2,0,2,52,2.379,12.1,0,9.3,8.4,0.9,,player.fcgi?id=maley-000ale
Gunnar McNeill,22,2017,Kentucky,SEC,0,0,,13.5,1,0,,0,0,0,2,5,3,3,0,0,0,3,0,0,0,11,2.5,22.5,0,0,13.5,,,player.fcgi?id=mcneil000gun
Zach Pop,20,2017,Kentucky,SEC,1,1,0.5,3.48,22,0,,0,0,0,20.2,19,10,8,1,14,0,20,4,1,2,96,1.597,8.3,0.4,6.1,8.7,1.43,,player.fcgi?id=pop---000zac
Logan Salow*,22,2017,Kentucky,SEC,2,6,0.25,1.95,31,0,,0,0,12,55.1,37,23,12,3,17,2,73,1,0,7,221,0.976,6,0.5,2.8,11.9,4.29,,player.fcgi?id=salow-000log
Brad Schaenzer*,21,2017,Kentucky,SEC,5,0,1,3.46,23,5,,0,0,0,52,41,20,20,6,15,1,42,3,2,4,212,1.077,7.1,1,2.6,7.3,2.8,,player.fcgi?id=schaen000bra
Josh Smith*,20,2017,Kentucky,SEC,0,0,,27,4,0,,0,0,0,1.1,1,4,4,0,3,0,3,2,0,0,10,3,6.8,0,20.3,20.3,1,,player.fcgi?id=smith-030jos
Zack Thompson*,19,2017,Kentucky,SEC,8,3,0.727,3.45,20,13,,0,0,1,75.2,50,34,29,8,38,0,96,14,0,4,323,1.163,5.9,1,4.5,11.4,2.53,,player.fcgi?id=thomps009zac
Crosby Bringhurst,19,2018,Kentucky,SEC,0,0,,8.44,6,0,,0,0,0,5.1,7,6,5,0,3,0,3,0,0,2,26,1.875,11.8,0,5.1,5.1,1,,player.fcgi?id=bringh000cro
Carson Coleman,20,2018,Kentucky,SEC,3,0,1,3.15,20,0,,0,0,0,20,13,7,7,2,18,0,32,2,0,1,91,1.55,5.9,0.9,8.1,14.4,1.78,,player.fcgi?id=colema000car
Zach Haake,21,2018,Kentucky,SEC,2,4,0.333,8.47,15,6,,0,0,0,34,40,32,32,9,22,0,36,2,0,2,164,1.824,10.6,2.4,5.8,9.5,1.64,,player.fcgi?id=haake-000zac
Daniel Harper,19,2018,Kentucky,SEC,3,2,0.6,5.51,17,11,,0,0,1,49,57,34,30,3,19,0,42,4,0,6,224,1.551,10.5,0.6,3.5,7.7,2.21,,player.fcgi?id=harper000dan
Mason Hazelwood*,19,2018,Kentucky,SEC,1,2,0.333,6.63,18,0,,0,0,0,19,17,14,14,2,11,0,19,3,0,3,87,1.474,8.1,0.9,5.2,9,1.73,,player.fcgi?id=hazelw000mas
Sean Hjelle,21,2018,Kentucky,SEC,7,5,0.583,3.44,15,14,,0,0,0,99.1,87,43,38,5,22,0,91,7,0,9,412,1.097,7.9,0.5,2,8.2,4.14,,player.fcgi?id=hjelle000sea
Ryan Johnson,21,2018,Kentucky,SEC,0,0,,18,1,0,,0,0,0,1,3,2,2,0,1,0,0,0,0,1,6,4,27,0,9,0,0,,player.fcgi?id=johnso009rya
Austin Keen,21,2018,Kentucky,SEC,0,0,,13.5,1,0,,0,0,0,0.2,1,1,1,0,2,0,1,0,0,0,5,4.5,13.5,0,27,13.5,0.5,,player.fcgi?id=keen--000aus
Justin Lewis,22,2018,Kentucky,SEC,7,3,0.7,4.33,12,12,,0,0,0,72.2,63,41,35,12,27,1,92,8,1,10,314,1.239,7.8,1.5,3.3,11.4,3.41,,player.fcgi?id=lewis-000jus
Trip Lockhart,19,2018,Kentucky,SEC,0,0,,9.53,8,0,,0,0,0,5.2,5,8,6,1,4,0,6,0,0,0,28,1.588,7.9,1.6,6.4,9.5,1.5,,player.fcgi?id=lockha000tri
Chris Machamer,21,2018,Kentucky,SEC,2,1,0.667,3.06,23,0,,0,0,10,35.1,29,13,12,3,9,1,38,2,0,2,148,1.075,7.4,0.8,2.3,9.7,4.22,,player.fcgi?id=macham000chr
Alec Maley,22,2018,Kentucky,SEC,1,0,1,8.2,19,0,,0,0,0,18.2,21,18,17,2,12,0,15,2,0,5,90,1.768,10.1,1,5.8,7.2,1.25,,player.fcgi?id=maley-000ale
Brett Marshall,20,2018,Kentucky,SEC,1,0,1,6.75,10,0,,0,0,0,10.2,11,8,8,1,4,0,11,1,0,1,47,1.406,9.3,0.8,3.4,9.3,2.75,,player.fcgi?id=marsha003bre
Aaron McGeorge,21,2018,Kentucky,SEC,1,0,1,10.38,13,0,,0,0,0,13,23,16,15,2,8,0,12,3,1,2,71,2.385,15.9,1.4,5.5,8.3,1.5,,player.fcgi?id=mcgeor000aar
Jimmy Ramsey,19,2018,Kentucky,SEC,3,2,0.6,5.94,26,1,,0,0,0,36.1,35,26,24,8,16,1,42,6,0,4,164,1.404,8.7,2,4,10.4,2.63,,player.fcgi?id=ramsey000jim
Brad Schaenzer*,22,2018,Kentucky,SEC,1,2,0.333,6.93,19,5,,0,0,0,37.2,58,29,29,6,16,0,37,1,1,5,184,1.965,13.9,1.4,3.8,8.8,2.31,,player.fcgi?id=schaen000bra
Zack Thompson*,20,2018,Kentucky,SEC,2,1,0.667,4.94,9,7,,0,0,0,31,24,17,17,4,20,0,42,5,1,2,139,1.419,7,1.2,5.8,12.2,2.1,,player.fcgi?id=thomps009zac
Cole Ayers,19,2019,Kentucky,SEC,0,2,0,4.05,26,0,,0,0,0,20,26,24,9,1,16,1,19,2,1,5,105,2.1,11.7,0.5,7.2,8.6,1.19,,player.fcgi?id=ayers-000col
Tyler Burchett,--,2019,Kentucky,SEC,0,0,,9,5,0,,0,0,0,3,4,6,3,1,3,0,2,1,0,1,18,2.333,12,3,9,6,0.67,,player.fcgi?id=burche000tyl
Carson Coleman,21,2019,Kentucky,SEC,2,5,0.286,5.14,23,0,,0,0,5,28,24,20,16,3,15,1,36,5,0,1,126,1.393,7.7,1,4.8,11.6,2.4,,player.fcgi?id=colema000car
Braxton Cottongame*,19,2019,Kentucky,SEC,0,1,0,4.91,17,0,,0,0,0,18.1,20,17,10,0,15,0,15,1,0,2,87,1.909,9.8,0,7.4,7.4,1,,player.fcgi?id=cotton000bra
Cole Daniels*,19,2019,Kentucky,SEC,3,0,1,2.57,28,0,,0,0,0,14,9,6,4,0,14,1,21,3,0,4,68,1.643,5.8,0,9,13.5,1.5,,player.fcgi?id=daniel001col
Alex Degen,19,2019,Kentucky,SEC,1,0,1,5.6,16,1,,0,0,0,17.2,22,14,11,1,17,2,19,0,0,3,87,2.208,11.2,0.5,8.7,9.7,1.12,,player.fcgi?id=degen-000ale
Daniel Harper,20,2019,Kentucky,SEC,3,3,0.5,4.7,28,0,,0,0,1,46,43,28,24,5,16,1,42,2,0,6,198,1.283,8.4,1,3.1,8.2,2.63,,player.fcgi?id=harper000dan
Mason Hazelwood*,20,2019,Kentucky,SEC,2,3,0.4,3.92,13,9,,0,0,0,39,27,21,17,4,19,0,39,4,0,0,166,1.179,6.2,0.9,4.4,9,2.05,,player.fcgi?id=hazelw000mas
Ryan Johnson,22,2019,Kentucky,SEC,0,0,,12.46,10,0,,0,0,0,4.1,5,6,6,1,7,0,6,0,0,2,25,2.769,10.4,2.1,14.5,12.5,0.86,,player.fcgi?id=johnso009rya
Ben Jordan,21,2019,Kentucky,SEC,0,0,,7.27,10,0,,0,0,0,8.2,8,8,7,0,12,0,8,0,0,2,46,2.308,8.3,0,12.5,8.3,0.67,,player.fcgi?id=jordan000ben
Trip Lockhart,20,2019,Kentucky,SEC,1,1,0.5,4.55,19,1,,0,0,1,29.2,30,19,15,3,11,1,25,4,1,5,130,1.382,9.1,0.9,3.3,7.6,2.27,,player.fcgi?id=lockha000tri
Grant Macciocchi,23,2019,Kentucky,SEC,1,3,0.25,6.75,11,5,,0,0,0,34.2,43,35,26,5,8,0,30,9,1,3,167,1.471,11.2,1.3,2.1,7.8,3.75,,player.fcgi?id=maccio000gra
Dillon Marsh*,19,2019,Kentucky,SEC,3,3,0.5,6.43,14,14,,0,0,0,49,57,36,35,9,22,1,45,3,0,2,228,1.612,10.5,1.7,4,8.3,2.05,,player.fcgi?id=marsh-000dil
Brett Marshall,21,2019,Kentucky,SEC,0,0,,6.43,8,0,,0,0,0,7,9,5,5,0,2,0,7,1,0,3,33,1.571,11.6,0,2.6,9,3.5,,player.fcgi?id=marsha003bre
Jimmy Ramsey,20,2019,Kentucky,SEC,4,6,0.4,7.26,18,11,,0,0,1,57,76,54,46,12,21,2,68,4,2,5,274,1.702,12,1.9,3.3,10.7,3.24,,player.fcgi?id=ramsey000jim
Hunter Rigsby,19,2019,Kentucky,SEC,0,1,0,10.03,15,0,,0,0,0,11.2,15,16,13,3,9,1,14,1,0,2,61,2.057,11.6,2.3,6.9,10.8,1.56,,player.fcgi?id=rigsby000hun
Zack Thompson*,21,2019,Kentucky,SEC,6,1,0.857,2.4,14,14,,2,1,0,90,59,29,24,3,34,0,130,8,0,4,369,1.033,5.9,0.3,3.4,13,3.82,,player.fcgi?id=thomps009zac
Ron Cole,19,2020,Kentucky,SEC,0,0,,6.35,5,0,,0,0,0,5.2,6,6,4,0,4,0,5,1,1,2,27,1.765,9.5,0,6.4,7.9,1.25,,player.fcgi?id=cole--003ron
Carson Coleman,22,2020,Kentucky,SEC,0,0,,3.18,6,0,,0,0,0,5.2,4,2,2,0,1,0,13,1,0,0,23,0.882,6.4,0,1.6,20.6,13,,player.fcgi?id=colema000car
Braxton Cottongame*,20,2020,Kentucky,SEC,0,0,,7.94,2,1,,0,0,0,5.2,8,5,5,2,4,0,5,0,0,0,26,2.118,12.7,3.2,6.4,7.9,1.25,,player.fcgi?id=cotton000bra
Cole Daniels*,20,2020,Kentucky,SEC,2,0,1,1.8,7,0,,0,0,0,10,4,2,2,1,3,0,11,0,0,1,35,0.7,3.6,0.9,2.7,9.9,3.67,,player.fcgi?id=daniel001col
Alex Degen,20,2020,Kentucky,SEC,0,0,,2.51,5,1,,0,0,1,14.1,10,5,4,0,4,0,19,2,0,1,58,0.977,6.3,0,2.5,11.9,4.75,,player.fcgi?id=degen-000ale
Will Gambino,20,2020,Kentucky,SEC,0,0,,2.08,6,0,,0,0,1,4.1,1,1,1,0,5,0,4,1,0,0,20,1.385,2.1,0,10.4,8.3,0.8,,player.fcgi?id=gambin000wil
Daniel Harper,21,2020,Kentucky,SEC,1,0,1,5,6,0,,0,0,0,9,11,6,5,0,5,0,10,1,0,1,45,1.778,11,0,5,10,2,,player.fcgi?id=harper000dan
Mason Hazelwood*,21,2020,Kentucky,SEC,2,1,0.667,1.64,4,4,,0,0,0,22,13,8,4,1,7,0,27,1,2,2,88,0.909,5.3,0.4,2.9,11,3.86,,player.fcgi?id=hazelw000mas
Zack Lee,19,2020,Kentucky,SEC,1,1,0.5,9.35,6,1,,0,0,0,8.2,14,9,9,2,3,0,9,0,1,0,43,1.962,14.5,2.1,3.1,9.3,3,,player.fcgi?id=lee---004zac
Trip Lockhart,21,2020,Kentucky,SEC,0,0,,3,3,0,,0,0,0,3,5,1,1,0,1,0,0,0,0,1,15,2,15,0,3,0,0,,player.fcgi?id=lockha000tri
Dillon Marsh*,20,2020,Kentucky,SEC,2,1,0.667,6.27,4,4,,0,0,0,18.2,24,13,13,2,4,0,18,0,0,1,82,1.5,11.6,1,1.9,8.7,4.5,,player.fcgi?id=marsh-000dil
Jimmy Ramsey,21,2020,Kentucky,SEC,2,2,0.5,3.26,4,4,,0,0,0,19.1,19,9,7,0,12,0,20,2,0,2,91,1.603,8.8,0,5.6,9.3,1.67,,player.fcgi?id=ramsey000jim
Hunter Rigsby,20,2020,Kentucky,SEC,0,0,,3.48,6,0,,0,0,0,10.1,9,4,4,1,3,0,15,2,0,1,44,1.161,7.8,0.9,2.6,13.1,5,,player.fcgi?id=rigsby000hun
Cole Stupp,19,2020,Kentucky,SEC,1,1,0.5,7.63,6,2,,0,0,0,15.1,20,15,13,1,5,0,17,4,0,0,75,1.63,11.7,0.6,2.9,10,3.4,,player.fcgi?id=stupp-000col
Cole Daniels*,21,2021,Kentucky,SEC,1,3,0.25,6.11,18,0,,0,0,0,17.2,16,15,12,1,15,0,20,3,0,4,85,1.755,8.2,0.5,7.6,10.2,1.33,,player.fcgi?id=daniel001col
Alex Degen,21,2021,Kentucky,SEC,2,1,0.667,4.43,11,1,,0,0,0,20.1,23,11,10,2,7,2,21,4,0,0,97,1.475,10.2,0.9,3.1,9.3,3,,player.fcgi?id=degen-000ale
Ryan Hagenow,19,2021,Kentucky,SEC,2,2,0.5,3,9,7,,0,0,0,24,17,12,8,1,15,0,28,7,0,6,111,1.333,6.4,0.4,5.6,10.5,1.87,,player.fcgi?id=hageno000rya
Sean Harney,22,2021,Kentucky,SEC,3,2,0.6,3.69,18,6,,0,0,6,46.1,43,22,19,8,17,0,58,20,1,1,214,1.295,8.4,1.6,3.3,11.3,3.41,,player.fcgi?id=harney000sea
Daniel Harper,22,2021,Kentucky,SEC,4,1,0.8,4.35,23,0,,0,0,0,31,27,16,15,3,13,2,30,1,1,3,135,1.29,7.8,0.9,3.8,8.7,2.31,,player.fcgi?id=harper000dan
Mason Hazelwood*,22,2021,Kentucky,SEC,3,0,1,2.13,6,5,,0,0,0,25.1,21,7,6,1,9,0,32,0,1,0,103,1.184,7.5,0.4,3.2,11.4,3.56,,player.fcgi?id=hazelw000mas
Wyatt Hudepohl,19,2021,Kentucky,SEC,0,0,,5.23,16,1,,0,0,0,20.2,23,15,12,2,11,0,11,1,0,7,95,1.645,10,0.9,4.8,4.8,1,,player.fcgi?id=hudepo000wya
Holt Jones,22,2021,Kentucky,SEC,1,0,1,5.72,20,1,,0,0,1,28.1,28,19,18,4,10,0,26,6,0,5,126,1.341,8.9,1.3,3.2,8.3,2.6,,player.fcgi?id=jones-000hol
Zach Kammin,24,2021,Kentucky,SEC,1,1,0.5,11.08,8,2,,0,0,0,13,13,18,16,3,13,0,18,5,0,2,70,2,9,2.1,9,12.5,1.38,,player.fcgi?id=kammin000zac
Zack Lee,20,2021,Kentucky,SEC,4,6,0.4,5.31,13,13,,1,1,0,57.2,69,36,34,4,21,3,49,12,0,5,266,1.561,10.8,0.6,3.3,7.6,2.33,,player.fcgi?id=lee---004zac
Seth Logue,20,2021,Kentucky,SEC,1,0,1,6.43,12,0,,0,0,2,14,14,11,10,2,12,0,24,1,0,4,67,1.857,9,1.3,7.7,15.4,2,,player.fcgi?id=logue-000set
Dillon Marsh*,21,2021,Kentucky,SEC,0,1,0,4.34,14,2,,0,0,0,29,24,15,14,4,5,0,30,3,0,1,119,1,7.4,1.2,1.6,9.3,6,,player.fcgi?id=marsh-000dil
Jimmy Ramsey,22,2021,Kentucky,SEC,2,0,1,7.02,14,0,,0,0,0,16.2,21,18,13,3,8,0,14,4,1,4,85,1.74,11.3,1.6,4.3,7.6,1.75,,player.fcgi?id=ramsey000jim
Hunter Rigsby,21,2021,Kentucky,SEC,0,0,,10.13,9,0,,0,0,2,8,11,11,9,2,4,2,8,1,0,3,39,1.875,12.4,2.3,4.5,9,2,,player.fcgi?id=rigsby000hun
Austin Strickland,19,2021,Kentucky,SEC,1,1,0.5,4.24,16,1,,0,0,0,23.1,19,18,11,4,11,1,34,8,0,1,107,1.286,7.3,1.5,4.2,13.1,3.09,,player.fcgi?id=strick000aus
Cole Stupp,20,2021,Kentucky,SEC,4,5,0.444,4.76,13,13,,0,0,0,75.2,92,45,40,6,15,1,71,8,0,2,338,1.414,10.9,0.7,1.8,8.4,4.73,,player.fcgi?id=stupp-000col
Tyler Bosma*,22,2022,Kentucky,SEC,4,3,0.571,4.79,11,10,,0,0,0,41.1,44,28,22,1,19,2,43,6,0,6,191,1.524,9.6,0.2,4.1,9.4,2.26,,player.fcgi?id=bosma-000tyl
Evan Byers*,21,2022,Kentucky,SEC,0,0,,9.64,4,0,,0,0,0,4.2,7,5,5,2,3,0,2,1,0,0,23,2.143,13.5,3.9,5.8,3.9,0.67,,player.fcgi?id=byers-000eva
Reuben Church,20,2022,Kentucky,SEC,0,0,,inf,1,0,,0,0,0,0,1,1,1,0,1,0,0,0,0,0,2,,,,,,0,,player.fcgi?id=church000reu
Magdiel Cotto*,20,2022,Kentucky,SEC,3,1,0.75,6.06,15,9,,0,0,0,32.2,37,28,22,4,19,0,36,4,0,7,154,1.714,10.2,1.1,5.2,9.9,1.89,,player.fcgi?id=cotto-000mag
Colby Frieda,19,2022,Kentucky,SEC,0,0,,10.38,11,0,,0,0,0,8.2,13,10,10,0,7,0,10,0,0,2,46,2.308,13.5,0,7.3,10.4,1.43,,player.fcgi?id=frieda000col
Tyler Guilfoil,22,2022,Kentucky,SEC,3,1,0.75,1.59,21,0,,0,0,6,51,27,9,9,5,17,0,80,7,1,1,198,0.863,4.8,0.9,3,14.1,4.71,,player.fcgi?id=guilfo000tyl
Ryan Hagenow,20,2022,Kentucky,SEC,0,0,,5.76,14,3,,0,0,1,29.2,21,23,19,1,33,2,40,2,0,2,144,1.82,6.4,0.3,10,12.1,1.21,,player.fcgi?id=hageno000rya
Sean Harney,23,2022,Kentucky,SEC,5,4,0.556,2.62,16,5,,0,0,2,65.1,55,19,19,2,17,2,65,16,0,4,277,1.102,7.6,0.3,2.3,9,3.82,,player.fcgi?id=harney000sea
Daniel Harper,23,2022,Kentucky,SEC,4,1,0.8,2.72,26,0,,0,0,1,36.1,28,15,11,3,19,3,33,4,0,4,157,1.294,6.9,0.7,4.7,8.2,1.74,,player.fcgi?id=harper000dan
Mason Hazelwood*,23,2022,Kentucky,SEC,2,3,0.4,5.03,12,8,,0,0,0,34,29,20,19,3,16,2,35,5,0,2,150,1.324,7.7,0.8,4.2,9.3,2.19,,player.fcgi?id=hazelw000mas
Wyatt Hudepohl,20,2022,Kentucky,SEC,1,2,0.333,7.48,22,1,,0,0,0,27.2,30,24,23,6,20,1,31,1,0,3,134,1.807,9.8,2,6.5,10.1,1.55,,player.fcgi?id=hudepo000wya
Zack Lee,21,2022,Kentucky,SEC,2,1,0.667,6.11,16,5,,0,0,0,35.1,41,28,24,4,17,2,34,9,0,6,173,1.642,10.4,1,4.3,8.7,2,,player.fcgi?id=lee---004zac
Seth Logue,21,2022,Kentucky,SEC,1,4,0.2,8.21,14,8,,0,0,0,34,41,32,31,11,12,0,44,3,0,1,160,1.559,10.9,2.9,3.2,11.6,3.67,,player.fcgi?id=logue-000set
Mason Moore,20,2022,Kentucky,SEC,1,0,1,6.14,19,0,,0,0,0,22,27,20,15,3,9,2,19,7,1,3,106,1.636,11,1.2,3.7,7.8,2.11,,player.fcgi?id=moore-000mas
Jackson Nove*,19,2022,Kentucky,SEC,0,0,,8.25,15,0,,0,0,0,12,15,13,11,3,13,1,22,0,0,1,64,2.333,11.3,2.3,9.8,16.5,1.69,,player.fcgi?id=nove--000jac
Austin Strickland,20,2022,Kentucky,SEC,2,4,0.333,6.85,18,2,,0,0,0,23.2,30,21,18,1,11,1,32,4,0,4,116,1.732,11.4,0.4,4.2,12.2,2.91,,player.fcgi?id=strick000aus
Cole Stupp,21,2022,Kentucky,SEC,2,2,0.5,6.31,6,6,,0,0,0,25.2,41,22,18,2,11,0,36,5,0,4,132,2.026,14.4,0.7,3.9,12.6,3.27,,player.fcgi?id=stupp-000col
Darren Williams,24,2022,Kentucky,SEC,3,0,1,0.93,9,2,,0,0,1,29,25,9,3,0,10,1,31,2,0,3,124,1.207,7.8,0,3.1,9.6,3.1,,player.fcgi?id=willia003dar
Tyler Bosma*,23,2023,Kentucky,SEC,4,4,0.5,5.61,13,13,,0,0,0,51.1,55,33,32,7,22,0,35,3,0,1,231,1.5,9.6,1.2,3.9,6.1,1.59,,player.fcgi?id=bosma-000tyl
Evan Byers*,22,2023,Kentucky,SEC,1,0,1,1.65,24,0,,0,0,0,16.1,12,3,3,2,8,1,14,3,1,0,73,1.224,6.6,1.1,4.4,7.7,1.75,,player.fcgi?id=byers-000eva
Seth Chavez,23,2023,Kentucky,SEC,2,1,0.667,4.35,12,0,,0,0,1,10.1,10,5,5,3,5,1,15,0,0,2,45,1.452,8.7,2.6,4.4,13.1,3,,player.fcgi?id=chavez000set
Magdiel Cotto*,21,2023,Kentucky,SEC,1,0,1,6,16,0,,0,0,0,18,18,13,12,1,9,0,26,3,0,4,82,1.5,9,0.5,4.5,13,2.89,,player.fcgi?id=cotto-000mag
Colby Frieda,20,2023,Kentucky,SEC,0,0,,2.57,9,1,,0,0,0,7,5,2,2,0,7,0,9,0,0,0,30,1.714,6.4,0,9,11.6,1.29,,player.fcgi?id=frieda000col
Reed Gannon*,20,2023,Kentucky,SEC,0,0,,inf,1,0,,0,0,0,0,0,1,1,0,2,0,0,1,0,0,3,,,,,,0,,player.fcgi?id=gannon000ree
Ryder Giles,23,2023,Kentucky,SEC,1,1,0.5,3.93,25,0,,0,0,1,18.1,18,8,8,2,4,1,14,0,0,0,72,1.2,8.8,1,2,6.9,3.5,,player.fcgi?id=giles-000ryd
Ryan Hagenow,21,2023,Kentucky,SEC,3,1,0.75,3.91,20,0,,0,0,1,25.1,25,11,11,0,9,0,34,4,0,1,114,1.342,8.9,0,3.2,12.1,3.78,,player.fcgi?id=hageno000rya
Zach Hise,21,2023,Kentucky,SEC,1,1,0.5,7.11,10,1,,0,0,1,12.2,11,15,10,3,8,2,11,4,0,0,60,1.5,7.8,2.1,5.7,7.8,1.38,,player.fcgi?id=hise--000zac
Christian Howe,19,2023,Kentucky,SEC,1,0,1,5.63,7,0,,0,0,0,8,8,5,5,2,6,0,8,2,0,2,39,1.75,9,2.3,6.8,9,1.33,,player.fcgi?id=howe--001chr
Zack Lee,22,2023,Kentucky,SEC,5,4,0.556,4.29,16,15,,0,0,0,71.1,67,39,34,14,27,2,79,8,0,2,310,1.318,8.5,1.8,3.4,10,2.93,,player.fcgi?id=lee---004zac
Seth Logue,22,2023,Kentucky,SEC,1,0,1,6,13,1,,0,0,0,15,19,10,10,2,7,0,18,0,0,1,72,1.733,11.4,1.2,4.2,10.8,2.57,,player.fcgi?id=logue-000set
Logan Martin,21,2023,Kentucky,SEC,1,1,0.5,4.44,9,8,,0,0,0,26.1,20,13,13,5,17,0,30,3,0,0,116,1.405,6.8,1.7,5.8,10.3,1.76,,player.fcgi?id=martin000log
James McCoy,21,2023,Kentucky,SEC,0,0,,0,2,0,,0,0,0,2,2,0,0,0,0,0,2,0,0,0,8,1,9,0,0,9,,,player.fcgi?id=mccoy-005jam
Mason Moore,21,2023,Kentucky,SEC,4,1,0.8,1.8,22,0,,0,0,4,55,31,12,11,1,30,3,54,6,0,4,229,1.109,5.1,0.2,4.9,8.8,1.8,,player.fcgi?id=moore-000mas
Jackson Nove*,20,2023,Kentucky,SEC,3,0,1,4.43,18,0,,0,0,0,22.1,21,11,11,3,14,1,26,2,0,2,99,1.567,8.5,1.2,5.6,10.5,1.86,,player.fcgi?id=nove--000jac
Travis Smith,20,2023,Kentucky,SEC,4,3,0.571,4.84,13,13,,0,0,0,48.1,40,27,26,5,26,0,43,7,0,3,215,1.366,7.4,0.9,4.8,8,1.65,,player.fcgi?id=smith-023tra
Austin Strickland,21,2023,Kentucky,SEC,4,2,0.667,5.04,20,3,,0,0,1,55.1,48,32,31,7,20,1,58,9,0,5,239,1.229,7.8,1.1,3.3,9.4,2.9,,player.fcgi?id=strick000aus
Darren Williams,25,2023,Kentucky,SEC,4,2,0.667,4.26,17,6,,0,0,2,63.1,56,32,30,6,24,0,61,16,1,3,281,1.263,8,0.9,3.4,8.7,2.54,,player.fcgi?id=willia003dar
Carson Applegate,20,2024,Kentucky,SEC,0,0,,27,2,0,,0,0,0,1,2,3,3,0,1,0,1,1,0,0,7,3,18,0,9,9,1,,player.fcgi?id=appleg000car
Evan Byers*,23,2024,Kentucky,SEC,3,1,0.75,4.73,22,0,,0,0,0,26.2,29,16,14,4,13,3,23,4,0,1,122,1.575,9.8,1.4,4.4,7.8,1.77,,player.fcgi?id=byers-000eva
Ben Cleaver*,19,2024,Kentucky,SEC,2,0,1,4.26,6,0,,0,0,1,6.1,4,3,3,0,3,0,11,1,0,2,26,1.105,5.7,0,4.3,15.6,3.67,,player.fcgi?id=cleave000ben
Colby Frieda,21,2024,Kentucky,SEC,0,0,,7.71,12,0,,0,0,0,11.2,13,11,10,2,10,0,17,5,0,3,64,1.971,10,1.5,7.7,13.1,1.7,,player.fcgi?id=frieda000col
Ryan Hagenow,22,2024,Kentucky,SEC,2,0,1,2.41,14,0,,0,0,3,18.2,16,5,5,1,8,0,17,6,0,2,86,1.286,7.7,0.5,3.9,8.2,2.13,,player.fcgi?id=hageno000rya
Evan Hart*,19,2024,Kentucky,SEC,0,0,,0,2,0,,0,0,0,0.2,1,0,0,0,1,0,1,2,0,0,6,3,13.5,0,13.5,13.5,1,,player.fcgi?id=hart--002eva
Zach Hise,22,2024,Kentucky,SEC,0,0,,12.46,6,0,,0,0,0,4.1,4,7,6,0,3,0,3,4,0,1,25,1.615,8.3,0,6.2,6.2,1,,player.fcgi?id=hise--000zac
Robert Hogan,22,2024,Kentucky,SEC,1,0,1,3.1,24,0,,0,0,1,40.2,25,17,14,6,21,2,42,5,0,4,170,1.131,5.5,1.3,4.6,9.3,2,,player.fcgi?id=hogan-000rob
Johnny Hummel,24,2024,Kentucky,SEC,4,0,1,3.48,24,0,,0,0,7,31,17,12,12,9,11,0,41,1,0,8,122,0.903,4.9,2.6,3.2,11.9,3.73,,player.fcgi?id=hummel003joh
Drew Lafferty,20,2024,Kentucky,SEC,1,1,0.5,6.86,8,8,,0,0,0,21,23,16,16,2,9,0,17,2,0,0,96,1.524,9.9,0.9,3.9,7.3,1.89,,player.fcgi?id=laffer000dre
James McCoy,22,2024,Kentucky,SEC,0,0,,0,6,0,,0,0,1,4,4,1,0,0,1,0,4,1,0,0,18,1.25,9,0,2.3,9,4,,player.fcgi?id=mccoy-005jam
Mason Moore,22,2024,Kentucky,SEC,9,4,0.692,5.05,18,18,,0,0,0,92.2,79,57,52,9,54,4,83,13,1,4,413,1.435,7.7,0.9,5.2,8.1,1.54,,player.fcgi?id=moore-000mas
Dominic Niman*,23,2024,Kentucky,SEC,8,5,0.615,6.85,17,16,,1,1,0,71,82,59,54,9,25,2,67,13,0,3,333,1.507,10.4,1.1,3.2,8.5,2.68,,player.fcgi?id=niman-000dom
Jackson Nove*,21,2024,Kentucky,SEC,1,0,1,6.16,28,0,,0,0,2,30.2,25,21,21,2,23,1,42,7,1,3,147,1.565,7.3,0.6,6.8,12.3,1.83,,player.fcgi?id=nove--000jac
Cam O'Brien,23,2024,Kentucky,SEC,3,0,1,4.54,36,0,,0,0,0,35.2,29,20,18,6,14,1,50,4,0,7,150,1.206,7.3,1.5,3.5,12.6,3.57,,player.fcgi?id=obrien001cam
Trey Pooser,22,2024,Kentucky,SEC,7,1,0.875,3.5,19,13,,0,0,2,90,70,37,35,10,35,0,82,9,0,8,379,1.167,7,1,3.5,8.2,2.34,,player.fcgi?id=pooser000tre
Cooper Robinson,21,2024,Kentucky,SEC,2,0,1,7.24,13,1,,0,0,0,13.2,18,12,11,3,11,0,19,3,0,2,71,2.122,11.9,2,7.2,12.5,1.73,,player.fcgi?id=robins001coo
Hayden Smith*,20,2024,Kentucky,SEC,0,0,,5.4,4,0,,0,0,0,3.1,4,4,2,0,2,0,0,0,0,0,17,1.8,10.8,0,5.4,0,0,,player.fcgi?id=smith-012hay
Travis Smith,21,2024,Kentucky,SEC,3,4,0.429,6.21,13,6,,0,0,0,37.2,39,28,26,6,22,1,33,5,0,3,176,1.619,9.3,1.4,5.3,7.9,1.5,,player.fcgi?id=smith-023tra
Jake Titus,19,2024,Kentucky,SEC,0,0,,20.25,3,0,,0,0,0,2.2,6,7,6,1,1,0,2,1,0,0,16,2.625,20.3,3.4,3.4,6.8,2,,player.fcgi?id=titus-000jak
Nile Adcock,21,2025,Kentucky,SEC,1,2,0.333,7.13,22,0,,0,0,0,17.2,27,15,14,2,6,0,24,6,0,4,91,1.868,13.8,1,3.1,12.2,4,,player.fcgi?id=adcock000nil
Evan Byers*,24,2025,Kentucky,SEC,2,1,0.667,5.4,28,0,,0,0,0,16.2,18,10,10,1,6,1,16,3,0,2,71,1.44,9.7,0.5,3.2,8.6,2.67,,player.fcgi?id=byers-000eva
Ben Cleaver*,20,2025,Kentucky,SEC,6,3,0.667,3.25,15,15,,0,0,0,83,54,35,30,5,30,2,92,10,1,3,337,1.012,5.9,0.5,3.3,10,3.07,,player.fcgi?id=cleave000ben
Bradley Ferrell,19,2025,Kentucky,SEC,0,0,,9,1,0,,0,0,0,1,2,1,1,0,0,0,0,0,0,0,5,2,18,0,0,0,,,player.fcgi?id=ferrel000bra
Simon Gregersen,22,2025,Kentucky,SEC,0,6,0,4.64,21,0,,0,0,2,33,26,24,17,3,23,1,27,4,0,0,148,1.485,7.1,0.8,6.3,7.4,1.17,,player.fcgi?id=greger000sim
Logan Grubb*,19,2025,Kentucky,SEC,0,0,,0,2,0,,0,0,0,1.1,1,0,0,0,2,0,3,0,0,0,7,2.25,6.8,0,13.5,20.3,1.5,,player.fcgi?id=grubb-000log
Leighton Harris*,19,2025,Kentucky,SEC,1,1,0.5,3.65,10,1,,0,0,0,12.1,17,5,5,0,7,0,12,2,0,1,61,1.946,12.4,0,5.1,8.8,1.71,,player.fcgi?id=harris000lei
Nate Harris,19,2025,Kentucky,SEC,5,2,0.714,4.25,13,13,,0,0,0,59.1,54,32,28,6,26,0,45,4,0,7,261,1.348,8.2,0.9,3.9,6.8,1.73,,player.fcgi?id=harris010nat
Cole Hentschel*,23,2025,Kentucky,SEC,2,3,0.4,2.84,15,0,,0,0,0,12.2,7,4,4,2,6,0,11,1,0,2,51,1.026,5,1.4,4.3,7.8,1.83,,player.fcgi?id=hentsc000col
Robert Hogan,23,2025,Kentucky,SEC,0,0,,9.82,9,0,,0,0,0,7.1,10,8,8,3,8,0,6,2,0,5,43,2.455,12.3,3.7,9.8,7.4,0.75,,player.fcgi?id=hogan-000rob
Tristan Hunter,19,2025,Kentucky,SEC,0,0,,4.76,9,0,,0,0,0,5.2,4,3,3,1,8,0,11,0,0,0,29,2.118,6.4,1.6,12.7,17.5,1.38,,player.fcgi?id=hunter000tri
Nic McCay,24,2025,Kentucky,SEC,5,0,1,4.5,15,15,,0,0,0,72,53,42,36,12,41,0,71,9,0,1,316,1.306,6.6,1.5,5.1,8.9,1.73,,player.fcgi?id=mccay-000nic
James McCoy,23,2025,Kentucky,SEC,1,2,0.333,2.45,13,0,,0,0,3,14.2,15,4,4,2,3,0,7,0,0,1,59,1.227,9.2,1.2,1.8,4.3,2.33,,player.fcgi?id=mccoy-005jam
Jackson Nove*,22,2025,Kentucky,SEC,1,2,0.333,4.26,22,0,,0,0,0,38,34,21,18,2,18,0,54,6,1,3,171,1.368,8.1,0.5,4.3,12.8,3,,player.fcgi?id=nove--000jac
Scott Rouse,23,2025,Kentucky,SEC,4,2,0.667,6.15,15,4,,0,0,1,45.1,50,34,31,4,15,0,48,5,0,3,205,1.434,9.9,0.8,3,9.5,3.2,,player.fcgi?id=rouse-000sco
Tommy Skelding,20,2025,Kentucky,SEC,1,0,1,7.32,16,0,,0,0,1,19.2,22,18,16,2,9,0,17,2,0,0,92,1.576,10.1,0.9,4.1,7.8,1.89,,player.fcgi?id=skeldi000tom
Hayden Smith*,21,2025,Kentucky,SEC,0,0,,3.48,14,0,,0,0,0,10.1,9,4,4,0,5,0,15,0,0,0,44,1.355,7.8,0,4.4,13.1,3,,player.fcgi?id=smith-012hay
Zak Spurrier,19,2025,Kentucky,SEC,0,0,,10.13,4,0,,0,0,0,2.2,6,3,3,1,1,0,4,0,0,0,14,2.625,20.3,3.4,3.4,13.5,4,,player.fcgi?id=spurri000zak
Ethan Walker*,21,2025,Kentucky,SEC,2,1,0.667,4.08,14,9,,0,0,1,46.1,45,23,21,5,16,1,49,6,0,1,204,1.317,8.7,1,3.1,9.5,3.06,,player.fcgi?id=walker002eth
Nile Adcock,22,2026,Kentucky,SEC,5,1,0.833,4.75,24,0,,0,0,2,36,34,20,19,3,19,1,50,4,0,11,165,1.472,8.5,0.8,4.8,12.5,2.63,,player.fcgi?id=adcock000nil
Chase Alderman,22,2026,Kentucky,SEC,0,0,,5.49,11,3,,0,0,0,19.2,23,15,12,3,9,0,13,6,0,2,93,1.627,10.5,1.4,4.1,5.9,1.44,,player.fcgi?id=alderm000cha
Ira Austin,22,2026,Kentucky,SEC,0,1,0,7.63,25,0,,0,0,0,15.1,16,13,13,2,7,0,20,8,0,4,78,1.5,9.4,1.2,4.1,11.7,2.86,,player.fcgi?id=austin000ira
Jack Bennett,21,2026,Kentucky,SEC,2,4,0.333,5.87,20,1,,0,0,7,38.1,40,26,25,7,17,1,38,7,0,0,178,1.487,9.4,1.6,4,8.9,2.24,,player.fcgi?id=bennet008jac
Oliver Boone,21,2026,Kentucky,SEC,2,1,0.667,6.35,10,1,,0,0,0,11.1,15,10,8,3,9,0,14,2,1,1,59,2.118,11.9,2.4,7.1,11.1,1.56,,player.fcgi?id=boone-000oli
Burkley Bounds,--,2026,Kentucky,SEC,2,1,0.667,8.84,17,0,,0,0,1,19.1,22,20,19,2,12,1,27,3,0,3,92,1.759,10.2,0.9,5.6,12.6,2.25,,player.fcgi?id=bounds000bur
Ben Cleaver*,21,2026,Kentucky,SEC,2,3,0.4,4.4,14,14,,0,0,0,45,43,28,22,5,28,0,44,11,0,1,219,1.578,8.6,1,5.6,8.8,1.57,,player.fcgi?id=cleave000ben
Will Coleman*,--,2026,Kentucky,SEC,0,0,,3.72,6,3,,0,0,0,9.2,6,4,4,0,9,0,10,6,0,5,52,1.552,5.6,0,8.4,9.3,1.11,,player.fcgi?id=colema010wil
Leighton Harris*,20,2026,Kentucky,SEC,0,1,0,9,20,0,,0,0,1,15,18,17,15,2,13,0,8,2,0,3,73,2.067,10.8,1.2,7.8,4.8,0.62,,player.fcgi?id=harris000lei
Nate Harris,20,2026,Kentucky,SEC,4,2,0.667,6.07,12,12,,0,0,0,46,42,32,31,4,24,0,43,7,1,4,207,1.435,8.2,0.8,4.7,8.4,1.79,,player.fcgi?id=harris010nat
Tristan Hunter,20,2026,Kentucky,SEC,0,1,0,6.88,17,0,,0,0,0,17,13,13,13,1,16,0,27,3,0,9,85,1.706,6.9,0.5,8.5,14.3,1.69,,player.fcgi?id=hunter000tri
Jaxon Jelkin,23,2026,Kentucky,SEC,8,3,0.727,4.08,17,15,,2,0,1,97,90,53,44,15,21,0,106,8,0,5,403,1.144,8.4,1.4,1.9,9.8,5.05,,player.fcgi?id=jelkin000jax
Connor Mattison,21,2026,Kentucky,SEC,2,2,0.5,8.1,14,6,,0,0,0,36.2,43,33,33,8,13,0,37,10,0,4,172,1.527,10.6,2,3.2,9.1,2.85,,player.fcgi?id=mattis001con
Ryan Mullan,22,2026,Kentucky,SEC,2,0,1,3.94,23,0,,0,0,0,16,11,10,7,3,11,0,18,4,0,6,72,1.375,6.2,1.7,6.2,10.1,1.64,,player.fcgi?id=mullan000rya
Cameron Owens,21,2026,Kentucky,SEC,0,0,,13.5,1,0,,0,0,0,0.2,2,1,1,0,1,0,1,0,0,0,5,4.5,27,0,13.5,13.5,1,,player.fcgi?id=owens-000cam
Toby Peterson*,--,2026,Kentucky,SEC,0,1,0,21.6,6,0,,0,0,0,1.2,2,4,4,0,4,0,2,2,0,0,13,3.6,10.8,0,21.6,10.8,0.5,,player.fcgi?id=peters000tob
Jack Sams,--,2026,Kentucky,SEC,2,0,1,2.16,10,0,,0,0,0,16.2,13,5,4,0,8,0,20,2,1,1,74,1.26,7,0,4.3,10.8,2.5,,player.fcgi?id=sams--001jac
Ryan Schwartz,21,2026,Kentucky,SEC,0,0,,0,1,0,,0,0,0,0.1,0,0,0,0,0,0,1,0,0,0,1,0,0,0,0,27,,,player.fcgi?id=schwar005rya
Tommy Skelding,21,2026,Kentucky,SEC,2,0,1,5.95,11,0,,0,0,0,19.2,24,15,13,1,16,1,7,4,1,2,103,2.034,11,0.5,7.3,3.2,0.44,,player.fcgi?id=skeldi000tom
Jackson Soucie*,22,2026,Kentucky,SEC,0,2,0,3.48,24,1,,0,0,2,20.2,19,12,8,0,13,1,20,4,1,3,98,1.548,8.3,0,5.7,8.7,1.54,,player.fcgi?id=soucie000jac
Bryson Treichel,--,2026,Kentucky,SEC,0,0,,6,3,0,,0,0,0,3,4,2,2,0,1,0,2,2,0,0,15,1.667,12,0,3,6,2,,player.fcgi?id=treich000bry
Jaden Barfield*,20,2026,Oklahoma,SEC,0,0,,9,14,1,,0,0,0,9,11,9,9,3,7,0,9,4,0,1,49,2,11,3,7,9,1.29,,player.fcgi?id=barfie000jad
Mason Bixby,21,2026,Oklahoma,SEC,2,0,1,6.5,18,0,,0,0,0,18,15,13,13,2,15,0,26,2,1,2,83,1.667,7.5,1,7.5,13,1.73,,player.fcgi?id=bixby-000mas
Jason Bodin,21,2026,Oklahoma,SEC,5,1,0.833,5.25,26,0,,0,0,0,36,26,25,21,4,26,0,41,10,1,5,168,1.444,6.5,1,6.5,10.3,1.58,,player.fcgi?id=bodin-000jas
Michael Catalano,21,2026,Oklahoma,SEC,3,4,0.429,7.02,11,8,,0,0,0,33.1,33,26,26,10,15,0,37,2,0,0,145,1.44,8.9,2.7,4.1,10,2.47,,player.fcgi?id=catala000mic
Jackson Cleveland,23,2026,Oklahoma,SEC,3,2,0.6,5.31,26,0,,0,0,9,40.2,42,28,24,3,16,1,42,7,0,4,185,1.426,9.3,0.7,3.5,9.3,2.63,,player.fcgi?id=clevel000jac
Trent Collier*,20,2026,Oklahoma,SEC,1,1,0.5,3.8,18,1,,0,0,0,23.2,23,16,10,3,11,0,28,0,0,1,104,1.437,8.7,1.1,4.2,10.6,2.55,,player.fcgi?id=collie000tre
Reid Hensley,23,2026,Oklahoma,SEC,1,0,1,5.11,13,0,,0,0,0,12.1,16,7,7,1,12,0,11,2,0,1,64,2.27,11.7,0.7,8.8,8,0.92,,player.fcgi?id=hensle001rei
Cameron Johnson*,21,2026,Oklahoma,SEC,6,1,0.857,4.36,15,15,,0,0,0,53.2,40,32,26,4,43,0,72,10,0,4,250,1.547,6.7,0.7,7.2,12.1,1.67,,player.fcgi?id=johnso015cam
Gavyn Jones*,21,2026,Oklahoma,SEC,1,0,1,4.73,22,2,,0,0,0,26.2,24,17,14,3,17,1,28,4,0,5,123,1.538,8.1,1,5.7,9.5,1.65,,player.fcgi?id=jones-005gav
Kadyn Leon,20,2026,Oklahoma,SEC,1,0,1,3.76,21,2,,0,0,2,26.1,15,11,11,1,18,0,28,6,0,4,113,1.253,5.1,0.3,6.2,9.6,1.56,,player.fcgi?id=leon--000kad
LJ Mercurius,21,2026,Oklahoma,SEC,7,7,0.5,4.43,22,12,,1,0,4,83.1,75,46,41,14,27,0,103,10,1,3,359,1.224,8.1,1.5,2.9,11.1,3.81,,player.fcgi?id=mercur000lj-
Xander Mercurius,19,2026,Oklahoma,SEC,1,3,0.25,5.76,20,5,,0,0,1,54.2,53,37,35,13,25,1,64,7,1,1,243,1.427,8.7,2.1,4.1,10.5,2.56,,player.fcgi?id=mercur000xan
Cord Rager*,19,2026,Oklahoma,SEC,7,3,0.7,4.74,16,16,,0,0,0,76,58,40,40,16,21,0,94,11,0,3,309,1.039,6.9,1.9,2.5,11.1,4.48,,player.fcgi?id=rager-000cor
Drew Rerick,20,2026,Oklahoma,SEC,0,0,,3.86,4,1,,0,0,0,2.1,1,2,1,0,5,0,3,0,0,3,13,2.571,3.9,0,19.3,11.6,0.6,,player.fcgi?id=rerick000dre
Brisco Smith,20,2026,Oklahoma,SEC,0,0,,9,2,0,,0,0,0,1,5,2,1,1,0,0,0,0,0,1,8,5,45,9,0,0,,,player.fcgi?id=smith-022bri
Nate Smithburg*,22,2026,Oklahoma,SEC,2,0,1,3.79,19,0,,0,0,0,19,16,8,8,3,5,0,18,4,0,0,79,1.105,7.6,1.4,2.4,8.5,3.6,,player.fcgi?id=smithb000nat
Nolan Stevens*,21,2026,Oklahoma,SEC,0,0,,0,1,0,,0,0,0,0.2,0,0,0,0,0,0,2,0,0,0,2,0,0,0,0,27,,,player.fcgi?id=steven001nol
Nick Wesloski,19,2026,Oklahoma,SEC,2,1,0.667,3.65,15,3,,0,0,0,37,29,21,15,6,14,0,36,2,0,0,153,1.162,7.1,1.5,3.4,8.8,2.57,,player.fcgi?id=weslos000nic
Isaac Williams,22,2026,Oklahoma,SEC,1,0,1,5.14,13,0,,0,0,0,14,13,10,8,4,8,0,18,0,0,1,62,1.5,8.4,2.6,5.1,11.6,2.25,,player.fcgi?id=willia004isa
Jaden Barfield*,19,2025,Oklahoma,SEC,1,0,1,3.57,18,3,,0,0,0,22.2,23,10,9,1,10,0,21,3,1,2,104,1.456,9.1,0.4,4,8.3,2.1,,player.fcgi?id=barfie000jad
Jason Bodin,20,2025,Oklahoma,SEC,2,1,0.667,5.93,31,0,,0,0,0,41,48,32,27,4,13,0,39,9,0,4,187,1.488,10.5,0.9,2.9,8.6,3,,player.fcgi?id=bodin-000jas
Brandon Cain,20,2025,Oklahoma,SEC,0,0,,81,1,0,,0,0,0,0.1,4,3,3,1,1,0,1,0,0,0,6,15,108,27,27,27,1,,player.fcgi?id=cain--002bra
Michael Catalano,20,2025,Oklahoma,SEC,2,1,0.667,4,22,0,,0,0,0,27,22,13,12,2,9,0,35,1,0,1,108,1.148,7.3,0.7,3,11.7,3.89,,player.fcgi?id=catala000mic
Dylan Crooks,22,2025,Oklahoma,SEC,2,1,0.667,1.69,26,0,,0,0,16,32,23,7,6,1,10,0,33,4,0,3,133,1.031,6.5,0.3,2.8,9.3,3.3,,player.fcgi?id=crooks000dyl
Cade Crossland*,21,2025,Oklahoma,SEC,5,5,0.5,6.32,16,13,,0,0,0,68.1,68,56,48,9,33,2,84,12,0,8,316,1.478,9,1.2,4.3,11.1,2.55,,player.fcgi?id=crossl000cad
Jacob Gholston,20,2025,Oklahoma,SEC,1,0,1,10.13,3,2,,0,0,0,5.1,9,7,6,0,6,0,4,2,0,7,31,2.813,15.2,0,10.1,6.8,0.67,,player.fcgi?id=gholst000jac
Reid Hensley,22,2025,Oklahoma,SEC,4,2,0.667,2.94,23,2,,0,0,1,33.2,25,15,11,3,15,2,37,0,0,2,139,1.188,6.7,0.8,4,9.9,2.47,,player.fcgi?id=hensle001rei
Jamie Hitt*,22,2025,Oklahoma,SEC,3,0,1,3.82,28,0,,0,0,0,35.1,34,17,15,2,12,0,35,5,0,2,153,1.302,8.7,0.5,3.1,8.9,2.92,,player.fcgi?id=hitt--003jam
Cameron Johnson*,20,2025,Oklahoma,SEC,2,0,1,5.57,10,7,,0,0,0,21,18,14,13,0,25,0,24,7,0,1,109,2.048,7.7,0,10.7,10.3,0.96,,player.fcgi?id=johnso015cam
Gavyn Jones*,20,2025,Oklahoma,SEC,1,0,1,6.37,22,1,,0,0,0,29.2,33,22,21,3,7,0,28,7,0,3,132,1.348,10,0.9,2.1,8.5,4,,player.fcgi?id=jones-005gav
Jackson Kircher,19,2025,Oklahoma,SEC,0,0,,5.68,13,0,,0,0,0,12.2,13,11,8,5,5,0,17,3,0,2,61,1.421,9.2,3.6,3.6,12.1,3.4,,player.fcgi?id=kirche000jac
Beau Sampson*,21,2025,Oklahoma,SEC,1,0,1,5.06,13,0,,0,0,0,10.2,10,6,6,1,11,0,10,0,0,3,50,1.969,8.4,0.8,9.3,8.4,0.91,,player.fcgi?id=sampso000bea
Dylan Tate,21,2025,Oklahoma,SEC,0,0,,1.8,2,0,,0,0,0,5,4,1,1,0,1,0,6,1,0,0,20,1,7.2,0,1.8,10.8,6,,player.fcgi?id=tate--001dyl
Landon Victorian,19,2025,Oklahoma,SEC,0,0,,0,1,1,,0,0,0,2,3,0,0,0,1,0,1,0,0,0,9,2,13.5,0,4.5,4.5,1,,player.fcgi?id=victor000lan
Kyson Witherspoon,20,2025,Oklahoma,SEC,10,4,0.714,2.65,16,16,,1,1,0,95,73,39,28,9,23,0,124,10,0,5,390,1.011,6.9,0.9,2.2,11.7,5.39,,player.fcgi?id=wither000kys
Malachi Witherspoon,20,2025,Oklahoma,SEC,4,8,0.333,5.09,15,15,,0,0,0,74.1,78,55,42,13,32,0,91,17,0,7,353,1.48,9.4,1.6,3.9,11,2.84,,player.fcgi?id=wither000mal
Tye Briscoe*,19,2026,Arkansas,SEC,0,0,,0,2,0,,0,0,0,1,0,0,0,0,1,0,3,0,0,0,4,1,0,0,9,27,3,,player.fcgi?id=brisco000tye
Mark Brissey,19,2026,Arkansas,SEC,0,0,,8.27,14,1,,0,0,1,16.1,15,16,15,3,12,0,22,3,0,1,78,1.653,8.3,1.7,6.6,12.1,1.83,,player.fcgi?id=brisse000mar
Carson Brumbaugh,19,2026,Arkansas,SEC,0,0,,5.4,2,0,,0,0,0,1.2,1,1,1,0,1,0,1,1,0,2,7,1.2,5.4,0,5.4,5.4,1,,player.fcgi?id=brumba000car
Parker Coil*,22,2026,Arkansas,SEC,3,0,1,3.99,27,1,,0,0,2,47.1,48,29,21,9,10,3,58,4,1,0,210,1.225,9.1,1.7,1.9,11,5.8,,player.fcgi?id=coil--000par
Luke Cornelison,19,2026,Arkansas,SEC,0,0,,4.5,4,0,,0,0,0,6,7,4,3,2,2,0,6,0,0,1,27,1.5,10.5,3,3,9,3,,player.fcgi?id=cornel001luk
James DeCremer,21,2026,Arkansas,SEC,0,1,0,4.66,14,3,,0,0,1,19.1,24,11,10,1,10,2,17,3,1,3,92,1.759,11.2,0.5,4.7,7.9,1.7,,player.fcgi?id=decrem000jam
Hunter Dietz*,21,2026,Arkansas,SEC,7,4,0.636,3.57,16,16,,1,0,0,85.2,71,40,34,10,31,0,131,7,0,9,362,1.191,7.5,1.1,3.3,13.8,4.23,,player.fcgi?id=dietz-000hun
Cooper Dossett,22,2026,Arkansas,SEC,0,0,,6.88,16,1,,0,0,1,17,12,13,13,4,12,0,18,0,1,0,72,1.412,6.4,2.1,6.4,9.5,1.5,,player.fcgi?id=dosset000coo
Steele Eaves,20,2026,Arkansas,SEC,7,1,0.875,3.92,28,1,,0,0,1,43.2,42,22,19,8,10,0,39,6,2,1,189,1.191,8.7,1.6,2.1,8,3.9,,player.fcgi?id=eaves-000ste
Colin Fisher*,21,2026,Arkansas,SEC,4,7,0.364,5.59,18,10,,1,1,0,56.1,58,41,35,8,17,0,58,9,0,6,249,1.331,9.3,1.3,2.7,9.3,3.41,,player.fcgi?id=fisher003col
Gabe Gaeckle,21,2026,Arkansas,SEC,6,3,0.667,4.14,20,12,,0,0,0,71.2,80,39,33,13,35,2,87,4,0,5,333,1.605,10,1.6,4.4,10.9,2.49,,player.fcgi?id=gaeckl000gab
Cole Gibler*,20,2026,Arkansas,SEC,5,3,0.625,5.46,19,5,,0,0,1,59.1,56,39,36,12,25,0,59,4,0,6,260,1.365,8.5,1.8,3.8,8.9,2.36,,player.fcgi?id=gibler000col
Jackson Kircher,20,2026,Arkansas,SEC,1,0,1,9.28,12,0,,0,0,0,10.2,12,12,11,1,11,0,17,3,0,2,57,2.156,10.1,0.8,9.3,14.3,1.55,,player.fcgi?id=kirche000jac
Peyton Lee,19,2026,Arkansas,SEC,1,2,0.333,9.19,7,4,,0,0,0,15.2,21,17,16,5,6,0,16,4,0,1,76,1.723,12.1,2.9,3.4,9.2,2.67,,player.fcgi?id=lee---004pey
Joey Lorenzini*,19,2026,Arkansas,SEC,0,0,,45,2,0,,0,0,0,1,5,5,5,2,1,0,0,1,1,0,10,6,45,18,9,0,0,,player.fcgi?id=lorenz001joe
Jordan Martin,19,2026,Arkansas,SEC,0,0,,0,3,0,,0,0,0,3,4,0,0,0,2,0,3,0,0,0,14,2,12,0,6,9,1.5,,player.fcgi?id=martin038jor
Ethan McElvain*,21,2026,Arkansas,SEC,6,0,1,1.88,20,1,,0,0,6,38.1,26,8,8,2,13,0,55,3,0,1,160,1.017,6.1,0.5,3.1,12.9,4.23,,player.fcgi?id=mcelva000eth
Tate McGuire,21,2026,Arkansas,SEC,1,1,0.5,4.78,21,8,,0,0,0,49,50,28,26,10,14,0,41,1,0,1,206,1.306,9.2,1.8,2.6,7.5,2.93,,player.fcgi?id=mcguir000tat
Landon Beidelschies*,21,2025,Arkansas,SEC,4,0,1,4.82,16,13,,0,0,0,61.2,59,34,33,14,20,1,70,8,0,4,263,1.281,8.6,2,2.9,10.2,3.5,,player.fcgi?id=beidel000lan
Ben Bybee,21,2025,Arkansas,SEC,3,0,1,4.38,18,3,,0,0,0,37,38,20,18,6,15,0,42,1,1,0,162,1.432,9.2,1.5,3.6,10.2,2.8,,player.fcgi?id=bybee-000ben
Dylan Carter,23,2025,Arkansas,SEC,6,0,1,2.18,22,0,,0,0,0,33,23,8,8,3,12,0,36,5,0,8,133,1.061,6.3,0.8,3.3,9.8,3,,player.fcgi?id=carter002dyl
Parker Coil*,21,2025,Arkansas,SEC,3,0,1,1.27,14,0,,0,0,1,21.1,22,5,3,2,2,0,24,1,0,0,89,1.125,9.3,0.8,0.8,10.1,12,,player.fcgi?id=coil--000par
Hunter Dietz*,20,2025,Arkansas,SEC,0,0,,54,2,0,,0,0,0,0.2,4,4,4,1,0,0,2,0,0,1,7,6,54,13.5,0,27,,,player.fcgi?id=dietz-000hun
Steele Eaves,19,2025,Arkansas,SEC,1,0,1,1.86,8,0,,0,0,0,9.2,9,2,2,0,2,0,10,2,0,1,42,1.138,8.4,0,1.9,9.3,5,,player.fcgi?id=eaves-000ste
Colin Fisher*,20,2025,Arkansas,SEC,3,0,1,4.62,16,5,,0,0,0,25.1,20,13,13,2,12,0,31,2,0,4,108,1.263,7.1,0.7,4.3,11,2.58,,player.fcgi?id=fisher003col
Christian Foutch,21,2025,Arkansas,SEC,1,0,1,4.09,21,0,,0,0,4,22,14,11,10,3,10,0,31,8,0,2,96,1.091,5.7,1.2,4.1,12.7,3.1,,player.fcgi?id=foutch000chr
Gabe Gaeckle,20,2025,Arkansas,SEC,4,2,0.667,4.42,19,9,,0,0,2,71.1,63,37,35,7,31,1,92,5,0,8,308,1.318,7.9,0.9,3.9,11.6,2.97,,player.fcgi?id=gaeckl000gab
Cole Gibler*,19,2025,Arkansas,SEC,3,2,0.6,3.99,20,0,,0,0,1,29.1,25,13,13,3,12,0,57,3,0,5,128,1.261,7.7,0.9,3.7,17.5,4.75,,player.fcgi?id=gibler000col
Aiden Jimenez,21,2025,Arkansas,SEC,4,1,0.8,3.4,22,2,,0,0,1,42.1,41,16,16,2,13,1,40,2,0,1,175,1.276,8.7,0.4,2.8,8.5,3.08,,player.fcgi?id=jimene000aid
Will McEntire,24,2025,Arkansas,SEC,1,0,1,2.84,17,0,,0,0,2,25.1,16,11,8,4,4,0,29,1,0,2,98,0.789,5.7,1.4,1.4,10.3,7.25,,player.fcgi?id=mcenti002wil
Tate McGuire,20,2025,Arkansas,SEC,3,2,0.6,4.55,14,4,,0,0,1,27.2,23,14,14,4,9,0,24,3,0,2,115,1.157,7.5,1.3,2.9,7.8,2.67,,player.fcgi?id=mcguir000tat
Zach Root*,21,2025,Arkansas,SEC,9,6,0.6,3.62,19,19,,1,0,0,99.1,82,47,40,7,35,0,126,9,2,6,420,1.178,7.4,0.6,3.2,11.4,3.6,,player.fcgi?id=root--000zac
Carson Wiggins,20,2025,Arkansas,SEC,1,1,0.5,3.21,14,0,,0,0,3,14,7,6,5,0,9,2,20,1,0,6,59,1.143,4.5,0,5.8,12.9,2.22,,player.fcgi?id=wiggin003car
Gage Wood,21,2025,Arkansas,SEC,4,1,0.8,3.82,10,10,,1,1,0,37.2,27,17,16,5,7,0,69,3,0,2,150,0.903,6.5,1.2,1.7,16.5,9.86,,player.fcgi?id=wood--000gag
Ben Bybee,20,2024,Arkansas,SEC,2,1,0.667,5.83,11,7,,0,0,0,29.1,30,21,19,5,12,1,36,1,0,1,129,1.432,9.2,1.5,3.7,11,3,,player.fcgi?id=bybee-000ben
Dylan Carter,22,2024,Arkansas,SEC,1,0,1,8.18,8,0,,0,0,0,11,12,10,10,3,6,0,6,1,0,1,51,1.636,9.8,2.5,4.9,4.9,1,,player.fcgi?id=carter002dyl
Parker Coil*,20,2024,Arkansas,SEC,0,0,,7.23,16,0,,0,0,0,18.2,25,16,15,3,6,1,23,3,0,0,89,1.661,12.1,1.4,2.9,11.1,3.83,,player.fcgi?id=coil--000par
Hunter Dietz*,19,2024,Arkansas,SEC,0,0,,0,2,0,,0,0,0,1,1,0,0,0,2,0,2,1,0,0,7,3,9,0,18,18,1,,player.fcgi?id=dietz-000hun
Cooper Dossett,20,2024,Arkansas,SEC,3,1,0.75,5.17,14,0,,0,0,0,15.2,7,9,9,2,7,0,20,3,0,0,61,0.894,4,1.1,4,11.5,2.86,,player.fcgi?id=dosset000coo
Jake Faherty,21,2024,Arkansas,SEC,0,1,0,1.84,16,0,,0,0,1,14.2,8,4,3,1,9,0,26,1,0,1,65,1.159,4.9,0.6,5.5,16,2.89,,player.fcgi?id=fahert000jak
Colin Fisher*,19,2024,Arkansas,SEC,6,1,0.857,2.67,10,7,,0,0,0,27,24,9,8,3,8,1,27,3,1,0,113,1.185,8,1,2.7,9,3.38,,player.fcgi?id=fisher003col
Christian Foutch,20,2024,Arkansas,SEC,1,0,1,0.81,20,0,,0,0,1,22.1,19,2,2,1,7,0,20,6,0,3,94,1.164,7.7,0.4,2.8,8.1,2.86,,player.fcgi?id=foutch000chr
Koty Frank,24,2024,Arkansas,SEC,2,0,1,5.58,20,0,,0,0,4,30.2,30,21,19,4,9,1,30,6,0,2,134,1.272,8.8,1.2,2.6,8.8,3.33,,player.fcgi?id=frank-000kot
Gabe Gaeckle,19,2024,Arkansas,SEC,3,3,0.5,2.32,22,0,,0,0,7,42.2,26,14,11,1,19,2,57,2,1,2,178,1.055,5.5,0.2,4,12,3,,player.fcgi?id=gaeckl000gab
Stone Hewlett*,22,2024,Arkansas,SEC,1,0,1,3.46,23,0,,0,0,4,13,6,5,5,1,8,0,23,0,0,2,53,1.077,4.2,0.7,5.5,15.9,2.88,,player.fcgi?id=hewlet000sto
Will McEntire,23,2024,Arkansas,SEC,5,0,1,4.83,30,1,,0,0,4,54,56,31,29,5,18,2,65,0,0,3,232,1.37,9.3,0.8,3,10.8,3.61,,player.fcgi?id=mcenti002wil
Tate McGuire,19,2024,Arkansas,SEC,0,0,,5.4,2,0,,0,0,0,1.2,3,1,1,0,2,0,4,1,0,0,11,3,16.2,0,10.8,21.6,2,,player.fcgi?id=mcguir000tat
Mason Molina*,20,2024,Arkansas,SEC,4,2,0.667,4.47,15,13,,0,0,0,58.1,39,29,29,10,36,0,81,7,1,2,251,1.286,6,1.5,5.6,12.5,2.25,,player.fcgi?id=molina000mas
Hagen Smith*,20,2024,Arkansas,SEC,9,2,0.818,2.04,16,16,,0,0,0,84,41,22,19,5,34,1,161,5,0,2,331,0.893,4.4,0.5,3.6,17.3,4.74,,player.fcgi?id=smith-000hag
Brady Tygart,21,2024,Arkansas,SEC,4,3,0.571,3.94,14,13,,0,0,0,59.1,46,28,26,6,36,1,69,15,1,7,265,1.382,7,0.9,5.5,10.5,1.92,,player.fcgi?id=tygart000bra
Gage Wood,20,2024,Arkansas,SEC,3,2,0.6,4.46,22,3,,0,0,2,40.1,42,23,20,6,8,1,56,5,0,0,176,1.24,9.4,1.3,1.8,12.5,7,,player.fcgi?id=wood--000gag
Cody Adcock,21,2023,Arkansas,SEC,4,2,0.667,5.88,26,8,,0,0,1,52,47,35,34,10,25,0,46,6,0,4,227,1.385,8.1,1.7,4.3,8,1.84,,player.fcgi?id=adcock000cod
Ben Bybee,19,2023,Arkansas,SEC,2,1,0.667,7.24,15,7,,0,0,0,27.1,32,24,22,4,24,0,29,3,0,4,140,2.049,10.5,1.3,7.9,9.5,1.21,,player.fcgi?id=bybee-000ben
Dylan Carter,21,2023,Arkansas,SEC,6,0,1,3.65,16,0,,0,0,2,37,37,16,15,4,11,0,26,2,0,3,156,1.297,9,1,2.7,6.3,2.36,,player.fcgi?id=carter002dyl
Parker Coil*,19,2023,Arkansas,SEC,0,1,0,6.55,15,3,,0,0,1,22,31,17,16,5,9,0,19,1,1,3,103,1.818,12.7,2,3.7,7.8,2.11,,player.fcgi?id=coil--000par
Cooper Dossett,19,2023,Arkansas,SEC,0,0,,21.6,2,0,,0,0,0,1.2,2,4,4,0,4,0,3,1,0,0,12,3.6,10.8,0,21.6,16.2,0.75,,player.fcgi?id=dosset000coo
Jake Faherty,20,2023,Arkansas,SEC,0,0,,40.5,1,0,,0,0,0,0.2,0,3,3,0,3,0,1,0,2,0,5,4.5,0,0,40.5,13.5,0.33,,player.fcgi?id=fahert000jak
Sean Fitzpatrick*,20,2023,Arkansas,SEC,0,0,,0,3,0,,0,0,0,2.2,5,0,0,0,2,0,5,0,0,2,15,2.625,16.9,0,6.8,16.9,2.5,,player.fcgi?id=fitzpa001sea
Christian Foutch,19,2023,Arkansas,SEC,1,0,1,8.76,14,0,,0,0,0,12.1,14,12,12,4,12,0,9,5,0,2,67,2.108,10.2,2.9,8.8,6.6,0.75,,player.fcgi?id=foutch000chr
Koty Frank,23,2023,Arkansas,SEC,0,0,,3.09,6,0,,0,0,0,11.2,9,4,4,2,1,0,9,0,0,1,44,0.857,6.9,1.5,0.8,6.9,9,,player.fcgi?id=frank-000kot
Hunter Hollan*,21,2023,Arkansas,SEC,8,2,0.8,4.13,17,15,,1,0,1,80.2,82,41,37,13,29,0,74,9,3,5,352,1.376,9.1,1.5,3.2,8.3,2.55,,player.fcgi?id=hollan003hun
Austin Ledbetter,20,2023,Arkansas,SEC,0,1,0,7.09,15,0,,0,0,1,33,50,29,26,4,13,0,23,6,0,3,164,1.909,13.6,1.1,3.5,6.3,1.77,,player.fcgi?id=ledbet000aus
Will McEntire,22,2023,Arkansas,SEC,8,3,0.727,5.07,21,10,,1,0,2,87,92,51,49,20,29,0,83,3,2,4,374,1.391,9.5,2.1,3,8.6,2.86,,player.fcgi?id=mcenti002wil
Ben McLaughlin,21,2023,Arkansas,SEC,0,1,0,16.88,3,0,,0,0,0,2.2,5,5,5,0,4,0,4,0,0,1,17,3.375,16.9,0,13.5,13.5,1,,player.fcgi?id=mclaug000ben
Zack Morris*,22,2023,Arkansas,SEC,1,4,0.2,7.64,18,1,,0,0,2,33,39,34,28,4,18,0,39,3,1,1,164,1.727,10.6,1.1,4.9,10.6,2.17,,player.fcgi?id=morris005zac
Hagen Smith*,19,2023,Arkansas,SEC,8,2,0.8,3.64,18,11,,0,0,2,71.2,56,30,29,7,42,2,109,7,0,2,310,1.367,7,0.9,5.3,13.7,2.6,,player.fcgi?id=smith-000hag
Brady Tygart,20,2023,Arkansas,SEC,3,1,0.75,3.2,10,6,,0,0,1,25.1,15,11,9,4,8,0,31,4,0,0,102,0.908,5.3,1.4,2.8,11,3.88,,player.fcgi?id=tygart000bra
Gage Wood,19,2023,Arkansas,SEC,2,0,1,4.8,23,0,,0,0,5,30,21,17,16,1,23,1,42,7,1,9,140,1.467,6.3,0.3,6.9,12.6,1.83,,player.fcgi?id=wood--000gag
Mark Adamiak,21,2022,Arkansas,SEC,2,0,1,3.95,9,3,,0,0,0,13.2,14,6,6,0,8,0,18,0,1,0,61,1.61,9.2,0,5.3,11.9,2.25,,player.fcgi?id=adamia002mar
Issac Bracken,24,2022,Arkansas,SEC,0,0,,1.59,5,0,,0,0,0,5.2,3,1,1,0,3,0,7,2,0,0,24,1.059,4.8,0,4.8,11.1,2.33,,player.fcgi?id=bracke000iss
Jake Faherty,19,2022,Arkansas,SEC,0,0,,0,1,0,,0,0,0,0.1,0,0,0,0,1,0,1,1,0,0,3,3,0,0,27,27,1,,player.fcgi?id=fahert000jak
Evan Gray,21,2022,Arkansas,SEC,0,0,,0,3,0,,0,0,0,1.2,0,0,0,0,1,0,3,0,0,0,6,0.6,0,0,5.4,16.2,3,,player.fcgi?id=gray--000eva
Nick Griffin*,20,2022,Arkansas,SEC,0,0,,2.7,7,0,,0,0,0,6.2,4,2,2,0,11,0,11,2,0,3,34,2.25,5.4,0,14.9,14.9,1,,player.fcgi?id=griffi003nic
Austin Ledbetter,19,2022,Arkansas,SEC,0,0,,2.84,7,2,,0,0,0,12.2,10,4,4,2,1,0,12,2,0,2,47,0.868,7.1,1.4,0.7,8.5,12,,player.fcgi?id=ledbet000aus
Will McEntire,21,2022,Arkansas,SEC,2,2,0.5,2.59,12,8,,0,0,1,48.2,34,15,14,4,23,0,49,0,0,2,196,1.171,6.3,0.7,4.3,9.1,2.13,,player.fcgi?id=mcenti002wil
Zack Morris*,21,2022,Arkansas,SEC,6,1,0.857,2.31,22,2,,0,0,1,35,29,10,9,2,19,0,26,3,0,4,153,1.371,7.5,0.5,4.9,6.7,1.37,,player.fcgi?id=morris005zac
Nick Moten,18,2022,Arkansas,SEC,0,0,,36,2,0,,0,0,0,1,2,4,4,1,3,0,1,1,1,1,8,5,18,9,27,9,0.33,,player.fcgi?id=moten-000nic
Connor Noland,22,2022,Arkansas,SEC,8,6,0.571,3.65,20,19,,0,0,0,116,109,51,47,7,34,2,113,8,1,2,482,1.233,8.5,0.5,2.6,8.8,3.32,,player.fcgi?id=noland000con
Miller Pleimann,22,2022,Arkansas,SEC,0,0,,7.71,6,1,,0,0,0,7,12,7,6,1,1,0,12,1,0,1,34,1.857,15.4,1.3,1.3,15.4,12,,player.fcgi?id=pleima000mil
Kole Ramage,23,2022,Arkansas,SEC,3,2,0.6,4.8,31,2,,0,0,3,50.2,44,30,27,5,19,0,61,5,1,9,219,1.243,7.8,0.9,3.4,10.8,3.21,,player.fcgi?id=ramage000kol
Hagen Smith*,18,2022,Arkansas,SEC,7,2,0.778,4.66,20,15,,0,0,2,77.1,66,41,40,13,46,0,90,9,0,5,346,1.448,7.7,1.5,5.4,10.5,1.96,,player.fcgi?id=smith-000hag
Gabe Starks,20,2022,Arkansas,SEC,0,0,,4.63,12,0,,0,0,0,11.2,9,8,6,0,10,0,18,2,0,3,56,1.629,6.9,0,7.7,13.9,1.8,,player.fcgi?id=starks000gab
Evan Taylor*,22,2022,Arkansas,SEC,5,0,1,3.65,33,0,,0,0,2,44.1,28,22,18,7,16,1,54,7,0,1,184,0.992,5.7,1.4,3.2,11,3.38,,player.fcgi?id=taylor000eva
Heston Tole,20,2022,Arkansas,SEC,2,0,1,3.77,10,0,,0,0,1,14.1,20,7,6,2,3,0,20,0,0,3,63,1.605,12.6,1.3,1.9,12.6,6.67,,player.fcgi?id=tole--000hes
Elijah Trest,22,2022,Arkansas,SEC,0,1,0,3.77,13,0,,0,0,0,14.1,6,7,6,0,12,0,17,3,0,1,63,1.256,3.8,0,7.5,10.7,1.42,,player.fcgi?id=trest-000eli
Brady Tygart,19,2022,Arkansas,SEC,3,4,0.429,3.82,24,0,,0,0,8,37.2,28,17,16,3,21,0,51,9,0,1,166,1.301,6.7,0.7,5,12.2,2.43,,player.fcgi?id=tygart000bra
Zebulon Vermillion,23,2022,Arkansas,SEC,2,0,1,2.39,24,0,,0,0,2,26.1,22,7,7,2,10,0,28,1,1,0,112,1.215,7.5,0.7,3.4,9.6,2.8,,player.fcgi?id=vermil000zeb
Jaxon Wiggins,20,2022,Arkansas,SEC,6,3,0.667,6.55,17,15,,0,0,0,66,65,51,48,11,43,0,82,7,2,12,311,1.636,8.9,1.5,5.9,11.2,1.91,,player.fcgi?id=wiggin000jax
Blake Adams,20,2021,Arkansas,SEC,1,0,1,11.81,4,0,,0,0,0,5.1,10,8,7,1,4,0,5,0,0,0,27,2.625,16.9,1.7,6.8,8.4,1.25,,player.fcgi?id=adams-001bla
Caleb Bolden,22,2021,Arkansas,SEC,2,0,1,4.5,17,10,,0,0,1,44,38,26,22,5,24,0,44,8,0,2,193,1.409,7.8,1,4.9,9,1.83,,player.fcgi?id=bolden000cal
Ryan Costeiu,20,2021,Arkansas,SEC,8,3,0.727,5.1,26,0,,0,0,0,30,21,17,17,8,15,0,40,4,0,2,128,1.2,6.3,2.4,4.5,12,2.67,,player.fcgi?id=costei000rya
Evan Gray,20,2021,Arkansas,SEC,0,0,,5.06,6,0,,0,0,0,5.1,6,3,3,0,2,0,4,0,0,6,25,1.5,10.1,0,3.4,6.8,2,,player.fcgi?id=gray--000eva
Kevin Kopps,24,2021,Arkansas,SEC,12,1,0.923,0.9,33,1,,0,0,11,89.2,50,9,9,5,18,2,131,1,0,3,332,0.758,5,0.5,1.8,13.1,7.28,,player.fcgi?id=kopps-000kev
Lael Lockhart*,23,2021,Arkansas,SEC,3,3,0.5,4.47,16,14,,0,0,0,58.1,51,31,29,5,17,0,68,8,0,5,247,1.166,7.9,0.8,2.6,10.5,4,,player.fcgi?id=lockha000lae
Matthew Magre*,20,2021,Arkansas,SEC,0,0,,0,1,0,,0,0,0,0.2,0,0,0,0,1,0,1,0,0,0,3,1.5,0,0,13.5,13.5,1,,player.fcgi?id=magre-000mat
Caden Monke*,21,2021,Arkansas,SEC,5,1,0.833,3.71,27,0,,0,0,0,34,19,14,14,2,21,1,42,1,1,5,141,1.176,5,0.5,5.6,11.1,2,,player.fcgi?id=monke-000cad
Zack Morris*,20,2021,Arkansas,SEC,0,0,,4.8,16,0,,0,0,0,15,15,11,8,2,6,0,19,0,0,0,65,1.4,9,1.2,3.6,11.4,3.17,,player.fcgi?id=morris005zac
Connor Noland,21,2021,Arkansas,SEC,1,0,1,6.91,9,0,,0,0,1,14.1,15,13,11,3,4,0,15,0,0,0,61,1.326,9.4,1.9,2.5,9.4,3.75,,player.fcgi?id=noland000con
Peyton Pallette,20,2021,Arkansas,SEC,1,2,0.333,4.02,15,11,,0,0,1,56,51,27,25,3,20,0,67,9,0,5,246,1.268,8.2,0.5,3.2,10.8,3.35,,player.fcgi?id=pallet000pey
Miller Pleimann,21,2021,Arkansas,SEC,0,0,,3,2,1,,0,0,0,3,1,2,1,0,3,0,5,1,0,1,16,1.333,3,0,9,15,1.67,,player.fcgi?id=pleima000mil
Kole Ramage,22,2021,Arkansas,SEC,2,1,0.667,6.75,13,3,,0,0,1,24,33,20,18,4,8,0,29,2,0,1,114,1.708,12.4,1.5,3,10.9,3.63,,player.fcgi?id=ramage000kol
Gabe Starks,19,2021,Arkansas,SEC,0,0,,9,4,0,,0,0,0,4,3,4,4,0,3,0,6,0,0,0,18,1.5,6.8,0,6.8,13.5,2,,player.fcgi?id=starks000gab
Evan Taylor*,21,2021,Arkansas,SEC,0,0,,7.94,7,0,,0,0,0,5.2,6,5,5,2,3,0,4,0,0,2,25,1.588,9.5,3.2,4.8,6.4,1.33,,player.fcgi?id=taylor000eva
Heston Tole,19,2021,Arkansas,SEC,1,0,1,2.25,10,0,,0,0,0,12,8,3,3,0,2,0,20,5,0,1,48,0.833,6,0,1.5,15,10,,player.fcgi?id=tole--000hes
Elijah Trest,21,2021,Arkansas,SEC,1,0,1,3.14,10,0,,0,0,0,14.1,12,7,5,2,8,0,15,3,1,2,63,1.395,7.5,1.3,5,9.4,1.88,,player.fcgi?id=trest-000eli
Zebulon Vermillion,22,2021,Arkansas,SEC,3,0,1,4.69,15,6,,0,0,1,40.1,41,21,21,2,15,0,28,2,0,3,178,1.388,9.1,0.4,3.3,6.2,1.87,,player.fcgi?id=vermil000zeb
Patrick Wicklander*,21,2021,Arkansas,SEC,7,1,0.875,2.09,18,13,,0,0,0,77.2,65,22,18,6,24,0,85,4,0,4,319,1.146,7.5,0.7,2.8,9.8,3.54,,player.fcgi?id=wickla000pat
Jaxon Wiggins,19,2021,Arkansas,SEC,3,1,0.75,5.09,17,4,,0,0,4,23,20,13,13,4,14,0,28,1,0,5,103,1.478,7.8,1.6,5.5,11,2,,player.fcgi?id=wiggin000jax
Nate Wohlgemuth,20,2021,Arkansas,SEC,0,0,,6.75,3,0,,0,0,0,1.1,2,1,1,0,6,0,1,0,0,2,13,6,13.5,0,40.5,6.8,0.17,,player.fcgi?id=wohlge000nat
Mark Adamiak,19,2020,Arkansas,SEC,0,0,,16.2,2,0,,0,0,0,1.2,4,3,3,0,0,0,2,0,0,0,9,2.4,21.6,0,0,10.8,,,player.fcgi?id=adamia002mar
Blake Adams,19,2020,Arkansas,SEC,0,0,,9.95,4,2,,0,0,0,6.1,10,7,7,0,5,0,6,0,0,0,33,2.368,14.2,0,7.1,8.5,1.2,,player.fcgi?id=adams-001bla
Caleb Bolden,21,2020,Arkansas,SEC,1,0,1,1.13,4,2,,0,0,0,16,14,2,2,0,3,0,15,1,0,0,62,1.063,7.9,0,1.7,8.4,5,,player.fcgi?id=bolden000cal
Jacob Burton,21,2020,Arkansas,SEC,0,0,,4.15,5,0,,0,0,0,4.1,1,2,2,0,7,0,6,1,0,1,21,1.846,2.1,0,14.5,12.5,0.86,,player.fcgi?id=burton003jac
Marshall Denton,23,2020,Arkansas,SEC,1,0,1,1.5,6,0,,0,0,0,6,7,2,1,1,2,0,6,1,0,0,27,1.5,10.5,1.5,3,9,3,,player.fcgi?id=denton000ang
Kevin Kopps,23,2020,Arkansas,SEC,0,1,0,8.18,7,1,,0,0,0,11,18,14,10,4,4,0,9,0,0,1,56,2,14.7,3.3,3.3,7.4,2.25,,player.fcgi?id=kopps-000kev
Will McEntire,19,2020,Arkansas,SEC,1,0,1,1.13,2,1,,0,0,0,8,7,1,1,1,0,0,7,0,0,0,28,0.875,7.9,1.1,0,7.9,,,player.fcgi?id=mcenti002wil
Caden Monke*,20,2020,Arkansas,SEC,1,1,0.5,2.53,6,0,,0,0,1,10.2,4,3,3,0,3,0,13,2,0,0,41,0.656,3.4,0,2.5,11,4.33,,player.fcgi?id=monke-000cad
Zack Morris*,19,2020,Arkansas,SEC,1,0,1,3.18,5,0,,0,0,0,5.2,4,2,2,0,1,0,1,0,0,0,22,0.882,6.4,0,1.6,1.6,1,,player.fcgi?id=morris005zac
Connor Noland,20,2020,Arkansas,SEC,2,0,1,2,3,3,,0,0,0,18,13,7,4,2,4,0,19,0,0,0,69,0.944,6.5,1,2,9.5,4.75,,player.fcgi?id=noland000con
Peyton Pallette,19,2020,Arkansas,SEC,0,0,,1.59,4,0,,0,0,1,5.2,5,3,1,0,3,0,3,0,0,2,24,1.412,7.9,0,4.8,4.8,1,,player.fcgi?id=pallet000pey
Kole Ramage,21,2020,Arkansas,SEC,1,1,0.5,4.4,5,3,,0,0,0,14.1,17,8,7,1,5,0,14,3,0,3,71,1.535,10.7,0.6,3.1,8.8,2.8,,player.fcgi?id=ramage000kol
Evan Taylor*,20,2020,Arkansas,SEC,0,0,,9,2,0,,0,0,0,2,1,2,2,0,2,0,3,0,0,0,9,1.5,4.5,0,9,13.5,1.5,,player.fcgi?id=taylor000eva
Elijah Trest,20,2020,Arkansas,SEC,0,0,,1.93,7,0,,0,0,0,9.1,7,2,2,1,3,0,10,2,0,0,39,1.071,6.8,1,2.9,9.6,3.33,,player.fcgi?id=trest-000eli
Zebulon Vermillion,21,2020,Arkansas,SEC,1,0,1,0,5,0,,0,0,1,7.1,4,0,0,0,0,0,12,0,0,0,26,0.545,4.9,0,0,14.7,,,player.fcgi?id=vermil000zeb
Patrick Wicklander*,20,2020,Arkansas,SEC,2,2,0.5,6.32,4,4,,0,0,0,15.2,13,13,11,2,9,0,17,2,0,0,69,1.404,7.5,1.1,5.2,9.8,1.89,,player.fcgi?id=wickla000pat
Jacob Burton,20,2019,Arkansas,SEC,0,0,,4.82,11,0,,0,0,0,9.1,10,7,5,2,6,0,7,2,0,1,44,1.714,9.6,1.9,5.8,6.8,1.17,,player.fcgi?id=burton003jac
Isaiah Campbell,21,2019,Arkansas,SEC,12,1,0.923,2.13,18,18,,0,0,0,118.1,87,36,28,5,22,0,125,3,0,4,455,0.921,6.6,0.4,1.7,9.5,5.68,,player.fcgi?id=campbe000isa
Matt Cronin*,21,2019,Arkansas,SEC,1,0,1,1.86,25,0,,0,0,12,29,16,6,6,4,14,0,42,1,0,1,115,1.034,5,1.2,4.3,13,3,,player.fcgi?id=cronin000mat
Marshall Denton,22,2019,Arkansas,SEC,2,0,1,4.5,24,4,,0,0,1,30,30,17,15,4,5,1,31,2,1,2,128,1.167,9,1.2,1.5,9.3,6.2,,player.fcgi?id=denton000ang
Liam Henry*,19,2019,Arkansas,SEC,0,1,0,4.32,9,0,,0,0,0,8.1,6,4,4,1,8,0,7,1,0,3,40,1.68,6.5,1.1,8.6,7.6,0.88,,player.fcgi?id=henry-001lia
Kevin Kopps,22,2019,Arkansas,SEC,6,3,0.667,3.89,30,0,,0,0,0,41.2,38,18,18,4,14,0,52,3,0,3,179,1.248,8.2,0.9,3,11.2,3.71,,player.fcgi?id=kopps-000kev
Jake Kostyshock,21,2019,Arkansas,SEC,1,3,0.25,2.64,22,1,,0,0,1,30.2,24,11,9,2,10,1,29,4,0,2,129,1.109,7,0.6,2.9,8.5,2.9,,player.fcgi?id=kostys000jac
Caden Monke*,19,2019,Arkansas,SEC,0,0,,18,6,0,,0,0,0,3,3,6,6,0,5,0,5,3,0,1,21,2.667,9,0,15,15,1,,player.fcgi?id=monke-000cad
Connor Noland,19,2019,Arkansas,SEC,3,5,0.375,4.02,20,19,,0,0,0,78.1,73,42,35,12,14,0,55,3,0,4,323,1.111,8.4,1.4,1.6,6.3,3.93,,player.fcgi?id=noland000con
Kole Ramage,20,2019,Arkansas,SEC,7,1,0.875,5.25,24,2,,0,0,0,60,61,42,35,8,29,3,53,4,0,7,272,1.5,9.2,1.2,4.4,8,1.83,,player.fcgi?id=ramage000kol
Cody Scroggins,22,2019,Arkansas,SEC,3,2,0.6,4.01,19,7,,0,0,0,49.1,40,25,22,3,26,0,62,8,1,5,224,1.338,7.3,0.5,4.7,11.3,2.38,,player.fcgi?id=scrogg000cod
Carter Sells,20,2019,Arkansas,SEC,0,0,,18,3,0,,0,0,0,2,1,4,4,0,7,0,1,0,0,0,14,4,4.5,0,31.5,4.5,0.14,,player.fcgi?id=sells-000car
Collin Taylor,21,2019,Arkansas,SEC,0,0,,4.05,7,0,,0,0,0,6.2,4,3,3,1,6,0,3,1,0,3,31,1.5,5.4,1.4,8.1,4.1,0.5,,player.fcgi?id=taylor008col
Evan Taylor*,19,2019,Arkansas,SEC,0,0,,6.43,8,0,,0,0,0,7,3,5,5,0,9,0,13,1,0,3,33,1.714,3.9,0,11.6,16.7,1.44,,player.fcgi?id=taylor000eva
Elijah Trest,19,2019,Arkansas,SEC,1,1,0.5,7.58,15,0,,0,0,0,19,18,17,16,2,17,0,19,6,1,1,96,1.842,8.5,0.9,8.1,9,1.12,,player.fcgi?id=trest-000eli
Zebulon Vermillion,20,2019,Arkansas,SEC,4,1,0.8,3.63,20,0,,0,0,1,22.1,21,10,9,1,9,0,21,4,0,1,101,1.343,8.5,0.4,3.6,8.5,2.33,,player.fcgi?id=vermil000zeb
Patrick Wicklander*,19,2019,Arkansas,SEC,6,2,0.75,4.32,22,15,,0,0,0,66.2,50,35,32,6,37,0,90,11,0,5,294,1.305,6.8,0.8,5,12.2,2.43,,player.fcgi?id=wickla000pat
Zebulon Vermillion,19,2018,Arkansas,SEC,0,0,,4.82,7,0,,0,0,0,9.1,12,6,5,0,0,0,11,1,0,2,40,1.286,11.6,0,0,10.6,,,player.fcgi?id=vermil000zeb
Josh Alberius,23,2017,Arkansas,SEC,3,4,0.429,4.55,23,9,,0,0,2,55.1,64,32,28,7,16,0,48,3,0,0,238,1.446,10.4,1.1,2.6,7.8,3,,player.fcgi?id=alberi000jos
Isaiah Campbell,19,2017,Arkansas,SEC,0,0,,40.5,1,0,,0,0,0,0.2,3,3,3,0,1,0,1,0,0,1,6,6,40.5,0,13.5,13.5,1,,player.fcgi?id=campbe000isa
Cannon Chadwick,22,2017,Arkansas,SEC,4,3,0.571,3.66,24,0,,0,0,2,32,25,18,13,1,12,0,38,9,1,8,143,1.156,7,0.3,3.4,10.7,3.17,,player.fcgi?id=chadwi000can
Matt Cronin*,19,2017,Arkansas,SEC,3,0,1,2,15,0,,0,0,1,18,8,4,4,1,12,0,31,3,0,0,76,1.111,4,0.5,6,15.5,2.58,,player.fcgi?id=cronin000mat
Marshall Denton,20,2017,Arkansas,SEC,0,0,,5.23,8,0,,0,0,0,10.1,10,6,6,3,3,0,10,1,0,0,45,1.258,8.7,2.6,2.6,8.7,3.33,,player.fcgi?id=denton000ang
Brenden Heiss,19,2017,Arkansas,SEC,0,0,,3.6,4,0,,0,0,0,5,3,2,2,1,3,0,3,1,0,0,20,1.2,5.4,1.8,5.4,5.4,1,,player.fcgi?id=heiss-000bre
Blaine Knight,21,2017,Arkansas,SEC,8,5,0.615,3.28,17,16,,0,0,0,90.2,75,35,33,11,20,1,96,4,3,4,367,1.048,7.4,1.1,2,9.5,4.8,,player.fcgi?id=knight000bla
Kevin Kopps,20,2017,Arkansas,SEC,3,1,0.75,3.31,22,5,,0,0,2,49,46,20,18,3,18,0,40,3,0,5,203,1.306,8.4,0.6,3.3,7.3,2.22,,player.fcgi?id=kopps-000kev
Jake Kostyshock,19,2017,Arkansas,SEC,1,0,1,6.75,6,0,,0,0,0,5.1,6,4,4,0,6,1,6,2,0,1,30,2.25,10.1,0,10.1,10.1,1,,player.fcgi?id=kostys000jac
Evan Lee*,20,2017,Arkansas,SEC,0,0,,3.6,15,1,,0,0,2,15,12,7,6,4,6,0,17,1,0,2,66,1.2,7.2,2.4,3.6,10.2,2.83,,player.fcgi?id=lee---000eva
Barrett Loseke,20,2017,Arkansas,SEC,3,0,1,4.21,15,2,,0,0,0,25.2,23,15,12,2,17,0,28,4,0,3,121,1.558,8.1,0.7,6,9.8,1.65,,player.fcgi?id=loseke000bar
Kacey Murphy*,20,2017,Arkansas,SEC,5,1,0.833,3.65,19,10,,1,1,0,49.1,43,20,20,7,21,0,68,4,0,1,207,1.297,7.8,1.3,3.8,12.4,3.24,,player.fcgi?id=murphy000kac
Jake Reindl,20,2017,Arkansas,SEC,4,1,0.8,2.31,24,0,,0,0,3,50.2,39,16,13,2,16,0,49,4,0,4,207,1.086,6.9,0.4,2.8,8.7,3.06,,player.fcgi?id=reindl000jak
Weston Rogers*,20,2017,Arkansas,SEC,1,0,1,7.11,12,0,,0,0,0,12.2,13,11,10,1,8,0,14,0,0,2,58,1.658,9.2,0.7,5.7,9.9,1.75,,player.fcgi?id=rogers001wes
Cody Scroggins,20,2017,Arkansas,SEC,0,0,,3.86,3,0,,0,0,0,2.1,3,1,1,0,1,0,1,1,0,1,13,1.714,11.6,0,3.9,3.9,1,,player.fcgi?id=scrogg000cod
Trevor Stephan,21,2017,Arkansas,SEC,6,3,0.667,2.87,16,16,,1,1,0,91,73,35,29,7,20,0,120,11,1,4,379,1.022,7.2,0.7,2,11.9,6,,player.fcgi?id=stepha000tre
Dominic Taccolini,22,2017,Arkansas,SEC,4,1,0.8,4.24,20,5,,0,0,2,51,41,25,24,3,27,0,49,5,0,8,218,1.333,7.2,0.5,4.8,8.6,1.81,,player.fcgi?id=taccol000dom
Josh Alberius,22,2016,Arkansas,SEC,3,1,0.75,3.9,25,0,,0,0,0,32.1,38,18,14,4,11,1,40,4,0,2,145,1.515,10.6,1.1,3.1,11.1,3.64,,player.fcgi?id=alberi000jos
Isaiah Campbell,18,2016,Arkansas,SEC,3,1,0.75,3.69,13,6,,0,0,0,31.2,31,19,13,4,11,1,23,3,0,1,139,1.326,8.8,1.1,3.1,6.5,2.09,,player.fcgi?id=campbe000isa
Cannon Chadwick,21,2016,Arkansas,SEC,1,0,1,1.76,8,0,,0,0,0,15.1,13,4,3,0,4,0,10,1,0,0,61,1.109,7.6,0,2.3,5.9,2.5,,player.fcgi?id=chadwi000can
Anthony Dahl,19,2016,Arkansas,SEC,1,1,0.5,8.18,10,0,,0,0,0,11,18,10,10,1,5,0,12,2,0,0,57,2.091,14.7,0.8,4.1,9.8,2.4,,player.fcgi?id=dahl--000ant
Ty Harris*,19,2016,Arkansas,SEC,0,0,,9.64,7,0,,0,0,0,4.2,6,5,5,1,5,0,2,1,0,2,25,2.357,11.6,1.9,9.6,3.9,0.4,,player.fcgi?id=harris000ty-
Zach Jackson,21,2016,Arkansas,SEC,3,3,0.5,5.09,18,5,,1,1,4,53,47,34,30,3,40,1,66,6,0,8,248,1.642,8,0.5,6.8,11.2,1.65,,player.fcgi?id=jackso002zac
Blaine Knight,20,2016,Arkansas,SEC,2,1,0.667,2.98,18,7,,0,0,0,48.1,57,24,16,3,14,1,46,1,2,0,215,1.469,10.6,0.6,2.6,8.6,3.29,,player.fcgi?id=knight000bla
Barrett Loseke,19,2016,Arkansas,SEC,1,3,0.25,3.03,17,6,,0,0,0,32.2,24,11,11,2,20,0,35,3,0,7,138,1.347,6.6,0.6,5.5,9.6,1.75,,player.fcgi?id=loseke000bar
Keaton McKinney,20,2016,Arkansas,SEC,1,5,0.167,6.66,13,12,,0,0,0,52.2,58,46,39,4,34,0,31,7,0,6,250,1.747,9.9,0.7,5.8,5.3,0.91,,player.fcgi?id=mckinn000kea
Kacey Murphy*,19,2016,Arkansas,SEC,0,0,,9.26,14,0,,0,0,0,11.2,17,13,12,1,9,0,14,3,0,0,63,2.229,13.1,0.8,6.9,10.8,1.56,,player.fcgi?id=murphy000kac
Jake Reindl,19,2016,Arkansas,SEC,0,0,,5.4,6,0,,0,0,0,5,6,3,3,0,0,0,5,0,0,1,21,1.2,10.8,0,0,9,,,player.fcgi?id=reindl000jak
Jordan Rodriguez*,21,2016,Arkansas,SEC,0,1,0,3.86,25,0,,0,0,1,18.2,11,9,8,3,10,0,16,1,0,1,76,1.125,5.3,1.4,4.8,7.7,1.6,,player.fcgi?id=rodrig016jor
Weston Rogers*,19,2016,Arkansas,SEC,1,1,0.5,5.85,11,5,,0,0,0,20,20,13,13,3,6,0,17,0,0,1,85,1.3,9,1.4,2.7,7.7,2.83,,player.fcgi?id=rogers001wes
Cody Scroggins,19,2016,Arkansas,SEC,0,0,,5.4,4,0,,0,0,0,3.1,3,2,2,0,2,1,1,1,0,2,14,1.5,8.1,0,5.4,2.7,0.5,,player.fcgi?id=scrogg000cod
Dominic Taccolini,21,2016,Arkansas,SEC,5,5,0.5,5.75,15,13,,1,1,0,72,78,52,46,6,26,0,61,7,0,7,325,1.444,9.8,0.8,3.3,7.6,2.35,,player.fcgi?id=taccol000dom
James Teague,21,2016,Arkansas,SEC,2,4,0.333,6.82,18,1,,0,0,0,30.1,33,25,23,2,20,0,30,3,0,4,138,1.747,9.8,0.6,5.9,8.9,1.5,,player.fcgi?id=teague002jam
Doug Willey,24,2016,Arkansas,SEC,1,2,0.333,3.49,26,0,,0,0,3,28.1,32,15,11,1,9,0,29,3,0,0,122,1.447,10.2,0.3,2.9,9.2,3.22,,player.fcgi?id=willey001dou
Josh Alberius,21,2015,Arkansas,SEC,1,2,0.333,3.77,22,0,,,0,1,31,31,14,13,2,10,0,20,1,0,3,133,1.323,9,0.6,2.9,5.8,2,,player.fcgi?id=alberi000jos
Cannon Chadwick,20,2015,Arkansas,SEC,1,0,1,7.04,12,1,,,0,0,15.1,20,13,12,0,17,0,10,4,0,0,81,2.413,11.7,0,10,5.9,0.59,,player.fcgi?id=chadwi000can
Zach Jackson,20,2015,Arkansas,SEC,5,1,0.833,2.1,27,3,,,0,9,60,43,18,14,2,38,0,89,2,1,9,261,1.35,6.5,0.3,5.7,13.4,2.34,,player.fcgi?id=jackso002zac
Trey Killian,21,2015,Arkansas,SEC,3,5,0.375,4.76,15,15,,,0,0,87,99,49,46,9,24,1,62,8,0,2,380,1.414,10.2,0.9,2.5,6.4,2.58,,player.fcgi?id=killia000tre
Jackson Lowery,22,2015,Arkansas,SEC,7,1,0.875,3.22,22,3,,,0,0,58.2,54,26,21,3,21,1,36,10,0,3,251,1.278,8.3,0.5,3.2,5.5,1.71,,player.fcgi?id=lowery000jac
Keaton McKinney,19,2015,Arkansas,SEC,6,2,0.75,3.21,21,18,,,1,0,87,71,34,31,6,38,0,46,6,0,4,367,1.253,7.3,0.6,3.9,4.8,1.21,,player.fcgi?id=mckinn000kea
Kyle Pate?,--,2015,Arkansas,SEC,0,0,,8.64,12,0,,,0,0,8.1,11,9,8,1,9,0,14,2,0,2,47,2.4,11.9,1.1,9.7,15.1,1.56,,player.fcgi?id=pate--000kyl
Jonah Patten,19,2015,Arkansas,SEC,0,0,,7.9,11,0,,,0,0,13.2,16,13,12,2,9,0,20,5,3,4,72,1.829,10.5,1.3,5.9,13.2,2.22,,player.fcgi?id=patten000jon
Lance Phillips,22,2015,Arkansas,SEC,2,3,0.4,3.34,25,0,,,0,0,32.1,35,21,12,1,12,2,30,7,2,3,151,1.454,9.7,0.3,3.3,8.4,2.5,,player.fcgi?id=philli005lan
Parker Sanburn,20,2015,Arkansas,SEC,0,1,0,15.58,11,0,,,0,0,8.2,10,16,15,2,9,0,13,4,0,3,49,2.192,10.4,2.1,9.3,13.5,1.44,,player.fcgi?id=sanbur000par
Jacob Stone,22,2015,Arkansas,SEC,3,2,0.6,4.41,19,2,,,0,1,32.2,31,20,16,1,21,2,28,7,2,1,144,1.592,8.5,0.3,5.8,7.7,1.33,,player.fcgi?id=stone-000jac
Dominic Taccolini,20,2015,Arkansas,SEC,6,4,0.6,4.21,17,13,,,0,2,77,67,43,36,5,41,0,67,10,0,9,337,1.403,7.8,0.6,4.8,7.8,1.63,,player.fcgi?id=taccol000dom
James Teague,20,2015,Arkansas,SEC,6,4,0.6,3.36,23,10,,,0,2,59,55,28,22,1,33,0,49,4,0,4,256,1.492,8.4,0.2,5,7.5,1.48,,player.fcgi?id=teague002jam
Josh Alberius,20,2014,Arkansas,SEC,0,0,,0,1,0,,,0,0,0.2,0,0,0,0,0,0,0,0,0,0,2,0,0,0,0,0,,,player.fcgi?id=alberi000jos
Jalen Beeks*,20,2014,Arkansas,SEC,6,4,0.6,1.98,13,13,,,0,0,81.2,67,24,18,2,20,0,68,5,1,7,323,1.065,7.4,0.2,2.2,7.5,3.4,,player.fcgi?id=beeks-000jal
Chris Falwell*,19,2014,Arkansas,SEC,0,0,,2.7,4,0,,,0,0,6.2,6,2,2,0,3,0,4,0,0,0,29,1.35,8.1,0,4.1,5.4,1.33,,player.fcgi?id=falwel000chr
Michael Gunn*,21,2014,Arkansas,SEC,4,2,0.667,0.74,28,0,,,0,7,36.2,21,4,3,1,16,2,35,1,0,1,146,1.009,5.2,0.2,3.9,8.6,2.19,,player.fcgi?id=gunn--000mic
Zach Jackson,19,2014,Arkansas,SEC,2,3,0.4,2.53,24,2,,,0,2,42.2,28,17,12,3,21,0,42,4,0,4,180,1.148,5.9,0.6,4.4,8.9,2,,player.fcgi?id=jackso002zac
Trey Killian,20,2014,Arkansas,SEC,4,9,0.308,2.3,14,14,,,0,0,94,74,31,24,4,18,1,62,3,1,1,361,0.979,7.1,0.4,1.7,5.9,3.44,,player.fcgi?id=killia000tre
Jackson Lowery,21,2014,Arkansas,SEC,1,1,0.5,4.04,20,0,,,0,1,35.2,29,18,16,1,13,0,35,8,2,3,159,1.178,7.3,0.3,3.3,8.8,2.69,,player.fcgi?id=lowery000jac
Chris Oliver,20,2014,Arkansas,SEC,9,4,0.692,2.51,16,16,,,0,0,93.1,68,30,26,3,36,0,59,14,0,8,378,1.114,6.6,0.3,3.5,5.7,1.64,,player.fcgi?id=oliver000chr
Alex Phillips,19,2014,Arkansas,SEC,3,0,1,3.52,10,8,,,0,0,30.2,26,13,12,4,13,0,17,1,0,2,129,1.272,7.6,1.2,3.8,5,1.31,,player.fcgi?id=philli001ale
Lance Phillips,21,2014,Arkansas,SEC,0,0,,6,3,0,,,0,0,3,3,3,2,0,1,0,3,1,0,0,15,1.333,9,0,3,9,3,,player.fcgi?id=philli005lan
Colin Poche*,20,2014,Arkansas,SEC,3,1,0.75,3,18,8,,,0,0,39,32,14,13,1,27,0,28,2,2,11,174,1.513,7.4,0.2,6.2,6.5,1.04,,player.fcgi?id=poche-000col
Landon Simpson,21,2014,Arkansas,SEC,1,1,0.5,3.55,15,0,,,0,0,25.1,27,14,10,1,12,1,20,1,0,2,117,1.539,9.6,0.4,4.3,7.1,1.67,,player.fcgi?id=simpso000lan
Jacob Stone,21,2014,Arkansas,SEC,4,0,1,0.94,24,0,,,0,4,38.1,16,8,4,1,13,1,31,9,0,2,149,0.757,3.8,0.2,3.1,7.3,2.38,,player.fcgi?id=stone-000jac
Dominic Taccolini,19,2014,Arkansas,SEC,2,0,1,4.94,17,3,,,0,0,31,29,19,17,1,12,0,20,8,1,3,142,1.323,8.4,0.3,3.5,5.8,1.67,,player.fcgi?id=taccol000dom
James Teague,19,2014,Arkansas,SEC,1,0,1,4.86,8,1,,,0,0,16.2,14,9,9,0,5,0,11,2,1,0,70,1.14,7.6,0,2.7,5.9,2.2,,player.fcgi?id=teague002jam
Thomas Altimont,--,2013,Arkansas,SEC,1,0,1,1.59,6,0,,,0,0,5.2,5,2,1,0,4,0,4,1,0,2,25,1.588,7.9,0,6.4,6.4,1,,player.fcgi?id=allmon000tho
Barrett Astin,21,2013,Arkansas,SEC,4,4,0.5,1.79,18,14,,,0,1,90.2,85,26,18,1,20,2,74,8,0,5,374,1.158,8.4,0.1,2,7.3,3.7,,player.fcgi?id=astin-000bar
Jalen Beeks*,19,2013,Arkansas,SEC,6,2,0.75,2.2,29,0,,,0,2,41,33,10,10,1,7,1,28,1,0,4,163,0.976,7.2,0.2,1.5,6.1,4,,player.fcgi?id=beeks-000jal
Trent Daniel*,22,2013,Arkansas,SEC,0,1,0,2.55,22,1,,,0,1,24.2,28,16,7,0,11,1,24,2,0,1,112,1.581,10.2,0,4,8.8,2.18,,player.fcgi?id=daniel000tre
Randall Fant*,22,2013,Arkansas,SEC,6,1,0.857,2.03,14,14,,,0,0,66.2,50,17,15,7,19,0,52,5,3,3,271,1.035,6.8,0.9,2.6,7,2.74,,player.fcgi?id=fant--001ran
Michael Gunn*,20,2013,Arkansas,SEC,1,1,0.5,1.21,18,0,,,0,1,29.2,13,4,4,0,8,1,35,0,0,3,106,0.708,3.9,0,2.4,10.6,4.38,,player.fcgi?id=gunn--000mic
Trey Killian,19,2013,Arkansas,SEC,3,3,0.5,3.19,16,5,,,0,0,36.2,21,17,13,2,12,0,34,5,0,2,148,0.9,5.2,0.5,2.9,8.3,2.83,,player.fcgi?id=killia000tre
Cade Lynch?,--,2013,Arkansas,SEC,0,0,,2.7,3,0,,,0,0,3.1,3,1,1,0,1,0,5,0,0,1,14,1.2,8.1,0,2.7,13.5,5,,player.fcgi?id=lynch-000cad
Brandon Moore,21,2013,Arkansas,SEC,1,4,0.2,2.68,25,0,,,0,0,47,35,24,14,1,19,2,30,3,0,2,199,1.149,6.7,0.2,3.6,5.7,1.58,,player.fcgi?id=moore-004bra
Chris Oliver,19,2013,Arkansas,SEC,2,2,0.5,2.25,14,1,,,0,0,20,14,8,5,2,8,1,21,0,1,1,80,1.1,6.3,0.9,3.6,9.5,2.63,,player.fcgi?id=oliver000chr
Colin Poche*,19,2013,Arkansas,SEC,3,0,1,1.37,8,5,,,0,0,19.2,12,3,3,0,11,0,23,1,1,1,80,1.169,5.5,0,5,10.5,2.09,,player.fcgi?id=poche-000col
Landon Simpson,20,2013,Arkansas,SEC,1,1,0.5,1.88,14,1,,,0,1,24,23,7,5,0,6,0,20,2,0,3,104,1.208,8.6,0,2.3,7.5,3.33,,player.fcgi?id=simpso000lan
Ryne Stanek,21,2013,Arkansas,SEC,10,2,0.833,1.39,16,16,,,0,0,97.1,72,23,15,5,41,0,79,6,0,6,402,1.161,6.7,0.5,3.8,7.3,1.93,,player.fcgi?id=stanek001ryn
Colby Suggs,21,2013,Arkansas,SEC,0,0,,1.74,23,0,,,0,13,20.2,10,4,4,0,17,1,29,1,0,4,91,1.306,4.4,0,7.4,12.6,1.71,,player.fcgi?id=suggs-000col
Tyler Wright*,22,2013,Arkansas,SEC,1,1,0.5,0,11,4,,,0,0,20.1,9,4,0,0,11,0,19,0,0,2,82,0.984,4,0,4.9,8.4,1.73,,player.fcgi?id=wright000tyl
Barrett Astin,20,2012,Arkansas,SEC,3,5,0.375,1.99,32,3,,,0,11,58.2,46,23,13,0,25,2,61,8,0,6,258,1.21,7.1,0,3.8,9.4,2.44,,player.fcgi?id=astin-000bar
DJ Baxendale,21,2012,Arkansas,SEC,8,5,0.615,3.11,20,20,,,0,0,107,97,44,37,10,29,1,96,7,1,4,455,1.178,8.2,0.8,2.4,8.1,3.31,,player.fcgi?id=baxend000dj-
Derrick Bleeker,21,2012,Arkansas,SEC,0,0,,0,2,0,,,0,0,1.1,1,0,0,0,0,0,3,0,0,0,5,0.75,6.8,0,0,20.3,,,player.fcgi?id=bleeke000der
Trent Daniel*,21,2012,Arkansas,SEC,2,0,1,5.06,21,4,,,0,1,32,32,18,18,0,15,0,25,6,0,4,144,1.469,9,0,4.2,7,1.67,,player.fcgi?id=daniel000tre
Randall Fant*,21,2012,Arkansas,SEC,2,3,0.4,3.27,15,14,,,0,0,52.1,59,20,19,2,11,0,39,7,1,1,230,1.338,10.1,0.3,1.9,6.7,3.55,,player.fcgi?id=fant--001ran
Michael Gunn*,19,2012,Arkansas,SEC,1,0,1,2.57,14,0,,,0,0,14,6,5,4,0,10,1,19,1,0,3,59,1.143,3.9,0,6.4,12.2,1.9,,player.fcgi?id=gunn--000mic
Jeff Harvill*,20,2012,Arkansas,SEC,0,0,,27,1,0,,,0,0,0.1,1,1,1,0,3,0,0,0,0,1,5,12,27,0,81,0,0,,player.fcgi?id=harvil001---
Cade Lynch?,--,2012,Arkansas,SEC,3,1,0.75,2.11,21,0,,,0,2,47,29,13,11,1,17,1,46,6,1,3,191,0.979,5.6,0.2,3.3,8.8,2.71,,player.fcgi?id=lynch-000cad
Greg Milhorn,19,2012,Arkansas,SEC,0,0,,3.38,3,1,,,0,0,5.1,4,3,2,1,4,0,0,1,0,0,25,1.5,6.8,1.7,6.8,0,0,,player.fcgi?id=milhor000gre
Brandon Moore,20,2012,Arkansas,SEC,5,2,0.714,2.43,29,3,,,0,3,81.1,68,28,22,3,11,1,36,3,0,3,316,0.971,7.5,0.3,1.2,4,3.27,,player.fcgi?id=moore-004bra
Chris Oliver,18,2012,Arkansas,SEC,1,0,1,3.86,11,1,,,0,0,16.1,17,9,7,2,6,0,14,2,0,4,73,1.408,9.4,1.1,3.3,7.7,2.33,,player.fcgi?id=oliver000chr
Mark Reyes*,19,2012,Arkansas,SEC,1,0,1,9.39,6,1,,,0,0,7.2,8,8,8,0,4,0,8,3,0,1,35,1.565,9.4,0,4.7,9.4,2,,player.fcgi?id=reyes-003mar
Nolan Sanburn,20,2012,Arkansas,SEC,4,1,0.8,2.43,22,4,,,0,0,40.2,29,14,11,0,22,0,49,6,0,9,176,1.254,6.4,0,4.9,10.8,2.23,,player.fcgi?id=sanbur001nol
Ryne Stanek,20,2012,Arkansas,SEC,8,4,0.667,2.82,17,17,,,0,0,92.2,75,33,29,2,36,0,83,4,0,11,383,1.198,7.3,0.2,3.5,8.1,2.31,,player.fcgi?id=stanek001ryn
Colby Suggs,20,2012,Arkansas,SEC,7,1,0.875,1.38,30,0,,,0,0,39,26,6,6,2,19,1,36,2,0,4,156,1.154,6,0.5,4.4,8.3,1.89,,player.fcgi?id=suggs-000col
Tyler Wright*,21,2012,Arkansas,SEC,1,0,1,2.6,16,0,,,0,0,17.1,15,6,5,1,12,1,19,1,0,2,77,1.558,7.8,0.5,6.2,9.9,1.58,,player.fcgi?id=wright000tyl
Barrett Astin,19,2011,Arkansas,SEC,,,,2.64,,3,,,0,,61.1,57,21,18,,20,,57,,,,,1.255,8.4,,2.9,8.4,2.85,,player.fcgi?id=astin-000bar
DJ Baxendale,20,2011,Arkansas,SEC,,,,1.57,,12,,,0,,86,69,19,15,,21,,77,,,,,1.047,7.2,,2.2,8.1,3.67,,player.fcgi?id=baxend000dj-
Trent Daniel*,20,2011,Arkansas,SEC,,,,2.86,,0,,,0,,44,28,17,14,,22,,48,,,,,1.136,5.7,,4.5,9.8,2.18,,player.fcgi?id=daniel000tre
Geoffrey Davenport*,21,2011,Arkansas,SEC,,,,4.95,,3,,,0,,20,18,11,11,,7,,22,,,,,1.25,8.1,,3.2,9.9,3.14,,player.fcgi?id=davenp000geo
Randall Fant*,20,2011,Arkansas,SEC,,,,3.86,,11,,,0,,70,67,33,30,,15,,35,,,,,1.171,8.6,,1.9,4.5,2.33,,player.fcgi?id=fant--001ran
Zack Hall?,--,2011,Arkansas,SEC,,,,4.35,,0,,,0,,10.1,9,7,5,,8,,3,,,,,1.645,7.8,,7,2.6,0.38,,player.fcgi?id=hall--001zac
Jeff Harvill*,19,2011,Arkansas,SEC,,,,4.91,,0,,,0,,7.1,8,4,4,,4,,6,,,,,1.636,9.8,,4.9,7.4,1.5,,player.fcgi?id=harvil001---
Ben Hays?,--,2011,Arkansas,SEC,,,,45,,0,,,0,,1,4,6,5,,2,,0,,,,,6,36,,18,0,0,,player.fcgi?id=hays--001ben
Cade Lynch?,--,2011,Arkansas,SEC,,,,3.03,,10,,,0,,65.1,55,24,22,,27,,63,,,,,1.255,7.6,,3.7,8.7,2.33,,player.fcgi?id=lynch-000cad
Brandon Moore,19,2011,Arkansas,SEC,,,,3.42,,11,,,0,,71,73,30,27,,20,,38,,,,,1.31,9.3,,2.5,4.8,1.9,,player.fcgi?id=moore-004bra
Nolan Sanburn,19,2011,Arkansas,SEC,,,,3.55,,0,,,0,,33,28,13,13,,15,,35,,,,,1.303,7.6,,4.1,9.5,2.33,,player.fcgi?id=sanbur001nol
Ryne Stanek,19,2011,Arkansas,SEC,,,,3.94,,12,,,0,,64,50,32,28,,26,,41,,,,,1.188,7,,3.7,5.8,1.58,,player.fcgi?id=stanek001ryn
Colby Suggs,19,2011,Arkansas,SEC,,,,0.9,,0,,,0,,20,8,5,2,,17,,22,,,,,1.25,3.6,,7.7,9.9,1.29,,player.fcgi?id=suggs-000col
Noah Allen,20,2026,Ole Miss,SEC,1,0,1,2.89,8,0,,0,0,0,9.1,7,3,3,1,2,0,12,0,0,0,37,0.964,6.8,1,1.9,11.6,6,,player.fcgi?id=allen-001noa
Hudson Calhoun,21,2026,Ole Miss,SEC,5,4,0.556,4.05,22,2,,0,0,3,46.2,37,24,21,8,26,2,67,4,0,3,204,1.35,7.1,1.5,5,12.9,2.58,,player.fcgi?id=calhou000hud
Patrick Collopy*,21,2026,Ole Miss,SEC,0,0,,0,3,0,,0,0,0,2.1,1,0,0,0,3,0,3,0,0,0,11,1.714,3.9,0,11.6,11.6,1,,player.fcgi?id=collop000pat
Hunter Elliott*,23,2026,Ole Miss,SEC,5,3,0.625,5.4,17,17,,0,0,0,85,86,54,51,15,46,0,111,16,1,5,391,1.553,9.1,1.6,4.9,11.8,2.41,,player.fcgi?id=elliot000hun
Grayson Gibson*,20,2026,Ole Miss,SEC,1,1,0.5,3.38,8,2,,0,0,0,16,11,6,6,2,4,0,16,4,0,1,63,0.938,6.2,1.1,2.3,9,4,,player.fcgi?id=gibson002gra
Owen Hancock,20,2026,Ole Miss,SEC,2,0,1,3.77,9,0,,0,0,0,14.1,12,8,6,2,10,0,19,1,0,1,69,1.535,7.5,1.3,6.3,11.9,1.9,,player.fcgi?id=hancoc000owe
Terry Hayes,21,2026,Ole Miss,SEC,0,0,,10.22,10,2,,0,0,0,12.1,19,16,14,1,5,0,13,2,0,2,63,1.946,13.9,0.7,3.6,9.5,2.6,,player.fcgi?id=hayes-003ter
Walker Hooks*,20,2026,Ole Miss,SEC,3,1,0.75,3.24,28,0,,0,0,9,58.1,42,25,21,8,12,2,63,5,0,2,231,0.926,6.5,1.2,1.9,9.7,5.25,,player.fcgi?id=hooks-000wal
Owen Kelly,21,2026,Ole Miss,SEC,3,2,0.6,4.25,16,6,,0,0,0,29.2,32,20,14,2,10,0,31,8,0,0,137,1.416,9.7,0.6,3,9.4,3.1,,player.fcgi?id=kelly-003owe
Landon Koenig,21,2026,Ole Miss,SEC,3,1,0.75,6.35,17,0,,0,0,2,22.2,35,20,16,4,7,1,33,1,0,4,111,1.853,13.9,1.6,2.8,13.1,4.71,,player.fcgi?id=koenig004lan
Wil Libbert*,21,2026,Ole Miss,SEC,2,2,0.5,6.19,17,8,,0,0,0,48,56,37,33,10,23,0,51,3,1,1,220,1.646,10.5,1.9,4.3,9.6,2.22,,player.fcgi?id=libber000wil
Leo Odom,19,2026,Ole Miss,SEC,1,0,1,7.5,6,0,,0,0,0,6,6,5,5,1,2,0,12,1,0,1,27,1.333,9,1.5,3,18,6,,player.fcgi?id=odom--000leo
Taylor Rabe,21,2026,Ole Miss,SEC,5,3,0.625,3.55,17,11,,0,0,2,76,63,30,30,12,15,0,105,6,1,2,307,1.026,7.5,1.4,1.8,12.4,7,,player.fcgi?id=rabe--000tay
Jake Reigert,20,2026,Ole Miss,SEC,0,0,,18,1,0,,0,0,0,1,2,2,2,1,0,0,2,0,0,0,5,2,18,9,0,18,,,player.fcgi?id=reiger000jak
JP Robertson,22,2026,Ole Miss,SEC,5,2,0.714,4.34,22,1,,0,0,1,37.1,35,20,18,4,21,0,49,2,0,1,168,1.5,8.4,1,5.1,11.8,2.33,,player.fcgi?id=robert000jp-
Marko Sipila,22,2026,Ole Miss,SEC,0,0,,4.5,4,1,,0,0,0,6,5,3,3,1,2,0,9,1,0,0,26,1.167,7.5,1.5,3,13.5,4.5,,player.fcgi?id=sipila000mar
Cade Townsend,21,2026,Ole Miss,SEC,5,3,0.625,3.94,14,14,,0,0,0,64,55,33,28,10,22,1,88,4,0,5,276,1.203,7.7,1.4,3.1,12.4,4,,player.fcgi?id=townse000cad
Landon Waters,22,2026,Ole Miss,SEC,0,1,0,3,24,0,,0,0,2,24,22,10,8,5,12,0,25,0,0,3,104,1.417,8.3,1.9,4.5,9.4,2.08,,player.fcgi?id=waters000lan
Hudson Calhoun,20,2025,Ole Miss,SEC,3,0,1,5.11,21,0,,0,0,0,24.2,15,18,14,4,18,2,37,4,1,1,112,1.338,5.5,1.5,6.6,13.5,2.06,,player.fcgi?id=calhou000hud
Alex Canney,22,2025,Ole Miss,SEC,1,1,0.5,5.09,15,1,,0,0,0,17.2,25,12,10,0,10,1,22,7,0,2,96,1.981,12.7,0,5.1,11.2,2.2,,player.fcgi?id=canney000ale
Gunnar Dennis*,23,2025,Ole Miss,SEC,4,1,0.8,4.97,18,4,,0,0,0,29,34,18,16,3,16,0,32,3,0,1,136,1.724,10.6,0.9,5,9.9,2,,player.fcgi?id=dennis000gun
Hunter Elliott*,22,2025,Ole Miss,SEC,10,3,0.769,2.94,17,16,,0,0,0,85.2,59,31,28,4,40,0,102,15,0,2,361,1.156,6.2,0.4,4.2,10.7,2.55,,player.fcgi?id=elliot000hun
Patrick Galle,21,2025,Ole Miss,SEC,0,0,,9,8,0,,0,0,0,7,13,7,7,1,2,0,9,1,0,3,36,2.143,16.7,1.3,2.6,11.6,4.5,,player.fcgi?id=galle-000pat
Owen Hancock,19,2025,Ole Miss,SEC,1,0,1,5.4,4,0,,0,0,0,3.1,2,2,2,1,4,0,5,0,0,0,16,1.8,5.4,2.7,10.8,13.5,1.25,,player.fcgi?id=hancoc000owe
Walker Hooks*,19,2025,Ole Miss,SEC,1,2,0.333,4.82,22,2,,0,0,1,37.1,43,22,20,5,12,0,43,3,1,4,169,1.473,10.4,1.2,2.9,10.4,3.58,,player.fcgi?id=hooks-000wal
Cooper Johnson*,20,2025,Ole Miss,SEC,0,0,,8.1,4,0,,0,0,0,3.1,6,4,3,0,2,0,3,3,0,0,20,2.4,16.2,0,5.4,8.1,1.5,,player.fcgi?id=johnso005coo
Brayden Jones,23,2025,Ole Miss,SEC,1,2,0.333,5.5,18,0,,0,0,1,18,24,14,11,3,6,0,30,1,0,2,87,1.667,12,1.5,3,15,5,,player.fcgi?id=jones-022bra
Cole Ketchum,21,2025,Ole Miss,SEC,0,0,,9,2,0,,0,0,0,1,2,2,1,0,2,0,1,0,0,0,7,4,18,0,18,9,0.5,,player.fcgi?id=ketchu000col
Riley Maddox,22,2025,Ole Miss,SEC,6,5,0.545,5.56,17,16,,0,0,0,69.2,71,46,43,11,30,0,69,7,0,5,313,1.45,9.2,1.4,3.9,8.9,2.3,,player.fcgi?id=maddox001ril
Will McCausland,21,2025,Ole Miss,SEC,3,1,0.75,4.32,24,1,,0,0,2,41.2,42,24,20,5,11,0,55,3,0,4,180,1.272,9.1,1.1,2.4,11.9,5,,player.fcgi?id=mccaus002wil
Mason Morris,21,2025,Ole Miss,SEC,5,1,0.833,3.29,19,0,,0,0,1,54.2,45,25,20,6,21,0,78,2,1,6,229,1.207,7.4,1,3.5,12.8,3.71,,player.fcgi?id=morris001mas
Mason Nichols,22,2025,Ole Miss,SEC,3,2,0.6,5.4,16,14,,0,0,0,53.1,59,37,32,9,26,0,56,6,3,8,250,1.594,10,1.5,4.4,9.5,2.15,,player.fcgi?id=nichol000mas
Taylor Rabe,20,2025,Ole Miss,SEC,0,1,0,4.41,15,2,,0,0,0,16.1,22,15,8,3,2,1,8,6,0,2,79,1.469,12.1,1.7,1.1,4.4,4,,player.fcgi?id=rabe--000tay
Ryne Rodriguez*,21,2025,Ole Miss,SEC,1,1,0.5,5.4,19,0,,0,0,0,15,16,12,9,1,6,0,16,4,1,2,72,1.467,9.6,0.6,3.6,9.6,2.67,,player.fcgi?id=rodrig000ryn
Connor Spencer,24,2025,Ole Miss,SEC,0,1,0,1.82,21,0,,0,0,8,24.2,16,12,5,3,10,3,27,1,0,0,104,1.054,5.8,1.1,3.6,9.9,2.7,,player.fcgi?id=spence001con
Sam Tookoian,22,2025,Ole Miss,SEC,0,0,,6,5,0,,0,0,0,3,3,2,2,0,5,0,9,0,0,1,18,2.667,9,0,15,27,1.8,,player.fcgi?id=tookoi000sam
Cade Townsend,20,2025,Ole Miss,SEC,1,0,1,6.35,15,8,,0,0,0,34,28,30,24,4,20,0,43,6,0,7,153,1.412,7.4,1.1,5.3,11.4,2.15,,player.fcgi?id=townse000cad
Landon Waters,21,2025,Ole Miss,SEC,2,0,1,6.27,17,0,,0,0,1,18.2,16,13,13,4,10,0,24,4,0,4,78,1.393,7.7,1.9,4.8,11.6,2.4,,player.fcgi?id=waters000lan
Hudson Calhoun,19,2024,Ole Miss,SEC,0,0,,6.75,2,0,,0,0,0,1.1,1,2,1,0,1,0,1,1,0,0,6,1.5,6.8,0,6.8,6.8,1,,player.fcgi?id=calhou000hud
Kyler Carmack,21,2024,Ole Miss,SEC,0,0,,9.28,9,1,,0,0,0,10.2,14,12,11,4,9,0,11,1,1,0,55,2.156,11.8,3.4,7.6,9.3,1.22,,player.fcgi?id=carmac000kyl
Gunnar Dennis*,22,2024,Ole Miss,SEC,4,2,0.667,7.88,16,8,,0,0,0,40,55,39,35,5,21,2,46,9,1,3,202,1.9,12.4,1.1,4.7,10.4,2.19,,player.fcgi?id=dennis000gun
Liam Doyle*,20,2024,Ole Miss,SEC,3,4,0.429,5.73,16,11,,0,0,0,55,48,40,35,11,21,0,84,7,2,1,242,1.255,7.9,1.8,3.4,13.7,4,,player.fcgi?id=doyle-001lia
Patrick Galle,20,2024,Ole Miss,SEC,0,0,,6.75,6,0,,0,0,0,4,5,4,3,0,4,0,6,0,0,0,20,2.25,11.3,0,9,13.5,1.5,,player.fcgi?id=galle-000pat
Brayden Jones,22,2024,Ole Miss,SEC,1,0,1,5.54,21,0,,0,0,1,26,28,17,16,6,14,1,26,2,0,3,121,1.615,9.7,2.1,4.8,9,1.86,,player.fcgi?id=jones-022bra
Riley Maddox,21,2024,Ole Miss,SEC,3,7,0.3,5.48,15,14,,0,0,0,69,79,57,42,5,23,1,53,12,1,5,323,1.478,10.3,0.7,3,6.9,2.3,,player.fcgi?id=maddox001ril
Josh Mallitz,22,2024,Ole Miss,SEC,0,1,0,4.28,17,0,,0,0,0,27.1,27,14,13,3,20,1,30,4,0,5,132,1.72,8.9,1,6.6,9.9,1.5,,player.fcgi?id=mallit000jos
Wes Mendes*,19,2024,Ole Miss,SEC,2,1,0.667,6.82,17,2,,0,0,1,31.2,33,24,24,7,19,1,43,5,0,3,149,1.642,9.4,2,5.4,12.2,2.26,,player.fcgi?id=mendes000wes
Mason Morris,20,2024,Ole Miss,SEC,1,2,0.333,6.55,23,1,,0,0,1,33,29,26,24,4,21,0,37,7,0,4,155,1.515,7.9,1.1,5.7,10.1,1.76,,player.fcgi?id=morris001mas
Mitch Murrell,23,2024,Ole Miss,SEC,2,1,0.667,7.27,14,0,,0,0,0,17.1,20,15,14,4,6,0,16,3,0,4,77,1.5,10.4,2.1,3.1,8.3,2.67,,player.fcgi?id=murrel000mit
Mason Nichols,21,2024,Ole Miss,SEC,4,2,0.667,4.15,17,6,,0,0,0,39,31,20,18,5,21,1,42,3,0,2,168,1.333,7.2,1.2,4.8,9.7,2,,player.fcgi?id=nichol000mas
JT Quinn,20,2024,Ole Miss,SEC,1,3,0.25,8.84,11,3,,0,0,0,19.1,30,27,19,4,15,0,28,1,0,5,103,2.328,14,1.9,7,13,1.87,,player.fcgi?id=quinn-000jt-
Ryne Rodriguez*,20,2024,Ole Miss,SEC,0,0,,2.45,14,0,,0,0,0,14.2,13,8,4,2,7,0,15,0,1,1,64,1.364,8,1.2,4.3,9.2,2.14,,player.fcgi?id=rodrig000ryn
Grayson Saunier,20,2024,Ole Miss,SEC,4,3,0.571,5.64,11,10,,0,0,0,44.2,50,30,28,7,16,0,35,3,0,1,202,1.478,10.1,1.4,3.2,7.1,2.19,,player.fcgi?id=saunie000gra
Austin Simmons*,18,2024,Ole Miss,SEC,2,0,1,3.21,13,0,,0,0,0,14,9,7,5,0,11,0,20,1,0,3,64,1.429,5.8,0,7.1,12.9,1.82,,player.fcgi?id=simmon002aus
Connor Spencer,23,2024,Ole Miss,SEC,0,2,0,6.16,18,0,,0,0,7,19,14,13,13,3,10,1,28,2,0,2,84,1.263,6.6,1.4,4.7,13.3,2.8,,player.fcgi?id=spence001con
Cole Tolbert,21,2024,Ole Miss,SEC,0,1,0,7.71,6,0,,0,0,0,4.2,7,7,4,1,4,0,5,4,0,1,31,2.357,13.5,1.9,7.7,9.6,1.25,,player.fcgi?id=tolber000col
Sam Tookoian,21,2024,Ole Miss,SEC,0,0,,4.66,9,0,,0,0,0,9.2,10,7,5,2,4,0,16,1,0,1,45,1.448,9.3,1.9,3.7,14.9,4,,player.fcgi?id=tookoi000sam
Kemp Alderman,20,2023,Ole Miss,SEC,0,0,,0,2,0,,0,0,0,1.2,1,0,0,0,2,0,4,1,0,0,9,1.8,5.4,0,10.8,21.6,2,,player.fcgi?id=alderm000kem
Jack Dougherty,21,2023,Ole Miss,SEC,3,4,0.429,6.27,15,9,,0,0,2,60.1,63,45,42,15,22,0,65,5,0,2,270,1.409,9.4,2.2,3.3,9.7,2.95,,player.fcgi?id=doughe002jac
Hunter Elliott*,20,2023,Ole Miss,SEC,1,1,0.5,10.5,2,2,,0,0,0,6,5,7,7,2,6,0,12,0,0,0,29,1.833,7.5,3,9,18,2,,player.fcgi?id=elliot000hun
Tommy Henninger,21,2023,Ole Miss,SEC,0,0,,10.38,4,0,,0,0,0,4.1,5,5,5,0,2,0,4,0,0,0,20,1.615,10.4,0,4.2,8.3,2,,player.fcgi?id=hennin000tom
Brayden Jones,21,2023,Ole Miss,SEC,1,1,0.5,4.36,19,0,,0,0,2,33,31,17,16,3,20,0,29,6,0,8,151,1.545,8.5,0.8,5.5,7.9,1.45,,player.fcgi?id=jones-022bra
Cole Ketchum,19,2023,Ole Miss,SEC,0,1,0,7.11,15,0,,0,0,0,19,28,15,15,4,9,0,13,1,0,2,89,1.947,13.3,1.9,4.3,6.2,1.44,,player.fcgi?id=ketchu000col
Jackson Kimbrell*,22,2023,Ole Miss,SEC,0,2,0,8.64,12,0,,0,0,0,8.1,11,9,8,2,6,0,7,0,0,1,41,2.04,11.9,2.2,6.5,7.6,1.17,,player.fcgi?id=kimbre000jac
Riley Maddox,20,2023,Ole Miss,SEC,0,0,,39,5,0,,0,0,0,3,12,14,13,2,4,0,3,1,0,1,26,5.333,36,6,12,9,0.75,,player.fcgi?id=maddox001ril
Mason Morris,19,2023,Ole Miss,SEC,0,0,,5.87,9,0,,0,0,0,7.2,11,5,5,1,7,0,8,2,0,2,42,2.348,12.9,1.2,8.2,9.4,1.14,,player.fcgi?id=morris001mas
Mitch Murrell,22,2023,Ole Miss,SEC,2,2,0.5,4.64,22,0,,0,0,1,33,28,21,17,8,15,2,39,3,0,6,147,1.303,7.6,2.2,4.1,10.6,2.6,,player.fcgi?id=murrel000mit
Mason Nichols,20,2023,Ole Miss,SEC,4,3,0.571,5.45,23,0,,0,0,4,38,35,25,23,12,16,1,45,5,0,2,171,1.342,8.3,2.8,3.8,10.7,2.81,,player.fcgi?id=nichol000mas
Matt Parenteau,22,2023,Ole Miss,SEC,0,0,,0,4,0,,0,0,0,3,4,0,0,0,5,0,5,0,0,0,18,3,12,0,15,15,1,,player.fcgi?id=parent000mat
JT Quinn,19,2023,Ole Miss,SEC,3,4,0.429,6.83,17,12,,0,0,0,55.1,62,53,42,10,36,0,63,8,0,6,267,1.771,10.1,1.6,5.9,10.2,1.75,,player.fcgi?id=quinn-000jt-
Xavier Rivas*,20,2023,Ole Miss,SEC,5,5,0.5,6.35,14,14,,0,0,0,68,65,51,48,15,40,1,89,9,0,6,316,1.544,8.6,2,5.3,11.8,2.23,,player.fcgi?id=rivas-000xav
Grayson Saunier,19,2023,Ole Miss,SEC,2,4,0.333,6.85,12,12,,0,0,0,46,53,38,35,13,27,1,52,9,0,2,221,1.739,10.4,2.5,5.3,10.2,1.93,,player.fcgi?id=saunie000gra
Cole Tolbert,20,2023,Ole Miss,SEC,1,0,1,4.73,10,0,,0,0,0,13.1,19,8,7,3,6,0,18,3,0,0,69,1.875,12.8,2,4.1,12.2,3,,player.fcgi?id=tolber000col
Sam Tookoian,20,2023,Ole Miss,SEC,1,1,0.5,4.75,20,0,,0,0,1,30.1,25,18,16,4,28,1,44,1,1,6,144,1.747,7.4,1.2,8.3,13.1,1.57,,player.fcgi?id=tookoi000sam
Jordan Vera,20,2023,Ole Miss,SEC,2,1,0.667,8.59,13,5,,0,0,0,29.1,37,31,28,4,15,0,22,5,1,6,143,1.773,11.4,1.2,4.6,6.8,1.47,,player.fcgi?id=vera--000jor
Cole Baker,21,2022,Ole Miss,SEC,1,0,1,0,2,0,,0,0,0,1.1,0,0,0,0,1,0,2,0,0,0,5,0.75,0,0,6.8,13.5,2,,player.fcgi?id=baker-002col
Wes Burton,21,2022,Ole Miss,SEC,0,0,,15.43,5,0,,0,0,0,2.1,1,4,4,1,8,0,5,0,0,0,15,3.857,3.9,3.9,30.9,19.3,0.63,,player.fcgi?id=burton000wes
Max Cioffi,23,2022,Ole Miss,SEC,0,0,,10.13,4,0,,0,0,0,2.2,3,3,3,0,3,0,4,0,0,1,13,2.25,10.1,0,10.1,13.5,1.33,,player.fcgi?id=cioffi000max
Dylan DeLucia,21,2022,Ole Miss,SEC,8,2,0.8,3.68,21,12,,2,1,1,95.1,87,44,39,14,26,1,105,9,0,3,405,1.185,8.2,1.3,2.5,9.9,4.04,,player.fcgi?id=deluci000dyl
Derek Diamond,21,2022,Ole Miss,SEC,4,4,0.5,6.89,16,14,,0,0,0,65.1,81,53,50,14,13,1,57,3,1,3,296,1.439,11.2,1.9,1.8,7.9,4.38,,player.fcgi?id=diamon000der
Jack Dougherty,20,2022,Ole Miss,SEC,4,3,0.571,4.91,17,4,,0,0,2,44,48,24,24,4,16,2,61,4,0,3,200,1.455,9.8,0.8,3.3,12.5,3.81,,player.fcgi?id=doughe002jac
Hunter Elliott*,19,2022,Ole Miss,SEC,5,3,0.625,2.7,20,12,,0,0,0,80,57,29,24,4,34,0,102,10,0,6,332,1.138,6.4,0.5,3.8,11.5,3,,player.fcgi?id=elliot000hun
John Gaddis*,23,2022,Ole Miss,SEC,4,2,0.667,4.2,17,7,,0,0,1,49.1,50,24,23,7,19,2,49,2,0,1,215,1.399,9.1,1.3,3.5,8.9,2.58,,player.fcgi?id=gaddis000joh
Brandon Johnson,23,2022,Ole Miss,SEC,1,3,0.25,4.32,24,0,,0,0,12,41.2,31,21,20,8,21,0,71,2,1,4,180,1.248,6.7,1.7,4.5,15.3,3.38,,player.fcgi?id=johnso025bra
Jackson Kimbrell*,21,2022,Ole Miss,SEC,1,0,1,4,8,0,,0,0,0,9,3,4,4,0,4,0,12,3,0,0,37,0.778,3,0,4,12,3,,player.fcgi?id=kimbre000jac
Riley Maddox,19,2022,Ole Miss,SEC,2,1,0.667,5.24,14,0,,0,0,0,22.1,26,13,13,1,9,1,16,2,0,2,101,1.567,10.5,0.4,3.6,6.4,1.78,,player.fcgi?id=maddox001ril
Josh Mallitz,20,2022,Ole Miss,SEC,1,0,1,1.45,17,0,,0,0,2,31,19,6,5,3,12,0,48,1,1,2,124,1,5.5,0.9,3.5,13.9,4,,player.fcgi?id=mallit000jos
Drew McDaniel,21,2022,Ole Miss,SEC,5,3,0.625,6.06,15,7,,0,0,0,32.2,32,28,22,5,23,1,45,2,0,4,159,1.684,8.8,1.4,6.3,12.4,1.96,,player.fcgi?id=mcdani000dre
Mitch Murrell,21,2022,Ole Miss,SEC,0,0,,3.52,9,0,,0,0,0,7.2,8,4,3,1,5,0,11,2,0,4,38,1.696,9.4,1.2,5.9,12.9,2.2,,player.fcgi?id=murrel000mit
Mason Nichols,19,2022,Ole Miss,SEC,1,0,1,2.84,21,0,,0,0,0,31.2,22,12,10,4,12,0,41,3,1,1,130,1.074,6.3,1.1,3.4,11.7,3.42,,player.fcgi?id=nichol000mas
Matt Parenteau,21,2022,Ole Miss,SEC,0,0,,4.76,8,0,,0,0,0,5.2,7,4,3,2,4,0,7,1,1,0,30,1.941,11.1,3.2,6.4,11.1,1.75,,player.fcgi?id=parent000mat
Logan Savell,22,2022,Ole Miss,SEC,0,0,,9,2,0,,0,0,0,2,2,2,2,0,1,0,4,1,0,1,10,1.5,9,0,4.5,18,4,,player.fcgi?id=savell000log
Jack Washburn,21,2022,Ole Miss,SEC,5,2,0.714,3.35,15,9,,0,0,0,40.1,33,20,15,4,23,0,42,9,2,5,184,1.388,7.4,0.9,5.1,9.4,1.83,,player.fcgi?id=washbu000jac
Cody Adcock,19,2021,Ole Miss,SEC,0,0,,6.41,14,2,,0,0,0,19.2,32,18,14,7,11,0,24,0,0,1,101,2.186,14.6,3.2,5,11,2.18,,player.fcgi?id=adcock000cod
Cole Baker,20,2021,Ole Miss,SEC,0,0,,8.1,4,0,,0,0,0,3.1,4,4,3,0,6,0,5,0,0,3,21,3,10.8,0,16.2,13.5,0.83,,player.fcgi?id=baker-002col
Luke Baker*,19,2021,Ole Miss,SEC,0,0,,24,6,0,,0,0,0,3,12,12,8,1,2,0,6,1,0,1,25,4.667,36,3,6,18,3,,player.fcgi?id=baker-004luk
Taylor Broadway,24,2021,Ole Miss,SEC,4,3,0.571,3.44,30,1,,0,0,16,49.2,46,20,19,4,9,0,66,1,1,4,203,1.107,8.3,0.7,1.6,12,7.33,,player.fcgi?id=broadw000tay
Wes Burton,20,2021,Ole Miss,SEC,0,0,,3.57,15,0,,0,0,0,17.2,12,8,7,2,13,0,31,1,0,2,78,1.415,6.1,1,6.6,15.8,2.38,,player.fcgi?id=burton000wes
Max Cioffi,22,2021,Ole Miss,SEC,0,0,,6.75,2,0,,0,0,0,2.2,4,2,2,0,4,0,4,0,0,0,15,3,13.5,0,13.5,13.5,1,,player.fcgi?id=cioffi000max
Derek Diamond,20,2021,Ole Miss,SEC,3,5,0.375,5.26,20,14,,0,0,1,75.1,80,54,44,15,32,0,82,7,0,5,348,1.487,9.6,1.8,3.8,9.8,2.56,,player.fcgi?id=diamon000der
Jack Dougherty,19,2021,Ole Miss,SEC,2,2,0.5,5.4,12,2,,0,0,0,25,23,17,15,2,7,0,36,1,0,2,109,1.2,8.3,0.7,2.5,13,5.14,,player.fcgi?id=doughe002jac
Braden Forsyth,21,2021,Ole Miss,SEC,0,1,0,7.71,13,0,,0,0,1,11.2,9,10,10,3,8,0,15,6,0,2,56,1.457,6.9,2.3,6.2,11.6,1.88,,player.fcgi?id=forsyt000bra
Gunnar Hoglund,21,2021,Ole Miss,SEC,4,2,0.667,2.87,11,11,,0,0,0,62.2,40,22,20,7,17,0,96,2,0,2,247,0.91,5.7,1,2.4,13.8,5.65,,player.fcgi?id=hoglun000gun
Greer Holston,23,2021,Ole Miss,SEC,0,0,,0,2,0,,0,0,0,3.1,1,0,0,0,0,0,4,2,0,0,12,0.3,2.7,0,0,10.8,,,player.fcgi?id=holsto000gre
Brandon Johnson,22,2021,Ole Miss,SEC,1,0,1,4.7,18,0,,0,0,1,23,24,13,12,1,10,0,28,4,0,0,107,1.478,9.4,0.4,3.9,11,2.8,,player.fcgi?id=johnso025bra
Jackson Kimbrell*,20,2021,Ole Miss,SEC,5,1,0.833,5.74,24,0,,0,0,0,31.1,28,21,20,3,19,2,38,2,1,8,142,1.5,8,0.9,5.5,10.9,2,,player.fcgi?id=kimbre000jac
Josh Mallitz,19,2021,Ole Miss,SEC,4,1,0.8,7.33,17,6,,0,0,0,27,41,25,22,2,10,0,35,0,0,3,135,1.889,13.7,0.7,3.3,11.7,3.5,,player.fcgi?id=mallit000jos
Drew McDaniel,20,2021,Ole Miss,SEC,5,2,0.714,6.08,20,13,,0,0,0,63.2,78,47,43,10,22,0,72,6,3,3,295,1.571,11,1.4,3.1,10.2,3.27,,player.fcgi?id=mcdani000dre
Austin Miller,23,2021,Ole Miss,SEC,1,1,0.5,5,21,0,,0,0,1,27,26,16,15,7,11,1,30,2,0,3,116,1.37,8.7,2.3,3.7,10,2.73,,player.fcgi?id=miller004aus
Mitch Murrell,20,2021,Ole Miss,SEC,0,0,,6.35,5,0,,0,0,0,5.2,3,4,4,0,4,0,6,0,1,2,25,1.235,4.8,0,6.4,9.5,1.5,,player.fcgi?id=murrel000mit
Tyler Myers,22,2021,Ole Miss,SEC,4,2,0.667,5.57,21,3,,0,0,0,42,45,26,26,6,5,0,44,3,0,1,182,1.19,9.6,1.3,1.1,9.4,8.8,,player.fcgi?id=myers-000tyl
Doug Nikhazy*,21,2021,Ole Miss,SEC,12,2,0.857,2.45,16,15,,1,1,0,92,62,30,25,11,31,0,142,6,0,3,372,1.011,6.1,1.1,3,13.9,4.58,,player.fcgi?id=nikhaz000dou
Logan Savell,21,2021,Ole Miss,SEC,0,0,,40.5,2,0,,0,0,0,0.2,6,5,3,1,0,0,1,0,0,0,8,9,81,13.5,0,13.5,,,player.fcgi?id=savell000log
Cole Baker,19,2020,Ole Miss,SEC,0,0,,0,4,0,,0,0,0,4.1,1,0,0,0,1,0,2,0,0,0,16,0.462,2.1,0,2.1,4.2,2,,player.fcgi?id=baker-002col
Taylor Broadway,23,2020,Ole Miss,SEC,2,0,1,0.56,7,0,,0,0,0,16,16,3,1,0,3,0,18,2,1,1,64,1.188,9,0,1.7,10.1,6,,player.fcgi?id=broadw000tay
Wes Burton,19,2020,Ole Miss,SEC,1,0,1,1.42,4,1,,0,0,0,6.1,3,1,1,0,5,0,7,2,0,0,29,1.263,4.3,0,7.1,9.9,1.4,,player.fcgi?id=burton000wes
Max Cioffi,21,2020,Ole Miss,SEC,0,0,,0,6,0,,0,0,1,8,3,1,0,0,0,0,12,0,0,1,26,0.375,3.4,0,0,13.5,,,player.fcgi?id=cioffi000max
Derek Diamond,19,2020,Ole Miss,SEC,2,0,1,3.48,4,4,,0,0,0,20.2,18,9,8,5,4,0,15,0,0,0,83,1.065,7.8,2.2,1.7,6.5,3.75,,player.fcgi?id=diamon000der
Braden Forsyth,20,2020,Ole Miss,SEC,1,0,1,1.23,6,0,,0,0,5,7.1,5,1,1,0,4,0,9,0,0,1,30,1.227,6.1,0,4.9,11,2.25,,player.fcgi?id=forsyt000bra
Ben Gilbert?,--,2020,Ole Miss,SEC,0,0,,9.45,4,1,,0,0,0,6.2,12,7,7,1,1,0,8,0,0,0,31,1.95,16.2,1.4,1.4,10.8,8,,player.fcgi?id=gilber002ben
Gunnar Hoglund,20,2020,Ole Miss,SEC,3,0,1,1.16,4,4,,0,0,0,23.1,18,5,3,0,4,2,37,1,0,2,94,0.943,6.9,0,1.5,14.3,9.25,,player.fcgi?id=hoglun000gun
Greer Holston,22,2020,Ole Miss,SEC,0,0,,20.25,5,1,,0,0,0,4,11,10,9,0,8,0,5,0,0,1,31,4.75,24.8,0,18,11.3,0.63,,player.fcgi?id=holsto000gre
Jackson Kimbrell*,19,2020,Ole Miss,SEC,2,0,1,2.45,5,2,,0,0,0,11,11,4,3,1,3,0,9,0,0,1,48,1.273,9,0.8,2.5,7.4,3,,player.fcgi?id=kimbre000jac
Drew McDaniel,19,2020,Ole Miss,SEC,0,0,,9,3,0,,0,0,0,3,3,3,3,1,3,0,2,3,0,1,16,2,9,3,9,6,0.67,,player.fcgi?id=mcdani000dre
Austin Miller,22,2020,Ole Miss,SEC,2,0,1,2.08,7,0,,0,0,0,13,7,3,3,3,5,1,19,1,0,1,51,0.923,4.8,2.1,3.5,13.2,3.8,,player.fcgi?id=miller004aus
Mitch Murrell,19,2020,Ole Miss,SEC,0,0,,0,1,0,,0,0,0,1,1,0,0,0,0,0,1,1,0,0,5,1,9,0,0,9,,,player.fcgi?id=murrel000mit
Doug Nikhazy*,20,2020,Ole Miss,SEC,3,1,0.75,2.35,4,4,,0,0,0,23,9,6,6,0,9,0,31,1,0,1,85,0.783,3.5,0,3.5,12.1,3.44,,player.fcgi?id=nikhaz000dou
Logan Savell,20,2020,Ole Miss,SEC,0,0,,10.8,5,0,,0,0,0,3.1,5,5,4,1,1,0,4,1,0,0,17,1.8,13.5,2.7,2.7,10.8,4,,player.fcgi?id=savell000log
Taylor Broadway,22,2019,Ole Miss,SEC,1,0,1,6.56,15,0,,0,0,0,23.1,32,18,17,5,3,0,23,1,0,2,104,1.5,12.3,1.9,1.2,8.9,7.67,,player.fcgi?id=broadw000tay
Parker Caracci,22,2019,Ole Miss,SEC,3,3,0.5,6.12,24,0,,0,0,11,32.1,28,26,22,5,19,1,38,4,0,7,144,1.454,7.8,1.4,5.3,10.6,2,,player.fcgi?id=caracc000par
Max Cioffi,20,2019,Ole Miss,SEC,2,2,0.5,4.45,16,1,,0,0,0,30.1,31,18,15,4,9,1,38,2,0,1,130,1.319,9.2,1.2,2.7,11.3,4.22,,player.fcgi?id=cioffi000max
Will Ethridge,21,2019,Ole Miss,SEC,7,7,0.5,3.39,17,16,,0,0,0,93,87,45,35,3,24,1,73,10,1,1,391,1.194,8.4,0.3,2.3,7.1,3.04,,player.fcgi?id=ethrid000wil
Ray Falk,--,2019,Ole Miss,SEC,0,0,,36,2,0,,0,0,0,1,2,4,4,1,2,0,1,0,0,0,7,4,18,9,18,9,0.5,,player.fcgi?id=falk--002ray
Jordan Fowler*,20,2019,Ole Miss,SEC,1,0,1,6.87,9,4,,0,0,0,18.1,16,17,14,1,12,0,18,4,0,0,85,1.527,7.9,0.5,5.9,8.8,1.5,,player.fcgi?id=fowler000jor
Connor Green,22,2019,Ole Miss,SEC,3,2,0.6,4.81,19,0,,0,0,0,24.1,27,14,13,1,11,5,24,0,0,2,109,1.562,10,0.4,4.1,8.9,2.18,,player.fcgi?id=green-000con
Kaleb Hill*,19,2019,Ole Miss,SEC,0,0,,7.71,14,0,,0,0,0,11.2,15,11,10,1,8,0,14,3,0,2,62,1.971,11.6,0.8,6.2,10.8,1.75,,player.fcgi?id=hill--000kal
Gunnar Hoglund,19,2019,Ole Miss,SEC,3,3,0.5,5.29,17,16,,0,0,0,68,77,45,40,7,14,1,53,7,0,2,299,1.338,10.2,0.9,1.9,7,3.79,,player.fcgi?id=hoglun000gun
Greer Holston,21,2019,Ole Miss,SEC,0,0,,0,1,0,,0,0,0,1,0,0,0,0,1,0,1,1,0,0,5,1,0,0,9,9,1,,player.fcgi?id=holsto000gre
Austin Miller,21,2019,Ole Miss,SEC,5,3,0.625,3.15,32,0,,0,0,2,54.1,40,21,19,4,25,4,62,2,0,5,228,1.196,6.6,0.7,4.1,10.3,2.48,,player.fcgi?id=miller004aus
Tyler Myers,20,2019,Ole Miss,SEC,2,0,1,4.97,23,0,,0,0,1,38,41,21,21,9,9,1,34,1,0,0,157,1.316,9.7,2.1,2.1,8.1,3.78,,player.fcgi?id=myers-000tyl
Doug Nikhazy*,19,2019,Ole Miss,SEC,9,3,0.75,3.31,20,14,,0,0,1,89.2,78,34,33,10,33,4,86,8,0,5,374,1.238,7.8,1,3.3,8.6,2.61,,player.fcgi?id=nikhaz000dou
Ryan Olenek,22,2019,Ole Miss,SEC,0,0,,1.5,7,0,,0,0,2,6,3,1,1,0,3,0,6,1,0,1,24,1,4.5,0,4.5,9,2,,player.fcgi?id=olenek000rya
Zack Phillips*,20,2019,Ole Miss,SEC,4,3,0.571,4.99,19,13,,0,0,0,61.1,62,39,34,6,25,0,52,8,0,5,280,1.418,9.1,0.9,3.7,7.6,2.08,,player.fcgi?id=philli004zac
Houston Roth,21,2019,Ole Miss,SEC,1,1,0.5,3.67,21,4,,0,0,1,41.2,47,24,17,2,17,1,47,3,2,5,195,1.536,10.2,0.4,3.7,10.2,2.76,,player.fcgi?id=roth--000hou
Pierce Smith*,22,2019,Ole Miss,SEC,0,0,,0,1,0,,0,0,0,1,0,0,0,0,1,0,1,1,0,2,5,1,0,0,9,9,1,,player.fcgi?id=smith-000pie
Parker Caracci,21,2018,Ole Miss,SEC,5,2,0.714,2.25,27,0,,0,0,10,48,38,16,12,1,14,1,73,4,0,3,197,1.083,7.1,0.2,2.6,13.7,5.21,,player.fcgi?id=caracc000par
Max Cioffi,19,2018,Ole Miss,SEC,0,0,,1.96,14,0,,0,0,0,23,14,5,5,1,9,0,16,3,0,2,93,1,5.5,0.4,3.5,6.3,1.78,,player.fcgi?id=cioffi000max
Colin Coates,21,2018,Ole Miss,SEC,0,0,,13.5,2,0,,0,0,0,1.1,1,2,2,0,3,0,1,0,0,0,8,3,6.8,0,20.3,6.8,0.33,,player.fcgi?id=coates000col
Will Ethridge,20,2018,Ole Miss,SEC,3,1,0.75,3.91,26,0,,0,0,3,50.2,49,28,22,5,14,2,53,5,0,2,221,1.243,8.7,0.9,2.5,9.4,3.79,,player.fcgi?id=ethrid000wil
Brady Feigl,22,2018,Ole Miss,SEC,8,5,0.615,4.03,16,16,,0,0,0,91.2,91,47,41,8,26,0,93,5,0,9,386,1.276,8.9,0.8,2.6,9.1,3.58,,player.fcgi?id=feigl-001bra
Jordan Fowler*,19,2018,Ole Miss,SEC,7,0,1,3.2,16,9,,0,0,0,45,40,18,16,4,18,0,34,2,0,4,190,1.289,8,0.8,3.6,6.8,1.89,,player.fcgi?id=fowler000jor
Connor Green,21,2018,Ole Miss,SEC,0,0,,3.75,9,0,,0,0,0,12,11,5,5,1,8,0,9,2,0,0,55,1.583,8.3,0.8,6,6.8,1.13,,player.fcgi?id=green-000con
Greer Holston,20,2018,Ole Miss,SEC,2,1,0.667,3.27,24,0,,0,0,0,33,36,17,12,2,9,1,35,4,0,2,148,1.364,9.8,0.5,2.5,9.5,3.89,,player.fcgi?id=holsto000gre
James McArthur,21,2018,Ole Miss,SEC,6,1,0.857,4.48,16,16,,0,0,0,66.1,58,35,33,9,38,0,58,7,1,6,296,1.447,7.9,1.2,5.2,7.9,1.53,,player.fcgi?id=mcarth000jam
Austin Miller,20,2018,Ole Miss,SEC,0,0,,4.02,12,0,,0,0,0,15.2,13,8,7,2,3,0,22,0,0,1,63,1.021,7.5,1.1,1.7,12.6,7.33,,player.fcgi?id=miller004aus
Ryan Olenek,21,2018,Ole Miss,SEC,0,0,,0,1,0,,0,0,0,0.2,0,0,0,0,1,0,0,0,0,0,2,1.5,0,0,13.5,0,0,,player.fcgi?id=olenek000rya
Ryan Rolison*,20,2018,Ole Miss,SEC,10,4,0.714,3.7,17,16,,0,0,0,97.1,88,50,40,5,45,0,120,6,1,12,428,1.366,8.1,0.5,4.2,11.1,2.67,,player.fcgi?id=roliso000rya
Houston Roth,20,2018,Ole Miss,SEC,5,1,0.833,4.44,16,8,,0,0,1,52.2,55,29,26,5,25,0,68,4,0,4,237,1.519,9.4,0.9,4.3,11.6,2.72,,player.fcgi?id=roth--000hou
Pierce Smith*,21,2018,Ole Miss,SEC,0,0,,54,1,0,,0,0,0,0.1,0,2,2,0,0,0,0,3,0,1,4,0,0,0,0,0,,,player.fcgi?id=smith-000pie
Will Stokes,22,2018,Ole Miss,SEC,1,1,0.5,8.39,20,0,,0,0,1,24.2,33,23,23,3,9,1,23,3,0,1,113,1.703,12,1.1,3.3,8.4,2.56,,player.fcgi?id=stokes003wil
Dallas Woolfolk,21,2018,Ole Miss,SEC,1,1,0.5,2.51,16,0,,0,0,6,14.1,18,4,4,2,5,0,16,1,0,1,64,1.605,11.3,1.3,3.1,10,3.2,,player.fcgi?id=woolfo000dal
Jason Barber,19,2017,Ole Miss,SEC,0,0,,6,3,0,,0,0,0,3,5,3,2,2,2,0,1,1,0,0,15,2.333,15,6,6,3,0.5,,player.fcgi?id=barber000jas
Will Ethridge,19,2017,Ole Miss,SEC,2,2,0.5,2.41,19,4,,0,0,1,41,32,15,11,1,11,1,50,4,0,7,167,1.049,7,0.2,2.4,11,4.55,,player.fcgi?id=ethrid000wil
Brady Feigl,21,2017,Ole Miss,SEC,2,2,0.5,4.08,17,6,,0,0,1,53,55,28,24,4,10,0,54,5,0,8,226,1.226,9.3,0.7,1.7,9.2,5.4,,player.fcgi?id=feigl-001bra
Connor Green,20,2017,Ole Miss,SEC,0,0,,5.29,12,0,,0,0,0,17,14,16,10,1,10,1,20,3,0,2,77,1.412,7.4,0.5,5.3,10.6,2,,player.fcgi?id=green-000con
Greer Holston,19,2017,Ole Miss,SEC,2,3,0.4,5.27,17,8,,0,0,0,54.2,55,34,32,6,22,0,55,9,1,4,244,1.409,9.1,1,3.6,9.1,2.5,,player.fcgi?id=holsto000gre
Sean Johnson,22,2017,Ole Miss,SEC,1,1,0.5,4.76,7,3,,0,0,0,17,13,9,9,1,8,0,11,2,0,3,72,1.235,6.9,0.5,4.2,5.8,1.38,,player.fcgi?id=johnso006sea
James McArthur,20,2017,Ole Miss,SEC,3,6,0.333,4.73,12,12,,0,0,0,64.2,49,38,34,7,24,0,60,5,1,8,270,1.129,6.8,1,3.3,8.4,2.5,,player.fcgi?id=mcarth000jam
Andy Pagnozzi,20,2017,Ole Miss,SEC,2,1,0.667,3.31,13,0,,0,0,0,16.1,14,11,6,1,5,0,16,5,0,0,73,1.163,7.7,0.6,2.8,8.8,3.2,,player.fcgi?id=pagnoz000and
David Parkinson*,21,2017,Ole Miss,SEC,6,3,0.667,3.39,14,14,,0,0,0,77,75,36,29,10,24,0,76,6,1,1,324,1.286,8.8,1.2,2.8,8.9,3.17,,player.fcgi?id=parkin002dav
Ryan Rolison*,19,2017,Ole Miss,SEC,6,3,0.667,3.06,19,10,,0,0,0,61.2,57,23,21,2,24,2,64,2,1,4,266,1.314,8.3,0.3,3.5,9.3,2.67,,player.fcgi?id=roliso000rya
Houston Roth,19,2017,Ole Miss,SEC,3,0,1,1.57,18,0,,0,0,0,28.2,25,10,5,3,8,2,41,2,0,4,123,1.151,7.8,0.9,2.5,12.9,5.13,,player.fcgi?id=roth--000hou
Will Stokes,21,2017,Ole Miss,SEC,2,2,0.5,2.67,24,0,,0,0,4,33.2,30,14,10,5,10,2,35,0,0,0,136,1.188,8,1.3,2.7,9.4,3.5,,player.fcgi?id=stokes003wil
Dallas Woolfolk,20,2017,Ole Miss,SEC,3,2,0.6,2.15,26,0,,0,0,12,37.2,27,10,9,2,5,0,41,2,1,2,145,0.85,6.5,0.5,1.2,9.8,8.2,,player.fcgi?id=woolfo000dal
Brady Bramlett,22,2016,Ole Miss,SEC,8,3,0.727,3.17,16,16,,0,0,0,82.1,79,31,29,6,23,0,96,4,0,1,351,1.239,8.6,0.7,2.5,10.5,4.17,,player.fcgi?id=bramle000bra
Brian Browning*,21,2016,Ole Miss,SEC,0,0,,9,4,0,,0,0,0,3,3,3,3,0,4,0,2,0,0,4,16,2.333,9,0,12,6,0.5,,player.fcgi?id=browni000bri
Matt Denny*,22,2016,Ole Miss,SEC,0,1,0,9,9,0,,0,0,0,6,9,8,6,0,4,0,6,0,0,2,30,2.167,13.5,0,6,9,1.5,,player.fcgi?id=denny-000mat
Brady Feigl,20,2016,Ole Miss,SEC,4,0,1,3.76,26,0,,0,0,0,40.2,44,23,17,0,14,0,39,5,0,1,184,1.426,9.7,0,3.1,8.6,2.79,,player.fcgi?id=feigl-001bra
Connor Green,19,2016,Ole Miss,SEC,0,0,,2.73,20,0,,0,0,0,33,26,15,10,1,19,2,37,4,0,3,149,1.364,7.1,0.3,5.2,10.1,1.95,,player.fcgi?id=green-000con
Sean Johnson,21,2016,Ole Miss,SEC,3,1,0.75,4.96,10,9,,0,0,0,32.2,38,22,18,4,18,0,18,1,1,4,150,1.714,10.5,1.1,5,5,1,,player.fcgi?id=johnso006sea
Andrew Lowe,19,2016,Ole Miss,SEC,0,0,,3,8,0,,0,0,0,9,4,5,3,0,7,0,8,2,0,0,40,1.222,4,0,7,8,1.14,,player.fcgi?id=lowe--003and
James McArthur,19,2016,Ole Miss,SEC,6,1,0.857,4.26,15,12,,0,0,0,61.1,66,30,29,6,20,0,61,6,1,4,270,1.402,9.7,0.9,2.9,9,3.05,,player.fcgi?id=mcarth000jam
Andy Pagnozzi,19,2016,Ole Miss,SEC,8,2,0.8,3.31,22,3,,0,0,1,49,44,23,18,0,9,0,39,3,0,2,203,1.082,8.1,0,1.7,7.2,4.33,,player.fcgi?id=pagnoz000and
David Parkinson*,20,2016,Ole Miss,SEC,5,3,0.625,2.78,22,9,,0,0,0,68,74,27,21,6,24,2,50,3,0,2,290,1.441,9.8,0.8,3.2,6.6,2.08,,player.fcgi?id=parkin002dav
Wyatt Short*,21,2016,Ole Miss,SEC,2,3,0.4,2.9,22,1,,0,0,11,40.1,38,16,13,3,10,1,31,3,0,2,164,1.19,8.5,0.7,2.2,6.9,3.1,,player.fcgi?id=short-000wya
Chad Smith,21,2016,Ole Miss,SEC,4,4,0.5,4.22,15,12,,0,0,0,59.2,64,33,28,2,39,0,62,6,2,9,286,1.726,9.7,0.3,5.9,9.4,1.59,,player.fcgi?id=smith-054cha
Will Stokes,20,2016,Ole Miss,SEC,2,1,0.667,2.93,30,0,,0,0,7,43,37,17,14,4,7,1,40,2,0,3,173,1.023,7.7,0.8,1.5,8.4,5.71,,player.fcgi?id=stokes003wil
Dallas Woolfolk,19,2016,Ole Miss,SEC,1,0,1,2.55,18,0,,0,0,1,17.2,20,8,5,0,8,2,8,0,2,5,79,1.585,10.2,0,4.1,4.1,1,,player.fcgi?id=woolfo000dal
Evan Anderson*,20,2015,Ole Miss,SEC,1,2,0.333,6.02,15,7,,,0,0,40.1,57,34,27,2,19,0,31,3,1,8,199,1.884,12.7,0.4,4.2,6.9,1.63,,player.fcgi?id=anders000eva
Scott Ashford*,23,2015,Ole Miss,SEC,0,0,,2.7,5,0,,,0,0,3.1,4,3,1,1,2,0,4,1,0,0,18,1.8,10.8,2.7,5.4,10.8,2,,player.fcgi?id=ashfor000sco
Mitchel Babb,22,2015,Ole Miss,SEC,2,0,1,6.04,14,2,,,0,0,22.1,24,17,15,2,16,0,17,0,0,2,106,1.791,9.7,0.8,6.4,6.9,1.06,,player.fcgi?id=babb--000mit
Brady Bramlett,21,2015,Ole Miss,SEC,7,4,0.636,3.74,15,15,,,0,0,84.1,79,43,35,10,21,1,83,5,2,3,356,1.186,8.4,1.1,2.2,8.9,3.95,,player.fcgi?id=bramle000bra
Matt Denny*,21,2015,Ole Miss,SEC,1,0,1,10.8,9,0,,,0,0,8.1,15,15,10,0,6,0,8,1,0,0,50,2.52,16.2,0,6.5,8.6,1.33,,player.fcgi?id=denny-000mat
Sean Johnson,20,2015,Ole Miss,SEC,0,0,,0,1,0,,,0,0,1,1,0,0,0,0,0,0,0,0,0,3,1,9,0,0,0,,,player.fcgi?id=johnso006sea
John Ray,--,2015,Ole Miss,SEC,0,0,,2.08,5,0,,,0,0,4.1,4,4,1,0,5,0,0,0,0,0,23,2.077,8.3,0,10.4,0,0,,player.fcgi?id=ray---009joh
Wyatt Short*,20,2015,Ole Miss,SEC,4,1,0.8,1.38,23,0,,,0,10,39,28,6,6,1,12,0,44,4,0,1,158,1.026,6.5,0.2,2.8,10.2,3.67,,player.fcgi?id=short-000wya
Sam Smith?,--,2015,Ole Miss,SEC,2,5,0.286,6.41,14,9,,,0,0,46.1,48,36,33,4,13,0,22,6,0,6,205,1.317,9.3,0.8,2.5,4.3,1.69,,player.fcgi?id=smith-008sam
Will Stokes,19,2015,Ole Miss,SEC,2,5,0.286,6.59,18,6,,,0,3,42.1,47,33,31,3,11,0,21,5,0,2,184,1.37,10,0.6,2.3,4.5,1.91,,player.fcgi?id=stokes003wil
Christian Trent*,22,2015,Ole Miss,SEC,7,7,0.5,3.74,15,15,,,0,0,98.2,108,47,41,9,22,2,72,8,0,13,422,1.318,9.9,0.8,2,6.6,3.27,,player.fcgi?id=trent-000chr
Jacob Waguespack,21,2015,Ole Miss,SEC,0,0,,3.33,25,0,,,0,1,46,55,27,17,2,16,0,34,3,1,1,210,1.543,10.8,0.4,3.1,6.7,2.13,,player.fcgi?id=wagues000jac
Scott Weathersby,23,2015,Ole Miss,SEC,4,2,0.667,2.62,17,4,,,0,3,55,45,17,16,4,14,2,51,0,0,2,223,1.073,7.4,0.7,2.3,8.3,3.64,,player.fcgi?id=weathe000sco
Evan Anderson*,19,2014,Ole Miss,SEC,2,0,1,2.11,10,5,,,0,0,21.1,9,8,5,0,10,1,20,1,1,4,82,0.891,3.8,0,4.2,8.4,2,,player.fcgi?id=anders000eva
Scott Ashford*,22,2014,Ole Miss,SEC,0,0,,0,3,0,,,0,0,1.1,1,0,0,0,1,0,2,1,0,0,6,1.5,6.8,0,6.8,13.5,2,,player.fcgi?id=ashfor000sco
Cheyne Bickel,19,2014,Ole Miss,SEC,3,1,0.75,4.26,12,0,,,0,0,12.2,19,6,6,1,1,0,8,3,0,2,61,1.579,13.5,0.7,0.7,5.7,8,,player.fcgi?id=bickel000che
Austin Blunt?,--,2014,Ole Miss,SEC,0,0,,9.64,7,0,,,0,0,4.2,7,6,5,0,3,0,2,1,0,0,23,2.143,13.5,0,5.8,3.9,0.67,,player.fcgi?id=blunt-000aus
Hawtin Buchanan,21,2014,Ole Miss,SEC,0,0,,8.18,12,0,,,0,0,11,11,11,10,0,9,0,16,2,0,2,56,1.818,9,0,7.4,13.1,1.78,,player.fcgi?id=buchan000haw
Matt Denny*,20,2014,Ole Miss,SEC,1,1,0.5,4.2,15,0,,,0,0,15,16,7,7,1,5,0,11,1,1,0,65,1.4,9.6,0.6,3,6.6,2.2,,player.fcgi?id=denny-000mat
Chris Ellis,21,2014,Ole Miss,SEC,10,3,0.769,2.55,19,18,,,1,0,116.1,111,42,33,7,42,1,67,13,1,6,497,1.315,8.6,0.5,3.2,5.2,1.6,,player.fcgi?id=ellis-002chr
Aaron Greenwood,22,2014,Ole Miss,SEC,3,2,0.6,2.03,22,0,,,0,5,44.1,29,12,10,1,12,0,35,6,1,1,180,0.925,5.9,0.2,2.4,7.1,2.92,,player.fcgi?id=greenw000aar
Josh Laxer,21,2014,Ole Miss,SEC,3,2,0.6,1.47,23,0,,,0,6,36.2,30,14,6,2,11,2,43,1,0,2,155,1.118,7.4,0.5,2.7,10.6,3.91,,player.fcgi?id=laxer-000jos
Jeremy Massie?,--,2014,Ole Miss,SEC,4,3,0.571,2.69,21,9,,,0,1,63.2,61,23,19,1,17,1,46,1,1,5,265,1.225,8.6,0.1,2.4,6.5,2.71,,player.fcgi?id=massie000jer
Wyatt Short*,19,2014,Ole Miss,SEC,3,3,0.5,2.59,23,0,,,0,3,31.1,19,9,9,0,13,2,34,2,0,0,124,1.021,5.5,0,3.7,9.8,2.62,,player.fcgi?id=short-000wya
Sam Smith?,--,2014,Ole Miss,SEC,5,4,0.556,3.61,18,18,,,0,0,94.2,108,47,38,3,21,0,54,5,1,2,418,1.363,10.3,0.3,2,5.1,2.57,,player.fcgi?id=smith-008sam
Preston Tarkington?,--,2014,Ole Miss,SEC,0,1,0,1.69,19,0,,,0,0,16,13,3,3,1,6,0,17,0,0,1,65,1.188,7.3,0.6,3.4,9.6,2.83,,player.fcgi?id=tarkin000pre
Christian Trent*,21,2014,Ole Miss,SEC,9,0,1,2.05,17,17,,,1,0,110,95,28,25,5,20,0,86,9,0,2,444,1.045,7.8,0.4,1.6,7,4.3,,player.fcgi?id=trent-000chr
Jacob Waguespack,20,2014,Ole Miss,SEC,1,0,1,3.77,9,2,,,0,0,14.1,15,7,6,0,9,0,11,1,0,3,66,1.674,9.4,0,5.7,6.9,1.22,,player.fcgi?id=wagues000jac
Scott Weathersby,22,2014,Ole Miss,SEC,4,1,0.8,2.13,20,0,,,0,2,38,28,9,9,0,10,1,51,3,0,0,154,1,6.6,0,2.4,12.1,5.1,,player.fcgi?id=weathe000sco
Scott Ashford*,21,2013,Ole Miss,SEC,0,0,,36,3,0,,,0,0,1,4,4,4,0,2,0,0,0,0,0,9,6,36,0,18,0,0,,player.fcgi?id=ashfor000sco
Tanner Bailey,22,2013,Ole Miss,SEC,4,2,0.667,2.74,30,0,,,0,4,42.2,42,15,13,1,17,3,38,2,0,0,186,1.383,8.9,0.2,3.6,8,2.24,,player.fcgi?id=bailey000tan
Austin Blunt?,--,2013,Ole Miss,SEC,0,0,,7.27,8,0,,,0,0,8.2,13,8,7,1,6,0,7,1,1,0,46,2.192,13.5,1,6.2,7.3,1.17,,player.fcgi?id=blunt-000aus
Brady Bramlett,19,2013,Ole Miss,SEC,5,1,0.833,3,8,4,,,0,0,24,16,9,8,0,11,1,24,2,1,1,97,1.125,6,0,4.1,9,2.18,,player.fcgi?id=bramle000bra
Hawtin Buchanan,20,2013,Ole Miss,SEC,0,0,,6.75,7,0,,,0,0,8,8,6,6,1,6,0,10,1,0,1,37,1.75,9,1.1,6.8,11.3,1.67,,player.fcgi?id=buchan000haw
Matt Denny*,19,2013,Ole Miss,SEC,2,1,0.667,2.14,21,0,,,0,0,21,13,10,5,1,5,2,23,4,0,3,91,0.857,5.6,0.4,2.1,9.9,4.6,,player.fcgi?id=denny-000mat
Chris Ellis,20,2013,Ole Miss,SEC,1,2,0.333,5.57,13,2,,,0,0,21,31,17,13,2,11,1,16,3,0,2,109,2,13.3,0.9,4.7,6.9,1.45,,player.fcgi?id=ellis-002chr
Aaron Greenwood,21,2013,Ole Miss,SEC,3,5,0.375,2.66,27,0,,,0,2,50.2,49,17,15,3,10,3,43,5,0,2,208,1.164,8.7,0.5,1.8,7.6,4.3,,player.fcgi?id=greenw000aar
Brett Huber,23,2013,Ole Miss,SEC,3,2,0.6,1.54,20,0,,,0,12,23.1,15,5,4,3,17,3,26,0,0,6,102,1.371,5.8,1.2,6.6,10,1.53,,player.fcgi?id=huber-000bre
Josh Laxer,20,2013,Ole Miss,SEC,2,0,1,3.21,12,8,,,0,0,42,36,17,15,1,19,0,21,4,1,7,179,1.31,7.7,0.2,4.1,4.5,1.11,,player.fcgi?id=laxer-000jos
Jeremy Massie?,--,2013,Ole Miss,SEC,0,1,0,3.18,18,0,,,0,1,22.2,27,9,8,0,6,0,15,1,0,1,100,1.456,10.7,0,2.4,6,2.5,,player.fcgi?id=massie000jer
Mike Mayers,21,2013,Ole Miss,SEC,5,6,0.455,2.83,16,15,,,0,0,92.1,77,43,29,6,37,0,73,4,3,2,387,1.235,7.5,0.6,3.6,7.1,1.97,,player.fcgi?id=mayers000mik
Sam Smith?,--,2013,Ole Miss,SEC,3,1,0.75,3.41,15,15,,,0,0,68.2,76,33,26,3,19,0,32,4,0,0,297,1.383,10,0.4,2.5,4.2,1.68,,player.fcgi?id=smith-008sam
Jacob Waguespack,19,2013,Ole Miss,SEC,0,1,0,3.38,6,2,,,0,0,13.1,9,6,5,0,5,0,7,1,0,1,54,1.05,6.1,0,3.4,4.7,1.4,,player.fcgi?id=wagues000jac
Bobby Wahl,21,2013,Ole Miss,SEC,10,0,1,2.03,16,16,,,1,0,97.2,69,25,22,3,44,1,78,4,0,7,404,1.157,6.4,0.3,4.1,7.2,1.77,,player.fcgi?id=wahl--001rob
Scott Weathersby,21,2013,Ole Miss,SEC,0,2,0,4.35,14,0,,,0,0,20.2,23,13,10,2,5,1,18,0,0,1,93,1.355,10,0.9,2.2,7.8,3.6,,player.fcgi?id=weathe000sco
Tanner Bailey,21,2012,Ole Miss,SEC,2,2,0.5,3.86,17,3,,,0,0,32.2,21,14,14,1,8,0,35,2,0,0,126,0.888,5.8,0.3,2.2,9.6,4.38,,player.fcgi?id=bailey000tan
Hawtin Buchanan,19,2012,Ole Miss,SEC,1,0,1,4.43,15,0,,,0,0,20.1,19,10,10,1,8,0,31,3,0,1,90,1.328,8.4,0.4,3.5,13.7,3.88,,player.fcgi?id=buchan000haw
Dylan Chavez*,21,2012,Ole Miss,SEC,3,4,0.429,4.66,24,1,,,0,1,36.2,43,22,19,4,6,0,36,6,0,6,161,1.336,10.6,1,1.5,8.8,6,,player.fcgi?id=chavez000dyl
Chris Ellis,19,2012,Ole Miss,SEC,4,0,1,2.84,19,1,,,0,0,31.2,25,11,10,1,8,0,29,2,0,5,128,1.042,7.1,0.3,2.3,8.2,3.63,,player.fcgi?id=ellis-002chr
Aaron Greenwood,20,2012,Ole Miss,SEC,1,0,1,3.89,19,0,,,0,0,37,33,19,16,5,8,1,37,2,1,1,156,1.108,8,1.2,1.9,9,4.63,,player.fcgi?id=greenw000aar
RJ Hively,23,2012,Ole Miss,SEC,5,6,0.455,3.02,19,12,,,0,5,83.1,70,38,28,6,20,0,98,5,1,8,348,1.08,7.6,0.6,2.2,10.6,4.9,,player.fcgi?id=hively001ric
Brett Huber,22,2012,Ole Miss,SEC,2,2,0.5,2.84,20,0,,,0,10,25.1,23,8,8,1,10,0,29,2,0,0,103,1.303,8.2,0.4,3.6,10.3,2.9,,player.fcgi?id=huber-000bre
Josh Laxer,19,2012,Ole Miss,SEC,4,0,1,5.6,12,5,,,0,0,27.1,31,18,17,3,10,1,16,3,0,2,121,1.5,10.2,1,3.3,5.3,1.6,,player.fcgi?id=laxer-000jos
Mike Mayers,20,2012,Ole Miss,SEC,6,3,0.667,3.5,17,15,,,0,0,92.2,75,41,36,5,30,2,71,3,1,3,379,1.133,7.3,0.5,2.9,6.9,2.37,,player.fcgi?id=mayers000mik
Casey Mulholland,20,2012,Ole Miss,SEC,0,2,0,4.22,8,0,,,0,0,10.2,12,5,5,0,1,0,4,1,0,0,44,1.219,10.1,0,0.8,3.4,4,,player.fcgi?id=mulhol000cas
Jon Andy Scott?,--,2012,Ole Miss,SEC,0,0,,0.77,9,0,,,0,0,11.2,10,3,1,0,1,0,5,1,0,0,49,0.943,7.7,0,0.8,3.9,5,,player.fcgi?id=scott-003jon
Sam Smith?,--,2012,Ole Miss,SEC,2,3,0.4,5.8,13,9,,,0,0,35.2,50,28,23,1,8,0,27,1,1,2,163,1.626,12.6,0.3,2,6.8,3.38,,player.fcgi?id=smith-008sam
Bobby Wahl,20,2012,Ole Miss,SEC,7,4,0.636,2.55,17,17,,,0,0,99,76,36,28,6,32,0,104,4,2,7,406,1.091,6.9,0.5,2.9,9.5,3.25,,player.fcgi?id=wahl--001rob
Blair Wright?,--,2012,Ole Miss,SEC,0,0,,3.72,8,0,,,0,0,9.2,12,4,4,0,3,0,6,2,0,1,44,1.552,11.2,0,2.8,5.6,2,,player.fcgi?id=wright000bla
Eric Callender?,--,2011,Ole Miss,SEC,,,,3.71,,0,,,0,,34,39,14,14,,7,,22,,,,,1.353,10.3,,1.9,5.8,3.14,,player.fcgi?id=callen000eri
Matt Crouse*,20,2011,Ole Miss,SEC,,,,3.35,,14,,,1,,91.1,88,43,34,,19,,62,,,,,1.172,8.7,,1.9,6.1,3.26,,player.fcgi?id=crouse000mat
David Goforth,22,2011,Ole Miss,SEC,,,,4.88,,14,,,0,,83,87,50,45,,27,,63,,,,,1.373,9.4,,2.9,6.8,2.33,,player.fcgi?id=gofort001dav
RJ Hively,22,2011,Ole Miss,SEC,,,,7.58,,1,,,0,,19,31,17,16,,7,,16,,,,,2,14.7,,3.3,7.6,2.29,,player.fcgi?id=hively001ric
Brett Huber,21,2011,Ole Miss,SEC,,,,3.6,,0,,,0,,30,25,14,12,,20,,21,,,,,1.5,7.5,,6,6.3,1.05,,player.fcgi?id=huber-000bre
Mike Mayers,19,2011,Ole Miss,SEC,,,,5.1,,1,,,0,,30,37,18,17,,9,,27,,,,,1.533,11.1,,2.7,8.1,3,,player.fcgi?id=mayers000mik
Jake Morgan?,--,2011,Ole Miss,SEC,,,,0,,0,,,0,,25,19,1,0,,3,,18,,,,,0.88,6.8,,1.1,6.5,6,,player.fcgi?id=morgan001jak
Brooks Oursler?,--,2011,Ole Miss,SEC,,,,0,,0,,,0,,1,0,0,0,,2,,1,,,,,2,0,,18,9,0.5,,player.fcgi?id=oursle000bro
Trent Rothlin,22,2011,Ole Miss,SEC,,,,1.65,,0,,,0,,16.1,14,4,3,,10,,15,,,,,1.469,7.7,,5.5,8.3,1.5,,player.fcgi?id=rothli001tre
Jon Andy Scott?,--,2011,Ole Miss,SEC,,,,27,,0,,,0,,1,4,3,3,,2,,3,,,,,6,36,,18,27,1.5,,player.fcgi?id=scott-003jon
Matt Tracy*,22,2011,Ole Miss,SEC,,,,5.23,,10,,,0,,43,51,30,25,,25,,51,,,,,1.767,10.7,,5.2,10.7,2.04,,player.fcgi?id=tracy-001mat
Bobby Wahl,19,2011,Ole Miss,SEC,,,,4.5,,1,,,0,,30,33,18,15,,11,,26,,,,,1.467,9.9,,3.3,7.8,2.36,,player.fcgi?id=wahl--001rob
Austin Wright*,21,2011,Ole Miss,SEC,,,,4.69,,14,,,0,,71,79,41,37,,25,,67,,,,,1.465,10,,3.2,8.5,2.68,,player.fcgi?id=wright001aus
Blair Wright?,--,2011,Ole Miss,SEC,,,,3.94,,0,,,0,,16,7,9,7,,9,,9,,,,,1,3.9,,5.1,5.1,1,,player.fcgi?id=wright000bla
Ben Alsup,22,2011,LSU,SEC,,,,4.54,,12,,,0,,67.1,71,40,34,,23,,39,,,,,1.396,9.5,,3.1,5.2,1.7,,player.fcgi?id=alsup-000ben
Kevin Berry,21,2011,LSU,SEC,,,,2.97,,0,,,0,,30.1,21,11,10,,8,,16,,,,,0.956,6.2,,2.4,4.7,2,,player.fcgi?id=berry-000kev
Daniel Bradshaw?,--,2011,LSU,SEC,,,,5.73,,1,,,0,,11,10,7,7,,2,,8,,,,,1.091,8.2,,1.6,6.5,4,,player.fcgi?id=bradsh000dan
Joe Broussard,20,2011,LSU,SEC,,,,5.19,,1,,,0,,26,28,17,15,,9,,28,,,,,1.423,9.7,,3.1,9.7,3.11,,player.fcgi?id=brouss000joe
Chris Cotton*,20,2011,LSU,SEC,,,,3.21,,0,,,0,,14,11,6,5,,2,,14,,,,,0.929,7.1,,1.3,9,7,,player.fcgi?id=cotton002chr
Kirk Cunningham?,--,2011,LSU,SEC,,,,0,,0,,,0,,1,1,0,0,,0,,0,,,,,1,9,,0,0,,,player.fcgi?id=cunnin000kir
James Dykstra,20,2011,LSU,SEC,,,,5.48,,0,,,0,,23,24,15,14,,5,,18,,,,,1.261,9.4,,2,7,3.6,,player.fcgi?id=dykstr001jam
Ryan Eades,19,2011,LSU,SEC,,,,4.81,,6,,,0,,43,49,24,23,,18,,31,,,,,1.558,10.3,,3.8,6.5,1.72,,player.fcgi?id=eades-001rya
Forrest Garrett*,20,2011,LSU,SEC,,,,3.38,,2,,,0,,8,14,3,3,,3,,2,,,,,2.125,15.8,,3.4,2.3,0.67,,player.fcgi?id=garret001for
Kevin Gausman,20,2011,LSU,SEC,,,,3.45,,14,,,1,,91.1,70,37,35,,23,,86,,,,,1.018,6.9,,2.3,8.5,3.74,,player.fcgi?id=gausma001kev
Tyler Jones,21,2011,LSU,SEC,,,,5.01,,6,,,1,,41.1,36,25,23,,23,,37,,,,,1.427,7.8,,5,8.1,1.61,,player.fcgi?id=jones-002tyl
Kurt McCune,19,2011,LSU,SEC,,,,3.25,,14,,,0,,91.1,73,39,33,,25,,68,,,,,1.073,7.2,,2.5,6.7,2.72,,player.fcgi?id=mccune000kur
Matty Ott,21,2011,LSU,SEC,,,,2.45,,0,,,0,,29.1,25,10,8,,7,,27,,,,,1.091,7.7,,2.1,8.3,3.86,,player.fcgi?id=ott---002mat
Sam Peterson?,--,2011,LSU,SEC,,,,6,,0,,,0,,12,15,9,8,,7,,6,,,,,1.833,11.3,,5.3,4.5,0.86,,player.fcgi?id=peters003sam
Nick Rumbelow,19,2011,LSU,SEC,,,,4.85,,0,,,0,,13,11,9,7,,11,,16,,,,,1.692,7.6,,7.6,11.1,1.45,,player.fcgi?id=rumbel000nic
Carson Baranik,19,2012,LSU,SEC,0,0,,0,3,0,,,0,0,3.2,3,0,0,0,2,0,5,0,0,1,16,1.364,7.4,0,4.9,12.3,2.5,,player.fcgi?id=barani000car
Kevin Berry,22,2012,LSU,SEC,0,0,,3.09,16,0,,,0,0,11.2,8,6,4,1,9,0,10,3,0,1,54,1.457,6.2,0.8,6.9,7.7,1.11,,player.fcgi?id=berry-000kev
Brent Bonvillain*,21,2012,LSU,SEC,4,0,1,3.49,22,0,,,0,0,28.1,27,13,11,2,12,0,26,5,2,3,125,1.376,8.6,0.6,3.8,8.3,2.17,,player.fcgi?id=bonvil000bre
Joey Bourgeois,22,2012,LSU,SEC,3,2,0.6,2.38,26,0,,,0,0,34,22,9,9,0,14,3,37,1,0,7,136,1.059,5.8,0,3.7,9.8,2.64,,player.fcgi?id=bourge002jos
Joe Broussard,21,2012,LSU,SEC,4,1,0.8,3.73,19,6,,,0,0,41,37,19,17,2,12,0,45,2,0,7,173,1.195,8.1,0.4,2.6,9.9,3.75,,player.fcgi?id=brouss000joe
Chris Cotton*,21,2012,LSU,SEC,7,0,1,1.59,36,0,,,0,1,45.1,31,10,8,2,7,1,39,3,1,1,175,0.838,6.2,0.4,1.4,7.7,5.57,,player.fcgi?id=cotton002chr
Ryan Eades,20,2012,LSU,SEC,5,3,0.625,3.83,17,17,,,0,0,94,107,45,40,8,28,0,63,15,6,5,418,1.436,10.2,0.8,2.7,6,2.25,,player.fcgi?id=eades-001rya
Kevin Gausman,21,2012,LSU,SEC,12,2,0.857,2.77,18,17,,,0,0,123.2,106,42,38,3,28,3,135,2,0,18,499,1.084,7.7,0.2,2,9.8,4.82,,player.fcgi?id=gausma001kev
Cody Glenn*,19,2012,LSU,SEC,1,0,1,5.63,11,3,,,0,0,16,24,15,10,0,6,1,16,3,1,1,82,1.875,13.5,0,3.4,9,2.67,,player.fcgi?id=glenn-000cod
Nick Goody,20,2012,LSU,SEC,1,2,0.333,2.67,35,0,,,0,11,33.2,28,11,10,2,4,1,45,1,0,2,136,0.95,7.5,0.5,1.1,12,11.25,,player.fcgi?id=goody-000nic
Aaron Johnson?,--,2012,LSU,SEC,0,0,,0,3,0,,,0,0,2.1,1,0,0,0,2,0,2,0,0,1,10,1.286,3.9,0,7.7,7.7,1,,player.fcgi?id=johnso002aar
Kurt McCune,20,2012,LSU,SEC,3,4,0.429,4.04,21,6,,,0,1,42.1,42,21,19,2,14,0,24,1,0,0,179,1.323,8.9,0.4,3,5.1,1.71,,player.fcgi?id=mccune000kur
Aaron Nola,19,2012,LSU,SEC,7,4,0.636,3.61,19,16,,,0,0,89.2,88,39,36,9,7,2,88,9,0,1,371,1.059,8.8,0.9,0.7,8.8,12.57,,player.fcgi?id=nola--000aar
Michael Reed?,--,2012,LSU,SEC,0,0,,10.8,3,0,,,0,0,1.2,2,2,2,0,1,0,2,0,0,0,8,1.8,10.8,0,5.4,10.8,2,,player.fcgi?id=reed--003mic
Nick Rumbelow,20,2012,LSU,SEC,0,0,,3.65,29,0,,,0,0,24.2,22,10,10,2,14,1,34,2,0,1,113,1.459,8,0.7,5.1,12.4,2.43,,player.fcgi?id=rumbel000nic
Kevin Berry,23,2013,LSU,SEC,4,1,0.8,3.78,20,0,,,0,0,16.2,17,7,7,2,10,1,15,5,0,1,85,1.62,9.2,1.1,5.4,8.1,1.5,,player.fcgi?id=berry-000kev
Brent Bonvillain*,22,2013,LSU,SEC,3,0,1,2.7,21,6,,,0,0,50,35,17,15,0,25,0,37,11,0,2,216,1.2,6.3,0,4.5,6.7,1.48,,player.fcgi?id=bonvil000bre
Joey Bourgeois,23,2013,LSU,SEC,3,2,0.6,2.25,34,0,,,0,0,32,26,10,8,1,10,3,32,6,0,4,134,1.125,7.3,0.3,2.8,9,3.2,,player.fcgi?id=bourge002jos
Taylor Butler?,--,2013,LSU,SEC,0,0,,3.86,3,0,,,0,0,2.1,1,1,1,1,0,0,0,0,0,0,8,0.429,3.9,3.9,0,0,,,player.fcgi?id=butler000tay
Chris Cotton*,22,2013,LSU,SEC,4,1,0.8,1.16,37,0,,,0,16,46.2,25,8,6,2,3,1,47,0,1,0,167,0.6,4.8,0.4,0.6,9.1,15.67,,player.fcgi?id=cotton002chr
Hunter Devall*,20,2013,LSU,SEC,3,0,1,2.65,16,1,,,0,0,17,15,5,5,0,5,0,15,4,1,2,71,1.176,7.9,0,2.6,7.9,3,,player.fcgi?id=devall000hun
Ryan Eades,21,2013,LSU,SEC,8,1,0.889,2.79,17,17,,,0,0,100,101,34,31,3,32,1,78,8,0,9,424,1.33,9.1,0.3,2.9,7,2.44,,player.fcgi?id=eades-001rya
Nate Fury,22,2013,LSU,SEC,2,1,0.667,2.95,20,0,,,0,0,18.1,14,6,6,1,4,1,16,3,0,2,74,0.982,6.9,0.5,2,7.9,4,,player.fcgi?id=fury--000nat
Cody Glenn*,20,2013,LSU,SEC,7,3,0.7,2.68,15,15,,,0,0,84,75,31,25,2,17,0,38,14,0,3,351,1.095,8,0.2,1.8,4.1,2.24,,player.fcgi?id=glenn-000cod
Will LaMarche,21,2013,LSU,SEC,3,0,1,3.42,24,0,,,0,0,26.1,20,10,10,0,13,0,25,6,1,2,112,1.253,6.8,0,4.4,8.5,1.92,,player.fcgi?id=lamarc000wil
Kurt McCune,21,2013,LSU,SEC,4,1,0.8,2.66,11,4,,,0,0,23.2,23,7,7,0,6,0,18,2,0,1,100,1.225,8.7,0,2.3,6.8,3,,player.fcgi?id=mccune000kur
Hunter Newman,19,2013,LSU,SEC,2,0,1,2.55,13,3,,,0,0,24.2,13,10,7,2,11,0,16,4,0,2,102,0.973,4.7,0.7,4,5.8,1.45,,player.fcgi?id=newman000hun
Aaron Nola,20,2013,LSU,SEC,12,1,0.923,1.57,17,17,,,3,0,126,83,30,22,4,18,1,122,11,0,3,481,0.802,5.9,0.3,1.3,8.7,6.78,,player.fcgi?id=nola--000aar
Russell Reynolds,19,2013,LSU,SEC,1,0,1,1.89,7,4,,,0,0,19,12,5,4,2,3,0,8,2,0,1,74,0.789,5.7,0.9,1.4,3.8,2.67,,player.fcgi?id=reynol000rus
Nick Rumbelow,21,2013,LSU,SEC,1,0,1,3.31,31,1,,,0,0,32.2,24,12,12,1,15,1,36,1,0,4,135,1.194,6.6,0.3,4.1,9.9,2.4,,player.fcgi?id=rumbel000nic
Mitch Sewald,19,2013,LSU,SEC,0,0,,0,2,0,,,0,0,3.1,4,2,0,0,0,0,3,0,0,0,15,1.2,10.8,0,0,8.1,,,player.fcgi?id=sewald000mit
Kyle Bouman*,21,2014,LSU,SEC,5,2,0.714,2.12,17,11,,,0,0,63.2,49,15,15,2,16,0,32,5,1,1,254,1.021,6.9,0.3,2.3,4.5,2,,player.fcgi?id=bouman000kyl
Joe Broussard,23,2014,LSU,SEC,3,2,0.6,1.05,32,0,,,0,8,34.1,19,5,4,1,17,3,37,1,0,2,136,1.049,5,0.3,4.5,9.7,2.18,,player.fcgi?id=brouss000joe
Parker Bugg,19,2014,LSU,SEC,2,2,0.5,2.75,26,1,,,0,2,36,27,13,11,2,5,0,29,6,0,2,146,0.889,6.8,0.5,1.3,7.3,5.8,,player.fcgi?id=bugg--000par
Alden Cartwright,19,2014,LSU,SEC,1,1,0.5,2.31,21,7,,,0,0,35,29,12,9,3,14,0,28,4,0,2,148,1.229,7.5,0.8,3.6,7.2,2,,player.fcgi?id=cartwr000ald
Hunter Devall*,21,2014,LSU,SEC,1,0,1,3.1,18,0,,,0,0,20.1,16,8,7,0,8,0,16,2,0,1,86,1.18,7.1,0,3.5,7.1,2,,player.fcgi?id=devall000hun
Brady Domangue,22,2014,LSU,SEC,2,0,1,5.59,19,2,,,0,1,19.1,21,12,12,2,12,1,11,2,0,3,93,1.707,9.8,0.9,5.6,5.1,0.92,,player.fcgi?id=domang000bra
Henri Faucheux*,21,2014,LSU,SEC,3,0,1,4.5,15,1,,,0,0,20,15,10,10,0,10,1,11,2,0,3,85,1.25,6.8,0,4.5,5,1.1,,player.fcgi?id=fauche000hen
Nate Fury,23,2014,LSU,SEC,3,1,0.75,2.15,26,0,,,0,0,29.1,22,7,7,0,11,0,22,3,0,1,117,1.125,6.8,0,3.4,6.8,2,,player.fcgi?id=fury--000nat
Cody Glenn*,21,2014,LSU,SEC,1,1,0.5,5.51,13,7,,,0,0,32.2,42,24,20,2,9,0,18,6,0,0,152,1.561,11.6,0.6,2.5,5,2,,player.fcgi?id=glenn-000cod
Kurt McCune,22,2014,LSU,SEC,2,2,0.5,3.86,30,1,,,0,5,35,30,17,15,0,11,2,24,2,0,1,147,1.171,7.7,0,2.8,6.2,2.18,,player.fcgi?id=mccune000kur
Aaron Nola,21,2014,LSU,SEC,11,1,0.917,1.47,16,16,,,1,0,116.1,69,19,19,4,27,1,134,9,0,0,444,0.825,5.3,0.3,2.1,10.4,4.96,,player.fcgi?id=nola--000aar
Zac Person*,21,2014,LSU,SEC,3,1,0.75,2.57,31,1,,,0,0,28,25,8,8,1,12,1,29,2,0,0,123,1.321,8,0.3,3.9,9.3,2.42,,player.fcgi?id=person000zac
Jared Poche*,19,2014,LSU,SEC,9,3,0.75,2.45,16,16,,,0,0,91.2,72,30,25,5,26,3,52,3,0,5,369,1.069,7.1,0.5,2.6,5.1,2,,player.fcgi?id=poche-000jar
Austin Bain,20,2015,LSU,SEC,2,3,0.4,3.95,21,6,,,0,0,54.2,45,29,24,4,23,1,56,3,1,5,235,1.244,7.4,0.7,3.8,9.2,2.43,,player.fcgi?id=bain--000aus
Kyle Bouman*,22,2015,LSU,SEC,1,1,0.5,6.08,13,6,,,0,0,23.2,29,17,16,4,9,0,20,1,0,0,110,1.606,11,1.5,3.4,7.6,2.22,,player.fcgi?id=bouman000kyl
Parker Bugg,20,2015,LSU,SEC,1,2,0.333,1.75,25,0,,,0,3,36,23,7,7,2,13,2,35,2,1,3,145,1,5.8,0.5,3.3,8.8,2.69,,player.fcgi?id=bugg--000par
Alden Cartwright,20,2015,LSU,SEC,0,0,,4.05,26,1,,,0,0,20,24,11,9,1,4,0,29,2,0,1,91,1.4,10.8,0.5,1.8,13.1,7.25,,player.fcgi?id=cartwr000ald
Hunter Devall*,22,2015,LSU,SEC,2,0,1,4.02,18,1,,,0,0,15.2,13,7,7,2,5,0,15,1,0,0,64,1.149,7.5,1.1,2.9,8.6,3,,player.fcgi?id=devall000hun
Brady Domangue,23,2015,LSU,SEC,0,0,,0,1,0,,,0,0,0.2,0,0,0,0,0,0,0,0,0,0,2,0,0,0,0,0,,,player.fcgi?id=domang000bra
Jake Godfrey,19,2015,LSU,SEC,7,1,0.875,4.61,21,9,,,0,0,54.2,59,32,28,3,33,3,39,5,1,6,256,1.683,9.7,0.5,5.4,6.4,1.18,,player.fcgi?id=godfre000jak
Alex Lange,19,2015,LSU,SEC,12,0,1,1.97,17,17,,,1,0,114,87,28,25,3,46,1,131,3,0,12,467,1.167,6.9,0.2,3.6,10.3,2.85,,player.fcgi?id=lange-000ale
Ryan May,--,2015,LSU,SEC,0,0,,0,2,0,,,0,0,1,1,0,0,0,0,0,0,0,0,0,4,1,9,0,0,0,,,player.fcgi?id=may---000rya
Hunter Newman,21,2015,LSU,SEC,3,0,1,0.49,24,0,,,0,4,36.2,26,3,2,0,13,0,34,3,0,1,146,1.064,6.4,0,3.2,8.3,2.62,,player.fcgi?id=newman000hun
Doug Norman,19,2015,LSU,SEC,5,1,0.833,2.04,21,3,,,0,0,35.1,33,14,8,0,6,0,25,7,0,1,145,1.104,8.4,0,1.5,6.4,4.17,,player.fcgi?id=norman000dou
Zac Person*,22,2015,LSU,SEC,2,0,1,3.98,31,2,,,0,0,31.2,22,15,14,1,12,1,36,7,0,1,134,1.074,6.3,0.3,3.4,10.2,3,,player.fcgi?id=person000zac
Jared Poche*,20,2015,LSU,SEC,9,2,0.818,3.05,18,18,,,0,0,109.1,104,47,37,6,25,1,72,6,3,3,458,1.18,8.6,0.5,2.1,5.9,2.88,,player.fcgi?id=poche-000jar
Russell Reynolds,21,2015,LSU,SEC,6,0,1,2.95,20,3,,,0,0,36.2,25,14,12,0,17,1,25,4,0,2,149,1.145,6.1,0,4.2,6.1,1.47,,player.fcgi?id=reynol000rus
Jesse Stallings,20,2015,LSU,SEC,1,2,0.333,2.73,31,0,,,0,12,33,24,10,10,1,12,1,26,2,0,1,131,1.091,6.5,0.3,3.3,7.1,2.17,,player.fcgi?id=stalli000jes
Collin Strall,20,2015,LSU,SEC,3,0,1,3.93,22,0,,,0,0,18.1,15,8,8,1,10,0,17,5,0,1,82,1.364,7.4,0.5,4.9,8.3,1.7,,player.fcgi?id=strall000col
Austin Bain,21,2016,LSU,SEC,4,0,1,4.6,20,2,,0,0,0,29.1,27,15,15,2,14,0,32,2,0,4,125,1.398,8.3,0.6,4.3,9.8,2.29,,player.fcgi?id=bain--000aus
Brennan Breaux*,19,2016,LSU,SEC,0,0,,0,1,0,,0,0,0,0.1,2,5,0,0,1,0,0,0,0,0,6,9,54,0,27,0,0,,player.fcgi?id=breaux000bre
Parker Bugg,21,2016,LSU,SEC,1,2,0.333,3.63,28,0,,0,0,4,39.2,31,16,16,0,16,0,36,3,1,4,172,1.185,7,0,3.6,8.2,2.25,,player.fcgi?id=bugg--000par
Alden Cartwright,21,2016,LSU,SEC,3,0,1,2.93,11,2,,0,0,0,15.1,11,5,5,2,4,0,13,2,0,0,62,0.978,6.5,1.2,2.3,7.6,3.25,,player.fcgi?id=cartwr000ald
Hunter Devall*,23,2016,LSU,SEC,0,0,,3.12,10,0,,0,0,0,8.2,8,5,3,1,6,0,11,0,0,1,41,1.615,8.3,1,6.2,11.4,1.83,,player.fcgi?id=devall000hun
Caleb Gilbert,19,2016,LSU,SEC,4,4,0.5,5.04,25,5,,0,0,1,44.2,55,30,25,2,22,0,43,0,0,6,203,1.724,11.1,0.4,4.4,8.7,1.95,,player.fcgi?id=gilber000cal
Alex Lange,20,2016,LSU,SEC,8,4,0.667,3.79,17,17,,2,0,0,111.2,92,50,47,12,49,4,125,9,0,18,473,1.263,7.4,1,3.9,10.1,2.55,,player.fcgi?id=lange-000ale
Jacob Latz*,20,2016,LSU,SEC,0,1,0,7.56,7,3,,0,0,0,8.1,10,7,7,3,4,1,11,1,0,1,41,1.68,10.8,3.2,4.3,11.9,2.75,,player.fcgi?id=latz--000jak
Cole McKay,19,2016,LSU,SEC,0,1,0,6.75,8,2,,0,0,0,8,12,6,6,0,11,0,12,0,0,6,48,2.875,13.5,0,12.4,13.5,1.09,,player.fcgi?id=mckay-000col
Hunter Newman,22,2016,LSU,SEC,1,1,0.5,2.13,28,0,,0,0,8,38,21,9,9,1,15,1,40,0,0,2,146,0.947,5,0.2,3.6,9.5,2.67,,player.fcgi?id=newman000hun
Doug Norman,20,2016,LSU,SEC,1,1,0.5,3.41,23,2,,0,0,0,31.2,26,18,12,0,18,1,21,1,0,3,135,1.389,7.4,0,5.1,6,1.17,,player.fcgi?id=norman000dou
Jared Poche*,21,2016,LSU,SEC,9,4,0.692,3.35,19,17,,0,0,0,102,106,44,38,8,37,3,87,7,0,11,442,1.402,9.4,0.7,3.3,7.7,2.35,,player.fcgi?id=poche-000jar
Russell Reynolds,22,2016,LSU,SEC,3,0,1,4.08,26,0,,0,0,1,35.1,35,18,16,1,10,1,23,4,0,2,154,1.274,8.9,0.3,2.5,5.9,2.3,,player.fcgi?id=reynol000rus
Riley Smith,21,2016,LSU,SEC,2,1,0.667,7.66,12,1,,0,0,0,22.1,25,19,19,2,11,0,11,2,0,0,105,1.612,10.1,0.8,4.4,4.4,1,,player.fcgi?id=smith-001ril
Jesse Stallings,21,2016,LSU,SEC,3,0,1,3.64,25,2,,0,0,1,29.2,26,12,12,2,15,2,18,2,0,1,133,1.382,7.9,0.6,4.6,5.5,1.2,,player.fcgi?id=stalli000jes
Collin Strall,21,2016,LSU,SEC,0,0,,9.82,4,0,,0,0,0,3.2,7,6,4,0,4,0,5,0,0,1,22,3,17.2,0,9.8,12.3,1.25,,player.fcgi?id=strall000col
John Valek*,22,2016,LSU,SEC,6,2,0.75,4.04,15,13,,0,0,0,62.1,70,31,28,8,9,0,52,5,0,3,269,1.267,10.1,1.2,1.3,7.5,5.78,,player.fcgi?id=valek-000joh
Austin Bain,22,2017,LSU,SEC,1,0,1,4.74,20,0,,0,0,0,24.2,21,13,13,0,19,0,32,3,0,5,115,1.622,7.7,0,6.9,11.7,1.68,,player.fcgi?id=bain--000aus
Matthew Beck,19,2017,LSU,SEC,1,0,1,3.65,20,2,,0,0,0,24.2,14,11,10,3,11,0,21,3,0,2,100,1.014,5.1,1.1,4,7.7,1.91,,player.fcgi?id=beck--002mat
Nick Bush*,20,2017,LSU,SEC,1,1,0.5,3.75,23,0,,0,0,0,24,20,11,10,1,19,1,22,0,0,2,110,1.625,7.5,0.4,7.1,8.3,1.16,,player.fcgi?id=bush--000nic
Blair Frederick*,19,2017,LSU,SEC,0,0,,10.13,5,0,,0,0,0,2.2,3,3,3,1,5,0,3,0,0,2,16,3,10.1,3.4,16.9,10.1,0.6,,player.fcgi?id=freder000bla
Caleb Gilbert,20,2017,LSU,SEC,7,1,0.875,2.16,28,5,,0,0,3,58.1,40,17,14,5,12,0,67,1,1,5,225,0.891,6.2,0.8,1.9,10.3,5.58,,player.fcgi?id=gilber000cal
Zack Hess,20,2017,LSU,SEC,7,1,0.875,3.12,30,6,,0,0,4,60.2,39,23,21,6,30,2,83,7,0,5,255,1.137,5.8,0.9,4.5,12.3,2.77,,player.fcgi?id=hess--000zac
Hunter Kiel,20,2017,LSU,SEC,0,0,,18.47,10,0,,0,0,0,6.1,8,16,13,0,8,0,9,0,0,5,35,2.526,11.4,0,11.4,12.8,1.13,,player.fcgi?id=kiel--000hun
Alex Lange,21,2017,LSU,SEC,10,5,0.667,2.97,19,19,,4,2,0,124.1,106,43,41,10,48,7,150,5,0,10,522,1.239,7.7,0.7,3.5,10.9,3.13,,player.fcgi?id=lange-000ale
Hunter Newman,23,2017,LSU,SEC,1,1,0.5,2.51,26,0,,0,0,10,28.2,20,9,8,1,20,6,27,5,0,2,130,1.395,6.3,0.3,6.3,8.5,1.35,,player.fcgi?id=newman000hun
Doug Norman,21,2017,LSU,SEC,0,0,,5.4,3,0,,0,0,0,3.1,4,2,2,0,1,0,3,1,0,0,16,1.5,10.8,0,2.7,8.1,3,,player.fcgi?id=norman000dou
Todd Peterson,19,2017,LSU,SEC,3,1,0.75,4.19,22,3,,0,0,0,34.1,32,17,16,2,16,0,21,1,1,4,150,1.398,8.4,0.5,4.2,5.5,1.31,,player.fcgi?id=peters000tod
Jared Poche*,22,2017,LSU,SEC,12,4,0.75,3.17,20,19,,1,1,0,113.2,99,51,40,14,39,2,76,6,0,7,475,1.214,7.8,1.1,3.1,6,1.95,,player.fcgi?id=poche-000jar
Will Reese,19,2017,LSU,SEC,0,0,,4.05,7,0,,0,0,0,6.2,4,3,3,1,4,0,7,1,1,0,27,1.2,5.4,1.4,5.4,9.5,1.75,,player.fcgi?id=reese-002wil
Russell Reynolds,23,2017,LSU,SEC,1,2,0.333,8.5,15,1,,0,0,0,18,22,17,17,4,14,0,14,0,0,4,84,2,11,2,7,7,1,,player.fcgi?id=reynol000rus
Collin Strall,22,2017,LSU,SEC,0,2,0,4.61,12,0,,0,0,0,13.2,25,7,7,0,4,1,13,0,0,0,68,2.122,16.5,0,2.6,8.6,3.25,,player.fcgi?id=strall000col
Eric Walker,19,2017,LSU,SEC,8,2,0.8,3.48,17,17,,1,1,0,95.2,83,38,37,12,23,2,78,12,1,2,393,1.108,7.8,1.1,2.2,7.3,3.39,,player.fcgi?id=walker002eri
Austin Bain,23,2018,LSU,SEC,1,2,0.333,4.15,18,0,,0,0,4,21.2,20,13,10,3,8,1,24,2,0,0,95,1.292,8.3,1.2,3.3,10,3,,player.fcgi?id=bain--000aus
Matthew Beck,20,2018,LSU,SEC,4,1,0.8,3.67,23,2,,0,0,1,34.1,25,15,14,2,23,3,45,6,0,2,159,1.398,6.6,0.5,6,11.8,1.96,,player.fcgi?id=beck--002mat
Nick Bush*,21,2018,LSU,SEC,1,1,0.5,3.4,24,5,,0,0,2,47.2,44,24,18,3,17,0,42,4,0,8,210,1.28,8.3,0.6,3.2,7.9,2.47,,player.fcgi?id=bush--000nic
Daniel Cabrera*,19,2018,LSU,SEC,0,0,,7.71,2,0,,0,0,0,2.1,2,2,2,0,2,0,2,1,0,2,12,1.714,7.7,0,7.7,7.7,1,,player.fcgi?id=cabrer002dan
Devin Fontenot,19,2018,LSU,SEC,3,1,0.75,6.18,29,2,,0,0,0,39.1,35,29,27,5,15,0,44,7,0,1,176,1.271,8,1.1,3.4,10.1,2.93,,player.fcgi?id=fonten000dev
Caleb Gilbert,21,2018,LSU,SEC,3,5,0.375,5.58,18,11,,0,0,1,61.1,88,42,38,6,20,1,42,8,2,10,293,1.761,12.9,0.9,2.9,6.2,2.1,,player.fcgi?id=gilber000cal
Zack Hess,21,2018,LSU,SEC,7,6,0.538,5.05,17,16,,0,0,0,92.2,83,53,52,12,49,1,107,8,0,10,411,1.424,8.1,1.2,4.8,10.4,2.18,,player.fcgi?id=hess--000zac
Ma'Khail Hilliard,19,2018,LSU,SEC,9,5,0.643,3.79,17,12,,1,0,0,76,70,32,32,4,31,0,70,6,0,11,329,1.329,8.3,0.5,3.7,8.3,2.26,,player.fcgi?id=hillia000mak
John Kodros*,19,2018,LSU,SEC,1,1,0.5,4.66,15,0,,0,0,0,9.2,8,6,5,0,6,0,7,3,0,3,47,1.448,7.4,0,5.6,6.5,1.17,,player.fcgi?id=kodros000joh
A.J. Labas,19,2018,LSU,SEC,6,2,0.75,3.48,13,10,,1,1,0,54.1,54,21,21,3,7,0,32,2,0,3,223,1.123,8.9,0.5,1.2,5.3,4.57,,player.fcgi?id=labas-000aj-
Clay Moffitt,--,2018,LSU,SEC,0,0,,8.49,11,0,,0,0,0,11.2,21,11,11,2,7,0,12,1,1,5,63,2.4,16.2,1.5,5.4,9.3,1.71,,player.fcgi?id=moffit000cla
Brandon Nowak*,--,2018,LSU,SEC,0,0,,5.79,6,0,,0,0,0,4.2,4,3,3,0,6,0,3,1,0,0,24,2.143,7.7,0,11.6,5.8,0.5,,player.fcgi?id=nowak-000bra
Taylor Petersen*,20,2018,LSU,SEC,1,0,1,16,14,0,,0,0,0,9,12,16,16,1,9,0,8,3,0,0,51,2.333,12,1,9,8,0.89,,player.fcgi?id=peters000tay
Todd Peterson,20,2018,LSU,SEC,1,3,0.25,4.4,24,3,,0,0,6,47,48,24,23,3,11,1,38,3,0,2,199,1.255,9.2,0.6,2.1,7.3,3.45,,player.fcgi?id=peters000tod
Will Reese,20,2018,LSU,SEC,0,0,,21.6,3,0,,0,0,0,1.2,5,4,4,0,1,0,1,2,0,2,13,3.6,27,0,5.4,5.4,1,,player.fcgi?id=reese-002wil
Cam Sanders,21,2018,LSU,SEC,1,0,1,5.59,18,4,,0,0,0,38.2,29,26,24,3,24,0,48,6,2,5,174,1.371,6.8,0.7,5.6,11.2,2,,player.fcgi?id=sander001cam
Nick Storz,20,2018,LSU,SEC,0,0,,0,2,1,,0,0,0,3,1,0,0,0,2,0,3,2,0,0,13,1,3,0,6,9,1.5,,player.fcgi?id=storz-000nic
Trent Vietmeier,19,2018,LSU,SEC,1,0,1,4.91,16,0,,0,0,0,22,21,12,12,4,13,2,19,5,2,5,100,1.545,8.6,1.6,5.3,7.8,1.46,,player.fcgi?id=vietme000tre
Matthew Beck,21,2019,LSU,SEC,3,0,1,2.05,27,0,,0,0,0,44,30,13,10,2,25,2,39,4,0,4,189,1.25,6.1,0.4,5.1,8,1.56,,player.fcgi?id=beck--002mat
Chase Costello,19,2019,LSU,SEC,0,1,0,8.84,14,1,,0,0,0,19.1,26,20,19,2,12,0,10,0,0,1,93,1.966,12.1,0.9,5.6,4.7,0.83,,player.fcgi?id=costel003cha
Devin Fontenot,20,2019,LSU,SEC,5,4,0.556,3.71,28,3,,0,0,7,51,33,23,21,4,25,1,54,9,0,4,218,1.137,5.8,0.7,4.4,9.5,2.16,,player.fcgi?id=fonten000dev
Aaron George,22,2019,LSU,SEC,3,1,0.75,6.49,21,0,,0,0,0,26.1,31,20,19,4,19,0,31,6,1,1,134,1.899,10.6,1.4,6.5,10.6,1.63,,player.fcgi?id=george001aar
Rye Gunter,19,2019,LSU,SEC,0,0,,6.75,6,0,,0,0,0,6.2,7,5,5,0,7,0,6,1,0,1,34,2.1,9.5,0,9.5,8.1,0.86,,player.fcgi?id=gunter000rye
Cole Henry,19,2019,LSU,SEC,4,2,0.667,3.39,14,11,,0,0,0,58.1,50,25,22,3,18,0,72,4,1,2,248,1.166,7.7,0.5,2.8,11.1,4,,player.fcgi?id=henry-000col
Zack Hess,22,2019,LSU,SEC,4,5,0.444,4.71,19,10,,0,0,2,70.2,80,39,37,15,35,5,82,8,0,2,332,1.627,10.2,1.9,4.5,10.4,2.34,,player.fcgi?id=hess--000zac
Jaden Hill,19,2019,LSU,SEC,1,0,1,1.8,2,2,,0,0,0,10,6,2,2,0,3,0,11,0,0,0,40,0.9,5.4,0,2.7,9.9,3.67,,player.fcgi?id=hill--000jad
Ma'Khail Hilliard,20,2019,LSU,SEC,0,4,0,5.32,21,6,,0,0,0,44,43,29,26,6,16,2,57,4,1,11,195,1.341,8.8,1.2,3.3,11.7,3.56,,player.fcgi?id=hillia000mak
Landon Marceaux,19,2019,LSU,SEC,5,2,0.714,4.66,15,14,,0,0,0,58,68,39,30,3,20,0,43,3,0,7,257,1.517,10.6,0.5,3.1,6.7,2.15,,player.fcgi?id=marcea000lan
Clay Moffitt,--,2019,LSU,SEC,2,0,1,3.26,12,3,,0,0,0,19.1,12,9,7,2,7,0,16,1,0,1,78,0.983,5.6,0.9,3.3,7.4,2.29,,player.fcgi?id=moffit000cla
Todd Peterson,21,2019,LSU,SEC,5,2,0.714,3.86,29,1,,0,0,3,49,43,23,21,5,18,3,44,4,0,1,212,1.245,7.9,0.9,3.3,8.1,2.44,,player.fcgi?id=peters000tod
Will Ripoll,20,2019,LSU,SEC,0,0,,6.48,10,0,,0,0,0,16.2,18,12,12,2,10,0,18,1,0,5,78,1.68,9.7,1.1,5.4,9.7,1.8,,player.fcgi?id=ripoll000wil
Riggs Threadgill,19,2019,LSU,SEC,0,0,,7.24,11,0,,0,0,0,13.2,17,14,11,2,10,0,12,3,0,3,72,1.976,11.2,1.3,6.6,7.9,1.2,,player.fcgi?id=thread000rig
Trent Vietmeier,20,2019,LSU,SEC,3,1,0.75,5.24,25,0,,0,0,1,34.1,36,21,20,4,11,1,34,4,0,2,155,1.369,9.4,1,2.9,8.9,3.09,,player.fcgi?id=vietme000tre
Eric Walker,21,2019,LSU,SEC,5,4,0.556,5.47,18,15,,0,0,0,72.1,67,44,44,9,32,4,56,8,0,3,320,1.369,8.3,1.1,4,7,1.75,,player.fcgi?id=walker002eri
Matthew Beck,22,2020,LSU,SEC,1,0,1,0,7,0,,0,0,0,12,5,1,0,0,7,0,11,1,0,0,48,1,3.8,0,5.3,8.3,1.57,,player.fcgi?id=beck--002mat
Chase Costello,20,2020,LSU,SEC,0,0,,7.71,3,0,,0,0,0,2.1,5,2,2,0,1,0,1,0,0,0,13,2.571,19.3,0,3.9,3.9,1,,player.fcgi?id=costel003cha
Devin Fontenot,21,2020,LSU,SEC,1,0,1,0.9,7,0,,0,0,4,10,5,1,1,0,4,0,17,0,0,1,39,0.9,4.5,0,3.6,15.3,4.25,,player.fcgi?id=fonten000dev
Aaron George,23,2020,LSU,SEC,0,0,,5.14,7,0,,0,0,0,7,5,4,4,0,3,0,11,2,0,2,30,1.143,6.4,0,3.9,14.1,3.67,,player.fcgi?id=george001aar
Rye Gunter,20,2020,LSU,SEC,0,0,,11.57,2,0,,0,0,0,2.1,1,3,3,1,4,0,2,0,0,0,12,2.143,3.9,3.9,15.4,7.7,0.5,,player.fcgi?id=gunter000rye
Jacob Hasty*,19,2020,LSU,SEC,0,0,,0,7,0,,0,0,0,4.2,1,0,0,0,7,1,4,1,0,1,24,1.714,1.9,0,13.5,7.7,0.57,,player.fcgi?id=hasty-000jac
Cole Henry,20,2020,LSU,SEC,2,1,0.667,1.89,4,4,,0,0,0,19,15,6,4,1,6,0,23,2,1,0,77,1.105,7.1,0.5,2.8,10.9,3.83,,player.fcgi?id=henry-000col
Jaden Hill,20,2020,LSU,SEC,0,0,,0,4,0,,0,0,2,11.2,1,0,0,0,5,0,17,0,0,1,41,0.514,0.8,0,3.9,13.1,3.4,,player.fcgi?id=hill--000jad
Ma'Khail Hilliard,21,2020,LSU,SEC,1,0,1,0,1,0,,0,0,0,1,0,0,0,0,1,0,1,0,0,0,4,1,0,0,9,9,1,,player.fcgi?id=hillia000mak
Brandon Kaminer*,21,2020,LSU,SEC,3,1,0.75,2.84,7,4,,0,0,0,12.2,12,8,4,1,5,1,12,3,0,0,60,1.342,8.5,0.7,3.6,8.5,2.4,,player.fcgi?id=kamine000bra
A.J. Labas,21,2020,LSU,SEC,1,2,0.333,3.55,4,4,,0,0,0,25.1,16,10,10,3,3,0,20,2,0,0,96,0.75,5.7,1.1,1.1,7.1,6.67,,player.fcgi?id=labas-000aj-
Michael Lagarrigue*,21,2020,LSU,SEC,0,0,,,1,0,,0,0,0,0,1,0,0,0,1,0,0,0,0,0,2,,,,,,0,,player.fcgi?id=lagarr000mic
Landon Marceaux,20,2020,LSU,SEC,2,0,1,2.7,4,4,,0,0,0,23.1,19,7,7,2,7,0,22,1,0,2,96,1.114,7.3,0.8,2.7,8.5,3.14,,player.fcgi?id=marcea000lan
Nick Storz,22,2020,LSU,SEC,0,0,,1.04,6,0,,0,0,0,8.2,5,1,1,1,3,0,9,1,0,1,34,0.923,5.2,1,3.1,9.3,3,,player.fcgi?id=storz-000nic
Trent Vietmeier,21,2020,LSU,SEC,1,0,1,3.38,4,0,,0,0,0,5.1,5,3,2,2,2,1,3,0,0,2,23,1.313,8.4,3.4,3.4,5.1,1.5,,player.fcgi?id=vietme000tre
Eric Walker,22,2020,LSU,SEC,0,1,0,3.18,5,1,,0,0,0,5.2,3,3,2,0,4,0,4,3,0,0,26,1.235,4.8,0,6.4,6.4,1,,player.fcgi?id=walker002eri
Matthew Beck,23,2021,LSU,SEC,0,0,,0,3,0,,0,0,0,3,1,0,0,0,4,0,3,1,0,0,14,1.667,3,0,12,9,0.75,,player.fcgi?id=beck--002mat
Alex Brady*,--,2021,LSU,SEC,1,0,1,9,12,0,,0,0,0,8,8,8,8,1,5,0,8,0,0,1,38,1.625,9,1.1,5.6,9,1.6,,player.fcgi?id=brady-000ale
Javen Coleman*,19,2021,LSU,SEC,3,2,0.6,5.79,14,2,,0,0,0,32.2,32,21,21,5,18,0,43,4,2,7,148,1.531,8.8,1.4,5,11.8,2.39,,player.fcgi?id=colema000jav
Garrett Edwards,19,2021,LSU,SEC,2,2,0.5,3.41,24,2,,0,0,4,37,36,17,14,6,13,4,34,2,1,6,159,1.324,8.8,1.5,3.2,8.3,2.62,,player.fcgi?id=edward003gar
Ty Floyd,19,2021,LSU,SEC,0,2,0,4.44,20,0,,0,0,0,24.1,17,12,12,2,14,0,39,2,0,4,105,1.274,6.3,0.7,5.2,14.4,2.79,,player.fcgi?id=floyd-000ty-
Devin Fontenot,22,2021,LSU,SEC,4,2,0.667,2.86,26,0,,0,0,5,34.2,18,13,11,1,21,1,40,7,1,0,148,1.125,4.7,0.3,5.5,10.4,1.9,,player.fcgi?id=fonten000dev
Michael Fowler,18,2021,LSU,SEC,1,0,1,6.52,14,0,,0,0,0,19.1,18,15,14,3,13,1,19,6,0,3,92,1.603,8.4,1.4,6.1,8.8,1.46,,player.fcgi?id=fowler003mic
Aaron George,24,2021,LSU,SEC,0,0,,2.79,14,0,,0,0,0,9.2,10,5,3,0,11,0,11,1,0,2,49,2.172,9.3,0,10.2,10.2,1,,player.fcgi?id=george001aar
Jacob Hasty*,20,2021,LSU,SEC,0,1,0,4.24,19,0,,0,0,0,17,21,12,8,0,9,1,15,3,0,8,85,1.765,11.1,0,4.8,7.9,1.67,,player.fcgi?id=hasty-000jac
Will Hellmers,19,2021,LSU,SEC,6,2,0.75,4.08,18,9,,0,0,0,39.2,35,20,18,5,17,1,36,5,0,3,167,1.311,7.9,1.1,3.9,8.2,2.12,,player.fcgi?id=hellme000wil
Jaden Hill,21,2021,LSU,SEC,2,3,0.4,6.67,7,7,,0,0,0,29.2,29,23,22,3,12,1,25,3,0,2,132,1.382,8.8,0.9,3.6,7.6,2.08,,player.fcgi?id=hill--000jad
Ma'Khail Hilliard,22,2021,LSU,SEC,6,0,1,4.31,21,8,,0,0,0,54.1,46,26,26,4,12,0,53,5,0,1,224,1.067,7.6,0.7,2,8.8,4.42,,player.fcgi?id=hillia000mak
Brandon Kaminer*,22,2021,LSU,SEC,0,0,,10.38,7,0,,0,0,0,4.1,11,7,5,0,3,0,2,0,0,1,26,3.231,22.8,0,6.2,4.2,0.67,,player.fcgi?id=kamine000bra
A.J. Labas,22,2021,LSU,SEC,4,2,0.667,5.55,16,15,,1,0,0,86,104,54,53,14,17,2,74,9,0,1,383,1.407,10.9,1.5,1.8,7.7,4.35,,player.fcgi?id=labas-000aj-
Landon Marceaux,21,2021,LSU,SEC,7,7,0.5,2.54,18,17,,1,0,0,102.2,92,37,29,8,26,1,116,9,0,8,432,1.149,8.1,0.7,2.3,10.2,4.46,,player.fcgi?id=marcea000lan
Theo Millas,19,2021,LSU,SEC,1,0,1,3,11,0,,0,0,0,15,13,8,5,2,4,0,6,0,0,1,62,1.133,7.8,1.2,2.4,3.6,1.5,,player.fcgi?id=millas000the
Blake Money,19,2021,LSU,SEC,1,2,0.333,8.68,15,2,,0,0,0,28,39,27,27,6,10,1,28,1,1,2,133,1.75,12.5,1.9,3.2,9,2.8,,player.fcgi?id=money-000bla
Zach Murray,19,2021,LSU,SEC,0,0,,0,2,0,,0,0,0,1,1,0,0,0,2,0,0,0,0,0,6,3,9,0,18,0,0,,player.fcgi?id=murray004zac
Trent Vietmeier,22,2021,LSU,SEC,0,0,,3.93,21,1,,0,0,0,18.1,15,10,8,1,5,0,16,4,0,0,81,1.091,7.4,0.5,2.5,7.9,3.2,,player.fcgi?id=vietme000tre
Javen Coleman*,20,2022,LSU,SEC,1,0,1,4.5,3,0,,0,0,0,6,1,4,3,1,2,0,6,0,0,1,23,0.5,1.5,1.5,3,9,3,,player.fcgi?id=colema000jav
Bryce Collins,22,2022,LSU,SEC,3,1,0.75,3.62,20,2,,0,0,0,32.1,24,17,13,4,20,1,37,4,0,3,147,1.361,6.7,1.1,5.6,10.3,1.85,,player.fcgi?id=collin004bry
Riley Cooper*,20,2022,LSU,SEC,4,3,0.571,4.2,30,1,,0,0,1,40.2,49,24,19,4,8,1,35,5,1,1,182,1.402,10.8,0.9,1.8,7.7,4.38,,player.fcgi?id=cooper003ril
Samuel Dutton,19,2022,LSU,SEC,1,1,0.5,5.12,18,11,,0,0,0,38.2,42,24,22,4,12,1,26,1,0,1,171,1.397,9.8,0.9,2.8,6.1,2.17,,player.fcgi?id=dutton000sam
Garrett Edwards,20,2022,LSU,SEC,0,0,,6.75,9,1,,0,0,0,8,10,7,6,1,5,2,9,1,0,1,41,1.875,11.3,1.1,5.6,10.1,1.8,,player.fcgi?id=edward003gar
Ty Floyd,20,2022,LSU,SEC,5,4,0.556,3.77,16,10,,0,0,0,59.2,43,28,25,10,23,1,70,1,1,4,242,1.106,6.5,1.5,3.5,10.6,3.04,,player.fcgi?id=floyd-000ty-
Devin Fontenot,23,2022,LSU,SEC,3,2,0.6,4.71,23,2,,0,0,1,28.2,28,22,15,5,14,1,35,7,0,2,135,1.465,8.8,1.6,4.4,11,2.5,,player.fcgi?id=fonten000dev
Michael Fowler,19,2022,LSU,SEC,0,0,,13.5,3,0,,0,0,0,2.2,3,5,4,0,3,1,7,0,0,4,14,2.25,10.1,0,10.1,23.6,2.33,,player.fcgi?id=fowler003mic
Paul Gervase,22,2022,LSU,SEC,4,1,0.8,1.85,29,0,,0,0,6,39,22,14,8,2,15,2,52,3,0,3,161,0.949,5.1,0.5,3.5,12,3.47,,player.fcgi?id=gervas000pau
Jacob Hasty*,21,2022,LSU,SEC,2,1,0.667,3.55,13,1,,0,0,0,25.1,14,10,10,2,15,0,28,1,0,7,102,1.145,5,0.7,5.3,9.9,1.87,,player.fcgi?id=hasty-000jac
Will Hellmers,20,2022,LSU,SEC,2,0,1,6.55,6,4,,0,0,0,11,17,8,8,1,5,0,13,1,0,2,56,2,13.9,0.8,4.1,10.6,2.6,,player.fcgi?id=hellme000wil
Ma'Khail Hilliard,23,2022,LSU,SEC,7,1,0.875,4.56,16,16,,0,0,0,77,90,44,39,8,20,1,73,5,2,8,346,1.429,10.5,0.9,2.3,8.5,3.65,,player.fcgi?id=hillia000mak
Cale Lansville,19,2022,LSU,SEC,0,0,,7.5,5,0,,0,0,0,6,9,5,5,1,1,0,6,0,0,1,26,1.667,13.5,1.5,1.5,9,6,,player.fcgi?id=lansvi000cal
Blake Money,20,2022,LSU,SEC,2,4,0.333,5.31,16,12,,0,0,0,61,64,45,36,15,20,1,60,1,0,2,270,1.377,9.4,2.2,3,8.9,3,,player.fcgi?id=money-000bla
Eric Reyzelman,21,2022,LSU,SEC,1,3,0.25,4.04,29,0,,0,0,3,42.1,32,20,19,6,18,1,66,4,1,7,186,1.181,6.8,1.3,3.8,14,3.67,,player.fcgi?id=reyzel000eri
Trey Shaffer*,23,2022,LSU,SEC,0,0,,7,11,0,,0,0,0,9,7,8,7,1,9,1,11,6,0,2,46,1.778,7,1,9,11,1.22,,player.fcgi?id=shaffe000tre
Grant Taylor,20,2022,LSU,SEC,4,1,0.8,5.81,17,2,,0,0,0,31,32,26,20,3,21,1,39,0,0,5,151,1.71,9.3,0.9,6.1,11.3,1.86,,player.fcgi?id=taylor005gra
Trent Vietmeier,23,2022,LSU,SEC,1,0,1,2.28,20,0,,0,0,0,27.2,17,7,7,4,9,1,37,1,0,1,111,0.94,5.5,1.3,2.9,12,4.11,,player.fcgi?id=vietme000tre
Nate Ackenhausen*,21,2023,LSU,SEC,2,1,0.667,3.52,17,2,,0,0,2,30.2,25,18,12,5,14,1,36,5,0,5,134,1.272,7.3,1.5,4.1,10.6,2.57,,player.fcgi?id=ackenh000nat
Micah Bucknam,19,2023,LSU,SEC,0,0,,11.57,8,0,,0,0,0,7,8,9,9,4,3,0,14,5,0,1,35,1.571,10.3,5.1,3.9,18,4.67,,player.fcgi?id=buckna000mic
Javen Coleman*,21,2023,LSU,SEC,1,2,0.333,7.07,8,4,,0,0,0,14,10,12,11,3,16,1,21,2,0,0,71,1.857,6.4,1.9,10.3,13.5,1.31,,player.fcgi?id=colema000jav
Bryce Collins,23,2023,LSU,SEC,2,1,0.667,9.18,16,0,,0,0,1,16.2,16,19,17,3,16,1,19,5,0,4,88,1.92,8.6,1.6,8.6,10.3,1.19,,player.fcgi?id=collin004bry
Riley Cooper*,21,2023,LSU,SEC,5,3,0.625,4.38,32,3,,0,0,2,61.2,63,33,30,7,20,1,63,5,2,3,278,1.346,9.2,1,2.9,9.2,3.15,,player.fcgi?id=cooper003ril
Samuel Dutton,20,2023,LSU,SEC,0,0,,7.97,19,0,,0,0,0,20.1,36,18,18,5,7,0,21,0,0,4,104,2.115,15.9,2.2,3.1,9.3,3,,player.fcgi?id=dutton000sam
Garrett Edwards,21,2023,LSU,SEC,4,0,1,1.93,10,0,,0,0,1,23.1,16,5,5,1,5,0,27,0,0,3,93,0.9,6.2,0.4,1.9,10.4,5.4,,player.fcgi?id=edward003gar
Ty Floyd,21,2023,LSU,SEC,7,0,1,4.35,19,17,,0,0,1,91,70,50,44,16,37,0,120,12,2,5,387,1.176,6.9,1.6,3.7,11.9,3.24,,player.fcgi?id=floyd-000ty-
Gavin Guidry,19,2023,LSU,SEC,3,0,1,3.77,23,1,,0,0,3,28.2,23,16,12,4,12,0,42,2,0,10,126,1.221,7.2,1.3,3.8,13.2,3.5,,player.fcgi?id=guidry000gav
Will Hellmers,21,2023,LSU,SEC,0,0,,9,7,0,,0,0,0,11,10,12,11,2,9,1,14,4,0,2,57,1.727,8.2,1.6,7.4,11.5,1.56,,player.fcgi?id=hellme000wil
Griffin Herring*,20,2023,LSU,SEC,5,2,0.714,3.93,18,0,,0,0,2,34.1,32,20,15,0,19,0,41,6,1,3,161,1.485,8.4,0,5,10.7,2.16,,player.fcgi?id=herrin000gri
Thatcher Hurd,20,2023,LSU,SEC,8,2,0.8,5.68,23,11,,0,0,3,63.1,59,41,40,9,40,0,84,4,0,9,289,1.563,8.4,1.3,5.7,11.9,2.1,,player.fcgi?id=hurd--000tha
Christian Little,19,2023,LSU,SEC,2,2,0.5,7.79,19,8,,0,0,2,34.2,32,30,30,4,29,1,42,2,0,3,166,1.76,8.3,1,7.5,10.9,1.45,,player.fcgi?id=little001chr
Aiden Moffett,19,2023,LSU,SEC,0,0,,inf,1,0,,0,0,0,0,0,1,1,0,3,0,0,1,0,1,4,,,,,,0,,player.fcgi?id=moffet000aid
Blake Money,21,2023,LSU,SEC,1,0,1,5.97,20,2,,0,0,0,34.2,35,25,23,6,12,1,30,4,0,2,159,1.356,9.1,1.6,3.1,7.8,2.5,,player.fcgi?id=money-000bla
Chase Shores,19,2023,LSU,SEC,0,1,0,1.96,7,4,,0,0,0,18.1,15,4,4,0,9,0,15,3,0,0,77,1.309,7.4,0,4.4,7.4,1.67,,player.fcgi?id=shores000cha
Paul Skenes,21,2023,LSU,SEC,13,2,0.867,1.69,19,19,,2,0,0,122.2,72,28,23,7,20,0,209,3,0,8,462,0.75,5.3,0.5,1.5,15.3,10.45,,player.fcgi?id=skenes000pau
Nate Ackenhausen*,22,2024,LSU,SEC,3,4,0.429,5.65,20,5,,0,0,2,43,37,29,27,8,22,1,59,2,0,3,190,1.372,7.7,1.7,4.6,12.3,2.68,,player.fcgi?id=ackenh000nat
Kade Anderson*,19,2024,LSU,SEC,4,2,0.667,3.99,18,9,,0,0,0,38.1,38,22,17,3,20,1,59,7,0,6,174,1.513,8.9,0.7,4.7,13.9,2.95,,player.fcgi?id=anders001kad
Nic Bronzini*,20,2024,LSU,SEC,0,0,,5.79,6,0,,0,0,0,4.2,5,3,3,0,4,0,8,1,0,1,24,1.929,9.6,0,7.7,15.4,2,,player.fcgi?id=bronzi000nic
Micah Bucknam,20,2024,LSU,SEC,0,0,,7,8,0,,0,0,0,9,12,8,7,2,3,0,10,0,0,0,41,1.667,12,2,3,10,3.33,,player.fcgi?id=buckna000mic
Javen Coleman*,22,2024,LSU,SEC,3,1,0.75,5.19,12,7,,0,0,1,26,20,15,15,4,21,0,28,2,0,0,118,1.577,6.9,1.4,7.3,9.7,1.33,,player.fcgi?id=colema000jav
Samuel Dutton,21,2024,LSU,SEC,0,2,0,5.86,20,4,,0,0,1,27.2,32,19,18,3,6,2,29,2,0,1,121,1.373,10.4,1,2,9.4,4.83,,player.fcgi?id=dutton000sam
Gavin Guidry,20,2024,LSU,SEC,2,0,1,2.59,22,0,,0,0,3,24.1,14,8,7,2,18,1,36,1,0,10,106,1.315,5.2,0.7,6.7,13.3,2,,player.fcgi?id=guidry000gav
Will Hellmers,22,2024,LSU,SEC,1,0,1,2.31,20,0,,0,0,0,23.1,15,7,6,2,8,0,20,1,0,2,93,0.986,5.8,0.8,3.1,7.7,2.5,,player.fcgi?id=hellme000wil
Griffin Herring*,21,2024,LSU,SEC,6,1,0.857,1.79,21,1,,0,0,6,50.1,39,13,10,2,13,0,67,1,1,5,201,1.033,7,0.4,2.3,12,5.15,,player.fcgi?id=herrin000gri
Luke Holman,21,2024,LSU,SEC,9,4,0.692,2.75,16,16,,0,0,0,91.2,57,36,28,6,33,0,127,12,1,8,377,0.982,5.6,0.6,3.2,12.5,3.85,,player.fcgi?id=holman000luk
Thatcher Hurd,21,2024,LSU,SEC,3,4,0.429,6.55,18,9,,0,0,0,44,53,38,32,4,24,1,56,6,1,7,214,1.75,10.8,0.8,4.9,11.5,2.33,,player.fcgi?id=hurd--000tha
Cameron Johnson*,19,2024,LSU,SEC,0,0,,12,13,0,,0,0,0,9,5,12,12,0,16,0,13,3,0,4,50,2.333,5,0,16,13,0.81,,player.fcgi?id=johnso015cam
Gage Jump*,21,2024,LSU,SEC,6,2,0.75,3.47,17,15,,1,0,1,83,66,35,32,9,22,1,101,9,0,5,339,1.06,7.2,1,2.4,11,4.59,,player.fcgi?id=jump--000gag
Christian Little,20,2024,LSU,SEC,2,0,1,6.37,23,0,,0,0,0,29.2,35,21,21,2,16,1,38,1,0,6,139,1.719,10.6,0.6,4.9,11.5,2.38,,player.fcgi?id=little001chr
Justin Loer*,21,2024,LSU,SEC,2,0,1,5.92,26,0,,0,0,1,24.1,28,17,16,4,12,1,30,1,1,6,110,1.644,10.4,1.5,4.4,11.1,2.5,,player.fcgi?id=loer--000jus
Aiden Moffett,20,2024,LSU,SEC,0,1,0,5.6,16,0,,0,0,0,17.2,18,11,11,4,12,0,21,2,0,3,82,1.698,9.2,2,6.1,10.7,1.75,,player.fcgi?id=moffet000aid
Jaden Noot,20,2024,LSU,SEC,0,0,,27,1,0,,0,0,0,1,1,3,3,1,2,0,0,0,0,0,6,3,9,9,18,0,0,,player.fcgi?id=noot--000jad
DJ Primeaux*,20,2024,LSU,SEC,0,0,,2.45,9,0,,0,0,0,3.2,5,1,1,0,2,1,3,1,0,0,19,1.909,12.3,0,4.9,7.4,1.5,,player.fcgi?id=primea000dj-
Fidel Ulloa,21,2024,LSU,SEC,2,2,0.5,4.63,19,0,,0,0,2,23.1,20,13,12,3,11,0,26,1,0,1,104,1.329,7.7,1.2,4.2,10,2.36,,player.fcgi?id=ulloa-000fid
Kade Woods,21,2024,LSU,SEC,0,0,,5.4,3,0,,0,0,0,1.2,1,1,1,0,2,0,2,1,0,0,9,1.8,5.4,0,10.8,10.8,1,,player.fcgi?id=woods-001kad
Kade Anderson*,20,2025,LSU,SEC,12,1,0.923,3.18,19,19,,2,2,0,119,91,44,42,16,35,0,180,5,0,5,481,1.059,6.9,1.2,2.6,13.6,5.14,,player.fcgi?id=anders001kad
Dalton Beck*,23,2025,LSU,SEC,0,0,,0,3,0,,0,0,0,2,1,0,0,0,3,0,4,0,0,0,10,2,4.5,0,13.5,18,1.33,,player.fcgi?id=beck--000dal
Connor Benge,21,2025,LSU,SEC,1,1,0.5,6.75,17,0,,0,0,0,16,11,13,12,5,13,0,15,3,0,3,75,1.5,6.2,2.8,7.3,8.4,1.15,,player.fcgi?id=benge-000con
Zac Cowan,21,2025,LSU,SEC,3,3,0.5,2.94,22,2,,0,0,6,52,44,21,17,4,12,3,60,3,0,5,214,1.077,7.6,0.7,2.1,10.4,5,,player.fcgi?id=cowan-000zac
Chandler Dorsey,21,2025,LSU,SEC,0,0,,5.4,5,0,,0,0,0,5,8,5,3,0,2,0,4,0,0,2,26,2,14.4,0,3.6,7.2,2,,player.fcgi?id=dorsey003cha
Casan Evans,19,2025,LSU,SEC,5,1,0.833,2.05,19,3,,0,0,7,52.2,44,13,12,0,19,0,71,5,1,2,224,1.196,7.5,0,3.2,12.1,3.74,,player.fcgi?id=evans-001cas
Anthony Eyanson,20,2025,LSU,SEC,12,2,0.857,3,20,18,,1,0,2,108,88,39,36,8,36,1,152,5,0,10,448,1.148,7.3,0.7,3,12.7,4.22,,player.fcgi?id=eyanso000ant
Grant Fontenot,22,2025,LSU,SEC,0,1,0,7.2,6,0,,0,0,0,5,1,4,4,0,1,0,5,4,0,0,21,0.4,1.8,0,1.8,9,5,,player.fcgi?id=fonten001gra
Jacob Mayers,21,2025,LSU,SEC,2,0,1,4.8,17,0,,0,0,0,15,4,9,8,0,20,1,26,4,0,2,72,1.6,2.4,0,12,15.6,1.3,,player.fcgi?id=mayers001jac
Jaden Noot,21,2025,LSU,SEC,2,1,0.667,4.13,20,5,,0,0,1,32.2,28,17,15,3,15,0,44,2,0,6,142,1.316,7.7,0.8,4.1,12.1,2.93,,player.fcgi?id=noot--000jad
DJ Primeaux*,21,2025,LSU,SEC,0,0,,3.86,22,0,,0,0,0,14,11,7,6,1,8,0,13,7,0,2,66,1.357,7.1,0.6,5.1,8.4,1.63,,player.fcgi?id=primea000dj-
Mavrick Rizy,20,2025,LSU,SEC,0,0,,4.74,24,0,,0,0,0,24.2,22,14,13,0,19,2,29,4,0,2,118,1.662,8,0,6.9,10.6,1.53,,player.fcgi?id=rizy--000mav
William Schmidt,19,2025,LSU,SEC,7,0,1,4.73,17,6,,0,0,0,32.1,28,18,17,6,22,1,41,5,0,15,152,1.546,7.8,1.7,6.1,11.4,1.86,,player.fcgi?id=schmid007wil
Chase Shores,21,2025,LSU,SEC,5,3,0.625,5.09,23,9,,0,0,2,63.2,62,42,36,3,31,2,70,9,1,7,284,1.461,8.8,0.4,4.4,9.9,2.26,,player.fcgi?id=shores000cha
Dylan Thompson,20,2025,LSU,SEC,0,0,,0,1,0,,0,0,0,0.1,1,0,0,0,0,0,0,0,0,0,2,3,27,0,0,0,,,player.fcgi?id=thomps006dyl
Conner Ware*,21,2025,LSU,SEC,4,1,0.8,5.48,16,6,,0,0,0,21.1,13,14,13,1,18,0,23,5,0,6,100,1.453,5.5,0.4,7.6,9.7,1.28,,player.fcgi?id=ware--000con
Cooper Williams*,19,2025,LSU,SEC,0,1,0,1.8,21,0,,0,0,0,20,13,8,4,3,13,0,21,3,0,0,89,1.3,5.9,1.4,5.9,9.5,1.62,,player.fcgi?id=willia003coo
Kade Woods,22,2025,LSU,SEC,0,0,,36,2,0,,0,0,0,1,2,4,4,0,2,0,2,0,0,0,7,4,18,0,18,18,1,,player.fcgi?id=woods-001kad
Connor Benge,22,2026,LSU,SEC,2,0,1,9,16,0,,0,0,0,7,10,10,7,0,3,0,13,1,0,1,36,1.857,12.9,0,3.9,16.7,4.33,,player.fcgi?id=benge-000con
Zac Cowan,22,2026,LSU,SEC,3,3,0.5,5.32,17,5,,0,0,1,44,49,30,26,11,12,1,54,2,0,3,194,1.386,10,2.3,2.5,11,4.5,,player.fcgi?id=cowan-000zac
Dax Dathe,25,2026,LSU,SEC,0,0,,8.53,12,0,,0,0,0,6.1,6,6,6,0,7,1,9,5,0,0,38,2.053,8.5,0,9.9,12.8,1.29,,player.fcgi?id=dathe-000dax
Casan Evans,20,2026,LSU,SEC,2,4,0.333,5.93,13,12,,0,0,0,60.2,54,43,40,7,31,0,89,6,0,9,273,1.401,8,1,4.6,13.2,2.87,,player.fcgi?id=evans-001cas
Grant Fontenot,23,2026,LSU,SEC,0,2,0,4.18,21,4,,0,0,3,32.1,35,21,15,4,16,2,42,3,0,2,148,1.577,9.7,1.1,4.5,11.7,2.63,,player.fcgi?id=fonten001gra
Santiago Garcia*,21,2026,LSU,SEC,1,1,0.5,5.96,21,0,,0,0,2,22.2,19,17,15,2,17,0,35,4,0,8,107,1.588,7.5,0.8,6.8,13.9,2.06,,player.fcgi?id=garcia012san
Gavin Guidry,22,2026,LSU,SEC,5,3,0.625,6.39,20,3,,0,0,1,43.2,38,33,31,10,20,1,59,3,0,10,195,1.328,7.8,2.1,4.1,12.2,2.95,,player.fcgi?id=guidry000gav
Danny Lachenmayer*,20,2026,LSU,SEC,2,1,0.667,7.56,18,2,,0,0,0,16.2,14,14,14,3,13,0,24,6,0,6,81,1.62,7.6,1.6,7,13,1.85,,player.fcgi?id=lachen000dan
Cooper Moore,22,2026,LSU,SEC,3,3,0.5,3.38,6,6,,0,0,0,32,30,13,12,3,7,0,39,3,0,4,134,1.156,8.4,0.8,2,11,5.57,,player.fcgi?id=moore-002coo
Jaden Noot,22,2026,LSU,SEC,0,0,,6.75,10,2,,0,0,1,9.1,11,7,7,2,7,1,9,0,0,0,44,1.929,10.6,1.9,6.8,8.7,1.29,,player.fcgi?id=noot--000jad
Marcos Paz,19,2026,LSU,SEC,1,4,0.2,9.2,17,6,,0,0,0,29.1,25,32,30,5,27,0,40,4,0,5,145,1.773,7.7,1.5,8.3,12.3,1.48,,player.fcgi?id=paz---001mar
Ethan Plog*,20,2026,LSU,SEC,2,0,1,9.98,22,0,,0,0,0,15.1,17,19,17,2,16,0,21,4,0,3,83,2.152,10,1.2,9.4,12.3,1.31,,player.fcgi?id=plog--000eth
DJ Primeaux*,22,2026,LSU,SEC,0,0,,7.71,4,0,,0,0,0,2.1,0,2,2,0,4,0,4,3,0,1,14,1.714,0,0,15.4,15.4,1,,player.fcgi?id=primea000dj-
Reagan Ricken,19,2026,LSU,SEC,0,0,,4.66,14,4,,0,0,1,19.1,19,13,10,2,11,0,18,7,1,5,95,1.552,8.8,0.9,5.1,8.4,1.64,,player.fcgi?id=ricken000rea
Mavrick Rizy,21,2026,LSU,SEC,0,0,,4.22,20,0,,0,0,0,21.1,18,13,10,2,19,0,28,7,0,8,108,1.734,7.6,0.8,8,11.8,1.47,,player.fcgi?id=rizy--000mav
William Schmidt,20,2026,LSU,SEC,5,4,0.556,4.22,13,13,,0,0,0,64,54,34,30,10,31,0,85,7,0,11,282,1.328,7.6,1.4,4.4,12,2.74,,player.fcgi?id=schmid007wil
Deven Sheerin,20,2026,LSU,SEC,3,2,0.6,4.78,20,0,,0,0,5,37.2,30,26,20,6,18,3,58,8,0,8,172,1.274,7.2,1.4,4.3,13.9,3.22,,player.fcgi?id=sheeri000dev
Zion Theophilus,20,2026,LSU,SEC,0,0,,4.96,16,0,,0,0,0,16.1,14,9,9,2,15,1,15,2,0,3,76,1.776,7.7,1.1,8.3,8.3,1,,player.fcgi?id=theoph000zio
Cooper Williams*,20,2026,LSU,SEC,1,1,0.5,7.94,21,1,,0,0,0,17,15,18,15,2,15,1,27,4,0,3,85,1.765,7.9,1.1,7.9,14.3,1.8,,player.fcgi?id=willia003coo
Nic Abraham,20,2026,Tennessee,SEC,2,0,1,4.15,16,3,,0,0,0,34.2,32,17,16,3,7,1,20,7,0,1,147,1.125,8.3,0.8,1.8,5.2,2.86,,player.fcgi?id=abraha001nic
Cam Appenzeller*,19,2026,Tennessee,SEC,6,1,0.857,4.76,20,2,,0,0,1,56.2,50,30,30,5,15,0,64,1,2,4,228,1.147,7.9,0.8,2.4,10.2,4.27,,player.fcgi?id=appenz000cam
Brandon Arvidson*,22,2026,Tennessee,SEC,1,0,1,4.34,16,1,,0,0,3,37.1,37,18,18,6,14,0,44,3,0,3,158,1.366,8.9,1.4,3.4,10.6,3.14,,player.fcgi?id=arvids000bra
Ethan Baiotto,19,2026,Tennessee,SEC,3,0,1,6.17,15,2,,0,0,0,23.1,21,16,16,5,7,0,13,3,0,2,100,1.2,8.1,1.9,2.7,5,1.86,,player.fcgi?id=baiott000eth
Jax Bishop,19,2026,Tennessee,SEC,0,0,,3.38,5,0,,0,0,0,2.2,2,1,1,1,2,0,2,0,0,0,12,1.5,6.8,3.4,6.8,6.8,1,,player.fcgi?id=bishop000jax
Evan Blanco*,22,2026,Tennessee,SEC,7,4,0.636,4.65,16,16,,0,0,0,89,80,50,46,17,29,1,101,7,2,0,379,1.225,8.1,1.7,2.9,10.2,3.48,,player.fcgi?id=blanco000eva
Blaine Brown*,20,2026,Tennessee,SEC,0,0,,3,4,4,,0,0,0,3,1,1,1,0,3,0,5,1,0,0,14,1.333,3,0,9,15,1.67,,player.fcgi?id=brown-006bla
Chandler Day*,20,2026,Tennessee,SEC,0,2,0,7.82,14,1,,0,0,0,12.2,15,16,11,3,7,0,14,0,0,1,59,1.737,10.7,2.1,5,9.9,2,,player.fcgi?id=day---008cha
Sawyer Deering,19,2026,Tennessee,SEC,0,0,,6.75,10,0,,0,0,0,6.2,6,6,5,2,3,0,5,1,1,0,30,1.35,8.1,2.7,4.1,6.8,1.67,,player.fcgi?id=deerin000saw
Brady Frederick,21,2026,Tennessee,SEC,4,1,0.8,4.55,27,0,,0,0,0,31.2,29,18,16,4,12,0,35,7,0,2,139,1.295,8.2,1.1,3.4,9.9,2.92,,player.fcgi?id=freder000bra
Will Haas*,19,2026,Tennessee,SEC,0,1,0,6.43,15,0,,0,0,1,14,14,10,10,3,5,0,23,3,0,1,63,1.357,9,1.9,3.2,14.8,4.6,,player.fcgi?id=haas--002wil
Mark Hindy*,24,2026,Tennessee,SEC,2,0,1,7.15,18,0,,0,0,0,11.1,9,9,9,1,8,0,8,4,0,0,53,1.5,7.1,0.8,6.4,6.4,1,,player.fcgi?id=hindy-002mar
Brayden Krenzel,20,2026,Tennessee,SEC,2,3,0.4,9.35,20,0,,0,0,2,17.1,17,19,18,4,12,2,28,7,0,5,88,1.673,8.8,2.1,6.2,14.5,2.33,,player.fcgi?id=krenze000bra
Tegan Kuhns,21,2026,Tennessee,SEC,5,5,0.5,3.56,15,14,,1,1,0,81,80,35,32,12,16,0,106,6,2,2,342,1.185,8.9,1.3,1.8,11.8,6.63,,player.fcgi?id=kuhns-000teg
Landon Mack,20,2026,Tennessee,SEC,4,4,0.5,4.67,12,12,,0,0,0,61.2,67,34,32,11,25,0,77,7,2,2,275,1.492,9.8,1.6,3.6,11.2,3.08,,player.fcgi?id=mack--000lan
Bo Rhudy,21,2026,Tennessee,SEC,1,1,0.5,3.38,23,0,,0,0,3,32,22,12,12,7,6,1,41,2,0,0,126,0.875,6.2,2,1.7,11.5,6.83,,player.fcgi?id=rhudy-000bo-
Taylor Tracey*,19,2026,Tennessee,SEC,1,0,1,3.26,15,5,,0,0,0,19.1,12,10,7,3,15,0,28,3,0,1,88,1.397,5.6,1.4,7,13,1.87,,player.fcgi?id=tracey000tay
Nic Abraham,19,2025,Tennessee,SEC,1,0,1,8.31,6,1,,0,0,0,4.1,9,7,4,0,1,0,4,0,0,0,25,2.308,18.7,0,2.1,8.3,4,,player.fcgi?id=abraha001nic
Brandon Arvidson*,21,2025,Tennessee,SEC,2,0,1,4.19,30,2,,0,0,1,38.2,28,23,18,4,22,0,70,1,1,5,166,1.293,6.5,0.9,5.1,16.3,3.18,,player.fcgi?id=arvids000bra
Andrew Behnke*,21,2025,Tennessee,SEC,2,0,1,5.11,14,0,,0,0,0,12.1,10,7,7,4,3,0,6,3,0,1,50,1.054,7.3,2.9,2.2,4.4,2,,player.fcgi?id=behnke000and
Austin Breedlove,21,2025,Tennessee,SEC,3,0,1,3.42,25,2,,0,0,0,23.2,20,10,9,1,8,0,31,2,0,3,96,1.183,7.6,0.4,3,11.8,3.88,,player.fcgi?id=breedl000aus
Ryan Combs,21,2025,Tennessee,SEC,0,0,,7.36,13,0,,0,0,1,11,12,9,9,2,6,0,20,1,0,2,51,1.636,9.8,1.6,4.9,16.4,3.33,,player.fcgi?id=combs-001rya
Thomas Crabtree,20,2025,Tennessee,SEC,2,0,1,3,12,2,,0,0,0,15,8,5,5,4,5,0,20,2,0,2,60,0.867,4.8,2.4,3,12,4,,player.fcgi?id=crabtr000tho
Liam Doyle*,21,2025,Tennessee,SEC,10,4,0.714,3.2,19,17,,0,0,1,95.2,63,37,34,10,32,2,164,10,1,5,385,0.993,5.9,0.9,3,15.4,5.13,,player.fcgi?id=doyle-001lia
Tanner Franklin,21,2025,Tennessee,SEC,1,2,0.333,4.89,27,1,,0,0,2,38.2,40,22,21,6,9,0,52,4,0,3,163,1.267,9.3,1.4,2.1,12.1,5.78,,player.fcgi?id=frankl000tan
Austin Hunley,21,2025,Tennessee,SEC,2,0,1,2.79,12,0,,0,0,0,9.2,10,4,3,0,4,0,12,4,0,0,45,1.448,9.3,0,3.7,11.2,3,,player.fcgi?id=hunley000aus
Brayden Krenzel,19,2025,Tennessee,SEC,3,0,1,4.68,21,2,,0,0,0,32.2,35,18,17,3,19,1,41,4,0,1,146,1.653,9.6,0.8,5.2,11.3,2.16,,player.fcgi?id=krenze000bra
Tegan Kuhns,20,2025,Tennessee,SEC,2,4,0.333,5.4,15,10,,0,0,0,36.2,43,27,22,5,16,0,40,2,1,0,169,1.609,10.6,1.2,3.9,9.8,2.5,,player.fcgi?id=kuhns-000teg
Dylan Loy*,20,2025,Tennessee,SEC,4,0,1,3.97,33,1,,0,0,2,34,22,17,15,7,11,1,36,3,0,3,138,0.971,5.8,1.9,2.9,9.5,3.27,,player.fcgi?id=loy---000dyl
Brayden May*,20,2025,Tennessee,SEC,0,0,,0,1,0,,0,0,0,1,0,0,0,0,1,0,1,0,0,0,4,1,0,0,9,9,1,,player.fcgi?id=may---004bra
Luke Payne*,21,2025,Tennessee,SEC,0,0,,0,5,0,,0,0,0,3.2,1,0,0,0,4,0,5,0,0,2,17,1.364,2.5,0,9.8,12.3,1.25,,player.fcgi?id=payne-001luk
Marcus Phillips,20,2025,Tennessee,SEC,4,5,0.444,3.9,17,17,,1,1,0,83,75,45,36,11,34,0,98,8,0,4,359,1.313,8.1,1.2,3.7,10.6,2.88,,player.fcgi?id=philli006mar
AJ Russell,21,2025,Tennessee,SEC,2,1,0.667,3.55,12,6,,0,0,0,25.1,23,16,10,3,11,0,36,1,1,0,111,1.342,8.2,1.1,3.9,12.8,3.27,,player.fcgi?id=russel000aj-
Michael Sharman*,23,2025,Tennessee,SEC,3,1,0.75,3.18,17,3,,0,0,0,22.2,19,11,8,1,10,1,25,2,0,0,98,1.279,7.5,0.4,4,9.9,2.5,,player.fcgi?id=sharma000mic
Brayden Sharp*,20,2025,Tennessee,SEC,1,0,1,6.75,8,0,,0,0,0,8,7,6,6,4,5,0,15,1,0,0,37,1.5,7.9,4.5,5.6,16.9,3,,player.fcgi?id=sharp-000bra
Nate Snead,21,2025,Tennessee,SEC,4,2,0.667,4.53,23,1,,0,0,5,49.2,56,34,25,4,21,2,42,3,0,11,226,1.55,10.1,0.7,3.8,7.6,2,,player.fcgi?id=snead-000nat
Bryson Thacker*,20,2025,Tennessee,SEC,0,0,,0,5,0,,0,0,0,4.1,1,1,0,0,4,0,7,1,0,0,18,1.154,2.1,0,8.3,14.5,1.75,,player.fcgi?id=thacke001bry
Tanner Wiggins,20,2025,Tennessee,SEC,0,0,,0,4,0,,0,0,0,2.1,1,0,0,0,4,0,4,0,0,1,12,2.143,3.9,0,15.4,15.4,1,,player.fcgi?id=wiggin000tan
Drew Beam,21,2024,Tennessee,SEC,9,2,0.818,4.22,19,19,,2,0,0,102.1,103,58,48,15,27,0,99,8,0,3,436,1.27,9.1,1.3,2.4,8.7,3.67,,player.fcgi?id=beam--000dre
Andrew Behnke*,20,2024,Tennessee,SEC,3,1,0.75,3.54,23,0,,0,0,0,28,23,11,11,6,9,0,39,4,0,2,123,1.143,7.4,1.9,2.9,12.5,4.33,,player.fcgi?id=behnke000and
A.J. Causey,21,2024,Tennessee,SEC,13,3,0.813,4.43,19,6,,0,0,1,91.1,93,53,45,13,22,1,125,10,0,2,393,1.259,9.2,1.3,2.2,12.3,5.68,,player.fcgi?id=causey000aj-
Aaron Combs,22,2024,Tennessee,SEC,3,1,0.75,3.35,24,2,,0,0,6,45.2,34,19,17,3,23,1,66,1,1,2,195,1.248,6.7,0.6,4.5,13,2.87,,player.fcgi?id=combs-001aar
Kirby Connell*,23,2024,Tennessee,SEC,4,1,0.8,3.67,36,0,,0,0,4,49,49,20,20,7,13,0,49,4,0,2,205,1.265,9,1.3,2.4,9,3.77,,player.fcgi?id=connel000kir
Matthew Dallas*,20,2024,Tennessee,SEC,1,0,1,4.76,15,2,,0,0,0,17,11,9,9,2,10,0,22,4,0,0,76,1.235,5.8,1.1,5.3,11.6,2.2,,player.fcgi?id=dallas003mat
JJ Garcia,21,2024,Tennessee,SEC,3,0,1,3.97,11,0,,0,0,0,11.1,8,5,5,3,2,0,18,0,0,0,44,0.882,6.4,2.4,1.6,14.3,9,,player.fcgi?id=garcia000jj-
Austin Hunley,20,2024,Tennessee,SEC,1,0,1,6.23,8,0,,0,0,0,8.2,12,7,6,1,1,0,5,1,0,0,39,1.5,12.5,1,1,5.2,5,,player.fcgi?id=hunley000aus
Dylan Loy*,19,2024,Tennessee,SEC,2,0,1,2.37,21,5,,0,0,0,30.1,21,8,8,1,10,1,37,1,0,5,119,1.022,6.2,0.3,3,11,3.7,,player.fcgi?id=loy---000dyl
Luke Payne*,20,2024,Tennessee,SEC,0,0,,4.91,4,0,,0,0,0,3.2,2,2,2,1,3,0,9,0,0,3,16,1.364,4.9,2.5,7.4,22.1,3,,player.fcgi?id=payne-001luk
Marcus Phillips,19,2024,Tennessee,SEC,0,0,,4.95,19,2,,0,0,3,20,15,13,11,2,15,0,22,2,0,5,92,1.5,6.8,0.9,6.8,9.9,1.47,,player.fcgi?id=philli006mar
Brady Robertson,20,2024,Tennessee,SEC,0,0,,2.7,5,0,,0,0,0,3.1,2,2,1,0,1,0,4,1,0,0,14,0.9,5.4,0,2.7,10.8,4,,player.fcgi?id=robert012bra
AJ Russell,20,2024,Tennessee,SEC,0,1,0,5.02,6,4,,0,0,0,14.1,12,8,8,1,8,1,21,1,1,0,62,1.395,7.5,0.6,5,13.2,2.63,,player.fcgi?id=russel000aj-
Derek Schaefer,18,2024,Tennessee,SEC,2,0,1,9.35,10,2,,0,0,0,8.2,10,9,9,1,8,0,10,0,0,0,43,2.077,10.4,1,8.3,10.4,1.25,,player.fcgi?id=schaef000der
Zander Sechrist*,22,2024,Tennessee,SEC,6,1,0.857,3.12,20,19,,0,0,0,78,76,31,27,12,16,1,76,0,0,0,316,1.179,8.8,1.4,1.8,8.8,4.75,,player.fcgi?id=sechri000zan
Brayden Sharp*,19,2024,Tennessee,SEC,0,0,,0,3,0,,0,0,0,3,2,1,0,0,0,0,2,0,0,0,11,0.667,6,0,0,6,,,player.fcgi?id=sharp-000bra
Nate Snead,20,2024,Tennessee,SEC,10,2,0.833,3.11,29,1,,0,0,6,75.1,71,28,26,9,26,1,61,8,1,2,322,1.288,8.5,1.1,3.1,7.3,2.35,,player.fcgi?id=snead-000nat
Chris Stamos,24,2024,Tennessee,SEC,3,1,0.75,4.5,22,11,,0,0,0,32,24,17,16,8,16,0,35,2,0,1,135,1.25,6.8,2.3,4.5,9.8,2.19,,player.fcgi?id=stamos000chr
Drew Beam,20,2023,Tennessee,SEC,9,4,0.692,3.63,17,17,,1,0,0,84.1,88,49,34,12,23,0,88,5,0,3,365,1.316,9.4,1.3,2.5,9.4,3.83,,player.fcgi?id=beam--000dre
Andrew Behnke*,19,2023,Tennessee,SEC,0,0,,0,6,0,,0,0,0,5.2,2,0,0,0,4,0,10,0,0,0,24,1.059,3.2,0,6.4,15.9,2.5,,player.fcgi?id=behnke000and
Jacob Bimbi*,21,2023,Tennessee,SEC,2,0,1,5.27,15,0,,0,0,0,13.2,14,8,8,1,9,0,22,1,0,1,62,1.683,9.2,0.7,5.9,14.5,2.44,,player.fcgi?id=bimbi-000jac
Chase Burns,20,2023,Tennessee,SEC,5,3,0.625,4.25,18,8,,0,0,2,72,60,37,34,10,22,1,114,4,1,6,297,1.139,7.5,1.3,2.8,14.3,5.18,,player.fcgi?id=burns-008cha
Aaron Combs,21,2023,Tennessee,SEC,4,0,1,3,26,0,,0,0,0,21,14,7,7,3,7,0,39,7,0,2,90,1,6,1.3,3,16.7,5.57,,player.fcgi?id=combs-001aar
Kirby Connell*,22,2023,Tennessee,SEC,1,0,1,3.52,33,0,,0,0,0,15.1,11,7,6,2,4,0,17,0,0,0,62,0.978,6.5,1.2,2.3,10,4.25,,player.fcgi?id=connel000kir
Chase Dollander,21,2023,Tennessee,SEC,7,6,0.538,4.75,17,17,,1,0,0,89,83,49,47,14,30,0,120,8,1,2,384,1.27,8.4,1.4,3,12.1,4,,player.fcgi?id=dollan000cha
Hollis Fanning,21,2023,Tennessee,SEC,0,0,,1.26,15,1,,0,0,0,14.1,12,2,2,2,3,0,24,1,0,3,56,1.047,7.5,1.3,1.9,15.1,8,,player.fcgi?id=fannin000hol
Jake Fitzgibbons*,21,2023,Tennessee,SEC,2,0,1,3.75,17,0,,0,0,0,12,4,5,5,2,10,0,20,0,0,2,49,1.167,3,1.5,7.5,15,2,,player.fcgi?id=fitzgi000jak
JJ Garcia,20,2023,Tennessee,SEC,0,0,,5.79,4,0,,0,0,0,4.2,8,4,3,1,1,0,7,0,0,0,22,1.929,15.4,1.9,1.9,13.5,7,,player.fcgi?id=garcia000jj-
Seth Halvorsen,23,2023,Tennessee,SEC,3,3,0.5,3.81,25,1,,0,0,2,52,39,30,22,9,16,2,52,4,1,2,216,1.058,6.8,1.6,2.8,9,3.25,,player.fcgi?id=halvor000set
Bryce Jenkins,22,2023,Tennessee,SEC,1,0,1,5.51,18,0,,0,0,0,16.1,13,11,10,2,7,0,24,0,0,0,68,1.224,7.2,1.1,3.9,13.2,3.43,,player.fcgi?id=jenkin001bry
Zach Joyce,22,2023,Tennessee,SEC,1,0,1,4.35,13,0,,0,0,0,10.1,9,5,5,2,2,0,17,1,0,3,43,1.065,7.8,1.7,1.7,14.8,8.5,,player.fcgi?id=joyce-002zac
Andrew Lindsey,23,2023,Tennessee,SEC,3,4,0.429,2.9,21,9,,0,0,0,71.1,60,29,23,9,19,2,73,6,0,2,297,1.107,7.6,1.1,2.4,9.2,3.84,,player.fcgi?id=lindse000and
AJ Russell,19,2023,Tennessee,SEC,2,0,1,0.89,24,1,,0,0,0,30.1,9,4,3,1,7,3,47,0,0,0,105,0.527,2.7,0.3,2.1,13.9,6.71,,player.fcgi?id=russel000aj-
Zander Sechrist*,21,2023,Tennessee,SEC,0,1,0,2.05,23,12,,0,0,0,30.2,27,7,7,3,5,1,32,1,0,0,121,1.043,7.9,0.9,1.5,9.4,6.4,,player.fcgi?id=sechri000zan
Camden Sewell,23,2023,Tennessee,SEC,4,0,1,4.68,15,0,,0,0,0,25,21,13,13,2,14,0,32,9,0,1,115,1.4,7.6,0.7,5,11.5,2.29,,player.fcgi?id=sewell000cam
Drew Beam,19,2022,Tennessee,SEC,8,1,0.889,2.72,16,15,,1,1,0,76,50,26,23,8,21,0,62,5,0,2,298,0.934,5.9,0.9,2.5,7.3,2.95,,player.fcgi?id=beam--000dre
Gavin Brasosky*,19,2022,Tennessee,SEC,1,0,1,0,5,0,,0,0,0,4.1,2,0,0,0,3,0,6,0,0,1,18,1.154,4.2,0,6.2,12.5,2,,player.fcgi?id=brasos000gav
Chase Burns,19,2022,Tennessee,SEC,8,2,0.8,2.91,17,14,,0,0,0,80.1,65,31,26,13,25,1,103,3,2,5,330,1.12,7.3,1.5,2.8,11.5,4.12,,player.fcgi?id=burns-008cha
Grant Cherry,19,2022,Tennessee,SEC,0,0,,5.4,5,0,,0,0,0,3.1,1,2,2,0,9,0,5,2,0,1,22,3,2.7,0,24.3,13.5,0.56,,player.fcgi?id=cherry001gra
Kirby Connell*,21,2022,Tennessee,SEC,4,0,1,1.66,30,0,,0,0,0,38,27,11,7,2,6,0,36,2,0,0,146,0.868,6.4,0.5,1.4,8.5,6,,player.fcgi?id=connel000kir
Chase Dollander,20,2022,Tennessee,SEC,10,0,1,2.39,16,14,,0,0,0,79,50,25,21,7,13,0,108,2,0,1,306,0.797,5.7,0.8,1.5,12.3,8.31,,player.fcgi?id=dollan000cha
Wyatt Evans*,18,2022,Tennessee,SEC,0,0,,2.25,19,0,,0,0,0,16,12,4,4,2,3,0,22,2,0,1,62,0.938,6.8,1.1,1.7,12.4,7.33,,player.fcgi?id=evans-000wya
Hollis Fanning,20,2022,Tennessee,SEC,0,0,,2.7,5,0,,0,0,0,3.1,7,3,1,0,1,0,3,1,0,0,19,2.4,18.9,0,2.7,8.1,3,,player.fcgi?id=fannin000hol
Jake Fitzgibbons*,20,2022,Tennessee,SEC,0,0,,3.86,6,1,,0,0,0,7,2,3,3,1,9,0,10,0,0,1,32,1.571,2.6,1.3,11.6,12.9,1.11,,player.fcgi?id=fitzgi000jak
Ben Joyce,21,2022,Tennessee,SEC,2,1,0.667,2.23,27,1,,0,0,0,32.1,18,10,8,5,14,1,53,3,0,8,132,0.99,5,1.4,3.9,14.8,3.79,,player.fcgi?id=joyce-000ben
Will Mabrey*,21,2022,Tennessee,SEC,2,0,1,2.63,29,0,,0,0,0,41,34,13,12,5,5,0,52,3,0,1,158,0.951,7.5,1.1,1.1,11.4,10.4,,player.fcgi?id=mabrey000wil
J.D. McCracken*,19,2022,Tennessee,SEC,1,0,1,8.1,3,0,,0,0,0,3.1,5,3,3,1,1,0,2,0,0,0,16,1.8,13.5,2.7,2.7,5.4,2,,player.fcgi?id=mccrac000jd-
Mark McLaughlin,21,2022,Tennessee,SEC,2,1,0.667,2.01,27,0,,0,0,1,31.1,22,7,7,3,12,0,45,0,0,3,127,1.085,6.3,0.9,3.4,12.9,3.75,,player.fcgi?id=mclaug000mar
Drew Patterson*,20,2022,Tennessee,SEC,0,0,,2.08,6,0,,0,0,0,4.1,3,1,1,0,0,0,6,0,0,0,15,0.692,6.2,0,0,12.5,,,player.fcgi?id=patter000dre
Zander Sechrist*,20,2022,Tennessee,SEC,4,0,1,1.67,17,11,,0,0,0,43,27,8,8,4,7,0,46,2,0,0,159,0.791,5.7,0.8,1.5,9.6,6.57,,player.fcgi?id=sechri000zan
Camden Sewell,22,2022,Tennessee,SEC,7,1,0.875,2.52,26,1,,0,0,1,50,40,17,14,3,8,1,42,7,0,0,197,0.96,7.2,0.5,1.4,7.6,5.25,,player.fcgi?id=sewell000cam
Ethan Smith,23,2022,Tennessee,SEC,1,0,1,7.36,6,0,,0,0,0,3.2,6,3,3,1,6,0,3,0,0,2,20,3.273,14.7,2.5,14.7,7.4,0.5,,player.fcgi?id=smith-001eth
Blade Tidwell,21,2022,Tennessee,SEC,3,2,0.6,3,13,9,,0,0,0,39,31,13,13,6,11,0,51,1,0,3,158,1.077,7.2,1.4,2.5,11.8,4.64,,player.fcgi?id=tidwel000bla
Redmond Walsh*,24,2022,Tennessee,SEC,4,1,0.8,2.52,27,0,,0,0,7,39.1,26,12,11,3,10,3,40,1,0,1,156,0.915,5.9,0.7,2.3,9.2,4,,player.fcgi?id=walsh-000red
Kirby Connell*,20,2021,Tennessee,SEC,1,1,0.5,3,26,0,,0,0,2,42,44,19,14,5,3,0,39,2,0,0,175,1.119,9.4,1.1,0.6,8.4,13,,player.fcgi?id=connel000kir
Chad Dallas,21,2021,Tennessee,SEC,11,2,0.846,4.19,17,17,,0,0,0,103,95,52,48,21,20,0,122,8,0,5,426,1.117,8.3,1.8,1.7,10.7,6.1,,player.fcgi?id=dallas000cha
Christian Delashmit,20,2021,Tennessee,SEC,0,0,,5.79,6,0,,0,0,0,4.2,6,4,3,2,1,0,4,0,0,2,21,1.5,11.6,3.9,1.9,7.7,4,,player.fcgi?id=delash000chr
Hollis Fanning,19,2021,Tennessee,SEC,0,0,,6.75,4,0,,0,0,0,2.2,5,2,2,0,0,0,2,0,0,0,13,1.875,16.9,0,0,6.8,,,player.fcgi?id=fannin000hol
Jake Fitzgibbons*,19,2021,Tennessee,SEC,1,0,1,8.31,7,3,,0,0,0,8.2,13,13,8,2,6,0,6,0,0,3,45,2.192,13.5,2.1,6.2,6.2,1,,player.fcgi?id=fitzgi000jak
Drew Gilbert*,20,2021,Tennessee,SEC,1,0,1,0,7,0,,0,0,0,8.1,3,0,0,0,5,0,8,2,0,1,33,0.96,3.2,0,5.4,8.6,1.6,,player.fcgi?id=gilber002and
Will Heflin*,24,2021,Tennessee,SEC,3,3,0.5,4.07,18,16,,0,0,0,79.2,82,40,36,12,17,1,77,5,0,7,338,1.243,9.3,1.4,1.9,8.7,4.53,,player.fcgi?id=heflin000wil
Connor Housley,19,2021,Tennessee,SEC,0,0,,3.48,12,0,,0,0,0,10.1,8,4,4,1,6,0,14,0,0,1,45,1.355,7,0.9,5.2,12.2,2.33,,player.fcgi?id=housle000con
Sean Hunley,21,2021,Tennessee,SEC,7,5,0.583,3.36,35,0,,0,0,9,72.1,62,31,27,8,13,0,77,5,0,2,293,1.037,7.7,1,1.6,9.6,5.92,,player.fcgi?id=hunley000sea
Jackson Leath,22,2021,Tennessee,SEC,0,0,,0,2,1,,0,0,0,6.1,4,0,0,0,2,0,8,0,0,0,24,0.947,5.7,0,2.8,11.4,4,,player.fcgi?id=leath-000jac
Brock Lucas,19,2021,Tennessee,SEC,0,0,,inf,1,0,,0,0,0,0,3,3,3,0,1,0,0,1,0,1,5,,,,,,0,,player.fcgi?id=lucas-001bro
Will Mabrey*,20,2021,Tennessee,SEC,0,0,,1.13,12,0,,0,0,0,8,8,2,1,1,2,0,9,1,0,0,32,1.25,9,1.1,2.3,10.1,4.5,,player.fcgi?id=mabrey000wil
Mark McLaughlin,20,2021,Tennessee,SEC,2,0,1,1.83,15,5,,0,0,0,34.1,15,8,7,0,21,0,40,1,0,1,138,1.049,3.9,0,5.5,10.5,1.9,,player.fcgi?id=mclaug000mar
Elijah Pleasants,21,2021,Tennessee,SEC,2,1,0.667,4.37,15,2,,0,0,0,22.2,24,15,11,2,6,0,13,4,1,5,99,1.324,9.5,0.8,2.4,5.2,2.17,,player.fcgi?id=pleasa000eli
Jason Rackers,22,2021,Tennessee,SEC,1,1,0.5,2.53,7,3,,0,0,0,10.2,9,6,3,1,2,0,10,3,0,2,46,1.031,7.6,0.8,1.7,8.4,5,,player.fcgi?id=racker000jas
Shawn Scott*,19,2021,Tennessee,SEC,0,0,,6.75,3,0,,0,0,0,2.2,3,5,2,1,5,0,1,1,0,2,18,3,10.1,3.4,16.9,3.4,0.2,,player.fcgi?id=scott-003sha
Zander Sechrist*,19,2021,Tennessee,SEC,2,0,1,2.89,8,0,,0,0,0,9.1,8,4,3,1,1,0,11,0,0,0,35,0.964,7.7,1,1,10.6,11,,player.fcgi?id=sechri000zan
Camden Sewell,21,2021,Tennessee,SEC,4,1,0.8,2.82,23,3,,0,0,2,51,33,17,16,2,15,0,46,7,0,6,204,0.941,5.8,0.4,2.6,8.1,3.07,,player.fcgi?id=sewell000cam
Blade Tidwell,20,2021,Tennessee,SEC,10,3,0.769,3.74,18,18,,0,0,0,98.2,84,49,41,12,34,1,90,4,1,5,405,1.196,7.7,1.1,3.1,8.2,2.65,,player.fcgi?id=tidwel000bla
Redmond Walsh*,23,2021,Tennessee,SEC,5,1,0.833,2.52,28,0,,0,0,5,39.1,36,17,11,3,10,0,40,1,1,4,167,1.169,8.2,0.7,2.3,9.2,4,,player.fcgi?id=walsh-000red
Ethan Anderson,19,2020,Tennessee,SEC,0,0,,3,2,0,,0,0,0,3,3,1,1,1,0,0,4,0,0,0,12,1,9,3,0,12,,,player.fcgi?id=anders000eth
Kirby Connell*,19,2020,Tennessee,SEC,0,0,,6.35,4,0,,0,0,0,5.2,5,4,4,1,1,0,7,1,0,1,23,1.059,7.9,1.6,1.6,11.1,7,,player.fcgi?id=connel000kir
Garrett Crochet*,21,2020,Tennessee,SEC,0,0,,0,1,1,,0,0,0,3.1,2,0,0,0,0,0,6,0,0,0,12,0.6,5.4,0,0,16.2,,,player.fcgi?id=croche000gar
Chad Dallas,20,2020,Tennessee,SEC,3,0,1,2.53,4,4,,0,0,0,21.1,19,6,6,0,6,0,21,0,0,1,88,1.172,8,0,2.5,8.9,3.5,,player.fcgi?id=dallas000cha
Kody Davidson,21,2020,Tennessee,SEC,0,0,,0,6,0,,0,0,0,5.1,3,0,0,0,0,0,8,1,0,0,20,0.563,5.1,0,0,13.5,,,player.fcgi?id=davids000kod
Christian Delashmit,19,2020,Tennessee,SEC,3,0,1,0.77,5,1,,0,0,0,11.2,10,1,1,1,2,0,16,0,0,0,46,1.029,7.7,0.8,1.5,12.3,8,,player.fcgi?id=delash000chr
Drew Gilbert*,19,2020,Tennessee,SEC,1,0,1,5.63,4,0,,0,0,0,8,9,5,5,1,2,0,9,2,0,0,36,1.375,10.1,1.1,2.3,10.1,4.5,,player.fcgi?id=gilber002and
Sean Hunley,20,2020,Tennessee,SEC,0,0,,0.54,6,1,,0,0,3,16.2,8,1,1,0,2,0,14,0,0,0,59,0.6,4.3,0,1.1,7.6,7,,player.fcgi?id=hunley000sea
Jackson Leath,21,2020,Tennessee,SEC,4,0,1,1.45,5,2,,0,0,0,18.2,11,5,3,0,5,0,29,0,0,1,72,0.857,5.3,0,2.4,14,5.8,,player.fcgi?id=leath-000jac
Will Mabrey*,19,2020,Tennessee,SEC,0,0,,2.25,5,0,,0,0,0,4,2,1,1,0,1,0,3,0,0,0,14,0.75,4.5,0,2.3,6.8,3,,player.fcgi?id=mabrey000wil
Mark McLaughlin,19,2020,Tennessee,SEC,1,0,1,1.8,5,1,,0,0,0,10,5,2,2,1,1,0,12,0,0,0,35,0.6,4.5,0.9,0.9,10.8,12,,player.fcgi?id=mclaug000mar
Elijah Pleasants,20,2020,Tennessee,SEC,1,0,1,1.42,7,2,,0,0,0,12.2,13,3,2,0,5,0,9,0,0,1,55,1.421,9.2,0,3.6,6.4,1.8,,player.fcgi?id=pleasa000eli
Camden Sewell,20,2020,Tennessee,SEC,0,0,,3,1,1,,0,0,0,3,1,1,1,1,1,0,5,0,0,0,11,0.667,3,3,3,15,5,,player.fcgi?id=sewell000cam
Chase Wallace,21,2020,Tennessee,SEC,1,1,0.5,3.5,4,4,,0,0,0,18,13,8,7,1,7,0,18,5,1,2,79,1.111,6.5,0.5,3.5,9,2.57,,player.fcgi?id=wallac002cha
Redmond Walsh*,22,2020,Tennessee,SEC,1,1,0.5,0,6,0,,0,0,2,11.2,5,1,0,0,2,0,10,0,0,0,43,0.6,3.9,0,1.5,7.7,5,,player.fcgi?id=walsh-000red
Garrett Crochet*,20,2019,Tennessee,SEC,5,3,0.625,4.02,18,6,,0,0,3,65,67,35,29,8,22,0,81,6,0,2,283,1.369,9.3,1.1,3,11.2,3.68,,player.fcgi?id=croche000gar
Will Heflin*,22,2019,Tennessee,SEC,4,1,0.8,2.2,26,1,,0,0,0,32.2,29,14,8,2,14,1,35,1,0,2,139,1.316,8,0.6,3.9,9.6,2.5,,player.fcgi?id=heflin000wil
Sean Hunley,19,2019,Tennessee,SEC,4,0,1,2.6,20,5,,0,0,1,45,36,14,13,2,12,0,29,2,1,0,179,1.067,7.2,0.4,2.4,5.8,2.42,,player.fcgi?id=hunley000sea
Richard Jackson,23,2019,Tennessee,SEC,1,0,1,1.4,21,0,,0,0,1,19.1,7,3,3,0,5,0,21,3,0,3,68,0.621,3.3,0,2.3,9.8,4.2,,player.fcgi?id=jackso009ric
Tanner Kohlhepp,20,2019,Tennessee,SEC,0,0,,11.25,7,0,,0,0,0,4,4,5,5,0,7,0,5,1,0,0,24,2.75,9,0,15.8,11.3,0.71,,player.fcgi?id=kohlhe000tan
Zach Linginfelter,22,2019,Tennessee,SEC,6,6,0.5,5.64,17,16,,0,0,0,68.2,61,46,43,10,27,0,71,9,0,11,295,1.282,8,1.3,3.5,9.3,2.63,,player.fcgi?id=lingin000zac
Will Neely,23,2019,Tennessee,SEC,2,1,0.667,6.29,15,9,,0,0,0,48.2,61,34,34,10,9,1,36,10,0,2,222,1.438,11.3,1.8,1.7,6.7,4,,player.fcgi?id=neely-000wil
Elijah Pleasants,19,2019,Tennessee,SEC,0,0,,2.45,11,1,,0,0,0,11,2,6,3,0,7,0,5,4,0,1,44,0.818,1.6,0,5.7,4.1,0.71,,player.fcgi?id=pleasa000eli
Andrew Schultz,21,2019,Tennessee,SEC,3,1,0.75,3.24,26,0,,0,0,2,25,17,9,9,1,22,1,39,5,0,4,118,1.56,6.1,0.4,7.9,14,1.77,,player.fcgi?id=schult003and
Camden Sewell,19,2019,Tennessee,SEC,4,1,0.8,2.18,20,5,,0,0,1,45.1,29,12,11,6,22,0,43,1,0,2,182,1.125,5.8,1.2,4.4,8.5,1.95,,player.fcgi?id=sewell000cam
Chase Silseth,19,2019,Tennessee,SEC,1,1,0.5,4.35,18,2,,0,0,0,20.2,15,10,10,4,6,0,24,3,0,2,85,1.016,6.5,1.7,2.6,10.5,4,,player.fcgi?id=silset000cha
Garrett Stallings,21,2019,Tennessee,SEC,8,5,0.615,3.33,16,16,,2,2,0,102.2,110,44,38,10,16,0,106,4,1,7,431,1.227,9.6,0.9,1.4,9.3,6.63,,player.fcgi?id=stalli000gar
Daniel Vasquez?,--,2019,Tennessee,SEC,0,0,,13.5,3,0,,0,0,0,1.1,2,2,2,0,0,0,1,0,0,0,6,1.5,13.5,0,0,6.8,,,player.fcgi?id=vasque005dan
Chase Wallace,20,2019,Tennessee,SEC,0,0,,1.35,9,0,,0,0,0,6.2,5,1,1,0,4,0,7,4,0,1,32,1.35,6.8,0,5.4,9.5,1.75,,player.fcgi?id=wallac002cha
Redmond Walsh*,21,2019,Tennessee,SEC,2,2,0.5,1.38,27,0,,0,0,9,45.2,38,8,7,2,13,0,48,3,0,1,182,1.117,7.5,0.4,2.6,9.5,3.69,,player.fcgi?id=walsh-000red
Donovan Benoit,19,2018,Tennessee,SEC,0,0,,6.86,15,0,,0,0,1,21,23,17,16,3,9,0,17,2,0,4,94,1.524,9.9,1.3,3.9,7.3,1.89,,player.fcgi?id=benoit000don
Garrett Crochet*,19,2018,Tennessee,SEC,5,6,0.455,5.51,17,6,,0,0,1,63.2,68,49,39,13,26,2,62,12,2,8,297,1.476,9.6,1.8,3.7,8.8,2.38,,player.fcgi?id=croche000gar
Connor Darling,20,2018,Tennessee,SEC,0,1,0,12.27,4,0,,0,0,0,3.2,6,6,5,0,5,0,2,0,0,0,22,3,14.7,0,12.3,4.9,0.4,,player.fcgi?id=darlin000con
Alex Harper-Cook*,21,2018,Tennessee,SEC,0,0,,27,2,0,,0,0,0,1.1,5,5,4,0,4,0,1,0,0,0,13,6.75,33.8,0,27,6.8,0.25,,player.fcgi?id=harper002ale
Will Heflin*,21,2018,Tennessee,SEC,4,3,0.571,5.63,17,5,,0,0,0,38.1,45,27,24,6,23,1,28,3,0,3,182,1.774,10.6,1.4,5.4,6.6,1.22,,player.fcgi?id=heflin000wil
Sean Hunley,18,2018,Tennessee,SEC,7,3,0.7,2.64,15,14,,1,1,0,75,77,25,22,6,18,0,53,5,2,8,314,1.267,9.2,0.7,2.2,6.4,2.94,,player.fcgi?id=hunley000sea
Richard Jackson,22,2018,Tennessee,SEC,0,0,,12.15,8,0,,0,0,0,6.2,14,10,9,1,3,0,6,1,1,2,37,2.55,18.9,1.4,4.1,8.1,2,,player.fcgi?id=jackso009ric
Zach Linginfelter,21,2018,Tennessee,SEC,3,4,0.429,3.93,18,4,,0,0,2,55,45,28,24,5,38,1,71,10,0,4,246,1.509,7.4,0.8,6.2,11.6,1.87,,player.fcgi?id=lingin000zac
Will Neely,22,2018,Tennessee,SEC,4,2,0.667,4.09,14,14,,3,1,0,83.2,86,45,38,11,21,0,52,13,1,3,372,1.279,9.3,1.2,2.3,5.6,2.48,,player.fcgi?id=neely-000wil
Josh Plummer,19,2018,Tennessee,SEC,0,0,,4.91,7,0,,0,0,0,7.1,9,4,4,1,8,0,6,1,0,3,38,2.318,11,1.2,9.8,7.4,0.75,,player.fcgi?id=plumme002jos
Andrew Schultz,20,2018,Tennessee,SEC,0,2,0,11.25,15,1,,0,0,0,8,10,11,10,1,9,0,9,1,0,2,42,2.375,11.3,1.1,10.1,10.1,1,,player.fcgi?id=schult003and
Sam Springer*,--,2018,Tennessee,SEC,0,0,,8.1,5,0,,0,0,0,3.1,3,6,3,0,5,0,3,0,0,0,19,2.4,8.1,0,13.5,8.1,0.6,,player.fcgi?id=spring000sam
Garrett Stallings,20,2018,Tennessee,SEC,5,5,0.5,4.58,16,11,,2,0,2,78.2,100,53,40,7,8,0,37,2,2,3,336,1.373,11.4,0.8,0.9,4.2,4.63,,player.fcgi?id=stalli000gar
Daniel Vasquez?,--,2018,Tennessee,SEC,0,0,,5.4,3,1,,0,0,1,5,3,3,3,1,3,0,2,0,0,1,21,1.2,5.4,1.8,5.4,3.6,0.67,,player.fcgi?id=vasque005dan
Chase Wallace,19,2018,Tennessee,SEC,1,1,0.5,2.86,16,0,,0,0,3,28.1,17,14,9,2,20,0,16,3,1,4,121,1.306,5.4,0.6,6.4,5.1,0.8,,player.fcgi?id=wallac002cha
Redmond Walsh*,20,2018,Tennessee,SEC,0,0,,2.04,16,0,,0,0,0,17.2,17,4,4,1,4,0,16,1,1,2,76,1.189,8.7,0.5,2,8.2,4,,player.fcgi?id=walsh-000red
Riley Watkins?,--,2018,Tennessee,SEC,0,0,,7.71,2,0,,0,0,0,2.1,3,2,2,0,2,0,2,0,2,0,12,2.143,11.6,0,7.7,7.7,1,,player.fcgi?id=watkin000ril
Connor Darling,19,2017,Tennessee,SEC,1,0,1,6,9,1,,0,0,0,12,13,10,8,1,10,0,8,0,1,1,58,1.917,9.8,0.8,7.5,6,0.8,,player.fcgi?id=darlin000con
Eric Freeman,22,2017,Tennessee,SEC,1,0,1,5.56,10,0,,0,0,1,22.2,28,16,14,4,10,0,13,2,0,2,106,1.676,11.1,1.6,4,5.2,1.3,,player.fcgi?id=freema002eri
Will Heflin*,20,2017,Tennessee,SEC,0,0,,2.93,12,0,,0,0,0,15.1,13,5,5,3,8,0,8,2,0,1,66,1.37,7.6,1.8,4.7,4.7,1,,player.fcgi?id=heflin000wil
Richard Jackson,21,2017,Tennessee,SEC,0,0,,3.38,2,0,,0,0,0,2.2,1,1,1,1,0,0,1,0,0,0,9,0.375,3.4,3.4,0,3.4,,,player.fcgi?id=jackso009ric
Zach Linginfelter,20,2017,Tennessee,SEC,3,4,0.429,3.67,22,6,,0,0,3,56.1,48,29,23,3,25,1,61,10,0,5,242,1.296,7.7,0.5,4,9.7,2.44,,player.fcgi?id=lingin000zac
Jon Lipinski,23,2017,Tennessee,SEC,6,1,0.857,2.1,20,1,,0,0,2,30,20,7,7,0,11,0,30,4,0,0,120,1.033,6,0,3.3,9,2.73,,player.fcgi?id=lipins000jon
Hunter Martin,22,2017,Tennessee,SEC,5,7,0.417,3.59,14,14,,4,0,0,92.2,89,44,37,9,16,2,89,5,0,4,385,1.133,8.6,0.9,1.6,8.6,5.56,,player.fcgi?id=martin000hun
Will Neely,21,2017,Tennessee,SEC,3,1,0.75,3.43,19,8,,0,0,0,57.2,45,25,22,3,13,0,41,8,0,4,236,1.006,7,0.5,2,6.4,3.15,,player.fcgi?id=neely-000wil
Quint Robinson?,--,2017,Tennessee,SEC,0,0,,0,3,0,,0,0,0,2,2,0,0,0,1,0,0,0,0,0,9,1.5,9,0,4.5,0,0,,player.fcgi?id=robins000qui
Andrew Schultz,19,2017,Tennessee,SEC,1,0,1,3.31,17,0,,0,0,1,16.1,16,7,6,1,11,0,19,4,0,2,78,1.653,8.8,0.6,6.1,10.5,1.73,,player.fcgi?id=schult003and
Kyle Serrano,21,2017,Tennessee,SEC,0,2,0,3.72,9,1,,0,0,0,9.2,7,6,4,0,6,0,21,2,0,2,45,1.345,6.5,0,5.6,19.6,3.5,,player.fcgi?id=serran000kyl
Garrett Stallings,19,2017,Tennessee,SEC,3,4,0.429,3.47,20,8,,0,0,0,70,75,32,27,7,13,1,39,3,1,1,296,1.257,9.6,0.9,1.7,5,3,,player.fcgi?id=stalli000gar
Daniel Vasquez?,--,2017,Tennessee,SEC,2,1,0.667,5.4,15,2,,0,0,0,23.1,30,15,14,0,11,0,30,0,0,1,111,1.757,11.6,0,4.2,11.6,2.73,,player.fcgi?id=vasque005dan
Zach Warren*,21,2017,Tennessee,SEC,2,5,0.286,6.31,18,11,,0,0,1,51.1,64,44,36,4,29,0,34,2,0,14,249,1.812,11.2,0.7,5.1,6,1.17,,player.fcgi?id=warren000zac
Jacob Westphal,21,2017,Tennessee,SEC,0,0,,4.15,7,0,,0,0,0,4.1,3,2,2,0,4,1,4,2,0,4,21,1.615,6.2,0,8.3,8.3,1,,player.fcgi?id=westph000jac
Andy Cox*,22,2016,Tennessee,SEC,3,6,0.333,6.72,22,8,,0,0,3,68.1,69,52,51,3,50,1,66,9,0,9,325,1.741,9.1,0.4,6.6,8.7,1.32,,player.fcgi?id=cox---001and
Eric Freeman,21,2016,Tennessee,SEC,3,1,0.75,3,22,6,,0,0,0,54,58,20,18,1,17,1,41,3,0,5,233,1.389,9.7,0.2,2.8,6.8,2.41,,player.fcgi?id=freema002eri
Alex Harper-Cook*,19,2016,Tennessee,SEC,2,1,0.667,3.09,15,4,,0,0,0,23.1,21,9,8,2,11,0,20,2,0,3,102,1.371,8.1,0.8,4.2,7.7,1.82,,player.fcgi?id=harper002ale
Richard Jackson,20,2016,Tennessee,SEC,0,0,,6.23,4,0,,0,0,0,4.1,5,3,3,0,2,0,4,1,0,0,20,1.615,10.4,0,4.2,8.3,2,,player.fcgi?id=jackso009ric
Steven Kane,23,2016,Tennessee,SEC,1,3,0.25,4.12,22,1,,0,0,0,39.1,44,22,18,3,13,0,25,6,0,4,174,1.449,10.1,0.7,3,5.7,1.92,,player.fcgi?id=kane--003ste
Jon Lipinski,22,2016,Tennessee,SEC,3,1,0.75,5.4,21,0,,0,0,3,30,36,20,18,2,14,0,26,3,1,1,141,1.667,10.8,0.6,4.2,7.8,1.86,,player.fcgi?id=lipins000jon
Hunter Martin,21,2016,Tennessee,SEC,3,3,0.5,2.03,21,5,,0,0,1,40,48,17,9,2,18,2,20,3,0,6,181,1.65,10.8,0.5,4.1,4.5,1.11,,player.fcgi?id=martin000hun
Will Neely,20,2016,Tennessee,SEC,1,3,0.25,3.96,20,6,,0,0,0,52.1,52,29,23,8,18,0,29,4,0,8,228,1.338,8.9,1.4,3.1,5,1.61,,player.fcgi?id=neely-000wil
Zach Reid*,20,2016,Tennessee,SEC,1,0,1,3.38,16,0,,0,0,0,13.1,13,8,5,0,11,0,13,3,0,3,63,1.8,8.8,0,7.4,8.8,1.18,,player.fcgi?id=reid--000zac
Quint Robinson?,--,2016,Tennessee,SEC,0,0,,0,3,0,,0,0,0,3,3,0,0,0,0,0,3,1,0,0,12,1,9,0,0,9,,,player.fcgi?id=robins000qui
Kyle Serrano,20,2016,Tennessee,SEC,0,1,0,2.45,1,1,,0,0,0,3.2,3,5,1,0,4,0,3,0,0,0,18,1.909,7.4,0,9.8,7.4,0.75,,player.fcgi?id=serran000kyl
Aaron Soto*,20,2016,Tennessee,SEC,6,2,0.75,3.63,17,8,,0,0,0,62,53,30,25,5,19,3,40,5,0,1,262,1.161,7.7,0.7,2.8,5.8,2.11,,player.fcgi?id=soto--000aar
Daniel Vasquez?,--,2016,Tennessee,SEC,1,2,0.333,3.77,17,4,,0,0,1,31,40,19,13,2,15,1,25,1,0,6,150,1.774,11.6,0.6,4.4,7.3,1.67,,player.fcgi?id=vasque005dan
Zach Warren*,20,2016,Tennessee,SEC,5,5,0.5,4.04,14,14,,0,0,0,75.2,78,40,34,2,30,0,58,7,0,6,329,1.427,9.3,0.2,3.6,6.9,1.93,,player.fcgi?id=warren000zac
Andy Cox*,21,2015,Tennessee,SEC,3,3,0.5,3.36,21,7,,,0,3,67,59,33,25,4,35,1,63,7,0,7,293,1.403,7.9,0.5,4.7,8.5,1.8,,player.fcgi?id=cox---001and
Eric Freeman,20,2015,Tennessee,SEC,0,0,,9,1,0,,,0,0,1,2,1,1,0,1,0,1,0,0,0,6,3,18,0,9,9,1,,player.fcgi?id=freema002eri
Steven Kane,22,2015,Tennessee,SEC,2,1,0.667,4.64,19,0,,,0,0,33,39,21,17,3,16,1,26,3,0,5,151,1.667,10.6,0.8,4.4,7.1,1.63,,player.fcgi?id=kane--003ste
Andrew Lee,21,2015,Tennessee,SEC,4,2,0.667,2.67,21,0,,,0,9,27,21,8,8,1,5,1,32,1,0,1,104,0.963,7,0.3,1.7,10.7,6.4,,player.fcgi?id=lee---005and
Peter Lenstrohm,22,2015,Tennessee,SEC,0,1,0,5.64,17,0,,,0,1,22.1,22,16,14,0,7,0,13,1,0,0,95,1.299,8.9,0,2.8,5.2,1.86,,player.fcgi?id=lenstr000pet
Bret Marks,23,2015,Tennessee,SEC,4,5,0.444,3.27,13,12,,,0,0,77,59,32,28,6,28,0,89,6,0,5,325,1.13,6.9,0.7,3.3,10.4,3.18,,player.fcgi?id=marks-000bre
Hunter Martin,20,2015,Tennessee,SEC,1,3,0.25,5.35,14,6,,,0,1,35.1,40,26,21,1,28,2,29,5,0,7,178,1.925,10.2,0.3,7.1,7.4,1.04,,player.fcgi?id=martin000hun
Drake Owenby*,21,2015,Tennessee,SEC,2,6,0.25,4.83,15,12,,,0,0,69,76,45,37,4,19,1,60,4,0,2,307,1.377,9.9,0.5,2.5,7.8,3.16,,player.fcgi?id=owenby000dra
Zach Reid*,19,2015,Tennessee,SEC,0,0,,0,2,0,,,0,0,1,2,0,0,0,0,0,0,0,0,0,5,2,18,0,0,0,,,player.fcgi?id=reid--000zac
Quint Robinson?,--,2015,Tennessee,SEC,0,0,,0,2,0,,,0,0,2,0,0,0,0,1,0,3,0,0,1,7,0.5,0,0,4.5,13.5,3,,player.fcgi?id=robins000qui
Kyle Serrano,19,2015,Tennessee,SEC,5,4,0.556,4.47,22,8,,,0,0,54.1,46,33,27,7,24,1,47,3,0,8,229,1.288,7.6,1.2,4,7.8,1.96,,player.fcgi?id=serran000kyl
Aaron Soto*,19,2015,Tennessee,SEC,0,0,,2.08,5,0,,,0,0,4.1,5,2,1,0,1,0,4,0,0,1,19,1.385,10.4,0,2.1,8.3,4,,player.fcgi?id=soto--000aar
Zach Warren*,19,2015,Tennessee,SEC,2,0,1,5.09,8,5,,,0,0,23,21,13,13,1,10,0,16,3,0,6,99,1.348,8.2,0.4,3.9,6.3,1.6,,player.fcgi?id=warren000zac
Jacob Westphal,19,2015,Tennessee,SEC,1,1,0.5,3.79,12,0,,,0,0,19,16,8,8,0,11,0,13,2,0,3,82,1.421,7.6,0,5.2,6.2,1.18,,player.fcgi?id=westph000jac
Trevor Bettencourt,19,2014,Tennessee,SEC,1,1,0.5,2.93,20,0,,,0,2,27.2,23,13,9,2,10,0,25,4,0,9,113,1.193,7.5,0.7,3.3,8.1,2.5,,player.fcgi?id=betten000tre
Trevor Charpie,20,2014,Tennessee,SEC,0,0,,0,1,0,,,0,0,0.2,0,0,0,0,0,0,0,0,0,0,2,0,0,0,0,0,,,player.fcgi?id=charpi000tre
Andy Cox*,20,2014,Tennessee,SEC,5,1,0.833,2.44,27,6,,,0,2,77.1,47,22,21,3,33,1,70,8,0,5,314,1.034,5.5,0.3,3.8,8.1,2.12,,player.fcgi?id=cox---001and
Zac Grotz,21,2014,Tennessee,SEC,0,0,,6,6,0,,,0,0,6,11,9,4,1,5,0,7,2,0,0,36,2.667,16.5,1.5,7.5,10.5,1.4,,player.fcgi?id=grotz-000zac
Andrew Lee,20,2014,Tennessee,SEC,4,4,0.5,3.9,23,7,,,0,4,57.2,56,27,25,4,25,3,45,1,0,3,249,1.405,8.7,0.6,3.9,7,1.8,,player.fcgi?id=lee---005and
Peter Lenstrohm,21,2014,Tennessee,SEC,1,1,0.5,3.65,24,2,,,0,0,37,32,22,15,1,11,0,21,9,0,3,163,1.162,7.8,0.2,2.7,5.1,1.91,,player.fcgi?id=lenstr000pet
Bret Marks,22,2014,Tennessee,SEC,3,1,0.75,6.43,10,4,,,0,0,14,13,10,10,1,7,0,10,3,0,3,64,1.429,8.4,0.6,4.5,6.4,1.43,,player.fcgi?id=marks-000bre
Eric Martin,21,2014,Tennessee,SEC,1,0,1,3.6,3,0,,,0,0,5,4,3,2,1,2,0,2,0,0,0,20,1.2,7.2,1.8,3.6,3.6,1,,player.fcgi?id=martin008eri
Hunter Martin,19,2014,Tennessee,SEC,4,4,0.5,3.25,14,12,,,0,0,63.2,70,34,23,6,25,1,43,5,0,3,282,1.492,9.9,0.8,3.5,6.1,1.72,,player.fcgi?id=martin000hun
Drake Owenby*,20,2014,Tennessee,SEC,2,3,0.4,3.2,21,1,,,0,5,25.1,24,20,9,1,20,0,24,2,0,1,126,1.737,8.5,0.4,7.1,8.5,1.2,,player.fcgi?id=owenby000dra
Josh Peterson,21,2014,Tennessee,SEC,2,0,1,2.45,19,0,,,0,0,29.1,24,10,8,1,8,0,21,2,0,2,118,1.091,7.4,0.3,2.5,6.4,2.63,,player.fcgi?id=peters002jos
Dalton Saberhagen?,--,2014,Tennessee,SEC,0,0,,6.75,2,0,,,0,0,1.1,2,1,1,0,1,0,0,0,0,0,8,2.25,13.5,0,6.8,0,0,,player.fcgi?id=saberh000dal
Kyle Serrano,18,2014,Tennessee,SEC,3,3,0.5,4.55,19,9,,,0,1,59.1,52,32,30,4,41,1,40,9,1,2,270,1.567,7.9,0.6,6.2,6.1,0.98,,player.fcgi?id=serran000kyl
Nick Williams,22,2014,Tennessee,SEC,5,5,0.5,3.22,15,13,,,0,0,89.1,81,37,32,4,21,2,65,6,1,11,370,1.142,8.2,0.4,2.1,6.5,3.1,,player.fcgi?id=willia006nic
Trevor Bettencourt,18,2013,Tennessee,SEC,2,3,0.4,6.49,20,3,,,0,3,34.2,44,26,25,2,18,3,24,6,0,6,171,1.788,11.4,0.5,4.7,6.2,1.33,,player.fcgi?id=betten000tre
Trevor Charpie,19,2013,Tennessee,SEC,3,4,0.429,6.87,21,1,,,0,2,38,50,32,29,3,17,2,22,12,1,3,190,1.763,11.8,0.7,4,5.2,1.29,,player.fcgi?id=charpi000tre
Andy Cox*,19,2013,Tennessee,SEC,2,2,0.5,5.29,21,6,,,0,1,47.2,53,33,28,6,20,0,31,8,0,5,218,1.531,10,1.1,3.8,5.9,1.55,,player.fcgi?id=cox---001and
Matt Esparza,18,2013,Tennessee,SEC,1,1,0.5,8.56,8,3,,,0,0,13.2,24,13,13,4,11,0,3,0,0,2,73,2.561,15.8,2.6,7.2,2,0.27,,player.fcgi?id=esparz000mat
Mike Flax,19,2013,Tennessee,SEC,0,0,,9,2,0,,,0,0,3,7,4,3,0,0,0,2,3,0,0,19,2.333,21,0,0,6,,,player.fcgi?id=flax--000mic
Zack Godley,23,2013,Tennessee,SEC,5,7,0.417,3.49,16,14,,,2,0,108.1,100,53,42,6,32,2,98,6,0,9,465,1.218,8.3,0.5,2.7,8.1,3.06,,player.fcgi?id=godley001zac
Vince Jackson*,19,2013,Tennessee,SEC,0,1,0,13.5,1,0,,,0,0,0.2,1,1,1,0,2,1,1,0,0,1,5,4.5,13.5,0,27,13.5,0.5,,player.fcgi?id=jackso003vin
Eric Martin,20,2013,Tennessee,SEC,1,0,1,3.49,22,0,,,0,0,38.2,34,19,15,2,18,0,24,2,2,4,171,1.345,7.9,0.5,4.2,5.6,1.33,,player.fcgi?id=martin008eri
Jeff Moberg,18,2013,Tennessee,SEC,0,0,,0,1,0,,,0,1,0.1,0,0,0,0,0,0,0,1,0,0,2,0,0,0,0,0,,,player.fcgi?id=moberg000jef
Drake Owenby*,19,2013,Tennessee,SEC,2,1,0.667,5.6,16,1,,,0,2,27.1,20,17,17,2,22,1,20,0,0,0,124,1.537,6.6,0.7,7.2,6.6,0.91,,player.fcgi?id=owenby000dra
Aaron Quillen,19,2013,Tennessee,SEC,2,4,0.333,6.79,14,12,,,0,0,51.2,75,42,39,4,16,0,30,6,0,9,246,1.761,13.1,0.7,2.8,5.2,1.88,,player.fcgi?id=quille000aar
Dalton Saberhagen?,--,2013,Tennessee,SEC,0,1,0,6.86,16,1,,,0,0,21,29,19,16,2,5,0,7,2,0,1,95,1.619,12.4,0.9,2.1,3,1.4,,player.fcgi?id=saberh000dal
Blake Thomas?,--,2013,Tennessee,SEC,2,1,0.667,7.23,7,3,,,0,0,18.2,24,16,15,3,5,0,7,1,0,0,85,1.554,11.6,1.4,2.4,3.4,1.4,,player.fcgi?id=thomas002bla
Nick Williams,21,2013,Tennessee,SEC,2,4,0.333,5.02,18,8,,,0,0,61,60,40,34,6,25,0,56,5,1,8,271,1.393,8.9,0.9,3.7,8.3,2.24,,player.fcgi?id=willia006nic
Jared Allen?,--,2012,Tennessee,SEC,0,1,0,36,1,1,,,0,0,1,3,4,4,1,3,0,1,0,0,0,9,6,27,9,27,9,0.33,,player.fcgi?id=allen-000jar
Josh Allman?,--,2012,Tennessee,SEC,0,0,,5.4,5,1,,,0,0,6.2,6,4,4,1,4,0,1,2,0,1,29,1.5,8.1,1.4,5.4,1.4,0.25,,player.fcgi?id=allman000jos
Nick Blount,21,2012,Tennessee,SEC,1,3,0.25,5.04,23,5,,,0,10,44.2,58,29,25,2,9,2,24,4,1,4,199,1.5,11.7,0.4,1.8,4.8,2.67,,player.fcgi?id=blount000nic
Hunter Daniel?,--,2012,Tennessee,SEC,0,1,0,40.5,1,0,,,0,0,0.2,3,3,3,1,1,0,0,0,0,0,6,6,40.5,13.5,13.5,0,0,,player.fcgi?id=daniel000hun
Samuel Davis?,--,2012,Tennessee,SEC,0,0,,inf,2,0,,,0,0,0,0,2,2,0,2,0,0,1,0,0,3,,,,,,0,,player.fcgi?id=davis-003sam
Zack Godley,22,2012,Tennessee,SEC,3,2,0.6,3.5,12,11,,,0,0,69.1,66,30,27,3,18,0,53,7,0,9,295,1.212,8.6,0.4,2.3,6.9,2.94,,player.fcgi?id=godley001zac
David Horne?,--,2012,Tennessee,SEC,0,0,,3.6,3,1,,,0,0,5,6,3,2,1,2,0,2,0,0,1,23,1.6,10.8,1.8,3.6,3.6,1,,player.fcgi?id=horne-000dav
Robbie Kidd,19,2012,Tennessee,SEC,2,3,0.4,4.86,21,7,,,0,0,63,58,37,34,3,41,0,41,14,0,9,294,1.571,8.3,0.4,5.9,5.9,1,,player.fcgi?id=kidd--000rob
Eric Martin,19,2012,Tennessee,SEC,0,0,,8.1,9,0,,,0,0,13.1,24,13,12,3,5,0,4,0,0,0,65,2.175,16.2,2,3.4,2.7,0.8,,player.fcgi?id=martin008eri
Dalton Saberhagen?,--,2012,Tennessee,SEC,5,3,0.625,4.66,23,3,,,0,0,36.2,39,24,19,5,18,0,14,5,0,2,171,1.555,9.6,1.2,4.4,3.4,0.78,,player.fcgi?id=saberh000dal
Drew Steckenrider,21,2012,Tennessee,SEC,4,6,0.4,3.36,27,3,,,0,1,67,45,30,25,4,40,6,79,10,0,5,293,1.269,6,0.5,5.4,10.6,1.98,,player.fcgi?id=stecke000dre
Conner Stevens,19,2012,Tennessee,SEC,1,2,0.333,4.39,20,1,,,0,0,41,47,24,20,5,22,0,16,6,1,3,189,1.683,10.3,1.1,4.8,3.5,0.73,,player.fcgi?id=steven000con
T.J. Thornton?,--,2012,Tennessee,SEC,0,0,,4.26,9,3,,,0,0,19,17,10,9,3,11,1,12,4,0,1,88,1.474,8.1,1.4,5.2,5.7,1.09,,player.fcgi?id=thornt000tj-
Joe Vanderplas*,19,2012,Tennessee,SEC,0,1,0,13.5,4,1,,,0,0,5.1,12,11,8,2,2,0,3,0,2,0,33,2.625,20.3,3.4,3.4,5.1,1.5,,player.fcgi?id=vander000joe
Carter Watson?,--,2012,Tennessee,SEC,3,3,0.5,4.82,21,3,,,0,1,37.1,38,22,20,2,20,3,29,9,0,6,174,1.554,9.2,0.5,4.8,7,1.45,,player.fcgi?id=watson003car
Nick Williams,20,2012,Tennessee,SEC,3,5,0.375,4.33,22,12,,,0,3,72.2,73,41,35,4,25,0,55,10,1,5,324,1.349,9,0.5,3.1,6.8,2.2,,player.fcgi?id=willia006nic
Brandon Zajac*,19,2012,Tennessee,SEC,0,1,0,5.68,4,3,,,0,0,12.2,14,10,8,0,12,0,3,1,0,2,65,2.053,9.9,0,8.5,2.1,0.25,,player.fcgi?id=zajac-000jef
Josh Allman?,--,2011,Tennessee,SEC,,,,0,,0,,,0,,1,1,0,0,,1,,1,,,,,2,9,,9,9,1,,player.fcgi?id=allman000jos
Nick Blount,20,2011,Tennessee,SEC,,,,5.84,,6,,,0,,49.1,68,40,32,,13,,21,,,,,1.642,12.4,,2.4,3.8,1.62,,player.fcgi?id=blount000nic
Rob Catapano?,--,2011,Tennessee,SEC,,,,6.3,,10,,,0,,50,67,36,35,,17,,23,,,,,1.68,12.1,,3.1,4.1,1.35,,player.fcgi?id=catapa000rob
Hunter Daniel?,--,2011,Tennessee,SEC,,,,8.03,,0,,,0,,12.1,16,11,11,,7,,5,,,,,1.865,11.7,,5.1,3.6,0.71,,player.fcgi?id=daniel000hun
Levi Dean,21,2011,Tennessee,SEC,,,,4.5,,2,,,0,,30,33,17,15,,12,,22,,,,,1.5,9.9,,3.6,6.6,1.83,,player.fcgi?id=dean--002lev
Zack Godley,21,2011,Tennessee,SEC,,,,3.38,,0,,,0,,32,41,18,12,,13,,34,,,,,1.688,11.5,,3.7,9.6,2.62,,player.fcgi?id=godley001zac
Steven Gruver*,22,2011,Tennessee,SEC,,,,3.88,,14,,,0,,97.1,97,50,42,,29,,84,,,,,1.295,9,,2.7,7.8,2.9,,player.fcgi?id=gruver000ste
Jerod Peper?,--,2011,Tennessee,SEC,,,,19.29,,2,,,0,,7,13,16,15,,12,,1,,,,,3.571,16.7,,15.4,1.3,0.08,,player.fcgi?id=peper-000jer
Matt Ramsey,21,2011,Tennessee,SEC,,,,0.9,,2,,,0,,10,2,1,1,,6,,15,,,,,0.8,1.8,,5.4,13.5,2.5,,player.fcgi?id=ramsey002mat
Jon Reed?,--,2011,Tennessee,SEC,,,,5.19,,9,,,0,,43.1,49,29,25,,23,,22,,,,,1.662,10.2,,4.8,4.6,0.96,,player.fcgi?id=reed--004jon
Dalton Saberhagen?,--,2011,Tennessee,SEC,,,,5.82,,1,,,0,,17,18,11,11,,10,,15,,,,,1.647,9.5,,5.3,7.9,1.5,,player.fcgi?id=saberh000dal
Drew Steckenrider,20,2011,Tennessee,SEC,,,,6,,3,,,0,,33,34,23,22,,26,,37,,,,,1.818,9.3,,7.1,10.1,1.42,,player.fcgi?id=stecke000dre
T.J. Thornton?,--,2011,Tennessee,SEC,,,,3.07,,3,,,0,,29.1,29,11,10,,11,,15,,,,,1.364,8.9,,3.4,4.6,1.36,,player.fcgi?id=thornt000tj-
Carter Watson?,--,2011,Tennessee,SEC,,,,5.18,,2,,,0,,33,34,23,19,,21,,22,,,,,1.667,9.3,,5.7,6,1.05,,player.fcgi?id=watson003car
Nick Williams,19,2011,Tennessee,SEC,,,,6.35,,0,,,0,,34,33,27,24,,20,,30,,,,,1.559,8.7,,5.3,7.9,1.5,,player.fcgi?id=willia006nic
Alex Burrell?,--,2011,South Carolina,SEC,,,,0,,0,,,0,,1,1,0,0,,0,,0,,,,,1,9,,0,0,,,player.fcgi?id=burrel000ale
Will Casey*,22,2011,South Carolina,SEC,,,,4.15,,0,,,0,,4.1,1,2,2,,3,,3,,,,,0.923,2.1,,6.2,6.2,1,,player.fcgi?id=casey-004wil
Bryan Harper*,21,2011,South Carolina,SEC,,,,5.21,,1,,,0,,19,17,12,11,,17,,18,,,,,1.789,8.1,,8.1,8.5,1.06,,player.fcgi?id=harper001bry
Colby Holmes,20,2011,South Carolina,SEC,,,,3.66,,13,,,0,,86,76,38,35,,21,,77,,,,,1.128,8,,2.2,8.1,3.67,,player.fcgi?id=holmes001jon
Forrest Koumas,18,2011,South Carolina,SEC,,,,2.96,,12,,,0,,73,59,28,24,,29,,63,,,,,1.205,7.3,,3.6,7.8,2.17,,player.fcgi?id=koumas001for
Jose Mata,22,2011,South Carolina,SEC,,,,1.67,,0,,,0,,32.1,30,7,6,,13,,16,,,,,1.33,8.4,,3.6,4.5,1.23,,player.fcgi?id=mata--001jos
Logan Munson?,--,2011,South Carolina,SEC,,,,7.71,,0,,,0,,7,12,7,6,,2,,5,,,,,2,15.4,,2.6,6.4,2.5,,player.fcgi?id=munson000log
Steven Neff*,22,2011,South Carolina,SEC,,,,2.35,,7,,,0,,38.1,29,11,10,,10,,29,,,,,1.017,6.8,,2.3,6.8,2.9,,player.fcgi?id=neff--001ste
Matt Price,21,2011,South Carolina,SEC,,,,1.83,,0,,,0,,59,44,12,12,,20,,75,,,,,1.085,6.7,,3.1,11.4,3.75,,player.fcgi?id=price-003mat
Michael Roth*,21,2011,South Carolina,SEC,,,,1.06,,20,,,0,,145,108,36,17,,41,,112,,,,,1.028,6.7,,2.5,7,2.73,,player.fcgi?id=roth--002mic
Patrick Sullivan?,--,2011,South Carolina,SEC,,,,1.35,,2,,,0,,20,14,5,3,,9,,21,,,,,1.15,6.3,,4.1,9.5,2.33,,player.fcgi?id=sulliv007pat
John Taylor,22,2011,South Carolina,SEC,,,,1.13,,0,,,0,,72,45,12,9,,28,,63,,,,,1.014,5.6,,3.5,7.9,2.25,,player.fcgi?id=taylor023joh
Tyler Webb*,20,2011,South Carolina,SEC,,,,3,,5,,,0,,36,34,19,12,,17,,28,,,,,1.417,8.5,,4.3,7,1.65,,player.fcgi?id=webb--000jon
Adam Westmoreland*,21,2011,South Carolina,SEC,,,,5.66,,9,,,0,,35,41,23,22,,18,,26,,,,,1.686,10.5,,4.6,6.7,1.44,,player.fcgi?id=westmo001ada
Evan Beal,18,2012,South Carolina,SEC,4,4,0.5,3.81,28,1,,,0,5,52,39,23,22,3,32,5,55,2,0,7,223,1.365,6.8,0.5,5.5,9.5,1.72,,player.fcgi?id=beal--000eva
Nolan Belcher*,23,2012,South Carolina,SEC,4,2,0.667,2.12,19,2,,,0,2,29.2,22,7,7,5,13,0,35,1,0,1,121,1.18,6.7,1.5,3.9,10.6,2.69,,player.fcgi?id=belche000nol
Ethan Carter,21,2012,South Carolina,SEC,1,0,1,0,5,0,,,0,0,10,3,0,0,0,2,0,10,0,0,0,36,0.5,2.7,0,1.8,9,5,,player.fcgi?id=carter000eth
Vince Fiori*,19,2012,South Carolina,SEC,0,0,,13.5,2,0,,,0,0,0.2,1,1,1,0,2,0,0,0,0,0,5,4.5,13.5,0,27,0,0,,player.fcgi?id=fiori-000vin
Colby Holmes,21,2012,South Carolina,SEC,7,2,0.778,3.05,16,16,,,0,0,79.2,66,30,27,7,17,0,65,7,0,3,324,1.042,7.5,0.8,1.9,7.3,3.82,,player.fcgi?id=holmes001jon
Forrest Koumas,19,2012,South Carolina,SEC,2,3,0.4,4.82,18,4,,,0,3,28,31,19,15,4,17,1,31,4,1,0,136,1.714,10,1.3,5.5,10,1.82,,player.fcgi?id=koumas001for
Jordan Montgomery*,19,2012,South Carolina,SEC,6,1,0.857,3.62,15,13,,,0,0,74.2,69,34,30,4,10,1,57,2,0,2,299,1.058,8.3,0.5,1.2,6.9,5.7,,player.fcgi?id=montgo000jor
Logan Munson?,--,2012,South Carolina,SEC,0,0,,4.5,11,0,,,0,0,8,8,4,4,1,2,0,8,0,0,0,34,1.25,9,1.1,2.3,9,4,,player.fcgi?id=munson000log
Matt Price,22,2012,South Carolina,SEC,5,5,0.5,3.48,28,5,,,0,13,77.2,55,32,30,2,31,5,94,10,0,3,326,1.107,6.4,0.2,3.6,10.9,3.03,,player.fcgi?id=price-003mat
Hunter Privette?,--,2012,South Carolina,SEC,1,0,1,1.86,15,0,,,0,0,9.2,9,2,2,1,2,0,14,3,0,1,42,1.138,8.4,0.9,1.9,13,7,,player.fcgi?id=privet000hun
Michael Roth*,22,2012,South Carolina,SEC,9,1,0.9,2.43,20,20,,,0,0,137,101,41,37,5,41,2,93,9,0,5,553,1.036,6.6,0.3,2.7,6.1,2.27,,player.fcgi?id=roth--002mic
Joel Seddon,19,2012,South Carolina,SEC,2,0,1,2.76,9,3,,,0,1,16.1,9,5,5,2,6,0,13,2,0,2,63,0.918,5,1.1,3.3,7.2,2.17,,player.fcgi?id=seddon000joe
Patrick Sullivan?,--,2012,South Carolina,SEC,0,0,,3.52,13,1,,,0,0,23,25,9,9,2,11,1,16,0,0,2,99,1.565,9.8,0.8,4.3,6.3,1.45,,player.fcgi?id=sulliv007pat
Drake Thomason?,--,2012,South Carolina,SEC,0,0,,9,2,0,,,0,0,1,1,1,1,0,1,0,1,0,0,0,5,2,9,0,9,9,1,,player.fcgi?id=thomas000dra
Tyler Webb*,21,2012,South Carolina,SEC,6,1,0.857,1.56,39,0,,,0,3,57.2,44,12,10,0,18,3,58,3,0,3,238,1.075,6.9,0,2.8,9.1,3.22,,player.fcgi?id=webb--000jon
Adam Westmoreland*,22,2012,South Carolina,SEC,2,1,0.667,2.86,7,4,,,0,0,22,20,7,7,1,4,0,14,2,1,1,90,1.091,8.2,0.4,1.6,5.7,3.5,,player.fcgi?id=westmo001ada
Evan Beal,19,2013,South Carolina,SEC,2,1,0.667,4.78,13,5,,,0,0,32,31,17,17,0,16,0,36,2,0,3,143,1.469,8.7,0,4.5,10.1,2.25,,player.fcgi?id=beal--000eva
Nolan Belcher*,24,2013,South Carolina,SEC,7,5,0.583,2.38,17,17,,,1,0,117,108,39,31,5,16,0,95,8,0,3,482,1.06,8.3,0.4,1.2,7.3,5.94,,player.fcgi?id=belche000nol
Curt Britt,20,2013,South Carolina,SEC,2,0,1,5.12,11,2,,,0,1,19.1,24,12,11,1,3,0,10,1,0,1,85,1.397,11.2,0.5,1.4,4.7,3.33,,player.fcgi?id=britt-000cur
Vince Fiori*,20,2013,South Carolina,SEC,1,0,1,3.92,14,0,,,0,0,20.2,22,10,9,1,4,0,21,5,0,1,93,1.258,9.6,0.4,1.7,9.1,5.25,,player.fcgi?id=fiori-000vin
Colby Holmes,22,2013,South Carolina,SEC,5,2,0.714,3.76,19,9,,,0,0,55,52,30,23,1,15,0,42,1,1,4,232,1.218,8.5,0.2,2.5,6.9,2.8,,player.fcgi?id=holmes001jon
Josh Knab?,--,2013,South Carolina,SEC,0,0,,3.86,3,0,,,0,0,2.1,3,1,1,0,1,0,2,1,0,0,11,1.714,11.6,0,3.9,7.7,2,,player.fcgi?id=knab--000jos
Forrest Koumas,20,2013,South Carolina,SEC,0,0,,8.35,10,4,,,0,0,18.1,21,17,17,3,13,0,16,2,0,3,90,1.855,10.3,1.5,6.4,7.9,1.23,,player.fcgi?id=koumas001for
Jordan Montgomery*,20,2013,South Carolina,SEC,6,1,0.857,1.48,13,13,,,1,0,79,64,19,13,2,18,1,60,7,0,3,322,1.038,7.3,0.2,2.1,6.8,3.33,,player.fcgi?id=montgo000jor
Alex Satterfield?,--,2013,South Carolina,SEC,0,0,,0,1,0,,,0,0,0.2,0,0,0,0,0,0,1,0,0,0,2,0,0,0,0,13.5,,,player.fcgi?id=satter000ale
Joel Seddon,20,2013,South Carolina,SEC,1,1,0.5,4.5,11,2,,,0,0,18,25,16,9,1,9,1,20,1,0,1,94,1.889,12.5,0.5,4.5,10,2.22,,player.fcgi?id=seddon000joe
Patrick Sullivan?,--,2013,South Carolina,SEC,2,0,1,2.84,19,0,,,0,1,25.1,31,11,8,0,11,0,23,4,0,1,122,1.658,11,0,3.9,8.2,2.09,,player.fcgi?id=sulliv007pat
Drake Thomason?,--,2013,South Carolina,SEC,0,0,,81,1,0,,,0,0,0.1,4,3,3,0,1,0,1,0,0,0,6,15,108,0,27,27,1,,player.fcgi?id=thomas000dra
Tyler Webb*,22,2013,South Carolina,SEC,3,3,0.5,1.47,32,0,,,0,17,43,33,9,7,0,14,5,60,0,0,2,176,1.093,6.9,0,2.9,12.6,4.29,,player.fcgi?id=webb--000jon
Adam Westmoreland*,23,2013,South Carolina,SEC,7,4,0.636,2.32,29,0,,,0,3,66,52,22,17,3,15,3,62,9,0,1,273,1.015,7.1,0.4,2,8.5,4.13,,player.fcgi?id=westmo001ada
Jack Wynkoop*,19,2013,South Carolina,SEC,7,3,0.7,3.09,17,11,,,0,0,64,70,28,22,1,11,0,36,4,2,1,271,1.266,9.8,0.1,1.5,5.1,3.27,,player.fcgi?id=wynkoo000jac
Evan Beal,20,2014,South Carolina,SEC,0,1,0,3.29,5,4,,,0,0,13.2,12,5,5,0,4,0,8,0,0,1,56,1.171,7.9,0,2.6,5.3,2,,player.fcgi?id=beal--000eva
Curt Britt,21,2014,South Carolina,SEC,3,0,1,2.35,8,2,,,0,0,23,22,6,6,2,11,0,19,1,0,2,101,1.435,8.6,0.8,4.3,7.4,1.73,,player.fcgi?id=britt-000cur
Wil Crowe,19,2014,South Carolina,SEC,8,3,0.727,2.75,15,15,,,1,0,91.2,76,32,28,2,19,0,59,6,0,1,365,1.036,7.5,0.2,1.9,5.8,3.11,,player.fcgi?id=crowe-000wil
Vince Fiori*,21,2014,South Carolina,SEC,1,0,1,1.37,17,0,,,0,0,19.2,14,5,3,0,10,0,18,3,0,2,86,1.22,6.4,0,4.6,8.2,1.8,,player.fcgi?id=fiori-000vin
Trey McNickle,21,2014,South Carolina,SEC,0,0,,0,2,0,,,0,0,1.1,1,0,0,0,1,0,0,0,0,0,6,1.5,6.8,0,6.8,0,0,,player.fcgi?id=mcnick000tre
Cody Mincey,22,2014,South Carolina,SEC,5,0,1,1.04,29,0,,,0,1,34.2,20,4,4,0,17,1,44,7,0,1,146,1.067,5.2,0,4.4,11.4,2.59,,player.fcgi?id=mincey000cod
Jordan Montgomery*,21,2014,South Carolina,SEC,8,5,0.615,3.42,16,16,,,0,0,100,93,45,38,7,29,0,95,2,1,2,419,1.22,8.4,0.6,2.6,8.6,3.28,,player.fcgi?id=montgo000jor
John Parke*,19,2014,South Carolina,SEC,0,0,,0,4,0,,,0,0,3.1,1,0,0,0,2,0,3,0,0,0,12,0.9,2.7,0,5.4,8.1,1.5,,player.fcgi?id=parke-002joh
Hunter Privette?,--,2014,South Carolina,SEC,1,0,1,0,10,0,,,0,0,10.1,3,0,0,0,3,0,5,0,0,1,37,0.581,2.6,0,2.6,4.4,1.67,,player.fcgi?id=privet000hun
Josh Reagan*,19,2014,South Carolina,SEC,3,0,1,0.36,14,1,,,0,0,25.1,25,3,1,0,4,0,21,3,0,0,108,1.145,8.9,0,1.4,7.5,5.25,,player.fcgi?id=reagan000jos
Reed Scott?,--,2014,South Carolina,SEC,2,0,1,1.94,14,3,,,0,0,41.2,34,11,9,0,8,1,31,2,0,0,164,1.008,7.3,0,1.7,6.7,3.88,,player.fcgi?id=scott-000ree
Joel Seddon,21,2014,South Carolina,SEC,3,2,0.6,1.66,27,1,,,0,15,48.2,37,10,9,1,12,3,59,1,0,4,191,1.007,6.8,0.2,2.2,10.9,4.92,,player.fcgi?id=seddon000joe
Matt Vogel,18,2014,South Carolina,SEC,0,1,0,6.91,8,2,,,0,0,14.1,12,13,11,1,11,0,15,4,0,2,72,1.605,7.5,0.6,6.9,9.4,1.36,,player.fcgi?id=vogel-002mat
Taylor Widener,19,2014,South Carolina,SEC,3,0,1,1.79,21,2,,,0,0,40.1,24,9,8,2,15,0,38,2,1,0,161,0.967,5.4,0.4,3.3,8.5,2.53,,player.fcgi?id=widene000tay
Jack Wynkoop*,20,2014,South Carolina,SEC,7,6,0.538,2.86,17,16,,,0,0,88,94,40,28,6,10,0,58,5,2,3,371,1.182,9.6,0.6,1,5.9,5.8,,player.fcgi?id=wynkoo000jac
Canaan Cropper,20,2015,South Carolina,SEC,0,0,,1.46,10,1,,,0,0,12.1,14,4,2,0,7,0,7,3,0,4,60,1.703,10.2,0,5.1,5.1,1,,player.fcgi?id=croppe000can
Wil Crowe,20,2015,South Carolina,SEC,3,4,0.429,4.91,9,9,,,0,0,51.1,52,32,28,4,19,0,59,2,0,5,222,1.383,9.1,0.7,3.3,10.3,3.11,,player.fcgi?id=crowe-000wil
Alex Destino*,19,2015,South Carolina,SEC,0,0,,0,1,0,,,0,0,0.2,1,1,0,0,3,0,1,0,0,0,7,6,13.5,0,40.5,13.5,0.33,,player.fcgi?id=destin000ale
Vince Fiori*,22,2015,South Carolina,SEC,3,1,0.75,4.06,25,2,,,0,2,31,24,16,14,2,21,1,32,7,0,7,142,1.452,7,0.6,6.1,9.3,1.52,,player.fcgi?id=fiori-000vin
Tyler Haswell?,--,2015,South Carolina,SEC,0,0,,4.15,5,2,,,0,0,8.2,6,5,4,1,7,0,9,0,0,1,38,1.5,6.2,1,7.3,9.3,1.29,,player.fcgi?id=haswel000tyl
Preston Johnson,23,2015,South Carolina,SEC,2,0,1,4.8,9,0,,,0,0,15,13,8,8,0,5,0,15,1,0,4,62,1.2,7.8,0,3,9,3,,player.fcgi?id=johnso000pre
Tyler Johnson,19,2015,South Carolina,SEC,0,0,,4.7,7,1,,,0,0,7.2,8,5,4,2,1,0,8,0,0,0,29,1.174,9.4,2.3,1.2,9.4,8,,player.fcgi?id=johnso005tyl
Cody Mincey,23,2015,South Carolina,SEC,2,3,0.4,6.75,18,0,,,0,1,28,24,21,21,0,22,1,27,2,1,3,128,1.643,7.7,0,7.1,8.7,1.23,,player.fcgi?id=mincey000cod
Brandon Murray,19,2015,South Carolina,SEC,5,0,1,4.32,21,0,,,0,2,33.1,33,18,16,1,11,0,18,5,0,5,147,1.32,8.9,0.3,3,4.9,1.64,,player.fcgi?id=murray004bra
John Parke*,20,2015,South Carolina,SEC,2,0,1,0,11,0,,,0,0,9.1,5,2,0,0,10,0,10,1,0,1,45,1.607,4.8,0,9.6,9.6,1,,player.fcgi?id=parke-002joh
Josh Reagan*,20,2015,South Carolina,SEC,2,2,0.5,4.72,15,7,,,0,0,47.2,54,27,25,6,10,0,34,3,0,3,205,1.343,10.2,1.1,1.9,6.4,3.4,,player.fcgi?id=reagan000jos
Clarke Schmidt,19,2015,South Carolina,SEC,2,2,0.5,4.81,18,10,,,0,0,58,70,37,31,5,20,0,55,9,1,5,268,1.552,10.9,0.8,3.1,8.5,2.75,,player.fcgi?id=schmid001cla
Reed Scott?,--,2015,South Carolina,SEC,2,3,0.4,3.2,22,5,,,0,2,50.2,48,23,18,5,19,0,35,4,0,0,214,1.322,8.5,0.9,3.4,6.2,1.84,,player.fcgi?id=scott-000ree
Matt Vogel,19,2015,South Carolina,SEC,0,0,,5.82,11,3,,,0,0,17,11,13,11,1,18,0,16,0,0,5,78,1.706,5.8,0.5,9.5,8.5,0.89,,player.fcgi?id=vogel-002mat
Taylor Widener,20,2015,South Carolina,SEC,1,5,0.167,4.78,19,3,,,0,9,32,33,19,17,3,19,3,44,3,0,4,150,1.625,9.3,0.8,5.3,12.4,2.32,,player.fcgi?id=widene000tay
Jack Wynkoop*,21,2015,South Carolina,SEC,8,5,0.615,3.27,16,14,,,0,1,104.2,121,47,38,4,14,1,86,5,0,6,445,1.29,10.4,0.3,1.2,7.4,6.14,,player.fcgi?id=wynkoo000jac
Kyle Anderson?,--,2016,South Carolina,SEC,0,0,,0,3,0,,0,0,0,3.1,2,0,0,0,2,0,6,0,0,2,14,1.2,5.4,0,5.4,16.2,3,,player.fcgi?id=anders002kyl
Colie Bowers,21,2016,South Carolina,SEC,1,0,1,2.03,7,2,,0,0,0,13.1,5,3,3,2,8,0,15,0,0,1,54,0.975,3.4,1.4,5.4,10.1,1.88,,player.fcgi?id=bowers000col
Canaan Cropper,21,2016,South Carolina,SEC,0,0,,5.14,5,2,,0,0,0,7,10,4,4,0,5,0,10,1,0,1,36,2.143,12.9,0,6.4,12.9,2,,player.fcgi?id=croppe000can
Alex Destino*,20,2016,South Carolina,SEC,0,0,,9,1,0,,0,0,0,1,2,1,1,0,1,0,0,0,0,0,6,3,18,0,9,0,0,,player.fcgi?id=destin000ale
Vince Fiori*,23,2016,South Carolina,SEC,0,0,,5.4,9,0,,0,0,0,3.1,7,3,2,0,3,0,4,1,0,0,22,3,18.9,0,8.1,10.8,1.33,,player.fcgi?id=fiori-000vin
Tyler Haswell?,--,2016,South Carolina,SEC,2,0,1,3.1,11,1,,0,0,0,20.1,19,9,7,0,3,0,15,0,0,2,82,1.082,8.4,0,1.3,6.6,5,,player.fcgi?id=haswel000tyl
Adam Hill,19,2016,South Carolina,SEC,7,0,1,3.53,14,14,,0,0,0,66.1,49,26,26,5,28,0,72,11,0,7,275,1.161,6.6,0.7,3.8,9.8,2.57,,player.fcgi?id=hill--001ada
Tyler Johnson,20,2016,South Carolina,SEC,3,2,0.6,2.42,29,1,,1,0,9,52,34,15,14,5,8,0,59,1,1,2,193,0.808,5.9,0.9,1.4,10.2,7.38,,player.fcgi?id=johnso005tyl
Brandon Murray,20,2016,South Carolina,SEC,2,0,1,6.38,20,1,,0,0,0,24,26,19,17,2,11,0,15,3,0,0,113,1.542,9.8,0.8,4.1,5.6,1.36,,player.fcgi?id=murray004bra
Colton Provey,21,2016,South Carolina,SEC,0,0,,10.13,5,0,,0,0,0,5.1,8,6,6,0,6,0,6,0,1,0,28,2.625,13.5,0,10.1,10.1,1,,player.fcgi?id=provey000col
Josh Reagan*,21,2016,South Carolina,SEC,3,2,0.6,2.08,29,0,,0,0,11,56.1,34,14,13,8,20,1,50,4,0,2,223,0.959,5.4,1.3,3.2,8,2.5,,player.fcgi?id=reagan000jos
Clarke Schmidt,20,2016,South Carolina,SEC,9,5,0.643,3.4,18,17,,2,0,0,111.1,107,50,42,9,27,1,129,10,1,3,474,1.204,8.6,0.7,2.2,10.4,4.78,,player.fcgi?id=schmid001cla
Reed Scott?,--,2016,South Carolina,SEC,4,1,0.8,2.56,29,0,,0,0,2,45.2,41,15,13,2,15,3,31,2,0,2,191,1.226,8.1,0.4,3,6.1,2.07,,player.fcgi?id=scott-000ree
Matt Vogel,20,2016,South Carolina,SEC,1,0,1,3.86,9,0,,0,0,0,7,6,4,3,0,12,0,11,0,1,2,40,2.571,7.7,0,15.4,14.1,0.92,,player.fcgi?id=vogel-002mat
Braden Webb,21,2016,South Carolina,SEC,10,6,0.625,3.09,18,17,,0,0,0,102,80,43,35,6,48,0,128,7,2,14,431,1.255,7.1,0.5,4.2,11.3,2.67,,player.fcgi?id=webb--002bra
Taylor Widener,21,2016,South Carolina,SEC,4,2,0.667,4.2,17,9,,0,0,0,55.2,54,30,26,5,16,0,68,3,1,1,240,1.257,8.7,0.8,2.6,11,4.25,,player.fcgi?id=widene000tay
Colie Bowers,22,2017,South Carolina,SEC,5,1,0.833,1.74,25,0,,0,0,4,41.1,19,10,8,4,16,3,48,4,0,5,164,0.847,4.1,0.9,3.5,10.5,3,,player.fcgi?id=bowers000col
Sawyer Bridges?,--,2017,South Carolina,SEC,0,0,,11.45,8,1,,0,0,0,11,18,15,14,3,9,0,14,3,0,2,62,2.455,14.7,2.5,7.4,11.5,1.56,,player.fcgi?id=bridge000saw
Wil Crowe,22,2017,South Carolina,SEC,6,5,0.545,3.41,15,15,,0,0,0,92.1,89,45,35,5,31,0,90,2,0,6,396,1.3,8.7,0.5,3,8.8,2.9,,player.fcgi?id=crowe-000wil
Tyler Haswell?,--,2017,South Carolina,SEC,0,0,,9,3,0,,0,0,0,2,0,2,2,0,6,1,4,1,0,2,13,3,0,0,27,18,0.67,,player.fcgi?id=haswel000tyl
Adam Hill,20,2017,South Carolina,SEC,3,6,0.333,3.04,14,14,,0,0,0,77,56,29,26,6,39,2,87,6,1,3,320,1.234,6.5,0.7,4.6,10.2,2.23,,player.fcgi?id=hill--001ada
Tyler Johnson,21,2017,South Carolina,SEC,1,2,0.333,2.39,19,0,,0,0,10,26.1,20,9,7,0,15,3,40,2,2,2,116,1.329,6.8,0,5.1,13.7,2.67,,player.fcgi?id=johnso005tyl
Graham Lawson,21,2017,South Carolina,SEC,2,0,1,5.87,13,2,,0,0,0,23,26,17,15,5,9,0,19,3,0,3,106,1.522,10.2,2,3.5,7.4,2.11,,player.fcgi?id=lawson000gra
Colby Lee,19,2017,South Carolina,SEC,2,1,0.667,5.86,13,3,,0,0,0,27.2,25,18,18,5,11,0,22,4,0,4,121,1.301,8.1,1.6,3.6,7.2,2,,player.fcgi?id=lee---005col
Cody Morris,20,2017,South Carolina,SEC,3,2,0.6,3.66,10,10,,0,0,0,39.1,37,19,16,4,8,0,47,3,1,7,169,1.144,8.5,0.9,1.8,10.8,5.88,,player.fcgi?id=morris002cod
Brandon Murray,21,2017,South Carolina,SEC,0,1,0,16.2,6,1,,0,0,0,5,8,9,9,1,7,0,7,0,0,1,29,3,14.4,1.8,12.6,12.6,1,,player.fcgi?id=murray004bra
John Parke*,22,2017,South Carolina,SEC,2,1,0.667,8.53,14,2,,0,0,1,25.1,35,24,24,1,9,0,21,3,0,1,118,1.737,12.4,0.4,3.2,7.5,2.33,,player.fcgi?id=parke-002joh
Josh Reagan*,22,2017,South Carolina,SEC,6,2,0.75,2.72,27,0,,0,0,2,56.1,49,21,17,6,19,1,51,3,0,1,232,1.207,7.8,1,3,8.1,2.68,,player.fcgi?id=reagan000jos
Clarke Schmidt,21,2017,South Carolina,SEC,4,2,0.667,1.34,9,9,,0,0,0,60.1,41,15,9,3,18,0,70,5,0,5,238,0.978,6.1,0.4,2.7,10.4,3.89,,player.fcgi?id=schmid001cla
Reed Scott?,--,2017,South Carolina,SEC,1,2,0.333,3.91,24,3,,0,0,3,53,47,24,23,5,22,2,43,4,0,2,226,1.302,8,0.8,3.7,7.3,1.95,,player.fcgi?id=scott-000ree
Sawyer Bridges?,--,2018,South Carolina,SEC,2,1,0.667,1.35,21,0,,0,0,5,33.1,27,7,5,1,9,0,25,1,0,1,138,1.08,7.3,0.3,2.4,6.8,2.78,,player.fcgi?id=bridge000saw
Logan Chapman,19,2018,South Carolina,SEC,3,3,0.5,5.85,16,14,,0,0,0,60,60,41,39,8,34,0,55,6,1,5,274,1.567,9,1.2,5.1,8.3,1.62,,player.fcgi?id=chapma000log
Ridge Chapman,21,2018,South Carolina,SEC,1,4,0.2,4.93,16,6,,0,0,0,38.1,25,22,21,7,24,0,36,2,0,7,162,1.278,5.9,1.6,5.6,8.5,1.5,,player.fcgi?id=chapma000rid
Parker Coyne,19,2018,South Carolina,SEC,1,1,0.5,3.18,19,0,,0,0,0,22.2,15,11,8,3,13,0,26,1,0,4,92,1.235,6,1.2,5.2,10.3,2,,player.fcgi?id=coyne-000par
Eddy Demurias,20,2018,South Carolina,SEC,7,1,0.875,4.87,31,1,,0,0,3,64.2,70,36,35,8,30,6,51,2,0,4,283,1.546,9.7,1.1,4.2,7.1,1.7,,player.fcgi?id=demuri000edd
John Gilreath*,18,2018,South Carolina,SEC,0,1,0,4.5,24,3,,0,0,1,40,39,23,20,3,18,1,44,4,0,7,176,1.425,8.8,0.7,4.1,9.9,2.44,,player.fcgi?id=gilrea000joh
Adam Hill,21,2018,South Carolina,SEC,7,5,0.583,4.12,16,16,,0,0,0,83,55,39,38,5,55,0,101,8,1,5,357,1.325,6,0.5,6,11,1.84,,player.fcgi?id=hill--001ada
Gage Hinson,21,2018,South Carolina,SEC,0,0,,3.18,3,0,,0,0,0,5.2,2,2,2,0,3,0,2,1,0,0,22,0.882,3.2,0,4.8,3.2,0.67,,player.fcgi?id=hinson000gag
Graham Lawson,22,2018,South Carolina,SEC,1,1,0.5,5.6,22,0,,0,0,3,27.1,26,19,17,4,10,0,26,7,1,5,125,1.317,8.6,1.3,3.3,8.6,2.6,,player.fcgi?id=lawson000gra
Colby Lee,20,2018,South Carolina,SEC,0,0,,27,2,0,,0,0,0,1.1,2,4,4,2,3,0,1,2,0,0,11,3.75,13.5,13.5,20.3,6.8,0.33,,player.fcgi?id=lee---005col
Hunter Lomas?,--,2018,South Carolina,SEC,0,0,,7.58,15,0,,0,0,1,19,20,16,16,3,6,0,17,2,0,2,85,1.368,9.5,1.4,2.8,8.1,2.83,,player.fcgi?id=lomas-000hun
Carmen Mlodzinski,19,2018,South Carolina,SEC,3,6,0.333,5.52,19,7,,0,0,1,45.2,47,30,28,3,21,0,43,3,0,7,207,1.489,9.3,0.6,4.1,8.5,2.05,,player.fcgi?id=mlodzi000car
Cody Morris,21,2018,South Carolina,SEC,9,3,0.75,3.46,16,16,,0,0,0,83.1,71,37,32,9,31,0,87,6,2,8,346,1.224,7.7,1,3.3,9.4,2.81,,player.fcgi?id=morris002cod
TJ Shook,20,2018,South Carolina,SEC,3,0,1,2.33,21,0,,0,0,0,27,32,9,7,0,15,0,27,1,0,0,123,1.741,10.7,0,5,9,1.8,,player.fcgi?id=shook-001tj-
Corey Stone*,19,2018,South Carolina,SEC,0,0,,0,3,0,,0,0,0,2,3,0,0,0,2,0,1,0,0,0,11,2.5,13.5,0,9,4.5,0.5,,player.fcgi?id=stone-000cor
Sawyer Bridges?,--,2019,South Carolina,SEC,2,1,0.667,6.75,15,0,,0,0,1,18.2,22,14,14,4,6,1,22,2,0,1,84,1.5,10.6,1.9,2.9,10.6,3.67,,player.fcgi?id=bridge000saw
Ridge Chapman,22,2019,South Carolina,SEC,0,0,,0,1,0,,0,0,0,1.2,0,0,0,0,2,0,3,0,0,1,7,1.2,0,0,10.8,16.2,1.5,,player.fcgi?id=chapma000rid
Parker Coyne,20,2019,South Carolina,SEC,2,1,0.667,5.26,16,1,,0,0,1,25.2,33,15,15,4,12,1,35,2,0,6,121,1.753,11.6,1.4,4.2,12.3,2.92,,player.fcgi?id=coyne-000par
Cole Ganopulos?,--,2019,South Carolina,SEC,0,0,,9.78,16,0,,0,0,0,19.1,28,23,21,4,10,0,15,5,0,5,102,1.966,13,1.9,4.7,7,1.5,,player.fcgi?id=ganopu000col
John Gilreath*,19,2019,South Carolina,SEC,2,1,0.667,7,16,1,,0,0,0,27,30,25,21,3,18,2,24,0,0,4,129,1.778,10,1,6,8,1.33,,player.fcgi?id=gilrea000joh
Dylan Harley?,--,2019,South Carolina,SEC,3,4,0.429,9.58,24,5,,0,0,0,41.1,40,46,44,7,30,1,52,6,1,6,197,1.694,8.7,1.5,6.5,11.3,1.73,,player.fcgi?id=harley000dyl
Gage Hinson,22,2019,South Carolina,SEC,1,1,0.5,7.62,16,0,,0,0,1,13,18,15,11,0,8,1,12,2,0,2,68,2,12.5,0,5.5,8.3,1.5,,player.fcgi?id=hinson000gag
Brett Kerry,20,2019,South Carolina,SEC,4,1,0.8,2.62,22,2,,0,0,7,58.1,43,17,17,5,13,2,65,1,2,4,230,0.96,6.6,0.8,2,10,5,,player.fcgi?id=kerry-000bre
Hayden Lehman,21,2019,South Carolina,SEC,0,1,0,4.91,7,1,,0,0,0,7.1,7,4,4,0,4,0,7,0,0,3,33,1.5,8.6,0,4.9,8.6,1.75,,player.fcgi?id=lehman000hay
Daniel Lloyd,18,2019,South Carolina,SEC,3,4,0.429,9.51,15,8,,0,0,0,29.1,39,35,31,3,22,1,33,7,0,7,155,2.08,12,0.9,6.8,10.1,1.5,,player.fcgi?id=lloyd-000dan
Carmen Mlodzinski,20,2019,South Carolina,SEC,0,0,,5.91,3,3,,0,0,0,10.2,13,9,7,1,11,0,11,2,1,0,58,2.25,11,0.8,9.3,9.3,1,,player.fcgi?id=mlodzi000car
Reid Morgan,22,2019,South Carolina,SEC,4,6,0.4,3.8,14,14,,0,0,0,87.2,97,49,37,3,17,1,70,4,2,5,381,1.3,10,0.3,1.7,7.2,4.12,,player.fcgi?id=morgan000rei
TJ Shook,21,2019,South Carolina,SEC,3,1,0.75,3.76,14,9,,0,0,1,38.1,30,18,16,3,18,0,49,5,1,10,167,1.252,7,0.7,4.2,11.5,2.72,,player.fcgi?id=shook-001tj-
Josiah Sightler*,19,2019,South Carolina,SEC,0,0,,inf,1,0,,0,0,0,0,1,3,3,1,2,0,0,0,0,0,3,,,,,,0,,player.fcgi?id=sightl000jos
Wesley Sweatt,19,2019,South Carolina,SEC,2,3,0.4,4.33,23,4,,0,0,1,43.2,47,26,21,3,12,0,31,0,0,5,188,1.351,9.7,0.6,2.5,6.4,2.58,,player.fcgi?id=sweatt000wes
Cam Tringali,20,2019,South Carolina,SEC,2,4,0.333,5,23,8,,0,0,1,66.2,63,43,37,5,20,2,59,12,0,11,291,1.245,8.5,0.7,2.7,8,2.95,,player.fcgi?id=tringa000cam
Julian Bosnic*,20,2020,South Carolina,SEC,2,0,1,0,4,0,,0,0,0,6.2,0,0,0,0,8,0,7,1,0,3,27,1.2,0,0,10.8,9.5,0.88,,player.fcgi?id=bosnic000jul
Parker Coyne,21,2020,South Carolina,SEC,0,0,,4.5,5,2,,0,0,0,8,9,4,4,1,8,1,13,1,0,4,40,2.125,10.1,1.1,9,14.6,1.63,,player.fcgi?id=coyne-000par
Thomas Farr,21,2020,South Carolina,SEC,3,0,1,1.72,3,3,,0,0,0,15.2,6,4,3,1,5,0,14,0,0,3,59,0.702,3.4,0.6,2.9,8,2.8,,player.fcgi?id=farr--002tho
John Gilreath*,20,2020,South Carolina,SEC,0,0,,0,5,0,,0,0,0,5.2,4,1,0,0,3,0,9,1,0,2,27,1.235,6.4,0,4.8,14.3,3,,player.fcgi?id=gilrea000joh
Brannon Jordan,21,2020,South Carolina,SEC,2,0,1,1.71,4,4,,1,1,0,21,7,4,4,1,9,0,32,1,0,3,78,0.762,3,0.4,3.9,13.7,3.56,,player.fcgi?id=jordan000bra
Brett Kerry,21,2020,South Carolina,SEC,2,0,1,3.6,6,2,,0,0,1,15,13,6,6,3,3,0,18,0,0,0,61,1.067,7.8,1.8,1.8,10.8,6,,player.fcgi?id=kerry-000bre
Graham Lawson,24,2020,South Carolina,SEC,0,1,0,1.5,6,0,,0,0,0,6,2,1,1,0,7,0,8,0,0,0,26,1.5,3,0,10.5,12,1.14,,player.fcgi?id=lawson000gra
Daniel Lloyd,19,2020,South Carolina,SEC,0,2,0,6,8,0,,0,0,1,9,8,6,6,0,5,0,13,0,0,2,39,1.444,8,0,5,13,2.6,,player.fcgi?id=lloyd-000dan
Carmen Mlodzinski,21,2020,South Carolina,SEC,2,1,0.667,2.84,4,4,,0,0,0,25.1,25,9,8,3,8,0,22,0,0,1,106,1.303,8.9,1.1,2.8,7.8,2.75,,player.fcgi?id=mlodzi000car
Andrew Peters,21,2020,South Carolina,SEC,0,0,,23.14,3,1,,0,0,0,2.1,3,6,6,0,5,0,4,0,0,1,15,3.429,11.6,0,19.3,15.4,0.8,,player.fcgi?id=peters008and
TJ Shook,22,2020,South Carolina,SEC,0,0,,2.08,6,0,,0,0,2,8.2,3,2,2,1,2,0,16,0,0,0,31,0.577,3.1,1,2.1,16.6,8,,player.fcgi?id=shook-001tj-
Josiah Sightler*,20,2020,South Carolina,SEC,0,0,,0,2,0,,0,0,0,2.2,1,0,0,0,0,0,5,1,0,0,10,0.375,3.4,0,0,16.9,,,player.fcgi?id=sightl000jos
Brett Thomas,19,2020,South Carolina,SEC,0,0,,0,4,0,,0,0,0,4,0,0,0,0,0,0,5,0,0,0,12,0,0,0,0,11.3,,,player.fcgi?id=thomas009bre
Cam Tringali,21,2020,South Carolina,SEC,1,0,1,3.38,6,0,,0,0,0,10.2,8,5,4,1,2,0,13,2,0,0,45,0.938,6.8,0.8,1.7,11,6.5,,player.fcgi?id=tringa000cam
Trey Tujetsch,19,2020,South Carolina,SEC,0,0,,2.7,4,0,,0,0,0,3.1,3,1,1,0,3,0,5,0,0,0,16,1.8,8.1,0,8.1,13.5,1.67,,player.fcgi?id=tujets000tre
Jaret Bennett*,--,2021,South Carolina,SEC,0,0,,0,2,0,,0,0,0,2,3,0,0,0,0,0,3,0,0,0,8,1.5,13.5,0,0,13.5,,,player.fcgi?id=bennet000jar
Julian Bosnic*,21,2021,South Carolina,SEC,4,2,0.667,2.84,22,4,,0,0,4,50.2,22,19,16,2,25,1,78,9,0,5,206,0.928,3.9,0.4,4.4,13.9,3.12,,player.fcgi?id=bosnic000jul
Magdiel Cotto*,19,2021,South Carolina,SEC,1,0,1,8.31,8,0,,0,0,0,8.2,10,9,8,0,4,0,9,2,0,1,42,1.615,10.4,0,4.2,9.3,2.25,,player.fcgi?id=cotto-000mag
Parker Coyne,22,2021,South Carolina,SEC,0,0,,10.5,7,0,,0,0,0,6,6,7,7,2,8,0,8,0,0,2,31,2.333,9,3,12,12,1,,player.fcgi?id=coyne-000par
Thomas Farr,22,2021,South Carolina,SEC,3,7,0.3,3.87,15,15,,0,0,0,83.2,81,40,36,8,38,3,90,6,0,8,375,1.422,8.7,0.9,4.1,9.7,2.37,,player.fcgi?id=farr--002tho
John Gilreath*,21,2021,South Carolina,SEC,1,0,1,5.01,15,0,,0,0,0,23.1,20,13,13,3,14,1,20,2,0,2,101,1.457,7.7,1.2,5.4,7.7,1.43,,player.fcgi?id=gilrea000joh
Brannon Jordan,22,2021,South Carolina,SEC,5,6,0.455,4.58,15,15,,0,0,0,72.2,54,41,37,11,48,4,98,5,0,10,323,1.404,6.7,1.4,5.9,12.1,2.04,,player.fcgi?id=jordan000bra
Brett Kerry,22,2021,South Carolina,SEC,5,1,0.833,2.15,17,3,,1,1,4,54.1,48,14,13,6,10,1,84,0,0,2,222,1.067,8,1,1.7,13.9,8.4,,player.fcgi?id=kerry-000bre
Daniel Lloyd,20,2021,South Carolina,SEC,0,1,0,3.07,23,0,,0,0,2,41,29,16,14,0,16,0,42,4,2,0,170,1.098,6.4,0,3.5,9.2,2.63,,player.fcgi?id=lloyd-000dan
Travis Luensmann,20,2021,South Carolina,SEC,0,1,0,15.43,4,0,,0,0,0,2.1,4,6,4,0,1,0,2,0,1,0,13,2.143,15.4,0,3.9,7.7,2,,player.fcgi?id=luensm000tra
Jack Mahoney,19,2021,South Carolina,SEC,3,0,1,1.62,14,5,,0,0,0,33.1,27,7,6,0,8,0,39,0,0,1,130,1.05,7.3,0,2.2,10.5,4.88,,player.fcgi?id=mahone004jac
Andrew Peters,22,2021,South Carolina,SEC,4,1,0.8,3.62,19,0,,0,0,0,32.1,25,16,13,3,13,0,45,3,1,3,142,1.175,7,0.8,3.6,12.5,3.46,,player.fcgi?id=peters008and
Jackson Phipps*,19,2021,South Carolina,SEC,0,0,,9,12,0,,0,0,0,12,15,12,12,3,4,0,16,1,0,2,55,1.583,11.3,2.3,3,12,4,,player.fcgi?id=phipps001jac
Will Sanders,19,2021,South Carolina,SEC,6,3,0.667,3.54,22,10,,0,0,1,53.1,49,23,21,9,11,0,54,4,0,5,217,1.125,8.3,1.5,1.9,9.1,4.91,,player.fcgi?id=sander006wil
Josiah Sightler*,21,2021,South Carolina,SEC,1,0,1,4.7,5,2,,0,0,0,7.2,10,4,4,0,2,0,8,1,0,1,33,1.565,11.7,0,2.3,9.4,4,,player.fcgi?id=sightl000jos
Wesley Sweatt,21,2021,South Carolina,SEC,0,0,,7.56,10,0,,0,0,0,8.1,15,7,7,2,0,0,6,0,0,0,38,1.8,16.2,2.2,0,6.5,,,player.fcgi?id=sweatt000wes
Brett Thomas,20,2021,South Carolina,SEC,0,0,,3,4,0,,0,0,0,3,1,1,1,0,3,0,7,0,3,2,13,1.333,3,0,9,21,2.33,,player.fcgi?id=thomas009bre
Cam Tringali,22,2021,South Carolina,SEC,0,0,,81,1,0,,0,0,0,0.1,1,3,3,0,0,0,1,2,0,1,4,3,27,0,0,27,,,player.fcgi?id=tringa000cam
CJ Weins,20,2021,South Carolina,SEC,1,1,0.5,1.5,6,3,,0,0,0,12,2,7,2,0,12,1,14,2,0,7,53,1.167,1.5,0,9,10.5,1.17,,player.fcgi?id=weins-000cj-
Cade Austin,20,2022,South Carolina,SEC,5,2,0.714,3.17,27,2,,0,0,2,54,52,25,19,6,19,1,55,1,1,7,231,1.315,8.7,1,3.2,9.2,2.89,,player.fcgi?id=austin000cad
Matthew Becker*,19,2022,South Carolina,SEC,2,4,0.333,5.21,21,5,,0,0,4,48.1,44,30,28,9,33,1,68,3,0,12,224,1.593,8.2,1.7,6.1,12.7,2.06,,player.fcgi?id=becker002mat
Michael Braswell,19,2022,South Carolina,SEC,1,2,0.333,5.4,7,0,,0,0,3,5,7,3,3,0,4,1,9,0,2,0,26,2.2,12.6,0,7.2,16.2,2.25,,player.fcgi?id=braswe000mic
Parker Coyne,23,2022,South Carolina,SEC,0,0,,7.41,17,0,,0,0,0,17,11,15,14,3,25,1,21,0,0,5,87,2.118,5.8,1.6,13.2,11.1,0.84,,player.fcgi?id=coyne-000par
Mike Esposito*,22,2022,South Carolina,SEC,0,1,0,9.72,11,0,,0,0,0,8.1,12,10,9,0,10,0,15,1,0,3,48,2.64,13,0,10.8,16.2,1.5,,player.fcgi?id=esposi001mik
John Gilreath*,22,2022,South Carolina,SEC,0,3,0,5.89,23,1,,0,0,1,44.1,43,35,29,5,24,1,39,6,1,3,206,1.511,8.7,1,4.9,7.9,1.63,,player.fcgi?id=gilrea000joh
Noah Hall,21,2022,South Carolina,SEC,3,5,0.375,4.34,15,12,,0,0,0,76.2,75,41,37,9,31,2,78,11,0,11,342,1.383,8.8,1.1,3.6,9.2,2.52,,player.fcgi?id=hall--002noa
James Hicks,21,2022,South Carolina,SEC,0,1,0,5.14,2,2,,0,0,0,7,10,4,4,0,1,0,7,1,0,0,32,1.571,12.9,0,1.3,9,7,,player.fcgi?id=hicks-006jam
Aidan Hunter,19,2022,South Carolina,SEC,5,5,0.5,7.63,20,3,,0,0,0,48.1,68,44,41,9,13,0,39,7,0,9,228,1.676,12.7,1.7,2.4,7.3,3,,player.fcgi?id=hunter000aid
Eli Jones,19,2022,South Carolina,SEC,1,1,0.5,5.68,6,6,,0,0,0,12.2,17,8,8,0,3,0,10,2,0,4,62,1.579,12.1,0,2.1,7.1,3.33,,player.fcgi?id=jones-002eli
Will Sanders,20,2022,South Carolina,SEC,7,3,0.7,3.43,15,15,,0,0,0,89.1,84,40,34,14,31,2,91,7,2,3,380,1.287,8.5,1.4,3.1,9.2,2.94,,player.fcgi?id=sander006wil
Josiah Sightler*,22,2022,South Carolina,SEC,0,0,,13.5,1,1,,0,0,0,2.2,6,5,4,0,0,0,3,0,0,0,14,2.25,20.3,0,0,10.1,,,player.fcgi?id=sightl000jos
Wesley Sweatt,22,2022,South Carolina,SEC,1,0,1,6.57,7,1,,0,0,1,12.1,12,10,9,2,4,0,10,0,0,0,53,1.297,8.8,1.5,2.9,7.3,2.5,,player.fcgi?id=sweatt000wes
Brett Thomas,21,2022,South Carolina,SEC,1,1,0.5,6.65,10,6,,0,0,0,23,29,18,17,5,16,1,25,4,0,6,112,1.957,11.3,2,6.3,9.8,1.56,,player.fcgi?id=thomas009bre
Cam Tringali,23,2022,South Carolina,SEC,1,0,1,9.19,13,0,,0,0,0,15.2,12,17,16,5,17,1,16,7,0,5,80,1.851,6.9,2.9,9.8,9.2,0.94,,player.fcgi?id=tringa000cam
Jalen Vasquez,20,2022,South Carolina,SEC,0,0,,4.91,4,0,,0,0,0,3.2,2,2,2,1,2,0,2,0,0,0,14,1.091,4.9,2.5,4.9,4.9,1,,player.fcgi?id=vasque000jal
CJ Weins,21,2022,South Carolina,SEC,0,0,,11.81,10,1,,0,0,0,10.2,5,14,14,4,13,0,13,2,0,1,52,1.688,4.2,3.4,11,11,1,,player.fcgi?id=weins-000cj-
Cade Austin,21,2023,South Carolina,SEC,1,0,1,4.55,23,1,,0,0,2,29.2,28,15,15,3,9,0,38,0,0,1,125,1.247,8.5,0.9,2.7,11.5,4.22,,player.fcgi?id=austin000cad
Matthew Becker*,20,2023,South Carolina,SEC,4,3,0.571,4.83,18,11,,0,0,1,54,50,35,29,9,26,0,71,7,2,5,245,1.407,8.3,1.5,4.3,11.8,2.73,,player.fcgi?id=becker002mat
Dylan Eskew,22,2023,South Carolina,SEC,0,1,0,8.22,5,0,,0,0,0,7.2,10,7,7,0,7,0,6,2,0,2,41,2.217,11.7,0,8.2,7,0.86,,player.fcgi?id=eskew-000dyl
Noah Hall,22,2023,South Carolina,SEC,5,1,0.833,3.29,7,7,,1,0,0,41,38,15,15,3,9,0,43,3,0,2,170,1.146,8.3,0.7,2,9.4,4.78,,player.fcgi?id=hall--002noa
James Hicks,22,2023,South Carolina,SEC,8,1,0.889,3.48,25,6,,0,0,2,67.1,59,29,26,9,14,2,56,5,0,1,275,1.084,7.9,1.2,1.9,7.5,4,,player.fcgi?id=hicks-006jam
Eli Jerzembeck,20,2023,South Carolina,SEC,0,1,0,2.84,16,3,,0,0,0,31.2,29,11,10,2,6,0,36,1,0,4,133,1.105,8.2,0.6,1.7,10.2,6,,player.fcgi?id=jerzem000eli
Eli Jones,20,2023,South Carolina,SEC,4,5,0.444,3.95,22,6,,0,0,0,54.2,55,29,24,4,17,2,63,4,0,2,237,1.317,9.1,0.7,2.8,10.4,3.71,,player.fcgi?id=jones-002eli
Jack Mahoney,21,2023,South Carolina,SEC,7,4,0.636,4.16,17,17,,0,0,0,84.1,86,45,39,8,29,2,84,6,0,5,370,1.364,9.2,0.9,3.1,9,2.9,,player.fcgi?id=mahone004jac
Connor McCreery,20,2023,South Carolina,SEC,0,0,,6,4,0,,0,0,0,3,3,2,2,0,4,0,2,0,0,1,15,2.333,9,0,12,6,0.5,,player.fcgi?id=mccree000con
Jackson Phipps*,21,2023,South Carolina,SEC,0,0,,4.91,9,0,,0,0,0,7.1,8,7,4,0,9,0,11,2,0,2,42,2.318,9.8,0,11,13.5,1.22,,player.fcgi?id=phipps001jac
Nick Proctor,22,2023,South Carolina,SEC,5,0,1,3.86,23,0,,0,0,1,25.2,26,11,11,2,7,0,33,1,0,0,107,1.286,9.1,0.7,2.5,11.6,4.71,,player.fcgi?id=procto000nic
Will Sanders,21,2023,South Carolina,SEC,4,4,0.5,5.46,14,11,,0,0,1,62.2,58,42,38,11,26,0,77,10,0,6,276,1.34,8.3,1.6,3.7,11.1,2.96,,player.fcgi?id=sander006wil
Sam Simpson,20,2023,South Carolina,SEC,0,0,,6.75,5,1,,0,0,0,4,3,3,3,0,5,0,5,1,0,0,21,2,6.8,0,11.3,11.3,1,,player.fcgi?id=simpso000sam
Wesley Sweatt,23,2023,South Carolina,SEC,0,0,,6.75,10,0,,0,0,0,9.1,13,7,7,2,3,0,10,0,0,2,44,1.714,12.5,1.9,2.9,9.6,3.33,,player.fcgi?id=sweatt000wes
Brett Thomas,22,2023,South Carolina,SEC,0,0,,5.14,6,0,,0,0,0,7,6,4,4,0,9,1,11,0,0,7,34,2.143,7.7,0,11.6,14.1,1.22,,player.fcgi?id=thomas009bre
Chris Veach,21,2023,South Carolina,SEC,2,1,0.667,3.46,20,0,,0,0,6,26,16,11,10,2,15,0,32,1,0,4,108,1.192,5.5,0.7,5.2,11.1,2.13,,player.fcgi?id=veach-000chr
Trey Wheeler*,19,2023,South Carolina,SEC,0,0,,7.71,3,0,,0,0,0,2.1,4,3,2,1,2,0,2,1,0,0,14,2.571,15.4,3.9,7.7,7.7,1,,player.fcgi?id=wheele000tre
Austin Williamson,19,2023,South Carolina,SEC,1,0,1,3.05,18,0,,0,0,0,20.2,16,8,7,2,7,0,25,2,0,2,87,1.113,7,0.9,3,10.9,3.57,,player.fcgi?id=willia004aus
Zach Zedalis,22,2023,South Carolina,SEC,1,0,1,0,3,0,,0,0,0,2.2,1,0,0,0,1,0,3,2,0,1,12,0.75,3.4,0,3.4,10.1,3,,player.fcgi?id=zedali000zac
Matthew Becker*,21,2024,South Carolina,SEC,5,3,0.625,6.6,21,4,,0,0,1,43.2,48,34,32,7,18,3,60,7,0,4,201,1.511,9.9,1.4,3.7,12.4,3.33,,player.fcgi?id=becker002mat
Eddie Copper,19,2024,South Carolina,SEC,1,1,0.5,4.56,8,7,,0,0,0,23.2,23,12,12,2,11,0,27,3,0,2,109,1.437,8.7,0.8,4.2,10.3,2.45,,player.fcgi?id=copper000edw
Tyler Dean,21,2024,South Carolina,SEC,1,0,1,4.73,13,0,,0,0,0,13.1,13,11,7,1,8,1,10,3,0,2,67,1.575,8.8,0.7,5.4,6.8,1.25,,player.fcgi?id=dean--006tyl
Dylan Eskew,23,2024,South Carolina,SEC,3,5,0.375,4.6,19,15,,0,0,0,62.2,58,42,32,8,26,1,40,13,0,3,286,1.34,8.3,1.1,3.7,5.7,1.54,,player.fcgi?id=eskew-000dyl
Garrett Gainey*,24,2024,South Carolina,SEC,1,4,0.2,4,24,3,,0,0,6,54,52,27,24,12,11,0,68,6,0,4,232,1.167,8.7,2,1.8,11.3,6.18,,player.fcgi?id=gainey000gar
Ty Good,22,2024,South Carolina,SEC,5,2,0.714,4.39,21,3,,0,0,1,55.1,43,31,27,9,28,0,70,6,0,13,239,1.283,7,1.5,4.6,11.4,2.5,,player.fcgi?id=good--000ty-
Eli Jones,21,2024,South Carolina,SEC,3,4,0.429,5.24,17,15,,0,0,0,68.2,90,45,40,4,20,4,56,7,0,3,319,1.602,11.8,0.5,2.6,7.3,2.8,,player.fcgi?id=jones-002eli
Roman Kimball,20,2024,South Carolina,SEC,2,2,0.5,6.32,15,8,,0,0,0,31.1,24,22,22,6,32,1,42,4,0,2,153,1.787,6.9,1.7,9.2,12.1,1.31,,player.fcgi?id=kimbal000rom
Parker Marlatt,20,2024,South Carolina,SEC,3,0,1,4.38,21,0,,0,0,0,24.2,15,12,12,3,13,0,27,2,0,1,97,1.135,5.5,1.1,4.7,9.9,2.08,,player.fcgi?id=marlat000par
Jevarra Martin*,20,2024,South Carolina,SEC,0,0,,inf,1,0,,0,0,0,0,0,2,2,0,1,0,0,1,0,0,2,,,,,,0,,player.fcgi?id=martin000jev
Jake McCoy*,19,2024,South Carolina,SEC,1,0,1,7.88,12,1,,0,0,0,16,14,14,14,3,15,0,20,6,0,0,81,1.813,7.9,1.7,8.4,11.3,1.33,,player.fcgi?id=mccoy-003jak
Connor McCreery,21,2024,South Carolina,SEC,3,1,0.75,4.37,19,0,,0,0,1,22.2,16,18,11,2,15,0,25,2,0,6,102,1.368,6.4,0.8,6,9.9,1.67,,player.fcgi?id=mccree000con
Tyler Pitzer,19,2024,South Carolina,SEC,4,1,0.8,4.74,19,6,,0,0,1,43.2,42,26,23,6,21,1,57,4,1,4,195,1.443,8.7,1.2,4.3,11.7,2.71,,player.fcgi?id=pitzer000tyl
Michael Polk,23,2024,South Carolina,SEC,0,0,,7.94,8,0,,0,0,0,5.2,9,5,5,0,3,0,9,4,1,2,33,2.118,14.3,0,4.8,14.3,3,,player.fcgi?id=polk--000mic
Drake Quinn,23,2024,South Carolina,SEC,0,0,,6.3,9,0,,0,0,0,10,8,8,7,3,6,0,11,5,1,1,49,1.4,7.2,2.7,5.4,9.9,1.83,,player.fcgi?id=quinn-000dra
Sam Simpson,21,2024,South Carolina,SEC,0,0,,12.27,3,0,,0,0,0,3.2,4,5,5,2,4,0,4,1,0,1,20,2.182,9.8,4.9,9.8,9.8,1,,player.fcgi?id=simpso000sam
Chris Veach,22,2024,South Carolina,SEC,5,2,0.714,3.63,26,0,,0,0,3,44.2,33,18,18,3,24,2,54,3,0,4,189,1.276,6.6,0.6,4.8,10.9,2.25,,player.fcgi?id=veach-000chr
Austin Williamson,20,2024,South Carolina,SEC,0,0,,11.57,3,0,,0,0,0,2.1,6,5,3,1,1,0,2,3,0,0,17,3,23.1,3.9,3.9,7.7,2,,player.fcgi?id=willia004aus
Joey Wittig,18,2024,South Carolina,SEC,0,0,,6.75,5,0,,0,0,0,6.2,6,5,5,2,3,0,6,3,0,1,30,1.35,8.1,2.7,4.1,8.1,2,,player.fcgi?id=wittig000joe
Matthew Becker*,22,2025,South Carolina,SEC,3,3,0.5,6.65,19,6,,0,0,0,47.1,45,37,35,6,23,1,64,6,0,3,216,1.437,8.6,1.1,4.4,12.2,2.78,,player.fcgi?id=becker002mat
Ashton Crowther*,21,2025,South Carolina,SEC,2,2,0.5,4.38,19,2,,0,0,1,37,36,24,18,3,10,0,28,7,1,2,159,1.243,8.8,0.7,2.4,6.8,2.8,,player.fcgi?id=crowth000ash
Dylan Eskew,24,2025,South Carolina,SEC,0,4,0,5.06,10,9,,0,0,0,37.1,32,23,21,6,27,2,34,16,0,3,179,1.58,7.7,1.4,6.5,8.2,1.26,,player.fcgi?id=eskew-000dyl
Jarvis Evans*,22,2025,South Carolina,SEC,4,2,0.667,5.89,13,9,,0,0,0,47.1,50,31,31,11,17,0,41,6,0,5,204,1.415,9.5,2.1,3.2,7.8,2.41,,player.fcgi?id=evans-001jar
Ryder Garino,19,2025,South Carolina,SEC,2,0,1,5.84,16,1,,0,0,0,24.2,18,20,16,8,13,3,34,1,0,1,106,1.257,6.6,2.9,4.7,12.4,2.62,,player.fcgi?id=garino000ryd
Caleb Jones,22,2025,South Carolina,SEC,0,1,0,6.23,15,0,,0,0,0,17.1,13,12,12,5,11,0,15,1,0,1,76,1.385,6.8,2.6,5.7,7.8,1.36,,player.fcgi?id=jones-009cal
Roman Kimball,21,2025,South Carolina,SEC,0,0,,16.5,8,0,,0,0,0,6,9,11,11,3,11,0,7,2,0,4,41,3.333,13.5,4.5,16.5,10.5,0.64,,player.fcgi?id=kimbal000rom
Parker Marlatt,21,2025,South Carolina,SEC,1,0,1,4.18,25,0,,0,0,2,28,25,13,13,5,11,2,30,1,0,3,119,1.286,8,1.6,3.5,9.6,2.73,,player.fcgi?id=marlat000par
Jake McCoy*,20,2025,South Carolina,SEC,4,5,0.444,6.9,14,14,,0,0,0,60,62,57,46,14,40,0,77,17,0,6,291,1.7,9.3,2.1,6,11.6,1.93,,player.fcgi?id=mccoy-003jak
Aydin Palmer*,20,2025,South Carolina,SEC,0,0,,11.42,12,0,,0,0,0,8.2,11,11,11,3,11,0,11,1,0,3,47,2.538,11.4,3.1,11.4,11.4,1,,player.fcgi?id=palmer000ayd
Cooper Parks,18,2025,South Carolina,SEC,0,0,,14.14,7,0,,0,0,0,7,10,11,11,3,8,0,3,0,0,2,36,2.571,12.9,3.9,10.3,3.9,0.38,,player.fcgi?id=parks-000coo
Tyler Pitzer,20,2025,South Carolina,SEC,4,0,1,6.99,19,2,,0,0,1,28.1,31,25,22,1,28,2,32,6,0,2,146,2.082,9.8,0.3,8.9,10.2,1.14,,player.fcgi?id=pitzer000tyl
Zach Russell,19,2025,South Carolina,SEC,2,1,0.667,5.4,19,0,,0,0,0,16.2,21,15,10,2,12,0,17,1,0,0,87,1.98,11.3,1.1,6.5,9.2,1.42,,player.fcgi?id=russel004zac
Jackson Soucie*,21,2025,South Carolina,SEC,3,1,0.75,5.4,14,5,,0,0,0,30,28,20,18,7,13,0,32,2,0,3,131,1.367,8.4,2.1,3.9,9.6,2.46,,player.fcgi?id=soucie000jac
Brandon Stone,20,2025,South Carolina,SEC,2,7,0.222,6.5,15,8,,1,0,1,62.1,76,49,45,13,15,1,46,10,1,2,285,1.46,11,1.9,2.2,6.6,3.07,,player.fcgi?id=stone-007bra
Brendan Sweeney,21,2025,South Carolina,SEC,1,3,0.25,8.53,23,1,,0,0,6,25.1,32,26,24,5,13,2,34,2,0,3,126,1.776,11.4,1.8,4.6,12.1,2.62,,player.fcgi?id=sweene001bre
Connor Chicoli,20,2026,South Carolina,SEC,2,3,0.4,3.2,17,6,,0,0,0,39.1,41,15,14,4,12,0,34,4,0,3,169,1.347,9.4,0.9,2.7,7.8,2.83,,player.fcgi?id=chicol000con
Patrick Dudley*,19,2026,South Carolina,SEC,0,0,,2.45,5,1,,0,0,0,7.1,4,3,2,1,3,0,9,2,0,2,31,0.955,4.9,1.2,3.7,11,3,,player.fcgi?id=dudley000pat
Elijah Foster,20,2026,South Carolina,SEC,1,0,1,2,10,0,,0,0,0,9,5,2,2,1,8,0,12,1,0,0,39,1.444,5,1,8,12,1.5,,player.fcgi?id=foster000eli
Riley Goodman,20,2026,South Carolina,SEC,0,3,0,8.59,12,7,,0,0,0,22,27,26,21,2,18,0,25,4,0,8,116,2.045,11,0.8,7.4,10.2,1.39,,player.fcgi?id=goodma000ril
Josh Gregoire,22,2026,South Carolina,SEC,0,0,,4.3,19,0,,0,0,0,23,19,11,11,4,11,0,30,1,1,1,99,1.304,7.4,1.6,4.3,11.7,2.73,,player.fcgi?id=gregoi000jos
Josh Gunther,21,2026,South Carolina,SEC,2,4,0.333,7.41,13,7,,0,0,0,37.2,37,33,31,9,25,0,44,3,0,5,178,1.646,8.8,2.2,6,10.5,1.76,,player.fcgi?id=gunthe002jos
Bradley Hodges*,22,2026,South Carolina,SEC,0,0,,16.2,2,1,,0,0,0,3.1,2,6,6,0,5,1,2,2,0,0,18,2.1,5.4,0,13.5,5.4,0.4,,player.fcgi?id=hodges003bra
Cullen Horowicz,23,2026,South Carolina,SEC,0,0,,11.57,3,0,,0,0,0,2.1,2,3,3,1,4,0,3,0,0,1,13,2.571,7.7,3.9,15.4,11.6,0.75,,player.fcgi?id=horowi000cul
Hudson Lee*,22,2026,South Carolina,SEC,0,0,,3.72,15,0,,0,0,0,9.2,3,4,4,1,8,0,10,0,0,2,39,1.138,2.8,0.9,7.4,9.3,1.25,,player.fcgi?id=lee---000hud
Parker Marlatt,22,2026,South Carolina,SEC,0,0,,5.68,19,0,,0,0,1,25.1,31,21,16,4,14,2,28,2,0,1,124,1.776,11,1.4,5,9.9,2,,player.fcgi?id=marlat000par
Bryce Navarre*,20,2026,South Carolina,SEC,0,0,,27,1,0,,0,0,0,1.2,4,5,5,2,3,0,1,1,0,1,14,4.2,21.6,10.8,16.2,5.4,0.33,,player.fcgi?id=navarr000bry
Cooper Parks,19,2026,South Carolina,SEC,4,1,0.8,2.36,23,0,,0,0,1,34.1,23,11,9,1,15,0,26,6,1,1,148,1.107,6,0.3,3.9,6.8,1.73,,player.fcgi?id=parks-000coo
Amp Phillips,21,2026,South Carolina,SEC,3,8,0.273,4.39,14,14,,0,0,0,67.2,60,39,33,8,36,0,71,2,0,7,298,1.419,8,1.1,4.8,9.4,1.97,,player.fcgi?id=philli000amp
Alex Philpott,21,2026,South Carolina,SEC,0,5,0,6.51,16,1,,0,0,3,27.2,27,20,20,5,15,0,19,4,0,2,124,1.518,8.8,1.6,4.9,6.2,1.27,,player.fcgi?id=philpo000ale
Logan Prisco*,20,2026,South Carolina,SEC,1,0,1,3.45,20,2,,0,0,0,28.2,27,13,11,2,17,0,34,1,0,1,130,1.535,8.5,0.6,5.3,10.7,2,,player.fcgi?id=prisco000log
Zach Russell,20,2026,South Carolina,SEC,3,1,0.75,2.53,25,0,,0,0,1,32,24,16,9,2,20,0,23,6,0,1,149,1.375,6.8,0.6,5.6,6.5,1.15,,player.fcgi?id=russel004zac
Brandon Stone,21,2026,South Carolina,SEC,5,5,0.5,5.11,17,10,,0,0,0,68.2,86,45,39,11,19,3,59,7,1,1,316,1.529,11.3,1.4,2.5,7.7,3.11,,player.fcgi?id=stone-007bra
Alex Valentin*,20,2026,South Carolina,SEC,1,5,0.167,5.19,21,8,,0,0,4,52,53,36,30,6,23,2,59,7,0,3,242,1.462,9.2,1,4,10.2,2.57,,player.fcgi?id=valent001ale
Tyler Baird,19,2026,Vanderbilt,SEC,0,5,0,5.2,23,5,,0,0,5,45,42,27,26,5,24,0,51,5,0,3,201,1.467,8.4,1,4.8,10.2,2.13,,player.fcgi?id=baird-000tyl
Hudson Barton,20,2026,Vanderbilt,SEC,0,0,,5.4,4,0,,0,0,0,1.2,3,2,1,0,3,0,3,2,0,3,14,3.6,16.2,0,16.2,16.2,1,,player.fcgi?id=barton000hud
Tristan Bristow,20,2026,Vanderbilt,SEC,1,0,1,3.24,10,0,,0,0,1,8.1,8,4,3,2,9,0,11,2,0,5,43,2.04,8.6,2.2,9.7,11.9,1.22,,player.fcgi?id=bristo000tri
England Bryan,20,2026,Vanderbilt,SEC,0,1,0,10.13,3,0,,0,0,1,5.1,7,6,6,1,2,0,6,0,0,2,25,1.688,11.8,1.7,3.4,10.1,3,,player.fcgi?id=bryan-000eng
Adria Casoliba,20,2026,Vanderbilt,SEC,1,0,1,0,3,0,,0,0,0,5.1,1,0,0,0,3,0,4,1,1,0,19,0.75,1.7,0,5.1,6.8,1.33,,player.fcgi?id=casoli000adr
Jacob Faulkner,23,2026,Vanderbilt,SEC,2,0,1,4.25,17,2,,0,0,0,36,26,18,17,2,17,1,24,15,0,0,159,1.194,6.5,0.5,4.3,6,1.41,,player.fcgi?id=faulkn000jac
Connor Fennell,21,2026,Vanderbilt,SEC,4,2,0.667,4.96,15,15,,0,0,0,85.1,84,49,47,17,20,0,102,8,2,2,358,1.219,8.9,1.8,2.1,10.8,5.1,,player.fcgi?id=fennel000con
Miller Green*,22,2026,Vanderbilt,SEC,0,0,,6.23,5,1,,0,0,0,4.1,3,3,3,1,5,1,7,2,0,2,23,1.846,6.2,2.1,10.4,14.5,1.4,,player.fcgi?id=green-003mil
Luke Guth,22,2026,Vanderbilt,SEC,2,1,0.667,5.18,23,0,,0,0,0,33,36,23,19,5,20,1,40,2,0,4,157,1.697,9.8,1.4,5.5,10.9,2,,player.fcgi?id=guth--000luk
Connor Hamilton,20,2026,Vanderbilt,SEC,2,1,0.667,4.95,14,9,,1,0,0,36.1,38,22,20,3,13,0,40,5,0,4,163,1.404,9.4,0.7,3.2,9.9,3.08,,player.fcgi?id=hamilt005con
Alex Kranzler,21,2026,Vanderbilt,SEC,3,3,0.5,6.18,19,4,,0,0,1,43.2,38,34,30,5,17,0,54,8,0,3,194,1.26,7.8,1,3.5,11.1,3.18,,player.fcgi?id=kranzl000ale
Wyatt Nadeau,19,2026,Vanderbilt,SEC,2,3,0.4,5.85,15,9,,0,0,1,52.1,39,35,34,5,39,2,62,8,0,6,234,1.49,6.7,0.9,6.7,10.7,1.59,,player.fcgi?id=nadeau000wya
Austin Nye,20,2026,Vanderbilt,SEC,1,0,1,0,3,3,,0,0,0,10,6,1,0,0,2,0,13,0,0,0,39,0.8,5.4,0,1.8,11.7,6.5,,player.fcgi?id=nye---000aus
Nate Schlote,19,2026,Vanderbilt,SEC,3,1,0.75,1.52,17,0,,0,0,0,23.2,10,7,4,1,20,2,26,6,0,5,102,1.268,3.8,0.4,7.6,9.9,1.3,,player.fcgi?id=schlot000nat
Jakob Schulz*,21,2026,Vanderbilt,SEC,1,0,1,6.41,16,0,,0,0,0,19.2,20,14,14,4,12,0,25,2,0,1,92,1.627,9.2,1.8,5.5,11.4,2.08,,player.fcgi?id=schulz002jak
Brennan Seiber,21,2026,Vanderbilt,SEC,5,2,0.714,4.93,19,1,,0,0,1,42,39,24,23,3,20,0,28,10,2,2,183,1.405,8.4,0.6,4.3,6,1.4,,player.fcgi?id=seiber000bre
Matthew Shorey*,20,2026,Vanderbilt,SEC,2,0,1,3,5,0,,0,0,0,6,3,2,2,0,2,0,8,1,0,0,24,0.833,4.5,0,3,12,4,,player.fcgi?id=shorey000mat
Aiden Stillman*,19,2026,Vanderbilt,SEC,3,2,0.6,7.71,8,4,,0,0,0,14,12,16,12,4,18,0,21,3,0,1,76,2.143,7.7,2.6,11.6,13.5,1.17,,player.fcgi?id=stillm000aid
Nate Taylor,20,2026,Vanderbilt,SEC,1,4,0.2,8.89,13,5,,0,0,0,27.1,31,29,27,7,20,0,35,5,2,2,135,1.866,10.2,2.3,6.6,11.5,1.75,,player.fcgi?id=taylor005nat
Nate Teague,21,2026,Vanderbilt,SEC,0,0,,12,4,0,,0,0,0,3,1,4,4,0,5,0,3,3,0,0,18,2,3,0,15,9,0.6,,player.fcgi?id=teague000nat
Hudson Barton,19,2025,Vanderbilt,SEC,1,0,1,12.71,5,0,,0,0,0,5.2,9,8,8,1,8,0,9,3,1,0,36,3,14.3,1.6,12.7,14.3,1.13,,player.fcgi?id=barton000hud
Cody Bowker,21,2025,Vanderbilt,SEC,3,5,0.375,4.38,16,16,,0,0,0,72,61,38,35,14,28,0,99,9,0,2,313,1.236,7.6,1.8,3.5,12.4,3.54,,player.fcgi?id=bowker000cod
Tristan Bristow,19,2025,Vanderbilt,SEC,0,0,,9,3,0,,0,0,0,2,4,2,2,0,0,0,2,0,0,1,10,2,18,0,0,9,,,player.fcgi?id=bristo000tri
England Bryan,19,2025,Vanderbilt,SEC,0,0,,4.15,15,0,,0,0,0,13,10,10,6,3,12,0,25,5,1,1,67,1.692,6.9,2.1,8.3,17.3,2.08,,player.fcgi?id=bryan-000eng
Connor Fennell,20,2025,Vanderbilt,SEC,6,0,1,2.53,17,7,,1,1,2,53.1,33,16,15,9,11,0,84,3,0,2,206,0.825,5.6,1.5,1.9,14.2,7.64,,player.fcgi?id=fennel000con
Ryan Ginther*,22,2025,Vanderbilt,SEC,0,0,,6,6,0,,0,0,1,6,6,4,4,1,4,0,9,0,0,0,27,1.667,9,1.5,6,13.5,2.25,,player.fcgi?id=ginthe000rya
Miller Green*,21,2025,Vanderbilt,SEC,1,2,0.333,3.8,20,0,,0,0,5,23.2,25,11,10,3,11,0,28,2,0,4,107,1.521,9.5,1.1,4.2,10.6,2.55,,player.fcgi?id=green-003mil
Luke Guth,21,2025,Vanderbilt,SEC,4,0,1,0.93,19,0,,0,0,0,19.1,9,3,2,0,7,0,22,1,1,4,74,0.828,4.2,0,3.3,10.2,3.14,,player.fcgi?id=guth--000luk
Sawyer Hawks,22,2025,Vanderbilt,SEC,4,0,1,1.6,18,0,,0,0,8,45,25,8,8,4,11,0,59,3,1,0,166,0.8,5,0.8,2.2,11.8,5.36,,player.fcgi?id=hawks-000saw
Levi Huesman*,21,2025,Vanderbilt,SEC,1,0,1,2.81,18,0,,0,0,0,16,13,5,5,0,4,0,20,4,0,3,67,1.063,7.3,0,2.3,11.3,5,,player.fcgi?id=huesma000lev
Alex Kranzler,20,2025,Vanderbilt,SEC,6,1,0.857,3.62,18,0,,0,0,3,37.1,34,18,15,5,7,1,40,1,0,2,154,1.098,8.2,1.2,1.7,9.6,5.71,,player.fcgi?id=kranzl000ale
Ethan McElvain*,20,2025,Vanderbilt,SEC,2,3,0.4,7.24,16,5,,0,0,1,27.1,31,27,22,5,28,0,45,5,0,2,145,2.159,10.2,1.6,9.2,14.8,1.61,,player.fcgi?id=mcelva000eth
Austin Nye,19,2025,Vanderbilt,SEC,2,1,0.667,3.55,15,15,,0,0,0,50.2,41,21,20,5,22,0,58,9,0,2,216,1.243,7.3,0.9,3.9,10.3,2.64,,player.fcgi?id=nye---000aus
Aiden O'Connell*,20,2025,Vanderbilt,SEC,0,0,,9,1,0,,0,0,0,1,2,1,1,0,0,0,2,0,0,0,5,2,18,0,0,18,,,player.fcgi?id=oconne000aid
Tommy O'Rourke,23,2025,Vanderbilt,SEC,3,0,1,4.02,15,0,,0,0,2,15.2,12,8,7,1,6,0,18,2,0,5,68,1.149,6.9,0.6,3.4,10.3,3,,player.fcgi?id=orourk003tom
Jakob Schulz*,20,2025,Vanderbilt,SEC,1,0,1,3.18,6,0,,0,0,0,5.2,0,2,2,0,5,0,8,2,0,0,24,0.882,0,0,7.9,12.7,1.6,,player.fcgi?id=schulz002jak
Brennan Seiber,20,2025,Vanderbilt,SEC,1,1,0.5,2.28,16,2,,0,0,0,23.2,13,10,6,1,13,0,28,9,0,6,100,1.099,4.9,0.4,4.9,10.6,2.15,,player.fcgi?id=seiber000bre
Matthew Shorey*,19,2025,Vanderbilt,SEC,2,0,1,5.27,14,0,,0,0,0,13.2,10,8,8,2,4,0,12,4,1,0,59,1.024,6.6,1.3,2.6,7.9,3,,player.fcgi?id=shorey000mat
JD Thompson*,21,2025,Vanderbilt,SEC,6,5,0.545,4,16,16,,0,0,0,90,79,40,40,11,30,0,122,8,0,7,380,1.211,7.9,1.1,3,12.2,4.07,,player.fcgi?id=thomps000jd-
Greysen Carter,21,2024,Vanderbilt,SEC,4,2,0.667,6.58,18,4,,0,0,3,39.2,38,33,29,4,31,1,38,5,1,9,189,1.739,8.6,0.9,7,8.6,1.23,,player.fcgi?id=carter005gre
Bryce Cunningham,21,2024,Vanderbilt,SEC,7,4,0.636,4.36,16,16,,1,1,0,84.2,69,49,41,14,34,1,96,6,0,7,361,1.217,7.3,1.5,3.6,10.2,2.82,,player.fcgi?id=cunnin001bry
Andrew Dutkanych IV,20,2024,Vanderbilt,SEC,0,0,,3.38,5,1,,0,0,0,10.2,7,4,4,1,6,0,14,1,0,2,46,1.219,5.9,0.8,5.1,11.8,2.33,,player.fcgi?id=dutkan000and
Devin Futrell*,21,2024,Vanderbilt,SEC,4,1,0.8,5.4,12,10,,1,1,1,48.1,53,33,29,7,10,0,44,5,0,1,209,1.303,9.9,1.3,1.9,8.2,4.4,,player.fcgi?id=futrel000dev
Ryan Ginther*,21,2024,Vanderbilt,SEC,1,0,1,5.7,22,0,,0,0,5,30,28,19,19,4,17,1,31,7,0,5,136,1.5,8.4,1.2,5.1,9.3,1.82,,player.fcgi?id=ginthe000rya
Miller Green*,20,2024,Vanderbilt,SEC,2,4,0.333,3.16,20,0,,0,0,3,31.1,26,17,11,3,8,0,34,8,0,5,131,1.085,7.5,0.9,2.3,9.8,4.25,,player.fcgi?id=green-003mil
Luke Guth,20,2024,Vanderbilt,SEC,1,2,0.333,5.4,12,0,,0,0,0,18.1,15,11,11,5,9,0,20,3,0,1,80,1.309,7.4,2.5,4.4,9.8,2.22,,player.fcgi?id=guth--000luk
Sawyer Hawks,21,2024,Vanderbilt,SEC,2,0,1,10.5,5,0,,0,0,0,6,7,7,7,1,7,0,9,0,0,1,30,2.333,10.5,1.5,10.5,13.5,1.29,,player.fcgi?id=hawks-000saw
Sam Hliboki,22,2024,Vanderbilt,SEC,1,0,1,9.64,13,0,,0,0,0,23.1,33,27,25,4,9,1,25,5,0,0,115,1.8,12.7,1.5,3.5,9.6,2.78,,player.fcgi?id=hlibok000sam
Carter Holton*,21,2024,Vanderbilt,SEC,6,5,0.545,5.19,15,13,,0,0,0,69.1,63,45,40,10,27,0,98,8,0,6,306,1.298,8.2,1.3,3.5,12.7,3.63,,player.fcgi?id=holton000jos
David Horn,20,2024,Vanderbilt,SEC,0,0,,10,10,0,,0,0,0,9,8,11,10,2,11,0,9,6,0,1,54,2.111,8,2,11,9,0.82,,player.fcgi?id=horn--000dav
Levi Huesman*,20,2024,Vanderbilt,SEC,1,0,1,6,10,0,,0,0,0,12,14,9,8,1,10,0,13,2,0,2,60,2,10.5,0.8,7.5,9.8,1.3,,player.fcgi?id=huesma000lev
Alex Kranzler,19,2024,Vanderbilt,SEC,0,1,0,4.43,14,0,,0,0,0,20.1,14,15,10,5,11,1,24,5,0,1,94,1.23,6.2,2.2,4.9,10.6,2.18,,player.fcgi?id=kranzl000ale
Ethan McElvain*,19,2024,Vanderbilt,SEC,1,2,0.333,3.24,11,4,,0,0,0,25,20,13,9,3,15,0,29,3,0,1,108,1.4,7.2,1.1,5.4,10.4,1.93,,player.fcgi?id=mcelva000eth
Brennan Seiber,19,2024,Vanderbilt,SEC,3,0,1,5.06,23,1,,0,0,5,42.2,36,27,24,8,12,0,37,5,0,4,182,1.125,7.6,1.7,2.5,7.8,3.08,,player.fcgi?id=seiber000bre
JD Thompson*,20,2024,Vanderbilt,SEC,5,2,0.714,4.15,14,12,,0,0,0,52,47,27,24,4,18,0,74,11,0,3,227,1.25,8.1,0.7,3.1,12.8,4.11,,player.fcgi?id=thomps000jd-
Jack Anderson,24,2023,Vanderbilt,SEC,2,0,1,3.97,9,0,,0,0,0,11.1,5,5,5,0,13,0,16,1,0,2,51,1.588,4,0,10.3,12.7,1.23,,player.fcgi?id=anders009jac
Greysen Carter,20,2023,Vanderbilt,SEC,2,1,0.667,4.08,13,7,,0,0,0,28.2,16,13,13,3,28,0,23,5,0,5,133,1.535,5,0.9,8.8,7.2,0.82,,player.fcgi?id=carter005gre
Bryce Cunningham,20,2023,Vanderbilt,SEC,2,3,0.4,6.43,18,4,,0,0,2,42,35,34,30,10,23,0,45,4,0,2,182,1.381,7.5,2.1,4.9,9.6,1.96,,player.fcgi?id=cunnin001bry
Andrew Dutkanych IV,19,2023,Vanderbilt,SEC,1,0,1,2.84,4,1,,0,0,0,6.1,4,3,2,1,9,0,6,0,0,2,29,2.053,5.7,1.4,12.8,8.5,0.67,,player.fcgi?id=dutkan000and
Devin Futrell*,20,2023,Vanderbilt,SEC,8,3,0.727,3.44,16,15,,0,0,0,83.2,71,38,32,13,20,1,72,8,0,0,346,1.088,7.6,1.4,2.2,7.7,3.6,,player.fcgi?id=futrel000dev
Ryan Ginther*,20,2023,Vanderbilt,SEC,2,1,0.667,4.01,21,1,,0,0,0,33.2,26,17,15,3,13,0,34,6,0,1,144,1.158,7,0.8,3.5,9.1,2.62,,player.fcgi?id=ginthe000rya
Sam Hliboki,21,2023,Vanderbilt,SEC,3,3,0.5,4.88,19,3,,0,0,0,48,45,28,26,8,12,1,49,9,0,1,204,1.188,8.4,1.5,2.3,9.2,4.08,,player.fcgi?id=hlibok000sam
Carter Holton*,20,2023,Vanderbilt,SEC,4,1,0.8,4.11,11,11,,0,0,0,50.1,40,24,23,4,24,0,56,12,0,5,221,1.272,7.2,0.7,4.3,10,2.33,,player.fcgi?id=holton000jos
David Horn,19,2023,Vanderbilt,SEC,3,0,1,5.4,8,0,,0,0,0,15,11,10,9,3,13,0,17,2,0,2,71,1.6,6.6,1.8,7.8,10.2,1.31,,player.fcgi?id=horn--000dav
Nick Maldonado,23,2023,Vanderbilt,SEC,1,1,0.5,1.45,22,0,,0,0,8,31,14,5,5,4,7,1,40,2,0,1,113,0.677,4.1,1.2,2,11.6,5.71,,player.fcgi?id=maldon002nic
Grayson Moore,21,2023,Vanderbilt,SEC,1,0,1,3.08,12,2,,0,0,0,26.1,20,12,9,1,10,0,36,5,0,0,115,1.139,6.8,0.3,3.4,12.3,3.6,,player.fcgi?id=moore-005gra
Hunter Owen*,21,2023,Vanderbilt,SEC,4,0,1,3.52,12,12,,1,1,0,64,52,28,25,9,17,0,76,6,0,1,263,1.078,7.3,1.3,2.4,10.7,4.47,,player.fcgi?id=owen--003hun
Colton Regen,20,2023,Vanderbilt,SEC,0,0,,14.73,4,0,,0,0,0,3.2,4,6,6,0,9,0,5,1,0,1,25,3.545,9.8,0,22.1,12.3,0.56,,player.fcgi?id=regen-000col
Patrick Reilly,21,2023,Vanderbilt,SEC,5,4,0.556,5.77,16,4,,0,0,0,48.1,44,37,31,6,30,0,65,5,0,7,225,1.531,8.2,1.1,5.6,12.1,2.17,,player.fcgi?id=reilly003pat
Thomas Schultz,23,2023,Vanderbilt,SEC,2,2,0.5,4.05,21,1,,0,0,2,33.1,33,16,15,5,10,0,37,0,0,0,137,1.29,8.9,1.4,2.7,10,3.7,,player.fcgi?id=schult001tho
JD Thompson*,19,2023,Vanderbilt,SEC,2,0,1,5.73,13,1,,0,0,0,22,22,15,14,4,13,0,23,4,0,3,105,1.591,9,1.6,5.3,9.4,1.77,,player.fcgi?id=thomps000jd-
Jack Anderson,23,2022,Vanderbilt,SEC,0,0,,0,12,0,,0,0,0,10,3,0,0,0,6,0,18,1,0,0,38,0.9,2.7,0,5.4,16.2,3,,player.fcgi?id=anders009jac
Nelson Berkwich*,20,2022,Vanderbilt,SEC,1,0,1,3,18,0,,0,0,0,15,15,9,5,1,8,0,19,1,0,0,69,1.533,9,0.6,4.8,11.4,2.38,,player.fcgi?id=berkwi000nel
Gage Bradley,20,2022,Vanderbilt,SEC,0,0,,inf,1,0,,0,0,0,0,1,4,3,0,2,0,0,1,0,0,4,,,,,,0,,player.fcgi?id=bradle000gag
Greysen Carter,19,2022,Vanderbilt,SEC,0,0,,6.75,5,0,,0,0,0,5.1,4,5,4,1,10,0,6,2,0,4,31,2.625,6.8,1.7,16.9,10.1,0.6,,player.fcgi?id=carter005gre
Bryce Cunningham,19,2022,Vanderbilt,SEC,2,1,0.667,4.59,12,6,,0,0,0,33.1,31,19,17,4,14,0,27,4,0,2,145,1.35,8.4,1.1,3.8,7.3,1.93,,player.fcgi?id=cunnin001bry
Donye Evans,20,2022,Vanderbilt,SEC,0,0,,5.54,14,0,,0,0,0,13,9,8,8,2,9,1,13,2,0,0,57,1.385,6.2,1.4,6.2,9,1.44,,player.fcgi?id=evans-000don
Devin Futrell*,19,2022,Vanderbilt,SEC,9,3,0.75,3.41,14,13,,1,0,0,63.1,53,24,24,8,13,0,64,6,0,3,258,1.042,7.5,1.1,1.8,9.1,4.92,,player.fcgi?id=futrel000dev
Ryan Ginther*,19,2022,Vanderbilt,SEC,0,0,,5.87,7,0,,0,0,0,7.2,8,6,5,1,2,0,12,3,0,1,36,1.304,9.4,1.2,2.3,14.1,6,,player.fcgi?id=ginthe000rya
Brett Hansen*,22,2022,Vanderbilt,SEC,0,0,,3.38,12,0,,0,0,0,13.1,10,6,5,1,5,0,12,0,0,1,53,1.125,6.8,0.7,3.4,8.1,2.4,,player.fcgi?id=hansen002bre
Carter Holton*,19,2022,Vanderbilt,SEC,8,4,0.667,3.14,15,15,,2,1,0,80.1,56,32,28,10,29,0,97,13,1,5,339,1.058,6.3,1.1,3.2,10.9,3.34,,player.fcgi?id=holton000jos
Christian Little,18,2022,Vanderbilt,SEC,1,2,0.333,3.72,18,3,,0,0,3,38.2,29,16,16,5,17,0,46,4,0,5,166,1.19,6.8,1.2,4,10.7,2.71,,player.fcgi?id=little001chr
Nick Maldonado,22,2022,Vanderbilt,SEC,3,1,0.75,3.96,13,4,,0,0,0,38.2,41,23,17,3,16,0,34,6,0,2,178,1.474,9.5,0.7,3.7,7.9,2.13,,player.fcgi?id=maldon002nic
Chris McElvain,21,2022,Vanderbilt,SEC,6,5,0.545,4.27,16,16,,0,0,0,86.1,68,49,41,11,44,1,100,2,0,9,373,1.297,7.1,1.1,4.6,10.4,2.27,,player.fcgi?id=mcelva000chr
Grayson Moore,20,2022,Vanderbilt,SEC,1,1,0.5,5.06,16,1,,0,0,0,26.2,23,16,15,3,15,0,39,1,0,1,118,1.425,7.8,1,5.1,13.2,2.6,,player.fcgi?id=moore-005gra
Hunter Owen*,20,2022,Vanderbilt,SEC,2,1,0.667,4.05,8,1,,0,0,0,26.2,22,12,12,2,8,1,38,5,0,4,112,1.125,7.4,0.7,2.7,12.8,4.75,,player.fcgi?id=owen--003hun
Patrick Reilly,20,2022,Vanderbilt,SEC,2,3,0.4,4.99,17,3,,0,0,0,52.1,50,29,29,6,35,2,69,9,0,5,245,1.624,8.6,1,6,11.9,1.97,,player.fcgi?id=reilly003pat
Thomas Schultz,22,2022,Vanderbilt,SEC,4,2,0.667,2.88,23,0,,0,0,8,34.1,26,17,11,1,10,3,33,3,0,1,138,1.049,6.8,0.3,2.6,8.7,3.3,,player.fcgi?id=schult001tho
Nelson Berkwich*,19,2021,Vanderbilt,SEC,1,0,1,3.07,10,0,,0,0,0,14.2,16,9,5,2,3,0,19,1,0,0,65,1.295,9.8,1.2,1.8,11.7,6.33,,player.fcgi?id=berkwi000nel
Gage Bradley,19,2021,Vanderbilt,SEC,0,0,,13.5,2,0,,0,0,0,2,2,3,3,0,3,0,3,1,0,1,12,2.5,9,0,13.5,13.5,1,,player.fcgi?id=bradle000gag
Donye Evans,19,2021,Vanderbilt,SEC,0,0,,4.76,8,0,,0,0,0,5.2,7,5,3,1,2,0,6,4,0,0,32,1.588,11.1,1.6,3.2,9.5,3,,player.fcgi?id=evans-000don
Hugh Fisher*,22,2021,Vanderbilt,SEC,0,0,,2.45,16,0,,0,0,0,11,5,5,3,1,11,0,13,2,0,3,49,1.455,4.1,0.8,9,10.6,1.18,,player.fcgi?id=fisher000hug
Miles Garrett,20,2021,Vanderbilt,SEC,1,0,1,2.79,9,0,,0,0,0,9.2,8,5,3,0,2,0,8,5,0,0,45,1.034,7.4,0,1.9,7.4,4,,player.fcgi?id=garret000mil
Sam Hliboki,19,2021,Vanderbilt,SEC,0,0,,2.7,9,1,,0,0,2,20,15,6,6,2,4,0,20,3,0,0,81,0.95,6.8,0.9,1.8,9,5,,player.fcgi?id=hlibok000sam
Jack Leiter,21,2021,Vanderbilt,SEC,11,4,0.733,2.13,18,18,,2,1,0,110,48,30,26,14,45,0,179,11,1,4,430,0.845,3.9,1.1,3.7,14.6,3.98,,player.fcgi?id=leiter000jac
Christian Little,17,2021,Vanderbilt,SEC,3,2,0.6,5.48,14,11,,0,0,0,42.2,40,33,26,8,22,0,49,4,1,8,193,1.453,8.4,1.7,4.6,10.3,2.23,,player.fcgi?id=little001chr
Nick Maldonado,21,2021,Vanderbilt,SEC,1,2,0.333,2.31,28,0,,0,0,9,50.2,32,13,13,4,7,0,59,4,0,2,197,0.77,5.7,0.7,1.2,10.5,8.43,,player.fcgi?id=maldon002nic
Chris McElvain,20,2021,Vanderbilt,SEC,5,1,0.833,4.34,22,1,,0,0,2,45.2,39,22,22,6,27,0,58,1,0,6,200,1.445,7.7,1.2,5.3,11.4,2.15,,player.fcgi?id=mcelva000chr
Grayson Moore,19,2021,Vanderbilt,SEC,0,0,,9,5,0,,0,0,0,6,8,8,6,5,4,0,6,0,1,1,30,2,12,7.5,6,9,1.5,,player.fcgi?id=moore-005gra
Luke Murphy,21,2021,Vanderbilt,SEC,4,1,0.8,2.4,27,0,,0,0,9,41.1,24,11,11,6,15,0,61,7,1,1,168,0.944,5.2,1.3,3.3,13.3,4.07,,player.fcgi?id=murphy000luk
Hunter Owen*,19,2021,Vanderbilt,SEC,0,0,,10.26,14,0,,0,0,0,16.2,22,22,19,3,15,0,19,4,0,5,90,2.22,11.9,1.6,8.1,10.3,1.27,,player.fcgi?id=owen--003hun
Patrick Reilly,19,2021,Vanderbilt,SEC,4,2,0.667,4.98,16,7,,0,0,0,43.1,31,26,24,8,28,0,53,3,0,7,193,1.362,6.4,1.7,5.8,11,1.89,,player.fcgi?id=reilly003pat
Kumar Rocker,21,2021,Vanderbilt,SEC,14,4,0.778,2.73,20,20,,1,0,0,122,75,43,37,8,39,0,179,7,2,13,490,0.934,5.5,0.6,2.9,13.2,4.59,,player.fcgi?id=rocker000kum
Thomas Schultz,21,2021,Vanderbilt,SEC,4,2,0.667,4.09,14,9,,0,0,0,44,33,21,20,6,18,0,40,7,0,2,186,1.159,6.8,1.2,3.7,8.2,2.22,,player.fcgi?id=schult001tho
Ethan Smith,22,2021,Vanderbilt,SEC,1,0,1,3.55,9,0,,0,0,2,12.2,11,5,5,2,3,0,18,0,0,0,52,1.105,7.8,1.4,2.1,12.8,6,,player.fcgi?id=smith-001eth
Tyler Brown,21,2020,Vanderbilt,SEC,1,2,0.333,2.53,7,0,,0,0,1,10.2,12,5,3,1,4,2,14,1,0,0,49,1.5,10.1,0.8,3.4,11.8,3.5,,player.fcgi?id=brown-010tyl
Michael Doolin,19,2020,Vanderbilt,SEC,1,0,1,0.87,5,0,,0,0,1,10.1,6,1,1,1,4,0,18,4,0,0,45,0.968,5.2,0.9,3.5,15.7,4.5,,player.fcgi?id=doolin000mic
Jake Eder*,21,2020,Vanderbilt,SEC,1,1,0.5,3.6,4,4,,0,0,0,20,20,9,8,1,9,0,27,1,0,1,88,1.45,9,0.5,4.1,12.2,3,,player.fcgi?id=eder--000jak
Mason Hickman,21,2020,Vanderbilt,SEC,2,0,1,0.48,3,3,,0,0,0,18.2,8,2,1,0,3,0,26,0,0,2,66,0.589,3.9,0,1.4,12.5,8.67,,player.fcgi?id=hickma000mas
Sam Hliboki,18,2020,Vanderbilt,SEC,0,0,,0,5,0,,0,0,2,15.2,2,0,0,0,2,0,16,2,0,0,52,0.255,1.1,0,1.1,9.2,8,,player.fcgi?id=hlibok000sam
Erik Kaiser,21,2020,Vanderbilt,SEC,1,0,1,0,4,0,,0,0,0,5,2,2,0,0,2,0,10,1,0,0,22,0.8,3.6,0,3.6,18,5,,player.fcgi?id=kaiser000eri
Jack Leiter,20,2020,Vanderbilt,SEC,2,0,1,1.72,4,3,,0,0,0,15.2,5,3,3,0,8,0,22,1,0,3,60,0.83,2.9,0,4.6,12.6,2.75,,player.fcgi?id=leiter000jac
Nick Maldonado,20,2020,Vanderbilt,SEC,0,0,,2.7,4,0,,0,0,0,6.2,7,2,2,0,1,0,6,0,0,0,27,1.2,9.5,0,1.4,8.1,6,,player.fcgi?id=maldon002nic
Chris McElvain,19,2020,Vanderbilt,SEC,0,0,,4.82,6,0,,0,0,0,9.1,8,5,5,0,4,0,7,0,0,3,40,1.286,7.7,0,3.9,6.8,1.75,,player.fcgi?id=mcelva000chr
Luke Murphy,20,2020,Vanderbilt,SEC,0,0,,13.5,4,0,,0,0,0,2,2,3,3,0,9,0,4,1,0,2,18,5.5,9,0,40.5,18,0.44,,player.fcgi?id=murphy000luk
Kumar Rocker,20,2020,Vanderbilt,SEC,2,1,0.667,1.8,3,3,,0,0,0,15,6,5,3,0,8,0,28,3,0,2,63,0.933,3.6,0,4.8,16.8,3.5,,player.fcgi?id=rocker000kum
Thomas Schultz,20,2020,Vanderbilt,SEC,0,1,0,0.66,4,1,,0,0,1,13.2,9,1,1,0,3,1,17,0,0,1,53,0.878,5.9,0,2,11.2,5.67,,player.fcgi?id=schult001tho
Ethan Smith,21,2020,Vanderbilt,SEC,3,0,1,1.42,5,4,,0,0,0,19,12,4,3,0,9,0,23,1,0,3,78,1.105,5.7,0,4.3,10.9,2.56,,player.fcgi?id=smith-001eth
Austin Becker,19,2019,Vanderbilt,SEC,0,0,,6.75,2,0,,0,0,1,4,3,4,3,0,4,0,9,1,0,1,20,1.75,6.8,0,9,20.3,2.25,,player.fcgi?id=becker000aus
Tyler Brown,20,2019,Vanderbilt,SEC,3,1,0.75,2.19,31,0,,0,0,17,49.1,35,13,12,1,9,1,65,0,0,2,192,0.892,6.4,0.2,1.6,11.9,7.22,,player.fcgi?id=brown-010tyl
Jake Eder*,20,2019,Vanderbilt,SEC,2,0,1,2.97,19,0,,0,0,4,39.1,28,18,13,2,16,0,41,2,0,2,162,1.119,6.4,0.5,3.7,9.4,2.56,,player.fcgi?id=eder--000jak
Drake Fellows,21,2019,Vanderbilt,SEC,13,2,0.867,4.09,19,19,,2,1,0,116.2,111,57,53,9,47,0,133,17,0,17,516,1.354,8.6,0.7,3.6,10.3,2.83,,player.fcgi?id=fellow000dra
Hugh Fisher*,20,2019,Vanderbilt,SEC,2,0,1,4.41,22,0,,0,0,4,34.2,31,18,17,2,21,0,46,8,0,7,164,1.5,8,0.5,5.5,11.9,2.19,,player.fcgi?id=fisher000hug
A.J. Franklin*,22,2019,Vanderbilt,SEC,1,0,1,10.43,14,0,,0,0,0,14.2,16,17,17,2,13,0,17,6,0,2,80,1.977,9.8,1.2,8,10.4,1.31,,player.fcgi?id=frankl000aj-
Jackson Gillis*,21,2019,Vanderbilt,SEC,1,1,0.5,5.14,7,0,,0,0,0,7,7,6,4,0,5,0,7,2,0,3,35,1.714,9,0,6.4,9,1.4,,player.fcgi?id=gillis002jac
Joe Gobillot*,21,2019,Vanderbilt,SEC,0,0,,13.5,2,0,,0,0,0,2,2,3,3,0,3,0,4,1,0,1,12,2.5,9,0,13.5,18,1.33,,player.fcgi?id=gobill000joe
Mason Hickman,20,2019,Vanderbilt,SEC,9,0,1,2.05,20,13,,0,0,3,96.2,64,24,22,7,28,0,129,6,0,3,386,0.952,6,0.7,2.6,12,4.61,,player.fcgi?id=hickma000mas
Chance Huff,19,2019,Vanderbilt,SEC,2,0,1,6.38,8,4,,0,0,0,18.1,16,13,13,0,16,0,21,2,1,5,89,1.745,7.9,0,7.9,10.3,1.31,,player.fcgi?id=huff--000cha
Erik Kaiser,20,2019,Vanderbilt,SEC,0,0,,12,1,1,,0,0,0,3,4,4,4,1,0,0,4,1,0,0,14,1.333,12,3,0,12,,,player.fcgi?id=kaiser000eri
Zach King*,21,2019,Vanderbilt,SEC,0,2,0,6.18,22,3,,0,0,3,39.1,40,27,27,1,22,1,47,8,0,3,181,1.576,9.2,0.2,5,10.8,2.14,,player.fcgi?id=king--000zac
Patrick Raby,22,2019,Vanderbilt,SEC,10,1,0.909,3.08,18,15,,0,0,0,76,75,34,26,5,46,0,81,2,1,6,344,1.592,8.9,0.6,5.4,9.6,1.76,,player.fcgi?id=raby--000pat
Kumar Rocker,19,2019,Vanderbilt,SEC,12,5,0.706,3.25,19,16,,1,1,0,99.2,88,40,36,2,21,0,114,7,5,7,414,1.094,7.9,0.2,1.9,10.3,5.43,,player.fcgi?id=rocker000kum
Ethan Smith,20,2019,Vanderbilt,SEC,4,0,1,3.27,17,0,,0,0,0,33,17,13,12,1,17,0,47,5,1,4,137,1.03,4.6,0.3,4.6,12.8,2.76,,player.fcgi?id=smith-001eth
Aaron Brown,19,2018,Vanderbilt,SEC,1,0,1,5.93,11,0,,0,0,0,13.2,16,10,9,3,7,0,13,2,0,0,66,1.683,10.5,2,4.6,8.6,1.86,,player.fcgi?id=brown-004aar
Tyler Brown,19,2018,Vanderbilt,SEC,1,5,0.167,6.03,20,2,,0,0,3,37.1,42,26,25,3,11,1,41,4,0,2,165,1.42,10.1,0.7,2.7,9.9,3.73,,player.fcgi?id=brown-010tyl
Maddux Conger,22,2018,Vanderbilt,SEC,2,0,1,2.21,11,1,,0,0,1,20.1,18,9,5,1,14,0,22,1,0,8,92,1.574,8,0.4,6.2,9.7,1.57,,player.fcgi?id=conger000mad
Chandler Day,21,2018,Vanderbilt,SEC,2,1,0.667,3.46,20,3,,0,0,4,41.2,28,17,16,2,18,0,47,6,0,7,174,1.104,6,0.4,3.9,10.2,2.61,,player.fcgi?id=day---004cha
Jake Eder*,19,2018,Vanderbilt,SEC,1,4,0.2,5.45,11,9,,0,0,0,33,25,22,20,4,22,0,37,1,0,4,147,1.424,6.8,1.1,6,10.1,1.68,,player.fcgi?id=eder--000jak
Drake Fellows,20,2018,Vanderbilt,SEC,7,4,0.636,3.92,16,16,,0,0,0,96.1,75,47,42,7,35,0,107,7,1,12,398,1.142,7,0.7,3.3,10,3.06,,player.fcgi?id=fellow000dra
Hugh Fisher*,19,2018,Vanderbilt,SEC,2,0,1,1.93,8,0,,0,0,0,9.1,6,5,2,0,6,0,8,2,0,2,39,1.286,5.8,0,5.8,7.7,1.33,,player.fcgi?id=fisher000hug
A.J. Franklin*,21,2018,Vanderbilt,SEC,0,0,,0,3,0,,0,0,0,2.2,0,0,0,0,1,0,2,0,0,0,7,0.375,0,0,3.4,6.8,2,,player.fcgi?id=frankl000aj-
Jackson Gillis*,20,2018,Vanderbilt,SEC,4,1,0.8,4.81,20,1,,0,0,1,33.2,33,19,18,5,17,0,44,7,2,6,160,1.485,8.8,1.3,4.5,11.8,2.59,,player.fcgi?id=gillis002jac
Mason Hickman,19,2018,Vanderbilt,SEC,8,2,0.8,5.21,16,13,,1,1,0,74.1,71,45,43,10,30,0,66,3,2,4,319,1.359,8.6,1.2,3.6,8,2.2,,player.fcgi?id=hickma000mas
Erik Kaiser,19,2018,Vanderbilt,SEC,0,0,,0,2,0,,0,0,0,2,1,0,0,0,0,0,3,0,0,0,7,0.5,4.5,0,0,13.5,,,player.fcgi?id=kaiser000eri
Zach King*,20,2018,Vanderbilt,SEC,1,4,0.2,3.46,21,3,,0,0,3,52,45,22,20,1,21,2,51,6,0,2,221,1.269,7.8,0.2,3.6,8.8,2.43,,player.fcgi?id=king--000zac
Patrick Raby,21,2018,Vanderbilt,SEC,5,5,0.5,3.57,16,12,,0,0,0,68,69,29,27,6,33,0,57,5,0,6,299,1.5,9.1,0.8,4.4,7.5,1.73,,player.fcgi?id=raby--000pat
Reid Schaller,21,2018,Vanderbilt,SEC,1,1,0.5,3.77,21,2,,0,0,1,28.2,33,14,12,2,9,0,39,3,0,2,131,1.465,10.4,0.6,2.8,12.2,4.33,,player.fcgi?id=schall000rei
Paxton Stover*,22,2018,Vanderbilt,SEC,0,0,,3.38,9,0,,0,0,0,10.2,10,4,4,0,4,0,13,1,0,1,45,1.313,8.4,0,3.4,11,3.25,,player.fcgi?id=stover000pax
Justin Willis,19,2018,Vanderbilt,SEC,0,0,,7.59,10,0,,0,0,0,10.2,12,9,9,1,7,0,8,3,1,3,53,1.781,10.1,0.8,5.9,6.8,1.14,,player.fcgi?id=willis002jus
Justin Wilson,21,2018,Vanderbilt,SEC,0,0,,2.84,7,0,,0,0,0,6.1,2,2,2,0,4,0,9,2,0,1,26,0.947,2.8,0,5.7,12.8,2.25,,player.fcgi?id=wilson004jus
Maddux Conger,21,2017,Vanderbilt,SEC,2,1,0.667,4.96,15,3,,0,0,0,32.2,35,20,18,5,17,0,28,4,0,2,149,1.592,9.6,1.4,4.7,7.7,1.65,,player.fcgi?id=conger000mad
Chandler Day,20,2017,Vanderbilt,SEC,7,2,0.778,3.78,13,12,,1,1,0,52.1,44,23,22,4,21,0,53,15,0,9,230,1.242,7.6,0.7,3.6,9.1,2.52,,player.fcgi?id=day---004cha
Drake Fellows,19,2017,Vanderbilt,SEC,3,3,0.5,3.3,16,10,,0,0,1,62.2,54,28,23,9,17,0,68,7,1,8,268,1.133,7.8,1.3,2.4,9.8,4,,player.fcgi?id=fellow000dra
Jackson Gillis*,19,2017,Vanderbilt,SEC,0,0,,3.6,16,0,,0,0,0,15,9,8,6,2,11,0,19,1,2,0,65,1.333,5.4,1.2,6.6,11.4,1.73,,player.fcgi?id=gillis002jac
Reed Hayes,22,2017,Vanderbilt,SEC,0,2,0,5.75,21,0,,0,0,7,20.1,22,15,13,0,13,2,25,1,0,0,94,1.721,9.7,0,5.8,11.1,1.92,,player.fcgi?id=hayes-000ree
Zach King*,19,2017,Vanderbilt,SEC,2,1,0.667,2.56,25,0,,0,0,0,38.2,24,14,11,3,17,2,31,4,0,4,163,1.06,5.6,0.7,4,7.2,1.82,,player.fcgi?id=king--000zac
Matt McGarry,20,2017,Vanderbilt,SEC,0,0,,8.59,5,0,,0,0,0,7.1,2,7,7,0,12,0,8,2,0,10,38,1.909,2.5,0,14.7,9.8,0.67,,player.fcgi?id=mcgarr000mat
Penn Murfee,23,2017,Vanderbilt,SEC,0,1,0,4.91,10,0,,0,0,0,11,10,7,6,2,4,0,6,4,0,2,53,1.273,8.2,1.6,3.3,4.9,1.5,,player.fcgi?id=murfee000pen
Patrick Raby,20,2017,Vanderbilt,SEC,10,4,0.714,2.73,16,16,,1,0,0,105.1,89,38,32,7,30,0,87,4,0,5,426,1.13,7.6,0.6,2.6,7.4,2.9,,player.fcgi?id=raby--000pat
Matt Ruppenthal,21,2017,Vanderbilt,SEC,3,3,0.5,3.17,21,4,,0,0,3,54,40,22,19,8,19,1,45,6,0,4,224,1.093,6.7,1.3,3.2,7.5,2.37,,player.fcgi?id=ruppen000mat
Michael Sandborn*,19,2017,Vanderbilt,SEC,0,0,,0,3,0,,0,0,0,3,0,0,0,0,1,0,3,1,0,0,11,0.333,0,0,3,9,3,,player.fcgi?id=sandbo000mic
Collin Snider,21,2017,Vanderbilt,SEC,3,2,0.6,5.4,21,1,,0,0,1,33.1,37,27,20,2,16,0,29,4,0,1,158,1.59,10,0.5,4.3,7.8,1.81,,player.fcgi?id=snider001col
Paxton Stover*,21,2017,Vanderbilt,SEC,1,0,1,6.41,15,0,,0,0,0,19.2,16,17,14,2,18,0,21,1,0,3,89,1.729,7.3,0.9,8.2,9.6,1.17,,player.fcgi?id=stover000pax
Kyle Wright,21,2017,Vanderbilt,SEC,5,6,0.455,3.4,16,16,,1,1,0,103.1,82,45,39,3,31,0,121,5,0,8,423,1.094,7.1,0.3,2.7,10.5,3.9,,player.fcgi?id=wright003kyl
Joey Abraham,20,2016,Vanderbilt,SEC,0,0,,5.4,7,1,,0,0,1,16.2,13,10,10,0,6,0,22,4,0,1,71,1.14,7,0,3.2,11.9,3.67,,player.fcgi?id=abraha000joe
Ben Bowden*,21,2016,Vanderbilt,SEC,2,1,0.667,3.51,24,5,,0,0,10,48.2,48,23,19,3,14,0,65,2,0,1,207,1.274,8.9,0.6,2.6,12,4.64,,player.fcgi?id=bowden000ben
Maddux Conger,20,2016,Vanderbilt,SEC,0,0,,0.79,9,0,,0,0,0,11.1,5,3,1,0,7,0,12,2,0,2,46,1.059,4,0,5.6,9.5,1.71,,player.fcgi?id=conger000mad
Chandler Day,19,2016,Vanderbilt,SEC,2,1,0.667,4.26,10,3,,0,0,0,25.1,30,19,12,0,12,0,26,3,0,4,121,1.658,10.7,0,4.3,9.2,2.17,,player.fcgi?id=day---004cha
Donny Everett,19,2016,Vanderbilt,SEC,0,1,0,1.5,6,2,,0,0,0,12,11,6,2,3,5,0,13,0,0,0,51,1.333,8.3,2.3,3.8,9.8,2.6,,player.fcgi?id=everet000don
Ryan Johnson*,21,2016,Vanderbilt,SEC,4,0,1,4.26,14,2,,0,0,0,31.2,39,17,15,2,7,0,12,3,0,4,141,1.453,11.1,0.6,2,3.4,1.71,,player.fcgi?id=johnso005rya
John Kilichowski*,22,2016,Vanderbilt,SEC,1,2,0.333,5.06,10,2,,0,0,2,26.2,29,16,15,1,9,0,21,1,0,4,116,1.425,9.8,0.3,3,7.1,2.33,,player.fcgi?id=kilich000joh
Matt McGarry,19,2016,Vanderbilt,SEC,1,0,1,3.27,7,2,,0,0,0,11,12,10,4,0,9,0,12,3,0,4,56,1.909,9.8,0,7.4,9.8,1.33,,player.fcgi?id=mcgarr000mat
Patrick Raby,19,2016,Vanderbilt,SEC,7,1,0.875,2.61,15,10,,0,0,2,58.2,35,17,17,3,19,0,63,0,2,2,220,0.92,5.4,0.5,2.9,9.7,3.32,,player.fcgi?id=raby--000pat
Matt Ruppenthal,20,2016,Vanderbilt,SEC,5,2,0.714,2.33,25,0,,0,0,1,46.1,24,13,12,2,27,1,59,6,0,8,196,1.101,4.7,0.4,5.2,11.5,2.19,,player.fcgi?id=ruppen000mat
Jordan Sheffield,21,2016,Vanderbilt,SEC,8,6,0.571,3.01,16,16,,1,1,0,101.2,82,48,34,3,40,0,113,9,0,7,433,1.2,7.3,0.3,3.5,10,2.83,,player.fcgi?id=sheffi000jor
Collin Snider,20,2016,Vanderbilt,SEC,4,0,1,2.57,23,0,,0,0,0,35,37,12,10,1,6,0,30,3,0,3,144,1.229,9.5,0.3,1.5,7.7,5,,player.fcgi?id=snider001col
Evan Steele*,19,2016,Vanderbilt,SEC,1,0,1,4.63,11,0,,0,0,0,11.2,11,6,6,1,5,0,14,1,0,0,50,1.371,8.5,0.8,3.9,10.8,2.8,,player.fcgi?id=steele000eva
Hayden Stone,21,2016,Vanderbilt,SEC,0,1,0,4.22,10,3,,0,0,3,21.1,15,11,10,1,13,0,24,3,0,4,94,1.313,6.3,0.4,5.5,10.1,1.85,,player.fcgi?id=stone-000hay
Kyle Wright,20,2016,Vanderbilt,SEC,8,4,0.667,3.09,16,16,,1,1,0,93.1,82,38,32,6,32,0,107,12,0,8,397,1.221,7.9,0.6,3.1,10.3,3.34,,player.fcgi?id=wright003kyl
Joey Abraham,19,2015,Vanderbilt,SEC,0,0,,7.94,6,0,,,0,0,5.2,8,5,5,0,10,0,9,0,1,1,34,3.176,12.7,0,15.9,14.3,0.9,,player.fcgi?id=abraha000joe
Ben Bowden*,20,2015,Vanderbilt,SEC,6,1,0.857,2.89,26,0,,,0,2,37.1,32,13,12,1,14,0,49,5,0,1,164,1.232,7.7,0.2,3.4,11.8,3.5,,player.fcgi?id=bowden000ben
Walker Buehler,20,2015,Vanderbilt,SEC,5,2,0.714,2.95,16,16,,,0,0,88.1,85,34,29,6,30,1,92,5,0,9,374,1.302,8.7,0.6,3.1,9.4,3.07,,player.fcgi?id=buehle000wal
Tyler Ferguson,21,2015,Vanderbilt,SEC,0,1,0,6.3,15,3,,,0,0,20,11,17,14,0,35,0,24,2,0,9,101,2.3,5,0,15.8,10.8,0.69,,player.fcgi?id=fergus000tyl
Carson Fulmer,21,2015,Vanderbilt,SEC,14,2,0.875,1.83,19,19,,,2,0,127.2,81,32,26,7,50,1,167,9,3,13,513,1.026,5.7,0.5,3.5,11.8,3.34,,player.fcgi?id=fulmer001car
Ryan Johnson*,20,2015,Vanderbilt,SEC,5,1,0.833,3.02,15,5,,,0,0,53.2,50,22,18,2,12,0,31,1,2,0,220,1.155,8.4,0.3,2,5.2,2.58,,player.fcgi?id=johnso005rya
John Kilichowski*,21,2015,Vanderbilt,SEC,3,4,0.429,2.84,17,10,,,0,2,66.2,51,24,21,4,15,0,64,9,1,2,268,0.99,6.9,0.5,2,8.6,4.27,,player.fcgi?id=kilich000joh
Aubrey McCarty,20,2015,Vanderbilt,SEC,0,0,,3,5,0,,,0,0,6,2,2,2,1,2,0,6,0,0,0,23,0.667,3,1.5,3,9,3,,player.fcgi?id=mccart000aub
Phil Pfeifer*,22,2015,Vanderbilt,SEC,6,5,0.545,3.55,27,9,,,0,5,96.1,81,49,38,5,44,0,118,3,1,5,415,1.298,7.6,0.5,4.1,11,2.68,,player.fcgi?id=pfeife000phi
Matt Ruppenthal,19,2015,Vanderbilt,SEC,0,0,,2.7,8,0,,,0,0,10,5,3,3,1,9,0,10,3,0,0,46,1.4,4.5,0.9,8.1,9,1.11,,player.fcgi?id=ruppen000mat
Jordan Sheffield,20,2015,Vanderbilt,SEC,5,2,0.714,2.85,22,6,,,0,0,60,39,21,19,3,43,0,55,7,0,6,260,1.367,5.9,0.5,6.5,8.3,1.28,,player.fcgi?id=sheffi000jor
Collin Snider,19,2015,Vanderbilt,SEC,0,0,,2.41,16,0,,,0,0,18.2,16,7,5,1,4,1,9,2,1,1,73,1.071,7.7,0.5,1.9,4.3,2.25,,player.fcgi?id=snider001col
Brendan Spagnuolo,19,2015,Vanderbilt,SEC,0,0,,9,1,0,,,0,0,2,6,2,2,0,0,0,1,0,0,0,11,3,27,0,0,4.5,,,player.fcgi?id=spagnu000bre
Hayden Stone,20,2015,Vanderbilt,SEC,1,2,0.333,9.64,3,1,,,0,0,4.2,5,5,5,0,4,0,6,1,0,1,24,1.929,9.6,0,7.7,11.6,1.5,,player.fcgi?id=stone-000hay
Kyle Wright,19,2015,Vanderbilt,SEC,6,1,0.857,1.23,29,3,,,0,4,58.2,36,11,8,0,23,0,62,5,0,6,233,1.006,5.5,0,3.5,9.5,2.7,,player.fcgi?id=wright003kyl
Tyler Beede,21,2014,Vanderbilt,SEC,8,8,0.5,4.05,19,19,,,0,0,113.1,92,64,51,4,53,2,116,18,0,8,498,1.279,7.3,0.3,4.2,9.2,2.19,,player.fcgi?id=beede-000tyl
Ben Bowden*,19,2014,Vanderbilt,SEC,0,0,,3.48,12,0,,,0,0,10.1,8,5,4,1,6,0,10,0,0,1,44,1.355,7,0.9,5.2,8.7,1.67,,player.fcgi?id=bowden000ben
Walker Buehler,19,2014,Vanderbilt,SEC,12,2,0.857,2.64,19,16,,,0,0,102.1,85,33,30,4,31,0,111,5,0,7,414,1.134,7.5,0.4,2.7,9.8,3.58,,player.fcgi?id=buehle000wal
Tyler Ferguson,20,2014,Vanderbilt,SEC,8,4,0.667,2.69,17,15,,,0,0,77,55,31,23,2,30,0,65,10,1,10,321,1.104,6.4,0.2,3.5,7.6,2.17,,player.fcgi?id=fergus000tyl
Carson Fulmer,20,2014,Vanderbilt,SEC,7,1,0.875,1.98,26,10,,,1,10,91,61,22,20,0,41,2,95,7,4,6,369,1.121,6,0,4.1,9.4,2.32,,player.fcgi?id=fulmer001car
John Kilichowski*,20,2014,Vanderbilt,SEC,0,0,,1.57,13,0,,,0,0,23,13,5,4,1,8,0,22,1,0,2,91,0.913,5.1,0.4,3.1,8.6,2.75,,player.fcgi?id=kilich000joh
Brian Miller,21,2014,Vanderbilt,SEC,2,1,0.667,1.65,31,1,,,0,5,49,28,11,9,1,8,1,43,5,1,4,194,0.735,5.1,0.2,1.5,7.9,5.38,,player.fcgi?id=miller004bri
Jared Miller*,20,2014,Vanderbilt,SEC,6,2,0.75,4.91,16,9,,,0,0,55,54,37,30,1,27,0,40,6,0,9,249,1.473,8.8,0.2,4.4,6.5,1.48,,player.fcgi?id=miller001jar
T.J. Pecoraro,21,2014,Vanderbilt,SEC,1,1,0.5,8.2,13,2,,,0,0,18.2,29,19,17,0,12,0,16,2,0,2,97,2.196,14,0,5.8,7.7,1.33,,player.fcgi?id=pecora001tho
Adam Ravenelle,21,2014,Vanderbilt,SEC,3,2,0.6,1.35,24,0,,,0,3,40,19,8,6,1,14,0,37,1,0,4,153,0.825,4.3,0.2,3.2,8.3,2.64,,player.fcgi?id=ravene000ada
Steven Rice*,22,2014,Vanderbilt,SEC,0,0,,4.5,2,0,,,0,0,2,1,1,1,0,1,0,1,3,0,0,9,1,4.5,0,4.5,4.5,1,,player.fcgi?id=rice--002ste
Hayden Stone,19,2014,Vanderbilt,SEC,4,0,1,1.71,23,0,,,0,3,58,41,16,11,1,14,0,80,3,0,10,231,0.948,6.4,0.2,2.2,12.4,5.71,,player.fcgi?id=stone-000hay
Tyler Beede,20,2013,Vanderbilt,SEC,14,1,0.933,2.32,17,17,,,0,0,101,64,32,26,3,63,0,103,10,0,14,428,1.257,5.7,0.3,5.6,9.2,1.63,,player.fcgi?id=beede-000tyl
Walker Buehler,18,2013,Vanderbilt,SEC,4,3,0.571,3.14,16,9,,,0,1,63,64,25,22,5,25,1,57,2,0,6,276,1.413,9.1,0.7,3.6,8.1,2.28,,player.fcgi?id=buehle000wal
Tyler Ferguson,19,2013,Vanderbilt,SEC,3,1,0.75,4.21,8,4,,,0,0,25.2,24,12,12,0,11,0,21,4,0,5,113,1.364,8.4,0,3.9,7.4,1.91,,player.fcgi?id=fergus000tyl
Carson Fulmer,19,2013,Vanderbilt,SEC,3,0,1,2.39,26,0,,,0,4,52.2,37,16,14,2,25,0,51,5,1,6,213,1.177,6.3,0.3,4.3,8.7,2.04,,player.fcgi?id=fulmer001car
Keenan Kolinsky*,23,2013,Vanderbilt,SEC,0,0,,0,2,0,,,0,0,2,1,0,0,0,2,0,0,0,0,0,9,1.5,4.5,0,9,0,0,,player.fcgi?id=kolins000kee
Brian Miller,20,2013,Vanderbilt,SEC,5,2,0.714,1.58,32,0,,,0,16,57,37,13,10,2,11,2,48,12,0,1,232,0.842,5.8,0.3,1.7,7.6,4.36,,player.fcgi?id=miller004bri
Jared Miller*,19,2013,Vanderbilt,SEC,2,1,0.667,2.31,22,0,,,0,2,23.1,22,9,6,0,15,0,24,5,0,4,114,1.586,8.5,0,5.8,9.3,1.6,,player.fcgi?id=miller001jar
T.J. Pecoraro,20,2013,Vanderbilt,SEC,4,1,0.8,5.97,10,7,,,0,1,34.2,38,26,23,2,14,0,15,3,0,2,160,1.5,9.9,0.5,3.6,3.9,1.07,,player.fcgi?id=pecora001tho
Phil Pfeifer*,20,2013,Vanderbilt,SEC,4,0,1,3.68,15,12,,,0,0,63.2,62,32,26,3,30,1,47,5,1,5,276,1.445,8.8,0.4,4.2,6.6,1.57,,player.fcgi?id=pfeife000phi
Adam Ravenelle,20,2013,Vanderbilt,SEC,0,0,,3.18,11,0,,,0,0,17,13,8,6,0,8,0,9,2,0,2,72,1.235,6.9,0,4.2,4.8,1.13,,player.fcgi?id=ravene000ada
Steven Rice*,21,2013,Vanderbilt,SEC,4,0,1,2.57,21,0,,,0,0,35,28,11,10,0,12,0,28,3,0,1,137,1.143,7.2,0,3.1,7.2,2.33,,player.fcgi?id=rice--002ste
Kyle Smith,19,2013,Vanderbilt,SEC,0,0,,0,1,0,,,0,0,1,0,0,0,0,2,0,1,0,0,0,4,2,0,0,18,9,0.5,,player.fcgi?id=smith-006kyl
Nevin Wilson*,20,2013,Vanderbilt,SEC,0,0,,0,1,0,,,0,0,1,0,0,0,0,0,0,1,0,0,0,3,0,0,0,0,9,,,player.fcgi?id=wilson000nev
Kevin Ziomek*,21,2013,Vanderbilt,SEC,11,3,0.786,2.12,17,17,,,1,0,119,79,33,28,3,40,1,115,13,2,4,483,1,6,0.2,3,8.7,2.88,,player.fcgi?id=ziomek001kev
Tyler Beede,19,2012,Vanderbilt,SEC,1,5,0.167,4.52,16,11,,,0,0,71.2,78,45,36,4,32,0,68,10,0,3,330,1.535,9.8,0.5,4,8.5,2.13,,player.fcgi?id=beede-000tyl
Will Clinard,22,2012,Vanderbilt,SEC,7,3,0.7,4.83,30,2,,,0,5,54,55,31,29,5,26,5,47,2,0,7,242,1.5,9.2,0.8,4.3,7.8,1.81,,player.fcgi?id=clinar001wil
Keenan Kolinsky*,22,2012,Vanderbilt,SEC,1,1,0.5,6.61,8,2,,,0,0,16.1,17,13,12,2,1,0,4,3,0,1,69,1.102,9.4,1.1,0.6,2.2,4,,player.fcgi?id=kolins000kee
Brian Miller,19,2012,Vanderbilt,SEC,0,2,0,3.26,34,1,,,0,5,60.2,63,30,22,3,18,2,49,12,0,3,272,1.335,9.3,0.4,2.7,7.3,2.72,,player.fcgi?id=miller004bri
Jared Miller*,18,2012,Vanderbilt,SEC,3,0,1,3.06,25,3,,,0,1,32.1,28,13,11,0,14,0,23,2,0,3,141,1.299,7.8,0,3.9,6.4,1.64,,player.fcgi?id=miller001jar
T.J. Pecoraro,19,2012,Vanderbilt,SEC,2,4,0.333,3.4,12,8,,,1,0,53,46,21,20,4,18,3,34,5,2,1,224,1.208,7.8,0.7,3.1,5.8,1.89,,player.fcgi?id=pecora001tho
Phil Pfeifer*,19,2012,Vanderbilt,SEC,0,1,0,3.24,11,0,,,0,0,16.2,15,6,6,2,9,1,8,1,1,1,73,1.44,8.1,1.1,4.9,4.3,0.89,,player.fcgi?id=pfeife000phi
Adam Ravenelle,19,2012,Vanderbilt,SEC,0,0,,1.8,6,0,,,0,0,5,3,2,1,0,6,0,9,0,0,4,26,1.8,5.4,0,10.8,16.2,1.5,,player.fcgi?id=ravene000ada
Steven Rice*,20,2012,Vanderbilt,SEC,1,0,1,3.38,17,0,,,0,0,21.1,17,8,8,1,17,1,21,3,0,0,101,1.594,7.2,0.4,7.2,8.9,1.24,,player.fcgi?id=rice--002ste
Sam Selman*,21,2012,Vanderbilt,SEC,9,3,0.75,3.55,17,13,,,0,0,76,66,39,30,2,43,0,80,7,4,7,336,1.434,7.8,0.2,5.1,9.5,1.86,,player.fcgi?id=selman001sam
Drew VerHagen,21,2012,Vanderbilt,SEC,6,3,0.667,3.5,27,7,,,0,2,69.1,64,30,27,2,28,1,37,17,1,7,302,1.327,8.3,0.3,3.6,4.8,1.32,,player.fcgi?id=verhag000dre
Nevin Wilson*,19,2012,Vanderbilt,SEC,0,0,,10.13,2,0,,,0,0,2.2,3,3,3,0,3,0,3,1,1,1,13,2.25,10.1,0,10.1,10.1,1,,player.fcgi?id=wilson000nev
Kevin Ziomek*,20,2012,Vanderbilt,SEC,5,6,0.455,5.22,19,16,,,0,0,79.1,79,52,46,7,39,1,79,14,2,3,369,1.487,9,0.8,4.4,9,2.03,,player.fcgi?id=ziomek001kev
Jack Armstrong,21,2011,Vanderbilt,SEC,,,,2.65,,0,,,0,,17,6,6,5,,18,,17,,,,,1.412,3.2,,9.5,9,0.94,,player.fcgi?id=armstr002jac
Will Clinard,21,2011,Vanderbilt,SEC,,,,2.7,,0,,,0,,40,36,15,12,,10,,48,,,,,1.15,8.1,,2.3,10.8,4.8,,player.fcgi?id=clinar001wil
Grayson Garvin*,21,2011,Vanderbilt,SEC,,,,2.44,,18,,,0,,114.1,98,38,31,,25,,101,,,,,1.076,7.7,,2,8,4.04,,player.fcgi?id=garvin001gra
Sonny Gray,21,2011,Vanderbilt,SEC,,,,2.43,,19,,,0,,126,97,38,34,,51,,132,,,,,1.175,6.9,,3.6,9.4,2.59,,player.fcgi?id=gray--001son
Taylor Hill,22,2011,Vanderbilt,SEC,,,,2.73,,17,,,0,,99,89,38,30,,26,,92,,,,,1.162,8.1,,2.4,8.4,3.54,,player.fcgi?id=hill--005dav
Keenan Kolinsky*,21,2011,Vanderbilt,SEC,,,,0,,0,,,0,,3.1,2,0,0,,2,,0,,,,,1.2,5.4,,5.4,0,0,,player.fcgi?id=kolins000kee
Mark Lamm,23,2011,Vanderbilt,SEC,,,,2,,0,,,0,,27,26,8,6,,3,,21,,,,,1.074,8.7,,1,7,7,,player.fcgi?id=lamm--000mar
Navery Moore,20,2011,Vanderbilt,SEC,,,,1.15,,0,,,0,,31.1,18,5,4,,12,,25,,,,,0.957,5.2,,3.4,7.2,2.08,,player.fcgi?id=moore-001nav
T.J. Pecoraro,18,2011,Vanderbilt,SEC,,,,1.52,,6,,,0,,41.1,26,8,7,,13,,41,,,,,0.944,5.7,,2.8,8.9,3.15,,player.fcgi?id=pecora001tho
Steven Rice*,19,2011,Vanderbilt,SEC,,,,9,,0,,,0,,1,0,1,1,,6,,0,,,,,6,0,,54,0,0,,player.fcgi?id=rice--002ste
Sam Selman*,20,2011,Vanderbilt,SEC,,,,1.29,,0,,,0,,7,5,2,1,,3,,6,,,,,1.143,6.4,,3.9,7.7,2,,player.fcgi?id=selman001sam
Corey Williams*,20,2011,Vanderbilt,SEC,,,,4.38,,1,,,0,,39,30,19,19,,14,,37,,,,,1.128,6.9,,3.2,8.5,2.64,,player.fcgi?id=willia000cor
Kevin Ziomek*,19,2011,Vanderbilt,SEC,,,,1.57,,5,,,0,,46,33,9,8,,16,,47,,,,,1.065,6.5,,3.1,9.2,2.94,,player.fcgi?id=ziomek001kev
Eric Anderson,22,2013,Missouri,SEC,0,3,0,3.9,10,4,,,0,1,27.2,32,14,12,1,10,0,17,3,0,1,121,1.518,10.4,0.3,3.3,5.5,1.7,,player.fcgi?id=anders004eri
Pete Fairbanks,19,2013,Missouri,SEC,0,0,,5.68,6,0,,,0,0,6.1,8,5,4,0,1,0,2,0,0,0,29,1.421,11.4,0,1.4,2.8,2,,player.fcgi?id=fairba000pet
Griffin Goodrich?,--,2013,Missouri,SEC,2,0,1,3.92,9,3,,,0,0,20.2,20,9,9,1,2,0,12,0,0,0,83,1.065,8.7,0.4,0.9,5.2,6,,player.fcgi?id=goodri000gri
Brett Graves,20,2013,Missouri,SEC,2,5,0.286,3.8,14,13,,,0,0,71,78,38,30,9,21,0,32,3,0,5,305,1.394,9.9,1.1,2.7,4.1,1.52,,player.fcgi?id=graves000bre
Jace James?,--,2013,Missouri,SEC,3,2,0.6,2.79,17,7,,,0,0,42,43,14,13,4,15,1,29,1,1,5,180,1.381,9.2,0.9,3.2,6.2,1.93,,player.fcgi?id=james-002jac
John Miles,20,2013,Missouri,SEC,0,3,0,2.35,18,0,,,0,2,23,33,18,6,0,11,0,23,2,0,2,117,1.913,12.9,0,4.3,9,2.09,,player.fcgi?id=miles-004joh
Ryan Phillips?,--,2013,Missouri,SEC,0,0,,8.44,10,0,,,0,0,10.2,18,10,10,1,2,1,10,0,0,0,51,1.875,15.2,0.8,1.7,8.4,5,,player.fcgi?id=philli002rya
Alec Rash,19,2013,Missouri,SEC,2,1,0.667,4.55,12,7,,,0,0,27.2,34,20,14,3,16,0,23,4,0,2,138,1.807,11.1,1,5.2,7.5,1.44,,player.fcgi?id=rash--000ale
Keaton Steele,21,2013,Missouri,SEC,5,3,0.625,2.83,17,3,,,0,2,63.2,59,26,20,1,25,1,58,2,0,5,275,1.319,8.3,0.1,3.5,8.2,2.32,,player.fcgi?id=steele000kea
Austin Tribby*,18,2013,Missouri,SEC,0,0,,0,1,0,,,0,0,0.1,1,0,0,0,0,0,0,0,0,0,2,3,27,0,0,0,,,player.fcgi?id=tribby000aus
Jake Walsh*,22,2013,Missouri,SEC,2,2,0.5,4.19,30,0,,,0,0,34.1,36,22,16,1,16,0,31,3,0,5,160,1.515,9.4,0.3,4.2,8.1,1.94,,player.fcgi?id=walsh-000jak
Breckin Williams,19,2013,Missouri,SEC,0,3,0,6.75,20,0,,,0,1,18.2,24,18,14,1,5,0,21,2,2,1,88,1.554,11.6,0.5,2.4,10.1,4.2,,player.fcgi?id=willia004bre
Ryan Yuengel?,--,2013,Missouri,SEC,0,1,0,18.9,4,0,,,0,0,3.1,5,7,7,1,4,0,2,1,0,1,19,2.7,13.5,2.7,10.8,5.4,0.5,,player.fcgi?id=yuenge000rya
Rob Zastryzny*,21,2013,Missouri,SEC,2,9,0.182,3.38,13,13,,,1,0,90.2,93,41,34,10,24,0,82,7,0,4,392,1.29,9.2,1,2.4,8.1,3.42,,player.fcgi?id=zastry000rob
Eric Anderson,23,2014,Missouri,SEC,2,3,0.4,3.3,9,8,,,0,0,43.2,42,16,16,3,7,0,46,3,0,2,180,1.122,8.7,0.6,1.4,9.5,6.57,,player.fcgi?id=anders004eri
Cole Bartlett,19,2014,Missouri,SEC,0,0,,10.8,2,0,,,0,0,1.2,3,2,2,0,2,1,0,0,0,0,9,3,16.2,0,10.8,0,0,,player.fcgi?id=bartle000col
Pete Fairbanks,20,2014,Missouri,SEC,4,7,0.364,4.33,19,8,,,0,0,62.1,72,39,30,1,20,3,33,2,2,2,276,1.476,10.4,0.1,2.9,4.8,1.65,,player.fcgi?id=fairba000pet
Griffin Goodrich?,--,2014,Missouri,SEC,2,0,1,2.66,4,3,,,0,0,20.1,23,7,6,0,4,0,15,1,0,0,85,1.328,10.2,0,1.8,6.6,3.75,,player.fcgi?id=goodri000gri
Brett Graves,21,2014,Missouri,SEC,3,6,0.333,3.87,14,14,,,0,0,93,98,45,40,4,18,0,64,6,3,5,395,1.247,9.5,0.4,1.7,6.2,3.56,,player.fcgi?id=graves000bre
Andrew Hohn*,22,2014,Missouri,SEC,0,0,,9,8,0,,,0,0,4,12,4,4,1,0,0,3,1,0,0,25,3,27,2.3,0,6.8,,,player.fcgi?id=hohn--000and
Tyler House*,21,2014,Missouri,SEC,0,0,,,1,0,,,0,0,0,2,0,0,0,0,0,0,0,0,0,2,,,,,,,,player.fcgi?id=house-000tyl
Jace James?,--,2014,Missouri,SEC,0,0,,4.7,3,2,,,0,0,7.2,10,4,4,1,2,0,3,1,0,0,35,1.565,11.7,1.2,2.3,3.5,1.5,,player.fcgi?id=james-002jac
John Miles,21,2014,Missouri,SEC,2,6,0.25,5.2,13,13,,,0,0,62.1,72,42,36,3,17,0,41,3,2,4,276,1.428,10.4,0.4,2.5,5.9,2.41,,player.fcgi?id=miles-004joh
Ryan Phillips?,--,2014,Missouri,SEC,2,1,0.667,5.33,19,0,,,0,0,25.1,21,15,15,2,8,0,17,1,0,1,106,1.145,7.5,0.7,2.8,6,2.13,,player.fcgi?id=philli002rya
Alec Rash,20,2014,Missouri,SEC,0,0,,2.04,10,2,,,0,0,17.2,15,6,4,0,7,0,16,6,0,4,78,1.245,7.6,0,3.6,8.2,2.29,,player.fcgi?id=rash--000ale
Andrew Schwaab,21,2014,Missouri,SEC,1,0,1,6.43,13,0,,,0,0,14,16,11,10,0,4,1,5,9,0,0,70,1.429,10.3,0,2.6,3.2,1.25,,player.fcgi?id=schwaa000and
Keaton Steele,22,2014,Missouri,SEC,0,8,0,2.75,24,2,,,0,9,59,53,22,18,0,16,4,49,5,1,2,240,1.169,8.1,0,2.4,7.5,3.06,,player.fcgi?id=steele000kea
Austin Tribby*,19,2014,Missouri,SEC,1,0,1,5.75,30,0,,,0,0,20.1,21,16,13,2,10,0,21,3,0,3,94,1.525,9.3,0.9,4.4,9.3,2.1,,player.fcgi?id=tribby000aus
Breckin Williams,20,2014,Missouri,SEC,3,1,0.75,2.52,26,0,,,0,2,35.2,43,14,10,2,9,1,23,0,1,6,155,1.458,10.9,0.5,2.3,5.8,2.56,,player.fcgi?id=willia004bre
Lake Dabney*,19,2015,Missouri,SEC,1,0,1,1.17,16,0,,,0,0,23,23,5,3,0,5,0,12,3,0,5,98,1.217,9,0,2,4.7,2.4,,player.fcgi?id=dabney000lak
Pete Fairbanks,21,2015,Missouri,SEC,4,5,0.444,3.4,15,15,,,0,0,76.2,73,33,29,7,28,0,79,8,2,6,329,1.317,8.6,0.8,3.3,9.3,2.82,,player.fcgi?id=fairba000pet
Nolan Gromacki,--,2015,Missouri,SEC,0,0,,9,1,0,,,0,0,1,2,1,1,0,0,0,0,1,0,0,6,2,18,0,0,0,,,player.fcgi?id=gromac000nol
Tanner Houck,19,2015,Missouri,SEC,8,5,0.615,3.49,15,15,,,0,0,100.2,89,40,39,8,12,1,91,7,1,2,407,1.003,8,0.7,1.1,8.1,7.58,,player.fcgi?id=houck-000tan
Jace James?,--,2015,Missouri,SEC,0,1,0,4.26,12,0,,,0,0,12.2,10,6,6,2,2,0,11,3,0,0,52,0.947,7.1,1.4,1.4,7.8,5.5,,player.fcgi?id=james-002jac
Ryan Lee,20,2015,Missouri,SEC,0,0,,5.06,5,0,,,0,0,5.1,6,4,3,1,3,0,6,0,0,1,25,1.688,10.1,1.7,5.1,10.1,2,,player.fcgi?id=lee---003rya
Reggie McClain,22,2015,Missouri,SEC,7,7,0.5,3.56,15,15,,,1,0,101,96,45,40,6,19,0,80,4,1,10,408,1.139,8.6,0.5,1.7,7.1,4.21,,player.fcgi?id=mcclai000reg
John Miles,22,2015,Missouri,SEC,1,2,0.333,4.71,14,7,,,0,0,42,37,27,22,7,17,0,32,7,0,6,186,1.286,7.9,1.5,3.6,6.9,1.88,,player.fcgi?id=miles-004joh
Bryce Montes de Oca,19,2015,Missouri,SEC,0,0,,6.75,7,0,,,0,0,8,3,8,6,0,9,0,10,5,2,2,42,1.5,3.4,0,10.1,11.3,1.11,,player.fcgi?id=montes000bry
Alec Rash,21,2015,Missouri,SEC,3,0,1,3.21,4,3,,,0,0,14,12,5,5,0,10,0,9,2,0,1,66,1.571,7.7,0,6.4,5.8,0.9,,player.fcgi?id=rash--000ale
Andrew Schwaab,22,2015,Missouri,SEC,2,1,0.667,3.81,26,3,,,0,1,52,42,25,22,4,20,0,50,14,0,3,224,1.192,7.3,0.7,3.5,8.7,2.5,,player.fcgi?id=schwaa000and
Austin Tribby*,20,2015,Missouri,SEC,0,3,0,5.86,31,0,,,0,0,35.1,45,27,23,8,13,2,36,2,0,2,163,1.642,11.5,2,3.3,9.2,2.77,,player.fcgi?id=tribby000aus
Breckin Williams,21,2015,Missouri,SEC,4,4,0.5,1.98,25,0,,,0,13,36.1,32,11,8,1,9,1,39,1,0,1,151,1.128,7.9,0.2,2.2,9.7,4.33,,player.fcgi?id=willia004bre
Cole Bartlett,21,2016,Missouri,SEC,3,5,0.375,3.9,31,3,,0,0,3,55.1,74,30,24,4,11,1,26,5,0,5,250,1.536,12,0.7,1.8,4.2,2.36,,player.fcgi?id=bartle000col
Liam Carter,20,2016,Missouri,SEC,0,1,0,4.5,18,0,,0,0,1,24,27,14,12,2,12,0,21,1,0,3,111,1.625,10.1,0.8,4.5,7.9,1.75,,player.fcgi?id=carter000lia
Griffin Goodrich?,--,2016,Missouri,SEC,0,0,,13.5,3,0,,0,0,0,2.2,7,5,4,0,3,0,3,0,0,0,18,3.75,23.6,0,10.1,10.1,1,,player.fcgi?id=goodri000gri
Nolan Gromacki,--,2016,Missouri,SEC,0,0,,6.75,15,0,,0,0,0,12,16,9,9,1,3,0,13,2,0,4,55,1.583,12,0.8,2.3,9.8,4.33,,player.fcgi?id=gromac000nol
Tanner Houck,20,2016,Missouri,SEC,5,6,0.455,2.99,15,15,,3,2,0,105.1,82,46,35,6,27,0,106,8,0,7,434,1.035,7,0.5,2.3,9.1,3.93,,player.fcgi?id=houck-000tan
Tyler Hunt,23,2016,Missouri,SEC,0,0,,54,1,0,,0,0,0,0.1,0,2,2,0,3,0,0,0,0,0,4,9,0,0,81,0,0,,player.fcgi?id=hunt--000tyl
Ryan Lee,21,2016,Missouri,SEC,2,2,0.5,5.64,8,6,,0,0,0,30.1,36,22,19,0,15,0,22,4,0,4,140,1.681,10.7,0,4.5,6.5,1.47,,player.fcgi?id=lee---003rya
Grant Macciocchi,20,2016,Missouri,SEC,1,0,1,4.35,6,2,,0,0,0,10.1,10,7,5,0,2,0,3,2,0,0,45,1.161,8.7,0,1.7,2.6,1.5,,player.fcgi?id=maccio000gra
Reggie McClain,23,2016,Missouri,SEC,5,4,0.556,3.65,14,14,,3,1,0,101,110,51,41,3,9,0,94,5,1,5,426,1.178,9.8,0.3,0.8,8.4,10.44,,player.fcgi?id=mcclai000reg
Bryce Montes de Oca,20,2016,Missouri,SEC,0,0,,0,1,0,,0,0,0,0.1,0,0,0,0,0,0,1,0,0,0,1,0,0,0,0,27,,,player.fcgi?id=montes000bry
Michael Plassmeyer*,19,2016,Missouri,SEC,4,7,0.364,5.28,13,11,,0,0,0,58,79,42,34,3,9,0,42,3,2,3,257,1.517,12.3,0.5,1.4,6.5,4.67,,player.fcgi?id=plassm000mic
Graham Ruopp?,--,2016,Missouri,SEC,0,0,,6.52,11,0,,0,0,0,9.2,21,9,7,1,2,0,10,1,0,0,50,2.379,19.6,0.9,1.9,9.3,5,,player.fcgi?id=ruopp-000gra
Brian Sharp,19,2016,Missouri,SEC,2,2,0.5,4.84,19,0,,0,0,5,22.1,25,15,12,4,15,1,19,0,1,5,108,1.791,10.1,1.6,6,7.7,1.27,,player.fcgi?id=sharp-001bri
Ty Shoaff*,19,2016,Missouri,SEC,1,0,1,6.75,14,0,,0,0,0,9.1,13,9,7,2,5,0,8,3,1,3,48,1.929,12.5,1.9,4.8,7.7,1.6,,player.fcgi?id=shoaff000ty-
Austin Tribby*,21,2016,Missouri,SEC,3,3,0.5,4.78,28,5,,0,0,2,52.2,52,37,28,7,26,0,54,7,1,4,239,1.481,8.9,1.2,4.4,9.2,2.08,,player.fcgi?id=tribby000aus
Cole Bartlett,22,2017,Missouri,SEC,6,3,0.667,3.19,19,5,,2,1,0,79,76,41,28,7,22,0,53,6,2,4,332,1.241,8.7,0.8,2.5,6,2.41,,player.fcgi?id=bartle000col
Luke Boyster?,--,2017,Missouri,SEC,0,0,,3.52,5,0,,0,0,0,7.2,7,3,3,0,5,0,12,2,0,2,38,1.565,8.2,0,5.9,14.1,2.4,,player.fcgi?id=boyste000luk
Liam Carter,21,2017,Missouri,SEC,1,0,1,14,5,3,,0,0,0,9,13,15,14,2,9,0,7,1,0,1,49,2.444,13,2,9,7,0.78,,player.fcgi?id=carter000lia
Cameron Dulle,22,2017,Missouri,SEC,1,1,0.5,4.08,12,0,,0,0,0,17.2,18,10,8,4,9,0,19,1,0,0,79,1.528,9.2,2,4.6,9.7,2.11,,player.fcgi?id=dulle-000cam
Nolan Gromacki,--,2017,Missouri,SEC,0,1,0,4.34,22,0,,0,0,1,18.2,14,11,9,4,11,0,23,4,0,2,86,1.339,6.8,1.9,5.3,11.1,2.09,,player.fcgi?id=gromac000nol
Tanner Houck,21,2017,Missouri,SEC,4,7,0.364,3.33,14,14,,3,0,0,94.2,78,45,35,5,24,0,95,18,1,5,403,1.077,7.4,0.5,2.3,9,3.96,,player.fcgi?id=houck-000tan
Ryan Lee,22,2017,Missouri,SEC,0,0,,2.87,10,1,,0,0,0,15.2,14,5,5,0,7,0,18,1,0,3,66,1.34,8,0,4,10.3,2.57,,player.fcgi?id=lee---003rya
Bryce Montes de Oca,21,2017,Missouri,SEC,4,5,0.444,4.28,15,12,,0,0,0,61,43,40,29,3,42,0,61,11,0,6,274,1.393,6.3,0.4,6.2,9,1.45,,player.fcgi?id=montes000bry
Michael Plassmeyer*,20,2017,Missouri,SEC,5,1,0.833,4.83,19,10,,0,0,1,54,58,33,29,7,9,0,54,7,4,2,232,1.241,9.7,1.2,1.5,9,6,,player.fcgi?id=plassm000mic
Brian Sharp,20,2017,Missouri,SEC,2,0,1,3.38,9,0,,0,0,1,13.1,6,5,5,0,5,0,11,0,0,0,51,0.825,4.1,0,3.4,7.4,2.2,,player.fcgi?id=sharp-001bri
Ty Shoaff*,20,2017,Missouri,SEC,0,0,,5.59,15,0,,0,0,0,9.2,10,7,6,2,6,1,16,3,1,0,48,1.655,9.3,1.9,5.6,14.9,2.67,,player.fcgi?id=shoaff000ty-
T.J. Sikkema*,18,2017,Missouri,SEC,8,2,0.8,2.72,22,3,,1,1,4,79.1,52,26,24,2,18,1,81,7,0,0,311,0.882,5.9,0.2,2,9.2,4.5,,player.fcgi?id=sikkem000tj-
Evan Stoll,19,2017,Missouri,SEC,0,0,,0,2,0,,0,0,0,1.2,1,0,0,0,1,0,3,0,0,0,8,1.2,5.4,0,5.4,16.2,3,,player.fcgi?id=stoll-000eva
Andy Toelken,21,2017,Missouri,SEC,5,3,0.625,2.8,16,11,,1,0,0,70.2,59,31,22,9,24,1,52,8,0,2,302,1.175,7.5,1.1,3.1,6.6,2.17,,player.fcgi?id=toelke000and
Luke Anderson,19,2018,Missouri,SEC,0,0,,8.1,11,0,,0,0,1,10,14,10,9,1,9,0,10,2,1,2,56,2.3,12.6,0.9,8.1,9,1.11,,player.fcgi?id=anders004luk
Konnor Ash,19,2018,Missouri,SEC,0,0,,7.98,14,2,,0,0,0,14.2,19,14,13,3,9,0,14,0,0,2,67,1.909,11.7,1.8,5.5,8.6,1.56,,player.fcgi?id=ash---000kon
Nile Ball,21,2018,Missouri,SEC,2,1,0.667,3.52,21,0,,0,0,6,38.1,30,20,15,2,17,0,33,12,0,2,169,1.226,7,0.5,4,7.7,1.94,,player.fcgi?id=ball--000nil
Ian Bedell,18,2018,Missouri,SEC,1,1,0.5,6.17,7,0,,0,0,1,11.2,12,8,8,1,6,0,13,0,0,0,53,1.543,9.3,0.8,4.6,10,2.17,,player.fcgi?id=bedell000ian
Cameron Dulle,23,2018,Missouri,SEC,1,0,1,7.2,10,0,,0,0,0,10,12,8,8,0,4,0,12,0,0,1,42,1.6,10.8,0,3.6,10.8,3,,player.fcgi?id=dulle-000cam
Drake Greenwood,19,2018,Missouri,SEC,0,0,,4.5,2,0,,0,0,0,2,3,1,1,0,0,0,1,0,0,0,8,1.5,13.5,0,0,4.5,,,player.fcgi?id=greenw000dra
Nolan Gromacki,--,2018,Missouri,SEC,0,0,,7.71,6,0,,0,0,0,4.2,4,4,4,1,3,0,7,1,0,0,21,1.5,7.7,1.9,5.8,13.5,2.33,,player.fcgi?id=gromac000nol
Jordan Gubelman,21,2018,Missouri,SEC,1,0,1,4.03,15,1,,0,0,1,22.1,21,10,10,3,8,0,30,0,0,2,95,1.299,8.5,1.2,3.2,12.1,3.75,,player.fcgi?id=gubelm000jor
Tyler LaPlante*,22,2018,Missouri,SEC,4,3,0.571,2.75,13,10,,1,0,0,59,44,20,18,4,17,0,56,3,0,5,235,1.034,6.7,0.6,2.6,8.5,3.29,,player.fcgi?id=laplan000tyl
Gio Lopez,21,2018,Missouri,SEC,0,0,,3.86,14,0,,0,0,0,14,15,6,6,1,11,0,17,2,0,4,69,1.857,9.6,0.6,7.1,10.9,1.55,,player.fcgi?id=lopez-000gio
Bryce Montes de Oca,22,2018,Missouri,SEC,6,4,0.6,3.13,15,9,,0,0,1,54.2,32,20,19,4,33,0,65,7,0,5,230,1.189,5.3,0.7,5.4,10.7,1.97,,player.fcgi?id=montes000bry
Cam Pferrer,19,2018,Missouri,SEC,1,0,1,2.89,10,0,,0,0,0,9.1,9,4,3,0,1,0,9,2,1,2,41,1.071,8.7,0,1,8.7,9,,player.fcgi?id=pferre000cam
Michael Plassmeyer*,21,2018,Missouri,SEC,5,4,0.556,3.05,14,14,,2,1,0,91.1,86,34,31,6,17,0,103,8,3,4,377,1.128,8.5,0.6,1.7,10.1,6.06,,player.fcgi?id=plassm000mic
Ryan Rickett,19,2018,Missouri,SEC,0,0,,4.91,4,0,,0,0,0,3.2,5,2,2,0,0,0,5,0,0,1,16,1.364,12.3,0,0,12.3,,,player.fcgi?id=ricket000rya
Brian Sharp,21,2018,Missouri,SEC,4,0,1,3.27,10,4,,0,0,0,33,29,12,12,3,10,0,30,3,0,4,135,1.182,7.9,0.8,2.7,8.2,3,,player.fcgi?id=sharp-001bri
Cody Siebenberger*,21,2018,Missouri,SEC,0,1,0,9,5,1,,0,0,0,3,3,3,3,0,3,0,2,2,0,0,16,2,9,0,9,6,0.67,,player.fcgi?id=sieben000cod
T.J. Sikkema*,19,2018,Missouri,SEC,3,5,0.375,3.34,16,10,,0,0,0,70,75,27,26,5,20,0,76,5,0,5,302,1.357,9.6,0.6,2.6,9.8,3.8,,player.fcgi?id=sikkem000tj-
Andy Toelken,22,2018,Missouri,SEC,6,3,0.667,3.61,21,5,,0,0,3,57.1,59,24,23,6,19,1,48,6,0,5,250,1.36,9.3,0.9,3,7.5,2.53,,player.fcgi?id=toelke000and
Luke Anderson,20,2019,Missouri,SEC,1,0,1,7.94,6,0,,0,0,0,5.2,7,10,5,1,6,0,5,3,0,2,31,2.294,11.1,1.6,9.5,7.9,0.83,,player.fcgi?id=anders004luk
Konnor Ash,20,2019,Missouri,SEC,2,2,0.5,4.19,23,2,,0,0,0,53.2,44,25,25,6,30,1,63,4,1,5,232,1.379,7.4,1,5,10.6,2.1,,player.fcgi?id=ash---000kon
Ian Bedell,19,2019,Missouri,SEC,3,1,0.75,1.56,18,1,,0,0,5,40.1,28,11,7,2,12,0,36,2,0,3,160,0.992,6.2,0.4,2.7,8,3,,player.fcgi?id=bedell000ian
Jake Cantleberry*,21,2019,Missouri,SEC,4,5,0.444,4.73,16,12,,0,0,0,72.1,82,43,38,3,31,0,97,8,3,5,331,1.562,10.2,0.4,3.9,12.1,3.13,,player.fcgi?id=cantle000jac
Trey Dillard,20,2019,Missouri,SEC,1,2,0.333,6.92,14,0,,0,0,1,13,13,11,10,1,7,0,19,2,0,3,61,1.538,9,0.7,4.8,13.2,2.71,,player.fcgi?id=dillar000tre
Cameron Dulle,24,2019,Missouri,SEC,4,4,0.5,1.43,18,0,,0,0,4,37.2,20,13,6,0,18,1,43,0,0,5,155,1.009,4.8,0,4.3,10.3,2.39,,player.fcgi?id=dulle-000cam
Jordan Gubelman,22,2019,Missouri,SEC,2,1,0.667,2.31,17,3,,0,0,1,35,33,13,9,2,8,0,36,1,0,3,140,1.171,8.5,0.5,2.1,9.3,4.5,,player.fcgi?id=gubelm000jor
Seth Halvorsen,19,2019,Missouri,SEC,0,0,,3.38,4,0,,0,0,0,5.1,1,2,2,0,6,0,2,3,0,1,26,1.313,1.7,0,10.1,3.4,0.33,,player.fcgi?id=halvor000set
Art Joven*,20,2019,Missouri,SEC,3,1,0.75,4.33,19,9,,0,0,1,43.2,35,25,21,0,34,0,51,5,3,7,204,1.58,7.2,0,7,10.5,1.5,,player.fcgi?id=joven-000art
Tyler LaPlante*,23,2019,Missouri,SEC,1,1,0.5,2.38,8,8,,0,0,0,45.1,35,19,12,2,8,0,34,7,1,5,183,0.949,6.9,0.4,1.6,6.8,4.25,,player.fcgi?id=laplan000tyl
Luke Mann,19,2019,Missouri,SEC,0,0,,1.5,3,2,,0,0,0,6,6,2,1,0,3,0,9,0,0,0,26,1.5,9,0,4.5,13.5,3,,player.fcgi?id=mann--000luk
Cam Pferrer,20,2019,Missouri,SEC,0,0,,16.2,4,0,,0,0,0,1.2,3,3,3,0,8,0,3,1,0,1,17,6.6,16.2,0,43.2,16.2,0.38,,player.fcgi?id=pferre000cam
Trae Robertson*,19,2019,Missouri,SEC,2,0,1,4.08,12,3,,0,0,0,17.2,11,8,8,0,13,0,17,4,0,2,80,1.358,5.6,0,6.6,8.7,1.31,,player.fcgi?id=robert005tra
T.J. Sikkema*,20,2019,Missouri,SEC,7,4,0.636,1.32,17,13,,2,0,2,88.2,54,23,13,4,31,1,101,10,1,6,357,0.959,5.5,0.4,3.1,10.3,3.26,,player.fcgi?id=sikkem000tj-
Tommy Springer,18,2019,Missouri,SEC,4,0,1,3.09,12,4,,0,0,0,32,27,12,11,1,11,0,38,3,0,2,132,1.188,7.6,0.3,3.1,10.7,3.45,,player.fcgi?id=spring000tom
Lukas Veinbergs,22,2019,Missouri,SEC,0,1,0,10.45,11,0,,0,0,0,10.1,16,13,12,1,8,0,5,1,1,6,56,2.323,13.9,0.9,7,4.4,0.63,,player.fcgi?id=veinbe000luk
Konnor Ash,21,2020,Missouri,SEC,2,0,1,4.15,4,4,,0,0,0,21.2,19,12,10,1,11,0,29,2,2,5,95,1.385,7.9,0.4,4.6,12,2.64,,player.fcgi?id=ash---000kon
Ian Bedell,20,2020,Missouri,SEC,2,2,0.5,3.7,4,4,,0,0,0,24.1,20,12,10,5,4,0,35,0,1,3,99,0.986,7.4,1.8,1.5,12.9,8.75,,player.fcgi?id=bedell000ian
Trey Dillard,21,2020,Missouri,SEC,2,0,1,1.08,8,0,,0,0,5,8.1,7,1,1,0,3,0,11,1,0,3,35,1.2,7.6,0,3.2,11.9,3.67,,player.fcgi?id=dillar000tre
Art Joven*,21,2020,Missouri,SEC,1,1,0.5,10.8,5,2,,0,0,0,11.2,16,15,14,2,6,0,15,3,1,0,60,1.886,12.3,1.5,4.6,11.6,2.5,,player.fcgi?id=joven-000art
Spencer Juergens,23,2020,Missouri,SEC,0,0,,4.11,5,2,,0,0,1,15.1,21,9,7,1,5,0,11,0,0,2,72,1.696,12.3,0.6,2.9,6.5,2.2,,player.fcgi?id=juerge000spe
Jackson Lancaster*,21,2020,Missouri,SEC,0,0,,0,1,0,,0,0,0,1,1,1,0,0,0,0,1,0,0,0,4,1,9,0,0,9,,,player.fcgi?id=lancas001jac
Spencer Miles,19,2020,Missouri,SEC,1,0,1,3.6,4,2,,0,0,1,15,15,6,6,1,2,0,11,1,0,1,61,1.133,9,0.6,1.2,6.6,5.5,,player.fcgi?id=miles-000spe
Ben Pedersen,19,2020,Missouri,SEC,0,1,0,3.68,3,1,,0,0,0,7.1,4,3,3,1,6,0,3,1,0,1,31,1.364,4.9,1.2,7.4,3.7,0.5,,player.fcgi?id=peders000ben
Cam Pferrer,21,2020,Missouri,SEC,0,0,,9,1,0,,0,0,0,1,1,1,1,0,1,0,0,1,0,0,6,2,9,0,9,0,0,,player.fcgi?id=pferre000cam
Trae Robertson*,20,2020,Missouri,SEC,1,0,1,0,2,0,,0,0,0,2,0,0,0,0,1,1,4,0,0,0,8,0.5,0,0,4.5,18,4,,player.fcgi?id=robert005tra
Tom Skoro*,22,2020,Missouri,SEC,0,0,,0,2,0,,0,0,0,2.2,2,1,0,0,0,0,5,0,0,1,12,0.75,6.8,0,0,16.9,,,player.fcgi?id=skoro-000tom
Tommy Springer,19,2020,Missouri,SEC,0,0,,9,3,0,,0,0,0,2,4,2,2,0,4,1,1,0,0,1,12,4,18,0,18,4.5,0.25,,player.fcgi?id=spring000tom
Andrew Vail*,19,2020,Missouri,SEC,1,0,1,5.06,4,0,,0,0,0,5.1,5,4,3,1,6,0,4,1,0,0,28,2.063,8.4,1.7,10.1,6.8,0.67,,player.fcgi?id=vail--000and
Lukas Veinbergs,23,2020,Missouri,SEC,0,1,0,3,7,0,,0,0,0,18,18,8,6,1,4,1,14,0,0,6,72,1.222,9,0.5,2,7,3.5,,player.fcgi?id=veinbe000luk
Shane Wilhelm,19,2020,Missouri,SEC,1,0,1,5.23,4,1,,0,0,0,10.1,8,6,6,1,7,1,5,0,0,2,47,1.452,7,0.9,6.1,4.4,0.71,,player.fcgi?id=wilhel000sha
Konnor Ash,22,2021,Missouri,SEC,1,3,0.25,6.28,14,2,,0,0,0,28.2,35,21,20,2,20,0,32,2,1,4,140,1.919,11,0.6,6.3,10,1.6,,player.fcgi?id=ash---000kon
Drew Garrett,21,2021,Missouri,SEC,0,0,,8.71,8,0,,0,0,0,10.1,11,11,10,1,15,0,9,0,0,5,57,2.516,9.6,0.9,13.1,7.8,0.6,,player.fcgi?id=garret000dre
Seth Halvorsen,21,2021,Missouri,SEC,4,2,0.667,6,14,14,,0,0,0,72,68,54,48,10,57,0,70,13,0,7,338,1.736,8.5,1.3,7.1,8.8,1.23,,player.fcgi?id=halvor000set
Zach Hise,19,2021,Missouri,SEC,0,7,0,6.98,16,11,,0,0,2,58,69,45,45,10,28,1,47,4,2,6,270,1.672,10.7,1.6,4.3,7.3,1.68,,player.fcgi?id=hise--000zac
Spencer Juergens,24,2021,Missouri,SEC,2,1,0.667,8.56,7,0,,0,0,0,13.2,16,13,13,1,7,0,8,1,0,2,62,1.683,10.5,0.7,4.6,5.3,1.14,,player.fcgi?id=juerge000spe
Andrew Keefer,23,2021,Missouri,SEC,0,0,,0,1,0,,0,0,0,1,1,0,0,0,0,0,2,0,0,0,4,1,9,0,0,18,,,player.fcgi?id=keefer000and
Jacob Kush,22,2021,Missouri,SEC,2,3,0.4,5.1,13,2,,0,0,0,30,28,21,17,2,17,0,34,4,1,2,141,1.5,8.4,0.6,5.1,10.2,2,,player.fcgi?id=kush--000jac
Jackson Lancaster*,22,2021,Missouri,SEC,1,0,1,2.45,10,0,,0,0,0,7.1,6,3,2,0,10,0,12,0,0,0,39,2.182,7.4,0,12.3,14.7,1.2,,player.fcgi?id=lancas001jac
Ian Lohse*,19,2021,Missouri,SEC,1,2,0.333,3.27,9,0,,0,0,2,22,12,10,8,1,12,1,31,3,0,1,92,1.091,4.9,0.4,4.9,12.7,2.58,,player.fcgi?id=lohse-000ian
Brenner Maloney*,20,2021,Missouri,SEC,0,0,,27,4,0,,0,0,0,3,5,9,9,1,5,0,2,1,0,1,20,3.333,15,3,15,6,0.4,,player.fcgi?id=malone001bre
Spencer Miles,20,2021,Missouri,SEC,2,6,0.25,7.01,16,10,,0,0,1,60.1,76,52,47,6,22,0,44,3,1,2,284,1.624,11.3,0.9,3.3,6.6,2,,player.fcgi?id=miles-000spe
Ben Pedersen,20,2021,Missouri,SEC,1,1,0.5,8.1,7,0,,0,0,0,10,13,9,9,1,7,0,5,1,0,2,51,2,11.7,0.9,6.3,4.5,0.71,,player.fcgi?id=peders000ben
Cam Pferrer,22,2021,Missouri,SEC,0,0,,9.26,11,0,,0,0,0,11.2,10,12,12,0,16,0,6,2,0,1,61,2.229,7.7,0,12.3,4.6,0.38,,player.fcgi?id=pferre000cam
Holden Phelps,19,2021,Missouri,SEC,0,1,0,9.95,10,1,,0,0,0,12.2,21,15,14,1,6,0,12,2,0,2,68,2.132,14.9,0.7,4.3,8.5,2,,player.fcgi?id=phelps000hol
Trae Robertson*,21,2021,Missouri,SEC,0,3,0,12.09,11,3,,0,0,0,22.1,31,31,30,3,27,0,25,2,1,4,127,2.597,12.5,1.2,10.9,10.1,0.93,,player.fcgi?id=robert005tra
Jared Simpson*,21,2021,Missouri,SEC,0,0,,22.95,6,1,,0,0,0,6.2,15,18,17,2,10,0,6,5,0,0,47,3.75,20.3,2.7,13.5,8.1,0.6,,player.fcgi?id=simpso000jar
Tommy Springer,20,2021,Missouri,SEC,0,0,,inf,2,0,,0,0,0,0,0,1,1,0,2,0,0,0,0,0,2,,,,,,0,,player.fcgi?id=spring000tom
Austin Troesser,19,2021,Missouri,SEC,0,0,,27,2,0,,0,0,0,2.1,5,7,7,0,2,0,1,1,0,1,15,3,19.3,0,7.7,3.9,0.5,,player.fcgi?id=troess000aus
Andrew Vail*,20,2021,Missouri,SEC,0,2,0,7.23,9,4,,0,0,0,18.2,17,17,15,5,26,0,24,4,0,1,100,2.304,8.2,2.4,12.5,11.6,0.92,,player.fcgi?id=vail--000and
Lukas Veinbergs,24,2021,Missouri,SEC,1,4,0.2,5.62,21,3,,0,0,1,41.2,53,35,26,2,26,1,41,4,0,8,207,1.896,11.4,0.4,5.6,8.9,1.58,,player.fcgi?id=veinbe000luk
Shane Wilhelm,20,2021,Missouri,SEC,0,0,,10.8,3,0,,0,0,0,1.2,0,2,2,0,4,0,0,0,0,0,9,2.4,0,0,21.6,0,0,,player.fcgi?id=wilhel000sha
Ty Wilmsmeyer,21,2021,Missouri,SEC,0,0,,0,3,0,,0,0,0,3.1,2,0,0,0,0,0,2,1,0,0,13,0.6,5.4,0,0,5.4,,,player.fcgi?id=wilmsm000ty-
Kyle Brown?,--,2022,Missouri,SEC,0,0,,5.65,12,0,,0,0,0,14.1,17,9,9,2,3,0,7,1,0,0,59,1.395,10.7,1.3,1.9,4.4,2.33,,player.fcgi?id=brown-011kyl
Austin Cheeley,23,2022,Missouri,SEC,1,1,0.5,6.18,23,0,,0,0,5,27.2,35,21,19,4,12,0,21,1,0,3,131,1.699,11.4,1.3,3.9,6.8,1.75,,player.fcgi?id=cheele000aus
Drew Garrett,22,2022,Missouri,SEC,0,0,,9.64,4,1,,0,0,0,4.2,5,7,5,0,7,0,6,1,0,6,28,2.571,9.6,0,13.5,11.6,0.86,,player.fcgi?id=garret000dre
Jacob Kush,23,2022,Missouri,SEC,3,0,1,8.57,12,1,,0,0,0,21,22,20,20,7,15,0,19,1,0,2,99,1.762,9.4,3,6.4,8.1,1.27,,player.fcgi?id=kush--000jac
Nathan Landry*,23,2022,Missouri,SEC,4,2,0.667,3.67,15,4,,0,0,1,41.2,31,20,17,9,7,0,54,4,0,2,167,0.912,6.7,1.9,1.5,11.7,7.71,,player.fcgi?id=landry000nat
Ian Lohse*,20,2022,Missouri,SEC,2,2,0.5,3.8,17,0,,0,0,3,23.2,14,11,10,1,17,0,31,3,0,1,103,1.31,5.3,0.4,6.5,11.8,1.82,,player.fcgi?id=lohse-000ian
Brenner Maloney*,21,2022,Missouri,SEC,0,0,,0,1,0,,0,0,0,0.2,0,1,0,0,2,0,2,0,0,0,5,3,0,0,27,27,1,,player.fcgi?id=malone001bre
Austin Marozas,23,2022,Missouri,SEC,1,4,0.2,8.52,12,9,,0,0,1,43.1,55,44,41,10,22,0,33,7,0,4,213,1.777,11.4,2.1,4.6,6.9,1.5,,player.fcgi?id=maroza000aus
Spencer Miles,21,2022,Missouri,SEC,5,5,0.5,6.2,13,13,,0,0,0,69.2,90,49,48,9,23,0,67,7,0,1,317,1.622,11.6,1.2,3,8.7,2.91,,player.fcgi?id=miles-000spe
Tony Neubeck*,19,2022,Missouri,SEC,3,3,0.5,5.63,15,9,,0,0,0,54.1,52,40,34,15,29,0,60,6,1,2,253,1.491,8.6,2.5,4.8,9.9,2.07,,player.fcgi?id=neubec000ton
Holden Phelps,20,2022,Missouri,SEC,1,0,1,4.05,6,1,,0,0,0,6.2,8,5,3,3,8,0,10,1,0,0,38,2.4,10.8,4.1,10.8,13.5,1.25,,player.fcgi?id=phelps000hol
Kyle Potthoff,21,2022,Missouri,SEC,0,0,,5.4,5,0,,0,0,2,10,11,6,6,1,2,0,9,0,0,0,43,1.3,9.9,0.9,1.8,8.1,4.5,,player.fcgi?id=pottho000kyl
Trae Robertson*,22,2022,Missouri,SEC,0,0,,5.11,10,0,,0,0,0,12.1,13,7,7,1,6,0,12,4,0,0,58,1.541,9.5,0.7,4.4,8.8,2,,player.fcgi?id=robert005tra
Carter Rustad,21,2022,Missouri,SEC,3,2,0.6,4.73,16,3,,0,0,1,51.1,50,29,27,5,15,0,42,5,0,3,219,1.266,8.8,0.9,2.6,7.4,2.8,,player.fcgi?id=rustad000car
Austin Troesser,20,2022,Missouri,SEC,3,2,0.6,3.64,13,7,,0,0,0,29.2,25,12,12,5,17,1,22,2,2,5,132,1.416,7.6,1.5,5.2,6.7,1.29,,player.fcgi?id=troess000aus
Chris Wall*,24,2022,Missouri,SEC,2,2,0.5,4.78,17,3,,0,0,0,26.1,24,19,14,3,23,1,33,2,0,2,128,1.785,8.2,1,7.9,11.3,1.43,,player.fcgi?id=wall--001chr
Shane Wilhelm,21,2022,Missouri,SEC,0,0,,0,1,0,,0,0,0,1,1,1,0,0,1,0,0,0,0,0,5,2,9,0,9,0,0,,player.fcgi?id=wilhel000sha
JC Colon,20,2023,Missouri,SEC,0,0,,,1,0,,0,0,0,0,1,0,0,0,0,0,0,0,0,0,1,,,,,,,,player.fcgi?id=colon-001jus
Zach Franklin,24,2023,Missouri,SEC,6,3,0.667,7.45,20,1,,0,0,2,38.2,36,36,32,7,19,0,59,11,1,9,182,1.422,8.4,1.6,4.4,13.7,3.11,,player.fcgi?id=frankl000zac
Jacob Hasty*,22,2023,Missouri,SEC,0,1,0,12.38,11,0,,0,0,0,8,9,12,11,0,16,1,10,4,0,9,53,3.125,10.1,0,18,11.3,0.63,,player.fcgi?id=hasty-000jac
Sam Horn,19,2023,Missouri,SEC,1,0,1,0,2,0,,0,0,0,4.1,3,0,0,0,3,0,6,0,0,1,17,1.385,6.2,0,6.2,12.5,2,,player.fcgi?id=horn--004sam
Ian Lohse*,21,2023,Missouri,SEC,0,2,0,4.38,6,6,,0,0,0,12.1,10,7,6,2,11,0,12,2,0,1,59,1.703,7.3,1.5,8,8.8,1.09,,player.fcgi?id=lohse-000ian
Brock Lucas,19,2023,Missouri,SEC,4,1,0.8,6.26,18,1,,0,0,0,27.1,31,19,19,5,13,0,23,4,1,5,128,1.61,10.2,1.6,4.3,7.6,1.77,,player.fcgi?id=lucas-002bro
Logan Lunceford,19,2023,Missouri,SEC,3,5,0.375,6,13,11,,0,0,1,54,45,37,36,12,32,0,68,4,1,4,239,1.426,7.5,2,5.3,11.3,2.13,,player.fcgi?id=luncef000log
Rorik Maltrud,23,2023,Missouri,SEC,1,2,0.333,5.73,20,6,,0,0,1,48.2,48,33,31,6,17,0,65,8,1,8,217,1.336,8.9,1.1,3.1,12,3.82,,player.fcgi?id=maltru000ror
Chandler Murphy,22,2023,Missouri,SEC,4,5,0.444,5.47,14,14,,1,0,0,74,68,49,45,19,32,0,63,7,0,5,326,1.351,8.3,2.3,3.9,7.7,1.97,,player.fcgi?id=murphy007cha
Tony Neubeck*,20,2023,Missouri,SEC,1,0,1,3.86,6,1,,0,0,1,18.2,10,8,8,2,7,0,28,2,0,1,77,0.911,4.8,1,3.4,13.5,4,,player.fcgi?id=neubec000ton
Carlos Pena,19,2023,Missouri,SEC,0,0,,inf,1,0,,0,0,0,0,2,2,2,0,0,0,0,1,0,0,3,,,,,,,,player.fcgi?id=pena--016car
Javyn Pimental*,21,2023,Missouri,SEC,1,1,0.5,6.92,9,8,,0,0,0,26,27,23,20,3,13,0,25,6,0,0,121,1.538,9.3,1,4.5,8.7,1.92,,player.fcgi?id=piment001jav
Kyle Potthoff,22,2023,Missouri,SEC,1,0,1,6.48,16,0,,0,0,0,33.1,46,26,24,10,11,0,29,3,0,0,159,1.71,12.4,2.7,3,7.8,2.64,,player.fcgi?id=pottho000kyl
Carter Rustad,22,2023,Missouri,SEC,0,0,,0,1,0,,0,0,0,1,1,1,0,0,0,0,1,0,0,0,5,1,9,0,0,9,,,player.fcgi?id=rustad000car
Nic Smith*,20,2023,Missouri,SEC,1,0,1,5.27,15,3,,0,0,0,27.1,34,19,16,1,15,0,17,1,2,9,131,1.793,11.2,0.3,4.9,5.6,1.13,,player.fcgi?id=smith-021nic
Austin Troesser,21,2023,Missouri,SEC,5,3,0.625,4.73,22,3,,0,0,1,45.2,38,25,24,7,17,0,53,4,0,4,190,1.204,7.5,1.4,3.4,10.4,3.12,,player.fcgi?id=troess000aus
Ty Wilmsmeyer,23,2023,Missouri,SEC,0,1,0,3.52,4,0,,0,0,0,7.2,7,3,3,1,6,1,4,0,0,0,36,1.696,8.2,1.2,7,4.7,0.67,,player.fcgi?id=wilmsm000ty-
Daniel Wissler*,19,2023,Missouri,SEC,2,0,1,8.59,20,0,,0,0,1,22,26,23,21,7,18,0,21,0,0,2,111,2,10.6,2.9,7.4,8.6,1.17,,player.fcgi?id=wissle000dan
Miles Garrett,23,2024,Missouri,SEC,0,0,,inf,1,0,,0,0,0,0,0,4,4,0,4,0,0,0,0,1,4,,,,,,0,,player.fcgi?id=garret000mil
Kaden Jacobi,21,2024,Missouri,SEC,1,0,1,7,10,1,,0,0,0,18,24,14,14,3,5,0,16,3,0,3,84,1.611,12,1.5,2.5,8,3.2,,player.fcgi?id=jacobi000kad
Ian Lohse*,22,2024,Missouri,SEC,0,4,0,5.22,16,2,,0,0,1,29.1,30,21,17,4,11,0,31,4,0,3,134,1.398,9.2,1.2,3.4,9.5,2.82,,player.fcgi?id=lohse-000ian
Xavier Lovett,23,2024,Missouri,SEC,0,0,,13.5,3,0,,0,0,0,2.2,4,8,4,1,7,0,2,1,0,0,19,4.125,13.5,3.4,23.6,6.8,0.29,,player.fcgi?id=lovett000xav
Brock Lucas,20,2024,Missouri,SEC,4,0,1,3.63,18,0,,0,0,1,39.2,32,18,16,3,23,1,32,5,0,3,179,1.387,7.3,0.7,5.2,7.3,1.39,,player.fcgi?id=lucas-002bro
Logan Lunceford,20,2024,Missouri,SEC,2,5,0.286,6.97,14,13,,0,0,0,60.2,73,52,47,14,26,0,53,11,1,9,288,1.632,10.8,2.1,3.9,7.9,2.04,,player.fcgi?id=luncef000log
Ryan Magdic*,24,2024,Missouri,SEC,1,3,0.25,4.63,14,4,,0,0,2,35,30,18,18,6,11,1,37,3,1,4,150,1.171,7.7,1.5,2.8,9.5,3.36,,player.fcgi?id=magdic000rya
Bryce Mayer,22,2024,Missouri,SEC,2,7,0.222,6.58,17,7,,0,0,1,53.1,54,42,39,11,23,1,57,10,0,3,246,1.444,9.1,1.9,3.9,9.6,2.48,,player.fcgi?id=mayer-000bry
Josh McDevitt,20,2024,Missouri,SEC,0,1,0,11.12,8,3,,0,0,0,11.1,16,15,14,2,8,0,13,5,0,3,61,2.118,12.7,1.6,6.4,10.3,1.63,,player.fcgi?id=mcdevi000jos
Charlie Miller,19,2024,Missouri,SEC,0,0,,5.91,12,0,,0,0,0,10.2,11,7,7,2,11,0,12,3,0,4,53,2.063,9.3,1.7,9.3,10.1,1.09,,player.fcgi?id=miller040cha
Jacob Peaden,23,2024,Missouri,SEC,3,1,0.75,5.3,20,0,,0,0,3,37.1,42,32,22,8,22,0,33,9,1,2,186,1.714,10.1,1.9,5.3,8,1.5,,player.fcgi?id=peaden000jac
Ben Pedersen,23,2024,Missouri,SEC,0,0,,7.27,10,0,,0,0,1,8.2,10,7,7,1,8,0,8,2,1,2,46,2.077,10.4,1,8.3,8.3,1,,player.fcgi?id=peders000ben
Javyn Pimental*,22,2024,Missouri,SEC,2,2,0.5,3.61,11,10,,0,0,0,42.1,31,18,17,2,15,0,46,12,1,1,182,1.087,6.6,0.4,3.2,9.8,3.07,,player.fcgi?id=piment001jav
Victor Quinn,21,2024,Missouri,SEC,0,1,0,4.11,14,0,,0,0,0,15.1,11,8,7,1,18,0,17,5,0,2,77,1.891,6.5,0.6,10.6,10,0.94,,player.fcgi?id=quinn-000vic
Carter Rustad,23,2024,Missouri,SEC,5,6,0.455,6.37,14,8,,0,0,0,65,72,53,46,14,10,2,58,14,0,3,292,1.262,10,1.9,1.4,8,5.8,,player.fcgi?id=rustad000car
Ben Smith,19,2024,Missouri,SEC,0,0,,6,2,0,,0,0,0,3,2,2,2,1,2,0,3,1,0,0,14,1.333,6,3,6,9,1.5,,player.fcgi?id=smith-029ben
Nic Smith*,21,2024,Missouri,SEC,0,1,0,10.8,8,0,,0,0,0,6.2,11,8,8,1,9,0,4,1,0,6,40,3,14.9,1.4,12.2,5.4,0.44,,player.fcgi?id=smith-021nic
Daniel Wissler*,20,2024,Missouri,SEC,3,1,0.75,4.38,13,7,,0,0,0,37,40,21,18,6,7,0,37,2,0,5,160,1.27,9.7,1.5,1.7,9,5.29,,player.fcgi?id=wissle000dan
Victor Christal,19,2025,Missouri,SEC,0,0,,15.83,8,1,,0,0,0,9.2,16,18,17,1,14,0,11,5,0,3,65,3.103,14.9,0.9,13,10.2,0.79,,player.fcgi?id=christ002vic
Kadden Drew*,21,2025,Missouri,SEC,3,1,0.75,6.09,11,6,,0,0,0,34,42,26,23,8,13,0,26,7,1,2,162,1.618,11.1,2.1,3.4,6.9,2,,player.fcgi?id=drew--000kad
PJ Green,20,2025,Missouri,SEC,1,3,0.25,6.49,18,0,,0,0,1,26.1,28,19,19,6,26,0,15,5,0,2,130,2.051,9.6,2.1,8.9,5.1,0.58,,player.fcgi?id=green-000pj-
Sam Horn,21,2025,Missouri,SEC,0,1,0,4.22,5,5,,0,0,0,10.2,7,5,5,2,8,0,14,3,0,0,49,1.406,5.9,1.7,6.8,11.8,1.75,,player.fcgi?id=horn--004sam
Kaden Jacobi,22,2025,Missouri,SEC,2,6,0.25,10.03,17,5,,0,0,0,46.2,65,55,52,9,24,0,51,11,0,3,235,1.907,12.5,1.7,4.6,9.8,2.13,,player.fcgi?id=jacobi000kad
Brady Kehlenbrink*,19,2025,Missouri,SEC,0,5,0,10.06,14,9,,0,0,0,34,42,40,38,15,19,1,40,13,1,2,174,1.794,11.1,4,5,10.6,2.11,,player.fcgi?id=kehlen000bra
Josh Kirchhoff,21,2025,Missouri,SEC,2,1,0.667,23.14,11,1,,0,0,0,11.2,23,32,30,5,18,0,10,5,0,4,84,3.514,17.7,3.9,13.9,7.7,0.56,,player.fcgi?id=kirchh000jos
Wil Libbert*,20,2025,Missouri,SEC,3,4,0.429,6.04,14,11,,0,0,0,53.2,55,41,36,6,33,0,55,5,0,3,255,1.64,9.2,1,5.5,9.2,1.67,,player.fcgi?id=libber000wil
Ian Lohse*,23,2025,Missouri,SEC,0,4,0,6.48,11,7,,0,0,0,33.1,32,29,24,8,14,1,42,7,1,0,155,1.38,8.6,2.2,3.8,11.3,3,,player.fcgi?id=lohse-000ian
Xavier Lovett,24,2025,Missouri,SEC,2,2,0.5,6.31,20,0,,0,0,2,45.2,49,33,32,6,22,1,34,11,1,8,218,1.555,9.7,1.2,4.3,6.7,1.55,,player.fcgi?id=lovett000xav
Brock Lucas,21,2025,Missouri,SEC,1,4,0.2,8.94,22,2,,0,0,1,50.1,69,55,50,15,31,0,55,4,0,6,253,1.987,12.3,2.7,5.5,9.8,1.77,,player.fcgi?id=lucas-002bro
Seth McCartney,22,2025,Missouri,SEC,0,0,,23.73,10,0,,0,0,0,11,27,29,29,2,12,0,12,9,0,3,79,3.545,22.1,1.6,9.8,9.8,1,,player.fcgi?id=mccart000set
Josh McDevitt,21,2025,Missouri,SEC,0,2,0,9.53,7,2,,0,0,1,11.1,15,12,12,3,4,0,14,2,0,0,53,1.676,11.9,2.4,3.2,11.1,3.5,,player.fcgi?id=mcdevi000jos
Jaylen Merchant,21,2025,Missouri,SEC,0,0,,54,4,0,,0,0,0,1.1,4,9,8,0,7,0,1,1,0,1,16,8.25,27,0,47.3,6.8,0.14,,player.fcgi?id=mercha000jay
Tony Neubeck*,22,2025,Missouri,SEC,1,5,0.167,16.62,10,4,,0,0,0,17.1,36,35,32,9,16,0,15,4,0,4,106,3,18.7,4.7,8.3,7.8,0.94,,player.fcgi?id=neubec000ton
Cayden Nicoletto*,23,2025,Missouri,SEC,0,0,,14.73,6,0,,0,0,0,3.2,8,7,6,1,3,0,2,1,0,0,23,3,19.6,2.5,7.4,4.9,0.67,,player.fcgi?id=nicole000cay
Ben Smith,20,2025,Missouri,SEC,0,0,,9.45,23,0,,0,0,0,26.2,44,32,28,6,15,0,32,5,1,2,146,2.213,14.9,2,5.1,10.8,2.13,,player.fcgi?id=smith-029ben
Nic Smith*,22,2025,Missouri,SEC,0,0,,2.45,5,0,,0,0,0,3.2,3,1,1,0,1,0,2,2,0,0,15,1.091,7.4,0,2.5,4.9,2,,player.fcgi?id=smith-021nic
James Vaughn,23,2025,Missouri,SEC,1,1,0.5,9.22,14,0,,0,0,0,13.2,24,16,14,1,10,1,20,1,0,1,77,2.488,15.8,0.7,6.6,13.2,2,,player.fcgi?id=vaughn003jam
Daniel Wissler*,21,2025,Missouri,SEC,0,0,,4.91,2,2,,0,0,0,3.2,3,2,2,0,0,0,3,2,0,0,16,0.818,7.4,0,0,7.4,,,player.fcgi?id=wissle000dan
Dane Bjorn*,21,2026,Missouri,SEC,0,1,0,4.41,11,1,,0,0,0,16.1,16,9,8,3,11,0,18,2,0,0,75,1.653,8.8,1.7,6.1,9.9,1.64,,player.fcgi?id=bjorn-000dan
JD Dohrmann,--,2026,Missouri,SEC,2,1,0.667,4.18,7,5,,0,0,0,23.2,18,12,11,2,15,0,20,2,2,0,103,1.394,6.8,0.8,5.7,7.6,1.33,,player.fcgi?id=dohrma000jd-
Kadden Drew*,22,2026,Missouri,SEC,0,1,0,8.44,12,0,,0,0,0,10.2,15,10,10,2,7,0,5,3,1,1,56,2.063,12.7,1.7,5.9,4.2,0.71,,player.fcgi?id=drew--000kad
Luke Fricker,22,2026,Missouri,SEC,0,0,,9.39,10,0,,0,0,0,7.2,12,10,8,1,10,0,7,3,1,2,47,2.87,14.1,1.2,11.7,8.2,0.7,,player.fcgi?id=fricke000luk
Keyler Gonzalez,--,2026,Missouri,SEC,3,1,0.75,5.02,11,3,,0,0,0,28.2,30,16,16,4,13,0,36,6,1,6,134,1.5,9.4,1.3,4.1,11.3,2.77,,player.fcgi?id=gonzal000key
PJ Green,21,2026,Missouri,SEC,1,0,1,6.59,9,2,,0,0,0,13.2,15,15,10,5,17,0,12,2,0,3,73,2.341,9.9,3.3,11.2,7.9,0.71,,player.fcgi?id=green-000pj-
Brady Kehlenbrink*,20,2026,Missouri,SEC,3,10,0.231,6.42,15,15,,0,0,0,74.1,77,59,53,13,24,0,100,4,2,2,325,1.359,9.3,1.6,2.9,12.1,4.17,,player.fcgi?id=kehlen000bra
Keagen Kohlhoff,19,2026,Missouri,SEC,0,0,,6.23,4,0,,0,0,0,4.1,2,3,3,0,9,0,7,1,0,2,23,2.538,4.2,0,18.7,14.5,0.78,,player.fcgi?id=kohlho000kea
Trey Lawrence,20,2026,Missouri,SEC,2,2,0.5,5.92,15,0,,0,0,1,24.1,23,17,16,5,15,0,28,3,0,3,109,1.562,8.5,1.8,5.5,10.4,1.87,,player.fcgi?id=lawren002tre
Ian Lohse*,24,2026,Missouri,SEC,0,0,,12.79,14,0,,0,0,4,12.2,15,18,18,5,13,1,21,2,0,0,65,2.211,10.7,3.6,9.2,14.9,1.62,,player.fcgi?id=lohse-000ian
Josh McDevitt,22,2026,Missouri,SEC,3,5,0.375,4.42,15,15,,0,0,0,79.1,61,46,39,11,39,0,102,10,0,7,345,1.261,6.9,1.2,4.4,11.6,2.62,,player.fcgi?id=mcdevi000jos
Kadin Muckley,23,2026,Missouri,SEC,0,0,,81,1,0,,0,0,0,0.1,3,3,3,0,2,0,0,0,0,0,6,15,81,0,54,0,0,,player.fcgi?id=muckle000kad
Javyn Pimental*,24,2026,Missouri,SEC,2,1,0.667,4.45,7,7,,0,0,0,28.1,22,15,14,3,15,0,25,4,0,1,120,1.306,7,1,4.8,7.9,1.67,,player.fcgi?id=piment001jav
Sam Rosand,--,2026,Missouri,SEC,1,3,0.25,5.4,21,2,,0,0,3,31.2,34,21,19,6,10,2,30,4,0,2,141,1.389,9.7,1.7,2.8,8.5,3,,player.fcgi?id=rosand000sam
Isaiah Salas*,18,2026,Missouri,SEC,1,0,1,5.79,18,0,,0,0,0,18.2,18,14,12,2,12,0,19,2,0,3,88,1.607,8.7,1,5.8,9.2,1.58,,player.fcgi?id=salas-002isa
Eli Skidmore,--,2026,Missouri,SEC,3,0,1,4.39,20,0,,0,0,1,26.2,26,14,13,3,20,1,33,6,0,4,128,1.725,8.8,1,6.8,11.1,1.65,,player.fcgi?id=skidmo000eli
Jackson Sobel*,21,2026,Missouri,SEC,1,1,0.5,13.97,9,1,,0,0,0,9.2,9,15,15,3,15,0,8,4,0,8,56,2.483,8.4,2.8,14,7.4,0.53,,player.fcgi?id=sobel-000jac
Luke Sullivan,--,2026,Missouri,SEC,0,3,0,5.93,10,4,,0,0,0,27.1,30,24,18,7,7,0,22,2,0,2,122,1.354,9.9,2.3,2.3,7.2,3.14,,player.fcgi?id=sulliv002luk
Juan Villarreal*,22,2026,Missouri,SEC,2,2,0.5,5.06,20,0,,0,0,0,26.2,20,21,15,5,20,0,27,6,2,2,127,1.5,6.8,1.7,6.8,9.1,1.35,,player.fcgi?id=villar004jua