Name,Age,Season,Team,Conference,G,PA,AB,R,H,2B,3B,HR,RBI,SB,CS,BB,SO,BA,OBP,SLG,OPS,TB,GDP,HBP,SH,SF,IBB,Notes,Name-additional,,,
Henry Allen,20,2026,Georgia,SEC,46,194,156,42,50,10,0,13,41,3,0,28,39,0.321,0.443,0.635,1.078,99,5,8,0,2,0,,player.fcgi?id=allen-000hen,,,
Jack Arcamone*,21,2026,Georgia,SEC,35,100,86,18,26,2,0,4,21,1,0,10,26,0.302,0.38,0.465,0.845,40,0,2,0,2,0,,player.fcgi?id=arcamo000jac,,,
Ryan Black*,22,2026,Georgia,SEC,60,232,190,42,57,10,1,9,34,5,1,31,50,0.3,0.418,0.505,0.923,96,4,9,0,2,0,,player.fcgi?id=black-004rya,,,
Kolby Branch,23,2026,Georgia,SEC,67,280,234,57,68,19,0,20,60,4,0,40,72,0.291,0.394,0.628,1.023,147,5,2,1,3,0,,player.fcgi?id=branch000kol,,,
Bryce Calloway,23,2026,Georgia,SEC,31,79,59,12,13,1,0,4,17,0,0,15,17,0.22,0.418,0.441,0.858,26,2,5,0,0,0,,player.fcgi?id=callow000bry,,,
Brennan Hudson*,22,2026,Georgia,SEC,56,223,163,52,48,5,0,22,51,0,0,39,46,0.295,0.466,0.73,1.197,119,0,17,0,4,2,,player.fcgi?id=hudson000bre,,,
Kenny Ishikawa*,22,2026,Georgia,SEC,48,160,125,36,42,6,1,3,21,4,1,28,11,0.336,0.475,0.472,0.947,59,2,5,2,0,0,,player.fcgi?id=ishika000ken,,,
Daniel Jackson,21,2026,Georgia,SEC,67,319,264,88,100,14,1,32,87,26,2,44,64,0.379,0.473,0.803,1.276,212,6,7,0,4,2,,player.fcgi?id=jackso015dan,,,
Cole Johnson*,19,2026,Georgia,SEC,33,80,71,16,22,7,0,2,13,1,0,6,16,0.31,0.388,0.493,0.881,35,1,3,0,0,0,,player.fcgi?id=johnso028col,,,
Cole Koniarsky,23,2026,Georgia,SEC,22,34,30,5,9,1,0,1,4,0,0,2,5,0.3,0.353,0.433,0.786,13,2,1,0,1,0,,player.fcgi?id=koniar000col,,,
Rylan Lujo,21,2026,Georgia,SEC,60,255,221,59,79,16,1,14,49,13,1,19,22,0.358,0.428,0.629,1.057,139,0,11,0,4,2,,player.fcgi?id=lujo--000ryl,,,
Scott Newman,22,2026,Georgia,SEC,36,21,15,7,2,0,0,0,2,0,0,5,3,0.133,0.381,0.133,0.514,2,1,1,0,0,0,,player.fcgi?id=newman000sco,,,
Michael O'Shaughnessy*,22,2026,Georgia,SEC,54,197,163,35,47,3,0,20,55,0,0,20,63,0.288,0.396,0.675,1.071,110,3,11,0,3,0,,player.fcgi?id=oshaug000mic,,,
Jordy Oriach*,23,2026,Georgia,SEC,41,138,111,19,33,6,0,7,28,0,0,20,20,0.297,0.428,0.541,0.968,60,2,6,0,1,1,,player.fcgi?id=oriach000jor,,,
Ty Peeples*,19,2026,Georgia,SEC,32,25,17,9,5,2,0,0,3,3,0,6,6,0.294,0.52,0.412,0.932,7,0,2,0,0,0,,player.fcgi?id=peeple000ty-,,,
Tre Phelps,22,2026,Georgia,SEC,65,312,250,81,87,11,1,19,59,8,0,24,47,0.348,0.468,0.628,1.096,157,2,35,0,3,0,,player.fcgi?id=phelps000tre,,,
TL Saxon,22,2026,Georgia,SEC,3,3,3,0,0,0,0,0,0,0,0,0,1,0,0,0,0,0,0,0,0,0,0,,player.fcgi?id=saxon-001tho,,,
Alexander Sifford,21,2026,Georgia,SEC,5,3,2,0,0,0,0,0,1,0,0,0,2,0,0.333,0,0.333,0,0,1,0,0,0,,player.fcgi?id=siffor000ale,,,
Ryan Wynn,21,2026,Georgia,SEC,50,146,130,32,42,14,0,9,37,4,1,9,30,0.323,0.377,0.639,1.015,83,1,4,0,3,0,,player.fcgi?id=wynn--001rya,,,
Christian Adams*,23,2025,Georgia,SEC,42,145,123,24,36,7,1,7,23,0,0,18,38,0.293,0.4,0.537,0.937,66,1,4,0,0,0,,player.fcgi?id=adams-008chr,,,
Slate Alford,22,2025,Georgia,SEC,60,293,242,71,80,16,2,19,63,2,0,39,50,0.331,0.44,0.649,1.089,157,8,10,0,2,1,,player.fcgi?id=alford000sla,,,
Ryan Black*,21,2025,Georgia,SEC,38,143,116,23,32,5,0,7,18,3,0,14,22,0.276,0.39,0.5,0.89,58,1,9,2,2,1,,player.fcgi?id=black-004rya,,,
Kolby Branch,22,2025,Georgia,SEC,60,256,218,46,66,10,1,13,41,6,1,33,76,0.303,0.398,0.537,0.935,117,4,3,0,2,0,,player.fcgi?id=branch000kol,,,
Cade Brown,20,2025,Georgia,SEC,16,37,35,3,6,2,0,1,5,0,0,2,10,0.171,0.216,0.314,0.531,11,0,0,0,0,0,,player.fcgi?id=brown-003cad,,,
Robbie Burnett*,22,2025,Georgia,SEC,56,256,192,62,59,12,1,20,66,17,4,42,52,0.307,0.477,0.693,1.169,133,3,21,0,1,0,,player.fcgi?id=burnet000rob,,,
Bryce Clavon,19,2025,Georgia,SEC,27,19,15,10,5,1,1,1,2,2,0,2,7,0.333,0.474,0.733,1.207,11,0,2,0,0,0,,player.fcgi?id=clavon000bry,,,
Brennan Hudson*,21,2025,Georgia,SEC,26,46,32,8,7,4,0,3,13,0,0,6,17,0.219,0.457,0.625,1.082,20,0,8,0,0,0,,player.fcgi?id=hudson000bre,,,
Henry Hunter*,22,2025,Georgia,SEC,53,210,173,35,41,9,0,11,28,1,1,25,57,0.237,0.371,0.48,0.851,83,1,12,0,0,0,,player.fcgi?id=hunter000hen,,,
Daniel Jackson,20,2025,Georgia,SEC,45,148,121,28,29,3,0,14,36,12,0,19,44,0.24,0.365,0.612,0.977,74,4,6,0,2,0,,player.fcgi?id=jackso015dan,,,
Charlie Jones,22,2025,Georgia,SEC,9,15,13,1,4,0,0,0,0,0,0,1,6,0.308,0.4,0.308,0.708,4,0,1,0,0,0,,player.fcgi?id=jones-044cha,,,
Trey King*,20,2025,Georgia,SEC,26,21,18,4,4,0,0,0,0,0,0,1,3,0.222,0.333,0.222,0.556,4,2,2,0,0,0,,player.fcgi?id=king--000tre,,,
Nolan McCarthy,23,2025,Georgia,SEC,59,261,221,56,61,10,1,11,42,8,1,18,43,0.276,0.376,0.48,0.856,106,2,18,3,1,0,,player.fcgi?id=mccart002nol,,,
Devin Obee,21,2025,Georgia,SEC,57,189,145,42,32,5,0,10,33,11,2,34,51,0.221,0.388,0.462,0.85,67,2,7,1,2,0,,player.fcgi?id=obee--000dev,,,
Erik Parker,19,2025,Georgia,SEC,16,6,4,10,1,0,0,0,0,1,0,2,1,0.25,0.5,0.25,0.75,1,0,0,0,0,0,,player.fcgi?id=parker001eri,,,
Tre Phelps,21,2025,Georgia,SEC,50,237,201,45,64,14,1,10,44,4,0,20,44,0.318,0.409,0.547,0.957,110,2,13,0,3,0,,player.fcgi?id=phelps000tre,,,
Ryland Zaborowski,23,2025,Georgia,SEC,45,184,146,41,54,10,0,17,61,0,0,29,40,0.37,0.5,0.788,1.288,115,3,9,0,0,3,,player.fcgi?id=zaboro000ryl,,,
Slate Alford,21,2024,Georgia,SEC,60,300,267,55,80,13,0,17,69,1,0,26,63,0.3,0.37,0.539,0.909,144,8,5,0,2,0,,player.fcgi?id=alford000sla,,,
Kolby Branch,21,2024,Georgia,SEC,59,265,225,49,60,10,0,17,58,2,1,31,51,0.267,0.366,0.538,0.904,121,4,6,0,3,1,,player.fcgi?id=branch000kol,,,
Dillon Carter*,23,2024,Georgia,SEC,35,116,82,34,18,2,0,7,15,2,0,25,32,0.22,0.439,0.5,0.939,41,0,7,2,0,0,,player.fcgi?id=carter000dil,,,
Clayton Chadwick*,23,2024,Georgia,SEC,55,202,160,39,43,16,0,4,26,4,1,28,27,0.269,0.418,0.444,0.862,71,3,13,1,0,0,,player.fcgi?id=chadwi000cla,,,
Corey Collins*,22,2024,Georgia,SEC,52,244,158,55,56,6,0,20,58,0,0,56,32,0.354,0.574,0.772,1.346,122,2,28,0,2,1,,player.fcgi?id=collin000cor,,,
Charlie Condon,21,2024,Georgia,SEC,60,304,231,84,100,20,1,37,78,3,1,57,41,0.433,0.556,1.009,1.565,233,4,12,0,4,28,,player.fcgi?id=condon000cha,,,
Lukas Farris,20,2024,Georgia,SEC,11,20,16,2,2,0,0,1,1,0,0,2,9,0.125,0.3,0.313,0.613,5,1,2,0,0,0,,player.fcgi?id=farris000luk,,,
Dylan Goldstein*,23,2024,Georgia,SEC,52,214,165,49,45,11,1,12,43,0,0,30,34,0.273,0.421,0.57,0.99,94,3,15,0,4,1,,player.fcgi?id=goldst000dyl,,,
Fernando Gonzalez,22,2024,Georgia,SEC,48,200,171,39,50,10,2,9,53,0,0,15,31,0.292,0.364,0.532,0.896,91,2,7,2,5,1,,player.fcgi?id=gonzal008fer,,,
Henry Hunter*,21,2024,Georgia,SEC,30,88,72,20,19,5,0,4,12,1,0,13,23,0.264,0.379,0.5,0.879,36,1,1,1,1,0,,player.fcgi?id=hunter000hen,,,
Logan Jordan,23,2024,Georgia,SEC,32,106,79,10,19,3,0,4,19,0,0,21,26,0.241,0.425,0.43,0.855,34,3,5,0,1,0,,player.fcgi?id=jordan000log,,,
Trey King*,19,2024,Georgia,SEC,17,31,26,10,6,1,0,0,1,0,0,2,5,0.231,0.31,0.269,0.58,7,1,1,2,0,0,,player.fcgi?id=king--000tre,,,
John Marant*,22,2024,Georgia,SEC,11,28,20,7,4,2,0,0,0,0,0,6,9,0.2,0.429,0.3,0.729,6,0,2,0,0,0,,player.fcgi?id=marant000joh,,,
Sebastian Murillo,23,2024,Georgia,SEC,37,107,83,21,21,3,0,2,14,1,0,19,13,0.253,0.396,0.361,0.758,30,2,2,1,2,0,,player.fcgi?id=murill000seb,,,
Tre Phelps,20,2024,Georgia,SEC,42,161,136,34,48,11,0,12,40,2,0,10,15,0.353,0.441,0.699,1.14,95,0,13,0,2,1,,player.fcgi?id=phelps000tre,,,
Josh Stinson,23,2024,Georgia,SEC,26,22,19,6,2,0,0,0,1,2,0,1,7,0.105,0.227,0.105,0.333,2,1,2,0,0,0,,player.fcgi?id=stinso002jos,,,
Paul Toetz,23,2024,Georgia,SEC,48,165,138,30,48,10,1,5,23,4,0,19,32,0.348,0.449,0.544,0.992,75,7,7,0,1,0,,player.fcgi?id=toetz-000pau,,,
Brian Zeldin,23,2024,Georgia,SEC,23,1,1,0,0,0,0,0,0,0,0,0,1,0,0,0,0,0,0,0,0,0,0,,player.fcgi?id=zeldin000bri,,,
Dwight Allen,21,2023,Georgia,SEC,12,14,11,3,3,1,0,0,5,2,0,2,4,0.273,0.429,0.364,0.792,4,0,1,0,0,0,,player.fcgi?id=allen-000dwi,,,
Ben Anderson*,24,2023,Georgia,SEC,55,253,213,49,59,12,3,5,28,8,2,29,60,0.277,0.367,0.432,0.799,92,4,3,5,3,0,,player.fcgi?id=anders007ben,,,
Corey Collins*,21,2023,Georgia,SEC,33,135,105,19,28,5,1,6,20,0,0,21,25,0.267,0.415,0.505,0.92,53,1,7,0,2,0,,player.fcgi?id=collin000cor,,,
Charlie Condon,20,2023,Georgia,SEC,56,254,210,61,81,10,1,25,67,0,0,33,45,0.386,0.484,0.8,1.284,168,6,9,0,2,3,,player.fcgi?id=condon000cha,,,
Will David,19,2023,Georgia,SEC,52,201,176,29,46,15,0,6,24,1,0,18,43,0.261,0.338,0.449,0.787,79,2,4,0,3,0,,player.fcgi?id=david-000wil,,,
Leighton Finley,19,2023,Georgia,SEC,22,2,2,0,0,0,0,0,0,0,0,0,1,0,0,0,0,0,0,0,0,0,0,,player.fcgi?id=finley000lei,,,
Fernando Gonzalez,21,2023,Georgia,SEC,43,170,137,23,32,9,0,6,18,0,0,25,21,0.234,0.369,0.431,0.8,59,5,5,2,1,1,,player.fcgi?id=gonzal008fer,,,
Parks Harber,21,2023,Georgia,SEC,53,234,212,42,60,8,0,18,56,1,0,18,57,0.283,0.342,0.576,0.917,122,3,2,0,2,1,,player.fcgi?id=harber000par,,,
Matthew Hoskins,19,2023,Georgia,SEC,11,1,1,0,1,0,0,0,0,0,0,0,0,1,1,1,2,1,0,0,0,0,0,,player.fcgi?id=hoskin000mat,,,
Mason LaPlante,23,2023,Georgia,SEC,55,222,192,43,54,6,2,4,26,9,0,17,25,0.281,0.358,0.396,0.754,76,2,7,4,2,0,,player.fcgi?id=laplan000mas,,,
Sebastian Murillo,22,2023,Georgia,SEC,54,205,169,28,45,7,0,6,23,2,1,28,52,0.266,0.372,0.414,0.786,70,3,1,6,1,0,,player.fcgi?id=murill000seb,,,
Garrett Spikes*,21,2023,Georgia,SEC,16,30,25,2,4,2,0,0,4,0,0,2,8,0.16,0.267,0.24,0.507,6,0,2,0,1,1,,player.fcgi?id=spikes000gar,,,
Josh Stinson,22,2023,Georgia,SEC,24,35,32,6,6,2,0,1,6,0,0,2,4,0.188,0.257,0.344,0.601,11,2,1,0,0,0,,player.fcgi?id=stinso002jos,,,
Connor Tate,24,2023,Georgia,SEC,56,257,220,59,83,19,0,16,54,7,2,30,45,0.377,0.459,0.682,1.141,150,5,5,0,2,3,,player.fcgi?id=tate--000con,,,
Josh Tate,19,2023,Georgia,SEC,13,25,19,4,4,1,0,1,5,0,0,5,4,0.211,0.4,0.421,0.821,8,0,1,0,0,0,,player.fcgi?id=tate--001jos,,,
Justin Thomas,19,2023,Georgia,SEC,25,40,29,7,3,1,0,1,5,3,1,7,15,0.103,0.35,0.241,0.591,7,1,4,0,0,0,,player.fcgi?id=thomas009jus,,,
Cole Wagner*,20,2023,Georgia,SEC,46,172,150,24,30,7,0,6,23,0,0,16,47,0.2,0.292,0.367,0.659,55,1,4,1,1,2,,player.fcgi?id=wagner003col,,,
Cory Acton*,23,2022,Georgia,SEC,52,220,177,27,47,9,0,5,30,0,1,31,46,0.266,0.395,0.401,0.796,71,2,8,2,2,0,,player.fcgi?id=acton-000cor,,,
Dwight Allen,20,2022,Georgia,SEC,42,48,38,13,5,1,0,1,3,1,0,9,13,0.132,0.298,0.237,0.535,9,0,0,1,0,0,,player.fcgi?id=allen-000dwi,,,
Ben Anderson*,23,2022,Georgia,SEC,57,275,223,57,61,5,4,9,34,9,1,38,45,0.274,0.386,0.453,0.839,101,2,6,3,5,3,,player.fcgi?id=anders007ben,,,
Garrett Blaylock*,24,2022,Georgia,SEC,28,72,57,12,15,5,1,2,17,1,0,10,22,0.263,0.389,0.491,0.88,28,0,3,0,2,0,,player.fcgi?id=blaylo003gar,,,
Corey Collins*,20,2022,Georgia,SEC,57,248,203,42,52,7,0,11,37,0,0,36,68,0.256,0.387,0.453,0.84,92,1,8,0,1,6,,player.fcgi?id=collin000cor,,,
Buddy Floyd#,21,2022,Georgia,SEC,21,31,23,9,6,1,0,0,4,0,0,5,7,0.261,0.419,0.304,0.724,7,0,2,0,1,0,,player.fcgi?id=floyd-000bud,,,
Fernando Gonzalez,20,2022,Georgia,SEC,50,156,132,23,34,8,1,4,22,0,0,20,29,0.258,0.368,0.424,0.792,56,4,3,1,0,0,,player.fcgi?id=gonzal008fer,,,
Parks Harber,20,2022,Georgia,SEC,57,241,218,40,67,5,2,13,53,0,0,18,39,0.307,0.365,0.528,0.893,115,4,3,0,2,0,,player.fcgi?id=harber000par,,,
Randon Jernigan,22,2022,Georgia,SEC,15,9,7,7,2,1,0,0,1,1,0,2,2,0.286,0.444,0.429,0.873,3,0,0,0,0,0,,player.fcgi?id=jernig000ran,,,
Shane Marshall,22,2022,Georgia,SEC,17,15,11,1,1,1,0,0,3,0,0,0,5,0.091,0.231,0.182,0.413,2,0,2,2,0,0,,player.fcgi?id=marsha002sha,,,
Josh McAllister,23,2022,Georgia,SEC,55,230,206,33,57,9,1,6,32,4,1,13,53,0.277,0.321,0.418,0.739,86,4,2,6,3,0,,player.fcgi?id=mcalli002jos,,,
Chaney Rogers*,23,2022,Georgia,SEC,59,219,179,36,49,6,2,5,39,1,1,31,57,0.274,0.387,0.413,0.801,74,1,4,2,3,1,,player.fcgi?id=rogers008cha,,,
Garrett Spikes*,20,2022,Georgia,SEC,18,44,39,3,10,3,0,0,6,0,0,3,8,0.256,0.318,0.333,0.652,13,2,1,0,1,0,,player.fcgi?id=spikes000gar,,,
Cole Tate,23,2022,Georgia,SEC,42,189,167,37,60,7,2,6,30,0,0,20,48,0.359,0.429,0.533,0.962,89,2,1,0,1,0,,player.fcgi?id=tate--000col,,,
Connor Tate,23,2022,Georgia,SEC,59,266,223,54,77,19,1,13,58,3,0,33,56,0.345,0.436,0.614,1.05,137,6,6,0,4,3,,player.fcgi?id=tate--000con,,,
Dylan Taylor?,--,2022,Georgia,SEC,7,12,11,4,4,0,0,0,2,0,0,1,3,0.364,0.417,0.364,0.78,4,0,0,0,0,0,,player.fcgi?id=taylor001dyl,,,
Cole Wagner*,19,2022,Georgia,SEC,43,142,123,23,34,1,0,6,21,0,0,14,44,0.276,0.359,0.431,0.79,53,1,3,0,2,0,,player.fcgi?id=wagner003col,,,
Luke Wagner,20,2022,Georgia,SEC,26,10,10,1,2,1,0,0,1,0,0,0,2,0.2,0.2,0.3,0.5,3,0,0,0,0,0,,player.fcgi?id=wagner000luk,,,
Lane Watkins?,--,2022,Georgia,SEC,5,6,5,0,0,0,0,0,0,0,0,1,4,0,0.167,0,0.167,0,0,0,0,0,0,,player.fcgi?id=watkin001lan,,,
Ben Anderson*,22,2021,Georgia,SEC,55,238,199,36,41,11,3,4,17,3,0,34,49,0.206,0.326,0.352,0.678,70,,2,2,1,1,,player.fcgi?id=anders007ben,,,
Garrett Blaylock*,23,2021,Georgia,SEC,43,174,152,23,37,5,1,9,29,0,0,17,45,0.243,0.328,0.467,0.795,71,,3,0,2,2,,player.fcgi?id=blaylo003gar,,,
Corey Collins*,19,2021,Georgia,SEC,53,228,191,26,54,13,1,8,37,2,0,29,58,0.283,0.382,0.487,0.869,93,,4,0,4,2,,player.fcgi?id=collin000cor,,,
Buddy Floyd#,20,2021,Georgia,SEC,24,32,26,10,5,1,0,0,2,1,0,3,6,0.192,0.276,0.231,0.507,6,,0,3,0,0,,player.fcgi?id=floyd-000bud,,,
Fernando Gonzalez,19,2021,Georgia,SEC,40,141,134,12,34,6,0,2,14,0,0,4,26,0.254,0.275,0.343,0.619,46,,0,3,0,0,,player.fcgi?id=gonzal008fer,,,
Kam Guidry,20,2021,Georgia,SEC,18,29,26,2,5,2,1,0,4,0,0,2,10,0.192,0.276,0.346,0.622,9,,1,0,0,0,,player.fcgi?id=guidry000kam,,,
Parks Harber,19,2021,Georgia,SEC,35,124,109,7,27,5,0,3,18,0,0,8,37,0.248,0.331,0.376,0.707,41,,6,0,1,0,,player.fcgi?id=harber000par,,,
Randon Jernigan,21,2021,Georgia,SEC,29,55,47,7,10,0,1,0,6,2,1,4,23,0.213,0.315,0.255,0.57,12,,3,1,0,1,,player.fcgi?id=jernig000ran,,,
Riley King,23,2021,Georgia,SEC,51,201,176,24,46,8,0,6,34,2,1,11,28,0.261,0.335,0.409,0.744,72,,10,1,3,0,,player.fcgi?id=king--001ril,,,
Shane Marshall,21,2021,Georgia,SEC,26,66,56,10,11,1,1,0,3,1,0,3,22,0.196,0.274,0.25,0.524,14,,3,4,0,0,,player.fcgi?id=marsha002sha,,,
Josh McAllister,22,2021,Georgia,SEC,41,170,153,31,51,6,1,9,29,4,1,8,30,0.333,0.382,0.562,0.945,86,,6,0,3,0,,player.fcgi?id=mcalli002jos,,,
Mason Meadows,23,2021,Georgia,SEC,7,8,8,1,1,0,0,0,0,0,0,0,4,0.125,0.125,0.125,0.25,1,,0,0,0,0,,player.fcgi?id=meadow000mas,,,
Chaney Rogers*,22,2021,Georgia,SEC,56,224,194,36,54,8,2,4,32,0,2,21,47,0.278,0.356,0.402,0.758,78,,4,2,3,2,,player.fcgi?id=rogers008cha,,,
Garrett Spikes*,19,2021,Georgia,SEC,18,39,36,3,8,0,0,0,2,0,0,2,12,0.222,0.282,0.222,0.504,8,,1,0,0,0,,player.fcgi?id=spikes000gar,,,
Josh Stinson,20,2021,Georgia,SEC,17,8,6,5,2,0,0,0,2,1,1,1,0,0.333,0.5,0.333,0.833,2,,1,0,0,0,,player.fcgi?id=stinso002jos,,,
Cole Tate,22,2021,Georgia,SEC,52,236,210,35,67,6,2,2,20,4,1,17,53,0.319,0.379,0.395,0.775,83,,4,4,1,0,,player.fcgi?id=tate--000col,,,
Connor Tate,22,2021,Georgia,SEC,49,210,189,32,65,6,1,10,33,1,3,14,46,0.344,0.405,0.545,0.95,103,,6,0,1,0,,player.fcgi?id=tate--000con,,,
Luke Wagner,19,2021,Georgia,SEC,33,42,35,4,8,2,0,0,3,0,0,4,13,0.229,0.325,0.286,0.611,10,,1,2,0,0,,player.fcgi?id=wagner000luk,,,
Ben Anderson*,21,2020,Georgia,SEC,18,80,58,24,24,6,1,0,13,5,3,15,11,0.414,0.544,0.552,1.096,32,,4,1,2,0,,player.fcgi?id=anders007ben,,,
Garrett Blaylock*,22,2020,Georgia,SEC,18,69,61,8,11,3,0,4,8,0,0,5,19,0.18,0.261,0.426,0.687,26,,2,0,1,0,,player.fcgi?id=blaylo003gar,,,
Tucker Bradley*,22,2020,Georgia,SEC,18,82,63,17,25,3,0,6,23,8,1,13,4,0.397,0.513,0.73,1.243,46,,3,2,1,2,,player.fcgi?id=bradle000tuc,,,
Buddy Floyd#,19,2020,Georgia,SEC,16,41,29,5,5,0,0,0,3,1,0,6,5,0.172,0.368,0.172,0.541,5,,3,3,0,0,,player.fcgi?id=floyd-000bud,,,
Kaden Fowler*,22,2020,Georgia,SEC,8,15,9,4,3,1,0,1,2,0,0,6,6,0.333,0.6,0.778,1.378,7,,0,0,0,0,,player.fcgi?id=fowler000kad,,,
Randon Jernigan,20,2020,Georgia,SEC,10,15,11,2,3,0,0,0,0,2,0,2,4,0.273,0.467,0.273,0.739,3,,2,0,0,0,,player.fcgi?id=jernig000ran,604800,2700,d1-fragment-895c119723f81d66
Riley King,22,2020,Georgia,SEC,18,73,59,8,12,0,0,0,11,2,0,6,10,0.203,0.306,0.203,0.509,12,,4,1,3,1,,player.fcgi?id=king--001ril,,,
Kale Ledford?,--,2020,Georgia,SEC,4,9,7,2,1,0,0,0,0,0,0,1,3,0.143,0.333,0.143,0.476,1,,1,0,0,0,,player.fcgi?id=ledfor000kal,,,
Shane Marshall,20,2020,Georgia,SEC,15,37,28,7,5,1,0,0,3,1,0,4,12,0.179,0.361,0.214,0.575,6,,4,1,0,0,,player.fcgi?id=marsha002sha,,,
Mason Meadows,22,2020,Georgia,SEC,13,24,20,2,3,0,0,0,3,0,0,2,12,0.15,0.292,0.15,0.442,3,,2,0,0,0,,player.fcgi?id=meadow000mas,,,
Chaney Rogers*,21,2020,Georgia,SEC,16,43,37,5,11,2,0,0,2,0,0,6,9,0.297,0.395,0.351,0.747,13,,0,0,0,0,,player.fcgi?id=rogers008cha,,,
Cam Shepherd,22,2020,Georgia,SEC,18,86,71,18,19,4,0,4,21,7,0,11,18,0.268,0.372,0.493,0.865,35,,2,0,2,0,,player.fcgi?id=shephe000cam,,,
Patrick Sullivan*,23,2020,Georgia,SEC,18,66,57,6,17,3,0,0,8,0,0,7,13,0.298,0.385,0.351,0.736,20,,1,1,0,0,,player.fcgi?id=sulliv008pat,,,
Cole Tate,21,2020,Georgia,SEC,17,61,56,11,19,5,0,2,14,2,0,2,6,0.339,0.35,0.536,0.886,30,,0,1,2,0,,player.fcgi?id=tate--000col,,,
Connor Tate,21,2020,Georgia,SEC,15,48,37,9,9,1,0,1,5,2,0,8,8,0.243,0.396,0.351,0.747,13,,2,0,1,0,,player.fcgi?id=tate--000con,,,
Austin Biggar,22,2019,Georgia,SEC,30,63,51,6,13,4,0,2,9,1,0,10,16,0.255,0.397,0.451,0.848,23,,2,0,0,0,,player.fcgi?id=biggar000aus,,,
Tucker Bradley*,21,2019,Georgia,SEC,3,12,9,1,2,0,1,0,3,0,0,1,2,0.222,0.3,0.444,0.744,4,,0,2,0,0,,player.fcgi?id=bradle000tuc,,,
John Cable#,22,2019,Georgia,SEC,59,217,185,30,58,15,0,8,47,1,1,27,42,0.314,0.407,0.524,0.932,97,,3,1,1,0,,player.fcgi?id=cable-000joh,,,
Randon Jernigan,19,2019,Georgia,SEC,54,137,113,24,28,3,0,1,12,11,3,13,40,0.248,0.339,0.301,0.639,34,,3,7,1,0,,player.fcgi?id=jernig000ran,,,
Riley King,21,2019,Georgia,SEC,63,295,241,58,71,9,1,8,43,5,2,32,40,0.295,0.403,0.44,0.843,106,,15,2,5,1,,player.fcgi?id=king--001ril,,,
Shane Marshall,19,2019,Georgia,SEC,37,83,62,12,16,2,1,1,10,0,0,14,34,0.258,0.432,0.371,0.803,23,,5,2,0,0,,player.fcgi?id=marsha002sha,,,
Tucker Maxwell*,22,2019,Georgia,SEC,55,229,183,45,46,9,1,13,39,21,3,34,61,0.251,0.387,0.525,0.911,96,,7,4,1,1,,player.fcgi?id=maxwel000tuc,,,
Mason Meadows,21,2019,Georgia,SEC,45,151,122,23,22,3,1,3,15,1,0,19,37,0.18,0.322,0.295,0.617,36,,7,2,1,0,,player.fcgi?id=meadow000mas,,,
Steve Minter,20,2019,Georgia,SEC,8,6,4,1,0,0,0,0,0,0,1,2,0,0,0.333,0,0.333,0,,0,0,0,0,,player.fcgi?id=minter000ste,,,
Logan Moody,22,2019,Georgia,SEC,11,1,1,0,0,0,0,0,0,0,0,0,0,0,0,0,0,0,,0,0,0,0,,player.fcgi?id=moody-000log,,,
Darryn Pasqua,20,2019,Georgia,SEC,9,1,1,0,0,0,0,0,0,0,0,0,1,0,0,0,0,0,,0,0,0,0,,player.fcgi?id=pasqua000dar,,,
Chaney Rogers*,20,2019,Georgia,SEC,53,165,133,25,34,8,0,1,13,0,0,25,41,0.256,0.379,0.338,0.717,45,,2,4,1,0,,player.fcgi?id=rogers008cha,,,
Aaron Schunk,21,2019,Georgia,SEC,57,252,230,49,78,11,2,15,58,3,1,14,29,0.339,0.373,0.6,0.973,138,,2,0,6,0,,player.fcgi?id=schunk000aar,,,
Cam Shepherd,21,2019,Georgia,SEC,63,294,251,46,58,13,1,8,33,7,0,38,51,0.231,0.333,0.387,0.72,97,,2,0,3,2,,player.fcgi?id=shephe000cam,,,
C.J. Smith*,20,2019,Georgia,SEC,26,34,27,5,3,0,0,1,3,0,0,3,10,0.111,0.273,0.222,0.495,6,,3,1,0,0,,player.fcgi?id=smith-000cj-,,,
Patrick Sullivan*,22,2019,Georgia,SEC,50,204,175,16,46,8,0,3,24,0,0,24,22,0.263,0.35,0.36,0.71,63,,1,1,3,2,,player.fcgi?id=sulliv008pat,,,
LJ Talley*,22,2019,Georgia,SEC,63,285,235,51,78,11,1,8,41,5,1,40,36,0.332,0.435,0.489,0.925,115,,6,0,4,3,,player.fcgi?id=talley000lj-,,,
Cole Tate,20,2019,Georgia,SEC,38,32,26,3,5,1,0,0,5,0,0,4,11,0.192,0.3,0.231,0.531,6,,0,2,0,0,,player.fcgi?id=tate--000col,,,
Connor Tate,20,2019,Georgia,SEC,40,81,74,6,20,5,0,3,20,0,0,3,25,0.27,0.304,0.46,0.763,34,,1,2,1,0,,player.fcgi?id=tate--000con,,,
James Williams,21,2019,Georgia,SEC,6,1,1,0,0,0,0,0,0,0,0,0,1,0,0,0,0,0,,0,0,0,0,,player.fcgi?id=willia034jam,,,
Austin Biggar,21,2018,Georgia,SEC,23,63,55,3,10,2,0,0,7,1,0,6,16,0.182,0.262,0.218,0.481,12,,0,2,0,0,,player.fcgi?id=biggar000aus,,,
Tucker Bradley*,20,2018,Georgia,SEC,54,252,223,37,67,3,0,3,26,11,3,17,30,0.3,0.351,0.354,0.705,79,,2,7,3,0,,player.fcgi?id=bradle000tuc,,,
Michael Curry,20,2018,Georgia,SEC,60,263,233,44,75,10,0,13,53,1,0,28,52,0.322,0.395,0.532,0.928,124,,1,0,1,1,,player.fcgi?id=curry-002mic,,,
Ivan Johnson#,--,2018,Georgia,SEC,32,52,46,11,11,2,0,0,4,6,1,3,20,0.239,0.314,0.283,0.596,13,,2,1,0,0,,player.fcgi?id=johnso002iva,,,
Riley King,20,2018,Georgia,SEC,8,8,6,2,1,0,0,0,1,0,0,2,2,0.167,0.375,0.167,0.542,1,,0,0,0,0,,player.fcgi?id=king--001ril,,,
Zac Kristofak,20,2018,Georgia,SEC,31,1,1,0,0,0,0,0,0,0,0,0,0,0,0,0,0,0,,0,0,0,0,,player.fcgi?id=kristo000zac,,,
Trey Logan,22,2018,Georgia,SEC,32,12,7,1,1,0,0,0,1,0,0,1,1,0.143,0.222,0.143,0.365,1,,0,3,1,0,,player.fcgi?id=logan-000tre,,,
Tucker Maxwell*,21,2018,Georgia,SEC,57,146,116,20,25,5,0,2,13,10,1,16,39,0.216,0.326,0.31,0.636,36,,4,8,2,0,,player.fcgi?id=maxwel000tuc,,,
Keegan McGovern*,22,2018,Georgia,SEC,58,262,216,68,69,14,1,18,51,7,1,37,46,0.319,0.431,0.644,1.075,139,,7,0,2,4,,player.fcgi?id=mcgove000kee,,,
Mason Meadows,20,2018,Georgia,SEC,52,179,142,23,41,5,0,3,25,1,0,23,40,0.289,0.421,0.387,0.809,55,,11,1,2,0,,player.fcgi?id=meadow000mas,,,
Chaney Rogers*,19,2018,Georgia,SEC,10,10,8,1,3,1,0,0,1,0,0,2,2,0.375,0.5,0.5,1,4,,0,0,0,0,,player.fcgi?id=rogers008cha,,,
Adam Sasser*,21,2018,Georgia,SEC,59,206,183,29,58,5,0,10,44,0,0,19,46,0.317,0.379,0.508,0.887,93,,1,0,3,0,,player.fcgi?id=sasser000ada,,,
Aaron Schunk,20,2018,Georgia,SEC,60,267,241,46,72,12,3,3,38,5,1,11,28,0.299,0.34,0.411,0.75,99,,7,2,6,0,,player.fcgi?id=schunk000aar,,,
Cam Shepherd,20,2018,Georgia,SEC,59,262,218,41,54,12,2,5,37,2,4,38,45,0.248,0.359,0.39,0.749,85,,2,0,4,3,,player.fcgi?id=shephe000cam,,,
C.J. Smith*,19,2018,Georgia,SEC,39,88,80,12,24,2,0,1,9,0,2,3,23,0.3,0.333,0.363,0.696,29,,1,4,0,0,,player.fcgi?id=smith-000cj-,,,
Patrick Sullivan*,21,2018,Georgia,SEC,52,58,46,7,9,0,0,0,5,0,1,8,14,0.196,0.339,0.196,0.535,9,,2,2,0,0,,player.fcgi?id=sulliv008pat,,,
LJ Talley*,21,2018,Georgia,SEC,58,214,181,30,51,10,2,6,30,2,0,23,32,0.282,0.37,0.459,0.828,83,,4,3,3,0,,player.fcgi?id=talley000lj-,,,
Cole Tate,19,2018,Georgia,SEC,16,18,16,3,3,0,0,0,3,0,0,1,5,0.188,0.278,0.188,0.465,3,,1,0,0,1,,player.fcgi?id=tate--000col,,,
Mitchell Webb,22,2018,Georgia,SEC,30,52,44,6,10,4,0,0,5,0,0,4,18,0.227,0.346,0.318,0.664,14,,4,0,0,0,,player.fcgi?id=webb--000mit,,,
Austin Biggar,20,2017,Georgia,SEC,46,169,150,18,29,6,0,2,12,1,0,12,46,0.193,0.262,0.273,0.536,41,,2,5,0,1,,player.fcgi?id=biggar000aus,,,
Tucker Bradley*,19,2017,Georgia,SEC,50,178,156,20,49,8,0,0,10,7,2,13,26,0.314,0.376,0.365,0.741,57,,3,5,1,0,,player.fcgi?id=bradle000tuc,,,
Will Campbell?,--,2017,Georgia,SEC,30,124,99,22,23,5,0,3,13,1,1,14,25,0.232,0.363,0.374,0.737,37,,8,0,3,1,,player.fcgi?id=campbe009wil,,,
Michael Curry,19,2017,Georgia,SEC,57,250,219,27,65,11,0,10,46,0,0,29,42,0.297,0.384,0.484,0.868,106,,2,0,0,6,,player.fcgi?id=curry-002mic,,,
Trey Logan,21,2017,Georgia,SEC,13,23,21,4,4,2,0,0,0,0,0,0,7,0.191,0.191,0.286,0.476,6,,0,2,0,0,,player.fcgi?id=logan-000tre,,,
Tucker Maxwell*,20,2017,Georgia,SEC,52,223,186,24,33,6,0,6,22,6,3,27,51,0.177,0.296,0.307,0.602,57,,5,3,2,0,,player.fcgi?id=maxwel000tuc,,,
Keegan McGovern*,21,2017,Georgia,SEC,56,235,189,39,55,15,1,2,21,1,1,35,51,0.291,0.426,0.413,0.838,78,,10,0,1,2,,player.fcgi?id=mcgove000kee,,,
Logan Moody,20,2017,Georgia,SEC,23,29,24,3,5,0,0,0,0,0,0,1,9,0.208,0.345,0.208,0.553,5,,4,0,0,0,,player.fcgi?id=moody-000log,,,
Will Proctor,19,2017,Georgia,SEC,46,139,116,12,28,8,1,3,17,0,1,8,30,0.241,0.318,0.405,0.723,47,,6,7,2,0,,player.fcgi?id=procto003wil,,,
Adam Sasser*,20,2017,Georgia,SEC,50,159,143,14,35,3,0,2,8,0,1,12,46,0.245,0.299,0.308,0.607,44,,0,2,2,2,,player.fcgi?id=sasser000ada,,,
Aaron Schunk,19,2017,Georgia,SEC,37,139,131,14,38,6,1,1,18,1,0,5,25,0.29,0.319,0.374,0.693,49,,1,1,1,0,,player.fcgi?id=schunk000aar,,,
Cam Shepherd,19,2017,Georgia,SEC,57,261,241,29,74,16,2,5,28,5,2,13,28,0.307,0.354,0.452,0.806,109,,5,1,1,0,,player.fcgi?id=shephe000cam,,,
LJ Talley*,20,2017,Georgia,SEC,44,127,109,16,28,5,0,2,12,0,0,11,22,0.257,0.344,0.358,0.702,39,,4,2,1,0,,player.fcgi?id=talley000lj-,,,
Mitchell Webb,21,2017,Georgia,SEC,43,130,123,14,25,3,1,4,17,1,1,6,31,0.203,0.246,0.342,0.588,42,,1,0,0,0,,player.fcgi?id=webb--000mit,,,
James Williams,19,2017,Georgia,SEC,4,2,1,1,0,0,0,0,0,0,0,1,1,0,0.5,0,0.5,0,,0,0,0,0,,player.fcgi?id=willia034jam,,,
Mike Bell,21,2016,Georgia,SEC,14,29,29,3,5,2,0,0,2,0,0,0,12,0.172,0.172,0.241,0.414,7,,0,0,0,0,,player.fcgi?id=bell--008mic,,,
Michael Curry,18,2016,Georgia,SEC,54,214,195,30,51,6,0,11,34,0,0,11,61,0.262,0.313,0.462,0.775,90,,5,0,3,0,,player.fcgi?id=curry-002mic,,,
Trevor Kieboom,23,2016,Georgia,SEC,44,154,130,14,34,6,0,1,6,2,1,23,31,0.262,0.373,0.331,0.703,43,,0,1,0,0,,player.fcgi?id=kieboo000tre,,,
Nick King,22,2016,Georgia,SEC,55,219,195,26,46,1,1,2,20,13,3,16,39,0.236,0.288,0.282,0.571,55,,0,4,4,0,,player.fcgi?id=king--000nic,,,
Trey Logan,20,2016,Georgia,SEC,27,32,25,4,4,2,0,0,2,0,0,6,6,0.16,0.323,0.24,0.563,6,,0,1,0,0,,player.fcgi?id=logan-000tre,,,
Cody McCance,23,2016,Georgia,SEC,14,3,3,5,0,0,0,0,0,0,0,0,2,0,0,0,0,0,,0,0,0,0,,player.fcgi?id=mccanc000cod,,,
Keegan McGovern*,20,2016,Georgia,SEC,57,246,205,29,54,9,0,6,35,2,0,35,46,0.263,0.374,0.395,0.769,81,,3,0,3,3,,player.fcgi?id=mcgove000kee,,,
Logan Moody,19,2016,Georgia,SEC,27,69,59,4,13,3,0,1,7,0,0,5,19,0.22,0.309,0.322,0.631,19,,3,1,1,0,,player.fcgi?id=moody-000log,,,
Daniel Nichols*,22,2016,Georgia,SEC,46,188,160,25,41,7,0,6,21,1,1,23,38,0.256,0.362,0.413,0.774,66,,4,0,1,0,,player.fcgi?id=nichol002dan,,,
Henry Rowling*,21,2016,Georgia,SEC,2,2,1,0,0,0,0,0,0,0,0,1,1,0,0.5,0,0.5,0,,0,0,0,0,,player.fcgi?id=rowlin000hen,,,
Aaron Rzucidlo,20,2016,Georgia,SEC,2,2,2,0,0,0,0,0,0,0,0,0,1,0,0,0,0,0,,0,0,0,0,,player.fcgi?id=rzucid000aar,,,
Adam Sasser*,19,2016,Georgia,SEC,30,65,55,5,11,2,0,1,8,0,0,9,16,0.2,0.323,0.291,0.614,16,,1,0,0,0,,player.fcgi?id=sasser000ada,,,
Patrick Sullivan*,19,2016,Georgia,SEC,36,72,57,8,12,1,0,0,6,0,0,10,18,0.211,0.329,0.228,0.557,13,,1,2,2,0,,player.fcgi?id=sulliv008pat,,,
LJ Talley*,19,2016,Georgia,SEC,56,209,174,29,40,9,1,1,25,0,0,25,39,0.23,0.337,0.31,0.647,54,,4,4,2,0,,player.fcgi?id=talley000lj-,,,
Mitchell Webb,20,2016,Georgia,SEC,55,201,167,19,32,7,1,3,19,1,1,25,47,0.192,0.3,0.299,0.599,50,,2,4,3,1,,player.fcgi?id=webb--000mit,,,
Skyler Weber*,21,2016,Georgia,SEC,57,266,245,29,77,13,0,4,33,13,9,16,38,0.314,0.355,0.416,0.771,102,,1,1,3,1,,player.fcgi?id=weber-000sky,,,
Stephen Wrenn,21,2016,Georgia,SEC,53,240,209,34,62,6,4,5,26,12,4,19,47,0.297,0.364,0.435,0.8,91,,5,4,3,0,,player.fcgi?id=wrenn-002ste,,,
Mike Bell,20,2015,Georgia,SEC,47,175,154,21,37,5,3,4,25,4,1,10,48,0.24,0.308,0.39,0.698,60,,6,3,2,1,,player.fcgi?id=bell--008mic,,,
Zack Bowers,21,2015,Georgia,SEC,51,204,155,35,39,13,1,8,27,2,1,37,55,0.252,0.421,0.503,0.924,78,,9,2,1,1,,player.fcgi?id=bowers000zac,,,
Morgan Bunting*,21,2015,Georgia,SEC,6,8,7,1,0,0,0,0,0,0,0,0,4,0,0.125,0,0.125,0,,1,0,0,0,,player.fcgi?id=buntin000mor,,,
Josh Day?,--,2015,Georgia,SEC,17,23,21,4,4,2,0,0,0,0,0,2,5,0.191,0.261,0.286,0.547,6,,0,0,0,0,,player.fcgi?id=day---000jos,,,
Max Ford,19,2015,Georgia,SEC,7,8,8,1,2,0,0,0,1,0,0,0,3,0.25,0.25,0.25,0.5,2,,0,0,0,0,,player.fcgi?id=ford--000max,,,
Trevor Kieboom,22,2015,Georgia,SEC,36,131,109,10,26,4,1,1,12,0,0,19,33,0.239,0.357,0.321,0.678,35,,1,2,0,1,,player.fcgi?id=kieboo000tre,,,
Nick King,21,2015,Georgia,SEC,54,214,178,27,43,3,2,1,15,16,3,24,47,0.242,0.342,0.298,0.639,53,,3,9,0,0,,player.fcgi?id=king--000nic,,,
Trey Logan,19,2015,Georgia,SEC,25,47,42,4,12,0,0,0,5,2,0,0,15,0.286,0.302,0.286,0.588,12,,1,4,0,0,,player.fcgi?id=logan-000tre,,,
Keegan McGovern*,19,2015,Georgia,SEC,48,190,157,24,42,9,0,3,17,2,0,27,29,0.268,0.392,0.382,0.774,60,,5,1,0,0,,player.fcgi?id=mcgove000kee,,,
Daniel Nichols*,21,2015,Georgia,SEC,48,189,162,24,48,9,1,6,34,1,0,20,34,0.296,0.37,0.475,0.846,77,,2,0,5,0,,player.fcgi?id=nichol002dan,,,
DJ Smith,--,2015,Georgia,SEC,31,52,44,11,10,4,0,0,8,2,1,3,8,0.227,0.3,0.318,0.618,14,,2,2,1,0,,player.fcgi?id=smith-000dj-,,,
Brandon Stephens,23,2015,Georgia,SEC,40,149,134,17,39,5,1,1,13,0,0,5,17,0.291,0.345,0.366,0.711,49,,6,4,0,0,,player.fcgi?id=stephe000bra,,,
Jared Walsh*,21,2015,Georgia,SEC,52,192,173,26,53,14,2,3,22,0,0,13,22,0.306,0.365,0.462,0.827,80,,4,0,2,0,,player.fcgi?id=walsh-000jar,,,
Zach Waters,--,2015,Georgia,SEC,17,1,0,1,0,0,0,0,0,0,0,1,0,,1,,,0,,0,0,0,0,,player.fcgi?id=waters000zac,,,
Mitchell Webb,19,2015,Georgia,SEC,36,94,87,14,19,5,0,2,13,0,0,6,13,0.218,0.269,0.345,0.614,30,,0,1,0,0,,player.fcgi?id=webb--000mit,,,
Skyler Weber*,20,2015,Georgia,SEC,52,224,192,28,47,7,0,3,36,6,0,21,33,0.245,0.324,0.328,0.652,63,,4,2,5,0,,player.fcgi?id=weber-000sky,,,
Stephen Wrenn,20,2015,Georgia,SEC,54,256,222,38,72,5,3,8,28,28,5,23,40,0.324,0.4,0.482,0.882,107,,5,6,0,0,,player.fcgi?id=wrenn-002ste,,,
Mike Bell,19,2014,Georgia,SEC,39,119,104,14,26,3,0,1,8,0,0,8,32,0.25,0.322,0.308,0.629,32,,3,4,0,0,,player.fcgi?id=bell--008mic,,,
Zack Bowers,20,2014,Georgia,SEC,51,187,159,20,30,9,0,3,19,2,0,18,43,0.189,0.3,0.302,0.601,48,,8,0,2,1,,player.fcgi?id=bowers000zac,,,
Hunter Cole,21,2014,Georgia,SEC,53,235,207,26,66,14,0,3,31,3,1,25,49,0.319,0.4,0.43,0.83,89,,3,0,0,3,,player.fcgi?id=cole--000hun,,,
Heath Holder,21,2014,Georgia,SEC,40,79,63,9,12,1,1,0,8,0,0,12,23,0.191,0.312,0.238,0.55,15,,0,2,2,0,,player.fcgi?id=holder000hea,,,
Cody McCance,21,2014,Georgia,SEC,23,34,29,2,4,0,0,0,3,0,0,2,7,0.138,0.242,0.138,0.38,4,,2,1,0,0,,player.fcgi?id=mccanc000cod,,,
Sean McLaughlin*,20,2014,Georgia,SEC,35,81,73,13,20,3,0,0,4,2,2,5,13,0.274,0.333,0.315,0.648,23,,2,0,1,0,,player.fcgi?id=mclaug000sea,,,
Daniel Nichols*,20,2014,Georgia,SEC,47,177,150,21,39,7,0,2,19,1,0,19,36,0.26,0.367,0.347,0.714,52,,7,0,1,0,,player.fcgi?id=nichol002dan,,,
Jess Posey*,20,2014,Georgia,SEC,45,150,126,17,24,3,0,1,20,0,0,21,26,0.191,0.302,0.238,0.54,30,,0,1,2,0,,player.fcgi?id=posey-000jes,,,
DJ Smith,--,2014,Georgia,SEC,17,29,28,1,6,0,0,0,2,1,0,1,8,0.214,0.241,0.214,0.456,6,,0,0,0,0,,player.fcgi?id=smith-000dj-,,,
Brandon Stephens,22,2014,Georgia,SEC,41,140,130,8,34,6,0,0,7,0,0,5,28,0.262,0.302,0.308,0.61,40,,3,1,1,1,,player.fcgi?id=stephe000bra,,,
Jared Walsh*,20,2014,Georgia,SEC,21,87,69,13,13,2,0,0,5,0,0,15,8,0.188,0.345,0.217,0.562,15,,2,0,1,0,,player.fcgi?id=walsh-000jar,,,
Nelson Ward*,21,2014,Georgia,SEC,56,257,209,29,64,13,3,2,34,10,6,33,25,0.306,0.417,0.426,0.843,89,,8,5,2,0,,player.fcgi?id=ward--000nel,,,
Skyler Weber*,19,2014,Georgia,SEC,45,131,111,10,29,2,1,0,12,1,2,16,22,0.261,0.357,0.297,0.654,33,,1,2,1,2,,player.fcgi?id=weber-000sky,,,
Conor Welton?,--,2014,Georgia,SEC,56,254,222,38,63,4,1,1,18,6,3,20,39,0.284,0.353,0.324,0.678,72,,5,5,2,0,,player.fcgi?id=welton000con,,,
Stephen Wrenn,19,2014,Georgia,SEC,55,247,213,32,54,2,1,0,20,16,4,24,39,0.254,0.337,0.272,0.61,58,,4,4,2,0,,player.fcgi?id=wrenn-002ste,,,
Zack Bowers,19,2013,Georgia,SEC,34,112,104,14,25,5,0,6,18,0,0,6,38,0.24,0.286,0.462,0.747,48,,1,0,1,0,,player.fcgi?id=bowers000zac,,,
Justin Bryan?,--,2013,Georgia,SEC,37,95,89,13,15,4,0,3,12,2,2,3,36,0.169,0.211,0.315,0.525,28,,2,0,1,0,,player.fcgi?id=bryan-000jus,,,
Morgan Bunting*,19,2013,Georgia,SEC,7,8,8,1,1,0,0,0,1,0,0,0,2,0.125,0.125,0.125,0.25,1,,0,0,0,0,,player.fcgi?id=buntin000mor,,,
Hunter Cole,20,2013,Georgia,SEC,53,242,211,28,64,10,3,4,33,4,2,27,50,0.303,0.378,0.436,0.814,92,,0,1,3,2,,player.fcgi?id=cole--000hun,,,
Brett DeLoach?,--,2013,Georgia,SEC,53,213,176,29,47,5,2,5,27,6,3,30,18,0.267,0.385,0.403,0.788,71,,5,0,2,2,,player.fcgi?id=deloac000bre,,,
Blake Dieterich?,--,2013,Georgia,SEC,21,1,1,0,0,0,0,0,0,0,0,0,1,0,0,0,0,0,,0,0,0,0,,player.fcgi?id=dieter000bla,604800,2700,d1-fragment-1fab0742b700ae82
Kyle Farmer,22,2013,Georgia,SEC,52,237,210,26,61,12,2,3,44,0,2,12,12,0.291,0.315,0.41,0.724,86,,1,2,12,1,,player.fcgi?id=farmer000kyl,,,
Zac Freeman?,--,2013,Georgia,SEC,5,1,1,0,0,0,0,0,0,0,0,0,1,0,0,0,0,0,,0,0,0,0,,player.fcgi?id=freema000zac,,,
Heath Holder,20,2013,Georgia,SEC,21,23,19,5,4,1,0,0,1,0,0,3,5,0.211,0.318,0.263,0.581,5,,0,1,0,0,,player.fcgi?id=holder000hea,,,
Sean McLaughlin*,19,2013,Georgia,SEC,40,62,56,5,11,1,0,0,6,0,1,4,18,0.196,0.262,0.214,0.477,12,,1,1,0,0,,player.fcgi?id=mclaug000sea,,,
Daniel Nichols*,19,2013,Georgia,SEC,48,158,135,17,31,3,0,3,15,0,0,17,27,0.23,0.331,0.319,0.65,43,,4,1,1,0,,player.fcgi?id=nichol002dan,,,
J.T. Phillips,19,2013,Georgia,SEC,33,88,82,11,21,0,0,0,6,0,0,4,14,0.256,0.287,0.256,0.544,21,,0,1,1,0,,player.fcgi?id=philli000jt-,,,
Jess Posey*,19,2013,Georgia,SEC,31,76,64,9,19,4,0,2,12,1,0,12,15,0.297,0.408,0.453,0.861,29,,0,0,0,0,,player.fcgi?id=posey-000jes,,,
Curt Powell,22,2013,Georgia,SEC,53,247,218,32,82,8,1,0,21,6,5,15,31,0.376,0.425,0.422,0.847,92,,5,7,2,0,,player.fcgi?id=powell000cur,,,
Cody Sheedy?,--,2013,Georgia,SEC,16,41,38,4,7,1,0,0,2,1,0,3,11,0.184,0.244,0.211,0.454,8,,0,0,0,0,,player.fcgi?id=sheedy000cod,,,
DJ Smith,--,2013,Georgia,SEC,31,71,58,9,13,1,0,0,4,1,2,9,15,0.224,0.328,0.241,0.57,14,,0,4,0,0,,player.fcgi?id=smith-000dj-,,,
Jared Walsh*,19,2013,Georgia,SEC,51,184,175,19,52,11,1,3,25,0,1,6,34,0.297,0.321,0.423,0.744,74,,1,0,2,0,,player.fcgi?id=walsh-000jar,,,
Nelson Ward*,20,2013,Georgia,SEC,49,214,186,36,57,7,3,2,19,8,3,17,32,0.307,0.373,0.409,0.782,76,,4,5,2,0,,player.fcgi?id=ward--000nel,,,
Justin Bryan?,--,2012,Georgia,SEC,18,42,38,8,11,1,0,4,13,0,0,3,9,0.29,0.357,0.632,0.989,24,,1,0,0,0,,player.fcgi?id=bryan-000jus,,,
Hunter Cole,19,2012,Georgia,SEC,51,224,192,27,53,12,0,7,23,7,0,28,56,0.276,0.375,0.448,0.823,86,,3,0,1,1,,player.fcgi?id=cole--000hun,,,
Joey Delmonico?,--,2012,Georgia,SEC,26,52,50,4,11,2,0,0,3,0,0,1,11,0.22,0.25,0.26,0.51,13,,1,0,0,0,,player.fcgi?id=delmon000joe,,,
Brett DeLoach?,--,2012,Georgia,SEC,53,205,175,28,53,12,1,1,21,6,0,21,21,0.303,0.395,0.4,0.795,70,,7,0,2,0,,player.fcgi?id=deloac000bre,,,
Kyle Farmer,21,2012,Georgia,SEC,56,262,245,35,74,19,3,4,41,3,0,8,26,0.302,0.337,0.453,0.79,111,,6,1,2,0,,player.fcgi?id=farmer000kyl,,,
Jonathan Hester?,--,2012,Georgia,SEC,27,64,47,8,11,1,1,1,4,1,0,12,19,0.234,0.429,0.362,0.79,17,,4,1,0,0,,player.fcgi?id=hester000jon,,,
Heath Holder,19,2012,Georgia,SEC,11,20,16,4,6,0,0,0,2,0,0,4,6,0.375,0.5,0.375,0.875,6,,0,0,0,0,,player.fcgi?id=holder000hea,,,
Levi Hyams*,22,2012,Georgia,SEC,57,244,216,23,54,6,1,2,26,5,1,18,39,0.25,0.314,0.315,0.629,68,,4,2,4,0,,player.fcgi?id=hyams-000lev,,,
Colby May?,--,2012,Georgia,SEC,52,178,154,21,40,7,0,2,20,2,0,20,31,0.26,0.352,0.344,0.697,53,,2,2,0,0,,player.fcgi?id=may---001col,,,
Curt Powell,21,2012,Georgia,SEC,56,240,203,45,72,11,1,2,20,12,4,21,36,0.355,0.434,0.448,0.882,91,,9,5,2,2,,player.fcgi?id=powell000cur,,,
Kevin Ruiz?,--,2012,Georgia,SEC,23,54,46,4,8,1,0,0,5,2,0,6,9,0.174,0.278,0.196,0.474,9,,1,0,1,0,,player.fcgi?id=ruiz--000kev,,,
Brandon Stephens,20,2012,Georgia,SEC,41,95,81,8,18,3,0,1,10,0,0,5,26,0.222,0.284,0.296,0.58,24,,2,7,0,1,,player.fcgi?id=stephe000bra,,,
Peter Verdin,22,2012,Georgia,SEC,57,215,176,21,54,4,3,0,24,15,2,17,31,0.307,0.404,0.364,0.767,64,,13,7,2,2,,player.fcgi?id=verdin000pet,,,
Jared Walsh*,18,2012,Georgia,SEC,30,59,51,9,9,1,0,1,5,0,0,6,19,0.177,0.271,0.255,0.526,13,,1,0,1,0,,player.fcgi?id=walsh-000jar,,,
Nelson Ward*,19,2012,Georgia,SEC,44,104,94,12,26,1,1,0,13,4,1,9,20,0.277,0.34,0.309,0.648,29,,0,1,0,0,,player.fcgi?id=ward--000nel,,,
Conor Welton?,--,2012,Georgia,SEC,56,223,192,22,52,4,0,0,26,5,4,20,31,0.271,0.349,0.292,0.64,56,,4,5,2,1,,player.fcgi?id=welton000con,,,
Zach Cone,21,2011,Georgia,SEC,65,271,247,39,68,11,2,4,34,13,3,15,48,0.275,0.331,0.385,0.716,95,,6,2,1,,,player.fcgi?id=cone--001zac,,,
Chase Davidson*,21,2011,Georgia,SEC,51,170,151,24,42,12,0,7,31,1,0,13,50,0.278,0.341,0.497,0.838,75,,3,0,3,,,player.fcgi?id=davids003cha,,,
Joey Delmonico?,--,2011,Georgia,SEC,35,80,72,3,16,3,0,0,3,0,0,5,18,0.222,0.266,0.264,0.53,19,,0,1,2,,,player.fcgi?id=delmon000joe,,,
Brett DeLoach?,--,2011,Georgia,SEC,48,168,152,23,40,8,1,5,27,2,1,11,37,0.263,0.323,0.428,0.751,65,,3,1,1,,,player.fcgi?id=deloac000bre,,,
Blake Dieterich?,--,2011,Georgia,SEC,29,1,1,0,0,0,0,0,0,0,0,0,1,0,0,0,0,0,,0,0,0,,,player.fcgi?id=dieter000bla,,,
Kyle Farmer,20,2011,Georgia,SEC,65,287,253,39,78,16,0,8,58,3,1,19,33,0.308,0.364,0.466,0.83,118,,7,1,7,,,player.fcgi?id=farmer000kyl,,,
Jonathan Hester?,--,2011,Georgia,SEC,63,244,222,26,54,10,2,6,25,0,3,15,46,0.243,0.295,0.387,0.682,86,,2,3,2,,,player.fcgi?id=hester000jon,,,
Levi Hyams*,21,2011,Georgia,SEC,65,300,259,49,86,17,2,5,38,8,2,36,46,0.332,0.411,0.471,0.882,122,,1,1,3,,,player.fcgi?id=hyams-000lev,,,
Lance Martin?,--,2011,Georgia,SEC,20,17,13,3,1,0,0,0,2,1,0,1,5,0.077,0.25,0.077,0.327,1,,2,1,0,,,player.fcgi?id=martin004lan,,,
Colby May?,--,2011,Georgia,SEC,26,63,54,6,12,1,0,2,5,0,0,7,14,0.222,0.333,0.352,0.685,19,,2,0,0,,,player.fcgi?id=may---001col,,,
Curt Powell,20,2011,Georgia,SEC,60,230,201,31,58,6,0,1,13,4,1,13,31,0.289,0.358,0.333,0.692,67,,10,4,2,,,player.fcgi?id=powell000cur,,,
Kevin Ruiz?,--,2011,Georgia,SEC,34,87,79,8,19,5,0,1,8,1,1,6,14,0.241,0.291,0.342,0.633,27,,0,1,1,,,player.fcgi?id=ruiz--000kev,,,
Carson Schilling?,--,2011,Georgia,SEC,12,14,13,3,4,1,0,0,3,0,0,0,5,0.308,0.308,0.385,0.692,5,,0,1,0,,,player.fcgi?id=schill000car,,,
Brandon Stephens,19,2011,Georgia,SEC,59,126,115,9,31,5,0,0,9,0,0,7,30,0.27,0.312,0.313,0.625,36,,1,1,2,,,player.fcgi?id=stephe000bra,,,
Johnathan Taylor*,21,2011,Georgia,SEC,11,38,33,4,6,0,0,0,2,1,0,4,4,0.182,0.263,0.182,0.445,6,,0,0,1,,,player.fcgi?id=taylor003jon,,,
Peter Verdin,21,2011,Georgia,SEC,63,204,177,21,46,6,2,1,15,13,1,8,37,0.26,0.327,0.333,0.66,59,,10,8,1,,,player.fcgi?id=verdin000pet,,,
Conor Welton?,--,2011,Georgia,SEC,57,176,150,20,40,2,0,0,8,3,2,17,33,0.267,0.345,0.28,0.625,42,,1,8,0,,,player.fcgi?id=welton000con,,,
Austin Wheeler?,--,2011,Georgia,SEC,13,16,16,2,5,0,0,0,0,0,0,0,4,0.313,0.313,0.313,0.625,5,,0,0,0,,,player.fcgi?id=wheele000aus,,,
Brock Bennett,23,2011,Alabama,SEC,59,266,225,39,76,7,0,0,22,9,3,17,14,0.338,0.392,0.369,0.761,83,,3,21,0,,,player.fcgi?id=bennet000bro,,,
Brett Booth,20,2011,Alabama,SEC,59,231,202,24,52,11,0,1,26,2,1,17,32,0.257,0.335,0.327,0.662,66,,7,4,1,,,player.fcgi?id=booth-000bre,,,
Taylor Dugas*,21,2011,Alabama,SEC,63,290,241,60,84,20,4,8,33,8,5,41,22,0.349,0.455,0.564,1.02,136,,7,0,1,,,player.fcgi?id=dugas-000tay,,,
Allen Dye?,--,2011,Alabama,SEC,19,12,9,6,3,1,0,0,1,2,0,2,2,0.333,0.455,0.444,0.899,4,,0,1,0,,,player.fcgi?id=dye---000all,,,
Hunter Gregory?,--,2011,Alabama,SEC,32,90,74,6,15,3,0,0,10,5,0,11,8,0.203,0.306,0.243,0.549,18,,0,5,0,,,player.fcgi?id=gregor000hun,,,
Brandt Hendricks?,--,2011,Alabama,SEC,35,106,83,8,19,7,1,1,10,3,0,14,33,0.229,0.385,0.374,0.758,31,,7,2,0,,,player.fcgi?id=hendri003bra,,,
Jon Kelton?,--,2011,Alabama,SEC,27,80,68,10,15,3,0,0,9,2,1,4,13,0.221,0.308,0.265,0.572,18,,5,2,1,,,player.fcgi?id=kelton000jon,,,
David Kindred?,--,2011,Alabama,SEC,34,101,92,7,23,10,0,0,8,0,1,5,19,0.25,0.297,0.359,0.656,33,,2,0,2,,,player.fcgi?id=kindre000dav,,,
Patrick McGavin*,20,2011,Alabama,SEC,25,46,43,6,11,1,0,0,3,0,0,2,17,0.256,0.289,0.279,0.568,12,,0,1,0,,,player.fcgi?id=mcgavi000pat,,,
Andrew Miller?,--,2011,Alabama,SEC,61,227,196,26,49,8,2,0,26,1,3,14,32,0.25,0.336,0.311,0.648,61,,12,4,1,,,player.fcgi?id=miller009and,,,
Ladson Montgomery*,19,2011,Alabama,SEC,9,19,16,4,3,2,0,0,0,1,0,2,3,0.188,0.278,0.313,0.59,5,,0,1,0,,,player.fcgi?id=montgo000lad,,,
Case Nixon?,--,2011,Alabama,SEC,11,11,10,2,4,1,0,0,1,1,1,1,2,0.4,0.455,0.5,0.955,5,,0,0,0,,,player.fcgi?id=nixon-000cas,,,
Jared Reaves,20,2011,Alabama,SEC,63,281,241,51,82,22,2,4,47,4,1,24,32,0.34,0.407,0.498,0.904,120,,7,3,6,,,player.fcgi?id=reaves000dav,,,
Josh Rosecrans?,--,2011,Alabama,SEC,46,140,121,15,30,6,0,3,21,0,0,16,34,0.248,0.35,0.372,0.722,45,,3,0,0,,,player.fcgi?id=rosecr000jos,,,
Josh Sanders?,--,2011,Alabama,SEC,44,114,94,8,17,1,0,0,3,1,0,8,30,0.181,0.243,0.192,0.434,18,,0,11,1,,,player.fcgi?id=sander002jos,,,
Austen Smith,19,2011,Alabama,SEC,63,252,219,25,65,12,3,5,44,7,3,23,38,0.297,0.385,0.448,0.832,98,,9,0,1,,,player.fcgi?id=smith-004aus,,,
James Tullidge?,--,2011,Alabama,SEC,37,83,66,11,11,2,0,0,7,1,0,11,17,0.167,0.295,0.197,0.492,13,,1,5,0,,,player.fcgi?id=tullid000jam,,,
Jeremiah Tullidge?,--,2011,Alabama,SEC,24,49,38,7,6,1,0,0,4,0,0,8,10,0.158,0.304,0.184,0.489,7,,0,3,0,,,player.fcgi?id=tullid000jer,,,
Charley Waldrep?,--,2011,Alabama,SEC,2,2,1,0,0,0,0,0,0,0,0,1,1,0,0.5,0,0.5,0,,0,0,0,,,player.fcgi?id=waldre000cha,,,
Brett Whitaker?,--,2011,Alabama,SEC,35,46,42,3,10,1,0,1,4,0,0,4,8,0.238,0.304,0.333,0.638,14,,0,0,0,,,player.fcgi?id=whitak000bre,,,
Cary Baxter?,--,2012,Alabama,SEC,24,35,33,3,5,0,0,0,3,1,0,1,12,0.152,0.177,0.152,0.328,5,,0,1,0,0,,player.fcgi?id=baxter000car,,,
Brett Booth,21,2012,Alabama,SEC,55,227,200,22,48,6,0,4,32,1,0,10,30,0.24,0.291,0.33,0.621,66,,6,7,4,0,,player.fcgi?id=booth-000bre,,,
Cameron Carlisle?,--,2012,Alabama,SEC,31,83,69,6,13,3,0,0,7,0,0,12,16,0.188,0.305,0.232,0.537,16,,0,1,1,0,,player.fcgi?id=carlis000cam,,,
AJ Cole?,--,2012,Alabama,SEC,14,28,25,3,2,0,0,0,0,0,0,3,11,0.08,0.179,0.08,0.259,2,,0,0,0,0,,player.fcgi?id=cole--002aj-,,,
Taylor Dugas*,22,2012,Alabama,SEC,55,253,207,41,71,12,7,2,28,8,5,25,21,0.343,0.45,0.498,0.948,103,,17,2,2,2,,player.fcgi?id=dugas-000tay,,,
Allen Dye?,--,2012,Alabama,SEC,11,9,9,0,0,0,0,0,0,0,0,0,2,0,0,0,0,0,,0,0,0,0,,player.fcgi?id=dye---000all,,,
Hunter Gregory?,--,2012,Alabama,SEC,48,171,143,23,39,5,0,0,14,8,3,17,21,0.273,0.352,0.308,0.66,44,,1,9,1,0,,player.fcgi?id=gregor000hun,,,
Brandt Hendricks?,--,2012,Alabama,SEC,12,14,12,2,0,0,0,0,1,0,0,1,8,0,0.071,0,0.071,0,,0,0,1,0,,player.fcgi?id=hendri003bra,,,
Jon Kelton?,--,2012,Alabama,SEC,45,144,115,18,26,3,1,1,15,5,2,17,20,0.226,0.355,0.296,0.651,34,,6,6,0,0,,player.fcgi?id=kelton000jon,,,
Andrew Miller?,--,2012,Alabama,SEC,27,72,65,11,12,2,0,0,5,0,0,5,12,0.185,0.254,0.215,0.469,14,,1,1,0,0,,player.fcgi?id=miller009and,,,
Ben Moore,19,2012,Alabama,SEC,55,231,199,33,68,10,1,2,31,10,2,20,26,0.342,0.412,0.432,0.845,86,,6,3,3,0,,player.fcgi?id=moore-002ben,,,
Jared Reaves,21,2012,Alabama,SEC,55,239,215,29,68,9,1,4,34,3,2,10,24,0.316,0.355,0.423,0.778,91,,5,5,4,1,,player.fcgi?id=reaves000dav,,,
Kenny Roberts?,--,2012,Alabama,SEC,43,165,142,14,23,4,1,2,15,3,0,9,45,0.162,0.236,0.247,0.482,35,,5,8,1,0,,player.fcgi?id=robert004ken,,,
Josh Rosecrans?,--,2012,Alabama,SEC,35,118,110,6,20,5,1,2,10,0,0,3,31,0.182,0.214,0.3,0.514,33,,2,1,2,0,,player.fcgi?id=rosecr000jos,,,
Austen Smith,20,2012,Alabama,SEC,45,167,150,19,36,6,1,3,23,3,3,15,43,0.24,0.311,0.353,0.665,53,,1,0,1,0,,player.fcgi?id=smith-004aus,,,
James Tullidge?,--,2012,Alabama,SEC,38,124,98,21,33,4,2,0,9,1,2,19,15,0.337,0.454,0.418,0.872,41,,2,5,0,0,,player.fcgi?id=tullid000jam,,,
Cary Baxter?,--,2013,Alabama,SEC,12,38,31,5,5,2,0,0,4,1,0,4,10,0.161,0.29,0.226,0.515,7,,2,0,1,0,,player.fcgi?id=baxter000car,,,
Ryan Blanchard,20,2013,Alabama,SEC,35,91,80,11,14,2,0,1,9,4,1,8,30,0.175,0.264,0.238,0.501,19,,2,0,1,0,,player.fcgi?id=blanch000rya,,,
Brett Booth,22,2013,Alabama,SEC,63,271,231,46,67,10,0,6,38,5,1,27,37,0.29,0.378,0.411,0.789,95,,8,1,4,2,,player.fcgi?id=booth-000bre,,,
Cameron Carlisle?,--,2013,Alabama,SEC,22,60,50,8,8,1,0,0,4,0,0,8,13,0.16,0.288,0.18,0.468,9,,1,1,0,0,,player.fcgi?id=carlis000cam,,,
Riley Colburn?,--,2013,Alabama,SEC,10,3,2,2,0,0,0,0,0,0,0,0,1,0,0.333,0,0.333,0,,1,0,0,0,,player.fcgi?id=colbur000ril,,,
Steven Cole?,--,2013,Alabama,SEC,12,26,23,4,4,0,0,0,1,0,0,0,7,0.174,0.208,0.174,0.382,4,,1,2,0,0,,player.fcgi?id=cole--004ste,,,
Daniel Cucjen,20,2013,Alabama,SEC,13,18,13,4,4,0,0,0,1,1,0,4,5,0.308,0.471,0.308,0.778,4,,0,1,0,0,,player.fcgi?id=cucjen000dan,,,
Allen Dye?,--,2013,Alabama,SEC,4,4,3,0,0,0,0,0,0,0,0,0,3,0,0,0,0,0,,0,1,0,0,,player.fcgi?id=dye---000all,,,
Mitch Greer,19,2013,Alabama,SEC,13,3,2,0,0,0,0,0,0,0,0,1,2,0,0.333,0,0.333,0,,0,0,0,0,,player.fcgi?id=greer-000mit,,,
Andrew Miller?,--,2013,Alabama,SEC,53,194,157,24,36,4,0,0,16,2,2,18,35,0.229,0.335,0.255,0.59,40,,8,9,2,2,,player.fcgi?id=miller009and,,,
Ben Moore,20,2013,Alabama,SEC,63,277,243,40,68,13,4,4,41,16,3,25,29,0.28,0.351,0.416,0.767,101,,4,1,4,0,,player.fcgi?id=moore-002ben,,,
Kyle Overstreet,19,2013,Alabama,SEC,63,270,236,23,64,8,1,0,37,0,2,23,23,0.271,0.338,0.314,0.652,74,,3,4,4,0,,player.fcgi?id=overst000kyl,,,
Kenny Roberts?,--,2013,Alabama,SEC,63,291,241,48,61,13,1,5,29,7,4,32,48,0.253,0.36,0.378,0.738,91,,10,5,3,2,,player.fcgi?id=robert004ken,,,
Georgie Salem*,19,2013,Alabama,SEC,63,301,264,31,71,5,0,1,28,9,8,27,40,0.269,0.339,0.299,0.638,79,,2,6,2,0,,player.fcgi?id=salem-000geo,,,
Austen Smith,21,2013,Alabama,SEC,61,248,219,36,61,15,1,7,40,3,1,23,50,0.279,0.353,0.452,0.805,99,,2,4,0,0,,player.fcgi?id=smith-004aus,,,
Chance Vincent,19,2013,Alabama,SEC,32,110,102,9,23,1,1,0,11,0,1,3,14,0.226,0.269,0.255,0.523,26,,3,2,0,0,,player.fcgi?id=vincen002cha,,,
Wade Wass,21,2013,Alabama,SEC,1,1,1,0,0,0,0,0,0,0,0,0,0,0,0,0,0,0,,0,0,0,0,,player.fcgi?id=wass--000wad,,,
Mikey White,19,2013,Alabama,SEC,63,266,230,34,66,11,1,2,30,3,5,19,45,0.287,0.365,0.37,0.735,85,,10,6,1,1,,player.fcgi?id=white-001mik,,,
Ryan Blanchard,21,2014,Alabama,SEC,7,13,12,1,3,0,0,0,1,0,0,1,3,0.25,0.308,0.25,0.558,3,,0,0,0,0,,player.fcgi?id=blanch000rya,,,
Riley Colburn?,--,2014,Alabama,SEC,8,5,3,0,1,0,0,0,0,0,0,0,2,0.333,0.6,0.333,0.933,1,,2,0,0,0,,player.fcgi?id=colbur000ril,,,
Steven Cole?,--,2014,Alabama,SEC,8,9,8,1,2,0,0,0,1,0,0,1,1,0.25,0.333,0.25,0.583,2,,0,0,0,0,,player.fcgi?id=cole--004ste,,,
Daniel Cucjen,21,2014,Alabama,SEC,32,64,53,10,15,0,0,1,5,2,1,10,12,0.283,0.391,0.34,0.73,18,,0,0,1,0,,player.fcgi?id=cucjen000dan,,,
William Elliott*,19,2014,Alabama,SEC,14,31,28,1,3,0,0,0,1,0,0,1,11,0.107,0.167,0.107,0.274,3,,1,1,0,0,,player.fcgi?id=elliot008wil,,,
Colton Freeman*,20,2014,Alabama,SEC,5,0,0,2,0,0,0,0,0,0,0,0,0,,,,,0,,0,0,0,0,,player.fcgi?id=freema000col,,,
Mathew Goodson,--,2014,Alabama,SEC,13,26,22,1,3,0,0,0,2,0,0,2,8,0.136,0.192,0.136,0.329,3,,0,0,2,0,,player.fcgi?id=goodso002mat,,,
Mitch Greer,20,2014,Alabama,SEC,17,9,8,0,0,0,0,0,0,0,0,1,3,0,0.111,0,0.111,0,,0,0,0,0,,player.fcgi?id=greer-000mit,,,
Will Haynie,20,2014,Alabama,SEC,35,123,113,15,20,2,0,3,12,0,0,7,51,0.177,0.231,0.274,0.506,31,,1,2,0,0,,player.fcgi?id=haynie002wil,,,
Casey Hughston*,20,2014,Alabama,SEC,52,184,174,17,47,7,2,4,25,0,2,5,51,0.27,0.302,0.402,0.705,70,,3,2,0,0,,player.fcgi?id=hughst000cas,,,
Ben Moore,21,2014,Alabama,SEC,61,273,239,45,73,13,1,9,39,7,2,18,16,0.305,0.367,0.481,0.848,115,,8,3,5,0,,player.fcgi?id=moore-002ben,,,
Kyle Overstreet,20,2014,Alabama,SEC,60,255,223,35,62,6,1,4,30,0,1,18,32,0.278,0.335,0.368,0.702,82,,2,10,2,0,,player.fcgi?id=overst000kyl,,,
Taylor Poe,20,2014,Alabama,SEC,10,10,9,2,2,0,0,0,0,0,0,1,4,0.222,0.3,0.222,0.522,2,,0,0,0,0,,player.fcgi?id=poe---000tay,,,
Georgie Salem*,20,2014,Alabama,SEC,61,283,258,32,73,11,1,2,22,6,3,12,33,0.283,0.327,0.357,0.684,92,,5,8,0,2,,player.fcgi?id=salem-000geo,,,
Austen Smith,22,2014,Alabama,SEC,57,237,188,29,59,14,0,6,39,5,1,29,40,0.314,0.426,0.484,0.91,91,,13,0,7,1,,player.fcgi?id=smith-004aus,,,
Chance Vincent,20,2014,Alabama,SEC,56,206,181,20,46,5,0,1,24,1,0,15,22,0.254,0.312,0.298,0.61,54,,2,4,4,0,,player.fcgi?id=vincen002cha,,,
Wade Wass,22,2014,Alabama,SEC,61,258,225,32,68,19,1,5,34,2,0,22,49,0.302,0.388,0.462,0.85,104,,10,0,1,1,,player.fcgi?id=wass--000wad,,,
Hunter Webb,20,2014,Alabama,SEC,42,103,85,10,22,3,0,0,7,5,1,7,13,0.259,0.351,0.294,0.645,25,,5,6,0,1,,player.fcgi?id=webb--000hun,,,
Mikey White,20,2014,Alabama,SEC,61,286,237,50,71,9,2,7,33,3,2,27,44,0.3,0.399,0.443,0.842,105,,14,5,3,0,,player.fcgi?id=white-001mik,,,
J.C. Wilhite?,--,2014,Alabama,SEC,8,14,10,2,1,0,0,0,2,0,0,1,1,0.1,0.286,0.1,0.386,1,,2,0,1,0,,player.fcgi?id=wilhit000jc-,,,
Chandler Avant,19,2015,Alabama,SEC,59,278,248,31,66,8,0,0,21,11,3,17,42,0.266,0.324,0.298,0.622,74,,5,6,2,0,,player.fcgi?id=avant-000cha,,,
Ryan Blanchard,22,2015,Alabama,SEC,16,37,36,4,8,0,0,0,3,0,0,1,14,0.222,0.243,0.222,0.465,8,,0,0,0,0,,player.fcgi?id=blanch000rya,,,
Riley Colburn?,--,2015,Alabama,SEC,39,99,88,14,19,1,0,0,9,3,2,4,28,0.216,0.296,0.227,0.523,20,,6,1,0,0,,player.fcgi?id=colbur000ril,,,
Daniel Cucjen,22,2015,Alabama,SEC,19,45,41,5,10,2,0,0,5,2,1,1,13,0.244,0.296,0.293,0.588,12,,2,1,0,0,,player.fcgi?id=cucjen000dan,,,
William Elliott*,20,2015,Alabama,SEC,12,21,18,1,3,0,0,0,1,0,0,3,9,0.167,0.286,0.167,0.452,3,,0,0,0,0,,player.fcgi?id=elliot008wil,,,
Colton Freeman*,21,2015,Alabama,SEC,9,4,3,1,0,0,0,0,1,0,0,1,2,0,0.25,0,0.25,0,,0,0,0,0,,player.fcgi?id=freema000col,,,
Will Haynie,21,2015,Alabama,SEC,53,202,169,26,33,9,0,8,29,1,1,21,80,0.195,0.3,0.391,0.69,66,,5,5,2,2,,player.fcgi?id=haynie002wil,,,
Cody Henry#,19,2015,Alabama,SEC,48,184,156,20,43,12,2,0,24,0,1,26,42,0.276,0.386,0.378,0.764,59,,2,0,0,1,,player.fcgi?id=henry-000cod,,,
Casey Hughston*,21,2015,Alabama,SEC,60,263,235,39,78,14,4,6,44,12,2,22,55,0.332,0.389,0.502,0.891,118,,2,1,3,1,,player.fcgi?id=hughst000cas,,,
Kyle Overstreet,21,2015,Alabama,SEC,60,261,235,41,66,12,1,2,38,1,3,20,34,0.281,0.335,0.366,0.701,86,,1,1,4,1,,player.fcgi?id=overst000kyl,,,
Taylor Poe,21,2015,Alabama,SEC,14,28,24,2,6,2,0,0,3,0,0,1,6,0.25,0.286,0.333,0.619,8,,1,0,2,0,,player.fcgi?id=poe---000tay,,,
Georgie Salem*,21,2015,Alabama,SEC,60,270,243,40,67,12,4,3,25,17,3,18,51,0.276,0.336,0.395,0.731,96,,4,5,0,0,,player.fcgi?id=salem-000geo,,,
Chance Vincent,21,2015,Alabama,SEC,51,213,186,22,44,7,1,2,24,4,3,16,31,0.237,0.313,0.317,0.63,59,,6,2,3,0,,player.fcgi?id=vincen002cha,,,
Mikey White,21,2015,Alabama,SEC,60,268,218,48,74,19,6,4,35,8,1,31,47,0.339,0.444,0.537,0.98,117,,13,2,4,4,,player.fcgi?id=white-001mik,,,
J.C. Wilhite?,--,2015,Alabama,SEC,56,211,189,21,58,7,2,2,23,2,0,10,31,0.307,0.356,0.397,0.753,75,,5,6,1,0,,player.fcgi?id=wilhit000jc-,,,
Chandler Avant,20,2016,Alabama,SEC,38,147,133,25,37,15,1,0,22,5,1,7,14,0.278,0.319,0.406,0.725,54,,2,3,2,0,,player.fcgi?id=avant-000cha,,,
Ryan Blanchard,23,2016,Alabama,SEC,15,30,29,1,5,0,0,0,2,0,0,1,10,0.172,0.2,0.172,0.372,5,,0,0,0,0,,player.fcgi?id=blanch000rya,,,
Zack Coker,20,2016,Alabama,SEC,4,3,2,1,0,0,0,0,1,0,1,1,1,0,0.333,0,0.333,0,,0,0,0,0,,player.fcgi?id=coker-000zac,,,
Daniel Cucjen,23,2016,Alabama,SEC,36,126,112,14,23,2,0,1,10,3,0,8,27,0.205,0.265,0.25,0.515,28,,1,5,0,0,,player.fcgi?id=cucjen000dan,,,
Tanner DeVinny#,21,2016,Alabama,SEC,17,42,33,2,4,0,0,0,1,0,0,7,15,0.121,0.286,0.121,0.407,4,,1,0,1,1,,player.fcgi?id=devinn001tan,,,
Sam Finnerty,19,2016,Alabama,SEC,29,48,42,3,6,2,0,0,2,0,0,4,13,0.143,0.234,0.191,0.425,8,,1,1,0,0,,player.fcgi?id=finner000sam,,,
Cobie Fletcher-Vance,18,2016,Alabama,SEC,58,257,225,25,58,7,0,3,23,2,3,25,27,0.258,0.345,0.329,0.674,74,,5,2,0,0,,player.fcgi?id=vance-000cob,,,
Will Haynie,22,2016,Alabama,SEC,54,200,182,20,41,6,0,10,25,0,0,12,55,0.225,0.292,0.423,0.715,77,,5,1,0,0,,player.fcgi?id=haynie002wil,,,
Cody Henry#,20,2016,Alabama,SEC,54,225,193,21,43,16,0,0,22,3,0,24,52,0.223,0.329,0.306,0.635,59,,7,0,1,2,,player.fcgi?id=henry-000cod,,,
Keith Holcombe*,20,2016,Alabama,SEC,37,135,111,23,31,2,1,0,8,4,3,15,34,0.279,0.399,0.315,0.714,35,,7,2,0,1,,player.fcgi?id=holcom000kei,,,
Taylor Poe,22,2016,Alabama,SEC,8,16,16,2,6,1,0,1,5,0,1,0,2,0.375,0.375,0.625,1,10,,0,0,0,0,,player.fcgi?id=poe---000tay,,,
Georgie Salem*,22,2016,Alabama,SEC,56,225,197,36,50,10,0,5,25,8,5,22,34,0.254,0.335,0.381,0.716,75,,2,4,0,1,,player.fcgi?id=salem-000geo,,,
Connor Short,21,2016,Alabama,SEC,28,107,89,7,24,7,0,1,12,3,0,13,31,0.27,0.377,0.382,0.759,34,,3,1,1,0,,player.fcgi?id=short-000con,,,
Chandler Taylor*,20,2016,Alabama,SEC,56,242,197,28,54,8,3,9,33,7,1,40,75,0.274,0.409,0.482,0.891,95,,5,0,0,2,,player.fcgi?id=taylor011cha,,,
Chance Vincent,22,2016,Alabama,SEC,58,232,213,21,62,8,1,0,27,2,0,10,26,0.291,0.336,0.338,0.674,72,,5,3,1,0,,player.fcgi?id=vincen002cha,,,
Hunter Webb,22,2016,Alabama,SEC,41,135,113,19,32,7,0,0,13,3,1,11,20,0.283,0.362,0.345,0.707,39,,3,8,0,0,,player.fcgi?id=webb--000hun,,,
Gene Wood*,20,2016,Alabama,SEC,25,50,38,8,4,0,0,0,1,3,0,5,10,0.105,0.292,0.105,0.397,4,,5,2,0,0,,player.fcgi?id=wood--000gen,,,
Hunter Alexander,21,2017,Alabama,SEC,47,201,170,26,48,7,2,6,33,0,3,22,43,0.282,0.362,0.453,0.815,77,,1,5,3,2,,player.fcgi?id=alexan000hun,,,
Chandler Avant,21,2017,Alabama,SEC,54,258,231,35,66,15,2,2,19,6,6,12,31,0.286,0.341,0.394,0.735,91,,9,3,3,0,,player.fcgi?id=avant-000cha,,,
Camden Bauer?,--,2017,Alabama,SEC,3,1,1,0,0,0,0,0,0,0,0,0,0,0,0,0,0,0,,0,0,0,0,,player.fcgi?id=bauer-000cam,,,
Logan Carey*,19,2017,Alabama,SEC,43,97,83,10,18,4,0,0,2,3,0,12,15,0.217,0.33,0.265,0.595,22,,2,0,0,0,,player.fcgi?id=carey-000log,,,
Zack Coker,21,2017,Alabama,SEC,21,18,11,3,1,0,0,0,3,0,0,4,5,0.091,0.375,0.091,0.466,1,,1,2,0,0,,player.fcgi?id=coker-000zac,,,
Tanner DeVinny#,22,2017,Alabama,SEC,48,128,97,11,20,2,0,4,16,0,1,28,36,0.206,0.398,0.351,0.749,34,,3,0,0,0,,player.fcgi?id=devinn001tan,,,
Sam Finnerty,20,2017,Alabama,SEC,41,83,76,10,17,5,0,0,11,0,0,6,15,0.224,0.289,0.29,0.579,22,,1,0,0,0,,player.fcgi?id=finner000sam,,,
Cobie Fletcher-Vance,19,2017,Alabama,SEC,54,241,208,26,61,11,1,0,32,2,2,24,24,0.293,0.36,0.356,0.716,74,,0,5,4,1,,player.fcgi?id=vance-000cob,,,
Cody Henry#,21,2017,Alabama,SEC,50,201,177,29,52,10,0,8,31,1,4,13,51,0.294,0.349,0.486,0.834,86,,4,3,4,2,,player.fcgi?id=henry-000cod,,,
Keith Holcombe*,21,2017,Alabama,SEC,13,32,28,6,7,1,0,0,2,0,0,3,7,0.25,0.344,0.286,0.63,8,,1,0,0,0,,player.fcgi?id=holcom000kei,,,
Kyle Kaufman,20,2017,Alabama,SEC,44,164,136,24,41,2,0,2,14,2,0,11,16,0.302,0.396,0.36,0.757,49,,11,5,1,0,,player.fcgi?id=kaufma001kyl,,,
Walker McCleney*,19,2017,Alabama,SEC,39,59,44,11,11,2,0,0,1,3,0,6,14,0.25,0.411,0.296,0.706,13,,6,3,0,0,,player.fcgi?id=mcclen000wal,,,
Taylor Poe,23,2017,Alabama,SEC,22,28,21,4,2,0,0,0,2,0,0,3,10,0.095,0.321,0.095,0.417,2,,4,0,0,0,,player.fcgi?id=poe---000tay,,,
Sonny Potter*,19,2017,Alabama,SEC,12,1,1,0,0,0,0,0,0,0,0,0,1,0,0,0,0,0,,0,0,0,0,,player.fcgi?id=potter000son,,,
Zac Rogers,21,2017,Alabama,SEC,20,1,0,0,0,0,0,0,1,0,0,1,0,,1,,,0,,0,0,0,0,,player.fcgi?id=rogers001zac,,,
Connor Short,22,2017,Alabama,SEC,54,199,168,20,33,11,0,4,25,1,2,15,40,0.196,0.275,0.333,0.608,56,,5,6,5,0,,player.fcgi?id=short-000con,,,
Chandler Taylor*,21,2017,Alabama,SEC,54,227,188,39,53,10,1,16,34,7,4,32,69,0.282,0.383,0.601,0.984,113,,2,0,5,2,,player.fcgi?id=taylor011cha,,,
John Trousdale*,19,2017,Alabama,SEC,24,27,25,2,4,0,0,1,4,0,0,2,4,0.16,0.222,0.28,0.502,7,,0,0,0,0,,player.fcgi?id=trousd000joh,,,
Alex Webb*,20,2017,Alabama,SEC,31,71,64,7,21,5,0,2,9,0,0,3,13,0.328,0.358,0.5,0.858,32,,0,4,0,0,,player.fcgi?id=webb--001ale,,,
Gene Wood*,21,2017,Alabama,SEC,30,88,75,12,19,5,0,1,6,1,1,9,12,0.253,0.349,0.36,0.709,27,,2,2,0,0,,player.fcgi?id=wood--000gen,,,
Connor Wright,20,2017,Alabama,SEC,26,9,8,5,2,0,0,0,0,1,1,1,2,0.25,0.333,0.25,0.583,2,,0,0,0,0,,player.fcgi?id=wright000con,,,
Hunter Alexander,21,2018,Alabama,SEC,47,201,170,26,48,7,2,6,33,0,3,22,43,0.282,0.362,0.453,0.815,77,,1,5,3,2,,player.fcgi?id=alexan000hun,,,
Chandler Avant,21,2018,Alabama,SEC,54,258,231,35,66,15,2,2,19,6,6,12,31,0.286,0.341,0.394,0.735,91,,9,3,3,0,,player.fcgi?id=avant-000cha,,,
Camden Bauer?,--,2018,Alabama,SEC,3,1,1,0,0,0,0,0,0,0,0,0,0,0,0,0,0,0,,0,0,0,0,,player.fcgi?id=bauer-000cam,,,
Logan Carey*,19,2018,Alabama,SEC,43,97,83,10,18,4,0,0,2,3,0,12,15,0.217,0.33,0.265,0.595,22,,2,0,0,0,,player.fcgi?id=carey-000log,,,
Zack Coker,21,2018,Alabama,SEC,21,18,11,3,1,0,0,0,3,0,0,4,5,0.091,0.375,0.091,0.466,1,,1,2,0,0,,player.fcgi?id=coker-000zac,,,
Tanner DeVinny#,22,2018,Alabama,SEC,48,128,97,11,20,2,0,4,16,0,1,28,36,0.206,0.398,0.351,0.749,34,,3,0,0,0,,player.fcgi?id=devinn001tan,,,
Sam Finnerty,20,2018,Alabama,SEC,41,83,76,10,17,5,0,0,11,0,0,6,15,0.224,0.289,0.29,0.579,22,,1,0,0,0,,player.fcgi?id=finner000sam,,,
Cobie Fletcher-Vance,19,2018,Alabama,SEC,54,241,208,26,61,11,1,0,32,2,2,24,24,0.293,0.36,0.356,0.716,74,,0,5,4,1,,player.fcgi?id=vance-000cob,,,
Cody Henry#,21,2018,Alabama,SEC,50,201,177,29,52,10,0,8,31,1,4,13,51,0.294,0.349,0.486,0.834,86,,4,3,4,2,,player.fcgi?id=henry-000cod,,,
Keith Holcombe*,21,2018,Alabama,SEC,13,32,28,6,7,1,0,0,2,0,0,3,7,0.25,0.344,0.286,0.63,8,,1,0,0,0,,player.fcgi?id=holcom000kei,,,
Kyle Kaufman,20,2018,Alabama,SEC,44,164,136,24,41,2,0,2,14,2,0,11,16,0.302,0.396,0.36,0.757,49,,11,5,1,0,,player.fcgi?id=kaufma001kyl,,,
Walker McCleney*,19,2018,Alabama,SEC,39,59,44,11,11,2,0,0,1,3,0,6,14,0.25,0.411,0.296,0.706,13,,6,3,0,0,,player.fcgi?id=mcclen000wal,,,
Taylor Poe,23,2018,Alabama,SEC,22,28,21,4,2,0,0,0,2,0,0,3,10,0.095,0.321,0.095,0.417,2,,4,0,0,0,,player.fcgi?id=poe---000tay,,,
Sonny Potter*,19,2018,Alabama,SEC,12,1,1,0,0,0,0,0,0,0,0,0,1,0,0,0,0,0,,0,0,0,0,,player.fcgi?id=potter000son,,,
Zac Rogers,21,2018,Alabama,SEC,20,1,0,0,0,0,0,0,1,0,0,1,0,,1,,,0,,0,0,0,0,,player.fcgi?id=rogers001zac,,,
Connor Short,22,2018,Alabama,SEC,54,199,168,20,33,11,0,4,25,1,2,15,40,0.196,0.275,0.333,0.608,56,,5,6,5,0,,player.fcgi?id=short-000con,,,
Chandler Taylor*,21,2018,Alabama,SEC,54,227,188,39,53,10,1,16,34,7,4,32,69,0.282,0.383,0.601,0.984,113,,2,0,5,2,,player.fcgi?id=taylor011cha,,,
John Trousdale*,19,2018,Alabama,SEC,24,27,25,2,4,0,0,1,4,0,0,2,4,0.16,0.222,0.28,0.502,7,,0,0,0,0,,player.fcgi?id=trousd000joh,,,
Alex Webb*,20,2018,Alabama,SEC,31,71,64,7,21,5,0,2,9,0,0,3,13,0.328,0.358,0.5,0.858,32,,0,4,0,0,,player.fcgi?id=webb--001ale,,,
Gene Wood*,21,2018,Alabama,SEC,30,88,75,12,19,5,0,1,6,1,1,9,12,0.253,0.349,0.36,0.709,27,,2,2,0,0,,player.fcgi?id=wood--000gen,,,
Connor Wright,20,2018,Alabama,SEC,26,9,8,5,2,0,0,0,0,1,1,1,2,0.25,0.333,0.25,0.583,2,,0,0,0,0,,player.fcgi?id=wright000con,,,
Brett Auerbach,20,2019,Alabama,SEC,55,250,211,32,57,12,0,1,28,9,3,28,36,0.27,0.364,0.341,0.706,72,,5,3,3,0,,player.fcgi?id=auerba000bre,,,
Joe Breaux*,23,2019,Alabama,SEC,53,237,198,25,54,11,2,4,30,7,2,26,45,0.273,0.377,0.409,0.786,81,,9,1,3,0,,player.fcgi?id=breaux000joe,,,
Isaiah Byars,19,2019,Alabama,SEC,7,12,11,0,3,0,0,0,3,0,0,1,5,0.273,0.333,0.273,0.606,3,,0,0,0,0,,player.fcgi?id=byars-000isa,,,
Daniel Carinci,19,2019,Alabama,SEC,17,25,22,2,3,0,0,0,1,0,0,0,8,0.136,0.2,0.136,0.336,3,,2,0,1,0,,player.fcgi?id=carinc000dan,,,
Tyler Gentry,20,2019,Alabama,SEC,56,238,210,37,65,12,0,13,42,7,5,19,51,0.31,0.378,0.552,0.931,116,,6,0,3,0,,player.fcgi?id=gentry000tyl,,,
John Hawk,21,2019,Alabama,SEC,25,63,49,12,11,2,0,3,9,0,0,12,15,0.225,0.397,0.449,0.846,22,,2,0,0,0,,player.fcgi?id=hawk--000joh,,,
Keith Holcombe*,23,2019,Alabama,SEC,45,184,156,21,41,12,1,4,30,4,0,16,47,0.263,0.366,0.43,0.796,67,,10,1,1,0,,player.fcgi?id=holcom000kei,,,
Justin King*,21,2019,Alabama,SEC,24,62,41,10,11,2,0,2,3,2,0,19,21,0.268,0.516,0.463,0.98,19,,2,0,0,0,,player.fcgi?id=king--003jus,,,
Walker McCleney*,21,2019,Alabama,SEC,28,18,15,4,0,0,0,0,0,1,0,2,5,0,0.118,0,0.118,0,,0,1,0,0,,player.fcgi?id=mcclen000wal,,,
Morgan McCullough*,21,2019,Alabama,SEC,54,247,204,33,63,12,3,3,29,6,4,38,38,0.309,0.417,0.441,0.858,90,,2,0,3,1,,player.fcgi?id=mccull000mor,,,
Kobe Morris?,--,2019,Alabama,SEC,42,102,88,7,12,1,0,1,4,1,0,8,21,0.136,0.222,0.182,0.404,16,,2,3,1,0,,player.fcgi?id=morris001kob,,,
Sam Praytor,20,2019,Alabama,SEC,6,22,18,6,4,0,0,2,3,0,0,2,4,0.222,0.364,0.556,0.919,10,,2,0,0,0,,player.fcgi?id=prayto000sam,,,
Tyler Ras#,19,2019,Alabama,SEC,35,58,55,7,14,4,0,2,7,1,1,2,18,0.255,0.293,0.436,0.73,24,,1,0,0,0,,player.fcgi?id=ras---000tyl,,,
T.J. Reeves,19,2019,Alabama,SEC,48,180,141,37,36,5,0,9,25,9,2,30,44,0.255,0.394,0.482,0.877,68,,5,0,4,0,,player.fcgi?id=reeves000tj-,,,
Kolby Robinson,22,2019,Alabama,SEC,55,223,182,22,51,4,1,0,22,7,3,22,14,0.28,0.378,0.313,0.691,57,,9,6,4,0,,player.fcgi?id=robins000kol,,,
John Trousdale*,21,2019,Alabama,SEC,37,101,84,14,17,2,1,1,9,2,0,15,18,0.202,0.317,0.286,0.603,24,,0,0,2,0,,player.fcgi?id=trousd000joh,,,
Drew Williamson*,19,2019,Alabama,SEC,54,219,176,27,51,8,1,2,21,4,1,40,50,0.29,0.425,0.381,0.805,67,,2,0,1,1,,player.fcgi?id=willia003dre,,,
Gene Wood*,23,2019,Alabama,SEC,16,34,27,4,3,0,0,0,4,0,0,5,8,0.111,0.265,0.111,0.376,3,,1,0,1,0,,player.fcgi?id=wood--000gen,,,
Brett Auerbach,21,2020,Alabama,SEC,17,86,67,22,26,8,0,3,14,12,2,17,8,0.388,0.506,0.642,1.148,43,,0,1,1,0,,player.fcgi?id=auerba000bre,,,
Myles Austin,19,2020,Alabama,SEC,12,32,26,6,5,3,0,0,1,1,0,4,7,0.192,0.344,0.308,0.652,8,,2,0,0,0,,player.fcgi?id=austin000myl,,,
Zane Denton#,19,2020,Alabama,SEC,13,47,41,5,9,3,1,0,9,0,0,3,11,0.22,0.277,0.342,0.618,14,,1,0,2,0,,player.fcgi?id=denton000zan,,,
Owen Diodati*,18,2020,Alabama,SEC,17,72,55,13,17,3,1,5,22,1,0,13,13,0.309,0.431,0.673,1.103,37,,1,0,3,1,,player.fcgi?id=diodat000owe,,,
Tyler Gentry,21,2020,Alabama,SEC,17,74,56,19,24,6,0,4,21,2,2,10,10,0.429,0.554,0.75,1.304,42,,7,0,1,3,,player.fcgi?id=gentry000tyl,,,
Will Hamiter*,20,2020,Alabama,SEC,3,3,3,0,1,0,0,0,0,0,0,0,0,0.333,0.333,0.333,0.667,1,,0,0,0,0,,player.fcgi?id=hamite000wil,,,
Jim Jarvis*,19,2020,Alabama,SEC,17,58,45,8,12,2,0,0,8,4,1,8,7,0.267,0.411,0.311,0.722,14,,3,2,0,0,,player.fcgi?id=jarvis000jim,,,
Walker McCleney*,22,2020,Alabama,SEC,13,7,6,0,0,0,0,0,0,0,0,1,1,0,0.143,0,0.143,0,,0,0,0,0,,player.fcgi?id=mcclen000wal,,,
Sam Praytor,21,2020,Alabama,SEC,16,73,60,14,21,1,0,6,18,0,0,7,10,0.35,0.452,0.667,1.119,40,,5,0,1,2,,player.fcgi?id=prayto000sam,,,
Tyler Ras#,20,2020,Alabama,SEC,11,7,5,0,0,0,0,0,0,0,0,1,2,0,0.286,0,0.286,0,,1,0,0,0,,player.fcgi?id=ras---000tyl,,,
T.J. Reeves,20,2020,Alabama,SEC,15,73,57,15,14,2,0,1,6,2,1,9,19,0.246,0.411,0.333,0.744,19,,7,0,0,0,,player.fcgi?id=reeves000tj-,,,
Kolby Robinson,23,2020,Alabama,SEC,16,64,54,12,16,4,0,0,7,1,0,6,6,0.296,0.381,0.37,0.751,20,,2,1,1,0,,player.fcgi?id=robins000kol,,,
Jackson Tate,21,2020,Alabama,SEC,14,39,35,8,10,2,1,2,9,0,0,3,10,0.286,0.359,0.571,0.93,20,,1,0,0,0,,player.fcgi?id=tate--000sto,,,
Drew Williamson*,20,2020,Alabama,SEC,16,72,50,14,17,2,1,1,6,5,0,18,11,0.34,0.521,0.48,1.001,24,,2,1,1,1,,player.fcgi?id=willia003dre,,,
Peyton Wilson#,20,2020,Alabama,SEC,12,36,30,12,10,3,0,0,8,1,1,4,6,0.333,0.417,0.433,0.85,13,,1,0,1,0,,player.fcgi?id=wilson000pey,,,
Zane Denton#,20,2021,Alabama,SEC,58,262,221,40,68,10,0,10,40,2,0,35,52,0.308,0.405,0.489,0.893,108,,3,0,3,4,,player.fcgi?id=denton000zan,,,
Owen Diodati*,19,2021,Alabama,SEC,56,226,200,30,46,3,1,11,40,1,1,19,61,0.23,0.314,0.42,0.734,84,,6,0,1,0,,player.fcgi?id=diodat000owe,,,
Bryce Eblin*,19,2021,Alabama,SEC,18,46,38,9,13,5,0,0,8,0,0,7,8,0.342,0.457,0.474,0.93,18,,1,0,0,0,,player.fcgi?id=eblin-000bry,,,
Will Hamiter*,21,2021,Alabama,SEC,53,236,203,35,55,11,1,4,34,1,1,22,45,0.271,0.356,0.394,0.75,80,,6,3,2,0,,player.fcgi?id=hamite000wil,,,
John Hawk,23,2021,Alabama,SEC,12,20,17,2,2,0,0,0,1,0,0,2,8,0.118,0.2,0.118,0.318,2,,0,0,1,0,,player.fcgi?id=hawk--000joh,,,
Davis Heller,20,2021,Alabama,SEC,15,33,27,6,6,0,0,0,0,0,0,6,10,0.222,0.364,0.222,0.586,6,,0,0,0,0,,player.fcgi?id=heller001dav,,,
Jim Jarvis*,20,2021,Alabama,SEC,57,214,173,29,41,6,3,0,17,5,0,26,16,0.237,0.362,0.306,0.669,53,,8,7,0,0,,player.fcgi?id=jarvis000jim,,,
Will Patota*,21,2021,Alabama,SEC,22,33,28,3,5,2,0,1,7,0,1,3,11,0.179,0.273,0.357,0.63,10,,1,0,1,0,,player.fcgi?id=patota000wil,,,
Andrew Pinckney,20,2021,Alabama,SEC,45,111,102,16,25,6,0,1,11,2,1,3,37,0.245,0.297,0.333,0.631,34,,5,0,1,0,,player.fcgi?id=pinckn002and,,,
Sam Praytor,22,2021,Alabama,SEC,58,256,213,35,59,12,0,14,48,2,1,29,38,0.277,0.375,0.531,0.906,113,,8,0,6,1,,player.fcgi?id=prayto000sam,,,
T.J. Reeves,21,2021,Alabama,SEC,27,90,83,9,19,4,0,2,8,1,0,6,34,0.229,0.289,0.349,0.638,29,,1,0,0,0,,player.fcgi?id=reeves000tj-,,,
Caden Rose,19,2021,Alabama,SEC,54,162,137,23,26,7,1,4,19,2,2,13,46,0.19,0.285,0.343,0.628,47,,6,4,2,1,,player.fcgi?id=rose--000cad,,,
Jackson Tate,22,2021,Alabama,SEC,36,110,96,18,28,5,0,7,19,4,1,5,34,0.292,0.352,0.563,0.914,54,,5,2,2,0,,player.fcgi?id=tate--000sto,,,
Drew Williamson*,21,2021,Alabama,SEC,48,198,165,33,42,12,0,4,21,3,0,26,41,0.255,0.367,0.4,0.767,66,,4,2,1,0,,player.fcgi?id=willia003dre,,,
Peyton Wilson#,21,2021,Alabama,SEC,58,279,248,46,72,13,1,9,31,10,3,22,41,0.29,0.353,0.46,0.812,114,,4,1,4,0,,player.fcgi?id=wilson000pey,,,
Graham Crawford#,21,2022,Alabama,SEC,7,4,4,0,0,0,0,0,0,0,0,0,3,0,0,0,0,0,0,0,0,0,0,,player.fcgi?id=crawfo000gra,,,
Zane Denton#,21,2022,Alabama,SEC,58,264,232,35,61,12,0,13,48,0,2,22,67,0.263,0.337,0.483,0.82,112,6,6,0,4,3,,player.fcgi?id=denton000zan,,,
Owen Diodati*,20,2022,Alabama,SEC,49,187,158,28,39,7,0,9,27,3,0,25,43,0.247,0.364,0.462,0.826,73,4,4,0,0,1,,player.fcgi?id=diodat000owe,,,
Bryce Eblin*,20,2022,Alabama,SEC,47,179,157,25,38,8,0,2,22,2,1,13,30,0.242,0.314,0.331,0.646,52,3,4,4,1,0,,player.fcgi?id=eblin-000bry,,,
Eric Foggo,22,2022,Alabama,SEC,20,48,41,8,11,2,0,4,6,0,0,6,13,0.268,0.354,0.61,0.964,25,0,0,0,1,0,,player.fcgi?id=foggo-000eri,,,
Will Hamiter*,22,2022,Alabama,SEC,35,141,124,10,33,6,0,4,27,1,0,10,28,0.266,0.336,0.411,0.747,51,0,4,1,2,0,,player.fcgi?id=hamite000wil,,,
Camden Hayslip*,20,2022,Alabama,SEC,8,16,15,2,3,0,0,1,3,0,0,0,7,0.2,0.188,0.4,0.588,6,0,0,0,1,0,,player.fcgi?id=haysli000cam,,,
Davis Heller,21,2022,Alabama,SEC,8,12,10,1,2,1,0,0,1,0,0,2,5,0.2,0.333,0.3,0.633,3,1,0,0,0,0,,player.fcgi?id=heller001dav,,,
Will Hodo*,19,2022,Alabama,SEC,22,36,32,6,9,3,0,0,0,0,0,4,12,0.281,0.361,0.375,0.736,12,0,0,0,0,0,,player.fcgi?id=hodo--000wil,,,
Jim Jarvis*,21,2022,Alabama,SEC,58,266,221,43,59,4,3,4,20,7,3,30,35,0.267,0.367,0.367,0.733,81,3,6,7,2,0,,player.fcgi?id=jarvis000jim,,,
Andrew Pinckney,21,2022,Alabama,SEC,58,236,208,48,63,14,3,7,32,7,2,17,51,0.303,0.383,0.5,0.883,104,0,10,1,0,0,,player.fcgi?id=pinckn002and,,,
Will Portera#,20,2022,Alabama,SEC,18,33,29,3,7,1,0,0,2,1,0,1,4,0.241,0.313,0.276,0.588,8,1,2,1,0,0,,player.fcgi?id=porter012wil,,,
Caden Rose,20,2022,Alabama,SEC,48,171,141,25,46,11,1,1,16,2,1,25,42,0.326,0.435,0.44,0.875,62,2,3,1,1,0,,player.fcgi?id=rose--000cad,,,
Tommy Seidl,24,2022,Alabama,SEC,55,222,192,35,58,10,0,3,25,12,1,19,41,0.302,0.385,0.401,0.786,77,4,8,1,2,2,,player.fcgi?id=seidl-000tom,,,
Dominic Tamez,21,2022,Alabama,SEC,55,233,211,25,61,7,0,5,34,1,0,18,36,0.289,0.341,0.393,0.734,83,5,0,1,3,0,,player.fcgi?id=tamez-000dom,,,
Drew Williamson*,22,2022,Alabama,SEC,58,255,216,41,65,13,1,9,47,1,4,28,55,0.301,0.384,0.495,0.88,107,2,5,0,6,0,,player.fcgi?id=willia003dre,,,
Bryce Eblin*,21,2023,Alabama,SEC,40,95,82,16,22,3,0,2,17,1,2,8,14,0.268,0.333,0.378,0.711,31,1,1,2,2,0,,player.fcgi?id=eblin-000bry,,,
Ryan Guardino,24,2023,Alabama,SEC,11,10,6,4,1,1,0,0,0,0,0,4,4,0.167,0.5,0.333,0.833,2,0,0,0,0,0,,player.fcgi?id=guardi000rya,,,
Mac Guscette,21,2023,Alabama,SEC,48,171,146,28,38,5,0,9,34,0,0,13,24,0.26,0.345,0.48,0.825,70,2,7,3,2,0,,player.fcgi?id=guscet000mac,,,
Will Hamiter*,23,2023,Alabama,SEC,35,102,79,20,17,5,2,2,19,2,0,12,14,0.215,0.356,0.405,0.762,32,1,7,1,3,0,,player.fcgi?id=hamite000wil,,,
Camden Hayslip*,21,2023,Alabama,SEC,16,21,19,4,4,0,0,1,6,0,0,2,6,0.211,0.286,0.368,0.654,7,0,0,0,0,0,,player.fcgi?id=haysli000cam,,,
Will Hodo*,20,2023,Alabama,SEC,39,124,100,20,28,2,0,4,21,0,0,16,23,0.28,0.411,0.42,0.831,42,1,7,0,1,0,,player.fcgi?id=hodo--000wil,,,
Jim Jarvis*,22,2023,Alabama,SEC,64,299,249,65,68,10,4,6,30,9,2,33,38,0.273,0.379,0.418,0.797,104,5,12,1,4,1,,player.fcgi?id=jarvis000jim,,,
Ed Johnson,23,2023,Alabama,SEC,60,247,200,38,63,8,1,6,42,5,3,34,34,0.315,0.426,0.455,0.881,91,2,6,5,2,2,,player.fcgi?id=johnso003ed-,,,
Andrew Pinckney,22,2023,Alabama,SEC,64,288,233,55,79,12,3,18,58,8,1,40,68,0.339,0.442,0.648,1.09,151,3,7,3,5,2,,player.fcgi?id=pinckn002and,,,
Will Portera#,21,2023,Alabama,SEC,28,29,24,9,5,2,0,0,1,1,0,3,9,0.208,0.321,0.292,0.613,7,0,1,1,0,0,,player.fcgi?id=porter012wil,,,
Caden Rose,21,2023,Alabama,SEC,48,186,153,45,40,10,0,9,26,9,1,26,40,0.261,0.383,0.503,0.886,77,4,4,3,0,0,,player.fcgi?id=rose--000cad,,,
Tommy Seidl,25,2023,Alabama,SEC,60,241,197,53,70,11,0,9,44,8,4,32,48,0.355,0.456,0.548,1.005,108,2,8,0,4,0,,player.fcgi?id=seidl-000tom,,,
Colby Shelton*,20,2023,Alabama,SEC,59,248,203,49,61,10,1,25,51,0,1,33,61,0.301,0.419,0.729,1.149,148,2,10,0,2,1,,player.fcgi?id=shelto002col,,,
Mason Swinney,19,2023,Alabama,SEC,12,14,9,3,3,1,0,0,0,0,0,5,2,0.333,0.571,0.444,1.016,4,0,0,0,0,0,,player.fcgi?id=swinne000mas,,,
Dominic Tamez,22,2023,Alabama,SEC,49,205,173,26,50,10,1,5,35,0,1,25,31,0.289,0.376,0.445,0.821,77,6,2,0,5,1,,player.fcgi?id=tamez-000dom,,,
Jaxson West*,19,2023,Alabama,SEC,20,35,27,6,5,1,0,1,5,0,0,7,4,0.185,0.371,0.333,0.705,9,0,1,0,0,0,,player.fcgi?id=west--000jax,,,
Max Williams*,18,2023,Alabama,SEC,18,31,25,4,8,3,0,0,7,1,0,5,6,0.32,0.452,0.44,0.892,11,0,1,0,0,0,,player.fcgi?id=willia004max,,,
Drew Williamson*,23,2023,Alabama,SEC,64,287,237,43,72,6,0,15,59,3,3,42,69,0.304,0.411,0.519,0.93,123,0,3,2,3,1,,player.fcgi?id=willia003dre,,,
Bryce Eblin*,22,2024,Alabama,SEC,44,163,149,31,40,5,2,6,24,4,0,7,22,0.269,0.327,0.45,0.777,67,3,6,1,0,0,,player.fcgi?id=eblin-000bry,,,
Max Grant*,21,2024,Alabama,SEC,20,40,36,8,9,0,0,3,8,0,0,1,10,0.25,0.27,0.5,0.77,18,0,0,3,0,0,,player.fcgi?id=grant-000max,,,
Kameron Guangorena*,24,2024,Alabama,SEC,13,34,28,5,6,2,0,0,5,0,0,4,4,0.214,0.294,0.286,0.58,8,1,0,0,2,0,,player.fcgi?id=guango000kam,,,
Mac Guscette,22,2024,Alabama,SEC,50,195,156,34,50,7,0,4,39,0,0,10,19,0.321,0.418,0.442,0.86,69,5,19,6,4,0,,player.fcgi?id=guscet000mac,,,
Will Hamiter*,24,2024,Alabama,SEC,34,99,83,11,24,6,2,2,19,0,0,11,20,0.289,0.384,0.482,0.866,40,0,3,0,2,0,,player.fcgi?id=hamite000wil,,,
Camden Hayslip*,22,2024,Alabama,SEC,7,13,11,0,0,0,0,0,1,0,0,2,6,0,0.154,0,0.154,0,0,0,0,0,0,,player.fcgi?id=haysli000cam,,,
Will Hodo*,21,2024,Alabama,SEC,56,244,198,49,52,12,0,11,38,2,0,34,48,0.263,0.393,0.49,0.883,97,1,10,0,2,0,,player.fcgi?id=hodo--000wil,,,
Justin Lebron,19,2024,Alabama,SEC,57,254,216,50,73,9,0,12,37,7,0,20,53,0.338,0.429,0.546,0.975,118,2,16,0,2,0,,player.fcgi?id=lebron002jus,,,
T.J. McCants*,23,2024,Alabama,SEC,56,265,235,47,72,16,2,15,50,14,1,22,65,0.306,0.374,0.583,0.957,137,7,5,0,3,1,,player.fcgi?id=mccant000tj-,,,
Gage Miller,21,2024,Alabama,SEC,55,268,218,72,83,12,2,18,56,0,0,27,24,0.381,0.474,0.702,1.176,153,3,17,0,6,2,,player.fcgi?id=miller001gag,,,
Coleman Mizell*,19,2024,Alabama,SEC,11,25,21,5,4,1,0,1,3,0,0,4,6,0.191,0.32,0.381,0.701,8,0,0,0,0,0,,player.fcgi?id=mizell000col,,,
Ian Petrutz*,21,2024,Alabama,SEC,57,267,215,42,69,14,1,6,40,2,0,30,26,0.321,0.447,0.479,0.927,103,6,20,1,1,0,,player.fcgi?id=petrut000ian,,,
Parker Picot,19,2024,Alabama,SEC,3,2,2,0,1,0,0,0,0,0,0,0,1,0.5,0.5,0.5,1,1,0,0,0,0,0,,player.fcgi?id=picot-000par,,,
Will Portera#,22,2024,Alabama,SEC,18,20,15,2,2,0,0,0,2,0,0,2,4,0.133,0.25,0.133,0.383,2,0,1,0,2,0,,player.fcgi?id=porter012wil,,,
Evan Sleight*,23,2024,Alabama,SEC,47,196,169,32,46,9,2,6,29,0,0,18,48,0.272,0.354,0.456,0.809,77,4,5,1,3,0,,player.fcgi?id=sleigh000eva,,,
Kade Snell*,21,2024,Alabama,SEC,43,167,148,23,48,9,0,6,30,0,0,15,18,0.324,0.389,0.507,0.896,75,4,2,0,2,1,,player.fcgi?id=snell-000kad,,,
Mason Swinney,20,2024,Alabama,SEC,29,77,56,12,13,3,0,0,6,0,1,16,22,0.232,0.408,0.286,0.694,16,0,2,1,2,0,,player.fcgi?id=swinne000mas,,,
Luke Vaughn,18,2024,Alabama,SEC,8,9,5,1,0,0,0,0,0,0,0,2,4,0,0.375,0,0.375,0,0,1,1,0,0,,player.fcgi?id=vaughn000luk,,,
Richie Bonomolo,21,2025,Alabama,SEC,59,260,209,53,65,17,2,8,52,16,1,40,46,0.311,0.416,0.526,0.943,110,2,2,3,6,0,,player.fcgi?id=bonome000ric,,,
Ahmaad Duff,19,2025,Alabama,SEC,1,0,0,1,0,0,0,0,0,0,0,0,0,,,,,0,0,0,0,0,0,,player.fcgi?id=duff--000ahm,,,
Bryce Fowler*,22,2025,Alabama,SEC,59,283,236,47,63,9,0,7,43,12,3,35,39,0.267,0.381,0.394,0.775,93,3,9,2,1,0,,player.fcgi?id=fowler003bry,,,
Sean Griggs*,20,2025,Alabama,SEC,1,2,2,0,0,0,0,0,0,0,0,0,1,0,0,0,0,0,0,0,0,0,0,,player.fcgi?id=griggs000sea,,,
Will Hodo*,22,2025,Alabama,SEC,59,259,205,51,58,9,3,15,47,3,0,33,61,0.283,0.425,0.576,1,118,3,19,0,2,1,,player.fcgi?id=hodo--000wil,,,
Justin Lebron,20,2025,Alabama,SEC,59,281,231,60,73,18,1,18,72,17,1,35,68,0.316,0.421,0.636,1.058,147,0,10,1,4,3,,player.fcgi?id=lebron002jus,,,
Coleman Mizell*,20,2025,Alabama,SEC,48,192,157,25,36,6,0,6,20,3,0,30,45,0.229,0.37,0.382,0.752,60,0,5,0,0,0,,player.fcgi?id=mizell000col,,,
Andre Modugno,19,2025,Alabama,SEC,1,1,0,0,0,0,0,0,0,0,0,1,0,,1,,,0,0,0,0,0,0,,player.fcgi?id=modugn000and,,,
Brady Neal*,20,2025,Alabama,SEC,41,165,128,40,28,6,0,3,19,0,0,29,40,0.219,0.373,0.336,0.709,43,0,3,4,1,0,,player.fcgi?id=neal--000bra,,,
Brennen Norton,22,2025,Alabama,SEC,44,157,138,31,32,7,0,7,22,1,0,11,31,0.232,0.319,0.435,0.753,60,4,7,0,1,0,,player.fcgi?id=norton001bre,,,
Will Plattner,21,2025,Alabama,SEC,26,102,87,20,23,8,0,1,13,0,0,13,24,0.264,0.363,0.391,0.754,34,2,1,0,1,0,,player.fcgi?id=plattn000wil,,,
Kade Snell*,22,2025,Alabama,SEC,58,261,212,49,77,13,1,10,52,0,1,38,18,0.363,0.464,0.576,1.039,122,2,6,0,5,5,,player.fcgi?id=snell-000kad,,,
Garrett Staton,23,2025,Alabama,SEC,33,117,104,17,28,7,0,7,31,0,1,6,39,0.269,0.342,0.539,0.88,56,1,6,0,1,0,,player.fcgi?id=staton000gar,,,
Peyton Steele,19,2025,Alabama,SEC,8,12,12,2,4,1,0,1,2,0,0,0,3,0.333,0.333,0.667,1,8,0,0,0,0,0,,player.fcgi?id=steele000pey,,,
Jason Torres,21,2025,Alabama,SEC,59,260,212,37,54,5,1,11,37,0,0,35,83,0.255,0.392,0.443,0.836,94,2,13,0,0,0,,player.fcgi?id=torres002jas,,,
JoJo Williamson*,20,2025,Alabama,SEC,2,2,1,1,0,0,0,0,0,0,0,1,0,0,0.5,0,0.5,0,0,0,0,0,0,,player.fcgi?id=willia000joj,,,
Jon Young*,19,2025,Alabama,SEC,14,25,22,3,3,0,0,0,0,0,0,1,7,0.136,0.208,0.136,0.345,3,1,1,1,0,0,,player.fcgi?id=young-002jon,,,
Caleb Barnett,19,2026,Alabama,SEC,9,14,10,0,2,1,0,0,5,0,0,3,5,0.2,0.429,0.3,0.729,3,0,1,0,0,0,,player.fcgi?id=barnet001cal,,,
Joe Chiarodo,--,2026,Alabama,SEC,6,2,2,0,1,0,0,0,0,0,0,0,1,0.5,0.5,0.5,1,1,0,0,0,0,0,,player.fcgi?id=chiaro000joe,,,
Bryce Fowler*,23,2026,Alabama,SEC,62,288,244,56,78,19,2,6,40,15,2,32,63,0.32,0.413,0.488,0.901,119,1,9,0,3,0,,player.fcgi?id=fowler003bry,,,
Eric Hines,19,2026,Alabama,SEC,39,147,135,26,39,4,1,9,24,0,0,6,49,0.289,0.34,0.533,0.873,72,2,5,0,1,2,,player.fcgi?id=hines-000eri,,,
Brennan Holt*,23,2026,Alabama,SEC,63,252,202,35,49,8,1,2,23,15,2,32,63,0.243,0.38,0.322,0.702,65,4,14,2,2,0,,player.fcgi?id=holt--000bre,,,
Chase Kroberger,19,2026,Alabama,SEC,26,32,28,8,4,0,0,1,3,2,0,3,12,0.143,0.25,0.25,0.5,7,0,1,0,0,0,,player.fcgi?id=krober000cha,,,
Justin Lebron,21,2026,Alabama,SEC,61,285,238,58,66,13,0,16,48,42,1,27,56,0.277,0.386,0.534,0.92,127,2,17,0,3,2,,player.fcgi?id=lebron002jus,,,
John Lemm*,23,2026,Alabama,SEC,58,240,194,43,49,9,1,10,34,1,0,34,55,0.253,0.389,0.464,0.853,90,1,10,1,1,0,,player.fcgi?id=lemm--000joh,,,
Brady Neal*,21,2026,Alabama,SEC,61,261,209,39,66,15,1,10,51,4,2,35,50,0.316,0.429,0.541,0.969,113,4,10,2,5,3,,player.fcgi?id=neal--000bra,,,
Justin Osterhouse*,21,2026,Alabama,SEC,37,124,97,20,22,4,0,3,15,7,1,19,21,0.227,0.382,0.361,0.743,35,2,6,1,1,0,,player.fcgi?id=osterh000jus,,,
Will Plattner,22,2026,Alabama,SEC,30,97,81,10,14,4,0,2,11,1,0,9,25,0.173,0.281,0.296,0.578,24,2,4,1,2,0,,player.fcgi?id=plattn000wil,,,
Andrew Purdy*,20,2026,Alabama,SEC,24,66,52,13,9,1,1,1,12,0,0,8,20,0.173,0.333,0.289,0.622,15,1,5,0,1,0,,player.fcgi?id=purdy-000and,,,
Peyton Steele,20,2026,Alabama,SEC,50,172,149,24,33,4,1,2,25,0,0,20,49,0.222,0.314,0.302,0.616,45,4,1,0,2,0,,player.fcgi?id=steele000pey,,,
Evan Taylor,--,2026,Alabama,SEC,7,7,6,1,1,1,0,0,2,0,0,0,1,0.167,0.286,0.333,0.619,2,0,1,0,0,0,,player.fcgi?id=taylor002eva,,,
Jason Torres,22,2026,Alabama,SEC,63,271,221,31,51,9,1,9,51,0,0,36,64,0.231,0.35,0.403,0.752,89,6,6,5,3,1,,player.fcgi?id=torres002jas,,,
Luke Vaughn,20,2026,Alabama,SEC,55,211,166,39,36,9,1,9,32,0,0,27,38,0.217,0.365,0.446,0.811,74,4,13,3,2,0,,player.fcgi?id=vaughn000luk,,,
JoJo Williamson*,21,2026,Alabama,SEC,14,19,15,6,4,0,0,1,3,0,0,2,5,0.267,0.421,0.467,0.888,7,0,2,0,0,0,,player.fcgi?id=willia000joj,,,
Temo Becerra,23,2026,Texas,SEC,61,278,226,50,68,12,1,6,42,13,0,42,54,0.301,0.419,0.443,0.861,100,2,6,1,3,0,,player.fcgi?id=becerr000tem,,,
Casey Borba,22,2026,Texas,SEC,61,266,222,49,59,10,0,18,57,5,1,32,81,0.266,0.365,0.554,0.919,123,7,5,3,4,2,,player.fcgi?id=borba-000cas,,,
Presley Courville,20,2026,Texas,SEC,16,28,24,3,6,1,0,0,2,1,0,2,8,0.25,0.308,0.292,0.599,7,0,0,2,0,0,,player.fcgi?id=courvi000pre,,,
Jayden Duplantier,22,2026,Texas,SEC,47,116,94,25,24,4,0,2,19,11,1,17,26,0.255,0.372,0.362,0.733,34,1,1,3,1,0,,player.fcgi?id=duplan000jay,,,
Callum Early*,20,2026,Texas,SEC,11,6,5,1,0,0,0,0,0,1,0,0,2,0,0.167,0,0.167,0,0,1,0,0,0,,player.fcgi?id=early-000cal,,,
Andrew Ermis,20,2026,Texas,SEC,14,28,17,4,6,0,0,0,5,0,2,8,7,0.353,0.571,0.353,0.924,6,0,2,0,1,0,,player.fcgi?id=ermis-000and,,,
Ashton Larson*,21,2026,Texas,SEC,56,172,128,21,33,7,0,1,16,3,0,36,35,0.258,0.433,0.336,0.769,43,4,5,1,2,1,,player.fcgi?id=larson000ash,,,
Josh Livingston*,23,2026,Texas,SEC,35,97,80,18,18,5,0,4,21,2,0,13,28,0.225,0.351,0.438,0.788,35,2,3,0,1,0,,player.fcgi?id=living001jos,,,
Ethan Mendoza,21,2026,Texas,SEC,60,283,230,52,64,14,1,10,50,11,1,40,33,0.278,0.389,0.478,0.867,110,4,6,0,7,0,,player.fcgi?id=mendoz000eth,,,
Maddox Monsour,20,2026,Texas,SEC,36,61,54,12,10,0,1,1,10,7,1,6,27,0.185,0.267,0.278,0.545,15,0,0,1,0,0,,player.fcgi?id=monsou000mad,,,
Anthony Pack*,19,2026,Texas,SEC,61,275,217,61,77,16,0,12,56,21,3,47,40,0.355,0.48,0.595,1.075,129,2,8,0,3,1,,player.fcgi?id=pack--000ant,,,
Dariyan Pendergrass*,23,2026,Texas,SEC,20,58,42,11,8,1,0,0,6,4,1,9,8,0.191,0.364,0.214,0.578,9,0,3,3,1,0,,player.fcgi?id=pender003dar,,,
Blake Peterson,21,2026,Texas,SEC,7,5,5,1,0,0,0,0,1,0,0,0,1,0,0,0,0,0,0,0,0,0,0,,player.fcgi?id=peters008bla,,,
Aiden Robbins,21,2026,Texas,SEC,60,284,237,68,79,10,2,24,64,12,1,39,65,0.333,0.426,0.696,1.122,165,2,3,0,5,0,,player.fcgi?id=robbin000aid,,,
Adrian Rodriguez#,20,2026,Texas,SEC,53,249,208,47,68,18,3,5,47,14,4,33,34,0.327,0.417,0.514,0.931,107,3,2,2,4,2,,player.fcgi?id=rodrig014adr,,,
Carson Tinney,21,2026,Texas,SEC,61,286,218,68,71,13,0,22,58,10,1,55,66,0.326,0.483,0.688,1.171,150,1,12,0,1,0,,player.fcgi?id=tinney000car,,,
Jonah Williams*,19,2026,Texas,SEC,8,29,23,5,7,2,0,0,4,0,0,4,5,0.304,0.414,0.391,0.805,9,1,1,0,1,0,,player.fcgi?id=willia012jon,,,
Max Belyeu*,21,2025,Texas,SEC,32,156,132,26,40,7,1,9,29,4,3,21,39,0.303,0.41,0.576,0.986,76,0,3,0,0,3,,player.fcgi?id=belyeu000max,,,
Casey Borba,21,2025,Texas,SEC,51,200,162,26,45,10,1,12,47,3,0,33,47,0.278,0.41,0.574,0.984,93,3,4,0,1,0,,player.fcgi?id=borba-000cas,,,
Cole Chamberlain*,19,2025,Texas,SEC,22,54,37,9,5,2,0,0,3,0,0,15,15,0.135,0.407,0.189,0.597,7,2,2,0,0,0,,player.fcgi?id=chambe001col,,,
Jayden Duplantier,21,2025,Texas,SEC,30,57,43,9,7,3,0,0,4,6,3,11,15,0.163,0.346,0.233,0.578,10,1,1,2,0,0,,player.fcgi?id=duplan000jay,,,
Tommy Farmer,21,2025,Texas,SEC,58,213,177,31,44,13,0,1,25,7,5,25,65,0.249,0.371,0.339,0.71,60,0,10,0,1,0,,player.fcgi?id=farmer000tom,,,
Jalin Flores,21,2025,Texas,SEC,58,268,234,48,56,18,1,13,54,4,2,23,59,0.239,0.317,0.492,0.809,115,7,6,0,5,1,,player.fcgi?id=flores000jal,,,
Rylan Galvan,22,2025,Texas,SEC,56,239,186,54,55,14,0,15,47,9,3,47,66,0.296,0.452,0.613,1.065,114,2,6,0,0,1,,player.fcgi?id=galvan000ryl,,,
Will Gasparino,20,2025,Texas,SEC,58,245,211,44,51,14,2,13,49,5,0,29,63,0.242,0.339,0.512,0.851,108,1,3,0,2,2,,player.fcgi?id=gaspar002wil,,,
Ethan Mendoza,20,2025,Texas,SEC,56,268,225,53,75,9,4,5,34,15,1,36,47,0.333,0.437,0.476,0.912,107,2,6,0,1,1,,player.fcgi?id=mendoz000eth,,,
Adrian Rodriguez#,19,2025,Texas,SEC,49,212,182,35,57,14,1,7,23,15,1,22,38,0.313,0.41,0.517,0.927,94,3,8,0,0,0,,player.fcgi?id=rodrig014adr,,,
Kimble Schuessler,23,2025,Texas,SEC,58,260,231,48,72,15,1,8,45,7,2,22,43,0.312,0.377,0.489,0.866,113,2,4,0,3,0,,player.fcgi?id=schues000kim,,,
Matthew Scott,19,2025,Texas,SEC,5,4,3,0,0,0,0,0,0,0,0,0,3,0,0.25,0,0.25,0,0,1,0,0,0,,player.fcgi?id=scott-010mat,,,
Oliver Service,19,2025,Texas,SEC,5,3,3,1,0,0,0,0,0,0,0,0,2,0,0,0,0,0,0,0,0,0,0,,player.fcgi?id=servic000oli,,,
Jaquae Stewart*,20,2025,Texas,SEC,23,55,47,5,7,2,0,1,5,0,0,6,18,0.149,0.273,0.255,0.528,12,2,2,0,0,0,,player.fcgi?id=stewar000jaq,,,
Jonah Williams*,18,2025,Texas,SEC,20,60,55,8,18,3,0,0,10,3,0,3,13,0.327,0.383,0.382,0.765,21,0,2,0,0,0,,player.fcgi?id=willia012jon,,,
Easton Winfield,19,2025,Texas,SEC,24,58,52,11,13,4,0,1,8,1,0,6,23,0.25,0.328,0.385,0.712,20,1,0,0,0,0,,player.fcgi?id=winfie000eas,,,
Cade Arrambide,20,2026,LSU,SEC,52,223,189,44,60,8,0,18,51,0,0,28,63,0.318,0.417,0.646,1.063,122,4,5,0,1,0,,player.fcgi?id=arramb000cad,,,
Mason Braun*,19,2026,LSU,SEC,53,187,140,30,44,5,1,3,21,1,1,35,33,0.314,0.475,0.429,0.904,60,2,8,4,0,1,,player.fcgi?id=braun-000mas,,,
Jake Brown*,21,2026,LSU,SEC,42,194,165,43,51,7,0,16,49,9,1,23,32,0.309,0.404,0.642,1.047,106,3,4,1,1,1,,player.fcgi?id=brown-014jak,,,
Trent Caraway,22,2026,LSU,SEC,30,87,74,14,18,3,1,2,16,1,0,7,17,0.243,0.321,0.392,0.713,29,3,2,3,1,0,,player.fcgi?id=carawa000tre,,,
Ethan Clauss*,19,2026,LSU,SEC,11,4,4,2,1,0,1,0,1,0,0,0,1,0.25,0.25,0.75,1,3,0,0,0,0,0,,player.fcgi?id=clauss000eth,,,
Derek Curiel*,21,2026,LSU,SEC,58,274,232,64,82,18,2,6,46,13,2,34,43,0.353,0.431,0.526,0.957,122,3,2,0,6,0,,player.fcgi?id=curiel000der,,,
Seth Dardar*,24,2026,LSU,SEC,43,153,123,21,32,12,1,5,29,1,0,23,32,0.26,0.388,0.496,0.884,61,1,4,1,2,1,,player.fcgi?id=dardar000set,,,
Daniel Harden*,21,2026,LSU,SEC,22,28,19,7,2,0,0,1,2,0,0,4,7,0.105,0.393,0.263,0.656,5,0,5,0,0,0,,player.fcgi?id=harden000dan,,,
Steven Milam#,21,2026,LSU,SEC,58,271,223,53,66,15,1,11,49,3,3,35,23,0.296,0.417,0.52,0.937,116,4,12,0,1,1,,player.fcgi?id=milam-000ste,,,
William Patrick,20,2026,LSU,SEC,33,51,41,17,9,1,0,0,6,1,1,5,15,0.22,0.333,0.244,0.577,10,0,2,3,0,0,,player.fcgi?id=patric000wil,,,
John Pearson,21,2026,LSU,SEC,40,134,114,19,29,4,0,8,24,3,0,13,27,0.254,0.351,0.5,0.851,57,1,5,0,2,0,,player.fcgi?id=pearso002joh,,,
Tanner Reaves*,23,2026,LSU,SEC,32,84,67,8,14,2,0,0,6,3,1,16,17,0.209,0.369,0.239,0.608,16,2,1,0,0,0,,player.fcgi?id=reaves000tan,,,
Jack Ruckert*,19,2026,LSU,SEC,39,82,69,14,16,5,0,0,9,0,1,9,11,0.232,0.325,0.304,0.629,21,1,1,2,1,0,,player.fcgi?id=rucker002jac,,,
Omar Serna,19,2026,LSU,SEC,50,185,159,37,49,10,0,9,37,2,0,14,39,0.308,0.395,0.541,0.936,86,3,10,0,2,0,,player.fcgi?id=serna-000oma,,,
Brayden Simpson,22,2026,LSU,SEC,26,59,49,10,13,4,0,1,9,0,0,8,23,0.265,0.379,0.408,0.788,20,2,1,1,0,0,,player.fcgi?id=simpso002bra,,,
Chris Stanfield,22,2026,LSU,SEC,35,138,114,21,26,3,0,3,12,1,1,19,32,0.228,0.346,0.333,0.679,38,3,2,2,1,0,,player.fcgi?id=stanfi000chr,,,
Eddie Yamin,22,2026,LSU,SEC,29,51,41,9,9,2,0,2,7,1,0,2,18,0.22,0.353,0.415,0.768,17,0,7,0,1,0,,player.fcgi?id=yamin-000edd,,,
Zach Yorke*,22,2026,LSU,SEC,41,158,115,28,26,2,0,6,19,3,1,31,35,0.226,0.411,0.4,0.811,46,2,8,0,4,0,,player.fcgi?id=yorke-000zac,,,
Cade Arrambide,19,2025,LSU,SEC,36,75,62,11,15,3,0,4,14,0,0,9,25,0.242,0.351,0.484,0.835,30,1,2,1,1,0,,player.fcgi?id=arramb000cad,,,
Dalton Beck*,23,2025,LSU,SEC,17,13,10,3,3,0,0,0,3,0,0,3,3,0.3,0.462,0.3,0.762,3,0,0,0,0,0,,player.fcgi?id=beck--000dal,,,
Michael Braswell,22,2025,LSU,SEC,65,185,148,20,28,6,0,2,18,0,0,19,35,0.189,0.309,0.27,0.579,40,1,7,10,1,0,,player.fcgi?id=braswe000mic,,,
Jake Brown*,20,2025,LSU,SEC,64,212,178,45,57,9,2,8,48,11,6,23,34,0.32,0.407,0.528,0.935,94,2,5,3,3,0,,player.fcgi?id=brown-014jak,,,
Ryan Costello*,19,2025,LSU,SEC,15,13,8,3,0,0,0,0,1,0,0,4,4,0,0.308,0,0.308,0,0,0,0,1,0,,player.fcgi?id=costel005rya,,,
Derek Curiel*,20,2025,LSU,SEC,68,323,258,67,89,20,2,7,55,3,3,53,56,0.345,0.47,0.519,0.99,134,5,9,2,1,2,,player.fcgi?id=curiel000der,,,
Daniel Dickinson,21,2025,LSU,SEC,68,305,238,67,75,14,0,12,49,9,4,40,42,0.315,0.459,0.525,0.984,125,2,23,4,0,1,,player.fcgi?id=dickin000dan,,,
Ethan Frey,21,2025,LSU,SEC,62,212,181,43,60,15,1,13,50,4,0,29,47,0.332,0.42,0.641,1.061,116,2,0,0,2,1,,player.fcgi?id=frey--001eth,,,
Luis Hernandez,22,2025,LSU,SEC,54,201,174,32,47,11,1,9,33,5,0,10,35,0.27,0.349,0.5,0.849,87,5,12,3,2,0,,player.fcgi?id=hernan029lui,,,
David Hogg,19,2025,LSU,SEC,12,3,2,1,0,0,0,0,1,1,0,1,2,0,0.333,0,0.333,0,0,0,0,0,0,,player.fcgi?id=hogg--002dav,,,
Jared Jones,21,2025,LSU,SEC,68,326,279,66,90,15,0,22,76,5,4,38,85,0.323,0.414,0.613,1.027,171,4,7,0,2,3,,player.fcgi?id=jones-013jar,,,
Ashton Larson*,20,2025,LSU,SEC,34,52,39,7,10,3,0,2,12,1,0,9,14,0.256,0.423,0.487,0.91,19,0,3,0,1,0,,player.fcgi?id=larson000ash,,,
Steven Milam#,20,2025,LSU,SEC,68,295,241,50,71,14,2,11,57,2,2,41,27,0.295,0.398,0.506,0.904,122,4,5,1,7,0,,player.fcgi?id=milam-000ste,,,
Mic Paul*,21,2025,LSU,SEC,25,14,8,6,2,0,0,0,0,0,0,4,4,0.25,0.539,0.25,0.789,2,0,1,1,0,0,,player.fcgi?id=paul--004mic,,,
John Pearson,20,2025,LSU,SEC,27,26,21,5,5,1,0,2,7,0,0,4,9,0.238,0.346,0.571,0.918,12,0,0,0,1,0,,player.fcgi?id=pearso002joh,,,
Josh Pearson*,22,2025,LSU,SEC,55,178,135,37,39,7,0,7,33,5,0,23,26,0.289,0.434,0.496,0.931,67,0,14,3,3,2,,player.fcgi?id=pearso002jos,,,
Blaise Priester,22,2025,LSU,SEC,13,7,7,0,0,0,0,0,0,0,0,0,3,0,0,0,0,0,0,0,0,0,0,,player.fcgi?id=priest000bla,,,
Tanner Reaves*,22,2025,LSU,SEC,43,79,65,18,17,3,0,3,12,0,0,12,15,0.262,0.372,0.446,0.818,29,1,0,1,1,0,,player.fcgi?id=reaves000tan,,,
Mikey Ryan,19,2025,LSU,SEC,16,5,3,2,1,0,0,0,0,0,0,2,2,0.333,0.6,0.333,0.933,1,0,0,0,0,0,,player.fcgi?id=ryan--008mik,,,
Chris Stanfield,21,2025,LSU,SEC,68,255,208,53,62,15,2,1,31,5,1,36,52,0.298,0.414,0.404,0.818,84,5,6,4,1,0,,player.fcgi?id=stanfi000chr,,,
Mac Bingham,23,2024,LSU,SEC,60,200,167,27,42,5,0,8,26,2,3,21,39,0.252,0.372,0.425,0.797,71,1,11,1,0,0,,player.fcgi?id=bingha000sea,,,
Michael Braswell,21,2024,LSU,SEC,64,256,212,46,66,12,3,4,36,3,0,29,38,0.311,0.411,0.453,0.864,96,5,9,3,3,0,,player.fcgi?id=braswe000mic,,,
Jake Brown*,19,2024,LSU,SEC,56,108,91,23,24,4,0,4,13,3,1,10,21,0.264,0.37,0.44,0.81,40,3,6,0,1,0,,player.fcgi?id=brown-014jak,,,
Ethan Frey,20,2024,LSU,SEC,34,65,57,6,13,3,0,0,10,1,0,6,16,0.228,0.292,0.281,0.573,16,0,0,0,2,0,,player.fcgi?id=frey--001eth,,,
Gavin Guidry,20,2024,LSU,SEC,23,2,2,1,1,1,0,0,0,0,0,0,0,0.5,0.5,1,1.5,2,0,0,0,0,0,,player.fcgi?id=guidry000gav,,,
Jared Jones,20,2024,LSU,SEC,66,295,229,56,69,14,2,28,59,3,0,59,76,0.301,0.454,0.747,1.201,171,0,6,0,1,6,,player.fcgi?id=jones-013jar,,,
Paxton Kling,21,2024,LSU,SEC,61,173,126,27,28,9,0,1,21,8,2,27,43,0.222,0.409,0.318,0.727,40,1,15,2,3,0,,player.fcgi?id=kling-000pax,,,
Ryan Kucherak,19,2024,LSU,SEC,16,17,12,4,3,0,0,0,2,1,0,3,5,0.25,0.471,0.25,0.721,3,0,2,0,0,0,,player.fcgi?id=kucher000rya,,,
Ashton Larson*,19,2024,LSU,SEC,53,172,141,25,42,9,0,3,16,6,0,22,38,0.298,0.401,0.426,0.827,60,0,5,0,4,0,,player.fcgi?id=larson000ash,,,
Steven Milam#,19,2024,LSU,SEC,63,262,221,51,72,12,3,8,40,7,2,32,36,0.326,0.415,0.516,0.931,114,9,4,2,3,0,,player.fcgi?id=milam-000ste,,,
Alex Milazzo,23,2024,LSU,SEC,50,129,105,23,28,4,0,0,14,0,2,16,28,0.267,0.371,0.305,0.676,32,2,2,5,1,0,,player.fcgi?id=milazz001ale,,,
Brady Neal*,19,2024,LSU,SEC,44,142,116,25,32,8,0,9,31,0,1,20,35,0.276,0.409,0.578,0.986,67,2,6,0,0,0,,player.fcgi?id=neal--000bra,,,
Ben Nippolt*,23,2024,LSU,SEC,25,18,12,6,3,0,0,0,3,0,0,3,4,0.25,0.444,0.25,0.694,3,0,2,0,1,0,,player.fcgi?id=nippol000ben,,,
Josh Pearson*,21,2024,LSU,SEC,60,233,197,35,48,13,1,8,34,2,2,22,43,0.244,0.352,0.442,0.794,87,3,12,0,2,0,,player.fcgi?id=pearso002jos,,,
Zeb Ruddell*,20,2024,LSU,SEC,15,14,10,8,2,1,0,1,4,0,0,3,3,0.2,0.429,0.6,1.029,6,0,1,0,0,0,,player.fcgi?id=ruddel000har,,,
Hayden Travinski,23,2024,LSU,SEC,65,270,225,44,61,13,0,16,53,0,1,32,67,0.271,0.382,0.542,0.924,122,5,10,0,3,1,,player.fcgi?id=travin000hay,,,
Tommy White,21,2024,LSU,SEC,66,314,279,61,92,12,1,24,70,2,0,27,38,0.33,0.401,0.638,1.039,178,10,7,0,1,5,,player.fcgi?id=white-000tom,,,
Cade Beloso*,23,2023,LSU,SEC,58,237,185,43,60,5,1,16,49,2,2,38,32,0.324,0.462,0.622,1.084,115,3,11,1,2,1,,player.fcgi?id=beloso000cad,,,
Dylan Crews,21,2023,LSU,SEC,71,344,258,100,110,16,2,18,70,6,0,71,46,0.426,0.567,0.713,1.28,184,4,14,0,1,5,,player.fcgi?id=crews-000dyl,,,
Gavin Dugas,23,2023,LSU,SEC,68,307,224,74,65,12,2,17,46,1,0,44,63,0.29,0.464,0.589,1.053,132,6,33,1,5,0,,player.fcgi?id=dugas-000gav,,,
Ethan Frey,19,2023,LSU,SEC,19,23,19,3,5,1,0,0,9,0,1,3,6,0.263,0.348,0.316,0.664,6,0,0,0,1,0,,player.fcgi?id=frey--001eth,,,
Gavin Guidry,19,2023,LSU,SEC,35,9,7,4,1,0,0,0,1,0,0,1,4,0.143,0.333,0.143,0.476,1,0,1,0,0,0,,player.fcgi?id=guidry000gav,,,
Brayden Jobert*,22,2023,LSU,SEC,60,230,193,40,58,11,2,14,49,4,2,22,59,0.301,0.409,0.596,1.005,115,3,14,0,1,0,,player.fcgi?id=jobert000bra,,,
Jared Jones,19,2023,LSU,SEC,55,202,161,37,49,12,0,14,45,2,0,36,69,0.304,0.426,0.64,1.066,103,0,1,0,4,0,,player.fcgi?id=jones-013jar,,,
Paxton Kling,20,2023,LSU,SEC,57,106,90,29,26,5,2,4,9,3,0,9,27,0.289,0.391,0.522,0.913,47,0,6,1,0,0,,player.fcgi?id=kling-000pax,,,
Jack Merrifield,23,2023,LSU,SEC,27,16,10,2,0,0,0,0,4,0,1,3,1,0,0.25,0,0.25,0,3,1,0,2,0,,player.fcgi?id=merrif000jac,,,
Alex Milazzo,22,2023,LSU,SEC,53,118,97,21,28,1,0,0,15,1,0,12,23,0.289,0.369,0.299,0.668,29,5,1,7,1,0,,player.fcgi?id=milazz001ale,,,
Tre' Morgan*,20,2023,LSU,SEC,69,330,269,66,85,15,4,9,53,0,1,35,33,0.316,0.418,0.502,0.92,135,5,18,0,8,0,,player.fcgi?id=morgan002tre,,,
Brady Neal*,18,2023,LSU,SEC,26,95,67,18,14,1,1,3,9,0,0,21,27,0.209,0.411,0.388,0.799,26,0,4,0,3,1,,player.fcgi?id=neal--000bra,,,
Ben Nippolt*,22,2023,LSU,SEC,51,60,43,9,8,1,0,0,7,1,1,10,9,0.186,0.362,0.209,0.571,9,1,3,2,2,0,,player.fcgi?id=nippol000ben,,,
Mic Paul*,19,2023,LSU,SEC,12,10,9,5,1,0,0,0,0,0,0,1,3,0.111,0.2,0.111,0.311,1,0,0,0,0,0,,player.fcgi?id=paul--004mic,,,
Josh Pearson*,20,2023,LSU,SEC,55,178,137,30,31,4,3,4,27,1,0,33,40,0.226,0.393,0.387,0.78,53,0,6,0,2,0,,player.fcgi?id=pearso002jos,,,
Josh Stevenson*,21,2023,LSU,SEC,24,10,10,9,1,0,0,0,1,0,0,0,4,0.1,0.1,0.1,0.2,1,0,0,0,0,0,,player.fcgi?id=steven008jos,,,
Jordan Thompson,21,2023,LSU,SEC,71,313,256,50,63,12,1,11,53,7,2,33,71,0.246,0.365,0.43,0.794,110,1,17,3,4,0,,player.fcgi?id=thomps002jor,,,
Hayden Travinski,22,2023,LSU,SEC,41,127,104,30,37,5,0,10,30,2,0,18,25,0.356,0.465,0.692,1.157,72,3,4,0,1,1,,player.fcgi?id=travin000hay,,,
Tommy White,20,2023,LSU,SEC,66,310,273,64,102,24,0,24,105,0,0,23,41,0.374,0.432,0.725,1.158,198,9,9,0,5,9,,player.fcgi?id=white-000tom,,,
Cade Beloso*,22,2022,LSU,SEC,3,2,2,0,0,0,0,0,0,0,0,0,1,0,0,0,0,0,0,0,0,0,0,,player.fcgi?id=beloso000cad,,,
Jacob Berry#,21,2022,LSU,SEC,53,248,208,47,77,9,0,15,48,0,0,27,22,0.37,0.464,0.63,1.094,131,7,11,0,2,3,,player.fcgi?id=berry-003jac,,,
Drew Bianco,22,2022,LSU,SEC,34,50,39,12,5,1,0,0,4,3,1,5,18,0.128,0.306,0.154,0.46,6,0,5,1,0,0,,player.fcgi?id=bianco000dre,,,
Collier Cranford,21,2022,LSU,SEC,31,60,45,15,6,2,1,0,6,0,0,7,16,0.133,0.328,0.222,0.55,10,0,6,2,0,0,,player.fcgi?id=cranfo000col,,,
Dylan Crews,20,2022,LSU,SEC,62,307,249,73,87,11,4,22,72,5,2,42,56,0.349,0.463,0.691,1.153,172,1,13,0,3,0,,player.fcgi?id=crews-000dyl,,,
Gio DiGiacomo*,22,2022,LSU,SEC,36,83,68,11,14,3,0,3,13,2,0,7,23,0.206,0.329,0.382,0.712,26,0,6,1,1,0,,player.fcgi?id=digiac000gio,,,
Cade Doughty,21,2022,LSU,SEC,59,282,238,56,71,19,0,15,57,4,1,29,49,0.298,0.393,0.567,0.96,135,2,10,2,3,1,,player.fcgi?id=dought000cad,,,
Brody Drost*,19,2022,LSU,SEC,2,2,2,0,0,0,0,0,0,0,0,0,2,0,0,0,0,0,0,0,0,0,0,,player.fcgi?id=drost-000bro,,,
Gavin Dugas,22,2022,LSU,SEC,39,146,108,26,33,8,0,5,25,3,0,22,39,0.306,0.48,0.519,0.998,56,2,15,0,1,0,,player.fcgi?id=dugas-000gav,,,
Brennan Holt*,19,2022,LSU,SEC,5,4,4,0,0,0,0,0,0,0,0,0,2,0,0,0,0,0,0,0,0,0,0,,player.fcgi?id=holt--000bre,,,
Brayden Jobert*,21,2022,LSU,SEC,59,238,199,46,49,10,1,18,58,1,1,28,50,0.246,0.354,0.578,0.932,115,1,7,1,3,3,,player.fcgi?id=jobert000bra,,,
Luke Leto*,19,2022,LSU,SEC,13,13,10,2,1,0,0,0,1,0,0,2,2,0.1,0.308,0.1,0.408,1,0,1,0,0,0,,player.fcgi?id=leto--000luk,,,
Tyler McManus,23,2022,LSU,SEC,51,175,145,33,41,6,4,10,32,0,0,19,49,0.283,0.387,0.586,0.974,85,2,7,2,2,0,,player.fcgi?id=mcmanu000tyl,,,
Jack Merrifield,22,2022,LSU,SEC,28,56,42,9,10,3,0,0,10,1,0,6,8,0.238,0.359,0.31,0.668,13,0,3,3,2,0,,player.fcgi?id=merrif000jac,,,
Alex Milazzo,21,2022,LSU,SEC,12,30,22,5,5,0,0,0,4,0,0,4,7,0.227,0.346,0.227,0.574,5,0,0,4,0,0,,player.fcgi?id=milazz001ale,,,
Tre' Morgan*,19,2022,LSU,SEC,62,295,253,50,82,18,1,5,54,0,1,25,26,0.324,0.414,0.463,0.876,117,5,15,0,2,1,,player.fcgi?id=morgan002tre,,,
Josh Pearson*,19,2022,LSU,SEC,51,185,147,34,44,9,0,8,35,0,0,22,41,0.299,0.432,0.524,0.956,77,1,14,0,2,0,,player.fcgi?id=pearso002jos,,,
Will Safford*,21,2022,LSU,SEC,6,6,5,0,0,0,0,0,0,0,0,0,3,0,0.167,0,0.167,0,0,1,0,0,0,,player.fcgi?id=saffor000wil,,,
Josh Stevenson*,20,2022,LSU,SEC,40,89,65,17,13,4,0,1,9,0,0,17,31,0.2,0.379,0.308,0.687,20,1,3,2,2,0,,player.fcgi?id=steven008jos,,,
Jordan Thompson,20,2022,LSU,SEC,62,267,220,54,63,14,0,6,36,3,1,35,44,0.286,0.395,0.432,0.827,95,6,6,4,2,0,,player.fcgi?id=thomps002jor,,,
Hayden Travinski,21,2022,LSU,SEC,33,74,62,13,15,3,0,6,13,0,0,9,24,0.242,0.356,0.581,0.937,36,2,2,1,0,0,,player.fcgi?id=travin000hay,,,
Zach Arnold,20,2021,LSU,SEC,49,171,155,25,43,4,0,7,26,2,1,9,40,0.277,0.325,0.439,0.764,68,,3,2,2,0,,player.fcgi?id=arnold001zac,,,
Matthew Beck,23,2021,LSU,SEC,4,1,1,0,1,0,0,0,0,0,0,0,0,1,1,1,2,1,,0,0,0,0,,player.fcgi?id=beck--002mat,,,
Cade Beloso*,21,2021,LSU,SEC,51,199,164,21,37,10,1,3,29,0,0,23,24,0.226,0.347,0.354,0.7,58,,9,0,3,2,,player.fcgi?id=beloso000cad,,,
Drew Bianco,21,2021,LSU,SEC,50,145,118,24,29,3,0,7,21,7,3,17,38,0.246,0.378,0.449,0.827,53,,8,2,0,1,,player.fcgi?id=bianco000dre,,,
Collier Cranford,20,2021,LSU,SEC,31,55,47,7,5,1,0,0,4,0,0,4,17,0.106,0.192,0.128,0.32,6,,1,3,0,0,,player.fcgi?id=cranfo000col,,,
Dylan Crews,19,2021,LSU,SEC,63,287,246,64,89,16,2,18,42,12,3,39,44,0.362,0.453,0.663,1.116,163,,2,0,0,6,,player.fcgi?id=crews-000dyl,,,
Gio DiGiacomo*,21,2021,LSU,SEC,31,108,99,17,29,4,1,2,16,5,2,3,29,0.293,0.33,0.414,0.744,41,,3,2,1,0,,player.fcgi?id=digiac000gio,,,
Braden Doughty,22,2021,LSU,SEC,22,22,19,3,4,0,1,0,4,0,0,3,7,0.211,0.318,0.316,0.634,6,,0,0,0,0,,player.fcgi?id=dought000bra,,,
Cade Doughty,20,2021,LSU,SEC,58,258,227,41,70,11,2,13,55,1,2,22,32,0.308,0.368,0.546,0.915,124,,3,0,6,1,,player.fcgi?id=dought000cad,,,
Brody Drost*,18,2021,LSU,SEC,37,98,84,14,19,3,0,5,14,1,0,12,31,0.226,0.327,0.441,0.767,37,,1,0,1,0,,player.fcgi?id=drost-000bro,,,
Gavin Dugas,21,2021,LSU,SEC,62,268,220,54,65,13,3,19,66,1,5,26,63,0.296,0.407,0.641,1.048,141,,18,0,4,3,,player.fcgi?id=dugas-000gav,,,
Maurice Hampton,19,2021,LSU,SEC,5,5,4,3,2,1,0,0,1,0,0,1,1,0.5,0.6,0.75,1.35,3,,0,0,0,0,,player.fcgi?id=hampto000mau,,,
Will Hellmers,19,2021,LSU,SEC,20,7,6,0,0,0,0,0,0,0,0,1,2,0,0.143,0,0.143,0,,0,0,0,0,,player.fcgi?id=hellme000wil,,,
Alex Milazzo,20,2021,LSU,SEC,52,149,126,13,17,4,1,0,7,0,1,13,46,0.135,0.22,0.183,0.402,23,,1,8,1,0,,player.fcgi?id=milazz001ale,,,
Tre' Morgan*,18,2021,LSU,SEC,63,290,249,64,89,16,4,6,42,15,6,25,41,0.357,0.441,0.526,0.968,131,,14,0,2,0,,player.fcgi?id=morgan002tre,,,
Will Safford*,20,2021,LSU,SEC,26,44,35,8,3,0,0,0,1,2,0,7,9,0.086,0.273,0.086,0.358,3,,2,0,0,0,,player.fcgi?id=saffor000wil,,,
Mitchell Sanford*,20,2021,LSU,SEC,36,78,71,13,19,2,1,1,11,1,0,6,24,0.268,0.325,0.366,0.691,26,,0,1,0,0,,player.fcgi?id=sanfor000mit,,,
Jordan Thompson,19,2021,LSU,SEC,62,244,212,32,53,4,1,8,26,5,0,20,57,0.25,0.324,0.392,0.715,83,,4,6,2,0,,player.fcgi?id=thomps002jor,,,
Hayden Travinski,20,2021,LSU,SEC,29,59,48,10,13,1,0,4,13,0,0,10,19,0.271,0.39,0.542,0.932,26,,0,0,1,0,,player.fcgi?id=travin000hay,,,
Jake Wyeth,--,2021,LSU,SEC,27,39,34,1,4,2,0,0,6,0,0,3,14,0.118,0.18,0.177,0.356,6,,0,0,2,0,,player.fcgi?id=wyeth-000jak,,,
Zach Arnold,19,2020,LSU,SEC,2,2,2,0,0,0,0,0,0,0,0,0,0,0,0,0,0,0,,0,0,0,0,,player.fcgi?id=arnold001zac,,,
Cade Beloso*,20,2020,LSU,SEC,17,68,64,6,20,4,1,1,12,0,0,4,6,0.313,0.353,0.453,0.806,29,,0,0,0,1,,player.fcgi?id=beloso000cad,,,
Drew Bianco,20,2020,LSU,SEC,13,36,27,9,2,1,0,0,2,2,0,7,10,0.074,0.286,0.111,0.397,3,,1,1,0,0,,player.fcgi?id=bianco000dre,,,
Daniel Cabrera*,21,2020,LSU,SEC,17,73,58,14,20,3,0,2,12,6,0,14,12,0.345,0.466,0.5,0.966,29,,0,0,1,0,,player.fcgi?id=cabrer002dan,,,
Collier Cranford,19,2020,LSU,SEC,15,38,28,5,8,2,0,0,6,0,1,2,7,0.286,0.394,0.357,0.751,10,,3,5,0,0,,player.fcgi?id=cranfo000col,,,
Gio DiGiacomo*,20,2020,LSU,SEC,13,43,37,9,13,2,1,0,4,5,1,5,12,0.351,0.429,0.46,0.888,17,,0,1,0,0,,player.fcgi?id=digiac000gio,,,
Braden Doughty,21,2020,LSU,SEC,4,2,2,0,0,0,0,0,0,0,0,0,1,0,0,0,0,0,,0,0,0,0,,player.fcgi?id=dought000bra,,,
Cade Doughty,19,2020,LSU,SEC,16,63,54,7,15,1,0,2,12,4,1,5,8,0.278,0.365,0.407,0.773,22,,3,0,1,0,,player.fcgi?id=dought000cad,,,
Gavin Dugas,20,2020,LSU,SEC,13,34,28,6,8,0,0,3,5,0,1,4,10,0.286,0.412,0.607,1.019,17,,2,0,0,0,,player.fcgi?id=dugas-000gav,,,
Saul Garza,22,2020,LSU,SEC,14,56,48,9,11,1,1,3,12,0,0,6,12,0.229,0.321,0.479,0.801,23,,1,0,1,0,,player.fcgi?id=garza-000sau,,,
Maurice Hampton,18,2020,LSU,SEC,10,29,26,5,6,1,0,0,3,2,2,2,8,0.231,0.31,0.269,0.58,7,,1,0,0,0,,player.fcgi?id=hampto000mau,,,
Hal Hughes,21,2020,LSU,SEC,11,15,13,1,2,0,0,0,3,0,0,1,3,0.154,0.2,0.154,0.354,2,,0,0,1,0,,player.fcgi?id=hughes000hal,,,
Zack Mathis*,21,2020,LSU,SEC,17,76,61,10,16,1,1,1,9,1,0,10,15,0.262,0.368,0.361,0.729,22,,2,0,3,0,,player.fcgi?id=mathis000zac,,,
Alex Milazzo,19,2020,LSU,SEC,16,53,43,9,8,1,0,1,6,3,1,9,9,0.186,0.34,0.279,0.619,12,,1,0,0,0,,player.fcgi?id=milazz001ale,,,
Mitchell Sanford*,19,2020,LSU,SEC,9,16,12,5,3,0,0,0,2,1,0,2,3,0.25,0.4,0.25,0.65,3,,1,1,0,0,,player.fcgi?id=sanfor000mit,,,
Wes Toups*,19,2020,LSU,SEC,9,13,9,1,2,2,0,0,0,0,0,3,4,0.222,0.462,0.444,0.906,4,,1,0,0,0,,player.fcgi?id=toups-000wes,,,
Hayden Travinski,19,2020,LSU,SEC,9,17,17,1,1,0,0,1,1,0,0,0,7,0.059,0.059,0.235,0.294,4,,0,0,0,0,,player.fcgi?id=travin000hay,,,
CJ Willis*,19,2020,LSU,SEC,5,5,4,0,0,0,0,0,0,0,0,1,3,0,0.2,0,0.2,0,,0,0,0,0,,player.fcgi?id=willis000cj-,,,
Cade Beloso*,19,2019,LSU,SEC,62,251,219,30,61,3,0,10,52,1,1,19,41,0.279,0.339,0.429,0.768,94,,5,0,8,2,,player.fcgi?id=beloso000cad,,,
Drew Bianco,19,2019,LSU,SEC,39,91,68,16,12,3,0,3,14,1,0,7,23,0.177,0.348,0.353,0.701,24,,12,2,2,0,,player.fcgi?id=bianco000dre,,,
Brandt Broussard,23,2019,LSU,SEC,54,193,165,32,42,4,1,1,20,10,5,16,19,0.255,0.325,0.309,0.634,51,,3,5,4,0,,player.fcgi?id=brouss000bra,,,
Daniel Cabrera*,20,2019,LSU,SEC,59,256,225,40,64,12,2,12,50,1,0,24,54,0.284,0.359,0.516,0.875,116,,4,0,3,3,,player.fcgi?id=cabrer002dan,,,
Gio DiGiacomo*,19,2019,LSU,SEC,53,166,138,31,38,3,1,1,15,6,2,22,46,0.275,0.376,0.333,0.709,46,,2,1,3,0,,player.fcgi?id=digiac000gio,,,
Braden Doughty,20,2019,LSU,SEC,16,16,13,2,1,0,0,0,0,0,0,3,8,0.077,0.25,0.077,0.327,1,,0,0,0,0,,player.fcgi?id=dought000bra,,,
Gavin Dugas,19,2019,LSU,SEC,19,49,43,1,8,2,0,0,6,1,0,5,13,0.186,0.265,0.233,0.498,10,,0,0,1,0,,player.fcgi?id=dugas-000gav,,,
Antoine Duplantis*,22,2019,LSU,SEC,66,309,281,63,91,9,3,12,68,6,4,21,30,0.324,0.376,0.505,0.881,142,,3,3,1,1,,player.fcgi?id=duplan000ant,,,
Saul Garza,21,2019,LSU,SEC,50,162,145,20,44,10,0,5,27,0,0,10,34,0.303,0.358,0.476,0.834,69,,4,0,3,0,,player.fcgi?id=garza-000sau,,,
Hal Hughes,20,2019,LSU,SEC,53,175,149,20,26,2,0,0,11,2,3,19,28,0.175,0.289,0.188,0.477,28,,5,2,0,0,,player.fcgi?id=hughes000hal,,,
Brock Mathis,21,2019,LSU,SEC,48,153,122,19,20,4,1,3,12,0,0,19,39,0.164,0.291,0.287,0.577,35,,4,5,3,0,,player.fcgi?id=mathis000bro,,,
Clay Moffitt,--,2019,LSU,SEC,13,1,0,0,0,0,0,0,0,0,0,0,0,,1,,,0,,1,0,0,0,,player.fcgi?id=moffit000cla,,,
Chris Reid*,22,2019,LSU,SEC,57,212,165,31,42,11,0,1,33,1,0,34,35,0.255,0.382,0.339,0.721,56,,3,5,5,0,,player.fcgi?id=reid--000chr,,,
Josh Smith*,21,2019,LSU,SEC,65,300,257,72,89,17,2,9,41,20,4,28,44,0.346,0.433,0.533,0.966,137,,13,0,2,4,,player.fcgi?id=smith-031jos,,,
Zach Watson,22,2019,LSU,SEC,60,267,237,52,73,17,0,7,42,11,1,22,47,0.308,0.378,0.468,0.847,111,,6,0,2,2,,player.fcgi?id=watson001zac,,,
CJ Willis*,18,2019,LSU,SEC,24,61,52,8,11,4,0,0,7,1,1,8,24,0.212,0.312,0.289,0.6,15,,0,0,1,0,,player.fcgi?id=willis000cj-,,,
Austin Bain,23,2018,LSU,SEC,64,254,228,35,71,21,1,3,42,2,0,26,38,0.311,0.382,0.452,0.834,103,,0,0,0,0,,player.fcgi?id=bain--000aus,,,
Brandt Broussard,22,2018,LSU,SEC,52,203,173,28,45,4,2,0,21,14,1,17,35,0.26,0.333,0.306,0.64,53,,3,8,2,0,,player.fcgi?id=brouss000bra,,,
Daniel Cabrera*,19,2018,LSU,SEC,64,257,219,38,69,18,2,8,54,2,2,34,36,0.315,0.405,0.525,0.93,115,,1,0,3,2,,player.fcgi?id=cabrer002dan,,,
Nick Coomes,22,2018,LSU,SEC,43,113,101,15,26,6,0,2,16,2,0,9,22,0.257,0.31,0.376,0.686,38,,0,0,3,0,,player.fcgi?id=coomes000nic,,,
Braden Doughty,19,2018,LSU,SEC,15,7,3,2,0,0,0,0,0,0,0,2,2,0,0.571,0,0.571,0,,2,0,0,0,,player.fcgi?id=dought000bra,,,
Antoine Duplantis*,21,2018,LSU,SEC,66,303,271,55,89,13,6,2,48,19,8,22,32,0.328,0.381,0.443,0.824,120,,4,1,5,1,,player.fcgi?id=duplan000ant,,,
Hunter Feduccia*,21,2018,LSU,SEC,56,185,146,22,34,10,1,3,31,3,1,34,34,0.233,0.375,0.377,0.752,55,,1,1,3,0,,player.fcgi?id=feducc000hun,,,
Hal Hughes,19,2018,LSU,SEC,65,225,190,25,42,8,1,1,20,2,1,12,37,0.221,0.292,0.29,0.581,55,,7,16,0,0,,player.fcgi?id=hughes000hal,,,
Beau Jordan,22,2018,LSU,SEC,63,243,214,46,64,10,1,8,30,5,1,12,28,0.299,0.361,0.467,0.828,100,,11,2,4,0,,player.fcgi?id=jordan000bea,,,
Bryce Jordan,22,2018,LSU,SEC,37,114,86,18,22,5,0,2,17,2,0,19,23,0.256,0.434,0.384,0.817,33,,8,1,0,0,,player.fcgi?id=jordan000bry,,,
Todd Peterson,20,2018,LSU,SEC,25,1,1,0,1,1,0,0,2,0,0,0,0,1,1,2,3,2,,0,0,0,0,,player.fcgi?id=peters000tod,,,
Chris Reid*,21,2018,LSU,SEC,46,83,60,12,16,1,0,0,7,0,0,19,15,0.267,0.438,0.283,0.721,17,,0,3,1,0,,player.fcgi?id=reid--000chr,,,
Jake Slaughter,21,2018,LSU,SEC,59,212,185,29,47,5,2,8,30,4,0,20,39,0.254,0.346,0.432,0.778,80,,6,1,0,0,,player.fcgi?id=slaugh000jak,,,
Josh Smith*,20,2018,LSU,SEC,6,23,16,3,4,0,0,2,5,0,0,4,3,0.25,0.435,0.625,1.06,10,,2,0,1,0,,player.fcgi?id=smith-031jos,,,
Zach Watson,21,2018,LSU,SEC,57,258,234,47,72,15,2,7,34,14,4,16,45,0.308,0.366,0.479,0.844,112,,6,1,1,0,,player.fcgi?id=watson001zac,,,
Nick Webre*,19,2018,LSU,SEC,43,77,69,13,20,5,0,2,5,1,0,6,19,0.29,0.338,0.449,0.787,31,,0,0,2,0,,player.fcgi?id=webre-000nic,,,
Bryce Adams,23,2017,LSU,SEC,11,24,21,4,5,2,0,2,5,0,0,1,6,0.238,0.292,0.619,0.911,13,,1,0,1,0,,player.fcgi?id=adams-000bry,,,
Brennan Breaux*,20,2017,LSU,SEC,30,39,34,9,6,0,1,1,2,0,1,4,8,0.177,0.263,0.324,0.587,11,,0,1,0,0,,player.fcgi?id=breaux000bre,,,
Nick Coomes,21,2017,LSU,SEC,46,157,132,20,40,7,0,2,24,1,1,18,23,0.303,0.401,0.402,0.803,53,,5,0,2,0,,player.fcgi?id=coomes000nic,,,
Greg Deichmann*,22,2017,LSU,SEC,72,324,266,54,82,15,0,19,73,7,3,51,62,0.308,0.417,0.579,0.996,154,,2,0,5,15,,player.fcgi?id=deichm000gre,,,
Antoine Duplantis*,20,2017,LSU,SEC,71,314,285,50,90,14,2,2,61,19,4,16,31,0.316,0.358,0.4,0.758,114,,6,1,6,1,,player.fcgi?id=duplan000ant,,,
Cole Freeman,22,2017,LSU,SEC,72,338,270,54,85,14,2,2,41,19,7,28,24,0.315,0.416,0.404,0.82,109,,21,16,3,1,,player.fcgi?id=freema001col,,,
Beau Jordan,21,2017,LSU,SEC,55,200,168,30,45,7,0,4,29,0,1,18,31,0.268,0.351,0.381,0.732,64,,5,6,3,0,,player.fcgi?id=jordan000bea,,,
Michael Papierski#,21,2017,LSU,SEC,65,230,176,37,45,6,0,11,39,4,0,40,49,0.256,0.401,0.477,0.878,84,,4,8,2,0,,player.fcgi?id=papier000mic,,,
Jared Poche,22,2017,LSU,SEC,20,1,1,0,0,0,0,0,0,0,0,0,1,0,0,0,0,0,,0,0,0,0,,player.fcgi?id=poche-000jar,,,
Chris Reid*,20,2017,LSU,SEC,25,33,24,4,5,0,0,0,3,0,0,6,7,0.208,0.394,0.208,0.602,5,,2,0,1,0,,player.fcgi?id=reid--000chr,,,
Kramer Robertson,22,2017,LSU,SEC,72,341,290,85,89,18,3,8,43,9,3,36,32,0.307,0.403,0.472,0.875,137,,12,1,2,0,,player.fcgi?id=robert000kra,,,
Jordan Romero,23,2017,LSU,SEC,36,106,96,11,22,3,0,1,12,0,0,6,18,0.229,0.302,0.292,0.594,28,,4,0,0,0,,player.fcgi?id=romero002jor,,,
Jake Slaughter,20,2017,LSU,SEC,53,178,148,22,38,5,0,3,26,2,2,10,45,0.257,0.358,0.351,0.709,52,,15,2,3,1,,player.fcgi?id=slaugh000jak,,,
Josh Smith*,19,2017,LSU,SEC,72,310,242,52,68,16,0,5,48,5,2,39,33,0.281,0.407,0.409,0.816,99,,17,5,7,2,,player.fcgi?id=smith-031jos,,,
Mason Templet*,19,2017,LSU,SEC,5,6,6,0,0,0,0,0,0,0,0,0,5,0,0,0,0,0,,0,0,0,0,,player.fcgi?id=temple000mas,,,
Zach Watson,20,2017,LSU,SEC,64,246,221,42,70,9,3,9,37,12,5,17,42,0.317,0.376,0.507,0.882,112,,5,1,2,0,,player.fcgi?id=watson001zac,,,
Rankin Woley,19,2017,LSU,SEC,26,49,45,8,12,4,1,0,5,0,0,2,9,0.267,0.327,0.4,0.727,18,,2,0,0,0,,player.fcgi?id=woley-000ran,,,
Bryce Adams,22,2016,LSU,SEC,13,22,20,1,3,1,0,1,6,0,0,2,4,0.15,0.227,0.35,0.577,7,,0,0,0,0,,player.fcgi?id=adams-000bry,,,
Brennan Breaux*,19,2016,LSU,SEC,49,43,36,12,5,1,0,0,5,3,1,5,8,0.139,0.279,0.167,0.446,6,,2,0,0,0,,player.fcgi?id=breaux000bre,,,
Trey Dawson,19,2016,LSU,SEC,27,22,18,1,2,0,0,0,1,0,0,3,9,0.111,0.273,0.111,0.384,2,,1,0,0,0,,player.fcgi?id=dawson000tre,,,
Greg Deichmann*,21,2016,LSU,SEC,64,260,236,45,68,14,3,11,57,5,6,19,41,0.288,0.346,0.513,0.859,121,,3,0,2,2,,player.fcgi?id=deichm000gre,,,
Cody Ducote,20,2016,LSU,SEC,5,6,6,0,1,0,0,0,0,0,0,0,1,0.167,0.167,0.167,0.333,1,,0,0,0,0,,player.fcgi?id=ducote000cod,,,
Antoine Duplantis*,19,2016,LSU,SEC,66,311,272,45,89,9,5,2,39,13,7,33,25,0.327,0.404,0.419,0.823,114,,2,4,0,1,,player.fcgi?id=duplan000ant,,,
Trent Forshag?,--,2016,LSU,SEC,10,9,7,0,1,0,0,0,2,0,0,1,2,0.143,0.222,0.143,0.365,1,,0,0,1,0,,player.fcgi?id=forsha000tre,,,
Jake Fraley*,21,2016,LSU,SEC,66,314,267,61,87,10,6,5,36,28,10,37,33,0.326,0.408,0.464,0.873,124,,3,3,4,2,,player.fcgi?id=fraley000jak,,,
Cole Freeman,21,2016,LSU,SEC,66,264,216,46,71,7,3,1,27,26,9,32,23,0.329,0.428,0.403,0.83,87,,6,9,1,0,,player.fcgi?id=freema001col,,,
Beau Jordan,20,2016,LSU,SEC,65,256,224,31,64,9,0,4,39,5,1,18,27,0.286,0.354,0.38,0.734,85,,8,2,4,1,,player.fcgi?id=jordan000bea,,,
Bryce Jordan,20,2016,LSU,SEC,58,237,188,40,55,7,0,5,33,0,2,20,28,0.293,0.419,0.41,0.828,77,,23,3,3,1,,player.fcgi?id=jordan000bry,,,
O'Neal Lochridge,19,2016,LSU,SEC,12,44,35,10,8,3,0,2,10,0,0,4,9,0.229,0.318,0.486,0.804,17,,2,0,3,0,,player.fcgi?id=lochri000one,,,
Michael Papierski#,20,2016,LSU,SEC,50,157,124,16,30,9,0,3,20,1,1,20,21,0.242,0.358,0.387,0.745,48,,4,6,3,0,,player.fcgi?id=papier000mic,,,
Chris Reid*,19,2016,LSU,SEC,55,206,167,27,48,9,1,1,14,0,0,32,21,0.287,0.417,0.371,0.788,62,,5,2,0,0,,player.fcgi?id=reid--000chr,,,
Kramer Robertson,21,2016,LSU,SEC,66,307,259,61,84,20,2,2,39,14,4,27,20,0.324,0.417,0.44,0.857,114,,14,7,0,0,,player.fcgi?id=robert000kra,,,
Jordan Romero,22,2016,LSU,SEC,52,172,145,24,43,9,0,9,41,0,1,17,25,0.297,0.378,0.545,0.923,79,,5,0,5,0,,player.fcgi?id=romero002jor,,,
Collin Strall,21,2016,LSU,SEC,4,1,1,0,0,0,0,0,0,0,0,0,1,0,0,0,0,0,,0,0,0,0,,player.fcgi?id=strall000col,,,
Brody Wofford*,19,2016,LSU,SEC,38,63,62,6,15,2,1,0,5,0,0,1,18,0.242,0.254,0.307,0.561,19,,0,0,0,0,,player.fcgi?id=woffor000bro,,,
Kyle Bouman,22,2015,LSU,SEC,15,2,2,0,1,0,0,0,0,0,0,0,1,0.5,0.5,0.5,1,1,,0,0,0,0,,player.fcgi?id=bouman000kyl,,,
Alex Bregman,21,2015,LSU,SEC,66,312,260,59,84,22,3,9,49,38,10,36,22,0.323,0.412,0.535,0.946,139,,8,1,7,7,,player.fcgi?id=bregma001ale,,,
Grayson Byrd*,19,2015,LSU,SEC,24,36,33,9,7,1,0,0,9,0,0,2,11,0.212,0.278,0.242,0.52,8,,1,0,0,0,,player.fcgi?id=byrd--000gra,,,
Chris Chinea,21,2015,LSU,SEC,66,280,256,42,88,17,0,11,58,1,1,13,39,0.344,0.376,0.539,0.915,138,,4,1,6,2,,player.fcgi?id=chinea000chr,,,
Greg Deichmann*,20,2015,LSU,SEC,10,11,8,1,0,0,0,0,0,0,0,3,1,0,0.273,0,0.273,0,,0,0,0,0,,player.fcgi?id=deichm000gre,,,
Jared Foster,22,2015,LSU,SEC,55,233,212,37,59,12,2,10,35,10,0,14,37,0.278,0.332,0.495,0.827,105,,3,4,0,0,,player.fcgi?id=foster000jar,,,
Jake Fraley*,20,2015,LSU,SEC,58,255,225,50,69,11,5,2,35,23,6,21,24,0.307,0.372,0.427,0.798,96,,4,2,3,0,,player.fcgi?id=fraley000jak,,,
Conner Hale,22,2015,LSU,SEC,64,288,263,49,86,17,3,4,56,1,1,18,34,0.327,0.373,0.46,0.833,121,,3,1,3,0,,player.fcgi?id=hale--001con,,,
Beau Jordan,19,2015,LSU,SEC,20,39,32,3,7,1,0,0,4,1,1,5,9,0.219,0.359,0.25,0.609,8,,2,0,0,0,,player.fcgi?id=jordan000bea,,,
Bryce Jordan,19,2015,LSU,SEC,21,31,23,5,3,3,0,0,6,0,0,3,10,0.13,0.29,0.261,0.551,6,,3,0,2,0,,player.fcgi?id=jordan000bry,,,
Mark Laird*,22,2015,LSU,SEC,64,300,260,53,84,10,1,1,24,24,6,25,25,0.323,0.388,0.381,0.768,99,,3,11,1,1,,player.fcgi?id=laird-000mar,,,
Ryan May,--,2015,LSU,SEC,3,1,1,0,0,0,0,0,0,0,0,0,0,0,0,0,0,0,,0,0,0,0,,player.fcgi?id=may---000rya,,,
Michael Papierski#,19,2015,LSU,SEC,32,64,42,8,9,2,0,1,10,1,0,16,7,0.214,0.426,0.333,0.76,14,,1,3,2,0,,player.fcgi?id=papier000mic,,,
Kramer Robertson,20,2015,LSU,SEC,27,67,56,10,13,1,1,0,5,1,0,9,9,0.232,0.339,0.286,0.624,16,,0,2,0,0,,player.fcgi?id=robert000kra,,,
Chris Sciambra*,--,2015,LSU,SEC,52,181,163,30,50,10,3,3,28,4,3,11,41,0.307,0.358,0.46,0.818,75,,3,2,2,1,,player.fcgi?id=sciamb000chr,,,
Kade Scivicque,22,2015,LSU,SEC,60,256,234,33,83,21,0,6,48,0,0,15,22,0.355,0.398,0.521,0.92,122,,4,0,3,1,,player.fcgi?id=scivic000kad,,,
Andrew Stevenson*,21,2015,LSU,SEC,62,274,247,53,86,13,5,1,24,26,7,16,29,0.348,0.396,0.453,0.85,112,,5,4,2,0,,player.fcgi?id=steven002and,,,
Collin Strall,20,2015,LSU,SEC,22,1,1,0,1,0,0,0,1,0,0,0,0,1,1,1,2,1,,0,0,0,0,,player.fcgi?id=strall000col,,,
Danny Zardon,20,2015,LSU,SEC,45,128,111,9,32,5,0,3,23,0,1,14,20,0.288,0.367,0.414,0.782,46,,1,0,2,0,,player.fcgi?id=zardon000dan,,,
Alex Bregman,20,2014,LSU,SEC,63,283,244,35,77,16,0,6,47,12,6,27,21,0.316,0.397,0.455,0.852,111,,8,1,3,4,,player.fcgi?id=bregma001ale,,,
Chris Chinea,20,2014,LSU,SEC,42,89,76,9,19,5,0,2,13,0,0,7,4,0.25,0.31,0.395,0.705,30,,1,2,3,0,,player.fcgi?id=chinea000chr,,,
Dakota Dean*,19,2014,LSU,SEC,10,15,11,2,0,0,0,0,0,0,0,3,3,0,0.267,0,0.267,0,,1,0,0,0,,player.fcgi?id=dean--000dak,,,
Jarret DeHart*,19,2014,LSU,SEC,10,16,15,4,3,1,1,0,2,0,0,1,8,0.2,0.25,0.4,0.65,6,,0,0,0,0,,player.fcgi?id=dehart000jar,,,
Jared Foster,21,2014,LSU,SEC,43,71,61,8,7,4,0,0,8,1,0,6,11,0.115,0.194,0.18,0.374,11,,0,4,0,1,,player.fcgi?id=foster000jar,,,
Jake Fraley*,19,2014,LSU,SEC,49,140,121,31,45,7,1,3,29,8,2,9,16,0.372,0.419,0.521,0.94,63,,3,4,3,0,,player.fcgi?id=fraley000jak,,,
Conner Hale,21,2014,LSU,SEC,60,226,209,38,64,11,1,4,29,0,0,10,17,0.306,0.335,0.426,0.761,89,,0,5,2,1,,player.fcgi?id=hale--001con,,,
Christian Ibarra,21,2014,LSU,SEC,59,227,172,35,41,7,0,3,22,0,1,24,23,0.238,0.383,0.331,0.715,57,,17,13,1,2,,player.fcgi?id=ibarra000chr,,,
Mark Laird*,21,2014,LSU,SEC,59,261,223,38,65,10,2,0,27,10,5,25,23,0.292,0.366,0.354,0.72,79,,3,7,3,1,,player.fcgi?id=laird-000mar,,,
Sean McMullen*,22,2014,LSU,SEC,59,249,205,44,59,18,3,7,40,5,2,37,33,0.288,0.39,0.507,0.897,104,,1,0,6,2,,player.fcgi?id=mcmull000sea,,,
Tyler Moore*,20,2014,LSU,SEC,53,178,153,30,46,10,0,6,37,1,1,18,21,0.301,0.381,0.484,0.864,74,,3,2,2,1,,player.fcgi?id=moore-003tyl,,,
Kramer Robertson,19,2014,LSU,SEC,47,128,100,19,20,6,0,1,20,3,1,17,21,0.2,0.339,0.29,0.629,29,,5,4,2,0,,player.fcgi?id=robert000kra,,,
Chris Sciambra*,--,2014,LSU,SEC,33,54,49,9,13,3,0,1,13,0,2,2,13,0.265,0.296,0.388,0.684,19,,1,0,2,0,,player.fcgi?id=sciamb000chr,,,
Kade Scivicque,21,2014,LSU,SEC,56,209,184,32,56,9,0,7,31,0,0,13,19,0.304,0.377,0.467,0.844,86,,9,2,1,0,,player.fcgi?id=scivic000kad,,,
Andrew Stevenson*,20,2014,LSU,SEC,61,238,203,41,68,7,5,0,32,9,5,14,29,0.335,0.393,0.419,0.812,85,,8,9,4,1,,player.fcgi?id=steven002and,,,
Cade Stone*,--,2014,LSU,SEC,17,21,16,11,4,1,1,0,1,0,0,4,3,0.25,0.429,0.438,0.866,7,,1,0,0,0,,player.fcgi?id=stone-000cad,,,
Danny Zardon,19,2014,LSU,SEC,28,62,56,8,15,2,0,1,10,0,0,6,9,0.268,0.339,0.357,0.696,20,,0,0,0,0,,player.fcgi?id=zardon000dan,,,
Michael Barash,18,2013,LSU,SEC,18,32,26,8,7,1,0,1,4,0,0,5,4,0.269,0.406,0.423,0.829,11,,1,0,0,0,,player.fcgi?id=barash000mic,,,
Alex Bregman,19,2013,LSU,SEC,67,314,282,59,104,18,7,6,52,16,1,24,25,0.369,0.417,0.546,0.963,154,,3,0,5,2,,player.fcgi?id=bregma001ale,,,
Chris Chinea,19,2013,LSU,SEC,31,59,47,5,13,4,0,0,11,0,0,7,3,0.277,0.373,0.362,0.735,17,,2,0,3,0,,player.fcgi?id=chinea000chr,,,
Alex Edward?,--,2013,LSU,SEC,30,60,53,6,13,3,1,0,9,0,0,5,7,0.245,0.31,0.34,0.65,18,,0,2,0,0,,player.fcgi?id=edward000ale,,,
Jared Foster,20,2013,LSU,SEC,42,73,64,19,23,2,0,2,12,3,0,4,8,0.359,0.425,0.484,0.909,31,,4,0,1,0,,player.fcgi?id=foster000jar,,,
Nate Fury,22,2013,LSU,SEC,22,5,4,0,2,1,0,0,0,0,0,1,2,0.5,0.6,0.75,1.35,3,,0,0,0,0,,player.fcgi?id=fury--000nat,,,
Christian Ibarra,20,2013,LSU,SEC,66,272,223,34,68,17,0,6,39,0,3,36,37,0.305,0.414,0.462,0.876,103,,7,4,2,1,,player.fcgi?id=ibarra000chr,,,
JaCoby Jones,21,2013,LSU,SEC,59,236,201,42,59,11,1,6,31,12,3,30,44,0.294,0.39,0.448,0.838,90,,3,0,2,3,,player.fcgi?id=jones-011jac,,,
Mason Katz,22,2013,LSU,SEC,68,293,243,53,90,14,2,16,70,5,7,41,38,0.37,0.464,0.642,1.106,156,,5,0,4,0,,player.fcgi?id=katz--000mas,,,
Mark Laird*,20,2013,LSU,SEC,63,279,241,48,74,7,1,0,18,6,5,23,31,0.307,0.371,0.344,0.715,83,,2,12,1,0,,player.fcgi?id=laird-000mar,,,
Sean McMullen*,21,2013,LSU,SEC,54,213,175,26,55,18,1,2,30,1,2,22,24,0.314,0.399,0.463,0.862,81,,8,0,8,1,,player.fcgi?id=mcmull000sea,,,
Tyler Moore*,19,2013,LSU,SEC,48,109,96,12,27,9,1,0,12,0,0,11,9,0.281,0.352,0.396,0.748,38,,0,1,1,1,,player.fcgi?id=moore-003tyl,,,
Raph Rhymes,23,2013,LSU,SEC,68,292,254,53,84,15,1,4,46,3,2,28,30,0.331,0.401,0.445,0.846,113,,5,0,5,2,,player.fcgi?id=rhymes000rap,,,
Ty Ross,21,2013,LSU,SEC,64,244,207,26,45,3,0,3,32,1,1,22,24,0.217,0.295,0.275,0.57,57,,2,10,3,0,,player.fcgi?id=ross--001tyl,,,
Chris Sciambra*,--,2013,LSU,SEC,46,128,98,22,26,5,1,0,9,2,0,18,24,0.265,0.407,0.337,0.743,33,,6,5,1,0,,player.fcgi?id=sciamb000chr,,,
Andrew Stevenson*,19,2013,LSU,SEC,54,143,119,22,23,0,0,1,14,5,2,11,25,0.193,0.289,0.219,0.507,26,,5,8,0,0,,player.fcgi?id=steven002and,,,
Casey Yocom?,--,2013,LSU,SEC,23,38,33,4,9,0,0,0,5,0,0,5,4,0.273,0.368,0.273,0.641,9,,0,0,0,0,,player.fcgi?id=yocom-000cas,,,
Beau Didier*,22,2012,LSU,SEC,16,28,24,5,4,1,0,1,2,0,0,2,9,0.167,0.286,0.333,0.619,8,,2,0,0,0,,player.fcgi?id=didier001bea,,,
Grant Dozar?,--,2012,LSU,SEC,49,139,117,23,31,7,2,3,19,0,2,16,35,0.265,0.358,0.436,0.794,51,,1,5,0,0,,player.fcgi?id=dozar-000gra,,,
Alex Edward?,--,2012,LSU,SEC,27,85,74,6,18,3,0,0,5,0,1,2,13,0.243,0.309,0.284,0.592,21,,5,4,0,0,,player.fcgi?id=edward000ale,,,
Arby Fields#,21,2012,LSU,SEC,46,154,133,27,27,3,4,0,12,4,3,12,24,0.203,0.287,0.286,0.572,38,,4,4,1,0,,player.fcgi?id=fields001arb,,,
Jared Foster,19,2012,LSU,SEC,45,128,110,21,24,5,0,1,13,4,3,10,24,0.218,0.312,0.291,0.603,32,,5,3,0,0,,player.fcgi?id=foster000jar,,,
Tyler Hanover,22,2012,LSU,SEC,64,266,224,34,63,13,0,1,28,3,4,23,28,0.281,0.36,0.353,0.712,79,,5,13,1,0,,player.fcgi?id=hanove000tyl,,,
JaCoby Jones,20,2012,LSU,SEC,64,271,246,42,62,13,1,4,29,11,5,15,48,0.252,0.307,0.362,0.669,89,,5,4,1,2,,player.fcgi?id=jones-011jac,,,
Mason Katz,21,2012,LSU,SEC,64,285,241,65,77,15,1,13,52,8,4,33,52,0.32,0.414,0.552,0.966,133,,8,0,3,0,,player.fcgi?id=katz--000mas,,,
Tyler Moore*,18,2012,LSU,SEC,47,153,133,14,35,4,0,4,27,1,2,13,30,0.263,0.329,0.384,0.712,51,,1,4,2,2,,player.fcgi?id=moore-003tyl,,,
Austin Nola,22,2012,LSU,SEC,64,278,221,47,66,16,1,4,43,3,3,44,30,0.299,0.42,0.434,0.854,96,,5,4,4,2,,player.fcgi?id=nola--001aus,,,
Evan Powell,19,2012,LSU,SEC,11,20,14,3,2,1,0,0,4,0,0,4,3,0.143,0.35,0.214,0.564,3,,1,0,1,0,,player.fcgi?id=powell000eva,,,
Raph Rhymes,22,2012,LSU,SEC,61,264,232,44,100,11,0,4,53,3,4,22,13,0.431,0.489,0.53,1.019,123,,7,0,3,3,,player.fcgi?id=rhymes000rap,,,
Ty Ross,20,2012,LSU,SEC,55,217,185,19,54,6,1,3,41,2,0,22,23,0.292,0.357,0.384,0.741,71,,0,4,6,0,,player.fcgi?id=ross--001tyl,,,
Chris Sciambra*,--,2012,LSU,SEC,22,73,61,10,15,2,1,0,11,2,2,6,10,0.246,0.324,0.312,0.635,19,,1,5,0,1,,player.fcgi?id=sciamb000chr,,,
Jackson Slaid,20,2012,LSU,SEC,20,54,48,10,13,1,1,1,8,0,0,4,12,0.271,0.352,0.396,0.748,19,,2,0,0,0,,player.fcgi?id=slaid-000jac,,,
Jordy Snikeris?,--,2012,LSU,SEC,37,99,89,16,27,3,0,3,17,1,1,4,11,0.303,0.357,0.438,0.795,39,,4,1,1,0,,player.fcgi?id=sniker000jor,,,
Casey Yocom?,--,2012,LSU,SEC,26,72,57,11,12,2,0,0,4,0,0,10,14,0.211,0.357,0.246,0.603,14,,3,2,0,0,,player.fcgi?id=yocom-000cas,,,
Joe Broussard,20,2011,LSU,SEC,18,4,4,0,2,0,0,0,2,0,0,0,1,0.5,0.5,0.5,1,2,,0,0,0,,,player.fcgi?id=brouss000joe,,,
Kirk Cunningham?,--,2011,LSU,SEC,19,41,37,4,6,0,0,0,0,0,0,3,13,0.162,0.225,0.162,0.387,6,,0,1,0,,,player.fcgi?id=cunnin000kir,,,
Beau Didier*,21,2011,LSU,SEC,17,15,14,0,2,0,0,0,1,0,0,1,5,0.143,0.2,0.143,0.343,2,,0,0,0,,,player.fcgi?id=didier001bea,,,
Grant Dozar?,--,2011,LSU,SEC,37,83,72,14,18,3,1,2,9,1,0,9,19,0.25,0.342,0.403,0.744,29,,1,1,0,,,player.fcgi?id=dozar-000gra,,,
James Dykstra*,20,2011,LSU,SEC,17,2,2,0,0,0,0,0,0,0,0,0,1,0,0,0,0,0,,0,0,0,,,player.fcgi?id=dykstr001jam,,,
Ryan Eades,19,2011,LSU,SEC,22,2,2,1,1,0,0,0,0,0,0,0,0,0.5,0.5,0.5,1,1,,0,0,0,,,player.fcgi?id=eades-001rya,,,
Alex Edward?,--,2011,LSU,SEC,43,150,129,22,36,7,1,2,27,1,1,13,23,0.279,0.369,0.395,0.764,51,,6,1,1,,,player.fcgi?id=edward000ale,,,
Matt Fury?,--,2011,LSU,SEC,5,6,5,1,0,0,0,0,0,0,0,1,2,0,0.167,0,0.167,0,,0,0,0,,,player.fcgi?id=fury--000mat,,,
Tyler Hanover,21,2011,LSU,SEC,56,246,193,41,60,5,0,0,25,5,4,32,17,0.311,0.407,0.337,0.744,65,,2,15,4,,,player.fcgi?id=hanove000tyl,,,
JaCoby Jones,19,2011,LSU,SEC,56,219,195,36,66,11,1,4,32,13,8,12,37,0.339,0.395,0.467,0.862,91,,7,4,1,,,player.fcgi?id=jones-011jac,,,
Mason Katz,20,2011,LSU,SEC,51,209,190,40,64,21,2,4,53,6,4,9,34,0.337,0.371,0.532,0.902,101,,3,4,3,,,player.fcgi?id=katz--000mas,,,
Mike Lowery?,--,2011,LSU,SEC,22,34,31,4,14,2,0,0,6,0,1,3,7,0.452,0.5,0.516,1.016,16,,0,0,0,,,player.fcgi?id=lowery000mik,,,
Mikie Mahtook,21,2011,LSU,SEC,56,244,196,61,75,12,5,14,56,29,9,41,32,0.383,0.496,0.709,1.205,139,,5,0,2,,,player.fcgi?id=mahtoo001mic,,,
Austin Nola,21,2011,LSU,SEC,56,237,196,40,58,13,2,2,42,4,3,28,35,0.296,0.378,0.413,0.791,81,,2,4,7,,,player.fcgi?id=nola--001aus,,,
Raph Rhymes,21,2011,LSU,SEC,56,248,214,43,77,18,0,3,42,8,2,24,19,0.36,0.424,0.486,0.91,104,,2,5,3,,,player.fcgi?id=rhymes000rap,,,
Ty Ross,19,2011,LSU,SEC,52,175,148,24,33,5,0,1,20,0,1,13,38,0.223,0.295,0.277,0.572,41,,3,9,2,,,player.fcgi?id=ross--001tyl,,,
Jackson Slaid,19,2011,LSU,SEC,9,6,6,0,1,1,0,0,0,0,0,0,2,0.167,0.167,0.333,0.5,2,,0,0,0,,,player.fcgi?id=slaid-000jac,,,
Jordy Snikeris?,--,2011,LSU,SEC,19,32,27,5,7,0,0,0,1,1,0,2,4,0.259,0.333,0.259,0.593,7,,1,2,0,,,player.fcgi?id=sniker000jor,,,
Spencer Ware?,--,2011,LSU,SEC,21,51,45,7,8,2,0,0,5,0,0,4,16,0.178,0.255,0.222,0.477,10,,1,0,1,,,player.fcgi?id=ware--000spe,,,
Trey Watkins?,--,2011,LSU,SEC,48,201,155,45,35,6,1,2,24,17,3,25,30,0.226,0.351,0.316,0.667,49,,7,10,4,,,player.fcgi?id=watkin000tre,,,
Kyle Atkins?,--,2011,Arkansas,SEC,20,25,21,10,6,0,0,0,1,3,1,3,11,0.286,0.4,0.286,0.686,6,,1,0,0,,,player.fcgi?id=atkins000kyl,,,
Sam Bates*,21,2011,Arkansas,SEC,25,70,59,3,14,6,0,0,7,1,0,10,21,0.237,0.343,0.339,0.682,20,,0,0,1,,,player.fcgi?id=bates-002sam,,,
Bo Bigham?,--,2011,Arkansas,SEC,61,265,237,41,69,7,3,2,20,17,5,18,37,0.291,0.354,0.371,0.725,88,,5,5,0,,,player.fcgi?id=bigham000bo-,,,
Franco Broyles?,--,2011,Arkansas,SEC,12,35,33,1,8,0,0,0,6,0,0,1,12,0.242,0.257,0.242,0.5,8,,0,0,1,,,player.fcgi?id=broyle001fra,,,
Tim Carver,22,2011,Arkansas,SEC,57,207,177,30,41,4,0,1,13,24,5,16,19,0.232,0.305,0.271,0.576,48,,4,7,3,,,player.fcgi?id=carver000tim,,,
Dominic Ficociello#,19,2011,Arkansas,SEC,61,247,224,29,75,15,1,4,50,5,1,6,45,0.335,0.364,0.464,0.828,104,,7,5,5,,,player.fcgi?id=ficoci001dom,,,
Eric Fisher*,19,2011,Arkansas,SEC,18,43,35,3,5,1,0,0,5,0,0,5,12,0.143,0.238,0.171,0.41,6,,0,1,2,,,player.fcgi?id=fisher002eri,,,
Collin Kuhn,22,2011,Arkansas,SEC,56,246,206,44,58,13,2,7,41,22,2,16,55,0.282,0.37,0.466,0.836,96,,16,3,5,,,player.fcgi?id=kuhn--001col,,,
James McCann,21,2011,Arkansas,SEC,61,246,209,35,64,14,1,6,38,11,6,24,26,0.306,0.388,0.469,0.856,98,,5,6,2,,,player.fcgi?id=mccann002jam,,,
Jarrod McKinney,21,2011,Arkansas,SEC,54,202,166,24,50,10,3,2,20,8,2,20,41,0.301,0.398,0.434,0.832,72,,8,6,2,,,player.fcgi?id=mckinn000jar,,,
Jacob Morris,20,2011,Arkansas,SEC,23,82,67,14,13,4,0,0,5,2,0,11,26,0.194,0.325,0.254,0.579,17,,2,2,0,,,player.fcgi?id=morris005jac,,,
Matt Reynolds,20,2011,Arkansas,SEC,59,253,202,36,49,11,1,3,22,16,2,32,42,0.243,0.359,0.352,0.711,71,,7,8,4,,,player.fcgi?id=reynol003mat,,,
Jacob Rice?,--,2011,Arkansas,SEC,21,55,46,4,7,1,0,0,3,2,1,3,10,0.152,0.204,0.174,0.378,8,,0,6,0,,,player.fcgi?id=rice--005jac,,,
Kyle Robinson,22,2011,Arkansas,SEC,60,245,213,38,61,9,4,10,49,9,1,22,47,0.286,0.358,0.507,0.865,108,,4,2,4,,,player.fcgi?id=robins000kyl,,,
Matt Vinson,20,2011,Arkansas,SEC,27,88,77,9,17,5,1,2,8,2,0,9,29,0.221,0.302,0.39,0.692,30,,0,2,0,,,player.fcgi?id=vinson000mat,,,
Jake Wise,19,2011,Arkansas,SEC,21,48,43,3,7,0,0,1,5,0,1,2,8,0.163,0.2,0.233,0.433,10,,0,3,0,,,player.fcgi?id=wise--000jak,,,
Brian Anderson,19,2012,Arkansas,SEC,47,147,120,23,34,4,0,2,11,2,3,15,37,0.283,0.396,0.367,0.763,44,,8,3,1,0,,player.fcgi?id=anders006bri,,,
Sam Bates*,22,2012,Arkansas,SEC,45,151,129,23,31,6,0,6,25,3,0,16,35,0.24,0.331,0.426,0.758,55,,3,0,3,0,,player.fcgi?id=bates-002sam,,,
Bo Bigham?,--,2012,Arkansas,SEC,63,237,216,30,58,10,0,1,18,9,3,12,30,0.269,0.318,0.329,0.646,71,,4,4,1,0,,player.fcgi?id=bigham000bo-,,,
Derrick Bleeker,21,2012,Arkansas,SEC,63,177,160,22,40,10,3,6,23,2,0,14,35,0.25,0.316,0.463,0.779,74,,2,0,1,1,,player.fcgi?id=bleeke000der,,,
Jimmy Bosco*,21,2012,Arkansas,SEC,44,143,122,17,32,7,0,4,28,1,1,15,23,0.262,0.357,0.418,0.775,51,,4,0,2,1,,player.fcgi?id=bosco-000jim,,,
Tim Carver,23,2012,Arkansas,SEC,67,297,264,38,79,15,0,2,30,15,11,12,35,0.299,0.342,0.379,0.72,100,,7,10,4,0,,player.fcgi?id=carver000tim,,,
Conor Costello,19,2012,Arkansas,SEC,20,18,18,1,3,0,0,0,3,0,0,0,3,0.167,0.167,0.167,0.333,3,,0,0,0,0,,player.fcgi?id=costel000con,,,
Dominic Ficociello#,20,2012,Arkansas,SEC,67,301,252,45,73,15,1,6,41,4,4,35,42,0.29,0.387,0.429,0.815,108,,8,1,5,5,,player.fcgi?id=ficoci001dom,,,
Michael Gunn*,19,2012,Arkansas,SEC,24,25,23,1,6,1,0,0,5,0,0,1,2,0.261,0.28,0.304,0.584,7,,0,0,1,0,,player.fcgi?id=gunn--000mic,,,
Jacob Mahan?,--,2012,Arkansas,SEC,45,163,144,15,37,3,0,0,18,2,0,12,19,0.257,0.321,0.278,0.599,40,,2,4,1,0,,player.fcgi?id=mahan-000jac,,,
David Masters,19,2012,Arkansas,SEC,12,15,14,0,1,0,0,0,0,0,0,1,3,0.071,0.133,0.071,0.205,1,,0,0,0,0,,player.fcgi?id=master003dav,,,
Jacob Morris,21,2012,Arkansas,SEC,52,180,140,27,33,9,3,3,23,5,2,21,50,0.236,0.359,0.407,0.766,57,,7,10,2,0,,player.fcgi?id=morris005jac,,,
John Clay Reeves,20,2012,Arkansas,SEC,28,63,57,5,16,3,0,0,4,1,0,2,11,0.281,0.339,0.333,0.672,19,,3,1,0,0,,player.fcgi?id=reeves004joh,,,
Matt Reynolds,21,2012,Arkansas,SEC,67,287,235,48,76,20,0,7,45,16,5,40,33,0.323,0.427,0.498,0.925,117,,6,1,5,10,,player.fcgi?id=reynol003mat,,,
Joe Serrano,18,2012,Arkansas,SEC,33,83,69,13,23,1,1,0,7,4,1,6,11,0.333,0.403,0.377,0.779,26,,2,6,0,0,,player.fcgi?id=serran000joe,,,
Matt Vinson,21,2012,Arkansas,SEC,49,146,120,16,26,5,1,0,13,2,3,24,37,0.217,0.345,0.275,0.62,33,,0,1,1,0,,player.fcgi?id=vinson000mat,,,
Jake Wise,20,2012,Arkansas,SEC,60,200,164,27,40,10,0,2,25,2,1,19,40,0.244,0.337,0.342,0.678,56,,6,7,4,0,,player.fcgi?id=wise--000jak,,,
Brian Anderson,20,2013,Arkansas,SEC,59,259,209,47,68,12,5,4,36,6,1,41,33,0.325,0.448,0.488,0.936,102,,7,0,2,2,,player.fcgi?id=anders006bri,,,
Dominic Ficociello#,21,2013,Arkansas,SEC,46,191,166,21,41,7,0,3,17,2,2,16,31,0.247,0.321,0.343,0.664,57,,3,4,2,3,,player.fcgi?id=ficoci001dom,,,
Eric Fisher*,21,2013,Arkansas,SEC,46,139,122,18,29,3,0,2,13,2,1,10,24,0.238,0.296,0.312,0.608,38,,1,4,2,0,,player.fcgi?id=fisher002eri,,,
Michael Gunn*,20,2013,Arkansas,SEC,26,40,37,2,7,2,0,0,3,0,0,2,12,0.189,0.225,0.243,0.468,9,,0,0,1,0,,player.fcgi?id=gunn--000mic,,,
Isaac Hellbusch?,--,2013,Arkansas,SEC,13,25,21,1,4,1,0,1,6,0,0,3,7,0.191,0.32,0.381,0.701,8,,1,0,0,0,,player.fcgi?id=hellbu000isa,,,
Jacob Mahan?,--,2013,Arkansas,SEC,52,219,185,28,52,7,0,2,23,1,1,26,19,0.281,0.387,0.351,0.739,65,,6,2,0,0,,player.fcgi?id=mahan-000jac,,,
Brett McAfee,20,2013,Arkansas,SEC,50,181,156,14,41,6,2,1,18,6,2,12,36,0.263,0.322,0.346,0.668,54,,3,7,3,0,,player.fcgi?id=mcafee002bre,,,
Jacob Morris,22,2013,Arkansas,SEC,41,128,100,19,16,3,1,0,14,8,1,16,37,0.16,0.287,0.21,0.497,21,,3,6,3,0,,player.fcgi?id=morris005jac,,,
Jean Ramirez,20,2013,Arkansas,SEC,16,35,29,7,5,1,0,0,1,0,0,5,6,0.172,0.294,0.207,0.501,6,,0,1,0,0,,player.fcgi?id=ramire002jea,,,
Joe Serrano,19,2013,Arkansas,SEC,52,227,193,34,57,9,0,1,18,3,3,12,27,0.295,0.344,0.358,0.702,69,,4,15,3,0,,player.fcgi?id=serran000joe,,,
Tyler Spoon,20,2013,Arkansas,SEC,61,272,236,28,68,7,0,4,49,7,3,21,25,0.288,0.351,0.369,0.719,87,,5,4,6,1,,player.fcgi?id=spoon-000tyl,,,
Matt Vinson,22,2013,Arkansas,SEC,57,248,213,37,61,8,3,2,24,8,1,31,54,0.286,0.376,0.38,0.756,81,,0,3,1,0,,player.fcgi?id=vinson000mat,,,
Jake Wise,21,2013,Arkansas,SEC,57,210,179,19,38,3,1,3,23,3,2,25,23,0.212,0.316,0.291,0.606,52,,3,1,2,0,,player.fcgi?id=wise--000jak,,,
Josh Alberius,20,2014,Arkansas,SEC,12,16,16,1,2,0,0,0,3,0,0,0,1,0.125,0.125,0.125,0.25,2,,0,0,0,0,,player.fcgi?id=alberi000jos,,,
Brian Anderson,21,2014,Arkansas,SEC,65,287,241,39,79,14,3,7,51,9,2,20,40,0.328,0.401,0.498,0.899,120,,15,3,8,3,,player.fcgi?id=anders006bri,,,
Blake Baxendale?,--,2014,Arkansas,SEC,34,102,93,7,27,7,0,1,21,0,0,6,23,0.29,0.347,0.398,0.744,37,,2,1,0,0,,player.fcgi?id=baxend000bla,,,
Jalen Beeks*,20,2014,Arkansas,SEC,13,1,1,0,0,0,0,0,0,0,0,0,1,0,0,0,0,0,,0,0,0,0,,player.fcgi?id=beeks-000jal,,,
Andrew Benintendi*,19,2014,Arkansas,SEC,61,268,225,45,62,8,1,1,27,17,4,24,20,0.276,0.368,0.333,0.701,75,,10,7,2,0,,player.fcgi?id=benint000and,,,
Mike Bernal,21,2014,Arkansas,SEC,60,213,180,30,45,4,1,2,18,1,1,12,41,0.25,0.357,0.317,0.674,57,,18,3,0,0,,player.fcgi?id=bernal002mic,,,
Clark Eagan*,19,2014,Arkansas,SEC,46,153,123,26,37,4,1,2,12,4,1,16,18,0.301,0.411,0.398,0.809,49,,7,7,0,0,,player.fcgi?id=eagan-000cla,,,
Eric Fisher*,22,2014,Arkansas,SEC,65,262,235,35,63,16,0,9,45,5,2,17,45,0.268,0.315,0.451,0.767,106,,2,2,6,2,,player.fcgi?id=fisher002eri,,,
Alex Gosser*,19,2014,Arkansas,SEC,8,31,25,4,8,1,0,0,3,0,0,6,6,0.32,0.452,0.36,0.812,9,,0,0,0,0,,player.fcgi?id=gosser000ale,,,
Michael Gunn*,21,2014,Arkansas,SEC,39,16,12,1,1,0,0,0,0,0,0,4,4,0.083,0.313,0.083,0.396,1,,0,0,0,0,,player.fcgi?id=gunn--000mic,,,
Brett McAfee,21,2014,Arkansas,SEC,15,56,47,3,13,4,0,0,9,0,0,4,7,0.277,0.339,0.362,0.701,17,,2,0,3,0,,player.fcgi?id=mcafee002bre,,,
Garrett Rucker*,--,2014,Arkansas,SEC,11,15,14,4,2,1,0,0,0,1,0,1,8,0.143,0.2,0.214,0.414,3,,0,0,0,0,,player.fcgi?id=rucker000gar,,,
Joe Serrano,20,2014,Arkansas,SEC,61,272,228,35,66,14,0,0,22,8,0,29,38,0.29,0.366,0.351,0.717,80,,2,7,6,0,,player.fcgi?id=serran000joe,,,
Tyler Spoon,21,2014,Arkansas,SEC,64,279,234,39,60,12,2,3,37,5,2,29,37,0.256,0.35,0.363,0.714,85,,7,5,4,4,,player.fcgi?id=spoon-000tyl,,,
Bobby Wernes,19,2014,Arkansas,SEC,56,209,175,18,38,1,0,0,18,1,3,20,36,0.217,0.317,0.223,0.54,39,,6,7,1,1,,player.fcgi?id=wernes000bob,,,
Krisjon Wilkerson?,--,2014,Arkansas,SEC,37,121,101,17,26,3,1,2,14,1,0,8,34,0.257,0.348,0.366,0.714,37,,7,3,2,0,,player.fcgi?id=wilker000kri,,,
Jake Wise,22,2014,Arkansas,SEC,55,194,151,19,23,3,0,1,14,4,1,23,38,0.152,0.287,0.192,0.479,29,,7,9,4,2,,player.fcgi?id=wise--000jak,,,
Andrew Benintendi*,20,2015,Arkansas,SEC,65,288,226,62,85,13,2,20,57,24,4,50,32,0.376,0.488,0.717,1.205,162,,5,1,6,5,,player.fcgi?id=benint000and,,,
Mike Bernal,22,2015,Arkansas,SEC,56,221,175,23,47,5,0,4,30,2,5,29,40,0.269,0.398,0.366,0.764,64,,10,5,2,1,,player.fcgi?id=bernal002mic,,,
Luke Bonfield,19,2015,Arkansas,SEC,28,78,62,11,11,1,0,0,7,0,0,16,18,0.177,0.346,0.194,0.54,12,,0,0,0,0,,player.fcgi?id=bonfie000luk,,,
Clark Eagan*,20,2015,Arkansas,SEC,60,265,229,45,66,13,4,2,31,2,4,21,37,0.288,0.364,0.406,0.77,93,,8,4,3,0,,player.fcgi?id=eagan-000cla,,,
Cullen Gassaway,21,2015,Arkansas,SEC,24,63,53,8,15,3,0,3,10,0,0,8,17,0.283,0.381,0.509,0.89,27,,1,0,1,0,,player.fcgi?id=gassaw000cul,,,
Alex Gosser*,20,2015,Arkansas,SEC,31,56,50,3,12,2,0,0,2,0,1,5,11,0.24,0.309,0.28,0.589,14,,0,1,0,0,,player.fcgi?id=gosser000ale,,,
Brett McAfee,22,2015,Arkansas,SEC,50,176,157,26,45,6,0,2,23,3,1,11,38,0.287,0.339,0.363,0.702,57,,3,2,3,0,,player.fcgi?id=mcafee002bre,,,
Rick Nomura#,--,2015,Arkansas,SEC,57,216,188,39,56,11,1,4,20,3,2,20,25,0.298,0.37,0.431,0.801,81,,4,0,4,0,,player.fcgi?id=nomura000ric,,,
Tucker Pennell,21,2015,Arkansas,SEC,44,111,95,9,19,3,0,0,7,0,0,7,22,0.2,0.271,0.232,0.503,22,,3,4,2,1,,player.fcgi?id=pennel000tuc,,,
Joe Serrano,21,2015,Arkansas,SEC,60,268,227,46,63,13,1,4,35,6,2,34,45,0.278,0.375,0.397,0.772,90,,2,4,1,0,,player.fcgi?id=serran000joe,,,
Carson Shaddy,20,2015,Arkansas,SEC,44,103,89,15,30,5,1,3,19,1,1,9,26,0.337,0.427,0.517,0.944,46,,5,0,0,0,,player.fcgi?id=shaddy000car,,,
Chad Spanberger*,19,2015,Arkansas,SEC,42,123,107,8,27,5,2,0,21,1,0,12,31,0.252,0.336,0.336,0.673,36,,2,1,1,0,,player.fcgi?id=spanbe000cha,,,
Tyler Spoon,22,2015,Arkansas,SEC,64,273,245,38,80,20,1,6,54,10,2,13,33,0.327,0.365,0.49,0.855,120,,6,2,7,0,,player.fcgi?id=spoon-000tyl,,,
Bobby Wernes,20,2015,Arkansas,SEC,65,275,233,50,65,7,6,5,27,3,1,28,35,0.279,0.374,0.425,0.799,99,,8,5,1,2,,player.fcgi?id=wernes000bob,,,
Blake Wiggins,19,2015,Arkansas,SEC,3,3,3,0,0,0,0,0,0,0,0,0,0,0,0,0,0,0,,0,0,0,0,,player.fcgi?id=wiggin000bla,,,
Krisjon Wilkerson?,--,2015,Arkansas,SEC,1,3,3,0,0,0,0,0,0,0,0,0,3,0,0,0,0,0,,0,0,0,0,,player.fcgi?id=wilker000kri,,,
Jake Arledge,21,2016,Arkansas,SEC,40,136,106,28,26,6,3,2,11,6,0,21,27,0.245,0.393,0.415,0.808,44,,6,1,2,0,,player.fcgi?id=arledg000jak,,,
Jack Benninghoff,20,2016,Arkansas,SEC,14,23,18,6,2,0,0,0,0,0,0,4,7,0.111,0.273,0.111,0.384,2,,0,1,0,0,,player.fcgi?id=bennin000jac,,,
Mike Bernal,23,2016,Arkansas,SEC,54,223,201,37,55,9,1,8,37,0,1,14,35,0.274,0.338,0.448,0.786,90,,6,1,1,1,,player.fcgi?id=bernal002mic,,,
Luke Bonfield,20,2016,Arkansas,SEC,49,204,171,29,52,11,0,8,39,0,2,26,41,0.304,0.402,0.509,0.911,87,,4,0,3,0,,player.fcgi?id=bonfie000luk,,,
Austin Catron#,21,2016,Arkansas,SEC,27,101,88,13,23,2,1,2,16,1,1,7,19,0.261,0.313,0.375,0.688,33,,1,2,3,0,,player.fcgi?id=catron000aus,,,
Eric Cole#,19,2016,Arkansas,SEC,32,121,102,14,27,2,1,0,7,2,0,13,24,0.265,0.35,0.304,0.654,31,,1,4,1,0,,player.fcgi?id=cole--002eri,,,
Clark Eagan*,21,2016,Arkansas,SEC,55,260,225,37,67,8,2,7,37,5,1,22,37,0.298,0.37,0.444,0.814,100,,6,3,4,2,,player.fcgi?id=eagan-000cla,,,
Cullen Gassaway,22,2016,Arkansas,SEC,42,165,142,18,41,7,1,0,25,2,0,17,35,0.289,0.362,0.352,0.714,50,,1,2,3,1,,player.fcgi?id=gassaw000cul,,,
Alex Gosser*,21,2016,Arkansas,SEC,11,24,20,3,3,0,0,0,2,0,0,3,4,0.15,0.25,0.15,0.4,3,,0,0,1,0,,player.fcgi?id=gosser000ale,,,
Grant Koch,19,2016,Arkansas,SEC,29,89,76,11,21,5,1,2,14,0,1,11,19,0.276,0.382,0.447,0.829,34,,2,0,0,0,,player.fcgi?id=koch--000gra,,,
Rick Nomura#,--,2016,Arkansas,SEC,54,229,195,41,53,14,1,4,28,6,2,27,28,0.272,0.361,0.415,0.777,81,,2,2,3,0,,player.fcgi?id=nomura000ric,,,
Tucker Pennell,22,2016,Arkansas,SEC,46,154,136,16,36,10,0,2,12,2,1,12,28,0.265,0.338,0.382,0.72,52,,3,3,0,0,,player.fcgi?id=pennel000tuc,,,
Cody Scroggins,19,2016,Arkansas,SEC,32,59,49,7,10,0,0,0,6,4,0,6,8,0.204,0.291,0.204,0.495,10,,0,4,0,0,,player.fcgi?id=scrogg000cod,,,
Carson Shaddy,21,2016,Arkansas,SEC,54,240,211,41,70,12,2,8,35,5,4,23,52,0.332,0.4,0.521,0.921,110,,3,0,3,1,,player.fcgi?id=shaddy000car,,,
Darien Simms*,20,2016,Arkansas,SEC,27,35,28,12,6,0,0,0,3,6,0,3,9,0.214,0.333,0.214,0.548,6,,2,2,0,0,,player.fcgi?id=simms-000dar,,,
Chad Spanberger*,20,2016,Arkansas,SEC,33,118,102,11,23,4,0,6,17,0,1,13,40,0.226,0.325,0.441,0.766,45,,2,1,0,1,,player.fcgi?id=spanbe000cha,,,
Jake Arledge,22,2017,Arkansas,SEC,60,263,210,47,63,6,2,3,30,7,3,33,50,0.3,0.42,0.391,0.81,82,,11,8,1,1,,player.fcgi?id=arledg000jak,,,
Jax Biggers*,20,2017,Arkansas,SEC,63,252,213,48,72,14,4,4,37,3,1,30,30,0.338,0.423,0.498,0.921,106,,3,4,2,0,,player.fcgi?id=bigger000jax,,,
Luke Bonfield,21,2017,Arkansas,SEC,64,288,248,41,73,9,1,9,49,1,2,30,44,0.294,0.366,0.448,0.814,111,,2,1,7,2,,player.fcgi?id=bonfie000luk,,,
Matt Burch*,19,2017,Arkansas,SEC,18,34,32,2,5,2,0,0,0,0,0,2,8,0.156,0.206,0.219,0.425,7,,0,0,0,0,,player.fcgi?id=burch-002mat,,,
Cannon Chadwick,22,2017,Arkansas,SEC,24,1,0,1,0,0,0,0,0,0,0,1,0,,1,,,0,,0,0,0,0,,player.fcgi?id=chadwi000can,,,
Eric Cole#,20,2017,Arkansas,SEC,55,232,206,31,58,12,0,5,25,3,2,19,25,0.282,0.349,0.413,0.762,85,,3,3,1,0,,player.fcgi?id=cole--002eri,,,
Dominic Fletcher*,19,2017,Arkansas,SEC,59,250,220,44,64,7,1,12,37,1,1,17,36,0.291,0.356,0.496,0.852,109,,7,3,3,2,,player.fcgi?id=fletch000dom,,,
Jared Gates*,21,2017,Arkansas,SEC,37,138,122,19,30,3,0,6,14,0,0,11,32,0.246,0.329,0.418,0.747,51,,4,1,0,0,,player.fcgi?id=gates-001jar,,,
Alex Gosser*,22,2017,Arkansas,SEC,17,32,27,6,7,1,0,1,4,0,0,2,2,0.259,0.313,0.407,0.72,11,,1,0,2,0,,player.fcgi?id=gosser000ale,,,
Jack Kenley*,19,2017,Arkansas,SEC,34,39,30,5,4,1,0,0,2,1,1,2,13,0.133,0.278,0.167,0.445,5,,4,3,0,0,,player.fcgi?id=kenley000jac,,,
Grant Koch,20,2017,Arkansas,SEC,63,271,235,40,62,14,1,13,42,1,1,33,47,0.264,0.358,0.498,0.856,117,,2,0,1,1,,player.fcgi?id=koch--000gra,,,
Evan Lee*,20,2017,Arkansas,SEC,30,51,42,12,14,3,0,0,8,1,0,7,7,0.333,0.451,0.405,0.856,17,,2,0,0,0,,player.fcgi?id=lee---000eva,,,
Jordan McFarland,19,2017,Arkansas,SEC,29,82,70,14,19,0,0,2,10,1,0,9,21,0.271,0.366,0.357,0.723,25,,2,0,1,0,,player.fcgi?id=mcfarl000jor,,,
Carson Shaddy,22,2017,Arkansas,SEC,62,264,222,48,62,10,2,8,40,6,5,26,61,0.279,0.383,0.451,0.833,100,,13,0,3,2,,player.fcgi?id=shaddy000car,,,
Chad Spanberger*,21,2017,Arkansas,SEC,60,276,239,54,73,13,1,20,67,2,0,26,65,0.305,0.389,0.619,1.008,148,,8,1,2,6,,player.fcgi?id=spanbe000cha,,,
Jaxon Williams,19,2017,Arkansas,SEC,24,57,49,7,12,2,1,0,14,0,0,7,20,0.245,0.333,0.327,0.66,16,,0,0,1,0,,player.fcgi?id=willia000jax,,,
Hunter Wilson*,22,2017,Arkansas,SEC,14,34,29,3,9,0,0,0,6,0,1,3,2,0.31,0.394,0.31,0.704,9,,1,1,0,0,,player.fcgi?id=wilson000hun,,,
Jax Biggers*,21,2018,Arkansas,SEC,62,258,207,35,58,9,0,4,26,7,1,38,31,0.28,0.388,0.382,0.77,79,,3,3,7,0,,player.fcgi?id=bigger000jax,,,
Luke Bonfield,22,2018,Arkansas,SEC,64,265,213,39,63,10,1,9,44,1,0,42,45,0.296,0.426,0.479,0.905,102,,8,0,2,1,,player.fcgi?id=bonfie000luk,,,
Eric Cole#,21,2018,Arkansas,SEC,69,331,281,64,88,14,1,14,52,4,2,42,48,0.313,0.407,0.52,0.927,146,,4,2,2,0,,player.fcgi?id=cole--002eri,,,
Dominic Fletcher*,20,2018,Arkansas,SEC,69,297,267,43,77,16,1,10,49,1,3,20,53,0.288,0.338,0.468,0.806,125,,3,1,6,1,,player.fcgi?id=fletch000dom,,,
Jared Gates*,22,2018,Arkansas,SEC,46,159,133,25,32,6,0,6,23,2,0,17,29,0.241,0.348,0.421,0.769,56,,6,1,2,0,,player.fcgi?id=gates-001jar,,,
Jack Kenley*,20,2018,Arkansas,SEC,43,75,54,13,12,2,0,0,10,1,0,13,15,0.222,0.389,0.259,0.648,14,,3,3,2,0,,player.fcgi?id=kenley000jac,,,
Heston Kjerstad*,19,2018,Arkansas,SEC,69,313,262,65,87,16,0,14,58,3,0,26,55,0.332,0.419,0.553,0.972,145,,18,0,7,2,,player.fcgi?id=kjerst000hes,,,
Grant Koch,21,2018,Arkansas,SEC,66,260,216,36,53,7,0,7,35,4,1,38,45,0.245,0.358,0.375,0.733,81,,2,0,4,1,,player.fcgi?id=koch--000gra,,,
Evan Lee*,21,2018,Arkansas,SEC,32,62,50,11,15,2,0,3,15,1,0,8,13,0.3,0.383,0.52,0.903,26,,0,2,2,0,,player.fcgi?id=lee---000eva,,,
Casey Martin,19,2018,Arkansas,SEC,67,290,252,50,87,14,0,13,49,8,1,27,64,0.345,0.418,0.556,0.974,140,,6,3,2,0,,player.fcgi?id=martin003cas,,,
Jordan McFarland,20,2018,Arkansas,SEC,45,132,117,34,35,3,0,3,15,0,2,13,24,0.299,0.379,0.402,0.781,47,,2,0,0,0,,player.fcgi?id=mcfarl000jor,,,
Easton Murrell*,20,2018,Arkansas,SEC,7,13,8,4,1,0,0,0,1,0,0,3,2,0.125,0.462,0.125,0.587,1,,2,0,0,0,,player.fcgi?id=murrel000eas,,,
Casey Opitz#,19,2018,Arkansas,SEC,19,34,27,6,6,2,0,0,5,0,0,3,8,0.222,0.303,0.296,0.599,8,,1,1,2,0,,player.fcgi?id=opitz-000cas,,,
Zack Plunkett,22,2018,Arkansas,SEC,7,10,9,1,2,0,0,1,2,0,0,1,1,0.222,0.3,0.556,0.856,5,,0,0,0,0,,player.fcgi?id=plunke000zac,,,
Kole Ramage,19,2018,Arkansas,SEC,21,1,1,0,1,0,0,0,1,0,0,0,0,1,1,1,2,1,,0,0,0,0,,player.fcgi?id=ramage000kol,,,
Carson Shaddy,23,2018,Arkansas,SEC,59,241,197,45,65,12,2,13,55,4,2,27,63,0.33,0.426,0.609,1.035,120,,9,4,4,2,,player.fcgi?id=shaddy000car,,,
Cole Turney*,19,2018,Arkansas,SEC,4,9,7,1,0,0,0,0,0,1,0,2,6,0,0.222,0,0.222,0,,0,0,0,0,,player.fcgi?id=turney000col,,,
Hunter Wilson*,23,2018,Arkansas,SEC,30,53,46,10,13,2,0,1,12,2,0,4,9,0.283,0.365,0.391,0.757,18,,2,1,0,0,,player.fcgi?id=wilson000hun,,,
Trevor Ezell#,23,2019,Arkansas,SEC,66,316,255,72,84,25,2,10,49,19,1,47,57,0.329,0.436,0.561,0.996,143,,4,6,4,0,,player.fcgi?id=ezel--000tre,,,
Dominic Fletcher*,21,2019,Arkansas,SEC,66,301,265,56,83,24,0,11,61,2,1,28,54,0.313,0.385,0.528,0.914,140,,5,0,3,1,,player.fcgi?id=fletch000dom,,,
Christian Franklin,19,2019,Arkansas,SEC,64,235,201,42,55,8,1,6,34,12,3,24,66,0.274,0.361,0.413,0.774,83,,4,5,1,0,,player.fcgi?id=frankl002chr,,,
Matt Goodheart*,20,2019,Arkansas,SEC,58,240,203,35,70,16,2,5,47,5,2,34,45,0.345,0.444,0.517,0.961,105,,2,1,0,1,,player.fcgi?id=goodhe000mat,,,
Trey Harris,19,2019,Arkansas,SEC,15,42,35,5,9,3,0,0,6,0,0,3,6,0.257,0.342,0.343,0.684,12,,2,1,1,0,,player.fcgi?id=harris003tre,,,
Jack Kenley*,21,2019,Arkansas,SEC,66,291,235,55,73,10,4,13,54,8,3,42,55,0.311,0.428,0.553,0.981,130,,9,1,4,1,,player.fcgi?id=kenley000jac,,,
Heston Kjerstad*,20,2019,Arkansas,SEC,65,300,266,53,87,13,1,17,51,5,0,21,65,0.327,0.4,0.575,0.975,153,,12,0,1,3,,player.fcgi?id=kjerst000hes,,,
Casey Martin,20,2019,Arkansas,SEC,66,323,283,67,81,21,4,15,57,10,2,30,79,0.286,0.364,0.548,0.911,155,,5,4,1,2,,player.fcgi?id=martin003cas,,,
Jordan McFarland,21,2019,Arkansas,SEC,24,75,63,14,15,1,0,2,12,2,0,6,22,0.238,0.32,0.349,0.669,22,,3,0,3,0,,player.fcgi?id=mcfarl000jor,,,
Jacob Nesbit,21,2019,Arkansas,SEC,64,255,212,35,54,10,0,3,42,7,3,26,56,0.255,0.333,0.344,0.678,73,,3,6,8,0,,player.fcgi?id=nesbit000jac,,,
Casey Opitz#,20,2019,Arkansas,SEC,58,220,177,31,43,3,0,3,33,7,0,38,45,0.243,0.379,0.311,0.69,55,,2,1,2,2,,player.fcgi?id=opitz-000cas,,,
Zack Plunkett,23,2019,Arkansas,SEC,26,72,50,12,13,5,0,2,9,0,0,15,19,0.26,0.451,0.48,0.931,24,,4,1,2,0,,player.fcgi?id=plunke000zac,,,
Curtis Washington,19,2019,Arkansas,SEC,30,43,34,14,12,3,1,1,3,4,1,7,12,0.353,0.476,0.588,1.064,20,,1,1,0,0,,player.fcgi?id=washin000cur,,,
Cole Austin,23,2020,Arkansas,SEC,15,52,47,8,9,2,0,1,5,0,0,4,16,0.192,0.269,0.298,0.567,14,,1,0,0,0,,player.fcgi?id=austin000col,,,
Christian Franklin,20,2020,Arkansas,SEC,16,75,63,21,24,4,1,3,11,3,1,10,14,0.381,0.467,0.619,1.086,39,,1,0,1,0,,player.fcgi?id=frankl002chr,,,
Matt Goodheart*,21,2020,Arkansas,SEC,16,75,63,14,19,3,0,3,18,1,0,10,13,0.302,0.4,0.492,0.892,31,,1,0,1,0,,player.fcgi?id=goodhe000mat,,,
Zack Gregory*,20,2020,Arkansas,SEC,10,29,22,1,3,0,0,0,2,1,0,5,11,0.136,0.31,0.136,0.447,3,,1,0,1,0,,player.fcgi?id=gregor000zac,,,
Heston Kjerstad*,21,2020,Arkansas,SEC,16,78,67,19,30,5,0,6,20,1,0,7,9,0.448,0.513,0.791,1.304,53,,3,0,1,0,,player.fcgi?id=kjerst000hes,,,
Casey Martin,21,2020,Arkansas,SEC,15,71,59,7,16,5,0,2,10,6,0,10,22,0.271,0.386,0.458,0.843,27,,1,1,0,4,,player.fcgi?id=martin003cas,,,
Bryce Matthews*,19,2020,Arkansas,SEC,3,5,4,1,1,1,0,0,0,0,0,1,1,0.25,0.4,0.5,0.9,2,,0,0,0,0,,player.fcgi?id=matthe001bry,,,
Robert Moore#,18,2020,Arkansas,SEC,16,72,63,10,20,2,0,2,17,3,0,8,15,0.318,0.403,0.444,0.847,28,,1,0,0,0,,player.fcgi?id=moore-018rob,,,
Jacob Nesbit,22,2020,Arkansas,SEC,16,67,58,8,15,5,0,1,9,0,0,4,14,0.259,0.349,0.397,0.745,23,,4,1,0,0,,player.fcgi?id=nesbit000jac,,,
Casey Opitz#,21,2020,Arkansas,SEC,16,62,53,10,16,6,1,1,11,0,1,6,14,0.302,0.361,0.509,0.87,27,,0,1,2,1,,player.fcgi?id=opitz-000cas,,,
Dominic Tamez,19,2020,Arkansas,SEC,8,11,10,3,4,0,0,0,0,0,0,1,2,0.4,0.455,0.4,0.855,4,,0,0,0,0,,player.fcgi?id=tamez-000dom,,,
Cason Tollett,19,2020,Arkansas,SEC,1,1,1,0,0,0,0,0,0,0,0,0,0,0,0,0,0,0,,0,0,0,0,,player.fcgi?id=tollet000cas,,,
Curtis Washington,20,2020,Arkansas,SEC,6,8,5,2,1,0,0,1,2,0,0,2,1,0.2,0.5,0.8,1.3,4,,1,0,0,0,,player.fcgi?id=washin000cur,,,
Braydon Webb,22,2020,Arkansas,SEC,13,63,50,14,17,0,0,1,6,2,1,10,14,0.34,0.452,0.4,0.852,20,,1,1,1,0,,player.fcgi?id=webb--004bra,,,
Ethan Bates*,19,2021,Arkansas,SEC,17,42,36,7,9,2,0,0,6,0,0,5,5,0.25,0.333,0.306,0.639,11,,0,0,1,0,,player.fcgi?id=bates-000eth,,,
Jalen Battles,21,2021,Arkansas,SEC,61,258,216,48,58,12,0,6,43,5,2,33,56,0.269,0.371,0.407,0.779,88,,4,2,3,0,,player.fcgi?id=battle000jal,,,
Christian Franklin,21,2021,Arkansas,SEC,61,274,215,55,59,15,2,13,54,11,3,44,78,0.274,0.42,0.544,0.964,117,,12,0,3,0,,player.fcgi?id=frankl002chr,,,
Matt Goodheart*,22,2021,Arkansas,SEC,55,254,208,43,55,6,0,13,38,3,0,38,52,0.264,0.386,0.481,0.867,100,,5,0,3,5,,player.fcgi?id=goodhe000mat,,,
Zack Gregory*,21,2021,Arkansas,SEC,43,144,102,21,25,6,1,3,19,2,0,26,37,0.245,0.44,0.412,0.852,42,,11,3,2,0,,player.fcgi?id=gregor000zac,,,
Dylan Leach#,18,2021,Arkansas,SEC,17,49,35,12,9,1,1,1,4,0,0,11,9,0.257,0.469,0.429,0.898,15,,3,0,0,0,,player.fcgi?id=leach-000dyl,,,
Robert Moore#,19,2021,Arkansas,SEC,61,284,233,59,66,10,3,16,53,6,1,41,51,0.283,0.384,0.558,0.942,130,,2,0,8,2,,player.fcgi?id=moore-018rob,,,
Jacob Nesbit,23,2021,Arkansas,SEC,43,90,73,12,15,0,0,2,14,0,0,13,26,0.206,0.341,0.288,0.629,21,,2,2,0,0,,player.fcgi?id=nesbit000jac,,,
Casey Opitz#,22,2021,Arkansas,SEC,55,226,191,35,49,9,1,2,18,6,0,32,33,0.257,0.367,0.346,0.713,66,,2,0,1,0,,player.fcgi?id=opitz-000cas,,,
Brady Slavens*,20,2021,Arkansas,SEC,57,249,218,49,62,12,3,14,63,2,0,19,64,0.284,0.347,0.56,0.906,122,,5,1,6,0,,player.fcgi?id=slaven000bra,,,
Cullen Smith*,23,2021,Arkansas,SEC,51,200,156,39,41,7,0,11,35,2,3,34,34,0.263,0.395,0.519,0.914,81,,4,0,6,0,,player.fcgi?id=smith-002cul,,,
Heston Tole,19,2021,Arkansas,SEC,11,0,0,1,0,0,0,0,0,0,0,0,0,,,,,0,,0,0,0,0,,player.fcgi?id=tole--000hes,,,
Cayden Wallace,19,2021,Arkansas,SEC,60,279,240,52,67,11,0,14,44,0,0,29,61,0.279,0.369,0.5,0.869,120,,7,0,3,1,,player.fcgi?id=wallac001cay,,,
Braydon Webb,23,2021,Arkansas,SEC,48,123,92,25,16,4,0,6,16,6,0,21,43,0.174,0.372,0.413,0.785,38,,8,2,0,0,,player.fcgi?id=webb--004bra,,,
Charlie Welch,21,2021,Arkansas,SEC,28,81,67,21,26,5,0,8,25,0,0,13,14,0.388,0.494,0.821,1.315,55,,1,0,0,0,,player.fcgi?id=welch-001cha,,,
Zac White,19,2021,Arkansas,SEC,6,16,12,4,3,0,0,0,1,1,0,1,4,0.25,0.438,0.25,0.688,3,,3,0,0,0,,player.fcgi?id=white-008zac,,,
Nate Wohlgemuth,20,2021,Arkansas,SEC,3,1,0,0,0,0,0,0,0,0,0,0,0,,1,,,0,,1,0,0,0,,player.fcgi?id=wohlge000nat,,,
Jalen Battles,22,2022,Arkansas,SEC,66,281,246,51,71,15,1,10,45,2,0,30,57,0.289,0.364,0.48,0.844,118,4,1,1,3,2,,player.fcgi?id=battle000jal,,,
Jace Bohrofen*,20,2022,Arkansas,SEC,32,108,92,17,21,8,1,3,17,0,2,10,22,0.228,0.333,0.435,0.768,40,1,5,0,1,0,,player.fcgi?id=bohrof000jac,,,
Kendall Diggs*,19,2022,Arkansas,SEC,27,79,61,14,12,1,0,3,14,1,0,16,16,0.197,0.367,0.361,0.728,22,0,1,0,1,0,,player.fcgi?id=diggs-000ken,,,
Zack Gregory*,22,2022,Arkansas,SEC,56,207,146,42,31,7,0,5,18,6,0,35,62,0.212,0.414,0.363,0.777,53,1,16,9,1,0,,player.fcgi?id=gregor000zac,,,
Chris Lanzilli,24,2022,Arkansas,SEC,59,264,224,39,73,9,0,11,40,3,2,26,51,0.326,0.424,0.513,0.937,115,3,12,2,0,0,,player.fcgi?id=lanzil000chr,,,
Dylan Leach#,19,2022,Arkansas,SEC,24,64,58,16,13,3,1,4,16,4,0,5,16,0.224,0.297,0.517,0.814,30,1,1,0,0,0,,player.fcgi?id=leach-000dyl,,,
Robert Moore#,20,2022,Arkansas,SEC,65,300,241,48,56,19,2,8,44,5,2,42,46,0.232,0.374,0.427,0.801,103,5,13,3,1,2,,player.fcgi?id=moore-018rob,,,
Brady Slavens*,21,2022,Arkansas,SEC,63,277,239,35,61,10,3,16,58,2,1,30,66,0.255,0.332,0.523,0.855,125,6,1,0,7,0,,player.fcgi?id=slaven000bra,,,
Max Soliz,20,2022,Arkansas,SEC,5,10,9,2,2,1,0,0,1,0,0,1,4,0.222,0.3,0.333,0.633,3,0,0,0,0,0,,player.fcgi?id=soliz-000max,,,
Peyton Stovall*,19,2022,Arkansas,SEC,52,226,200,40,59,8,0,6,31,1,0,19,39,0.295,0.373,0.425,0.798,85,1,6,1,0,0,,player.fcgi?id=stoval000pey,,,
Michael Turner*,23,2022,Arkansas,SEC,64,291,257,40,83,17,1,9,53,1,0,27,49,0.323,0.388,0.502,0.89,129,10,3,0,4,3,,player.fcgi?id=turner002mic,,,
Drake Varnado,19,2022,Arkansas,SEC,15,23,17,6,4,1,0,0,4,1,1,4,7,0.235,0.391,0.294,0.685,5,0,1,0,1,0,,player.fcgi?id=varnad000dra,,,
Cayden Wallace,20,2022,Arkansas,SEC,67,323,275,62,82,20,1,16,60,12,1,38,56,0.298,0.387,0.553,0.94,152,3,5,0,5,6,,player.fcgi?id=wallac001cay,,,
Braydon Webb,24,2022,Arkansas,SEC,62,263,212,60,60,8,1,15,42,11,1,42,55,0.283,0.418,0.543,0.96,115,6,7,2,0,0,,player.fcgi?id=webb--004bra,,,
Jace Bohrofen*,21,2023,Arkansas,SEC,60,267,214,54,68,15,0,16,52,7,3,32,63,0.318,0.436,0.612,1.048,131,3,16,1,4,0,,player.fcgi?id=bohrof000jac,,,
John Bolton,24,2023,Arkansas,SEC,51,186,141,32,29,6,0,0,19,7,2,26,39,0.206,0.358,0.248,0.606,35,4,9,7,3,0,,player.fcgi?id=bolton001joh,,,
Caleb Cali,22,2023,Arkansas,SEC,51,204,172,38,53,8,0,9,37,3,2,27,41,0.308,0.412,0.512,0.923,88,4,4,0,1,0,,player.fcgi?id=cali--000cal,,,
Harold Coll,21,2023,Arkansas,SEC,32,94,82,15,19,7,0,4,22,1,1,7,21,0.232,0.301,0.463,0.765,38,3,2,1,2,0,,player.fcgi?id=coll--000har,,,
Kendall Diggs*,20,2023,Arkansas,SEC,58,257,201,51,60,12,1,12,63,1,0,46,47,0.299,0.436,0.547,0.983,110,4,6,0,4,0,,player.fcgi?id=diggs-000ken,,,
Hunter Grimes,23,2023,Arkansas,SEC,19,40,27,9,5,0,1,0,7,0,1,9,14,0.185,0.368,0.259,0.628,7,0,0,2,2,0,,player.fcgi?id=grimes000hun,,,
Peyton Holt,22,2023,Arkansas,SEC,31,88,74,24,29,4,2,2,17,6,0,9,13,0.392,0.489,0.581,1.07,43,4,5,0,0,0,,player.fcgi?id=holt--000pey,,,
Jayson Jones,19,2023,Arkansas,SEC,20,62,46,12,9,2,0,2,6,2,0,14,15,0.196,0.403,0.37,0.773,17,3,2,0,0,0,,player.fcgi?id=jones-005jay,,,
Tavian Josenberger*,21,2023,Arkansas,SEC,52,241,192,51,55,9,0,10,33,13,3,41,51,0.287,0.414,0.49,0.904,94,0,3,2,3,0,,player.fcgi?id=josenb000tav,,,
Ben McLaughlin*,21,2023,Arkansas,SEC,29,95,78,12,27,3,1,2,14,0,0,11,11,0.346,0.442,0.487,0.929,38,1,4,0,2,0,,player.fcgi?id=mclaug000ben,,,
Mason Neville*,19,2023,Arkansas,SEC,19,33,27,8,3,1,0,0,2,0,0,4,20,0.111,0.25,0.148,0.398,4,0,1,1,0,0,,player.fcgi?id=nevill000mas,,,
Hudson Polk,22,2023,Arkansas,SEC,26,73,58,10,11,1,0,2,7,0,2,8,16,0.19,0.343,0.31,0.653,18,3,6,0,1,0,,player.fcgi?id=polk--000hud,,,
Reese Robinett*,20,2023,Arkansas,SEC,14,26,25,7,6,0,0,2,7,0,0,1,9,0.24,0.269,0.48,0.749,12,1,0,0,0,0,,player.fcgi?id=robine000ree,,,
Parker Rowland#,22,2023,Arkansas,SEC,46,168,143,21,26,2,0,2,19,0,1,21,57,0.182,0.293,0.238,0.531,34,5,2,1,1,0,,player.fcgi?id=rowlan000par,,,
Brady Slavens*,22,2023,Arkansas,SEC,58,238,213,42,59,14,2,9,42,7,0,17,45,0.277,0.34,0.488,0.829,104,5,5,0,3,2,,player.fcgi?id=slaven000bra,,,
Peyton Stovall*,20,2023,Arkansas,SEC,38,176,150,30,38,4,1,5,31,3,1,15,27,0.253,0.33,0.393,0.723,59,1,5,0,6,0,,player.fcgi?id=stoval000pey,,,
Jared Wegner,23,2023,Arkansas,SEC,43,188,147,46,46,4,2,15,51,3,0,33,42,0.313,0.457,0.674,1.131,99,1,7,0,1,0,,player.fcgi?id=wegner000jar,,,
Wehiwa Aloy,20,2024,Arkansas,SEC,60,274,237,45,64,9,0,14,56,7,0,25,55,0.27,0.355,0.485,0.841,115,7,8,1,3,0,,player.fcgi?id=aloy--000weh,,,
Kendall Diggs*,21,2024,Arkansas,SEC,55,246,205,35,47,11,1,7,34,4,3,34,58,0.229,0.346,0.395,0.741,81,0,4,0,3,0,,player.fcgi?id=diggs-000ken,,,
Will Edmunson,21,2024,Arkansas,SEC,39,107,87,26,21,5,0,1,10,6,1,11,12,0.241,0.362,0.333,0.695,29,2,6,2,1,0,,player.fcgi?id=edmuns000wil,,,
Ryder Helfrick,19,2024,Arkansas,SEC,31,104,84,18,15,3,0,3,8,1,0,14,28,0.179,0.32,0.321,0.642,27,2,4,1,1,0,,player.fcgi?id=helfri000ryd,,,
Peyton Holt,23,2024,Arkansas,SEC,46,177,152,31,49,2,1,8,27,6,1,16,25,0.322,0.412,0.507,0.919,77,2,8,0,1,0,,player.fcgi?id=holt--000pey,,,
Jayson Jones,20,2024,Arkansas,SEC,23,83,72,11,14,3,0,4,17,3,0,8,26,0.194,0.301,0.403,0.704,29,1,3,0,0,0,,player.fcgi?id=jones-005jay,,,
Ross Lovich*,22,2024,Arkansas,SEC,34,106,84,19,24,4,1,2,16,2,1,12,24,0.286,0.408,0.429,0.836,36,2,6,3,1,0,,player.fcgi?id=lovich000ros,,,
Ben McLaughlin*,22,2024,Arkansas,SEC,60,262,202,42,61,11,0,9,42,0,0,50,30,0.302,0.447,0.49,0.937,99,6,6,0,4,1,,player.fcgi?id=mclaug000ben,,,
Hudson Polk,23,2024,Arkansas,SEC,9,26,21,4,3,0,0,1,5,0,0,4,9,0.143,0.269,0.286,0.555,6,1,0,0,1,0,,player.fcgi?id=polk--000hud,,,
Parker Rowland#,23,2024,Arkansas,SEC,16,42,29,5,7,2,0,1,4,1,0,9,7,0.241,0.41,0.414,0.824,12,1,0,3,1,0,,player.fcgi?id=rowlan000par,,,
Nolan Souza*,19,2024,Arkansas,SEC,40,132,110,21,28,7,0,7,28,3,0,18,38,0.255,0.366,0.509,0.876,56,1,2,1,1,0,,player.fcgi?id=souza-000nol,,,
Jared Sprague-Lott,22,2024,Arkansas,SEC,48,214,169,45,49,7,0,9,28,4,0,36,37,0.29,0.425,0.491,0.916,83,3,5,2,2,1,,player.fcgi?id=spragu000jar,,,
Peyton Stovall*,21,2024,Arkansas,SEC,48,230,200,39,68,12,0,9,38,2,3,20,41,0.34,0.409,0.535,0.944,107,0,6,0,4,0,,player.fcgi?id=stoval000pey,,,
Jack Wagner,24,2024,Arkansas,SEC,19,61,50,10,13,3,0,3,11,1,0,6,12,0.26,0.344,0.5,0.844,25,1,2,0,3,1,,player.fcgi?id=wagner001jac,,,
Hudson White,21,2024,Arkansas,SEC,46,187,158,30,47,12,0,8,33,0,1,23,28,0.298,0.396,0.525,0.921,83,2,4,0,2,0,,player.fcgi?id=white-000hud,,,
Ty Wilmsmeyer,24,2024,Arkansas,SEC,47,137,117,20,25,2,0,1,13,4,1,14,33,0.214,0.319,0.256,0.575,30,2,4,2,0,0,,player.fcgi?id=wilmsm000ty-,,,
Kuhio Aloy,19,2025,Arkansas,SEC,61,280,243,52,77,15,0,13,70,0,0,31,77,0.317,0.404,0.539,0.943,131,4,5,0,1,2,,player.fcgi?id=aloy--000kuh,,,
Wehiwa Aloy,21,2025,Arkansas,SEC,65,311,266,81,93,19,2,21,68,9,3,32,64,0.35,0.434,0.673,1.107,179,5,10,0,3,2,,player.fcgi?id=aloy--000weh,,,
Michael Anderson,21,2025,Arkansas,SEC,4,9,8,0,0,0,0,0,0,0,0,1,3,0,0.111,0,0.111,0,0,0,0,0,0,,player.fcgi?id=anders017mic,,,
Zane Becker,19,2025,Arkansas,SEC,20,41,31,5,8,3,0,1,6,1,0,5,9,0.258,0.425,0.452,0.877,14,0,4,1,0,0,,player.fcgi?id=becker000zan,,,
Carson Boles,23,2025,Arkansas,SEC,29,80,58,18,18,5,0,2,16,0,0,19,16,0.31,0.475,0.5,0.975,29,1,1,0,2,0,,player.fcgi?id=boles-002car,,,
Charles Davalan*,21,2025,Arkansas,SEC,65,317,269,71,93,12,2,14,60,10,3,35,27,0.346,0.433,0.561,0.994,151,2,8,3,2,2,,player.fcgi?id=davala000cha,,,
Kendall Diggs*,22,2025,Arkansas,SEC,39,73,63,10,10,2,1,2,7,2,1,7,21,0.159,0.264,0.318,0.581,20,2,2,1,0,1,,player.fcgi?id=diggs-000ken,,,
Gabe Fraser*,19,2025,Arkansas,SEC,28,62,52,14,13,1,1,1,12,2,0,6,11,0.25,0.339,0.365,0.704,19,0,2,0,2,0,,player.fcgi?id=fraser000gab,,,
Ryder Helfrick,20,2025,Arkansas,SEC,61,236,190,47,58,10,2,15,38,3,2,32,53,0.305,0.42,0.616,1.036,117,3,7,5,2,0,,player.fcgi?id=helfri000ryd,,,
Brent Iredale,21,2025,Arkansas,SEC,65,280,206,63,59,11,0,14,57,9,1,46,68,0.286,0.45,0.544,0.994,112,4,21,0,7,0,,player.fcgi?id=iredal000bre,,,
Cam Kozeal*,20,2025,Arkansas,SEC,60,256,231,49,77,18,0,15,62,2,1,19,53,0.333,0.386,0.606,0.992,140,5,2,2,2,1,,player.fcgi?id=kozeal000cam,,,
Logan Maxwell*,22,2025,Arkansas,SEC,51,220,177,46,63,5,0,13,38,1,1,27,35,0.356,0.454,0.605,1.059,107,3,9,2,5,3,,player.fcgi?id=maxwel001log,,,
Rocco Peppi,23,2025,Arkansas,SEC,19,57,46,7,10,2,0,0,9,0,0,5,10,0.217,0.351,0.261,0.612,12,1,5,0,1,0,,player.fcgi?id=peppi-000roc,,,
Reese Robinett*,22,2025,Arkansas,SEC,32,91,73,16,19,4,0,3,13,1,0,16,26,0.26,0.4,0.438,0.838,32,2,1,1,0,0,,player.fcgi?id=robine000ree,,,
Nolan Souza*,20,2025,Arkansas,SEC,32,115,96,24,24,5,0,4,22,9,0,19,30,0.25,0.374,0.427,0.801,41,0,0,0,0,0,,player.fcgi?id=souza-000nol,,,
Justin Thomas,21,2025,Arkansas,SEC,62,214,165,47,50,6,1,9,38,7,4,34,49,0.303,0.438,0.515,0.953,85,2,8,4,3,0,,player.fcgi?id=thomas009jus,,,
Kuhio Aloy,20,2026,Arkansas,SEC,49,199,181,37,53,8,0,9,41,5,0,15,48,0.293,0.352,0.486,0.838,88,5,2,0,1,0,,player.fcgi?id=aloy--000kuh,,,
Carson Brumbaugh,19,2026,Arkansas,SEC,20,55,50,6,7,3,0,0,2,0,1,2,15,0.14,0.167,0.2,0.367,10,4,0,1,2,0,,player.fcgi?id=brumba000car,,,
Ryder Helfrick,21,2026,Arkansas,SEC,62,288,226,56,64,7,1,18,53,8,1,55,55,0.283,0.417,0.562,0.979,127,2,1,0,6,3,,player.fcgi?id=helfri000ryd,,,
Brendan Kleiman,23,2026,Arkansas,SEC,2,1,1,0,0,0,0,0,0,0,0,0,1,0,0,0,0,0,0,0,0,0,0,,player.fcgi?id=kleima000bre,,,
Cam Kozeal*,21,2026,Arkansas,SEC,62,289,245,59,78,18,2,20,71,1,1,36,54,0.318,0.41,0.653,1.063,160,2,4,1,3,2,,player.fcgi?id=kozeal000cam,,,
Maika Niu,22,2026,Arkansas,SEC,61,246,215,39,59,14,0,10,51,19,2,24,69,0.274,0.347,0.479,0.826,103,2,2,1,4,0,,player.fcgi?id=niu---000mai,,,
Alexander Peck,19,2026,Arkansas,SEC,16,28,25,4,3,1,0,1,2,0,0,3,7,0.12,0.214,0.28,0.494,7,1,0,0,0,0,,player.fcgi?id=peck--001ale,,,
TJ Pompey,21,2026,Arkansas,SEC,59,225,196,47,51,4,1,15,39,18,3,21,88,0.26,0.348,0.52,0.869,102,2,6,1,1,0,,player.fcgi?id=pompey000tj-,,,
Reese Robinett*,23,2026,Arkansas,SEC,54,205,172,26,44,13,0,4,28,4,1,27,48,0.256,0.373,0.401,0.774,69,1,5,1,0,0,,player.fcgi?id=robine000ree,,,
Damian Ruiz,22,2026,Arkansas,SEC,54,245,194,51,60,13,0,5,30,16,1,35,41,0.309,0.442,0.454,0.896,88,4,12,3,1,0,,player.fcgi?id=ruiz--000dam,,,
Carter Rutenbar*,19,2026,Arkansas,SEC,51,181,147,30,42,10,0,2,18,2,1,29,42,0.286,0.414,0.395,0.809,58,5,4,0,1,1,,player.fcgi?id=rutenb000car,,,
Landon Schaefer,19,2026,Arkansas,SEC,8,7,5,3,0,0,0,0,0,2,0,2,2,0,0.286,0,0.286,0,0,0,0,0,0,,player.fcgi?id=schaef000lan,,,
Nolan Souza*,21,2026,Arkansas,SEC,60,259,224,47,61,15,1,4,35,14,2,26,56,0.272,0.361,0.402,0.762,90,2,6,1,2,0,,player.fcgi?id=souza-000nol,,,
Zack Stewart*,22,2026,Arkansas,SEC,52,213,170,35,45,7,0,15,39,0,0,33,56,0.265,0.399,0.571,0.97,97,2,7,0,3,0,,player.fcgi?id=stewar005zac,,,
Christian Turner*,19,2026,Arkansas,SEC,37,64,55,13,13,1,1,2,10,1,1,7,23,0.236,0.333,0.4,0.733,22,0,1,1,0,0,,player.fcgi?id=turner005chr,,,
Carson Willis,21,2026,Arkansas,SEC,1,4,3,0,0,0,0,0,0,0,0,1,0,0,0.25,0,0.25,0,0,0,0,0,0,,player.fcgi?id=willis003car,,,
Elijah Batista,22,2026,Texas A&M,SEC,3,1,1,0,0,0,0,0,0,0,0,0,0,0,0,0,0,0,0,0,0,0,0,,player.fcgi?id=batist001eli,,,
Zane Becker,20,2026,Texas A&M,SEC,10,17,15,1,1,0,0,0,4,0,0,1,1,0.067,0.118,0.067,0.184,1,1,0,0,1,0,,player.fcgi?id=becker000zan,,,
Luke Billings,19,2026,Texas A&M,SEC,4,1,0,0,0,0,0,0,0,0,0,1,0,,1,,,0,0,0,0,0,0,,player.fcgi?id=billin001luk,,,
Blake Binderup,22,2026,Texas A&M,SEC,33,110,87,25,27,4,0,9,30,2,1,14,42,0.31,0.44,0.667,1.107,58,1,7,1,1,0,,player.fcgi?id=binder000bla,,,
Travis Chestnut,24,2026,Texas A&M,SEC,29,59,39,11,10,2,1,1,6,8,0,9,17,0.256,0.434,0.436,0.87,17,0,4,6,1,0,,player.fcgi?id=chestn000tra,,,
Jake Duer*,23,2026,Texas A&M,SEC,57,256,217,38,66,13,2,7,54,0,0,37,44,0.304,0.406,0.479,0.886,104,4,1,0,1,0,,player.fcgi?id=duer--000jak,,,
Sam Erickson,21,2026,Texas A&M,SEC,5,3,2,0,0,0,0,0,0,0,0,1,2,0,0.333,0,0.333,0,0,0,0,0,0,,player.fcgi?id=ericks001sam,,,
Sawyer Farr#,21,2026,Texas A&M,SEC,19,50,40,18,10,3,0,0,7,0,0,6,13,0.25,0.4,0.325,0.725,13,0,4,0,0,0,,player.fcgi?id=farr--000saw,,,
Gavin Grahovac,21,2026,Texas A&M,SEC,57,273,230,76,78,16,3,22,74,5,2,26,45,0.339,0.429,0.722,1.15,166,3,13,0,4,0,,player.fcgi?id=grahov000gav,,,
Chris Hacopian,21,2026,Texas A&M,SEC,42,195,166,34,53,10,0,11,41,3,0,25,21,0.319,0.405,0.578,0.983,96,4,1,0,3,0,,player.fcgi?id=hacopi000chr,,,
Bear Harrison,21,2026,Texas A&M,SEC,53,222,155,50,46,15,0,12,35,3,0,41,37,0.297,0.496,0.626,1.121,97,0,23,0,3,0,,player.fcgi?id=harris006con,,,
Wesley Jordan,23,2026,Texas A&M,SEC,20,76,60,15,16,3,0,4,13,2,1,14,25,0.267,0.421,0.517,0.938,31,2,2,0,0,0,,player.fcgi?id=jordan001wes,,,
Boston Kellner,20,2026,Texas A&M,SEC,55,223,164,40,40,8,1,5,30,1,0,43,44,0.244,0.423,0.396,0.819,65,4,10,3,3,0,,player.fcgi?id=kellne000bos,,,
Terrence Kiel#,20,2026,Texas A&M,SEC,46,160,127,38,33,6,0,0,12,10,1,24,19,0.26,0.399,0.307,0.706,39,2,6,2,1,0,,player.fcgi?id=kiel--000ter,,,
Blake LaBuda,24,2026,Texas A&M,SEC,5,9,6,2,1,0,0,0,1,0,0,2,1,0.167,0.444,0.167,0.611,1,0,1,0,0,0,,player.fcgi?id=labuda000bla,,,
Nico Partida,19,2026,Texas A&M,SEC,49,213,180,45,55,8,0,12,43,4,0,29,40,0.306,0.409,0.55,0.959,99,6,3,0,1,0,,player.fcgi?id=partid000nic,,,
Ben Royo,22,2026,Texas A&M,SEC,15,51,44,10,19,2,0,3,8,1,0,5,8,0.432,0.471,0.682,1.152,30,2,0,0,2,0,,player.fcgi?id=royo--000ben,,,
Caden Sorrell*,21,2026,Texas A&M,SEC,56,265,226,67,77,20,1,23,76,11,4,33,61,0.341,0.434,0.743,1.177,168,0,5,0,1,6,,player.fcgi?id=sorrel001cad,,,
Jorian Wilson*,18,2026,Texas A&M,SEC,44,154,138,35,39,6,2,12,32,6,0,11,53,0.283,0.351,0.616,0.967,85,2,4,0,1,0,,player.fcgi?id=wilson007jor,,,
Matt Bergevin,24,2025,Texas A&M,SEC,13,24,17,1,3,0,0,0,2,0,0,5,5,0.177,0.417,0.177,0.593,3,1,2,0,0,0,,player.fcgi?id=bergev000mat,,,
Blake Binderup,21,2025,Texas A&M,SEC,43,135,113,21,26,4,0,8,27,1,1,14,41,0.23,0.341,0.478,0.819,54,1,6,0,2,1,,player.fcgi?id=binder000bla,,,
Hayden Crites#,19,2025,Texas A&M,SEC,3,3,2,1,0,0,0,0,0,0,0,1,2,0,0.333,0,0.333,0,0,0,0,0,0,,player.fcgi?id=crites000hay,,,
Sam Erickson,20,2025,Texas A&M,SEC,18,15,13,3,1,0,0,0,2,0,0,1,8,0.077,0.133,0.077,0.21,1,0,0,0,1,0,,player.fcgi?id=ericks001sam,,,
Sawyer Farr#,20,2025,Texas A&M,SEC,39,109,85,16,15,0,1,0,4,5,0,17,37,0.177,0.352,0.2,0.552,17,0,6,1,0,0,,player.fcgi?id=farr--000saw,,,
Jacob Galloway*,22,2025,Texas A&M,SEC,20,56,50,7,11,2,0,1,7,2,2,5,8,0.22,0.286,0.32,0.606,16,2,0,0,1,0,,player.fcgi?id=gallow001jac,,,
Jamal George,21,2025,Texas A&M,SEC,34,75,65,15,15,3,0,0,4,2,0,7,27,0.231,0.307,0.277,0.584,18,1,1,0,2,0,,player.fcgi?id=george005jam,,,
Gavin Grahovac,20,2025,Texas A&M,SEC,6,26,22,7,5,1,0,2,6,1,0,1,6,0.227,0.346,0.546,0.892,12,0,3,0,0,0,,player.fcgi?id=grahov000gav,,,
Bear Harrison,20,2025,Texas A&M,SEC,44,180,138,32,35,7,0,10,34,1,0,27,42,0.254,0.417,0.522,0.938,72,3,13,0,2,0,,player.fcgi?id=harris006con,,,
Wyatt Henseler,23,2025,Texas A&M,SEC,56,253,210,48,67,15,0,12,33,4,0,19,41,0.319,0.423,0.562,0.985,118,4,21,0,3,0,,player.fcgi?id=hensel000wya,,,
Gavin Kash*,22,2025,Texas A&M,SEC,41,153,126,20,29,9,1,3,24,1,0,21,35,0.23,0.333,0.389,0.722,49,2,1,0,5,0,,player.fcgi?id=kash--000gav,,,
Kaeden Kent*,21,2025,Texas A&M,SEC,56,251,204,52,57,13,1,13,49,4,0,37,35,0.279,0.398,0.544,0.943,111,4,6,0,4,1,,player.fcgi?id=kent--000kae,,,
Terrence Kiel#,19,2025,Texas A&M,SEC,56,233,201,45,59,11,1,2,26,12,1,24,48,0.294,0.388,0.388,0.776,78,3,7,1,0,0,,player.fcgi?id=kiel--000ter,,,
Jace LaViolette*,21,2025,Texas A&M,SEC,56,262,198,56,51,9,0,18,61,7,1,57,66,0.258,0.428,0.576,1.003,114,3,4,0,3,6,,player.fcgi?id=laviol000jac,,,
Ben Royo,21,2025,Texas A&M,SEC,44,155,132,32,34,5,1,10,23,1,1,18,50,0.258,0.342,0.538,0.88,71,2,0,3,2,0,,player.fcgi?id=royo--000ben,,,
Hayden Schott*,25,2025,Texas A&M,SEC,50,153,135,12,29,2,0,4,34,0,0,14,42,0.215,0.285,0.319,0.603,43,1,0,2,2,0,,player.fcgi?id=schott000hay,,,
Caden Sorrell*,20,2025,Texas A&M,SEC,26,114,95,23,32,5,1,12,32,0,0,16,25,0.337,0.43,0.79,1.219,75,3,1,0,2,1,,player.fcgi?id=sorrel001cad,,,
Nathan Tobin*,19,2025,Texas A&M,SEC,11,1,1,4,1,1,0,0,0,0,0,0,0,1,1,2,3,2,0,0,0,0,0,,player.fcgi?id=tobin-000nat,,,
Jackson Appel#,22,2024,Texas A&M,SEC,65,282,236,48,78,16,1,10,41,16,3,34,33,0.331,0.422,0.534,0.956,126,4,7,0,5,2,,player.fcgi?id=appel-000jac,,,
Hank Bard*,23,2024,Texas A&M,SEC,20,43,36,6,8,1,0,1,9,0,0,7,8,0.222,0.349,0.333,0.682,12,3,0,0,0,0,,player.fcgi?id=bard--000han,,,
Jack Bell*,19,2024,Texas A&M,SEC,19,26,16,7,4,1,0,1,4,3,0,8,5,0.25,0.5,0.5,1,8,1,1,0,1,0,,player.fcgi?id=bell--008jac,,,
Blake Binderup,20,2024,Texas A&M,SEC,19,49,39,6,9,0,1,1,7,0,0,9,17,0.231,0.367,0.359,0.726,14,1,0,0,1,0,,player.fcgi?id=binder000bla,,,
Ted Burton,24,2024,Texas A&M,SEC,63,276,215,46,61,13,1,9,44,11,1,51,54,0.284,0.438,0.479,0.918,103,3,9,0,1,0,,player.fcgi?id=burton000ted,,,
Ali Camarillo,21,2024,Texas A&M,SEC,68,293,250,50,72,13,1,7,36,9,1,34,59,0.288,0.384,0.432,0.816,108,4,6,1,2,1,,player.fcgi?id=camari000ali,,,
Travis Chestnut,22,2024,Texas A&M,SEC,49,147,107,41,28,5,1,3,13,18,1,29,43,0.262,0.441,0.411,0.853,44,0,7,2,2,0,,player.fcgi?id=chestn000tra,,,
Gavin Grahovac,19,2024,Texas A&M,SEC,67,328,285,83,85,16,0,23,66,4,1,36,95,0.298,0.39,0.597,0.987,170,3,7,0,0,0,,player.fcgi?id=grahov000gav,,,
Jett Johnston,19,2024,Texas A&M,SEC,13,21,16,5,3,1,0,0,2,0,0,5,6,0.188,0.381,0.25,0.631,4,0,0,0,0,0,,player.fcgi?id=johnst000jet,,,
Max Kaufer,19,2024,Texas A&M,SEC,14,32,20,5,5,2,0,1,5,0,0,8,5,0.25,0.516,0.5,1.016,10,0,3,1,0,0,,player.fcgi?id=kaufer000max,,,
Kaeden Kent*,20,2024,Texas A&M,SEC,51,129,110,23,36,6,0,4,28,0,2,16,20,0.327,0.414,0.491,0.905,54,3,1,1,1,0,,player.fcgi?id=kent--000kae,,,
Jace LaViolette*,20,2024,Texas A&M,SEC,68,334,259,87,79,16,3,29,78,7,2,64,81,0.305,0.449,0.726,1.175,188,3,7,0,4,3,,player.fcgi?id=laviol000jac,,,
Braden Montgomery#,21,2024,Texas A&M,SEC,61,295,236,65,76,14,1,27,85,5,2,53,59,0.322,0.454,0.733,1.187,173,3,5,0,1,4,,player.fcgi?id=montgo002bra,,,
Hayden Schott*,24,2024,Texas A&M,SEC,68,306,263,45,88,15,2,8,63,1,1,34,59,0.335,0.418,0.498,0.916,131,0,6,0,3,1,,player.fcgi?id=schott000hay,,,
Caden Sorrell*,19,2024,Texas A&M,SEC,62,214,182,44,50,8,5,11,43,9,1,24,56,0.275,0.369,0.555,0.924,101,3,5,0,3,0,,player.fcgi?id=sorrel001cad,,,
Ryan Targac#,22,2024,Texas A&M,SEC,26,72,61,11,13,5,0,1,13,1,0,9,24,0.213,0.306,0.344,0.65,21,1,0,0,2,0,,player.fcgi?id=targac000rya,,,
Justin Vossos,20,2024,Texas A&M,SEC,7,9,8,3,2,0,0,0,0,0,0,1,3,0.25,0.333,0.25,0.583,2,0,0,0,0,0,,player.fcgi?id=vossos000jus,,,
Hank Bard*,22,2023,Texas A&M,SEC,34,92,68,16,15,3,0,2,10,1,0,22,15,0.221,0.413,0.353,0.766,24,0,1,0,1,0,,player.fcgi?id=bard--000han,,,
Austin Bost,23,2023,Texas A&M,SEC,65,290,234,52,53,15,2,5,43,2,1,41,40,0.227,0.353,0.372,0.725,87,8,8,1,6,0,,player.fcgi?id=bost--000aus,,,
Travis Chestnut,21,2023,Texas A&M,SEC,20,23,20,7,5,1,0,1,7,1,1,2,6,0.25,0.318,0.45,0.768,9,0,0,1,0,0,,player.fcgi?id=chestn000tra,,,
JD Gregson,21,2023,Texas A&M,SEC,18,25,22,4,5,0,0,0,2,0,0,3,12,0.227,0.32,0.227,0.547,5,0,0,0,0,0,,player.fcgi?id=gregso000jd-,,,
Hunter Haas,21,2023,Texas A&M,SEC,64,311,251,61,81,14,1,10,46,7,3,49,39,0.323,0.447,0.506,0.953,127,5,9,0,2,0,,player.fcgi?id=haas--000hun,,,
Max Kaufer,18,2023,Texas A&M,SEC,46,134,104,15,19,1,0,1,12,5,0,27,30,0.183,0.343,0.221,0.565,23,1,0,0,3,0,,player.fcgi?id=kaufer000max,,,
Kaeden Kent*,19,2023,Texas A&M,SEC,28,94,83,9,22,4,1,1,23,3,1,8,17,0.265,0.33,0.374,0.703,31,7,1,0,2,0,,player.fcgi?id=kent--000kae,,,
Jace LaViolette*,19,2023,Texas A&M,SEC,64,280,223,50,64,10,2,21,63,18,4,48,75,0.287,0.414,0.632,1.047,141,2,4,0,5,5,,player.fcgi?id=laviol000jac,,,
Brett Minnich*,23,2023,Texas A&M,SEC,38,164,133,22,35,4,0,10,34,4,0,27,42,0.263,0.39,0.519,0.909,69,2,2,0,2,2,,player.fcgi?id=minnic001bre,,,
Jack Moss*,21,2023,Texas A&M,SEC,65,315,262,53,93,15,1,4,38,3,2,47,46,0.355,0.457,0.466,0.923,122,2,4,0,2,3,,player.fcgi?id=moss--000jac,,,
Ryan Targac#,21,2023,Texas A&M,SEC,65,276,219,47,49,11,2,10,43,11,1,43,78,0.224,0.37,0.429,0.799,94,6,10,0,4,2,,player.fcgi?id=targac000rya,,,
Jordan Thompson,22,2023,Texas A&M,SEC,60,233,187,39,49,7,0,7,35,14,2,32,40,0.262,0.403,0.412,0.815,77,3,13,0,1,0,,player.fcgi?id=thomps001jor,,,
Tab Tracy*,20,2023,Texas A&M,SEC,24,46,43,11,14,4,0,0,2,2,0,3,14,0.326,0.37,0.419,0.788,18,1,0,0,0,0,,player.fcgi?id=tracy-000tab,,,
Stanley Tucker,21,2023,Texas A&M,SEC,20,27,22,8,6,2,0,0,2,4,0,5,6,0.273,0.407,0.364,0.771,8,0,0,0,0,0,,player.fcgi?id=tucker001sta,,,
Kasen Wells*,19,2023,Texas A&M,SEC,33,73,58,17,14,2,0,0,6,4,1,13,17,0.241,0.397,0.276,0.673,16,0,2,0,0,0,,player.fcgi?id=wells-000kas,,,
Trevor Werner,22,2023,Texas A&M,SEC,57,261,218,43,55,13,1,14,52,12,3,35,68,0.252,0.349,0.514,0.863,112,3,1,0,7,0,,player.fcgi?id=werner000tre,,,
Rody Barker,23,2022,Texas A&M,SEC,8,8,5,1,1,1,0,0,0,0,0,2,2,0.2,0.5,0.4,0.9,2,0,1,0,0,0,,player.fcgi?id=barker000rod,,,
Austin Bost,22,2022,Texas A&M,SEC,63,288,236,52,85,14,3,10,45,7,2,34,29,0.36,0.451,0.572,1.023,135,5,11,0,7,0,,player.fcgi?id=bost--000aus,,,
Logan Britt,21,2022,Texas A&M,SEC,42,146,132,24,26,7,0,8,24,3,1,11,42,0.197,0.262,0.432,0.694,57,0,1,1,1,0,,player.fcgi?id=britt-000log,,,
Troy Claunch,23,2022,Texas A&M,SEC,63,280,240,46,70,15,0,3,49,4,1,25,51,0.292,0.371,0.392,0.762,94,6,8,2,5,0,,player.fcgi?id=claunc000tro,,,
Kalae Harrison*,20,2022,Texas A&M,SEC,19,44,37,4,6,2,0,0,4,0,1,6,21,0.162,0.296,0.216,0.512,8,1,1,0,0,0,,player.fcgi?id=harris000kal,,,
Ty Hodge,19,2022,Texas A&M,SEC,14,19,18,1,1,0,0,0,1,0,0,1,11,0.056,0.105,0.056,0.161,1,0,0,0,0,0,,player.fcgi?id=hodge-000ty-,,,
Kole Kaler#,23,2022,Texas A&M,SEC,64,301,241,54,57,8,2,3,30,10,3,53,50,0.237,0.376,0.324,0.7,78,5,2,3,2,0,,player.fcgi?id=kaler-000kol,,,
Brett Minnich*,22,2022,Texas A&M,SEC,64,291,245,52,75,15,0,7,51,9,2,41,86,0.306,0.409,0.453,0.862,111,1,3,0,2,1,,player.fcgi?id=minnic001bre,,,
Jack Moss*,20,2022,Texas A&M,SEC,64,309,271,50,103,18,1,6,49,8,1,28,47,0.38,0.437,0.52,0.957,141,5,4,0,6,1,,player.fcgi?id=moss--000jac,,,
Dylan Rock,23,2022,Texas A&M,SEC,63,297,223,67,71,13,1,19,65,16,6,52,49,0.318,0.468,0.641,1.109,143,3,16,0,6,1,,player.fcgi?id=rock--001dyl,,,
Chanden Scamardo,19,2022,Texas A&M,SEC,15,19,14,2,1,0,0,0,0,0,0,4,8,0.071,0.316,0.071,0.387,1,0,1,0,0,0,,player.fcgi?id=scamar001cha,,,
Taylor Smith,22,2022,Texas A&M,SEC,28,83,67,12,12,5,0,0,7,2,0,10,29,0.179,0.313,0.254,0.567,17,0,4,0,2,0,,player.fcgi?id=smith-008tay,,,
Austin Stracener*,19,2022,Texas A&M,SEC,6,8,8,1,2,1,0,0,0,0,0,0,5,0.25,0.25,0.375,0.625,3,0,0,0,0,0,,player.fcgi?id=strace000aus,,,
Ryan Targac#,20,2022,Texas A&M,SEC,62,265,211,46,62,9,2,15,58,12,4,42,81,0.294,0.43,0.569,0.999,120,3,10,0,2,2,,player.fcgi?id=targac000rya,,,
Jordan Thompson,21,2022,Texas A&M,SEC,47,156,120,35,31,8,0,6,31,8,1,24,33,0.258,0.4,0.475,0.875,57,3,7,1,4,0,,player.fcgi?id=thomps001jor,,,
Trevor Werner,21,2022,Texas A&M,SEC,36,157,133,27,34,8,1,7,29,3,2,18,40,0.256,0.357,0.489,0.845,65,0,4,0,2,0,,player.fcgi?id=werner000tre,,,
Ray Alejo,24,2021,Texas A&M,SEC,51,225,200,35,65,10,1,3,23,18,2,16,50,0.325,0.385,0.43,0.815,86,,4,4,1,1,,player.fcgi?id=alejo-000ray,,,
Rody Barker,22,2021,Texas A&M,SEC,10,12,7,4,0,0,0,0,1,1,0,4,2,0,0.417,0,0.417,0,,1,0,0,0,,player.fcgi?id=barker000rod,,,
Bryce Blaum,23,2021,Texas A&M,SEC,53,195,153,32,36,7,0,2,13,8,2,36,37,0.235,0.382,0.32,0.703,49,,1,4,1,0,,player.fcgi?id=blaum-000bry,,,
Austin Bost,21,2021,Texas A&M,SEC,51,216,195,29,59,11,0,10,39,1,1,12,34,0.303,0.343,0.513,0.855,100,,3,0,6,0,,player.fcgi?id=bost--000aus,,,
Logan Britt,20,2021,Texas A&M,SEC,49,146,137,25,37,4,3,5,20,10,0,8,54,0.27,0.315,0.453,0.768,62,,1,0,0,0,,player.fcgi?id=britt-000log,,,
Hunter Coleman,24,2021,Texas A&M,SEC,30,78,62,13,14,1,0,5,16,2,0,14,23,0.226,0.372,0.484,0.856,30,,1,0,1,0,,player.fcgi?id=colema000hun,,,
Ty Coleman,21,2021,Texas A&M,SEC,42,138,122,25,30,2,0,4,20,1,1,9,13,0.246,0.321,0.361,0.682,44,,5,1,1,0,,player.fcgi?id=colema002ty-,,,
Will Frizzell*,22,2021,Texas A&M,SEC,56,253,204,46,70,13,0,19,50,3,1,39,43,0.343,0.451,0.686,1.137,140,,5,0,5,5,,player.fcgi?id=frizze000wil,,,
Kalae Harrison*,19,2021,Texas A&M,SEC,56,213,183,25,41,5,0,2,26,7,0,23,56,0.224,0.311,0.284,0.595,52,,1,4,2,0,,player.fcgi?id=harris000kal,,,
Mikey Hoehner,23,2021,Texas A&M,SEC,46,161,129,25,31,7,1,3,17,2,2,22,19,0.24,0.381,0.38,0.761,49,,8,1,1,0,,player.fcgi?id=hoehne000mik,,,
Cade Merka,19,2021,Texas A&M,SEC,3,4,4,0,0,0,0,0,0,0,0,0,2,0,0,0,0,0,,0,0,0,0,,player.fcgi?id=merka-000cad,,,
Brett Minnich*,21,2021,Texas A&M,SEC,41,111,94,16,21,2,1,2,12,3,1,13,25,0.223,0.306,0.33,0.636,31,,0,0,4,0,,player.fcgi?id=minnic001bre,,,
Logan Sartori,22,2021,Texas A&M,SEC,30,106,83,19,20,4,0,1,8,5,0,15,13,0.241,0.391,0.325,0.716,27,,6,1,1,0,,player.fcgi?id=sartor000log,,,
Zane Schmidt*,21,2021,Texas A&M,SEC,32,73,48,6,6,0,1,0,7,2,0,21,18,0.125,0.391,0.167,0.558,8,,0,4,0,0,,player.fcgi?id=schmid000zan,,,
Kimble Schuessler,19,2021,Texas A&M,SEC,3,3,2,0,1,1,0,0,3,0,0,1,1,0.5,0.667,1,1.667,2,,0,0,0,0,,player.fcgi?id=schues000kim,,,
Taylor Smith,21,2021,Texas A&M,SEC,30,98,78,20,18,5,1,7,18,0,0,13,45,0.231,0.378,0.59,0.967,46,,6,0,1,0,,player.fcgi?id=smith-008tay,,,
Bryan Sturges,23,2021,Texas A&M,SEC,21,58,48,2,10,1,0,0,8,0,0,5,14,0.208,0.328,0.229,0.557,11,,4,0,1,0,,player.fcgi?id=sturge000bry,,,
Ryan Targac#,19,2021,Texas A&M,SEC,28,74,60,8,12,2,1,2,8,0,0,10,23,0.2,0.338,0.367,0.705,22,,3,0,1,0,,player.fcgi?id=targac000rya,,,
Jordan Thompson,20,2021,Texas A&M,SEC,43,57,52,9,16,4,0,1,11,1,2,3,9,0.308,0.357,0.442,0.799,23,,1,1,0,0,,player.fcgi?id=thomps001jor,,,
Trevor Werner,20,2021,Texas A&M,SEC,18,39,33,3,6,1,0,0,6,2,0,4,11,0.182,0.282,0.212,0.494,7,,1,0,1,0,,player.fcgi?id=werner000tre,,,
Ray Alejo,23,2020,Texas A&M,SEC,17,64,50,16,15,2,1,0,9,6,1,10,14,0.3,0.444,0.38,0.824,19,,3,1,0,0,,player.fcgi?id=alejo-000ray,,,
Brandon Ashy,22,2020,Texas A&M,SEC,4,2,2,1,1,0,0,0,0,0,0,0,0,0.5,0.5,0.5,1,1,,0,0,0,0,,player.fcgi?id=ashy--000bra,,,
Rody Barker,21,2020,Texas A&M,SEC,2,7,5,0,3,0,0,0,2,0,0,0,1,0.6,0.714,0.6,1.314,3,,2,0,0,0,,player.fcgi?id=barker000rod,,,
Cameron Blake*,22,2020,Texas A&M,SEC,14,52,41,8,11,4,0,1,7,3,0,7,6,0.268,0.388,0.439,0.827,18,,1,3,0,0,,player.fcgi?id=blake-000cam,,,
Bryce Blaum,22,2020,Texas A&M,SEC,18,88,65,19,14,8,0,1,17,7,3,16,15,0.215,0.391,0.385,0.775,25,,4,1,2,0,,player.fcgi?id=blaum-000bry,,,
Austin Bost,20,2020,Texas A&M,SEC,8,21,17,8,6,1,0,3,10,1,0,3,2,0.353,0.476,0.941,1.417,16,,1,0,0,0,,player.fcgi?id=bost--000aus,,,
Logan Britt,19,2020,Texas A&M,SEC,16,20,16,5,4,0,1,0,6,0,0,1,7,0.25,0.3,0.375,0.675,6,,1,0,2,0,,player.fcgi?id=britt-000log,,,
Hunter Coleman,23,2020,Texas A&M,SEC,16,64,52,16,14,2,0,3,12,3,0,8,18,0.269,0.406,0.481,0.887,25,,4,0,0,1,,player.fcgi?id=colema000hun,,,
Ty Coleman,20,2020,Texas A&M,SEC,10,30,24,4,6,3,0,0,5,0,0,3,6,0.25,0.321,0.375,0.696,9,,0,2,1,0,,player.fcgi?id=colema002ty-,,,
Mason Corbett*,21,2020,Texas A&M,SEC,10,18,15,9,3,0,0,0,3,0,0,0,7,0.2,0.333,0.2,0.533,3,,3,0,0,0,,player.fcgi?id=corbet000mas,,,
Zach DeLoach*,21,2020,Texas A&M,SEC,18,77,57,25,24,3,0,6,17,6,0,14,3,0.421,0.547,0.79,1.336,45,,3,2,1,0,,player.fcgi?id=deloac000zac,,,
Will Frizzell*,21,2020,Texas A&M,SEC,17,73,62,11,17,4,0,3,12,1,0,10,13,0.274,0.384,0.484,0.868,30,,1,0,0,1,,player.fcgi?id=frizze000wil,,,
Mikey Hoehner,22,2020,Texas A&M,SEC,14,53,41,9,10,1,0,0,6,2,0,9,7,0.244,0.415,0.268,0.683,11,,3,0,0,0,,player.fcgi?id=hoehne000mik,,,
Bryce Miller,21,2020,Texas A&M,SEC,8,1,1,0,0,0,0,0,0,0,0,0,0,0,0,0,0,0,,0,0,0,0,,player.fcgi?id=miller004bry,,,
Logan Sartori,21,2020,Texas A&M,SEC,16,67,55,13,20,7,0,2,10,4,1,5,8,0.364,0.446,0.6,1.046,33,,4,2,1,0,,player.fcgi?id=sartor000log,,,
Zane Schmidt*,20,2020,Texas A&M,SEC,11,37,33,7,13,2,1,0,12,1,1,4,3,0.394,0.46,0.515,0.975,17,,0,0,0,0,,player.fcgi?id=schmid000zan,,,
Hunter Watson*,20,2020,Texas A&M,SEC,4,5,4,3,0,0,0,0,1,0,0,1,2,0,0.2,0,0.2,0,,0,0,0,0,,player.fcgi?id=watson000hun,,,
Trevor Werner,19,2020,Texas A&M,SEC,14,55,47,10,13,1,0,0,10,1,0,7,15,0.277,0.364,0.298,0.662,14,,0,0,1,1,,player.fcgi?id=werner000tre,,,
Ray Alejo,23,2019,Texas A&M,SEC,17,64,50,16,15,2,1,0,9,6,1,10,14,0.3,0.444,0.38,0.824,19,,3,1,0,0,,player.fcgi?id=alejo-000ray,,,
Brandon Ashy,22,2019,Texas A&M,SEC,4,2,2,1,1,0,0,0,0,0,0,0,0,0.5,0.5,0.5,1,1,,0,0,0,0,,player.fcgi?id=ashy--000bra,,,
Rody Barker,21,2019,Texas A&M,SEC,2,7,5,0,3,0,0,0,2,0,0,0,1,0.6,0.714,0.6,1.314,3,,2,0,0,0,,player.fcgi?id=barker000rod,,,
Cameron Blake*,22,2019,Texas A&M,SEC,14,52,41,8,11,4,0,1,7,3,0,7,6,0.268,0.388,0.439,0.827,18,,1,3,0,0,,player.fcgi?id=blake-000cam,,,
Bryce Blaum,22,2019,Texas A&M,SEC,18,88,65,19,14,8,0,1,17,7,3,16,15,0.215,0.391,0.385,0.775,25,,4,1,2,0,,player.fcgi?id=blaum-000bry,,,
Austin Bost,20,2019,Texas A&M,SEC,8,21,17,8,6,1,0,3,10,1,0,3,2,0.353,0.476,0.941,1.417,16,,1,0,0,0,,player.fcgi?id=bost--000aus,,,
Logan Britt,19,2019,Texas A&M,SEC,16,20,16,5,4,0,1,0,6,0,0,1,7,0.25,0.3,0.375,0.675,6,,1,0,2,0,,player.fcgi?id=britt-000log,,,
Hunter Coleman,23,2019,Texas A&M,SEC,16,64,52,16,14,2,0,3,12,3,0,8,18,0.269,0.406,0.481,0.887,25,,4,0,0,1,,player.fcgi?id=colema000hun,,,
Ty Coleman,20,2019,Texas A&M,SEC,10,30,24,4,6,3,0,0,5,0,0,3,6,0.25,0.321,0.375,0.696,9,,0,2,1,0,,player.fcgi?id=colema002ty-,,,
Mason Corbett*,21,2019,Texas A&M,SEC,10,18,15,9,3,0,0,0,3,0,0,0,7,0.2,0.333,0.2,0.533,3,,3,0,0,0,,player.fcgi?id=corbet000mas,,,
Zach DeLoach*,21,2019,Texas A&M,SEC,18,77,57,25,24,3,0,6,17,6,0,14,3,0.421,0.547,0.79,1.336,45,,3,2,1,0,,player.fcgi?id=deloac000zac,,,
Will Frizzell*,21,2019,Texas A&M,SEC,17,73,62,11,17,4,0,3,12,1,0,10,13,0.274,0.384,0.484,0.868,30,,1,0,0,1,,player.fcgi?id=frizze000wil,,,
Mikey Hoehner,22,2019,Texas A&M,SEC,14,53,41,9,10,1,0,0,6,2,0,9,7,0.244,0.415,0.268,0.683,11,,3,0,0,0,,player.fcgi?id=hoehne000mik,,,
Bryce Miller,21,2019,Texas A&M,SEC,8,1,1,0,0,0,0,0,0,0,0,0,0,0,0,0,0,0,,0,0,0,0,,player.fcgi?id=miller004bry,,,
Logan Sartori,21,2019,Texas A&M,SEC,16,67,55,13,20,7,0,2,10,4,1,5,8,0.364,0.446,0.6,1.046,33,,4,2,1,0,,player.fcgi?id=sartor000log,,,
Zane Schmidt*,20,2019,Texas A&M,SEC,11,37,33,7,13,2,1,0,12,1,1,4,3,0.394,0.46,0.515,0.975,17,,0,0,0,0,,player.fcgi?id=schmid000zan,,,
Hunter Watson*,20,2019,Texas A&M,SEC,4,5,4,3,0,0,0,0,1,0,0,1,2,0,0.2,0,0.2,0,,0,0,0,0,,player.fcgi?id=watson000hun,,,
Trevor Werner,19,2019,Texas A&M,SEC,14,55,47,10,13,1,0,0,10,1,0,7,15,0.277,0.364,0.298,0.662,14,,0,0,1,1,,player.fcgi?id=werner000tre,,,
Chris Andritsos,21,2018,Texas A&M,SEC,43,164,143,22,41,8,1,7,33,1,0,13,41,0.287,0.342,0.504,0.845,72,,2,0,6,0,,player.fcgi?id=andrit000chr,,,
Cole Bedford,22,2018,Texas A&M,SEC,51,192,176,17,43,7,0,5,23,2,0,8,44,0.244,0.28,0.369,0.649,65,,1,6,1,0,,player.fcgi?id=bedfor000col,,,
Cameron Blake*,20,2018,Texas A&M,SEC,23,60,54,6,14,1,0,0,4,1,0,4,11,0.259,0.305,0.278,0.583,15,,0,1,1,0,,player.fcgi?id=blake-000cam,,,
Hunter Coleman,21,2018,Texas A&M,SEC,54,224,186,37,46,12,2,5,39,1,0,27,44,0.247,0.357,0.414,0.771,77,,7,0,4,1,,player.fcgi?id=colema000hun,,,
Zach DeLoach*,19,2018,Texas A&M,SEC,62,288,246,39,65,11,5,2,27,2,0,35,33,0.264,0.355,0.374,0.729,92,,2,1,4,2,,player.fcgi?id=deloac000zac,,,
Logan Foster,20,2018,Texas A&M,SEC,58,240,204,38,64,10,4,8,40,5,2,29,60,0.314,0.404,0.52,0.924,106,,4,0,3,1,,player.fcgi?id=foster000log,,,
Will Frizzell*,19,2018,Texas A&M,SEC,55,193,176,28,52,11,0,6,35,0,1,13,37,0.296,0.358,0.46,0.818,81,,4,0,0,0,,player.fcgi?id=frizze000wil,,,
Michael Helman,22,2018,Texas A&M,SEC,62,293,249,61,92,17,2,6,36,12,2,28,31,0.37,0.451,0.526,0.978,131,,10,5,1,1,,player.fcgi?id=helman000mic,,,
George Janca,21,2018,Texas A&M,SEC,58,197,179,26,43,6,1,3,17,2,1,10,43,0.24,0.288,0.335,0.623,60,,2,6,0,0,,player.fcgi?id=janca-000geo,,,
Chandler Morris,22,2018,Texas A&M,SEC,25,44,39,6,11,3,0,1,7,0,0,5,8,0.282,0.364,0.436,0.8,17,,0,0,0,0,,player.fcgi?id=morris013cha,,,
Baine Schoenvogel,22,2018,Texas A&M,SEC,33,71,62,7,12,2,0,1,5,0,0,7,21,0.194,0.275,0.274,0.55,17,,0,2,0,1,,player.fcgi?id=schoen000bla,,,
Braden Shewmake*,20,2018,Texas A&M,SEC,61,277,245,43,80,8,4,5,45,12,0,21,22,0.327,0.395,0.453,0.848,111,,8,1,2,5,,player.fcgi?id=shewma000bra,,,
Cole Taylor*,19,2018,Texas A&M,SEC,15,22,21,1,6,0,0,0,1,0,0,1,8,0.286,0.318,0.286,0.604,6,,0,0,0,0,,player.fcgi?id=taylor007col,,,
Aaron Walters*,20,2018,Texas A&M,SEC,35,87,76,13,20,5,1,1,8,0,0,9,15,0.263,0.349,0.395,0.744,30,,1,1,0,0,,player.fcgi?id=walter000aar,,,
Allonte Wingate,21,2018,Texas A&M,SEC,58,140,115,24,35,2,1,0,11,2,0,18,28,0.304,0.413,0.339,0.752,39,,4,2,1,0,,player.fcgi?id=wingat000all,,,
Cole Bedford,21,2017,Texas A&M,SEC,52,201,176,24,53,13,1,3,27,3,0,11,38,0.301,0.351,0.438,0.788,77,,4,7,3,0,,player.fcgi?id=bedfor000col,,,
Cameron Blake*,19,2017,Texas A&M,SEC,27,73,56,5,12,0,0,0,9,0,2,15,20,0.214,0.389,0.214,0.603,12,,1,1,0,0,,player.fcgi?id=blake-000cam,,,
Nick Choruby*,22,2017,Texas A&M,SEC,64,306,246,55,79,10,2,3,33,11,7,49,50,0.321,0.442,0.415,0.856,102,,4,7,0,2,,player.fcgi?id=chorub000nic,,,
Hunter Coleman,20,2017,Texas A&M,SEC,48,179,152,29,43,7,1,5,22,0,0,20,34,0.283,0.38,0.441,0.821,67,,5,0,2,0,,player.fcgi?id=colema000hun,,,
Joel Davis*,22,2017,Texas A&M,SEC,56,241,201,40,50,4,2,6,30,7,5,26,41,0.249,0.356,0.378,0.734,76,,9,2,3,2,,player.fcgi?id=davis-007joe,,,
Logan Foster,19,2017,Texas A&M,SEC,52,201,186,33,52,13,4,6,24,3,1,15,59,0.28,0.333,0.489,0.823,91,,0,0,0,0,,player.fcgi?id=foster000log,,,
Tommy Gillman#,19,2017,Texas A&M,SEC,18,11,9,4,2,0,0,0,2,0,0,2,2,0.222,0.364,0.222,0.586,2,,0,0,0,0,,player.fcgi?id=gillma000tom,,,
Jorge Gutierrez#,19,2017,Texas A&M,SEC,37,101,84,13,18,3,1,4,16,2,0,14,28,0.214,0.337,0.417,0.753,35,,2,0,1,1,,player.fcgi?id=gutier004jor,,,
Austin Homan,22,2017,Texas A&M,SEC,64,260,216,31,47,10,1,0,28,5,3,26,56,0.218,0.313,0.273,0.586,59,,5,11,2,0,,player.fcgi?id=homan-000aus,,,
George Janca,20,2017,Texas A&M,SEC,64,250,226,40,59,9,4,6,30,3,1,12,58,0.261,0.309,0.416,0.725,94,,4,7,1,0,,player.fcgi?id=janca-000geo,,,
Blake Kopetsky*,24,2017,Texas A&M,SEC,63,222,199,33,60,12,2,2,20,4,4,12,53,0.302,0.351,0.412,0.763,82,,3,8,0,3,,player.fcgi?id=kopets000bla,,,
Tim Lichty*,21,2017,Texas A&M,SEC,5,6,6,0,0,0,0,0,1,0,0,0,4,0,0,0,0,0,,0,0,0,0,,player.fcgi?id=lichty001tim,,,
Walker Pennington,22,2017,Texas A&M,SEC,57,189,158,24,34,8,1,4,35,7,2,19,48,0.215,0.319,0.354,0.673,56,,6,4,2,0,,player.fcgi?id=pennin002wal,,,
Baine Schoenvogel,21,2017,Texas A&M,SEC,21,36,28,7,7,2,0,2,4,0,0,8,8,0.25,0.417,0.536,0.952,15,,0,0,0,0,,player.fcgi?id=schoen000bla,,,
Braden Shewmake*,19,2017,Texas A&M,SEC,64,297,274,47,90,18,2,11,69,11,5,15,31,0.329,0.374,0.529,0.903,145,,6,0,2,1,,player.fcgi?id=shewma000bra,,,
Coll Stanley*,20,2017,Texas A&M,SEC,15,18,13,4,2,1,0,0,1,0,0,2,7,0.154,0.389,0.231,0.62,3,,3,0,0,0,,player.fcgi?id=stanle002col,,,
Nick Banks*,21,2016,Texas A&M,SEC,60,268,239,48,67,13,3,9,49,7,3,24,47,0.28,0.353,0.473,0.826,113,,3,2,0,1,,player.fcgi?id=banks-000nic,,,
Michael Barash,21,2016,Texas A&M,SEC,60,249,216,45,70,11,0,5,43,1,1,19,23,0.324,0.393,0.444,0.837,96,,8,2,4,1,,player.fcgi?id=barash000mic,,,
Cole Bedford,20,2016,Texas A&M,SEC,21,43,35,9,5,2,0,0,1,0,0,7,13,0.143,0.286,0.2,0.486,7,,0,1,0,0,,player.fcgi?id=bedfor000col,,,
Ryne Birk*,21,2016,Texas A&M,SEC,65,297,255,52,79,14,4,7,45,9,4,29,34,0.31,0.378,0.478,0.856,122,,3,3,7,2,,player.fcgi?id=birk--000ryn,,,
Alan Campero,19,2016,Texas A&M,SEC,10,5,3,2,1,1,0,0,1,0,0,1,1,0.333,0.6,0.667,1.267,2,,1,0,0,0,,player.fcgi?id=camper000ala,,,
Nick Choruby*,21,2016,Texas A&M,SEC,60,207,177,33,53,7,0,0,22,13,2,17,30,0.299,0.364,0.339,0.703,60,,1,12,0,0,,player.fcgi?id=chorub000nic,,,
Joel Davis*,21,2016,Texas A&M,SEC,48,144,123,18,36,9,4,3,22,2,0,14,25,0.293,0.376,0.504,0.88,62,,3,3,1,0,,player.fcgi?id=davis-007joe,,,
Ronnie Gideon,21,2016,Texas A&M,SEC,36,86,67,14,19,6,0,5,20,1,0,17,30,0.284,0.419,0.597,1.016,40,,0,0,2,1,,player.fcgi?id=gideon002ron,,,
Austin Homan,21,2016,Texas A&M,SEC,54,177,160,32,57,7,1,1,26,5,2,11,27,0.356,0.392,0.431,0.823,69,,1,1,4,0,,player.fcgi?id=homan-000aus,,,
George Janca,19,2016,Texas A&M,SEC,26,94,78,11,18,1,1,0,11,1,2,7,22,0.231,0.294,0.269,0.563,21,,0,9,0,0,,player.fcgi?id=janca-000geo,,,
Blake Kopetsky*,23,2016,Texas A&M,SEC,1,2,1,1,0,0,0,0,0,0,0,1,0,0,0.5,0,0.5,0,,0,0,0,0,,player.fcgi?id=kopets000bla,,,
Hunter Melton,22,2016,Texas A&M,SEC,65,293,253,56,76,13,2,12,67,2,0,24,63,0.3,0.375,0.51,0.885,129,,10,0,6,3,,player.fcgi?id=melton000hun,,,
Tristan Metten,19,2016,Texas A&M,SEC,7,7,6,1,2,0,0,0,1,0,0,1,0,0.333,0.429,0.333,0.762,2,,0,0,0,1,,player.fcgi?id=metten000tri,,,
Jonathan Moroney,22,2016,Texas A&M,SEC,43,106,91,21,29,4,1,5,26,3,2,14,22,0.319,0.406,0.55,0.955,50,,0,0,1,0,,player.fcgi?id=morone000jon,,,
J.B. Moss,23,2016,Texas A&M,SEC,64,307,261,67,83,17,4,6,43,16,4,33,53,0.318,0.408,0.483,0.891,126,,8,3,2,0,,player.fcgi?id=moss--000jb-,,,
Walker Pennington,21,2016,Texas A&M,SEC,29,72,62,12,16,5,0,4,16,3,0,8,17,0.258,0.347,0.532,0.88,33,,1,0,1,0,,player.fcgi?id=pennin002wal,,,
Dayne Sommer,--,2016,Texas A&M,SEC,4,2,1,0,1,0,0,0,0,0,0,1,0,1,1,1,2,1,,0,0,0,0,,player.fcgi?id=sommer000day,,,
Boomer White,22,2016,Texas A&M,SEC,65,304,259,49,100,19,0,5,46,10,4,33,16,0.386,0.462,0.517,0.979,134,,7,1,4,2,,player.fcgi?id=white-000boo,,,
Blake Allemand#,22,2015,Texas A&M,SEC,64,307,245,60,83,14,3,7,40,6,1,38,21,0.339,0.431,0.506,0.937,124,,9,5,10,2,,player.fcgi?id=allema000bla,,,
Nick Banks*,20,2015,Texas A&M,SEC,63,280,239,51,87,11,3,8,48,9,1,34,58,0.364,0.45,0.536,0.985,128,,4,2,1,7,,player.fcgi?id=banks-000nic,,,
Michael Barash,20,2015,Texas A&M,SEC,60,199,168,24,40,3,0,2,18,1,2,16,20,0.238,0.316,0.292,0.608,49,,4,9,2,0,,player.fcgi?id=barash000mic,,,
Ryne Birk*,20,2015,Texas A&M,SEC,63,276,236,50,65,11,2,10,35,3,2,30,38,0.275,0.365,0.466,0.831,110,,5,2,3,0,,player.fcgi?id=birk--000ryn,,,
Nick Choruby*,20,2015,Texas A&M,SEC,52,33,26,16,4,0,0,0,6,3,1,5,6,0.154,0.29,0.154,0.444,4,,0,2,0,0,,player.fcgi?id=chorub000nic,,,
Matt Collins?,--,2015,Texas A&M,SEC,7,1,1,2,0,0,0,0,0,0,0,0,1,0,0,0,0,0,,0,0,0,0,,player.fcgi?id=collin003mat,,,
Ronnie Gideon,20,2015,Texas A&M,SEC,44,156,136,19,40,10,0,7,41,0,1,13,42,0.294,0.359,0.522,0.881,71,,3,0,4,0,,player.fcgi?id=gideon002ron,,,
G.R. Hinsley,22,2015,Texas A&M,SEC,34,67,48,8,9,2,0,1,11,0,0,15,8,0.188,0.409,0.292,0.701,14,,3,1,0,0,,player.fcgi?id=hinsle000gr-,,,
Blake Kopetsky*,22,2015,Texas A&M,SEC,36,66,52,10,14,2,2,0,4,3,4,12,12,0.269,0.415,0.385,0.8,20,,1,1,0,2,,player.fcgi?id=kopets000bla,,,
Patrick McLendon,--,2015,Texas A&M,SEC,41,39,30,6,6,0,0,0,2,0,1,4,7,0.2,0.294,0.2,0.494,6,,0,5,0,0,,player.fcgi?id=mclend001pat,,,
Hunter Melton,21,2015,Texas A&M,SEC,57,232,203,36,61,9,1,8,37,0,1,25,56,0.301,0.381,0.473,0.854,96,,2,1,1,1,,player.fcgi?id=melton000hun,,,
Jonathan Moroney,21,2015,Texas A&M,SEC,28,58,48,10,13,5,0,1,5,0,0,8,10,0.271,0.379,0.438,0.817,21,,1,0,1,1,,player.fcgi?id=morone000jon,,,
J.B. Moss,22,2015,Texas A&M,SEC,52,183,150,36,38,6,1,5,29,6,3,21,45,0.253,0.344,0.407,0.751,61,,3,3,6,0,,player.fcgi?id=moss--000jb-,,,
Mitchell Nau,22,2015,Texas A&M,SEC,63,288,238,46,88,17,0,4,47,1,1,31,34,0.37,0.46,0.492,0.951,117,,12,3,4,1,,player.fcgi?id=nau---000mit,,,
Logan Nottebrok,23,2015,Texas A&M,SEC,46,153,134,16,29,5,0,7,25,1,0,13,30,0.216,0.301,0.41,0.711,55,,4,0,2,0,,player.fcgi?id=notteb000log,,,
Logan Taylor,21,2015,Texas A&M,SEC,63,261,234,34,78,13,1,10,52,2,0,15,34,0.333,0.392,0.526,0.917,123,,8,3,1,1,,player.fcgi?id=taylor001log,,,
Blake Allemand#,21,2014,Texas A&M,SEC,56,257,207,38,60,4,1,0,24,5,5,34,30,0.29,0.397,0.319,0.716,66,,6,5,5,0,,player.fcgi?id=allema000bla,,,
Nick Banks*,19,2014,Texas A&M,SEC,57,220,199,29,65,10,2,2,26,6,5,17,33,0.327,0.386,0.427,0.814,85,,3,0,1,1,,player.fcgi?id=banks-000nic,,,
Ryne Birk*,19,2014,Texas A&M,SEC,39,128,111,21,34,5,2,2,18,4,1,14,18,0.306,0.391,0.441,0.832,49,,2,0,1,1,,player.fcgi?id=birk--000ryn,,,
Krey Bratsen,23,2014,Texas A&M,SEC,53,173,153,30,47,6,1,0,13,18,2,10,12,0.307,0.359,0.36,0.719,55,,3,6,1,0,,player.fcgi?id=bratse001kre,,,
Nick Choruby*,19,2014,Texas A&M,SEC,14,7,7,2,2,0,0,0,0,1,0,0,1,0.286,0.286,0.286,0.571,2,,0,0,0,0,,player.fcgi?id=chorub000nic,,,
Ronnie Gideon,19,2014,Texas A&M,SEC,21,64,53,6,12,4,0,1,7,0,1,6,17,0.226,0.333,0.359,0.692,19,,3,1,1,0,,player.fcgi?id=gideon002ron,,,
G.R. Hinsley,21,2014,Texas A&M,SEC,5,10,7,0,1,0,0,0,1,0,0,2,0,0.143,0.3,0.143,0.443,1,,0,0,1,0,,player.fcgi?id=hinsle000gr-,,,
Cole Lankford*,21,2014,Texas A&M,SEC,61,274,251,30,80,11,0,5,47,3,2,14,21,0.319,0.344,0.422,0.767,106,,0,1,8,5,,player.fcgi?id=lankfo000col,,,
Patrick McLendon,--,2014,Texas A&M,SEC,47,185,154,24,43,3,1,1,21,1,1,18,16,0.279,0.367,0.331,0.698,51,,4,8,1,0,,player.fcgi?id=mclend001pat,,,
Hunter Melton,20,2014,Texas A&M,SEC,33,121,102,12,25,4,0,0,12,1,1,16,19,0.245,0.364,0.284,0.648,29,,3,0,0,0,,player.fcgi?id=melton000hun,,,
Jonathan Moroney,20,2014,Texas A&M,SEC,36,97,85,12,24,7,1,1,15,0,1,5,19,0.282,0.337,0.424,0.76,36,,3,2,2,0,,player.fcgi?id=morone000jon,,,
J.B. Moss,21,2014,Texas A&M,SEC,30,78,61,18,16,3,0,1,7,6,1,13,10,0.262,0.408,0.361,0.769,22,,2,2,0,0,,player.fcgi?id=moss--000jb-,,,
Mitchell Nau,21,2014,Texas A&M,SEC,26,92,84,6,23,3,0,1,15,1,0,3,10,0.274,0.319,0.345,0.664,29,,3,1,1,1,,player.fcgi?id=nau---000mit,,,
Logan Nottebrok,22,2014,Texas A&M,SEC,40,160,136,27,33,7,0,8,26,0,0,19,29,0.243,0.335,0.471,0.806,64,,1,2,2,2,,player.fcgi?id=notteb000log,,,
Jace Statum*,22,2014,Texas A&M,SEC,58,186,146,24,39,5,0,0,20,11,1,23,22,0.267,0.375,0.301,0.676,44,,4,10,3,1,,player.fcgi?id=statum000jac,,,
Troy Stein,22,2014,Texas A&M,SEC,57,224,196,29,57,12,2,2,24,4,3,19,26,0.291,0.372,0.403,0.775,79,,7,1,1,1,,player.fcgi?id=stein-000tro,,,
Logan Taylor,20,2014,Texas A&M,SEC,43,183,171,21,46,14,2,1,21,3,0,10,35,0.269,0.317,0.392,0.709,67,,2,0,0,0,,player.fcgi?id=taylor001log,,,
Blake Allemand#,20,2013,Texas A&M,SEC,59,259,209,34,54,8,1,1,27,16,9,29,37,0.258,0.375,0.321,0.695,67,,11,8,2,0,,player.fcgi?id=allema000bla,,,
Chance Bolcerek?,--,2013,Texas A&M,SEC,17,32,29,2,3,0,0,0,0,1,0,3,8,0.103,0.188,0.103,0.291,3,,0,0,0,0,,player.fcgi?id=bolcer000cha,,,
Krey Bratsen,22,2013,Texas A&M,SEC,61,256,216,29,61,8,0,1,23,17,3,14,40,0.282,0.336,0.333,0.669,72,,5,18,3,0,,player.fcgi?id=bratse001kre,,,
Charlie Curl,21,2013,Texas A&M,SEC,43,131,108,11,22,4,0,1,11,4,0,6,33,0.204,0.281,0.269,0.55,29,,6,10,1,0,,player.fcgi?id=curl--000cha,,,
Cole Lankford*,20,2013,Texas A&M,SEC,55,221,208,25,74,17,3,3,37,4,2,9,33,0.356,0.389,0.51,0.899,106,,3,0,1,1,,player.fcgi?id=lankfo000col,,,
Hunter Melton,19,2013,Texas A&M,SEC,31,122,112,12,32,4,1,6,20,0,0,8,29,0.286,0.339,0.5,0.839,56,,1,1,0,0,,player.fcgi?id=melton000hun,,,
Daniel Mengden,20,2013,Texas A&M,SEC,52,151,132,19,37,4,2,3,16,3,0,14,34,0.28,0.356,0.409,0.765,54,,2,2,1,0,,player.fcgi?id=mengde000dan,,,
Jonathan Moroney,19,2013,Texas A&M,SEC,41,140,129,10,31,3,2,2,20,1,2,6,32,0.24,0.273,0.341,0.615,44,,1,1,3,0,,player.fcgi?id=morone000jon,,,
J.B. Moss,20,2013,Texas A&M,SEC,25,14,12,9,2,0,0,0,0,1,1,1,5,0.167,0.231,0.167,0.398,2,,0,1,0,0,,player.fcgi?id=moss--000jb-,,,
Mitchell Nau,20,2013,Texas A&M,SEC,42,140,124,10,27,6,0,2,22,0,0,8,14,0.218,0.279,0.315,0.594,39,,3,4,1,0,,player.fcgi?id=nau---000mit,,,
Cory Raley,20,2013,Texas A&M,SEC,6,3,3,2,1,0,0,0,0,1,1,0,0,0.333,0.333,0.333,0.667,1,,0,0,0,0,,player.fcgi?id=raley-000cor,,,
Mikey Reynolds,22,2013,Texas A&M,SEC,59,253,218,40,74,14,1,1,25,18,6,21,23,0.339,0.408,0.427,0.835,93,,7,3,4,2,,player.fcgi?id=reynol000mik,,,
Jace Statum*,21,2013,Texas A&M,SEC,52,144,114,21,28,1,1,0,9,8,5,23,22,0.246,0.372,0.272,0.644,31,,0,7,0,0,,player.fcgi?id=statum000jac,,,
Troy Stein,21,2013,Texas A&M,SEC,56,222,203,26,59,10,3,5,22,4,0,12,45,0.291,0.341,0.443,0.784,90,,4,2,1,1,,player.fcgi?id=stein-000tro,,,
Logan Taylor,19,2013,Texas A&M,SEC,21,59,52,8,10,5,0,0,4,1,0,5,16,0.192,0.271,0.289,0.56,15,,1,0,1,0,,player.fcgi?id=taylor001log,,,
Andrew Vinson*,19,2013,Texas A&M,SEC,23,13,12,0,3,1,0,0,0,0,0,1,2,0.25,0.308,0.333,0.641,4,,0,0,0,0,,player.fcgi?id=vinson000and,,,
Brandon Wood?,--,2013,Texas A&M,SEC,49,122,103,14,21,3,2,1,8,3,2,11,28,0.204,0.297,0.301,0.598,31,,3,4,1,0,,player.fcgi?id=wood--001bra,,,
Zach Alvord,19,2011,Auburn,SEC,35,79,71,4,14,3,0,1,7,0,0,6,24,0.197,0.269,0.282,0.551,20,,1,1,0,,,player.fcgi?id=alvord001zac,,,
Bobby Andrews*,19,2011,Auburn,SEC,35,63,53,11,21,1,1,0,6,6,3,0,11,0.396,0.467,0.453,0.92,24,,7,3,0,,,player.fcgi?id=andrew000bob,,,
Blake Austin,18,2011,Auburn,SEC,11,24,20,5,6,1,0,0,1,1,0,1,4,0.3,0.391,0.35,0.741,7,,2,1,0,,,player.fcgi?id=austin000bla,,,
Brooks Beisner?,--,2011,Auburn,SEC,46,95,86,14,21,7,0,2,10,1,0,7,20,0.244,0.305,0.395,0.701,34,,1,0,1,,,player.fcgi?id=beisne000bro,,,
Caleb Bowen?,--,2011,Auburn,SEC,17,17,14,1,1,0,0,0,0,0,1,2,4,0.071,0.235,0.071,0.307,1,,1,0,0,,,player.fcgi?id=bowen-003cal,,,
Justin Bryant?,--,2011,Auburn,SEC,4,16,11,2,2,0,0,0,2,1,0,3,1,0.182,0.438,0.182,0.619,2,,2,0,0,,,player.fcgi?id=bryant000jus,,,
Tony Caldwell,22,2011,Auburn,SEC,55,233,190,37,63,13,1,7,44,5,4,30,32,0.332,0.445,0.521,0.967,99,,9,4,0,,,player.fcgi?id=caldwe000mit,,,
Tyler Dial*,19,2011,Auburn,SEC,5,5,5,0,2,0,0,0,1,0,0,0,0,0.4,0.4,0.4,0.8,2,,0,0,0,,,player.fcgi?id=dial--000tyl,,,
Justin Fradejas,22,2011,Auburn,SEC,57,252,215,40,68,11,1,3,20,5,6,20,41,0.316,0.381,0.419,0.8,90,,5,8,4,,,player.fcgi?id=fradej001jus,,,
Dan Gamache*,20,2011,Auburn,SEC,53,235,194,35,58,13,2,5,29,2,0,30,33,0.299,0.414,0.464,0.878,90,,8,3,0,,,player.fcgi?id=gamach000dan,,,
Wes Gilmer?,--,2011,Auburn,SEC,58,217,183,24,52,10,0,0,34,3,1,17,32,0.284,0.361,0.339,0.699,62,,6,9,2,,,player.fcgi?id=gilmer000wes,,,
Jay Gonzalez*,19,2011,Auburn,SEC,34,43,35,9,6,0,0,0,2,1,2,7,14,0.171,0.31,0.171,0.481,6,,0,1,0,,,player.fcgi?id=gonzal001jay,,,
Justin Hargett?,--,2011,Auburn,SEC,55,213,192,31,57,8,1,0,24,7,5,16,41,0.297,0.352,0.349,0.701,67,,1,3,1,,,player.fcgi?id=harget000jus,,,
Casey McElroy*,21,2011,Auburn,SEC,58,270,234,46,87,18,0,9,53,1,1,21,30,0.372,0.429,0.564,0.993,132,,7,2,6,,,player.fcgi?id=mcelro000cas,,,
Kevin Patterson*,22,2011,Auburn,SEC,57,230,195,26,54,16,0,8,43,0,0,29,56,0.277,0.37,0.482,0.852,94,,2,0,4,,,player.fcgi?id=patter001kev,,,
Mike Reed,19,2011,Auburn,SEC,4,4,3,1,1,0,0,0,1,0,0,0,1,0.333,0.25,0.333,0.583,1,,0,0,1,,,player.fcgi?id=reed--001mik,,,
Patrick Savage?,--,2011,Auburn,SEC,4,4,3,1,1,0,0,0,0,0,0,1,2,0.333,0.5,0.333,0.833,1,,0,0,0,,,player.fcgi?id=savage000pat,,,
Mitchell Self?,--,2011,Auburn,SEC,10,6,5,0,1,0,0,0,0,0,0,1,2,0.2,0.333,0.2,0.533,1,,0,0,0,,,player.fcgi?id=self--000mit,,,
Creede Simpson,21,2011,Auburn,SEC,56,219,189,30,48,15,1,3,17,8,2,19,36,0.254,0.324,0.392,0.715,74,,2,6,3,,,player.fcgi?id=simpso001ale,,,
Cullen Wacker?,--,2011,Auburn,SEC,50,145,115,18,33,4,0,1,18,3,2,18,15,0.287,0.404,0.348,0.752,40,,6,4,2,,,player.fcgi?id=wacker000cul,,,
Zach Alvord,20,2012,Auburn,SEC,54,196,178,24,46,10,0,6,35,1,3,13,42,0.258,0.307,0.416,0.723,74,,0,4,1,0,,player.fcgi?id=alvord001zac,,,
Bobby Andrews*,20,2012,Auburn,SEC,46,146,119,23,30,4,1,0,10,13,7,12,33,0.252,0.35,0.303,0.653,36,,7,6,2,0,,player.fcgi?id=andrew000bob,,,
Blake Austin,19,2012,Auburn,SEC,44,147,125,11,37,8,1,3,21,3,0,9,17,0.296,0.369,0.448,0.817,56,,6,6,1,0,,player.fcgi?id=austin000bla,,,
Caleb Bowen?,--,2012,Auburn,SEC,37,79,68,15,18,7,1,0,6,3,1,10,10,0.265,0.354,0.397,0.752,27,,0,0,1,0,,player.fcgi?id=bowen-003cal,,,
Justin Bryant?,--,2012,Auburn,SEC,45,161,136,17,39,2,1,4,21,1,1,13,22,0.287,0.364,0.404,0.768,55,,4,7,1,1,,player.fcgi?id=bryant000jus,,,
Tanner Cimo?,--,2012,Auburn,SEC,13,14,10,4,3,0,0,0,1,0,0,3,2,0.3,0.5,0.3,0.8,3,,1,0,0,0,,player.fcgi?id=cimo--000tan,,,
Garrett Cooper,21,2012,Auburn,SEC,49,208,173,35,56,9,0,5,31,1,0,17,30,0.324,0.42,0.462,0.882,80,,13,3,2,0,,player.fcgi?id=cooper005gar,,,
Dan Glevenyak?,--,2012,Auburn,SEC,57,239,191,34,61,13,1,1,28,13,4,25,39,0.319,0.408,0.414,0.822,79,,7,11,5,1,,player.fcgi?id=gleven000dan,,,
Jay Gonzalez*,20,2012,Auburn,SEC,59,267,221,48,68,13,5,0,29,30,4,35,48,0.308,0.402,0.412,0.813,91,,1,8,2,0,,player.fcgi?id=gonzal001jay,,,
Kody Ortman?,--,2012,Auburn,SEC,26,46,39,7,10,1,0,2,8,0,0,7,8,0.256,0.37,0.436,0.806,17,,0,0,0,0,,player.fcgi?id=ortman000kod,,,
Patrick Savage?,--,2012,Auburn,SEC,30,79,73,9,19,4,0,5,15,1,0,4,10,0.26,0.304,0.521,0.824,38,,1,0,1,0,,player.fcgi?id=savage000pat,,,
Mitchell Self?,--,2012,Auburn,SEC,24,34,29,7,6,0,0,0,4,0,1,2,5,0.207,0.242,0.207,0.449,6,,0,1,2,0,,player.fcgi?id=self--000mit,,,
Creede Simpson,22,2012,Auburn,SEC,59,267,235,42,74,18,0,3,40,25,9,21,40,0.315,0.371,0.43,0.801,101,,3,3,5,0,,player.fcgi?id=simpso001ale,,,
Jarred Smith,19,2012,Auburn,SEC,8,22,15,3,3,1,0,0,1,1,1,3,1,0.2,0.368,0.267,0.635,4,,1,3,0,0,,player.fcgi?id=smith-005jar,,,
Ryan Tella*,21,2012,Auburn,SEC,59,282,236,41,85,12,4,5,34,17,4,35,48,0.36,0.448,0.509,0.956,120,,4,5,2,3,,player.fcgi?id=tella-000rya,,,
Cullen Wacker?,--,2012,Auburn,SEC,46,189,157,31,55,11,5,1,27,4,3,23,17,0.35,0.441,0.503,0.944,79,,4,3,2,2,,player.fcgi?id=wacker000cul,,,
Bobby Andrews*,21,2013,Auburn,SEC,3,6,6,0,0,0,0,0,0,0,0,0,1,0,0,0,0,0,,0,0,0,0,,player.fcgi?id=andrew000bob,,,
Blake Austin,20,2013,Auburn,SEC,51,192,176,18,51,13,0,3,23,0,0,9,25,0.29,0.332,0.415,0.746,73,,3,2,2,1,,player.fcgi?id=austin000bla,,,
Jackson Burgreen?,--,2013,Auburn,SEC,30,127,111,22,25,4,1,1,8,2,1,14,25,0.225,0.323,0.306,0.629,34,,2,0,0,0,,player.fcgi?id=burgre000jac,,,
Tanner Cimo?,--,2013,Auburn,SEC,15,12,10,1,1,0,0,0,1,0,0,1,3,0.1,0.167,0.1,0.267,1,,0,0,1,0,,player.fcgi?id=cimo--000tan,,,
Garrett Cooper,22,2013,Auburn,SEC,56,238,189,31,67,12,1,7,37,1,0,37,30,0.355,0.481,0.54,1.021,102,,10,1,1,2,,player.fcgi?id=cooper005gar,,,
J.D. Crowe*,20,2013,Auburn,SEC,13,12,9,1,0,0,0,0,0,0,0,3,3,0,0.25,0,0.25,0,,0,0,0,0,,player.fcgi?id=crowe-000jd-,,,
Jordan Ebert,19,2013,Auburn,SEC,54,228,201,29,61,6,1,4,22,3,5,18,29,0.304,0.359,0.403,0.762,81,,1,5,3,0,,player.fcgi?id=ebert-000jor,,,
Sam Gillikin*,19,2013,Auburn,SEC,30,53,44,8,7,1,0,0,3,1,3,4,19,0.159,0.22,0.182,0.402,8,,0,3,2,0,,player.fcgi?id=gillik000sam,,,
Dan Glevenyak?,--,2013,Auburn,SEC,50,205,161,29,37,9,0,2,21,5,4,24,42,0.23,0.347,0.323,0.67,52,,6,12,2,0,,player.fcgi?id=gleven000dan,,,
Hunter Kelley?,--,2013,Auburn,SEC,41,133,114,16,28,11,0,2,9,5,3,16,21,0.246,0.341,0.395,0.736,45,,1,1,1,2,,player.fcgi?id=kelley001hun,,,
Kody Ortman?,--,2013,Auburn,SEC,24,56,48,1,11,1,0,0,5,0,0,5,5,0.229,0.309,0.25,0.559,12,,1,1,1,0,,player.fcgi?id=ortman000kod,,,
Rock Rucker*,20,2013,Auburn,SEC,2,2,1,1,0,0,0,0,0,0,0,1,0,0,0.5,0,0.5,0,,0,0,0,0,,player.fcgi?id=rucker000roc,,,
Patrick Savage?,--,2013,Auburn,SEC,47,154,138,11,40,9,0,0,19,1,0,14,19,0.29,0.357,0.355,0.712,49,,1,0,1,1,,player.fcgi?id=savage000pat,,,
Mitchell Self?,--,2013,Auburn,SEC,22,42,35,6,9,0,0,0,1,1,0,4,12,0.257,0.333,0.257,0.59,9,,0,3,0,0,,player.fcgi?id=self--000mit,,,
Dylan Smith?,--,2013,Auburn,SEC,4,3,3,0,0,0,0,0,0,0,0,0,1,0,0,0,0,0,,0,0,0,0,,player.fcgi?id=smith-000dyl,,,
Ryan Tella*,22,2013,Auburn,SEC,56,244,216,42,56,11,1,3,37,14,2,20,47,0.259,0.324,0.361,0.685,78,,2,3,3,1,,player.fcgi?id=tella-000rya,,,
Damek Tomscha,21,2013,Auburn,SEC,54,222,186,32,51,12,0,7,26,0,2,26,38,0.274,0.384,0.452,0.835,84,,7,3,0,1,,player.fcgi?id=tomsch001dam,,,
Cullen Wacker?,--,2013,Auburn,SEC,55,231,200,24,64,12,1,2,34,0,2,18,33,0.32,0.383,0.42,0.803,84,,6,1,6,0,,player.fcgi?id=wacker000cul,,,
Blake Austin,21,2014,Auburn,SEC,55,210,183,19,49,11,0,3,31,4,4,15,30,0.268,0.345,0.377,0.722,69,,8,1,3,0,,player.fcgi?id=austin000bla,,,
Brett Binning,19,2014,Auburn,SEC,16,27,23,5,8,0,0,0,2,1,0,2,2,0.348,0.4,0.348,0.748,8,,0,2,0,0,,player.fcgi?id=binnin000bre,,,
Jackson Burgreen?,--,2014,Auburn,SEC,21,33,22,1,2,0,0,0,3,2,1,7,7,0.091,0.375,0.091,0.466,2,,3,1,0,0,,player.fcgi?id=burgre000jac,,,
Terrance Dedrick,22,2014,Auburn,SEC,23,2,2,0,0,0,0,0,0,0,0,0,0,0,0,0,0,0,,0,0,0,0,,player.fcgi?id=dedric000ter,,,
Jordan Ebert,20,2014,Auburn,SEC,55,231,205,28,72,5,1,0,29,9,6,12,26,0.351,0.383,0.385,0.768,79,,1,9,4,0,,player.fcgi?id=ebert-000jor,,,
Sam Gillikin*,20,2014,Auburn,SEC,24,64,56,5,12,5,0,0,4,0,1,6,14,0.214,0.302,0.304,0.605,17,,1,1,0,0,,player.fcgi?id=gillik000sam,,,
Dan Glevenyak?,--,2014,Auburn,SEC,50,191,156,22,40,6,3,1,16,14,2,18,23,0.256,0.371,0.353,0.724,55,,11,5,1,2,,player.fcgi?id=gleven000dan,,,
Anfernee Grier,18,2014,Auburn,SEC,47,171,149,16,38,8,0,1,11,7,6,12,24,0.255,0.325,0.329,0.654,49,,4,5,1,0,,player.fcgi?id=grier-000anf,,,
Damon Haecker#,19,2014,Auburn,SEC,56,247,190,24,49,4,0,0,17,12,7,35,32,0.258,0.403,0.279,0.681,53,,13,6,3,0,,player.fcgi?id=haecke000dam,,,
Hunter Kelley?,--,2014,Auburn,SEC,4,2,2,0,0,0,0,0,0,0,0,0,1,0,0,0,0,0,,0,0,0,0,,player.fcgi?id=kelley001hun,,,
Blake Logan,20,2014,Auburn,SEC,42,100,86,9,22,3,0,1,17,0,0,10,15,0.256,0.343,0.326,0.669,28,,2,1,1,0,,player.fcgi?id=logan-001bla,,,
Rocky McCord,21,2014,Auburn,SEC,6,1,1,0,1,0,0,0,0,0,0,0,0,1,1,1,2,1,,0,0,0,0,,player.fcgi?id=mccord000edw,,,
Daniel Robert*,19,2014,Auburn,SEC,45,140,121,12,34,5,1,1,12,1,1,17,23,0.281,0.37,0.364,0.733,44,,0,2,0,0,,player.fcgi?id=robert005dan,,,
Patrick Savage?,--,2014,Auburn,SEC,3,7,6,0,1,0,0,0,0,0,0,0,2,0.167,0.286,0.167,0.452,1,,1,0,0,0,,player.fcgi?id=savage000pat,,,
J.J. Shaffer,19,2014,Auburn,SEC,40,58,50,8,8,0,2,0,2,4,1,3,14,0.16,0.263,0.24,0.503,12,,4,1,0,0,,player.fcgi?id=shaffe000jj-,,,
Connor Short,19,2014,Auburn,SEC,36,110,95,6,20,1,0,0,8,9,1,7,13,0.211,0.283,0.221,0.504,21,,3,4,1,0,,player.fcgi?id=short-000con,,,
Dylan Smith?,--,2014,Auburn,SEC,7,12,10,0,0,0,0,0,0,0,0,2,4,0,0.167,0,0.167,0,,0,0,0,0,,player.fcgi?id=smith-000dyl,,,
Ryan Tella*,23,2014,Auburn,SEC,53,217,183,30,56,6,1,3,18,13,6,16,24,0.306,0.386,0.399,0.785,73,,9,7,2,0,,player.fcgi?id=tella-000rya,,,
Keegan Thompson,19,2014,Auburn,SEC,48,131,123,13,30,3,1,0,13,1,0,4,21,0.244,0.273,0.285,0.558,35,,1,3,0,0,,player.fcgi?id=thomps000kee,,,
Damek Tomscha,22,2014,Auburn,SEC,54,222,176,37,55,8,0,5,29,4,1,26,23,0.313,0.436,0.443,0.88,78,,15,2,3,2,,player.fcgi?id=tomsch001dam,,,
Jackson Burgreen?,--,2015,Auburn,SEC,30,75,64,7,18,1,2,0,7,5,3,8,9,0.281,0.361,0.359,0.721,23,,0,3,0,0,,player.fcgi?id=burgre000jac,,,
Ben Craft?,--,2015,Auburn,SEC,28,54,45,7,10,1,0,0,3,0,1,4,8,0.222,0.308,0.244,0.552,11,,2,2,1,0,,player.fcgi?id=craft-000ben,,,
Bo Decker,22,2015,Auburn,SEC,20,43,37,6,9,4,0,0,8,0,1,3,9,0.243,0.302,0.351,0.654,13,,1,0,2,0,,player.fcgi?id=decker000bo-,,,
Kyler Deese?,--,2015,Auburn,SEC,59,210,177,27,45,10,1,2,27,3,3,24,23,0.254,0.358,0.356,0.713,63,,5,3,1,2,,player.fcgi?id=deese-000kyl,,,
Jordan Ebert,21,2015,Auburn,SEC,54,182,142,25,36,4,0,3,24,7,2,26,30,0.254,0.386,0.345,0.732,49,,6,6,2,4,,player.fcgi?id=ebert-000jor,,,
Sam Gillikin*,21,2015,Auburn,SEC,54,112,96,8,26,4,1,1,10,5,0,13,30,0.271,0.364,0.365,0.728,35,,1,2,0,1,,player.fcgi?id=gillik000sam,,,
Melvin Gray?,--,2015,Auburn,SEC,48,190,161,30,49,8,0,1,23,18,3,17,29,0.304,0.372,0.373,0.744,60,,2,7,3,0,,player.fcgi?id=gray--000mel,,,
Anfernee Grier,19,2015,Auburn,SEC,62,287,254,41,82,22,3,1,20,9,7,22,61,0.323,0.391,0.445,0.836,113,,7,3,1,1,,player.fcgi?id=grier-000anf,,,
Damon Haecker#,20,2015,Auburn,SEC,62,269,214,35,58,8,2,1,22,1,7,40,37,0.271,0.404,0.341,0.745,73,,9,4,2,0,,player.fcgi?id=haecke000dam,,,
Blake Logan,21,2015,Auburn,SEC,59,210,180,25,47,17,2,0,28,3,3,15,25,0.261,0.329,0.378,0.706,68,,6,3,6,0,,player.fcgi?id=logan-001bla,,,
Austin Murphy*,20,2015,Auburn,SEC,22,60,49,11,12,1,1,0,3,3,0,8,15,0.245,0.373,0.306,0.679,15,,2,1,0,0,,player.fcgi?id=murphy000aus,,,
Ricky Negron,20,2015,Auburn,SEC,5,3,1,0,0,0,0,0,0,0,0,2,0,0,0.667,0,0.667,0,,0,0,0,0,,player.fcgi?id=negron000ric,,,
Cody Nulph,--,2015,Auburn,SEC,62,245,217,30,56,11,1,3,33,1,2,13,47,0.258,0.315,0.359,0.675,78,,6,7,2,2,,player.fcgi?id=nulph-000cod,,,
Alex Polston,21,2015,Auburn,SEC,31,72,66,6,16,3,0,0,7,0,0,5,17,0.242,0.296,0.288,0.584,19,,0,1,0,0,,player.fcgi?id=polsto000ale,,,
Daniel Robert*,20,2015,Auburn,SEC,57,235,205,28,61,12,3,3,38,1,4,24,39,0.298,0.368,0.429,0.797,88,,1,1,4,1,,player.fcgi?id=robert005dan,,,
J.J. Shaffer,20,2015,Auburn,SEC,42,68,58,7,15,0,0,0,7,5,2,3,15,0.259,0.349,0.259,0.607,15,,5,2,0,0,,player.fcgi?id=shaffe000jj-,,,
Dylan Smith?,--,2015,Auburn,SEC,4,6,6,0,0,0,0,0,0,0,0,0,5,0,0,0,0,0,,0,0,0,0,,player.fcgi?id=smith-000dyl,,,
Hunter Tackett,20,2015,Auburn,SEC,17,55,46,6,11,3,1,2,9,1,0,4,11,0.239,0.346,0.478,0.824,22,,4,0,1,0,,player.fcgi?id=tacket000hun,,,
Keegan Thompson,20,2015,Auburn,SEC,17,12,11,2,2,0,1,1,2,0,0,1,2,0.182,0.25,0.636,0.886,7,,0,0,0,0,,player.fcgi?id=thomps000kee,,,
Niko Buentello*,21,2016,Auburn,SEC,54,250,211,41,70,15,1,11,55,0,0,30,48,0.332,0.428,0.569,0.997,120,,7,0,2,1,,player.fcgi?id=buente000nik,,,
Jackson Burgreen?,--,2016,Auburn,SEC,44,164,135,29,34,6,1,2,16,0,1,24,45,0.252,0.372,0.356,0.728,48,,3,0,2,0,,player.fcgi?id=burgre000jac,,,
Ben Craft?,--,2016,Auburn,SEC,5,9,9,1,3,1,0,0,1,0,0,0,3,0.333,0.333,0.444,0.778,4,,0,0,0,0,,player.fcgi?id=craft-000ben,,,
Kyler Deese?,--,2016,Auburn,SEC,44,172,140,20,31,4,0,0,20,1,1,24,15,0.221,0.335,0.25,0.585,35,,2,2,4,0,,player.fcgi?id=deese-000kyl,,,
Jordan Ebert,22,2016,Auburn,SEC,55,262,237,41,77,13,0,2,31,5,4,17,39,0.325,0.378,0.405,0.783,96,,5,0,3,0,,player.fcgi?id=ebert-000jor,,,
Jonathan Foster,19,2016,Auburn,SEC,18,53,49,5,13,3,0,0,4,0,0,0,11,0.265,0.321,0.327,0.647,16,,4,0,0,0,,player.fcgi?id=foster004jon,,,
Melvin Gray?,--,2016,Auburn,SEC,43,184,149,29,40,5,2,0,11,12,6,21,38,0.269,0.392,0.329,0.721,49,,10,3,1,0,,player.fcgi?id=gray--000mel,,,
Anfernee Grier,20,2016,Auburn,SEC,56,278,238,56,87,8,3,12,41,19,5,32,55,0.366,0.457,0.576,1.032,137,,8,0,0,3,,player.fcgi?id=grier-000anf,,,
Damon Haecker#,21,2016,Auburn,SEC,45,175,144,17,36,4,1,1,21,6,2,23,25,0.25,0.379,0.313,0.692,45,,7,1,0,0,,player.fcgi?id=haecke000dam,,,
Blake Logan,22,2016,Auburn,SEC,53,223,190,26,52,15,1,2,36,0,1,21,32,0.274,0.358,0.395,0.752,75,,6,2,4,0,,player.fcgi?id=logan-001bla,,,
Cody Nulph,--,2016,Auburn,SEC,51,207,189,26,52,12,1,0,36,1,0,11,32,0.275,0.314,0.349,0.663,66,,2,0,5,0,,player.fcgi?id=nulph-000cod,,,
Joshua Palacios*,20,2016,Auburn,SEC,34,165,143,34,55,9,4,5,23,12,5,19,27,0.385,0.463,0.608,1.072,87,,2,1,0,0,,player.fcgi?id=palaci002jos,,,
Daniel Robert*,21,2016,Auburn,SEC,34,128,110,18,27,5,0,2,12,4,0,14,34,0.246,0.352,0.346,0.697,38,,4,0,0,0,,player.fcgi?id=robert005dan,,,
J.J. Shaffer,21,2016,Auburn,SEC,16,27,20,2,4,2,0,0,3,1,2,4,9,0.2,0.385,0.3,0.685,6,,2,1,0,0,,player.fcgi?id=shaffe000jj-,,,
Keaton Weisz,20,2016,Auburn,SEC,7,12,11,1,0,0,0,0,0,0,0,1,3,0,0.083,0,0.083,0,,0,0,0,0,,player.fcgi?id=weisz-000kea,,,
Josh Anthony,20,2017,Auburn,SEC,63,277,233,37,62,14,0,2,39,7,2,36,41,0.266,0.376,0.352,0.727,82,,6,0,2,0,,player.fcgi?id=anthon004jos,,,
Conor Davis,19,2017,Auburn,SEC,52,184,163,22,46,11,0,1,29,1,3,18,43,0.282,0.359,0.368,0.727,60,,2,0,1,0,,player.fcgi?id=davis-001con,,,
Bo Decker,24,2017,Auburn,SEC,25,93,81,10,21,5,0,1,14,3,1,7,20,0.259,0.337,0.358,0.695,29,,3,1,1,0,,player.fcgi?id=decker000bo-,,,
Jay Estes,21,2017,Auburn,SEC,59,270,232,39,64,19,1,1,29,6,3,21,52,0.276,0.346,0.379,0.725,88,,6,7,4,1,,player.fcgi?id=estes-000jay,,,
Sam Gillikin*,23,2017,Auburn,SEC,29,57,47,9,10,2,0,1,4,0,0,9,12,0.213,0.351,0.319,0.67,15,,1,0,0,0,,player.fcgi?id=gillik000sam,,,
Damon Haecker#,22,2017,Auburn,SEC,25,85,64,7,15,4,0,0,10,2,2,15,10,0.234,0.412,0.297,0.709,19,,5,0,1,0,,player.fcgi?id=haecke000dam,,,
Will Holland,19,2017,Auburn,SEC,45,158,134,23,28,7,1,3,18,4,0,15,31,0.209,0.299,0.343,0.643,46,,4,1,4,0,,player.fcgi?id=hollan010wil,,,
Dylan Ingram,22,2017,Auburn,SEC,57,239,194,36,50,13,0,8,39,0,1,32,48,0.258,0.382,0.449,0.831,87,,9,1,3,1,,player.fcgi?id=ingram000dyl,,,
Luke Jarvis,22,2017,Auburn,SEC,48,199,185,34,51,10,3,5,27,7,1,10,43,0.276,0.313,0.443,0.756,82,,1,1,2,0,,player.fcgi?id=jarvis000luk,,,
Jeremy Johnson,21,2017,Auburn,SEC,22,59,48,9,11,2,0,0,8,1,0,5,7,0.229,0.322,0.271,0.593,13,,3,0,3,0,,player.fcgi?id=johnso019jer,,,
Blake Logan,23,2017,Auburn,SEC,50,171,144,25,36,5,1,3,19,0,1,17,22,0.25,0.335,0.361,0.696,52,,3,4,3,0,,player.fcgi?id=logan-001bla,,,
Bowen McGuffin*,21,2017,Auburn,SEC,42,126,110,15,27,7,0,0,9,2,1,14,25,0.246,0.341,0.309,0.65,34,,2,0,0,1,,player.fcgi?id=mcguff000bow,,,
Daniel Robert*,22,2017,Auburn,SEC,60,264,217,33,63,11,2,5,42,11,1,41,58,0.29,0.402,0.429,0.83,93,,2,0,4,1,,player.fcgi?id=robert005dan,,,
Mike Rojas,21,2017,Auburn,SEC,12,18,15,4,4,1,0,0,3,0,0,3,4,0.267,0.389,0.333,0.722,5,,0,0,0,0,,player.fcgi?id=rojas-000mik,,,
J.J. Shaffer,22,2017,Auburn,SEC,21,7,6,4,0,0,0,0,0,2,1,0,1,0,0.143,0,0.143,0,,1,0,0,0,,player.fcgi?id=shaffe000jj-,,,
Jonah Todd*,21,2017,Auburn,SEC,63,289,242,56,91,13,5,0,37,9,5,37,28,0.376,0.46,0.471,0.931,114,,4,2,4,5,,player.fcgi?id=todd--000jon,,,
Josh Anthony,21,2018,Auburn,SEC,64,262,216,43,65,13,0,4,40,7,6,33,42,0.301,0.402,0.417,0.819,90,,7,1,5,0,,player.fcgi?id=anthon004jos,,,
Conor Davis,20,2018,Auburn,SEC,53,197,164,26,44,9,0,2,34,3,3,25,40,0.268,0.371,0.36,0.73,59,,4,0,4,0,,player.fcgi?id=davis-001con,,,
Jay Estes,22,2018,Auburn,SEC,66,272,237,52,78,19,0,0,33,13,3,21,33,0.329,0.402,0.409,0.811,97,,9,3,2,0,,player.fcgi?id=estes-000jay,,,
Cade Evans#,20,2018,Auburn,SEC,17,4,3,8,1,0,0,0,0,0,0,1,0,0.333,0.5,0.333,0.833,1,,0,0,0,0,,player.fcgi?id=evans-000cad,,,
Will Holland,20,2018,Auburn,SEC,66,296,249,61,78,18,0,12,52,9,2,28,49,0.313,0.406,0.53,0.936,132,,13,3,3,0,,player.fcgi?id=hollan010wil,,,
Dylan Ingram,23,2018,Auburn,SEC,29,85,56,13,7,1,0,0,7,0,0,20,17,0.125,0.393,0.143,0.536,8,,6,1,2,0,,player.fcgi?id=ingram000dyl,,,
Luke Jarvis,23,2018,Auburn,SEC,60,254,229,49,58,13,2,3,28,7,2,21,64,0.253,0.319,0.367,0.686,84,,1,3,0,0,,player.fcgi?id=jarvis000luk,,,
Jeremy Johnson,22,2018,Auburn,SEC,26,57,45,14,11,2,0,0,10,1,0,6,6,0.244,0.404,0.289,0.692,13,,6,0,0,0,,player.fcgi?id=johnso019jer,,,
Edouard Julien*,19,2018,Auburn,SEC,62,251,207,47,57,7,0,17,69,7,3,38,79,0.275,0.398,0.556,0.954,115,,5,0,1,2,,player.fcgi?id=julien000edo,,,
Bowen McGuffin*,22,2018,Auburn,SEC,10,14,12,0,1,0,0,0,1,0,0,2,4,0.083,0.214,0.083,0.298,1,,0,0,0,0,,player.fcgi?id=mcguff000bow,,,
Brett Olson*,22,2018,Auburn,SEC,4,5,4,0,1,1,0,0,0,0,0,1,0,0.25,0.4,0.5,0.9,2,,0,0,0,0,,player.fcgi?id=olson-000bre,,,
Mike Rojas,22,2018,Auburn,SEC,17,16,13,2,2,0,0,0,0,0,0,3,4,0.154,0.313,0.154,0.466,2,,0,0,0,0,,player.fcgi?id=rojas-000mik,,,
Brendan Venter,21,2018,Auburn,SEC,66,290,251,44,77,15,0,12,45,0,1,19,45,0.307,0.385,0.51,0.895,128,,15,2,3,0,,player.fcgi?id=venter000bre,,,
Judd Ward*,20,2018,Auburn,SEC,37,97,84,9,21,2,1,0,8,0,2,9,20,0.25,0.344,0.298,0.641,25,,3,1,0,0,,player.fcgi?id=ward--000jud,,,
Steven Williams*,19,2018,Auburn,SEC,65,296,244,54,71,10,1,12,51,1,0,45,50,0.291,0.409,0.488,0.897,119,,5,0,2,1,,player.fcgi?id=willia015ste,,,
Brett Wright,22,2018,Auburn,SEC,62,263,209,45,54,14,0,11,45,1,3,37,48,0.258,0.389,0.483,0.872,101,,10,3,4,0,,player.fcgi?id=wright000bre,,,
Ryan Bliss,19,2019,Auburn,SEC,66,296,249,50,70,11,1,3,37,11,2,36,46,0.281,0.367,0.37,0.737,92,,2,2,7,1,,player.fcgi?id=bliss-000rya,,,
Conor Davis,21,2019,Auburn,SEC,63,276,252,35,73,14,1,8,36,2,0,21,65,0.29,0.351,0.448,0.8,113,,3,0,0,0,,player.fcgi?id=davis-001con,,,
Jarrett Eaton*,19,2019,Auburn,SEC,14,3,3,6,0,0,0,0,0,2,0,0,1,0,0,0,0,0,,0,0,0,0,,player.fcgi?id=eaton-000jar,,,
Chase Hall,22,2019,Auburn,SEC,13,28,25,2,4,1,0,0,3,0,0,1,9,0.16,0.25,0.2,0.45,5,,2,0,0,0,,player.fcgi?id=hall--014cha,,,
Jackson Henderson,21,2019,Auburn,SEC,4,2,2,1,0,0,0,0,0,0,0,0,2,0,0,0,0,0,,0,0,0,0,,player.fcgi?id=hender000jac,,,
Will Holland,21,2019,Auburn,SEC,64,285,232,48,57,9,0,9,32,15,3,35,62,0.246,0.376,0.401,0.777,93,,14,3,1,1,,player.fcgi?id=hollan010wil,,,
Kason Howell#,20,2019,Auburn,SEC,63,263,225,31,59,10,0,0,28,14,2,22,49,0.262,0.34,0.307,0.647,69,,7,4,5,2,,player.fcgi?id=howell000kas,,,
Ed Johnson,19,2019,Auburn,SEC,6,8,7,0,2,0,0,0,0,0,0,1,2,0.286,0.375,0.286,0.661,2,,0,0,0,0,,player.fcgi?id=johnso003ed-,,,
Edouard Julien*,20,2019,Auburn,SEC,65,294,236,52,61,14,1,10,57,3,2,46,76,0.259,0.388,0.453,0.841,107,,7,0,5,5,,player.fcgi?id=julien000edo,,,
Everett Lau*,21,2019,Auburn,SEC,19,45,40,7,10,2,0,1,8,1,0,4,12,0.25,0.333,0.375,0.708,15,,1,0,0,0,,player.fcgi?id=lau---000eve,,,
Brody Moore,18,2019,Auburn,SEC,13,29,27,6,9,1,1,0,4,0,1,2,5,0.333,0.379,0.444,0.824,12,,0,0,0,0,,player.fcgi?id=moore-000bro,,,
Brett Olson*,23,2019,Auburn,SEC,2,2,1,0,1,0,0,0,0,0,0,1,0,1,1,1,2,1,,0,0,0,0,,player.fcgi?id=olson-000bre,,,
Matt Scheffler,21,2019,Auburn,SEC,61,249,219,30,57,12,0,2,28,5,1,17,26,0.26,0.331,0.343,0.673,75,,7,4,2,0,,player.fcgi?id=scheff000mat,,,
Judd Ward*,21,2019,Auburn,SEC,66,308,257,42,70,12,2,5,34,5,2,37,61,0.272,0.378,0.393,0.771,101,,7,6,1,1,,player.fcgi?id=ward--000jud,,,
Devin Warner#,19,2019,Auburn,SEC,10,16,15,1,4,0,0,0,3,0,0,0,5,0.267,0.313,0.267,0.579,4,,1,0,0,0,,player.fcgi?id=warner000dev,,,
Steven Williams*,20,2019,Auburn,SEC,65,283,235,40,58,8,2,9,36,3,0,38,64,0.247,0.355,0.413,0.768,97,,3,4,3,4,,player.fcgi?id=willia015ste,,,
Rankin Woley,21,2019,Auburn,SEC,64,283,256,36,71,17,1,3,45,2,0,19,68,0.277,0.336,0.387,0.722,99,,5,0,3,0,,player.fcgi?id=woley-000ran,,,
Ryan Bliss,20,2020,Auburn,SEC,18,85,77,21,29,7,2,2,17,5,2,5,5,0.377,0.412,0.597,1.009,46,,1,0,2,1,,player.fcgi?id=bliss-000rya,,,
Brayton Brown,19,2020,Auburn,SEC,14,36,30,6,8,2,0,1,4,0,0,5,10,0.267,0.389,0.433,0.822,13,,1,0,0,0,,player.fcgi?id=brown-012bra,,,
Johnny Ceccoli*,--,2020,Auburn,SEC,8,15,13,3,3,0,0,1,4,0,0,2,5,0.231,0.333,0.462,0.795,6,,0,0,0,0,,player.fcgi?id=ceccol000joh,,,
Conor Davis,22,2020,Auburn,SEC,18,77,59,17,20,6,0,3,14,0,1,13,9,0.339,0.442,0.593,1.035,35,,1,0,4,1,,player.fcgi?id=davis-001con,,,
Garrett Farquhar,21,2020,Auburn,SEC,13,51,38,15,10,2,0,0,10,1,0,10,5,0.263,0.44,0.316,0.756,12,,2,1,0,0,,player.fcgi?id=farquh000gar,,,
Mason Greer#,20,2020,Auburn,SEC,7,11,10,2,3,2,0,0,4,0,0,1,0,0.3,0.364,0.5,0.864,5,,0,0,0,0,,player.fcgi?id=greer-000mas,,,
Chase Hall,23,2020,Auburn,SEC,3,2,0,0,0,0,0,0,1,0,0,1,0,,0.5,,,0,,0,0,1,0,,player.fcgi?id=hall--014cha,,,
Kason Howell#,21,2020,Auburn,SEC,11,43,39,8,14,7,0,0,6,0,0,3,6,0.359,0.419,0.539,0.957,21,,1,0,0,0,,player.fcgi?id=howell000kas,,,
Nate LaRue,18,2020,Auburn,SEC,8,20,17,6,5,1,0,0,2,0,0,2,1,0.294,0.35,0.353,0.703,6,,0,0,1,0,,player.fcgi?id=larue-000nat,,,
Tyler Miller*,20,2020,Auburn,SEC,12,42,35,9,8,0,1,0,5,0,0,6,7,0.229,0.333,0.286,0.619,10,,0,0,1,0,,player.fcgi?id=miller007tyl,,,
Brody Moore,19,2020,Auburn,SEC,17,65,56,11,19,1,1,0,9,5,0,7,7,0.339,0.415,0.393,0.808,22,,1,0,1,0,,player.fcgi?id=moore-000bro,,,
Matt Scheffler,22,2020,Auburn,SEC,16,65,51,18,21,4,0,1,14,1,0,8,4,0.412,0.516,0.549,1.065,28,,4,1,1,0,,player.fcgi?id=scheff000mat,,,
John Samuel Shenker?,--,2020,Auburn,SEC,11,31,22,5,7,1,0,0,6,0,0,6,8,0.318,0.516,0.364,0.88,8,,3,0,0,0,,player.fcgi?id=shenke000joh,,,
Austin Turner*,19,2020,Auburn,SEC,10,9,8,1,1,0,0,0,1,0,0,1,4,0.125,0.222,0.125,0.347,1,,0,0,0,0,,player.fcgi?id=turner003aus,,,
Judd Ward*,22,2020,Auburn,SEC,18,88,73,16,23,6,1,2,17,2,1,8,17,0.315,0.365,0.507,0.872,37,,0,3,4,0,,player.fcgi?id=ward--000jud,,,
Steven Williams*,21,2020,Auburn,SEC,13,50,40,7,11,4,0,2,12,0,0,9,10,0.275,0.4,0.525,0.925,21,,0,0,1,0,,player.fcgi?id=willia015ste,,,
Rankin Woley,22,2020,Auburn,SEC,18,78,68,13,28,8,0,2,22,0,0,8,14,0.412,0.487,0.618,1.105,42,,2,0,0,0,,player.fcgi?id=woley-000ran,,,
Ryan Bliss,21,2021,Auburn,SEC,50,237,211,50,77,14,1,15,45,6,5,23,30,0.365,0.428,0.654,1.082,138,,1,1,1,0,,player.fcgi?id=bliss-000rya,,,
Brayton Brown,20,2021,Auburn,SEC,18,31,25,7,5,1,0,2,8,0,0,4,11,0.2,0.333,0.48,0.813,12,,1,1,0,0,,player.fcgi?id=brown-012bra,,,
Ryan Dyal*,20,2021,Auburn,SEC,31,96,70,18,14,2,0,3,7,1,0,24,23,0.2,0.411,0.357,0.768,25,,1,1,0,0,,player.fcgi?id=dyal--000rya,,,
Garrett Farquhar,22,2021,Auburn,SEC,20,37,32,8,12,4,0,0,7,1,0,3,6,0.375,0.444,0.5,0.944,16,,1,1,0,0,,player.fcgi?id=farquh000gar,,,
Cole Foster#,19,2021,Auburn,SEC,15,29,24,5,7,3,0,0,1,0,0,3,9,0.292,0.414,0.417,0.831,10,,2,0,0,0,,player.fcgi?id=foster002col,,,
Josh Hall*,21,2021,Auburn,SEC,20,50,43,10,14,2,2,0,9,5,1,3,11,0.326,0.347,0.465,0.812,20,,0,1,3,0,,player.fcgi?id=hall--007jos,,,
Cam Hill*,19,2021,Auburn,SEC,40,129,111,19,30,6,1,5,22,0,0,17,23,0.27,0.364,0.478,0.842,53,,0,0,1,1,,player.fcgi?id=hill--005cam,,,
Kason Howell#,22,2021,Auburn,SEC,52,217,177,29,46,12,0,8,30,8,5,27,40,0.26,0.382,0.463,0.845,82,,8,5,0,0,,player.fcgi?id=howell000kas,,,
Nate LaRue,19,2021,Auburn,SEC,17,39,32,8,7,2,0,2,5,0,0,6,8,0.219,0.333,0.469,0.802,15,,0,0,1,0,,player.fcgi?id=larue-000nat,,,
Tyler Miller*,21,2021,Auburn,SEC,51,231,208,38,65,10,1,16,61,3,1,15,44,0.313,0.354,0.601,0.955,125,,1,2,5,3,,player.fcgi?id=miller007tyl,,,
Brody Moore,20,2021,Auburn,SEC,49,208,192,25,56,11,0,2,32,1,3,13,26,0.292,0.341,0.38,0.722,73,,2,0,1,0,,player.fcgi?id=moore-000bro,,,
Bobby Peirce,21,2021,Auburn,SEC,8,17,15,3,3,1,0,0,4,0,0,1,5,0.2,0.294,0.267,0.561,4,,1,0,0,0,,player.fcgi?id=peirce000bob,,,
John Samuel Shenker?,--,2021,Auburn,SEC,12,24,21,3,4,1,0,0,2,0,0,2,10,0.191,0.292,0.238,0.53,5,,1,0,0,0,,player.fcgi?id=shenke000joh,,,
Judd Ward*,23,2021,Auburn,SEC,45,186,158,30,33,5,2,4,18,0,1,20,39,0.209,0.308,0.342,0.65,54,,4,1,3,1,,player.fcgi?id=ward--000jud,,,
Bryson Ware,20,2021,Auburn,SEC,43,160,138,36,35,6,1,6,26,4,1,17,56,0.254,0.344,0.442,0.786,61,,3,0,2,0,,player.fcgi?id=ware--001bry,,,
Steven Williams*,22,2021,Auburn,SEC,48,207,174,38,43,9,1,13,36,2,1,28,49,0.247,0.356,0.535,0.891,93,,2,2,1,4,,player.fcgi?id=willia015ste,,,
Rankin Woley,23,2021,Auburn,SEC,50,231,197,36,63,12,0,10,31,1,0,24,43,0.32,0.404,0.533,0.937,105,,6,1,3,2,,player.fcgi?id=woley-000ran,,,
Mike Bello*,20,2022,Auburn,SEC,43,118,99,18,25,4,0,1,12,1,0,14,21,0.253,0.35,0.323,0.674,32,0,2,1,2,0,,player.fcgi?id=bello-000mik,,,
Brayton Brown,21,2022,Auburn,SEC,6,17,12,2,2,0,0,0,3,0,0,2,7,0.167,0.375,0.167,0.542,2,0,2,1,0,0,,player.fcgi?id=brown-012bra,,,
Luke Burk,21,2022,Auburn,SEC,11,8,8,1,1,0,0,0,0,0,0,0,6,0.125,0.125,0.125,0.25,1,0,0,0,0,0,,player.fcgi?id=burk--000luk,,,
Brooks Carlson,23,2022,Auburn,SEC,53,211,185,36,55,11,0,6,31,0,1,23,49,0.297,0.379,0.454,0.833,84,5,2,0,1,0,,player.fcgi?id=carlso000bro,,,
Sonny DiChiara,22,2022,Auburn,SEC,61,286,206,59,79,15,0,22,59,0,0,68,55,0.384,0.549,0.777,1.326,160,5,10,0,2,17,,player.fcgi?id=dichia000son,,,
Ryan Dyal*,21,2022,Auburn,SEC,32,118,92,23,20,4,0,4,26,0,0,16,32,0.217,0.368,0.391,0.759,36,2,7,1,2,2,,player.fcgi?id=dyal--000rya,,,
Garrett Farquhar,23,2022,Auburn,SEC,39,83,72,17,17,4,0,2,12,0,0,7,8,0.236,0.337,0.375,0.712,27,2,4,0,0,0,,player.fcgi?id=farquh000gar,,,
Cole Foster#,20,2022,Auburn,SEC,53,216,172,40,46,11,0,9,47,2,2,29,46,0.267,0.395,0.488,0.884,84,3,10,1,4,0,,player.fcgi?id=foster002col,,,
Josh Hall*,22,2022,Auburn,SEC,18,31,26,5,7,1,0,0,2,1,0,5,10,0.269,0.387,0.308,0.695,8,0,0,0,0,0,,player.fcgi?id=hall--007jos,,,
Cam Hill*,20,2022,Auburn,SEC,40,123,108,16,30,7,0,1,19,0,1,13,34,0.278,0.358,0.37,0.728,40,1,1,0,1,1,,player.fcgi?id=hill--005cam,,,
Kason Howell#,23,2022,Auburn,SEC,65,299,251,50,72,19,2,2,35,11,2,28,52,0.287,0.385,0.402,0.788,101,1,14,3,3,0,,player.fcgi?id=howell000kas,,,
Mason Land*,22,2022,Auburn,SEC,28,53,45,4,11,1,0,0,3,0,0,4,9,0.244,0.32,0.267,0.587,12,0,1,3,0,0,,player.fcgi?id=land--000mas,,,
Nate LaRue,20,2022,Auburn,SEC,57,174,152,19,32,8,0,6,34,2,0,13,66,0.211,0.272,0.382,0.653,58,0,2,1,6,0,,player.fcgi?id=larue-000nat,,,
Brody Moore,21,2022,Auburn,SEC,64,287,254,46,74,12,1,5,38,6,2,24,35,0.291,0.351,0.406,0.756,103,2,2,2,5,0,,player.fcgi?id=moore-000bro,,,
Brody Moss*,20,2022,Auburn,SEC,6,4,3,0,1,0,0,0,1,0,0,0,1,0.333,0.25,0.333,0.583,1,0,0,0,1,0,,player.fcgi?id=moss--000bro,,,
Bobby Peirce,22,2022,Auburn,SEC,48,180,162,33,46,7,4,10,31,5,1,13,46,0.284,0.35,0.562,0.912,91,4,4,0,1,0,,player.fcgi?id=peirce000bob,,,
Blake Rambusch,22,2022,Auburn,SEC,65,316,266,55,87,13,1,4,37,16,5,28,36,0.327,0.415,0.429,0.844,114,3,15,3,4,1,,player.fcgi?id=rambus000bla,,,
Ben Schorr,20,2022,Auburn,SEC,2,1,1,0,0,0,0,0,0,0,0,0,0,0,0,0,0,0,0,0,0,0,0,,player.fcgi?id=schorr000ben,,,
Bryson Ware,21,2022,Auburn,SEC,49,110,94,23,22,8,2,1,21,4,0,13,37,0.234,0.336,0.394,0.73,37,1,2,0,1,0,,player.fcgi?id=ware--001bry,,,
Jake Wyandt,23,2022,Auburn,SEC,23,51,43,8,10,1,0,1,12,1,0,4,16,0.233,0.32,0.326,0.646,14,0,2,1,1,0,,player.fcgi?id=wyandt000jac,,,
Mike Bello*,21,2023,Auburn,SEC,16,35,32,4,5,0,0,0,3,0,0,2,9,0.156,0.2,0.156,0.356,5,0,0,0,1,0,,player.fcgi?id=bello-000mik,,,
Ryan Dyal*,22,2023,Auburn,SEC,12,32,27,4,6,0,0,0,3,0,0,3,6,0.222,0.344,0.222,0.566,6,0,2,0,0,0,,player.fcgi?id=dyal--000rya,,,
Cole Foster#,21,2023,Auburn,SEC,55,263,223,57,75,13,0,13,49,5,2,30,50,0.336,0.429,0.57,0.999,127,3,7,2,1,1,,player.fcgi?id=foster002col,,,
Caden Green,20,2023,Auburn,SEC,51,183,147,23,31,4,0,2,21,2,1,21,37,0.211,0.332,0.279,0.61,41,4,7,5,3,0,,player.fcgi?id=green-000cad,,,
Josh Hall*,23,2023,Auburn,SEC,22,19,16,6,4,0,0,0,4,1,0,3,7,0.25,0.368,0.25,0.618,4,0,0,0,0,0,,player.fcgi?id=hall--007jos,,,
Cam Hill*,21,2023,Auburn,SEC,10,19,15,1,3,0,0,0,2,0,0,4,5,0.2,0.368,0.2,0.568,3,2,0,0,0,0,,player.fcgi?id=hill--005cam,,,
Kason Howell#,24,2023,Auburn,SEC,57,254,214,38,59,23,3,4,39,6,0,27,44,0.276,0.377,0.467,0.844,100,3,9,2,2,0,,player.fcgi?id=howell000kas,,,
Ike Irish*,19,2023,Auburn,SEC,58,273,238,48,86,24,1,6,50,3,0,26,45,0.361,0.429,0.546,0.975,130,7,5,0,4,1,,player.fcgi?id=irish-000ike,,,
Justin Kirby,22,2023,Auburn,SEC,39,163,130,26,32,9,1,8,29,6,0,27,45,0.246,0.383,0.515,0.898,67,0,3,1,2,0,,player.fcgi?id=kirby-000jus,,,
Nate LaRue,21,2023,Auburn,SEC,48,164,141,17,25,2,0,5,15,4,2,18,58,0.177,0.282,0.298,0.58,42,1,3,1,1,0,,player.fcgi?id=larue-000nat,,,
Cooper McMurray*,21,2023,Auburn,SEC,43,187,136,37,37,6,0,14,49,1,0,45,51,0.272,0.46,0.625,1.085,85,1,4,0,2,0,,player.fcgi?id=mcmurr000coo,,,
Gavin Miller,19,2023,Auburn,SEC,14,29,22,3,6,2,0,0,2,0,0,4,8,0.273,0.448,0.364,0.812,8,0,3,0,0,0,,player.fcgi?id=miller000gav,,,
Brody Moss*,21,2023,Auburn,SEC,15,28,20,4,3,0,0,0,5,0,0,6,5,0.15,0.357,0.15,0.507,3,0,1,0,1,0,,player.fcgi?id=moss--000bro,,,
Bobby Peirce,23,2023,Auburn,SEC,46,207,181,43,62,10,2,5,26,4,1,15,37,0.343,0.411,0.503,0.913,91,1,8,0,3,0,,player.fcgi?id=peirce000bob,,,
Chris Stanfield,19,2023,Auburn,SEC,50,189,164,33,46,8,2,3,22,9,2,18,45,0.281,0.364,0.409,0.772,67,1,4,2,1,1,,player.fcgi?id=stanfi000chr,,,
Bryson Ware,22,2023,Auburn,SEC,58,270,223,66,78,11,1,24,63,6,2,30,46,0.35,0.438,0.731,1.169,163,6,9,3,5,5,,player.fcgi?id=ware--001bry,,,
Brody Wortham?,--,2023,Auburn,SEC,18,36,31,6,6,0,0,0,5,0,0,3,5,0.194,0.306,0.194,0.499,6,0,2,0,0,0,,player.fcgi?id=wortha000bro,,,
Carter Wright,20,2023,Auburn,SEC,20,39,31,3,7,0,0,0,7,0,0,5,5,0.226,0.359,0.226,0.585,7,2,2,0,1,0,,player.fcgi?id=wright005car,,,
Cade Belyeu*,19,2024,Auburn,SEC,38,122,95,28,27,5,2,8,20,4,1,12,32,0.284,0.426,0.632,1.058,60,0,13,0,2,0,,player.fcgi?id=belyeu000cad,,,
Cole Edwards,19,2024,Auburn,SEC,10,17,15,2,2,0,0,0,0,0,0,2,6,0.133,0.235,0.133,0.369,2,1,0,0,0,0,,player.fcgi?id=edward007col,,,
Deric Fabian,21,2024,Auburn,SEC,44,146,123,24,33,9,0,5,27,9,0,20,32,0.268,0.372,0.463,0.836,57,2,1,1,1,0,,player.fcgi?id=fabian001der,,,
Kaleb Freeman#,21,2024,Auburn,SEC,14,30,25,4,5,2,0,1,8,1,0,3,9,0.2,0.3,0.4,0.7,10,0,1,0,1,0,,player.fcgi?id=freema000kal,,,
Caden Green,21,2024,Auburn,SEC,33,95,84,16,26,5,1,3,18,2,0,6,13,0.31,0.372,0.5,0.872,42,1,3,1,1,0,,player.fcgi?id=green-000cad,,,
Eric Guevara,19,2024,Auburn,SEC,21,67,54,7,11,2,0,2,11,0,0,8,18,0.204,0.343,0.352,0.695,19,2,4,0,1,0,,player.fcgi?id=guevar000eri,,,
Christian Hall*,23,2024,Auburn,SEC,37,114,84,17,19,2,0,7,17,0,0,26,30,0.226,0.404,0.5,0.904,42,1,1,0,3,1,,player.fcgi?id=hall--012chr,,,
Javon Hernandez,23,2024,Auburn,SEC,36,96,82,13,14,2,1,0,5,8,1,10,12,0.171,0.266,0.22,0.486,18,4,1,2,1,0,,player.fcgi?id=hernan012jav,,,
Ike Irish*,20,2024,Auburn,SEC,47,217,185,47,59,11,2,14,59,5,1,23,29,0.319,0.403,0.627,1.03,116,1,5,1,3,1,,player.fcgi?id=irish-000ike,,,
Mason Maners*,23,2024,Auburn,SEC,46,180,142,40,42,9,3,7,17,7,0,24,37,0.296,0.426,0.549,0.975,78,4,9,4,1,0,,player.fcgi?id=maners000mas,,,
Ty Mauldin*,23,2024,Auburn,SEC,3,2,2,0,1,0,0,0,0,0,0,0,0,0.5,0.5,0.5,1,1,0,0,0,0,0,,player.fcgi?id=mauldi000tyl,,,
Cooper McMurray*,22,2024,Auburn,SEC,52,236,179,40,53,13,0,14,56,0,0,47,55,0.296,0.449,0.603,1.053,108,2,6,0,4,6,,player.fcgi?id=mcmurr000coo,,,
Gavin Miller,20,2024,Auburn,SEC,26,72,64,14,18,5,0,3,9,0,0,7,18,0.281,0.361,0.5,0.861,32,2,1,0,0,0,,player.fcgi?id=miller000gav,,,
Bobby Peirce,24,2024,Auburn,SEC,35,128,107,25,24,2,2,5,20,4,1,16,31,0.224,0.352,0.421,0.772,45,2,5,0,0,0,,player.fcgi?id=peirce000bob,,,
Sam Robertson,19,2024,Auburn,SEC,6,1,0,2,0,0,0,0,0,3,0,0,0,,1,,,0,0,1,0,0,0,,player.fcgi?id=robert007sam,,,
Chris Stanfield,20,2024,Auburn,SEC,52,220,185,35,51,8,1,4,25,9,2,24,38,0.276,0.365,0.395,0.76,73,3,5,1,5,0,,player.fcgi?id=stanfi000chr,,,
Cale Stricklin,20,2024,Auburn,SEC,14,44,33,8,9,1,0,0,5,0,0,8,5,0.273,0.455,0.303,0.758,10,0,3,0,0,0,,player.fcgi?id=strick000cal,,,
Cooper Weiss,23,2024,Auburn,SEC,52,242,189,41,55,11,1,8,37,27,8,34,48,0.291,0.403,0.487,0.89,92,1,5,9,5,0,,player.fcgi?id=weiss-000coo,,,
Carter Wright,21,2024,Auburn,SEC,28,95,85,15,29,7,0,0,13,3,1,8,14,0.341,0.4,0.424,0.824,36,0,1,0,1,0,,player.fcgi?id=wright005car,,,
Cade Belyeu*,20,2025,Auburn,SEC,41,170,126,34,35,4,1,5,20,12,3,20,32,0.278,0.45,0.444,0.894,56,1,21,1,2,1,,player.fcgi?id=belyeu000cad,,,
Bristol Carter,21,2025,Auburn,SEC,50,170,140,24,34,7,0,2,13,14,4,15,25,0.243,0.331,0.336,0.667,47,4,5,7,3,1,,player.fcgi?id=carter002bri,,,
Andrew Dutton*,23,2025,Auburn,SEC,1,1,1,1,1,0,0,1,1,0,0,0,0,1,1,4,5,4,0,0,0,0,0,,player.fcgi?id=dutton000and,,,
Cole Edwards,20,2025,Auburn,SEC,19,14,13,6,2,0,0,1,1,0,1,0,7,0.154,0.214,0.385,0.599,5,1,1,0,0,0,,player.fcgi?id=edward007col,,,
Deric Fabian,22,2025,Auburn,SEC,59,236,197,39,46,8,1,5,33,9,1,28,54,0.234,0.339,0.36,0.7,71,5,5,3,3,0,,player.fcgi?id=fabian001der,,,
Chase Fralick*,19,2025,Auburn,SEC,59,250,212,36,71,17,0,4,41,0,0,29,41,0.335,0.426,0.472,0.897,100,7,6,1,2,1,,player.fcgi?id=fralic000cha,,,
Eric Guevara,20,2025,Auburn,SEC,36,141,124,28,41,11,1,5,29,2,2,11,29,0.331,0.389,0.557,0.945,69,2,2,2,2,0,,player.fcgi?id=guevar000eri,,,
Ike Irish*,21,2025,Auburn,SEC,55,258,214,65,78,13,2,19,58,11,1,33,37,0.365,0.469,0.71,1.179,152,5,10,0,1,3,,player.fcgi?id=irish-000ike,,,
Jett Johnston,20,2025,Auburn,SEC,13,4,3,1,0,0,0,0,0,0,0,1,3,0,0.25,0,0.25,0,0,0,0,0,0,,player.fcgi?id=johnst000jet,,,
Addison Klepsch,19,2025,Auburn,SEC,10,12,12,2,1,0,0,0,0,0,0,0,1,0.083,0.083,0.083,0.167,1,0,0,0,0,0,,player.fcgi?id=klepsc000add,,,
Cooper McMurray*,23,2025,Auburn,SEC,61,281,233,50,76,19,0,14,59,0,0,39,66,0.326,0.431,0.588,1.019,137,3,6,0,3,0,,player.fcgi?id=mcmurr000coo,,,
Chris Rembert,19,2025,Auburn,SEC,57,260,209,49,72,14,0,10,46,6,4,37,36,0.345,0.467,0.555,1.022,116,1,12,1,1,1,,player.fcgi?id=rember000chr,,,
Eric Snow,21,2025,Auburn,SEC,57,253,215,54,66,14,1,8,34,4,1,25,26,0.307,0.403,0.493,0.896,106,6,11,0,2,0,,player.fcgi?id=snow--000eri,,,
Lucas Steele#,21,2025,Auburn,SEC,46,202,159,28,43,8,0,9,45,2,0,30,36,0.27,0.411,0.491,0.902,78,4,10,0,3,0,,player.fcgi?id=steele000luc,,,
Cale Stricklin,21,2025,Auburn,SEC,6,6,4,0,0,0,0,0,0,0,0,1,0,0,0.333,0,0.333,0,0,1,0,0,0,,player.fcgi?id=strick000cal,,,
Bub Terrell*,19,2025,Auburn,SEC,57,231,203,38,61,17,0,5,41,4,2,20,46,0.301,0.372,0.458,0.83,93,2,5,0,3,0,,player.fcgi?id=terrel000dma,,,
Cade Belyeu*,21,2026,Auburn,SEC,40,123,100,20,24,4,0,4,17,2,1,8,31,0.24,0.355,0.4,0.755,40,3,11,2,2,1,,player.fcgi?id=belyeu000cad,,,
Taylor Belza*,19,2026,Auburn,SEC,15,41,33,10,7,0,0,2,5,0,0,4,15,0.212,0.342,0.394,0.735,13,0,3,0,1,0,,player.fcgi?id=belza-000tay,,,
Ethin Bingaman,19,2026,Auburn,SEC,61,248,215,60,71,9,0,15,50,4,2,28,38,0.33,0.415,0.581,0.997,125,2,4,0,1,0,,player.fcgi?id=bingam000eth,,,
Bristol Carter,22,2026,Auburn,SEC,49,196,151,50,45,7,0,2,25,31,1,29,24,0.298,0.428,0.384,0.812,58,2,6,9,1,0,,player.fcgi?id=carter002bri,,,
Todd Clay,22,2026,Auburn,SEC,20,51,45,2,6,1,0,0,4,1,0,5,11,0.133,0.235,0.156,0.391,7,1,1,0,0,1,,player.fcgi?id=clay--000tod,,,
Caiden Combs,20,2026,Auburn,SEC,11,16,15,0,1,0,0,0,2,0,0,1,5,0.067,0.125,0.067,0.192,1,1,0,0,0,0,,player.fcgi?id=combs-000cai,,,
Ryne Farber#,21,2026,Auburn,SEC,9,17,13,3,2,1,0,0,2,0,0,3,3,0.154,0.294,0.231,0.525,3,1,0,0,1,0,,player.fcgi?id=farber000ryn,,,
Chase Fralick*,20,2026,Auburn,SEC,63,289,239,52,75,18,1,20,61,1,0,34,48,0.314,0.42,0.649,1.069,155,3,12,1,3,4,,player.fcgi?id=fralic000cha,,,
Logan Gregorio*,21,2026,Auburn,SEC,25,62,55,5,12,0,0,2,13,0,0,2,12,0.218,0.274,0.327,0.602,18,1,3,0,2,0,,player.fcgi?id=gregor000log,,,
Eric Guevara,21,2026,Auburn,SEC,62,284,242,50,78,12,0,13,55,4,1,23,51,0.322,0.399,0.533,0.932,129,3,12,1,6,0,,player.fcgi?id=guevar000eri,,,
Eddie Madrigal*,23,2026,Auburn,SEC,26,89,78,8,19,3,0,1,6,1,1,9,16,0.244,0.33,0.321,0.65,25,1,1,1,0,0,,player.fcgi?id=madrig000edd,,,
Brandon McCraine,21,2026,Auburn,SEC,63,252,212,38,68,11,1,1,29,18,4,30,44,0.321,0.41,0.396,0.807,84,4,5,1,4,1,,player.fcgi?id=mccrai000bra,,,
Mason McCraine*,19,2026,Auburn,SEC,51,216,178,45,57,14,2,8,42,5,3,30,46,0.32,0.426,0.556,0.982,99,2,5,0,3,0,,player.fcgi?id=mccrai000mas,,,
Chris Rembert,20,2026,Auburn,SEC,58,265,233,37,80,13,1,4,46,12,6,19,39,0.343,0.399,0.459,0.858,107,4,6,2,5,1,,player.fcgi?id=rember000chr,,,
Lucas Steele#,22,2026,Auburn,SEC,34,108,79,14,14,2,0,2,10,0,0,22,23,0.177,0.377,0.279,0.656,22,3,4,2,1,0,,player.fcgi?id=steele000luc,,,
Bub Terrell*,20,2026,Auburn,SEC,62,271,238,46,69,13,0,16,46,4,2,27,83,0.29,0.373,0.546,0.919,130,3,5,0,1,1,,player.fcgi?id=terrel000dma,,,
Ty Thompson,20,2026,Auburn,SEC,12,1,1,4,0,0,0,0,0,0,0,0,1,0,0,0,0,0,0,0,0,0,0,,player.fcgi?id=thomps001ty-,,,
Tanner Waldrop*,21,2026,Auburn,SEC,2,1,1,0,0,0,0,0,0,0,0,0,0,0,0,0,0,0,0,0,0,0,0,,player.fcgi?id=waldro000tan,,,
Blake Bevis,22,2026,Mississippi State,SEC,31,99,78,30,27,5,0,5,23,1,0,15,17,0.346,0.465,0.603,1.067,47,1,4,0,2,0,,player.fcgi?id=bevis-000bla,,,
Bryce Chance,23,2026,Mississippi State,SEC,62,251,209,49,73,19,0,2,35,13,4,26,18,0.349,0.437,0.469,0.906,98,5,8,6,2,1,,player.fcgi?id=chance000bry,,,
Gehrig Frei#,23,2026,Mississippi State,SEC,59,259,234,49,76,12,2,12,47,6,3,19,47,0.325,0.388,0.547,0.935,128,5,5,1,0,0,,player.fcgi?id=frei--000geh,,,
Chone James,20,2026,Mississippi State,SEC,26,61,55,15,17,2,1,1,14,3,0,3,11,0.309,0.35,0.436,0.786,24,1,1,1,1,0,,player.fcgi?id=james-000cho,,,
Peter Mershon,20,2026,Mississippi State,SEC,10,15,10,3,3,0,0,0,6,1,0,2,3,0.3,0.4,0.3,0.7,3,1,1,0,2,0,,player.fcgi?id=mersho000pet,,,
Kevin Milewski,21,2026,Mississippi State,SEC,43,154,126,34,30,5,0,13,31,1,0,19,39,0.238,0.36,0.587,0.947,74,3,6,1,2,0,,player.fcgi?id=milews000kev,,,
James Nunnallee*,20,2026,Mississippi State,SEC,29,64,54,11,13,4,0,1,5,2,1,7,9,0.241,0.359,0.37,0.73,20,1,3,0,0,0,,player.fcgi?id=nunnal000jam,,,
Jackson Owen,23,2026,Mississippi State,SEC,6,9,5,3,0,0,0,0,0,0,1,3,2,0,0.444,0,0.444,0,0,1,0,0,0,,player.fcgi?id=owen--002jac,,,
Jacob Parker*,19,2026,Mississippi State,SEC,53,205,168,51,57,10,1,18,62,7,3,30,43,0.339,0.449,0.732,1.181,123,5,5,0,2,1,,player.fcgi?id=parker007jac,,,
Andrew Raymond*,20,2026,Mississippi State,SEC,22,54,46,7,16,3,0,2,9,0,0,7,11,0.348,0.444,0.544,0.988,25,0,1,0,0,0,,player.fcgi?id=raymon000and,,,
Ace Reese*,21,2026,Mississippi State,SEC,62,292,247,73,83,23,0,24,74,1,0,41,63,0.336,0.432,0.721,1.152,178,2,2,0,2,5,,player.fcgi?id=reese-000ace,,,
Gatlin Sanders*,22,2026,Mississippi State,SEC,22,17,13,8,0,0,0,0,0,1,0,4,4,0,0.235,0,0.235,0,0,0,0,0,0,,player.fcgi?id=sander000gat,,,
Reed Stallman*,23,2026,Mississippi State,SEC,57,205,173,34,55,12,1,13,55,3,1,23,51,0.318,0.41,0.624,1.034,108,2,6,0,3,0,,player.fcgi?id=stallm000ree,,,
Noah Sullivan,23,2026,Mississippi State,SEC,57,266,219,58,75,14,0,13,46,10,2,35,62,0.343,0.451,0.585,1.036,128,2,10,0,2,0,,player.fcgi?id=sulliv000noa,,,
Aidan Teel*,21,2026,Mississippi State,SEC,45,168,136,38,40,6,0,5,22,6,5,20,38,0.294,0.416,0.449,0.864,61,1,9,2,1,0,,player.fcgi?id=teel--000aid,,,
Vytas Valincius,23,2026,Mississippi State,SEC,38,132,113,27,42,4,1,7,30,1,0,13,26,0.372,0.45,0.611,1.061,69,3,4,1,1,0,,player.fcgi?id=valinc000vyt,,,
Ryder Woodson,20,2026,Mississippi State,SEC,58,234,202,38,55,15,0,9,41,0,2,23,65,0.272,0.352,0.48,0.832,97,2,3,4,2,0,,player.fcgi?id=woodso000ryd,,,
Drew Wyers,23,2026,Mississippi State,SEC,33,78,60,18,20,2,0,4,16,1,0,10,9,0.333,0.453,0.567,1.02,34,2,4,3,1,0,,player.fcgi?id=wyers-000dre,,,
Lukas Buckner*,19,2025,Mississippi State,SEC,22,41,38,3,11,0,0,0,2,0,0,3,8,0.29,0.342,0.29,0.631,11,2,0,0,0,0,,player.fcgi?id=buckne000luk,,,
Bryce Chance,22,2025,Mississippi State,SEC,58,242,208,49,69,14,1,4,43,10,1,23,39,0.332,0.399,0.466,0.866,97,3,3,4,4,0,,player.fcgi?id=chance000bry,,,
Nate Chester,23,2025,Mississippi State,SEC,6,7,2,2,0,0,0,0,0,0,0,3,2,0,0.714,0,0.714,0,0,2,0,0,0,,player.fcgi?id=cheste000nat,,,
Dylan Cupp,20,2025,Mississippi State,SEC,33,116,85,16,24,9,0,1,15,1,0,21,22,0.282,0.451,0.424,0.875,36,2,6,3,1,0,,player.fcgi?id=cupp--000dyl,,,
Landis Davila*,19,2025,Mississippi State,SEC,6,7,6,1,1,0,0,0,1,0,0,0,3,0.167,0.286,0.167,0.452,1,0,1,0,0,0,,player.fcgi?id=davila000lan,,,
Aaron Downs,23,2025,Mississippi State,SEC,31,87,71,22,18,3,0,7,20,4,0,9,15,0.254,0.379,0.592,0.971,42,3,6,0,1,0,,player.fcgi?id=downs-000aar,,,
Gehrig Frei#,22,2025,Mississippi State,SEC,50,161,145,33,50,11,0,8,17,2,1,8,21,0.345,0.404,0.586,0.99,85,4,7,0,1,0,,player.fcgi?id=frei--000geh,,,
Ross Highfill,21,2025,Mississippi State,SEC,45,150,124,27,27,4,1,3,20,12,2,11,44,0.218,0.345,0.339,0.683,42,2,13,2,0,0,,player.fcgi?id=highfi000ros,,,
Hunter Hines*,22,2025,Mississippi State,SEC,57,250,211,49,59,15,0,16,52,0,0,33,60,0.28,0.38,0.578,0.958,122,5,3,0,3,1,,player.fcgi?id=hines-002hun,,,
Michael O'Brien*,21,2025,Mississippi State,SEC,37,25,21,7,4,1,1,0,2,1,0,4,6,0.191,0.32,0.333,0.653,7,1,0,0,0,0,,player.fcgi?id=obrien015mic,,,
Jackson Owen,22,2025,Mississippi State,SEC,6,6,5,0,0,0,0,0,0,0,0,1,3,0,0.167,0,0.167,0,0,0,0,0,0,,player.fcgi?id=owen--002jac,,,
Joe Powell,24,2025,Mississippi State,SEC,35,124,106,21,30,6,0,9,38,0,0,13,37,0.283,0.374,0.594,0.968,63,0,3,1,1,0,,player.fcgi?id=powell002joe,,,
Ethan Pulliam,20,2025,Mississippi State,SEC,7,9,6,1,2,0,1,0,0,0,0,1,1,0.333,0.556,0.667,1.222,4,0,2,0,0,0,,player.fcgi?id=pullia000eth,,,
Ace Reese*,20,2025,Mississippi State,SEC,57,263,227,58,80,18,1,21,66,1,0,26,52,0.352,0.422,0.718,1.14,163,4,5,0,5,0,,player.fcgi?id=reese-000ace,,,
Sawyer Reeves,23,2025,Mississippi State,SEC,46,168,144,33,42,9,0,3,20,6,2,15,30,0.292,0.366,0.417,0.783,60,0,3,4,2,0,,player.fcgi?id=reeves000saw,,,
Gatlin Sanders*,21,2025,Mississippi State,SEC,47,163,139,26,44,5,0,0,23,2,0,12,39,0.317,0.401,0.353,0.754,49,4,9,1,2,0,,player.fcgi?id=sander000gat,,,
Steven Spalitta*,20,2025,Mississippi State,SEC,12,16,15,4,6,0,1,1,6,0,0,1,3,0.4,0.438,0.733,1.171,11,0,0,0,0,0,,player.fcgi?id=spalit000ste,,,
Reed Stallman*,22,2025,Mississippi State,SEC,44,141,117,22,31,8,0,11,34,0,1,15,42,0.265,0.376,0.615,0.991,72,0,7,0,2,1,,player.fcgi?id=stallm000ree,,,
Nolan Stevens*,20,2025,Mississippi State,SEC,37,116,100,19,32,6,0,4,21,2,1,13,25,0.32,0.414,0.5,0.914,50,2,3,0,0,0,,player.fcgi?id=steven001nol,,,
Noah Sullivan,22,2025,Mississippi State,SEC,59,255,203,63,70,16,0,15,46,1,0,35,42,0.345,0.475,0.645,1.12,131,6,16,0,1,0,,player.fcgi?id=sulliv000noa,,,
Bryce Chance,21,2024,Mississippi State,SEC,61,254,217,36,62,11,1,6,36,8,4,26,18,0.286,0.37,0.429,0.799,93,5,6,0,5,0,,player.fcgi?id=chance000bry,,,
Nate Chester,22,2024,Mississippi State,SEC,28,45,34,7,7,2,0,0,3,0,0,10,7,0.206,0.386,0.265,0.651,9,1,0,1,0,0,,player.fcgi?id=cheste000nat,,,
Dylan Cupp,19,2024,Mississippi State,SEC,22,84,66,13,17,4,0,0,13,4,0,11,14,0.258,0.367,0.318,0.685,21,1,1,5,1,0,,player.fcgi?id=cupp--000dyl,,,
Luke Dotson*,20,2024,Mississippi State,SEC,12,1,1,0,0,0,0,0,0,0,0,0,1,0,0,0,0,0,0,0,0,0,0,,player.fcgi?id=dotson000luk,,,
Aaron Downs,22,2024,Mississippi State,SEC,30,111,95,16,29,4,0,0,9,0,0,13,31,0.305,0.395,0.347,0.742,33,3,1,2,0,0,,player.fcgi?id=downs-000aar,,,
Ross Highfill,20,2024,Mississippi State,SEC,4,14,10,1,1,0,0,0,2,0,0,1,4,0.1,0.214,0.1,0.314,1,0,1,0,2,0,,player.fcgi?id=highfi000ros,,,
Hunter Hines*,21,2024,Mississippi State,SEC,63,286,249,41,64,9,0,16,56,0,0,33,74,0.257,0.346,0.486,0.832,121,4,2,0,2,6,,player.fcgi?id=hines-002hun,,,
Connor Hujsak,22,2024,Mississippi State,SEC,56,232,200,52,65,13,3,9,49,8,1,16,32,0.325,0.413,0.555,0.968,111,5,14,2,0,2,,player.fcgi?id=hujsak000con,,,
Dakota Jordan,21,2024,Mississippi State,SEC,63,290,240,57,85,14,1,20,72,3,2,44,84,0.354,0.459,0.671,1.129,161,1,4,0,2,11,,player.fcgi?id=jordan000dak,,,
Logan Kohler*,24,2024,Mississippi State,SEC,57,230,193,34,47,10,0,6,32,2,1,26,65,0.244,0.351,0.389,0.74,75,0,7,2,2,0,,player.fcgi?id=kohler000log,,,
Amani Larry,23,2024,Mississippi State,SEC,63,295,230,53,58,13,0,8,33,11,4,37,41,0.252,0.395,0.413,0.808,95,5,19,6,3,0,,player.fcgi?id=larry-000ama,,,
Johnny Long,23,2024,Mississippi State,SEC,43,153,117,21,22,0,0,1,12,2,0,23,24,0.188,0.354,0.214,0.567,25,3,7,6,0,0,,player.fcgi?id=long--004joh,,,
Jackson McKenzie*,20,2024,Mississippi State,SEC,11,19,16,1,3,0,0,0,1,0,0,3,7,0.188,0.316,0.188,0.503,3,0,0,0,0,0,,player.fcgi?id=mckenz001jac,,,
David Mershon#,21,2024,Mississippi State,SEC,58,276,222,60,77,12,2,6,41,27,3,41,38,0.347,0.454,0.5,0.954,111,3,6,3,4,2,,player.fcgi?id=mersho000dav,,,
Michael O'Brien*,20,2024,Mississippi State,SEC,24,13,8,5,1,0,0,0,1,1,0,5,1,0.125,0.462,0.125,0.587,1,0,0,0,0,0,,player.fcgi?id=obrien015mic,,,
Joe Powell,23,2024,Mississippi State,SEC,34,109,93,17,25,3,0,5,18,0,0,11,20,0.269,0.343,0.462,0.805,43,3,1,1,3,0,,player.fcgi?id=powell002joe,,,
Ethan Pulliam,19,2024,Mississippi State,SEC,27,75,66,7,15,5,0,1,11,1,0,8,13,0.227,0.307,0.349,0.655,23,0,0,0,1,0,,player.fcgi?id=pullia000eth,,,
Steven Spalitta*,19,2024,Mississippi State,SEC,8,12,10,0,1,0,0,0,0,0,0,1,3,0.1,0.25,0.1,0.35,1,0,1,0,0,0,,player.fcgi?id=spalit000ste,,,
Khal Stephen,21,2024,Mississippi State,SEC,17,1,1,0,0,0,0,0,0,0,0,0,1,0,0,0,0,0,0,0,0,0,0,,player.fcgi?id=stephe000kha,,,
Nolan Stevens*,19,2024,Mississippi State,SEC,29,28,26,2,7,1,0,1,2,0,0,1,8,0.269,0.321,0.423,0.745,11,1,1,0,0,0,,player.fcgi?id=steven001nol,,,
Slate Alford,20,2023,Mississippi State,SEC,45,176,157,29,39,4,1,9,36,0,0,14,32,0.248,0.313,0.459,0.771,72,4,2,0,3,0,,player.fcgi?id=alford000sla,,,
Bryce Chance,20,2023,Mississippi State,SEC,36,125,100,24,33,4,0,2,22,5,0,20,15,0.33,0.444,0.43,0.874,43,3,2,1,2,0,,player.fcgi?id=chance000bry,,,
Nate Chester,21,2023,Mississippi State,SEC,15,23,19,2,4,1,0,0,2,0,0,2,4,0.211,0.348,0.263,0.611,5,0,2,0,0,0,,player.fcgi?id=cheste000nat,,,
Kellum Clark*,22,2023,Mississippi State,SEC,52,218,187,46,56,11,1,11,29,6,0,28,49,0.3,0.395,0.546,0.94,102,4,2,0,1,1,,player.fcgi?id=clark-002kel,,,
Aaron Downs,21,2023,Mississippi State,SEC,19,28,23,4,6,0,0,0,1,0,0,5,9,0.261,0.393,0.261,0.654,6,1,0,0,0,0,,player.fcgi?id=downs-000aar,,,
Lane Forsythe,21,2023,Mississippi State,SEC,38,139,109,20,27,6,0,2,14,4,1,26,23,0.248,0.397,0.358,0.755,39,3,1,3,0,0,,player.fcgi?id=forsyt000lan,,,
Luke Hancock*,24,2023,Mississippi State,SEC,52,226,171,38,49,14,0,5,35,0,0,42,19,0.287,0.438,0.456,0.894,78,5,8,0,5,0,,player.fcgi?id=hancoc000luk,,,
Ross Highfill,19,2023,Mississippi State,SEC,39,142,121,25,28,8,0,9,28,2,1,12,38,0.231,0.312,0.521,0.832,63,5,3,4,2,0,,player.fcgi?id=highfi000ros,,,
Hunter Hines*,20,2023,Mississippi State,SEC,52,232,202,44,60,12,0,22,61,0,0,23,64,0.297,0.375,0.683,1.058,138,3,4,0,3,3,,player.fcgi?id=hines-002hun,,,
Wil Hoyle#,24,2023,Mississippi State,SEC,10,15,14,2,5,2,0,0,3,0,0,1,4,0.357,0.4,0.5,0.9,7,0,0,0,0,0,,player.fcgi?id=hoyle-000wil,,,
Bryce Hubbard*,19,2023,Mississippi State,SEC,3,4,4,0,1,0,0,0,1,0,0,0,1,0.25,0.25,0.25,0.5,1,0,0,0,0,0,,player.fcgi?id=hubbar001bry,,,
Connor Hujsak,21,2023,Mississippi State,SEC,25,47,42,6,10,3,0,2,9,5,0,2,10,0.238,0.277,0.452,0.729,19,1,1,0,2,0,,player.fcgi?id=hujsak000con,,,
Dakota Jordan,20,2023,Mississippi State,SEC,44,184,153,29,47,9,1,10,40,4,2,25,46,0.307,0.397,0.575,0.972,88,2,1,0,5,0,,player.fcgi?id=jordan000dak,,,
Amani Larry,22,2023,Mississippi State,SEC,53,230,172,59,51,16,0,7,30,19,2,34,26,0.297,0.451,0.512,0.963,88,5,17,4,3,0,,player.fcgi?id=larry-000ama,,,
Colton Ledbetter*,21,2023,Mississippi State,SEC,53,248,197,52,63,12,1,12,52,17,1,47,36,0.32,0.452,0.574,1.025,113,3,2,0,2,0,,player.fcgi?id=ledbet001col,,,
David Mershon#,20,2023,Mississippi State,SEC,30,107,82,16,23,2,0,0,5,12,1,20,17,0.281,0.427,0.305,0.732,25,1,1,4,0,0,,player.fcgi?id=mersho000dav,,,
Von Seibert*,22,2023,Mississippi State,SEC,6,8,6,0,1,0,0,0,0,0,0,2,3,0.167,0.375,0.167,0.542,1,0,0,0,0,0,,player.fcgi?id=seiber000von,,,
Slate Alford,19,2022,Mississippi State,SEC,26,52,43,5,9,0,0,1,3,0,0,9,13,0.209,0.346,0.279,0.625,12,1,0,0,0,0,,player.fcgi?id=alford000sla,,,
Kellum Clark*,21,2022,Mississippi State,SEC,55,222,187,41,48,12,1,14,43,2,0,26,47,0.257,0.369,0.556,0.926,104,2,8,0,1,0,,player.fcgi?id=clark-002kel,,,
Matt Corder?,--,2022,Mississippi State,SEC,22,50,41,11,7,1,1,1,8,0,0,9,10,0.171,0.32,0.317,0.637,13,1,0,0,0,0,,player.fcgi?id=corder000mat,,,
Brad Cumbest,21,2022,Mississippi State,SEC,56,219,202,40,61,12,0,15,39,5,2,12,46,0.302,0.347,0.584,0.931,118,3,3,0,2,0,,player.fcgi?id=cumbes000bra,,,
Jess Davis*,23,2022,Mississippi State,SEC,35,104,84,13,20,6,0,1,12,3,3,11,27,0.238,0.369,0.345,0.714,29,0,7,1,1,0,,player.fcgi?id=davis-006jes,,,
Aaron Downs,20,2022,Mississippi State,SEC,18,40,34,5,7,3,0,0,2,0,0,4,15,0.206,0.308,0.294,0.602,10,0,1,1,0,0,,player.fcgi?id=downs-000aar,,,
Lane Forsythe,20,2022,Mississippi State,SEC,48,128,110,18,30,3,1,0,12,4,1,15,38,0.273,0.359,0.318,0.678,35,3,1,0,2,0,,player.fcgi?id=forsyt000lan,,,
Luke Hancock*,23,2022,Mississippi State,SEC,56,266,215,45,60,9,0,7,32,2,1,36,20,0.279,0.406,0.419,0.825,90,3,12,0,3,1,,player.fcgi?id=hancoc000luk,,,
Hunter Hines*,19,2022,Mississippi State,SEC,56,244,210,51,63,13,1,16,52,0,1,29,58,0.3,0.393,0.6,0.993,126,4,4,0,1,0,,player.fcgi?id=hines-002hun,,,
Kamren James,22,2022,Mississippi State,SEC,56,254,211,47,64,9,0,9,33,14,2,30,47,0.303,0.398,0.474,0.872,100,1,7,0,6,1,,player.fcgi?id=james-000kam,,,
Tanner Leggett,23,2022,Mississippi State,SEC,39,98,83,18,18,4,0,5,18,4,0,8,18,0.217,0.298,0.446,0.744,37,0,2,4,1,0,,player.fcgi?id=legget000tan,,,
Drew McGowan*,21,2022,Mississippi State,SEC,18,31,26,3,5,0,0,0,4,3,0,4,8,0.192,0.323,0.192,0.515,5,1,1,0,0,0,,player.fcgi?id=mcgowa000dre,,,
Davis Meche*,20,2022,Mississippi State,SEC,12,17,14,5,3,0,0,1,2,0,0,3,7,0.214,0.353,0.429,0.782,6,0,0,0,0,0,,player.fcgi?id=meche-000dav,,,
Von Seibert*,21,2022,Mississippi State,SEC,36,53,44,4,12,0,0,0,4,0,0,6,17,0.273,0.396,0.273,0.669,12,0,3,0,0,0,,player.fcgi?id=seiber000von,,,
Brayland Skinner*,22,2022,Mississippi State,SEC,34,34,33,8,9,2,0,0,2,4,0,1,10,0.273,0.294,0.333,0.627,11,0,0,0,0,0,,player.fcgi?id=skinne001bra,,,
Logan Tanner,21,2022,Mississippi State,SEC,55,248,207,36,59,8,0,7,38,0,0,32,45,0.285,0.387,0.425,0.812,88,5,5,0,4,2,,player.fcgi?id=tanner000log,,,
RJ Yeager,23,2022,Mississippi State,SEC,55,229,202,39,64,15,1,18,56,3,0,18,35,0.317,0.389,0.668,1.057,135,0,7,0,2,1,,player.fcgi?id=yeager000rj-,,,
Tanner Allen*,23,2021,Mississippi State,SEC,67,305,261,72,100,19,5,11,66,11,3,23,35,0.383,0.456,0.621,1.076,162,,16,0,5,3,,player.fcgi?id=allen-000tan,,,
Kellum Clark*,20,2021,Mississippi State,SEC,33,110,93,22,22,7,1,5,16,1,0,14,29,0.237,0.355,0.495,0.849,46,,3,0,0,1,,player.fcgi?id=clark-002kel,,,
Brad Cumbest,20,2021,Mississippi State,SEC,49,137,121,23,37,9,2,5,21,2,0,9,33,0.306,0.372,0.537,0.91,65,,5,0,2,0,,player.fcgi?id=cumbes000bra,,,
Scotty Dubrule*,23,2021,Mississippi State,SEC,67,267,223,42,62,6,0,0,31,6,5,38,29,0.278,0.384,0.305,0.689,68,,1,4,1,0,,player.fcgi?id=dubrul000sco,,,
Lane Forsythe,19,2021,Mississippi State,SEC,59,218,186,30,43,5,0,1,21,1,0,23,56,0.231,0.321,0.274,0.595,51,,3,3,3,0,,player.fcgi?id=forsyt000lan,,,
Kace Garner,21,2021,Mississippi State,SEC,11,16,13,4,2,1,0,0,3,0,0,3,3,0.154,0.313,0.231,0.543,3,,0,0,0,0,,player.fcgi?id=garner000kac,,,
Luke Hancock*,22,2021,Mississippi State,SEC,68,295,234,40,61,4,0,10,63,3,0,47,17,0.261,0.393,0.406,0.799,95,,8,0,6,1,,player.fcgi?id=hancoc000luk,,,
Josh Hatcher*,22,2021,Mississippi State,SEC,58,160,148,17,28,8,0,2,12,6,1,8,31,0.189,0.245,0.284,0.529,42,,3,1,0,1,,player.fcgi?id=hatche000jos,,,
Kamren James,21,2021,Mississippi State,SEC,67,294,251,50,66,12,0,12,61,20,3,31,60,0.263,0.354,0.454,0.808,114,,7,0,5,1,,player.fcgi?id=james-000kam,,,
Landon Jordan*,21,2021,Mississippi State,SEC,12,40,32,2,9,2,0,0,5,2,0,6,8,0.281,0.41,0.344,0.754,11,,1,1,0,0,,player.fcgi?id=jordan001lan,,,
Rowdey Jordan,22,2021,Mississippi State,SEC,68,319,269,74,87,22,4,10,45,9,1,29,43,0.323,0.417,0.547,0.963,147,,17,0,4,0,,player.fcgi?id=jordan000row,,,
Tanner Leggett,22,2021,Mississippi State,SEC,42,99,81,18,19,4,0,1,10,5,2,10,25,0.235,0.337,0.321,0.658,26,,3,4,1,0,,player.fcgi?id=legget000tan,,,
Kyte McDonald,20,2021,Mississippi State,SEC,12,19,18,5,7,4,0,1,6,0,0,1,2,0.389,0.421,0.778,1.199,14,,0,0,0,0,,player.fcgi?id=mcdona000kyt,,,
Drew McGowan*,20,2021,Mississippi State,SEC,24,44,33,6,7,2,0,0,7,2,1,8,3,0.212,0.364,0.273,0.636,9,,1,0,2,0,,player.fcgi?id=mcgowa000dre,,,
Davis Meche*,19,2021,Mississippi State,SEC,10,15,12,4,3,1,0,0,1,0,0,2,4,0.25,0.4,0.333,0.733,4,,1,0,0,0,,player.fcgi?id=meche-000dav,,,
Brandon Pimentel*,21,2021,Mississippi State,SEC,10,17,14,3,4,0,0,1,6,0,0,3,6,0.286,0.412,0.5,0.912,7,,0,0,0,0,,player.fcgi?id=piment000bra,,,
Brayland Skinner*,21,2021,Mississippi State,SEC,50,99,83,19,17,3,1,1,10,6,1,12,23,0.205,0.333,0.301,0.635,25,,4,0,0,0,,player.fcgi?id=skinne001bra,,,
Logan Tanner,20,2021,Mississippi State,SEC,67,285,244,45,70,13,0,15,53,0,1,39,48,0.287,0.383,0.525,0.907,128,,0,0,2,1,,player.fcgi?id=tanner000log,,,
Tanner Allen*,22,2020,Mississippi State,SEC,8,31,25,6,6,2,1,0,5,0,0,5,4,0.24,0.387,0.4,0.787,10,,1,0,0,0,,player.fcgi?id=allen-000tan,,,
Bryce Brock*,20,2020,Mississippi State,SEC,7,4,3,0,0,0,0,0,1,0,1,0,2,0,0,0,0,0,,0,1,0,0,,player.fcgi?id=brock-000bry,,,
Brad Cumbest,19,2020,Mississippi State,SEC,11,24,23,2,3,1,0,1,1,0,0,1,10,0.13,0.167,0.304,0.471,7,,0,0,0,0,,player.fcgi?id=cumbes000bra,,,
Justin Foscue,21,2020,Mississippi State,SEC,16,69,53,10,17,4,0,2,16,1,0,15,3,0.321,0.464,0.509,0.973,27,,0,0,1,1,,player.fcgi?id=foscue000jus,,,
Hunter French?,--,2020,Mississippi State,SEC,2,2,2,0,0,0,0,0,0,0,0,0,2,0,0,0,0,0,,0,0,0,0,,player.fcgi?id=french001hun,,,
Luke Hancock*,21,2020,Mississippi State,SEC,9,29,26,0,6,2,0,0,3,0,0,2,4,0.231,0.31,0.308,0.618,8,,1,0,0,0,,player.fcgi?id=hancoc000luk,,,
Josh Hatcher*,21,2020,Mississippi State,SEC,16,66,61,10,19,4,1,2,9,2,0,3,10,0.312,0.339,0.508,0.847,31,,0,1,1,0,,player.fcgi?id=hatche000jos,,,
Kamren James,20,2020,Mississippi State,SEC,15,56,52,3,16,3,0,1,12,1,0,3,10,0.308,0.339,0.423,0.762,22,,0,0,1,0,,player.fcgi?id=james-000kam,,,
Landon Jordan*,20,2020,Mississippi State,SEC,14,42,33,4,6,0,0,0,0,0,1,8,7,0.182,0.342,0.182,0.523,6,,0,1,0,0,,player.fcgi?id=jordan001lan,,,
Rowdey Jordan,21,2020,Mississippi State,SEC,16,76,65,17,20,2,0,0,6,3,1,10,14,0.308,0.395,0.339,0.733,22,,0,0,1,0,,player.fcgi?id=jordan000row,,,
Mason Land*,20,2020,Mississippi State,SEC,3,5,4,2,1,0,0,0,0,0,0,1,1,0.25,0.4,0.25,0.65,1,,0,0,0,0,,player.fcgi?id=land--000mas,,,
Tanner Leggett,21,2020,Mississippi State,SEC,10,20,17,3,2,0,0,0,0,0,1,2,8,0.118,0.25,0.118,0.368,2,,1,0,0,0,,player.fcgi?id=legget000tan,,,
Drew McGowan*,19,2020,Mississippi State,SEC,8,10,10,0,1,0,0,0,0,0,0,0,4,0.1,0.1,0.1,0.2,1,,0,0,0,0,,player.fcgi?id=mcgowa000dre,,,
Brandon Pimentel*,20,2020,Mississippi State,SEC,14,56,49,5,9,1,0,1,8,2,1,6,16,0.184,0.286,0.265,0.551,13,,1,0,0,0,,player.fcgi?id=piment000bra,,,
Logan Tanner,19,2020,Mississippi State,SEC,14,49,41,6,11,1,0,2,5,0,2,8,7,0.268,0.388,0.439,0.827,18,,0,0,0,0,,player.fcgi?id=tanner000log,,,
Jordan Westburg,21,2020,Mississippi State,SEC,16,74,60,17,19,6,0,2,11,2,0,6,15,0.317,0.432,0.517,0.949,31,,7,0,1,0,,player.fcgi?id=westbu000jor,,,
Tanner Allen*,21,2019,Mississippi State,SEC,67,320,275,56,96,23,1,7,66,1,1,34,37,0.349,0.426,0.516,0.943,142,,6,1,4,3,,player.fcgi?id=allen-000tan,,,
Benjamin Bell*,19,2019,Mississippi State,SEC,9,1,1,3,0,0,0,0,0,0,0,0,0,0,0,0,0,0,,0,0,0,0,,player.fcgi?id=bell--000ben,,,
Bryce Brock*,19,2019,Mississippi State,SEC,11,2,2,1,1,0,0,0,1,0,0,0,0,0.5,0.5,0.5,1,1,,0,0,0,0,,player.fcgi?id=brock-000bry,,,
Brad Cumbest,18,2019,Mississippi State,SEC,33,55,49,9,14,4,0,1,11,0,0,3,12,0.286,0.346,0.429,0.774,21,,2,0,1,0,,player.fcgi?id=cumbes000bra,,,
Justin Foscue,20,2019,Mississippi State,SEC,67,309,275,66,91,22,0,14,60,2,2,30,32,0.331,0.395,0.564,0.958,155,,1,0,3,3,,player.fcgi?id=foscue000jus,,,
Marshall Gilbert,22,2019,Mississippi State,SEC,55,166,134,25,42,6,0,6,18,0,0,23,33,0.313,0.432,0.493,0.925,66,,5,4,0,0,,player.fcgi?id=gilber002mar,,,
J.T. Ginn,20,2019,Mississippi State,SEC,20,3,3,0,0,0,0,0,0,0,0,0,1,0,0,0,0,0,,0,0,0,0,,player.fcgi?id=ginn--000jt-,,,
Gunner Halter,21,2019,Mississippi State,SEC,54,169,143,36,41,6,0,1,19,3,0,17,34,0.287,0.364,0.35,0.714,50,,1,7,1,0,,player.fcgi?id=halter000gun,,,
Luke Hancock*,20,2019,Mississippi State,SEC,25,59,43,9,14,4,0,0,14,0,0,11,10,0.326,0.483,0.419,0.901,18,,3,1,1,0,,player.fcgi?id=hancoc000luk,,,
Josh Hatcher*,20,2019,Mississippi State,SEC,45,116,106,15,34,6,2,3,21,3,1,9,26,0.321,0.379,0.5,0.879,53,,1,0,0,0,,player.fcgi?id=hatche000jos,,,
Hayden Jones*,19,2019,Mississippi State,SEC,27,52,49,5,11,4,0,1,5,1,1,2,8,0.225,0.269,0.367,0.637,18,,1,0,0,0,,player.fcgi?id=jones-002hay,,,
Landon Jordan*,19,2019,Mississippi State,SEC,35,68,61,17,20,3,0,1,11,4,0,6,9,0.328,0.397,0.426,0.823,26,,1,0,0,1,,player.fcgi?id=jordan001lan,,,
Rowdey Jordan,20,2019,Mississippi State,SEC,67,294,255,55,74,15,0,6,48,11,2,30,43,0.29,0.37,0.42,0.79,107,,4,2,3,3,,player.fcgi?id=jordan000row,,,
Elijah MacNamee,22,2019,Mississippi State,SEC,60,266,217,51,62,20,0,7,52,4,3,36,38,0.286,0.399,0.475,0.873,103,,8,0,5,1,,player.fcgi?id=macnam000eli,,,
Jake Mangum#,23,2019,Mississippi State,SEC,67,336,302,75,108,24,3,1,39,22,7,22,24,0.358,0.417,0.467,0.884,141,,10,0,2,8,,player.fcgi?id=mangum000jak,,,
Dustin Skelton,21,2019,Mississippi State,SEC,63,256,220,39,69,8,2,10,55,3,2,22,56,0.314,0.385,0.505,0.889,111,,6,4,4,1,,player.fcgi?id=skelto000dus,,,
Jordan Westburg,20,2019,Mississippi State,SEC,66,321,265,68,78,21,2,6,61,7,0,39,69,0.294,0.402,0.457,0.859,121,,12,0,5,0,,player.fcgi?id=westbu000jor,,,
Luke Alexander,21,2018,Mississippi State,SEC,68,313,267,37,59,10,0,6,49,1,0,30,47,0.221,0.309,0.326,0.635,87,,6,6,4,0,,player.fcgi?id=alexan000luk,,,
Tanner Allen*,20,2018,Mississippi State,SEC,68,308,275,42,79,18,5,5,45,0,2,27,62,0.287,0.353,0.444,0.797,122,,2,2,2,0,,player.fcgi?id=allen-000tan,,,
Jordan Anderson,19,2018,Mississippi State,SEC,21,20,16,11,5,0,0,0,3,0,0,2,2,0.313,0.4,0.313,0.713,5,,1,0,1,0,,player.fcgi?id=anders001jor,,,
Justin Foscue,19,2018,Mississippi State,SEC,58,216,187,24,45,12,0,3,20,0,2,22,22,0.241,0.332,0.353,0.685,66,,4,2,1,0,,player.fcgi?id=foscue000jus,,,
Marshall Gilbert,21,2018,Mississippi State,SEC,41,130,114,18,29,9,0,2,18,0,0,15,37,0.254,0.341,0.386,0.727,44,,0,1,0,0,,player.fcgi?id=gilber002mar,,,
Josh Hatcher*,19,2018,Mississippi State,SEC,48,204,174,25,45,4,0,3,16,4,1,20,47,0.259,0.345,0.333,0.678,58,,4,4,2,0,,player.fcgi?id=hatche000jos,,,
Rowdey Jordan,19,2018,Mississippi State,SEC,57,226,193,39,62,15,1,7,37,2,0,21,40,0.321,0.39,0.518,0.908,100,,4,3,5,1,,player.fcgi?id=jordan000row,,,
Elijah MacNamee,21,2018,Mississippi State,SEC,53,214,188,40,58,11,0,8,42,1,1,13,49,0.309,0.377,0.495,0.872,93,,9,2,2,0,,player.fcgi?id=macnam000eli,,,
Jake Mangum#,22,2018,Mississippi State,SEC,68,332,288,63,101,22,3,3,33,14,3,30,29,0.351,0.434,0.479,0.913,138,,13,0,1,7,,player.fcgi?id=mangum000jak,,,
Alex Pener,--,2018,Mississippi State,SEC,6,12,7,1,0,0,0,0,0,0,0,4,4,0,0.417,0,0.417,0,,1,0,0,0,,player.fcgi?id=pener-000ale,,,
Tanner Poole,23,2018,Mississippi State,SEC,29,85,75,13,17,1,0,2,7,2,0,6,34,0.227,0.301,0.32,0.621,24,,2,2,0,0,,player.fcgi?id=poole-000tan,,,
Dustin Skelton,20,2018,Mississippi State,SEC,47,150,122,18,29,7,0,1,13,0,1,13,28,0.238,0.338,0.32,0.658,39,,6,8,1,0,,player.fcgi?id=skelto000dus,,,
Hunter Stovall,21,2018,Mississippi State,SEC,68,316,280,46,90,16,4,2,42,10,2,26,37,0.321,0.369,0.429,0.798,120,,0,2,8,1,,player.fcgi?id=stoval000hun,,,
Hunter Vansau*,22,2018,Mississippi State,SEC,35,119,110,13,21,5,1,1,12,0,0,8,30,0.191,0.252,0.282,0.534,31,,1,0,0,1,,player.fcgi?id=vansau000hun,,,
Jordan Westburg,19,2018,Mississippi State,SEC,42,139,121,18,30,11,0,2,30,0,0,10,35,0.248,0.319,0.388,0.707,47,,4,1,3,0,,player.fcgi?id=westbu000jor,,,
Luke Alexander,20,2017,Mississippi State,SEC,59,225,198,30,44,9,0,5,21,5,1,20,58,0.222,0.296,0.343,0.639,68,,1,5,1,0,,player.fcgi?id=alexan000luk,,,
Trysten Barlow*,20,2017,Mississippi State,SEC,29,3,2,0,1,0,0,0,0,0,0,1,1,0.5,0.667,0.5,1.167,1,,0,0,0,0,,player.fcgi?id=barlow000try,,,
Brant Blaylock,20,2017,Mississippi State,SEC,35,94,83,14,16,1,2,2,10,2,1,8,40,0.193,0.272,0.325,0.597,27,,1,2,0,1,,player.fcgi?id=blaylo000bra,,,
Harrison Bragg,21,2017,Mississippi State,SEC,30,66,62,10,18,3,0,3,10,0,0,3,25,0.29,0.333,0.484,0.817,30,,1,0,0,0,,player.fcgi?id=bragg-000har,,,
Cody Brown*,23,2017,Mississippi State,SEC,64,269,217,46,70,14,3,9,42,10,3,40,46,0.323,0.434,0.539,0.973,117,,4,6,2,2,,player.fcgi?id=brown-002cod,,,
Cole Gordon*,21,2017,Mississippi State,SEC,41,66,57,5,9,0,0,3,9,0,0,6,23,0.158,0.258,0.316,0.573,18,,2,0,1,0,,player.fcgi?id=gordon000col,,,
Ryan Gridley,22,2017,Mississippi State,SEC,67,309,269,50,88,15,1,6,39,7,10,21,39,0.327,0.393,0.457,0.85,123,,12,1,6,3,,player.fcgi?id=gridle000rya,,,
Trey Jolly,21,2017,Mississippi State,SEC,26,1,1,2,0,0,0,0,0,0,0,0,0,0,0,0,0,0,,0,0,0,0,,player.fcgi?id=jolly-000tre,,,
Josh Lovelady,23,2017,Mississippi State,SEC,53,194,163,21,35,7,1,1,21,0,0,13,38,0.215,0.305,0.288,0.593,47,,9,7,2,0,,player.fcgi?id=lovela000jos,,,
Elijah MacNamee,20,2017,Mississippi State,SEC,57,200,180,22,48,6,1,2,22,4,2,11,51,0.267,0.315,0.344,0.659,62,,3,3,3,0,,player.fcgi?id=macnam000eli,,,
Jake Mangum#,21,2017,Mississippi State,SEC,65,306,278,51,90,15,1,0,26,14,7,9,35,0.324,0.38,0.385,0.765,107,,17,1,1,1,,player.fcgi?id=mangum000jak,,,
Elih Marrero#,20,2017,Mississippi State,SEC,4,12,10,1,0,0,0,0,1,0,0,2,2,0,0.167,0,0.167,0,,0,0,0,0,,player.fcgi?id=marrer002eli,,,
Denver McQuary,19,2017,Mississippi State,SEC,25,1,1,0,0,0,0,0,0,0,0,0,1,0,0,0,0,0,,0,0,0,0,,player.fcgi?id=mcquar000den,,,
Konnor Pilkington*,19,2017,Mississippi State,SEC,18,1,1,0,0,0,0,0,0,0,0,0,1,0,0,0,0,0,,0,0,0,0,,player.fcgi?id=pilkin000kon,,,
Tanner Poole,22,2017,Mississippi State,SEC,57,188,165,20,37,3,1,3,14,11,5,10,56,0.224,0.29,0.309,0.599,51,,6,5,2,1,,player.fcgi?id=poole-000tan,,,
Spencer Price?,--,2017,Mississippi State,SEC,32,1,1,0,1,0,0,0,0,0,0,0,0,1,1,1,2,1,,0,0,0,0,,player.fcgi?id=price-000spe,,,
Brent Rooker,22,2017,Mississippi State,SEC,67,309,248,60,96,30,3,23,82,18,5,48,58,0.387,0.495,0.811,1.306,201,,9,0,4,16,,player.fcgi?id=rooker000bre,,,
Riley Self,19,2017,Mississippi State,SEC,31,1,0,0,0,0,0,0,0,0,0,0,0,,,,,0,,0,1,0,0,,player.fcgi?id=self--000ril,,,
Dustin Skelton,19,2017,Mississippi State,SEC,34,79,68,1,14,2,0,0,10,0,0,8,21,0.206,0.295,0.235,0.53,16,,1,1,1,0,,player.fcgi?id=skelto000dus,,,
Hunter Stovall,20,2017,Mississippi State,SEC,45,179,160,30,46,6,1,2,18,4,1,12,28,0.288,0.345,0.375,0.72,60,,3,2,2,0,,player.fcgi?id=stoval000hun,,,
Hunter Vansau*,21,2017,Mississippi State,SEC,44,139,118,10,35,5,1,0,14,0,3,11,38,0.297,0.377,0.356,0.733,42,,6,1,3,2,,player.fcgi?id=vansau000hun,,,
Luke Alexander,19,2016,Mississippi State,SEC,29,82,63,11,14,1,0,2,9,2,0,11,20,0.222,0.342,0.333,0.675,21,,1,6,1,0,,player.fcgi?id=alexan000luk,,,
Cody Brown*,22,2016,Mississippi State,SEC,43,105,83,19,20,3,2,2,13,3,0,16,20,0.241,0.388,0.398,0.786,33,,4,2,0,0,,player.fcgi?id=brown-002cod,,,
Gavin Collins,20,2016,Mississippi State,SEC,60,261,215,43,65,14,1,10,39,0,0,30,33,0.302,0.405,0.516,0.922,111,,10,2,4,0,,player.fcgi?id=collin000gav,,,
Cole Gordon*,20,2016,Mississippi State,SEC,21,21,18,3,6,3,1,0,3,0,0,0,7,0.333,0.429,0.611,1.04,11,,3,0,0,0,,player.fcgi?id=gordon000col,,,
Ryan Gridley,21,2016,Mississippi State,SEC,63,260,229,30,65,8,0,2,32,1,1,11,21,0.284,0.34,0.345,0.685,79,,11,4,5,1,,player.fcgi?id=gridle000rya,,,
John Holland*,23,2016,Mississippi State,SEC,52,133,118,21,27,4,1,0,12,2,3,4,25,0.229,0.276,0.28,0.555,33,,4,6,1,0,,player.fcgi?id=hollan005joh,,,
Reid Humphreys,21,2016,Mississippi State,SEC,60,225,187,32,58,15,2,5,44,0,1,24,51,0.31,0.396,0.492,0.888,92,,6,3,5,2,,player.fcgi?id=humphr000rei,,,
Jack Kruger,21,2016,Mississippi State,SEC,56,248,209,43,72,19,0,8,40,6,1,30,29,0.345,0.435,0.55,0.985,115,,5,2,2,2,,player.fcgi?id=kruger000jac,,,
Josh Lovelady,22,2016,Mississippi State,SEC,4,3,2,1,1,0,0,0,1,0,0,1,0,0.5,0.667,0.5,1.167,1,,0,0,0,0,,player.fcgi?id=lovela000jos,,,
Nathaniel Lowe*,20,2016,Mississippi State,SEC,63,284,247,44,86,20,0,5,49,2,1,32,31,0.348,0.423,0.49,0.912,121,,2,0,3,1,,player.fcgi?id=lowe--000nat,,,
Jake Mangum#,20,2016,Mississippi State,SEC,62,226,206,40,84,12,3,1,28,6,1,14,20,0.408,0.458,0.51,0.968,105,,5,1,0,3,,player.fcgi?id=mangum000jak,,,
Elih Marrero#,19,2016,Mississippi State,SEC,43,162,150,15,35,6,1,0,12,2,0,7,18,0.233,0.286,0.287,0.572,43,,4,1,0,0,,player.fcgi?id=marrer002eli,,,
Jacob Robson*,21,2016,Mississippi State,SEC,50,221,184,42,59,6,4,1,24,18,2,30,37,0.321,0.414,0.413,0.827,76,,0,6,1,0,,player.fcgi?id=robson000jac,,,
Brent Rooker,21,2016,Mississippi State,SEC,58,229,204,34,66,15,2,11,54,2,1,16,48,0.324,0.376,0.578,0.954,118,,4,0,5,1,,player.fcgi?id=rooker000bre,,,
Michael Smith?,--,2016,Mississippi State,SEC,39,17,14,11,3,1,0,0,2,1,1,1,7,0.214,0.353,0.286,0.639,4,,2,0,0,0,,player.fcgi?id=smith-026mic,,,
Hunter Stovall,19,2016,Mississippi State,SEC,35,98,87,16,21,5,0,0,14,6,0,8,11,0.241,0.313,0.299,0.611,26,,1,2,0,0,,player.fcgi?id=stoval000hun,,,
Matt Britton*,22,2015,Mississippi State,SEC,24,49,42,7,12,3,1,1,7,2,2,6,5,0.286,0.388,0.476,0.864,20,,1,0,0,0,,player.fcgi?id=britto000mat,,,
Cody Brown*,21,2015,Mississippi State,SEC,51,183,149,30,46,14,2,1,16,3,0,21,24,0.309,0.4,0.45,0.85,67,,3,8,2,0,,player.fcgi?id=brown-002cod,,,
Gavin Collins,19,2015,Mississippi State,SEC,35,145,127,15,29,3,0,2,16,1,1,15,20,0.228,0.313,0.299,0.612,38,,1,1,1,2,,player.fcgi?id=collin000gav,,,
Ryan Gridley,20,2015,Mississippi State,SEC,48,195,169,26,41,9,0,1,21,4,0,14,19,0.243,0.319,0.314,0.633,53,,6,4,2,0,,player.fcgi?id=gridle000rya,,,
Seth Heck,22,2015,Mississippi State,SEC,50,209,178,25,51,4,0,0,12,6,1,21,24,0.287,0.389,0.309,0.698,55,,9,1,0,1,,player.fcgi?id=heck--000set,,,
John Holland*,22,2015,Mississippi State,SEC,51,195,171,11,42,9,0,1,27,1,1,19,26,0.246,0.316,0.316,0.632,54,,0,2,3,0,,player.fcgi?id=hollan005joh,,,
Reid Humphreys,20,2015,Mississippi State,SEC,46,186,162,21,40,8,0,5,27,0,0,15,34,0.247,0.328,0.389,0.717,63,,5,3,1,0,,player.fcgi?id=humphr000rei,,,
Josh Lovelady,21,2015,Mississippi State,SEC,24,78,54,7,12,1,0,0,11,0,1,9,5,0.222,0.394,0.241,0.635,13,,7,7,1,0,,player.fcgi?id=lovela000jos,,,
Ross Mitchell?,--,2015,Mississippi State,SEC,24,1,1,0,1,0,0,0,1,0,0,0,0,1,1,1,2,1,,0,0,0,0,,player.fcgi?id=mitche000ros,,,
Wes Rea,--,2015,Mississippi State,SEC,50,208,157,27,45,9,1,6,38,0,0,40,34,0.287,0.454,0.471,0.925,74,,9,1,1,2,,player.fcgi?id=rea---000wes,,,
Luke Reynolds*,20,2015,Mississippi State,SEC,35,114,92,15,28,6,0,0,12,0,0,21,22,0.304,0.439,0.37,0.808,34,,1,0,0,1,,player.fcgi?id=reynol001luk,,,
Jacob Robson*,20,2015,Mississippi State,SEC,54,229,185,41,60,5,0,1,9,21,6,37,32,0.324,0.436,0.368,0.804,68,,2,2,3,2,,player.fcgi?id=robson000jac,,,
Brent Rooker,20,2015,Mississippi State,SEC,34,83,74,10,19,3,0,2,12,0,0,7,17,0.257,0.325,0.378,0.704,28,,1,0,1,0,,player.fcgi?id=rooker000bre,,,
Michael Smith?,--,2015,Mississippi State,SEC,27,29,24,6,5,1,1,0,4,2,0,3,7,0.208,0.286,0.333,0.619,8,,0,1,1,0,,player.fcgi?id=smith-026mic,,,
Matt Spruill,--,2015,Mississippi State,SEC,28,66,54,10,13,1,2,0,9,2,0,8,15,0.241,0.339,0.333,0.672,18,,0,4,0,0,,player.fcgi?id=spruil000mat,,,
Joey Swinarski,19,2015,Mississippi State,SEC,6,8,7,1,0,0,0,0,0,0,0,0,6,0,0.125,0,0.125,0,,1,0,0,0,,player.fcgi?id=swinar000joe,,,
Jake Vickerson?,--,2015,Mississippi State,SEC,51,163,140,29,42,8,1,1,17,5,3,12,17,0.3,0.373,0.393,0.766,55,,5,5,1,0,,player.fcgi?id=vicker000jak,,,
Trent Waddell?,--,2015,Mississippi State,SEC,21,9,8,1,0,0,0,0,0,0,0,1,3,0,0.111,0,0.111,0,,0,0,0,0,,player.fcgi?id=waddel000tre,,,
Cody Walker,22,2015,Mississippi State,SEC,16,34,27,3,7,3,0,1,5,0,0,4,5,0.259,0.375,0.482,0.857,13,,1,2,0,0,,player.fcgi?id=walker000cod,,,
Derrick Armstrong?,--,2014,Mississippi State,SEC,55,161,135,28,36,1,0,0,13,14,2,21,31,0.267,0.363,0.274,0.637,37,,1,1,3,0,,player.fcgi?id=armstr000der,,,
C.T. Bradford*,23,2014,Mississippi State,SEC,51,222,197,23,61,7,5,1,31,2,3,12,19,0.31,0.354,0.411,0.765,81,,3,7,3,1,,player.fcgi?id=bradfo002chr,,,
Matt Britton*,21,2014,Mississippi State,SEC,57,159,133,31,31,3,0,1,13,5,2,17,32,0.233,0.34,0.278,0.618,37,,5,3,1,1,,player.fcgi?id=britto000mat,,,
Cody Brown*,20,2014,Mississippi State,SEC,47,147,113,25,28,3,2,2,16,5,1,26,29,0.248,0.38,0.363,0.743,41,,0,5,3,1,,player.fcgi?id=brown-002cod,,,
Gavin Collins,18,2014,Mississippi State,SEC,48,162,138,12,42,8,0,1,19,0,2,10,18,0.304,0.355,0.384,0.739,53,,3,7,4,0,,player.fcgi?id=collin000gav,,,
Alex Detz?,--,2014,Mississippi State,SEC,61,263,220,26,52,5,0,3,40,5,3,36,38,0.236,0.341,0.3,0.641,66,,1,2,4,0,,player.fcgi?id=detz--000ale,,,
Daniel Garner,20,2014,Mississippi State,SEC,24,49,44,2,12,3,0,0,5,0,0,3,20,0.273,0.327,0.341,0.667,15,,1,0,1,0,,player.fcgi?id=garner000dan,,,
Kyle Hann,20,2014,Mississippi State,SEC,12,16,10,2,1,1,0,0,1,0,0,1,2,0.1,0.25,0.2,0.45,2,,1,4,0,0,,player.fcgi?id=hann--000kyl,,,
Seth Heck,21,2014,Mississippi State,SEC,57,253,204,30,61,8,0,0,26,5,1,26,23,0.299,0.407,0.338,0.745,69,,13,7,3,3,,player.fcgi?id=heck--000set,,,
DeMarcus Henderson,22,2014,Mississippi State,SEC,48,148,113,17,30,4,0,0,8,10,2,23,24,0.266,0.407,0.301,0.708,34,,4,8,0,1,,player.fcgi?id=hender001dem,,,
Reid Humphreys,19,2014,Mississippi State,SEC,28,66,58,8,14,1,0,1,8,0,0,8,16,0.241,0.333,0.31,0.644,18,,0,0,0,0,,player.fcgi?id=humphr000rei,,,
Brett Pirtle#,23,2014,Mississippi State,SEC,63,287,240,35,87,10,1,2,31,4,5,18,22,0.363,0.437,0.438,0.875,105,,17,8,4,1,,player.fcgi?id=pirtle000bre,,,
Zack Randolph?,--,2014,Mississippi State,SEC,28,78,68,9,17,0,0,0,10,2,1,5,7,0.25,0.299,0.25,0.549,17,,1,1,3,0,,player.fcgi?id=randol000zac,,,
Wes Rea,--,2014,Mississippi State,SEC,59,239,200,25,49,9,0,5,41,1,0,29,55,0.245,0.352,0.365,0.717,73,,6,0,4,2,,player.fcgi?id=rea---000wes,,,
Jacob Robson*,19,2014,Mississippi State,SEC,18,24,16,5,1,0,0,0,0,4,1,8,8,0.063,0.375,0.063,0.438,1,,0,0,0,0,,player.fcgi?id=robson000jac,,,
Jake Vickerson?,--,2014,Mississippi State,SEC,60,216,178,30,47,5,1,0,15,11,4,24,22,0.264,0.359,0.303,0.662,54,,4,7,3,2,,player.fcgi?id=vicker000jak,,,
Cody Walker,21,2014,Mississippi State,SEC,18,34,27,3,6,2,0,0,5,0,0,6,6,0.222,0.382,0.296,0.679,8,,1,0,0,0,,player.fcgi?id=walker000cod,,,
Nick Ammirati#,21,2013,Mississippi State,SEC,51,199,167,23,41,3,0,1,23,2,1,16,25,0.246,0.321,0.281,0.603,47,,4,9,3,0,,player.fcgi?id=ammira001nic,,,
Derrick Armstrong?,--,2013,Mississippi State,SEC,39,74,63,14,17,1,0,0,8,4,1,8,20,0.27,0.361,0.286,0.647,18,,1,2,0,0,,player.fcgi?id=armstr000der,,,
C.T. Bradford*,22,2013,Mississippi State,SEC,68,299,260,44,73,4,0,1,27,8,0,23,39,0.281,0.358,0.308,0.666,80,,9,6,1,0,,player.fcgi?id=bradfo002chr,,,
Matt Britton*,20,2013,Mississippi State,SEC,18,21,20,6,5,1,0,0,1,1,0,0,4,0.25,0.286,0.3,0.586,6,,1,0,0,0,,player.fcgi?id=britto000mat,,,
Alex Detz?,--,2013,Mississippi State,SEC,69,304,239,43,76,14,1,1,31,1,4,53,45,0.318,0.449,0.398,0.846,95,,7,1,4,1,,player.fcgi?id=detz--000ale,,,
Nick Flair,20,2013,Mississippi State,SEC,9,9,7,2,4,1,0,0,5,0,0,1,2,0.571,0.667,0.714,1.381,5,,1,0,0,0,,player.fcgi?id=flair-000nic,,,
Adam Frazier*,21,2013,Mississippi State,SEC,71,337,304,62,107,20,7,0,38,9,4,23,26,0.352,0.398,0.464,0.861,141,,2,5,3,0,,player.fcgi?id=frazie001ada,,,
Sam Frost?,--,2013,Mississippi State,SEC,51,119,96,20,29,3,1,0,10,7,0,13,19,0.302,0.395,0.354,0.749,34,,3,5,2,0,,player.fcgi?id=frost-000sam,,,
Tyler Fullerton?,--,2013,Mississippi State,SEC,13,21,19,6,5,0,0,0,4,1,0,1,7,0.263,0.333,0.263,0.597,5,,1,0,0,0,,player.fcgi?id=fuller000tyl,,,
Kyle Hann,19,2013,Mississippi State,SEC,26,37,32,7,7,0,0,0,1,0,0,3,9,0.219,0.324,0.219,0.543,7,,2,0,0,0,,player.fcgi?id=hann--000kyl,,,
DeMarcus Henderson,21,2013,Mississippi State,SEC,61,212,175,23,48,3,0,0,23,3,4,21,34,0.274,0.358,0.291,0.65,51,,3,11,2,0,,player.fcgi?id=hender001dem,,,
Jonathan Holder,20,2013,Mississippi State,SEC,34,1,1,0,0,0,0,0,0,0,0,0,0,0,0,0,0,0,,0,0,0,0,,player.fcgi?id=holder000jon,,,
Daryl Norris,22,2013,Mississippi State,SEC,33,79,64,9,14,3,0,0,8,0,0,9,18,0.219,0.333,0.266,0.599,17,,3,1,2,0,,player.fcgi?id=norris001dar,,,
Brett Pirtle#,22,2013,Mississippi State,SEC,68,274,229,40,71,9,2,2,33,8,0,20,27,0.31,0.408,0.393,0.801,90,,20,2,3,1,,player.fcgi?id=pirtle000bre,,,
Luis Pollorena*,22,2013,Mississippi State,SEC,35,4,3,0,0,0,0,0,0,0,0,1,1,0,0.25,0,0.25,0,,0,0,0,0,,player.fcgi?id=pollor000lui,,,
Trey Porter?,--,2013,Mississippi State,SEC,47,117,105,8,27,6,0,1,22,0,1,9,12,0.257,0.316,0.343,0.659,36,,1,0,2,0,,player.fcgi?id=porter000tre,,,
Wes Rea,--,2013,Mississippi State,SEC,57,236,196,30,57,12,0,7,40,0,0,24,48,0.291,0.384,0.459,0.843,90,,8,4,4,2,,player.fcgi?id=rea---000wes,,,
Hunter Renfroe,21,2013,Mississippi State,SEC,66,304,255,56,88,16,3,16,65,9,4,35,43,0.345,0.431,0.62,1.051,158,,8,0,6,13,,player.fcgi?id=renfro002dus,,,
Jacob Robson*,18,2013,Mississippi State,SEC,47,116,97,10,20,2,0,0,16,3,1,11,24,0.206,0.297,0.227,0.524,22,,2,5,1,0,,player.fcgi?id=robson000jac,,,
Mitch Slauter?,--,2013,Mississippi State,SEC,37,128,99,11,24,6,1,1,15,2,0,16,30,0.242,0.377,0.354,0.731,35,,6,6,1,1,,player.fcgi?id=slaute000mit,,,
Nick Ammirati#,20,2012,Mississippi State,SEC,13,14,13,0,3,0,0,0,2,0,1,0,4,0.231,0.286,0.231,0.517,3,,1,0,0,0,,player.fcgi?id=ammira001nic,,,
C.T. Bradford*,21,2012,Mississippi State,SEC,34,147,124,19,32,2,1,2,17,3,1,12,17,0.258,0.345,0.339,0.684,42,,5,5,1,2,,player.fcgi?id=bradfo002chr,,,
Matt Britton*,19,2012,Mississippi State,SEC,53,154,124,17,22,1,0,0,9,3,0,18,28,0.177,0.293,0.186,0.478,23,,3,7,2,1,,player.fcgi?id=britto000mat,,,
Brent Brownlee?,--,2012,Mississippi State,SEC,40,119,98,12,20,3,0,0,11,1,0,6,25,0.204,0.304,0.235,0.539,23,,9,4,2,0,,player.fcgi?id=brownl000bre,,,
Phillip Casey?,--,2012,Mississippi State,SEC,20,44,34,6,7,1,0,1,7,1,1,5,13,0.206,0.372,0.324,0.696,11,,4,1,0,0,,player.fcgi?id=casey-000phi,,,
Adam Frazier*,20,2012,Mississippi State,SEC,64,306,245,45,91,16,1,0,26,9,6,50,24,0.371,0.482,0.445,0.927,109,,4,5,2,4,,player.fcgi?id=frazie001ada,,,
Sam Frost?,--,2012,Mississippi State,SEC,56,173,140,18,30,8,0,0,20,8,3,16,34,0.214,0.319,0.271,0.591,38,,7,7,3,0,,player.fcgi?id=frost-000sam,,,
Tyler Fullerton?,--,2012,Mississippi State,SEC,35,111,93,12,20,5,0,0,7,1,1,9,17,0.215,0.318,0.269,0.587,25,,5,4,0,0,,player.fcgi?id=fuller000tyl,,,
Kendall Graveman,21,2012,Mississippi State,SEC,17,0,0,1,0,0,0,0,0,0,0,0,0,,,,,0,,0,0,0,0,,player.fcgi?id=gravem000ken,,,
DeMarcus Henderson,20,2012,Mississippi State,SEC,36,124,102,17,25,3,0,0,10,6,3,13,25,0.245,0.342,0.275,0.616,28,,3,4,2,0,,player.fcgi?id=hender001dem,,,
Brayden Jones?,--,2012,Mississippi State,SEC,15,28,23,3,4,1,0,0,2,1,0,2,5,0.174,0.296,0.217,0.514,5,,2,1,0,0,,player.fcgi?id=jones-008bra,,,
Daryl Norris,21,2012,Mississippi State,SEC,45,168,139,17,38,6,1,1,25,2,1,16,40,0.273,0.377,0.353,0.729,49,,7,6,0,3,,player.fcgi?id=norris001dar,,,
Luis Pollorena*,21,2012,Mississippi State,SEC,31,13,11,3,2,0,0,0,1,0,0,1,2,0.182,0.231,0.182,0.413,2,,0,0,1,0,,player.fcgi?id=pollor000lui,,,
Trey Porter?,--,2012,Mississippi State,SEC,60,253,205,26,53,9,0,5,24,1,2,29,27,0.259,0.388,0.376,0.764,77,,15,3,1,1,,player.fcgi?id=porter000tre,,,
Wes Rea,--,2012,Mississippi State,SEC,64,264,217,24,54,16,0,5,41,0,2,25,68,0.249,0.353,0.392,0.744,85,,12,6,4,1,,player.fcgi?id=rea---000wes,,,
Hunter Renfroe,20,2012,Mississippi State,SEC,61,264,230,24,58,16,0,4,25,7,1,21,51,0.252,0.328,0.374,0.702,86,,6,5,2,2,,player.fcgi?id=renfro002dus,,,
Mitch Slauter?,--,2012,Mississippi State,SEC,64,275,219,35,51,10,1,3,23,0,2,33,45,0.233,0.356,0.329,0.685,72,,11,8,4,0,,player.fcgi?id=slaute000mit,,,
Taylor Stark,20,2012,Mississippi State,SEC,25,57,49,8,12,0,1,0,4,2,1,5,11,0.245,0.339,0.286,0.625,14,,2,1,0,1,,player.fcgi?id=stark-001tay,,,
Brandon Woodruff*,19,2012,Mississippi State,SEC,25,22,19,0,2,0,0,0,1,0,1,0,7,0.105,0.227,0.105,0.333,2,,3,0,0,0,,player.fcgi?id=woodru000bra,,,
C.T. Bradford*,20,2011,Mississippi State,SEC,63,293,244,37,74,12,2,0,34,11,7,28,23,0.303,0.397,0.369,0.766,90,,12,6,3,,,player.fcgi?id=bradfo002chr,,,
Brent Brownlee?,--,2011,Mississippi State,SEC,46,169,140,18,39,4,3,1,24,5,2,10,27,0.279,0.366,0.371,0.737,52,,11,5,3,,,player.fcgi?id=brownl000bre,,,
Ryan Collins?,--,2011,Mississippi State,SEC,62,243,202,32,51,7,2,1,33,10,4,30,25,0.253,0.352,0.322,0.674,65,,2,7,2,,,player.fcgi?id=collin003rya,,,
Adam Frazier*,19,2011,Mississippi State,SEC,38,101,95,10,26,0,0,0,13,4,1,3,14,0.274,0.293,0.274,0.567,26,,0,2,1,,,player.fcgi?id=frazie001ada,,,
Cody Freeman?,--,2011,Mississippi State,SEC,58,248,213,32,60,11,0,2,28,3,2,24,46,0.282,0.361,0.362,0.722,77,,4,4,3,,,player.fcgi?id=freema001cod,,,
Sam Frost?,--,2011,Mississippi State,SEC,40,51,38,11,7,1,0,0,3,4,1,11,12,0.184,0.36,0.211,0.571,8,,0,1,1,,,player.fcgi?id=frost-000sam,,,
DeMarcus Henderson,19,2011,Mississippi State,SEC,10,12,12,3,2,0,0,0,2,0,0,0,3,0.167,0.167,0.167,0.333,2,,0,0,0,,,player.fcgi?id=hender001dem,,,
Trey Johnson?,--,2011,Mississippi State,SEC,35,77,69,11,16,6,0,0,9,1,0,2,19,0.232,0.303,0.319,0.621,22,,5,1,0,,,player.fcgi?id=johnso014tre,,,
Daryl Norris,20,2011,Mississippi State,SEC,44,118,94,19,26,5,1,0,20,1,0,19,22,0.277,0.407,0.351,0.758,33,,3,0,2,,,player.fcgi?id=norris001dar,,,
Jonathan Ogden,22,2011,Mississippi State,SEC,61,241,205,37,53,10,2,8,36,6,2,17,48,0.259,0.346,0.444,0.79,91,,12,4,3,,,player.fcgi?id=ogden-000jon,,,
Jarrod Parks,23,2011,Mississippi State,SEC,62,282,212,54,77,13,3,3,36,4,2,44,44,0.363,0.507,0.495,1.003,105,,20,4,2,,,player.fcgi?id=parks-000jar,,,
Luis Pollorena*,20,2011,Mississippi State,SEC,22,1,1,0,1,0,0,0,0,0,0,0,0,1,1,1,2,1,,0,0,0,,,player.fcgi?id=pollor000lui,,,
Hunter Renfroe,19,2011,Mississippi State,SEC,20,30,26,4,4,1,0,0,2,0,0,3,8,0.154,0.233,0.192,0.426,5,,0,0,1,,,player.fcgi?id=renfro002dus,,,
Jaron Shepherd*,22,2011,Mississippi State,SEC,55,206,166,31,48,9,0,4,29,12,3,24,36,0.289,0.396,0.416,0.812,69,,8,4,4,,,player.fcgi?id=shephe001jar,,,
Taylor Stark,19,2011,Mississippi State,SEC,32,43,33,9,6,1,1,1,5,0,0,4,10,0.182,0.342,0.364,0.705,12,,4,2,0,,,player.fcgi?id=stark-001tay,,,
Wes Thigpen,22,2011,Mississippi State,SEC,47,178,152,15,36,5,0,1,26,2,4,11,29,0.237,0.298,0.29,0.587,44,,3,10,2,,,player.fcgi?id=thigpe000wes,,,
Nick Vickerson,21,2011,Mississippi State,SEC,59,251,204,57,65,17,3,9,37,26,3,35,48,0.319,0.431,0.564,0.995,115,,6,5,1,,,player.fcgi?id=vicker000nic,,,
Josh Adams,22,2011,Florida,SEC,71,297,260,34,84,11,1,6,43,1,3,17,37,0.323,0.363,0.442,0.805,115,,2,13,5,,,player.fcgi?id=adams-007jos,,,
Cody Dent*,19,2011,Florida,SEC,48,105,82,11,17,1,1,0,7,1,1,17,20,0.207,0.343,0.244,0.587,20,,1,3,2,,,player.fcgi?id=dent--000cod,,,
Nolan Fontana*,20,2011,Florida,SEC,71,337,256,57,74,12,5,5,49,6,4,52,30,0.289,0.414,0.434,0.848,111,,9,11,9,,,player.fcgi?id=fontan001nol,,,
Brian Johnson*,20,2011,Florida,SEC,62,219,192,26,59,11,2,5,29,2,0,21,36,0.307,0.381,0.464,0.844,89,,3,1,2,,,player.fcgi?id=johnso006chr,,,
Keenan Kish*,19,2011,Florida,SEC,13,0,0,1,0,0,0,0,0,0,0,0,0,,,,,0,,0,0,0,,,player.fcgi?id=kish--001wil,,,
Austin Maddox,20,2011,Florida,SEC,64,261,239,30,67,3,0,6,35,1,0,14,33,0.28,0.327,0.368,0.695,88,,4,1,3,,,player.fcgi?id=maddox001aus,,,
Ben McMahan,21,2011,Florida,SEC,32,60,55,10,13,2,0,1,3,3,1,4,16,0.236,0.283,0.327,0.611,18,,0,0,1,,,player.fcgi?id=mcmaha001ben,,,
Jeff Moyer?,--,2011,Florida,SEC,35,70,61,8,15,4,0,2,11,0,3,4,13,0.246,0.313,0.41,0.723,25,,2,3,0,,,player.fcgi?id=moyer-000jef,,,
Tyler Palmer,19,2011,Florida,SEC,9,15,14,3,4,1,0,0,2,0,0,1,4,0.286,0.333,0.357,0.69,5,,0,0,0,,,player.fcgi?id=palmer000tel,,,
Daniel Pigott,21,2011,Florida,SEC,71,285,257,44,85,21,1,5,40,15,4,12,31,0.331,0.375,0.479,0.853,123,,6,10,0,,,player.fcgi?id=pigott000dan,,,
Zack Powers*,19,2011,Florida,SEC,35,75,64,8,16,4,1,0,7,0,2,5,19,0.25,0.314,0.344,0.658,22,,1,5,0,,,player.fcgi?id=powers001zac,,,
Vickash Ramjit,19,2011,Florida,SEC,41,82,76,17,29,5,0,1,7,2,1,5,14,0.382,0.427,0.487,0.914,37,,1,0,0,,,player.fcgi?id=ramjit000vic,,,
Bryson Smith,22,2011,Florida,SEC,51,212,174,40,57,14,0,2,22,6,6,17,27,0.328,0.433,0.443,0.875,77,,16,4,1,,,player.fcgi?id=smith-003bry,,,
Tyler Thompson*,21,2011,Florida,SEC,42,126,110,15,29,6,1,1,17,3,2,11,25,0.264,0.331,0.364,0.694,40,,0,5,0,,,player.fcgi?id=thomps002tyl,,,
Preston Tucker*,20,2011,Florida,SEC,72,324,286,55,88,23,0,15,74,5,3,28,29,0.308,0.381,0.546,0.926,156,,7,1,2,,,player.fcgi?id=tucker002pre,,,
Kamm Washington?,--,2011,Florida,SEC,32,82,67,15,19,2,1,1,8,3,0,8,21,0.284,0.377,0.388,0.765,26,,2,5,0,,,player.fcgi?id=washin000kam,,,
Paul Wilson?,--,2011,Florida,SEC,17,5,3,6,1,0,0,0,0,1,1,1,1,0.333,0.6,0.333,0.933,1,,1,0,0,,,player.fcgi?id=wilson006pau,,,
Mike Zunino,20,2011,Florida,SEC,72,303,264,75,98,23,0,19,67,7,2,32,52,0.371,0.442,0.674,1.116,178,,3,2,2,,,player.fcgi?id=zunino001mic,,,
Jonathon Crawford,20,2012,Florida,SEC,20,0,0,1,0,0,0,0,0,0,0,0,0,,,,,0,,0,0,0,0,,player.fcgi?id=crawfo001jon,,,
Cody Dent*,20,2012,Florida,SEC,56,102,82,9,11,0,0,0,4,1,1,7,22,0.134,0.217,0.134,0.352,11,,2,10,1,0,,player.fcgi?id=dent--000cod,,,
Nolan Fontana*,21,2012,Florida,SEC,66,307,243,59,69,10,1,9,30,13,1,48,27,0.284,0.406,0.444,0.85,108,,4,9,3,2,,player.fcgi?id=fontan001nol,,,
Taylor Gushue#,18,2012,Florida,SEC,52,170,141,21,29,8,1,5,21,1,2,23,33,0.206,0.329,0.383,0.712,54,,4,0,2,0,,player.fcgi?id=gushue000tay,,,
Brian Johnson*,21,2012,Florida,SEC,59,222,202,24,62,13,0,6,41,0,1,11,34,0.307,0.35,0.46,0.81,93,,4,2,3,1,,player.fcgi?id=johnso006chr,,,
Austin Maddox,21,2012,Florida,SEC,49,76,68,5,18,2,0,0,5,0,0,5,9,0.265,0.316,0.294,0.61,20,,1,0,2,0,,player.fcgi?id=maddox001aus,,,
Connor Mitchell?,--,2012,Florida,SEC,17,12,11,4,3,0,0,0,1,0,0,0,0,0.273,0.333,0.273,0.606,3,,1,0,0,0,,player.fcgi?id=mitche000con,,,
Jeff Moyer?,--,2012,Florida,SEC,23,31,26,4,3,1,0,0,2,1,0,5,7,0.115,0.258,0.154,0.412,4,,0,0,0,0,,player.fcgi?id=moyer-000jef,,,
Daniel Pigott,22,2012,Florida,SEC,67,299,255,49,81,13,2,8,41,12,5,23,31,0.318,0.386,0.478,0.864,122,,9,6,6,2,,player.fcgi?id=pigott000dan,,,
Vickash Ramjit,20,2012,Florida,SEC,57,145,128,21,35,6,0,5,20,3,2,10,21,0.273,0.329,0.438,0.766,56,,2,2,3,1,,player.fcgi?id=ramjit000vic,,,
Brandon Sedell,19,2012,Florida,SEC,3,4,4,2,2,0,1,1,2,0,0,0,1,0.5,0.5,1.75,2.25,7,,0,0,0,0,,player.fcgi?id=sedell000bra,,,
Justin Shafer,19,2012,Florida,SEC,55,188,162,11,46,8,0,0,27,3,3,13,26,0.284,0.33,0.333,0.663,54,,2,3,8,0,,player.fcgi?id=shafer000jus,,,
Tyler Thompson*,22,2012,Florida,SEC,16,54,47,12,15,0,0,2,9,4,3,3,9,0.319,0.365,0.447,0.812,21,,1,2,1,0,,player.fcgi?id=thomps002tyl,,,
Josh Tobias#,19,2012,Florida,SEC,51,156,135,26,34,5,2,0,10,3,2,7,26,0.252,0.32,0.319,0.639,43,,7,6,1,0,,player.fcgi?id=tobias000jos,,,
Preston Tucker*,21,2012,Florida,SEC,67,304,262,57,84,17,2,16,50,6,3,35,27,0.321,0.405,0.584,0.989,153,,4,0,3,5,,player.fcgi?id=tucker002pre,,,
Casey Turgeon*,19,2012,Florida,SEC,65,270,231,35,65,11,3,4,30,10,3,27,26,0.281,0.368,0.407,0.775,94,,6,4,2,0,,player.fcgi?id=turgeo000cas,,,
Mike Zunino,21,2012,Florida,SEC,66,292,245,53,79,28,0,19,67,9,1,31,47,0.322,0.394,0.669,1.063,164,,5,0,11,6,,player.fcgi?id=zunino001mic,,,
Harrison Bader,19,2013,Florida,SEC,59,247,221,37,69,7,2,1,22,15,6,18,23,0.312,0.371,0.376,0.747,83,,4,2,2,0,,player.fcgi?id=bader-000har,,,
Cody Dent*,21,2013,Florida,SEC,52,170,136,15,23,3,0,1,13,2,1,17,24,0.169,0.275,0.213,0.488,29,,4,10,3,0,,player.fcgi?id=dent--000cod,,,
Christian Dicks*,18,2013,Florida,SEC,31,42,39,7,6,1,0,1,6,1,0,2,6,0.154,0.191,0.256,0.447,10,,0,0,1,0,,player.fcgi?id=dicks-000chr,,,
Mike Fahrman?,--,2013,Florida,SEC,17,36,32,2,5,2,0,0,3,0,0,2,5,0.156,0.25,0.219,0.469,7,,2,0,0,0,,player.fcgi?id=fahrma000mik,,,
Taylor Gushue#,19,2013,Florida,SEC,59,250,216,27,58,13,2,5,33,3,3,22,41,0.269,0.349,0.417,0.766,90,,7,1,4,2,,player.fcgi?id=gushue000tay,,,
Todd Haskel?,--,2013,Florida,SEC,1,2,2,2,2,0,0,0,0,0,0,0,0,1,1,1,2,2,,0,0,0,0,,player.fcgi?id=haskel000tod,,,
Richie Martin,18,2013,Florida,SEC,44,193,170,24,51,5,1,0,18,7,3,15,25,0.3,0.367,0.341,0.708,58,,4,2,2,0,,player.fcgi?id=martin017ric,,,
Connor Mitchell?,--,2013,Florida,SEC,31,77,62,9,13,1,1,0,9,2,1,12,10,0.21,0.347,0.258,0.605,16,,1,2,0,0,,player.fcgi?id=mitche000con,,,
Zack Powers*,21,2013,Florida,SEC,51,203,164,25,44,6,0,3,27,5,2,24,35,0.268,0.387,0.36,0.747,59,,9,4,2,3,,player.fcgi?id=powers001zac,,,
Vickash Ramjit,21,2013,Florida,SEC,58,242,213,31,59,7,0,4,25,1,3,15,22,0.277,0.338,0.366,0.704,78,,7,2,5,1,,player.fcgi?id=ramjit000vic,,,
Cory Reid,20,2013,Florida,SEC,32,45,40,5,11,1,0,0,4,1,0,1,7,0.275,0.341,0.3,0.641,12,,3,1,0,0,,player.fcgi?id=reid--000cor,,,
Aaron Rhodes*,20,2013,Florida,SEC,14,0,0,1,0,0,0,0,0,0,0,0,0,,,,,0,,0,0,0,0,,player.fcgi?id=rhodes000aar,,,
Brady Roberson,--,2013,Florida,SEC,22,47,38,3,15,3,0,0,7,0,0,4,5,0.395,0.442,0.474,0.916,18,,0,4,1,0,,player.fcgi?id=robers002bra,,,
Justin Shafer,20,2013,Florida,SEC,59,253,230,30,69,17,1,5,25,3,2,16,21,0.3,0.345,0.448,0.793,103,,2,1,4,4,,player.fcgi?id=shafer000jus,,,
Kevin Stypulkowski#,19,2013,Florida,SEC,24,43,38,6,7,1,0,0,5,0,0,2,8,0.184,0.262,0.211,0.472,8,,2,1,0,0,,player.fcgi?id=stypul000kev,,,
Josh Tobias#,20,2013,Florida,SEC,51,180,154,21,40,5,0,3,18,6,3,9,23,0.26,0.341,0.351,0.692,54,,11,4,2,0,,player.fcgi?id=tobias000jos,,,
Casey Turgeon*,20,2013,Florida,SEC,59,273,228,41,61,6,0,5,32,9,2,31,26,0.268,0.367,0.36,0.726,82,,7,3,4,1,,player.fcgi?id=turgeo000cas,,,
Pete Alonso,19,2014,Florida,SEC,60,224,197,18,52,6,2,4,32,1,0,19,35,0.264,0.344,0.376,0.719,74,,6,0,2,2,,player.fcgi?id=alonso000pet,,,
Harrison Bader,20,2014,Florida,SEC,44,202,169,27,57,6,2,2,24,13,6,15,29,0.337,0.421,0.432,0.853,73,,11,5,2,0,,player.fcgi?id=bader-000har,,,
Mike Fahrman?,--,2014,Florida,SEC,14,26,24,1,4,3,0,0,5,0,0,2,2,0.167,0.231,0.292,0.523,7,,0,0,0,0,,player.fcgi?id=fahrma000mik,,,
Taylor Gushue#,20,2014,Florida,SEC,63,271,225,30,71,16,0,6,49,1,0,27,39,0.316,0.389,0.467,0.856,105,,7,1,11,6,,player.fcgi?id=gushue000tay,,,
Ryan Larson,19,2014,Florida,SEC,48,100,84,9,23,0,0,0,7,2,1,9,14,0.274,0.344,0.274,0.618,23,,1,4,2,0,,player.fcgi?id=larson003rya,,,
Jason Lombardozzi#,20,2014,Florida,SEC,28,27,25,6,3,0,0,0,0,1,1,2,5,0.12,0.185,0.12,0.305,3,,0,0,0,0,,player.fcgi?id=lombar000jas,,,
Richie Martin,19,2014,Florida,SEC,63,295,249,49,66,11,2,1,27,18,2,27,30,0.265,0.354,0.337,0.692,84,,9,7,3,0,,player.fcgi?id=martin017ric,,,
Braden Mattson?,--,2014,Florida,SEC,59,234,200,28,54,5,1,1,28,5,1,22,34,0.27,0.336,0.32,0.656,64,,1,5,6,0,,player.fcgi?id=mattso000bra,,,
Zack Powers*,22,2014,Florida,SEC,55,142,121,14,28,3,1,3,13,1,2,10,33,0.231,0.319,0.347,0.666,42,,6,4,1,1,,player.fcgi?id=powers001zac,,,
A.J. Puk*,19,2014,Florida,SEC,44,72,63,4,14,3,0,0,6,0,0,8,19,0.222,0.319,0.27,0.589,17,,1,0,0,1,,player.fcgi?id=puk---000aj-,,,
Michael Reed#,19,2014,Florida,SEC,60,205,172,26,42,7,0,0,6,5,5,18,38,0.244,0.314,0.285,0.599,49,,0,14,1,0,,player.fcgi?id=reed--000bud,,,
Justin Shafer,21,2014,Florida,SEC,48,119,95,10,20,1,0,1,10,3,4,12,17,0.211,0.325,0.253,0.577,24,,5,5,2,1,,player.fcgi?id=shafer000jus,,,
John Sternagel,19,2014,Florida,SEC,41,125,101,16,24,0,0,1,12,1,2,14,16,0.238,0.342,0.267,0.609,27,,3,5,2,0,,player.fcgi?id=sterna000joh,,,
Josh Tobias#,21,2014,Florida,SEC,46,120,105,15,32,4,1,3,8,2,1,9,21,0.305,0.376,0.448,0.824,47,,3,3,0,1,,player.fcgi?id=tobias000jos,,,
Casey Turgeon*,21,2014,Florida,SEC,63,298,247,36,64,11,0,4,33,4,2,35,16,0.259,0.364,0.352,0.717,87,,7,7,2,3,,player.fcgi?id=turgeo000cas,,,
Pete Alonso,20,2015,Florida,SEC,39,171,143,33,43,10,2,5,32,0,0,18,22,0.301,0.398,0.504,0.901,72,,7,0,3,0,,player.fcgi?id=alonso000pet,,,
Harrison Bader,21,2015,Florida,SEC,67,305,256,53,76,16,1,17,66,8,5,33,54,0.297,0.393,0.566,0.959,145,,10,2,4,3,,player.fcgi?id=bader-000har,,,
Logan Browning*,19,2015,Florida,SEC,28,34,30,6,6,1,0,0,1,3,0,1,6,0.2,0.273,0.233,0.506,7,,2,1,0,0,,player.fcgi?id=browni000log,,,
Mike Fahrman?,--,2015,Florida,SEC,10,11,10,4,5,1,0,0,2,0,0,1,1,0.5,0.546,0.6,1.146,6,,0,0,0,0,,player.fcgi?id=fahrma000mik,,,
Dalton Guthrie,19,2015,Florida,SEC,69,318,282,55,81,14,1,2,26,6,6,29,45,0.287,0.362,0.365,0.727,103,,5,0,2,0,,player.fcgi?id=guthri000dal,,,
Christian Hicks#,19,2015,Florida,SEC,46,69,57,14,8,3,0,2,10,0,0,10,13,0.14,0.275,0.298,0.574,17,,1,0,1,0,,player.fcgi?id=hicks-003chr,,,
Mark Kolozsvary,19,2015,Florida,SEC,18,19,18,4,5,1,0,0,1,0,0,1,7,0.278,0.316,0.333,0.649,6,,0,0,0,0,,player.fcgi?id=kolozs000mar,,,
Taylor Lane,19,2015,Florida,SEC,13,12,12,2,3,1,0,0,2,0,0,0,2,0.25,0.25,0.333,0.583,4,,0,0,0,0,,player.fcgi?id=lane--000tay,,,
Ryan Larson,20,2015,Florida,SEC,66,204,167,28,51,5,1,1,25,7,1,24,32,0.305,0.401,0.365,0.766,61,,4,7,2,0,,player.fcgi?id=larson003rya,,,
Jason Lombardozzi#,21,2015,Florida,SEC,12,8,6,3,0,0,0,0,1,2,0,1,0,0,0.125,0,0.125,0,,0,0,1,0,,player.fcgi?id=lombar000jas,,,
Richie Martin,20,2015,Florida,SEC,70,328,265,63,77,11,4,6,36,20,8,35,35,0.291,0.399,0.43,0.829,114,,16,7,5,1,,player.fcgi?id=martin017ric,,,
A.J. Puk*,20,2015,Florida,SEC,28,26,23,2,6,3,0,0,1,0,0,3,5,0.261,0.346,0.391,0.738,9,,0,0,0,1,,player.fcgi?id=puk---000aj-,,,
Michael Reed#,20,2015,Florida,SEC,69,312,282,51,86,14,5,4,47,18,8,27,56,0.305,0.367,0.433,0.799,122,,1,1,1,0,,player.fcgi?id=reed--000bud,,,
Mike Rivera,19,2015,Florida,SEC,66,257,225,31,61,11,1,3,48,2,0,16,24,0.271,0.337,0.369,0.706,83,,9,2,5,0,,player.fcgi?id=rivera004mic,,,
JJ Schwarz,19,2015,Florida,SEC,70,295,256,60,85,16,3,18,73,1,0,28,46,0.332,0.398,0.629,1.027,161,,4,1,6,0,,player.fcgi?id=schwar000jj-,,,
John Sternagel,20,2015,Florida,SEC,22,56,45,9,8,1,1,1,8,1,0,7,8,0.178,0.327,0.311,0.638,14,,3,1,0,0,,player.fcgi?id=sterna000joh,,,
Josh Tobias#,22,2015,Florida,SEC,65,269,231,60,82,14,5,5,46,11,2,23,37,0.355,0.435,0.524,0.959,121,,12,0,3,1,,player.fcgi?id=tobias000jos,,,
Jeremy Vásquez*,18,2015,Florida,SEC,42,126,109,11,37,7,0,2,20,1,2,15,17,0.339,0.424,0.459,0.883,50,,1,1,0,0,,player.fcgi?id=vasque002jer,,,
Pete Alonso,21,2016,Florida,SEC,58,256,211,51,79,18,0,14,60,2,1,31,31,0.374,0.469,0.659,1.128,139,,10,0,4,2,,player.fcgi?id=alonso000pet,,,
Eddy Demurias,18,2016,Florida,SEC,11,5,4,1,0,0,0,0,0,0,0,1,1,0,0.2,0,0.2,0,,0,0,0,0,,player.fcgi?id=demuri000edd,,,
Mike Fahrman?,--,2016,Florida,SEC,6,6,5,1,0,0,0,0,0,0,0,1,2,0,0.167,0,0.167,0,,0,0,0,0,,player.fcgi?id=fahrma000mik,,,
Dalton Guthrie,20,2016,Florida,SEC,67,320,279,47,85,14,0,1,22,8,5,25,26,0.305,0.367,0.366,0.733,102,,6,4,6,0,,player.fcgi?id=guthri000dal,,,
Christian Hicks#,20,2016,Florida,SEC,27,25,17,3,2,1,0,0,0,1,0,8,5,0.118,0.4,0.177,0.577,3,,0,0,0,0,,player.fcgi?id=hicks-003chr,,,
Nick Horvath,19,2016,Florida,SEC,54,40,28,6,4,0,0,2,5,2,0,8,11,0.143,0.333,0.357,0.69,10,,0,4,0,0,,player.fcgi?id=horvat000nic,,,
Jonathan India,19,2016,Florida,SEC,67,264,234,43,71,16,2,4,40,13,5,22,43,0.303,0.367,0.44,0.808,103,,4,0,4,1,,player.fcgi?id=india-000joh,,,
Mark Kolozsvary,20,2016,Florida,SEC,14,19,17,3,4,0,0,2,5,1,1,0,5,0.235,0.316,0.588,0.904,10,,2,0,0,0,,player.fcgi?id=kolozs000mar,,,
Ryan Larson,21,2016,Florida,SEC,59,101,87,12,14,2,0,0,7,2,2,7,19,0.161,0.245,0.184,0.429,16,,3,3,1,0,,player.fcgi?id=larson003rya,,,
Deacon Liput*,20,2016,Florida,SEC,68,281,241,39,65,14,4,3,36,13,4,34,44,0.27,0.363,0.398,0.762,96,,2,3,1,1,,player.fcgi?id=liput-000dea,,,
Jason Lombardozzi#,22,2016,Florida,SEC,2,2,2,0,0,0,0,0,0,0,0,0,0,0,0,0,0,0,,0,0,0,0,,player.fcgi?id=lombar000jas,,,
Nelson Maldonado,19,2016,Florida,SEC,64,223,195,35,50,7,2,6,30,6,1,25,38,0.256,0.35,0.405,0.755,79,,3,0,0,1,,player.fcgi?id=maldon000nel,,,
Michael Reed#,21,2016,Florida,SEC,66,303,256,57,67,9,6,4,32,24,3,39,62,0.262,0.362,0.391,0.753,100,,2,5,1,0,,player.fcgi?id=reed--000bud,,,
Blake Reese#,19,2016,Florida,SEC,12,9,7,2,2,1,0,0,1,0,0,2,2,0.286,0.444,0.429,0.873,3,,0,0,0,0,,player.fcgi?id=reese-000bla,,,
Daniel Reyes,19,2016,Florida,SEC,24,54,52,6,14,3,1,1,11,1,2,1,10,0.269,0.278,0.423,0.701,22,,0,0,1,0,,player.fcgi?id=reyes-002dan,,,
Mike Rivera,20,2016,Florida,SEC,67,273,229,33,56,9,2,9,47,0,2,28,26,0.245,0.347,0.419,0.766,96,,9,5,2,1,,player.fcgi?id=rivera004mic,,,
JJ Schwarz,20,2016,Florida,SEC,68,307,252,47,73,15,3,7,60,2,2,45,54,0.29,0.397,0.456,0.854,115,,4,0,6,0,,player.fcgi?id=schwar000jj-,,,
Jeremy Vásquez*,19,2016,Florida,SEC,61,196,165,22,48,11,0,0,15,1,1,22,29,0.291,0.387,0.358,0.744,59,,5,2,2,1,,player.fcgi?id=vasque002jer,,,
Andrew Baker*,19,2017,Florida,SEC,27,31,26,4,4,1,0,0,0,0,2,1,9,0.154,0.29,0.192,0.483,5,,4,0,0,0,,player.fcgi?id=baker-000and,,,
Keenan Bell*,19,2017,Florida,SEC,34,98,92,15,26,4,0,2,12,3,1,4,29,0.283,0.327,0.391,0.718,36,,2,0,0,0,,player.fcgi?id=bell--000kee,,,
Austin Bodrato*,20,2017,Florida,SEC,8,9,7,2,1,0,0,0,1,1,0,2,2,0.143,0.333,0.143,0.476,1,,0,0,0,0,,player.fcgi?id=bodrat000aus,,,
Michael Byrne,20,2017,Florida,SEC,38,3,1,0,0,0,0,0,0,0,0,1,1,0,0.5,0,0.5,0,,0,1,0,0,,player.fcgi?id=byrne-003mic,,,
Dalton Guthrie,21,2017,Florida,SEC,65,293,253,39,69,9,0,4,23,11,7,27,41,0.273,0.349,0.356,0.705,90,,6,1,6,0,,player.fcgi?id=guthri000dal,,,
Christian Hicks#,21,2017,Florida,SEC,64,240,216,30,61,11,1,4,27,6,3,14,31,0.282,0.328,0.398,0.726,86,,2,5,3,1,,player.fcgi?id=hicks-003chr,,,
Nick Horvath,20,2017,Florida,SEC,60,89,70,12,13,2,0,0,6,6,2,12,21,0.186,0.341,0.214,0.555,15,,5,1,1,0,,player.fcgi?id=horvat000nic,,,
Jonathan India,20,2017,Florida,SEC,59,251,212,38,58,15,0,6,34,13,0,23,42,0.274,0.354,0.429,0.783,91,,6,5,5,0,,player.fcgi?id=india-000joh,,,
Mark Kolozsvary,21,2017,Florida,SEC,46,142,116,20,32,8,1,3,26,2,0,18,30,0.276,0.381,0.44,0.821,51,,3,3,2,0,,player.fcgi?id=kolozs000mar,,,
Austin Langworthy*,19,2017,Florida,SEC,56,234,193,37,46,10,0,4,26,7,2,35,39,0.238,0.352,0.352,0.704,68,,1,1,4,0,,player.fcgi?id=langwo000aus,,,
Ryan Larson,22,2017,Florida,SEC,61,219,190,31,53,9,1,5,24,7,3,19,49,0.279,0.369,0.416,0.785,79,,8,2,0,0,,player.fcgi?id=larson003rya,,,
Deacon Liput*,21,2017,Florida,SEC,70,295,255,32,58,9,2,3,37,12,7,32,67,0.228,0.313,0.314,0.626,80,,1,4,3,2,,player.fcgi?id=liput-000dea,,,
Nelson Maldonado,20,2017,Florida,SEC,68,264,201,40,60,9,0,6,32,4,2,53,25,0.299,0.449,0.433,0.882,87,,5,1,4,0,,player.fcgi?id=maldon000nel,,,
Kirby McMullen,19,2017,Florida,SEC,17,2,1,1,0,0,0,0,0,0,0,1,0,0,0.5,0,0.5,0,,0,0,0,0,,player.fcgi?id=mcmull000kir,,,
Garrett Milchin*,19,2017,Florida,SEC,29,26,22,1,4,0,0,1,7,0,0,3,9,0.182,0.269,0.318,0.587,7,,0,0,1,0,,player.fcgi?id=milchi000gar,,,
Blake Reese#,20,2017,Florida,SEC,40,90,73,12,17,2,0,0,11,4,0,12,22,0.233,0.378,0.26,0.638,19,,5,0,0,1,,player.fcgi?id=reese-000bla,,,
Mike Rivera,21,2017,Florida,SEC,47,182,151,23,36,7,1,3,28,1,0,20,19,0.238,0.346,0.358,0.704,54,,6,3,2,1,,player.fcgi?id=rivera004mic,,,
JJ Schwarz,21,2017,Florida,SEC,69,305,259,43,67,12,0,12,56,6,1,36,60,0.259,0.351,0.444,0.795,115,,4,0,6,2,,player.fcgi?id=schwar000jj-,,,
Andrew Baker*,20,2018,Florida,SEC,33,13,8,8,2,1,0,0,0,1,0,4,1,0.25,0.5,0.375,0.875,3,,0,1,0,0,,player.fcgi?id=baker-000and,,,
Keenan Bell*,20,2018,Florida,SEC,61,173,156,25,35,11,0,6,27,1,2,16,36,0.224,0.301,0.41,0.711,64,,1,0,0,0,,player.fcgi?id=bell--000kee,,,
Jordan Butler*,19,2018,Florida,SEC,45,18,13,3,4,1,0,0,2,0,0,5,5,0.308,0.5,0.385,0.885,5,,0,0,0,0,,player.fcgi?id=butler002jor,,,
Wil Dalton,20,2018,Florida,SEC,70,311,275,60,72,18,1,19,60,8,4,25,74,0.262,0.338,0.542,0.879,149,,8,0,3,0,,player.fcgi?id=dalton003wil,,,
Jonah Girand,23,2018,Florida,SEC,17,42,37,6,5,1,0,3,6,0,0,3,22,0.135,0.238,0.405,0.644,15,,2,0,0,0,,player.fcgi?id=girand000jon,,,
Cal Greenfield,19,2018,Florida,SEC,16,36,32,3,6,0,0,1,3,1,0,3,7,0.188,0.278,0.281,0.559,9,,1,0,0,0,,player.fcgi?id=greenf000cal,,,
Nick Horvath,21,2018,Florida,SEC,69,253,224,45,60,14,0,7,35,6,3,20,58,0.268,0.339,0.424,0.763,95,,5,2,2,0,,player.fcgi?id=horvat000nic,,,
Jonathan India,21,2018,Florida,SEC,68,300,226,66,79,12,4,21,52,15,3,60,56,0.35,0.497,0.717,1.214,162,,10,0,4,5,,player.fcgi?id=india-000joh,,,
Austin Langworthy*,20,2018,Florida,SEC,70,286,231,33,67,10,2,4,29,5,2,43,47,0.29,0.404,0.403,0.807,93,,4,4,4,1,,player.fcgi?id=langwo000aus,,,
Deacon Liput*,22,2018,Florida,SEC,56,266,228,48,65,15,1,9,38,11,6,31,49,0.285,0.375,0.478,0.853,109,,3,2,2,0,,player.fcgi?id=liput-000dea,,,
Nelson Maldonado,21,2018,Florida,SEC,70,306,264,44,72,10,0,9,44,6,5,32,44,0.273,0.36,0.413,0.772,109,,6,0,4,0,,player.fcgi?id=maldon000nel,,,
Brady McConnell,20,2018,Florida,SEC,9,22,22,2,3,0,0,1,2,1,2,0,9,0.136,0.136,0.273,0.409,6,,0,0,0,0,,player.fcgi?id=mcconn002bra,,,
Kirby McMullen,20,2018,Florida,SEC,13,8,8,1,2,1,0,0,1,0,0,0,1,0.25,0.25,0.375,0.625,3,,0,0,0,0,,player.fcgi?id=mcmull000kir,,,
Blake Reese#,21,2018,Florida,SEC,70,285,233,44,59,19,2,5,43,14,5,40,56,0.253,0.375,0.416,0.792,97,,8,0,4,0,,player.fcgi?id=reese-000bla,,,
JJ Schwarz,22,2018,Florida,SEC,59,258,221,51,68,16,2,13,48,4,3,28,60,0.308,0.384,0.575,0.958,127,,3,0,6,2,,player.fcgi?id=schwar000jj-,,,
Shane Shifflett#,20,2018,Florida,SEC,22,41,39,2,10,1,0,0,7,0,0,0,9,0.256,0.268,0.282,0.55,11,,1,0,1,0,,player.fcgi?id=shiffl000sha,,,
Brady Smith,19,2018,Florida,SEC,53,143,125,18,33,4,1,2,15,2,0,10,38,0.264,0.322,0.36,0.682,45,,3,0,5,0,,player.fcgi?id=smith-026bra,,,
Cory Acton*,20,2019,Florida,SEC,60,234,199,30,50,9,0,6,30,3,4,28,50,0.251,0.353,0.387,0.74,77,,4,2,1,0,,player.fcgi?id=acton-000cor,,,
Kris Armstrong#,19,2019,Florida,SEC,27,38,34,6,10,6,0,1,4,0,0,3,15,0.294,0.368,0.559,0.927,19,,1,0,0,0,,player.fcgi?id=armstr000kri,,,
Nick Blasucci,22,2019,Florida,SEC,10,5,4,1,1,0,0,0,1,0,0,1,1,0.25,0.4,0.25,0.65,1,,0,0,0,0,,player.fcgi?id=blasuc000nic,,,
Jordan Butler*,20,2019,Florida,SEC,42,57,53,11,19,5,0,2,11,0,0,4,15,0.359,0.404,0.566,0.97,30,,0,0,0,0,,player.fcgi?id=butler002jor,,,
Kendrick Calilao,19,2019,Florida,SEC,60,253,217,35,60,8,2,5,49,2,1,23,54,0.277,0.348,0.401,0.749,87,,5,0,8,1,,player.fcgi?id=calila000ken,,,
Wil Dalton,21,2019,Florida,SEC,56,231,191,44,50,11,2,8,34,6,3,27,40,0.262,0.381,0.466,0.847,89,,11,0,2,1,,player.fcgi?id=dalton003wil,,,
Jud Fabian,18,2019,Florida,SEC,56,207,168,32,39,9,0,7,26,7,5,28,45,0.232,0.353,0.411,0.764,69,,5,3,3,0,,player.fcgi?id=fabian000jud,,,
Christian Flint,21,2019,Florida,SEC,16,24,22,5,8,1,0,0,1,1,0,1,6,0.364,0.417,0.409,0.826,9,,1,0,0,0,,player.fcgi?id=flint-000chr,,,
Jonah Girand,24,2019,Florida,SEC,8,12,10,3,3,1,0,1,3,0,0,2,4,0.3,0.417,0.7,1.117,7,,0,0,0,0,,player.fcgi?id=girand000jon,,,
Cal Greenfield,20,2019,Florida,SEC,7,7,6,1,0,0,0,0,2,0,0,1,3,0,0.143,0,0.143,0,,0,0,0,0,,player.fcgi?id=greenf000cal,,,
Austin Langworthy*,21,2019,Florida,SEC,59,257,223,49,63,12,3,10,43,4,1,27,39,0.283,0.362,0.498,0.86,111,,2,3,2,1,,player.fcgi?id=langwo000aus,,,
Nelson Maldonado,22,2019,Florida,SEC,56,233,207,44,71,14,2,10,43,4,0,21,32,0.343,0.408,0.575,0.983,119,,3,0,2,2,,player.fcgi?id=maldon000nel,,,
Brady McConnell,21,2019,Florida,SEC,59,254,229,51,76,11,0,15,48,6,2,17,57,0.332,0.385,0.576,0.961,132,,4,2,2,0,,player.fcgi?id=mcconn002bra,,,
Kirby McMullen,21,2019,Florida,SEC,29,26,22,4,6,2,0,1,10,0,0,2,6,0.273,0.308,0.5,0.808,11,,0,0,2,0,,player.fcgi?id=mcmull000kir,,,
Santino Miozzi,22,2019,Florida,SEC,18,36,33,3,5,1,0,1,4,0,0,1,12,0.152,0.2,0.273,0.473,9,,1,1,0,0,,player.fcgi?id=miozzi000san,,,
Roberto Pena,20,2019,Florida,SEC,13,26,22,3,5,1,0,1,2,1,0,4,9,0.227,0.346,0.409,0.755,9,,0,0,0,0,,player.fcgi?id=pena--004rob,,,
Blake Reese#,22,2019,Florida,SEC,31,67,56,10,13,2,0,1,7,2,2,7,17,0.232,0.358,0.321,0.68,18,,4,0,0,0,,player.fcgi?id=reese-000bla,,,
Brady Smith,20,2019,Florida,SEC,56,188,152,35,41,7,1,5,20,5,4,27,46,0.27,0.393,0.428,0.82,65,,5,2,2,0,,player.fcgi?id=smith-026bra,,,
Jacob Young,19,2019,Florida,SEC,54,208,183,42,57,8,0,3,26,7,2,17,25,0.312,0.384,0.404,0.788,74,,5,2,1,0,,player.fcgi?id=young-001jac,,,
Cory Acton*,21,2020,Florida,SEC,15,66,52,7,10,1,0,1,4,4,0,12,21,0.192,0.364,0.269,0.633,14,,2,0,0,0,,player.fcgi?id=acton-000cor,,,
Kris Armstrong#,20,2020,Florida,SEC,11,38,32,5,8,1,1,1,6,0,0,4,8,0.25,0.368,0.438,0.806,14,,2,0,0,0,,player.fcgi?id=armstr000kri,,,
Nick Blasucci,23,2020,Florida,SEC,15,6,6,2,2,1,0,0,1,0,0,0,3,0.333,0.333,0.5,0.833,3,,0,0,0,0,,player.fcgi?id=blasuc000nic,,,
Jordan Butler*,21,2020,Florida,SEC,16,46,42,6,14,4,0,2,12,1,0,3,10,0.333,0.37,0.571,0.941,24,,0,0,1,0,,player.fcgi?id=butler002jor,,,
Kendrick Calilao,20,2020,Florida,SEC,13,47,42,9,11,1,0,1,10,1,0,3,12,0.262,0.319,0.357,0.676,15,,1,0,1,0,,player.fcgi?id=calila000ken,,,
Brock Edge*,20,2020,Florida,SEC,11,7,6,0,2,0,0,0,1,1,0,1,3,0.333,0.429,0.333,0.762,2,,0,0,0,0,,player.fcgi?id=edge--000bro,,,
Jud Fabian,19,2020,Florida,SEC,17,81,68,19,20,6,0,5,13,2,0,13,18,0.294,0.407,0.603,1.01,41,,0,0,0,0,,player.fcgi?id=fabian000jud,,,
Cal Greenfield,21,2020,Florida,SEC,11,36,30,9,7,2,0,1,7,0,1,3,7,0.233,0.333,0.4,0.733,12,,2,0,1,0,,player.fcgi?id=greenf000cal,,,
Nathan Hickey*,20,2020,Florida,SEC,15,57,45,12,14,2,0,4,7,1,0,10,15,0.311,0.439,0.622,1.061,28,,1,0,1,0,,player.fcgi?id=hickey001nat,,,
Austin Langworthy*,22,2020,Florida,SEC,16,76,69,11,17,4,0,1,8,4,0,7,14,0.246,0.316,0.348,0.664,24,,0,0,0,0,,player.fcgi?id=langwo000aus,,,
Kirby McMullen,22,2020,Florida,SEC,16,72,54,14,15,4,0,1,10,1,1,14,15,0.278,0.458,0.407,0.866,22,,4,0,0,1,,player.fcgi?id=mcmull000kir,,,
Isaac Nunez,20,2020,Florida,SEC,7,6,6,0,1,0,0,0,1,0,0,0,2,0.167,0.167,0.167,0.333,1,,0,0,0,0,,player.fcgi?id=nunez-003isa,,,
Josh Rivera,19,2020,Florida,SEC,16,66,57,12,17,2,0,2,9,1,1,8,19,0.298,0.385,0.439,0.823,25,,0,1,0,1,,player.fcgi?id=rivera015jos,,,
Brady Smith,21,2020,Florida,SEC,15,34,30,5,5,0,0,2,7,2,0,3,11,0.167,0.235,0.367,0.602,11,,0,0,1,0,,player.fcgi?id=smith-026bra,,,
Ben Specht,20,2020,Florida,SEC,9,1,1,0,1,0,0,0,1,0,0,0,0,1,1,1,2,1,,0,0,0,0,,player.fcgi?id=specht000ben,,,
Jacob Young,20,2020,Florida,SEC,17,71,60,12,27,4,0,0,9,6,1,7,9,0.45,0.514,0.517,1.031,31,,2,1,1,0,,player.fcgi?id=young-001jac,,,
Cory Acton*,22,2021,Florida,SEC,31,81,60,10,15,2,0,0,10,3,1,18,14,0.25,0.438,0.283,0.721,17,,2,1,0,0,,player.fcgi?id=acton-000cor,,,
Kris Armstrong#,21,2021,Florida,SEC,43,162,142,23,41,9,1,8,30,0,1,15,44,0.289,0.352,0.535,0.887,76,,1,0,4,1,,player.fcgi?id=armstr000kri,,,
Jordan Butler*,22,2021,Florida,SEC,43,168,145,22,36,10,0,1,16,1,2,17,32,0.248,0.321,0.338,0.659,49,,1,0,5,0,,player.fcgi?id=butler002jor,,,
Kendrick Calilao,21,2021,Florida,SEC,39,131,113,22,31,1,1,5,19,0,0,9,24,0.274,0.351,0.434,0.785,49,,6,0,3,0,,player.fcgi?id=calila000ken,,,
Jordan Carrion,20,2021,Florida,SEC,37,95,86,15,21,0,0,1,8,4,3,8,19,0.244,0.309,0.279,0.588,24,,0,1,0,0,,player.fcgi?id=carrio002jor,,,
Brock Edge*,21,2021,Florida,SEC,10,4,4,1,0,0,0,0,0,0,0,0,2,0,0,0,0,0,,0,0,0,0,,player.fcgi?id=edge--000bro,,,
Jud Fabian,20,2021,Florida,SEC,59,269,225,51,56,10,0,20,46,6,2,40,79,0.249,0.364,0.56,0.924,126,,2,0,2,3,,player.fcgi?id=fabian000jud,,,
Cal Greenfield,22,2021,Florida,SEC,9,25,22,3,3,0,0,0,2,0,0,3,10,0.136,0.24,0.136,0.376,3,,0,0,0,0,,player.fcgi?id=greenf000cal,,,
Mac Guscette,19,2021,Florida,SEC,21,67,57,10,17,3,0,0,9,0,0,6,5,0.298,0.364,0.351,0.715,20,,1,1,2,0,,player.fcgi?id=guscet000mac,,,
Colby Halter*,19,2021,Florida,SEC,49,182,159,31,48,11,2,3,32,1,2,19,40,0.302,0.379,0.453,0.832,72,,2,0,2,1,,player.fcgi?id=halter000col,,,
Nathan Hickey*,21,2021,Florida,SEC,60,278,224,40,71,15,2,9,50,1,1,42,40,0.317,0.435,0.522,0.958,117,,8,0,4,1,,player.fcgi?id=hickey001nat,,,
Wyatt Langford,19,2021,Florida,SEC,4,4,4,0,1,0,0,0,0,0,0,0,1,0.25,0.25,0.25,0.5,1,,0,0,0,0,,player.fcgi?id=langfo000wya,,,
Kirby McMullen,23,2021,Florida,SEC,51,213,181,24,46,9,0,9,36,1,0,19,54,0.254,0.347,0.453,0.8,82,,9,0,4,0,,player.fcgi?id=mcmull000kir,,,
Josh Rivera,20,2021,Florida,SEC,54,210,190,30,48,9,1,5,26,0,2,18,52,0.253,0.324,0.39,0.713,74,,2,0,0,0,,player.fcgi?id=rivera015jos,,,
Sterlin Thompson*,20,2021,Florida,SEC,55,212,183,39,55,10,3,5,27,2,1,21,45,0.301,0.396,0.47,0.866,86,,8,0,0,0,,player.fcgi?id=thomps007ste,,,
Jacob Young,21,2021,Florida,SEC,60,292,254,56,80,16,3,5,41,13,1,27,45,0.315,0.385,0.461,0.846,117,,5,1,5,1,,player.fcgi?id=young-001jac,,,
Kris Armstrong#,22,2022,Florida,SEC,35,116,100,15,23,5,1,2,10,0,0,13,32,0.23,0.322,0.36,0.682,36,1,1,1,1,0,,player.fcgi?id=armstr000kri,,,
Jac Caglianone*,19,2022,Florida,SEC,28,115,104,19,30,6,0,7,27,0,0,5,21,0.289,0.339,0.548,0.887,57,4,4,0,2,1,,player.fcgi?id=caglia000jac,,,
Kendrick Calilao,22,2022,Florida,SEC,51,180,158,17,33,8,0,3,22,0,0,15,30,0.209,0.289,0.317,0.605,50,8,4,0,3,0,,player.fcgi?id=calila000ken,,,
Jorge De Goti,19,2022,Florida,SEC,9,8,7,1,2,1,0,0,0,0,0,0,0,0.286,0.375,0.429,0.804,3,0,1,0,0,0,,player.fcgi?id=degoti000jor,,,
Ty Evans,19,2022,Florida,SEC,35,114,99,13,24,5,1,5,16,3,2,8,34,0.242,0.301,0.465,0.766,46,3,2,1,4,0,,player.fcgi?id=evans-000ty-,,,
Deric Fabian,19,2022,Florida,SEC,46,171,142,25,31,4,0,4,22,4,0,19,43,0.218,0.323,0.331,0.654,47,1,4,4,2,0,,player.fcgi?id=fabian001der,,,
Jud Fabian,21,2022,Florida,SEC,66,310,234,63,56,10,1,24,55,9,4,62,69,0.239,0.414,0.598,1.013,140,5,10,1,3,3,,player.fcgi?id=fabian000jud,,,
Mac Guscette,20,2022,Florida,SEC,36,119,105,15,25,4,0,5,18,1,0,8,10,0.238,0.296,0.419,0.715,44,4,1,4,1,0,,player.fcgi?id=guscet000mac,,,
Colby Halter*,20,2022,Florida,SEC,65,294,250,44,60,11,0,8,27,7,3,30,66,0.24,0.338,0.38,0.718,95,2,9,1,4,0,,player.fcgi?id=halter000col,,,
Wyatt Langford,20,2022,Florida,SEC,66,303,256,73,91,9,3,26,63,7,4,36,44,0.356,0.447,0.719,1.166,184,2,8,1,2,0,,player.fcgi?id=langfo000wya,,,
Rene Lastres,18,2022,Florida,SEC,9,15,15,3,5,0,0,1,4,0,0,0,6,0.333,0.333,0.533,0.867,8,0,0,0,0,0,,player.fcgi?id=lastre000ren,,,
Matt Prevesk*,19,2022,Florida,SEC,13,21,15,1,3,0,1,0,1,1,1,4,7,0.2,0.381,0.333,0.714,5,0,1,0,1,0,,player.fcgi?id=preves000mat,,,
B.T. Riopelle*,22,2022,Florida,SEC,64,263,227,38,69,9,1,15,55,6,1,21,78,0.304,0.371,0.551,0.921,125,3,6,4,5,2,,player.fcgi?id=riopel000bra,,,
Josh Rivera,21,2022,Florida,SEC,64,261,224,41,57,8,2,9,32,5,3,30,44,0.255,0.351,0.429,0.78,96,4,4,2,1,2,,player.fcgi?id=rivera015jos,,,
Corey Robinson,20,2022,Florida,SEC,21,18,15,9,2,0,0,1,3,2,0,2,8,0.133,0.278,0.333,0.611,5,0,1,0,0,0,,player.fcgi?id=robins000cor,,,
Tucker Talbott,22,2022,Florida,SEC,7,19,19,1,6,1,0,0,3,0,0,0,6,0.316,0.316,0.368,0.684,7,0,0,0,0,0,,player.fcgi?id=talbot000tuc,,,
Sterlin Thompson*,21,2022,Florida,SEC,66,305,254,59,90,16,2,11,51,10,3,37,47,0.354,0.443,0.563,1.006,143,7,8,0,6,1,,player.fcgi?id=thomps007ste,,,
Jac Caglianone*,20,2023,Florida,SEC,71,319,282,74,91,14,2,33,90,4,2,17,58,0.323,0.389,0.738,1.126,208,5,16,0,4,3,,player.fcgi?id=caglia000jac,,,
Ty Evans,20,2023,Florida,SEC,49,179,163,30,39,9,2,9,43,2,0,9,42,0.239,0.302,0.485,0.786,79,1,6,0,1,0,,player.fcgi?id=evans-000ty-,,,
Deric Fabian,20,2023,Florida,SEC,22,44,38,9,11,0,0,2,10,5,0,5,11,0.29,0.386,0.447,0.834,17,0,1,0,0,0,,player.fcgi?id=fabian001der,,,
Colby Halter*,21,2023,Florida,SEC,59,216,174,29,43,9,4,3,30,9,2,25,34,0.247,0.354,0.397,0.751,69,2,6,7,4,2,,player.fcgi?id=halter000col,,,
Luke Heyman,19,2023,Florida,SEC,55,216,191,30,60,6,2,12,39,1,0,18,53,0.314,0.366,0.555,0.921,106,1,1,0,6,0,,player.fcgi?id=heyman000luk,,,
Cade Kurland,19,2023,Florida,SEC,68,312,263,75,78,17,0,17,50,4,1,26,64,0.297,0.404,0.555,0.959,146,5,22,0,1,0,,player.fcgi?id=kurlan000cad,,,
Wyatt Langford,21,2023,Florida,SEC,64,303,236,83,88,28,3,21,57,9,1,56,44,0.373,0.498,0.784,1.282,185,1,7,0,4,2,,player.fcgi?id=langfo000wya,,,
Rene Lastres,19,2023,Florida,SEC,11,18,16,3,3,0,1,0,3,0,0,1,7,0.188,0.278,0.313,0.59,5,1,1,0,0,0,,player.fcgi?id=lastre000ren,,,
Matt Prevesk*,20,2023,Florida,SEC,22,45,42,5,12,2,0,1,9,0,0,2,11,0.286,0.311,0.405,0.716,17,1,0,0,1,0,,player.fcgi?id=preves000mat,,,
B.T. Riopelle*,23,2023,Florida,SEC,69,296,240,57,59,11,2,19,68,5,1,39,85,0.246,0.374,0.546,0.92,131,2,12,2,3,0,,player.fcgi?id=riopel000bra,,,
Josh Rivera,22,2023,Florida,SEC,70,312,256,70,89,10,1,19,72,18,4,46,35,0.348,0.447,0.617,1.064,158,5,4,1,5,3,,player.fcgi?id=rivera015jos,,,
Michael Robertson*,20,2023,Florida,SEC,66,228,186,41,43,4,1,1,19,11,4,33,47,0.231,0.36,0.28,0.64,52,2,5,3,1,0,,player.fcgi?id=robert020mic,,,
Richie Schiekofer*,24,2023,Florida,SEC,38,58,53,13,10,1,0,1,5,2,0,3,10,0.189,0.259,0.264,0.523,14,2,2,0,0,0,,player.fcgi?id=schiek000ric,,,
Tyler Shelnut,21,2023,Florida,SEC,53,202,173,30,48,13,0,7,28,0,1,23,49,0.278,0.371,0.474,0.845,82,4,4,0,2,0,,player.fcgi?id=shelnu000tyl,,,
Tucker Talbott,23,2023,Florida,SEC,8,7,5,5,0,0,0,0,0,1,0,0,2,0,0.286,0,0.286,0,0,2,0,0,0,,player.fcgi?id=talbot000tuc,,,
Dale Thomas,22,2023,Florida,SEC,30,64,48,12,12,4,1,1,4,0,1,14,17,0.25,0.429,0.438,0.866,21,0,1,1,0,0,,player.fcgi?id=thomas004dal,,,
Armando Albert*,23,2024,Florida,SEC,23,51,36,6,7,1,0,0,4,3,1,10,11,0.194,0.431,0.222,0.654,8,1,5,0,0,0,,player.fcgi?id=albert000arm,,,
Blake Brookins*,19,2024,Florida,SEC,7,7,6,0,0,0,0,0,0,0,0,1,2,0,0.143,0,0.143,0,0,0,0,0,0,,player.fcgi?id=brooki000bla,,,
Jac Caglianone*,21,2024,Florida,SEC,66,316,248,83,104,8,0,35,72,4,0,58,26,0.419,0.544,0.875,1.419,217,5,10,0,0,31,,player.fcgi?id=caglia000jac,,,
Brody Donay,20,2024,Florida,SEC,49,190,167,32,41,5,0,14,32,1,1,13,74,0.246,0.323,0.527,0.85,88,6,6,4,0,1,,player.fcgi?id=donay-000bra,,,
Ty Evans,21,2024,Florida,SEC,49,224,193,44,61,10,1,13,43,2,1,19,58,0.316,0.406,0.58,0.987,112,0,11,0,1,0,,player.fcgi?id=evans-000ty-,,,
Tanner Garrison,24,2024,Florida,SEC,20,71,57,9,14,3,0,1,6,0,0,4,9,0.246,0.348,0.351,0.699,20,1,6,2,2,0,,player.fcgi?id=garris000tan,,,
Jaylen Guy,23,2024,Florida,SEC,38,65,49,7,7,1,0,0,2,2,1,9,10,0.143,0.339,0.163,0.502,8,0,6,0,1,0,,player.fcgi?id=guy---000jay,,,
Luke Heyman,20,2024,Florida,SEC,66,304,264,46,65,14,0,16,52,1,0,23,74,0.246,0.342,0.481,0.823,127,7,16,0,1,0,,player.fcgi?id=heyman000luk,,,
Cade Kurland,20,2024,Florida,SEC,62,287,245,51,60,8,1,14,44,5,0,22,73,0.245,0.346,0.457,0.803,112,6,17,1,2,0,,player.fcgi?id=kurlan000cad,,,
Michael Robertson*,21,2024,Florida,SEC,57,192,172,27,44,12,0,2,26,5,0,12,46,0.256,0.319,0.361,0.68,62,0,4,4,0,0,,player.fcgi?id=robert020mic,,,
Landon Russell,20,2024,Florida,SEC,16,29,26,0,3,1,1,0,2,0,0,2,9,0.115,0.172,0.231,0.403,6,1,0,0,1,0,,player.fcgi?id=russel001lan,,,
Tyler Shelnut,22,2024,Florida,SEC,65,290,249,45,65,19,0,16,52,4,0,32,88,0.261,0.36,0.53,0.89,132,3,7,1,1,0,,player.fcgi?id=shelnu000tyl,,,
Colby Shelton*,21,2024,Florida,SEC,66,311,256,60,65,14,1,20,56,6,2,35,82,0.254,0.374,0.551,0.925,141,1,16,1,3,2,,player.fcgi?id=shelto002col,,,
Dale Thomas,23,2024,Florida,SEC,50,193,151,23,34,9,0,3,21,4,1,28,35,0.225,0.348,0.344,0.692,52,2,3,6,5,1,,player.fcgi?id=thomas004dal,,,
Ashton Wilson,20,2024,Florida,SEC,26,84,68,15,19,7,0,2,16,2,1,8,24,0.279,0.405,0.471,0.875,32,1,7,0,1,0,,player.fcgi?id=wilson000ash,,,
Hayden Yost*,19,2024,Florida,SEC,32,81,67,10,19,5,0,0,4,4,3,8,18,0.284,0.4,0.358,0.758,24,1,5,1,0,0,,player.fcgi?id=yost--000hay,,,
Bobby Boser,22,2025,Florida,SEC,61,287,238,72,80,12,0,18,67,19,4,28,72,0.336,0.437,0.613,1.05,146,3,16,3,2,0,,player.fcgi?id=boser-000bob,,,
Blake Brookins*,20,2025,Florida,SEC,4,11,10,2,3,2,0,0,0,1,0,0,5,0.3,0.364,0.5,0.864,5,0,1,0,0,0,,player.fcgi?id=brooki000bla,,,
Blake Cyr,21,2025,Florida,SEC,59,242,205,45,52,9,0,9,34,8,3,26,52,0.254,0.358,0.429,0.788,88,5,8,2,1,0,,player.fcgi?id=cyr---000bla,,,
Brody Donay,21,2025,Florida,SEC,57,238,198,45,60,10,2,18,41,8,1,28,60,0.303,0.418,0.647,1.064,128,1,11,1,0,1,,player.fcgi?id=donay-000bra,,,
Ty Evans,22,2025,Florida,SEC,41,146,133,25,35,11,1,4,30,2,0,9,47,0.263,0.322,0.451,0.773,60,2,3,0,1,0,,player.fcgi?id=evans-000ty-,,,
Luke Heyman,21,2025,Florida,SEC,49,204,173,37,52,7,1,13,44,0,1,22,38,0.301,0.397,0.578,0.975,100,3,7,0,2,1,,player.fcgi?id=heyman000luk,,,
Kyle Jones,20,2025,Florida,SEC,4,17,16,3,5,1,0,0,2,0,0,1,0,0.313,0.353,0.375,0.728,6,0,0,0,0,0,,player.fcgi?id=jones-012kyl,,,
Cade Kurland,21,2025,Florida,SEC,14,51,38,9,12,2,0,3,15,1,0,10,10,0.316,0.49,0.605,1.096,23,0,3,0,0,0,,player.fcgi?id=kurlan000cad,,,
Brendan Lawson*,19,2025,Florida,SEC,60,271,224,48,71,14,1,10,61,8,0,33,56,0.317,0.417,0.522,0.939,117,6,9,0,5,1,,player.fcgi?id=lawson006bra,,,
Caden McDonald,20,2025,Florida,SEC,21,1,1,0,0,0,0,0,1,0,0,0,0,0,0,0,0,0,0,0,0,0,0,,player.fcgi?id=mcdona000cad,,,
Justin Nadeau*,21,2025,Florida,SEC,51,199,159,38,45,11,0,3,22,7,3,29,47,0.283,0.421,0.409,0.83,65,1,9,2,0,0,,player.fcgi?id=nadeau000jus,,,
Colby Shelton*,22,2025,Florida,SEC,45,203,175,40,66,19,0,7,35,6,3,21,24,0.377,0.458,0.606,1.064,106,3,6,0,1,3,,player.fcgi?id=shelto002col,,,
Landon Stripling*,20,2025,Florida,SEC,43,156,125,34,33,7,0,2,20,1,0,21,21,0.264,0.397,0.368,0.765,46,3,8,0,2,1,,player.fcgi?id=stripl000lan,,,
Ashton Wilson,21,2025,Florida,SEC,40,145,117,28,26,6,0,3,19,13,2,21,29,0.222,0.368,0.35,0.719,41,6,6,1,0,0,,player.fcgi?id=wilson000ash,,,
Hayden Yost*,20,2025,Florida,SEC,60,237,189,39,49,13,0,4,38,14,2,32,41,0.259,0.38,0.392,0.772,74,3,8,3,5,0,,player.fcgi?id=yost--000hay,,,
Karson Bowen,21,2026,Florida,SEC,55,249,211,41,55,11,2,7,33,0,0,28,40,0.261,0.353,0.431,0.785,91,4,5,0,5,1,,player.fcgi?id=bowen-000kar,,,
Blake Cyr,22,2026,Florida,SEC,56,255,215,53,68,15,1,14,58,6,2,20,49,0.316,0.398,0.591,0.988,127,2,13,1,6,0,,player.fcgi?id=cyr---000bla,,,
Kyle Jones,21,2026,Florida,SEC,58,275,224,58,71,16,1,6,46,17,4,33,45,0.317,0.418,0.478,0.895,107,2,10,2,6,0,,player.fcgi?id=jones-012kyl,,,
Jacob Kendall*,19,2026,Florida,SEC,31,89,79,13,15,1,2,2,12,0,1,8,18,0.19,0.27,0.329,0.599,26,0,1,0,1,0,,player.fcgi?id=kendal001jac,,,
Cade Kurland,22,2026,Florida,SEC,49,212,179,36,50,7,0,9,33,0,1,21,37,0.279,0.384,0.469,0.853,84,3,10,1,1,1,,player.fcgi?id=kurlan000cad,,,
Brendan Lawson*,20,2026,Florida,SEC,56,264,186,68,58,11,2,19,48,14,2,53,46,0.312,0.511,0.699,1.21,130,2,24,0,1,8,,player.fcgi?id=lawson006bra,,,
AJ Malzone*,21,2026,Florida,SEC,1,1,1,0,0,0,0,0,0,0,0,0,1,0,0,0,0,0,0,0,0,0,0,,player.fcgi?id=malzon000aj-,,,
Caden McDonald,21,2026,Florida,SEC,41,103,94,22,30,9,0,9,28,0,0,8,30,0.319,0.379,0.702,1.081,66,4,1,0,0,0,,player.fcgi?id=mcdona000cad,,,
Sam Miller,22,2026,Florida,SEC,21,51,45,5,10,1,0,1,9,0,2,4,17,0.222,0.3,0.311,0.611,14,1,1,1,0,0,,player.fcgi?id=miller011sam,,,
Kolt Myers,21,2026,Florida,SEC,32,90,81,12,15,3,1,0,3,6,0,6,34,0.185,0.25,0.247,0.497,20,1,1,2,0,0,,player.fcgi?id=myers-001kol,,,
Justin Nadeau*,22,2026,Florida,SEC,7,16,13,2,3,0,0,1,2,0,0,2,3,0.231,0.313,0.462,0.774,6,0,0,0,1,0,,player.fcgi?id=nadeau000jus,,,
Colton Schwarz,19,2026,Florida,SEC,23,71,62,3,14,4,0,0,10,0,0,7,12,0.226,0.296,0.29,0.586,18,1,0,0,2,0,,player.fcgi?id=schwar001col,,,
Cole Stanford,24,2026,Florida,SEC,28,116,93,18,19,2,0,6,14,1,0,18,21,0.204,0.357,0.419,0.776,39,0,4,1,0,0,,player.fcgi?id=stanfo000col,,,
Cash Strayer*,19,2026,Florida,SEC,32,129,103,22,28,4,1,4,26,0,0,16,29,0.272,0.375,0.447,0.822,46,0,4,1,5,1,,player.fcgi?id=straye000cas,,,
Landon Stripling*,21,2026,Florida,SEC,38,154,135,25,39,7,0,6,17,0,0,14,20,0.289,0.357,0.474,0.831,64,2,2,0,3,0,,player.fcgi?id=stripl000lan,,,
Ethan Surowiec,21,2026,Florida,SEC,62,287,246,53,78,14,1,12,63,2,1,37,66,0.317,0.409,0.529,0.938,130,5,2,1,1,0,,player.fcgi?id=surowi000eth,,,
Ashton Wilson,22,2026,Florida,SEC,9,15,13,0,2,0,0,0,2,0,0,0,7,0.154,0.267,0.154,0.421,2,0,2,0,0,0,,player.fcgi?id=wilson000ash,,,
Hayden Yost*,21,2026,Florida,SEC,42,131,107,28,28,5,0,10,23,3,1,12,21,0.262,0.369,0.589,0.958,63,1,8,1,3,1,,player.fcgi?id=yost--000hay,,,
Alec Blair*,19,2026,Oklahoma,SEC,30,103,93,11,23,4,1,2,18,1,0,10,32,0.247,0.32,0.376,0.697,35,2,0,0,0,0,,player.fcgi?id=blair-002ale,,,
Kyle Branch,22,2026,Oklahoma,SEC,65,226,189,40,42,5,0,4,29,5,3,27,33,0.222,0.324,0.312,0.636,59,2,2,7,1,0,,player.fcgi?id=branch000kyl,,,
Brendan Brock,21,2026,Oklahoma,SEC,65,286,245,60,74,11,2,13,55,28,4,35,73,0.302,0.399,0.522,0.921,128,3,5,0,1,1,,player.fcgi?id=brock-000bre,,,
Cayden Brumbaugh,23,2026,Oklahoma,SEC,6,15,13,4,5,2,0,0,3,1,0,1,3,0.385,0.467,0.539,1.005,7,0,1,0,0,0,,player.fcgi?id=brumba000cay,,,
Myles Davis,20,2026,Oklahoma,SEC,6,10,8,2,3,1,0,1,6,0,0,2,1,0.375,0.5,0.875,1.375,7,0,0,0,0,0,,player.fcgi?id=davis-001myl,,,
Drew Dickerson,21,2026,Oklahoma,SEC,35,107,89,20,25,4,2,4,21,1,1,12,40,0.281,0.387,0.506,0.892,45,0,4,1,1,0,,player.fcgi?id=dicker001dre,,,
Trey Gambill*,24,2026,Oklahoma,SEC,63,272,214,50,61,14,1,11,40,17,3,42,52,0.285,0.426,0.514,0.94,110,3,12,2,2,0,,player.fcgi?id=gambil000tre,,,
Dasan Harris*,21,2026,Oklahoma,SEC,60,176,155,35,56,10,3,6,31,18,1,15,27,0.361,0.415,0.581,0.995,90,2,2,0,4,0,,player.fcgi?id=harris000das,,,
Camden Johnson*,21,2026,Oklahoma,SEC,65,297,245,63,73,11,3,9,48,31,3,34,70,0.298,0.403,0.478,0.88,117,1,11,4,3,0,,player.fcgi?id=johnso016cam,,,
Deiten Lachance,21,2026,Oklahoma,SEC,65,285,248,50,81,12,2,18,69,2,0,29,46,0.327,0.397,0.609,1.005,151,6,3,0,5,0,,player.fcgi?id=lachan000dei,,,
Connor Larkin*,19,2026,Oklahoma,SEC,20,38,29,13,9,2,0,0,1,0,0,9,8,0.31,0.474,0.379,0.853,11,2,0,0,0,0,,player.fcgi?id=larkin002con,,,
Gerardo Prado,21,2026,Oklahoma,SEC,11,15,11,0,1,0,0,0,1,0,0,3,3,0.091,0.267,0.091,0.358,1,1,0,0,1,0,,player.fcgi?id=prado-000ger,,,
Nolan Stevens*,21,2026,Oklahoma,SEC,31,87,74,12,17,1,0,5,11,3,0,8,24,0.23,0.345,0.446,0.791,33,0,5,0,0,0,,player.fcgi?id=steven001nol,,,
Dayton Tockey*,21,2026,Oklahoma,SEC,43,129,104,21,26,6,0,9,23,2,1,21,40,0.25,0.375,0.567,0.942,59,5,1,1,2,0,,player.fcgi?id=tockey000day,,,
Jason Walk#,21,2026,Oklahoma,SEC,62,258,218,48,61,9,0,6,26,19,5,32,66,0.28,0.38,0.404,0.784,88,4,4,3,1,0,,player.fcgi?id=walk--000jas,,,
Uriah Walters,21,2026,Oklahoma,SEC,12,12,10,2,3,2,0,0,2,0,0,1,4,0.3,0.417,0.5,0.917,5,0,1,0,0,0,,player.fcgi?id=walter000uri,,,
Jaxon Willits#,21,2026,Oklahoma,SEC,64,280,233,38,73,20,3,7,55,6,3,39,54,0.313,0.407,0.515,0.922,120,4,2,0,6,1,,player.fcgi?id=willit000jax,,,
Kyle Branch,21,2025,Oklahoma,SEC,60,253,222,38,64,9,1,2,33,14,0,19,33,0.288,0.357,0.365,0.722,81,7,6,4,2,0,,player.fcgi?id=branch000kyl,,,
Brandon Cain,20,2025,Oklahoma,SEC,22,17,15,5,0,0,0,0,0,0,0,1,6,0,0.063,0,0.063,0,0,0,1,0,0,,player.fcgi?id=cain--002bra,,,
Easton Carmichael,21,2025,Oklahoma,SEC,60,274,243,51,80,10,4,17,62,14,5,25,43,0.329,0.398,0.613,1.011,149,3,4,0,2,0,,player.fcgi?id=carmic000eas,,,
Sam Christiansen*,21,2025,Oklahoma,SEC,55,231,165,36,42,11,3,6,31,8,1,46,57,0.255,0.455,0.467,0.921,77,0,17,0,3,1,,player.fcgi?id=christ001sam,,,
Dylan Crooks,22,2025,Oklahoma,SEC,26,1,0,0,0,0,0,0,1,0,0,0,0,,,,,0,0,0,1,0,0,,player.fcgi?id=crooks000dyl,,,
Drew Dickerson,20,2025,Oklahoma,SEC,33,99,81,22,25,4,1,5,19,3,0,15,37,0.309,0.424,0.568,0.992,46,1,2,0,1,0,,player.fcgi?id=dicker001dre,,,
Trey Gambill*,23,2025,Oklahoma,SEC,56,245,186,52,53,10,1,4,26,11,2,49,40,0.285,0.445,0.414,0.859,77,1,7,0,3,1,,player.fcgi?id=gambil000tre,,,
Mason Hamlin,21,2025,Oklahoma,SEC,20,38,28,4,7,1,0,0,2,2,0,9,5,0.25,0.447,0.286,0.733,8,0,1,0,0,0,,player.fcgi?id=hamlin000mas,,,
Dasan Harris*,20,2025,Oklahoma,SEC,43,111,99,20,31,4,0,2,14,5,1,11,25,0.313,0.378,0.414,0.793,41,2,0,0,1,0,,player.fcgi?id=harris000das,,,
Christian Hoffman*,22,2025,Oklahoma,SEC,12,14,13,0,1,1,0,0,1,0,0,1,6,0.077,0.143,0.154,0.297,2,0,0,0,0,0,,player.fcgi?id=hoffma003chr,,,
Brayden Horton*,21,2025,Oklahoma,SEC,23,38,32,6,6,0,0,1,6,1,0,3,10,0.188,0.25,0.281,0.531,9,0,0,2,1,0,,player.fcgi?id=horton000bra,,,
Gavyn Jones*,20,2025,Oklahoma,SEC,24,3,3,3,3,0,0,0,3,0,0,0,0,1,1,1,2,3,0,0,0,0,0,,player.fcgi?id=jones-005gav,,,
Scott Mudler*,22,2025,Oklahoma,SEC,32,103,90,10,23,8,2,2,18,3,1,11,21,0.256,0.35,0.456,0.805,41,1,2,0,0,0,,player.fcgi?id=mudler000sco,,,
Dayton Tockey*,20,2025,Oklahoma,SEC,43,173,144,22,39,6,1,7,32,6,3,26,41,0.271,0.382,0.472,0.854,68,2,1,0,2,0,,player.fcgi?id=tockey000day,,,
Jason Walk#,20,2025,Oklahoma,SEC,59,271,221,46,59,13,3,9,37,18,5,35,51,0.267,0.386,0.475,0.861,105,1,9,4,2,0,,player.fcgi?id=walk--000jas,,,
Dawson Willis,21,2025,Oklahoma,SEC,60,239,207,32,48,11,0,6,40,18,7,20,66,0.232,0.315,0.372,0.687,77,3,6,4,2,0,,player.fcgi?id=willis001daw,,,
Jaxon Willits#,20,2025,Oklahoma,SEC,60,270,222,56,67,10,3,9,48,14,1,39,51,0.302,0.409,0.496,0.904,110,5,4,1,4,1,,player.fcgi?id=willit000jax,,,
Jay Abernathy*,20,2026,Tennessee,SEC,53,169,140,36,33,9,1,3,16,9,1,22,37,0.236,0.352,0.379,0.73,53,1,3,4,0,0,,player.fcgi?id=aberna000jay,,,
Ariel Antigua,21,2026,Tennessee,SEC,39,53,40,6,8,4,0,1,9,1,0,6,5,0.2,0.327,0.375,0.702,15,2,3,1,3,0,,player.fcgi?id=antigu000ari,,,
Finley Bates,21,2026,Tennessee,SEC,12,14,12,5,4,0,0,1,2,0,1,0,2,0.333,0.429,0.583,1.012,7,0,2,0,0,0,,player.fcgi?id=bates-000fin,,,
Blaine Brown*,20,2026,Tennessee,SEC,59,250,225,43,54,12,0,13,42,5,0,20,53,0.24,0.308,0.467,0.775,105,2,3,0,2,0,,player.fcgi?id=brown-006bla,,,
Reese Chapman*,22,2026,Tennessee,SEC,57,243,205,52,65,20,1,11,46,7,0,31,45,0.317,0.419,0.585,1.005,120,2,5,2,0,2,,player.fcgi?id=chapma000ree,,,
Levi Clark,20,2026,Tennessee,SEC,55,233,194,43,47,13,0,13,44,2,0,26,46,0.242,0.352,0.51,0.862,99,3,9,0,4,0,,player.fcgi?id=clark-001lev,,,
Nate Eisfelder,20,2026,Tennessee,SEC,18,33,26,5,5,1,0,2,9,0,0,6,8,0.192,0.364,0.462,0.825,12,0,1,0,0,0,,player.fcgi?id=eisfel000nat,,,
Henry Ford,21,2026,Tennessee,SEC,58,272,242,51,71,15,0,20,57,3,2,27,54,0.293,0.36,0.603,0.964,146,4,0,0,3,1,,player.fcgi?id=ford--002hen,,,
Blake Grimmer*,22,2026,Tennessee,SEC,48,218,184,45,52,8,0,13,36,1,0,29,58,0.283,0.385,0.538,0.923,99,3,3,0,2,3,,player.fcgi?id=grimme000bla,,,
Trent Grindlinger,19,2026,Tennessee,SEC,43,165,145,26,50,7,1,8,29,1,2,13,28,0.345,0.414,0.572,0.986,83,3,4,3,0,2,,player.fcgi?id=grindl000tre,,,
Evan Hankins*,20,2026,Tennessee,SEC,5,7,6,1,0,0,0,0,0,0,0,1,3,0,0.143,0,0.143,0,0,0,0,0,0,,player.fcgi?id=hankin000eva,,,
Hunter High*,22,2026,Tennessee,SEC,13,15,13,3,4,0,1,1,5,0,0,1,2,0.308,0.333,0.692,1.026,9,1,0,0,1,0,,player.fcgi?id=high--000hun,,,
Stone Lawless,21,2026,Tennessee,SEC,40,137,107,21,25,4,0,7,19,1,1,17,26,0.234,0.366,0.467,0.833,50,2,7,3,3,0,,player.fcgi?id=lawles000sto,,,
Manny Marin,21,2026,Tennessee,SEC,55,219,196,35,57,9,1,9,43,5,0,12,40,0.291,0.338,0.485,0.823,95,5,4,3,4,0,,player.fcgi?id=marin-000man,,,
Tyler Myatt*,21,2026,Tennessee,SEC,34,86,73,10,18,6,0,3,12,1,1,9,25,0.247,0.349,0.452,0.801,33,2,3,0,1,0,,player.fcgi?id=myatt-000tyl,,,
Chris Newstrom,21,2026,Tennessee,SEC,27,60,52,10,9,2,1,1,7,0,0,6,13,0.173,0.267,0.308,0.574,16,0,1,0,1,0,,player.fcgi?id=newstr000chr,,,
Taylor Tracey,19,2026,Tennessee,SEC,15,2,2,0,0,0,0,0,0,0,0,0,1,0,0,0,0,0,0,0,0,0,0,,player.fcgi?id=tracey000tay,,,
Garrett Wright,20,2026,Tennessee,SEC,49,221,187,41,65,17,1,9,30,3,5,13,37,0.348,0.439,0.594,1.033,111,1,19,0,2,1,,player.fcgi?id=wright008gar,,,
Jay Abernathy*,19,2025,Tennessee,SEC,53,129,103,38,29,3,0,1,11,8,3,22,21,0.282,0.409,0.34,0.749,35,4,1,2,1,0,,player.fcgi?id=aberna000jay,,,
Ariel Antigua,20,2025,Tennessee,SEC,51,91,73,15,14,1,0,0,11,3,0,9,12,0.192,0.302,0.206,0.508,15,0,3,5,1,0,,player.fcgi?id=antigu000ari,,,
Colby Backus,23,2025,Tennessee,SEC,21,19,16,7,3,2,0,0,1,1,0,2,7,0.188,0.316,0.313,0.628,5,1,1,0,0,0,,player.fcgi?id=backus000col,,,
Dalton Bargo*,21,2025,Tennessee,SEC,63,236,202,47,55,14,1,14,40,3,2,26,64,0.272,0.366,0.559,0.925,113,1,5,1,2,0,,player.fcgi?id=bargo-000dal,,,
Reese Chapman*,21,2025,Tennessee,SEC,64,250,216,44,59,11,2,13,53,4,2,21,73,0.273,0.344,0.523,0.867,113,1,5,3,5,1,,player.fcgi?id=chapma000ree,,,
Levi Clark,19,2025,Tennessee,SEC,51,172,128,30,37,9,0,10,34,1,0,35,39,0.289,0.459,0.594,1.053,76,2,7,0,2,2,,player.fcgi?id=clark-001lev,,,
Dean Curley,21,2025,Tennessee,SEC,65,294,241,67,76,8,1,14,51,8,4,45,47,0.315,0.435,0.531,0.967,128,6,7,0,1,0,,player.fcgi?id=curley000dea,,,
Hunter Ensley,23,2025,Tennessee,SEC,64,282,241,46,81,17,0,10,62,7,1,30,42,0.336,0.418,0.531,0.95,128,9,7,0,4,0,,player.fcgi?id=ensley000hun,,,
Andrew Fischer*,21,2025,Tennessee,SEC,65,292,217,70,74,16,0,25,65,4,0,63,42,0.341,0.497,0.76,1.257,165,3,8,0,4,4,,player.fcgi?id=fische001and,,,
Blake Grimmer*,21,2025,Tennessee,SEC,27,56,44,14,14,0,0,4,15,1,0,10,10,0.318,0.464,0.591,1.055,26,0,2,0,0,0,,player.fcgi?id=grimme000bla,,,
Hunter High*,21,2025,Tennessee,SEC,16,15,9,5,3,0,0,1,4,1,0,5,5,0.333,0.6,0.667,1.267,6,0,1,0,0,0,,player.fcgi?id=high--000hun,,,
Gavin Kilen*,21,2025,Tennessee,SEC,53,245,210,60,75,13,4,15,46,6,2,30,27,0.357,0.441,0.671,1.112,141,7,3,0,2,0,,player.fcgi?id=kilen-000gav,,,
Stone Lawless,20,2025,Tennessee,SEC,28,79,59,17,17,4,1,5,20,1,1,19,14,0.288,0.468,0.644,1.113,38,1,1,0,0,1,,player.fcgi?id=lawles000sto,,,
Manny Marin,20,2025,Tennessee,SEC,58,177,152,23,43,9,0,3,23,2,1,12,35,0.283,0.356,0.401,0.758,61,1,7,3,3,0,,player.fcgi?id=marin-000man,,,
Chris Newstrom,20,2025,Tennessee,SEC,33,68,57,15,20,4,0,5,19,3,0,8,19,0.351,0.433,0.684,1.117,39,2,1,1,1,0,,player.fcgi?id=newstr000chr,,,
Cannon Peebles#,21,2025,Tennessee,SEC,52,203,178,31,45,8,0,11,41,0,1,19,43,0.253,0.335,0.483,0.818,86,2,4,0,2,1,,player.fcgi?id=peeble000can,,,
Brayden Sharp*,20,2025,Tennessee,SEC,13,6,5,2,0,0,0,0,0,1,0,1,1,0,0.167,0,0.167,0,0,0,0,0,0,,player.fcgi?id=sharp-000bra,,,
Billy Amick,21,2024,Tennessee,SEC,65,292,255,67,78,14,1,23,65,3,1,29,53,0.306,0.387,0.639,1.026,163,3,6,0,2,1,,player.fcgi?id=amick-000bil,,,
Ariel Antigua,19,2024,Tennessee,SEC,40,25,23,4,5,2,0,0,4,0,0,2,9,0.217,0.28,0.304,0.584,7,1,0,0,0,0,,player.fcgi?id=antigu000ari,,,
Colby Backus,22,2024,Tennessee,SEC,28,38,31,16,12,3,0,5,12,2,0,6,13,0.387,0.5,0.968,1.468,30,0,1,0,0,0,,player.fcgi?id=backus000col,,,
Dalton Bargo*,20,2024,Tennessee,SEC,50,126,107,27,30,5,0,8,27,2,1,12,37,0.28,0.373,0.551,0.924,59,1,5,0,2,0,,player.fcgi?id=bargo-000dal,,,
Camden Bates,20,2024,Tennessee,SEC,10,12,8,3,2,0,0,1,4,0,0,3,3,0.25,0.417,0.625,1.042,5,0,0,0,1,0,,player.fcgi?id=bates-000cam,,,
Blake Burke*,21,2024,Tennessee,SEC,72,323,285,74,108,30,1,20,61,11,2,35,48,0.379,0.449,0.702,1.151,200,3,2,0,1,2,,player.fcgi?id=burke-000bla,,,
Reese Chapman*,20,2024,Tennessee,SEC,50,134,106,22,29,5,0,7,31,2,0,17,38,0.274,0.399,0.519,0.917,55,3,7,1,3,0,,player.fcgi?id=chapma000ree,,,
Dean Curley,20,2024,Tennessee,SEC,67,268,221,51,63,10,1,12,50,9,1,31,47,0.285,0.386,0.502,0.888,111,5,9,1,6,0,,player.fcgi?id=curley000dea,,,
Dylan Dreiling*,21,2024,Tennessee,SEC,71,303,246,72,84,19,2,23,75,4,1,53,62,0.342,0.459,0.715,1.174,176,0,2,0,2,0,,player.fcgi?id=dreili000dyl,,,
Hunter Ensley,22,2024,Tennessee,SEC,68,252,216,45,64,15,0,12,48,4,4,27,48,0.296,0.39,0.532,0.923,115,5,7,1,1,0,,player.fcgi?id=ensley000hun,,,
Hunter High*,20,2024,Tennessee,SEC,11,14,13,6,5,3,0,0,1,0,0,1,3,0.385,0.429,0.615,1.044,8,0,0,0,0,0,,player.fcgi?id=high--000hun,,,
Bradke Lohry,21,2024,Tennessee,SEC,27,42,29,14,7,3,0,0,8,0,0,10,14,0.241,0.452,0.345,0.797,10,0,2,0,1,0,,player.fcgi?id=lohry-000bra,,,
Christian Moore,21,2024,Tennessee,SEC,72,337,296,83,111,19,2,34,74,5,4,38,49,0.375,0.451,0.797,1.248,236,5,3,0,0,0,,player.fcgi?id=moore-008chr,,,
Ethan Payne*,23,2024,Tennessee,SEC,22,24,18,7,5,0,0,0,2,0,0,4,5,0.278,0.435,0.278,0.713,5,0,1,1,0,0,,player.fcgi?id=payne-001eth,,,
Cannon Peebles#,20,2024,Tennessee,SEC,54,153,116,30,25,7,0,2,24,2,2,30,34,0.216,0.379,0.328,0.707,38,2,3,0,4,1,,player.fcgi?id=peeble000can,,,
Alex Perry,21,2024,Tennessee,SEC,7,10,7,2,2,0,0,0,3,1,0,3,2,0.286,0.5,0.286,0.786,2,0,0,0,0,0,,player.fcgi?id=perry-002ale,,,
Brayden Sharp*,19,2024,Tennessee,SEC,4,2,2,0,0,0,0,0,0,0,0,0,1,0,0,0,0,0,0,0,0,0,0,,player.fcgi?id=sharp-000bra,,,
Cal Stark,21,2024,Tennessee,SEC,53,169,137,35,29,6,1,11,30,1,1,19,59,0.212,0.353,0.511,0.864,70,1,11,2,0,0,,player.fcgi?id=stark-001cal,,,
Charlie Taylor,23,2024,Tennessee,SEC,20,27,23,6,3,0,0,1,6,0,0,3,7,0.13,0.259,0.261,0.52,6,1,1,0,0,0,,player.fcgi?id=taylor015cha,,,
Kavares Tears*,21,2024,Tennessee,SEC,71,293,244,73,79,16,1,20,62,4,1,45,74,0.324,0.427,0.643,1.07,157,3,1,0,3,1,,player.fcgi?id=tears-000kav,,,
Robin Villeneuve,20,2024,Tennessee,SEC,35,103,80,20,23,3,0,5,22,0,0,14,38,0.288,0.447,0.513,0.959,41,0,9,0,0,0,,player.fcgi?id=villen001rob,,,
Maui Ahuna*,21,2023,Tennessee,SEC,53,247,205,43,64,20,1,8,42,4,3,37,77,0.312,0.425,0.537,0.962,110,0,4,0,1,0,,player.fcgi?id=ahuna-000mau,,,
Kyle Booker*,21,2023,Tennessee,SEC,28,63,55,9,13,3,0,1,4,2,0,6,23,0.236,0.323,0.346,0.668,19,1,1,1,0,0,,player.fcgi?id=booker000kyl,,,
Blake Burke*,20,2023,Tennessee,SEC,65,282,243,48,68,6,3,16,43,4,1,26,49,0.28,0.369,0.527,0.896,128,3,10,0,3,4,,player.fcgi?id=burke-000bla,,,
Logan Chambers*,22,2023,Tennessee,SEC,19,34,25,9,6,0,1,1,3,0,0,9,5,0.24,0.441,0.44,0.881,11,0,0,0,0,0,,player.fcgi?id=chambe000log,,,
Reese Chapman*,19,2023,Tennessee,SEC,15,24,19,7,5,0,0,2,7,1,0,3,3,0.263,0.417,0.579,0.996,11,1,2,0,0,0,,player.fcgi?id=chapma000ree,,,
Zane Denton#,22,2023,Tennessee,SEC,66,268,212,43,57,9,3,16,59,1,1,46,62,0.269,0.403,0.566,0.969,120,1,5,0,5,3,,player.fcgi?id=denton000zan,,,
Jared Dickey*,21,2023,Tennessee,SEC,63,273,244,55,80,6,3,12,52,7,3,20,34,0.328,0.392,0.525,0.917,128,4,7,0,2,1,,player.fcgi?id=dickey000jar,,,
Dylan Dreiling*,20,2023,Tennessee,SEC,50,120,95,20,28,6,2,7,20,1,0,24,20,0.295,0.433,0.621,1.054,59,0,0,0,1,0,,player.fcgi?id=dreili000dyl,,,
Hunter Ensley,21,2023,Tennessee,SEC,59,232,193,37,54,7,0,7,31,6,2,24,43,0.28,0.391,0.425,0.816,82,4,12,2,1,1,,player.fcgi?id=ensley000hun,,,
Austen Jaslove,21,2023,Tennessee,SEC,24,42,37,8,7,2,0,0,8,1,0,4,6,0.189,0.268,0.243,0.512,9,1,0,1,0,0,,player.fcgi?id=jaslov000aus,,,
Jake Kendro,20,2023,Tennessee,SEC,24,37,32,6,7,4,0,1,6,0,0,4,14,0.219,0.306,0.438,0.743,14,1,0,1,0,0,,player.fcgi?id=kendro000jak,,,
Griffin Merritt,23,2023,Tennessee,SEC,61,222,193,42,60,11,0,18,48,2,0,18,50,0.311,0.392,0.648,1.04,125,5,9,0,2,0,,player.fcgi?id=merrit000gri,,,
Ryan Miller*,20,2023,Tennessee,SEC,12,17,11,8,5,1,0,3,9,0,0,5,2,0.455,0.647,1.364,2.011,15,0,1,0,0,0,,player.fcgi?id=miller017rya,,,
Christian Moore,20,2023,Tennessee,SEC,63,275,214,66,65,13,0,17,50,16,2,50,67,0.304,0.444,0.603,1.046,129,2,7,0,4,0,,player.fcgi?id=moore-008chr,,,
Ethan Payne*,22,2023,Tennessee,SEC,14,17,12,4,4,2,0,0,3,0,0,2,7,0.333,0.467,0.5,0.967,6,0,1,2,0,0,,player.fcgi?id=payne-001eth,,,
Christian Scott*,23,2023,Tennessee,SEC,63,192,154,37,41,7,1,7,34,12,0,30,52,0.266,0.396,0.461,0.857,71,2,3,5,0,0,,player.fcgi?id=scott-006chr,,,
Cal Stark,20,2023,Tennessee,SEC,53,150,111,19,20,4,0,5,17,1,0,19,50,0.18,0.365,0.351,0.716,39,0,15,2,3,0,,player.fcgi?id=stark-001cal,,,
Charlie Taylor,22,2023,Tennessee,SEC,44,83,69,16,16,5,1,3,13,1,1,12,14,0.232,0.346,0.464,0.81,32,3,0,2,0,0,,player.fcgi?id=taylor015cha,,,
Kavares Tears*,20,2023,Tennessee,SEC,29,66,56,12,17,6,0,2,11,0,1,7,18,0.304,0.379,0.518,0.897,29,2,1,0,2,0,,player.fcgi?id=tears-000kav,,,
Jordan Beck,21,2022,Tennessee,SEC,66,297,252,70,75,15,3,18,61,6,4,37,62,0.298,0.391,0.595,0.986,150,7,4,0,4,1,,player.fcgi?id=beck--001jor,,,
Kyle Booker*,20,2022,Tennessee,SEC,29,55,45,12,10,3,0,1,10,1,0,7,12,0.222,0.364,0.356,0.719,16,0,3,0,0,0,,player.fcgi?id=booker000kyl,,,
Blake Burke*,19,2022,Tennessee,SEC,45,120,95,30,31,3,1,14,32,2,1,19,37,0.326,0.467,0.821,1.288,78,0,6,0,0,1,,player.fcgi?id=burke-000bla,,,
Logan Chambers*,21,2022,Tennessee,SEC,18,35,25,6,5,0,0,0,4,0,0,8,5,0.2,0.371,0.2,0.571,5,1,0,0,2,0,,player.fcgi?id=chambe000log,,,
Jared Dickey*,20,2022,Tennessee,SEC,40,126,100,29,38,8,1,7,19,3,1,20,12,0.38,0.484,0.69,1.174,69,1,2,2,2,0,,player.fcgi?id=dickey000jar,,,
Hunter Ensley,20,2022,Tennessee,SEC,13,20,16,5,3,2,0,0,0,0,0,4,8,0.188,0.35,0.313,0.663,5,1,0,0,0,0,,player.fcgi?id=ensley000hun,,,
Drew Gilbert*,21,2022,Tennessee,SEC,58,244,199,60,72,21,4,11,70,4,2,33,32,0.362,0.455,0.673,1.128,134,1,6,0,6,2,,player.fcgi?id=gilber002and,,,
Cortland Lawson,22,2022,Tennessee,SEC,65,256,201,42,54,9,2,12,45,2,2,42,65,0.269,0.402,0.512,0.914,103,1,6,2,5,0,,player.fcgi?id=lawson001cor,,,
Luc Lipcius*,24,2022,Tennessee,SEC,65,266,198,70,62,11,1,19,44,14,4,59,62,0.313,0.466,0.667,1.133,132,0,2,2,5,0,,player.fcgi?id=lipciu000luc,,,
Trey Lipscomb,22,2022,Tennessee,SEC,66,290,251,68,89,19,3,22,84,4,1,26,37,0.355,0.428,0.717,1.145,180,6,9,0,4,2,,player.fcgi?id=lipsco000tre,,,
Christian Moore,19,2022,Tennessee,SEC,51,149,118,30,36,3,2,10,36,1,0,27,38,0.305,0.443,0.619,1.062,73,1,3,0,1,0,,player.fcgi?id=moore-008chr,,,
Jorel Ortega,21,2022,Tennessee,SEC,66,264,235,57,76,20,4,18,61,3,1,25,40,0.323,0.398,0.672,1.07,158,6,4,0,0,1,,player.fcgi?id=ortega003jor,,,
Ethan Payne*,21,2022,Tennessee,SEC,18,20,14,7,4,2,0,1,3,0,0,4,8,0.286,0.5,0.643,1.143,9,0,2,0,0,0,,player.fcgi?id=payne-001eth,,,
Evan Russell,23,2022,Tennessee,SEC,57,237,201,40,58,16,1,14,45,7,1,33,39,0.289,0.39,0.587,0.977,118,8,1,1,1,0,,player.fcgi?id=russel000eva,,,
Christian Scott*,22,2022,Tennessee,SEC,51,92,70,24,14,2,0,4,14,8,2,16,17,0.2,0.38,0.4,0.78,28,0,5,0,1,0,,player.fcgi?id=scott-006chr,,,
Logan Steenstra,22,2022,Tennessee,SEC,36,54,44,11,13,4,0,3,15,1,0,5,18,0.296,0.426,0.591,1.017,26,0,5,0,0,0,,player.fcgi?id=steens000log,,,
Seth Stephenson,21,2022,Tennessee,SEC,59,207,183,46,62,17,1,4,28,25,5,15,41,0.339,0.408,0.508,0.916,93,1,7,1,1,0,,player.fcgi?id=stephe002set,,,
Charlie Taylor,21,2022,Tennessee,SEC,22,50,36,6,2,1,0,0,3,3,0,8,15,0.056,0.306,0.083,0.389,3,0,5,1,0,0,,player.fcgi?id=taylor015cha,,,
Jordan Beck,20,2021,Tennessee,SEC,67,289,258,42,70,16,2,15,64,8,1,24,60,0.271,0.336,0.523,0.859,135,,3,0,4,1,,player.fcgi?id=beck--001jor,,,
Kyle Booker*,19,2021,Tennessee,SEC,27,68,58,16,18,5,0,1,10,1,0,7,18,0.31,0.382,0.448,0.831,26,,1,0,2,0,,player.fcgi?id=booker000kyl,,,
Pete Derkay*,23,2021,Tennessee,SEC,58,221,182,35,53,10,1,4,21,5,2,29,26,0.291,0.406,0.423,0.83,77,,7,2,1,2,,player.fcgi?id=derkay000pet,,,
Hunter Ensley,19,2021,Tennessee,SEC,1,1,1,0,0,0,0,0,0,0,0,0,0,0,0,0,0,0,,0,0,0,0,,player.fcgi?id=ensley000hun,,,
Max Ferguson*,21,2021,Tennessee,SEC,67,312,245,46,62,11,2,12,46,15,4,47,71,0.253,0.378,0.461,0.84,113,,6,8,6,1,,player.fcgi?id=fergus000max,,,
Drew Gilbert*,20,2021,Tennessee,SEC,68,303,270,41,74,12,1,10,62,10,1,15,40,0.274,0.341,0.437,0.778,118,,14,1,3,2,,player.fcgi?id=gilber002and,,,
Jackson Greer,23,2021,Tennessee,SEC,26,93,70,13,19,5,0,3,9,1,1,16,23,0.271,0.435,0.471,0.906,33,,5,1,1,0,,player.fcgi?id=greer-000jac,,,
Cortland Lawson,21,2021,Tennessee,SEC,13,16,14,4,5,1,0,1,3,0,0,0,5,0.357,0.438,0.643,1.08,9,,2,0,0,0,,player.fcgi?id=lawson001cor,,,
Luc Lipcius*,23,2021,Tennessee,SEC,67,269,225,48,54,9,0,15,42,6,0,36,64,0.24,0.357,0.48,0.837,108,,6,0,2,0,,player.fcgi?id=lipciu000luc,,,
Trey Lipscomb,21,2021,Tennessee,SEC,14,34,29,7,9,3,0,1,9,1,1,4,6,0.31,0.412,0.517,0.929,15,,1,0,0,0,,player.fcgi?id=lipsco000tre,,,
Brock Lucas,19,2021,Tennessee,SEC,2,0,0,1,0,0,0,0,0,0,0,0,0,,,,,0,,0,0,0,0,,player.fcgi?id=lucas-001bro,,,
Jorel Ortega,20,2021,Tennessee,SEC,13,36,27,9,4,1,0,1,3,0,0,6,12,0.148,0.333,0.296,0.63,8,,2,0,1,0,,player.fcgi?id=ortega003jor,,,
Connor Pavolony,21,2021,Tennessee,SEC,49,184,154,29,40,7,0,7,26,5,0,20,46,0.26,0.365,0.442,0.806,68,,6,3,1,0,,player.fcgi?id=pavolo000con,,,
Ethan Payne*,20,2021,Tennessee,SEC,13,13,11,5,2,0,0,0,0,0,0,2,5,0.182,0.308,0.182,0.49,2,,0,0,0,0,,player.fcgi?id=payne-001eth,,,
Jake Rucker,21,2021,Tennessee,SEC,67,309,273,48,90,21,2,9,55,7,3,27,63,0.33,0.399,0.52,0.92,142,,6,1,2,2,,player.fcgi?id=rucker000jak,,,
Evan Russell,22,2021,Tennessee,SEC,63,241,206,41,49,10,1,14,43,3,2,29,62,0.238,0.342,0.5,0.842,103,,4,1,1,0,,player.fcgi?id=russel000eva,,,
Christian Scott*,21,2021,Tennessee,SEC,31,54,42,14,12,4,0,0,5,2,0,10,7,0.286,0.415,0.381,0.796,16,,0,1,1,0,,player.fcgi?id=scott-006chr,,,
Liam Spence,23,2021,Tennessee,SEC,65,312,244,63,82,11,2,5,36,5,3,54,50,0.336,0.473,0.459,0.932,112,,10,3,1,3,,player.fcgi?id=spence000lia,,,
Logan Steenstra,21,2021,Tennessee,SEC,27,67,48,13,14,8,1,0,6,3,0,10,15,0.292,0.462,0.5,0.962,24,,6,2,1,0,,player.fcgi?id=steens000log,,,
Ethan Anderson,19,2020,Tennessee,SEC,4,3,2,1,0,0,0,0,0,0,0,1,1,0,0.333,0,0.333,0,,0,0,0,0,,player.fcgi?id=anders000eth,,,
Jordan Beck,19,2020,Tennessee,SEC,16,48,40,10,11,5,0,1,9,0,0,8,11,0.275,0.396,0.475,0.871,19,,0,0,0,0,,player.fcgi?id=beck--001jor,,,
Zach Daniels,21,2020,Tennessee,SEC,17,69,56,20,20,8,1,4,18,3,0,13,14,0.357,0.478,0.75,1.228,42,,0,0,0,0,,player.fcgi?id=daniel004zac,,,
Pete Derkay*,22,2020,Tennessee,SEC,13,30,24,7,13,2,0,1,11,0,0,5,4,0.542,0.633,0.75,1.383,18,,1,0,0,0,,player.fcgi?id=derkay000pet,,,
Max Ferguson*,20,2020,Tennessee,SEC,13,52,42,12,14,2,0,2,6,9,1,8,9,0.333,0.462,0.524,0.985,22,,2,0,0,0,,player.fcgi?id=fergus000max,,,
Drew Gilbert*,19,2020,Tennessee,SEC,15,51,40,15,14,3,0,1,8,2,0,7,6,0.35,0.49,0.5,0.99,20,,4,0,0,0,,player.fcgi?id=gilber002and,,,
Landon Gray*,22,2020,Tennessee,SEC,11,32,22,10,7,1,0,2,8,0,0,7,6,0.318,0.483,0.636,1.119,14,,0,3,0,0,,player.fcgi?id=gray--002lan,,,
Austin Knight,20,2020,Tennessee,SEC,10,24,21,6,4,0,0,2,6,1,0,3,4,0.191,0.292,0.476,0.768,10,,0,0,0,0,,player.fcgi?id=knight004aus,,,
Luc Lipcius*,22,2020,Tennessee,SEC,17,61,43,13,14,7,1,2,15,3,0,16,8,0.326,0.525,0.674,1.199,29,,2,0,0,0,,player.fcgi?id=lipciu000luc,,,
Trey Lipscomb,20,2020,Tennessee,SEC,11,35,26,8,7,0,0,1,9,2,0,7,1,0.269,0.4,0.385,0.785,10,,0,0,2,0,,player.fcgi?id=lipsco000tre,,,
Connor Pavolony,20,2020,Tennessee,SEC,12,43,38,9,13,3,0,4,12,0,1,3,6,0.342,0.395,0.737,1.132,28,,1,0,1,0,,player.fcgi?id=pavolo000con,,,
Jake Rucker,20,2020,Tennessee,SEC,17,74,62,15,21,4,1,3,13,2,0,9,13,0.339,0.425,0.581,1.005,36,,1,1,1,0,,player.fcgi?id=rucker000jak,,,
Evan Russell,21,2020,Tennessee,SEC,16,61,48,14,13,3,0,2,12,3,0,9,10,0.271,0.393,0.458,0.852,22,,2,0,2,0,,player.fcgi?id=russel000eva,,,
Christian Scott*,20,2020,Tennessee,SEC,13,16,14,5,4,0,0,0,3,1,0,1,6,0.286,0.313,0.286,0.598,4,,0,0,1,0,,player.fcgi?id=scott-006chr,,,
Alerick Soularie,20,2020,Tennessee,SEC,16,74,60,16,16,1,0,5,17,2,0,12,8,0.267,0.392,0.533,0.925,32,,1,0,1,0,,player.fcgi?id=soular000ale,,,
Liam Spence,22,2020,Tennessee,SEC,16,66,52,13,18,3,0,1,12,2,0,12,10,0.346,0.462,0.462,0.923,24,,0,1,1,0,,player.fcgi?id=spence000lia,,,
Matt Turino*,20,2020,Tennessee,SEC,8,17,13,6,4,1,0,0,1,0,0,3,2,0.308,0.471,0.385,0.855,5,,1,0,0,0,,player.fcgi?id=turino000mat,,,
Justin Ammons*,21,2019,Tennessee,SEC,59,254,213,45,54,8,1,3,19,20,5,31,46,0.254,0.355,0.343,0.697,73,,4,3,3,1,,player.fcgi?id=ammons000jus,,,
Jay Charleston,21,2019,Tennessee,SEC,61,274,232,44,51,9,1,0,22,41,4,29,46,0.22,0.316,0.267,0.583,62,,5,5,3,0,,player.fcgi?id=charle000jay,,,
Zach Daniels,20,2019,Tennessee,SEC,31,65,60,11,12,1,0,4,10,1,0,5,29,0.2,0.262,0.417,0.678,25,,0,0,0,0,,player.fcgi?id=daniel004zac,,,
Pete Derkay*,21,2019,Tennessee,SEC,51,140,114,17,26,5,1,3,21,1,0,20,20,0.228,0.353,0.368,0.721,42,,3,1,2,1,,player.fcgi?id=derkay000pet,,,
Max Ferguson*,19,2019,Tennessee,SEC,34,101,78,11,18,1,1,0,9,4,0,19,14,0.231,0.39,0.269,0.659,21,,2,1,1,0,,player.fcgi?id=fergus000max,,,
Landon Gray*,21,2019,Tennessee,SEC,39,105,86,5,14,3,1,3,11,0,0,8,25,0.163,0.245,0.326,0.571,28,,2,7,2,0,,player.fcgi?id=gray--002lan,,,
Will Heflin*,22,2019,Tennessee,SEC,28,0,0,1,0,0,0,0,0,0,0,0,0,,,,,0,,0,0,0,0,,player.fcgi?id=heflin000wil,,,
Austin Knight,19,2019,Tennessee,SEC,15,18,12,5,1,0,0,0,1,1,0,5,2,0.083,0.333,0.083,0.417,1,,0,0,1,0,,player.fcgi?id=knight004aus,,,
Andre Lipcius,21,2019,Tennessee,SEC,61,276,237,51,73,15,0,17,58,10,1,31,33,0.308,0.399,0.587,0.985,139,,6,0,2,3,,player.fcgi?id=lipciu000and,,,
Luc Lipcius*,21,2019,Tennessee,SEC,16,61,49,15,17,4,2,3,14,1,0,10,10,0.347,0.459,0.694,1.153,34,,1,0,1,0,,player.fcgi?id=lipciu000luc,,,
Trey Lipscomb,19,2019,Tennessee,SEC,12,14,14,0,1,1,0,0,1,0,0,0,2,0.071,0.071,0.143,0.214,2,,0,0,0,0,,player.fcgi?id=lipsco000tre,,,
Ricky Martinez,21,2019,Tennessee,SEC,61,249,222,36,62,18,1,1,28,11,1,17,46,0.279,0.35,0.383,0.733,85,,7,3,0,1,,player.fcgi?id=martin025ric,,,
Nico Mascia?,--,2019,Tennessee,SEC,23,29,17,4,1,1,0,0,2,0,0,8,11,0.059,0.385,0.118,0.502,2,,1,3,0,1,,player.fcgi?id=mascia000nic,,,
Connor Pavolony,19,2019,Tennessee,SEC,44,136,101,20,23,6,1,2,17,1,0,22,27,0.228,0.391,0.366,0.757,37,,7,3,3,0,,player.fcgi?id=pavolo000con,,,
Jake Rucker,19,2019,Tennessee,SEC,61,218,183,26,50,10,1,0,28,3,1,21,28,0.273,0.359,0.339,0.697,62,,5,6,3,0,,player.fcgi?id=rucker000jak,,,
Evan Russell,20,2019,Tennessee,SEC,55,207,168,30,46,11,0,6,39,5,0,30,42,0.274,0.382,0.446,0.828,75,,3,0,6,0,,player.fcgi?id=russel000eva,,,
Christian Scott*,19,2019,Tennessee,SEC,21,37,28,5,9,3,0,0,1,1,0,9,8,0.321,0.487,0.429,0.915,12,,0,0,0,0,,player.fcgi?id=scott-006chr,,,
Alerick Soularie,19,2019,Tennessee,SEC,60,237,196,52,70,13,1,11,46,8,1,37,39,0.357,0.466,0.602,1.068,118,,3,1,0,3,,player.fcgi?id=soular000ale,,,
Justin Ammons*,20,2018,Tennessee,SEC,55,249,212,34,58,8,3,3,22,6,0,25,36,0.274,0.382,0.382,0.764,81,,12,0,0,0,,player.fcgi?id=ammons000jus,,,
Jay Charleston,20,2018,Tennessee,SEC,56,261,228,42,65,6,0,4,26,21,5,21,52,0.285,0.362,0.364,0.726,83,,7,4,1,0,,player.fcgi?id=charle000jay,,,
Brandon Chinea,20,2018,Tennessee,SEC,43,133,111,14,19,5,0,2,8,3,1,12,26,0.171,0.281,0.27,0.552,30,,5,5,0,0,,player.fcgi?id=chinea000bra,,,
Zach Daniels,19,2018,Tennessee,SEC,35,119,93,18,15,2,0,5,16,2,0,24,40,0.161,0.339,0.344,0.683,32,,1,1,0,0,,player.fcgi?id=daniel004zac,,,
Pete Derkay*,20,2018,Tennessee,SEC,56,242,189,21,48,15,1,0,32,2,0,41,34,0.254,0.403,0.344,0.746,65,,8,1,3,0,,player.fcgi?id=derkay000pet,,,
Cal Gobbell,21,2018,Tennessee,SEC,11,14,10,2,3,1,0,0,2,0,0,2,4,0.3,0.462,0.4,0.862,4,,1,1,0,0,,player.fcgi?id=gobbel000cal,,,
Will Heflin*,21,2018,Tennessee,SEC,21,1,1,1,0,0,0,0,0,0,0,0,1,0,0,0,0,0,,0,0,0,0,,player.fcgi?id=heflin000wil,,,
Brodie Leftridge,22,2018,Tennessee,SEC,53,207,183,26,42,6,2,4,27,6,5,15,57,0.23,0.306,0.35,0.656,64,,6,1,2,0,,player.fcgi?id=leftri000bro,,,
Andre Lipcius,20,2018,Tennessee,SEC,56,238,203,39,64,11,0,7,42,2,1,28,29,0.315,0.399,0.473,0.872,96,,3,0,4,2,,player.fcgi?id=lipciu000and,,,
Luc Lipcius*,20,2018,Tennessee,SEC,20,32,24,4,3,0,0,0,0,0,0,7,8,0.125,0.313,0.125,0.438,3,,0,0,1,0,,player.fcgi?id=lipciu000luc,,,
Nico Mascia?,--,2018,Tennessee,SEC,45,151,115,26,32,9,0,5,15,2,0,21,29,0.278,0.439,0.487,0.926,56,,12,3,0,0,,player.fcgi?id=mascia000nic,,,
Evan Russell,19,2018,Tennessee,SEC,42,151,127,19,33,2,2,3,23,1,1,16,26,0.26,0.358,0.378,0.736,48,,5,0,3,0,,player.fcgi?id=russel000eva,,,
Benito Santiago*,23,2018,Tennessee,SEC,54,227,203,30,53,15,1,7,34,2,1,19,68,0.261,0.327,0.448,0.776,91,,2,1,2,1,,player.fcgi?id=santia003ben,,,
Alex Sosnowski?,--,2018,Tennessee,SEC,9,8,6,3,1,0,0,0,1,0,0,0,4,0.167,0.375,0.167,0.542,1,,2,0,0,0,,player.fcgi?id=sosnow000ale,,,
Wyatt Stapp*,19,2018,Tennessee,SEC,30,107,86,9,22,5,0,0,11,0,1,18,23,0.256,0.391,0.314,0.705,27,,1,2,0,1,,player.fcgi?id=stapp-000wya,,,
Brandon Trammell,19,2018,Tennessee,SEC,32,86,77,7,16,4,1,2,11,0,0,9,30,0.208,0.291,0.364,0.654,28,,0,0,0,0,,player.fcgi?id=tramme000bra,,,
Justin Ammons*,19,2017,Tennessee,SEC,48,215,184,26,46,11,1,2,15,5,5,28,35,0.25,0.352,0.353,0.705,65,,1,2,0,0,,player.fcgi?id=ammons000jus,,,
Max Bartlett,22,2017,Tennessee,SEC,35,98,83,8,23,4,0,1,16,2,0,9,26,0.277,0.375,0.361,0.736,30,,4,2,0,0,,player.fcgi?id=bartle000max,,,
Jay Charleston,19,2017,Tennessee,SEC,25,54,48,9,12,0,0,0,3,5,1,5,14,0.25,0.315,0.25,0.565,12,,0,0,1,0,,player.fcgi?id=charle000jay,,,
Brandon Chinea,19,2017,Tennessee,SEC,20,32,27,4,2,1,0,0,3,0,0,1,5,0.074,0.125,0.111,0.236,3,,1,0,3,0,,player.fcgi?id=chinea000bra,,,
Pete Derkay*,19,2017,Tennessee,SEC,51,209,160,22,46,6,1,1,18,3,1,37,21,0.288,0.44,0.356,0.797,57,,9,0,3,1,,player.fcgi?id=derkay000pet,,,
Will Heflin*,20,2017,Tennessee,SEC,30,38,35,3,6,1,0,0,6,1,0,2,7,0.171,0.211,0.2,0.411,7,,0,0,1,0,,player.fcgi?id=heflin000wil,,,
Brodie Leftridge,21,2017,Tennessee,SEC,40,126,114,13,21,2,1,1,10,4,0,5,37,0.184,0.215,0.246,0.461,28,,0,5,2,0,,player.fcgi?id=leftri000bro,,,
Zach Linginfelter*,20,2017,Tennessee,SEC,22,1,1,0,0,0,0,0,0,0,0,0,1,0,0,0,0,0,,0,0,0,0,,player.fcgi?id=lingin000zac,,,
Andre Lipcius,19,2017,Tennessee,SEC,52,231,193,32,53,11,2,1,26,9,4,31,36,0.275,0.381,0.368,0.749,71,,4,0,3,2,,player.fcgi?id=lipciu000and,,,
Luc Lipcius*,19,2017,Tennessee,SEC,33,100,86,8,22,3,0,1,8,3,1,9,16,0.256,0.354,0.326,0.679,28,,4,1,0,0,,player.fcgi?id=lipciu000luc,,,
Nico Mascia?,--,2017,Tennessee,SEC,1,1,1,0,0,0,0,0,0,0,0,0,1,0,0,0,0,0,,0,0,0,0,,player.fcgi?id=mascia000nic,,,
Jeff Moberg,22,2017,Tennessee,SEC,51,237,209,32,65,10,3,9,33,5,2,16,60,0.311,0.386,0.517,0.902,108,,10,1,1,2,,player.fcgi?id=moberg000jef,,,
Jordan Rodgers,22,2017,Tennessee,SEC,51,231,205,39,66,10,1,9,35,8,2,19,30,0.322,0.39,0.512,0.902,105,,5,0,2,1,,player.fcgi?id=rodger000jor,,,
Benito Santiago*,22,2017,Tennessee,SEC,33,137,120,20,30,6,4,3,20,5,1,15,42,0.25,0.338,0.442,0.78,53,,1,1,0,0,,player.fcgi?id=santia003ben,,,
Danny Sirven?,--,2017,Tennessee,SEC,16,32,30,3,5,0,0,0,1,0,0,2,9,0.167,0.219,0.167,0.386,5,,0,0,0,0,,player.fcgi?id=sirven000dan,,,
Reggie Southall#,23,2017,Tennessee,SEC,31,92,75,7,16,2,0,0,8,0,2,11,20,0.213,0.314,0.24,0.554,18,,0,6,0,1,,player.fcgi?id=southa000reg,,,
Dominic Thornton?,--,2017,Tennessee,SEC,39,135,116,18,27,6,0,4,17,3,3,12,20,0.233,0.333,0.388,0.721,45,,6,0,1,0,,player.fcgi?id=thornt000dom,,,
Matt Waldren?,--,2017,Tennessee,SEC,40,91,67,12,12,4,0,1,11,2,0,10,12,0.179,0.352,0.284,0.636,19,,9,3,2,0,,player.fcgi?id=waldre000mat,,,
Max Bartlett,21,2016,Tennessee,SEC,44,163,144,19,29,7,0,0,11,3,2,14,46,0.201,0.284,0.25,0.534,36,,3,1,1,0,,player.fcgi?id=bartle000max,,,
Dominick Cammarata,20,2016,Tennessee,SEC,8,12,11,0,0,0,0,0,0,0,0,1,5,0,0.083,0,0.083,0,,0,0,0,0,,player.fcgi?id=cammar000dom,,,
Chris Hall*,23,2016,Tennessee,SEC,57,262,202,49,62,8,1,0,22,12,1,32,37,0.307,0.439,0.356,0.796,72,,18,7,3,0,,player.fcgi?id=hall--007chr,,,
Bryant Harris,19,2016,Tennessee,SEC,7,6,6,0,1,0,0,0,0,0,0,0,0,0.167,0.167,0.167,0.333,1,,0,0,0,0,,player.fcgi?id=harris003bry,,,
Vince Jackson*,22,2016,Tennessee,SEC,57,250,207,42,69,10,1,8,57,7,4,28,37,0.333,0.426,0.507,0.933,105,,9,1,5,2,,player.fcgi?id=jackso003vin,,,
Derek Lance,22,2016,Tennessee,SEC,57,226,198,32,65,6,1,0,24,8,4,24,29,0.328,0.394,0.369,0.763,73,,0,0,4,0,,player.fcgi?id=lance-000der,,,
Brett Langhorne*,20,2016,Tennessee,SEC,16,25,22,1,1,0,0,0,1,0,0,1,9,0.046,0.087,0.046,0.133,1,,0,2,0,0,,player.fcgi?id=langho000bre,,,
Brodie Leftridge,20,2016,Tennessee,SEC,40,109,96,19,29,4,4,0,6,8,2,8,23,0.302,0.374,0.427,0.801,41,,3,2,0,0,,player.fcgi?id=leftri000bro,,,
Jeff Moberg,21,2016,Tennessee,SEC,16,79,65,28,27,9,0,0,5,4,2,10,11,0.415,0.519,0.554,1.073,36,,4,0,0,0,,player.fcgi?id=moberg000jef,,,
Daniel Neal,20,2016,Tennessee,SEC,19,40,38,5,8,0,0,0,1,1,1,1,18,0.211,0.225,0.211,0.436,8,,0,0,1,0,,player.fcgi?id=neal--001dan,,,
Jared Pruett*,23,2016,Tennessee,SEC,34,85,77,3,12,0,0,0,5,2,2,5,7,0.156,0.207,0.156,0.363,12,,0,3,0,0,,player.fcgi?id=pruett000jar,,,
Leno Ramirez?,--,2016,Tennessee,SEC,37,98,85,11,23,9,0,0,17,1,1,7,25,0.271,0.347,0.377,0.723,32,,4,0,2,0,,player.fcgi?id=ramire000len,,,
Jordan Rodgers,21,2016,Tennessee,SEC,56,243,216,36,61,15,5,4,56,13,1,15,41,0.282,0.337,0.454,0.791,98,,6,0,6,0,,player.fcgi?id=rodger000jor,,,
Benito Santiago*,21,2016,Tennessee,SEC,53,199,181,33,56,11,3,1,18,4,3,14,58,0.309,0.362,0.42,0.782,76,,1,3,0,0,,player.fcgi?id=santia003ben,,,
Tyler Schultz?,--,2016,Tennessee,SEC,40,137,116,6,27,4,0,0,18,6,0,8,29,0.233,0.313,0.267,0.581,31,,7,3,3,0,,player.fcgi?id=schult000tyl,,,
Nick Senzel,21,2016,Tennessee,SEC,57,259,209,57,74,25,1,8,59,25,4,40,21,0.354,0.456,0.598,1.054,125,,4,0,6,4,,player.fcgi?id=senzel000nic,,,
Sean Skelly,18,2016,Tennessee,SEC,10,21,17,2,3,2,0,0,0,0,0,3,9,0.177,0.3,0.294,0.594,5,,0,1,0,0,,player.fcgi?id=skelly000sea,,,
Aaron Soto*,20,2016,Tennessee,SEC,18,1,1,0,0,0,0,0,0,0,0,0,1,0,0,0,0,0,,0,0,0,0,,player.fcgi?id=soto--000aar,,,
Matt Waldren?,--,2016,Tennessee,SEC,29,49,40,4,8,1,2,0,6,1,1,6,13,0.2,0.347,0.325,0.672,13,,3,0,0,0,,player.fcgi?id=waldre000mat,,,
Chris Hall*,22,2015,Tennessee,SEC,44,130,99,20,22,0,0,0,6,9,3,13,12,0.222,0.366,0.222,0.588,22,,10,7,1,0,,player.fcgi?id=hall--007chr,,,
David Houser,21,2015,Tennessee,SEC,34,99,83,6,23,3,0,0,4,0,0,11,20,0.277,0.375,0.313,0.688,26,,2,3,0,0,,player.fcgi?id=houser000dav,,,
Vince Jackson*,21,2015,Tennessee,SEC,23,99,81,12,26,3,1,0,7,7,5,12,14,0.321,0.439,0.383,0.822,31,,5,1,0,1,,player.fcgi?id=jackso003vin,,,
Derek Lance,21,2015,Tennessee,SEC,23,82,75,9,13,3,0,0,2,4,1,4,18,0.173,0.215,0.213,0.429,16,,0,3,0,0,,player.fcgi?id=lance-000der,,,
Brett Langhorne*,19,2015,Tennessee,SEC,13,34,31,1,3,0,0,0,1,0,2,2,7,0.097,0.152,0.097,0.248,3,,0,1,0,0,,player.fcgi?id=langho000bre,,,
Andrew Lee*,21,2015,Tennessee,SEC,44,165,144,22,44,10,2,9,31,1,3,14,35,0.306,0.388,0.59,0.978,85,,6,0,1,2,,player.fcgi?id=lee---005and,,,
Brodie Leftridge,19,2015,Tennessee,SEC,28,79,73,9,16,3,2,1,4,2,0,1,24,0.219,0.23,0.356,0.586,26,,0,5,0,0,,player.fcgi?id=leftri000bro,,,
Nathaniel Maggio*,20,2015,Tennessee,SEC,33,101,85,7,20,3,0,3,9,1,0,11,26,0.235,0.34,0.377,0.717,32,,3,1,1,1,,player.fcgi?id=maggio000nat,,,
Jeff Moberg,20,2015,Tennessee,SEC,15,38,30,2,5,1,0,1,3,0,0,1,5,0.167,0.242,0.3,0.542,9,,2,5,0,0,,player.fcgi?id=moberg000jef,,,
Andrew Plunkett,--,2015,Tennessee,SEC,18,37,29,4,5,0,0,1,6,0,0,4,10,0.172,0.297,0.276,0.573,8,,2,0,2,0,,player.fcgi?id=plunke000and,,,
Jared Pruett*,22,2015,Tennessee,SEC,26,95,77,16,21,4,0,0,5,1,1,8,12,0.273,0.398,0.325,0.723,25,,8,2,0,0,,player.fcgi?id=pruett000jar,,,
Jordan Rodgers,20,2015,Tennessee,SEC,38,114,97,9,27,6,0,0,12,0,1,8,21,0.278,0.351,0.34,0.692,33,,4,3,2,0,,player.fcgi?id=rodger000jor,,,
Benito Santiago*,20,2015,Tennessee,SEC,33,91,76,3,10,1,0,0,1,5,0,5,29,0.132,0.205,0.145,0.35,11,,2,8,0,0,,player.fcgi?id=santia003ben,,,
Nick Senzel,20,2015,Tennessee,SEC,50,228,200,33,65,12,5,4,28,7,3,23,36,0.325,0.399,0.495,0.894,99,,3,0,2,0,,player.fcgi?id=senzel000nic,,,
A.J. Simcox,21,2015,Tennessee,SEC,50,221,188,29,55,7,3,1,27,15,3,19,30,0.293,0.362,0.378,0.739,71,,3,8,3,2,,player.fcgi?id=simcox000aus,,,
Christin Stewart*,21,2015,Tennessee,SEC,50,221,177,39,55,8,2,15,47,4,5,28,38,0.311,0.443,0.633,1.076,112,,15,0,1,3,,player.fcgi?id=stewar004chr,,,
Parker Wormsley?,--,2015,Tennessee,SEC,37,64,56,4,12,2,0,0,9,1,0,3,13,0.214,0.254,0.25,0.504,14,,0,5,0,0,,player.fcgi?id=wormsl000par,,,
Jonathan Youngblood,21,2015,Tennessee,SEC,10,18,13,4,2,0,0,0,2,0,1,2,4,0.154,0.294,0.154,0.448,2,,1,1,1,0,,player.fcgi?id=youngb001jon,,,
Pierce Bily?,--,2014,Tennessee,SEC,19,33,29,2,4,2,0,1,5,0,0,3,8,0.138,0.212,0.31,0.522,9,,0,0,1,0,,player.fcgi?id=bily--000pie,,,
David Houser,20,2014,Tennessee,SEC,34,123,109,9,25,4,0,0,14,1,0,6,44,0.229,0.279,0.266,0.545,29,,3,1,4,0,,player.fcgi?id=houser000dav,,,
Vince Jackson*,20,2014,Tennessee,SEC,49,181,154,21,36,6,1,2,27,7,4,15,18,0.234,0.311,0.325,0.635,50,,4,4,4,0,,player.fcgi?id=jackso003vin,,,
Derek Lance,20,2014,Tennessee,SEC,32,94,79,11,23,3,0,2,17,3,1,12,20,0.291,0.38,0.405,0.786,32,,0,2,1,0,,player.fcgi?id=lance-000der,,,
Andrew Lee*,20,2014,Tennessee,SEC,28,11,6,2,1,0,0,0,0,0,0,2,3,0.167,0.444,0.167,0.611,1,,1,2,0,0,,player.fcgi?id=lee---005and,,,
Will Maddox*,22,2014,Tennessee,SEC,54,236,195,38,58,6,2,3,21,24,6,29,29,0.297,0.399,0.395,0.794,77,,6,3,3,1,,player.fcgi?id=maddox003wil,,,
Nathaniel Maggio*,19,2014,Tennessee,SEC,44,148,134,17,32,4,1,0,18,4,2,10,28,0.239,0.304,0.284,0.588,38,,3,0,1,0,,player.fcgi?id=maggio000nat,,,
Jeff Moberg,19,2014,Tennessee,SEC,15,22,16,3,3,1,0,0,5,0,0,4,3,0.188,0.333,0.25,0.583,4,,0,1,1,0,,player.fcgi?id=moberg000jef,,,
Scott Price*,22,2014,Tennessee,SEC,45,201,172,29,49,13,3,3,29,3,0,14,34,0.285,0.367,0.448,0.815,77,,10,2,3,0,,player.fcgi?id=price-000rod,,,
Jordan Rodgers,19,2014,Tennessee,SEC,11,30,23,4,3,0,0,0,2,3,0,5,5,0.13,0.333,0.13,0.464,3,,2,0,0,0,,player.fcgi?id=rodger000jor,,,
Tyler Schultz?,--,2014,Tennessee,SEC,32,103,71,9,18,0,0,0,8,0,0,17,8,0.254,0.415,0.254,0.668,18,,4,9,2,1,,player.fcgi?id=schult000tyl,,,
Nick Senzel,19,2014,Tennessee,SEC,53,217,181,37,57,12,2,1,39,14,3,30,25,0.315,0.419,0.42,0.839,76,,4,0,2,0,,player.fcgi?id=senzel000nic,,,
A.J. Simcox,20,2014,Tennessee,SEC,52,237,200,31,54,1,0,0,13,13,5,21,33,0.27,0.342,0.275,0.617,55,,1,15,0,0,,player.fcgi?id=simcox000aus,,,
Taylor Smart,22,2014,Tennessee,SEC,53,227,185,37,54,9,1,4,29,8,5,29,33,0.292,0.396,0.416,0.813,77,,3,10,0,0,,player.fcgi?id=smart-000tay,,,
Christin Stewart*,20,2014,Tennessee,SEC,54,241,218,45,72,19,6,5,39,7,1,15,42,0.33,0.386,0.541,0.927,118,,6,0,2,3,,player.fcgi?id=stewar004chr,,,
Parker Wormsley?,--,2014,Tennessee,SEC,17,26,20,4,3,0,0,0,0,0,0,2,10,0.15,0.261,0.15,0.411,3,,1,3,0,0,,player.fcgi?id=wormsl000par,,,
Jonathan Youngblood,20,2014,Tennessee,SEC,25,41,36,7,11,2,0,0,3,6,1,3,6,0.306,0.359,0.361,0.72,13,,0,2,0,0,,player.fcgi?id=youngb001jon,,,
Davis Aiken?,--,2013,Tennessee,SEC,1,2,2,0,0,0,0,0,0,0,0,0,0,0,0,0,0,0,,0,0,0,0,,player.fcgi?id=aiken-000dav,,,
Ethan Bennett?,--,2013,Tennessee,SEC,32,100,81,14,26,10,2,3,17,5,1,12,18,0.321,0.45,0.605,1.055,49,,7,0,0,0,,player.fcgi?id=bennet000eth,,,
Pierce Bily?,--,2013,Tennessee,SEC,49,185,150,29,39,7,0,0,25,10,3,21,35,0.26,0.372,0.307,0.679,46,,7,5,2,0,,player.fcgi?id=bily--000pie,,,
Trevor Charpie,19,2013,Tennessee,SEC,21,1,0,0,0,0,0,0,0,0,0,0,0,,1,,,0,,1,0,0,0,,player.fcgi?id=charpi000tre,,,
David Houser,19,2013,Tennessee,SEC,37,131,115,8,22,4,0,0,11,0,2,11,40,0.191,0.279,0.226,0.505,26,,3,2,0,0,,player.fcgi?id=houser000dav,,,
Vince Jackson*,19,2013,Tennessee,SEC,43,164,155,17,45,9,3,2,24,5,1,6,23,0.29,0.317,0.426,0.743,66,,1,0,2,0,,player.fcgi?id=jackso003vin,,,
Derek Lance,19,2013,Tennessee,SEC,15,41,35,7,5,2,0,0,2,0,0,6,8,0.143,0.268,0.2,0.468,7,,0,0,0,0,,player.fcgi?id=lance-000der,,,
Andrew Lee*,19,2013,Tennessee,SEC,25,84,75,11,14,3,0,1,9,2,0,6,17,0.187,0.274,0.267,0.541,20,,3,0,0,0,,player.fcgi?id=lee---005and,,,
Heath Loyd,19,2013,Tennessee,SEC,7,5,5,4,1,1,0,0,0,0,0,0,1,0.2,0.2,0.4,0.6,2,,0,0,0,0,,player.fcgi?id=loyd--000hea,,,
Zach Luther?,--,2013,Tennessee,SEC,26,40,34,3,6,2,0,0,3,3,1,4,5,0.177,0.256,0.235,0.492,8,,0,1,1,1,,player.fcgi?id=luther000zac,,,
Will Maddox*,21,2013,Tennessee,SEC,51,242,207,42,69,8,2,0,20,22,5,21,31,0.333,0.425,0.391,0.816,81,,12,2,0,1,,player.fcgi?id=maddox003wil,,,
Jason Manis?,--,2013,Tennessee,SEC,16,11,8,0,1,0,0,0,1,0,0,1,2,0.125,0.222,0.125,0.347,1,,0,2,0,0,,player.fcgi?id=manis-000jas,,,
Jeff Moberg,18,2013,Tennessee,SEC,37,129,99,12,24,2,0,0,10,4,0,10,19,0.242,0.359,0.263,0.622,26,,8,12,0,0,,player.fcgi?id=moberg000jef,,,
Scott Price*,21,2013,Tennessee,SEC,45,206,183,25,66,10,1,2,25,4,6,20,21,0.361,0.424,0.459,0.883,84,,1,1,1,5,,player.fcgi?id=price-000rod,,,
A.J. Simcox,19,2013,Tennessee,SEC,50,206,180,25,51,4,1,0,26,8,3,12,33,0.283,0.339,0.317,0.655,57,,3,11,0,0,,player.fcgi?id=simcox000aus,,,
Taylor Smart,21,2013,Tennessee,SEC,49,206,172,29,46,9,0,2,19,12,5,23,47,0.267,0.365,0.355,0.719,61,,5,3,3,0,,player.fcgi?id=smart-000tay,,,
Christin Stewart*,19,2013,Tennessee,SEC,46,174,145,27,45,8,2,3,27,5,3,21,31,0.31,0.414,0.455,0.869,66,,6,0,2,0,,player.fcgi?id=stewar004chr,,,
Vance Vizcaino*,18,2013,Tennessee,SEC,27,74,61,12,13,4,1,0,10,4,1,11,17,0.213,0.351,0.312,0.663,19,,2,0,0,0,,player.fcgi?id=vizcai000van,,,
Parker Wormsley?,--,2013,Tennessee,SEC,38,94,76,11,17,1,0,0,9,1,0,7,11,0.224,0.322,0.237,0.559,18,,4,7,0,0,,player.fcgi?id=wormsl000par,,,
Jared Allen?,--,2012,Tennessee,SEC,39,119,90,12,16,4,1,1,10,1,4,12,26,0.178,0.342,0.278,0.62,25,,11,5,1,0,,player.fcgi?id=allen-000jar,,,
Ethan Bennett?,--,2012,Tennessee,SEC,45,133,112,10,21,6,0,4,13,2,0,10,31,0.188,0.298,0.348,0.646,39,,8,2,1,0,,player.fcgi?id=bennet000eth,,,
Richard Carter?,--,2012,Tennessee,SEC,22,50,42,4,11,3,0,0,8,1,2,6,2,0.262,0.367,0.333,0.701,14,,1,1,0,0,,player.fcgi?id=carter007ric,,,
Hunter Daniel?,--,2012,Tennessee,SEC,8,8,7,1,0,0,0,0,0,0,0,1,4,0,0.125,0,0.125,0,,0,0,0,0,,player.fcgi?id=daniel000hun,,,
Chris Fritts?,--,2012,Tennessee,SEC,54,210,170,28,42,8,3,2,28,3,7,14,38,0.247,0.352,0.365,0.717,62,,14,11,1,0,,player.fcgi?id=fritts000chr,,,
Zach Luther?,--,2012,Tennessee,SEC,46,182,155,21,38,5,0,0,6,8,1,17,20,0.245,0.333,0.277,0.611,43,,4,5,1,0,,player.fcgi?id=luther000zac,,,
Will Maddox*,20,2012,Tennessee,SEC,55,241,211,33,62,8,1,2,19,14,6,18,33,0.294,0.371,0.37,0.741,78,,8,4,0,0,,player.fcgi?id=maddox003wil,,,
Jason Manis?,--,2012,Tennessee,SEC,6,10,8,0,0,0,0,0,0,0,0,1,3,0,0.2,0,0.2,0,,1,0,0,0,,player.fcgi?id=manis-000jas,,,
Davis Morgan?,--,2012,Tennessee,SEC,51,202,179,16,53,9,0,2,20,3,3,11,24,0.296,0.361,0.38,0.741,68,,9,0,3,0,,player.fcgi?id=morgan008dav,,,
Zach Osborne,22,2012,Tennessee,SEC,55,229,198,29,51,10,0,0,17,8,1,17,11,0.258,0.321,0.308,0.63,61,,4,5,5,1,,player.fcgi?id=osborn002zac,,,
Chris Pierce?,--,2012,Tennessee,SEC,55,225,185,29,47,4,2,2,24,9,3,20,50,0.254,0.361,0.33,0.69,61,,12,6,2,0,,player.fcgi?id=pierce000chr,,,
Nick Powell?,--,2012,Tennessee,SEC,19,17,17,3,5,0,0,0,1,3,2,0,2,0.294,0.294,0.294,0.588,5,,0,0,0,0,,player.fcgi?id=powell000nic,,,
Jake Rowland*,19,2012,Tennessee,SEC,23,48,43,2,7,1,0,0,6,2,2,1,10,0.163,0.217,0.186,0.403,8,,2,2,0,0,,player.fcgi?id=rowlan000jak,,,
Drew Steckenrider,21,2012,Tennessee,SEC,54,226,181,28,40,13,0,6,26,12,8,39,61,0.221,0.367,0.392,0.76,71,,4,0,2,3,,player.fcgi?id=stecke000dre,,,
Wes Walker?,--,2012,Tennessee,SEC,32,94,72,6,21,6,0,0,10,1,1,8,9,0.292,0.422,0.375,0.797,27,,9,4,1,0,,player.fcgi?id=walker000wes,,,
Steve Weaver?,--,2012,Tennessee,SEC,14,37,31,3,6,1,0,0,1,1,0,4,9,0.194,0.324,0.226,0.55,7,,2,0,0,0,,player.fcgi?id=weaver000ste,,,
Parker Wormsley?,--,2012,Tennessee,SEC,40,88,69,8,19,1,0,0,8,5,0,8,8,0.275,0.37,0.29,0.66,20,,3,7,1,0,,player.fcgi?id=wormsl000par,,,
Andy Yates?,--,2012,Tennessee,SEC,1,1,1,0,0,0,0,0,0,0,0,0,0,0,0,0,0,0,,0,0,0,0,,player.fcgi?id=yates-000and,,,
Ethan Bennett?,--,2011,Tennessee,SEC,40,147,126,24,33,8,0,7,25,1,0,16,25,0.262,0.356,0.492,0.848,62,,3,1,1,,,player.fcgi?id=bennet000eth,,,
Hunter Daniel?,--,2011,Tennessee,SEC,18,1,1,0,0,0,0,0,0,0,0,0,1,0,0,0,0,0,,0,0,0,,,player.fcgi?id=daniel000hun,,,
Matt Duffy,22,2011,Tennessee,SEC,54,234,189,35,59,15,1,6,39,7,2,28,26,0.312,0.429,0.497,0.927,94,,13,1,3,,,player.fcgi?id=duffy-000mat,,,
Chris Fritts?,--,2011,Tennessee,SEC,45,152,132,20,30,5,1,2,14,3,1,12,27,0.227,0.313,0.326,0.639,43,,5,2,1,,,player.fcgi?id=fritts000chr,,,
Tyler Horne?,--,2011,Tennessee,SEC,35,109,101,11,28,6,0,1,15,0,1,3,15,0.277,0.306,0.366,0.672,37,,2,1,2,,,player.fcgi?id=horne-000tyl,,,
Josh Liles,23,2011,Tennessee,SEC,53,220,186,24,49,5,0,1,23,11,6,26,31,0.263,0.358,0.307,0.664,57,,3,2,3,,,player.fcgi?id=liles-001jos,,,
Hunter Mitchem?,--,2011,Tennessee,SEC,1,1,1,0,1,0,0,0,0,0,0,0,0,1,1,1,2,1,,0,0,0,,,player.fcgi?id=mitche002hun,,,
Davis Morgan?,--,2011,Tennessee,SEC,40,125,108,19,30,4,0,1,16,1,0,10,21,0.278,0.361,0.343,0.703,37,,4,3,0,,,player.fcgi?id=morgan008dav,,,
Khayyan Norfork,22,2011,Tennessee,SEC,54,245,205,36,68,15,2,4,37,29,4,28,35,0.332,0.43,0.483,0.913,99,,8,3,1,,,player.fcgi?id=norfor000kha,,,
Zach Osborne,21,2011,Tennessee,SEC,50,202,176,27,58,9,1,1,19,5,3,13,17,0.33,0.383,0.409,0.792,72,,4,6,3,,,player.fcgi?id=osborn002zac,,,
Chris Pierce?,--,2011,Tennessee,SEC,36,67,53,10,11,2,0,1,4,4,2,5,19,0.208,0.323,0.302,0.625,16,,4,5,0,,,player.fcgi?id=pierce000chr,,,
Matt Ramsey,21,2011,Tennessee,SEC,34,108,96,13,22,5,0,0,4,3,2,7,7,0.229,0.302,0.281,0.583,27,,3,2,0,,,player.fcgi?id=ramsey002mat,,,
Drew Steckenrider,20,2011,Tennessee,SEC,28,62,52,3,10,3,0,0,4,0,1,7,21,0.192,0.312,0.25,0.562,13,,2,1,0,,,player.fcgi?id=stecke000dre,,,
Charley Thurber*,21,2011,Tennessee,SEC,36,127,113,7,26,5,0,2,12,5,1,10,35,0.23,0.304,0.327,0.631,37,,2,2,0,,,player.fcgi?id=thurbe000cha,,,
Andrew Toles*,19,2011,Tennessee,SEC,51,219,204,30,55,11,3,1,25,21,7,4,23,0.27,0.296,0.368,0.663,75,,4,6,1,,,player.fcgi?id=toles-001alv,,,
Wes Walker?,--,2011,Tennessee,SEC,20,19,16,0,2,0,0,0,2,0,0,1,8,0.125,0.222,0.125,0.347,2,,1,1,0,,,player.fcgi?id=walker000wes,,,
Andy Yates?,--,2011,Tennessee,SEC,1,1,1,1,0,0,0,0,0,0,0,0,0,0,0,0,0,0,,0,0,0,,,player.fcgi?id=yates-000and,,,
Brian Adams,20,2011,Kentucky,SEC,41,149,125,20,36,8,1,2,13,9,2,11,42,0.288,0.373,0.416,0.789,52,,6,7,0,,,player.fcgi?id=adams-003bri,,,
Taylor Black,22,2011,Kentucky,SEC,55,261,229,43,73,16,2,4,38,12,3,15,26,0.319,0.376,0.459,0.834,105,,7,8,2,,,player.fcgi?id=black-003joh,,,
T.J. Daugherty?,--,2011,Kentucky,SEC,9,10,5,2,1,0,0,0,0,0,0,2,1,0.2,0.5,0.2,0.7,1,,1,2,0,,,player.fcgi?id=daughe000tj-,,,
Neiko Johnson,23,2011,Kentucky,SEC,18,72,60,16,20,7,0,2,12,4,2,10,7,0.333,0.444,0.55,0.994,33,,2,0,0,,,player.fcgi?id=johnso000nei,,,
Mike Kaczmarek?,--,2011,Kentucky,SEC,28,42,37,6,9,1,0,1,2,0,0,3,4,0.243,0.317,0.351,0.669,13,,1,1,0,,,player.fcgi?id=kaczma000mik,,,
Braden Kapteyn,21,2011,Kentucky,SEC,55,246,210,42,63,9,1,6,42,3,1,14,29,0.3,0.388,0.438,0.826,92,,18,1,3,,,player.fcgi?id=kaptey001bra,,,
Sam Kidd#,20,2011,Kentucky,SEC,13,16,11,3,2,0,0,0,0,0,0,3,2,0.182,0.4,0.182,0.582,2,,1,1,0,,,player.fcgi?id=kidd--001sam,,,
Luke Maile,20,2011,Kentucky,SEC,51,209,177,29,50,10,3,9,36,6,2,18,49,0.283,0.361,0.525,0.886,93,,6,4,4,,,player.fcgi?id=maile-001luk,,,
Thomas McCarthy,20,2011,Kentucky,SEC,55,241,210,32,78,19,2,7,39,8,4,19,33,0.371,0.436,0.581,1.017,122,,6,5,1,,,player.fcgi?id=mccart008tho,,,
Paul McConkey?,--,2011,Kentucky,SEC,23,56,46,7,7,0,0,0,1,0,2,6,6,0.152,0.304,0.152,0.456,7,,4,0,0,,,player.fcgi?id=mcconk000pau,,,
Dallen Reber,--,2011,Kentucky,SEC,15,32,29,5,9,1,0,2,4,1,0,1,12,0.31,0.375,0.552,0.927,16,,2,0,0,,,player.fcgi?id=reber-000dal,,,
Matt Reida*,19,2011,Kentucky,SEC,40,98,78,13,17,2,0,0,6,1,2,12,26,0.218,0.344,0.244,0.588,19,,3,5,0,,,player.fcgi?id=reida-001mat,,,
JT Riddle*,19,2011,Kentucky,SEC,50,191,163,24,47,9,0,3,25,7,1,16,32,0.288,0.36,0.399,0.759,65,,4,5,3,,,player.fcgi?id=riddle001jos,,,
Micheal Thomas,20,2011,Kentucky,SEC,7,7,6,0,0,0,0,0,0,0,0,1,4,0,0.143,0,0.143,0,,0,0,0,,,player.fcgi?id=thomas008mic,,,
Tyler Townsend?,--,2011,Kentucky,SEC,3,3,2,0,0,0,0,0,0,0,0,0,0,0,0.333,0,0.333,0,,1,0,0,,,player.fcgi?id=townse002tyl,,,
Michael Williams,21,2011,Kentucky,SEC,48,193,174,19,46,11,0,7,23,2,0,11,33,0.264,0.321,0.448,0.769,78,,4,3,1,,,player.fcgi?id=willia013mic,,,
Lucas Witt,19,2011,Kentucky,SEC,30,94,75,10,19,4,0,0,7,2,0,12,14,0.253,0.387,0.307,0.694,23,,5,1,1,,,player.fcgi?id=witt--001luc,,,
Chad Wright*,21,2011,Kentucky,SEC,55,262,217,42,78,16,3,6,40,16,4,23,16,0.359,0.449,0.544,0.993,118,,14,6,2,,,player.fcgi?id=wright004cha,,,
Brian Adams,21,2012,Kentucky,SEC,27,48,44,6,11,2,0,1,7,1,1,3,18,0.25,0.298,0.364,0.662,16,,0,1,0,0,,player.fcgi?id=adams-003bri,,,
Thomas Bernal?,--,2012,Kentucky,SEC,19,32,27,3,10,0,0,0,4,1,0,2,7,0.37,0.469,0.37,0.839,10,,3,0,0,0,,player.fcgi?id=bernal000tho,,,
Jeff Boehm*,19,2012,Kentucky,SEC,17,16,14,5,5,2,0,0,1,0,0,1,5,0.357,0.438,0.5,0.938,7,,1,0,0,0,,player.fcgi?id=boehm-000jef,,,
Austin Cousino*,19,2012,Kentucky,SEC,62,303,260,61,83,20,2,9,41,15,0,26,39,0.319,0.408,0.515,0.923,134,,13,4,0,4,,player.fcgi?id=cousin001aus,,,
Cameron Flynn*,22,2012,Kentucky,SEC,59,221,194,29,52,9,0,9,36,2,2,14,29,0.268,0.324,0.454,0.778,88,,5,2,6,0,,player.fcgi?id=flynn-000cam,,,
Trevor Gott,19,2012,Kentucky,SEC,23,1,1,0,0,0,0,0,0,0,0,0,1,0,0,0,0,0,,0,0,0,0,,player.fcgi?id=gott--000tre,,,
Steven Hoagland?,--,2012,Kentucky,SEC,8,8,8,0,1,1,0,0,1,1,0,0,4,0.125,0.125,0.25,0.375,2,,0,0,0,0,,player.fcgi?id=hoagla000ste,,,
Max Kuhn,19,2012,Kentucky,SEC,5,5,3,1,1,0,0,0,3,0,0,1,0,0.333,0.4,0.333,0.733,1,,0,0,1,0,,player.fcgi?id=kuhn--000rob,,,
Luke Maile,21,2012,Kentucky,SEC,62,278,229,48,73,13,0,12,51,9,2,34,36,0.319,0.426,0.533,0.959,122,,11,1,3,4,,player.fcgi?id=maile-001luk,,,
Thomas McCarthy,21,2012,Kentucky,SEC,63,288,242,42,75,20,0,5,33,4,0,30,49,0.31,0.396,0.455,0.85,110,,7,5,4,2,,player.fcgi?id=mccart008tho,,,
Paul McConkey?,--,2012,Kentucky,SEC,20,43,31,4,10,1,0,0,2,0,0,4,9,0.323,0.463,0.355,0.818,11,,5,2,1,0,,player.fcgi?id=mcconk000pau,,,
Tyler Raymond?,--,2012,Kentucky,SEC,5,6,4,2,2,0,0,0,1,0,0,2,1,0.5,0.667,0.5,1.167,2,,0,0,0,0,,player.fcgi?id=raymon001tyl,,,
AJ Reed*,19,2012,Kentucky,SEC,59,230,201,29,60,9,0,4,43,0,0,24,51,0.299,0.378,0.403,0.781,81,,3,0,2,0,,player.fcgi?id=reed--000and,,,
Matt Reida*,20,2012,Kentucky,SEC,63,242,213,31,51,8,1,2,22,4,1,15,46,0.239,0.297,0.315,0.612,67,,3,10,1,0,,player.fcgi?id=reida-001mat,,,
JT Riddle*,20,2012,Kentucky,SEC,63,267,226,44,63,12,1,5,38,3,1,16,26,0.279,0.348,0.407,0.755,92,,11,8,6,0,,player.fcgi?id=riddle001jos,,,
Damon Saunders?,--,2012,Kentucky,SEC,2,2,1,0,0,0,0,0,0,0,0,1,1,0,0.5,0,0.5,0,,0,0,0,0,,player.fcgi?id=saunde002dam,,,
Micheal Thomas,21,2012,Kentucky,SEC,21,22,20,6,5,3,0,1,4,0,0,2,7,0.25,0.318,0.55,0.868,11,,0,0,0,0,,player.fcgi?id=thomas008mic,,,
Michael Williams,22,2012,Kentucky,SEC,58,244,214,22,62,10,0,3,36,0,2,20,48,0.29,0.36,0.379,0.738,81,,4,5,1,0,,player.fcgi?id=willia013mic,,,
Lucas Witt,20,2012,Kentucky,SEC,27,78,69,14,22,1,0,0,9,5,3,4,8,0.319,0.385,0.333,0.718,23,,4,0,1,0,,player.fcgi?id=witt--001luc,,,
Zac Zellers,21,2012,Kentucky,SEC,57,234,177,36,55,12,1,5,19,7,3,27,40,0.311,0.456,0.475,0.93,84,,21,8,1,0,,player.fcgi?id=zeller000zac,,,
Zach Arnold,19,2013,Kentucky,SEC,8,8,7,1,1,0,0,0,1,0,0,0,0,0.143,0.143,0.143,0.286,1,,0,1,0,0,,player.fcgi?id=arnold000zac,,,
Kyle Barrett*,19,2013,Kentucky,SEC,46,167,146,23,51,4,1,0,14,4,6,14,25,0.349,0.407,0.39,0.798,57,,3,0,4,0,,player.fcgi?id=barret000kyl,,,
Thomas Bernal?,--,2013,Kentucky,SEC,18,39,28,6,9,3,0,0,5,1,1,3,3,0.321,0.472,0.429,0.901,12,,5,3,0,0,,player.fcgi?id=bernal000tho,,,
Jeff Boehm*,20,2013,Kentucky,SEC,20,42,36,5,6,2,0,0,2,0,0,6,18,0.167,0.286,0.222,0.508,8,,0,0,0,1,,player.fcgi?id=boehm-000jef,,,
Andrew Bryant?,--,2013,Kentucky,SEC,6,3,2,3,0,0,0,0,0,1,0,1,0,0,0.333,0,0.333,0,,0,0,0,0,,player.fcgi?id=bryant000and,,,
Austin Cousino*,20,2013,Kentucky,SEC,55,258,209,42,52,12,1,6,27,14,1,25,46,0.249,0.383,0.402,0.785,84,,21,2,1,1,,player.fcgi?id=cousin001aus,,,
Greg Fettes,20,2013,Kentucky,SEC,23,76,60,9,15,5,0,3,9,0,0,12,18,0.25,0.365,0.483,0.848,29,,0,2,2,1,,player.fcgi?id=fettes000gre,,,
Dorian Hairston,--,2013,Kentucky,SEC,6,8,7,1,2,0,0,0,1,0,0,1,3,0.286,0.375,0.286,0.661,2,,0,0,0,0,,player.fcgi?id=hairst000dor,,,
Max Kuhn,20,2013,Kentucky,SEC,54,243,198,26,48,9,1,5,29,7,2,37,40,0.242,0.367,0.374,0.74,74,,3,3,2,0,,player.fcgi?id=kuhn--000rob,,,
Paul McConkey?,--,2013,Kentucky,SEC,35,110,96,10,22,4,1,1,13,0,2,8,29,0.229,0.308,0.323,0.631,31,,3,3,0,0,,player.fcgi?id=mcconk000pau,,,
AJ Reed*,20,2013,Kentucky,SEC,55,251,214,30,60,8,2,13,52,1,1,26,41,0.28,0.379,0.519,0.897,111,,9,0,2,9,,player.fcgi?id=reed--000and,,,
Matt Reida*,21,2013,Kentucky,SEC,55,222,186,28,45,7,1,0,19,5,3,25,31,0.242,0.338,0.29,0.628,54,,2,9,0,0,,player.fcgi?id=reida-001mat,,,
JT Riddle*,21,2013,Kentucky,SEC,55,245,212,27,60,7,2,1,20,6,3,22,14,0.283,0.366,0.349,0.715,74,,7,2,2,1,,player.fcgi?id=riddle001jos,,,
Jacob Russell,21,2013,Kentucky,SEC,3,5,5,2,1,0,0,0,1,0,0,0,2,0.2,0.2,0.2,0.4,1,,0,0,0,0,,player.fcgi?id=russel004jac,,,
Casey Schroeder#,19,2013,Kentucky,SEC,8,7,6,0,0,0,0,0,0,0,0,1,3,0,0.143,0,0.143,0,,0,0,0,0,,player.fcgi?id=schroe002cas,,,
Chandler Shepherd,20,2013,Kentucky,SEC,26,1,1,0,0,0,0,0,0,0,0,0,1,0,0,0,0,0,,0,0,0,0,,player.fcgi?id=shephe000jam,,,
Zack Storm,--,2013,Kentucky,SEC,14,26,21,3,5,0,0,1,4,2,0,2,5,0.238,0.36,0.381,0.741,8,,2,1,0,0,,player.fcgi?id=storm-000zac,,,
Micheal Thomas,22,2013,Kentucky,SEC,49,174,138,23,33,3,0,3,21,4,0,8,36,0.239,0.353,0.326,0.679,45,,18,7,3,0,,player.fcgi?id=thomas008mic,,,
Lucas Witt,21,2013,Kentucky,SEC,32,91,76,12,14,1,0,0,10,5,1,8,15,0.184,0.27,0.197,0.467,15,,2,2,3,0,,player.fcgi?id=witt--001luc,,,
Zac Zellers,22,2013,Kentucky,SEC,53,241,188,33,45,4,0,3,25,7,2,27,42,0.239,0.356,0.309,0.665,58,,11,8,7,0,,player.fcgi?id=zeller000zac,,,
Zach Arnold,20,2014,Kentucky,SEC,18,28,24,5,13,3,0,0,8,0,1,3,2,0.542,0.593,0.667,1.259,16,,0,1,0,0,,player.fcgi?id=arnold000zac,,,
Kyle Barrett*,20,2014,Kentucky,SEC,46,178,154,35,39,6,0,1,19,10,2,21,41,0.253,0.354,0.312,0.666,48,,3,0,0,0,,player.fcgi?id=barret000kyl,,,
Bryce Bastien?,--,2014,Kentucky,SEC,3,3,3,0,0,0,0,0,0,0,0,0,1,0,0,0,0,0,,0,0,0,0,,player.fcgi?id=bastie000bry,,,
Thomas Bernal?,--,2014,Kentucky,SEC,54,241,203,30,62,9,0,1,32,6,2,13,26,0.305,0.392,0.365,0.757,74,,18,4,3,0,,player.fcgi?id=bernal000tho,,,
Marcus Carson*,20,2014,Kentucky,SEC,25,36,33,12,12,2,0,0,9,2,0,0,8,0.364,0.417,0.424,0.841,14,,3,0,0,0,,player.fcgi?id=carson002mar,,,
Austin Cousino*,21,2014,Kentucky,SEC,61,298,264,58,81,15,4,4,38,19,1,13,39,0.307,0.364,0.439,0.803,116,,13,4,4,2,,player.fcgi?id=cousin001aus,,,
Greg Fettes,21,2014,Kentucky,SEC,14,22,20,2,5,0,0,0,5,1,0,2,7,0.25,0.318,0.25,0.568,5,,0,0,0,0,,player.fcgi?id=fettes000gre,,,
Dorian Hairston,--,2014,Kentucky,SEC,17,30,25,8,10,1,2,0,7,1,0,3,4,0.4,0.5,0.6,1.1,15,,2,0,0,0,,player.fcgi?id=hairst000dor,,,
Connor Heady,19,2014,Kentucky,SEC,30,82,60,15,8,3,0,0,10,1,1,12,21,0.133,0.286,0.183,0.469,11,,2,5,3,0,,player.fcgi?id=heady-000con,,,
Max Kuhn,21,2014,Kentucky,SEC,62,311,259,68,84,18,1,8,58,3,0,43,49,0.324,0.437,0.494,0.932,128,,9,0,0,0,,player.fcgi?id=kuhn--000rob,,,
AJ Reed*,21,2014,Kentucky,SEC,62,290,223,60,75,18,1,23,73,0,1,49,48,0.336,0.476,0.735,1.211,164,,14,0,4,15,,player.fcgi?id=reed--000and,,,
Matt Reida*,22,2014,Kentucky,SEC,56,229,195,29,48,10,0,4,36,5,4,22,38,0.246,0.341,0.359,0.7,70,,7,3,2,0,,player.fcgi?id=reida-001mat,,,
JaVon Shelby,19,2014,Kentucky,SEC,56,215,180,38,45,6,2,4,22,0,2,23,42,0.25,0.351,0.372,0.723,67,,6,4,2,0,,player.fcgi?id=shelby000jav,,,
Micheal Thomas,23,2014,Kentucky,SEC,60,258,219,47,69,11,1,8,44,2,1,26,42,0.315,0.402,0.484,0.886,106,,8,2,3,0,,player.fcgi?id=thomas008mic,,,
Ka'ai Tom*,20,2014,Kentucky,SEC,54,239,204,40,67,13,0,3,41,14,4,22,18,0.328,0.414,0.436,0.85,89,,9,2,2,0,,player.fcgi?id=tom---000kaa,,,
Storm Wilson*,20,2014,Kentucky,SEC,45,167,128,25,37,6,0,4,20,3,1,16,20,0.289,0.42,0.43,0.85,55,,15,5,3,0,,player.fcgi?id=wilson000sto,,,
Zach Arnold,21,2015,Kentucky,SEC,36,116,106,15,30,6,0,0,10,0,0,2,19,0.283,0.33,0.34,0.67,36,,6,1,1,0,,player.fcgi?id=arnold000zac,,,
Kyle Barrett*,21,2015,Kentucky,SEC,53,255,237,48,84,12,3,1,26,7,4,14,30,0.354,0.394,0.443,0.837,105,,2,1,1,0,,player.fcgi?id=barret000kyl,,,
Bryce Bastien?,--,2015,Kentucky,SEC,7,2,2,2,1,0,0,0,0,0,0,0,0,0.5,0.5,0.5,1,1,,0,0,0,0,,player.fcgi?id=bastie000bry,,,
Thomas Bernal?,--,2015,Kentucky,SEC,52,217,184,19,49,9,0,1,24,1,2,16,34,0.266,0.366,0.332,0.698,61,,13,4,0,0,,player.fcgi?id=bernal000tho,,,
Marcus Carson*,21,2015,Kentucky,SEC,35,93,84,11,19,4,0,0,5,5,2,7,24,0.226,0.294,0.274,0.567,23,,1,1,0,1,,player.fcgi?id=carson002mar,,,
Greg Fettes,22,2015,Kentucky,SEC,44,157,131,14,28,3,0,5,19,2,0,18,30,0.214,0.329,0.351,0.68,46,,5,2,1,0,,player.fcgi?id=fettes000gre,,,
Dorian Hairston,--,2015,Kentucky,SEC,42,145,128,19,36,6,0,4,21,5,1,7,33,0.281,0.35,0.422,0.772,54,,7,2,1,0,,player.fcgi?id=hairst000dor,,,
Connor Heady,20,2015,Kentucky,SEC,51,187,152,27,32,2,0,2,11,2,4,21,25,0.211,0.355,0.263,0.618,40,,13,1,0,0,,player.fcgi?id=heady-000con,,,
Riley Mahan*,19,2015,Kentucky,SEC,39,108,96,15,22,5,1,1,8,1,1,6,27,0.229,0.286,0.333,0.619,32,,2,3,1,0,,player.fcgi?id=mahan-000ril,,,
Tyler Marshall*,20,2015,Kentucky,SEC,3,3,3,0,0,0,0,0,0,0,0,0,1,0,0,0,0,0,,0,0,0,0,,player.fcgi?id=marsha000tyl,,,
JaVon Shelby,20,2015,Kentucky,SEC,55,252,202,29,63,12,2,9,44,4,1,38,51,0.312,0.442,0.525,0.967,106,,10,1,1,1,,player.fcgi?id=shelby000jav,,,
Troy Squires*,20,2015,Kentucky,SEC,14,9,8,1,0,0,0,0,1,0,0,0,3,0,0.111,0,0.111,0,,1,0,0,0,,player.fcgi?id=squire000tro,,,
Ka'ai Tom*,21,2015,Kentucky,SEC,55,254,216,41,81,16,1,5,51,15,1,23,25,0.375,0.443,0.528,0.971,114,,8,1,6,2,,player.fcgi?id=tom---000kaa,,,
Evan White,19,2015,Kentucky,SEC,52,242,217,27,69,12,1,2,28,3,1,15,33,0.318,0.369,0.41,0.779,89,,5,1,4,1,,player.fcgi?id=white-002eva,,,
Storm Wilson*,21,2015,Kentucky,SEC,46,174,133,21,32,6,2,1,14,9,4,21,24,0.241,0.379,0.338,0.717,45,,11,5,4,0,,player.fcgi?id=wilson000sto,,,
Zach Arnold,22,2016,Kentucky,SEC,17,30,27,5,7,0,0,0,5,0,0,0,3,0.259,0.267,0.259,0.526,7,,1,0,2,0,,player.fcgi?id=arnold000zac,,,
Luke Becker#,20,2016,Kentucky,SEC,52,200,170,29,41,10,0,1,12,4,2,21,33,0.241,0.33,0.318,0.648,54,,3,3,3,0,,player.fcgi?id=becker000luk,,,
Marcus Carson*,22,2016,Kentucky,SEC,31,70,59,11,9,0,0,2,8,0,0,5,15,0.153,0.246,0.254,0.501,15,,3,1,2,0,,player.fcgi?id=carson002mar,,,
Kole Cottam,19,2016,Kentucky,SEC,40,99,90,11,25,6,0,1,15,0,0,6,18,0.278,0.337,0.378,0.715,34,,2,1,0,0,,player.fcgi?id=cottam000kol,,,
Dorian Hairston,--,2016,Kentucky,SEC,42,120,101,12,29,4,0,5,16,1,4,11,27,0.287,0.387,0.475,0.862,48,,6,1,1,0,,player.fcgi?id=hairst000dor,,,
Connor Heady,21,2016,Kentucky,SEC,21,48,43,6,8,1,1,0,1,0,0,4,10,0.186,0.271,0.256,0.527,11,,1,0,0,0,,player.fcgi?id=heady-000con,,,
Riley Mahan*,20,2016,Kentucky,SEC,56,213,196,30,62,13,3,5,32,8,3,11,51,0.316,0.348,0.49,0.837,96,,0,3,3,0,,player.fcgi?id=mahan-000ril,,,
Tyler Marshall*,21,2016,Kentucky,SEC,23,48,43,7,10,1,0,1,1,1,0,3,16,0.233,0.313,0.326,0.638,14,,2,0,0,0,,player.fcgi?id=marsha000tyl,,,
Gunnar McNeill,21,2016,Kentucky,SEC,56,236,221,25,55,8,0,5,38,1,0,11,41,0.249,0.289,0.353,0.642,78,,2,1,1,0,,player.fcgi?id=mcneil000gun,,,
Tristan Pompey#,19,2016,Kentucky,SEC,49,178,150,25,35,8,1,7,29,2,0,20,48,0.233,0.328,0.44,0.768,66,,3,1,4,1,,player.fcgi?id=pompey001tri,,,
Zach Reks*,22,2016,Kentucky,SEC,53,189,154,27,51,5,0,7,22,3,2,22,20,0.331,0.425,0.5,0.925,77,,4,8,1,1,,player.fcgi?id=reks--000zac,,,
JaVon Shelby,21,2016,Kentucky,SEC,54,236,198,42,42,11,2,12,35,6,0,29,67,0.212,0.335,0.47,0.804,93,,8,0,1,0,,player.fcgi?id=shelby000jav,,,
Josh Smith*,19,2016,Kentucky,SEC,5,2,2,1,0,0,0,0,0,0,0,0,1,0,0,0,0,0,,0,0,0,0,,player.fcgi?id=smith-030jos,,,
Troy Squires*,21,2016,Kentucky,SEC,35,99,83,7,17,3,0,0,10,1,0,4,10,0.205,0.264,0.241,0.505,20,,3,8,1,0,,player.fcgi?id=squire000tro,,,
Evan White,20,2016,Kentucky,SEC,54,249,226,44,85,15,3,5,40,10,3,14,42,0.376,0.419,0.535,0.955,121,,5,1,3,0,,player.fcgi?id=white-002eva,,,
Storm Wilson*,22,2016,Kentucky,SEC,40,164,131,23,35,11,0,1,10,4,2,16,15,0.267,0.382,0.374,0.756,49,,9,7,1,0,,player.fcgi?id=wilson000sto,,,
Luke Becker#,21,2017,Kentucky,SEC,61,215,167,48,48,9,0,7,46,7,3,37,42,0.287,0.422,0.467,0.889,78,,4,4,3,1,,player.fcgi?id=becker000luk,,,
Joey Bellini,19,2017,Kentucky,SEC,5,2,2,0,0,0,0,0,0,0,0,0,1,0,0,0,0,0,,0,0,0,0,,player.fcgi?id=bellin001joe,,,
Marcus Carson*,23,2017,Kentucky,SEC,66,281,234,50,71,13,3,7,39,8,6,18,39,0.303,0.398,0.474,0.872,111,,20,7,2,0,,player.fcgi?id=carson002mar,,,
T.J. Collett*,20,2017,Kentucky,SEC,20,26,23,1,2,0,0,1,6,0,0,1,7,0.087,0.192,0.217,0.41,5,,2,0,0,0,,player.fcgi?id=collet000tj-,,,
Kole Cottam,20,2017,Kentucky,SEC,55,215,188,34,60,12,1,7,44,0,0,15,33,0.319,0.38,0.505,0.886,95,,6,2,4,0,,player.fcgi?id=cottam000kol,,,
Marshall Gei#,21,2017,Kentucky,SEC,9,5,5,2,1,0,0,0,2,0,0,0,0,0.2,0.2,0.2,0.4,1,,0,0,0,0,,player.fcgi?id=gei---000mar,,,
Connor Heady,22,2017,Kentucky,SEC,66,268,210,47,58,9,0,7,32,2,4,36,42,0.276,0.399,0.419,0.818,88,,7,15,0,0,,player.fcgi?id=heady-000con,,,
Luke Heyer,20,2017,Kentucky,SEC,37,74,65,12,17,6,0,3,12,1,1,5,19,0.262,0.343,0.492,0.835,32,,3,1,0,0,,player.fcgi?id=heyer-000luk,,,
Zeke Lewis#,20,2017,Kentucky,SEC,28,10,5,12,0,0,0,0,0,0,1,4,3,0,0.5,0,0.5,0,,1,0,0,0,,player.fcgi?id=lewis-000zek,,,
Riley Mahan*,21,2017,Kentucky,SEC,66,299,262,58,88,23,3,15,67,9,3,22,56,0.336,0.392,0.618,1.01,162,,6,3,6,3,,player.fcgi?id=mahan-000ril,,,
Tyler Marshall*,22,2017,Kentucky,SEC,57,182,140,22,41,4,0,1,29,1,3,29,25,0.293,0.425,0.343,0.768,48,,6,3,4,0,,player.fcgi?id=marsha000tyl,,,
Gunnar McNeill,22,2017,Kentucky,SEC,25,35,31,4,8,2,0,1,6,0,0,3,8,0.258,0.314,0.419,0.734,13,,0,0,1,0,,player.fcgi?id=mcneil000gun,,,
Tristan Pompey#,20,2017,Kentucky,SEC,66,320,266,70,96,18,0,10,45,9,4,46,56,0.361,0.464,0.541,1.005,144,,6,1,1,1,,player.fcgi?id=pompey001tri,,,
Zach Reks*,23,2017,Kentucky,SEC,65,304,244,44,86,16,2,3,44,15,3,42,26,0.353,0.461,0.471,0.933,115,,9,7,2,0,,player.fcgi?id=reks--000zac,,,
Troy Squires*,22,2017,Kentucky,SEC,49,198,151,25,46,10,0,1,26,5,2,23,20,0.305,0.427,0.391,0.818,59,,10,13,1,0,,player.fcgi?id=squire000tro,,,
Evan White,21,2017,Kentucky,SEC,53,248,212,48,79,24,1,10,41,5,2,25,31,0.373,0.453,0.637,1.09,135,,8,1,2,2,,player.fcgi?id=white-002eva,,,
Storm Wilson*,23,2017,Kentucky,SEC,32,40,30,7,5,2,0,0,7,1,0,4,7,0.167,0.325,0.233,0.558,7,,4,0,2,0,,player.fcgi?id=wilson000sto,,,
Ben Aklinski,22,2018,Kentucky,SEC,56,255,214,39,65,10,1,6,42,6,4,30,42,0.304,0.393,0.444,0.837,95,,4,3,4,1,,player.fcgi?id=aklins000ben,,,
Luke Becker#,22,2018,Kentucky,SEC,56,259,206,37,59,12,2,7,38,10,5,37,45,0.286,0.41,0.466,0.876,96,,9,3,4,1,,player.fcgi?id=becker000luk,,,
T.J. Collett*,21,2018,Kentucky,SEC,34,150,125,27,38,4,0,10,34,0,0,18,30,0.304,0.413,0.576,0.989,72,,6,0,1,1,,player.fcgi?id=collet000tj-,,,
Brayden Combs*,20,2018,Kentucky,SEC,12,16,14,3,2,0,0,1,2,0,0,1,3,0.143,0.25,0.357,0.607,5,,1,0,0,0,,player.fcgi?id=combs-000bra,,,
Kole Cottam,21,2018,Kentucky,SEC,56,260,219,54,77,12,0,19,51,4,1,31,49,0.352,0.438,0.667,1.105,146,,5,2,3,0,,player.fcgi?id=cottam000kol,,,
Trey Dawson,21,2018,Kentucky,SEC,55,216,168,42,47,9,1,3,19,7,0,39,50,0.28,0.416,0.399,0.815,67,,1,7,1,0,,player.fcgi?id=dawson000tre,,,
Marshall Gei#,22,2018,Kentucky,SEC,10,8,8,0,2,1,0,0,0,1,0,0,2,0.25,0.25,0.375,0.625,3,,0,0,0,0,,player.fcgi?id=gei---000mar,,,
Luke Heyer,21,2018,Kentucky,SEC,55,244,207,46,72,17,0,18,57,9,6,28,49,0.348,0.44,0.691,1.131,143,,7,1,1,1,,player.fcgi?id=heyer-000luk,,,
Cam Hill*,20,2018,Kentucky,SEC,7,4,4,3,1,0,0,0,0,0,0,0,0,0.25,0.25,0.25,0.5,1,,0,0,0,0,,player.fcgi?id=hill--003cam,,,
Ryan Johnson*,21,2018,Kentucky,SEC,49,156,132,30,32,9,0,3,20,2,1,13,30,0.242,0.327,0.379,0.706,50,,5,3,3,0,,player.fcgi?id=johnso009rya,,,
Coltyn Kessler*,19,2018,Kentucky,SEC,16,41,34,4,5,1,0,0,1,0,0,4,13,0.147,0.268,0.177,0.445,6,,2,0,1,0,,player.fcgi?id=kessle000col,,,
Zeke Lewis#,21,2018,Kentucky,SEC,30,32,28,9,6,1,0,0,2,5,1,2,9,0.214,0.313,0.25,0.563,7,,2,0,0,0,,player.fcgi?id=lewis-000zek,,,
Tristan Pompey#,21,2018,Kentucky,SEC,50,224,185,41,62,20,0,7,39,10,3,33,47,0.335,0.448,0.557,1.005,103,,5,1,0,1,,player.fcgi?id=pompey001tri,,,
Alex Rodriguez,21,2018,Kentucky,SEC,30,69,53,12,10,4,0,0,3,1,1,11,24,0.189,0.358,0.264,0.622,14,,3,2,0,0,,player.fcgi?id=rodrig022ale,,,
Ryan Shinn,21,2018,Kentucky,SEC,37,97,81,10,21,6,1,2,8,1,1,9,24,0.259,0.355,0.432,0.787,35,,3,4,0,0,,player.fcgi?id=shinn-000rya,,,
Troy Squires*,23,2018,Kentucky,SEC,56,259,202,40,54,12,0,5,51,2,3,25,38,0.267,0.388,0.401,0.789,81,,16,14,2,0,,player.fcgi?id=squire000tro,,,
Orlando Adams,--,2019,Kentucky,SEC,14,14,10,3,1,1,0,0,0,1,0,2,5,0.1,0.357,0.2,0.557,2,,2,0,0,0,,player.fcgi?id=adams-000orl,,,
T.J. Collett*,22,2019,Kentucky,SEC,47,194,170,26,44,8,1,10,40,1,2,15,50,0.259,0.34,0.494,0.834,84,,7,0,2,1,,player.fcgi?id=collet000tj-,,,
Elliott Curtis*,21,2019,Kentucky,SEC,41,112,98,20,29,6,0,2,17,4,3,9,17,0.296,0.358,0.418,0.776,41,,1,3,1,0,,player.fcgi?id=curtis001ell,,,
Breydon Daniel#,21,2019,Kentucky,SEC,46,200,160,32,38,6,1,7,20,17,5,23,56,0.238,0.369,0.419,0.788,67,,11,5,1,0,,player.fcgi?id=daniel002bre,,,
Rook Ellington,20,2019,Kentucky,SEC,23,24,18,3,4,1,0,0,1,1,0,3,7,0.222,0.417,0.278,0.695,5,,3,0,0,0,,player.fcgi?id=elling000roo,,,
Marshall Gei#,23,2019,Kentucky,SEC,32,109,88,7,19,2,1,0,5,2,0,11,15,0.216,0.324,0.261,0.585,23,,3,7,0,0,,player.fcgi?id=gei---000mar,,,
Trae Harmon,20,2019,Kentucky,SEC,6,6,5,1,1,1,0,0,2,0,0,1,2,0.2,0.333,0.4,0.733,2,,0,0,0,0,,player.fcgi?id=harmon000tra,,,
Cam Hill*,21,2019,Kentucky,SEC,45,148,125,19,31,10,0,1,14,10,1,9,28,0.248,0.329,0.352,0.681,44,,6,8,0,0,,player.fcgi?id=hill--003cam,,,
Tanner Holen,20,2019,Kentucky,SEC,5,6,6,0,0,0,0,0,0,0,0,0,5,0,0,0,0,0,,0,0,0,0,,player.fcgi?id=holen-000tan,,,
Ryan Johnson*,22,2019,Kentucky,SEC,32,85,63,16,22,2,0,3,8,3,1,15,11,0.349,0.512,0.524,1.036,33,,6,1,0,1,,player.fcgi?id=johnso009rya,,,
Coltyn Kessler*,20,2019,Kentucky,SEC,48,192,165,28,49,12,1,5,29,0,1,17,52,0.297,0.384,0.473,0.857,78,,7,2,1,2,,player.fcgi?id=kessle000col,,,
Zeke Lewis#,22,2019,Kentucky,SEC,43,112,94,17,20,4,0,2,12,7,2,13,19,0.213,0.306,0.319,0.625,30,,0,4,1,0,,player.fcgi?id=lewis-000zek,,,
Grant Macciocchi,23,2019,Kentucky,SEC,17,13,12,2,1,0,0,0,0,1,1,1,2,0.083,0.154,0.083,0.237,1,,0,0,0,0,,player.fcgi?id=maccio000gra,,,
Dalton Reed*,21,2019,Kentucky,SEC,51,204,185,23,41,4,1,6,26,0,3,11,73,0.222,0.266,0.351,0.617,65,,2,1,5,1,,player.fcgi?id=reed--003dal,,,
Alex Rodriguez,22,2019,Kentucky,SEC,41,124,97,14,15,7,0,1,15,8,1,17,34,0.155,0.314,0.258,0.572,25,,6,3,1,1,,player.fcgi?id=rodrig022ale,,,
Austin Schultz,19,2019,Kentucky,SEC,44,172,136,25,36,7,0,2,8,10,3,27,44,0.265,0.409,0.36,0.77,49,,7,1,1,0,,player.fcgi?id=schult001aus,,,
Jaren Shelby,21,2019,Kentucky,SEC,51,193,161,22,44,10,0,6,35,13,3,23,45,0.273,0.375,0.447,0.822,72,,5,1,3,1,,player.fcgi?id=shelby000jar,,,
Ryan Shinn,22,2019,Kentucky,SEC,55,238,199,49,57,17,0,13,31,7,5,21,62,0.286,0.399,0.568,0.967,113,,17,0,1,0,,player.fcgi?id=shinn-000rya,,,
Oraj Anu#,21,2020,Kentucky,SEC,17,57,51,12,15,2,1,3,10,1,0,5,9,0.294,0.368,0.549,0.917,28,,1,0,0,0,,player.fcgi?id=anu---000ora,,,
T.J. Collett*,23,2020,Kentucky,SEC,17,77,69,13,20,5,0,5,17,0,1,5,15,0.29,0.351,0.58,0.93,40,,2,0,1,2,,player.fcgi?id=collet000tj-,,,
Elliott Curtis*,22,2020,Kentucky,SEC,7,30,24,5,7,0,0,1,4,1,1,5,3,0.292,0.414,0.417,0.831,10,,0,1,0,0,,player.fcgi?id=curtis001ell,,,
Breydon Daniel#,22,2020,Kentucky,SEC,14,40,32,4,7,2,0,0,8,1,2,5,11,0.219,0.35,0.281,0.631,9,,2,0,1,2,,player.fcgi?id=daniel002bre,,,
Chase Estep*,20,2020,Kentucky,SEC,12,40,34,9,11,1,0,1,8,1,1,5,7,0.324,0.4,0.441,0.841,15,,0,0,1,0,,player.fcgi?id=estep-000cha,,,
Matt Golda,21,2020,Kentucky,SEC,13,52,44,13,14,4,0,1,9,3,0,4,7,0.318,0.404,0.477,0.881,21,,3,0,1,0,,player.fcgi?id=golda-000mat,,,
Drew Grace,20,2020,Kentucky,SEC,8,14,11,3,3,0,0,0,4,0,0,0,1,0.273,0.308,0.273,0.58,3,,1,1,1,0,,player.fcgi?id=grace-000dre,,,
Trae Harmon,21,2020,Kentucky,SEC,15,43,33,9,8,1,0,4,9,0,0,7,9,0.242,0.419,0.636,1.055,21,,3,0,0,1,,player.fcgi?id=harmon000tra,,,
Cam Hill*,22,2020,Kentucky,SEC,7,15,12,2,3,0,0,0,2,0,0,1,3,0.25,0.4,0.25,0.65,3,,2,0,0,0,,player.fcgi?id=hill--003cam,,,
Tanner Holen,21,2020,Kentucky,SEC,8,16,14,2,4,0,0,0,3,0,0,0,1,0.286,0.313,0.286,0.598,4,,1,0,1,0,,player.fcgi?id=holen-000tan,,,
Brendan Hord,20,2020,Kentucky,SEC,1,1,1,0,1,0,0,0,0,0,0,0,0,1,1,1,2,1,,0,0,0,0,,player.fcgi?id=hord--000bre,,,
Coltyn Kessler*,21,2020,Kentucky,SEC,15,60,45,6,4,2,0,0,6,1,0,10,9,0.089,0.317,0.133,0.45,6,,5,0,0,0,,player.fcgi?id=kessle000col,,,
Zeke Lewis#,23,2020,Kentucky,SEC,14,42,37,9,14,1,0,0,7,5,0,1,9,0.378,0.429,0.405,0.834,15,,3,0,1,0,,player.fcgi?id=lewis-000zek,,,
John Rhodes,19,2020,Kentucky,SEC,17,68,61,11,26,10,1,1,19,1,3,2,5,0.426,0.485,0.672,1.157,41,,5,0,0,0,,player.fcgi?id=rhodes004joh,,,
Austin Schultz,20,2020,Kentucky,SEC,16,73,61,20,24,5,1,5,20,5,1,8,12,0.393,0.48,0.754,1.234,46,,3,0,1,0,,player.fcgi?id=schult001aus,,,
Jaren Shelby,22,2020,Kentucky,SEC,14,63,50,17,13,2,0,1,6,6,0,10,10,0.26,0.413,0.36,0.773,18,,3,0,0,0,,player.fcgi?id=shelby000jar,,,
Oraj Anu#,22,2021,Kentucky,SEC,50,208,189,31,50,6,1,8,35,4,0,12,51,0.265,0.322,0.434,0.756,82,,5,0,2,0,,player.fcgi?id=anu---000ora,,,
Reuben Church,19,2021,Kentucky,SEC,31,106,96,14,25,7,2,2,16,0,0,5,34,0.26,0.311,0.438,0.749,42,,3,0,2,1,,player.fcgi?id=church000reu,,,
T.J. Collett*,24,2021,Kentucky,SEC,52,232,196,39,59,10,1,16,48,1,0,24,41,0.301,0.401,0.607,1.008,119,,10,0,2,4,,player.fcgi?id=collet000tj-,,,
Chase Estep*,21,2021,Kentucky,SEC,40,155,143,14,36,9,1,0,16,5,0,8,32,0.252,0.286,0.329,0.614,47,,0,1,3,0,,player.fcgi?id=estep-000cha,,,
Drew Grace,21,2021,Kentucky,SEC,20,20,14,3,1,0,0,0,3,0,0,4,6,0.071,0.263,0.071,0.335,1,,0,1,1,0,,player.fcgi?id=grace-000dre,,,
Trae Harmon,22,2021,Kentucky,SEC,27,82,68,8,20,4,0,2,11,2,0,11,23,0.294,0.39,0.441,0.831,30,,1,0,2,0,,player.fcgi?id=harmon000tra,,,
Cam Hill*,23,2021,Kentucky,SEC,45,116,94,20,23,1,2,3,15,13,1,12,31,0.245,0.377,0.394,0.771,37,,8,2,0,0,,player.fcgi?id=hill--003cam,,,
Coltyn Kessler*,22,2021,Kentucky,SEC,46,182,152,20,53,11,0,7,25,1,0,23,39,0.349,0.439,0.559,0.998,85,,3,2,2,0,,player.fcgi?id=kessle000col,,,
Zeke Lewis#,24,2021,Kentucky,SEC,31,82,70,12,19,4,0,0,3,12,3,4,15,0.271,0.333,0.329,0.662,23,,3,4,1,0,,player.fcgi?id=lewis-000zek,,,
Kirk Liebert*,21,2021,Kentucky,SEC,13,6,6,6,2,0,0,0,1,0,0,0,2,0.333,0.333,0.333,0.667,2,,0,0,0,0,,player.fcgi?id=lieber000kir,,,
Jake Plastiak#,21,2021,Kentucky,SEC,23,76,67,6,14,1,0,4,12,1,0,7,23,0.209,0.29,0.403,0.693,27,,1,0,1,1,,player.fcgi?id=plasti000jak,,,
John Rhodes,20,2021,Kentucky,SEC,52,234,187,47,47,15,0,11,36,7,1,28,38,0.251,0.397,0.508,0.905,95,,18,0,1,0,,player.fcgi?id=rhodes004joh,,,
Ryan Ritter,20,2021,Kentucky,SEC,52,201,178,21,49,5,1,3,20,8,0,11,46,0.275,0.323,0.365,0.688,65,,3,6,3,0,,player.fcgi?id=ritter002rya,,,
Alonzo Rubalcaba,21,2021,Kentucky,SEC,21,55,46,9,13,2,0,0,2,1,0,6,15,0.283,0.382,0.326,0.708,15,,2,0,1,0,,player.fcgi?id=rubalc000alo,,,
Austin Schultz,21,2021,Kentucky,SEC,52,242,216,46,71,11,2,6,26,22,2,20,54,0.329,0.401,0.482,0.882,104,,6,0,0,1,,player.fcgi?id=schult001aus,,,
Jaren Shelby,23,2021,Kentucky,SEC,28,19,18,4,2,0,0,0,1,1,1,1,7,0.111,0.158,0.111,0.269,2,,0,0,0,0,,player.fcgi?id=shelby000jar,,,
Oraj Anu#,23,2022,Kentucky,SEC,30,115,108,14,35,7,1,3,26,0,0,3,34,0.324,0.348,0.491,0.839,53,1,2,0,2,0,,player.fcgi?id=anu---000ora,,,
Devin Burkes,20,2022,Kentucky,SEC,20,52,37,13,14,4,0,3,10,2,1,11,9,0.378,0.54,0.73,1.27,27,0,2,2,0,0,,player.fcgi?id=burkes000dev,,,
Reuben Church,20,2022,Kentucky,SEC,27,72,64,6,16,7,0,0,11,0,0,5,17,0.25,0.333,0.359,0.693,23,2,3,0,0,0,,player.fcgi?id=church000reu,,,
Michael Dallas,20,2022,Kentucky,SEC,9,4,4,3,0,0,0,0,0,0,0,0,2,0,0,0,0,0,0,0,0,0,0,,player.fcgi?id=dallas001mic,,,
Chase Estep*,22,2022,Kentucky,SEC,59,274,225,57,68,17,1,13,49,16,4,40,54,0.302,0.416,0.56,0.976,126,0,6,0,3,2,,player.fcgi?id=estep-000cha,,,
Jase Felker#,22,2022,Kentucky,SEC,27,72,57,17,18,5,0,0,2,2,0,12,16,0.316,0.458,0.404,0.862,23,1,3,0,0,0,,player.fcgi?id=felker000jas,,,
Adam Fogel,23,2022,Kentucky,SEC,58,239,212,33,55,13,0,7,31,3,0,19,45,0.259,0.331,0.42,0.75,89,2,5,0,3,1,,player.fcgi?id=fogel-000ada,,,
Daniel Harris,22,2022,Kentucky,SEC,56,240,203,39,63,10,2,2,28,16,1,21,44,0.31,0.394,0.409,0.803,83,3,9,4,3,0,,player.fcgi?id=harris006dan,,,
Hunter Jump*,22,2022,Kentucky,SEC,59,269,231,37,65,13,0,3,29,4,2,25,27,0.281,0.357,0.377,0.734,87,3,6,0,7,0,,player.fcgi?id=jump--000hun,,,
Kirk Liebert*,22,2022,Kentucky,SEC,29,82,64,10,14,3,0,1,11,3,0,16,24,0.219,0.383,0.313,0.695,20,0,1,1,0,0,,player.fcgi?id=lieber000kir,,,
Nolan McCarthy,20,2022,Kentucky,SEC,24,38,33,7,6,1,0,1,9,0,1,4,10,0.182,0.27,0.303,0.573,10,3,0,1,0,0,,player.fcgi?id=mccart002nol,,,
Émilien Pitre*,19,2022,Kentucky,SEC,11,6,4,3,0,0,0,0,0,0,0,2,0,0,0.333,0,0.333,0,1,0,0,0,0,,player.fcgi?id=pitre-000elm,,,
Jake Plastiak#,22,2022,Kentucky,SEC,58,259,225,39,59,12,2,13,46,3,0,23,84,0.262,0.351,0.507,0.858,114,5,9,0,2,1,,player.fcgi?id=plasti000jak,,,
Ryan Ritter,21,2022,Kentucky,SEC,59,262,226,43,64,14,2,8,36,15,0,21,68,0.283,0.369,0.469,0.838,106,2,11,2,2,0,,player.fcgi?id=ritter002rya,,,
Alonzo Rubalcaba,22,2022,Kentucky,SEC,44,167,143,20,34,8,1,3,30,1,0,17,35,0.238,0.325,0.371,0.696,53,2,2,4,1,0,,player.fcgi?id=rubalc000alo,,,
John Thrasher,23,2022,Kentucky,SEC,55,203,167,34,43,8,2,2,24,16,2,23,34,0.258,0.375,0.365,0.74,61,2,9,3,1,0,,player.fcgi?id=thrash002joh,,,
Devin Burkes,21,2023,Kentucky,SEC,61,283,223,55,65,18,1,9,53,9,3,38,53,0.292,0.423,0.502,0.925,112,3,15,4,3,0,,player.fcgi?id=burkes000dev,,,
Isaiah Byars,23,2023,Kentucky,SEC,11,30,27,2,3,1,0,0,2,1,0,2,8,0.111,0.167,0.148,0.315,4,0,0,0,1,0,,player.fcgi?id=byars-000isa,,,
Reuben Church,21,2023,Kentucky,SEC,33,118,91,18,26,3,0,3,20,0,0,12,27,0.286,0.427,0.418,0.845,38,2,12,1,2,0,,player.fcgi?id=church000reu,,,
Kendal Ewell,22,2023,Kentucky,SEC,14,46,37,3,7,1,0,0,1,1,1,7,17,0.189,0.333,0.216,0.55,8,0,1,1,0,0,,player.fcgi?id=ewell-000ken,,,
Jase Felker#,23,2023,Kentucky,SEC,55,255,192,53,56,6,3,0,29,21,4,30,50,0.292,0.43,0.354,0.785,68,1,19,11,3,0,,player.fcgi?id=felker000jas,,,
Ryder Giles,23,2023,Kentucky,SEC,26,3,2,0,0,0,0,0,0,0,0,0,1,0,0,0,0,0,0,0,1,0,0,,player.fcgi?id=giles-000ryd,,,
Hunter Gilliam?,--,2023,Kentucky,SEC,60,276,225,46,73,13,1,12,71,1,2,30,45,0.324,0.414,0.551,0.965,124,1,10,3,8,3,,player.fcgi?id=gillia000hun,,,
Jackson Gray*,23,2023,Kentucky,SEC,60,290,219,70,74,15,6,6,33,19,7,41,60,0.338,0.491,0.543,1.035,119,2,25,5,0,1,,player.fcgi?id=gray--001jac,,,
Patrick Herrera,21,2023,Kentucky,SEC,12,8,8,5,3,0,0,0,0,0,0,0,2,0.375,0.375,0.375,0.75,3,0,0,0,0,0,,player.fcgi?id=herrer000pat,,,
Nolan McCarthy,21,2023,Kentucky,SEC,43,153,138,21,40,9,1,4,28,1,3,11,40,0.29,0.351,0.457,0.808,63,4,2,2,0,0,,player.fcgi?id=mccart002nol,,,
James McCoy#,21,2023,Kentucky,SEC,37,153,127,23,29,9,1,5,23,2,2,22,60,0.228,0.349,0.433,0.782,55,1,2,1,1,0,,player.fcgi?id=mccoy-005jam,,,
Émilien Pitre*,20,2023,Kentucky,SEC,61,281,223,51,71,16,1,1,51,20,4,42,35,0.318,0.44,0.413,0.853,92,2,9,4,3,1,,player.fcgi?id=pitre-000elm,,,
Grant Smith,22,2023,Kentucky,SEC,61,240,192,37,54,8,0,8,30,2,1,19,54,0.281,0.38,0.448,0.828,86,2,14,11,4,0,,player.fcgi?id=smith-003gra,,,
Chase Stanke*,23,2023,Kentucky,SEC,31,91,67,11,12,3,0,1,11,0,0,14,19,0.179,0.382,0.269,0.651,18,0,8,2,0,0,,player.fcgi?id=stanke000cha,,,
Ryan Waldschmidt,20,2023,Kentucky,SEC,59,262,200,38,58,14,1,5,37,17,2,35,42,0.29,0.427,0.445,0.872,89,2,15,9,3,1,,player.fcgi?id=waldsc000rya,,,
Devin Burkes,21,2024,Kentucky,SEC,61,283,223,55,65,18,1,9,53,9,3,38,53,0.292,0.423,0.502,0.925,112,3,15,4,3,0,,player.fcgi?id=burkes000dev,,,
Isaiah Byars,23,2024,Kentucky,SEC,11,30,27,2,3,1,0,0,2,1,0,2,8,0.111,0.167,0.148,0.315,4,0,0,0,1,0,,player.fcgi?id=byars-000isa,,,
Reuben Church,21,2024,Kentucky,SEC,33,118,91,18,26,3,0,3,20,0,0,12,27,0.286,0.427,0.418,0.845,38,2,12,1,2,0,,player.fcgi?id=church000reu,,,
Kendal Ewell,22,2024,Kentucky,SEC,14,46,37,3,7,1,0,0,1,1,1,7,17,0.189,0.333,0.216,0.55,8,0,1,1,0,0,,player.fcgi?id=ewell-000ken,,,
Jase Felker#,23,2024,Kentucky,SEC,55,255,192,53,56,6,3,0,29,21,4,30,50,0.292,0.43,0.354,0.785,68,1,19,11,3,0,,player.fcgi?id=felker000jas,,,
Ryder Giles,23,2024,Kentucky,SEC,26,3,2,0,0,0,0,0,0,0,0,0,1,0,0,0,0,0,0,0,1,0,0,,player.fcgi?id=giles-000ryd,,,
Hunter Gilliam?,--,2024,Kentucky,SEC,60,276,225,46,73,13,1,12,71,1,2,30,45,0.324,0.414,0.551,0.965,124,1,10,3,8,3,,player.fcgi?id=gillia000hun,,,
Jackson Gray*,23,2024,Kentucky,SEC,60,290,219,70,74,15,6,6,33,19,7,41,60,0.338,0.491,0.543,1.035,119,2,25,5,0,1,,player.fcgi?id=gray--001jac,,,
Patrick Herrera,21,2024,Kentucky,SEC,12,8,8,5,3,0,0,0,0,0,0,0,2,0.375,0.375,0.375,0.75,3,0,0,0,0,0,,player.fcgi?id=herrer000pat,,,
Nolan McCarthy,21,2024,Kentucky,SEC,43,153,138,21,40,9,1,4,28,1,3,11,40,0.29,0.351,0.457,0.808,63,4,2,2,0,0,,player.fcgi?id=mccart002nol,,,
James McCoy#,21,2024,Kentucky,SEC,37,153,127,23,29,9,1,5,23,2,2,22,60,0.228,0.349,0.433,0.782,55,1,2,1,1,0,,player.fcgi?id=mccoy-005jam,,,
Émilien Pitre*,20,2024,Kentucky,SEC,61,281,223,51,71,16,1,1,51,20,4,42,35,0.318,0.44,0.413,0.853,92,2,9,4,3,1,,player.fcgi?id=pitre-000elm,,,
Grant Smith,22,2024,Kentucky,SEC,61,240,192,37,54,8,0,8,30,2,1,19,54,0.281,0.38,0.448,0.828,86,2,14,11,4,0,,player.fcgi?id=smith-003gra,,,
Chase Stanke*,23,2024,Kentucky,SEC,31,91,67,11,12,3,0,1,11,0,0,14,19,0.179,0.382,0.269,0.651,18,0,8,2,0,0,,player.fcgi?id=stanke000cha,,,
Ryan Waldschmidt,20,2024,Kentucky,SEC,59,262,200,38,58,14,1,5,37,17,2,35,42,0.29,0.427,0.445,0.872,89,2,15,9,3,1,,player.fcgi?id=waldsc000rya,,,
Tyler Bell#,20,2025,Kentucky,SEC,56,265,226,51,67,17,2,10,46,11,5,24,59,0.297,0.385,0.522,0.907,118,3,11,0,4,2,,player.fcgi?id=bell--007tyl,,,
Hudson Brown*,20,2025,Kentucky,SEC,43,141,113,18,30,8,0,3,20,4,1,18,34,0.266,0.389,0.416,0.804,47,1,6,2,2,0,,player.fcgi?id=brown-000hud,,,
Devin Burkes,23,2025,Kentucky,SEC,49,199,165,31,37,8,0,6,32,13,3,23,33,0.224,0.34,0.382,0.722,63,2,7,2,2,0,,player.fcgi?id=burkes000dev,,,
Griffin Cameron*,21,2025,Kentucky,SEC,44,105,82,16,19,2,0,0,13,9,0,13,17,0.232,0.333,0.256,0.589,21,1,1,6,3,0,,player.fcgi?id=camero000gri,,,
Kyuss Gargett#,20,2025,Kentucky,SEC,40,113,94,20,25,3,0,1,17,8,2,8,19,0.266,0.343,0.33,0.672,31,1,4,5,2,0,,player.fcgi?id=garget000kyu,,,
Cole Hage,23,2025,Kentucky,SEC,56,252,202,51,65,13,1,12,44,18,6,30,38,0.322,0.444,0.574,1.019,116,1,17,0,3,0,,player.fcgi?id=hage--000col,,,
Carson Hansen*,21,2025,Kentucky,SEC,34,118,99,26,28,2,2,7,26,5,2,12,36,0.283,0.374,0.556,0.93,55,0,3,3,1,1,,player.fcgi?id=hansen002car,,,
Patrick Herrera,23,2025,Kentucky,SEC,52,215,160,38,46,7,2,2,34,14,3,29,33,0.288,0.44,0.394,0.834,63,3,17,6,3,0,,player.fcgi?id=herrer000pat,,,
Ethan Hindle,20,2025,Kentucky,SEC,25,93,58,18,13,4,0,3,15,11,0,13,22,0.224,0.484,0.448,0.932,26,1,19,0,3,0,,player.fcgi?id=hindle000eth,,,
Dylan Koontz*,22,2025,Kentucky,SEC,30,99,70,13,15,5,1,2,22,4,0,11,20,0.214,0.429,0.4,0.829,28,1,16,1,1,0,,player.fcgi?id=koontz000dyl,,,
Luke Lawrence*,22,2025,Kentucky,SEC,57,268,219,50,67,10,2,4,36,12,5,20,34,0.306,0.397,0.425,0.822,93,2,17,6,6,0,,player.fcgi?id=lawren001luk,,,
Will Marcy,22,2025,Kentucky,SEC,12,33,26,4,3,0,1,0,1,2,0,4,5,0.115,0.281,0.192,0.474,5,1,2,1,0,0,,player.fcgi?id=marcy-000wil,,,
James McCoy#,23,2025,Kentucky,SEC,47,110,77,18,22,5,0,2,14,7,0,15,22,0.286,0.448,0.429,0.876,33,2,10,5,3,0,,player.fcgi?id=mccoy-005jam,,,
Shaun Montoya*,23,2025,Kentucky,SEC,49,158,133,24,35,6,1,2,19,11,1,9,29,0.263,0.368,0.368,0.736,49,0,13,3,0,1,,player.fcgi?id=montoy000sha,,,
Raphael Pelletier*,23,2025,Kentucky,SEC,22,70,57,4,7,3,0,0,5,1,0,5,11,0.123,0.215,0.175,0.391,10,3,2,5,1,0,,player.fcgi?id=pellet000raf,,,
Ryan Schwartz,20,2025,Kentucky,SEC,23,76,60,13,19,4,2,1,15,3,3,10,19,0.317,0.461,0.5,0.961,30,3,6,0,0,0,,player.fcgi?id=schwar005rya,,,
Tyler Bell#,21,2026,Kentucky,SEC,41,194,143,49,49,9,1,9,29,10,3,30,36,0.343,0.51,0.608,1.119,87,2,20,0,1,1,,player.fcgi?id=bell--007tyl,,,
Hudson Brown*,21,2026,Kentucky,SEC,44,200,150,36,50,12,0,7,39,5,2,28,27,0.333,0.475,0.553,1.028,83,3,16,2,4,2,,player.fcgi?id=brown-000hud,,,
Scott Campbell,23,2026,Kentucky,SEC,45,152,121,22,31,9,1,3,26,13,1,11,49,0.256,0.374,0.422,0.796,51,1,13,5,2,0,,player.fcgi?id=campbe005sco,,,
Tyler Cerny,22,2026,Kentucky,SEC,28,103,79,15,14,4,1,1,11,2,2,8,19,0.177,0.333,0.291,0.624,23,0,11,4,1,0,,player.fcgi?id=cerny-000tyl,,,
Caeden Cloud,--,2026,Kentucky,SEC,34,126,106,17,22,8,0,4,17,2,3,13,43,0.208,0.325,0.396,0.722,42,0,6,0,1,0,,player.fcgi?id=cloud-000cae,,,
Alex Duffey*,23,2026,Kentucky,SEC,6,15,13,2,4,0,2,0,4,3,0,2,3,0.308,0.4,0.615,1.015,8,0,0,0,0,0,,player.fcgi?id=duffey000ale,,,
Carson Hansen*,22,2026,Kentucky,SEC,37,127,105,16,23,1,1,4,23,5,3,14,38,0.219,0.333,0.362,0.695,38,0,5,1,2,0,,player.fcgi?id=hansen002car,,,
Ethan Hindle,21,2026,Kentucky,SEC,55,251,196,52,60,19,3,12,53,16,0,30,55,0.306,0.433,0.617,1.05,121,3,16,6,3,0,,player.fcgi?id=hindle000eth,,,
Tristan Hunter,20,2026,Kentucky,SEC,17,1,1,0,0,0,0,0,0,0,0,0,1,0,0,0,0,0,0,0,0,0,0,,player.fcgi?id=hunter000tri,,,
Owen Jenkins,19,2026,Kentucky,SEC,40,164,149,17,36,4,2,1,17,9,0,5,35,0.242,0.303,0.315,0.618,47,3,8,2,0,0,,player.fcgi?id=jenkin000owe,,,
Luke Lawrence*,23,2026,Kentucky,SEC,56,265,215,46,74,14,0,3,44,13,4,27,43,0.344,0.448,0.451,0.899,97,3,15,6,2,0,,player.fcgi?id=lawren001luk,,,
Will Marcy,23,2026,Kentucky,SEC,29,88,67,10,10,3,0,2,12,3,1,17,18,0.149,0.352,0.284,0.636,19,3,4,0,0,0,,player.fcgi?id=marcy-000wil,,,
Cameron Owens,21,2026,Kentucky,SEC,9,0,0,2,0,0,0,0,0,0,0,0,0,,,,,0,0,0,0,0,0,,player.fcgi?id=owens-000cam,,,
Ryan Schwartz,21,2026,Kentucky,SEC,41,137,115,23,28,6,0,4,19,4,3,14,26,0.244,0.348,0.4,0.748,46,0,5,2,1,0,,player.fcgi?id=schwar005rya,,,
Jayce Tharnish,22,2026,Kentucky,SEC,56,267,239,64,84,13,3,6,38,32,2,18,34,0.352,0.412,0.506,0.918,121,0,8,0,2,2,,player.fcgi?id=tharni000jay,,,
Tagger Tyson,21,2026,Kentucky,SEC,28,90,72,13,19,3,0,0,9,8,1,7,7,0.264,0.375,0.306,0.681,22,4,7,2,2,0,,player.fcgi?id=tyson-000tag,,,
Braxton Van Cleave*,19,2026,Kentucky,SEC,29,104,95,14,26,5,0,6,27,5,1,6,23,0.274,0.337,0.516,0.852,49,0,3,0,0,0,,player.fcgi?id=vancle000bra,,,
Tristan Bissetta*,23,2026,Ole Miss,SEC,64,288,243,56,66,11,0,23,61,8,3,39,87,0.272,0.382,0.601,0.983,146,0,5,0,1,1,,player.fcgi?id=bisset000tri,,,
Dom Decker*,23,2026,Ole Miss,SEC,64,299,233,64,63,7,0,10,34,13,3,51,46,0.27,0.409,0.429,0.839,100,3,8,1,6,0,,player.fcgi?id=decker000dom,,,
Austin Fawley,23,2026,Ole Miss,SEC,57,225,188,31,44,9,0,13,40,0,0,30,79,0.234,0.356,0.489,0.845,92,2,6,0,1,0,,player.fcgi?id=fawley000aus,,,
Hayden Federico#,20,2026,Ole Miss,SEC,63,256,202,37,61,9,0,4,29,5,0,35,32,0.302,0.429,0.406,0.835,82,2,13,2,4,1,,player.fcgi?id=federi000hay,,,
Will Furniss*,22,2026,Ole Miss,SEC,64,281,232,45,71,12,0,9,57,0,0,40,57,0.306,0.42,0.474,0.894,110,9,7,0,2,0,,player.fcgi?id=furnis002wil,,,
Cannon Goldin*,20,2026,Ole Miss,SEC,32,66,55,9,11,1,0,0,9,0,1,7,21,0.2,0.308,0.218,0.526,12,0,2,1,1,0,,player.fcgi?id=goldin000can,,,
Topher Jones,20,2026,Ole Miss,SEC,31,74,60,10,13,2,0,3,5,0,0,8,26,0.217,0.365,0.4,0.765,24,0,6,0,0,0,,player.fcgi?id=jones-000top,,,
Brett Moseley*,20,2026,Ole Miss,SEC,47,42,33,9,7,0,0,3,8,1,1,6,19,0.212,0.366,0.485,0.851,16,0,2,1,0,0,,player.fcgi?id=mosele000bre,,,
Daniel Pacella*,22,2026,Ole Miss,SEC,31,81,66,12,10,2,0,4,15,0,1,11,33,0.152,0.309,0.364,0.672,24,1,4,0,0,0,,player.fcgi?id=pacell000dan,,,
Owen Paino*,20,2026,Ole Miss,SEC,46,150,123,27,30,5,0,5,24,1,0,20,54,0.244,0.373,0.407,0.78,50,5,6,0,1,0,,player.fcgi?id=paino-000owe,,,
Kelven Perera,19,2026,Ole Miss,SEC,10,13,11,1,2,0,0,0,2,0,0,1,8,0.182,0.308,0.182,0.49,2,0,1,0,0,0,,player.fcgi?id=perera000kel,,,
Brayden Randle*,21,2026,Ole Miss,SEC,51,189,162,24,42,6,1,4,23,5,2,17,34,0.259,0.342,0.383,0.725,62,3,5,2,3,0,,player.fcgi?id=randle000bra,,,
Collin Reuter,23,2026,Ole Miss,SEC,56,211,178,27,47,15,0,8,40,2,0,22,73,0.264,0.36,0.483,0.843,86,8,7,0,4,0,,player.fcgi?id=reuter000col,,,
Luke Romine*,19,2026,Ole Miss,SEC,18,26,20,4,4,0,0,0,3,0,0,6,10,0.2,0.385,0.2,0.585,4,0,0,0,0,0,,player.fcgi?id=romine000luk,,,
Tate Sirmans,19,2026,Ole Miss,SEC,25,51,45,4,8,2,0,2,3,3,0,6,15,0.178,0.275,0.356,0.63,16,0,0,0,0,0,,player.fcgi?id=sirman000tat,,,
Judd Utermark,22,2026,Ole Miss,SEC,64,291,243,72,75,12,0,22,55,11,1,40,85,0.309,0.419,0.63,1.049,153,4,7,0,1,1,,player.fcgi?id=uterma000jud,,,
Luke Cheng,23,2025,Ole Miss,SEC,46,148,110,23,26,4,0,4,17,0,0,12,35,0.236,0.394,0.382,0.776,42,1,18,6,2,0,,player.fcgi?id=cheng-000luk,,,
Connor Chisolm*,22,2025,Ole Miss,SEC,13,11,8,4,1,0,0,0,0,2,0,3,1,0.125,0.364,0.125,0.489,1,0,0,0,0,0,,player.fcgi?id=chisol000con,,,
Austin Fawley,22,2025,Ole Miss,SEC,51,215,176,40,45,6,0,21,53,0,0,33,77,0.256,0.386,0.648,1.034,114,2,5,0,1,0,,player.fcgi?id=fawley000aus,,,
Hayden Federico#,19,2025,Ole Miss,SEC,55,232,181,33,44,6,0,4,23,12,4,34,34,0.243,0.389,0.343,0.731,62,4,11,3,3,0,,player.fcgi?id=federi000hay,,,
Will Furniss*,21,2025,Ole Miss,SEC,58,250,203,46,62,7,0,12,47,0,0,43,56,0.305,0.424,0.517,0.941,105,9,1,0,3,2,,player.fcgi?id=furnis002wil,,,
Luke Hill,21,2025,Ole Miss,SEC,63,307,244,66,82,9,2,8,40,18,6,46,43,0.336,0.459,0.488,0.947,119,10,13,0,4,0,,player.fcgi?id=hill--000luk,,,
Isaac Humphrey*,24,2025,Ole Miss,SEC,63,284,234,53,67,17,4,13,60,6,2,34,71,0.286,0.396,0.56,0.956,131,4,11,1,4,0,,player.fcgi?id=humphr000isa,,,
Jackson Miller,19,2025,Ole Miss,SEC,5,7,5,3,1,0,0,0,1,0,0,2,1,0.2,0.429,0.2,0.629,1,0,0,0,0,0,,player.fcgi?id=miller039jac,,,
Ryan Moerman,21,2025,Ole Miss,SEC,59,260,215,46,59,15,0,11,48,6,0,28,58,0.274,0.385,0.498,0.882,107,4,13,0,4,0,,player.fcgi?id=moerma000rya,,,
Owen Paino*,19,2025,Ole Miss,SEC,24,66,55,13,13,3,0,1,7,1,1,6,18,0.236,0.349,0.346,0.694,19,1,4,0,1,0,,player.fcgi?id=paino-000owe,,,
Brayden Randle*,20,2025,Ole Miss,SEC,33,84,70,14,20,4,0,1,10,4,2,11,10,0.286,0.378,0.386,0.764,27,2,0,2,1,0,,player.fcgi?id=randle000bra,,,
Collin Reuter,22,2025,Ole Miss,SEC,26,47,40,9,12,2,0,3,6,0,0,5,13,0.3,0.404,0.575,0.979,23,1,2,0,0,0,,player.fcgi?id=reuter000col,,,
Mitchell Sanford*,24,2025,Ole Miss,SEC,64,298,249,66,79,13,4,17,47,13,2,39,62,0.317,0.423,0.606,1.029,151,0,8,0,2,0,,player.fcgi?id=sanfor000mit,,,
Campbell Smithwick*,19,2025,Ole Miss,SEC,40,134,110,20,31,5,0,5,23,2,1,17,33,0.282,0.41,0.464,0.874,51,1,7,0,0,2,,player.fcgi?id=smithw000cam,,,
Ethan Surowiec,20,2025,Ole Miss,SEC,11,21,16,5,6,0,0,2,8,0,0,2,7,0.375,0.524,0.75,1.274,12,0,3,0,0,0,,player.fcgi?id=surowi000eth,,,
Judd Utermark,21,2025,Ole Miss,SEC,64,287,252,57,74,11,0,22,69,7,5,30,92,0.294,0.376,0.599,0.976,151,4,4,0,1,2,,player.fcgi?id=uterma000jud,,,
Eli Berch,20,2024,Ole Miss,SEC,42,118,98,16,20,2,0,1,9,0,0,16,35,0.204,0.333,0.255,0.588,25,2,3,1,0,0,,player.fcgi?id=berch-000eli,,,
Reagan Burford,22,2024,Ole Miss,SEC,33,95,81,10,17,6,0,4,14,0,0,11,27,0.21,0.305,0.432,0.737,35,4,1,0,2,0,,player.fcgi?id=burfor000rea,,,
Connor Chisolm*,21,2024,Ole Miss,SEC,1,1,1,0,0,0,0,0,0,0,0,0,0,0,0,0,0,0,1,0,0,0,0,,player.fcgi?id=chisol000con,,,
Seth Farni#,20,2024,Ole Miss,SEC,7,7,7,0,1,0,1,0,0,0,0,0,3,0.143,0.143,0.429,0.572,3,0,0,0,0,0,,player.fcgi?id=farni-000set,,,
Andrew Fischer*,20,2024,Ole Miss,SEC,55,252,207,47,59,10,2,20,57,1,2,35,53,0.285,0.397,0.643,1.039,133,4,6,0,4,2,,player.fcgi?id=fische001and,,,
Will Furniss*,20,2024,Ole Miss,SEC,51,177,148,27,35,8,0,9,31,0,0,27,46,0.237,0.35,0.473,0.823,70,3,0,0,2,1,,player.fcgi?id=furnis002wil,,,
Bo Gatlin,23,2024,Ole Miss,SEC,23,43,32,3,7,1,0,1,7,1,0,4,12,0.219,0.372,0.344,0.716,11,0,5,0,2,0,,player.fcgi?id=gatlin000bo-,,,
Ethan Groff,24,2024,Ole Miss,SEC,56,251,209,41,54,11,1,5,25,15,0,29,54,0.258,0.361,0.392,0.754,82,1,7,2,4,0,,player.fcgi?id=groff-000eth,,,
Luke Hill,20,2024,Ole Miss,SEC,54,241,196,36,57,6,1,3,27,12,3,35,27,0.291,0.404,0.378,0.782,74,2,5,1,4,1,,player.fcgi?id=hill--000luk,,,
Treyson Hughes*,22,2024,Ole Miss,SEC,50,173,150,22,34,4,1,2,26,4,1,16,36,0.227,0.306,0.307,0.613,46,2,3,0,4,0,,player.fcgi?id=hughes002tre,,,
John Kramer*,21,2024,Ole Miss,SEC,8,8,7,0,0,0,0,0,1,0,0,1,5,0,0.125,0,0.125,0,0,0,0,0,0,,player.fcgi?id=kramer003joh,,,
Ethan Lege,23,2024,Ole Miss,SEC,43,191,155,40,50,11,0,13,38,4,0,22,16,0.323,0.424,0.645,1.069,100,6,9,0,5,1,,player.fcgi?id=lege--000eth,,,
Trenton Lyons#,19,2024,Ole Miss,SEC,22,43,39,3,10,1,0,0,3,1,0,4,16,0.256,0.326,0.282,0.608,11,1,0,0,0,0,,player.fcgi?id=lyons-000tre,,,
Drew Markle,20,2024,Ole Miss,SEC,18,14,12,3,1,0,0,0,0,1,0,2,2,0.083,0.214,0.083,0.298,1,0,0,0,0,0,,player.fcgi?id=markle000dre,,,
Brayden Randle*,19,2024,Ole Miss,SEC,43,137,113,15,23,4,1,2,14,4,1,13,32,0.204,0.316,0.31,0.626,35,0,6,4,1,0,,player.fcgi?id=randle000bra,,,
Jackson Ross,24,2024,Ole Miss,SEC,56,256,193,52,54,11,0,10,49,5,0,55,46,0.28,0.438,0.492,0.93,95,2,3,0,5,1,,player.fcgi?id=ross--005jac,,,
Campbell Smithwick*,18,2024,Ole Miss,SEC,30,107,79,13,21,5,0,1,12,0,0,21,29,0.266,0.449,0.367,0.816,29,0,6,0,1,0,,player.fcgi?id=smithw000cam,,,
Judd Utermark,20,2024,Ole Miss,SEC,36,112,100,16,23,6,0,5,12,2,1,10,46,0.23,0.313,0.44,0.753,44,0,2,0,0,0,,player.fcgi?id=uterma000jud,,,
Kemp Alderman,20,2023,Ole Miss,SEC,54,243,213,44,80,14,0,19,61,5,1,26,41,0.376,0.44,0.709,1.149,151,3,1,0,3,2,,player.fcgi?id=alderm000kem,,,
Reagan Burford,21,2023,Ole Miss,SEC,32,59,50,10,9,3,0,1,7,2,1,6,20,0.18,0.276,0.3,0.576,15,1,1,1,1,0,,player.fcgi?id=burfor000rea,,,
Anthony Calarco*,23,2023,Ole Miss,SEC,48,198,168,26,46,10,0,5,31,0,0,24,42,0.274,0.379,0.423,0.801,71,4,5,0,1,1,,player.fcgi?id=calarc000ant,,,
Peyton Chatagnier,22,2023,Ole Miss,SEC,51,201,176,32,46,7,1,10,26,2,2,22,41,0.261,0.343,0.483,0.826,85,2,1,0,2,0,,player.fcgi?id=chatag000pey,,,
Will Furniss*,19,2023,Ole Miss,SEC,48,147,131,18,39,4,0,3,15,1,0,13,33,0.298,0.367,0.397,0.764,52,4,2,0,1,1,,player.fcgi?id=furnis002wil,,,
Bo Gatlin,22,2023,Ole Miss,SEC,8,15,12,4,3,2,0,0,2,0,0,0,3,0.25,0.4,0.417,0.817,5,1,3,0,0,0,,player.fcgi?id=gatlin000bo-,,,
Jacob Gonzalez*,21,2023,Ole Miss,SEC,54,253,202,46,66,18,0,10,51,0,2,35,28,0.327,0.435,0.564,0.999,114,3,9,0,7,2,,player.fcgi?id=gonzal006jac,,,
Ethan Groff,23,2023,Ole Miss,SEC,53,248,206,47,56,12,1,6,42,16,3,29,36,0.272,0.379,0.427,0.806,88,4,9,0,4,0,,player.fcgi?id=groff-000eth,,,
Calvin Harris*,21,2023,Ole Miss,SEC,54,244,209,52,67,14,2,12,46,2,0,29,40,0.321,0.398,0.579,0.976,121,5,1,0,5,1,,player.fcgi?id=harris001cal,,,
John Kramer*,20,2023,Ole Miss,SEC,24,62,49,8,13,2,0,2,8,0,0,12,9,0.265,0.419,0.429,0.848,21,0,1,0,0,0,,player.fcgi?id=kramer003joh,,,
Ethan Lege,22,2023,Ole Miss,SEC,51,211,181,30,44,10,1,3,20,3,1,12,16,0.243,0.332,0.359,0.691,65,4,14,0,4,0,,player.fcgi?id=lege--000eth,,,
Riley Maddox,20,2023,Ole Miss,SEC,8,0,0,2,0,0,0,0,0,0,0,0,0,,,,,0,0,0,0,0,0,,player.fcgi?id=maddox001ril,,,
Tywone Malone,20,2023,Ole Miss,SEC,6,12,10,3,1,0,0,1,1,0,0,2,6,0.1,0.25,0.4,0.65,4,0,0,0,0,0,,player.fcgi?id=malone000tyw,,,
T.J. McCants*,22,2023,Ole Miss,SEC,47,159,142,27,33,3,2,9,27,10,0,14,46,0.232,0.308,0.472,0.78,67,3,2,0,1,1,,player.fcgi?id=mccant000tj-,,,
Mason Morris,19,2023,Ole Miss,SEC,10,1,1,0,0,0,0,0,0,0,0,0,0,0,0,0,0,0,0,0,0,0,0,,player.fcgi?id=morris001mas,,,
Will Plattner,19,2023,Ole Miss,SEC,7,13,10,4,3,1,0,0,0,0,0,2,4,0.3,0.417,0.4,0.817,4,1,0,1,0,0,,player.fcgi?id=plattn000wil,,,
Tim Simay,--,2023,Ole Miss,SEC,4,3,3,2,2,0,0,0,0,0,0,0,1,0.667,0.667,0.667,1.333,2,0,0,0,0,0,,player.fcgi?id=simay-000tim,,,
Judd Utermark,19,2023,Ole Miss,SEC,17,39,37,8,5,0,0,2,6,1,0,1,17,0.135,0.18,0.297,0.477,11,1,1,0,0,0,,player.fcgi?id=uterma000jud,,,
Garrett Wood,24,2023,Ole Miss,SEC,20,18,15,7,5,0,0,0,5,0,0,3,5,0.333,0.444,0.333,0.778,5,0,0,0,0,0,,player.fcgi?id=wood--003gar,,,
Kemp Alderman,19,2022,Ole Miss,SEC,61,240,203,41,58,15,0,11,45,2,1,29,58,0.286,0.388,0.522,0.91,106,2,6,0,2,2,,player.fcgi?id=alderm000kem,,,
Justin Bench,22,2022,Ole Miss,SEC,65,302,256,62,81,17,1,4,42,4,5,25,43,0.316,0.409,0.438,0.846,112,6,17,1,3,0,,player.fcgi?id=bench-000jus,,,
Reagan Burford,20,2022,Ole Miss,SEC,38,121,104,24,27,8,0,3,19,2,1,11,30,0.26,0.322,0.423,0.745,44,3,1,0,5,0,,player.fcgi?id=burfor000rea,,,
Peyton Chatagnier,21,2022,Ole Miss,SEC,62,263,230,47,57,12,2,11,45,6,3,18,63,0.248,0.317,0.461,0.778,106,3,8,1,6,0,,player.fcgi?id=chatag000pey,,,
Derek Diamond,21,2022,Ole Miss,SEC,18,0,0,1,0,0,0,0,0,0,0,0,0,,,,,0,0,0,0,0,0,,player.fcgi?id=diamon000der,,,
Hayden Dunhurst*,21,2022,Ole Miss,SEC,56,211,169,30,39,8,0,6,30,0,0,36,69,0.231,0.37,0.385,0.754,65,3,3,0,3,0,,player.fcgi?id=dunhur000hay,,,
Tim Elko,23,2022,Ole Miss,SEC,65,285,240,63,72,10,0,24,75,2,0,43,84,0.3,0.407,0.642,1.049,154,7,1,0,1,3,,player.fcgi?id=elko--000tim,,,
Jacob Gonzalez*,20,2022,Ole Miss,SEC,65,300,242,67,66,9,3,18,52,4,2,50,32,0.273,0.405,0.558,0.963,135,7,5,1,2,2,,player.fcgi?id=gonzal006jac,,,
Kevin Graham*,22,2022,Ole Miss,SEC,47,210,194,32,65,11,0,11,51,1,1,9,47,0.335,0.371,0.562,0.933,109,3,4,0,3,2,,player.fcgi?id=graham000kev,,,
Calvin Harris*,20,2022,Ole Miss,SEC,43,127,110,26,37,7,1,3,21,2,1,15,31,0.336,0.417,0.5,0.917,55,0,1,0,1,0,,player.fcgi?id=harris001cal,,,
John Kramer*,19,2022,Ole Miss,SEC,12,18,14,3,3,0,0,2,2,0,0,3,6,0.214,0.389,0.643,1.032,9,0,1,0,0,0,,player.fcgi?id=kramer003joh,,,
Hayden Leatherwood*,23,2022,Ole Miss,SEC,51,145,132,24,33,7,1,5,17,0,0,10,43,0.25,0.317,0.432,0.749,57,2,3,0,0,0,,player.fcgi?id=leathe000hay,,,
Knox Loposer,22,2022,Ole Miss,SEC,9,12,9,3,2,1,0,0,4,0,0,1,3,0.222,0.417,0.333,0.75,3,0,2,0,0,0,,player.fcgi?id=lopose000kno,,,
Tywone Malone,19,2022,Ole Miss,SEC,7,10,9,3,4,0,0,2,4,0,0,1,3,0.444,0.5,1.111,1.611,10,0,0,0,0,0,,player.fcgi?id=malone000tyw,,,
T.J. McCants*,21,2022,Ole Miss,SEC,60,209,178,34,42,5,1,8,31,10,4,22,65,0.236,0.324,0.41,0.734,73,1,3,2,4,1,,player.fcgi?id=mccant000tj-,,,
Hudson Sapp*,21,2022,Ole Miss,SEC,9,13,10,3,2,1,0,0,2,0,0,2,2,0.2,0.385,0.3,0.685,3,0,1,0,0,0,,player.fcgi?id=sapp--000hud,,,
Banks Tolley,22,2022,Ole Miss,SEC,26,17,15,5,4,2,0,0,3,1,1,2,5,0.267,0.353,0.4,0.753,6,0,0,0,0,0,,player.fcgi?id=tolley000ban,,,
Ben Van Cleve,22,2022,Ole Miss,SEC,35,53,43,10,13,5,0,0,4,0,0,8,8,0.302,0.415,0.419,0.834,18,2,1,0,1,0,,player.fcgi?id=vancle000ben,,,
Garrett Wood,23,2022,Ole Miss,SEC,28,43,33,5,5,2,0,0,1,0,0,10,14,0.152,0.349,0.212,0.561,7,0,0,0,0,0,,player.fcgi?id=wood--003gar,,,
Kemp Alderman,18,2021,Ole Miss,SEC,8,16,16,2,2,0,0,1,1,0,0,0,11,0.125,0.125,0.313,0.438,5,,0,0,0,0,,player.fcgi?id=alderm000kem,,,
Cael Baker,22,2021,Ole Miss,SEC,52,182,154,25,32,4,0,5,28,0,1,22,72,0.208,0.319,0.331,0.65,51,,4,0,2,0,,player.fcgi?id=baker-000cae,,,
Justin Bench,21,2021,Ole Miss,SEC,65,293,241,56,74,7,2,7,39,14,4,21,30,0.307,0.423,0.44,0.863,106,,29,0,2,1,,player.fcgi?id=bench-000jus,,,
Peyton Chatagnier,20,2021,Ole Miss,SEC,56,259,221,41,60,13,0,6,43,0,3,26,56,0.272,0.368,0.412,0.78,91,,9,1,2,0,,player.fcgi?id=chatag000pey,,,
Hayden Dunhurst*,20,2021,Ole Miss,SEC,65,275,232,40,65,11,2,7,43,3,2,32,44,0.28,0.386,0.435,0.821,101,,9,0,2,3,,player.fcgi?id=dunhur000hay,,,
Tim Elko,22,2021,Ole Miss,SEC,49,196,160,41,52,8,0,16,55,0,0,29,53,0.325,0.444,0.675,1.119,108,,6,0,1,6,,player.fcgi?id=elko--000tim,,,
Jacob Gonzalez*,19,2021,Ole Miss,SEC,67,310,262,73,93,16,1,12,55,2,4,38,34,0.355,0.443,0.561,1.005,147,,6,1,3,0,,player.fcgi?id=gonzal006jac,,,
Kevin Graham*,21,2021,Ole Miss,SEC,67,303,260,58,89,15,0,14,56,2,1,31,36,0.342,0.422,0.562,0.984,146,,8,0,4,4,,player.fcgi?id=graham000kev,,,
Calvin Harris*,19,2021,Ole Miss,SEC,41,86,72,10,15,4,0,2,18,1,0,9,20,0.208,0.279,0.347,0.626,25,,0,0,5,0,,player.fcgi?id=harris001cal,,,
Trey LaFleur*,20,2021,Ole Miss,SEC,17,32,30,2,4,1,0,2,2,1,1,2,18,0.133,0.188,0.367,0.554,11,,0,0,0,0,,player.fcgi?id=lafleu000ray,,,
Hayden Leatherwood*,22,2021,Ole Miss,SEC,63,210,186,29,53,8,0,7,33,0,1,18,54,0.285,0.348,0.441,0.789,82,,2,0,4,0,,player.fcgi?id=leathe000hay,,,
Knox Loposer,21,2021,Ole Miss,SEC,16,45,34,8,8,2,1,0,5,0,0,6,14,0.235,0.4,0.353,0.753,12,,4,0,1,0,,player.fcgi?id=lopose000kno,,,
T.J. McCants*,20,2021,Ole Miss,SEC,60,249,217,47,65,10,2,5,35,11,2,26,68,0.3,0.37,0.433,0.803,94,,1,0,5,1,,player.fcgi?id=mccant000tj-,,,
John Rhys Plumlee,20,2021,Ole Miss,SEC,47,77,60,21,16,4,0,1,7,7,2,14,27,0.267,0.416,0.383,0.799,23,,2,0,1,0,,player.fcgi?id=plumle000joh,,,
Cade Sammons*,21,2021,Ole Miss,SEC,40,26,18,7,2,0,0,0,1,3,0,6,7,0.111,0.385,0.111,0.496,2,,2,0,0,0,,player.fcgi?id=sammon000cad,,,
Ben Van Cleve,21,2021,Ole Miss,SEC,44,118,102,14,26,6,1,0,15,0,0,9,24,0.255,0.342,0.333,0.675,34,,5,1,1,0,,player.fcgi?id=vancle000ben,,,
Garrett Wood,22,2021,Ole Miss,SEC,22,20,13,4,0,0,0,0,1,0,0,6,2,0,0.3,0,0.3,0,,0,0,1,0,,player.fcgi?id=wood--003gar,,,
Cael Baker,21,2020,Ole Miss,SEC,16,63,50,8,11,3,0,4,15,0,0,9,17,0.22,0.349,0.52,0.869,26,,2,0,2,0,,player.fcgi?id=baker-000cae,,,
Justin Bench,20,2020,Ole Miss,SEC,17,62,44,13,13,1,0,1,11,3,0,9,6,0.296,0.458,0.386,0.844,17,,5,3,1,0,,player.fcgi?id=bench-000jus,,,
Peyton Chatagnier,19,2020,Ole Miss,SEC,17,78,61,23,19,4,0,4,13,3,0,13,16,0.312,0.449,0.574,1.023,35,,3,0,1,0,,player.fcgi?id=chatag000pey,,,
Hayden Dunhurst*,19,2020,Ole Miss,SEC,17,62,52,16,14,1,0,5,15,1,0,7,16,0.269,0.355,0.577,0.932,30,,1,0,2,0,,player.fcgi?id=dunhur000hay,,,
Jerrion Ealy,19,2020,Ole Miss,SEC,13,28,22,7,4,2,0,0,3,5,2,4,9,0.182,0.321,0.273,0.594,6,,1,0,1,0,,player.fcgi?id=ealy--000jer,,,
Tim Elko,21,2020,Ole Miss,SEC,14,51,48,12,17,4,1,3,15,3,0,2,13,0.354,0.373,0.667,1.039,32,,0,0,1,0,,player.fcgi?id=elko--000tim,,,
Kevin Graham*,20,2020,Ole Miss,SEC,13,46,38,11,9,4,0,3,9,1,0,5,10,0.237,0.326,0.579,0.905,22,,1,0,2,0,,player.fcgi?id=graham000kev,,,
Tyler Keenan*,21,2020,Ole Miss,SEC,17,80,67,18,27,5,0,7,33,1,0,9,14,0.403,0.488,0.791,1.279,53,,3,0,1,1,,player.fcgi?id=keenan000tyl,,,
Trey LaFleur*,19,2020,Ole Miss,SEC,11,11,8,2,0,0,0,0,1,0,0,3,6,0,0.273,0,0.273,0,,0,0,0,0,,player.fcgi?id=lafleu000ray,,,
Hayden Leatherwood*,21,2020,Ole Miss,SEC,14,44,36,12,13,1,0,3,11,0,0,8,10,0.361,0.477,0.639,1.116,23,,0,0,0,0,,player.fcgi?id=leathe000hay,,,
Knox Loposer,20,2020,Ole Miss,SEC,10,16,13,3,2,0,0,2,5,0,0,2,5,0.154,0.267,0.615,0.882,8,,0,1,0,0,,player.fcgi?id=lopose000kno,,,
John Rhys Plumlee,19,2020,Ole Miss,SEC,13,18,16,4,1,0,0,0,1,1,0,0,11,0.063,0.111,0.063,0.174,1,,1,0,1,0,,player.fcgi?id=plumle000joh,,,
Cade Sammons*,20,2020,Ole Miss,SEC,13,29,25,5,3,0,0,0,2,1,0,3,10,0.12,0.241,0.12,0.361,3,,1,0,0,0,,player.fcgi?id=sammon000cad,,,
Anthony Servideo*,21,2020,Ole Miss,SEC,17,87,59,24,23,3,0,5,17,9,1,24,16,0.39,0.575,0.695,1.27,41,,3,0,1,2,,player.fcgi?id=servid000ant,,,
Ben Van Cleve,20,2020,Ole Miss,SEC,11,34,26,3,10,3,0,0,1,0,0,6,4,0.385,0.529,0.5,1.029,13,,2,0,0,0,,player.fcgi?id=vancle000ben,,,
Jacob Adams*,22,2019,Ole Miss,SEC,56,183,144,24,32,5,0,0,19,4,3,27,37,0.222,0.365,0.257,0.622,37,,6,5,1,0,,player.fcgi?id=adams-005jac,,,
Justin Bench,19,2019,Ole Miss,SEC,14,20,15,3,3,0,0,0,4,0,0,4,5,0.2,0.368,0.2,0.568,3,,0,1,0,0,,player.fcgi?id=bench-000jus,,,
Chase Cockrell,22,2019,Ole Miss,SEC,34,102,84,11,18,5,0,0,11,0,1,14,39,0.214,0.353,0.274,0.627,23,,4,0,0,1,,player.fcgi?id=cockre002cha,,,
Thomas Dillard#,21,2019,Ole Miss,SEC,68,309,242,61,75,10,2,14,61,14,4,61,51,0.31,0.45,0.541,0.991,131,,3,0,3,6,,player.fcgi?id=dillar002tho,,,
Tim Elko,20,2019,Ole Miss,SEC,32,76,66,10,14,2,1,2,9,1,1,9,17,0.212,0.316,0.364,0.679,24,,1,0,0,0,,player.fcgi?id=elko--000tim,,,
Michael Fitzsimmons,23,2019,Ole Miss,SEC,32,47,39,4,6,0,0,0,1,0,0,5,15,0.154,0.298,0.154,0.452,6,,3,0,0,1,,player.fcgi?id=fitzsi000mic,,,
Carl Gindl*,20,2019,Ole Miss,SEC,34,39,34,12,8,1,0,0,6,2,1,4,9,0.235,0.308,0.265,0.572,9,,0,0,1,0,,player.fcgi?id=gindl-000car,,,
Kevin Graham*,19,2019,Ole Miss,SEC,55,173,152,28,38,7,1,10,34,0,0,14,43,0.25,0.324,0.507,0.83,77,,4,0,3,0,,player.fcgi?id=graham000kev,,,
Josh Hall*,19,2019,Ole Miss,SEC,54,42,35,12,6,0,1,1,7,10,1,6,7,0.171,0.31,0.314,0.624,11,,1,0,0,0,,player.fcgi?id=hall--007jos,,,
Cooper Johnson,21,2019,Ole Miss,SEC,63,251,207,39,56,13,0,8,32,3,1,29,44,0.271,0.371,0.449,0.821,93,,6,6,3,2,,player.fcgi?id=johnso000coo,,,
Tyler Keenan*,20,2019,Ole Miss,SEC,68,317,253,39,72,7,2,15,66,2,1,48,51,0.285,0.42,0.506,0.926,128,,13,0,3,0,,player.fcgi?id=keenan000tyl,,,
Grae Kessinger,21,2019,Ole Miss,SEC,68,330,270,67,89,18,0,7,50,16,3,41,35,0.33,0.43,0.474,0.904,128,,11,2,6,1,,player.fcgi?id=kessin000gra,,,
Knox Loposer,19,2019,Ole Miss,SEC,29,53,47,9,10,2,0,1,9,0,0,5,10,0.213,0.302,0.319,0.621,15,,1,0,0,0,,player.fcgi?id=lopose000kno,,,
Hunter Nabors,21,2019,Ole Miss,SEC,1,1,1,0,0,0,0,0,0,0,0,0,1,0,0,0,0,0,,0,0,0,0,,player.fcgi?id=nabors000hun,,,
Ryan Olenek,22,2019,Ole Miss,SEC,60,274,234,44,77,14,1,1,33,10,5,15,23,0.329,0.404,0.41,0.814,96,,17,4,4,0,,player.fcgi?id=olenek000rya,,,
Anthony Servideo*,20,2019,Ole Miss,SEC,66,267,209,62,60,10,1,3,26,24,2,48,55,0.287,0.429,0.388,0.817,81,,4,6,0,1,,player.fcgi?id=servid000ant,,,
Cole Zabowski*,21,2019,Ole Miss,SEC,68,288,261,50,83,16,0,12,51,7,0,21,60,0.318,0.375,0.517,0.892,135,,4,0,2,2,,player.fcgi?id=zabows000col,,,
Jacob Adams*,21,2018,Ole Miss,SEC,58,192,152,35,39,7,1,3,18,7,3,28,34,0.257,0.392,0.375,0.767,57,,7,3,2,0,,player.fcgi?id=adams-005jac,,,
Chase Cockrell,21,2018,Ole Miss,SEC,54,202,180,37,57,13,0,9,38,1,1,13,58,0.317,0.376,0.539,0.915,97,,6,0,3,0,,player.fcgi?id=cockre002cha,,,
Thomas Dillard#,20,2018,Ole Miss,SEC,65,285,229,67,71,15,2,13,59,17,3,49,50,0.31,0.439,0.563,1.002,129,,5,0,2,3,,player.fcgi?id=dillar002tho,,,
Tim Elko,19,2018,Ole Miss,SEC,29,56,52,10,11,3,0,1,5,2,0,3,17,0.212,0.25,0.327,0.577,17,,0,0,1,0,,player.fcgi?id=elko--000tim,,,
Michael Fitzsimmons,22,2018,Ole Miss,SEC,24,30,25,6,11,4,0,3,11,0,0,3,5,0.44,0.533,0.96,1.493,24,,2,0,0,0,,player.fcgi?id=fitzsi000mic,,,
Nick Fortes,21,2018,Ole Miss,SEC,65,292,235,56,75,12,1,11,49,14,6,46,25,0.319,0.435,0.519,0.954,122,,6,0,5,1,,player.fcgi?id=fortes000nic,,,
Carl Gindl*,19,2018,Ole Miss,SEC,15,10,6,4,0,0,0,0,2,1,0,3,2,0,0.3,0,0.3,0,,0,0,1,0,,player.fcgi?id=gindl-000car,,,
Will Golsan,22,2018,Ole Miss,SEC,65,283,247,41,75,13,2,4,48,5,3,20,39,0.304,0.371,0.421,0.792,104,,10,0,6,0,,player.fcgi?id=golsan000wil,,,
Cooper Johnson,20,2018,Ole Miss,SEC,26,80,68,10,16,0,0,2,11,0,1,9,3,0.235,0.329,0.324,0.653,22,,1,1,1,0,,player.fcgi?id=johnso000coo,,,
Tyler Keenan*,19,2018,Ole Miss,SEC,54,202,173,35,52,11,0,9,38,1,2,15,39,0.301,0.391,0.52,0.911,90,,12,0,2,0,,player.fcgi?id=keenan000tyl,,,
Grae Kessinger,20,2018,Ole Miss,SEC,62,285,243,56,73,18,0,8,37,8,0,33,34,0.3,0.389,0.473,0.862,115,,4,2,3,0,,player.fcgi?id=kessin000gra,,,
Ryan Olenek,21,2018,Ole Miss,SEC,61,267,237,35,83,18,0,3,29,9,7,10,17,0.35,0.389,0.464,0.853,110,,8,7,5,0,,player.fcgi?id=olenek000rya,,,
Tim Rowe*,22,2018,Ole Miss,SEC,28,70,64,10,18,7,0,2,11,0,0,6,19,0.281,0.343,0.484,0.827,31,,0,0,0,1,,player.fcgi?id=rowe--003tim,,,
Anthony Servideo*,19,2018,Ole Miss,SEC,34,71,62,10,14,2,0,1,7,1,1,6,18,0.226,0.314,0.307,0.621,19,,2,1,0,0,,player.fcgi?id=servid000ant,,,
Michael Spears?,--,2018,Ole Miss,SEC,24,24,17,5,2,1,0,0,4,0,0,7,7,0.118,0.375,0.177,0.552,3,,0,0,0,0,,player.fcgi?id=spears002mic,,,
Cole Zabowski*,20,2018,Ole Miss,SEC,58,235,210,34,63,8,0,10,44,0,0,17,47,0.3,0.37,0.481,0.851,101,,7,0,1,1,,player.fcgi?id=zabows000col,,,
Jason Barber,19,2017,Ole Miss,SEC,5,1,0,1,0,0,0,0,0,0,0,0,0,,1,,,0,,1,0,0,0,,player.fcgi?id=barber000jas,,,
Tate Blackman,22,2017,Ole Miss,SEC,55,246,202,46,61,10,4,9,30,9,4,34,46,0.302,0.42,0.525,0.945,106,,8,1,1,2,,player.fcgi?id=blackm000tat,,,
Bryce Blaum,19,2017,Ole Miss,SEC,12,14,9,1,3,0,0,0,0,1,0,3,2,0.333,0.539,0.333,0.872,3,,1,1,0,0,,player.fcgi?id=blaum-000bry,,,
Colby Bortles,22,2017,Ole Miss,SEC,55,237,193,33,52,9,1,10,42,0,2,31,50,0.269,0.376,0.482,0.857,93,,6,0,7,0,,player.fcgi?id=bortle000col,,,
Chase Cockrell,20,2017,Ole Miss,SEC,25,72,67,10,16,3,0,2,6,0,0,4,27,0.239,0.292,0.373,0.665,25,,1,0,0,0,,player.fcgi?id=cockre002cha,,,
Thomas Dillard#,19,2017,Ole Miss,SEC,48,167,141,17,29,8,0,4,12,3,2,25,51,0.206,0.329,0.348,0.677,49,,1,0,0,3,,player.fcgi?id=dillar002tho,,,
Michael Fitzsimmons,21,2017,Ole Miss,SEC,29,47,40,4,7,1,0,1,4,0,0,5,13,0.175,0.298,0.275,0.573,11,,2,0,0,0,,player.fcgi?id=fitzsi000mic,,,
Nick Fortes,20,2017,Ole Miss,SEC,44,159,138,18,44,8,0,5,32,0,0,12,15,0.319,0.382,0.486,0.867,67,,2,7,0,0,,player.fcgi?id=fortes000nic,,,
Will Golsan,21,2017,Ole Miss,SEC,57,251,221,41,69,12,0,3,22,7,3,19,34,0.312,0.373,0.407,0.78,90,,4,4,3,0,,player.fcgi?id=golsan000wil,,,
Cooper Johnson,19,2017,Ole Miss,SEC,42,128,108,17,23,6,0,0,8,0,3,13,27,0.213,0.301,0.269,0.569,29,,1,5,1,0,,player.fcgi?id=johnso000coo,,,
Grae Kessinger,19,2017,Ole Miss,SEC,55,189,154,15,27,5,0,2,16,2,4,23,30,0.175,0.287,0.247,0.534,38,,2,8,2,0,,player.fcgi?id=kessin000gra,,,
Carson Klepzig,20,2017,Ole Miss,SEC,6,3,3,2,0,0,0,0,0,0,0,0,0,0,0,0,0,0,,0,0,0,0,,player.fcgi?id=klepzi000car,,,
DJ Miller,20,2017,Ole Miss,SEC,19,26,24,3,4,1,0,2,4,0,0,2,6,0.167,0.231,0.458,0.689,11,,0,0,0,0,,player.fcgi?id=miller001dj-,,,
Ryan Olenek,20,2017,Ole Miss,SEC,53,229,206,23,56,17,0,3,25,10,3,8,29,0.272,0.317,0.398,0.715,82,,8,2,5,0,,player.fcgi?id=olenek000rya,,,
Tim Rowe*,21,2017,Ole Miss,SEC,47,133,126,16,32,10,0,3,20,1,0,6,32,0.254,0.293,0.405,0.698,51,,1,0,0,0,,player.fcgi?id=rowe--003tim,,,
Bryan Seamster*,19,2017,Ole Miss,SEC,31,54,44,6,8,1,0,1,3,1,0,6,14,0.182,0.302,0.273,0.575,12,,2,1,1,0,,player.fcgi?id=seamst000bry,,,
Kyle Watson,21,2017,Ole Miss,SEC,50,89,75,11,13,4,0,1,6,4,1,10,29,0.173,0.273,0.267,0.539,20,,1,1,2,0,,player.fcgi?id=watson002kyl,,,
Cole Zabowski*,19,2017,Ole Miss,SEC,39,103,92,8,22,1,0,1,11,0,1,10,26,0.239,0.311,0.283,0.593,26,,0,0,1,0,,player.fcgi?id=zabows000col,,,
Ray Alejo,19,2016,Ole Miss,SEC,13,14,11,2,0,0,0,0,1,0,0,2,4,0,0.214,0,0.214,0,,1,0,0,0,,player.fcgi?id=alejo-000ray,,,
Tate Blackman,21,2016,Ole Miss,SEC,62,268,230,48,74,13,2,3,38,3,2,30,38,0.322,0.392,0.435,0.827,100,,1,0,7,0,,player.fcgi?id=blackm000tat,,,
Colby Bortles,21,2016,Ole Miss,SEC,62,264,219,37,59,21,0,8,50,0,0,31,59,0.269,0.379,0.475,0.854,104,,10,0,4,0,,player.fcgi?id=bortle000col,,,
Connor Cloyd?,--,2016,Ole Miss,SEC,37,87,73,13,16,2,0,0,10,1,1,11,18,0.219,0.333,0.247,0.58,18,,2,0,1,1,,player.fcgi?id=cloyd-000con,,,
Cameron Dishon,22,2016,Ole Miss,SEC,52,137,111,18,25,5,0,4,22,9,2,19,29,0.225,0.338,0.378,0.717,42,,1,4,2,0,,player.fcgi?id=dishon000cam,,,
Michael Fitzsimmons,20,2016,Ole Miss,SEC,43,112,98,12,26,7,0,3,14,0,0,9,27,0.265,0.342,0.429,0.771,42,,3,1,1,0,,player.fcgi?id=fitzsi000mic,,,
Nick Fortes,19,2016,Ole Miss,SEC,17,45,36,7,7,0,0,0,1,0,0,5,7,0.194,0.356,0.194,0.55,7,,4,0,0,0,,player.fcgi?id=fortes000nic,,,
Will Golsan,20,2016,Ole Miss,SEC,62,262,231,45,63,11,2,3,31,5,2,21,37,0.273,0.345,0.377,0.721,87,,6,1,3,0,,player.fcgi?id=golsan000wil,,,
Henri Lartigue#,21,2016,Ole Miss,SEC,57,232,207,37,73,11,0,4,31,2,1,20,40,0.353,0.414,0.464,0.878,96,,3,0,2,0,,player.fcgi?id=lartig000hen,,,
DJ Miller,19,2016,Ole Miss,SEC,15,22,18,4,2,0,0,0,1,0,0,4,6,0.111,0.273,0.111,0.384,2,,0,0,0,0,,player.fcgi?id=miller001dj-,,,
Ryan Olenek,19,2016,Ole Miss,SEC,53,210,185,31,49,5,0,2,28,2,0,11,24,0.265,0.327,0.324,0.651,60,,7,5,2,0,,player.fcgi?id=olenek000rya,,,
Holt Perdzock?,--,2016,Ole Miss,SEC,44,110,91,13,23,4,0,1,17,3,0,16,28,0.253,0.364,0.33,0.693,30,,1,0,2,1,,player.fcgi?id=perdzo000hol,,,
Nic Perkins,20,2016,Ole Miss,SEC,12,15,15,0,1,0,0,0,0,0,0,0,5,0.067,0.067,0.067,0.133,1,,0,0,0,0,,player.fcgi?id=perkin000nic,,,
Errol Robinson,21,2016,Ole Miss,SEC,61,283,256,45,69,10,4,1,36,9,7,21,38,0.27,0.326,0.352,0.678,90,,2,1,3,1,,player.fcgi?id=robins000err,,,
Kyle Watson,20,2016,Ole Miss,SEC,52,91,78,17,18,4,0,3,9,5,1,10,19,0.231,0.322,0.397,0.72,31,,1,1,1,0,,player.fcgi?id=watson002kyl,,,
J.B. Woodman*,21,2016,Ole Miss,SEC,62,277,232,53,75,15,1,14,55,12,7,33,48,0.323,0.412,0.578,0.989,134,,6,0,6,2,,player.fcgi?id=woodma000jb-,,,
Evan Anderson*,20,2015,Ole Miss,SEC,16,1,1,0,0,0,0,0,0,0,0,0,0,0,0,0,0,0,,0,0,0,0,,player.fcgi?id=anders000eva,,,
Tate Blackman,20,2015,Ole Miss,SEC,39,140,122,18,24,7,0,0,9,2,0,10,32,0.197,0.293,0.254,0.547,31,,7,0,1,0,,player.fcgi?id=blackm000tat,,,
Colby Bortles,20,2015,Ole Miss,SEC,56,233,199,28,56,11,0,7,47,0,2,26,63,0.281,0.365,0.442,0.807,88,,3,0,5,0,,player.fcgi?id=bortle000col,,,
Connor Cloyd?,--,2015,Ole Miss,SEC,38,116,103,17,38,3,1,0,15,2,0,7,27,0.369,0.435,0.418,0.852,43,,5,1,0,0,,player.fcgi?id=cloyd-000con,,,
Cameron Dishon,21,2015,Ole Miss,SEC,58,198,167,21,42,4,1,2,14,17,7,15,38,0.252,0.332,0.323,0.655,54,,6,8,2,0,,player.fcgi?id=dishon000cam,,,
Will Golsan,19,2015,Ole Miss,SEC,53,215,186,31,54,9,0,0,26,3,5,23,24,0.29,0.367,0.339,0.706,63,,2,0,4,0,,player.fcgi?id=golsan000wil,,,
Austin Knight,22,2015,Ole Miss,SEC,46,169,143,13,37,7,0,2,17,0,1,16,28,0.259,0.355,0.35,0.705,50,,6,3,1,0,,player.fcgi?id=knight002aus,,,
Henri Lartigue#,20,2015,Ole Miss,SEC,33,97,89,14,20,6,1,1,12,0,0,6,24,0.225,0.289,0.348,0.637,31,,2,0,0,1,,player.fcgi?id=lartig000hen,,,
Sikes Orvis*,22,2015,Ole Miss,SEC,57,246,201,41,53,17,0,16,53,1,1,41,57,0.264,0.394,0.587,0.981,118,,3,0,1,2,,player.fcgi?id=orvis-000jef,,,
Holt Perdzock?,--,2015,Ole Miss,SEC,26,51,46,4,9,2,0,0,4,0,0,4,15,0.196,0.275,0.239,0.514,11,,1,0,0,0,,player.fcgi?id=perdzo000hol,,,
Nic Perkins,19,2015,Ole Miss,SEC,19,47,44,4,12,1,0,0,7,0,0,3,9,0.273,0.319,0.296,0.615,13,,0,0,0,0,,player.fcgi?id=perkin000nic,,,
Errol Robinson,20,2015,Ole Miss,SEC,58,245,209,31,62,11,0,1,30,6,3,26,39,0.297,0.376,0.364,0.74,76,,3,3,4,0,,player.fcgi?id=robins000err,,,
Joe Wainhouse*,19,2015,Ole Miss,SEC,19,28,24,0,3,0,0,0,0,0,1,4,12,0.125,0.25,0.125,0.375,3,,0,0,0,0,,player.fcgi?id=wainho000joe,,,
Josh Watkins?,--,2015,Ole Miss,SEC,19,28,25,3,4,1,0,0,3,1,0,2,8,0.16,0.25,0.2,0.45,5,,1,0,0,0,,player.fcgi?id=watkin000jos,,,
Kyle Watson,19,2015,Ole Miss,SEC,55,174,141,34,34,8,0,0,14,13,3,27,49,0.241,0.372,0.298,0.67,42,,3,2,1,0,,player.fcgi?id=watson002kyl,,,
J.B. Woodman*,20,2015,Ole Miss,SEC,58,260,212,39,58,8,2,7,23,7,3,39,59,0.274,0.386,0.429,0.815,91,,1,6,2,0,,player.fcgi?id=woodma000jb-,,,
Will Allen,22,2014,Ole Miss,SEC,69,301,277,44,94,24,0,7,64,0,1,15,43,0.339,0.375,0.502,0.877,139,,4,0,5,2,,player.fcgi?id=allen-019wil,,,
Austin Anderson*,22,2014,Ole Miss,SEC,69,319,269,57,87,18,1,5,41,10,6,34,23,0.323,0.415,0.454,0.868,122,,10,3,3,4,,player.fcgi?id=anders000aus,,,
Evan Anderson*,19,2014,Ole Miss,SEC,11,1,1,0,0,0,0,0,0,0,0,0,0,0,0,0,0,0,,0,0,0,0,,player.fcgi?id=anders000eva,,,
Brantley Bell,19,2014,Ole Miss,SEC,42,111,101,16,31,6,0,0,11,2,0,6,14,0.307,0.369,0.366,0.736,37,,4,0,0,0,,player.fcgi?id=bell--000bra,,,
Colby Bortles,19,2014,Ole Miss,SEC,40,83,68,10,17,2,1,2,14,0,1,11,21,0.25,0.386,0.397,0.783,27,,4,0,0,0,,player.fcgi?id=bortle000col,,,
Auston Bousfield,20,2014,Ole Miss,SEC,69,328,286,61,96,18,2,6,50,19,1,20,27,0.336,0.393,0.476,0.869,136,,11,5,6,2,,player.fcgi?id=bousfi000aus,,,
Cameron Dishon,20,2014,Ole Miss,SEC,34,17,14,8,1,0,0,0,1,0,3,2,6,0.071,0.235,0.071,0.307,1,,1,0,0,0,,player.fcgi?id=dishon000cam,,,
Dalton Dulin#,20,2014,Ole Miss,SEC,38,61,53,6,14,0,0,0,7,5,1,3,12,0.264,0.35,0.264,0.614,14,,4,1,0,0,,player.fcgi?id=dulin-000dal,,,
John Gatlin,23,2014,Ole Miss,SEC,26,31,30,1,4,0,0,0,6,1,0,0,3,0.133,0.129,0.133,0.262,4,,0,0,1,0,,player.fcgi?id=gatlin000joh,,,
Aaron Greenwood,22,2014,Ole Miss,SEC,23,0,0,1,0,0,0,0,0,0,0,0,0,,,,,0,,0,0,0,0,,player.fcgi?id=greenw000aar,,,
Will Jamison*,22,2014,Ole Miss,SEC,51,145,129,14,32,1,4,2,13,6,1,10,27,0.248,0.303,0.364,0.667,47,,1,3,2,1,,player.fcgi?id=jamiso003wil,,,
Austin Knight,21,2014,Ole Miss,SEC,21,36,33,5,10,0,0,0,0,0,0,1,8,0.303,0.324,0.303,0.627,10,,0,2,0,0,,player.fcgi?id=knight002aus,,,
Henri Lartigue#,19,2014,Ole Miss,SEC,10,13,10,0,1,1,0,0,2,0,0,2,2,0.1,0.231,0.2,0.431,2,,0,0,1,0,,player.fcgi?id=lartig000hen,,,
Braxton Lee*,20,2014,Ole Miss,SEC,69,323,270,56,76,9,1,0,25,30,5,34,32,0.282,0.375,0.322,0.697,87,,8,8,3,2,,player.fcgi?id=lee---004bra,,,
Sikes Orvis*,21,2014,Ole Miss,SEC,69,282,235,40,69,14,1,14,53,1,0,37,48,0.294,0.397,0.54,0.938,127,,6,0,4,2,,player.fcgi?id=orvis-000jef,,,
Preston Overbey,22,2014,Ole Miss,SEC,67,250,225,28,61,10,2,4,34,2,4,12,56,0.271,0.324,0.387,0.711,87,,7,3,3,0,,player.fcgi?id=overbe001pre,,,
Holt Perdzock?,--,2014,Ole Miss,SEC,35,40,37,4,12,1,0,0,6,0,0,2,10,0.324,0.35,0.351,0.701,13,,0,0,1,0,,player.fcgi?id=perdzo000hol,,,
Errol Robinson,19,2014,Ole Miss,SEC,67,255,214,23,63,7,0,0,19,5,4,24,32,0.294,0.371,0.327,0.699,70,,4,10,3,0,,player.fcgi?id=robins000err,,,
Kyle Toth,--,2014,Ole Miss,SEC,6,4,4,1,2,0,0,0,0,0,0,0,0,0.5,0.5,0.5,1,2,,0,0,0,0,,player.fcgi?id=toth--000kyl,,,
J.B. Woodman*,19,2014,Ole Miss,SEC,58,193,169,31,50,10,3,2,20,10,6,13,34,0.296,0.344,0.426,0.77,72,,2,4,5,0,,player.fcgi?id=woodma000jb-,,,
Will Allen,21,2013,Ole Miss,SEC,60,221,208,17,48,5,0,4,23,2,0,9,34,0.231,0.264,0.313,0.576,65,,1,1,2,0,,player.fcgi?id=allen-019wil,,,
Austin Anderson*,21,2013,Ole Miss,SEC,58,257,213,41,66,12,1,3,39,4,7,19,13,0.31,0.386,0.418,0.804,89,,10,11,4,0,,player.fcgi?id=anders000aus,,,
Auston Bousfield,19,2013,Ole Miss,SEC,62,282,241,45,61,10,3,2,25,9,4,30,38,0.253,0.344,0.344,0.689,83,,4,6,1,0,,player.fcgi?id=bousfi000aus,,,
Cameron Dishon,19,2013,Ole Miss,SEC,40,21,14,12,3,0,0,0,0,7,1,5,4,0.214,0.45,0.214,0.664,3,,1,1,0,0,,player.fcgi?id=dishon000cam,,,
Christian Helsel,19,2013,Ole Miss,SEC,39,92,77,5,15,3,0,0,6,1,3,7,16,0.195,0.276,0.234,0.51,18,,2,5,1,0,,player.fcgi?id=helsel000chr,,,
Will Jamison*,21,2013,Ole Miss,SEC,59,178,139,24,39,8,2,1,17,7,5,24,40,0.281,0.396,0.389,0.785,54,,4,9,2,1,,player.fcgi?id=jamiso003wil,,,
Austin Knight,20,2013,Ole Miss,SEC,24,26,24,1,4,1,0,0,6,0,0,1,9,0.167,0.192,0.208,0.401,5,,0,0,1,0,,player.fcgi?id=knight002aus,,,
Tanner Mathis*,22,2013,Ole Miss,SEC,61,280,225,46,63,6,0,0,14,8,5,34,18,0.28,0.409,0.307,0.716,69,,16,4,1,2,,player.fcgi?id=mathis000tan,,,
Andrew Mistone?,--,2013,Ole Miss,SEC,62,262,227,35,72,12,1,0,35,1,3,17,18,0.317,0.384,0.379,0.763,86,,10,4,4,0,,player.fcgi?id=miston000and,,,
Sikes Orvis*,20,2013,Ole Miss,SEC,57,197,169,21,40,3,1,3,21,0,3,19,31,0.237,0.325,0.32,0.644,54,,5,0,4,1,,player.fcgi?id=orvis-000jef,,,
Jake Overbey,20,2013,Ole Miss,SEC,36,25,23,1,3,2,0,0,5,0,0,1,8,0.13,0.167,0.217,0.384,5,,0,1,0,0,,player.fcgi?id=overbe000jak,,,
Preston Overbey,21,2013,Ole Miss,SEC,59,217,200,24,56,10,1,5,37,0,0,14,46,0.28,0.33,0.415,0.745,83,,1,2,0,2,,player.fcgi?id=overbe001pre,,,
Holt Perdzock?,--,2013,Ole Miss,SEC,40,56,50,4,13,4,0,0,9,1,0,4,14,0.26,0.304,0.34,0.644,17,,0,0,2,1,,player.fcgi?id=perdzo000hol,,,
Stuart Turner,21,2013,Ole Miss,SEC,62,266,222,44,83,15,1,5,51,2,4,28,37,0.374,0.444,0.518,0.962,115,,7,0,9,6,,player.fcgi?id=turner000stu,,,
Lance Wilson?,--,2013,Ole Miss,SEC,36,47,41,3,7,0,0,0,3,4,3,2,5,0.171,0.209,0.171,0.38,7,,0,4,0,0,,player.fcgi?id=wilson001lan,,,
Will Allen,20,2012,Ole Miss,SEC,56,217,202,21,61,11,2,1,24,2,1,7,32,0.302,0.333,0.391,0.724,79,,4,1,3,0,,player.fcgi?id=allen-019wil,,,
Austin Anderson*,20,2012,Ole Miss,SEC,42,138,109,18,26,4,2,0,11,1,1,19,9,0.239,0.352,0.312,0.664,34,,0,10,0,0,,player.fcgi?id=anders000aus,,,
Auston Bousfield,18,2012,Ole Miss,SEC,62,253,221,38,62,10,1,2,22,6,2,23,28,0.281,0.352,0.362,0.714,80,,3,3,3,1,,player.fcgi?id=bousfi000aus,,,
John Gatlin,21,2012,Ole Miss,SEC,28,58,47,5,12,4,0,0,8,0,1,4,5,0.255,0.397,0.34,0.737,16,,7,0,0,0,,player.fcgi?id=gatlin000joh,,,
Senquez Golson,18,2012,Ole Miss,SEC,22,58,54,13,11,2,0,0,5,5,1,1,10,0.204,0.241,0.241,0.482,13,,2,0,1,0,,player.fcgi?id=golson000sen,,,
Will Jamison*,20,2012,Ole Miss,SEC,56,85,77,10,19,2,2,0,4,1,2,5,15,0.247,0.289,0.325,0.614,25,,0,2,1,0,,player.fcgi?id=jamiso003wil,,,
Zach Kirksey*,23,2012,Ole Miss,SEC,51,171,140,31,40,7,1,13,47,1,1,18,36,0.286,0.379,0.629,1.007,88,,6,2,5,3,,player.fcgi?id=kirkse001zac,,,
Austin Knight,19,2012,Ole Miss,SEC,29,37,30,1,8,0,0,0,4,0,0,4,7,0.267,0.371,0.267,0.638,8,,1,2,0,0,,player.fcgi?id=knight002aus,,,
Tanner Mathis*,21,2012,Ole Miss,SEC,63,293,245,50,88,12,1,0,23,8,0,39,18,0.359,0.461,0.416,0.877,102,,7,2,0,0,,player.fcgi?id=mathis000tan,,,
Andrew Mistone?,--,2012,Ole Miss,SEC,62,246,214,28,52,7,1,1,20,3,3,10,29,0.243,0.305,0.299,0.604,64,,10,10,2,1,,player.fcgi?id=miston000and,,,
Blake Newalu?,--,2012,Ole Miss,SEC,36,92,82,12,27,5,0,1,11,5,1,1,13,0.329,0.364,0.427,0.79,35,,4,4,1,0,,player.fcgi?id=newalu000bla,,,
Sikes Orvis*,19,2012,Ole Miss,SEC,37,63,56,5,13,2,0,1,11,0,0,6,11,0.232,0.318,0.321,0.639,18,,1,0,0,0,,player.fcgi?id=orvis-000jef,,,
Jake Overbey,19,2012,Ole Miss,SEC,26,41,34,5,6,0,0,0,1,0,0,5,13,0.177,0.3,0.177,0.477,6,,1,1,0,0,,player.fcgi?id=overbe000jak,,,
Preston Overbey,20,2012,Ole Miss,SEC,55,161,145,19,37,7,0,2,12,1,1,9,41,0.255,0.317,0.345,0.661,50,,4,3,0,0,,player.fcgi?id=overbe001pre,,,
Kody Sepulveda?,--,2012,Ole Miss,SEC,6,10,8,1,2,0,0,1,2,0,0,1,3,0.25,0.4,0.625,1.025,5,,1,0,0,0,,player.fcgi?id=sepulv000kod,,,
Matt Snyder*,22,2012,Ole Miss,SEC,63,269,238,37,79,17,0,12,63,1,1,16,30,0.332,0.398,0.555,0.952,132,,12,0,3,3,,player.fcgi?id=snyder002mat,,,
Bobby Wahl,20,2012,Ole Miss,SEC,18,0,0,1,0,0,0,0,0,0,0,0,0,,,,,0,,0,0,0,0,,player.fcgi?id=wahl--001rob,,,
Blair Wright?,--,2012,Ole Miss,SEC,9,1,1,0,0,0,0,0,0,0,0,0,1,0,0,0,0,0,,0,0,0,0,,player.fcgi?id=wright000bla,,,
Alex Yarbrough#,20,2012,Ole Miss,SEC,62,279,250,43,95,17,3,3,43,4,0,22,24,0.38,0.437,0.508,0.945,127,,4,2,1,5,,player.fcgi?id=yarbro000ale,,,
Will Allen,19,2011,Ole Miss,SEC,36,102,97,12,22,3,1,4,10,0,0,5,30,0.227,0.265,0.402,0.667,39,,0,0,0,,,player.fcgi?id=allen-019wil,,,
Austin Anderson*,19,2011,Ole Miss,SEC,39,95,85,8,20,3,0,1,7,1,1,6,16,0.235,0.294,0.306,0.599,26,,1,3,0,,,player.fcgi?id=anders000aus,,,
Miles Hamblin*,22,2011,Ole Miss,SEC,52,193,158,29,41,7,1,6,26,7,1,24,33,0.26,0.378,0.43,0.808,68,,6,5,0,,,player.fcgi?id=hambli000mil,,,
Taylor Hightower,21,2011,Ole Miss,SEC,23,82,69,13,19,5,1,0,11,2,2,8,17,0.275,0.375,0.377,0.752,26,,3,2,0,,,player.fcgi?id=highto001tay,,,
Jordan King?,--,2011,Ole Miss,SEC,42,58,50,12,8,1,0,0,4,2,1,6,13,0.16,0.263,0.18,0.443,9,,1,1,0,,,player.fcgi?id=king--000jor,,,
Zach Kirksey*,22,2011,Ole Miss,SEC,29,60,52,7,10,1,1,3,9,0,1,3,25,0.192,0.283,0.423,0.706,22,,4,0,1,,,player.fcgi?id=kirkse001zac,,,
Tanner Mathis*,20,2011,Ole Miss,SEC,55,257,226,37,76,9,0,0,27,7,6,15,10,0.336,0.386,0.376,0.762,85,,5,8,3,,,player.fcgi?id=mathis000tan,,,
Blake Newalu?,--,2011,Ole Miss,SEC,52,216,178,35,52,7,0,1,11,12,1,14,28,0.292,0.363,0.348,0.711,62,,8,12,4,,,player.fcgi?id=newalu000bla,,,
Preston Overbey,19,2011,Ole Miss,SEC,49,187,172,17,40,8,0,3,21,3,0,11,40,0.233,0.278,0.331,0.61,57,,1,0,3,,,player.fcgi?id=overbe001pre,,,
Jordan Poole,19,2011,Ole Miss,SEC,14,27,23,3,4,0,0,1,2,0,0,4,14,0.174,0.296,0.304,0.601,7,,0,0,0,,,player.fcgi?id=poole-000jor,,,
Eric Sauls?,--,2011,Ole Miss,SEC,8,10,10,2,2,1,0,0,2,0,0,0,5,0.2,0.2,0.3,0.5,3,,0,0,0,,,player.fcgi?id=sauls-000eri,,,
Matt Smith,23,2011,Ole Miss,SEC,45,193,154,31,48,6,0,7,30,5,1,31,31,0.312,0.435,0.487,0.922,75,,5,0,3,,,player.fcgi?id=smith-011mat,,,
Matt Snyder*,21,2011,Ole Miss,SEC,55,214,176,25,53,14,0,9,39,0,0,28,40,0.301,0.425,0.534,0.959,94,,10,0,0,,,player.fcgi?id=snyder002mat,,,
Austin Sullivan?,--,2011,Ole Miss,SEC,5,3,3,0,1,0,0,0,1,0,0,0,0,0.333,0.333,0.333,0.667,1,,0,0,0,,,player.fcgi?id=sulliv000aus,,,
Matt Tracy*,22,2011,Ole Miss,SEC,55,191,175,24,51,6,0,4,37,1,0,14,34,0.291,0.34,0.394,0.735,69,,0,0,2,,,player.fcgi?id=tracy-001mat,,,
Gabe Woods?,--,2011,Ole Miss,SEC,13,14,13,0,1,0,0,0,0,0,0,1,5,0.077,0.143,0.077,0.22,1,,0,0,0,,,player.fcgi?id=woods-000gab,,,
Alex Yarbrough#,19,2011,Ole Miss,SEC,55,247,214,49,75,14,3,7,38,4,1,21,27,0.351,0.409,0.542,0.951,116,,1,10,1,,,player.fcgi?id=yarbro000ale,,,
Desean Anderson,19,2011,South Carolina,SEC,21,59,47,10,9,4,0,0,5,1,0,6,14,0.192,0.291,0.277,0.568,13,,1,4,1,,,player.fcgi?id=anders001des,,,
Robert Beary?,--,2011,South Carolina,SEC,65,243,211,31,61,14,1,3,35,4,0,12,26,0.289,0.352,0.408,0.759,86,,10,7,3,,,player.fcgi?id=beary-000rob,,,
Jackie Bradley Jr.*,21,2011,South Carolina,SEC,42,192,162,32,40,10,1,6,27,2,1,22,38,0.247,0.346,0.432,0.778,70,,4,1,3,,,player.fcgi?id=bradle000jac,,,
Greg Brodzinski,19,2011,South Carolina,SEC,10,14,12,3,4,0,0,0,2,0,0,0,1,0.333,0.429,0.333,0.762,4,,2,0,0,,,player.fcgi?id=brodzi000gre,,,
Patrick Harrington?,--,2011,South Carolina,SEC,3,5,3,0,0,0,0,0,0,0,0,2,2,0,0.4,0,0.4,0,,0,0,0,,,player.fcgi?id=harrin000pat,,,
Evan Marzilli*,20,2011,South Carolina,SEC,66,263,220,39,64,14,2,3,31,6,1,25,63,0.291,0.376,0.414,0.789,91,,6,10,2,,,player.fcgi?id=marzil000eva,,,
Adam Matthews,21,2011,South Carolina,SEC,34,135,110,26,29,4,2,2,14,4,2,16,22,0.264,0.367,0.391,0.758,43,,2,7,0,,,player.fcgi?id=matthe001ada,,,
Peter Mooney*,20,2011,South Carolina,SEC,69,322,254,45,71,15,1,4,37,3,3,44,31,0.28,0.39,0.394,0.783,100,,5,14,5,,,player.fcgi?id=mooney001pet,,,
Adrian Morales,22,2011,South Carolina,SEC,68,300,249,44,70,16,0,3,40,7,4,30,35,0.281,0.378,0.382,0.76,95,,12,4,5,,,player.fcgi?id=morale001adr,,,
Steven Neff*,22,2011,South Carolina,SEC,32,75,71,11,18,7,0,5,7,0,0,2,20,0.254,0.284,0.563,0.847,40,,1,1,0,,,player.fcgi?id=neff--001ste,,,
Erik Payne,18,2011,South Carolina,SEC,9,8,8,2,2,1,0,0,0,0,0,0,2,0.25,0.25,0.375,0.625,3,,0,0,0,,,player.fcgi?id=payne-000eri,,,
Matt Price,21,2011,South Carolina,SEC,36,1,1,0,0,0,0,0,0,0,0,0,1,0,0,0,0,0,,0,0,0,,,player.fcgi?id=price-003mat,,,
Dante Rosenberg,20,2011,South Carolina,SEC,2,2,2,0,1,0,0,0,1,0,0,0,0,0.5,0.5,0.5,1,1,,0,0,0,,,player.fcgi?id=rosenb002dan,,,
Michael Roth*,21,2011,South Carolina,SEC,31,19,15,3,3,1,0,0,4,0,0,4,5,0.2,0.368,0.267,0.635,4,,0,0,0,,,player.fcgi?id=roth--002mic,,,
Brady Thomas?,--,2011,South Carolina,SEC,63,265,231,32,73,10,3,4,43,1,0,23,46,0.316,0.376,0.437,0.813,101,,2,4,5,,,player.fcgi?id=thomas014bra,,,
Christian Walker,20,2011,South Carolina,SEC,69,317,271,64,97,21,1,10,62,4,3,36,30,0.358,0.439,0.554,0.992,150,,6,0,4,,,player.fcgi?id=walker002chr,,,
Jake Watson?,--,2011,South Carolina,SEC,10,5,4,1,2,1,0,0,3,1,0,1,1,0.5,0.6,0.75,1.35,3,,0,0,0,,,player.fcgi?id=watson002jak,,,
Jake Williams?,--,2011,South Carolina,SEC,62,251,209,29,56,10,6,2,38,1,3,21,29,0.268,0.361,0.402,0.763,84,,11,7,3,,,player.fcgi?id=willia004jak,,,
Scott Wingo*,22,2011,South Carolina,SEC,69,314,240,47,81,8,1,4,31,7,1,44,36,0.338,0.467,0.429,0.896,103,,17,10,3,,,player.fcgi?id=wingo-000dav,,,
Connor Bright?,--,2012,South Carolina,SEC,32,88,79,8,18,2,0,0,9,1,1,6,19,0.228,0.291,0.253,0.544,20,,1,2,0,0,,player.fcgi?id=bright000con,,,
Brison Celek,21,2012,South Carolina,SEC,29,67,58,3,13,5,0,0,8,0,1,8,12,0.224,0.313,0.31,0.624,18,,0,0,1,1,,player.fcgi?id=celek-000bri,,,
L.B. Dantzler*,21,2012,South Carolina,SEC,69,301,263,37,69,15,0,10,48,0,2,30,37,0.262,0.339,0.434,0.772,114,,2,3,3,2,,player.fcgi?id=dantzl000lb-,,,
Tanner English,19,2012,South Carolina,SEC,69,277,248,43,74,6,4,0,23,12,3,14,71,0.298,0.341,0.355,0.696,88,,3,10,2,1,,player.fcgi?id=englis000tan,,,
Grayson Greiner,19,2012,South Carolina,SEC,62,233,194,26,43,13,1,6,32,0,1,30,48,0.222,0.336,0.392,0.728,76,,5,1,3,2,,player.fcgi?id=greine000gra,,,
Patrick Harrington?,--,2012,South Carolina,SEC,2,0,0,1,0,0,0,0,0,0,0,0,0,,,,,0,,0,0,0,0,,player.fcgi?id=harrin000pat,,,
Kyle Martin*,19,2012,South Carolina,SEC,40,92,78,11,23,5,0,1,12,0,0,10,16,0.295,0.363,0.397,0.76,31,,0,1,3,0,,player.fcgi?id=martin005kyl,,,
Evan Marzilli*,21,2012,South Carolina,SEC,69,323,268,51,76,14,4,2,32,13,4,30,57,0.284,0.365,0.388,0.753,104,,9,8,8,0,,player.fcgi?id=marzil000eva,,,
Adam Matthews,22,2012,South Carolina,SEC,66,265,225,30,53,6,0,5,26,7,3,24,48,0.236,0.314,0.329,0.643,74,,3,10,3,0,,player.fcgi?id=matthe001ada,,,
Joey Pankake,19,2012,South Carolina,SEC,66,285,239,42,63,15,3,2,27,3,4,31,40,0.264,0.355,0.377,0.732,90,,4,9,2,0,,player.fcgi?id=pankak000jos,,,
Erik Payne,19,2012,South Carolina,SEC,37,113,98,10,26,5,3,3,19,2,0,3,31,0.265,0.303,0.469,0.772,46,,4,4,4,0,,player.fcgi?id=payne-000eri,,,
Dante Rosenberg,21,2012,South Carolina,SEC,31,80,67,7,14,3,0,0,7,0,0,5,13,0.209,0.274,0.254,0.528,17,,1,7,0,0,,player.fcgi?id=rosenb002dan,,,
Michael Roth*,22,2012,South Carolina,SEC,35,23,19,0,4,2,0,0,2,0,0,3,7,0.211,0.318,0.316,0.634,6,,0,1,0,0,,player.fcgi?id=roth--002mic,,,
Joel Seddon,19,2012,South Carolina,SEC,11,0,0,1,0,0,0,0,0,0,0,0,0,,,,,0,,0,0,0,0,,player.fcgi?id=seddon000joe,,,
Sean Sullivan?,--,2012,South Carolina,SEC,18,37,31,3,5,0,1,0,5,0,0,2,9,0.161,0.212,0.226,0.438,7,,0,4,0,0,,player.fcgi?id=sulliv000sea,,,
Chase Vergason?,--,2012,South Carolina,SEC,54,172,128,17,33,8,0,1,13,2,2,25,17,0.258,0.402,0.344,0.746,44,,8,8,3,0,,player.fcgi?id=vergas000cha,,,
Christian Walker,21,2012,South Carolina,SEC,67,302,240,48,77,12,2,11,55,3,2,51,24,0.321,0.45,0.525,0.975,126,,8,0,3,9,,player.fcgi?id=walker002chr,,,
D.C. Arendas*,19,2013,South Carolina,SEC,13,17,14,2,1,1,0,0,0,0,0,2,8,0.071,0.188,0.143,0.33,2,,0,1,0,0,,player.fcgi?id=arenda000dc-,,,
Connor Bright?,--,2013,South Carolina,SEC,52,190,177,27,51,11,1,4,22,2,1,4,32,0.288,0.315,0.429,0.745,76,,3,6,0,0,,player.fcgi?id=bright000con,,,
Curt Britt*,20,2013,South Carolina,SEC,16,9,9,1,2,0,0,0,0,0,0,0,5,0.222,0.222,0.222,0.444,2,,0,0,0,0,,player.fcgi?id=britt-000cur,,,
Shon Carson?,--,2013,South Carolina,SEC,18,36,31,7,6,1,0,0,2,2,3,1,11,0.194,0.257,0.226,0.483,7,,2,1,1,0,,player.fcgi?id=carson001sho,,,
Brison Celek,22,2013,South Carolina,SEC,30,101,88,12,27,4,0,1,18,0,0,12,18,0.307,0.396,0.386,0.782,34,,1,0,0,1,,player.fcgi?id=celek-000bri,,,
Ahmad Christian#,19,2013,South Carolina,SEC,6,5,5,2,1,0,0,0,0,0,0,0,2,0.2,0.2,0.2,0.4,1,,0,0,0,0,,player.fcgi?id=christ000ahm,,,
L.B. Dantzler*,22,2013,South Carolina,SEC,61,268,214,46,69,16,1,15,53,2,1,42,50,0.322,0.444,0.617,1.06,132,,7,2,3,7,,player.fcgi?id=dantzl000lb-,,,
Tanner English,20,2013,South Carolina,SEC,54,202,166,30,47,11,3,1,25,9,6,21,46,0.283,0.381,0.404,0.785,67,,6,8,1,1,,player.fcgi?id=englis000tan,,,
Grayson Greiner,20,2013,South Carolina,SEC,57,235,205,32,61,10,2,4,38,5,4,24,28,0.298,0.365,0.424,0.789,87,,0,2,4,1,,player.fcgi?id=greine000gra,,,
Patrick Harrington?,--,2013,South Carolina,SEC,1,1,1,0,0,0,0,0,0,0,0,0,1,0,0,0,0,0,,0,0,0,0,,player.fcgi?id=harrin000pat,,,
George Iskenderian,19,2013,South Carolina,SEC,15,38,36,5,9,1,0,0,6,1,0,2,10,0.25,0.29,0.278,0.567,10,,0,0,0,0,,player.fcgi?id=iskend000geo,,,
Kyle Martin*,20,2013,South Carolina,SEC,34,93,80,15,23,2,0,2,10,1,0,10,11,0.288,0.367,0.388,0.754,31,,0,3,0,0,,player.fcgi?id=martin005kyl,,,
Joey Pankake,20,2013,South Carolina,SEC,62,276,238,41,74,9,1,11,42,7,4,30,29,0.311,0.389,0.496,0.885,118,,3,1,4,1,,player.fcgi?id=pankak000jos,,,
Erik Payne,20,2013,South Carolina,SEC,13,36,27,2,5,1,0,0,4,0,0,5,7,0.185,0.343,0.222,0.565,6,,2,1,1,0,,player.fcgi?id=payne-000eri,,,
Dante Rosenberg,22,2013,South Carolina,SEC,18,63,56,10,19,4,0,1,13,0,0,3,8,0.339,0.387,0.464,0.851,26,,2,1,1,0,,player.fcgi?id=rosenb002dan,,,
Graham Saiko?,--,2013,South Carolina,SEC,56,255,198,38,52,7,0,2,29,12,3,41,22,0.263,0.382,0.328,0.71,65,,2,6,8,0,,player.fcgi?id=saiko-000gra,,,
Max Schrock*,18,2013,South Carolina,SEC,61,270,227,40,64,9,2,6,39,14,4,36,23,0.282,0.382,0.419,0.8,95,,3,0,4,1,,player.fcgi?id=schroc000max,,,
Sean Sullivan?,--,2013,South Carolina,SEC,30,42,32,8,10,2,0,0,6,3,0,6,9,0.313,0.452,0.375,0.827,12,,3,0,1,0,,player.fcgi?id=sulliv000sea,,,
Chase Vergason?,--,2013,South Carolina,SEC,63,280,229,40,60,9,2,4,27,1,1,28,27,0.262,0.361,0.371,0.732,85,,12,3,8,0,,player.fcgi?id=vergas000cha,,,
D.C. Arendas*,20,2014,South Carolina,SEC,55,211,177,32,48,6,0,4,29,1,0,26,27,0.271,0.373,0.373,0.746,66,,4,2,2,0,,player.fcgi?id=arenda000dc-,,,
Connor Bright?,--,2014,South Carolina,SEC,44,176,161,25,50,11,0,0,23,4,2,9,30,0.311,0.349,0.379,0.728,61,,2,1,3,0,,player.fcgi?id=bright000con,,,
Elliott Caldwell,20,2014,South Carolina,SEC,39,144,122,10,31,5,0,0,14,4,2,12,17,0.254,0.326,0.295,0.621,36,,3,3,4,0,,player.fcgi?id=caldwe000ell,,,
Brison Celek,23,2014,South Carolina,SEC,38,92,85,4,16,4,0,1,7,0,0,7,17,0.188,0.25,0.271,0.521,23,,0,0,0,0,,player.fcgi?id=celek-000bri,,,
Gene Cone*,19,2014,South Carolina,SEC,45,136,104,22,23,3,2,0,18,4,1,26,26,0.221,0.371,0.289,0.66,30,,0,4,2,1,,player.fcgi?id=cone--000gen,,,
Tanner English,21,2014,South Carolina,SEC,62,245,215,30,61,9,1,1,25,21,3,18,46,0.284,0.349,0.349,0.698,75,,4,7,1,1,,player.fcgi?id=englis000tan,,,
Jordan Gore#,19,2014,South Carolina,SEC,33,75,62,8,14,0,0,2,6,0,0,6,14,0.226,0.304,0.323,0.627,20,,1,6,0,0,,player.fcgi?id=gore--000jor,,,
Grayson Greiner,21,2014,South Carolina,SEC,60,249,212,39,66,13,0,8,50,0,0,29,39,0.311,0.389,0.486,0.875,103,,1,2,5,3,,player.fcgi?id=greine000gra,,,
Patrick Harrington?,--,2014,South Carolina,SEC,26,74,58,5,10,1,0,0,9,1,0,9,9,0.172,0.319,0.19,0.509,11,,4,2,1,0,,player.fcgi?id=harrin000pat,,,
Zach Madden?,--,2014,South Carolina,SEC,5,2,0,1,0,0,0,0,0,0,1,2,0,,1,,,0,,0,0,0,0,,player.fcgi?id=madden000zac,,,
Kyle Martin*,21,2014,South Carolina,SEC,62,272,244,35,82,11,0,5,38,2,1,22,28,0.336,0.389,0.443,0.832,108,,1,2,3,2,,player.fcgi?id=martin005kyl,,,
Brock Maxwell*,20,2014,South Carolina,SEC,2,2,2,0,1,0,0,0,1,0,0,0,0,0.5,0.5,0.5,1,1,,0,0,0,0,,player.fcgi?id=maxwel000bro,,,
Marcus Mooney,20,2014,South Carolina,SEC,58,262,214,32,59,10,1,0,22,2,4,28,30,0.276,0.382,0.332,0.714,71,,10,8,2,0,,player.fcgi?id=mooney003mar,,,
Joey Pankake,21,2014,South Carolina,SEC,58,259,221,52,67,11,0,5,31,4,4,30,21,0.303,0.394,0.421,0.815,93,,5,0,3,3,,player.fcgi?id=pankak000jos,,,
Weber Pike,21,2014,South Carolina,SEC,14,18,18,1,6,0,0,0,3,0,0,0,0,0.333,0.333,0.333,0.667,6,,0,0,0,0,,player.fcgi?id=pike--000web,,,
Max Schrock*,19,2014,South Carolina,SEC,35,144,127,26,38,5,1,5,20,4,0,11,21,0.299,0.366,0.472,0.839,60,,3,2,1,0,,player.fcgi?id=schroc000max,,,
Taylor Widener*,19,2014,South Carolina,SEC,35,54,47,6,9,0,0,0,2,0,0,6,13,0.192,0.283,0.192,0.475,9,,0,1,0,1,,player.fcgi?id=widene000tay,,,
D.C. Arendas*,21,2015,South Carolina,SEC,54,200,144,22,31,6,0,3,21,5,3,38,49,0.215,0.388,0.319,0.707,46,,7,4,7,0,,player.fcgi?id=arenda000dc-,,,
Connor Bright?,--,2015,South Carolina,SEC,38,131,114,15,17,2,0,3,16,1,0,11,29,0.149,0.24,0.246,0.486,28,,3,2,1,0,,player.fcgi?id=bright000con,,,
Elliott Caldwell,21,2015,South Carolina,SEC,56,236,195,34,64,5,8,3,41,13,3,32,42,0.328,0.426,0.482,0.908,94,,4,1,4,0,,player.fcgi?id=caldwe000ell,,,
Gene Cone*,20,2015,South Carolina,SEC,57,261,214,48,55,4,2,2,12,13,1,35,32,0.257,0.377,0.322,0.7,69,,7,4,1,0,,player.fcgi?id=cone--000gen,,,
Alex Destino*,19,2015,South Carolina,SEC,48,177,167,15,42,6,0,6,35,0,0,9,41,0.252,0.288,0.395,0.683,66,,0,0,1,0,,player.fcgi?id=destin000ale,,,
Jordan Gore#,20,2015,South Carolina,SEC,48,185,161,27,41,2,1,1,20,3,2,16,25,0.255,0.322,0.298,0.62,48,,1,5,2,0,,player.fcgi?id=gore--000jor,,,
Patrick Harrington?,--,2015,South Carolina,SEC,26,30,24,5,4,0,0,0,2,1,0,5,8,0.167,0.333,0.167,0.5,4,,1,0,0,0,,player.fcgi?id=harrin000pat,,,
Jared Martin?,--,2015,South Carolina,SEC,4,4,4,0,0,0,0,0,0,0,0,0,1,0,0,0,0,0,,0,0,0,0,,player.fcgi?id=martin006jar,,,
Kyle Martin*,22,2015,South Carolina,SEC,57,254,203,50,71,12,2,14,56,11,1,39,27,0.35,0.455,0.636,1.09,129,,5,1,6,7,,player.fcgi?id=martin005kyl,,,
Marcus Mooney,21,2015,South Carolina,SEC,34,124,108,19,23,6,0,1,12,2,2,7,13,0.213,0.275,0.296,0.571,32,,3,4,2,0,,player.fcgi?id=mooney003mar,,,
Weber Pike,22,2015,South Carolina,SEC,3,4,4,1,2,0,0,0,0,0,0,0,0,0.5,0.5,0.5,1,2,,0,0,0,0,,player.fcgi?id=pike--000web,,,
Max Schrock*,20,2015,South Carolina,SEC,51,231,192,44,63,11,2,6,34,8,2,32,18,0.328,0.419,0.5,0.919,96,,1,2,4,0,,player.fcgi?id=schroc000max,,,
Clark Scolamiero*,19,2015,South Carolina,SEC,36,64,56,9,12,1,0,0,6,4,0,5,8,0.214,0.274,0.232,0.506,13,,0,2,1,0,,player.fcgi?id=scolam000cla,,,
Collin Steagall?,--,2015,South Carolina,SEC,9,14,13,0,2,0,0,0,2,0,0,1,8,0.154,0.214,0.154,0.368,2,,0,0,0,0,,player.fcgi?id=steaga000col,,,
Madison Stokes,19,2015,South Carolina,SEC,25,86,82,6,17,4,0,0,9,0,0,3,24,0.207,0.233,0.256,0.489,21,,0,0,1,0,,player.fcgi?id=stokes000mad,,,
Hunter Taylor,19,2015,South Carolina,SEC,32,93,80,11,19,2,0,2,15,1,0,11,25,0.238,0.333,0.338,0.671,27,,1,0,1,0,,player.fcgi?id=taylor000hun,,,
Matt Williams,20,2015,South Carolina,SEC,10,10,9,0,1,0,0,0,0,0,0,1,2,0.111,0.2,0.111,0.311,1,,0,0,0,0,,player.fcgi?id=willia019mat,,,
D.C. Arendas*,22,2016,South Carolina,SEC,60,183,151,23,37,5,1,5,24,3,1,21,55,0.245,0.35,0.391,0.741,59,,4,6,1,0,,player.fcgi?id=arenda000dc-,,,
Danny Blair*,19,2016,South Carolina,SEC,22,30,28,8,7,2,0,0,4,1,0,1,9,0.25,0.3,0.321,0.621,9,,1,0,0,0,,player.fcgi?id=blair-000dan,,,
Jonah Bride,20,2016,South Carolina,SEC,63,276,226,41,64,12,0,2,32,8,0,23,39,0.283,0.393,0.363,0.755,82,,19,6,2,0,,player.fcgi?id=bride-000jon,,,
Gene Cone*,21,2016,South Carolina,SEC,59,268,215,53,78,13,2,4,30,7,4,45,26,0.363,0.474,0.498,0.971,107,,3,2,3,0,,player.fcgi?id=cone--000gen,,,
Chris Cullen,19,2016,South Carolina,SEC,50,179,147,19,35,11,0,1,23,2,1,22,37,0.238,0.337,0.333,0.67,49,,2,4,4,1,,player.fcgi?id=cullen002chr,,,
Alex Destino*,20,2016,South Carolina,SEC,60,255,234,40,75,14,0,10,59,2,2,19,45,0.321,0.373,0.509,0.881,119,,1,0,1,0,,player.fcgi?id=destin000ale,,,
Ross Grosvenor,22,2016,South Carolina,SEC,14,15,14,1,5,1,0,0,2,0,0,1,5,0.357,0.4,0.429,0.829,6,,0,0,0,0,,player.fcgi?id=grosve000ros,,,
TJ Hopkins,19,2016,South Carolina,SEC,43,141,121,25,39,5,1,1,26,8,3,14,37,0.322,0.389,0.405,0.794,49,,1,2,3,0,,player.fcgi?id=hopkin000tj-,,,
John Jones#,20,2016,South Carolina,SEC,60,250,212,36,57,11,0,7,49,1,0,32,57,0.269,0.372,0.42,0.792,89,,4,0,2,4,,player.fcgi?id=jones-036joh,,,
Brandon McIlwain,18,2016,South Carolina,SEC,8,10,10,0,1,0,0,0,1,0,0,0,4,0.1,0.1,0.1,0.2,1,,0,0,0,0,,player.fcgi?id=mcilwa000bra,,,
Marcus Mooney,22,2016,South Carolina,SEC,62,254,204,38,64,10,0,1,29,4,5,23,20,0.314,0.413,0.378,0.791,77,,13,12,2,0,,player.fcgi?id=mooney003mar,,,
Clark Scolamiero*,20,2016,South Carolina,SEC,42,43,34,6,7,0,0,0,5,2,1,4,9,0.206,0.293,0.206,0.499,7,,1,2,2,0,,player.fcgi?id=scolam000cla,,,
Madison Stokes,20,2016,South Carolina,SEC,31,119,102,16,31,5,0,1,12,5,1,7,29,0.304,0.371,0.382,0.753,39,,5,3,2,0,,player.fcgi?id=stokes000mad,,,
Hunter Taylor,20,2016,South Carolina,SEC,15,34,31,2,7,2,0,0,4,2,0,3,8,0.226,0.294,0.29,0.584,9,,0,0,0,0,,player.fcgi?id=taylor000hun,,,
Dom Thompson-Williams*,21,2016,South Carolina,SEC,64,284,240,58,77,17,3,8,41,18,5,38,51,0.321,0.418,0.517,0.935,124,,3,2,1,3,,player.fcgi?id=thomps000dom,,,
L.T. Tolbert*,20,2016,South Carolina,SEC,55,221,192,32,44,7,1,3,27,5,1,15,14,0.229,0.306,0.323,0.629,62,,7,5,2,1,,player.fcgi?id=tolber000lt-,,,
Jared Williams?,--,2016,South Carolina,SEC,13,10,9,1,4,0,0,0,0,0,0,0,2,0.444,0.5,0.444,0.944,4,,1,0,0,0,,player.fcgi?id=willia003jar,,,
Matt Williams,21,2016,South Carolina,SEC,18,28,25,3,6,1,0,2,2,1,0,2,7,0.24,0.321,0.52,0.841,13,,1,0,0,0,,player.fcgi?id=willia019mat,,,
Danny Blair*,20,2017,South Carolina,SEC,47,113,97,15,25,2,0,1,9,4,4,10,15,0.258,0.346,0.309,0.655,30,,3,3,0,0,,player.fcgi?id=blair-000dan,,,
Jonah Bride,21,2017,South Carolina,SEC,60,260,216,33,61,12,2,5,32,3,1,22,28,0.282,0.371,0.426,0.796,92,,10,9,3,1,,player.fcgi?id=bride-000jon,,,
Sawyer Bridges?,--,2017,South Carolina,SEC,9,0,0,1,0,0,0,0,0,0,0,0,0,,,,,0,,0,0,0,0,,player.fcgi?id=bridge000saw,,,
Carlos Cortes*,20,2017,South Carolina,SEC,50,194,168,27,48,9,1,12,41,5,2,22,27,0.286,0.368,0.566,0.933,95,,1,1,2,5,,player.fcgi?id=cortes001car,,,
Chris Cullen,20,2017,South Carolina,SEC,34,124,105,19,29,5,0,5,18,1,0,12,27,0.276,0.377,0.467,0.844,49,,5,2,0,0,,player.fcgi?id=cullen002chr,,,
Alex Destino*,21,2017,South Carolina,SEC,57,235,204,31,52,8,0,10,41,3,3,27,42,0.255,0.338,0.441,0.779,90,,0,1,3,3,,player.fcgi?id=destin000ale,,,
Christian Flint,19,2017,South Carolina,SEC,19,2,2,2,0,0,0,0,0,2,2,0,0,0,0,0,0,0,,0,0,0,0,,player.fcgi?id=flint-000chr,,,
Ross Grosvenor,23,2017,South Carolina,SEC,19,38,29,3,6,1,0,2,4,0,0,8,9,0.207,0.395,0.448,0.843,13,,1,0,0,1,,player.fcgi?id=grosve000ros,,,
Riley Hogan#,20,2017,South Carolina,SEC,28,89,78,10,19,6,0,2,10,0,1,9,15,0.244,0.326,0.397,0.723,31,,1,0,1,0,,player.fcgi?id=hogan-000ril,,,
TJ Hopkins,20,2017,South Carolina,SEC,52,211,190,37,49,11,2,5,20,6,2,15,44,0.258,0.316,0.416,0.732,79,,2,2,2,1,,player.fcgi?id=hopkin000tj-,,,
John Jones#,21,2017,South Carolina,SEC,22,51,43,1,4,1,0,1,3,0,0,7,16,0.093,0.235,0.186,0.421,8,,1,0,0,0,,player.fcgi?id=jones-036joh,,,
Jacob Olson,20,2017,South Carolina,SEC,58,239,221,37,65,10,1,6,27,4,0,13,41,0.294,0.347,0.43,0.777,95,,5,0,0,0,,player.fcgi?id=olson-000jac,,,
Justin Row,19,2017,South Carolina,SEC,29,87,69,17,20,4,1,2,9,1,0,7,10,0.29,0.388,0.464,0.851,32,,4,7,0,0,,player.fcgi?id=row---000jus,,,
Madison Stokes,21,2017,South Carolina,SEC,47,190,165,18,37,10,0,3,17,3,3,15,41,0.224,0.312,0.339,0.651,56,,6,4,0,0,,player.fcgi?id=stokes000mad,,,
Hunter Taylor,21,2017,South Carolina,SEC,37,112,99,9,21,6,0,0,5,0,1,12,29,0.212,0.295,0.273,0.567,27,,0,0,1,0,,player.fcgi?id=taylor000hun,,,
L.T. Tolbert*,21,2017,South Carolina,SEC,56,228,204,24,58,6,1,3,32,2,4,14,19,0.284,0.338,0.368,0.705,75,,4,3,3,1,,player.fcgi?id=tolber000lt-,,,
Matt Williams,22,2017,South Carolina,SEC,52,164,129,21,30,4,0,1,12,1,0,25,20,0.233,0.377,0.287,0.663,37,,6,2,2,0,,player.fcgi?id=willia019mat,,,
Danny Blair*,21,2018,South Carolina,SEC,41,70,61,13,14,2,0,2,7,2,1,5,19,0.23,0.288,0.361,0.649,22,,0,4,0,0,,player.fcgi?id=blair-000dan,,,
Jonah Bride,22,2018,South Carolina,SEC,63,279,229,40,69,12,1,4,31,1,1,34,37,0.301,0.419,0.415,0.834,95,,14,0,2,1,,player.fcgi?id=bride-000jon,,,
Noah Campbell#,19,2018,South Carolina,SEC,47,193,163,34,44,3,3,3,13,7,1,23,33,0.27,0.372,0.38,0.752,62,,4,2,1,0,,player.fcgi?id=campbe000noa,,,
Carlos Cortes*,21,2018,South Carolina,SEC,62,278,230,53,61,9,0,15,44,8,1,43,32,0.265,0.385,0.5,0.885,115,,3,0,2,1,,player.fcgi?id=cortes001car,,,
Chris Cullen,21,2018,South Carolina,SEC,40,136,116,14,22,3,0,3,15,0,0,14,28,0.19,0.294,0.293,0.587,34,,4,0,2,0,,player.fcgi?id=cullen002chr,,,
Riley Hogan#,21,2018,South Carolina,SEC,28,57,51,3,11,3,0,0,7,0,0,6,10,0.216,0.298,0.275,0.573,14,,0,0,0,0,,player.fcgi?id=hogan-000ril,,,
Jordan Holladay,19,2018,South Carolina,SEC,7,14,13,1,1,1,0,0,0,0,0,1,7,0.077,0.143,0.154,0.297,2,,0,0,0,0,,player.fcgi?id=hollad000jor,,,
TJ Hopkins,21,2018,South Carolina,SEC,37,144,119,31,41,8,2,2,24,14,2,19,27,0.345,0.448,0.496,0.943,59,,4,1,1,0,,player.fcgi?id=hopkin000tj-,,,
Kyle Jacobsen,20,2018,South Carolina,SEC,27,45,38,9,6,0,1,0,0,2,0,7,16,0.158,0.289,0.211,0.499,8,,0,0,0,0,,player.fcgi?id=jacobs000kyl,,,
Jacob Olson,21,2018,South Carolina,SEC,62,257,235,40,55,20,0,12,36,3,1,14,49,0.234,0.29,0.472,0.763,111,,5,2,1,0,,player.fcgi?id=olson-000jac,,,
Justin Row,20,2018,South Carolina,SEC,57,206,176,33,61,13,0,7,25,0,0,19,31,0.347,0.418,0.54,0.958,95,,4,5,2,0,,player.fcgi?id=row---000jus,,,
Madison Stokes,22,2018,South Carolina,SEC,50,220,183,32,59,12,1,11,44,1,2,29,44,0.322,0.414,0.579,0.993,106,,3,0,5,0,,player.fcgi?id=stokes000mad,,,
Mason Streater?,--,2018,South Carolina,SEC,9,7,6,1,1,0,0,0,0,0,0,1,2,0.167,0.286,0.167,0.452,1,,0,0,0,0,,player.fcgi?id=streat000mas,,,
Hunter Taylor,22,2018,South Carolina,SEC,50,187,165,23,43,10,0,9,34,1,1,18,44,0.261,0.328,0.485,0.813,80,,0,1,3,0,,player.fcgi?id=taylor000hun,,,
L.T. Tolbert*,22,2018,South Carolina,SEC,63,284,245,42,79,11,4,8,56,9,3,24,30,0.322,0.401,0.498,0.899,122,,10,2,3,2,,player.fcgi?id=tolber000lt-,,,
Matt Williams,23,2018,South Carolina,SEC,60,164,140,21,30,4,0,3,21,0,0,20,28,0.214,0.321,0.307,0.628,43,,2,2,0,0,,player.fcgi?id=willia019mat,,,
Brady Allen,19,2019,South Carolina,SEC,56,219,181,37,38,6,5,7,30,6,4,35,55,0.21,0.344,0.414,0.758,75,,2,1,0,1,,player.fcgi?id=allen-008bra,,,
Jonah Beamon#,20,2019,South Carolina,SEC,24,48,35,7,6,0,0,0,3,2,2,6,16,0.171,0.326,0.171,0.497,6,,2,5,0,0,,player.fcgi?id=beamon000jon,,,
Luke Berryhill,21,2019,South Carolina,SEC,56,241,199,38,54,15,1,12,49,8,3,33,47,0.271,0.382,0.538,0.919,107,,5,0,4,0,,player.fcgi?id=berryh000luk,,,
Joel Brewer,19,2019,South Carolina,SEC,14,18,17,0,4,1,0,0,1,0,0,1,8,0.235,0.278,0.294,0.572,5,,0,0,0,0,,player.fcgi?id=brewer002joe,,,
George Callil,21,2019,South Carolina,SEC,43,160,131,19,28,6,1,4,17,1,0,15,37,0.214,0.329,0.366,0.696,48,,9,2,3,0,,player.fcgi?id=callil000geo,,,
Noah Campbell#,20,2019,South Carolina,SEC,50,220,188,32,45,6,1,6,19,8,6,18,47,0.239,0.324,0.378,0.702,71,,7,4,3,1,,player.fcgi?id=campbe000noa,,,
Wes Clarke,19,2019,South Carolina,SEC,19,52,46,3,11,5,0,1,5,0,0,6,11,0.239,0.327,0.413,0.74,19,,0,0,0,0,,player.fcgi?id=clarke001wes,,,
Chris Cullen,22,2019,South Carolina,SEC,54,203,175,26,36,11,0,5,23,0,0,14,32,0.206,0.281,0.354,0.635,62,,5,7,2,0,,player.fcgi?id=cullen002chr,,,
Jacob English,19,2019,South Carolina,SEC,14,6,2,3,0,0,0,0,0,0,0,4,1,0,0.667,0,0.667,0,,0,0,0,0,,player.fcgi?id=englis001jac,,,
Andrew Eyster,20,2019,South Carolina,SEC,50,190,165,29,51,12,1,10,32,0,0,20,56,0.309,0.39,0.576,0.965,95,,3,0,2,1,,player.fcgi?id=eyster000and,,,
Cole Ganopulos?,--,2019,South Carolina,SEC,16,2,2,1,1,0,0,0,1,0,0,0,1,0.5,0.5,0.5,1,1,,0,0,0,0,,player.fcgi?id=ganopu000col,,,
Jordan Holladay,20,2019,South Carolina,SEC,28,47,42,3,10,3,0,0,6,0,0,4,13,0.238,0.298,0.31,0.607,13,,0,0,1,0,,player.fcgi?id=hollad000jor,,,
TJ Hopkins,22,2019,South Carolina,SEC,56,245,214,49,61,11,3,11,43,18,4,27,49,0.285,0.363,0.519,0.882,111,,1,0,3,0,,player.fcgi?id=hopkin000tj-,,,
Ian Jenkins,21,2019,South Carolina,SEC,26,68,64,8,12,2,0,5,9,0,0,4,29,0.188,0.235,0.453,0.688,29,,0,0,0,0,,player.fcgi?id=jenkin000ian,,,
Nick Neville*,22,2019,South Carolina,SEC,32,70,63,3,8,2,1,0,3,0,0,5,27,0.127,0.191,0.191,0.382,12,,0,2,0,0,,player.fcgi?id=nevill000nic,,,
Jacob Olson,22,2019,South Carolina,SEC,56,240,213,35,54,14,0,13,37,8,0,16,40,0.254,0.333,0.502,0.836,107,,10,0,1,2,,player.fcgi?id=olson-000jac,,,
Quinntin Perez#,21,2019,South Carolina,SEC,25,86,59,14,10,1,0,1,5,1,1,15,24,0.17,0.405,0.237,0.642,14,,9,2,1,0,,player.fcgi?id=perez-000qui,,,
Josiah Sightler*,19,2019,South Carolina,SEC,16,31,30,1,2,0,1,0,2,0,0,1,18,0.067,0.097,0.133,0.23,4,,0,0,0,0,,player.fcgi?id=sightl000jos,,,
Brady Allen,20,2020,South Carolina,SEC,16,61,49,11,16,3,0,3,8,1,1,11,6,0.327,0.459,0.571,1.03,28,,1,0,0,0,,player.fcgi?id=allen-008bra,,,
Anthony Amicangelo,22,2020,South Carolina,SEC,14,29,25,4,7,3,0,0,1,2,0,4,5,0.28,0.379,0.4,0.779,10,,0,0,0,0,,player.fcgi?id=amican000ant,,,
Dallas Beaver*,22,2020,South Carolina,SEC,14,48,39,8,10,3,0,0,4,0,0,7,10,0.256,0.383,0.333,0.716,13,,1,1,0,0,,player.fcgi?id=beaver000dal,,,
Bryant Bowen,23,2020,South Carolina,SEC,15,41,35,6,8,0,0,2,7,2,0,5,11,0.229,0.317,0.4,0.717,14,,0,0,1,1,,player.fcgi?id=bowen-000bry,,,
Colin Burgess,19,2020,South Carolina,SEC,9,29,26,3,8,3,0,0,2,0,0,2,5,0.308,0.357,0.423,0.78,11,,0,1,0,0,,player.fcgi?id=burges001col,,,
George Callil,22,2020,South Carolina,SEC,16,65,48,9,13,1,0,1,10,1,2,4,12,0.271,0.446,0.354,0.8,17,,12,0,1,0,,player.fcgi?id=callil000geo,,,
Noah Campbell#,21,2020,South Carolina,SEC,14,48,39,10,10,1,1,1,10,8,3,7,9,0.256,0.37,0.41,0.78,16,,0,2,0,0,,player.fcgi?id=campbe000noa,,,
Wes Clarke,20,2020,South Carolina,SEC,16,69,56,14,16,0,0,8,22,0,1,8,15,0.286,0.406,0.714,1.12,40,,4,0,1,1,,player.fcgi?id=clarke001wes,,,
Andrew Eyster,21,2020,South Carolina,SEC,16,70,59,14,18,3,1,4,12,0,0,7,15,0.305,0.4,0.593,0.993,35,,3,0,1,1,,player.fcgi?id=eyster000and,,,
Jeff Heinrich,21,2020,South Carolina,SEC,16,64,56,10,14,2,1,1,14,3,1,4,6,0.25,0.307,0.375,0.682,21,,1,2,1,0,,player.fcgi?id=heinri000jef,,,
Brennan Milone,19,2020,South Carolina,SEC,5,18,13,3,2,1,0,1,2,0,0,5,4,0.154,0.389,0.462,0.85,6,,0,0,0,0,,player.fcgi?id=milone000bre,,,
Noah Myers*,20,2020,South Carolina,SEC,16,51,37,13,12,1,2,0,6,7,1,13,11,0.324,0.51,0.46,0.969,17,,1,0,0,0,,player.fcgi?id=myers-000noa,,,
Josiah Sightler*,20,2020,South Carolina,SEC,7,4,3,0,0,0,0,0,0,0,0,1,1,0,0.25,0,0.25,0,,0,0,0,0,,player.fcgi?id=sightl000jos,,,
Braylen Wimmer,19,2020,South Carolina,SEC,15,46,41,6,9,0,0,0,5,3,1,0,12,0.22,0.233,0.22,0.452,9,,1,3,1,0,,player.fcgi?id=wimmer000bra,,,
Brady Allen,21,2021,South Carolina,SEC,57,272,225,50,62,13,1,13,42,12,0,34,50,0.276,0.376,0.516,0.891,116,,5,3,5,0,,player.fcgi?id=allen-008bra,,,
Colin Burgess,20,2021,South Carolina,SEC,48,196,170,21,41,3,0,4,20,0,0,9,27,0.241,0.327,0.329,0.656,56,,14,0,3,0,,player.fcgi?id=burges001col,,,
George Callil,23,2021,South Carolina,SEC,53,202,166,29,32,8,1,2,15,6,0,20,50,0.193,0.315,0.289,0.604,48,,10,5,1,0,,player.fcgi?id=callil000geo,,,
Connor Cino*,19,2021,South Carolina,SEC,10,8,7,0,2,0,0,0,1,0,0,1,3,0.286,0.375,0.286,0.661,2,,0,0,0,0,,player.fcgi?id=cino--000con,,,
Wes Clarke,21,2021,South Carolina,SEC,57,257,199,56,54,9,0,23,55,0,0,50,73,0.271,0.428,0.663,1.091,132,,6,0,2,7,,player.fcgi?id=clarke001wes,,,
Andrew Eyster,22,2021,South Carolina,SEC,57,251,215,31,60,9,1,11,42,2,1,20,76,0.279,0.371,0.484,0.854,104,,13,0,3,0,,player.fcgi?id=eyster000and,,,
Brandon Fields,20,2021,South Carolina,SEC,6,8,6,2,0,0,0,0,0,0,0,1,4,0,0.25,0,0.25,0,,1,0,0,0,,player.fcgi?id=fields001bra,,,
Jeff Heinrich,22,2021,South Carolina,SEC,28,100,91,7,20,6,0,1,10,2,1,0,17,0.22,0.25,0.319,0.569,29,,4,4,1,0,,player.fcgi?id=heinri000jef,,,
Jack Mahoney,19,2021,South Carolina,SEC,16,6,4,2,0,0,0,0,0,0,0,1,1,0,0.333,0,0.333,0,,1,0,0,0,,player.fcgi?id=mahone004jac,,,
David Mendham*,21,2021,South Carolina,SEC,54,219,189,20,46,9,1,5,28,0,1,23,54,0.243,0.32,0.381,0.701,72,,1,0,6,1,,player.fcgi?id=mendha000dav,,,
Brennan Milone,20,2021,South Carolina,SEC,38,146,116,24,25,9,0,2,10,1,0,28,44,0.216,0.377,0.345,0.722,40,,2,0,0,0,,player.fcgi?id=milone000bre,,,
Noah Myers*,21,2021,South Carolina,SEC,25,37,31,6,4,1,0,1,4,2,0,3,14,0.129,0.229,0.258,0.487,8,,1,2,0,0,,player.fcgi?id=myers-000noa,,,
Michael Robinson,22,2021,South Carolina,SEC,21,29,26,1,4,0,0,0,1,0,0,2,9,0.154,0.214,0.154,0.368,4,,0,1,0,0,,player.fcgi?id=robins004mic,,,
Joe Satterfield#,--,2021,South Carolina,SEC,25,54,47,7,10,3,0,0,9,0,0,2,12,0.213,0.264,0.277,0.541,13,,2,1,2,0,,player.fcgi?id=satter000joe,,,
Josiah Sightler*,21,2021,South Carolina,SEC,53,216,190,29,51,11,0,7,31,2,0,17,46,0.268,0.352,0.437,0.789,83,,8,0,1,0,,player.fcgi?id=sightl000jos,,,
Jalen Vasquez*,19,2021,South Carolina,SEC,7,7,6,0,0,0,0,0,0,0,0,1,5,0,0.143,0,0.143,0,,0,0,0,0,,player.fcgi?id=vasque000jal,,,
Braylen Wimmer,20,2021,South Carolina,SEC,55,232,207,34,56,15,1,11,31,5,3,13,60,0.271,0.322,0.512,0.834,106,,4,5,3,1,,player.fcgi?id=wimmer000bra,,,
Brandt Belk*,24,2022,South Carolina,SEC,49,227,188,43,64,10,1,6,38,11,5,25,20,0.34,0.42,0.5,0.92,94,1,6,1,7,2,,player.fcgi?id=belk--000bra,,,
Michael Braswell,19,2022,South Carolina,SEC,54,231,201,29,57,9,2,2,27,3,2,27,54,0.284,0.365,0.378,0.743,76,3,0,1,2,2,,player.fcgi?id=braswe000mic,,,
Colin Burgess,21,2022,South Carolina,SEC,51,186,146,28,30,8,0,5,25,0,0,23,31,0.206,0.355,0.363,0.718,53,4,12,3,2,0,,player.fcgi?id=burges001col,,,
Connor Cino*,20,2022,South Carolina,SEC,12,27,23,2,5,0,0,1,4,0,0,3,9,0.217,0.308,0.348,0.656,8,0,0,1,0,0,,player.fcgi?id=cino--000con,,,
David Cromer,20,2022,South Carolina,SEC,2,2,1,0,0,0,0,0,0,0,0,1,1,0,0.5,0,0.5,0,0,0,0,0,0,,player.fcgi?id=cromer003dav,,,
Thad Ector#,18,2022,South Carolina,SEC,18,18,15,3,1,0,0,0,2,3,0,2,7,0.067,0.167,0.067,0.233,1,1,0,0,1,0,,player.fcgi?id=ector-000tha,,,
Andrew Eyster,23,2022,South Carolina,SEC,53,228,198,37,63,10,0,10,53,1,2,21,55,0.318,0.399,0.52,0.919,103,2,7,0,2,3,,player.fcgi?id=eyster000and,,,
Matt Hogan*,22,2022,South Carolina,SEC,39,69,51,9,7,1,1,1,4,5,1,9,21,0.137,0.318,0.255,0.573,13,0,5,3,1,0,,player.fcgi?id=hogan-000mat,,,
Carson Hornung*,18,2022,South Carolina,SEC,41,111,91,11,19,2,0,2,11,0,0,19,23,0.209,0.342,0.297,0.639,27,0,0,0,1,0,,player.fcgi?id=hornun000car,,,
Elijah Lambros,19,2022,South Carolina,SEC,36,42,33,3,5,0,0,0,5,3,2,6,12,0.152,0.3,0.152,0.452,5,0,1,2,0,0,,player.fcgi?id=lambro000eli,,,
Talmadge LeCroy,19,2022,South Carolina,SEC,39,120,95,13,24,5,0,0,11,1,1,19,24,0.253,0.381,0.305,0.687,29,4,2,2,2,0,,player.fcgi?id=lecroy000tal,,,
Kevin Madden,23,2022,South Carolina,SEC,53,229,201,33,49,5,1,6,26,5,3,14,21,0.244,0.314,0.368,0.682,74,5,8,3,3,1,,player.fcgi?id=madden001kev,,,
Jack Mahoney,20,2022,South Carolina,SEC,15,19,16,5,3,0,0,2,4,0,0,3,10,0.188,0.316,0.563,0.878,9,0,0,0,0,0,,player.fcgi?id=mahone004jac,,,
Cole Messina,19,2022,South Carolina,SEC,17,35,30,2,4,0,0,0,1,0,1,4,8,0.133,0.257,0.133,0.39,4,0,1,0,0,0,,player.fcgi?id=messin000col,,,
Josiah Sightler*,22,2022,South Carolina,SEC,51,201,170,35,51,11,0,15,31,2,0,19,42,0.3,0.408,0.629,1.037,107,6,12,0,0,2,,player.fcgi?id=sightl000jos,,,
Evan Stone,19,2022,South Carolina,SEC,46,107,87,16,16,2,0,0,4,2,1,10,30,0.184,0.317,0.207,0.524,18,0,7,3,0,0,,player.fcgi?id=stone-000eva,,,
Vytas Valincius,19,2022,South Carolina,SEC,5,6,6,1,1,0,0,0,1,0,0,0,3,0.167,0.167,0.167,0.333,1,1,0,0,0,0,,player.fcgi?id=valinc000vyt,,,
Jalen Vasquez*,20,2022,South Carolina,SEC,29,37,31,6,7,0,0,1,5,1,0,3,13,0.226,0.278,0.323,0.6,10,2,0,1,2,0,,player.fcgi?id=vasque000jal,,,
Braylen Wimmer,21,2022,South Carolina,SEC,55,244,221,38,69,13,0,7,35,13,1,15,54,0.312,0.361,0.466,0.827,103,9,3,3,2,0,,player.fcgi?id=wimmer000bra,,,
Michael Braswell,20,2023,South Carolina,SEC,51,183,153,21,39,8,2,1,23,1,1,28,40,0.255,0.372,0.353,0.725,54,6,1,0,1,0,,player.fcgi?id=braswe000mic,,,
Dylan Brewer*,22,2023,South Carolina,SEC,56,218,171,48,41,6,0,8,27,11,0,38,61,0.24,0.394,0.415,0.809,71,3,6,2,1,0,,player.fcgi?id=brewer000dyl,,,
Gavin Casas*,22,2023,South Carolina,SEC,61,273,216,60,56,10,0,19,56,0,0,41,64,0.259,0.407,0.569,0.976,123,5,14,0,2,2,,player.fcgi?id=casas-000gav,,,
David Cromer,21,2023,South Carolina,SEC,8,5,4,0,2,0,0,0,2,0,0,1,1,0.5,0.6,0.5,1.1,2,1,0,0,0,0,,player.fcgi?id=cromer003dav,,,
Caleb Denny*,23,2023,South Carolina,SEC,46,177,147,28,33,9,1,4,33,9,1,21,55,0.225,0.343,0.381,0.724,56,3,6,2,1,0,,player.fcgi?id=denny-000cal,,,
Jonathan French,22,2023,South Carolina,SEC,33,98,78,12,17,4,0,2,11,0,0,17,34,0.218,0.371,0.346,0.717,27,1,2,1,0,1,,player.fcgi?id=french003jon,,,
Carson Hornung*,19,2023,South Carolina,SEC,48,168,117,24,29,5,0,4,27,1,0,43,43,0.248,0.464,0.393,0.858,46,0,6,0,2,0,,player.fcgi?id=hornun000car,,,
Talmadge LeCroy,20,2023,South Carolina,SEC,55,230,180,39,52,10,1,4,42,0,0,30,45,0.289,0.43,0.422,0.852,76,4,16,2,2,0,,player.fcgi?id=lecroy000tal,,,
Kevin Madden,24,2023,South Carolina,SEC,11,11,10,1,1,0,0,1,3,0,0,1,2,0.1,0.182,0.4,0.582,4,0,0,0,0,0,,player.fcgi?id=madden001kev,,,
Will McGillis,24,2023,South Carolina,SEC,31,128,99,29,31,4,1,14,30,2,2,19,23,0.313,0.469,0.798,1.267,79,0,10,0,0,0,,player.fcgi?id=mcgill008wil,,,
Cole Messina,20,2023,South Carolina,SEC,62,285,231,62,71,18,1,17,65,8,0,40,48,0.307,0.428,0.615,1.043,142,5,11,0,3,1,,player.fcgi?id=messin000col,,,
Ethan Petry,19,2023,South Carolina,SEC,63,276,221,55,83,10,0,23,75,4,2,33,59,0.376,0.471,0.733,1.204,162,5,14,0,8,2,,player.fcgi?id=petry-000eth,,,
Evan Stone,20,2023,South Carolina,SEC,55,146,111,30,23,3,0,3,18,5,2,19,48,0.207,0.371,0.315,0.686,35,0,11,3,2,0,,player.fcgi?id=stone-000eva,,,
Will Tippett,20,2023,South Carolina,SEC,47,140,110,16,20,1,1,3,15,4,2,19,47,0.182,0.305,0.291,0.596,32,1,1,9,1,0,,player.fcgi?id=tippet000wil,,,
Chris Veach,21,2023,South Carolina,SEC,25,4,4,2,2,0,0,0,0,0,0,0,1,0.5,0.5,0.5,1,2,0,0,0,0,0,,player.fcgi?id=veach-000chr,,,
Braylen Wimmer,22,2023,South Carolina,SEC,56,256,214,64,65,11,1,14,42,13,1,30,55,0.304,0.409,0.561,0.97,120,1,9,2,1,0,,player.fcgi?id=wimmer000bra,,,
Ryan Bakes,19,2024,South Carolina,SEC,12,24,19,3,4,2,0,0,5,0,0,5,6,0.211,0.375,0.316,0.691,6,0,0,0,0,0,,player.fcgi?id=bakes-000rya,,,
Dylan Brewer*,23,2024,South Carolina,SEC,44,167,136,33,39,4,1,6,24,12,2,22,28,0.287,0.395,0.463,0.858,63,1,3,5,1,0,,player.fcgi?id=brewer000dyl,,,
Austin Brinling*,23,2024,South Carolina,SEC,33,124,99,22,30,3,0,1,11,4,3,14,17,0.303,0.413,0.364,0.777,36,2,6,3,2,0,,player.fcgi?id=brinli000aus,,,
Gavin Casas*,23,2024,South Carolina,SEC,56,210,173,31,45,8,1,10,35,0,0,22,49,0.26,0.385,0.491,0.876,85,4,13,2,0,0,,player.fcgi?id=casas-000gav,,,
Tyler Causey*,23,2024,South Carolina,SEC,31,107,84,21,21,4,1,4,21,0,0,19,37,0.25,0.402,0.464,0.866,39,2,3,0,1,1,,player.fcgi?id=causey000tyl,,,
David Cromer,22,2024,South Carolina,SEC,4,2,0,1,0,0,0,0,1,0,0,1,0,,0.5,,,0,0,0,0,1,0,,player.fcgi?id=cromer003dav,,,
Lee Ellis,19,2024,South Carolina,SEC,17,30,22,8,6,2,0,0,0,1,1,7,12,0.273,0.467,0.364,0.83,8,0,1,0,0,0,,player.fcgi?id=ellis-002lee,,,
Carson Hornung*,20,2024,South Carolina,SEC,7,10,8,1,1,1,0,0,1,0,0,2,4,0.125,0.3,0.25,0.55,2,1,0,0,0,0,,player.fcgi?id=hornun000car,,,
Blake Jackson*,23,2024,South Carolina,SEC,51,206,147,45,43,9,2,5,27,16,2,32,45,0.293,0.465,0.483,0.948,71,4,18,6,3,0,,player.fcgi?id=jackso002bla,,,
Kennedy Jones,21,2024,South Carolina,SEC,58,246,201,35,58,10,1,9,48,1,0,36,63,0.289,0.398,0.483,0.881,97,4,4,0,5,0,,player.fcgi?id=jones-017ken,,,
Talmadge LeCroy,21,2024,South Carolina,SEC,62,268,211,45,51,8,1,3,28,0,0,38,56,0.242,0.389,0.332,0.721,70,5,14,3,2,0,,player.fcgi?id=lecroy000tal,,,
Cole Messina,21,2024,South Carolina,SEC,59,286,224,64,73,19,1,21,71,8,3,50,67,0.326,0.465,0.701,1.166,157,6,10,0,2,9,,player.fcgi?id=messin000col,,,
Parker Noland*,23,2024,South Carolina,SEC,61,289,234,45,59,12,0,3,33,5,3,41,59,0.252,0.383,0.342,0.725,80,3,10,2,2,0,,player.fcgi?id=noland000par,,,
Ethan Petry,20,2024,South Carolina,SEC,61,289,219,57,67,8,1,21,53,4,2,51,73,0.306,0.471,0.639,1.11,140,3,18,0,1,8,,player.fcgi?id=petry-000eth,,,
Dalton Reeves*,23,2024,South Carolina,SEC,35,139,119,19,35,3,0,11,34,2,0,13,34,0.294,0.37,0.597,0.967,71,4,2,4,1,0,,player.fcgi?id=reeves000dal,,,
Evan Stone,21,2024,South Carolina,SEC,15,13,8,2,3,1,0,0,1,0,0,3,3,0.375,0.583,0.5,1.083,4,0,1,1,0,0,,player.fcgi?id=stone-000eva,,,
Will Tippett,21,2024,South Carolina,SEC,48,178,133,29,24,3,0,7,24,12,1,26,63,0.181,0.335,0.361,0.696,48,1,6,11,2,0,,player.fcgi?id=tippet000wil,,,
Tyler Zedalis,19,2024,South Carolina,SEC,3,2,2,0,0,0,0,0,0,0,0,0,1,0,0,0,0,0,0,0,0,0,0,,player.fcgi?id=zedali000tyl,,,
Ryan Bakes,20,2025,South Carolina,SEC,19,32,28,3,3,1,0,1,5,0,0,1,10,0.107,0.219,0.25,0.469,7,0,3,0,0,0,,player.fcgi?id=bakes-000rya,,,
Gavin Braland,20,2025,South Carolina,SEC,36,96,86,10,17,2,0,0,9,0,1,4,21,0.198,0.25,0.221,0.471,19,4,2,4,0,0,,player.fcgi?id=bralan000gav,,,
Jordan Carrion,24,2025,South Carolina,SEC,50,173,153,29,44,10,1,0,25,6,1,10,26,0.288,0.333,0.366,0.699,56,3,1,8,1,0,,player.fcgi?id=carrio002jor,,,
Cayden Gaskin,21,2025,South Carolina,SEC,20,35,29,6,8,1,0,1,7,0,1,4,12,0.276,0.382,0.414,0.796,12,0,1,1,0,0,,player.fcgi?id=gaskin000cay,,,
Nathan Hall,21,2025,South Carolina,SEC,54,239,208,36,67,13,0,7,38,14,2,27,28,0.322,0.398,0.486,0.883,101,2,1,0,3,0,,player.fcgi?id=hall--003nat,,,
Beau Hollins#,19,2025,South Carolina,SEC,46,178,159,28,49,9,1,6,24,0,1,13,42,0.308,0.379,0.491,0.869,78,4,5,1,0,1,,player.fcgi?id=hollin000bea,,,
Blake Jackson*,24,2025,South Carolina,SEC,37,109,72,17,14,4,0,2,5,6,3,21,24,0.194,0.442,0.333,0.776,24,2,11,5,0,0,,player.fcgi?id=jackso002bla,,,
Kennedy Jones,22,2025,South Carolina,SEC,43,150,126,17,32,7,0,2,18,0,1,14,33,0.254,0.367,0.357,0.724,45,6,9,0,1,0,,player.fcgi?id=jones-017ken,,,
Henry Kaczmar*,22,2025,South Carolina,SEC,53,208,181,33,57,7,3,6,28,3,0,22,43,0.315,0.394,0.486,0.88,88,0,3,0,2,1,,player.fcgi?id=kaczma000hen,,,
Max Kaufer,20,2025,South Carolina,SEC,24,55,45,7,6,2,0,1,1,1,0,7,19,0.133,0.291,0.244,0.535,11,0,3,0,0,0,,player.fcgi?id=kaufer000max,,,
Talmadge LeCroy,22,2025,South Carolina,SEC,17,64,48,10,9,3,0,0,6,0,0,14,11,0.188,0.391,0.25,0.641,12,0,2,0,0,0,,player.fcgi?id=lecroy000tal,,,
Dalton Mashore,23,2025,South Carolina,SEC,34,95,72,12,17,3,0,2,10,6,2,12,23,0.236,0.398,0.361,0.759,26,3,8,2,1,0,,player.fcgi?id=mashor000dal,,,
Nolan Nawrocki,21,2025,South Carolina,SEC,14,50,40,5,8,2,0,1,7,2,0,3,12,0.2,0.26,0.325,0.585,13,0,2,0,5,0,,player.fcgi?id=nawroc000nol,,,
Ethan Petry,21,2025,South Carolina,SEC,44,190,156,30,50,10,1,10,34,0,1,26,33,0.321,0.437,0.59,1.027,92,5,7,0,1,6,,player.fcgi?id=petry-000eth,,,
KJ Scobey#,20,2025,South Carolina,SEC,56,221,191,34,49,7,0,8,27,1,3,25,52,0.257,0.348,0.419,0.767,80,3,3,0,2,1,,player.fcgi?id=scobey000kj-,,,
Evan Stone,22,2025,South Carolina,SEC,40,109,88,18,18,3,1,4,17,5,0,10,28,0.205,0.336,0.398,0.734,35,2,8,2,1,0,,player.fcgi?id=stone-000eva,,,
Will Tippett,22,2025,South Carolina,SEC,24,49,39,8,7,3,0,1,6,1,0,8,15,0.18,0.313,0.333,0.646,13,1,0,1,1,0,,player.fcgi?id=tippet000wil,,,
Jase Woita*,22,2025,South Carolina,SEC,45,142,120,21,36,5,1,6,20,0,0,17,27,0.3,0.394,0.508,0.903,61,4,3,0,2,0,,player.fcgi?id=woita-000jas,,,
Tyler Bak*,21,2026,South Carolina,SEC,56,233,198,30,49,9,2,6,28,9,1,24,60,0.248,0.355,0.404,0.759,80,5,9,2,0,0,,player.fcgi?id=bak---000tyl,,,
Gavin Braland,21,2026,South Carolina,SEC,7,8,7,0,1,0,0,0,1,0,0,0,1,0.143,0.143,0.143,0.286,1,0,0,1,0,0,,player.fcgi?id=bralan000gav,,,
Will Craddock,19,2026,South Carolina,SEC,51,221,192,36,50,10,1,10,29,2,0,12,69,0.26,0.353,0.479,0.832,92,3,16,0,1,0,,player.fcgi?id=craddo003wil,,,
Patrick Evans,21,2026,South Carolina,SEC,52,211,189,25,44,14,2,8,20,8,2,19,59,0.233,0.31,0.455,0.765,86,3,2,1,0,0,,player.fcgi?id=evans-004pat,,,
Dawson Harman,21,2026,South Carolina,SEC,40,154,128,20,29,8,1,5,21,2,0,19,47,0.227,0.357,0.422,0.779,54,0,7,0,0,0,,player.fcgi?id=harman000daw,,,
Beau Hollins#,20,2026,South Carolina,SEC,29,100,90,7,18,4,0,0,8,0,1,9,24,0.2,0.27,0.244,0.514,22,1,0,0,1,0,,player.fcgi?id=hollin000bea,,,
Caleb Hoover*,20,2026,South Carolina,SEC,8,12,9,3,0,0,0,0,0,0,0,1,4,0,0.25,0,0.25,0,1,2,0,0,0,,player.fcgi?id=hoover000cal,,,
Aaron Jamison*,21,2026,South Carolina,SEC,22,51,45,8,8,1,0,2,4,0,0,4,22,0.178,0.255,0.333,0.588,15,0,1,0,1,0,,player.fcgi?id=jamiso000aar,,,
Talmadge LeCroy,23,2026,South Carolina,SEC,57,245,205,30,54,9,0,8,31,1,2,30,39,0.263,0.372,0.424,0.796,87,3,6,3,1,0,,player.fcgi?id=lecroy000tal,,,
Ethan Lizama*,23,2026,South Carolina,SEC,52,188,165,21,36,11,1,4,20,1,2,15,37,0.218,0.303,0.37,0.672,61,2,5,3,0,0,,player.fcgi?id=lizama000eth,,,
Reese Moore*,22,2026,South Carolina,SEC,8,24,22,2,7,2,0,1,3,0,0,1,3,0.318,0.333,0.546,0.879,12,0,0,0,1,0,,player.fcgi?id=moore-000ree,,,
Erik Parker,20,2026,South Carolina,SEC,26,48,41,10,8,3,0,0,2,0,0,3,16,0.195,0.298,0.268,0.566,11,0,3,1,0,0,,player.fcgi?id=parker001eri,,,
Jake Randolph,22,2026,South Carolina,SEC,36,133,109,17,25,1,0,5,16,1,0,17,27,0.229,0.361,0.376,0.737,41,0,6,0,1,0,,player.fcgi?id=randol001jak,,,
Jack Reynolds*,23,2026,South Carolina,SEC,17,33,28,5,2,0,0,0,1,0,0,1,6,0.071,0.188,0.071,0.259,2,1,3,1,0,0,,player.fcgi?id=reynol004jac,,,
KJ Scobey#,21,2026,South Carolina,SEC,57,244,222,24,56,16,1,9,36,0,2,19,58,0.252,0.307,0.455,0.762,101,2,0,0,3,0,,player.fcgi?id=scobey000kj-,,,
Logan Sutter,23,2026,South Carolina,SEC,35,101,88,16,20,5,0,5,15,0,0,12,36,0.227,0.32,0.455,0.775,40,0,0,1,0,0,,player.fcgi?id=sutter000log,,,
Luke Yuhasz,22,2026,South Carolina,SEC,45,157,146,22,36,10,0,5,20,1,1,8,52,0.247,0.289,0.418,0.706,61,1,1,1,1,0,,player.fcgi?id=yuhasz000luk,,,
Peyton Basler#,23,2026,Missouri,SEC,3,6,2,4,1,1,0,0,0,0,0,1,1,0.5,0.8,1,1.8,2,0,2,1,0,0,,player.fcgi?id=basler000pey,,,
Cameron Benson*,23,2026,Missouri,SEC,36,134,115,22,29,6,0,5,20,6,1,14,30,0.252,0.351,0.435,0.786,50,1,4,0,1,0,,player.fcgi?id=benson000cam,,,
Juliomar Campos,19,2026,Missouri,SEC,11,29,27,2,7,2,0,1,7,0,1,1,6,0.259,0.31,0.444,0.755,12,2,1,0,0,0,,player.fcgi?id=campos002jul,,,
Kam Durnin,21,2026,Missouri,SEC,43,192,158,33,52,9,1,9,25,11,3,27,38,0.329,0.438,0.57,1.007,90,3,5,0,2,0,,player.fcgi?id=durnin000kam,,,
Isaiah Frost*,23,2026,Missouri,SEC,29,77,62,18,16,3,2,1,13,4,2,11,14,0.258,0.387,0.419,0.806,26,1,2,2,0,0,,player.fcgi?id=frost-000isa,,,
Jamal George,22,2026,Missouri,SEC,23,66,50,15,13,2,1,0,8,4,0,9,14,0.26,0.4,0.34,0.74,17,1,4,1,2,0,,player.fcgi?id=george005jam,,,
Gehrig Goldbeck*,22,2026,Missouri,SEC,4,15,9,4,2,1,0,0,3,0,1,4,0,0.222,0.533,0.333,0.867,3,0,2,0,0,0,,player.fcgi?id=goldbe000geh,,,
Leo Humbert,19,2026,Missouri,SEC,13,24,17,7,2,1,0,0,2,0,0,6,8,0.118,0.375,0.177,0.552,3,0,1,0,0,0,,player.fcgi?id=humber000leo,,,
Donovan Jordan,20,2026,Missouri,SEC,33,111,98,13,25,3,0,3,18,3,1,7,27,0.255,0.333,0.378,0.711,37,3,5,0,1,0,,player.fcgi?id=jordan003don,,,
Keegan Knutson,22,2026,Missouri,SEC,35,107,95,12,16,5,0,1,11,1,1,6,12,0.168,0.231,0.253,0.483,24,2,2,3,1,0,,player.fcgi?id=knutso000kee,,,
Tyler Macon,21,2026,Missouri,SEC,34,135,107,29,35,7,2,0,27,8,2,19,28,0.327,0.44,0.43,0.87,46,0,5,1,3,1,,player.fcgi?id=macon-000tyl,,,
Eric Maisonet#,20,2026,Missouri,SEC,43,126,101,24,20,1,2,3,18,2,0,10,21,0.198,0.311,0.337,0.648,34,2,7,7,1,0,,player.fcgi?id=maison000eri,,,
Sam Parker*,21,2026,Missouri,SEC,11,42,29,6,6,3,0,1,9,0,0,9,11,0.207,0.452,0.414,0.866,12,0,4,0,0,0,,player.fcgi?id=parker002sam,,,
Chris Patterson#,19,2026,Missouri,SEC,24,94,76,19,18,2,1,2,14,3,0,11,25,0.237,0.362,0.368,0.73,28,1,5,0,2,0,,player.fcgi?id=patter004chr,,,
Kaden Peer*,21,2026,Missouri,SEC,42,177,154,22,41,7,1,2,14,6,5,12,53,0.266,0.354,0.364,0.718,56,2,9,2,0,0,,player.fcgi?id=peer--000kad,,,
Pierre Seals,22,2026,Missouri,SEC,47,186,166,23,41,6,1,5,23,5,2,18,56,0.247,0.328,0.386,0.714,64,5,2,0,0,0,,player.fcgi?id=seals-000pie,,,
Mateo Serna#,21,2026,Missouri,SEC,46,184,154,19,37,5,0,2,21,1,0,17,49,0.24,0.361,0.312,0.672,48,6,12,1,0,0,,player.fcgi?id=serna-001mat,,,
Blaize Ward*,--,2026,Missouri,SEC,44,185,152,26,45,5,1,4,33,1,0,15,28,0.296,0.404,0.421,0.826,64,2,14,2,2,0,,player.fcgi?id=ward--000bla,,,
Jase Woita*,23,2026,Missouri,SEC,52,231,195,42,56,9,0,13,51,3,2,26,34,0.287,0.394,0.533,0.927,104,2,9,0,1,0,,player.fcgi?id=woita-000jas,,,
Peyton Basler#,22,2025,Missouri,SEC,35,120,92,23,21,5,1,1,15,2,0,12,35,0.228,0.383,0.337,0.72,31,0,11,5,0,0,,player.fcgi?id=basler000pey,,,
Cameron Benson*,22,2025,Missouri,SEC,13,40,34,6,11,2,1,1,4,5,1,6,14,0.324,0.425,0.529,0.954,18,0,0,0,0,1,,player.fcgi?id=benson000cam,,,
Trey Callaway#,19,2025,Missouri,SEC,7,10,10,1,3,2,0,0,3,0,0,0,4,0.3,0.3,0.5,0.8,5,0,0,0,0,0,,player.fcgi?id=callaw001tre,,,
Jeric Curtis,21,2025,Missouri,SEC,3,10,7,0,0,0,0,0,0,1,0,2,4,0,0.222,0,0.222,0,0,0,1,0,0,,player.fcgi?id=curtis002jer,,,
Brock Daniels*,22,2025,Missouri,SEC,38,137,114,21,30,2,2,4,21,7,2,7,29,0.263,0.353,0.421,0.774,48,3,11,1,4,0,,player.fcgi?id=daniel001bro,,,
Isaiah Frost*,22,2025,Missouri,SEC,15,20,14,7,3,1,0,0,1,0,0,5,9,0.214,0.45,0.286,0.736,4,0,1,0,0,0,,player.fcgi?id=frost-000isa,,,
Gehrig Goldbeck*,21,2025,Missouri,SEC,36,139,105,24,26,4,0,0,8,7,3,19,38,0.248,0.407,0.286,0.693,30,1,10,4,1,0,,player.fcgi?id=goldbe000geh,,,
Jedier Hernandez,22,2025,Missouri,SEC,32,106,88,11,15,2,0,0,4,0,0,10,19,0.171,0.305,0.193,0.498,17,4,7,1,0,0,,player.fcgi?id=hernan000jed,,,
Keegan Knutson,21,2025,Missouri,SEC,44,173,146,25,37,8,1,2,15,4,2,12,29,0.253,0.337,0.363,0.7,53,4,7,7,1,1,,player.fcgi?id=knutso000kee,,,
Trey Lawrence,19,2025,Missouri,SEC,16,61,55,5,10,0,0,0,3,1,1,5,14,0.182,0.262,0.182,0.444,10,2,1,0,0,0,,player.fcgi?id=lawren002tre,,,
Jackson Lovich,21,2025,Missouri,SEC,51,216,185,39,66,7,3,12,51,7,0,20,52,0.357,0.43,0.622,1.052,115,3,6,2,3,2,,player.fcgi?id=lovich000jac,,,
Tyler Macon,20,2025,Missouri,SEC,37,115,92,17,25,2,2,1,5,7,4,16,29,0.272,0.391,0.37,0.761,34,1,2,5,0,0,,player.fcgi?id=macon-000tyl,,,
Aden Malpass*,19,2025,Missouri,SEC,3,4,2,2,0,0,0,0,1,0,0,2,1,0,0.5,0,0.5,0,0,0,0,0,0,,player.fcgi?id=malpas000ade,,,
Cayden Nicoletto*,23,2025,Missouri,SEC,47,171,150,30,39,8,1,6,24,4,3,10,29,0.26,0.339,0.447,0.786,67,0,9,0,2,0,,player.fcgi?id=nicole000cay,,,
Chris Patterson#,18,2025,Missouri,SEC,35,125,112,14,26,8,2,2,18,3,1,10,41,0.232,0.304,0.393,0.697,44,1,2,0,1,0,,player.fcgi?id=patter004chr,,,
Kaden Peer*,20,2025,Missouri,SEC,47,204,164,34,49,7,1,5,33,13,3,16,47,0.299,0.411,0.445,0.856,73,1,18,2,4,0,,player.fcgi?id=peer--000kad,,,
Brady Picarelli*,19,2025,Missouri,SEC,18,56,48,10,15,2,0,4,18,1,0,7,15,0.313,0.393,0.604,0.997,29,0,0,0,1,1,,player.fcgi?id=picare000bra,,,
Pierre Seals,21,2025,Missouri,SEC,45,172,148,18,43,8,0,5,22,4,3,17,58,0.291,0.374,0.446,0.82,66,1,4,1,2,0,,player.fcgi?id=seals-000pie,,,
Mateo Serna#,20,2025,Missouri,SEC,51,209,177,26,42,7,1,9,36,1,0,16,62,0.237,0.341,0.441,0.782,78,4,13,1,2,0,,player.fcgi?id=serna-001mat,,,
Blake Simpson*,22,2025,Missouri,SEC,3,12,12,1,4,0,0,1,1,0,0,0,0,0.333,0.333,0.583,0.917,7,0,0,0,0,0,,player.fcgi?id=simpso002bla,,,
Trevor Austin,22,2024,Missouri,SEC,54,247,192,51,57,11,1,13,33,0,4,27,44,0.297,0.433,0.568,1.001,109,0,20,7,1,0,,player.fcgi?id=austin002tre,,,
Jackson Beaman,22,2024,Missouri,SEC,34,116,89,27,22,4,0,6,19,2,0,22,27,0.247,0.414,0.494,0.908,44,0,4,0,1,0,,player.fcgi?id=beaman000jac,,,
JC Colon,21,2024,Missouri,SEC,20,79,64,11,16,1,0,2,14,3,0,14,15,0.25,0.385,0.359,0.744,23,1,0,1,0,0,,player.fcgi?id=colon-001jus,,,
Danny Corona*,20,2024,Missouri,SEC,38,150,129,14,31,5,0,4,16,2,1,14,41,0.24,0.34,0.372,0.712,48,3,6,0,1,0,,player.fcgi?id=corona001dan,,,
Drew Culbertson,19,2024,Missouri,SEC,48,181,162,22,31,3,1,1,7,10,2,13,68,0.191,0.272,0.241,0.513,39,3,5,1,0,0,,player.fcgi?id=culber000dre,,,
Thomas Curry,19,2024,Missouri,SEC,27,118,90,20,20,6,0,4,17,0,0,19,35,0.222,0.393,0.422,0.815,38,1,7,1,1,1,,player.fcgi?id=curry-000tho,,,
Jeric Curtis,20,2024,Missouri,SEC,34,142,126,12,32,3,2,0,8,14,3,10,43,0.254,0.319,0.31,0.628,39,1,2,4,0,0,,player.fcgi?id=curtis002jer,,,
Brock Daniels*,21,2024,Missouri,SEC,35,134,115,18,34,6,0,4,28,11,3,9,40,0.296,0.356,0.452,0.808,52,2,4,2,4,0,,player.fcgi?id=daniel001bro,,,
Isaiah Frost*,21,2024,Missouri,SEC,7,21,16,5,5,1,0,1,4,0,0,4,8,0.313,0.45,0.563,1.013,9,0,0,1,0,0,,player.fcgi?id=frost-000isa,,,
Matt Garcia#,23,2024,Missouri,SEC,44,185,157,22,39,6,3,3,29,3,2,15,50,0.248,0.337,0.382,0.719,60,2,7,4,2,2,,player.fcgi?id=garcia004mat,,,
Jedier Hernandez,21,2024,Missouri,SEC,39,167,146,20,39,10,0,1,25,1,1,16,26,0.267,0.347,0.356,0.704,52,5,3,0,2,0,,player.fcgi?id=hernan000jed,,,
Jack Holubowski,19,2024,Missouri,SEC,4,14,11,4,1,0,0,0,0,0,0,2,6,0.091,0.286,0.091,0.377,1,0,1,0,0,0,,player.fcgi?id=holubo000jac,,,
RJ Jimerson,20,2024,Missouri,SEC,5,12,10,2,2,0,0,0,2,0,0,0,3,0.2,0.333,0.2,0.533,2,0,2,0,0,0,,player.fcgi?id=jimers000ram,,,
Jackson Lovich,20,2024,Missouri,SEC,46,204,174,35,50,6,4,10,35,5,1,20,53,0.287,0.378,0.54,0.918,94,1,7,0,3,0,,player.fcgi?id=lovich000jac,,,
Tucker Moore#,20,2024,Missouri,SEC,30,109,91,19,20,3,0,2,5,2,1,12,31,0.22,0.349,0.319,0.667,29,1,6,0,0,0,,player.fcgi?id=moore-000tuc,,,
Kaden Peer*,19,2024,Missouri,SEC,39,154,127,22,32,2,0,2,20,6,1,17,31,0.252,0.375,0.315,0.69,40,0,8,2,0,0,,player.fcgi?id=peer--000kad,,,
Mateo Serna#,19,2024,Missouri,SEC,28,108,96,13,23,4,0,4,19,0,0,9,38,0.24,0.324,0.406,0.73,39,2,3,0,0,0,,player.fcgi?id=serna-001mat,,,
Juju Stevens,21,2024,Missouri,SEC,12,33,27,2,7,3,0,0,3,1,0,3,9,0.259,0.394,0.37,0.764,10,0,3,0,0,0,,player.fcgi?id=steven000juj,,,
Trevor Austin,21,2023,Missouri,SEC,54,242,189,45,59,11,2,8,36,10,2,32,39,0.312,0.44,0.519,0.958,98,1,15,1,5,0,,player.fcgi?id=austin002tre,,,
Dalton Bargo*,19,2023,Missouri,SEC,50,195,165,25,46,6,3,5,23,0,0,19,44,0.279,0.38,0.442,0.822,73,1,9,0,2,0,,player.fcgi?id=bargo-000dal,,,
Cam Careswell*,20,2023,Missouri,SEC,4,4,3,1,2,1,0,1,2,0,0,1,0,0.667,0.75,2,2.75,6,0,0,0,0,0,,player.fcgi?id=caresw000cam,,,
Cam Chick#,23,2023,Missouri,SEC,42,139,107,25,16,2,0,0,11,8,2,25,41,0.15,0.331,0.168,0.499,18,2,4,3,0,0,,player.fcgi?id=chick-000cam,,,
JC Colon,20,2023,Missouri,SEC,33,114,89,17,22,4,0,2,13,6,1,11,27,0.247,0.366,0.36,0.726,32,1,8,2,4,0,,player.fcgi?id=colon-001jus,,,
Brock Daniels*,20,2023,Missouri,SEC,1,1,1,1,0,0,0,0,0,0,0,0,1,0,0,0,0,0,0,0,0,0,0,,player.fcgi?id=daniel001bro,,,
Isaiah Frost*,20,2023,Missouri,SEC,18,7,5,5,0,0,0,0,0,0,0,2,5,0,0.286,0,0.286,0,0,0,0,0,0,,player.fcgi?id=frost-000isa,,,
Matt Garcia#,22,2023,Missouri,SEC,44,152,129,22,31,7,0,4,24,1,2,18,42,0.24,0.347,0.388,0.734,50,3,3,2,0,0,,player.fcgi?id=garcia004mat,,,
Aiden Heberlie,19,2023,Missouri,SEC,2,2,2,0,0,0,0,0,0,0,0,0,0,0,0,0,0,0,0,0,0,0,0,,player.fcgi?id=heberl000aid,,,
Dylan Leach#,20,2023,Missouri,SEC,37,134,114,14,22,3,0,4,15,1,1,12,30,0.193,0.306,0.325,0.631,37,1,7,0,1,0,,player.fcgi?id=leach-000dyl,,,
Jackson Lovich,19,2023,Missouri,SEC,19,53,46,4,10,2,1,1,8,1,0,7,16,0.217,0.321,0.37,0.69,17,0,0,0,0,0,,player.fcgi?id=lovich000jac,,,
Ross Lovich*,21,2023,Missouri,SEC,28,115,98,30,30,9,1,4,20,2,3,8,19,0.306,0.383,0.541,0.923,53,2,6,0,3,0,,player.fcgi?id=lovich000ros,,,
Luke Mann*,23,2023,Missouri,SEC,54,250,206,54,64,11,1,21,54,7,1,32,59,0.311,0.428,0.68,1.108,140,2,11,0,1,6,,player.fcgi?id=mann--000luk,,,
Tre Morris,23,2023,Missouri,SEC,33,111,94,12,23,3,2,3,14,2,1,10,16,0.245,0.351,0.415,0.766,39,1,6,0,1,0,,player.fcgi?id=morris002tre,,,
Jack Mosh*,20,2023,Missouri,SEC,2,2,1,1,1,1,0,0,0,0,0,1,0,1,1,2,3,2,0,0,0,0,0,,player.fcgi?id=mosh--000jac,,,
Carlos Pena*,19,2023,Missouri,SEC,18,43,35,4,9,0,1,1,4,0,0,7,16,0.257,0.372,0.4,0.772,14,1,0,0,1,0,,player.fcgi?id=pena--016car,,,
Juju Stevens,20,2023,Missouri,SEC,30,83,81,5,16,7,0,3,15,0,1,1,26,0.198,0.217,0.395,0.612,32,3,1,0,0,0,,player.fcgi?id=steven000juj,,,
Ty Wilmsmeyer,23,2023,Missouri,SEC,54,220,193,40,60,10,1,7,25,21,3,15,43,0.311,0.38,0.482,0.862,93,1,7,4,1,0,,player.fcgi?id=wilmsm000ty-,,,
Hank Zeisler*,24,2023,Missouri,SEC,54,237,175,48,51,10,3,15,55,6,2,42,43,0.291,0.441,0.64,1.081,112,4,11,1,8,1,,player.fcgi?id=zeisle000hen,,,
Trevor Austin,20,2022,Missouri,SEC,42,184,145,35,43,8,0,6,22,3,1,19,32,0.297,0.417,0.476,0.893,69,3,13,4,3,0,,player.fcgi?id=austin002tre,,,
Jackson Beaman,20,2022,Missouri,SEC,8,12,11,1,1,0,0,1,3,0,0,1,2,0.091,0.167,0.364,0.53,4,0,0,0,0,0,,player.fcgi?id=beaman000jac,,,
Garrison Bennett,21,2022,Missouri,SEC,3,2,1,2,1,0,0,0,1,0,0,1,0,1,1,1,2,1,0,0,0,0,0,,player.fcgi?id=bennet003gar,,,
Cam Careswell*,19,2022,Missouri,SEC,8,21,19,2,5,3,0,0,3,0,0,2,9,0.263,0.333,0.421,0.754,8,0,0,0,0,0,,player.fcgi?id=caresw000cam,,,
Mike Coletta?,--,2022,Missouri,SEC,34,107,95,10,25,3,0,0,13,1,0,12,26,0.263,0.346,0.295,0.641,28,0,0,0,0,0,,player.fcgi?id=colett000mik,,,
JC Colon,19,2022,Missouri,SEC,20,40,34,11,10,3,1,2,6,1,0,5,6,0.294,0.385,0.618,1.002,21,0,0,1,0,0,,player.fcgi?id=colon-001jus,,,
Joshua Day,22,2022,Missouri,SEC,50,232,197,50,67,10,1,7,29,9,2,20,47,0.34,0.435,0.508,0.943,100,1,14,0,1,0,,player.fcgi?id=day---002jos,,,
Nander De Sedas#,22,2022,Missouri,SEC,43,159,133,24,37,7,1,2,26,3,1,15,39,0.278,0.373,0.391,0.764,52,0,7,1,3,1,,player.fcgi?id=deseda000nan,,,
Isaiah Frost*,19,2022,Missouri,SEC,13,10,7,3,0,0,0,0,0,0,0,3,3,0,0.3,0,0.3,0,0,0,0,0,0,,player.fcgi?id=frost-000isa,,,
Fox Leum*,24,2022,Missouri,SEC,40,156,125,27,33,4,0,8,28,2,0,23,48,0.264,0.4,0.488,0.888,61,1,6,1,1,1,,player.fcgi?id=leum--000fox,,,
Ross Lovich*,20,2022,Missouri,SEC,48,182,154,30,40,6,0,5,30,12,1,14,33,0.26,0.357,0.396,0.753,61,3,11,0,3,0,,player.fcgi?id=lovich000ros,,,
Hector Mangual,18,2022,Missouri,SEC,10,19,15,3,4,1,0,0,3,0,0,4,3,0.267,0.421,0.333,0.754,5,0,0,0,0,0,,player.fcgi?id=mangua000hec,,,
Luke Mann*,22,2022,Missouri,SEC,50,233,185,48,50,7,1,17,43,6,0,28,56,0.27,0.401,0.595,0.996,110,2,15,1,4,1,,player.fcgi?id=mann--000luk,,,
Shea McGahan,19,2022,Missouri,SEC,6,6,4,1,2,0,0,1,4,0,0,2,2,0.5,0.667,1.25,1.917,5,0,0,0,0,0,,player.fcgi?id=mcgaha000she,,,
Torin Montgomery,21,2022,Missouri,SEC,49,223,181,44,66,12,0,7,49,4,0,21,37,0.365,0.462,0.547,1.009,99,5,16,0,5,1,,player.fcgi?id=montgo000tor,,,
Tre Morris,22,2022,Missouri,SEC,36,130,119,15,29,8,0,1,17,2,0,7,9,0.244,0.3,0.336,0.636,40,3,3,0,1,0,,player.fcgi?id=morris002tre,,,
Carlos Pena*,18,2022,Missouri,SEC,34,124,110,13,23,5,1,2,20,3,2,13,40,0.209,0.29,0.327,0.618,36,0,0,0,1,0,,player.fcgi?id=pena--016car,,,
Garrett Rice,20,2022,Missouri,SEC,15,27,19,2,4,1,0,0,3,0,0,6,4,0.211,0.444,0.263,0.708,5,1,2,0,0,0,,player.fcgi?id=rice--000gar,,,
Juju Stevens,19,2022,Missouri,SEC,6,13,12,2,6,0,0,0,4,1,0,1,2,0.5,0.539,0.5,1.039,6,0,0,0,0,0,,player.fcgi?id=steven000juj,,,
Dexter Swims,22,2022,Missouri,SEC,4,6,4,2,1,0,0,0,3,0,0,1,0,0.25,0.333,0.25,0.583,1,0,0,0,1,0,,player.fcgi?id=swims-000dex,,,
Ty Wilmsmeyer,22,2022,Missouri,SEC,51,200,183,31,50,6,0,3,21,8,1,12,42,0.273,0.332,0.355,0.687,65,3,4,1,0,0,,player.fcgi?id=wilmsm000ty-,,,
Trevor Austin,19,2021,Missouri,SEC,21,42,32,7,6,1,0,2,2,0,0,7,15,0.188,0.35,0.406,0.756,13,,1,2,0,0,,player.fcgi?id=austin002tre,,,
Brandt Belk*,23,2021,Missouri,SEC,42,176,161,27,44,15,1,2,22,6,1,8,26,0.273,0.32,0.416,0.736,67,,4,1,2,0,,player.fcgi?id=belk--000bra,,,
CJ Cepicky,19,2021,Missouri,SEC,14,36,25,6,2,0,1,0,3,2,2,11,8,0.08,0.361,0.16,0.521,4,,0,0,0,0,,player.fcgi?id=cepick000cj-,,,
Mike Coletta?,--,2021,Missouri,SEC,32,103,93,12,19,1,0,1,10,2,0,8,33,0.204,0.272,0.247,0.519,23,,1,0,1,0,,player.fcgi?id=colett000mik,,,
Joshua Day,21,2021,Missouri,SEC,44,184,152,18,38,4,0,2,21,7,4,25,37,0.25,0.374,0.316,0.689,48,,5,2,0,1,,player.fcgi?id=day---002jos,,,
Seth Halvorsen,21,2021,Missouri,SEC,16,5,5,1,1,0,0,0,0,0,0,0,4,0.2,0.2,0.2,0.4,1,,0,0,0,0,,player.fcgi?id=halvor000set,,,
Josh Holt*,21,2021,Missouri,SEC,17,45,41,7,10,4,0,0,5,2,0,0,13,0.244,0.273,0.342,0.614,14,,2,1,1,0,,player.fcgi?id=holt--000jos,,,
Andrew Keefer,23,2021,Missouri,SEC,44,177,153,26,47,9,1,2,19,6,1,19,38,0.307,0.384,0.418,0.803,64,,2,0,3,0,,player.fcgi?id=keefer000and,,,
Jackson Lancaster*,22,2021,Missouri,SEC,27,42,39,5,7,3,0,0,5,1,0,2,10,0.18,0.22,0.256,0.476,10,,0,1,0,0,,player.fcgi?id=lancas001jac,,,
Ross Lovich*,19,2021,Missouri,SEC,25,47,39,9,8,1,1,0,2,3,0,4,10,0.205,0.34,0.282,0.623,11,,4,0,0,0,,player.fcgi?id=lovich000ros,,,
Luke Mann*,21,2021,Missouri,SEC,44,157,134,25,30,4,1,8,29,2,0,17,60,0.224,0.321,0.448,0.768,60,,3,1,2,0,,player.fcgi?id=mann--000luk,,,
Chad McDaniel#,22,2021,Missouri,SEC,22,91,80,9,19,4,1,1,9,1,1,10,17,0.238,0.319,0.35,0.669,28,,0,0,1,2,,player.fcgi?id=mcdani000cha,,,
Dalton McNamara*,20,2021,Missouri,SEC,10,20,16,2,2,0,0,0,1,1,1,2,9,0.125,0.3,0.125,0.425,2,,2,0,0,0,,player.fcgi?id=mcnama000dal,,,
Torin Montgomery,20,2021,Missouri,SEC,47,185,158,30,44,9,0,5,30,4,0,23,44,0.279,0.373,0.43,0.803,68,,2,0,2,2,,player.fcgi?id=montgo000tor,,,
Tre Morris,21,2021,Missouri,SEC,37,132,120,12,31,4,0,2,17,2,2,7,16,0.258,0.308,0.342,0.649,41,,2,2,1,0,,player.fcgi?id=morris002tre,,,
Alex Peterson,22,2021,Missouri,SEC,20,56,51,10,13,1,0,2,6,3,1,4,6,0.255,0.321,0.392,0.714,20,,1,0,0,0,,player.fcgi?id=peters003ale,,,
Clayton Peterson,22,2021,Missouri,SEC,18,64,55,7,13,2,0,1,10,2,0,7,13,0.236,0.318,0.327,0.645,18,,0,1,1,0,,player.fcgi?id=peters002cla,,,
Garrett Rice,19,2021,Missouri,SEC,16,47,41,4,7,3,0,0,4,1,0,6,18,0.171,0.277,0.244,0.521,10,,0,0,0,0,,player.fcgi?id=rice--000gar,,,
Art Schoenstadt*,20,2021,Missouri,SEC,2,1,1,1,1,0,0,0,0,0,0,0,0,1,1,1,2,1,,0,0,0,0,,player.fcgi?id=schoen000art,,,
Cam Swanger,21,2021,Missouri,SEC,31,97,78,14,15,1,0,4,15,0,1,16,19,0.192,0.34,0.359,0.699,28,,2,0,1,0,,player.fcgi?id=swange000cam,,,
Mark Vierling,22,2021,Missouri,SEC,46,201,179,24,44,4,0,4,21,4,0,18,45,0.246,0.315,0.335,0.65,60,,1,1,2,2,,player.fcgi?id=vierli000mar,,,
Ty Wilmsmeyer,21,2021,Missouri,SEC,34,60,45,13,11,1,0,0,5,4,2,12,19,0.244,0.424,0.267,0.69,12,,2,1,0,0,,player.fcgi?id=wilmsm000ty-,,,
Brandt Belk*,22,2020,Missouri,SEC,13,58,46,7,21,3,0,2,9,4,2,9,13,0.457,0.544,0.652,1.196,30,,1,1,1,1,,player.fcgi?id=belk--000bra,,,
Thomas Broyles*,22,2020,Missouri,SEC,12,25,21,2,4,1,0,0,4,0,1,4,6,0.191,0.32,0.238,0.558,5,,0,0,0,0,,player.fcgi?id=broyle000tho,,,
Seth Halvorsen,20,2020,Missouri,SEC,14,37,29,6,5,2,0,1,3,5,1,4,12,0.172,0.324,0.345,0.669,10,,3,0,1,0,,player.fcgi?id=halvor000set,,,
Josh Holt*,20,2020,Missouri,SEC,13,40,35,6,7,0,0,0,3,6,0,2,10,0.2,0.282,0.2,0.482,7,,2,1,0,0,,player.fcgi?id=holt--000jos,,,
Blake Jackson?,--,2020,Missouri,SEC,4,13,13,3,3,0,0,0,0,0,0,0,5,0.231,0.231,0.231,0.462,3,,0,0,0,0,,player.fcgi?id=jackso001bla,,,
Austin James,22,2020,Missouri,SEC,16,65,54,9,9,1,0,3,8,0,0,7,19,0.167,0.297,0.352,0.649,19,,3,1,0,0,,player.fcgi?id=james-000aus,,,
Jackson Lancaster*,21,2020,Missouri,SEC,13,41,36,3,5,0,0,0,3,2,1,4,9,0.139,0.244,0.139,0.383,5,,1,0,0,0,,player.fcgi?id=lancas001jac,,,
Luke Mann*,20,2020,Missouri,SEC,15,50,40,4,8,2,0,1,7,1,0,6,21,0.2,0.34,0.325,0.665,13,,3,0,1,0,,player.fcgi?id=mann--000luk,,,
Chad McDaniel#,21,2020,Missouri,SEC,14,61,51,8,14,0,0,1,8,0,3,8,5,0.275,0.367,0.333,0.7,17,,0,1,1,0,,player.fcgi?id=mcdani000cha,,,
Dalton McNamara*,19,2020,Missouri,SEC,3,3,3,0,1,0,0,0,0,0,0,0,1,0.333,0.333,0.333,0.667,1,,0,0,0,0,,player.fcgi?id=mcnama000dal,,,
Tre Morris,20,2020,Missouri,SEC,5,18,17,1,6,1,0,0,3,0,0,1,2,0.353,0.389,0.412,0.801,7,,0,0,0,0,,player.fcgi?id=morris002tre,,,
Alex Peterson,21,2020,Missouri,SEC,8,20,16,2,3,1,0,1,3,1,0,2,3,0.188,0.316,0.438,0.753,7,,1,1,0,0,,player.fcgi?id=peters003ale,,,
Clayton Peterson,21,2020,Missouri,SEC,14,45,34,6,9,0,1,0,3,2,2,8,5,0.265,0.432,0.324,0.755,11,,2,1,0,0,,player.fcgi?id=peters002cla,,,
Eric Rinzel,20,2020,Missouri,SEC,2,2,1,0,0,0,0,0,0,0,0,1,1,0,0.5,0,0.5,0,,0,0,0,0,,player.fcgi?id=rinzel000eri,,,
Cam Swanger,20,2020,Missouri,SEC,11,33,27,7,8,3,0,0,1,2,0,5,9,0.296,0.424,0.407,0.832,11,,1,0,0,0,,player.fcgi?id=swange000cam,,,
Mark Vierling,21,2020,Missouri,SEC,16,75,64,17,19,5,0,0,8,1,0,8,13,0.297,0.37,0.375,0.745,24,,0,2,1,0,,player.fcgi?id=vierli000mar,,,
Ty Wilmsmeyer,20,2020,Missouri,SEC,1,1,1,0,0,0,0,0,0,0,0,0,0,0,0,0,0,0,,0,0,0,0,,player.fcgi?id=wilmsm000ty-,,,
Peter Zimmermann,22,2020,Missouri,SEC,16,67,57,9,19,5,0,4,17,4,2,9,7,0.333,0.433,0.632,1.064,36,,1,0,0,0,,player.fcgi?id=zimmer003pet,,,
Thomas Broyles*,21,2019,Missouri,SEC,28,84,65,14,16,3,0,1,7,6,1,18,18,0.246,0.41,0.339,0.748,22,,0,1,0,1,,player.fcgi?id=broyle000tho,,,
Connor Brumfield*,22,2019,Missouri,SEC,43,128,108,19,25,3,1,2,17,6,2,17,27,0.232,0.344,0.333,0.677,36,,2,0,1,0,,player.fcgi?id=brumfi000con,,,
Chris Cornelius,21,2019,Missouri,SEC,55,252,227,36,74,12,0,7,41,4,3,21,38,0.326,0.385,0.471,0.856,107,,2,0,2,1,,player.fcgi?id=cornel000chr,,,
Paul Gomez,22,2019,Missouri,SEC,50,177,149,26,37,10,1,4,24,7,3,18,42,0.248,0.347,0.409,0.756,61,,6,1,3,0,,player.fcgi?id=gomez-002pau,,,
Josh Holt*,19,2019,Missouri,SEC,36,108,87,18,23,4,1,1,14,3,5,9,28,0.264,0.387,0.368,0.755,32,,9,2,1,0,,player.fcgi?id=holt--000jos,,,
Austin James,21,2019,Missouri,SEC,32,103,87,15,17,6,1,3,21,5,1,12,31,0.195,0.314,0.391,0.705,34,,3,1,0,0,,player.fcgi?id=james-000aus,,,
Trevor Mallett,22,2019,Missouri,SEC,13,29,20,4,4,0,0,1,4,0,0,9,7,0.2,0.448,0.35,0.798,7,,0,0,0,0,,player.fcgi?id=mallet000tre,,,
Luke Mann*,19,2019,Missouri,SEC,16,61,44,16,11,3,0,2,8,0,0,16,17,0.25,0.459,0.455,0.914,20,,1,0,0,0,,player.fcgi?id=mann--000luk,,,
Chad McDaniel#,20,2019,Missouri,SEC,55,232,203,32,58,8,1,4,37,16,6,21,39,0.286,0.355,0.394,0.749,80,,3,1,4,2,,player.fcgi?id=mcdani000cha,,,
Kameron Misner*,21,2019,Missouri,SEC,57,266,206,54,59,10,0,10,32,20,1,54,58,0.286,0.44,0.481,0.92,99,,4,0,2,9,,player.fcgi?id=misner000kam,,,
Tre Morris,19,2019,Missouri,SEC,10,10,7,4,3,0,1,0,2,0,0,3,2,0.429,0.6,0.714,1.314,5,,0,0,0,0,,player.fcgi?id=morris002tre,,,
Tony Ortiz*,22,2019,Missouri,SEC,51,184,148,31,43,7,1,4,28,8,5,22,43,0.291,0.411,0.432,0.844,64,,9,4,1,0,,player.fcgi?id=ortiz-000ton,,,
Alex Peterson,20,2019,Missouri,SEC,36,94,80,17,16,3,0,1,7,5,0,8,19,0.2,0.29,0.275,0.565,22,,3,1,2,0,,player.fcgi?id=peters003ale,,,
Clayton Peterson,20,2019,Missouri,SEC,49,154,131,23,26,2,0,1,12,5,0,16,29,0.199,0.291,0.237,0.528,31,,2,3,2,0,,player.fcgi?id=peters002cla,,,
Cam Swanger,19,2019,Missouri,SEC,22,44,41,2,8,1,0,2,9,0,0,1,11,0.195,0.227,0.366,0.593,15,,1,0,1,0,,player.fcgi?id=swange000cam,,,
Mark Vierling,20,2019,Missouri,SEC,50,198,165,28,47,10,2,0,26,7,2,20,28,0.285,0.378,0.37,0.748,61,,6,5,2,1,,player.fcgi?id=vierli000mar,,,
Peter Zimmermann,21,2019,Missouri,SEC,44,185,157,25,45,10,0,7,34,9,0,20,36,0.287,0.388,0.484,0.872,76,,6,2,0,0,,player.fcgi?id=zimmer003pet,,,
Nile Ball,21,2018,Missouri,SEC,21,2,2,0,0,0,0,0,0,0,0,0,0,0,0,0,0,0,,0,0,0,0,,player.fcgi?id=ball--000nil,,,
Matt Berler,22,2018,Missouri,SEC,45,147,125,14,28,5,2,1,19,4,1,15,30,0.224,0.336,0.32,0.656,40,,6,1,0,0,,player.fcgi?id=berler000mat,,,
Brett Bond#,22,2018,Missouri,SEC,55,237,205,24,55,8,0,2,28,5,4,21,54,0.268,0.348,0.337,0.684,69,,6,1,4,0,,player.fcgi?id=bond--001bre,,,
Cade Bormet*,19,2018,Missouri,SEC,34,87,69,13,18,6,0,0,7,3,0,12,24,0.261,0.386,0.348,0.733,24,,2,4,0,0,,player.fcgi?id=bormet000cad,,,
Connor Brumfield*,21,2018,Missouri,SEC,51,196,154,28,34,4,0,1,15,9,3,25,43,0.221,0.335,0.266,0.601,41,,3,11,3,0,,player.fcgi?id=brumfi000con,,,
Chris Cornelius,20,2018,Missouri,SEC,48,183,156,25,39,5,0,1,23,3,2,19,31,0.25,0.339,0.301,0.64,47,,3,3,2,0,,player.fcgi?id=cornel000chr,,,
Isaiah Cullum,21,2018,Missouri,SEC,18,38,30,7,4,1,0,1,5,1,0,7,9,0.133,0.316,0.267,0.583,8,,1,0,0,0,,player.fcgi?id=cullum000isa,,,
Paul Gomez,21,2018,Missouri,SEC,30,82,56,9,10,0,0,0,5,2,0,17,17,0.179,0.397,0.179,0.576,10,,4,4,1,0,,player.fcgi?id=gomez-002pau,,,
Zach Hanna*,21,2018,Missouri,SEC,52,180,150,21,37,6,0,7,34,4,2,19,53,0.247,0.347,0.427,0.773,64,,5,4,2,1,,player.fcgi?id=hanna-000zac,,,
Trey Harris,22,2018,Missouri,SEC,56,255,215,54,68,8,1,11,49,12,3,22,34,0.316,0.413,0.516,0.93,111,,15,1,2,4,,player.fcgi?id=harris000tre,,,
Chad McDaniel#,19,2018,Missouri,SEC,39,134,112,16,31,5,0,0,6,0,1,21,27,0.277,0.396,0.321,0.717,36,,1,0,0,0,,player.fcgi?id=mcdani000cha,,,
Kameron Misner*,20,2018,Missouri,SEC,34,160,125,36,45,9,3,4,25,13,6,32,26,0.36,0.497,0.576,1.073,72,,2,1,0,5,,player.fcgi?id=misner000kam,,,
Tony Ortiz*,21,2018,Missouri,SEC,32,57,51,10,12,3,0,1,13,0,0,4,20,0.235,0.281,0.353,0.634,18,,0,0,2,0,,player.fcgi?id=ortiz-000ton,,,
Alex Samples,22,2018,Missouri,SEC,49,173,150,21,38,9,1,0,17,4,0,16,24,0.253,0.329,0.327,0.656,49,,1,6,0,1,,player.fcgi?id=sample000ale,,,
Brian Sharp*,21,2018,Missouri,SEC,56,234,196,42,63,9,1,8,39,5,1,33,54,0.321,0.418,0.5,0.918,98,,1,2,2,2,,player.fcgi?id=sharp-001bri,,,
Cody Siebenberger*,21,2018,Missouri,SEC,6,1,1,0,0,0,0,0,0,0,0,0,1,0,0,0,0,0,,0,0,0,0,,player.fcgi?id=sieben000cod,,,
Andy Toelken,22,2018,Missouri,SEC,21,2,2,0,1,0,0,0,0,0,0,0,0,0.5,0.5,0.5,1,1,,0,0,0,0,,player.fcgi?id=toelke000and,,,
Mark Vierling,19,2018,Missouri,SEC,38,129,110,17,25,6,0,1,16,2,0,16,11,0.227,0.333,0.309,0.642,34,,2,0,1,0,,player.fcgi?id=vierli000mar,,,
Johnny Balsamo*,21,2017,Missouri,SEC,32,43,34,10,8,1,0,0,2,4,1,6,10,0.235,0.395,0.265,0.66,9,,3,0,0,0,,player.fcgi?id=balsam000joh,,,
Matt Berler,21,2017,Missouri,SEC,38,120,99,18,24,8,0,2,15,4,0,11,31,0.242,0.353,0.384,0.737,38,,7,1,2,0,,player.fcgi?id=berler000mat,,,
Brett Bond#,21,2017,Missouri,SEC,58,248,215,41,66,13,0,10,45,4,2,25,57,0.307,0.385,0.507,0.892,109,,4,1,3,0,,player.fcgi?id=bond--001bre,,,
Connor Brumfield*,20,2017,Missouri,SEC,55,261,217,37,59,9,3,1,28,11,6,33,45,0.272,0.376,0.355,0.731,77,,5,3,3,1,,player.fcgi?id=brumfi000con,,,
Chris Cornelius,19,2017,Missouri,SEC,55,214,181,25,47,12,3,2,31,2,1,19,50,0.26,0.332,0.392,0.724,71,,3,6,5,1,,player.fcgi?id=cornel000chr,,,
Alex Del Rio*,22,2017,Missouri,SEC,6,6,6,1,1,0,0,0,0,0,0,0,2,0.167,0.167,0.167,0.333,1,,0,0,0,0,,player.fcgi?id=delrio000ale,,,
Robbie Glendinning,21,2017,Missouri,SEC,56,241,201,36,55,13,2,7,30,7,3,35,62,0.274,0.386,0.463,0.849,93,,3,0,2,0,,player.fcgi?id=glendi000rob,,,
Trey Harris,21,2017,Missouri,SEC,52,227,183,35,49,8,0,12,48,9,3,32,27,0.268,0.388,0.508,0.897,93,,6,3,3,0,,player.fcgi?id=harris000tre,,,
AJ Lewis,19,2017,Missouri,SEC,17,26,23,2,1,1,0,0,1,0,1,3,12,0.044,0.154,0.087,0.241,2,,0,0,0,0,,player.fcgi?id=lewis-000aj-,,,
Kirby McGuire,--,2017,Missouri,SEC,41,149,127,25,37,4,0,2,9,10,4,15,34,0.291,0.388,0.37,0.758,47,,5,2,0,0,,player.fcgi?id=mcguir000kir,,,
Kameron Misner*,19,2017,Missouri,SEC,58,245,213,39,60,12,1,7,34,17,6,23,55,0.282,0.36,0.446,0.806,95,,4,3,2,0,,player.fcgi?id=misner000kam,,,
Nelson Mompierre*,21,2017,Missouri,SEC,38,118,98,14,32,6,0,4,21,0,1,17,19,0.327,0.427,0.51,0.938,50,,1,1,1,0,,player.fcgi?id=mompie000nel,,,
Ian Nelson*,--,2017,Missouri,SEC,27,52,48,2,7,0,1,0,5,0,0,3,5,0.146,0.212,0.188,0.399,9,,1,0,0,0,,player.fcgi?id=nelson000ian,,,
Armaan Painter?,--,2017,Missouri,SEC,11,10,8,2,0,0,0,0,0,0,0,2,2,0,0.2,0,0.2,0,,0,0,0,0,,player.fcgi?id=painte000arm,,,
Alex Samples,21,2017,Missouri,SEC,56,202,173,30,35,10,0,1,23,3,1,22,46,0.202,0.294,0.278,0.571,48,,2,1,4,0,,player.fcgi?id=sample000ale,,,
Brian Sharp*,20,2017,Missouri,SEC,54,205,167,30,41,11,1,4,19,4,4,31,57,0.246,0.358,0.395,0.753,66,,1,1,5,0,,player.fcgi?id=sharp-001bri,,,
Chris Akmon,22,2016,Missouri,SEC,6,9,7,1,0,0,0,0,0,0,0,2,4,0,0.222,0,0.222,0,,0,0,0,0,,player.fcgi?id=akmon-000chr,,,
Johnny Balsamo*,20,2016,Missouri,SEC,20,33,29,5,6,1,0,0,1,1,0,3,5,0.207,0.281,0.241,0.523,7,,0,1,0,0,,player.fcgi?id=balsam000joh,,,
Shane Benes,20,2016,Missouri,SEC,49,198,177,24,35,8,1,6,30,3,0,13,66,0.198,0.273,0.356,0.629,63,,6,0,2,2,,player.fcgi?id=benes-000sha,,,
Brett Bond#,20,2016,Missouri,SEC,54,217,187,30,41,5,1,7,28,4,0,24,47,0.219,0.323,0.369,0.692,69,,5,0,1,1,,player.fcgi?id=bond--001bre,,,
Connor Brumfield*,19,2016,Missouri,SEC,48,200,163,21,36,5,0,0,18,5,3,31,35,0.221,0.359,0.252,0.61,41,,4,2,0,0,,player.fcgi?id=brumfi000con,,,
Alex Del Rio*,21,2016,Missouri,SEC,6,7,7,0,0,0,0,0,0,0,0,0,4,0,0,0,0,0,,0,0,0,0,,player.fcgi?id=delrio000ale,,,
Marquise Doherty,19,2016,Missouri,SEC,12,31,28,3,6,1,0,0,4,1,0,3,12,0.214,0.29,0.25,0.54,7,,0,0,0,0,,player.fcgi?id=dohert000mar,,,
Trey Harris,20,2016,Missouri,SEC,53,215,183,26,39,9,1,1,36,10,5,17,32,0.213,0.299,0.29,0.589,53,,8,1,6,0,,player.fcgi?id=harris000tre,,,
Ryan Howard,21,2016,Missouri,SEC,56,253,217,40,64,13,1,5,27,10,5,29,33,0.295,0.381,0.433,0.814,94,,3,1,3,1,,player.fcgi?id=howard003rya,,,
Jack Klages*,21,2016,Missouri,SEC,8,26,21,2,4,0,0,0,2,0,0,4,5,0.191,0.346,0.191,0.537,4,,1,0,0,0,,player.fcgi?id=klages000jac,,,
Zach Lavy*,22,2016,Missouri,SEC,56,242,214,44,71,18,8,8,54,4,5,12,60,0.332,0.39,0.603,0.993,129,,11,1,4,1,,player.fcgi?id=lavy--000zac,,,
Kirby McGuire,--,2016,Missouri,SEC,35,125,115,21,27,8,0,2,12,0,2,9,32,0.235,0.288,0.357,0.645,41,,0,0,1,0,,player.fcgi?id=mcguir000kir,,,
Ian Nelson*,--,2016,Missouri,SEC,52,197,161,15,33,5,0,0,13,0,1,28,19,0.205,0.328,0.236,0.564,38,,2,5,1,0,,player.fcgi?id=nelson000ian,,,
Jake Ring*,21,2016,Missouri,SEC,56,252,205,37,65,12,3,2,25,25,5,36,51,0.317,0.428,0.434,0.862,89,,6,2,3,0,,player.fcgi?id=ring--000jak,,,
Brian Sharp*,19,2016,Missouri,SEC,48,151,127,21,32,2,0,0,15,1,2,24,50,0.252,0.371,0.268,0.639,34,,0,0,0,0,,player.fcgi?id=sharp-001bri,,,
Chris Akmon,21,2015,Missouri,SEC,14,34,29,7,8,2,0,1,4,0,0,5,6,0.276,0.382,0.448,0.831,13,,0,0,0,0,,player.fcgi?id=akmon-000chr,,,
Shane Benes,19,2015,Missouri,SEC,19,74,71,8,16,4,1,2,8,0,0,2,24,0.225,0.257,0.394,0.651,28,,1,0,0,0,,player.fcgi?id=benes-000sha,,,
Brett Bond#,19,2015,Missouri,SEC,50,179,163,24,48,2,0,5,25,4,0,12,36,0.295,0.352,0.399,0.751,65,,3,0,1,0,,player.fcgi?id=bond--001bre,,,
Logan Bone,23,2015,Missouri,SEC,10,15,14,0,3,1,0,0,3,0,0,0,6,0.214,0.214,0.286,0.5,4,,0,1,0,0,,player.fcgi?id=bone--000log,,,
Alex Del Rio*,20,2015,Missouri,SEC,6,9,7,1,1,0,0,0,1,0,0,2,1,0.143,0.333,0.143,0.476,1,,0,0,0,0,,player.fcgi?id=delrio000ale,,,
Trey Harris,19,2015,Missouri,SEC,53,207,186,27,49,7,1,4,22,6,0,10,37,0.263,0.307,0.376,0.683,70,,3,5,3,0,,player.fcgi?id=harris000tre,,,
Ryan Howard,20,2015,Missouri,SEC,58,251,224,29,69,13,0,5,39,6,5,18,24,0.308,0.37,0.433,0.803,97,,5,2,2,1,,player.fcgi?id=howard003rya,,,
Jake Ivory,22,2015,Missouri,SEC,35,115,104,12,23,4,0,4,10,2,0,5,30,0.221,0.268,0.375,0.643,39,,2,3,1,0,,player.fcgi?id=ivory-000jak,,,
Jack Klages*,20,2015,Missouri,SEC,26,75,65,10,15,6,0,1,5,1,0,9,18,0.231,0.333,0.369,0.703,24,,1,0,0,0,,player.fcgi?id=klages000jac,,,
Zach Lavy*,21,2015,Missouri,SEC,58,226,210,27,50,9,3,4,30,11,1,12,50,0.238,0.281,0.367,0.648,77,,1,2,1,0,,player.fcgi?id=lavy--000zac,,,
Josh Lester*,20,2015,Missouri,SEC,58,249,211,33,59,8,2,7,42,2,4,30,30,0.28,0.363,0.436,0.799,92,,1,1,6,4,,player.fcgi?id=lester000jos,,,
Case Munson?,--,2015,Missouri,SEC,42,117,98,10,15,3,1,3,11,3,2,6,35,0.153,0.239,0.296,0.535,29,,6,4,3,0,,player.fcgi?id=munson000cas,,,
Logan Pearson*,22,2015,Missouri,SEC,27,86,73,7,14,3,1,0,4,4,1,10,25,0.192,0.286,0.26,0.546,19,,0,2,1,1,,player.fcgi?id=pearso000log,,,
Brett Peel,22,2015,Missouri,SEC,57,258,214,40,55,9,2,1,15,22,8,31,47,0.257,0.362,0.332,0.694,71,,6,4,3,0,,player.fcgi?id=peel--000bre,,,
Jake Ring*,20,2015,Missouri,SEC,58,258,220,39,62,15,3,4,30,8,4,31,48,0.282,0.377,0.432,0.808,95,,3,3,1,0,,player.fcgi?id=ring--000jak,,,
Eric Anderson,23,2014,Missouri,SEC,49,215,184,30,48,10,3,3,19,5,2,24,40,0.261,0.346,0.397,0.743,73,,2,1,4,2,,player.fcgi?id=anders004eri,,,
Logan Bone,22,2014,Missouri,SEC,2,2,2,0,1,1,0,0,0,0,0,0,0,0.5,0.5,1,1.5,2,,0,0,0,0,,player.fcgi?id=bone--000log,,,
Dillon Everett,22,2014,Missouri,SEC,45,167,146,16,31,3,0,1,21,3,1,14,25,0.212,0.293,0.253,0.547,37,,4,0,3,0,,player.fcgi?id=everet000dil,,,
Jordan Getzelman,19,2014,Missouri,SEC,11,1,1,3,1,0,0,0,0,3,1,0,0,1,1,1,2,1,,0,0,0,0,,player.fcgi?id=getzel000jor,,,
Ryan Howard,19,2014,Missouri,SEC,48,193,165,14,40,8,0,1,20,1,0,20,20,0.242,0.34,0.309,0.649,51,,5,2,1,1,,player.fcgi?id=howard003rya,,,
Jake Ivory,21,2014,Missouri,SEC,29,86,72,10,16,3,0,0,5,2,0,9,22,0.222,0.317,0.264,0.581,19,,1,4,0,0,,player.fcgi?id=ivory-000jak,,,
Kendall Keeton?,--,2014,Missouri,SEC,51,221,201,19,51,5,1,0,18,7,3,14,40,0.254,0.305,0.289,0.593,58,,2,1,3,0,,player.fcgi?id=keeton000ken,,,
Dylan Kelly*,23,2014,Missouri,SEC,50,201,174,20,57,12,0,3,26,2,0,16,20,0.328,0.402,0.448,0.85,78,,7,2,2,1,,player.fcgi?id=kelly-000dyl,,,
Jack Klages*,19,2014,Missouri,SEC,16,36,30,1,6,0,0,0,1,0,0,6,5,0.2,0.333,0.2,0.533,6,,0,0,0,0,,player.fcgi?id=klages000jac,,,
Zach Lavy*,20,2014,Missouri,SEC,21,66,56,5,11,0,1,0,8,0,2,10,13,0.196,0.318,0.232,0.55,13,,0,0,0,1,,player.fcgi?id=lavy--000zac,,,
Josh Lester*,19,2014,Missouri,SEC,50,218,190,16,45,5,0,1,13,4,7,17,25,0.237,0.295,0.279,0.574,53,,0,8,3,0,,player.fcgi?id=lester000jos,,,
Case Munson?,--,2014,Missouri,SEC,22,26,24,1,1,0,0,0,1,1,0,0,7,0.042,0.08,0.042,0.122,1,,1,1,0,0,,player.fcgi?id=munson000cas,,,
Logan Pearson*,21,2014,Missouri,SEC,31,131,110,15,30,6,1,0,5,3,0,17,27,0.273,0.389,0.346,0.735,38,,4,0,0,0,,player.fcgi?id=pearso000log,,,
Brett Peel,21,2014,Missouri,SEC,18,37,28,1,6,0,0,0,1,2,1,4,12,0.214,0.353,0.214,0.567,6,,2,3,0,0,,player.fcgi?id=peel--000bre,,,
Jake Ring*,19,2014,Missouri,SEC,50,169,148,15,30,3,0,0,10,3,2,14,42,0.203,0.274,0.223,0.497,33,,1,5,1,0,,player.fcgi?id=ring--000jak,,,
Shane Segovia?,--,2014,Missouri,SEC,44,171,152,17,36,12,0,1,15,2,2,10,46,0.237,0.318,0.336,0.653,51,,8,1,0,0,,player.fcgi?id=segovi000sha,,,
Keaton Steele,22,2014,Missouri,SEC,30,35,33,4,8,4,0,0,2,0,0,1,11,0.242,0.286,0.364,0.649,12,,1,0,0,0,,player.fcgi?id=steele000kea,,,
Sean Ullrich,20,2014,Missouri,SEC,14,38,27,4,3,1,1,0,1,0,1,8,11,0.111,0.351,0.222,0.574,6,,2,1,0,0,,player.fcgi?id=ullric000sea,,,
Sal Belfonte?,--,2013,Missouri,SEC,9,27,25,2,4,1,0,0,0,1,1,0,7,0.16,0.222,0.2,0.422,5,,2,0,0,0,,player.fcgi?id=belfon000sal,,,
Justin Byrd?,22,2013,Missouri,SEC,1,1,1,0,0,0,0,0,0,0,0,0,1,0,0,0,0,0,,0,0,0,0,,player.fcgi?id=byrd--000jus,,,
Brannon Champagne?,--,2013,Missouri,SEC,28,54,49,7,6,2,0,0,1,2,1,4,19,0.122,0.204,0.163,0.367,8,,1,0,0,0,,player.fcgi?id=champa002bra,,,
Dillon Everett,21,2013,Missouri,SEC,41,171,153,18,38,4,2,1,10,1,1,9,29,0.248,0.311,0.32,0.632,49,,5,4,0,0,,player.fcgi?id=everet000dil,,,
Jake Ivory,20,2013,Missouri,SEC,30,85,70,10,17,5,0,0,9,0,0,9,17,0.243,0.369,0.314,0.683,22,,5,1,0,0,,player.fcgi?id=ivory-000jak,,,
Kendall Keeton?,--,2013,Missouri,SEC,47,180,165,16,38,7,0,0,13,4,1,12,18,0.23,0.287,0.273,0.559,45,,1,2,0,0,,player.fcgi?id=keeton000ken,,,
Dylan Kelly*,22,2013,Missouri,SEC,50,205,178,20,51,8,0,1,27,0,1,14,24,0.287,0.353,0.348,0.702,62,,6,4,3,0,,player.fcgi?id=kelly-000dyl,,,
Josh Lester*,18,2013,Missouri,SEC,49,177,154,14,40,9,0,2,25,1,0,12,23,0.26,0.314,0.357,0.671,55,,2,5,4,0,,player.fcgi?id=lester000jos,,,
Nick Moore,20,2013,Missouri,SEC,11,10,8,2,1,0,0,0,0,0,0,1,4,0.125,0.3,0.125,0.425,1,,1,0,0,0,,player.fcgi?id=moore-001nic,,,
Case Munson?,--,2013,Missouri,SEC,41,158,129,21,31,5,0,1,6,1,2,15,39,0.24,0.365,0.302,0.668,39,,11,2,1,1,,player.fcgi?id=munson000cas,,,
Dane Opel*,22,2013,Missouri,SEC,50,223,185,29,54,4,4,3,28,2,3,20,38,0.292,0.396,0.405,0.801,75,,13,3,2,1,,player.fcgi?id=opel--001dan,,,
Logan Pearson*,20,2013,Missouri,SEC,42,163,134,19,34,1,2,1,16,5,1,22,35,0.254,0.369,0.313,0.682,42,,3,3,1,0,,player.fcgi?id=pearso000log,,,
Patrick Quintanilla?,--,2013,Missouri,SEC,5,5,3,1,1,0,0,0,0,0,0,1,0,0.333,0.6,0.333,0.933,1,,1,0,0,0,,player.fcgi?id=quinta002pat,,,
Shane Segovia?,--,2013,Missouri,SEC,39,146,121,9,27,9,1,0,14,1,1,16,38,0.223,0.347,0.314,0.661,38,,7,2,0,0,,player.fcgi?id=segovi000sha,,,
Scott Sommerfeld,22,2013,Missouri,SEC,32,99,84,9,18,1,0,1,10,2,2,9,18,0.214,0.327,0.262,0.588,22,,5,1,0,1,,player.fcgi?id=sommer002sco,,,
Gavin Stark?,--,2013,Missouri,SEC,13,23,22,0,2,1,0,0,0,0,0,1,9,0.091,0.13,0.136,0.267,3,,0,0,0,0,,player.fcgi?id=stark-000gav,,,
Keaton Steele,21,2013,Missouri,SEC,44,156,127,22,35,4,0,5,24,0,1,15,33,0.276,0.397,0.425,0.823,54,,12,0,2,2,,player.fcgi?id=steele000kea,,,
Curt Casali,22,2011,Vanderbilt,SEC,64,277,238,40,72,20,0,7,53,1,0,22,21,0.303,0.387,0.475,0.862,113,,12,3,2,,,player.fcgi?id=casali000cur,,,
Jason Esposito,20,2011,Vanderbilt,SEC,66,303,268,55,91,22,1,9,59,15,10,17,45,0.34,0.403,0.53,0.933,142,,13,3,2,,,player.fcgi?id=esposi001jas,,,
Drew Fann?,--,2011,Vanderbilt,SEC,21,27,19,0,3,0,0,0,3,0,0,3,5,0.158,0.385,0.158,0.543,3,,4,1,0,,,player.fcgi?id=fann--000dre,,,
Anthony Gomez,20,2011,Vanderbilt,SEC,66,310,286,61,96,12,2,0,48,7,2,9,14,0.336,0.352,0.392,0.744,112,,1,9,5,,,player.fcgi?id=gomez-004ant,,,
Sonny Gray,21,2011,Vanderbilt,SEC,20,0,0,1,0,0,0,0,0,0,0,0,0,,,,,0,,0,0,0,,,player.fcgi?id=gray--001son,,,
Conrad Gregor*,19,2011,Vanderbilt,SEC,58,209,170,33,60,11,0,3,32,2,1,32,30,0.353,0.456,0.471,0.927,80,,2,3,2,,,player.fcgi?id=gregor001con,,,
Connor Harrell,20,2011,Vanderbilt,SEC,64,228,197,35,57,12,1,9,36,7,0,14,45,0.289,0.355,0.498,0.852,98,,7,8,2,,,player.fcgi?id=harrel000con,,,
Andrew Harris?,--,2011,Vanderbilt,SEC,12,3,2,2,1,0,0,0,2,0,0,1,1,0.5,0.667,0.5,1.167,1,,0,0,0,,,player.fcgi?id=harris005and,,,
Bryan Johns,22,2011,Vanderbilt,SEC,43,74,57,7,12,4,1,1,5,1,2,9,13,0.211,0.366,0.368,0.735,21,,5,3,0,,,player.fcgi?id=johns-000bry,,,
Will Johnson?,--,2011,Vanderbilt,SEC,4,4,4,0,1,0,0,0,1,0,0,0,2,0.25,0.25,0.25,0.5,1,,0,0,0,,,player.fcgi?id=johnso045wil,,,
Tony Kemp*,19,2011,Vanderbilt,SEC,65,310,252,58,83,8,7,0,34,17,5,37,32,0.329,0.434,0.417,0.851,105,,12,6,3,,,player.fcgi?id=kemp--000ton,,,
Josh Lee?,--,2011,Vanderbilt,SEC,3,2,2,0,1,0,0,0,1,0,0,0,1,0.5,0.5,0.5,1,1,,0,0,0,,,player.fcgi?id=lee---003jos,,,
Sam Lind*,21,2011,Vanderbilt,SEC,34,55,47,7,12,4,0,1,14,0,0,3,10,0.255,0.327,0.404,0.732,19,,3,0,2,,,player.fcgi?id=lind--000sam,,,
Joe Loftus,21,2011,Vanderbilt,SEC,32,55,45,5,10,2,0,0,7,0,0,6,12,0.222,0.364,0.267,0.63,12,,4,0,0,,,player.fcgi?id=loftus001jos,,,
Jack Lupo?,--,2011,Vanderbilt,SEC,26,29,26,7,5,2,0,0,2,1,1,0,7,0.192,0.192,0.269,0.462,7,,0,3,0,,,player.fcgi?id=lupo--000jac,,,
Joel McKeithan#,19,2011,Vanderbilt,SEC,6,3,3,1,1,0,0,0,0,0,0,0,1,0.333,0.333,0.333,0.667,1,,0,0,0,,,player.fcgi?id=mckeit001joe,,,
Spencer Navin,18,2011,Vanderbilt,SEC,8,10,7,2,0,0,0,0,0,0,2,3,1,0,0.3,0,0.3,0,,0,0,0,,,player.fcgi?id=navin-000spe,,,
Riley Reynolds*,21,2011,Vanderbilt,SEC,59,194,166,26,55,7,0,0,18,4,0,12,24,0.331,0.383,0.374,0.757,62,,2,14,0,,,player.fcgi?id=reynol000ril,,,
Aaron Westlake*,22,2011,Vanderbilt,SEC,66,307,250,59,86,18,1,18,56,2,5,47,54,0.344,0.463,0.64,1.103,160,,9,0,1,,,player.fcgi?id=westla001aar,,,
Mike Yastrzemski*,20,2011,Vanderbilt,SEC,66,298,230,60,68,8,1,3,42,23,4,43,43,0.296,0.422,0.378,0.8,87,,11,9,5,,,player.fcgi?id=yastrz001mic,,,
Connor Castellano*,20,2012,Vanderbilt,SEC,40,89,76,12,20,5,0,2,9,0,0,12,28,0.263,0.371,0.408,0.779,31,,1,0,0,1,,player.fcgi?id=castel000con,,,
Vicente Conde,18,2012,Vanderbilt,SEC,60,217,185,29,36,11,1,2,26,4,3,22,46,0.195,0.28,0.297,0.578,55,,2,3,5,0,,player.fcgi?id=conde-000vin,,,
Will Cooper,20,2012,Vanderbilt,SEC,17,21,20,2,4,1,0,0,2,1,0,1,3,0.2,0.238,0.25,0.488,5,,0,0,0,0,,player.fcgi?id=cooper011wil,,,
Drew Fann?,--,2012,Vanderbilt,SEC,25,44,22,5,2,1,0,0,3,0,0,9,11,0.091,0.488,0.136,0.624,3,,9,3,1,0,,player.fcgi?id=fann--000dre,,,
Anthony Gomez,21,2012,Vanderbilt,SEC,63,288,255,37,90,12,2,1,57,11,6,18,15,0.353,0.404,0.428,0.831,109,,5,8,2,4,,player.fcgi?id=gomez-004ant,,,
Conrad Gregor*,20,2012,Vanderbilt,SEC,63,279,229,37,75,20,1,3,35,10,0,41,41,0.328,0.439,0.463,0.902,106,,6,1,2,4,,player.fcgi?id=gregor001con,,,
Connor Harrell,21,2012,Vanderbilt,SEC,57,222,187,28,45,11,2,7,26,4,2,21,57,0.241,0.353,0.433,0.786,81,,12,1,1,0,,player.fcgi?id=harrel000con,,,
Andrew Harris?,--,2012,Vanderbilt,SEC,28,41,31,8,9,2,0,0,4,1,0,1,8,0.29,0.378,0.355,0.733,11,,4,4,1,0,,player.fcgi?id=harris005and,,,
Chris Harvey,19,2012,Vanderbilt,SEC,30,81,74,8,16,7,0,0,10,1,0,5,25,0.216,0.272,0.311,0.582,23,,1,0,1,0,,player.fcgi?id=harvey001chr,,,
Will Johnson?,--,2012,Vanderbilt,SEC,2,3,3,0,1,0,0,0,0,0,0,0,1,0.333,0.333,0.333,0.667,1,,0,0,0,0,,player.fcgi?id=johnso045wil,,,
Tony Kemp*,20,2012,Vanderbilt,SEC,63,297,241,55,63,11,8,1,31,21,4,39,42,0.261,0.393,0.386,0.778,93,,13,4,0,0,,player.fcgi?id=kemp--000ton,,,
D.J. Luna?,--,2012,Vanderbilt,SEC,5,2,1,0,0,0,0,0,1,0,0,0,0,0,0,0,0,0,,0,0,1,0,,player.fcgi?id=luna--000dj-,,,
Jack Lupo?,--,2012,Vanderbilt,SEC,49,136,121,13,25,5,0,0,15,8,1,4,26,0.207,0.238,0.248,0.486,30,,1,10,0,0,,player.fcgi?id=lupo--000jac,,,
Joel McKeithan#,20,2012,Vanderbilt,SEC,24,50,41,9,7,1,0,0,4,1,1,6,13,0.171,0.306,0.195,0.501,8,,2,1,0,0,,player.fcgi?id=mckeit001joe,,,
Spencer Navin,19,2012,Vanderbilt,SEC,59,240,188,31,56,9,1,3,27,9,6,30,44,0.298,0.427,0.404,0.832,76,,14,6,2,3,,player.fcgi?id=navin-000spe,,,
John Norwood,19,2012,Vanderbilt,SEC,24,53,44,9,7,1,0,1,7,3,0,5,16,0.159,0.269,0.25,0.519,11,,2,1,1,0,,player.fcgi?id=norwoo002joh,,,
Riley Reynolds*,22,2012,Vanderbilt,SEC,48,144,124,20,32,7,2,1,17,4,0,9,17,0.258,0.311,0.371,0.682,46,,1,9,1,0,,player.fcgi?id=reynol000ril,,,
Mike Yastrzemski*,21,2012,Vanderbilt,SEC,63,283,234,46,67,11,2,6,41,14,5,26,33,0.286,0.383,0.427,0.81,100,,13,6,4,0,,player.fcgi?id=yastrz001mic,,,
Tyler Campbell,20,2013,Vanderbilt,SEC,12,18,16,3,5,1,0,0,0,0,0,2,2,0.313,0.389,0.375,0.764,6,,0,0,0,0,,player.fcgi?id=campbe000tyl,,,
Vicente Conde,19,2013,Vanderbilt,SEC,66,277,238,43,73,18,0,6,44,3,1,29,41,0.307,0.38,0.458,0.838,109,,1,6,3,1,,player.fcgi?id=conde-000vin,,,
Will Cooper,21,2013,Vanderbilt,SEC,4,1,1,0,1,0,0,0,0,0,0,0,0,1,1,1,2,1,,0,0,0,0,,player.fcgi?id=cooper011wil,,,
Conrad Gregor*,21,2013,Vanderbilt,SEC,65,299,227,47,70,14,0,3,48,21,3,54,29,0.308,0.44,0.41,0.849,93,,7,1,10,7,,player.fcgi?id=gregor001con,,,
Connor Harrell,22,2013,Vanderbilt,SEC,66,301,247,60,77,12,3,12,67,9,2,32,62,0.312,0.418,0.53,0.949,131,,16,2,4,1,,player.fcgi?id=harrel000con,,,
Andrew Harris?,--,2013,Vanderbilt,SEC,21,11,8,0,1,1,0,0,3,0,0,1,2,0.125,0.222,0.25,0.472,2,,0,2,0,1,,player.fcgi?id=harris005and,,,
Chris Harvey,20,2013,Vanderbilt,SEC,29,58,52,12,13,4,3,0,9,0,0,5,11,0.25,0.328,0.442,0.77,23,,1,0,0,0,,player.fcgi?id=harvey001chr,,,
Tony Kemp*,21,2013,Vanderbilt,SEC,66,317,266,64,104,13,6,0,33,34,14,35,32,0.391,0.471,0.485,0.956,129,,9,3,4,3,,player.fcgi?id=kemp--000ton,,,
D.J. Luna?,--,2013,Vanderbilt,SEC,8,3,2,1,0,0,0,0,0,0,0,1,1,0,0.333,0,0.333,0,,0,0,0,0,,player.fcgi?id=luna--000dj-,,,
Jack Lupo?,--,2013,Vanderbilt,SEC,57,216,175,25,52,10,0,0,24,15,2,15,24,0.297,0.352,0.354,0.706,62,,2,20,4,0,,player.fcgi?id=lupo--000jac,,,
Joel McKeithan#,21,2013,Vanderbilt,SEC,25,49,41,6,9,0,0,0,6,0,0,3,8,0.22,0.267,0.22,0.486,9,,0,4,1,0,,player.fcgi?id=mckeit001joe,,,
Spencer Navin,20,2013,Vanderbilt,SEC,57,235,182,38,55,5,0,4,34,7,1,22,43,0.302,0.43,0.396,0.825,72,,21,7,3,0,,player.fcgi?id=navin-000spe,,,
John Norwood,20,2013,Vanderbilt,SEC,33,67,58,14,19,4,0,1,10,0,0,6,15,0.328,0.388,0.448,0.836,26,,1,0,2,1,,player.fcgi?id=norwoo002joh,,,
Kyle Smith,19,2013,Vanderbilt,SEC,23,56,40,16,10,2,1,4,16,1,0,12,17,0.25,0.455,0.65,1.105,26,,3,1,0,0,,player.fcgi?id=smith-006kyl,,,
Dansby Swanson,19,2013,Vanderbilt,SEC,11,24,16,4,3,1,0,0,1,1,1,4,5,0.188,0.435,0.25,0.685,4,,3,1,0,0,,player.fcgi?id=swanso001dan,,,
Xavier Turner,19,2013,Vanderbilt,SEC,59,252,219,40,71,10,0,0,36,22,5,19,22,0.324,0.387,0.37,0.757,81,,6,4,4,0,,player.fcgi?id=turner000xav,,,
Zander Wiel,20,2013,Vanderbilt,SEC,33,101,82,13,25,5,0,5,27,0,0,10,11,0.305,0.406,0.549,0.955,45,,6,0,3,0,,player.fcgi?id=wiel--000zan,,,
Rhett Wiseman*,19,2013,Vanderbilt,SEC,54,139,121,21,35,7,1,3,17,6,0,13,25,0.289,0.36,0.438,0.798,53,,1,3,1,0,,player.fcgi?id=wisema000rhe,,,
Mike Yastrzemski*,22,2013,Vanderbilt,SEC,66,302,247,52,77,19,3,3,43,20,7,32,44,0.312,0.411,0.449,0.861,111,,14,3,6,2,,player.fcgi?id=yastrz001mic,,,
Tyler Campbell,21,2014,Vanderbilt,SEC,19,37,33,6,7,3,0,0,6,0,0,3,6,0.212,0.297,0.303,0.6,10,,1,0,0,0,,player.fcgi?id=campbe000tyl,,,
Ro Coleman#,19,2014,Vanderbilt,SEC,50,147,115,16,25,2,0,1,13,4,5,17,17,0.217,0.343,0.261,0.604,30,,6,7,2,0,,player.fcgi?id=colema000ro-,,,
Vicente Conde,20,2014,Vanderbilt,SEC,72,303,243,45,69,9,1,4,50,15,2,41,42,0.284,0.397,0.379,0.775,92,,7,8,4,2,,player.fcgi?id=conde-000vin,,,
Will Cooper,22,2014,Vanderbilt,SEC,18,24,22,4,4,1,0,0,1,1,0,1,5,0.182,0.25,0.227,0.477,5,,1,0,0,0,,player.fcgi?id=cooper011wil,,,
Jason Delay,19,2014,Vanderbilt,SEC,47,143,114,26,28,9,0,0,13,1,0,17,32,0.246,0.374,0.325,0.699,37,,7,4,1,0,,player.fcgi?id=delay-000jas,,,
Karl Ellison,19,2014,Vanderbilt,SEC,35,95,73,8,14,0,1,0,9,0,2,13,18,0.192,0.352,0.219,0.571,16,,5,4,0,0,,player.fcgi?id=elliso000kar,,,
Chris Harvey,21,2014,Vanderbilt,SEC,28,78,68,8,20,3,0,0,8,0,0,4,20,0.294,0.347,0.338,0.685,23,,2,3,1,0,,player.fcgi?id=harvey001chr,,,
John Norwood,21,2014,Vanderbilt,SEC,68,255,218,32,65,12,1,3,32,17,7,24,51,0.298,0.366,0.404,0.77,88,,1,9,3,0,,player.fcgi?id=norwoo002joh,,,
Bryan Reynolds#,19,2014,Vanderbilt,SEC,72,319,281,53,95,24,2,4,54,14,6,23,49,0.338,0.395,0.48,0.875,135,,6,5,4,0,,player.fcgi?id=reynol000bry,,,
Nolan Rodgers?,--,2014,Vanderbilt,SEC,57,179,149,20,30,6,0,0,14,3,2,14,35,0.201,0.314,0.242,0.556,36,,11,4,1,0,,player.fcgi?id=rodger000nol,,,
Kyle Smith,20,2014,Vanderbilt,SEC,25,44,39,7,6,2,0,0,5,0,0,3,15,0.154,0.205,0.205,0.41,8,,0,0,2,0,,player.fcgi?id=smith-006kyl,,,
Dansby Swanson,20,2014,Vanderbilt,SEC,72,336,282,63,94,27,2,3,34,22,4,37,49,0.333,0.411,0.475,0.886,134,,3,10,4,0,,player.fcgi?id=swanso001dan,,,
Xavier Turner,20,2014,Vanderbilt,SEC,64,286,250,35,71,15,0,2,38,18,7,16,32,0.284,0.355,0.368,0.723,92,,13,4,3,1,,player.fcgi?id=turner000xav,,,
Zander Wiel,21,2014,Vanderbilt,SEC,68,288,235,43,61,14,3,5,44,13,4,34,49,0.26,0.378,0.409,0.786,96,,13,2,4,0,,player.fcgi?id=wiel--000zan,,,
Rhett Wiseman*,20,2014,Vanderbilt,SEC,68,274,238,37,66,18,4,0,30,12,6,22,43,0.277,0.343,0.387,0.73,92,,4,6,4,1,,player.fcgi?id=wisema000rhe,,,
Tyler Campbell,22,2015,Vanderbilt,SEC,63,247,210,23,48,4,1,2,26,6,5,14,46,0.229,0.297,0.286,0.582,60,,8,11,4,0,,player.fcgi?id=campbe000tyl,,,
Tristan Chari#,19,2015,Vanderbilt,SEC,6,5,4,1,2,0,0,0,2,0,0,1,2,0.5,0.6,0.5,1.1,2,,0,0,0,0,,player.fcgi?id=chari-000tri,,,
Ro Coleman#,20,2015,Vanderbilt,SEC,66,289,241,52,71,15,3,1,25,5,5,34,44,0.295,0.402,0.394,0.796,95,,10,3,1,0,,player.fcgi?id=colema000ro-,,,
Jason Delay,20,2015,Vanderbilt,SEC,37,122,99,18,28,8,0,1,24,0,0,10,20,0.283,0.373,0.394,0.767,39,,6,4,3,0,,player.fcgi?id=delay-000jas,,,
Karl Ellison,20,2015,Vanderbilt,SEC,45,172,149,16,32,4,0,2,15,1,0,14,39,0.215,0.291,0.282,0.573,42,,2,7,0,0,,player.fcgi?id=elliso000kar,,,
Tyler Green,20,2015,Vanderbilt,SEC,17,23,21,2,5,0,0,0,0,0,2,1,8,0.238,0.304,0.238,0.542,5,,1,0,0,0,,player.fcgi?id=green-002tyl,,,
Jeren Kendall*,19,2015,Vanderbilt,SEC,60,229,185,34,52,10,6,8,40,19,4,21,60,0.281,0.394,0.53,0.923,98,,14,8,1,1,,player.fcgi?id=kendal003jer,,,
Aubrey McCarty#,20,2015,Vanderbilt,SEC,10,6,6,0,1,0,0,0,0,0,0,0,2,0.167,0.167,0.167,0.333,1,,0,0,0,0,,player.fcgi?id=mccart000aub,,,
Joey Mundy*,19,2015,Vanderbilt,SEC,7,7,6,0,2,0,0,0,0,0,0,0,2,0.333,0.429,0.333,0.762,2,,1,0,0,0,,player.fcgi?id=mundy-000joe,,,
Penn Murfee,21,2015,Vanderbilt,SEC,29,90,78,8,20,5,1,1,11,2,2,9,21,0.256,0.33,0.385,0.714,30,,0,2,1,0,,player.fcgi?id=murfee000pen,,,
Drake Parker*,20,2015,Vanderbilt,SEC,8,5,5,0,1,0,0,0,0,0,0,0,2,0.2,0.2,0.2,0.4,1,,0,0,0,0,,player.fcgi?id=parker000dra,,,
Bryan Reynolds#,20,2015,Vanderbilt,SEC,72,326,286,56,91,18,4,5,49,17,2,31,67,0.318,0.388,0.462,0.849,132,,4,1,4,2,,player.fcgi?id=reynol000bry,,,
Nolan Rodgers?,--,2015,Vanderbilt,SEC,44,91,73,10,18,3,0,0,6,4,1,12,28,0.247,0.396,0.288,0.683,21,,6,0,0,0,,player.fcgi?id=rodger000nol,,,
Liam Sabino,19,2015,Vanderbilt,SEC,17,27,25,5,6,2,0,0,3,2,0,0,7,0.24,0.231,0.32,0.551,8,,0,1,1,0,,player.fcgi?id=sabino000lia,,,
Kyle Smith,21,2015,Vanderbilt,SEC,16,19,16,1,1,1,0,0,2,1,0,3,12,0.063,0.211,0.125,0.336,2,,0,0,0,0,,player.fcgi?id=smith-006kyl,,,
Dansby Swanson,21,2015,Vanderbilt,SEC,71,336,281,76,94,24,6,15,64,16,2,43,54,0.335,0.423,0.623,1.046,175,,4,3,5,2,,player.fcgi?id=swanso001dan,,,
Will Toffey*,20,2015,Vanderbilt,SEC,71,301,255,45,75,20,0,4,49,8,4,34,65,0.294,0.38,0.42,0.8,107,,5,1,6,1,,player.fcgi?id=toffey000wil,,,
Zander Wiel,22,2015,Vanderbilt,SEC,72,323,275,59,87,19,3,15,68,13,3,35,58,0.316,0.406,0.571,0.977,157,,9,0,4,4,,player.fcgi?id=wiel--000zan,,,
Rhett Wiseman*,21,2015,Vanderbilt,SEC,71,344,290,70,92,19,4,15,49,12,2,40,73,0.317,0.415,0.566,0.98,164,,9,4,1,2,,player.fcgi?id=wisema000rhe,,,
Tyler Campbell,23,2016,Vanderbilt,SEC,59,196,170,36,44,4,3,0,22,7,1,11,44,0.259,0.333,0.318,0.651,54,,8,7,0,0,,player.fcgi?id=campbe000tyl,,,
Tristan Chari#,20,2016,Vanderbilt,SEC,4,4,3,1,1,0,0,0,2,0,0,1,0,0.333,0.5,0.333,0.833,1,,0,0,0,0,,player.fcgi?id=chari-000tri,,,
Ro Coleman#,21,2016,Vanderbilt,SEC,52,188,161,37,38,4,1,1,13,3,5,15,28,0.236,0.317,0.292,0.609,47,,4,8,0,0,,player.fcgi?id=colema000ro-,,,
Jason Delay,21,2016,Vanderbilt,SEC,45,172,149,17,37,10,0,1,31,1,4,7,35,0.248,0.296,0.336,0.632,50,,6,3,7,1,,player.fcgi?id=delay-000jas,,,
Karl Ellison,21,2016,Vanderbilt,SEC,30,92,80,12,17,6,1,2,11,0,0,6,14,0.213,0.27,0.388,0.657,31,,1,3,2,0,,player.fcgi?id=elliso000kar,,,
Tyler Green,21,2016,Vanderbilt,SEC,7,8,8,2,2,1,0,1,4,0,0,0,3,0.25,0.25,0.75,1,6,,0,0,0,0,,player.fcgi?id=green-002tyl,,,
Walker Grisanti*,19,2016,Vanderbilt,SEC,30,54,43,12,15,4,2,1,10,0,1,9,19,0.349,0.482,0.605,1.086,26,,2,0,0,0,,player.fcgi?id=grisan000wal,,,
Julian Infante,19,2016,Vanderbilt,SEC,26,96,85,17,22,4,1,6,20,1,1,10,28,0.259,0.333,0.541,0.875,46,,0,0,1,1,,player.fcgi?id=infant000jul,,,
Alonzo Jones#,19,2016,Vanderbilt,SEC,49,199,165,32,47,15,2,1,35,10,2,24,47,0.285,0.371,0.418,0.789,69,,2,2,6,2,,player.fcgi?id=jones-002al-,,,
Connor Kaiser,19,2016,Vanderbilt,SEC,46,144,119,23,31,4,1,0,19,3,2,14,22,0.261,0.362,0.311,0.673,37,,6,3,2,0,,player.fcgi?id=kaiser000con,,,
Jeren Kendall*,20,2016,Vanderbilt,SEC,62,288,250,63,83,16,8,9,59,28,8,25,62,0.332,0.396,0.568,0.964,142,,4,5,4,2,,player.fcgi?id=kendal003jer,,,
Penn Murfee,22,2016,Vanderbilt,SEC,27,77,69,7,20,4,1,0,12,1,0,5,19,0.29,0.351,0.377,0.727,26,,2,0,1,0,,player.fcgi?id=murfee000pen,,,
Ethan Paul*,19,2016,Vanderbilt,SEC,54,198,167,33,51,14,2,4,31,9,4,22,47,0.305,0.406,0.485,0.891,81,,7,1,1,0,,player.fcgi?id=paul--000eth,,,
Bryan Reynolds#,21,2016,Vanderbilt,SEC,62,284,224,59,74,16,3,13,56,8,5,49,58,0.33,0.461,0.603,1.064,135,,8,0,3,3,,player.fcgi?id=reynol000bry,,,
Nolan Rodgers?,--,2016,Vanderbilt,SEC,45,32,27,4,5,2,0,0,6,1,0,1,9,0.185,0.258,0.259,0.517,7,,2,1,1,0,,player.fcgi?id=rodger000nol,,,
Liam Sabino,20,2016,Vanderbilt,SEC,31,50,43,7,13,2,0,1,8,4,0,3,9,0.302,0.4,0.419,0.819,18,,4,0,0,0,,player.fcgi?id=sabino000lia,,,
Stephen Scott*,19,2016,Vanderbilt,SEC,18,25,22,2,2,0,0,0,2,0,0,3,6,0.091,0.2,0.091,0.291,2,,0,0,0,0,,player.fcgi?id=scott-001ste,,,
Kyle Smith,22,2016,Vanderbilt,SEC,34,107,88,15,20,3,0,3,12,3,0,12,36,0.227,0.352,0.364,0.716,32,,5,2,0,0,,player.fcgi?id=smith-006kyl,,,
Will Toffey*,21,2016,Vanderbilt,SEC,62,264,203,37,46,6,1,0,23,9,5,51,44,0.227,0.387,0.266,0.653,54,,4,3,3,0,,player.fcgi?id=toffey000wil,,,
JJ Bleday*,19,2017,Vanderbilt,SEC,51,198,164,23,42,8,0,2,22,0,2,34,26,0.256,0.384,0.342,0.725,56,,0,0,0,0,,player.fcgi?id=bleday000jef,,,
Alex Brewer*,19,2017,Vanderbilt,SEC,14,18,15,1,0,0,0,0,1,0,0,3,5,0,0.167,0,0.167,0,,0,0,0,0,,player.fcgi?id=brewer000ale,,,
Ro Coleman#,22,2017,Vanderbilt,SEC,56,152,131,20,38,3,1,0,8,7,2,9,10,0.29,0.347,0.328,0.675,43,,3,8,1,0,,player.fcgi?id=colema000ro-,,,
Jason Delay,22,2017,Vanderbilt,SEC,59,237,207,31,64,18,2,2,41,1,2,18,44,0.309,0.381,0.444,0.826,92,,8,1,3,0,,player.fcgi?id=delay-000jas,,,
Ty Duvall*,19,2017,Vanderbilt,SEC,17,31,24,6,9,3,0,0,6,0,0,6,6,0.375,0.516,0.5,1.016,12,,1,0,0,0,,player.fcgi?id=duvall000ty-,,,
Kiambu Fentress,20,2017,Vanderbilt,SEC,6,4,4,0,1,0,0,0,0,0,0,0,0,0.25,0.25,0.25,0.5,1,,0,0,0,0,,player.fcgi?id=fentre000kia,,,
Walker Grisanti*,20,2017,Vanderbilt,SEC,21,34,30,7,8,2,0,0,4,0,0,2,17,0.267,0.333,0.333,0.667,10,,1,1,0,0,,player.fcgi?id=grisan000wal,,,
Reed Hayes,22,2017,Vanderbilt,SEC,52,192,163,30,45,10,2,0,36,4,5,24,33,0.276,0.375,0.362,0.737,59,,3,0,2,0,,player.fcgi?id=hayes-000ree,,,
Julian Infante,20,2017,Vanderbilt,SEC,62,283,251,51,79,16,1,11,66,0,1,27,59,0.315,0.387,0.518,0.904,130,,3,1,1,1,,player.fcgi?id=infant000jul,,,
Alonzo Jones#,20,2017,Vanderbilt,SEC,35,119,95,19,21,3,2,0,10,3,1,18,28,0.221,0.357,0.295,0.651,28,,2,4,0,0,,player.fcgi?id=jones-002al-,,,
Connor Kaiser,20,2017,Vanderbilt,SEC,62,236,194,32,43,7,1,1,18,4,0,25,44,0.222,0.316,0.284,0.599,55,,3,11,3,0,,player.fcgi?id=kaiser000con,,,
Jeren Kendall*,21,2017,Vanderbilt,SEC,62,295,261,59,80,10,5,15,53,20,4,24,74,0.307,0.372,0.556,0.928,145,,5,2,3,5,,player.fcgi?id=kendal003jer,,,
Ethan Paul*,20,2017,Vanderbilt,SEC,53,229,199,34,50,15,1,5,27,6,2,18,47,0.251,0.336,0.412,0.748,82,,8,3,1,0,,player.fcgi?id=paul--000eth,,,
Harrison Ray,19,2017,Vanderbilt,SEC,32,93,78,16,19,2,1,1,12,2,3,11,20,0.244,0.333,0.333,0.667,26,,1,0,3,0,,player.fcgi?id=ray---001har,,,
Stephen Scott*,20,2017,Vanderbilt,SEC,38,144,119,25,27,4,0,2,11,3,0,20,32,0.227,0.347,0.311,0.658,37,,3,0,2,0,,player.fcgi?id=scott-001ste,,,
Will Toffey*,22,2017,Vanderbilt,SEC,56,262,206,55,73,13,1,12,64,5,4,48,30,0.354,0.475,0.602,1.077,124,,2,3,3,1,,player.fcgi?id=toffey000wil,,,
Garrett Blaylock*,20,2018,Vanderbilt,SEC,18,27,26,4,6,2,0,0,6,0,0,1,10,0.231,0.259,0.308,0.567,8,,0,0,0,0,,player.fcgi?id=blaylo003gar,,,
JJ Bleday*,20,2018,Vanderbilt,SEC,39,166,133,26,49,5,1,4,15,2,1,31,23,0.368,0.494,0.511,1.005,68,,2,0,0,3,,player.fcgi?id=bleday000jef,,,
Phil Clarke*,20,2018,Vanderbilt,SEC,58,252,218,28,64,16,0,6,36,4,2,27,40,0.294,0.383,0.45,0.832,98,,5,1,1,1,,player.fcgi?id=clarke000phi,,,
Cooper Davis*,19,2018,Vanderbilt,SEC,9,14,11,3,2,0,0,0,4,1,0,2,1,0.182,0.286,0.182,0.468,2,,0,0,1,0,,player.fcgi?id=davis-001coo,,,
Pat DeMarco,20,2018,Vanderbilt,SEC,62,272,242,48,67,12,2,11,43,10,3,23,53,0.277,0.353,0.479,0.832,116,,6,0,1,1,,player.fcgi?id=demarc000pat,,,
Ty Duvall*,20,2018,Vanderbilt,SEC,31,79,63,13,17,3,1,3,10,1,0,15,19,0.27,0.405,0.492,0.897,31,,0,0,1,0,,player.fcgi?id=duvall000ty-,,,
Kiambu Fentress,21,2018,Vanderbilt,SEC,10,5,5,2,0,0,0,0,1,0,0,0,2,0,0,0,0,0,,0,0,0,0,,player.fcgi?id=fentre000kia,,,
Jayson Gonzalez,19,2018,Vanderbilt,SEC,44,150,138,21,31,3,0,5,28,1,0,11,56,0.225,0.287,0.355,0.642,49,,1,0,0,0,,player.fcgi?id=gonzal003jay,,,
Walker Grisanti*,21,2018,Vanderbilt,SEC,21,59,36,12,5,1,0,1,5,2,1,18,16,0.139,0.448,0.25,0.698,9,,3,1,1,0,,player.fcgi?id=grisan000wal,,,
Julian Infante,21,2018,Vanderbilt,SEC,50,187,161,16,31,5,1,2,18,1,0,16,72,0.193,0.276,0.273,0.549,44,,4,2,4,0,,player.fcgi?id=infant000jul,,,
Alonzo Jones#,21,2018,Vanderbilt,SEC,37,128,110,23,26,4,3,2,9,16,0,14,32,0.236,0.328,0.382,0.71,42,,1,3,0,0,,player.fcgi?id=jones-002al-,,,
Connor Kaiser,21,2018,Vanderbilt,SEC,59,263,222,46,65,14,1,6,46,12,2,31,52,0.293,0.389,0.446,0.835,99,,4,6,0,0,,player.fcgi?id=kaiser000con,,,
Austin Martin,19,2018,Vanderbilt,SEC,59,273,222,44,75,14,0,1,19,22,8,35,46,0.338,0.452,0.414,0.866,92,,12,3,1,1,,player.fcgi?id=martin004aus,,,
Ethan Paul*,21,2018,Vanderbilt,SEC,62,275,228,43,54,12,1,10,44,18,1,30,64,0.237,0.358,0.43,0.788,98,,14,1,2,0,,player.fcgi?id=paul--000eth,,,
Harrison Ray,20,2018,Vanderbilt,SEC,42,101,91,13,22,4,3,1,14,5,1,6,26,0.242,0.307,0.385,0.692,35,,3,0,1,0,,player.fcgi?id=ray---001har,,,
Stephen Scott*,21,2018,Vanderbilt,SEC,53,213,168,42,45,11,0,15,41,6,2,34,50,0.268,0.42,0.601,1.021,101,,10,1,0,1,,player.fcgi?id=scott-001ste,,,
Tyler Solomon#,19,2018,Vanderbilt,SEC,6,6,4,2,0,0,0,0,0,0,0,2,3,0,0.333,0,0.333,0,,0,0,0,0,,player.fcgi?id=solomo000tyl,,,
JJ Bleday*,21,2019,Vanderbilt,SEC,71,347,274,82,95,14,1,27,72,1,1,61,58,0.347,0.465,0.701,1.166,192,,5,1,6,6,,player.fcgi?id=bleday000jef,,,
Phil Clarke*,21,2019,Vanderbilt,SEC,70,320,279,49,86,13,4,9,70,3,2,31,43,0.308,0.388,0.48,0.868,134,,7,0,3,0,,player.fcgi?id=clarke000phi,,,
Cooper Davis*,20,2019,Vanderbilt,SEC,35,150,121,26,40,7,2,0,19,6,1,23,19,0.331,0.441,0.422,0.863,51,,1,5,0,1,,player.fcgi?id=davis-001coo,,,
Pat DeMarco,21,2019,Vanderbilt,SEC,53,237,207,49,60,19,3,7,49,7,3,24,63,0.29,0.376,0.512,0.888,106,,5,0,1,0,,player.fcgi?id=demarc000pat,,,
Ty Duvall*,21,2019,Vanderbilt,SEC,63,239,189,35,52,11,0,5,42,0,1,42,46,0.275,0.418,0.413,0.831,78,,6,0,2,2,,player.fcgi?id=duvall000ty-,,,
Kiambu Fentress,22,2019,Vanderbilt,SEC,21,15,8,5,1,0,0,0,0,2,0,3,3,0.125,0.417,0.125,0.542,1,,1,3,0,0,,player.fcgi?id=fentre000kia,,,
Jayson Gonzalez,20,2019,Vanderbilt,SEC,25,68,56,14,20,2,0,1,10,2,0,11,21,0.357,0.471,0.446,0.917,25,,1,0,0,0,,player.fcgi?id=gonzal003jay,,,
Walker Grisanti*,22,2019,Vanderbilt,SEC,19,27,21,5,7,2,1,1,6,0,0,5,9,0.333,0.462,0.667,1.128,14,,0,1,0,0,,player.fcgi?id=grisan000wal,,,
Sterling Hayes,20,2019,Vanderbilt,SEC,5,4,2,2,0,0,0,0,0,0,0,2,1,0,0.5,0,0.5,0,,0,0,0,0,,player.fcgi?id=hayes-002ste,,,
Matt Hogan*,19,2019,Vanderbilt,SEC,4,5,4,1,0,0,0,0,0,0,0,1,2,0,0.2,0,0.2,0,,0,0,0,0,,player.fcgi?id=hogan-000mat,,,
Julian Infante,22,2019,Vanderbilt,SEC,59,232,199,34,46,9,0,12,39,3,1,27,72,0.231,0.326,0.457,0.783,91,,2,2,2,0,,player.fcgi?id=infant000jul,,,
Dom Keegan,18,2019,Vanderbilt,SEC,15,25,22,3,5,1,0,0,1,0,0,2,6,0.227,0.32,0.273,0.593,6,,1,0,0,0,,player.fcgi?id=keegan000dom,,,
Tate Kolwyck,19,2019,Vanderbilt,SEC,4,4,3,1,2,2,0,0,1,0,0,1,0,0.667,0.75,1.333,2.083,4,,0,0,0,0,,player.fcgi?id=kolwyc000tat,,,
John Malcom*,19,2019,Vanderbilt,SEC,2,3,3,0,0,0,0,0,1,0,0,0,2,0,0,0,0,0,,0,0,0,0,,player.fcgi?id=malcom000joh,,,
Justyn-Henry Malloy,19,2019,Vanderbilt,SEC,14,22,15,3,1,0,0,0,2,0,0,6,4,0.067,0.364,0.067,0.43,1,,1,0,0,0,,player.fcgi?id=malloy000jus,,,
Austin Martin,20,2019,Vanderbilt,SEC,65,323,268,87,105,19,4,10,46,18,5,40,34,0.392,0.486,0.605,1.091,162,,12,0,3,1,,player.fcgi?id=martin004aus,,,
Ethan Paul*,22,2019,Vanderbilt,SEC,71,332,287,55,90,23,1,9,73,11,2,32,64,0.314,0.386,0.495,0.88,142,,6,0,7,2,,player.fcgi?id=paul--000eth,,,
Harrison Ray,21,2019,Vanderbilt,SEC,66,281,232,50,64,18,2,2,38,21,3,30,73,0.276,0.358,0.397,0.754,92,,4,7,8,0,,player.fcgi?id=ray---001har,,,
Stephen Scott*,22,2019,Vanderbilt,SEC,69,310,252,68,82,21,1,14,61,5,1,47,71,0.325,0.445,0.583,1.029,147,,9,0,2,2,,player.fcgi?id=scott-001ste,,,
Isaiah Thomas,19,2019,Vanderbilt,SEC,21,42,38,9,14,3,0,3,10,1,0,1,12,0.368,0.405,0.684,1.089,26,,2,0,1,0,,player.fcgi?id=thomas000isa,,,
Cooper Davis*,21,2020,Vanderbilt,SEC,18,79,69,14,24,2,2,0,5,5,0,7,10,0.348,0.416,0.435,0.85,30,,1,2,0,0,,player.fcgi?id=davis-001coo,,,
Will Duff,20,2020,Vanderbilt,SEC,10,19,15,2,4,1,0,0,3,1,0,1,5,0.267,0.333,0.333,0.667,5,,1,1,1,0,,player.fcgi?id=duff--001wil,,,
Ty Duvall*,22,2020,Vanderbilt,SEC,16,65,52,9,15,1,0,0,10,0,0,8,12,0.289,0.415,0.308,0.723,16,,4,0,1,1,,player.fcgi?id=duvall000ty-,,,
Sterling Hayes,21,2020,Vanderbilt,SEC,4,1,1,0,0,0,0,0,0,0,0,0,0,0,0,0,0,0,,0,0,0,0,,player.fcgi?id=hayes-002ste,,,
Matt Hogan*,20,2020,Vanderbilt,SEC,6,2,2,0,0,0,0,0,0,0,0,0,2,0,0,0,0,0,,0,0,0,0,,player.fcgi?id=hogan-000mat,,,
Spencer Jones*,19,2020,Vanderbilt,SEC,14,42,34,8,7,4,0,0,3,0,0,4,7,0.206,0.333,0.324,0.657,11,,3,0,1,0,,player.fcgi?id=jones-001spe,,,
Dom Keegan,19,2020,Vanderbilt,SEC,9,37,33,3,8,2,0,0,4,0,0,2,10,0.242,0.324,0.303,0.627,10,,2,0,0,0,,player.fcgi?id=keegan000dom,,,
Tate Kolwyck,20,2020,Vanderbilt,SEC,11,27,23,2,4,2,0,1,4,0,0,3,8,0.174,0.296,0.391,0.688,9,,1,0,0,0,,player.fcgi?id=kolwyc000tat,,,
Troy LaNeve*,20,2020,Vanderbilt,SEC,2,2,1,0,0,0,0,0,0,0,0,0,1,0,0.5,0,0.5,0,,1,0,0,0,,player.fcgi?id=laneve000tro,,,
Justyn-Henry Malloy,20,2020,Vanderbilt,SEC,12,39,24,6,4,1,0,0,2,1,0,11,8,0.167,0.487,0.208,0.696,5,,4,0,0,0,,player.fcgi?id=malloy000jus,,,
Austin Martin,21,2020,Vanderbilt,SEC,16,69,53,15,20,6,0,3,11,3,1,10,2,0.377,0.507,0.66,1.168,35,,5,0,1,1,,player.fcgi?id=martin004aus,,,
T.J. McKenzie,19,2020,Vanderbilt,SEC,8,2,1,1,0,0,0,0,0,0,0,0,0,0,0.5,0,0.5,0,,1,0,0,0,,player.fcgi?id=mckenz000tyl,,,
Parker Noland*,19,2020,Vanderbilt,SEC,17,70,58,8,15,3,0,0,11,2,0,7,14,0.259,0.324,0.31,0.634,18,,0,2,3,0,,player.fcgi?id=noland000par,,,
Harrison Ray,22,2020,Vanderbilt,SEC,18,73,62,9,15,4,0,1,13,9,2,9,18,0.242,0.347,0.355,0.702,22,,1,1,0,0,,player.fcgi?id=ray---001har,,,
CJ Rodriguez,19,2020,Vanderbilt,SEC,12,54,45,5,13,3,0,0,8,0,0,5,3,0.289,0.37,0.356,0.726,16,,2,0,2,0,,player.fcgi?id=rodrig000cj-,,,
Isaiah Thomas,20,2020,Vanderbilt,SEC,16,68,62,12,16,5,0,4,13,3,0,3,12,0.258,0.313,0.532,0.846,33,,2,1,0,0,,player.fcgi?id=thomas000isa,,,
Carter Young*,19,2020,Vanderbilt,SEC,18,68,61,10,20,3,0,0,12,1,0,4,17,0.328,0.373,0.377,0.75,23,,1,1,1,0,,player.fcgi?id=young-001car,,,
Enrique Bradfield*,19,2021,Vanderbilt,SEC,67,305,244,60,82,8,4,1,38,47,6,45,42,0.336,0.451,0.414,0.865,101,,7,8,1,1,,player.fcgi?id=bradfi000enr,,,
Jack Bulger,19,2021,Vanderbilt,SEC,50,189,157,32,43,7,0,5,28,2,0,25,40,0.274,0.369,0.414,0.783,65,,1,2,4,0,,player.fcgi?id=bulger000jac,,,
Gavin Casas*,20,2021,Vanderbilt,SEC,9,11,10,2,2,1,0,0,1,0,0,1,2,0.2,0.273,0.3,0.573,3,,0,0,0,0,,player.fcgi?id=casas-000gav,,,
Cooper Davis*,22,2021,Vanderbilt,SEC,36,131,109,15,27,2,0,1,13,3,3,15,22,0.248,0.339,0.294,0.632,32,,0,7,0,0,,player.fcgi?id=davis-001coo,,,
Will Duff,21,2021,Vanderbilt,SEC,8,8,7,2,1,0,0,0,0,0,0,0,2,0.143,0.25,0.143,0.393,1,,1,0,0,0,,player.fcgi?id=duff--001wil,,,
Alan Espinal,19,2021,Vanderbilt,SEC,6,5,5,1,1,0,0,1,1,0,0,0,2,0.2,0.2,0.8,1,4,,0,0,0,0,,player.fcgi?id=espina000ala,,,
Jayson Gonzalez,22,2021,Vanderbilt,SEC,61,233,193,36,54,9,3,9,41,2,1,32,69,0.28,0.391,0.497,0.889,96,,4,3,1,0,,player.fcgi?id=gonzal003jay,,,
Calvin Hewett,19,2021,Vanderbilt,SEC,15,10,7,3,4,2,0,0,3,0,0,1,1,0.571,0.7,0.857,1.557,6,,2,0,0,0,,player.fcgi?id=hewett000cal,,,
Matt Hogan*,21,2021,Vanderbilt,SEC,19,13,13,4,2,1,0,0,1,0,0,0,2,0.154,0.154,0.231,0.385,3,,0,0,0,0,,player.fcgi?id=hogan-000mat,,,
Spencer Jones*,20,2021,Vanderbilt,SEC,34,107,95,16,26,5,0,3,10,4,0,7,33,0.274,0.346,0.421,0.767,40,,4,0,1,0,,player.fcgi?id=jones-001spe,,,
Dom Keegan,20,2021,Vanderbilt,SEC,60,267,232,56,80,17,3,15,57,0,1,30,74,0.345,0.427,0.638,1.065,148,,4,0,1,0,,player.fcgi?id=keegan000dom,,,
Tate Kolwyck,21,2021,Vanderbilt,SEC,43,160,138,28,40,10,1,6,25,2,0,16,35,0.29,0.371,0.507,0.878,70,,3,1,2,0,,player.fcgi?id=kolwyc000tat,,,
Troy LaNeve*,21,2021,Vanderbilt,SEC,37,90,84,16,24,7,0,6,22,0,0,4,27,0.286,0.326,0.583,0.909,49,,1,1,0,0,,player.fcgi?id=laneve000tro,,,
T.J. McKenzie,20,2021,Vanderbilt,SEC,4,2,1,0,0,0,0,0,0,0,0,0,1,0,0.5,0,0.5,0,,1,0,0,0,,player.fcgi?id=mckenz000tyl,,,
Parker Noland*,20,2021,Vanderbilt,SEC,66,282,246,39,64,15,0,7,43,4,0,28,77,0.26,0.336,0.407,0.742,100,,1,5,2,0,,player.fcgi?id=noland000par,,,
Jack O'Dowd*,20,2021,Vanderbilt,SEC,10,10,9,3,3,3,0,0,4,0,0,1,3,0.333,0.4,0.667,1.067,6,,0,0,0,0,,player.fcgi?id=odowd-000jac,,,
C.J. Pittaro*,19,2021,Vanderbilt,SEC,5,3,3,0,1,0,0,0,3,0,0,0,0,0.333,0.333,0.333,0.667,1,,0,0,0,0,,player.fcgi?id=pittar000cj-,,,
CJ Rodriguez,20,2021,Vanderbilt,SEC,58,229,185,28,46,9,0,5,36,1,0,36,19,0.249,0.393,0.378,0.771,70,,8,0,0,2,,player.fcgi?id=rodrig000cj-,,,
Max Romero*,20,2021,Vanderbilt,SEC,21,61,50,14,15,4,0,4,14,1,0,10,17,0.3,0.426,0.62,1.046,31,,1,0,0,0,,player.fcgi?id=romero002max,,,
Isaiah Thomas,21,2021,Vanderbilt,SEC,59,245,223,45,68,13,5,13,40,12,0,9,63,0.305,0.361,0.583,0.944,130,,11,1,1,0,,player.fcgi?id=thomas000isa,,,
Javi Vaz*,20,2021,Vanderbilt,SEC,23,55,42,7,10,2,0,0,1,5,0,10,5,0.238,0.396,0.286,0.682,12,,1,2,0,0,,player.fcgi?id=vaz---000jav,,,
Carter Young*,20,2021,Vanderbilt,SEC,61,279,238,47,60,15,5,16,52,9,1,31,84,0.252,0.341,0.559,0.899,133,,3,3,4,2,,player.fcgi?id=young-001car,,,
Enrique Bradfield*,20,2022,Vanderbilt,SEC,62,292,243,69,77,10,5,8,36,46,0,41,40,0.317,0.415,0.498,0.913,121,5,2,3,3,0,,player.fcgi?id=bradfi000enr,,,
Jack Bulger,20,2022,Vanderbilt,SEC,58,246,212,30,57,6,0,5,25,7,0,28,29,0.269,0.363,0.368,0.731,78,5,4,1,1,1,,player.fcgi?id=bulger000jac,,,
Gavin Casas*,21,2022,Vanderbilt,SEC,22,63,51,7,15,3,0,1,14,0,0,7,19,0.294,0.381,0.412,0.793,21,1,2,0,3,0,,player.fcgi?id=casas-000gav,,,
Davis Diaz,19,2022,Vanderbilt,SEC,59,244,188,40,40,9,0,2,20,4,0,36,37,0.213,0.353,0.293,0.646,55,4,8,6,6,0,,player.fcgi?id=diaz--006dav,,,
Alan Espinal,20,2022,Vanderbilt,SEC,18,20,19,1,4,1,0,0,2,0,0,1,8,0.211,0.25,0.263,0.513,5,0,0,0,0,0,,player.fcgi?id=espina000ala,,,
Rob Gordon,19,2022,Vanderbilt,SEC,12,17,15,4,3,2,0,0,3,2,1,1,7,0.2,0.294,0.333,0.627,5,0,1,0,0,0,,player.fcgi?id=gordon009rob,,,
Calvin Hewett,20,2022,Vanderbilt,SEC,33,106,85,20,28,2,0,4,18,5,1,9,22,0.329,0.437,0.494,0.931,42,0,8,3,1,0,,player.fcgi?id=hewett000cal,,,
Spencer Jones*,21,2022,Vanderbilt,SEC,61,272,230,62,85,21,3,12,60,14,1,32,64,0.37,0.46,0.644,1.103,148,2,8,0,2,4,,player.fcgi?id=jones-001spe,,,
Dom Keegan,21,2022,Vanderbilt,SEC,62,275,229,47,85,17,2,14,67,2,0,39,51,0.371,0.458,0.646,1.105,148,7,2,0,5,6,,player.fcgi?id=keegan000dom,,,
Tate Kolwyck,22,2022,Vanderbilt,SEC,56,222,197,33,53,13,1,9,36,0,0,17,57,0.269,0.33,0.482,0.813,95,5,2,4,2,0,,player.fcgi?id=kolwyc000tat,,,
Troy LaNeve*,22,2022,Vanderbilt,SEC,20,42,34,7,6,0,0,2,7,0,0,7,12,0.177,0.31,0.353,0.662,12,0,0,0,1,0,,player.fcgi?id=laneve000tro,,,
Kenny Mallory*,20,2022,Vanderbilt,SEC,3,4,4,0,0,0,0,0,0,0,0,0,2,0,0,0,0,0,0,0,0,0,0,,player.fcgi?id=mallor002ken,,,
T.J. McKenzie,21,2022,Vanderbilt,SEC,15,18,16,5,5,1,0,1,6,0,0,1,5,0.313,0.353,0.563,0.915,9,0,0,1,0,0,,player.fcgi?id=mckenz000tyl,,,
Parker Noland*,21,2022,Vanderbilt,SEC,48,171,146,29,40,7,0,6,26,3,3,21,40,0.274,0.363,0.445,0.808,65,4,0,3,1,0,,player.fcgi?id=noland000par,,,
Matt Polk,19,2022,Vanderbilt,SEC,24,43,36,7,9,1,0,1,8,1,1,2,11,0.25,0.372,0.361,0.733,13,0,5,0,0,0,,player.fcgi?id=polk--000mat,,,
Jonathan Vastine*,19,2022,Vanderbilt,SEC,30,58,51,6,10,2,0,0,6,1,0,4,19,0.196,0.246,0.235,0.481,12,0,0,1,2,0,,player.fcgi?id=vastin000jon,,,
Javi Vaz*,21,2022,Vanderbilt,SEC,51,200,157,24,44,14,2,5,30,11,2,29,17,0.28,0.402,0.49,0.893,77,2,5,6,3,0,,player.fcgi?id=vaz---000jav,,,
Carter Young*,21,2022,Vanderbilt,SEC,56,226,188,34,39,6,3,7,26,2,2,30,66,0.207,0.327,0.383,0.71,72,1,4,3,1,2,,player.fcgi?id=young-001car,,,
Ivan Arias,20,2023,Vanderbilt,SEC,5,3,2,0,0,0,0,0,0,0,0,1,0,0,0.333,0,0.333,0,0,0,0,0,0,,player.fcgi?id=arias-000iva,,,
RJ Austin,19,2023,Vanderbilt,SEC,62,280,241,40,62,11,0,7,43,4,3,29,48,0.257,0.351,0.39,0.741,94,3,7,1,2,1,,player.fcgi?id=austin000rj-,,,
Enrique Bradfield*,21,2023,Vanderbilt,SEC,62,299,233,69,65,13,2,6,34,37,7,45,40,0.279,0.41,0.429,0.839,100,1,10,6,5,0,,player.fcgi?id=bradfi000enr,,,
Jack Bulger,21,2023,Vanderbilt,SEC,42,182,154,28,37,5,0,5,30,3,0,23,27,0.24,0.348,0.37,0.718,57,3,3,1,1,0,,player.fcgi?id=bulger000jac,,,
Davis Diaz,20,2023,Vanderbilt,SEC,62,291,236,56,62,7,1,9,57,2,1,39,45,0.263,0.376,0.415,0.791,98,0,8,1,7,1,,player.fcgi?id=diaz--006dav,,,
Alan Espinal,21,2023,Vanderbilt,SEC,34,103,91,20,25,5,0,5,21,1,0,11,33,0.275,0.359,0.495,0.854,45,0,1,0,0,0,,player.fcgi?id=espina000ala,,,
Calvin Hewett,21,2023,Vanderbilt,SEC,47,88,74,20,18,4,1,0,8,11,0,3,18,0.243,0.329,0.324,0.654,24,1,7,3,1,0,,player.fcgi?id=hewett000cal,,,
Troy LaNeve*,23,2023,Vanderbilt,SEC,21,46,42,6,11,1,0,3,14,0,0,4,16,0.262,0.326,0.5,0.826,21,0,0,0,0,0,,player.fcgi?id=laneve000tro,,,
Chris Maldonado,20,2023,Vanderbilt,SEC,45,187,155,28,48,12,0,8,32,2,0,20,37,0.31,0.411,0.542,0.953,84,4,8,2,2,1,,player.fcgi?id=maldon002chr,,,
T.J. McKenzie,22,2023,Vanderbilt,SEC,21,40,36,5,8,3,0,1,2,1,2,4,12,0.222,0.3,0.389,0.689,14,1,0,0,0,0,,player.fcgi?id=mckenz000tyl,,,
Parker Noland*,22,2023,Vanderbilt,SEC,61,267,231,36,64,12,1,9,39,0,1,27,57,0.277,0.367,0.455,0.822,105,3,6,3,0,2,,player.fcgi?id=noland000par,,,
Matt Polk,20,2023,Vanderbilt,SEC,48,172,150,29,42,8,1,4,23,4,0,5,37,0.28,0.353,0.427,0.78,64,0,13,2,2,0,,player.fcgi?id=polk--000mat,,,
JD Rogers*,20,2023,Vanderbilt,SEC,11,7,6,3,2,0,0,0,1,0,0,1,2,0.333,0.429,0.333,0.762,2,0,0,0,0,0,,player.fcgi?id=rogers000jd-,,,
RJ Schreck*,22,2023,Vanderbilt,SEC,62,292,216,53,66,15,2,14,59,6,2,48,32,0.306,0.454,0.588,1.042,127,3,18,1,9,7,,player.fcgi?id=schrec000rj-,,,
Jonathan Vastine*,20,2023,Vanderbilt,SEC,62,261,230,45,66,18,2,5,34,5,3,25,65,0.287,0.355,0.448,0.803,103,2,1,2,3,0,,player.fcgi?id=vastin000jon,,,
RJ Austin,20,2024,Vanderbilt,SEC,60,277,242,49,81,14,2,5,54,28,5,23,38,0.335,0.402,0.471,0.873,114,2,7,1,4,1,,player.fcgi?id=austin000rj-,,,
Colin Barczi,19,2024,Vanderbilt,SEC,29,84,72,11,15,2,0,2,8,0,0,7,26,0.208,0.298,0.319,0.617,23,1,3,0,2,0,,player.fcgi?id=barczi000col,,,
Jack Bulger,22,2024,Vanderbilt,SEC,30,89,76,8,22,1,0,3,16,3,0,7,16,0.29,0.371,0.421,0.792,32,0,4,0,2,0,,player.fcgi?id=bulger000jac,,,
Jayden Davis,20,2024,Vanderbilt,SEC,46,193,168,34,53,12,1,2,36,2,1,18,21,0.316,0.394,0.435,0.828,73,7,5,0,2,0,,player.fcgi?id=davis-007jay,,,
Davis Diaz,21,2024,Vanderbilt,SEC,61,265,226,44,56,10,0,7,39,4,2,30,44,0.248,0.35,0.385,0.735,87,4,6,2,1,0,,player.fcgi?id=diaz--006dav,,,
Alan Espinal,22,2024,Vanderbilt,SEC,59,252,211,48,61,15,0,13,49,4,0,33,79,0.289,0.398,0.545,0.943,115,1,6,1,1,0,,player.fcgi?id=espina000ala,,,
Calvin Hewett,22,2024,Vanderbilt,SEC,54,151,122,31,36,6,2,2,22,26,2,15,23,0.295,0.419,0.426,0.845,52,1,11,3,0,0,,player.fcgi?id=hewett000cal,,,
Braden Holcomb,19,2024,Vanderbilt,SEC,35,119,103,24,26,7,0,5,17,1,0,15,43,0.252,0.345,0.466,0.811,48,1,0,0,1,0,,player.fcgi?id=holcom001bra,,,
Jacob Humphrey,21,2024,Vanderbilt,SEC,40,55,44,16,10,2,1,2,9,12,1,8,15,0.227,0.346,0.455,0.801,20,0,0,3,0,0,,player.fcgi?id=humphr001jac,,,
Cam Kozeal*,19,2024,Vanderbilt,SEC,43,167,148,24,42,8,0,5,28,1,0,14,32,0.284,0.349,0.439,0.789,65,2,2,1,2,0,,player.fcgi?id=kozeal000cam,,,
Troy LaNeve*,24,2024,Vanderbilt,SEC,49,177,147,30,39,14,2,6,33,1,0,19,48,0.265,0.384,0.51,0.894,75,2,10,0,1,0,,player.fcgi?id=laneve000tro,,,
Chris Maldonado,21,2024,Vanderbilt,SEC,5,20,13,3,2,0,0,0,1,0,0,5,3,0.154,0.45,0.154,0.604,2,0,2,0,0,0,,player.fcgi?id=maldon002chr,,,
Matthew Ossenfort*,20,2024,Vanderbilt,SEC,6,12,11,2,2,1,0,1,1,0,0,1,6,0.182,0.25,0.546,0.796,6,1,0,0,0,0,,player.fcgi?id=ossenf000mat,,,
Matt Polk,21,2024,Vanderbilt,SEC,52,209,187,35,59,16,1,5,21,8,1,7,38,0.316,0.372,0.492,0.864,92,4,11,2,2,0,,player.fcgi?id=polk--000mat,,,
Logan Poteet,20,2024,Vanderbilt,SEC,11,31,29,5,6,0,0,3,10,0,0,1,10,0.207,0.226,0.517,0.743,15,0,0,0,1,0,,player.fcgi?id=poteet000log,,,
JD Rogers*,21,2024,Vanderbilt,SEC,16,20,15,4,5,0,0,1,1,0,0,4,5,0.333,0.474,0.533,1.007,8,0,0,1,0,0,,player.fcgi?id=rogers000jd-,,,
Jonathan Vastine*,21,2024,Vanderbilt,SEC,60,253,211,44,63,18,2,10,42,12,3,26,66,0.299,0.384,0.545,0.929,115,3,5,8,3,0,,player.fcgi?id=vastin000jon,,,
Ray Velazquez,21,2024,Vanderbilt,SEC,3,1,1,0,1,0,0,0,0,0,0,0,0,1,1,1,2,1,0,0,0,0,0,,player.fcgi?id=velazq000ray,,,
RJ Austin,21,2025,Vanderbilt,SEC,59,267,230,45,59,15,4,2,42,22,5,21,47,0.257,0.353,0.383,0.736,88,1,14,1,1,0,,player.fcgi?id=austin000rj-,,,
Colin Barczi,20,2025,Vanderbilt,SEC,55,215,198,33,50,11,1,8,39,2,0,12,47,0.253,0.307,0.439,0.746,87,4,4,0,1,0,,player.fcgi?id=barczi000col,,,
Jayden Davis,21,2025,Vanderbilt,SEC,24,74,64,5,13,3,0,1,6,0,0,8,14,0.203,0.297,0.297,0.594,19,2,1,0,1,0,,player.fcgi?id=davis-007jay,,,
RJ Hamilton,20,2025,Vanderbilt,SEC,13,4,3,3,0,0,0,0,0,2,1,1,2,0,0.25,0,0.25,0,0,0,0,0,0,,player.fcgi?id=hamilt000rj-,,,
Braden Holcomb,20,2025,Vanderbilt,SEC,50,180,153,32,42,4,2,9,34,2,0,21,48,0.275,0.378,0.503,0.881,77,4,5,0,1,1,,player.fcgi?id=holcom001bra,,,
Jacob Humphrey,22,2025,Vanderbilt,SEC,50,190,154,39,43,5,4,4,22,19,2,22,39,0.279,0.4,0.442,0.842,68,1,9,5,0,0,,player.fcgi?id=humphr001jac,,,
Brodie Johnston,19,2025,Vanderbilt,SEC,56,240,223,40,58,14,1,15,55,2,2,10,68,0.26,0.297,0.534,0.831,119,0,3,1,3,0,,player.fcgi?id=johnst000bro,,,
Chris Maldonado,22,2025,Vanderbilt,SEC,21,44,35,3,3,2,0,0,2,0,0,6,17,0.086,0.25,0.143,0.393,5,1,2,0,1,0,,player.fcgi?id=maldon002chr,,,
Mike Mancini*,21,2025,Vanderbilt,SEC,49,182,145,32,39,4,1,4,24,18,2,28,43,0.269,0.398,0.393,0.791,57,2,3,6,0,1,,player.fcgi?id=mancin000mik,,,
David Mendez,20,2025,Vanderbilt,SEC,24,28,24,4,4,0,0,1,4,1,3,2,3,0.167,0.259,0.292,0.551,7,1,1,1,0,0,,player.fcgi?id=mendez005dav,,,
Riley Nelson*,21,2025,Vanderbilt,SEC,60,262,215,48,74,13,1,8,47,7,2,34,36,0.344,0.45,0.526,0.976,113,1,10,0,3,1,,player.fcgi?id=nelson002ril,,,
Rustan Rigdon#,19,2025,Vanderbilt,SEC,53,217,162,44,42,6,1,2,25,19,6,42,46,0.259,0.431,0.346,0.776,56,0,9,1,3,0,,player.fcgi?id=rigdon000rus,,,
JD Rogers*,22,2025,Vanderbilt,SEC,19,23,18,6,3,2,0,1,2,0,0,4,4,0.167,0.304,0.444,0.749,8,0,0,0,1,0,,player.fcgi?id=rogers000jd-,,,
Mac Rose*,21,2025,Vanderbilt,SEC,45,169,132,19,33,4,0,2,25,1,0,26,37,0.25,0.393,0.326,0.719,43,3,7,1,3,0,,player.fcgi?id=rose--000mac,,,
Jonathan Vastine*,22,2025,Vanderbilt,SEC,60,232,196,44,53,6,1,9,35,9,3,29,69,0.27,0.358,0.449,0.807,88,4,0,3,4,0,,player.fcgi?id=vastin000jon,,,
Ryker Waite#,18,2025,Vanderbilt,SEC,8,6,3,1,0,0,0,0,1,1,0,2,2,0,0.5,0,0.5,0,0,1,0,0,0,,player.fcgi?id=waite-000ryk,,,
Colin Barczi,21,2026,Vanderbilt,SEC,31,135,118,27,31,4,0,11,28,0,0,11,38,0.263,0.341,0.576,0.917,68,2,4,0,2,0,,player.fcgi?id=barczi000col,,,
Collin Brightwell#,20,2026,Vanderbilt,SEC,19,16,12,2,2,0,0,0,2,2,1,3,6,0.167,0.375,0.167,0.542,2,0,1,0,0,0,,player.fcgi?id=bright001col,,,
Tommy Goodin*,21,2026,Vanderbilt,SEC,48,167,150,29,43,8,0,12,36,0,0,14,51,0.287,0.353,0.58,0.933,87,1,2,0,1,0,,player.fcgi?id=goodin000tom,,,
Will Hampton*,20,2026,Vanderbilt,SEC,16,40,33,4,8,0,0,1,5,2,0,4,10,0.242,0.359,0.333,0.692,11,0,2,1,0,0,,player.fcgi?id=hampto000wil,,,
Braden Holcomb,21,2026,Vanderbilt,SEC,58,266,227,52,80,19,0,14,54,6,2,35,63,0.352,0.434,0.621,1.055,141,5,0,1,3,1,,player.fcgi?id=holcom001bra,,,
Max Jensen*,22,2026,Vanderbilt,SEC,26,43,33,8,8,3,0,1,5,1,0,9,14,0.242,0.419,0.424,0.843,14,0,1,0,0,0,,player.fcgi?id=jensen000max,,,
Brodie Johnston,20,2026,Vanderbilt,SEC,57,278,234,59,78,17,1,15,47,5,1,35,48,0.333,0.428,0.607,1.035,142,5,6,0,3,0,,player.fcgi?id=johnst000bro,,,
Carter Johnstone*,20,2026,Vanderbilt,SEC,18,52,42,4,6,1,0,0,2,1,0,8,10,0.143,0.289,0.167,0.455,7,3,1,0,1,0,,player.fcgi?id=johnst001car,,,
Logan Johnstone*,23,2026,Vanderbilt,SEC,52,241,195,43,58,7,1,10,43,7,4,41,48,0.297,0.417,0.497,0.914,97,0,1,1,3,0,,player.fcgi?id=johnst000log,,,
Aukai Kea,20,2026,Vanderbilt,SEC,12,18,18,3,3,0,0,3,7,0,0,0,7,0.167,0.167,0.667,0.833,12,0,0,0,0,0,,player.fcgi?id=kea---000auk,,,
Chris Maldonado,23,2026,Vanderbilt,SEC,41,124,106,21,27,9,0,4,21,0,1,13,21,0.255,0.358,0.453,0.811,48,1,4,1,0,0,,player.fcgi?id=maldon002chr,,,
Mike Mancini*,22,2026,Vanderbilt,SEC,53,254,200,51,61,13,0,15,44,20,1,43,52,0.305,0.433,0.595,1.028,119,2,5,2,4,0,,player.fcgi?id=mancin000mik,,,
Korbin Reynolds,19,2026,Vanderbilt,SEC,49,184,154,25,36,6,1,6,28,2,0,9,61,0.234,0.335,0.403,0.738,62,0,16,2,3,0,,player.fcgi?id=reynol000kor,,,
Rustan Rigdon#,20,2026,Vanderbilt,SEC,54,233,189,47,51,7,3,6,31,15,5,32,41,0.27,0.389,0.434,0.823,82,4,6,4,2,0,,player.fcgi?id=rigdon000rus,,,
Cade Sears*,20,2026,Vanderbilt,SEC,26,4,4,9,1,0,0,0,1,3,0,0,3,0.25,0.25,0.25,0.5,1,0,0,0,0,0,,player.fcgi?id=sears-000cad,,,
Ryker Waite#,19,2026,Vanderbilt,SEC,58,257,197,45,60,13,3,7,44,13,3,38,53,0.305,0.443,0.508,0.95,100,3,14,4,4,3,,player.fcgi?id=waite-000ryk,,,
Mack Whitcomb,20,2026,Vanderbilt,SEC,27,79,62,14,20,3,1,3,18,0,0,12,24,0.323,0.456,0.548,1.004,34,0,4,0,1,0,,player.fcgi?id=whitco000mac,,,