Name,Age,Season,Team,G,PA,AB,R,H,2B,3B,HR,RBI,SB,CS,BB,SO,BA,OBP,SLG,OPS,TB,GDP,HBP,SH,SF,IBB,Notes,Name-additional
Seth Baldwin?,--,2011,North Carolina,62,185,151,25,37,8,2,5,27,3,1,28,46,0.245,0.366,0.424,0.79,64,,2,2,2,,,player.fcgi?id=baldwi000set
Jeff Bouton,19,2011,North Carolina,47,46,39,13,10,0,1,1,5,3,0,4,22,0.256,0.356,0.385,0.74,15,,2,1,0,,,player.fcgi?id=bouton002jef
Ben Bunting?,--,2011,North Carolina,67,317,279,54,80,6,4,1,40,17,4,22,33,0.287,0.35,0.348,0.698,97,,7,6,3,,,player.fcgi?id=buntin000ben
Tommy Coyle?,--,2011,North Carolina,67,322,270,57,84,16,3,2,36,18,6,40,26,0.311,0.411,0.415,0.826,112,,6,6,0,,,player.fcgi?id=coyle-000tom
Garrett Davis*,20,2011,North Carolina,5,1,0,1,0,0,0,0,0,0,0,1,0,,1,,,0,,0,0,0,,,player.fcgi?id=davis-002gar
Chaz Frank*,20,2011,North Carolina,65,288,230,45,64,8,4,0,35,10,3,43,32,0.278,0.411,0.348,0.759,80,,11,1,3,,,player.fcgi?id=frank-004cha
Brian Holberton*,19,2011,North Carolina,48,104,88,12,22,6,1,1,15,0,1,13,15,0.25,0.34,0.375,0.715,33,,0,1,2,,,player.fcgi?id=holber000bri
Greg Holt,22,2011,North Carolina,51,77,68,15,27,6,0,3,23,1,0,7,12,0.397,0.447,0.618,1.065,42,,0,1,1,,,player.fcgi?id=holt--000gre
Parks Jordan*,19,2011,North Carolina,33,39,28,5,5,1,0,0,3,0,0,6,11,0.179,0.343,0.214,0.557,6,,1,4,0,,,player.fcgi?id=jordan000par
Levi Michael,20,2011,North Carolina,65,309,242,53,70,14,3,5,48,15,1,49,47,0.289,0.434,0.434,0.868,105,,15,0,3,,,player.fcgi?id=michae000lev
Colin Moran*,18,2011,North Carolina,67,304,248,46,83,20,2,9,71,2,2,47,33,0.335,0.442,0.54,0.982,134,,3,3,3,,,player.fcgi?id=moran-000col
Matt Roberts,19,2011,North Carolina,29,45,39,7,8,3,0,0,2,0,0,3,12,0.205,0.295,0.282,0.578,11,,2,1,0,,,player.fcgi?id=robert003mat
Jacob Stallings,21,2011,North Carolina,67,292,233,52,68,18,1,4,43,4,0,44,41,0.292,0.403,0.429,0.832,100,,4,4,7,,,player.fcgi?id=stalli002jac
Jesse Wierzbicki,22,2011,North Carolina,65,280,230,50,66,13,3,7,40,7,2,32,49,0.287,0.384,0.461,0.845,106,,8,4,6,,,player.fcgi?id=wierzb001jes
Tom Zengel?,--,2011,North Carolina,48,140,113,17,23,4,2,1,23,3,1,19,18,0.204,0.324,0.301,0.625,34,,3,1,4,,,player.fcgi?id=zengel000tom
Josh Ake,19,2012,North Carolina,5,4,3,1,0,0,0,0,0,0,0,1,1,0,0.25,0,0.25,0,,0,0,0,0,,player.fcgi?id=ake---000jos
Grayson Atwood,19,2012,North Carolina,19,22,17,6,6,1,0,1,5,0,0,4,9,0.353,0.5,0.588,1.088,10,,1,0,0,0,,player.fcgi?id=atwood000gra
Tommy Coyle?,--,2012,North Carolina,62,294,246,53,60,7,6,4,29,14,1,40,34,0.244,0.355,0.37,0.725,91,,3,4,1,0,,player.fcgi?id=coyle-000tom
Chaz Frank*,21,2012,North Carolina,61,308,242,45,71,14,6,0,39,16,4,46,37,0.293,0.419,0.401,0.82,97,,10,5,5,0,,player.fcgi?id=frank-004cha
Adam Griffin,19,2012,North Carolina,34,105,86,14,23,1,1,0,20,3,2,9,23,0.267,0.35,0.302,0.652,26,,4,2,4,0,,player.fcgi?id=griffi000ada
Brian Holberton*,20,2012,North Carolina,50,147,118,22,35,5,2,1,15,1,0,20,14,0.297,0.404,0.398,0.803,47,,2,6,1,1,,player.fcgi?id=holber000bri
Parks Jordan*,20,2012,North Carolina,60,230,189,29,51,7,4,0,31,7,4,21,28,0.27,0.357,0.349,0.707,66,,7,9,4,1,,player.fcgi?id=jordan000par
Shell McCain,19,2012,North Carolina,38,91,81,9,19,3,0,2,14,0,0,8,15,0.235,0.311,0.346,0.657,28,,1,1,0,0,,player.fcgi?id=mccain000she
Colin Moran*,19,2012,North Carolina,41,198,170,30,62,11,1,3,35,1,2,21,24,0.365,0.434,0.494,0.928,84,,3,0,4,4,,player.fcgi?id=moran-000col
Bradley Morton?,--,2012,North Carolina,1,2,2,0,0,0,0,0,0,0,0,0,1,0,0,0,0,0,,0,0,0,0,,player.fcgi?id=morton000bra
Matt Roberts,20,2012,North Carolina,20,32,27,1,3,1,0,0,3,0,0,3,6,0.111,0.219,0.148,0.367,4,,1,0,1,0,,player.fcgi?id=robert003mat
Michael Russell,19,2012,North Carolina,62,275,223,40,60,14,1,0,24,14,3,36,42,0.269,0.383,0.341,0.724,76,,7,6,3,0,,player.fcgi?id=russel004mic
Jacob Stallings,22,2012,North Carolina,62,280,238,44,70,24,0,4,42,5,1,34,48,0.294,0.388,0.445,0.834,106,,4,2,2,0,,player.fcgi?id=stalli002jac
Cody Stubbs*,21,2012,North Carolina,62,269,233,39,60,19,0,5,35,6,1,27,48,0.258,0.347,0.403,0.75,94,,6,1,2,1,,player.fcgi?id=stubbs001rol
Tom Zengel?,--,2012,North Carolina,42,109,91,19,26,7,2,0,19,2,0,14,19,0.286,0.376,0.407,0.783,37,,1,0,3,1,,player.fcgi?id=zengel000tom
Mike Zolk?,--,2012,North Carolina,53,193,161,20,41,6,2,0,26,2,1,20,19,0.255,0.333,0.317,0.65,51,,2,4,6,0,,player.fcgi?id=zolk--000mik
Grayson Atwood,20,2013,North Carolina,21,27,22,5,5,0,0,1,6,0,0,5,7,0.227,0.37,0.364,0.734,8,,0,0,0,0,,player.fcgi?id=atwood000gra
Skye Bolt#,19,2013,North Carolina,54,260,212,48,68,14,2,6,51,10,3,32,28,0.321,0.418,0.491,0.909,104,,7,4,5,1,,player.fcgi?id=bolt--000sky
Matt Campbell,19,2013,North Carolina,17,15,13,5,3,0,1,0,2,0,0,2,1,0.231,0.333,0.385,0.718,5,,0,0,0,0,,player.fcgi?id=campbe005mat
Zach Daly*,19,2013,North Carolina,12,11,10,4,3,0,0,0,0,0,0,1,1,0.3,0.364,0.3,0.664,3,,0,0,0,0,,player.fcgi?id=daly--000zac
Korey Dunbar,19,2013,North Carolina,39,55,44,5,7,2,0,0,3,1,0,7,15,0.159,0.302,0.205,0.506,9,,2,2,0,0,,player.fcgi?id=dunbar000kor
Chaz Frank*,22,2013,North Carolina,65,327,274,59,80,15,5,1,35,24,4,32,22,0.292,0.374,0.394,0.768,108,,8,6,7,2,,player.fcgi?id=frank-004cha
Brian Holberton*,21,2013,North Carolina,70,306,250,54,77,13,0,12,57,8,6,43,30,0.308,0.419,0.504,0.923,126,,7,3,3,2,,player.fcgi?id=holber000bri
Parks Jordan*,21,2013,North Carolina,62,191,159,25,40,2,0,1,27,3,3,20,28,0.252,0.351,0.283,0.634,45,,6,3,3,1,,player.fcgi?id=jordan000par
Landon Lassiter,20,2013,North Carolina,69,330,257,75,92,14,3,1,28,8,4,53,44,0.358,0.491,0.447,0.938,115,,16,2,2,0,,player.fcgi?id=lassit000lan
Michael Massardo*,19,2013,North Carolina,18,11,9,4,2,0,0,0,0,0,2,1,3,0.222,0.3,0.222,0.522,2,,0,1,0,0,,player.fcgi?id=massar002mic
Colin Moran*,20,2013,North Carolina,71,355,281,76,97,11,3,13,91,1,0,63,25,0.345,0.47,0.544,1.015,153,,7,0,4,8,,player.fcgi?id=moran-000col
Matt Roberts,21,2013,North Carolina,55,149,118,18,23,6,2,2,16,2,0,9,31,0.195,0.265,0.331,0.596,39,,3,17,2,0,,player.fcgi?id=robert003mat
Matt Rubino*,20,2013,North Carolina,12,13,10,3,2,0,0,0,2,0,0,3,4,0.2,0.385,0.2,0.585,2,,0,0,0,0,,player.fcgi?id=rubino000mat
Michael Russell,20,2013,North Carolina,70,313,265,56,79,10,3,2,39,18,2,23,33,0.298,0.382,0.381,0.763,101,,16,4,5,0,,player.fcgi?id=russel004mic
Cody Stubbs*,22,2013,North Carolina,71,328,277,64,101,26,4,8,76,5,4,38,48,0.365,0.451,0.574,1.025,159,,9,0,4,4,,player.fcgi?id=stubbs001rol
Trent Thornton,19,2013,North Carolina,29,1,1,0,1,0,0,0,0,0,0,0,0,1,1,1,2,1,,0,0,0,0,,player.fcgi?id=thornt000tre
Tom Zengel?,--,2013,North Carolina,17,18,14,1,5,1,0,0,4,0,1,2,3,0.357,0.444,0.429,0.873,6,,1,0,1,0,,player.fcgi?id=zengel000tom
Mike Zolk?,--,2013,North Carolina,68,290,242,32,65,9,1,2,40,6,4,30,22,0.269,0.351,0.339,0.69,82,,4,8,6,1,,player.fcgi?id=zolk--000mik
Colby Barnette?,--,2014,North Carolina,14,24,18,2,6,1,0,0,4,0,0,2,7,0.333,0.381,0.389,0.77,7,,0,3,1,0,,player.fcgi?id=barnet000col
Skye Bolt#,20,2014,North Carolina,61,271,218,40,56,9,0,4,32,11,1,38,30,0.257,0.373,0.353,0.726,77,,6,3,6,3,,player.fcgi?id=bolt--000sky
Adrian Chacon,19,2014,North Carolina,43,99,86,12,20,6,0,1,9,0,2,7,20,0.233,0.313,0.337,0.65,29,,4,0,2,0,,player.fcgi?id=chacon000adr
Zach Daly*,20,2014,North Carolina,39,67,61,8,16,2,0,2,7,4,1,4,23,0.262,0.313,0.393,0.707,24,,1,0,1,1,,player.fcgi?id=daly--000zac
Joe Dudek*,19,2014,North Carolina,44,115,98,13,20,3,0,4,17,0,0,16,27,0.204,0.316,0.357,0.673,35,,0,1,0,1,,player.fcgi?id=dudek-001joe
Korey Dunbar,20,2014,North Carolina,55,216,181,14,43,7,0,3,29,4,2,24,50,0.238,0.333,0.326,0.659,59,,3,6,2,0,,player.fcgi?id=dunbar000kor
Parks Jordan*,22,2014,North Carolina,62,266,234,27,62,9,1,0,29,5,1,17,30,0.265,0.327,0.312,0.639,73,,6,6,3,1,,player.fcgi?id=jordan000par
Landon Lassiter,21,2014,North Carolina,61,276,223,41,68,7,1,1,21,3,3,33,38,0.305,0.415,0.359,0.774,80,,12,4,4,1,,player.fcgi?id=lassit000lan
Michael Massardo*,20,2014,North Carolina,23,26,19,4,2,0,0,0,2,1,1,4,4,0.105,0.25,0.105,0.355,2,,0,2,1,0,,player.fcgi?id=massar002mic
Wood Myers*,19,2014,North Carolina,54,247,218,31,65,10,0,1,29,6,4,19,15,0.298,0.358,0.358,0.716,78,,3,4,3,0,,player.fcgi?id=myers-000woo
Adam Pate,19,2014,North Carolina,39,67,54,14,13,3,0,0,3,10,3,11,15,0.241,0.379,0.296,0.675,16,,1,1,0,0,,player.fcgi?id=pate--000ada
Tyler Ramirez*,19,2014,North Carolina,58,232,199,28,57,11,1,2,30,11,3,27,43,0.286,0.364,0.382,0.746,76,,0,1,5,1,,player.fcgi?id=ramire000tyl
Matt Rubino*,21,2014,North Carolina,7,4,3,0,0,0,0,0,0,0,0,1,2,0,0.25,0,0.25,0,,0,0,0,0,,player.fcgi?id=rubino000mat
Michael Russell,21,2014,North Carolina,60,269,230,43,78,20,2,4,32,13,5,29,27,0.339,0.424,0.496,0.919,114,,7,0,3,3,,player.fcgi?id=russel004mic
Brandon Whiteford*,19,2014,North Carolina,9,5,4,2,0,0,0,0,0,0,0,1,0,0,0.2,0,0.2,0,,0,0,0,0,,player.fcgi?id=whitef000bra
Tom Zengel?,--,2014,North Carolina,48,168,148,17,41,12,0,4,33,0,0,13,30,0.277,0.331,0.439,0.771,65,,1,2,4,1,,player.fcgi?id=zengel000tom
Skye Bolt#,21,2015,North Carolina,56,255,205,44,53,9,0,10,45,7,3,40,40,0.259,0.383,0.449,0.832,92,,4,2,4,2,,player.fcgi?id=bolt--000sky
Adrian Chacon,20,2015,North Carolina,22,72,61,8,18,2,0,0,4,2,0,9,16,0.295,0.389,0.328,0.717,20,,1,0,1,0,,player.fcgi?id=chacon000adr
Joe Dudek*,20,2015,North Carolina,43,138,102,14,26,9,0,2,19,1,1,34,22,0.255,0.442,0.402,0.844,41,,1,0,1,1,,player.fcgi?id=dudek-001joe
Korey Dunbar,21,2015,North Carolina,57,218,184,36,53,16,1,6,26,0,1,21,46,0.288,0.362,0.484,0.846,89,,1,11,1,1,,player.fcgi?id=dunbar000kor
Zack Gahagan,19,2015,North Carolina,52,173,154,19,33,4,1,2,32,3,0,14,32,0.214,0.291,0.292,0.583,45,,3,1,1,0,,player.fcgi?id=gahaga000zac
Preston Hudak?,--,2015,North Carolina,11,13,12,2,0,0,0,0,0,0,0,1,4,0,0.077,0,0.077,0,,0,0,0,0,,player.fcgi?id=hudak-000pre
Brooks Kennedy*,19,2015,North Carolina,19,14,14,2,4,0,1,0,1,0,1,0,6,0.286,0.286,0.429,0.714,6,,0,0,0,0,,player.fcgi?id=kenned000bro
Landon Lassiter,22,2015,North Carolina,56,258,202,29,61,14,3,0,26,6,2,36,38,0.302,0.42,0.401,0.821,81,,10,3,7,0,,player.fcgi?id=lassit000lan
Michael Massardo*,21,2015,North Carolina,11,5,5,3,0,0,0,0,0,1,0,0,5,0,0,0,0,0,,0,0,0,0,,player.fcgi?id=massar002mic
Josh Merrigan*,21,2015,North Carolina,1,1,1,0,0,0,0,0,0,0,0,0,1,0,0,0,0,0,,0,0,0,0,,player.fcgi?id=merrig002jos
Brian Miller*,19,2015,North Carolina,52,155,132,27,38,3,1,0,16,10,2,19,16,0.288,0.375,0.326,0.701,43,,0,3,1,0,,player.fcgi?id=miller006bri
Wood Myers*,20,2015,North Carolina,14,63,51,8,17,1,0,0,4,4,0,9,0,0.333,0.444,0.353,0.797,18,,2,0,1,1,,player.fcgi?id=myers-000woo
Adam Pate,20,2015,North Carolina,46,111,92,23,28,7,1,1,10,14,3,13,17,0.304,0.407,0.435,0.842,40,,3,3,0,3,,player.fcgi?id=pate--000ada
Tyler Ramirez*,20,2015,North Carolina,58,268,214,42,61,6,4,10,40,18,4,44,51,0.285,0.416,0.491,0.906,105,,6,1,3,3,,player.fcgi?id=ramire000tyl
Ryder Ryan,20,2015,North Carolina,13,15,14,0,2,1,0,0,1,0,0,1,4,0.143,0.2,0.214,0.414,3,,0,0,0,0,,player.fcgi?id=ryan--000ryd
Elijah Sutherland,21,2015,North Carolina,41,133,106,16,22,6,0,0,11,3,1,19,18,0.208,0.351,0.264,0.615,28,,5,2,1,0,,player.fcgi?id=suther000eli
Logan Warmoth,19,2015,North Carolina,58,237,195,21,48,4,0,1,31,11,3,18,29,0.246,0.315,0.282,0.597,55,,4,15,5,0,,player.fcgi?id=warmot000log
Hunter Williams*,19,2015,North Carolina,19,6,6,0,1,0,0,0,1,0,0,0,1,0.167,0.167,0.167,0.333,1,,0,0,0,0,,player.fcgi?id=willia000hun
Wyatt Cross*,19,2016,North Carolina,15,13,8,2,1,1,0,0,2,0,0,3,4,0.125,0.462,0.25,0.712,2,,2,0,0,0,,player.fcgi?id=cross-000wya
Kyle Datres,20,2016,North Carolina,53,197,152,39,38,6,2,3,23,6,0,27,28,0.25,0.384,0.375,0.759,57,,8,7,3,0,,player.fcgi?id=datres000kyl
Zack Gahagan,20,2016,North Carolina,51,181,148,24,44,6,0,5,34,1,0,22,29,0.297,0.391,0.439,0.83,65,,2,7,2,0,,player.fcgi?id=gahaga000zac
Cole Gibbs*,19,2016,North Carolina,8,8,6,0,0,0,0,0,0,0,0,2,5,0,0.25,0,0.25,0,,0,0,0,0,,player.fcgi?id=gibbs-000col
Brendan Illies,19,2016,North Carolina,14,13,9,2,2,0,0,0,2,0,0,3,2,0.222,0.385,0.222,0.607,2,,0,0,1,0,,player.fcgi?id=illies000bre
Utah Jones#,20,2016,North Carolina,20,13,11,4,0,0,0,0,2,0,0,1,5,0,0.083,0,0.083,0,,0,1,0,0,,player.fcgi?id=jones-000uta
Josh Ladowski,19,2016,North Carolina,7,5,5,1,0,0,0,0,0,0,0,0,1,0,0,0,0,0,,0,0,0,0,,player.fcgi?id=ladows000jos
Tyler Lynn*,21,2016,North Carolina,52,182,149,34,35,7,2,3,14,6,2,24,18,0.235,0.359,0.369,0.728,55,,6,1,2,0,,player.fcgi?id=lynn--000tyl
Brian Miller*,20,2016,North Carolina,54,269,226,56,78,12,5,2,33,21,5,34,29,0.345,0.44,0.469,0.909,106,,5,3,1,0,,player.fcgi?id=miller006bri
Adam Pate,21,2016,North Carolina,54,242,193,41,55,12,1,0,22,17,4,38,44,0.285,0.403,0.358,0.761,69,,1,9,1,0,,player.fcgi?id=pate--000ada
Tyler Ramirez*,21,2016,North Carolina,54,255,189,46,63,11,2,8,47,10,3,50,54,0.333,0.482,0.54,1.022,102,,9,2,5,2,,player.fcgi?id=ramire000tyl
Brandon Riley*,19,2016,North Carolina,54,222,194,27,57,16,3,1,35,3,1,20,28,0.294,0.355,0.423,0.777,82,,1,2,5,1,,player.fcgi?id=riley-001bra
Cody Roberts,20,2016,North Carolina,55,204,168,27,43,5,1,1,29,3,0,15,30,0.256,0.323,0.315,0.638,53,,3,15,3,0,,player.fcgi?id=robert000cod
Ryder Ryan,21,2016,North Carolina,20,31,26,3,6,2,0,0,2,1,0,5,8,0.231,0.355,0.308,0.663,8,,0,0,0,1,,player.fcgi?id=ryan--000ryd
Elijah Sutherland,22,2016,North Carolina,51,206,164,31,38,9,0,5,37,7,3,28,25,0.232,0.358,0.378,0.736,62,,6,5,3,0,,player.fcgi?id=suther000eli
Logan Warmoth,20,2016,North Carolina,53,246,208,33,70,14,2,4,53,8,6,21,24,0.337,0.402,0.481,0.883,100,,6,5,6,0,,player.fcgi?id=warmot000log
Michael Busch*,19,2017,North Carolina,55,168,135,21,29,8,0,3,22,2,2,27,32,0.215,0.349,0.341,0.69,46,,2,2,2,0,,player.fcgi?id=busch-002mic
Kyle Datres,21,2017,North Carolina,63,285,230,48,61,13,1,7,51,4,3,29,45,0.265,0.391,0.422,0.813,97,,20,4,2,2,,player.fcgi?id=datres000kyl
Ike Freeman,19,2017,North Carolina,39,60,46,13,8,3,0,1,8,0,0,7,10,0.174,0.286,0.304,0.59,14,,1,4,2,0,,player.fcgi?id=freema000ike
Zack Gahagan,21,2017,North Carolina,62,260,210,45,51,9,0,7,42,6,2,33,51,0.243,0.366,0.386,0.751,81,,10,3,4,0,,player.fcgi?id=gahaga000zac
Aaron Greenfield,18,2017,North Carolina,1,1,1,0,0,0,0,0,0,0,0,0,0,0,0,0,0,0,,0,0,0,0,,player.fcgi?id=greenf000aar
Brendan Illies,20,2017,North Carolina,12,14,10,0,2,2,0,0,3,0,0,2,1,0.2,0.429,0.4,0.829,4,,2,0,0,0,,player.fcgi?id=illies000bre
Utah Jones#,21,2017,North Carolina,18,12,10,1,0,0,0,0,0,0,0,1,6,0,0.091,0,0.091,0,,0,1,0,0,,player.fcgi?id=jones-000uta
Josh Ladowski,20,2017,North Carolina,24,23,21,5,7,0,0,0,4,0,1,2,7,0.333,0.391,0.333,0.725,7,,0,0,0,0,,player.fcgi?id=ladows000jos
Tyler Lynn*,22,2017,North Carolina,59,231,192,42,60,9,3,7,41,6,4,29,23,0.313,0.413,0.5,0.913,96,,6,1,3,1,,player.fcgi?id=lynn--000tyl
Brandon Martorano,19,2017,North Carolina,36,55,44,5,3,0,0,0,5,0,0,6,13,0.068,0.208,0.068,0.276,3,,2,2,1,0,,player.fcgi?id=martor000bra
Ashton McGee*,18,2017,North Carolina,58,266,223,45,73,10,2,7,46,1,1,36,57,0.327,0.417,0.484,0.902,108,,2,0,5,2,,player.fcgi?id=mcgee-000ash
Brian Miller*,21,2017,North Carolina,63,314,271,61,93,16,3,7,49,24,6,38,35,0.343,0.422,0.502,0.924,136,,1,1,3,0,,player.fcgi?id=miller006bri
Adam Pate,22,2017,North Carolina,36,81,59,13,8,2,0,0,7,2,2,20,16,0.136,0.35,0.169,0.519,10,,0,1,1,0,,player.fcgi?id=pate--000ada
Brandon Riley*,20,2017,North Carolina,63,268,224,46,71,9,5,7,52,10,4,37,34,0.317,0.406,0.496,0.902,111,,0,2,5,1,,player.fcgi?id=riley-001bra
Cody Roberts,21,2017,North Carolina,62,242,198,44,53,11,2,2,27,5,0,26,29,0.268,0.371,0.374,0.745,74,,9,5,4,0,,player.fcgi?id=robert000cod
Logan Warmoth,21,2017,North Carolina,63,307,271,60,91,19,5,10,49,18,3,28,47,0.336,0.404,0.554,0.957,150,,5,0,3,0,,player.fcgi?id=warmot000log
Kip Brandenburg,20,2018,North Carolina,18,31,27,3,8,2,0,1,9,0,0,3,9,0.296,0.367,0.481,0.848,13,,0,1,0,0,,player.fcgi?id=brande000kip
Michael Busch*,20,2018,North Carolina,64,310,240,70,76,10,0,13,63,8,1,55,30,0.317,0.465,0.521,0.985,125,,13,0,2,4,,player.fcgi?id=busch-002mic
Ben Casparius,19,2018,North Carolina,30,67,57,6,18,3,1,0,15,0,1,9,14,0.316,0.409,0.404,0.813,23,,0,1,0,0,,player.fcgi?id=caspar000ben
Kyle Datres,22,2018,North Carolina,64,314,264,68,91,17,3,7,36,12,2,33,38,0.345,0.438,0.511,0.949,135,,13,1,3,0,,player.fcgi?id=datres000kyl
Dylan Enwiller,21,2018,North Carolina,50,83,71,17,17,2,0,1,7,4,1,7,23,0.239,0.329,0.31,0.639,22,,3,1,1,0,,player.fcgi?id=enwill000dyl
Ike Freeman,20,2018,North Carolina,64,273,223,37,68,5,1,3,51,3,1,26,25,0.305,0.383,0.377,0.76,84,,9,4,11,0,,player.fcgi?id=freema000ike
Zack Gahagan,22,2018,North Carolina,64,273,231,44,63,6,0,7,40,4,1,32,50,0.273,0.365,0.39,0.755,90,,4,2,4,0,,player.fcgi?id=gahaga000zac
Jackson Hesterlee*,21,2018,North Carolina,41,75,57,10,18,4,0,1,10,0,0,14,18,0.316,0.453,0.439,0.892,25,,2,0,2,0,,player.fcgi?id=hester000jac
Brendan Illies,21,2018,North Carolina,15,8,6,1,1,0,0,0,0,0,0,1,1,0.167,0.375,0.167,0.542,1,,1,0,0,0,,player.fcgi?id=illies000bre
Clemente Inclan*,19,2018,North Carolina,36,59,45,8,12,2,0,0,10,0,0,11,9,0.267,0.424,0.311,0.735,14,,2,0,1,2,,player.fcgi?id=inclan000cle
Josh Ladowski,21,2018,North Carolina,32,27,24,6,6,2,2,0,3,3,0,3,7,0.25,0.333,0.5,0.833,12,,0,0,0,0,,player.fcgi?id=ladows000jos
Joey Lancellotti,20,2018,North Carolina,31,2,2,1,1,0,0,0,0,0,0,0,0,0.5,0.5,0.5,1,1,,0,0,0,0,,player.fcgi?id=lancel000joe
Brandon Martorano,20,2018,North Carolina,57,210,171,34,42,11,2,9,36,0,0,32,58,0.246,0.375,0.491,0.866,84,,4,2,1,0,,player.fcgi?id=martor000bra
Ashton McGee*,19,2018,North Carolina,59,227,191,26,49,7,4,2,28,2,2,32,53,0.257,0.367,0.366,0.734,70,,2,1,1,1,,player.fcgi?id=mcgee-000ash
Brandon Riley*,21,2018,North Carolina,64,303,250,43,71,14,2,5,55,6,5,45,47,0.284,0.386,0.416,0.802,104,,1,0,7,0,,player.fcgi?id=riley-001bra
Cody Roberts,22,2018,North Carolina,58,262,216,49,60,12,0,5,41,4,4,28,56,0.278,0.369,0.403,0.771,87,,6,7,5,0,,player.fcgi?id=robert000cod
Earl Semper#,--,2018,North Carolina,10,10,8,0,1,1,0,0,0,0,0,2,5,0.125,0.3,0.25,0.55,2,,0,0,0,0,,player.fcgi?id=semper000ear
Dallas Tessar,21,2018,North Carolina,53,140,117,28,27,4,0,2,10,3,0,13,33,0.231,0.319,0.316,0.635,37,,3,5,2,0,,player.fcgi?id=tessar000dal
Angel Zarate*,18,2018,North Carolina,7,8,7,1,0,0,0,0,0,0,0,0,3,0,0.125,0,0.125,0,,1,0,0,0,,player.fcgi?id=zarate000ang
Cameran Brantley*,19,2019,North Carolina,7,9,7,1,1,0,0,0,1,0,0,1,3,0.143,0.222,0.143,0.365,1,,0,0,1,0,,player.fcgi?id=brantl000cam
Michael Busch*,21,2019,North Carolina,65,312,243,78,69,14,1,16,57,4,5,61,39,0.284,0.436,0.547,0.983,133,,6,0,2,6,,player.fcgi?id=busch-002mic
Ben Casparius,20,2019,North Carolina,29,47,39,3,7,1,0,0,9,0,0,3,8,0.179,0.261,0.205,0.466,8,,2,1,2,0,,player.fcgi?id=caspar000ben
Tommy Caufield*,19,2019,North Carolina,13,7,7,5,2,0,0,0,2,0,0,0,2,0.286,0.286,0.286,0.571,2,,0,0,0,0,,player.fcgi?id=caufie000tom
Dylan Enwiller,22,2019,North Carolina,60,156,133,34,34,6,2,5,29,11,0,13,38,0.256,0.331,0.444,0.775,59,,3,5,2,0,,player.fcgi?id=enwill000dyl
Ike Freeman,21,2019,North Carolina,65,298,232,45,68,9,2,6,52,2,0,51,32,0.293,0.436,0.427,0.863,99,,11,0,4,3,,player.fcgi?id=freema000ike
Dylan Harris*,22,2019,North Carolina,65,311,246,62,66,15,1,7,29,5,1,53,45,0.268,0.397,0.423,0.82,104,,3,4,5,0,,player.fcgi?id=harris001dyl
Jackson Hesterlee*,22,2019,North Carolina,52,140,119,24,35,9,2,6,26,0,0,15,42,0.294,0.393,0.555,0.947,66,,5,0,1,0,,player.fcgi?id=hester000jac
Jake Holtzapple?,--,2019,North Carolina,8,8,6,0,0,0,0,0,1,0,0,2,3,0,0.25,0,0.25,0,,0,0,0,0,,player.fcgi?id=holtza000jak
Brendan Illies,22,2019,North Carolina,19,14,11,1,2,1,0,1,1,0,0,2,3,0.182,0.357,0.545,0.903,6,,1,0,0,0,,player.fcgi?id=illies000bre
Clemente Inclan*,20,2019,North Carolina,29,33,22,3,5,1,0,0,4,2,0,8,4,0.227,0.394,0.273,0.667,6,,0,0,3,0,,player.fcgi?id=inclan000cle
Brandon Martorano,21,2019,North Carolina,64,265,217,37,54,10,0,8,43,2,2,33,66,0.249,0.364,0.406,0.77,88,,8,4,3,1,,player.fcgi?id=martor000bra
Ashton McGee*,20,2019,North Carolina,64,277,216,48,60,12,1,7,46,7,1,51,49,0.278,0.419,0.44,0.859,95,,5,0,5,0,,player.fcgi?id=mcgee-000ash
Caleb Roberts*,19,2019,North Carolina,54,188,150,23,34,8,0,0,17,2,0,29,23,0.227,0.374,0.28,0.654,42,,7,1,1,1,,player.fcgi?id=robert002cal
Aaron Sabato,20,2019,North Carolina,64,278,230,47,79,25,1,18,63,0,1,39,56,0.343,0.453,0.696,1.149,160,,8,0,1,2,,player.fcgi?id=sabato000aar
Will Schroeder,19,2019,North Carolina,18,21,14,3,2,0,0,0,1,1,1,7,3,0.143,0.429,0.143,0.571,2,,0,0,0,0,,player.fcgi?id=schroe003wil
Earl Semper#,--,2019,North Carolina,7,10,8,2,2,0,0,0,1,0,0,2,3,0.25,0.4,0.25,0.65,2,,0,0,0,0,,player.fcgi?id=semper000ear
Danny Serretti#,19,2019,North Carolina,61,265,231,36,69,18,1,3,45,4,1,27,42,0.299,0.373,0.424,0.797,98,,2,2,3,2,,player.fcgi?id=serret000dan
Dallas Tessar,22,2019,North Carolina,52,74,61,14,13,3,0,1,7,4,0,8,14,0.213,0.324,0.311,0.635,19,,2,3,0,0,,player.fcgi?id=tessar000dal
Angel Zarate*,19,2019,North Carolina,13,11,10,6,1,0,0,0,0,0,0,1,4,0.1,0.182,0.1,0.282,1,,0,0,0,0,,player.fcgi?id=zarate000ang
Patrick Alvarez,19,2020,North Carolina,18,55,47,6,10,2,0,1,9,0,1,5,11,0.213,0.291,0.319,0.61,15,,1,0,2,0,,player.fcgi?id=alvare000pat
Tyler Causey*,19,2020,North Carolina,11,19,17,3,5,0,0,1,6,0,0,2,6,0.294,0.368,0.471,0.839,8,,0,0,0,0,,player.fcgi?id=causey000tyl
Eric Grintz,20,2020,North Carolina,11,29,28,5,9,4,0,0,10,0,0,0,7,0.321,0.345,0.464,0.809,13,,1,0,0,0,,player.fcgi?id=grintz000eri
Dylan Harris*,23,2020,North Carolina,19,89,73,22,20,1,3,5,11,3,0,14,8,0.274,0.404,0.575,0.98,42,,2,0,0,0,,player.fcgi?id=harris001dyl
Jake Holtzapple?,--,2020,North Carolina,8,13,12,1,3,0,0,1,2,0,0,1,1,0.25,0.308,0.5,0.808,6,,0,0,0,0,,player.fcgi?id=holtza000jak
Clemente Inclan*,21,2020,North Carolina,9,11,8,3,1,1,0,0,2,0,0,3,4,0.125,0.364,0.25,0.614,2,,0,0,0,0,,player.fcgi?id=inclan000cle
Tyler Kehoe*,19,2020,North Carolina,5,6,5,0,2,0,0,0,2,0,0,0,2,0.4,0.333,0.4,0.733,2,,0,0,1,0,,player.fcgi?id=kehoe-000tyl
Joey Lancellotti,22,2020,North Carolina,18,67,60,7,14,4,1,2,10,0,0,5,15,0.233,0.299,0.433,0.732,26,,1,0,1,0,,player.fcgi?id=lancel000joe
Mikey Madej#,22,2020,North Carolina,19,70,60,8,11,4,0,0,10,2,1,2,13,0.183,0.261,0.25,0.511,15,,5,1,2,0,,player.fcgi?id=madej-000mik
Caleb Roberts*,20,2020,North Carolina,3,9,8,1,1,0,0,0,0,1,0,1,1,0.125,0.222,0.125,0.347,1,,0,0,0,0,,player.fcgi?id=robert002cal
Aaron Sabato,21,2020,North Carolina,19,90,65,20,19,6,0,7,18,0,0,22,16,0.292,0.478,0.708,1.185,46,,2,0,1,1,,player.fcgi?id=sabato000aar
Will Schroeder,20,2020,North Carolina,13,15,11,3,2,1,0,0,1,0,0,2,5,0.182,0.286,0.273,0.558,3,,0,1,1,0,,player.fcgi?id=schroe003wil
Earl Semper#,--,2020,North Carolina,10,27,22,4,4,0,0,0,1,0,0,4,7,0.182,0.333,0.182,0.515,4,,1,0,0,0,,player.fcgi?id=semper000ear
Danny Serretti#,20,2020,North Carolina,19,90,76,19,19,2,0,0,7,0,1,13,12,0.25,0.356,0.276,0.632,21,,0,0,1,1,,player.fcgi?id=serret000dan
Kyle Smith?,--,2020,North Carolina,9,13,10,2,2,0,0,0,1,0,0,0,4,0.2,0.385,0.2,0.585,2,,3,0,0,0,,player.fcgi?id=smith-023kyl
Will Stewart*,19,2020,North Carolina,14,49,36,6,8,0,1,1,9,1,0,10,9,0.222,0.404,0.361,0.765,13,,1,2,0,1,,player.fcgi?id=stewar011wil
Dallas Tessar,23,2020,North Carolina,16,35,29,12,9,4,0,2,5,1,0,4,8,0.31,0.4,0.655,1.055,19,,1,0,1,0,,player.fcgi?id=tessar000dal
Angel Zarate*,20,2020,North Carolina,19,87,71,15,29,4,1,0,18,5,1,11,4,0.408,0.477,0.493,0.97,35,,1,1,3,0,,player.fcgi?id=zarate000ang
Patrick Alvarez,20,2021,North Carolina,1,2,1,0,0,0,0,0,0,0,0,1,1,0,0.5,0,0.5,0,,0,0,0,0,,player.fcgi?id=alvare000pat
Johnny Castagnozzi,19,2021,North Carolina,42,124,109,16,26,4,0,4,15,1,0,10,48,0.239,0.309,0.385,0.694,42,,2,1,2,0,,player.fcgi?id=castag000joh
Tyler Causey*,20,2021,North Carolina,26,53,48,5,12,1,0,2,6,0,0,5,15,0.25,0.321,0.396,0.717,19,,0,0,0,0,,player.fcgi?id=causey000tyl
Brett Centracchio*,23,2021,North Carolina,47,186,172,26,43,14,1,7,23,0,1,10,35,0.25,0.297,0.465,0.762,80,,2,1,1,0,,player.fcgi?id=centra000bre
Brandon Eike,19,2021,North Carolina,4,7,6,0,0,0,0,0,0,0,0,1,3,0,0.143,0,0.143,0,,0,0,0,0,,player.fcgi?id=eike--000bra
Tomas Frick,20,2021,North Carolina,53,206,191,23,49,11,0,2,16,0,0,12,34,0.257,0.307,0.346,0.653,66,,2,1,0,0,,player.fcgi?id=frick-000tom
Eric Grintz,21,2021,North Carolina,16,26,22,1,5,1,0,0,3,0,0,4,10,0.227,0.346,0.273,0.619,6,,0,0,0,0,,player.fcgi?id=grintz000eri
Jake Holtzapple?,--,2021,North Carolina,20,31,28,0,7,0,0,0,7,0,0,1,9,0.25,0.258,0.25,0.508,7,,0,0,2,0,,player.fcgi?id=holtza000jak
Mac Horvath,19,2021,North Carolina,46,136,119,13,27,4,0,5,22,0,0,15,23,0.227,0.311,0.387,0.698,46,,0,1,1,1,,player.fcgi?id=horvat000mac
Clemente Inclan*,22,2021,North Carolina,33,78,66,13,14,1,0,6,13,0,0,8,32,0.212,0.333,0.5,0.833,33,,4,0,0,1,,player.fcgi?id=inclan000cle
Mikey Madej#,23,2021,North Carolina,22,23,20,5,2,0,0,0,1,0,0,2,5,0.1,0.174,0.1,0.274,2,,0,0,1,0,,player.fcgi?id=madej-000mik
Jack Riedel*,19,2021,North Carolina,8,10,10,0,2,1,0,0,0,0,0,0,6,0.2,0.2,0.3,0.5,3,,0,0,0,0,,player.fcgi?id=riedel000jac
Max Riemer*,21,2021,North Carolina,15,36,31,3,8,2,0,1,5,0,0,3,8,0.258,0.361,0.419,0.78,13,,2,0,0,0,,player.fcgi?id=riemer000max
Caleb Roberts*,21,2021,North Carolina,55,252,189,44,51,7,1,10,36,6,2,44,41,0.27,0.442,0.476,0.918,90,,16,1,2,3,,player.fcgi?id=robert002cal
Will Schroeder,21,2021,North Carolina,5,11,9,4,3,1,0,0,0,0,0,2,4,0.333,0.455,0.444,0.899,4,,0,0,0,0,,player.fcgi?id=schroe003wil
Danny Serretti#,21,2021,North Carolina,55,241,213,32,53,18,3,9,39,3,1,24,48,0.249,0.332,0.488,0.82,104,,3,0,1,0,,player.fcgi?id=serret000dan
Will Stewart*,20,2021,North Carolina,7,18,16,2,4,0,0,1,5,0,0,2,7,0.25,0.333,0.438,0.771,7,,0,0,0,0,,player.fcgi?id=stewar011wil
Hunter Stokely*,20,2021,North Carolina,12,27,27,2,5,1,0,2,3,0,0,0,9,0.185,0.185,0.444,0.63,12,,0,0,0,0,,player.fcgi?id=stokel000hun
Dallas Tessar,24,2021,North Carolina,37,118,94,18,23,9,0,4,16,0,1,15,31,0.245,0.383,0.468,0.851,44,,6,3,0,0,,player.fcgi?id=tessar000dal
Justice Thompson,20,2021,North Carolina,54,241,207,36,63,8,0,7,24,15,2,25,67,0.304,0.386,0.444,0.83,92,,5,0,4,0,,player.fcgi?id=thomps006jus
Max Troiani,22,2021,North Carolina,13,30,26,5,6,3,0,0,1,0,0,3,10,0.231,0.3,0.346,0.646,9,,0,0,1,0,,player.fcgi?id=troian000max
Colby Wilkerson#,20,2021,North Carolina,33,73,63,10,16,3,0,0,5,1,0,5,16,0.254,0.324,0.302,0.626,19,,2,2,1,0,,player.fcgi?id=wilker000col
Angel Zarate*,21,2021,North Carolina,48,220,179,33,58,7,3,6,32,3,6,31,24,0.324,0.424,0.497,0.921,89,,3,3,4,0,,player.fcgi?id=zarate000ang
Patrick Alvarez,21,2022,North Carolina,21,39,34,11,5,0,0,1,6,0,0,5,2,0.147,0.256,0.235,0.492,8,0,0,0,0,0,,player.fcgi?id=alvare000pat
Johnny Castagnozzi,20,2022,North Carolina,58,242,206,36,53,9,0,10,30,1,1,23,47,0.257,0.363,0.447,0.809,92,5,11,2,0,0,,player.fcgi?id=castag000joh
Tyler Causey*,21,2022,North Carolina,5,6,6,0,1,0,0,0,2,0,0,0,3,0.167,0.167,0.167,0.333,1,0,0,0,0,0,,player.fcgi?id=causey000tyl
Casey Cook*,19,2022,North Carolina,4,9,8,0,0,0,0,0,1,0,0,0,4,0,0.111,0,0.111,0,0,1,0,0,0,,player.fcgi?id=cook--000cas
Brandon Eike,20,2022,North Carolina,4,5,5,0,0,0,0,0,0,0,0,0,4,0,0,0,0,0,0,0,0,0,0,,player.fcgi?id=eike--000bra
Tomas Frick,21,2022,North Carolina,61,252,215,22,56,15,0,3,33,0,0,18,38,0.26,0.348,0.372,0.72,80,4,13,2,4,0,,player.fcgi?id=frick-000tom
Eric Grintz,22,2022,North Carolina,26,37,29,6,9,1,0,1,9,0,0,6,7,0.31,0.432,0.448,0.881,13,0,1,0,1,0,,player.fcgi?id=grintz000eri
Reece Holbrook*,20,2022,North Carolina,26,27,25,9,4,1,1,0,3,2,1,1,10,0.16,0.192,0.28,0.472,7,1,0,1,0,0,,player.fcgi?id=holbro000ree
Vance Honeycutt,19,2022,North Carolina,64,303,247,66,73,10,4,25,57,29,5,41,90,0.296,0.409,0.672,1.081,166,0,8,5,2,0,,player.fcgi?id=honeyc000rob
Mac Horvath,20,2022,North Carolina,63,300,246,64,66,15,1,18,53,19,3,46,57,0.268,0.39,0.557,0.947,137,2,5,0,3,0,,player.fcgi?id=horvat000mac
Clemente Inclan*,23,2022,North Carolina,5,6,5,0,0,0,0,0,0,0,0,0,4,0,0.167,0,0.167,0,0,1,0,0,0,,player.fcgi?id=inclan000cle
Joe Jaconski*,19,2022,North Carolina,20,26,23,1,4,0,0,0,0,0,0,2,6,0.174,0.269,0.174,0.443,4,1,1,0,0,0,,player.fcgi?id=jacons000joe
Mikey Madej#,24,2022,North Carolina,60,189,160,27,52,5,2,4,25,2,0,18,21,0.325,0.41,0.456,0.866,73,1,7,1,3,0,,player.fcgi?id=madej-000mik
Alberto Osuna,21,2022,North Carolina,63,272,234,40,62,7,0,20,57,1,0,27,86,0.265,0.36,0.551,0.912,129,2,9,0,2,1,,player.fcgi?id=osuna-000alb
Max Riemer*,22,2022,North Carolina,23,34,27,1,5,1,0,0,3,0,0,4,7,0.185,0.353,0.222,0.575,6,1,3,0,0,0,,player.fcgi?id=riemer000max
Danny Serretti#,22,2022,North Carolina,64,302,263,56,96,17,3,10,54,2,0,32,38,0.365,0.437,0.567,1.004,149,5,4,0,3,0,,player.fcgi?id=serret000dan
Will Stewart*,21,2022,North Carolina,11,27,22,4,2,2,0,0,1,0,0,4,11,0.091,0.222,0.182,0.404,4,0,0,0,1,0,,player.fcgi?id=stewar011wil
Hunter Stokely*,21,2022,North Carolina,59,217,186,20,53,9,1,2,25,2,0,21,48,0.285,0.387,0.376,0.763,70,6,10,0,0,0,,player.fcgi?id=stokel000hun
Colby Wilkerson#,21,2022,North Carolina,34,79,63,14,14,1,1,0,4,0,0,8,12,0.222,0.355,0.27,0.625,17,1,5,3,0,0,,player.fcgi?id=wilker000col
Angel Zarate*,22,2022,North Carolina,64,320,284,58,100,19,1,7,40,4,2,30,37,0.352,0.425,0.5,0.925,142,2,6,0,0,4,,player.fcgi?id=zarate000ang
Patrick Alvarez,22,2023,North Carolina,36,112,95,17,33,4,0,3,18,1,0,12,12,0.347,0.441,0.484,0.926,46,2,4,1,0,0,,player.fcgi?id=alvare000pat
Bryce Blaser*,19,2023,North Carolina,7,6,5,0,1,0,0,0,1,0,0,1,3,0.2,0.333,0.2,0.533,1,0,0,0,0,0,,player.fcgi?id=blaser000bry
Johnny Castagnozzi,21,2023,North Carolina,40,160,134,23,36,9,0,5,30,1,0,19,26,0.269,0.377,0.448,0.825,60,4,5,1,1,0,,player.fcgi?id=castag000joh
Casey Cook*,20,2023,North Carolina,60,272,224,45,71,11,1,3,23,2,0,34,43,0.317,0.428,0.415,0.843,93,2,11,1,2,0,,player.fcgi?id=cook--000cas
Carter French*,19,2023,North Carolina,29,25,17,6,5,1,0,0,2,1,0,7,5,0.294,0.5,0.353,0.853,6,0,0,1,0,0,,player.fcgi?id=french000car
Tomas Frick,22,2023,North Carolina,59,272,233,47,75,22,0,12,60,0,0,25,36,0.322,0.408,0.571,0.979,133,7,11,0,3,2,,player.fcgi?id=frick-000tom
Eric Grintz,23,2023,North Carolina,21,54,42,10,9,3,1,0,10,0,0,8,13,0.214,0.389,0.333,0.722,14,3,4,0,0,0,,player.fcgi?id=grintz000eri
Austin Hawke,19,2023,North Carolina,17,37,28,4,3,2,0,0,6,0,0,4,11,0.107,0.278,0.179,0.456,5,0,3,1,1,0,,player.fcgi?id=hawke-000aus
Reece Holbrook*,21,2023,North Carolina,27,37,29,9,6,1,0,0,9,3,0,5,10,0.207,0.361,0.241,0.602,7,1,2,1,0,0,,player.fcgi?id=holbro000ree
Vance Honeycutt,20,2023,North Carolina,50,250,191,51,49,7,1,12,43,19,4,49,51,0.257,0.418,0.492,0.91,94,0,6,1,3,0,,player.fcgi?id=honeyc000rob
Mac Horvath,21,2023,North Carolina,60,292,239,73,73,21,2,24,66,25,4,43,61,0.305,0.418,0.711,1.129,170,2,6,0,4,6,,player.fcgi?id=horvat000mac
Jesse Jaconski,19,2023,North Carolina,8,8,7,2,2,0,0,0,2,0,0,1,3,0.286,0.375,0.286,0.661,2,0,0,0,0,0,,player.fcgi?id=jacons000jes
Joe Jaconski*,20,2023,North Carolina,4,5,4,0,0,0,0,0,2,0,0,0,2,0,0,0,0,0,0,0,0,1,0,,player.fcgi?id=jacons000joe
Dylan King*,20,2023,North Carolina,12,16,12,1,3,2,0,0,3,0,0,3,2,0.25,0.438,0.417,0.854,5,0,1,0,0,0,,player.fcgi?id=king--003dyl
Alberto Osuna,22,2023,North Carolina,52,212,179,33,40,8,0,11,27,0,1,24,64,0.223,0.336,0.453,0.789,81,5,7,1,1,0,,player.fcgi?id=osuna-000alb
Max Riemer*,23,2023,North Carolina,21,39,35,3,5,0,0,1,2,0,0,2,8,0.143,0.231,0.229,0.459,8,1,2,0,0,0,,player.fcgi?id=riemer000max
Hunter Stokely*,22,2023,North Carolina,56,230,199,37,63,15,1,6,36,0,0,23,53,0.317,0.406,0.492,0.899,98,4,7,1,0,0,,player.fcgi?id=stokel000hun
Jackson Van De Brake,21,2023,North Carolina,58,271,218,48,67,15,0,8,48,1,2,41,38,0.307,0.439,0.486,0.925,106,6,11,0,1,0,,player.fcgi?id=vandeb001jac
Colby Wilkerson#,22,2023,North Carolina,60,257,210,36,52,9,1,2,29,2,1,37,41,0.248,0.37,0.329,0.699,69,7,5,3,2,0,,player.fcgi?id=wilker000col
Patrick Alvarez,23,2024,North Carolina,11,9,8,1,1,0,0,0,0,0,0,1,2,0.125,0.222,0.125,0.347,1,0,0,0,0,0,,player.fcgi?id=alvare000pat
Johnny Castagnozzi,22,2024,North Carolina,28,51,43,6,10,3,0,0,6,0,0,6,12,0.233,0.333,0.302,0.636,13,1,1,0,1,0,,player.fcgi?id=castag000joh
Casey Cook*,21,2024,North Carolina,64,305,258,67,88,12,1,18,78,7,0,36,55,0.341,0.431,0.605,1.036,156,2,7,1,3,1,,player.fcgi?id=cook--000cas
Kaleb Cost,19,2024,North Carolina,9,2,2,4,0,0,0,0,0,1,0,0,0,0,0,0,0,0,0,0,0,0,0,,player.fcgi?id=cost--000kal
Eliot Dix*,23,2024,North Carolina,9,15,11,3,1,1,0,0,1,0,0,1,1,0.091,0.333,0.182,0.515,2,0,3,0,0,0,,player.fcgi?id=dix---000eli
Anthony Donofrio*,24,2024,North Carolina,61,285,236,60,77,19,6,7,53,19,3,45,45,0.326,0.435,0.547,0.982,129,3,2,0,2,0,,player.fcgi?id=donofr003ant
Carter French*,20,2024,North Carolina,19,8,6,2,1,0,0,0,0,1,0,2,3,0.167,0.375,0.167,0.542,1,0,0,0,0,0,,player.fcgi?id=french000car
Ryker Galaska*,21,2024,North Carolina,3,3,2,0,0,0,0,0,0,0,0,1,1,0,0.333,0,0.333,0,0,0,0,0,0,,player.fcgi?id=galask000ryk
Gavin Gallaher,19,2024,North Carolina,53,209,175,41,55,7,0,8,38,5,0,26,42,0.314,0.392,0.491,0.884,86,4,1,0,7,1,,player.fcgi?id=gallah000gav
Parks Harber,22,2024,North Carolina,61,273,233,57,80,9,1,20,63,4,0,35,54,0.343,0.425,0.648,1.073,151,0,1,0,4,0,,player.fcgi?id=harber000par
Parker Haskin*,24,2024,North Carolina,20,16,13,3,3,1,0,0,1,0,0,3,3,0.231,0.375,0.308,0.683,4,1,0,0,0,0,,player.fcgi?id=haskin000par
Vance Honeycutt,21,2024,North Carolina,62,302,255,88,81,13,2,28,70,28,4,36,83,0.318,0.41,0.714,1.124,182,1,6,2,3,1,,player.fcgi?id=honeyc000rob
Alex Madera*,23,2024,North Carolina,63,281,228,53,69,9,2,2,34,9,3,42,43,0.303,0.407,0.386,0.793,88,2,0,8,3,0,,player.fcgi?id=madera001ale
Alberto Osuna,23,2024,North Carolina,62,271,231,43,65,17,0,14,56,1,0,34,56,0.281,0.376,0.537,0.913,124,3,3,0,3,0,,player.fcgi?id=osuna-000alb
Luke Stevenson*,19,2024,North Carolina,64,269,215,43,61,8,2,14,58,2,0,48,55,0.284,0.42,0.535,0.955,115,3,4,0,2,2,,player.fcgi?id=steven001luk
Hunter Stokely*,23,2024,North Carolina,3,3,2,1,1,0,0,0,0,0,0,1,1,0.5,0.667,0.5,1.167,1,0,0,0,0,0,,player.fcgi?id=stokel000hun
Jackson Van De Brake,22,2024,North Carolina,48,105,80,21,17,4,0,1,11,5,0,21,20,0.213,0.39,0.3,0.69,24,2,3,0,1,1,,player.fcgi?id=vandeb001jac
Colby Wilkerson#,23,2024,North Carolina,64,260,215,48,58,13,1,3,33,1,1,26,51,0.27,0.37,0.381,0.751,82,8,10,6,3,0,,player.fcgi?id=wilker000col
Sam Angelo*,24,2025,North Carolina,43,122,105,17,25,4,0,6,22,0,0,16,27,0.238,0.344,0.448,0.792,47,2,1,0,0,1,,player.fcgi?id=angelo000sam
Tyson Bass,22,2025,North Carolina,61,273,233,48,68,10,1,11,47,12,2,34,72,0.292,0.393,0.485,0.878,113,5,5,1,0,0,,player.fcgi?id=bass--000tys
Sawyer Black*,19,2025,North Carolina,16,46,37,7,11,1,0,3,6,1,0,5,14,0.297,0.409,0.568,0.977,21,0,2,2,0,0,,player.fcgi?id=black-000saw
Macaddin Dye,20,2025,North Carolina,25,47,37,3,3,0,0,1,4,0,0,2,18,0.081,0.239,0.162,0.401,6,1,6,1,1,0,,player.fcgi?id=dye---000mac
Carter French*,21,2025,North Carolina,37,122,100,21,28,0,0,0,12,2,1,12,19,0.28,0.357,0.28,0.637,28,3,1,7,2,0,,player.fcgi?id=french000car
Gavin Gallaher,20,2025,North Carolina,61,281,237,54,77,13,1,17,68,5,2,33,45,0.325,0.409,0.603,1.013,143,5,5,0,6,0,,player.fcgi?id=gallah000gav
Perry Hargett,19,2025,North Carolina,29,87,70,20,15,5,1,2,15,2,1,10,19,0.214,0.333,0.4,0.733,28,1,3,3,1,0,,player.fcgi?id=harget000per
Reece Holbrook*,23,2025,North Carolina,18,11,8,8,2,0,1,0,3,1,0,0,3,0.25,0.333,0.5,0.833,4,0,1,2,0,0,,player.fcgi?id=holbro000ree
Rom Kellis,21,2025,North Carolina,28,79,71,10,16,5,0,1,10,4,1,7,24,0.225,0.291,0.338,0.629,24,1,0,0,1,0,,player.fcgi?id=kellis000rom
Kane Kepley*,21,2025,North Carolina,61,309,234,74,68,13,7,3,30,45,4,44,22,0.291,0.451,0.444,0.896,104,2,27,1,3,0,,player.fcgi?id=kepley000kan
Alex Madera*,24,2025,North Carolina,61,272,226,44,75,8,1,2,38,13,1,40,35,0.332,0.432,0.403,0.834,91,5,2,1,3,0,,player.fcgi?id=madera001ale
Parker McCoy,20,2025,North Carolina,3,6,5,0,2,1,0,0,1,0,0,1,2,0.4,0.5,0.6,1.1,3,0,0,0,0,0,,player.fcgi?id=mccoy-001par
Lee Sowers*,19,2025,North Carolina,8,15,14,2,5,0,0,0,4,0,1,1,4,0.357,0.4,0.357,0.757,5,0,0,0,0,0,,player.fcgi?id=sowers000lee
Luke Stevenson*,20,2025,North Carolina,61,290,223,61,56,10,0,19,58,2,1,59,70,0.251,0.414,0.552,0.965,123,6,5,0,3,5,,player.fcgi?id=steven001luk
Hunter Stokely*,24,2025,North Carolina,61,278,237,53,77,13,0,14,65,4,0,28,59,0.325,0.41,0.557,0.967,132,3,9,0,4,1,,player.fcgi?id=stokel000hun
Jackson Van De Brake,23,2025,North Carolina,61,284,232,57,71,16,3,8,58,4,0,41,49,0.306,0.411,0.504,0.916,117,3,4,2,5,0,,player.fcgi?id=vandeb001jac
Logan Bible,21,2013,Virginia Tech,15,5,5,4,2,1,0,0,0,1,0,0,0,0.4,0.4,0.6,1,3,,0,0,0,0,,player.fcgi?id=bible-000log
Ryan Burns,--,2013,Virginia Tech,21,50,47,8,16,4,0,0,6,0,0,2,9,0.34,0.367,0.426,0.793,20,,0,1,0,0,,player.fcgi?id=burns-000rya
Matt Dauby?,--,2013,Virginia Tech,38,86,80,9,20,2,0,0,6,1,0,4,24,0.25,0.294,0.275,0.569,22,,1,1,0,1,,player.fcgi?id=dauby-000mat
Brendon Hayden*,20,2013,Virginia Tech,61,225,197,24,41,9,0,4,29,2,1,20,44,0.208,0.284,0.315,0.599,62,,2,3,3,0,,player.fcgi?id=hayden000bre
Tyler Horan*,22,2013,Virginia Tech,61,276,252,57,86,25,4,11,50,4,3,18,38,0.341,0.391,0.603,0.994,152,,4,0,2,1,,player.fcgi?id=horan-000tyl
Sean Keselica*,20,2013,Virginia Tech,56,244,214,40,65,11,1,5,31,2,5,16,42,0.304,0.366,0.435,0.8,93,,6,6,2,0,,player.fcgi?id=keseli000sea
Andrew Mogg,19,2013,Virginia Tech,5,3,2,0,0,0,0,0,1,0,0,1,1,0,0.333,0,0.333,0,,0,0,0,0,,player.fcgi?id=mogg--000and
Chad Morgan,22,2013,Virginia Tech,50,189,172,18,42,9,1,2,24,4,2,12,27,0.244,0.299,0.343,0.642,59,,2,2,1,0,,player.fcgi?id=morgan006cha
Alex Perez*,20,2013,Virginia Tech,61,274,227,37,52,8,1,1,24,3,3,41,29,0.229,0.347,0.286,0.633,65,,0,6,0,1,,player.fcgi?id=perez-009ale
Chad Pinder,21,2013,Virginia Tech,59,272,236,49,76,13,1,8,50,5,4,20,38,0.322,0.404,0.487,0.892,115,,14,0,2,2,,player.fcgi?id=pinder000cha
Andrew Rash,23,2013,Virginia Tech,60,261,234,36,74,22,2,10,61,5,3,12,56,0.316,0.37,0.556,0.925,130,,9,4,2,2,,player.fcgi?id=rash--000and
Gary Schneider,21,2013,Virginia Tech,39,161,140,29,46,7,1,2,11,8,2,5,23,0.329,0.391,0.436,0.827,61,,10,5,1,0,,player.fcgi?id=schnei002gar
Phil Sciretta,20,2013,Virginia Tech,9,7,7,0,0,0,0,0,0,0,0,0,5,0,0,0,0,0,,0,0,0,0,,player.fcgi?id=sciret000phi
Kyle Wernicki,21,2013,Virginia Tech,43,135,117,21,28,2,2,2,13,2,4,9,25,0.239,0.308,0.342,0.65,40,,3,5,1,0,,player.fcgi?id=wernic000kyl
Mark Zagunis,20,2013,Virginia Tech,61,272,227,62,78,14,3,9,51,19,5,32,28,0.344,0.438,0.551,0.988,125,,9,0,4,2,,player.fcgi?id=zaguni000mar
Logan Bible,22,2014,Virginia Tech,31,57,45,6,18,2,0,0,8,3,1,5,11,0.4,0.5,0.444,0.944,20,,4,3,0,0,,player.fcgi?id=bible-000log
Ryan Burns,--,2014,Virginia Tech,14,33,32,2,4,0,0,0,0,0,0,1,2,0.125,0.152,0.125,0.277,4,,0,0,0,0,,player.fcgi?id=burns-000rya
Mac Caples,--,2014,Virginia Tech,8,11,11,1,1,0,0,0,0,0,0,0,2,0.091,0.091,0.091,0.182,1,,0,0,0,0,,player.fcgi?id=caples000mac
Miguel Ceballos,19,2014,Virginia Tech,33,99,80,11,20,4,1,0,10,4,1,15,15,0.25,0.388,0.325,0.713,26,,3,1,0,0,,player.fcgi?id=ceball000mig
Rahiem Cooper,--,2014,Virginia Tech,2,5,5,0,1,0,0,0,0,0,0,0,1,0.2,0.2,0.2,0.4,1,,0,0,0,0,,player.fcgi?id=cooper000rah
Matt Dauby?,--,2014,Virginia Tech,17,61,53,9,12,4,0,1,8,0,0,4,13,0.226,0.305,0.358,0.664,19,,2,2,0,0,,player.fcgi?id=dauby-000mat
Brendon Hayden*,21,2014,Virginia Tech,53,243,199,35,60,16,1,7,43,2,1,31,49,0.302,0.407,0.497,0.905,99,,8,0,5,2,,player.fcgi?id=hayden000bre
Saige Jenco*,19,2014,Virginia Tech,51,245,192,38,62,5,0,1,16,20,6,40,23,0.323,0.449,0.365,0.814,70,,4,9,0,1,,player.fcgi?id=jenco-000sai
Sean Keselica*,21,2014,Virginia Tech,53,233,201,25,55,10,1,0,36,2,0,23,40,0.274,0.355,0.333,0.688,67,,4,2,3,2,,player.fcgi?id=keseli000sea
Andrew Mogg,20,2014,Virginia Tech,17,50,43,1,6,2,0,0,4,0,0,4,9,0.14,0.208,0.186,0.394,8,,0,2,1,0,,player.fcgi?id=mogg--000and
Alex Perez*,21,2014,Virginia Tech,53,250,209,29,52,6,3,0,24,2,1,30,34,0.249,0.347,0.306,0.653,64,,3,5,3,0,,player.fcgi?id=perez-009ale
Phil Sciretta,21,2014,Virginia Tech,40,99,91,7,36,1,0,0,13,1,1,5,18,0.396,0.433,0.407,0.84,37,,1,2,0,0,,player.fcgi?id=sciret000phi
Tom Stoffel*,20,2014,Virginia Tech,41,118,93,13,27,2,0,0,11,2,1,15,24,0.29,0.412,0.312,0.724,29,,5,4,1,0,,player.fcgi?id=stoffe000tim
Ricky Surum,19,2014,Virginia Tech,47,150,125,17,31,8,1,0,12,1,1,8,35,0.248,0.307,0.328,0.635,41,,3,13,1,0,,player.fcgi?id=surum-000ric
Ryan Tufts,19,2014,Virginia Tech,31,101,82,13,19,2,0,0,7,2,1,12,23,0.232,0.344,0.256,0.6,21,,2,5,0,0,,player.fcgi?id=tufts-001rya
Kyle Wernicki,22,2014,Virginia Tech,49,158,137,17,35,6,1,1,12,5,3,14,22,0.255,0.34,0.336,0.676,46,,4,2,1,0,,player.fcgi?id=wernic000kyl
Mark Zagunis,21,2014,Virginia Tech,53,251,209,44,69,10,2,2,39,16,3,32,20,0.33,0.426,0.426,0.852,89,,6,0,4,5,,player.fcgi?id=zaguni000mar
Nick Anderson?,--,2015,Virginia Tech,4,4,4,0,0,0,0,0,0,0,0,0,1,0,0,0,0,0,,0,0,0,0,,player.fcgi?id=anders004nic
Logan Bible,23,2015,Virginia Tech,23,50,45,9,9,0,0,0,5,5,0,5,8,0.2,0.28,0.2,0.48,9,,0,0,0,0,,player.fcgi?id=bible-000log
Ryan Burns,--,2015,Virginia Tech,3,3,3,0,0,0,0,0,0,0,0,0,2,0,0,0,0,0,,0,0,0,0,,player.fcgi?id=burns-000rya
Mac Caples,--,2015,Virginia Tech,35,121,95,16,19,2,0,2,10,0,0,13,28,0.2,0.367,0.284,0.651,27,,12,1,0,0,,player.fcgi?id=caples000mac
Miguel Ceballos,20,2015,Virginia Tech,21,73,58,2,11,5,0,0,8,1,1,9,19,0.19,0.3,0.276,0.576,16,,1,3,2,0,,player.fcgi?id=ceball000mig
Rahiem Cooper,--,2015,Virginia Tech,33,117,103,25,23,3,1,1,8,1,2,10,29,0.223,0.299,0.301,0.6,31,,2,0,2,0,,player.fcgi?id=cooper000rah
Matt Dauby?,--,2015,Virginia Tech,18,12,10,2,2,1,0,0,0,1,0,2,4,0.2,0.333,0.3,0.633,3,,0,0,0,0,,player.fcgi?id=dauby-000mat
Sam Fragale,20,2015,Virginia Tech,35,93,84,9,16,2,1,1,10,0,0,3,30,0.19,0.242,0.274,0.516,23,,3,2,1,0,,player.fcgi?id=fragal000sam
Joe Freiday,19,2015,Virginia Tech,19,48,45,8,10,4,0,0,4,0,0,3,21,0.222,0.271,0.311,0.582,14,,0,0,0,0,,player.fcgi?id=freida000joe
Brendon Hayden*,22,2015,Virginia Tech,54,247,212,40,65,17,0,11,51,1,0,28,40,0.307,0.389,0.542,0.931,115,,3,0,4,5,,player.fcgi?id=hayden000bre
Garrett Hudson,--,2015,Virginia Tech,1,1,1,0,1,0,0,0,0,0,0,0,0,1,1,1,2,1,,0,0,0,0,,player.fcgi?id=hudson002gar
Saige Jenco*,20,2015,Virginia Tech,48,233,206,29,68,13,3,3,27,10,1,22,34,0.33,0.394,0.466,0.86,96,,1,2,2,1,,player.fcgi?id=jenco-000sai
Sean Keselica*,22,2015,Virginia Tech,49,132,115,11,36,7,0,0,19,2,0,13,15,0.313,0.394,0.374,0.768,43,,3,0,1,0,,player.fcgi?id=keseli000sea
Andrew Mogg,21,2015,Virginia Tech,48,165,143,17,32,9,0,2,19,0,0,13,36,0.224,0.291,0.329,0.62,47,,1,7,1,0,,player.fcgi?id=mogg--000and
Erik Payne,22,2015,Virginia Tech,54,250,207,43,71,13,0,9,53,1,3,32,44,0.343,0.444,0.536,0.98,111,,8,0,3,2,,player.fcgi?id=payne-000eri
Alex Perez*,22,2015,Virginia Tech,54,256,205,56,66,9,7,5,35,3,1,40,27,0.322,0.434,0.507,0.942,104,,3,5,3,0,,player.fcgi?id=perez-009ale
Max Ponzurick,--,2015,Virginia Tech,21,47,42,3,9,1,1,0,6,0,1,4,10,0.214,0.298,0.286,0.584,12,,1,0,0,0,,player.fcgi?id=ponzur000max
Phil Sciretta,22,2015,Virginia Tech,34,79,68,5,15,1,0,0,11,0,0,9,19,0.221,0.329,0.235,0.564,16,,2,0,0,0,,player.fcgi?id=sciret000phi
Ricky Surum,20,2015,Virginia Tech,31,85,67,5,9,0,0,1,4,1,1,7,16,0.134,0.256,0.179,0.436,12,,4,7,0,0,,player.fcgi?id=surum-000ric
Ryan Tufts,20,2015,Virginia Tech,32,112,94,15,23,5,0,0,4,1,0,6,23,0.245,0.324,0.298,0.622,28,,5,7,0,0,,player.fcgi?id=tufts-001rya
Kyle Wernicki,23,2015,Virginia Tech,34,52,45,9,7,1,1,0,2,0,0,6,9,0.156,0.255,0.222,0.477,10,,0,1,0,0,,player.fcgi?id=wernic000kyl
Nick Anderson?,--,2016,Virginia Tech,50,203,174,25,59,13,0,4,30,0,0,19,34,0.339,0.418,0.483,0.901,84,,6,2,2,0,,player.fcgi?id=anders004nic
Logan Bible,24,2016,Virginia Tech,27,40,35,11,8,1,1,0,3,2,2,3,9,0.229,0.308,0.314,0.622,11,,1,1,0,0,,player.fcgi?id=bible-000log
Mac Caples,--,2016,Virginia Tech,27,64,56,8,13,2,0,2,9,2,0,6,19,0.232,0.306,0.375,0.681,21,,0,2,0,0,,player.fcgi?id=caples000mac
Rahiem Cooper,--,2016,Virginia Tech,28,85,74,9,15,4,0,0,6,2,1,4,23,0.203,0.265,0.257,0.522,19,,3,2,2,0,,player.fcgi?id=cooper000rah
Matt Dauby?,--,2016,Virginia Tech,51,188,161,31,41,7,0,3,17,1,0,19,51,0.255,0.358,0.354,0.712,57,,7,1,0,0,,player.fcgi?id=dauby-000mat
Sam Fragale,21,2016,Virginia Tech,55,216,191,31,51,13,0,7,37,0,2,12,51,0.267,0.338,0.445,0.783,85,,9,3,1,0,,player.fcgi?id=fragal000sam
Joe Freiday,20,2016,Virginia Tech,32,101,93,13,21,5,0,3,14,0,0,7,36,0.226,0.277,0.376,0.654,35,,0,0,1,0,,player.fcgi?id=freida000joe
Garrett Hudson,--,2016,Virginia Tech,27,74,60,12,19,3,0,1,14,0,1,8,15,0.317,0.405,0.417,0.822,25,,3,0,3,0,,player.fcgi?id=hudson002gar
Saige Jenco*,21,2016,Virginia Tech,50,230,182,34,55,8,1,0,23,12,5,41,36,0.302,0.437,0.357,0.794,65,,4,1,2,1,,player.fcgi?id=jenco-000sai
Grant Maiorana?,--,2016,Virginia Tech,28,95,75,16,17,4,0,2,16,3,0,15,21,0.227,0.368,0.36,0.728,27,,3,0,2,0,,player.fcgi?id=maiora000gra
Steve Mangrum,19,2016,Virginia Tech,19,45,39,8,7,1,0,0,1,0,0,4,20,0.179,0.289,0.205,0.494,8,,2,0,0,0,,player.fcgi?id=mangru000ste
Chris Meador?,--,2016,Virginia Tech,10,17,15,3,2,0,0,0,2,0,0,1,7,0.133,0.188,0.133,0.321,2,,0,1,0,0,,player.fcgi?id=meador000chr
Andrew Mogg,22,2016,Virginia Tech,40,128,112,13,29,6,0,2,13,0,0,12,28,0.259,0.333,0.366,0.699,41,,1,2,1,0,,player.fcgi?id=mogg--000and
Stephen Polansky*,--,2016,Virginia Tech,2,3,0,1,0,0,0,0,0,0,0,1,0,,1,,,0,,2,0,0,0,,player.fcgi?id=polans000ste
Max Ponzurick,--,2016,Virginia Tech,20,74,60,13,15,4,0,2,14,1,0,10,24,0.25,0.392,0.417,0.809,25,,4,0,0,0,,player.fcgi?id=ponzur000max
Phil Sciretta,23,2016,Virginia Tech,55,259,219,39,69,11,1,3,37,2,1,28,42,0.315,0.405,0.416,0.821,91,,8,0,4,1,,player.fcgi?id=sciret000phi
Tom Stoffel*,22,2016,Virginia Tech,43,189,159,25,43,14,0,2,35,0,0,20,36,0.27,0.373,0.396,0.769,63,,6,4,0,1,,player.fcgi?id=stoffe000tim
Ryan Tufts,21,2016,Virginia Tech,55,243,197,40,56,15,1,3,31,0,1,27,37,0.284,0.386,0.416,0.802,82,,8,7,4,0,,player.fcgi?id=tufts-001rya
Nick Anderson?,--,2017,Virginia Tech,37,132,116,22,30,3,0,5,20,0,0,8,20,0.259,0.341,0.414,0.755,48,,7,0,1,0,,player.fcgi?id=anders004nic
Mac Caples,--,2017,Virginia Tech,54,198,156,30,38,6,0,9,22,4,1,24,51,0.244,0.398,0.455,0.853,71,,16,2,0,1,,player.fcgi?id=caples000mac
Rahiem Cooper,--,2017,Virginia Tech,55,220,194,38,47,7,1,12,40,5,2,12,58,0.242,0.3,0.474,0.774,92,,6,3,5,0,,player.fcgi?id=cooper000rah
Matt Dauby?,--,2017,Virginia Tech,34,111,80,17,15,4,0,5,19,1,0,21,23,0.188,0.389,0.425,0.814,34,,6,3,1,0,,player.fcgi?id=dauby-000mat
Sam Fragale,22,2017,Virginia Tech,55,253,213,43,66,14,3,15,63,0,0,21,50,0.31,0.372,0.615,0.987,131,,7,0,12,3,,player.fcgi?id=fragal000sam
Joe Freiday,21,2017,Virginia Tech,47,164,142,20,32,2,1,8,23,0,0,13,53,0.225,0.315,0.423,0.737,60,,6,2,1,0,,player.fcgi?id=freida000joe
Garrett Hudson,--,2017,Virginia Tech,40,118,105,7,24,6,0,0,7,1,0,5,23,0.229,0.287,0.286,0.573,30,,4,3,1,0,,player.fcgi?id=hudson002gar
Grant Maiorana?,--,2017,Virginia Tech,21,18,16,5,3,0,0,0,3,0,0,1,8,0.188,0.235,0.188,0.423,3,,0,1,0,0,,player.fcgi?id=maiora000gra
Steve Mangrum,20,2017,Virginia Tech,36,86,74,13,21,9,0,3,11,0,1,10,32,0.284,0.376,0.527,0.903,39,,1,1,0,0,,player.fcgi?id=mangru000ste
J.D. Mundy*,19,2017,Virginia Tech,40,119,95,17,22,5,0,5,17,0,0,22,28,0.232,0.378,0.442,0.82,42,,1,0,1,0,,player.fcgi?id=mundy-000jd-
Jack Owens,21,2017,Virginia Tech,55,271,240,52,86,16,2,5,28,9,5,18,41,0.358,0.424,0.504,0.929,121,,11,0,2,0,,player.fcgi?id=owens-002jac
Jake Rosen,--,2017,Virginia Tech,9,8,8,1,1,0,0,0,0,0,0,0,6,0.125,0.125,0.125,0.25,1,,0,0,0,0,,player.fcgi?id=rosen-000jak
Tom Stoffel*,23,2017,Virginia Tech,54,252,222,39,76,21,2,8,49,0,0,14,26,0.342,0.41,0.563,0.973,125,,12,3,1,1,,player.fcgi?id=stoffe000tim
Ryan Tufts,22,2017,Virginia Tech,55,268,215,48,66,17,2,9,30,1,1,30,44,0.307,0.425,0.53,0.956,114,,15,7,1,0,,player.fcgi?id=tufts-001rya
Andrew Webb,19,2017,Virginia Tech,1,1,1,0,0,0,0,0,0,0,0,0,0,0,0,0,0,0,,0,0,0,0,,player.fcgi?id=webb--000and
Marcus White,--,2017,Virginia Tech,25,57,51,4,7,2,1,0,2,0,0,4,18,0.137,0.2,0.216,0.416,11,,0,2,0,0,,player.fcgi?id=white-004mar
Michael Fernandez*,--,2018,Virginia Tech,30,104,95,15,28,6,0,0,12,1,0,4,14,0.295,0.337,0.358,0.695,34,,2,3,0,0,,player.fcgi?id=fernan005mic
Sam Fragale,23,2018,Virginia Tech,54,248,227,41,64,15,1,8,42,6,2,7,56,0.282,0.31,0.463,0.773,105,,5,3,6,3,,player.fcgi?id=fragal000sam
Joe Freiday,22,2018,Virginia Tech,42,160,140,16,34,5,2,4,17,4,0,15,33,0.243,0.331,0.393,0.724,55,,4,0,1,1,,player.fcgi?id=freida000joe
Luke Horanski*,--,2018,Virginia Tech,39,174,140,23,44,13,0,4,27,0,0,22,32,0.314,0.436,0.493,0.929,69,,9,2,1,0,,player.fcgi?id=horans000luk
Cam Irvine,19,2018,Virginia Tech,33,105,93,10,18,3,0,0,8,2,1,8,17,0.194,0.272,0.226,0.498,21,,2,2,0,0,,player.fcgi?id=irvine000cam
Darion Jacoby,19,2018,Virginia Tech,17,67,49,11,13,1,0,0,3,3,4,11,12,0.265,0.431,0.286,0.716,14,,4,2,1,0,,player.fcgi?id=jacoby000dar
Zach Kokoska*,19,2018,Virginia Tech,14,15,15,1,4,1,0,0,4,0,0,0,4,0.267,0.267,0.333,0.6,5,,0,0,0,0,,player.fcgi?id=kokosk000zac
Steve Mangrum,21,2018,Virginia Tech,44,159,133,20,31,6,0,7,16,1,1,18,43,0.233,0.331,0.436,0.767,58,,2,5,1,1,,player.fcgi?id=mangru000ste
Nick Menken,21,2018,Virginia Tech,54,227,199,28,49,8,0,4,30,6,5,12,41,0.246,0.308,0.347,0.655,69,,8,3,5,0,,player.fcgi?id=menken000nic
J.D. Mundy*,20,2018,Virginia Tech,44,172,136,19,35,6,0,7,23,1,0,25,43,0.257,0.376,0.456,0.832,62,,4,2,5,3,,player.fcgi?id=mundy-000jd-
Jojo Odachowski,--,2018,Virginia Tech,15,31,25,6,4,1,0,0,3,0,0,3,6,0.16,0.276,0.2,0.476,5,,1,2,0,0,,player.fcgi?id=odacho000joj
Jack Owens,22,2018,Virginia Tech,52,256,207,45,55,8,2,2,23,11,2,25,44,0.266,0.38,0.353,0.733,73,,15,6,3,0,,player.fcgi?id=owens-002jac
Nick Owens,22,2018,Virginia Tech,50,207,164,33,45,3,0,0,12,4,3,24,35,0.274,0.409,0.293,0.702,48,,14,4,1,0,,player.fcgi?id=owens-000nic
Brian Sisson?,--,2018,Virginia Tech,7,2,2,0,0,0,0,0,1,0,0,0,1,0,0,0,0,0,,0,0,0,0,,player.fcgi?id=sisson000bri
Tom Stoffel*,24,2018,Virginia Tech,54,262,225,33,67,10,2,8,38,0,2,20,39,0.298,0.381,0.467,0.848,105,,11,5,1,1,,player.fcgi?id=stoffe000tim
Andrew Webb,20,2018,Virginia Tech,12,19,19,1,5,0,0,0,4,0,0,0,2,0.263,0.263,0.263,0.526,5,,0,0,0,0,,player.fcgi?id=webb--000and
Nick Biddison,18,2019,Virginia Tech,52,238,178,35,50,11,2,8,38,6,5,45,48,0.281,0.453,0.5,0.953,89,,12,2,1,1,,player.fcgi?id=biddis000nic
Kerry Carpenter*,21,2019,Virginia Tech,53,245,206,44,56,13,1,10,45,3,3,28,31,0.272,0.371,0.49,0.862,101,,7,0,4,3,,player.fcgi?id=carpen000ker
Michael Fernandez*,--,2019,Virginia Tech,20,41,35,3,5,1,0,0,4,0,0,5,11,0.143,0.25,0.171,0.421,6,,0,1,0,0,,player.fcgi?id=fernan005mic
Cam Grimes,19,2019,Virginia Tech,5,4,3,1,1,0,0,0,0,0,0,1,1,0.333,0.5,0.333,0.833,1,,0,0,0,0,,player.fcgi?id=grimes000cam
Dalton Harum,21,2019,Virginia Tech,41,148,123,23,29,6,0,5,16,2,1,12,52,0.236,0.351,0.407,0.758,50,,11,0,2,0,,player.fcgi?id=harum-000dal
August Haymaker?,--,2019,Virginia Tech,13,26,22,1,3,0,0,0,2,0,0,4,9,0.136,0.269,0.136,0.406,3,,0,0,0,0,,player.fcgi?id=haymak000aug
Nick Holesa*,19,2019,Virginia Tech,32,79,76,5,17,2,0,1,6,3,0,3,33,0.224,0.253,0.289,0.543,22,,0,0,0,1,,player.fcgi?id=holesa000nic
Luke Horanski*,--,2019,Virginia Tech,39,170,129,28,36,7,0,9,36,1,1,25,43,0.279,0.424,0.543,0.966,70,,11,0,5,0,,player.fcgi?id=horans000luk
Kevin Madden,20,2019,Virginia Tech,50,218,196,33,62,10,1,3,23,3,1,11,29,0.316,0.362,0.423,0.785,83,,4,5,2,1,,player.fcgi?id=madden001kev
Nick Menken,22,2019,Virginia Tech,12,39,31,7,5,1,0,0,3,0,0,5,14,0.161,0.333,0.194,0.527,6,,3,0,0,0,,player.fcgi?id=menken000nic
Jack Owens,23,2019,Virginia Tech,47,209,164,33,53,9,0,2,12,5,3,30,31,0.323,0.456,0.415,0.871,68,,11,3,1,0,,player.fcgi?id=owens-002jac
Nick Owens,23,2019,Virginia Tech,52,227,192,25,45,10,0,0,28,5,3,22,33,0.234,0.344,0.286,0.63,55,,10,3,0,0,,player.fcgi?id=owens-000nic
Jonah Seagears,19,2019,Virginia Tech,32,62,51,5,12,3,0,0,4,0,0,7,18,0.235,0.361,0.294,0.655,15,,3,1,0,0,,player.fcgi?id=seagea000jon
Carson Taylor*,20,2019,Virginia Tech,37,163,138,29,40,9,1,2,19,0,0,20,21,0.29,0.389,0.413,0.802,57,,3,1,1,1,,player.fcgi?id=taylor006car
Reagan Teegarden*,21,2019,Virginia Tech,21,81,66,13,14,2,0,0,11,0,1,14,17,0.212,0.346,0.242,0.588,16,,0,0,1,0,,player.fcgi?id=teegar000rea
Tanner Thomas*,21,2019,Virginia Tech,51,211,171,20,41,9,1,2,28,2,3,33,51,0.24,0.376,0.339,0.715,58,,5,1,1,2,,player.fcgi?id=thomas001tan
Nick Biddison,19,2020,Virginia Tech,16,73,61,16,21,5,1,2,6,3,1,9,15,0.344,0.425,0.557,0.982,34,,1,0,2,0,,player.fcgi?id=biddis000nic
Gavin Cross*,19,2020,Virginia Tech,16,71,65,14,24,1,0,0,8,7,0,4,10,0.369,0.408,0.385,0.793,25,,1,0,1,0,,player.fcgi?id=cross-000gav
Lucas Donlon,19,2020,Virginia Tech,4,4,4,1,1,0,0,0,0,0,0,0,1,0.25,0.25,0.25,0.5,1,,0,0,0,0,,player.fcgi?id=donlon000luc
Fritz Genther,19,2020,Virginia Tech,15,59,50,10,13,0,0,1,5,8,0,6,16,0.26,0.333,0.32,0.653,16,,0,2,1,0,,player.fcgi?id=genthe000fri
Xander Hamilton*,18,2020,Virginia Tech,2,1,1,0,0,0,0,0,0,0,0,0,0,0,0,0,0,0,,0,0,0,0,,player.fcgi?id=hamilt000xan
Cade Hunter*,19,2020,Virginia Tech,11,36,29,6,9,2,0,1,8,3,0,7,6,0.31,0.444,0.483,0.927,14,,0,0,0,0,,player.fcgi?id=hunter000cad
Carson Jones*,19,2020,Virginia Tech,13,25,17,3,2,1,0,0,3,3,1,6,7,0.118,0.36,0.176,0.536,3,,1,0,1,0,,player.fcgi?id=jones-016car
Kevin Madden,21,2020,Virginia Tech,16,71,64,11,16,2,1,3,15,0,1,4,11,0.25,0.3,0.453,0.753,29,,1,1,1,0,,player.fcgi?id=madden001kev
Spencer Palmer*,21,2020,Virginia Tech,14,59,48,6,9,1,0,0,12,0,1,7,12,0.188,0.31,0.208,0.519,10,,2,1,1,0,,player.fcgi?id=palmer000spe
Brennan Reback*,21,2020,Virginia Tech,15,53,42,11,10,0,0,0,3,8,0,5,10,0.238,0.36,0.238,0.598,10,,3,3,0,0,,player.fcgi?id=reback000bre
Jason Rooks,21,2020,Virginia Tech,5,14,13,2,2,2,0,0,5,0,0,1,4,0.154,0.214,0.308,0.522,4,,0,0,0,0,,player.fcgi?id=rooks-000jas
Jonah Seagears,20,2020,Virginia Tech,8,11,9,2,1,0,0,0,0,0,0,1,4,0.111,0.273,0.111,0.384,1,,1,0,0,0,,player.fcgi?id=seagea000jon
Cade Swisher*,18,2020,Virginia Tech,5,4,4,1,0,0,0,0,0,0,0,0,2,0,0,0,0,0,,0,0,0,0,,player.fcgi?id=swishe000cad
Carson Taylor*,21,2020,Virginia Tech,16,74,58,19,25,7,1,2,20,2,0,12,5,0.431,0.541,0.69,1.23,40,,3,0,1,1,,player.fcgi?id=taylor006car
Reagan Teegarden*,22,2020,Virginia Tech,13,41,36,4,7,3,0,0,3,0,1,4,12,0.194,0.268,0.278,0.546,10,,0,0,1,0,,player.fcgi?id=teegar000rea
Tanner Thomas*,22,2020,Virginia Tech,14,47,35,4,10,1,1,0,5,2,1,9,7,0.286,0.432,0.371,0.803,13,,0,3,0,1,,player.fcgi?id=thomas001tan
Nick Biddison,20,2021,Virginia Tech,26,118,98,12,23,5,2,2,14,7,1,13,31,0.235,0.331,0.388,0.718,38,,3,0,4,0,,player.fcgi?id=biddis000nic
Gavin Cross*,20,2021,Virginia Tech,51,234,203,48,70,13,5,11,35,9,4,17,48,0.345,0.415,0.621,1.035,126,,10,0,4,2,,player.fcgi?id=cross-000gav
Lucas Donlon,20,2021,Virginia Tech,22,45,39,5,11,2,0,2,12,0,0,3,11,0.282,0.333,0.487,0.821,19,,1,0,2,0,,player.fcgi?id=donlon000luc
Gehrig Ebel,20,2021,Virginia Tech,27,48,41,8,9,1,0,0,2,1,2,7,11,0.22,0.333,0.244,0.577,10,,0,0,0,0,,player.fcgi?id=ebel--000geh
Fritz Genther,20,2021,Virginia Tech,38,101,86,13,16,5,0,2,11,3,1,12,26,0.186,0.29,0.314,0.604,27,,1,1,1,0,,player.fcgi?id=genthe000fri
Nick Holesa*,21,2021,Virginia Tech,16,35,33,4,12,1,1,0,5,0,1,2,8,0.364,0.4,0.455,0.855,15,,0,0,0,0,,player.fcgi?id=holesa000nic
Cade Hunter*,20,2021,Virginia Tech,18,53,45,5,8,0,0,3,9,0,0,4,17,0.178,0.283,0.378,0.661,17,,3,0,1,0,,player.fcgi?id=hunter000cad
Jack Hurley*,19,2021,Virginia Tech,51,208,175,40,44,10,0,6,25,4,3,18,64,0.251,0.354,0.411,0.766,72,,11,2,2,0,,player.fcgi?id=hurley003jac
Carson Jones*,20,2021,Virginia Tech,33,73,64,11,14,4,0,2,13,2,0,6,21,0.219,0.274,0.375,0.649,24,,0,0,3,1,,player.fcgi?id=jones-016car
Dayne Leonard,21,2021,Virginia Tech,34,106,85,12,18,6,0,1,14,1,0,13,33,0.212,0.362,0.318,0.68,27,,7,1,0,0,,player.fcgi?id=leonar000day
Kevin Madden,22,2021,Virginia Tech,52,221,201,29,63,9,0,4,37,6,2,11,22,0.313,0.361,0.418,0.779,84,,5,2,2,0,,player.fcgi?id=madden001kev
Brennan Reback*,22,2021,Virginia Tech,9,9,6,3,0,0,0,0,0,1,0,2,4,0,0.333,0,0.333,0,,1,0,0,0,,player.fcgi?id=reback000bre
TJ Rumfield*,21,2021,Virginia Tech,52,234,203,35,64,12,0,7,37,2,0,26,23,0.315,0.402,0.478,0.88,97,,4,0,1,1,,player.fcgi?id=rumfie000tj-
Tanner Schobel,20,2021,Virginia Tech,52,234,204,36,57,10,1,7,33,1,1,20,37,0.279,0.359,0.441,0.8,90,,7,0,3,0,,player.fcgi?id=schobe000tan
Jonah Seagears,21,2021,Virginia Tech,27,60,41,8,6,1,0,0,1,2,3,16,20,0.146,0.407,0.171,0.578,7,,2,1,0,1,,player.fcgi?id=seagea000jon
Cade Swisher*,19,2021,Virginia Tech,39,130,104,13,24,9,0,2,18,2,4,19,31,0.231,0.372,0.375,0.747,39,,5,1,1,0,,player.fcgi?id=swishe000cad
Tanner Thomas*,23,2021,Virginia Tech,48,170,142,27,41,9,1,3,16,2,1,22,36,0.289,0.4,0.43,0.83,61,,5,0,1,0,,player.fcgi?id=thomas001tan
Nick Biddison,21,2022,Virginia Tech,59,296,251,65,88,14,3,14,47,21,5,33,48,0.351,0.434,0.598,1.032,150,1,7,1,4,0,,player.fcgi?id=biddis000nic
Gavin Cross*,21,2022,Virginia Tech,57,280,244,70,80,14,8,17,50,12,0,30,41,0.328,0.411,0.66,1.071,161,2,5,0,1,5,,player.fcgi?id=cross-000gav
Carson DeMartini*,19,2022,Virginia Tech,59,250,205,54,70,14,3,15,50,5,3,35,63,0.341,0.452,0.659,1.11,135,1,7,2,1,0,,player.fcgi?id=demart000car
Lucas Donlon,21,2022,Virginia Tech,30,85,69,17,15,3,0,1,11,0,0,13,19,0.217,0.341,0.304,0.646,21,2,1,0,2,0,,player.fcgi?id=donlon000luc
Gehrig Ebel,21,2022,Virginia Tech,13,22,18,5,3,0,0,1,3,0,0,2,8,0.167,0.318,0.333,0.652,6,1,2,0,0,0,,player.fcgi?id=ebel--000geh
Conor Hartigan,23,2022,Virginia Tech,48,184,164,22,38,11,1,4,32,3,2,17,54,0.232,0.31,0.384,0.694,63,5,2,0,1,0,,player.fcgi?id=hartig000con
Dylan Hatfield,19,2022,Virginia Tech,6,5,2,2,0,0,0,0,0,0,0,3,1,0,0.6,0,0.6,0,0,0,0,0,0,,player.fcgi?id=hatfie000dyl
Nick Holesa*,22,2022,Virginia Tech,37,99,86,14,18,9,0,1,9,0,0,10,28,0.209,0.306,0.349,0.655,30,0,2,1,0,0,,player.fcgi?id=holesa000nic
Warren Holzemer,19,2022,Virginia Tech,8,6,4,1,0,0,0,0,1,0,0,2,2,0,0.333,0,0.333,0,0,0,0,0,0,,player.fcgi?id=holzem000war
Cade Hunter*,21,2022,Virginia Tech,58,258,212,46,70,14,0,17,66,11,1,32,59,0.33,0.44,0.637,1.076,135,0,11,1,2,1,,player.fcgi?id=hunter000cad
Jack Hurley*,20,2022,Virginia Tech,58,271,232,59,87,23,1,14,55,10,2,32,51,0.375,0.452,0.664,1.116,154,2,3,1,3,3,,player.fcgi?id=hurley003jac
Carson Jones*,21,2022,Virginia Tech,21,67,55,19,18,2,0,8,23,0,3,9,13,0.327,0.439,0.8,1.239,44,0,2,1,0,0,,player.fcgi?id=jones-016car
Eduardo Malinowski,22,2022,Virginia Tech,56,247,210,47,53,13,3,12,48,6,1,24,58,0.252,0.341,0.514,0.856,108,4,7,1,5,0,,player.fcgi?id=malino000edu
Christian Martin*,19,2022,Virginia Tech,28,61,46,8,12,5,0,1,3,1,2,13,10,0.261,0.424,0.435,0.859,20,2,0,2,0,0,,player.fcgi?id=martin023chr
Brennan Reback*,23,2022,Virginia Tech,11,8,6,4,2,0,0,0,0,0,0,1,3,0.333,0.5,0.333,0.833,2,0,1,0,0,0,,player.fcgi?id=reback000bre
Tanner Schobel,21,2022,Virginia Tech,59,281,235,68,85,18,1,19,74,7,1,35,40,0.362,0.445,0.689,1.134,162,3,5,0,6,1,,player.fcgi?id=schobe000tan
Jonah Seagears,22,2022,Virginia Tech,7,7,7,0,1,0,0,0,0,0,0,0,2,0.143,0.143,0.143,0.286,1,0,0,0,0,0,,player.fcgi?id=seagea000jon
Cade Swisher*,20,2022,Virginia Tech,14,27,21,3,2,0,0,1,3,0,0,4,6,0.095,0.259,0.238,0.497,5,0,1,0,1,0,,player.fcgi?id=swishe000cad
Sam Tackett,20,2022,Virginia Tech,25,57,38,9,9,0,0,1,5,0,0,12,19,0.237,0.456,0.316,0.772,12,0,5,0,2,0,,player.fcgi?id=tacket000sam
David Bryant*,22,2023,Virginia Tech,43,159,127,29,27,4,2,5,25,5,1,25,42,0.213,0.346,0.394,0.74,50,0,2,3,2,0,,player.fcgi?id=bryant001dav
Chris Cannizzaro,22,2023,Virginia Tech,51,220,193,40,65,11,2,10,45,2,1,19,27,0.337,0.397,0.57,0.967,110,6,3,1,4,1,,player.fcgi?id=canniz003chr
Henry Cooke,19,2023,Virginia Tech,16,34,27,6,8,3,1,0,3,0,0,6,8,0.296,0.441,0.481,0.923,13,0,1,0,0,0,,player.fcgi?id=cooke-000hen
Carson DeMartini*,20,2023,Virginia Tech,52,246,189,58,61,13,4,10,57,9,4,46,42,0.323,0.455,0.593,1.048,112,4,4,2,5,0,,player.fcgi?id=demart000car
Brody Donay,19,2023,Virginia Tech,39,142,123,32,32,4,0,12,38,1,0,10,42,0.26,0.352,0.585,0.937,72,1,8,0,1,1,,player.fcgi?id=donay-000bra
Lucas Donlon,22,2023,Virginia Tech,18,32,25,5,8,0,0,0,6,0,0,5,5,0.32,0.438,0.32,0.758,8,1,1,0,1,0,,player.fcgi?id=donlon000luc
Gehrig Ebel,22,2023,Virginia Tech,34,93,71,9,15,4,0,1,9,0,0,15,24,0.211,0.363,0.31,0.672,22,0,3,2,2,0,,player.fcgi?id=ebel--000geh
Eddie Eisert#,21,2023,Virginia Tech,46,154,126,33,31,10,0,6,21,3,2,24,48,0.246,0.37,0.468,0.838,59,1,2,0,2,0,,player.fcgi?id=eisert000edd
Clay Grady,19,2023,Virginia Tech,48,172,150,33,46,5,1,4,34,4,1,15,23,0.307,0.386,0.433,0.819,65,5,5,1,1,0,,player.fcgi?id=grady-000cla
Nick Holesa*,23,2023,Virginia Tech,7,6,4,2,1,0,0,1,2,0,0,2,2,0.25,0.5,1,1.5,4,0,0,0,0,0,,player.fcgi?id=holesa000nic
Warren Holzemer,20,2023,Virginia Tech,12,10,9,3,3,1,0,0,2,0,1,1,0,0.333,0.4,0.444,0.844,4,0,0,0,0,0,,player.fcgi?id=holzem000war
Jack Hurley*,21,2023,Virginia Tech,45,210,178,46,57,15,2,17,49,4,2,20,40,0.32,0.414,0.713,1.128,127,2,10,0,2,0,,player.fcgi?id=hurley003jac
Carson Jones*,22,2023,Virginia Tech,53,232,187,58,56,13,2,14,47,12,1,33,59,0.299,0.429,0.615,1.044,115,1,10,1,1,0,,player.fcgi?id=jones-016car
Eduardo Malinowski,23,2023,Virginia Tech,16,41,39,4,7,2,0,1,8,0,1,1,13,0.179,0.22,0.308,0.527,12,1,1,0,0,0,,player.fcgi?id=malino000edu
Christian Martin*,20,2023,Virginia Tech,48,217,174,39,60,7,3,3,26,8,2,32,28,0.345,0.455,0.471,0.927,82,3,5,4,2,2,,player.fcgi?id=martin023chr
Garrett Michel*,19,2023,Virginia Tech,51,215,171,51,58,16,0,11,45,1,0,37,66,0.339,0.465,0.626,1.091,107,4,5,0,2,0,,player.fcgi?id=michel000gar
Carter Newman,19,2023,Virginia Tech,9,5,4,2,2,0,0,1,3,0,0,1,1,0.5,0.6,1.25,1.85,5,0,0,0,0,0,,player.fcgi?id=newman002car
Chris Sparber,21,2023,Virginia Tech,15,29,22,5,5,2,0,0,0,1,0,6,5,0.227,0.414,0.318,0.732,7,0,1,0,0,0,,player.fcgi?id=sparbe000chr
Sam Tackett,21,2023,Virginia Tech,22,46,39,9,12,2,0,2,11,0,0,6,13,0.308,0.413,0.513,0.926,20,0,1,0,0,0,,player.fcgi?id=tacket000sam
Carrington Aaron,19,2024,Virginia Tech,7,7,6,1,1,0,0,0,1,0,0,0,3,0.167,0.286,0.167,0.452,1,0,1,0,0,0,,player.fcgi?id=aaron-000car
Ryan Buckler,20,2024,Virginia Tech,4,1,1,0,0,0,0,0,0,0,0,0,0,0,0,0,0,0,0,0,0,0,0,,player.fcgi?id=buckle001rya
Chris Cannizzaro,23,2024,Virginia Tech,47,209,179,42,62,12,1,12,49,4,0,18,24,0.346,0.413,0.626,1.039,112,3,6,1,5,2,,player.fcgi?id=canniz003chr
Henry Cooke,20,2024,Virginia Tech,48,183,152,28,45,9,1,9,37,2,1,25,47,0.296,0.41,0.546,0.956,83,4,5,0,1,0,,player.fcgi?id=cooke-000hen
Carson DeMartini*,21,2024,Virginia Tech,54,256,201,62,54,12,3,21,57,6,1,43,71,0.269,0.4,0.672,1.072,135,2,5,1,6,3,,player.fcgi?id=demart000car
Gehrig Ebel,23,2024,Virginia Tech,47,183,154,36,50,10,1,12,31,2,0,22,38,0.325,0.42,0.636,1.056,98,2,4,2,1,1,,player.fcgi?id=ebel--000geh
Eddie Eisert#,22,2024,Virginia Tech,29,57,46,8,9,1,0,1,8,0,0,8,13,0.196,0.339,0.283,0.622,13,2,2,1,0,0,,player.fcgi?id=eisert000edd
Ethan Gibson,19,2024,Virginia Tech,29,58,47,7,10,2,0,1,4,1,1,9,15,0.213,0.351,0.319,0.67,15,1,1,1,0,0,,player.fcgi?id=gibson001eth
Clay Grady,20,2024,Virginia Tech,52,221,188,38,63,3,4,1,20,7,3,18,26,0.335,0.394,0.41,0.803,77,2,4,5,6,0,,player.fcgi?id=grady-000cla
Warren Holzemer,21,2024,Virginia Tech,13,10,8,6,2,0,0,1,3,0,0,2,2,0.25,0.4,0.625,1.025,5,0,0,0,0,0,,player.fcgi?id=holzem000war
Nick Locurto,19,2024,Virginia Tech,15,19,15,4,3,0,1,1,7,0,0,2,5,0.2,0.368,0.533,0.902,8,0,2,0,0,0,,player.fcgi?id=locurt000nic
Grant Manning,23,2024,Virginia Tech,19,1,0,0,0,0,0,0,0,0,0,1,0,,1,,,0,0,0,0,0,0,,player.fcgi?id=mannin000gra
Christian Martin*,21,2024,Virginia Tech,54,259,201,59,63,16,2,6,36,7,4,35,39,0.313,0.447,0.502,0.95,101,4,16,4,3,0,,player.fcgi?id=martin023chr
David McCann*,20,2024,Virginia Tech,47,148,115,32,31,8,0,9,29,2,0,18,39,0.27,0.408,0.574,0.982,66,3,11,1,3,0,,player.fcgi?id=mccann000dav
Garrett Michel*,20,2024,Virginia Tech,9,40,35,11,14,5,0,4,12,0,1,4,11,0.4,0.475,0.886,1.361,31,0,1,0,0,0,,player.fcgi?id=michel000gar
Eddie Micheletti*,22,2024,Virginia Tech,54,240,177,47,55,11,2,12,50,3,0,48,32,0.311,0.464,0.599,1.063,106,3,8,1,6,2,,player.fcgi?id=michel000edd
Carter Newman,20,2024,Virginia Tech,12,7,7,2,2,0,0,0,0,0,0,0,3,0.286,0.286,0.286,0.571,2,0,0,0,0,0,,player.fcgi?id=newman002car
Jake Slade,19,2024,Virginia Tech,10,13,13,5,7,1,0,2,7,0,0,0,5,0.538,0.538,1.077,1.615,14,0,0,0,0,0,,player.fcgi?id=slade-000jak
Sam Tackett,22,2024,Virginia Tech,42,114,90,19,17,3,0,2,13,3,1,16,28,0.189,0.342,0.289,0.631,26,2,6,0,2,0,,player.fcgi?id=tacket000sam
Ben Watson*,23,2024,Virginia Tech,54,247,222,51,93,21,3,4,48,3,0,20,24,0.419,0.466,0.595,1.06,132,5,2,0,3,1,,player.fcgi?id=watson001ben
Matt Westley,19,2024,Virginia Tech,7,7,6,1,1,0,0,0,0,0,0,1,1,0.167,0.286,0.167,0.452,1,1,0,0,0,0,,player.fcgi?id=westle000mat
Jackson Cherry*,23,2025,Virginia Tech,34,102,76,16,20,5,0,4,23,0,0,20,21,0.263,0.43,0.487,0.917,37,1,3,2,1,0,,player.fcgi?id=cherry002jac
Henry Cooke,21,2025,Virginia Tech,53,187,155,28,43,9,0,7,31,1,0,20,37,0.277,0.385,0.471,0.856,73,6,9,0,3,0,,player.fcgi?id=cooke-000hen
Jared Davis,21,2025,Virginia Tech,54,239,205,43,58,14,1,9,44,14,5,21,37,0.283,0.367,0.493,0.86,101,4,8,2,3,0,,player.fcgi?id=davis-005jar
Anderson French*,19,2025,Virginia Tech,41,101,77,17,19,3,0,3,11,1,1,21,30,0.247,0.416,0.403,0.818,31,1,2,0,1,0,,player.fcgi?id=french001and
Ethan Gibson,20,2025,Virginia Tech,44,74,62,12,11,6,0,0,3,2,0,9,26,0.177,0.282,0.274,0.556,17,2,0,3,0,0,,player.fcgi?id=gibson001eth
Clay Grady,21,2025,Virginia Tech,55,206,164,32,43,14,2,0,23,7,3,25,21,0.262,0.365,0.372,0.737,61,1,4,9,4,0,,player.fcgi?id=grady-000cla
Treyson Hughes*,23,2025,Virginia Tech,13,55,40,9,11,2,1,1,9,2,1,10,7,0.275,0.418,0.45,0.868,18,1,2,0,3,0,,player.fcgi?id=hughes002tre
Grant Hunter,19,2025,Virginia Tech,5,4,4,1,1,0,0,0,1,0,0,0,1,0.25,0.25,0.25,0.5,1,0,0,0,0,0,,player.fcgi?id=hunter000gra
Mycah Jordan,19,2025,Virginia Tech,18,24,20,7,5,1,0,1,3,0,0,4,8,0.25,0.375,0.45,0.825,9,0,0,0,0,0,,player.fcgi?id=jordan000myc
Ryder Kirtley,19,2025,Virginia Tech,7,6,4,2,2,0,0,0,1,0,0,2,1,0.5,0.667,0.5,1.167,2,0,0,0,0,0,,player.fcgi?id=kirtle000ryd
David Lewis,22,2025,Virginia Tech,47,149,123,23,28,6,1,6,23,1,0,23,45,0.228,0.345,0.439,0.784,54,2,0,1,2,0,,player.fcgi?id=lewis-003dav
Nick Locurto,20,2025,Virginia Tech,20,25,22,2,6,1,1,0,6,0,0,0,5,0.273,0.333,0.409,0.742,9,2,2,1,0,0,,player.fcgi?id=locurt000nic
Hudson Lutterman,19,2025,Virginia Tech,42,135,120,21,25,10,0,4,22,1,0,11,24,0.208,0.291,0.392,0.683,47,2,3,1,0,0,,player.fcgi?id=lutter000hud
David McCann*,21,2025,Virginia Tech,52,194,160,28,44,12,1,11,27,3,2,20,38,0.275,0.385,0.569,0.954,91,2,10,2,2,2,,player.fcgi?id=mccann000dav
Garrett Michel*,21,2025,Virginia Tech,27,113,92,25,25,10,1,2,20,1,1,19,22,0.272,0.398,0.467,0.866,43,2,1,0,1,0,,player.fcgi?id=michel000gar
Luca Perriello#,20,2025,Virginia Tech,4,5,3,2,1,0,0,1,4,0,0,0,2,0.333,0.6,1.333,1.933,4,0,2,0,0,0,,player.fcgi?id=perrie000luc
Cam Pittman*,22,2025,Virginia Tech,41,117,93,26,24,0,0,2,13,3,0,19,15,0.258,0.4,0.323,0.723,30,0,3,2,0,0,,player.fcgi?id=pittma000cam
Jake Slade,20,2025,Virginia Tech,16,15,11,1,0,0,0,0,1,0,0,3,6,0,0.2,0,0.2,0,0,0,0,1,0,,player.fcgi?id=slade-000jak
Sam Tackett,23,2025,Virginia Tech,56,236,193,43,60,10,0,14,44,12,2,36,61,0.311,0.426,0.58,1.006,112,1,4,1,2,4,,player.fcgi?id=tacket000sam
Ben Watson*,24,2025,Virginia Tech,54,241,208,39,65,15,0,8,35,3,2,25,21,0.313,0.398,0.5,0.898,104,7,6,0,2,0,,player.fcgi?id=watson001ben
Eric Arce*,19,2011,Florida State,7,14,10,3,1,0,0,0,1,0,1,3,1,0.1,0.357,0.1,0.457,1,,1,0,0,,,player.fcgi?id=arce--001eri
Jayce Boyd,20,2011,Florida State,65,294,245,44,84,17,4,8,60,10,2,36,33,0.343,0.423,0.543,0.966,133,,3,3,7,,,player.fcgi?id=boyd--000jay
Wil Breton?,--,2011,Florida State,17,12,9,2,1,0,0,0,1,0,0,1,4,0.111,0.333,0.111,0.444,1,,2,0,0,,,player.fcgi?id=breton000wil
Parker Brunelle#,22,2011,Florida State,51,139,112,20,26,7,1,1,13,1,1,19,16,0.232,0.37,0.339,0.709,38,,6,1,1,,,player.fcgi?id=brunel000par
Tye Buckley?,--,2011,Florida State,19,0,0,2,0,0,0,0,0,0,0,0,0,,,,,0,,0,0,0,,,player.fcgi?id=buckle000tye
Taiwan Easterling,22,2011,Florida State,55,134,115,28,34,5,0,1,19,6,0,9,24,0.296,0.366,0.365,0.732,42,,5,3,2,,,player.fcgi?id=easter001tai
Tyler Everett?,--,2011,Florida State,15,1,0,1,0,0,0,0,0,0,0,1,0,,1,,,0,,0,0,0,,,player.fcgi?id=everet000tyl
Sean Gilmartin*,21,2011,Florida State,32,28,22,3,4,0,0,0,2,0,0,4,7,0.182,0.321,0.182,0.503,4,,1,0,1,,,player.fcgi?id=gilmar001sea
Justin Gonzalez,20,2011,Florida State,65,281,231,50,61,13,1,8,40,8,2,31,74,0.264,0.38,0.433,0.813,100,,14,2,3,,,player.fcgi?id=gonzal001jus
Sherman Johnson*,20,2011,Florida State,65,306,238,51,61,18,0,1,40,10,2,59,50,0.256,0.411,0.345,0.755,82,,4,4,1,,,player.fcgi?id=johnso003she
Rafael Lopez*,23,2011,Florida State,60,260,212,43,69,19,0,7,37,9,2,36,36,0.325,0.436,0.514,0.95,109,,8,1,3,,,player.fcgi?id=lopez-008raf
Mike McGee,22,2011,Florida State,64,290,234,57,75,16,0,10,58,7,3,46,56,0.321,0.436,0.517,0.953,121,,5,1,4,,,player.fcgi?id=mcgee-001mic
Stephen McGee,20,2011,Florida State,10,12,9,1,1,1,0,0,2,0,0,2,3,0.111,0.333,0.222,0.556,2,,1,0,0,,,player.fcgi?id=mcgee-000ste
Peter Miller,19,2011,Florida State,9,8,7,1,4,1,0,0,3,0,0,1,1,0.571,0.625,0.714,1.339,5,,0,0,0,,,player.fcgi?id=miller002pet
Seth Miller?,--,2011,Florida State,49,129,101,15,18,4,0,1,12,8,0,20,35,0.178,0.341,0.248,0.589,25,,6,0,2,,,player.fcgi?id=miller000set
Sean O'Brien?,--,2011,Florida State,20,33,31,2,11,2,0,1,9,0,0,0,4,0.355,0.333,0.516,0.849,16,,0,0,2,,,player.fcgi?id=obrien001sea
Jack Posey?,--,2011,Florida State,18,12,9,0,2,0,0,0,0,0,0,2,6,0.222,0.417,0.222,0.639,2,,1,0,0,,,player.fcgi?id=posey-001jac
James Ramsey*,21,2011,Florida State,65,296,250,58,91,18,3,10,67,11,3,31,52,0.364,0.442,0.58,1.022,145,,8,2,5,,,player.fcgi?id=ramsey000jam
Hunter Scantling,21,2011,Florida State,17,2,2,0,0,0,0,0,0,0,0,0,2,0,0,0,0,0,,0,0,0,,,player.fcgi?id=scantl001hun
Robby Stahl?,--,2011,Florida State,27,26,18,7,3,1,0,0,2,0,0,8,7,0.167,0.423,0.222,0.645,4,,0,0,0,,,player.fcgi?id=stahl-000rob
Stuart Tapley?,--,2011,Florida State,50,200,164,28,38,4,0,7,29,1,0,27,47,0.232,0.355,0.384,0.739,63,,5,3,1,,,player.fcgi?id=tapley000stu
Devon Travis,20,2011,Florida State,60,291,231,58,76,26,0,6,33,5,4,45,32,0.329,0.455,0.519,0.974,120,,10,3,2,,,player.fcgi?id=travis000dev
Giovanny Alfonzo,19,2012,Florida State,29,34,28,7,3,0,0,0,4,2,0,4,4,0.107,0.219,0.107,0.326,3,,0,2,0,0,,player.fcgi?id=alfonz000gio
Mario Amaral,18,2012,Florida State,3,3,3,0,1,0,0,0,1,0,0,0,1,0.333,0.333,0.333,0.667,1,,0,0,0,0,,player.fcgi?id=amaral000mar
Jayce Boyd,21,2012,Florida State,66,303,255,47,96,21,0,4,61,8,1,37,26,0.376,0.452,0.506,0.958,129,,4,0,7,9,,player.fcgi?id=boyd--000jay
Jose Brizuela*,19,2012,Florida State,66,264,221,34,50,12,2,2,38,6,4,26,44,0.226,0.322,0.326,0.647,72,,7,6,4,0,,player.fcgi?id=brizue000jos
Josh Delph*,19,2012,Florida State,59,153,131,19,35,10,0,0,20,3,1,12,36,0.267,0.349,0.344,0.693,45,,5,4,1,0,,player.fcgi?id=delph-000tho
Bert Givens?,--,2012,Florida State,2,1,1,0,0,0,0,0,0,0,0,0,1,0,0,0,0,0,,0,0,0,0,,player.fcgi?id=givens000ber
Justin Gonzalez,21,2012,Florida State,61,256,211,42,54,11,0,9,42,13,2,30,73,0.256,0.374,0.436,0.81,92,,11,2,2,0,,player.fcgi?id=gonzal001jus
John Holland*,19,2012,Florida State,41,90,74,17,18,8,0,0,10,1,0,12,19,0.243,0.378,0.351,0.729,26,,4,0,0,1,,player.fcgi?id=hollan005joh
Lee Howard,--,2012,Florida State,15,12,12,0,0,0,0,0,0,0,0,0,6,0,0,0,0,0,,0,0,0,0,,player.fcgi?id=howard002lee
Sherman Johnson*,21,2012,Florida State,67,327,247,64,70,18,0,5,38,4,1,69,42,0.283,0.45,0.417,0.867,103,,8,0,3,0,,player.fcgi?id=johnso003she
Stephen McGee,21,2012,Florida State,67,293,205,35,47,9,0,0,41,2,4,61,32,0.229,0.428,0.273,0.701,56,,16,3,8,2,,player.fcgi?id=mcgee-000ste
Seth Miller?,--,2012,Florida State,60,178,146,20,31,7,2,3,29,4,1,15,41,0.212,0.328,0.349,0.677,51,,11,4,2,1,,player.fcgi?id=miller000set
John Nogowski,19,2012,Florida State,53,167,140,21,35,5,0,2,23,2,3,21,26,0.25,0.361,0.329,0.69,46,,4,1,1,0,,player.fcgi?id=nogows000joh
Sean O'Brien?,--,2012,Florida State,15,14,12,1,0,0,0,0,0,0,0,2,5,0,0.143,0,0.143,0,,0,0,0,0,,player.fcgi?id=obrien001sea
James Ramsey*,22,2012,Florida State,67,314,233,78,88,13,6,13,58,11,5,63,42,0.378,0.513,0.652,1.165,152,,9,2,7,5,,player.fcgi?id=ramsey000jam
Hunter Scantling,22,2012,Florida State,31,1,1,0,1,0,0,0,0,0,0,0,0,1,1,1,2,1,,0,0,0,0,,player.fcgi?id=scantl001hun
Stephen Spradling?,--,2012,Florida State,35,58,42,11,11,1,0,0,4,0,1,4,13,0.262,0.466,0.286,0.751,12,,12,0,0,0,,player.fcgi?id=spradl000ste
Devon Travis,21,2012,Florida State,67,306,268,63,87,24,0,8,44,7,2,30,40,0.325,0.4,0.504,0.904,135,,5,1,2,0,,player.fcgi?id=travis000dev
Giovanny Alfonzo,20,2013,Florida State,62,250,205,31,54,6,0,0,26,2,2,27,35,0.263,0.369,0.293,0.662,60,,9,6,3,1,,player.fcgi?id=alfonz000gio
Jose Brizuela*,20,2013,Florida State,61,261,216,40,70,14,3,4,44,7,2,34,39,0.324,0.422,0.472,0.895,102,,5,3,3,0,,player.fcgi?id=brizue000jos
Marcus Davis*,21,2013,Florida State,64,281,239,56,72,20,0,9,62,6,2,29,34,0.301,0.382,0.498,0.88,119,,6,1,6,0,,player.fcgi?id=davis-017mar
Josh Delph*,20,2013,Florida State,40,160,111,32,30,6,0,1,21,5,3,33,15,0.27,0.468,0.351,0.82,39,,11,2,3,0,,player.fcgi?id=delph-000tho
Justin Gonzalez,22,2013,Florida State,5,22,18,5,5,0,1,2,5,0,0,3,6,0.278,0.409,0.722,1.131,13,,1,0,0,0,,player.fcgi?id=gonzal001jus
J.J. Gould,19,2013,Florida State,15,9,7,3,1,0,0,0,1,0,0,0,3,0.143,0.333,0.143,0.476,1,,2,0,0,0,,player.fcgi?id=gould-000jor
Lee Howard,--,2013,Florida State,9,10,8,0,0,0,0,0,0,0,0,2,3,0,0.2,0,0.2,0,,0,0,0,0,,player.fcgi?id=howard002lee
Brett Knief,22,2013,Florida State,41,112,87,16,29,5,2,1,14,1,1,12,16,0.333,0.435,0.471,0.906,41,,6,4,3,1,,player.fcgi?id=knief-000bre
Stephen McGee,22,2013,Florida State,64,278,206,50,59,16,1,9,52,4,0,55,37,0.286,0.449,0.505,0.954,104,,10,2,5,3,,player.fcgi?id=mcgee-000ste
Seth Miller?,--,2013,Florida State,62,211,170,38,47,15,4,0,19,4,5,25,27,0.276,0.391,0.412,0.803,70,,9,4,3,0,,player.fcgi?id=miller000set
Ladson Montgomery*,21,2013,Florida State,24,36,30,1,8,1,0,0,3,0,0,4,1,0.267,0.389,0.3,0.689,9,,2,0,0,0,,player.fcgi?id=montgo000lad
John Nogowski,20,2013,Florida State,58,202,159,36,44,11,2,2,33,2,2,27,27,0.277,0.412,0.409,0.821,65,,11,3,2,0,,player.fcgi?id=nogows000joh
John Sansone,19,2013,Florida State,63,244,193,36,45,11,0,2,32,2,3,33,56,0.233,0.379,0.321,0.7,62,,13,4,1,0,,player.fcgi?id=sanson002joh
Scott Sitz,22,2013,Florida State,17,2,2,0,0,0,0,0,1,0,0,0,0,0,0,0,0,0,,0,0,0,0,,player.fcgi?id=sitz--000sco
Casey Smit*,--,2013,Florida State,45,121,97,18,29,9,0,0,13,1,0,14,15,0.299,0.412,0.392,0.804,38,,6,2,2,0,,player.fcgi?id=smit--000cas
DJ Stewart*,19,2013,Florida State,60,274,225,50,82,25,2,5,59,8,4,38,40,0.364,0.469,0.56,1.029,126,,8,1,2,2,,player.fcgi?id=stewar000dem
Alvin Swoope,19,2013,Florida State,3,3,2,1,1,0,0,0,0,0,0,1,1,0.5,0.667,0.5,1.167,1,,0,0,0,0,,player.fcgi?id=swoope000alv
Ryan Valdes,19,2013,Florida State,13,7,7,1,0,0,0,0,0,0,1,0,2,0,0,0,0,0,,0,0,0,0,,player.fcgi?id=valdes000rya
Jameis Winston#,19,2013,Florida State,50,146,119,21,28,7,3,0,9,2,2,22,33,0.235,0.377,0.345,0.721,41,,5,0,0,0,,player.fcgi?id=winsto001jam
Jose Brizuela*,21,2014,Florida State,60,258,218,46,70,14,2,3,38,14,2,22,39,0.321,0.406,0.445,0.851,97,,12,2,4,1,,player.fcgi?id=brizue000jos
Danny De la Calle,21,2014,Florida State,58,209,174,27,39,3,0,0,29,1,0,17,37,0.224,0.315,0.241,0.557,42,,8,6,4,0,,player.fcgi?id=delaca000dan
Josh Delph*,21,2014,Florida State,58,236,194,34,52,14,1,0,20,2,2,34,32,0.268,0.385,0.351,0.735,68,,4,2,2,1,,player.fcgi?id=delph-000tho
Ben DeLuzio,19,2014,Florida State,51,207,171,35,48,7,5,1,27,16,2,22,44,0.281,0.371,0.398,0.769,68,,5,5,4,1,,player.fcgi?id=deluzi000ben
Justin Gonzalez,23,2014,Florida State,56,256,196,43,48,16,2,3,39,3,2,48,68,0.245,0.41,0.393,0.803,77,,9,0,3,0,,player.fcgi?id=gonzal001jus
Nick Graganella,--,2014,Florida State,33,16,13,7,3,0,0,0,3,0,0,3,8,0.231,0.375,0.231,0.606,3,,0,0,0,0,,player.fcgi?id=gragan000nic
Lee Howard,--,2014,Florida State,7,5,5,0,1,0,0,0,2,0,0,0,2,0.2,0.2,0.2,0.4,1,,0,0,0,0,,player.fcgi?id=howard002lee
Brett Knief,23,2014,Florida State,55,186,159,26,42,5,0,2,22,4,0,16,32,0.264,0.344,0.333,0.678,53,,4,6,1,0,,player.fcgi?id=knief-000bre
Peter Miller,22,2014,Florida State,20,1,1,0,0,0,0,0,0,0,0,0,0,0,0,0,0,0,,0,0,0,0,,player.fcgi?id=miller002pet
Ladson Montgomery*,22,2014,Florida State,29,32,25,3,8,1,0,0,4,0,0,5,3,0.32,0.469,0.36,0.829,9,,2,0,0,0,,player.fcgi?id=montgo000lad
Matt Mulroy,--,2014,Florida State,4,3,2,2,0,0,0,0,1,0,0,0,0,0,0,0,0,0,,0,0,1,0,,player.fcgi?id=mulroy000mat
John Nogowski,21,2014,Florida State,60,269,212,47,65,12,1,5,49,3,3,43,27,0.307,0.431,0.443,0.875,94,,8,0,6,2,,player.fcgi?id=nogows000joh
John Sansone,20,2014,Florida State,60,254,199,38,44,13,0,2,39,6,1,29,58,0.221,0.361,0.317,0.678,63,,18,2,6,1,,player.fcgi?id=sanson002joh
Casey Smit*,--,2014,Florida State,54,186,145,25,43,2,0,1,25,3,1,33,33,0.297,0.429,0.331,0.76,48,,3,2,3,0,,player.fcgi?id=smit--000cas
Gage Smith,23,2014,Florida State,41,2,2,0,0,0,0,0,0,0,0,0,1,0,0,0,0,0,,0,0,0,0,,player.fcgi?id=smith-000gag
DJ Stewart*,20,2014,Florida State,53,248,194,45,68,19,0,7,50,4,1,40,30,0.351,0.472,0.557,1.028,108,,9,0,5,2,,player.fcgi?id=stewar000dem
Hank Truluck,19,2014,Florida State,23,29,21,3,6,1,0,0,3,2,0,7,7,0.286,0.483,0.333,0.816,7,,1,0,0,0,,player.fcgi?id=truluc000han
Gage West*,19,2014,Florida State,26,37,31,6,5,1,1,2,8,0,0,3,9,0.161,0.216,0.452,0.668,14,,0,0,3,0,,player.fcgi?id=west--000gag
Jameis Winston#,20,2014,Florida State,42,49,39,6,5,2,0,0,4,0,0,8,9,0.128,0.292,0.179,0.471,7,,1,1,0,0,,player.fcgi?id=winsto001jam
Dylan Busby,19,2015,Florida State,62,241,198,34,48,15,0,9,45,12,1,27,73,0.242,0.363,0.455,0.817,90,,12,1,3,0,,player.fcgi?id=busby-000dyl
Alec Byrd*,20,2015,Florida State,27,1,0,0,0,0,0,0,0,0,0,0,0,,1,,,0,,1,0,0,0,,player.fcgi?id=byrd--000ale
Mike Compton,22,2015,Florida State,14,1,1,0,1,1,0,0,1,0,0,0,0,1,1,2,3,2,,0,0,0,0,,player.fcgi?id=compto000mik
Danny De la Calle,22,2015,Florida State,63,229,207,37,52,9,2,8,35,2,1,11,65,0.251,0.293,0.43,0.723,89,,3,4,4,0,,player.fcgi?id=delaca000dan
Josh Delph*,22,2015,Florida State,65,270,216,43,63,13,0,1,25,5,1,41,46,0.292,0.417,0.366,0.782,79,,6,6,1,0,,player.fcgi?id=delph-000tho
Ben DeLuzio,20,2015,Florida State,60,202,170,26,41,7,0,2,24,14,3,25,47,0.241,0.345,0.318,0.663,54,,3,2,2,0,,player.fcgi?id=deluzi000ben
Nick Graganella,--,2015,Florida State,36,31,25,13,3,1,0,0,3,0,0,6,12,0.12,0.29,0.16,0.45,4,,0,0,0,0,,player.fcgi?id=gragan000nic
Bryant Holtmann,22,2015,Florida State,21,1,1,0,0,0,0,0,0,0,0,0,1,0,0,0,0,0,,0,0,0,0,,player.fcgi?id=holtma000bry
Cobi Johnson,19,2015,Florida State,15,1,1,0,0,0,0,0,0,0,0,0,0,0,0,0,0,0,,0,0,0,0,,player.fcgi?id=johnso000cob
Hayden Kelly*,--,2015,Florida State,19,22,16,2,3,3,0,0,3,0,0,3,10,0.188,0.409,0.375,0.784,6,,3,0,0,0,,player.fcgi?id=kelly-002hay
Chris Marconcini*,23,2015,Florida State,48,194,144,24,33,7,0,7,36,1,2,40,36,0.229,0.418,0.424,0.841,61,,8,0,2,2,,player.fcgi?id=marcon000chr
Darren Miller,19,2015,Florida State,56,132,110,16,31,7,0,1,16,0,3,21,28,0.282,0.402,0.373,0.774,41,,1,0,0,0,,player.fcgi?id=miller003dar
Quincy Nieporte,20,2015,Florida State,61,250,209,37,62,10,0,7,48,1,1,22,19,0.297,0.391,0.445,0.836,93,,13,2,4,1,,player.fcgi?id=niepor000qui
Jackson Owens,19,2015,Florida State,9,9,7,5,2,0,0,0,1,0,0,0,0,0.286,0.333,0.286,0.619,2,,1,0,1,0,,player.fcgi?id=owens-001jac
John Sansone,21,2015,Florida State,65,306,245,60,60,15,0,8,38,3,2,35,66,0.245,0.382,0.404,0.786,99,,20,5,1,0,,player.fcgi?id=sanson002joh
Dylan Silva*,21,2015,Florida State,38,2,0,1,0,0,0,0,0,0,0,2,0,,1,,,0,,0,0,0,0,,player.fcgi?id=silva-000dyl
DJ Stewart*,21,2015,Florida State,64,294,214,62,68,10,2,15,59,12,3,69,47,0.318,0.5,0.593,1.093,127,,10,0,1,9,,player.fcgi?id=stewar000dem
Billy Strode*,22,2015,Florida State,32,1,1,0,0,0,0,0,0,0,0,0,1,0,0,0,0,0,,0,0,0,0,,player.fcgi?id=strode000bil
Hank Truluck,20,2015,Florida State,42,94,73,14,21,4,0,0,15,3,1,17,24,0.288,0.435,0.342,0.777,25,,2,2,0,0,,player.fcgi?id=truluc000han
Taylor Walls#,18,2015,Florida State,65,289,227,43,50,4,1,0,22,7,1,52,55,0.22,0.373,0.247,0.62,56,,5,2,3,0,,player.fcgi?id=walls-000tay
Steven Wells,20,2015,Florida State,29,31,24,6,5,1,0,1,7,0,0,3,6,0.208,0.31,0.375,0.685,9,,1,2,1,0,,player.fcgi?id=wells-001ste
Gage West*,20,2015,Florida State,40,77,65,12,15,6,1,0,9,0,0,5,16,0.231,0.351,0.354,0.704,23,,7,0,0,0,,player.fcgi?id=west--000gag
Dylan Busby,20,2016,Florida State,63,274,248,49,80,16,5,14,55,11,2,18,64,0.323,0.374,0.597,0.97,148,,4,1,3,1,,player.fcgi?id=busby-000dyl
Bryan Bussey?,--,2016,Florida State,26,28,24,2,4,2,0,0,6,0,0,1,6,0.167,0.25,0.25,0.5,6,,2,0,1,0,,player.fcgi?id=bussey000bry
Mike Compton,23,2016,Florida State,16,1,1,0,0,0,0,0,0,0,0,0,1,0,0,0,0,0,,0,0,0,0,,player.fcgi?id=compto000mik
Ben DeLuzio,21,2016,Florida State,63,240,198,40,47,12,2,1,25,15,3,26,37,0.237,0.346,0.333,0.679,66,,9,3,4,0,,player.fcgi?id=deluzi000ben
Nick Graganella,--,2016,Florida State,47,61,50,10,10,2,0,0,3,1,1,7,20,0.2,0.317,0.24,0.557,12,,2,1,1,0,,player.fcgi?id=gragan000nic
Matt Henderson#,20,2016,Florida State,60,233,165,44,38,6,1,0,14,4,1,45,30,0.23,0.42,0.279,0.698,46,,11,9,3,0,,player.fcgi?id=hender002mat
Tyler Holton*,20,2016,Florida State,41,36,28,7,6,2,0,2,7,0,0,4,11,0.214,0.389,0.5,0.889,14,,4,0,0,0,,player.fcgi?id=holton000tyl
Hayden Kelly*,--,2016,Florida State,13,16,10,5,2,0,0,1,3,0,0,2,4,0.2,0.5,0.5,1,5,,4,0,0,0,,player.fcgi?id=kelly-002hay
Matthew Kinney*,23,2016,Florida State,28,1,1,0,0,0,0,0,0,0,0,0,0,0,0,0,0,0,,0,0,0,0,,player.fcgi?id=kinney002mat
Jackson Lueck#,19,2016,Florida State,47,167,132,33,50,10,2,4,35,2,0,21,37,0.379,0.494,0.576,1.07,76,,11,1,2,0,,player.fcgi?id=lueck-000jac
Darren Miller,20,2016,Florida State,31,104,83,14,19,5,0,1,14,3,2,15,22,0.229,0.375,0.325,0.7,27,,5,0,1,0,,player.fcgi?id=miller003dar
Quincy Nieporte,21,2016,Florida State,54,223,200,24,60,13,0,5,38,2,1,11,14,0.3,0.354,0.44,0.794,88,,8,0,4,0,,player.fcgi?id=niepor000qui
Donovan Petrey?,--,2016,Florida State,48,104,84,18,21,4,0,1,8,2,0,13,11,0.25,0.382,0.333,0.716,28,,5,2,0,0,,player.fcgi?id=petrey000don
Cal Raleigh#,19,2016,Florida State,63,280,229,45,69,16,1,10,50,1,1,42,46,0.301,0.412,0.511,0.923,117,,4,1,4,4,,player.fcgi?id=raleig000cal
John Sansone,22,2016,Florida State,63,306,257,58,95,26,0,9,65,8,3,29,35,0.37,0.455,0.576,1.031,148,,14,3,3,0,,player.fcgi?id=sanson002joh
Hank Truluck,21,2016,Florida State,39,67,49,13,10,3,0,1,11,0,0,7,17,0.204,0.344,0.327,0.67,16,,5,3,3,0,,player.fcgi?id=truluc000han
Taylor Walls#,19,2016,Florida State,63,311,248,72,88,20,1,6,46,14,2,59,45,0.355,0.479,0.516,0.995,128,,2,0,2,0,,player.fcgi?id=walls-000tay
Steven Wells,21,2016,Florida State,51,96,76,12,14,1,0,1,13,0,1,18,20,0.184,0.333,0.237,0.57,18,,0,0,2,0,,player.fcgi?id=wells-001ste
Gage West*,21,2016,Florida State,27,96,75,14,22,4,0,1,12,1,1,14,19,0.293,0.404,0.387,0.791,29,,2,2,3,0,,player.fcgi?id=west--000gag
Will Zirzow,21,2016,Florida State,15,1,1,0,0,0,0,0,0,0,0,0,0,0,0,0,0,0,,0,0,0,0,,player.fcgi?id=zirzow000wil
Rhett Aplin*,21,2017,Florida State,47,178,143,34,46,9,1,6,24,4,2,25,30,0.322,0.434,0.524,0.959,75,,5,3,2,1,,player.fcgi?id=aplin-000rhe
Dylan Busby,21,2017,Florida State,63,291,248,58,78,21,2,15,65,10,3,24,64,0.315,0.399,0.597,0.996,148,,13,3,3,0,,player.fcgi?id=busby-000dyl
Bryan Bussey?,--,2017,Florida State,21,20,15,4,4,1,0,0,1,0,0,2,0,0.267,0.4,0.333,0.733,5,,2,0,1,0,,player.fcgi?id=bussey000bry
Drew Carlton,21,2017,Florida State,36,1,1,0,0,0,0,0,0,0,0,0,0,0,0,0,0,0,,0,0,0,0,,player.fcgi?id=carlto000dre
Kyle Cavanaugh,22,2017,Florida State,18,24,21,3,4,0,0,1,1,0,0,2,9,0.19,0.292,0.333,0.625,7,,1,0,0,0,,player.fcgi?id=cavana000kyl
Tyler Daughtry*,19,2017,Florida State,32,119,86,19,18,6,0,1,13,3,1,29,23,0.209,0.412,0.314,0.726,27,,2,0,2,0,,player.fcgi?id=daught000tyl
Nick Derr,19,2017,Florida State,50,163,120,31,27,2,1,1,17,6,0,29,38,0.225,0.401,0.283,0.685,34,,9,1,4,0,,player.fcgi?id=derr--000nic
J.C. Flowers,19,2017,Florida State,68,269,213,44,50,4,2,2,32,7,0,30,58,0.235,0.359,0.3,0.66,64,,13,10,3,0,,player.fcgi?id=flower000jc-
Matt Henderson#,21,2017,Florida State,68,248,179,35,50,7,0,0,22,8,2,44,42,0.279,0.448,0.318,0.766,57,,13,9,3,0,,player.fcgi?id=hender002mat
Tyler Holton*,21,2017,Florida State,34,50,45,8,11,0,0,2,9,0,0,4,14,0.244,0.3,0.378,0.678,17,,0,0,1,0,,player.fcgi?id=holton000tyl
Clayton Kwiatkowski*,19,2017,Florida State,18,1,1,0,0,0,0,0,0,0,0,0,0,0,0,0,0,0,,0,0,0,0,,player.fcgi?id=kwiatk000cla
Jackson Lueck#,20,2017,Florida State,56,248,211,41,67,11,1,9,54,6,2,27,51,0.318,0.405,0.507,0.912,107,,6,1,3,2,,player.fcgi?id=lueck-000jac
Ryan Mejia?,--,2017,Florida State,10,10,9,1,3,0,0,0,4,0,0,1,0,0.333,0.4,0.333,0.733,3,,0,0,0,0,,player.fcgi?id=mejia-000rya
Drew Mendoza*,19,2017,Florida State,43,187,148,33,40,9,0,10,33,3,1,30,49,0.27,0.4,0.534,0.934,79,,4,2,3,1,,player.fcgi?id=mendoz000dre
Quincy Nieporte,22,2017,Florida State,68,301,255,41,77,20,0,11,82,0,0,26,36,0.302,0.378,0.51,0.888,130,,10,2,8,1,,player.fcgi?id=niepor000qui
Donovan Petrey?,--,2017,Florida State,22,26,19,2,3,0,0,0,4,0,0,6,4,0.158,0.385,0.158,0.543,3,,1,0,0,0,,player.fcgi?id=petrey000don
Cal Raleigh#,20,2017,Florida State,69,309,264,51,60,16,1,9,39,1,0,39,39,0.227,0.33,0.398,0.728,105,,3,0,3,0,,player.fcgi?id=raleig000cal
Hank Truluck,22,2017,Florida State,41,37,27,8,6,2,0,1,2,1,2,4,12,0.222,0.417,0.407,0.824,11,,5,1,0,0,,player.fcgi?id=truluc000han
Taylor Walls#,20,2017,Florida State,68,332,260,82,71,9,3,8,47,10,2,67,45,0.273,0.421,0.423,0.844,110,,1,2,2,0,,player.fcgi?id=walls-000tay
Steven Wells,22,2017,Florida State,40,61,51,7,11,1,0,1,8,0,1,7,13,0.216,0.328,0.294,0.622,15,,2,0,1,0,,player.fcgi?id=wells-001ste
Will Zirzow,22,2017,Florida State,21,1,1,0,1,0,0,0,0,0,0,0,0,1,1,1,2,1,,0,0,0,0,,player.fcgi?id=zirzow000wil
Reese Albert*,18,2018,Florida State,56,189,157,25,42,8,0,7,34,4,2,23,45,0.268,0.36,0.452,0.812,71,,2,3,4,0,,player.fcgi?id=albert000ree
Rhett Aplin*,22,2018,Florida State,60,284,226,37,68,18,1,2,35,3,2,47,49,0.301,0.428,0.416,0.843,94,,6,1,4,0,,player.fcgi?id=aplin-000rhe
Rafael Bournigal*,23,2018,Florida State,50,167,132,22,25,8,0,2,19,3,0,21,24,0.189,0.327,0.295,0.623,39,,7,5,2,0,,player.fcgi?id=bourni002raf
Kyle Cavanaugh,23,2018,Florida State,25,47,38,9,14,1,0,1,11,0,0,7,11,0.368,0.489,0.474,0.963,18,,2,0,0,0,,player.fcgi?id=cavana000kyl
Nick Derr,20,2018,Florida State,50,171,137,30,29,8,0,6,24,0,1,21,46,0.212,0.353,0.401,0.754,55,,10,1,2,0,,player.fcgi?id=derr--000nic
J.C. Flowers,20,2018,Florida State,36,144,110,26,24,6,0,0,14,2,1,22,28,0.218,0.383,0.273,0.656,30,,8,3,1,0,,player.fcgi?id=flower000jc-
Jonathan Foster,21,2018,Florida State,21,35,28,4,6,2,0,2,7,0,0,5,8,0.214,0.353,0.5,0.853,14,,1,1,0,0,,player.fcgi?id=foster004jon
Skylar Frey,--,2018,Florida State,29,33,23,5,4,1,0,0,3,2,1,9,6,0.174,0.406,0.217,0.624,5,,0,1,0,0,,player.fcgi?id=frey--000sky
Jared Herron,20,2018,Florida State,27,42,37,8,11,3,0,1,6,0,0,4,9,0.297,0.381,0.459,0.84,17,,1,0,0,0,,player.fcgi?id=herron000jar
Gage Hutchinson,22,2018,Florida State,10,1,1,1,0,0,0,0,0,0,0,0,0,0,0,0,0,0,,0,0,0,0,,player.fcgi?id=hutchi000gag
Cobi Johnson,22,2018,Florida State,17,16,12,4,3,0,1,1,7,0,0,4,5,0.25,0.438,0.667,1.104,8,,0,0,0,0,,player.fcgi?id=johnso000cob
Jackson Lueck#,21,2018,Florida State,60,281,229,49,56,8,0,15,45,3,1,38,58,0.245,0.364,0.476,0.84,109,,8,1,5,1,,player.fcgi?id=lueck-000jac
Drew Mendoza*,20,2018,Florida State,62,284,224,44,70,17,1,7,44,3,0,46,63,0.313,0.44,0.491,0.931,110,,9,0,5,2,,player.fcgi?id=mendoz000dre
Cal Raleigh#,21,2018,Florida State,62,284,230,44,75,18,1,13,54,2,1,51,43,0.326,0.447,0.583,1.03,134,,1,0,2,0,,player.fcgi?id=raleig000cal
Mike Salvatore,21,2018,Florida State,62,282,238,44,58,8,1,1,27,8,4,28,20,0.244,0.333,0.298,0.632,71,,7,3,6,0,,player.fcgi?id=salvat000mik
Cooper Swanson,19,2018,Florida State,29,70,55,12,14,4,0,2,4,3,0,13,22,0.255,0.414,0.436,0.851,24,,2,0,0,0,,player.fcgi?id=swanso000coo
Steven Wells,23,2018,Florida State,61,242,176,50,46,13,1,7,28,3,1,51,49,0.261,0.448,0.466,0.914,82,,10,3,2,0,,player.fcgi?id=wells-001ste
Reese Albert*,19,2019,Florida State,46,205,166,33,47,6,3,9,35,2,1,27,49,0.283,0.39,0.518,0.908,86,,6,0,6,0,,player.fcgi?id=albert000ree
Nico Baldor*,21,2019,Florida State,50,149,127,13,22,7,0,1,16,2,0,13,26,0.173,0.277,0.252,0.529,32,,6,1,2,1,,player.fcgi?id=baldor000nic
Tim Becker*,23,2019,Florida State,46,70,57,17,14,3,0,3,13,0,0,8,23,0.246,0.362,0.456,0.818,26,,3,1,1,0,,player.fcgi?id=becker002tim
Elijah Cabell,20,2019,Florida State,58,219,164,37,36,9,1,7,25,9,1,39,88,0.22,0.404,0.415,0.818,68,,13,1,2,1,,player.fcgi?id=cabell000eli
Nander De Sedas#,19,2019,Florida State,62,253,208,38,48,8,1,4,32,3,2,29,61,0.231,0.353,0.337,0.69,70,,12,1,3,0,,player.fcgi?id=deseda000nan
J.C. Flowers,21,2019,Florida State,64,274,233,46,62,11,2,13,53,11,3,31,68,0.266,0.371,0.498,0.869,116,,8,2,0,0,,player.fcgi?id=flower000jc-
Jonathan Foster,22,2019,Florida State,36,84,62,19,12,2,0,2,7,0,0,16,22,0.194,0.398,0.323,0.72,20,,5,1,0,0,,player.fcgi?id=foster004jon
Chase Haney,23,2019,Florida State,33,2,2,0,2,0,0,0,0,0,0,0,0,1,1,1,2,2,,0,0,0,0,,player.fcgi?id=haney-000cha
Gage Hutchinson,23,2019,Florida State,10,1,1,0,0,0,0,0,0,0,0,0,1,0,0,0,0,0,,0,0,0,0,,player.fcgi?id=hutchi000gag
Robby Martin*,19,2019,Florida State,63,257,216,34,68,17,0,4,54,2,1,31,55,0.315,0.398,0.449,0.848,97,,3,1,6,0,,player.fcgi?id=martin024rob
Drew Mendoza*,21,2019,Florida State,65,297,224,60,69,12,2,16,56,2,2,70,72,0.308,0.471,0.594,1.065,133,,1,0,2,7,,player.fcgi?id=mendoz000dre
Mat Nelson,20,2019,Florida State,57,217,156,32,44,7,0,6,29,4,3,31,47,0.282,0.442,0.442,0.885,69,,17,9,4,0,,player.fcgi?id=nelson001mat
Mike Salvatore,22,2019,Florida State,65,316,265,55,90,23,4,7,51,6,2,40,30,0.34,0.432,0.536,0.968,142,,6,1,4,2,,player.fcgi?id=salvat000mik
Alec Sanchez*,20,2019,Florida State,40,79,71,10,16,1,0,0,6,2,0,7,15,0.225,0.291,0.239,0.531,17,,0,0,1,0,,player.fcgi?id=sanche018ale
Carter Smith*,21,2019,Florida State,45,112,94,18,23,5,0,2,10,0,1,16,22,0.245,0.36,0.362,0.722,34,,1,1,0,0,,player.fcgi?id=smith-014car
Cooper Swanson,20,2019,Florida State,47,116,88,17,14,1,0,7,14,4,1,25,38,0.159,0.362,0.409,0.771,36,,3,0,0,0,,player.fcgi?id=swanso000coo
Antonio Velez*,22,2019,Florida State,22,1,1,0,0,0,0,0,0,0,0,0,0,0,0,0,0,0,,0,0,0,0,,player.fcgi?id=velez-001ant
McGuire Weaver,19,2019,Florida State,18,16,16,4,5,2,0,0,4,0,0,0,3,0.313,0.313,0.438,0.75,7,,0,0,0,0,,player.fcgi?id=weaver000mcg
Reese Albert*,20,2020,Florida State,17,81,62,16,15,5,0,4,13,1,0,13,28,0.242,0.407,0.516,0.924,32,,5,0,1,0,,player.fcgi?id=albert000ree
Nico Baldor*,22,2020,Florida State,8,10,8,2,1,1,0,0,0,0,0,1,3,0.125,0.222,0.25,0.472,2,,0,1,0,0,,player.fcgi?id=baldor000nic
Tyrell Brewer,19,2020,Florida State,10,18,11,6,2,1,0,0,3,2,0,6,4,0.182,0.471,0.273,0.743,3,,0,1,0,0,,player.fcgi?id=brewer000tyr
Elijah Cabell,21,2020,Florida State,17,82,57,18,15,1,0,7,28,3,3,10,32,0.263,0.488,0.649,1.137,37,,15,0,0,2,,player.fcgi?id=cabell000eli
Nander De Sedas#,20,2020,Florida State,17,75,60,9,9,0,0,0,7,2,0,12,22,0.15,0.307,0.15,0.457,9,,2,0,1,1,,player.fcgi?id=deseda000nan
Jackson Greene,22,2020,Florida State,17,77,58,11,11,2,0,0,10,2,0,13,25,0.19,0.373,0.224,0.597,13,,4,2,0,1,,player.fcgi?id=greene001jac
Doug Kirkland,19,2020,Florida State,9,6,6,1,2,1,0,0,1,0,0,0,3,0.333,0.333,0.5,0.833,3,,0,0,0,0,,player.fcgi?id=kirkla000dou
Logan Lacey,21,2020,Florida State,12,32,29,6,11,4,0,1,1,3,0,0,4,0.379,0.438,0.621,1.058,18,,3,0,0,0,,player.fcgi?id=lacey-000log
Robby Martin*,20,2020,Florida State,17,82,68,10,22,4,1,0,14,1,0,14,21,0.324,0.439,0.412,0.851,28,,0,0,0,0,,player.fcgi?id=martin024rob
Tyler Martin*,18,2020,Florida State,17,80,58,17,18,5,1,0,13,1,0,16,8,0.31,0.481,0.431,0.912,25,,4,1,1,0,,player.fcgi?id=martin005tyl
Mat Nelson,21,2020,Florida State,17,78,60,16,15,5,0,1,14,2,0,10,23,0.25,0.41,0.383,0.794,23,,7,0,1,1,,player.fcgi?id=nelson001mat
Isaiah Perry,20,2020,Florida State,5,4,4,2,1,0,0,0,0,0,0,0,0,0.25,0.25,0.25,0.5,1,,0,0,0,0,,player.fcgi?id=perry-001isa
Dylan Simmons,19,2020,Florida State,13,47,37,4,14,4,0,0,7,1,0,8,16,0.378,0.489,0.486,0.976,18,,1,0,1,0,,player.fcgi?id=simmon000dyl
Carter Smith*,22,2020,Florida State,16,52,43,11,10,2,0,1,9,0,0,7,9,0.233,0.346,0.349,0.695,15,,1,0,1,0,,player.fcgi?id=smith-014car
Cooper Swanson,21,2020,Florida State,10,26,19,6,4,1,0,1,2,1,0,6,14,0.211,0.423,0.421,0.844,8,,1,0,0,0,,player.fcgi?id=swanso000coo
Reese Albert*,21,2021,Florida State,26,111,91,12,16,2,0,4,15,0,1,15,39,0.176,0.318,0.33,0.648,30,,4,1,0,0,,player.fcgi?id=albert000ree
Casey Asman?,--,2021,Florida State,4,10,8,0,0,0,0,0,0,0,0,2,4,0,0.2,0,0.2,0,,0,0,0,0,,player.fcgi?id=asman-000cas
Nico Baldor*,23,2021,Florida State,27,47,40,3,9,3,0,0,5,0,2,4,11,0.225,0.34,0.3,0.64,12,,3,0,0,0,,player.fcgi?id=baldor000nic
Elijah Cabell,22,2021,Florida State,50,194,159,25,42,2,0,15,40,2,1,31,78,0.264,0.397,0.56,0.957,89,,4,0,0,1,,player.fcgi?id=cabell000eli
Wyatt Crowell*,19,2021,Florida State,40,115,104,11,23,4,1,0,3,2,0,10,29,0.221,0.287,0.279,0.566,29,,0,0,1,0,,player.fcgi?id=crowel000wya
Nander De Sedas#,21,2021,Florida State,52,208,179,34,35,7,1,7,18,0,0,17,59,0.196,0.303,0.363,0.666,65,,11,0,1,0,,player.fcgi?id=deseda000nan
Jackson Greene,23,2021,Florida State,51,175,139,23,26,4,0,3,14,0,0,27,55,0.187,0.339,0.281,0.62,39,,5,4,0,1,,player.fcgi?id=greene001jac
Davis Hare,22,2021,Florida State,39,44,42,6,12,3,1,1,7,0,0,2,17,0.286,0.318,0.476,0.794,20,,0,0,0,0,,player.fcgi?id=hare--000dav
Logan Lacey,22,2021,Florida State,49,217,193,39,57,13,0,10,39,3,0,15,43,0.295,0.364,0.518,0.883,100,,6,3,0,0,,player.fcgi?id=lacey-000log
Robby Martin*,21,2021,Florida State,54,250,215,42,56,8,0,11,51,1,0,29,56,0.26,0.352,0.451,0.803,97,,3,0,3,2,,player.fcgi?id=martin024rob
Tyler Martin*,19,2021,Florida State,55,257,193,54,54,6,0,2,22,6,2,46,23,0.28,0.445,0.342,0.787,66,,14,1,3,1,,player.fcgi?id=martin005tyl
Garrett Mathes?,--,2021,Florida State,15,25,21,3,4,0,0,0,0,0,0,2,9,0.19,0.32,0.19,0.51,4,,2,0,0,0,,player.fcgi?id=mathes000gar
Parker Messick*,20,2021,Florida State,26,43,40,3,9,0,0,1,5,0,0,2,15,0.225,0.279,0.3,0.579,12,,1,0,0,0,,player.fcgi?id=messic000par
Richie Morales,19,2021,Florida State,4,5,5,0,0,0,0,0,0,0,0,0,3,0,0,0,0,0,,0,0,0,0,,player.fcgi?id=morale007ric
Mat Nelson,22,2021,Florida State,53,237,194,50,64,17,0,23,66,4,2,31,58,0.33,0.436,0.773,1.21,150,,8,1,3,2,,player.fcgi?id=nelson001mat
Isaiah Perry,21,2021,Florida State,18,19,16,5,4,2,0,1,1,1,0,2,9,0.25,0.368,0.563,0.931,9,,1,0,0,0,,player.fcgi?id=perry-001isa
Ryan Romano,21,2021,Florida State,22,64,53,8,9,0,0,0,4,2,1,4,20,0.17,0.302,0.17,0.471,9,,6,1,0,0,,player.fcgi?id=romano000rya
A.J. Shaver,19,2021,Florida State,1,1,1,0,0,0,0,0,0,0,0,0,0,0,0,0,0,0,,0,0,0,0,,player.fcgi?id=shaver000aj-
Dylan Simmons,20,2021,Florida State,30,81,71,5,16,4,0,0,9,1,0,10,34,0.225,0.321,0.282,0.603,20,,0,0,0,0,,player.fcgi?id=simmon000dyl
Vince Smith,19,2021,Florida State,30,94,77,11,11,4,0,2,9,0,1,12,29,0.143,0.272,0.273,0.544,21,,2,2,1,0,,player.fcgi?id=smith-003vin
Cooper Swanson,22,2021,Florida State,4,4,2,0,0,0,0,0,0,2,0,2,1,0,0.5,0,0.5,0,,0,0,0,0,,player.fcgi?id=swanso000coo
Colton Vincent,21,2021,Florida State,15,20,17,1,2,1,0,0,1,0,0,1,7,0.118,0.211,0.176,0.387,3,,1,1,0,0,,player.fcgi?id=vincen000col
Reese Albert*,22,2022,Florida State,53,201,170,26,49,12,0,1,23,1,1,22,60,0.288,0.393,0.376,0.77,64,2,8,0,1,1,,player.fcgi?id=albert000ree
Cade Bush,19,2022,Florida State,11,7,7,0,0,0,0,0,0,0,0,0,3,0,0,0,0,0,0,0,0,0,0,,player.fcgi?id=bush--000cad
Jordan Carrion,21,2022,Florida State,56,239,207,33,58,10,1,2,28,11,4,21,35,0.28,0.356,0.367,0.723,76,4,5,3,3,0,,player.fcgi?id=carrio002jor
Jaime Ferrer,19,2022,Florida State,59,266,219,40,70,19,1,9,40,4,3,23,55,0.32,0.436,0.539,0.975,118,4,23,0,1,0,,player.fcgi?id=ferrer000jai
Jackson Greene,24,2022,Florida State,36,123,95,20,21,2,0,4,13,0,0,23,37,0.221,0.38,0.368,0.749,35,2,2,2,1,0,,player.fcgi?id=greene001jac
Sebastian Jimenez,20,2022,Florida State,8,9,9,2,2,1,0,1,1,0,0,0,5,0.222,0.222,0.667,0.889,6,0,0,0,0,0,,player.fcgi?id=jimene001seb
Logan Lacey,23,2022,Florida State,57,238,205,24,48,8,2,7,33,4,2,20,62,0.234,0.321,0.395,0.716,81,1,8,1,4,2,,player.fcgi?id=lacey-000log
Tyler Martin*,20,2022,Florida State,26,115,92,17,26,4,0,0,8,4,1,21,22,0.283,0.426,0.326,0.752,30,0,2,0,0,0,,player.fcgi?id=martin005tyl
Brock Mathis,24,2022,Florida State,33,73,67,14,17,3,0,6,15,0,0,6,28,0.254,0.315,0.567,0.882,38,2,0,0,0,0,,player.fcgi?id=mathis000bro
Connor Moore,19,2022,Florida State,13,6,4,3,0,0,0,0,1,1,0,2,2,0,0.333,0,0.333,0,0,0,0,0,0,,player.fcgi?id=moore-002con
Isaiah Perry,22,2022,Florida State,36,62,52,11,13,2,0,0,4,6,0,9,19,0.25,0.371,0.288,0.659,15,0,1,0,0,0,,player.fcgi?id=perry-001isa
Treyton Rank,19,2022,Florida State,45,100,90,15,25,3,2,1,14,5,3,8,26,0.278,0.35,0.389,0.739,35,1,2,0,0,0,,player.fcgi?id=rank--000tre
Brett Roberts,21,2022,Florida State,58,248,217,39,65,18,1,5,25,6,2,21,36,0.3,0.372,0.461,0.833,100,8,6,1,3,0,,player.fcgi?id=robert004bre
A.J. Shaver,20,2022,Florida State,29,30,26,4,5,1,0,0,1,0,0,3,16,0.192,0.267,0.231,0.497,6,0,0,0,1,0,,player.fcgi?id=shaver000aj-
Conner Strickland,22,2022,Florida State,3,4,4,0,0,0,0,0,0,0,0,0,2,0,0,0,0,0,0,0,0,0,0,,player.fcgi?id=strick000con
James Tibbs III*,19,2022,Florida State,56,202,170,37,51,13,0,10,32,1,1,25,64,0.3,0.411,0.553,0.964,94,1,7,0,0,3,,player.fcgi?id=tibbs-000jam
Alex Toral*,23,2022,Florida State,59,238,208,27,44,13,0,15,49,0,1,22,77,0.212,0.303,0.49,0.793,102,3,6,0,2,1,,player.fcgi?id=toral-000ale
Colton Vincent,22,2022,Florida State,58,193,169,21,33,6,0,0,19,1,0,9,33,0.195,0.271,0.231,0.502,39,4,9,5,1,0,,player.fcgi?id=vincen000col
Mayes White,20,2022,Florida State,5,3,1,0,0,0,0,0,0,0,0,2,1,0,0.667,0,0.667,0,0,0,0,0,0,,player.fcgi?id=white-000may
Ben Barrett,19,2023,Florida State,33,85,78,16,28,7,1,2,21,0,1,5,27,0.359,0.393,0.551,0.944,43,0,0,1,1,0,,player.fcgi?id=barret000ben
Cade Bush,20,2023,Florida State,20,49,43,7,10,3,0,0,5,0,0,5,9,0.233,0.327,0.302,0.629,13,2,1,0,0,0,,player.fcgi?id=bush--000cad
Gunnett Carlson*,19,2023,Florida State,12,13,9,0,2,0,0,0,1,0,0,3,4,0.222,0.462,0.222,0.684,2,0,1,0,0,0,,player.fcgi?id=carlso000gun
Jordan Carrion,22,2023,Florida State,48,202,181,24,48,10,3,0,26,4,0,14,36,0.265,0.318,0.354,0.672,64,6,1,4,2,0,,player.fcgi?id=carrio002jor
Nander De Sedas#,23,2023,Florida State,51,185,163,24,38,7,2,6,20,4,1,9,56,0.233,0.298,0.411,0.709,67,2,6,7,0,0,,player.fcgi?id=deseda000nan
Jaime Ferrer,20,2023,Florida State,54,242,225,39,73,22,2,7,42,4,1,10,40,0.324,0.369,0.533,0.903,120,3,6,1,0,1,,player.fcgi?id=ferrer000jai
McGwire Holbrook,21,2023,Florida State,29,91,83,3,18,2,0,0,11,0,0,7,14,0.217,0.275,0.241,0.516,20,3,0,0,1,0,,player.fcgi?id=holbro000mcg
Sebastian Jimenez,21,2023,Florida State,5,11,9,1,1,0,0,0,1,0,0,1,6,0.111,0.182,0.111,0.293,1,0,0,0,1,0,,player.fcgi?id=jimene001seb
Titan Kamaka,20,2023,Florida State,41,137,128,16,30,9,0,5,21,1,2,4,34,0.234,0.27,0.422,0.692,54,5,3,0,2,0,,player.fcgi?id=kamaka000tit
Connor Moore,20,2023,Florida State,12,12,7,4,2,0,0,0,2,0,0,1,2,0.286,0.455,0.286,0.74,2,0,2,1,1,0,,player.fcgi?id=moore-002con
Santiago Ordonez,19,2023,Florida State,2,1,1,0,0,0,0,0,0,0,0,0,1,0,0,0,0,0,0,0,0,0,0,,player.fcgi?id=ordone000san
Jude Putz,20,2023,Florida State,5,4,3,1,1,0,0,0,1,0,0,1,1,0.333,0.5,0.333,0.833,1,0,0,0,0,0,,player.fcgi?id=putz--000jud
Treyton Rank,20,2023,Florida State,47,168,153,23,44,5,2,0,10,4,2,12,33,0.288,0.345,0.346,0.692,53,1,2,0,1,0,,player.fcgi?id=rank--000tre
DeAmez Ross*,20,2023,Florida State,36,160,143,26,41,4,1,2,17,5,1,16,29,0.287,0.363,0.371,0.733,53,1,1,0,0,0,,player.fcgi?id=ross--000dea
Cam Smith,20,2023,Florida State,51,230,209,39,54,8,5,12,36,3,3,21,66,0.258,0.326,0.517,0.843,108,2,0,0,0,0,,player.fcgi?id=smith-014cam
Jordan Taylor,20,2023,Florida State,21,20,18,0,3,1,0,0,0,0,0,1,10,0.167,0.211,0.222,0.433,4,0,0,1,0,0,,player.fcgi?id=taylor009jor
James Tibbs III*,20,2023,Florida State,54,244,195,61,66,14,1,17,43,5,0,48,49,0.338,0.471,0.682,1.153,133,4,1,0,0,6,,player.fcgi?id=tibbs-000jam
Lance Trippel,19,2023,Florida State,17,29,26,2,6,0,0,0,2,0,0,1,5,0.231,0.241,0.231,0.472,6,0,0,0,2,0,,player.fcgi?id=trippe000lan
Colton Vincent,23,2023,Florida State,54,191,165,25,45,11,1,3,25,1,0,15,42,0.273,0.361,0.406,0.767,67,3,9,0,2,1,,player.fcgi?id=vincen000col
Jordan Williams#,23,2023,Florida State,23,53,39,5,8,0,0,1,7,0,1,7,10,0.205,0.36,0.282,0.642,11,0,3,3,1,0,,player.fcgi?id=willia009jor
Daniel Cantu*,23,2024,Florida State,66,282,234,51,72,16,2,9,43,4,0,35,59,0.308,0.412,0.509,0.921,119,4,8,3,2,3,,player.fcgi?id=cantu-000dan
Matty Davis,19,2024,Florida State,5,3,3,3,2,0,0,0,0,0,0,0,0,0.667,0.667,0.667,1.333,2,0,0,0,0,0,,player.fcgi?id=davis-020mat
Marco Dinges,20,2024,Florida State,64,288,235,60,76,12,2,15,69,2,1,38,37,0.323,0.415,0.583,0.998,137,6,5,1,9,0,,player.fcgi?id=dinges000mar
Andrew Duncan,19,2024,Florida State,13,7,5,3,1,0,0,0,0,0,0,2,1,0.2,0.429,0.2,0.629,1,0,0,0,0,0,,player.fcgi?id=duncan004and
Drew Faurot#,20,2024,Florida State,59,244,217,45,62,19,1,6,29,10,0,22,53,0.286,0.348,0.465,0.814,101,4,1,0,4,0,,player.fcgi?id=faurot000dre
Jaime Ferrer,21,2024,Florida State,63,273,230,54,73,8,3,22,67,3,2,25,41,0.317,0.418,0.665,1.083,153,3,16,0,2,1,,player.fcgi?id=ferrer000jai
Cal Fisher,19,2024,Florida State,32,83,66,14,18,1,0,5,13,0,1,11,24,0.273,0.402,0.515,0.918,34,2,4,1,1,0,,player.fcgi?id=fisher001cal
McGwire Holbrook,22,2024,Florida State,29,91,81,14,22,4,0,2,16,1,0,9,12,0.272,0.352,0.395,0.747,32,4,1,0,0,0,,player.fcgi?id=holbro000mcg
Riley Jackson,19,2024,Florida State,9,7,7,0,0,0,0,0,0,0,0,0,5,0,0,0,0,0,1,0,0,0,0,,player.fcgi?id=jackso002ril
Titan Kamaka,21,2024,Florida State,10,7,5,2,1,0,0,0,0,0,0,2,1,0.2,0.429,0.2,0.629,1,0,0,0,0,0,,player.fcgi?id=kamaka000tit
Alex Lodise,20,2024,Florida State,62,255,217,50,61,14,0,9,44,6,1,19,64,0.281,0.363,0.47,0.833,102,3,10,7,2,0,,player.fcgi?id=lodise000ale
DeAmez Ross*,21,2024,Florida State,48,117,95,26,24,3,1,2,19,8,1,14,9,0.253,0.339,0.368,0.708,35,2,1,2,5,0,,player.fcgi?id=ross--000dea
Cam Smith,21,2024,Florida State,66,322,269,82,104,22,1,16,57,4,0,44,48,0.387,0.488,0.654,1.142,176,10,9,0,0,1,,player.fcgi?id=smith-014cam
James Tibbs III*,21,2024,Florida State,66,320,251,75,91,18,1,28,95,8,1,58,37,0.363,0.488,0.777,1.264,195,5,7,0,4,9,,player.fcgi?id=tibbs-000jam
Lance Trippel,20,2024,Florida State,13,9,8,0,2,0,0,0,1,0,0,1,3,0.25,0.333,0.25,0.583,2,0,0,0,0,0,,player.fcgi?id=trippe000lan
Jaxson West*,20,2024,Florida State,51,183,146,36,40,8,1,3,29,2,1,27,19,0.274,0.398,0.404,0.802,59,2,5,2,3,0,,player.fcgi?id=west--000jax
Jordan Williams#,24,2024,Florida State,35,32,23,16,10,2,1,0,3,15,1,7,3,0.435,0.563,0.609,1.171,14,0,1,0,1,0,,player.fcgi?id=willia009jor
Max Williams*,19,2024,Florida State,64,259,225,57,70,11,4,14,46,5,1,19,54,0.311,0.384,0.582,0.967,131,0,9,4,2,0,,player.fcgi?id=willia004max
Myles Bailey*,19,2025,Florida State,56,245,202,50,66,11,0,19,56,4,1,32,76,0.327,0.441,0.663,1.104,134,2,10,0,1,1,,player.fcgi?id=bailey000myl
Hunter Carns,20,2025,Florida State,40,153,133,34,38,8,0,6,15,2,2,17,43,0.286,0.379,0.481,0.86,64,0,3,0,0,0,,player.fcgi?id=carns-000hun
Nathan Cmeyla,23,2025,Florida State,23,65,54,13,14,3,0,1,8,3,0,7,14,0.259,0.385,0.37,0.755,20,0,4,0,0,0,,player.fcgi?id=cmeyla000nat
Brody DeLamielleure,20,2025,Florida State,37,118,110,24,27,6,0,6,21,1,0,6,37,0.245,0.28,0.464,0.743,51,2,0,0,2,0,,player.fcgi?id=delami000bro
Jace Estes*,20,2025,Florida State,11,12,9,3,2,0,0,0,2,0,0,3,2,0.222,0.417,0.222,0.639,2,2,0,0,0,0,,player.fcgi?id=estes-002jac
Drew Faurot#,21,2025,Florida State,58,251,218,51,67,8,0,16,51,8,5,28,46,0.307,0.388,0.564,0.952,123,1,2,1,2,0,,player.fcgi?id=faurot000dre
Cal Fisher,20,2025,Florida State,53,225,188,32,57,11,0,8,37,2,1,26,56,0.303,0.411,0.489,0.9,92,1,9,1,1,0,,player.fcgi?id=fisher001cal
BJ Gibson,19,2025,Florida State,21,44,33,11,8,3,0,0,4,4,0,8,14,0.242,0.409,0.333,0.742,11,1,2,0,1,0,,player.fcgi?id=gibson000bj-
James Hankerson#,21,2025,Florida State,23,58,46,7,12,3,0,2,9,0,0,12,19,0.261,0.414,0.457,0.87,21,0,0,0,0,0,,player.fcgi?id=hanker000jam
Gage Harrelson*,21,2025,Florida State,58,288,236,63,80,10,2,5,43,15,3,35,61,0.339,0.444,0.462,0.906,109,1,12,2,3,0,,player.fcgi?id=harrel000gag
Alex Lodise,21,2025,Florida State,58,275,241,62,95,18,3,17,68,6,0,27,55,0.394,0.462,0.705,1.167,170,3,5,0,2,5,,player.fcgi?id=lodise000ale
Carter McCulley,21,2025,Florida State,17,43,29,7,6,2,0,1,6,2,1,8,11,0.207,0.415,0.379,0.794,11,1,3,2,1,0,,player.fcgi?id=mccull001car
Noah Sheffield,19,2025,Florida State,8,10,8,3,2,0,0,0,2,0,0,2,2,0.25,0.4,0.25,0.65,2,0,0,0,0,0,,player.fcgi?id=sheffi000noa
Jaxson West*,21,2025,Florida State,46,188,148,26,35,5,0,2,17,3,0,30,16,0.236,0.37,0.311,0.68,46,1,3,4,3,0,,player.fcgi?id=west--000jax
Chase Williams#,19,2025,Florida State,32,127,114,17,39,5,2,2,20,18,2,7,31,0.342,0.394,0.474,0.867,54,1,4,0,2,1,,player.fcgi?id=willia034cha
Max Williams*,20,2025,Florida State,57,261,234,47,74,9,0,19,53,2,1,19,42,0.316,0.383,0.598,0.981,140,5,7,0,1,1,,player.fcgi?id=willia004max
Dominic Attanasio?,--,2011,Clemson,32,65,59,11,22,2,1,1,11,3,2,6,11,0.373,0.431,0.492,0.922,29,,0,0,0,,,player.fcgi?id=attana000dom
Kevin Caughman?,--,2011,Clemson,9,9,8,0,1,1,0,0,1,0,0,1,3,0.125,0.222,0.25,0.472,2,,0,0,0,,,player.fcgi?id=caughm000kev
Joe Costigan?,--,2011,Clemson,14,14,8,2,2,0,0,0,4,0,0,3,2,0.25,0.571,0.25,0.821,2,,3,0,0,,,player.fcgi?id=costig000joe
Jay Cox?,--,2011,Clemson,8,12,11,0,2,1,0,0,2,0,0,1,5,0.182,0.25,0.273,0.523,3,,0,0,0,,,player.fcgi?id=cox---002jay
Mike Dunster?,--,2011,Clemson,12,16,12,6,6,1,0,0,2,0,0,4,3,0.5,0.625,0.583,1.208,7,,0,0,0,,,player.fcgi?id=dunste000mik
Chris Epps*,22,2011,Clemson,61,245,195,44,57,6,2,10,42,11,3,41,58,0.292,0.422,0.497,0.92,97,,5,1,3,,,player.fcgi?id=epps--001chr
Jake Fletcher?,--,2011,Clemson,4,3,3,0,0,0,0,0,0,0,0,0,0,0,0,0,0,0,,0,0,0,,,player.fcgi?id=fletch000jak
John Hinson*,22,2011,Clemson,60,280,245,62,81,12,3,9,41,23,6,24,34,0.331,0.388,0.514,0.902,126,,2,4,5,,,player.fcgi?id=hinson002joh
Addison Johnson*,23,2011,Clemson,21,36,34,3,6,1,0,0,1,2,0,1,4,0.176,0.2,0.206,0.406,7,,0,1,0,,,player.fcgi?id=johnso001add
Spencer Kieboom,20,2011,Clemson,53,206,170,22,48,10,0,1,31,0,0,22,13,0.282,0.365,0.359,0.723,61,,4,3,7,,,player.fcgi?id=kieboo000spe
Will Lamb*,20,2011,Clemson,62,254,227,46,79,11,4,3,39,13,4,18,43,0.348,0.389,0.471,0.86,107,,1,2,6,,,player.fcgi?id=lamb--000wil
Jon McGibbon*,18,2011,Clemson,43,81,62,8,21,4,0,1,14,1,0,14,17,0.339,0.463,0.452,0.914,28,,2,1,2,,,player.fcgi?id=mcgibb001jon
Brad Miller*,21,2011,Clemson,56,243,195,53,77,11,3,5,50,21,5,40,34,0.395,0.498,0.559,1.057,109,,3,2,3,,,player.fcgi?id=miller005bra
Philip Pohl,20,2011,Clemson,60,261,228,43,76,22,0,4,33,5,2,17,29,0.333,0.391,0.482,0.874,110,,8,3,5,,,player.fcgi?id=pohl--001phi
Jeff Schaus*,22,2011,Clemson,63,280,229,43,74,20,2,0,43,10,8,41,15,0.323,0.427,0.428,0.854,98,,4,1,5,,,player.fcgi?id=schaus001jef
Richie Shaffer,20,2011,Clemson,63,276,222,62,70,15,2,13,55,8,1,44,53,0.315,0.438,0.577,1.015,128,,7,0,3,,,player.fcgi?id=shaffe002ric
Jason Stolz,21,2011,Clemson,63,231,194,30,55,10,0,1,27,8,1,17,36,0.284,0.348,0.351,0.699,68,,5,10,5,,,player.fcgi?id=stolz-001jas
Jon Surber?,--,2011,Clemson,9,4,4,1,1,0,0,0,0,0,0,0,2,0.25,0.25,0.25,0.5,1,,0,0,0,,,player.fcgi?id=surber000jon
Stevie Wilkerson#,19,2011,Clemson,42,65,52,13,9,0,0,0,5,1,2,10,14,0.173,0.308,0.173,0.481,9,,1,0,2,,,player.fcgi?id=wilker002ste
Dominic Attanasio?,--,2012,Clemson,29,66,60,11,11,1,0,0,6,2,1,5,13,0.183,0.258,0.2,0.458,12,,1,0,0,0,,player.fcgi?id=attana000dom
Jay Baum,19,2012,Clemson,54,196,159,24,35,4,1,0,11,7,3,28,19,0.22,0.354,0.258,0.612,41,,5,4,0,1,,player.fcgi?id=baum--000jay
Garrett Boulware,19,2012,Clemson,28,66,56,7,12,2,0,0,2,2,0,5,14,0.214,0.323,0.25,0.573,14,,4,1,0,0,,player.fcgi?id=boulwa000gar
Thomas Brittle?,22,2012,Clemson,58,265,228,43,68,9,8,2,36,15,3,22,32,0.298,0.384,0.434,0.818,99,,11,2,2,0,,player.fcgi?id=brittl000tho
Kevin Caughman?,--,2012,Clemson,3,3,1,0,0,0,0,0,0,0,0,2,1,0,0.667,0,0.667,0,,0,0,0,0,,player.fcgi?id=caughm000kev
Andrew Cleveland?,--,2012,Clemson,2,1,1,0,0,0,0,0,0,0,0,0,1,0,0,0,0,0,,0,0,0,0,,player.fcgi?id=clevel002and
Joe Costigan?,--,2012,Clemson,30,53,45,5,13,4,0,0,7,0,0,5,9,0.289,0.377,0.378,0.755,17,,2,0,1,0,,player.fcgi?id=costig000joe
Mike Dunster?,--,2012,Clemson,19,35,30,2,7,2,0,0,4,0,0,4,10,0.233,0.324,0.3,0.624,9,,0,1,0,0,,player.fcgi?id=dunste000mik
Brad Felder?,--,2012,Clemson,54,199,175,32,46,8,0,7,26,11,1,19,40,0.263,0.338,0.429,0.767,75,,2,1,2,2,,player.fcgi?id=felder000bra
Spencer Kieboom,21,2012,Clemson,58,234,204,25,51,7,0,3,33,0,0,19,17,0.25,0.314,0.328,0.643,67,,2,5,4,0,,player.fcgi?id=kieboo000spe
Jon McGibbon*,19,2012,Clemson,59,253,215,29,50,8,1,5,33,0,1,27,44,0.233,0.317,0.349,0.666,75,,2,4,5,0,,player.fcgi?id=mcgibb001jon
Philip Pohl,21,2012,Clemson,63,291,255,30,73,11,0,9,58,2,3,18,44,0.286,0.355,0.435,0.79,111,,12,1,5,2,,player.fcgi?id=pohl--001phi
Richie Shaffer,21,2012,Clemson,63,300,232,49,78,21,2,10,46,8,2,63,53,0.336,0.48,0.573,1.053,133,,3,0,2,12,,player.fcgi?id=shaffe002ric
Tyler Slaton?,--,2012,Clemson,47,69,53,15,10,1,0,0,7,6,0,12,17,0.189,0.353,0.208,0.56,11,,2,1,1,0,,player.fcgi?id=slaton000tyl
Jason Stolz,22,2012,Clemson,63,267,237,36,64,11,0,7,26,5,4,19,46,0.27,0.331,0.405,0.736,96,,3,7,1,0,,player.fcgi?id=stolz-001jas
Stevie Wilkerson#,20,2012,Clemson,59,290,258,49,76,13,3,1,31,10,2,22,39,0.295,0.353,0.38,0.733,98,,3,4,3,0,,player.fcgi?id=wilker002ste
Jay Baum,20,2013,Clemson,52,161,136,16,31,4,2,0,8,10,7,17,18,0.228,0.321,0.287,0.607,39,,2,5,1,2,,player.fcgi?id=baum--000jay
Garrett Boulware,20,2013,Clemson,61,257,227,43,70,12,1,8,45,2,0,22,29,0.308,0.377,0.476,0.853,108,,5,0,3,4,,player.fcgi?id=boulwa000gar
Kevin Bradley*,19,2013,Clemson,37,68,56,5,10,1,0,1,6,1,1,8,11,0.179,0.294,0.25,0.544,14,,2,0,2,0,,player.fcgi?id=bradle001kev
Thomas Brittle?,23,2013,Clemson,61,259,216,44,57,5,1,2,26,19,5,32,44,0.264,0.373,0.324,0.697,70,,6,4,1,0,,player.fcgi?id=brittl000tho
Jackson Campana?,--,2013,Clemson,11,3,3,0,1,1,0,0,1,0,0,0,0,0.333,0.333,0.667,1,2,,0,0,0,0,,player.fcgi?id=campan000jac
Joe Costigan?,--,2013,Clemson,27,58,49,5,12,5,1,0,6,0,0,8,13,0.245,0.362,0.388,0.75,19,,1,0,0,0,,player.fcgi?id=costig000joe
Steven Duggar*,19,2013,Clemson,62,279,250,39,75,10,2,2,30,15,7,23,41,0.3,0.359,0.38,0.739,95,,1,3,2,1,,player.fcgi?id=duggar000ste
Mike Dunster?,--,2013,Clemson,14,14,13,2,2,0,0,0,2,0,0,1,5,0.154,0.214,0.154,0.368,2,,0,0,0,0,,player.fcgi?id=dunste000mik
Maleeke Gibson?,--,2013,Clemson,40,120,110,20,25,3,0,0,16,8,1,5,19,0.227,0.271,0.255,0.526,28,,2,2,1,0,,player.fcgi?id=gibson000mal
Shane Kennedy,21,2013,Clemson,62,263,218,47,69,5,4,5,35,22,5,37,48,0.317,0.408,0.445,0.853,97,,0,3,5,0,,player.fcgi?id=kenned002sha
Tyler Krieger#,19,2013,Clemson,62,258,218,28,56,10,1,0,27,9,5,28,30,0.257,0.349,0.312,0.661,68,,4,6,2,2,,player.fcgi?id=kriege000tyl
Jon McGibbon*,20,2013,Clemson,58,238,207,33,59,5,0,0,37,7,1,22,29,0.285,0.363,0.309,0.672,64,,5,1,3,3,,player.fcgi?id=mcgibb001jon
D.J. Reader?,--,2013,Clemson,7,6,3,1,0,0,0,0,0,0,0,2,3,0,0.5,0,0.5,0,,1,0,0,0,,player.fcgi?id=reader000dj-
Matt Reed?,--,2013,Clemson,6,4,4,0,2,1,0,0,2,0,0,0,2,0.5,0.5,0.75,1.25,3,,0,0,0,0,,player.fcgi?id=reed--006mat
Tyler Slaton?,--,2013,Clemson,59,194,160,18,42,4,1,0,13,6,3,23,34,0.263,0.366,0.3,0.666,48,,5,3,3,0,,player.fcgi?id=slaton000tyl
Mike Triller*,20,2013,Clemson,23,32,27,3,9,3,0,0,7,2,1,2,6,0.333,0.367,0.444,0.811,12,,0,2,1,0,,player.fcgi?id=trille000mik
Stevie Wilkerson#,21,2013,Clemson,59,258,227,36,66,16,2,4,37,10,4,27,55,0.291,0.366,0.432,0.797,98,,1,1,2,1,,player.fcgi?id=wilker002ste
Jay Baum,21,2014,Clemson,61,241,215,29,63,16,2,1,29,8,6,19,19,0.293,0.346,0.4,0.746,86,,0,4,3,0,,player.fcgi?id=baum--000jay
Garrett Boulware,21,2014,Clemson,61,267,225,38,68,16,0,4,35,1,2,29,24,0.302,0.38,0.427,0.806,96,,4,1,8,2,,player.fcgi?id=boulwa000gar
Joe Costigan?,--,2014,Clemson,15,16,10,5,1,0,0,0,1,0,0,6,1,0.1,0.438,0.1,0.538,1,,0,0,0,0,,player.fcgi?id=costig000joe
Andrew Cox?,--,2014,Clemson,31,48,40,6,6,1,0,0,2,3,1,5,12,0.15,0.271,0.175,0.446,7,,2,0,1,0,,player.fcgi?id=cox---002and
Steven Duggar*,20,2014,Clemson,61,271,238,45,70,11,3,1,36,25,3,27,51,0.294,0.368,0.378,0.746,90,,2,2,2,2,,player.fcgi?id=duggar000ste
Mike Dunster?,--,2014,Clemson,28,32,31,3,6,0,1,1,3,1,0,1,11,0.194,0.219,0.355,0.574,11,,0,0,0,0,,player.fcgi?id=dunste000mik
Shane Kennedy,22,2014,Clemson,41,146,133,17,29,6,1,1,13,4,3,9,30,0.218,0.276,0.301,0.577,40,,2,1,1,0,,player.fcgi?id=kenned002sha
Tyler Krieger#,20,2014,Clemson,57,255,219,49,74,18,0,2,32,19,4,25,24,0.338,0.41,0.447,0.857,98,,3,6,2,1,,player.fcgi?id=kriege000tyl
Jon McGibbon*,21,2014,Clemson,49,106,86,13,19,5,0,3,18,0,0,14,13,0.221,0.346,0.384,0.73,33,,3,2,1,0,,player.fcgi?id=mcgibb001jon
Chris Okey,19,2014,Clemson,61,258,226,27,56,9,1,4,41,3,2,22,33,0.248,0.311,0.35,0.661,79,,2,1,7,0,,player.fcgi?id=okey--001chr
Tyler Slaton?,--,2014,Clemson,61,291,241,46,66,9,3,3,25,11,5,42,34,0.274,0.391,0.373,0.764,90,,5,2,1,0,,player.fcgi?id=slaton000tyl
Mike Triller*,21,2014,Clemson,21,30,28,5,7,0,0,0,1,2,0,2,8,0.25,0.3,0.25,0.55,7,,0,0,0,0,,player.fcgi?id=trille000mik
Eli White,20,2014,Clemson,28,43,35,3,5,2,0,0,2,1,0,4,13,0.143,0.244,0.2,0.444,7,,1,2,1,0,,player.fcgi?id=white-000eli
Stevie Wilkerson#,22,2014,Clemson,56,236,205,33,65,18,1,6,42,8,1,21,33,0.317,0.383,0.502,0.885,103,,4,1,5,3,,player.fcgi?id=wilker002ste
Weston Wilson,19,2014,Clemson,55,176,154,18,37,5,0,2,23,3,2,15,30,0.24,0.316,0.312,0.627,48,,2,5,0,0,,player.fcgi?id=wilson001wes
Glenn Batson?,--,2015,Clemson,32,84,73,8,16,6,0,1,14,1,0,2,22,0.219,0.277,0.342,0.62,25,,5,1,3,0,,player.fcgi?id=batson000gle
Andrew Cox?,--,2015,Clemson,56,193,173,24,41,6,0,0,9,3,3,13,39,0.237,0.295,0.272,0.566,47,,2,3,2,0,,player.fcgi?id=cox---002and
Steven Duggar*,21,2015,Clemson,61,292,227,56,69,12,1,5,43,10,5,54,49,0.304,0.432,0.432,0.863,98,,3,0,8,0,,player.fcgi?id=duggar000ste
Maleeke Gibson?,--,2015,Clemson,10,7,7,0,0,0,0,0,0,0,0,0,4,0,0,0,0,0,,0,0,0,0,,player.fcgi?id=gibson000mal
Robert Jolly?,--,2015,Clemson,25,66,57,12,20,3,0,0,8,0,0,7,6,0.351,0.422,0.404,0.825,23,,0,2,0,0,,player.fcgi?id=jolly-000rob
Tyler Krieger#,21,2015,Clemson,61,290,236,45,80,14,1,1,41,14,4,41,45,0.339,0.448,0.419,0.867,99,,7,4,2,6,,player.fcgi?id=kriege000tyl
Chris Okey,20,2015,Clemson,61,272,235,50,74,16,1,12,57,3,0,27,49,0.315,0.389,0.545,0.934,128,,4,2,4,3,,player.fcgi?id=okey--001chr
Chase Pinder,19,2015,Clemson,46,191,160,18,41,8,1,3,26,2,1,21,22,0.256,0.36,0.375,0.735,60,,6,2,2,0,,player.fcgi?id=pinder001cha
Adam Renwick?,--,2015,Clemson,25,22,20,3,4,1,0,0,1,0,0,1,9,0.2,0.273,0.25,0.523,5,,1,0,0,0,,player.fcgi?id=renwic000ada
Reed Rohlman*,20,2015,Clemson,61,262,236,43,84,17,0,3,58,3,2,23,35,0.356,0.412,0.466,0.878,110,,1,0,2,0,,player.fcgi?id=rohlma000ree
Tyler Slaton?,--,2015,Clemson,61,274,225,50,53,11,5,1,23,9,0,35,38,0.236,0.357,0.342,0.699,77,,8,5,1,0,,player.fcgi?id=slaton000tyl
Mike Triller*,22,2015,Clemson,15,19,17,2,2,0,0,0,0,0,0,2,9,0.118,0.211,0.118,0.328,2,,0,0,0,0,,player.fcgi?id=trille000mik
Drew Wharton,19,2015,Clemson,23,38,32,4,9,2,0,0,8,1,0,2,9,0.281,0.297,0.344,0.641,11,,0,1,3,0,,player.fcgi?id=wharto000dre
Eli White,21,2015,Clemson,61,274,232,44,69,7,3,4,29,11,6,25,57,0.297,0.38,0.405,0.785,94,,7,8,2,0,,player.fcgi?id=white-000eli
Weston Wilson,20,2015,Clemson,57,221,195,27,49,9,1,5,26,7,3,21,46,0.251,0.326,0.385,0.71,75,,1,3,1,1,,player.fcgi?id=wilson001wes
Glenn Batson?,--,2016,Clemson,29,26,23,1,1,1,0,0,2,0,0,1,6,0.043,0.08,0.087,0.167,2,,0,1,1,0,,player.fcgi?id=batson000gle
Seth Beer*,19,2016,Clemson,62,284,203,57,75,13,0,18,70,1,0,62,27,0.369,0.535,0.7,1.235,142,,15,0,4,10,,player.fcgi?id=beer--000set
K.J. Bryant,20,2016,Clemson,45,85,74,18,19,1,0,2,8,1,0,8,21,0.257,0.337,0.351,0.689,26,,1,2,0,0,,player.fcgi?id=bryant000kj-
Jackson Campana?,--,2016,Clemson,10,10,10,1,1,0,0,0,1,0,0,0,3,0.1,0.1,0.1,0.2,1,,0,0,0,0,,player.fcgi?id=campan000jac
Andrew Cox?,--,2016,Clemson,37,119,107,10,24,3,1,2,16,3,1,7,24,0.224,0.284,0.327,0.612,35,,2,3,0,0,,player.fcgi?id=cox---002and
Maleeke Gibson?,--,2016,Clemson,19,25,18,8,3,0,0,0,0,1,2,6,3,0.167,0.375,0.167,0.542,3,,0,1,0,0,,player.fcgi?id=gibson000mal
Jordan Greene,20,2016,Clemson,38,112,81,22,19,4,0,1,7,3,1,26,18,0.235,0.422,0.321,0.743,26,,1,3,1,0,,player.fcgi?id=greene000jor
Robert Jolly?,--,2016,Clemson,51,113,92,10,20,3,0,0,12,1,0,18,12,0.217,0.339,0.25,0.589,23,,0,1,2,0,,player.fcgi?id=jolly-000rob
Chris Okey,21,2016,Clemson,64,297,239,61,81,16,2,15,74,4,3,51,54,0.339,0.465,0.611,1.076,146,,6,0,1,4,,player.fcgi?id=okey--001chr
Chase Pinder,20,2016,Clemson,64,312,255,67,75,8,2,11,46,7,3,43,40,0.294,0.412,0.471,0.882,120,,10,1,3,1,,player.fcgi?id=pinder001cha
Adam Renwick?,--,2016,Clemson,30,88,72,14,10,1,0,0,7,2,1,7,18,0.139,0.259,0.153,0.412,11,,5,3,1,0,,player.fcgi?id=renwic000ada
Reed Rohlman*,21,2016,Clemson,64,295,248,40,68,21,0,2,43,1,2,33,43,0.274,0.374,0.383,0.757,95,,9,1,4,1,,player.fcgi?id=rohlma000ree
Mike Triller*,23,2016,Clemson,28,60,52,11,14,5,0,5,14,0,0,7,18,0.269,0.35,0.654,1.004,34,,0,0,1,0,,player.fcgi?id=trille000mik
Drew Wharton,20,2016,Clemson,26,34,26,0,4,0,0,0,6,0,0,7,10,0.154,0.324,0.154,0.477,4,,0,0,1,0,,player.fcgi?id=wharto000dre
Eli White,22,2016,Clemson,64,302,250,57,68,13,1,4,30,24,6,39,59,0.272,0.389,0.38,0.769,95,,9,4,0,0,,player.fcgi?id=white-000eli
Chris Williams,19,2016,Clemson,57,221,184,34,45,5,1,8,38,2,0,18,51,0.245,0.342,0.413,0.756,76,,12,2,5,0,,player.fcgi?id=willia013chr
Weston Wilson,21,2016,Clemson,63,291,251,50,70,12,3,7,45,8,5,26,42,0.279,0.343,0.434,0.777,109,,2,5,7,1,,player.fcgi?id=wilson001wes
Seth Beer*,20,2017,Clemson,63,299,218,51,65,17,1,16,53,2,1,64,35,0.298,0.478,0.606,1.084,132,,14,0,3,17,,player.fcgi?id=beer--000set
K.J. Bryant,21,2017,Clemson,20,45,38,9,8,2,1,0,2,3,0,4,5,0.211,0.318,0.316,0.634,12,,2,1,0,1,,player.fcgi?id=bryant000kj-
Grayson Byrd*,21,2017,Clemson,57,207,183,22,52,6,1,1,20,3,1,16,46,0.284,0.345,0.344,0.689,63,,2,4,2,1,,player.fcgi?id=byrd--000gra
Andrew Cox?,--,2017,Clemson,62,265,232,29,65,10,0,6,35,5,3,22,52,0.28,0.347,0.401,0.748,93,,4,3,4,1,,player.fcgi?id=cox---002and
Patrick Cromwell*,21,2017,Clemson,33,84,69,6,14,0,0,2,5,1,1,9,19,0.203,0.313,0.29,0.602,20,,2,4,0,0,,player.fcgi?id=cromwe000pat
Logan Davidson#,19,2017,Clemson,63,293,241,56,69,9,0,12,41,10,3,42,53,0.286,0.388,0.473,0.861,114,,2,2,6,1,,player.fcgi?id=davids000log
Jordan Greene,21,2017,Clemson,59,225,198,21,52,9,0,0,18,5,2,21,38,0.263,0.332,0.308,0.64,61,,0,5,1,0,,player.fcgi?id=greene000jor
Weston Jackson?,--,2017,Clemson,50,156,133,26,33,4,2,8,31,2,1,17,38,0.248,0.346,0.489,0.835,65,,4,0,2,0,,player.fcgi?id=jackso000wes
Robert Jolly?,--,2017,Clemson,40,125,107,26,30,9,0,1,15,2,0,16,22,0.28,0.371,0.393,0.763,42,,0,1,1,1,,player.fcgi?id=jolly-000rob
Chase Pinder,21,2017,Clemson,61,288,233,59,71,16,0,7,32,13,3,37,41,0.305,0.419,0.464,0.883,108,,11,4,3,0,,player.fcgi?id=pinder001cha
Adam Renwick?,--,2017,Clemson,12,5,4,1,0,0,0,0,0,0,1,0,3,0,0.2,0,0.2,0,,1,0,0,0,,player.fcgi?id=renwic000ada
Reed Rohlman*,22,2017,Clemson,62,272,227,44,82,21,1,6,34,1,4,26,33,0.361,0.448,0.542,0.99,123,,13,2,4,1,,player.fcgi?id=rohlma000ree
Drew Wharton,21,2017,Clemson,25,48,42,3,9,1,0,0,6,1,0,3,9,0.214,0.277,0.238,0.515,10,,1,1,1,0,,player.fcgi?id=wharto000dre
Kyle Wilkie,19,2017,Clemson,24,67,51,5,12,1,1,0,5,0,0,11,10,0.235,0.371,0.294,0.665,15,,0,5,0,0,,player.fcgi?id=wilkie000kyl
Chris Williams,20,2017,Clemson,49,203,180,29,47,14,0,14,51,2,0,14,36,0.261,0.32,0.572,0.892,103,,4,0,5,0,,player.fcgi?id=willia013chr
Seth Beer*,21,2018,Clemson,63,296,226,64,68,11,0,22,54,1,0,54,36,0.301,0.456,0.642,1.098,145,,13,0,3,7,,player.fcgi?id=beer--000set
Bryce Bowen*,--,2018,Clemson,2,1,1,0,0,0,0,0,0,0,0,0,1,0,0,0,0,0,,0,0,0,0,,player.fcgi?id=bowen-001bry
Grayson Byrd*,22,2018,Clemson,48,170,148,23,36,2,0,9,26,3,2,12,36,0.243,0.309,0.439,0.748,65,,3,5,2,1,,player.fcgi?id=byrd--000gra
Matt Cooper,19,2018,Clemson,7,8,7,0,2,0,0,0,0,0,1,0,2,0.286,0.375,0.286,0.661,2,,1,0,0,0,,player.fcgi?id=cooper004mat
Patrick Cromwell*,22,2018,Clemson,58,243,201,36,45,6,0,7,26,1,1,36,60,0.224,0.349,0.358,0.707,72,,3,2,1,0,,player.fcgi?id=cromwe000pat
Logan Davidson#,20,2018,Clemson,63,301,250,60,73,18,0,15,46,10,3,43,68,0.292,0.408,0.544,0.952,136,,6,2,0,0,,player.fcgi?id=davids000log
Drew Donathan,--,2018,Clemson,11,25,19,0,5,0,0,0,2,0,0,4,8,0.263,0.4,0.263,0.663,5,,1,0,1,0,,player.fcgi?id=donath000dre
Jordan Greene,22,2018,Clemson,48,173,136,36,34,6,0,5,21,8,1,33,28,0.25,0.398,0.404,0.802,55,,1,2,1,0,,player.fcgi?id=greene000jor
Sam Hall,19,2018,Clemson,25,83,71,18,17,4,0,2,7,8,2,6,16,0.239,0.341,0.38,0.722,27,,5,1,0,1,,player.fcgi?id=hall--005sam
Justin Hawkins,21,2018,Clemson,21,52,40,7,8,3,0,2,8,0,0,10,23,0.2,0.365,0.425,0.79,17,,1,0,1,0,,player.fcgi?id=hawkin001jus
Robert Jolly?,--,2018,Clemson,50,181,149,18,34,6,0,1,17,3,0,25,35,0.228,0.341,0.289,0.629,43,,1,5,1,0,,player.fcgi?id=jolly-000rob
Bo Majkowski*,19,2018,Clemson,2,1,1,0,0,0,0,0,0,0,0,0,1,0,0,0,0,0,,0,0,0,0,,player.fcgi?id=majkow000bo-
Kier Meredith*,18,2018,Clemson,13,57,41,8,8,1,1,1,5,4,1,8,15,0.195,0.411,0.341,0.752,14,,7,1,0,0,,player.fcgi?id=meredi000kie
Adam Renwick?,--,2018,Clemson,9,6,5,3,0,0,0,0,0,0,0,1,4,0,0.167,0,0.167,0,,0,0,0,0,,player.fcgi?id=renwic000ada
Bryce Teodosio,19,2018,Clemson,37,95,79,12,13,4,0,4,9,1,2,10,40,0.165,0.283,0.367,0.65,29,,3,3,0,0,,player.fcgi?id=teodos000bry
Sam Weatherly*,19,2018,Clemson,14,11,10,1,1,0,0,0,1,1,0,1,4,0.1,0.182,0.1,0.282,1,,0,0,0,0,,player.fcgi?id=weathe000sam
Drew Wharton,22,2018,Clemson,63,269,231,31,59,12,1,7,41,7,3,30,62,0.255,0.337,0.407,0.744,94,,1,2,5,2,,player.fcgi?id=wharto000dre
Kyle Wilkie,20,2018,Clemson,62,262,216,35,70,10,0,5,40,2,1,34,49,0.324,0.422,0.44,0.862,95,,5,4,3,0,,player.fcgi?id=wilkie000kyl
Chris Williams,21,2018,Clemson,63,289,235,54,66,12,0,18,72,3,1,43,52,0.281,0.401,0.562,0.963,132,,7,0,4,3,,player.fcgi?id=willia013chr
Grayson Byrd*,23,2019,Clemson,61,284,250,49,79,16,2,16,59,4,3,27,48,0.316,0.394,0.588,0.982,147,,6,0,1,4,,player.fcgi?id=byrd--000gra
Matt Cooper,20,2019,Clemson,9,17,15,0,3,1,0,0,3,0,0,2,6,0.2,0.294,0.267,0.561,4,,0,0,0,0,,player.fcgi?id=cooper004mat
Logan Davidson#,21,2019,Clemson,61,294,237,55,69,18,2,15,55,17,3,45,61,0.291,0.412,0.574,0.985,136,,7,0,5,2,,player.fcgi?id=davids000log
Chad Fairey*,19,2019,Clemson,30,82,63,10,11,0,0,3,10,0,0,18,23,0.175,0.366,0.317,0.683,20,,1,0,0,0,,player.fcgi?id=fairey000cha
Michael Green*,21,2019,Clemson,28,120,101,26,31,8,0,3,14,4,1,11,11,0.307,0.412,0.475,0.887,48,,7,1,0,0,,player.fcgi?id=green-005mic
Jordan Greene,23,2019,Clemson,45,174,149,23,37,9,0,4,24,5,1,18,27,0.248,0.318,0.389,0.707,58,,0,1,6,0,,player.fcgi?id=greene000jor
Adam Hackenberg,19,2019,Clemson,21,44,35,6,5,2,0,3,10,0,0,7,19,0.143,0.295,0.457,0.753,16,,1,0,1,0,,player.fcgi?id=hacken000ada
Sam Hall,20,2019,Clemson,61,297,249,59,64,12,0,7,32,30,7,38,58,0.257,0.365,0.39,0.754,97,,6,1,3,0,,player.fcgi?id=hall--005sam
Bryar Hawkins,20,2019,Clemson,52,211,188,31,54,8,1,7,23,2,0,18,58,0.287,0.365,0.452,0.817,85,,5,0,0,0,,player.fcgi?id=hawkin000bry
Justin Hawkins,22,2019,Clemson,33,107,93,13,21,3,0,4,19,2,0,13,38,0.226,0.321,0.387,0.708,36,,0,1,0,0,,player.fcgi?id=hawkin001jus
Elijah Henderson,20,2019,Clemson,19,37,32,3,5,0,0,1,5,0,1,5,9,0.156,0.27,0.25,0.52,8,,0,0,0,0,,player.fcgi?id=hender000eli
Bo Majkowski*,20,2019,Clemson,50,138,109,17,27,8,1,0,14,8,1,16,29,0.248,0.399,0.339,0.738,37,,12,0,1,0,,player.fcgi?id=majkow000bo-
Kier Meredith*,19,2019,Clemson,9,29,22,3,7,2,0,0,1,2,1,5,5,0.318,0.483,0.409,0.892,9,,2,0,0,0,,player.fcgi?id=meredi000kie
James Parker,19,2019,Clemson,27,60,56,6,13,3,0,1,8,1,3,3,18,0.232,0.271,0.339,0.61,19,,0,1,0,0,,player.fcgi?id=parker010jam
Davis Sharpe,19,2019,Clemson,49,154,129,22,34,4,0,3,18,3,0,19,35,0.264,0.377,0.364,0.741,47,,5,0,1,1,,player.fcgi?id=sharpe000dav
Bryce Teodosio,20,2019,Clemson,55,212,186,32,40,8,0,9,33,8,4,16,71,0.215,0.295,0.403,0.698,75,,6,2,2,0,,player.fcgi?id=teodos000bry
Kyle Wilkie,21,2019,Clemson,58,254,218,41,67,14,0,6,41,5,2,26,34,0.307,0.385,0.454,0.839,99,,4,2,4,0,,player.fcgi?id=wilkie000kyl
Dylan Brewer*,19,2020,Clemson,16,63,49,11,12,5,0,1,6,3,0,14,13,0.245,0.413,0.408,0.821,20,,0,0,0,0,,player.fcgi?id=brewer000dyl
Matt Cooper,21,2020,Clemson,4,7,4,1,1,0,0,0,1,1,0,2,2,0.25,0.429,0.25,0.679,1,,0,0,1,0,,player.fcgi?id=cooper004mat
Drew Donathan,--,2020,Clemson,2,2,2,0,0,0,0,0,0,0,0,0,1,0,0,0,0,0,,0,0,0,0,,player.fcgi?id=donath000dre
Chad Fairey*,20,2020,Clemson,12,38,30,4,7,1,0,1,3,0,0,6,9,0.233,0.351,0.367,0.718,11,,0,1,1,0,,player.fcgi?id=fairey000cha
Pierce Gallo,20,2020,Clemson,7,15,13,3,1,0,0,0,0,1,0,2,5,0.077,0.2,0.077,0.277,1,,0,0,0,0,,player.fcgi?id=gallo-000pie
Adam Hackenberg,20,2020,Clemson,17,68,61,3,18,3,0,0,15,1,0,3,15,0.295,0.353,0.344,0.697,21,,3,0,1,0,,player.fcgi?id=hacken000ada
Sam Hall,21,2020,Clemson,15,41,36,7,5,0,1,1,2,2,0,5,12,0.139,0.244,0.278,0.522,10,,0,0,0,1,,player.fcgi?id=hall--005sam
Bryar Hawkins,21,2020,Clemson,15,55,49,7,14,1,1,1,9,1,0,2,7,0.286,0.309,0.408,0.717,20,,1,0,3,0,,player.fcgi?id=hawkin000bry
Elijah Henderson,21,2020,Clemson,17,79,62,10,20,7,0,0,12,3,0,13,6,0.323,0.456,0.435,0.891,27,,3,0,1,0,,player.fcgi?id=hender000eli
Bo Majkowski*,21,2020,Clemson,14,37,33,3,5,1,0,0,1,2,0,3,8,0.152,0.222,0.182,0.404,6,,0,1,0,0,,player.fcgi?id=majkow000bo-
Kier Meredith*,20,2020,Clemson,17,78,66,9,24,3,0,1,5,3,4,6,6,0.364,0.455,0.455,0.909,30,,5,1,0,0,,player.fcgi?id=meredi000kie
James Parker,20,2020,Clemson,13,55,51,10,15,2,0,1,7,3,0,2,5,0.294,0.315,0.392,0.707,20,,0,1,1,0,,player.fcgi?id=parker010jam
Regan Reid?,--,2020,Clemson,1,1,1,0,1,0,0,0,0,0,0,0,0,1,1,1,2,1,,0,0,0,0,,player.fcgi?id=reid--000reg
Davis Sharpe,20,2020,Clemson,16,55,45,6,14,2,0,4,10,1,1,8,14,0.311,0.436,0.622,1.059,28,,2,0,0,0,,player.fcgi?id=sharpe000dav
Mac Starbuck,21,2020,Clemson,11,32,26,5,4,2,0,0,0,2,0,2,8,0.154,0.29,0.231,0.521,6,,3,1,0,0,,player.fcgi?id=starbu000mac
Bryce Teodosio,21,2020,Clemson,8,23,18,2,3,1,0,0,1,3,0,4,4,0.167,0.348,0.222,0.57,4,,1,0,0,0,,player.fcgi?id=teodos000bry
Dylan Brewer*,20,2021,Clemson,49,215,174,35,36,7,0,10,31,6,1,29,65,0.207,0.332,0.42,0.751,73,,6,1,5,0,,player.fcgi?id=brewer000dyl
J.D. Brock*,20,2021,Clemson,11,13,11,2,2,0,0,0,2,0,0,2,6,0.182,0.308,0.182,0.49,2,,0,0,0,0,,player.fcgi?id=brock-000jd-
Jonathan French,20,2021,Clemson,31,118,101,13,25,2,0,5,21,0,0,14,38,0.248,0.347,0.416,0.763,42,,2,0,1,0,,player.fcgi?id=french003jon
Pierce Gallo,21,2021,Clemson,6,14,12,2,3,0,0,0,1,0,0,2,4,0.25,0.357,0.25,0.607,3,,0,0,0,0,,player.fcgi?id=gallo-000pie
Caden Grice*,19,2021,Clemson,52,225,186,40,59,9,1,15,53,2,1,28,74,0.317,0.427,0.618,1.045,115,,9,0,2,4,,player.fcgi?id=grice-000cad
Adam Hackenberg,21,2021,Clemson,33,140,120,17,31,7,0,3,17,1,0,13,27,0.258,0.357,0.392,0.749,47,,6,0,1,0,,player.fcgi?id=hacken000ada
Sam Hall,22,2021,Clemson,25,114,87,22,21,6,0,4,9,3,0,21,33,0.241,0.405,0.448,0.854,39,,3,3,0,0,,player.fcgi?id=hall--005sam
Bryar Hawkins,22,2021,Clemson,37,135,117,20,35,6,1,1,11,2,0,13,31,0.299,0.393,0.393,0.786,46,,5,0,0,0,,player.fcgi?id=hawkin000bry
Elijah Henderson,22,2021,Clemson,31,119,102,20,24,2,0,1,10,2,1,9,15,0.235,0.333,0.284,0.618,29,,6,2,0,0,,player.fcgi?id=hender000eli
Cooper Ingle*,19,2021,Clemson,10,20,16,0,1,0,0,0,3,0,0,3,4,0.063,0.211,0.063,0.273,1,,0,1,0,0,,player.fcgi?id=ingle-000coo
Bo Majkowski*,22,2021,Clemson,6,4,4,0,0,0,0,0,0,0,0,0,0,0,0,0,0,0,,0,0,0,0,,player.fcgi?id=majkow000bo-
Kier Meredith*,21,2021,Clemson,47,218,180,33,51,8,4,3,25,6,4,12,28,0.283,0.387,0.422,0.809,76,,19,6,1,0,,player.fcgi?id=meredi000kie
James Parker,21,2021,Clemson,52,241,210,33,68,13,0,8,38,1,3,24,51,0.324,0.411,0.5,0.911,105,,7,0,0,2,,player.fcgi?id=parker010jam
Regan Reid?,--,2021,Clemson,11,29,24,1,6,1,0,0,4,0,1,3,7,0.25,0.357,0.292,0.649,7,,1,1,0,0,,player.fcgi?id=reid--000reg
Davis Sharpe,21,2021,Clemson,31,89,76,16,16,6,0,3,12,0,0,8,27,0.211,0.315,0.408,0.723,31,,4,0,1,0,,player.fcgi?id=sharpe000dav
Mac Starbuck,22,2021,Clemson,3,1,1,0,0,0,0,0,0,0,0,0,1,0,0,0,0,0,,0,0,0,0,,player.fcgi?id=starbu000mac
Bryce Teodosio,22,2021,Clemson,52,187,153,25,36,4,3,8,21,6,3,18,57,0.235,0.361,0.458,0.818,70,,12,4,0,0,,player.fcgi?id=teodos000bry
Alex Urban*,19,2021,Clemson,20,54,53,8,11,0,0,3,9,1,0,1,14,0.208,0.222,0.377,0.6,20,,0,0,0,0,,player.fcgi?id=urban-001ale
Max Wagner,19,2021,Clemson,35,99,84,16,18,5,0,2,9,2,0,11,31,0.214,0.305,0.345,0.651,29,,0,4,0,0,,player.fcgi?id=wagner000max
Blake Wright,19,2021,Clemson,12,42,36,3,6,1,0,1,5,2,0,5,8,0.167,0.262,0.278,0.54,10,,0,0,1,0,,player.fcgi?id=wright003bla
Gavin Abrams*,19,2022,Clemson,2,3,3,0,1,0,0,0,2,0,0,0,2,0.333,0.333,0.333,0.667,1,0,0,0,0,0,,player.fcgi?id=abrams000gav
Billy Amick,19,2022,Clemson,9,19,19,1,2,0,0,0,0,0,0,0,11,0.105,0.105,0.105,0.211,2,0,0,0,0,0,,player.fcgi?id=amick-000bil
Ben Blackwell,23,2022,Clemson,58,270,223,52,73,10,1,3,33,4,1,32,51,0.327,0.428,0.422,0.849,94,3,10,1,4,0,,player.fcgi?id=blackw000ben
Dylan Brewer*,21,2022,Clemson,46,178,154,29,32,8,0,4,24,7,1,16,43,0.208,0.295,0.338,0.633,52,2,4,2,2,1,,player.fcgi?id=brewer000dyl
J.D. Brock*,21,2022,Clemson,27,52,41,9,9,2,0,0,0,0,1,9,19,0.22,0.385,0.268,0.653,11,1,2,0,0,0,,player.fcgi?id=brock-000jd-
Tyler Corbitt,22,2022,Clemson,53,223,200,39,58,7,1,11,40,6,0,12,44,0.29,0.336,0.5,0.836,100,1,4,3,4,0,,player.fcgi?id=corbit000tyl
Chad Fairey*,22,2022,Clemson,33,110,85,16,20,3,0,1,17,1,0,20,29,0.235,0.398,0.306,0.704,26,1,3,2,0,1,,player.fcgi?id=fairey000cha
Jonathan French,21,2022,Clemson,44,164,138,26,30,5,0,8,22,0,0,20,48,0.217,0.333,0.428,0.761,59,1,4,2,0,1,,player.fcgi?id=french003jon
Reed Garris,19,2022,Clemson,7,17,13,5,3,0,0,1,3,0,0,2,4,0.231,0.412,0.462,0.873,6,1,2,0,0,0,,player.fcgi?id=garris000ree
Caden Grice*,20,2022,Clemson,58,267,225,45,55,11,0,12,40,6,1,36,97,0.244,0.36,0.453,0.813,102,2,5,0,1,1,,player.fcgi?id=grice-000cad
Bryar Hawkins,23,2022,Clemson,58,252,207,38,50,8,1,9,43,2,0,33,67,0.242,0.361,0.42,0.781,87,4,8,0,4,0,,player.fcgi?id=hawkin000bry
Cooper Ingle*,20,2022,Clemson,54,256,211,52,74,13,0,8,44,1,0,38,29,0.351,0.449,0.526,0.975,111,4,3,0,4,3,,player.fcgi?id=ingle-000coo
David Lewis,19,2022,Clemson,17,34,29,5,4,1,0,2,2,0,0,3,14,0.138,0.265,0.379,0.644,11,1,2,0,0,0,,player.fcgi?id=lewis-003dav
Spencer Rich,21,2022,Clemson,12,12,12,2,2,1,0,0,0,1,0,0,6,0.167,0.167,0.25,0.417,3,1,0,0,0,0,,player.fcgi?id=rich--000spe
Mac Starbuck,23,2022,Clemson,11,10,8,4,4,0,1,0,2,0,0,1,3,0.5,0.6,0.75,1.35,6,0,1,0,0,0,,player.fcgi?id=starbu000mac
Will Taylor,19,2022,Clemson,13,63,50,14,13,0,0,1,4,1,0,9,11,0.26,0.397,0.32,0.717,16,0,3,0,1,0,,player.fcgi?id=taylor022wil
Camden Troyer*,19,2022,Clemson,18,46,38,7,7,1,1,2,11,1,0,5,7,0.184,0.304,0.421,0.725,16,2,2,0,1,0,,player.fcgi?id=troyer000cam
Max Wagner,20,2022,Clemson,58,259,203,66,75,15,1,27,76,2,1,45,51,0.369,0.496,0.852,1.348,173,5,8,1,2,2,,player.fcgi?id=wagner000max
Blake Wright,20,2022,Clemson,44,185,166,30,58,9,0,11,40,0,1,14,23,0.349,0.397,0.602,0.999,100,4,1,1,3,0,,player.fcgi?id=wright003bla
Gavin Abrams*,20,2023,Clemson,13,34,26,4,6,1,1,1,4,0,0,7,13,0.231,0.394,0.462,0.855,12,0,0,1,0,0,,player.fcgi?id=abrams000gav
Billy Amick,20,2023,Clemson,46,192,167,37,69,17,2,13,63,2,0,13,32,0.413,0.464,0.772,1.236,129,0,7,0,5,0,,player.fcgi?id=amick-000bil
B.J. Bailey*,21,2023,Clemson,18,0,0,1,0,0,0,0,0,0,0,0,0,,,,,0,0,0,0,0,0,,player.fcgi?id=bailey000bj-
Riley Bertram#,23,2023,Clemson,63,277,227,38,64,12,0,1,44,18,3,38,40,0.282,0.396,0.348,0.744,79,4,6,4,2,1,,player.fcgi?id=bertra000ril
Tristan Bissetta*,20,2023,Clemson,12,14,13,0,2,1,0,0,1,0,0,1,6,0.154,0.214,0.231,0.445,3,0,0,0,0,0,,player.fcgi?id=bisset000tri
Ben Blackwell,24,2023,Clemson,63,275,236,36,71,10,2,2,31,27,6,27,56,0.301,0.384,0.386,0.769,91,5,6,4,2,0,,player.fcgi?id=blackw000ben
Cam Cannarella*,19,2023,Clemson,59,290,250,72,97,16,3,7,47,24,5,33,39,0.388,0.462,0.56,1.022,140,4,4,0,3,1,,player.fcgi?id=cannar000cam
Tyler Corbitt,23,2023,Clemson,15,33,27,4,4,1,0,0,1,0,0,1,7,0.148,0.281,0.185,0.466,5,2,4,1,0,0,,player.fcgi?id=corbit000tyl
Jack Crighton,19,2023,Clemson,34,76,67,10,16,3,0,0,3,4,1,5,14,0.239,0.311,0.284,0.594,19,0,2,2,0,0,,player.fcgi?id=cright000jac
Chad Fairey*,23,2023,Clemson,23,73,59,12,14,4,0,1,8,1,0,11,26,0.237,0.361,0.356,0.717,21,1,1,1,1,0,,player.fcgi?id=fairey000cha
Caden Grice*,21,2023,Clemson,60,275,228,60,70,15,1,18,68,4,1,30,74,0.307,0.411,0.618,1.029,141,1,13,0,4,1,,player.fcgi?id=grice-000cad
Nathan Hall,19,2023,Clemson,39,85,74,10,18,3,0,1,12,3,1,8,20,0.243,0.321,0.324,0.646,24,2,1,1,1,0,,player.fcgi?id=hall--003nat
Cooper Ingle*,21,2023,Clemson,62,302,256,60,84,16,0,6,34,1,2,39,29,0.328,0.417,0.461,0.878,118,4,3,0,4,1,,player.fcgi?id=ingle-000coo
Jacob Jarrell,20,2023,Clemson,35,119,101,15,21,5,0,5,18,1,0,11,39,0.208,0.296,0.406,0.702,41,3,2,4,1,0,,player.fcgi?id=jarrel000jac
Lleyton Lackey#,20,2023,Clemson,9,9,7,3,0,0,0,0,0,0,0,1,3,0,0.222,0,0.222,0,0,1,0,0,0,,player.fcgi?id=lackey000lle
Ty Olenchuk*,21,2023,Clemson,18,5,5,0,1,0,0,0,1,0,0,0,2,0.2,0.2,0.2,0.4,1,0,0,0,0,0,,player.fcgi?id=olench000ty-
Mac Starbuck,24,2023,Clemson,14,23,16,2,2,1,0,0,1,0,0,2,2,0.125,0.364,0.188,0.551,3,1,4,1,0,0,,player.fcgi?id=starbu000mac
Will Taylor,20,2023,Clemson,62,281,218,67,79,16,2,5,46,11,0,48,56,0.362,0.489,0.523,1.012,114,4,10,1,4,0,,player.fcgi?id=taylor022wil
Blake Wright,21,2023,Clemson,60,268,232,36,58,11,0,8,45,7,5,27,40,0.25,0.326,0.401,0.727,93,6,2,1,6,0,,player.fcgi?id=wright003bla
Tristan Bissetta*,21,2024,Clemson,44,167,141,29,42,7,1,7,34,3,2,22,41,0.298,0.401,0.511,0.912,72,3,3,0,1,2,,player.fcgi?id=bisset000tri
Cooper Blauser,21,2024,Clemson,12,37,29,4,3,1,0,1,3,0,0,6,7,0.103,0.27,0.241,0.512,7,1,1,0,1,0,,player.fcgi?id=blause000coo
Cam Cannarella*,20,2024,Clemson,58,283,246,58,83,16,3,11,60,0,2,34,44,0.337,0.417,0.561,0.978,138,2,1,0,2,7,,player.fcgi?id=cannar000cam
Andrew Ciufo,23,2024,Clemson,27,116,93,19,26,2,1,2,16,5,2,15,29,0.28,0.378,0.387,0.765,36,0,1,5,2,0,,player.fcgi?id=ciufo-000and
Brodey Conn*,20,2024,Clemson,2,3,3,1,1,0,0,1,1,0,0,0,0,0.333,0.333,1.333,1.667,4,0,0,0,0,0,,player.fcgi?id=conn--000bro
Jack Crighton,20,2024,Clemson,40,130,115,16,36,7,1,0,12,3,2,10,17,0.313,0.377,0.391,0.768,45,4,3,0,2,0,,player.fcgi?id=cright000jac
Jay Dillard,20,2024,Clemson,1,1,1,0,0,0,0,0,0,0,0,0,0,0,0,0,0,0,1,0,0,0,0,,player.fcgi?id=dillar003jay
Nathan Hall,20,2024,Clemson,12,27,22,2,5,1,0,0,3,4,0,4,4,0.227,0.346,0.273,0.619,6,2,0,1,0,0,,player.fcgi?id=hall--003nat
Jacob Hinderleider,23,2024,Clemson,59,270,238,44,80,17,1,13,60,9,1,25,64,0.336,0.407,0.58,0.987,138,7,5,0,2,0,,player.fcgi?id=hinder000jac
Jacob Jarrell,21,2024,Clemson,28,116,97,21,28,5,0,6,24,0,0,13,34,0.289,0.388,0.526,0.914,51,4,4,0,2,0,,player.fcgi?id=jarrel000jac
Lleyton Lackey#,21,2024,Clemson,7,6,6,0,0,0,0,0,0,0,0,0,1,0,0,0,0,0,2,0,0,0,0,,player.fcgi?id=lackey000lle
Ty Marshall#,19,2024,Clemson,6,6,5,0,0,0,0,0,0,0,0,0,2,0,0.167,0,0.167,0,1,1,0,0,0,,player.fcgi?id=marsha000ty-
Alden Mathes*,23,2024,Clemson,59,286,224,64,69,12,1,10,33,5,2,42,49,0.308,0.445,0.504,0.95,113,1,15,3,2,0,,player.fcgi?id=mathes000ald
Tryston McCladdie*,18,2024,Clemson,15,23,17,4,4,0,0,0,3,1,0,5,5,0.235,0.409,0.235,0.644,4,0,0,1,0,0,,player.fcgi?id=mcclad000try
Nolan Nawrocki,20,2024,Clemson,36,147,125,28,33,5,0,4,24,11,0,13,29,0.264,0.352,0.4,0.752,50,1,5,2,2,0,,player.fcgi?id=nawroc000nol
Jimmy Obertop,24,2024,Clemson,57,272,218,62,66,11,0,22,56,1,0,49,79,0.303,0.438,0.656,1.093,143,2,4,0,1,0,,player.fcgi?id=oberto000jim
Ty Olenchuk*,22,2024,Clemson,5,2,1,0,0,0,0,0,0,0,0,0,1,0,0.5,0,0.5,0,0,1,0,0,0,,player.fcgi?id=olench000ty-
Devin Parks,18,2024,Clemson,10,6,5,4,0,0,0,0,0,0,0,1,5,0,0.167,0,0.167,0,0,0,0,0,0,,player.fcgi?id=parks-000dev
Jarren Purify,18,2024,Clemson,54,202,165,32,41,7,1,3,28,11,2,17,50,0.248,0.345,0.358,0.703,59,2,9,8,3,0,,player.fcgi?id=purify000jar
Will Taylor,21,2024,Clemson,32,145,100,28,23,2,1,7,19,6,1,33,26,0.23,0.465,0.48,0.945,48,0,11,1,0,1,,player.fcgi?id=taylor022wil
Blake Wright,22,2024,Clemson,60,285,256,68,87,10,2,22,75,0,0,16,37,0.34,0.382,0.652,1.035,167,6,6,0,7,0,,player.fcgi?id=wright003bla
Tristan Bissetta*,22,2025,Clemson,31,95,75,13,17,2,0,3,16,2,0,15,28,0.227,0.358,0.373,0.731,28,1,2,0,3,0,,player.fcgi?id=bisset000tri
Cam Cannarella*,21,2025,Clemson,61,292,232,62,82,22,2,5,52,6,4,52,42,0.353,0.479,0.53,1.01,123,7,6,0,2,1,,player.fcgi?id=cannar000cam
Josh Castellani*,19,2025,Clemson,6,5,5,0,0,0,0,0,0,0,0,0,3,0,0,0,0,0,0,0,0,0,0,,player.fcgi?id=castel008jos
Andrew Ciufo,24,2025,Clemson,60,244,194,38,51,10,1,6,33,7,1,24,61,0.263,0.378,0.418,0.795,81,5,13,11,2,0,,player.fcgi?id=ciufo-000and
Jack Crighton,21,2025,Clemson,48,169,143,27,41,6,2,1,19,5,1,17,27,0.287,0.37,0.378,0.747,54,6,3,4,2,0,,player.fcgi?id=cright000jac
Jay Dillard,21,2025,Clemson,18,24,16,4,2,1,0,0,0,0,0,6,6,0.125,0.391,0.188,0.579,3,0,1,1,0,0,,player.fcgi?id=dillar003jay
Luke Gaffney,21,2025,Clemson,54,228,188,26,51,7,0,5,39,2,0,23,44,0.271,0.357,0.388,0.745,73,4,7,1,9,0,,player.fcgi?id=gaffne000luk
Jacob Jarrell,22,2025,Clemson,59,244,198,45,52,5,0,15,41,0,0,34,67,0.263,0.387,0.515,0.902,102,7,8,1,3,0,,player.fcgi?id=jarrel000jac
Dominic Listi*,23,2025,Clemson,63,292,203,62,63,15,1,5,47,13,2,55,48,0.31,0.507,0.468,0.975,95,2,30,0,4,1,,player.fcgi?id=listi-000dom
Ty Marshall#,20,2025,Clemson,9,6,4,0,1,0,0,0,1,0,0,1,2,0.25,0.333,0.25,0.583,1,0,0,0,1,0,,player.fcgi?id=marsha000ty-
Tryston McCladdie*,19,2025,Clemson,34,114,94,23,27,4,1,5,19,9,2,16,26,0.287,0.393,0.511,0.903,48,1,1,2,1,0,,player.fcgi?id=mcclad000try
Josh Paino,24,2025,Clemson,63,282,237,47,59,10,1,10,47,10,2,29,87,0.249,0.354,0.426,0.78,101,3,11,2,3,0,,player.fcgi?id=paino-000jos
Hideki Prather,20,2025,Clemson,4,4,4,1,3,1,0,0,0,0,0,0,0,0.75,0.75,1,1.75,4,0,0,0,0,0,,player.fcgi?id=prathe000hid
Collin Priest*,20,2025,Clemson,59,258,196,36,47,11,0,12,52,0,0,47,61,0.24,0.407,0.48,0.887,94,4,11,0,4,2,,player.fcgi?id=priest000col
Jarren Purify,19,2025,Clemson,57,264,208,54,62,10,3,6,35,29,4,32,65,0.298,0.417,0.462,0.879,96,3,14,5,5,0,,player.fcgi?id=purify000jar
TP Wentworth*,19,2025,Clemson,35,60,50,8,11,3,0,0,7,2,0,8,17,0.22,0.35,0.28,0.63,14,0,2,0,0,0,,player.fcgi?id=wentwo000tp-
Chase Butler,19,2011,Georgia Tech,31,35,30,5,7,2,0,0,6,1,1,5,12,0.233,0.343,0.3,0.643,9,,0,0,0,,,player.fcgi?id=butler008cha
Alex Cruz,18,2011,Georgia Tech,12,17,16,0,3,0,0,0,1,0,0,0,5,0.188,0.235,0.188,0.423,3,,1,0,0,,,player.fcgi?id=cruz--003ale
Jake Davies*,21,2011,Georgia Tech,62,257,222,39,77,13,1,5,35,0,0,29,48,0.347,0.416,0.482,0.898,107,,0,2,4,,,player.fcgi?id=davies000jak
Jarrett Didrick?,--,2011,Georgia Tech,6,5,5,0,1,1,0,0,0,0,0,0,2,0.2,0.2,0.4,0.6,2,,0,0,0,,,player.fcgi?id=didric000jar
Sam Dove,20,2011,Georgia Tech,54,204,171,30,53,6,1,0,18,6,1,20,34,0.31,0.398,0.357,0.755,61,,7,3,3,,,player.fcgi?id=dove--000sam
Mitch Earnest?,--,2011,Georgia Tech,9,7,7,0,1,0,0,0,0,0,0,0,1,0.143,0.143,0.143,0.286,1,,0,0,0,,,player.fcgi?id=earnes000mit
Jake Esch,21,2011,Georgia Tech,63,303,263,55,84,23,2,6,41,9,0,21,33,0.319,0.385,0.49,0.876,129,,9,7,3,,,player.fcgi?id=esch--000jac
Zane Evans,19,2011,Georgia Tech,58,254,226,34,61,14,0,5,46,2,0,20,53,0.27,0.327,0.398,0.725,90,,0,6,2,,,player.fcgi?id=evans-000zan
Mott Hyde,19,2011,Georgia Tech,63,263,229,39,63,13,1,4,47,6,1,23,51,0.275,0.352,0.393,0.746,90,,6,2,3,,,player.fcgi?id=hyde--001dan
Paul Kronenfeld*,19,2011,Georgia Tech,22,31,28,1,4,1,0,0,1,0,0,2,14,0.143,0.226,0.179,0.404,5,,1,0,0,,,player.fcgi?id=kronen000pau
Evan Martin?,--,2011,Georgia Tech,24,36,35,4,7,0,0,2,4,1,0,1,5,0.2,0.222,0.371,0.594,13,,0,0,0,,,player.fcgi?id=martin000eva
Daniel Palka*,19,2011,Georgia Tech,63,265,232,41,69,18,3,12,52,3,0,21,71,0.297,0.375,0.556,0.931,129,,9,1,2,,,player.fcgi?id=palka-001dan
Matt Skole*,21,2011,Georgia Tech,61,283,233,56,81,16,0,10,58,1,3,44,33,0.348,0.445,0.545,0.99,127,,1,0,5,,,player.fcgi?id=skole-000mat
DeAndre Smelter,19,2011,Georgia Tech,34,60,45,11,10,1,0,0,7,2,1,10,15,0.222,0.4,0.244,0.644,11,,4,0,1,,,player.fcgi?id=smelte001dea
Brandon Thomas,20,2011,Georgia Tech,63,253,205,29,63,12,2,3,29,19,3,36,42,0.307,0.417,0.429,0.846,88,,4,6,2,,,player.fcgi?id=thomas014joh
Chris Triplett,19,2011,Georgia Tech,6,3,2,0,0,0,0,0,0,0,0,1,1,0,0.333,0,0.333,0,,0,0,0,,,player.fcgi?id=triple001chr
Jeff Ussery?,--,2011,Georgia Tech,6,5,5,1,1,1,0,0,0,0,0,0,2,0.2,0.2,0.4,0.6,2,,0,0,0,,,player.fcgi?id=ussery000jef
Connor Winn?,--,2011,Georgia Tech,22,10,10,4,2,0,0,0,0,1,0,0,2,0.2,0.2,0.2,0.4,2,,0,0,0,,,player.fcgi?id=winn--000con
Colby Wren?,--,2011,Georgia Tech,3,2,2,0,0,0,0,0,0,0,0,0,0,0,0,0,0,0,,0,0,0,,,player.fcgi?id=wren--000col
Kyle Wren*,20,2011,Georgia Tech,63,304,265,57,90,11,7,1,32,16,7,30,32,0.34,0.412,0.445,0.857,118,,4,3,2,,,player.fcgi?id=wren--000kyl
Chase Butler,20,2012,Georgia Tech,25,57,45,8,12,0,0,1,3,0,0,10,9,0.267,0.4,0.333,0.733,15,,0,2,0,0,,player.fcgi?id=butler008cha
Alex Cruz,19,2012,Georgia Tech,36,13,11,0,1,0,0,0,1,0,0,1,5,0.091,0.167,0.091,0.258,1,,0,1,0,0,,player.fcgi?id=cruz--003ale
Jake Davies*,22,2012,Georgia Tech,64,273,239,43,78,11,0,14,73,0,1,28,24,0.326,0.401,0.548,0.949,131,,3,1,2,2,,player.fcgi?id=davies000jak
Sam Dove,21,2012,Georgia Tech,64,291,253,54,86,15,1,3,30,12,1,30,47,0.34,0.411,0.443,0.853,112,,1,6,1,0,,player.fcgi?id=dove--000sam
Mitch Earnest?,--,2012,Georgia Tech,23,47,40,4,10,4,0,0,7,1,0,3,15,0.25,0.283,0.35,0.633,14,,0,1,3,0,,player.fcgi?id=earnes000mit
Zane Evans,20,2012,Georgia Tech,60,251,224,34,66,17,1,4,51,1,0,24,45,0.295,0.363,0.433,0.796,97,,1,0,2,0,,player.fcgi?id=evans-000zan
Cameron Gibson?,--,2012,Georgia Tech,19,25,24,1,3,0,0,0,1,1,0,1,3,0.125,0.16,0.125,0.285,3,,0,0,0,0,,player.fcgi?id=gibson001cam
Michael Hodorowski?,--,2012,Georgia Tech,3,3,2,0,0,0,0,0,0,0,0,1,1,0,0.333,0,0.333,0,,0,0,0,0,,player.fcgi?id=hodoro000mic
Mott Hyde,20,2012,Georgia Tech,62,244,214,36,57,11,0,7,33,10,4,15,51,0.266,0.322,0.416,0.738,89,,6,2,7,0,,player.fcgi?id=hyde--001dan
Paul Kronenfeld*,20,2012,Georgia Tech,38,94,89,10,27,4,1,3,20,2,1,5,33,0.303,0.34,0.472,0.812,42,,0,0,0,0,,player.fcgi?id=kronen000pau
Connor Lynch,19,2012,Georgia Tech,29,92,82,11,24,5,0,1,14,1,1,7,11,0.293,0.348,0.39,0.738,32,,1,0,2,0,,player.fcgi?id=lynch-000con
Evan Martin?,--,2012,Georgia Tech,31,62,56,8,15,4,1,1,5,4,1,4,14,0.268,0.311,0.429,0.74,24,,0,1,1,1,,player.fcgi?id=martin000eva
A.J. Murray,19,2012,Georgia Tech,12,15,12,1,1,0,0,0,1,0,1,2,1,0.083,0.2,0.083,0.283,1,,0,0,1,0,,player.fcgi?id=murray001and
Daniel Palka*,20,2012,Georgia Tech,64,274,238,44,72,19,2,12,47,6,1,17,50,0.303,0.38,0.55,0.93,131,,15,0,4,4,,player.fcgi?id=palka-001dan
Charles Sheffield,19,2012,Georgia Tech,12,13,12,0,3,0,0,0,1,0,0,1,6,0.25,0.308,0.25,0.558,3,,0,0,0,0,,player.fcgi?id=sheffi000cha
DeAndre Smelter,20,2012,Georgia Tech,15,3,3,3,0,0,0,0,0,1,1,0,1,0,0,0,0,0,,0,0,0,0,,player.fcgi?id=smelte001dea
Thomas Smith,19,2012,Georgia Tech,39,154,126,18,38,6,0,0,12,5,4,15,14,0.302,0.407,0.349,0.756,44,,8,4,1,0,,player.fcgi?id=smith-027tho
Daniel Spingola*,19,2012,Georgia Tech,23,47,43,5,15,3,0,0,5,4,1,4,9,0.349,0.404,0.419,0.823,18,,0,0,0,0,,player.fcgi?id=spigno000dan
Brandon Thomas,21,2012,Georgia Tech,56,265,211,57,76,15,5,5,44,12,5,37,43,0.36,0.481,0.55,1.031,116,,13,3,1,1,,player.fcgi?id=thomas014joh
Connor Winn?,--,2012,Georgia Tech,27,72,62,12,11,3,0,0,9,4,1,8,14,0.177,0.268,0.226,0.493,14,,0,1,1,0,,player.fcgi?id=winn--000con
Colby Wren?,--,2012,Georgia Tech,1,1,1,0,0,0,0,0,0,0,0,0,0,0,0,0,0,0,,0,0,0,0,,player.fcgi?id=wren--000col
Kyle Wren*,21,2012,Georgia Tech,62,302,258,56,66,10,6,2,22,16,7,33,30,0.256,0.346,0.364,0.71,94,,3,7,1,0,,player.fcgi?id=wren--000kyl
Dylan Dore,--,2013,Georgia Tech,27,45,38,8,11,3,0,0,4,0,0,3,10,0.289,0.386,0.368,0.755,14,,3,1,0,0,,player.fcgi?id=dore--000dyl
Sam Dove,22,2013,Georgia Tech,61,277,233,47,67,14,3,3,34,7,3,30,44,0.288,0.371,0.412,0.783,96,,4,5,5,0,,player.fcgi?id=dove--000sam
Mitch Earnest?,--,2013,Georgia Tech,32,70,62,13,19,4,0,3,15,1,0,3,19,0.306,0.368,0.516,0.884,32,,3,2,0,0,,player.fcgi?id=earnes000mit
Zane Evans,21,2013,Georgia Tech,64,284,244,47,88,12,1,14,66,0,1,33,40,0.361,0.43,0.59,1.02,144,,1,0,6,5,,player.fcgi?id=evans-000zan
Gregory Fineberg?,--,2013,Georgia Tech,2,2,2,0,0,0,0,0,0,0,0,0,2,0,0,0,0,0,,0,0,0,0,,player.fcgi?id=finebe000gre
Matt Gonzalez,19,2013,Georgia Tech,61,242,227,37,66,9,2,3,37,10,4,11,47,0.291,0.324,0.388,0.711,88,,1,1,2,1,,player.fcgi?id=gonzal007ale
Michael Hodorowski?,--,2013,Georgia Tech,11,20,18,0,5,0,0,0,3,0,0,1,2,0.278,0.3,0.278,0.578,5,,0,0,1,0,,player.fcgi?id=hodoro000mic
Mott Hyde,21,2013,Georgia Tech,64,269,223,32,58,18,1,6,32,6,5,26,46,0.26,0.357,0.43,0.787,96,,8,11,1,0,,player.fcgi?id=hyde--001dan
Connor Lynch,20,2013,Georgia Tech,10,28,26,3,5,1,0,0,3,0,0,0,4,0.192,0.179,0.231,0.409,6,,0,0,2,0,,player.fcgi?id=lynch-000con
Cole Miller?,--,2013,Georgia Tech,18,21,19,2,1,0,0,0,3,0,0,1,11,0.053,0.095,0.053,0.148,1,,0,0,1,0,,player.fcgi?id=miller003col
A.J. Murray,20,2013,Georgia Tech,64,275,236,41,64,10,2,5,35,4,0,30,56,0.271,0.366,0.394,0.76,93,,6,2,1,1,,player.fcgi?id=murray001and
Daniel Palka*,21,2013,Georgia Tech,62,280,237,55,81,13,3,17,66,6,0,31,60,0.342,0.436,0.637,1.073,151,,10,0,2,4,,player.fcgi?id=palka-001dan
Charles Sheffield,20,2013,Georgia Tech,3,4,2,1,0,0,0,0,0,0,0,1,2,0,0.5,0,0.5,0,,1,0,0,0,,player.fcgi?id=sheffi000cha
Thomas Smith,20,2013,Georgia Tech,45,132,112,16,32,5,2,3,13,3,3,13,16,0.286,0.362,0.446,0.809,50,,1,5,1,0,,player.fcgi?id=smith-027tho
Daniel Spingola*,20,2013,Georgia Tech,50,96,78,12,20,2,0,1,13,3,2,14,13,0.256,0.375,0.321,0.696,25,,2,0,2,0,,player.fcgi?id=spigno000dan
Brandon Thomas,22,2013,Georgia Tech,53,247,209,49,67,15,4,1,30,9,2,30,40,0.321,0.406,0.445,0.851,93,,2,3,3,1,,player.fcgi?id=thomas014joh
Kyle Wren*,22,2013,Georgia Tech,64,307,272,50,98,11,6,2,28,28,13,29,36,0.36,0.423,0.467,0.89,127,,2,2,2,0,,player.fcgi?id=wren--000kyl
Grant Wruble,19,2013,Georgia Tech,11,6,4,1,1,0,0,0,2,0,0,1,1,0.25,0.333,0.25,0.583,1,,0,0,1,0,,player.fcgi?id=wruble000gra
Will Young,19,2013,Georgia Tech,2,2,2,0,0,0,0,0,1,0,0,0,0,0,0,0,0,0,,0,0,0,0,,player.fcgi?id=young-013wil
Elliott Barzilli,19,2014,Georgia Tech,34,116,110,12,26,6,0,2,11,0,1,4,19,0.236,0.263,0.345,0.609,38,,0,2,0,0,,player.fcgi?id=barzil000ell
Mitch Earnest?,--,2014,Georgia Tech,34,102,89,9,18,3,1,2,19,0,1,7,19,0.202,0.267,0.326,0.593,29,,2,1,3,0,,player.fcgi?id=earnes000mit
Brandon Gold,19,2014,Georgia Tech,54,209,183,27,45,12,0,0,16,0,0,19,44,0.246,0.316,0.311,0.627,57,,1,3,3,0,,player.fcgi?id=gold--000bra
Matt Gonzalez,20,2014,Georgia Tech,64,291,255,34,80,21,1,1,37,9,8,20,55,0.314,0.358,0.416,0.774,106,,2,6,8,2,,player.fcgi?id=gonzal007ale
Mott Hyde,22,2014,Georgia Tech,63,295,248,42,70,12,3,4,35,10,1,26,51,0.282,0.366,0.403,0.769,100,,10,5,6,0,,player.fcgi?id=hyde--001dan
Keenan Innis*,19,2014,Georgia Tech,40,119,101,15,25,3,0,0,10,1,0,14,15,0.248,0.35,0.277,0.628,28,,2,2,0,0,,player.fcgi?id=innis-000kee
Connor Justus,19,2014,Georgia Tech,56,241,209,27,53,6,1,2,30,1,6,22,43,0.254,0.342,0.321,0.662,67,,6,4,0,0,,player.fcgi?id=justus000con
Eric Knox,18,2014,Georgia Tech,12,13,13,1,6,1,0,0,1,0,0,0,2,0.462,0.462,0.538,1,7,,0,0,0,0,,player.fcgi?id=knox--000eri
A.J. Murray,21,2014,Georgia Tech,62,258,223,29,63,16,2,4,33,8,4,24,52,0.283,0.376,0.426,0.802,95,,10,0,1,3,,player.fcgi?id=murray001and
Arden Pabst,19,2014,Georgia Tech,44,147,120,17,26,3,1,1,17,1,0,13,26,0.217,0.321,0.283,0.605,34,,6,7,1,0,,player.fcgi?id=pabst-000ard
Ryan Peurifoy,19,2014,Georgia Tech,50,166,142,19,42,7,3,0,11,2,2,11,29,0.296,0.34,0.387,0.727,55,,0,10,3,1,,player.fcgi?id=peurif000rya
Jonathan Roberts?,--,2014,Georgia Tech,27,3,3,1,1,0,0,0,0,0,0,0,2,0.333,0.333,0.333,0.667,1,,0,0,0,0,,player.fcgi?id=robert000jon
Thomas Smith,21,2014,Georgia Tech,61,274,229,35,69,10,1,2,36,5,4,26,31,0.301,0.392,0.38,0.772,87,,9,9,1,0,,player.fcgi?id=smith-027tho
Daniel Spingola*,21,2014,Georgia Tech,64,289,257,45,82,9,8,3,36,15,1,21,42,0.319,0.384,0.451,0.835,116,,6,5,0,3,,player.fcgi?id=spigno000dan
Grant Wruble,20,2014,Georgia Tech,16,30,29,3,5,1,0,0,0,2,0,1,7,0.172,0.2,0.207,0.407,6,,0,0,0,0,,player.fcgi?id=wruble000gra
Wade Bailey,19,2015,Georgia Tech,53,224,200,32,51,13,0,1,27,5,2,15,16,0.255,0.312,0.335,0.647,67,,3,3,3,0,,player.fcgi?id=bailey000wad
Brandon Gold,20,2015,Georgia Tech,40,89,77,12,21,3,2,1,11,0,0,12,20,0.273,0.371,0.403,0.773,31,,0,0,0,0,,player.fcgi?id=gold--000bra
Matt Gonzalez,21,2015,Georgia Tech,55,242,221,29,63,13,0,5,42,10,4,13,52,0.285,0.317,0.412,0.728,91,,0,2,6,0,,player.fcgi?id=gonzal007ale
Daniel Gooden*,18,2015,Georgia Tech,13,11,8,2,1,0,0,0,1,0,0,2,4,0.125,0.364,0.125,0.489,1,,1,0,0,0,,player.fcgi?id=gooden000dan
Keenan Innis*,20,2015,Georgia Tech,48,176,158,29,49,9,2,0,15,5,1,13,22,0.31,0.37,0.392,0.762,62,,2,3,0,0,,player.fcgi?id=innis-000kee
Blake Jackson,18,2015,Georgia Tech,21,41,33,10,6,1,1,2,8,0,1,5,13,0.182,0.3,0.455,0.755,15,,1,1,1,0,,player.fcgi?id=jackso000bla
Kel Johnson,19,2015,Georgia Tech,40,168,151,27,45,9,1,10,34,0,0,16,55,0.298,0.369,0.57,0.939,86,,1,0,0,1,,player.fcgi?id=johnso004kel
Connor Justus,20,2015,Georgia Tech,54,220,185,32,46,8,0,1,24,5,0,23,35,0.249,0.349,0.308,0.657,57,,6,5,1,0,,player.fcgi?id=justus000con
A.J. Murray,22,2015,Georgia Tech,55,244,209,49,58,16,1,15,51,1,1,26,54,0.278,0.365,0.579,0.944,121,,5,0,4,3,,player.fcgi?id=murray001and
Arden Pabst,20,2015,Georgia Tech,39,144,115,17,27,9,0,1,18,2,0,21,32,0.235,0.355,0.339,0.694,39,,1,6,1,0,,player.fcgi?id=pabst-000ard
Ryan Peurifoy,20,2015,Georgia Tech,43,116,102,14,33,5,1,2,18,1,1,11,22,0.324,0.386,0.451,0.837,46,,0,2,1,0,,player.fcgi?id=peurif000rya
Thomas Smith,22,2015,Georgia Tech,55,242,195,33,51,3,0,2,22,10,2,34,25,0.262,0.382,0.308,0.69,60,,6,4,3,0,,player.fcgi?id=smith-027tho
Daniel Spingola*,22,2015,Georgia Tech,49,212,185,30,48,8,1,2,26,6,2,17,27,0.259,0.341,0.346,0.687,64,,6,4,0,0,,player.fcgi?id=spigno000dan
Grant Wruble,21,2015,Georgia Tech,24,41,36,9,7,0,0,0,4,1,0,5,13,0.194,0.293,0.194,0.487,7,,0,0,0,0,,player.fcgi?id=wruble000gra
Wade Bailey,20,2016,Georgia Tech,59,292,255,52,79,13,0,4,25,8,1,22,25,0.31,0.371,0.408,0.779,104,,4,9,2,0,,player.fcgi?id=bailey000wad
Joey Bart,19,2016,Georgia Tech,43,174,157,24,47,10,0,1,31,0,1,8,34,0.299,0.351,0.382,0.733,60,,6,0,3,0,,player.fcgi?id=bart--000joe
Trevor Craport,19,2016,Georgia Tech,56,231,199,40,70,15,1,7,31,4,1,17,17,0.352,0.414,0.543,0.957,108,,5,9,1,0,,player.fcgi?id=crapor000tre
Tristin English,19,2016,Georgia Tech,60,244,222,35,70,21,0,5,44,0,0,8,22,0.315,0.351,0.477,0.829,106,,7,2,5,0,,player.fcgi?id=englis000tri
Will Galloway,19,2016,Georgia Tech,2,3,2,1,0,0,0,0,0,0,0,0,1,0,0.333,0,0.333,0,,1,0,0,0,,player.fcgi?id=gallow004wil
Brandon Gold,21,2016,Georgia Tech,32,56,41,12,10,2,0,2,8,0,1,11,12,0.244,0.436,0.439,0.875,18,,3,1,0,0,,player.fcgi?id=gold--000bra
Matt Gonzalez,22,2016,Georgia Tech,59,277,246,52,93,16,0,11,54,10,6,18,39,0.378,0.419,0.577,0.996,142,,3,5,5,4,,player.fcgi?id=gonzal007ale
Carter Hall,19,2016,Georgia Tech,21,61,51,11,15,4,0,1,5,3,1,9,11,0.294,0.4,0.431,0.831,22,,0,1,0,0,,player.fcgi?id=hall--003car
Keenan Innis*,21,2016,Georgia Tech,32,62,50,10,10,1,0,0,2,2,1,11,11,0.2,0.339,0.22,0.559,11,,0,0,1,0,,player.fcgi?id=innis-000kee
Kel Johnson,20,2016,Georgia Tech,61,270,248,45,79,16,2,11,54,2,0,19,71,0.319,0.367,0.532,0.899,132,,1,0,2,0,,player.fcgi?id=johnso004kel
Connor Justus,21,2016,Georgia Tech,63,305,247,62,80,16,3,6,37,9,3,41,38,0.324,0.442,0.486,0.928,120,,12,4,1,0,,player.fcgi?id=justus000con
Jonathan King*,23,2016,Georgia Tech,2,2,2,0,0,0,0,0,0,0,0,0,0,0,0,0,0,0,,0,0,0,0,,player.fcgi?id=king--001jon
Arden Pabst,21,2016,Georgia Tech,41,153,137,22,34,5,0,4,19,1,2,10,33,0.248,0.305,0.372,0.677,51,,2,2,2,0,,player.fcgi?id=pabst-000ard
Ryan Peurifoy,21,2016,Georgia Tech,61,214,198,26,47,10,0,3,24,2,1,10,48,0.237,0.276,0.333,0.61,66,,1,4,1,0,,player.fcgi?id=peurif000rya
Coleman Poje,22,2016,Georgia Tech,24,35,28,6,6,0,0,2,10,1,0,5,12,0.214,0.314,0.429,0.743,12,,0,0,2,0,,player.fcgi?id=poje--000col
Brandt Stallings,19,2016,Georgia Tech,47,161,144,26,43,9,2,7,33,4,0,14,41,0.299,0.36,0.535,0.895,77,,1,0,2,0,,player.fcgi?id=stalli000bra
Patrick Wiseman*,20,2016,Georgia Tech,6,2,2,0,2,0,0,0,0,0,0,0,0,1,1,1,2,2,,0,0,0,0,,player.fcgi?id=wisema000pat
Grant Wruble,22,2016,Georgia Tech,24,35,33,5,9,1,0,1,11,0,0,2,7,0.273,0.314,0.394,0.708,13,,0,0,0,0,,player.fcgi?id=wruble000gra
Wade Bailey,21,2017,Georgia Tech,55,274,236,63,82,21,3,6,38,6,3,27,30,0.347,0.42,0.538,0.958,127,,4,5,2,0,,player.fcgi?id=bailey000wad
Joey Bart,20,2017,Georgia Tech,44,208,186,36,55,13,0,13,43,4,0,16,50,0.296,0.37,0.575,0.945,107,,6,0,0,1,,player.fcgi?id=bart--000joe
Trevor Craport,20,2017,Georgia Tech,55,271,235,44,79,20,2,5,30,8,1,20,34,0.336,0.399,0.502,0.901,118,,8,3,5,0,,player.fcgi?id=crapor000tre
Xzavion Curry,18,2017,Georgia Tech,19,7,6,0,3,0,0,0,3,0,0,0,1,0.5,0.5,0.5,1,3,,0,1,0,0,,player.fcgi?id=curry-000xza
Carter Hall,20,2017,Georgia Tech,8,19,13,5,4,0,0,1,2,1,1,2,3,0.308,0.438,0.538,0.976,7,,1,3,0,0,,player.fcgi?id=hall--003car
Keenan Innis*,22,2017,Georgia Tech,23,58,46,7,7,2,0,0,9,2,1,5,15,0.152,0.241,0.196,0.436,9,,1,4,2,0,,player.fcgi?id=innis-000kee
Kel Johnson,21,2017,Georgia Tech,49,220,193,31,52,11,0,10,40,0,0,21,58,0.269,0.345,0.482,0.827,93,,3,0,3,1,,player.fcgi?id=johnso004kel
Kyle McCann*,19,2017,Georgia Tech,48,163,121,29,24,1,0,9,21,0,0,33,40,0.198,0.383,0.43,0.812,52,,5,1,3,1,,player.fcgi?id=mccann000kyl
Parker McCoy?,--,2017,Georgia Tech,5,7,4,0,1,0,0,0,0,0,0,2,1,0.25,0.5,0.25,0.75,1,,0,1,0,0,,player.fcgi?id=mccoy-000par
Chase Murray*,19,2017,Georgia Tech,47,185,165,19,44,8,1,2,24,3,1,7,38,0.267,0.292,0.364,0.656,60,,1,7,5,0,,player.fcgi?id=murray008cha
Ryan Peurifoy,22,2017,Georgia Tech,55,231,200,31,59,11,1,7,33,3,1,21,30,0.295,0.366,0.465,0.831,93,,3,4,3,4,,player.fcgi?id=peurif000rya
Coleman Poje,23,2017,Georgia Tech,55,233,200,33,55,12,1,11,36,3,0,24,66,0.275,0.365,0.51,0.875,102,,5,3,1,1,,player.fcgi?id=poje--000col
Paxton Rigby*,19,2017,Georgia Tech,9,11,9,2,2,1,0,0,0,0,0,2,3,0.222,0.364,0.333,0.697,3,,0,0,0,0,,player.fcgi?id=rigby-000pax
Brenton Sanders*,--,2017,Georgia Tech,7,7,7,0,1,0,0,0,0,0,0,0,2,0.143,0.143,0.143,0.286,1,,0,0,0,0,,player.fcgi?id=sander000bre
Brandt Stallings,20,2017,Georgia Tech,30,102,97,14,22,5,0,6,16,0,1,4,28,0.227,0.265,0.464,0.729,45,,1,0,0,0,,player.fcgi?id=stalli000bra
Austin Wilhite,19,2017,Georgia Tech,55,226,198,36,67,14,1,1,25,1,2,23,54,0.338,0.41,0.434,0.844,86,,1,4,0,0,,player.fcgi?id=wilhit000aus
Nick Wilhite*,19,2017,Georgia Tech,27,47,39,4,5,0,1,0,5,0,0,8,12,0.128,0.277,0.179,0.456,7,,0,0,0,0,,player.fcgi?id=wilhit000nic
Patrick Wiseman*,21,2017,Georgia Tech,7,8,8,0,0,0,0,0,0,0,0,0,3,0,0,0,0,0,,0,0,0,0,,player.fcgi?id=wisema000pat
Wade Bailey,22,2018,Georgia Tech,57,269,230,49,78,13,1,2,31,9,2,29,23,0.339,0.42,0.43,0.851,99,,4,5,1,0,,player.fcgi?id=bailey000wad
Joey Bart,21,2018,Georgia Tech,57,272,220,55,79,12,0,16,38,3,0,41,56,0.359,0.471,0.632,1.102,139,,8,0,3,6,,player.fcgi?id=bart--000joe
Tristin English,21,2018,Georgia Tech,56,244,226,33,63,17,1,6,60,1,1,8,50,0.279,0.324,0.442,0.766,100,,8,0,2,0,,player.fcgi?id=englis000tri
Michael Guldberg,19,2018,Georgia Tech,28,50,38,12,14,2,0,2,9,1,0,8,6,0.368,0.51,0.579,1.089,22,,3,1,0,0,,player.fcgi?id=guldbe000mic
Carter Hall,21,2018,Georgia Tech,6,24,20,3,6,1,0,2,6,0,1,1,6,0.3,0.318,0.65,0.968,13,,0,2,1,0,,player.fcgi?id=hall--003car
Colin Hall*,19,2018,Georgia Tech,56,208,184,21,52,9,1,2,24,3,2,20,37,0.283,0.357,0.375,0.732,69,,2,1,1,1,,player.fcgi?id=hall--001col
Kel Johnson,22,2018,Georgia Tech,14,43,38,7,10,0,0,2,8,0,0,5,13,0.263,0.349,0.421,0.77,16,,0,0,0,0,,player.fcgi?id=johnso004kel
Kyle McCann*,20,2018,Georgia Tech,54,234,190,48,57,10,1,15,45,1,0,37,56,0.3,0.423,0.6,1.023,114,,5,0,2,1,,player.fcgi?id=mccann000kyl
Chase Murray*,20,2018,Georgia Tech,54,248,210,47,72,11,3,6,39,4,2,27,39,0.343,0.41,0.51,0.919,107,,1,4,6,1,,player.fcgi?id=murray008cha
Cole Neuber,20,2018,Georgia Tech,11,7,5,2,1,0,0,0,0,0,0,1,1,0.2,0.429,0.2,0.629,1,,1,0,0,0,,player.fcgi?id=neuber000col
Baron Radcliff*,19,2018,Georgia Tech,38,96,89,8,16,3,0,4,12,0,0,6,44,0.18,0.229,0.348,0.577,31,,0,0,1,0,,player.fcgi?id=radcli000bar
Paxton Rigby*,20,2018,Georgia Tech,5,5,5,0,0,0,0,0,0,0,0,0,2,0,0,0,0,0,,0,0,0,0,,player.fcgi?id=rigby-000pax
Oscar Serratos,18,2018,Georgia Tech,42,135,119,22,37,4,1,3,14,7,2,13,34,0.311,0.393,0.437,0.83,52,,3,0,0,1,,player.fcgi?id=serrat001osc
Jamie Taylor,19,2018,Georgia Tech,11,10,10,0,2,0,0,0,0,0,0,0,4,0.2,0.2,0.2,0.4,2,,0,0,0,0,,player.fcgi?id=taylor018jam
Cameron Turley,19,2018,Georgia Tech,9,5,4,0,1,0,0,0,1,0,0,1,2,0.25,0.4,0.25,0.65,1,,0,0,0,0,,player.fcgi?id=turley000cam
Luke Waddell*,19,2018,Georgia Tech,42,133,120,20,34,8,1,1,10,1,2,10,17,0.283,0.348,0.392,0.74,47,,2,1,0,0,,player.fcgi?id=waddel000luk
Austin Wilhite,20,2018,Georgia Tech,58,243,213,26,53,13,1,6,30,3,2,23,58,0.249,0.329,0.404,0.733,86,,3,3,1,1,,player.fcgi?id=wilhit000aus
Nick Wilhite*,20,2018,Georgia Tech,52,144,116,21,18,0,0,0,11,4,2,18,39,0.155,0.277,0.155,0.433,18,,2,7,1,0,,player.fcgi?id=wilhit000nic
Patrick Wiseman*,22,2018,Georgia Tech,4,3,3,1,0,0,0,0,0,0,0,0,2,0,0,0,0,0,,0,0,0,0,,player.fcgi?id=wisema000pat
Charlie Benson#,19,2019,Georgia Tech,20,15,9,2,2,0,0,0,1,1,0,4,5,0.222,0.533,0.222,0.756,2,,2,0,0,0,,player.fcgi?id=benson003cha
Micah Carpenter,22,2019,Georgia Tech,22,2,2,0,1,0,0,0,1,0,0,0,0,0.5,0.5,0.5,1,1,,0,0,0,0,,player.fcgi?id=carpen004mic
Tristin English,22,2019,Georgia Tech,58,262,214,58,74,20,2,18,71,0,1,17,30,0.346,0.427,0.71,1.138,152,,21,0,10,1,,player.fcgi?id=englis000tri
Michael Guldberg,20,2019,Georgia Tech,60,271,220,61,78,7,2,1,32,7,0,31,32,0.355,0.441,0.418,0.859,92,,7,8,5,0,,player.fcgi?id=guldbe000mic
Colin Hall*,20,2019,Georgia Tech,62,271,241,44,74,18,0,4,41,4,0,22,50,0.307,0.363,0.432,0.795,104,,1,4,3,2,,player.fcgi?id=hall--001col
Kyle McCann*,21,2019,Georgia Tech,62,297,221,58,66,12,1,23,70,0,0,62,77,0.299,0.468,0.674,1.142,149,,11,0,3,17,,player.fcgi?id=mccann000kyl
Ryan Miller,19,2019,Georgia Tech,4,4,4,0,0,0,0,0,0,0,0,0,4,0,0,0,0,0,,0,0,0,0,,player.fcgi?id=miller011rya
Chase Murray*,21,2019,Georgia Tech,27,92,85,15,20,2,1,2,7,3,1,7,20,0.235,0.293,0.353,0.646,30,,0,0,0,1,,player.fcgi?id=murray008cha
Cole Neuber,21,2019,Georgia Tech,15,17,13,1,1,0,0,1,1,0,0,3,4,0.077,0.294,0.308,0.602,4,,1,0,0,1,,player.fcgi?id=neuber000col
Baron Radcliff*,20,2019,Georgia Tech,58,231,183,40,47,9,0,12,44,6,0,46,68,0.257,0.403,0.503,0.905,92,,0,0,2,0,,player.fcgi?id=radcli000bar
Paxton Rigby*,21,2019,Georgia Tech,10,10,9,0,1,0,0,0,1,0,0,0,2,0.111,0.1,0.111,0.211,1,,0,0,1,0,,player.fcgi?id=rigby-000pax
Oscar Serratos,19,2019,Georgia Tech,36,146,130,17,32,4,1,2,20,4,0,10,38,0.246,0.315,0.338,0.654,44,,4,0,2,1,,player.fcgi?id=serrat001osc
Jamie Taylor,20,2019,Georgia Tech,10,13,12,1,2,0,1,0,3,0,0,1,4,0.167,0.231,0.333,0.564,4,,0,0,0,0,,player.fcgi?id=taylor018jam
Cameron Turley,20,2019,Georgia Tech,12,12,6,2,0,0,0,0,1,0,0,4,5,0,0.364,0,0.364,0,,0,1,1,0,,player.fcgi?id=turley000cam
Luke Waddell*,20,2019,Georgia Tech,58,288,233,57,75,12,2,2,34,7,2,45,22,0.322,0.436,0.416,0.852,97,,5,1,4,0,,player.fcgi?id=waddel000luk
Jackson Webb#,22,2019,Georgia Tech,47,163,125,26,39,5,2,1,19,13,2,28,28,0.312,0.437,0.408,0.845,51,,2,5,3,0,,player.fcgi?id=webb--004jac
Austin Wilhite,21,2019,Georgia Tech,60,265,218,43,58,11,2,1,32,12,1,36,62,0.266,0.369,0.349,0.717,76,,3,2,6,0,,player.fcgi?id=wilhit000aus
Nick Wilhite*,21,2019,Georgia Tech,62,258,209,39,65,7,1,2,41,8,4,40,42,0.311,0.427,0.383,0.81,80,,3,5,1,0,,player.fcgi?id=wilhit000nic
Billy Zinnershine*,19,2019,Georgia Tech,3,2,1,0,0,0,0,0,0,0,0,1,0,0,0.5,0,0.5,0,,0,0,0,0,,player.fcgi?id=zinner000bil
Charlie Benson#,20,2020,Georgia Tech,10,11,10,1,0,0,0,0,0,0,0,1,3,0,0.091,0,0.091,0,,0,0,0,0,,player.fcgi?id=benson003cha
Drew Compton#,19,2020,Georgia Tech,16,69,56,12,18,4,1,3,12,0,0,11,23,0.321,0.42,0.589,1.01,33,,0,0,2,0,,player.fcgi?id=compto000dre
Will Coquillard*,18,2020,Georgia Tech,3,1,1,0,0,0,0,0,0,0,0,0,1,0,0,0,0,0,,0,0,0,0,,player.fcgi?id=coquil000wil
Jackson Finley,19,2020,Georgia Tech,8,3,2,1,0,0,0,0,0,0,0,0,2,0,0.333,0,0.333,0,,1,0,0,0,,player.fcgi?id=finley002jac
John Giesler,20,2020,Georgia Tech,3,4,4,0,1,0,0,0,0,0,0,0,2,0.25,0.25,0.25,0.5,1,,0,0,0,0,,player.fcgi?id=giesle000joh
Tres Gonzalez*,19,2020,Georgia Tech,13,22,19,4,7,2,0,0,3,0,0,2,5,0.368,0.455,0.474,0.928,9,,1,0,0,0,,player.fcgi?id=gonzal008edu
Michael Guldberg,21,2020,Georgia Tech,16,72,60,15,27,5,0,0,9,3,0,5,3,0.45,0.521,0.533,1.054,32,,5,1,1,0,,player.fcgi?id=guldbe000mic
Colin Hall*,21,2020,Georgia Tech,16,70,57,10,13,5,1,1,10,0,0,8,17,0.228,0.314,0.404,0.718,23,,1,0,4,0,,player.fcgi?id=hall--001col
Jake Holland,19,2020,Georgia Tech,15,43,38,2,6,3,0,0,3,0,0,3,19,0.158,0.233,0.237,0.469,9,,1,0,1,0,,player.fcgi?id=hollan000jak
Jadyn Jackson,19,2020,Georgia Tech,11,26,21,3,5,1,0,0,4,0,0,4,10,0.238,0.36,0.286,0.646,6,,0,1,0,0,,player.fcgi?id=jackso000jad
Andrew Jenkins,19,2020,Georgia Tech,4,13,11,1,4,1,0,0,1,0,0,0,3,0.364,0.385,0.455,0.839,5,,1,0,1,0,,player.fcgi?id=jenkin002and
Baron Radcliff*,21,2020,Georgia Tech,16,71,58,11,15,4,2,3,17,0,0,13,23,0.259,0.394,0.552,0.946,32,,0,0,0,3,,player.fcgi?id=radcli000bar
Stephen Reid,19,2020,Georgia Tech,15,50,44,8,12,1,0,5,10,0,0,4,17,0.273,0.34,0.636,0.976,28,,1,0,1,0,,player.fcgi?id=reid--002ste
Paxton Rigby*,22,2020,Georgia Tech,7,6,4,0,0,0,0,0,1,0,0,2,2,0,0.333,0,0.333,0,,0,0,0,0,,player.fcgi?id=rigby-000pax
Jamie Taylor,21,2020,Georgia Tech,8,5,4,0,1,0,0,0,0,0,0,1,2,0.25,0.4,0.25,0.65,1,,0,0,0,0,,player.fcgi?id=taylor018jam
Cameron Turley,21,2020,Georgia Tech,10,10,6,2,2,0,0,0,2,0,0,4,2,0.333,0.6,0.333,0.933,2,,0,0,0,0,,player.fcgi?id=turley000cam
Luke Waddell*,21,2020,Georgia Tech,16,74,60,14,18,2,1,1,9,2,0,7,7,0.3,0.419,0.417,0.836,25,,6,0,1,0,,player.fcgi?id=waddel000luk
Jackson Webb#,23,2020,Georgia Tech,16,64,48,8,12,5,0,0,6,3,2,12,13,0.25,0.381,0.354,0.735,17,,0,1,3,2,,player.fcgi?id=webb--004jac
Austin Wilhite,22,2020,Georgia Tech,15,40,35,10,8,2,0,1,3,0,0,5,11,0.229,0.325,0.371,0.696,13,,0,0,0,0,,player.fcgi?id=wilhit000aus
John Anderson,19,2021,Georgia Tech,18,53,47,9,13,1,0,4,10,0,0,4,16,0.277,0.321,0.553,0.874,26,,0,0,2,0,,player.fcgi?id=anders030joh
Charlie Benson#,21,2021,Georgia Tech,7,4,4,3,1,1,0,0,2,0,0,0,2,0.25,0.25,0.5,0.75,2,,0,0,0,0,,player.fcgi?id=benson003cha
Drew Compton#,20,2021,Georgia Tech,53,219,187,41,55,10,1,13,37,0,0,27,57,0.294,0.393,0.567,0.96,106,,4,0,1,1,,player.fcgi?id=compto000dre
Jake DeLeo,20,2021,Georgia Tech,54,199,181,26,46,8,1,2,22,5,1,14,39,0.254,0.308,0.343,0.651,62,,1,1,2,0,,player.fcgi?id=deleo-000jak
Tres Gonzalez*,20,2021,Georgia Tech,56,259,204,39,57,16,1,3,27,5,1,44,42,0.279,0.422,0.412,0.834,84,,7,3,1,1,,player.fcgi?id=gonzal008edu
Brad Grenkoski,20,2021,Georgia Tech,30,60,53,6,14,2,0,2,10,2,0,4,18,0.264,0.333,0.415,0.748,22,,2,0,1,0,,player.fcgi?id=grenko000bra
Colin Hall*,22,2021,Georgia Tech,20,83,70,13,16,2,2,0,8,1,0,12,15,0.229,0.337,0.314,0.652,22,,0,0,1,0,,player.fcgi?id=hall--001col
Jake Holland,20,2021,Georgia Tech,15,42,38,4,6,1,1,1,6,0,0,4,17,0.158,0.238,0.316,0.554,12,,0,0,0,0,,player.fcgi?id=hollan000jak
Jadyn Jackson,20,2021,Georgia Tech,15,13,12,2,2,0,0,0,1,0,0,1,5,0.167,0.231,0.167,0.397,2,,0,0,0,0,,player.fcgi?id=jackso000jad
Andrew Jenkins,20,2021,Georgia Tech,45,186,159,32,48,12,1,9,34,2,1,10,46,0.302,0.382,0.56,0.941,89,,13,0,4,0,,player.fcgi?id=jenkin002and
Tervell Johnson,18,2021,Georgia Tech,3,3,2,0,1,0,0,0,0,0,0,1,1,0.5,0.667,0.5,1.167,1,,0,0,0,0,,player.fcgi?id=johnso007ter
Justyn-Henry Malloy,21,2021,Georgia Tech,56,259,208,53,64,17,1,11,43,4,1,46,40,0.308,0.436,0.558,0.994,116,,3,0,2,0,,player.fcgi?id=malloy000jus
Kevin Parada,19,2021,Georgia Tech,52,243,220,42,70,20,2,9,42,1,1,17,41,0.318,0.379,0.55,0.929,121,,5,0,1,0,,player.fcgi?id=parada000kev
Stephen Reid,20,2021,Georgia Tech,49,214,198,29,52,11,0,9,42,0,0,13,60,0.263,0.304,0.455,0.758,90,,0,0,3,0,,player.fcgi?id=reid--002ste
Dylan Strickland,19,2021,Georgia Tech,1,1,0,1,0,0,0,0,1,0,0,1,0,,1,,,0,,0,0,0,0,,player.fcgi?id=strick000dyl
Jamie Taylor,22,2021,Georgia Tech,5,5,4,0,2,0,1,0,1,0,0,1,0,0.5,0.6,1,1.6,4,,0,0,0,0,,player.fcgi?id=taylor018jam
Hank Thomas*,19,2021,Georgia Tech,10,11,11,1,2,1,0,0,1,0,0,0,5,0.182,0.182,0.273,0.455,3,,0,0,0,0,,player.fcgi?id=thomas000han
Cameron Turley,22,2021,Georgia Tech,12,18,13,3,4,2,0,0,2,0,0,2,4,0.308,0.438,0.462,0.899,6,,1,2,0,0,,player.fcgi?id=turley000cam
Luke Waddell*,22,2021,Georgia Tech,56,277,230,41,71,12,1,8,33,5,3,30,16,0.309,0.402,0.474,0.876,109,,10,1,6,0,,player.fcgi?id=waddel000luk
Austin Wilhite,23,2021,Georgia Tech,54,201,169,30,42,11,0,2,19,5,3,22,56,0.249,0.357,0.349,0.706,59,,7,2,1,0,,player.fcgi?id=wilhit000aus
John Anderson,20,2022,Georgia Tech,27,73,59,15,11,5,0,1,8,0,0,13,27,0.186,0.342,0.322,0.664,19,1,1,0,0,0,,player.fcgi?id=anders030joh
Tim Borden,22,2022,Georgia Tech,59,264,206,64,69,13,0,20,63,2,1,28,64,0.335,0.466,0.689,1.155,142,3,25,2,3,0,,player.fcgi?id=borden000tim
Drew Compton#,21,2022,Georgia Tech,60,278,233,44,64,10,2,14,58,0,0,34,46,0.275,0.378,0.515,0.893,120,5,7,0,4,3,,player.fcgi?id=compto000dre
Jake DeLeo,21,2022,Georgia Tech,30,90,77,19,22,9,2,2,19,2,2,7,17,0.286,0.348,0.532,0.881,41,2,2,1,3,0,,player.fcgi?id=deleo-000jak
Jackson Finley,21,2022,Georgia Tech,13,12,11,4,3,2,1,0,3,0,0,1,7,0.273,0.333,0.636,0.97,7,0,0,0,0,0,,player.fcgi?id=finley002jac
Bradley Frye,19,2022,Georgia Tech,12,18,14,4,6,0,0,0,5,0,0,3,2,0.429,0.529,0.429,0.958,6,0,0,1,0,0,,player.fcgi?id=frye--000bra
John Giesler,22,2022,Georgia Tech,22,40,31,6,10,1,0,1,8,0,0,5,11,0.323,0.45,0.452,0.902,14,1,3,0,1,0,,player.fcgi?id=giesle000joh
Tres Gonzalez*,21,2022,Georgia Tech,60,290,230,57,78,14,1,5,57,6,2,45,27,0.339,0.458,0.474,0.932,109,2,9,2,4,1,,player.fcgi?id=gonzal008edu
Colin Hall*,23,2022,Georgia Tech,60,273,230,52,61,8,5,9,37,9,1,37,58,0.265,0.366,0.461,0.827,106,4,2,0,4,0,,player.fcgi?id=hall--001col
Tyler Hare*,19,2022,Georgia Tech,9,8,6,2,2,1,0,0,2,0,0,2,3,0.333,0.5,0.5,1,3,1,0,0,0,0,,player.fcgi?id=hare--000tyl
Jadyn Jackson,21,2022,Georgia Tech,41,126,115,19,29,5,2,0,7,0,0,11,28,0.252,0.317,0.33,0.648,38,5,0,0,0,0,,player.fcgi?id=jackso000jad
Andrew Jenkins,21,2022,Georgia Tech,60,293,252,71,96,22,1,17,70,5,1,21,64,0.381,0.44,0.679,1.119,171,3,12,0,8,3,,player.fcgi?id=jenkin002and
Jett Lovett*,19,2022,Georgia Tech,10,7,7,1,1,0,0,1,2,0,0,0,6,0.143,0.143,0.571,0.714,4,0,0,0,0,0,,player.fcgi?id=lovett000jet
Cole McNamee,24,2022,Georgia Tech,22,4,4,0,1,0,0,0,0,0,0,0,1,0.25,0.25,0.25,0.5,1,0,0,0,0,0,,player.fcgi?id=mcname000col
Kevin Parada,20,2022,Georgia Tech,60,305,258,79,93,10,1,26,88,11,1,30,32,0.36,0.452,0.709,1.162,183,4,15,0,2,4,,player.fcgi?id=parada000kev
Brandon Prince,21,2022,Georgia Tech,23,16,14,6,2,0,0,0,0,3,0,2,2,0.143,0.25,0.143,0.393,2,0,0,0,0,0,,player.fcgi?id=prince001bra
Stephen Reid,21,2022,Georgia Tech,55,237,216,45,72,8,0,16,63,1,0,19,63,0.333,0.388,0.593,0.981,128,3,1,0,1,0,,player.fcgi?id=reid--002ste
Nick Romano#,19,2022,Georgia Tech,24,26,24,3,7,1,0,2,6,0,0,1,3,0.292,0.346,0.583,0.929,14,3,1,0,0,0,,player.fcgi?id=romano001nic
Jack Rubenstein,23,2022,Georgia Tech,27,56,45,9,15,3,0,0,7,0,0,5,11,0.333,0.446,0.4,0.846,18,0,5,0,1,0,,player.fcgi?id=rubens000jac
Chandler Simpson*,21,2022,Georgia Tech,47,241,203,64,88,8,3,1,25,27,4,31,16,0.433,0.506,0.517,1.024,105,0,2,2,3,0,,player.fcgi?id=simpso006cha
Brant Baughcum,19,2023,Georgia Tech,14,24,16,7,2,1,0,0,4,0,0,2,3,0.125,0.375,0.188,0.563,3,0,5,0,1,0,,player.fcgi?id=baughc000bra
Parker Brosius,19,2023,Georgia Tech,30,13,11,7,2,0,0,0,1,1,0,2,2,0.182,0.308,0.182,0.49,2,0,0,0,0,0,,player.fcgi?id=brosiu000par
Kristian Campbell,21,2023,Georgia Tech,45,217,173,50,65,16,1,4,24,4,2,29,17,0.376,0.484,0.549,1.033,95,5,11,0,4,1,,player.fcgi?id=campbe000kri
Drew Compton#,22,2023,Georgia Tech,36,156,134,28,41,11,2,6,42,0,1,14,20,0.306,0.397,0.552,0.95,74,4,7,0,1,0,,player.fcgi?id=compto000dre
Jake DeLeo,22,2023,Georgia Tech,57,283,249,60,91,23,3,14,52,8,3,23,48,0.365,0.426,0.651,1.076,162,2,6,1,4,1,,player.fcgi?id=deleo-000jak
Demitri Diamant,19,2023,Georgia Tech,24,28,22,2,3,1,0,0,7,0,0,2,3,0.136,0.214,0.182,0.396,4,0,1,0,3,0,,player.fcgi?id=diaman000dem
Angelo DiSpigna*,23,2023,Georgia Tech,57,273,219,60,86,12,0,16,58,8,2,46,52,0.393,0.509,0.667,1.176,146,1,7,0,1,1,,player.fcgi?id=dispig000ang
Jackson Finley,22,2023,Georgia Tech,54,224,198,47,65,17,0,17,61,1,1,20,79,0.328,0.397,0.672,1.069,133,1,4,0,2,2,,player.fcgi?id=finley002jac
John Giesler,23,2023,Georgia Tech,47,187,156,34,52,13,2,8,37,3,0,23,28,0.333,0.422,0.596,1.019,93,3,4,0,4,1,,player.fcgi?id=giesle000joh
Tyler Hare*,20,2023,Georgia Tech,11,13,7,4,0,0,0,0,1,1,0,5,5,0,0.462,0,0.462,0,0,1,0,0,0,,player.fcgi?id=hare--000tyl
Jadyn Jackson,22,2023,Georgia Tech,46,177,159,22,47,9,0,0,19,1,1,15,33,0.296,0.352,0.352,0.704,56,6,0,1,2,0,,player.fcgi?id=jackso000jad
Jett Lovett*,20,2023,Georgia Tech,21,36,27,8,8,2,0,0,3,0,0,7,6,0.296,0.444,0.37,0.815,10,1,1,0,1,0,,player.fcgi?id=lovett000jet
Tyler Minnick,18,2023,Georgia Tech,27,95,80,15,21,6,0,2,14,0,0,9,23,0.263,0.352,0.413,0.764,33,1,2,4,0,0,,player.fcgi?id=minnic001tyl
Brandon Prince,22,2023,Georgia Tech,25,20,17,6,6,1,1,0,4,1,1,2,2,0.353,0.45,0.529,0.979,9,0,1,0,0,0,,player.fcgi?id=prince001bra
Stephen Reid,22,2023,Georgia Tech,57,265,224,54,76,13,2,15,51,0,0,29,53,0.339,0.426,0.616,1.042,138,6,8,0,4,0,,player.fcgi?id=reid--002ste
Nick Romano#,20,2023,Georgia Tech,44,146,123,24,30,6,0,2,21,0,0,17,38,0.244,0.345,0.341,0.686,42,2,3,1,2,1,,player.fcgi?id=romano001nic
Jack Rubenstein,24,2023,Georgia Tech,48,203,171,30,48,9,3,5,27,0,0,13,31,0.281,0.384,0.456,0.84,78,4,17,0,2,0,,player.fcgi?id=rubens000jac
Carsten Sabathia,19,2023,Georgia Tech,8,11,9,3,2,0,0,1,3,0,0,2,6,0.222,0.364,0.556,0.919,5,0,0,0,0,0,,player.fcgi?id=sabath002car
Nico Senese,18,2023,Georgia Tech,23,57,45,9,14,2,1,0,5,1,0,9,12,0.311,0.446,0.4,0.846,18,1,2,1,0,0,,player.fcgi?id=senese000nic
Nathan Smith,20,2023,Georgia Tech,7,8,7,1,2,0,0,0,2,0,0,1,3,0.286,0.375,0.286,0.661,2,0,0,0,0,0,,player.fcgi?id=smith-016nat
Riley Stanford,20,2023,Georgia Tech,2,5,5,1,1,0,0,0,0,0,0,0,4,0.2,0.2,0.2,0.4,1,0,0,0,0,0,,player.fcgi?id=stanfo000ril
Mike Becchetti,22,2024,Georgia Tech,54,212,178,35,53,8,0,9,39,1,0,30,43,0.298,0.403,0.494,0.897,88,4,2,1,1,0,,player.fcgi?id=becche000mik
Parker Brosius,20,2024,Georgia Tech,46,150,114,31,34,7,1,2,28,9,0,25,20,0.298,0.442,0.43,0.872,49,0,6,3,2,1,,player.fcgi?id=brosiu000par
Drew Burress,19,2024,Georgia Tech,58,285,218,73,83,15,3,25,67,8,2,58,37,0.381,0.512,0.821,1.333,179,6,5,0,4,7,,player.fcgi?id=burres000dre
Demitri Diamant,20,2024,Georgia Tech,18,22,18,4,3,1,0,1,2,0,0,3,4,0.167,0.318,0.389,0.707,7,1,1,0,0,0,,player.fcgi?id=diaman000dem
Matthew Ellis*,23,2024,Georgia Tech,58,272,216,51,67,12,0,16,60,0,0,49,44,0.31,0.438,0.588,1.025,127,9,3,0,4,3,,player.fcgi?id=ellis-002mat
John Giesler,24,2024,Georgia Tech,41,182,156,34,44,17,1,10,43,0,0,20,37,0.282,0.379,0.596,0.975,93,8,5,0,1,0,,player.fcgi?id=giesle000joh
Michael Graziano,19,2024,Georgia Tech,9,11,8,2,2,0,0,0,2,0,0,3,3,0.25,0.455,0.25,0.705,2,0,0,0,0,0,,player.fcgi?id=grazia002mic
Payton Green,21,2024,Georgia Tech,55,247,201,51,62,14,2,12,42,8,0,30,37,0.308,0.407,0.577,0.984,116,1,6,6,4,0,,player.fcgi?id=green-000pay
Ryan Jaros,19,2024,Georgia Tech,26,47,35,9,12,4,0,1,8,0,0,10,11,0.343,0.511,0.543,1.053,19,0,2,0,0,0,,player.fcgi?id=jaros-000rya
Aidan Jolley,20,2024,Georgia Tech,4,3,2,1,0,0,0,0,1,0,0,1,0,0,0.333,0,0.333,0,0,0,0,0,0,,player.fcgi?id=jolley000aid
Cam Jones,23,2024,Georgia Tech,58,269,226,46,72,13,0,5,34,30,1,40,36,0.319,0.422,0.442,0.864,100,4,1,1,1,0,,player.fcgi?id=jones-002cam
Carson Kerce,19,2024,Georgia Tech,50,164,131,27,37,5,0,2,25,2,0,21,36,0.282,0.392,0.366,0.759,48,4,4,6,2,0,,player.fcgi?id=kerce-000car
Vahn Lackey,18,2024,Georgia Tech,36,103,84,14,18,2,0,4,15,1,0,12,18,0.214,0.33,0.381,0.711,32,4,3,3,1,0,,player.fcgi?id=lackey000vah
Jett Lovett*,21,2024,Georgia Tech,16,14,11,2,3,1,0,0,2,0,0,3,4,0.273,0.429,0.364,0.792,4,0,0,0,0,0,,player.fcgi?id=lovett000jet
Tyler Minnick,19,2024,Georgia Tech,16,18,16,2,3,0,0,0,3,0,0,2,7,0.188,0.278,0.188,0.465,3,0,0,0,0,0,,player.fcgi?id=minnic001tyl
Carsten Sabathia,20,2024,Georgia Tech,11,9,7,1,1,0,0,0,3,0,0,1,4,0.143,0.222,0.143,0.365,1,0,0,0,1,0,,player.fcgi?id=sabath002car
Riley Stanford,21,2024,Georgia Tech,21,2,2,0,0,0,0,0,0,0,0,0,1,0,0,0,0,0,0,0,0,0,0,,player.fcgi?id=stanfo000ril
Neises Tyler?,--,2024,Georgia Tech,10,8,7,0,1,0,0,0,1,0,0,1,4,0.143,0.25,0.143,0.393,1,0,0,0,0,0,,player.fcgi?id=tyler-000nei
Trey Yunger,23,2024,Georgia Tech,53,240,211,50,70,8,0,5,29,12,1,25,31,0.332,0.401,0.441,0.842,93,2,0,3,1,0,,player.fcgi?id=yunger000tre
Bobby Zmarzlak,23,2024,Georgia Tech,48,163,127,28,35,10,0,3,29,2,0,26,38,0.276,0.429,0.425,0.855,54,4,9,0,1,0,,player.fcgi?id=zmarzl000rob
Will Baker*,20,2025,Georgia Tech,44,117,99,19,26,5,0,6,26,0,1,12,23,0.263,0.336,0.495,0.831,49,2,0,4,2,0,,player.fcgi?id=baker-020wil
Parker Brosius,21,2025,Georgia Tech,55,163,124,31,29,6,1,1,20,14,1,23,35,0.234,0.376,0.323,0.698,40,1,7,6,3,0,,player.fcgi?id=brosiu000par
Drew Burress,20,2025,Georgia Tech,60,290,228,77,76,23,1,19,62,10,1,53,42,0.333,0.469,0.693,1.162,158,0,7,0,2,3,,player.fcgi?id=burres000dre
Nathanael Coupet,20,2025,Georgia Tech,14,20,15,4,4,0,0,1,8,0,0,2,7,0.267,0.4,0.467,0.867,7,1,2,0,1,0,,player.fcgi?id=coupet000nat
Caleb Daniel*,19,2025,Georgia Tech,55,237,205,51,64,15,2,7,32,4,0,24,46,0.312,0.397,0.507,0.904,104,2,6,0,2,0,,player.fcgi?id=daniel002cal
Joshua Evans#,19,2025,Georgia Tech,16,0,0,2,0,0,0,0,0,0,0,0,0,,,,,0,0,0,0,0,0,,player.fcgi?id=evans-010jos
John Giesler,25,2025,Georgia Tech,34,98,85,18,22,4,0,2,16,0,0,11,26,0.259,0.347,0.376,0.723,32,2,1,0,1,0,,player.fcgi?id=giesle000joh
Alex Hernandez,19,2025,Georgia Tech,59,270,230,47,77,11,2,16,69,5,1,32,49,0.335,0.415,0.609,1.024,140,9,3,0,5,0,,player.fcgi?id=hernan036ale
Carson Kerce,20,2025,Georgia Tech,60,244,198,48,62,20,0,4,40,6,3,32,37,0.313,0.411,0.475,0.886,94,3,5,3,6,0,,player.fcgi?id=kerce-000car
Vahn Lackey,19,2025,Georgia Tech,60,266,222,45,77,14,1,6,42,18,3,25,38,0.347,0.421,0.5,0.921,111,7,8,5,6,0,,player.fcgi?id=lackey000vah
Kyle Lodise,21,2025,Georgia Tech,55,266,219,68,72,20,3,16,61,13,0,34,47,0.329,0.429,0.667,1.095,146,3,8,0,5,0,,player.fcgi?id=lodise000kyl
Adam McKelvey*,19,2025,Georgia Tech,5,1,1,0,1,1,0,0,0,0,0,0,0,1,1,2,3,2,0,0,0,0,0,,player.fcgi?id=mckelv000ada
Cooper McMullen,20,2025,Georgia Tech,11,0,0,1,0,0,0,0,0,0,0,0,0,,,,,0,0,0,0,0,0,,player.fcgi?id=mcmull000coo
Tyler Neises*,20,2025,Georgia Tech,34,107,88,16,24,5,1,1,15,4,0,16,20,0.273,0.393,0.386,0.779,34,3,2,0,1,0,,player.fcgi?id=neises000tyl
Drew Rogers,19,2025,Georgia Tech,30,92,67,13,18,3,1,6,18,0,0,14,33,0.269,0.427,0.612,1.039,41,0,6,3,2,0,,player.fcgi?id=rogers004dre
Kent Schmidt*,20,2025,Georgia Tech,40,183,156,39,62,16,0,5,43,4,0,17,22,0.397,0.464,0.596,1.061,93,3,6,0,4,1,,player.fcgi?id=schmid000ken
Connor Shouse,20,2025,Georgia Tech,26,45,34,15,9,4,0,2,8,3,0,6,5,0.265,0.432,0.559,0.991,19,0,4,1,0,0,,player.fcgi?id=shouse000con
Nathan Waugh,22,2025,Georgia Tech,22,49,38,12,9,2,0,1,7,0,1,10,12,0.237,0.408,0.368,0.777,14,2,1,0,0,0,,player.fcgi?id=waugh-000nat
Matt Berezo#,19,2011,Duke,29,57,56,6,16,0,1,0,4,1,2,1,10,0.286,0.298,0.321,0.62,18,,0,0,0,,,player.fcgi?id=berezo000mat
Jordan Betts,19,2011,Duke,56,242,216,26,55,12,1,1,32,3,3,18,46,0.255,0.322,0.333,0.656,72,,5,0,3,,,player.fcgi?id=betts-000jor
Aaron Cohn?,--,2011,Duke,9,19,19,1,3,1,0,0,4,1,0,0,7,0.158,0.158,0.211,0.368,4,,0,0,0,,,player.fcgi?id=cohn--000aar
Anthony D'Alessandro?,--,2011,Duke,50,197,165,22,50,5,1,1,26,8,1,19,54,0.303,0.383,0.364,0.747,60,,3,9,1,,,player.fcgi?id=daless000ant
Ben Grisz,21,2011,Duke,23,1,1,0,0,0,0,0,0,0,0,0,0,0,0,0,0,0,,0,0,0,,,player.fcgi?id=grisz-000ben
Jeff Kremer*,20,2011,Duke,56,250,199,37,69,14,1,1,19,3,2,40,28,0.347,0.462,0.442,0.904,88,,6,1,4,,,player.fcgi?id=kremer000jef
Angelo La Bruna,19,2011,Duke,56,211,187,24,45,6,1,0,25,7,1,15,24,0.241,0.301,0.283,0.585,53,,3,2,4,,,player.fcgi?id=labrun000ang
Brian Litwin,21,2011,Duke,23,38,33,2,2,0,1,0,3,1,1,2,13,0.061,0.162,0.121,0.283,4,,2,1,0,,,player.fcgi?id=litwin001bri
Chris Marconcini*,19,2011,Duke,55,242,206,41,60,15,6,4,39,8,0,23,39,0.291,0.397,0.481,0.877,99,,13,0,0,,,player.fcgi?id=marcon000chr
Al Morris?,--,2011,Duke,5,5,5,1,3,0,0,0,0,0,0,0,1,0.6,0.6,0.6,1.2,3,,0,0,0,,,player.fcgi?id=morris001al-
Ryan Munger,20,2011,Duke,24,66,56,3,10,2,0,0,3,0,0,5,23,0.179,0.246,0.214,0.46,12,,0,5,0,,,player.fcgi?id=munger000rya
Dennis O'Grady,22,2011,Duke,51,143,120,24,33,7,1,0,20,8,1,12,18,0.275,0.36,0.35,0.71,42,,5,4,2,,,player.fcgi?id=ogrady000den
Joe Pedevillano?,--,2011,Duke,46,86,69,17,19,4,2,0,9,7,1,9,22,0.275,0.373,0.391,0.765,27,,3,3,2,,,player.fcgi?id=pedevi000joe
David Perkins?,--,2011,Duke,46,153,135,25,39,6,0,1,16,2,6,10,32,0.289,0.351,0.356,0.707,48,,4,2,2,,,player.fcgi?id=perkin003dav
Will Piwnica-Worms,21,2011,Duke,54,228,197,32,52,15,2,2,31,21,2,13,40,0.264,0.333,0.391,0.724,77,,11,0,7,,,player.fcgi?id=piwnic002wil
Mike Rosenfeld,19,2011,Duke,19,47,39,2,8,1,0,0,2,1,0,4,15,0.205,0.295,0.231,0.526,9,,1,3,0,,,player.fcgi?id=rosenf000mik
Marcus Stroman,20,2011,Duke,50,137,120,19,30,9,2,0,15,12,3,11,23,0.25,0.321,0.358,0.679,43,,2,3,1,,,player.fcgi?id=stroma001mar
Mark Tatera*,19,2011,Duke,28,54,39,5,8,2,0,0,7,1,0,8,6,0.205,0.392,0.256,0.649,10,,4,3,0,,,player.fcgi?id=tatera000mar
Reed Anthes?,--,2012,Duke,14,25,24,2,4,0,0,0,2,0,0,0,7,0.167,0.16,0.167,0.327,4,,0,0,1,0,,player.fcgi?id=anthes000ree
Matt Berezo#,20,2012,Duke,24,101,89,14,25,5,2,0,7,4,0,11,17,0.281,0.36,0.382,0.742,34,,0,1,0,0,,player.fcgi?id=berezo000mat
Jordan Betts,20,2012,Duke,55,233,207,36,49,19,2,4,19,5,0,22,41,0.237,0.305,0.406,0.711,84,,0,0,4,1,,player.fcgi?id=betts-000jor
Aaron Cohn?,--,2012,Duke,7,30,25,3,4,0,0,0,0,0,0,4,9,0.16,0.276,0.16,0.436,4,,0,1,0,0,,player.fcgi?id=cohn--000aar
Anthony D'Alessandro?,--,2012,Duke,38,102,90,14,21,4,0,0,6,4,2,7,34,0.233,0.31,0.278,0.588,25,,3,2,0,0,,player.fcgi?id=daless000ant
Andrew Istler,19,2012,Duke,49,155,138,12,40,7,1,0,13,4,3,15,16,0.29,0.361,0.355,0.716,49,,1,0,1,0,,player.fcgi?id=istler000and
Jeff Kremer*,21,2012,Duke,49,208,171,21,50,5,1,2,12,1,1,24,25,0.292,0.404,0.368,0.772,63,,10,0,3,1,,player.fcgi?id=kremer000jef
Angelo La Bruna,20,2012,Duke,51,199,169,17,35,3,0,0,21,7,4,17,18,0.207,0.284,0.225,0.508,38,,3,5,5,0,,player.fcgi?id=labrun000ang
Mark Lumpa*,20,2012,Duke,45,136,116,12,30,3,1,1,11,4,3,18,20,0.259,0.358,0.328,0.686,38,,0,2,0,0,,player.fcgi?id=lumpa-000mar
Grant McCabe?,--,2012,Duke,48,191,152,28,43,4,2,0,23,5,5,26,16,0.283,0.383,0.336,0.719,51,,0,11,2,0,,player.fcgi?id=mccabe000gra
Al Morris?,--,2012,Duke,3,4,4,0,1,0,0,0,0,0,0,0,0,0.25,0.25,0.25,0.5,1,,0,0,0,0,,player.fcgi?id=morris001al-
Ryan Munger,21,2012,Duke,18,44,38,4,4,1,0,1,2,0,0,4,16,0.105,0.209,0.211,0.42,8,,1,1,0,0,,player.fcgi?id=munger000rya
Sarkis Ohanian,18,2012,Duke,12,1,1,1,1,0,0,0,0,0,0,0,0,1,1,1,2,1,,0,0,0,0,,player.fcgi?id=ohania000sar
Andy Perez,19,2012,Duke,45,186,162,19,44,9,0,0,13,4,1,11,24,0.272,0.341,0.327,0.668,53,,7,4,2,0,,player.fcgi?id=perez-006and
David Perkins?,--,2012,Duke,28,89,83,7,17,5,0,1,13,1,0,5,18,0.205,0.247,0.301,0.548,25,,0,0,1,0,,player.fcgi?id=perkin003dav
Will Piwnica-Worms,22,2012,Duke,51,226,186,29,53,13,4,7,39,4,2,25,29,0.285,0.396,0.511,0.906,95,,11,1,3,2,,player.fcgi?id=piwnic002wil
Mike Rosenfeld,20,2012,Duke,49,195,170,21,53,10,3,3,31,7,1,15,50,0.312,0.376,0.459,0.835,78,,5,1,4,0,,player.fcgi?id=rosenf000mik
Marcus Stroman,21,2012,Duke,23,16,15,4,2,0,0,0,0,2,1,1,4,0.133,0.188,0.133,0.321,2,,0,0,0,0,,player.fcgi?id=stroma001mar
Reed Anthes?,--,2013,Duke,35,91,78,14,19,4,0,0,9,0,1,6,19,0.244,0.322,0.295,0.617,23,,4,1,2,0,,player.fcgi?id=anthes000ree
Matt Berezo#,21,2013,Duke,39,125,105,10,28,3,0,0,19,5,1,10,15,0.267,0.336,0.295,0.631,31,,2,6,2,1,,player.fcgi?id=berezo000mat
Jordan Betts,21,2013,Duke,55,242,217,34,61,18,1,7,48,0,0,18,46,0.281,0.336,0.47,0.806,102,,2,1,4,1,,player.fcgi?id=betts-000jor
Aaron Cohn?,--,2013,Duke,11,41,35,1,8,0,0,0,0,0,0,1,12,0.229,0.325,0.229,0.554,8,,4,1,0,0,,player.fcgi?id=cohn--000aar
Anthony D'Alessandro?,--,2013,Duke,31,79,61,12,11,3,3,0,2,1,2,17,27,0.18,0.367,0.328,0.695,20,,1,0,0,1,,player.fcgi?id=daless000ant
Andrew Istler,20,2013,Duke,35,55,48,3,7,0,0,1,5,0,1,4,13,0.146,0.222,0.208,0.431,10,,1,1,1,0,,player.fcgi?id=istler000and
Kenny Koplove,19,2013,Duke,47,172,153,23,44,7,0,1,23,2,1,7,25,0.288,0.317,0.353,0.67,54,,1,8,3,0,,player.fcgi?id=koplov000ken
Jeff Kremer*,22,2013,Duke,55,247,206,42,64,12,0,0,26,4,5,31,17,0.311,0.421,0.369,0.79,76,,9,0,1,0,,player.fcgi?id=kremer000jef
Angelo La Bruna,21,2013,Duke,29,68,55,9,11,5,0,0,7,0,1,5,9,0.2,0.318,0.291,0.609,16,,5,2,1,0,,player.fcgi?id=labrun000ang
Mark Lumpa*,21,2013,Duke,48,167,132,18,41,2,0,0,14,3,3,26,19,0.311,0.438,0.326,0.764,43,,4,5,0,0,,player.fcgi?id=lumpa-000mar
Grant McCabe?,--,2013,Duke,52,191,155,25,46,5,1,0,21,7,2,21,34,0.297,0.391,0.342,0.733,53,,5,7,3,0,,player.fcgi?id=mccabe000gra
Al Morris?,--,2013,Duke,9,9,7,1,2,0,0,0,2,0,0,1,1,0.286,0.333,0.286,0.619,2,,0,0,1,0,,player.fcgi?id=morris001al-
Ryan Munger,22,2013,Duke,25,79,71,7,16,2,1,0,9,0,0,6,24,0.225,0.304,0.282,0.585,20,,2,0,0,0,,player.fcgi?id=munger000rya
Andy Perez,20,2013,Duke,53,241,212,40,67,8,5,4,25,18,5,17,22,0.316,0.381,0.458,0.838,97,,7,2,3,0,,player.fcgi?id=perez-006and
David Perkins?,--,2013,Duke,25,39,35,5,7,3,1,0,5,2,0,2,10,0.2,0.256,0.343,0.599,12,,1,0,1,0,,player.fcgi?id=perkin003dav
Jalen Phillips*,19,2013,Duke,12,14,12,2,1,0,0,0,0,0,0,2,6,0.083,0.214,0.083,0.298,1,,0,0,0,0,,player.fcgi?id=philli000jal
Mike Rosenfeld,21,2013,Duke,17,71,61,8,21,7,1,0,8,1,1,8,9,0.344,0.423,0.492,0.914,30,,1,0,1,1,,player.fcgi?id=rosenf000mik
Reed Anthes?,--,2014,Duke,17,43,36,5,5,0,0,0,2,0,0,6,10,0.139,0.262,0.139,0.401,5,,0,1,0,0,,player.fcgi?id=anthes000ree
Matt Berezo#,22,2014,Duke,47,172,151,23,48,4,1,1,16,4,3,12,20,0.318,0.373,0.377,0.75,57,,3,3,3,1,,player.fcgi?id=berezo000mat
Jordan Betts,22,2014,Duke,51,230,196,31,62,20,2,5,32,2,1,29,41,0.316,0.404,0.515,0.919,101,,1,2,2,4,,player.fcgi?id=betts-000jor
Aaron Cohn?,--,2014,Duke,50,215,190,29,52,17,1,3,25,7,6,17,27,0.274,0.352,0.421,0.773,80,,6,2,0,1,,player.fcgi?id=cohn--000aar
Anthony D'Alessandro?,--,2014,Duke,12,7,7,1,1,0,0,0,0,0,0,0,4,0.143,0.143,0.143,0.286,1,,0,0,0,0,,player.fcgi?id=daless000ant
Ryan Deitrich,23,2014,Duke,52,200,175,25,54,11,2,9,34,3,4,14,42,0.309,0.379,0.549,0.927,96,,7,2,2,0,,player.fcgi?id=deitri000rya
Kenny Koplove,20,2014,Duke,56,206,183,17,35,4,1,0,16,2,0,14,41,0.191,0.243,0.224,0.467,41,,0,4,5,0,,player.fcgi?id=koplov000ken
Mark Lumpa*,22,2014,Duke,57,254,192,48,53,7,4,1,19,0,2,52,37,0.276,0.44,0.37,0.81,71,,5,4,1,0,,player.fcgi?id=lumpa-000mar
Grant McCabe?,--,2014,Duke,42,129,111,14,27,1,0,0,9,1,1,17,19,0.243,0.344,0.252,0.596,28,,0,1,0,0,,player.fcgi?id=mccabe000gra
Cameron Neal?,--,2014,Duke,7,9,7,0,0,0,0,0,0,0,0,0,4,0,0.222,0,0.222,0,,2,0,0,0,,player.fcgi?id=neal--000cam
Andy Perez,21,2014,Duke,54,230,191,32,51,7,0,2,25,22,6,26,32,0.267,0.374,0.335,0.71,64,,8,3,2,0,,player.fcgi?id=perez-006and
David Perkins?,--,2014,Duke,32,65,53,5,12,0,1,2,8,3,1,6,12,0.226,0.302,0.377,0.679,20,,1,2,3,0,,player.fcgi?id=perkin003dav
Jalen Phillips*,20,2014,Duke,4,13,10,0,0,0,0,0,0,0,0,3,5,0,0.231,0,0.231,0,,0,0,0,0,,player.fcgi?id=philli000jal
Mike Rosenfeld,22,2014,Duke,54,241,194,28,52,4,3,1,28,7,4,32,42,0.268,0.396,0.335,0.731,65,,11,1,3,1,,player.fcgi?id=rosenf000mik
Drew Van Orden,22,2014,Duke,15,1,1,0,0,0,0,0,0,0,0,0,1,0,0,0,0,0,,0,0,0,0,,player.fcgi?id=vanord000dre
Reed Anthes?,--,2015,Duke,8,9,8,0,0,0,0,0,1,0,0,0,3,0,0,0,0,0,,0,1,0,0,,player.fcgi?id=anthes000ree
Justin Bellinger*,19,2015,Duke,46,180,154,18,35,6,2,1,22,0,1,22,63,0.227,0.333,0.312,0.645,48,,3,0,1,0,,player.fcgi?id=bellin000jus
Daniel Calabretta?,--,2015,Duke,10,5,4,2,1,0,0,0,0,0,0,1,1,0.25,0.4,0.25,0.65,1,,0,0,0,0,,player.fcgi?id=calabr002dan
Ryan Day,--,2015,Duke,27,15,12,3,4,3,0,0,2,0,1,2,1,0.333,0.4,0.583,0.983,7,,0,0,1,0,,player.fcgi?id=day---000rya
Evan Dougherty,19,2015,Duke,51,172,140,23,26,6,1,0,16,2,0,21,37,0.186,0.302,0.243,0.545,34,,5,0,6,0,,player.fcgi?id=doughe000eva
Kenny Koplove,21,2015,Duke,46,174,149,16,41,7,0,0,20,1,1,17,33,0.275,0.351,0.322,0.673,48,,2,3,3,0,,player.fcgi?id=koplov000ken
Jack Labosky,18,2015,Duke,43,113,98,17,26,3,0,0,9,2,0,9,23,0.265,0.339,0.296,0.635,29,,3,1,2,0,,player.fcgi?id=labosk000jac
Johnathan Lloyd?,--,2015,Duke,22,45,37,5,9,3,0,0,2,1,0,5,14,0.243,0.378,0.324,0.702,12,,3,0,0,0,,player.fcgi?id=lloyd-004joh
Grant McCabe?,--,2015,Duke,26,29,23,0,7,0,1,0,1,0,0,6,3,0.304,0.448,0.391,0.84,9,,0,0,0,0,,player.fcgi?id=mccabe000gra
Max Miller?,--,2015,Duke,46,157,128,21,34,2,0,0,10,5,3,20,17,0.266,0.37,0.281,0.651,36,,3,3,3,0,,player.fcgi?id=miller001max
Cameron Neal?,--,2015,Duke,26,42,33,6,7,2,0,0,1,3,0,4,13,0.212,0.333,0.273,0.606,9,,2,3,0,0,,player.fcgi?id=neal--000cam
Sarkis Ohanian,21,2015,Duke,26,1,0,1,0,0,0,0,0,0,0,1,0,,1,,,0,,0,0,0,0,,player.fcgi?id=ohania000sar
Andy Perez,22,2015,Duke,53,244,210,39,61,14,3,3,21,35,10,27,34,0.29,0.373,0.429,0.802,90,,3,0,4,1,,player.fcgi?id=perez-006and
Jalen Phillips*,21,2015,Duke,48,204,186,22,44,13,2,4,29,2,4,12,60,0.237,0.276,0.392,0.668,73,,0,1,5,0,,player.fcgi?id=philli000jal
Mike Rosenfeld,23,2015,Duke,51,205,162,36,45,10,0,2,27,10,1,32,32,0.278,0.411,0.377,0.787,61,,6,3,2,0,,player.fcgi?id=rosenf000mik
Michael Smiciklas*,--,2015,Duke,29,74,65,7,14,2,1,0,7,2,0,4,22,0.215,0.311,0.277,0.588,18,,5,0,0,0,,player.fcgi?id=smicik002mic
Peter Zyla*,19,2015,Duke,47,178,160,20,53,10,4,0,21,3,1,10,19,0.331,0.381,0.444,0.824,71,,4,2,2,1,,player.fcgi?id=zyla--000pet
Justin Bellinger*,20,2016,Duke,42,163,140,28,47,10,1,7,32,1,1,19,43,0.336,0.417,0.571,0.989,80,,2,0,2,1,,player.fcgi?id=bellin000jus
Daniel Calabretta?,--,2016,Duke,17,18,17,2,3,2,0,0,1,0,0,0,5,0.176,0.222,0.294,0.516,5,,1,0,0,0,,player.fcgi?id=calabr002dan
Griffin Conine*,18,2016,Duke,35,85,73,9,15,3,0,0,6,3,0,11,16,0.205,0.306,0.247,0.552,18,,0,0,1,0,,player.fcgi?id=conine000gri
Ryan Day,--,2016,Duke,43,78,69,7,14,4,0,0,5,0,1,9,16,0.203,0.295,0.261,0.556,18,,0,0,0,0,,player.fcgi?id=day---000rya
Evan Dougherty,20,2016,Duke,54,113,96,15,21,3,2,3,12,6,1,12,18,0.219,0.303,0.385,0.688,37,,0,4,1,0,,player.fcgi?id=doughe000eva
Jimmy Herron,19,2016,Duke,57,250,207,35,67,22,1,0,22,24,4,29,25,0.324,0.418,0.44,0.857,91,,8,1,5,0,,player.fcgi?id=herron000jim
Zack Kone,19,2016,Duke,56,233,213,24,58,5,1,1,16,5,5,12,34,0.272,0.319,0.319,0.638,68,,3,4,1,0,,player.fcgi?id=kone--000zac
Jack Labosky,19,2016,Duke,57,242,193,38,56,18,1,8,47,2,1,32,54,0.29,0.421,0.518,0.94,100,,14,0,3,1,,player.fcgi?id=labosk000jac
Johnathan Lloyd?,--,2016,Duke,1,1,1,0,0,0,0,0,0,0,0,0,0,0,0,0,0,0,,0,0,0,0,,player.fcgi?id=lloyd-004joh
Max Miller?,--,2016,Duke,57,223,194,20,45,7,0,0,10,10,1,16,23,0.232,0.296,0.268,0.564,52,,2,10,1,0,,player.fcgi?id=miller001max
Cameron Neal?,--,2016,Duke,4,4,4,0,0,0,0,0,0,0,0,0,1,0,0,0,0,0,,0,0,0,0,,player.fcgi?id=neal--000cam
Jalen Phillips*,22,2016,Duke,27,50,45,7,8,4,0,1,7,0,0,5,8,0.178,0.26,0.333,0.593,15,,0,0,0,1,,player.fcgi?id=philli000jal
Chris Proctor*,19,2016,Duke,50,197,171,27,48,1,2,0,17,0,4,16,27,0.281,0.351,0.31,0.661,53,,3,6,1,0,,player.fcgi?id=procto000chr
Michael Smiciklas*,--,2016,Duke,40,117,97,12,25,5,0,1,17,4,2,14,35,0.258,0.379,0.34,0.72,33,,5,1,0,0,,player.fcgi?id=smicik002mic
Kennie Taylor,19,2016,Duke,17,14,12,3,2,1,0,0,1,0,0,1,3,0.167,0.286,0.25,0.536,3,,1,0,0,0,,player.fcgi?id=taylor004ken
Peter Zyla*,20,2016,Duke,54,206,188,19,47,4,4,1,25,7,4,6,20,0.25,0.289,0.33,0.619,62,,6,2,4,1,,player.fcgi?id=zyla--000pet
Justin Bellinger*,21,2017,Duke,34,101,88,7,17,6,0,2,13,0,0,9,26,0.193,0.263,0.33,0.592,29,,0,2,2,0,,player.fcgi?id=bellin000jus
Daniel Calabretta?,--,2017,Duke,13,10,9,1,2,1,0,0,0,0,0,0,5,0.222,0.222,0.333,0.556,3,,0,1,0,0,,player.fcgi?id=calabr002dan
Chase Cheek*,19,2017,Duke,35,47,42,6,8,2,0,0,1,2,1,4,17,0.19,0.261,0.238,0.499,10,,0,1,0,0,,player.fcgi?id=cheek-000cha
Griffin Conine*,19,2017,Duke,58,268,218,52,65,11,2,13,56,9,0,41,45,0.298,0.425,0.546,0.971,119,,8,0,1,2,,player.fcgi?id=conine000gri
Ryan Day,--,2017,Duke,19,13,12,1,1,0,0,0,0,1,1,1,4,0.083,0.154,0.083,0.237,1,,0,0,0,0,,player.fcgi?id=day---000rya
Chris Dutra,18,2017,Duke,29,52,48,7,11,1,0,0,5,0,0,3,17,0.229,0.288,0.25,0.538,12,,1,0,0,0,,player.fcgi?id=dutra-000chr
Jimmy Herron,20,2017,Duke,58,273,230,53,75,17,1,5,39,17,7,29,34,0.326,0.412,0.474,0.886,109,,8,1,5,0,,player.fcgi?id=herron000jim
Zack Kone,20,2017,Duke,57,259,234,46,68,10,0,2,28,12,6,16,34,0.291,0.345,0.359,0.704,84,,5,1,3,0,,player.fcgi?id=kone--000zac
Jack Labosky,20,2017,Duke,57,258,207,33,57,17,2,6,43,0,0,37,62,0.275,0.399,0.464,0.863,96,,9,0,5,0,,player.fcgi?id=labosk000jac
James McGhee*,21,2017,Duke,1,1,0,0,0,0,0,0,0,0,0,1,0,,1,,,0,,0,0,0,0,,player.fcgi?id=mcghee002jam
Matt Mervis*,19,2017,Duke,25,8,6,3,2,2,0,0,1,1,0,2,1,0.333,0.5,0.667,1.167,4,,0,0,0,0,,player.fcgi?id=mervis000mat
Max Miller?,--,2017,Duke,58,241,194,37,46,7,1,1,23,12,2,30,26,0.237,0.363,0.299,0.662,58,,10,4,3,0,,player.fcgi?id=miller001max
Erikson Nichols,19,2017,Duke,39,92,85,12,20,5,0,0,9,2,0,3,27,0.235,0.256,0.294,0.55,25,,0,2,2,0,,player.fcgi?id=nichol000eri
Jalen Phillips*,23,2017,Duke,40,104,90,11,17,5,1,3,13,1,2,10,27,0.189,0.282,0.367,0.648,33,,2,1,1,0,,player.fcgi?id=philli000jal
Chris Proctor*,20,2017,Duke,45,171,149,24,38,4,2,0,21,3,0,12,26,0.255,0.305,0.309,0.614,46,,1,4,5,0,,player.fcgi?id=procto000chr
Michael Smiciklas*,--,2017,Duke,47,169,149,24,45,11,0,3,29,2,0,12,24,0.302,0.385,0.436,0.821,65,,8,0,0,0,,player.fcgi?id=smicik002mic
Kennie Taylor,20,2017,Duke,45,155,137,31,43,12,2,3,22,4,1,9,20,0.314,0.383,0.496,0.879,68,,7,1,1,0,,player.fcgi?id=taylor004ken
Aaron Therien#,20,2017,Duke,2,2,1,0,0,0,0,0,0,0,0,1,0,0,0.5,0,0.5,0,,0,0,0,0,,player.fcgi?id=therie000aar
Peter Zyla*,21,2017,Duke,38,90,79,9,21,9,0,0,9,2,1,7,16,0.266,0.333,0.38,0.713,30,,2,0,2,0,,player.fcgi?id=zyla--000pet
Chase Cheek*,20,2018,Duke,26,20,19,7,3,1,0,0,3,2,0,1,8,0.158,0.2,0.211,0.411,4,,0,0,0,0,,player.fcgi?id=cheek-000cha
Griffin Conine*,20,2018,Duke,63,278,227,54,65,15,2,18,52,0,1,43,74,0.286,0.41,0.608,1.018,138,,6,0,2,4,,player.fcgi?id=conine000gri
Chris Crabtree*,19,2018,Duke,20,42,35,9,16,5,0,2,11,0,1,6,5,0.457,0.548,0.771,1.319,27,,1,0,0,1,,player.fcgi?id=crabtr002chr
Chris Dutra,19,2018,Duke,1,1,1,0,0,0,0,0,0,0,0,0,0,0,0,0,0,0,,0,0,0,0,,player.fcgi?id=dutra-000chr
Thomas Girard,19,2018,Duke,8,1,0,0,0,0,0,0,0,0,0,1,0,,1,,,0,,0,0,0,0,,player.fcgi?id=girard000tho
Jimmy Herron,21,2018,Duke,63,308,250,61,76,18,3,5,36,23,4,42,28,0.304,0.419,0.46,0.879,115,,11,0,5,1,,player.fcgi?id=herron000jim
Zack Kone,21,2018,Duke,63,297,267,45,80,19,3,5,42,5,1,22,40,0.3,0.359,0.449,0.809,120,,4,2,2,0,,player.fcgi?id=kone--000zac
Jack Labosky,21,2018,Duke,63,271,212,34,48,12,0,7,40,10,1,35,72,0.226,0.381,0.382,0.764,81,,20,1,3,0,,player.fcgi?id=labosk000jac
Joey Loperfido*,19,2018,Duke,63,267,219,45,69,11,3,6,43,16,6,28,55,0.315,0.408,0.475,0.883,104,,10,5,5,0,,player.fcgi?id=loperf000joe
Steve Mann,19,2018,Duke,18,30,22,6,4,0,0,0,1,0,0,5,11,0.182,0.4,0.182,0.582,4,,3,0,0,0,,player.fcgi?id=mann--002ste
Matt Mervis*,20,2018,Duke,23,4,4,0,1,0,0,0,0,0,0,0,3,0.25,0.25,0.25,0.5,1,,0,0,0,0,,player.fcgi?id=mervis000mat
Max Miller?,--,2018,Duke,60,255,211,43,59,5,2,1,36,10,1,21,35,0.28,0.385,0.336,0.721,71,,17,3,3,0,,player.fcgi?id=miller001max
Erikson Nichols,20,2018,Duke,36,21,19,3,4,0,0,0,0,0,0,0,6,0.211,0.286,0.211,0.496,4,,2,0,0,0,,player.fcgi?id=nichol000eri
Chris Proctor*,21,2018,Duke,62,286,248,43,71,12,3,4,46,12,2,28,43,0.286,0.364,0.407,0.771,101,,4,3,3,1,,player.fcgi?id=procto000chr
Mike Rothenberg#,19,2018,Duke,34,115,91,18,23,4,1,2,17,2,0,10,23,0.253,0.372,0.385,0.756,35,,9,2,3,0,,player.fcgi?id=rothen000mic
Michael Smiciklas*,--,2018,Duke,40,118,90,9,19,3,1,0,9,1,0,12,33,0.211,0.371,0.267,0.637,24,,12,2,2,0,,player.fcgi?id=smicik002mic
Kennie Taylor,21,2018,Duke,61,248,219,36,62,13,4,6,36,8,2,11,59,0.283,0.347,0.461,0.808,101,,12,3,3,0,,player.fcgi?id=taylor004ken
Aaron Therien#,21,2018,Duke,1,1,1,1,1,0,0,1,2,0,0,0,0,1,1,4,5,4,,0,0,0,0,,player.fcgi?id=therie000aar
Tyler Wardwell#,20,2018,Duke,11,22,18,2,4,1,0,0,3,0,0,3,7,0.222,0.364,0.278,0.641,5,,1,0,0,0,,player.fcgi?id=wardwe000tyl
Peter Zyla*,22,2018,Duke,10,11,9,0,1,0,0,0,1,0,0,2,4,0.111,0.273,0.111,0.384,1,,0,0,0,0,,player.fcgi?id=zyla--000pet
Chase Cheek*,21,2019,Duke,48,210,181,35,53,11,3,1,24,20,3,23,35,0.293,0.38,0.403,0.783,73,,3,2,1,1,,player.fcgi?id=cheek-000cha
Chris Crabtree*,20,2019,Duke,56,233,198,30,52,15,1,3,32,7,1,25,74,0.263,0.356,0.394,0.75,78,,6,0,4,1,,player.fcgi?id=crabtr002chr
Kyle Gallagher,24,2019,Duke,61,243,209,38,54,9,2,8,31,1,1,29,63,0.258,0.347,0.435,0.783,91,,1,1,3,0,,player.fcgi?id=gallag000kyl
Thomas Girard,20,2019,Duke,28,1,0,0,0,0,0,0,0,0,0,0,0,,,,,0,,0,1,0,0,,player.fcgi?id=girard000tho
Ben Gross,22,2019,Duke,22,4,4,1,1,0,0,1,1,0,0,0,1,0.25,0.25,1,1.25,4,,0,0,0,0,,player.fcgi?id=gross-002ben
Wil Hoyle#,20,2019,Duke,27,38,31,5,3,0,0,0,1,0,0,4,16,0.097,0.222,0.097,0.319,3,,1,2,0,0,,player.fcgi?id=hoyle-000wil
Joey Loperfido*,20,2019,Duke,39,184,157,29,41,6,1,4,18,8,2,21,50,0.261,0.361,0.389,0.749,61,,4,1,1,0,,player.fcgi?id=loperf000joe
Damon Lux,19,2019,Duke,12,10,8,0,0,0,0,0,0,0,0,2,4,0,0.2,0,0.2,0,,0,0,0,0,,player.fcgi?id=lux---000dam
Steve Mann,20,2019,Duke,11,14,13,1,1,0,0,0,0,0,0,1,9,0.077,0.143,0.077,0.22,1,,0,0,0,0,,player.fcgi?id=mann--002ste
Rudy Maxwell,19,2019,Duke,45,171,148,27,38,9,3,4,21,4,0,14,32,0.257,0.353,0.439,0.792,65,,8,1,0,1,,player.fcgi?id=maxwel000rud
Matt Mervis*,21,2019,Duke,56,222,190,33,52,8,1,6,31,2,0,19,44,0.274,0.357,0.421,0.779,80,,8,1,4,0,,player.fcgi?id=mervis000mat
Ethan Murray,19,2019,Duke,58,241,200,48,61,9,2,5,40,6,1,28,49,0.305,0.391,0.445,0.836,89,,4,3,6,0,,player.fcgi?id=murray000eth
Erikson Nichols,21,2019,Duke,62,271,239,25,61,9,0,2,38,2,1,18,63,0.255,0.325,0.318,0.643,76,,8,3,3,0,,player.fcgi?id=nichol000eri
Mike Rothenberg#,20,2019,Duke,61,258,208,43,56,10,1,10,51,3,0,33,44,0.269,0.392,0.471,0.863,98,,11,3,3,1,,player.fcgi?id=rothen000mic
RJ Schreck*,18,2019,Duke,32,89,77,4,14,4,1,0,5,0,1,10,30,0.182,0.284,0.26,0.544,20,,1,1,0,0,,player.fcgi?id=schrec000rj-
Matt Stinebiser*,19,2019,Duke,16,16,15,0,4,1,0,0,2,0,0,0,6,0.267,0.267,0.333,0.6,5,,0,1,0,0,,player.fcgi?id=stineb000mat
Kennie Taylor,22,2019,Duke,61,289,259,51,82,19,5,6,39,10,1,15,54,0.317,0.384,0.498,0.882,129,,14,0,1,0,,player.fcgi?id=taylor004ken
Aaron Therien#,22,2019,Duke,2,2,2,0,0,0,0,0,0,0,0,0,0,0,0,0,0,0,,0,0,0,0,,player.fcgi?id=therie000aar
Tyler Wardwell#,21,2019,Duke,13,31,20,7,2,1,0,0,0,1,1,10,8,0.1,0.419,0.15,0.569,3,,1,0,0,0,,player.fcgi?id=wardwe000tyl
Chase Cheek*,22,2020,Duke,16,69,60,10,15,2,0,1,5,2,0,5,12,0.25,0.328,0.333,0.662,20,,2,2,0,0,,player.fcgi?id=cheek-000cha
Chris Crabtree*,21,2020,Duke,14,38,29,4,6,2,1,0,2,1,1,6,14,0.207,0.368,0.345,0.713,10,,2,0,1,0,,player.fcgi?id=crabtr002chr
Chris Dutra,21,2020,Duke,4,9,8,1,3,1,0,0,2,0,0,1,4,0.375,0.444,0.5,0.944,4,,0,0,0,0,,player.fcgi?id=dutra-000chr
Britt Fuller*,--,2020,Duke,6,5,3,0,1,0,0,0,1,0,0,1,1,0.333,0.4,0.333,0.733,1,,0,0,1,0,,player.fcgi?id=fuller002bri
Wil Hoyle#,21,2020,Duke,13,38,34,6,9,1,2,1,4,1,1,3,12,0.265,0.324,0.5,0.824,17,,0,1,0,0,,player.fcgi?id=hoyle-000wil
Chad Knight,19,2020,Duke,11,29,29,4,7,0,1,1,3,0,0,0,5,0.241,0.241,0.414,0.655,12,,0,0,0,0,,player.fcgi?id=knight003cha
Joey Loperfido*,21,2020,Duke,15,68,53,12,14,1,2,0,6,5,1,12,12,0.264,0.418,0.358,0.776,19,,2,1,0,0,,player.fcgi?id=loperf000joe
Damon Lux,20,2020,Duke,14,5,5,0,0,0,0,0,0,0,0,0,4,0,0,0,0,0,,0,0,0,0,,player.fcgi?id=lux---000dam
Rudy Maxwell,20,2020,Duke,14,49,41,6,8,2,1,0,7,1,0,2,13,0.195,0.327,0.293,0.619,12,,6,0,0,0,,player.fcgi?id=maxwel000rud
Matt Mervis*,22,2020,Duke,16,72,56,9,17,5,1,3,15,1,1,11,8,0.304,0.458,0.589,1.048,33,,5,0,0,0,,player.fcgi?id=mervis000mat
Ethan Murray,20,2020,Duke,16,69,54,11,12,4,0,1,6,2,1,14,15,0.222,0.377,0.352,0.729,19,,0,0,1,0,,player.fcgi?id=murray000eth
Erikson Nichols,22,2020,Duke,16,65,58,5,13,2,0,0,4,0,0,4,18,0.224,0.274,0.259,0.533,15,,0,3,0,0,,player.fcgi?id=nichol000eri
Grant Norris,19,2020,Duke,10,26,18,3,2,0,0,0,2,0,0,4,9,0.111,0.346,0.111,0.457,2,,3,0,1,0,,player.fcgi?id=norris000gra
Mike Rothenberg#,21,2020,Duke,16,70,43,13,15,5,0,2,17,1,1,15,10,0.349,0.551,0.605,1.155,26,,8,1,3,0,,player.fcgi?id=rothen000mic
RJ Schreck*,19,2020,Duke,7,13,10,1,1,0,0,0,0,0,0,3,2,0.1,0.308,0.1,0.408,1,,0,0,0,0,,player.fcgi?id=schrec000rj-
Jake Topolski,20,2020,Duke,7,3,3,2,0,0,0,0,1,0,0,0,2,0,0,0,0,0,,0,0,0,0,,player.fcgi?id=topols000jak
Chase Cheek*,23,2021,Duke,49,117,100,17,29,6,2,1,15,6,1,12,29,0.29,0.377,0.42,0.797,42,,2,3,0,0,,player.fcgi?id=cheek-000cha
Chris Crabtree*,22,2021,Duke,50,192,172,31,48,10,2,13,38,0,0,13,65,0.279,0.344,0.587,0.931,101,,5,0,2,1,,player.fcgi?id=crabtr002chr
Chris Davis*,23,2021,Duke,9,12,10,2,2,0,0,0,1,0,1,2,5,0.2,0.333,0.2,0.533,2,,0,0,0,0,,player.fcgi?id=davis-012chr
Chris Dutra,22,2021,Duke,10,11,10,0,0,0,0,0,0,0,0,1,6,0,0.091,0,0.091,0,,0,0,0,0,,player.fcgi?id=dutra-000chr
Wil Hoyle#,22,2021,Duke,47,135,110,18,25,8,1,3,13,3,1,16,40,0.227,0.344,0.4,0.744,44,,4,4,1,0,,player.fcgi?id=hoyle-000wil
Chad Knight,20,2021,Duke,35,117,105,13,28,4,0,2,15,1,1,8,30,0.267,0.328,0.362,0.689,38,,2,1,1,0,,player.fcgi?id=knight003cha
Joey Loperfido*,22,2021,Duke,53,246,206,56,77,19,3,8,29,12,3,24,50,0.374,0.473,0.612,1.085,126,,15,1,0,1,,player.fcgi?id=loperf000joe
Damon Lux,21,2021,Duke,16,15,14,3,2,1,0,0,0,0,0,1,4,0.143,0.2,0.214,0.414,3,,0,0,0,0,,player.fcgi?id=lux---000dam
Peter Matt,23,2021,Duke,54,246,219,45,65,12,1,15,41,15,1,23,70,0.297,0.358,0.566,0.924,124,,0,0,4,1,,player.fcgi?id=matt--000pet
Rudy Maxwell,21,2021,Duke,18,43,40,4,8,5,0,0,2,0,0,1,6,0.2,0.238,0.325,0.563,13,,1,1,0,0,,player.fcgi?id=maxwel000rud
Ethan Murray,21,2021,Duke,54,249,209,31,62,13,4,3,22,10,5,34,46,0.297,0.397,0.44,0.837,92,,2,2,2,1,,player.fcgi?id=murray000eth
Erikson Nichols,23,2021,Duke,52,214,194,24,55,8,0,4,33,1,1,16,48,0.284,0.336,0.387,0.723,75,,1,0,3,1,,player.fcgi?id=nichol000eri
Grant Norris,20,2021,Duke,11,17,14,2,0,0,0,0,0,0,0,3,8,0,0.176,0,0.176,0,,0,0,0,0,,player.fcgi?id=norris000gra
Graham Pauley*,20,2021,Duke,30,102,87,11,21,3,0,2,12,0,0,12,15,0.241,0.34,0.345,0.685,30,,1,2,0,0,,player.fcgi?id=pauley000gra
Mike Rothenberg#,22,2021,Duke,54,240,203,38,51,16,3,9,42,1,2,24,50,0.251,0.346,0.493,0.838,100,,8,0,5,2,,player.fcgi?id=rothen000mic
RJ Schreck*,20,2021,Duke,54,246,208,49,70,8,0,18,52,11,1,27,43,0.337,0.435,0.635,1.07,132,,10,0,1,1,,player.fcgi?id=schrec000rj-
Alex Stone,19,2021,Duke,10,12,11,1,2,0,0,0,0,0,0,0,5,0.182,0.25,0.182,0.432,2,,1,0,0,0,,player.fcgi?id=stone-000ale
Oren Abbott*,18,2022,Duke,4,1,1,0,0,0,0,0,0,0,0,0,1,0,0,0,0,0,0,0,0,0,0,,player.fcgi?id=abbott000ore
Chris Crabtree*,23,2022,Duke,40,120,102,25,25,8,1,4,17,2,0,10,35,0.245,0.342,0.461,0.802,47,2,6,0,2,0,,player.fcgi?id=crabtr002chr
Chris Davis*,24,2022,Duke,41,130,102,17,22,4,1,2,12,1,2,24,28,0.216,0.362,0.333,0.696,34,0,0,3,1,0,,player.fcgi?id=davis-012chr
Wil Hoyle#,23,2022,Duke,53,202,164,26,33,4,0,4,17,12,3,26,46,0.201,0.333,0.299,0.632,49,3,7,4,1,0,,player.fcgi?id=hoyle-000wil
Trevor Johnson,24,2022,Duke,35,82,68,16,18,6,0,2,7,5,0,10,19,0.265,0.39,0.441,0.831,30,1,4,0,0,0,,player.fcgi?id=johnso008tre
Chad Knight,21,2022,Duke,51,209,190,19,53,10,0,3,28,5,0,14,38,0.279,0.335,0.379,0.714,72,2,3,0,2,1,,player.fcgi?id=knight003cha
Ben LaSpaluto,23,2022,Duke,24,18,17,5,2,1,0,0,1,2,0,1,6,0.118,0.167,0.176,0.343,3,0,0,0,0,0,,player.fcgi?id=laspal000ben
Damon Lux,22,2022,Duke,43,138,114,11,24,3,0,6,20,2,1,17,31,0.211,0.328,0.395,0.723,45,3,4,1,2,0,,player.fcgi?id=lux---000dam
Alex Mooney,19,2022,Duke,54,245,209,45,61,10,1,3,30,12,1,27,41,0.292,0.393,0.392,0.786,82,1,8,1,0,0,,player.fcgi?id=mooney000ale
Grant Norris,21,2022,Duke,11,11,10,3,3,0,0,1,2,0,0,1,5,0.3,0.364,0.6,0.964,6,0,0,0,0,0,,player.fcgi?id=norris000gra
Devin Obee,18,2022,Duke,37,116,103,17,21,6,0,6,18,1,0,9,34,0.204,0.278,0.437,0.715,45,2,2,1,1,1,,player.fcgi?id=obee--000dev
Graham Pauley*,21,2022,Duke,54,252,212,43,62,16,0,9,33,5,1,32,28,0.292,0.402,0.495,0.898,105,4,7,1,0,0,,player.fcgi?id=pauley000gra
Jonathan Santucci*,19,2022,Duke,29,14,13,0,2,1,0,0,2,0,0,1,4,0.154,0.214,0.231,0.445,3,1,0,0,0,0,,player.fcgi?id=santuc000jon
RJ Schreck*,21,2022,Duke,47,217,177,21,51,9,1,8,37,8,0,26,29,0.288,0.401,0.486,0.887,86,3,10,0,4,3,,player.fcgi?id=schrec000rj-
Matt Stinebiser*,22,2022,Duke,9,8,8,1,1,1,0,0,0,0,0,0,2,0.125,0.125,0.25,0.375,2,0,0,0,0,0,,player.fcgi?id=stineb000mat
Alex Stone,20,2022,Duke,40,132,119,25,27,7,0,10,17,1,0,9,39,0.227,0.303,0.538,0.841,64,4,4,0,0,0,,player.fcgi?id=stone-000ale
Luke Storm#,21,2022,Duke,53,206,160,29,44,17,0,10,33,1,0,25,56,0.275,0.42,0.569,0.988,91,5,17,1,3,0,,player.fcgi?id=storm-000luk
Jake Topolski,22,2022,Duke,14,8,5,1,1,0,0,0,1,0,0,3,3,0.2,0.5,0.2,0.7,1,0,0,0,0,0,,player.fcgi?id=topols000jak
Andrew Yu,19,2022,Duke,35,93,77,13,21,2,0,2,13,0,0,8,22,0.273,0.37,0.377,0.746,29,2,5,1,2,0,,player.fcgi?id=yu----000and
Tyler Albright,19,2023,Duke,51,187,154,23,48,7,0,3,34,4,1,18,49,0.312,0.408,0.416,0.823,64,0,9,3,3,0,,player.fcgi?id=albrig002tyl
Jay Beshears,21,2023,Duke,59,281,237,58,79,15,0,15,56,5,0,31,45,0.333,0.438,0.586,1.024,139,5,13,0,0,0,,player.fcgi?id=beshea001jay
Gio DiGiacomo*,23,2023,Duke,61,233,190,36,51,9,0,6,36,19,5,34,52,0.268,0.389,0.411,0.799,78,1,4,4,1,1,,player.fcgi?id=digiac000gio
Roman DiGiacomo,19,2023,Duke,5,6,4,3,1,0,0,1,4,0,0,0,2,0.25,0.5,1,1.5,4,0,2,0,0,0,,player.fcgi?id=digiac000rom
Andrew Fischer*,19,2023,Duke,47,208,173,38,50,12,4,11,33,1,0,29,53,0.289,0.404,0.595,0.999,103,2,5,0,1,1,,player.fcgi?id=fische001and
Cole Hebble,24,2023,Duke,46,97,77,12,15,2,0,2,10,1,0,14,22,0.195,0.337,0.299,0.636,23,2,3,2,1,0,,player.fcgi?id=hebble000col
Menelik Israel,21,2023,Duke,5,3,2,0,0,0,0,0,1,0,0,1,1,0,0.333,0,0.333,0,0,0,0,0,0,,player.fcgi?id=israel000men
Chad Knight,22,2023,Duke,22,87,77,13,17,4,0,2,9,0,0,7,12,0.221,0.299,0.351,0.649,27,1,2,0,1,0,,player.fcgi?id=knight003cha
Damon Lux,23,2023,Duke,63,263,213,39,54,11,0,10,45,10,4,30,50,0.254,0.379,0.446,0.825,95,2,15,2,3,0,,player.fcgi?id=lux---000dam
M.J. Metz,23,2023,Duke,58,239,197,48,58,8,0,17,48,2,1,37,72,0.294,0.41,0.594,1.004,117,4,3,0,2,0,,player.fcgi?id=metz--000mj-
Alex Mooney,20,2023,Duke,63,311,254,68,80,20,2,8,38,21,5,36,43,0.315,0.434,0.504,0.938,128,2,19,0,2,5,,player.fcgi?id=mooney000ale
Devin Obee,19,2023,Duke,50,68,56,14,13,4,1,3,10,0,3,9,31,0.232,0.358,0.5,0.858,28,0,2,1,0,0,,player.fcgi?id=obee--000dev
Jimmy Romano,20,2023,Duke,22,7,6,1,0,0,0,0,0,0,0,1,5,0,0.143,0,0.143,0,0,0,0,0,0,,player.fcgi?id=romano002jim
Jonathan Santucci*,20,2023,Duke,11,10,10,2,3,1,0,1,3,0,0,0,6,0.3,0.3,0.7,1,7,0,0,0,0,0,,player.fcgi?id=santuc000jon
Josh Solomon,23,2023,Duke,31,39,33,14,4,0,0,0,2,3,1,5,9,0.121,0.256,0.121,0.378,4,0,1,0,0,0,,player.fcgi?id=solomo000jos
Alex Stone,21,2023,Duke,62,282,254,53,80,16,0,17,62,0,0,17,43,0.315,0.379,0.579,0.958,147,7,10,0,1,0,,player.fcgi?id=stone-000ale
Luke Storm#,22,2023,Duke,60,275,236,54,61,14,1,13,51,8,1,23,68,0.258,0.354,0.492,0.846,116,2,13,1,2,4,,player.fcgi?id=storm-000luk
Andrew Yu,20,2023,Duke,22,41,33,5,3,1,0,0,6,1,0,4,9,0.091,0.244,0.121,0.365,4,1,3,0,1,0,,player.fcgi?id=yu----000and
Tyler Albright,20,2024,Duke,41,61,54,11,12,2,0,1,6,1,0,5,20,0.222,0.288,0.315,0.603,17,1,0,2,0,0,,player.fcgi?id=albrig002tyl
Logan Bravo,25,2024,Duke,60,273,219,59,69,16,1,17,59,9,3,43,62,0.315,0.432,0.63,1.062,138,2,6,0,5,4,,player.fcgi?id=bravo-000log
Wallace Clark#,22,2024,Duke,60,258,186,44,53,11,2,5,42,5,2,37,48,0.285,0.451,0.446,0.897,83,2,24,5,6,0,,player.fcgi?id=clark-000wal
Roman DiGiacomo,20,2024,Duke,7,8,7,2,2,0,0,0,0,0,0,1,2,0.286,0.375,0.286,0.661,2,0,0,0,0,0,,player.fcgi?id=digiac000rom
Jimmy Evans*,23,2024,Duke,17,19,17,5,7,0,0,1,4,0,0,1,2,0.412,0.421,0.588,1.009,10,0,0,0,1,0,,player.fcgi?id=evans-002jim
AJ Gracia*,19,2024,Duke,60,278,220,56,67,14,0,14,58,5,1,48,55,0.305,0.44,0.559,1,123,3,7,1,2,1,,player.fcgi?id=gracia000aj-
Sam Harris*,19,2024,Duke,7,6,4,1,1,0,0,0,0,0,0,2,1,0.25,0.5,0.25,0.75,1,0,0,0,0,0,,player.fcgi?id=harris013sam
Kyle Johnson,19,2024,Duke,39,94,75,16,19,6,1,3,11,2,0,17,33,0.253,0.398,0.48,0.878,36,0,1,1,0,0,,player.fcgi?id=johnso020kyl
Chad Knight,23,2024,Duke,18,22,19,2,6,1,0,0,6,0,0,3,3,0.316,0.409,0.368,0.778,7,0,0,0,0,0,,player.fcgi?id=knight003cha
Chase Krewson*,19,2024,Duke,46,151,130,35,43,3,0,5,22,2,1,19,32,0.331,0.417,0.469,0.886,61,3,1,0,1,0,,player.fcgi?id=krewso000cha
Ben Miller,23,2024,Duke,55,260,228,56,82,18,1,15,49,2,0,17,47,0.36,0.438,0.645,1.083,147,2,15,0,0,1,,player.fcgi?id=miller009ben
Zac Morris,23,2024,Duke,60,296,245,69,84,12,2,18,59,13,4,39,59,0.343,0.439,0.629,1.067,154,2,6,2,4,0,,player.fcgi?id=morris004zac
Noah Murray,19,2024,Duke,8,8,5,3,2,1,0,0,3,0,0,3,1,0.4,0.625,0.6,1.225,3,0,0,0,0,0,,player.fcgi?id=murray000noa
Devin Obee,20,2024,Duke,60,258,217,57,67,11,2,16,50,6,4,29,60,0.309,0.399,0.599,0.998,130,2,7,0,5,1,,player.fcgi?id=obee--000dev
Harrison Rodgers*,22,2024,Duke,25,33,27,9,7,1,2,0,5,0,0,4,9,0.259,0.375,0.444,0.819,12,1,1,1,0,0,,player.fcgi?id=rodger000har
Alex Stone,22,2024,Duke,60,274,247,45,77,19,0,13,59,0,0,11,48,0.312,0.365,0.547,0.912,135,9,12,0,4,2,,player.fcgi?id=stone-000ale
Ben Weaver*,23,2024,Duke,9,13,12,1,3,0,0,0,2,0,0,1,4,0.25,0.308,0.25,0.558,3,0,0,0,0,0,,player.fcgi?id=weaver002ben
Macon Winslow,19,2024,Duke,43,153,132,18,33,6,0,4,17,0,0,14,39,0.25,0.34,0.386,0.726,51,3,5,0,2,0,,player.fcgi?id=winslo000mac
Sam Yelton*,22,2024,Duke,12,2,2,1,0,0,0,0,0,0,0,0,2,0,0,0,0,0,0,0,0,0,0,,player.fcgi?id=yelton000sam
Andrew Yu,21,2024,Duke,30,50,45,11,14,2,0,3,15,0,1,1,10,0.311,0.34,0.556,0.896,25,0,2,0,2,0,,player.fcgi?id=yu----000and
Tyler Albright,21,2025,Duke,62,286,225,63,67,10,3,10,45,15,0,45,61,0.298,0.435,0.502,0.937,113,0,12,1,3,0,,player.fcgi?id=albrig002tyl
Andrew Bell,19,2025,Duke,23,22,16,8,2,0,0,1,1,0,0,5,5,0.125,0.364,0.313,0.676,5,1,1,0,0,0,,player.fcgi?id=bell--004and
Jake Berger*,23,2025,Duke,62,271,206,47,50,13,1,8,45,3,0,50,38,0.243,0.404,0.432,0.836,89,6,9,1,5,0,,player.fcgi?id=berger000jak
Wallace Clark#,23,2025,Duke,60,302,225,65,69,18,0,9,37,5,1,55,34,0.307,0.478,0.507,0.985,114,2,19,3,0,2,,player.fcgi?id=clark-000wal
Nick DiPietrantonio,23,2025,Duke,16,11,11,2,1,0,0,0,0,0,0,0,3,0.091,0.091,0.091,0.182,1,0,0,0,0,0,,player.fcgi?id=dipiet001nic
Jimmy Evans*,24,2025,Duke,5,5,3,1,0,0,0,0,0,0,0,1,1,0,0.4,0,0.4,0,0,1,0,0,0,,player.fcgi?id=evans-002jim
AJ Gracia*,20,2025,Duke,60,285,215,57,63,10,1,15,54,8,1,57,36,0.293,0.449,0.558,1.007,120,3,7,2,4,2,,player.fcgi?id=gracia000aj-
Sam Harris*,20,2025,Duke,44,148,128,27,38,7,0,9,42,1,0,16,38,0.297,0.385,0.563,0.948,72,5,3,0,1,0,,player.fcgi?id=harris013sam
Jake Hyde*,24,2025,Duke,58,269,219,48,63,13,3,12,67,1,0,42,62,0.288,0.403,0.539,0.942,118,4,3,1,4,1,,player.fcgi?id=hyde--000jak
Zach Jackson*,19,2025,Duke,16,7,4,5,2,1,0,0,2,0,0,3,1,0.5,0.714,0.75,1.464,3,0,0,0,0,0,,player.fcgi?id=jackso009zac
Kyle Johnson,20,2025,Duke,45,71,59,11,13,5,0,4,19,2,0,8,28,0.22,0.343,0.508,0.851,30,1,3,1,0,0,,player.fcgi?id=johnso020kyl
Jeff Lougee*,19,2025,Duke,8,13,9,1,1,0,0,0,1,0,1,2,1,0.111,0.333,0.111,0.444,1,0,1,1,0,0,,player.fcgi?id=lougee000jef
Ben Miller,24,2025,Duke,61,293,245,59,77,13,0,21,63,1,1,31,58,0.314,0.413,0.624,1.037,153,4,13,0,4,5,,player.fcgi?id=miller009ben
Noah Murray,20,2025,Duke,28,50,38,7,13,2,0,3,10,0,0,11,12,0.342,0.5,0.632,1.132,24,0,1,0,0,0,,player.fcgi?id=murray000noa
Ben Rounds*,25,2025,Duke,58,262,210,53,63,15,2,9,39,4,2,38,59,0.3,0.433,0.519,0.952,109,5,12,1,1,0,,player.fcgi?id=rounds000ben
Jay Slater,19,2025,Duke,6,4,4,1,2,0,1,0,2,0,0,0,0,0.5,0.5,1,1.5,4,0,0,0,0,0,,player.fcgi?id=slater000jay
Adam Troch*,18,2025,Duke,13,6,4,3,1,0,1,0,2,0,0,0,1,0.25,0.5,0.75,1.25,3,0,2,0,0,0,,player.fcgi?id=troch-000ada
Macon Winslow,20,2025,Duke,57,245,198,43,55,13,1,9,48,3,0,31,54,0.278,0.391,0.49,0.881,97,5,9,2,5,0,,player.fcgi?id=winslo000mac
Andrew Yu,22,2025,Duke,31,97,77,15,20,2,0,5,11,2,0,13,14,0.26,0.4,0.481,0.881,37,2,5,2,0,0,,player.fcgi?id=yu----000and
Robert Amaro,21,2011,Virginia,9,8,7,2,1,0,0,0,0,0,0,1,0,0.143,0.25,0.143,0.393,1,,0,0,0,,,player.fcgi?id=amaro-001rob
John Barr,23,2011,Virginia,66,296,248,46,72,14,2,0,35,9,3,20,38,0.29,0.373,0.363,0.736,90,,15,9,4,,,player.fcgi?id=barr--000joh
Tyler Biddix?,--,2011,Virginia,20,31,23,3,6,4,0,0,5,0,0,3,5,0.261,0.4,0.435,0.835,10,,3,1,1,,,player.fcgi?id=biddix000tyl
Stephen Bruno,20,2011,Virginia,7,26,25,4,6,2,0,0,2,0,1,0,7,0.24,0.269,0.32,0.589,8,,1,0,0,,,player.fcgi?id=bruno-001ste
David Coleman*,22,2011,Virginia,63,218,185,37,67,12,0,2,40,8,2,10,23,0.362,0.427,0.459,0.886,85,,13,7,3,,,player.fcgi?id=colema003dav
Reed Gragnani#,20,2011,Virginia,51,171,136,26,37,5,2,0,31,1,2,19,15,0.272,0.391,0.338,0.729,46,,10,2,4,,,player.fcgi?id=gragna001ree
Shane Halley#,21,2011,Virginia,19,14,13,1,1,0,0,1,1,0,0,1,3,0.077,0.143,0.308,0.451,4,,0,0,0,,,player.fcgi?id=halley000sha
Colin Harrington?,--,2011,Virginia,28,62,51,10,18,3,1,0,7,5,1,3,6,0.353,0.45,0.451,0.901,23,,6,2,0,,,player.fcgi?id=harrin000col
John Hicks,21,2011,Virginia,68,308,277,52,92,21,1,8,59,5,4,18,19,0.332,0.373,0.502,0.875,139,,5,0,8,,,player.fcgi?id=hicks-005joh
Danny Hultzen*,21,2011,Virginia,51,165,136,18,42,11,2,1,35,6,1,18,12,0.309,0.396,0.441,0.837,60,,3,6,2,,,player.fcgi?id=hultze001dan
Corey Hunt?,--,2011,Virginia,20,1,1,3,0,0,0,0,0,0,0,0,0,0,0,0,0,0,,0,0,0,,,player.fcgi?id=hunt--001cor
Jared King,21,2011,Virginia,54,192,165,39,53,12,2,2,29,5,3,24,49,0.321,0.411,0.455,0.866,75,,2,0,1,,,player.fcgi?id=king--001jar
Ryan Levine?,--,2011,Virginia,32,78,69,15,21,3,1,0,13,0,1,5,11,0.304,0.359,0.377,0.736,26,,2,0,2,,,player.fcgi?id=levine000rya
Mark Podlas*,19,2011,Virginia,2,1,0,0,0,0,0,0,0,0,0,1,0,,1,,,0,,0,0,0,,,player.fcgi?id=podlas000mar
Steve Proscia,21,2011,Virginia,68,308,275,52,88,19,1,8,59,11,5,20,38,0.32,0.368,0.484,0.852,133,,5,1,7,,,player.fcgi?id=prosci001ste
Mitchell Shifflett?,--,2011,Virginia,51,44,38,16,9,2,0,0,7,9,0,5,12,0.237,0.326,0.289,0.615,11,,0,1,0,,,player.fcgi?id=shiffl000mit
Scott Silverstein*,21,2011,Virginia,18,6,5,1,2,0,0,0,0,0,0,1,3,0.4,0.5,0.4,0.9,2,,0,0,0,,,player.fcgi?id=silver001ron
Kenny Swab,22,2011,Virginia,59,241,198,44,63,17,2,1,29,11,1,30,36,0.318,0.433,0.439,0.873,87,,11,1,1,,,player.fcgi?id=swab--001ken
Chris Taylor,20,2011,Virginia,68,328,285,63,87,18,2,2,49,15,6,27,45,0.305,0.385,0.404,0.788,115,,11,3,2,,,player.fcgi?id=taylor004chr
Keith Werman*,21,2011,Virginia,68,272,197,39,44,5,0,0,31,5,4,31,26,0.223,0.367,0.249,0.616,49,,15,27,2,,,player.fcgi?id=werman000kei
Robert Amaro,22,2012,Virginia,1,1,1,0,0,0,0,0,0,0,0,0,1,0,0,0,0,0,,0,0,0,0,,player.fcgi?id=amaro-001rob
Stephen Bruno,21,2012,Virginia,58,280,238,49,88,23,2,6,54,11,3,14,27,0.37,0.424,0.559,0.983,133,,15,4,9,1,,player.fcgi?id=bruno-001ste
Branden Cogswell*,19,2012,Virginia,41,134,100,28,26,2,4,0,15,2,2,16,17,0.26,0.419,0.36,0.779,36,,12,5,1,0,,player.fcgi?id=cogswe000bra
Brandon Downes,19,2012,Virginia,34,126,106,20,34,7,2,1,22,3,1,15,27,0.321,0.419,0.453,0.872,48,,3,2,0,0,,player.fcgi?id=downes000bra
Derek Fisher*,18,2012,Virginia,56,254,219,44,63,11,8,7,50,4,5,22,61,0.288,0.375,0.507,0.882,111,,10,1,2,1,,player.fcgi?id=fisher001der
Reed Gragnani#,21,2012,Virginia,20,77,69,7,25,2,0,0,9,0,1,2,10,0.362,0.421,0.391,0.812,27,,5,1,0,0,,player.fcgi?id=gragna001ree
Shane Halley#,22,2012,Virginia,25,2,1,0,0,0,0,0,0,0,0,0,0,0,0.5,0,0.5,0,,1,0,0,0,,player.fcgi?id=halley000sha
Colin Harrington?,--,2012,Virginia,54,218,167,29,51,5,2,1,29,2,7,19,19,0.305,0.4,0.377,0.777,63,,10,18,4,1,,player.fcgi?id=harrin000col
Nick Howard,19,2012,Virginia,40,62,52,11,18,1,1,0,6,1,1,8,13,0.346,0.435,0.404,0.839,21,,1,0,1,0,,player.fcgi?id=howard000nic
Nate Irving,19,2012,Virginia,53,208,154,33,43,7,1,0,35,4,1,23,24,0.279,0.415,0.338,0.752,52,,14,15,2,0,,player.fcgi?id=irving000nat
Jared King,22,2012,Virginia,59,268,205,41,54,12,5,4,44,13,7,51,46,0.263,0.416,0.429,0.845,88,,6,1,5,0,,player.fcgi?id=king--001jar
Chace Mitchell?,--,2012,Virginia,9,7,7,0,1,0,0,0,1,0,0,0,4,0.143,0.143,0.143,0.286,1,,0,0,0,0,,player.fcgi?id=mitche014cha
Mike Papi*,19,2012,Virginia,35,130,106,24,30,8,0,1,17,5,2,15,17,0.283,0.395,0.387,0.782,41,,6,1,2,0,,player.fcgi?id=papi--000mic
Mitchell Shifflett?,--,2012,Virginia,50,117,99,22,26,3,0,0,14,9,1,11,26,0.263,0.354,0.293,0.647,29,,3,4,0,0,,player.fcgi?id=shiffl000mit
Chris Taylor,21,2012,Virginia,59,286,236,57,67,13,5,5,47,12,2,35,38,0.284,0.383,0.445,0.828,105,,6,4,5,0,,player.fcgi?id=taylor004chr
Kenny Towns,19,2012,Virginia,28,60,51,6,15,5,0,0,12,1,0,5,11,0.294,0.39,0.392,0.782,20,,3,1,0,0,,player.fcgi?id=towns-000ken
Keith Werman*,22,2012,Virginia,58,223,157,37,43,4,2,0,24,5,3,30,21,0.274,0.39,0.325,0.715,51,,3,28,5,0,,player.fcgi?id=werman000kei
Tom Woodruff,18,2012,Virginia,6,6,5,1,1,1,0,0,1,0,0,1,2,0.2,0.333,0.4,0.733,2,,0,0,0,0,,player.fcgi?id=woodru002tho
Rob Bennie,19,2013,Virginia,13,17,15,4,3,0,0,0,2,0,0,2,3,0.2,0.294,0.2,0.494,3,,0,0,0,0,,player.fcgi?id=bennie000rob
Branden Cogswell*,20,2013,Virginia,47,232,182,55,63,11,4,0,22,12,5,38,19,0.346,0.464,0.451,0.915,82,,3,8,1,2,,player.fcgi?id=cogswe000bra
Robbie Coman,19,2013,Virginia,9,26,21,2,4,3,0,0,3,0,0,3,3,0.19,0.32,0.333,0.653,7,,1,1,0,0,,player.fcgi?id=coman-000rob
Kyle Crockett*,21,2013,Virginia,29,1,1,1,1,0,0,0,0,0,0,0,0,1,1,1,2,1,,0,0,0,0,,player.fcgi?id=crocke000kyl
Brandon Downes,20,2013,Virginia,61,292,253,67,80,20,7,10,59,6,1,27,60,0.316,0.393,0.569,0.962,144,,7,2,3,0,,player.fcgi?id=downes000bra
Derek Fisher*,19,2013,Virginia,55,251,205,43,60,12,3,7,48,8,3,28,40,0.293,0.405,0.483,0.888,99,,12,4,2,4,,player.fcgi?id=fisher001der
Reed Gragnani#,22,2013,Virginia,61,258,217,44,66,11,3,3,49,4,3,24,10,0.304,0.375,0.424,0.798,92,,4,7,6,1,,player.fcgi?id=gragna001ree
Colin Harrington?,--,2013,Virginia,7,16,12,3,7,1,0,1,5,0,0,0,0,0.583,0.643,0.917,1.56,11,,2,2,0,0,,player.fcgi?id=harrin000col
Nick Howard,20,2013,Virginia,59,216,198,37,63,12,2,3,38,2,1,8,31,0.318,0.34,0.444,0.784,88,,1,4,5,0,,player.fcgi?id=howard000nic
Nate Irving,20,2013,Virginia,56,229,183,39,52,11,0,0,33,2,4,23,17,0.284,0.387,0.344,0.731,63,,9,12,2,0,,player.fcgi?id=irving000nat
Jared King,23,2013,Virginia,59,289,240,41,69,17,1,1,38,8,2,37,55,0.288,0.38,0.379,0.759,91,,3,2,7,0,,player.fcgi?id=king--001jar
John La Prise*,19,2013,Virginia,19,43,35,7,6,0,1,0,6,0,0,3,7,0.171,0.244,0.229,0.472,8,,1,2,2,0,,player.fcgi?id=lapris000joh
Joe McCarthy*,19,2013,Virginia,60,289,223,48,75,10,2,4,51,11,1,54,32,0.336,0.469,0.453,0.922,101,,6,1,5,1,,player.fcgi?id=mccart002joe
Mike Papi*,20,2013,Virginia,55,238,176,57,67,15,3,7,57,6,2,45,25,0.381,0.517,0.619,1.136,109,,10,2,5,1,,player.fcgi?id=papi--000mic
George Ragsdale,18,2013,Virginia,5,7,6,2,2,0,0,0,2,0,0,0,1,0.333,0.286,0.333,0.619,2,,0,0,1,0,,player.fcgi?id=ragsda000geo
Kenny Towns,20,2013,Virginia,55,223,186,38,54,11,5,7,44,5,1,18,28,0.29,0.373,0.516,0.889,96,,10,3,6,1,,player.fcgi?id=towns-000ken
Tom Woodruff,19,2013,Virginia,7,7,4,1,0,0,0,0,1,0,0,2,1,0,0.429,0,0.429,0,,1,0,0,0,,player.fcgi?id=woodru002tho
Tyler Allen*,20,2014,Virginia,5,9,8,1,2,0,0,0,2,0,0,1,1,0.25,0.333,0.25,0.583,2,,0,0,0,0,,player.fcgi?id=allen-000tyl
Rob Bennie,20,2014,Virginia,10,25,20,4,3,0,1,0,3,0,0,1,5,0.15,0.19,0.25,0.44,5,,0,4,0,0,,player.fcgi?id=bennie000rob
Tony Butler,19,2014,Virginia,9,14,11,1,2,0,0,0,1,0,0,2,5,0.182,0.357,0.182,0.539,2,,1,0,0,0,,player.fcgi?id=butler000ton
Branden Cogswell*,21,2014,Virginia,69,324,259,47,78,11,1,0,23,8,4,42,22,0.301,0.399,0.351,0.751,91,,3,16,4,2,,player.fcgi?id=cogswe000bra
Robbie Coman,20,2014,Virginia,45,129,106,18,30,4,1,1,15,1,0,13,9,0.283,0.377,0.368,0.745,39,,3,7,0,1,,player.fcgi?id=coman-000rob
Brandon Downes,21,2014,Virginia,67,278,237,31,57,10,2,7,40,9,2,25,48,0.241,0.335,0.388,0.723,92,,10,3,3,0,,player.fcgi?id=downes000bra
Derek Fisher*,20,2014,Virginia,44,195,177,24,46,7,1,3,29,5,3,12,28,0.26,0.316,0.362,0.678,64,,3,2,1,1,,player.fcgi?id=fisher001der
Nick Howard,21,2014,Virginia,55,176,153,20,40,6,1,1,20,1,0,11,25,0.261,0.314,0.333,0.647,51,,2,7,3,1,,player.fcgi?id=howard000nic
Nate Irving,21,2014,Virginia,53,189,153,19,37,5,0,1,18,1,3,19,18,0.242,0.339,0.294,0.633,45,,4,12,1,0,,player.fcgi?id=irving000nat
John La Prise*,20,2014,Virginia,50,198,178,24,62,10,0,1,17,5,1,15,29,0.348,0.397,0.421,0.818,75,,0,4,1,1,,player.fcgi?id=lapris000joh
Joe McCarthy*,20,2014,Virginia,69,313,256,55,77,16,2,6,49,11,1,35,34,0.301,0.417,0.449,0.866,115,,18,1,3,2,,player.fcgi?id=mccart002joe
Mike Papi*,21,2014,Virginia,69,321,244,55,75,11,0,11,56,8,3,61,46,0.307,0.451,0.488,0.939,119,,7,4,5,9,,player.fcgi?id=papi--000mic
Daniel Pinero,20,2014,Virginia,68,308,241,39,63,6,0,0,22,10,3,36,31,0.261,0.372,0.286,0.658,69,,8,20,3,0,,player.fcgi?id=pinero000dan
Matt Thaiss*,19,2014,Virginia,26,73,68,11,18,5,0,0,7,0,0,2,13,0.265,0.306,0.338,0.644,23,,2,1,0,0,,player.fcgi?id=thaiss000mat
Kenny Towns,21,2014,Virginia,56,225,187,25,52,14,1,2,36,6,0,18,29,0.278,0.374,0.396,0.77,74,,12,6,2,0,,player.fcgi?id=towns-000ken
Tom Woodruff,20,2014,Virginia,11,8,7,4,3,1,0,0,1,1,0,1,0,0.429,0.5,0.571,1.071,4,,0,0,0,0,,player.fcgi?id=woodru002tho
Alec Bettinger,19,2015,Virginia,27,1,1,0,0,0,0,0,0,0,0,0,1,0,0,0,0,0,,0,0,0,0,,player.fcgi?id=bettin000ale
Ernie Clement,19,2015,Virginia,62,260,229,25,56,6,3,1,22,3,8,9,12,0.245,0.303,0.31,0.613,71,,11,9,2,0,,player.fcgi?id=clemen000ern
Charlie Cody,19,2015,Virginia,23,62,55,9,16,2,0,1,6,0,1,2,12,0.291,0.35,0.382,0.732,21,,3,2,0,0,,player.fcgi?id=cody--000cha
Robbie Coman,21,2015,Virginia,58,235,201,15,58,6,0,1,22,2,5,21,21,0.289,0.36,0.333,0.693,67,,3,7,3,0,,player.fcgi?id=coman-000rob
Kevin Doherty,--,2015,Virginia,56,163,130,12,28,5,2,1,23,4,2,28,34,0.215,0.354,0.308,0.662,40,,1,2,2,0,,player.fcgi?id=dohert000kev
Jack Gerstenmaier,20,2015,Virginia,11,36,33,2,10,1,0,0,6,0,0,0,4,0.303,0.343,0.333,0.676,11,,2,1,0,0,,player.fcgi?id=gerste002jac
Adam Haseley*,19,2015,Virginia,68,329,276,56,69,11,3,1,19,5,1,39,53,0.25,0.355,0.322,0.677,89,,7,5,2,1,,player.fcgi?id=hasele000ada
John La Prise*,21,2015,Virginia,4,14,14,0,4,0,0,0,0,0,0,0,2,0.286,0.286,0.286,0.571,4,,0,0,0,0,,player.fcgi?id=lapris000joh
Christian Lowry,19,2015,Virginia,29,89,81,8,18,0,0,0,5,4,1,2,20,0.222,0.276,0.222,0.498,18,,4,2,0,0,,player.fcgi?id=lowry-000chr
Joe McCarthy*,21,2015,Virginia,33,140,112,19,22,3,0,2,11,3,0,24,20,0.196,0.343,0.277,0.62,31,,2,0,2,2,,player.fcgi?id=mccart002joe
Justin Novak,19,2015,Virginia,36,93,74,12,7,1,0,0,3,1,0,5,13,0.095,0.2,0.108,0.308,8,,5,8,1,0,,player.fcgi?id=novak-000jus
Daniel Pinero,21,2015,Virginia,67,312,253,60,78,8,1,6,29,9,2,39,37,0.308,0.409,0.419,0.828,106,,5,14,1,0,,player.fcgi?id=pinero000dan
Kevin Radford?,--,2015,Virginia,1,1,1,0,0,0,0,0,0,0,0,0,1,0,0,0,0,0,,0,0,0,0,,player.fcgi?id=radfor000kev
David Rosenberger*,21,2015,Virginia,19,4,4,0,1,0,0,0,0,0,0,0,0,0.25,0.25,0.25,0.5,1,,0,0,0,0,,player.fcgi?id=rosenb000dav
Pavin Smith*,19,2015,Virginia,68,307,270,38,83,14,4,7,44,2,6,26,40,0.307,0.373,0.467,0.839,126,,5,1,5,1,,player.fcgi?id=smith-000pav
Matt Thaiss*,20,2015,Virginia,67,301,254,49,82,18,0,10,64,4,0,33,26,0.323,0.413,0.512,0.925,130,,9,1,4,2,,player.fcgi?id=thaiss000mat
Kenny Towns,22,2015,Virginia,68,308,267,41,79,21,2,5,67,2,3,27,35,0.296,0.365,0.446,0.811,119,,6,1,7,2,,player.fcgi?id=towns-000ken
Tom Woodruff,21,2015,Virginia,39,65,55,11,15,1,0,0,7,5,1,4,12,0.273,0.375,0.291,0.666,16,,5,1,0,0,,player.fcgi?id=woodru002tho
Ernie Clement,20,2016,Virginia,59,291,258,62,91,13,4,1,30,6,4,12,12,0.353,0.383,0.446,0.828,115,,3,14,4,0,,player.fcgi?id=clemen000ern
Charlie Cody,20,2016,Virginia,25,94,77,12,18,6,0,3,18,0,0,9,15,0.234,0.33,0.429,0.758,33,,3,3,2,0,,player.fcgi?id=cody--000cha
Robbie Coman,22,2016,Virginia,6,18,15,1,3,0,0,0,1,0,0,2,4,0.2,0.333,0.2,0.533,3,,1,0,0,0,,player.fcgi?id=coman-000rob
Cam Comer*,19,2016,Virginia,8,8,6,3,3,3,0,0,4,0,0,2,1,0.5,0.625,1,1.625,6,,0,0,0,0,,player.fcgi?id=comer-000cam
Kevin Doherty,--,2016,Virginia,32,25,23,2,6,0,0,0,6,0,0,1,5,0.261,0.28,0.261,0.541,6,,0,0,1,0,,player.fcgi?id=dohert000kev
Doak Dozier*,--,2016,Virginia,25,80,69,9,15,2,0,2,6,1,1,4,20,0.217,0.267,0.333,0.6,23,,1,5,1,0,,player.fcgi?id=dozier000doa
Nate Eikhoff*,19,2016,Virginia,40,113,102,10,29,7,3,1,17,2,3,5,15,0.284,0.321,0.441,0.762,45,,1,4,1,0,,player.fcgi?id=eikhof000nat
Jack Gerstenmaier,21,2016,Virginia,34,85,70,13,18,2,0,1,11,2,0,11,15,0.257,0.381,0.329,0.71,23,,3,1,0,0,,player.fcgi?id=gerste002jac
Adam Haseley*,20,2016,Virginia,59,280,242,60,73,19,6,6,36,3,1,28,28,0.302,0.377,0.504,0.881,122,,3,4,3,0,,player.fcgi?id=hasele000ada
Ryan Karstetter,19,2016,Virginia,51,130,120,15,27,4,1,0,17,2,1,2,26,0.225,0.254,0.275,0.529,33,,3,4,1,0,,player.fcgi?id=karste000rya
Jake McCarthy*,18,2016,Virginia,6,21,19,3,7,0,0,0,2,0,0,1,5,0.368,0.429,0.368,0.797,7,,1,0,0,0,,player.fcgi?id=mccart005jac
Jon Meola,19,2016,Virginia,5,7,7,0,2,0,0,0,0,0,0,0,2,0.286,0.286,0.286,0.571,2,,0,0,0,0,,player.fcgi?id=meola-000jon
Justin Novak,20,2016,Virginia,48,190,161,26,44,4,0,2,29,1,0,11,15,0.273,0.346,0.335,0.682,54,,7,11,0,0,,player.fcgi?id=novak-000jus
Daniel Pinero,22,2016,Virginia,58,254,208,48,69,19,1,3,37,5,6,38,30,0.332,0.434,0.476,0.91,99,,2,3,3,1,,player.fcgi?id=pinero000dan
Cameron Simmons,19,2016,Virginia,49,178,161,29,42,13,0,4,21,3,2,8,47,0.261,0.314,0.416,0.73,67,,5,3,1,0,,player.fcgi?id=simmon000cam
Pavin Smith*,20,2016,Virginia,59,269,223,42,74,15,1,8,57,2,1,36,23,0.332,0.414,0.516,0.93,115,,1,1,8,1,,player.fcgi?id=smith-000pav
Matt Thaiss*,21,2016,Virginia,59,274,229,55,87,13,2,10,59,0,1,37,16,0.38,0.474,0.585,1.06,134,,6,0,2,5,,player.fcgi?id=thaiss000mat
Andy Weber*,18,2016,Virginia,33,106,93,16,25,3,1,0,11,0,0,6,10,0.269,0.314,0.323,0.636,30,,1,4,2,0,,player.fcgi?id=weber-000and
Jack Weiller*,18,2016,Virginia,2,2,2,0,0,0,0,0,0,0,0,0,0,0,0,0,0,0,,0,0,0,0,,player.fcgi?id=weille000jac
Drew Blakely,19,2017,Virginia,10,25,20,2,5,0,0,0,4,0,0,2,2,0.25,0.348,0.25,0.598,5,,1,2,0,0,,player.fcgi?id=blakel000dre
Ernie Clement,21,2017,Virginia,58,285,254,56,80,5,1,2,34,14,2,13,7,0.315,0.345,0.366,0.711,93,,3,7,8,0,,player.fcgi?id=clemen000ern
Charlie Cody,21,2017,Virginia,32,88,67,17,17,5,0,4,16,3,0,12,12,0.254,0.407,0.507,0.914,34,,6,2,1,0,,player.fcgi?id=cody--000cha
Robbie Coman,23,2017,Virginia,52,232,199,28,69,14,0,5,40,3,2,18,17,0.347,0.402,0.492,0.894,98,,5,3,7,0,,player.fcgi?id=coman-000rob
Cam Comer*,20,2017,Virginia,16,22,19,1,2,0,0,0,1,0,0,3,3,0.105,0.227,0.105,0.333,2,,0,0,0,0,,player.fcgi?id=comer-000cam
Nate Eikhoff*,20,2017,Virginia,46,154,126,26,35,7,0,1,15,1,0,12,11,0.278,0.336,0.357,0.693,45,,1,11,4,3,,player.fcgi?id=eikhof000nat
Jalen Harrison,20,2017,Virginia,15,10,7,5,1,0,0,1,1,0,0,1,4,0.143,0.4,0.571,0.971,4,,2,0,0,0,,player.fcgi?id=harris001jal
Adam Haseley*,21,2017,Virginia,58,270,223,68,87,16,1,14,56,10,4,44,21,0.39,0.491,0.659,1.15,147,,1,1,1,0,,player.fcgi?id=hasele000ada
Caleb Knight,21,2017,Virginia,42,157,113,32,34,5,1,4,20,1,1,27,29,0.301,0.474,0.469,0.943,53,,13,1,3,0,,player.fcgi?id=knight002cal
Jake McCarthy*,19,2017,Virginia,59,279,237,57,80,11,7,5,36,27,2,26,35,0.338,0.425,0.506,0.932,120,,11,4,1,0,,player.fcgi?id=mccart005jac
Justin Novak,21,2017,Virginia,44,151,129,24,38,9,0,1,14,3,0,13,13,0.295,0.377,0.388,0.764,50,,4,5,0,0,,player.fcgi?id=novak-000jus
Cayman Richardson,19,2017,Virginia,19,45,39,8,9,0,1,0,2,0,0,3,2,0.231,0.302,0.282,0.584,11,,1,2,0,0,,player.fcgi?id=richar000cay
Cameron Simmons,20,2017,Virginia,58,247,213,47,75,14,2,9,57,9,2,23,40,0.352,0.432,0.563,0.995,120,,7,4,0,0,,player.fcgi?id=simmon000cam
Pavin Smith*,21,2017,Virginia,59,274,228,53,78,11,1,13,77,2,0,38,12,0.342,0.427,0.57,0.997,130,,1,0,7,1,,player.fcgi?id=smith-000pav
Andy Weber*,19,2017,Virginia,52,226,187,35,52,8,4,2,43,4,1,20,25,0.278,0.349,0.396,0.744,74,,4,8,7,0,,player.fcgi?id=weber-000and
Andrew Abbott*,19,2018,Virginia,24,1,1,0,0,0,0,0,0,0,0,0,0,0,0,0,0,0,,0,0,0,0,,player.fcgi?id=abbott000and
Will Allocca,21,2018,Virginia,7,11,10,0,1,0,0,0,0,0,0,1,3,0.1,0.182,0.1,0.282,1,,0,0,0,0,,player.fcgi?id=allocc000wil
Charlie Cody,22,2018,Virginia,45,176,140,19,31,8,0,0,14,1,1,22,31,0.221,0.353,0.279,0.631,39,,8,3,3,1,,player.fcgi?id=cody--000cha
Cam Comer*,21,2018,Virginia,45,172,138,28,36,8,0,4,15,1,1,25,33,0.261,0.389,0.406,0.795,56,,4,5,0,1,,player.fcgi?id=comer-000cam
Nate Eikhoff*,21,2018,Virginia,54,243,192,28,56,9,1,3,37,4,3,30,24,0.292,0.387,0.396,0.783,76,,5,8,8,5,,player.fcgi?id=eikhof000nat
Jack Gerstenmaier,23,2018,Virginia,4,3,3,1,0,0,0,0,0,0,0,0,2,0,0,0,0,0,,0,0,0,0,,player.fcgi?id=gerste002jac
Jalen Harrison,21,2018,Virginia,10,9,6,3,2,0,1,0,2,1,0,3,2,0.333,0.556,0.667,1.222,4,,0,0,0,0,,player.fcgi?id=harris001jal
Christian Hlinka*,18,2018,Virginia,16,20,20,3,5,0,0,0,3,0,0,0,5,0.25,0.25,0.25,0.5,5,,0,0,0,0,,player.fcgi?id=hlinka000chr
Caleb Knight,22,2018,Virginia,42,170,133,25,30,7,0,3,18,0,1,21,26,0.226,0.383,0.346,0.729,46,,13,3,0,0,,player.fcgi?id=knight002cal
Jake McCarthy*,20,2018,Virginia,20,100,82,17,27,7,0,0,12,9,0,10,9,0.329,0.414,0.415,0.829,34,,4,1,3,2,,player.fcgi?id=mccart005jac
Tanner Morris*,20,2018,Virginia,51,241,198,39,59,9,0,2,20,1,1,31,29,0.298,0.397,0.374,0.771,74,,3,7,2,2,,player.fcgi?id=morris000tan
Justin Novak,22,2018,Virginia,45,176,153,24,42,4,0,0,14,3,3,14,16,0.275,0.339,0.301,0.64,46,,2,5,2,0,,player.fcgi?id=novak-000jus
Devin Ortiz,19,2018,Virginia,23,65,60,6,10,2,1,0,5,0,0,2,15,0.167,0.231,0.233,0.464,14,,3,0,0,0,,player.fcgi?id=ortiz-001dev
Andrew Papantonis,19,2018,Virginia,12,22,16,1,4,1,0,1,4,0,0,4,7,0.25,0.455,0.5,0.955,8,,2,0,0,0,,player.fcgi?id=papant000and
Cayman Richardson,20,2018,Virginia,47,184,156,24,40,7,0,0,18,7,0,16,21,0.256,0.343,0.301,0.644,47,,5,6,1,0,,player.fcgi?id=richar000cay
Brendan Rivoli*,19,2018,Virginia,33,91,85,11,21,5,1,2,15,0,1,4,17,0.247,0.297,0.4,0.697,34,,2,0,0,0,,player.fcgi?id=rivoli000bre
Alex Tappen,19,2018,Virginia,54,236,210,24,55,13,1,4,36,3,2,14,37,0.262,0.321,0.39,0.711,82,,6,2,4,0,,player.fcgi?id=tappen000ale
Andy Weber*,20,2018,Virginia,54,248,209,42,72,19,3,5,49,4,0,22,32,0.344,0.415,0.536,0.951,112,,8,2,7,2,,player.fcgi?id=weber-000and
Jack Weiller*,20,2018,Virginia,17,32,30,7,7,2,0,3,7,0,0,1,1,0.233,0.258,0.6,0.858,18,,0,1,0,0,,player.fcgi?id=weille000jac
Will Allocca,22,2019,Virginia,5,4,4,0,0,0,0,0,0,0,0,0,1,0,0,0,0,0,,0,0,0,0,,player.fcgi?id=allocc000wil
Drew Blakely,21,2019,Virginia,1,1,1,0,0,0,0,0,0,0,0,0,0,0,0,0,0,0,,0,0,0,0,,player.fcgi?id=blakel000dre
Cam Comer*,22,2019,Virginia,24,73,53,14,12,3,0,0,6,0,0,17,16,0.226,0.411,0.283,0.694,15,,1,0,2,0,,player.fcgi?id=comer-000cam
Jack Dragum,19,2019,Virginia,10,15,13,1,2,0,0,0,1,0,0,2,3,0.154,0.267,0.154,0.421,2,,0,0,0,0,,player.fcgi?id=dragum000jac
Nate Eikhoff*,22,2019,Virginia,56,240,204,30,54,10,2,3,32,3,0,23,38,0.265,0.342,0.377,0.719,77,,3,6,4,0,,player.fcgi?id=eikhof000nat
Zack Gelof,19,2019,Virginia,56,264,227,38,71,13,0,2,32,16,3,24,52,0.313,0.377,0.396,0.773,90,,3,4,6,0,,player.fcgi?id=gelof-000zac
Drew Hamrock,19,2019,Virginia,23,32,27,8,7,2,0,0,3,2,1,3,9,0.259,0.375,0.333,0.708,9,,2,0,0,0,,player.fcgi?id=hamroc000dre
Ben Harris*,19,2019,Virginia,7,5,4,0,0,0,0,0,0,0,0,1,2,0,0.2,0,0.2,0,,0,0,0,0,,player.fcgi?id=harris009ben
Nic Kent,19,2019,Virginia,55,247,202,38,68,9,3,3,42,17,4,25,37,0.337,0.417,0.455,0.872,92,,5,12,3,0,,player.fcgi?id=kent--000nic
Logan Michaels,20,2019,Virginia,45,155,135,20,42,4,0,0,20,3,1,7,12,0.311,0.38,0.341,0.721,46,,8,5,0,0,,player.fcgi?id=michae001log
Tanner Morris*,21,2019,Virginia,56,270,223,56,77,21,0,5,38,3,1,41,38,0.345,0.452,0.507,0.959,113,,4,0,2,4,,player.fcgi?id=morris000tan
Devin Ortiz,20,2019,Virginia,27,24,19,8,8,0,0,1,3,0,0,2,3,0.421,0.478,0.579,1.057,11,,1,1,1,0,,player.fcgi?id=ortiz-001dev
Cayman Richardson,21,2019,Virginia,51,187,163,29,44,5,3,1,16,4,3,12,46,0.27,0.328,0.356,0.684,58,,3,7,2,0,,player.fcgi?id=richar000cay
Brendan Rivoli*,20,2019,Virginia,51,233,206,39,66,13,1,5,42,5,2,13,29,0.32,0.386,0.466,0.852,96,,11,0,3,3,,player.fcgi?id=rivoli000bre
Cameron Simmons,22,2019,Virginia,55,245,208,38,54,12,0,5,34,12,0,27,51,0.26,0.363,0.389,0.753,81,,8,0,2,0,,player.fcgi?id=simmon000cam
Alex Tappen,20,2019,Virginia,46,145,127,28,29,5,0,3,23,4,1,11,24,0.228,0.303,0.339,0.642,43,,4,0,3,0,,player.fcgi?id=tappen000ale
Jack Weiller*,21,2019,Virginia,43,132,109,12,29,9,0,0,20,0,1,13,10,0.266,0.341,0.349,0.69,38,,2,3,5,1,,player.fcgi?id=weille000jac
Tate Ballestero#,19,2020,Virginia,9,14,12,2,1,0,1,0,2,0,0,1,2,0.083,0.214,0.25,0.464,3,,1,0,0,0,,player.fcgi?id=balles000tat
Max Cotier*,19,2020,Virginia,18,86,74,21,25,3,4,1,15,3,0,8,12,0.338,0.41,0.527,0.937,39,,1,3,0,0,,player.fcgi?id=cotier000max
Zack Gelof,20,2020,Virginia,18,82,63,24,22,6,2,5,18,4,3,13,18,0.349,0.469,0.746,1.215,47,,3,1,2,0,,player.fcgi?id=gelof-000zac
Drew Hamrock,20,2020,Virginia,11,30,19,8,5,2,0,0,5,0,0,7,3,0.263,0.483,0.368,0.851,7,,2,1,1,0,,player.fcgi?id=hamroc000dre
Christian Hlinka*,20,2020,Virginia,11,27,25,7,8,0,1,4,9,0,0,2,9,0.32,0.37,0.88,1.25,22,,0,0,0,0,,player.fcgi?id=hlinka000chr
Walker Jenkins*,22,2020,Virginia,4,12,11,1,1,0,0,0,0,0,1,1,0,0.091,0.167,0.091,0.258,1,,0,0,0,0,,player.fcgi?id=jenkin000wal
Nic Kent,20,2020,Virginia,18,83,67,17,22,4,0,1,7,6,0,11,10,0.328,0.451,0.433,0.884,29,,4,1,0,0,,player.fcgi?id=kent--000nic
Marc-Antoine Lebreux*,21,2020,Virginia,18,83,66,18,20,5,0,0,14,4,0,13,7,0.303,0.425,0.379,0.804,25,,1,3,0,0,,player.fcgi?id=lebreu000mar
Logan Michaels,21,2020,Virginia,18,68,57,17,18,6,0,1,16,2,0,5,4,0.316,0.403,0.474,0.877,27,,4,1,1,0,,player.fcgi?id=michae001log
Chris Newell*,19,2020,Virginia,18,78,59,21,24,5,1,4,20,8,0,13,21,0.407,0.545,0.729,1.274,43,,5,1,0,0,,player.fcgi?id=newell002chr
Devin Ortiz,21,2020,Virginia,17,73,55,11,14,3,0,2,14,3,0,13,8,0.255,0.403,0.418,0.821,23,,2,1,2,1,,player.fcgi?id=ortiz-001dev
Brendan Rivoli*,21,2020,Virginia,14,59,50,6,16,3,1,0,11,2,0,5,3,0.32,0.39,0.42,0.81,21,,2,0,2,0,,player.fcgi?id=rivoli000bre
Jimmy Sullivan*,20,2020,Virginia,10,33,30,7,7,0,0,4,7,2,0,1,6,0.233,0.281,0.633,0.915,19,,1,1,0,0,,player.fcgi?id=sulliv005jim
Alex Tappen,21,2020,Virginia,5,20,17,2,4,1,0,0,1,0,1,0,2,0.235,0.263,0.294,0.557,5,,1,1,1,0,,player.fcgi?id=tappen000ale
Tate Ballestero#,20,2021,Virginia,17,41,32,3,7,0,0,0,2,0,0,6,13,0.219,0.375,0.219,0.594,7,,2,1,0,0,,player.fcgi?id=balles000tat
Addie Burrow*,19,2021,Virginia,6,12,8,1,1,0,0,0,1,0,2,4,2,0.125,0.417,0.125,0.542,1,,0,0,0,0,,player.fcgi?id=burrow000add
Max Cotier*,20,2021,Virginia,60,270,229,30,60,8,1,0,30,3,2,23,34,0.262,0.344,0.306,0.649,70,,6,11,1,0,,player.fcgi?id=cotier000max
Jake Gelof,19,2021,Virginia,38,130,111,23,28,8,2,4,15,1,1,15,31,0.252,0.336,0.468,0.804,52,,0,2,2,0,,player.fcgi?id=gelof-000jak
Zack Gelof,21,2021,Virginia,63,299,260,50,81,18,0,9,41,12,1,32,40,0.312,0.393,0.485,0.877,126,,4,1,2,1,,player.fcgi?id=gelof-000zac
Drew Hamrock,21,2021,Virginia,9,7,6,1,1,0,0,0,0,1,1,1,2,0.167,0.286,0.167,0.452,1,,0,0,0,0,,player.fcgi?id=hamroc000dre
Christian Hlinka*,21,2021,Virginia,23,52,43,4,10,4,0,0,5,0,1,5,12,0.233,0.353,0.326,0.679,14,,3,1,0,1,,player.fcgi?id=hlinka000chr
Nic Kent,21,2021,Virginia,63,288,247,38,59,12,0,8,45,15,3,31,34,0.239,0.338,0.385,0.723,95,,7,1,2,0,,player.fcgi?id=kent--000nic
Marc-Antoine Lebreux*,22,2021,Virginia,42,87,69,12,16,1,0,0,6,5,2,14,24,0.232,0.369,0.246,0.615,17,,1,3,0,0,,player.fcgi?id=lebreu000mar
Logan Michaels,22,2021,Virginia,52,191,158,32,40,9,0,1,20,3,1,18,24,0.253,0.348,0.329,0.677,52,,6,7,2,1,,player.fcgi?id=michae001log
Chris Newell*,20,2021,Virginia,58,225,194,29,50,6,3,5,34,13,2,17,75,0.258,0.336,0.397,0.733,77,,7,5,2,2,,player.fcgi?id=newell002chr
Devin Ortiz,22,2021,Virginia,61,258,222,41,60,10,1,8,34,3,2,24,35,0.27,0.359,0.432,0.792,96,,8,2,2,1,,player.fcgi?id=ortiz-001dev
Brendan Rivoli*,22,2021,Virginia,52,220,195,26,53,10,1,1,24,4,0,9,33,0.272,0.333,0.349,0.682,68,,10,4,2,0,,player.fcgi?id=rivoli000bre
Jimmy Sullivan*,21,2021,Virginia,12,18,17,1,1,0,0,0,0,0,0,1,7,0.059,0.111,0.059,0.17,1,,0,0,0,0,,player.fcgi?id=sulliv005jim
Alex Tappen,22,2021,Virginia,55,164,145,24,33,10,0,6,24,2,1,14,38,0.228,0.309,0.421,0.729,61,,3,2,0,0,,player.fcgi?id=tappen000ale
Kyle Teel*,19,2021,Virginia,54,238,209,41,70,11,1,9,41,5,0,24,37,0.335,0.416,0.526,0.942,110,,5,0,0,1,,player.fcgi?id=teel--000kyl
Ethan Anderson#,18,2022,Virginia,50,186,159,35,48,12,2,5,39,0,0,21,38,0.302,0.403,0.497,0.9,79,4,6,0,0,0,,player.fcgi?id=anders001eth
Matthew Buchanan*,19,2022,Virginia,23,4,4,0,0,0,0,0,0,0,0,0,3,0,0,0,0,0,0,0,0,0,0,,player.fcgi?id=buchan000mat
Addie Burrow*,20,2022,Virginia,5,3,3,2,2,0,0,0,0,0,0,0,1,0.667,0.667,0.667,1.333,2,0,0,0,0,0,,player.fcgi?id=burrow000add
Max Cotier*,21,2022,Virginia,45,161,136,24,35,4,1,0,23,6,1,18,26,0.257,0.342,0.301,0.643,41,0,0,6,1,0,,player.fcgi?id=cotier000max
Jake Gelof,20,2022,Virginia,58,262,212,65,80,15,2,21,81,3,0,41,49,0.377,0.477,0.764,1.241,162,1,4,0,5,5,,player.fcgi?id=gelof-000jak
Drew Hamrock,22,2022,Virginia,4,12,10,3,3,1,0,0,0,1,0,1,1,0.3,0.417,0.4,0.817,4,0,1,0,0,0,,player.fcgi?id=hamroc000dre
Chris Newell*,21,2022,Virginia,54,235,190,51,49,4,0,12,32,16,2,33,66,0.258,0.385,0.468,0.854,89,0,7,4,1,0,,player.fcgi?id=newell002chr
Griff O'Ferrall,19,2022,Virginia,58,275,227,56,70,5,1,2,39,17,2,38,26,0.308,0.406,0.366,0.772,83,4,2,4,4,1,,player.fcgi?id=oferra000gri
Devin Ortiz,23,2022,Virginia,58,263,217,47,62,12,0,7,47,3,0,32,34,0.286,0.389,0.438,0.827,95,11,8,1,5,1,,player.fcgi?id=ortiz-001dev
Justin Rubin,19,2022,Virginia,36,104,87,19,29,7,0,1,13,3,3,11,7,0.333,0.426,0.448,0.874,39,0,3,3,0,0,,player.fcgi?id=rubin-000jus
Casey Saucke,18,2022,Virginia,53,217,186,44,67,16,3,7,46,6,3,23,62,0.36,0.438,0.591,1.029,110,2,5,0,3,0,,player.fcgi?id=saucke002cas
Tristan Shoemaker,19,2022,Virginia,15,21,19,3,3,1,0,0,2,0,0,2,4,0.158,0.238,0.211,0.449,4,0,0,0,0,0,,player.fcgi?id=shoema001tri
Anthony Stephan*,19,2022,Virginia,21,34,25,6,5,1,0,0,4,0,0,6,4,0.2,0.353,0.24,0.593,6,1,1,0,2,0,,player.fcgi?id=stepha000ant
Jimmy Sullivan*,22,2022,Virginia,19,21,18,2,4,0,0,0,1,0,0,2,3,0.222,0.333,0.222,0.556,4,0,1,0,0,0,,player.fcgi?id=sulliv005jim
Alex Tappen,23,2022,Virginia,58,260,227,50,83,15,1,13,71,3,2,19,40,0.366,0.421,0.612,1.033,139,6,7,1,6,0,,player.fcgi?id=tappen000ale
Kyle Teel*,20,2022,Virginia,58,277,221,62,61,12,3,6,45,3,2,41,36,0.276,0.402,0.439,0.841,97,1,9,1,5,0,,player.fcgi?id=teel--000kyl
Colin Tuft,19,2022,Virginia,37,117,96,30,28,1,2,1,15,3,0,13,18,0.292,0.41,0.375,0.785,36,4,7,0,1,0,,player.fcgi?id=tuft--000col
Jay Woolfolk,19,2022,Virginia,29,1,1,0,0,0,0,0,0,0,0,0,0,0,0,0,0,0,0,0,0,0,0,,player.fcgi?id=woolfo000jay
Ethan Anderson#,19,2023,Virginia,65,308,259,71,97,26,0,15,66,3,1,42,32,0.375,0.469,0.649,1.118,168,10,5,1,1,3,,player.fcgi?id=anders001eth
Chris Baker*,24,2023,Virginia,27,36,32,4,10,4,0,0,12,0,0,4,5,0.313,0.389,0.438,0.826,14,0,0,0,0,0,,player.fcgi?id=baker-009chr
Matthew Buchanan*,20,2023,Virginia,6,1,1,0,0,0,0,0,0,0,0,0,0,0,0,0,0,0,0,0,0,0,0,,player.fcgi?id=buchan000mat
Tommy Courtney*,23,2023,Virginia,12,11,9,1,3,1,0,0,3,0,0,1,2,0.333,0.364,0.444,0.808,4,1,0,0,1,0,,player.fcgi?id=courtn001tom
Harrison Didawick*,20,2023,Virginia,53,201,159,44,40,6,5,4,34,10,1,25,39,0.252,0.366,0.428,0.794,68,4,6,7,4,0,,player.fcgi?id=didawi000har
Jake Gelof,21,2023,Virginia,65,307,252,71,81,23,3,23,90,3,2,48,50,0.321,0.427,0.71,1.137,179,3,2,0,5,3,,player.fcgi?id=gelof-000jak
Henry Godbout,19,2023,Virginia,56,222,189,37,54,13,1,3,38,9,0,14,31,0.286,0.376,0.413,0.789,78,4,14,4,1,0,,player.fcgi?id=godbou000hen
Luke Hanson,19,2023,Virginia,26,56,45,16,16,3,0,0,9,0,0,6,7,0.356,0.473,0.422,0.895,19,0,4,1,0,0,,player.fcgi?id=hanson003luk
Bradley Hodges*,19,2023,Virginia,20,2,1,0,0,0,0,0,0,0,0,0,1,0,0.5,0,0.5,0,0,1,0,0,0,,player.fcgi?id=hodges003bra
Ethan O'Donnell*,21,2023,Virginia,65,312,254,71,90,18,1,13,57,18,5,36,57,0.354,0.448,0.587,1.034,149,4,11,6,5,0,,player.fcgi?id=odonne000eth
Griff O'Ferrall,20,2023,Virginia,65,313,273,76,108,20,2,1,42,16,2,29,38,0.396,0.453,0.495,0.948,135,4,3,4,4,0,,player.fcgi?id=oferra000gri
Travis Reifsnider*,24,2023,Virginia,20,24,17,4,2,0,0,0,3,0,0,4,5,0.118,0.375,0.118,0.493,2,0,3,0,0,0,,player.fcgi?id=reifsn000tra
Justin Rubin,20,2023,Virginia,28,72,58,12,11,1,0,1,10,1,2,5,7,0.19,0.31,0.259,0.568,15,2,6,1,2,0,,player.fcgi?id=rubin-000jus
Casey Saucke,19,2023,Virginia,65,291,251,50,75,16,1,4,48,10,2,29,51,0.299,0.392,0.418,0.81,105,7,10,0,1,1,,player.fcgi?id=saucke002cas
Anthony Stephan*,20,2023,Virginia,55,201,158,38,52,13,1,5,35,4,1,28,25,0.329,0.449,0.519,0.968,82,3,9,3,3,0,,player.fcgi?id=stepha000ant
Kyle Teel*,21,2023,Virginia,65,297,258,67,105,25,0,13,69,5,1,32,36,0.407,0.475,0.655,1.13,169,5,4,0,3,1,,player.fcgi?id=teel--000kyl
Colin Tuft,20,2023,Virginia,41,115,94,20,22,3,0,1,17,5,3,16,32,0.234,0.368,0.298,0.666,28,1,4,1,0,0,,player.fcgi?id=tuft--000col
Ethan Anderson#,20,2024,Virginia,63,301,248,67,82,20,0,8,40,5,2,40,32,0.331,0.435,0.508,0.943,126,5,9,0,4,3,,player.fcgi?id=anders001eth
Eric Becker*,19,2024,Virginia,45,159,127,36,46,9,3,8,46,4,1,17,30,0.362,0.468,0.669,1.137,85,0,10,3,2,1,,player.fcgi?id=becker000eri
Walker Buchanan,19,2024,Virginia,9,8,6,2,1,0,0,0,0,0,0,2,1,0.167,0.375,0.167,0.542,1,0,0,0,0,0,,player.fcgi?id=buchan000wal
Harrison Didawick*,21,2024,Virginia,63,292,240,78,70,13,1,23,68,14,6,41,71,0.292,0.414,0.642,1.055,154,2,9,2,0,1,,player.fcgi?id=didawi000har
Jacob Ference,23,2024,Virginia,54,245,200,55,70,13,4,17,43,12,3,33,47,0.35,0.465,0.71,1.175,142,2,11,0,1,2,,player.fcgi?id=ferenc000jac
Henry Ford,19,2024,Virginia,61,291,253,60,85,13,1,17,69,3,0,29,53,0.336,0.409,0.597,1.006,151,4,5,0,4,2,,player.fcgi?id=ford--002hen
Henry Godbout,20,2024,Virginia,51,217,172,51,64,18,1,9,47,6,3,29,20,0.372,0.472,0.645,1.117,111,1,8,3,5,1,,player.fcgi?id=godbou000hen
Luke Hanson,20,2024,Virginia,54,183,147,34,42,7,1,7,37,3,0,18,40,0.286,0.387,0.49,0.877,72,2,7,10,1,0,,player.fcgi?id=hanson003luk
Tristan Head#,20,2024,Virginia,4,4,3,0,1,0,0,0,1,0,0,1,1,0.333,0.5,0.333,0.833,1,1,0,0,0,0,,player.fcgi?id=head--000tri
Griff O'Ferrall,21,2024,Virginia,63,323,284,64,92,20,1,5,52,17,4,22,24,0.324,0.367,0.454,0.821,129,5,3,4,10,0,,player.fcgi?id=oferra000gri
Antonio Perrotta*,19,2024,Virginia,13,13,11,5,5,0,0,1,4,1,0,2,2,0.455,0.538,0.727,1.266,8,0,0,0,0,0,,player.fcgi?id=perrot002ant
Casey Saucke,20,2024,Virginia,62,296,256,56,88,18,0,14,65,9,1,28,54,0.344,0.407,0.578,0.985,148,3,4,1,7,1,,player.fcgi?id=saucke002cas
Anthony Stephan*,21,2024,Virginia,45,171,134,28,41,10,2,2,23,7,3,28,25,0.306,0.44,0.455,0.895,61,1,4,5,0,0,,player.fcgi?id=stepha000ant
Aidan Teel*,19,2024,Virginia,30,11,10,4,4,0,0,3,6,0,0,1,2,0.4,0.455,1.3,1.755,13,0,0,0,0,0,,player.fcgi?id=teel--000aid
Bobby Whalen,23,2024,Virginia,59,207,170,41,61,10,1,2,35,7,2,23,35,0.359,0.446,0.465,0.91,79,1,6,5,3,0,,player.fcgi?id=whalen000bob
Chris Arroyo*,20,2025,Virginia,49,217,189,31,55,8,1,11,42,5,1,23,30,0.291,0.361,0.519,0.88,98,1,0,1,4,1,,player.fcgi?id=arroyo001chr
Eric Becker*,20,2025,Virginia,50,236,201,54,74,21,1,9,52,5,4,21,41,0.368,0.453,0.617,1.07,124,5,12,0,2,0,,player.fcgi?id=becker000eri
Will Broderick*,19,2025,Virginia,1,1,0,0,0,0,0,0,1,0,0,1,0,,1,,,0,0,0,0,0,0,,player.fcgi?id=broder002wil
Walker Buchanan,20,2025,Virginia,17,29,28,4,7,1,0,1,7,0,0,0,3,0.25,0.276,0.393,0.669,11,1,1,0,0,0,,player.fcgi?id=buchan000wal
Harrison Didawick*,22,2025,Virginia,44,167,138,29,31,2,1,6,28,5,5,19,31,0.225,0.327,0.384,0.711,53,0,3,5,2,0,,player.fcgi?id=didawi000har
Jacob Ference,24,2025,Virginia,39,157,126,33,42,6,0,9,29,9,1,22,34,0.333,0.465,0.595,1.06,75,1,9,0,0,1,,player.fcgi?id=ferenc000jac
Henry Ford,20,2025,Virginia,50,231,207,42,75,9,1,11,46,4,2,21,30,0.362,0.42,0.575,0.995,119,4,1,0,2,1,,player.fcgi?id=ford--002hen
Henry Godbout,21,2025,Virginia,50,226,191,35,59,10,1,8,37,6,5,26,19,0.309,0.397,0.497,0.895,95,8,4,2,3,0,,player.fcgi?id=godbou000hen
Luke Hanson,21,2025,Virginia,48,190,153,42,38,4,0,3,21,12,1,28,37,0.248,0.373,0.333,0.706,51,0,3,5,1,0,,player.fcgi?id=hanson003luk
Aiden Harris,18,2025,Virginia,11,12,10,4,4,1,0,0,3,0,0,1,2,0.4,0.5,0.5,1,5,0,1,0,0,0,,player.fcgi?id=harris000aid
Chone James,19,2025,Virginia,26,77,67,16,25,5,1,0,11,4,0,9,16,0.373,0.455,0.478,0.932,32,2,1,0,0,0,,player.fcgi?id=james-000cho
James Nunnallee*,19,2025,Virginia,48,174,142,38,42,12,0,1,26,9,3,18,13,0.296,0.407,0.401,0.808,57,2,10,2,2,1,,player.fcgi?id=nunnal000jam
Antonio Perrotta*,20,2025,Virginia,10,13,10,4,3,1,0,1,2,0,0,2,0,0.3,0.462,0.7,1.162,7,1,1,0,0,0,,player.fcgi?id=perrot002ant
Jackson Sirois,20,2025,Virginia,20,27,22,4,5,1,0,1,4,0,0,4,3,0.227,0.37,0.409,0.779,9,0,1,0,0,0,,player.fcgi?id=sirois000jac
Aidan Teel*,20,2025,Virginia,50,233,186,51,59,20,0,7,40,9,0,31,30,0.317,0.442,0.538,0.979,100,0,12,2,2,0,,player.fcgi?id=teel--000aid
Trey Wells,22,2025,Virginia,19,70,57,12,15,3,2,1,17,0,0,4,19,0.263,0.324,0.439,0.762,25,1,3,2,4,0,,player.fcgi?id=wells-003tre
Brett Armour?,--,2013,Wake Forest,47,190,171,21,46,7,2,3,29,1,2,13,31,0.269,0.326,0.386,0.712,66,,3,0,3,0,,player.fcgi?id=armour000bre
Pat Blair,21,2013,Wake Forest,54,254,186,40,53,14,2,3,38,19,2,57,38,0.285,0.464,0.43,0.894,80,,7,2,2,0,,player.fcgi?id=blair-000pat
Jack Carey?,--,2013,Wake Forest,46,176,146,22,36,4,0,6,33,5,1,23,50,0.247,0.356,0.397,0.754,58,,3,2,2,0,,player.fcgi?id=carey-000jac
Kevin Conway,20,2013,Wake Forest,27,73,64,9,12,3,1,2,15,0,0,8,22,0.188,0.274,0.359,0.633,23,,0,0,1,0,,player.fcgi?id=conway000kev
Matt Conway,22,2013,Wake Forest,50,208,188,27,63,18,0,3,36,4,0,17,20,0.335,0.389,0.479,0.868,90,,1,0,2,0,,player.fcgi?id=conway000mat
Luke Czajkowski,19,2013,Wake Forest,17,51,43,7,10,0,0,1,4,2,1,7,12,0.233,0.353,0.302,0.655,13,,1,0,0,1,,player.fcgi?id=czajko000luk
James Harris*,21,2013,Wake Forest,9,24,19,3,3,1,0,1,4,0,0,4,9,0.158,0.292,0.368,0.66,7,,0,0,1,0,,player.fcgi?id=harris019jam
Kevin Jordan*,21,2013,Wake Forest,33,98,85,12,16,3,2,1,4,5,3,12,36,0.188,0.296,0.306,0.602,26,,1,0,0,0,,player.fcgi?id=jordan004kev
Garrett Kelly,18,2013,Wake Forest,9,22,17,5,4,0,0,0,1,0,0,3,2,0.235,0.333,0.235,0.569,4,,0,1,1,0,,player.fcgi?id=kelly-000gar
Conor Keniry*,21,2013,Wake Forest,43,176,146,24,35,6,3,0,19,2,4,23,28,0.24,0.349,0.322,0.671,47,,2,4,1,0,,player.fcgi?id=keniry000con
Charlie Morgan*,21,2013,Wake Forest,51,174,146,21,37,10,1,2,18,1,0,24,22,0.253,0.364,0.377,0.741,55,,2,1,1,0,,player.fcgi?id=morgan007cha
Joe Napolitano,21,2013,Wake Forest,23,39,35,3,9,0,0,0,5,1,1,3,8,0.257,0.333,0.257,0.59,9,,1,0,0,0,,player.fcgi?id=napoli002joe
Jimmy Redovian,19,2013,Wake Forest,10,21,19,3,5,0,0,1,2,0,0,1,10,0.263,0.333,0.421,0.754,8,,1,0,0,0,,player.fcgi?id=redovi000jim
Mark Rhine?,--,2013,Wake Forest,52,229,178,37,51,7,0,3,25,6,1,29,21,0.287,0.428,0.376,0.804,67,,15,7,0,0,,player.fcgi?id=rhine-000mar
Joey Rodriguez,19,2013,Wake Forest,42,102,95,22,21,3,0,2,12,4,1,3,17,0.221,0.257,0.316,0.573,30,,2,1,1,0,,player.fcgi?id=rodrig004joe
Grant Shambley?,--,2013,Wake Forest,36,84,61,17,23,4,0,0,14,6,1,10,16,0.377,0.453,0.443,0.896,27,,1,9,3,0,,player.fcgi?id=shambl000gra
Evan Stephens?,--,2013,Wake Forest,54,243,185,43,66,5,2,0,22,15,2,42,38,0.357,0.496,0.405,0.901,75,,10,5,1,2,,player.fcgi?id=stephe000eva
Andrew Williams?,--,2013,Wake Forest,29,79,70,12,17,7,0,2,8,1,0,7,19,0.243,0.312,0.429,0.74,30,,0,2,0,0,,player.fcgi?id=willia002and
Ben Breazeale*,19,2014,Wake Forest,51,175,138,17,30,7,0,0,11,0,0,34,31,0.217,0.374,0.268,0.642,37,,1,1,1,0,,player.fcgi?id=breaze000ben
Jack Carey?,--,2014,Wake Forest,31,95,70,8,12,3,0,2,9,0,0,21,31,0.171,0.376,0.3,0.676,21,,2,2,0,1,,player.fcgi?id=carey-000jac
Kevin Conway,21,2014,Wake Forest,12,20,19,1,2,1,0,0,3,0,0,0,6,0.105,0.15,0.158,0.308,3,,1,0,0,0,,player.fcgi?id=conway000kev
Matt Conway,23,2014,Wake Forest,55,245,222,23,65,11,0,4,33,3,1,19,24,0.293,0.351,0.396,0.747,88,,2,0,2,2,,player.fcgi?id=conway000mat
Will Craig,19,2014,Wake Forest,56,223,189,21,53,6,0,8,36,1,0,20,33,0.28,0.357,0.439,0.797,83,,6,2,6,0,,player.fcgi?id=craig-003wil
Luke Czajkowski,20,2014,Wake Forest,24,10,9,4,0,0,0,0,0,1,0,1,4,0,0.1,0,0.1,0,,0,0,0,0,,player.fcgi?id=czajko000luk
Kevin Jordan*,22,2014,Wake Forest,22,43,39,5,4,0,0,0,0,3,0,4,16,0.103,0.186,0.103,0.289,4,,0,0,0,0,,player.fcgi?id=jordan004kev
Garrett Kelly,19,2014,Wake Forest,32,44,32,6,3,1,0,0,3,0,0,8,10,0.094,0.31,0.125,0.435,4,,2,2,0,0,,player.fcgi?id=kelly-000gar
Conor Keniry*,22,2014,Wake Forest,56,244,207,25,53,12,0,3,21,4,1,28,29,0.256,0.353,0.357,0.71,74,,4,3,2,2,,player.fcgi?id=keniry000con
Nate Mondou*,19,2014,Wake Forest,54,190,172,25,48,11,0,7,22,3,2,11,25,0.279,0.321,0.465,0.786,80,,2,0,5,0,,player.fcgi?id=mondou000nat
Charlie Morgan*,22,2014,Wake Forest,52,237,201,21,45,8,1,5,39,0,0,26,52,0.224,0.321,0.348,0.669,70,,4,3,3,1,,player.fcgi?id=morgan007cha
Joe Napolitano,22,2014,Wake Forest,18,30,27,5,6,1,0,1,3,0,0,3,5,0.222,0.3,0.37,0.67,10,,0,0,0,0,,player.fcgi?id=napoli002joe
Jonathan Pryor*,20,2014,Wake Forest,16,30,28,1,5,0,0,0,3,1,0,1,13,0.179,0.2,0.179,0.379,5,,0,0,1,0,,player.fcgi?id=pryor-000jon
Eric Ramsey*,21,2014,Wake Forest,3,1,1,0,0,0,0,0,0,0,0,0,1,0,0,0,0,0,,0,0,0,0,,player.fcgi?id=ramsey002eri
Jimmy Redovian,20,2014,Wake Forest,30,90,78,13,14,1,0,1,8,1,0,7,19,0.179,0.264,0.231,0.495,18,,2,3,0,0,,player.fcgi?id=redovi000jim
Joey Rodriguez,20,2014,Wake Forest,30,118,103,8,21,5,0,1,8,6,0,9,27,0.204,0.278,0.282,0.56,29,,2,3,1,0,,player.fcgi?id=rodrig004joe
Grant Shambley?,--,2014,Wake Forest,48,183,151,30,50,4,1,0,20,5,3,21,30,0.331,0.42,0.371,0.791,56,,3,7,1,0,,player.fcgi?id=shambl000gra
Aaron Smith,--,2014,Wake Forest,1,2,2,0,0,0,0,0,0,0,0,0,2,0,0,0,0,0,,0,0,0,0,,player.fcgi?id=smith-004aar
Evan Stephens?,--,2014,Wake Forest,56,273,210,42,63,10,1,1,15,10,2,43,53,0.3,0.44,0.371,0.811,78,,11,7,2,4,,player.fcgi?id=stephe000eva
Nick Bisplinghoff,20,2015,Wake Forest,29,106,91,10,23,8,0,0,8,0,0,9,20,0.253,0.34,0.341,0.68,31,,3,3,0,0,,player.fcgi?id=bispli000nic
Ben Breazeale*,20,2015,Wake Forest,27,112,95,10,26,6,0,2,12,1,0,14,25,0.274,0.378,0.4,0.778,38,,2,1,0,0,,player.fcgi?id=breaze000ben
Seth Constable,22,2015,Wake Forest,12,4,4,2,0,0,0,0,0,2,0,0,0,0,0,0,0,0,,0,0,0,0,,player.fcgi?id=consta000set
Kevin Conway,22,2015,Wake Forest,35,116,93,17,25,3,0,2,8,1,0,15,32,0.269,0.409,0.366,0.774,34,,7,1,0,0,,player.fcgi?id=conway000kev
Will Craig,20,2015,Wake Forest,53,238,191,52,73,20,1,13,58,2,1,41,24,0.382,0.496,0.702,1.197,134,,4,0,2,6,,player.fcgi?id=craig-003wil
Luke Czajkowski,21,2015,Wake Forest,9,16,14,1,3,0,0,0,1,1,0,2,6,0.214,0.313,0.214,0.527,3,,0,0,0,0,,player.fcgi?id=czajko000luk
Stuart Fairchild,19,2015,Wake Forest,52,228,195,31,68,14,0,5,41,12,2,18,40,0.349,0.429,0.497,0.927,97,,11,2,2,0,,player.fcgi?id=fairch000stu
Drew Freedman,--,2015,Wake Forest,37,119,104,12,26,3,0,0,9,2,2,12,30,0.25,0.328,0.279,0.606,29,,0,3,0,0,,player.fcgi?id=freedm000dre
Kevin Jordan*,23,2015,Wake Forest,23,50,42,5,7,3,0,2,7,2,1,3,18,0.167,0.271,0.381,0.652,16,,3,2,0,0,,player.fcgi?id=jordan004kev
Keegan Maronpot,18,2015,Wake Forest,18,48,44,3,10,3,0,2,9,0,1,3,21,0.227,0.277,0.432,0.708,19,,0,1,0,1,,player.fcgi?id=maronp000kee
Nate Mondou*,20,2015,Wake Forest,53,248,222,51,75,18,3,10,57,5,1,18,30,0.338,0.391,0.581,0.972,129,,4,0,4,0,,player.fcgi?id=mondou000nat
Joe Napolitano,23,2015,Wake Forest,24,38,29,4,6,2,0,0,5,1,0,4,9,0.207,0.324,0.276,0.6,8,,2,1,2,0,,player.fcgi?id=napoli002joe
Zach Piazza,21,2015,Wake Forest,14,21,19,0,3,2,0,0,1,0,0,1,3,0.158,0.238,0.263,0.501,5,,1,0,0,0,,player.fcgi?id=piazza000zac
Jonathan Pryor*,21,2015,Wake Forest,48,200,177,35,56,9,0,1,11,8,2,5,40,0.316,0.366,0.384,0.75,68,,10,6,2,0,,player.fcgi?id=pryor-000jon
Eric Ramsey*,22,2015,Wake Forest,7,5,2,2,0,0,0,0,0,0,0,3,1,0,0.6,0,0.6,0,,0,0,0,0,,player.fcgi?id=ramsey002eri
Joey Rodriguez,21,2015,Wake Forest,44,188,154,35,47,16,0,3,20,9,4,21,37,0.305,0.411,0.468,0.878,72,,8,3,2,0,,player.fcgi?id=rodrig004joe
Gavin Sheets*,19,2015,Wake Forest,41,145,128,16,32,5,0,2,20,0,0,13,21,0.25,0.319,0.336,0.655,43,,1,1,2,0,,player.fcgi?id=sheets000gav
Aaron Smith,--,2015,Wake Forest,11,9,9,1,1,0,0,0,0,0,0,0,7,0.111,0.111,0.111,0.222,1,,0,0,0,0,,player.fcgi?id=smith-004aar
Bruce Steel,18,2015,Wake Forest,27,89,78,13,13,5,0,1,8,1,0,7,19,0.167,0.241,0.269,0.511,21,,1,2,1,0,,player.fcgi?id=steel-000bru
Justin Yurchak*,18,2015,Wake Forest,49,192,160,28,50,8,0,5,33,4,0,30,22,0.313,0.424,0.456,0.88,73,,1,1,0,0,,player.fcgi?id=yurcha000jus
John Aiello#,19,2016,Wake Forest,55,225,195,33,44,12,0,6,20,1,1,20,75,0.226,0.317,0.379,0.696,74,,6,4,0,0,,player.fcgi?id=aiello000joh
Ben Breazeale*,21,2016,Wake Forest,55,229,179,23,44,7,0,3,32,1,0,41,39,0.246,0.388,0.335,0.723,60,,3,2,4,0,,player.fcgi?id=breaze000ben
Kevin Conway,23,2016,Wake Forest,62,278,239,37,62,10,2,8,41,8,3,25,59,0.259,0.336,0.418,0.754,100,,5,4,5,0,,player.fcgi?id=conway000kev
Will Craig,21,2016,Wake Forest,55,244,182,53,69,16,0,16,66,0,1,47,35,0.379,0.52,0.731,1.251,133,,11,0,4,10,,player.fcgi?id=craig-003wil
Stuart Fairchild,20,2016,Wake Forest,62,283,232,50,68,20,3,5,47,14,3,39,42,0.293,0.403,0.47,0.873,109,,7,0,5,1,,player.fcgi?id=fairch000stu
Drew Freedman,--,2016,Wake Forest,28,67,53,8,13,0,0,0,3,5,2,9,12,0.245,0.365,0.245,0.61,13,,1,4,0,0,,player.fcgi?id=freedm000dre
Logan Harvey,19,2016,Wake Forest,16,51,40,8,13,3,0,2,10,0,0,8,9,0.325,0.46,0.55,1.01,22,,2,1,0,0,,player.fcgi?id=harvey000log
Keegan Maronpot,19,2016,Wake Forest,39,99,88,8,14,5,1,2,18,1,0,8,30,0.159,0.235,0.307,0.542,27,,1,1,1,0,,player.fcgi?id=maronp000kee
Nate Mondou*,21,2016,Wake Forest,62,282,245,50,74,14,1,4,35,4,1,22,27,0.302,0.383,0.416,0.799,102,,12,0,3,0,,player.fcgi?id=mondou000nat
Ryan Morse*,22,2016,Wake Forest,14,1,1,1,1,0,0,0,0,0,0,0,0,1,1,1,2,1,,0,0,0,0,,player.fcgi?id=morse-002rya
Jake Mueller,19,2016,Wake Forest,11,18,16,4,4,0,0,0,3,0,0,2,6,0.25,0.333,0.25,0.583,4,,0,0,0,0,,player.fcgi?id=muelle000jak
Jonathan Pryor*,22,2016,Wake Forest,57,221,166,39,41,8,0,1,17,5,1,39,51,0.247,0.421,0.313,0.735,52,,11,5,0,1,,player.fcgi?id=pryor-000jon
Joey Rodriguez,22,2016,Wake Forest,55,258,219,42,56,14,1,3,27,3,3,23,53,0.256,0.352,0.37,0.722,81,,10,5,1,0,,player.fcgi?id=rodrig004joe
Donnie Sellers,20,2016,Wake Forest,37,1,1,0,1,0,0,0,0,0,0,0,0,1,1,1,2,1,,0,0,0,0,,player.fcgi?id=seller000don
Gavin Sheets*,20,2016,Wake Forest,62,267,236,34,77,13,0,9,45,1,0,24,31,0.326,0.395,0.496,0.89,117,,4,1,2,1,,player.fcgi?id=sheets000gav
Aaron Smith,--,2016,Wake Forest,3,4,3,1,0,0,0,0,0,0,0,1,1,0,0.25,0,0.25,0,,0,0,0,0,,player.fcgi?id=smith-004aar
John Aiello#,20,2017,Wake Forest,63,284,244,57,80,17,0,20,53,4,1,25,76,0.328,0.417,0.643,1.06,157,,13,1,1,1,,player.fcgi?id=aiello000joh
Ben Breazeale*,22,2017,Wake Forest,60,272,237,50,79,16,0,11,51,0,0,27,39,0.333,0.399,0.54,0.939,128,,2,1,5,2,,player.fcgi?id=breaze000ben
Nick DiPonzio*,19,2017,Wake Forest,28,45,42,8,8,1,0,2,7,3,0,2,16,0.19,0.244,0.357,0.602,15,,1,0,0,0,,player.fcgi?id=diponz000nic
Stuart Fairchild,21,2017,Wake Forest,63,304,261,65,94,19,1,17,67,21,5,31,54,0.36,0.439,0.636,1.075,166,,8,1,3,2,,player.fcgi?id=fairch000stu
Patrick Frick,20,2017,Wake Forest,22,59,51,6,15,2,0,0,3,0,0,5,12,0.294,0.379,0.333,0.713,17,,2,1,0,0,,player.fcgi?id=frick-000pat
Logan Harvey,20,2017,Wake Forest,62,260,213,43,56,12,0,3,26,0,1,38,54,0.263,0.386,0.362,0.748,77,,6,1,2,0,,player.fcgi?id=harvey000log
Christian Long,20,2017,Wake Forest,14,27,23,1,2,0,0,0,1,0,0,3,11,0.087,0.185,0.087,0.272,2,,0,0,1,0,,player.fcgi?id=long--002chr
Keegan Maronpot,20,2017,Wake Forest,61,261,220,39,47,5,1,12,41,1,0,31,85,0.214,0.318,0.409,0.727,90,,5,0,5,0,,player.fcgi?id=maronp000kee
Chase Mascolo,19,2017,Wake Forest,6,7,6,0,2,0,0,0,0,0,0,0,1,0.333,0.429,0.333,0.762,2,,1,0,0,0,,player.fcgi?id=mascol000cha
Jake Mueller,20,2017,Wake Forest,62,296,258,58,89,16,0,2,34,6,3,24,36,0.345,0.413,0.43,0.843,111,,6,8,0,0,,player.fcgi?id=muelle000jak
Jonathan Pryor*,23,2017,Wake Forest,63,312,263,55,93,21,0,4,35,5,4,36,49,0.354,0.447,0.479,0.926,126,,9,3,1,0,,player.fcgi?id=pryor-000jon
Zach Seal,19,2017,Wake Forest,11,16,10,5,4,0,0,1,5,0,0,3,3,0.4,0.625,0.7,1.325,7,,3,0,0,0,,player.fcgi?id=seal--000zac
Gavin Sheets*,21,2017,Wake Forest,63,295,240,57,76,10,1,21,84,1,0,46,37,0.317,0.424,0.629,1.053,151,,3,0,6,4,,player.fcgi?id=sheets000gav
Bruce Steel,20,2017,Wake Forest,53,228,182,37,48,10,0,13,38,5,2,35,62,0.264,0.383,0.533,0.916,97,,2,6,3,0,,player.fcgi?id=steel-000bru
John Aiello#,21,2018,Wake Forest,56,261,216,35,50,5,1,9,40,10,0,25,79,0.231,0.346,0.389,0.735,84,,15,1,4,1,,player.fcgi?id=aiello000joh
Nick DiPonzio*,20,2018,Wake Forest,24,54,46,8,7,0,0,1,2,2,2,5,21,0.152,0.245,0.217,0.463,10,,1,1,1,0,,player.fcgi?id=diponz000nic
Patrick Frick,21,2018,Wake Forest,54,257,207,33,60,12,0,3,31,6,3,36,27,0.29,0.405,0.391,0.796,81,,6,5,3,0,,player.fcgi?id=frick-000pat
Logan Harvey,21,2018,Wake Forest,51,192,163,24,35,8,0,0,14,1,0,24,44,0.215,0.316,0.264,0.58,43,,1,2,2,0,,player.fcgi?id=harvey000log
Chris Lanzilli,20,2018,Wake Forest,48,186,153,27,41,13,0,9,33,3,2,27,50,0.268,0.378,0.529,0.908,81,,2,1,3,0,,player.fcgi?id=lanzil000chr
Christian Long,21,2018,Wake Forest,36,139,116,14,26,5,0,2,15,2,1,18,39,0.224,0.341,0.319,0.66,37,,3,1,1,0,,player.fcgi?id=long--002chr
Michael Ludowig*,19,2018,Wake Forest,50,183,161,18,43,8,0,1,18,10,3,20,45,0.267,0.35,0.335,0.685,54,,1,0,1,1,,player.fcgi?id=ludowi000mic
Chase Mascolo,20,2018,Wake Forest,8,19,17,1,1,0,0,0,0,0,0,2,7,0.059,0.158,0.059,0.217,1,,0,0,0,0,,player.fcgi?id=mascol000cha
Cole McNamee,20,2018,Wake Forest,24,34,30,4,6,2,0,1,5,0,0,2,12,0.2,0.273,0.367,0.639,11,,1,1,0,0,,player.fcgi?id=mcname000col
Jake Mueller,21,2018,Wake Forest,57,278,228,38,69,5,1,2,20,18,7,43,30,0.303,0.42,0.36,0.779,82,,3,4,0,0,,player.fcgi?id=muelle000jak
Shane Muntz,19,2018,Wake Forest,53,201,170,26,43,11,0,5,29,1,0,21,44,0.253,0.353,0.406,0.759,69,,7,0,3,0,,player.fcgi?id=muntz-000sha
D.J. Poteet#,20,2018,Wake Forest,56,235,184,32,47,7,2,9,28,5,1,36,61,0.255,0.385,0.462,0.847,85,,4,9,2,0,,player.fcgi?id=poteet000dj-
Zach Seal,20,2018,Wake Forest,13,21,15,3,5,1,0,0,2,0,1,3,7,0.333,0.5,0.4,0.9,6,,2,1,0,0,,player.fcgi?id=seal--000zac
Bob Seymour*,19,2018,Wake Forest,54,237,213,31,61,12,0,7,32,2,0,18,51,0.286,0.342,0.441,0.783,94,,2,0,4,0,,player.fcgi?id=seymou000bob
Bruce Steel,21,2018,Wake Forest,9,36,28,5,5,1,0,0,0,1,0,6,8,0.179,0.361,0.214,0.575,6,,2,0,0,0,,player.fcgi?id=steel-000bru
Patrick Frick,22,2019,Wake Forest,55,260,214,61,77,14,0,4,38,7,1,38,24,0.36,0.457,0.481,0.939,103,,3,2,3,0,,player.fcgi?id=frick-000pat
Logan Harvey,22,2019,Wake Forest,42,123,102,19,19,3,0,0,11,1,0,17,25,0.186,0.311,0.216,0.527,22,,2,1,1,0,,player.fcgi?id=harvey000log
Drew Kendall*,--,2019,Wake Forest,7,10,10,1,1,0,0,0,0,0,0,0,7,0.1,0.1,0.1,0.2,1,,0,0,0,0,,player.fcgi?id=kendal000dre
Chris Lanzilli,21,2019,Wake Forest,57,276,245,59,85,19,0,16,67,3,1,23,53,0.347,0.409,0.62,1.03,152,,5,0,3,0,,player.fcgi?id=lanzil000chr
Christian Long,22,2019,Wake Forest,18,41,37,5,6,2,0,0,2,0,1,2,14,0.162,0.244,0.216,0.46,8,,2,0,0,0,,player.fcgi?id=long--002chr
Michael Ludowig*,20,2019,Wake Forest,54,229,190,36,57,9,1,3,30,6,0,34,43,0.3,0.405,0.405,0.811,77,,1,2,2,0,,player.fcgi?id=ludowi000mic
Chase Mascolo,21,2019,Wake Forest,11,12,10,2,3,1,0,1,2,0,0,2,4,0.3,0.417,0.7,1.117,7,,0,0,0,0,,player.fcgi?id=mascol000cha
Cole McNamee,21,2019,Wake Forest,20,36,27,7,6,1,0,3,7,0,0,8,10,0.222,0.389,0.593,0.981,16,,0,0,1,0,,player.fcgi?id=mcname000col
Jake Mueller,22,2019,Wake Forest,47,202,169,33,41,5,0,0,13,4,1,28,21,0.243,0.356,0.272,0.629,46,,3,0,2,2,,player.fcgi?id=muelle000jak
Shane Muntz,20,2019,Wake Forest,48,193,144,38,45,6,2,14,40,0,1,41,53,0.313,0.477,0.674,1.15,97,,6,0,2,2,,player.fcgi?id=muntz-000sha
D.J. Poteet#,21,2019,Wake Forest,53,212,176,28,35,4,1,5,23,4,1,28,67,0.199,0.317,0.318,0.635,56,,3,4,1,0,,player.fcgi?id=poteet000dj-
Bob Seymour*,20,2019,Wake Forest,57,264,236,51,89,20,0,9,92,3,0,26,44,0.377,0.439,0.576,1.016,136,,1,0,1,3,,player.fcgi?id=seymou000bob
Bruce Steel,22,2019,Wake Forest,44,184,147,33,37,7,1,10,25,5,2,30,53,0.252,0.387,0.517,0.904,76,,3,3,1,0,,player.fcgi?id=steel-000bru
Brendan Tinsman,19,2019,Wake Forest,44,172,155,31,41,9,1,10,41,0,0,11,66,0.265,0.326,0.529,0.855,82,,4,0,2,1,,player.fcgi?id=tinsma000bre
Michael Turconi*,20,2019,Wake Forest,49,208,172,41,47,3,2,2,24,4,3,30,36,0.273,0.379,0.349,0.727,60,,1,2,3,0,,player.fcgi?id=turcon000mic
Michael Wein#,18,2019,Wake Forest,9,11,9,2,1,1,0,0,2,0,0,2,6,0.111,0.273,0.222,0.495,2,,0,0,0,0,,player.fcgi?id=wein--000mic
Pierce Bennett,19,2020,Wake Forest,5,8,4,2,1,0,0,0,1,0,0,3,0,0.25,0.5,0.25,0.75,1,,0,0,1,0,,player.fcgi?id=bennet000pie
Adam Cecere*,19,2020,Wake Forest,10,33,29,9,7,1,0,4,12,0,0,3,10,0.241,0.333,0.69,1.023,20,,1,0,0,0,,player.fcgi?id=cecere000ada
Derek Crum*,19,2020,Wake Forest,16,50,45,7,11,3,0,1,4,2,0,3,10,0.244,0.286,0.378,0.663,17,,0,1,1,0,,player.fcgi?id=crum--000der
Drew Kendall*,--,2020,Wake Forest,2,2,1,0,1,1,0,0,1,0,0,1,0,1,1,2,3,2,,0,0,0,0,,player.fcgi?id=kendal000dre
Chris Lanzilli,22,2020,Wake Forest,18,77,67,12,20,5,0,6,12,1,0,9,11,0.299,0.377,0.642,1.018,43,,0,0,1,0,,player.fcgi?id=lanzil000chr
Christian Long,23,2020,Wake Forest,4,8,8,0,1,0,0,0,1,0,0,0,3,0.125,0.125,0.125,0.25,1,,0,0,0,0,,player.fcgi?id=long--002chr
Michael Ludowig*,21,2020,Wake Forest,15,56,52,6,8,2,0,0,4,0,0,4,20,0.154,0.214,0.192,0.407,10,,0,0,0,0,,player.fcgi?id=ludowi000mic
Chase Mascolo,22,2020,Wake Forest,6,8,6,1,0,0,0,0,0,0,0,2,4,0,0.25,0,0.25,0,,0,0,0,0,,player.fcgi?id=mascol000cha
Cole McNamee,22,2020,Wake Forest,11,3,3,1,1,1,0,0,2,0,0,0,0,0.333,0.333,0.667,1,2,,0,0,0,0,,player.fcgi?id=mcname000col
John Meany?,--,2020,Wake Forest,1,1,1,1,1,1,0,0,0,0,0,0,0,1,1,2,3,2,,0,0,0,0,,player.fcgi?id=meany-000joh
Hite Merrifield,--,2020,Wake Forest,7,5,5,1,2,1,0,0,1,0,0,0,1,0.4,0.4,0.6,1,3,,0,0,0,0,,player.fcgi?id=merrif000hit
Shane Muntz,21,2020,Wake Forest,18,71,58,12,16,2,0,4,7,0,0,11,20,0.276,0.408,0.517,0.926,30,,2,0,0,0,,player.fcgi?id=muntz-000sha
Parker Pilat,18,2020,Wake Forest,5,9,9,1,1,1,0,0,0,0,0,0,7,0.111,0.111,0.222,0.333,2,,0,0,0,0,,player.fcgi?id=pilat-000par
D.J. Poteet#,22,2020,Wake Forest,18,76,64,11,17,3,0,2,13,3,1,12,17,0.266,0.382,0.406,0.788,26,,0,0,0,0,,player.fcgi?id=poteet000dj-
Bob Seymour*,21,2020,Wake Forest,18,78,67,10,19,3,0,1,11,0,0,10,14,0.284,0.372,0.373,0.745,25,,0,0,1,1,,player.fcgi?id=seymou000bob
Will Simoneit,23,2020,Wake Forest,17,65,53,13,20,5,0,3,12,0,0,7,14,0.377,0.462,0.642,1.103,34,,3,0,2,0,,player.fcgi?id=simone000wil
Brendan Tinsman,20,2020,Wake Forest,18,67,55,10,16,4,0,2,9,0,0,9,21,0.291,0.403,0.473,0.876,26,,2,0,1,0,,player.fcgi?id=tinsma000bre
Michael Turconi*,21,2020,Wake Forest,18,81,74,11,26,5,0,1,12,1,0,7,17,0.351,0.407,0.459,0.867,34,,0,0,0,0,,player.fcgi?id=turcon000mic
Pierce Bennett,20,2021,Wake Forest,40,159,132,25,28,5,1,1,13,1,1,17,26,0.212,0.34,0.288,0.628,38,,9,0,1,0,,player.fcgi?id=bennet000pie
Pirmin Brechbuhl,19,2021,Wake Forest,4,3,3,1,0,0,0,0,0,0,0,0,1,0,0,0,0,0,,0,0,0,0,,player.fcgi?id=brechb000pir
James Broderick*,20,2021,Wake Forest,23,54,48,6,9,1,0,0,1,0,0,4,14,0.188,0.245,0.208,0.454,10,,0,1,1,0,,player.fcgi?id=broder000jam
Adam Cecere*,20,2021,Wake Forest,33,97,78,15,15,5,1,4,15,0,0,17,41,0.192,0.34,0.436,0.776,34,,1,0,1,0,,player.fcgi?id=cecere000ada
Lucas Costello,19,2021,Wake Forest,46,202,179,30,49,8,0,5,31,6,3,16,51,0.274,0.345,0.402,0.747,72,,4,2,1,0,,player.fcgi?id=costel000luc
Derek Crum*,20,2021,Wake Forest,3,12,9,2,1,0,0,0,0,0,0,3,4,0.111,0.333,0.111,0.444,1,,0,0,0,0,,player.fcgi?id=crum--000der
Chris Lanzilli,23,2021,Wake Forest,47,209,189,27,49,9,0,11,35,1,2,17,47,0.259,0.325,0.481,0.807,91,,2,0,1,1,,player.fcgi?id=lanzil000chr
Michael Ludowig*,22,2021,Wake Forest,31,129,108,17,30,5,1,3,11,3,1,16,36,0.278,0.383,0.426,0.809,46,,3,1,1,0,,player.fcgi?id=ludowi000mic
Cole McNamee,23,2021,Wake Forest,35,63,54,6,9,1,0,4,8,1,0,9,24,0.167,0.286,0.407,0.693,22,,0,0,0,0,,player.fcgi?id=mcname000col
Shane Muntz,22,2021,Wake Forest,45,184,154,30,43,7,0,13,34,0,0,24,46,0.279,0.397,0.578,0.975,89,,6,0,0,1,,player.fcgi?id=muntz-000sha
Carmine Petosa*,19,2021,Wake Forest,1,1,0,0,0,0,0,0,0,0,0,0,0,,1,,,0,,1,0,0,0,,player.fcgi?id=petosa000car
Parker Pilat,19,2021,Wake Forest,14,24,19,5,2,0,0,0,1,0,0,2,7,0.105,0.217,0.105,0.323,2,,1,1,1,0,,player.fcgi?id=pilat-000par
Jake Reinisch*,19,2021,Wake Forest,7,16,14,2,4,0,0,0,0,0,1,2,7,0.286,0.375,0.286,0.661,4,,0,0,0,0,,player.fcgi?id=reinis000jak
Bob Seymour*,22,2021,Wake Forest,47,210,179,43,54,10,0,21,55,0,0,28,43,0.302,0.4,0.709,1.109,127,,2,0,1,6,,player.fcgi?id=seymou000bob
Dane Stewart?,--,2021,Wake Forest,1,1,1,0,0,0,0,0,0,0,0,0,1,0,0,0,0,0,,0,0,0,0,,player.fcgi?id=stewar004dan
Brendan Tinsman,21,2021,Wake Forest,28,111,101,18,26,6,0,4,12,0,0,8,32,0.257,0.315,0.436,0.751,44,,1,0,1,0,,player.fcgi?id=tinsma000bre
Michael Turconi*,22,2021,Wake Forest,42,196,171,36,50,8,0,8,30,2,4,18,50,0.292,0.371,0.48,0.851,82,,4,2,1,0,,player.fcgi?id=turcon000mic
Brock Wilken,19,2021,Wake Forest,47,208,183,41,51,11,0,17,44,0,0,23,36,0.279,0.365,0.617,0.983,113,,2,0,0,2,,player.fcgi?id=wilken000bro
Pierce Bennett,21,2022,Wake Forest,55,248,210,57,77,14,0,7,49,6,4,28,20,0.367,0.456,0.533,0.989,112,2,8,0,2,0,,player.fcgi?id=bennet000pie
Mark Black,20,2022,Wake Forest,11,17,12,4,2,0,0,1,5,0,0,4,2,0.167,0.412,0.417,0.828,5,1,1,0,0,0,,player.fcgi?id=black-002mar
Pirmin Brechbuhl,20,2022,Wake Forest,3,3,3,1,2,0,0,0,0,0,0,0,0,0.667,0.667,0.667,1.333,2,1,0,0,0,0,,player.fcgi?id=brechb000pir
James Broderick*,21,2022,Wake Forest,21,28,24,7,7,2,0,0,6,0,0,4,6,0.292,0.393,0.375,0.768,9,0,0,0,0,0,,player.fcgi?id=broder000jam
Adam Cecere*,21,2022,Wake Forest,58,266,223,50,71,8,1,14,52,2,2,29,66,0.318,0.411,0.552,0.963,123,4,9,1,4,0,,player.fcgi?id=cecere000ada
Danny Corona*,18,2022,Wake Forest,55,216,180,32,48,7,1,5,39,2,0,22,48,0.267,0.355,0.4,0.755,72,1,6,2,6,0,,player.fcgi?id=corona001dan
Lucas Costello,20,2022,Wake Forest,20,76,58,18,16,1,0,4,16,3,0,15,14,0.276,0.447,0.5,0.947,29,0,3,0,0,0,,player.fcgi?id=costel000luc
Gio Cueto,18,2022,Wake Forest,20,20,18,1,1,0,0,0,0,0,0,1,5,0.056,0.15,0.056,0.206,1,2,1,0,0,0,,player.fcgi?id=cueto-000gio
Tommy Hawke*,19,2022,Wake Forest,58,236,187,52,71,8,1,2,20,8,3,43,38,0.38,0.502,0.465,0.967,87,1,3,3,0,0,,player.fcgi?id=hawke-000tom
Kyle Joye,23,2022,Wake Forest,24,52,44,12,15,2,0,4,13,0,0,7,15,0.341,0.442,0.659,1.101,29,1,1,0,0,0,,player.fcgi?id=joye--000k--
Chris Katz,19,2022,Wake Forest,30,78,63,11,22,6,0,0,11,0,1,9,19,0.349,0.462,0.444,0.906,28,0,5,0,1,0,,player.fcgi?id=katz--000chr
Elie Kligman#,19,2022,Wake Forest,1,1,1,0,0,0,0,0,0,0,0,0,1,0,0,0,0,0,0,0,0,0,0,,player.fcgi?id=kligma000eli
Nick Kurtz*,19,2022,Wake Forest,54,259,204,65,69,14,1,15,56,2,0,48,38,0.338,0.471,0.637,1.108,130,2,5,0,2,0,,player.fcgi?id=kurtz-000nic
Will Ray*,20,2022,Wake Forest,17,10,8,3,0,0,0,0,1,0,0,2,5,0,0.2,0,0.2,0,1,0,0,0,0,,player.fcgi?id=ray---008wil
Jake Reinisch*,20,2022,Wake Forest,60,261,201,50,64,14,1,8,50,1,1,55,60,0.318,0.467,0.517,0.985,104,1,3,0,2,0,,player.fcgi?id=reinis000jak
Zach Sehgal,23,2022,Wake Forest,19,31,23,7,5,0,0,0,3,0,0,7,12,0.217,0.419,0.217,0.637,5,0,1,0,0,0,,player.fcgi?id=sehgal000zac
Brendan Tinsman,22,2022,Wake Forest,60,268,245,63,87,15,0,24,69,1,0,14,46,0.355,0.397,0.71,1.107,174,5,5,1,3,0,,player.fcgi?id=tinsma000bre
Michael Turconi*,23,2022,Wake Forest,61,292,242,67,76,11,5,15,68,4,1,42,48,0.314,0.419,0.587,1.006,142,3,4,1,3,0,,player.fcgi?id=turcon000mic
Brock Wilken,20,2022,Wake Forest,60,293,254,61,69,13,1,23,77,0,0,34,71,0.272,0.362,0.602,0.964,153,5,3,0,2,1,,player.fcgi?id=wilken000bro
Pierce Bennett,22,2023,Wake Forest,60,279,235,61,83,19,0,7,65,1,0,28,21,0.353,0.431,0.523,0.954,123,9,7,5,4,0,,player.fcgi?id=bennet000pie
Adam Cecere*,22,2023,Wake Forest,42,179,141,40,40,11,0,10,37,1,0,31,54,0.284,0.43,0.574,1.005,81,2,6,0,1,0,,player.fcgi?id=cecere000ada
Danny Corona*,19,2023,Wake Forest,48,175,151,29,43,10,0,13,45,2,0,15,53,0.285,0.36,0.609,0.97,92,4,4,3,2,1,,player.fcgi?id=corona001dan
Lucas Costello,21,2023,Wake Forest,48,199,163,43,47,9,1,4,24,2,1,19,29,0.288,0.402,0.429,0.832,70,4,12,5,0,0,,player.fcgi?id=costel000luc
Gio Cueto,19,2023,Wake Forest,32,98,78,14,15,4,0,2,8,0,0,11,15,0.192,0.337,0.321,0.657,25,0,7,0,2,0,,player.fcgi?id=cueto-000gio
Tommy Hawke*,20,2023,Wake Forest,66,327,271,73,95,19,1,7,35,14,1,51,51,0.351,0.459,0.506,0.964,137,1,4,0,1,0,,player.fcgi?id=hawke-000tom
Marek Houston,19,2023,Wake Forest,65,260,218,38,48,5,1,4,29,4,0,34,42,0.22,0.328,0.307,0.635,67,4,2,4,2,0,,player.fcgi?id=housto000mar
Justin Johnson,23,2023,Wake Forest,65,293,238,60,77,16,3,16,76,7,0,33,48,0.324,0.424,0.618,1.042,147,2,13,3,6,0,,player.fcgi?id=johnso005jus
Kyle Joye,24,2023,Wake Forest,17,46,39,13,11,4,0,2,10,0,0,5,10,0.282,0.391,0.538,0.93,21,2,2,0,0,0,,player.fcgi?id=joye--000k--
Chris Katz,20,2023,Wake Forest,26,78,63,10,13,4,0,3,16,0,0,13,15,0.206,0.346,0.413,0.759,26,3,1,0,1,0,,player.fcgi?id=katz--000chr
Nick Kurtz*,20,2023,Wake Forest,56,265,190,76,67,10,0,24,69,5,0,63,50,0.353,0.527,0.784,1.311,149,2,9,1,2,3,,player.fcgi?id=kurtz-000nic
Bennett Lee,21,2023,Wake Forest,46,186,142,30,43,3,0,7,34,5,0,32,32,0.303,0.435,0.472,0.907,67,4,5,2,5,0,,player.fcgi?id=lee---004ben
Andrew Noland#,19,2023,Wake Forest,7,11,10,1,2,0,0,0,1,0,0,1,4,0.2,0.273,0.2,0.473,2,0,0,0,0,0,,player.fcgi?id=noland000and
Jake Reinisch*,21,2023,Wake Forest,27,91,73,8,13,1,0,0,9,1,0,15,22,0.178,0.308,0.192,0.499,14,2,0,0,3,0,,player.fcgi?id=reinis000jak
Brock Wilken,21,2023,Wake Forest,66,320,238,90,82,15,1,31,82,1,0,69,58,0.345,0.506,0.807,1.313,192,3,11,0,2,5,,player.fcgi?id=wilken000bro
Jack Winnay,20,2023,Wake Forest,16,26,19,5,4,0,0,0,1,1,0,4,6,0.211,0.423,0.211,0.634,4,1,3,0,0,0,,player.fcgi?id=winnay000jac
Tate Ballestero#,23,2024,Wake Forest,29,103,77,15,15,7,0,2,11,1,0,17,39,0.195,0.379,0.364,0.742,28,1,7,0,2,1,,player.fcgi?id=balles000tat
Pirmin Brechbuhl,22,2024,Wake Forest,3,5,2,1,1,0,0,0,1,0,0,2,1,0.5,0.8,0.5,1.3,1,0,1,0,0,0,,player.fcgi?id=brechb000pir
Jake Burley,22,2024,Wake Forest,26,31,30,3,4,1,0,0,0,0,0,1,17,0.133,0.161,0.167,0.328,5,0,0,0,0,0,,player.fcgi?id=burley000jac
Cameron Gill,24,2024,Wake Forest,48,151,126,22,27,4,2,4,22,2,1,15,35,0.214,0.327,0.373,0.7,47,0,6,4,0,0,,player.fcgi?id=gill--000cam
Austin Hawke,20,2024,Wake Forest,37,126,104,24,24,5,0,4,21,3,0,17,33,0.231,0.336,0.394,0.73,41,1,1,1,3,0,,player.fcgi?id=hawke-000aus
Marek Houston,20,2024,Wake Forest,54,264,221,57,72,16,1,8,39,4,1,38,33,0.326,0.433,0.516,0.949,114,1,4,1,0,0,,player.fcgi?id=housto000mar
Chris Katz,21,2024,Wake Forest,7,20,16,3,1,0,0,0,0,0,0,3,10,0.063,0.25,0.063,0.313,1,1,1,0,0,0,,player.fcgi?id=katz--000chr
Seaver King,21,2024,Wake Forest,60,284,253,59,78,14,3,16,64,11,1,25,34,0.308,0.377,0.577,0.954,146,8,4,0,2,3,,player.fcgi?id=king--000sea
Nick Kurtz*,21,2024,Wake Forest,54,260,173,65,53,11,1,22,57,4,0,78,42,0.306,0.531,0.763,1.294,132,1,7,0,2,9,,player.fcgi?id=kurtz-000nic
Antonio Morales*,19,2024,Wake Forest,36,101,85,20,25,6,1,3,21,2,1,14,15,0.294,0.406,0.494,0.9,42,2,2,0,0,0,,player.fcgi?id=morale004ant
Cameron Nelson*,20,2024,Wake Forest,50,137,104,28,17,4,0,0,18,4,2,29,31,0.163,0.353,0.202,0.555,21,1,2,1,1,0,,player.fcgi?id=nelson001cam
Jake Reinisch*,22,2024,Wake Forest,60,271,224,48,69,15,2,18,67,1,2,39,60,0.308,0.419,0.634,1.052,142,3,5,1,2,0,,player.fcgi?id=reinis000jak
Mitchell Salvino,23,2024,Wake Forest,34,31,25,9,6,0,0,1,6,0,0,1,12,0.24,0.387,0.36,0.747,9,0,5,0,0,0,,player.fcgi?id=salvin000mit
Adam Tellier,23,2024,Wake Forest,60,291,240,54,75,11,0,13,44,17,1,33,63,0.313,0.415,0.521,0.935,125,2,11,4,3,0,,player.fcgi?id=tellie000ada
Javar Williams*,20,2024,Wake Forest,49,149,114,22,26,5,1,0,16,6,2,27,25,0.228,0.395,0.289,0.684,33,0,5,2,1,0,,player.fcgi?id=willia006jav
Liam Willson#,19,2024,Wake Forest,9,30,24,6,6,0,0,2,7,1,0,2,12,0.25,0.367,0.5,0.867,12,1,3,0,1,0,,player.fcgi?id=willso000lia
Jack Winnay,21,2024,Wake Forest,59,268,222,51,66,18,0,20,58,3,0,37,61,0.297,0.393,0.649,1.042,144,2,2,1,6,0,,player.fcgi?id=winnay000jac
Seven Alemais,19,2025,Wake Forest,5,1,1,0,0,0,0,0,0,0,0,0,0,0,0,0,0,0,0,0,0,0,0,,player.fcgi?id=alemai000sev
Cuyler Baxter#,19,2025,Wake Forest,9,9,8,0,2,0,0,0,0,0,0,1,3,0.25,0.333,0.25,0.583,2,0,0,0,0,0,,player.fcgi?id=baxter000cuy
Jake Burley,23,2025,Wake Forest,17,13,11,2,1,0,0,0,1,0,0,1,5,0.091,0.231,0.091,0.322,1,0,1,0,0,0,,player.fcgi?id=burley000jac
Ethan Conrad*,20,2025,Wake Forest,21,97,78,30,29,8,0,7,27,4,1,18,14,0.372,0.495,0.744,1.238,58,2,1,0,0,0,,player.fcgi?id=conrad000eth
Matt Conte,20,2025,Wake Forest,27,97,78,17,23,4,0,5,15,1,0,15,21,0.295,0.423,0.538,0.961,42,2,3,0,1,0,,player.fcgi?id=conte-000mat
Luke Costello,20,2025,Wake Forest,41,155,131,33,38,7,0,10,28,0,1,19,36,0.29,0.394,0.573,0.966,75,4,4,0,1,0,,player.fcgi?id=costel001luk
Austin Hawke,21,2025,Wake Forest,43,171,132,39,40,8,0,10,36,5,1,34,34,0.303,0.444,0.591,1.035,78,1,1,2,2,0,,player.fcgi?id=hawke-000aus
Marek Houston,21,2025,Wake Forest,61,298,243,61,86,14,0,15,66,19,2,46,46,0.354,0.458,0.597,1.055,145,2,4,1,4,1,,player.fcgi?id=housto000mar
Chris Katz,22,2025,Wake Forest,20,42,37,3,9,4,0,1,5,0,0,5,13,0.243,0.333,0.432,0.766,16,0,0,0,0,0,,player.fcgi?id=katz--000chr
Jimmy Keenan,21,2025,Wake Forest,44,150,114,26,28,5,2,7,25,2,0,30,47,0.246,0.405,0.509,0.914,58,2,2,2,2,1,,player.fcgi?id=keenan002jim
Kade Lewis*,20,2025,Wake Forest,60,282,226,46,85,18,0,11,59,4,1,45,45,0.376,0.482,0.602,1.084,136,3,6,0,5,0,,player.fcgi?id=lewis-001kad
Antonio Morales*,20,2025,Wake Forest,34,101,86,21,20,3,1,3,11,2,1,12,16,0.233,0.33,0.395,0.725,34,2,1,1,1,0,,player.fcgi?id=morale004ant
Cameron Nelson*,21,2025,Wake Forest,27,91,66,20,21,6,1,1,19,2,0,20,13,0.318,0.489,0.485,0.974,32,0,3,1,1,0,,player.fcgi?id=nelson001cam
Ryan Preisano,20,2025,Wake Forest,19,48,38,9,10,2,0,2,7,0,1,10,12,0.263,0.417,0.474,0.89,18,1,0,0,0,0,,player.fcgi?id=preisa000rya
Mitchell Salvino,24,2025,Wake Forest,26,15,7,10,0,0,0,0,1,3,0,3,3,0,0.533,0,0.533,0,0,5,0,0,0,,player.fcgi?id=salvin000mit
Matt Scannell*,23,2025,Wake Forest,59,266,210,55,63,11,2,12,49,7,0,39,42,0.3,0.435,0.543,0.978,114,1,12,4,1,1,,player.fcgi?id=scanne000mat
Dalton Wentz#,19,2025,Wake Forest,57,245,212,48,67,14,0,13,50,3,1,26,66,0.316,0.393,0.566,0.959,120,0,3,1,3,0,,player.fcgi?id=wentz-001dal
Javar Williams*,21,2025,Wake Forest,54,217,170,40,46,4,0,4,32,16,3,30,45,0.271,0.405,0.365,0.769,62,2,9,7,1,1,,player.fcgi?id=willia006jav
Jack Winnay,22,2025,Wake Forest,60,282,226,55,67,13,2,15,65,7,0,36,48,0.296,0.416,0.571,0.987,129,5,14,1,5,0,,player.fcgi?id=winnay000jac
Michael Bollmer*,21,2015,Louisville,9,8,8,0,0,0,0,0,1,0,0,0,3,0,0,0,0,0,,0,0,0,0,,player.fcgi?id=bollme000mic
Jimmy Faul*,--,2015,Louisville,3,3,3,0,1,0,0,0,1,0,0,0,2,0.333,0.333,0.333,0.667,1,,0,0,0,0,,player.fcgi?id=faul--000jim
Colby Fitch*,19,2015,Louisville,29,85,78,6,21,4,1,0,14,0,0,5,17,0.269,0.321,0.346,0.668,27,,1,1,0,0,,player.fcgi?id=fitch-000col
Devin Hairston,19,2015,Louisville,60,222,189,26,40,9,0,1,32,2,1,19,39,0.212,0.274,0.275,0.55,52,,0,7,7,0,,player.fcgi?id=hairst000dev
Zach Lucas,21,2015,Louisville,64,289,245,38,61,13,0,5,25,19,3,34,57,0.249,0.35,0.363,0.713,89,,4,6,0,0,,player.fcgi?id=lucas-000zac
Colin Lyman*,20,2015,Louisville,42,40,34,8,2,1,0,0,1,2,1,3,11,0.059,0.2,0.088,0.288,3,,3,0,0,0,,player.fcgi?id=lyman-000col
Brendan McKay*,19,2015,Louisville,63,256,211,32,65,14,0,4,34,4,2,38,42,0.308,0.418,0.431,0.849,91,,4,0,3,2,,player.fcgi?id=mckay-000bre
Corey Ray*,20,2015,Louisville,65,297,265,46,86,15,5,11,56,34,10,24,60,0.325,0.389,0.543,0.932,144,,5,1,2,5,,player.fcgi?id=ray---000cor
Danny Rosenbaum,22,2015,Louisville,52,148,126,16,34,7,1,2,14,1,2,15,30,0.27,0.37,0.389,0.759,49,,5,2,0,0,,player.fcgi?id=rosenb003dan
Will Smith,20,2015,Louisville,57,206,178,25,43,8,1,2,15,2,2,19,27,0.242,0.333,0.331,0.665,59,,6,2,1,0,,player.fcgi?id=smith-075wil
Nick Solak,20,2015,Louisville,65,293,244,47,79,15,2,3,40,18,7,26,31,0.324,0.416,0.439,0.855,107,,14,7,2,1,,player.fcgi?id=solak-000nic
Ryan Summers,21,2015,Louisville,56,108,93,16,21,3,1,1,6,10,3,8,20,0.226,0.318,0.312,0.63,29,,5,1,1,0,,player.fcgi?id=summer000rya
Logan Taylor,21,2015,Louisville,60,86,67,16,24,3,0,1,13,8,1,10,5,0.358,0.451,0.448,0.899,30,,3,4,2,0,,player.fcgi?id=taylor002log
Blake Tiberi*,20,2015,Louisville,45,107,92,12,24,3,0,4,18,1,0,9,12,0.261,0.33,0.424,0.754,39,,2,1,3,0,,player.fcgi?id=tiberi000bla
Mike White?,--,2015,Louisville,53,156,133,28,34,10,0,2,16,11,4,13,27,0.256,0.336,0.376,0.711,50,,4,4,2,1,,player.fcgi?id=white-002mik
Sutton Whiting#,23,2015,Louisville,63,301,252,39,76,13,2,0,27,15,7,38,54,0.302,0.407,0.369,0.776,93,,7,4,0,0,,player.fcgi?id=whitin000sut
Michael Bollmer*,22,2016,Louisville,3,3,3,0,0,0,0,0,0,0,0,0,0,0,0,0,0,0,,0,0,0,0,,player.fcgi?id=bollme000mic
Austin Clemons,21,2016,Louisville,17,19,15,2,1,0,0,0,1,0,0,3,7,0.067,0.263,0.067,0.33,1,,1,0,0,0,,player.fcgi?id=clemon000aus
Drew Ellis,20,2016,Louisville,47,117,94,19,29,6,0,3,22,3,1,17,15,0.309,0.426,0.468,0.894,44,,3,2,1,0,,player.fcgi?id=ellis-001dre
Colby Fitch*,20,2016,Louisville,45,133,109,23,37,7,3,5,25,0,1,20,18,0.339,0.451,0.596,1.047,65,,3,0,1,0,,player.fcgi?id=fitch-000col
Devin Hairston,20,2016,Louisville,64,282,249,56,90,16,2,3,45,3,1,21,32,0.361,0.415,0.478,0.893,119,,4,5,3,0,,player.fcgi?id=hairst000dev
Colin Lyman*,21,2016,Louisville,60,184,153,31,46,6,4,0,30,9,1,6,19,0.301,0.364,0.392,0.756,60,,11,11,3,0,,player.fcgi?id=lyman-000col
Devin Mann,19,2016,Louisville,39,112,89,15,27,9,0,0,17,1,0,15,21,0.303,0.414,0.404,0.819,36,,4,1,3,0,,player.fcgi?id=mann--000dev
Brendan McKay*,20,2016,Louisville,64,264,228,43,76,19,2,6,41,0,0,24,33,0.333,0.414,0.513,0.928,117,,9,1,2,1,,player.fcgi?id=mckay-000bre
Zeke Pinkham*,19,2016,Louisville,17,14,11,2,1,0,0,0,2,0,0,2,2,0.091,0.286,0.091,0.377,1,,1,0,0,0,,player.fcgi?id=pinkha000zek
Corey Ray*,21,2016,Louisville,64,312,268,55,83,16,1,15,60,44,9,36,41,0.31,0.388,0.545,0.933,146,,2,0,6,5,,player.fcgi?id=ray---000cor
Danny Rosenbaum,23,2016,Louisville,63,238,202,36,58,13,1,10,42,0,0,18,39,0.287,0.359,0.51,0.869,103,,7,7,4,0,,player.fcgi?id=rosenb003dan
Will Smith,21,2016,Louisville,55,203,157,40,60,8,0,7,43,9,1,19,14,0.382,0.48,0.567,1.047,89,,17,3,7,0,,player.fcgi?id=smith-075wil
Nick Solak,21,2016,Louisville,47,206,165,49,62,14,1,5,29,9,3,28,22,0.376,0.47,0.564,1.034,93,,5,4,4,0,,player.fcgi?id=solak-000nic
Josh Stowers,19,2016,Louisville,20,15,13,4,3,0,0,0,2,2,2,2,2,0.231,0.333,0.231,0.564,3,,0,0,0,0,,player.fcgi?id=stower000jos
Ryan Summers,22,2016,Louisville,42,44,41,9,8,1,0,0,3,1,1,2,11,0.195,0.25,0.22,0.47,9,,1,0,0,0,,player.fcgi?id=summer000rya
Logan Taylor,22,2016,Louisville,61,197,168,40,47,8,5,0,18,18,5,13,18,0.28,0.354,0.387,0.741,65,,7,8,1,1,,player.fcgi?id=taylor002log
Blake Tiberi*,21,2016,Louisville,64,270,244,47,83,18,2,10,51,2,0,18,20,0.34,0.387,0.553,0.94,135,,2,4,2,0,,player.fcgi?id=tiberi000bla
Michael Bollmer*,23,2017,Louisville,15,18,18,3,5,0,0,1,4,0,0,0,3,0.278,0.278,0.444,0.722,8,,0,0,0,0,,player.fcgi?id=bollme000mic
Drew Ellis,21,2017,Louisville,65,285,231,56,82,18,1,20,61,6,2,40,40,0.355,0.448,0.701,1.149,162,,3,6,5,4,,player.fcgi?id=ellis-001dre
Colby Fitch*,21,2017,Louisville,63,288,239,42,62,12,2,11,47,3,0,35,52,0.259,0.372,0.464,0.836,111,,9,3,2,0,,player.fcgi?id=fitch-000col
Tyler Fitzgerald,19,2017,Louisville,48,147,125,20,26,6,1,0,11,4,1,11,37,0.208,0.303,0.272,0.575,34,,7,2,2,0,,player.fcgi?id=fitzge000tyl
Devin Hairston,21,2017,Louisville,65,293,259,50,80,16,2,3,52,3,2,18,34,0.309,0.356,0.421,0.777,109,,5,4,7,1,,player.fcgi?id=hairst000dev
Lincoln Henzman,21,2017,Louisville,27,1,1,0,0,0,0,0,0,0,0,0,0,0,0,0,0,0,,0,0,0,0,,player.fcgi?id=henzma000lin
Justin Lavey,19,2017,Louisville,26,38,29,7,10,2,1,1,5,1,0,7,8,0.345,0.486,0.586,1.073,17,,1,1,0,0,,player.fcgi?id=lavey-000jus
Colin Lyman*,22,2017,Louisville,65,253,214,39,61,8,3,1,32,15,6,15,32,0.285,0.376,0.364,0.74,78,,16,8,0,0,,player.fcgi?id=lyman-000col
Devin Mann,20,2017,Louisville,64,283,235,52,63,11,2,8,44,9,0,32,50,0.268,0.363,0.434,0.797,102,,6,5,5,0,,player.fcgi?id=mann--000dev
Brendan McKay*,21,2017,Louisville,64,276,223,57,76,15,1,18,57,2,0,45,39,0.341,0.457,0.659,1.116,147,,5,0,3,7,,player.fcgi?id=mckay-000bre
Danny Oriente,19,2017,Louisville,2,2,2,0,1,1,0,0,0,0,0,0,0,0.5,0.5,1,1.5,2,,0,0,0,0,,player.fcgi?id=orient000dan
Zeke Pinkham*,20,2017,Louisville,24,58,52,3,9,2,0,1,10,0,0,3,11,0.173,0.211,0.269,0.48,14,,0,1,2,0,,player.fcgi?id=pinkha000zek
Pat Rumoro,20,2017,Louisville,11,12,10,0,2,0,0,0,1,0,0,1,3,0.2,0.333,0.2,0.533,2,,1,0,0,0,,player.fcgi?id=rumoro000pat
Jake Snider*,19,2017,Louisville,34,61,56,12,16,1,1,1,11,2,1,2,14,0.286,0.333,0.393,0.726,22,,2,1,0,0,,player.fcgi?id=snider000jak
Josh Stowers,20,2017,Louisville,65,248,201,50,63,15,3,6,34,22,6,31,33,0.313,0.422,0.507,0.93,102,,9,4,3,0,,player.fcgi?id=stower000jos
Ryan Summers,23,2017,Louisville,44,73,62,13,13,3,0,0,4,9,4,8,13,0.21,0.329,0.258,0.587,16,,3,0,0,0,,player.fcgi?id=summer000rya
Logan Taylor,23,2017,Louisville,61,284,225,56,61,13,2,1,42,22,3,34,33,0.271,0.391,0.36,0.751,81,,12,10,3,0,,player.fcgi?id=taylor002log
Logan Wyatt*,19,2017,Louisville,18,22,18,4,3,1,0,0,4,0,0,3,6,0.167,0.273,0.222,0.495,4,,0,0,1,0,,player.fcgi?id=wyatt-000log
Ben Bianco,19,2018,Louisville,17,23,19,5,7,2,0,1,3,0,0,2,6,0.368,0.478,0.632,1.11,12,,2,0,0,0,,player.fcgi?id=bianco000ben
Zach Britton*,19,2018,Louisville,38,115,88,16,21,6,0,2,20,2,1,15,23,0.239,0.4,0.375,0.775,33,,10,0,2,0,,player.fcgi?id=britto002zac
Drew Campbell*,20,2018,Louisville,58,189,160,22,50,8,2,2,31,5,0,13,24,0.313,0.374,0.425,0.799,68,,5,7,4,2,,player.fcgi?id=campbe001dre
Lucas Dunn,19,2018,Louisville,41,78,66,13,20,3,0,2,11,1,3,11,9,0.303,0.397,0.439,0.837,29,,0,0,1,0,,player.fcgi?id=dunn--000luc
Adam Elliott*,20,2018,Louisville,38,14,14,4,3,0,1,0,1,0,0,0,5,0.214,0.214,0.357,0.571,5,,0,0,0,0,,player.fcgi?id=elliot002ada
Tyler Fitzgerald,20,2018,Louisville,64,288,246,57,65,17,1,3,24,23,1,25,50,0.264,0.344,0.378,0.722,93,,6,9,2,0,,player.fcgi?id=fitzge000tyl
Justin Lavey,20,2018,Louisville,61,245,214,31,53,13,1,3,33,7,2,18,47,0.248,0.307,0.36,0.667,77,,2,7,4,0,,player.fcgi?id=lavey-000jus
Devin Mann,21,2018,Louisville,64,304,228,65,69,17,4,7,52,15,3,59,45,0.303,0.446,0.504,0.95,115,,7,1,9,2,,player.fcgi?id=mann--000dev
Danny Oriente,20,2018,Louisville,55,207,178,19,59,10,1,1,41,5,1,13,17,0.331,0.403,0.416,0.819,74,,11,1,4,1,,player.fcgi?id=orient000dan
Zeke Pinkham*,21,2018,Louisville,17,35,30,2,3,0,0,0,1,0,0,2,10,0.1,0.156,0.1,0.256,3,,0,3,0,0,,player.fcgi?id=pinkha000zek
Pat Rumoro,21,2018,Louisville,39,126,108,15,24,1,0,1,12,4,1,12,23,0.222,0.296,0.259,0.555,28,,1,1,4,1,,player.fcgi?id=rumoro000pat
Jake Snider*,20,2018,Louisville,64,297,240,52,72,12,1,2,32,24,4,43,53,0.3,0.423,0.383,0.807,92,,9,4,1,0,,player.fcgi?id=snider000jak
Josh Stowers,21,2018,Louisville,62,290,220,72,74,14,4,9,60,36,7,52,37,0.336,0.477,0.559,1.036,123,,11,3,4,1,,player.fcgi?id=stower000jos
Ethan Stringer,21,2018,Louisville,44,110,98,19,27,6,0,3,18,2,1,5,23,0.276,0.355,0.429,0.783,42,,7,0,0,0,,player.fcgi?id=string000eth
Logan Wyatt*,20,2018,Louisville,64,300,230,51,78,22,1,6,69,1,1,63,37,0.339,0.49,0.522,1.012,120,,6,0,1,1,,player.fcgi?id=wyatt-000log
Alex Binelas*,19,2019,Louisville,59,243,206,54,60,14,5,14,59,3,0,27,48,0.291,0.383,0.612,0.994,126,,6,0,4,0,,player.fcgi?id=binela000ale
Zach Britton*,20,2019,Louisville,55,155,132,26,38,7,1,5,28,2,1,15,25,0.288,0.368,0.47,0.837,62,,4,0,4,1,,player.fcgi?id=britto002zac
Drew Campbell*,21,2019,Louisville,63,224,188,30,58,15,1,2,39,9,4,22,19,0.309,0.388,0.431,0.819,81,,5,5,4,1,,player.fcgi?id=campbe001dre
Henry Davis,19,2019,Louisville,45,148,132,15,37,5,0,3,23,0,0,13,18,0.28,0.345,0.386,0.731,51,,0,3,0,0,,player.fcgi?id=davis-004hen
Lucas Dunn,20,2019,Louisville,56,225,191,48,59,10,2,1,25,15,2,29,34,0.309,0.399,0.398,0.797,76,,1,2,2,0,,player.fcgi?id=dunn--000luc
Adam Elliott*,21,2019,Louisville,28,3,3,0,0,0,0,0,0,0,0,0,3,0,0,0,0,0,,0,0,0,0,,player.fcgi?id=elliot002ada
Tyler Fitzgerald,21,2019,Louisville,66,316,267,64,84,15,3,8,65,18,6,30,50,0.315,0.391,0.483,0.874,129,,8,4,7,1,,player.fcgi?id=fitzge000tyl
Justin Lavey,21,2019,Louisville,69,257,227,34,65,9,0,3,33,20,3,25,35,0.286,0.361,0.366,0.726,83,,2,2,1,0,,player.fcgi?id=lavey-000jus
Trey Leonard*,20,2019,Louisville,50,64,53,25,14,1,1,1,9,14,4,8,14,0.264,0.365,0.377,0.742,20,,1,1,1,0,,player.fcgi?id=leonar000tre
Cameron Masterman,20,2019,Louisville,20,29,28,6,8,2,1,1,5,0,1,1,11,0.286,0.31,0.536,0.846,15,,0,0,0,0,,player.fcgi?id=master000cam
Ben Metzinger,20,2019,Louisville,12,18,16,3,5,1,0,0,4,0,0,2,0,0.313,0.389,0.375,0.764,6,,0,0,0,0,,player.fcgi?id=metzin000ben
Danny Oriente,21,2019,Louisville,63,225,193,29,64,17,0,1,49,0,1,18,30,0.332,0.404,0.435,0.839,84,,8,2,4,0,,player.fcgi?id=orient000dan
Zeke Pinkham*,22,2019,Louisville,41,134,102,20,33,8,0,1,16,2,0,25,18,0.324,0.454,0.431,0.885,44,,1,4,2,0,,player.fcgi?id=pinkha000zek
Jared Poland,19,2019,Louisville,35,63,57,8,12,4,1,1,18,0,0,4,8,0.211,0.27,0.368,0.638,21,,1,0,1,0,,player.fcgi?id=poland000jar
Pat Rumoro,22,2019,Louisville,20,26,21,3,3,0,0,0,3,0,0,5,4,0.143,0.308,0.143,0.451,3,,0,0,0,0,,player.fcgi?id=rumoro000pat
Jake Snider*,21,2019,Louisville,69,317,265,64,75,16,4,1,34,13,3,36,57,0.283,0.383,0.385,0.768,102,,9,4,3,0,,player.fcgi?id=snider000jak
Ethan Stringer,22,2019,Louisville,48,93,78,11,17,4,0,1,8,4,1,10,20,0.218,0.344,0.308,0.652,24,,5,0,0,0,,player.fcgi?id=string000eth
Logan Wyatt*,21,2019,Louisville,69,326,247,72,70,12,1,9,53,8,0,69,48,0.283,0.445,0.449,0.894,111,,6,0,4,7,,player.fcgi?id=wyatt-000log
Drew Benefield,20,2020,Louisville,14,33,28,3,8,3,0,0,6,1,0,2,4,0.286,0.303,0.393,0.696,11,,0,0,3,0,,player.fcgi?id=benefi001dre
Ben Bianco,21,2020,Louisville,15,49,41,8,11,4,0,3,14,1,1,7,15,0.268,0.388,0.585,0.973,24,,1,0,0,1,,player.fcgi?id=bianco000ben
Alex Binelas*,20,2020,Louisville,2,7,7,0,1,0,0,0,1,0,0,0,2,0.143,0.143,0.143,0.286,1,,0,0,0,0,,player.fcgi?id=binela000ale
Tim Borden,20,2020,Louisville,11,31,27,9,12,2,0,1,9,0,0,2,9,0.444,0.516,0.63,1.146,17,,2,0,0,0,,player.fcgi?id=borden000tim
Zach Britton*,21,2020,Louisville,17,74,59,14,19,11,1,0,12,1,1,9,12,0.322,0.446,0.542,0.988,32,,5,0,1,1,,player.fcgi?id=britto002zac
Luke Brown*,21,2020,Louisville,17,74,67,19,22,5,0,0,6,11,2,5,6,0.328,0.384,0.403,0.787,27,,1,1,0,0,,player.fcgi?id=brown-003luk
Henry Davis,20,2020,Louisville,14,52,43,11,16,5,0,3,13,1,0,8,4,0.372,0.481,0.698,1.178,30,,1,0,0,0,,player.fcgi?id=davis-004hen
Lucas Dunn,21,2020,Louisville,8,13,11,3,3,0,1,0,4,0,0,2,1,0.273,0.385,0.455,0.839,5,,0,0,0,0,,player.fcgi?id=dunn--000luc
Justin Lavey,22,2020,Louisville,17,67,57,11,18,7,1,1,17,4,3,6,4,0.316,0.364,0.526,0.89,30,,0,1,3,0,,player.fcgi?id=lavey-000jus
Trey Leonard*,21,2020,Louisville,11,13,8,6,2,0,0,0,1,0,0,3,1,0.25,0.462,0.25,0.712,2,,1,0,1,0,,player.fcgi?id=leonar000tre
Cameron Masterman,21,2020,Louisville,10,20,18,3,6,3,0,1,3,0,0,2,7,0.333,0.4,0.667,1.067,12,,0,0,0,0,,player.fcgi?id=master000cam
Ben Metzinger,21,2020,Louisville,11,49,43,12,15,1,0,2,8,1,0,4,8,0.349,0.417,0.512,0.928,22,,1,1,0,0,,player.fcgi?id=metzin000ben
Danny Oriente,22,2020,Louisville,17,76,56,11,15,2,0,1,16,0,0,11,9,0.268,0.378,0.357,0.736,20,,2,2,5,2,,player.fcgi?id=orient000dan
Jared Poland,20,2020,Louisville,13,36,32,7,9,4,0,1,7,2,0,3,4,0.281,0.361,0.5,0.861,16,,1,0,0,0,,player.fcgi?id=poland000jar
Dalton Rushing*,19,2020,Louisville,10,31,26,7,8,4,0,1,6,0,0,4,10,0.308,0.419,0.577,0.996,15,,1,0,0,0,,player.fcgi?id=rushin000dal
Chris Seng,21,2020,Louisville,12,6,6,5,1,0,0,0,0,3,0,0,2,0.167,0.167,0.167,0.333,1,,0,0,0,0,,player.fcgi?id=seng--000chr
Levi Usher*,20,2020,Louisville,16,64,56,17,23,3,0,2,10,11,1,7,14,0.411,0.484,0.571,1.056,32,,1,0,0,0,,player.fcgi?id=usher-000lev
Ben Bianco,22,2021,Louisville,13,17,15,3,2,0,0,0,2,0,0,2,10,0.133,0.235,0.133,0.369,2,,0,0,0,0,,player.fcgi?id=bianco000ben
Alex Binelas*,21,2021,Louisville,50,230,195,43,50,10,2,19,63,4,1,21,51,0.256,0.348,0.621,0.968,121,,9,0,5,0,,player.fcgi?id=binela000ale
Tim Borden,21,2021,Louisville,21,44,41,4,9,3,0,0,5,0,0,1,14,0.22,0.273,0.293,0.565,12,,2,0,0,0,,player.fcgi?id=borden000tim
Cooper Bowman,21,2021,Louisville,48,223,191,42,56,7,0,8,22,20,4,23,32,0.293,0.387,0.455,0.843,87,,7,1,1,0,,player.fcgi?id=bowman000coo
Luke Brown*,22,2021,Louisville,50,229,206,37,66,13,4,0,20,17,5,15,34,0.32,0.381,0.422,0.803,87,,5,3,0,0,,player.fcgi?id=brown-003luk
Henry Davis,21,2021,Louisville,50,228,184,45,68,9,0,15,48,10,3,31,24,0.37,0.482,0.663,1.145,122,,11,0,2,1,,player.fcgi?id=davis-004hen
Lucas Dunn,22,2021,Louisville,50,218,184,37,49,10,3,6,31,12,2,23,36,0.266,0.358,0.451,0.809,83,,6,0,5,0,,player.fcgi?id=dunn--000luc
Tyeler Hawkins,20,2021,Louisville,14,15,14,4,4,1,0,0,1,2,0,1,6,0.286,0.333,0.357,0.69,5,,0,0,0,0,,player.fcgi?id=hawkin000tye
Christian Knapczyk*,19,2021,Louisville,44,172,148,25,44,9,2,0,19,7,3,14,22,0.297,0.374,0.385,0.759,57,,6,1,3,0,,player.fcgi?id=knapcz000chr
Trey Leonard*,22,2021,Louisville,45,161,144,20,45,7,1,4,25,7,2,10,33,0.313,0.367,0.458,0.825,66,,3,3,1,1,,player.fcgi?id=leonar000tre
Cameron Masterman,22,2021,Louisville,46,153,125,22,30,6,0,6,21,4,1,22,39,0.24,0.373,0.432,0.805,54,,5,0,1,3,,player.fcgi?id=master000cam
Ben Metzinger,22,2021,Louisville,20,60,51,8,12,1,0,3,10,1,1,8,13,0.235,0.35,0.431,0.781,22,,1,0,0,0,,player.fcgi?id=metzin000ben
Jack Payton,19,2021,Louisville,13,27,22,5,6,2,0,0,2,0,0,3,4,0.273,0.407,0.364,0.771,8,,2,0,0,0,,player.fcgi?id=payton000jac
Dalton Rushing*,20,2021,Louisville,28,76,67,9,17,2,0,4,14,1,1,8,21,0.254,0.342,0.463,0.805,31,,1,0,0,0,,player.fcgi?id=rushin000dal
Chris Seng,22,2021,Louisville,19,6,6,4,1,0,0,0,0,2,2,0,1,0.167,0.167,0.167,0.333,1,,0,0,0,0,,player.fcgi?id=seng--000chr
Levi Usher*,21,2021,Louisville,49,165,134,25,29,1,1,3,17,26,2,26,47,0.216,0.358,0.306,0.664,41,,4,0,1,0,,player.fcgi?id=usher-000lev
Brandon Anderson*,18,2022,Louisville,24,46,38,7,12,0,0,0,5,0,0,4,4,0.316,0.422,0.316,0.738,12,1,3,1,0,0,,player.fcgi?id=anders016bra
Logan Beard,20,2022,Louisville,63,265,216,40,67,12,1,4,54,2,2,29,42,0.31,0.41,0.431,0.841,93,0,11,4,5,1,,player.fcgi?id=beard-000log
JT Benson,20,2022,Louisville,27,78,67,9,15,3,3,1,10,1,0,6,16,0.224,0.308,0.403,0.711,27,3,3,0,2,0,,player.fcgi?id=benson000jt-
Ben Bianco,23,2022,Louisville,63,251,221,41,59,7,3,11,52,6,2,18,59,0.267,0.337,0.475,0.812,105,3,7,2,3,0,,player.fcgi?id=bianco000ben
Austin Bode*,19,2022,Louisville,16,22,17,5,5,2,0,0,5,0,0,3,3,0.294,0.409,0.412,0.821,7,0,1,0,1,0,,player.fcgi?id=bode--000aus
Tyeler Hawkins,21,2022,Louisville,16,19,16,8,5,1,1,0,5,3,0,3,5,0.313,0.421,0.5,0.921,8,0,0,0,0,0,,player.fcgi?id=hawkin000tye
Isaac Humphrey*,21,2022,Louisville,61,258,198,44,65,15,1,5,38,11,5,41,50,0.328,0.458,0.49,0.948,97,1,10,5,4,0,,player.fcgi?id=humphr000isa
Christian Knapczyk*,20,2022,Louisville,54,274,217,72,75,12,4,2,27,17,5,41,27,0.346,0.48,0.465,0.945,101,2,15,1,0,0,,player.fcgi?id=knapcz000chr
Cameron Masterman,23,2022,Louisville,61,278,233,51,71,14,0,18,61,1,0,32,69,0.305,0.399,0.597,0.995,139,6,7,2,4,0,,player.fcgi?id=master000cam
Ben Metzinger,23,2022,Louisville,64,328,269,66,84,14,2,19,69,11,0,51,45,0.312,0.427,0.591,1.018,159,1,5,0,3,0,,player.fcgi?id=metzin000ben
Jack Payton,20,2022,Louisville,63,296,254,58,89,23,2,4,54,5,2,32,51,0.35,0.429,0.504,0.933,128,8,5,2,3,2,,player.fcgi?id=payton000jac
Michael Prosecky*,21,2022,Louisville,26,1,0,0,0,0,0,0,0,0,0,0,0,,,,,0,0,0,1,0,0,,player.fcgi?id=prosec000mic
Dalton Rushing*,21,2022,Louisville,64,298,226,68,70,16,0,23,62,4,0,50,58,0.31,0.47,0.686,1.156,155,1,20,0,2,1,,player.fcgi?id=rushin000dal
Chris Seng,23,2022,Louisville,34,22,13,15,5,3,0,0,3,5,2,5,2,0.385,0.636,0.615,1.252,8,0,4,0,0,0,,player.fcgi?id=seng--000chr
Noah Smith,19,2022,Louisville,21,47,44,12,14,1,1,0,4,1,0,1,9,0.318,0.34,0.386,0.727,17,0,1,0,1,0,,player.fcgi?id=smith-004noa
Levi Usher*,22,2022,Louisville,64,280,246,53,70,15,3,7,49,36,3,25,67,0.285,0.362,0.455,0.818,112,3,5,4,0,2,,player.fcgi?id=usher-000lev
Drake Westcott*,20,2022,Louisville,12,21,19,2,3,1,0,1,6,0,0,1,9,0.158,0.19,0.368,0.559,7,0,0,0,1,0,,player.fcgi?id=westco000dra
Brandon Anderson*,19,2023,Louisville,42,162,139,27,41,8,0,1,25,3,0,11,27,0.295,0.377,0.374,0.751,52,2,8,3,1,1,,player.fcgi?id=anders016bra
Logan Beard,21,2023,Louisville,55,206,174,35,49,10,1,7,34,2,0,18,40,0.282,0.379,0.471,0.85,82,4,11,0,3,1,,player.fcgi?id=beard-000log
JT Benson,21,2023,Louisville,49,197,163,38,47,10,3,6,34,16,4,21,41,0.288,0.397,0.497,0.894,81,4,9,3,1,1,,player.fcgi?id=benson000jt-
Tucker Biven,19,2023,Louisville,20,8,6,3,2,0,0,0,0,0,0,2,2,0.333,0.5,0.333,0.833,2,0,0,0,0,0,,player.fcgi?id=biven-000tuc
Will Cook*,20,2023,Louisville,42,96,78,12,19,2,0,3,15,1,0,18,27,0.244,0.385,0.385,0.77,30,1,0,0,0,0,,player.fcgi?id=cook--008wil
Patrick Forbes,18,2023,Louisville,42,109,93,21,24,3,1,3,19,1,2,14,30,0.258,0.358,0.409,0.766,38,3,1,0,1,0,,player.fcgi?id=forbes002pat
Tyeler Hawkins,22,2023,Louisville,36,57,54,11,12,3,0,2,11,5,4,3,23,0.222,0.263,0.389,0.652,21,1,0,0,0,0,,player.fcgi?id=hawkin000tye
Isaac Humphrey*,22,2023,Louisville,51,178,134,35,33,5,3,3,24,6,1,31,31,0.246,0.406,0.396,0.801,53,2,7,3,3,0,,player.fcgi?id=humphr000isa
Gavin Kilen*,19,2023,Louisville,46,168,151,22,40,9,1,0,18,2,2,10,14,0.265,0.321,0.338,0.659,51,2,3,3,1,0,,player.fcgi?id=kilen-000gav
Eddie King,20,2023,Louisville,50,188,164,31,45,11,2,5,42,11,3,13,43,0.274,0.349,0.457,0.807,75,2,7,2,2,0,,player.fcgi?id=king--000edd
Matt Klein*,19,2023,Louisville,10,27,20,4,6,1,0,1,5,0,0,5,4,0.3,0.444,0.5,0.944,10,0,1,0,1,0,,player.fcgi?id=klein-004mat
Christian Knapczyk*,21,2023,Louisville,45,212,169,40,56,8,1,1,24,19,6,21,19,0.331,0.455,0.408,0.863,69,1,19,1,2,0,,player.fcgi?id=knapcz000chr
Haven Mangrum*,22,2023,Louisville,31,66,62,11,16,5,1,0,9,4,2,4,12,0.258,0.303,0.371,0.674,23,0,0,0,0,0,,player.fcgi?id=mangru000hav
Ryan McCoy*,21,2023,Louisville,55,228,182,43,45,8,0,12,44,8,1,34,65,0.247,0.399,0.489,0.888,89,3,12,0,0,0,,player.fcgi?id=mccoy-000rya
Jack Payton,21,2023,Louisville,48,214,179,43,67,10,1,12,41,8,3,22,41,0.374,0.472,0.642,1.114,115,1,12,0,1,1,,player.fcgi?id=payton000jac
Noah Smith,20,2023,Louisville,26,49,47,3,9,4,0,0,4,1,1,1,16,0.191,0.208,0.277,0.485,13,3,0,1,0,0,,player.fcgi?id=smith-004noa
Will Vierling*,19,2023,Louisville,14,41,33,3,6,2,0,1,4,1,1,6,3,0.182,0.317,0.333,0.65,11,0,1,0,1,0,,player.fcgi?id=vierli000wil
Alex Alicea#,19,2024,Louisville,47,154,127,27,37,11,2,1,25,4,0,18,18,0.291,0.397,0.433,0.83,55,2,5,3,1,0,,player.fcgi?id=alicea001ale
Brandon Anderson*,20,2024,Louisville,27,94,77,12,21,4,1,2,23,0,0,7,14,0.273,0.394,0.429,0.822,33,1,9,0,1,2,,player.fcgi?id=anders016bra
Logan Beard,22,2024,Louisville,42,108,92,19,21,2,0,8,20,0,0,7,21,0.228,0.327,0.511,0.838,47,1,7,1,1,0,,player.fcgi?id=beard-000log
JT Benson,22,2024,Louisville,52,235,179,52,54,13,0,9,41,34,6,39,39,0.302,0.438,0.525,0.963,94,2,9,2,6,0,,player.fcgi?id=benson000jt-
Korbyn Dickerson,20,2024,Louisville,21,22,17,6,4,1,0,0,3,1,0,4,3,0.235,0.364,0.294,0.658,5,0,0,0,1,0,,player.fcgi?id=dicker000kor
Patrick Forbes,19,2024,Louisville,13,1,0,0,0,0,0,0,0,0,0,0,0,,1,,,0,0,1,0,0,0,,player.fcgi?id=forbes002pat
Dylan Hoy*,23,2024,Louisville,43,192,161,35,51,7,1,5,30,10,3,22,21,0.317,0.415,0.466,0.881,75,3,5,4,0,0,,player.fcgi?id=hoy---000dyl
Isaac Humphrey*,23,2024,Louisville,54,221,184,46,57,13,2,10,39,9,1,27,32,0.31,0.412,0.565,0.977,104,1,7,0,3,0,,player.fcgi?id=humphr000isa
Gavin Kilen*,20,2024,Louisville,54,234,215,39,71,23,3,9,41,1,3,7,22,0.33,0.361,0.591,0.952,127,4,5,4,3,1,,player.fcgi?id=kilen-000gav
Eddie King,21,2024,Louisville,49,165,143,33,46,7,0,14,43,8,4,11,34,0.322,0.409,0.664,1.073,95,3,10,1,0,0,,player.fcgi?id=king--000edd
Matt Klein*,20,2024,Louisville,44,139,118,24,35,10,2,3,24,0,0,15,21,0.297,0.388,0.492,0.88,58,6,4,0,2,0,,player.fcgi?id=klein-004mat
Michael Lippe,20,2024,Louisville,31,67,58,14,20,3,0,1,8,2,0,7,22,0.345,0.415,0.448,0.864,26,0,0,2,0,0,,player.fcgi?id=lippe-000mic
Ryan McCoy*,22,2024,Louisville,54,203,162,39,47,8,2,10,37,8,1,28,64,0.29,0.413,0.549,0.962,89,1,8,2,3,0,,player.fcgi?id=mccoy-000rya
Lucas Moore*,19,2024,Louisville,48,110,88,30,28,6,1,0,14,17,4,10,23,0.318,0.434,0.409,0.843,36,0,8,4,0,2,,player.fcgi?id=moore-000luc
Luke Napleton,22,2024,Louisville,41,143,122,33,39,7,2,11,32,1,0,16,38,0.32,0.406,0.68,1.086,83,2,3,0,2,0,,player.fcgi?id=naplet000luk
Zion Rose,19,2024,Louisville,44,192,166,42,63,9,5,5,32,10,3,19,18,0.38,0.455,0.584,1.039,97,3,4,3,0,0,,player.fcgi?id=rose--000zio
Will Vierling*,20,2024,Louisville,16,16,13,4,3,1,0,0,0,0,0,1,3,0.231,0.375,0.308,0.683,4,0,2,0,0,0,,player.fcgi?id=vierli000wil
Alex Alicea#,20,2025,Louisville,61,261,202,50,62,10,3,1,25,34,6,39,31,0.307,0.444,0.401,0.845,81,1,11,9,0,0,,player.fcgi?id=alicea001ale
George Baker*,21,2025,Louisville,27,53,45,6,5,2,0,1,5,0,0,0,18,0.111,0.231,0.222,0.453,10,0,7,1,0,0,,player.fcgi?id=baker-014geo
Jack Brown,19,2025,Louisville,28,2,2,1,1,1,0,0,0,0,0,0,0,0.5,0.5,1,1.5,2,0,0,0,0,0,,player.fcgi?id=brown-023jac
Tague Davis*,19,2025,Louisville,64,264,219,46,62,9,0,18,52,2,0,35,61,0.283,0.39,0.571,0.961,125,2,6,0,4,2,,player.fcgi?id=davis-000tag
Nathan Earley*,21,2025,Louisville,32,52,40,7,10,3,0,3,12,0,0,8,10,0.25,0.404,0.55,0.954,22,0,3,0,1,0,,player.fcgi?id=earley000nat
Ethan Edinger,21,2025,Louisville,4,4,4,0,0,0,0,0,0,0,0,0,3,0,0,0,0,0,0,0,0,0,0,,player.fcgi?id=edinge000eth
Bayram Hot,21,2025,Louisville,36,103,92,16,30,3,0,3,22,2,1,7,25,0.326,0.382,0.457,0.839,42,0,2,1,1,1,,player.fcgi?id=hot---000bay
Eddie King,22,2025,Louisville,55,224,188,46,69,19,1,17,63,4,1,21,38,0.367,0.435,0.75,1.185,141,2,7,1,7,1,,player.fcgi?id=king--000edd
Matt Klein*,21,2025,Louisville,33,145,116,26,36,6,1,5,31,1,2,19,16,0.31,0.431,0.509,0.939,59,2,7,1,2,0,,player.fcgi?id=klein-004mat
Michael Lippe,21,2025,Louisville,41,65,52,15,11,3,1,0,6,7,2,11,21,0.212,0.344,0.308,0.651,16,1,0,1,1,0,,player.fcgi?id=lippe-000mic
Lucas Moore*,20,2025,Louisville,66,318,271,85,92,10,3,5,49,53,1,34,29,0.339,0.43,0.454,0.884,123,2,10,2,1,0,,player.fcgi?id=moore-000luc
Collin Mowry,19,2025,Louisville,19,42,37,4,6,2,0,0,5,0,0,1,14,0.162,0.2,0.216,0.416,8,0,1,2,1,0,,player.fcgi?id=mowry-000col
Jake Munroe,21,2025,Louisville,66,299,243,68,84,13,4,13,61,2,2,38,50,0.346,0.451,0.593,1.044,144,3,12,2,4,0,,player.fcgi?id=munroe000jak
Kamau Neighbors#,25,2025,Louisville,53,178,145,22,41,5,2,0,20,13,2,17,13,0.283,0.381,0.345,0.726,50,1,6,10,0,0,,player.fcgi?id=neighb000kam
Garret Pike*,22,2025,Louisville,61,238,209,36,62,19,1,4,40,9,1,9,34,0.297,0.343,0.455,0.798,95,2,9,5,6,0,,player.fcgi?id=pike--001gar
Zion Rose,20,2025,Louisville,66,301,252,64,78,16,3,13,67,31,3,31,36,0.31,0.396,0.552,0.948,139,10,9,3,6,2,,player.fcgi?id=rose--000zio
Tanner Shiver,23,2025,Louisville,24,25,23,8,4,0,0,1,4,3,1,2,4,0.174,0.24,0.304,0.544,7,1,0,0,0,0,,player.fcgi?id=shiver000tan
Tagger Tyson,20,2025,Louisville,33,94,81,12,24,10,1,1,14,1,0,5,12,0.296,0.37,0.481,0.851,39,1,5,2,1,0,,player.fcgi?id=tyson-000tag
Antonio Alvarez#,19,2011,NC State,10,9,6,1,0,0,0,0,0,0,0,3,4,0,0.333,0,0.333,0,,0,0,0,,,player.fcgi?id=alvare003ant
Peter Bako*,21,2011,NC State,22,42,33,6,7,2,0,0,2,2,0,6,11,0.212,0.357,0.273,0.63,9,,2,0,1,,,player.fcgi?id=bako--001pet
Matt Bergquist?,--,2011,NC State,61,233,201,31,58,15,1,4,46,3,1,21,51,0.289,0.355,0.433,0.788,87,,2,5,4,,,player.fcgi?id=bergqu000mat
Dylan Brown?,--,2011,NC State,30,58,49,5,10,2,0,1,4,0,2,8,7,0.204,0.328,0.306,0.634,15,,1,0,0,,,player.fcgi?id=brown-007dyl
Danny Canela*,20,2011,NC State,43,151,131,20,34,6,1,5,25,0,0,16,27,0.26,0.338,0.435,0.773,57,,1,0,3,,,player.fcgi?id=canela001dan
Andrew Ciencin,21,2011,NC State,60,273,241,44,62,12,0,5,35,2,3,21,31,0.257,0.325,0.369,0.694,89,,5,2,4,,,player.fcgi?id=cienci000and
Cameron Conner?,--,2011,NC State,37,103,90,19,26,9,0,0,14,0,1,12,17,0.289,0.379,0.389,0.768,35,,1,0,0,,,player.fcgi?id=conner002cam
Chris Diaz,20,2011,NC State,62,253,216,40,66,12,2,2,32,6,3,23,43,0.306,0.381,0.407,0.789,88,,4,9,1,,,player.fcgi?id=diaz--003chr
John Gianis*,21,2011,NC State,60,236,201,34,58,11,1,1,24,6,1,25,41,0.289,0.386,0.368,0.754,74,,7,3,0,,,player.fcgi?id=gianis000joh
Ryan Mathews,21,2011,NC State,16,25,23,3,3,1,0,0,1,0,0,1,6,0.13,0.2,0.174,0.374,4,,1,0,0,,,player.fcgi?id=mathew000rya
Pratt Maynard*,21,2011,NC State,62,292,251,46,81,21,1,5,41,1,0,38,45,0.323,0.414,0.474,0.888,119,,1,2,0,,,player.fcgi?id=maynar000pra
Harold Riggins,21,2011,NC State,60,258,207,33,65,11,2,4,35,2,3,37,67,0.314,0.436,0.444,0.88,92,,10,1,3,,,player.fcgi?id=riggin001har
Chris Schaeffer,23,2011,NC State,45,131,104,19,21,5,0,2,14,0,0,13,21,0.202,0.323,0.308,0.631,32,,7,4,3,,,player.fcgi?id=schaef002chr
Tarran Senay*,20,2011,NC State,47,156,129,22,34,7,1,2,24,0,1,25,40,0.264,0.391,0.38,0.771,49,,2,0,0,,,player.fcgi?id=senay-001tar
Brett Williams?,--,2011,NC State,62,275,238,46,68,12,4,6,35,9,0,15,40,0.286,0.368,0.445,0.813,106,,16,6,0,,,player.fcgi?id=willia005bre
Bryan Adametz?,--,2012,NC State,19,29,24,10,6,1,2,0,1,0,0,2,7,0.25,0.333,0.458,0.792,11,,1,2,0,0,,player.fcgi?id=adamet000bry
Brett Austin#,19,2012,NC State,62,287,243,49,69,17,1,0,37,6,1,29,48,0.284,0.35,0.362,0.712,88,,1,4,10,0,,player.fcgi?id=austin000bre
Matt Bergquist?,--,2012,NC State,48,173,144,19,32,8,1,1,21,2,0,21,35,0.222,0.329,0.313,0.642,45,,3,3,2,0,,player.fcgi?id=bergqu000mat
Danny Canela*,21,2012,NC State,62,280,227,46,79,18,0,6,46,0,0,48,40,0.348,0.457,0.507,0.963,115,,0,2,3,5,,player.fcgi?id=canela001dan
Andrew Ciencin,22,2012,NC State,61,276,223,41,62,14,1,5,36,5,1,34,19,0.278,0.378,0.417,0.795,93,,6,6,7,3,,player.fcgi?id=cienci000and
Grant Clyde?,--,2012,NC State,12,22,19,4,6,2,0,0,4,0,0,1,4,0.316,0.381,0.421,0.802,8,,1,1,0,0,,player.fcgi?id=clyde-000gra
Chris Diaz,21,2012,NC State,63,296,263,55,91,25,2,2,56,8,3,18,38,0.346,0.383,0.479,0.862,126,,1,9,5,1,,player.fcgi?id=diaz--003chr
Jake Fincher,19,2012,NC State,59,241,210,35,63,7,6,1,23,16,7,18,37,0.3,0.353,0.405,0.758,85,,1,9,3,0,,player.fcgi?id=finche000jak
John Gianis*,22,2012,NC State,35,73,66,6,16,2,0,0,7,0,0,4,15,0.242,0.296,0.273,0.569,18,,1,2,0,1,,player.fcgi?id=gianis000joh
Ryan Mathews,22,2012,NC State,59,248,223,48,73,16,0,17,62,1,3,18,46,0.327,0.38,0.628,1.007,140,,2,3,2,1,,player.fcgi?id=mathew000rya
Logan Ratledge,19,2012,NC State,53,165,142,25,37,11,0,1,21,4,1,11,18,0.261,0.344,0.359,0.703,51,,7,5,0,1,,player.fcgi?id=ratled000log
Carlos Rodón*,19,2012,NC State,24,7,6,1,2,2,0,0,1,0,0,1,2,0.333,0.429,0.667,1.095,4,,0,0,0,0,,player.fcgi?id=rodon-000car
Tarran Senay*,21,2012,NC State,53,201,171,26,38,15,0,6,32,2,1,20,50,0.222,0.323,0.415,0.738,71,,6,3,1,2,,player.fcgi?id=senay-001tar
Trea Turner,19,2012,NC State,63,315,259,72,87,13,2,5,43,57,4,41,38,0.336,0.432,0.459,0.891,119,,5,7,3,0,,player.fcgi?id=turner000tre
Brett Williams?,--,2012,NC State,1,3,3,0,0,0,0,0,0,1,0,0,1,0,0,0,0,0,,0,0,0,0,,player.fcgi?id=willia005bre
Bryan Adametz?,--,2013,NC State,62,257,228,32,69,13,1,0,32,3,0,13,18,0.303,0.355,0.368,0.723,84,,7,6,3,0,,player.fcgi?id=adamet000bry
Jake Armstrong?,--,2013,NC State,50,212,154,31,41,9,2,1,30,7,0,31,46,0.266,0.44,0.37,0.81,57,,20,3,4,2,,player.fcgi?id=armstr000jak
Brett Austin#,20,2013,NC State,66,313,263,38,66,21,1,2,37,13,6,35,59,0.251,0.333,0.361,0.695,95,,1,7,7,1,,player.fcgi?id=austin000bre
Matt Bergquist?,--,2013,NC State,27,73,59,9,10,2,0,0,7,1,0,6,11,0.169,0.261,0.203,0.464,12,,2,4,2,1,,player.fcgi?id=bergqu000mat
Grant Clyde?,--,2013,NC State,58,230,195,40,55,16,0,4,26,4,1,22,32,0.282,0.373,0.426,0.799,83,,7,5,1,1,,player.fcgi?id=clyde-000gra
Jake Fincher,20,2013,NC State,66,314,265,50,83,9,1,0,29,14,6,32,42,0.313,0.399,0.355,0.753,94,,7,8,2,0,,player.fcgi?id=finche000jak
John Mangum?,--,2013,NC State,11,16,13,1,2,0,0,0,3,1,0,2,8,0.154,0.25,0.154,0.404,2,,0,0,1,0,,player.fcgi?id=mangum000joh
Sam Morgan?,--,2013,NC State,40,132,122,18,31,6,0,3,18,2,1,3,23,0.254,0.292,0.377,0.669,46,,4,2,1,0,,player.fcgi?id=morgan000sam
Will Nance?,--,2013,NC State,25,79,73,10,15,2,0,1,8,1,1,5,21,0.205,0.266,0.274,0.54,20,,1,0,0,0,,player.fcgi?id=nance-002wil
Logan Ratledge,20,2013,NC State,52,207,176,28,44,6,2,0,17,11,5,13,22,0.25,0.309,0.307,0.616,54,,3,13,2,0,,player.fcgi?id=ratled000log
Carlos Rodón*,20,2013,NC State,29,24,23,0,5,0,0,0,4,0,0,0,3,0.217,0.25,0.217,0.467,5,,1,0,0,0,,player.fcgi?id=rodon-000car
Tarran Senay*,22,2013,NC State,65,296,257,33,74,16,2,8,59,3,3,31,60,0.288,0.365,0.459,0.824,118,,3,0,5,6,,player.fcgi?id=senay-001tar
Chance Shepard,18,2013,NC State,7,7,5,2,1,0,0,0,0,0,0,2,2,0.2,0.429,0.2,0.629,1,,0,0,0,0,,player.fcgi?id=shepar000cha
Brian Taylor,20,2013,NC State,17,30,23,8,3,2,0,0,2,1,0,5,7,0.13,0.31,0.217,0.528,5,,1,1,0,0,,player.fcgi?id=taylor003bri
Trea Turner,20,2013,NC State,56,276,228,66,84,13,4,7,42,30,6,38,31,0.368,0.455,0.553,1.007,126,,3,1,6,5,,player.fcgi?id=turner000tre
Brett Williams?,--,2013,NC State,60,268,235,36,59,12,1,3,32,19,5,23,50,0.251,0.331,0.349,0.68,82,,6,2,2,2,,player.fcgi?id=willia005bre
Jake Armstrong?,--,2014,NC State,48,176,140,25,32,4,0,4,20,5,5,20,52,0.229,0.374,0.343,0.716,48,,13,2,1,0,,player.fcgi?id=armstr000jak
Brett Austin#,21,2014,NC State,54,247,215,42,74,12,5,5,31,8,1,27,29,0.344,0.414,0.516,0.93,111,,0,3,2,3,,player.fcgi?id=austin000bre
Skyler Bean?,--,2014,NC State,4,3,3,1,0,0,0,0,0,0,0,0,1,0,0,0,0,0,,0,0,0,0,,player.fcgi?id=bean--000sky
Jake Fincher,21,2014,NC State,54,236,202,20,53,6,2,0,25,12,1,19,33,0.262,0.338,0.312,0.65,63,,5,8,2,1,,player.fcgi?id=finche000jak
Nathan Hood?,--,2014,NC State,29,49,41,7,8,1,0,0,2,0,1,7,13,0.195,0.313,0.22,0.532,9,,0,1,0,0,,player.fcgi?id=hood--000nat
Andrew Knizner,19,2014,NC State,52,231,209,34,69,11,1,4,47,0,0,4,21,0.33,0.373,0.45,0.823,94,,12,3,3,0,,player.fcgi?id=knizne000and
John Mangum?,--,2014,NC State,19,54,44,9,7,2,0,0,2,0,0,6,17,0.159,0.302,0.205,0.506,9,,3,1,0,0,,player.fcgi?id=mangum000joh
Will Nance?,--,2014,NC State,6,12,10,1,0,0,0,0,0,0,0,1,9,0,0.167,0,0.167,0,,1,0,0,0,,player.fcgi?id=nance-002wil
Preston Palmeiro*,19,2014,NC State,39,117,102,12,29,4,1,0,14,2,1,13,27,0.284,0.359,0.343,0.702,35,,0,0,2,0,,player.fcgi?id=palmei000pre
Logan Ratledge,21,2014,NC State,54,243,208,31,57,6,0,5,30,10,1,24,33,0.274,0.367,0.375,0.742,78,,7,3,1,0,,player.fcgi?id=ratled000log
Bubby Riley*,21,2014,NC State,39,141,115,15,23,2,1,1,17,3,0,22,35,0.2,0.34,0.261,0.601,30,,3,0,1,1,,player.fcgi?id=riley-005pat
Carlos Rodón*,21,2014,NC State,37,54,46,6,13,1,0,0,6,0,0,5,8,0.283,0.389,0.304,0.693,14,,3,0,0,1,,player.fcgi?id=rodon-000car
Chance Shepard,19,2014,NC State,35,116,94,21,22,4,1,3,14,1,2,22,34,0.234,0.379,0.394,0.773,37,,0,0,0,0,,player.fcgi?id=shepar000cha
Garrett Suggs*,19,2014,NC State,51,146,120,19,25,3,0,0,8,1,1,16,42,0.208,0.312,0.233,0.545,28,,2,8,0,0,,player.fcgi?id=suggs-000gar
Brian Taylor,21,2014,NC State,16,17,16,1,3,0,0,0,2,2,0,1,6,0.188,0.235,0.188,0.423,3,,0,0,0,0,,player.fcgi?id=taylor003bri
Trea Turner,21,2014,NC State,54,257,215,65,69,12,3,8,36,26,4,37,25,0.321,0.418,0.516,0.934,111,,1,1,3,5,,player.fcgi?id=turner000tre
Matt Vernon,20,2014,NC State,19,30,22,3,3,2,0,0,2,0,1,8,13,0.136,0.367,0.227,0.594,5,,0,0,0,0,,player.fcgi?id=vernon000mat
Andrew Woeck,22,2014,NC State,12,0,0,1,0,0,0,0,0,0,0,0,0,,,,,0,,0,0,0,0,,player.fcgi?id=woeck-000and
Jake Armstrong?,--,2015,NC State,46,158,136,21,31,10,1,4,27,2,2,13,45,0.228,0.316,0.404,0.721,55,,6,0,3,0,,player.fcgi?id=armstr000jak
Curt Britt*,22,2015,NC State,19,1,1,0,0,0,0,0,0,0,0,0,0,0,0,0,0,0,,0,0,0,0,,player.fcgi?id=britt-000cur
Brock Deatherage*,19,2015,NC State,46,166,141,34,41,6,2,1,11,7,3,17,44,0.291,0.383,0.383,0.766,54,,4,4,0,1,,player.fcgi?id=deathe000bro
Tommy DeJuneas,19,2015,NC State,36,44,35,6,9,2,0,1,4,1,2,4,6,0.257,0.409,0.4,0.809,14,,5,0,0,0,,player.fcgi?id=dejune000tom
Joe Dunand,19,2015,NC State,57,241,215,31,47,12,1,7,40,1,1,15,36,0.219,0.289,0.381,0.67,82,,7,2,2,1,,player.fcgi?id=dunand000jos
Jake Fincher,22,2015,NC State,57,222,189,43,55,7,3,3,22,1,1,17,28,0.291,0.37,0.407,0.778,77,,8,6,2,0,,player.fcgi?id=finche000jak
Will Gilbert*,21,2015,NC State,29,1,1,0,0,0,0,0,0,0,0,0,0,0,0,0,0,0,,0,0,0,0,,player.fcgi?id=gilber003wil
Andrew Knizner,20,2015,NC State,57,253,230,32,71,10,0,5,41,0,0,12,18,0.309,0.352,0.417,0.769,96,,5,3,3,0,,player.fcgi?id=knizne000and
Scott Manea,19,2015,NC State,6,3,2,1,2,0,0,0,0,0,0,1,0,1,1,1,2,2,,0,0,0,0,,player.fcgi?id=manea-000sco
Joel McKeithan#,23,2015,NC State,35,119,101,14,18,4,1,1,14,0,0,14,28,0.178,0.274,0.267,0.541,27,,0,2,2,0,,player.fcgi?id=mckeit001joe
Josh McLain,18,2015,NC State,35,50,43,10,8,1,0,0,3,1,1,2,11,0.186,0.234,0.209,0.443,9,,1,3,1,0,,player.fcgi?id=mclain000jos
Evan Mendoza,19,2015,NC State,11,3,3,0,0,0,0,0,0,0,0,0,2,0,0,0,0,0,,0,0,0,0,,player.fcgi?id=mendoz000eva
Travis Orwig?,--,2015,NC State,15,1,1,0,0,0,0,0,1,0,0,0,0,0,0,0,0,0,,0,0,0,0,,player.fcgi?id=orwig-000tra
Preston Palmeiro*,20,2015,NC State,59,275,239,39,72,13,1,7,49,2,2,26,37,0.301,0.377,0.452,0.829,108,,5,2,3,5,,player.fcgi?id=palmei000pre
Stephen Pitarra*,19,2015,NC State,6,3,3,0,0,0,0,0,0,0,0,0,1,0,0,0,0,0,,0,0,0,0,,player.fcgi?id=pitarr000ste
Logan Ratledge,22,2015,NC State,59,283,231,53,76,19,2,10,41,11,3,32,34,0.329,0.431,0.558,0.989,129,,13,2,5,1,,player.fcgi?id=ratled000log
Bubby Riley*,22,2015,NC State,44,136,119,17,32,5,0,3,18,3,1,15,37,0.269,0.348,0.387,0.735,46,,0,1,1,1,,player.fcgi?id=riley-005pat
Chance Shepard,20,2015,NC State,36,122,98,11,21,5,0,6,23,1,0,20,36,0.214,0.342,0.449,0.791,44,,0,2,2,0,,player.fcgi?id=shepar000cha
Shane Shepard*,--,2015,NC State,29,63,50,3,8,1,0,1,1,0,0,11,17,0.16,0.323,0.24,0.563,12,,1,1,0,1,,player.fcgi?id=shepar001sha
Ryne Willard,22,2015,NC State,56,236,209,29,60,10,2,4,20,3,1,22,53,0.287,0.363,0.411,0.775,86,,3,2,0,1,,player.fcgi?id=willar000ryn
Jack Conley,19,2016,NC State,7,7,6,3,5,0,0,0,4,0,0,0,0,0.833,0.857,0.833,1.69,5,,1,0,0,0,,player.fcgi?id=conley000jac
Brock Deatherage*,20,2016,NC State,60,263,224,45,70,8,5,6,39,14,4,21,53,0.313,0.391,0.473,0.864,106,,9,7,2,1,,player.fcgi?id=deathe000bro
Tommy DeJuneas,20,2016,NC State,31,19,17,3,2,0,0,0,1,0,0,2,4,0.118,0.211,0.118,0.328,2,,0,0,0,0,,player.fcgi?id=dejune000tom
Joe Dunand,20,2016,NC State,60,261,236,35,70,18,0,4,41,3,2,18,42,0.297,0.345,0.424,0.769,100,,1,3,3,0,,player.fcgi?id=dunand000jos
Storm Edwards,20,2016,NC State,15,18,12,6,4,0,0,0,2,0,0,6,3,0.333,0.556,0.333,0.889,4,,0,0,0,0,,player.fcgi?id=edward000sto
Brett Kinneman*,19,2016,NC State,42,163,135,33,40,13,0,6,32,2,0,24,38,0.296,0.405,0.526,0.931,71,,2,0,2,0,,player.fcgi?id=kinnem000bre
Andrew Knizner,21,2016,NC State,60,272,240,40,70,5,0,6,30,3,0,21,36,0.292,0.359,0.388,0.747,93,,6,2,3,0,,player.fcgi?id=knizne000and
Xavier LeGrant,19,2016,NC State,26,64,53,12,13,3,0,1,5,2,0,11,12,0.245,0.375,0.358,0.733,19,,0,0,0,0,,player.fcgi?id=legran000xav
Josh McLain,19,2016,NC State,56,242,213,41,64,19,2,4,37,13,3,14,40,0.3,0.359,0.465,0.824,99,,6,8,1,1,,player.fcgi?id=mclain000jos
Evan Mendoza,20,2016,NC State,55,222,196,31,71,5,0,4,33,3,3,20,28,0.362,0.417,0.449,0.866,88,,0,4,2,1,,player.fcgi?id=mendoz000eva
Preston Palmeiro*,21,2016,NC State,60,277,243,53,82,20,1,9,55,1,0,29,42,0.337,0.412,0.539,0.951,131,,3,0,2,2,,player.fcgi?id=palmei000pre
Stephen Pitarra*,20,2016,NC State,53,232,199,36,58,9,1,0,25,2,1,24,29,0.291,0.376,0.347,0.723,69,,3,6,0,0,,player.fcgi?id=pitarr000ste
Chance Shepard,21,2016,NC State,59,256,215,50,60,15,0,15,54,3,0,37,82,0.279,0.384,0.558,0.942,120,,1,1,2,1,,player.fcgi?id=shepar000cha
Shane Shepard*,--,2016,NC State,36,111,89,12,23,8,2,2,13,1,0,20,30,0.258,0.396,0.461,0.857,41,,1,0,1,0,,player.fcgi?id=shepar001sha
Garrett Suggs*,21,2016,NC State,16,18,14,5,3,1,0,0,0,0,1,3,3,0.214,0.353,0.286,0.639,4,,0,1,0,0,,player.fcgi?id=suggs-000gar
Ryne Willard,23,2016,NC State,23,46,41,6,11,3,0,0,8,0,1,2,17,0.268,0.289,0.341,0.63,14,,0,1,2,0,,player.fcgi?id=willar000ryn
Jack Conley,20,2017,NC State,23,56,49,6,11,5,0,0,2,0,0,5,8,0.224,0.309,0.327,0.636,16,,1,1,0,0,,player.fcgi?id=conley000jac
Dillon Cooper,20,2017,NC State,11,12,12,3,3,0,0,0,1,0,1,0,4,0.25,0.25,0.25,0.5,3,,0,0,0,0,,player.fcgi?id=cooper001dil
Andy Cosgrove,20,2017,NC State,46,160,141,25,40,11,1,4,18,0,0,11,36,0.284,0.363,0.461,0.823,65,,7,0,1,0,,player.fcgi?id=cosgro000and
Brock Deatherage*,21,2017,NC State,61,229,188,33,41,8,2,3,18,8,3,21,57,0.218,0.304,0.33,0.634,62,,3,15,2,1,,player.fcgi?id=deathe000bro
Brad Debo*,19,2017,NC State,56,238,215,30,72,18,2,4,43,0,1,19,38,0.335,0.387,0.493,0.88,106,,1,0,3,2,,player.fcgi?id=debo--000bra
Tommy DeJuneas,21,2017,NC State,27,25,24,3,4,1,0,1,2,1,0,1,3,0.167,0.2,0.333,0.533,8,,0,0,0,0,,player.fcgi?id=dejune000tom
Christian Demby,20,2017,NC State,12,20,17,3,5,2,0,1,3,0,0,3,8,0.294,0.4,0.588,0.988,10,,0,0,0,0,,player.fcgi?id=demby-000chr
Joe Dunand,21,2017,NC State,61,242,209,42,60,12,3,18,51,2,0,19,45,0.287,0.368,0.632,0.999,132,,10,0,4,2,,player.fcgi?id=dunand000jos
Brett Kinneman*,20,2017,NC State,60,243,209,36,59,14,1,10,41,4,0,29,64,0.282,0.372,0.502,0.874,105,,2,1,2,2,,player.fcgi?id=kinnem000bre
Lawson McArthur*,18,2017,NC State,22,8,7,2,1,0,0,0,0,1,0,1,6,0.143,0.25,0.143,0.393,1,,0,0,0,0,,player.fcgi?id=mcarth000law
Josh McLain,20,2017,NC State,61,269,244,50,76,21,0,6,31,11,2,12,35,0.311,0.352,0.471,0.824,115,,5,5,3,0,,player.fcgi?id=mclain000jos
Evan Mendoza,21,2017,NC State,61,261,229,41,60,12,2,5,35,3,0,28,28,0.262,0.342,0.397,0.74,91,,1,1,2,0,,player.fcgi?id=mendoz000eva
Steven Oakley,19,2017,NC State,3,4,4,0,0,0,0,0,0,0,0,0,1,0,0,0,0,0,,0,0,0,0,,player.fcgi?id=oakley000ste
Stephen Pitarra*,21,2017,NC State,52,231,189,37,50,8,0,1,20,1,5,31,26,0.265,0.375,0.323,0.698,61,,3,7,1,0,,player.fcgi?id=pitarr000ste
Shane Shepard*,--,2017,NC State,40,119,98,12,18,5,0,3,12,0,0,19,32,0.184,0.328,0.327,0.654,32,,2,0,0,0,,player.fcgi?id=shepar001sha
Garrett Suggs*,22,2017,NC State,31,19,17,5,4,2,0,0,1,0,0,2,7,0.235,0.316,0.353,0.669,6,,0,0,0,0,,player.fcgi?id=suggs-000gar
Will Wilson,18,2017,NC State,61,273,240,41,72,21,2,8,48,2,2,25,50,0.3,0.377,0.504,0.881,121,,6,0,2,0,,player.fcgi?id=wilson039wil
Patrick Bailey#,19,2018,NC State,54,223,187,45,60,8,3,13,40,0,0,28,32,0.321,0.419,0.604,1.023,113,,5,1,2,0,,player.fcgi?id=bailey000pat
Devonte Brown,18,2018,NC State,30,35,27,8,4,0,1,0,1,1,0,8,13,0.148,0.343,0.222,0.565,6,,0,0,0,0,,player.fcgi?id=brown-000dev
Jack Conley,21,2018,NC State,21,43,33,10,11,0,0,2,5,1,1,9,8,0.333,0.476,0.515,0.991,17,,0,1,0,0,,player.fcgi?id=conley000jac
Dillon Cooper,21,2018,NC State,55,158,133,20,34,4,0,0,24,5,2,15,36,0.256,0.338,0.286,0.623,38,,3,4,3,0,,player.fcgi?id=cooper001dil
Brock Deatherage*,22,2018,NC State,60,270,228,47,70,7,3,14,41,18,8,28,76,0.307,0.397,0.548,0.945,125,,8,3,3,0,,player.fcgi?id=deathe000bro
Brad Debo*,20,2018,NC State,35,97,83,8,21,4,0,1,14,1,0,13,24,0.253,0.361,0.337,0.698,28,,1,0,0,0,,player.fcgi?id=debo--000bra
Evan Edwards*,21,2018,NC State,59,246,195,44,58,5,1,15,48,4,1,41,63,0.297,0.419,0.564,0.983,110,,4,0,6,0,,player.fcgi?id=edward000eva
Brady Gulakowski*,19,2018,NC State,5,5,5,0,0,0,0,0,0,0,0,0,2,0,0,0,0,0,,0,0,0,0,,player.fcgi?id=gulako000bra
J.T. Jarrett,19,2018,NC State,54,144,111,16,25,0,0,0,8,0,2,9,16,0.225,0.306,0.225,0.532,25,,4,20,0,0,,player.fcgi?id=jarret000jt-
Brett Kinneman*,21,2018,NC State,60,283,234,52,64,13,4,17,61,10,3,46,65,0.274,0.392,0.581,0.973,136,,1,0,2,1,,player.fcgi?id=kinnem000bre
Lawson McArthur*,19,2018,NC State,19,4,1,3,0,0,0,0,1,2,0,1,0,0,0.5,0,0.5,0,,1,0,1,0,,player.fcgi?id=mcarth000law
Josh McLain,21,2018,NC State,60,291,273,51,94,13,3,4,40,12,3,10,32,0.344,0.375,0.458,0.832,125,,5,0,3,0,,player.fcgi?id=mclain000jos
Steven Oakley,20,2018,NC State,11,11,9,0,2,0,0,0,0,0,0,2,1,0.222,0.364,0.222,0.586,2,,0,0,0,0,,player.fcgi?id=oakley000ste
Stephen Pitarra*,22,2018,NC State,33,116,85,19,23,7,0,0,6,2,0,24,15,0.271,0.446,0.353,0.799,30,,3,4,0,0,,player.fcgi?id=pitarr000ste
Shane Shepard*,--,2018,NC State,43,100,75,14,15,3,0,5,23,1,0,21,27,0.2,0.36,0.44,0.8,33,,0,0,4,0,,player.fcgi?id=shepar001sha
Terrell Tatum*,18,2018,NC State,45,110,85,25,23,4,1,0,10,9,2,24,42,0.271,0.427,0.341,0.768,29,,0,0,1,0,,player.fcgi?id=tatum-000ter
David Vazquez,19,2018,NC State,35,43,38,7,10,4,0,1,7,0,1,3,11,0.263,0.302,0.447,0.75,17,,0,0,2,0,,player.fcgi?id=vazque002dav
Will Wilson,19,2018,NC State,59,272,238,50,73,16,3,15,53,1,1,27,41,0.307,0.376,0.588,0.965,140,,2,1,4,0,,player.fcgi?id=wilson039wil
Patrick Bailey#,20,2019,NC State,60,282,236,50,68,17,3,10,46,1,0,41,43,0.288,0.39,0.513,0.903,121,,1,0,4,2,,player.fcgi?id=bailey000pat
Devonte Brown,19,2019,NC State,32,58,49,10,14,1,1,0,5,1,0,8,15,0.286,0.397,0.347,0.743,17,,1,0,0,0,,player.fcgi?id=brown-000dev
Jonny Butler*,20,2019,NC State,61,300,251,69,67,10,2,3,29,3,0,42,47,0.267,0.378,0.359,0.736,90,,4,1,2,1,,player.fcgi?id=butler000jon
Marek Chlup,20,2019,NC State,17,34,27,4,5,2,1,1,6,0,0,6,9,0.185,0.324,0.444,0.768,12,,0,0,1,0,,player.fcgi?id=chlup-000mar
Dillon Cooper,22,2019,NC State,45,77,70,19,16,1,2,0,6,2,0,5,21,0.229,0.289,0.3,0.589,21,,1,1,0,0,,player.fcgi?id=cooper001dil
Brad Debo*,21,2019,NC State,59,233,194,28,47,16,1,4,39,2,0,35,57,0.242,0.352,0.397,0.749,77,,0,0,4,1,,player.fcgi?id=debo--000bra
Evan Edwards*,22,2019,NC State,61,288,230,59,76,17,2,14,60,7,1,51,47,0.33,0.455,0.604,1.059,139,,4,0,3,2,,player.fcgi?id=edward000eva
Mathieu Gauthier,21,2019,NC State,7,1,1,0,1,0,0,0,2,0,0,0,0,1,1,1,2,1,,0,0,0,0,,player.fcgi?id=gauthi000mat
David Harrison*,19,2019,NC State,22,0,0,1,0,0,0,0,0,0,0,0,0,,,,,0,,0,0,0,0,,player.fcgi?id=harris009dav
J.T. Jarrett,20,2019,NC State,49,125,101,19,23,4,0,1,17,2,1,12,22,0.228,0.328,0.297,0.625,30,,4,6,2,0,,player.fcgi?id=jarret000jt-
Lawson McArthur*,20,2019,NC State,45,92,71,11,13,6,1,1,12,0,0,17,31,0.183,0.37,0.338,0.708,24,,4,0,0,0,,player.fcgi?id=mcarth000law
Tyler McDonough#,20,2019,NC State,61,283,250,38,80,14,2,5,47,10,2,26,40,0.32,0.392,0.452,0.844,113,,5,0,2,0,,player.fcgi?id=mcdono000tyl
Vojtech Mensik,21,2019,NC State,43,156,128,27,32,7,1,2,14,9,0,18,50,0.25,0.366,0.367,0.733,47,,6,3,1,0,,player.fcgi?id=mensik000voj
Terrell Tatum*,19,2019,NC State,47,107,92,16,19,2,0,2,16,6,0,13,38,0.207,0.305,0.293,0.598,27,,0,2,0,0,,player.fcgi?id=tatum-000ter
Thayer Thomas,21,2019,NC State,14,22,18,4,4,2,0,1,3,0,0,2,6,0.222,0.364,0.5,0.864,9,,2,0,0,0,,player.fcgi?id=thomas000tha
Luca Tresh,19,2019,NC State,41,86,67,12,15,2,0,6,17,0,0,15,27,0.224,0.372,0.522,0.894,35,,2,0,2,0,,player.fcgi?id=tresh-000luc
David Vazquez,20,2019,NC State,44,163,130,22,30,9,0,2,23,0,0,27,29,0.231,0.364,0.346,0.71,45,,2,1,3,0,,player.fcgi?id=vazque002dav
Will Wilson,20,2019,NC State,55,261,221,55,75,20,2,16,57,1,0,33,46,0.339,0.429,0.665,1.094,147,,4,0,3,0,,player.fcgi?id=wilson039wil
Patrick Bailey#,21,2020,NC State,17,73,54,20,16,3,0,6,20,1,0,17,18,0.296,0.466,0.685,1.151,37,,1,0,1,1,,player.fcgi?id=bailey000pat
Devonte Brown,20,2020,NC State,17,77,65,19,22,6,1,5,19,4,1,10,18,0.338,0.429,0.692,1.121,45,,1,0,1,0,,player.fcgi?id=brown-000dev
Jonny Butler*,21,2020,NC State,17,74,62,7,18,4,2,1,14,9,2,10,12,0.29,0.384,0.468,0.851,29,,0,1,1,0,,player.fcgi?id=butler000jon
Marek Chlup,21,2020,NC State,5,6,4,2,2,1,0,0,0,0,0,1,2,0.5,0.667,0.75,1.417,3,,1,0,0,0,,player.fcgi?id=chlup-000mar
Brad Debo*,22,2020,NC State,9,20,19,3,5,1,0,0,0,0,0,1,9,0.263,0.3,0.316,0.616,6,,0,0,0,0,,player.fcgi?id=debo--000bra
D. Giles,19,2020,NC State,3,2,2,0,1,0,0,0,1,0,0,0,1,0.5,0.5,0.5,1,1,,0,0,0,0,,player.fcgi?id=giles-000dea
Sam Highfill,19,2020,NC State,9,5,5,0,1,0,0,0,1,0,0,0,1,0.2,0.2,0.2,0.4,1,,0,0,0,0,,player.fcgi?id=highfi000sam
J.T. Jarrett,21,2020,NC State,16,51,45,11,15,6,0,2,15,1,0,4,10,0.333,0.388,0.6,0.988,27,,0,2,0,0,,player.fcgi?id=jarret000jt-
Lawson McArthur*,21,2020,NC State,11,28,25,5,5,1,0,0,3,1,0,2,5,0.2,0.286,0.24,0.526,6,,1,0,0,0,,player.fcgi?id=mcarth000law
Tyler McDonough#,21,2020,NC State,17,82,65,17,23,4,0,3,16,7,0,14,10,0.354,0.457,0.554,1.011,36,,0,1,2,0,,player.fcgi?id=mcdono000tyl
Vojtech Mensik,22,2020,NC State,16,39,34,11,9,2,0,2,9,2,0,4,8,0.265,0.359,0.5,0.859,17,,1,0,0,0,,player.fcgi?id=mensik000voj
Austin Murr*,21,2020,NC State,17,83,62,21,19,7,2,3,14,5,0,16,8,0.306,0.47,0.629,1.099,39,,4,0,1,0,,player.fcgi?id=murr--000aus
CJ Neese,19,2020,NC State,2,3,3,0,1,0,0,0,1,0,0,0,2,0.333,0.333,0.333,0.667,1,,0,0,0,0,,player.fcgi?id=neese-000cj-
Noah Soles*,19,2020,NC State,9,16,15,5,9,2,0,0,5,1,0,1,2,0.6,0.625,0.733,1.358,11,,0,0,0,0,,player.fcgi?id=soles-000noa
Terrell Tatum*,20,2020,NC State,12,36,24,8,7,0,1,0,1,7,0,10,12,0.292,0.5,0.375,0.875,9,,1,0,1,0,,player.fcgi?id=tatum-000ter
Jose Torres,20,2020,NC State,17,65,60,11,20,3,0,3,13,2,0,3,20,0.333,0.369,0.533,0.903,32,,1,0,1,0,,player.fcgi?id=torres026jos
Luca Tresh,20,2020,NC State,11,45,42,11,17,3,0,3,9,1,0,2,8,0.405,0.444,0.69,1.135,29,,1,0,0,1,,player.fcgi?id=tresh-000luc
David Vazquez,21,2020,NC State,7,9,6,1,1,0,0,0,2,0,0,0,2,0.167,0.375,0.167,0.542,1,,2,1,0,0,,player.fcgi?id=vazque002dav
Matt Willadsen,19,2020,NC State,9,3,2,1,1,0,0,0,1,0,0,1,1,0.5,0.667,0.5,1.167,1,,0,0,0,0,,player.fcgi?id=willad000mat
Devonte Brown,21,2021,NC State,56,242,202,45,51,11,0,13,40,4,2,34,49,0.252,0.363,0.5,0.863,101,,2,2,2,1,,player.fcgi?id=brown-000dev
Jonny Butler*,22,2021,NC State,52,239,202,54,76,12,2,14,53,16,1,26,45,0.376,0.452,0.663,1.115,134,,6,0,5,1,,player.fcgi?id=butler000jon
Danny Carnazzo?,--,2021,NC State,12,14,13,2,1,0,0,0,0,0,0,1,5,0.077,0.143,0.077,0.22,1,,0,0,0,0,,player.fcgi?id=carnaz000dan
Eddie Eisert#,19,2021,NC State,7,11,9,2,0,0,0,0,0,0,0,2,4,0,0.182,0,0.182,0,,0,0,0,0,,player.fcgi?id=eisert000edd
Carson Falsken,18,2021,NC State,10,16,15,1,3,0,0,0,0,0,0,1,7,0.2,0.25,0.2,0.45,3,,0,0,0,0,,player.fcgi?id=falske000car
D. Giles,20,2021,NC State,12,15,12,0,1,0,0,0,1,0,0,1,8,0.083,0.2,0.083,0.283,1,,1,0,1,0,,player.fcgi?id=giles-000dea
Sam Highfill,20,2021,NC State,17,4,4,0,3,0,0,0,0,0,0,0,1,0.75,0.75,0.75,1.5,3,,0,0,0,0,,player.fcgi?id=highfi000sam
J.T. Jarrett,22,2021,NC State,55,230,195,27,49,11,1,1,23,3,1,23,35,0.251,0.341,0.333,0.674,65,,4,7,1,0,,player.fcgi?id=jarret000jt-
Tyler McDonough#,22,2021,NC State,55,267,233,58,79,21,1,15,45,13,4,33,48,0.339,0.423,0.631,1.054,147,,1,0,0,0,,player.fcgi?id=mcdono000tyl
Vojtech Mensik,23,2021,NC State,56,231,201,29,48,7,1,5,24,11,3,18,48,0.239,0.308,0.358,0.666,72,,2,10,0,1,,player.fcgi?id=mensik000voj
Austin Murr*,22,2021,NC State,54,261,232,54,74,16,3,7,32,6,2,21,40,0.319,0.376,0.504,0.88,117,,2,3,3,0,,player.fcgi?id=murr--000aus
Noah Soles*,20,2021,NC State,16,34,29,4,6,1,0,0,2,0,0,5,10,0.207,0.324,0.241,0.565,7,,0,0,0,0,,player.fcgi?id=soles-000noa
Terrell Tatum*,21,2021,NC State,53,224,186,37,59,2,2,12,36,16,2,33,68,0.317,0.423,0.543,0.966,101,,2,2,1,0,,player.fcgi?id=tatum-000ter
Jose Torres,21,2021,NC State,52,217,197,31,57,12,3,10,44,5,1,13,39,0.289,0.343,0.533,0.876,105,,4,1,2,0,,player.fcgi?id=torres026jos
Luca Tresh,21,2021,NC State,56,258,229,41,53,9,1,15,43,1,0,24,71,0.231,0.31,0.476,0.786,109,,3,0,2,2,,player.fcgi?id=tresh-000luc
Devonte Brown,22,2022,NC State,57,291,230,68,70,12,2,15,44,6,1,50,67,0.304,0.433,0.57,1.002,131,2,5,2,4,2,,player.fcgi?id=brown-000dev
Jacob Cozart*,19,2022,NC State,52,170,146,24,35,8,0,4,25,2,0,17,25,0.24,0.337,0.377,0.714,55,3,5,1,1,0,,player.fcgi?id=cozart000jac
Eddie Eisert#,20,2022,NC State,21,36,31,9,8,2,1,0,5,0,0,3,6,0.258,0.361,0.387,0.748,12,0,2,0,0,0,,player.fcgi?id=eisert000edd
D. Giles,21,2022,NC State,10,11,11,3,3,1,0,2,6,0,0,0,6,0.273,0.273,0.909,1.182,10,0,0,0,0,0,,player.fcgi?id=giles-000dea
Jacob Godman,22,2022,NC State,23,54,36,13,9,1,0,0,1,2,0,9,10,0.25,0.429,0.278,0.706,10,1,3,5,1,0,,player.fcgi?id=godman000jac
Payton Green,19,2022,NC State,57,246,207,39,53,12,2,7,39,10,0,28,60,0.256,0.353,0.435,0.787,90,2,4,5,2,0,,player.fcgi?id=green-000pay
LuJames Groover,20,2022,NC State,57,274,236,65,86,16,1,10,47,4,2,28,44,0.364,0.44,0.568,1.007,134,5,6,1,3,1,,player.fcgi?id=groove000gin
Josh Hood,21,2022,NC State,57,274,231,42,62,14,0,13,52,4,1,31,57,0.268,0.35,0.498,0.848,115,8,3,0,9,1,,player.fcgi?id=hood--000jos
J.T. Jarrett,23,2022,NC State,52,231,190,30,49,12,0,6,39,1,0,23,39,0.258,0.359,0.416,0.775,79,3,8,8,2,0,,player.fcgi?id=jarret000jt-
Brady Lavoie,22,2022,NC State,9,10,9,2,2,0,0,1,1,0,0,1,3,0.222,0.3,0.556,0.856,5,0,0,0,0,0,,player.fcgi?id=lavoie000bra
Will Marcy,19,2022,NC State,32,101,83,22,23,2,0,3,10,4,1,11,19,0.277,0.384,0.41,0.793,34,2,4,2,1,0,,player.fcgi?id=marcy-000wil
Chase Nixon*,20,2022,NC State,18,27,22,7,6,1,0,0,1,0,0,2,7,0.273,0.37,0.318,0.689,7,0,2,0,1,0,,player.fcgi?id=nixon-000cha
Matt Oldham*,22,2022,NC State,9,13,12,1,3,1,0,0,1,0,0,1,5,0.25,0.308,0.333,0.641,4,0,0,0,0,0,,player.fcgi?id=oldham000mat
Dominic Pilolli*,21,2022,NC State,52,220,180,34,47,9,3,9,33,4,1,32,62,0.261,0.382,0.494,0.876,89,1,5,0,3,0,,player.fcgi?id=piloll000dom
Noah Soles*,21,2022,NC State,55,193,168,37,54,11,0,4,28,4,2,20,25,0.321,0.396,0.458,0.854,77,3,2,1,2,0,,player.fcgi?id=soles-000noa
Tommy White,19,2022,NC State,55,266,235,54,85,12,0,27,74,1,1,23,50,0.362,0.425,0.757,1.182,178,7,5,0,3,15,,player.fcgi?id=white-000tom
Isaiah Barkett,19,2023,NC State,10,9,7,0,0,0,0,0,0,0,0,1,0,0,0.125,0,0.125,0,0,0,1,0,0,,player.fcgi?id=barket000isa
Trevor Candelaria,23,2023,NC State,51,227,200,42,59,17,1,10,38,4,3,21,37,0.295,0.379,0.54,0.919,108,0,6,0,0,0,,player.fcgi?id=candel000tre
Jacob Cozart*,20,2023,NC State,52,228,196,39,59,14,2,10,42,0,1,24,38,0.301,0.392,0.546,0.938,107,6,6,1,1,2,,player.fcgi?id=cozart000jac
Carson Falsken,20,2023,NC State,6,3,1,1,0,0,0,0,1,0,0,1,0,0,0.333,0,0.333,0,0,0,0,1,0,,player.fcgi?id=falske000car
Payton Green,20,2023,NC State,55,235,208,39,57,12,0,10,45,9,3,21,51,0.274,0.35,0.476,0.826,99,4,4,1,1,0,,player.fcgi?id=green-000pay
LuJames Groover,21,2023,NC State,57,277,229,48,76,8,1,13,50,2,0,36,26,0.332,0.43,0.546,0.975,125,5,7,0,5,3,,player.fcgi?id=groove000gin
Mike Gupton,19,2023,NC State,15,7,5,3,0,0,0,0,0,1,0,2,0,0,0.286,0,0.286,0,1,0,0,0,0,,player.fcgi?id=gupton000mic
Kalae Harrison*,21,2023,NC State,57,246,195,42,61,10,3,2,31,4,1,37,28,0.313,0.436,0.426,0.861,83,4,7,5,2,0,,player.fcgi?id=harris000kal
Matt Heavner,19,2023,NC State,17,20,17,5,3,0,0,1,3,0,0,2,5,0.176,0.263,0.353,0.616,6,0,0,1,0,0,,player.fcgi?id=heavne000mat
Will Marcy,20,2023,NC State,45,159,136,35,41,12,0,5,21,2,1,20,26,0.301,0.399,0.5,0.899,68,4,2,1,0,0,,player.fcgi?id=marcy-000wil
Chase Nixon*,21,2023,NC State,32,82,72,11,23,8,0,2,21,1,0,8,14,0.319,0.402,0.514,0.916,37,2,2,0,0,0,,player.fcgi?id=nixon-000cha
Parker Nolan,22,2023,NC State,51,170,146,40,42,9,0,10,31,3,0,21,41,0.288,0.376,0.555,0.931,81,3,1,0,2,0,,player.fcgi?id=nolan-000par
Cannon Peebles#,19,2023,NC State,46,172,142,30,50,11,1,12,50,0,0,27,29,0.352,0.456,0.697,1.153,99,3,1,1,1,1,,player.fcgi?id=peeble000can
Dominic Pilolli*,22,2023,NC State,17,22,19,3,4,1,0,1,6,0,0,0,8,0.211,0.227,0.421,0.648,8,2,1,0,2,0,,player.fcgi?id=piloll000dom
Eli Serrano*,20,2023,NC State,53,217,185,37,54,12,0,7,32,2,1,24,37,0.292,0.389,0.47,0.859,87,4,6,1,1,2,,player.fcgi?id=serran005eli
Noah Soles*,22,2023,NC State,36,151,118,26,36,6,2,3,14,0,2,24,16,0.305,0.443,0.466,0.909,55,0,6,2,1,0,,player.fcgi?id=soles-000noa
Carter Trice,20,2023,NC State,41,135,117,28,29,9,0,6,19,7,1,14,34,0.248,0.348,0.479,0.827,56,2,4,0,0,0,,player.fcgi?id=trice-000car
Jake Bechtel,19,2024,NC State,11,18,16,2,1,0,0,1,2,0,0,1,9,0.063,0.167,0.25,0.417,4,0,1,0,0,0,,player.fcgi?id=bechte000jak
Brandon Butterworth,21,2024,NC State,61,272,224,46,56,13,2,7,33,13,1,40,38,0.25,0.369,0.42,0.789,94,2,4,1,3,0,,player.fcgi?id=butter001bra
Jacob Cozart*,21,2024,NC State,61,279,223,60,68,7,1,19,54,0,0,52,48,0.305,0.437,0.601,1.038,134,5,2,0,2,6,,player.fcgi?id=cozart000jac
Carson Falsken,21,2024,NC State,6,12,10,3,2,0,0,0,1,0,0,2,2,0.2,0.333,0.2,0.533,2,1,0,0,0,0,,player.fcgi?id=falske000car
Matt Heavner,20,2024,NC State,36,120,95,14,24,4,0,2,10,0,1,10,17,0.253,0.357,0.358,0.714,34,2,7,5,3,0,,player.fcgi?id=heavne000mat
Josh Hogue*,20,2024,NC State,37,163,140,26,44,5,1,4,28,2,1,15,27,0.314,0.398,0.45,0.848,63,1,5,2,1,0,,player.fcgi?id=hogue-000jos
Drew Lanphere*,20,2024,NC State,32,91,77,13,21,2,0,2,14,0,0,11,22,0.273,0.367,0.377,0.743,29,2,1,1,1,0,,player.fcgi?id=lanphe000dre
Alec Makarewicz#,23,2024,NC State,61,290,259,66,98,25,0,24,84,1,1,26,50,0.378,0.438,0.753,1.191,195,5,3,0,2,3,,player.fcgi?id=makare000ale
Robert Nedry*,19,2024,NC State,1,1,0,0,0,0,0,0,0,0,0,1,0,,1,,,0,0,0,0,0,0,,player.fcgi?id=nedry-000rob
Chase Nixon*,22,2024,NC State,39,132,102,11,26,3,0,0,14,0,1,24,14,0.255,0.402,0.284,0.686,29,1,3,0,3,0,,player.fcgi?id=nixon-000cha
Luke Nixon*,19,2024,NC State,55,224,172,37,41,5,1,4,34,14,4,34,34,0.238,0.394,0.349,0.743,60,1,11,6,1,0,,player.fcgi?id=nixon-000luk
Garrett Payne,22,2024,NC State,5,2,2,0,0,0,0,0,0,0,0,0,2,0,0,0,0,0,0,0,0,0,0,,player.fcgi?id=payne-001gar
Garrett Pennington,23,2024,NC State,61,302,257,75,90,27,0,18,65,1,1,31,45,0.35,0.435,0.665,1.101,171,2,10,1,3,5,,player.fcgi?id=pennin000gar
Eli Serrano*,21,2024,NC State,61,290,246,56,70,9,0,9,39,7,1,32,37,0.285,0.38,0.431,0.811,106,2,7,3,2,1,,player.fcgi?id=serran005eli
Andrew Shaffner,21,2024,NC State,24,7,6,3,1,0,0,0,2,0,0,1,2,0.167,0.286,0.167,0.452,1,0,0,0,0,0,,player.fcgi?id=shaffn000and
Noah Soles*,23,2024,NC State,43,186,143,35,32,6,1,5,22,5,1,32,19,0.224,0.388,0.385,0.773,55,0,7,3,1,0,,player.fcgi?id=soles-000noa
Alex Sosa*,19,2024,NC State,35,135,113,16,26,1,0,6,24,1,0,21,34,0.23,0.356,0.398,0.754,45,0,1,0,0,0,,player.fcgi?id=sosa--004ale
Peyton Young*,19,2024,NC State,4,2,1,1,0,0,0,0,0,0,0,1,1,0,0.5,0,0.5,0,0,0,0,0,0,,player.fcgi?id=young-000pey
Jake Bechtel,20,2025,NC State,4,4,4,1,1,0,0,1,3,0,0,0,2,0.25,0.25,1,1.25,4,0,0,0,0,0,,player.fcgi?id=bechte000jak
Justin DeCriscio,22,2025,NC State,52,231,190,45,55,12,2,8,44,2,1,23,22,0.289,0.383,0.5,0.883,95,8,10,1,7,0,,player.fcgi?id=decris000jus
Brayden Fraasman,21,2025,NC State,55,234,215,41,60,12,1,11,47,3,2,16,38,0.279,0.329,0.498,0.827,107,7,1,0,2,0,,player.fcgi?id=fraasm000bra
Jet Gilliam,20,2025,NC State,35,36,29,11,8,3,0,1,4,0,1,6,6,0.276,0.389,0.483,0.872,14,0,0,0,1,0,,player.fcgi?id=gillia000jet
Ty Head*,20,2025,NC State,56,243,179,46,49,11,0,4,33,6,0,48,28,0.274,0.433,0.402,0.836,72,1,7,3,6,0,,player.fcgi?id=head--000ty-
Matt Heavner,21,2025,NC State,49,153,120,19,27,1,0,3,29,0,0,13,15,0.225,0.307,0.308,0.615,37,3,2,16,2,0,,player.fcgi?id=heavne000mat
Josh Hogue*,21,2025,NC State,55,248,217,44,71,18,0,11,43,4,2,24,34,0.327,0.391,0.562,0.953,122,3,2,0,5,0,,player.fcgi?id=hogue-000jos
Ryan Jaros,20,2025,NC State,30,88,69,18,21,4,0,3,14,0,0,15,21,0.304,0.437,0.493,0.93,34,1,2,1,1,0,,player.fcgi?id=jaros-000rya
Drew Lanphere*,21,2025,NC State,36,107,83,23,18,3,0,1,14,0,0,22,13,0.217,0.383,0.289,0.672,24,2,1,0,1,0,,player.fcgi?id=lanphe000dre
Trenton Lyons#,20,2025,NC State,7,20,16,3,4,2,0,0,2,0,0,3,6,0.25,0.4,0.375,0.775,6,0,1,0,0,0,,player.fcgi?id=lyons-000tre
Chris McHugh,19,2025,NC State,53,236,197,45,72,12,0,7,48,1,2,23,40,0.365,0.462,0.533,0.995,105,1,14,0,2,0,,player.fcgi?id=mchugh001chr
Luke Nixon*,20,2025,NC State,56,254,220,54,65,15,3,5,42,14,2,21,37,0.295,0.386,0.459,0.845,101,0,12,0,1,0,,player.fcgi?id=nixon-000luk
Brandon Novy,19,2025,NC State,24,65,48,14,13,2,0,3,8,0,0,16,8,0.271,0.462,0.5,0.962,24,0,1,0,0,0,,player.fcgi?id=novy--000bra
Matthew Ossenfort*,21,2025,NC State,24,64,50,8,12,2,0,1,6,0,0,12,11,0.24,0.406,0.34,0.746,17,1,2,0,0,0,,player.fcgi?id=ossenf000mat
Alex Sosa*,20,2025,NC State,52,228,189,43,55,16,0,10,40,0,0,33,50,0.291,0.401,0.534,0.935,101,1,3,1,2,0,,player.fcgi?id=sosa--004ale
Ryder Woodson,19,2025,NC State,23,34,30,11,10,3,0,3,12,0,0,2,8,0.333,0.412,0.733,1.145,22,0,2,0,0,0,,player.fcgi?id=woodso000ryd
Cavan Biggio*,19,2014,Notre Dame,53,226,187,29,46,10,2,2,16,5,2,21,32,0.246,0.329,0.353,0.682,66,,6,4,8,1,,player.fcgi?id=biggio001cav
Conor Biggio*,21,2014,Notre Dame,33,85,66,12,14,1,0,0,2,7,4,14,15,0.212,0.381,0.227,0.608,15,,4,1,0,0,,player.fcgi?id=biggio000con
Clayton Bouchard?,--,2014,Notre Dame,2,0,0,0,0,0,0,0,0,1,0,0,0,,,,,0,,0,0,0,0,,player.fcgi?id=boucha000cla
Ryan Bull#,21,2014,Notre Dame,45,129,104,14,22,5,0,3,10,1,3,21,27,0.212,0.341,0.346,0.687,36,,0,3,1,0,,player.fcgi?id=bull--000rya
Kevin DeFilippis?,--,2014,Notre Dame,21,43,31,5,5,0,1,0,6,2,1,6,13,0.161,0.341,0.226,0.567,7,,3,2,1,0,,player.fcgi?id=defili000kev
Kyle Fiala,20,2014,Notre Dame,50,210,179,27,48,6,0,0,11,5,4,19,20,0.268,0.362,0.302,0.664,54,,8,3,1,0,,player.fcgi?id=fiala-000kyl
Jack Flaherty,20,2014,Notre Dame,5,4,4,3,1,0,0,0,1,0,0,0,1,0.25,0.25,0.25,0.5,1,,0,0,0,0,,player.fcgi?id=flaher001jac
Mac Hudgins#,21,2014,Notre Dame,39,131,111,13,32,6,2,0,10,5,3,8,13,0.288,0.383,0.378,0.761,42,,9,3,0,0,,player.fcgi?id=hudgin000mac
Forrest Johnson?,--,2014,Notre Dame,41,122,109,13,27,4,1,1,15,0,1,7,28,0.248,0.288,0.33,0.618,36,,0,4,2,0,,player.fcgi?id=johnso002for
Zak Kutsulis*,--,2014,Notre Dame,50,184,165,13,42,9,0,0,18,7,2,13,33,0.255,0.315,0.309,0.624,51,,2,3,1,0,,player.fcgi?id=kutsul000zak
Blaise Lezynski*,21,2014,Notre Dame,53,232,206,23,61,12,1,1,32,6,2,14,39,0.296,0.351,0.379,0.729,78,,6,1,5,1,,player.fcgi?id=lezyns000bla
Ryan Lidge#,19,2014,Notre Dame,31,96,87,3,23,4,0,0,6,0,2,6,15,0.264,0.319,0.31,0.629,27,,1,2,0,0,,player.fcgi?id=lidge-000rya
Phil Mosey,21,2014,Notre Dame,31,79,66,4,13,4,1,1,6,1,1,8,24,0.197,0.28,0.333,0.613,22,,0,4,1,0,,player.fcgi?id=mosey-000phi
James Nevant,--,2014,Notre Dame,17,24,20,2,1,0,1,0,1,0,0,3,6,0.05,0.208,0.15,0.358,3,,1,0,0,0,,player.fcgi?id=nevant000jam
Lane Richards,20,2014,Notre Dame,36,128,118,11,30,8,1,0,12,1,0,5,13,0.254,0.294,0.339,0.633,40,,2,2,1,0,,player.fcgi?id=richar000lan
Kyle Richardson,20,2014,Notre Dame,42,106,95,7,17,1,1,0,6,5,4,7,30,0.179,0.243,0.211,0.453,20,,1,3,0,0,,player.fcgi?id=richar002kyl
Ricky Sanchez,20,2014,Notre Dame,15,35,33,4,8,1,2,0,4,3,0,1,14,0.242,0.286,0.394,0.68,13,,1,0,0,0,,player.fcgi?id=sanche003ric
Robert Youngdahl*,21,2014,Notre Dame,52,190,173,19,39,7,5,3,17,3,3,14,42,0.225,0.289,0.376,0.665,65,,2,0,1,1,,player.fcgi?id=youngd000rob
Brandon Bielak*,19,2015,Notre Dame,26,12,10,0,1,0,0,0,0,0,0,1,2,0.1,0.182,0.1,0.282,1,,0,1,0,1,,player.fcgi?id=bielak000bra
Cavan Biggio*,20,2015,Notre Dame,60,280,221,45,57,12,3,9,26,14,2,50,54,0.258,0.406,0.462,0.868,102,,6,2,1,2,,player.fcgi?id=biggio001cav
Conor Biggio*,22,2015,Notre Dame,18,17,15,5,3,0,1,0,4,0,0,1,6,0.2,0.294,0.333,0.627,5,,1,0,0,0,,player.fcgi?id=biggio000con
Ryan Bull#,22,2015,Notre Dame,52,213,183,28,49,8,0,5,27,0,0,17,53,0.268,0.36,0.393,0.754,72,,10,2,1,1,,player.fcgi?id=bull--000rya
Kyle Fiala,21,2015,Notre Dame,60,284,239,48,72,16,4,4,28,10,2,31,33,0.301,0.394,0.452,0.846,108,,7,5,2,1,,player.fcgi?id=fiala-000kyl
Mac Hudgins#,22,2015,Notre Dame,40,123,105,17,18,3,0,1,8,2,2,10,24,0.171,0.273,0.229,0.501,24,,5,2,1,0,,player.fcgi?id=hudgin000mac
Torii Hunter Jr.,20,2015,Notre Dame,4,1,1,2,0,0,0,0,0,0,0,0,1,0,0,0,0,0,,0,0,0,0,,player.fcgi?id=hunter002tor
Forrest Johnson?,--,2015,Notre Dame,11,15,13,0,0,0,0,0,1,0,0,1,4,0,0.133,0,0.133,0,,1,0,0,0,,player.fcgi?id=johnso002for
Jake Johnson?,--,2015,Notre Dame,25,104,80,11,19,3,0,0,8,4,5,13,10,0.238,0.392,0.275,0.667,22,,8,2,1,0,,player.fcgi?id=johnso002jak
Zak Kutsulis*,--,2015,Notre Dame,60,243,212,27,56,6,2,6,33,12,4,21,35,0.264,0.335,0.396,0.731,84,,2,7,1,1,,player.fcgi?id=kutsul000zak
Blaise Lezynski*,22,2015,Notre Dame,7,26,23,2,5,1,0,0,2,1,0,1,6,0.217,0.24,0.261,0.501,6,,0,1,1,0,,player.fcgi?id=lezyns000bla
Ryan Lidge#,20,2015,Notre Dame,60,254,204,35,57,13,0,2,36,1,1,35,35,0.279,0.402,0.373,0.775,76,,9,3,3,2,,player.fcgi?id=lidge-000rya
Phil Mosey,22,2015,Notre Dame,16,31,21,1,1,0,0,0,2,0,0,3,11,0.048,0.214,0.048,0.262,1,,2,3,2,0,,player.fcgi?id=mosey-000phi
James Nevant,--,2015,Notre Dame,11,14,12,1,1,1,0,0,1,0,0,2,2,0.083,0.214,0.167,0.381,2,,0,0,0,0,,player.fcgi?id=nevant000jam
Lane Richards,21,2015,Notre Dame,58,242,221,30,57,12,2,5,33,5,2,16,31,0.258,0.305,0.398,0.704,88,,0,3,2,0,,player.fcgi?id=richar000lan
Kyle Richardson,21,2015,Notre Dame,47,95,86,11,11,1,0,1,6,4,2,8,20,0.128,0.2,0.174,0.374,15,,0,0,1,0,,player.fcgi?id=richar002kyl
Evy Ruibal,19,2015,Notre Dame,23,1,1,0,0,0,0,0,0,0,0,0,1,0,0,0,0,0,,0,0,0,0,,player.fcgi?id=ruibel000evy
Ricky Sanchez,21,2015,Notre Dame,29,63,55,2,10,3,2,1,10,0,0,5,24,0.182,0.246,0.364,0.61,20,,0,2,1,0,,player.fcgi?id=sanche003ric
Jake Shepski#,19,2015,Notre Dame,32,118,101,14,23,5,2,1,12,1,0,13,20,0.228,0.31,0.347,0.657,35,,0,2,2,0,,player.fcgi?id=shepsk000jak
Robert Youngdahl*,22,2015,Notre Dame,60,264,241,35,70,20,1,7,46,7,1,18,72,0.29,0.346,0.469,0.815,113,,3,1,1,0,,player.fcgi?id=youngd000rob
Brandon Bielak*,20,2016,Notre Dame,20,7,6,1,1,0,0,0,1,0,0,1,3,0.167,0.286,0.167,0.452,1,,0,0,0,0,,player.fcgi?id=bielak000bra
Cavan Biggio*,21,2016,Notre Dame,54,256,196,43,61,12,2,4,28,14,0,54,32,0.311,0.473,0.454,0.927,89,,6,0,0,2,,player.fcgi?id=biggio001cav
Cole Daily*,19,2016,Notre Dame,26,55,46,9,11,5,0,0,7,0,0,7,15,0.239,0.352,0.348,0.7,16,,1,1,0,0,,player.fcgi?id=daily-000col
Liam Dalton?,--,2016,Notre Dame,3,2,2,0,1,0,0,0,0,0,0,0,0,0.5,0.5,0.5,1,1,,0,0,0,0,,player.fcgi?id=dalton000lia
Kyle Fiala,22,2016,Notre Dame,40,158,144,19,31,4,1,0,13,3,1,11,30,0.215,0.278,0.257,0.535,37,,2,0,1,0,,player.fcgi?id=fiala-000kyl
Torii Hunter Jr.,21,2016,Notre Dame,19,13,11,7,2,0,0,0,1,2,0,2,6,0.182,0.308,0.182,0.49,2,,0,0,0,0,,player.fcgi?id=hunter002tor
Jake Johnson?,--,2016,Notre Dame,24,100,87,13,17,3,0,0,6,2,0,9,22,0.195,0.293,0.23,0.523,20,,3,1,0,0,,player.fcgi?id=johnso002jak
Zak Kutsulis*,--,2016,Notre Dame,43,186,165,21,52,12,2,3,30,11,3,15,27,0.315,0.366,0.467,0.832,77,,1,0,5,3,,player.fcgi?id=kutsul000zak
Ryan Lidge#,21,2016,Notre Dame,40,153,141,9,28,9,0,1,19,0,0,8,24,0.199,0.25,0.284,0.534,40,,2,1,1,0,,player.fcgi?id=lidge-000rya
James Nevant,--,2016,Notre Dame,15,25,18,4,3,0,0,1,2,0,0,4,7,0.167,0.36,0.333,0.693,6,,2,0,1,0,,player.fcgi?id=nevant000jam
Nick Podkul,19,2016,Notre Dame,40,157,125,16,36,6,1,0,11,3,0,20,25,0.288,0.413,0.352,0.765,44,,8,2,2,0,,player.fcgi?id=podkul000nic
Lane Richards,22,2016,Notre Dame,54,216,195,24,51,8,2,1,13,5,1,17,29,0.262,0.326,0.338,0.664,66,,2,1,1,0,,player.fcgi?id=richar000lan
Kyle Richardson,22,2016,Notre Dame,51,132,123,12,30,7,0,0,11,4,3,3,25,0.244,0.26,0.301,0.561,37,,0,5,1,0,,player.fcgi?id=richar002kyl
Ricky Sanchez,22,2016,Notre Dame,52,209,193,25,59,12,4,3,26,3,1,9,50,0.306,0.343,0.456,0.799,88,,2,5,0,0,,player.fcgi?id=sanche003ric
Jake Shepski#,20,2016,Notre Dame,43,161,141,19,38,6,1,7,25,2,3,13,21,0.27,0.329,0.475,0.804,67,,1,3,3,0,,player.fcgi?id=shepsk000jak
Jake Singer,19,2016,Notre Dame,2,1,1,0,0,0,0,0,0,0,0,0,0,0,0,0,0,0,,0,0,0,0,,player.fcgi?id=singer000jak
Connor Stutts#,19,2016,Notre Dame,22,59,43,6,5,0,1,2,7,1,0,12,17,0.116,0.316,0.302,0.618,13,,1,2,1,0,,player.fcgi?id=stutts000con
Matt Vierling,19,2016,Notre Dame,54,233,213,26,55,3,1,6,29,3,2,20,35,0.258,0.322,0.366,0.688,78,,0,0,0,0,,player.fcgi?id=vierli000mat
Cole Daily*,20,2017,Notre Dame,57,226,197,24,48,8,1,0,16,12,5,20,47,0.244,0.315,0.294,0.61,58,,2,4,3,0,,player.fcgi?id=daily-000col
Eric Feliz,20,2017,Notre Dame,15,39,37,7,12,4,0,2,6,0,0,1,7,0.324,0.333,0.595,0.928,22,,0,0,1,0,,player.fcgi?id=feliz-003eri
Michael Feliz,--,2017,Notre Dame,2,4,4,0,0,0,0,0,0,0,0,0,2,0,0,0,0,0,,0,0,0,0,,player.fcgi?id=feliz-002mic
Kyle Fiala,23,2017,Notre Dame,48,211,183,32,51,9,2,5,32,9,0,16,30,0.279,0.335,0.432,0.767,79,,1,8,3,0,,player.fcgi?id=fiala-000kyl
Eric Gilgenbach,20,2017,Notre Dame,36,69,51,10,17,5,0,3,8,2,2,13,23,0.333,0.5,0.608,1.108,31,,4,1,0,1,,player.fcgi?id=gilgen000eri
Bryce Gray,--,2017,Notre Dame,6,7,7,0,1,0,0,0,0,0,0,0,2,0.143,0.143,0.143,0.286,1,,0,0,0,0,,player.fcgi?id=gray--000bry
Jake Johnson?,--,2017,Notre Dame,55,240,200,38,61,13,2,2,24,6,2,26,32,0.305,0.401,0.42,0.821,84,,8,3,3,0,,player.fcgi?id=johnso002jak
Daniel Jung*,19,2017,Notre Dame,56,203,166,13,37,7,0,4,19,1,2,25,44,0.223,0.325,0.337,0.662,56,,2,6,4,1,,player.fcgi?id=jung--002dan
Alex Kerschner,20,2017,Notre Dame,9,13,9,1,0,0,0,0,0,0,0,3,1,0,0.25,0,0.25,0,,0,1,0,0,,player.fcgi?id=kersch000ale
Ryan Lidge#,22,2017,Notre Dame,58,236,195,22,42,10,2,1,31,1,0,35,32,0.215,0.339,0.303,0.642,59,,3,0,3,1,,player.fcgi?id=lidge-000rya
Patrick McDonald?,--,2017,Notre Dame,34,79,73,7,14,2,0,0,4,0,0,3,19,0.192,0.218,0.219,0.437,16,,0,1,2,0,,player.fcgi?id=mcdona003pat
Nick Neville*,20,2017,Notre Dame,25,47,40,8,7,1,1,0,5,3,0,5,21,0.175,0.283,0.25,0.533,10,,1,1,0,0,,player.fcgi?id=nevill000nic
Nick Podkul,20,2017,Notre Dame,58,261,221,34,63,15,2,5,20,10,2,22,43,0.285,0.386,0.439,0.825,97,,15,2,1,0,,player.fcgi?id=podkul000nic
Connor Power?,--,2017,Notre Dame,28,96,88,6,14,3,0,0,10,0,0,5,27,0.159,0.208,0.193,0.402,17,,1,0,2,0,,player.fcgi?id=power-000con
Jake Shepski#,21,2017,Notre Dame,56,212,180,24,31,3,0,3,20,4,2,25,49,0.172,0.276,0.239,0.515,43,,2,2,3,0,,player.fcgi?id=shepsk000jak
Jake Singer,20,2017,Notre Dame,10,24,22,1,2,0,0,0,0,0,0,2,10,0.091,0.167,0.091,0.258,2,,0,0,0,0,,player.fcgi?id=singer000jak
Matt Vierling,20,2017,Notre Dame,58,254,224,28,74,20,4,7,42,7,1,23,40,0.33,0.398,0.549,0.947,123,,4,0,3,2,,player.fcgi?id=vierli000mat
John Arndorfer*,--,2018,Notre Dame,2,1,1,0,0,0,0,0,0,0,0,0,1,0,0,0,0,0,,0,0,0,0,,player.fcgi?id=arndor000joh
Ryan Cole,18,2018,Notre Dame,27,38,28,8,5,1,1,0,4,2,2,4,8,0.179,0.378,0.286,0.664,8,,5,1,0,0,,player.fcgi?id=cole--002rya
Cole Daily*,21,2018,Notre Dame,54,261,224,39,60,14,1,3,22,14,5,24,43,0.268,0.339,0.379,0.718,85,,2,7,4,0,,player.fcgi?id=daily-000col
Eric Feliz,21,2018,Notre Dame,10,19,17,0,4,1,0,0,0,0,1,2,4,0.235,0.316,0.294,0.61,5,,0,0,0,0,,player.fcgi?id=feliz-003eri
Eric Gilgenbach,21,2018,Notre Dame,52,206,174,30,47,11,0,10,45,5,2,22,60,0.27,0.361,0.506,0.867,88,,5,1,4,0,,player.fcgi?id=gilgen000eri
Bryce Gray,--,2018,Notre Dame,19,38,33,3,7,4,0,0,5,0,0,1,10,0.212,0.27,0.333,0.604,11,,2,1,1,0,,player.fcgi?id=gray--000bry
Matt James,19,2018,Notre Dame,2,2,2,0,0,0,0,0,0,0,0,0,2,0,0,0,0,0,,0,0,0,0,,player.fcgi?id=james-002mat
Jake Johnson?,--,2018,Notre Dame,47,205,168,32,49,5,1,3,22,4,1,24,29,0.292,0.403,0.387,0.79,65,,8,4,1,0,,player.fcgi?id=johnso002jak
Daniel Jung*,20,2018,Notre Dame,53,192,168,18,46,13,0,3,16,1,1,17,34,0.274,0.349,0.405,0.754,68,,3,3,1,0,,player.fcgi?id=jung--002dan
Niko Kavadas*,19,2018,Notre Dame,47,165,137,25,41,5,0,5,20,2,1,18,24,0.299,0.409,0.445,0.854,61,,8,1,1,0,,player.fcgi?id=kavada000nik
Alex Kerschner,21,2018,Notre Dame,49,180,155,21,44,8,5,2,24,0,2,23,29,0.284,0.376,0.439,0.815,68,,0,2,0,1,,player.fcgi?id=kersch000ale
Cole Kmet?,--,2018,Notre Dame,30,4,3,0,1,0,0,0,0,0,0,1,1,0.333,0.5,0.333,0.833,1,,0,0,0,0,,player.fcgi?id=kmet--000col
David LaManna,19,2018,Notre Dame,52,182,167,16,39,5,0,1,16,1,3,7,29,0.234,0.274,0.281,0.555,47,,3,3,2,0,,player.fcgi?id=lamann000dav
Jared Miller#,19,2018,Notre Dame,33,72,59,10,10,0,0,0,6,2,0,6,10,0.169,0.286,0.169,0.455,10,,4,2,1,0,,player.fcgi?id=miller004jar
Spencer Myers#,19,2018,Notre Dame,39,102,88,19,21,2,0,0,7,4,1,11,19,0.239,0.33,0.261,0.591,23,,1,2,0,0,,player.fcgi?id=myers-000spe
Nick Podkul,21,2018,Notre Dame,54,254,202,40,63,13,3,8,40,8,2,32,32,0.312,0.433,0.525,0.957,106,,14,2,4,2,,player.fcgi?id=podkul000nic
Matt Vierling,21,2018,Notre Dame,54,244,210,38,65,7,2,10,43,5,0,30,28,0.31,0.402,0.505,0.906,106,,3,0,1,1,,player.fcgi?id=vierli000mat
Charlie Vorsheck,22,2018,Notre Dame,5,1,1,0,0,0,0,0,0,0,0,0,0,0,0,0,0,0,,0,0,0,0,,player.fcgi?id=vorshe000cha
Jack Alexander,19,2019,Notre Dame,35,77,62,6,12,3,0,0,6,1,0,12,13,0.194,0.333,0.242,0.575,15,,1,2,0,0,,player.fcgi?id=alexan002jac
John Arndorfer*,--,2019,Notre Dame,16,16,13,2,4,0,0,0,3,0,1,3,5,0.308,0.438,0.308,0.745,4,,0,0,0,0,,player.fcgi?id=arndor000joh
Ryan Carr,19,2019,Notre Dame,14,7,5,2,1,0,0,0,0,1,0,2,2,0.2,0.429,0.2,0.629,1,,0,0,0,0,,player.fcgi?id=carr--001rya
Brooks Coetzee,19,2019,Notre Dame,20,53,46,5,10,2,0,0,4,0,0,3,12,0.217,0.308,0.261,0.569,12,,3,1,0,0,,player.fcgi?id=coetze000bro
Ryan Cole,19,2019,Notre Dame,41,86,72,10,14,2,1,0,4,8,2,13,21,0.194,0.318,0.25,0.568,18,,0,1,0,0,,player.fcgi?id=cole--002rya
Ethan Copeland,21,2019,Notre Dame,28,54,39,5,7,0,0,0,0,1,0,11,17,0.179,0.36,0.179,0.539,7,,0,4,0,0,,player.fcgi?id=copela000eth
Eric Gilgenbach,22,2019,Notre Dame,53,234,201,30,46,11,1,9,40,6,1,20,72,0.229,0.316,0.428,0.744,86,,8,0,5,0,,player.fcgi?id=gilgen000eri
Daniel Jung*,21,2019,Notre Dame,53,244,217,31,59,9,1,5,40,1,1,15,45,0.272,0.325,0.392,0.717,85,,5,1,6,0,,player.fcgi?id=jung--002dan
Niko Kavadas*,20,2019,Notre Dame,54,246,201,33,55,13,0,12,43,2,1,33,55,0.274,0.39,0.517,0.908,104,,8,0,4,2,,player.fcgi?id=kavada000nik
David LaManna,20,2019,Notre Dame,42,141,114,10,31,6,0,0,12,3,0,20,21,0.272,0.387,0.325,0.711,37,,2,4,1,0,,player.fcgi?id=lamann000dav
Zach Mazur,--,2019,Notre Dame,6,5,4,1,1,0,0,0,0,0,0,1,2,0.25,0.4,0.25,0.65,1,,0,0,0,0,,player.fcgi?id=mazur-000zac
Jared Miller#,20,2019,Notre Dame,54,218,184,21,41,7,0,1,22,13,1,22,40,0.223,0.313,0.277,0.59,51,,3,7,2,0,,player.fcgi?id=miller004jar
Spencer Myers#,20,2019,Notre Dame,54,249,211,48,62,5,0,1,16,22,3,30,36,0.294,0.383,0.332,0.714,70,,1,6,1,0,,player.fcgi?id=myers-000spe
Zack Prajzner,19,2019,Notre Dame,43,115,92,11,24,5,0,1,8,2,1,8,23,0.261,0.382,0.348,0.73,32,,10,5,0,0,,player.fcgi?id=prajzn000zac
Carter Putz,19,2019,Notre Dame,52,203,174,27,46,8,1,1,19,5,1,19,41,0.264,0.335,0.339,0.674,59,,1,6,3,0,,player.fcgi?id=putz--000car
Jake Singer,22,2019,Notre Dame,26,64,46,7,10,2,0,0,4,1,0,18,12,0.217,0.438,0.261,0.698,12,,0,0,0,0,,player.fcgi?id=singer000jak
Jack Zyska,19,2019,Notre Dame,44,133,114,15,24,6,1,2,21,2,1,12,26,0.211,0.285,0.333,0.618,38,,1,3,3,0,,player.fcgi?id=zyska-000jac
Jack Alexander,20,2020,Notre Dame,4,13,12,0,7,2,0,0,8,1,0,0,1,0.583,0.538,0.75,1.288,9,,0,0,1,0,,player.fcgi?id=alexan002jac
John Arndorfer*,--,2020,Notre Dame,6,5,5,1,1,1,0,0,1,0,0,0,1,0.2,0.2,0.4,0.6,2,,0,0,0,0,,player.fcgi?id=arndor000joh
Jack Brannigan,19,2020,Notre Dame,13,59,47,14,12,3,1,1,11,3,0,6,13,0.255,0.356,0.426,0.781,20,,3,0,3,0,,player.fcgi?id=branni000jac
Brooks Coetzee,20,2020,Notre Dame,13,61,45,16,11,2,0,1,6,2,0,10,11,0.244,0.443,0.356,0.798,16,,6,0,0,0,,player.fcgi?id=coetze000bro
Ryan Cole,20,2020,Notre Dame,10,25,24,5,6,2,0,0,1,2,0,1,7,0.25,0.28,0.333,0.613,8,,0,0,0,0,,player.fcgi?id=cole--002rya
Ethan Copeland,22,2020,Notre Dame,4,8,2,1,1,0,0,0,0,0,0,6,1,0.5,0.875,0.5,1.375,1,,0,0,0,0,,player.fcgi?id=copela000eth
Eric Gilgenbach,23,2020,Notre Dame,11,34,27,9,10,2,1,2,10,3,0,5,12,0.37,0.5,0.741,1.241,20,,2,0,0,1,,player.fcgi?id=gilgen000eri
Daniel Jung*,22,2020,Notre Dame,1,2,2,0,0,0,0,0,0,0,0,0,0,0,0,0,0,0,,0,0,0,0,,player.fcgi?id=jung--002dan
Niko Kavadas*,21,2020,Notre Dame,13,66,55,12,14,2,0,7,17,0,1,8,11,0.255,0.333,0.673,1.006,37,,0,0,3,2,,player.fcgi?id=kavada000nik
David LaManna,21,2020,Notre Dame,11,44,33,11,10,4,0,0,7,2,0,9,3,0.303,0.465,0.424,0.889,14,,1,1,0,0,,player.fcgi?id=lamann000dav
Jared Miller#,21,2020,Notre Dame,12,60,51,5,13,6,0,0,10,4,1,5,5,0.255,0.328,0.373,0.7,19,,1,2,1,0,,player.fcgi?id=miller004jar
Spencer Myers#,21,2020,Notre Dame,12,65,58,14,25,2,0,0,8,15,3,7,5,0.431,0.492,0.466,0.958,27,,0,0,0,0,,player.fcgi?id=myers-000spe
Jack O'Reilly,19,2020,Notre Dame,5,1,1,1,0,0,0,0,0,0,0,0,1,0,0,0,0,0,,0,0,0,0,,player.fcgi?id=oreill002jac
Zack Prajzner,20,2020,Notre Dame,13,62,49,13,15,3,0,2,8,0,1,9,8,0.306,0.433,0.49,0.923,24,,2,2,0,0,,player.fcgi?id=prajzn000zac
Carter Putz,20,2020,Notre Dame,11,54,38,11,12,2,1,1,10,3,1,13,7,0.316,0.481,0.5,0.981,19,,1,0,2,0,,player.fcgi?id=putz--000car
Jack Zyska,20,2020,Notre Dame,7,23,21,3,5,1,0,2,5,0,0,1,1,0.238,0.304,0.571,0.876,12,,1,0,0,0,,player.fcgi?id=zyska-000jac
Alex Brait*,23,2021,Notre Dame,11,23,23,2,4,0,0,1,6,0,0,0,9,0.174,0.174,0.304,0.478,7,,0,0,0,0,,player.fcgi?id=brait-000ale
Jack Brannigan,20,2021,Notre Dame,47,202,173,31,51,12,2,6,29,8,5,22,62,0.295,0.385,0.491,0.876,85,,4,2,1,0,,player.fcgi?id=branni000jac
Brooks Coetzee,21,2021,Notre Dame,44,164,146,25,40,8,1,6,29,11,2,9,38,0.274,0.337,0.466,0.803,68,,6,1,2,0,,player.fcgi?id=coetze000bro
Ryan Cole,21,2021,Notre Dame,47,189,152,44,51,9,1,9,34,7,2,22,34,0.336,0.455,0.586,1.04,89,,12,2,1,1,,player.fcgi?id=cole--002rya
Kyle Hess*,20,2021,Notre Dame,14,40,32,4,8,3,0,0,6,1,2,6,10,0.25,0.368,0.344,0.712,11,,0,2,0,0,,player.fcgi?id=hess--001kyl
Nick Juaire#,22,2021,Notre Dame,13,15,14,1,4,0,0,0,0,0,0,1,6,0.286,0.333,0.286,0.619,4,,0,0,0,0,,player.fcgi?id=juaire000nic
Daniel Jung*,23,2021,Notre Dame,13,11,11,0,1,0,0,0,0,0,0,0,2,0.091,0.091,0.091,0.182,1,,0,0,0,0,,player.fcgi?id=jung--002dan
Niko Kavadas*,22,2021,Notre Dame,47,220,159,42,48,8,0,22,64,2,0,50,55,0.302,0.473,0.767,1.24,122,,6,0,5,13,,player.fcgi?id=kavada000nik
Casey Kmet,20,2021,Notre Dame,6,2,2,0,0,0,0,0,0,0,0,0,1,0,0,0,0,0,,0,0,0,0,,player.fcgi?id=kmet--000cas
David LaManna,22,2021,Notre Dame,44,169,145,24,34,7,1,5,29,1,1,18,23,0.234,0.333,0.4,0.733,58,,4,1,1,0,,player.fcgi?id=lamann000dav
Jared Miller#,22,2021,Notre Dame,39,164,144,32,37,11,3,4,24,7,4,12,31,0.257,0.335,0.458,0.794,66,,5,3,0,0,,player.fcgi?id=miller004jar
Brock Murtha,19,2021,Notre Dame,6,1,1,0,0,0,0,0,0,0,0,0,1,0,0,0,0,0,,0,0,0,0,,player.fcgi?id=murtha000bro
Spencer Myers#,22,2021,Notre Dame,47,224,193,41,57,11,0,1,15,15,4,21,36,0.295,0.37,0.368,0.738,71,,3,5,2,0,,player.fcgi?id=myers-000spe
Danny Neri*,19,2021,Notre Dame,13,26,23,3,6,0,0,0,1,1,0,1,4,0.261,0.346,0.261,0.607,6,,2,0,0,0,,player.fcgi?id=neri--000dan
Zack Prajzner,21,2021,Notre Dame,47,192,157,32,44,8,0,6,23,2,3,21,42,0.28,0.38,0.446,0.826,70,,6,5,3,0,,player.fcgi?id=prajzn000zac
Carter Putz,21,2021,Notre Dame,47,215,187,40,57,11,3,6,45,3,0,17,32,0.305,0.369,0.492,0.861,92,,5,1,5,1,,player.fcgi?id=putz--000car
T.J. Williams,19,2021,Notre Dame,12,9,6,7,2,0,0,0,3,0,0,3,3,0.333,0.556,0.333,0.889,2,,0,0,0,0,,player.fcgi?id=willia000tj-
Jack Zyska,21,2021,Notre Dame,20,46,37,4,7,1,0,0,0,5,0,8,14,0.189,0.333,0.216,0.55,8,,0,1,0,0,,player.fcgi?id=zyska-000jac
Jack Brannigan,21,2022,Notre Dame,57,243,213,47,62,15,1,12,46,10,5,20,49,0.291,0.36,0.54,0.899,115,0,5,1,4,0,,player.fcgi?id=branni000jac
Brooks Coetzee,22,2022,Notre Dame,58,257,221,42,59,8,0,12,43,6,4,16,43,0.267,0.354,0.466,0.82,103,3,16,0,4,0,,player.fcgi?id=coetze000bro
Ryan Cole,22,2022,Notre Dame,56,257,210,47,62,10,1,9,33,22,1,23,42,0.295,0.422,0.481,0.903,101,1,23,1,0,0,,player.fcgi?id=cole--002rya
Nick DeMarco,19,2022,Notre Dame,13,10,9,4,3,0,0,1,1,0,0,1,2,0.333,0.4,0.667,1.067,6,0,0,0,0,0,,player.fcgi?id=demarc001nic
Brady Gumpf,20,2022,Notre Dame,8,9,8,3,3,2,0,1,5,0,0,1,1,0.375,0.444,1,1.444,8,0,0,0,0,0,,player.fcgi?id=gumpf-000bra
Connor Hincks*,20,2022,Notre Dame,3,2,2,0,0,0,0,0,0,0,0,0,1,0,0,0,0,0,0,0,0,0,0,,player.fcgi?id=hincks000con
DM Jefferson*,18,2022,Notre Dame,22,44,41,7,9,0,0,0,8,2,0,3,9,0.22,0.273,0.22,0.492,9,0,0,0,0,0,,player.fcgi?id=jeffer000dm-
Nick Juaire#,23,2022,Notre Dame,28,69,64,11,22,5,1,1,10,1,0,4,12,0.344,0.377,0.5,0.877,32,1,0,0,1,0,,player.fcgi?id=juaire000nic
Casey Kmet,21,2022,Notre Dame,4,5,5,1,1,1,0,0,1,0,0,0,2,0.2,0.2,0.4,0.6,2,0,0,0,0,0,,player.fcgi?id=kmet--000cas
David LaManna,23,2022,Notre Dame,47,172,153,35,53,9,0,3,28,4,1,13,25,0.346,0.409,0.464,0.873,71,3,4,1,1,1,,player.fcgi?id=lamann000dav
Tony Lindwedel,20,2022,Notre Dame,7,5,4,3,2,1,0,0,1,0,0,1,1,0.5,0.6,0.75,1.35,3,0,0,0,0,0,,player.fcgi?id=lindwe000ton
Jared Miller#,23,2022,Notre Dame,45,186,152,32,43,7,0,5,24,9,3,24,37,0.283,0.393,0.428,0.821,65,3,5,3,2,1,,player.fcgi?id=miller004jar
Spencer Myers#,23,2022,Notre Dame,47,178,140,20,32,3,1,1,22,7,2,21,21,0.229,0.333,0.286,0.619,40,0,2,13,2,0,,player.fcgi?id=myers-000spe
Danny Neri*,20,2022,Notre Dame,26,72,64,10,17,3,1,2,11,1,0,5,14,0.266,0.333,0.438,0.771,28,0,2,0,1,0,,player.fcgi?id=neri--000dan
Jack Penney*,19,2022,Notre Dame,39,94,73,16,21,6,2,4,19,4,0,12,23,0.288,0.407,0.589,0.996,43,1,4,3,2,0,,player.fcgi?id=penney000jac
Zack Prajzner,22,2022,Notre Dame,58,234,206,44,58,8,0,6,35,2,3,18,39,0.282,0.349,0.408,0.757,84,3,5,2,3,0,,player.fcgi?id=prajzn000zac
Carter Putz,22,2022,Notre Dame,58,265,239,55,81,13,3,8,48,2,0,21,52,0.339,0.392,0.519,0.911,124,7,2,0,3,1,,player.fcgi?id=putz--000car
Joey Spence*,19,2022,Notre Dame,14,16,13,1,3,3,0,0,3,0,0,2,5,0.231,0.313,0.462,0.774,6,0,0,0,1,0,,player.fcgi?id=spence004jos
T.J. Williams,20,2022,Notre Dame,28,80,71,16,18,3,2,1,10,2,0,3,17,0.254,0.289,0.394,0.684,28,0,1,4,1,0,,player.fcgi?id=willia000tj-
Jack Zyska,22,2022,Notre Dame,45,176,153,34,45,12,0,13,38,7,1,19,44,0.294,0.381,0.627,1.008,96,2,3,0,1,1,,player.fcgi?id=zyska-000jac
Brooks Coetzee,23,2023,Notre Dame,52,211,161,30,41,8,1,3,27,9,5,16,33,0.255,0.423,0.373,0.796,60,1,31,3,0,0,,player.fcgi?id=coetze000bro
Nick DeMarco,20,2023,Notre Dame,23,41,34,5,2,0,0,0,0,1,1,3,18,0.059,0.22,0.059,0.278,2,1,4,0,0,0,,player.fcgi?id=demarc001nic
Rory Fox*,19,2023,Notre Dame,4,2,1,0,0,0,0,0,0,0,0,1,0,0,0.5,0,0.5,0,0,0,0,0,0,,player.fcgi?id=fox---000ror
Brady Gumpf,21,2023,Notre Dame,36,94,86,7,21,5,0,2,7,1,0,1,31,0.244,0.266,0.372,0.638,32,0,3,0,4,0,,player.fcgi?id=gumpf-000bra
Connor Hincks*,21,2023,Notre Dame,7,8,6,1,1,0,0,0,1,0,0,2,2,0.167,0.375,0.167,0.542,1,0,0,0,0,0,,player.fcgi?id=hincks000con
DM Jefferson*,19,2023,Notre Dame,45,145,118,13,30,9,1,1,13,10,1,15,30,0.254,0.366,0.373,0.739,44,2,7,3,2,0,,player.fcgi?id=jeffer000dm-
Nick Juaire#,24,2023,Notre Dame,32,63,53,5,13,1,0,1,15,0,0,5,9,0.245,0.328,0.321,0.649,17,2,2,2,1,0,,player.fcgi?id=juaire000nic
Casey Kmet,22,2023,Notre Dame,26,52,43,8,9,1,0,0,3,3,0,5,9,0.209,0.32,0.233,0.553,10,0,2,2,0,0,,player.fcgi?id=kmet--000cas
Tony Lindwedel,21,2023,Notre Dame,4,3,3,2,1,0,0,1,2,0,0,0,1,0.333,0.333,1.333,1.667,4,0,0,0,0,0,,player.fcgi?id=lindwe000ton
Vinny Martinez,22,2023,Notre Dame,42,169,143,25,43,9,1,10,38,1,0,19,43,0.301,0.399,0.587,0.986,84,2,5,1,1,1,,player.fcgi?id=martin003vin
Estevan Moreno,19,2023,Notre Dame,52,202,177,27,37,5,0,7,24,6,2,18,65,0.209,0.302,0.356,0.658,63,0,6,0,1,0,,player.fcgi?id=moreno000est
Danny Neri*,21,2023,Notre Dame,44,150,125,18,26,3,2,4,18,1,0,18,36,0.208,0.327,0.36,0.687,45,0,4,3,0,0,,player.fcgi?id=neri--000dan
Jack Penney*,20,2023,Notre Dame,46,202,170,38,41,4,1,10,27,8,0,26,43,0.241,0.347,0.453,0.8,77,3,2,3,1,0,,player.fcgi?id=penney000jac
Zack Prajzner,23,2023,Notre Dame,54,249,209,43,63,16,1,7,32,4,1,27,37,0.301,0.399,0.488,0.887,102,2,9,1,3,1,,player.fcgi?id=prajzn000zac
Carter Putz,23,2023,Notre Dame,54,236,207,40,60,14,0,8,41,5,2,25,32,0.29,0.373,0.473,0.846,98,3,3,0,1,1,,player.fcgi?id=putz--000car
Joey Spence*,20,2023,Notre Dame,8,11,9,1,3,0,0,1,2,0,0,1,4,0.333,0.455,0.667,1.121,6,0,1,0,0,0,,player.fcgi?id=spence004jos
T.J. Williams,21,2023,Notre Dame,54,235,197,35,48,8,3,4,16,9,4,13,51,0.244,0.326,0.376,0.702,74,1,12,11,2,0,,player.fcgi?id=willia000tj-
Jack Zyska,23,2023,Notre Dame,17,56,48,7,7,2,0,1,10,2,0,6,20,0.146,0.25,0.25,0.5,12,0,1,0,1,0,,player.fcgi?id=zyska-000jac
Simon Baumgardt,23,2024,Notre Dame,52,226,195,37,56,14,1,10,43,3,1,22,48,0.287,0.363,0.523,0.886,102,2,4,0,5,0,,player.fcgi?id=baumga000sim
Drayk Bowen,20,2024,Notre Dame,3,1,1,2,0,0,0,0,0,0,0,0,1,0,0,0,0,0,0,0,0,0,0,,player.fcgi?id=bowen-000dra
Nick DeMarco,21,2024,Notre Dame,15,33,25,6,5,3,0,1,2,0,0,5,8,0.2,0.333,0.44,0.773,11,0,0,3,0,0,,player.fcgi?id=demarc001nic
Tito Flores,23,2024,Notre Dame,51,218,192,30,47,8,1,4,34,2,1,19,23,0.245,0.324,0.359,0.683,69,4,4,2,1,0,,player.fcgi?id=flores000tit
David Glancy,23,2024,Notre Dame,49,225,189,46,58,9,1,15,45,4,2,25,46,0.307,0.413,0.603,1.017,114,5,10,0,1,2,,player.fcgi?id=glancy000dav
Brady Gumpf,22,2024,Notre Dame,48,159,141,23,40,12,0,9,31,2,0,10,37,0.284,0.352,0.56,0.912,79,1,6,0,2,0,,player.fcgi?id=gumpf-000bra
Josh Hahn*,23,2024,Notre Dame,16,41,36,6,5,0,0,3,8,0,0,2,16,0.139,0.225,0.389,0.614,14,1,2,1,0,0,,player.fcgi?id=hahn--000jos
Connor Hincks*,22,2024,Notre Dame,52,229,202,32,55,11,5,7,45,1,2,19,55,0.272,0.336,0.48,0.816,97,1,2,3,3,0,,player.fcgi?id=hincks000con
DM Jefferson*,20,2024,Notre Dame,28,70,53,13,8,0,2,0,3,5,0,10,12,0.151,0.338,0.226,0.565,12,0,5,2,0,0,,player.fcgi?id=jeffer000dm-
Davis Johnson*,19,2024,Notre Dame,5,9,7,1,0,0,0,0,0,0,0,0,4,0,0,0,0,0,0,0,2,0,0,,player.fcgi?id=johnso023dav
Casey Kmet,23,2024,Notre Dame,12,7,5,3,1,0,0,0,0,1,0,2,3,0.2,0.429,0.2,0.629,1,0,0,0,0,0,,player.fcgi?id=kmet--000cas
Tony Lindwedel,22,2024,Notre Dame,27,43,35,4,3,0,0,0,1,1,0,5,13,0.086,0.256,0.086,0.342,3,1,3,0,0,0,,player.fcgi?id=lindwe000ton
Nathan Manning*,23,2024,Notre Dame,3,1,1,1,1,0,0,0,1,0,0,0,0,1,1,1,2,1,0,0,0,0,0,,player.fcgi?id=mannin000nat
Estevan Moreno,20,2024,Notre Dame,48,190,160,42,44,17,0,13,40,7,0,15,52,0.275,0.363,0.625,0.988,100,2,10,0,5,0,,player.fcgi?id=moreno000est
Jack Penney*,21,2024,Notre Dame,52,244,197,58,53,11,3,9,37,6,4,39,34,0.269,0.406,0.492,0.898,97,7,7,0,1,1,,player.fcgi?id=penney000jac
Joey Spence*,21,2024,Notre Dame,37,99,83,15,23,5,1,5,10,0,0,12,29,0.277,0.381,0.542,0.924,45,0,2,2,0,0,,player.fcgi?id=spence004jos
Carson Tinney,19,2024,Notre Dame,28,69,56,12,15,4,0,3,9,1,2,8,15,0.268,0.397,0.5,0.897,28,1,4,1,0,0,,player.fcgi?id=tinney000car
T.J. Williams,22,2024,Notre Dame,49,208,169,39,54,6,0,8,28,12,3,17,44,0.32,0.431,0.497,0.928,84,0,16,6,0,0,,player.fcgi?id=willia000tj-
Parker Brzustewicz,20,2025,Notre Dame,51,227,186,31,56,9,2,0,36,0,2,32,32,0.301,0.415,0.371,0.786,69,6,5,3,1,0,,player.fcgi?id=brzust000par
Noah Coy*,19,2025,Notre Dame,24,94,76,11,11,2,0,1,9,3,0,10,24,0.145,0.275,0.211,0.485,16,0,4,3,1,0,,player.fcgi?id=coy---000noa
Nick DeMarco,22,2025,Notre Dame,53,214,163,20,27,3,0,5,23,5,2,31,54,0.166,0.328,0.276,0.605,45,2,9,10,1,0,,player.fcgi?id=demarc001nic
Brady Gumpf,23,2025,Notre Dame,46,146,127,25,30,4,0,5,21,1,0,12,35,0.236,0.31,0.386,0.696,49,3,3,1,3,0,,player.fcgi?id=gumpf-000bra
Connor Hincks*,23,2025,Notre Dame,49,187,161,25,51,13,3,4,39,0,2,16,44,0.317,0.392,0.509,0.902,82,1,6,1,3,0,,player.fcgi?id=hincks000con
DM Jefferson*,21,2025,Notre Dame,45,149,105,31,25,3,0,1,10,17,3,31,31,0.238,0.448,0.295,0.744,31,0,9,4,0,0,,player.fcgi?id=jeffer000dm-
Davis Johnson*,20,2025,Notre Dame,41,169,128,38,36,6,0,7,28,4,1,27,42,0.281,0.429,0.492,0.921,63,2,9,1,4,1,,player.fcgi?id=johnso023dav
Jaden Knight,19,2025,Notre Dame,2,2,1,0,0,0,0,0,0,0,0,0,0,0,0.5,0,0.5,0,1,1,0,0,0,,player.fcgi?id=knight000jad
Jayce Lee,19,2025,Notre Dame,36,113,106,20,22,1,2,4,14,1,1,5,34,0.208,0.257,0.368,0.625,39,4,2,0,0,0,,player.fcgi?id=lee---003jay
Estevan Moreno,21,2025,Notre Dame,53,236,196,44,45,14,3,10,43,6,0,18,72,0.23,0.339,0.485,0.824,95,5,17,0,5,0,,player.fcgi?id=moreno000est
Troy Reader,21,2025,Notre Dame,1,1,0,0,0,0,0,0,0,0,0,0,0,,1,,,0,0,1,0,0,0,,player.fcgi?id=reader000tro
Carson Tinney,20,2025,Notre Dame,48,205,158,52,55,13,0,17,53,1,0,34,40,0.348,0.498,0.753,1.251,119,2,13,0,0,1,,player.fcgi?id=tinney000car
Bino Watters*,19,2025,Notre Dame,44,202,164,40,52,9,1,9,39,3,1,32,26,0.317,0.436,0.549,0.984,90,3,4,0,2,1,,player.fcgi?id=watter000bei
Jared Zimbardo,24,2025,Notre Dame,42,192,162,26,48,7,0,3,14,10,3,18,48,0.296,0.4,0.395,0.795,64,2,10,2,0,0,,player.fcgi?id=zimbar000jar
Michael Broad,20,2011,Miami,39,152,125,20,31,8,2,3,21,1,1,23,25,0.248,0.377,0.416,0.793,52,,3,1,0,,,player.fcgi?id=broad-000mic
D.K. Carey,19,2011,Miami,58,184,155,30,42,8,0,1,24,5,2,18,43,0.271,0.376,0.342,0.718,53,,8,3,0,,,player.fcgi?id=carey-001dal
Zeke DeVoss#,20,2011,Miami,61,291,215,59,73,13,3,2,27,32,10,57,30,0.34,0.491,0.456,0.947,98,,11,4,4,,,player.fcgi?id=devoss001eze
Brad Fieger,19,2011,Miami,61,254,225,28,63,14,0,2,29,1,0,18,24,0.28,0.333,0.369,0.702,83,,1,8,2,,,player.fcgi?id=fieger000bra
Corey Janson?,--,2011,Miami,11,18,18,1,3,0,0,1,2,0,0,0,7,0.167,0.167,0.333,0.5,6,,0,0,0,,,player.fcgi?id=janson000cor
Cade Kreuter,20,2011,Miami,30,65,57,7,13,4,0,1,9,1,1,7,17,0.228,0.323,0.351,0.674,20,,1,0,0,,,player.fcgi?id=kreute001cad
Chantz Mack*,20,2011,Miami,58,172,138,21,32,6,0,3,16,4,2,23,31,0.232,0.349,0.341,0.69,47,,3,6,2,,,player.fcgi?id=mack--000cha
Harold Martinez,21,2011,Miami,59,258,209,31,63,8,1,3,38,7,1,28,44,0.301,0.387,0.392,0.779,82,,5,10,6,,,player.fcgi?id=martin013har
Nathan Melendres,21,2011,Miami,56,231,190,38,62,14,2,2,25,24,3,23,26,0.326,0.409,0.453,0.862,86,,5,11,2,,,player.fcgi?id=melend000nat
Chris Pelaez?,--,2011,Miami,33,85,81,7,19,3,0,0,8,1,1,1,17,0.235,0.253,0.272,0.525,22,,1,2,0,,,player.fcgi?id=pelaez000chr
Stephen Perez#,20,2011,Miami,51,213,175,25,46,12,3,0,31,14,2,27,50,0.263,0.361,0.366,0.727,64,,1,8,2,,,player.fcgi?id=perez-001ste
Joey Porro?,--,2011,Miami,2,7,7,1,2,0,0,0,3,0,0,0,1,0.286,0.286,0.286,0.571,2,,0,0,0,,,player.fcgi?id=porro-000joe
Rony Rodriguez,21,2011,Miami,61,242,198,43,61,16,1,13,44,5,4,28,52,0.308,0.418,0.596,1.014,118,,10,5,1,,,player.fcgi?id=rodrig004ron
Shane Rowland*,19,2011,Miami,49,152,120,14,21,3,0,1,13,3,2,24,35,0.175,0.315,0.225,0.54,27,,1,6,1,,,player.fcgi?id=rowlan001sha
Julian Santos*,19,2011,Miami,1,1,1,0,0,0,0,0,0,0,0,0,0,0,0,0,0,0,,0,0,0,,,player.fcgi?id=santos001jul
David Villasuso,21,2011,Miami,27,83,69,8,15,5,0,1,8,0,0,4,27,0.217,0.263,0.333,0.596,23,,1,7,2,,,player.fcgi?id=villas000dav
Scott Wiebel?,--,2011,Miami,3,6,5,0,1,0,0,0,0,0,0,1,4,0.2,0.333,0.2,0.533,1,,0,0,0,,,player.fcgi?id=wiebel000sco
Michael Broad,21,2012,Miami,54,204,173,28,42,10,1,4,30,8,5,18,38,0.243,0.333,0.382,0.715,66,,7,3,3,0,,player.fcgi?id=broad-000mic
D.K. Carey,20,2012,Miami,58,264,214,42,58,11,2,2,20,9,5,31,48,0.271,0.375,0.369,0.744,79,,5,13,1,0,,player.fcgi?id=carey-001dal
Alex Fernandez,19,2012,Miami,20,13,10,1,0,0,0,0,2,0,0,3,6,0,0.231,0,0.231,0,,0,0,0,0,,player.fcgi?id=fernan005ale
Brad Fieger,20,2012,Miami,59,255,224,29,66,14,0,4,39,3,1,17,36,0.295,0.339,0.411,0.749,92,,1,7,6,0,,player.fcgi?id=fieger000bra
Corey Janson?,--,2012,Miami,14,10,8,0,1,0,0,0,0,0,0,1,5,0.125,0.222,0.125,0.347,1,,0,1,0,0,,player.fcgi?id=janson000cor
Garrett Kennedy*,19,2012,Miami,40,111,85,6,14,0,0,0,4,0,1,18,23,0.165,0.308,0.165,0.472,14,,0,7,1,0,,player.fcgi?id=kenned001gar
Cade Kreuter,21,2012,Miami,1,1,1,0,0,0,0,0,0,0,0,0,1,0,0,0,0,0,,0,0,0,0,,player.fcgi?id=kreute001cad
Chantz Mack*,21,2012,Miami,55,207,166,24,48,5,2,1,33,10,4,31,23,0.289,0.399,0.361,0.76,60,,2,4,4,1,,player.fcgi?id=mack--000cha
Jarred Mederos,18,2012,Miami,47,165,141,16,29,9,1,1,16,4,3,13,31,0.206,0.272,0.305,0.577,43,,1,7,3,0,,player.fcgi?id=medero001jar
Peter O'Brien,21,2012,Miami,41,180,147,31,50,12,0,10,40,1,2,23,23,0.34,0.441,0.626,1.067,92,,6,1,3,6,,player.fcgi?id=obrien005pet
Tyler Palmer,20,2012,Miami,46,195,152,30,38,8,0,4,20,10,3,23,45,0.25,0.37,0.382,0.751,58,,7,11,2,0,,player.fcgi?id=palmer000tel
Stephen Perez#,21,2012,Miami,55,231,186,39,46,12,4,5,29,18,4,32,50,0.247,0.363,0.435,0.799,81,,3,8,2,0,,player.fcgi?id=perez-001ste
Rony Rodriguez,22,2012,Miami,47,194,164,23,46,14,1,3,18,7,3,22,54,0.28,0.373,0.433,0.806,71,,4,1,3,1,,player.fcgi?id=rodrig004ron
Alex San Juan,21,2012,Miami,14,24,24,1,4,1,0,0,0,1,1,0,6,0.167,0.167,0.208,0.375,5,,0,0,0,0,,player.fcgi?id=sanjua001ale
Julian Santos*,20,2012,Miami,29,60,54,6,12,3,1,0,4,2,0,6,20,0.222,0.3,0.315,0.615,17,,0,0,0,0,,player.fcgi?id=santos001jul
Esteban Tresgallo,18,2012,Miami,49,173,140,22,34,8,1,3,8,3,1,20,46,0.243,0.352,0.379,0.73,53,,4,8,1,0,,player.fcgi?id=tresga000est
Scott Wiebel?,--,2012,Miami,13,19,17,2,5,0,0,1,3,0,0,2,4,0.294,0.368,0.471,0.839,8,,0,0,0,0,,player.fcgi?id=wiebel000sco
Christopher Barr*,18,2013,Miami,55,143,115,27,25,1,1,0,6,7,3,22,20,0.217,0.353,0.243,0.596,28,,2,4,0,0,,player.fcgi?id=barr--000chr
Michael Broad,22,2013,Miami,34,115,98,12,25,4,0,1,15,2,2,11,19,0.255,0.36,0.327,0.686,32,,5,1,0,0,,player.fcgi?id=broad-000mic
D.K. Carey,21,2013,Miami,56,177,145,22,28,5,2,1,12,12,5,15,29,0.193,0.285,0.276,0.561,40,,4,12,1,0,,player.fcgi?id=carey-001dal
Ricky Eusebio,19,2013,Miami,47,119,95,14,21,3,0,0,8,8,1,12,26,0.221,0.315,0.253,0.568,24,,2,8,2,0,,player.fcgi?id=eusebi000ric
Brad Fieger,21,2013,Miami,56,208,181,14,51,13,0,0,34,2,2,16,29,0.282,0.34,0.354,0.693,64,,3,2,6,2,,player.fcgi?id=fieger000bra
Roger Gonzalez#,19,2013,Miami,29,45,40,2,12,2,0,0,5,0,0,3,11,0.3,0.356,0.35,0.706,14,,1,0,1,0,,player.fcgi?id=gonzal003rog
Alex Hernandez,21,2013,Miami,62,269,225,42,60,16,0,1,31,4,7,26,31,0.267,0.358,0.351,0.709,79,,7,9,2,0,,player.fcgi?id=hernan008ale
Grant Heyman*,19,2013,Miami,24,49,40,2,7,1,1,0,5,2,0,5,13,0.175,0.327,0.25,0.577,10,,4,0,0,0,,player.fcgi?id=heyman000gra
Garrett Kennedy*,20,2013,Miami,45,156,124,17,35,4,0,3,16,0,2,27,24,0.282,0.417,0.387,0.804,48,,3,0,2,1,,player.fcgi?id=kenned001gar
John Lawroski,--,2013,Miami,16,13,12,2,0,0,0,0,0,4,0,0,6,0,0,0,0,0,,0,1,0,0,,player.fcgi?id=lawros000joh
Brandon Lopez,19,2013,Miami,59,211,181,17,44,1,0,1,15,5,2,19,37,0.243,0.322,0.265,0.587,48,,2,9,0,0,,player.fcgi?id=lopez-000bra
Chantz Mack*,22,2013,Miami,62,262,202,44,61,10,3,0,28,15,3,41,33,0.302,0.444,0.381,0.825,77,,12,5,2,2,,player.fcgi?id=mack--000cha
Tyler Palmer,21,2013,Miami,48,166,141,24,37,4,0,0,6,11,4,11,21,0.262,0.327,0.291,0.618,41,,3,10,1,0,,player.fcgi?id=palmer000tel
Alex San Juan,22,2013,Miami,55,207,184,16,51,5,1,1,18,5,1,15,38,0.277,0.337,0.332,0.668,61,,2,5,1,1,,player.fcgi?id=sanjua001ale
David Thompson,19,2013,Miami,52,212,182,22,52,14,0,6,46,3,2,20,30,0.286,0.368,0.462,0.83,84,,5,3,2,2,,player.fcgi?id=thomps003dav
Esteban Tresgallo,19,2013,Miami,9,12,7,1,0,0,0,0,2,0,0,1,4,0,0.273,0,0.273,0,,2,1,1,0,,player.fcgi?id=tresga000est
Willie Abreu*,19,2014,Miami,61,257,220,29,61,8,1,1,28,4,1,34,61,0.277,0.371,0.336,0.707,74,,0,1,2,3,,player.fcgi?id=abreu-001wil
Derik Beauprez*,19,2014,Miami,9,5,4,0,0,0,0,0,0,0,0,1,2,0,0.2,0,0.2,0,,0,0,0,0,,player.fcgi?id=beaupr000der
D.K. Carey,22,2014,Miami,63,301,246,53,75,16,1,7,29,16,9,30,43,0.305,0.405,0.463,0.868,114,,12,12,1,1,,player.fcgi?id=carey-001dal
Zack Collins*,19,2014,Miami,61,255,205,32,61,14,3,11,54,0,0,42,47,0.298,0.427,0.556,0.984,114,,6,0,2,3,,player.fcgi?id=collin002zac
Carlos Diaz,19,2014,Miami,13,11,10,1,0,0,0,0,0,0,0,0,3,0,0.091,0,0.091,0,,1,0,0,0,,player.fcgi?id=diaz--011car
Sebastian Diaz,19,2014,Miami,16,35,28,8,5,2,0,1,3,0,0,7,10,0.179,0.343,0.357,0.7,10,,0,0,0,0,,player.fcgi?id=diaz--000seb
Ricky Eusebio,20,2014,Miami,44,65,57,16,15,2,0,0,7,6,0,6,14,0.263,0.344,0.298,0.642,17,,1,1,0,0,,player.fcgi?id=eusebi000ric
Brad Fieger,22,2014,Miami,55,209,187,19,40,9,0,1,29,0,1,10,24,0.214,0.252,0.278,0.531,52,,1,7,4,0,,player.fcgi?id=fieger000bra
Alex Hernandez,22,2014,Miami,63,244,214,25,53,10,1,0,25,3,2,19,33,0.248,0.312,0.304,0.616,65,,2,7,2,0,,player.fcgi?id=hernan008ale
Jacob Heyward,18,2014,Miami,24,53,44,8,9,2,0,0,4,0,1,5,17,0.205,0.314,0.25,0.564,11,,2,2,0,0,,player.fcgi?id=heywar000jac
Garrett Kennedy*,21,2014,Miami,43,141,117,14,27,3,0,2,16,1,0,15,23,0.231,0.336,0.308,0.643,36,,4,4,1,0,,player.fcgi?id=kenned001gar
John Lawroski,--,2014,Miami,28,6,3,6,0,0,0,0,0,1,3,2,2,0,0.5,0,0.5,0,,1,0,0,0,,player.fcgi?id=lawros000joh
Brandon Lopez,20,2014,Miami,56,226,189,23,44,6,1,0,29,6,5,24,27,0.233,0.32,0.275,0.595,52,,2,7,4,2,,player.fcgi?id=lopez-000bra
Edgar Michelangeli,20,2014,Miami,18,52,46,4,9,3,0,0,9,0,1,4,15,0.196,0.26,0.261,0.521,12,,0,2,0,0,,player.fcgi?id=michel000edg
Tyler Palmer,22,2014,Miami,62,284,238,47,70,15,4,2,33,19,8,22,36,0.294,0.373,0.416,0.789,99,,8,16,0,0,,player.fcgi?id=palmer000tel
Laz Rivera,19,2014,Miami,14,25,19,6,5,1,0,0,3,1,1,4,4,0.263,0.44,0.316,0.756,6,,2,0,0,0,,player.fcgi?id=rivera000laz
Johnny Ruiz*,19,2014,Miami,45,165,131,22,30,7,0,0,11,2,2,24,24,0.229,0.352,0.282,0.635,37,,2,6,2,1,,player.fcgi?id=ruiz--000joh
David Thompson,20,2014,Miami,30,128,108,15,30,6,1,0,15,0,1,14,17,0.278,0.368,0.352,0.72,38,,2,3,1,1,,player.fcgi?id=thomps003dav
Brad Zunica*,18,2014,Miami,23,44,40,4,7,2,0,0,6,0,0,4,13,0.175,0.25,0.225,0.475,9,,0,0,0,0,,player.fcgi?id=zunica000bra
Willie Abreu*,20,2015,Miami,65,266,225,44,66,10,1,6,47,4,0,27,39,0.293,0.387,0.427,0.814,96,,8,5,1,0,,player.fcgi?id=abreu-001wil
Christopher Barr*,20,2015,Miami,60,254,202,43,62,7,5,1,32,14,0,25,41,0.307,0.399,0.406,0.805,82,,8,16,3,0,,player.fcgi?id=barr--000chr
Carl Chester,19,2015,Miami,63,226,191,37,51,10,1,5,25,11,3,18,45,0.267,0.355,0.408,0.763,78,,9,6,2,0,,player.fcgi?id=cheste000car
Zack Collins*,20,2015,Miami,65,306,239,61,73,14,5,15,70,7,1,56,62,0.305,0.448,0.594,1.042,142,,8,0,3,2,,player.fcgi?id=collin002zac
Peter Crocitto,19,2015,Miami,14,19,18,4,7,4,0,0,4,0,0,1,4,0.389,0.421,0.611,1.032,11,,0,0,0,0,,player.fcgi?id=crocit000pet
Sebastian Diaz,20,2015,Miami,7,13,11,3,4,0,0,0,3,1,0,1,6,0.364,0.385,0.364,0.748,4,,0,0,1,0,,player.fcgi?id=diaz--000seb
Ricky Eusebio,21,2015,Miami,66,309,228,70,66,15,2,2,29,19,8,51,39,0.289,0.457,0.399,0.856,91,,21,7,2,0,,player.fcgi?id=eusebi000ric
Jacob Heyward,19,2015,Miami,55,132,106,37,36,4,0,4,24,7,2,20,30,0.34,0.454,0.491,0.944,52,,3,2,1,0,,player.fcgi?id=heywar000jac
George Iskenderian,21,2015,Miami,66,301,246,70,89,14,2,3,55,23,2,40,40,0.362,0.458,0.472,0.929,116,,7,4,4,1,,player.fcgi?id=iskend000geo
Garrett Kennedy*,22,2015,Miami,63,271,220,53,71,11,1,7,51,1,0,37,28,0.323,0.434,0.477,0.912,105,,8,4,2,0,,player.fcgi?id=kenned001gar
Brandon Lopez,21,2015,Miami,48,201,162,29,50,9,2,0,23,1,1,29,25,0.309,0.423,0.389,0.812,63,,4,5,1,0,,player.fcgi?id=lopez-000bra
Edgar Michelangeli,21,2015,Miami,36,79,65,10,15,4,0,0,6,1,0,11,17,0.231,0.338,0.292,0.63,19,,0,2,1,0,,player.fcgi?id=michel000edg
Malik Rosier?,--,2015,Miami,14,19,17,3,5,0,0,1,3,0,0,1,4,0.294,0.368,0.471,0.839,8,,1,0,0,0,,player.fcgi?id=rosier000mal
Johnny Ruiz*,20,2015,Miami,47,121,108,16,34,3,1,0,19,0,0,8,21,0.315,0.356,0.361,0.717,39,,0,3,2,0,,player.fcgi?id=ruiz--000joh
Justin Smith,19,2015,Miami,24,46,38,6,9,1,0,0,1,0,0,5,14,0.237,0.37,0.263,0.633,10,,3,0,0,0,,player.fcgi?id=smith-009jus
David Thompson,21,2015,Miami,66,310,249,59,82,18,2,19,89,1,3,43,28,0.329,0.436,0.647,1.083,161,,9,3,6,3,,player.fcgi?id=thomps003dav
Willie Abreu*,21,2016,Miami,64,272,239,47,68,14,2,12,56,5,2,17,59,0.285,0.353,0.51,0.864,122,,9,6,1,3,,player.fcgi?id=abreu-001wil
Ryan Alvarez*,20,2016,Miami,16,17,15,1,6,1,0,0,1,0,0,1,5,0.4,0.471,0.467,0.937,7,,1,0,0,0,,player.fcgi?id=alvare002rya
Christopher Barr*,21,2016,Miami,61,282,234,44,60,6,3,0,25,14,1,21,44,0.256,0.336,0.308,0.644,72,,9,14,4,0,,player.fcgi?id=barr--000chr
Randy Batista?,--,2016,Miami,54,191,147,29,40,3,2,2,26,7,3,27,41,0.272,0.403,0.361,0.764,53,,6,10,1,0,,player.fcgi?id=batist000ran
Barry Buchowski,22,2016,Miami,11,11,9,1,2,1,0,0,3,0,0,0,4,0.222,0.273,0.333,0.606,3,,1,0,1,0,,player.fcgi?id=buchow000bar
Carl Chester,20,2016,Miami,64,311,253,56,85,9,0,2,29,16,10,22,35,0.336,0.426,0.395,0.821,100,,19,15,2,0,,player.fcgi?id=cheste000car
Zack Collins*,21,2016,Miami,62,274,190,54,69,10,0,16,59,1,3,78,53,0.363,0.544,0.668,1.212,127,,2,0,4,13,,player.fcgi?id=collin002zac
Peter Crocitto,20,2016,Miami,25,60,55,8,12,2,0,0,2,0,0,2,10,0.218,0.271,0.255,0.526,14,,2,1,0,0,,player.fcgi?id=crocit000pet
Joe Gomez,21,2016,Miami,16,34,27,12,8,4,1,0,6,0,0,2,5,0.296,0.394,0.519,0.912,14,,3,1,1,0,,player.fcgi?id=gomez-005joe
Romy Gonzalez,19,2016,Miami,27,83,75,11,13,5,0,1,10,0,0,3,21,0.173,0.215,0.28,0.495,21,,1,4,0,0,,player.fcgi?id=gonzal002rom
Jacob Heyward,20,2016,Miami,64,280,215,43,52,10,0,6,39,7,3,48,52,0.242,0.403,0.372,0.775,80,,12,2,3,1,,player.fcgi?id=heywar000jac
Brandon Lopez,22,2016,Miami,58,259,213,50,80,14,0,2,42,5,2,23,34,0.376,0.449,0.469,0.919,100,,8,12,3,0,,player.fcgi?id=lopez-000bra
Edgar Michelangeli,22,2016,Miami,62,248,219,35,59,8,1,5,40,1,2,17,60,0.269,0.322,0.384,0.706,84,,2,6,4,0,,player.fcgi?id=michel000edg
Johnny Ruiz*,21,2016,Miami,64,287,234,46,80,17,3,4,57,3,4,38,53,0.342,0.431,0.491,0.922,115,,3,6,6,0,,player.fcgi?id=ruiz--000joh
Mike Amditis,19,2017,Miami,6,16,14,1,5,1,0,0,3,0,0,2,2,0.357,0.438,0.429,0.866,6,,0,0,0,0,,player.fcgi?id=amditi000mik
Nico Baldor*,19,2017,Miami,34,79,67,4,16,3,0,0,3,0,0,8,17,0.239,0.325,0.284,0.608,19,,1,2,1,0,,player.fcgi?id=baldor000nic
Christopher Barr*,22,2017,Miami,52,186,143,18,30,7,1,0,14,0,1,30,29,0.21,0.369,0.273,0.641,39,,6,7,0,2,,player.fcgi?id=barr--000chr
Randy Batista?,--,2017,Miami,35,119,94,18,20,3,0,1,15,0,2,19,29,0.213,0.357,0.277,0.633,26,,2,4,0,0,,player.fcgi?id=batist000ran
Barry Buchowski,23,2017,Miami,19,41,33,3,4,1,0,0,1,1,0,3,16,0.121,0.293,0.152,0.444,5,,5,0,0,0,,player.fcgi?id=buchow000bar
Michael Burns?,--,2017,Miami,54,209,182,24,45,8,2,4,32,3,5,17,30,0.247,0.322,0.379,0.701,69,,4,4,2,0,,player.fcgi?id=burns-007mic
Carl Chester,21,2017,Miami,58,260,224,41,63,13,1,4,30,8,6,24,21,0.281,0.367,0.402,0.769,90,,7,4,1,2,,player.fcgi?id=cheste000car
James Davison*,21,2017,Miami,55,207,167,27,39,2,2,0,11,14,5,18,49,0.234,0.34,0.269,0.61,45,,9,13,0,0,,player.fcgi?id=daviso002jam
Brandon Gali?,--,2017,Miami,29,77,70,8,16,2,1,0,10,4,1,4,16,0.229,0.28,0.286,0.566,20,,1,2,0,0,,player.fcgi?id=gali--000bra
Joe Gomez,22,2017,Miami,54,190,151,20,31,2,0,3,17,1,0,20,36,0.205,0.337,0.278,0.615,42,,10,9,0,0,,player.fcgi?id=gomez-005joe
Romy Gonzalez,20,2017,Miami,58,254,223,37,59,9,1,11,38,13,3,27,58,0.265,0.344,0.462,0.806,103,,1,1,2,2,,player.fcgi?id=gonzal002rom
Edgar Michelangeli,23,2017,Miami,53,207,168,22,35,2,0,5,22,2,1,29,54,0.208,0.332,0.31,0.641,52,,3,5,2,1,,player.fcgi?id=michel000edg
Michael Perez*,--,2017,Miami,10,14,13,0,1,0,0,0,1,0,0,1,3,0.077,0.143,0.077,0.22,1,,0,0,0,0,,player.fcgi?id=perez-008mic
Johnny Ruiz*,22,2017,Miami,46,198,153,26,39,9,1,4,23,4,1,41,59,0.255,0.412,0.405,0.818,62,,0,4,0,0,,player.fcgi?id=ruiz--000joh
Alex Sanchez#,21,2017,Miami,14,20,14,3,0,0,0,0,2,1,0,5,7,0,0.25,0,0.25,0,,0,0,1,0,,player.fcgi?id=sanche017ale
Hunter Tackett,22,2017,Miami,35,125,104,15,22,3,0,3,17,1,2,13,31,0.212,0.331,0.327,0.658,34,,6,1,1,1,,player.fcgi?id=tacket000hun
Greg Veliz*,20,2017,Miami,26,43,37,1,4,0,1,0,1,0,0,3,14,0.108,0.233,0.162,0.395,6,,3,0,0,0,,player.fcgi?id=veliz-000gre
Connor Allen*,19,2018,Miami,4,7,6,0,0,0,0,0,0,0,0,0,5,0,0.143,0,0.143,0,,1,0,0,0,,player.fcgi?id=allen-000con
Mike Amditis,20,2018,Miami,24,90,80,9,18,5,0,0,14,0,0,5,18,0.225,0.273,0.288,0.56,23,,1,2,2,0,,player.fcgi?id=amditi000mik
Michael Burns?,--,2018,Miami,51,215,186,27,49,8,2,0,21,6,3,24,37,0.263,0.363,0.328,0.691,61,,5,0,0,0,,player.fcgi?id=burns-007mic
Dylan Cloonan*,19,2018,Miami,37,120,97,11,28,9,1,0,14,1,2,19,32,0.289,0.415,0.402,0.817,39,,2,2,0,1,,player.fcgi?id=cloona000dyl
Willie Escala#,19,2018,Miami,53,214,182,25,51,6,0,2,11,7,7,22,64,0.28,0.373,0.346,0.719,63,,5,5,0,1,,player.fcgi?id=escala000wil
Ray Gil,19,2018,Miami,46,148,128,19,30,6,1,3,19,3,1,14,48,0.234,0.317,0.367,0.684,47,,2,3,1,0,,player.fcgi?id=gil---000ray
Romy Gonzalez,21,2018,Miami,52,228,198,35,54,8,2,4,30,22,4,21,60,0.273,0.358,0.394,0.752,78,,6,2,1,0,,player.fcgi?id=gonzal002rom
Tony Jenkins,19,2018,Miami,35,126,101,19,22,3,1,2,12,4,5,21,36,0.218,0.368,0.327,0.695,33,,3,1,0,0,,player.fcgi?id=jenkin003ton
Kam Lane,22,2018,Miami,18,4,4,2,1,0,0,0,0,1,0,0,1,0.25,0.25,0.25,0.5,1,,0,0,0,0,,player.fcgi?id=lane--000kam
Tyler Paige,19,2018,Miami,17,30,18,4,2,0,0,0,4,1,1,10,9,0.111,0.448,0.111,0.559,2,,1,1,0,0,,player.fcgi?id=paige-000tyl
Michael Perez*,--,2018,Miami,28,92,76,8,15,1,2,2,9,1,0,13,24,0.197,0.326,0.342,0.668,26,,2,0,1,0,,player.fcgi?id=perez-008mic
Isaac Quinones,19,2018,Miami,45,192,165,20,48,10,0,1,24,1,1,17,49,0.291,0.38,0.37,0.75,61,,8,0,2,0,,player.fcgi?id=quinon000isa
Daniel Reyes,21,2018,Miami,27,113,106,18,34,9,0,5,19,2,0,3,27,0.321,0.345,0.547,0.892,58,,2,0,2,0,,player.fcgi?id=reyes-002dan
Gabe Rivera,19,2018,Miami,22,68,58,6,13,2,1,2,9,0,1,5,19,0.224,0.324,0.397,0.72,23,,4,0,1,0,,player.fcgi?id=rivera004gab
Joe Sparber,--,2018,Miami,4,1,1,0,0,0,0,0,0,0,0,0,1,0,0,0,0,0,,0,0,0,0,,player.fcgi?id=sparbe000joe
Hunter Tackett,23,2018,Miami,39,137,111,15,24,2,1,0,15,1,2,15,40,0.216,0.321,0.252,0.573,28,,4,3,4,0,,player.fcgi?id=tacket000hun
Alex Toral*,19,2018,Miami,33,118,93,9,15,4,0,1,11,3,1,20,40,0.161,0.322,0.237,0.559,22,,3,0,2,0,,player.fcgi?id=toral-000ale
Freddy Zamora,19,2018,Miami,54,247,211,32,64,12,4,1,28,20,4,24,18,0.303,0.388,0.412,0.801,87,,6,5,1,3,,player.fcgi?id=zamora000fre
Mike Amditis,21,2019,Miami,51,194,165,28,45,6,0,7,24,1,0,26,22,0.273,0.375,0.436,0.811,72,,1,2,0,2,,player.fcgi?id=amditi000mik
Dylan Cloonan*,20,2019,Miami,16,48,45,5,11,2,0,1,4,1,1,2,14,0.244,0.271,0.356,0.626,16,,0,0,1,0,,player.fcgi?id=cloona000dyl
Chad Crosbie*,21,2019,Miami,41,82,70,11,14,0,0,1,7,4,2,8,19,0.2,0.296,0.243,0.539,17,,2,1,1,0,,player.fcgi?id=crosbi000cha
Adrian Del Castillo*,19,2019,Miami,61,282,236,58,78,22,0,12,72,3,0,32,24,0.331,0.418,0.576,0.995,136,,8,0,6,0,,player.fcgi?id=delcas000adr
Willie Escala#,20,2019,Miami,40,81,70,18,18,5,1,0,8,8,0,9,22,0.257,0.35,0.357,0.707,25,,1,1,0,0,,player.fcgi?id=escala000wil
J.P. Gates*,19,2019,Miami,52,159,147,21,50,9,2,4,31,0,1,8,36,0.34,0.371,0.51,0.881,75,,1,0,3,0,,player.fcgi?id=gates-000jp-
Ray Gil,20,2019,Miami,58,245,214,39,68,14,0,13,44,1,0,26,68,0.318,0.396,0.565,0.961,121,,3,0,2,4,,player.fcgi?id=gil---000ray
Tony Jenkins,20,2019,Miami,47,122,97,28,26,4,1,0,12,9,2,15,15,0.268,0.392,0.33,0.722,32,,6,2,2,0,,player.fcgi?id=jenkin003ton
Jordan Lala*,20,2019,Miami,60,281,210,68,58,9,1,4,18,28,5,61,48,0.276,0.446,0.386,0.832,81,,6,1,3,0,,player.fcgi?id=lala--000jor
Chet Moore,20,2019,Miami,20,31,27,2,5,0,0,0,3,0,0,1,8,0.185,0.258,0.185,0.443,5,,2,0,1,0,,player.fcgi?id=moore-000che
Tyler Paige,20,2019,Miami,10,10,9,3,1,1,0,0,1,0,0,1,5,0.111,0.2,0.222,0.422,2,,0,0,0,0,,player.fcgi?id=paige-000tyl
Austin Pollak,--,2019,Miami,6,6,6,0,1,0,0,0,0,0,0,0,3,0.167,0.167,0.167,0.333,1,,0,0,0,0,,player.fcgi?id=pollak000aus
Isaac Quinones,20,2019,Miami,20,24,20,4,4,1,0,1,4,0,0,4,5,0.2,0.333,0.4,0.733,8,,0,0,0,0,,player.fcgi?id=quinon000isa
Gabe Rivera,20,2019,Miami,38,115,100,29,29,5,2,7,31,6,0,9,30,0.29,0.374,0.59,0.964,59,,5,0,1,0,,player.fcgi?id=rivera004gab
Alex Toral*,20,2019,Miami,61,260,215,47,63,6,0,24,67,1,0,39,68,0.293,0.4,0.656,1.056,141,,2,0,4,7,,player.fcgi?id=toral-000ale
Luis Tuero*,18,2019,Miami,14,40,36,6,12,3,0,0,2,1,1,4,4,0.333,0.4,0.417,0.817,15,,0,0,0,0,,player.fcgi?id=tuero-000lui
Anthony Vilar*,20,2019,Miami,61,292,237,49,69,12,1,5,39,0,2,49,57,0.291,0.416,0.414,0.829,98,,3,1,2,0,,player.fcgi?id=vilar-000hen
Freddy Zamora,20,2019,Miami,50,239,199,43,59,12,0,6,46,13,3,31,27,0.296,0.393,0.447,0.841,89,,4,0,5,4,,player.fcgi?id=zamora000fre
Yordani Carmona*,19,2020,Miami,3,1,1,0,0,0,0,0,0,0,0,0,0,0,0,0,0,0,,0,0,0,0,,player.fcgi?id=carmon000yor
Chad Crosbie*,22,2020,Miami,7,8,6,1,1,1,0,0,0,0,0,1,3,0.167,0.375,0.333,0.708,2,,1,0,0,0,,player.fcgi?id=crosbi000cha
Adrian Del Castillo*,20,2020,Miami,16,67,53,13,19,2,1,2,15,1,0,11,8,0.358,0.478,0.547,1.025,29,,2,0,1,2,,player.fcgi?id=delcas000adr
J.P. Gates*,20,2020,Miami,14,41,38,4,7,0,0,1,2,0,0,3,9,0.184,0.244,0.263,0.507,10,,0,0,0,0,,player.fcgi?id=gates-000jp-
Ray Gil,21,2020,Miami,16,70,56,9,10,2,0,3,11,0,1,10,20,0.179,0.3,0.375,0.675,21,,1,0,3,0,,player.fcgi?id=gil---000ray
Tony Jenkins,21,2020,Miami,16,60,50,11,15,1,0,1,5,3,2,9,9,0.3,0.417,0.38,0.797,19,,1,0,0,0,,player.fcgi?id=jenkin003ton
Jordan Lala*,21,2020,Miami,16,74,56,12,13,3,0,0,6,4,3,15,13,0.232,0.419,0.286,0.705,16,,3,0,0,0,,player.fcgi?id=lala--000jor
Josh Lauck,21,2020,Miami,5,6,2,0,1,0,0,0,3,0,0,4,0,0.5,0.833,0.5,1.333,1,,0,0,0,0,,player.fcgi?id=lauck-000jos
Chet Moore,21,2020,Miami,7,7,6,1,1,0,0,0,0,0,1,0,3,0.167,0.286,0.167,0.452,1,,1,0,0,0,,player.fcgi?id=moore-000che
Tyler Paige,21,2020,Miami,16,32,28,1,3,0,0,0,2,0,0,2,7,0.107,0.194,0.107,0.301,3,,1,1,0,0,,player.fcgi?id=paige-000tyl
Austin Pollak,--,2020,Miami,3,3,3,0,0,0,0,0,0,0,0,0,3,0,0,0,0,0,,0,0,0,0,,player.fcgi?id=pollak000aus
Isaac Quinones,21,2020,Miami,10,16,13,1,3,0,0,0,0,0,0,1,3,0.231,0.333,0.231,0.564,3,,1,1,0,0,,player.fcgi?id=quinon000isa
Gabe Rivera,21,2020,Miami,16,47,41,6,13,1,0,1,5,2,1,4,11,0.317,0.404,0.415,0.819,17,,2,0,0,1,,player.fcgi?id=rivera004gab
Jared Thomas*,19,2020,Miami,11,37,32,7,6,1,0,1,3,1,0,3,9,0.188,0.278,0.313,0.59,10,,1,1,0,0,,player.fcgi?id=thomas004jar
Alex Toral*,21,2020,Miami,16,69,54,13,16,1,0,5,16,0,0,13,9,0.296,0.435,0.593,1.027,32,,1,0,1,2,,player.fcgi?id=toral-000ale
Luis Tuero*,19,2020,Miami,13,33,31,6,10,1,0,0,8,0,0,1,2,0.323,0.364,0.355,0.718,11,,1,0,0,0,,player.fcgi?id=tuero-000lui
Mike Valdez,19,2020,Miami,4,5,5,1,1,0,0,0,0,0,0,0,3,0.2,0.2,0.2,0.4,1,,0,0,0,0,,player.fcgi?id=valdez000myk
Anthony Vilar*,21,2020,Miami,16,72,64,12,19,5,0,2,15,3,0,7,13,0.297,0.361,0.469,0.83,30,,0,0,1,0,,player.fcgi?id=vilar-000hen
Chad Born,19,2021,Miami,16,25,22,1,3,0,0,0,1,0,1,2,9,0.136,0.24,0.136,0.376,3,,1,0,0,0,,player.fcgi?id=born--000cha
Adrian Del Castillo*,21,2021,Miami,54,237,200,37,55,13,1,3,37,1,0,27,28,0.275,0.38,0.395,0.775,79,,8,0,2,2,,player.fcgi?id=delcas000adr
Christian Del Castillo*,23,2021,Miami,54,230,198,34,73,11,1,4,40,7,4,22,26,0.369,0.439,0.495,0.934,98,,5,2,3,1,,player.fcgi?id=delcas000chr
Luis Espinal,19,2021,Miami,3,3,3,0,0,0,0,0,0,0,0,0,2,0,0,0,0,0,,0,0,0,0,,player.fcgi?id=espina000lui
Adam Frank,22,2021,Miami,13,19,19,2,3,0,0,0,2,0,0,0,6,0.158,0.158,0.158,0.316,3,,0,0,0,0,,player.fcgi?id=frank-002ada
J.P. Gates*,21,2021,Miami,4,2,1,0,0,0,0,0,1,0,0,0,1,0,0,0,0,0,,0,0,1,0,,player.fcgi?id=gates-000jp-
Ray Gil,22,2021,Miami,47,162,137,17,40,6,0,8,29,0,0,20,44,0.292,0.383,0.511,0.894,70,,2,0,3,0,,player.fcgi?id=gil---000ray
Jose Izarra,19,2021,Miami,14,15,14,2,1,0,0,0,3,1,0,0,5,0.071,0.133,0.071,0.205,1,,1,0,0,0,,player.fcgi?id=izarra000jos
Tony Jenkins,22,2021,Miami,39,118,98,12,16,2,0,0,14,1,2,13,24,0.163,0.282,0.184,0.466,18,,4,1,2,0,,player.fcgi?id=jenkin003ton
CJ Kayfus*,19,2021,Miami,40,64,57,12,17,3,0,3,6,1,0,5,19,0.298,0.375,0.509,0.884,29,,2,0,0,0,,player.fcgi?id=kayfus000cj-
Jordan Lala*,22,2021,Miami,51,209,166,41,38,3,1,4,18,13,5,30,42,0.229,0.369,0.331,0.7,55,,8,3,2,0,,player.fcgi?id=lala--000jor
Jacoby Long,19,2021,Miami,8,6,6,3,2,0,0,0,0,1,0,0,0,0.333,0.333,0.333,0.667,2,,0,0,0,0,,player.fcgi?id=long--004jac
Yohandy Morales,19,2021,Miami,53,239,211,44,60,13,3,11,45,0,1,18,49,0.284,0.343,0.531,0.874,112,,4,0,6,0,,player.fcgi?id=morale000yoh
Carlos Perez,19,2021,Miami,19,53,45,8,10,4,1,1,6,0,0,4,17,0.222,0.34,0.422,0.762,19,,4,0,0,0,,player.fcgi?id=perez-033car
Dominic Pitelli*,19,2021,Miami,52,189,169,23,37,5,0,4,14,4,3,16,54,0.219,0.289,0.32,0.608,54,,1,2,1,0,,player.fcgi?id=pitell000dom
Gabe Rivera,22,2021,Miami,33,93,77,13,19,1,0,5,9,0,2,7,31,0.247,0.366,0.455,0.82,35,,8,0,1,0,,player.fcgi?id=rivera004gab
Mike Rosario*,20,2021,Miami,2,2,2,0,0,0,0,0,0,0,0,0,2,0,0,0,0,0,,0,0,0,0,,player.fcgi?id=rosari000mik
Jared Thomas*,20,2021,Miami,19,30,24,4,5,0,0,1,4,0,0,5,9,0.208,0.367,0.333,0.7,8,,1,0,0,0,,player.fcgi?id=thomas004jar
Alex Toral*,22,2021,Miami,54,201,163,19,43,7,0,7,29,0,1,34,51,0.264,0.398,0.436,0.834,71,,3,0,1,5,,player.fcgi?id=toral-000ale
Anthony Vilar*,22,2021,Miami,54,251,207,40,57,9,0,5,28,1,1,37,44,0.275,0.398,0.391,0.789,81,,5,2,0,0,,player.fcgi?id=vilar-000hen
Ben Wanger*,24,2021,Miami,8,4,2,1,0,0,0,0,0,0,0,1,1,0,0.5,0,0.5,0,,1,0,0,0,,player.fcgi?id=wanger000ben
Jacob Burke,21,2022,Miami,60,259,222,59,77,13,2,13,58,10,2,23,48,0.347,0.425,0.599,1.024,133,4,10,0,4,1,,player.fcgi?id=burke-005jac
Lorenzo Carrier,19,2022,Miami,15,46,36,10,9,2,1,2,9,0,0,9,12,0.25,0.413,0.528,0.941,19,1,1,0,0,0,,player.fcgi?id=carrie000lor
Ariel Garcia,20,2022,Miami,32,72,62,12,19,0,0,5,14,0,0,9,24,0.306,0.389,0.548,0.937,34,1,0,0,1,0,,player.fcgi?id=garcia006ari
J.P. Gates*,22,2022,Miami,15,6,5,0,0,0,0,0,0,0,0,1,1,0,0.167,0,0.167,0,0,0,0,0,0,,player.fcgi?id=gates-000jp-
Dorian Gonzalez*,19,2022,Miami,44,181,156,32,41,7,0,2,21,1,3,21,33,0.263,0.354,0.346,0.7,54,3,2,0,2,0,,player.fcgi?id=gonzal000dor
Renzo Gonzalez*,19,2022,Miami,34,70,58,12,14,2,1,2,7,1,1,8,20,0.241,0.353,0.414,0.767,24,4,2,2,0,0,,player.fcgi?id=gonzal006ren
Gaby Gutierrez,19,2022,Miami,47,105,85,18,21,3,0,4,15,0,0,18,30,0.247,0.379,0.424,0.802,36,1,0,2,0,0,,player.fcgi?id=gutier003gab
JD Jones,19,2022,Miami,19,20,17,6,5,0,0,0,1,0,0,3,4,0.294,0.4,0.294,0.694,5,0,0,0,0,0,,player.fcgi?id=jones-000jd-
CJ Kayfus*,20,2022,Miami,60,287,238,64,87,12,1,8,51,16,4,38,36,0.366,0.46,0.525,0.985,125,2,7,0,4,0,,player.fcgi?id=kayfus000cj-
Zach Levenson,20,2022,Miami,51,157,130,28,39,5,2,7,28,0,0,17,35,0.3,0.42,0.531,0.951,69,3,10,0,0,0,,player.fcgi?id=levins001zac
Jacoby Long,20,2022,Miami,45,54,48,12,12,1,0,1,5,6,0,4,10,0.25,0.315,0.333,0.648,16,1,1,0,1,0,,player.fcgi?id=long--004jac
Yohandy Morales,20,2022,Miami,60,280,240,65,79,17,3,18,59,6,1,34,60,0.329,0.411,0.65,1.061,156,1,2,0,4,6,,player.fcgi?id=morale000yoh
Carlos Perez,20,2022,Miami,22,57,47,3,9,3,0,1,5,0,0,7,13,0.191,0.298,0.319,0.617,15,1,1,0,2,0,,player.fcgi?id=perez-033car
Dominic Pitelli*,20,2022,Miami,60,254,221,39,55,10,0,8,45,9,4,26,59,0.249,0.335,0.403,0.737,89,4,4,0,3,1,,player.fcgi?id=pitell000dom
Max Romero*,21,2022,Miami,59,259,217,41,59,15,0,12,54,0,0,34,67,0.272,0.378,0.507,0.885,110,6,5,0,3,0,,player.fcgi?id=romero002max
Mike Rosario*,21,2022,Miami,37,98,81,14,18,2,1,0,4,1,0,15,27,0.222,0.357,0.272,0.629,22,0,2,0,0,0,,player.fcgi?id=rosari000mik
Edgardo Villegas*,19,2022,Miami,50,206,164,37,43,12,0,6,30,3,0,31,48,0.262,0.405,0.445,0.85,73,3,9,1,1,0,,player.fcgi?id=villeg000edg
Henry Wallen*,21,2022,Miami,32,65,46,5,10,2,0,1,7,0,0,12,15,0.217,0.415,0.326,0.741,15,1,5,0,2,0,,player.fcgi?id=wallen000hen
Lorenzo Carrier,20,2023,Miami,32,86,75,14,19,4,2,4,20,0,0,9,25,0.253,0.326,0.52,0.846,39,0,0,0,2,0,,player.fcgi?id=carrie000lor
Blake Cyr,19,2023,Miami,60,248,200,50,61,12,0,17,63,0,2,37,70,0.305,0.427,0.62,1.047,124,2,8,0,3,1,,player.fcgi?id=cyr---000bla
Ian Farrow,20,2023,Miami,40,130,110,25,32,4,2,7,21,1,0,14,39,0.291,0.385,0.555,0.939,61,1,4,0,2,0,,player.fcgi?id=farrow000ian
Ariel Garcia,21,2023,Miami,12,19,15,0,3,0,0,0,0,0,0,3,7,0.2,0.333,0.2,0.533,3,1,0,1,0,0,,player.fcgi?id=garcia006ari
Dario Gomez,23,2023,Miami,52,128,114,17,29,4,0,1,13,1,1,9,22,0.254,0.317,0.316,0.633,36,3,2,2,1,0,,player.fcgi?id=gomez-001dar
Dorian Gonzalez*,20,2023,Miami,53,106,88,17,17,3,0,3,15,0,0,13,27,0.193,0.305,0.33,0.634,29,0,2,1,2,0,,player.fcgi?id=gonzal000dor
Renzo Gonzalez*,20,2023,Miami,41,98,87,9,28,2,0,2,11,0,0,8,25,0.322,0.385,0.414,0.799,36,1,1,2,0,0,,player.fcgi?id=gonzal006ren
Gaby Gutierrez,20,2023,Miami,25,43,40,5,10,1,0,1,4,0,0,2,10,0.25,0.302,0.35,0.652,14,0,1,0,0,0,,player.fcgi?id=gutier003gab
JD Jones,20,2023,Miami,11,13,10,3,3,0,0,0,1,0,0,1,2,0.3,0.462,0.3,0.762,3,0,2,0,0,0,,player.fcgi?id=jones-000jd-
CJ Kayfus*,21,2023,Miami,62,289,236,61,82,14,1,13,41,8,4,46,44,0.347,0.464,0.581,1.044,137,4,6,0,1,2,,player.fcgi?id=kayfus000cj-
Zach Levenson,21,2023,Miami,63,277,233,45,68,17,1,14,45,4,2,35,52,0.292,0.397,0.554,0.951,129,1,7,0,2,3,,player.fcgi?id=levins001zac
Jacoby Long,21,2023,Miami,51,75,64,23,20,3,0,3,9,4,0,9,20,0.313,0.413,0.5,0.913,32,0,2,0,0,0,,player.fcgi?id=long--004jac
Kaden Martin*,19,2023,Miami,2,3,3,0,0,0,0,0,0,0,0,0,2,0,0,0,0,0,0,0,0,0,0,,player.fcgi?id=martin000kad
Yohandy Morales,21,2023,Miami,61,278,240,58,98,13,0,20,70,7,3,30,55,0.408,0.475,0.713,1.187,171,9,4,0,4,9,,player.fcgi?id=morale000yoh
Carlos Perez,21,2023,Miami,58,200,167,33,35,3,1,13,31,1,0,18,58,0.21,0.316,0.473,0.789,79,2,9,4,2,0,,player.fcgi?id=perez-033car
Dominic Pitelli*,21,2023,Miami,63,274,238,45,70,14,1,13,54,10,4,26,61,0.294,0.38,0.525,0.905,125,4,8,0,2,0,,player.fcgi?id=pitell000dom
Jack Scanlon*,22,2023,Miami,27,54,43,6,6,2,0,1,5,0,0,6,16,0.14,0.315,0.256,0.571,11,3,5,0,0,0,,player.fcgi?id=scanlo001jac
Jason Torres,19,2023,Miami,18,38,36,10,17,3,1,3,11,0,0,1,7,0.472,0.5,0.861,1.361,31,4,1,0,0,0,,player.fcgi?id=torres002jas
Edgardo Villegas*,20,2023,Miami,60,248,193,49,51,9,1,7,27,3,1,42,52,0.264,0.419,0.43,0.849,83,2,11,0,2,0,,player.fcgi?id=villeg000edg
Lorenzo Carrier,21,2024,Miami,48,170,139,30,34,13,0,5,18,1,0,23,51,0.245,0.376,0.446,0.823,62,1,7,0,1,0,,player.fcgi?id=carrie000lor
Lucas Costello,22,2024,Miami,51,195,168,25,40,4,0,7,25,3,0,18,36,0.238,0.328,0.387,0.715,65,2,5,3,1,0,,player.fcgi?id=costel000luc
Daniel Cuvet,19,2024,Miami,57,266,231,52,81,15,1,24,75,2,0,26,63,0.351,0.429,0.736,1.165,170,4,7,0,2,5,,player.fcgi?id=cuvet-000dan
Blake Cyr,20,2024,Miami,25,117,95,22,27,3,0,7,21,3,2,16,27,0.284,0.397,0.537,0.933,51,2,3,1,2,0,,player.fcgi?id=cyr---000bla
Eric Fernandez*,19,2024,Miami,10,17,15,3,2,1,0,0,1,0,0,2,6,0.133,0.235,0.2,0.435,3,0,0,0,0,0,,player.fcgi?id=fernan003eri
Dorian Gonzalez*,21,2024,Miami,56,256,228,34,69,17,0,8,48,1,3,24,34,0.303,0.367,0.482,0.85,110,7,1,0,3,0,,player.fcgi?id=gonzal000dor
A.J. Goytia,18,2024,Miami,11,12,10,4,4,0,0,0,1,0,0,2,3,0.4,0.5,0.4,0.9,4,0,0,0,0,0,,player.fcgi?id=goytia000aj-
Gaby Gutierrez,21,2024,Miami,25,34,31,5,7,1,0,1,3,0,0,2,11,0.226,0.273,0.355,0.628,11,0,0,1,0,0,,player.fcgi?id=gutier003gab
Antonio Jimenez,20,2024,Miami,45,122,99,20,18,7,0,2,12,3,0,17,36,0.182,0.3,0.313,0.613,31,1,1,2,3,0,,player.fcgi?id=jimene008ant
Jake Kulikowski*,19,2024,Miami,37,77,63,10,13,4,0,2,8,0,1,12,24,0.206,0.338,0.365,0.703,23,1,1,0,1,0,,player.fcgi?id=kuliko000jak
Jacoby Long,22,2024,Miami,53,198,175,37,53,11,1,4,24,10,2,15,21,0.303,0.371,0.446,0.816,78,4,5,1,2,1,,player.fcgi?id=long--004jac
Carlos Perez,22,2024,Miami,34,116,95,14,21,6,0,2,15,2,1,14,29,0.221,0.33,0.347,0.678,33,1,2,4,1,0,,player.fcgi?id=perez-033car
Jack Scanlon*,23,2024,Miami,45,154,126,25,36,9,0,7,24,0,0,19,41,0.286,0.412,0.524,0.936,66,2,8,1,0,0,,player.fcgi?id=scanlo001jac
Jason Torres,20,2024,Miami,39,174,157,30,52,7,0,8,32,0,0,10,46,0.331,0.385,0.529,0.914,83,5,5,0,2,1,,player.fcgi?id=torres002jas
J.D. Urso,23,2024,Miami,39,142,110,17,24,3,0,4,18,1,1,26,28,0.218,0.374,0.355,0.729,39,2,2,3,1,0,,player.fcgi?id=urso--000jd-
Edgardo Villegas*,21,2024,Miami,55,254,192,52,51,14,1,3,30,2,1,48,27,0.266,0.425,0.396,0.82,76,2,8,2,4,1,,player.fcgi?id=villeg000edg
Adrian Areizaga,19,2025,Miami,8,7,5,1,0,0,0,0,0,1,0,1,2,0,0.286,0,0.286,0,1,1,0,0,0,,player.fcgi?id=areiza000adr
Daniel Cuvet,20,2025,Miami,61,269,226,56,84,20,1,18,84,6,1,30,51,0.372,0.45,0.708,1.158,160,4,7,0,6,8,,player.fcgi?id=cuvet-000dan
Amaury De Jesus*,19,2025,Miami,3,4,3,1,1,1,0,0,0,0,0,1,2,0.333,0.5,0.667,1.167,2,0,0,0,0,0,,player.fcgi?id=dejesu000ama
Brandon DeGoti,19,2025,Miami,24,42,32,4,3,1,0,2,4,1,0,6,15,0.094,0.275,0.313,0.588,10,0,2,2,0,0,,player.fcgi?id=degoti000bra
Max Galvin*,22,2025,Miami,60,253,230,52,72,18,0,8,37,9,1,19,27,0.313,0.372,0.496,0.867,114,1,3,0,1,0,,player.fcgi?id=galvin000max
Dorian Gonzalez*,22,2025,Miami,62,268,230,40,59,13,0,11,56,7,2,26,40,0.257,0.338,0.457,0.795,105,8,5,2,5,0,,player.fcgi?id=gonzal000dor
Renzo Gonzalez*,22,2025,Miami,47,138,113,17,26,2,0,1,11,0,2,17,30,0.23,0.341,0.274,0.615,31,6,3,3,2,0,,player.fcgi?id=gonzal006ren
Gaby Gutierrez,22,2025,Miami,36,36,32,4,5,1,0,2,6,0,0,3,12,0.156,0.25,0.375,0.625,12,0,1,0,0,0,,player.fcgi?id=gutier003gab
Todd Hudson,21,2025,Miami,21,68,58,8,15,1,0,1,8,2,0,5,17,0.259,0.368,0.328,0.695,19,1,5,0,0,0,,player.fcgi?id=hudson003tod
Nolan Johnson,19,2025,Miami,12,16,11,2,5,0,0,0,2,2,0,3,4,0.455,0.625,0.455,1.08,5,0,2,0,0,0,,player.fcgi?id=johnso006nol
Jake Kulikowski*,20,2025,Miami,24,38,29,6,8,3,0,0,3,0,2,8,8,0.276,0.447,0.379,0.827,11,0,1,0,0,0,,player.fcgi?id=kuliko000jak
Bobby Marsh*,22,2025,Miami,46,168,151,22,37,9,1,7,39,0,0,7,36,0.245,0.304,0.457,0.761,69,0,7,0,3,0,,player.fcgi?id=marsh-000bob
Jake Ogden,21,2025,Miami,62,284,250,63,84,14,0,9,36,13,0,23,41,0.336,0.402,0.5,0.902,125,2,6,3,2,1,,player.fcgi?id=ogden-000jak
Fabio Peralta*,19,2025,Miami,59,197,172,26,41,5,0,2,13,10,0,14,40,0.238,0.316,0.302,0.618,52,2,6,4,1,0,,player.fcgi?id=peralt000fab
Ethan Puig,19,2025,Miami,15,27,20,2,2,0,0,0,1,0,0,5,5,0.1,0.296,0.1,0.396,2,1,1,0,1,0,,player.fcgi?id=puig--000eth
Tanner Smith,22,2025,Miami,55,209,166,26,42,10,1,5,25,3,1,32,49,0.253,0.385,0.416,0.801,69,2,5,4,2,0,,player.fcgi?id=smith-010tan
Evan Taveras,19,2025,Miami,39,85,71,11,10,5,0,3,9,0,0,11,24,0.141,0.282,0.338,0.62,24,1,3,0,0,0,,player.fcgi?id=tavera000eva
Michael Torres*,19,2025,Miami,51,166,134,28,31,3,0,1,14,1,0,23,32,0.231,0.35,0.276,0.626,37,1,2,6,1,0,,player.fcgi?id=torres004mic
Derek Williams,22,2025,Miami,43,160,139,34,44,11,0,9,22,10,4,14,31,0.317,0.396,0.59,0.986,82,1,5,1,1,0,,player.fcgi?id=willia005der
Charlie Bates*,19,2025,Stanford,25,97,89,18,24,4,3,1,7,5,2,5,19,0.27,0.32,0.416,0.735,37,3,2,0,1,1,,player.fcgi?id=bates-014cha
Temo Becerra,22,2025,Stanford,52,220,185,27,61,11,2,1,37,4,3,16,28,0.33,0.384,0.427,0.811,79,6,4,9,6,1,,player.fcgi?id=becerr000tem
Brett Blair,22,2025,Stanford,12,11,9,3,3,0,0,0,1,0,0,2,1,0.333,0.455,0.333,0.788,3,0,0,0,0,0,,player.fcgi?id=blair-000bre
Saborn Campbell,22,2025,Stanford,7,7,5,2,0,0,0,0,0,0,0,2,2,0,0.286,0,0.286,0,0,0,0,0,0,,player.fcgi?id=campbe000sab
Sebastian David,20,2025,Stanford,4,4,4,0,1,0,0,0,0,0,0,0,1,0.25,0.25,0.25,0.5,1,0,0,0,0,0,,player.fcgi?id=david-000seb
Trevor Haskins,22,2025,Stanford,51,244,221,46,72,13,0,14,42,0,3,12,32,0.326,0.37,0.575,0.945,127,6,6,1,4,1,,player.fcgi?id=haskin000tre
Ethan Hott,21,2025,Stanford,39,137,117,19,40,8,1,3,25,3,1,10,19,0.342,0.414,0.504,0.918,59,1,5,4,1,0,,player.fcgi?id=hott--000eth
Brandon Larson*,21,2025,Stanford,26,90,80,12,22,4,0,3,14,1,0,6,22,0.275,0.344,0.438,0.782,35,1,3,0,1,0,,player.fcgi?id=larson003bra
Luke Lavin*,21,2025,Stanford,27,76,62,11,15,0,0,3,9,0,0,12,14,0.242,0.36,0.387,0.747,24,0,0,1,1,0,,player.fcgi?id=lavin-001luk
Cort MacDonald*,21,2025,Stanford,24,87,76,10,16,3,0,0,7,0,0,10,19,0.211,0.299,0.25,0.549,19,2,0,0,1,0,,player.fcgi?id=macdon001cor
Tatum Marsh,20,2025,Stanford,50,212,175,47,66,13,2,3,25,4,6,11,24,0.377,0.459,0.526,0.985,92,4,19,3,4,1,,player.fcgi?id=marsh-000tat
JJ Moran,19,2025,Stanford,14,29,27,3,7,1,0,1,3,0,0,1,9,0.259,0.31,0.407,0.718,11,0,1,0,0,0,,player.fcgi?id=moran-000jj-
Jimmy Nati,21,2025,Stanford,52,229,203,45,61,9,0,16,50,1,5,15,48,0.3,0.367,0.581,0.948,118,3,8,0,3,0,,player.fcgi?id=nati--000jim
Brady Reynolds*,20,2025,Stanford,45,184,157,37,48,9,2,8,27,2,3,19,51,0.306,0.402,0.541,0.944,85,3,7,0,1,1,,player.fcgi?id=reynol003bra
Jake Sapien,22,2025,Stanford,7,15,12,1,1,0,0,0,1,0,0,1,5,0.083,0.154,0.083,0.237,1,0,0,2,0,0,,player.fcgi?id=sapien000jak
Rintaro Sasaki*,20,2025,Stanford,52,236,201,24,54,8,0,7,41,1,1,25,47,0.269,0.377,0.413,0.79,83,3,10,0,0,0,,player.fcgi?id=sasaki000rin
Charlie Saum,21,2025,Stanford,43,173,144,24,34,7,0,4,19,0,0,20,45,0.236,0.345,0.368,0.713,53,5,5,2,2,0,,player.fcgi?id=saum--000cha
Gabe Springer#,21,2025,Stanford,6,5,4,0,1,0,0,0,0,0,0,1,2,0.25,0.4,0.25,0.65,1,0,0,0,0,0,,player.fcgi?id=spring000gab
Tyler Albert?,--,2014,Pittsburgh,21,26,22,2,3,1,0,0,0,0,0,3,5,0.136,0.269,0.182,0.451,4,,1,0,0,0,,player.fcgi?id=albert000tyl
P.J. DeMeo,19,2014,Pittsburgh,12,14,13,0,1,0,0,0,0,0,0,1,6,0.077,0.143,0.077,0.22,1,,0,0,0,0,,player.fcgi?id=demeo-000pj-
Jordan Frabasilio,--,2014,Pittsburgh,49,187,164,22,37,8,0,2,14,3,1,13,50,0.226,0.293,0.311,0.604,51,,4,3,3,2,,player.fcgi?id=frabas000jor
Eric Hess*,21,2014,Pittsburgh,51,179,145,18,38,5,0,1,16,2,2,17,42,0.262,0.36,0.317,0.678,46,,7,7,3,0,,player.fcgi?id=hess--000eri
Matt Johnson?,--,2014,Pittsburgh,51,207,172,24,39,7,0,0,19,5,1,20,21,0.227,0.33,0.267,0.597,46,,8,4,3,1,,player.fcgi?id=johnso012mat
A.J. Lardo?,--,2014,Pittsburgh,36,82,69,17,16,0,0,0,4,8,1,9,13,0.232,0.346,0.232,0.578,16,,3,1,0,0,,player.fcgi?id=lardo-000aj-
Caleb Parry?,--,2014,Pittsburgh,26,68,57,3,10,1,1,0,2,0,1,7,13,0.175,0.288,0.228,0.516,13,,2,2,0,0,,player.fcgi?id=parry-002cal
Manny Pazos,19,2014,Pittsburgh,44,133,105,12,15,3,0,0,12,2,1,16,33,0.143,0.264,0.171,0.435,18,,2,8,2,0,,player.fcgi?id=pazos-000man
Casey Roche,22,2014,Pittsburgh,52,230,202,26,55,11,2,3,30,6,5,18,34,0.272,0.354,0.391,0.745,79,,8,1,1,1,,player.fcgi?id=roche-000cas
Steven Shelinsky?,--,2014,Pittsburgh,45,157,132,12,31,9,0,3,24,2,0,13,42,0.235,0.333,0.371,0.705,49,,8,1,3,0,,player.fcgi?id=shelin000ste
Boo Vazquez*,21,2014,Pittsburgh,52,225,195,28,48,8,2,6,39,2,1,18,32,0.246,0.312,0.4,0.712,78,,3,4,5,0,,player.fcgi?id=vazque002nic
Stephen Vranka?,--,2014,Pittsburgh,52,251,213,40,57,13,5,2,22,7,4,33,40,0.268,0.376,0.404,0.78,86,,4,1,0,1,,player.fcgi?id=vranka000ste
Dylan Wolsonovich,21,2014,Pittsburgh,51,224,181,30,46,6,0,0,25,5,1,28,34,0.254,0.372,0.287,0.659,52,,7,6,2,0,,player.fcgi?id=wolson000dyl
Nick Yarnall*,19,2014,Pittsburgh,40,75,58,10,14,2,0,0,7,1,0,12,19,0.241,0.392,0.276,0.668,16,,3,1,1,1,,player.fcgi?id=yarnal000nic
P.J. DeMeo,20,2015,Pittsburgh,16,30,26,3,2,0,0,1,3,0,0,2,9,0.077,0.167,0.192,0.359,5,,1,0,1,0,,player.fcgi?id=demeo-000pj-
Matt Emge,21,2015,Pittsburgh,6,8,8,1,1,0,0,0,1,0,0,0,5,0.125,0.125,0.125,0.25,1,,0,0,0,0,,player.fcgi?id=emge--000mat
Jordan Frabasilio,--,2015,Pittsburgh,48,196,164,19,40,7,1,6,20,4,4,20,36,0.244,0.34,0.409,0.749,67,,6,2,4,0,,player.fcgi?id=frabas000jor
Eric Hess*,22,2015,Pittsburgh,49,192,157,18,33,5,1,1,15,4,0,25,31,0.21,0.328,0.274,0.602,43,,3,6,1,0,,player.fcgi?id=hess--000eri
Alex Kowalczyk,21,2015,Pittsburgh,49,204,179,25,47,10,0,3,27,2,1,16,28,0.263,0.335,0.369,0.704,66,,5,1,3,0,,player.fcgi?id=kowalc000ale
Charles Leblanc,19,2015,Pittsburgh,51,231,196,31,57,12,3,3,30,6,5,21,46,0.291,0.37,0.429,0.799,84,,6,4,4,2,,player.fcgi?id=leblan000cha
Frank Maldonado,20,2015,Pittsburgh,42,150,128,21,24,1,5,5,16,5,3,8,45,0.188,0.3,0.391,0.691,50,,13,0,1,0,,player.fcgi?id=maldon000fra
Jawan McAllister,19,2015,Pittsburgh,10,4,4,1,0,0,0,0,0,1,1,0,2,0,0,0,0,0,,0,0,0,0,,player.fcgi?id=mcalli000jaw
Caleb Parry?,--,2015,Pittsburgh,9,29,26,1,7,4,0,0,1,0,0,1,4,0.269,0.286,0.423,0.709,11,,0,1,1,0,,player.fcgi?id=parry-002cal
Manny Pazos,20,2015,Pittsburgh,37,120,101,7,22,5,2,0,11,1,2,9,26,0.218,0.274,0.307,0.581,31,,0,7,3,0,,player.fcgi?id=pazos-000man
Aaron Schnurbusch*,21,2015,Pittsburgh,51,205,175,32,48,11,5,3,26,14,8,21,45,0.274,0.368,0.446,0.813,78,,6,1,2,1,,player.fcgi?id=schnur000aar
Ron Sherman,22,2015,Pittsburgh,46,168,151,25,35,8,4,3,26,2,2,10,47,0.232,0.293,0.397,0.691,60,,4,1,2,1,,player.fcgi?id=sherma000ron
Boo Vazquez*,22,2015,Pittsburgh,38,158,137,17,39,7,1,5,27,3,2,13,25,0.285,0.355,0.46,0.815,63,,3,3,2,0,,player.fcgi?id=vazque002nic
Jacob Wright*,21,2015,Pittsburgh,49,231,174,33,49,6,1,0,11,15,5,41,47,0.282,0.442,0.328,0.77,57,,10,5,1,2,,player.fcgi?id=wright004jac
Nick Yarnall*,20,2015,Pittsburgh,34,111,88,21,29,6,2,4,15,2,1,15,23,0.33,0.436,0.58,1.016,51,,4,1,3,0,,player.fcgi?id=yarnal000nic
Yaya Chentouf,19,2016,Pittsburgh,29,40,33,6,7,0,0,0,6,4,0,5,12,0.212,0.325,0.212,0.537,7,,1,0,1,0,,player.fcgi?id=chento000yay
P.J. DeMeo,21,2016,Pittsburgh,20,42,34,4,9,2,1,1,6,1,0,4,10,0.265,0.359,0.471,0.83,16,,1,3,0,0,,player.fcgi?id=demeo-000pj-
Alex Griffith,19,2016,Pittsburgh,9,12,10,0,1,0,0,0,0,0,0,2,5,0.1,0.25,0.1,0.35,1,,0,0,0,0,,player.fcgi?id=griffi000ale
Matt Johnson?,--,2016,Pittsburgh,36,124,96,15,19,2,1,0,7,2,2,9,28,0.198,0.328,0.24,0.567,23,,10,8,1,0,,player.fcgi?id=johnso012mat
Alex Kowalczyk,22,2016,Pittsburgh,49,219,181,37,57,17,1,9,45,3,1,20,30,0.315,0.409,0.569,0.978,103,,11,4,3,2,,player.fcgi?id=kowalc000ale
Charles Leblanc,20,2016,Pittsburgh,49,235,195,45,79,9,3,2,46,7,1,30,29,0.405,0.494,0.513,1.006,100,,5,4,1,3,,player.fcgi?id=leblan000cha
Frank Maldonado,21,2016,Pittsburgh,49,215,185,29,61,5,7,1,25,5,3,14,26,0.33,0.415,0.449,0.864,83,,13,3,0,0,,player.fcgi?id=maldon000fra
Jawan McAllister,20,2016,Pittsburgh,10,8,7,2,1,0,0,0,1,0,0,1,1,0.143,0.25,0.143,0.393,1,,0,0,0,0,,player.fcgi?id=mcalli000jaw
Joe McHugh?,--,2016,Pittsburgh,10,13,11,1,1,0,0,0,0,0,0,1,6,0.091,0.231,0.091,0.322,1,,1,0,0,0,,player.fcgi?id=mchugh002joe
Caleb Parry?,--,2016,Pittsburgh,42,159,141,22,39,8,0,2,22,2,2,13,22,0.277,0.338,0.376,0.714,53,,0,5,0,1,,player.fcgi?id=parry-002cal
Manny Pazos,21,2016,Pittsburgh,25,80,65,10,10,2,1,0,3,0,2,13,16,0.154,0.313,0.215,0.528,14,,2,0,0,0,,player.fcgi?id=pazos-000man
Aaron Schnurbusch*,22,2016,Pittsburgh,46,175,141,32,34,7,1,5,19,8,3,28,42,0.241,0.382,0.411,0.793,58,,4,2,0,0,,player.fcgi?id=schnur000aar
Ron Sherman,23,2016,Pittsburgh,39,153,131,22,37,5,5,6,27,1,2,19,40,0.282,0.379,0.534,0.913,70,,2,0,1,0,,player.fcgi?id=sherma000ron
Jacob Wright*,22,2016,Pittsburgh,50,232,179,43,42,8,2,3,25,12,4,36,34,0.235,0.374,0.352,0.726,63,,7,5,5,0,,player.fcgi?id=wright004jac
David Yanni*,19,2016,Pittsburgh,50,190,159,23,36,9,1,1,18,3,0,23,32,0.226,0.333,0.314,0.648,50,,4,1,3,0,,player.fcgi?id=yanni-000dav
Nick Yarnall*,21,2016,Pittsburgh,48,211,162,31,50,7,0,11,39,6,0,34,28,0.309,0.439,0.556,0.995,90,,6,6,3,1,,player.fcgi?id=yarnal000nic
Alex Amos,19,2017,Pittsburgh,53,217,158,40,48,7,0,0,17,2,2,35,34,0.304,0.456,0.348,0.804,55,,11,11,2,0,,player.fcgi?id=amos--000ale
Nick Banman*,21,2017,Pittsburgh,52,225,188,29,39,9,1,8,33,0,0,33,53,0.207,0.327,0.394,0.721,74,,1,2,1,0,,player.fcgi?id=banman000nic
Yaya Chentouf,20,2017,Pittsburgh,40,137,118,14,27,3,0,0,5,6,2,9,41,0.229,0.311,0.254,0.565,30,,5,5,0,0,,player.fcgi?id=chento000yay
P.J. DeMeo,22,2017,Pittsburgh,53,216,195,20,40,15,1,3,27,0,0,12,51,0.205,0.264,0.338,0.602,66,,5,0,4,0,,player.fcgi?id=demeo-000pj-
Alex Griffith,20,2017,Pittsburgh,25,63,51,6,7,1,0,0,4,0,0,9,18,0.137,0.29,0.157,0.447,8,,2,1,0,1,,player.fcgi?id=griffi000ale
Kaylor Kulina?,--,2017,Pittsburgh,14,41,31,2,7,0,0,0,2,0,0,5,5,0.226,0.368,0.226,0.594,7,,2,3,0,0,,player.fcgi?id=kulina000kay
Frank Maldonado,22,2017,Pittsburgh,51,227,196,27,55,15,2,3,24,6,5,16,29,0.281,0.364,0.423,0.788,83,,11,2,2,0,,player.fcgi?id=maldon000fra
Sam Mersing,22,2017,Pittsburgh,26,1,1,0,0,0,0,0,0,0,0,0,1,0,0,0,0,0,,0,0,0,0,,player.fcgi?id=mersin000sam
Caleb Parry?,--,2017,Pittsburgh,53,242,209,33,58,11,2,7,47,4,2,20,34,0.278,0.36,0.45,0.81,94,,8,3,2,1,,player.fcgi?id=parry-002cal
Manny Pazos,22,2017,Pittsburgh,49,187,162,27,40,14,0,1,21,3,0,15,27,0.247,0.306,0.352,0.657,57,,0,7,3,0,,player.fcgi?id=pazos-000man
Nico Popa,19,2017,Pittsburgh,51,186,158,21,38,6,2,0,18,10,5,22,43,0.241,0.333,0.304,0.637,48,,0,6,0,0,,player.fcgi?id=popa--000nic
Jacob Wright*,23,2017,Pittsburgh,53,247,199,43,53,14,5,7,29,11,1,39,45,0.266,0.405,0.492,0.897,98,,8,0,1,0,,player.fcgi?id=wright004jac
David Yanni*,20,2017,Pittsburgh,6,27,22,1,6,1,0,0,5,0,0,4,7,0.273,0.385,0.318,0.703,7,,0,1,0,0,,player.fcgi?id=yanni-000dav
Zach Zientarski,--,2017,Pittsburgh,18,44,37,5,5,0,0,1,6,2,0,3,14,0.135,0.233,0.216,0.449,8,,2,1,1,0,,player.fcgi?id=zienta000zac
Danny Alvarez,--,2018,Pittsburgh,9,14,8,3,0,0,0,0,0,0,0,4,3,0,0.429,0,0.429,0,,2,0,0,0,,player.fcgi?id=alvare008dan
Alex Amos,20,2018,Pittsburgh,34,150,123,29,31,1,0,0,6,7,2,19,28,0.252,0.366,0.26,0.626,32,,3,5,0,0,,player.fcgi?id=amos--000ale
Nick Banman*,22,2018,Pittsburgh,53,205,175,16,34,9,0,4,25,0,0,26,58,0.194,0.309,0.314,0.623,55,,3,1,0,0,,player.fcgi?id=banman000nic
Chris Cappas*,19,2018,Pittsburgh,40,113,94,16,28,4,1,0,15,7,1,10,16,0.298,0.37,0.362,0.732,34,,2,5,2,0,,player.fcgi?id=cappas000chr
Brian Gerber?,--,2018,Pittsburgh,4,5,5,3,2,0,1,0,1,0,0,0,2,0.4,0.4,0.8,1.2,4,,0,0,0,0,,player.fcgi?id=gerber000bri
Cole MacLaren,21,2018,Pittsburgh,55,217,165,21,33,6,0,0,21,0,1,39,27,0.2,0.37,0.236,0.606,39,,6,6,1,0,,player.fcgi?id=maclar000col
Frank Maldonado,23,2018,Pittsburgh,54,235,200,29,60,11,2,5,41,5,2,20,51,0.3,0.384,0.45,0.834,90,,9,3,3,0,,player.fcgi?id=maldon000fra
Michael McManus*,18,2018,Pittsburgh,3,4,1,1,0,0,0,0,1,0,0,2,0,0,0.5,0,0.5,0,,0,0,1,0,,player.fcgi?id=mcmanu003mic
Bryce O'Farrell,19,2018,Pittsburgh,16,46,41,6,7,1,0,0,0,0,0,5,14,0.171,0.261,0.195,0.456,8,,0,0,0,0,,player.fcgi?id=ofarre000bry
Caleb Parry?,--,2018,Pittsburgh,38,145,126,16,22,6,0,0,10,1,0,14,35,0.175,0.278,0.222,0.5,28,,4,1,0,1,,player.fcgi?id=parry-002cal
Connor Perry*,21,2018,Pittsburgh,49,172,137,22,26,6,2,0,9,3,3,30,49,0.19,0.341,0.263,0.604,36,,2,2,1,0,,player.fcgi?id=perry-001con
Nico Popa,20,2018,Pittsburgh,36,122,105,18,19,2,3,2,11,4,2,8,39,0.181,0.269,0.314,0.583,33,,5,3,1,0,,player.fcgi?id=popa--000nic
Liam Sabino,22,2018,Pittsburgh,55,256,210,39,60,17,0,16,44,18,4,36,79,0.286,0.396,0.595,0.991,125,,5,1,4,1,,player.fcgi?id=sabino000lia
Nico Samarkos,19,2018,Pittsburgh,5,4,3,0,1,0,1,0,2,0,0,1,0,0.333,0.5,1,1.5,3,,0,0,0,0,,player.fcgi?id=samark000nic
Ron Washington,19,2018,Pittsburgh,54,221,201,20,57,7,2,6,33,2,0,13,54,0.284,0.333,0.428,0.761,86,,3,2,2,1,,player.fcgi?id=washin002ron
David Yanni*,21,2018,Pittsburgh,55,251,195,36,45,9,2,5,36,2,1,43,48,0.231,0.378,0.374,0.752,73,,6,2,5,0,,player.fcgi?id=yanni-000dav
Alex Amos,21,2019,Pittsburgh,8,21,16,2,1,1,0,0,2,0,0,5,6,0.063,0.286,0.125,0.411,2,,0,0,0,0,,player.fcgi?id=amos--000ale
Andres Antonini#,19,2019,Pittsburgh,28,81,70,6,17,1,1,0,10,0,1,9,19,0.243,0.325,0.286,0.611,20,,0,1,1,0,,player.fcgi?id=antoni000and
Chris Cappas*,20,2019,Pittsburgh,39,42,39,4,6,0,0,0,1,0,0,2,3,0.154,0.214,0.154,0.368,6,,1,0,0,0,,player.fcgi?id=cappas000chr
Sky Duff*,19,2019,Pittsburgh,52,225,181,29,47,8,1,0,21,5,3,40,37,0.26,0.397,0.315,0.712,57,,2,1,1,1,,player.fcgi?id=duff--000sky
Kyle Hess*,20,2019,Pittsburgh,40,163,138,11,35,6,2,2,33,3,0,14,48,0.254,0.348,0.37,0.717,51,,7,2,2,0,,player.fcgi?id=hess--000kyl
Zach Klapak*,19,2019,Pittsburgh,35,88,70,11,16,5,0,2,17,0,0,14,28,0.229,0.375,0.386,0.761,27,,3,0,1,0,,player.fcgi?id=klapak000zac
Luca Lotito,18,2019,Pittsburgh,25,36,31,5,3,0,0,0,2,0,0,4,10,0.097,0.2,0.097,0.297,3,,0,1,0,0,,player.fcgi?id=lotito000luc
Cole MacLaren,22,2019,Pittsburgh,55,244,186,39,46,7,0,3,20,2,1,44,33,0.247,0.403,0.333,0.737,62,,6,6,2,1,,player.fcgi?id=maclar000col
JC Mendez,19,2019,Pittsburgh,18,25,21,5,6,1,0,2,8,0,0,3,8,0.286,0.375,0.619,0.994,13,,0,1,0,0,,player.fcgi?id=mendez000jc-
Bryce Moskiewicz,19,2019,Pittsburgh,5,6,3,2,1,1,0,0,1,0,0,2,0,0.333,0.667,0.667,1.333,2,,1,0,0,0,,player.fcgi?id=moskie000bry
Kris Navarro*,20,2019,Pittsburgh,2,2,1,0,0,0,0,0,0,0,0,0,0,0,0.5,0,0.5,0,,1,0,0,0,,player.fcgi?id=navarr000kri
Bryce O'Farrell,20,2019,Pittsburgh,53,215,173,26,46,10,0,2,30,1,2,24,37,0.266,0.383,0.358,0.742,62,,9,9,0,0,,player.fcgi?id=ofarre000bry
Connor Perry*,22,2019,Pittsburgh,55,250,211,57,61,13,1,15,35,9,1,31,63,0.289,0.386,0.573,0.96,121,,3,4,1,2,,player.fcgi?id=perry-001con
Nico Popa,21,2019,Pittsburgh,55,247,215,46,76,15,5,8,39,14,1,16,42,0.353,0.424,0.581,1.006,125,,12,2,2,1,,player.fcgi?id=popa--000nic
Greg Ryan,19,2019,Pittsburgh,47,142,125,10,29,6,1,1,10,2,1,12,45,0.232,0.319,0.32,0.639,40,,4,1,0,0,,player.fcgi?id=ryan--002gre
Nico Samarkos,20,2019,Pittsburgh,10,10,8,1,2,0,0,0,2,0,0,1,3,0.25,0.3,0.25,0.55,2,,0,0,1,0,,player.fcgi?id=samark000nic
Kris Soto,19,2019,Pittsburgh,18,37,30,6,7,1,0,1,4,0,1,5,10,0.233,0.378,0.367,0.745,11,,2,0,0,0,,player.fcgi?id=soto--000kri
Ron Washington,20,2019,Pittsburgh,39,177,144,23,44,17,0,2,19,0,2,26,40,0.306,0.429,0.465,0.895,67,,6,0,1,0,,player.fcgi?id=washin002ron
David Yanni*,22,2019,Pittsburgh,55,236,194,41,47,13,4,9,41,5,1,35,47,0.242,0.369,0.49,0.858,95,,5,0,2,1,,player.fcgi?id=yanni-000dav
Jordan Anderson,21,2020,Pittsburgh,16,75,63,10,13,3,1,0,2,6,1,8,13,0.206,0.311,0.286,0.597,18,,2,1,1,0,,player.fcgi?id=anders001jor
Cameron Barto#,19,2020,Pittsburgh,4,7,4,4,1,1,0,0,1,0,0,2,2,0.25,0.571,0.5,1.071,2,,1,0,0,0,,player.fcgi?id=barto-000cam
Adam Bloebaum*,19,2020,Pittsburgh,5,1,1,0,0,0,0,0,0,0,0,0,1,0,0,0,0,0,,0,0,0,0,,player.fcgi?id=bloeba000ada
Justin Clark?,--,2020,Pittsburgh,2,3,2,0,0,0,0,0,0,0,0,1,1,0,0.333,0,0.333,0,,0,0,0,0,,player.fcgi?id=clark-004jus
Sky Duff*,20,2020,Pittsburgh,16,70,49,10,15,4,0,1,9,0,0,19,15,0.306,0.507,0.449,0.956,22,,1,1,0,0,,player.fcgi?id=duff--000sky
Sam Frontino,22,2020,Pittsburgh,16,71,54,14,14,4,1,2,11,3,0,13,19,0.259,0.408,0.481,0.89,26,,2,0,2,0,,player.fcgi?id=fronti000sam
Kyle Hess*,21,2020,Pittsburgh,16,73,67,13,25,9,1,2,20,1,3,6,19,0.373,0.425,0.627,1.052,42,,0,0,0,1,,player.fcgi?id=hess--000kyl
Bryce Hulett*,21,2020,Pittsburgh,16,63,56,9,19,4,0,1,10,0,0,4,12,0.339,0.413,0.464,0.877,26,,3,0,0,0,,player.fcgi?id=hulett000bry
Nico Popa,22,2020,Pittsburgh,16,79,69,16,19,2,0,0,6,5,0,7,17,0.275,0.367,0.304,0.671,21,,3,0,0,0,,player.fcgi?id=popa--000nic
Nico Samarkos,21,2020,Pittsburgh,2,2,1,0,0,0,0,0,1,0,0,1,1,0,0.5,0,0.5,0,,0,0,0,0,,player.fcgi?id=samark000nic
Grant Santangelo*,--,2020,Pittsburgh,6,7,5,2,2,0,0,0,2,0,0,2,1,0.4,0.571,0.4,0.971,2,,0,0,0,0,,player.fcgi?id=santan000gra
Zion Spearman,19,2020,Pittsburgh,5,5,4,1,0,0,0,0,0,0,0,1,1,0,0.2,0,0.2,0,,0,0,0,0,,player.fcgi?id=spearm000zio
Nick Vera,--,2020,Pittsburgh,9,20,17,2,4,2,0,0,1,0,0,3,5,0.235,0.35,0.353,0.703,6,,0,0,0,0,,player.fcgi?id=vera--002nic
Riley Wash,21,2020,Pittsburgh,14,48,42,7,14,6,0,2,10,0,0,3,12,0.333,0.391,0.619,1.01,26,,1,2,0,0,,player.fcgi?id=wash--000ril
Ron Washington,21,2020,Pittsburgh,16,75,65,14,15,5,0,4,20,0,0,8,26,0.231,0.333,0.492,0.826,32,,2,0,0,0,,player.fcgi?id=washin002ron
David Yanni*,23,2020,Pittsburgh,15,75,60,15,18,6,0,1,14,2,0,11,20,0.3,0.4,0.45,0.85,27,,1,0,3,0,,player.fcgi?id=yanni-000dav
Jordan Anderson,22,2021,Pittsburgh,37,125,100,16,25,3,1,0,9,8,2,14,34,0.25,0.375,0.3,0.675,30,,6,5,0,0,,player.fcgi?id=anders001jor
Sky Duff*,21,2021,Pittsburgh,42,194,164,36,60,18,1,2,19,4,2,24,48,0.366,0.461,0.524,0.986,86,,5,1,0,0,,player.fcgi?id=duff--000sky
Brock Franks*,21,2021,Pittsburgh,42,164,138,16,30,9,0,1,12,2,1,14,45,0.217,0.308,0.304,0.613,42,,5,5,2,0,,player.fcgi?id=franks000bro
Sam Frontino,23,2021,Pittsburgh,24,69,58,6,8,2,1,0,2,0,1,9,18,0.138,0.265,0.207,0.472,12,,1,1,0,0,,player.fcgi?id=fronti000sam
C.J. Funk,19,2021,Pittsburgh,8,8,7,1,0,0,0,0,0,0,0,0,6,0,0.125,0,0.125,0,,1,0,0,0,,player.fcgi?id=funk--000cj-
Kyle Hess*,22,2021,Pittsburgh,43,199,175,29,46,11,3,5,33,3,3,14,56,0.263,0.337,0.446,0.782,78,,7,0,3,1,,player.fcgi?id=hess--000kyl
Bryce Hulett*,22,2021,Pittsburgh,43,184,154,17,38,8,1,3,27,2,1,24,55,0.247,0.364,0.37,0.734,57,,5,0,1,0,,player.fcgi?id=hulett000bry
Ramon Padilla,24,2021,Pittsburgh,22,43,39,5,9,2,0,1,5,0,0,2,9,0.231,0.262,0.359,0.621,14,,0,1,1,0,,player.fcgi?id=padill000ram
Jackson Phinney,20,2021,Pittsburgh,24,40,35,3,3,1,0,1,6,0,0,3,16,0.086,0.175,0.2,0.375,7,,1,0,1,0,,player.fcgi?id=phinne000jac
Dom Popa*,19,2021,Pittsburgh,12,8,6,4,0,0,0,0,0,0,0,1,3,0,0.25,0,0.25,0,,1,0,0,0,,player.fcgi?id=popa--000dom
Nico Popa,23,2021,Pittsburgh,43,202,179,33,56,6,0,9,28,12,2,13,59,0.313,0.381,0.497,0.878,89,,8,0,2,1,,player.fcgi?id=popa--000nic
Nico Samarkos,22,2021,Pittsburgh,1,1,1,0,0,0,0,0,0,0,0,0,1,0,0,0,0,0,,0,0,0,0,,player.fcgi?id=samark000nic
Matt Tarabek,23,2021,Pittsburgh,23,28,23,2,4,1,0,0,1,0,0,3,7,0.174,0.321,0.217,0.539,5,,2,0,0,0,,player.fcgi?id=tarabe000mat
Riley Wash,22,2021,Pittsburgh,23,76,67,6,12,1,0,0,3,0,0,8,20,0.179,0.267,0.194,0.461,13,,0,1,0,0,,player.fcgi?id=wash--000ril
Ron Washington,22,2021,Pittsburgh,43,191,171,27,50,8,0,8,30,2,1,16,47,0.292,0.346,0.48,0.825,82,,0,0,4,0,,player.fcgi?id=washin002ron
David Yanni*,24,2021,Pittsburgh,43,186,144,28,35,12,1,12,32,2,0,32,50,0.243,0.409,0.59,0.999,85,,9,0,1,2,,player.fcgi?id=yanni-000dav
Jack Anderson,22,2022,Pittsburgh,50,196,161,26,45,8,1,6,26,0,0,29,59,0.28,0.393,0.453,0.846,73,4,3,0,3,0,,player.fcgi?id=anders014jac
Jordan Anderson,23,2022,Pittsburgh,37,117,97,12,19,3,0,0,9,1,1,10,16,0.196,0.292,0.227,0.519,22,4,4,4,2,0,,player.fcgi?id=anders001jor
Cameron Barto#,21,2022,Pittsburgh,15,17,15,3,3,2,0,0,2,0,0,2,8,0.2,0.294,0.333,0.627,5,0,0,0,0,0,,player.fcgi?id=barto-000cam
Sky Duff*,22,2022,Pittsburgh,48,224,178,34,49,9,0,2,21,1,4,41,51,0.275,0.42,0.36,0.779,64,4,4,0,1,0,,player.fcgi?id=duff--000sky
Brock Franks*,22,2022,Pittsburgh,46,184,153,27,36,7,1,9,26,0,1,13,38,0.235,0.307,0.471,0.777,72,3,5,8,5,0,,player.fcgi?id=franks000bro
C.J. Funk,20,2022,Pittsburgh,46,189,141,35,42,9,3,5,24,2,2,41,51,0.298,0.476,0.511,0.987,72,2,7,0,0,0,,player.fcgi?id=funk--000cj-
Nick Giamarusti,19,2022,Pittsburgh,23,29,25,3,2,0,0,0,1,1,1,0,14,0.08,0.172,0.08,0.252,2,0,3,0,1,0,,player.fcgi?id=giamar000nic
Kyle Hess*,23,2022,Pittsburgh,29,118,100,22,33,7,1,8,24,3,1,11,15,0.33,0.432,0.66,1.092,66,1,7,0,0,0,,player.fcgi?id=hess--000kyl
Bryce Hulett*,23,2022,Pittsburgh,56,251,204,32,58,8,1,9,34,1,2,37,42,0.284,0.404,0.466,0.87,95,7,6,1,3,1,,player.fcgi?id=hulett000bry
Luke Lambert,19,2022,Pittsburgh,23,29,28,1,7,1,0,0,2,0,0,1,11,0.25,0.276,0.286,0.562,8,0,0,0,0,0,,player.fcgi?id=lamber001luk
Tatem Levins*,23,2022,Pittsburgh,56,260,212,43,68,8,3,16,53,0,1,33,31,0.321,0.435,0.613,1.048,130,6,12,0,3,3,,player.fcgi?id=levins000tat
Johnny Long,21,2022,Pittsburgh,14,30,24,3,3,1,0,0,5,1,0,5,6,0.125,0.3,0.167,0.467,4,1,1,0,0,0,,player.fcgi?id=long--004joh
Josh Overbeek#,19,2022,Pittsburgh,21,44,35,8,7,0,0,1,3,0,2,8,11,0.2,0.341,0.286,0.627,10,1,0,0,1,0,,player.fcgi?id=overbe000jos
Dom Popa*,20,2022,Pittsburgh,35,83,61,16,16,5,1,0,8,2,0,14,20,0.262,0.444,0.377,0.821,23,0,6,2,0,1,,player.fcgi?id=popa--000dom
Tommy Tavarez,20,2022,Pittsburgh,30,101,78,18,20,3,0,4,16,1,0,20,33,0.256,0.414,0.449,0.863,35,0,1,2,0,0,,player.fcgi?id=tavare000tom
Ron Washington,23,2022,Pittsburgh,48,207,174,35,48,10,0,15,42,4,2,25,65,0.276,0.382,0.592,0.974,103,2,6,0,2,0,,player.fcgi?id=washin002ron
Jeffrey Wehler,23,2022,Pittsburgh,53,255,221,48,65,17,3,4,37,10,2,28,39,0.294,0.381,0.452,0.833,100,4,3,3,0,0,,player.fcgi?id=wehler000jef
Justin Acal,22,2023,Pittsburgh,48,205,177,26,40,9,0,10,27,3,3,19,58,0.226,0.324,0.446,0.77,79,3,7,1,1,0,,player.fcgi?id=acal--000jus
Jack Anderson,23,2023,Pittsburgh,55,254,193,44,57,10,0,6,35,1,0,55,62,0.295,0.461,0.44,0.901,85,5,5,0,1,1,,player.fcgi?id=anders014jac
Cameron Barto#,22,2023,Pittsburgh,11,4,3,4,0,0,0,0,0,0,0,1,1,0,0.25,0,0.25,0,0,0,0,0,0,,player.fcgi?id=barto-000cam
Sky Duff*,23,2023,Pittsburgh,55,277,222,54,55,15,0,5,25,3,3,47,59,0.248,0.386,0.383,0.769,85,2,5,0,3,0,,player.fcgi?id=duff--000sky
C.J. Funk,21,2023,Pittsburgh,55,252,195,48,52,14,1,13,43,4,1,49,72,0.267,0.425,0.549,0.973,107,2,6,0,2,0,,player.fcgi?id=funk--000cj-
Brett Heckert,--,2023,Pittsburgh,27,30,30,2,9,3,1,1,7,0,0,0,10,0.3,0.3,0.567,0.867,17,1,0,0,0,0,,player.fcgi?id=hecker000bre
Kyle Hess*,24,2023,Pittsburgh,45,200,171,29,56,9,6,10,42,9,2,24,34,0.327,0.415,0.626,1.041,107,3,3,0,2,0,,player.fcgi?id=hess--000kyl
Anthony LaSala,19,2023,Pittsburgh,43,148,121,15,18,5,1,1,11,2,2,12,25,0.149,0.252,0.231,0.483,28,2,5,9,1,0,,player.fcgi?id=lasala002ant
Johnny Long,22,2023,Pittsburgh,31,106,92,14,23,0,0,2,12,2,0,8,22,0.25,0.343,0.315,0.658,29,1,5,1,0,0,,player.fcgi?id=long--004joh
Carlos Martinez*,19,2023,Pittsburgh,9,15,15,1,1,1,0,0,0,0,0,0,10,0.067,0.067,0.133,0.2,2,0,0,0,0,0,,player.fcgi?id=martin029car
Noah Martinez*,23,2023,Pittsburgh,55,260,206,52,63,13,0,13,53,2,0,50,41,0.306,0.442,0.558,1.001,115,4,2,0,2,2,,player.fcgi?id=martin002noa
Jayden Melendez,20,2023,Pittsburgh,35,129,111,17,29,2,0,10,22,1,0,11,28,0.261,0.359,0.55,0.909,61,0,6,1,0,0,,player.fcgi?id=melend000jay
AJ Nessler*,19,2023,Pittsburgh,27,123,99,11,29,4,3,2,28,2,0,19,22,0.293,0.407,0.455,0.861,45,1,2,0,3,0,,player.fcgi?id=nessle000aj-
Dom Popa*,21,2023,Pittsburgh,39,116,89,19,17,3,0,2,10,2,0,20,27,0.191,0.357,0.292,0.649,26,0,3,4,0,0,,player.fcgi?id=popa--000dom
Caleb Sturtevant,19,2023,Pittsburgh,25,47,41,8,9,2,1,0,1,2,0,4,18,0.22,0.304,0.317,0.621,13,0,1,1,0,0,,player.fcgi?id=sturte000cal
Tommy Tavarez,21,2023,Pittsburgh,28,100,88,8,16,7,0,0,8,1,0,7,36,0.182,0.273,0.261,0.534,23,1,4,1,0,0,,player.fcgi?id=tavare000tom
Chris Baker*,25,2024,Pittsburgh,11,10,10,0,0,0,0,0,0,0,0,0,2,0,0,0,0,0,0,0,0,0,0,,player.fcgi?id=baker-009chr
Tyler Bischke,23,2024,Pittsburgh,55,236,200,29,57,14,0,2,32,1,1,29,49,0.285,0.38,0.385,0.765,77,6,3,2,2,0,,player.fcgi?id=bischk000tyl
Keeton Burroughs,19,2024,Pittsburgh,21,38,34,8,8,1,0,0,2,0,1,3,4,0.235,0.297,0.265,0.562,9,1,0,1,0,0,,player.fcgi?id=burrou000kee
Luke Cantwell*,21,2024,Pittsburgh,55,266,186,49,62,10,0,10,44,1,1,57,40,0.333,0.515,0.548,1.063,102,5,18,0,5,0,,player.fcgi?id=cantwe001luk
Justin Fogel*,23,2024,Pittsburgh,54,224,194,36,58,11,0,5,36,0,0,24,22,0.299,0.383,0.433,0.816,84,9,3,2,1,0,,player.fcgi?id=fogel-000jus
C.J. Funk,22,2024,Pittsburgh,55,246,208,49,56,9,0,11,46,1,0,31,64,0.269,0.378,0.471,0.849,98,7,6,0,1,0,,player.fcgi?id=funk--000cj-
Turner Grau*,23,2024,Pittsburgh,40,101,87,17,22,5,0,1,16,2,0,12,21,0.253,0.34,0.345,0.685,30,2,0,1,1,0,,player.fcgi?id=grau--000tur
Jake Kendro,21,2024,Pittsburgh,50,198,165,27,41,5,0,7,27,0,1,25,68,0.248,0.367,0.406,0.773,67,2,6,2,0,0,,player.fcgi?id=kendro000jak
Anthony LaSala,20,2024,Pittsburgh,20,29,22,5,6,0,0,1,6,1,0,3,2,0.273,0.429,0.409,0.838,9,1,3,1,0,0,,player.fcgi?id=lasala002ant
Jayden Melendez,21,2024,Pittsburgh,55,250,201,44,44,4,0,16,44,1,0,38,47,0.219,0.365,0.478,0.843,96,6,9,1,1,0,,player.fcgi?id=melend000jay
Sebastian Pisacreta,20,2024,Pittsburgh,19,48,38,11,9,2,0,2,9,0,0,10,16,0.237,0.396,0.447,0.843,17,0,0,0,0,0,,player.fcgi?id=pisacr000seb
Dom Popa*,22,2024,Pittsburgh,55,251,206,49,72,13,2,1,26,6,3,26,37,0.35,0.455,0.447,0.902,92,5,14,5,0,0,,player.fcgi?id=popa--000dom
Josh Spiegel,24,2024,Pittsburgh,31,110,94,16,34,7,1,8,31,0,0,5,24,0.362,0.427,0.713,1.14,67,2,8,0,3,1,,player.fcgi?id=spiege000jos
Jonah St. Antoine*,19,2024,Pittsburgh,17,30,24,3,5,1,0,0,3,0,1,3,7,0.208,0.367,0.25,0.617,6,0,3,0,0,0,,player.fcgi?id=stanto000jon
Austyn Winkleblech,19,2024,Pittsburgh,13,3,2,6,0,0,0,0,0,2,0,1,2,0,0.333,0,0.333,0,0,0,0,0,0,,player.fcgi?id=winkle001aus
Ryan Zuckerman,19,2024,Pittsburgh,50,197,165,33,44,4,1,9,31,3,2,30,61,0.267,0.386,0.467,0.852,77,1,2,0,0,0,,player.fcgi?id=zucker001rya
Keeton Burroughs,20,2025,Pittsburgh,21,20,19,8,2,1,0,0,4,3,0,0,6,0.105,0.15,0.158,0.308,3,0,1,0,0,0,,player.fcgi?id=burrou000kee
Luke Cantwell*,22,2025,Pittsburgh,55,272,200,45,64,18,1,6,45,6,0,55,39,0.32,0.482,0.51,0.992,102,6,12,0,5,4,,player.fcgi?id=cantwe001luk
Lorenzo Carrier,22,2025,Pittsburgh,36,161,127,25,34,5,0,7,34,2,0,26,55,0.268,0.404,0.472,0.876,60,1,5,0,3,1,,player.fcgi?id=carrie000lor
Jackson Cooke,21,2025,Pittsburgh,33,59,49,7,10,2,0,6,17,0,0,6,19,0.204,0.322,0.612,0.934,30,1,3,0,1,0,,player.fcgi?id=cooke-002jac
Logan Duffy*,21,2025,Pittsburgh,15,41,34,6,6,1,0,0,2,0,0,4,16,0.176,0.256,0.206,0.462,7,0,0,2,1,0,,player.fcgi?id=duffy-000log
Caden Dulin,21,2025,Pittsburgh,49,218,184,40,62,14,0,4,29,2,1,26,24,0.337,0.421,0.478,0.9,88,10,3,2,3,0,,player.fcgi?id=dulin-000cad
Julian Irizarry*,19,2025,Pittsburgh,22,58,46,6,14,0,1,0,6,1,1,8,13,0.304,0.418,0.348,0.766,16,2,1,3,0,0,,player.fcgi?id=irizar001jul
Jake Kendro,22,2025,Pittsburgh,48,144,118,19,23,7,0,2,13,3,0,14,37,0.195,0.308,0.305,0.613,36,1,7,1,4,0,,player.fcgi?id=kendro000jak
Anthony LaSala,21,2025,Pittsburgh,21,31,23,8,3,1,0,0,3,2,0,3,4,0.13,0.31,0.174,0.484,4,0,3,2,0,0,,player.fcgi?id=lasala002ant
Jayden Melendez,22,2025,Pittsburgh,54,237,189,36,41,6,0,7,30,0,1,31,57,0.217,0.364,0.36,0.724,68,4,14,1,2,0,,player.fcgi?id=melend000jay
Gavin Miller,21,2025,Pittsburgh,32,89,77,13,17,1,0,0,13,1,0,7,26,0.221,0.326,0.234,0.56,18,1,5,0,0,0,,player.fcgi?id=miller000gav
AJ Nessler*,21,2025,Pittsburgh,55,255,207,43,67,10,1,5,44,8,2,36,23,0.324,0.439,0.454,0.893,94,2,9,0,3,2,,player.fcgi?id=nessle000aj-
David Pedanou,22,2025,Pittsburgh,47,180,150,38,39,3,2,2,20,22,0,21,58,0.26,0.374,0.347,0.721,52,1,7,1,1,0,,player.fcgi?id=pedano000dav
Sebastian Pisacreta,21,2025,Pittsburgh,50,204,166,33,41,9,0,8,34,0,0,28,45,0.247,0.371,0.446,0.817,74,3,6,2,2,0,,player.fcgi?id=pisacr000seb
Derrick Tarpley,19,2025,Pittsburgh,16,41,31,3,5,2,0,0,4,0,0,4,6,0.161,0.3,0.226,0.526,7,0,3,1,2,0,,player.fcgi?id=tarple000der
Ryan Zuckerman,20,2025,Pittsburgh,55,255,220,48,65,16,1,13,48,3,1,24,86,0.295,0.382,0.555,0.936,122,2,8,1,2,0,,player.fcgi?id=zucker001rya
Tom Bourdon*,19,2011,Boston College,49,165,152,20,44,7,0,1,17,6,4,6,34,0.289,0.317,0.355,0.672,54,,1,4,2,,,player.fcgi?id=bourdo001tho
Matt Demitroff?,--,2011,Boston College,2,2,2,0,0,0,0,0,0,0,0,0,0,0,0,0,0,0,,0,0,0,,,player.fcgi?id=demitr000mat
Jimmy Dowdell,20,2011,Boston College,6,10,8,0,1,0,0,0,1,0,0,2,3,0.125,0.3,0.125,0.425,1,,0,0,0,,,player.fcgi?id=dowdel000jim
Koury Hajjar?,--,2011,Boston College,3,3,3,0,1,0,0,0,0,0,0,0,2,0.333,0.333,0.333,0.667,1,,0,0,0,,,player.fcgi?id=hajjar000kou
Matt Hamlet,22,2011,Boston College,45,155,140,15,37,4,1,0,12,1,3,12,28,0.264,0.327,0.307,0.634,43,,1,2,0,,,player.fcgi?id=hamlet000mat
John Hennessy*,19,2011,Boston College,13,22,21,1,2,0,0,0,0,0,1,1,9,0.095,0.136,0.095,0.232,2,,0,0,0,,,player.fcgi?id=hennes004joh
Nate LaPointe,19,2011,Boston College,20,43,39,5,11,1,0,1,8,1,1,3,14,0.282,0.349,0.385,0.733,15,,1,0,0,,,player.fcgi?id=lapoin000nat
Jim Laufer?,--,2011,Boston College,16,20,18,1,2,1,0,0,1,0,0,1,8,0.111,0.2,0.167,0.367,3,,1,0,0,,,player.fcgi?id=laufer000jim
Andrew Lawrence*,22,2011,Boston College,48,159,144,22,39,9,2,5,24,2,2,8,31,0.271,0.329,0.465,0.794,67,,5,1,1,,,player.fcgi?id=lawren003and
Matt McGovern*,20,2011,Boston College,34,139,124,21,46,4,3,1,18,5,3,8,13,0.371,0.412,0.476,0.888,59,,2,3,2,,,player.fcgi?id=mcgove000mat
Anthony Melchionda,21,2011,Boston College,49,205,181,21,55,17,3,1,34,3,3,24,26,0.304,0.385,0.448,0.833,81,,0,0,0,,,player.fcgi?id=melchi000ant
Philip Miclat?,--,2011,Boston College,2,3,3,0,1,0,0,0,0,0,0,0,0,0.333,0.333,0.333,0.667,1,,0,0,0,,,player.fcgi?id=miclat000phi
Rob Moir*,21,2011,Boston College,21,27,26,2,3,0,0,1,3,1,0,1,10,0.115,0.148,0.231,0.379,6,,0,0,0,,,player.fcgi?id=moir--000rob
Matt Paré*,20,2011,Boston College,28,114,87,10,18,2,0,0,11,0,0,21,22,0.207,0.395,0.23,0.625,20,,6,0,0,,,player.fcgi?id=pare--000mat
Spenser Payne?,--,2011,Boston College,31,42,33,3,8,1,0,1,5,1,1,7,10,0.242,0.405,0.364,0.768,12,,2,0,0,,,player.fcgi?id=payne-000spe
Marc Perdios?,--,2011,Boston College,41,157,135,20,36,10,2,0,11,3,3,18,38,0.267,0.355,0.37,0.725,50,,1,2,1,,,player.fcgi?id=perdio000mar
Kyle Prohovich?,--,2011,Boston College,38,46,41,6,8,0,0,1,3,0,0,4,14,0.195,0.283,0.268,0.551,11,,1,0,0,,,player.fcgi?id=prohov000kyl
Garret Smith,22,2011,Boston College,48,186,180,19,48,17,0,0,17,0,0,3,23,0.267,0.285,0.361,0.646,65,,2,0,1,,,player.fcgi?id=smith-009gar
Mike Sudol?,--,2011,Boston College,44,165,145,13,28,7,3,1,13,0,3,17,33,0.193,0.285,0.303,0.588,44,,2,0,1,,,player.fcgi?id=sudol-000mik
Brad Zapenas,21,2011,Boston College,50,223,192,31,44,10,1,1,18,4,4,25,35,0.229,0.321,0.307,0.629,59,,2,2,2,,,player.fcgi?id=zapena000bra
Tom Bourdon*,20,2012,Boston College,55,265,244,38,79,18,1,10,37,4,6,16,53,0.324,0.367,0.529,0.896,129,,2,1,2,1,,player.fcgi?id=bourdo001tho
Blake Butera,19,2012,Boston College,53,232,195,32,52,10,1,3,29,4,2,31,25,0.267,0.368,0.374,0.743,73,,1,4,1,0,,player.fcgi?id=butera000bla
Travis Ferrick,20,2012,Boston College,27,75,68,11,13,4,0,0,5,0,0,6,20,0.191,0.257,0.25,0.507,17,,0,1,0,0,,player.fcgi?id=ferric000tra
John Gorman,20,2012,Boston College,25,7,6,1,0,0,0,0,1,0,0,1,2,0,0.143,0,0.143,0,,0,0,0,0,,player.fcgi?id=gorman000joh
John Hennessy*,20,2012,Boston College,44,147,118,15,32,1,0,1,14,3,3,20,31,0.271,0.396,0.305,0.701,36,,5,3,1,0,,player.fcgi?id=hennes004joh
Tyler Hinchliffe*,--,2012,Boston College,37,74,62,12,22,3,1,0,10,1,0,10,11,0.355,0.452,0.435,0.888,27,,1,1,0,0,,player.fcgi?id=hinchl000tyl
Nate LaPointe,20,2012,Boston College,16,41,37,7,10,4,0,2,8,0,0,3,12,0.27,0.341,0.541,0.882,20,,1,0,0,0,,player.fcgi?id=lapoin000nat
Andrew Lawrence*,23,2012,Boston College,48,195,178,22,48,6,2,3,22,4,3,13,29,0.27,0.32,0.376,0.696,67,,1,1,2,0,,player.fcgi?id=lawren003and
Matt McGovern*,21,2012,Boston College,41,157,135,21,32,6,2,1,18,5,3,17,19,0.237,0.331,0.333,0.665,45,,2,3,0,0,,player.fcgi?id=mcgove000mat
Anthony Melchionda,22,2012,Boston College,53,239,210,39,65,17,0,6,35,4,0,23,33,0.31,0.389,0.476,0.865,100,,5,0,1,0,,player.fcgi?id=melchi000ant
Rob Moir*,22,2012,Boston College,51,189,179,26,52,15,3,1,20,4,2,5,48,0.291,0.317,0.425,0.742,76,,3,0,2,0,,player.fcgi?id=moir--000rob
Geoff Murphy,19,2012,Boston College,22,2,2,0,0,0,0,0,0,0,0,0,1,0,0,0,0,0,,0,0,0,0,,player.fcgi?id=murphy003geo
Matt Paré*,21,2012,Boston College,50,185,146,27,37,8,1,4,22,0,1,24,39,0.253,0.411,0.404,0.815,59,,15,0,0,1,,player.fcgi?id=pare--000mat
Spenser Payne?,--,2012,Boston College,51,198,172,20,42,7,1,6,24,0,2,20,55,0.244,0.33,0.401,0.731,69,,3,1,2,2,,player.fcgi?id=payne-000spe
Marc Perdios?,--,2012,Boston College,48,179,153,31,44,14,0,1,22,6,2,15,35,0.288,0.366,0.399,0.764,61,,5,4,2,0,,player.fcgi?id=perdio000mar
Tom Bourdon*,21,2013,Boston College,35,148,139,12,31,7,0,0,7,4,0,7,27,0.223,0.257,0.273,0.53,38,,0,0,2,0,,player.fcgi?id=bourdo001tho
Blake Butera,20,2013,Boston College,50,228,188,25,45,8,1,0,9,2,4,30,26,0.239,0.36,0.293,0.653,55,,6,3,1,1,,player.fcgi?id=butera000bla
Nick Colucci,20,2013,Boston College,7,1,1,1,0,0,0,0,0,0,0,0,0,0,0,0,0,0,,0,0,0,0,,player.fcgi?id=colucc000nic
Joe Cronin,19,2013,Boston College,46,187,152,19,28,11,0,0,7,2,3,29,44,0.184,0.321,0.257,0.577,39,,2,3,1,0,,player.fcgi?id=cronin000joe
Jimmy Dowdell,22,2013,Boston College,28,63,58,8,15,2,1,1,6,2,0,4,9,0.259,0.317,0.379,0.697,22,,1,0,0,0,,player.fcgi?id=dowdel000jim
Travis Ferrick,21,2013,Boston College,34,94,85,6,13,1,0,0,10,0,0,6,15,0.153,0.213,0.165,0.377,14,,1,0,2,0,,player.fcgi?id=ferric000tra
John Hennessy*,21,2013,Boston College,47,201,173,20,43,8,2,0,17,2,3,23,39,0.249,0.35,0.318,0.668,55,,4,1,0,0,,player.fcgi?id=hennes004joh
Gabriel Hernandez#,19,2013,Boston College,45,167,147,12,31,5,0,0,15,9,2,14,49,0.211,0.287,0.245,0.531,36,,2,3,1,0,,player.fcgi?id=hernan005gab
Tyler Hinchliffe*,--,2013,Boston College,8,5,5,0,1,0,0,0,0,0,0,0,1,0.2,0.2,0.2,0.4,1,,0,0,0,0,,player.fcgi?id=hinchl000tyl
Logan Hoggarth,20,2013,Boston College,49,183,169,11,32,9,0,0,13,3,1,13,40,0.189,0.246,0.243,0.489,41,,0,0,1,0,,player.fcgi?id=hoggar000log
Nate LaPointe,21,2013,Boston College,14,34,33,2,4,1,0,0,3,0,0,1,9,0.121,0.147,0.152,0.299,5,,0,0,0,0,,player.fcgi?id=lapoin000nat
Matt McGovern*,22,2013,Boston College,42,158,131,10,22,3,0,1,9,7,2,23,17,0.168,0.297,0.214,0.511,28,,1,3,0,0,,player.fcgi?id=mcgove000mat
Geoff Murphy,20,2013,Boston College,4,14,14,3,4,0,1,0,1,0,0,0,6,0.286,0.286,0.429,0.714,6,,0,0,0,0,,player.fcgi?id=murphy003geo
Matt Paré*,22,2013,Boston College,42,172,146,21,37,6,0,4,21,0,0,15,24,0.253,0.366,0.377,0.743,55,,11,0,0,0,,player.fcgi?id=pare--000mat
Stephen Sauter#,19,2013,Boston College,40,134,115,11,26,6,0,1,9,1,0,16,25,0.226,0.318,0.304,0.623,35,,0,2,1,0,,player.fcgi?id=sauter000ste
Chris Shaw*,19,2013,Boston College,50,188,164,13,27,5,0,6,19,0,0,17,34,0.165,0.266,0.305,0.571,50,,6,0,1,3,,player.fcgi?id=shaw--000chr
Johnny Adams,19,2014,Boston College,39,155,130,13,29,3,0,0,12,1,2,16,24,0.223,0.32,0.246,0.566,32,,3,5,1,0,,player.fcgi?id=adams-009joh
Tom Bourdon*,22,2014,Boston College,53,227,204,16,50,8,0,2,26,4,1,12,28,0.245,0.29,0.314,0.604,64,,3,3,5,1,,player.fcgi?id=bourdo001tho
Blake Butera,21,2014,Boston College,55,254,208,35,56,10,0,1,16,8,1,29,24,0.269,0.399,0.332,0.731,69,,16,1,0,0,,player.fcgi?id=butera000bla
Nick Colucci,21,2014,Boston College,29,80,70,7,13,1,1,0,1,3,0,5,16,0.186,0.26,0.229,0.488,16,,2,3,0,0,,player.fcgi?id=colucc000nic
Joe Cronin,20,2014,Boston College,54,237,203,31,59,16,2,1,25,2,4,26,40,0.291,0.372,0.404,0.776,82,,2,3,3,0,,player.fcgi?id=cronin000joe
Luke Fernandes,20,2014,Boston College,22,4,4,0,0,0,0,0,0,0,0,0,0,0,0,0,0,0,,0,0,0,0,,player.fcgi?id=fernan000luk
Travis Ferrick,22,2014,Boston College,12,16,16,1,2,0,0,0,0,0,0,0,4,0.125,0.125,0.125,0.25,2,,0,0,0,0,,player.fcgi?id=ferric000tra
John Hennessy*,22,2014,Boston College,55,241,206,27,42,4,1,1,10,4,2,25,38,0.204,0.298,0.248,0.545,51,,3,6,1,0,,player.fcgi?id=hennes004joh
Gabriel Hernandez#,20,2014,Boston College,50,213,182,23,44,4,1,1,14,10,5,24,33,0.242,0.337,0.291,0.628,53,,2,5,0,0,,player.fcgi?id=hernan005gab
Tyler Hinchliffe*,--,2014,Boston College,29,29,26,0,5,0,0,0,0,0,0,2,4,0.192,0.276,0.192,0.468,5,,1,0,0,0,,player.fcgi?id=hinchl000tyl
Logan Hoggarth,21,2014,Boston College,28,100,93,7,22,4,0,0,12,2,2,7,28,0.237,0.29,0.28,0.57,26,,0,0,0,0,,player.fcgi?id=hoggar000log
Nate LaPointe,22,2014,Boston College,2,5,4,0,1,1,0,0,0,0,0,1,1,0.25,0.4,0.5,0.9,2,,0,0,0,0,,player.fcgi?id=lapoin000nat
Geoff Murphy,21,2014,Boston College,13,39,35,2,6,2,0,0,4,0,2,3,10,0.171,0.256,0.229,0.485,8,,1,0,0,1,,player.fcgi?id=murphy003geo
Stephen Sauter#,20,2014,Boston College,26,90,81,2,16,4,0,0,9,0,0,7,16,0.198,0.261,0.247,0.508,20,,0,2,0,0,,player.fcgi?id=sauter000ste
Nick Sciortino,18,2014,Boston College,36,122,104,9,20,2,0,0,4,1,2,12,18,0.192,0.288,0.212,0.5,22,,2,4,0,0,,player.fcgi?id=sciort000nic
Chris Shaw*,20,2014,Boston College,55,239,207,25,68,18,0,6,45,1,1,21,38,0.329,0.393,0.502,0.896,104,,5,0,6,5,,player.fcgi?id=shaw--000chr
Michael Strem,19,2014,Boston College,31,109,93,11,22,13,0,0,14,1,1,13,29,0.237,0.327,0.376,0.703,35,,0,2,1,0,,player.fcgi?id=strem-000mic
Jesse Adams*,21,2015,Boston College,20,3,3,0,1,0,0,0,0,0,0,0,0,0.333,0.333,0.333,0.667,1,,0,0,0,0,,player.fcgi?id=adams-000jes
Johnny Adams,20,2015,Boston College,53,205,172,28,41,7,2,1,21,10,5,21,35,0.238,0.33,0.32,0.65,55,,3,8,1,0,,player.fcgi?id=adams-009joh
Mitch Bigras*,18,2015,Boston College,14,38,35,7,9,2,1,0,4,0,0,1,14,0.257,0.289,0.371,0.661,13,,1,0,1,0,,player.fcgi?id=bigras000mit
Scott Braren*,--,2015,Boston College,16,33,31,4,6,0,0,1,4,0,0,2,5,0.194,0.242,0.29,0.533,9,,0,0,0,0,,player.fcgi?id=braren000sco
Blake Butera,22,2015,Boston College,49,217,183,23,52,9,1,2,29,10,2,22,20,0.284,0.37,0.377,0.747,69,,6,1,5,1,,player.fcgi?id=butera000bla
Donovan Casey,19,2015,Boston College,46,180,168,23,50,7,2,1,20,6,2,9,28,0.298,0.341,0.381,0.722,64,,2,1,0,0,,player.fcgi?id=casey-000don
Nick Colucci,22,2015,Boston College,17,21,20,3,3,2,0,0,3,2,0,0,8,0.15,0.15,0.25,0.4,5,,0,1,0,0,,player.fcgi?id=colucc000nic
Joe Cronin,21,2015,Boston College,47,197,166,25,37,9,1,4,20,0,1,24,46,0.223,0.335,0.361,0.696,60,,4,3,0,1,,player.fcgi?id=cronin000joe
Travis Ferrick,23,2015,Boston College,14,9,9,0,0,0,0,0,0,0,0,0,2,0,0,0,0,0,,0,0,0,0,,player.fcgi?id=ferric000tra
Gabriel Hernandez#,21,2015,Boston College,30,99,86,15,18,3,0,1,9,4,3,11,29,0.209,0.299,0.279,0.578,24,,0,2,0,0,,player.fcgi?id=hernan005gab
Logan Hoggarth,22,2015,Boston College,49,189,170,17,51,7,0,0,12,5,1,15,34,0.3,0.362,0.341,0.703,58,,2,1,1,0,,player.fcgi?id=hoggar000log
Anthony Maselli*,19,2015,Boston College,8,16,12,4,3,1,0,1,6,0,0,4,6,0.25,0.438,0.583,1.021,7,,0,0,0,0,,player.fcgi?id=masell000ant
Geoff Murphy,22,2015,Boston College,18,6,6,0,1,0,0,0,0,0,0,0,2,0.167,0.167,0.167,0.333,1,,0,0,0,0,,player.fcgi?id=murphy003geo
Jake Palomaki#,19,2015,Boston College,50,222,166,37,48,8,0,2,17,15,8,46,23,0.289,0.447,0.373,0.82,62,,2,7,1,0,,player.fcgi?id=paloma000jak
Stephen Sauter#,21,2015,Boston College,35,118,103,16,28,3,1,1,17,1,0,13,22,0.272,0.35,0.35,0.7,36,,0,1,1,1,,player.fcgi?id=sauter000ste
Nick Sciortino,19,2015,Boston College,44,171,153,16,36,8,1,0,21,4,1,14,36,0.235,0.304,0.301,0.604,46,,1,3,0,0,,player.fcgi?id=sciort000nic
Chris Shaw*,21,2015,Boston College,40,168,144,25,46,9,0,11,43,0,0,20,26,0.319,0.411,0.611,1.022,88,,3,0,1,8,,player.fcgi?id=shaw--000chr
Michael Strem,20,2015,Boston College,54,241,206,30,61,21,1,2,28,6,2,29,40,0.296,0.379,0.437,0.816,90,,1,1,4,1,,player.fcgi?id=strem-000mic
Jesse Adams*,22,2016,Boston College,26,8,8,0,2,0,0,0,0,0,1,0,1,0.25,0.25,0.25,0.5,2,,0,0,0,0,,player.fcgi?id=adams-000jes
Johnny Adams,21,2016,Boston College,55,226,203,33,58,17,0,1,26,6,2,17,37,0.286,0.345,0.384,0.73,78,,2,3,1,0,,player.fcgi?id=adams-009joh
Jake Alu*,19,2016,Boston College,10,6,4,5,2,1,0,0,0,0,0,2,0,0.5,0.667,0.75,1.417,3,,0,0,0,0,,player.fcgi?id=alu---000jak
Connor Bacon*,--,2016,Boston College,5,9,9,0,0,0,0,0,1,0,0,0,4,0,0,0,0,0,,0,0,0,0,,player.fcgi?id=bacon-000con
Chris Balogh*,21,2016,Boston College,26,38,32,1,7,1,0,0,1,1,0,5,9,0.219,0.342,0.25,0.592,8,,1,0,0,0,,player.fcgi?id=balogh000chr
Mitch Bigras*,19,2016,Boston College,46,133,115,14,30,5,0,1,14,3,0,13,34,0.261,0.353,0.33,0.684,38,,4,0,1,0,,player.fcgi?id=bigras000mit
Scott Braren*,--,2016,Boston College,29,91,78,10,26,4,0,1,16,0,0,10,14,0.333,0.422,0.423,0.845,33,,2,1,0,1,,player.fcgi?id=braren000sco
Donovan Casey,20,2016,Boston College,36,140,121,23,33,6,1,1,14,4,1,13,26,0.273,0.348,0.364,0.711,44,,2,2,2,1,,player.fcgi?id=casey-000don
Joe Cronin,22,2016,Boston College,57,251,210,33,56,16,3,4,36,11,3,35,48,0.267,0.375,0.429,0.804,90,,2,3,1,1,,player.fcgi?id=cronin000joe
Carmen Giampetruzzi,19,2016,Boston College,4,1,1,0,0,0,0,0,0,0,0,0,0,0,0,0,0,0,,0,0,0,0,,player.fcgi?id=giampe000car
Dominic Hardaway,19,2016,Boston College,29,52,48,8,9,3,0,0,4,4,1,2,17,0.188,0.22,0.25,0.47,12,,0,2,0,0,,player.fcgi?id=hardaw000dom
Gabriel Hernandez#,22,2016,Boston College,48,125,100,13,22,4,0,2,7,6,0,15,23,0.22,0.331,0.32,0.651,32,,2,7,1,0,,player.fcgi?id=hernan005gab
Logan Hoggarth,23,2016,Boston College,53,185,161,21,45,3,0,2,20,10,1,18,24,0.28,0.355,0.335,0.691,54,,2,2,2,0,,player.fcgi?id=hoggar000log
Gian Martellini,19,2016,Boston College,38,119,107,11,24,3,1,2,14,0,0,7,28,0.224,0.294,0.327,0.621,35,,4,0,1,0,,player.fcgi?id=martel000gia
Anthony Maselli*,20,2016,Boston College,18,52,44,6,10,1,1,1,6,0,0,8,17,0.227,0.346,0.364,0.71,16,,0,0,0,0,,player.fcgi?id=masell000ant
Jake Palomaki#,20,2016,Boston College,57,270,213,46,55,9,0,0,25,19,7,42,37,0.258,0.4,0.3,0.7,64,,9,5,1,0,,player.fcgi?id=paloma000jak
Stephen Sauter#,22,2016,Boston College,26,81,71,6,14,2,0,2,8,1,0,9,24,0.197,0.288,0.31,0.597,22,,0,1,0,0,,player.fcgi?id=sauter000ste
Nick Sciortino,20,2016,Boston College,48,201,166,22,45,7,0,2,22,1,2,20,35,0.271,0.372,0.349,0.722,58,,8,5,2,0,,player.fcgi?id=sciort000nic
Michael Strem,21,2016,Boston College,57,254,219,30,66,13,1,1,32,7,7,24,47,0.301,0.377,0.384,0.76,84,,3,7,1,1,,player.fcgi?id=strem-000mic
Johnny Adams,22,2017,Boston College,53,215,180,26,38,10,1,1,20,11,2,22,46,0.211,0.309,0.294,0.604,53,,4,8,1,1,,player.fcgi?id=adams-009joh
Jake Alu*,20,2017,Boston College,49,188,166,24,55,9,0,0,23,12,4,15,22,0.331,0.384,0.386,0.769,64,,1,3,3,1,,player.fcgi?id=alu---000jak
Dante Baldelli,19,2017,Boston College,33,72,59,7,5,1,0,0,3,3,1,8,28,0.085,0.236,0.102,0.338,6,,4,0,1,0,,player.fcgi?id=baldel000dan
Chris Balogh*,22,2017,Boston College,19,27,24,1,5,1,0,0,4,0,1,3,10,0.208,0.296,0.25,0.546,6,,0,0,0,0,,player.fcgi?id=balogh000chr
Mitch Bigras*,20,2017,Boston College,53,207,178,19,37,5,0,2,28,6,3,22,53,0.208,0.3,0.27,0.569,48,,3,0,4,0,,player.fcgi?id=bigras000mit
Scott Braren*,--,2017,Boston College,8,31,25,5,7,1,0,0,1,2,0,6,5,0.28,0.419,0.32,0.739,8,,0,0,0,0,,player.fcgi?id=braren000sco
Donovan Casey,21,2017,Boston College,53,231,199,39,57,7,1,2,20,12,4,24,32,0.286,0.37,0.362,0.731,72,,4,1,3,0,,player.fcgi?id=casey-000don
Jack Cunningham*,19,2017,Boston College,28,27,24,4,7,0,0,0,1,0,0,2,9,0.292,0.346,0.292,0.638,7,,0,1,0,0,,player.fcgi?id=cunnin002jac
Brian Dempsey,20,2017,Boston College,49,168,142,19,37,2,0,0,12,4,5,14,24,0.261,0.348,0.275,0.622,39,,5,7,0,1,,player.fcgi?id=dempse000bri
Jake Goodreau*,19,2017,Boston College,5,11,10,0,1,1,0,0,0,0,0,0,7,0.1,0.182,0.2,0.382,2,,1,0,0,0,,player.fcgi?id=goodre000jak
Dominic Hardaway,20,2017,Boston College,16,16,14,4,4,0,0,0,0,2,0,1,9,0.286,0.333,0.286,0.619,4,,0,1,0,0,,player.fcgi?id=hardaw000dom
Gian Martellini,20,2017,Boston College,52,214,192,28,58,14,2,5,35,0,0,18,58,0.302,0.364,0.474,0.838,91,,2,0,2,0,,player.fcgi?id=martel000gia
Anthony Maselli*,21,2017,Boston College,24,69,59,8,12,2,0,0,8,5,0,8,20,0.203,0.304,0.237,0.542,14,,1,0,1,0,,player.fcgi?id=masell000ant
Jake Palomaki#,21,2017,Boston College,40,171,128,28,36,6,1,2,17,7,2,31,21,0.281,0.446,0.391,0.836,50,,7,5,0,0,,player.fcgi?id=paloma000jak
Aaron Soucy,--,2017,Boston College,14,37,32,4,3,1,0,0,0,0,0,3,18,0.094,0.216,0.125,0.341,4,,2,0,0,0,,player.fcgi?id=soucy-000aar
Michael Strem,22,2017,Boston College,52,230,198,24,49,11,1,2,38,9,0,27,36,0.247,0.333,0.343,0.677,68,,0,2,3,1,,player.fcgi?id=strem-000mic
Jacob Yish,19,2017,Boston College,26,85,78,8,21,1,0,1,11,3,2,4,22,0.269,0.318,0.321,0.638,25,,2,0,1,0,,player.fcgi?id=yish--000jac
Jake Alu*,21,2018,Boston College,49,204,176,25,38,8,1,2,19,5,4,17,33,0.216,0.29,0.307,0.597,54,,3,4,4,1,,player.fcgi?id=alu---000jak
Connor Bacon*,--,2018,Boston College,3,3,1,0,0,0,0,0,0,0,0,2,1,0,0.667,0,0.667,0,,0,0,0,0,,player.fcgi?id=bacon-000con
Dante Baldelli,20,2018,Boston College,49,223,183,29,43,5,0,1,21,19,2,25,52,0.235,0.359,0.279,0.638,51,,11,3,1,0,,player.fcgi?id=baldel000dan
Mitch Bigras*,21,2018,Boston College,33,87,73,8,9,1,0,1,5,1,0,10,28,0.123,0.247,0.178,0.425,13,,2,2,0,0,,player.fcgi?id=bigras000mit
Scott Braren*,--,2018,Boston College,36,136,117,11,23,4,0,1,11,0,2,17,24,0.197,0.296,0.256,0.553,30,,0,1,1,1,,player.fcgi?id=braren000sco
Jack Cunningham*,20,2018,Boston College,46,201,173,24,42,9,0,0,34,8,4,19,47,0.243,0.34,0.295,0.635,51,,7,1,1,0,,player.fcgi?id=cunnin002jac
Reyce Curnane*,19,2018,Boston College,2,2,1,0,0,0,0,0,1,0,0,0,1,0,0,0,0,0,,0,0,1,0,,player.fcgi?id=curnan000rey
Brian Dempsey,21,2018,Boston College,49,203,163,17,52,3,0,0,20,7,5,23,25,0.319,0.414,0.337,0.751,55,,4,12,1,1,,player.fcgi?id=dempse000bri
Chris Galland,20,2018,Boston College,48,201,171,36,54,10,2,0,18,28,3,19,35,0.316,0.403,0.398,0.801,68,,6,5,0,0,,player.fcgi?id=gallan000chr
Jake Goodreau*,20,2018,Boston College,21,57,50,2,10,4,0,0,6,0,0,7,21,0.2,0.298,0.28,0.578,14,,0,0,0,0,,player.fcgi?id=goodre000jak
Thomas Lane*,21,2018,Boston College,30,1,1,0,0,0,0,0,0,0,0,0,1,0,0,0,0,0,,0,0,0,0,,player.fcgi?id=lane--002tho
Gian Martellini,21,2018,Boston College,47,206,174,19,40,9,2,4,30,2,2,23,43,0.23,0.33,0.374,0.704,65,,5,0,4,1,,player.fcgi?id=martel000gia
Anthony Maselli*,22,2018,Boston College,35,88,74,12,10,4,0,1,6,3,0,8,27,0.135,0.253,0.23,0.483,17,,4,1,1,0,,player.fcgi?id=masell000ant
Jake Palomaki#,22,2018,Boston College,49,242,200,42,63,13,2,3,32,19,2,34,18,0.315,0.421,0.445,0.866,89,,4,2,2,0,,player.fcgi?id=paloma000jak
Aaron Soucy,--,2018,Boston College,1,1,1,0,0,0,0,0,0,0,0,0,1,0,0,0,0,0,,0,0,0,0,,player.fcgi?id=soucy-000aar
Brandon Stone*,19,2018,Boston College,6,4,4,0,1,0,0,0,0,0,0,0,2,0.25,0.25,0.25,0.5,1,,0,0,0,0,,player.fcgi?id=stone-005bra
Joe Suozzi,20,2018,Boston College,25,78,68,14,17,5,0,1,6,0,0,3,21,0.25,0.316,0.368,0.683,25,,4,2,1,0,,player.fcgi?id=suozzi000joe
Jacob Yish,20,2018,Boston College,21,51,46,2,5,3,0,0,4,0,0,4,16,0.109,0.176,0.174,0.35,8,,0,0,1,0,,player.fcgi?id=yish--000jac
Jake Alu*,22,2019,Boston College,58,272,236,51,80,17,1,4,37,11,2,27,34,0.339,0.407,0.47,0.877,111,,2,4,3,0,,player.fcgi?id=alu---000jak
Connor Bacon*,--,2019,Boston College,14,10,6,2,0,0,0,0,0,0,0,3,4,0,0.4,0,0.4,0,,1,0,0,0,,player.fcgi?id=bacon-000con
Dante Baldelli,21,2019,Boston College,48,177,145,34,32,4,3,2,23,9,3,21,41,0.221,0.335,0.331,0.666,48,,4,7,0,1,,player.fcgi?id=baldel000dan
Peter Burns*,19,2019,Boston College,39,129,109,16,23,2,0,0,6,0,2,14,20,0.211,0.317,0.229,0.547,25,,3,3,0,0,,player.fcgi?id=burns-002pet
Jack Cunningham*,21,2019,Boston College,57,260,220,36,60,12,2,9,35,7,4,26,53,0.273,0.368,0.468,0.836,103,,9,2,3,1,,player.fcgi?id=cunnin002jac
Brian Dempsey,22,2019,Boston College,58,276,224,31,66,8,2,3,37,11,5,31,31,0.295,0.383,0.388,0.772,87,,5,10,6,2,,player.fcgi?id=dempse000bri
Sal Frelick*,19,2019,Boston College,39,180,150,30,55,8,1,4,32,18,3,22,16,0.367,0.447,0.513,0.96,77,,3,1,4,3,,player.fcgi?id=frelic000sal
Chris Galland,21,2019,Boston College,57,246,210,39,56,6,3,0,21,17,9,20,44,0.267,0.355,0.324,0.679,68,,11,1,4,0,,player.fcgi?id=gallan000chr
Ramon Jimenez,19,2019,Boston College,20,58,55,5,12,3,1,1,4,0,0,3,21,0.218,0.259,0.364,0.622,20,,0,0,0,0,,player.fcgi?id=jimene004ram
Gian Martellini,22,2019,Boston College,56,233,210,19,63,11,1,3,26,1,0,18,44,0.3,0.356,0.405,0.761,85,,2,0,3,2,,player.fcgi?id=martel000gia
Cody Morissette*,19,2019,Boston College,58,260,231,27,74,20,2,4,41,8,3,20,37,0.32,0.371,0.476,0.847,110,,2,1,6,1,,player.fcgi?id=moriss000cod
Lucas Stalman,19,2019,Boston College,30,80,65,16,16,5,1,0,7,3,1,12,21,0.246,0.375,0.354,0.729,23,,2,0,1,0,,player.fcgi?id=stalma000luc
Joe Suozzi,21,2019,Boston College,48,171,149,30,42,8,2,3,18,6,4,16,45,0.282,0.363,0.423,0.786,63,,3,3,0,0,,player.fcgi?id=suozzi000joe
Jacob Yish,21,2019,Boston College,7,12,10,2,2,0,0,0,1,3,0,2,1,0.2,0.333,0.2,0.533,2,,0,0,0,0,,player.fcgi?id=yish--000jac
Dante Baldelli,22,2020,Boston College,15,59,55,7,14,2,1,0,9,5,1,1,15,0.255,0.281,0.327,0.608,18,,1,2,0,0,,player.fcgi?id=baldel000dan
Dan Baruch,19,2020,Boston College,7,5,5,1,3,0,0,0,2,0,0,0,2,0.6,0.6,0.6,1.2,3,,0,0,0,0,,player.fcgi?id=baruch000dan
Peter Burns*,20,2020,Boston College,13,42,32,9,7,2,1,2,7,0,0,9,12,0.219,0.405,0.531,0.936,17,,1,0,0,0,,player.fcgi?id=burns-002pet
Vince Cimini,19,2020,Boston College,5,12,11,3,2,2,0,0,1,0,0,0,4,0.182,0.182,0.364,0.545,4,,0,1,0,0,,player.fcgi?id=cimini000vin
Jack Cunningham*,22,2020,Boston College,15,67,59,10,25,3,0,2,13,2,2,6,12,0.424,0.478,0.576,1.054,34,,1,0,1,0,,player.fcgi?id=cunnin002jac
Brian Dempsey,23,2020,Boston College,15,70,56,13,19,4,0,1,12,3,2,4,8,0.339,0.379,0.464,0.843,26,,2,4,4,0,,player.fcgi?id=dempse000bri
Sal Frelick*,20,2020,Boston College,15,71,58,17,14,2,1,2,4,7,0,11,6,0.241,0.38,0.414,0.794,24,,2,0,0,0,,player.fcgi?id=frelic000sal
Mikey Giordano,22,2020,Boston College,2,2,2,0,2,0,0,0,0,0,0,0,0,1,1,1,2,2,,0,0,0,0,,player.fcgi?id=giorda002mik
Luke Gold,19,2020,Boston College,15,66,57,5,14,4,0,1,15,0,1,5,17,0.246,0.303,0.368,0.671,21,,1,0,3,0,,player.fcgi?id=gold--000luk
Jake Goodreau*,22,2020,Boston College,2,2,2,0,0,0,0,0,0,0,0,0,1,0,0,0,0,0,,0,0,0,0,,player.fcgi?id=goodre000jak
Ramon Jimenez,20,2020,Boston College,8,30,28,4,7,4,0,0,3,0,0,2,10,0.25,0.3,0.393,0.693,11,,0,0,0,0,,player.fcgi?id=jimene004ram
Parker Landwehr,19,2020,Boston College,4,8,6,2,1,0,0,0,0,0,0,2,2,0.167,0.375,0.167,0.542,1,,0,0,0,0,,player.fcgi?id=landwe000par
Cody Morissette*,20,2020,Boston College,15,67,58,14,26,6,0,2,11,3,2,9,6,0.448,0.522,0.655,1.178,38,,0,0,0,0,,player.fcgi?id=moriss000cod
Aaron Soucy,--,2020,Boston College,7,13,10,1,2,0,0,1,1,0,0,3,3,0.2,0.385,0.5,0.885,5,,0,0,0,0,,player.fcgi?id=soucy-000aar
Lucas Stalman,20,2020,Boston College,10,27,22,5,3,0,0,0,3,2,0,4,10,0.136,0.259,0.136,0.396,3,,0,0,1,0,,player.fcgi?id=stalma000luc
Joe Suozzi,22,2020,Boston College,15,68,58,14,24,4,3,1,16,4,0,8,16,0.414,0.471,0.638,1.109,37,,0,0,2,0,,player.fcgi?id=suozzi000joe
Barry Walsh,19,2020,Boston College,9,9,6,3,2,1,0,0,1,0,0,3,1,0.333,0.556,0.5,1.056,3,,0,0,0,0,,player.fcgi?id=walsh-000bar
Jacob Yish,22,2020,Boston College,3,4,4,2,2,1,0,0,3,0,0,0,1,0.5,0.5,0.75,1.25,3,,0,0,0,0,,player.fcgi?id=yish--000jac
Dante Baldelli,23,2021,Boston College,47,186,159,27,49,9,1,4,27,5,2,19,58,0.308,0.388,0.453,0.841,72,,3,3,2,0,,player.fcgi?id=baldel000dan
Dan Baruch,20,2021,Boston College,20,35,30,4,7,3,0,1,5,0,0,2,16,0.233,0.294,0.433,0.727,13,,1,1,1,0,,player.fcgi?id=baruch000dan
Peter Burns*,21,2021,Boston College,45,135,118,9,21,3,0,3,16,1,0,13,29,0.178,0.274,0.28,0.554,33,,3,0,1,0,,player.fcgi?id=burns-002pet
Vince Cimini,20,2021,Boston College,45,162,125,21,27,7,1,0,14,5,0,32,36,0.216,0.375,0.288,0.663,36,,1,2,2,1,,player.fcgi?id=cimini000vin
Jack Cunningham*,23,2021,Boston College,48,211,175,32,46,12,0,1,26,5,2,28,33,0.263,0.37,0.349,0.718,61,,4,0,4,1,,player.fcgi?id=cunnin002jac
Brian Dempsey,24,2021,Boston College,49,233,209,27,60,8,2,1,26,4,6,16,32,0.287,0.348,0.359,0.707,75,,4,3,1,0,,player.fcgi?id=dempse000bri
Sal Frelick*,21,2021,Boston College,48,228,195,50,70,17,2,6,27,13,5,27,28,0.359,0.443,0.559,1.002,109,,4,0,2,2,,player.fcgi?id=frelic000sal
Chris Galland,23,2021,Boston College,31,89,77,21,15,5,0,2,10,4,1,9,17,0.195,0.303,0.338,0.641,26,,3,0,0,0,,player.fcgi?id=gallan000chr
Luke Gold,20,2021,Boston College,44,198,177,29,56,15,2,9,45,2,0,13,31,0.316,0.364,0.576,0.94,102,,3,0,5,2,,player.fcgi?id=gold--000luk
Sean Harrington*,23,2021,Boston College,8,10,7,2,3,1,0,0,0,0,0,2,2,0.429,0.6,0.571,1.171,4,,1,0,0,0,,player.fcgi?id=harrin000sea
Travis Honeyman,19,2021,Boston College,14,18,14,1,1,0,0,0,2,0,0,1,6,0.071,0.167,0.071,0.238,1,,1,0,2,0,,player.fcgi?id=honeym000tra
Ramon Jimenez,21,2021,Boston College,32,77,70,5,15,5,0,1,9,0,0,5,23,0.214,0.273,0.329,0.601,23,,1,0,1,0,,player.fcgi?id=jimene004ram
Parker Landwehr,20,2021,Boston College,25,43,34,8,8,2,0,1,6,0,1,9,9,0.235,0.395,0.382,0.778,13,,0,0,0,0,,player.fcgi?id=landwe000par
Cameron Leary*,19,2021,Boston College,29,99,83,16,16,1,2,2,13,3,1,10,26,0.193,0.278,0.325,0.604,27,,1,2,3,0,,player.fcgi?id=leary-000cam
Cody Morissette*,21,2021,Boston College,41,191,165,29,53,9,1,6,33,8,1,21,33,0.321,0.398,0.497,0.895,82,,2,0,3,0,,player.fcgi?id=moriss000cod
Lucas Stalman,21,2021,Boston College,12,8,8,1,2,0,0,1,1,0,0,0,5,0.25,0.25,0.625,0.875,5,,0,0,0,0,,player.fcgi?id=stalma000luc
Joe Vetrano*,19,2021,Boston College,27,31,27,1,4,2,0,0,2,2,1,4,8,0.148,0.258,0.222,0.48,6,,0,0,0,0,,player.fcgi?id=vetran000joe
Barry Walsh,20,2021,Boston College,15,26,20,4,4,0,0,0,0,1,0,4,5,0.2,0.385,0.2,0.585,4,,2,0,0,0,,player.fcgi?id=walsh-000bar
Dan Baruch,21,2022,Boston College,35,68,57,9,8,3,0,1,7,3,0,9,25,0.14,0.265,0.246,0.51,14,0,1,0,1,0,,player.fcgi?id=baruch000dan
Peter Burns*,22,2022,Boston College,23,88,77,8,19,2,0,1,12,1,0,5,13,0.247,0.33,0.312,0.641,24,2,5,0,1,0,,player.fcgi?id=burns-002pet
Jon Campbell,21,2022,Boston College,4,1,1,0,0,0,0,0,0,0,0,0,0,0,0,0,0,0,0,0,0,0,0,,player.fcgi?id=campbe001jon
Rafe Chaumette*,24,2022,Boston College,40,135,122,18,30,7,0,3,15,1,0,9,31,0.246,0.308,0.377,0.685,46,3,2,2,0,0,,player.fcgi?id=chaume000rap
Vince Cimini,21,2022,Boston College,4,16,13,3,2,1,0,0,3,0,1,2,5,0.154,0.267,0.231,0.497,3,0,0,1,0,0,,player.fcgi?id=cimini000vin
Luke Gold,21,2022,Boston College,53,242,201,38,62,21,1,9,37,3,1,24,28,0.308,0.401,0.557,0.958,112,2,11,0,6,0,,player.fcgi?id=gold--000luk
Aidan Harrington,19,2022,Boston College,17,31,28,3,7,1,0,0,2,0,0,3,11,0.25,0.323,0.286,0.608,8,0,0,0,0,0,,player.fcgi?id=harrin000aid
Travis Honeyman,20,2022,Boston College,41,184,164,37,54,9,1,6,19,5,0,11,16,0.329,0.402,0.506,0.908,83,4,9,0,0,0,,player.fcgi?id=honeym000tra
Ramon Jimenez,22,2022,Boston College,27,58,54,6,11,2,0,1,3,0,0,4,20,0.204,0.259,0.296,0.555,16,0,0,0,0,0,,player.fcgi?id=jimene004ram
Parker Landwehr,21,2022,Boston College,48,208,174,27,50,10,1,9,36,1,0,26,53,0.287,0.394,0.511,0.906,89,2,6,0,2,0,,player.fcgi?id=landwe000par
Cameron Leary*,20,2022,Boston College,53,253,198,51,47,11,1,16,42,3,3,45,70,0.237,0.399,0.545,0.945,108,2,9,0,1,0,,player.fcgi?id=leary-000cam
Chris Markovich,19,2022,Boston College,8,6,6,1,0,0,0,0,0,0,0,0,5,0,0,0,0,0,0,0,0,0,0,,player.fcgi?id=markov000chr
Sam McNulty,19,2022,Boston College,49,197,163,19,32,6,0,2,19,1,1,15,56,0.196,0.298,0.27,0.568,44,0,9,9,1,0,,player.fcgi?id=mcnult000sam
Pat Roche,20,2022,Boston College,27,95,81,12,21,5,0,0,3,2,1,4,23,0.259,0.348,0.321,0.669,26,1,7,3,0,0,,player.fcgi?id=roche-000pat
Ryan Smith*,23,2022,Boston College,5,1,1,0,0,0,0,0,0,0,0,0,0,0,0,0,0,0,0,0,0,0,0,,player.fcgi?id=smith-022rya
Lucas Stalman,22,2022,Boston College,35,108,89,13,13,0,1,2,8,0,0,13,42,0.146,0.276,0.236,0.512,21,1,3,3,0,0,,player.fcgi?id=stalma000luc
Joe Vetrano*,20,2022,Boston College,52,228,201,45,62,8,3,13,50,1,0,22,58,0.308,0.386,0.572,0.958,115,7,4,0,1,1,,player.fcgi?id=vetran000joe
Barry Walsh,21,2022,Boston College,53,223,191,22,43,8,1,5,28,8,2,12,50,0.225,0.312,0.356,0.668,68,1,13,5,2,0,,player.fcgi?id=walsh-000bar
John West,20,2022,Boston College,19,1,1,0,0,0,0,0,0,0,0,0,1,0,0,0,0,0,0,0,0,0,0,,player.fcgi?id=west--005joh
Dan Baruch,22,2023,Boston College,25,52,38,12,7,0,0,3,10,0,1,8,20,0.184,0.404,0.421,0.825,16,0,6,0,0,0,,player.fcgi?id=baruch000dan
Peter Burns*,23,2023,Boston College,52,222,169,36,42,6,0,3,24,4,1,39,25,0.249,0.409,0.337,0.746,57,0,9,2,3,2,,player.fcgi?id=burns-002pet
Vince Cimini,22,2023,Boston College,55,238,202,30,56,4,0,1,17,3,1,29,44,0.277,0.373,0.312,0.685,63,8,3,2,2,0,,player.fcgi?id=cimini000vin
Owen DeShazo,19,2023,Boston College,6,8,8,4,2,0,0,1,2,0,0,0,3,0.25,0.25,0.625,0.875,5,0,0,0,0,0,,player.fcgi?id=deshaz000owe
Adonys Guzman,19,2023,Boston College,22,82,67,8,16,3,0,0,7,1,0,11,19,0.239,0.37,0.284,0.654,19,3,3,1,0,0,,player.fcgi?id=guzman000ado
Aidan Harrington,20,2023,Boston College,11,11,9,0,1,0,0,0,0,0,0,2,5,0.111,0.273,0.111,0.384,1,0,0,0,0,0,,player.fcgi?id=harrin000aid
Travis Honeyman,21,2023,Boston College,39,183,161,33,49,15,2,6,30,10,1,13,21,0.304,0.383,0.534,0.917,86,3,8,0,1,0,,player.fcgi?id=honeym000tra
Parker Landwehr,22,2023,Boston College,22,40,37,1,4,1,0,0,1,0,0,1,18,0.108,0.175,0.135,0.31,5,0,2,0,0,0,,player.fcgi?id=landwe000par
Cameron Leary*,21,2023,Boston College,46,199,151,31,39,7,0,10,26,12,1,41,51,0.258,0.422,0.503,0.925,76,3,4,0,3,1,,player.fcgi?id=leary-000cam
Chris Markovich,20,2023,Boston College,7,2,2,2,1,0,0,0,0,0,0,0,0,0.5,0.5,0.5,1,1,0,0,0,0,0,,player.fcgi?id=markov000chr
Sam McNulty,20,2023,Boston College,36,100,84,19,24,5,1,1,14,1,0,10,29,0.286,0.371,0.405,0.776,34,1,2,3,1,0,,player.fcgi?id=mcnult000sam
Cohl Mercado*,19,2023,Boston College,45,188,150,21,39,3,0,1,26,10,1,20,31,0.26,0.383,0.3,0.683,45,0,11,5,2,0,,player.fcgi?id=mercad000coh
Pat Roche,21,2023,Boston College,56,244,201,39,59,12,0,3,38,5,1,27,34,0.294,0.403,0.398,0.801,80,8,12,1,3,0,,player.fcgi?id=roche-000pat
Lucas Stalman,23,2023,Boston College,4,2,2,0,0,0,0,0,0,0,0,0,0,0,0,0,0,0,1,0,0,0,0,,player.fcgi?id=stalma000luc
Joe Vetrano*,21,2023,Boston College,56,263,219,53,69,12,0,22,64,3,1,34,58,0.315,0.407,0.671,1.078,147,2,4,0,6,6,,player.fcgi?id=vetran000joe
Barry Walsh,22,2023,Boston College,53,237,194,40,61,10,0,8,35,14,2,24,55,0.314,0.416,0.49,0.906,95,3,12,4,3,0,,player.fcgi?id=walsh-000bar
Nick Wang,21,2023,Boston College,56,253,210,40,49,12,1,11,43,1,1,39,47,0.233,0.352,0.457,0.809,96,9,1,0,3,1,,player.fcgi?id=wang--000nic
Kyle Wolff,19,2023,Boston College,20,53,41,5,9,3,0,2,4,0,0,6,15,0.22,0.396,0.439,0.835,18,0,6,0,0,0,,player.fcgi?id=wolff-001kyl
Connor Bertsch,23,2024,Boston College,12,5,4,0,0,0,0,0,0,0,0,1,3,0,0.2,0,0.2,0,0,0,0,0,0,,player.fcgi?id=bertsc001con
Cam Caraher*,22,2024,Boston College,42,173,136,35,33,5,1,1,11,10,3,29,46,0.243,0.382,0.316,0.699,43,1,3,3,2,0,,player.fcgi?id=carahe000cam
Vince Cimini,23,2024,Boston College,53,230,194,32,47,2,0,5,37,6,1,30,48,0.242,0.351,0.33,0.681,64,4,3,2,1,0,,player.fcgi?id=cimini000vin
John Collins,23,2024,Boston College,26,53,49,6,12,3,1,3,11,0,0,3,21,0.245,0.283,0.531,0.814,26,2,0,0,1,0,,player.fcgi?id=collin015joh
Owen DeShazo,20,2024,Boston College,16,39,36,5,8,0,1,0,5,1,0,2,19,0.222,0.263,0.278,0.541,10,0,0,1,0,0,,player.fcgi?id=deshaz000owe
Connor Dreyer,20,2024,Boston College,5,7,6,1,0,0,0,0,0,0,0,1,3,0,0.143,0,0.143,0,0,0,0,0,0,,player.fcgi?id=dreyer001con
Aidan Harrington,21,2024,Boston College,7,3,2,0,0,0,0,0,0,0,0,0,2,0,0.333,0,0.333,0,0,1,0,0,0,,player.fcgi?id=harrin000aid
Austin Hartsell*,21,2024,Boston College,17,6,5,7,4,2,0,1,1,2,1,1,1,0.8,0.833,1.8,2.633,9,0,0,0,0,0,,player.fcgi?id=hartse000aus
Parker Landwehr,23,2024,Boston College,45,166,144,16,35,7,0,4,25,1,1,15,37,0.243,0.319,0.375,0.694,54,1,2,3,2,0,,player.fcgi?id=landwe000par
Cameron Leary*,22,2024,Boston College,53,251,184,55,50,8,0,15,48,23,2,53,60,0.272,0.441,0.56,1.001,103,0,6,4,4,2,,player.fcgi?id=leary-000cam
Adam Magpoc#,19,2024,Boston College,48,184,156,24,45,8,1,3,20,9,7,21,26,0.288,0.383,0.41,0.794,64,3,3,4,0,0,,player.fcgi?id=magpoc000ada
Chris Markovich,21,2024,Boston College,20,7,6,4,1,0,0,0,0,0,0,1,1,0.167,0.286,0.167,0.452,1,0,0,0,0,0,,player.fcgi?id=markov000chr
Nate McHugh,19,2024,Boston College,6,9,6,2,2,0,0,0,2,0,0,2,2,0.333,0.5,0.333,0.833,2,0,0,1,0,0,,player.fcgi?id=mchugh000nat
Sam McNulty,21,2024,Boston College,53,215,178,27,50,12,1,0,22,6,1,17,37,0.281,0.358,0.36,0.718,64,1,5,14,1,0,,player.fcgi?id=mcnult000sam
Cohl Mercado*,20,2024,Boston College,7,6,5,2,1,0,0,0,1,0,0,1,3,0.2,0.333,0.2,0.533,1,0,0,0,0,0,,player.fcgi?id=mercad000coh
Beck Milner,20,2024,Boston College,33,69,58,9,13,2,0,1,2,1,1,9,18,0.224,0.338,0.31,0.649,18,0,1,1,0,0,,player.fcgi?id=milner000bec
Pat Roche,22,2024,Boston College,33,143,111,28,34,6,2,4,23,10,1,18,25,0.306,0.446,0.505,0.951,56,0,10,4,0,0,,player.fcgi?id=roche-000pat
Barry Walsh,23,2024,Boston College,24,79,67,8,15,4,0,0,4,3,2,8,21,0.224,0.333,0.284,0.617,19,0,3,1,0,0,,player.fcgi?id=walsh-000bar
Nick Wang,22,2024,Boston College,51,233,193,39,54,12,1,11,44,6,0,29,60,0.28,0.376,0.523,0.899,101,1,3,4,4,1,,player.fcgi?id=wang--000nic
Kyle Wolff,20,2024,Boston College,53,240,197,40,62,14,1,7,44,3,1,17,37,0.315,0.421,0.503,0.923,99,6,22,0,4,1,,player.fcgi?id=wolff-001kyl
Vince Cimini,24,2025,Boston College,56,237,200,28,53,8,1,4,32,7,3,25,39,0.265,0.356,0.375,0.731,75,5,5,4,3,0,,player.fcgi?id=cimini000vin
Owen DeShazo,21,2025,Boston College,20,21,19,1,4,1,0,0,2,3,1,2,7,0.211,0.286,0.263,0.549,5,0,0,0,0,0,,player.fcgi?id=deshaz000owe
Nathanael Frederking,19,2025,Boston College,19,4,2,3,0,0,0,0,0,4,0,1,1,0,0.5,0,0.5,0,0,1,0,0,0,,player.fcgi?id=freder001nat
Esteban Garcia*,19,2025,Boston College,44,101,87,5,23,6,0,0,17,5,1,12,20,0.264,0.356,0.333,0.69,29,1,1,0,1,0,,player.fcgi?id=garcia000est
Cesar Gonzalez,19,2025,Boston College,37,27,20,2,4,0,0,0,0,1,0,6,4,0.2,0.385,0.2,0.585,4,1,0,1,0,0,,player.fcgi?id=gonzal007ces
Austin Hartsell*,22,2025,Boston College,10,3,2,4,1,0,0,0,0,0,0,0,1,0.5,0.667,0.5,1.167,1,0,1,0,0,0,,player.fcgi?id=hartse000aus
Gunnar Johnson,22,2025,Boston College,34,98,79,11,19,3,0,3,17,2,0,12,20,0.241,0.368,0.392,0.761,31,3,4,3,0,0,,player.fcgi?id=johnso003gun
Colin Larson*,19,2025,Boston College,31,76,57,7,13,4,0,2,7,5,2,15,17,0.228,0.405,0.404,0.809,23,0,2,2,0,0,,player.fcgi?id=larson002col
Adam Magpoc#,20,2025,Boston College,56,227,185,34,43,11,1,3,27,27,8,33,54,0.232,0.353,0.351,0.704,65,1,2,6,1,1,,player.fcgi?id=magpoc000ada
Sam McNulty,22,2025,Boston College,57,225,188,32,47,7,0,2,22,6,0,22,34,0.25,0.333,0.319,0.652,60,5,2,12,1,0,,player.fcgi?id=mcnult000sam
Beck Milner,21,2025,Boston College,29,69,59,15,17,3,0,2,10,4,0,9,19,0.288,0.391,0.441,0.832,26,0,1,0,0,0,,player.fcgi?id=milner000bec
Josiah Ragsdale*,21,2025,Boston College,56,250,207,60,66,12,5,5,30,30,6,33,53,0.319,0.418,0.498,0.915,103,1,5,1,4,0,,player.fcgi?id=ragsda002jos
Pat Roche,23,2025,Boston College,57,257,197,46,57,9,0,3,36,19,4,31,32,0.289,0.425,0.381,0.806,75,9,20,3,6,0,,player.fcgi?id=roche-000pat
Jace Roossien#,19,2025,Boston College,21,43,37,6,6,0,0,0,0,0,0,4,14,0.162,0.262,0.162,0.424,6,2,1,1,0,0,,player.fcgi?id=roossi000jac
Julio Solier,19,2025,Boston College,19,30,27,7,4,0,0,0,4,4,0,3,5,0.148,0.233,0.148,0.381,4,0,0,0,0,0,,player.fcgi?id=solier000jul
Jack Toomey,22,2025,Boston College,57,254,207,46,54,8,1,5,35,9,2,32,52,0.261,0.376,0.382,0.758,79,4,8,4,3,1,,player.fcgi?id=toomey000jac
Nick Wang,23,2025,Boston College,16,67,60,12,19,3,0,2,13,3,1,5,14,0.317,0.364,0.467,0.83,28,1,0,1,1,0,,player.fcgi?id=wang--000nic
Kyle Wolff,21,2025,Boston College,56,248,204,33,51,5,1,8,45,1,1,14,34,0.25,0.372,0.402,0.774,82,6,27,1,2,0,,player.fcgi?id=wolff-001kyl
Jarren Advincula*,20,2025,California,55,267,237,48,81,17,2,6,33,13,2,22,29,0.342,0.41,0.506,0.916,120,2,6,1,1,1,,player.fcgi?id=advinc000jar
Kalen Applefield#,19,2025,California,10,30,24,7,6,1,0,3,11,0,0,3,9,0.25,0.333,0.667,1,16,0,1,0,2,0,,player.fcgi?id=applef000kal
Alex Birge*,22,2025,California,45,178,134,38,31,9,1,12,24,0,0,40,51,0.231,0.415,0.582,0.997,78,0,2,2,0,1,,player.fcgi?id=birge-000ale
Nico Button*,22,2025,California,5,7,6,1,0,0,0,0,0,0,0,0,2,0,0,0,0,0,0,0,1,0,0,,player.fcgi?id=button000nic
Cade Campbell,21,2025,California,51,215,198,34,62,12,1,8,39,4,1,11,50,0.313,0.35,0.505,0.856,100,3,2,1,3,0,,player.fcgi?id=campbe001cad
Elijah Clayton,19,2025,California,21,14,12,9,2,0,0,0,1,6,0,1,4,0.167,0.214,0.167,0.381,2,0,0,0,1,0,,player.fcgi?id=clayto000eli
Joey Donnelly*,22,2025,California,2,2,2,0,0,0,0,0,0,0,0,0,1,0,0,0,0,0,0,0,0,0,0,,player.fcgi?id=donnel000joe
Jacob French*,20,2025,California,53,218,195,34,76,12,5,4,36,2,2,8,20,0.39,0.44,0.564,1.004,110,1,12,0,3,0,,player.fcgi?id=french004jac
Seth Gwynn,23,2025,California,43,165,134,23,29,9,1,3,18,2,1,13,25,0.216,0.315,0.366,0.68,49,2,9,3,6,0,,player.fcgi?id=gwynn-000set
Max Handron*,24,2025,California,47,175,149,24,36,8,0,9,34,0,0,21,42,0.242,0.345,0.477,0.821,71,1,3,1,1,0,,player.fcgi?id=handro000max
Jeff Hoffman,22,2025,California,13,14,12,2,3,0,0,0,1,0,0,2,5,0.25,0.357,0.25,0.607,3,1,0,0,0,0,,player.fcgi?id=hoffma003jef
Jack Johnston,22,2025,California,12,14,12,1,1,0,0,1,2,0,0,1,6,0.083,0.154,0.333,0.487,4,0,0,1,0,0,,player.fcgi?id=johnst002jac
Ethan Kodama*,20,2025,California,39,35,27,10,7,1,1,0,6,1,2,1,7,0.259,0.344,0.37,0.714,10,0,3,3,1,0,,player.fcgi?id=kodama000eth
Jordy Lopez*,18,2025,California,16,2,2,0,0,0,0,0,0,0,0,0,1,0,0,0,0,0,0,0,0,0,0,,player.fcgi?id=lopez-013jor
PJ Moutzouridis,20,2025,California,55,238,215,33,58,10,1,3,31,10,3,15,32,0.27,0.329,0.367,0.697,79,3,5,1,2,0,,player.fcgi?id=moutzo000pj-
Carl Schmidt,20,2025,California,45,180,161,25,46,7,2,5,30,2,1,17,53,0.286,0.361,0.447,0.808,72,5,2,0,0,0,,player.fcgi?id=schmid004car
Dominic Smaldino,20,2025,California,55,235,206,48,57,12,1,11,46,0,0,24,47,0.277,0.357,0.505,0.862,104,5,3,0,2,0,,player.fcgi?id=smaldi000dom
Ryan Tayman,19,2025,California,39,140,124,23,34,8,1,5,16,1,0,9,35,0.274,0.345,0.476,0.821,59,1,5,1,1,0,,player.fcgi?id=tayman001rya
Matthew Thomas,19,2025,California,20,43,40,3,5,1,0,1,1,0,0,3,15,0.125,0.186,0.225,0.411,9,0,0,0,0,0,,player.fcgi?id=thomas003che
Cole Tremain,23,2025,California,27,8,7,1,2,0,0,1,2,0,0,0,5,0.286,0.375,0.714,1.089,5,0,1,0,0,0,,player.fcgi?id=tremai000col
Michael Boyden,21,2011,Maryland,20,0,0,1,0,0,0,0,0,0,0,0,0,,,,,0,,0,0,0,,,player.fcgi?id=boyden000mic
Jack Cleary,21,2011,Maryland,33,82,73,11,18,3,0,0,11,0,0,2,7,0.247,0.291,0.288,0.579,21,,3,3,1,,,player.fcgi?id=cleary000joh
Kyle Convissar,19,2011,Maryland,38,100,81,10,21,3,0,0,8,7,3,8,12,0.259,0.394,0.296,0.69,24,,10,1,0,,,player.fcgi?id=convis000kyl
Tomo Delp,21,2011,Maryland,47,134,107,13,19,0,1,1,12,4,0,13,21,0.178,0.316,0.224,0.54,24,,10,1,3,,,player.fcgi?id=delp--000tom
Aaron Etchison?,--,2011,Maryland,28,103,91,10,23,1,0,1,6,0,4,10,22,0.253,0.333,0.297,0.63,27,,1,1,0,,,player.fcgi?id=etchis000aar
Jordan Hagel,20,2011,Maryland,32,43,35,8,13,1,0,0,5,5,0,6,8,0.371,0.488,0.4,0.888,14,,2,0,0,,,player.fcgi?id=hagel-000jor
Ryan Holland?,--,2011,Maryland,53,211,174,28,49,9,1,3,30,10,5,26,53,0.282,0.386,0.397,0.783,69,,5,4,2,,,player.fcgi?id=hollan002rya
Tim Kiene*,19,2011,Maryland,44,144,136,14,38,8,0,3,18,0,0,5,23,0.279,0.306,0.404,0.71,55,,1,0,2,,,player.fcgi?id=kiene-001tim
Austin Kilbourne?,--,2011,Maryland,31,106,89,10,24,6,0,1,14,1,0,15,27,0.27,0.377,0.371,0.748,33,,1,0,1,,,player.fcgi?id=kilbou000aus
Brady Kirkpatrick,19,2011,Maryland,20,0,0,1,0,0,0,0,0,0,0,0,0,,,,,0,,0,0,0,,,player.fcgi?id=kirkpa000bra
Curtis Lazar?,--,2011,Maryland,28,73,63,8,13,3,0,1,9,1,0,9,22,0.206,0.301,0.302,0.603,19,,0,0,1,,,player.fcgi?id=lazar-000cur
Matt Marquis,21,2011,Maryland,15,29,29,3,6,3,0,0,2,2,0,0,7,0.207,0.207,0.31,0.517,9,,0,0,0,,,player.fcgi?id=marqui001mat
Mike Montville,19,2011,Maryland,32,113,95,14,20,2,1,4,15,2,1,12,25,0.211,0.321,0.379,0.7,36,,4,1,1,,,player.fcgi?id=montvi000mic
Brandon Padula?,--,2011,Maryland,29,80,69,8,18,4,1,1,7,1,0,9,22,0.261,0.354,0.391,0.746,27,,1,1,0,,,player.fcgi?id=padula000bra
Alex Ramsay*,18,2011,Maryland,31,76,66,11,18,3,0,0,3,0,0,8,15,0.273,0.368,0.318,0.687,21,,2,0,0,,,player.fcgi?id=ramsay000ale
Alfredo Rodriguez,21,2011,Maryland,56,254,205,23,48,10,0,0,16,20,7,32,29,0.234,0.352,0.283,0.635,58,,7,7,3,,,player.fcgi?id=rodrig005alf
Gary Schneider,19,2011,Maryland,30,28,23,2,3,0,0,0,2,4,1,3,10,0.13,0.286,0.13,0.416,3,,2,0,0,,,player.fcgi?id=schnei002gar
Jake Stinnett,19,2011,Maryland,51,169,144,20,25,5,0,5,24,4,1,14,45,0.174,0.274,0.313,0.586,45,,7,1,3,,,player.fcgi?id=stinne000jak
Korey Wacker?,--,2011,Maryland,54,213,184,20,46,6,0,0,21,14,7,16,28,0.25,0.324,0.283,0.606,52,,4,9,0,,,player.fcgi?id=wacker000kor
Charlie White*,19,2011,Maryland,51,202,171,30,52,11,0,0,14,17,1,17,31,0.304,0.396,0.368,0.764,63,,9,5,0,,,player.fcgi?id=white-012cha
Andrew Amaro*,19,2012,Maryland,34,40,31,7,6,0,0,0,5,4,0,5,9,0.194,0.333,0.194,0.527,6,,2,1,1,0,,player.fcgi?id=amaro-000and
Michael Boyden,22,2012,Maryland,23,0,0,1,0,0,0,0,0,0,0,0,0,,,,,0,,0,0,0,0,,player.fcgi?id=boyden000mic
Jack Cleary,22,2012,Maryland,46,143,117,9,37,8,0,0,16,2,1,8,14,0.316,0.393,0.385,0.777,45,,8,8,2,0,,player.fcgi?id=cleary000joh
Kyle Convissar,20,2012,Maryland,55,226,186,36,53,13,0,2,25,6,4,16,25,0.285,0.387,0.387,0.774,72,,17,4,3,0,,player.fcgi?id=convis000kyl
Tomo Delp,22,2012,Maryland,50,183,142,24,35,10,0,4,24,6,1,25,24,0.246,0.379,0.401,0.78,57,,7,6,3,1,,player.fcgi?id=delp--000tom
Aaron Etchison?,--,2012,Maryland,31,65,56,2,10,0,0,0,5,0,0,5,15,0.179,0.258,0.179,0.437,10,,1,3,0,0,,player.fcgi?id=etchis000aar
Jordan Hagel,21,2012,Maryland,56,242,205,33,65,20,2,3,24,15,4,23,44,0.317,0.403,0.478,0.881,98,,7,6,1,1,,player.fcgi?id=hagel-000jor
K.J. Hockaday,19,2012,Maryland,56,229,203,35,62,10,2,2,27,2,3,17,33,0.305,0.367,0.404,0.771,82,,4,3,2,5,,player.fcgi?id=hockad000kev
Ryan Holland?,--,2012,Maryland,47,136,109,13,24,3,2,1,10,1,2,17,29,0.22,0.356,0.312,0.668,34,,6,4,0,0,,player.fcgi?id=hollan002rya
Tim Kiene*,20,2012,Maryland,41,168,145,18,35,7,0,6,19,1,1,16,39,0.241,0.345,0.414,0.759,60,,7,0,0,1,,player.fcgi?id=kiene-001tim
Mike Montville,20,2012,Maryland,48,165,145,24,34,5,0,4,16,1,0,16,43,0.234,0.309,0.352,0.661,51,,1,0,3,1,,player.fcgi?id=montvi000mic
Greg Olenski,20,2012,Maryland,16,22,19,5,8,1,0,0,3,0,0,2,7,0.421,0.5,0.474,0.974,9,,1,0,0,0,,player.fcgi?id=olensk000gre
Alfredo Rodriguez,22,2012,Maryland,56,240,197,31,58,12,1,2,34,16,4,25,20,0.294,0.368,0.396,0.763,78,,3,6,9,0,,player.fcgi?id=rodrig005alf
Jake Stinnett,20,2012,Maryland,20,16,16,3,4,2,0,0,3,0,0,0,5,0.25,0.25,0.375,0.625,6,,0,0,0,0,,player.fcgi?id=stinne000jak
Korey Wacker?,--,2012,Maryland,49,133,116,14,29,2,1,0,12,15,2,6,10,0.25,0.307,0.284,0.592,33,,4,6,1,0,,player.fcgi?id=wacker000kor
Charlie White*,20,2012,Maryland,17,75,59,11,12,1,1,0,4,5,1,9,6,0.203,0.356,0.254,0.61,15,,5,2,0,0,,player.fcgi?id=white-012cha
Andrew Amaro*,20,2013,Maryland,35,68,54,10,16,5,0,0,4,5,0,9,7,0.296,0.415,0.389,0.804,21,,2,3,0,0,,player.fcgi?id=amaro-000and
Jack Cleary,23,2013,Maryland,41,157,122,20,26,9,0,1,19,0,0,11,17,0.213,0.336,0.311,0.647,38,,12,11,1,0,,player.fcgi?id=cleary000joh
Kyle Convissar,21,2013,Maryland,43,198,157,27,51,11,1,1,37,7,4,10,23,0.325,0.427,0.427,0.854,67,,21,6,4,1,,player.fcgi?id=convis000kyl
Jose Cuas,19,2013,Maryland,45,146,121,16,22,4,1,1,17,2,0,14,17,0.182,0.279,0.256,0.535,31,,3,6,2,0,,player.fcgi?id=cuas--000jos
Jordan Hagel,22,2013,Maryland,52,182,148,34,48,15,2,4,24,13,3,19,35,0.324,0.415,0.534,0.949,79,,6,6,3,1,,player.fcgi?id=hagel-000jor
K.J. Hockaday,20,2013,Maryland,36,148,126,17,36,7,1,0,15,7,0,11,27,0.286,0.375,0.357,0.732,45,,7,4,0,0,,player.fcgi?id=hockad000kev
Tim Kiene*,21,2013,Maryland,8,35,25,1,7,4,0,0,3,0,0,4,4,0.28,0.429,0.44,0.869,11,,4,0,2,0,,player.fcgi?id=kiene-001tim
Kevin Martir,19,2013,Maryland,50,209,183,25,51,9,0,0,19,0,0,16,20,0.279,0.345,0.328,0.673,60,,3,6,1,0,,player.fcgi?id=martir000kev
Mike Montville,21,2013,Maryland,17,45,39,6,12,5,1,0,10,1,0,4,10,0.308,0.372,0.487,0.859,19,,0,2,0,0,,player.fcgi?id=montvi000mic
Kyle Moore,19,2013,Maryland,5,5,5,1,1,0,0,0,0,0,0,0,0,0.2,0.2,0.2,0.4,1,,0,0,0,0,,player.fcgi?id=moore-002kyl
Greg Olenski,21,2013,Maryland,25,62,51,5,13,7,0,0,4,0,0,7,14,0.255,0.367,0.392,0.759,20,,2,2,0,0,,player.fcgi?id=olensk000gre
Anthony Papio*,20,2013,Maryland,47,171,143,19,35,5,3,3,21,0,2,19,33,0.245,0.345,0.385,0.73,55,,3,6,0,1,,player.fcgi?id=papio-000ant
Alex Ramsay*,20,2013,Maryland,4,4,4,1,2,1,0,0,0,0,0,0,1,0.5,0.5,0.75,1.25,3,,0,0,0,0,,player.fcgi?id=ramsay000ale
Blake Schmit,21,2013,Maryland,55,230,195,38,54,9,2,2,30,6,4,13,26,0.277,0.348,0.374,0.723,73,,10,9,3,0,,player.fcgi?id=schmit000bla
LaMonte Wade Jr.*,19,2013,Maryland,55,256,200,36,52,14,3,1,38,14,5,41,35,0.26,0.387,0.375,0.762,75,,3,8,4,2,,player.fcgi?id=wade--000lam
Charlie White*,21,2013,Maryland,55,269,214,44,75,9,2,0,29,39,7,28,17,0.35,0.449,0.411,0.86,88,,12,13,2,1,,player.fcgi?id=white-012cha
Alex Yee?,--,2013,Maryland,3,3,3,0,0,0,0,0,0,0,0,0,0,0,0,0,0,0,,0,0,0,0,,player.fcgi?id=yee---000ale
Andrew Amaro*,21,2014,Maryland,36,67,57,13,11,1,0,0,7,3,2,5,16,0.193,0.303,0.211,0.514,12,,4,1,0,0,,player.fcgi?id=amaro-000and
Nick Cieri*,19,2014,Maryland,48,153,133,17,33,8,0,0,18,2,0,15,16,0.248,0.329,0.308,0.637,41,,2,1,2,0,,player.fcgi?id=cieri-000nic
Kyle Convissar,22,2014,Maryland,45,165,124,15,30,5,0,1,16,4,3,16,31,0.242,0.404,0.306,0.71,38,,19,4,2,0,,player.fcgi?id=convis000kyl
Jose Cuas,20,2014,Maryland,59,231,204,23,57,13,0,5,42,3,2,14,49,0.279,0.333,0.417,0.75,85,,4,6,3,1,,player.fcgi?id=cuas--000jos
Pat Hisle,19,2014,Maryland,10,6,5,0,1,0,0,0,0,0,0,0,3,0.2,0.333,0.2,0.533,1,,1,0,0,0,,player.fcgi?id=hisle-000pat
Brad Keith,19,2014,Maryland,5,5,5,0,0,0,0,0,0,0,0,0,3,0,0,0,0,0,,0,0,0,0,,player.fcgi?id=keith-000bra
Krysthian Leal*,--,2014,Maryland,27,59,48,5,9,2,0,0,6,3,1,7,9,0.188,0.31,0.229,0.54,11,,2,1,1,0,,player.fcgi?id=leal--000kry
Tim Lewis?,--,2014,Maryland,42,131,111,22,30,2,0,0,15,2,1,12,26,0.27,0.357,0.288,0.645,32,,3,5,0,1,,player.fcgi?id=lewis-003tim
Brandon Lowe*,19,2014,Maryland,54,238,181,35,63,12,3,1,42,8,4,34,20,0.348,0.464,0.464,0.928,84,,11,5,7,4,,player.fcgi?id=lowe--001bra
Kevin Martir,20,2014,Maryland,54,204,171,29,46,8,0,4,26,3,1,14,28,0.269,0.359,0.386,0.745,66,,11,6,2,0,,player.fcgi?id=martir000kev
Mike Montville,22,2014,Maryland,32,71,61,14,14,4,0,1,3,1,0,7,21,0.23,0.329,0.344,0.673,21,,2,1,0,0,,player.fcgi?id=montvi000mic
Anthony Papio*,21,2014,Maryland,62,219,177,23,48,9,0,2,29,7,3,22,52,0.271,0.389,0.356,0.745,63,,14,3,3,0,,player.fcgi?id=papio-000ant
Mike Rescigno,19,2014,Maryland,36,109,83,12,20,4,0,0,11,4,1,14,26,0.241,0.402,0.289,0.691,24,,9,2,1,0,,player.fcgi?id=rescig000mik
Blake Schmit,22,2014,Maryland,60,259,207,42,64,18,1,1,31,16,5,19,29,0.309,0.413,0.42,0.833,87,,19,12,2,1,,player.fcgi?id=schmit000bla
LaMonte Wade Jr.*,20,2014,Maryland,62,288,227,37,56,12,1,2,25,4,1,36,37,0.247,0.358,0.335,0.693,76,,5,17,3,1,,player.fcgi?id=wade--000lam
Charlie White*,22,2014,Maryland,62,304,245,49,71,14,0,2,29,25,5,25,18,0.29,0.4,0.371,0.771,91,,20,14,0,1,,player.fcgi?id=white-012cha
Jake Atwell*,22,2012,Virginia Tech,34,117,99,26,41,5,4,4,19,6,1,13,15,0.414,0.483,0.667,1.149,66,,2,1,2,0,,player.fcgi?id=atwell000jak
Eddie Campbell*,20,2012,Virginia Tech,19,1,1,0,0,0,0,0,0,0,0,0,1,0,0,0,0,0,,0,0,0,0,,player.fcgi?id=campbe002ed-
Brendon Hayden*,19,2012,Virginia Tech,44,145,131,16,44,10,1,2,21,1,1,11,29,0.336,0.393,0.473,0.866,62,,2,0,1,0,,player.fcgi?id=hayden000bre
Tyler Horan*,21,2012,Virginia Tech,54,232,188,45,53,8,2,15,41,7,2,27,46,0.282,0.4,0.585,0.985,110,,12,2,3,4,,player.fcgi?id=horan-000tyl
Sean Keselica*,19,2012,Virginia Tech,31,76,65,9,18,3,0,0,6,1,2,9,21,0.277,0.373,0.323,0.696,21,,1,1,0,2,,player.fcgi?id=keseli000sea
Johnny Morales,21,2012,Virginia Tech,52,235,200,32,55,12,0,1,34,4,2,20,14,0.275,0.344,0.35,0.694,70,,3,8,4,2,,player.fcgi?id=morale003joh
Chad Morgan,21,2012,Virginia Tech,32,118,98,10,18,1,0,2,17,0,1,9,19,0.184,0.263,0.255,0.518,25,,3,4,4,0,,player.fcgi?id=morgan006cha
Gabe Ortiz?,--,2012,Virginia Tech,29,90,71,19,17,5,0,0,6,4,0,6,12,0.239,0.386,0.31,0.696,22,,11,2,0,1,,player.fcgi?id=ortiz-002gab
Alex Perez*,19,2012,Virginia Tech,55,239,187,28,46,9,3,0,27,4,2,32,33,0.246,0.361,0.326,0.687,61,,4,12,4,0,,player.fcgi?id=perez-009ale
Chad Pinder,20,2012,Virginia Tech,53,239,212,36,69,22,1,7,37,6,5,14,42,0.325,0.38,0.538,0.917,114,,7,2,4,2,,player.fcgi?id=pinder000cha
Andrew Rash,22,2012,Virginia Tech,49,207,187,38,51,11,1,7,34,7,2,9,40,0.273,0.335,0.455,0.789,85,,9,1,1,1,,player.fcgi?id=rash--000and
Ronnie Shaban*,22,2012,Virginia Tech,36,152,133,17,37,9,1,1,21,1,0,13,30,0.278,0.344,0.383,0.728,51,,2,1,3,0,,player.fcgi?id=shaban000ron
Kyle Wernicki,20,2012,Virginia Tech,43,99,87,14,21,3,1,0,11,4,3,2,27,0.241,0.29,0.299,0.589,26,,4,6,0,0,,player.fcgi?id=wernic000kyl
Mark Zagunis,19,2012,Virginia Tech,49,222,189,35,65,13,2,5,34,17,5,21,25,0.344,0.43,0.513,0.943,97,,9,1,2,1,,player.fcgi?id=zaguni000mar
Jake Atwell*,21,2011,Virginia Tech,44,146,125,30,38,5,3,2,19,5,1,18,21,0.304,0.397,0.44,0.837,55,,2,0,1,,,player.fcgi?id=atwell000jak
Tony Balisteri?,--,2011,Virginia Tech,54,241,214,45,68,12,2,5,26,13,5,18,31,0.318,0.373,0.463,0.835,99,,2,5,2,,,player.fcgi?id=balist000ton
Matt Blow?,--,2011,Virginia Tech,43,101,87,10,21,4,2,3,13,0,0,9,23,0.241,0.323,0.437,0.76,38,,2,2,1,,,player.fcgi?id=blow--000mat
Scott Heelan,18,2011,Virginia Tech,8,4,4,0,0,0,0,0,0,0,0,0,1,0,0,0,0,0,,0,0,0,,,player.fcgi?id=heelan000sco
Tyler Horan*,20,2011,Virginia Tech,28,53,48,12,19,7,1,3,12,3,1,2,11,0.396,0.434,0.771,1.205,37,,2,0,1,,,player.fcgi?id=horan-000tyl
Chris Kay,22,2011,Virginia Tech,34,98,88,10,20,5,0,3,13,0,0,6,9,0.227,0.284,0.386,0.671,34,,1,3,0,,,player.fcgi?id=kay---000chr
Zac MacAneney?,--,2011,Virginia Tech,21,5,3,3,0,0,0,0,1,1,0,0,1,0,0,0,0,0,,0,1,1,,,player.fcgi?id=macane000zac
Johnny Morales,20,2011,Virginia Tech,55,219,178,29,45,9,0,1,20,2,0,14,21,0.253,0.337,0.32,0.657,57,,10,14,3,,,player.fcgi?id=morale003joh
Chad Morgan,20,2011,Virginia Tech,43,159,139,21,34,11,0,2,24,0,2,16,35,0.245,0.34,0.367,0.707,51,,4,0,0,,,player.fcgi?id=morgan006cha
Gabe Ortiz?,--,2011,Virginia Tech,39,100,87,16,24,8,3,3,13,3,1,6,24,0.276,0.327,0.54,0.867,47,,2,2,3,,,player.fcgi?id=ortiz-002gab
Chad Pinder,19,2011,Virginia Tech,37,114,104,21,33,3,4,3,14,4,1,7,19,0.317,0.368,0.51,0.878,53,,2,0,1,,,player.fcgi?id=pinder000cha
Andrew Rash,21,2011,Virginia Tech,51,221,191,49,64,17,0,18,53,4,3,18,50,0.335,0.416,0.707,1.123,135,,10,0,2,,,player.fcgi?id=rash--000and
Michael Seaborn?,--,2011,Virginia Tech,55,260,218,53,66,20,3,3,32,6,3,21,38,0.303,0.376,0.463,0.84,101,,9,5,7,,,player.fcgi?id=seabor000mic
Ronnie Shaban*,21,2011,Virginia Tech,54,246,219,31,64,17,4,5,52,4,2,22,49,0.292,0.362,0.475,0.837,104,,3,0,2,,,player.fcgi?id=shaban000ron
Tim Smalling,23,2011,Virginia Tech,54,246,220,39,69,14,6,9,42,5,2,16,29,0.314,0.378,0.555,0.933,122,,8,0,2,,,player.fcgi?id=smalli001tim
Brett Armour?,--,2011,Wake Forest,52,180,157,19,29,4,1,2,12,7,2,18,44,0.185,0.285,0.261,0.546,41,,4,1,0,,,player.fcgi?id=armour000bre
Pat Blair,19,2011,Wake Forest,53,234,178,41,46,14,0,3,18,16,3,52,41,0.258,0.433,0.388,0.821,69,,3,1,0,,,player.fcgi?id=blair-000pat
Steven Brooks,22,2011,Wake Forest,56,252,191,47,46,13,0,4,27,30,3,51,45,0.241,0.406,0.372,0.777,71,,4,3,3,,,player.fcgi?id=brooks001ste
Jack Carey?,--,2011,Wake Forest,37,61,54,6,12,0,0,1,6,0,1,6,15,0.222,0.311,0.278,0.589,15,,1,0,0,,,player.fcgi?id=carey-000jac
Matt Conway,20,2011,Wake Forest,53,225,195,24,50,16,0,6,38,4,0,25,33,0.256,0.342,0.431,0.773,84,,2,0,3,,,player.fcgi?id=conway000mat
Jack Fischer,19,2011,Wake Forest,28,44,39,3,5,1,0,0,2,2,1,1,17,0.128,0.209,0.154,0.363,6,,3,1,0,,,player.fcgi?id=fische000jac
James Harris*,19,2011,Wake Forest,45,138,126,19,27,6,0,5,15,1,1,10,49,0.214,0.268,0.381,0.649,48,,0,0,2,,,player.fcgi?id=harris019jam
Conor Keniry*,19,2011,Wake Forest,45,163,137,17,27,7,0,0,11,10,3,24,38,0.197,0.321,0.248,0.569,34,,1,1,0,,,player.fcgi?id=keniry000con
Trenton Langston?,--,2011,Wake Forest,4,4,4,1,1,0,0,0,0,0,0,0,3,0.25,0.25,0.25,0.5,1,,0,0,0,,,player.fcgi?id=langst000tre
Ryan Lloyd?,--,2011,Wake Forest,47,108,93,10,18,7,2,1,6,2,1,8,35,0.194,0.276,0.344,0.62,32,,3,3,1,,,player.fcgi?id=lloyd-000rya
Carlos Lopez,21,2011,Wake Forest,51,211,178,24,48,11,1,11,34,3,1,22,54,0.27,0.355,0.528,0.884,94,,5,0,6,,,player.fcgi?id=lopez-009car
Mike Lubanski?,--,2011,Wake Forest,6,16,15,1,3,1,0,1,1,0,0,1,4,0.2,0.25,0.467,0.717,7,,0,0,0,,,player.fcgi?id=lubans000mik
Charlie Morgan*,19,2011,Wake Forest,44,130,112,10,24,3,0,4,22,1,0,14,33,0.214,0.297,0.348,0.645,39,,0,2,2,,,player.fcgi?id=morgan007cha
Mark Rhine?,--,2011,Wake Forest,35,119,100,13,17,3,0,0,7,6,0,7,16,0.17,0.267,0.2,0.467,20,,7,3,2,,,player.fcgi?id=rhine-000mar
Stephen Schoettmer?,--,2011,Wake Forest,18,23,22,1,2,1,0,0,1,0,0,0,13,0.091,0.13,0.136,0.267,3,,1,0,0,,,player.fcgi?id=schoet000ste
Austin Stadler*,21,2011,Wake Forest,17,1,1,0,0,0,0,0,1,0,0,0,0,0,0,0,0,0,,0,0,0,,,player.fcgi?id=stadle001aus
Evan Stephens?,--,2011,Wake Forest,17,17,13,1,0,0,0,0,0,1,0,3,6,0,0.235,0,0.235,0,,1,0,0,,,player.fcgi?id=stephe000eva
Mac Williamson,20,2011,Wake Forest,56,243,205,33,56,9,0,12,49,11,3,25,58,0.273,0.368,0.493,0.86,101,,8,1,4,,,player.fcgi?id=willia028joh
Chris Willson?,--,2011,Wake Forest,7,1,1,0,0,0,0,0,0,0,0,0,1,0,0,0,0,0,,0,0,0,,,player.fcgi?id=willso000chr
Zane Yanzick?,--,2011,Wake Forest,36,44,34,3,6,1,0,0,1,3,3,5,17,0.176,0.341,0.206,0.547,7,,4,0,1,,,player.fcgi?id=yanzic000zan
Brett Armour?,--,2012,Wake Forest,52,182,165,25,39,10,0,4,22,4,1,10,37,0.236,0.285,0.37,0.655,61,,2,3,2,0,,player.fcgi?id=armour000bre
Pat Blair,20,2012,Wake Forest,57,279,226,59,66,15,1,2,31,22,5,46,31,0.292,0.416,0.394,0.81,89,,4,0,3,1,,player.fcgi?id=blair-000pat
Jack Carey?,--,2012,Wake Forest,31,73,58,9,17,6,0,0,16,3,1,10,15,0.293,0.411,0.397,0.808,23,,3,0,2,0,,player.fcgi?id=carey-000jac
Matt Conway,21,2012,Wake Forest,2,6,4,1,0,0,0,0,1,0,0,2,1,0,0.333,0,0.333,0,,0,0,0,0,,player.fcgi?id=conway000mat
Michael Dimock,22,2012,Wake Forest,29,1,0,1,0,0,0,0,0,0,0,1,0,,1,,,0,,0,0,0,0,,player.fcgi?id=dimock000mic
James Harris*,20,2012,Wake Forest,37,120,105,8,19,6,0,1,11,2,1,14,36,0.181,0.283,0.267,0.55,28,,1,0,0,1,,player.fcgi?id=harris019jam
Kevin Jordan*,20,2012,Wake Forest,45,141,125,13,28,6,0,1,14,5,2,15,54,0.224,0.312,0.296,0.608,37,,1,0,0,0,,player.fcgi?id=jordan004kev
Conor Keniry*,20,2012,Wake Forest,52,236,198,40,54,13,0,0,24,11,4,28,42,0.273,0.366,0.338,0.705,67,,3,4,3,0,,player.fcgi?id=keniry000con
Carlos Lopez,22,2012,Wake Forest,57,250,201,38,59,17,0,10,51,2,1,36,36,0.294,0.412,0.527,0.939,106,,8,0,5,2,,player.fcgi?id=lopez-009car
Mike Lubanski?,--,2012,Wake Forest,1,1,0,0,0,0,0,0,0,0,0,1,0,,1,,,0,,0,0,0,0,,player.fcgi?id=lubans000mik
Matt Martin,19,2012,Wake Forest,7,20,17,2,1,0,0,0,1,0,0,3,8,0.059,0.2,0.059,0.259,1,,0,0,0,0,,player.fcgi?id=martin004mat
Charlie Morgan*,20,2012,Wake Forest,56,209,179,25,45,9,4,3,35,2,1,23,39,0.251,0.33,0.397,0.727,71,,1,0,6,1,,player.fcgi?id=morgan007cha
Joe Napolitano,20,2012,Wake Forest,9,28,20,4,1,0,0,0,1,0,0,7,4,0.05,0.286,0.05,0.336,1,,0,0,1,0,,player.fcgi?id=napoli002joe
Mark Rhine?,--,2012,Wake Forest,51,194,171,28,48,8,0,1,17,5,2,15,21,0.281,0.349,0.345,0.694,59,,4,2,2,0,,player.fcgi?id=rhine-000mar
Stephen Schoettmer?,--,2012,Wake Forest,15,26,23,2,2,0,0,1,1,0,0,3,7,0.087,0.192,0.217,0.41,5,,0,0,0,0,,player.fcgi?id=schoet000ste
Grant Shambley?,--,2012,Wake Forest,32,68,53,7,17,3,0,0,6,2,1,10,9,0.321,0.446,0.377,0.824,20,,2,3,0,0,,player.fcgi?id=shambl000gra
Evan Stephens?,--,2012,Wake Forest,56,203,159,40,46,4,0,2,17,13,2,27,49,0.289,0.415,0.352,0.768,56,,8,8,1,0,,player.fcgi?id=stephe000eva
Mac Williamson,21,2012,Wake Forest,53,230,192,42,55,7,0,17,52,12,3,23,41,0.286,0.396,0.589,0.984,113,,13,0,2,3,,player.fcgi?id=willia028joh