Name,Age,Season,Team,W,L,W-L%,ERA,G,GS,GF,CG,SHO,SV,IP,H,R,ER,HR,BB,IBB,SO,HBP,BK,WP,BF,WHIP,H9,HR9,BB9,SO9,SO/W,Notes,Name-additional
Tim Brechbuehler,21,2011,North Carolina,,,,6.75,,0,,,0,,4,2,4,3,,6,,4,,,,,2,4.5,,13.5,9,0.67,,player.fcgi?id=brechb000tim
Garrett Davis,20,2011,North Carolina,,,,0,,0,,,0,,2.1,0,0,0,,3,,0,,,,,1.286,0,,11.6,0,0,,player.fcgi?id=davis-002gar
Kent Emanuel*,19,2011,North Carolina,,,,2.31,,16,,,1,,105,96,30,27,,23,,89,,,,,1.133,8.2,,2,7.6,3.87,,player.fcgi?id=emanue001ken
Bryant Gaines,23,2011,North Carolina,,,,4.5,,2,,,0,,18,14,9,9,,5,,20,,,,,1.056,7,,2.5,10,4,,player.fcgi?id=gaines000bry
Greg Holt,22,2011,North Carolina,,,,4.04,,2,,,0,,62.1,57,28,28,,32,,68,,,,,1.428,8.2,,4.6,9.8,2.13,,player.fcgi?id=holt--000gre
Hobbs Johnson*,20,2011,North Carolina,,,,0,,0,,,0,,5.1,4,0,0,,1,,6,,,,,0.938,6.8,,1.7,10.1,6,,player.fcgi?id=johnso000hob
Patrick Johnson,22,2011,North Carolina,,,,2.47,,17,,,1,,113,85,33,31,,32,,125,,,,,1.035,6.8,,2.5,10,3.91,,player.fcgi?id=johnso005pat
Jimmy Messer,21,2011,North Carolina,,,,2.7,,0,,,0,,10,10,6,3,,4,,11,,,,,1.4,9,,3.6,9.9,2.75,,player.fcgi?id=messer001jam
Mike Morin,20,2011,North Carolina,,,,4.64,,6,,,0,,64,63,35,33,,18,,66,,,,,1.266,8.9,,2.5,9.3,3.67,,player.fcgi?id=morin-001mic
Chris Munnelly,20,2011,North Carolina,,,,4.06,,14,,,0,,71,71,35,32,,31,,57,,,,,1.437,9,,3.9,7.2,1.84,,player.fcgi?id=munnel000chr
R.C. Orlan*,20,2011,North Carolina,,,,4.26,,0,,,0,,19,18,10,9,,11,,24,,,,,1.526,8.5,,5.2,11.4,2.18,,player.fcgi?id=orlan-001rob
Tate Parrish*,19,2011,North Carolina,,,,2.12,,0,,,0,,17,9,5,4,,10,,15,,,,,1.118,4.8,,5.3,7.9,1.5,,player.fcgi?id=parris000tat
Cody Penny,20,2011,North Carolina,,,,5.63,,0,,,0,,16,17,10,10,,9,,18,,,,,1.625,9.6,,5.1,10.1,2,,player.fcgi?id=penny-000cod
Andrew Smith,19,2011,North Carolina,,,,2.77,,1,,,0,,26,27,12,8,,11,,27,,,,,1.462,9.3,,3.8,9.3,2.45,,player.fcgi?id=smith-009and
Cody Stiles,20,2011,North Carolina,,,,2.43,,8,,,0,,37,29,12,10,,13,,29,,,,,1.135,7.1,,3.2,7.1,2.23,,player.fcgi?id=stiles001cod
Shane Taylor,18,2011,North Carolina,,,,3,,1,,,0,,36,45,18,12,,12,,38,,,,,1.583,11.3,,3,9.5,3.17,,player.fcgi?id=taylor000sha
George Carter?,--,2012,North Carolina,0,0,,0,1,0,,,0,0,0.1,1,0,0,0,0,0,0,0,0,1,2,3,27,0,0,0,,,player.fcgi?id=carter004geo
Kent Emanuel*,20,2012,North Carolina,8,4,0.667,1.96,17,16,,,0,0,110,91,33,24,3,23,0,100,7,0,0,445,1.036,7.4,0.2,1.9,8.2,4.35,,player.fcgi?id=emanue001ken
Hobbs Johnson*,21,2012,North Carolina,7,1,0.875,1.56,22,7,,,0,0,57.2,37,14,10,3,24,0,69,3,0,0,238,1.058,5.8,0.5,3.7,10.8,2.88,,player.fcgi?id=johnso000hob
Trevor Kelley,19,2012,North Carolina,0,0,,16.2,4,0,,,0,0,1.2,5,3,3,0,2,0,3,0,0,2,12,4.2,27,0,10.8,16.2,1.5,,player.fcgi?id=kelley000tre
Chris McCue,19,2012,North Carolina,1,0,1,2.1,25,0,,,0,0,25.2,22,11,6,1,9,0,17,1,0,1,108,1.208,7.7,0.4,3.2,6,1.89,,player.fcgi?id=mccue-000chr
Mason McCullough,19,2012,North Carolina,0,0,,3.86,16,0,,,0,0,9.1,9,6,4,0,8,0,8,1,0,2,45,1.821,8.7,0,7.7,7.7,1,,player.fcgi?id=mccull000mas
Jimmy Messer,22,2012,North Carolina,0,0,,6.75,3,0,,,0,0,4,8,3,3,1,1,0,1,0,0,0,20,2.25,18,2.3,2.3,2.3,1,,player.fcgi?id=messer001jam
Mike Morin,21,2012,North Carolina,6,4,0.6,1.4,38,0,,,0,19,58,38,10,9,3,19,2,55,8,0,1,234,0.983,5.9,0.5,2.9,8.5,2.89,,player.fcgi?id=morin-001mic
Benton Moss,19,2012,North Carolina,7,2,0.778,1.94,17,16,,,0,0,79,65,25,17,4,23,0,83,7,3,2,336,1.114,7.4,0.5,2.6,9.5,3.61,,player.fcgi?id=moss--000ben
Chris Munnelly,21,2012,North Carolina,2,0,1,3.61,15,10,,,0,0,47.1,43,21,19,1,27,0,24,4,0,1,212,1.479,8.2,0.2,5.1,4.6,0.89,,player.fcgi?id=munnel000chr
Chris O'Brien?,--,2012,North Carolina,1,2,0.333,3.46,14,5,,,0,0,26,30,12,10,0,11,0,16,1,1,1,117,1.577,10.4,0,3.8,5.5,1.45,,player.fcgi?id=obrien004chr
R.C. Orlan*,21,2012,North Carolina,8,1,0.889,2.21,38,0,,,0,0,57,55,16,14,2,11,0,66,2,1,0,237,1.158,8.7,0.3,1.7,10.4,6,,player.fcgi?id=orlan-001rob
Tate Parrish*,20,2012,North Carolina,1,0,1,2.89,25,0,,,0,0,9.1,11,7,3,0,5,0,13,3,0,1,48,1.714,10.6,0,4.8,12.5,2.6,,player.fcgi?id=parris000tat
Luis Paula,19,2012,North Carolina,0,1,0,5.95,13,2,,,0,0,19.2,25,18,13,3,11,1,21,1,0,3,95,1.831,11.4,1.4,5,9.6,1.91,,player.fcgi?id=paula-000lui
Cody Penny,21,2012,North Carolina,0,0,,6.61,18,2,,,0,0,16.1,19,13,12,1,9,0,19,3,0,5,81,1.714,10.5,0.6,5,10.5,2.11,,player.fcgi?id=penny-000cod
Andrew Smith,20,2012,North Carolina,0,0,,27,5,0,,,0,0,1.1,2,4,4,0,5,0,1,0,0,0,10,5.25,13.5,0,33.8,6.8,0.2,,player.fcgi?id=smith-009and
Shane Taylor,19,2012,North Carolina,5,1,0.833,3.48,26,4,,,0,0,41.1,38,20,16,0,17,0,34,4,1,1,180,1.331,8.3,0,3.7,7.4,2,,player.fcgi?id=taylor000sha
Taylore Cherry,20,2013,North Carolina,1,0,1,8.1,8,1,,,0,0,10,16,10,9,0,5,0,4,3,0,2,55,2.1,14.4,0,4.5,3.6,0.8,,player.fcgi?id=cherry000tay
Kent Emanuel*,21,2013,North Carolina,11,5,0.688,3.14,21,18,,,3,1,131.2,121,52,46,7,32,0,98,4,0,3,543,1.162,8.3,0.5,2.2,6.7,3.06,,player.fcgi?id=emanue001ken
Peter Hendel*,20,2013,North Carolina,0,0,,27,4,0,,,0,0,0.2,3,2,2,0,1,0,1,0,0,0,6,6,40.5,0,13.5,13.5,1,,player.fcgi?id=hendel000pet
Reilly Hovis,19,2013,North Carolina,4,0,1,2.36,18,4,,,0,0,34.1,20,10,9,1,24,4,26,1,0,2,150,1.282,5.2,0.3,6.3,6.8,1.08,,player.fcgi?id=hovis-000rei
Hobbs Johnson*,22,2013,North Carolina,5,1,0.833,2.37,18,17,,,0,0,87.1,62,25,23,0,51,0,78,5,0,4,377,1.294,6.4,0,5.3,8,1.53,,player.fcgi?id=johnso000hob
Trevor Kelley,20,2013,North Carolina,2,1,0.667,3.63,32,0,,,0,2,44.2,33,20,18,1,19,0,36,6,0,6,188,1.164,6.6,0.2,3.8,7.3,1.89,,player.fcgi?id=kelley000tre
Chris McCue,20,2013,North Carolina,7,1,0.875,2.13,32,0,,,0,2,63.1,43,19,15,2,28,2,54,4,1,11,265,1.121,6.1,0.3,4,7.7,1.93,,player.fcgi?id=mccue-000chr
Mason McCullough,20,2013,North Carolina,0,1,0,0.73,17,0,,,0,0,12.1,4,1,1,0,7,0,14,3,0,2,49,0.892,2.9,0,5.1,10.2,2,,player.fcgi?id=mccull000mas
Benton Moss,20,2013,North Carolina,8,1,0.889,3.77,19,16,,,0,0,88.1,79,41,37,7,34,0,92,10,1,6,384,1.279,8,0.7,3.5,9.4,2.71,,player.fcgi?id=moss--000ben
Chris Munnelly,22,2013,North Carolina,6,0,1,2.39,22,8,,,0,1,60.1,36,16,16,3,27,1,63,9,0,4,252,1.044,5.4,0.4,4,9.4,2.33,,player.fcgi?id=munnel000chr
Chris O'Brien?,--,2013,North Carolina,0,1,0,10.8,4,0,,,0,0,1.2,5,4,2,0,2,0,0,0,0,0,12,4.2,27,0,10.8,0,0,,player.fcgi?id=obrien004chr
Tate Parrish*,21,2013,North Carolina,1,0,1,1.35,20,0,,,0,2,6.2,4,1,1,0,4,0,10,2,0,0,33,1.2,5.4,0,5.4,13.5,2.5,,player.fcgi?id=parris000tat
Luis Paula,20,2013,North Carolina,0,0,,8.59,9,0,,,0,1,7.1,5,7,7,0,10,0,6,1,0,1,37,2.045,6.1,0,12.3,7.4,0.6,,player.fcgi?id=paula-000lui
Andrew Smith,21,2013,North Carolina,0,0,,0,1,0,,,0,0,1,0,0,0,0,1,0,2,0,0,0,4,1,0,0,9,18,2,,player.fcgi?id=smith-009and
Shane Taylor,20,2013,North Carolina,2,0,1,3,11,1,,,0,0,12,14,4,4,0,10,1,7,1,0,3,57,2,10.5,0,7.5,5.3,0.7,,player.fcgi?id=taylor000sha
Trent Thornton,19,2013,North Carolina,12,1,0.923,1.37,29,6,,,0,8,91.2,69,22,14,3,19,2,81,5,0,4,369,0.96,6.8,0.3,1.9,8,4.26,,player.fcgi?id=thornt000tre
A.J. Bogucki,19,2014,North Carolina,1,0,1,2.28,13,3,,,0,0,23.2,16,11,6,0,13,0,27,4,0,3,104,1.225,6.1,0,4.9,10.3,2.08,,player.fcgi?id=boguck000aj-
Taylore Cherry,21,2014,North Carolina,2,3,0.4,4.01,12,7,,,0,0,42.2,41,19,19,2,22,0,26,4,0,5,197,1.477,8.6,0.4,4.6,5.5,1.18,,player.fcgi?id=cherry000tay
Zac Gallen,18,2014,North Carolina,5,4,0.556,4.64,17,17,,,0,0,85.1,93,50,44,4,23,1,62,9,1,3,366,1.359,9.8,0.4,2.4,6.5,2.7,,player.fcgi?id=gallen000zac
Jack Geraghty,20,2014,North Carolina,0,0,,0,2,0,,,0,0,2,2,0,0,0,0,0,2,0,0,0,8,1,9,0,0,9,,,player.fcgi?id=geragh000jac
Reilly Hovis,20,2014,North Carolina,9,1,0.9,2.25,34,1,,,0,6,64,44,16,16,2,24,1,81,2,0,8,256,1.063,6.2,0.3,3.4,11.4,3.38,,player.fcgi?id=hovis-000rei
Trevor Kelley,21,2014,North Carolina,1,4,0.2,3.25,31,0,,,0,2,44.1,47,17,16,1,16,1,28,4,0,7,198,1.421,9.5,0.2,3.2,5.7,1.75,,player.fcgi?id=kelley000tre
Chris McCue,21,2014,North Carolina,0,0,,0.77,7,0,,,0,7,11.2,10,1,1,0,9,0,14,0,1,7,53,1.629,7.7,0,6.9,10.8,1.56,,player.fcgi?id=mccue-000chr
Benton Moss,21,2014,North Carolina,4,2,0.667,3.62,16,15,,,0,0,97,77,44,39,1,35,2,77,13,3,7,417,1.155,7.1,0.1,3.2,7.1,2.2,,player.fcgi?id=moss--000ben
Tate Parrish*,22,2014,North Carolina,0,0,,3.86,5,0,,,0,0,2.1,0,1,1,0,1,0,2,0,0,0,8,0.429,0,0,3.9,7.7,2,,player.fcgi?id=parris000tat
Luis Paula,21,2014,North Carolina,1,3,0.25,3.8,8,5,,,0,0,21.1,22,11,9,1,14,1,23,1,0,1,102,1.688,9.3,0.4,5.9,9.7,1.64,,player.fcgi?id=paula-000lui
Zach Rice*,18,2014,North Carolina,2,3,0.4,4.29,34,0,,,0,0,21,21,11,10,0,15,1,29,2,0,0,99,1.714,9,0,6.4,12.4,1.93,,player.fcgi?id=rice--000zac
Henry Sisson*,21,2014,North Carolina,0,1,0,3.29,10,0,,,0,0,13.2,12,6,5,1,7,0,10,0,0,2,60,1.39,7.9,0.7,4.6,6.6,1.43,,player.fcgi?id=sisson002hen
Trent Thornton,20,2014,North Carolina,7,4,0.636,2.73,16,14,,,1,1,95.2,77,33,29,2,29,2,83,13,0,7,406,1.108,7.2,0.2,2.7,7.8,2.86,,player.fcgi?id=thornt000tre
Spencer Trayner,19,2014,North Carolina,3,2,0.6,1.6,28,0,,,0,0,39.1,32,8,7,0,16,6,33,6,1,6,176,1.22,7.3,0,3.7,7.6,2.06,,player.fcgi?id=trayne000spe
A.J. Bogucki,20,2015,North Carolina,1,2,0.333,4.96,9,3,,,0,0,16.1,16,12,9,1,11,0,23,2,0,3,79,1.653,8.8,0.6,6.1,12.7,2.09,,player.fcgi?id=boguck000aj-
JB Bukauskas,18,2015,North Carolina,5,3,0.625,4.09,14,14,,,0,0,72.2,64,37,33,4,30,0,67,3,1,8,308,1.294,7.9,0.5,3.7,8.3,2.23,,player.fcgi?id=bukaus000jb-
Hansen Butler,19,2015,North Carolina,1,0,1,3.38,19,0,,,0,0,21.1,30,10,8,0,12,1,25,2,0,2,106,1.969,12.7,0,5.1,10.5,2.08,,player.fcgi?id=butler000han
Brett Daniels,19,2015,North Carolina,0,0,,3.38,5,2,,,0,0,5.1,7,4,2,0,4,0,6,1,0,1,29,2.063,11.8,0,6.8,10.1,1.5,,player.fcgi?id=daniel000bre
Zac Gallen,19,2015,North Carolina,4,3,0.571,2.79,14,12,,,1,0,84,72,32,26,6,19,1,74,7,2,2,349,1.083,7.7,0.6,2,7.9,3.89,,player.fcgi?id=gallen000zac
Jack Geraghty,21,2015,North Carolina,0,0,,inf,1,0,,,0,0,0,3,3,3,0,0,0,0,0,0,0,3,,,,,,,,player.fcgi?id=geragh000jac
Reilly Hovis,21,2015,North Carolina,1,0,1,18,2,0,,,0,0,3,5,6,6,0,3,0,5,1,0,0,18,2.667,15,0,9,15,1.67,,player.fcgi?id=hovis-000rei
Trevor Kelley,22,2015,North Carolina,5,3,0.625,2.55,41,0,,,0,5,77.2,67,29,22,2,20,1,71,9,1,6,323,1.12,7.8,0.2,2.3,8.2,3.55,,player.fcgi?id=kelley000tre
Chris McCue,22,2015,North Carolina,0,0,,6,9,0,,,0,0,6,10,8,4,0,5,0,5,1,0,2,34,2.5,15,0,7.5,7.5,1,,player.fcgi?id=mccue-000chr
Jason Morgan,19,2015,North Carolina,0,0,,3.91,12,1,,,0,1,23,28,12,10,1,5,0,8,5,0,0,103,1.435,11,0.4,2,3.1,1.6,,player.fcgi?id=morgan001jas
Benton Moss,22,2015,North Carolina,7,1,0.875,3.44,13,13,,,0,0,68,68,31,26,5,17,0,66,5,0,4,288,1.25,9,0.7,2.3,8.7,3.88,,player.fcgi?id=moss--000ben
Nick Raquet*,19,2015,North Carolina,1,0,1,1.42,12,0,,,0,0,6.1,6,1,1,0,4,0,5,2,0,4,31,1.579,8.5,0,5.7,7.1,1.25,,player.fcgi?id=raquet000nic
Zach Rice*,19,2015,North Carolina,0,0,,2.31,20,0,,,0,1,11.2,7,9,3,0,16,0,13,3,0,2,62,1.971,5.4,0,12.3,10,0.81,,player.fcgi?id=rice--000zac
Trent Thornton,21,2015,North Carolina,3,7,0.3,5.08,28,4,,,0,6,62,53,38,35,3,31,3,81,2,0,12,267,1.355,7.7,0.4,4.5,11.8,2.61,,player.fcgi?id=thornt000tre
Spencer Trayner,20,2015,North Carolina,2,3,0.4,4.84,23,0,,,0,0,22.1,23,17,12,3,12,3,21,2,0,1,104,1.567,9.3,1.2,4.8,8.5,1.75,,player.fcgi?id=trayne000spe
Hunter Williams*,19,2015,North Carolina,4,2,0.667,1.79,14,9,,,1,0,40.1,28,13,8,1,23,0,35,4,0,8,174,1.264,6.2,0.2,5.1,7.8,1.52,,player.fcgi?id=willia000hun
Cole Aker,19,2016,North Carolina,3,1,0.75,3.41,21,2,,0,0,0,29,30,11,11,2,17,1,30,2,0,3,133,1.621,9.3,0.6,5.3,9.3,1.76,,player.fcgi?id=aker--000col
A.J. Bogucki,21,2016,North Carolina,5,5,0.5,2.86,28,0,,0,0,1,50.1,39,22,16,1,25,2,53,5,1,11,216,1.272,7,0.2,4.5,9.5,2.12,,player.fcgi?id=boguck000aj-
JB Bukauskas,19,2016,North Carolina,7,2,0.778,3.1,13,13,,0,0,0,78.1,68,32,27,6,29,0,111,7,0,6,333,1.238,7.8,0.7,3.3,12.8,3.83,,player.fcgi?id=bukaus000jb-
Hansen Butler,20,2016,North Carolina,3,0,1,2,14,0,,0,0,2,18,15,6,4,0,9,1,24,2,0,2,79,1.333,7.5,0,4.5,12,2.67,,player.fcgi?id=butler000han
Brett Daniels,20,2016,North Carolina,2,1,0.667,2.17,23,0,,0,0,0,37.1,30,11,9,2,12,5,34,1,1,5,151,1.125,7.2,0.5,2.9,8.2,2.83,,player.fcgi?id=daniel000bre
Zac Gallen,20,2016,North Carolina,5,6,0.455,2.68,13,13,,1,1,0,90.2,68,30,27,2,21,0,95,2,0,2,355,0.982,6.8,0.2,2.1,9.4,4.52,,player.fcgi?id=gallen000zac
Rodney Hutchison,19,2016,North Carolina,1,2,0.333,5.82,8,3,,0,0,0,17,20,15,11,2,8,0,16,2,0,1,80,1.647,10.6,1.1,4.2,8.5,2,,player.fcgi?id=hutchi000rod
Brendon Little*,19,2016,North Carolina,0,0,,6.75,4,0,,0,0,0,4,4,3,3,1,2,0,2,0,0,1,19,1.5,9,2.3,4.5,4.5,1,,player.fcgi?id=little000bre
Chris McCue,23,2016,North Carolina,0,0,,6.23,6,0,,0,0,0,4.1,0,3,3,0,5,0,4,1,0,2,16,1.154,0,0,10.4,8.3,0.8,,player.fcgi?id=mccue-000chr
Jason Morgan,20,2016,North Carolina,3,3,0.5,4.1,15,15,,0,0,0,63.2,56,34,29,6,32,0,47,6,0,3,288,1.382,7.9,0.8,4.5,6.6,1.47,,player.fcgi?id=morgan001jas
Zach Rice*,20,2016,North Carolina,0,0,,2.45,10,0,,0,0,0,3.2,5,2,1,0,5,0,6,1,0,0,22,2.727,12.3,0,12.3,14.7,1.2,,player.fcgi?id=rice--000zac
Cody Roberts,20,2016,North Carolina,0,0,,0,1,0,,0,0,0,0.2,0,0,0,0,0,0,0,0,0,0,2,0,0,0,0,0,,,player.fcgi?id=robert000cod
J.T. Rogoszewski,--,2016,North Carolina,0,0,,5.06,3,2,,0,0,0,5.1,4,5,3,0,5,0,5,1,0,0,26,1.688,6.8,0,8.4,8.4,1,,player.fcgi?id=rogosz000jt-
Ryder Ryan,21,2016,North Carolina,0,0,,inf,1,0,,0,0,0,0,1,1,1,0,3,0,0,0,0,0,4,,,,,,0,,player.fcgi?id=ryan--000ryd
Taylor Sugg,18,2016,North Carolina,0,0,,2.45,14,0,,0,0,1,14.2,17,8,4,1,5,0,16,3,0,3,69,1.5,10.4,0.6,3.1,9.8,3.2,,player.fcgi?id=sugg--000tay
Spencer Trayner,21,2016,North Carolina,2,0,1,2.5,34,0,,0,0,0,36,27,13,10,0,12,0,33,1,0,2,144,1.083,6.8,0,3,8.3,2.75,,player.fcgi?id=trayne000spe
Hunter Williams*,20,2016,North Carolina,3,1,0.75,3.13,23,7,,0,0,0,37.1,39,17,13,3,26,1,41,7,0,2,182,1.741,9.4,0.7,6.3,9.9,1.58,,player.fcgi?id=willia000hun
Cole Aker,20,2017,North Carolina,1,1,0.5,2.12,10,3,,0,0,0,17,8,6,4,1,13,0,18,6,0,1,74,1.235,4.2,0.5,6.9,9.5,1.38,,player.fcgi?id=aker--000col
Zach Attianese*,19,2017,North Carolina,0,0,,0,9,0,,0,0,0,2.2,1,1,0,0,4,0,1,0,0,2,14,1.875,3.4,0,13.5,3.4,0.25,,player.fcgi?id=attian000zac
Tyler Baum,19,2017,North Carolina,7,0,1,2.57,16,15,,0,0,0,63,47,18,18,6,27,0,47,4,0,3,261,1.175,6.7,0.9,3.9,6.7,1.74,,player.fcgi?id=baum--000tyl
Austin Bergner,20,2017,North Carolina,4,2,0.667,3,27,3,,0,0,1,48,35,20,16,3,25,2,45,1,0,2,204,1.25,6.6,0.6,4.7,8.4,1.8,,player.fcgi?id=bergne000aus
JB Bukauskas,20,2017,North Carolina,9,1,0.9,2.53,15,15,,0,0,0,92.2,62,34,26,7,37,0,116,9,0,14,385,1.068,6,0.7,3.6,11.3,3.14,,player.fcgi?id=bukaus000jb-
Gianluca Dalatri,19,2017,North Carolina,7,3,0.7,3.34,15,15,,0,0,0,97,90,41,36,7,19,2,85,3,0,6,398,1.124,8.4,0.6,1.8,7.9,4.47,,player.fcgi?id=dalatr000luc
Brett Daniels,21,2017,North Carolina,5,0,1,2.68,27,0,,0,0,0,40.1,34,14,12,2,20,0,33,2,0,2,176,1.339,7.6,0.4,4.5,7.4,1.65,,player.fcgi?id=daniel000bre
Trevor Gay,21,2017,North Carolina,1,0,1,3.65,16,0,,0,0,0,12.1,11,7,5,0,7,0,14,2,0,2,55,1.459,8,0,5.1,10.2,2,,player.fcgi?id=gay---000tre
Josh Hiatt,20,2017,North Carolina,4,2,0.667,1.9,32,0,,0,0,13,52,31,13,11,3,20,2,64,8,0,9,213,0.981,5.4,0.5,3.5,11.1,3.2,,player.fcgi?id=hiatt-000jos
Rodney Hutchison,20,2017,North Carolina,7,4,0.636,4.14,31,1,,0,0,1,58.2,58,30,27,3,17,1,53,8,1,2,252,1.278,8.9,0.5,2.6,8.1,3.12,,player.fcgi?id=hutchi000rod
Jason Morgan,21,2017,North Carolina,3,0,1,3.92,18,7,,0,0,0,43.2,41,21,19,4,20,0,36,8,0,4,198,1.397,8.5,0.8,4.1,7.4,1.8,,player.fcgi?id=morgan001jas
Evan Odum,19,2017,North Carolina,0,0,,inf,1,0,,0,0,0,0,3,3,3,0,1,0,0,0,0,0,4,,,,,,0,,player.fcgi?id=odum--000eva
Taylor Sugg,19,2017,North Carolina,1,1,0.5,1.95,17,3,,0,0,0,27.2,24,7,6,0,14,1,18,1,0,4,123,1.373,7.8,0,4.6,5.9,1.29,,player.fcgi?id=sugg--000tay
Bo Weiss,19,2017,North Carolina,0,0,,2.7,15,1,,0,0,0,16.2,15,6,5,0,8,0,14,6,0,2,77,1.38,8.1,0,4.3,7.6,1.75,,player.fcgi?id=weiss-000bo-
Tyler Baum,20,2018,North Carolina,4,1,0.8,4.57,18,12,,0,0,0,65,58,38,33,6,32,0,74,7,0,10,285,1.385,8,0.8,4.4,10.2,2.31,,player.fcgi?id=baum--000tyl
Austin Bergner,21,2018,North Carolina,7,3,0.7,4.25,17,13,,0,0,1,82.2,76,50,39,9,34,1,84,3,0,6,353,1.331,8.3,1,3.7,9.1,2.47,,player.fcgi?id=bergne000aus
Kyle Blendinger,--,2018,North Carolina,0,0,,0,4,0,,0,0,0,3.1,2,2,0,0,2,0,3,0,0,0,14,1.2,5.4,0,5.4,8.1,1.5,,player.fcgi?id=blendi000kyl
Hansen Butler,22,2018,North Carolina,0,1,0,6.52,14,0,,0,0,0,9.2,9,8,7,1,14,0,17,2,0,2,55,2.379,8.4,0.9,13,15.8,1.21,,player.fcgi?id=butler000han
Ben Casparius,19,2018,North Carolina,1,0,1,1.69,10,0,,0,0,1,10.2,4,2,2,0,9,0,9,1,0,3,45,1.219,3.4,0,7.6,7.6,1,,player.fcgi?id=caspar000ben
Cooper Criswell,21,2018,North Carolina,6,2,0.75,2.99,26,9,,0,0,1,75.1,71,30,25,8,12,1,86,7,1,3,314,1.102,8.5,1,1.4,10.3,7.17,,player.fcgi?id=criswe000coo
Gianluca Dalatri,20,2018,North Carolina,2,2,0.5,3.33,7,7,,0,0,0,27,35,10,10,2,7,0,31,0,0,4,123,1.556,11.7,0.7,2.3,10.3,4.43,,player.fcgi?id=dalatr000luc
Brett Daniels,22,2018,North Carolina,6,1,0.857,2.77,39,1,,0,0,2,65,62,22,20,5,29,2,74,3,0,7,282,1.4,8.6,0.7,4,10.2,2.55,,player.fcgi?id=daniel000bre
Trevor Gay,22,2018,North Carolina,0,0,,0,4,0,,0,0,0,2.2,2,2,0,0,3,0,6,1,0,0,14,1.875,6.8,0,10.1,20.3,2,,player.fcgi?id=gay---000tre
Josh Hiatt,21,2018,North Carolina,3,2,0.6,3.73,31,0,,0,0,6,50.2,46,27,21,5,19,1,52,5,0,4,214,1.283,8.2,0.9,3.4,9.2,2.74,,player.fcgi?id=hiatt-000jos
Rodney Hutchison,21,2018,North Carolina,3,3,0.5,4.55,23,10,,1,1,0,59.1,65,35,30,3,16,0,56,10,0,2,270,1.365,9.9,0.5,2.4,8.5,3.5,,player.fcgi?id=hutchi000rod
Joey Lancellotti,20,2018,North Carolina,3,4,0.429,3.96,28,1,,0,0,1,38.2,26,19,17,5,18,0,43,6,0,5,165,1.138,6.1,1.2,4.2,10,2.39,,player.fcgi?id=lancel000joe
Caden O'Brien*,19,2018,North Carolina,7,0,1,2.63,30,2,,0,0,0,48,30,17,14,3,27,0,52,3,1,3,199,1.188,5.6,0.6,5.1,9.8,1.93,,player.fcgi?id=obrien000cad
Taylor Sugg,20,2018,North Carolina,2,1,0.667,5.4,12,9,,0,0,0,33.1,36,23,20,4,19,0,32,2,0,3,154,1.65,9.7,1.1,5.1,8.6,1.68,,player.fcgi?id=sugg--000tay
Bo Weiss,20,2018,North Carolina,0,0,,3.38,6,0,,0,0,0,2.2,3,1,1,0,7,0,4,0,0,1,18,3.75,10.1,0,23.6,13.5,0.57,,player.fcgi?id=weiss-000bo-
Tyler Baum,21,2019,North Carolina,7,3,0.7,3.87,17,16,,0,0,0,93,94,44,40,6,25,0,99,5,0,12,399,1.28,9.1,0.6,2.4,9.6,3.96,,player.fcgi?id=baum--000tyl
Austin Bergner,22,2019,North Carolina,6,1,0.857,4.94,16,16,,0,0,0,82,91,52,45,7,31,0,77,3,1,12,367,1.488,10,0.8,3.4,8.5,2.48,,player.fcgi?id=bergne000aus
Kyle Blendinger,--,2019,North Carolina,0,0,,4,9,0,,0,0,0,9,5,5,4,1,4,0,8,3,0,0,40,1,5,1,4,8,2,,player.fcgi?id=blendi000kyl
Hansen Butler,23,2019,North Carolina,5,0,1,3.86,21,0,,0,0,1,21,19,14,9,1,18,0,31,1,1,4,98,1.762,8.1,0.4,7.7,13.3,1.72,,player.fcgi?id=butler000han
Ben Casparius,20,2019,North Carolina,0,0,,4.41,12,0,,0,0,1,16.1,17,9,8,0,7,0,14,1,0,0,72,1.469,9.4,0,3.9,7.7,2,,player.fcgi?id=caspar000ben
Gianluca Dalatri,21,2019,North Carolina,1,1,0.5,2.25,6,6,,0,0,0,32,29,12,8,1,8,0,35,4,0,6,138,1.156,8.2,0.3,2.3,9.8,4.38,,player.fcgi?id=dalatr000luc
Josh Dotson,--,2019,North Carolina,3,0,1,4.5,25,2,,0,0,0,34,32,22,17,1,18,0,27,9,0,4,162,1.471,8.5,0.3,4.8,7.1,1.5,,player.fcgi?id=dotson003jos
Andrew Grogan,21,2019,North Carolina,4,2,0.667,4.84,21,7,,0,0,0,44.2,46,29,24,6,22,2,34,9,0,1,213,1.522,9.3,1.2,4.4,6.9,1.55,,player.fcgi?id=grogan000and
Joey Lancellotti,21,2019,North Carolina,6,4,0.6,3.12,27,2,,0,0,3,52,47,25,18,2,29,1,56,7,2,5,236,1.462,8.1,0.3,5,9.7,1.93,,player.fcgi?id=lancel000joe
Austin Love,20,2019,North Carolina,8,4,0.667,3.22,36,0,,0,0,5,67,53,29,24,4,25,0,67,6,0,10,280,1.164,7.1,0.5,3.4,9,2.68,,player.fcgi?id=love--000aus
Bennett Nance?,--,2019,North Carolina,0,0,,0,4,0,,0,0,0,1,2,0,0,0,2,0,1,0,0,0,7,4,18,0,18,9,0.5,,player.fcgi?id=nance-000ben
Caden O'Brien*,20,2019,North Carolina,1,1,0.5,5.13,30,0,,0,0,2,33.1,27,25,19,4,22,0,29,2,0,1,149,1.47,7.3,1.1,5.9,7.8,1.32,,player.fcgi?id=obrien000cad
Connor Ollio,19,2019,North Carolina,3,1,0.75,4.58,22,5,,0,0,0,37.1,38,22,19,5,16,0,44,2,0,2,168,1.446,9.2,1.2,3.9,10.6,2.75,,player.fcgi?id=ollio-000con
Nik Pry,19,2019,North Carolina,0,0,,18,5,0,,0,0,0,4,6,8,8,1,0,0,7,2,0,1,20,1.5,13.5,2.3,0,15.8,,,player.fcgi?id=pry---000nik
Will Sandy*,19,2019,North Carolina,2,2,0.5,5.52,22,11,,0,0,0,58.2,63,39,36,2,31,0,41,3,1,2,269,1.602,9.7,0.3,4.8,6.3,1.32,,player.fcgi?id=sandy-000wil
Max Alba,20,2020,North Carolina,1,0,1,6.97,5,2,,0,0,0,10.1,11,8,8,0,5,0,9,1,0,2,47,1.548,9.6,0,4.4,7.8,1.8,,player.fcgi?id=alba--000max
Kyle Blendinger,--,2020,North Carolina,0,0,,0,1,0,,0,0,0,1,2,0,0,0,1,0,1,0,0,0,6,3,18,0,9,9,1,,player.fcgi?id=blendi000kyl
Joe Charles,20,2020,North Carolina,0,0,,0,3,0,,0,0,0,1.1,0,0,0,0,4,0,2,0,0,2,8,3,0,0,27,13.5,0.5,,player.fcgi?id=charle000jos
Austin Elliott?,--,2020,North Carolina,0,0,,3.86,6,0,,0,0,0,4.2,2,2,2,0,8,0,6,1,0,2,24,2.143,3.9,0,15.4,11.6,0.75,,player.fcgi?id=elliot002aus
Gage Gillian,21,2020,North Carolina,0,0,,2.45,6,0,,0,0,1,7.1,6,2,2,0,3,0,11,0,0,1,32,1.227,7.4,0,3.7,13.5,3.67,,player.fcgi?id=gillia000gag
Nick James*,19,2020,North Carolina,0,0,,3.86,3,0,,0,0,0,2.1,2,2,1,1,1,0,4,0,0,0,11,1.286,7.7,3.9,3.9,15.4,4,,player.fcgi?id=james-003nic
Chris Joyner?,--,2020,North Carolina,0,0,,1.74,9,0,,0,0,0,10.1,12,2,2,0,2,0,8,2,0,1,47,1.355,10.5,0,1.7,7,4,,player.fcgi?id=joyner000chr
Joey Lancellotti,22,2020,North Carolina,2,1,0.667,2.22,4,4,,0,0,0,24.1,13,6,6,2,8,0,21,2,0,2,98,0.863,4.8,0.7,3,7.8,2.63,,player.fcgi?id=lancel000joe
Austin Love,21,2020,North Carolina,1,0,1,6.75,8,0,,0,0,1,14.2,11,12,11,3,8,1,14,0,0,1,60,1.295,6.8,1.8,4.9,8.6,1.75,,player.fcgi?id=love--000aus
Kyle Mott,20,2020,North Carolina,3,0,1,2.7,9,0,,0,0,0,16.2,13,6,5,2,6,1,20,2,0,1,71,1.14,7,1.1,3.2,10.8,3.33,,player.fcgi?id=mott--000kyl
Caden O'Brien*,21,2020,North Carolina,0,1,0,2.08,6,2,,0,0,0,13,8,5,3,0,13,0,20,1,0,0,59,1.615,5.5,0,9,13.8,1.54,,player.fcgi?id=obrien000cad
Michael Oh,22,2020,North Carolina,0,0,,5.68,2,2,,0,0,0,6.1,7,4,4,0,2,0,5,0,0,0,27,1.421,9.9,0,2.8,7.1,2.5,,player.fcgi?id=oh----000mic
Connor Ollio,20,2020,North Carolina,1,1,0.5,4.61,4,4,,0,0,0,13.2,16,11,7,0,2,0,8,2,0,1,62,1.317,10.5,0,1.3,5.3,4,,player.fcgi?id=ollio-000con
Davison Palermo,20,2020,North Carolina,1,0,1,1.86,5,1,,0,0,0,9.2,2,5,2,0,6,0,10,1,0,0,40,0.828,1.9,0,5.6,9.3,1.67,,player.fcgi?id=palerm000dav
Nik Pry,20,2020,North Carolina,3,2,0.6,4.66,7,0,,0,0,0,9.2,8,5,5,1,3,0,7,0,0,1,40,1.138,7.4,0.9,2.8,6.5,2.33,,player.fcgi?id=pry---000nik
Shawn Rapp*,19,2020,North Carolina,0,0,,1.23,8,0,,0,0,1,7.1,1,1,1,0,3,0,6,0,0,0,24,0.545,1.2,0,3.7,7.4,2,,player.fcgi?id=rapp--000sha
Will Sandy*,20,2020,North Carolina,0,2,0,4.5,4,4,,0,0,0,20,17,10,10,3,8,0,20,2,0,1,89,1.25,7.7,1.4,3.6,9,2.5,,player.fcgi?id=sandy-000wil
Max Alba,21,2021,North Carolina,2,4,0.333,6.96,12,9,,0,0,0,32.1,35,26,25,10,8,0,29,2,0,3,142,1.33,9.7,2.8,2.2,8.1,3.63,,player.fcgi?id=alba--000max
Kyle Blendinger,--,2021,North Carolina,0,0,,6,3,0,,0,0,0,3,2,3,2,0,4,0,0,0,0,0,15,2,6,0,12,0,0,,player.fcgi?id=blendi000kyl
Max Carlson,19,2021,North Carolina,2,2,0.5,6.04,7,7,,0,0,0,28.1,24,20,19,3,17,0,23,2,0,6,124,1.447,7.6,1,5.4,7.3,1.35,,player.fcgi?id=carlso000max
Caleb Cozart,20,2021,North Carolina,0,0,,6.48,13,5,,0,0,0,25,27,20,18,0,15,1,18,2,0,1,120,1.68,9.7,0,5.4,6.5,1.2,,player.fcgi?id=cozart000cal
Gage Gillian,22,2021,North Carolina,1,2,0.333,2.34,24,1,,0,0,4,50,38,15,13,4,9,1,49,3,0,1,201,0.94,6.8,0.7,1.6,8.8,5.44,,player.fcgi?id=gillia000gag
Nick James*,20,2021,North Carolina,1,0,1,2.89,10,0,,0,0,0,9.1,7,3,3,0,8,0,10,1,0,1,43,1.607,6.8,0,7.7,9.6,1.25,,player.fcgi?id=james-003nic
Chris Joyner?,--,2021,North Carolina,1,1,0.5,4.3,11,1,,0,0,0,14.2,20,11,7,1,4,0,17,0,1,2,67,1.636,12.3,0.6,2.5,10.4,4.25,,player.fcgi?id=joyner000chr
Joey Lancellotti,23,2021,North Carolina,1,1,0.5,2.45,4,0,,0,0,1,11,11,3,3,0,4,0,12,1,0,5,47,1.364,9,0,3.3,9.8,3,,player.fcgi?id=lancel000joe
Austin Love,22,2021,North Carolina,10,4,0.714,3.71,17,16,,2,0,0,102,85,45,42,9,32,0,129,2,0,20,418,1.147,7.5,0.8,2.8,11.4,4.03,,player.fcgi?id=love--000aus
Kyle Mott,21,2021,North Carolina,0,0,,18,4,0,,0,0,0,2,4,4,4,2,3,0,2,0,0,3,13,3.5,18,9,13.5,9,0.67,,player.fcgi?id=mott--000kyl
Caden O'Brien*,22,2021,North Carolina,3,1,0.75,5.2,21,2,,0,0,3,36.1,36,22,21,3,15,0,38,1,0,3,158,1.404,8.9,0.7,3.7,9.4,2.53,,player.fcgi?id=obrien000cad
Michael Oh,23,2021,North Carolina,0,0,,3.86,4,0,,0,0,0,4.2,3,2,2,1,1,0,3,1,0,0,18,0.857,5.8,1.9,1.9,5.8,3,,player.fcgi?id=oh----000mic
Connor Ollio,21,2021,North Carolina,2,3,0.4,5.06,20,3,,0,0,2,32,28,19,18,3,19,0,28,1,0,3,142,1.469,7.9,0.8,5.3,7.9,1.47,,player.fcgi?id=ollio-000con
Davison Palermo,21,2021,North Carolina,0,1,0,6.88,17,0,,0,0,0,17,19,15,13,2,17,0,20,3,0,5,88,2.118,10.1,1.1,9,10.6,1.18,,player.fcgi?id=palerm000dav
Cannon Pickell,18,2021,North Carolina,0,0,,2.45,4,0,,0,0,0,3.2,3,1,1,0,5,0,6,2,0,0,19,2.182,7.4,0,12.3,14.7,1.2,,player.fcgi?id=pickel000can
Nik Pry,21,2021,North Carolina,3,4,0.429,6.27,29,0,,0,0,4,47.1,51,40,33,11,18,1,62,2,0,13,216,1.458,9.7,2.1,3.4,11.8,3.44,,player.fcgi?id=pry---000nik
Tanner Quick,19,2021,North Carolina,0,1,0,27,1,1,,0,0,0,1,3,3,3,0,1,0,1,0,0,0,7,4,27,0,9,9,1,,player.fcgi?id=quick-000tan
Shawn Rapp*,20,2021,North Carolina,1,2,0.333,5.21,25,5,,0,0,0,46.2,56,27,27,4,14,1,59,11,0,4,215,1.5,10.8,0.8,2.7,11.4,4.21,,player.fcgi?id=rapp--000sha
Will Sandy*,21,2021,North Carolina,1,1,0.5,11.42,10,5,,0,0,0,17.1,25,25,22,2,12,0,8,4,0,2,94,2.135,13,1,6.2,4.2,0.67,,player.fcgi?id=sandy-000wil
Connor Bovair,20,2022,North Carolina,5,4,0.556,5.5,23,9,,0,0,1,54,53,38,33,13,32,2,49,1,0,3,246,1.574,8.8,2.2,5.3,8.2,1.53,,player.fcgi?id=bovair000con
Max Carlson,20,2022,North Carolina,4,3,0.571,3.71,18,18,,0,0,0,77.2,70,37,32,10,38,0,88,5,1,9,341,1.391,8.1,1.2,4.4,10.2,2.32,,player.fcgi?id=carlso000max
Caleb Cozart,21,2022,North Carolina,0,0,,1.08,8,0,,0,0,0,8.1,7,1,1,0,4,0,7,2,0,0,38,1.32,7.6,0,4.3,7.6,1.75,,player.fcgi?id=cozart000cal
Gage Gillian,23,2022,North Carolina,3,3,0.5,4.13,33,1,,0,0,0,52.1,55,25,24,9,16,2,40,0,0,1,222,1.357,9.5,1.5,2.8,6.9,2.5,,player.fcgi?id=gillia000gag
Kyle Mott,22,2022,North Carolina,6,3,0.667,6.02,24,1,,0,0,1,40.1,44,30,27,7,17,0,55,5,1,2,188,1.512,9.8,1.6,3.8,12.3,3.24,,player.fcgi?id=mott--000kyl
Caden O'Brien*,23,2022,North Carolina,3,0,1,3.86,25,0,,0,0,5,28,24,15,12,2,15,2,35,3,0,2,123,1.393,7.7,0.6,4.8,11.3,2.33,,player.fcgi?id=obrien000cad
Connor Ollio,22,2022,North Carolina,1,1,0.5,6.75,21,3,,0,0,0,24,37,18,18,5,8,1,21,2,0,0,114,1.875,13.9,1.9,3,7.9,2.63,,player.fcgi?id=ollio-000con
Davison Palermo,22,2022,North Carolina,2,2,0.5,2.78,37,0,,0,0,5,58.1,40,20,18,7,24,0,74,4,0,1,243,1.097,6.2,1.1,3.7,11.4,3.08,,player.fcgi?id=palerm000dav
Shaddon Peavyhouse,23,2022,North Carolina,3,3,0.5,4.97,18,6,,0,0,0,29,29,19,16,4,19,0,23,6,0,4,140,1.655,9,1.2,5.9,7.1,1.21,,player.fcgi?id=peavyh000sha
Nik Pry,22,2022,North Carolina,3,0,1,4.54,32,0,,0,0,0,37.2,44,22,19,5,18,0,43,2,0,16,173,1.646,10.5,1.2,4.3,10.3,2.39,,player.fcgi?id=pry---000nik
Tanner Quick,20,2022,North Carolina,0,0,,0,1,0,,0,0,0,0.2,0,0,0,0,2,0,1,1,0,0,5,3,0,0,27,13.5,0.5,,player.fcgi?id=quick-000tan
Shawn Rapp*,21,2022,North Carolina,4,0,1,3.8,42,2,,0,0,1,45,42,25,19,5,22,1,59,6,0,3,205,1.422,8.4,1,4.4,11.8,2.68,,player.fcgi?id=rapp--000sha
Will Sandy*,22,2022,North Carolina,1,0,1,2.59,12,6,,0,0,0,24.1,18,8,7,2,18,0,14,2,0,1,111,1.479,6.7,0.7,6.7,5.2,0.78,,player.fcgi?id=sandy-000wil
Brandon Schaeffer*,22,2022,North Carolina,7,3,0.7,3.75,21,18,,1,1,1,96,110,45,40,14,24,1,71,9,2,5,413,1.396,10.3,1.3,2.3,6.7,2.96,,player.fcgi?id=schaef000bra
Alden Segui,19,2022,North Carolina,0,0,,0,1,0,,0,0,0,1,1,1,0,0,1,0,3,0,0,1,5,2,9,0,9,27,3,,player.fcgi?id=sequi-000ald
Carson Starnes,19,2022,North Carolina,0,0,,13.5,2,0,,0,0,0,0.2,1,1,1,1,0,0,1,0,0,0,3,1.5,13.5,13.5,0,13.5,,,player.fcgi?id=starne000car
Nelson Berkwich*,21,2023,North Carolina,2,2,0.5,9,22,0,,0,0,0,10,15,10,10,1,5,0,15,2,0,2,50,2,13.5,0.9,4.5,13.5,3,,player.fcgi?id=berkwi000nel
Connor Bovair,21,2023,North Carolina,4,4,0.5,5.57,16,14,,0,0,0,72.2,79,50,45,12,22,0,57,4,1,5,326,1.39,9.8,1.5,2.7,7.1,2.59,,player.fcgi?id=bovair000con
Max Carlson,21,2023,North Carolina,5,2,0.714,5.45,17,14,,0,0,1,76,74,49,46,15,32,0,76,4,0,5,325,1.395,8.8,1.8,3.8,9,2.38,,player.fcgi?id=carlso000max
Kevin Eaise,23,2023,North Carolina,3,3,0.5,3.04,28,1,,0,0,5,56.1,41,21,19,7,28,3,61,3,0,5,237,1.225,6.6,1.1,4.5,9.7,2.18,,player.fcgi?id=eaise-000kev
Jake Knapp,22,2023,North Carolina,5,4,0.556,5.04,16,16,,0,0,0,64.1,67,40,36,14,36,1,65,5,0,8,299,1.601,9.4,2,5,9.1,1.81,,player.fcgi?id=knapp-000jak
Matthew Matthijs,19,2023,North Carolina,0,1,0,3.86,23,0,,0,0,0,21,28,16,9,3,18,0,28,1,0,3,112,2.19,12,1.3,7.7,12,1.56,,player.fcgi?id=matthi000mat
Cam Padgett,19,2023,North Carolina,2,1,0.667,5.73,20,4,,0,0,0,37.2,42,25,24,2,16,0,28,5,0,2,174,1.54,10,0.5,3.8,6.7,1.75,,player.fcgi?id=padget000cam
Dalton Pence*,20,2023,North Carolina,4,3,0.571,3.33,27,5,,0,0,2,48.2,40,21,18,6,19,0,50,0,1,0,205,1.212,7.4,1.1,3.5,9.2,2.63,,player.fcgi?id=pence-000dal
Kyle Percival*,19,2023,North Carolina,2,0,1,3.66,12,4,,0,0,0,19.2,16,11,8,5,13,0,16,0,0,3,89,1.475,7.3,2.3,5.9,7.3,1.23,,player.fcgi?id=perciv000kyl
Ben Peterson,21,2023,North Carolina,3,0,1,5.4,25,0,,0,0,1,35,37,21,21,6,21,0,30,0,0,6,161,1.657,9.5,1.5,5.4,7.7,1.43,,player.fcgi?id=peters006ben
Matt Poston,22,2023,North Carolina,3,3,0.5,1.9,31,0,,0,0,5,42.2,21,10,9,2,23,0,49,8,0,8,178,1.031,4.4,0.4,4.9,10.3,2.13,,player.fcgi?id=poston000mat
Nik Pry,23,2023,North Carolina,1,0,1,7.15,17,0,,0,0,0,11.1,10,10,9,3,9,0,12,0,0,0,51,1.676,7.9,2.4,7.1,9.5,1.33,,player.fcgi?id=pry---000nik
Will Sandy*,23,2023,North Carolina,2,0,1,6.21,17,2,,0,0,1,29,35,21,20,7,17,0,35,3,0,2,136,1.793,10.9,2.2,5.3,10.9,2.06,,player.fcgi?id=sandy-000wil
Will Simmons,19,2023,North Carolina,0,0,,0,4,0,,0,0,0,3,3,3,0,0,0,0,2,0,0,0,13,1,9,0,0,6,,,player.fcgi?id=simmon006wil
Carson Starnes,20,2023,North Carolina,0,0,,0,1,0,,0,0,0,1,0,0,0,0,2,0,2,0,0,1,5,2,0,0,18,18,1,,player.fcgi?id=starne000car
Justin Szestowicki,20,2023,North Carolina,0,1,0,5.68,8,0,,0,0,0,6.1,11,6,4,2,1,0,1,0,0,0,30,1.895,15.6,2.8,1.4,1.4,1,,player.fcgi?id=szesto000jus
Folger Boaz*,20,2024,North Carolina,3,1,0.75,5.77,9,9,,0,0,0,39,48,26,25,7,19,1,38,5,0,5,188,1.718,11.1,1.6,4.4,8.8,2,,player.fcgi?id=boaz--000fol
Connor Bovair,22,2024,North Carolina,1,0,1,3.62,23,1,,0,0,1,27.1,28,12,11,4,8,0,27,0,0,0,118,1.317,9.2,1.3,2.6,8.9,3.38,,player.fcgi?id=bovair000con
Francesco Capocci,20,2024,North Carolina,0,0,,12.27,5,0,,0,0,0,3.2,6,7,5,0,2,0,7,1,1,0,21,2.182,14.7,0,4.9,17.2,3.5,,player.fcgi?id=capocc000fra
Jason DeCaro,18,2024,North Carolina,6,1,0.857,3.81,18,18,,0,0,0,89.2,74,41,38,10,44,0,78,9,0,3,388,1.316,7.4,1,4.4,7.8,1.77,,player.fcgi?id=decaro000jas
Ryan Fischer,23,2024,North Carolina,0,0,,4.76,5,0,,0,0,1,5.2,10,5,3,1,5,1,4,0,0,0,32,2.647,15.9,1.6,7.9,6.4,0.8,,player.fcgi?id=fische003rya
Boston Flannery,20,2024,North Carolina,0,0,,15.19,6,2,,0,0,0,5.1,10,11,9,0,9,0,2,3,0,2,40,3.563,16.9,0,15.2,3.4,0.22,,player.fcgi?id=flanne000bos
Aidan Haugh,21,2024,North Carolina,4,3,0.571,4.83,22,8,,0,0,0,54,58,33,29,10,27,0,61,3,0,7,251,1.574,9.7,1.7,4.5,10.2,2.26,,player.fcgi?id=haugh-000aid
Olin Johnson,19,2024,North Carolina,1,0,1,4.96,7,6,,0,0,0,16.1,20,15,9,0,8,0,10,1,0,3,80,1.714,11,0,4.4,5.5,1.25,,player.fcgi?id=johnso002oli
Matthew Matthijs,20,2024,North Carolina,12,4,0.75,3.72,36,0,,0,0,0,58,49,29,24,5,18,0,56,5,0,2,241,1.155,7.6,0.8,2.8,8.7,3.11,,player.fcgi?id=matthi000mat
Cam Padgett,20,2024,North Carolina,1,0,1,5.22,17,2,,0,0,0,29.1,34,19,17,5,10,0,20,2,1,1,128,1.5,10.4,1.5,3.1,6.1,2,,player.fcgi?id=padget000cam
Dalton Pence*,21,2024,North Carolina,5,1,0.833,2.45,36,0,,0,0,8,58.2,40,18,16,6,27,0,74,4,0,1,246,1.142,6.1,0.9,4.1,11.4,2.74,,player.fcgi?id=pence-000dal
Kyle Percival*,20,2024,North Carolina,4,0,1,2.42,22,0,,0,0,0,22.1,20,8,6,1,11,0,20,1,0,2,100,1.388,8.1,0.4,4.4,8.1,1.82,,player.fcgi?id=perciv000kyl
Ben Peterson,22,2024,North Carolina,3,2,0.6,4.7,19,3,,0,0,1,30.2,31,18,16,1,20,2,30,7,1,3,145,1.663,9.1,0.3,5.9,8.8,1.5,,player.fcgi?id=peters006ben
Matt Poston,23,2024,North Carolina,5,2,0.714,5.12,29,0,,0,0,4,38.2,34,22,22,5,21,1,52,4,0,3,175,1.422,7.9,1.2,4.9,12.1,2.48,,player.fcgi?id=poston000mat
Will Simmons,20,2024,North Carolina,0,0,,0,4,0,,0,0,0,1.2,2,1,0,0,2,0,0,0,0,0,8,2.4,10.8,0,10.8,0,0,,player.fcgi?id=simmon006wil
Shea Sprague*,21,2024,North Carolina,3,2,0.6,4.25,17,15,,0,0,0,78.1,78,42,37,14,18,1,70,8,0,1,328,1.226,9,1.6,2.1,8,3.89,,player.fcgi?id=spragu000she
Folger Boaz*,21,2025,North Carolina,3,0,1,3.9,23,4,,0,0,0,30,30,19,13,5,18,0,30,6,0,2,141,1.6,9,1.5,5.4,9,1.67,,player.fcgi?id=boaz--000fol
Cale Bolton,24,2025,North Carolina,0,0,,3,10,0,,0,0,0,9,10,4,3,1,4,1,7,2,0,1,42,1.556,10,1,4,7,1.75,,player.fcgi?id=bolton000cal
Tom Chmielewski*,24,2025,North Carolina,0,0,,0.87,13,0,,0,0,1,10.1,7,1,1,0,4,1,7,1,0,0,43,1.065,6.1,0,3.5,6.1,1.75,,player.fcgi?id=chmiel000tom
Jason DeCaro,19,2025,North Carolina,9,3,0.75,3.78,16,16,,0,0,0,83.1,79,37,35,7,26,0,70,7,1,2,356,1.26,8.5,0.8,2.8,7.6,2.69,,player.fcgi?id=decaro000jas
Boston Flannery,21,2025,North Carolina,0,0,,9,1,0,,0,0,0,1,2,1,1,0,0,0,0,0,0,0,5,2,18,0,0,0,,,player.fcgi?id=flanne000bos
Aidan Haugh,22,2025,North Carolina,5,4,0.556,3.72,17,14,,1,1,0,75,70,37,31,11,33,0,85,4,0,6,333,1.373,8.4,1.3,4,10.2,2.58,,player.fcgi?id=haugh-000aid
Ryan Hench,20,2025,North Carolina,0,0,,0,1,0,,0,0,0,1,0,0,0,0,0,0,1,0,0,0,3,0,0,0,0,9,,,player.fcgi?id=hench-000rya
Olin Johnson,20,2025,North Carolina,2,1,0.667,3.56,17,2,,0,0,0,30.1,25,12,12,4,14,0,20,0,0,0,125,1.286,7.4,1.2,4.2,5.9,1.43,,player.fcgi?id=johnso002oli
Jake Knapp,24,2025,North Carolina,14,0,1,2.02,16,15,,2,0,0,102.1,72,27,23,6,16,0,88,7,0,4,397,0.86,6.3,0.5,1.4,7.7,5.5,,player.fcgi?id=knapp-000jak
Ryan Lynch,20,2025,North Carolina,5,1,0.833,2.93,27,3,,0,0,2,61.1,44,29,20,3,25,0,72,9,0,5,265,1.125,6.5,0.4,3.7,10.6,2.88,,player.fcgi?id=lynch-006rya
Matthew Matthijs,21,2025,North Carolina,1,1,0.5,4.34,17,0,,0,0,2,18.2,20,11,9,3,8,0,30,1,1,4,86,1.5,9.6,1.4,3.9,14.5,3.75,,player.fcgi?id=matthi000mat
Walker McDuffie,19,2025,North Carolina,3,3,0.5,3.74,28,1,,0,0,7,55.1,35,25,23,3,25,0,72,5,1,5,226,1.084,5.7,0.5,4.1,11.7,2.88,,player.fcgi?id=mcduff000wal
Cam Padgett,21,2025,North Carolina,2,1,0.667,4.88,13,4,,0,0,0,27.2,34,16,15,6,8,0,19,2,0,2,123,1.518,11.1,2,2.6,6.2,2.38,,player.fcgi?id=padget000cam
Kyle Percival*,21,2025,North Carolina,0,0,,14.4,5,1,,0,0,0,5,10,10,8,3,3,0,4,2,0,3,31,2.6,18,5.4,5.4,7.2,1.33,,player.fcgi?id=perciv000kyl
Camron Seagraves,19,2025,North Carolina,2,1,0.667,4.56,18,1,,0,0,0,23.2,21,17,12,3,23,1,34,3,0,4,116,1.859,8,1.1,8.7,12.9,1.48,,player.fcgi?id=seagra000cam
Dylan Weber*,23,2025,North Carolina,0,0,,0,1,0,,0,0,0,1,0,0,0,0,0,0,2,0,0,0,3,0,0,0,0,18,,,player.fcgi?id=weber-000dyl
Devin Burke,22,2013,Virginia Tech,11,3,0.786,3.11,16,15,,,0,0,104.1,98,50,36,3,34,0,50,11,0,3,448,1.265,8.5,0.3,2.9,4.3,1.47,,player.fcgi?id=burke-000dev
Eddie Campbell*,21,2013,Virginia Tech,2,4,0.333,5.71,15,4,,,0,0,41,37,29,26,3,21,0,34,1,0,7,181,1.415,8.1,0.7,4.6,7.5,1.62,,player.fcgi?id=campbe002ed-
Luis Collazo*,19,2013,Virginia Tech,0,0,,5.82,9,1,,,0,0,17,22,13,11,2,9,0,10,4,0,0,90,1.824,11.6,1.1,4.8,5.3,1.11,,player.fcgi?id=collaz001lui
Brendon Hayden,20,2013,Virginia Tech,2,0,1,3,10,3,,,0,1,21,16,7,7,0,11,0,12,5,0,1,93,1.286,6.9,0,4.7,5.1,1.09,,player.fcgi?id=hayden000bre
Ricky Hodges?,--,2013,Virginia Tech,0,0,,4.66,9,0,,,0,0,9.2,12,6,5,0,4,1,6,1,0,0,46,1.655,11.2,0,3.7,5.6,1.5,,player.fcgi?id=hodges000ric
Jake Joyce,21,2013,Virginia Tech,7,1,0.875,3.49,29,0,,,0,3,59.1,59,27,23,3,29,1,54,5,1,10,269,1.483,8.9,0.5,4.4,8.2,1.86,,player.fcgi?id=joyce-000jak
Tim Kelly,--,2013,Virginia Tech,0,0,,54,1,0,,,0,0,0.2,2,5,4,0,3,0,0,0,0,2,7,7.5,27,0,40.5,0,0,,player.fcgi?id=kelly-005tim
Sean Kennedy*,19,2013,Virginia Tech,0,0,,7.71,8,0,,,0,0,11.2,18,10,10,0,4,0,6,2,0,1,60,1.886,13.9,0,3.1,4.6,1.5,,player.fcgi?id=kenned001sea
Sean Keselica*,20,2013,Virginia Tech,2,1,0.667,4.55,11,4,,,0,0,31.2,40,19,16,1,12,0,22,1,1,2,147,1.642,11.4,0.3,3.4,6.3,1.83,,player.fcgi?id=keseli000sea
Clark Labitan,22,2013,Virginia Tech,2,5,0.286,2.58,30,0,,,0,11,45.1,38,18,13,2,19,5,37,3,1,1,191,1.257,7.5,0.4,3.8,7.3,1.95,,player.fcgi?id=labita000cla
Joe Mantiply*,22,2013,Virginia Tech,6,1,0.857,2.85,15,13,,,0,0,75.2,84,32,24,3,25,2,50,6,0,3,336,1.441,10,0.4,3,5.9,2,,player.fcgi?id=mantip001jos
Brad Markey,21,2013,Virginia Tech,5,4,0.556,4.93,17,15,,,0,0,100.1,121,66,55,5,21,2,75,5,3,2,447,1.415,10.9,0.4,1.9,6.7,3.57,,player.fcgi?id=markey000bra
Tanner McIntyre?,--,2013,Virginia Tech,3,0,1,3.81,9,4,,,0,0,26,21,13,11,2,14,0,18,0,0,3,114,1.346,7.3,0.7,4.8,6.2,1.29,,player.fcgi?id=mcinty000tan
Colin O'Keefe*,20,2013,Virginia Tech,0,2,0,15.88,5,2,,,0,0,5.2,10,10,10,0,7,0,6,2,1,1,37,3,15.9,0,11.1,9.5,0.86,,player.fcgi?id=okeefe000col
Gary Schneider*,21,2013,Virginia Tech,0,0,,18,2,0,,,0,0,1,3,2,2,0,1,0,0,1,0,0,7,4,27,0,9,0,0,,player.fcgi?id=schnei002gar
Matt Tulley,19,2013,Virginia Tech,0,0,,9,1,0,,,0,0,1,2,1,1,0,0,0,1,0,0,0,5,2,18,0,0,9,,,player.fcgi?id=tulley000mat
Luis Collazo*,20,2014,Virginia Tech,0,0,,7.84,9,2,,,0,0,20.2,26,18,18,2,17,0,17,3,1,1,103,2.081,11.3,0.9,7.4,7.4,1,,player.fcgi?id=collaz001lui
JD Doran?,--,2014,Virginia Tech,1,0,1,3.86,8,0,,,0,0,4.2,4,2,2,1,5,0,4,1,0,1,23,1.929,7.7,1.9,9.6,7.7,0.8,,player.fcgi?id=doran-000jd-
Brendon Hayden,21,2014,Virginia Tech,0,0,,9,1,0,,,0,0,1,2,1,1,0,0,0,0,0,0,0,5,2,18,0,0,0,,,player.fcgi?id=hayden000bre
Justin Kelly*,21,2014,Virginia Tech,0,0,,20.25,3,0,,,0,0,1.1,1,3,3,0,4,0,0,0,0,1,9,3.75,6.8,0,27,0,0,,player.fcgi?id=kelly-000jus
Sean Kennedy*,20,2014,Virginia Tech,1,2,0.333,4.5,24,0,,,0,2,28,22,17,14,0,14,1,14,2,0,2,122,1.286,7.1,0,4.5,4.5,1,,player.fcgi?id=kenned001sea
Sean Keselica*,21,2014,Virginia Tech,3,5,0.375,4.65,13,12,,,0,0,62,65,43,32,2,31,4,39,9,0,7,290,1.548,9.4,0.3,4.5,5.7,1.26,,player.fcgi?id=keseli000sea
Mack Krupp*,19,2014,Virginia Tech,0,0,,10.8,2,0,,,0,0,1.2,2,2,2,0,1,0,1,2,0,0,10,1.8,10.8,0,5.4,5.4,1,,player.fcgi?id=krupp-000mac
Brad Markey,22,2014,Virginia Tech,2,8,0.2,3.61,16,12,,,0,1,82.1,87,45,33,4,19,1,57,1,0,3,353,1.287,9.5,0.4,2.1,6.2,3,,player.fcgi?id=markey000bra
Andrew McDonald,19,2014,Virginia Tech,0,0,,6.75,8,2,,,0,1,13.1,14,10,10,1,8,0,10,3,0,1,64,1.65,9.5,0.7,5.4,6.8,1.25,,player.fcgi?id=mcdona004and
Aaron McGarity,19,2014,Virginia Tech,0,5,0,4.61,16,7,,,0,1,52.2,71,31,27,2,15,0,36,5,0,2,246,1.633,12.1,0.3,2.6,6.2,2.4,,player.fcgi?id=mcgari000aar
Tanner McIntyre?,--,2014,Virginia Tech,2,2,0.5,6.75,27,1,,,0,2,36,45,29,27,1,20,1,32,8,0,5,180,1.806,11.3,0.3,5,8,1.6,,player.fcgi?id=mcinty000tan
Alex Perez,21,2014,Virginia Tech,1,2,0.333,7.94,4,2,,,0,0,5.2,7,5,5,2,1,0,3,0,0,0,24,1.412,11.1,3.2,1.6,4.8,3,,player.fcgi?id=perez-009ale
Kit Scheetz*,20,2014,Virginia Tech,5,1,0.833,5.76,14,8,,,0,0,50,62,36,32,4,18,1,41,7,0,4,233,1.6,11.2,0.7,3.2,7.4,2.28,,player.fcgi?id=scheet000kit
Luke Scherzer,19,2014,Virginia Tech,2,2,0.5,4.05,25,0,,,0,5,40,39,19,18,0,16,6,25,4,0,2,177,1.375,8.8,0,3.6,5.6,1.56,,player.fcgi?id=scherz000luk
Phil Sciretta*,21,2014,Virginia Tech,2,1,0.667,9,11,0,,,0,0,20,28,21,20,2,9,2,13,5,1,1,105,1.85,12.6,0.9,4.1,5.9,1.44,,player.fcgi?id=sciret000phi
Matt Tulley,20,2014,Virginia Tech,1,1,0.5,10.38,5,2,,,0,0,8.2,8,10,10,0,11,0,5,1,0,4,46,2.192,8.3,0,11.4,5.2,0.45,,player.fcgi?id=tulley000mat
Jon Woodcock*,21,2014,Virginia Tech,1,2,0.333,3.71,17,5,,,0,0,43.2,31,24,18,1,28,0,36,2,0,3,188,1.351,6.4,0.2,5.8,7.4,1.29,,player.fcgi?id=woodco000jon
Luis Collazo*,21,2015,Virginia Tech,1,0,1,9.53,5,0,,,0,0,5.2,8,6,6,0,6,0,5,4,0,2,33,2.471,12.7,0,9.5,7.9,0.83,,player.fcgi?id=collaz001lui
Connor Coward,19,2015,Virginia Tech,2,0,1,7.81,15,3,,,0,0,27.2,32,31,24,6,22,0,26,6,0,7,138,1.952,10.4,2,7.2,8.5,1.18,,player.fcgi?id=coward000con
Sean Kennedy*,21,2015,Virginia Tech,2,4,0.333,9.85,16,0,,,0,2,24.2,31,29,27,2,14,2,23,2,0,3,122,1.824,11.3,0.7,5.1,8.4,1.64,,player.fcgi?id=kenned001sea
Sean Keselica*,22,2015,Virginia Tech,5,4,0.556,3.47,12,12,,,0,0,72.2,65,34,28,3,30,0,55,11,0,7,319,1.307,8.1,0.4,3.7,6.8,1.83,,player.fcgi?id=keseli000sea
Aaron McGarity,20,2015,Virginia Tech,5,4,0.556,4.57,20,8,,,0,2,67,69,40,34,5,20,0,50,3,0,6,289,1.328,9.3,0.7,2.7,6.7,2.5,,player.fcgi?id=mcgari000aar
Chris Monaco,18,2015,Virginia Tech,2,0,1,5.68,17,0,,,0,0,25.1,27,19,16,1,7,0,15,3,2,3,111,1.342,9.6,0.4,2.5,5.3,2.14,,player.fcgi?id=monaco000chr
Packy Naughton*,19,2015,Virginia Tech,2,1,0.667,4.91,20,5,,,0,1,44,41,27,24,5,23,0,35,5,0,6,197,1.455,8.4,1,4.7,7.2,1.52,,player.fcgi?id=naught000pac
Alex Perez,22,2015,Virginia Tech,0,2,0,7.2,4,2,,,0,0,10,15,13,8,1,5,0,6,1,0,0,52,2,13.5,0.9,4.5,5.4,1.2,,player.fcgi?id=perez-009ale
Kit Scheetz*,21,2015,Virginia Tech,3,4,0.429,5.22,11,9,,,0,0,50,62,32,29,2,14,0,30,4,1,1,222,1.52,11.2,0.4,2.5,5.4,2.14,,player.fcgi?id=scheet000kit
Luke Scherzer,20,2015,Virginia Tech,1,3,0.25,4.73,27,0,,,0,4,45.2,56,32,24,1,28,3,56,11,1,15,234,1.839,11,0.2,5.5,11,2,,player.fcgi?id=scherz000luk
Joey Sullivan,--,2015,Virginia Tech,1,3,0.25,6.34,11,4,,,0,0,32.2,54,26,23,2,15,0,22,2,0,4,164,2.112,14.9,0.6,4.1,6.1,1.47,,player.fcgi?id=sulliv004joe
Jon Woodcock*,22,2015,Virginia Tech,3,2,0.6,3.73,15,11,,,0,0,72.1,55,39,30,9,38,0,69,5,0,10,319,1.286,6.8,1.1,4.7,8.6,1.82,,player.fcgi?id=woodco000jon
Nick Anderson?,--,2016,Virginia Tech,0,1,0,8.31,10,2,,0,0,0,17.1,25,18,16,2,8,0,15,1,1,1,86,1.904,13,1,4.2,7.8,1.88,,player.fcgi?id=anders004nic
Luis Collazo*,22,2016,Virginia Tech,0,0,,8.1,5,0,,0,0,0,3.1,4,3,3,1,1,0,7,0,0,1,15,1.5,10.8,2.7,2.7,18.9,7,,player.fcgi?id=collaz001lui
Connor Coward,20,2016,Virginia Tech,1,1,0.5,7.42,17,3,,0,0,1,30.1,34,29,25,4,21,0,32,4,0,3,146,1.813,10.1,1.2,6.2,9.5,1.52,,player.fcgi?id=coward000con
Nic Enright,19,2016,Virginia Tech,1,3,0.25,6.87,12,5,,0,0,0,38,48,35,29,0,16,0,36,3,0,2,186,1.684,11.4,0,3.8,8.5,2.25,,player.fcgi?id=enrigh000nic
Paul Hall*,18,2016,Virginia Tech,0,0,,6.43,11,0,,0,0,0,7,2,5,5,0,9,0,3,5,2,2,35,1.571,2.6,0,11.6,3.9,0.33,,player.fcgi?id=hall--002pau
Culver Hughes,19,2016,Virginia Tech,0,1,0,12.86,4,1,,0,0,0,7,16,10,10,1,2,0,8,1,0,1,40,2.571,20.6,1.3,2.6,10.3,4,,player.fcgi?id=hughes000cul
Cole Kragel,19,2016,Virginia Tech,2,4,0.333,6.21,22,0,,0,0,0,29,25,21,20,4,11,0,23,10,0,2,127,1.241,7.8,1.2,3.4,7.1,2.09,,player.fcgi?id=kragel000col
Ryan Lauria?,--,2016,Virginia Tech,1,1,0.5,5.58,17,0,,0,0,1,30.2,34,22,19,3,16,0,24,1,0,7,144,1.63,10,0.9,4.7,7,1.5,,player.fcgi?id=lauria000rya
Andrew McDonald,21,2016,Virginia Tech,1,3,0.25,7.54,8,4,,0,0,0,22.2,32,21,19,2,8,0,12,7,0,2,111,1.765,12.7,0.8,3.2,4.8,1.5,,player.fcgi?id=mcdona004and
Aaron McGarity,21,2016,Virginia Tech,2,0,1,2.38,10,0,,0,0,1,11.1,11,7,3,0,4,1,19,1,0,0,53,1.324,8.7,0,3.2,15.1,4.75,,player.fcgi?id=mcgari000aar
Chris Monaco,19,2016,Virginia Tech,1,1,0.5,8.14,13,1,,0,0,1,24.1,39,26,22,2,8,1,16,3,1,1,125,1.932,14.4,0.7,3,5.9,2,,player.fcgi?id=monaco000chr
Packy Naughton*,20,2016,Virginia Tech,3,7,0.3,6.75,15,14,,0,0,0,76,105,60,57,8,34,0,74,6,0,6,374,1.829,12.4,0.9,4,8.8,2.18,,player.fcgi?id=naught000pac
Kit Scheetz*,22,2016,Virginia Tech,5,6,0.455,4.82,13,13,,1,0,0,84,78,54,45,11,25,0,53,9,0,1,365,1.226,8.4,1.2,2.7,5.7,2.12,,player.fcgi?id=scheet000kit
Joey Sullivan,--,2016,Virginia Tech,1,0,1,7.76,12,3,,0,0,1,26.2,42,26,23,4,4,0,23,2,1,1,126,1.725,14.2,1.4,1.4,7.8,5.75,,player.fcgi?id=sulliv004joe
Jon Woodcock*,23,2016,Virginia Tech,1,8,0.111,6.21,18,9,,0,0,1,66.2,79,52,46,4,29,0,47,3,0,5,309,1.62,10.7,0.5,3.9,6.3,1.62,,player.fcgi?id=woodco000jon
Nick Anderson?,--,2017,Virginia Tech,5,5,0.5,4.88,16,11,,0,0,0,62.2,67,41,34,5,24,0,42,9,0,4,283,1.452,9.6,0.7,3.4,6,1.75,,player.fcgi?id=anders004nic
Connor Coward,21,2017,Virginia Tech,5,4,0.556,4.75,17,12,,0,0,0,72,73,42,38,8,33,0,59,3,1,6,325,1.472,9.1,1,4.1,7.4,1.79,,player.fcgi?id=coward000con
Dylan Hall,19,2017,Virginia Tech,1,1,0.5,7.04,17,0,,0,0,0,23,29,23,18,2,10,0,20,3,2,5,111,1.696,11.3,0.8,3.9,7.8,2,,player.fcgi?id=hall--000dyl
Paul Hall*,19,2017,Virginia Tech,0,0,,7.85,22,0,,0,0,1,18.1,18,18,16,2,24,0,18,1,0,3,95,2.291,8.8,1,11.8,8.8,0.75,,player.fcgi?id=hall--002pau
Culver Hughes,20,2017,Virginia Tech,0,1,0,15,7,1,,0,0,0,9,19,16,15,2,9,0,6,0,0,4,54,3.111,19,2,9,6,0.67,,player.fcgi?id=hughes000cul
Andrew McDonald,22,2017,Virginia Tech,3,3,0.5,7.78,16,10,,0,0,0,59,86,58,51,6,28,0,71,2,0,10,289,1.932,13.1,0.9,4.3,10.8,2.54,,player.fcgi?id=mcdona004and
Aaron McGarity,22,2017,Virginia Tech,2,6,0.25,4.26,23,1,,0,0,5,38,35,22,18,4,20,0,46,4,0,6,170,1.447,8.3,0.9,4.7,10.9,2.3,,player.fcgi?id=mcgari000aar
Keagan McGinnis,18,2017,Virginia Tech,0,0,,27,2,0,,0,0,0,1.1,3,4,4,0,4,0,3,1,0,1,12,5.25,20.3,0,27,20.3,0.75,,player.fcgi?id=mcginn000kea
Chris Monaco,20,2017,Virginia Tech,0,0,,10.57,4,0,,0,0,0,7.2,14,10,9,1,2,1,3,1,0,1,40,2.087,16.4,1.2,2.3,3.5,1.5,,player.fcgi?id=monaco000chr
Packy Naughton*,21,2017,Virginia Tech,2,6,0.25,6.24,17,7,,0,0,0,57.2,79,48,40,5,30,1,63,5,0,9,285,1.89,12.3,0.8,4.7,9.8,2.1,,player.fcgi?id=naught000pac
Tim Salvadore,21,2017,Virginia Tech,0,0,,inf,1,0,,0,0,0,0,0,3,3,0,1,0,0,2,0,0,3,,,,,,0,,player.fcgi?id=salvad000tim
Kit Scheetz*,23,2017,Virginia Tech,4,3,0.571,3.86,24,8,,0,0,0,67.2,76,36,29,9,23,1,57,7,0,3,305,1.463,10.1,1.2,3.1,7.6,2.48,,player.fcgi?id=scheet000kit
Graham Seitz,19,2017,Virginia Tech,0,0,,7.94,8,0,,0,0,0,5.2,9,6,5,0,6,0,6,2,0,4,32,2.647,14.3,0,9.5,9.5,1,,player.fcgi?id=seitz-000gra
Tom Stoffel*,23,2017,Virginia Tech,0,0,,2.45,9,1,,0,0,1,14.2,10,4,4,1,5,0,18,0,0,2,57,1.023,6.1,0.6,3.1,11,3.6,,player.fcgi?id=stoffe000tim
Joey Sullivan,--,2017,Virginia Tech,1,3,0.25,5.55,30,4,,0,0,0,48.2,64,42,30,7,15,1,42,3,0,4,229,1.623,11.8,1.3,2.8,7.8,2.8,,player.fcgi?id=sulliv004joe
Zach Brzykcy,18,2018,Virginia Tech,0,0,,6.35,8,0,,0,0,0,5.2,3,4,4,0,11,0,9,2,0,2,33,2.471,4.8,0,17.5,14.3,0.82,,player.fcgi?id=brzykc000zac
Connor Coward,22,2018,Virginia Tech,2,7,0.222,5.19,14,13,,1,0,1,78,79,57,45,9,33,3,76,7,0,4,351,1.436,9.1,1,3.8,8.8,2.3,,player.fcgi?id=coward000con
Nic Enright,21,2018,Virginia Tech,3,3,0.5,5.07,25,4,,0,0,2,49.2,48,34,28,6,15,0,46,4,0,4,214,1.268,8.7,1.1,2.7,8.3,3.07,,player.fcgi?id=enrigh000nic
Dylan Hall,20,2018,Virginia Tech,3,4,0.429,6.85,17,10,,0,0,0,46,60,36,35,9,13,0,37,9,0,8,218,1.587,11.7,1.8,2.5,7.2,2.85,,player.fcgi?id=hall--000dyl
Paul Hall*,20,2018,Virginia Tech,1,0,1,9.95,7,0,,0,0,0,6.1,11,8,7,1,8,0,10,2,0,1,41,3,15.6,1.4,11.4,14.2,1.25,,player.fcgi?id=hall--002pau
Hayden Heflin,24,2018,Virginia Tech,0,0,,9,16,3,,0,0,0,20,30,24,20,5,7,0,18,1,0,0,102,1.85,13.5,2.3,3.2,8.1,2.57,,player.fcgi?id=heflin000hay
Gavin Hinchliffe,19,2018,Virginia Tech,0,0,,inf,2,0,,0,0,0,0,1,2,2,0,2,0,0,1,0,0,4,,,,,,0,,player.fcgi?id=hinchl000gav
Andrew McDonald,23,2018,Virginia Tech,1,8,0.111,4.45,29,0,,0,0,5,54.2,68,41,27,4,27,3,67,6,0,15,260,1.738,11.2,0.7,4.4,11,2.48,,player.fcgi?id=mcdona004and
Ryan Metz,19,2018,Virginia Tech,0,0,,16.62,7,0,,0,0,0,4.1,7,9,8,1,8,1,4,1,1,1,29,3.462,14.5,2.1,16.6,8.3,0.5,,player.fcgi?id=metz--000rya
Ryan Okuda*,19,2018,Virginia Tech,0,0,,6.25,21,1,,0,0,0,36,47,27,25,6,16,0,31,4,0,3,173,1.75,11.8,1.5,4,7.8,1.94,,player.fcgi?id=okuda-000rya
Luke Scherzer,23,2018,Virginia Tech,1,4,0.2,5.76,11,9,,0,0,0,25,31,18,16,1,8,0,19,4,0,1,116,1.56,11.2,0.4,2.9,6.8,2.38,,player.fcgi?id=scherz000luk
Graham Seitz,20,2018,Virginia Tech,4,1,0.8,5.17,31,0,,0,0,2,38.1,39,24,22,0,21,5,32,4,0,4,178,1.565,9.2,0,4.9,7.5,1.52,,player.fcgi?id=seitz-000gra
Ian Seymour*,19,2018,Virginia Tech,3,3,0.5,3.91,14,13,,0,0,0,69,61,36,30,6,29,3,70,10,1,2,299,1.304,8,0.8,3.8,9.1,2.41,,player.fcgi?id=seymou000ian
Grant Squyars?,--,2018,Virginia Tech,0,0,,14.54,6,0,,0,0,0,4.1,10,8,7,2,2,1,2,2,0,0,26,2.769,20.8,4.2,4.2,4.2,1,,player.fcgi?id=squyar000gra
Joey Sullivan,--,2018,Virginia Tech,3,3,0.5,3.91,28,1,,0,0,0,46,49,26,20,4,14,1,36,2,2,7,200,1.37,9.6,0.8,2.7,7,2.57,,player.fcgi?id=sulliv004joe
Connor Yoder,20,2018,Virginia Tech,0,0,,23.14,6,0,,0,0,0,2.1,9,10,6,0,6,0,5,0,0,0,24,6.429,34.7,0,23.1,19.3,0.83,,player.fcgi?id=yoder-000con
Peyton Alford*,21,2019,Virginia Tech,1,5,0.167,4.19,24,5,,0,0,0,38.2,30,21,18,6,26,2,37,3,1,4,174,1.448,7,1.4,6.1,8.6,1.42,,player.fcgi?id=alford000pey
Zach Brzykcy,19,2019,Virginia Tech,4,1,0.8,4.24,22,0,,0,0,3,23.1,18,11,11,3,23,1,37,0,0,3,110,1.757,6.9,1.2,8.9,14.3,1.61,,player.fcgi?id=brzykc000zac
Jack Dellinger,21,2019,Virginia Tech,1,4,0.2,5.81,22,2,,0,0,2,31,29,20,20,2,24,1,31,4,0,7,144,1.71,8.4,0.6,7,9,1.29,,player.fcgi?id=dellin000jac
Nic Enright,22,2019,Virginia Tech,1,3,0.25,3.93,21,5,,0,0,1,50.1,39,24,22,3,17,1,63,0,0,15,207,1.113,7,0.5,3,11.3,3.71,,player.fcgi?id=enrigh000nic
Chris Gerard*,19,2019,Virginia Tech,3,1,0.75,2.77,12,12,,0,0,0,55.1,55,22,17,1,25,1,44,4,1,3,242,1.446,8.9,0.2,4.1,7.2,1.76,,player.fcgi?id=gerard000chr
Jack Goonan,21,2019,Virginia Tech,0,0,,8.44,8,0,,0,0,0,5.1,0,5,5,0,10,0,9,1,0,4,27,1.875,0,0,16.9,15.2,0.9,,player.fcgi?id=goonan000jac
Alex Havlicek,19,2019,Virginia Tech,0,0,,7.2,4,0,,0,0,0,5,8,4,4,1,5,0,8,0,0,2,27,2.6,14.4,1.8,9,14.4,1.6,,player.fcgi?id=havlic000ale
Jaison Heard,21,2019,Virginia Tech,2,0,1,3.4,27,0,,0,0,3,39.2,42,17,15,5,19,3,47,0,0,6,174,1.538,9.5,1.1,4.3,10.7,2.47,,player.fcgi?id=heard-000jai
Dillon Larsen*,20,2019,Virginia Tech,0,0,,10.8,6,0,,0,0,0,3.1,2,4,4,0,6,0,4,0,0,0,18,2.4,5.4,0,16.2,10.8,0.67,,player.fcgi?id=larsen000dil
Ryan Metz,20,2019,Virginia Tech,1,1,0.5,3,16,3,,0,0,0,18,17,6,6,5,10,1,14,0,0,2,79,1.5,8.5,2.5,5,7,1.4,,player.fcgi?id=metz--000rya
Ryan Okuda*,20,2019,Virginia Tech,3,1,0.75,1.69,18,1,,0,0,1,32,29,8,6,1,7,0,25,1,2,2,134,1.125,8.2,0.3,2,7,3.57,,player.fcgi?id=okuda-000rya
Luke Scherzer,24,2019,Virginia Tech,4,4,0.5,3.92,15,9,,0,0,0,43.2,43,28,19,2,18,1,46,7,1,1,192,1.397,8.9,0.4,3.7,9.5,2.56,,player.fcgi?id=scherz000luk
Graham Seitz,21,2019,Virginia Tech,0,0,,0,5,0,,0,0,0,1.2,0,0,0,0,2,0,1,2,0,0,10,1.2,0,0,10.8,5.4,0.5,,player.fcgi?id=seitz-000gra
Ian Seymour*,20,2019,Virginia Tech,4,5,0.444,3.97,13,13,,1,0,0,70.1,71,36,31,6,24,1,81,4,0,3,307,1.351,9.1,0.8,3.1,10.4,3.38,,player.fcgi?id=seymou000ian
Nathan Starliper?,--,2019,Virginia Tech,1,0,1,4.91,10,0,,0,0,0,11,11,8,6,0,7,0,6,0,0,2,51,1.636,9,0,5.7,4.9,0.86,,player.fcgi?id=starli000nat
Nick Vickers*,--,2019,Virginia Tech,0,0,,13.5,2,0,,0,0,0,1.1,1,2,2,0,1,0,2,0,0,0,6,1.5,6.8,0,6.8,13.5,2,,player.fcgi?id=vicker001nic
Nolan Wilson,20,2019,Virginia Tech,0,0,,3.29,12,3,,0,0,0,13.2,13,5,5,2,8,0,10,1,0,1,61,1.537,8.6,1.3,5.3,6.6,1.25,,player.fcgi?id=wilson003nol
Connor Yoder,21,2019,Virginia Tech,1,1,0.5,5.76,27,0,,0,0,0,25,20,16,16,1,22,3,30,1,1,6,115,1.68,7.2,0.4,7.9,10.8,1.36,,player.fcgi?id=yoder-000con
Peyton Alford*,22,2020,Virginia Tech,1,0,1,3.12,9,0,,0,0,1,8.2,10,4,3,0,3,0,16,0,0,3,38,1.5,10.4,0,3.1,16.6,5.33,,player.fcgi?id=alford000pey
Zach Brzykcy,20,2020,Virginia Tech,0,1,0,9,7,0,,0,0,1,6,6,6,6,2,7,0,8,0,0,0,29,2.167,9,3,10.5,12,1.14,,player.fcgi?id=brzykc000zac
Gavin Cross*,19,2020,Virginia Tech,0,0,,inf,1,0,,0,0,0,0,0,1,1,0,2,0,0,0,0,0,2,,,,,,0,,player.fcgi?id=cross-000gav
Chris Gerard*,20,2020,Virginia Tech,1,1,0.5,1.57,4,4,,0,0,0,23,25,6,4,2,4,0,29,4,0,0,102,1.261,9.8,0.8,1.6,11.3,7.25,,player.fcgi?id=gerard000chr
Ryan Gleason*,19,2020,Virginia Tech,0,0,,0,1,0,,0,0,0,1,0,0,0,0,0,0,3,0,0,0,3,0,0,0,0,27,,,player.fcgi?id=gleaso000rya
Xander Hamilton,18,2020,Virginia Tech,0,0,,9,1,0,,0,0,0,1,2,1,1,0,1,0,1,0,0,0,5,3,18,0,9,9,1,,player.fcgi?id=hamilt000xan
Jaison Heard,22,2020,Virginia Tech,0,1,0,2.16,9,0,,0,0,1,8.1,5,4,2,2,3,0,10,1,0,1,35,0.96,5.4,2.2,3.2,10.8,3.33,,player.fcgi?id=heard-000jai
Noah Johnson*,19,2020,Virginia Tech,0,0,,0,3,0,,0,0,0,1.2,0,0,0,0,1,0,3,0,0,0,6,0.6,0,0,5.4,16.2,3,,player.fcgi?id=johnso001noa
Ryan Metz,21,2020,Virginia Tech,1,0,1,0,2,1,,0,0,0,3,2,0,0,0,0,0,2,0,0,0,11,0.667,6,0,0,6,,,player.fcgi?id=metz--000rya
Ryan Okuda*,21,2020,Virginia Tech,2,0,1,4.6,4,3,,0,0,0,15.2,12,9,8,2,4,0,17,0,0,0,65,1.021,6.9,1.1,2.3,9.8,4.25,,player.fcgi?id=okuda-000rya
Nic Psimas,--,2020,Virginia Tech,0,0,,0,1,0,,0,0,0,1,0,0,0,0,0,0,2,0,0,0,3,0,0,0,0,18,,,player.fcgi?id=psimas000nic
Stephen Restuccio,20,2020,Virginia Tech,0,0,,0,2,0,,0,0,0,1.1,0,0,0,0,4,0,0,0,0,1,8,3,0,0,27,0,0,,player.fcgi?id=restuc000ste
Peter Sakellaris,19,2020,Virginia Tech,0,0,,0,5,0,,0,0,0,3.1,1,0,0,0,1,1,4,0,0,1,12,0.6,2.7,0,2.7,10.8,4,,player.fcgi?id=sakell000pet
Ian Seymour*,21,2020,Virginia Tech,3,0,1,2.21,4,4,,0,0,0,20.1,13,6,5,0,5,0,40,1,0,2,79,0.885,5.8,0,2.2,17.7,8,,player.fcgi?id=seymou000ian
Anthony Simonelli,21,2020,Virginia Tech,2,1,0.667,2.95,4,4,,0,0,0,21.1,15,8,7,1,13,1,26,2,0,5,94,1.313,6.3,0.4,5.5,11,2,,player.fcgi?id=simone000ant
Matthew Siverling*,19,2020,Virginia Tech,0,1,0,4.15,7,0,,0,0,0,8.2,10,5,4,0,5,0,12,0,0,1,41,1.731,10.4,0,5.2,12.5,2.4,,player.fcgi?id=siverl000mat
Nathan Starliper?,--,2020,Virginia Tech,1,0,1,3.24,7,0,,0,0,1,8.1,7,5,3,0,4,0,8,0,0,1,36,1.32,7.6,0,4.3,8.6,2,,player.fcgi?id=starli000nat
Henry Weycker*,19,2020,Virginia Tech,0,0,,1.13,5,0,,0,0,0,8,8,2,1,0,0,0,6,1,0,0,32,1,9,0,0,6.8,,,player.fcgi?id=weycke000hen
Nolan Wilson,21,2020,Virginia Tech,0,0,,27,2,0,,0,0,0,1,4,3,3,1,0,0,1,1,0,0,8,4,36,9,0,9,,,player.fcgi?id=wilson003nol
Peyton Alford*,23,2021,Virginia Tech,2,6,0.25,5.03,15,14,,0,0,0,68,64,48,38,8,39,1,91,8,3,11,314,1.515,8.5,1.1,5.2,12,2.33,,player.fcgi?id=alford000pey
Shane Connolly*,22,2021,Virginia Tech,2,3,0.4,4.14,21,6,,0,0,6,63,57,31,29,9,14,2,81,6,1,6,262,1.127,8.1,1.3,2,11.6,5.79,,player.fcgi?id=connol000sha
Graham Firoved,21,2021,Virginia Tech,3,0,1,3.48,21,0,,0,0,3,20.2,16,10,8,1,17,1,36,2,0,4,96,1.597,7,0.4,7.4,15.7,2.12,,player.fcgi?id=firove000gra
Chris Gerard*,21,2021,Virginia Tech,2,2,0.5,3.02,8,8,,0,0,0,41.2,38,14,14,4,12,0,48,5,0,6,178,1.2,8.2,0.9,2.6,10.4,4,,player.fcgi?id=gerard000chr
Ryan Gleason*,20,2021,Virginia Tech,0,0,,inf,1,0,,0,0,0,0,1,2,2,1,1,0,0,0,0,1,2,,,,,,0,,player.fcgi?id=gleaso000rya
Griffin Green,20,2021,Virginia Tech,3,0,1,5.5,13,1,,0,0,0,18,19,12,11,0,7,0,24,2,0,2,79,1.444,9.5,0,3.5,12,3.43,,player.fcgi?id=green-001gri
Xander Hamilton,19,2021,Virginia Tech,0,0,,4.76,8,0,,0,0,0,5.2,4,3,3,1,6,0,6,1,0,7,28,1.765,6.4,1.6,9.5,9.5,1,,player.fcgi?id=hamilt000xan
Jaison Heard,23,2021,Virginia Tech,3,4,0.429,5.63,22,0,,0,0,2,40,48,28,25,5,10,0,40,4,0,5,180,1.45,10.8,1.1,2.3,9,4,,player.fcgi?id=heard-000jai
Jonah Hurney*,21,2021,Virginia Tech,0,0,,1.59,8,0,,0,0,0,11.1,8,2,2,1,2,0,12,0,0,3,45,0.882,6.4,0.8,1.6,9.5,6,,player.fcgi?id=hurney000jon
Noah Johnson*,20,2021,Virginia Tech,0,2,0,7.07,16,0,,0,0,0,14,24,11,11,3,5,0,20,2,0,4,71,2.071,15.4,1.9,3.2,12.9,4,,player.fcgi?id=johnso001noa
Ryan Metz,22,2021,Virginia Tech,0,1,0,9,9,1,,0,0,0,10,16,14,10,2,7,2,12,3,0,2,54,2.3,14.4,1.8,6.3,10.8,1.71,,player.fcgi?id=metz--000rya
Ryan Okuda*,22,2021,Virginia Tech,2,3,0.4,5.53,15,7,,0,0,0,40.2,48,28,25,2,8,1,50,3,0,3,184,1.377,10.6,0.4,1.8,11.1,6.25,,player.fcgi?id=okuda-000rya
Nic Psimas,--,2021,Virginia Tech,0,0,,0,1,0,,0,0,0,1,0,0,0,0,1,0,1,0,0,0,4,1,0,0,9,9,1,,player.fcgi?id=psimas000nic
Jackson Ritchey,19,2021,Virginia Tech,0,1,0,8.1,3,2,,0,0,0,3.1,4,4,3,0,4,0,2,2,0,3,20,2.4,10.8,0,10.8,5.4,0.5,,player.fcgi?id=ritche000jac
Sam Rochard,20,2021,Virginia Tech,0,0,,13.5,5,0,,0,0,0,2,3,3,3,0,5,0,2,0,0,0,15,4,13.5,0,22.5,9,0.4,,player.fcgi?id=rochar000sam
Peter Sakellaris,20,2021,Virginia Tech,1,0,1,7.36,12,0,,0,0,0,7.1,12,8,6,1,4,0,6,2,0,1,41,2.182,14.7,1.2,4.9,7.4,1.5,,player.fcgi?id=sakell000pet
Anthony Simonelli,22,2021,Virginia Tech,5,2,0.714,3.92,13,13,,0,0,0,66.2,42,33,29,4,28,2,77,5,1,0,275,1.05,5.7,0.5,3.8,10.4,2.75,,player.fcgi?id=simone000ant
Matthew Siverling*,20,2021,Virginia Tech,4,1,0.8,5.52,22,0,,0,0,2,29.1,39,23,18,3,14,1,33,2,0,1,141,1.807,12,0.9,4.3,10.1,2.36,,player.fcgi?id=siverl000mat
Grant Umberger*,19,2021,Virginia Tech,0,0,,10.38,9,0,,0,0,0,4.1,7,5,5,1,7,1,7,1,0,2,28,3.231,14.5,2.1,14.5,14.5,1,,player.fcgi?id=umberg000gra
Henry Weycker*,20,2021,Virginia Tech,0,0,,0,3,0,,0,0,0,1.2,2,0,0,0,2,0,1,0,0,1,8,2.4,10.8,0,10.8,5.4,0.5,,player.fcgi?id=weycke000hen
Nolan Wilson,22,2021,Virginia Tech,0,0,,15,5,0,,0,0,0,3,6,5,5,1,5,1,5,1,0,0,22,3.667,18,3,15,15,1,,player.fcgi?id=wilson003nol
Christian Worley,19,2021,Virginia Tech,0,0,,5.06,7,0,,0,0,0,5.1,6,3,3,2,2,0,8,0,0,1,24,1.5,10.1,3.4,3.4,13.5,4,,player.fcgi?id=worley000chr
Tyler Dean,19,2022,Virginia Tech,0,0,,13.5,6,0,,0,0,0,4,5,6,6,0,9,0,7,2,0,3,28,3.5,11.3,0,20.3,15.8,0.78,,player.fcgi?id=dean--006tyl
Graham Firoved,22,2022,Virginia Tech,5,0,1,4.76,27,0,,0,0,2,51,44,27,27,10,28,0,72,0,0,1,223,1.412,7.8,1.8,4.9,12.7,2.57,,player.fcgi?id=firove000gra
Sean Fisher*,22,2022,Virginia Tech,0,0,,3.86,10,0,,0,0,0,7,0,3,3,0,13,0,10,5,0,0,39,1.857,0,0,16.7,12.9,0.77,,player.fcgi?id=fisher001sea
Jordan Geber,22,2022,Virginia Tech,1,2,0.333,5.4,16,7,,0,0,0,35,39,22,21,10,9,0,40,2,0,2,152,1.371,10,2.6,2.3,10.3,4.44,,player.fcgi?id=geber-000jor
Griffin Green,21,2022,Virginia Tech,7,3,0.7,4.83,16,16,,0,0,0,72.2,83,39,39,8,26,0,61,6,0,3,320,1.5,10.3,1,3.2,7.6,2.35,,player.fcgi?id=green-001gri
Drue Hackenberg,20,2022,Virginia Tech,10,2,0.833,3.3,17,16,,0,0,0,92.2,95,42,34,7,19,1,87,9,0,8,398,1.23,9.2,0.7,1.8,8.4,4.58,,player.fcgi?id=hacken000dru
Kiernan Higgins,23,2022,Virginia Tech,3,0,1,1.99,21,0,,0,0,5,31.2,22,9,7,3,14,0,38,5,0,2,130,1.137,6.3,0.9,4,10.8,2.71,,player.fcgi?id=higgin002kie
Jonah Hurney*,22,2022,Virginia Tech,6,1,0.857,2.7,25,0,,0,0,1,43.1,34,15,13,5,14,1,54,6,0,4,182,1.108,7.1,1,2.9,11.2,3.86,,player.fcgi?id=hurney000jon
Noah Johnson*,21,2022,Virginia Tech,0,0,,13.5,2,0,,0,0,0,1.1,2,2,2,0,3,0,0,0,0,2,8,3.75,13.5,0,20.3,0,0,,player.fcgi?id=johnso001noa
Ryan Kennedy*,22,2022,Virginia Tech,1,3,0.25,6.85,11,4,,0,0,0,22.1,40,19,17,3,10,2,23,5,0,1,116,2.239,16.1,1.2,4,9.3,2.3,,player.fcgi?id=kenned004rya
Brady Kirtner,20,2022,Virginia Tech,1,0,1,7.31,18,0,,0,0,0,16,13,14,13,4,9,0,21,2,0,2,70,1.375,7.3,2.3,5.1,11.8,2.33,,player.fcgi?id=kirtne000bra
Ryan Metz,23,2022,Virginia Tech,2,0,1,3.63,18,4,,0,0,1,34.2,33,16,14,3,9,0,28,2,0,1,148,1.212,8.6,0.8,2.3,7.3,3.11,,player.fcgi?id=metz--000rya
Ryan Okuda*,23,2022,Virginia Tech,2,1,0.667,3.66,13,8,,0,0,0,32,27,15,13,2,17,0,24,3,0,3,141,1.375,7.6,0.6,4.8,6.8,1.41,,player.fcgi?id=okuda-000rya
Jackson Ritchey,20,2022,Virginia Tech,0,1,0,9.53,6,2,,0,0,0,5.2,6,6,6,1,3,0,8,1,0,2,28,1.588,9.5,1.6,4.8,12.7,2.67,,player.fcgi?id=ritche000jac
Peter Sakellaris,21,2022,Virginia Tech,0,0,,11.57,5,0,,0,0,0,4.2,7,6,6,0,5,2,1,0,0,0,26,2.571,13.5,0,9.6,1.9,0.2,,player.fcgi?id=sakell000pet
Matthew Siverling*,21,2022,Virginia Tech,0,0,,0,2,1,,0,0,0,1,0,0,0,0,1,0,2,1,0,0,5,1,0,0,9,18,2,,player.fcgi?id=siverl000mat
Grant Umberger*,20,2022,Virginia Tech,0,0,,5.06,8,0,,0,0,0,5.1,5,3,3,0,5,0,9,2,0,2,28,1.875,8.4,0,8.4,15.2,1.8,,player.fcgi?id=umberg000gra
Henry Weycker*,21,2022,Virginia Tech,6,1,0.857,4.38,25,1,,0,0,1,49.1,52,27,24,4,19,2,39,8,1,1,221,1.439,9.5,0.7,3.5,7.1,2.05,,player.fcgi?id=weycke000hen
Christian Worley,20,2022,Virginia Tech,1,0,1,5.06,14,0,,0,0,1,21.1,17,12,12,3,8,0,34,3,1,2,91,1.172,7.2,1.3,3.4,14.3,4.25,,player.fcgi?id=worley000chr
Anthony Arguelles,22,2023,Virginia Tech,3,1,0.75,4.9,14,13,,0,0,0,60.2,55,37,33,11,32,0,64,5,0,5,270,1.434,8.2,1.6,4.7,9.5,2,,player.fcgi?id=arguel000ant
Tyler Dean,20,2023,Virginia Tech,1,1,0.5,6.75,13,0,,0,0,0,12,16,9,9,1,14,0,15,1,0,1,66,2.5,12,0.8,10.5,11.3,1.07,,player.fcgi?id=dean--006tyl
Jacob Exum,20,2023,Virginia Tech,0,1,0,5.28,16,0,,0,0,1,29,31,21,17,5,12,2,28,3,1,4,130,1.483,9.6,1.6,3.7,8.7,2.33,,player.fcgi?id=exum--000jac
Nick Finarelli,19,2023,Virginia Tech,0,0,,30.86,3,2,,0,0,0,2.1,6,8,8,3,7,0,3,0,0,0,20,5.571,23.1,11.6,27,11.6,0.43,,player.fcgi?id=finare000nic
Griffin Green,22,2023,Virginia Tech,2,2,0.5,6.17,9,9,,0,0,0,42.1,44,29,29,6,22,2,38,5,0,3,192,1.559,9.4,1.3,4.7,8.1,1.73,,player.fcgi?id=green-001gri
Drue Hackenberg,21,2023,Virginia Tech,5,8,0.385,5.8,15,15,,1,0,0,85.1,113,67,55,8,26,2,99,7,0,5,400,1.629,11.9,0.8,2.7,10.4,3.81,,player.fcgi?id=hacken000dru
Kiernan Higgins,24,2023,Virginia Tech,2,2,0.5,5.19,16,4,,0,0,0,26,18,16,15,4,18,1,24,3,0,3,113,1.385,6.2,1.4,6.2,8.3,1.33,,player.fcgi?id=higgin002kie
Jonah Hurney*,23,2023,Virginia Tech,3,2,0.6,7.76,21,6,,0,0,2,31.1,39,29,27,3,19,1,30,4,0,8,153,1.851,11.2,0.9,5.5,8.6,1.58,,player.fcgi?id=hurney000jon
Luke Jackman,20,2023,Virginia Tech,0,0,,4.76,4,0,,0,0,0,5.2,4,3,3,0,2,0,8,1,0,0,23,1.059,6.4,0,3.2,12.7,4,,player.fcgi?id=jackma000luk
Brady Kirtner,21,2023,Virginia Tech,1,1,0.5,4.62,23,0,,0,0,0,25.1,21,14,13,0,15,3,36,2,0,2,112,1.421,7.5,0,5.3,12.8,2.4,,player.fcgi?id=kirtne000bra
Peter Sakellaris,22,2023,Virginia Tech,0,0,,4.85,9,0,,0,0,0,13,17,8,7,2,6,0,9,2,0,0,62,1.769,11.8,1.4,4.2,6.2,1.5,,player.fcgi?id=sakell000pet
Andrew Sentlinger*,19,2023,Virginia Tech,3,1,0.75,4.1,22,0,,0,0,1,26.1,24,18,12,6,19,1,34,3,0,1,125,1.633,8.2,2.1,6.5,11.6,1.79,,player.fcgi?id=sentli001and
Matthew Siverling*,22,2023,Virginia Tech,2,0,1,7.13,17,0,,0,0,0,17.2,20,14,14,3,16,0,21,2,0,3,90,2.038,10.2,1.5,8.2,10.7,1.31,,player.fcgi?id=siverl000mat
Griffin Stieg,19,2023,Virginia Tech,1,0,1,6.75,16,1,,0,0,0,18.2,26,15,14,2,15,1,24,5,0,3,96,2.196,12.5,1,7.2,11.6,1.6,,player.fcgi?id=stieg-000gri
Tommy Szczepanski,19,2023,Virginia Tech,0,0,,9,6,1,,0,0,0,6,5,6,6,0,8,0,10,2,0,2,33,2.167,7.5,0,12,15,1.25,,player.fcgi?id=szczep000tom
Grant Umberger*,21,2023,Virginia Tech,2,1,0.667,6.08,17,2,,0,0,0,23.2,19,19,16,2,20,0,30,3,0,5,110,1.648,7.2,0.8,7.6,11.4,1.5,,player.fcgi?id=umberg000gra
Henry Weycker*,22,2023,Virginia Tech,3,3,0.5,5.52,16,0,,0,0,2,29.1,26,20,18,2,21,2,33,1,0,1,133,1.602,8,0.6,6.4,10.1,1.57,,player.fcgi?id=weycke000hen
Christian Worley,21,2023,Virginia Tech,2,0,1,2.7,5,0,,0,0,0,10,6,3,3,0,2,1,15,2,0,2,39,0.8,5.4,0,1.8,13.5,7.5,,player.fcgi?id=worley000chr
Ryan Buckler,20,2024,Virginia Tech,0,0,,3.86,4,0,,0,0,0,4.2,4,2,2,0,6,0,5,1,0,0,24,2.143,7.7,0,11.6,9.6,0.83,,player.fcgi?id=buckle001rya
Madden Clement*,19,2024,Virginia Tech,2,1,0.667,6,12,6,,0,0,0,21,22,19,14,4,10,0,23,2,0,2,95,1.524,9.4,1.7,4.3,9.9,2.3,,player.fcgi?id=clemen000mad
Preston Crowl,19,2024,Virginia Tech,0,0,,5.82,15,0,,0,0,0,17,13,13,11,4,8,0,20,4,0,1,75,1.235,6.9,2.1,4.2,10.6,2.5,,player.fcgi?id=crowl-000pre
Jacob Exum,21,2024,Virginia Tech,1,0,1,3.65,18,0,,0,0,1,24.2,27,10,10,1,3,0,19,4,0,1,104,1.216,9.9,0.4,1.1,6.9,6.33,,player.fcgi?id=exum--000jac
JT Gibson*,20,2024,Virginia Tech,0,0,,0,1,0,,0,0,0,1,2,0,0,0,0,0,1,0,0,0,4,2,18,0,0,9,,,player.fcgi?id=gibson000jt-
Brady Kirtner,22,2024,Virginia Tech,7,0,1,4.3,24,0,,0,0,2,37.2,32,19,18,3,30,7,37,2,0,6,175,1.646,7.6,0.7,7.2,8.8,1.23,,player.fcgi?id=kirtne000bra
Jordan Little,21,2024,Virginia Tech,0,2,0,6.66,21,0,,0,0,7,25.2,30,20,19,10,9,1,34,3,1,1,118,1.519,10.5,3.5,3.2,11.9,3.78,,player.fcgi?id=little001jor
Grant Manning,23,2024,Virginia Tech,2,0,1,5.91,19,1,,0,0,0,35,38,24,23,6,24,3,42,0,0,6,166,1.771,9.8,1.5,6.2,10.8,1.75,,player.fcgi?id=mannin000gra
Jeremy Neff*,23,2024,Virginia Tech,1,1,0.5,7.04,14,6,,0,0,0,30.2,44,24,24,4,16,1,27,3,1,3,152,1.957,12.9,1.2,4.7,7.9,1.69,,player.fcgi?id=neff--000jer
Carson Ohl,22,2024,Virginia Tech,0,0,,11.7,8,0,,0,0,0,10,17,13,13,4,4,0,11,0,0,1,50,2.1,15.3,3.6,3.6,9.9,2.75,,player.fcgi?id=ohl---000car
Wyatt Parliament,20,2024,Virginia Tech,4,3,0.571,7.63,15,10,,0,0,0,43.2,43,37,37,14,13,0,59,3,0,1,189,1.282,8.9,2.9,2.7,12.2,4.54,,player.fcgi?id=parlia000wya
Brett Renfrow,19,2024,Virginia Tech,6,4,0.6,4.92,15,15,,0,0,0,75,72,43,41,13,32,1,78,1,0,3,322,1.387,8.6,1.6,3.8,9.4,2.44,,player.fcgi?id=renfro000bre
Andrew Sentlinger*,20,2024,Virginia Tech,1,0,1,8.1,9,0,,0,0,0,6.2,5,6,6,1,8,0,7,0,0,2,33,1.95,6.8,1.4,10.8,9.5,0.88,,player.fcgi?id=sentli001and
David Shoemaker*,23,2024,Virginia Tech,3,4,0.429,5.67,21,1,,0,0,0,27,30,22,17,6,18,0,28,1,0,3,125,1.778,10,2,6,9.3,1.56,,player.fcgi?id=shoema001dav
Matthew Siverling*,23,2024,Virginia Tech,2,2,0.5,5,22,0,,0,0,0,27,24,18,15,3,13,0,24,3,0,3,118,1.37,8,1,4.3,8,1.85,,player.fcgi?id=siverl000mat
Griffin Stieg,20,2024,Virginia Tech,3,2,0.6,4.7,13,13,,0,0,0,51.2,54,28,27,6,13,2,48,8,2,0,227,1.297,9.4,1,2.3,8.4,3.69,,player.fcgi?id=stieg-000gri
Jacob Stretch,21,2024,Virginia Tech,0,3,0,5.32,22,0,,0,0,1,22,28,16,13,3,13,3,21,1,1,0,108,1.864,11.5,1.2,5.3,8.6,1.62,,player.fcgi?id=stretc000jac
Jordan Vera,21,2024,Virginia Tech,0,0,,2.79,6,2,,0,0,0,9.2,9,3,3,1,7,0,10,1,0,1,44,1.655,8.4,0.9,6.5,9.3,1.43,,player.fcgi?id=vera--000jor
Josh Berzonski*,21,2025,Virginia Tech,4,0,1,3.38,15,1,,0,0,0,21.1,18,9,8,2,8,1,21,1,0,0,90,1.219,7.6,0.8,3.4,8.9,2.63,,player.fcgi?id=berzon000jos
Madden Clement*,20,2025,Virginia Tech,0,0,,0,1,0,,0,0,0,3.1,1,1,0,0,1,0,5,0,0,0,13,0.6,2.7,0,2.7,13.5,5,,player.fcgi?id=clemen000mad
Brendan Cowen*,19,2025,Virginia Tech,0,0,,11.25,7,0,,0,0,0,4,4,5,5,0,6,0,6,2,0,1,24,2.5,9,0,13.5,13.5,1,,player.fcgi?id=cowen-000bre
Luke Craytor,21,2025,Virginia Tech,1,2,0.333,8.84,21,0,,0,0,2,18.1,26,19,18,1,17,1,21,2,0,3,101,2.345,12.8,0.5,8.3,10.3,1.24,,player.fcgi?id=crayto000luk
Preston Crowl,20,2025,Virginia Tech,2,0,1,3.9,25,0,,0,0,1,32.1,35,17,14,2,26,2,43,2,0,4,160,1.887,9.7,0.6,7.2,12,1.65,,player.fcgi?id=crowl-000pre
Mathieu Curtis,20,2025,Virginia Tech,3,2,0.6,5.35,26,1,,0,0,1,38.2,46,29,23,5,14,0,49,6,1,2,182,1.552,10.7,1.2,3.3,11.4,3.5,,player.fcgi?id=curtis005mat
Cade Drohan,22,2025,Virginia Tech,0,0,,13.5,2,0,,0,0,0,1.1,3,2,2,0,0,0,2,0,0,0,7,2.25,20.3,0,0,13.5,,,player.fcgi?id=drohan000cad
Logan Eisenreich,19,2025,Virginia Tech,1,1,0.5,4.88,11,10,,0,0,0,24,18,13,13,1,28,0,32,1,0,1,118,1.917,6.8,0.4,10.5,12,1.14,,player.fcgi?id=eisenr000log
Jacob Exum,22,2025,Virginia Tech,1,0,1,5.19,20,1,,0,0,0,17.1,21,11,10,4,10,0,16,4,0,1,86,1.788,10.9,2.1,5.2,8.3,1.6,,player.fcgi?id=exum--000jac
Luke Jackman,22,2025,Virginia Tech,0,0,,5.89,18,0,,0,0,1,18.1,12,12,12,2,13,0,21,2,0,4,79,1.364,5.9,1,6.4,10.3,1.62,,player.fcgi?id=jackma000luk
Marcel Kulik,18,2025,Virginia Tech,1,0,1,7.07,13,0,,0,0,0,14,15,12,11,0,10,1,16,4,0,4,71,1.786,9.6,0,6.4,10.3,1.6,,player.fcgi?id=kulik-000mar
Cameron LeJeune,23,2025,Virginia Tech,3,2,0.6,6.09,18,1,,0,0,3,34,51,27,23,4,12,2,28,0,0,3,163,1.853,13.5,1.1,3.2,7.4,2.33,,player.fcgi?id=lejeun001cam
Grant Manning,24,2025,Virginia Tech,5,3,0.625,5.92,20,3,,0,0,5,51.2,43,35,34,9,22,0,72,3,0,5,222,1.258,7.5,1.6,3.8,12.5,3.27,,player.fcgi?id=mannin000gra
Jake Marciano*,19,2025,Virginia Tech,4,2,0.667,6.08,15,14,,0,0,0,60.2,70,42,41,12,18,1,71,9,0,2,278,1.451,10.4,1.8,2.7,10.5,3.94,,player.fcgi?id=marcia000jak
Brett Renfrow,20,2025,Virginia Tech,3,7,0.3,3.89,15,15,,0,0,0,74,78,37,32,7,34,1,84,3,0,6,332,1.514,9.5,0.9,4.1,10.2,2.47,,player.fcgi?id=renfro000bre
Andrew Sentlinger*,21,2025,Virginia Tech,2,3,0.4,5.49,9,0,,0,0,0,19.2,12,12,12,1,17,1,24,3,0,3,88,1.475,5.5,0.5,7.8,11,1.41,,player.fcgi?id=sentli001and
Parker Sweeney*,18,2025,Virginia Tech,0,0,,3.86,6,2,,0,0,0,9.1,13,4,4,0,4,0,8,3,0,1,48,1.821,12.5,0,3.9,7.7,2,,player.fcgi?id=sweene000par
Chase Swift*,19,2025,Virginia Tech,1,3,0.25,3.99,14,8,,0,0,0,29.1,26,13,13,3,13,1,47,1,0,2,130,1.33,8,0.9,4,14.4,3.62,,player.fcgi?id=swift-001cha
Matt Westley,20,2025,Virginia Tech,0,0,,0,1,0,,0,0,0,0.2,0,0,0,0,3,0,1,0,0,1,5,4.5,0,0,40.5,13.5,0.33,,player.fcgi?id=westle000mat
Brendan Yagesh*,22,2025,Virginia Tech,0,0,,5.4,18,0,,0,0,0,13.1,19,9,8,1,10,1,14,1,1,0,72,2.175,12.8,0.7,6.8,9.5,1.4,,player.fcgi?id=yagesh000bre
Robert Benincasa,20,2011,Florida State,,,,3.41,,3,,,0,,34.1,30,14,13,,12,,24,,,,,1.223,7.9,,3.1,6.3,2,,player.fcgi?id=beninc001rob
Dan Bennett,22,2011,Florida State,,,,2.29,,0,,,0,,55,46,15,14,,23,,52,,,,,1.255,7.5,,3.8,8.5,2.26,,player.fcgi?id=bennet002dan
Tye Buckley?,--,2011,Florida State,,,,1.17,,0,,,0,,15.1,5,2,2,,6,,13,,,,,0.717,2.9,,3.5,7.6,2.17,,player.fcgi?id=buckle000tye
Brian Busch*,21,2011,Florida State,,,,4.29,,5,,,0,,63,66,36,30,,29,,44,,,,,1.508,9.4,,4.1,6.3,1.52,,player.fcgi?id=busch-000bri
Tyler Everett?,--,2011,Florida State,,,,2.11,,1,,,0,,21.1,20,5,5,,6,,10,,,,,1.219,8.4,,2.5,4.2,1.67,,player.fcgi?id=everet000tyl
Sean Gilmartin*,21,2011,Florida State,,,,2.08,,17,,,0,,121,92,41,28,,21,,130,,,,,0.934,6.8,,1.6,9.7,6.19,,player.fcgi?id=gilmar001sea
Brandon Johnson*,19,2011,Florida State,,,,18,,0,,,0,,2,5,4,4,,3,,1,,,,,4,22.5,,13.5,4.5,0.33,,player.fcgi?id=johnso003bra
Mike McGee,22,2011,Florida State,,,,4.6,,7,,,0,,43,32,27,22,,33,,40,,,,,1.512,6.7,,6.9,8.4,1.21,,player.fcgi?id=mcgee-001mic
Gary Merians?,--,2011,Florida State,,,,4.03,,7,,,0,,38,42,19,17,,13,,26,,,,,1.447,9.9,,3.1,6.2,2,,player.fcgi?id=merian000gar
Peter Miller,19,2011,Florida State,,,,2.25,,0,,,0,,4,1,3,1,,5,,1,,,,,1.5,2.3,,11.3,2.3,0.2,,player.fcgi?id=miller002pet
Connor Nolan?,--,2011,Florida State,,,,3,,0,,,0,,3,2,1,1,,3,,2,,,,,1.667,6,,9,6,0.67,,player.fcgi?id=nolan-002con
Jack Posey?,--,2011,Florida State,,,,4.91,,0,,,0,,7.1,11,6,4,,3,,6,,,,,1.909,13.5,,3.7,7.4,2,,player.fcgi?id=posey-001jac
Hunter Scantling,21,2011,Florida State,,,,4.33,,12,,,0,,60.1,52,33,29,,21,,48,,,,,1.21,7.8,,3.1,7.2,2.29,,player.fcgi?id=scantl001hun
Robby Scott*,21,2011,Florida State,,,,4.5,,0,,,0,,10,3,5,5,,9,,9,,,,,1.2,2.7,,8.1,8.1,1,,player.fcgi?id=scott-008rob
Adam Simmons?,--,2011,Florida State,,,,3.75,,0,,,0,,12,10,7,5,,10,,6,,,,,1.667,7.5,,7.5,4.5,0.6,,player.fcgi?id=simmon000ada
Scott Sitz,20,2011,Florida State,,,,5.74,,8,,,0,,53.1,58,34,34,,24,,33,,,,,1.538,9.8,,4.1,5.6,1.38,,player.fcgi?id=sitz--000sco
David Trexler,20,2011,Florida State,,,,7.8,,4,,,0,,15,19,15,13,,6,,17,,,,,1.667,11.4,,3.6,10.2,2.83,,player.fcgi?id=trexle000dav
Mack Waugh?,--,2011,Florida State,,,,4.5,,1,,,0,,40,45,23,20,,16,,31,,,,,1.525,10.1,,3.6,7,1.94,,player.fcgi?id=waugh-000mac
Robert Benincasa,21,2012,Florida State,4,2,0.667,1.32,32,0,,,0,16,41,24,8,6,2,7,2,58,0,0,1,155,0.756,5.3,0.4,1.5,12.7,8.29,,player.fcgi?id=beninc001rob
Kyle Bird*,19,2012,Florida State,0,1,0,7.15,22,0,,,0,0,22.2,25,19,18,1,20,2,27,2,1,2,114,1.985,9.9,0.4,7.9,10.7,1.35,,player.fcgi?id=bird--000kyl
Brian Busch*,22,2012,Florida State,0,1,0,5.04,28,1,,,0,0,25,32,14,14,2,17,1,20,3,0,1,128,1.96,11.5,0.7,6.1,7.2,1.18,,player.fcgi?id=busch-000bri
Mike Compton,19,2012,Florida State,12,2,0.857,2.87,18,18,,,0,0,91,89,35,29,4,28,0,64,8,1,0,383,1.286,8.8,0.4,2.8,6.3,2.29,,player.fcgi?id=compto000mik
Evan Geist*,--,2012,Florida State,0,0,,18,2,0,,,0,0,1,2,2,2,0,1,0,0,0,0,0,6,3,18,0,9,0,0,,player.fcgi?id=geist-000eva
Bryant Holtmann*,19,2012,Florida State,2,0,1,3.2,24,0,,,0,0,25.1,24,10,9,0,9,0,17,4,1,3,115,1.303,8.5,0,3.2,6,1.89,,player.fcgi?id=holtma000bry
Brandon Johnson*,20,2012,Florida State,1,0,1,2.87,16,0,,,0,0,15.2,10,5,5,1,2,0,9,2,0,0,57,0.766,5.7,0.6,1.1,5.2,4.5,,player.fcgi?id=johnso003bra
Brandon Leibrandt*,19,2012,Florida State,8,3,0.727,2.82,19,19,,,0,0,99,89,41,31,4,29,0,83,5,0,4,413,1.192,8.1,0.4,2.6,7.5,2.86,,player.fcgi?id=leibra000bra
Peter Miller,20,2012,Florida State,5,2,0.714,3.89,14,10,,,0,0,41.2,41,24,18,3,30,0,36,5,1,8,200,1.704,8.9,0.6,6.5,7.8,1.2,,player.fcgi?id=miller002pet
Hunter Scantling,22,2012,Florida State,5,1,0.833,3.81,31,0,,,0,0,49.2,47,22,21,7,15,1,40,0,0,4,201,1.248,8.5,1.3,2.7,7.2,2.67,,player.fcgi?id=scantl001hun
Scott Sitz,21,2012,Florida State,4,3,0.571,3.72,17,13,,,0,1,65.1,65,30,27,5,21,2,50,5,0,3,283,1.316,9,0.7,2.9,6.9,2.38,,player.fcgi?id=sitz--000sco
Gage Smith,21,2012,Florida State,5,0,1,2.89,39,0,,,0,3,53,53,22,17,1,17,1,32,3,0,3,226,1.321,9,0.2,2.9,5.4,1.88,,player.fcgi?id=smith-000gag
Mack Waugh?,--,2012,Florida State,3,2,0.6,2.33,18,0,,,0,0,27,27,12,7,0,11,1,22,0,0,0,119,1.407,9,0,3.7,7.3,2,,player.fcgi?id=waugh-000mac
Luke Weaver,18,2012,Florida State,1,0,1,5.93,16,6,,,0,1,41,41,31,27,6,21,0,40,4,0,1,184,1.512,9,1.3,4.6,8.8,1.9,,player.fcgi?id=weaver000luk
Kyle Bird*,20,2013,Florida State,0,0,,6.1,12,0,,,0,0,10.1,16,11,7,0,10,0,10,3,0,2,61,2.516,13.9,0,8.7,8.7,1,,player.fcgi?id=bird--000kyl
Kenny Burkhead,18,2013,Florida State,0,0,,7.04,7,0,,,0,0,7.2,9,6,6,1,6,0,3,0,0,0,37,1.957,10.6,1.2,7,3.5,0.5,,player.fcgi?id=burkhe000ken
Robert Coles,21,2013,Florida State,4,2,0.667,2.25,30,0,,,0,9,36,30,14,9,2,16,2,35,3,0,2,158,1.278,7.5,0.5,4,8.8,2.19,,player.fcgi?id=coles-002rob
Bryant Holtmann*,20,2013,Florida State,3,0,1,4,22,1,,,0,0,36,31,16,16,1,19,0,23,4,0,2,160,1.389,7.8,0.3,4.8,5.8,1.21,,player.fcgi?id=holtma000bry
Brandon Johnson*,21,2013,Florida State,1,1,0.5,3.98,15,0,,,0,0,20.1,23,11,9,0,8,1,13,2,0,1,93,1.525,10.2,0,3.5,5.8,1.63,,player.fcgi?id=johnso003bra
Hayden Jordan,21,2013,Florida State,0,0,,18,1,0,,,0,0,1,4,2,2,0,0,0,1,1,0,0,8,4,36,0,0,9,,,player.fcgi?id=jordan001hay
Brandon Leibrandt*,20,2013,Florida State,10,4,0.714,3.44,16,16,,,0,0,89,89,40,34,7,30,0,77,4,0,3,375,1.337,9,0.7,3,7.8,2.57,,player.fcgi?id=leibra000bra
Peter Miller,21,2013,Florida State,6,2,0.75,3.55,14,13,,,0,0,58.1,60,28,23,1,21,0,47,7,1,4,260,1.389,9.3,0.2,3.2,7.3,2.24,,player.fcgi?id=miller002pet
Dylan Silva*,19,2013,Florida State,0,0,,0.82,7,0,,,0,0,11,4,6,1,0,10,0,7,3,0,0,51,1.273,3.3,0,8.2,5.7,0.7,,player.fcgi?id=silva-000dyl
Scott Sitz,22,2013,Florida State,10,2,0.833,2.09,16,16,,,0,0,94.2,92,40,22,3,22,1,80,3,0,2,394,1.204,8.7,0.3,2.1,7.6,3.64,,player.fcgi?id=sitz--000sco
Gage Smith,22,2013,Florida State,4,2,0.667,2.41,35,0,,,0,1,41,35,15,11,1,8,0,32,3,0,1,166,1.049,7.7,0.2,1.8,7,4,,player.fcgi?id=smith-000gag
Billy Strode*,20,2013,Florida State,1,0,1,2.43,20,3,,,0,1,37,30,12,10,0,8,1,33,2,0,1,150,1.027,7.3,0,1.9,8,4.13,,player.fcgi?id=strode000bil
Luke Weaver,19,2013,Florida State,7,2,0.778,2.29,17,15,,,0,0,98.1,78,26,25,5,19,1,119,3,1,5,378,0.986,7.1,0.5,1.7,10.9,6.26,,player.fcgi?id=weaver000luk
Jameis Winston,19,2013,Florida State,1,2,0.333,3,17,0,,,0,2,27,18,11,9,1,12,3,21,1,1,5,117,1.111,6,0.3,4,7,1.75,,player.fcgi?id=winsto001jam
Taylor Blatch,19,2014,Florida State,1,0,1,6.23,14,2,,,0,0,17.1,13,12,12,1,19,0,11,5,0,3,87,1.846,6.8,0.5,9.9,5.7,0.58,,player.fcgi?id=blatch000tay
Kenny Burkhead,19,2014,Florida State,1,0,1,8.44,10,2,,,0,0,10.2,17,11,10,1,5,2,8,0,0,2,52,2.063,14.3,0.8,4.2,6.8,1.6,,player.fcgi?id=burkhe000ken
Alec Byrd*,19,2014,Florida State,1,1,0.5,4.2,10,1,,,0,0,15,16,8,7,2,8,0,13,1,0,3,67,1.6,9.6,1.2,4.8,7.8,1.63,,player.fcgi?id=byrd--000ale
Mike Compton,21,2014,Florida State,7,3,0.7,3.23,15,15,,,1,0,83.2,93,37,30,3,19,1,50,4,0,2,365,1.339,10,0.3,2,5.4,2.63,,player.fcgi?id=compto000mik
Bryant Holtmann*,21,2014,Florida State,5,1,0.833,3.68,14,6,,,0,0,36.2,31,15,15,2,12,0,29,0,0,1,151,1.173,7.6,0.5,2.9,7.1,2.42,,player.fcgi?id=holtma000bry
Brandon Johnson*,22,2014,Florida State,0,0,,3.31,12,0,,,0,1,16.1,19,10,6,2,4,0,11,0,0,3,76,1.408,10.5,1.1,2.2,6.1,2.75,,player.fcgi?id=johnso003bra
Brandon Leibrandt*,21,2014,Florida State,4,1,0.8,1.83,6,6,,,0,0,39.1,31,11,8,2,9,0,30,1,0,3,155,1.017,7.1,0.5,2.1,6.9,3.33,,player.fcgi?id=leibra000bra
Peter Miller,22,2014,Florida State,3,4,0.429,5.14,17,7,,,0,1,42,38,26,24,3,31,1,53,1,0,6,194,1.643,8.1,0.6,6.6,11.4,1.71,,player.fcgi?id=miller002pet
Dylan Silva*,20,2014,Florida State,4,0,1,1.9,17,1,,,0,1,23.2,16,6,5,0,14,0,28,6,0,2,105,1.268,6.1,0,5.3,10.6,2,,player.fcgi?id=silva-000dyl
Gage Smith,23,2014,Florida State,5,2,0.714,2.39,40,0,,,0,1,64,57,20,17,2,6,2,31,5,0,0,251,0.984,8,0.3,0.8,4.4,5.17,,player.fcgi?id=smith-000gag
Billy Strode*,21,2014,Florida State,2,1,0.667,2.63,24,4,,,0,0,48,38,15,14,0,23,1,49,6,1,1,197,1.271,7.1,0,4.3,9.2,2.13,,player.fcgi?id=strode000bil
Jim Voyles,19,2014,Florida State,1,0,1,4.05,5,0,,,0,0,6.2,7,3,3,1,2,0,3,2,0,1,30,1.35,9.5,1.4,2.7,4.1,1.5,,player.fcgi?id=voyles000jim
Luke Weaver,20,2014,Florida State,8,4,0.667,2.62,16,16,,,1,0,106.1,88,36,31,8,23,0,85,6,2,4,426,1.044,7.4,0.7,1.9,7.2,3.7,,player.fcgi?id=weaver000luk
Jameis Winston,20,2014,Florida State,1,0,1,1.08,24,0,,,0,7,33.1,18,7,4,0,7,0,31,0,1,3,125,0.75,4.9,0,1.9,8.4,4.43,,player.fcgi?id=winsto001jam
Boomer Biegalski,20,2015,Florida State,7,5,0.583,3.17,18,17,,,0,0,108,84,45,38,12,38,0,120,8,0,8,455,1.13,7,1,3.2,10,3.16,,player.fcgi?id=biegal000boo
Alec Byrd*,20,2015,Florida State,5,1,0.833,4.53,27,3,,,0,0,43.2,47,25,22,4,15,0,48,6,0,1,198,1.42,9.7,0.8,3.1,9.9,3.2,,player.fcgi?id=byrd--000ale
Drew Carlton,19,2015,Florida State,5,5,0.5,4.04,18,12,,,0,0,71.1,76,37,32,4,19,1,60,5,0,3,311,1.332,9.6,0.5,2.4,7.6,3.16,,player.fcgi?id=carlto000dre
Mike Compton,22,2015,Florida State,4,4,0.5,3.55,13,13,,,1,0,71,75,37,28,5,12,0,70,0,1,0,302,1.225,9.5,0.6,1.5,8.9,5.83,,player.fcgi?id=compto000mik
Alex Deise*,21,2015,Florida State,1,0,1,3.86,10,0,,,0,0,16.1,12,8,7,2,4,0,16,3,1,1,68,0.98,6.6,1.1,2.2,8.8,4,,player.fcgi?id=deise-000ale
Taylor Folsom*,--,2015,Florida State,2,0,1,3.86,15,0,,,0,1,14,17,9,6,0,12,2,11,2,0,3,71,2.071,10.9,0,7.7,7.1,0.92,,player.fcgi?id=folsom000tay
Bryant Holtmann*,22,2015,Florida State,6,1,0.857,3.36,20,9,,,0,0,64.1,71,32,24,6,22,0,33,5,1,3,284,1.446,9.9,0.8,3.1,4.6,1.5,,player.fcgi?id=holtma000bry
Cobi Johnson,19,2015,Florida State,3,2,0.6,7.21,14,8,,,0,0,43.2,53,41,35,6,23,0,44,5,1,9,211,1.74,10.9,1.2,4.7,9.1,1.91,,player.fcgi?id=johnso000cob
Dylan Silva*,21,2015,Florida State,7,1,0.875,4.29,36,0,,,0,1,56.2,51,35,27,5,37,1,76,3,0,6,254,1.553,8.1,0.8,5.9,12.1,2.05,,player.fcgi?id=silva-000dyl
Billy Strode*,22,2015,Florida State,3,0,1,1.8,30,0,,,0,14,35,23,8,7,2,17,1,46,1,0,0,143,1.143,5.9,0.5,4.4,11.8,2.71,,player.fcgi?id=strode000bil
Derek Vail?,--,2015,Florida State,0,0,,10.5,10,0,,,0,0,6,12,7,7,1,6,0,3,0,0,1,35,3,18,1.5,9,4.5,0.5,,player.fcgi?id=vail--000der
Ed Voyles,20,2015,Florida State,0,1,0,1.42,6,1,,,0,0,6.1,7,2,1,1,0,0,5,1,0,0,27,1.105,9.9,1.4,0,7.1,,,player.fcgi?id=voyles000ed-
Jim Voyles,20,2015,Florida State,0,1,0,2.63,21,2,,,0,0,27.1,28,15,8,2,10,0,27,1,1,1,122,1.39,9.2,0.7,3.3,8.9,2.7,,player.fcgi?id=voyles000jim
Andy Ward,20,2015,Florida State,0,0,,13.5,2,0,,,0,0,1.1,3,2,2,0,2,0,2,0,0,0,9,3.75,20.3,0,13.5,13.5,1,,player.fcgi?id=ward--000and
Steven Wells,20,2015,Florida State,0,0,,0,1,0,,,0,0,1,1,0,0,0,0,0,2,0,0,0,4,1,9,0,0,18,,,player.fcgi?id=wells-001ste
Will Zirzow,20,2015,Florida State,1,0,1,4,12,0,,,0,0,18,16,9,8,0,5,1,15,2,0,2,76,1.167,8,0,2.5,7.5,3,,player.fcgi?id=zirzow000wil
Taylor Blatch,21,2016,Florida State,0,0,,27,1,0,,0,0,0,0.2,2,2,2,0,2,0,2,1,0,1,7,6,27,0,27,27,1,,player.fcgi?id=blatch000tay
Alec Byrd*,21,2016,Florida State,1,0,1,2.2,28,0,,0,0,0,32.2,18,9,8,5,10,1,32,2,0,2,127,0.857,5,1.4,2.8,8.8,3.2,,player.fcgi?id=byrd--000ale
Drew Carlton,20,2016,Florida State,8,3,0.727,3.94,17,17,,1,1,0,93.2,93,46,41,6,23,2,76,4,1,0,395,1.238,8.9,0.6,2.2,7.3,3.3,,player.fcgi?id=carlto000dre
Mike Compton,23,2016,Florida State,5,3,0.625,4.92,15,12,,0,0,0,60.1,70,39,33,5,19,0,32,7,0,0,274,1.475,10.4,0.7,2.8,4.8,1.68,,player.fcgi?id=compto000mik
Alex Deise*,22,2016,Florida State,0,0,,3,2,0,,0,0,0,3,4,1,1,0,2,0,0,0,0,1,13,2,12,0,6,0,0,,player.fcgi?id=deise-000ale
Chase Haney,20,2016,Florida State,5,0,1,2.78,31,0,,0,0,0,32.1,29,16,10,1,19,1,37,7,0,1,153,1.485,8.1,0.3,5.3,10.3,1.95,,player.fcgi?id=haney-000cha
Tyler Holton*,20,2016,Florida State,3,4,0.429,2.79,18,10,,0,0,1,67.2,60,31,21,5,33,1,84,9,0,10,302,1.374,8,0.7,4.4,11.2,2.55,,player.fcgi?id=holton000tyl
Cobi Johnson,20,2016,Florida State,0,0,,3.5,12,1,,0,0,0,18,6,9,7,2,9,0,20,2,0,1,69,0.833,3,1,4.5,10,2.22,,player.fcgi?id=johnso000cob
Andrew Karp,20,2016,Florida State,1,1,0.5,6.91,9,2,,0,0,0,14.1,19,13,11,2,6,0,8,2,0,2,70,1.744,11.9,1.3,3.8,5,1.33,,player.fcgi?id=karp--000and
Matthew Kinney*,23,2016,Florida State,3,0,1,2.49,27,0,,0,0,0,25.1,16,7,7,1,12,0,16,9,0,4,108,1.105,5.7,0.4,4.3,5.7,1.33,,player.fcgi?id=kinney002mat
Ronnie Ramirez,19,2016,Florida State,0,0,,13.5,2,0,,0,0,0,2,4,4,3,0,1,0,2,0,0,0,11,2.5,18,0,4.5,9,2,,player.fcgi?id=ramire003ron
Cole Sands,18,2016,Florida State,6,7,0.462,4.13,18,17,,0,0,0,69.2,69,43,32,7,33,1,50,5,0,8,310,1.464,8.9,0.9,4.3,6.5,1.52,,player.fcgi?id=sands-000col
Ed Voyles,21,2016,Florida State,1,2,0.333,2.66,23,4,,0,0,1,47.1,53,25,14,3,19,1,41,2,1,5,217,1.521,10.1,0.6,3.6,7.8,2.16,,player.fcgi?id=voyles000ed-
Jim Voyles,21,2016,Florida State,6,1,0.857,3.16,25,0,,0,0,2,51.1,35,21,18,2,18,1,48,3,0,3,202,1.032,6.1,0.4,3.2,8.4,2.67,,player.fcgi?id=voyles000jim
Andy Ward,21,2016,Florida State,0,0,,0,1,0,,0,0,0,1,0,0,0,0,0,0,1,0,0,0,3,0,0,0,0,9,,,player.fcgi?id=ward--000and
Tyler Warmoth,24,2016,Florida State,1,1,0.5,5.34,23,0,,0,0,4,30.1,24,18,18,5,9,0,40,8,0,2,130,1.088,7.1,1.5,2.7,11.9,4.44,,player.fcgi?id=warmot000tyl
Will Zirzow,21,2016,Florida State,1,0,1,4.42,15,0,,0,0,0,18.1,15,9,9,3,10,0,24,3,0,1,84,1.364,7.4,1.5,4.9,11.8,2.4,,player.fcgi?id=zirzow000wil
Alec Byrd*,22,2017,Florida State,4,2,0.667,4.05,36,0,,0,0,1,33.1,33,18,15,2,18,1,37,3,0,3,153,1.53,8.9,0.5,4.9,10,2.06,,player.fcgi?id=byrd--000ale
Drew Carlton,21,2017,Florida State,5,4,0.556,2.17,36,1,,0,0,7,62.1,65,22,15,4,15,2,58,9,0,2,279,1.283,9.4,0.6,2.2,8.4,3.87,,player.fcgi?id=carlto000dre
Chase Haney,21,2017,Florida State,3,2,0.6,4.26,33,0,,0,0,0,31.2,31,15,15,1,8,0,26,4,1,1,135,1.232,8.8,0.3,2.3,7.4,3.25,,player.fcgi?id=haney-000cha
Tyler Holton*,21,2017,Florida State,10,3,0.769,2.34,18,18,,2,1,0,119.1,77,43,31,8,31,0,144,10,0,8,483,0.905,5.8,0.6,2.3,10.9,4.65,,player.fcgi?id=holton000tyl
Andrew Karp,21,2017,Florida State,2,3,0.4,4.48,18,12,,0,0,0,66.1,65,36,33,6,18,0,70,7,0,3,283,1.251,8.8,0.8,2.4,9.5,3.89,,player.fcgi?id=karp--000and
Clayton Kwiatkowski*,19,2017,Florida State,1,0,1,2.45,18,0,,0,0,0,22,17,6,6,1,12,1,22,2,1,2,94,1.318,7,0.4,4.9,9,1.83,,player.fcgi?id=kwiatk000cla
Drew Parrish*,19,2017,Florida State,6,3,0.667,4.52,19,15,,1,0,0,91.2,80,52,46,8,29,1,93,8,0,3,389,1.189,7.9,0.8,2.8,9.1,3.21,,player.fcgi?id=parris000dre
Brandon Reitz,19,2017,Florida State,0,0,,6,3,0,,0,0,0,3,3,2,2,1,2,0,3,0,0,2,14,1.667,9,3,6,9,1.5,,player.fcgi?id=reitz-000bra
Cole Sands,19,2017,Florida State,6,4,0.6,5.4,18,17,,0,0,0,83.1,87,58,50,9,29,1,72,9,2,3,363,1.392,9.4,1,3.1,7.8,2.48,,player.fcgi?id=sands-000col
Grant Stewart*,19,2017,Florida State,1,0,1,4.91,10,0,,0,0,0,11,13,6,6,1,7,1,14,3,0,2,53,1.818,10.6,0.8,5.7,11.5,2,,player.fcgi?id=stewar000gra
Ed Voyles,22,2017,Florida State,1,1,0.5,6.1,8,2,,0,0,1,10.1,16,10,7,0,1,0,7,1,0,0,50,1.645,13.9,0,0.9,6.1,7,,player.fcgi?id=voyles000ed-
Jim Voyles,22,2017,Florida State,4,0,1,4.46,26,0,,0,0,0,36.1,40,23,18,3,21,0,39,1,0,6,170,1.679,9.9,0.7,5.2,9.7,1.86,,player.fcgi?id=voyles000jim
Steven Wells,22,2017,Florida State,0,0,,2.7,6,0,,0,0,0,3.1,8,3,1,0,1,1,3,1,0,1,21,2.7,21.6,0,2.7,8.1,3,,player.fcgi?id=wells-001ste
Will Zirzow,22,2017,Florida State,3,1,0.75,2.58,20,4,,1,1,0,45.1,31,17,13,1,19,0,52,7,0,10,194,1.103,6.2,0.2,3.8,10.3,2.74,,player.fcgi?id=zirzow000wil
Tyler Ahearn,19,2018,Florida State,1,0,1,5.5,11,0,,0,0,0,18,14,12,11,2,18,0,13,3,0,7,86,1.778,7,1,9,6.5,0.72,,player.fcgi?id=ahearn000tyl
Shane Drohan*,19,2018,Florida State,0,0,,20.77,6,0,,0,0,0,4.1,3,10,10,2,10,0,1,2,0,2,26,3,6.2,4.2,20.8,2.1,0.1,,player.fcgi?id=drohan000sha
Conor Grady,19,2018,Florida State,4,3,0.571,4.34,22,0,,0,0,2,29,20,14,14,4,21,2,33,1,0,1,128,1.414,6.2,1.2,6.5,10.2,1.57,,player.fcgi?id=grady-000con
Tyler Holton*,22,2018,Florida State,0,0,,0,1,1,,0,0,0,4.2,1,0,0,0,1,0,6,0,0,0,17,0.429,1.9,0,1.9,11.6,6,,player.fcgi?id=holton000tyl
Gage Hutchinson,22,2018,Florida State,1,0,1,11.7,10,0,,0,0,0,10,20,16,13,2,7,0,12,4,0,1,64,2.7,18,1.8,6.3,10.8,1.71,,player.fcgi?id=hutchi000gag
Cobi Johnson,22,2018,Florida State,0,1,0,3.54,14,0,,0,0,1,20.1,16,8,8,3,13,0,27,1,0,1,90,1.426,7.1,1.3,5.8,12,2.08,,player.fcgi?id=johnso000cob
Andrew Karp,22,2018,Florida State,8,4,0.667,3.97,16,15,,2,1,0,81.2,81,42,36,13,17,1,97,7,1,0,342,1.2,8.9,1.4,1.9,10.7,5.71,,player.fcgi?id=karp--000and
Clayton Kwiatkowski*,20,2018,Florida State,4,1,0.8,3.18,26,1,,0,0,2,45.1,35,19,16,5,21,0,49,6,0,3,194,1.235,6.9,1,4.2,9.7,2.33,,player.fcgi?id=kwiatk000cla
Drew Parrish*,20,2018,Florida State,5,1,0.833,2.52,16,16,,2,0,0,107,71,35,30,10,37,0,128,6,1,4,428,1.009,6,0.8,3.1,10.8,3.46,,player.fcgi?id=parris000dre
Austin Pollock*,19,2018,Florida State,3,4,0.429,5.28,15,10,,0,0,1,61.1,67,45,36,3,31,1,49,4,0,4,280,1.598,9.8,0.4,4.5,7.2,1.58,,player.fcgi?id=polloc000aus
Cole Sands,20,2018,Florida State,7,4,0.636,4.54,14,14,,0,0,0,75.1,59,40,38,10,25,2,88,8,1,8,318,1.115,7,1.2,3,10.5,3.52,,player.fcgi?id=sands-000col
Jonah Scolaro*,19,2018,Florida State,2,1,0.667,3.43,27,0,,0,0,6,44.2,46,21,17,2,18,0,60,7,1,5,204,1.433,9.3,0.4,3.6,12.1,3.33,,player.fcgi?id=scolar000jon
CJ Van Eyk,19,2018,Florida State,7,0,1,2.86,19,5,,0,0,2,56.2,42,19,18,4,30,0,71,5,1,2,238,1.271,6.7,0.6,4.8,11.3,2.37,,player.fcgi?id=vaneyk000cj-
Will Zirzow,23,2018,Florida State,0,0,,0,1,0,,0,0,0,1,0,0,0,0,0,0,1,0,0,0,3,0,0,0,0,9,,,player.fcgi?id=zirzow000wil
Tyler Ahearn,20,2019,Florida State,1,0,1,9.72,12,1,,0,0,0,16.2,17,19,18,3,15,1,16,2,0,3,82,1.92,9.2,1.6,8.1,8.6,1.07,,player.fcgi?id=ahearn000tyl
Jack Anderson,19,2019,Florida State,0,1,0,7.04,6,1,,0,0,0,7.2,10,7,6,1,5,0,10,0,0,1,38,1.957,11.7,1.2,5.9,11.7,2,,player.fcgi?id=anders012jac
Shane Drohan*,20,2019,Florida State,3,1,0.75,3.66,16,11,,0,0,0,51.2,47,22,21,2,48,0,71,2,0,7,247,1.839,8.2,0.3,8.4,12.4,1.48,,player.fcgi?id=drohan000sha
J.C. Flowers,21,2019,Florida State,0,0,,1.69,23,1,,0,0,13,26.2,20,6,5,1,11,0,25,2,0,3,113,1.163,6.8,0.3,3.7,8.4,2.27,,player.fcgi?id=flower000jc-
Conor Grady,20,2019,Florida State,9,6,0.6,3.64,25,8,,0,0,0,64.1,54,31,26,6,26,1,71,3,0,0,271,1.244,7.6,0.8,3.6,9.9,2.73,,player.fcgi?id=grady-000con
Chase Haney,23,2019,Florida State,2,2,0.5,2.41,31,0,,0,0,1,37.1,23,13,10,2,11,0,36,2,1,1,151,0.911,5.5,0.5,2.7,8.7,3.27,,player.fcgi?id=haney-000cha
Cade Hungate,19,2019,Florida State,0,0,,7.88,8,0,,0,0,0,8,8,7,7,0,9,0,4,1,0,1,40,2.125,9,0,10.1,4.5,0.44,,player.fcgi?id=hungat000cad
Gage Hutchinson,23,2019,Florida State,0,0,,5.06,10,0,,0,0,0,10.2,13,9,6,1,5,0,10,2,0,3,57,1.688,11,0.8,4.2,8.4,2,,player.fcgi?id=hutchi000gag
Clayton Kwiatkowski*,21,2019,Florida State,0,0,,4,23,1,,0,0,0,36,38,22,16,2,16,1,40,0,0,7,165,1.5,9.5,0.5,4,10,2.5,,player.fcgi?id=kwiatk000cla
Drew Parrish*,21,2019,Florida State,9,5,0.643,4.67,19,18,,0,0,0,94.1,89,56,49,15,32,1,125,5,0,3,408,1.283,8.5,1.4,3.1,11.9,3.91,,player.fcgi?id=parris000dre
Austin Pollock*,20,2019,Florida State,0,0,,10.22,16,2,,0,0,0,24.2,34,29,28,5,19,1,18,4,0,5,129,2.149,12.4,1.8,6.9,6.6,0.95,,player.fcgi?id=polloc000aus
Jonah Scolaro*,20,2019,Florida State,3,2,0.6,4.69,26,1,,0,0,2,48,35,30,25,3,23,2,52,5,1,2,208,1.208,6.6,0.6,4.3,9.8,2.26,,player.fcgi?id=scolar000jon
CJ Van Eyk,20,2019,Florida State,10,4,0.714,3.81,18,18,,0,0,0,99.1,89,46,42,9,41,0,129,7,1,6,433,1.309,8.1,0.8,3.7,11.7,3.15,,player.fcgi?id=vaneyk000cj-
Antonio Velez*,22,2019,Florida State,5,2,0.714,4.17,22,3,,0,0,1,45.1,46,28,21,3,11,1,50,4,0,0,195,1.257,9.1,0.6,2.2,9.9,4.55,,player.fcgi?id=velez-001ant
Tyler Ahearn,21,2020,Florida State,1,0,1,1.93,6,0,,0,0,1,9.1,8,5,2,0,4,0,14,0,0,0,42,1.286,7.7,0,3.9,13.5,3.5,,player.fcgi?id=ahearn000tyl
Jack Anderson,20,2020,Florida State,2,0,1,0.79,4,1,,0,0,0,11.1,6,4,1,0,3,0,11,1,0,0,45,0.794,4.8,0,2.4,8.7,3.67,,player.fcgi?id=anders012jac
Shane Drohan*,21,2020,Florida State,0,1,0,4.08,4,4,,0,0,0,17.2,15,12,8,0,11,0,27,1,0,2,82,1.472,7.6,0,5.6,13.8,2.45,,player.fcgi?id=drohan000sha
Conor Grady,21,2020,Florida State,2,0,1,3,4,4,,0,0,0,15,10,5,5,3,8,0,15,1,0,2,68,1.2,6,1.8,4.8,9,1.88,,player.fcgi?id=grady-000con
Chase Haney,24,2020,Florida State,3,0,1,1.29,12,0,,0,0,0,14,6,2,2,1,2,0,20,1,0,0,53,0.571,3.9,0.6,1.3,12.9,10,,player.fcgi?id=haney-000cha
Davis Hare,21,2020,Florida State,1,1,0.5,4.66,7,0,,0,0,0,9.2,8,5,5,2,4,0,15,1,0,2,41,1.241,7.4,1.9,3.7,14,3.75,,player.fcgi?id=hare--000dav
Bryce Hubbart*,19,2020,Florida State,0,1,0,6.48,7,3,,0,0,0,8.1,8,7,6,3,8,0,13,1,0,1,43,1.92,8.6,3.2,8.6,14,1.63,,player.fcgi?id=hubbar000bry
Doug Kirkland,19,2020,Florida State,0,0,,4.5,5,0,,0,0,0,2,3,2,1,0,0,0,1,0,0,0,8,1.5,13.5,0,0,4.5,,,player.fcgi?id=kirkla000dou
Clayton Kwiatkowski*,22,2020,Florida State,0,0,,2.45,7,0,,0,0,0,7.1,8,2,2,0,3,0,11,1,0,0,32,1.5,9.8,0,3.7,13.5,3.67,,player.fcgi?id=kwiatk000cla
Parker Messick*,19,2020,Florida State,1,1,0.5,0.77,6,0,,0,0,1,11.2,9,2,1,1,2,0,19,0,0,1,47,0.943,6.9,0.8,1.5,14.7,9.5,,player.fcgi?id=messic000par
Jonah Scolaro*,21,2020,Florida State,0,0,,4.5,8,0,,0,0,0,6,3,4,3,1,6,0,11,0,1,0,29,1.5,4.5,1.5,9,16.5,1.83,,player.fcgi?id=scolar000jon
Dylan Simmons,19,2020,Florida State,0,0,,10.13,3,0,,0,0,0,2.2,4,3,3,2,2,0,2,0,0,0,14,2.25,13.5,6.8,6.8,6.8,1,,player.fcgi?id=simmon000dyl
CJ Van Eyk,21,2020,Florida State,1,1,0.5,1.31,4,4,,0,0,0,20.2,11,4,3,0,12,0,25,3,0,2,88,1.113,4.8,0,5.2,10.9,2.08,,player.fcgi?id=vaneyk000cj-
Antonio Velez*,23,2020,Florida State,1,0,1,0.52,6,1,,0,0,0,17.1,7,1,1,1,3,0,21,0,0,1,58,0.577,3.6,0.5,1.6,10.9,7,,player.fcgi?id=velez-001ant
Brandon Walker,19,2020,Florida State,0,0,,0,2,0,,0,0,0,2,2,0,0,0,0,0,3,0,0,0,8,1,9,0,0,13.5,,,player.fcgi?id=walker004bra
Tyler Ahearn,22,2021,Florida State,2,1,0.667,3.48,15,0,,0,0,0,20.2,20,10,8,2,14,0,21,2,0,4,96,1.645,8.7,0.9,6.1,9.1,1.5,,player.fcgi?id=ahearn000tyl
Jack Anderson,21,2021,Florida State,2,0,1,2.48,23,1,,0,0,5,40,32,17,11,5,7,0,45,1,0,4,164,0.975,7.2,1.1,1.6,10.1,6.43,,player.fcgi?id=anders012jac
Andrew Armstrong*,19,2021,Florida State,0,0,,0,5,0,,0,0,0,4,6,2,0,0,0,0,5,2,0,0,19,1.5,13.5,0,0,11.3,,,player.fcgi?id=armstr003and
Wyatt Crowell*,19,2021,Florida State,1,3,0.25,3.86,13,0,,0,0,0,16.1,16,12,7,0,6,0,16,5,0,4,77,1.347,8.8,0,3.3,8.8,2.67,,player.fcgi?id=crowel000wya
Ross Dunn*,19,2021,Florida State,0,0,,2.13,12,1,,0,0,0,12.2,7,4,3,0,11,0,15,1,0,4,57,1.421,5,0,7.8,10.7,1.36,,player.fcgi?id=dunn--000ros
Conor Grady,22,2021,Florida State,5,2,0.714,4.05,16,15,,0,0,0,73.1,66,38,33,9,19,0,99,4,0,5,307,1.159,8.1,1.1,2.3,12.2,5.21,,player.fcgi?id=grady-000con
Chase Haney,25,2021,Florida State,3,1,0.75,5.96,31,0,,0,0,1,25.2,30,19,17,6,7,0,30,3,0,3,113,1.442,10.5,2.1,2.5,10.5,4.29,,player.fcgi?id=haney-000cha
Davis Hare,22,2021,Florida State,1,2,0.333,2.67,25,0,,0,0,3,27,23,16,8,5,13,2,33,1,0,7,122,1.333,7.7,1.7,4.3,11,2.54,,player.fcgi?id=hare--000dav
Bryce Hubbart*,20,2021,Florida State,6,5,0.545,3.8,16,14,,0,0,0,71,54,36,30,9,29,0,94,12,1,3,306,1.169,6.8,1.1,3.7,11.9,3.24,,player.fcgi?id=hubbar000bry
Clayton Kwiatkowski*,23,2021,Florida State,2,2,0.5,2.13,23,0,,0,0,0,25.1,18,7,6,1,13,0,36,1,0,1,106,1.224,6.4,0.4,4.6,12.8,2.77,,player.fcgi?id=kwiatk000cla
Kyle McMullen,23,2021,Florida State,0,0,,9,2,0,,0,0,0,2,4,2,2,1,2,0,2,0,0,0,11,3,18,4.5,9,9,1,,player.fcgi?id=mcmull000kyl
Parker Messick*,20,2021,Florida State,8,2,0.8,3.1,16,16,,0,0,0,90,81,38,31,6,23,0,126,10,1,2,385,1.156,8.1,0.6,2.3,12.6,5.48,,player.fcgi?id=messic000par
Carson Montgomery,18,2021,Florida State,0,1,0,4.5,11,8,,0,0,0,28,26,22,14,1,23,0,39,7,0,6,140,1.75,8.4,0.3,7.4,12.5,1.7,,player.fcgi?id=montgo000car
Jackson Nezuh,19,2021,Florida State,0,0,,3.38,3,0,,0,0,0,2.2,1,1,1,0,3,0,3,0,0,0,12,1.5,3.4,0,10.1,10.1,1,,player.fcgi?id=nezuh-000jac
Hunter Perdue,22,2021,Florida State,1,3,0.25,3.27,20,0,,0,0,1,22,19,11,8,2,10,0,28,2,0,3,96,1.318,7.8,0.8,4.1,11.5,2.8,,player.fcgi?id=perdue001hun
Chris Ruckdeschel,--,2021,Florida State,0,0,,inf,1,0,,0,0,0,0,1,1,1,0,1,0,0,1,0,1,3,,,,,,0,,player.fcgi?id=ruckde000chr
Jonah Scolaro*,22,2021,Florida State,0,2,0,2.28,31,0,,0,0,1,23.2,19,10,6,2,11,2,26,3,1,2,100,1.268,7.2,0.8,4.2,9.9,2.36,,player.fcgi?id=scolar000jon
Dylan Simmons,20,2021,Florida State,0,0,,0,1,0,,0,0,0,1,0,0,0,0,1,0,1,0,0,0,4,1,0,0,9,9,1,,player.fcgi?id=simmon000dyl
Brandon Walker,20,2021,Florida State,0,0,,3.48,13,0,,0,0,0,10.1,7,4,4,0,4,0,9,0,0,1,39,1.065,6.1,0,3.5,7.8,2.25,,player.fcgi?id=walker004bra
Andrew Armstrong*,20,2022,Florida State,0,0,,8.03,16,0,,0,0,0,12.1,19,13,11,5,10,0,12,4,0,5,68,2.351,13.9,3.6,7.3,8.8,1.2,,player.fcgi?id=armstr003and
David Barrett,21,2022,Florida State,0,0,,5.4,6,0,,0,0,0,3.1,3,2,2,0,1,0,2,1,0,2,14,1.2,8.1,0,2.7,5.4,2,,player.fcgi?id=barret000dav
Jackson Baumeister,19,2022,Florida State,1,2,0.333,5.6,19,2,,0,0,0,27.1,23,17,17,3,20,0,41,3,0,3,126,1.573,7.6,1,6.6,13.5,2.05,,player.fcgi?id=baumei000jac
Joe Charles,22,2022,Florida State,0,0,,0,2,0,,0,0,0,1.1,0,0,0,0,1,0,2,0,0,0,5,0.75,0,0,6.8,13.5,2,,player.fcgi?id=charle000jos
Wyatt Crowell*,20,2022,Florida State,6,1,0.857,2.12,28,0,,0,0,2,51,39,18,12,4,17,1,72,5,0,4,218,1.098,6.9,0.7,3,12.7,4.24,,player.fcgi?id=crowel000wya
Ross Dunn*,20,2022,Florida State,2,4,0.333,4.88,16,11,,0,0,0,48,42,38,26,6,26,1,77,9,0,7,222,1.417,7.9,1.1,4.9,14.4,2.96,,player.fcgi?id=dunn--000ros
Davis Hare,23,2022,Florida State,1,4,0.2,3.72,25,0,,0,0,4,36.1,28,21,15,4,11,2,52,3,0,5,159,1.073,6.9,1,2.7,12.9,4.73,,player.fcgi?id=hare--000dav
Bryce Hubbart*,21,2022,Florida State,8,3,0.727,3.32,15,15,,0,0,0,76,67,33,28,11,21,0,96,12,1,3,330,1.158,7.9,1.3,2.5,11.4,4.57,,player.fcgi?id=hubbar000bry
Dylan Jacobs,19,2022,Florida State,0,0,,16.2,5,0,,0,0,0,3.1,3,7,6,0,5,0,4,0,0,0,18,2.4,8.1,0,13.5,10.8,0.8,,player.fcgi?id=jacobs001dyl
Kyle McMullen,24,2022,Florida State,0,0,,3.6,8,0,,0,0,0,10,7,4,4,1,8,0,9,1,0,0,46,1.5,6.3,0.9,7.2,8.1,1.13,,player.fcgi?id=mcmull000kyl
Parker Messick*,21,2022,Florida State,7,5,0.583,3.38,16,16,,0,0,0,98.2,78,38,37,15,18,0,144,7,1,5,395,0.973,7.1,1.4,1.6,13.1,8,,player.fcgi?id=messic000par
Carson Montgomery,19,2022,Florida State,4,1,0.8,5,15,12,,0,0,1,54,50,35,30,7,23,0,62,11,0,4,246,1.352,8.3,1.2,3.8,10.3,2.7,,player.fcgi?id=montgo000car
Jackson Nezuh,20,2022,Florida State,1,0,1,8.22,14,1,,0,0,0,15.1,18,18,14,3,12,2,15,3,0,2,81,1.957,10.6,1.8,7,8.8,1.25,,player.fcgi?id=nezuh-000jac
Jonah Scolaro*,23,2022,Florida State,2,3,0.4,3.25,28,2,,0,0,3,44.1,43,16,16,4,15,1,62,6,0,4,193,1.308,8.7,0.8,3,12.6,4.13,,player.fcgi?id=scolar000jon
Dylan Simmons,21,2022,Florida State,0,0,,12,17,0,,0,0,0,15,31,20,20,9,5,1,16,0,0,2,80,2.4,18.6,5.4,3,9.6,3.2,,player.fcgi?id=simmon000dyl
Brandon Walker,21,2022,Florida State,0,0,,20.25,2,0,,0,0,0,1.1,5,3,3,0,4,0,2,0,0,0,13,6.75,33.8,0,27,13.5,0.5,,player.fcgi?id=walker004bra
Conner Whittaker,19,2022,Florida State,2,2,0.5,2.48,21,0,,0,0,0,36.1,24,10,10,2,13,1,34,4,0,3,148,1.018,5.9,0.5,3.2,8.4,2.62,,player.fcgi?id=whitta000con
Andrew Armstrong*,21,2023,Florida State,2,3,0.4,4.19,32,2,,0,0,2,58,55,33,27,7,20,2,57,12,0,4,250,1.293,8.5,1.1,3.1,8.8,2.85,,player.fcgi?id=armstr003and
Jamie Arnold*,19,2023,Florida State,2,5,0.286,6.34,24,8,,0,0,0,44,45,38,31,6,27,0,49,9,0,1,207,1.636,9.2,1.2,5.5,10,1.81,,player.fcgi?id=arnold004jam
Brett Barfield*,19,2023,Florida State,0,1,0,15.88,7,0,,0,0,0,5.2,12,12,10,2,5,0,3,0,0,1,33,3,19.1,3.2,7.9,4.8,0.6,,player.fcgi?id=barfie000bre
Ben Barrett,19,2023,Florida State,0,0,,5.2,13,7,,0,0,0,27.2,23,17,16,3,10,0,25,7,0,3,124,1.193,7.5,1,3.3,8.1,2.5,,player.fcgi?id=barret000ben
David Barrett,22,2023,Florida State,0,0,,8.8,17,1,,0,0,0,15.1,24,18,15,5,18,0,22,1,0,6,87,2.739,14.1,2.9,10.6,12.9,1.22,,player.fcgi?id=barret000dav
Jackson Baumeister,20,2023,Florida State,5,5,0.5,5.09,15,14,,0,0,0,69,69,45,39,5,29,0,95,4,0,7,307,1.42,9,0.7,3.8,12.4,3.28,,player.fcgi?id=baumei000jac
Jordan Carrion,22,2023,Florida State,0,0,,0,1,0,,0,0,0,0.1,0,0,0,0,1,0,0,0,0,1,2,3,0,0,27,0,0,,player.fcgi?id=carrio002jor
Joe Charles,23,2023,Florida State,0,0,,16.2,2,0,,0,0,0,1.2,0,3,3,0,4,0,1,1,0,2,10,2.4,0,0,21.6,5.4,0.25,,player.fcgi?id=charle000jos
Wyatt Crowell*,21,2023,Florida State,3,0,1,0.87,5,1,,0,0,1,20.2,9,3,2,0,11,0,33,5,0,1,85,0.968,3.9,0,4.8,14.4,3,,player.fcgi?id=crowel000wya
Ryan Denison,19,2023,Florida State,2,4,0.333,6.08,18,3,,0,0,0,23.2,30,24,16,4,19,0,20,3,0,3,125,2.07,11.4,1.5,7.2,7.6,1.05,,player.fcgi?id=deniso001rya
Drake Flowers?,--,2023,Florida State,0,0,,13.5,4,0,,0,0,0,2.2,8,9,4,2,5,0,2,0,0,0,22,4.875,27,6.8,16.9,6.8,0.4,,player.fcgi?id=flower000dra
Davion Hickson,19,2023,Florida State,0,0,,0,1,0,,0,0,0,1,0,0,0,0,0,0,1,1,0,0,4,0,0,0,0,9,,,player.fcgi?id=hickso000dav
Doug Kirkland,22,2023,Florida State,3,3,0.5,6.86,27,0,,0,0,4,39.1,25,31,30,6,32,1,48,4,0,13,180,1.449,5.7,1.4,7.3,11,1.5,,player.fcgi?id=kirkla000dou
Carson Montgomery,20,2023,Florida State,0,2,0,7,16,9,,0,0,1,45,52,36,35,8,37,0,42,9,0,10,226,1.978,10.4,1.6,7.4,8.4,1.14,,player.fcgi?id=montgo000car
Brennen Oxford*,23,2023,Florida State,1,1,0.5,5.63,29,1,,0,0,1,32,33,21,20,5,17,1,45,5,0,4,150,1.563,9.3,1.4,4.8,12.7,2.65,,player.fcgi?id=oxford000bre
Jaden Stockton,--,2023,Florida State,0,0,,43.2,3,0,,0,0,0,1.2,8,11,8,2,6,0,0,1,0,0,19,8.4,43.2,10.8,32.4,0,0,,player.fcgi?id=stockt000jad
Brandon Walker,22,2023,Florida State,0,1,0,9,11,0,,0,0,0,11,19,16,11,2,7,1,10,0,0,4,61,2.364,15.5,1.6,5.7,8.2,1.43,,player.fcgi?id=walker004bra
Conner Whittaker,20,2023,Florida State,5,6,0.455,4.33,17,8,,0,0,0,79,82,42,38,8,19,0,65,3,0,3,340,1.278,9.3,0.9,2.2,7.4,3.42,,player.fcgi?id=whitta000con
John Abraham,19,2024,Florida State,5,2,0.714,4.72,25,3,,0,0,1,34.1,20,19,18,6,31,0,42,6,0,9,159,1.485,5.2,1.6,8.1,11,1.35,,player.fcgi?id=abraha001joh
Andrew Armstrong*,22,2024,Florida State,5,0,1,6.91,23,9,,0,0,0,43,50,36,33,7,18,0,33,13,0,3,202,1.581,10.5,1.5,3.8,6.9,1.83,,player.fcgi?id=armstr003and
Jamie Arnold*,20,2024,Florida State,11,3,0.786,2.98,19,18,,0,0,1,105.2,90,45,35,7,26,1,159,14,0,4,449,1.098,7.7,0.6,2.2,13.5,6.12,,player.fcgi?id=arnold004jam
Ben Barrett,20,2024,Florida State,1,0,1,5.27,8,0,,0,0,1,13.2,17,8,8,2,4,0,12,1,0,2,60,1.537,11.2,1.3,2.6,7.9,3,,player.fcgi?id=barret000ben
Joe Charles,24,2024,Florida State,1,0,1,5.94,30,0,,0,0,2,33.1,28,24,22,1,19,4,37,7,0,4,153,1.41,7.6,0.3,5.1,10,1.95,,player.fcgi?id=charle000jos
Ryan Denison,20,2024,Florida State,0,0,,17.18,4,0,,0,0,0,3.2,6,7,7,0,6,0,5,2,0,0,24,3.273,14.7,0,14.7,12.3,0.83,,player.fcgi?id=deniso001rya
Carson Dorsey*,21,2024,Florida State,8,4,0.667,4.6,23,11,,0,0,3,76.1,82,41,39,10,37,1,88,10,0,5,346,1.559,9.7,1.2,4.4,10.4,2.38,,player.fcgi?id=dorsey002car
Connor Hults*,22,2024,Florida State,3,1,0.75,3.89,27,0,,0,0,4,34.2,30,16,15,5,15,1,36,4,0,6,150,1.298,7.8,1.3,3.9,9.3,2.4,,player.fcgi?id=hults-000con
Cam Leiter,20,2024,Florida State,5,1,0.833,4.63,7,7,,0,0,0,35,32,20,18,3,22,0,56,3,1,3,159,1.543,8.2,0.8,5.7,14.4,2.55,,player.fcgi?id=leiter000cam
Brady Louck*,19,2024,Florida State,1,1,0.5,7.06,14,4,,0,0,0,21.2,27,18,17,4,15,0,27,4,0,6,109,1.938,11.2,1.7,6.2,11.2,1.8,,player.fcgi?id=louck-000bra
Brennen Oxford*,24,2024,Florida State,2,1,0.667,3.43,32,0,,0,0,6,57.2,54,24,22,7,28,0,70,3,1,6,257,1.422,8.4,1.1,4.4,10.9,2.5,,player.fcgi?id=oxford000bre
Hudson Rowan*,19,2024,Florida State,0,1,0,9.2,17,0,,0,0,0,14.2,9,16,15,1,22,0,28,4,0,7,80,2.114,5.5,0.6,13.5,17.2,1.27,,player.fcgi?id=rowan-000hud
Matt Sauser,19,2024,Florida State,0,0,,6.97,7,3,,0,0,0,10.1,12,8,8,4,8,0,9,1,0,1,51,1.935,10.5,3.5,7,7.8,1.13,,player.fcgi?id=sauser000mat
Noah Short,24,2024,Florida State,1,1,0.5,7.71,22,0,,0,0,1,21,19,21,18,5,21,0,30,6,0,0,110,1.905,8.1,2.1,9,12.9,1.43,,player.fcgi?id=short-000noa
Yoel Tejeda,20,2024,Florida State,1,2,0.333,5.95,13,2,,0,0,0,19.2,24,17,13,4,17,0,15,3,0,4,102,2.085,11,1.8,7.8,6.9,0.88,,player.fcgi?id=tejeda000yoe
Conner Whittaker,21,2024,Florida State,5,0,1,5.28,17,9,,0,0,1,59.2,63,36,35,11,15,0,47,0,0,4,249,1.307,9.5,1.7,2.3,7.1,3.13,,player.fcgi?id=whitta000con
John Abraham,20,2025,Florida State,4,1,0.8,4.64,22,1,,0,0,1,33,32,20,17,6,24,1,42,5,0,2,159,1.697,8.7,1.6,6.5,11.5,1.75,,player.fcgi?id=abraha001joh
Jamie Arnold*,21,2025,Florida State,8,2,0.8,2.98,15,15,,0,0,0,84.2,63,30,28,7,27,0,119,15,0,0,351,1.063,6.7,0.7,2.9,12.6,4.41,,player.fcgi?id=arnold004jam
Ben Barrett,21,2025,Florida State,0,0,,11.57,13,0,,0,0,2,11.2,14,15,15,2,12,0,17,3,0,3,65,2.229,10.8,1.5,9.3,13.1,1.42,,player.fcgi?id=barret000ben
David Barrett,24,2025,Florida State,0,0,,inf,1,0,,0,0,0,0,1,2,2,1,2,0,0,0,0,0,3,,,,,,0,,player.fcgi?id=barret000dav
Joe Charles,25,2025,Florida State,2,0,1,4.84,22,0,,0,0,4,35.1,26,19,19,2,19,0,49,3,0,10,152,1.274,6.6,0.5,4.8,12.5,2.58,,player.fcgi?id=charle000jos
Evan Chrest,21,2025,Florida State,2,1,0.667,2.7,4,4,,0,0,0,16.2,15,6,5,1,5,0,11,2,0,1,70,1.2,8.1,0.5,2.7,5.9,2.2,,player.fcgi?id=chrest000eva
Nick Greaney,22,2025,Florida State,0,0,,0,3,0,,0,0,0,2.1,0,2,0,0,4,0,1,0,0,1,11,1.714,0,0,15.4,3.9,0.25,,player.fcgi?id=greane000nic
Connor Hults*,23,2025,Florida State,0,0,,6.35,8,0,,0,0,0,5.2,5,4,4,0,5,0,5,3,0,2,29,1.765,7.9,0,7.9,7.9,1,,player.fcgi?id=hults-000con
Chris Knier,21,2025,Florida State,1,1,0.5,4.75,23,0,,0,0,2,30.1,23,16,16,6,22,1,31,2,0,4,134,1.484,6.8,1.8,6.5,9.2,1.41,,player.fcgi?id=knier-000chr
Brady Louck*,20,2025,Florida State,0,0,,3.86,9,0,,0,0,0,11.2,5,5,5,2,7,0,10,1,0,4,46,1.029,3.9,1.5,5.4,7.7,1.43,,player.fcgi?id=louck-000bra
Payton Manca*,21,2025,Florida State,2,1,0.667,6.56,13,4,,0,0,0,23.1,17,19,17,4,16,0,24,4,1,5,105,1.414,6.6,1.5,6.2,9.3,1.5,,player.fcgi?id=manca-000pay
Jacob Marlowe*,22,2025,Florida State,1,0,1,9.28,8,1,,0,0,0,10.2,17,11,11,3,5,0,11,1,0,0,54,2.063,14.3,2.5,4.2,9.3,2.2,,player.fcgi?id=marlow000jac
Maison Martinez,21,2025,Florida State,1,2,0.333,5.55,14,0,,0,0,2,24.1,21,16,15,5,13,1,33,2,0,8,105,1.397,7.8,1.8,4.8,12.2,2.54,,player.fcgi?id=martin001mai
Wes Mendes*,20,2025,Florida State,7,3,0.7,5.42,16,16,,0,0,0,78,70,48,47,11,39,0,90,10,2,11,342,1.397,8.1,1.3,4.5,10.4,2.31,,player.fcgi?id=mendes000wes
Peyton Prescott,21,2025,Florida State,5,0,1,5.15,24,1,,0,0,3,36.2,42,25,21,4,17,0,46,2,0,8,168,1.609,10.3,1,4.2,11.3,2.71,,player.fcgi?id=presco000pey
Hudson Rowan*,20,2025,Florida State,1,0,1,11.81,9,1,,0,0,0,5.1,5,7,7,0,10,0,6,1,0,0,32,2.813,8.4,0,16.9,10.1,0.6,,player.fcgi?id=rowan-000hud
Joey Volini*,22,2025,Florida State,8,5,0.615,3.5,16,15,,2,0,0,87.1,76,38,34,8,25,0,105,8,2,3,357,1.156,7.8,0.8,2.6,10.8,4.2,,player.fcgi?id=volini000joe
Kevin Brady,20,2011,Clemson,,,,3.75,,3,,,0,,24,19,10,10,,1,,33,,,,,0.833,7.1,,0.4,12.4,33,,player.fcgi?id=brady-001kev
Matt Campbell,19,2011,Clemson,,,,3,,0,,,0,,24,12,9,8,,15,,25,,,,,1.125,4.5,,5.6,9.4,1.67,,player.fcgi?id=campbe004mat
Scott Firth,20,2011,Clemson,,,,3.06,,7,,,0,,50,42,24,17,,27,,38,,,,,1.38,7.6,,4.9,6.8,1.41,,player.fcgi?id=firth-001sco
Alex Frederick?,--,2011,Clemson,,,,3.34,,2,,,0,,35,28,16,13,,13,,29,,,,,1.171,7.2,,3.3,7.5,2.23,,player.fcgi?id=freder000ale
David Haselden,21,2011,Clemson,,,,2.18,,4,,,0,,78.1,65,30,19,,14,,49,,,,,1.009,7.5,,1.6,5.6,3.5,,player.fcgi?id=haseld000dav
Addison Johnson*,23,2011,Clemson,,,,9,,0,,,0,,1,3,1,1,,0,,0,,,,,3,27,,0,0,,,player.fcgi?id=johnso001add
Mike Kent?,--,2011,Clemson,,,,18,,0,,,0,,1,1,2,2,,3,,0,,,,,4,9,,27,0,0,,player.fcgi?id=kent--000mik
Will Lamb*,20,2011,Clemson,,,,4.78,,4,,,0,,26.1,24,15,14,,11,,29,,,,,1.329,8.2,,3.8,9.9,2.64,,player.fcgi?id=lamb--000wil
Dominic Leone,19,2011,Clemson,,,,3.61,,12,,,0,,67.1,53,30,27,,30,,72,,,,,1.233,7.1,,4,9.6,2.4,,player.fcgi?id=leone-000dom
Jonathan Meyer?,--,2011,Clemson,,,,3.31,,7,,,0,,68,55,26,25,,19,,63,,,,,1.088,7.3,,2.5,8.3,3.32,,player.fcgi?id=meyer-002jon
Joseph Moorefield*,21,2011,Clemson,,,,5.06,,0,,,0,,16,19,11,9,,5,,9,,,,,1.5,10.7,,2.8,5.1,1.8,,player.fcgi?id=mooref000jos
Kevin Pohle,19,2011,Clemson,,,,1.83,,3,,,0,,34.1,37,9,7,,10,,17,,,,,1.369,9.7,,2.6,4.5,1.7,,player.fcgi?id=pohle-000kev
Justin Sarratt,23,2011,Clemson,,,,2.51,,13,,,0,,82.1,72,29,23,,14,,65,,,,,1.045,7.9,,1.5,7.1,4.64,,player.fcgi?id=sarrat000jus
Jon Surber?,--,2011,Clemson,,,,0,,0,,,0,,6.1,4,1,0,,4,,6,,,,,1.263,5.7,,5.7,8.5,1.5,,player.fcgi?id=surber000jon
Scott Weismann,21,2011,Clemson,,,,4.89,,8,,,0,,57,62,34,31,,17,,51,,,,,1.386,9.8,,2.7,8.1,3,,player.fcgi?id=weisma001sco
Patrick Andrews,19,2012,Clemson,2,3,0.4,5.52,20,0,,,0,2,29.1,29,22,18,1,15,0,25,3,0,7,130,1.5,8.9,0.3,4.6,7.7,1.67,,player.fcgi?id=andrew002pat
Kyle Bailey?,--,2012,Clemson,0,0,,0,2,0,,,0,0,1,2,0,0,0,1,0,1,0,0,0,7,3,18,0,9,9,1,,player.fcgi?id=bailey000kyl
Clay Bates?,--,2012,Clemson,0,0,,7.27,9,0,,,0,0,8.2,13,7,7,0,2,0,3,5,1,1,46,1.731,13.5,0,2.1,3.1,1.5,,player.fcgi?id=bates-002cla
Kevin Brady,21,2012,Clemson,1,3,0.25,2.54,14,11,,,0,0,63.2,54,22,18,5,24,0,62,5,3,6,265,1.225,7.6,0.7,3.4,8.8,2.58,,player.fcgi?id=brady-001kev
Matt Campbell,20,2012,Clemson,1,2,0.333,2.49,13,0,,,0,2,25.1,19,8,7,1,11,0,29,2,0,2,107,1.184,6.8,0.4,3.9,10.3,2.64,,player.fcgi?id=campbe004mat
Scott Firth,21,2012,Clemson,4,0,1,2.09,24,0,,,0,3,51.2,44,15,12,2,33,3,44,5,0,5,238,1.49,7.7,0.3,5.7,7.7,1.33,,player.fcgi?id=firth-001sco
Daniel Gossett,19,2012,Clemson,6,3,0.667,4.32,19,10,,,0,2,77,62,37,37,4,39,0,87,6,0,9,332,1.312,7.2,0.5,4.6,10.2,2.23,,player.fcgi?id=gosset000dan
David Haselden,22,2012,Clemson,4,2,0.667,3.78,18,5,,,0,1,47.2,61,23,20,2,20,0,33,6,0,5,223,1.699,11.5,0.4,3.8,6.2,1.65,,player.fcgi?id=haseld000dav
Mike Kent?,--,2012,Clemson,1,2,0.333,3.76,21,1,,,0,2,38.1,42,20,16,2,10,0,21,5,0,4,171,1.357,9.9,0.5,2.3,4.9,2.1,,player.fcgi?id=kent--000mik
Dominic Leone,20,2012,Clemson,7,4,0.636,5.25,16,16,,,0,0,84,90,52,49,10,41,0,66,7,3,4,372,1.56,9.6,1.1,4.4,7.1,1.61,,player.fcgi?id=leone-000dom
Jonathan Meyer?,--,2012,Clemson,2,5,0.286,3.96,24,6,,,0,1,63.2,79,33,28,3,18,1,38,4,0,2,287,1.524,11.2,0.4,2.5,5.4,2.11,,player.fcgi?id=meyer-002jon
Joseph Moorefield*,22,2012,Clemson,0,0,,6.23,19,0,,,0,0,8.2,13,7,6,1,2,0,11,2,0,0,44,1.731,13.5,1,2.1,11.4,5.5,,player.fcgi?id=mooref000jos
Kevin Pohle,20,2012,Clemson,7,4,0.636,3.66,16,14,,,0,0,76.1,80,43,31,4,32,2,40,3,1,3,336,1.467,9.4,0.5,3.8,4.7,1.25,,player.fcgi?id=pohle-000kev
Patrick Andrews,20,2013,Clemson,1,1,0.5,2.87,23,1,,,0,0,37.2,30,15,12,1,10,0,25,3,1,0,154,1.062,7.2,0.2,2.4,6,2.5,,player.fcgi?id=andrew002pat
Clay Bates?,--,2013,Clemson,1,0,1,3.6,10,0,,,0,0,10,9,6,4,0,6,1,4,5,0,1,48,1.5,8.1,0,5.4,3.6,0.67,,player.fcgi?id=bates-002cla
Jackson Campana?,--,2013,Clemson,0,0,,2.61,8,0,,,0,0,10.1,11,4,3,0,8,0,8,1,0,3,47,1.839,9.6,0,7,7,1,,player.fcgi?id=campan000jac
Matt Campbell,21,2013,Clemson,1,1,0.5,4.82,24,0,,,0,7,28,19,16,15,2,13,0,35,0,0,3,113,1.143,6.1,0.6,4.2,11.3,2.69,,player.fcgi?id=campbe004mat
Matt Crownover*,20,2013,Clemson,7,3,0.7,2.19,15,14,,,0,0,70,64,19,17,4,17,0,45,6,0,1,283,1.157,8.2,0.5,2.2,5.8,2.65,,player.fcgi?id=crowno000mat
Zack Erwin*,19,2013,Clemson,5,2,0.714,3.45,22,6,,,0,2,60,53,27,23,2,20,0,32,5,1,2,253,1.217,8,0.3,3,4.8,1.6,,player.fcgi?id=erwin-000zac
Scott Firth,22,2013,Clemson,6,5,0.545,3.23,19,6,,,0,4,61.1,63,30,22,2,18,2,41,6,1,2,270,1.321,9.2,0.3,2.6,6,2.28,,player.fcgi?id=firth-001sco
Daniel Gossett,20,2013,Clemson,10,4,0.714,2.56,16,16,,,1,0,98.1,78,40,28,7,38,0,91,8,1,16,420,1.18,7.1,0.6,3.5,8.3,2.39,,player.fcgi?id=gosset000dan
Mike Kent?,--,2013,Clemson,1,1,0.5,3.38,13,0,,,0,0,18.2,24,9,7,1,2,0,12,0,0,0,81,1.393,11.6,0.5,1,5.8,6,,player.fcgi?id=kent--000mik
Brody Koerner,19,2013,Clemson,1,1,0.5,3.99,10,5,,,0,0,29.1,24,20,13,1,22,0,28,4,0,6,139,1.568,7.4,0.3,6.8,8.6,1.27,,player.fcgi?id=koerne000bro
Jonathan Meyer?,--,2013,Clemson,2,0,1,3.28,19,3,,,0,0,46.2,61,18,17,2,7,0,37,3,0,2,206,1.457,11.8,0.4,1.4,7.1,5.29,,player.fcgi?id=meyer-002jon
Joseph Moorefield*,23,2013,Clemson,0,0,,1.69,15,0,,,0,0,5.1,7,3,1,1,5,0,2,0,0,1,28,2.25,11.8,1.7,8.4,3.4,0.4,,player.fcgi?id=mooref000jos
Clate Schmidt,19,2013,Clemson,3,4,0.429,5.34,16,11,,,0,0,55.2,82,39,33,2,26,0,25,7,1,4,278,1.94,13.3,0.3,4.2,4,0.96,,player.fcgi?id=schmid000cla
Kyle Schnell?,--,2013,Clemson,2,0,1,2.84,24,0,,,0,2,31.2,35,13,10,0,10,0,22,5,2,1,143,1.421,9.9,0,2.8,6.3,2.2,,player.fcgi?id=schnel000kyl
Patrick Andrews,21,2014,Clemson,0,0,,7.2,6,0,,,0,0,5,8,5,4,2,2,0,4,0,0,0,26,2,14.4,3.6,3.6,7.2,2,,player.fcgi?id=andrew002pat
Clay Bates?,--,2014,Clemson,0,1,0,4.11,27,0,,,0,1,30.2,29,17,14,1,18,0,26,3,0,5,140,1.533,8.5,0.3,5.3,7.6,1.44,,player.fcgi?id=bates-002cla
Alex Bostic*,19,2014,Clemson,0,1,0,27,8,1,,,0,0,4.1,9,16,13,1,11,0,3,0,0,2,33,4.615,18.7,2.1,22.8,6.2,0.27,,player.fcgi?id=bostic000ale
Jackson Campana?,--,2014,Clemson,0,0,,6.75,3,0,,,0,0,2.2,1,2,2,0,1,0,2,1,0,0,11,0.75,3.4,0,3.4,6.8,2,,player.fcgi?id=campan000jac
Matt Campbell,22,2014,Clemson,4,0,1,0.84,25,0,,,0,8,32,16,4,3,1,15,1,45,2,0,2,130,0.969,4.5,0.3,4.2,12.7,3,,player.fcgi?id=campbe004mat
Matt Crownover*,21,2014,Clemson,8,6,0.571,2.9,17,16,,,0,0,99.1,94,45,32,4,20,0,90,8,1,7,418,1.148,8.5,0.4,1.8,8.2,4.5,,player.fcgi?id=crowno000mat
Zack Erwin*,20,2014,Clemson,4,3,0.571,4.21,26,7,,,1,2,72.2,59,39,34,4,28,0,62,9,0,4,309,1.197,7.3,0.5,3.5,7.7,2.21,,player.fcgi?id=erwin-000zac
Daniel Gossett,21,2014,Clemson,7,2,0.778,1.93,15,15,,,2,0,107.1,78,25,23,4,30,1,107,7,0,9,433,1.006,6.5,0.3,2.5,9,3.57,,player.fcgi?id=gosset000dan
Brody Koerner,20,2014,Clemson,0,1,0,15.63,5,2,,,0,0,6.1,10,11,11,1,10,0,9,0,1,0,38,3.158,14.2,1.4,14.2,12.8,0.9,,player.fcgi?id=koerne000bro
Jake Long,22,2014,Clemson,3,3,0.5,5.3,16,12,,,0,0,56,55,36,33,3,32,0,42,5,1,3,259,1.554,8.8,0.5,5.1,6.8,1.31,,player.fcgi?id=long--001jak
Garrett Lovorn?,--,2014,Clemson,0,0,,5.06,9,0,,,0,0,10.2,10,7,6,1,7,0,10,4,0,5,55,1.594,8.4,0.8,5.9,8.4,1.43,,player.fcgi?id=lovorn000gar
Drew Moyer,18,2014,Clemson,5,1,0.833,3.46,28,0,,,0,2,39,40,20,15,0,22,0,32,1,0,5,177,1.59,9.2,0,5.1,7.4,1.45,,player.fcgi?id=moyer-000dre
Kevin Pohle,22,2014,Clemson,0,0,,10.97,5,0,,,0,0,10.2,18,13,13,1,5,0,5,1,0,2,56,2.156,15.2,0.8,4.2,4.2,1,,player.fcgi?id=pohle-000kev
Clate Schmidt,20,2014,Clemson,5,7,0.417,3.68,20,8,,,0,0,66,65,34,27,1,28,1,53,12,1,9,303,1.409,8.9,0.1,3.8,7.2,1.89,,player.fcgi?id=schmid000cla
Kyle Schnell?,--,2014,Clemson,0,0,,45,5,0,,,0,0,1,4,5,5,0,3,0,0,5,0,0,15,7,36,0,27,0,0,,player.fcgi?id=schnel000kyl
Wales Toney,19,2014,Clemson,0,0,,12.46,4,0,,,0,0,4.1,6,6,6,2,5,0,6,2,0,1,27,2.538,12.5,4.2,10.4,12.5,1.2,,player.fcgi?id=toney-000wal
Charlie Barnes*,19,2015,Clemson,1,2,0.333,3.38,12,2,,,0,0,24,26,15,9,1,8,0,23,2,0,3,111,1.417,9.8,0.4,3,8.6,2.88,,player.fcgi?id=barnes006cha
Clay Bates?,--,2015,Clemson,0,0,,17.18,6,0,,,0,0,3.2,9,7,7,0,3,0,2,1,0,0,22,3.273,22.1,0,7.4,4.9,0.67,,player.fcgi?id=bates-002cla
Alex Bostic*,20,2015,Clemson,0,2,0,5.25,15,0,,,0,0,12,14,9,7,0,7,0,11,1,0,2,58,1.75,10.5,0,5.3,8.3,1.57,,player.fcgi?id=bostic000ale
Paul Campbell,19,2015,Clemson,0,2,0,7.4,13,1,,,0,1,20.2,27,18,17,3,9,0,24,1,1,2,100,1.742,11.8,1.3,3.9,10.5,2.67,,player.fcgi?id=campbe005pau
Matt Crownover*,22,2015,Clemson,10,3,0.769,1.82,16,16,,,0,0,109,72,28,22,7,37,1,108,2,0,6,435,1,5.9,0.6,3.1,8.9,2.92,,player.fcgi?id=crowno000mat
Zack Erwin*,21,2015,Clemson,7,4,0.636,3.04,17,16,,,0,0,106.2,108,51,36,7,16,0,92,4,2,1,454,1.163,9.1,0.6,1.4,7.8,5.75,,player.fcgi?id=erwin-000zac
Brody Koerner,21,2015,Clemson,4,5,0.444,7.55,16,12,,,1,0,62,89,57,52,5,22,0,63,10,2,11,307,1.79,12.9,0.7,3.2,9.1,2.86,,player.fcgi?id=koerne000bro
Pat Krall*,20,2015,Clemson,2,4,0.333,4.03,27,0,,,0,3,38,32,22,17,0,11,0,38,1,0,0,160,1.132,7.6,0,2.6,9,3.45,,player.fcgi?id=krall-000pat
Jake Long,23,2015,Clemson,2,1,0.667,2.17,13,7,,,0,0,49.2,37,17,12,6,22,0,39,2,0,4,208,1.188,6.7,1.1,4,7.1,1.77,,player.fcgi?id=long--001jak
Drew Moyer,19,2015,Clemson,1,0,1,1.74,10,0,,,0,2,10.1,10,2,2,1,5,0,15,1,0,0,47,1.452,8.7,0.9,4.4,13.1,3,,player.fcgi?id=moyer-000dre
Kevin Pohle,23,2015,Clemson,0,0,,5.06,10,0,,,0,0,10.2,11,6,6,3,6,0,4,1,0,0,51,1.594,9.3,2.5,5.1,3.4,0.67,,player.fcgi?id=pohle-000kev
Clate Schmidt,21,2015,Clemson,2,3,0.4,4.67,18,6,,,0,0,52,55,32,27,6,23,1,32,4,0,7,233,1.5,9.5,1,4,5.5,1.39,,player.fcgi?id=schmid000cla
Alex Schnell*,20,2015,Clemson,2,0,1,8.41,11,0,,,0,1,20.1,21,21,19,6,15,0,14,6,0,0,104,1.77,9.3,2.7,6.6,6.2,0.93,,player.fcgi?id=schnel000ale
Hunter Van Horn*,19,2015,Clemson,0,0,,6.14,10,0,,,0,0,7.1,7,5,5,1,6,0,7,0,0,3,34,1.773,8.6,1.2,7.4,8.6,1.17,,player.fcgi?id=vanhor000hun
Taylor Vetzel?,--,2015,Clemson,1,3,0.25,3.97,20,1,,,0,4,22.2,18,13,10,0,10,0,25,4,3,3,102,1.235,7.1,0,4,9.9,2.5,,player.fcgi?id=vetzel000tay
Patrick Andrews,23,2016,Clemson,1,0,1,2.31,19,0,,0,0,0,23.1,21,7,6,0,8,0,23,1,0,2,96,1.243,8.1,0,3.1,8.9,2.88,,player.fcgi?id=andrew002pat
Charlie Barnes*,20,2016,Clemson,6,4,0.6,4.66,16,16,,0,0,0,94.2,97,62,49,9,24,0,84,12,0,3,425,1.278,9.2,0.9,2.3,8,3.5,,player.fcgi?id=barnes006cha
Alex Bostic*,21,2016,Clemson,4,2,0.667,5.13,26,1,,0,0,2,33.1,26,21,19,2,27,1,44,2,0,6,156,1.59,7,0.5,7.3,11.9,1.63,,player.fcgi?id=bostic000ale
Jackson Campana?,--,2016,Clemson,0,0,,9,1,0,,0,0,0,1,1,1,1,0,1,0,1,1,0,2,6,2,9,0,9,9,1,,player.fcgi?id=campan000jac
Paul Campbell,20,2016,Clemson,0,0,,11.17,12,0,,0,0,0,9.2,16,12,12,2,5,0,9,5,1,2,56,2.172,14.9,1.9,4.7,8.4,1.8,,player.fcgi?id=campbe005pau
Brooks Crawford,19,2016,Clemson,3,0,1,3.66,26,2,,0,0,1,46.2,45,25,19,5,19,1,26,3,0,2,205,1.371,8.7,1,3.7,5,1.37,,player.fcgi?id=crawfo000bro
Alex Eubanks,20,2016,Clemson,6,5,0.545,4.09,23,11,,1,0,3,81.1,93,50,37,3,21,0,70,7,0,4,365,1.402,10.3,0.3,2.3,7.7,3.33,,player.fcgi?id=eubank000ale
Ryley Gilliam,19,2016,Clemson,3,2,0.6,6.1,15,6,,0,0,0,31,26,22,21,1,18,0,16,4,0,4,138,1.419,7.5,0.3,5.2,4.6,0.89,,player.fcgi?id=gillia000ryl
Mike Goren,20,2016,Clemson,0,0,,22.5,3,0,,0,0,0,4,7,10,10,2,6,0,5,0,1,2,25,3.25,15.8,4.5,13.5,11.3,0.83,,player.fcgi?id=goren-000mik
Jake Higginbotham*,20,2016,Clemson,3,0,1,4.59,8,7,,0,0,0,33.1,39,22,17,2,21,0,28,0,1,4,157,1.8,10.5,0.5,5.7,7.6,1.33,,player.fcgi?id=higgin000jak
Pat Krall*,21,2016,Clemson,10,2,0.833,1.67,29,3,,1,0,5,80.2,58,18,15,3,17,2,65,4,0,3,320,0.93,6.5,0.3,1.9,7.3,3.82,,player.fcgi?id=krall-000pat
Garrett Lovorn?,--,2016,Clemson,0,0,,2.35,10,0,,0,0,0,15.1,16,4,4,2,9,0,4,3,0,1,68,1.63,9.4,1.2,5.3,2.3,0.44,,player.fcgi?id=lovorn000gar
Andrew Papp?,--,2016,Clemson,0,0,,1.69,6,0,,0,0,0,5.1,4,1,1,0,5,0,5,0,1,1,25,1.688,6.8,0,8.4,8.4,1,,player.fcgi?id=papp--000and
Clate Schmidt,22,2016,Clemson,8,5,0.615,4.83,18,15,,0,0,0,85.2,105,56,46,6,21,0,68,6,0,4,384,1.471,11,0.6,2.2,7.1,3.24,,player.fcgi?id=schmid000cla
Alex Schnell*,21,2016,Clemson,0,0,,6.11,21,3,,0,0,0,28,38,26,19,1,13,0,19,7,1,3,144,1.821,12.2,0.3,4.2,6.1,1.46,,player.fcgi?id=schnel000ale
Andrew Towns*,21,2016,Clemson,0,0,,37.8,3,0,,0,0,0,1.2,7,7,7,0,1,0,1,0,0,1,13,4.8,37.8,0,5.4,5.4,1,,player.fcgi?id=towns-000and
Patrick Andrews,24,2017,Clemson,0,0,,4.22,21,0,,0,0,1,21.1,27,12,10,0,4,0,22,0,0,3,94,1.453,11.4,0,1.7,9.3,5.5,,player.fcgi?id=andrew002pat
Charlie Barnes*,21,2017,Clemson,5,5,0.5,3.2,16,16,,0,0,0,101.1,98,44,36,7,22,0,113,9,0,3,416,1.184,8.7,0.6,2,10,5.14,,player.fcgi?id=barnes006cha
Jeremy Beasley,21,2017,Clemson,1,2,0.333,5.79,23,0,,0,0,1,23.1,18,16,15,6,13,1,26,1,0,3,103,1.329,6.9,2.3,5,10,2,,player.fcgi?id=beasle001jer
Paul Campbell,21,2017,Clemson,0,0,,5.19,5,2,,0,0,0,8.2,10,7,5,0,6,0,13,0,0,2,39,1.846,10.4,0,6.2,13.5,2.17,,player.fcgi?id=campbe005pau
Brooks Crawford,20,2017,Clemson,4,0,1,1.23,17,0,,0,0,0,22,20,4,3,0,7,1,22,2,0,2,95,1.227,8.2,0,2.9,9,3.14,,player.fcgi?id=crawfo000bro
Alex Eubanks,21,2017,Clemson,7,6,0.538,4.09,18,16,,2,2,0,105.2,104,50,48,16,15,0,104,5,1,11,438,1.126,8.9,1.4,1.3,8.9,6.93,,player.fcgi?id=eubank000ale
Ryley Gilliam,20,2017,Clemson,3,1,0.75,2.57,27,0,,0,0,4,35,29,12,10,2,14,2,50,2,0,5,148,1.229,7.5,0.5,3.6,12.9,3.57,,player.fcgi?id=gillia000ryl
Owen Griffith,19,2017,Clemson,1,2,0.333,1.23,12,0,,0,0,0,14.2,8,5,2,0,3,0,14,2,1,4,58,0.75,4.9,0,1.8,8.6,4.67,,player.fcgi?id=griffi000owe
Jacob Hennessy*,19,2017,Clemson,2,1,0.667,3.82,26,0,,0,0,3,30.2,32,15,13,4,11,0,37,0,0,4,132,1.402,9.4,1.2,3.2,10.9,3.36,,player.fcgi?id=hennes000jac
Tyler Jackson,23,2017,Clemson,9,1,0.9,3.56,19,13,,1,1,0,83.1,82,38,33,8,10,0,68,2,1,7,347,1.104,8.9,0.9,1.1,7.3,6.8,,player.fcgi?id=jackso002tyl
Pat Krall*,22,2017,Clemson,8,3,0.727,3.5,17,16,,0,0,1,90,101,53,35,6,25,1,64,3,2,4,404,1.4,10.1,0.6,2.5,6.4,2.56,,player.fcgi?id=krall-000pat
Travis Marr,19,2017,Clemson,0,0,,0,1,0,,0,0,0,1,0,0,0,0,0,0,2,0,0,0,3,0,0,0,0,18,,,player.fcgi?id=marr--000tra
Mitch Miller*,20,2017,Clemson,0,0,,22.09,6,0,,0,0,0,3.2,6,9,9,1,6,0,4,1,0,0,24,3.273,14.7,2.5,14.7,9.8,0.67,,player.fcgi?id=miller003mit
Ryan Miller,21,2017,Clemson,1,0,1,3.09,11,0,,0,0,1,11.2,9,4,4,0,2,0,11,2,0,1,48,0.943,6.9,0,1.5,8.5,5.5,,player.fcgi?id=miller010rya
Alex Schnell*,22,2017,Clemson,1,0,1,2.51,13,0,,0,0,0,14.1,15,6,4,0,5,0,9,2,0,0,64,1.395,9.4,0,3.1,5.7,1.8,,player.fcgi?id=schnel000ale
Carson Spiers,19,2017,Clemson,0,0,,3,3,0,,0,0,0,3,4,1,1,0,0,0,3,1,0,0,14,1.333,12,0,0,9,,,player.fcgi?id=spiers000car
Bryce Bowen*,--,2018,Clemson,0,0,,0,1,0,,0,0,0,0.1,0,1,0,0,1,0,0,1,0,0,4,3,0,0,27,0,0,,player.fcgi?id=bowen-001bry
Mat Clark*,20,2018,Clemson,4,0,1,1.69,19,1,,0,0,0,21.1,18,5,4,1,4,0,23,0,0,5,90,1.031,7.6,0.4,1.7,9.7,5.75,,player.fcgi?id=clark-003mat
Brooks Crawford,21,2018,Clemson,8,2,0.8,3.24,16,16,,0,0,0,80.2,71,33,29,8,18,0,58,2,0,5,329,1.103,7.9,0.9,2,6.5,3.22,,player.fcgi?id=crawfo000bro
Ryley Gilliam,21,2018,Clemson,3,3,0.5,1.41,27,0,,0,0,11,38.1,22,9,6,2,22,0,54,4,1,2,162,1.148,5.2,0.5,5.2,12.7,2.45,,player.fcgi?id=gillia000ryl
Bo Gobin?,--,2018,Clemson,0,0,,15,5,0,,0,0,0,3,8,5,5,0,3,0,2,0,0,0,19,3.667,24,0,9,6,0.67,,player.fcgi?id=gobin-000bo-
Owen Griffith,20,2018,Clemson,0,0,,6.14,12,0,,0,0,1,14.2,18,10,10,4,13,0,18,2,0,4,76,2.114,11,2.5,8,11,1.38,,player.fcgi?id=griffi000owe
Jacob Hennessy*,20,2018,Clemson,4,3,0.571,3.91,14,14,,0,0,0,71.1,72,34,31,9,14,0,54,1,0,6,302,1.206,9.1,1.1,1.8,6.8,3.86,,player.fcgi?id=hennes000jac
Jake Higginbotham*,22,2018,Clemson,6,1,0.857,3.47,16,16,,0,0,0,80.1,70,38,31,6,32,0,63,7,0,4,343,1.27,7.8,0.7,3.6,7.1,1.97,,player.fcgi?id=higgin000jak
Ryne Huggins*,20,2018,Clemson,0,0,,9.82,10,0,,0,0,0,3.2,5,4,4,3,2,0,3,0,0,1,20,1.909,12.3,7.4,4.9,7.4,1.5,,player.fcgi?id=huggin000ryn
Holt Jones,19,2018,Clemson,2,0,1,4.41,8,3,,0,0,0,16.1,16,10,8,0,10,0,18,3,0,1,80,1.592,8.8,0,5.5,9.9,1.8,,player.fcgi?id=jones-000hol
Travis Marr,20,2018,Clemson,6,2,0.75,6.04,22,2,,0,0,0,44.2,54,31,30,7,21,0,33,4,1,3,204,1.679,10.9,1.4,4.2,6.6,1.57,,player.fcgi?id=marr--000tra
Mitch Miller*,21,2018,Clemson,0,0,,0,4,0,,0,0,0,2,2,0,0,0,2,0,0,0,0,1,10,2,9,0,9,0,0,,player.fcgi?id=miller003mit
Ryan Miller,22,2018,Clemson,7,1,0.875,2.51,26,0,,0,0,4,71.2,63,22,20,5,17,0,64,4,0,4,295,1.116,7.9,0.6,2.1,8,3.76,,player.fcgi?id=miller010rya
Alex Schnell*,23,2018,Clemson,0,0,,5.19,10,0,,0,0,0,8.2,9,5,5,1,6,0,4,2,0,3,40,1.731,9.3,1,6.2,4.2,0.67,,player.fcgi?id=schnel000ale
Carson Spiers,20,2018,Clemson,2,2,0.5,2.08,29,0,,0,0,4,43.1,22,10,10,3,19,1,39,0,0,3,169,0.946,4.6,0.6,3.9,8.1,2.05,,player.fcgi?id=spiers000car
Spencer Strider,19,2018,Clemson,5,2,0.714,4.76,22,6,,0,0,1,51,40,30,27,5,35,0,70,8,2,9,235,1.471,7.1,0.9,6.2,12.4,2,,player.fcgi?id=stride000spe
Sam Weatherly*,19,2018,Clemson,0,0,,6.64,8,5,,0,0,0,20.1,24,17,15,1,17,0,17,3,1,5,98,2.016,10.6,0.4,7.5,7.5,1,,player.fcgi?id=weathe000sam
Keyshawn Askew*,19,2019,Clemson,2,1,0.667,4.4,16,9,,0,0,0,45,46,28,22,4,15,0,36,11,1,2,197,1.356,9.2,0.8,3,7.2,2.4,,player.fcgi?id=askew-000key
Mat Clark*,21,2019,Clemson,9,3,0.75,3.21,14,11,,0,0,0,73,53,32,26,8,23,0,60,2,0,0,293,1.041,6.5,1,2.8,7.4,2.61,,player.fcgi?id=clark-003mat
Andrew Coker,--,2019,Clemson,0,0,,3,3,0,,0,0,0,3,4,1,1,0,1,0,0,0,0,0,13,1.667,12,0,3,0,0,,player.fcgi?id=coker-000and
Brooks Crawford,22,2019,Clemson,1,5,0.167,6.96,14,10,,0,0,1,42.2,58,39,33,11,14,0,31,3,0,2,208,1.688,12.2,2.3,3,6.5,2.21,,player.fcgi?id=crawfo000bro
Bo Gobin?,--,2019,Clemson,0,0,,10.8,4,0,,0,0,0,1.2,4,2,2,0,1,0,2,0,0,0,9,3,21.6,0,5.4,10.8,2,,player.fcgi?id=gobin-000bo-
Owen Griffith,21,2019,Clemson,2,2,0.5,5.4,24,0,,0,0,0,30,26,20,18,2,22,0,41,4,0,8,141,1.6,7.8,0.6,6.6,12.3,1.86,,player.fcgi?id=griffi000owe
Jacob Hennessy*,21,2019,Clemson,4,1,0.8,4.05,21,6,,0,0,0,53.1,53,29,24,7,13,0,39,3,0,4,224,1.238,8.9,1.2,2.2,6.6,3,,player.fcgi?id=hennes000jac
Ryne Huggins*,21,2019,Clemson,0,0,,3.6,7,0,,0,0,0,5,8,2,2,2,0,0,4,1,0,0,24,1.6,14.4,3.6,0,7.2,,,player.fcgi?id=huggin000ryn
Holt Jones,20,2019,Clemson,2,1,0.667,3.93,22,1,,0,0,3,36.2,23,17,16,3,24,1,43,6,2,10,160,1.282,5.6,0.7,5.9,10.6,1.79,,player.fcgi?id=jones-000hol
Jackson Lindley,19,2019,Clemson,2,0,1,3.68,10,6,,0,0,0,29.1,29,15,12,3,9,0,16,2,1,3,128,1.295,8.9,0.9,2.8,4.9,1.78,,player.fcgi?id=lindle002jac
Travis Marr,21,2019,Clemson,2,0,1,6.39,18,1,,0,0,0,31,43,22,22,6,6,0,27,5,0,4,142,1.581,12.5,1.7,1.7,7.8,4.5,,player.fcgi?id=marr--000tra
Connor O'Rear?,--,2019,Clemson,0,0,,9,2,0,,0,0,0,2,2,2,2,1,1,0,5,0,0,0,9,1.5,9,4.5,4.5,22.5,5,,player.fcgi?id=orear-000con
Sheldon Reed,21,2019,Clemson,0,0,,5.06,6,0,,0,0,0,5.1,6,4,3,0,4,0,6,1,0,1,26,1.875,10.1,0,6.8,10.1,1.5,,player.fcgi?id=reed--001she
Davis Sharpe,19,2019,Clemson,7,4,0.636,3.2,15,14,,0,0,0,84.1,61,36,30,4,33,0,84,12,2,6,351,1.115,6.5,0.4,3.5,9,2.55,,player.fcgi?id=sharpe000dav
Luke Sommerfeld,22,2019,Clemson,0,2,0,7.04,14,0,,0,0,0,23,28,19,18,3,9,3,22,0,0,3,105,1.609,11,1.2,3.5,8.6,2.44,,player.fcgi?id=sommer002luk
Carson Spiers,21,2019,Clemson,2,5,0.286,3.59,30,0,,0,0,11,47.2,39,22,19,4,16,2,44,4,2,4,201,1.154,7.4,0.8,3,8.3,2.75,,player.fcgi?id=spiers000car
Sam Weatherly*,20,2019,Clemson,2,0,1,3.38,21,0,,0,0,0,29.1,17,14,11,1,30,1,46,3,0,5,132,1.602,5.2,0.3,9.2,14.1,1.53,,player.fcgi?id=weathe000sam
Justin Wrobleski*,18,2019,Clemson,0,2,0,10.38,10,3,,0,0,0,13,16,15,15,2,14,0,15,1,0,3,68,2.308,11.1,1.4,9.7,10.4,1.07,,player.fcgi?id=wroble000jus
Ryan Ammons*,19,2020,Clemson,0,0,,0,1,0,,0,0,0,0.1,0,0,0,0,0,0,0,0,0,0,1,0,0,0,0,0,,,player.fcgi?id=ammons000rya
Mack Anglin,19,2020,Clemson,0,1,0,11.57,4,3,,0,0,0,7,12,10,9,1,11,0,11,0,0,1,45,3.286,15.4,1.3,14.1,14.1,1,,player.fcgi?id=anglin000mac
Keyshawn Askew*,20,2020,Clemson,0,0,,3.55,5,1,,0,0,0,12.2,12,5,5,2,11,0,12,1,0,0,58,1.816,8.5,1.4,7.8,8.5,1.09,,player.fcgi?id=askew-000key
Mat Clark*,22,2020,Clemson,2,0,1,3,4,0,,0,0,0,12,11,5,4,1,3,0,14,0,0,0,51,1.167,8.3,0.8,2.3,10.5,4.67,,player.fcgi?id=clark-003mat
Nick Clayton,19,2020,Clemson,1,0,1,0,6,0,,0,0,1,8.2,4,1,0,0,4,0,8,0,0,1,33,0.923,4.2,0,4.2,8.3,2,,player.fcgi?id=clayto000nic
Evan Estridge,22,2020,Clemson,0,0,,4.91,2,0,,0,0,0,3.2,3,2,2,0,3,1,1,0,0,0,17,1.636,7.4,0,7.4,2.5,0.33,,player.fcgi?id=estrid000eva
Geoffrey Gilbert*,19,2020,Clemson,1,0,1,0.71,8,0,,0,0,0,12.2,7,1,1,1,7,0,14,0,0,0,52,1.105,5,0.7,5,9.9,2,,player.fcgi?id=gilber002geo
Nick Hoffmann,20,2020,Clemson,2,1,0.667,1.64,7,0,,0,0,0,11,10,2,2,0,0,0,11,1,0,0,45,0.909,8.2,0,0,9,,,player.fcgi?id=hoffma001nic
Holt Jones,21,2020,Clemson,0,0,,0,3,0,,0,0,0,1.1,0,0,0,0,3,0,2,0,0,0,8,2.25,0,0,20.3,13.5,0.67,,player.fcgi?id=jones-000hol
P.J. Labriola*,19,2020,Clemson,0,0,,81,1,0,,0,0,0,0.1,2,3,3,0,1,0,0,0,0,0,3,9,54,0,27,0,0,,player.fcgi?id=labrio000pau
Jackson Lindley,20,2020,Clemson,1,0,1,1.17,3,1,,0,0,0,7.2,7,1,1,0,0,0,6,0,0,0,29,0.913,8.2,0,0,7,,,player.fcgi?id=lindle002jac
Connor O'Rear?,--,2020,Clemson,0,0,,0,1,0,,0,0,0,2,2,0,0,0,0,0,1,0,0,0,8,1,9,0,0,4.5,,,player.fcgi?id=orear-000con
Carter Raffield,20,2020,Clemson,1,0,1,1.17,4,0,,0,0,0,7.2,7,1,1,0,3,0,7,3,0,0,36,1.304,8.2,0,3.5,8.2,2.33,,player.fcgi?id=raffie000car
Sheldon Reed,22,2020,Clemson,0,0,,13.5,2,0,,0,0,0,0.2,0,1,1,0,2,0,2,0,0,0,4,3,0,0,27,27,1,,player.fcgi?id=reed--001she
Davis Sharpe,20,2020,Clemson,1,1,0.5,3.93,4,4,,0,0,0,18.1,20,8,8,2,4,0,20,0,0,2,78,1.309,9.8,1,2,9.8,5,,player.fcgi?id=sharpe000dav
Carson Spiers,22,2020,Clemson,3,0,1,0,9,0,,0,0,4,15.1,5,1,0,0,3,0,17,0,0,0,56,0.522,2.9,0,1.8,10,5.67,,player.fcgi?id=spiers000car
Spencer Strider,21,2020,Clemson,0,0,,4.5,4,4,,0,0,0,12,13,6,6,1,3,0,19,0,0,0,51,1.333,9.8,0.8,2.3,14.3,6.33,,player.fcgi?id=stride000spe
Sam Weatherly*,21,2020,Clemson,2,0,1,0.79,4,4,,0,0,0,22.2,7,4,2,0,14,0,43,5,0,1,94,0.926,2.8,0,5.6,17.1,3.07,,player.fcgi?id=weathe000sam
Ryan Ammons*,20,2021,Clemson,0,0,,4.5,8,0,,0,0,0,4,4,2,2,1,6,1,9,0,0,1,22,2.5,9,2.3,13.5,20.3,1.5,,player.fcgi?id=ammons000rya
Mack Anglin,20,2021,Clemson,2,6,0.25,3.99,13,8,,0,0,0,56.1,48,32,25,6,33,0,75,10,0,9,258,1.438,7.7,1,5.3,12,2.27,,player.fcgi?id=anglin000mac
Keyshawn Askew*,21,2021,Clemson,1,2,0.333,5.84,12,11,,0,0,0,57,68,43,37,8,11,0,69,10,0,0,260,1.386,10.7,1.3,1.7,10.9,6.27,,player.fcgi?id=askew-000key
Mat Clark*,23,2021,Clemson,1,1,0.5,4.28,11,4,,0,0,2,40,43,21,19,6,1,0,38,3,0,0,167,1.1,9.7,1.4,0.2,8.6,38,,player.fcgi?id=clark-003mat
Nick Clayton,20,2021,Clemson,6,2,0.75,4.3,18,1,,0,0,0,37.2,35,21,18,7,12,0,40,1,1,2,161,1.248,8.4,1.7,2.9,9.6,3.33,,player.fcgi?id=clayto000nic
Alex Edmondson,19,2021,Clemson,0,0,,13.5,5,0,,0,0,0,2,3,3,3,1,3,0,3,1,0,1,13,3,13.5,4.5,13.5,13.5,1,,player.fcgi?id=edmond000ale
Evan Estridge,23,2021,Clemson,1,1,0.5,9,9,0,,0,0,0,13,18,14,13,5,8,0,8,0,0,1,66,2,12.5,3.5,5.5,5.5,1,,player.fcgi?id=estrid000eva
Geoffrey Gilbert*,20,2021,Clemson,3,6,0.333,2.23,28,0,,0,0,3,44.1,43,17,11,3,15,3,52,3,0,4,191,1.308,8.7,0.6,3,10.6,3.47,,player.fcgi?id=gilber002geo
Caden Grice*,19,2021,Clemson,0,1,0,7.2,5,3,,0,0,0,10,10,8,8,0,6,0,14,1,1,0,45,1.6,9,0,5.4,12.6,2.33,,player.fcgi?id=grice-000cad
Nick Hoffmann,21,2021,Clemson,4,1,0.8,3.83,17,4,,1,0,4,49.1,49,21,21,6,5,0,40,1,0,1,201,1.095,8.9,1.1,0.9,7.3,8,,player.fcgi?id=hoffma001nic
Rob Hughes,20,2021,Clemson,1,0,1,4.24,17,1,,0,0,0,23.1,20,14,11,6,12,0,23,1,0,2,104,1.371,7.7,2.3,4.6,8.9,1.92,,player.fcgi?id=hughes009rob
P.J. Labriola*,20,2021,Clemson,1,0,1,10.38,8,0,,0,0,0,8.2,13,10,10,2,2,0,8,0,0,0,41,1.731,13.5,2.1,2.1,8.3,4,,player.fcgi?id=labrio000pau
Jackson Lindley,21,2021,Clemson,0,0,,24.92,5,1,,0,0,0,4.1,16,15,12,1,4,0,3,1,0,3,36,4.615,33.2,2.1,8.3,6.2,0.75,,player.fcgi?id=lindle002jac
Landon Lucas,19,2021,Clemson,0,0,,13.5,4,0,,0,0,0,4,7,8,6,0,3,0,2,2,0,1,24,2.5,15.8,0,6.8,4.5,0.67,,player.fcgi?id=lucas-000lan
Ty Olenchuk,19,2021,Clemson,1,4,0.2,5.87,8,6,,0,0,0,23,24,15,15,9,6,1,18,2,1,2,99,1.304,9.4,3.5,2.3,7,3,,player.fcgi?id=olench000ty-
Rasesh Pandya,22,2021,Clemson,0,0,,3.66,18,0,,0,0,0,19.2,19,13,8,3,13,0,16,5,0,3,96,1.627,8.7,1.4,5.9,7.3,1.23,,player.fcgi?id=pandya000ras
Carter Raffield,21,2021,Clemson,0,2,0,5.68,8,6,,0,0,0,19,15,13,12,2,19,0,25,4,0,3,94,1.789,7.1,0.9,9,11.8,1.32,,player.fcgi?id=raffie000car
Davis Sharpe,21,2021,Clemson,4,1,0.8,5.5,10,6,,0,0,0,36,38,23,22,6,17,0,48,5,1,2,166,1.528,9.5,1.5,4.3,12,2.82,,player.fcgi?id=sharpe000dav
Ricky Williams,19,2021,Clemson,0,0,,2.57,6,1,,0,0,0,7,8,2,2,1,3,0,8,0,0,1,32,1.571,10.3,1.3,3.9,10.3,2.67,,player.fcgi?id=willia017ric
Ryan Ammons*,21,2022,Clemson,1,2,0.333,4.61,25,0,,0,0,8,27.1,20,15,14,3,14,1,40,3,0,3,119,1.244,6.6,1,4.6,13.2,2.86,,player.fcgi?id=ammons000rya
Mack Anglin,21,2022,Clemson,6,6,0.5,4.48,15,15,,0,0,0,76.1,63,44,38,5,52,0,78,7,0,9,345,1.507,7.4,0.6,6.1,9.2,1.5,,player.fcgi?id=anglin000mac
Billy Barlow,19,2022,Clemson,2,4,0.333,4.84,17,15,,0,0,0,57.2,55,40,31,5,22,0,57,7,0,5,256,1.335,8.6,0.8,3.4,8.9,2.59,,player.fcgi?id=barlow002bil
Nick Clayton,21,2022,Clemson,0,1,0,5.97,12,9,,0,0,0,31.2,40,25,21,5,15,0,23,4,0,6,154,1.737,11.4,1.4,4.3,6.5,1.53,,player.fcgi?id=clayto000nic
Jay Dill,19,2022,Clemson,2,2,0.5,5.45,28,1,,0,0,1,38,36,26,23,5,19,0,41,8,1,7,171,1.447,8.5,1.2,4.5,9.7,2.16,,player.fcgi?id=dill--000jay
Alex Edmondson,20,2022,Clemson,2,0,1,4.66,11,0,,0,0,0,9.2,8,5,5,1,9,0,17,4,0,5,49,1.759,7.4,0.9,8.4,15.8,1.89,,player.fcgi?id=edmond000ale
Geoffrey Gilbert*,21,2022,Clemson,5,2,0.714,5.2,19,5,,0,0,0,45,43,27,26,6,17,0,56,5,0,3,199,1.333,8.6,1.2,3.4,11.2,3.29,,player.fcgi?id=gilber002geo
Austin Gordon,19,2022,Clemson,1,0,1,5.14,17,0,,0,0,2,28,25,19,16,5,9,0,31,2,0,1,122,1.214,8,1.6,2.9,10,3.44,,player.fcgi?id=gordon002aus
Caden Grice*,20,2022,Clemson,2,0,1,3,7,0,,0,0,0,6,4,3,2,0,7,0,7,0,0,1,29,1.833,6,0,10.5,10.5,1,,player.fcgi?id=grice-000cad
Nick Hoffmann,22,2022,Clemson,3,6,0.333,6.4,18,9,,0,0,0,52,71,38,37,11,12,0,37,8,0,0,238,1.596,12.3,1.9,2.1,6.4,3.08,,player.fcgi?id=hoffma001nic
P.J. Labriola*,21,2022,Clemson,0,0,,5.06,16,0,,0,0,0,10.2,15,9,6,2,5,1,16,2,0,2,54,1.875,12.7,1.7,4.2,13.5,3.2,,player.fcgi?id=labrio000pau
Jackson Lindley,22,2022,Clemson,6,0,1,4.28,31,0,,0,0,1,40,37,23,19,4,19,0,40,6,0,3,181,1.4,8.3,0.9,4.3,9,2.11,,player.fcgi?id=lindle002jac
Ty Olenchuk,20,2022,Clemson,2,0,1,4.11,23,0,,0,0,0,30.2,34,18,14,5,9,0,28,0,0,2,132,1.402,10,1.5,2.6,8.2,3.11,,player.fcgi?id=olench000ty-
Rocco Reid*,19,2022,Clemson,0,0,,4.85,12,0,,0,0,0,13,13,7,7,1,6,0,10,2,0,2,56,1.462,9,0.7,4.2,6.9,1.67,,player.fcgi?id=reid--000roc
Casey Tallent,19,2022,Clemson,1,0,1,3.86,15,1,,0,0,0,23.1,21,12,10,4,12,0,22,3,0,1,103,1.414,8.1,1.5,4.6,8.5,1.83,,player.fcgi?id=tallen000cas
Ricky Williams,20,2022,Clemson,2,0,1,2.95,9,3,,0,0,0,21.1,18,9,7,0,13,0,12,4,0,3,98,1.453,7.6,0,5.5,5.1,0.92,,player.fcgi?id=willia017ric
Joe Allen,19,2023,Clemson,3,0,1,3.94,17,4,,0,0,1,29.2,33,13,13,3,15,0,33,5,0,7,136,1.618,10,0.9,4.6,10,2.2,,player.fcgi?id=allen-004joe
Ryan Ammons*,22,2023,Clemson,2,0,1,4.05,13,2,,0,0,5,20,17,9,9,4,8,1,26,0,0,0,86,1.25,7.7,1.8,3.6,11.7,3.25,,player.fcgi?id=ammons000rya
B.J. Bailey*,21,2023,Clemson,2,2,0.5,4.02,17,0,,0,0,0,15.2,18,11,7,2,6,0,20,1,0,0,71,1.532,10.3,1.1,3.4,11.5,3.33,,player.fcgi?id=bailey000bj-
Billy Barlow,20,2023,Clemson,0,1,0,8.1,3,1,,0,0,0,3.1,6,3,3,2,0,0,3,0,0,0,16,1.8,16.2,5.4,0,8.1,,,player.fcgi?id=barlow002bil
Nick Clayton,22,2023,Clemson,8,0,1,3.17,24,0,,0,0,0,48.1,35,17,17,4,27,3,53,5,0,6,207,1.283,6.5,0.7,5,9.9,1.96,,player.fcgi?id=clayto000nic
Ethan Darden*,19,2023,Clemson,3,2,0.6,5.53,19,12,,0,0,0,55.1,60,37,34,7,23,0,45,9,0,5,257,1.5,9.8,1.1,3.7,7.3,1.96,,player.fcgi?id=darden000eth
Jay Dill,20,2023,Clemson,1,1,0.5,8.47,11,3,,0,0,0,17,21,18,16,6,10,0,18,4,0,3,84,1.824,11.1,3.2,5.3,9.5,1.8,,player.fcgi?id=dill--000jay
Nathan Dvorsky,19,2023,Clemson,1,0,1,12,3,0,,0,0,0,3,4,5,4,2,3,0,3,0,0,2,17,2.333,12,6,9,9,1,,player.fcgi?id=dvorsk000nat
Reed Garris,20,2023,Clemson,4,0,1,2.12,27,0,,0,0,0,29.2,19,8,7,1,13,1,39,3,0,0,124,1.079,5.8,0.3,3.9,11.8,3,,player.fcgi?id=garris000ree
Austin Gordon,20,2023,Clemson,2,4,0.333,4.61,16,16,,0,0,0,84,77,45,43,19,22,1,76,8,1,5,352,1.179,8.3,2,2.4,8.1,3.45,,player.fcgi?id=gordon002aus
Caden Grice*,21,2023,Clemson,8,1,0.889,3.35,14,14,,0,0,0,78,54,35,29,7,33,0,101,9,0,7,322,1.115,6.2,0.8,3.8,11.7,3.06,,player.fcgi?id=grice-000cad
Nick Hoffmann,23,2023,Clemson,3,1,0.75,6.58,17,0,,0,0,1,26,36,21,19,6,9,0,18,2,0,1,123,1.731,12.5,2.1,3.1,6.2,2,,player.fcgi?id=hoffma001nic
Rob Hughes,22,2023,Clemson,0,1,0,1.56,12,0,,0,0,2,17.1,12,4,3,1,3,0,21,1,0,1,64,0.865,6.2,0.5,1.6,10.9,7,,player.fcgi?id=hughes009rob
Jackson Lindley,23,2023,Clemson,3,3,0.5,2.73,21,1,,0,0,2,33,31,14,10,2,14,3,33,3,0,3,146,1.364,8.5,0.5,3.8,9,2.36,,player.fcgi?id=lindle002jac
Ty Olenchuk,21,2023,Clemson,1,0,1,3.97,17,1,,0,0,0,22.2,27,16,10,6,10,0,18,4,0,4,110,1.632,10.7,2.4,4,7.1,1.8,,player.fcgi?id=olench000ty-
Rocco Reid*,20,2023,Clemson,0,1,0,8.1,16,2,,0,0,0,16.2,24,18,15,1,14,1,22,7,1,4,93,2.28,13,0.5,7.6,11.9,1.57,,player.fcgi?id=reid--000roc
Tristan Smith*,20,2023,Clemson,0,1,0,4.55,24,6,,0,0,4,31.2,24,16,16,4,25,1,43,6,2,2,145,1.547,6.8,1.1,7.1,12.2,1.72,,player.fcgi?id=smith-006tri
Casey Tallent,20,2023,Clemson,1,1,0.5,3.43,16,1,,0,0,1,21,22,10,8,2,10,1,19,1,0,1,97,1.524,9.4,0.9,4.3,8.1,1.9,,player.fcgi?id=tallen000cas
Willie Weiss,23,2023,Clemson,2,0,1,7,14,0,,0,0,0,9,11,7,7,0,10,0,13,4,0,4,50,2.333,11,0,10,13,1.3,,player.fcgi?id=weiss-000wil
Joe Allen,20,2024,Clemson,1,0,1,6.35,12,0,,0,0,0,22.2,16,16,16,5,13,1,25,2,0,6,100,1.279,6.4,2,5.2,9.9,1.92,,player.fcgi?id=allen-004joe
Billy Barlow,21,2024,Clemson,6,1,0.857,4.28,15,10,,0,0,0,48.1,50,29,23,8,20,0,42,7,0,7,221,1.448,9.3,1.5,3.7,7.8,2.1,,player.fcgi?id=barlow002bil
Luke Brown,19,2024,Clemson,0,0,,9,1,0,,0,0,0,1,1,1,1,0,1,0,1,1,0,0,6,2,9,0,9,9,1,,player.fcgi?id=brown-010luk
Nick Clayton,23,2024,Clemson,2,0,1,6.64,15,0,,0,0,0,20.1,21,15,15,5,13,0,23,3,0,4,96,1.672,9.3,2.2,5.8,10.2,1.77,,player.fcgi?id=clayto000nic
Ethan Darden*,20,2024,Clemson,5,5,0.5,5.13,19,11,,1,0,0,66.2,81,50,38,8,15,1,42,7,0,3,305,1.44,10.9,1.1,2,5.7,2.8,,player.fcgi?id=darden000eth
Nathan Dvorsky,20,2024,Clemson,0,0,,0,3,0,,0,0,0,3.2,0,0,0,0,2,0,4,1,0,3,13,0.545,0,0,4.9,9.8,2,,player.fcgi?id=dvorsk000nat
Chance Fitzgerald,19,2024,Clemson,0,1,0,6.75,6,0,,0,0,0,5.1,5,4,4,0,4,0,7,0,0,0,25,1.688,8.4,0,6.8,11.8,1.75,,player.fcgi?id=fitzge007cha
Reed Garris,21,2024,Clemson,2,1,0.667,5.55,20,0,,0,0,0,24.1,20,17,15,8,6,2,25,0,0,0,100,1.068,7.4,3,2.2,9.2,4.17,,player.fcgi?id=garris000ree
Austin Gordon,21,2024,Clemson,2,2,0.5,4.35,22,5,,0,0,11,39.1,33,22,19,10,18,3,53,3,0,6,172,1.297,7.6,2.3,4.1,12.1,2.94,,player.fcgi?id=gordon002aus
Rob Hughes,23,2024,Clemson,1,1,0.5,9.53,13,0,,0,0,3,11.1,14,12,12,4,8,1,12,3,0,2,57,1.941,11.1,3.2,6.4,9.5,1.5,,player.fcgi?id=hughes009rob
Aidan Knaak,19,2024,Clemson,5,1,0.833,3.35,15,15,,0,0,0,83.1,67,34,31,8,29,2,108,12,0,5,349,1.152,7.2,0.9,3.1,11.7,3.72,,player.fcgi?id=knaak-000aid
Justin LeGuernic*,18,2024,Clemson,0,1,0,6.75,9,1,,0,0,0,6.2,6,8,5,0,11,0,10,2,1,0,39,2.55,8.1,0,14.9,13.5,0.91,,player.fcgi?id=leguer000jus
Lucas Mahlstedt,21,2024,Clemson,4,1,0.8,4.73,28,0,,0,0,1,53.1,56,31,28,6,15,0,39,2,0,0,227,1.331,9.5,1,2.5,6.6,2.6,,player.fcgi?id=mahlst000luc
Matthew Marchal,23,2024,Clemson,5,0,1,4.71,16,3,,0,0,1,36.1,38,22,19,7,15,1,35,3,0,1,160,1.459,9.4,1.7,3.7,8.7,2.33,,player.fcgi?id=marcha000mat
Jacob McGovern*,19,2024,Clemson,3,0,1,1.96,11,0,,0,0,0,18.1,13,5,4,2,8,2,20,0,0,3,75,1.145,6.4,1,3.9,9.8,2.5,,player.fcgi?id=mcgove003jac
Ty Olenchuk,22,2024,Clemson,0,0,,9.82,4,0,,0,0,0,3.2,4,4,4,0,5,0,7,2,0,1,22,2.455,9.8,0,12.3,17.2,1.4,,player.fcgi?id=olench000ty-
Rocco Reid*,21,2024,Clemson,2,1,0.667,5.82,15,3,,0,0,0,21.2,19,22,14,5,15,0,26,5,0,2,104,1.569,7.9,2.1,6.2,10.8,1.73,,player.fcgi?id=reid--000roc
Tristan Smith*,21,2024,Clemson,2,1,0.667,4.47,12,12,,0,0,0,50.1,47,34,25,8,32,0,66,7,3,9,234,1.57,8.4,1.4,5.7,11.8,2.06,,player.fcgi?id=smith-006tri
Drew Titsworth,19,2024,Clemson,4,0,1,3.15,19,0,,0,0,0,20,10,10,7,3,12,3,26,3,0,0,90,1.1,4.5,1.4,5.4,11.7,2.17,,player.fcgi?id=titswo000dre
Joe Allen,21,2025,Clemson,5,0,1,1.84,23,0,,0,0,0,29.1,20,9,6,1,17,0,32,8,0,3,126,1.261,6.1,0.3,5.2,9.8,1.88,,player.fcgi?id=allen-004joe
B.J. Bailey*,23,2025,Clemson,2,5,0.286,5.46,21,6,,0,0,0,61,65,42,37,10,22,1,50,10,1,6,275,1.426,9.6,1.5,3.2,7.4,2.27,,player.fcgi?id=bailey000bj-
Talan Bell*,19,2025,Clemson,0,2,0,5.56,9,8,,0,0,0,22.2,22,16,14,3,15,0,22,3,0,4,108,1.632,8.7,1.2,6,8.7,1.47,,player.fcgi?id=bell--000tal
Brendon Bennett*,19,2025,Clemson,0,0,,4.05,4,4,,0,0,0,6.2,4,5,3,2,2,0,4,1,0,1,28,0.9,5.4,2.7,2.7,5.4,2,,player.fcgi?id=bennet001bre
Tristan Bissetta*,22,2025,Clemson,0,0,,0,1,0,,0,0,0,1,1,0,0,0,1,0,1,0,0,1,5,2,9,0,9,9,1,,player.fcgi?id=bisset000tri
Dion Brown,19,2025,Clemson,0,0,,7.71,4,0,,0,0,0,2.1,4,2,2,0,5,0,1,0,0,2,15,3.857,15.4,0,19.3,3.9,0.2,,player.fcgi?id=brown-001dio
Luke Brown,20,2025,Clemson,0,0,,27,5,0,,0,0,0,2.1,7,7,7,3,1,0,3,2,0,0,17,3.429,27,11.6,3.9,11.6,3,,player.fcgi?id=brown-010luk
Jackson Cole*,20,2025,Clemson,0,0,,14.73,6,0,,0,0,0,3.2,6,7,6,1,4,0,1,2,0,0,22,2.727,14.7,2.5,9.8,2.5,0.25,,player.fcgi?id=cole--007jac
Ethan Darden*,21,2025,Clemson,4,2,0.667,6.08,9,9,,0,0,0,40,46,33,27,7,16,0,34,2,0,3,186,1.55,10.4,1.6,3.6,7.7,2.13,,player.fcgi?id=darden000eth
Nathan Dvorsky,21,2025,Clemson,4,0,1,6.75,22,1,,0,0,0,25.1,23,20,19,4,19,0,32,3,1,4,118,1.658,8.2,1.4,6.8,11.4,1.68,,player.fcgi?id=dvorsk000nat
Chance Fitzgerald,20,2025,Clemson,4,0,1,7.71,17,1,,0,0,0,28,35,24,24,8,9,0,24,6,0,1,132,1.571,11.3,2.6,2.9,7.7,2.67,,player.fcgi?id=fitzge007cha
Reed Garris,22,2025,Clemson,3,0,1,1.57,18,0,,0,0,3,28.2,18,6,5,3,8,1,30,0,0,0,107,0.907,5.7,0.9,2.5,9.4,3.75,,player.fcgi?id=garris000ree
Michael Gillen,21,2025,Clemson,0,1,0,15.43,3,0,,0,0,0,2.1,6,5,4,0,0,0,1,2,0,0,14,2.571,23.1,0,0,3.9,,,player.fcgi?id=gillen000mic
Chayce Kieck,19,2025,Clemson,2,0,1,9.75,9,0,,0,0,0,12,19,13,13,5,5,1,11,1,0,0,58,2,14.3,3.8,3.8,8.3,2.2,,player.fcgi?id=kieck-000cha
Aidan Knaak,20,2025,Clemson,9,1,0.9,4.18,16,16,,0,0,0,90.1,71,46,42,9,29,0,110,11,0,10,383,1.107,7.1,0.9,2.9,11,3.79,,player.fcgi?id=knaak-000aid
Hudson Lee*,21,2025,Clemson,0,0,,5.79,15,0,,0,0,0,14,10,13,9,1,13,0,19,7,0,0,75,1.643,6.4,0.6,8.4,12.2,1.46,,player.fcgi?id=lee---000hud
Justin LeGuernic*,19,2025,Clemson,0,3,0,9.12,12,6,,0,0,0,24.2,30,25,25,7,14,0,33,7,0,5,125,1.784,10.9,2.6,5.1,12,2.36,,player.fcgi?id=leguer000jus
Lucas Mahlstedt,22,2025,Clemson,4,1,0.8,3,27,0,,0,0,15,48,48,18,16,3,8,0,61,6,2,2,205,1.167,9,0.6,1.5,11.4,7.63,,player.fcgi?id=mahlst000luc
Jacob McGovern*,20,2025,Clemson,3,1,0.75,3.86,20,2,,0,0,2,35,20,21,15,2,12,0,44,8,0,2,143,0.914,5.1,0.5,3.1,11.3,3.67,,player.fcgi?id=mcgove003jac
Noah Samol*,21,2025,Clemson,0,1,0,9.82,7,3,,0,0,0,7.1,6,10,8,1,9,0,5,7,0,3,43,2.045,7.4,1.2,11,6.1,0.56,,player.fcgi?id=samol-000noa
Drew Titsworth,20,2025,Clemson,5,1,0.833,4.28,20,7,,0,0,2,54.2,57,27,26,9,19,1,50,7,0,4,237,1.39,9.4,1.5,3.1,8.2,2.63,,player.fcgi?id=titswo000dre
TP Wentworth*,19,2025,Clemson,0,0,,8,11,0,,0,0,0,9,10,8,8,2,5,0,8,1,0,2,42,1.667,10,2,5,8,1.6,,player.fcgi?id=wentwo000tp-
Luke Bard,20,2011,Georgia Tech,,,,2.63,,1,,,0,,51.1,41,18,15,,19,,46,,,,,1.169,7.2,,3.3,8.1,2.42,,player.fcgi?id=bard--001luk
Jed Bradley*,21,2011,Georgia Tech,,,,3.49,,16,,,0,,98,89,47,38,,31,,106,,,,,1.224,8.2,,2.8,9.7,3.42,,player.fcgi?id=bradle000jed
Zach Brewster?,--,2011,Georgia Tech,,,,0,,0,,,0,,1,0,0,0,,2,,0,,,,,2,0,,18,0,0,,player.fcgi?id=brewst000zac
Clay Dalton?,--,2011,Georgia Tech,,,,0.75,,0,,,0,,12,5,3,1,,7,,9,,,,,1,3.8,,5.3,6.8,1.29,,player.fcgi?id=dalton000cla
Jake Davies*,21,2011,Georgia Tech,,,,0,,0,,,0,,1,0,0,0,,0,,0,,,,,0,0,,0,0,,,player.fcgi?id=davies000jak
Jake Esch,21,2011,Georgia Tech,,,,1.8,,0,,,0,,5,4,1,1,,2,,6,,,,,1.2,7.2,,3.6,10.8,3,,player.fcgi?id=esch--000jac
Buck Farmer,20,2011,Georgia Tech,,,,2.81,,16,,,0,,109,95,47,34,,31,,106,,,,,1.156,7.8,,2.6,8.8,3.42,,player.fcgi?id=farmer001geo
Matthew Grimes,19,2011,Georgia Tech,,,,4.06,,12,,,0,,75.1,69,40,34,,27,,77,,,,,1.274,8.2,,3.2,9.2,2.85,,player.fcgi?id=grimes001mat
Dusty Isaacs,19,2011,Georgia Tech,,,,2.68,,1,,,0,,37,29,14,11,,13,,40,,,,,1.135,7.1,,3.2,9.7,3.08,,player.fcgi?id=isaacs001dus
Kevin Jacob,22,2011,Georgia Tech,,,,2.25,,0,,,0,,16,8,7,4,,14,,23,,,,,1.375,4.5,,7.9,12.9,1.64,,player.fcgi?id=jacob-001kev
Conner Kendrick*,18,2011,Georgia Tech,,,,2.57,,0,,,0,,7,4,3,2,,7,,4,,,,,1.571,5.1,,9,5.1,0.57,,player.fcgi?id=kendri000con
Brad Markey,19,2011,Georgia Tech,,,,4.5,,0,,,0,,6,9,3,3,,1,,4,,,,,1.667,13.5,,1.5,6,4,,player.fcgi?id=markey000bra
Mark Pope,21,2011,Georgia Tech,,,,1.72,,16,,,3,,115.1,91,28,22,,24,,88,,,,,0.997,7.1,,1.9,6.9,3.67,,player.fcgi?id=pope--001mar
Jonathan Roberts?,--,2011,Georgia Tech,,,,4.5,,0,,,0,,4,9,6,2,,2,,1,,,,,2.75,20.3,,4.5,2.3,0.5,,player.fcgi?id=robert000jon
DeAndre Smelter,19,2011,Georgia Tech,,,,0.5,,1,,,0,,18,16,12,1,,11,,8,,,,,1.5,8,,5.5,4,0.73,,player.fcgi?id=smelte001dea
Devin Stanton*,19,2011,Georgia Tech,,,,3.38,,0,,,0,,8,5,3,3,,3,,8,,,,,1,5.6,,3.4,9,2.67,,player.fcgi?id=stanto000dev
Taylor Wood?,--,2011,Georgia Tech,,,,2.93,,0,,,0,,15.1,15,13,5,,16,,14,,,,,2.022,8.8,,9.4,8.2,0.88,,player.fcgi?id=wood--000tay
Luke Bard,21,2012,Georgia Tech,1,0,1,0.99,11,3,,,0,2,27.1,20,3,3,0,6,0,26,1,0,3,104,0.951,6.6,0,2,8.6,4.33,,player.fcgi?id=bard--001luk
Alex Cruz,19,2012,Georgia Tech,8,3,0.727,1.83,30,1,,,0,2,73.2,46,20,15,3,23,2,47,12,0,5,298,0.937,5.6,0.4,2.8,5.7,2.04,,player.fcgi?id=cruz--003ale
Clay Dalton?,--,2012,Georgia Tech,0,0,,5.04,16,0,,,0,0,25,29,18,14,2,8,0,13,1,0,2,112,1.48,10.4,0.7,2.9,4.7,1.63,,player.fcgi?id=dalton000cla
Jake Davies*,22,2012,Georgia Tech,1,4,0.2,6.61,14,5,,,0,0,31.1,37,26,23,3,18,0,21,2,0,3,148,1.755,10.6,0.9,5.2,6,1.17,,player.fcgi?id=davies000jak
Jarrett Didrick?,--,2012,Georgia Tech,2,0,1,4.71,15,0,,,0,0,21,19,11,11,4,10,1,15,0,0,1,91,1.381,8.1,1.7,4.3,6.4,1.5,,player.fcgi?id=didric000jar
Zane Evans,20,2012,Georgia Tech,0,1,0,3.68,19,1,,,0,7,36.2,31,17,15,3,8,0,34,4,0,2,151,1.064,7.6,0.7,2,8.3,4.25,,player.fcgi?id=evans-000zan
Buck Farmer,21,2012,Georgia Tech,8,4,0.667,3.54,16,16,,,1,0,106.2,100,48,42,14,37,0,115,10,0,6,468,1.284,8.4,1.2,3.1,9.7,3.11,,player.fcgi?id=farmer001geo
Matthew Grimes,20,2012,Georgia Tech,3,2,0.6,3.38,5,5,,,0,0,18.2,13,9,7,3,8,0,17,0,0,2,76,1.125,6.3,1.4,3.9,8.2,2.13,,player.fcgi?id=grimes001mat
Josh Heddinger,19,2012,Georgia Tech,3,4,0.429,6.39,23,7,,,0,0,50.2,55,41,36,3,32,1,39,6,0,5,241,1.717,9.8,0.5,5.7,6.9,1.22,,player.fcgi?id=heddin000jos
Dusty Isaacs,20,2012,Georgia Tech,6,4,0.6,6.68,18,11,,,0,0,66,71,53,49,4,38,0,46,7,1,7,307,1.652,9.7,0.5,5.2,6.3,1.21,,player.fcgi?id=isaacs001dus
Daniel Palka*,20,2012,Georgia Tech,0,0,,0,5,0,,,0,0,4.1,0,1,0,0,3,0,6,2,0,1,18,0.692,0,0,6.2,12.5,2,,player.fcgi?id=palka-001dan
Cole Pitts,19,2012,Georgia Tech,6,4,0.6,4.5,19,13,,,0,1,78,98,48,39,5,35,3,60,3,1,4,368,1.705,11.3,0.6,4,6.9,1.71,,player.fcgi?id=pitts-000col
Jonathan Roberts?,--,2012,Georgia Tech,0,0,,7.89,16,1,,,0,0,21.2,22,23,19,1,15,1,10,8,0,3,109,1.708,9.1,0.4,6.2,4.2,0.67,,player.fcgi?id=robert000jon
Charles Sheffield,19,2012,Georgia Tech,0,0,,0,2,0,,,0,0,2,2,0,0,0,2,0,4,0,0,0,10,2,9,0,9,18,2,,player.fcgi?id=sheffi000cha
DeAndre Smelter,20,2012,Georgia Tech,0,0,,8.53,4,1,,,0,0,6.1,11,8,6,2,2,0,2,0,0,0,33,2.053,15.6,2.8,2.8,2.8,1,,player.fcgi?id=smelte001dea
Devin Stanton*,20,2012,Georgia Tech,0,0,,27,1,0,,,0,0,0.1,1,1,1,0,2,0,1,0,0,0,4,9,27,0,54,27,0.5,,player.fcgi?id=stanto000dev
Sam Clay*,20,2013,Georgia Tech,2,0,1,6.94,23,1,,,0,0,23.1,24,20,18,0,20,0,17,6,1,4,121,1.886,9.3,0,7.7,6.6,0.85,,player.fcgi?id=clay--000sam
Alex Cruz,20,2013,Georgia Tech,2,2,0.5,5.93,26,0,,,0,1,54.2,64,39,36,4,27,2,42,3,1,2,250,1.665,10.5,0.7,4.4,6.9,1.56,,player.fcgi?id=cruz--003ale
Clay Dalton?,--,2013,Georgia Tech,0,0,,5.4,2,0,,,0,0,1.2,3,1,1,1,0,0,1,1,0,0,9,1.8,16.2,5.4,0,5.4,,,player.fcgi?id=dalton000cla
Zane Evans,21,2013,Georgia Tech,2,2,0.5,3.38,14,0,,,0,3,21.1,20,9,8,1,14,2,15,2,0,0,102,1.594,8.4,0.4,5.9,6.3,1.07,,player.fcgi?id=evans-000zan
Buck Farmer,22,2013,Georgia Tech,9,5,0.643,2.78,17,17,,,0,0,113.1,100,42,35,4,35,3,122,6,0,6,467,1.191,7.9,0.3,2.8,9.7,3.49,,player.fcgi?id=farmer001geo
Josh Heddinger,20,2013,Georgia Tech,3,0,1,4.6,16,6,,,1,0,45,37,24,23,6,18,0,26,2,0,2,190,1.222,7.4,1.2,3.6,5.2,1.44,,player.fcgi?id=heddin000jos
Dusty Isaacs,21,2013,Georgia Tech,4,8,0.333,4.9,17,16,,,0,0,82.2,81,53,45,11,33,1,67,9,0,5,365,1.379,8.8,1.2,3.6,7.3,2.03,,player.fcgi?id=isaacs001dus
Jared Jillson,19,2013,Georgia Tech,0,1,0,6.32,15,1,,,0,0,15.2,24,12,11,0,8,0,10,1,0,3,80,2.043,13.8,0,4.6,5.7,1.25,,player.fcgi?id=jillso000jar
Jonathan King*,20,2013,Georgia Tech,6,5,0.545,4.04,24,10,,,0,2,69,78,35,31,3,25,0,52,7,0,4,303,1.493,10.2,0.4,3.3,6.8,2.08,,player.fcgi?id=king--001jon
Kyle Leach?,--,2013,Georgia Tech,0,0,,18,1,0,,,0,0,1,2,2,2,0,1,0,0,0,0,0,5,3,18,0,9,0,0,,player.fcgi?id=leach-000kyl
Daniel Palka*,21,2013,Georgia Tech,2,1,0.667,0.69,8,0,,,0,0,13,6,1,1,0,3,0,11,1,0,0,49,0.692,4.2,0,2.1,7.6,3.67,,player.fcgi?id=palka-001dan
Cole Pitts,20,2013,Georgia Tech,5,3,0.625,4.71,19,13,,,0,0,65,60,38,34,6,36,2,43,6,0,1,294,1.477,8.3,0.8,5,6,1.19,,player.fcgi?id=pitts-000col
Jonathan Roberts?,--,2013,Georgia Tech,2,0,1,3.29,21,0,,,0,2,27.1,24,15,10,1,17,0,20,3,0,8,125,1.5,7.9,0.3,5.6,6.6,1.18,,player.fcgi?id=robert000jon
DeAndre Smelter,21,2013,Georgia Tech,0,0,,7.02,16,0,,,0,0,16.2,16,14,13,1,9,0,14,2,0,4,76,1.5,8.6,0.5,4.9,7.6,1.56,,player.fcgi?id=smelte001dea
Devin Stanton*,21,2013,Georgia Tech,0,0,,5.4,6,0,,,0,0,1.2,4,1,1,0,3,0,1,0,0,0,12,4.2,21.6,0,16.2,5.4,0.33,,player.fcgi?id=stanto000dev
Joe Wiseman,19,2013,Georgia Tech,0,0,,2.93,16,0,,,0,0,15.1,18,11,5,2,9,2,6,2,1,0,72,1.761,10.6,1.2,5.3,3.5,0.67,,player.fcgi?id=wisema000joe
Sam Clay*,21,2014,Georgia Tech,4,1,0.8,1.41,31,0,,,0,8,57.1,39,9,9,0,29,0,64,5,0,5,233,1.186,6.1,0,4.6,10,2.21,,player.fcgi?id=clay--000sam
Alex Cruz,21,2014,Georgia Tech,0,1,0,2.3,6,1,,,0,1,15.2,14,5,4,0,2,0,16,0,0,2,58,1.021,8,0,1.1,9.2,8,,player.fcgi?id=cruz--003ale
Matthew Gorst,19,2014,Georgia Tech,1,0,1,7.59,15,0,,,0,0,21.1,20,18,18,1,22,0,16,1,0,3,106,1.969,8.4,0.4,9.3,6.8,0.73,,player.fcgi?id=gorst-000mat
Matthew Grimes,22,2014,Georgia Tech,5,3,0.625,4.39,16,12,,,0,0,65.2,75,33,32,3,33,1,36,2,0,8,292,1.645,10.3,0.4,4.5,4.9,1.09,,player.fcgi?id=grimes001mat
Josh Heddinger,21,2014,Georgia Tech,4,5,0.444,4.04,16,14,,,0,0,82.1,82,47,37,3,33,2,64,12,0,5,366,1.397,9,0.3,3.6,7,1.94,,player.fcgi?id=heddin000jos
Dusty Isaacs,22,2014,Georgia Tech,8,5,0.615,1.92,29,1,,,0,7,61,48,18,13,1,21,3,53,6,0,4,249,1.131,7.1,0.1,3.1,7.8,2.52,,player.fcgi?id=isaacs001dus
Jonathan King*,21,2014,Georgia Tech,2,0,1,1.96,4,4,,,0,0,18.1,13,5,4,1,7,0,12,2,0,0,73,1.091,6.4,0.5,3.4,5.9,1.71,,player.fcgi?id=king--001jon
Ben Parr*,19,2014,Georgia Tech,5,4,0.556,2.62,18,10,,,0,0,65.1,66,21,19,3,20,1,52,4,1,4,281,1.316,9.1,0.4,2.8,7.2,2.6,,player.fcgi?id=parr--000ben
Matt Phillips,19,2014,Georgia Tech,0,0,,10.8,8,0,,,0,0,6.2,10,8,8,1,10,0,9,0,0,2,39,3,13.5,1.4,13.5,12.2,0.9,,player.fcgi?id=philli003mat
Cole Pitts,21,2014,Georgia Tech,1,0,1,3.18,4,4,,,0,0,17,16,6,6,1,9,0,16,1,0,0,78,1.471,8.5,0.5,4.8,8.5,1.78,,player.fcgi?id=pitts-000col
Jonathan Roberts?,--,2014,Georgia Tech,1,2,0.333,3.9,25,0,,,0,1,32.1,25,14,14,2,23,1,26,3,0,1,140,1.485,7,0.6,6.4,7.2,1.13,,player.fcgi?id=robert000jon
Zac Ryan,20,2014,Georgia Tech,1,2,0.333,4.7,16,4,,,0,1,30.2,36,21,16,2,16,1,29,1,1,6,141,1.696,10.6,0.6,4.7,8.5,1.81,,player.fcgi?id=ryan--000zac
Ben Schniederjans?,--,2014,Georgia Tech,0,0,,5.4,13,0,,,0,0,15,15,10,9,0,9,2,11,0,0,1,65,1.6,9,0,5.4,6.6,1.22,,player.fcgi?id=schnie000ben
Tanner Shelton*,19,2014,Georgia Tech,0,1,0,5.74,15,2,,,0,0,15.2,18,15,10,1,13,1,14,2,1,1,78,1.979,10.3,0.6,7.5,8,1.08,,player.fcgi?id=shelto000tan
DeAndre Smelter,22,2014,Georgia Tech,0,0,,0,2,0,,,0,0,2,1,0,0,0,0,0,0,0,0,0,6,0.5,4.5,0,0,0,,,player.fcgi?id=smelte001dea
Devin Stanton*,22,2014,Georgia Tech,5,3,0.625,2.24,18,12,,,0,0,76.1,68,19,19,5,22,1,57,9,0,5,320,1.179,8,0.6,2.6,6.7,2.59,,player.fcgi?id=stanto000dev
Joe Wiseman,20,2014,Georgia Tech,0,0,,0,4,0,,,0,0,3.1,3,0,0,0,1,0,4,5,0,1,17,1.2,8.1,0,2.7,10.8,4,,player.fcgi?id=wisema000joe
Trevor Craport,18,2015,Georgia Tech,0,0,,4.76,7,0,,,0,0,11.1,13,7,6,1,3,0,3,1,0,0,50,1.412,10.3,0.8,2.4,2.4,1,,player.fcgi?id=crapor000tre
Jared Datoc,20,2015,Georgia Tech,0,0,,6.52,10,0,,,0,0,9.2,13,8,7,1,7,1,7,1,0,1,47,2.069,12.1,0.9,6.5,6.5,1,,player.fcgi?id=datoc-000jar
Brandon Gold,20,2015,Georgia Tech,7,3,0.7,3.26,14,12,,,0,0,85.2,71,35,31,3,25,1,71,4,0,6,349,1.121,7.5,0.3,2.6,7.5,2.84,,player.fcgi?id=gold--000bra
Daniel Gooden*,18,2015,Georgia Tech,0,0,,5.63,6,1,,,0,0,8,6,6,5,1,11,0,7,3,0,1,42,2.125,6.8,1.1,12.4,7.9,0.64,,player.fcgi?id=gooden000dan
Matthew Gorst,20,2015,Georgia Tech,3,2,0.6,4.81,26,0,,,0,1,33.2,30,20,18,1,26,1,32,3,0,4,154,1.663,8,0.3,7,8.6,1.23,,player.fcgi?id=gorst-000mat
Jonathan King*,22,2015,Georgia Tech,4,5,0.444,3.82,15,15,,,0,0,92,89,47,39,3,25,0,51,9,0,8,394,1.239,8.7,0.3,2.4,5,2.04,,player.fcgi?id=king--001jon
Ben Parr*,20,2015,Georgia Tech,5,4,0.556,4.53,19,9,,,0,0,59.2,73,36,30,2,34,3,29,3,0,2,278,1.793,11,0.3,5.1,4.4,0.85,,player.fcgi?id=parr--000ben
Matt Phillips,20,2015,Georgia Tech,3,0,1,4.5,16,0,,,0,0,18,19,15,9,2,12,0,14,3,0,3,87,1.722,9.5,1,6,7,1.17,,player.fcgi?id=philli003mat
Cole Pitts,22,2015,Georgia Tech,0,6,0,6.9,15,11,,,0,0,45.2,51,38,35,9,32,0,32,4,0,11,216,1.818,10.1,1.8,6.3,6.3,1,,player.fcgi?id=pitts-000col
Cory Pope?,--,2015,Georgia Tech,0,0,,15.43,2,0,,,0,0,2.1,4,4,4,1,2,0,4,0,0,1,13,2.571,15.4,3.9,7.7,15.4,2,,player.fcgi?id=pope--000cor
Zac Ryan,21,2015,Georgia Tech,9,1,0.9,3.59,28,0,,,0,7,47.2,43,22,19,4,15,1,40,5,0,2,197,1.217,8.1,0.8,2.8,7.6,2.67,,player.fcgi?id=ryan--000zac
Ben Schniederjans?,--,2015,Georgia Tech,0,1,0,6.75,4,2,,,0,0,13.1,19,10,10,0,7,0,10,1,0,0,64,1.95,12.8,0,4.7,6.8,1.43,,player.fcgi?id=schnie000ben
Tanner Shelton*,20,2015,Georgia Tech,1,1,0.5,7.71,22,0,,,0,0,16.1,23,15,14,1,17,0,20,0,0,4,89,2.449,12.7,0.6,9.4,11,1.18,,player.fcgi?id=shelto000tan
Devin Stanton*,23,2015,Georgia Tech,0,0,,8.04,15,5,,,0,0,28,35,29,25,2,23,0,28,0,0,4,141,2.071,11.3,0.6,7.4,9,1.22,,player.fcgi?id=stanto000dev
Joe Wiseman,21,2015,Georgia Tech,0,0,,9.39,8,0,,,0,0,7.2,14,8,8,0,6,0,4,4,0,2,43,2.609,16.4,0,7,4.7,0.67,,player.fcgi?id=wisema000joe
Patrick Wiseman,19,2015,Georgia Tech,0,0,,5.87,8,0,,,0,0,7.2,12,6,5,1,5,0,5,1,0,2,42,2.217,14.1,1.2,5.9,5.9,1,,player.fcgi?id=wisema000pat
Micah Carpenter,19,2016,Georgia Tech,2,0,1,7.52,21,1,,0,0,0,26.1,36,26,22,3,20,1,25,0,0,3,133,2.127,12.3,1,6.8,8.5,1.25,,player.fcgi?id=carpen004mic
Bailey Combs,19,2016,Georgia Tech,0,0,,0.64,11,0,,0,0,0,14,5,1,1,1,10,0,14,0,0,2,54,1.071,3.2,0.6,6.4,9,1.4,,player.fcgi?id=combs-000bai
Jared Datoc,21,2016,Georgia Tech,0,0,,4.7,9,0,,0,0,0,7.2,10,7,4,1,5,0,7,0,0,0,38,1.957,11.7,1.2,5.9,8.2,1.4,,player.fcgi?id=datoc-000jar
Burton Dulaney,19,2016,Georgia Tech,2,5,0.286,5.72,24,3,,0,0,3,45.2,48,37,29,5,19,3,37,6,2,4,206,1.467,9.5,1,3.7,7.3,1.95,,player.fcgi?id=dulane000bur
Bobby Gauvreau,19,2016,Georgia Tech,0,0,,8.35,18,0,,0,0,0,18.1,25,20,17,1,15,0,14,2,0,4,97,2.182,12.3,0.5,7.4,6.9,0.93,,player.fcgi?id=gauvre000bob
Keyton Gibson,19,2016,Georgia Tech,3,2,0.6,4.4,20,5,,0,0,0,43,44,23,21,2,31,0,27,5,1,6,198,1.744,9.2,0.4,6.5,5.7,0.87,,player.fcgi?id=gibson000key
Brandon Gold,21,2016,Georgia Tech,9,3,0.75,2.48,16,16,,0,0,0,105.1,109,43,29,8,31,0,81,7,0,6,443,1.329,9.3,0.7,2.6,6.9,2.61,,player.fcgi?id=gold--000bra
Matthew Gorst,21,2016,Georgia Tech,2,1,0.667,0.55,28,0,,0,0,12,49,30,5,3,0,13,1,55,3,0,5,193,0.878,5.5,0,2.4,10.1,4.23,,player.fcgi?id=gorst-000mat
Jonathan Hughes,19,2016,Georgia Tech,3,1,0.75,2.45,5,5,,0,0,0,25.2,23,9,7,0,7,0,14,5,0,3,109,1.169,8.1,0,2.5,4.9,2,,player.fcgi?id=hughes000jon
Jonathan King*,23,2016,Georgia Tech,1,0,1,0,1,1,,0,0,0,5,4,0,0,0,3,0,2,1,0,1,21,1.4,7.2,0,5.4,3.6,0.67,,player.fcgi?id=king--001jon
Jake Lee,19,2016,Georgia Tech,3,3,0.5,6.8,19,7,,0,0,1,45,64,38,34,4,15,1,26,6,0,1,212,1.756,12.8,0.8,3,5.2,1.73,,player.fcgi?id=lee---001jak
Ben Parr*,21,2016,Georgia Tech,7,1,0.875,4.18,25,3,,0,0,0,60.1,50,30,28,5,25,0,46,6,2,0,258,1.243,7.5,0.7,3.7,6.9,1.84,,player.fcgi?id=parr--000ben
Cole Pitts,23,2016,Georgia Tech,3,4,0.429,6.56,17,14,,0,0,0,60.1,70,46,44,14,32,0,54,4,0,2,277,1.691,10.4,2.1,4.8,8.1,1.69,,player.fcgi?id=pitts-000col
Zac Ryan,22,2016,Georgia Tech,3,4,0.429,7.29,18,8,,0,0,1,42,54,37,34,6,16,0,24,6,1,6,196,1.667,11.6,1.3,3.4,5.1,1.5,,player.fcgi?id=ryan--000zac
Tanner Shelton*,21,2016,Georgia Tech,0,1,0,14.4,8,0,,0,0,0,5,4,8,8,0,10,0,8,2,0,1,29,2.8,7.2,0,18,14.4,0.8,,player.fcgi?id=shelto000tan
Robert Winborne,19,2016,Georgia Tech,0,0,,7.2,10,0,,0,0,0,10,16,9,8,1,6,2,6,1,1,0,52,2.2,14.4,0.9,5.4,5.4,1,,player.fcgi?id=winbor000rob
Joe Wiseman,22,2016,Georgia Tech,0,0,,16.2,4,0,,0,0,0,3.1,6,6,6,0,3,0,3,1,1,0,20,2.7,16.2,0,8.1,8.1,1,,player.fcgi?id=wisema000joe
Patrick Wiseman,20,2016,Georgia Tech,0,0,,19.29,5,0,,0,0,0,2.1,2,5,5,0,8,0,3,2,0,3,18,4.286,7.7,0,30.9,11.6,0.38,,player.fcgi?id=wisema000pat
Andy Archer,19,2017,Georgia Tech,0,0,,4.82,7,0,,0,0,0,9.1,7,5,5,3,4,0,7,2,0,1,40,1.179,6.8,2.9,3.9,6.8,1.75,,player.fcgi?id=archer001and
Micah Carpenter,20,2017,Georgia Tech,0,3,0,2.56,24,0,,0,0,0,31.2,30,11,9,3,15,0,28,3,0,7,144,1.421,8.5,0.9,4.3,8,1.87,,player.fcgi?id=carpen004mic
Bailey Combs,20,2017,Georgia Tech,0,1,0,5.21,14,0,,0,0,0,19,25,16,11,2,10,1,18,0,0,0,89,1.842,11.8,0.9,4.7,8.5,1.8,,player.fcgi?id=combs-000bai
Xzavion Curry,18,2017,Georgia Tech,6,4,0.6,5.23,15,15,,0,0,0,82.2,97,54,48,7,32,0,74,7,0,7,381,1.56,10.6,0.8,3.5,8.1,2.31,,player.fcgi?id=curry-000xza
Jared Datoc,22,2017,Georgia Tech,6,1,0.857,3.77,32,0,,0,0,2,57.1,56,27,24,4,23,0,51,6,0,1,244,1.378,8.8,0.6,3.6,8,2.22,,player.fcgi?id=datoc-000jar
Burton Dulaney,20,2017,Georgia Tech,0,0,,2.7,7,0,,0,0,1,6.2,3,3,2,0,6,0,6,3,0,1,30,1.35,4.1,0,8.1,8.1,1,,player.fcgi?id=dulane000bur
Keyton Gibson,20,2017,Georgia Tech,2,3,0.4,8.1,13,8,,0,0,0,36.2,37,35,33,5,22,1,23,7,0,6,170,1.609,9.1,1.2,5.4,5.6,1.05,,player.fcgi?id=gibson000key
Garrett Gooden,--,2017,Georgia Tech,0,0,,22.85,7,0,,0,0,0,4.1,6,12,11,0,12,0,3,2,0,1,33,4.154,12.5,0,24.9,6.2,0.25,,player.fcgi?id=gooden000gar
Jonathan Hughes,20,2017,Georgia Tech,1,2,0.333,5.68,9,8,,0,0,0,25.1,25,21,16,2,23,0,20,8,0,6,127,1.895,8.9,0.7,8.2,7.1,0.87,,player.fcgi?id=hughes000jon
Jonathan King*,24,2017,Georgia Tech,0,0,,21.6,6,0,,0,0,0,3.1,5,8,8,2,4,0,1,2,0,1,21,2.7,13.5,5.4,10.8,2.7,0.25,,player.fcgi?id=king--001jon
Jake Lee,20,2017,Georgia Tech,4,2,0.667,6.1,16,6,,1,0,1,51.2,53,36,35,5,19,0,30,8,0,0,233,1.394,9.2,0.9,3.3,5.2,1.58,,player.fcgi?id=lee---001jak
Ben Parr*,22,2017,Georgia Tech,1,0,1,3.12,3,2,,0,0,0,8.2,10,3,3,2,6,0,6,0,0,0,42,1.846,10.4,2.1,6.2,6.2,1,,player.fcgi?id=parr--000ben
Zac Ryan,23,2017,Georgia Tech,3,5,0.375,3.33,27,0,,0,0,5,46,40,21,17,3,22,5,42,3,0,6,205,1.348,7.8,0.6,4.3,8.2,1.91,,player.fcgi?id=ryan--000zac
Ben Schniederjans?,--,2017,Georgia Tech,2,4,0.333,5.06,15,9,,0,0,0,42.2,35,27,24,1,25,1,31,3,0,6,192,1.406,7.4,0.2,5.3,6.5,1.24,,player.fcgi?id=schnie000ben
Jay Shadday?,--,2017,Georgia Tech,2,2,0.5,3.52,13,6,,0,0,0,38.1,36,20,15,3,18,0,29,1,0,2,167,1.409,8.5,0.7,4.2,6.8,1.61,,player.fcgi?id=shadda000jay
Connor Thomas*,19,2017,Georgia Tech,0,1,0,11.32,6,1,,0,0,0,10.1,16,15,13,2,9,1,5,0,0,2,54,2.419,13.9,1.7,7.8,4.4,0.56,,player.fcgi?id=thomas003con
Nick Wilhite*,19,2017,Georgia Tech,0,0,,81,2,0,,0,0,0,0.1,1,3,3,0,2,1,0,1,0,0,5,9,27,0,54,0,0,,player.fcgi?id=wilhit000nic
Robert Winborne,20,2017,Georgia Tech,0,0,,7.78,17,0,,0,0,0,19.2,30,18,17,7,9,0,22,5,1,3,100,1.983,13.7,3.2,4.1,10.1,2.44,,player.fcgi?id=winbor000rob
Andy Archer,20,2018,Georgia Tech,4,0,1,3.64,26,0,,0,0,3,47,43,22,19,3,17,1,41,1,0,1,199,1.277,8.2,0.6,3.3,7.9,2.41,,player.fcgi?id=archer001and
Jake Brace,19,2018,Georgia Tech,0,0,,0,2,0,,0,0,0,1.1,0,0,0,0,0,0,3,1,0,0,4,0,0,0,0,20.3,,,player.fcgi?id=brace-000jak
Micah Carpenter,21,2018,Georgia Tech,1,1,0.5,3.94,12,0,,0,0,0,16,15,8,7,2,5,1,8,2,0,1,67,1.25,8.4,1.1,2.8,4.5,1.6,,player.fcgi?id=carpen004mic
Hugh Chapman,19,2018,Georgia Tech,0,1,0,9.6,12,3,,0,0,0,15,24,17,16,1,12,0,14,4,0,1,85,2.4,14.4,0.6,7.2,8.4,1.17,,player.fcgi?id=chapma000hug
Bailey Combs,21,2018,Georgia Tech,0,0,,6.1,11,0,,0,0,0,10.1,9,7,7,1,7,0,10,5,0,1,50,1.548,7.8,0.9,6.1,8.7,1.43,,player.fcgi?id=combs-000bai
Xzavion Curry,19,2018,Georgia Tech,8,4,0.667,4.18,15,15,,1,1,0,92.2,79,44,43,17,23,0,101,7,1,2,385,1.101,7.7,1.7,2.2,9.8,4.39,,player.fcgi?id=curry-000xza
Jared Datoc,23,2018,Georgia Tech,1,3,0.25,4.86,26,0,,0,0,3,33.1,45,21,18,4,9,1,29,1,0,3,148,1.62,12.2,1.1,2.4,7.8,3.22,,player.fcgi?id=datoc-000jar
Tristin English,21,2018,Georgia Tech,2,4,0.333,4.11,16,9,,0,0,1,57,68,27,26,6,13,0,51,5,1,3,250,1.421,10.7,0.9,2.1,8.1,3.92,,player.fcgi?id=englis000tri
Keyton Gibson,21,2018,Georgia Tech,2,1,0.667,5.94,12,1,,0,0,0,16.2,16,14,11,1,12,0,12,5,0,4,81,1.68,8.6,0.5,6.5,6.5,1,,player.fcgi?id=gibson000key
Jonathan Hughes,21,2018,Georgia Tech,0,3,0,5.94,13,1,,0,0,1,16.2,21,16,11,2,17,0,11,5,0,5,91,2.28,11.3,1.1,9.2,5.9,0.65,,player.fcgi?id=hughes000jon
Brant Hurter*,19,2018,Georgia Tech,5,4,0.556,6.04,14,11,,0,0,0,53.2,62,36,36,3,23,0,56,9,0,0,254,1.584,10.4,0.5,3.9,9.4,2.43,,player.fcgi?id=hurter000bra
Jake Lee,21,2018,Georgia Tech,0,0,,9.68,14,2,,0,0,0,17.2,31,22,19,5,5,1,28,4,0,3,93,2.038,15.8,2.5,2.5,14.3,5.6,,player.fcgi?id=lee---001jak
Joseph Mannelly*,19,2018,Georgia Tech,0,0,,9.45,10,0,,0,0,0,6.2,3,7,7,2,6,0,5,0,0,2,29,1.35,4.1,2.7,8.1,6.8,0.83,,player.fcgi?id=mannel000jos
Ben Schniederjans?,--,2018,Georgia Tech,1,1,0.5,11.57,7,0,,0,0,0,7,13,9,9,1,2,0,4,4,0,3,38,2.143,16.7,1.3,2.6,5.1,2,,player.fcgi?id=schnie000ben
Oscar Serratos,18,2018,Georgia Tech,0,0,,8.1,5,0,,0,0,0,3.1,5,8,3,0,2,0,3,1,0,0,20,2.1,13.5,0,5.4,8.1,1.5,,player.fcgi?id=serrat001osc
Will Shirah*,19,2018,Georgia Tech,0,1,0,9.95,4,1,,0,0,0,6.1,8,8,7,1,9,0,10,2,0,1,38,2.684,11.4,1.4,12.8,14.2,1.11,,player.fcgi?id=shirah002wil
Connor Thomas*,20,2018,Georgia Tech,7,4,0.636,3.34,16,15,,3,0,1,97,90,42,36,5,10,0,106,5,1,3,398,1.031,8.4,0.5,0.9,9.8,10.6,,player.fcgi?id=thomas003con
Cameron Turley,19,2018,Georgia Tech,0,0,,0,1,0,,0,0,0,1,1,1,0,0,1,0,1,0,0,0,5,2,9,0,9,9,1,,player.fcgi?id=turley000cam
Robert Winborne,21,2018,Georgia Tech,0,0,,4.5,19,0,,0,0,0,16,18,10,8,2,6,0,12,4,0,1,73,1.5,10.1,1.1,3.4,6.8,2,,player.fcgi?id=winbor000rob
Walker Barlow*,19,2019,Georgia Tech,0,0,,6.23,7,0,,0,0,0,4.1,4,3,3,1,1,0,1,1,0,0,19,1.154,8.3,2.1,2.1,2.1,1,,player.fcgi?id=barlow000wal
Luke Bartnicki*,19,2019,Georgia Tech,2,2,0.5,6.4,29,0,,0,0,1,32.1,46,27,23,4,21,2,32,1,1,1,161,2.072,12.8,1.1,5.8,8.9,1.52,,player.fcgi?id=bartni000luk
Jake Brace,20,2019,Georgia Tech,0,0,,7.11,5,1,,0,0,0,6.1,10,5,5,0,3,0,3,1,0,1,30,2.053,14.2,0,4.3,4.3,1,,player.fcgi?id=brace-000jak
Micah Carpenter,22,2019,Georgia Tech,1,2,0.333,5.47,19,0,,0,0,1,24.2,32,16,15,6,12,0,36,2,0,4,120,1.784,11.7,2.2,4.4,13.1,3,,player.fcgi?id=carpen004mic
Hugh Chapman,20,2019,Georgia Tech,2,0,1,4.15,12,0,,0,0,0,13,12,7,6,1,2,0,10,1,0,2,54,1.077,8.3,0.7,1.4,6.9,5,,player.fcgi?id=chapma000hug
Xzavion Curry,20,2019,Georgia Tech,4,2,0.667,4.08,11,10,,0,0,0,57.1,58,30,26,7,16,0,66,4,0,4,247,1.291,9.1,1.1,2.5,10.4,4.13,,player.fcgi?id=curry-000xza
Tristin English,22,2019,Georgia Tech,3,0,1,3.7,15,0,,0,0,6,24.1,19,11,10,3,7,0,20,0,1,1,96,1.068,7,1.1,2.6,7.4,2.86,,player.fcgi?id=englis000tri
Keyton Gibson,22,2019,Georgia Tech,1,2,0.333,6.21,20,3,,0,0,1,29,23,21,20,3,21,1,33,5,1,2,134,1.517,7.1,0.9,6.5,10.2,1.57,,player.fcgi?id=gibson000key
Jonathan Hughes,22,2019,Georgia Tech,9,2,0.818,5.09,26,0,,0,0,0,53,61,34,30,3,23,1,48,5,0,12,244,1.585,10.4,0.5,3.9,8.2,2.09,,player.fcgi?id=hughes000jon
Brant Hurter*,20,2019,Georgia Tech,2,2,0.5,2.42,10,9,,0,0,0,48.1,37,18,13,1,14,1,58,4,1,0,208,1.055,6.9,0.2,2.6,10.8,4.14,,player.fcgi?id=hurter000bra
Jake Lee,22,2019,Georgia Tech,0,1,0,5.25,19,0,,0,0,0,12,10,7,7,3,10,0,17,1,0,3,57,1.667,7.5,2.3,7.5,12.8,1.7,,player.fcgi?id=lee---001jak
Joseph Mannelly*,20,2019,Georgia Tech,0,0,,0,3,0,,0,0,0,2.2,2,0,0,0,0,0,2,0,0,2,8,0.75,6.8,0,0,6.8,,,player.fcgi?id=mannel000jos
Cort Roedig,19,2019,Georgia Tech,2,2,0.5,4.88,15,10,,0,0,0,48,36,30,26,8,24,0,47,6,0,3,209,1.25,6.8,1.5,4.5,8.8,1.96,,player.fcgi?id=roedig000cor
Will Shirah*,20,2019,Georgia Tech,0,0,,9.53,7,0,,0,0,0,5.2,8,6,6,2,6,0,2,0,0,3,31,2.471,12.7,3.2,9.5,3.2,0.33,,player.fcgi?id=shirah002wil
Connor Thomas*,21,2019,Georgia Tech,9,2,0.818,3.11,16,16,,3,2,0,113,118,48,39,10,19,1,103,5,0,3,473,1.212,9.4,0.8,1.5,8.2,5.42,,player.fcgi?id=thomas003con
Amos Willingham,20,2019,Georgia Tech,8,2,0.8,5.19,18,13,,0,0,0,69.1,78,47,40,12,19,0,42,7,1,4,305,1.399,10.1,1.6,2.5,5.5,2.21,,player.fcgi?id=willin000amo
Robert Winborne,22,2019,Georgia Tech,0,0,,4.63,10,0,,0,0,0,11.2,12,6,6,1,6,1,7,0,0,0,50,1.543,9.3,0.8,4.6,5.4,1.17,,player.fcgi?id=winbor000rob
Andy Archer,22,2020,Georgia Tech,0,0,,4.22,4,0,,0,0,2,10.2,10,9,5,0,5,2,16,2,0,0,51,1.406,8.4,0,4.2,13.5,3.2,,player.fcgi?id=archer001and
Jackson Arnold,19,2020,Georgia Tech,0,0,,2.08,3,0,,0,0,0,4.1,5,1,1,0,1,0,4,2,0,1,20,1.385,10.4,0,2.1,8.3,4,,player.fcgi?id=arnold002jac
Luke Bartnicki*,20,2020,Georgia Tech,0,0,,1.76,4,3,,0,0,0,15.1,7,4,3,0,9,0,17,1,0,1,63,1.043,4.1,0,5.3,10,1.89,,player.fcgi?id=bartni000luk
Jake Brace,21,2020,Georgia Tech,0,0,,4.5,2,0,,0,0,0,2,1,1,1,0,1,0,1,0,0,1,7,1,4.5,0,4.5,4.5,1,,player.fcgi?id=brace-000jak
Hugh Chapman,21,2020,Georgia Tech,0,0,,2.25,8,0,,0,0,0,8,5,2,2,1,3,0,12,1,0,1,33,1,5.6,1.1,3.4,13.5,4,,player.fcgi?id=chapma000hug
Will Coquillard,18,2020,Georgia Tech,0,0,,4.5,2,0,,0,0,0,2,2,1,1,0,0,0,1,0,0,0,8,1,9,0,0,4.5,,,player.fcgi?id=coquil000wil
Sam Crawford*,21,2020,Georgia Tech,2,0,1,1.86,8,0,,0,0,0,9.2,6,2,2,0,6,0,14,0,0,0,42,1.241,5.6,0,5.6,13,2.33,,player.fcgi?id=crawfo003sam
Jackson Finley,19,2020,Georgia Tech,1,1,0.5,9,7,1,,0,0,0,9,8,10,9,2,3,1,15,5,0,3,45,1.222,8,2,3,15,5,,player.fcgi?id=finley002jac
Jonathan Hughes,23,2020,Georgia Tech,2,1,0.667,2.08,4,4,,0,0,0,21.2,16,12,5,2,6,0,20,6,0,2,91,1.015,6.6,0.8,2.5,8.3,3.33,,player.fcgi?id=hughes000jon
Ben King,20,2020,Georgia Tech,0,0,,15.43,3,0,,0,0,0,2.1,2,4,4,1,4,0,1,1,0,0,13,2.571,7.7,3.9,15.4,3.9,0.25,,player.fcgi?id=king--002ben
Zach Maxwell,19,2020,Georgia Tech,1,1,0.5,3.14,4,4,,0,0,0,14.1,6,7,5,0,16,0,20,2,0,7,67,1.535,3.8,0,10,12.6,1.25,,player.fcgi?id=maxwel000zac
Cort Roedig,20,2020,Georgia Tech,1,2,0.333,4.34,4,4,,0,0,0,18.2,16,13,9,1,12,0,23,3,1,2,84,1.5,7.7,0.5,5.8,11.1,1.92,,player.fcgi?id=roedig000cor
Josiah Siegel*,19,2020,Georgia Tech,1,0,1,6,4,0,,0,0,0,3,2,2,2,0,5,0,4,0,0,0,17,2.333,6,0,15,12,0.8,,player.fcgi?id=siegel000jos
Dalton Smith*,19,2020,Georgia Tech,3,0,1,1.46,6,0,,0,0,0,12.1,10,3,2,0,6,1,14,0,0,5,53,1.297,7.3,0,4.4,10.2,2.33,,player.fcgi?id=smith-009dal
Brody Westbrooks,19,2020,Georgia Tech,0,0,,3.18,4,0,,0,0,0,5.2,4,2,2,0,2,0,8,0,0,1,22,1.059,6.4,0,3.2,12.7,4,,player.fcgi?id=westbr000bro
Austin Wilhite,22,2020,Georgia Tech,0,0,,0,3,0,,0,0,0,4,2,0,0,0,1,0,3,0,0,1,15,0.75,4.5,0,2.3,6.8,3,,player.fcgi?id=wilhit000aus
Andy Archer,23,2021,Georgia Tech,5,5,0.5,4.8,15,14,,1,1,0,75,73,48,40,9,36,1,77,8,1,3,344,1.453,8.8,1.1,4.3,9.2,2.14,,player.fcgi?id=archer001and
Luke Bartnicki*,21,2021,Georgia Tech,2,2,0.5,6,28,0,,0,0,7,42,48,32,28,2,22,1,41,5,1,2,190,1.667,10.3,0.4,4.7,8.8,1.86,,player.fcgi?id=bartni000luk
Dawson Brown,20,2021,Georgia Tech,2,0,1,4.4,14,0,,0,0,0,14.1,19,7,7,4,10,0,12,5,1,5,73,2.023,11.9,2.5,6.3,7.5,1.2,,player.fcgi?id=brown-001daw
Hugh Chapman,22,2021,Georgia Tech,0,0,,8.1,13,0,,0,0,0,13.1,12,12,12,3,15,2,13,4,0,2,70,2.025,8.1,2,10.1,8.8,0.87,,player.fcgi?id=chapma000hug
Sam Crawford*,22,2021,Georgia Tech,3,4,0.429,6,18,10,,0,0,0,51,59,39,34,10,19,1,37,4,1,1,236,1.529,10.4,1.8,3.4,6.5,1.95,,player.fcgi?id=crawfo003sam
Jackson Finley,20,2021,Georgia Tech,2,0,1,6.75,5,0,,0,0,1,8,12,7,6,0,0,0,14,2,1,2,36,1.5,13.5,0,0,15.8,,,player.fcgi?id=finley002jac
Marquis Grissom Jr.,19,2021,Georgia Tech,1,3,0.25,5.58,9,7,,0,0,1,30.2,29,23,19,4,20,0,31,5,0,3,144,1.598,8.5,1.2,5.9,9.1,1.55,,player.fcgi?id=grisso005mar
Chance Huff,21,2021,Georgia Tech,1,0,1,9.99,20,1,,0,0,2,24.1,32,28,27,3,19,1,22,3,1,9,124,2.096,11.8,1.1,7,8.1,1.16,,player.fcgi?id=huff--000cha
Brant Hurter*,22,2021,Georgia Tech,5,4,0.556,3.9,15,15,,0,0,0,85.1,85,44,37,10,19,1,83,17,0,11,378,1.219,9,1.1,2,8.8,4.37,,player.fcgi?id=hurter000bra
Ben King,21,2021,Georgia Tech,1,0,1,10.38,7,0,,0,0,0,4.1,4,5,5,0,9,1,9,2,0,0,28,3,8.3,0,18.7,18.7,1,,player.fcgi?id=king--002ben
Joseph Mannelly*,22,2021,Georgia Tech,2,0,1,5.81,18,0,,0,0,0,31,31,21,20,7,18,1,33,4,0,7,141,1.581,9,2,5.2,9.6,1.83,,player.fcgi?id=mannel000jos
Zach Maxwell,20,2021,Georgia Tech,2,2,0.5,3.09,24,0,,0,0,3,32,20,14,11,2,41,0,56,4,0,9,160,1.906,5.6,0.6,11.5,15.8,1.37,,player.fcgi?id=maxwel000zac
John Medich,22,2021,Georgia Tech,1,0,1,12.71,11,0,,0,0,0,11.1,12,17,16,4,12,1,15,5,0,7,63,2.118,9.5,3.2,9.5,11.9,1.25,,player.fcgi?id=medich000joh
Cort Roedig,21,2021,Georgia Tech,0,2,0,15.63,7,3,,0,0,0,6.1,12,15,11,2,10,0,3,2,1,1,44,3.474,17.1,2.8,14.2,4.3,0.3,,player.fcgi?id=roedig000cor
Will Shirah*,22,2021,Georgia Tech,0,0,,inf,1,0,,0,0,0,0,1,2,2,0,1,0,0,0,0,0,2,,,,,,0,,player.fcgi?id=shirah002wil
Josiah Siegel*,20,2021,Georgia Tech,2,1,0.667,3.77,17,1,,0,0,1,28.2,26,13,12,2,14,0,22,1,0,2,121,1.395,8.2,0.6,4.4,6.9,1.57,,player.fcgi?id=siegel000jos
Dalton Smith*,20,2021,Georgia Tech,2,2,0.5,6.51,22,5,,0,0,1,37.1,37,29,27,4,22,0,36,6,0,4,179,1.58,8.9,1,5.3,8.7,1.64,,player.fcgi?id=smith-009dal
Brody Westbrooks,20,2021,Georgia Tech,0,0,,6.43,6,0,,0,0,0,7,12,5,5,1,3,0,6,1,0,0,35,2.143,15.4,1.3,3.9,7.7,2,,player.fcgi?id=westbr000bro
Austin Wilhite,23,2021,Georgia Tech,0,0,,4.5,3,0,,0,0,0,2,3,1,1,0,0,0,2,1,0,0,10,1.5,13.5,0,0,9,,,player.fcgi?id=wilhit000aus
Luke Bartnicki*,22,2022,Georgia Tech,2,1,0.667,9.24,10,2,,0,0,0,12.2,17,16,13,2,9,0,12,1,0,3,66,2.053,12.1,1.4,6.4,8.5,1.33,,player.fcgi?id=bartni000luk
Dawson Brown,21,2022,Georgia Tech,3,2,0.6,8.77,28,0,,0,0,5,39,58,42,38,3,25,2,30,9,0,7,206,2.128,13.4,0.7,5.8,6.9,1.2,,player.fcgi?id=brown-001daw
Cody Carwile*,19,2022,Georgia Tech,2,2,0.5,5.68,16,3,,0,0,0,31.2,28,25,20,8,15,0,26,5,1,3,144,1.358,8,2.3,4.3,7.4,1.73,,player.fcgi?id=carwil000cod
Cameron Clines,18,2022,Georgia Tech,0,0,,9,4,0,,0,0,0,4,7,4,4,1,4,0,2,0,0,0,22,2.75,15.8,2.3,9,4.5,0.5,,player.fcgi?id=clines000cam
Sam Crawford*,23,2022,Georgia Tech,0,1,0,5.63,24,0,,0,0,1,32,42,21,20,5,15,1,29,2,0,1,151,1.781,11.8,1.4,4.2,8.2,1.93,,player.fcgi?id=crawfo003sam
Aeden Finateri,18,2022,Georgia Tech,0,1,0,7.09,19,3,,0,0,1,33,47,32,26,5,24,2,36,5,0,0,177,2.152,12.8,1.4,6.5,9.8,1.5,,player.fcgi?id=finate000aed
Jackson Finley,21,2022,Georgia Tech,0,0,,13.5,4,0,,0,0,0,4,8,6,6,1,2,0,4,0,0,0,22,2.5,18,2.3,4.5,9,2,,player.fcgi?id=finley002jac
Marquis Grissom Jr.,20,2022,Georgia Tech,4,5,0.444,5.75,18,14,,0,0,0,61,60,45,39,7,42,0,57,16,0,7,303,1.672,8.9,1,6.2,8.4,1.36,,player.fcgi?id=grisso005mar
Camron Hill*,19,2022,Georgia Tech,0,1,0,6.57,18,1,,0,0,1,24.2,28,18,18,6,13,1,19,1,0,2,115,1.662,10.2,2.2,4.7,6.9,1.46,,player.fcgi?id=hill--009cam
Chance Huff,22,2022,Georgia Tech,5,4,0.556,6.98,16,15,,0,0,0,68.1,81,59,53,16,24,0,74,6,1,4,318,1.537,10.7,2.1,3.2,9.7,3.08,,player.fcgi?id=huff--000cha
Joseph Mannelly*,23,2022,Georgia Tech,1,0,1,7.64,19,0,,0,0,0,17.2,24,17,15,1,12,1,24,7,0,2,95,2.038,12.2,0.5,6.1,12.2,2,,player.fcgi?id=mannel000jos
Zach Maxwell,21,2022,Georgia Tech,5,0,1,5.26,21,6,,0,0,4,51.1,44,32,30,8,41,1,84,4,0,5,237,1.656,7.7,1.4,7.2,14.7,2.05,,player.fcgi?id=maxwel000zac
Logan McGuire,19,2022,Georgia Tech,4,2,0.667,7.02,18,4,,0,0,0,33.1,44,30,26,7,4,0,36,6,0,4,154,1.44,11.9,1.9,1.1,9.7,9,,player.fcgi?id=mcguir000log
Cole McNamee,24,2022,Georgia Tech,1,0,1,8.79,18,0,,0,0,0,14.1,26,21,14,3,6,1,11,1,0,0,77,2.233,16.3,1.9,3.8,6.9,1.83,,player.fcgi?id=mcname000col
John Medich,23,2022,Georgia Tech,4,5,0.444,6.75,21,9,,0,0,1,57.1,63,44,43,11,28,0,59,9,0,9,271,1.587,9.9,1.7,4.4,9.3,2.11,,player.fcgi?id=medich000joh
Cort Roedig,22,2022,Georgia Tech,0,0,,6.14,8,0,,0,0,0,7.1,12,7,5,1,6,0,11,2,0,1,43,2.455,14.7,1.2,7.4,13.5,1.83,,player.fcgi?id=roedig000cor
Josiah Siegel*,21,2022,Georgia Tech,2,0,1,3.97,14,1,,0,0,0,22.2,25,15,10,4,6,0,18,2,0,0,102,1.368,9.9,1.6,2.4,7.1,3,,player.fcgi?id=siegel000jos
Dalton Smith*,21,2022,Georgia Tech,2,0,1,4.35,8,2,,0,0,0,10.1,14,7,5,0,6,0,9,2,0,0,54,1.935,12.2,0,5.2,7.8,1.5,,player.fcgi?id=smith-009dal
Xander Stephens,20,2022,Georgia Tech,1,0,1,3.18,5,0,,0,0,0,5.2,7,6,2,0,7,0,6,0,0,0,30,2.471,11.1,0,11.1,9.5,0.86,,player.fcgi?id=stephe000xan
Logan Bogue,19,2023,Georgia Tech,0,0,,10.8,3,0,,0,0,0,1.2,2,2,2,0,5,0,1,0,0,1,13,4.2,10.8,0,27,5.4,0.2,,player.fcgi?id=bogue-000log
Dawson Brown,22,2023,Georgia Tech,3,2,0.6,8.77,12,7,,0,0,0,39,49,38,38,6,27,1,41,7,0,4,191,1.949,11.3,1.4,6.2,9.5,1.52,,player.fcgi?id=brown-001daw
Terry Busse,21,2023,Georgia Tech,1,2,0.333,5.1,22,3,,0,0,9,42.1,43,29,24,5,28,1,58,9,0,14,206,1.677,9.1,1.1,6,12.3,2.07,,player.fcgi?id=busse-000ter
Drew Byers,21,2023,Georgia Tech,0,0,,38.57,3,0,,0,0,0,2.1,4,10,10,0,9,0,2,3,0,1,22,5.571,15.4,0,34.7,7.7,0.22,,player.fcgi?id=byers-000dre
Cody Carwile*,20,2023,Georgia Tech,3,2,0.6,6.67,15,1,,0,0,0,28.1,33,23,21,5,20,1,32,5,1,2,138,1.871,10.5,1.6,6.4,10.2,1.6,,player.fcgi?id=carwil000cod
Demitri Diamant,19,2023,Georgia Tech,0,0,,7.94,11,0,,0,0,0,11.1,19,13,10,1,9,0,13,1,0,1,63,2.471,15.1,0.8,7.1,10.3,1.44,,player.fcgi?id=diaman000dem
Aeden Finateri,19,2023,Georgia Tech,2,4,0.333,4.64,23,4,,0,0,2,64,68,38,33,12,17,1,56,8,0,3,285,1.328,9.6,1.7,2.4,7.9,3.29,,player.fcgi?id=finate000aed
Jackson Finley,22,2023,Georgia Tech,2,4,0.333,6.47,14,13,,0,0,0,48.2,69,41,35,5,17,0,42,4,0,4,235,1.767,12.8,0.9,3.1,7.8,2.47,,player.fcgi?id=finley002jac
Camron Hill*,20,2023,Georgia Tech,1,1,0.5,7.98,18,5,,0,0,0,29.1,42,27,26,9,21,0,33,3,0,1,146,2.148,12.9,2.8,6.4,10.1,1.57,,player.fcgi?id=hill--009cam
Ben King,23,2023,Georgia Tech,6,2,0.75,3.73,25,3,,0,0,0,50.2,40,22,21,4,16,0,55,7,0,6,213,1.105,7.1,0.7,2.8,9.8,3.44,,player.fcgi?id=king--002ben
Joseph Mannelly*,24,2023,Georgia Tech,1,0,1,9,18,0,,0,0,1,16,20,19,16,0,17,1,21,6,0,1,92,2.313,11.3,0,9.6,11.8,1.24,,player.fcgi?id=mannel000jos
Logan McGuire,20,2023,Georgia Tech,1,0,1,5.79,4,4,,0,0,0,9.1,9,7,6,3,4,0,15,1,0,1,43,1.393,8.7,2.9,3.9,14.5,3.75,,player.fcgi?id=mcguir000log
Noah Samol*,19,2023,Georgia Tech,0,1,0,11.4,12,0,,0,0,0,15,21,19,19,4,13,1,14,5,2,11,78,2.267,12.6,2.4,7.8,8.4,1.08,,player.fcgi?id=samol-000noa
Luke Schmolke,19,2023,Georgia Tech,6,4,0.6,8.33,16,12,,0,0,0,54,63,55,50,12,47,1,55,0,1,7,272,2.037,10.5,2,7.8,9.2,1.17,,player.fcgi?id=schmol000luk
Josiah Siegel*,22,2023,Georgia Tech,1,2,0.333,10.07,12,2,,0,0,0,22.1,37,29,25,6,14,1,22,2,0,3,118,2.284,14.9,2.4,5.6,8.9,1.57,,player.fcgi?id=siegel000jos
Dalton Smith*,22,2023,Georgia Tech,2,3,0.4,9.62,18,3,,0,0,0,29,37,31,31,9,22,0,26,2,0,4,145,2.034,11.5,2.8,6.8,8.1,1.18,,player.fcgi?id=smith-009dal
Jackson Vaughan,23,2023,Georgia Tech,1,0,1,5.97,23,0,,0,0,0,34.2,46,28,23,11,14,0,35,3,0,6,166,1.731,11.9,2.9,3.6,9.1,2.5,,player.fcgi?id=vaugha000jac
Carson Ballard,21,2024,Georgia Tech,2,2,0.5,4.41,13,6,,0,0,1,34.2,38,22,17,6,9,0,26,2,1,1,148,1.356,9.9,1.6,2.3,6.8,2.89,,player.fcgi?id=ballar000car
Brett Barfield*,20,2024,Georgia Tech,0,0,,6.75,16,0,,0,0,0,16,22,15,12,1,10,1,18,3,0,0,83,2,12.4,0.6,5.6,10.1,1.8,,player.fcgi?id=barfie000bre
Dawson Brown,23,2024,Georgia Tech,2,0,1,5.58,24,0,,0,0,4,30.2,25,20,19,3,12,1,45,7,0,3,136,1.207,7.3,0.9,3.5,13.2,3.75,,player.fcgi?id=brown-001daw
Terry Busse,22,2024,Georgia Tech,0,0,,10.38,11,1,,0,0,0,8.2,10,11,10,3,10,0,7,2,2,1,47,2.308,10.4,3.1,10.4,7.3,0.7,,player.fcgi?id=busse-000ter
Brett Denby,19,2024,Georgia Tech,0,0,,inf,1,0,,0,0,0,0,2,2,2,0,2,0,0,0,0,1,4,,,,,,0,,player.fcgi?id=denby-000bre
Demitri Diamant,20,2024,Georgia Tech,0,0,,4.5,3,0,,0,0,0,2,1,1,1,0,2,0,1,0,0,0,9,1.5,4.5,0,9,4.5,0.5,,player.fcgi?id=diaman000dem
Aeden Finateri,20,2024,Georgia Tech,6,4,0.6,6.24,16,16,,0,0,0,75,95,55,52,19,22,0,80,11,0,2,344,1.56,11.4,2.3,2.6,9.6,3.64,,player.fcgi?id=finate000aed
Jackson Gaspard,21,2024,Georgia Tech,0,0,,6.75,8,0,,0,0,0,5.1,7,4,4,0,1,0,2,1,0,0,24,1.5,11.8,0,1.7,3.4,2,,player.fcgi?id=gaspar000jac
Caden Gaudette,21,2024,Georgia Tech,0,0,,5,9,0,,0,0,0,9,9,5,5,2,4,0,6,1,0,1,39,1.444,9,2,4,6,1.5,,player.fcgi?id=gaudet000cad
Camron Hill*,21,2024,Georgia Tech,3,1,0.75,5.56,14,5,,0,0,0,34,30,22,21,9,19,0,44,3,0,3,153,1.441,7.9,2.4,5,11.6,2.32,,player.fcgi?id=hill--009cam
Cam Jones*,23,2024,Georgia Tech,4,2,0.667,5.31,17,8,,2,1,3,59.1,58,35,35,9,20,1,41,6,0,3,255,1.315,8.8,1.4,3,6.2,2.05,,player.fcgi?id=jones-002cam
Ben King,24,2024,Georgia Tech,2,2,0.5,6.7,28,0,,0,0,1,41.2,40,35,31,7,17,3,44,11,1,3,195,1.368,8.6,1.5,3.7,9.5,2.59,,player.fcgi?id=king--002ben
Michal Kovala,20,2024,Georgia Tech,0,0,,4,17,0,,0,0,0,18,20,12,8,3,16,1,18,3,0,7,92,2,10,1.5,8,9,1.13,,player.fcgi?id=kovala000mic
Camren Landry,23,2024,Georgia Tech,0,0,,43.2,3,0,,0,0,0,1.2,9,8,8,1,1,0,1,1,0,0,16,6,48.6,5.4,5.4,5.4,1,,player.fcgi?id=landry000cam
Logan McGuire,21,2024,Georgia Tech,2,3,0.4,8.63,12,8,,0,0,0,32.1,33,32,31,9,20,0,34,3,1,0,150,1.639,9.2,2.5,5.6,9.5,1.7,,player.fcgi?id=mcguir000log
Tate McKee,19,2024,Georgia Tech,4,5,0.444,7.28,18,8,,0,0,1,47,46,39,38,9,28,2,61,4,1,3,219,1.574,8.8,1.7,5.4,11.7,2.18,,player.fcgi?id=mckee-000tat
Mason Patel,22,2024,Georgia Tech,2,3,0.4,8.25,14,5,,0,0,0,36,54,33,33,6,16,1,32,4,0,2,175,1.944,13.5,1.5,4,8,2,,player.fcgi?id=patel-000mas
Riley Stanford,21,2024,Georgia Tech,2,1,0.667,5.94,19,0,,0,0,1,16.2,22,15,11,3,12,0,18,5,0,1,88,2.04,11.9,1.6,6.5,9.7,1.5,,player.fcgi?id=stanfo000ril
Brett Thomas,23,2024,Georgia Tech,4,2,0.667,6.14,24,1,,0,0,1,29.1,31,22,20,2,27,4,32,3,0,8,149,1.977,9.5,0.6,8.3,9.8,1.19,,player.fcgi?id=thomas009bre
Carson Ballard,22,2025,Georgia Tech,1,3,0.25,5.7,17,1,,0,0,1,36.1,39,23,23,7,6,0,38,5,0,1,155,1.239,9.7,1.7,1.5,9.4,6.33,,player.fcgi?id=ballar000car
Brett Barfield*,21,2025,Georgia Tech,0,0,,5.93,20,1,,0,0,1,13.2,16,10,9,4,8,0,14,4,0,0,69,1.756,10.5,2.6,5.3,9.2,1.75,,player.fcgi?id=barfie000bre
Jackson Blakely,19,2025,Georgia Tech,0,0,,9.64,5,0,,0,0,0,4.2,7,5,5,1,4,0,1,1,0,1,25,2.357,13.5,1.9,7.7,1.9,0.25,,player.fcgi?id=blakel000jac
Porter Buursema,20,2025,Georgia Tech,0,0,,7.04,8,0,,0,0,0,7.2,8,6,6,0,7,0,10,4,0,0,43,1.957,9.4,0,8.2,11.7,1.43,,player.fcgi?id=buurse000por
Kayden Campbell*,21,2025,Georgia Tech,2,1,0.667,4.42,17,0,,0,0,0,18.1,18,9,9,3,9,0,28,6,0,3,89,1.473,8.8,1.5,4.4,13.7,3.11,,player.fcgi?id=campbe000kay
Connor Chicoli,19,2025,Georgia Tech,1,1,0.5,5.46,14,5,,0,0,0,28,33,17,17,4,5,0,18,2,0,1,118,1.357,10.6,1.3,1.6,5.8,3.6,,player.fcgi?id=chicol000con
Joshua Evans*,19,2025,Georgia Tech,0,0,,13.5,2,0,,0,0,0,0.2,2,4,1,0,3,0,1,1,0,1,9,7.5,27,0,40.5,13.5,0.33,,player.fcgi?id=evans-010jos
Caden Gaudette,22,2025,Georgia Tech,0,1,0,6.92,13,0,,0,0,0,13,15,10,10,2,7,0,20,2,0,0,63,1.692,10.4,1.4,4.8,13.8,2.86,,player.fcgi?id=gaudet000cad
Alex Hernandez,19,2025,Georgia Tech,0,1,0,6.14,6,1,,0,0,2,7.1,4,5,5,2,3,0,3,1,0,0,29,0.955,4.9,2.5,3.7,3.7,1,,player.fcgi?id=hernan036ale
Ryan Johnson,19,2025,Georgia Tech,1,0,1,13.5,5,0,,0,0,0,4,7,6,6,1,2,0,7,3,0,1,24,2.25,15.8,2.3,4.5,15.8,3.5,,player.fcgi?id=johnso029rya
Brady Jones,20,2025,Georgia Tech,7,3,0.7,4.92,16,16,,1,1,0,67.2,60,40,37,7,38,0,73,17,0,2,314,1.448,8,0.9,5.1,9.7,1.92,,player.fcgi?id=jones-024bra
Jake Lankie,20,2025,Georgia Tech,0,1,0,6.1,8,0,,0,0,0,10.1,13,7,7,1,4,1,12,1,0,0,48,1.645,11.3,0.9,3.5,10.5,3,,player.fcgi?id=lankie000jak
Tate McKee,20,2025,Georgia Tech,8,3,0.727,4.84,16,16,,0,0,0,80,82,52,43,11,38,0,83,6,1,3,362,1.5,9.2,1.2,4.3,9.3,2.18,,player.fcgi?id=mckee-000tat
Adam McKelvey*,19,2025,Georgia Tech,0,0,,6,4,0,,0,0,0,3,3,2,2,0,1,0,2,0,0,0,12,1.333,9,0,3,6,2,,player.fcgi?id=mckelv000ada
Cooper McMullen,20,2025,Georgia Tech,1,0,1,3.68,7,0,,0,0,1,7.1,4,3,3,1,6,0,5,1,0,0,31,1.364,4.9,1.2,7.4,6.1,0.83,,player.fcgi?id=mcmull000coo
Thorpe Musci,20,2025,Georgia Tech,0,0,,27,1,0,,0,0,0,0.2,1,2,2,1,1,0,1,0,0,1,4,3,13.5,13.5,13.5,13.5,1,,player.fcgi?id=musci-000tho
Jaylen Paden,23,2025,Georgia Tech,5,1,0.833,2.91,15,5,,0,0,2,43.1,32,15,14,3,25,0,51,6,0,5,188,1.315,6.6,0.6,5.2,10.6,2.04,,player.fcgi?id=paden-000jay
Mason Patel,23,2025,Georgia Tech,11,2,0.846,3.34,23,0,,0,0,5,70,57,29,26,8,18,1,64,5,0,2,283,1.071,7.3,1,2.3,8.2,3.56,,player.fcgi?id=patel-000mas
Cole Royer,19,2025,Georgia Tech,1,0,1,4.05,8,0,,0,0,0,6.2,10,5,3,0,5,0,9,3,0,4,37,2.25,13.5,0,6.8,12.2,1.8,,player.fcgi?id=royer-000col
Connor Shouse,20,2025,Georgia Tech,0,0,,9,3,0,,0,0,0,3,2,3,3,0,5,0,4,0,0,1,15,2.333,6,0,15,12,0.8,,player.fcgi?id=shouse000con
Caden Spivey,21,2025,Georgia Tech,2,1,0.667,4.05,14,5,,0,0,0,33.1,32,17,15,3,22,2,32,3,0,2,156,1.62,8.6,0.8,5.9,8.6,1.45,,player.fcgi?id=spivey000cad
Riley Stanford,22,2025,Georgia Tech,0,0,,5.08,12,7,,0,0,0,28.1,31,22,16,5,21,0,34,10,0,0,144,1.835,9.8,1.6,6.7,10.8,1.62,,player.fcgi?id=stanfo000ril
Sam Swygert,23,2025,Georgia Tech,1,1,0.5,6.27,14,3,,0,0,0,18.2,20,15,13,4,8,0,17,3,0,2,90,1.5,9.6,1.9,3.9,8.2,2.13,,player.fcgi?id=swyger000sam
Chase Bebout?,--,2011,Duke,,,,3.33,,6,,,0,,46,39,25,17,,18,,49,,,,,1.239,7.6,,3.5,9.6,2.72,,player.fcgi?id=bebout000cha
Ben Grisz,21,2011,Duke,,,,5.23,,1,,,0,,43,61,29,25,,22,,43,,,,,1.93,12.8,,4.6,9,1.95,,player.fcgi?id=grisz-000ben
Dillon Haviland*,18,2011,Duke,,,,4.98,,8,,,0,,47,53,32,26,,19,,23,,,,,1.532,10.1,,3.6,4.4,1.21,,player.fcgi?id=havila001---
Rob Huber,19,2011,Duke,,,,4.24,,7,,,0,,57.1,69,33,27,,21,,40,,,,,1.57,10.8,,3.3,6.3,1.9,,player.fcgi?id=huber-000rob
Mark Lumpa,19,2011,Duke,,,,4,,1,,,0,,27,37,17,12,,10,,15,,,,,1.741,12.3,,3.3,5,1.5,,player.fcgi?id=lumpa-000mar
Tito Nava,19,2011,Duke,,,,7.71,,0,,,0,,7,10,6,6,,5,,4,,,,,2.143,12.9,,6.4,5.1,0.8,,player.fcgi?id=nava--000tit
Dennis O'Grady,22,2011,Duke,,,,3.62,,14,,,0,,87,91,36,35,,38,,75,,,,,1.483,9.4,,3.9,7.8,1.97,,player.fcgi?id=ogrady000den
Joe Pedevillano?,--,2011,Duke,,,,3.86,,0,,,0,,14,14,9,6,,7,,14,,,,,1.5,9,,4.5,9,2,,player.fcgi?id=pedevi000joe
Eric Pfisterer*,21,2011,Duke,,,,6.2,,7,,,0,,45,43,36,31,,35,,37,,,,,1.733,8.6,,7,7.4,1.06,,player.fcgi?id=pfiste001eri
David Putman,21,2011,Duke,,,,9,,0,,,0,,8,6,11,8,,7,,12,,,,,1.625,6.8,,7.9,13.5,1.71,,player.fcgi?id=putman000dav
Josh Ruffin,19,2011,Duke,,,,11.25,,0,,,0,,4,3,5,5,,4,,2,,,,,1.75,6.8,,9,4.5,0.5,,player.fcgi?id=ruffin000jos
Marcus Stroman,20,2011,Duke,,,,2.77,,8,,,0,,65,59,21,20,,21,,90,,,,,1.231,8.2,,2.9,12.5,4.29,,player.fcgi?id=stroma001mar
Drew Van Orden,19,2011,Duke,,,,7.13,,4,,,0,,53,68,48,42,,19,,20,,,,,1.642,11.5,,3.2,3.4,1.05,,player.fcgi?id=vanord000dre
Chase Bebout?,--,2012,Duke,0,2,0,5.6,5,3,,,0,0,17.2,21,15,11,0,7,0,8,3,1,1,83,1.585,10.7,0,3.6,4.1,1.14,,player.fcgi?id=bebout000cha
Dalton Brown?,--,2012,Duke,0,1,0,5.79,5,1,,,0,0,9.1,12,6,6,0,1,0,5,0,0,0,42,1.393,11.6,0,1,4.8,5,,player.fcgi?id=brown-003dal
Dillon Haviland*,19,2012,Duke,1,1,0.5,5.91,12,1,,,0,0,21.1,36,21,14,0,10,1,15,0,0,1,113,2.156,15.2,0,4.2,6.3,1.5,,player.fcgi?id=havila001---
Garrett Hayward*,19,2012,Duke,0,0,,22.5,3,0,,,0,0,2,2,5,5,0,5,0,3,1,0,0,14,3.5,9,0,22.5,13.5,0.6,,player.fcgi?id=haywar000gar
Rob Huber,20,2012,Duke,4,6,0.4,5.19,14,13,,,0,1,78,85,51,45,6,41,1,42,3,1,6,361,1.615,9.8,0.7,4.7,4.8,1.02,,player.fcgi?id=huber-000rob
Andrew Istler,19,2012,Duke,4,4,0.5,3.63,23,3,,,0,3,52,54,23,21,1,9,1,35,2,0,3,218,1.212,9.3,0.2,1.6,6.1,3.89,,player.fcgi?id=istler000and
Remy Janco*,19,2012,Duke,0,0,,8.18,8,0,,,0,0,11,11,11,10,0,9,0,10,3,1,0,55,1.818,9,0,7.4,8.2,1.11,,player.fcgi?id=janco-000rem
Mark Lumpa,20,2012,Duke,0,0,,5.63,6,0,,,0,0,8,11,6,5,0,6,0,5,2,0,0,42,2.125,12.4,0,6.8,5.6,0.83,,player.fcgi?id=lumpa-000mar
Sarkis Ohanian,18,2012,Duke,1,0,1,7.8,10,0,,,0,0,15,14,14,13,2,12,0,12,1,0,3,71,1.733,8.4,1.2,7.2,7.2,1,,player.fcgi?id=ohania000sar
Nick Piscotty,19,2012,Duke,0,2,0,8.19,13,6,,,0,1,29.2,38,28,27,3,22,0,22,3,1,3,153,2.022,11.5,0.9,6.7,6.7,1,,player.fcgi?id=piscot000nic
David Putman,22,2012,Duke,1,1,0.5,2.76,24,1,,,0,6,32.2,31,14,10,2,16,0,40,3,0,6,142,1.439,8.5,0.6,4.4,11,2.5,,player.fcgi?id=putman000dav
Josh Ruffin,20,2012,Duke,0,0,,5.4,2,0,,,0,0,1.2,1,1,1,0,2,0,0,3,0,0,10,1.8,5.4,0,10.8,0,0,,player.fcgi?id=ruffin000jos
Marcus Stroman,21,2012,Duke,6,5,0.545,2.39,14,14,,,0,0,98,83,31,26,5,26,0,136,2,1,8,400,1.112,7.6,0.5,2.4,12.5,5.23,,player.fcgi?id=stroma001mar
Trent Swart*,19,2012,Duke,4,8,0.333,4.28,14,13,,,0,0,73.2,79,42,35,3,33,1,76,2,3,9,335,1.52,9.7,0.4,4,9.3,2.3,,player.fcgi?id=swart-000tre
Drew Van Orden,20,2012,Duke,0,4,0,5.82,23,0,,,0,0,34,38,27,22,2,20,2,31,11,0,7,164,1.706,10.1,0.5,5.3,8.2,1.55,,player.fcgi?id=vanord000dre
Chase Bebout?,--,2013,Duke,0,0,,1.69,7,0,,,0,0,10.2,11,3,2,0,1,0,3,0,0,0,43,1.125,9.3,0,0.8,2.5,3,,player.fcgi?id=bebout000cha
Dalton Brown?,--,2013,Duke,2,0,1,5.68,16,2,,,0,0,25.1,37,22,16,0,10,0,24,2,0,1,126,1.855,13.1,0,3.6,8.5,2.4,,player.fcgi?id=brown-003dal
Garrett Hayward*,20,2013,Duke,0,0,,5.79,6,0,,,0,0,4.2,3,4,3,0,5,0,3,0,0,0,23,1.714,5.8,0,9.6,5.8,0.6,,player.fcgi?id=haywar000gar
Nick Hendrix?,--,2013,Duke,0,0,,3.79,24,0,,,0,1,38,44,16,16,2,10,0,36,2,2,1,166,1.421,10.4,0.5,2.4,8.5,3.6,,player.fcgi?id=hendri000nic
Rob Huber,21,2013,Duke,5,7,0.417,4.85,16,13,,,2,0,68.2,70,39,37,3,32,0,53,7,0,6,304,1.485,9.2,0.4,4.2,6.9,1.66,,player.fcgi?id=huber-000rob
Andrew Istler,20,2013,Duke,3,6,0.333,4.1,28,0,,,0,8,37.1,38,18,17,1,13,2,32,2,1,9,165,1.366,9.2,0.2,3.1,7.7,2.46,,player.fcgi?id=istler000and
Remy Janco*,20,2013,Duke,1,1,0.5,7.11,21,0,,,0,0,12.2,11,10,10,0,13,0,10,3,1,2,63,1.895,7.8,0,9.2,7.1,0.77,,player.fcgi?id=janco-000rem
Kenny Koplove,19,2013,Duke,0,0,,22.5,3,0,,,0,0,2,4,5,5,0,3,0,1,3,0,0,15,3.5,18,0,13.5,4.5,0.33,,player.fcgi?id=koplov000ken
Mark Lumpa,21,2013,Duke,0,0,,13.5,2,0,,,0,0,1.1,3,2,2,0,3,0,0,0,0,0,8,4.5,20.3,0,20.3,0,0,,player.fcgi?id=lumpa-000mar
James Marvel,19,2013,Duke,4,2,0.667,3.64,10,8,,,0,0,42,33,17,17,1,16,0,22,2,1,6,171,1.167,7.1,0.2,3.4,4.7,1.38,,player.fcgi?id=marvel000jam
Michael Matuella,19,2013,Duke,4,4,0.5,4.53,22,7,,,0,0,57.2,68,37,29,0,14,0,28,3,0,8,254,1.422,10.6,0,2.2,4.4,2,,player.fcgi?id=matuel000mic
Ryan Munger,22,2013,Duke,0,0,,47.25,1,0,,,0,0,1.1,5,7,7,2,2,0,0,0,0,0,11,5.25,33.8,13.5,13.5,0,0,,player.fcgi?id=munger000rya
Sarkis Ohanian,19,2013,Duke,0,0,,3.94,22,0,,,0,0,29.2,23,15,13,2,20,0,30,2,0,3,129,1.449,7,0.6,6.1,9.1,1.5,,player.fcgi?id=ohania000sar
Josh Ruffin,21,2013,Duke,0,0,,0,1,0,,,0,0,0.1,0,0,0,0,0,0,0,0,0,0,1,0,0,0,0,0,,,player.fcgi?id=ruffin000jos
Trent Swart*,20,2013,Duke,4,4,0.5,2.75,13,13,,,0,0,85,76,32,26,0,26,0,71,2,0,9,353,1.2,8,0,2.8,7.5,2.73,,player.fcgi?id=swart-000tre
Drew Van Orden,21,2013,Duke,3,5,0.375,5.94,16,12,,,0,0,63.2,73,46,42,4,31,0,56,11,0,12,301,1.634,10.3,0.6,4.4,7.9,1.81,,player.fcgi?id=vanord000dre
Karl Blum,19,2014,Duke,0,0,,4.73,8,4,,,0,0,13.1,15,8,7,0,6,0,11,2,0,4,63,1.575,10.1,0,4.1,7.4,1.83,,player.fcgi?id=blum--000kar
Dalton Brown?,--,2014,Duke,0,0,,9,2,0,,,0,0,3,4,4,3,0,1,0,4,0,0,0,15,1.667,12,0,3,12,4,,player.fcgi?id=brown-003dal
Bailey Clark,19,2014,Duke,0,0,,4.91,6,0,,,0,0,3.2,4,2,2,0,4,0,7,0,0,4,19,2.182,9.8,0,9.8,17.2,1.75,,player.fcgi?id=clark-002bai
Dillon Haviland*,21,2014,Duke,1,0,1,4.26,20,0,,,0,0,19,25,9,9,2,3,0,21,1,1,1,86,1.474,11.8,0.9,1.4,9.9,7,,player.fcgi?id=havila001---
Garrett Hayward*,21,2014,Duke,0,0,,3.86,3,0,,,0,0,2.1,2,1,1,0,1,0,3,0,0,1,11,1.286,7.7,0,3.9,11.6,3,,player.fcgi?id=haywar000gar
Nick Hendrix?,--,2014,Duke,2,1,0.667,3.35,28,0,,,0,2,37.2,28,17,14,2,14,1,37,1,0,2,154,1.115,6.7,0.5,3.3,8.8,2.64,,player.fcgi?id=hendri000nic
J.R. Holloway,19,2014,Duke,0,1,0,1.98,14,1,,,0,0,13.2,13,7,3,1,5,0,12,0,0,1,59,1.317,8.6,0.7,3.3,7.9,2.4,,player.fcgi?id=hollow000jr-
Rob Huber,22,2014,Duke,3,0,1,2.82,28,0,,,0,10,38.1,28,12,12,1,18,1,37,2,0,3,159,1.2,6.6,0.2,4.2,8.7,2.06,,player.fcgi?id=huber-000rob
Andrew Istler,21,2014,Duke,8,8,0.5,2.84,23,10,,,0,1,76,72,34,24,3,24,2,59,1,1,7,316,1.263,8.5,0.4,2.8,7,2.46,,player.fcgi?id=istler000and
Chris Kono?,--,2014,Duke,0,1,0,6.59,16,1,,,0,0,13.2,20,17,10,0,9,0,13,0,0,3,72,2.122,13.2,0,5.9,8.6,1.44,,player.fcgi?id=kono--000chr
Kevin Lewallyn,18,2014,Duke,3,1,0.75,2.41,13,2,,,0,0,18.2,13,6,5,1,7,0,11,1,0,2,78,1.071,6.3,0.5,3.4,5.3,1.57,,player.fcgi?id=lewall000kev
James Marvel,20,2014,Duke,2,2,0.5,1.78,4,4,,,0,0,25.1,21,8,5,0,8,0,16,0,0,3,103,1.145,7.5,0,2.8,5.7,2,,player.fcgi?id=marvel000jam
Michael Matuella,20,2014,Duke,1,3,0.25,2.78,11,11,,,0,0,58.1,40,20,18,1,15,0,69,2,0,1,230,0.943,6.2,0.2,2.3,10.6,4.6,,player.fcgi?id=matuel000mic
Sarkis Ohanian,20,2014,Duke,1,1,0.5,7.2,18,0,,,0,0,20,17,16,16,3,18,2,28,2,0,9,94,1.75,7.7,1.4,8.1,12.6,1.56,,player.fcgi?id=ohania000sar
Conner Stevens,21,2014,Duke,1,0,1,3.34,23,0,,,0,0,35,38,16,13,2,11,0,28,0,0,4,154,1.4,9.8,0.5,2.8,7.2,2.55,,player.fcgi?id=steven000con
Trent Swart*,21,2014,Duke,5,2,0.714,1.76,11,11,,,0,0,61.1,48,13,12,1,21,0,54,2,1,2,246,1.125,7,0.1,3.1,7.9,2.57,,player.fcgi?id=swart-000tre
Drew Van Orden,22,2014,Duke,6,5,0.545,3.19,15,14,,,1,0,87.1,68,34,31,2,25,0,91,12,0,10,355,1.065,7,0.2,2.6,9.4,3.64,,player.fcgi?id=vanord000dre
Karl Blum,20,2015,Duke,0,0,,17.47,7,0,,,0,0,5.2,8,11,11,1,11,0,7,2,0,3,38,3.353,12.7,1.6,17.5,11.1,0.64,,player.fcgi?id=blum--000kar
Bailey Clark,20,2015,Duke,4,5,0.444,2.95,13,13,,,0,0,58,53,23,19,3,21,0,49,1,0,3,247,1.276,8.2,0.5,3.3,7.6,2.33,,player.fcgi?id=clark-002bai
Ryan Day,--,2015,Duke,2,1,0.667,2.55,16,1,,,0,0,17.2,17,8,5,0,7,0,12,0,0,0,77,1.358,8.7,0,3.6,6.1,1.71,,player.fcgi?id=day---000rya
Dillon Haviland*,22,2015,Duke,3,1,0.75,3.4,17,7,,,0,0,42.1,37,21,16,1,25,0,25,0,0,4,190,1.465,7.9,0.2,5.3,5.3,1,,player.fcgi?id=havila001---
Nick Hendrix?,--,2015,Duke,1,1,0.5,3.95,9,1,,,0,1,13.2,17,8,6,0,2,0,11,0,0,1,62,1.39,11.2,0,1.3,7.2,5.5,,player.fcgi?id=hendri000nic
Andrew Istler,22,2015,Duke,5,5,0.5,3.23,14,14,,,0,0,86.1,86,34,31,5,20,0,82,1,1,3,352,1.228,9,0.5,2.1,8.5,4.1,,player.fcgi?id=istler000and
Kenny Koplove,21,2015,Duke,1,2,0.333,2.13,21,0,,,0,11,25.1,18,6,6,2,12,0,37,4,0,4,109,1.184,6.4,0.7,4.3,13.1,3.08,,player.fcgi?id=koplov000ken
Jack Labosky,18,2015,Duke,3,0,1,2.88,11,4,,,0,0,25,22,8,8,1,5,0,17,0,1,1,103,1.08,7.9,0.4,1.8,6.1,3.4,,player.fcgi?id=labosk000jac
Kevin Lewallyn,19,2015,Duke,0,0,,6.35,6,0,,,0,0,5.2,10,5,4,0,3,0,4,1,0,1,31,2.294,15.9,0,4.8,6.4,1.33,,player.fcgi?id=lewall000kev
Michael Matuella,21,2015,Duke,0,1,0,1.08,6,6,,,0,0,25,20,8,3,0,11,0,24,1,0,2,103,1.24,7.2,0,4,8.6,2.18,,player.fcgi?id=matuel000mic
Chris McGrath*,19,2015,Duke,2,0,1,3.48,11,3,,,0,0,20.2,15,9,8,1,12,0,20,3,3,2,89,1.306,6.5,0.4,5.2,8.7,1.67,,player.fcgi?id=mcgrat000chr
Sarkis Ohanian,21,2015,Duke,4,1,0.8,1.97,25,0,,,0,0,45.2,37,12,10,0,11,0,62,2,0,8,185,1.051,7.3,0,2.2,12.2,5.64,,player.fcgi?id=ohania000sar
Mitch Stallings*,20,2015,Duke,3,4,0.429,2.38,30,1,,,0,3,45.1,41,15,12,0,25,0,54,1,0,5,201,1.456,8.1,0,5,10.7,2.16,,player.fcgi?id=stalli000mit
Conner Stevens,22,2015,Duke,1,0,1,5.54,12,1,,,0,0,13,17,8,8,0,1,0,6,3,0,3,58,1.385,11.8,0,0.7,4.2,6,,player.fcgi?id=steven000con
Luke Whitten*,19,2015,Duke,1,1,0.5,4.83,19,2,,,0,0,31.2,30,22,17,0,20,1,17,6,1,2,145,1.579,8.5,0,5.7,4.8,0.85,,player.fcgi?id=whitte000luk
James Ziemba*,20,2015,Duke,0,0,,7.45,12,0,,,0,0,9.2,9,8,8,0,11,0,14,2,2,0,49,2.069,8.4,0,10.2,13,1.27,,player.fcgi?id=ziemba000jam
Karl Blum,21,2016,Duke,1,0,1,5.06,12,0,,0,0,0,10.2,8,8,6,0,12,0,9,2,1,3,53,1.875,6.8,0,10.1,7.6,0.75,,player.fcgi?id=blum--000kar
Bailey Clark,21,2016,Duke,4,4,0.5,5.61,15,10,,0,0,0,59.1,68,41,37,5,26,0,64,7,0,9,276,1.584,10.3,0.8,3.9,9.7,2.46,,player.fcgi?id=clark-002bai
Hunter Davis,20,2016,Duke,0,0,,4.15,8,0,,0,0,0,13,16,10,6,0,10,0,12,3,0,2,69,2,11.1,0,6.9,8.3,1.2,,player.fcgi?id=davis-003hun
Ryan Day,--,2016,Duke,1,0,1,1.5,16,0,,0,0,0,18,12,3,3,0,11,0,9,1,1,2,75,1.278,6,0,5.5,4.5,0.82,,player.fcgi?id=day---000rya
Nick Hendrix?,--,2016,Duke,2,2,0.5,5.13,25,0,,0,0,2,26.1,26,16,15,2,9,1,27,1,0,3,114,1.329,8.9,0.7,3.1,9.2,3,,player.fcgi?id=hendri000nic
Zack Kesterson,20,2016,Duke,0,0,,94.5,2,0,,0,0,0,0.2,5,7,7,0,4,0,1,0,0,2,11,13.5,67.5,0,54,13.5,0.25,,player.fcgi?id=kester000zac
Jack Labosky,19,2016,Duke,0,5,0,2.2,24,1,,0,0,1,32.2,29,9,8,0,8,0,33,2,0,2,134,1.133,8,0,2.2,9.1,4.13,,player.fcgi?id=labosk000jac
Kevin Lewallyn,20,2016,Duke,1,0,1,2.14,13,0,,0,0,0,21,19,5,5,0,7,0,14,1,0,2,90,1.238,8.1,0,3,6,2,,player.fcgi?id=lewall000kev
Brian McAfee,23,2016,Duke,7,5,0.583,4.11,14,14,,3,1,0,92,100,47,42,4,13,0,65,10,1,4,387,1.228,9.8,0.4,1.3,6.4,5,,player.fcgi?id=mcafee000bri
Al Pesto,19,2016,Duke,2,0,1,1.83,15,0,,0,0,0,19.2,12,6,4,0,6,0,21,1,0,2,78,0.915,5.5,0,2.7,9.6,3.5,,player.fcgi?id=pesto-000al-
Mitch Stallings*,21,2016,Duke,3,2,0.6,3.23,27,0,,0,0,8,30.2,31,13,11,0,16,1,23,5,0,6,141,1.533,9.1,0,4.7,6.8,1.44,,player.fcgi?id=stalli000mit
Trent Swart*,23,2016,Duke,4,3,0.571,3.44,16,16,,0,0,0,65.1,65,30,25,3,22,0,55,5,0,3,286,1.332,9,0.4,3,7.6,2.5,,player.fcgi?id=swart-000tre
Kellen Urbon,23,2016,Duke,7,2,0.778,2.87,21,13,,0,0,0,87.2,74,37,28,5,17,2,47,6,1,1,358,1.038,7.6,0.5,1.7,4.8,2.76,,player.fcgi?id=urbon-000kel
Luke Whitten*,20,2016,Duke,0,0,,10.5,7,0,,0,0,1,6,9,7,7,0,6,0,5,2,0,1,35,2.5,13.5,0,9,7.5,0.83,,player.fcgi?id=whitte000luk
James Ziemba*,21,2016,Duke,1,1,0.5,3.95,19,3,,0,0,0,27.1,19,18,12,0,20,0,36,4,0,6,128,1.427,6.3,0,6.6,11.9,1.8,,player.fcgi?id=ziemba000jam
Karl Blum,22,2017,Duke,2,1,0.667,3.18,21,0,,0,0,0,28.1,14,10,10,0,16,0,20,6,0,6,119,1.059,4.4,0,5.1,6.4,1.25,,player.fcgi?id=blum--000kar
Bill Chillari*,19,2017,Duke,0,1,0,5.87,15,0,,0,0,0,15.1,15,11,10,4,8,0,12,0,0,5,70,1.5,8.8,2.3,4.7,7,1.5,,player.fcgi?id=chilla000bil
Thomas Crispi*,23,2017,Duke,1,0,1,9,3,0,,0,0,0,2,1,2,2,0,2,0,1,0,0,0,9,1.5,4.5,0,9,4.5,0.5,,player.fcgi?id=crispi000tho
Hunter Davis,21,2017,Duke,0,1,0,4.2,12,2,,0,0,0,15,12,9,7,1,13,0,15,2,0,1,73,1.667,7.2,0.6,7.8,9,1.15,,player.fcgi?id=davis-003hun
Ryan Day,--,2017,Duke,4,3,0.571,3.3,13,13,,0,0,0,73.2,64,30,27,0,17,0,43,11,0,11,305,1.1,7.8,0,2.1,5.3,2.53,,player.fcgi?id=day---000rya
Nick Hendrix?,--,2017,Duke,3,1,0.75,3.67,33,0,,0,0,1,41.2,32,17,17,2,6,1,29,3,1,5,159,0.912,6.9,0.4,1.3,6.3,4.83,,player.fcgi?id=hendri000nic
Zack Kesterson,21,2017,Duke,0,0,,15.75,4,0,,0,0,0,4,9,7,7,1,3,1,6,1,1,2,25,3,20.3,2.3,6.8,13.5,2,,player.fcgi?id=kester000zac
Jack Labosky,20,2017,Duke,2,4,0.333,4.5,23,0,,0,0,7,34,39,18,17,2,6,0,24,4,0,2,147,1.324,10.3,0.5,1.6,6.4,4,,player.fcgi?id=labosk000jac
Adam Laskey*,19,2017,Duke,4,5,0.444,6.83,16,14,,0,0,0,55.1,82,45,42,10,24,1,48,4,1,4,271,1.916,13.3,1.6,3.9,7.8,2,,player.fcgi?id=laskey000ada
Kevin Lewallyn,21,2017,Duke,1,0,1,3.38,17,0,,0,0,1,24,22,12,9,1,9,0,17,1,0,2,101,1.292,8.3,0.4,3.4,6.4,1.89,,player.fcgi?id=lewall000kev
Chris McGrath*,21,2017,Duke,1,2,0.333,4.13,15,0,,0,0,0,24,18,11,11,2,14,1,19,1,0,0,101,1.333,6.8,0.8,5.3,7.1,1.36,,player.fcgi?id=mcgrat000chr
Matt Mervis,19,2017,Duke,2,2,0.5,7.83,21,1,,0,0,0,23,25,21,20,2,18,1,21,1,0,8,113,1.87,9.8,0.8,7,8.2,1.17,,player.fcgi?id=mervis000mat
Mitch Stallings*,22,2017,Duke,4,3,0.571,4.5,14,13,,0,0,0,76,74,41,38,10,26,0,74,2,0,5,325,1.316,8.8,1.2,3.1,8.8,2.85,,player.fcgi?id=stalli000mit
Graeme Stinson*,19,2017,Duke,3,1,0.75,6.67,12,9,,0,0,0,28.1,24,23,21,0,12,0,45,3,0,12,124,1.271,7.6,0,3.8,14.3,3.75,,player.fcgi?id=stinso000gra
Luke Whitten*,21,2017,Duke,1,0,1,4.4,12,0,,0,0,0,14.1,6,9,7,0,13,0,16,0,1,6,59,1.326,3.8,0,8.2,10,1.23,,player.fcgi?id=whitte000luk
Coleman Williams,19,2017,Duke,0,0,,6.75,5,0,,0,0,0,4,4,3,3,0,3,0,3,2,0,0,21,1.75,9,0,6.8,6.8,1,,player.fcgi?id=willia004col
James Ziemba*,22,2017,Duke,2,4,0.333,5.03,22,6,,0,0,0,48.1,51,35,27,1,22,0,45,10,2,8,226,1.51,9.5,0.2,4.1,8.4,2.05,,player.fcgi?id=ziemba000jam
Bill Chillari*,20,2018,Duke,6,1,0.857,4.72,16,7,,0,0,0,34.1,29,19,18,1,11,0,36,2,0,6,143,1.165,7.6,0.3,2.9,9.4,3.27,,player.fcgi?id=chilla000bil
Hunter Davis,22,2018,Duke,2,0,1,3.68,12,0,,0,0,0,22,20,9,9,0,13,0,14,2,1,2,96,1.5,8.2,0,5.3,5.7,1.08,,player.fcgi?id=davis-003hun
Ryan Day,--,2018,Duke,5,4,0.556,5.08,15,13,,0,0,0,67.1,81,44,38,8,22,0,51,7,0,5,301,1.53,10.8,1.1,2.9,6.8,2.32,,player.fcgi?id=day---000rya
Ethan DeCaster,23,2018,Duke,6,0,1,1.34,27,0,,0,0,5,53.2,43,10,8,3,6,0,57,7,0,3,215,0.913,7.2,0.5,1,9.6,9.5,,player.fcgi?id=decast000eth
Matt Dockman*,19,2018,Duke,0,1,0,2.13,24,1,,0,0,0,25.1,26,7,6,1,9,2,21,1,0,0,109,1.382,9.2,0.4,3.2,7.5,2.33,,player.fcgi?id=dockma000mat
Thomas Girard,19,2018,Duke,0,0,,4.91,8,0,,0,0,0,11,12,6,6,1,3,0,10,2,1,2,48,1.364,9.8,0.8,2.5,8.2,3.33,,player.fcgi?id=girard000tho
Sam Granoff*,23,2018,Duke,0,0,,10.13,3,0,,0,0,0,2.2,5,3,3,0,1,0,0,1,0,0,15,2.25,16.9,0,3.4,0,0,,player.fcgi?id=granof000sam
Bryce Jarvis,20,2018,Duke,4,1,0.8,2.45,25,5,,0,0,1,47.2,23,14,13,4,22,0,67,6,0,5,194,0.944,4.3,0.8,4.2,12.7,3.05,,player.fcgi?id=jarvis000bry
Cam Kovachik,20,2018,Duke,0,0,,13.5,1,0,,0,0,0,0.2,1,1,1,0,2,0,1,1,0,2,6,4.5,13.5,0,27,13.5,0.5,,player.fcgi?id=kovach000cam
Jack Labosky,21,2018,Duke,3,1,0.75,1.11,26,0,,0,0,10,40.2,31,7,5,1,7,0,32,1,0,0,150,0.934,6.9,0.2,1.5,7.1,4.57,,player.fcgi?id=labosk000jac
Adam Laskey*,20,2018,Duke,6,4,0.6,5.47,16,15,,0,0,0,75.2,79,50,46,3,38,0,61,5,1,3,337,1.546,9.4,0.4,4.5,7.3,1.61,,player.fcgi?id=laskey000ada
Matt Mervis,20,2018,Duke,3,0,1,4.91,20,0,,0,0,0,25.2,21,18,14,2,10,0,21,1,0,3,107,1.208,7.4,0.7,3.5,7.4,2.1,,player.fcgi?id=mervis000mat
Josh Nifong,19,2018,Duke,0,0,,13.5,5,0,,0,0,0,4,6,8,6,0,9,0,4,3,0,0,31,3.75,13.5,0,20.3,9,0.44,,player.fcgi?id=nifong000jos
Mitch Stallings*,23,2018,Duke,4,5,0.444,5.84,19,18,,0,0,0,94,103,66,61,11,45,0,100,10,0,5,428,1.574,9.9,1.1,4.3,9.6,2.22,,player.fcgi?id=stalli000mit
Graeme Stinson*,20,2018,Duke,6,1,0.857,1.89,23,4,,0,0,0,62,43,15,13,3,19,0,98,10,0,8,249,1,6.2,0.4,2.8,14.2,5.16,,player.fcgi?id=stinso000gra
Coleman Williams,20,2018,Duke,0,0,,9,2,0,,0,0,0,1,1,1,1,0,2,0,2,1,0,1,8,3,9,0,18,18,1,,player.fcgi?id=willia004col
Aaron Beasley*,19,2019,Duke,0,0,,5.68,10,0,,0,0,0,12.2,18,10,8,1,10,1,13,2,0,1,66,2.211,12.8,0.7,7.1,9.2,1.3,,player.fcgi?id=beasle000aar
Jack Carey,19,2019,Duke,4,1,0.8,5.14,23,0,,0,0,1,42,46,28,24,3,20,0,32,9,0,9,196,1.571,9.9,0.6,4.3,6.9,1.6,,player.fcgi?id=carey-001jac
Bill Chillari*,21,2019,Duke,2,4,0.333,5.35,19,16,,0,0,0,67.1,75,48,40,10,30,1,48,7,1,4,312,1.559,10,1.3,4,6.4,1.6,,player.fcgi?id=chilla000bil
Hunter Davis,23,2019,Duke,1,2,0.333,1.59,20,0,,0,0,2,39.2,24,11,7,1,25,0,42,3,0,4,172,1.235,5.4,0.2,5.7,9.5,1.68,,player.fcgi?id=davis-003hun
Matt Dockman*,20,2019,Duke,6,1,0.857,3.8,25,0,,0,0,2,42.2,44,20,18,6,9,0,39,3,3,4,178,1.242,9.3,1.3,1.9,8.2,4.33,,player.fcgi?id=dockma000mat
Thomas Girard,20,2019,Duke,1,5,0.167,2.33,28,0,,0,0,9,46.1,28,12,12,3,18,2,61,6,0,5,187,0.993,5.4,0.6,3.5,11.8,3.39,,player.fcgi?id=girard000tho
Ben Gross,22,2019,Duke,8,4,0.667,4.4,20,13,,0,0,0,75.2,63,37,37,8,35,0,76,5,1,2,323,1.295,7.5,1,4.2,9,2.17,,player.fcgi?id=gross-002ben
Eli Herrick,21,2019,Duke,2,2,0.5,4.5,26,0,,0,0,1,38,36,24,19,4,17,0,49,8,0,6,173,1.395,8.5,0.9,4,11.6,2.88,,player.fcgi?id=herric000eli
Bryce Jarvis,21,2019,Duke,5,2,0.714,3.81,19,11,,0,0,1,75.2,70,38,32,7,37,0,94,5,0,11,340,1.414,8.3,0.8,4.4,11.2,2.54,,player.fcgi?id=jarvis000bry
Adam Laskey*,21,2019,Duke,1,0,1,6,6,3,,0,0,0,12,13,9,8,0,13,0,10,3,0,5,63,2.167,9.8,0,9.8,7.5,0.77,,player.fcgi?id=laskey000ada
Matt Mervis,21,2019,Duke,1,0,1,2.16,7,0,,0,0,0,8.1,13,6,2,0,5,0,8,0,0,4,43,2.16,14,0,5.4,8.6,1.6,,player.fcgi?id=mervis000mat
Josh Nifong,20,2019,Duke,0,0,,27,1,0,,0,0,0,0.2,3,2,2,0,1,0,1,0,0,0,6,6,40.5,0,13.5,13.5,1,,player.fcgi?id=nifong000jos
Al Pesto,22,2019,Duke,0,0,,0,4,0,,0,0,0,6,5,0,0,0,2,0,7,2,0,2,27,1.167,7.5,0,3,10.5,3.5,,player.fcgi?id=pesto-000al-
Kyle Salley*,19,2019,Duke,1,0,1,5.11,11,0,,0,0,0,12.1,14,13,7,1,10,0,14,0,0,1,64,1.946,10.2,0.7,7.3,10.2,1.4,,player.fcgi?id=salley000kyl
Cooper Stinson,19,2019,Duke,1,4,0.2,5.47,18,14,,0,0,1,54.1,58,41,33,5,43,0,78,7,0,11,263,1.859,9.6,0.8,7.1,12.9,1.81,,player.fcgi?id=stinso000coo
Graeme Stinson*,21,2019,Duke,2,2,0.5,4.58,5,5,,0,0,0,19.2,12,10,10,0,9,0,26,4,0,4,85,1.068,5.5,0,4.1,11.9,2.89,,player.fcgi?id=stinso000gra
Aaron Beasley*,20,2020,Duke,0,1,0,10.8,4,0,,0,0,0,5,8,10,6,2,1,0,6,2,0,1,28,1.8,14.4,3.6,1.8,10.8,6,,player.fcgi?id=beasle000aar
Jack Carey,20,2020,Duke,1,1,0.5,4.26,5,3,,0,0,0,19,22,9,9,2,7,0,22,2,0,0,83,1.526,10.4,0.9,3.3,10.4,3.14,,player.fcgi?id=carey-001jac
Bill Chillari*,22,2020,Duke,3,0,1,0.82,4,4,,0,0,0,11,7,1,1,0,3,0,7,4,0,0,44,0.909,5.7,0,2.5,5.7,2.33,,player.fcgi?id=chilla000bil
Matt Dockman*,21,2020,Duke,0,0,,3,8,0,,0,0,0,9,12,3,3,0,6,2,10,0,0,0,43,2,12,0,6,10,1.67,,player.fcgi?id=dockma000mat
Thomas Girard,21,2020,Duke,1,1,0.5,3.46,9,0,,0,0,4,13,4,5,5,3,1,0,23,2,0,2,46,0.385,2.8,2.1,0.7,15.9,23,,player.fcgi?id=girard000tho
Eli Herrick,22,2020,Duke,0,0,,0.93,8,0,,0,0,0,9.2,7,1,1,0,6,0,15,1,0,0,42,1.345,6.5,0,5.6,14,2.5,,player.fcgi?id=herric000eli
Bryce Jarvis,22,2020,Duke,3,1,0.75,0.67,4,4,,1,1,0,27,11,3,2,0,2,0,40,2,0,1,97,0.481,3.7,0,0.7,13.3,20,,player.fcgi?id=jarvis000bry
Marcus Johnson,19,2020,Duke,0,0,,3.86,3,0,,0,0,0,2.1,3,1,1,1,1,0,4,0,0,0,11,1.714,11.6,3.9,3.9,15.4,4,,player.fcgi?id=johnso027mar
Jimmy Loper,20,2020,Duke,1,0,1,2.16,8,0,,0,0,0,8.1,3,2,2,0,3,0,11,3,0,1,33,0.72,3.2,0,3.2,11.9,3.67,,player.fcgi?id=loper-000jim
Oliver McCarthy*,20,2020,Duke,0,0,,0,1,0,,0,0,0,1,0,0,0,0,0,0,2,0,0,0,3,0,0,0,0,18,,,player.fcgi?id=mccart000oli
Matt Mervis,22,2020,Duke,0,0,,0,2,0,,0,0,0,2,1,0,0,0,1,0,2,0,0,0,7,1,4.5,0,4.5,9,2,,player.fcgi?id=mervis000mat
Josh Nifong,21,2020,Duke,0,0,,4.76,5,0,,0,0,0,11.1,10,6,6,0,5,1,14,0,0,2,48,1.324,7.9,0,4,11.1,2.8,,player.fcgi?id=nifong000jos
Kyle Salley*,20,2020,Duke,0,0,,0,3,0,,0,0,0,2.1,0,0,0,0,1,0,3,0,0,1,8,0.429,0,0,3.9,11.6,3,,player.fcgi?id=salley000kyl
Cooper Stinson,20,2020,Duke,3,0,1,0.42,4,4,,0,0,0,21.2,16,1,1,1,4,0,24,0,0,3,84,0.923,6.6,0.4,1.7,10,6,,player.fcgi?id=stinso000coo
Henry Williams,18,2020,Duke,0,0,,13.5,1,1,,0,0,0,0.2,0,1,1,0,3,0,0,1,0,0,5,4.5,0,0,40.5,0,0,,player.fcgi?id=willia007hen
Josh Allen*,19,2021,Duke,3,1,0.75,5.64,22,0,,0,0,1,22.1,26,20,14,7,8,0,21,3,0,0,108,1.522,10.5,2.8,3.2,8.5,2.63,,player.fcgi?id=allen-005jos
Aaron Beasley*,21,2021,Duke,0,0,,4.26,6,0,,0,0,0,6.1,11,6,3,0,0,0,6,1,0,1,32,1.737,15.6,0,0,8.5,,,player.fcgi?id=beasle000aar
Adam Boucher,19,2021,Duke,0,0,,13.5,3,0,,0,0,0,1.1,0,2,2,0,5,0,1,0,0,1,8,3.75,0,0,33.8,6.8,0.2,,player.fcgi?id=bouche000ada
Richard Brereton,23,2021,Duke,1,0,1,7.02,12,2,,0,0,0,16.2,23,13,13,3,10,0,25,1,0,1,85,1.98,12.4,1.6,5.4,13.5,2.5,,player.fcgi?id=breret000ric
Jack Carey,21,2021,Duke,4,3,0.571,5.24,15,15,,0,0,0,68.2,68,42,40,4,25,0,69,10,0,10,305,1.354,8.9,0.5,3.3,9,2.76,,player.fcgi?id=carey-001jac
Nick Conte,19,2021,Duke,2,1,0.667,5.4,10,0,,0,0,0,10,6,8,6,0,8,0,15,3,0,3,47,1.4,5.4,0,7.2,13.5,1.88,,player.fcgi?id=conte-003nic
Matt Dockman*,22,2021,Duke,1,1,0.5,4.8,21,0,,0,0,0,30,27,18,16,7,16,1,35,3,1,3,136,1.433,8.1,2.1,4.8,10.5,2.19,,player.fcgi?id=dockma000mat
Luke Fox*,19,2021,Duke,2,2,0.5,3.05,20,9,,0,0,0,56,59,31,19,4,15,1,76,8,0,3,247,1.321,9.5,0.6,2.4,12.2,5.07,,player.fcgi?id=fox---001luk
Jay Gamboa,23,2021,Duke,0,0,,0,1,0,,0,0,0,0.2,2,0,0,0,1,0,1,0,0,0,5,4.5,27,0,13.5,13.5,1,,player.fcgi?id=gamboa000jay
Marcus Johnson,20,2021,Duke,5,3,0.625,3.05,30,0,,0,0,7,56,40,22,19,7,12,1,59,4,0,2,223,0.929,6.4,1.1,1.9,9.5,4.92,,player.fcgi?id=johnso027mar
Jimmy Loper,21,2021,Duke,3,1,0.75,3,25,0,,0,0,5,45,46,18,15,3,12,0,43,3,0,2,193,1.289,9.2,0.6,2.4,8.6,3.58,,player.fcgi?id=loper-000jim
Mason Manriquez,19,2021,Duke,0,0,,4.5,2,0,,0,0,0,2,1,1,1,0,5,0,0,0,0,0,11,3,4.5,0,22.5,0,0,,player.fcgi?id=manriq000mas
Oliver McCarthy*,21,2021,Duke,0,0,,6.35,8,0,,0,0,1,11.1,12,11,8,1,9,0,11,4,0,0,59,1.853,9.5,0.8,7.1,8.7,1.22,,player.fcgi?id=mccart000oli
Josh Nifong,22,2021,Duke,2,3,0.4,5.27,13,4,,0,0,0,27.1,30,17,16,4,17,0,26,1,1,4,125,1.72,9.9,1.3,5.6,8.6,1.53,,player.fcgi?id=nifong000jos
Kyle Salley*,21,2021,Duke,0,0,,8.1,3,0,,0,0,0,3.1,2,3,3,0,6,0,4,1,0,2,19,2.4,5.4,0,16.2,10.8,0.67,,player.fcgi?id=salley000kyl
Billy Seidl,21,2021,Duke,4,0,1,6.12,17,4,,0,0,0,25,22,17,17,6,6,0,34,7,0,2,108,1.12,7.9,2.2,2.2,12.2,5.67,,player.fcgi?id=seidl-000bil
Colten Smith,20,2021,Duke,0,0,,18.69,3,0,,0,0,0,4.1,10,9,9,4,2,1,6,1,0,0,26,2.769,20.8,8.3,4.2,12.5,3,,player.fcgi?id=smith-017col
Cooper Stinson,21,2021,Duke,3,4,0.429,6.12,15,15,,0,0,0,60.1,49,44,41,8,34,0,50,14,0,4,273,1.376,7.3,1.2,5.1,7.5,1.47,,player.fcgi?id=stinso000coo
Henry Williams,19,2021,Duke,3,3,0.5,3.65,8,6,,0,0,0,37,37,20,15,4,10,0,45,3,2,4,158,1.27,9,1,2.4,10.9,4.5,,player.fcgi?id=willia007hen
Oren Abbott*,18,2022,Duke,0,0,,11.57,3,0,,0,0,0,2.1,3,4,3,0,2,0,2,3,0,0,16,2.143,11.6,0,7.7,7.7,1,,player.fcgi?id=abbott000ore
Josh Allen*,20,2022,Duke,1,3,0.25,6.52,27,0,,0,0,1,38.2,42,31,28,8,18,3,48,8,0,2,182,1.552,9.8,1.9,4.2,11.2,2.67,,player.fcgi?id=allen-005jos
Aaron Beasley*,22,2022,Duke,1,0,1,4.71,21,3,,0,0,0,28.2,32,17,15,4,8,0,28,2,0,1,127,1.395,10,1.3,2.5,8.8,3.5,,player.fcgi?id=beasle000aar
Adam Boucher,20,2022,Duke,3,2,0.6,4.29,21,1,,0,0,0,35.2,27,17,17,3,20,1,50,1,0,4,153,1.318,6.8,0.8,5,12.6,2.5,,player.fcgi?id=bouche000ada
Nick Conte,20,2022,Duke,0,0,,11.57,3,0,,0,0,0,2.1,3,4,3,0,4,0,0,0,0,1,14,3,11.6,0,15.4,0,0,,player.fcgi?id=conte-003nic
Matt Dockman*,23,2022,Duke,0,1,0,5,13,0,,0,0,0,18,18,12,10,2,9,0,12,1,0,0,78,1.5,9,1,4.5,6,1.33,,player.fcgi?id=dockma000mat
Michael Foltz*,21,2022,Duke,0,0,,12,6,0,,0,0,0,3,5,5,4,0,4,0,2,2,0,3,21,3,15,0,12,6,0.5,,player.fcgi?id=foltz-000mic
Luke Fox*,20,2022,Duke,4,5,0.444,6.54,15,8,,0,0,2,52.1,54,43,38,7,32,1,66,10,0,6,253,1.643,9.3,1.2,5.5,11.4,2.06,,player.fcgi?id=fox---001luk
Ryan Higgins,19,2022,Duke,1,0,1,4.82,10,0,,0,0,0,9.1,11,7,5,0,8,0,11,0,0,4,46,2.036,10.6,0,7.7,10.6,1.38,,player.fcgi?id=higgin001rya
Marcus Johnson,21,2022,Duke,1,8,0.111,5.61,13,12,,0,0,0,69,80,50,43,16,25,2,76,2,0,4,319,1.522,10.4,2.1,3.3,9.9,3.04,,player.fcgi?id=johnso027mar
Jimmy Loper,22,2022,Duke,3,3,0.5,4.44,24,0,,0,0,5,48.2,45,27,24,4,17,2,64,4,0,5,213,1.274,8.3,0.7,3.1,11.8,3.76,,player.fcgi?id=loper-000jim
Caleb McRoy*,22,2022,Duke,1,0,1,11.57,6,0,,0,0,0,4.2,3,7,6,0,6,0,9,1,0,1,26,1.929,5.8,0,11.6,17.4,1.5,,player.fcgi?id=mcroy-000cal
John Natoli,24,2022,Duke,0,0,,5.81,20,0,,0,0,0,26.1,22,19,17,2,17,0,30,4,0,1,120,1.481,7.5,0.7,5.8,10.3,1.76,,player.fcgi?id=natoli002joh
Josh Nifong,23,2022,Duke,0,0,,67.5,2,0,,0,0,0,0.2,4,5,5,0,3,0,2,0,0,0,9,10.5,54,0,40.5,27,0.67,,player.fcgi?id=nifong000jos
Fran Oschell,19,2022,Duke,0,0,,10.29,7,0,,0,0,0,7,10,9,8,1,6,0,6,4,0,2,39,2.286,12.9,1.3,7.7,7.7,1,,player.fcgi?id=oschel000fra
Jonathan Santucci*,19,2022,Duke,2,3,0.4,4.17,20,7,,0,0,0,41,32,22,19,4,20,1,58,3,0,7,178,1.268,7,0.9,4.4,12.7,2.9,,player.fcgi?id=santuc000jon
Billy Seidl,22,2022,Duke,2,5,0.286,6.8,17,9,,0,0,1,43.2,38,34,33,9,34,0,55,9,1,9,208,1.649,7.8,1.9,7,11.3,1.62,,player.fcgi?id=seidl-000bil
Colten Smith,21,2022,Duke,0,0,,12,5,0,,0,0,0,3,5,4,4,0,5,0,3,2,0,0,21,3.333,15,0,15,9,0.6,,player.fcgi?id=smith-017col
Cooper Stinson,22,2022,Duke,3,2,0.6,7.01,14,14,,0,0,0,43.2,51,34,34,12,14,0,41,11,1,3,206,1.489,10.5,2.5,2.9,8.5,2.93,,player.fcgi?id=stinso000coo
Aaron Beasley*,23,2023,Duke,0,0,,6.29,23,0,,0,0,0,24.1,34,20,17,5,7,0,29,1,0,0,117,1.685,12.6,1.8,2.6,10.7,4.14,,player.fcgi?id=beasle000aar
Charlie Beilenson,23,2023,Duke,6,3,0.667,3.86,39,0,,0,0,0,60.2,56,33,26,2,21,0,78,7,0,4,264,1.269,8.3,0.3,3.1,11.6,3.71,,player.fcgi?id=beilen000cha
David Boisvert,20,2023,Duke,0,0,,81,1,0,,0,0,0,0.1,3,3,3,0,1,0,0,0,0,0,5,12,81,0,27,0,0,,player.fcgi?id=boisve000dav
Collin Bosley-Smith,21,2023,Duke,0,0,,9,3,0,,0,0,0,2,1,3,2,1,2,0,2,2,0,2,11,1.5,4.5,4.5,9,9,1,,player.fcgi?id=bosley000col
Adam Boucher,21,2023,Duke,1,0,1,4.95,29,5,,0,0,0,40,33,23,22,5,25,0,59,2,0,3,175,1.45,7.4,1.1,5.6,13.3,2.36,,player.fcgi?id=bouche000ada
Alex Gow,24,2023,Duke,3,4,0.429,4.95,17,17,,0,0,0,63.2,54,40,35,8,28,0,69,6,1,7,279,1.288,7.6,1.1,4,9.8,2.46,,player.fcgi?id=gow---000ale
Edward Hart*,19,2023,Duke,1,1,0.5,7.8,16,0,,0,0,0,15,22,16,13,3,7,1,16,0,4,1,72,1.933,13.2,1.8,4.2,9.6,2.29,,player.fcgi?id=hart--005edw
Andrew Healy*,19,2023,Duke,5,1,0.833,2.32,19,11,,0,0,0,42.2,40,19,11,1,7,0,45,9,1,3,182,1.102,8.4,0.2,1.5,9.5,6.43,,player.fcgi?id=healy-000and
Ryan Higgins,20,2023,Duke,3,1,0.75,4.04,18,10,,0,0,0,42.1,34,21,19,5,15,0,32,5,0,1,177,1.157,7.2,1.1,3.2,6.8,2.13,,player.fcgi?id=higgin001rya
Caleb McRoy*,23,2023,Duke,0,0,,3.86,3,0,,0,0,0,2.1,1,1,1,0,5,0,5,0,0,1,13,2.571,3.9,0,19.3,19.3,1,,player.fcgi?id=mcroy-000cal
Gabe Nard,19,2023,Duke,0,1,0,5.33,22,0,,0,0,0,27,30,18,16,2,16,0,22,7,0,1,129,1.704,10,0.7,5.3,7.3,1.38,,player.fcgi?id=nard--000gab
Fran Oschell,20,2023,Duke,6,0,1,0.69,22,0,,0,0,0,39.1,18,4,3,1,18,0,66,5,0,3,159,0.915,4.1,0.2,4.1,15.1,3.67,,player.fcgi?id=oschel000fra
Owen Proksch*,19,2023,Duke,4,3,0.571,4.5,33,0,,0,0,0,42,36,21,21,4,21,0,44,8,0,6,187,1.357,7.7,0.9,4.5,9.4,2.1,,player.fcgi?id=proksc000owe
Jimmy Romano,20,2023,Duke,1,1,0.5,6,16,0,,0,0,0,12,14,10,8,3,8,2,13,0,0,7,57,1.833,10.5,2.3,6,9.8,1.63,,player.fcgi?id=romano002jim
Jonathan Santucci*,20,2023,Duke,2,2,0.5,4.3,7,7,,0,0,0,29.1,27,14,14,4,16,0,50,1,0,1,128,1.466,8.3,1.2,4.9,15.3,3.13,,player.fcgi?id=santuc000jon
James Tallon*,19,2023,Duke,1,1,0.5,1.64,23,0,,0,0,12,33,22,12,6,4,11,0,54,3,0,1,135,1,6,1.1,3,14.7,4.91,,player.fcgi?id=tallon000jam
Kassius Thomas,19,2023,Duke,0,0,,3.38,6,1,,0,0,0,5.1,4,2,2,0,8,0,11,1,0,2,27,2.25,6.8,0,13.5,18.6,1.38,,player.fcgi?id=thomas000kas
Aidan Weaver,19,2023,Duke,3,3,0.5,4.86,24,3,,0,0,0,33.1,30,20,18,3,22,1,36,2,0,2,152,1.56,8.1,0.8,5.9,9.7,1.64,,player.fcgi?id=weaver000aid
Jason White,23,2023,Duke,2,3,0.4,5.85,26,9,,0,0,0,47.2,51,34,31,7,20,1,44,8,0,0,220,1.49,9.6,1.3,3.8,8.3,2.2,,player.fcgi?id=white-003jas
Josh Allen*,22,2024,Duke,0,0,,4.91,10,0,,0,0,0,7.1,4,5,4,1,10,0,6,2,0,0,37,1.909,4.9,1.2,12.3,7.4,0.6,,player.fcgi?id=allen-005jos
Charlie Beilenson,24,2024,Duke,7,3,0.7,2.01,34,0,,0,0,12,62.2,42,19,14,6,18,2,92,3,0,5,253,0.957,6,0.9,2.6,13.2,5.11,,player.fcgi?id=beilen000cha
David Boisvert,21,2024,Duke,2,1,0.667,2.16,18,4,,0,0,0,25,13,7,6,1,10,0,26,4,0,1,101,0.92,4.7,0.4,3.6,9.4,2.6,,player.fcgi?id=boisve000dav
Nick Conte,22,2024,Duke,1,0,1,4.5,7,0,,0,0,0,6,5,3,3,1,4,0,8,1,0,0,27,1.5,7.5,1.5,6,12,2,,player.fcgi?id=conte-003nic
Jackson Emus,23,2024,Duke,0,1,0,8.66,15,1,,0,0,0,17.2,17,18,17,5,12,0,31,7,0,2,90,1.642,8.7,2.5,6.1,15.8,2.58,,player.fcgi?id=emus--000jac
Edward Hart*,20,2024,Duke,1,0,1,8.38,14,0,,0,0,0,9.2,11,11,9,2,5,0,9,1,1,0,47,1.655,10.2,1.9,4.7,8.4,1.8,,player.fcgi?id=hart--005edw
Andrew Healy*,20,2024,Duke,3,1,0.75,3.76,12,12,,0,0,0,40.2,32,18,17,5,17,0,42,3,0,5,170,1.205,7.1,1.1,3.8,9.3,2.47,,player.fcgi?id=healy-000and
Ryan Higgins,21,2024,Duke,2,2,0.5,5.96,22,7,,0,0,0,48.1,36,33,32,6,27,0,54,3,0,3,205,1.303,6.7,1.1,5,10.1,2,,player.fcgi?id=higgin001rya
Kyle Johnson*,19,2024,Duke,4,1,0.8,4.38,15,10,,0,0,0,49.1,44,25,24,9,19,0,53,3,0,1,210,1.277,8,1.6,3.5,9.7,2.79,,player.fcgi?id=johnso020kyl
Gabe Nard,20,2024,Duke,3,2,0.6,2.6,30,1,,0,0,0,45,42,16,13,1,20,1,34,1,1,2,195,1.378,8.4,0.2,4,6.8,1.7,,player.fcgi?id=nard--000gab
Tim Noone*,24,2024,Duke,4,3,0.571,5.11,23,8,,0,0,0,44,41,27,25,6,13,0,43,8,1,1,190,1.227,8.4,1.2,2.7,8.8,3.31,,player.fcgi?id=noone-000tim
Fran Oschell,21,2024,Duke,0,3,0,6.94,22,1,,0,0,0,23.1,16,20,18,0,28,0,22,8,0,4,121,1.886,6.2,0,10.8,8.5,0.79,,player.fcgi?id=oschel000fra
Owen Proksch*,20,2024,Duke,3,0,1,6.1,22,0,,0,0,0,20.2,21,15,14,4,16,0,19,5,0,4,103,1.79,9.1,1.7,7,8.3,1.19,,player.fcgi?id=proksc000owe
James Raidt,19,2024,Duke,0,0,,0,2,0,,0,0,0,1.2,0,0,0,0,2,0,1,1,0,0,8,1.2,0,0,10.8,5.4,0.5,,player.fcgi?id=raidt-000jam
Jimmy Romano,21,2024,Duke,1,1,0.5,3.91,29,0,,0,0,0,25.1,22,12,11,1,10,0,34,8,0,4,112,1.263,7.8,0.4,3.6,12.1,3.4,,player.fcgi?id=romano002jim
Jonathan Santucci*,21,2024,Duke,6,1,0.857,3.41,13,13,,0,0,0,58,40,27,22,4,36,0,90,4,0,8,257,1.31,6.2,0.6,5.6,14,2.5,,player.fcgi?id=santuc000jon
James Tallon*,20,2024,Duke,2,0,1,5.29,24,1,,0,0,0,32.1,27,20,19,5,18,1,37,1,1,2,140,1.392,7.5,1.4,5,10.3,2.06,,player.fcgi?id=tallon000jam
Aidan Weaver,20,2024,Duke,1,1,0.5,17.18,9,2,,0,0,0,7.1,13,16,14,3,13,0,11,4,0,5,56,3.545,16,3.7,16,13.5,0.85,,player.fcgi?id=weaver000aid
Collins Black,19,2025,Duke,0,0,,8.68,8,0,,0,0,0,9.1,11,9,9,1,5,0,18,1,0,1,44,1.714,10.6,1,4.8,17.4,3.6,,player.fcgi?id=black-003col
David Boisvert,22,2025,Duke,0,0,,0,4,1,,0,0,0,2,3,2,0,0,0,0,1,4,0,0,14,1.5,13.5,0,0,4.5,,,player.fcgi?id=boisve000dav
Bryce Brannon,19,2025,Duke,0,0,,21.6,2,0,,0,0,0,1.2,4,4,4,1,1,0,2,2,0,1,12,3,21.6,5.4,5.4,10.8,2,,player.fcgi?id=branno000bry
Gavin Brown*,24,2025,Duke,1,0,1,3.31,16,1,,0,0,0,16.1,15,6,6,0,6,0,14,3,0,2,70,1.286,8.3,0,3.3,7.7,2.33,,player.fcgi?id=brown-005gav
Ryan Calvert,23,2025,Duke,3,0,1,6.35,27,0,,0,0,0,34,36,24,24,8,10,0,30,3,0,5,146,1.353,9.5,2.1,2.6,7.9,3,,player.fcgi?id=calver000rya
Roman DiGiacomo,21,2025,Duke,0,0,,0,5,0,,0,0,0,5.1,1,0,0,0,3,0,6,1,0,0,20,0.75,1.7,0,5.1,10.1,2,,player.fcgi?id=digiac000rom
Reid Easterly*,23,2025,Duke,9,3,0.75,3.04,37,0,,0,0,5,74,64,34,25,6,17,1,66,9,0,7,312,1.095,7.8,0.7,2.1,8,3.88,,player.fcgi?id=easter000rei
Edward Hart*,21,2025,Duke,1,0,1,5.06,14,0,,0,0,0,10.2,9,7,6,0,4,0,9,2,0,0,44,1.219,7.6,0,3.4,7.6,2.25,,player.fcgi?id=hart--005edw
Andrew Healy*,21,2025,Duke,3,3,0.5,7.29,13,13,,0,0,0,42,45,41,34,7,18,0,37,8,0,4,195,1.5,9.6,1.5,3.9,7.9,2.06,,player.fcgi?id=healy-000and
Jack Hedrick,19,2025,Duke,0,0,,18,4,0,,0,0,0,3,11,6,6,3,2,0,4,0,0,1,22,4.333,33,9,6,12,2,,player.fcgi?id=hedric002jac
Ryan Higgins,22,2025,Duke,1,1,0.5,6.12,15,5,,0,0,0,25,26,18,17,8,15,1,30,6,0,1,122,1.64,9.4,2.9,5.4,10.8,2,,player.fcgi?id=higgin001rya
Mark Hindy*,23,2025,Duke,1,0,1,4.66,26,0,,0,0,0,29,24,15,15,3,15,0,38,4,0,1,128,1.345,7.4,0.9,4.7,11.8,2.53,,player.fcgi?id=hindy-002mar
Kyle Johnson*,20,2025,Duke,4,4,0.5,7.19,19,11,,0,0,0,41.1,43,36,33,13,26,0,43,9,0,2,199,1.669,9.4,2.8,5.7,9.4,1.65,,player.fcgi?id=johnso020kyl
Marcello Mastroianni*,20,2025,Duke,0,0,,0,2,0,,0,0,0,1.2,1,1,0,0,2,0,2,0,0,0,7,1.8,5.4,0,10.8,10.8,1,,player.fcgi?id=mastro001mar
Gabe Nard,21,2025,Duke,6,2,0.75,4.62,29,2,,0,0,0,50.2,49,31,26,5,17,0,45,7,0,5,229,1.303,8.7,0.9,3,8,2.65,,player.fcgi?id=nard--000gab
Owen Proksch*,21,2025,Duke,4,3,0.571,4.68,19,12,,0,0,1,65.1,54,35,34,9,28,0,91,18,0,6,290,1.255,7.4,1.2,3.9,12.5,3.25,,player.fcgi?id=proksc000owe
Max Stammel*,19,2025,Duke,0,1,0,4.09,18,1,,0,0,0,22,19,11,10,3,12,0,25,1,0,0,101,1.409,7.8,1.2,4.9,10.2,2.08,,player.fcgi?id=stamme000max
James Tallon*,21,2025,Duke,1,2,0.333,3.96,21,3,,0,0,2,36.1,27,18,16,6,19,1,50,7,0,0,160,1.266,6.7,1.5,4.7,12.4,2.63,,player.fcgi?id=tallon000jam
Aidan Weaver,21,2025,Duke,2,0,1,4.91,10,2,,0,0,0,14.2,12,11,8,1,12,0,10,2,0,5,68,1.636,7.4,0.6,7.4,6.1,0.83,,player.fcgi?id=weaver000aid
Henry Zatkowski*,18,2025,Duke,5,2,0.714,4.83,21,11,,0,0,0,59.2,65,43,32,9,12,0,58,7,0,0,262,1.291,9.8,1.4,1.8,8.7,4.83,,player.fcgi?id=zatkow000hen
Ryan Ashooh?,--,2011,Virginia,,,,6,,0,,,0,,3,5,2,2,,0,,2,,,,,1.667,15,,0,6,,,player.fcgi?id=ashooh000rya
Kyle Crockett*,19,2011,Virginia,,,,1.97,,1,,,0,,32,27,9,7,,9,,32,,,,,1.125,7.6,,2.5,9,3.56,,player.fcgi?id=crocke000kyl
Shane Halley,21,2011,Virginia,,,,4.73,,0,,,0,,13.1,6,7,7,,7,,18,,,,,0.975,4.1,,4.7,12.2,2.57,,player.fcgi?id=halley000sha
Danny Hultzen*,21,2011,Virginia,,,,1.37,,18,,,0,,118,76,26,18,,23,,165,,,,,0.839,5.8,,1.8,12.6,7.17,,player.fcgi?id=hultze001dan
Corey Hunt?,--,2011,Virginia,,,,2.81,,0,,,0,,16,13,5,5,,3,,13,,,,,1,7.3,,1.7,7.3,4.33,,player.fcgi?id=hunt--001cor
Branden Kline,19,2011,Virginia,,,,1.88,,0,,,0,,43,30,12,9,,22,,56,,,,,1.209,6.3,,4.6,11.7,2.55,,player.fcgi?id=kline-001bra
Artie Lewicki,19,2011,Virginia,,,,0.9,,0,,,0,,10,1,1,1,,6,,10,,,,,0.7,0.9,,5.4,9,1.67,,player.fcgi?id=lewick000art
Whit Mayberry,21,2011,Virginia,,,,3,,2,,,0,,33,35,12,11,,7,,32,,,,,1.273,9.5,,1.9,8.7,4.57,,player.fcgi?id=mayber000whi
Chad O'Connor?,--,2011,Virginia,,,,0,,0,,,0,,2.1,0,0,0,,0,,1,,,,,0,0,,0,3.9,,,player.fcgi?id=oconno003cha
Will Roberts,20,2011,Virginia,,,,1.76,,17,,,3,,107.1,80,27,21,,14,,93,,,,,0.876,6.7,,1.2,7.8,6.64,,player.fcgi?id=robert019wil
Scott Silverstein*,21,2011,Virginia,,,,3.6,,1,,,0,,15,17,7,6,,5,,11,,,,,1.467,10.2,,3,6.6,2.2,,player.fcgi?id=silver001ron
Aaron Stull?,--,2011,Virginia,,,,0,,0,,,0,,2,0,0,0,,0,,2,,,,,0,0,,0,9,,,player.fcgi?id=stull-000aar
Justin Thompson,21,2011,Virginia,,,,3.46,,0,,,0,,39,39,17,15,,13,,41,,,,,1.333,9,,3,9.5,3.15,,player.fcgi?id=thomps002jus
Tyler Wilson,21,2011,Virginia,,,,2.23,,16,,,0,,105,75,29,26,,22,,124,,,,,0.924,6.4,,1.9,10.6,5.64,,player.fcgi?id=wilson005phi
Cody Winiarski,21,2011,Virginia,,,,2.92,,13,,,0,,77,60,28,25,,23,,58,,,,,1.078,7,,2.7,6.8,2.52,,player.fcgi?id=winiar001cod
Austin Young,19,2011,Virginia,,,,0,,0,,,0,,5.1,1,0,0,,1,,6,,,,,0.375,1.7,,1.7,10.1,6,,player.fcgi?id=young-000aus
Nate Abel*,19,2012,Virginia,0,0,,5.06,7,0,,,0,0,5.1,5,5,3,0,4,0,4,1,0,2,27,1.688,8.4,0,6.8,6.8,1,,player.fcgi?id=abel--001nat
Ryan Ashooh?,--,2012,Virginia,0,0,,10.8,3,0,,,0,0,1.2,3,2,2,0,3,0,0,0,0,0,10,3.6,16.2,0,16.2,0,0,,player.fcgi?id=ashooh000rya
Kyle Crockett*,20,2012,Virginia,5,2,0.714,2.25,32,2,,,0,0,60,44,22,15,0,12,0,57,8,0,2,243,0.933,6.6,0,1.8,8.6,4.75,,player.fcgi?id=crocke000kyl
Shane Halley,22,2012,Virginia,9,2,0.818,2.15,22,3,,,0,0,50.1,32,14,12,2,19,0,46,3,0,1,198,1.013,5.7,0.4,3.4,8.2,2.42,,player.fcgi?id=halley000sha
Nick Howard,19,2012,Virginia,3,0,1,2.81,19,0,,,0,0,41.2,34,15,13,1,12,1,37,2,0,3,170,1.104,7.3,0.2,2.6,8,3.08,,player.fcgi?id=howard000nic
Branden Kline,20,2012,Virginia,7,3,0.7,3.56,16,15,,,0,0,93.2,85,51,37,4,43,1,94,8,1,7,413,1.367,8.2,0.4,4.1,9,2.19,,player.fcgi?id=kline-001bra
Artie Lewicki,20,2012,Virginia,4,3,0.571,3.82,16,13,,,0,0,77.2,69,41,33,3,22,1,50,8,4,3,330,1.172,8,0.3,2.5,5.8,2.27,,player.fcgi?id=lewick000art
Whit Mayberry,22,2012,Virginia,2,0,1,3.67,5,5,,,0,0,27,31,11,11,2,6,0,24,1,0,0,109,1.37,10.3,0.7,2,8,4,,player.fcgi?id=mayber000whi
Barrett O'Neill?,--,2012,Virginia,2,0,1,5.23,10,4,,,0,0,20.2,30,13,12,1,5,0,15,3,0,1,94,1.694,13.1,0.4,2.2,6.5,3,,player.fcgi?id=oneill000bar
Scott Silverstein*,22,2012,Virginia,2,5,0.286,4.48,15,15,,,0,0,64.1,59,41,32,5,32,0,43,7,0,2,289,1.415,8.3,0.7,4.5,6,1.34,,player.fcgi?id=silver001ron
Justin Thompson,22,2012,Virginia,4,3,0.571,2.27,34,0,,,0,12,39.2,34,12,10,2,14,2,37,2,0,0,164,1.21,7.7,0.5,3.2,8.4,2.64,,player.fcgi?id=thomps002jus
Austin Young,20,2012,Virginia,1,1,0.5,4.86,21,0,,,0,0,33.1,31,20,18,5,8,0,30,3,0,1,140,1.17,8.4,1.4,2.2,8.1,3.75,,player.fcgi?id=young-000aus
Nate Abel*,20,2013,Virginia,0,0,,6.43,6,0,,,0,0,7,6,5,5,1,6,0,6,0,1,2,32,1.714,7.7,1.3,7.7,7.7,1,,player.fcgi?id=abel--001nat
Kyle Crockett*,21,2013,Virginia,4,1,0.8,1.7,29,0,,,0,12,58.1,42,13,11,0,7,4,71,3,0,3,224,0.84,6.5,0,1.1,11,10.14,,player.fcgi?id=crocke000kyl
Kevin Doherty*,--,2013,Virginia,0,0,,0,3,0,,,0,0,3.2,2,0,0,0,1,0,3,0,0,0,14,0.818,4.9,0,2.5,7.4,3,,player.fcgi?id=dohert000kev
Nick Howard,20,2013,Virginia,6,4,0.6,3.38,13,12,,,0,0,61.1,67,31,23,2,15,0,52,4,0,2,273,1.337,9.8,0.3,2.2,7.6,3.47,,player.fcgi?id=howard000nic
Nathan Kirby*,19,2013,Virginia,4,1,0.8,6.06,24,2,,,0,0,32.2,43,26,22,2,13,1,37,3,0,4,156,1.714,11.8,0.6,3.6,10.2,2.85,,player.fcgi?id=kirby-000nat
Artie Lewicki,21,2013,Virginia,0,1,0,13.5,2,2,,,0,0,2,3,4,3,0,3,0,0,0,0,0,12,3,13.5,0,13.5,0,0,,player.fcgi?id=lewick000art
Brett Lisle?,--,2013,Virginia,0,0,,0,2,0,,,0,0,1.1,0,0,0,0,0,0,0,1,0,0,4,0,0,0,0,0,,,player.fcgi?id=lisle-000bre
Whit Mayberry,23,2013,Virginia,4,0,1,2.45,22,4,,,0,2,51.1,44,18,14,1,9,0,34,3,0,3,203,1.032,7.7,0.2,1.6,6,3.78,,player.fcgi?id=mayber000whi
Trey Oest,19,2013,Virginia,5,0,1,4.28,12,7,,,0,0,40,36,19,19,3,12,0,30,0,0,4,163,1.2,8.1,0.7,2.7,6.8,2.5,,player.fcgi?id=oest--000tre
David Rosenberger*,19,2013,Virginia,3,0,1,1.38,20,0,,,0,0,32.2,31,8,5,1,3,0,23,0,0,1,130,1.041,8.5,0.3,0.8,6.3,7.67,,player.fcgi?id=rosenb000dav
Josh Sborz,19,2013,Virginia,3,0,1,1.98,30,3,,,0,2,50,37,15,11,1,12,0,47,3,1,3,200,0.98,6.7,0.2,2.2,8.5,3.92,,player.fcgi?id=sborz-000jos
Scott Silverstein*,23,2013,Virginia,10,2,0.833,3.15,16,16,,,0,0,91.1,93,43,32,3,28,1,70,4,1,2,394,1.325,9.2,0.3,2.8,6.9,2.5,,player.fcgi?id=silver001ron
Cameron Tekker,19,2013,Virginia,0,0,,2.08,4,0,,,0,0,4.1,3,1,1,0,2,0,4,0,0,0,18,1.154,6.2,0,4.2,8.3,2,,player.fcgi?id=tekker000cam
Brandon Waddell*,19,2013,Virginia,6,3,0.667,3.96,16,16,,,0,0,88.2,100,54,39,5,23,1,84,5,1,4,398,1.387,10.2,0.5,2.3,8.5,3.65,,player.fcgi?id=waddel000bra
Austin Young,21,2013,Virginia,5,0,1,2.25,28,0,,,0,0,32,22,9,8,2,12,0,32,3,0,0,133,1.063,6.2,0.6,3.4,9,2.67,,player.fcgi?id=young-000aus
Alec Bettinger,18,2014,Virginia,6,0,1,1.23,11,6,,,0,0,36.2,24,5,5,0,15,0,32,3,0,1,149,1.064,5.9,0,3.7,7.9,2.13,,player.fcgi?id=bettin000ale
Adam Bleday*,19,2014,Virginia,0,0,,9,1,0,,,0,0,2,4,2,2,0,1,0,2,0,0,0,10,2.5,18,0,4.5,9,2,,player.fcgi?id=bleday000ada
Kevin Doherty*,--,2014,Virginia,0,0,,3.09,10,0,,,0,0,11.2,7,6,4,0,7,0,6,1,0,0,49,1.2,5.4,0,5.4,4.6,0.86,,player.fcgi?id=dohert000kev
Nick Howard,21,2014,Virginia,2,2,0.5,1.91,31,0,,,0,20,37.2,23,9,8,3,14,2,60,0,0,4,148,0.982,5.5,0.7,3.3,14.3,4.29,,player.fcgi?id=howard000nic
Connor Jones,19,2014,Virginia,4,1,0.8,3.13,25,1,,,0,1,54.2,42,19,19,0,23,5,40,2,1,2,222,1.189,6.9,0,3.8,6.6,1.74,,player.fcgi?id=jones-002con
Nathan Kirby*,20,2014,Virginia,9,3,0.75,2.06,18,18,,,1,0,113.1,68,34,26,1,33,1,112,4,0,11,440,0.891,5.4,0.1,2.6,8.9,3.39,,player.fcgi?id=kirby-000nat
Artie Lewicki,22,2014,Virginia,8,1,0.889,1.31,16,9,,,0,1,68.2,37,15,10,3,13,0,57,5,1,2,260,0.728,4.8,0.4,1.7,7.5,4.38,,player.fcgi?id=lewick000art
Brett Lisle?,--,2014,Virginia,0,0,,10.8,4,0,,,0,0,1.2,0,2,2,0,3,0,2,2,0,0,10,1.8,0,0,16.2,10.8,0.67,,player.fcgi?id=lisle-000bre
Whit Mayberry,24,2014,Virginia,6,1,0.857,1.6,30,1,,,0,2,56.1,38,14,10,3,12,1,59,2,0,3,224,0.888,6.1,0.5,1.9,9.4,4.92,,player.fcgi?id=mayber000whi
David Rosenberger*,20,2014,Virginia,1,1,0.5,2.82,16,1,,,0,0,22.1,20,11,7,4,8,0,16,3,0,0,98,1.254,8.1,1.6,3.2,6.4,2,,player.fcgi?id=rosenb000dav
Josh Sborz,20,2014,Virginia,6,4,0.6,2.92,17,15,,,0,0,77,57,27,25,4,44,0,72,7,0,5,329,1.312,6.7,0.5,5.1,8.4,1.64,,player.fcgi?id=sborz-000jos
Cameron Tekker,20,2014,Virginia,0,0,,4.15,5,0,,,0,0,4.1,7,2,2,0,4,0,3,0,0,3,23,2.538,14.5,0,8.3,6.2,0.75,,player.fcgi?id=tekker000cam
Brandon Waddell*,20,2014,Virginia,10,3,0.769,2.45,18,18,,,0,0,114,98,35,31,5,19,0,73,7,0,1,452,1.026,7.7,0.4,1.5,5.8,3.84,,player.fcgi?id=waddel000bra
Austin Young,22,2014,Virginia,1,0,1,1.75,19,0,,,0,0,25.2,18,5,5,0,4,0,27,5,0,1,101,0.857,6.3,0,1.4,9.5,6.75,,player.fcgi?id=young-000aus
Alec Bettinger,19,2015,Virginia,5,5,0.5,5.4,27,4,,,0,3,53.1,51,35,32,5,23,2,63,9,0,2,236,1.388,8.6,0.8,3.9,10.6,2.74,,player.fcgi?id=bettin000ale
Derek Casey,19,2015,Virginia,4,1,0.8,3.06,10,6,,,0,0,32.1,27,16,11,1,13,0,27,3,1,4,133,1.237,7.5,0.3,3.6,7.5,2.08,,player.fcgi?id=casey-000der
Riley Cummins?,--,2015,Virginia,0,1,0,inf,1,0,,,0,0,0,1,2,2,0,0,0,0,1,0,0,2,,,,,,,,player.fcgi?id=cummin000ril
Kevin Doherty*,--,2015,Virginia,3,1,0.75,3.4,23,0,,,0,3,45,29,21,17,2,10,1,37,2,1,1,175,0.867,5.8,0.4,2,7.4,3.7,,player.fcgi?id=dohert000kev
Matt Doughty,19,2015,Virginia,0,0,,2.7,5,0,,,0,0,3.1,2,1,1,0,4,0,3,0,0,0,15,1.8,5.4,0,10.8,8.1,0.75,,player.fcgi?id=dought000mat
Tommy Doyle,19,2015,Virginia,1,1,0.5,3.47,16,0,,,0,0,23.1,18,11,9,3,18,0,15,3,1,1,106,1.543,6.9,1.2,6.9,5.8,0.83,,player.fcgi?id=doyle-001tom
Adam Haseley*,19,2015,Virginia,2,1,0.667,2.2,11,5,,,0,1,28.2,28,8,7,1,11,0,17,0,0,1,122,1.36,8.8,0.3,3.5,5.3,1.55,,player.fcgi?id=hasele000ada
Connor Jones,20,2015,Virginia,7,3,0.7,3.19,18,18,,,0,0,115.2,94,50,41,4,52,1,113,8,1,8,489,1.262,7.3,0.3,4,8.8,2.17,,player.fcgi?id=jones-002con
Nathan Kirby*,21,2015,Virginia,5,3,0.625,2.53,12,11,,,0,1,64,55,21,18,3,32,0,81,1,0,5,273,1.359,7.7,0.4,4.5,11.4,2.53,,player.fcgi?id=kirby-000nat
Jack Roberts,20,2015,Virginia,1,1,0.5,6.08,16,2,,,0,1,23.2,18,17,16,3,20,1,22,1,0,6,111,1.606,6.8,1.1,7.6,8.4,1.1,,player.fcgi?id=robert005jac
David Rosenberger*,21,2015,Virginia,3,0,1,5.03,18,0,,,0,1,34,45,21,19,3,10,1,19,0,0,2,154,1.618,11.9,0.8,2.6,5,1.9,,player.fcgi?id=rosenb000dav
Josh Sborz,21,2015,Virginia,7,2,0.778,1.6,33,3,,,1,15,73,41,16,13,7,25,0,62,0,0,3,283,0.904,5.1,0.9,3.1,7.6,2.48,,player.fcgi?id=sborz-000jos
Bennett Sousa*,20,2015,Virginia,1,0,1,5.14,7,0,,,0,0,7,7,4,4,0,13,0,2,1,0,2,40,2.857,9,0,16.7,2.6,0.15,,player.fcgi?id=sousa-000ben
Brandon Waddell*,21,2015,Virginia,5,5,0.5,3.93,19,19,,,0,0,110,114,57,48,4,49,1,89,12,0,9,496,1.482,9.3,0.3,4,7.3,1.82,,player.fcgi?id=waddel000bra
Alec Bettinger,20,2016,Virginia,3,5,0.375,5.43,23,8,,1,0,7,61.1,59,39,37,8,30,2,53,7,1,6,272,1.451,8.7,1.2,4.4,7.8,1.77,,player.fcgi?id=bettin000ale
Robbie Coman,22,2016,Virginia,0,0,,0,2,0,,0,0,0,2.1,2,0,0,0,0,0,2,0,0,0,9,0.857,7.7,0,0,7.7,,,player.fcgi?id=coman-000rob
Kevin Doherty*,--,2016,Virginia,1,1,0.5,4.08,26,0,,0,0,2,35.1,35,18,16,4,14,2,24,0,0,2,157,1.387,8.9,1,3.6,6.1,1.71,,player.fcgi?id=dohert000kev
Grant Donahue,18,2016,Virginia,0,0,,81,1,0,,0,0,0,0.1,2,3,3,0,1,0,0,0,0,0,4,9,54,0,27,0,0,,player.fcgi?id=donahu000gra
Tommy Doyle,20,2016,Virginia,2,6,0.25,5.13,21,7,,0,0,3,59.2,60,40,34,3,19,1,48,3,0,1,261,1.324,9.1,0.5,2.9,7.2,2.53,,player.fcgi?id=doyle-001tom
Connor Eason*,19,2016,Virginia,0,0,,15,4,2,,0,0,0,3,5,5,5,0,3,0,5,2,0,0,18,2.667,15,0,9,15,1.67,,player.fcgi?id=eason-000con
Holden Grounds,--,2016,Virginia,0,0,,2.79,6,1,,0,0,0,9.2,8,4,3,1,7,0,7,1,0,1,44,1.552,7.4,0.9,6.5,6.5,1,,player.fcgi?id=ground000hol
Chesdin Harrington,19,2016,Virginia,1,1,0.5,9,11,0,,0,0,0,11,15,11,11,1,10,0,7,2,0,2,58,2.273,12.3,0.8,8.2,5.7,0.7,,player.fcgi?id=harrin000che
Adam Haseley*,20,2016,Virginia,9,3,0.75,1.73,13,13,,1,0,0,78,54,25,15,8,21,1,48,3,0,2,312,0.962,6.2,0.9,2.4,5.5,2.29,,player.fcgi?id=hasele000ada
Connor Jones,21,2016,Virginia,11,1,0.917,2.34,15,15,,3,1,0,103.2,85,37,27,3,38,2,72,5,2,9,431,1.186,7.4,0.3,3.3,6.3,1.89,,player.fcgi?id=jones-002con
Daniel Lynch IV*,19,2016,Virginia,1,3,0.25,5.03,12,8,,0,0,0,39.1,39,27,22,3,14,0,36,8,0,1,180,1.347,8.9,0.7,3.2,8.2,2.57,,player.fcgi?id=lynch-005dan
Jack Roberts,21,2016,Virginia,0,0,,3.26,15,0,,0,0,0,19.1,7,8,7,2,19,0,24,1,0,2,83,1.345,3.3,0.9,8.8,11.2,1.26,,player.fcgi?id=robert005jac
David Rosenberger*,22,2016,Virginia,2,0,1,7.76,17,2,,0,0,0,31.1,42,31,27,7,8,0,26,3,0,5,144,1.596,12.1,2,2.3,7.5,3.25,,player.fcgi?id=rosenb000dav
Tyler Shambora?,--,2016,Virginia,5,1,0.833,3.22,24,0,,0,0,1,50.1,47,19,18,3,13,2,35,4,1,2,208,1.192,8.4,0.5,2.3,6.3,2.69,,player.fcgi?id=shambo000tyl
Bennett Sousa*,21,2016,Virginia,3,0,1,7.92,16,3,,0,0,0,25,30,25,22,1,19,0,23,1,2,6,125,1.96,10.8,0.4,6.8,8.3,1.21,,player.fcgi?id=sousa-000ben
Alec Bettinger,21,2017,Virginia,8,0,1,2.43,21,0,,0,0,1,63,38,20,17,5,31,1,71,2,3,7,258,1.095,5.4,0.7,4.4,10.1,2.29,,player.fcgi?id=bettin000ale
Derek Casey,21,2017,Virginia,5,2,0.714,3.79,14,14,,0,0,0,71.1,68,33,30,9,21,0,58,7,0,3,304,1.248,8.6,1.1,2.6,7.3,2.76,,player.fcgi?id=casey-000der
Grant Donahue,19,2017,Virginia,1,0,1,3.86,12,0,,0,0,0,14,13,8,6,0,8,1,13,3,0,3,64,1.5,8.4,0,5.1,8.4,1.63,,player.fcgi?id=donahu000gra
Tommy Doyle,21,2017,Virginia,3,1,0.75,1.87,23,0,,0,0,14,33.2,28,8,7,2,10,1,38,2,0,6,139,1.129,7.5,0.5,2.7,10.2,3.8,,player.fcgi?id=doyle-001tom
Chesdin Harrington,20,2017,Virginia,3,2,0.6,2.41,18,2,,0,0,0,37.1,21,10,10,4,12,1,38,3,0,5,148,0.884,5.1,1,2.9,9.2,3.17,,player.fcgi?id=harrin000che
Adam Haseley*,21,2017,Virginia,7,1,0.875,3.58,11,11,,0,0,0,65.1,58,30,26,11,18,0,53,6,0,1,271,1.163,8,1.5,2.5,7.3,2.94,,player.fcgi?id=hasele000ada
Daniel Lynch IV*,20,2017,Virginia,7,5,0.583,5,14,14,,1,0,0,77.1,86,52,43,7,29,0,45,1,0,2,344,1.487,10,0.8,3.4,5.2,1.55,,player.fcgi?id=lynch-005dan
Noah Murdock,18,2017,Virginia,3,1,0.75,3.32,11,7,,0,0,0,38,30,14,14,2,20,0,21,6,0,1,166,1.316,7.1,0.5,4.7,5,1.05,,player.fcgi?id=murdoc000noa
Bobby Nicholson,19,2017,Virginia,0,0,,6.28,10,1,,0,0,0,14.1,16,10,10,0,10,0,13,2,0,2,68,1.814,10,0,6.3,8.2,1.3,,player.fcgi?id=nichol001bob
Teddy Paisley,--,2017,Virginia,0,0,,0,1,0,,0,0,0,0.1,0,0,0,0,0,0,0,0,0,0,1,0,0,0,0,0,,,player.fcgi?id=paisle000ted
Jack Roberts,22,2017,Virginia,0,0,,7.04,15,0,,0,0,0,15.1,14,13,12,2,14,0,21,1,0,4,75,1.826,8.2,1.2,8.2,12.3,1.5,,player.fcgi?id=robert005jac
Tyler Shambora?,--,2017,Virginia,0,0,,10.5,6,0,,0,0,0,6,10,7,7,1,3,0,2,0,0,0,32,2.167,15,1.5,4.5,3,0.67,,player.fcgi?id=shambo000tyl
Bennett Sousa*,22,2017,Virginia,3,0,1,4.09,24,0,,0,0,0,33,25,24,15,5,15,3,44,3,0,3,140,1.212,6.8,1.4,4.1,12,2.93,,player.fcgi?id=sousa-000ben
Evan Sperling,20,2017,Virginia,3,3,0.5,7.51,15,10,,0,0,0,38.1,28,35,32,4,30,0,44,4,2,5,174,1.513,6.6,0.9,7,10.3,1.47,,player.fcgi?id=sperli000eva
Jackson Tedder*,19,2017,Virginia,0,0,,27,2,0,,0,0,0,1,3,3,3,1,2,0,1,1,0,0,9,5,27,9,18,9,0.5,,player.fcgi?id=tedder000jac
Riley Wilson*,20,2017,Virginia,0,1,0,5.52,12,0,,0,0,0,14.2,16,12,9,3,11,1,21,4,0,2,77,1.841,9.8,1.8,6.8,12.9,1.91,,player.fcgi?id=wilson000ril
Andrew Abbott*,19,2018,Virginia,3,4,0.429,3.18,24,1,,0,0,6,51,42,21,18,3,16,4,78,1,0,8,211,1.137,7.4,0.5,2.8,13.8,4.88,,player.fcgi?id=abbott000and
Derek Casey,22,2018,Virginia,7,4,0.636,3.48,14,14,,1,1,0,95.2,98,43,37,12,25,0,106,6,1,8,406,1.286,9.2,1.1,2.4,10,4.24,,player.fcgi?id=casey-000der
Grant Donahue,20,2018,Virginia,1,2,0.333,4.96,10,4,,0,0,0,16.1,14,12,9,2,9,0,13,3,0,4,76,1.408,7.7,1.1,5,7.2,1.44,,player.fcgi?id=donahu000gra
Daniel Lynch IV*,21,2018,Virginia,4,4,0.5,3.96,13,13,,0,0,0,88.2,86,45,39,11,24,0,105,4,0,9,373,1.241,8.7,1.1,2.4,10.7,4.38,,player.fcgi?id=lynch-005dan
Griff McGarry,19,2018,Virginia,0,2,0,8.15,11,2,,0,0,1,17.2,19,18,16,2,16,0,22,2,0,6,91,1.981,9.7,1,8.2,11.2,1.38,,player.fcgi?id=mcgarr000gri
Mack Meyer,24,2018,Virginia,0,0,,3.7,23,0,,0,0,0,24.1,25,13,10,4,6,0,22,9,0,4,111,1.274,9.2,1.5,2.2,8.1,3.67,,player.fcgi?id=meyer-000mac
Noah Murdock,19,2018,Virginia,2,2,0.5,5.4,5,4,,0,0,0,13.1,16,9,8,1,4,2,13,2,0,1,57,1.5,10.8,0.7,2.7,8.8,3.25,,player.fcgi?id=murdoc000noa
Bobby Nicholson,20,2018,Virginia,2,2,0.5,2.7,12,8,,0,0,0,40,26,17,12,3,17,0,34,8,0,3,168,1.075,5.9,0.7,3.8,7.7,2,,player.fcgi?id=nichol001bob
Devin Ortiz,19,2018,Virginia,1,0,1,18.9,4,0,,0,0,0,3.1,5,7,7,2,5,0,5,1,0,1,21,3,13.5,5.4,13.5,13.5,1,,player.fcgi?id=ortiz-001dev
Blake Rohm,19,2018,Virginia,0,0,,3.57,13,0,,0,0,0,17.2,16,7,7,1,8,0,13,3,0,2,77,1.358,8.2,0.5,4.1,6.6,1.63,,player.fcgi?id=rohm--000bla
Bennett Sousa*,23,2018,Virginia,5,4,0.556,5.23,23,0,,0,0,6,43,36,27,25,2,22,1,61,4,1,9,196,1.349,7.5,0.4,4.6,12.8,2.77,,player.fcgi?id=sousa-000ben
Evan Sperling,21,2018,Virginia,2,0,1,3.64,7,5,,0,0,0,29.2,19,12,12,0,13,0,43,4,0,1,124,1.079,5.8,0,3.9,13,3.31,,player.fcgi?id=sperli000eva
Kyle Whitten,19,2018,Virginia,2,1,0.667,5.81,18,3,,0,0,0,26.1,26,18,17,0,22,2,27,5,0,2,129,1.823,8.9,0,7.5,9.2,1.23,,player.fcgi?id=whitte000kyl
Riley Wilson*,21,2018,Virginia,0,0,,3.26,21,0,,0,0,0,19.1,19,10,7,1,18,2,27,5,0,4,97,1.914,8.8,0.5,8.4,12.6,1.5,,player.fcgi?id=wilson000ril
Andrew Abbott*,20,2019,Virginia,2,3,0.4,3.89,24,2,,0,0,3,44,40,23,19,2,25,7,59,3,0,2,199,1.477,8.2,0.4,5.1,12.1,2.36,,player.fcgi?id=abbott000and
Blake Bales,20,2019,Virginia,1,0,1,4.32,12,1,,0,0,0,16.2,13,8,8,1,13,0,15,1,1,3,76,1.56,7,0.5,7,8.1,1.15,,player.fcgi?id=bales-000bla
Grant Donahue,21,2019,Virginia,2,0,1,4.2,10,0,,0,0,0,15,17,7,7,0,6,0,19,6,0,6,73,1.533,10.2,0,3.6,11.4,3.17,,player.fcgi?id=donahu000gra
Chesdin Harrington,22,2019,Virginia,5,1,0.833,3.49,21,3,,0,0,0,59.1,65,27,23,7,16,1,64,1,0,9,255,1.365,9.9,1.1,2.4,9.7,4,,player.fcgi?id=harrin000che
Ben Harris*,19,2019,Virginia,0,0,,27,1,0,,0,0,0,0.2,1,2,2,0,2,0,2,2,0,0,7,4.5,13.5,0,27,27,1,,player.fcgi?id=harris009ben
Paul Kosanovich,20,2019,Virginia,4,0,1,4.85,16,1,,0,0,0,26,32,15,14,3,8,1,18,0,0,4,113,1.538,11.1,1,2.8,6.2,2.25,,player.fcgi?id=kosano000pau
Griff McGarry,20,2019,Virginia,3,5,0.375,4.56,13,11,,0,0,0,53.1,42,29,27,3,54,2,64,3,0,5,256,1.8,7.1,0.5,9.1,10.8,1.19,,player.fcgi?id=mcgarr000gri
Zach Messinger,19,2019,Virginia,2,1,0.667,4.03,16,5,,0,0,0,29,24,19,13,3,23,0,21,2,0,6,136,1.621,7.4,0.9,7.1,6.5,0.91,,player.fcgi?id=messin000zac
Noah Murdock,20,2019,Virginia,3,6,0.333,6.3,14,14,,0,0,0,74.1,92,57,52,9,33,1,69,13,1,3,356,1.682,11.1,1.1,4,8.4,2.09,,player.fcgi?id=murdoc000noa
Devin Ortiz,20,2019,Virginia,4,0,1,1.78,18,0,,0,0,1,35.1,29,8,7,1,9,2,38,3,0,2,149,1.075,7.4,0.3,2.3,9.7,4.22,,player.fcgi?id=ortiz-001dev
Billy Price*,19,2019,Virginia,0,0,,2.25,8,4,,0,0,0,12,9,3,3,0,5,1,9,0,0,2,50,1.167,6.8,0,3.8,6.8,1.8,,player.fcgi?id=price-003bil
Evan Sperling,22,2019,Virginia,0,1,0,7.56,12,3,,0,0,0,16.2,5,14,14,0,21,1,24,8,0,3,85,1.56,2.7,0,11.3,13,1.14,,player.fcgi?id=sperli000eva
Mike Vasil,19,2019,Virginia,2,6,0.25,5.93,13,12,,0,0,0,57.2,68,39,38,6,22,0,40,3,2,6,260,1.561,10.6,0.9,3.4,6.2,1.82,,player.fcgi?id=vasil-000mik
Kyle Whitten,20,2019,Virginia,3,1,0.75,5.97,27,0,,0,0,9,31.2,39,22,21,4,15,3,29,1,0,5,148,1.705,11.1,1.1,4.3,8.2,1.93,,player.fcgi?id=whitte000kyl
Riley Wilson*,22,2019,Virginia,1,0,1,3.6,24,0,,0,0,1,25,21,11,10,1,21,3,34,2,0,5,117,1.68,7.6,0.4,7.6,12.2,1.62,,player.fcgi?id=wilson000ril
Andrew Abbott*,21,2020,Virginia,3,0,1,1.35,9,0,,0,0,0,13.1,9,3,2,1,8,0,28,1,0,2,60,1.275,6.1,0.7,5.4,18.9,3.5,,player.fcgi?id=abbott000and
Jacob Baldino*,19,2020,Virginia,0,0,,18,4,0,,0,0,0,4,6,9,8,1,3,0,5,1,0,2,23,2.25,13.5,2.3,6.8,11.3,1.67,,player.fcgi?id=baldin000jac
Blake Bales,21,2020,Virginia,3,0,1,2.08,6,0,,0,0,0,8.2,8,2,2,1,3,1,9,0,0,1,35,1.269,8.3,1,3.1,9.3,3,,player.fcgi?id=bales-000bla
Chesdin Harrington,23,2020,Virginia,0,2,0,12.15,3,2,,0,0,0,6.2,17,9,9,1,3,0,8,1,1,0,41,3,23,1.4,4.1,10.8,2.67,,player.fcgi?id=harrin000che
Jake Hodorovich,20,2020,Virginia,0,0,,6.75,4,1,,0,0,0,4,5,4,3,2,0,0,3,0,0,1,19,1.25,11.3,4.5,0,6.8,,,player.fcgi?id=hodoro000jak
Jayson Hoopes,19,2020,Virginia,0,0,,10.8,2,0,,0,0,0,1.2,2,2,2,1,0,0,1,0,0,0,7,1.2,10.8,5.4,0,5.4,,,player.fcgi?id=hoopes000jay
Paul Kosanovich,21,2020,Virginia,0,0,,2.16,5,0,,0,0,0,8.1,5,3,2,0,4,0,8,0,0,0,35,1.08,5.4,0,4.3,8.6,2,,player.fcgi?id=kosano000pau
Griff McGarry,21,2020,Virginia,3,0,1,1.35,4,4,,0,0,0,20,5,3,3,0,19,0,31,2,0,5,85,1.2,2.3,0,8.6,14,1.63,,player.fcgi?id=mcgarr000gri
Zach Messinger,20,2020,Virginia,0,0,,3.29,7,2,,0,0,0,13.2,22,7,5,1,3,0,22,1,0,2,66,1.829,14.5,0.7,2,14.5,7.33,,player.fcgi?id=messin000zac
Brandon Neeck*,20,2020,Virginia,0,0,,4.5,3,0,,0,0,0,2,2,1,1,0,4,0,4,1,0,3,14,3,9,0,18,18,1,,player.fcgi?id=neeck-000bra
Billy Price*,20,2020,Virginia,0,0,,0,2,0,,0,0,0,3,1,0,0,0,1,0,2,0,0,0,10,0.667,3,0,3,6,2,,player.fcgi?id=price-003bil
Cristian Sanchez,20,2020,Virginia,0,0,,18,2,0,,0,0,0,2,2,4,4,0,2,0,1,2,0,1,12,2,9,0,9,4.5,0.5,,player.fcgi?id=sanche002cri
Nate Savino*,18,2020,Virginia,1,0,1,3.38,4,3,,0,0,0,10.2,8,6,4,0,5,0,10,2,0,3,49,1.219,6.8,0,4.2,8.4,2,,player.fcgi?id=savino000nat
Stephen Schoch,23,2020,Virginia,1,1,0.5,1.62,11,0,,0,0,5,16.2,10,3,3,1,5,0,24,1,0,1,67,0.9,5.4,0.5,2.7,13,4.8,,player.fcgi?id=schoch000ste
Evan Sperling,23,2020,Virginia,0,0,,6,4,0,,0,0,0,3,3,4,2,0,3,0,3,2,0,1,18,2,9,0,9,9,1,,player.fcgi?id=sperli000eva
Mike Vasil,20,2020,Virginia,2,0,1,2.45,4,4,,0,0,0,22,21,6,6,2,10,1,23,2,0,0,95,1.409,8.6,0.8,4.1,9.4,2.3,,player.fcgi?id=vasil-000mik
Kyle Whitten,21,2020,Virginia,0,1,0,2.61,7,0,,0,0,0,10.1,10,10,3,2,5,0,9,0,0,2,48,1.452,8.7,1.7,4.4,7.8,1.8,,player.fcgi?id=whitte000kyl
Matt Wyatt,19,2020,Virginia,1,0,1,3,6,2,,0,0,0,12,7,4,4,0,7,0,8,1,0,2,52,1.167,5.3,0,5.3,6,1.14,,player.fcgi?id=wyatt-000mat
Andrew Abbott*,22,2021,Virginia,9,6,0.6,2.87,19,17,,0,0,0,106.2,89,39,34,13,32,0,162,5,2,5,433,1.134,7.5,1.1,2.7,13.7,5.06,,player.fcgi?id=abbott000and
Channing Austin,19,2021,Virginia,0,0,,81,2,0,,0,0,0,0.1,0,3,3,0,2,0,1,1,0,2,4,6,0,0,54,27,0.5,,player.fcgi?id=austin005cha
Blake Bales,22,2021,Virginia,3,0,1,0.71,25,0,,0,0,0,38,17,4,3,1,15,1,54,3,0,5,141,0.842,4,0.2,3.6,12.8,3.6,,player.fcgi?id=bales-000bla
Jake Berry*,20,2021,Virginia,0,0,,4.5,6,0,,0,0,0,6,3,3,3,0,6,0,5,1,0,2,28,1.5,4.5,0,9,7.5,0.83,,player.fcgi?id=berry-003jak
Paul Kosanovich,22,2021,Virginia,1,1,0.5,4.6,11,0,,0,0,0,15.2,12,10,8,3,6,0,11,2,0,0,68,1.149,6.9,1.7,3.4,6.3,1.83,,player.fcgi?id=kosano000pau
Griff McGarry,22,2021,Virginia,0,5,0,5.44,14,11,,0,0,0,43,30,27,26,3,42,2,69,5,1,8,201,1.674,6.3,0.6,8.8,14.4,1.64,,player.fcgi?id=mcgarr000gri
Zach Messinger,21,2021,Virginia,3,2,0.6,4.89,28,4,,0,0,0,57,53,36,31,8,21,1,64,5,0,2,244,1.298,8.4,1.3,3.3,10.1,3.05,,player.fcgi?id=messin000zac
Brandon Neeck*,21,2021,Virginia,2,0,1,1.93,22,0,,0,0,0,23.1,20,7,5,3,11,0,40,2,0,3,103,1.329,7.7,1.2,4.2,15.4,3.64,,player.fcgi?id=neeck-000bra
Devin Ortiz,22,2021,Virginia,0,0,,0,3,1,,0,0,0,6,3,1,0,0,2,0,9,1,0,0,25,0.833,4.5,0,3,13.5,4.5,,player.fcgi?id=ortiz-001dev
Billy Price*,21,2021,Virginia,0,0,,4,7,2,,0,0,0,9,8,4,4,0,8,1,9,1,0,1,44,1.778,8,0,8,9,1.13,,player.fcgi?id=price-003bil
Rece Ritchey*,19,2021,Virginia,0,0,,0,1,0,,0,0,0,0.1,1,0,0,0,1,0,1,0,0,0,3,6,27,0,27,27,1,,player.fcgi?id=ritche000rec
Nate Savino*,19,2021,Virginia,3,3,0.5,3.79,16,10,,0,0,0,54.2,57,28,23,7,16,2,34,6,1,1,238,1.335,9.4,1.2,2.6,5.6,2.13,,player.fcgi?id=savino000nat
Luke Schauer*,19,2021,Virginia,0,0,,4.76,16,0,,0,0,0,11.1,11,7,6,1,8,1,14,3,0,3,57,1.676,8.7,0.8,6.4,11.1,1.75,,player.fcgi?id=schaue000luk
Stephen Schoch,24,2021,Virginia,4,2,0.667,3,22,0,,0,0,8,36,30,16,12,4,16,1,52,7,0,2,163,1.278,7.5,1,4,13,3.25,,player.fcgi?id=schoch000ste
Mike Vasil,21,2021,Virginia,7,5,0.583,4.52,17,16,,0,0,0,81.2,101,52,41,13,18,1,73,5,0,4,365,1.457,11.1,1.4,2,8,4.06,,player.fcgi?id=vasil-000mik
Kyle Whitten,22,2021,Virginia,0,1,0,3.16,27,0,,0,0,1,31.1,29,11,11,2,19,1,38,4,1,3,147,1.532,8.3,0.6,5.5,10.9,2,,player.fcgi?id=whitte000kyl
Matt Wyatt,20,2021,Virginia,4,2,0.667,3.86,21,2,,0,0,1,39.2,36,18,17,1,23,2,51,3,0,6,177,1.487,8.2,0.2,5.2,11.6,2.22,,player.fcgi?id=wyatt-000mat
Jake Berry*,21,2022,Virginia,5,3,0.625,4.79,20,9,,0,0,0,56.1,50,32,30,5,26,0,69,0,0,2,245,1.349,8,0.8,4.2,11,2.65,,player.fcgi?id=berry-003jak
Dylan Bowers,24,2022,Virginia,1,0,1,4.19,28,0,,0,0,0,34.1,22,16,16,3,28,1,52,6,0,3,158,1.456,5.8,0.8,7.3,13.6,1.86,,player.fcgi?id=bowers000dyl
Matthew Buchanan*,19,2022,Virginia,3,1,0.75,3.49,17,4,,0,0,0,28.1,24,15,11,2,7,0,36,3,0,3,121,1.094,7.6,0.6,2.2,11.4,5.14,,player.fcgi?id=buchan000mat
Mason Dillow,21,2022,Virginia,0,0,,5.4,2,0,,0,0,0,1.2,2,1,1,0,4,0,2,0,0,0,10,3.6,10.8,0,21.6,10.8,0.5,,player.fcgi?id=dillow000mas
Will Geerdes,22,2022,Virginia,2,0,1,7.31,24,2,,0,0,0,32,33,28,26,2,16,0,32,5,0,3,151,1.531,9.3,0.6,4.5,9,2,,player.fcgi?id=geerde000wil
Alex Greene,20,2022,Virginia,1,0,1,0.66,10,0,,0,0,0,13.2,16,3,1,1,6,0,11,1,0,2,63,1.61,10.5,0.7,4,7.2,1.83,,player.fcgi?id=greene002ale
Brian Gursky*,24,2022,Virginia,7,3,0.7,3.97,14,14,,0,0,0,70.1,69,34,31,10,32,1,84,3,0,4,307,1.436,8.8,1.3,4.1,10.7,2.63,,player.fcgi?id=gursky000bri
Jake Hodorovich,22,2022,Virginia,0,1,0,4.19,16,0,,0,0,0,19.1,14,9,9,2,12,0,24,2,0,3,83,1.345,6.5,0.9,5.6,11.2,2,,player.fcgi?id=hodoro000jak
Paul Kosanovich,23,2022,Virginia,4,0,1,3.29,15,0,,0,0,1,27.1,20,10,10,4,12,2,22,2,0,1,111,1.171,6.6,1.3,4,7.2,1.83,,player.fcgi?id=kosano000pau
Avery Mabe,20,2022,Virginia,0,0,,3.97,7,0,,0,0,1,11.1,15,10,5,2,7,1,6,1,0,3,59,1.941,11.9,1.6,5.6,4.8,0.86,,player.fcgi?id=mabe--000ave
Joe Miceli,21,2022,Virginia,0,0,,0,4,1,,0,0,0,5.2,6,2,0,0,4,0,7,0,0,0,27,1.765,9.5,0,6.4,11.1,1.75,,player.fcgi?id=miceli000jos
Brandon Neeck*,22,2022,Virginia,2,2,0.5,4.04,17,6,,0,0,3,42.1,30,22,19,5,19,0,57,7,0,1,182,1.157,6.4,1.1,4,12.1,3,,player.fcgi?id=neeck-000bra
Devin Ortiz,23,2022,Virginia,5,1,0.833,2.03,9,5,,0,0,0,26.2,15,6,6,1,3,0,37,5,0,2,103,0.675,5.1,0.3,1,12.5,12.33,,player.fcgi?id=ortiz-001dev
Nate Savino*,20,2022,Virginia,6,6,0.5,3.69,15,15,,1,1,0,78,78,42,32,10,32,1,79,5,0,6,342,1.41,9,1.2,3.7,9.1,2.47,,player.fcgi?id=savino000nat
Luke Schauer*,20,2022,Virginia,0,0,,0,1,0,,0,0,0,1.2,1,0,0,0,0,0,5,0,0,0,6,0.6,5.4,0,0,27,,,player.fcgi?id=schaue000luk
Jay Woolfolk,19,2022,Virginia,3,0,1,2.87,28,0,,0,0,0,37.2,31,17,12,6,20,0,55,5,1,6,173,1.354,7.4,1.4,4.8,13.1,2.75,,player.fcgi?id=woolfo000jay
Matt Wyatt,21,2022,Virginia,0,2,0,6.48,15,2,,0,0,1,25,24,19,18,5,19,2,20,0,0,3,115,1.72,8.6,1.8,6.8,7.2,1.05,,player.fcgi?id=wyatt-000mat
Jake Berry*,22,2023,Virginia,0,5,0,3.93,24,1,,0,0,6,50.1,42,23,22,6,21,2,60,5,1,0,220,1.252,7.5,1.1,3.8,10.7,2.86,,player.fcgi?id=berry-003jak
Evan Blanco*,19,2023,Virginia,1,0,1,3.04,24,0,,0,0,0,23.2,18,13,8,2,10,0,26,2,0,0,104,1.183,6.8,0.8,3.8,9.9,2.6,,player.fcgi?id=blanco000eva
Matthew Buchanan*,20,2023,Virginia,0,0,,12.46,5,0,,0,0,0,4.1,8,6,6,3,0,0,4,0,0,0,21,1.846,16.6,6.2,0,8.3,,,player.fcgi?id=buchan000mat
Connelly Early*,21,2023,Virginia,12,3,0.8,3.09,19,18,,0,0,0,87.1,82,35,30,8,23,0,100,3,0,2,358,1.202,8.5,0.8,2.4,10.3,4.35,,player.fcgi?id=early-000con
Brian Edgington,24,2023,Virginia,9,3,0.75,3.57,18,15,,1,0,0,88.1,84,38,35,8,23,1,94,3,0,3,364,1.211,8.6,0.8,2.3,9.6,4.09,,player.fcgi?id=edging000bri
Alex Greene,21,2023,Virginia,0,0,,0,2,0,,0,0,0,1.2,1,0,0,0,1,0,2,0,0,0,7,1.2,5.4,0,5.4,10.8,2,,player.fcgi?id=greene002ale
Bradley Hodges*,19,2023,Virginia,2,0,1,4.32,19,1,,0,0,1,33.1,35,18,16,5,23,0,40,5,0,0,160,1.74,9.5,1.4,6.2,10.8,1.74,,player.fcgi?id=hodges003bra
Jake Hodorovich,23,2023,Virginia,1,0,1,6.6,16,0,,0,0,0,15,20,13,11,1,9,0,17,1,0,1,73,1.933,12,0.6,5.4,10.2,1.89,,player.fcgi?id=hodoro000jak
Chase Hungate,20,2023,Virginia,3,0,1,5.76,16,0,,0,0,0,25,28,17,16,4,4,1,21,4,0,0,109,1.28,10.1,1.4,1.4,7.6,5.25,,player.fcgi?id=hungat000cha
Kevin Jaxel,18,2023,Virginia,2,0,1,3.75,23,0,,0,0,0,24,26,10,10,4,5,0,30,2,0,2,106,1.292,9.8,1.5,1.9,11.3,6,,player.fcgi?id=jaxel-000kev
Avery Mabe,21,2023,Virginia,0,0,,20.25,3,0,,0,0,0,2.2,6,6,6,1,2,0,5,0,0,0,16,3,20.3,3.4,6.8,16.9,2.5,,player.fcgi?id=mabe--000ave
Cullen McKay,19,2023,Virginia,0,0,,3.78,10,3,,0,0,0,16.2,16,12,7,3,9,0,26,2,0,0,77,1.5,8.6,1.6,4.9,14,2.89,,player.fcgi?id=mckay-000cul
Jack O'Connor,19,2023,Virginia,6,3,0.667,3.86,19,11,,0,0,0,65.1,61,31,28,8,25,0,64,3,0,3,277,1.316,8.4,1.1,3.4,8.8,2.56,,player.fcgi?id=oconno007jac
Nick Parker,23,2023,Virginia,8,0,1,3.64,16,16,,1,0,0,81.2,78,36,33,10,24,0,79,14,1,1,348,1.249,8.6,1.1,2.6,8.7,3.29,,player.fcgi?id=parker000nic
Angelo Tonas*,23,2023,Virginia,4,0,1,2.25,21,0,,0,0,0,20,20,6,5,2,4,0,21,1,0,0,85,1.2,9,0.9,1.8,9.5,5.25,,player.fcgi?id=tonas-000ang
Jay Woolfolk,20,2023,Virginia,2,1,0.667,2.91,30,0,,0,0,9,34,26,14,11,4,20,0,38,2,0,3,152,1.353,6.9,1.1,5.3,10.1,1.9,,player.fcgi?id=woolfo000jay
Matt Augustin,19,2024,Virginia,2,0,1,4.13,22,1,,0,0,0,28.1,29,14,13,2,13,0,25,4,0,0,127,1.482,9.2,0.6,4.1,7.9,1.92,,player.fcgi?id=august000mat
Blake Barker*,21,2024,Virginia,2,1,0.667,7.31,27,0,,0,0,1,28.1,37,24,23,4,18,0,26,1,0,2,138,1.941,11.8,1.3,5.7,8.3,1.44,,player.fcgi?id=barker001bla
Freddy Beruvides*,19,2024,Virginia,0,0,,11,9,3,,0,0,0,9,13,11,11,3,7,0,11,0,0,4,47,2.222,13,3,7,11,1.57,,player.fcgi?id=beruvi000fre
Evan Blanco*,20,2024,Virginia,8,3,0.727,3.62,18,18,,0,0,0,99.1,101,49,40,11,27,1,99,8,0,1,427,1.289,9.2,1,2.4,9,3.67,,player.fcgi?id=blanco000eva
Matthew Buchanan*,21,2024,Virginia,0,0,,4.76,9,1,,0,0,0,11.1,13,8,6,1,6,0,10,1,0,0,55,1.676,10.3,0.8,4.8,7.9,1.67,,player.fcgi?id=buchan000mat
Owen Coady*,23,2024,Virginia,1,1,0.5,5.94,15,7,,0,0,1,33.1,36,24,22,2,22,1,29,2,0,4,158,1.74,9.7,0.5,5.9,7.8,1.32,,player.fcgi?id=coady-000owe
Bradley Hodges*,20,2024,Virginia,0,0,,9,1,0,,0,0,0,2,3,2,2,0,1,0,2,0,0,0,10,2,13.5,0,4.5,9,2,,player.fcgi?id=hodges003bra
Chase Hungate,21,2024,Virginia,7,2,0.778,3.74,30,0,,0,0,2,53,49,22,22,3,13,1,37,7,0,1,221,1.17,8.3,0.5,2.2,6.3,2.85,,player.fcgi?id=hungat000cha
Kevin Jaxel,19,2024,Virginia,4,1,0.8,10.38,13,4,,0,0,0,26,36,30,30,7,18,0,21,2,0,5,131,2.077,12.5,2.4,6.2,7.3,1.17,,player.fcgi?id=jaxel-000kev
Dean Kampschror*,21,2024,Virginia,2,0,1,3.48,18,0,,0,0,0,10.1,7,4,4,0,8,1,10,2,0,3,45,1.452,6.1,0,7,8.7,1.25,,player.fcgi?id=kampsc000dea
Cullen McKay,20,2024,Virginia,2,1,0.667,8.45,13,7,,0,0,0,33,33,36,31,3,28,0,39,7,0,5,167,1.848,9,0.8,7.6,10.6,1.39,,player.fcgi?id=mckay-000cul
Patric Menk*,20,2024,Virginia,0,0,,0,2,0,,0,0,0,2,0,0,0,0,1,0,1,0,0,0,7,0.5,0,0,4.5,4.5,1,,player.fcgi?id=menk--000pat
Bryson Moore,19,2024,Virginia,2,0,1,1.38,7,4,,0,0,0,13,16,4,2,2,8,0,10,0,0,3,62,1.846,11.1,1.4,5.5,6.9,1.25,,player.fcgi?id=moore-005bry
Jack O'Connor,20,2024,Virginia,0,1,0,7.5,9,3,,0,0,2,18,26,18,15,2,7,0,24,4,0,2,92,1.833,13,1,3.5,12,3.43,,player.fcgi?id=oconno007jac
Charlie Oschell,19,2024,Virginia,0,0,,21,6,0,,0,0,0,3,7,8,7,0,5,0,3,1,0,2,19,4,21,0,15,9,0.6,,player.fcgi?id=oschel000cha
Ryan Osinski,20,2024,Virginia,4,1,0.8,4.8,27,0,,0,0,0,30,34,18,16,1,14,1,13,0,0,5,132,1.6,10.2,0.3,4.2,3.9,0.93,,player.fcgi?id=osinsk000rya
Joe Savino,23,2024,Virginia,3,2,0.6,4.5,9,8,,0,0,0,30,28,19,15,2,11,1,24,3,0,0,128,1.3,8.4,0.6,3.3,7.2,2.18,,player.fcgi?id=savino000joe
Aidan Teel,19,2024,Virginia,2,2,0.5,7.88,20,0,,0,0,6,24,27,21,21,5,16,1,32,1,0,2,117,1.792,10.1,1.9,6,12,2,,player.fcgi?id=teel--000aid
Angelo Tonas*,24,2024,Virginia,3,0,1,3.76,33,0,,0,0,1,38.1,39,22,16,4,10,3,30,3,0,1,164,1.278,9.2,0.9,2.3,7,3,,player.fcgi?id=tonas-000ang
Jay Woolfolk,21,2024,Virginia,4,2,0.667,5.92,24,7,,0,0,0,62.1,65,47,41,10,40,1,67,5,0,3,290,1.684,9.4,1.4,5.8,9.7,1.68,,player.fcgi?id=woolfo000jay
Wes Arrington,23,2025,Virginia,1,0,1,4.6,25,0,,0,0,0,31.1,24,18,16,4,19,1,27,9,0,2,142,1.372,6.9,1.1,5.5,7.8,1.42,,player.fcgi?id=arring000wes
Chris Arroyo*,20,2025,Virginia,0,0,,4.97,7,3,,0,0,0,12.2,16,12,7,0,13,0,9,2,0,0,67,2.289,11.4,0,9.2,6.4,0.69,,player.fcgi?id=arroyo001chr
Blake Barker*,22,2025,Virginia,0,0,,6.75,12,0,,0,0,0,8,11,6,6,0,10,0,11,2,1,2,47,2.625,12.4,0,11.3,12.4,1.1,,player.fcgi?id=barker001bla
Evan Blanco*,21,2025,Virginia,3,5,0.375,6.23,14,8,,0,0,0,39,58,35,27,6,9,0,36,3,0,1,181,1.718,13.4,1.4,2.1,8.3,4,,player.fcgi?id=blanco000eva
Matthew Buchanan*,22,2025,Virginia,3,0,1,2.63,20,0,,0,0,0,13.2,10,4,4,1,8,1,17,1,0,0,56,1.317,6.6,0.7,5.3,11.2,2.13,,player.fcgi?id=buchan000mat
Joe Colucci,21,2025,Virginia,0,3,0,9.17,15,1,,0,0,0,17.2,30,19,18,3,7,0,17,1,0,1,90,2.094,15.3,1.5,3.6,8.7,2.43,,player.fcgi?id=colucc001joe
Bradley Hodges*,21,2025,Virginia,2,1,0.667,4.88,8,8,,0,0,0,27.2,21,20,15,2,17,0,36,2,0,4,121,1.373,6.8,0.7,5.5,11.7,2.12,,player.fcgi?id=hodges003bra
Kevin Jaxel,20,2025,Virginia,3,1,0.75,2.66,13,1,,0,0,0,23.2,17,8,7,1,16,0,24,2,0,2,100,1.394,6.5,0.4,6.1,9.1,1.5,,player.fcgi?id=jaxel-000kev
Dean Kampschror*,22,2025,Virginia,0,0,,6.23,14,0,,0,0,0,4.1,9,4,3,0,3,0,2,0,0,0,26,2.769,18.7,0,6.2,4.2,0.67,,player.fcgi?id=kampsc000dea
Drew Koenen,20,2025,Virginia,4,0,1,2.7,17,0,,0,0,0,23.1,21,13,7,1,14,1,12,1,0,1,98,1.5,8.1,0.4,5.4,4.6,0.86,,player.fcgi?id=koenen000dre
Matt Lanzendorfer*,23,2025,Virginia,4,2,0.667,2.9,22,0,,0,0,5,31,23,15,10,2,13,0,40,3,0,2,130,1.161,6.7,0.6,3.8,11.6,3.08,,player.fcgi?id=lanzen000mat
Alex Markus,23,2025,Virginia,0,0,,3.38,18,0,,0,0,1,18.2,17,8,7,3,16,0,27,3,0,4,89,1.768,8.2,1.4,7.7,13,1.69,,player.fcgi?id=markus000ale
Bryson Moore,20,2025,Virginia,0,0,,3.44,7,4,,0,0,0,18.1,14,9,7,0,8,0,21,1,1,2,77,1.2,6.9,0,3.9,10.3,2.63,,player.fcgi?id=moore-005bry
Jack O'Connor,21,2025,Virginia,0,0,,7.84,8,0,,0,0,1,10.1,11,11,9,3,8,1,13,1,1,2,51,1.839,9.6,2.6,7,11.3,1.63,,player.fcgi?id=oconno007jac
Charlie Oschell,20,2025,Virginia,0,0,,12.27,5,0,,0,0,0,3.2,5,5,5,1,2,0,6,1,0,0,19,1.909,12.3,2.5,4.9,14.7,3,,player.fcgi?id=oschel000cha
Ryan Osinski,21,2025,Virginia,2,2,0.5,5.57,15,0,,0,0,2,21,25,14,13,2,14,1,22,0,0,1,100,1.857,10.7,0.9,6,9.4,1.57,,player.fcgi?id=osinsk000rya
August Richie,19,2025,Virginia,0,0,,0,2,0,,0,0,0,1.2,2,1,0,0,1,0,1,0,0,0,7,1.8,10.8,0,5.4,5.4,1,,player.fcgi?id=richie000aug
Tomas Valincius*,19,2025,Virginia,5,1,0.833,4.59,13,12,,0,0,0,64.2,64,36,33,5,17,0,70,5,0,4,275,1.253,8.9,0.7,2.4,9.7,4.12,,player.fcgi?id=valinc000tom
Jay Woolfolk,22,2025,Virginia,4,3,0.571,4.73,13,13,,0,0,0,64.2,63,44,34,5,24,0,75,3,1,3,279,1.345,8.8,0.7,3.3,10.4,3.13,,player.fcgi?id=woolfo000jay
Michael Yeager,19,2025,Virginia,0,0,,0,4,0,,0,0,0,3.1,1,2,0,0,4,0,4,0,0,1,15,1.5,2.7,0,10.8,10.8,1,,player.fcgi?id=yeager001mic
Christian Bartholomew,19,2013,Wake Forest,0,0,,6.59,7,0,,,0,0,13.2,18,10,10,0,4,0,5,1,1,2,63,1.61,11.9,0,2.6,3.3,1.25,,player.fcgi?id=bartho000chr
Matt Conway*,22,2013,Wake Forest,2,1,0.667,4.14,11,7,,,0,1,45.2,44,26,21,5,12,0,38,6,1,2,201,1.226,8.7,1,2.4,7.5,3.17,,player.fcgi?id=conway000mat
Colin Egan?,--,2013,Wake Forest,3,0,1,5.08,14,0,,,0,0,28.1,37,16,16,5,7,1,11,2,0,1,128,1.553,11.8,1.6,2.2,3.5,1.57,,player.fcgi?id=egan--000col
Will Finley?,--,2013,Wake Forest,0,0,,0,3,0,,,0,0,3.2,4,0,0,0,1,0,2,2,0,0,18,1.364,9.8,0,2.5,4.9,2,,player.fcgi?id=finley000wil
Jack Fischer,21,2013,Wake Forest,2,4,0.333,6.12,20,5,,,0,1,57.1,68,48,39,4,35,2,38,6,0,4,273,1.797,10.7,0.6,5.5,6,1.09,,player.fcgi?id=fische000jac
Aaron Fossas,20,2013,Wake Forest,1,0,1,3.63,12,0,,,0,1,22.1,14,10,9,0,7,0,11,2,0,0,90,0.94,5.6,0,2.8,4.4,1.57,,player.fcgi?id=fossas000aar
Nate Jones?,--,2013,Wake Forest,2,1,0.667,5.45,20,0,,,0,2,39.2,45,27,24,5,16,1,24,3,0,1,181,1.538,10.2,1.1,3.6,5.4,1.5,,player.fcgi?id=jones-002nat
Connor Kaden,20,2013,Wake Forest,0,3,0,3.56,21,1,,,0,3,30.1,26,18,12,2,18,1,27,1,1,8,133,1.451,7.7,0.6,5.3,8,1.5,,player.fcgi?id=kaden-000con
Mark McCoy*,19,2013,Wake Forest,0,1,0,4.97,11,5,,,0,0,25.1,27,18,14,2,20,1,18,1,2,0,122,1.855,9.6,0.7,7.1,6.4,0.9,,player.fcgi?id=mccoy-002mar
Matt Pirro,20,2013,Wake Forest,3,6,0.333,5.52,12,12,,,0,0,58.2,60,41,36,8,38,0,30,3,0,6,272,1.67,9.2,1.2,5.8,4.6,0.79,,player.fcgi?id=pirro-000mat
Niko Spezial*,22,2013,Wake Forest,6,0,1,1.95,22,0,,,0,0,27.2,21,6,6,1,13,1,22,1,1,3,116,1.229,6.8,0.3,4.2,7.2,1.69,,player.fcgi?id=spezia001nik
Austin Stadler*,23,2013,Wake Forest,5,3,0.625,3.5,13,12,,,0,0,69.1,79,41,27,4,28,1,60,5,2,4,316,1.543,10.3,0.5,3.6,7.8,2.14,,player.fcgi?id=stadle001aus
Max Tishman*,19,2013,Wake Forest,0,0,,0,1,0,,,0,0,0.1,1,0,0,0,1,0,0,0,0,0,3,6,27,0,27,0,0,,player.fcgi?id=tishma000max
Justin Van Grouw,22,2013,Wake Forest,4,7,0.364,4.34,13,12,,,0,0,64.1,72,41,31,5,27,0,44,3,0,3,290,1.539,10.1,0.7,3.8,6.2,1.63,,player.fcgi?id=vangro000jus
Matt Conway*,23,2014,Wake Forest,0,0,,inf,1,0,,,0,0,0,4,2,2,0,0,0,0,0,0,0,4,,,,,,,,player.fcgi?id=conway000mat
Will Craig,19,2014,Wake Forest,1,0,1,4.05,7,1,,,0,0,13.1,18,8,6,0,6,0,7,1,1,1,62,1.8,12.2,0,4.1,4.7,1.17,,player.fcgi?id=craig-003wil
Parker Dunshee,19,2014,Wake Forest,4,1,0.8,2.17,27,0,,,0,1,49.2,40,18,12,1,20,0,43,2,0,4,208,1.208,7.2,0.2,3.6,7.8,2.15,,player.fcgi?id=dunshe000par
Will Finley?,--,2014,Wake Forest,0,0,,0,1,0,,,0,0,1,0,0,0,0,1,0,0,0,0,0,3,1,0,0,9,0,0,,player.fcgi?id=finley000wil
Jack Fischer,22,2014,Wake Forest,4,7,0.364,3.82,15,15,,,0,0,101.1,104,51,43,3,28,1,59,6,1,11,427,1.303,9.2,0.3,2.5,5.2,2.11,,player.fcgi?id=fische000jac
Aaron Fossas,21,2014,Wake Forest,5,1,0.833,3.51,27,1,,,0,10,41,42,16,16,5,16,2,25,3,0,1,184,1.415,9.2,1.1,3.5,5.5,1.56,,player.fcgi?id=fossas000aar
Connor Johnstone,19,2014,Wake Forest,3,2,0.6,3.04,13,8,,,0,0,47.1,51,20,16,0,7,0,22,1,2,4,193,1.225,9.7,0,1.3,4.2,3.14,,player.fcgi?id=johnst000jef
Nate Jones?,--,2014,Wake Forest,1,0,1,3.6,21,0,,,0,1,30,31,17,12,2,7,1,19,1,0,2,126,1.267,9.3,0.6,2.1,5.7,2.71,,player.fcgi?id=jones-002nat
Connor Kaden,21,2014,Wake Forest,2,3,0.4,3.52,17,12,,,0,1,61.1,54,27,24,4,26,0,52,4,0,6,267,1.304,7.9,0.6,3.8,7.6,2,,player.fcgi?id=kaden-000con
Garrett Kelly,19,2014,Wake Forest,1,3,0.25,5.03,13,1,,,0,1,19.2,19,11,11,0,11,0,19,2,0,2,87,1.525,8.7,0,5,8.7,1.73,,player.fcgi?id=kelly-000gar
John McCarren,19,2014,Wake Forest,1,2,0.333,4.18,19,1,,,0,1,28,33,15,13,3,11,0,21,1,1,3,122,1.571,10.6,1,3.5,6.8,1.91,,player.fcgi?id=mccarr000joh
Mark McCoy*,20,2014,Wake Forest,0,1,0,48.6,7,0,,,0,0,1.2,8,9,9,0,4,0,1,1,0,0,17,7.2,43.2,0,21.6,5.4,0.25,,player.fcgi?id=mccoy-002mar
John McLeod*,22,2014,Wake Forest,5,2,0.714,2.33,10,10,,,0,0,58,50,22,15,0,28,0,48,6,1,0,250,1.345,7.8,0,4.3,7.4,1.71,,player.fcgi?id=mcleod002joh
Matt Pirro,21,2014,Wake Forest,2,2,0.5,5.94,18,5,,,0,0,36.1,36,35,24,7,22,0,43,6,0,9,176,1.596,8.9,1.7,5.4,10.7,1.95,,player.fcgi?id=pirro-000mat
Max Tishman*,20,2014,Wake Forest,1,2,0.333,5.47,26,2,,,0,0,24.2,28,20,15,1,13,0,25,6,0,7,123,1.662,10.2,0.4,4.7,9.1,1.92,,player.fcgi?id=tishma000max
Will Craig,20,2015,Wake Forest,3,4,0.429,6.09,15,7,,,0,1,44.1,44,32,30,6,24,2,39,7,0,8,209,1.534,8.9,1.2,4.9,7.9,1.63,,player.fcgi?id=craig-003wil
Andrew Culp,21,2015,Wake Forest,0,0,,6,2,0,,,0,0,3,3,2,2,0,4,0,4,0,0,1,16,2.333,9,0,12,12,1,,player.fcgi?id=culp--000and
Parker Dunshee,20,2015,Wake Forest,5,3,0.625,2.89,19,5,,,0,4,71.2,58,27,23,5,33,4,74,4,1,2,307,1.27,7.3,0.6,4.1,9.3,2.24,,player.fcgi?id=dunshe000par
Chris Farish,20,2015,Wake Forest,0,2,0,19.8,7,1,,,0,0,5,6,11,11,1,15,0,7,1,0,5,36,4.2,10.8,1.8,27,12.6,0.47,,player.fcgi?id=farish000chr
Will Finley?,--,2015,Wake Forest,0,0,,12.46,8,0,,,0,0,8.2,17,15,12,0,10,0,7,4,0,3,58,3.115,17.7,0,10.4,7.3,0.7,,player.fcgi?id=finley000wil
Aaron Fossas,22,2015,Wake Forest,1,0,1,4.63,5,4,,,0,1,11.2,14,7,6,2,3,0,4,1,0,1,49,1.457,10.8,1.5,2.3,3.1,1.33,,player.fcgi?id=fossas000aar
Parker Johnson,20,2015,Wake Forest,1,0,1,9.14,21,0,,,0,0,21.2,30,23,22,8,9,2,17,4,0,6,107,1.8,12.5,3.3,3.7,7.1,1.89,,player.fcgi?id=johnso000par
Connor Johnstone,20,2015,Wake Forest,2,4,0.333,6.36,19,9,,,0,2,58,72,44,41,7,22,0,22,4,2,7,269,1.621,11.2,1.1,3.4,3.4,1,,player.fcgi?id=johnst000jef
Garrett Kelly,20,2015,Wake Forest,0,3,0,9.68,10,3,,,0,0,17.2,23,24,19,2,16,0,11,1,0,3,96,2.208,11.7,1,8.2,5.6,0.69,,player.fcgi?id=kelly-000gar
Drew Loepprich,19,2015,Wake Forest,0,0,,5.56,5,3,,,0,0,11.1,14,8,7,0,7,0,12,1,0,0,54,1.853,11.1,0,5.6,9.5,1.71,,player.fcgi?id=loeppr000and
John McCarren,20,2015,Wake Forest,0,3,0,5.51,29,1,,,0,1,50.2,55,37,31,8,20,1,32,4,0,4,227,1.48,9.8,1.4,3.6,5.7,1.6,,player.fcgi?id=mccarr000joh
Joe Napolitano,23,2015,Wake Forest,0,0,,7.5,7,0,,,0,0,6,9,6,5,0,3,0,4,0,0,0,30,2,13.5,0,4.5,6,1.33,,player.fcgi?id=napoli002joe
Matt Pirro,22,2015,Wake Forest,7,4,0.636,3.67,14,14,,,0,0,73.2,64,42,30,8,55,0,71,14,0,8,347,1.615,7.8,1,6.7,8.7,1.29,,player.fcgi?id=pirro-000mat
Donnie Sellers,19,2015,Wake Forest,4,1,0.8,5.34,25,0,,,0,0,32,34,20,19,1,18,2,19,4,2,6,149,1.625,9.6,0.3,5.1,5.3,1.06,,player.fcgi?id=seller000don
Max Tishman*,21,2015,Wake Forest,1,0,1,12.27,9,0,,,0,0,3.2,4,6,5,0,9,0,3,0,1,5,25,3.545,9.8,0,22.1,7.4,0.33,,player.fcgi?id=tishma000max
Christian Bartholomew,22,2016,Wake Forest,3,0,1,9.37,12,3,,0,0,0,16.1,30,17,17,2,6,0,10,3,0,2,84,2.204,16.5,1.1,3.3,5.5,1.67,,player.fcgi?id=bartho000chr
Ben Casstevens?,--,2016,Wake Forest,0,0,,13.5,2,0,,0,0,0,0.2,2,1,1,0,0,0,0,1,0,0,5,3,27,0,0,0,,,player.fcgi?id=casste000ben
Will Craig,21,2016,Wake Forest,2,0,1,3.54,19,0,,0,0,9,28,27,12,11,0,12,1,25,2,1,4,126,1.393,8.7,0,3.9,8,2.08,,player.fcgi?id=craig-003wil
Parker Dunshee,21,2016,Wake Forest,10,5,0.667,3.2,16,15,,1,0,0,101.1,98,42,36,8,32,3,102,6,0,8,436,1.283,8.7,0.7,2.8,9.1,3.19,,player.fcgi?id=dunshe000par
Chris Farish,21,2016,Wake Forest,2,1,0.667,4.82,35,0,,0,0,0,28,22,18,15,4,30,0,35,5,0,14,139,1.857,7.1,1.3,9.6,11.3,1.17,,player.fcgi?id=farish000chr
Aaron Fossas,23,2016,Wake Forest,0,1,0,12.27,10,3,,0,0,0,11,16,17,15,4,10,0,8,5,0,5,63,2.364,13.1,3.3,8.2,6.5,0.8,,player.fcgi?id=fossas000aar
Parker Johnson,21,2016,Wake Forest,0,1,0,9.28,11,0,,0,0,0,10.2,11,13,11,2,5,0,15,1,0,3,49,1.5,9.3,1.7,4.2,12.7,3,,player.fcgi?id=johnso000par
Connor Johnstone,21,2016,Wake Forest,2,6,0.25,5.7,14,14,,0,0,0,77.1,104,60,49,6,12,0,33,6,3,10,351,1.5,12.1,0.7,1.4,3.8,2.75,,player.fcgi?id=johnst000jef
Garrett Kelly,21,2016,Wake Forest,1,2,0.333,4.86,28,1,,0,0,1,33.1,28,22,18,3,27,1,41,2,1,10,159,1.65,7.6,0.8,7.3,11.1,1.52,,player.fcgi?id=kelly-000gar
Drew Loepprich,20,2016,Wake Forest,3,2,0.6,4.85,20,16,,0,0,0,78,83,48,42,6,25,0,52,10,0,3,346,1.385,9.6,0.7,2.9,6,2.08,,player.fcgi?id=loeppr000and
John McCarren,21,2016,Wake Forest,7,3,0.7,3.66,27,4,,0,0,0,66.1,83,37,27,7,17,0,41,0,0,1,298,1.508,11.3,0.9,2.3,5.6,2.41,,player.fcgi?id=mccarr000joh
Ryan Morse*,22,2016,Wake Forest,0,0,,7.2,13,0,,0,0,0,5,6,4,4,0,6,0,7,1,0,3,28,2.4,10.8,0,10.8,12.6,1.17,,player.fcgi?id=morse-002rya
David Peljovich*,--,2016,Wake Forest,0,0,,0,3,0,,0,0,0,2,2,0,0,0,0,0,4,0,0,0,8,1,9,0,0,18,,,player.fcgi?id=peljov000dav
Griffin Roberts,20,2016,Wake Forest,0,1,0,9.19,18,1,,0,0,0,15.2,14,18,16,1,22,0,18,5,0,7,87,2.298,8,0.6,12.6,10.3,0.82,,player.fcgi?id=robert000gri
Donnie Sellers,20,2016,Wake Forest,5,5,0.5,5.65,36,0,,0,0,5,43,46,30,27,6,21,1,25,2,1,3,190,1.558,9.6,1.3,4.4,5.2,1.19,,player.fcgi?id=seller000don
Rayne Supple,18,2016,Wake Forest,0,0,,8.49,17,5,,0,0,1,23.1,24,23,22,3,31,0,17,2,0,5,126,2.357,9.3,1.2,12,6.6,0.55,,player.fcgi?id=supple000ray
Tyler Witt*,19,2016,Wake Forest,0,0,,23.63,3,0,,0,0,0,2.2,4,7,7,0,6,0,2,0,0,0,18,3.75,13.5,0,20.3,6.8,0.33,,player.fcgi?id=witt--001tyl
Carter Bach*,19,2017,Wake Forest,2,0,1,3.26,18,0,,0,0,0,19.1,14,7,7,2,17,0,19,2,0,3,88,1.603,6.5,0.9,7.9,8.8,1.12,,player.fcgi?id=bach--000car
Rhyse Dee,19,2017,Wake Forest,0,0,,4.5,3,0,,0,0,0,2,3,1,1,0,2,0,3,0,0,1,11,2.5,13.5,0,9,13.5,1.5,,player.fcgi?id=dee---000rhy
Parker Dunshee,22,2017,Wake Forest,9,1,0.9,3.91,17,17,,0,0,0,103.2,98,47,45,11,30,0,111,13,2,3,445,1.235,8.5,1,2.6,9.6,3.7,,player.fcgi?id=dunshe000par
Chris Farish,22,2017,Wake Forest,0,0,,5.89,24,0,,0,0,0,18.1,18,12,12,2,9,0,32,3,0,9,83,1.473,8.8,1,4.4,15.7,3.56,,player.fcgi?id=farish000chr
Bobby Hearn*,20,2017,Wake Forest,1,0,1,9.82,3,0,,0,0,0,3.2,4,4,4,2,1,0,4,1,0,1,17,1.364,9.8,4.9,2.5,9.8,4,,player.fcgi?id=hearn-003bob
Parker Johnson,22,2017,Wake Forest,0,0,,0,2,0,,0,0,0,1.2,2,0,0,0,1,0,2,0,0,0,8,1.8,10.8,0,5.4,10.8,2,,player.fcgi?id=johnso000par
Connor Johnstone,22,2017,Wake Forest,8,0,1,3.61,16,15,,2,2,0,92.1,86,43,37,6,33,0,69,11,0,8,399,1.289,8.4,0.6,3.2,6.7,2.09,,player.fcgi?id=johnst000jef
Shane Kubrak*,--,2017,Wake Forest,0,0,,6.75,5,0,,0,0,0,2.2,2,2,2,0,2,0,3,1,0,4,13,1.5,6.8,0,6.8,10.1,1.5,,player.fcgi?id=kubrak000sha
Drew Loepprich,21,2017,Wake Forest,3,3,0.5,5.84,18,5,,0,0,0,44.2,51,39,29,5,18,0,36,7,0,4,207,1.545,10.3,1,3.6,7.3,2,,player.fcgi?id=loeppr000and
John McCarren,22,2017,Wake Forest,5,4,0.556,4.91,29,4,,0,0,2,51.1,56,33,28,6,15,0,39,1,0,5,222,1.383,9.8,1.1,2.6,6.8,2.6,,player.fcgi?id=mccarr000joh
Morgan McSweeney,19,2017,Wake Forest,5,1,0.833,3.5,25,1,,0,0,0,36,40,19,14,1,18,1,48,3,0,4,160,1.611,10,0.3,4.5,12,2.67,,player.fcgi?id=mcswee000mor
Colin Peluse,19,2017,Wake Forest,5,1,0.833,3.54,20,7,,0,0,1,40.2,31,21,16,5,12,0,37,0,0,4,165,1.057,6.9,1.1,2.7,8.2,3.08,,player.fcgi?id=peluse000col
Griffin Roberts,21,2017,Wake Forest,2,5,0.286,2.19,29,0,,0,0,8,53.1,30,18,13,1,32,0,80,13,1,9,234,1.163,5.1,0.2,5.4,13.5,2.5,,player.fcgi?id=robert000gri
Donnie Sellers,21,2017,Wake Forest,3,5,0.375,4.71,17,14,,0,0,0,84,83,56,44,6,29,0,60,12,1,14,375,1.333,8.9,0.6,3.1,6.4,2.07,,player.fcgi?id=seller000don
Rayne Supple,19,2017,Wake Forest,0,0,,6.75,10,0,,0,0,0,8,5,8,6,0,18,0,11,1,1,1,49,2.875,5.6,0,20.3,12.4,0.61,,player.fcgi?id=supple000ray
Holden White*,19,2017,Wake Forest,0,0,,3.38,8,0,,0,0,0,2.2,1,1,1,0,3,0,5,1,1,2,12,1.5,3.4,0,10.1,16.9,1.67,,player.fcgi?id=white-000hol
Carter Bach*,20,2018,Wake Forest,0,3,0,10.46,12,8,,0,0,0,26.2,32,32,31,3,27,0,28,9,1,5,143,2.213,10.8,1,9.1,9.5,1.04,,player.fcgi?id=bach--000car
Rhyse Dee,20,2018,Wake Forest,0,0,,5.4,4,0,,0,0,0,3.1,6,2,2,1,3,0,5,0,0,1,19,2.7,16.2,2.7,8.1,13.5,1.67,,player.fcgi?id=dee---000rhy
Chris Farish,23,2018,Wake Forest,2,0,1,5.06,9,0,,0,0,0,5.1,4,3,3,1,2,0,6,0,0,2,22,1.125,6.8,1.7,3.4,10.1,3,,player.fcgi?id=farish000chr
William Fleming,19,2018,Wake Forest,0,0,,7.24,15,0,,0,0,0,13.2,15,12,11,1,6,1,6,2,1,2,63,1.537,9.9,0.7,4,4,1,,player.fcgi?id=flemin004wil
Bobby Hearn*,21,2018,Wake Forest,1,2,0.333,5.67,22,1,,0,0,1,27,27,22,17,1,21,0,26,5,0,2,134,1.778,9,0.3,7,8.7,1.24,,player.fcgi?id=hearn-003bob
Cole McNamee,20,2018,Wake Forest,1,0,1,8.78,12,2,,0,0,0,13.1,18,15,13,2,9,0,23,5,0,5,74,2.025,12.2,1.4,6.1,15.5,2.56,,player.fcgi?id=mcname000col
Morgan McSweeney,20,2018,Wake Forest,2,6,0.25,4.44,18,10,,0,0,0,73,68,48,36,10,39,1,66,8,1,12,332,1.466,8.4,1.2,4.8,8.1,1.69,,player.fcgi?id=mcswee000mor
Antonio Menendez,19,2018,Wake Forest,0,5,0,9.99,25,1,,0,0,0,24.1,23,28,27,5,22,0,27,11,1,0,128,1.849,8.5,1.8,8.1,10,1.23,,player.fcgi?id=menend002ant
Shane Muntz,19,2018,Wake Forest,1,1,0.5,6.19,14,0,,0,0,0,16,13,11,11,2,18,0,12,2,0,5,78,1.938,7.3,1.1,10.1,6.8,0.67,,player.fcgi?id=muntz-000sha
Colin Peluse,20,2018,Wake Forest,6,2,0.75,3.87,16,14,,0,0,0,83.2,74,40,36,4,26,0,63,7,0,7,356,1.195,8,0.4,2.8,6.8,2.42,,player.fcgi?id=peluse000col
Griffin Roberts,22,2018,Wake Forest,5,4,0.556,3.82,14,14,,0,0,0,96.2,78,41,41,6,38,1,130,11,2,4,407,1.2,7.3,0.6,3.5,12.1,3.42,,player.fcgi?id=robert000gri
Jared Shuster*,19,2018,Wake Forest,0,3,0,7.41,22,6,,0,0,0,34,31,30,28,5,21,0,32,2,0,10,158,1.529,8.2,1.3,5.6,8.5,1.52,,player.fcgi?id=shuste000jar
Rayne Supple,20,2018,Wake Forest,5,2,0.714,2.11,27,0,,0,0,8,47,29,15,11,1,32,2,55,7,0,5,208,1.298,5.6,0.2,6.1,10.5,1.72,,player.fcgi?id=supple000ray
Tyler Witt*,21,2018,Wake Forest,2,4,0.333,5.26,33,1,,0,0,2,51.1,64,37,30,8,19,0,45,9,0,4,246,1.617,11.2,1.4,3.3,7.9,2.37,,player.fcgi?id=witt--001tyl
Carter Bach*,21,2019,Wake Forest,1,0,1,4.7,23,1,,0,0,0,15.1,13,9,8,2,15,0,21,1,0,11,68,1.826,7.6,1.2,8.8,12.3,1.4,,player.fcgi?id=bach--000car
Wyatt Beddow?,--,2019,Wake Forest,0,0,,19.29,2,0,,0,0,0,2.1,4,5,5,0,4,0,6,1,0,5,16,3.429,15.4,0,15.4,23.1,1.5,,player.fcgi?id=beddow000wya
Ben Casstevens?,--,2019,Wake Forest,0,0,,27,2,0,,0,0,0,0.2,2,2,2,0,3,0,0,0,0,0,7,7.5,27,0,40.5,0,0,,player.fcgi?id=casste000ben
Ryan Cusick,19,2019,Wake Forest,7,3,0.7,6.44,19,12,,0,0,0,65.2,85,56,47,10,29,0,55,3,0,4,310,1.736,11.6,1.4,4,7.5,1.9,,player.fcgi?id=cusick001rya
Rhyse Dee,21,2019,Wake Forest,0,0,,9,2,0,,0,0,0,2,2,2,2,0,2,0,1,1,0,1,11,2,9,0,9,4.5,0.5,,player.fcgi?id=dee---000rhy
William Fleming,20,2019,Wake Forest,1,4,0.2,4.26,28,1,,0,0,9,44.1,42,21,21,4,19,1,31,2,0,8,190,1.376,8.5,0.8,3.9,6.3,1.63,,player.fcgi?id=flemin004wil
Bobby Hearn*,22,2019,Wake Forest,2,0,1,3.31,29,0,,0,0,0,32.2,28,14,12,6,15,1,27,4,2,2,143,1.316,7.7,1.7,4.1,7.4,1.8,,player.fcgi?id=hearn-003bob
Cole McNamee,21,2019,Wake Forest,0,0,,19.64,5,0,,0,0,0,3.2,7,8,8,1,5,0,6,1,0,1,24,3.273,17.2,2.5,12.3,14.7,1.2,,player.fcgi?id=mcname000col
Morgan McSweeney,21,2019,Wake Forest,3,3,0.5,7.64,14,11,,0,0,0,50.2,60,47,43,4,36,0,40,6,0,9,251,1.895,10.7,0.7,6.4,7.1,1.11,,player.fcgi?id=mcswee000mor
Antonio Menendez,20,2019,Wake Forest,6,1,0.857,3.09,34,0,,0,0,1,55.1,46,22,19,5,24,4,73,5,0,4,241,1.265,7.5,0.8,3.9,11.9,3.04,,player.fcgi?id=menend002ant
Shane Muntz,20,2019,Wake Forest,0,2,0,6.93,17,1,,0,0,0,24.2,22,24,19,5,13,0,25,8,0,9,116,1.419,8,1.8,4.7,9.1,1.92,,player.fcgi?id=muntz-000sha
Colin Peluse,21,2019,Wake Forest,3,8,0.273,5.74,15,15,,0,0,0,80,95,59,51,12,36,2,71,5,2,4,371,1.638,10.7,1.4,4.1,8,1.97,,player.fcgi?id=peluse000col
Reese Robinson,21,2019,Wake Forest,0,0,,12.15,7,0,,0,0,0,6.2,9,10,9,1,7,0,1,3,0,1,38,2.4,12.2,1.4,9.5,1.4,0.14,,player.fcgi?id=robins000ree
Andrew Rust,19,2019,Wake Forest,0,0,,33.75,3,0,,0,0,0,1.1,2,5,5,0,5,0,0,1,0,2,12,5.25,13.5,0,33.8,0,0,,player.fcgi?id=rust--000and
Jared Shuster*,20,2019,Wake Forest,4,4,0.5,6.49,15,12,,0,0,0,68,83,57,49,8,37,1,94,2,0,6,327,1.765,11,1.1,4.9,12.4,2.54,,player.fcgi?id=shuste000jar
Tyler Witt*,22,2019,Wake Forest,4,1,0.8,5.37,27,4,,0,0,0,53.2,59,37,32,4,25,3,52,3,0,9,244,1.565,9.9,0.7,4.2,8.7,2.08,,player.fcgi?id=witt--001tyl
Eric Adler,19,2020,Wake Forest,0,0,,0,4,0,,0,0,1,4.2,2,3,0,0,3,0,5,2,0,1,23,1.071,3.9,0,5.8,9.6,1.67,,player.fcgi?id=adler-000eri
Ryan Cusick,20,2020,Wake Forest,0,2,0,3.22,4,4,,0,0,0,22.1,23,13,8,0,18,1,43,1,0,4,103,1.836,9.3,0,7.3,17.3,2.39,,player.fcgi?id=cusick001rya
William Fleming,21,2020,Wake Forest,2,2,0.5,4.37,4,4,,0,0,0,22.2,18,11,11,1,6,1,22,5,1,0,94,1.059,7.1,0.4,2.4,8.7,3.67,,player.fcgi?id=flemin004wil
Bobby Hearn*,23,2020,Wake Forest,1,0,1,6.52,9,1,,0,0,0,9.2,12,11,7,1,3,1,12,1,0,0,45,1.552,11.2,0.9,2.8,11.2,4,,player.fcgi?id=hearn-003bob
Cole McNamee,22,2020,Wake Forest,0,2,0,8.64,10,0,,0,0,0,8.1,8,9,8,2,7,0,12,1,1,1,40,1.8,8.6,2.2,7.6,13,1.71,,player.fcgi?id=mcname000col
Antonio Menendez,21,2020,Wake Forest,1,0,1,5.06,6,4,,0,0,0,21.1,16,12,12,0,16,1,25,2,0,5,94,1.5,6.8,0,6.8,10.5,1.56,,player.fcgi?id=menend002ant
Riley Myers,23,2020,Wake Forest,1,1,0.5,7.15,8,1,,0,0,0,11.1,13,9,9,2,5,0,9,3,0,1,53,1.588,10.3,1.6,4,7.1,1.8,,player.fcgi?id=myers-000ril
Brennen Oxford*,20,2020,Wake Forest,0,0,,9,4,0,,0,0,0,3,1,3,3,1,2,0,4,0,0,0,12,1,3,3,6,12,2,,player.fcgi?id=oxford000bre
Jared Shuster*,21,2020,Wake Forest,2,1,0.667,3.76,4,4,,0,0,0,26.1,21,11,11,1,4,0,43,1,0,0,102,0.949,7.2,0.3,1.4,14.7,10.75,,player.fcgi?id=shuste000jar
Shane Smith,20,2020,Wake Forest,2,0,1,1.8,5,0,,0,0,1,5,1,1,1,0,1,0,9,0,0,1,17,0.4,1.8,0,1.8,16.2,9,,player.fcgi?id=smith-012sha
Austin Teel*,19,2020,Wake Forest,0,0,,6.75,3,0,,0,0,0,4,7,4,3,1,3,0,4,1,0,1,22,2.5,15.8,2.3,6.8,9,1.33,,player.fcgi?id=teel--000aus
Tyler Witt*,23,2020,Wake Forest,1,0,1,2.93,9,0,,0,0,0,15.1,13,7,5,1,4,1,11,1,0,0,66,1.109,7.6,0.6,2.3,6.5,2.75,,player.fcgi?id=witt--001tyl
Eric Adler,20,2021,Wake Forest,1,3,0.25,2,17,0,,0,0,6,18,14,9,4,0,15,1,24,0,0,4,83,1.611,7,0,7.5,12,1.6,,player.fcgi?id=adler-000eri
Ryan Cusick,21,2021,Wake Forest,3,5,0.375,4.24,12,12,,0,0,0,70,65,40,33,9,32,1,108,6,1,7,306,1.386,8.4,1.2,4.1,13.9,3.38,,player.fcgi?id=cusick001rya
J.D. Everett*,18,2021,Wake Forest,0,0,,0,1,0,,0,0,0,1,0,0,0,0,0,0,1,1,0,0,4,0,0,0,0,9,,,player.fcgi?id=everet000jd-
William Fleming,22,2021,Wake Forest,4,6,0.4,6.03,13,13,,0,0,0,74.2,88,61,50,17,21,2,65,3,0,2,335,1.46,10.6,2,2.5,7.8,3.1,,player.fcgi?id=flemin004wil
Hunter Furtado*,19,2021,Wake Forest,1,4,0.2,6.31,22,0,,0,0,0,25.2,28,18,18,7,11,0,27,3,0,5,114,1.519,9.8,2.5,3.9,9.5,2.45,,player.fcgi?id=furtad000dav
Seth Keener,19,2021,Wake Forest,0,0,,9.39,11,0,,0,0,0,7.2,10,15,8,2,10,0,10,4,1,6,49,2.609,11.7,2.3,11.7,11.7,1,,player.fcgi?id=keener000set
Rhett Lowder,19,2021,Wake Forest,4,2,0.667,6.12,14,12,,0,0,0,67.2,79,51,46,14,22,1,78,6,0,5,308,1.493,10.5,1.9,2.9,10.4,3.55,,player.fcgi?id=lowder000rhe
Reed Mascolo,21,2021,Wake Forest,3,2,0.6,4.37,12,7,,0,0,0,35,34,22,17,3,13,0,36,7,1,3,155,1.343,8.7,0.8,3.3,9.3,2.77,,player.fcgi?id=mascol000ree
Teddy McGraw,19,2021,Wake Forest,0,0,,4.42,19,0,,0,0,0,18.1,17,15,9,2,19,0,22,3,0,7,94,1.964,8.3,1,9.3,10.8,1.16,,player.fcgi?id=mcgraw000ted
Cole McNamee,23,2021,Wake Forest,3,1,0.75,8.68,24,1,,0,0,0,18.2,17,21,18,3,13,0,26,6,0,10,93,1.607,8.2,1.4,6.3,12.5,2,,player.fcgi?id=mcname000col
Camden Minacci,19,2021,Wake Forest,1,1,0.5,5.13,23,0,,0,0,2,26.1,21,16,15,5,17,1,31,3,1,5,119,1.443,7.2,1.7,5.8,10.6,1.82,,player.fcgi?id=minacc000cam
Brennen Oxford*,21,2021,Wake Forest,0,1,0,5.4,25,0,,0,0,0,25,24,20,15,2,19,3,29,7,0,1,127,1.72,8.6,0.7,6.8,10.4,1.53,,player.fcgi?id=oxford000bre
Reese Robinson,23,2021,Wake Forest,0,0,,3.86,5,0,,0,0,0,4.2,4,4,2,0,5,1,4,1,1,1,24,1.929,7.7,0,9.6,7.7,0.8,,player.fcgi?id=robins000ree
Shane Smith,21,2021,Wake Forest,0,1,0,6.75,2,2,,0,0,0,5.1,6,7,4,0,3,0,10,0,0,1,26,1.688,10.1,0,5.1,16.9,3.33,,player.fcgi?id=smith-012sha
Crawford Wade*,19,2021,Wake Forest,0,1,0,9.64,17,0,,0,0,0,14,17,17,15,2,10,0,10,4,0,5,73,1.929,10.9,1.3,6.4,6.4,1,,player.fcgi?id=wade--000cra
Eric Adler,21,2022,Wake Forest,0,1,0,8.86,22,1,,0,0,4,21.1,13,22,21,2,25,1,37,9,0,14,112,1.781,5.5,0.8,10.5,15.6,1.48,,player.fcgi?id=adler-000eri
Will Andrews,21,2022,Wake Forest,0,0,,4.5,7,0,,0,0,0,4,3,2,2,1,2,0,9,1,0,0,18,1.25,6.8,2.3,4.5,20.3,4.5,,player.fcgi?id=andrew000wil
Derek Crum*,21,2022,Wake Forest,1,0,1,6.97,20,0,,0,0,0,20.2,21,18,16,5,17,0,21,4,0,3,100,1.839,9.1,2.2,7.4,9.1,1.24,,player.fcgi?id=crum--000der
Gabe Golob,24,2022,Wake Forest,4,1,0.8,2.86,30,0,,0,0,0,44,36,17,14,3,21,1,29,6,1,4,190,1.295,7.4,0.6,4.3,5.9,1.38,,player.fcgi?id=golob-000gab
Zach Grace*,20,2022,Wake Forest,0,0,,5.68,9,0,,0,0,0,6.1,8,4,4,1,5,0,7,0,0,1,30,2.053,11.4,1.4,7.1,9.9,1.4,,player.fcgi?id=grace-000zac
Jacob Grzebinski*,23,2022,Wake Forest,0,0,,7.27,18,0,,0,0,1,17.1,17,15,14,2,16,0,17,3,0,3,85,1.904,8.8,1,8.3,8.8,1.06,,player.fcgi?id=grzebi000jac
Josh Hartle*,19,2022,Wake Forest,7,6,0.538,5.3,14,14,,0,0,0,69.2,81,54,41,9,24,1,54,5,1,4,323,1.507,10.5,1.2,3.1,7,2.25,,player.fcgi?id=hartle002jos
Seth Keener,20,2022,Wake Forest,5,1,0.833,5.87,20,11,,0,0,0,53.2,54,41,35,10,20,0,56,12,1,7,243,1.379,9.1,1.7,3.4,9.4,2.8,,player.fcgi?id=keener000set
Rhett Lowder,20,2022,Wake Forest,11,3,0.786,3.08,16,16,,1,0,0,99.1,91,45,34,9,26,0,105,8,0,7,419,1.178,8.2,0.8,2.4,9.5,4.04,,player.fcgi?id=lowder000rhe
Reed Mascolo,22,2022,Wake Forest,2,0,1,5.3,21,7,,0,0,0,37.1,42,32,22,8,14,0,44,9,1,4,171,1.5,10.1,1.9,3.4,10.6,3.14,,player.fcgi?id=mascol000ree
Teddy McGraw,20,2022,Wake Forest,5,2,0.714,4.08,15,12,,0,0,0,70.2,53,39,32,9,38,0,67,14,2,3,316,1.288,6.8,1.1,4.8,8.5,1.76,,player.fcgi?id=mcgraw000ted
Camden Minacci,20,2022,Wake Forest,2,4,0.333,2.18,30,0,,0,0,6,45.1,34,17,11,6,18,0,59,3,0,0,192,1.147,6.8,1.2,3.6,11.7,3.28,,player.fcgi?id=minacc000cam
Brennen Oxford*,22,2022,Wake Forest,1,0,1,6.6,17,0,,0,0,0,15,13,11,11,3,21,0,17,2,0,3,80,2.267,7.8,1.8,12.6,10.2,0.81,,player.fcgi?id=oxford000bre
Crawford Wade*,20,2022,Wake Forest,3,1,0.75,3.13,26,0,,0,0,0,31.2,25,14,11,3,13,1,35,5,0,3,137,1.2,7.1,0.9,3.7,9.9,2.69,,player.fcgi?id=wade--000cra
Will Andrews,22,2023,Wake Forest,0,0,,0,3,0,,0,0,0,2.2,0,0,0,0,1,0,3,1,0,0,10,0.375,0,0,3.4,10.1,3,,player.fcgi?id=andrew000wil
Joe Ariola*,19,2023,Wake Forest,0,0,,6.75,17,0,,0,0,0,13.1,15,14,10,3,8,0,17,3,0,2,67,1.725,10.1,2,5.4,11.5,2.13,,player.fcgi?id=ariola000joe
Derek Crum*,22,2023,Wake Forest,1,0,1,3.38,19,0,,0,0,0,16,16,7,6,0,4,1,14,4,0,1,69,1.25,9,0,2.3,7.9,3.5,,player.fcgi?id=crum--000der
Josh Hartle*,20,2023,Wake Forest,11,2,0.846,2.81,18,17,,0,0,0,102.1,91,38,32,11,24,1,140,5,1,8,419,1.124,8,1,2.1,12.3,5.83,,player.fcgi?id=hartle002jos
Zach Johnston*,19,2023,Wake Forest,0,0,,6.75,4,0,,0,0,0,2.2,3,2,2,0,5,0,4,0,0,0,16,3,10.1,0,16.9,13.5,0.8,,player.fcgi?id=johnst002zac
Seth Keener,21,2023,Wake Forest,8,2,0.8,2.69,23,8,,0,0,1,70.1,41,24,21,4,20,0,94,11,1,7,281,0.867,5.2,0.5,2.6,12,4.7,,player.fcgi?id=keener000set
Rhett Lowder,21,2023,Wake Forest,15,0,1,1.87,19,19,,0,0,0,120.1,90,30,25,9,24,0,143,10,1,2,470,0.947,6.7,0.7,1.8,10.7,5.96,,player.fcgi?id=lowder000rhe
Reed Mascolo,23,2023,Wake Forest,7,1,0.875,3.96,14,11,,0,0,0,50,49,29,22,10,12,0,44,8,1,4,212,1.22,8.8,1.8,2.2,7.9,3.67,,player.fcgi?id=mascol000ree
Michael Massey,20,2023,Wake Forest,3,1,0.75,2.59,27,1,,0,0,1,41.2,23,12,12,6,16,1,76,0,1,1,161,0.936,5,1.3,3.5,16.4,4.75,,player.fcgi?id=massey002mic
Camden Minacci,21,2023,Wake Forest,0,1,0,2.78,30,0,,0,0,13,32.1,26,11,10,4,10,0,46,2,0,3,134,1.113,7.2,1.1,2.8,12.8,4.6,,player.fcgi?id=minacc000cam
Will Ray,21,2023,Wake Forest,1,1,0.5,5.4,18,0,,0,0,0,11.2,6,9,7,3,9,1,9,1,0,0,51,1.286,4.6,2.3,6.9,6.9,1,,player.fcgi?id=ray---008wil
Cole Roland,24,2023,Wake Forest,2,1,0.667,2.05,26,0,,0,0,2,30.2,15,7,7,4,14,0,54,4,3,3,126,0.946,4.4,1.2,4.1,15.8,3.86,,player.fcgi?id=roland000col
Skip Shenosky,19,2023,Wake Forest,0,0,,11.57,6,0,,0,0,0,4.2,2,6,6,2,8,0,8,0,0,1,24,2.143,3.9,3.9,15.4,15.4,1,,player.fcgi?id=shenos000ben
Sean Sullivan*,20,2023,Wake Forest,5,3,0.625,2.45,17,10,,0,0,3,69.2,43,25,19,8,21,0,111,11,0,3,279,0.919,5.6,1,2.7,14.3,5.29,,player.fcgi?id=sulliv005sea
Crawford Wade*,21,2023,Wake Forest,0,0,,0,2,0,,0,0,0,3.2,1,0,0,0,0,0,4,1,0,0,13,0.273,2.5,0,0,9.8,,,player.fcgi?id=wade--000cra
Chase Walter,23,2023,Wake Forest,0,0,,3.72,13,0,,0,0,0,9.2,5,4,4,0,7,1,12,2,0,2,44,1.241,4.7,0,6.5,11.2,1.71,,player.fcgi?id=walter005cha
Joe Ariola*,20,2024,Wake Forest,1,0,1,4.85,16,0,,0,0,0,13,8,10,7,1,6,1,18,6,0,1,59,1.077,5.5,0.7,4.2,12.5,3,,player.fcgi?id=ariola000joe
Chase Burns,21,2024,Wake Forest,10,1,0.909,2.7,16,16,,0,0,0,100,62,32,30,14,30,1,191,4,0,8,391,0.92,5.6,1.3,2.7,17.2,6.37,,player.fcgi?id=burns-008cha
David Falco,23,2024,Wake Forest,2,5,0.286,5.44,29,5,,0,0,4,43,44,27,26,8,16,1,58,5,0,3,193,1.395,9.2,1.7,3.3,12.1,3.63,,player.fcgi?id=falco-000dav
Will Gervase*,22,2024,Wake Forest,0,0,,14.54,9,0,,0,0,0,4.1,3,9,7,1,12,0,5,2,0,3,31,3.462,6.2,2.1,24.9,10.4,0.42,,player.fcgi?id=gervas000wil
Josh Gunther,19,2024,Wake Forest,0,3,0,6.32,28,0,,0,0,1,31.1,25,25,22,5,27,0,38,2,0,8,143,1.66,7.2,1.4,7.8,10.9,1.41,,player.fcgi?id=gunthe002jos
Josh Hartle*,21,2024,Wake Forest,6,3,0.667,5.79,15,15,,0,0,0,74.2,91,60,48,13,25,1,81,7,1,10,347,1.554,11,1.6,3,9.8,3.24,,player.fcgi?id=hartle002jos
Zach Johnston*,20,2024,Wake Forest,3,2,0.6,3.93,28,0,,0,0,0,36.2,30,20,16,1,28,2,46,11,1,5,177,1.582,7.4,0.2,6.9,11.3,1.64,,player.fcgi?id=johnst002zac
Andrew Koshy,19,2024,Wake Forest,0,0,,11.37,11,0,,0,0,0,6.1,9,9,8,2,7,0,5,3,0,0,38,2.526,12.8,2.8,9.9,7.1,0.71,,player.fcgi?id=koshy-000and
Hudson Lee*,20,2024,Wake Forest,0,0,,18,2,0,,0,0,0,1,2,2,2,0,1,0,3,1,0,0,7,3,18,0,9,27,3,,player.fcgi?id=lee---000hud
Haiden Leffew*,19,2024,Wake Forest,3,0,1,6.11,20,5,,0,0,0,35.1,29,28,24,4,27,0,38,6,1,8,165,1.585,7.4,1,6.9,9.7,1.41,,player.fcgi?id=leffew000hai
Michael Massey,21,2024,Wake Forest,4,2,0.667,4.76,13,10,,0,0,0,34,31,23,18,5,24,0,51,6,0,3,159,1.618,8.2,1.3,6.4,13.5,2.13,,player.fcgi?id=massey002mic
Blake Morningstar,19,2024,Wake Forest,2,1,0.667,7.45,28,1,,0,0,0,29,32,25,24,10,16,0,38,5,0,9,136,1.655,9.9,3.1,5,11.8,2.38,,player.fcgi?id=mornin000bla
Cameron Nelson*,20,2024,Wake Forest,0,0,,12.71,9,0,,0,0,0,5.2,4,8,8,1,8,0,10,2,0,2,31,2.118,6.4,1.6,12.7,15.9,1.25,,player.fcgi?id=nelson001cam
Will Ray,22,2024,Wake Forest,0,2,0,3.68,33,0,,0,0,2,44,33,24,18,5,24,3,37,13,3,3,198,1.295,6.8,1,4.9,7.6,1.54,,player.fcgi?id=ray---008wil
Cole Roland,25,2024,Wake Forest,1,0,1,4.11,17,0,,0,0,6,15.1,11,7,7,2,4,0,23,1,1,1,61,0.978,6.5,1.2,2.3,13.5,5.75,,player.fcgi?id=roland000col
Brody Shawn,19,2024,Wake Forest,0,0,,,1,0,,0,0,0,0,1,0,0,0,1,0,0,0,0,0,2,,,,,,0,,player.fcgi?id=shawn-000bro
Skip Shenosky,20,2024,Wake Forest,5,3,0.625,6.63,20,8,,0,0,1,38,36,30,28,8,18,2,41,8,0,14,180,1.421,8.5,1.9,4.3,9.7,2.28,,player.fcgi?id=shenos000ben
Levi Strahm*,19,2024,Wake Forest,0,0,,3.86,1,0,,0,0,0,2.1,4,1,1,0,1,1,1,1,0,0,12,2.143,15.4,0,3.9,3.9,1,,player.fcgi?id=strahm000lev
Crawford Wade*,22,2024,Wake Forest,1,0,1,3,8,0,,0,0,0,9,7,3,3,1,2,0,6,2,0,0,38,1,7,1,2,6,3,,player.fcgi?id=wade--000cra
Chase Walter,24,2024,Wake Forest,0,0,,0,1,0,,0,0,0,0.1,0,0,0,0,0,0,0,0,0,0,1,0,0,0,0,0,,,player.fcgi?id=walter005cha
Joe Ariola*,21,2025,Wake Forest,0,0,,5.11,21,2,,0,0,0,24.2,15,18,14,1,28,1,40,3,1,3,122,1.743,5.5,0.4,10.2,14.6,1.43,,player.fcgi?id=ariola000joe
Matt Bedford,22,2025,Wake Forest,5,3,0.625,9.45,21,3,,0,0,0,26.2,33,31,28,1,20,1,23,8,0,1,139,1.988,11.1,0.3,6.8,7.8,1.15,,player.fcgi?id=bedfor000mat
Luke Billings,19,2025,Wake Forest,0,0,,13.5,3,0,,0,0,0,2,4,4,3,0,1,0,4,1,0,1,13,2.5,18,0,4.5,18,4,,player.fcgi?id=billin000luk
Rhys Bowie*,19,2025,Wake Forest,0,2,0,4.6,15,0,,0,0,1,15.2,10,9,8,1,20,0,18,1,1,4,77,1.915,5.7,0.6,11.5,10.3,0.9,,player.fcgi?id=bowie-000rhy
Nate Brittain,20,2025,Wake Forest,0,0,,4.7,10,0,,0,0,0,7.2,4,4,4,0,9,0,9,3,0,0,36,1.696,4.7,0,10.6,10.6,1,,player.fcgi?id=britta000nat
Matthew Dallas*,21,2025,Wake Forest,5,1,0.833,4.9,14,14,,0,0,0,60.2,60,41,33,4,29,1,63,6,1,3,279,1.467,8.9,0.6,4.3,9.3,2.17,,player.fcgi?id=dallas003mat
Troy Dressler,19,2025,Wake Forest,1,0,1,5.4,9,0,,0,0,0,8.1,7,5,5,2,6,0,10,1,0,0,40,1.56,7.6,2.2,6.5,10.8,1.67,,player.fcgi?id=dressl000tro
Griffin Green,24,2025,Wake Forest,2,1,0.667,2.65,26,1,,0,0,0,37.1,21,16,11,3,21,0,38,12,1,4,164,1.125,5.1,0.7,5.1,9.2,1.81,,player.fcgi?id=green-001gri
Josh Gunther,20,2025,Wake Forest,1,3,0.25,3.41,26,0,,0,0,6,29,21,13,11,1,18,0,47,3,0,4,129,1.345,6.5,0.3,5.6,14.6,2.61,,player.fcgi?id=gunthe002jos
Zach Johnston*,21,2025,Wake Forest,2,2,0.5,7.77,21,0,,0,0,0,24.1,26,24,21,3,15,0,26,4,0,2,120,1.685,9.6,1.1,5.5,9.6,1.73,,player.fcgi?id=johnst002zac
Haiden Leffew*,20,2025,Wake Forest,4,1,0.8,4.46,27,0,,0,0,4,34.1,35,22,17,5,18,3,59,3,0,4,158,1.544,9.2,1.3,4.7,15.5,3.28,,player.fcgi?id=leffew000hai
Chris Levonas,19,2025,Wake Forest,3,1,0.75,5.91,13,11,,0,0,0,35,35,28,23,9,20,0,44,5,1,5,164,1.571,9,2.3,5.1,11.3,2.2,,player.fcgi?id=levona000chr
Logan Lunceford,21,2025,Wake Forest,5,5,0.5,5.25,17,15,,0,0,1,60,46,40,35,5,28,0,88,12,0,10,268,1.233,6.9,0.8,4.2,13.2,3.14,,player.fcgi?id=luncef000log
Duncan Marsten,20,2025,Wake Forest,2,0,1,9.58,8,0,,0,0,0,10.1,12,12,11,2,8,0,6,3,0,3,53,1.935,10.5,1.7,7,5.2,0.75,,player.fcgi?id=marste000dun
Blake Morningstar,20,2025,Wake Forest,6,2,0.75,3.87,16,14,,0,0,0,79,71,45,34,10,32,1,93,8,2,5,347,1.304,8.1,1.1,3.6,10.6,2.91,,player.fcgi?id=mornin000bla
Will Ray,23,2025,Wake Forest,0,0,,0,7,0,,0,0,0,7.1,3,0,0,0,1,0,14,1,0,0,29,0.545,3.7,0,1.2,17.2,14,,player.fcgi?id=ray---008wil
Luke Schmolke,21,2025,Wake Forest,3,1,0.75,4.15,26,1,,0,0,0,43.1,30,23,20,5,23,0,48,2,0,1,184,1.223,6.2,1,4.8,10,2.09,,player.fcgi?id=schmol000luk
Nate Whysong,19,2025,Wake Forest,0,0,,8.1,11,0,,0,0,1,6.2,6,7,6,0,5,0,7,3,1,4,33,1.65,8.1,0,6.8,9.5,1.4,,player.fcgi?id=whyson000nat
Dylan Zucker,21,2025,Wake Forest,0,0,,6.75,5,0,,0,0,0,6.2,3,5,5,0,7,0,4,1,0,0,30,1.5,4.1,0,9.5,5.4,0.57,,player.fcgi?id=zucker000dyl
Brandon Alphin,23,2015,Louisville,0,0,,3.86,7,0,,,0,0,4.2,5,4,2,1,4,0,2,1,0,1,24,1.929,9.6,1.9,7.7,3.9,0.5,,player.fcgi?id=alphin000bra
Butch Baird?,--,2015,Louisville,1,0,1,3.52,14,0,,,0,0,7.2,3,3,3,0,7,0,8,2,0,0,35,1.304,3.5,0,8.2,9.4,1.14,,player.fcgi?id=baird-000but
Zack Burdi,20,2015,Louisville,6,1,0.857,0.92,20,0,,,0,9,29.1,16,6,3,2,8,1,30,2,0,2,112,0.818,4.9,0.6,2.5,9.2,3.75,,player.fcgi?id=burdi-000zac
Chandler Dale,19,2015,Louisville,0,0,,9,1,0,,,0,0,1,2,1,1,0,1,0,1,0,0,0,6,3,18,0,9,9,1,,player.fcgi?id=dale--002cha
Kyle Funkhouser,21,2015,Louisville,8,5,0.615,3.2,17,17,,,0,0,112.1,97,51,40,2,45,0,104,8,0,5,486,1.264,7.8,0.2,3.6,8.3,2.31,,player.fcgi?id=funkho001kyl
Drew Harrington*,20,2015,Louisville,3,1,0.75,0.29,18,1,,,0,4,31,11,6,1,1,12,0,42,4,0,4,124,0.742,3.2,0.3,3.5,12.2,3.5,,player.fcgi?id=harrin000dre
Lincoln Henzman,19,2015,Louisville,5,2,0.714,2.32,28,2,,,0,2,54.1,45,19,14,0,11,0,47,3,1,9,217,1.031,7.5,0,1.8,7.8,4.27,,player.fcgi?id=henzma000lin
Anthony Kidston,22,2015,Louisville,0,4,0,6.48,12,8,,,0,0,41.2,50,37,30,4,28,0,47,5,1,14,205,1.872,10.8,0.9,6,10.2,1.68,,player.fcgi?id=kidsto000ant
Sean Leland,19,2015,Louisville,4,0,1,2.16,1,4,,,0,0,41.2,32,12,10,2,19,0,34,4,0,5,185,1.224,6.9,0.4,4.1,7.3,1.79,,player.fcgi?id=leland000sea
Kade McClure,19,2015,Louisville,1,1,0.5,4.18,16,4,,,0,2,32.1,28,19,15,2,14,0,37,8,0,2,148,1.299,7.8,0.6,3.9,10.3,2.64,,player.fcgi?id=mcclur000kad
Brendan McKay*,19,2015,Louisville,9,3,0.75,1.77,20,13,,,0,4,96.2,53,26,19,2,34,0,117,4,0,7,377,0.9,4.9,0.2,3.2,10.9,3.44,,player.fcgi?id=mckay-000bre
Jonah Philley,21,2015,Louisville,0,0,,0,3,0,,,0,0,3.2,2,1,0,0,6,0,1,1,0,0,18,2.182,4.9,0,14.7,2.5,0.17,,player.fcgi?id=phille000jon
Josh Rogers*,20,2015,Louisville,8,1,0.889,3.36,16,16,,,0,0,93.2,90,39,35,4,25,0,82,5,1,4,396,1.228,8.6,0.4,2.4,7.9,3.28,,player.fcgi?id=rogers008jos
Jake Sparger,21,2015,Louisville,1,0,1,2.08,14,0,,,0,0,17.1,15,5,4,0,5,0,9,2,0,2,73,1.154,7.8,0,2.6,4.7,1.8,,player.fcgi?id=sparge000jak
Robert Strader*,21,2015,Louisville,1,0,1,1.27,20,0,,,0,0,21.1,9,3,3,0,20,0,21,2,0,0,93,1.359,3.8,0,8.4,8.9,1.05,,player.fcgi?id=strade002rob
Sam Bordner,19,2016,Louisville,1,0,1,4.15,16,0,,0,0,1,21.2,15,11,10,2,10,0,22,3,0,4,93,1.154,6.2,0.8,4.2,9.1,2.2,,player.fcgi?id=bordne000sam
Zack Burdi,21,2016,Louisville,1,3,0.25,3.3,27,0,,0,0,11,30,17,12,11,3,9,0,47,4,0,1,117,0.867,5.1,0.9,2.7,14.1,5.22,,player.fcgi?id=burdi-000zac
Chandler Dale,20,2016,Louisville,0,0,,2.16,7,0,,0,0,0,8.1,4,2,2,1,7,0,4,0,0,1,35,1.32,4.3,1.1,7.6,4.3,0.57,,player.fcgi?id=dale--002cha
Kyle Funkhouser,22,2016,Louisville,9,3,0.75,3.86,16,15,,0,0,0,93.1,70,44,40,8,47,0,95,5,0,6,389,1.254,6.8,0.8,4.5,9.2,2.02,,player.fcgi?id=funkho001kyl
Drew Harrington*,21,2016,Louisville,12,2,0.857,1.95,17,17,,0,0,0,110.2,92,25,24,3,25,0,92,10,1,2,443,1.057,7.5,0.2,2,7.5,3.68,,player.fcgi?id=harrin000dre
Lincoln Henzman,20,2016,Louisville,0,0,,4.5,20,0,,0,0,1,24,31,13,12,0,6,0,27,1,1,3,110,1.542,11.6,0,2.3,10.1,4.5,,player.fcgi?id=henzma000lin
Shane Hummel?,--,2016,Louisville,2,1,0.667,1.99,15,2,,0,0,2,31.2,22,11,7,3,8,0,17,4,0,2,127,0.947,6.3,0.9,2.3,4.8,2.13,,player.fcgi?id=hummel000sha
Anthony Kidston,23,2016,Louisville,1,0,1,2.63,14,0,,0,0,0,13.2,11,6,4,0,13,0,13,1,0,1,65,1.756,7.2,0,8.6,8.6,1,,player.fcgi?id=kidsto000ant
Sean Leland,20,2016,Louisville,0,0,,3.24,1,0,,0,0,0,8.1,4,3,3,0,10,0,2,1,0,0,39,1.68,4.3,0,10.8,2.2,0.2,,player.fcgi?id=leland000sea
Kade McClure,20,2016,Louisville,12,0,1,2.54,15,13,,0,0,0,78,49,24,22,1,20,0,77,8,1,3,306,0.885,5.7,0.1,2.3,8.9,3.85,,player.fcgi?id=mcclur000kad
Brendan McKay*,20,2016,Louisville,12,4,0.75,2.3,17,17,,1,1,0,109.2,89,33,28,8,42,1,128,3,0,9,458,1.195,7.3,0.7,3.4,10.5,3.05,,player.fcgi?id=mckay-000bre
Dylan Shoffner?,--,2016,Louisville,0,0,,2.45,8,0,,0,0,0,7.1,10,3,2,0,2,0,9,1,0,0,36,1.636,12.3,0,2.5,11,4.5,,player.fcgi?id=shoffn000dyl
Jake Sparger,22,2016,Louisville,0,1,0,5.12,19,0,,0,0,0,19.1,17,13,11,4,9,0,21,3,0,1,86,1.345,7.9,1.9,4.2,9.8,2.33,,player.fcgi?id=sparge000jak
Adam Wolf*,19,2016,Louisville,0,0,,1.38,15,0,,0,0,0,13,13,2,2,1,4,0,14,0,0,0,55,1.308,9,0.7,2.8,9.7,3.5,,player.fcgi?id=wolf--000ada
Nick Bennett*,19,2017,Louisville,5,1,0.833,3.18,15,13,,0,0,0,65,59,28,23,3,13,0,61,6,2,0,270,1.108,8.2,0.4,1.8,8.4,4.69,,player.fcgi?id=bennet000nic
Sam Bordner,20,2017,Louisville,2,0,1,0.41,23,0,,0,0,3,43.2,16,2,2,0,10,1,39,6,0,0,161,0.595,3.3,0,2.1,8,3.9,,player.fcgi?id=bordne000sam
Chandler Dale,21,2017,Louisville,0,0,,0,10,0,,0,0,0,8,4,0,0,0,5,0,7,1,0,0,34,1.125,4.5,0,5.6,7.9,1.4,,player.fcgi?id=dale--002cha
Adam Elliott*,19,2017,Louisville,2,0,1,2.14,22,0,,0,0,0,33.2,25,9,8,0,9,0,31,2,0,0,134,1.01,6.7,0,2.4,8.3,3.44,,player.fcgi?id=elliot002ada
Lincoln Henzman,21,2017,Louisville,3,0,1,1.67,27,0,,0,0,16,37.2,22,7,7,2,10,2,37,2,0,6,143,0.85,5.3,0.5,2.4,8.8,3.7,,player.fcgi?id=henzma000lin
Bryan Hoeing,20,2017,Louisville,0,0,,5.06,11,4,,0,0,1,21.1,27,12,12,1,13,0,18,4,0,2,105,1.875,11.4,0.4,5.5,7.6,1.38,,player.fcgi?id=hoeing000bry
Shane Hummel?,--,2017,Louisville,4,1,0.8,4.6,10,4,,0,0,0,15.2,24,9,8,0,2,0,13,2,0,1,74,1.66,13.8,0,1.1,7.5,6.5,,player.fcgi?id=hummel000sha
Rabon Martin*,21,2017,Louisville,4,1,0.8,4.88,15,2,,0,0,0,24,22,18,13,1,10,0,19,3,0,1,105,1.333,8.3,0.4,3.8,7.1,1.9,,player.fcgi?id=martin000rab
Michael McAvene,19,2017,Louisville,1,1,0.5,4.15,7,5,,0,0,0,17.1,17,11,8,0,15,0,26,4,0,1,88,1.846,8.8,0,7.8,13.5,1.73,,player.fcgi?id=mcaven000mic
Kade McClure,21,2017,Louisville,8,4,0.667,3.58,18,18,,0,0,0,103,81,47,41,8,36,0,111,9,1,6,427,1.136,7.1,0.7,3.1,9.7,3.08,,player.fcgi?id=mcclur000kad
Brendan McKay*,21,2017,Louisville,11,3,0.786,2.56,17,17,,0,0,0,109,77,34,31,5,35,0,146,1,1,10,436,1.028,6.4,0.4,2.9,12.1,4.17,,player.fcgi?id=mckay-000bre
Shay Smiddy,19,2017,Louisville,1,0,1,3.48,15,2,,0,0,0,20.2,17,10,8,0,16,2,21,0,1,4,91,1.597,7.4,0,7,9.1,1.31,,player.fcgi?id=smiddy000sha
Jake Sparger,23,2017,Louisville,5,1,0.833,3.72,20,0,,0,0,1,29,34,15,12,3,6,1,21,2,0,0,125,1.379,10.6,0.9,1.9,6.5,3.5,,player.fcgi?id=sparge000jak
Riley Thompson,20,2017,Louisville,1,0,1,4.02,14,0,,0,0,0,15.2,14,8,7,1,9,0,23,4,0,2,73,1.468,8,0.6,5.2,13.2,2.56,,player.fcgi?id=thomps000ril
Adam Wolf*,20,2017,Louisville,6,0,1,2.18,24,0,,0,0,1,41.1,30,11,10,0,14,0,35,1,0,1,166,1.065,6.5,0,3,7.6,2.5,,player.fcgi?id=wolf--000ada
Nick Bennett*,20,2018,Louisville,8,2,0.8,2.84,14,11,,0,0,0,73,55,29,23,3,27,0,72,1,1,3,298,1.123,6.8,0.4,3.3,8.9,2.67,,player.fcgi?id=bennet000nic
Sam Bordner,21,2018,Louisville,1,2,0.333,3.38,17,0,,0,0,10,18.2,16,7,7,1,4,0,28,0,0,1,77,1.071,7.7,0.5,1.9,13.5,7,,player.fcgi?id=bordne000sam
Austin Conway,23,2018,Louisville,3,1,0.75,2.25,20,0,,0,0,2,24,18,8,6,4,17,0,27,2,0,2,107,1.458,6.8,1.5,6.4,10.1,1.59,,player.fcgi?id=conway000aus
Stewart Currie,20,2018,Louisville,0,0,,3.38,3,0,,0,0,0,2.2,4,2,1,0,1,0,3,1,0,0,14,1.875,13.5,0,3.4,10.1,3,,player.fcgi?id=currie000ste
Reid Detmers*,18,2018,Louisville,4,2,0.667,4.85,18,8,,0,0,0,55.2,47,31,30,8,34,0,69,7,2,1,253,1.455,7.6,1.3,5.5,11.2,2.03,,player.fcgi?id=detmer000rei
Austin Dickey,20,2018,Louisville,1,0,1,1.23,6,0,,0,0,0,7.1,8,2,1,0,4,0,5,1,0,0,35,1.636,9.8,0,4.9,6.1,1.25,,player.fcgi?id=dickey000aus
Adam Elliott*,20,2018,Louisville,0,1,0,0,15,0,,0,0,2,9.1,6,4,0,0,6,0,11,2,1,1,43,1.286,5.8,0,5.8,10.6,1.83,,player.fcgi?id=elliot002ada
Bryan Hoeing,21,2018,Louisville,7,2,0.778,2.88,24,5,,0,0,0,68.2,63,35,22,4,25,0,51,5,1,8,298,1.282,8.3,0.5,3.3,6.7,2.04,,player.fcgi?id=hoeing000bry
Liam Jenkins,21,2018,Louisville,1,1,0.5,6.46,14,2,,0,0,0,15.1,10,15,11,1,20,0,25,2,0,5,78,1.957,5.9,0.6,11.7,14.7,1.25,,player.fcgi?id=jenkin000lia
Michael Kirian*,19,2018,Louisville,0,0,,12.71,15,1,,0,0,0,11.1,12,18,16,1,14,0,16,5,0,3,65,2.294,9.5,0.8,11.1,12.7,1.14,,player.fcgi?id=kirian000mic
Rabon Martin*,22,2018,Louisville,0,0,,2.93,14,1,,0,0,0,15.1,20,6,5,0,10,2,15,0,0,0,76,1.957,11.7,0,5.9,8.8,1.5,,player.fcgi?id=martin000rab
Michael McAvene,20,2018,Louisville,0,1,0,5.23,11,0,,0,0,2,10.1,9,8,6,1,7,0,15,0,0,2,47,1.548,7.8,0.9,6.1,13.1,2.14,,player.fcgi?id=mcaven000mic
Bobby Miller,19,2018,Louisville,6,1,0.857,2.97,17,9,,0,0,0,66.2,49,30,22,7,21,0,55,7,1,4,278,1.05,6.6,0.9,2.8,7.4,2.62,,player.fcgi?id=miller003bob
J.D. Mundt*,21,2018,Louisville,0,0,,3.86,4,0,,0,0,0,4.2,3,2,2,1,0,0,6,1,0,0,18,0.643,5.8,1.9,0,11.6,,,player.fcgi?id=mundt-000jd-
Shay Smiddy,20,2018,Louisville,5,1,0.833,2.96,23,4,,0,0,3,45.2,37,21,15,4,25,0,56,2,0,3,196,1.358,7.3,0.8,4.9,11,2.24,,player.fcgi?id=smiddy000sha
Gavin Sullivan*,19,2018,Louisville,0,0,,3,7,0,,0,0,0,6,0,2,2,0,8,0,4,1,1,1,26,1.333,0,0,12,6,0.5,,player.fcgi?id=sulliv000gav
Riley Thompson,21,2018,Louisville,1,3,0.25,6.82,11,7,,0,0,0,33,32,29,25,1,25,0,35,6,0,3,164,1.727,8.7,0.3,6.8,9.5,1.4,,player.fcgi?id=thomps000ril
Mac Welsh,22,2018,Louisville,0,0,,0,1,0,,0,0,0,0.1,0,0,0,0,0,0,0,0,0,0,1,0,0,0,0,0,,,player.fcgi?id=welsh-000mac
Adam Wolf*,21,2018,Louisville,8,2,0.8,2.63,16,16,,0,0,0,102.2,80,38,30,4,29,0,109,9,1,3,422,1.062,7,0.4,2.5,9.6,3.76,,player.fcgi?id=wolf--000ada
Glenn Albanese,20,2019,Louisville,1,1,0.5,3.72,8,2,,0,0,0,9.2,15,10,4,1,3,0,10,1,0,0,46,1.862,14,0.9,2.8,9.3,3.33,,player.fcgi?id=albane000gle
Nick Bennett*,21,2019,Louisville,7,3,0.7,4.4,16,16,,0,0,0,77.2,77,43,38,10,32,1,76,4,1,2,341,1.403,8.9,1.2,3.7,8.8,2.38,,player.fcgi?id=bennet000nic
Reid Detmers*,19,2019,Louisville,13,4,0.765,2.78,19,18,,0,0,0,113.1,71,35,35,12,33,0,167,7,0,1,444,0.918,5.6,1,2.6,13.3,5.06,,player.fcgi?id=detmer000rei
Austin Dickey,21,2019,Louisville,0,0,,6.35,5,0,,0,0,0,5.2,4,4,4,1,5,0,5,1,0,0,27,1.588,6.4,1.6,7.9,7.9,1,,player.fcgi?id=dickey000aus
Adam Elliott*,21,2019,Louisville,3,2,0.6,2.48,23,0,,0,0,0,32.2,25,10,9,1,18,0,33,1,0,0,137,1.316,6.9,0.3,5,9.1,1.83,,player.fcgi?id=elliot002ada
Bryan Hoeing,22,2019,Louisville,3,4,0.429,3,22,5,,0,0,1,63,55,25,21,4,17,0,75,4,4,7,269,1.143,7.9,0.6,2.4,10.7,4.41,,player.fcgi?id=hoeing000bry
Michael Kirian*,20,2019,Louisville,3,1,0.75,1.69,26,0,,0,0,5,32,26,10,6,2,9,1,42,2,1,4,131,1.094,7.3,0.6,2.5,11.8,4.67,,player.fcgi?id=kirian000mic
Carter Lohman*,19,2019,Louisville,0,0,,4.66,11,1,,0,0,0,9.2,5,7,5,0,8,0,8,2,0,2,45,1.345,4.7,0,7.4,7.4,1,,player.fcgi?id=lohman000car
Michael McAvene,21,2019,Louisville,2,0,1,2.73,23,0,,0,0,7,33,23,10,10,3,11,1,50,2,0,3,129,1.03,6.3,0.8,3,13.6,4.55,,player.fcgi?id=mcaven000mic
Bobby Miller,20,2019,Louisville,7,1,0.875,3.83,20,12,,0,0,2,80,59,36,34,7,38,1,86,8,1,8,340,1.213,6.6,0.8,4.3,9.7,2.26,,player.fcgi?id=miller003bob
Jack Perkins,19,2019,Louisville,3,0,1,4.18,16,4,,0,0,1,32.1,24,20,15,2,18,0,37,3,0,10,140,1.299,6.7,0.6,5,10.3,2.06,,player.fcgi?id=perkin001jac
Jared Poland,19,2019,Louisville,2,1,0.667,4.12,16,0,,0,0,0,19.2,13,9,9,0,11,1,25,2,0,4,80,1.22,5.9,0,5,11.4,2.27,,player.fcgi?id=poland000jar
Garrett Schmeltz*,19,2019,Louisville,0,0,,3.55,15,0,,0,0,0,12.2,13,6,5,0,4,0,13,2,0,1,53,1.342,9.2,0,2.8,9.2,3.25,,player.fcgi?id=schmel000gar
Shay Smiddy,21,2019,Louisville,1,0,1,2.31,19,0,,0,0,0,23.1,11,9,6,1,18,0,28,0,0,2,100,1.243,4.2,0.4,6.9,10.8,1.56,,player.fcgi?id=smiddy000sha
Luke Smith,21,2019,Louisville,6,1,0.857,4.24,18,10,,0,0,0,68,56,36,32,4,24,0,53,10,1,4,290,1.176,7.4,0.5,3.2,7,2.21,,player.fcgi?id=smith-003luk
Kerry Wright,18,2019,Louisville,0,0,,10.61,10,1,,0,0,0,9.1,8,11,11,0,13,0,8,1,0,2,49,2.25,7.7,0,12.5,7.7,0.62,,player.fcgi?id=wright000ker
Glenn Albanese,21,2020,Louisville,0,0,,2.08,5,0,,0,0,0,8.2,5,3,2,1,5,0,18,1,0,2,37,1.154,5.2,1,5.2,18.7,3.6,,player.fcgi?id=albane000gle
Drew Benefield,20,2020,Louisville,0,0,,81,1,0,,0,0,0,0.1,3,3,3,0,0,0,0,0,0,2,4,9,81,0,0,0,,,player.fcgi?id=benefi001dre
Reid Detmers*,20,2020,Louisville,3,0,1,1.23,4,4,,0,0,0,22,16,3,3,1,6,0,48,2,0,2,91,1,6.5,0.4,2.5,19.6,8,,player.fcgi?id=detmer000rei
Adam Elliott*,22,2020,Louisville,1,0,1,0.87,7,0,,0,0,0,10.1,6,2,1,0,3,0,14,0,0,0,40,0.871,5.2,0,2.6,12.2,4.67,,player.fcgi?id=elliot002ada
Ryan Hawks,19,2020,Louisville,0,0,,5.4,5,0,,0,0,0,5,8,3,3,0,0,0,4,2,0,0,25,1.6,14.4,0,0,7.2,,,player.fcgi?id=hawks-000rya
Michael Kirian*,21,2020,Louisville,0,0,,0,6,0,,0,0,6,6.1,2,0,0,0,1,0,11,0,0,0,22,0.474,2.8,0,1.4,15.6,11,,player.fcgi?id=kirian000mic
Tate Kuehner*,19,2020,Louisville,2,1,0.667,4.09,6,2,,0,0,0,11,9,5,5,0,5,0,13,2,0,0,48,1.273,7.4,0,4.1,10.6,2.6,,player.fcgi?id=kuehne000tat
Carter Lohman*,20,2020,Louisville,0,0,,6.75,3,0,,0,0,0,2.2,3,2,2,0,2,0,4,0,0,1,12,1.875,10.1,0,6.8,13.5,2,,player.fcgi?id=lohman000car
Bobby Miller,21,2020,Louisville,2,0,1,2.31,4,4,,0,0,0,23.1,15,7,6,2,9,0,34,1,1,1,93,1.029,5.8,0.8,3.5,13.1,3.78,,player.fcgi?id=miller003bob
Jared Poland,20,2020,Louisville,0,1,0,12.71,5,0,,0,0,0,5.2,11,8,8,2,3,0,7,0,0,0,31,2.471,17.5,3.2,4.8,11.1,2.33,,player.fcgi?id=poland000jar
Michael Prosecky*,19,2020,Louisville,1,1,0.5,4.5,5,3,,0,0,0,18,16,9,9,2,7,0,17,0,0,3,77,1.278,8,1,3.5,8.5,2.43,,player.fcgi?id=prosec000mic
Luke Smith,22,2020,Louisville,3,0,1,3.42,4,4,,0,0,0,23.2,21,11,9,3,4,0,18,3,0,4,100,1.056,8,1.1,1.5,6.8,4.5,,player.fcgi?id=smith-003luk
Kellan Tulio*,19,2020,Louisville,0,0,,6.75,4,0,,0,0,0,2.2,4,2,2,0,2,0,2,0,1,0,13,2.25,13.5,0,6.8,6.8,1,,player.fcgi?id=tulio-000kel
Evan Webster*,18,2020,Louisville,1,1,0.5,1.04,5,0,,0,0,0,8.2,5,1,1,1,5,1,9,0,0,0,36,1.154,5.2,1,5.2,9.3,1.8,,player.fcgi?id=webste000eva
Kerry Wright,19,2020,Louisville,0,0,,0,3,0,,0,0,0,2,1,3,0,0,2,0,2,0,0,2,10,1.5,4.5,0,9,9,1,,player.fcgi?id=wright000ker
Glenn Albanese,22,2021,Louisville,3,1,0.75,3.71,4,3,,0,0,0,17,13,8,7,2,3,0,17,2,0,0,65,0.941,6.9,1.1,1.6,9,5.67,,player.fcgi?id=albane000gle
Trevor Amburgey*,19,2021,Louisville,0,0,,13.5,2,0,,0,0,0,1.1,2,2,2,1,2,0,1,1,0,0,9,3,13.5,6.8,13.5,6.8,0.5,,player.fcgi?id=amburg001tre
Seamus Barrett,20,2021,Louisville,1,0,1,8.18,10,1,,0,0,0,11,13,10,10,3,7,0,18,2,0,3,56,1.818,10.6,2.5,5.7,14.7,2.57,,player.fcgi?id=barret000sea
Kaleb Corbett,19,2021,Louisville,2,1,0.667,3.58,17,1,,0,0,4,27.2,24,12,11,3,10,0,33,3,0,1,117,1.229,7.8,1,3.3,10.7,3.3,,player.fcgi?id=corbet000kal
Adam Elliott*,23,2021,Louisville,5,2,0.714,4.84,20,2,,0,0,4,48.1,37,28,26,10,18,2,49,5,0,2,204,1.138,6.9,1.9,3.4,9.1,2.72,,player.fcgi?id=elliot002ada
Alex Galvan,19,2021,Louisville,0,0,,0,6,0,,0,0,0,5,5,1,0,0,7,0,8,1,0,0,25,2.4,9,0,12.6,14.4,1.14,,player.fcgi?id=galvan000ale
Michael Kirian*,22,2021,Louisville,5,3,0.625,4.8,16,11,,0,0,1,69.1,70,42,37,11,28,0,75,2,0,5,303,1.413,9.1,1.4,3.6,9.7,2.68,,player.fcgi?id=kirian000mic
Tate Kuehner*,20,2021,Louisville,4,5,0.444,3.55,20,2,,0,0,0,45.2,31,22,18,6,24,0,56,5,1,6,197,1.204,6.1,1.2,4.7,11,2.33,,player.fcgi?id=kuehne000tat
Carter Lohman*,21,2021,Louisville,2,2,0.5,5.31,9,3,,0,0,0,20.1,21,18,12,2,16,0,26,4,0,0,99,1.82,9.3,0.9,7.1,11.5,1.63,,player.fcgi?id=lohman000car
Jack Perkins,21,2021,Louisville,1,1,0.5,7.31,11,1,,0,0,1,16,13,18,13,0,22,0,15,2,0,8,86,2.188,7.3,0,12.4,8.4,0.68,,player.fcgi?id=perkin001jac
Riley Phillips*,19,2021,Louisville,0,0,,15.43,6,0,,0,0,0,4.2,8,8,8,1,7,0,8,2,0,0,30,3.214,15.4,1.9,13.5,15.4,1.14,,player.fcgi?id=philli002ril
Jared Poland,21,2021,Louisville,0,1,0,3.94,5,2,,0,0,0,16,11,7,7,3,11,0,14,3,0,2,71,1.375,6.2,1.7,6.2,7.9,1.27,,player.fcgi?id=poland000jar
Michael Prosecky*,20,2021,Louisville,0,0,,8.31,4,1,,0,0,0,8.2,16,10,8,1,7,0,10,0,0,2,48,2.654,16.6,1,7.3,10.4,1.43,,player.fcgi?id=prosec000mic
Cam Robinson,21,2021,Louisville,0,0,,9,9,0,,0,0,0,9,10,10,9,1,7,0,8,2,0,2,46,1.889,10,1,7,8,1.14,,player.fcgi?id=robins001cam
Garrett Schmeltz*,21,2021,Louisville,0,0,,5.89,14,0,,0,0,0,18.1,21,15,12,3,6,0,16,7,0,6,89,1.473,10.3,1.5,2.9,7.9,2.67,,player.fcgi?id=schmel000gar
Luke Seed*,21,2021,Louisville,0,1,0,2.64,12,12,,0,0,0,47.2,41,18,14,2,29,0,44,9,1,3,218,1.469,7.7,0.4,5.5,8.3,1.52,,player.fcgi?id=seed--000luk
Anthony Silkwood?,--,2021,Louisville,0,0,,6.75,2,0,,0,0,0,1.1,4,1,1,0,1,0,2,1,0,0,10,3.75,27,0,6.8,13.5,2,,player.fcgi?id=silkwo000ant
Luke Smith,23,2021,Louisville,3,4,0.429,5.85,12,11,,0,0,0,40,50,31,26,10,17,0,32,4,0,5,188,1.675,11.3,2.3,3.8,7.2,1.88,,player.fcgi?id=smith-003luk
Kellan Tulio*,20,2021,Louisville,0,0,,15.43,4,0,,0,0,0,2.1,3,4,4,0,3,0,1,1,0,1,14,2.571,11.6,0,11.6,3.9,0.33,,player.fcgi?id=tulio-000kel
Evan Webster*,19,2021,Louisville,2,1,0.667,5.5,20,0,,0,0,0,34.1,38,21,21,5,11,0,25,2,0,0,147,1.427,10,1.3,2.9,6.6,2.27,,player.fcgi?id=webste000eva
Ben Wiegman,19,2021,Louisville,0,0,,9,1,0,,0,0,0,1,1,1,1,0,2,0,0,0,0,0,5,3,9,0,18,0,0,,player.fcgi?id=wiegma000ben
Seamus Barrett,21,2022,Louisville,0,0,,11.68,6,3,,0,0,0,12.1,17,18,16,3,9,0,19,3,0,4,66,2.108,12.4,2.2,6.6,13.9,2.11,,player.fcgi?id=barret000sea
Kaleb Corbett,20,2022,Louisville,2,1,0.667,8.1,20,2,,0,0,1,23.1,32,24,21,8,10,1,24,5,0,2,116,1.8,12.3,3.1,3.9,9.3,2.4,,player.fcgi?id=corbet000kal
Adam Dowler*,19,2022,Louisville,0,0,,4.91,14,0,,0,0,0,14.2,20,12,8,0,8,0,18,2,0,3,72,1.909,12.3,0,4.9,11,2.25,,player.fcgi?id=dowler000ada
Jacob Ferris,22,2022,Louisville,0,1,0,6,11,1,,0,0,0,15,19,13,10,2,17,0,18,1,0,0,81,2.4,11.4,1.2,10.2,10.8,1.06,,player.fcgi?id=ferris002jac
Alex Galvan,20,2022,Louisville,0,0,,6.35,16,0,,0,0,0,17,19,12,12,4,6,0,20,1,1,0,76,1.471,10.1,2.1,3.2,10.6,3.33,,player.fcgi?id=galvan000ale
Kade Grundy,20,2022,Louisville,1,1,0.5,6.48,15,2,,0,0,0,16.2,17,15,12,3,12,0,11,1,1,1,79,1.74,9.2,1.6,6.5,5.9,0.92,,player.fcgi?id=grundy000kad
Ryan Hawks,21,2022,Louisville,5,3,0.625,4.96,27,1,,0,0,1,49,54,28,27,9,16,0,65,6,1,3,222,1.429,9.9,1.7,2.9,11.9,4.06,,player.fcgi?id=hawks-000rya
Will Koger,19,2022,Louisville,0,1,0,12.27,11,2,,0,0,0,14.2,24,24,20,4,12,0,10,5,0,2,86,2.455,14.7,2.5,7.4,6.1,0.83,,player.fcgi?id=koger-000wil
Tate Kuehner*,21,2022,Louisville,7,3,0.7,3.57,25,8,,0,0,4,70.2,61,38,28,6,32,2,70,9,1,8,317,1.316,7.8,0.8,4.1,8.9,2.19,,player.fcgi?id=kuehne000tat
J.R. Langworthy,23,2022,Louisville,0,0,,0,3,0,,0,0,0,0.2,0,0,0,0,1,0,0,1,0,0,4,1.5,0,0,13.5,0,0,,player.fcgi?id=langwo000jr-
Carson Liggett,19,2022,Louisville,3,0,1,4.68,18,4,,0,0,0,25,18,14,13,3,15,0,21,4,1,6,112,1.32,6.5,1.1,5.4,7.6,1.4,,player.fcgi?id=ligget000car
Carter Lohman*,22,2022,Louisville,1,2,0.333,6.04,15,4,,0,0,0,25.1,21,19,17,2,26,0,24,7,0,1,128,1.855,7.5,0.7,9.2,8.5,0.92,,player.fcgi?id=lohman000car
Riley Phillips*,20,2022,Louisville,5,1,0.833,4.34,15,13,,0,0,0,58,57,31,28,10,17,0,69,4,0,3,247,1.276,8.8,1.6,2.6,10.7,4.06,,player.fcgi?id=philli002ril
Jared Poland,22,2022,Louisville,5,5,0.5,3.46,17,15,,0,0,0,83.1,79,45,32,9,32,0,103,6,0,5,366,1.332,8.5,1,3.5,11.1,3.22,,player.fcgi?id=poland000jar
Michael Prosecky*,21,2022,Louisville,2,1,0.667,3.38,26,0,,0,0,11,37.1,31,16,14,2,22,0,44,5,0,1,165,1.42,7.5,0.5,5.3,10.6,2,,player.fcgi?id=prosec000mic
Cam Robinson,22,2022,Louisville,1,0,1,9,12,0,,0,0,0,16,21,17,16,2,8,0,22,3,0,0,79,1.813,11.8,1.1,4.5,12.4,2.75,,player.fcgi?id=robins001cam
Garrett Schmeltz*,22,2022,Louisville,2,0,1,3.99,20,3,,0,0,0,29.1,21,15,13,4,14,0,40,5,1,1,121,1.193,6.4,1.2,4.3,12.3,2.86,,player.fcgi?id=schmel000gar
Luke Seed*,22,2022,Louisville,1,1,0.5,9.28,5,3,,0,0,0,10.2,7,11,11,2,10,0,17,2,0,1,50,1.594,5.9,1.7,8.4,14.3,1.7,,player.fcgi?id=seed--000luk
Kyle Walter,19,2022,Louisville,2,0,1,8.25,17,1,,0,0,0,12,14,12,11,2,14,0,11,1,0,4,65,2.333,10.5,1.5,10.5,8.3,0.79,,player.fcgi?id=walter002kyl
Evan Webster*,20,2022,Louisville,2,1,0.667,4.4,21,0,,0,0,1,30.2,31,15,15,6,6,1,31,1,0,4,126,1.207,9.1,1.8,1.8,9.1,5.17,,player.fcgi?id=webste000eva
Ben Wiegman,20,2022,Louisville,3,0,1,5.93,13,2,,0,0,0,13.2,13,9,9,4,11,0,9,3,0,1,66,1.756,8.6,2.6,7.2,5.9,0.82,,player.fcgi?id=wiegma000ben
Tucker Biven,19,2023,Louisville,0,2,0,4.81,16,4,,0,0,0,33.2,38,27,18,7,21,0,26,4,0,4,165,1.752,10.2,1.9,5.6,7,1.24,,player.fcgi?id=biven-000tuc
Kayden Campbell*,19,2023,Louisville,2,1,0.667,5.12,23,0,,0,0,2,19.1,17,12,11,1,8,0,25,7,0,1,89,1.293,7.9,0.5,3.7,11.6,3.13,,player.fcgi?id=campbe000kay
Kaleb Corbett,21,2023,Louisville,0,0,,1.69,18,0,,0,0,0,21.1,15,5,4,1,14,0,22,2,0,3,93,1.359,6.3,0.4,5.9,9.3,1.57,,player.fcgi?id=corbet000kal
Wyatt Danilowicz*,19,2023,Louisville,0,0,,0,4,0,,0,0,0,2.2,2,1,0,0,2,0,4,0,0,0,13,1.5,6.8,0,6.8,13.5,2,,player.fcgi?id=danilo000wya
Greg Farone*,21,2023,Louisville,1,4,0.2,4.8,21,6,,0,0,1,50.2,42,29,27,9,35,1,65,6,0,5,233,1.52,7.5,1.6,6.2,11.5,1.86,,player.fcgi?id=farone000gre
Patrick Forbes,18,2023,Louisville,0,0,,7.71,14,0,,0,0,0,9.1,8,10,8,0,15,0,10,1,0,2,51,2.464,7.7,0,14.5,9.6,0.67,,player.fcgi?id=forbes002pat
Alex Galvan,21,2023,Louisville,0,1,0,6.35,15,0,,0,0,0,11.1,7,9,8,0,12,0,9,0,0,4,52,1.676,5.6,0,9.5,7.1,0.75,,player.fcgi?id=galvan000ale
Kade Grundy,21,2023,Louisville,3,0,1,5.6,17,6,,0,0,1,35.1,30,23,22,7,15,0,31,5,1,1,157,1.274,7.6,1.8,3.8,7.9,2.07,,player.fcgi?id=grundy000kad
Ryan Hawks,22,2023,Louisville,5,3,0.625,4.58,15,14,,0,0,0,76.2,88,42,39,13,23,1,80,7,0,1,332,1.448,10.3,1.5,2.7,9.4,3.48,,player.fcgi?id=hawks-000rya
Will Koger,20,2023,Louisville,2,1,0.667,4.81,16,1,,0,0,0,24.1,24,15,13,4,16,0,25,6,0,2,112,1.644,8.9,1.5,5.9,9.2,1.56,,player.fcgi?id=koger-000wil
Tate Kuehner*,22,2023,Louisville,2,4,0.333,3.99,19,2,,0,0,5,38.1,28,23,17,5,21,1,54,7,0,3,172,1.278,6.6,1.2,4.9,12.7,2.57,,player.fcgi?id=kuehne000tat
Carson Liggett,20,2023,Louisville,7,2,0.778,3.42,14,14,,1,1,0,71,64,28,27,4,29,1,64,3,1,8,301,1.31,8.1,0.5,3.7,8.1,2.21,,player.fcgi?id=ligget000car
Riley Phillips*,21,2023,Louisville,4,2,0.667,4.08,16,4,,0,0,0,35.1,30,16,16,4,24,0,46,1,1,8,159,1.528,7.6,1,6.1,11.7,1.92,,player.fcgi?id=philli002ril
Cam Robinson,23,2023,Louisville,0,1,0,4.5,7,0,,0,0,0,6,6,6,3,1,2,0,10,1,0,0,28,1.333,9,1.5,3,15,5,,player.fcgi?id=robins001cam
Evan Webster*,21,2023,Louisville,4,2,0.667,3.09,22,3,,0,0,2,35,32,17,12,4,9,0,36,0,0,2,145,1.171,8.2,1,2.3,9.3,4,,player.fcgi?id=webste000eva
Justin West*,19,2023,Louisville,0,0,,0,1,1,,0,0,0,1,1,0,0,0,1,0,1,0,0,0,5,2,9,0,9,9,1,,player.fcgi?id=west--000jus
Ben Wiegman,21,2023,Louisville,1,1,0.5,9,11,0,,0,0,1,10,12,13,10,1,7,0,6,3,0,1,53,1.9,10.8,0.9,6.3,5.4,0.86,,player.fcgi?id=wiegma000ben
Tucker Biven,20,2024,Louisville,4,2,0.667,3.82,24,0,,0,0,5,35.1,39,16,15,4,10,0,40,4,0,4,160,1.387,9.9,1,2.5,10.2,4,,player.fcgi?id=biven-000tuc
Kayden Campbell*,20,2024,Louisville,3,1,0.75,7.65,23,0,,0,0,1,20,24,19,17,3,17,0,22,3,0,6,104,2.05,10.8,1.4,7.7,9.9,1.29,,player.fcgi?id=campbe000kay
Kaleb Corbett,22,2024,Louisville,1,1,0.5,7.59,19,1,,0,0,2,32,31,28,27,9,12,0,37,1,1,3,140,1.344,8.7,2.5,3.4,10.4,3.08,,player.fcgi?id=corbet000kal
Mitchell Dean*,19,2024,Louisville,0,0,,24.92,3,0,,0,0,1,4.1,11,12,12,2,1,0,5,2,0,3,27,2.769,22.8,4.2,2.1,10.4,5,,player.fcgi?id=dean--002mit
Parker Detmers,19,2024,Louisville,2,1,0.667,7.23,14,2,,0,0,0,18.2,21,17,15,1,14,0,17,2,0,2,88,1.875,10.1,0.5,6.8,8.2,1.21,,player.fcgi?id=detmer000par
Korbyn Dickerson,20,2024,Louisville,0,0,,inf,1,0,,0,0,0,0,0,2,2,0,2,0,0,0,0,0,2,,,,,,0,,player.fcgi?id=dicker000kor
Patrick Forbes,19,2024,Louisville,0,1,0,3.72,12,4,,0,0,1,29,25,14,12,5,15,0,32,3,0,2,123,1.379,7.8,1.6,4.7,9.9,2.13,,player.fcgi?id=forbes002pat
Sebastian Gongora*,22,2024,Louisville,5,4,0.556,6.14,15,15,,1,0,0,77.2,86,61,53,14,29,0,89,7,1,7,351,1.481,10,1.6,3.4,10.3,3.07,,player.fcgi?id=gongor000seb
Kade Grundy,22,2024,Louisville,0,0,,8.74,9,0,,0,0,0,11.1,16,14,11,3,5,0,11,1,0,4,56,1.853,12.7,2.4,4,8.7,2.2,,player.fcgi?id=grundy000kad
Colton Hartman*,19,2024,Louisville,1,2,0.333,5.9,12,8,,0,0,0,29,25,19,19,5,18,0,37,2,0,2,131,1.483,7.8,1.6,5.6,11.5,2.06,,player.fcgi?id=hartma001col
Jake Karaba,23,2024,Louisville,0,0,,18,7,0,,0,0,0,8,15,16,16,2,9,1,11,0,0,1,45,3,16.9,2.3,10.1,12.4,1.22,,player.fcgi?id=karaba000jak
Josh Klug,19,2024,Louisville,0,0,,0,3,0,,0,0,0,2,0,1,0,0,1,0,0,1,0,0,9,0.5,0,0,4.5,0,0,,player.fcgi?id=klug--000jos
Will Koger,21,2024,Louisville,1,3,0.25,11.25,13,1,,0,0,0,16,26,23,20,3,12,0,10,2,0,4,84,2.375,14.6,1.7,6.8,5.6,0.83,,player.fcgi?id=koger-000wil
Jared Lessman*,21,2024,Louisville,1,1,0.5,6,17,0,,0,0,0,21,19,14,14,4,15,0,15,8,0,1,103,1.619,8.1,1.7,6.4,6.4,1,,player.fcgi?id=lessma000jar
Carson Liggett,21,2024,Louisville,2,2,0.5,6.75,16,6,,0,0,0,33.1,42,29,25,10,10,0,29,4,0,2,158,1.56,11.3,2.7,2.7,7.8,2.9,,player.fcgi?id=ligget000car
Riley Phillips*,22,2024,Louisville,2,2,0.5,8.53,14,2,,0,0,0,25.1,30,27,24,8,18,0,32,3,1,11,128,1.895,10.7,2.8,6.4,11.4,1.78,,player.fcgi?id=philli002ril
Dan Snyder,21,2024,Louisville,2,0,1,10.38,10,0,,0,0,0,13,14,18,15,2,11,0,7,2,0,0,67,1.923,9.7,1.4,7.6,4.8,0.64,,player.fcgi?id=snyder000dan
Ty Starke*,19,2024,Louisville,1,0,1,4.19,16,0,,0,0,0,19.1,19,11,9,1,11,0,17,5,0,3,89,1.552,8.8,0.5,5.1,7.9,1.55,,player.fcgi?id=starke000ty-
Evan Webster*,22,2024,Louisville,5,3,0.625,4.18,16,15,,0,0,0,71,75,36,33,10,20,0,62,5,0,3,307,1.338,9.5,1.3,2.5,7.9,3.1,,player.fcgi?id=webste000eva
Justin West*,20,2024,Louisville,2,1,0.667,5.4,12,2,,0,0,1,16.2,26,12,10,5,5,0,23,2,0,0,80,1.86,14,2.7,2.7,12.4,4.6,,player.fcgi?id=west--000jus
Tucker Biven,21,2025,Louisville,5,0,1,3.71,23,5,,0,0,4,43.2,47,26,18,5,22,2,36,1,0,6,201,1.58,9.7,1,4.5,7.4,1.64,,player.fcgi?id=biven-000tuc
Jack Brown,19,2025,Louisville,5,5,0.5,6.59,26,2,,0,0,0,42.1,60,35,31,4,27,0,27,7,0,4,210,2.055,12.8,0.9,5.7,5.7,1,,player.fcgi?id=brown-023jac
Brandin Crawford,20,2025,Louisville,1,0,1,12.15,9,0,,0,0,0,6.2,10,12,9,3,11,0,6,0,0,3,41,3.15,13.5,4.1,14.9,8.1,0.55,,player.fcgi?id=crawfo003bra
Brennyn Cutts,22,2025,Louisville,3,1,0.75,4.97,26,2,,0,0,2,38,30,23,21,9,19,0,46,11,0,3,172,1.289,7.1,2.1,4.5,10.9,2.42,,player.fcgi?id=cutts-000bre
Wyatt Danilowicz*,21,2025,Louisville,0,1,0,2.7,28,0,,0,0,3,33.1,19,14,10,3,25,1,52,2,0,10,145,1.32,5.1,0.8,6.8,14,2.08,,player.fcgi?id=danilo000wya
Tague Davis*,19,2025,Louisville,0,0,,12,5,0,,0,0,0,3,6,4,4,0,7,0,2,1,0,1,21,4.333,18,0,21,6,0.29,,player.fcgi?id=davis-000tag
Parker Detmers,20,2025,Louisville,1,1,0.5,3.94,4,4,,0,0,0,16,16,9,7,1,4,0,15,3,0,2,68,1.25,9,0.6,2.3,8.4,3.75,,player.fcgi?id=detmer000par
Ethan Eberle*,19,2025,Louisville,6,2,0.75,4.65,20,10,,0,0,0,62,62,33,32,12,25,0,59,14,1,0,273,1.403,9,1.7,3.6,8.6,2.36,,player.fcgi?id=eberle000eth
Aaron England*,19,2025,Louisville,0,0,,8.31,5,0,,0,0,0,4.1,6,4,4,1,4,0,4,0,0,3,24,2.308,12.5,2.1,8.3,8.3,1,,player.fcgi?id=englan000aar
Patrick Forbes,20,2025,Louisville,4,2,0.667,4.42,15,15,,0,0,0,71.1,59,42,35,7,34,0,117,11,0,11,319,1.304,7.4,0.9,4.3,14.8,3.44,,player.fcgi?id=forbes002pat
Alex Gay,19,2025,Louisville,0,0,,18,7,0,,0,0,0,4,5,8,8,1,4,0,3,1,0,6,22,2.25,11.3,2.3,9,6.8,0.75,,player.fcgi?id=gay---000ale
Jake Gregor,19,2025,Louisville,1,0,1,7.04,10,0,,0,0,0,7.2,9,10,6,1,5,1,4,3,0,4,39,1.826,10.6,1.2,5.9,4.7,0.8,,player.fcgi?id=gregor000jak
Colton Hartman*,20,2025,Louisville,2,1,0.667,11.65,17,4,,0,0,0,17,27,22,22,2,17,1,20,6,0,3,97,2.588,14.3,1.1,9,10.6,1.18,,player.fcgi?id=hartma001col
Eli Hoyt,22,2025,Louisville,0,0,,12.6,8,0,,0,0,0,5,8,7,7,2,8,0,6,1,0,4,30,3.2,14.4,3.6,14.4,10.8,0.75,,player.fcgi?id=hoyt--000eli
Jared Lessman*,22,2025,Louisville,0,0,,7.84,9,1,,0,0,0,10.1,13,9,9,3,11,0,9,2,0,1,52,2.323,11.3,2.6,9.6,7.8,0.82,,player.fcgi?id=lessma000jar
Peter Michael,21,2025,Louisville,4,3,0.571,4.83,14,13,,0,0,0,50.1,39,33,27,6,37,0,52,6,1,11,229,1.51,7,1.1,6.6,9.3,1.41,,player.fcgi?id=michae000pet
Casen Murphy*,20,2025,Louisville,0,1,0,8.64,14,2,,0,0,0,16.2,24,18,16,5,12,0,12,4,0,5,93,2.16,13,2.7,6.5,6.5,1,,player.fcgi?id=murphy001cas
TJ Schlageter*,20,2025,Louisville,3,2,0.6,5.04,17,6,,0,0,0,30.1,26,19,17,4,16,0,17,3,0,6,131,1.385,7.7,1.2,4.7,5,1.06,,player.fcgi?id=schlag000tj-
Jake Schweitzer,19,2025,Louisville,4,3,0.571,2.34,25,0,,0,0,3,42.1,31,14,11,1,19,1,23,4,0,4,179,1.181,6.6,0.2,4,4.9,1.21,,player.fcgi?id=schwei002jak
Ty Starke*,20,2025,Louisville,1,0,1,8.35,23,0,,0,0,0,18.1,18,19,17,3,14,0,21,4,0,6,92,1.745,8.8,1.5,6.9,10.3,1.5,,player.fcgi?id=starke000ty-
Kian Vorster,18,2025,Louisville,0,0,,27,3,0,,0,0,0,1.1,4,4,4,1,3,0,0,2,0,4,13,5.25,27,6.8,20.3,0,0,,player.fcgi?id=vorste000kia
Justin West*,21,2025,Louisville,2,2,0.5,5.59,25,2,,0,0,0,37,36,25,23,4,20,0,52,4,0,4,170,1.514,8.8,1,4.9,12.6,2.6,,player.fcgi?id=west--000jus
Rob Chamra,23,2011,NC State,,,,4.3,,10,,,0,,69,66,35,33,,32,,39,,,,,1.42,8.6,,4.2,5.1,1.22,,player.fcgi?id=chamra000rob
Mike Clark?,--,2011,NC State,,,,18,,0,,,0,,2,4,4,4,,6,,1,,,,,5,18,,27,4.5,0.17,,player.fcgi?id=clark-002mik
Rey Cotilla,22,2011,NC State,,,,3.6,,0,,,0,,15,20,8,6,,7,,15,,,,,1.8,12,,4.2,9,2.14,,player.fcgi?id=cotill001rey
Josh Easley,20,2011,NC State,,,,5.87,,7,,,0,,46,52,31,30,,23,,53,,,,,1.63,10.2,,4.5,10.4,2.3,,player.fcgi?id=easley001jos
Gary Gillheeney,22,2011,NC State,,,,0,,0,,,0,,1,1,1,0,,1,,1,,,,,2,9,,9,9,1,,player.fcgi?id=gillhe001gar
Danny Healey?,--,2011,NC State,,,,5.96,,11,,,0,,54.1,58,41,36,,25,,43,,,,,1.528,9.6,,4.1,7.1,1.72,,player.fcgi?id=healey000dan
Cory Mazzoni,21,2011,NC State,,,,3.25,,16,,,1,,116.1,91,50,42,,29,,137,,,,,1.032,7,,2.2,10.6,4.72,,player.fcgi?id=mazzon001cor
Ethan Ogburn?,--,2011,NC State,,,,4.41,,8,,,0,,63.1,65,35,31,,21,,47,,,,,1.358,9.2,,3,6.7,2.24,,player.fcgi?id=ogburn000eth
Chris Overman,20,2011,NC State,,,,2.39,,0,,,0,,49,38,17,13,,7,,45,,,,,0.918,7,,1.3,8.3,6.43,,player.fcgi?id=overma000chr
Brandon Price?,--,2011,NC State,,,,1.8,,0,,,0,,10,8,2,2,,2,,6,,,,,1,7.2,,1.8,5.4,3,,player.fcgi?id=price-003bra
Nick Rice?,--,2011,NC State,,,,4.67,,0,,,0,,17.1,18,12,9,,3,,11,,,,,1.212,9.3,,1.6,5.7,3.67,,player.fcgi?id=rice--000nic
Grant Sasser?,--,2011,NC State,,,,4.11,,4,,,0,,35,44,21,16,,13,,27,,,,,1.629,11.3,,3.3,6.9,2.08,,player.fcgi?id=sasser000gra
D.J. Thomas?,--,2011,NC State,,,,3.86,,2,,,0,,42,34,19,18,,19,,26,,,,,1.262,7.3,,4.1,5.6,1.37,,player.fcgi?id=thomas000dj-
Vance Williams?,--,2011,NC State,,,,3.56,,4,,,0,,43,34,22,17,,20,,33,,,,,1.256,7.1,,4.2,6.9,1.65,,player.fcgi?id=willia003van
Dillon Frye?,--,2012,NC State,3,0,1,2.7,14,1,,,0,1,23.1,17,7,7,2,14,0,17,3,0,5,100,1.329,6.6,0.8,5.4,6.6,1.21,,player.fcgi?id=frye--000dil
Gary Gillheeney,23,2012,NC State,0,0,,0,1,0,,,0,0,1.1,1,0,0,0,0,0,2,1,0,0,6,0.75,6.8,0,0,13.5,,,player.fcgi?id=gillhe001gar
Danny Healey?,--,2012,NC State,4,0,1,3.29,13,4,,,0,0,27.1,24,12,10,1,12,0,12,2,0,2,115,1.317,7.9,0.3,4,4,1,,player.fcgi?id=healey000dan
Logan Jernigan,19,2012,NC State,5,1,0.833,5.71,14,13,,,0,0,52,39,39,33,4,35,0,57,8,1,12,241,1.423,6.8,0.7,6.1,9.9,1.63,,player.fcgi?id=jernig000log
Ethan Ogburn?,--,2012,NC State,5,4,0.556,3.38,19,13,,,0,2,90.2,89,40,34,7,19,0,71,4,0,5,376,1.191,8.8,0.7,1.9,7,3.74,,player.fcgi?id=ogburn000eth
Travis Orwig?,--,2012,NC State,1,1,0.5,2.19,18,0,,,0,0,12.1,12,3,3,0,5,3,11,2,0,1,55,1.378,8.8,0,3.6,8,2.2,,player.fcgi?id=orwig-000tra
Chris Overman,21,2012,NC State,0,1,0,2.91,28,0,,,0,6,34,27,11,11,1,14,1,43,7,0,3,146,1.206,7.1,0.3,3.7,11.4,3.07,,player.fcgi?id=overma000chr
Carlos Rodón*,19,2012,NC State,9,0,1,1.57,17,16,,,0,0,114.2,71,29,20,2,41,0,135,12,3,6,464,0.977,5.6,0.2,3.2,10.6,3.29,,player.fcgi?id=rodon-000car
D.J. Thomas?,--,2012,NC State,2,2,0.5,5.59,21,2,,,0,1,38.2,47,26,24,0,15,0,29,4,0,4,177,1.603,10.9,0,3.5,6.8,1.93,,player.fcgi?id=thomas000dj-
Anthony Tzamtzis,21,2012,NC State,5,5,0.5,4.38,18,10,,,0,0,63.2,50,37,31,4,39,1,63,10,0,11,291,1.398,7.1,0.6,5.5,8.9,1.62,,player.fcgi?id=tzamtz001ant
Ryan Wilkins,21,2012,NC State,5,2,0.714,5.09,25,1,,,0,1,53,59,31,30,3,18,4,49,6,0,6,235,1.453,10,0.5,3.1,8.3,2.72,,player.fcgi?id=wilkin000rya
Chris Williams,19,2012,NC State,0,0,,13.5,2,0,,,0,0,1.1,3,2,2,0,0,0,2,0,0,0,6,2.25,20.3,0,0,13.5,,,player.fcgi?id=willia006chr
Vance Williams?,--,2012,NC State,4,4,0.5,3.7,22,3,,,0,2,56,52,24,23,2,19,0,42,6,0,1,233,1.268,8.4,0.3,3.1,6.8,2.21,,player.fcgi?id=willia003van
Brian Donovan?,--,2013,NC State,0,0,,0,1,0,,,0,0,1.2,1,1,0,0,2,0,1,0,0,0,8,1.8,5.4,0,10.8,5.4,0.5,,player.fcgi?id=donova000bri
Josh Easley,22,2013,NC State,7,2,0.778,1.38,25,2,,,0,1,45.2,37,13,7,3,13,0,42,4,0,1,183,1.095,7.3,0.6,2.6,8.3,3.23,,player.fcgi?id=easley001jos
Dillon Frye?,--,2013,NC State,0,0,,8.53,8,0,,,0,0,6.1,9,7,6,1,2,0,4,2,0,0,29,1.737,12.8,1.4,2.8,5.7,2,,player.fcgi?id=frye--000dil
Will Gilbert*,19,2013,NC State,0,0,,2.7,11,0,,,0,0,6.2,8,6,2,0,7,0,6,0,0,2,40,2.25,10.8,0,9.5,8.1,0.86,,player.fcgi?id=gilber003wil
Danny Healey?,--,2013,NC State,0,0,,11.57,2,0,,,0,0,2.1,4,3,3,0,4,0,2,1,0,0,16,3.429,15.4,0,15.4,7.7,0.5,,player.fcgi?id=healey000dan
Logan Jernigan,20,2013,NC State,1,1,0.5,1.56,11,9,,,0,0,34.2,23,6,6,1,28,0,30,3,0,4,156,1.471,6,0.3,7.3,7.8,1.07,,player.fcgi?id=jernig000log
Karl Keglovits?,--,2013,NC State,1,0,1,4.05,7,3,,,0,0,13.1,13,7,6,0,6,0,6,0,0,1,59,1.425,8.8,0,4.1,4.1,1,,player.fcgi?id=keglov000kar
Connor O'Brien,19,2013,NC State,0,0,,0,2,0,,,0,0,2.1,0,0,0,0,2,0,0,0,0,0,11,0.857,0,0,7.7,0,0,,player.fcgi?id=obrien000con
Ethan Ogburn?,--,2013,NC State,5,3,0.625,2.7,15,12,,,0,0,60,46,24,18,1,14,0,38,3,0,6,238,1,6.9,0.2,2.1,5.7,2.71,,player.fcgi?id=ogburn000eth
Jon Olczak,19,2013,NC State,0,0,,7,5,0,,,0,0,9,8,8,7,0,3,0,5,2,0,0,38,1.222,8,0,3,5,1.67,,player.fcgi?id=olczak000jon
Travis Orwig?,--,2013,NC State,3,0,1,1.5,15,1,,,0,1,18,13,3,3,0,5,0,16,0,0,1,71,1,6.5,0,2.5,8,3.2,,player.fcgi?id=orwig-000tra
Chris Overman,22,2013,NC State,1,1,0.5,0.33,21,0,,,0,6,27.1,10,2,1,0,9,0,26,2,0,1,103,0.695,3.3,0,3,8.6,2.89,,player.fcgi?id=overma000chr
Carlos Rodón*,20,2013,NC State,10,3,0.769,2.99,19,19,,,1,0,132.1,94,50,44,8,45,0,184,16,0,8,542,1.05,6.4,0.5,3.1,12.5,4.09,,player.fcgi?id=rodon-000car
Grant Sasser?,--,2013,NC State,3,0,1,1.03,33,0,,,0,8,43.2,29,6,5,1,13,2,44,6,1,2,175,0.962,6,0.2,2.7,9.1,3.38,,player.fcgi?id=sasser000gra
Brad Stone*,19,2013,NC State,3,2,0.6,5.49,17,13,,,0,1,60.2,54,40,37,6,24,0,60,4,0,2,263,1.286,8,0.9,3.6,8.9,2.5,,player.fcgi?id=stone-004bra
D.J. Thomas?,--,2013,NC State,2,0,1,2.89,14,0,,,0,0,28,29,11,9,3,10,0,17,4,1,0,122,1.393,9.3,1,3.2,5.5,1.7,,player.fcgi?id=thomas000dj-
Anthony Tzamtzis,22,2013,NC State,2,1,0.667,5.4,11,3,,,0,0,28.1,24,19,17,2,30,0,25,12,0,3,149,1.906,7.6,0.6,9.5,7.9,0.83,,player.fcgi?id=tzamtz001ant
Ryan Wilkins,22,2013,NC State,6,2,0.75,4.21,24,4,,,0,2,47,41,24,22,5,12,1,47,6,0,2,198,1.128,7.9,1,2.3,9,3.92,,player.fcgi?id=wilkin000rya
Andrew Woeck,21,2013,NC State,6,1,0.857,3.09,26,0,,,0,0,46.2,38,19,16,4,10,1,45,2,0,4,186,1.029,7.3,0.8,1.9,8.7,4.5,,player.fcgi?id=woeck-000and
Gianni Zayas,19,2013,NC State,0,0,,13.5,2,0,,,0,0,2,3,3,3,1,3,0,1,1,0,0,13,3,13.5,4.5,13.5,4.5,0.33,,player.fcgi?id=zayas-000gia
Cody Beckman*,19,2014,NC State,1,0,1,5.06,9,0,,,0,2,10.2,11,6,6,1,7,0,11,0,0,2,48,1.688,9.3,0.8,5.9,9.3,1.57,,player.fcgi?id=beckma000cod
Will Gilbert*,20,2014,NC State,0,0,,4.09,15,0,,,0,2,11,12,6,5,0,5,0,12,3,0,2,52,1.545,9.8,0,4.1,9.8,2.4,,player.fcgi?id=gilber003wil
Logan Jernigan,21,2014,NC State,6,3,0.667,3.9,16,16,,,0,0,67,60,30,29,2,44,0,65,14,0,13,308,1.552,8.1,0.3,5.9,8.7,1.48,,player.fcgi?id=jernig000log
Karl Keglovits?,--,2014,NC State,0,0,,0,1,0,,,0,0,0.2,1,0,0,0,0,0,0,0,0,0,2,1.5,13.5,0,0,0,,,player.fcgi?id=keglov000kar
Joe O'Donnell,19,2014,NC State,3,0,1,4.13,15,0,,,0,0,28.1,23,14,13,2,17,0,26,1,0,6,124,1.412,7.3,0.6,5.4,8.3,1.53,,player.fcgi?id=odonne000joe
Jon Olczak,20,2014,NC State,1,1,0.5,2.86,23,0,,,0,2,22,19,8,7,1,14,2,21,2,0,1,96,1.5,7.8,0.4,5.7,8.6,1.5,,player.fcgi?id=olczak000jon
Eric Peterson,21,2014,NC State,4,4,0.5,3.21,20,1,,,0,3,56,45,22,20,2,14,3,63,6,0,4,228,1.054,7.2,0.3,2.3,10.1,4.5,,player.fcgi?id=peters004eri
Pat Peterson*,21,2014,NC State,1,2,0.333,4.06,14,11,,,0,1,57.2,61,29,26,3,20,0,53,1,0,3,255,1.405,9.5,0.5,3.1,8.3,2.65,,player.fcgi?id=peters002pat
Carlos Rodón*,21,2014,NC State,6,7,0.462,2.01,14,14,,,0,0,98.2,84,39,22,2,31,0,117,15,0,5,419,1.166,7.7,0.2,2.8,10.7,3.77,,player.fcgi?id=rodon-000car
Brad Stone*,20,2014,NC State,4,2,0.667,3.02,15,6,,,0,1,41.2,27,14,14,3,23,0,34,5,1,5,173,1.2,5.8,0.6,5,7.3,1.48,,player.fcgi?id=stone-004bra
D.J. Thomas?,--,2014,NC State,2,1,0.667,2.37,18,0,,,0,2,30.1,22,11,8,1,11,0,24,4,0,4,125,1.088,6.5,0.3,3.3,7.1,2.18,,player.fcgi?id=thomas000dj-
Cory Wilder,19,2014,NC State,0,1,0,6.75,9,1,,,0,0,9.1,6,7,7,0,11,0,9,1,0,1,44,1.821,5.8,0,10.6,8.7,0.82,,player.fcgi?id=wilder000cor
Chris Williams,21,2014,NC State,0,1,0,7.2,7,1,,,0,0,10,17,9,8,1,3,0,10,0,0,1,49,2,15.3,0.9,2.7,9,3.33,,player.fcgi?id=willia006chr
Ryan Williamson*,19,2014,NC State,1,0,1,3.05,11,3,,,0,0,20.2,17,8,7,1,17,0,21,4,0,4,99,1.645,7.4,0.4,7.4,9.1,1.24,,player.fcgi?id=willia005rya
Andrew Woeck,22,2014,NC State,3,1,0.75,2.17,11,2,,,0,1,29,25,10,7,1,9,0,41,1,0,1,121,1.172,7.8,0.3,2.8,12.7,4.56,,player.fcgi?id=woeck-000and
Evan Brabrand,19,2015,NC State,0,0,,5.68,6,0,,,0,1,6.1,8,7,4,1,6,0,8,1,0,5,35,2.211,11.4,1.4,8.5,11.4,1.33,,player.fcgi?id=brabra000eva
Curt Britt,22,2015,NC State,3,1,0.75,2.24,19,4,,,0,2,56.1,46,23,14,0,21,0,53,6,2,5,241,1.189,7.3,0,3.4,8.5,2.52,,player.fcgi?id=britt-000cur
Brian Brown*,19,2015,NC State,7,3,0.7,2.03,15,15,,,0,0,79.2,59,24,18,6,26,0,78,8,1,7,320,1.067,6.7,0.7,2.9,8.8,3,,player.fcgi?id=brown-005bri
Tommy DeJuneas,19,2015,NC State,3,3,0.5,1.82,24,0,,,0,6,39.2,20,15,8,2,25,0,57,13,2,5,176,1.134,4.5,0.5,5.7,12.9,2.28,,player.fcgi?id=dejune000tom
Will Gilbert*,21,2015,NC State,3,1,0.75,2.47,29,0,,,0,3,47.1,31,14,13,1,20,1,52,7,3,4,197,1.077,5.9,0.2,3.8,9.9,2.6,,player.fcgi?id=gilber003wil
Evan Mendoza,19,2015,NC State,1,1,0.5,6.75,9,2,,,0,0,18.2,24,15,14,1,10,0,9,1,0,1,90,1.821,11.6,0.5,4.8,4.3,0.9,,player.fcgi?id=mendoz000eva
Joe O'Donnell,20,2015,NC State,7,3,0.7,2.08,25,0,,,0,0,52,37,20,12,3,20,1,54,12,0,9,223,1.096,6.4,0.5,3.5,9.3,2.7,,player.fcgi?id=odonne000joe
Jon Olczak,21,2015,NC State,2,0,1,2.55,23,2,,,0,1,42.1,27,21,12,3,29,0,47,9,0,9,187,1.323,5.7,0.6,6.2,10,1.62,,player.fcgi?id=olczak000jon
Travis Orwig?,--,2015,NC State,2,0,1,1.85,15,0,,,0,2,24.1,19,10,5,1,9,0,20,6,1,1,108,1.151,7,0.4,3.3,7.4,2.22,,player.fcgi?id=orwig-000tra
Johnny Piedmonte?,--,2015,NC State,1,2,0.333,3.44,15,12,,,0,0,49.2,49,24,19,3,14,0,40,2,1,1,211,1.268,8.9,0.5,2.5,7.2,2.86,,player.fcgi?id=piedmo000joh
Brad Stone*,21,2015,NC State,1,0,1,5.28,8,3,,,0,0,15.1,9,9,9,0,18,0,13,2,0,1,71,1.761,5.3,0,10.6,7.6,0.72,,player.fcgi?id=stone-004bra
Cory Wilder,20,2015,NC State,2,5,0.286,3.5,15,14,,,0,0,64.1,35,26,25,1,59,0,79,10,0,12,289,1.461,4.9,0.1,8.3,11.1,1.34,,player.fcgi?id=wilder000cor
Ryan Williamson*,20,2015,NC State,4,4,0.5,5.17,12,7,,,0,0,38.1,50,28,22,4,17,0,47,2,0,4,183,1.748,11.7,0.9,4,11,2.76,,player.fcgi?id=willia005rya
Sean Adler*,22,2016,NC State,0,1,0,6.94,19,1,,0,0,0,23.1,24,20,18,2,21,0,26,3,1,3,112,1.929,9.3,0.8,8.1,10,1.24,,player.fcgi?id=adler-000sea
Cody Beckman*,21,2016,NC State,2,0,1,6.05,16,0,,0,0,0,19.1,14,14,13,1,8,0,23,3,1,5,81,1.138,6.5,0.5,3.7,10.7,2.88,,player.fcgi?id=beckma000cod
Evan Brabrand,20,2016,NC State,1,1,0.5,7.23,17,0,,0,0,1,23.2,30,20,19,3,9,0,29,3,0,2,113,1.648,11.4,1.1,3.4,11,3.22,,player.fcgi?id=brabra000eva
Brian Brown*,20,2016,NC State,7,3,0.7,3.7,17,17,,0,0,0,87.2,84,41,36,8,32,0,79,8,1,5,375,1.323,8.6,0.8,3.3,8.1,2.47,,player.fcgi?id=brown-005bri
Tommy DeJuneas,20,2016,NC State,2,3,0.4,6.37,24,0,,0,0,6,29.2,35,21,21,4,19,1,27,5,0,5,141,1.82,10.6,1.2,5.8,8.2,1.42,,player.fcgi?id=dejune000tom
Christian Demby,19,2016,NC State,0,1,0,7.27,7,1,,0,0,0,8.2,12,7,7,1,4,0,9,2,0,0,44,1.846,12.5,1,4.2,9.3,2.25,,player.fcgi?id=demby-000chr
Will Gilbert*,22,2016,NC State,5,1,0.833,2.22,24,0,,0,0,6,52.2,48,13,13,2,11,0,62,5,0,7,211,1.12,8.2,0.3,1.9,10.6,5.64,,player.fcgi?id=gilber003wil
Karl Keglovits?,--,2016,NC State,1,0,1,4.5,10,1,,0,0,0,14,14,9,7,0,10,0,11,2,1,2,67,1.714,9,0,6.4,7.1,1.1,,player.fcgi?id=keglov000kar
Tim Naughton,20,2016,NC State,0,0,,3,3,0,,0,0,0,3,5,2,1,0,2,0,1,1,0,0,16,2.333,15,0,6,3,0.5,,player.fcgi?id=naught002tim
Joe O'Donnell,21,2016,NC State,3,2,0.6,4.02,6,6,,1,0,0,31.1,30,20,14,2,12,0,25,4,0,1,136,1.34,8.6,0.6,3.4,7.2,2.08,,player.fcgi?id=odonne000joe
Travis Orwig?,--,2016,NC State,1,0,1,1.93,17,0,,0,0,0,18.2,16,4,4,0,13,0,21,0,1,4,83,1.554,7.7,0,6.3,10.1,1.62,,player.fcgi?id=orwig-000tra
Johnny Piedmonte?,--,2016,NC State,1,3,0.25,5.56,13,8,,0,0,1,34,35,27,21,0,22,0,28,1,0,4,158,1.676,9.3,0,5.8,7.4,1.27,,player.fcgi?id=piedmo000joh
Kyle Smith,22,2016,NC State,0,0,,6.23,9,0,,0,0,0,4.1,4,3,3,0,6,0,4,0,0,0,24,2.308,8.3,0,12.5,8.3,0.67,,player.fcgi?id=smith-013kyl
Austin Staley?,--,2016,NC State,3,1,0.75,3.16,26,0,,0,0,0,25.2,17,10,9,0,11,0,23,1,0,8,105,1.091,6,0,3.9,8.1,2.09,,player.fcgi?id=staley000aus
Cory Wilder,21,2016,NC State,3,4,0.429,4.61,15,13,,0,0,0,56.2,51,30,29,4,30,0,40,6,0,15,248,1.429,8.1,0.6,4.8,6.4,1.33,,player.fcgi?id=wilder000cor
Chris Williams,23,2016,NC State,2,0,1,2.51,22,0,,0,0,1,32.1,39,13,9,2,7,1,14,5,0,0,145,1.423,10.9,0.6,1.9,3.9,2,,player.fcgi?id=willia006chr
Ryan Williamson*,21,2016,NC State,7,2,0.778,2.69,15,13,,0,0,0,70.1,60,26,21,5,38,0,77,8,0,8,305,1.393,7.7,0.6,4.9,9.9,2.03,,player.fcgi?id=willia005rya
Sean Adler*,23,2017,NC State,6,6,0.5,3.58,19,12,,0,0,4,78,67,32,31,7,25,0,70,7,0,1,325,1.179,7.7,0.8,2.9,8.1,2.8,,player.fcgi?id=adler-000sea
Cody Beckman*,22,2017,NC State,0,2,0,4.85,17,1,,0,0,1,26,27,16,14,0,22,0,23,0,0,4,121,1.885,9.3,0,7.6,8,1.05,,player.fcgi?id=beckma000cod
Michael Bienlien,19,2017,NC State,3,3,0.5,4.66,18,10,,0,0,0,58,55,37,30,4,24,0,39,14,0,2,261,1.362,8.5,0.6,3.7,6.1,1.63,,player.fcgi?id=bienli000mic
Evan Brabrand,21,2017,NC State,1,0,1,6.6,11,0,,0,0,0,15,20,11,11,3,9,0,13,2,0,1,75,1.933,12,1.8,5.4,7.8,1.44,,player.fcgi?id=brabra000eva
Brian Brown*,21,2017,NC State,4,3,0.571,3.76,14,13,,0,0,0,67,68,37,28,4,32,0,63,3,0,2,296,1.493,9.1,0.5,4.3,8.5,1.97,,player.fcgi?id=brown-005bri
Tommy DeJuneas,21,2017,NC State,4,0,1,4.22,15,2,,0,0,0,32,28,19,15,2,25,1,27,1,0,5,145,1.656,7.9,0.6,7,7.6,1.08,,player.fcgi?id=dejune000tom
Christian Demby,20,2017,NC State,0,2,0,7.16,6,4,,0,0,0,16.1,18,13,13,4,9,2,11,3,0,2,79,1.653,9.9,2.2,5,6.1,1.22,,player.fcgi?id=demby-000chr
Dalton Feeney,20,2017,NC State,3,2,0.6,2.53,14,3,,0,0,1,21.1,14,8,6,1,11,0,14,1,1,3,89,1.172,5.9,0.4,4.6,5.9,1.27,,player.fcgi?id=feeney000dal
Mathieu Gauthier,19,2017,NC State,1,1,0.5,5.89,10,2,,0,0,0,18.1,24,16,12,3,5,0,18,0,0,1,88,1.582,11.8,1.5,2.5,8.8,3.6,,player.fcgi?id=gauthi000mat
Kent Klyman*,19,2017,NC State,1,0,1,2.16,20,0,,0,0,0,16.2,9,8,4,0,10,0,12,2,0,2,72,1.14,4.9,0,5.4,6.5,1.2,,player.fcgi?id=klyman000ken
Tim Naughton,21,2017,NC State,0,0,,3,11,0,,0,0,0,12,13,5,4,2,10,0,13,1,0,1,56,1.917,9.8,1.5,7.5,9.8,1.3,,player.fcgi?id=naught002tim
Joe O'Donnell,22,2017,NC State,4,0,1,3.91,25,0,,0,0,7,48.1,37,23,21,2,27,0,59,5,0,3,211,1.324,6.9,0.4,5,11,2.19,,player.fcgi?id=odonne000joe
Johnny Piedmonte?,--,2017,NC State,7,0,1,2.77,15,9,,0,0,0,61.2,49,20,19,5,21,0,42,7,0,3,250,1.135,7.2,0.7,3.1,6.1,2,,player.fcgi?id=piedmo000joh
Austin Staley?,--,2017,NC State,2,3,0.4,3.59,31,0,,0,0,5,47.2,46,22,19,5,21,0,44,1,0,2,200,1.406,8.7,0.9,4,8.3,2.1,,player.fcgi?id=staley000aus
Zach Usselman?,--,2017,NC State,0,1,0,7.9,11,0,,0,0,0,13.2,19,13,12,2,9,0,18,2,0,1,72,2.049,12.5,1.3,5.9,11.9,2,,player.fcgi?id=usselm000zac
Cory Wilder,22,2017,NC State,0,2,0,8.18,8,5,,0,0,0,11,14,10,10,3,12,0,14,1,0,0,59,2.364,11.5,2.5,9.8,11.5,1.17,,player.fcgi?id=wilder000cor
Michael Bienlien,20,2018,NC State,3,3,0.5,5.35,16,7,,0,0,0,33.2,51,32,20,3,11,0,30,11,1,2,170,1.842,13.6,0.8,2.9,8,2.73,,player.fcgi?id=bienli000mic
Brian Brown*,22,2018,NC State,7,2,0.778,2.74,16,16,,2,0,0,98.2,84,38,30,10,26,0,98,14,3,6,410,1.115,7.7,0.9,2.4,8.9,3.77,,player.fcgi?id=brown-005bri
Connor Centala*,19,2018,NC State,1,0,1,3.65,11,0,,0,0,0,12.1,17,7,5,0,4,0,9,0,0,2,54,1.703,12.4,0,2.9,6.6,2.25,,player.fcgi?id=cental000con
Nolan Clenney,22,2018,NC State,3,0,1,3.43,33,0,,0,0,0,44.2,32,21,17,5,26,3,54,9,0,3,199,1.299,6.4,1,5.2,10.9,2.08,,player.fcgi?id=clenne000nol
Mathieu Gauthier,20,2018,NC State,0,0,,4.01,17,4,,0,0,1,42.2,39,20,19,3,15,0,34,7,0,6,180,1.266,8.2,0.6,3.2,7.2,2.27,,player.fcgi?id=gauthi000mat
David Harrison*,18,2018,NC State,1,4,0.2,5.72,14,9,,0,0,0,39.1,42,32,25,4,22,0,30,3,1,4,184,1.627,9.6,0.9,5,6.9,1.36,,player.fcgi?id=harris009dav
Cole Hooper*,--,2018,NC State,0,0,,18,2,0,,0,0,0,1,1,2,2,0,2,0,0,0,0,1,5,3,9,0,18,0,0,,player.fcgi?id=hooper002col
Reid Johnston,19,2018,NC State,7,1,0.875,3.06,21,10,,0,0,4,64.2,54,25,22,1,15,0,49,4,1,1,268,1.067,7.5,0.1,2.1,6.8,3.27,,player.fcgi?id=johnst000rei
Evan Justice*,19,2018,NC State,2,0,1,6.83,16,3,,0,0,0,27.2,32,23,21,1,16,0,28,2,0,4,129,1.735,10.4,0.3,5.2,9.1,1.75,,player.fcgi?id=justic000eva
Brett Kinneman*,21,2018,NC State,0,0,,0,2,0,,0,0,0,0.2,2,3,0,0,4,0,1,0,0,1,8,9,27,0,54,13.5,0.25,,player.fcgi?id=kinnem000bre
Kent Klyman*,20,2018,NC State,8,2,0.8,2.34,31,0,,0,0,4,61.2,46,22,16,3,25,1,67,4,0,1,257,1.151,6.7,0.4,3.6,9.8,2.68,,player.fcgi?id=klyman000ken
Joe O'Donnell,23,2018,NC State,1,3,0.25,1.48,24,0,,0,0,11,30.1,18,6,5,2,13,0,40,4,0,2,123,1.022,5.3,0.6,3.9,11.9,3.08,,player.fcgi?id=odonne000joe
Johnny Piedmonte?,--,2018,NC State,5,3,0.625,4.13,13,10,,0,0,0,48,33,22,22,6,21,0,35,6,0,5,199,1.125,6.2,1.1,3.9,6.6,1.67,,player.fcgi?id=piedmo000joh
Josh Pike,19,2018,NC State,0,0,,0,1,0,,0,0,0,0.1,0,0,0,0,0,0,0,0,0,0,1,0,0,0,0,0,,,player.fcgi?id=pike--000jos
Austin Staley?,--,2018,NC State,0,0,,0,1,0,,0,0,0,1,0,0,0,0,0,0,0,1,0,0,4,0,0,0,0,0,,,player.fcgi?id=staley000aus
Nick Swiney*,19,2018,NC State,4,0,1,3.52,20,1,,0,0,0,30.2,25,16,12,3,18,0,37,3,0,3,135,1.402,7.3,0.9,5.3,10.9,2.06,,player.fcgi?id=swiney000nic
Alec Barger,21,2019,NC State,2,2,0.5,6.14,17,6,,0,0,0,29.1,43,22,20,5,11,0,35,1,0,2,140,1.841,13.2,1.5,3.4,10.7,3.18,,player.fcgi?id=barger000ale
Michael Bienlien,21,2019,NC State,3,1,0.75,6.23,19,2,,0,0,0,21.2,24,16,15,2,18,0,27,3,0,4,110,1.938,10,0.8,7.5,11.2,1.5,,player.fcgi?id=bienli000mic
Andrew Blake,21,2019,NC State,1,0,1,4.79,14,2,,0,0,0,20.2,26,12,11,2,11,0,26,3,0,2,100,1.79,11.3,0.9,4.8,11.3,2.36,,player.fcgi?id=blake-000and
Nolan Clenney,23,2019,NC State,1,0,1,2.25,14,0,,0,0,0,12,9,5,3,0,9,0,13,1,1,0,54,1.5,6.8,0,6.8,9.8,1.44,,player.fcgi?id=clenne000nol
Cameron Cotter,20,2019,NC State,5,3,0.625,3,22,3,,0,0,3,39,32,15,13,4,10,0,36,3,0,2,160,1.077,7.4,0.9,2.3,8.3,3.6,,player.fcgi?id=cotter000cam
Dalton Feeney,22,2019,NC State,1,1,0.5,1.86,23,3,,0,0,7,29,27,8,6,3,11,0,23,0,0,3,119,1.31,8.4,0.9,3.4,7.1,2.09,,player.fcgi?id=feeney000dal
Mathieu Gauthier,21,2019,NC State,0,0,,2.53,7,1,,0,0,1,10.2,12,4,3,0,3,0,10,1,0,1,45,1.406,10.1,0,2.5,8.4,3.33,,player.fcgi?id=gauthi000mat
David Harrison*,19,2019,NC State,0,1,0,2.67,21,3,,0,0,0,33.2,32,10,10,1,7,0,33,4,0,2,141,1.158,8.6,0.3,1.9,8.8,4.71,,player.fcgi?id=harris009dav
Reid Johnston,20,2019,NC State,6,2,0.75,3.71,17,14,,1,1,0,77.2,80,40,32,4,27,0,65,6,1,2,339,1.378,9.3,0.5,3.1,7.5,2.41,,player.fcgi?id=johnst000rei
Evan Justice*,20,2019,NC State,4,0,1,4.66,29,0,,0,0,0,36.2,31,22,19,2,17,0,36,3,0,4,161,1.309,7.6,0.5,4.2,8.8,2.12,,player.fcgi?id=justic000eva
Kent Klyman*,21,2019,NC State,5,2,0.714,3.41,21,0,,0,0,2,29,29,13,11,5,12,0,30,7,0,1,136,1.414,9,1.6,3.7,9.3,2.5,,player.fcgi?id=klyman000ken
Baker Nelson,19,2019,NC State,2,0,1,6.59,25,0,,0,0,0,27.1,29,20,20,3,7,0,23,4,0,2,120,1.317,9.5,1,2.3,7.6,3.29,,player.fcgi?id=nelson000bak
Jason Parker,21,2019,NC State,4,4,0.5,4.38,16,16,,0,0,0,76,78,40,37,7,30,0,70,11,0,4,336,1.421,9.2,0.8,3.6,8.3,2.33,,player.fcgi?id=parker000jas
Canaan Silver*,20,2019,NC State,1,2,0.333,3.83,15,8,,0,0,1,42.1,42,22,18,3,13,0,24,2,0,2,181,1.299,8.9,0.6,2.8,5.1,1.85,,player.fcgi?id=silver000can
Nick Swiney*,20,2019,NC State,7,1,0.875,4.61,26,3,,0,0,1,56.2,40,33,29,8,31,1,95,6,0,7,246,1.253,6.4,1.3,4.9,15.1,3.06,,player.fcgi?id=swiney000nic
Andrew Tillery,20,2019,NC State,0,0,,0,3,0,,0,0,0,3,2,0,0,0,0,0,4,0,0,0,12,0.667,6,0,0,12,,,player.fcgi?id=tiller000and
Logan Bender,21,2020,NC State,0,0,,8.31,6,0,,0,0,0,4.1,6,4,4,1,6,0,5,0,0,3,25,2.769,12.5,2.1,12.5,10.4,0.83,,player.fcgi?id=bender000log
Dalton Feeney,23,2020,NC State,2,0,1,2.35,5,0,,0,0,0,7.2,8,2,2,0,2,0,3,0,0,2,28,1.304,9.4,0,2.3,3.5,1.5,,player.fcgi?id=feeney000dal
David Harrison*,20,2020,NC State,2,1,0.667,2.75,5,3,,0,0,0,19.2,15,6,6,0,4,0,23,4,0,0,77,0.966,6.9,0,1.8,10.5,5.75,,player.fcgi?id=harris009dav
Sam Highfill,19,2020,NC State,3,1,0.75,3.21,6,0,,0,0,0,14,18,6,5,1,2,0,15,1,0,0,62,1.429,11.6,0.6,1.3,9.6,7.5,,player.fcgi?id=highfi000sam
Reid Johnston,21,2020,NC State,0,1,0,5.68,4,3,,0,0,0,12.2,11,8,8,3,4,0,17,1,0,0,54,1.184,7.8,2.1,2.8,12.1,4.25,,player.fcgi?id=johnst000rei
Evan Justice*,21,2020,NC State,0,0,,4.66,7,0,,0,0,0,9.2,7,6,5,0,5,0,9,2,0,3,45,1.241,6.5,0,4.7,8.4,1.8,,player.fcgi?id=justic000eva
Kent Klyman*,22,2020,NC State,0,0,,1.42,5,0,,0,0,2,6.1,5,1,1,1,1,0,5,0,0,0,23,0.947,7.1,1.4,1.4,7.1,5,,player.fcgi?id=klyman000ken
Baker Nelson,20,2020,NC State,0,0,,1.93,7,0,,0,0,1,9.1,5,4,2,1,1,0,7,3,0,0,37,0.643,4.8,1,1,6.8,7,,player.fcgi?id=nelson000bak
Austin Pace,19,2020,NC State,1,0,1,1.23,3,2,,0,0,0,7.1,4,2,1,0,0,0,9,2,0,0,30,0.545,4.9,0,0,11,,,player.fcgi?id=pace--000aus
Canaan Silver*,21,2020,NC State,0,0,,5.4,7,0,,0,0,0,8.1,9,7,5,0,6,0,6,0,0,0,40,1.8,9.7,0,6.5,6.5,1,,player.fcgi?id=silver000can
Nick Swiney*,21,2020,NC State,4,0,1,1.29,4,4,,0,0,0,28,13,4,4,2,6,0,42,1,0,2,99,0.679,4.2,0.6,1.9,13.5,7,,player.fcgi?id=swiney000nic
Andrew Tillery,21,2020,NC State,0,0,,11.57,3,0,,0,0,0,2.1,3,3,3,1,1,0,3,0,0,0,12,1.714,11.6,3.9,3.9,11.6,3,,player.fcgi?id=tiller000and
Chris Villaman*,19,2020,NC State,1,0,1,3.86,5,3,,0,0,0,11.2,8,7,5,0,4,0,14,1,0,1,48,1.029,6.2,0,3.1,10.8,3.5,,player.fcgi?id=villam000chr
Matt Willadsen,19,2020,NC State,1,0,1,10.57,6,2,,0,0,0,7.2,9,10,9,0,3,0,7,4,0,1,36,1.565,10.6,0,3.5,8.2,2.33,,player.fcgi?id=willad000mat
Cameron Arnold*,20,2021,NC State,0,0,,6.75,3,0,,0,0,0,2.2,5,2,2,0,3,0,1,1,0,2,16,3,16.9,0,10.1,3.4,0.33,,player.fcgi?id=arnold000cam
Logan Bender,22,2021,NC State,0,0,,27,2,0,,0,0,0,1,1,3,3,0,2,0,1,2,0,0,8,3,9,0,18,9,0.5,,player.fcgi?id=bender000log
Cameron Cotter,22,2021,NC State,0,0,,13.5,1,0,,0,0,0,0.2,2,1,1,0,1,0,1,0,0,0,5,4.5,27,0,13.5,13.5,1,,player.fcgi?id=cotter000cam
Dalton Feeney,24,2021,NC State,1,1,0.5,8.83,17,0,,0,0,0,17.1,24,18,17,2,17,0,17,1,0,3,94,2.365,12.5,1,8.8,8.8,1,,player.fcgi?id=feeney000dal
David Harrison*,21,2021,NC State,0,0,,3.72,4,2,,0,0,0,9.2,10,4,4,4,3,0,8,3,0,1,43,1.345,9.3,3.7,2.8,7.4,2.67,,player.fcgi?id=harris009dav
Sam Highfill,20,2021,NC State,9,2,0.818,3.66,16,16,,0,0,0,93.1,77,44,38,11,26,0,84,8,2,4,382,1.104,7.4,1.1,2.5,8.1,3.23,,player.fcgi?id=highfi000sam
Coby Ingle,20,2021,NC State,0,0,,2.57,11,0,,0,0,0,14,10,6,4,1,6,0,13,1,0,0,59,1.143,6.4,0.6,3.9,8.4,2.17,,player.fcgi?id=ingle-000cob
Reid Johnston,22,2021,NC State,9,3,0.75,4.47,16,12,,1,0,1,96.2,84,51,48,14,23,0,96,11,0,3,403,1.107,7.8,1.3,2.1,8.9,4.17,,player.fcgi?id=johnst000rei
Evan Justice*,22,2021,NC State,5,2,0.714,3.77,24,4,,0,0,13,59.2,40,27,25,8,25,0,74,8,1,13,247,1.089,6,1.2,3.8,11.2,2.96,,player.fcgi?id=justic000eva
Cooper King,19,2021,NC State,1,0,1,4.5,9,0,,0,0,0,8,5,4,4,1,8,0,4,1,0,3,37,1.625,5.6,1.1,9,4.5,0.5,,player.fcgi?id=king--002coo
Kent Klyman*,23,2021,NC State,1,2,0.333,12,6,0,,0,0,0,6,7,9,8,3,7,0,8,1,0,0,32,2.333,10.5,4.5,10.5,12,1.14,,player.fcgi?id=klyman000ken
John Miralia*,20,2021,NC State,0,0,,13.5,4,0,,0,0,0,2.2,4,4,4,0,2,0,2,0,0,0,14,2.25,13.5,0,6.8,6.8,1,,player.fcgi?id=mirali000joh
Baker Nelson,21,2021,NC State,0,0,,13.5,3,0,,0,0,0,2.2,6,4,4,0,4,0,3,0,0,1,17,3.75,20.3,0,13.5,10.1,0.75,,player.fcgi?id=nelson000bak
Garrett Payne,19,2021,NC State,0,1,0,5.27,7,1,,0,0,0,13.2,14,12,8,1,9,0,15,3,0,3,67,1.683,9.2,0.7,5.9,9.9,1.67,,player.fcgi?id=payne-001gar
Canaan Silver*,22,2021,NC State,0,2,0,8.25,6,0,,0,0,0,12,15,11,11,2,3,0,8,0,0,1,53,1.5,11.3,1.5,2.3,6,2.67,,player.fcgi?id=silver000can
Tristan Sipple*,19,2021,NC State,0,0,,4.76,6,0,,0,0,0,5.2,3,4,3,0,2,0,7,1,0,0,23,0.882,4.8,0,3.2,11.1,3.5,,player.fcgi?id=sipple000tri
Andrew Tillery,22,2021,NC State,1,1,0.5,13.5,10,1,,0,0,0,10.2,18,17,16,4,9,0,8,4,0,0,62,2.531,15.2,3.4,7.6,6.8,0.89,,player.fcgi?id=tiller000and
Chris Villaman*,20,2021,NC State,5,2,0.714,4.35,18,7,,1,1,2,60,45,30,29,10,16,0,71,2,2,4,241,1.017,6.8,1.5,2.4,10.7,4.44,,player.fcgi?id=villam000chr
Matt Willadsen,20,2021,NC State,5,3,0.625,4.73,18,13,,1,1,0,83.2,79,48,44,12,29,0,72,2,0,1,352,1.291,8.5,1.3,3.1,7.7,2.48,,player.fcgi?id=willad000mat
Logan Adams,22,2022,NC State,2,1,0.667,7.9,11,4,,0,0,2,27.1,30,24,24,5,16,0,24,6,0,3,129,1.683,9.9,1.6,5.3,7.9,1.5,,player.fcgi?id=adams-002log
Trey Cooper*,19,2022,NC State,0,0,,40.5,2,0,,0,0,0,0.2,1,4,3,0,1,0,2,2,0,0,6,3,13.5,0,13.5,27,2,,player.fcgi?id=cooper001tre
Jacob Dienes*,19,2022,NC State,0,0,,3,3,0,,0,0,0,3,0,1,1,0,5,0,3,0,0,1,14,1.667,0,0,15,9,0.6,,player.fcgi?id=dienes000jac
Jacob Halford,19,2022,NC State,0,0,,27,5,0,,0,0,0,3,7,9,9,2,7,0,3,0,0,1,23,4.667,21,6,21,9,0.43,,player.fcgi?id=halfor000jac
David Harrison*,22,2022,NC State,2,2,0.5,8.71,7,4,,0,0,0,20.2,27,21,20,4,10,0,15,1,0,3,98,1.79,11.8,1.7,4.4,6.5,1.5,,player.fcgi?id=harris009dav
Sam Highfill,21,2022,NC State,1,1,0.5,5.53,6,6,,0,0,0,27.2,29,19,17,3,10,0,29,2,0,2,120,1.41,9.4,1,3.3,9.4,2.9,,player.fcgi?id=highfi000sam
Brandon Hudson,19,2022,NC State,0,0,,0,1,0,,0,0,0,1,1,0,0,0,0,0,0,0,0,0,4,1,9,0,0,0,,,player.fcgi?id=hudson005bra
Carson Kelly,19,2022,NC State,2,0,1,4.5,18,0,,0,0,0,30,24,22,15,2,17,0,32,8,0,8,138,1.367,7.2,0.6,5.1,9.6,1.88,,player.fcgi?id=kelly-004car
Cooper King,20,2022,NC State,0,0,,0,2,0,,0,0,0,1,1,0,0,0,4,0,0,1,1,0,9,5,9,0,36,0,0,,player.fcgi?id=king--002coo
Justin Lawson,21,2022,NC State,5,3,0.625,3.82,19,2,,0,0,0,37.2,37,19,16,5,18,1,41,2,0,6,168,1.46,8.8,1.2,4.3,9.8,2.28,,player.fcgi?id=lawson001jus
John Miralia*,21,2022,NC State,0,0,,7.5,8,0,,0,0,0,6,7,5,5,0,3,0,8,0,0,4,29,1.667,10.5,0,4.5,12,2.67,,player.fcgi?id=mirali000joh
Baker Nelson,22,2022,NC State,3,1,0.75,8.37,20,0,,0,0,1,23.2,31,26,22,6,13,0,32,4,0,1,122,1.859,11.8,2.3,4.9,12.2,2.46,,player.fcgi?id=nelson000bak
Garrett Payne,20,2022,NC State,3,1,0.75,5.91,20,5,,0,0,0,42.2,47,31,28,5,22,0,43,5,0,3,199,1.617,9.9,1.1,4.6,9.1,1.95,,player.fcgi?id=payne-001gar
Win Scott*,19,2022,NC State,0,0,,6.75,4,0,,0,0,0,5.1,9,4,4,0,4,0,7,1,0,1,29,2.438,15.2,0,6.8,11.8,1.75,,player.fcgi?id=scott-000win
Canaan Silver*,23,2022,NC State,8,1,0.889,3.21,21,8,,0,0,1,70,69,30,25,6,15,0,65,8,0,6,304,1.2,8.9,0.8,1.9,8.4,4.33,,player.fcgi?id=silver000can
Tristan Sipple*,20,2022,NC State,0,0,,0,3,0,,0,0,0,2,1,0,0,0,1,0,3,0,0,0,8,1,4.5,0,4.5,13.5,3,,player.fcgi?id=sipple000tri
Andrew Tillery,23,2022,NC State,0,0,,27,1,0,,0,0,0,0.1,1,1,1,0,2,0,0,1,0,0,5,9,27,0,54,0,0,,player.fcgi?id=tiller000and
Chris Villaman*,21,2022,NC State,3,3,0.5,3.4,28,0,,0,0,11,55.2,44,26,21,5,14,1,85,2,0,4,230,1.042,7.1,0.8,2.3,13.7,6.07,,player.fcgi?id=villam000chr
Logan Whitaker,22,2022,NC State,2,4,0.333,4.73,17,14,,0,0,0,66.2,62,42,35,9,32,0,62,7,1,4,301,1.41,8.4,1.2,4.3,8.4,1.94,,player.fcgi?id=whitak000log
Matt Willadsen,21,2022,NC State,5,4,0.556,4.19,16,14,,1,0,0,88,81,51,41,7,45,0,95,9,0,12,396,1.432,8.3,0.7,4.6,9.7,2.11,,player.fcgi?id=willad000mat
Rio Britton*,20,2023,NC State,3,2,0.6,4.83,22,1,,0,0,0,31.2,36,18,17,3,19,0,42,4,0,2,153,1.737,10.2,0.9,5.4,11.9,2.21,,player.fcgi?id=britto000rio
Dominic Fritton*,20,2023,NC State,3,4,0.429,3.59,17,9,,0,0,3,62.2,50,30,25,7,24,1,75,6,0,8,270,1.181,7.2,1,3.4,10.8,3.13,,player.fcgi?id=fritto000dom
Jacob Halford,20,2023,NC State,0,1,0,11.25,3,1,,0,0,0,4,3,5,5,1,4,0,5,0,0,3,19,1.75,6.8,2.3,9,11.3,1.25,,player.fcgi?id=halfor000jac
Everette Harris,20,2023,NC State,0,0,,4.5,4,0,,0,0,0,4,4,3,2,0,4,0,5,0,0,1,21,2,9,0,9,11.3,1.25,,player.fcgi?id=harris000eve
Sam Highfill,22,2023,NC State,6,4,0.6,4.83,22,6,,0,0,1,54,57,38,29,10,22,0,48,4,0,5,244,1.463,9.5,1.7,3.7,8,2.18,,player.fcgi?id=highfi000sam
Carson Kelly,20,2023,NC State,0,0,,6.38,21,0,,0,0,1,24,27,20,17,2,21,0,33,3,0,1,123,2,10.1,0.8,7.9,12.4,1.57,,player.fcgi?id=kelly-004car
P.J. Labriola*,22,2023,NC State,3,0,1,5.23,13,4,,0,0,0,20.2,18,14,12,1,14,0,16,5,0,2,98,1.548,7.8,0.4,6.1,7,1.14,,player.fcgi?id=labrio000pau
Justin Lawson,22,2023,NC State,5,0,1,3.27,27,0,,0,0,3,52.1,57,23,19,5,17,0,67,5,0,3,233,1.414,9.8,0.9,2.9,11.5,3.94,,player.fcgi?id=lawson001jus
John Miralia*,22,2023,NC State,1,0,1,2.16,13,0,,0,0,0,8.1,7,2,2,1,4,0,13,0,0,0,35,1.32,7.6,1.1,4.3,14,3.25,,player.fcgi?id=mirali000joh
Baker Nelson,23,2023,NC State,5,2,0.714,5.94,27,5,,0,0,1,50,53,35,33,10,16,0,47,6,0,0,221,1.38,9.5,1.8,2.9,8.5,2.94,,player.fcgi?id=nelson000bak
Win Scott*,20,2023,NC State,0,0,,3.38,7,0,,0,0,0,5.1,4,2,2,1,3,0,7,0,0,0,22,1.313,6.8,1.7,5.1,11.8,2.33,,player.fcgi?id=scott-000win
Andrew Shaffner,20,2023,NC State,0,0,,3.86,15,0,,0,0,0,21,21,11,9,2,9,0,23,3,0,1,91,1.429,9,0.9,3.9,9.9,2.56,,player.fcgi?id=shaffn000and
Derrick Smith,19,2023,NC State,0,0,,3,3,0,,0,0,0,3,2,1,1,0,1,0,1,2,0,0,14,1,6,0,3,3,1,,player.fcgi?id=smith-021der
Creed Watkins,22,2023,NC State,0,0,,9,5,0,,0,0,0,3,5,5,3,0,4,0,5,1,0,0,20,3,15,0,12,15,1.25,,player.fcgi?id=watkin000cre
Logan Whitaker,23,2023,NC State,5,3,0.625,4.29,16,15,,0,0,0,79.2,77,45,38,7,17,0,79,6,1,3,337,1.18,8.7,0.8,1.9,8.9,4.65,,player.fcgi?id=whitak000log
Matt Willadsen,22,2023,NC State,5,5,0.5,3.78,16,16,,0,0,0,81,77,42,34,6,31,0,86,4,0,5,351,1.333,8.6,0.7,3.4,9.6,2.77,,player.fcgi?id=willad000mat
Heath Andrews,20,2024,NC State,0,1,0,11.57,10,1,,0,0,0,9.1,18,13,12,3,8,0,6,2,0,0,55,2.786,17.4,2.9,7.7,5.8,0.75,,player.fcgi?id=andrew000hea
Cooper Consiglio*,18,2024,NC State,5,4,0.556,4.97,15,5,,0,0,0,41.2,29,27,23,4,24,0,38,7,0,7,178,1.272,6.3,0.9,5.2,8.2,1.58,,player.fcgi?id=consig000coo
Jacob Dienes*,21,2024,NC State,0,0,,,1,0,,0,0,0,0,1,0,0,0,1,0,0,0,0,0,2,,,,,,0,,player.fcgi?id=dienes000jac
Jacob Dudan,19,2024,NC State,4,2,0.667,4.5,27,0,,0,0,6,48,37,25,24,7,34,0,56,6,1,11,215,1.479,6.9,1.3,6.4,10.5,1.65,,player.fcgi?id=dudan-000jac
Hollis Fanning,22,2024,NC State,2,1,0.667,7.41,15,1,,0,0,0,17,26,15,14,4,4,0,14,6,1,3,84,1.765,13.8,2.1,2.1,7.4,3.5,,player.fcgi?id=fannin000hol
Dominic Fritton*,21,2024,NC State,3,7,0.3,7.64,17,17,,0,0,0,73,72,67,62,22,47,0,72,11,1,11,348,1.63,8.9,2.7,5.8,8.9,1.53,,player.fcgi?id=fritto000dom
Jacob Halford,21,2024,NC State,0,0,,15.43,4,0,,0,0,0,2.1,3,4,4,0,5,0,4,1,0,1,16,3.429,11.6,0,19.3,15.4,0.8,,player.fcgi?id=halfor000jac
Sam Highfill,23,2024,NC State,7,2,0.778,4.97,17,17,,1,1,0,87,71,49,48,19,43,0,82,8,0,4,374,1.31,7.3,2,4.4,8.5,1.91,,player.fcgi?id=highfi000sam
Carson Kelly,21,2024,NC State,1,0,1,9.64,7,0,,0,0,1,4.2,5,5,5,1,6,0,6,1,0,0,23,2.357,9.6,1.9,11.6,11.6,1,,player.fcgi?id=kelly-004car
P.J. Labriola*,23,2024,NC State,1,0,1,17.61,9,0,,0,0,0,7.2,16,17,15,1,8,0,12,0,0,1,47,3.13,18.8,1.2,9.4,14.1,1.5,,player.fcgi?id=labrio000pau
Jaxon Lucas,19,2024,NC State,1,0,1,9.43,15,1,,0,0,0,21,30,24,22,4,12,0,22,2,0,1,106,2,12.9,1.7,5.1,9.4,1.83,,player.fcgi?id=lucas-001jax
Chance Mako,19,2024,NC State,0,0,,27,2,0,,0,0,0,1.1,2,4,4,0,2,0,1,1,0,0,8,3,13.5,0,13.5,6.8,0.5,,player.fcgi?id=mako--000cha
Ryan Marohn*,19,2024,NC State,4,2,0.667,3.97,16,10,,0,0,1,59,68,31,26,7,25,1,46,5,0,1,259,1.576,10.4,1.1,3.8,7,1.84,,player.fcgi?id=marohn000rya
John Miralia*,23,2024,NC State,0,0,,0,6,0,,0,0,0,2.1,1,0,0,0,1,0,3,2,0,0,11,0.857,3.9,0,3.9,11.6,3,,player.fcgi?id=mirali000joh
Garrett Payne,22,2024,NC State,0,0,,21.6,3,0,,0,0,0,1.2,4,4,4,1,1,0,1,0,0,0,10,3,21.6,5.4,5.4,5.4,1,,player.fcgi?id=payne-001gar
Win Scott*,21,2024,NC State,0,1,0,9,8,0,,0,0,0,10,8,10,10,2,8,0,10,1,0,1,48,1.6,7.2,1.8,7.2,9,1.25,,player.fcgi?id=scott-000win
Andrew Shaffner,21,2024,NC State,0,0,,5.56,7,0,,0,0,1,11.1,10,7,7,1,5,0,8,2,0,1,50,1.324,7.9,0.8,4,6.4,1.6,,player.fcgi?id=shaffn000and
Derrick Smith,20,2024,NC State,3,2,0.6,4.55,24,0,,0,0,8,29.2,19,17,15,5,11,0,41,5,0,4,123,1.011,5.8,1.5,3.3,12.4,3.73,,player.fcgi?id=smith-021der
Shane Van Dam,20,2024,NC State,4,0,1,4.58,16,0,,0,0,1,37.1,30,21,19,8,20,0,38,7,0,3,168,1.339,7.2,1.9,4.8,9.2,1.9,,player.fcgi?id=vandam000sha
Logan Whitaker,24,2024,NC State,3,1,0.75,5.49,13,9,,0,0,0,59,59,39,36,11,22,2,69,6,0,1,267,1.373,9,1.7,3.4,10.5,3.14,,player.fcgi?id=whitak000log
Camden Wimbish,19,2024,NC State,0,0,,9.82,5,0,,0,0,0,3.2,5,4,4,1,3,0,4,0,0,2,19,2.182,12.3,2.5,7.4,9.8,1.33,,player.fcgi?id=wimbis000cam
Heath Andrews,21,2025,NC State,4,3,0.571,6.02,14,14,,0,0,0,64.1,74,51,43,13,22,0,53,11,1,5,294,1.492,10.4,1.8,3.1,7.4,2.41,,player.fcgi?id=andrew000hea
Landon Carr,21,2025,NC State,0,0,,0,1,0,,0,0,0,1,1,0,0,0,0,0,0,1,0,0,5,1,9,0,0,0,,,player.fcgi?id=carr--000lan
Cooper Consiglio*,19,2025,NC State,1,4,0.2,10.59,17,6,,0,0,0,34,52,47,40,7,25,0,38,3,0,7,180,2.265,13.8,1.9,6.6,10.1,1.52,,player.fcgi?id=consig000coo
Jacob Dienes*,22,2025,NC State,0,0,,inf,1,0,,0,0,0,0,0,2,2,0,2,0,0,0,0,0,2,,,,,,0,,player.fcgi?id=dienes000jac
Jacob Dudan,20,2025,NC State,2,2,0.5,3.9,22,1,,0,0,5,30,27,19,13,3,17,0,41,4,0,7,134,1.467,8.1,0.9,5.1,12.3,2.41,,player.fcgi?id=dudan-000jac
Dominic Fritton*,22,2025,NC State,5,6,0.455,4.47,17,17,,1,0,0,86.2,92,54,43,13,39,0,107,6,0,8,389,1.512,9.6,1.4,4.1,11.1,2.74,,player.fcgi?id=fritto000dom
Carson Kelly,22,2025,NC State,1,0,1,4.03,16,0,,0,0,0,22.1,17,11,10,2,11,0,25,2,0,4,92,1.254,6.9,0.8,4.4,10.1,2.27,,player.fcgi?id=kelly-004car
Jaxon Lucas,20,2025,NC State,1,0,1,5.21,11,0,,0,0,1,19,19,15,11,4,6,0,20,4,0,1,84,1.316,9,1.9,2.8,9.5,3.33,,player.fcgi?id=lucas-001jax
Ryan Marohn*,20,2025,NC State,8,3,0.727,3.38,14,14,,2,2,0,85.1,79,41,32,6,19,0,91,3,0,6,350,1.148,8.3,0.6,2,9.6,4.79,,player.fcgi?id=marohn000rya
Anderson Nance,19,2025,NC State,8,2,0.8,3.5,18,1,,0,0,1,54,53,21,21,5,11,0,53,4,0,5,224,1.185,8.8,0.8,1.8,8.8,4.82,,player.fcgi?id=nance-000and
Tristan Potts*,19,2025,NC State,0,0,,2.35,11,0,,0,0,0,7.2,9,2,2,0,2,0,7,2,0,0,37,1.435,10.6,0,2.3,8.2,3.5,,player.fcgi?id=potts-000tri
Andrew Shaffner,22,2025,NC State,4,1,0.8,3.13,18,1,,0,0,7,37.1,33,14,13,3,7,0,39,4,0,3,153,1.071,8,0.7,1.7,9.4,5.57,,player.fcgi?id=shaffn000and
Derrick Smith,21,2025,NC State,0,0,,6,6,0,,0,0,0,3,3,2,2,0,6,0,8,2,0,2,20,3,9,0,18,24,1.33,,player.fcgi?id=smith-021der
Shane Van Dam,21,2025,NC State,0,0,,4.5,3,1,,0,0,0,8,7,4,4,0,4,0,4,0,0,0,34,1.375,7.9,0,4.5,4.5,1,,player.fcgi?id=vandam000sha
Matt Willadsen,24,2025,NC State,0,0,,16.2,7,1,,0,0,0,8.1,17,16,15,3,7,0,8,3,0,1,51,2.88,18.4,3.2,7.6,8.6,1.14,,player.fcgi?id=willad000mat
Camden Wimbish,20,2025,NC State,1,0,1,16,12,0,,0,0,0,9,15,17,16,1,11,0,17,0,3,2,51,2.889,15,1,11,17,1.55,,player.fcgi?id=wimbis000cam
Pat Connaughton,21,2014,Notre Dame,3,5,0.375,3.92,10,10,,,0,0,62,53,29,27,0,40,0,36,2,1,9,277,1.5,7.7,0,5.8,5.2,0.9,,player.fcgi?id=connau000pat
Joey Cresta,20,2014,Notre Dame,0,1,0,3.86,11,0,,,0,0,4.2,7,2,2,0,2,0,5,4,0,0,27,1.929,13.5,0,3.9,9.6,2.5,,player.fcgi?id=cresta000joe
Sean Fitzgerald,22,2014,Notre Dame,3,3,0.5,2.29,10,10,,,0,0,70.2,52,23,18,3,19,1,48,3,0,4,285,1.005,6.6,0.4,2.4,6.1,2.53,,player.fcgi?id=fitzge000sea
Connor Hale,20,2014,Notre Dame,0,0,,0,1,0,,,0,0,1,1,1,0,0,1,0,0,0,0,0,6,2,9,0,9,0,0,,player.fcgi?id=hale--000con
David Hearne?,--,2014,Notre Dame,5,6,0.455,2.4,19,9,,,1,0,86.1,81,36,23,2,15,2,47,5,0,1,360,1.112,8.4,0.2,1.6,4.9,3.13,,player.fcgi?id=hearne000dav
Michael Hearne*,20,2014,Notre Dame,0,0,,3.38,1,0,,,0,0,2.2,4,3,1,0,0,0,3,0,0,0,13,1.5,13.5,0,0,10.1,,,player.fcgi?id=hearne000mic
Donnie Hissa,22,2014,Notre Dame,2,4,0.333,2.66,31,0,,,0,5,50.2,39,15,15,2,28,0,48,5,0,8,217,1.322,6.9,0.4,5,8.5,1.71,,player.fcgi?id=hissa-000don
Scott Kerrigan?,--,2014,Notre Dame,3,1,0.75,1.87,14,9,,,0,0,57.2,46,26,12,0,16,1,31,7,0,4,240,1.075,7.2,0,2.5,4.8,1.94,,player.fcgi?id=kerrig000sco
Nick McCarty,20,2014,Notre Dame,2,7,0.222,4.47,15,9,,,0,0,56.1,59,39,28,1,18,1,36,5,0,3,252,1.367,9.4,0.2,2.9,5.8,2,,player.fcgi?id=mccart000nic
Jim Orwick*,19,2014,Notre Dame,0,0,,7.45,18,0,,,0,0,9.2,10,9,8,0,8,0,8,3,0,0,49,1.862,9.3,0,7.4,7.4,1,,player.fcgi?id=orwick000jim
Kyle Rubbinaccio,21,2014,Notre Dame,0,0,,6.75,4,0,,,0,0,4,8,4,3,0,3,0,4,0,0,0,22,2.75,18,0,6.8,9,1.33,,player.fcgi?id=rubbin000kyl
Ryan Smoyer,19,2014,Notre Dame,0,0,,4.19,11,2,,,0,0,19.1,27,13,9,0,12,0,13,2,0,2,100,2.017,12.6,0,5.6,6.1,1.08,,player.fcgi?id=smoyer000rya
Matt Ternowchek?,--,2014,Notre Dame,1,0,1,2.13,12,0,,,0,0,12.2,12,3,3,0,4,1,6,1,0,1,53,1.263,8.5,0,2.8,4.3,1.5,,player.fcgi?id=ternow000mat
Cristian Torres,21,2014,Notre Dame,2,3,0.4,5.27,14,0,,,0,2,13.2,12,8,8,0,15,2,14,0,0,2,67,1.976,7.9,0,9.9,9.2,0.93,,player.fcgi?id=torres000cri
Scott Tully*,19,2014,Notre Dame,0,0,,3.6,5,0,,,0,0,5,5,2,2,0,3,0,5,0,0,2,23,1.6,9,0,5.4,9,1.67,,player.fcgi?id=tully-000sco
Robert Youngdahl*,21,2014,Notre Dame,1,1,0.5,1.93,6,4,,,0,0,18.2,13,7,4,0,22,1,9,1,0,1,88,1.875,6.3,0,10.6,4.3,0.41,,player.fcgi?id=youngd000rob
Brad Bass,19,2015,Notre Dame,3,1,0.75,1.91,19,1,,,0,2,33,23,8,7,1,13,0,28,5,0,3,138,1.091,6.3,0.3,3.5,7.6,2.15,,player.fcgi?id=bass--001bra
Brandon Bielak,19,2015,Notre Dame,6,3,0.667,3.55,17,14,,,0,1,88.2,82,40,35,7,33,0,62,7,0,5,379,1.297,8.3,0.7,3.3,6.3,1.88,,player.fcgi?id=bielak000bra
Joey Cresta,21,2015,Notre Dame,0,0,,7.71,3,0,,,0,0,2.1,1,2,2,0,2,0,0,1,0,1,8,1.286,3.9,0,7.7,0,0,,player.fcgi?id=cresta000joe
Sean Guenther*,19,2015,Notre Dame,1,3,0.25,2.72,27,1,,,0,5,46.1,40,21,14,2,20,3,37,1,0,1,198,1.295,7.8,0.4,3.9,7.2,1.85,,player.fcgi?id=guenth000sea
Connor Hale,21,2015,Notre Dame,2,0,1,1.33,9,2,,,0,0,20.1,15,3,3,0,5,0,8,0,0,2,77,0.984,6.6,0,2.2,3.5,1.6,,player.fcgi?id=hale--000con
David Hearne?,--,2015,Notre Dame,1,0,1,2.38,2,2,,,0,0,11.1,9,4,3,1,4,0,5,0,0,0,47,1.147,7.1,0.8,3.2,4,1.25,,player.fcgi?id=hearne000dav
Scott Kerrigan?,--,2015,Notre Dame,3,5,0.375,3.89,14,11,,,0,0,76.1,84,36,33,5,26,0,36,5,0,1,332,1.441,9.9,0.6,3.1,4.2,1.38,,player.fcgi?id=kerrig000sco
Nick McCarty,21,2015,Notre Dame,6,3,0.667,3.93,14,12,,,0,0,68.2,70,34,30,2,23,0,35,11,0,4,296,1.354,9.2,0.3,3,4.6,1.52,,player.fcgi?id=mccart000nic
Kyle Rubbinaccio,22,2015,Notre Dame,0,0,,0,1,0,,,0,0,1,2,0,0,0,0,0,0,0,0,0,5,2,18,0,0,0,,,player.fcgi?id=rubbin000kyl
Evy Ruibal,19,2015,Notre Dame,0,3,0,4.58,22,1,,,0,0,35.1,32,19,18,5,15,2,26,6,0,4,151,1.33,8.2,1.3,3.8,6.6,1.73,,player.fcgi?id=ruibel000evy
Ryan Smoyer,20,2015,Notre Dame,9,1,0.9,2.27,17,11,,,1,1,79.1,82,22,20,3,18,0,33,6,0,3,331,1.261,9.3,0.3,2,3.7,1.83,,player.fcgi?id=smoyer000rya
Peter Solomon,18,2015,Notre Dame,2,0,1,1.4,9,0,,,0,4,19.1,14,3,3,0,7,0,19,0,0,1,74,1.086,6.5,0,3.3,8.8,2.71,,player.fcgi?id=solomo000pet
Matt Ternowchek?,--,2015,Notre Dame,0,0,,3.86,4,0,,,0,0,2.1,4,1,1,0,5,0,1,0,0,0,16,3.857,15.4,0,19.3,3.9,0.2,,player.fcgi?id=ternow000mat
Cristian Torres,22,2015,Notre Dame,0,0,,18,2,0,,,0,0,1,1,2,2,0,3,1,3,1,0,2,8,4,9,0,27,27,1,,player.fcgi?id=torres000cri
Scott Tully*,20,2015,Notre Dame,4,4,0.5,3.17,22,5,,,0,1,65.1,57,26,23,3,16,1,63,6,1,3,275,1.117,7.9,0.4,2.2,8.7,3.94,,player.fcgi?id=tully-000sco
Charlie Vorsheck,19,2015,Notre Dame,0,0,,3.38,3,0,,,0,0,2.2,3,1,1,1,2,0,2,0,0,1,13,1.875,10.1,3.4,6.8,6.8,1,,player.fcgi?id=vorshe000cha
Robert Youngdahl*,22,2015,Notre Dame,0,0,,0,2,0,,,0,0,1.1,0,0,0,0,1,0,2,0,0,0,5,0.75,0,0,6.8,13.5,2,,player.fcgi?id=youngd000rob
Brad Bass,20,2016,Notre Dame,1,1,0.5,11.68,11,0,,0,0,2,12.1,18,20,16,0,10,0,14,0,1,2,66,2.27,13.1,0,7.3,10.2,1.4,,player.fcgi?id=bass--001bra
Brandon Bielak,20,2016,Notre Dame,3,2,0.6,2.1,15,4,,0,0,1,55.2,43,17,13,0,25,4,54,5,1,6,237,1.222,7,0,4,8.7,2.16,,player.fcgi?id=bielak000bra
Jack Connolly,19,2016,Notre Dame,1,0,1,2.7,5,0,,0,0,0,6.2,2,2,2,0,9,0,7,1,1,4,33,1.65,2.7,0,12.2,9.5,0.78,,player.fcgi?id=connol000jac
Joey Cresta,22,2016,Notre Dame,0,1,0,5.4,12,1,,0,0,0,11.2,7,7,7,0,8,0,9,2,0,4,51,1.286,5.4,0,6.2,6.9,1.13,,player.fcgi?id=cresta000joe
Sean Guenther*,20,2016,Notre Dame,3,5,0.375,4.62,15,11,,0,0,1,78,85,47,40,6,21,1,47,4,0,2,337,1.359,9.8,0.7,2.4,5.4,2.24,,player.fcgi?id=guenth000sea
Connor Hale,22,2016,Notre Dame,2,0,1,6.16,11,0,,0,0,0,19,22,17,13,2,9,0,13,1,1,7,88,1.632,10.4,0.9,4.3,6.2,1.44,,player.fcgi?id=hale--000con
David Hearne?,--,2016,Notre Dame,0,1,0,7.2,12,2,,0,0,1,20,17,16,16,1,14,0,16,2,3,4,92,1.55,7.7,0.5,6.3,7.2,1.14,,player.fcgi?id=hearne000dav
Michael Hearne*,22,2016,Notre Dame,8,2,0.8,1.77,13,12,,2,1,0,76.1,60,15,15,2,14,0,41,3,0,0,298,0.969,7.1,0.2,1.7,4.8,2.93,,player.fcgi?id=hearne000mic
Connor Hock,19,2016,Notre Dame,0,1,0,2.45,10,2,,0,0,0,11,9,4,3,0,4,0,6,1,0,1,46,1.182,7.4,0,3.3,4.9,1.5,,player.fcgi?id=hock--000con
Nick McCarty,22,2016,Notre Dame,0,0,,7.36,5,0,,0,0,0,7.1,12,7,6,1,4,0,2,1,0,0,37,2.182,14.7,1.2,4.9,2.5,0.5,,player.fcgi?id=mccart000nic
Jim Orwick*,21,2016,Notre Dame,0,0,,6.52,13,0,,0,0,0,9.2,12,7,7,3,8,0,9,1,0,1,49,2.069,11.2,2.8,7.4,8.4,1.13,,player.fcgi?id=orwick000jim
Evy Ruibal,20,2016,Notre Dame,0,1,0,3.86,8,1,,0,0,0,9.1,12,8,4,1,6,0,6,3,0,1,49,1.929,11.6,1,5.8,5.8,1,,player.fcgi?id=ruibel000evy
Jake Shepski,20,2016,Notre Dame,0,0,,4.63,9,0,,0,0,0,11.2,15,8,6,2,1,0,12,1,0,3,51,1.371,11.6,1.5,0.8,9.3,12,,player.fcgi?id=shepsk000jak
Ryan Smoyer,21,2016,Notre Dame,3,4,0.429,4.26,15,11,,0,0,0,61.1,50,30,29,4,37,0,36,7,0,8,262,1.418,7.3,0.6,5.4,5.3,0.97,,player.fcgi?id=smoyer000rya
Peter Solomon,19,2016,Notre Dame,3,6,0.333,4.68,18,9,,1,0,1,57.2,57,37,30,2,42,1,71,6,0,10,272,1.717,8.9,0.3,6.6,11.1,1.69,,player.fcgi?id=solomo000pet
Scott Tully*,21,2016,Notre Dame,1,2,0.333,8.03,8,1,,0,0,0,12.1,15,11,11,2,7,0,12,0,0,1,58,1.784,10.9,1.5,5.1,8.8,1.71,,player.fcgi?id=tully-000sco
Matt Vierling,19,2016,Notre Dame,2,1,0.667,3.6,10,0,,0,0,0,10,11,4,4,1,4,0,12,0,0,2,44,1.5,9.9,0.9,3.6,10.8,3,,player.fcgi?id=vierli000mat
Charlie Vorsheck,20,2016,Notre Dame,0,0,,4.05,11,0,,0,0,0,13.1,16,8,6,0,2,0,9,1,0,0,61,1.35,10.8,0,1.4,6.1,4.5,,player.fcgi?id=vorshe000cha
Brad Bass,21,2017,Notre Dame,3,7,0.3,3.74,15,14,,0,0,0,84.1,75,45,35,8,37,1,80,1,0,9,364,1.328,8,0.9,3.9,8.5,2.16,,player.fcgi?id=bass--001bra
Andy Belcik,19,2017,Notre Dame,0,0,,20.25,3,0,,0,0,0,1.1,2,3,3,0,3,0,3,1,0,0,10,3.75,13.5,0,20.3,20.3,1,,player.fcgi?id=belcik002and
Brandon Bielak,21,2017,Notre Dame,2,6,0.25,5.55,15,14,,0,0,0,73,81,50,45,4,41,1,75,9,2,9,349,1.671,10,0.5,5.1,9.2,1.83,,player.fcgi?id=bielak000bra
Cameron Brown?,--,2017,Notre Dame,1,0,1,5.57,15,0,,0,0,0,21,27,15,13,1,16,1,15,1,0,2,109,2.048,11.6,0.4,6.9,6.4,0.94,,player.fcgi?id=brown-002cam
Shane Combs,20,2017,Notre Dame,0,0,,0,1,0,,0,0,0,0.2,0,0,0,0,0,0,2,0,0,0,2,0,0,0,0,27,,,player.fcgi?id=combs-000sha
Sean Guenther*,21,2017,Notre Dame,2,6,0.25,2.64,24,0,,0,0,7,58,58,24,17,5,19,2,69,2,0,2,251,1.328,9,0.8,2.9,10.7,3.63,,player.fcgi?id=guenth000sea
Michael Hearne*,23,2017,Notre Dame,4,5,0.444,4.61,14,13,,0,0,0,82,90,47,42,13,11,0,43,3,0,1,346,1.232,9.9,1.4,1.2,4.7,3.91,,player.fcgi?id=hearne000mic
Anthony Holubecki,19,2017,Notre Dame,0,0,,6,4,0,,0,0,0,3,4,2,2,0,4,0,2,0,0,5,17,2.667,12,0,12,6,0.5,,player.fcgi?id=holube000ant
Cameron Junker,19,2017,Notre Dame,0,0,,0,1,0,,0,0,0,0.2,0,0,0,0,1,0,2,0,0,1,3,1.5,0,0,13.5,27,2,,player.fcgi?id=junker000cam
Zack Martin,19,2017,Notre Dame,0,0,,1.5,9,0,,0,0,0,6,3,1,1,0,4,0,7,0,0,2,24,1.167,4.5,0,6,10.5,1.75,,player.fcgi?id=martin004zac
Patrick McDonald?,--,2017,Notre Dame,0,0,,5.71,13,0,,0,0,0,17.1,19,12,11,0,3,0,13,0,0,0,76,1.269,9.9,0,1.6,6.8,4.33,,player.fcgi?id=mcdona003pat
Evy Ruibal,21,2017,Notre Dame,0,0,,6.14,10,0,,0,0,0,14.2,20,18,10,1,12,0,8,4,0,5,77,2.182,12.3,0.6,7.4,4.9,0.67,,player.fcgi?id=ruibel000evy
Jack Sheehan,19,2017,Notre Dame,0,0,,6.75,6,0,,0,0,0,9.1,15,8,7,0,4,0,5,0,0,1,46,2.036,14.5,0,3.9,4.8,1.25,,player.fcgi?id=sheeha002jac
Jake Shepski,21,2017,Notre Dame,0,1,0,3.38,3,0,,0,0,0,2.2,3,1,1,0,5,0,4,1,0,0,18,3,10.1,0,16.9,13.5,0.8,,player.fcgi?id=shepsk000jak
Ryan Smoyer,22,2017,Notre Dame,3,2,0.6,8.85,10,4,,0,0,0,20.1,23,20,20,2,21,0,12,4,0,2,108,2.164,10.2,0.9,9.3,5.3,0.57,,player.fcgi?id=smoyer000rya
Peter Solomon,20,2017,Notre Dame,3,4,0.429,3.83,21,4,,0,0,3,54,47,31,23,2,28,0,61,4,1,6,241,1.389,7.8,0.3,4.7,10.2,2.18,,player.fcgi?id=solomo000pet
Scott Tully*,22,2017,Notre Dame,2,0,1,3.71,6,5,,0,0,0,17,12,7,7,0,10,0,12,5,0,0,76,1.294,6.4,0,5.3,6.4,1.2,,player.fcgi?id=tully-000sco
Matt Vierling,20,2017,Notre Dame,1,1,0.5,8.74,10,0,,0,0,2,11.1,16,11,11,1,8,0,7,1,0,1,55,2.118,12.7,0.8,6.4,5.6,0.88,,player.fcgi?id=vierli000mat
Charlie Vorsheck,21,2017,Notre Dame,5,0,1,2.88,17,4,,0,0,0,40.2,28,16,13,2,14,1,31,3,0,1,163,1.033,6.2,0.4,3.1,6.9,2.21,,player.fcgi?id=vorshe000cha
Andy Belcik,20,2018,Notre Dame,2,3,0.4,4.93,33,0,,0,0,3,45.2,37,28,25,2,26,1,44,5,0,9,203,1.38,7.3,0.4,5.1,8.7,1.69,,player.fcgi?id=belcik002and
Joe Boyle,18,2018,Notre Dame,1,0,1,18,8,0,,0,0,0,2,4,4,4,0,8,0,1,2,0,0,20,6,18,0,36,4.5,0.13,,player.fcgi?id=boyle-000joe
Cameron Brown?,--,2018,Notre Dame,2,2,0.5,5.74,18,6,,0,0,0,58,61,42,37,4,26,0,43,4,0,3,255,1.5,9.5,0.6,4,6.7,1.65,,player.fcgi?id=brown-002cam
Shane Combs,21,2018,Notre Dame,0,1,0,36,4,0,,0,0,0,1,3,4,4,0,6,0,1,0,0,1,12,9,27,0,54,9,0.17,,player.fcgi?id=combs-000sha
Anthony Holubecki,20,2018,Notre Dame,3,2,0.6,7.09,25,0,,0,0,0,26.2,32,25,21,7,18,0,20,3,0,8,128,1.875,10.8,2.4,6.1,6.8,1.11,,player.fcgi?id=holube000ant
Cameron Junker,20,2018,Notre Dame,1,4,0.2,8.74,14,9,,0,0,0,35,40,35,34,5,25,0,41,8,1,7,177,1.857,10.3,1.3,6.4,10.5,1.64,,player.fcgi?id=junker000cam
Cole Kmet?,--,2018,Notre Dame,2,5,0.286,5.05,26,1,,0,0,8,46.1,50,29,26,5,25,0,39,3,0,4,217,1.619,9.7,1,4.9,7.6,1.56,,player.fcgi?id=kmet--000col
Brandon Knarr*,20,2018,Notre Dame,0,0,,12.71,12,0,,0,0,0,5.2,8,8,8,1,8,0,4,1,0,4,33,2.824,12.7,1.6,12.7,6.4,0.5,,player.fcgi?id=knarr-000bra
Zack Martin,20,2018,Notre Dame,2,2,0.5,4.6,19,6,,0,0,1,43,39,22,22,2,23,0,34,11,1,4,194,1.442,8.2,0.4,4.8,7.1,1.48,,player.fcgi?id=martin004zac
Brian Morrell,19,2018,Notre Dame,0,0,,8.31,6,0,,0,0,0,4.1,6,4,4,0,9,0,5,1,0,3,28,3.462,12.5,0,18.7,10.4,0.56,,player.fcgi?id=morrel000bri
Jack Sheehan,20,2018,Notre Dame,0,0,,6.85,16,1,,0,0,0,23.2,34,20,18,2,11,0,10,3,0,3,117,1.901,12.9,0.8,4.2,3.8,0.91,,player.fcgi?id=sheeha002jac
Tommy Sheehan*,19,2018,Notre Dame,2,4,0.333,5.74,14,14,,0,0,0,62.2,62,43,40,7,41,0,27,12,1,9,288,1.644,8.9,1,5.9,3.9,0.66,,player.fcgi?id=sheeha002tom
Scott Tully*,23,2018,Notre Dame,5,1,0.833,4.2,14,14,,0,0,0,83.2,75,42,39,10,37,0,53,5,1,4,359,1.339,8.1,1.1,4,5.7,1.43,,player.fcgi?id=tully-000sco
Tommy Vail*,19,2018,Notre Dame,3,2,0.6,3.9,27,1,,0,0,0,27.2,24,16,12,4,24,0,30,5,1,3,137,1.735,7.8,1.3,7.8,9.8,1.25,,player.fcgi?id=vail--000tom
Matt Vierling,21,2018,Notre Dame,1,2,0.333,19.8,6,0,,0,0,0,5,10,11,11,2,6,0,5,2,0,2,32,3.2,18,3.6,10.8,9,0.83,,player.fcgi?id=vierli000mat
Charlie Vorsheck,22,2018,Notre Dame,0,2,0,10.13,3,2,,0,0,0,5.1,9,6,6,0,5,0,2,1,0,0,30,2.625,15.2,0,8.4,3.4,0.4,,player.fcgi?id=vorshe000cha
Andy Belcik,21,2019,Notre Dame,2,3,0.4,3.21,27,2,,0,0,1,33.2,29,16,12,1,23,0,37,11,2,5,164,1.545,7.8,0.3,6.1,9.9,1.61,,player.fcgi?id=belcik002and
Joe Boyle,19,2019,Notre Dame,3,3,0.5,5.96,18,0,,0,0,2,25.2,14,22,17,0,27,0,39,0,0,6,120,1.597,4.9,0,9.5,13.7,1.44,,player.fcgi?id=boyle-000joe
Cameron Brown?,--,2019,Notre Dame,4,6,0.4,5.65,15,14,,1,0,0,78,92,59,49,6,34,1,89,5,0,3,366,1.615,10.6,0.7,3.9,10.3,2.62,,player.fcgi?id=brown-002cam
Shane Combs,22,2019,Notre Dame,1,0,1,4.41,15,0,,0,0,0,16.1,11,14,8,0,20,0,19,0,0,4,81,1.898,6.1,0,11,10.5,0.95,,player.fcgi?id=combs-000sha
Zachary Dreznin?,--,2019,Notre Dame,0,0,,4.5,1,0,,0,0,0,2,2,1,1,0,1,0,0,1,0,0,9,1.5,9,0,4.5,0,0,,player.fcgi?id=drezni000zac
Henry Gladson,19,2019,Notre Dame,0,0,,54,1,0,,0,0,0,0.1,1,2,2,0,1,0,0,1,0,1,4,6,27,0,27,0,0,,player.fcgi?id=gladso000hen
Anthony Holubecki,21,2019,Notre Dame,0,0,,7.23,20,0,,0,0,0,23.2,22,22,19,4,12,0,11,2,0,0,109,1.437,8.4,1.5,4.6,4.2,0.92,,player.fcgi?id=holube000ant
Cameron Junker,21,2019,Notre Dame,3,5,0.375,4.19,15,15,,0,0,0,77.1,67,40,36,3,40,0,73,5,0,15,337,1.384,7.8,0.3,4.7,8.5,1.83,,player.fcgi?id=junker000cam
Cole Kmet?,--,2019,Notre Dame,0,2,0,2.89,8,1,,0,0,2,18.2,15,7,6,0,3,0,27,0,0,1,72,0.964,7.2,0,1.4,13,9,,player.fcgi?id=kmet--000col
Zack Martin,21,2019,Notre Dame,1,2,0.333,7.11,15,3,,0,0,0,25.1,28,24,20,1,14,0,26,3,0,1,126,1.658,9.9,0.4,5,9.2,1.86,,player.fcgi?id=martin004zac
Mitch Megias?,--,2019,Notre Dame,1,0,1,5.87,7,1,,0,0,1,7.2,10,5,5,0,2,0,3,0,0,2,37,1.565,11.7,0,2.3,3.5,1.5,,player.fcgi?id=megias000mit
Brian Morrell,20,2019,Notre Dame,0,0,,4.5,2,0,,0,0,0,2,2,1,1,0,1,0,1,1,0,0,9,1.5,9,0,4.5,4.5,1,,player.fcgi?id=morrel000bri
Alex Rao,19,2019,Notre Dame,0,0,,9.45,5,0,,0,0,0,6.2,12,8,7,0,4,0,4,1,0,1,36,2.4,16.2,0,5.4,5.4,1,,player.fcgi?id=rao---000ale
Jack Sheehan,21,2019,Notre Dame,0,0,,11.05,7,0,,0,0,0,7.1,19,15,9,2,1,0,4,1,0,2,45,2.727,23.3,2.5,1.2,4.9,4,,player.fcgi?id=sheeha002jac
Tommy Sheehan*,20,2019,Notre Dame,5,6,0.455,4.58,15,15,,2,0,0,92.1,100,62,47,13,23,0,62,8,1,7,404,1.332,9.7,1.3,2.2,6,2.7,,player.fcgi?id=sheeha002tom
Evan Tenuta,19,2019,Notre Dame,1,0,1,0.82,10,0,,0,0,0,11,7,2,1,0,7,0,11,1,0,4,47,1.273,5.7,0,5.7,9,1.57,,player.fcgi?id=tenuta000eva
Aidan Tyrell*,18,2019,Notre Dame,0,1,0,15,9,1,,0,0,0,6,6,12,10,1,12,0,5,1,0,1,38,3,9,1.5,18,7.5,0.42,,player.fcgi?id=tyrell000aid
Tommy Vail*,20,2019,Notre Dame,3,2,0.6,3.27,25,2,,0,0,6,44,24,19,16,4,26,2,61,2,0,7,183,1.136,4.9,0.8,5.3,12.5,2.35,,player.fcgi?id=vail--000tom
Andy Belcik,22,2020,Notre Dame,0,0,,8.1,5,0,,0,0,0,6.2,3,6,6,0,7,0,8,0,0,2,30,1.5,4.1,0,9.5,10.8,1.14,,player.fcgi?id=belcik002and
Joe Boyle,20,2020,Notre Dame,1,1,0.5,3.24,6,0,,0,0,2,8.1,3,6,3,0,13,0,17,3,0,4,44,1.92,3.2,0,14,18.4,1.31,,player.fcgi?id=boyle-000joe
Jack Brannigan,19,2020,Notre Dame,1,0,1,1.93,4,0,,0,0,0,4.2,1,1,1,0,3,1,2,1,0,0,18,0.857,1.9,0,5.8,3.9,0.67,,player.fcgi?id=branni000jac
Dominic Cancellieri,19,2020,Notre Dame,0,1,0,4.32,6,1,,0,0,1,8.1,9,7,4,2,5,0,12,1,0,3,39,1.68,9.7,2.2,5.4,13,2.4,,player.fcgi?id=cancel000dom
Brent DiBiase?,--,2020,Notre Dame,0,0,,,1,0,,0,0,0,0,0,0,0,0,1,0,0,1,0,0,2,,,,,,0,,player.fcgi?id=dibias000bre
Mitch Megias?,--,2020,Notre Dame,1,0,1,0,3,0,,0,0,0,6,1,1,0,0,2,0,6,0,0,1,20,0.5,1.5,0,3,9,3,,player.fcgi?id=megias000mit
Will Mercer*,20,2020,Notre Dame,1,0,1,5.93,4,4,,0,0,0,13.2,13,9,9,1,3,0,12,5,0,2,60,1.171,8.6,0.7,2,7.9,4,,player.fcgi?id=mercer000wil
Alex Rao,20,2020,Notre Dame,0,0,,6.08,4,4,,0,0,0,13.1,16,10,9,1,7,0,14,1,0,2,62,1.725,10.8,0.7,4.7,9.5,2,,player.fcgi?id=rao---000ale
Tommy Sheehan*,21,2020,Notre Dame,3,0,1,2.7,4,4,,0,0,0,23.1,18,7,7,0,5,0,22,2,0,1,96,0.986,6.9,0,1.9,8.5,4.4,,player.fcgi?id=sheeha002tom
Liam Simon,19,2020,Notre Dame,1,0,1,4.26,4,0,,0,0,0,6.1,3,3,3,1,5,0,7,2,0,2,27,1.263,4.3,1.4,7.1,9.9,1.4,,player.fcgi?id=simon-000lia
Evan Tenuta,20,2020,Notre Dame,0,0,,9,2,0,,0,0,0,1,0,1,1,0,1,0,2,0,0,0,4,1,0,0,9,18,2,,player.fcgi?id=tenuta000eva
Aidan Tyrell*,19,2020,Notre Dame,0,0,,2.25,5,0,,0,0,1,8,4,3,2,0,3,0,5,0,0,1,32,0.875,4.5,0,3.4,5.6,1.67,,player.fcgi?id=tyrell000aid
Tommy Vail*,21,2020,Notre Dame,3,0,1,2.08,7,0,,0,0,0,17.1,5,6,4,2,3,0,24,0,0,3,63,0.462,2.6,1,1.6,12.5,8,,player.fcgi?id=vail--000tom
John Michael Bertrand*,23,2021,Notre Dame,8,2,0.8,3.21,15,14,,3,1,0,92.2,82,38,33,8,22,3,68,3,0,1,378,1.122,8,0.8,2.1,6.6,3.09,,player.fcgi?id=bertra000joh
Jack Brannigan,20,2021,Notre Dame,1,0,1,11.25,6,0,,0,0,3,4,4,5,5,0,3,0,7,0,0,3,19,1.75,9,0,6.8,15.8,2.33,,player.fcgi?id=branni000jac
Cameron Brown?,--,2021,Notre Dame,0,0,,0,3,1,,0,0,0,3,1,0,0,0,6,0,4,0,0,0,16,2.333,3,0,18,12,0.67,,player.fcgi?id=brown-002cam
Dominic Cancellieri,20,2021,Notre Dame,0,0,,6.6,10,3,,0,0,0,15,20,13,11,5,13,0,18,3,0,1,80,2.2,12,3,7.8,10.8,1.38,,player.fcgi?id=cancel000dom
Jackson Dennies,19,2021,Notre Dame,0,0,,15,3,0,,0,0,0,3,7,5,5,0,2,0,2,0,0,0,16,3,21,0,6,6,1,,player.fcgi?id=dennie000jac
James Hulbert*,23,2021,Notre Dame,0,0,,,1,0,,0,0,0,0,0,0,0,0,1,0,0,0,0,0,1,,,,,,0,,player.fcgi?id=hulber000jam
Tanner Kohlhepp,22,2021,Notre Dame,7,2,0.778,3.08,23,1,,0,0,2,61.1,42,23,21,3,22,0,65,9,0,7,250,1.043,6.2,0.4,3.2,9.5,2.95,,player.fcgi?id=kohlhe000tan
Ryan Lynch*,20,2021,Notre Dame,0,0,,27,1,0,,0,0,0,0.2,1,2,2,0,3,0,1,0,0,3,6,6,13.5,0,40.5,13.5,0.33,,player.fcgi?id=lynch-003rya
Mitch Megias?,--,2021,Notre Dame,0,0,,81,2,0,,0,0,0,0.1,3,4,3,0,1,0,0,0,0,0,5,12,81,0,27,0,0,,player.fcgi?id=megias000mit
Will Mercer*,21,2021,Notre Dame,4,3,0.571,4.92,18,11,,0,0,2,56.2,63,33,31,6,19,0,44,3,1,0,251,1.447,10,1,3,7,2.32,,player.fcgi?id=mercer000wil
Alex Rao,21,2021,Notre Dame,2,1,0.667,3.16,15,1,,0,0,2,37,20,14,13,3,23,1,36,3,0,4,149,1.162,4.9,0.7,5.6,8.8,1.57,,player.fcgi?id=rao---000ale
Christian Scafidi,23,2021,Notre Dame,1,0,1,1.5,2,2,,0,0,0,6,4,1,1,0,6,0,5,1,0,0,28,1.667,6,0,9,7.5,0.83,,player.fcgi?id=scafid000chr
Jack Sheehan,23,2021,Notre Dame,0,0,,0,3,0,,0,0,0,4.2,1,0,0,0,4,0,3,0,0,0,18,1.071,1.9,0,7.7,5.8,0.75,,player.fcgi?id=sheeha002jac
Tommy Sheehan*,22,2021,Notre Dame,0,1,0,6.75,2,2,,0,0,0,8,10,6,6,1,5,0,10,2,0,2,40,1.875,11.3,1.1,5.6,11.3,2,,player.fcgi?id=sheeha002tom
Joe Sheridan*,23,2021,Notre Dame,1,2,0.333,5.61,17,3,,0,0,3,43.1,56,31,27,6,17,0,31,6,0,2,205,1.685,11.6,1.2,3.5,6.4,1.82,,player.fcgi?id=sherid003jos
Liam Simon,20,2021,Notre Dame,5,1,0.833,3.2,18,1,,0,0,1,25.1,19,11,9,3,24,0,33,2,1,5,120,1.697,6.8,1.1,8.5,11.7,1.38,,player.fcgi?id=simon-000lia
Aidan Tyrell*,20,2021,Notre Dame,5,1,0.833,2.7,17,8,,0,0,2,60,50,19,18,6,19,1,43,5,0,3,245,1.15,7.5,0.9,2.9,6.5,2.26,,player.fcgi?id=tyrell000aid
Caden Aoki,19,2022,Notre Dame,0,2,0,3.86,4,0,,0,0,0,9.1,7,4,4,2,2,0,10,0,0,2,37,0.964,6.8,1.9,1.9,9.6,5,,player.fcgi?id=aoki--000cad
Matt Bedford,19,2022,Notre Dame,1,0,1,6.1,10,0,,0,0,0,10.1,15,7,7,0,4,0,13,2,0,3,50,1.839,13.1,0,3.5,11.3,3.25,,player.fcgi?id=bedfor000mat
John Michael Bertrand*,24,2022,Notre Dame,10,3,0.769,2.81,18,18,,0,0,0,109,97,39,34,8,21,0,111,8,0,8,447,1.083,8,0.7,1.7,9.2,5.29,,player.fcgi?id=bertra000joh
Radek Birkholz,19,2022,Notre Dame,1,0,1,4.98,21,1,,0,0,0,21.2,24,16,12,2,14,0,29,3,0,0,105,1.754,10,0.8,5.8,12,2.07,,player.fcgi?id=birkho000rad
Jack Brannigan,21,2022,Notre Dame,2,2,0.5,7.36,11,1,,0,0,2,14.2,16,13,12,2,8,1,28,0,1,5,68,1.636,9.8,1.2,4.9,17.2,3.5,,player.fcgi?id=branni000jac
Sammy Cooper,20,2022,Notre Dame,0,0,,6.75,6,0,,0,0,0,5.1,4,4,4,1,4,0,5,0,0,2,26,1.5,6.8,1.7,6.8,8.4,1.25,,player.fcgi?id=cooper007sam
Nick DeMarco,19,2022,Notre Dame,0,0,,27,1,0,,0,0,0,1,4,3,3,0,0,0,1,1,0,0,8,4,36,0,0,9,,,player.fcgi?id=demarc001nic
Jackson Dennies,20,2022,Notre Dame,1,1,0.5,6.35,20,0,,0,0,0,17,18,14,12,1,11,0,20,2,1,2,82,1.706,9.5,0.5,5.8,10.6,1.82,,player.fcgi?id=dennie000jac
Jack Findlay*,19,2022,Notre Dame,6,2,0.75,2.17,20,8,,0,0,4,49.2,34,14,12,5,16,0,54,3,0,5,198,1.007,6.2,0.9,2.9,9.8,3.38,,player.fcgi?id=findla002jac
Roman Kimball,18,2022,Notre Dame,4,0,1,5.76,17,0,,0,0,0,25,19,17,16,7,14,0,32,2,0,2,108,1.32,6.8,2.5,5,11.5,2.29,,player.fcgi?id=kimbal000rom
Matt Lazzaro*,23,2022,Notre Dame,0,0,,3,8,0,,0,0,0,9,7,7,3,1,5,0,10,1,0,1,43,1.333,7,1,5,10,2,,player.fcgi?id=lazzar000mat
Ryan Lynch*,21,2022,Notre Dame,0,0,,inf,1,0,,0,0,0,0,2,2,2,1,0,0,0,0,0,0,2,,,,,,,,player.fcgi?id=lynch-003rya
Ryan McLinskey,23,2022,Notre Dame,0,1,0,2.42,14,0,,0,0,3,26,19,10,7,2,8,3,39,1,0,6,105,1.038,6.6,0.7,2.8,13.5,4.88,,player.fcgi?id=mclini000rya
Will Mercer*,22,2022,Notre Dame,2,1,0.667,4.18,13,3,,0,0,1,23.2,22,11,11,2,9,0,24,2,0,3,98,1.31,8.4,0.8,3.4,9.1,2.67,,player.fcgi?id=mercer000wil
Gerry Peacock,22,2022,Notre Dame,0,0,,18,1,0,,0,0,0,1,2,2,2,0,4,0,2,0,0,1,8,6,18,0,36,18,0.5,,player.fcgi?id=peacoc000ger
Alex Rao,22,2022,Notre Dame,3,1,0.75,3.83,25,0,,0,0,3,47,32,20,20,4,28,0,57,1,1,6,199,1.277,6.1,0.8,5.4,10.9,2.04,,player.fcgi?id=rao---000ale
Liam Simon,21,2022,Notre Dame,2,1,0.667,4.99,16,7,,0,0,0,30.2,21,22,17,4,28,1,56,6,1,7,146,1.598,6.2,1.2,8.2,16.4,2,,player.fcgi?id=simon-000lia
Austin Temple,22,2022,Notre Dame,4,1,0.8,3.5,18,15,,0,0,2,69.1,49,29,27,6,37,0,87,7,0,4,291,1.24,6.4,0.8,4.8,11.3,2.35,,player.fcgi?id=temple000aus
Aidan Tyrell*,21,2022,Notre Dame,5,2,0.714,3.75,26,5,,0,0,2,48,55,28,20,4,15,0,37,5,0,6,216,1.458,10.3,0.8,2.8,6.9,2.47,,player.fcgi?id=tyrell000aid
Matt Bedford,20,2023,Notre Dame,1,3,0.25,6.86,14,2,,0,0,0,21,24,18,16,2,11,1,18,5,1,5,102,1.667,10.3,0.9,4.7,7.7,1.64,,player.fcgi?id=bedfor000mat
Radek Birkholz,20,2023,Notre Dame,2,3,0.4,4.91,18,4,,0,0,1,44,39,29,24,6,18,1,35,7,0,4,196,1.295,8,1.2,3.7,7.2,1.94,,player.fcgi?id=birkho000rad
Carter Bosch,23,2023,Notre Dame,1,1,0.5,6.08,17,2,,0,0,2,26.2,26,19,18,5,13,0,25,2,0,1,117,1.463,8.8,1.7,4.4,8.4,1.92,,player.fcgi?id=bosch-000car
Sammy Cooper,21,2023,Notre Dame,2,1,0.667,7.4,16,0,,0,0,2,20.2,29,17,17,3,6,0,8,1,0,1,95,1.694,12.6,1.3,2.6,3.5,1.33,,player.fcgi?id=cooper007sam
Jackson Dennies,21,2023,Notre Dame,0,4,0,3.11,14,13,,0,0,0,46.1,35,18,16,3,19,0,49,11,0,2,203,1.165,6.8,0.6,3.7,9.5,2.58,,player.fcgi?id=dennie000jac
Jack Findlay*,20,2023,Notre Dame,4,2,0.667,3.79,10,5,,0,0,0,40.1,35,18,17,4,11,0,54,6,0,4,170,1.14,7.8,0.9,2.5,12,4.91,,player.fcgi?id=findla002jac
Rory Fox,19,2023,Notre Dame,0,1,0,12.6,3,0,,0,0,0,5,10,9,7,3,1,0,6,0,0,2,26,2.2,18,5.4,1.8,10.8,6,,player.fcgi?id=fox---000ror
Blake Hely,23,2023,Notre Dame,3,3,0.5,5.23,17,15,,0,0,0,74,70,44,43,14,31,0,74,14,0,5,329,1.365,8.5,1.7,3.8,9,2.39,,player.fcgi?id=hely--000bla
David Lally,19,2023,Notre Dame,0,0,,5.29,9,6,,0,0,0,17,23,10,10,0,16,0,14,3,2,1,92,2.294,12.2,0,8.5,7.4,0.88,,player.fcgi?id=lally-001dav
Ryan Lynch*,22,2023,Notre Dame,0,1,0,9,15,0,,0,0,1,11,15,11,11,4,4,0,19,1,0,2,51,1.727,12.3,3.3,3.3,15.5,4.75,,player.fcgi?id=lynch-003rya
Will Mercer*,23,2023,Notre Dame,3,1,0.75,2.43,17,0,,0,0,3,33.1,22,12,9,2,14,1,37,4,0,3,139,1.08,5.9,0.5,3.8,10,2.64,,player.fcgi?id=mercer000wil
Justin Moore,23,2023,Notre Dame,0,0,,1.35,10,0,,0,0,0,13.1,9,4,2,0,11,0,9,2,0,0,57,1.5,6.1,0,7.4,6.1,0.82,,player.fcgi?id=moore-004jus
Gerry Peacock,23,2023,Notre Dame,0,0,,0,1,0,,0,0,0,1,1,1,0,0,1,0,0,1,0,1,7,2,9,0,9,0,0,,player.fcgi?id=peacoc000ger
Ricky Reeth,20,2023,Notre Dame,1,0,1,6.06,8,0,,0,0,0,16.1,12,11,11,3,8,0,12,0,0,2,69,1.224,6.6,1.7,4.4,6.6,1.5,,player.fcgi?id=reeth-000ric
Caden Spivey,19,2023,Notre Dame,4,1,0.8,4.11,15,1,,0,0,0,35,34,19,16,5,12,0,25,6,1,4,154,1.314,8.7,1.3,3.1,6.4,2.08,,player.fcgi?id=spivey000cad
Aidan Tyrell*,22,2023,Notre Dame,8,3,0.727,3.36,16,6,,0,0,1,69.2,64,36,26,9,26,0,59,4,0,3,299,1.292,8.3,1.2,3.4,7.6,2.27,,player.fcgi?id=tyrell000aid
Matt Bedford,21,2024,Notre Dame,3,6,0.333,4.65,15,15,,0,0,0,62,55,35,32,9,28,1,40,9,0,3,269,1.339,8,1.3,4.1,5.8,1.43,,player.fcgi?id=bedfor000mat
Radek Birkholz,21,2024,Notre Dame,3,0,1,4.67,9,0,,0,0,0,17.1,10,9,9,2,17,0,20,2,0,1,78,1.558,5.2,1,8.8,10.4,1.18,,player.fcgi?id=birkho000rad
Sammy Cooper,22,2024,Notre Dame,1,0,1,4.91,10,0,,0,0,0,11,8,6,6,1,8,0,13,6,0,0,54,1.455,6.5,0.8,6.5,10.6,1.63,,player.fcgi?id=cooper007sam
Jackson Dennies,22,2024,Notre Dame,0,0,,15.55,5,4,,0,0,0,11,26,20,19,8,6,1,7,1,0,1,64,2.909,21.3,6.5,4.9,5.7,1.17,,player.fcgi?id=dennie000jac
Bennett Flynn,23,2024,Notre Dame,1,2,0.333,5.4,19,0,,0,0,3,40,36,26,24,7,27,1,53,6,0,5,184,1.575,8.1,1.6,6.1,11.9,1.96,,player.fcgi?id=flynn-000ben
Rory Fox,20,2024,Notre Dame,2,3,0.4,6.48,15,9,,0,0,0,50,59,44,36,15,15,1,38,5,0,0,225,1.48,10.6,2.7,2.7,6.8,2.53,,player.fcgi?id=fox---000ror
Nate Hardman,22,2024,Notre Dame,2,1,0.667,4.45,24,0,,0,0,6,30.1,26,16,15,6,9,2,29,3,0,0,127,1.154,7.7,1.8,2.7,8.6,3.22,,player.fcgi?id=hardma000nat
DJ Helwig,19,2024,Notre Dame,1,0,1,4.11,8,4,,0,0,0,15.1,13,8,7,2,4,0,10,4,0,4,65,1.109,7.6,1.2,2.3,5.9,2.5,,player.fcgi?id=helwig000dj-
Will Jacobsen,24,2024,Notre Dame,2,0,1,6.75,18,0,,0,0,0,25.1,17,20,19,8,13,0,25,3,0,4,107,1.184,6,2.8,4.6,8.9,1.92,,player.fcgi?id=jacobs012wil
Aidan Krupp,21,2024,Notre Dame,0,0,,54,2,0,,0,0,0,0.2,1,4,4,0,4,0,1,0,0,1,7,7.5,13.5,0,54,13.5,0.25,,player.fcgi?id=krupp-000aid
David Lally,20,2024,Notre Dame,0,1,0,9.22,13,0,,0,0,0,13.2,14,18,14,0,15,0,16,5,0,0,74,2.122,9.2,0,9.9,10.5,1.07,,player.fcgi?id=lally-001dav
Ryan Lynch*,23,2024,Notre Dame,1,0,1,9,8,0,,0,0,0,2,5,3,2,2,2,0,2,0,0,1,13,3.5,22.5,9,9,9,1,,player.fcgi?id=lynch-003rya
Justin Mayes*,19,2024,Notre Dame,0,0,,0,1,0,,0,0,0,1,0,0,0,0,0,0,2,1,0,0,4,0,0,0,0,18,,,player.fcgi?id=mayes-000jus
Tobey McDonough,23,2024,Notre Dame,3,3,0.5,4.94,18,5,,0,0,0,31,30,22,17,4,15,0,35,6,0,4,144,1.452,8.7,1.2,4.4,10.2,2.33,,player.fcgi?id=mcdono000tob
Keenan Mork,19,2024,Notre Dame,1,1,0.5,3,3,0,,0,0,0,3,0,1,1,0,4,0,1,1,0,0,14,1.333,0,0,12,3,0.25,,player.fcgi?id=mork--000kee
Jack Radel,19,2024,Notre Dame,4,3,0.571,4.58,14,10,,0,0,0,53,54,27,27,8,19,0,39,9,2,1,234,1.377,9.2,1.4,3.2,6.6,2.05,,player.fcgi?id=radel-000jac
Ricky Reeth,21,2024,Notre Dame,2,4,0.333,5.21,17,1,,0,0,0,48.1,54,29,28,7,10,0,38,7,0,3,210,1.324,10.1,1.3,1.9,7.1,3.8,,player.fcgi?id=reeth-000ric
Caden Spivey,20,2024,Notre Dame,1,1,0.5,8.46,15,3,,0,0,0,27.2,40,26,26,2,19,0,24,4,0,1,146,2.133,13,0.7,6.2,7.8,1.26,,player.fcgi?id=spivey000cad
Hagan Ward,19,2024,Notre Dame,0,0,,12.6,4,1,,0,0,0,5,7,7,7,1,2,0,4,1,1,2,23,1.8,12.6,1.8,3.6,7.2,2,,player.fcgi?id=ward--000hag
Radek Birkholz,22,2025,Notre Dame,0,0,,81,3,0,,0,0,0,0.2,3,6,6,0,5,0,1,2,0,2,12,12,40.5,0,67.5,13.5,0.2,,player.fcgi?id=birkho000rad
Sammy Cooper,23,2025,Notre Dame,0,0,,6.75,12,0,,0,0,0,8,11,6,6,3,9,0,7,1,0,2,45,2.5,12.4,3.4,10.1,7.9,0.78,,player.fcgi?id=cooper007sam
Jackson Dennies,23,2025,Notre Dame,3,3,0.5,4.71,12,11,,0,0,0,49.2,57,31,26,6,8,0,37,8,0,0,220,1.309,10.3,1.1,1.4,6.7,4.63,,player.fcgi?id=dennie000jac
Rory Fox,21,2025,Notre Dame,4,4,0.5,3.58,14,14,,1,1,0,65.1,44,30,26,3,27,0,64,13,0,3,280,1.087,6.1,0.4,3.7,8.8,2.37,,player.fcgi?id=fox---000ror
Clark Gilmore,23,2025,Notre Dame,0,0,,9,2,0,,0,0,0,1,2,1,1,0,1,0,0,1,0,0,7,3,18,0,9,0,0,,player.fcgi?id=gilmor001cla
Dylan Heine,24,2025,Notre Dame,2,3,0.4,7.97,15,9,,0,0,0,35,54,39,31,12,9,0,35,3,0,2,175,1.8,13.9,3.1,2.3,9,3.89,,player.fcgi?id=heine-000dyl
DJ Helwig,20,2025,Notre Dame,2,1,0.667,7.84,10,1,,0,0,0,20.2,23,24,18,4,14,0,23,5,0,1,104,1.79,10,1.7,6.1,10,1.64,,player.fcgi?id=helwig000dj-
Xavier Hirsch,21,2025,Notre Dame,3,0,1,4.71,11,0,,0,0,0,21,25,13,11,2,6,0,11,1,0,1,95,1.476,10.7,0.9,2.6,4.7,1.83,,player.fcgi?id=hirsch000xav
Kellan Klosterman,19,2025,Notre Dame,1,1,0.5,5.33,13,5,,0,0,0,25.1,22,15,15,0,16,0,22,5,0,2,117,1.5,7.8,0,5.7,7.8,1.38,,player.fcgi?id=kloste000kel
Brady Koester*,19,2025,Notre Dame,2,0,1,3.48,13,0,,0,0,0,10.1,4,4,4,2,11,0,14,1,0,4,44,1.452,3.5,1.7,9.6,12.2,1.27,,player.fcgi?id=koeste000bra
Oisin Lee,20,2025,Notre Dame,0,0,,6.16,16,0,,0,0,0,19,19,14,13,2,6,0,26,2,0,6,80,1.316,9,0.9,2.8,12.3,4.33,,player.fcgi?id=lee---000ois
Justin Mayes*,20,2025,Notre Dame,0,0,,13.5,13,0,,0,0,0,7.1,12,14,11,2,11,0,13,2,0,3,48,3.136,14.7,2.5,13.5,16,1.18,,player.fcgi?id=mayes-000jus
Tobey McDonough,24,2025,Notre Dame,2,1,0.667,1.65,20,0,,0,0,9,32.2,31,8,6,0,10,1,28,4,0,6,140,1.255,8.5,0,2.8,7.7,2.8,,player.fcgi?id=mcdono000tob
Keenan Mork,20,2025,Notre Dame,0,0,,1.13,8,0,,0,0,0,8,3,1,1,0,3,0,10,3,0,1,32,0.75,3.4,0,3.4,11.3,3.33,,player.fcgi?id=mork--000kee
Jack Radel,20,2025,Notre Dame,7,4,0.636,3.58,13,13,,0,0,0,70.1,56,31,28,11,18,0,60,8,0,2,289,1.052,7.2,1.4,2.3,7.7,3.33,,player.fcgi?id=radel-000jac
Ricky Reeth,22,2025,Notre Dame,4,2,0.667,4.31,22,0,,0,0,3,48,44,24,23,5,12,1,43,7,0,5,199,1.167,8.3,0.9,2.3,8.1,3.58,,player.fcgi?id=reeth-000ric
Chase Van Ameyde,19,2025,Notre Dame,2,2,0.5,8.37,17,0,,0,0,1,23.2,30,22,22,2,10,0,31,7,0,5,112,1.69,11.4,0.8,3.8,11.8,3.1,,player.fcgi?id=vaname000cha
Jack Walker*,24,2025,Notre Dame,0,0,,14.4,7,0,,0,0,0,5,7,9,8,1,9,1,8,1,0,0,32,3.2,12.6,1.8,16.2,14.4,0.89,,player.fcgi?id=walker012jac
Sam Abrams,19,2011,Miami,,,,3.18,,0,,,0,,11.1,9,5,4,,4,,5,,,,,1.147,7.1,,3.2,4,1.25,,player.fcgi?id=abrams000sam
E.J. Encinosa,19,2011,Miami,,,,3.45,,15,,,0,,86,59,39,33,,33,,70,,,,,1.07,6.2,,3.5,7.3,2.12,,player.fcgi?id=encino001edu
Steven Ewing*,19,2011,Miami,,,,2.64,,12,,,0,,75,52,26,22,,23,,77,,,,,1,6.2,,2.8,9.2,3.35,,player.fcgi?id=ewing-001ste
Travis Miller,21,2011,Miami,,,,2.45,,0,,,0,,22,18,10,6,,5,,28,,,,,1.045,7.4,,2,11.5,5.6,,player.fcgi?id=miller003tra
Danny Miranda*,20,2011,Miami,,,,2.61,,0,,,0,,31,27,9,9,,4,,37,,,,,1,7.8,,1.2,10.7,9.25,,player.fcgi?id=mirand001dan
Bryan Radziewski*,19,2011,Miami,,,,3.33,,16,,,0,,92,87,48,34,,37,,92,,,,,1.348,8.5,,3.6,9,2.49,,player.fcgi?id=radzie000bry
Sam Robinson*,21,2011,Miami,,,,1.76,,0,,,0,,41,16,9,8,,18,,37,,,,,0.829,3.5,,4,8.1,2.06,,player.fcgi?id=robins002sam
Zach Robinson?,--,2011,Miami,,,,15,,0,,,0,,3,5,5,5,,2,,2,,,,,2.333,15,,6,6,1,,player.fcgi?id=robins000zac
Michael Rudman?,--,2011,Miami,,,,3.24,,0,,,0,,8.1,11,4,3,,6,,8,,,,,2.04,11.9,,6.5,8.6,1.33,,player.fcgi?id=rudman000mic
Javi Salas,19,2011,Miami,,,,5.59,,0,,,0,,29,31,22,18,,8,,13,,,,,1.345,9.6,,2.5,4,1.63,,player.fcgi?id=salas-000jav
AJ Salcines*,19,2011,Miami,,,,5.14,,2,,,0,,28,33,18,16,,13,,27,,,,,1.643,10.6,,4.2,8.7,2.08,,player.fcgi?id=salcin000aj-
Adam Sargent,--,2011,Miami,,,,4.18,,0,,,0,,32.1,25,16,15,,15,,25,,,,,1.237,7,,4.2,7,1.67,,player.fcgi?id=sargen000ada
Eric Whaley,20,2011,Miami,,,,2.68,,16,,,0,,94,81,36,28,,22,,82,,,,,1.096,7.8,,2.1,7.9,3.73,,player.fcgi?id=whaley001eri
Chris Diaz*,19,2012,Miami,2,1,0.667,4.18,23,2,,,0,0,32.1,35,17,15,0,13,0,20,2,0,3,149,1.485,9.7,0,3.6,5.6,1.54,,player.fcgi?id=diaz--004chr
E.J. Encinosa,20,2012,Miami,3,3,0.5,2.79,24,0,,,0,8,29,12,9,9,0,17,0,39,8,0,7,125,1,3.7,0,5.3,12.1,2.29,,player.fcgi?id=encino001edu
Eric Erickson*,24,2012,Miami,8,6,0.571,2.88,16,16,,,0,0,97,99,39,31,2,11,1,66,6,2,4,404,1.134,9.2,0.2,1,6.1,6,,player.fcgi?id=ericks002eri
Steven Ewing*,20,2012,Miami,6,3,0.667,3.84,17,16,,,0,0,91.1,92,52,39,4,34,0,88,8,1,7,406,1.38,9.1,0.4,3.4,8.7,2.59,,player.fcgi?id=ewing-001ste
Alex Fernandez,19,2012,Miami,2,0,1,2.84,9,0,,,0,0,6.1,7,2,2,0,5,0,4,1,0,0,29,1.895,9.9,0,7.1,5.7,0.8,,player.fcgi?id=fernan005ale
Vince Kossak?,--,2012,Miami,0,0,,7.71,8,0,,,0,0,11.2,12,10,10,3,5,0,7,2,0,0,54,1.457,9.3,2.3,3.9,5.4,1.4,,player.fcgi?id=kossak000vin
Eric Nedeljkovic,22,2012,Miami,0,1,0,1.78,29,0,,,0,4,25.1,27,10,5,0,6,1,18,1,1,1,107,1.303,9.6,0,2.1,6.4,3,,player.fcgi?id=nedelj000eri
Bryan Radziewski*,20,2012,Miami,2,0,1,3.08,5,5,,,0,0,26.1,24,10,9,3,14,0,21,0,1,3,113,1.443,8.2,1,4.8,7.2,1.5,,player.fcgi?id=radzie000bry
Javi Salas,20,2012,Miami,6,3,0.667,3.21,19,5,,,0,0,47.2,48,26,17,1,16,0,48,3,1,3,210,1.343,9.1,0.2,3,9.1,3,,player.fcgi?id=salas-000jav
AJ Salcines*,20,2012,Miami,3,0,1,1.4,39,0,,,0,7,38.2,26,10,6,2,11,2,44,5,0,3,152,0.957,6.1,0.5,2.6,10.2,4,,player.fcgi?id=salcin000aj-
Alex San Juan,21,2012,Miami,0,0,,9.64,5,0,,,0,0,4.2,5,5,5,1,2,0,5,1,1,2,19,1.5,9.6,1.9,3.9,9.6,2.5,,player.fcgi?id=sanjua001ale
Adam Sargent,--,2012,Miami,0,2,0,2.81,27,0,,,0,0,25.2,28,11,8,0,13,1,24,5,0,1,125,1.597,9.8,0,4.6,8.4,1.85,,player.fcgi?id=sargen000ada
Andrew Suárez*,19,2012,Miami,0,0,,19.29,3,1,,,0,0,2.1,6,5,5,1,1,0,1,0,0,0,15,3,23.1,3.9,3.9,3.9,1,,player.fcgi?id=suarez002and
Eric Whaley,21,2012,Miami,4,4,0.5,2.68,15,14,,,0,0,90.2,95,37,27,7,20,1,63,3,3,1,383,1.268,9.4,0.7,2,6.3,3.15,,player.fcgi?id=whaley001eri
Sam Abrams,21,2013,Miami,0,0,,10.8,3,0,,,0,0,1.2,1,2,2,0,2,0,2,1,0,1,9,1.8,5.4,0,10.8,10.8,1,,player.fcgi?id=abrams000sam
Chris Diaz*,20,2013,Miami,7,5,0.583,1.64,16,16,,,0,0,109.2,101,29,20,1,27,0,78,3,0,4,441,1.167,8.3,0.1,2.2,6.4,2.89,,player.fcgi?id=diaz--004chr
Alex Fernandez,20,2013,Miami,0,0,,8.44,10,0,,,0,0,10.2,9,11,10,1,7,0,9,3,0,1,52,1.5,7.6,0.8,5.9,7.6,1.29,,player.fcgi?id=fernan005ale
Frank Grandinette,19,2013,Miami,1,0,1,6,14,0,,,0,0,15,18,11,10,0,7,1,9,1,0,0,67,1.667,10.8,0,4.2,5.4,1.29,,player.fcgi?id=grandi000fra
Jace Herrera,20,2013,Miami,0,0,,1.35,6,0,,,0,0,6.2,9,3,1,1,3,0,3,0,0,0,32,1.8,12.2,1.4,4.1,4.1,1,,player.fcgi?id=herrer000jac
Vince Kossak?,--,2013,Miami,0,0,,8.8,10,0,,,0,0,15.1,24,15,15,3,8,0,13,1,1,1,78,2.087,14.1,1.8,4.7,7.6,1.63,,player.fcgi?id=kossak000vin
Eric Nedeljkovic,23,2013,Miami,2,2,0.5,1.37,25,0,,,0,13,26.1,18,4,4,0,4,1,30,2,0,0,102,0.835,6.2,0,1.4,10.3,7.5,,player.fcgi?id=nedelj000eri
Ryan Otero,20,2013,Miami,0,0,,13.5,4,0,,,0,0,3.1,4,7,5,1,5,0,2,0,0,1,20,2.7,10.8,2.7,13.5,5.4,0.4,,player.fcgi?id=otero-000rya
Bryan Radziewski*,21,2013,Miami,9,3,0.75,1.78,15,14,,,2,0,91,53,24,18,1,30,0,109,11,0,3,353,0.912,5.2,0.1,3,10.8,3.63,,player.fcgi?id=radzie000bry
Javi Salas,21,2013,Miami,5,5,0.5,3.18,17,11,,,0,0,70.2,68,36,25,2,19,0,44,7,0,1,300,1.231,8.7,0.3,2.4,5.6,2.32,,player.fcgi?id=salas-000jav
AJ Salcines*,21,2013,Miami,3,3,0.5,7.28,28,0,,,0,2,29.2,35,27,24,3,14,2,30,4,0,1,139,1.652,10.6,0.9,4.2,9.1,2.14,,player.fcgi?id=salcin000aj-
Adam Sargent,--,2013,Miami,0,0,,4.5,4,0,,,0,0,2,2,4,1,0,4,0,2,1,0,2,14,3,9,0,18,9,0.5,,player.fcgi?id=sargen000ada
Enrique Sosa,--,2013,Miami,0,0,,6.43,5,0,,,0,0,7,8,5,5,0,6,0,3,0,0,3,33,2,10.3,0,7.7,3.9,0.5,,player.fcgi?id=sosa--000enr
Andrew Suárez*,20,2013,Miami,3,6,0.333,3.95,15,15,,,1,0,86.2,94,47,38,4,19,0,57,3,0,5,370,1.304,9.8,0.4,2,5.9,3,,player.fcgi?id=suarez002and
Eric Whaley,22,2013,Miami,3,1,0.75,4.54,19,3,,,0,0,35.2,42,21,18,3,11,1,26,2,0,1,161,1.486,10.6,0.8,2.8,6.6,2.36,,player.fcgi?id=whaley001eri
Thomas Woodrey*,18,2013,Miami,4,0,1,3.12,19,3,,,0,1,40.1,35,18,14,2,14,0,30,1,1,4,171,1.215,7.8,0.4,3.1,6.7,2.14,,player.fcgi?id=woodre000tho
Sam Abrams,22,2014,Miami,0,0,,6.75,4,0,,,0,0,2.2,3,2,2,0,0,0,3,1,0,0,12,1.125,10.1,0,0,10.1,,,player.fcgi?id=abrams000sam
Derik Beauprez,19,2014,Miami,1,0,1,0.83,6,4,,,0,0,21.2,13,2,2,0,8,0,17,0,0,1,86,0.969,5.4,0,3.3,7.1,2.13,,player.fcgi?id=beaupr000der
Chris Diaz*,21,2014,Miami,9,1,0.9,2.41,16,16,,,0,0,101,88,34,27,1,41,0,86,8,0,13,432,1.277,7.8,0.1,3.7,7.7,2.1,,player.fcgi?id=diaz--004chr
Bryan Garcia,19,2014,Miami,7,4,0.636,1.75,31,0,,,0,15,51.1,40,12,10,1,19,2,56,1,0,4,210,1.149,7,0.2,3.3,9.8,2.95,,player.fcgi?id=garcia003bry
Danny Garcia*,20,2014,Miami,0,1,0,6.3,11,3,,,0,0,20,22,16,14,1,10,0,18,5,0,1,97,1.6,9.9,0.5,4.5,8.1,1.8,,player.fcgi?id=garcia011dan
Cooper Hammond,19,2014,Miami,5,2,0.714,2.29,35,0,,,0,2,35.1,32,14,9,1,11,3,37,5,0,0,147,1.217,8.2,0.3,2.8,9.4,3.36,,player.fcgi?id=hammon000coo
Ryan Otero,21,2014,Miami,0,0,,0,1,0,,,0,0,0.1,1,0,0,0,0,0,1,0,0,0,3,3,27,0,0,27,,,player.fcgi?id=otero-000rya
Bryan Radziewski*,22,2014,Miami,8,2,0.8,2.86,16,16,,,1,0,100.2,81,41,32,2,49,0,111,10,0,5,430,1.291,7.2,0.2,4.4,9.9,2.27,,player.fcgi?id=radzie000bry
Javi Salas,22,2014,Miami,4,3,0.571,2.92,14,8,,,1,1,52.1,47,22,17,1,15,0,43,5,0,2,222,1.185,8.1,0.2,2.6,7.4,2.87,,player.fcgi?id=salas-000jav
AJ Salcines*,22,2014,Miami,0,1,0,6.75,13,0,,,0,1,10.2,15,9,8,0,10,1,11,1,0,0,56,2.344,12.7,0,8.4,9.3,1.1,,player.fcgi?id=salcin000aj-
Adam Sargent,--,2014,Miami,0,0,,5.68,9,0,,,0,0,6.1,11,4,4,0,5,0,7,1,0,0,35,2.526,15.6,0,7.1,9.9,1.4,,player.fcgi?id=sargen000ada
Dan Sayles*,22,2014,Miami,0,1,0,7.36,5,0,,,0,0,3.2,5,4,3,0,2,1,3,0,0,2,15,1.909,12.3,0,4.9,7.4,1.5,,player.fcgi?id=sayles000dan
Enrique Sosa,--,2014,Miami,0,1,0,7.04,11,0,,,0,0,15.1,12,14,12,0,11,0,14,1,0,1,71,1.5,7,0,6.5,8.2,1.27,,player.fcgi?id=sosa--000enr
Andrew Suárez*,21,2014,Miami,6,3,0.667,2.95,16,16,,,1,0,109.2,108,46,36,3,15,0,87,3,0,11,456,1.122,8.9,0.2,1.2,7.1,5.8,,player.fcgi?id=suarez002and
Thomas Woodrey*,19,2014,Miami,4,0,1,2.54,31,0,,,0,0,49.2,38,14,14,0,11,1,36,2,1,2,193,0.987,6.9,0,2,6.5,3.27,,player.fcgi?id=woodre000tho
Sam Abrams,23,2015,Miami,2,0,1,2.38,16,0,,,0,0,22.2,19,6,6,0,11,4,19,3,0,0,98,1.324,7.5,0,4.4,7.5,1.73,,player.fcgi?id=abrams000sam
Derik Beauprez,20,2015,Miami,3,2,0.6,5.12,18,4,,,0,0,31.2,24,18,18,0,20,0,28,1,1,6,138,1.389,6.8,0,5.7,8,1.4,,player.fcgi?id=beaupr000der
Daniel Briggi?,--,2015,Miami,1,0,1,1.76,22,0,,,0,0,30.2,13,6,6,1,15,0,26,1,0,1,117,0.913,3.8,0.3,4.4,7.6,1.73,,player.fcgi?id=briggi000dan
Bryan Garcia,20,2015,Miami,6,2,0.75,2.56,34,0,,,0,10,38.2,28,12,11,0,20,5,36,3,0,5,162,1.241,6.5,0,4.7,8.4,1.8,,player.fcgi?id=garcia003bry
Danny Garcia*,21,2015,Miami,7,1,0.875,3.56,22,11,,,0,0,81,85,35,32,5,17,0,79,6,0,4,338,1.259,9.4,0.6,1.9,8.8,4.65,,player.fcgi?id=garcia011dan
Cooper Hammond,20,2015,Miami,5,1,0.833,2.25,37,0,,,0,2,40,40,12,10,0,9,1,30,5,0,1,172,1.225,9,0,2,6.8,3.33,,player.fcgi?id=hammon000coo
Andy Honiotes,20,2015,Miami,0,0,,0,7,0,,,0,0,8.1,4,0,0,0,6,0,8,1,0,0,33,1.2,4.3,0,6.5,8.6,1.33,,player.fcgi?id=honiot000and
Jesse Lepore,19,2015,Miami,0,0,,1.93,10,0,,,0,0,14,13,5,3,0,7,0,10,0,1,1,62,1.429,8.4,0,4.5,6.4,1.43,,player.fcgi?id=lepore000jes
Michael Mediavilla*,19,2015,Miami,3,2,0.6,2.03,36,0,,,0,0,40,25,13,9,0,19,1,52,3,0,5,165,1.1,5.6,0,4.3,11.7,2.74,,player.fcgi?id=mediav000mic
Ryan Otero,22,2015,Miami,0,0,,4.7,14,2,,,0,1,23,19,13,12,0,7,0,12,4,0,2,100,1.13,7.4,0,2.7,4.7,1.71,,player.fcgi?id=otero-000rya
Dan Sayles*,23,2015,Miami,0,0,,4.5,7,1,,,0,0,4,5,3,2,0,1,0,1,0,0,0,17,1.5,11.3,0,2.3,2.3,1,,player.fcgi?id=sayles000dan
Enrique Sosa,--,2015,Miami,7,4,0.636,4.07,16,16,,,0,0,79.2,76,40,36,5,32,0,71,7,0,8,350,1.356,8.6,0.6,3.6,8,2.22,,player.fcgi?id=sosa--000enr
Andrew Suárez*,22,2015,Miami,9,2,0.818,3.28,15,15,,,0,0,82.1,82,41,30,4,21,0,75,4,1,2,347,1.251,9,0.4,2.3,8.2,3.57,,player.fcgi?id=suarez002and
Thomas Woodrey*,20,2015,Miami,7,2,0.778,2.88,17,17,,,1,0,103,89,50,33,11,24,0,62,9,2,0,429,1.097,7.8,1,2.1,5.4,2.58,,player.fcgi?id=woodre000tho
Frankie Bartow,19,2016,Miami,6,0,1,2.72,43,0,,0,0,0,56.1,56,21,17,2,10,2,29,4,1,0,229,1.172,8.9,0.3,1.6,4.6,2.9,,player.fcgi?id=bartow000fra
Andrew Cabezas,19,2016,Miami,3,1,0.75,5.07,28,3,,0,0,0,55,45,31,31,2,24,0,54,9,2,5,235,1.255,7.4,0.3,3.9,8.8,2.25,,player.fcgi?id=cabeza000and
Daniel Epstein*,20,2016,Miami,0,0,,5.4,5,0,,0,0,0,3.1,6,2,2,0,1,0,1,0,0,1,17,2.1,16.2,0,2.7,2.7,1,,player.fcgi?id=epstei000dan
Bryan Garcia,21,2016,Miami,2,0,1,1.89,35,0,,0,0,18,38,25,11,8,3,18,2,55,0,0,3,158,1.132,5.9,0.7,4.3,13,3.06,,player.fcgi?id=garcia003bry
Danny Garcia*,22,2016,Miami,9,5,0.643,3.57,18,18,,0,0,0,98.1,101,46,39,12,35,0,52,3,2,1,422,1.383,9.2,1.1,3.2,4.8,1.49,,player.fcgi?id=garcia011dan
Ryan Guerra,21,2016,Miami,2,1,0.667,7.36,10,0,,0,0,0,11,12,9,9,3,6,0,9,1,0,1,52,1.636,9.8,2.5,4.9,7.4,1.5,,player.fcgi?id=guerra000rya
Cooper Hammond,21,2016,Miami,0,0,,3.18,7,0,,0,0,0,5.2,2,2,2,0,0,0,6,0,0,0,20,0.353,3.2,0,0,9.5,,,player.fcgi?id=hammon000coo
Jesse Lepore,20,2016,Miami,9,0,1,2.2,14,13,,0,0,0,73.2,59,21,18,5,28,0,57,3,0,3,303,1.181,7.2,0.6,3.4,7,2.04,,player.fcgi?id=lepore000jes
Michael Mediavilla*,20,2016,Miami,11,2,0.846,3.4,18,18,,0,0,0,103.1,88,42,39,8,43,1,85,9,0,3,440,1.268,7.7,0.7,3.7,7.4,1.98,,player.fcgi?id=mediav000mic
Devin Meyer,19,2016,Miami,1,1,0.5,3.26,13,0,,0,0,0,19.1,15,8,7,2,10,0,11,3,0,2,82,1.293,7,0.9,4.7,5.1,1.1,,player.fcgi?id=meyer-000dev
Isaiah Musa,--,2016,Miami,0,0,,7.84,11,0,,0,0,0,10.1,8,9,9,0,11,0,8,2,0,0,51,1.839,7,0,9.6,7,0.73,,player.fcgi?id=musa--000isa
Keven Pimentel,20,2016,Miami,2,0,1,3.67,18,1,,0,0,2,34.1,45,18,14,4,13,0,20,3,1,2,163,1.689,11.8,1,3.4,5.2,1.54,,player.fcgi?id=piment000kev
Thomas Woodrey*,21,2016,Miami,5,4,0.556,4.98,18,11,,0,0,0,68.2,82,44,38,9,30,0,40,5,0,2,315,1.631,10.7,1.2,3.9,5.2,1.33,,player.fcgi?id=woodre000tho
Jeb Bargfeldt*,21,2017,Miami,7,3,0.7,2.28,15,15,,1,0,0,87,62,24,22,12,29,0,61,4,0,1,349,1.046,6.4,1.2,3,6.3,2.1,,player.fcgi?id=bargfe000jeb
Frankie Bartow,20,2017,Miami,1,3,0.25,3.6,28,0,,0,0,12,30,38,18,12,2,10,1,19,1,0,2,139,1.6,11.4,0.6,3,5.7,1.9,,player.fcgi?id=bartow000fra
Andrew Cabezas,20,2017,Miami,5,3,0.625,2.15,35,0,,0,0,3,62.2,52,24,15,2,23,5,80,6,0,4,269,1.197,7.5,0.3,3.3,11.5,3.48,,player.fcgi?id=cabeza000and
Daniel Epstein*,21,2017,Miami,0,0,,2.08,4,0,,0,0,0,4.1,3,1,1,1,2,0,2,1,0,0,20,1.154,6.2,2.1,4.2,4.2,1,,player.fcgi?id=epstei000dan
Ryan Guerra,22,2017,Miami,0,0,,4.73,10,0,,0,0,0,13.1,13,7,7,2,5,0,5,1,0,0,56,1.35,8.8,1.4,3.4,3.4,1,,player.fcgi?id=guerra000rya
Cooper Hammond,22,2017,Miami,0,0,,0,5,0,,0,0,0,4.1,5,0,0,0,0,0,3,0,0,0,18,1.154,10.4,0,0,6.2,,,player.fcgi?id=hammon000coo
Jesse Lepore,21,2017,Miami,1,6,0.143,4.83,15,13,,0,0,0,69,64,47,37,6,31,0,56,10,1,6,306,1.377,8.3,0.8,4,7.3,1.81,,player.fcgi?id=lepore000jes
Albert Maury,19,2017,Miami,3,1,0.75,3.62,25,0,,0,0,0,27.1,26,12,11,0,15,0,16,3,0,3,123,1.5,8.6,0,4.9,5.3,1.07,,player.fcgi?id=maury-000alb
Evan McKendry,19,2017,Miami,4,2,0.667,4.1,18,7,,0,0,0,63.2,58,37,29,9,27,1,64,6,2,3,285,1.335,8.2,1.3,3.8,9,2.37,,player.fcgi?id=mckend000eva
Michael Mediavilla*,21,2017,Miami,4,5,0.444,4.45,16,12,,0,0,0,60.2,62,45,30,6,40,0,56,3,3,9,292,1.681,9.2,0.9,5.9,8.3,1.4,,player.fcgi?id=mediav000mic
Michael Perez,--,2017,Miami,0,0,,inf,2,0,,0,0,0,0,3,5,5,0,2,0,0,0,0,0,5,,,,,,0,,player.fcgi?id=perez-008mic
Keven Pimentel,21,2017,Miami,0,0,,5.4,15,0,,0,0,0,23.1,23,15,14,1,14,0,20,2,0,4,107,1.586,8.9,0.4,5.4,7.7,1.43,,player.fcgi?id=piment000kev
Daniel Rivero,19,2017,Miami,0,0,,8.38,7,0,,0,0,0,9.2,10,9,9,1,6,0,13,1,0,3,45,1.655,9.3,0.9,5.6,12.1,2.17,,player.fcgi?id=rivero000dan
Mason Studstill,19,2017,Miami,0,0,,18,1,0,,0,0,0,1,1,2,2,1,1,0,2,0,0,0,5,2,9,9,9,18,2,,player.fcgi?id=studst000mas
Greg Veliz,20,2017,Miami,6,4,0.6,3.38,12,11,,0,0,0,61.1,36,23,23,2,33,0,66,10,0,4,262,1.125,5.3,0.3,4.8,9.7,2,,player.fcgi?id=veliz-000gre
Jeb Bargfeldt*,22,2018,Miami,4,5,0.444,3.29,15,15,,2,1,0,101.1,83,38,37,8,30,0,76,7,1,2,412,1.115,7.4,0.7,2.7,6.8,2.53,,player.fcgi?id=bargfe000jeb
Frankie Bartow,21,2018,Miami,5,0,1,3.12,23,0,,0,0,4,40.1,36,15,14,3,14,2,32,3,0,4,169,1.24,8,0.7,3.1,7.1,2.29,,player.fcgi?id=bartow000fra
Andrew Cabezas,21,2018,Miami,6,4,0.6,3.96,19,10,,2,1,2,75,53,37,33,1,43,1,79,8,1,10,325,1.28,6.4,0.1,5.2,9.5,1.84,,player.fcgi?id=cabeza000and
Dylan Cloonan*,19,2018,Miami,0,0,,6.23,4,0,,0,0,0,4.1,6,7,3,0,5,0,2,0,0,0,24,2.538,12.5,0,10.4,4.2,0.4,,player.fcgi?id=cloona000dyl
Jeremy Cook*,19,2018,Miami,0,0,,4.58,22,0,,0,0,0,19.2,21,11,10,2,20,0,18,7,0,4,105,2.085,9.6,0.9,9.2,8.2,0.9,,player.fcgi?id=cook--002jer
Daniel Epstein*,22,2018,Miami,1,0,1,14.54,7,0,,0,0,0,4.1,8,7,7,1,1,0,1,1,0,2,22,2.077,16.6,2.1,2.1,2.1,1,,player.fcgi?id=epstei000dan
Daniel Federman,19,2018,Miami,2,4,0.333,2.25,23,4,,1,0,0,60,45,27,15,4,22,1,54,0,0,3,251,1.117,6.8,0.6,3.3,8.1,2.45,,player.fcgi?id=federm000dan
Cooper Hammond,23,2018,Miami,2,2,0.5,2.36,27,0,,0,0,4,26.2,36,16,7,3,4,1,20,2,0,0,118,1.5,12.2,1,1.4,6.8,5,,player.fcgi?id=hammon000coo
Evan McKendry,20,2018,Miami,7,6,0.538,3.52,14,14,,1,0,0,87,79,44,34,2,33,0,114,7,0,11,377,1.287,8.2,0.2,3.4,11.8,3.45,,player.fcgi?id=mckend000eva
Chris McMahon,19,2018,Miami,1,1,0.5,4.44,6,4,,0,0,0,26.1,25,15,13,2,9,0,18,1,0,3,113,1.291,8.5,0.7,3.1,6.2,2,,player.fcgi?id=mcmaho000chr
Michael Mediavilla*,22,2018,Miami,0,3,0,7.52,16,3,,0,0,0,26.1,35,30,22,5,15,0,31,1,0,5,130,1.899,12,1.7,5.1,10.6,2.07,,player.fcgi?id=mediav000mic
Daniel Rivero,20,2018,Miami,0,0,,27,1,0,,0,0,0,0.1,0,1,1,0,2,0,1,1,0,0,4,6,0,0,54,27,0.5,,player.fcgi?id=rivero000dan
Greg Veliz,21,2018,Miami,0,1,0,3.12,5,4,,0,0,0,17.1,12,11,6,1,14,0,26,3,1,4,83,1.5,6.2,0.5,7.3,13.5,1.86,,player.fcgi?id=veliz-000gre
Slade Cecconi,20,2019,Miami,5,4,0.556,4.16,17,13,,0,0,0,80,79,44,37,6,18,0,89,7,1,3,347,1.213,8.9,0.7,2,10,4.94,,player.fcgi?id=ceccon000sla
Jeremy Cook*,20,2019,Miami,0,1,0,5.11,15,0,,0,0,0,12.1,12,8,7,2,9,1,6,1,0,2,58,1.703,8.8,1.5,6.6,4.4,0.67,,player.fcgi?id=cook--002jer
Daniel Federman,20,2019,Miami,3,5,0.375,3.51,35,0,,0,0,7,48.2,45,24,19,3,19,4,60,2,0,2,213,1.315,8.3,0.6,3.5,11.1,3.16,,player.fcgi?id=federm000dan
J.P. Gates*,19,2019,Miami,1,1,0.5,5.82,20,1,,0,0,0,17,19,13,11,2,18,0,18,1,0,6,86,2.176,10.1,1.1,9.5,9.5,1,,player.fcgi?id=gates-000jp-
Tyler Keysor,21,2019,Miami,6,1,0.857,3.78,22,5,,0,0,0,47.2,52,27,20,3,16,2,38,4,0,2,221,1.427,9.8,0.6,3,7.2,2.38,,player.fcgi?id=keysor000tyl
Bailey Mantilla*,19,2019,Miami,0,0,,8.79,14,0,,0,0,0,14.1,22,16,14,0,9,0,15,1,0,3,75,2.163,13.8,0,5.7,9.4,1.67,,player.fcgi?id=mantil000bai
Albert Maury,21,2019,Miami,1,0,1,5.87,20,1,,0,0,0,23,22,19,15,2,15,0,21,5,0,6,112,1.609,8.6,0.8,5.9,8.2,1.4,,player.fcgi?id=maury-000alb
Evan McKendry,21,2019,Miami,7,2,0.778,4.41,13,13,,0,0,0,67.1,70,39,33,6,19,0,72,6,0,3,297,1.322,9.4,0.8,2.5,9.6,3.79,,player.fcgi?id=mckend000eva
Chris McMahon,20,2019,Miami,3,2,0.6,3.73,12,12,,0,0,0,60.1,50,28,25,2,23,0,67,4,0,1,250,1.21,7.5,0.3,3.4,10,2.91,,player.fcgi?id=mcmaho000chr
Mark Mixon,22,2019,Miami,3,1,0.75,2.33,26,0,,0,0,0,27,26,15,7,0,11,0,28,5,1,2,125,1.37,8.7,0,3.7,9.3,2.55,,player.fcgi?id=mixon-000mar
Alex Ruiz,20,2019,Miami,0,0,,1.04,8,0,,0,0,0,8.2,6,1,1,0,3,0,6,1,1,0,35,1.038,6.2,0,3.1,6.2,2,,player.fcgi?id=ruiz--003ale
Brian Van Belle,22,2019,Miami,9,2,0.818,3.3,16,16,,0,0,0,95.1,91,41,35,8,24,0,84,8,0,3,402,1.206,8.6,0.8,2.3,7.9,3.5,,player.fcgi?id=vanbel000bri
Greg Veliz,22,2019,Miami,2,1,0.667,2.55,30,0,,0,0,8,42.1,30,14,12,4,21,2,69,6,0,3,183,1.205,6.4,0.9,4.5,14.7,3.29,,player.fcgi?id=veliz-000gre
Spencer Bodanza*,21,2020,Miami,0,0,,3.6,5,0,,0,0,0,5,2,3,2,1,4,0,7,1,0,0,21,1.2,3.6,1.8,7.2,12.6,1.75,,player.fcgi?id=bodanz000spe
Yordani Carmona*,19,2020,Miami,0,0,,9,2,0,,0,0,0,2,4,2,2,0,1,0,1,0,0,0,10,2.5,18,0,4.5,4.5,1,,player.fcgi?id=carmon000yor
Slade Cecconi,21,2020,Miami,2,1,0.667,3.8,4,4,,0,0,0,21.1,15,10,9,2,7,0,30,2,0,2,90,1.031,6.3,0.8,3,12.7,4.29,,player.fcgi?id=ceccon000sla
Daniel Federman,21,2020,Miami,0,1,0,2.08,7,0,,0,0,3,8.2,7,2,2,0,2,1,11,1,0,0,35,1.038,7.3,0,2.1,11.4,5.5,,player.fcgi?id=federm000dan
Jake Garland,19,2020,Miami,1,0,1,1.93,6,0,,0,0,0,9.1,7,2,2,0,5,0,12,0,0,1,39,1.286,6.8,0,4.8,11.6,2.4,,player.fcgi?id=garlan000jak
J.P. Gates*,20,2020,Miami,1,0,1,0.82,9,0,,0,0,0,11,2,1,1,0,1,0,13,0,0,1,37,0.273,1.6,0,0.8,10.6,13,,player.fcgi?id=gates-000jp-
Tyler Keysor,22,2020,Miami,0,0,,5.87,8,0,,0,0,0,7.2,8,5,5,2,3,0,9,1,1,0,37,1.435,9.4,2.3,3.5,10.6,3,,player.fcgi?id=keysor000tyl
Albert Maury,22,2020,Miami,0,0,,7.36,5,0,,0,0,0,3.2,9,3,3,0,1,0,3,0,0,0,21,2.727,22.1,0,2.5,7.4,3,,player.fcgi?id=maury-000alb
Alex McFarlane,19,2020,Miami,2,2,0.5,5.25,6,4,,0,0,0,12,13,7,7,2,9,0,14,2,0,2,60,1.833,9.8,1.5,6.8,10.5,1.56,,player.fcgi?id=mcfarl003ale
Chris McMahon,21,2020,Miami,3,0,1,1.05,4,4,,0,0,0,25.2,19,3,3,0,5,1,38,2,0,3,100,0.935,6.7,0,1.8,13.3,7.6,,player.fcgi?id=mcmaho000chr
Alex Munroe*,19,2020,Miami,0,0,,5.4,5,0,,0,0,0,3.1,4,4,2,1,1,0,5,0,0,1,16,1.5,10.8,2.7,2.7,13.5,5,,player.fcgi?id=munroe000ale
Carson Palmquist*,19,2020,Miami,1,0,1,2.31,8,0,,0,0,0,11.2,6,4,3,0,5,0,15,1,0,0,47,0.943,4.6,0,3.9,11.6,3,,player.fcgi?id=palmqu000car
Alex Ruiz,21,2020,Miami,0,0,,81,2,0,,0,0,0,0.1,1,4,3,1,1,0,1,1,1,1,5,6,27,27,27,27,1,,player.fcgi?id=ruiz--003ale
Brian Van Belle,23,2020,Miami,2,0,1,0.68,4,4,,0,0,0,26.1,16,3,2,0,4,0,38,0,0,1,99,0.759,5.5,0,1.4,13,9.5,,player.fcgi?id=vanbel000bri
Anthony Arguelles,20,2021,Miami,4,1,0.8,4.34,18,0,,0,0,0,18.2,19,9,9,3,9,0,16,3,1,0,84,1.5,9.2,1.4,4.3,7.7,1.78,,player.fcgi?id=arguel000ant
Spencer Bodanza*,22,2021,Miami,3,0,1,2.08,18,0,,0,0,0,17.1,8,4,4,1,6,0,20,0,0,1,65,0.808,4.2,0.5,3.1,10.4,3.33,,player.fcgi?id=bodanz000spe
Jordan Dubberly,22,2021,Miami,1,1,0.5,5.4,12,5,,0,0,1,36.2,41,25,22,6,11,0,34,2,1,3,161,1.418,10.1,1.5,2.7,8.3,3.09,,player.fcgi?id=dubber000jor
Jamar Fairweather,19,2021,Miami,0,0,,0,3,0,,0,0,0,2.1,0,0,0,0,1,0,1,0,0,0,8,0.429,0,0,3.9,3.9,1,,player.fcgi?id=fairwe000jam
Daniel Federman,22,2021,Miami,4,4,0.5,4.08,21,5,,0,0,1,46.1,47,26,21,7,9,1,39,7,1,3,199,1.209,9.1,1.4,1.7,7.6,4.33,,player.fcgi?id=federm000dan
Jake Garland,20,2021,Miami,6,4,0.6,5.69,16,13,,0,0,0,68,75,47,43,10,14,1,38,6,0,4,290,1.309,9.9,1.3,1.9,5,2.71,,player.fcgi?id=garlan000jak
J.P. Gates*,21,2021,Miami,0,0,,81,2,0,,0,0,0,0.1,1,4,3,0,3,0,0,1,0,0,7,12,27,0,81,0,0,,player.fcgi?id=gates-000jp-
Alex McFarlane,20,2021,Miami,2,1,0.667,4.5,16,4,,0,0,0,34,30,19,17,1,15,0,38,3,0,3,148,1.324,7.9,0.3,4,10.1,2.53,,player.fcgi?id=mcfarl003ale
Victor Mederos,20,2021,Miami,2,3,0.4,5.11,12,8,,0,0,0,44,38,30,25,6,18,1,35,4,0,7,191,1.273,7.8,1.2,3.7,7.2,1.94,,player.fcgi?id=medero000vic
Alex Munroe*,20,2021,Miami,0,0,,6,6,0,,0,0,0,6,5,5,4,2,1,0,6,0,0,0,26,1,7.5,3,1.5,9,6,,player.fcgi?id=munroe000ale
Carson Palmquist*,20,2021,Miami,1,1,0.5,2.22,25,0,,0,0,14,44.2,22,11,11,6,8,0,75,4,0,0,168,0.672,4.4,1.2,1.6,15.1,9.38,,player.fcgi?id=palmqu000car
Nicholas Regalado,19,2021,Miami,0,0,,5.4,8,0,,0,0,0,11.2,13,8,7,1,8,0,12,0,0,1,57,1.8,10,0.8,6.2,9.3,1.5,,player.fcgi?id=regala000nic
Alejandro Rosario,19,2021,Miami,6,4,0.6,5.21,15,11,,0,0,0,65.2,75,44,38,5,28,0,55,2,0,7,299,1.569,10.3,0.7,3.8,7.5,1.96,,player.fcgi?id=rosari002ale
Jake Smith,21,2021,Miami,3,1,0.75,3.45,18,7,,0,0,0,47,38,19,18,3,14,0,63,4,1,6,195,1.106,7.3,0.6,2.7,12.1,4.5,,player.fcgi?id=smith-016jak
Andrew Walters,20,2021,Miami,0,0,,1.46,19,1,,0,0,0,24.2,19,4,4,1,9,0,36,1,1,4,97,1.135,6.9,0.4,3.3,13.1,4,,player.fcgi?id=walter003and
Ben Wanger,24,2021,Miami,1,1,0.5,7.71,7,0,,0,0,0,7,11,6,6,1,4,1,4,0,0,1,35,2.143,14.1,1.3,5.1,5.1,1,,player.fcgi?id=wanger000ben
Anthony Arguelles,21,2022,Miami,2,0,1,4.82,18,0,,0,0,0,18.2,20,12,10,4,11,0,28,2,0,4,90,1.661,9.6,1.9,5.3,13.5,2.55,,player.fcgi?id=arguel000ant
Jordan Dubberly,23,2022,Miami,2,0,1,5.74,20,1,,0,0,0,26.2,28,18,17,5,12,1,31,3,0,2,123,1.5,9.5,1.7,4.1,10.5,2.58,,player.fcgi?id=dubber000jor
Jamar Fairweather,20,2022,Miami,0,0,,18,2,0,,0,0,0,1,0,2,2,0,2,0,3,0,0,0,5,2,0,0,18,27,1.5,,player.fcgi?id=fairwe000jam
Ronaldo Gallo,21,2022,Miami,3,0,1,3.47,26,0,,0,0,0,36.1,27,14,14,6,17,0,42,3,2,1,149,1.211,6.7,1.5,4.2,10.4,2.47,,player.fcgi?id=gallo-000ron
Jake Garland,21,2022,Miami,6,2,0.75,3.99,14,12,,0,0,1,65.1,72,36,29,4,11,0,54,6,0,2,278,1.27,9.9,0.6,1.5,7.4,4.91,,player.fcgi?id=garlan000jak
J.P. Gates*,22,2022,Miami,1,0,1,6.75,14,0,,0,0,0,9.1,9,8,7,2,7,0,6,3,0,1,44,1.714,8.7,1.9,6.8,5.8,0.86,,player.fcgi?id=gates-000jp-
Karson Ligon,19,2022,Miami,6,6,0.5,4.9,16,15,,0,0,0,75.1,82,47,41,11,32,1,67,10,1,5,346,1.513,9.8,1.3,3.8,8,2.09,,player.fcgi?id=ligon-000kar
Alex McFarlane,21,2022,Miami,3,2,0.6,4,27,4,,0,0,0,45,41,21,20,3,20,0,68,2,1,9,198,1.356,8.2,0.6,4,13.6,3.4,,player.fcgi?id=mcfarl003ale
Carson Palmquist*,21,2022,Miami,9,4,0.692,2.89,16,16,,0,0,0,84,70,33,27,14,32,1,118,7,0,1,358,1.214,7.5,1.5,3.4,12.6,3.69,,player.fcgi?id=palmqu000car
Matt Raudelunas*,23,2022,Miami,0,0,,8.22,10,0,,0,0,0,7.2,6,8,7,2,10,1,10,1,0,3,40,2.087,7,2.3,11.7,11.7,1,,player.fcgi?id=raudel000mat
Alejandro Rosario,20,2022,Miami,2,3,0.4,7.05,15,12,,0,0,0,60,83,53,47,11,25,0,52,12,2,4,294,1.8,12.5,1.7,3.8,7.8,2.08,,player.fcgi?id=rosari002ale
David Rossow,19,2022,Miami,0,0,,10.8,2,0,,0,0,0,1.2,2,2,2,0,3,0,1,1,0,0,10,3,10.8,0,16.2,5.4,0.33,,player.fcgi?id=rossow000dav
Rafe Schlesinger*,19,2022,Miami,1,0,1,3.38,19,0,,0,0,0,10.2,10,4,4,0,9,0,8,1,0,1,51,1.781,8.4,0,7.6,6.8,0.89,,player.fcgi?id=schles000raf
Alejandro Torres,21,2022,Miami,3,0,1,7.13,25,0,,0,0,0,24,19,20,19,6,11,0,38,3,0,4,107,1.25,7.1,2.3,4.1,14.3,3.45,,player.fcgi?id=torres010ale
Andrew Walters,21,2022,Miami,0,1,0,1.65,24,0,,0,0,14,32.2,13,7,6,2,6,0,62,3,0,3,121,0.582,3.6,0.6,1.7,17.1,10.33,,player.fcgi?id=walter003and
Gage Ziehl,19,2022,Miami,2,2,0.5,4.04,30,0,,0,0,1,35.2,28,19,16,6,16,0,52,3,0,0,154,1.234,7.1,1.5,4,13.1,3.25,,player.fcgi?id=ziehl-000gag
Gunther Braendel,18,2023,Miami,0,1,0,10.45,9,0,,0,0,0,10.1,20,13,12,5,5,1,3,0,0,1,56,2.419,17.4,4.4,4.4,2.6,0.6,,player.fcgi?id=braend000gun
Ben Chestnutt,22,2023,Miami,7,0,1,5.71,25,5,,0,0,0,63,71,42,40,9,32,1,53,2,0,7,290,1.635,10.1,1.3,4.6,7.6,1.66,,player.fcgi?id=chestn001ben
Ronaldo Gallo,22,2023,Miami,2,4,0.333,7.55,24,9,,0,0,0,39.1,50,33,33,11,18,0,43,3,1,5,189,1.729,11.4,2.5,4.1,9.8,2.39,,player.fcgi?id=gallo-000ron
Carlos Lequerica,22,2023,Miami,5,1,0.833,4.71,30,1,,0,0,0,42,34,23,22,8,18,2,49,6,0,1,183,1.238,7.3,1.7,3.9,10.5,2.72,,player.fcgi?id=lequer000car
Karson Ligon,20,2023,Miami,3,2,0.6,4.8,10,10,,0,0,0,50.2,44,30,27,7,20,0,37,9,1,2,222,1.263,7.8,1.2,3.6,6.6,1.85,,player.fcgi?id=ligon-000kar
Sebastian Perez,19,2023,Miami,0,0,,9.26,13,0,,0,0,0,11.2,16,12,12,1,5,0,15,0,0,2,55,1.8,12.3,0.8,3.9,11.6,3,,player.fcgi?id=perez-002seb
Alejandro Rosario,21,2023,Miami,5,6,0.455,7.11,18,15,,0,0,0,74.2,81,62,59,11,41,0,91,12,0,7,354,1.634,9.8,1.3,4.9,11,2.22,,player.fcgi?id=rosari002ale
Rafe Schlesinger*,20,2023,Miami,3,1,0.75,3.38,24,0,,0,0,0,29.1,31,18,11,3,18,0,34,3,0,4,138,1.67,9.5,0.9,5.5,10.4,1.89,,player.fcgi?id=schles000raf
Chris Scinta*,19,2023,Miami,1,1,0.5,3.53,27,1,,0,0,0,35.2,34,16,14,4,16,2,38,1,0,4,157,1.402,8.6,1,4,9.6,2.38,,player.fcgi?id=scinta000chr
Alejandro Torres,22,2023,Miami,4,1,0.8,4.62,32,6,,0,0,2,48.2,39,27,25,7,16,0,59,5,0,4,204,1.13,7.2,1.3,3,10.9,3.69,,player.fcgi?id=torres010ale
Alex Walsh*,19,2023,Miami,0,0,,5.4,11,0,,0,0,0,8.1,13,9,5,3,6,0,6,0,0,0,46,2.28,14,3.2,6.5,6.5,1,,player.fcgi?id=walsh-001ale
Andrew Walters,22,2023,Miami,4,0,1,1.21,28,0,,0,0,12,44.2,29,6,6,5,7,1,72,3,0,0,172,0.806,5.8,1,1.4,14.5,10.29,,player.fcgi?id=walter003and
Brian Walters,20,2023,Miami,0,0,,6.75,2,0,,0,0,0,1.1,2,1,1,0,1,0,2,0,0,0,7,2.25,13.5,0,6.8,13.5,2,,player.fcgi?id=walter000bri
Gage Ziehl,20,2023,Miami,8,4,0.667,4.3,16,16,,0,0,0,92,92,48,44,10,21,0,100,4,0,5,385,1.228,9,1,2.1,9.8,4.76,,player.fcgi?id=ziehl-000gag
Myles Caba*,22,2024,Miami,1,1,0.5,5.08,27,0,,0,0,5,33.2,30,19,19,8,13,1,46,3,0,4,139,1.277,8,2.1,3.5,12.3,3.54,,player.fcgi?id=caba--000myl
JT Caruso*,19,2024,Miami,1,1,0.5,13.5,10,0,,0,0,0,6.2,7,11,10,2,10,0,7,4,0,1,41,2.55,9.5,2.7,13.5,9.5,0.7,,player.fcgi?id=caruso000jt-
Ben Chestnutt,23,2024,Miami,0,2,0,8.1,20,3,,0,0,0,30,34,28,27,5,15,0,27,3,0,1,139,1.633,10.2,1.5,4.5,8.1,1.8,,player.fcgi?id=chestn001ben
Ashton Crowther*,20,2024,Miami,1,4,0.2,7.36,15,7,,0,0,0,36.2,46,35,30,4,29,2,28,7,1,3,186,2.045,11.3,1,7.1,6.9,0.97,,player.fcgi?id=crowth000ash
Chris Diaz,19,2024,Miami,1,1,0.5,5.89,12,2,,0,0,0,18.1,25,12,12,4,5,0,20,2,1,1,84,1.636,12.3,2,2.5,9.8,4,,player.fcgi?id=diaz--011chr
Drew Dwyer,25,2024,Miami,1,1,0.5,10.8,4,1,,0,0,0,3.1,4,4,4,1,3,0,3,0,0,2,18,2.1,10.8,2.7,8.1,8.1,1,,player.fcgi?id=dwyer-000dre
Herick Hernandez*,20,2024,Miami,3,7,0.3,6.14,15,14,,0,0,0,70.1,75,60,48,13,36,0,95,7,0,4,330,1.578,9.6,1.7,4.6,12.2,2.64,,player.fcgi?id=hernan005her
Julian Hernandez,20,2024,Miami,0,0,,0,2,0,,0,0,0,3,0,1,0,0,3,0,3,0,0,0,12,1,0,0,9,9,1,,player.fcgi?id=hernan012jul
Slaide Naturman,21,2024,Miami,0,0,,5.79,12,0,,0,0,0,14,12,9,9,0,10,0,8,2,0,2,63,1.571,7.7,0,6.4,5.1,0.8,,player.fcgi?id=naturm000sla
Brandon Olivera,19,2024,Miami,2,0,1,6.85,24,0,,0,0,0,23.2,28,22,18,6,17,0,33,4,0,5,120,1.901,10.6,2.3,6.5,12.5,1.94,,player.fcgi?id=oliver004bra
Nick Robert,19,2024,Miami,5,4,0.556,4.79,29,0,,0,0,4,41.1,39,23,22,3,22,4,30,4,0,7,184,1.476,8.5,0.7,4.8,6.5,1.36,,player.fcgi?id=robert008nic
Rafe Schlesinger*,21,2024,Miami,5,5,0.5,5.83,15,15,,0,0,0,78.2,107,55,51,8,25,0,73,21,0,7,371,1.678,12.2,0.9,2.9,8.4,2.92,,player.fcgi?id=schles000raf
Chris Scinta*,20,2024,Miami,1,0,1,7.23,24,0,,0,0,0,18.2,22,17,15,3,19,1,22,6,0,3,99,2.196,10.6,1.4,9.2,10.6,1.16,,player.fcgi?id=scinta000chr
Jordan Vargas,18,2024,Miami,1,0,1,7.45,6,0,,0,0,0,9.2,6,8,8,2,6,0,6,4,0,1,45,1.241,5.6,1.9,5.6,5.6,1,,player.fcgi?id=vargas001jor
Brian Walters,21,2024,Miami,0,1,0,3.29,15,0,,0,0,1,13.2,12,5,5,3,2,0,22,2,0,0,58,1.024,7.9,2,1.3,14.5,11,,player.fcgi?id=walter000bri
Gage Ziehl,21,2024,Miami,5,3,0.625,3.87,15,15,,2,0,0,100,92,54,43,11,28,0,89,7,0,8,422,1.2,8.3,1,2.5,8,3.18,,player.fcgi?id=ziehl-000gag
Ryan Ashford*,20,2025,Miami,0,0,,5.4,4,0,,0,0,0,1.2,4,2,1,0,0,0,1,0,0,0,9,2.4,21.6,0,0,5.4,,,player.fcgi?id=ashfor000rya
AJ Ciscar,19,2025,Miami,6,2,0.75,4.46,21,10,,0,0,0,66.2,56,38,33,6,16,2,65,20,0,0,290,1.08,7.6,0.8,2.2,8.8,4.06,,player.fcgi?id=ciscar000aj-
Jackson Cleveland,22,2025,Miami,0,0,,4.44,19,0,,0,0,0,24.1,15,12,12,5,10,0,25,3,0,3,100,1.027,5.5,1.8,3.7,9.2,2.5,,player.fcgi?id=clevel000jac
Lazaro Collera,19,2025,Miami,0,1,0,7.07,12,0,,0,0,0,14,18,11,11,2,12,0,15,2,0,2,68,2.143,11.6,1.3,7.7,9.6,1.25,,player.fcgi?id=coller000laz
Brandon DeGoti,19,2025,Miami,0,0,,54,1,0,,0,0,0,0.1,1,2,2,1,2,0,0,0,0,0,4,9,27,27,54,0,0,,player.fcgi?id=degoti000bra
Tate DeRias,19,2025,Miami,2,3,0.4,5.77,18,7,,0,0,0,43.2,43,31,28,7,16,0,30,8,1,0,196,1.351,8.9,1.4,3.3,6.2,1.88,,player.fcgi?id=derias000tat
Jake Dorn*,22,2025,Miami,0,0,,1.98,11,0,,0,0,0,13.2,12,4,3,1,7,0,8,3,0,0,60,1.39,7.9,0.7,4.6,5.3,1.14,,player.fcgi?id=dorn--000jak
Rob Evans*,21,2025,Miami,0,0,,4.7,17,0,,0,0,0,15.1,16,8,8,2,9,0,14,3,0,0,73,1.63,9.4,1.2,5.3,8.2,1.56,,player.fcgi?id=evans-018rob
Michael Fernandez*,19,2025,Miami,0,1,0,7.88,16,0,,0,0,0,16,15,14,14,5,13,1,19,3,0,0,78,1.75,8.4,2.8,7.3,10.7,1.46,,player.fcgi?id=fernan006mic
Carson Fischer,22,2025,Miami,5,1,0.833,5.4,30,0,,0,0,0,36.2,35,24,22,3,19,2,29,4,0,0,164,1.473,8.6,0.7,4.7,7.1,1.53,,player.fcgi?id=fische003car
Alex Giroux,24,2025,Miami,5,2,0.714,6.5,22,3,,0,0,1,36,38,31,26,2,11,1,27,9,1,1,165,1.361,9.5,0.5,2.8,6.8,2.45,,player.fcgi?id=giroux000ale
Griffin Hugus,21,2025,Miami,6,7,0.462,4.16,17,17,,2,0,0,93,84,47,43,10,35,1,95,13,0,4,400,1.28,8.1,1,3.4,9.2,2.71,,player.fcgi?id=hugus-000gri
Brixton Lofgren,20,2025,Miami,0,0,,0,4,0,,0,0,0,4,1,0,0,0,0,0,8,0,0,0,13,0.25,2.3,0,0,18,,,player.fcgi?id=lofgre000bri
Reese Lumpkin,23,2025,Miami,4,2,0.667,5.31,15,12,,0,0,0,57.2,59,37,34,4,20,0,51,7,2,0,254,1.37,9.2,0.6,3.1,8,2.55,,player.fcgi?id=lumpki000ree
Nick Robert,20,2025,Miami,2,4,0.333,7.14,8,6,,0,0,0,29,34,26,23,9,11,0,38,3,0,0,137,1.552,10.6,2.8,3.4,11.8,3.45,,player.fcgi?id=robert008nic
Will Smith,24,2025,Miami,3,1,0.75,4.3,25,0,,0,0,2,29.1,24,17,14,2,17,0,45,4,0,3,130,1.398,7.4,0.6,5.2,13.8,2.65,,player.fcgi?id=smith-091wil
Alex Stanyek,21,2025,Miami,0,0,,27,3,0,,0,0,0,1,2,4,3,0,2,0,2,2,0,0,10,4,18,0,18,18,1,,player.fcgi?id=stanye000ale
Brian Walters,22,2025,Miami,2,3,0.4,4.94,21,7,,0,0,11,51,58,33,28,5,19,0,56,7,0,1,236,1.51,10.2,0.9,3.4,9.9,2.95,,player.fcgi?id=walter000bri
Nick Dugan,21,2025,Stanford,6,0,1,4.8,14,8,,1,0,0,45,47,27,24,0,22,1,39,4,3,3,206,1.533,9.4,0,4.4,7.8,1.77,,player.fcgi?id=dugan-000nic
Sam Garewal*,21,2025,Stanford,1,2,0.333,8.2,16,0,,0,0,1,26.1,33,27,24,7,16,0,36,3,0,1,132,1.861,11.3,2.4,5.5,12.3,2.25,,player.fcgi?id=garewa000sam
Liam Golden,19,2025,Stanford,0,0,,8,6,0,,0,0,0,9,13,9,8,1,8,0,9,0,0,2,47,2.333,13,1,8,9,1.13,,player.fcgi?id=golden001lia
Cohen Gomez,19,2025,Stanford,1,0,1,11.57,7,0,,0,0,0,7,14,11,9,4,5,0,7,0,0,1,39,2.714,18,5.1,6.4,9,1.4,,player.fcgi?id=gomez-000coh
Aidan Keenan,20,2025,Stanford,2,3,0.4,5.59,24,0,,0,0,5,37,33,24,23,4,14,0,43,3,0,4,160,1.27,8,1,3.4,10.5,3.07,,player.fcgi?id=keenan001aid
Christian Lim*,20,2025,Stanford,2,3,0.4,6.75,9,8,,0,0,0,40,40,31,30,2,15,0,28,12,1,3,183,1.375,9,0.5,3.4,6.3,1.87,,player.fcgi?id=lim---000chr
Trevor Moore,21,2025,Stanford,1,3,0.25,6.31,16,1,,0,0,0,25.2,33,19,18,3,14,0,28,0,0,2,123,1.831,11.6,1.1,4.9,9.8,2,,player.fcgi?id=moore-003tre
Toran O'Harran,21,2025,Stanford,1,1,0.5,7.27,22,0,,0,0,0,26,29,21,21,2,18,0,23,3,0,2,126,1.808,10,0.7,6.2,8,1.28,,player.fcgi?id=oharra000tor
Ben Reimers,20,2025,Stanford,1,0,1,8.46,19,0,,0,0,0,22.1,29,21,21,5,13,0,18,3,0,2,109,1.881,11.7,2,5.2,7.3,1.38,,player.fcgi?id=reimer000ben
Matt Scott,21,2025,Stanford,5,2,0.714,6.02,11,11,,0,0,0,52.1,67,37,35,4,22,0,56,1,0,6,244,1.701,11.5,0.7,3.8,9.6,2.55,,player.fcgi?id=scott-006mat
Ryan Speshyock,20,2025,Stanford,1,3,0.25,5.33,21,1,,0,0,0,27,27,24,16,1,15,0,38,8,0,2,133,1.556,9,0.3,5,12.7,2.53,,player.fcgi?id=speshy000rya
Austin Steeves*,19,2025,Stanford,0,1,0,7.04,7,0,,0,0,0,7.2,12,7,6,1,7,0,5,0,0,0,41,2.478,14.1,1.2,8.2,5.9,0.71,,player.fcgi?id=steeve000aus
Kassius Thomas,21,2025,Stanford,2,0,1,10.13,10,0,,0,0,0,8,10,10,9,0,8,0,6,5,0,0,45,2.25,11.3,0,9,6.8,0.75,,player.fcgi?id=thomas000kas
Ty Uber,22,2025,Stanford,1,2,0.333,5.14,24,2,,0,0,3,35,32,23,20,6,21,1,29,4,0,7,163,1.514,8.2,1.5,5.4,7.5,1.38,,player.fcgi?id=uber--000ty-
Joey Volchko,20,2025,Stanford,3,4,0.429,6.01,15,15,,0,0,0,70.1,79,54,47,4,34,0,56,4,0,16,324,1.607,10.1,0.5,4.4,7.2,1.65,,player.fcgi?id=volchk000joe
Parker Warner,19,2025,Stanford,0,1,0,8.53,9,6,,0,0,0,12.2,21,12,12,1,5,0,9,3,0,1,66,2.053,14.9,0.7,3.6,6.4,1.8,,player.fcgi?id=warner000par
Rhys Aldenhoven?,--,2014,Pittsburgh,2,3,0.4,4.18,11,10,,,0,0,56,67,36,26,1,27,1,43,9,0,5,269,1.679,10.8,0.2,4.3,6.9,1.59,,player.fcgi?id=aldenh000rhy
Andrew Belfiglio?,--,2014,Pittsburgh,0,0,,8.74,10,0,,,0,0,11.1,16,12,11,0,7,1,8,7,2,0,63,2.029,12.7,0,5.6,6.4,1.14,,player.fcgi?id=belfig000and
Luke Curtis,22,2014,Pittsburgh,1,2,0.333,2.17,16,2,,,0,2,29,38,10,7,1,9,0,25,3,0,5,131,1.621,11.8,0.3,2.8,7.8,2.78,,player.fcgi?id=curtis000luk
Jon Danielczyk,23,2014,Pittsburgh,4,0,1,2.61,29,0,,,0,2,51.2,47,18,15,2,9,2,45,10,0,1,217,1.084,8.2,0.3,1.6,7.8,5,,player.fcgi?id=daniel000jon
Adam Dian,21,2014,Pittsburgh,1,2,0.333,7.16,14,0,,,0,1,16.1,22,18,13,1,8,0,16,7,2,2,84,1.837,12.1,0.6,4.4,8.8,2,,player.fcgi?id=dian--000ada
Hobie Harris,21,2014,Pittsburgh,3,6,0.333,2.7,20,0,,,0,2,46.2,28,18,14,0,27,4,37,2,0,4,200,1.179,5.4,0,5.2,7.1,1.37,,player.fcgi?id=harris000hob
Joe Harvey,22,2014,Pittsburgh,2,2,0.5,3.03,15,12,,,0,1,71.1,74,30,24,2,16,2,56,9,2,3,311,1.262,9.3,0.3,2,7.1,3.5,,player.fcgi?id=harvey000joe
J.R. Leonardi?,--,2014,Pittsburgh,0,0,,31.5,3,0,,,0,0,2,5,7,7,0,4,0,0,1,0,2,15,4.5,22.5,0,18,0,0,,player.fcgi?id=leonar000jr-
Sam Mersing,19,2014,Pittsburgh,2,2,0.5,5.12,13,1,,,0,0,19.1,28,12,11,0,14,0,17,2,0,2,101,2.172,13,0,6.5,7.9,1.21,,player.fcgi?id=mersin000sam
Nick Parnell?,--,2014,Pittsburgh,0,0,,18,1,0,,,0,0,1,3,2,2,0,0,0,1,0,0,0,6,3,27,0,0,9,,,player.fcgi?id=parnel000nic
Matt Pidich,19,2014,Pittsburgh,0,0,,18,1,0,,,0,0,1,1,2,2,0,1,0,2,1,0,0,6,2,9,0,9,18,2,,player.fcgi?id=pidich000mat
Casey Roche,22,2014,Pittsburgh,0,1,0,2.57,2,2,,,0,0,7,7,3,2,0,3,0,3,1,0,0,31,1.429,9,0,3.9,3.9,1,,player.fcgi?id=roche-000cas
Renan Rodriguez?,--,2014,Pittsburgh,0,0,,12.19,6,2,,,0,0,10.1,14,15,14,1,6,0,10,3,0,1,52,1.935,12.2,0.9,5.2,8.7,1.67,,player.fcgi?id=rodrig002ren
Matt Wotherspoon,22,2014,Pittsburgh,5,6,0.455,4.44,14,14,,,0,0,79,98,51,39,6,22,0,55,7,1,3,362,1.519,11.2,0.7,2.5,6.3,2.5,,player.fcgi?id=wother000mat
T.J. Zeuch,18,2014,Pittsburgh,2,6,0.25,2.75,15,9,,,0,0,55.2,54,35,17,0,17,0,41,5,0,7,253,1.275,8.7,0,2.7,6.6,2.41,,player.fcgi?id=zeuch-002tim
Marc Berube,22,2015,Pittsburgh,2,7,0.222,5.1,13,13,,,0,0,65.1,75,50,37,5,17,0,37,12,0,5,295,1.408,10.3,0.7,2.3,5.1,2.18,,player.fcgi?id=berube002mar
Ryan Campbell,19,2015,Pittsburgh,1,0,1,7.71,15,0,,,0,0,16.1,26,19,14,2,3,0,7,2,0,1,79,1.776,14.3,1.1,1.7,3.9,2.33,,player.fcgi?id=campbe003rya
Rich Condeelis,21,2015,Pittsburgh,0,2,0,4.37,20,0,,,0,2,22.2,23,12,11,3,13,0,28,5,0,4,109,1.588,9.1,1.2,5.2,11.1,2.15,,player.fcgi?id=condee000ric
Dan Furman,20,2015,Pittsburgh,1,0,1,4.66,5,0,,,0,0,9.2,9,5,5,0,3,0,7,1,0,0,43,1.241,8.4,0,2.8,6.5,2.33,,player.fcgi?id=furman002dan
Hobie Harris,22,2015,Pittsburgh,3,3,0.5,4.96,24,2,,,0,0,45.1,54,34,25,3,17,1,44,5,0,14,207,1.566,10.7,0.6,3.4,8.7,2.59,,player.fcgi?id=harris000hob
Isaac Mattson,19,2015,Pittsburgh,1,1,0.5,3.82,22,1,,,0,0,30.2,25,16,13,3,5,0,37,3,0,3,126,0.978,7.3,0.9,1.5,10.9,7.4,,player.fcgi?id=mattso000isa
Sam Mersing,20,2015,Pittsburgh,3,3,0.5,5.17,11,8,,,0,0,47,39,30,27,5,21,0,39,8,0,2,206,1.277,7.5,1,4,7.5,1.86,,player.fcgi?id=mersin000sam
Josh Mitchell*,20,2015,Pittsburgh,0,2,0,4.56,16,0,,,0,0,25.2,28,14,13,2,13,0,19,3,0,3,120,1.597,9.8,0.7,4.6,6.7,1.46,,player.fcgi?id=mitche006jos
Nick Parnell?,--,2015,Pittsburgh,0,0,,3.07,23,0,,,0,0,14.2,10,5,5,3,3,1,7,4,0,1,58,0.886,6.1,1.8,1.8,4.3,2.33,,player.fcgi?id=parnel000nic
Matt Pidich,20,2015,Pittsburgh,1,0,1,1.72,8,0,,,0,2,15.2,7,4,3,1,5,0,23,3,2,1,63,0.766,4,0.6,2.9,13.2,4.6,,player.fcgi?id=pidich000mat
Aaron Sandefur,--,2015,Pittsburgh,2,6,0.25,4.57,13,12,,,0,0,65,66,37,33,6,22,0,57,2,1,3,282,1.354,9.1,0.8,3,7.9,2.59,,player.fcgi?id=sandef000aar
Aaron Schnurbusch*,21,2015,Pittsburgh,0,2,0,6.14,2,2,,,0,0,7.1,15,10,5,0,2,0,5,2,0,0,43,2.318,18.4,0,2.5,6.1,2.5,,player.fcgi?id=schnur000aar
Garrett Wrambel?,--,2015,Pittsburgh,1,0,1,7.2,9,0,,,0,1,10,12,10,8,1,6,0,6,0,1,2,48,1.8,10.8,0.9,5.4,5.4,1,,player.fcgi?id=wrambe000gar
T.J. Zeuch,19,2015,Pittsburgh,5,6,0.455,3.87,14,14,,,0,0,88.1,95,57,38,5,25,0,90,3,0,6,390,1.358,9.7,0.5,2.5,9.2,3.6,,player.fcgi?id=zeuch-002tim
Yaya Chentouf,19,2016,Pittsburgh,0,2,0,1.13,16,0,,0,0,6,24,22,4,3,1,3,0,17,0,0,5,98,1.042,8.3,0.4,1.1,6.4,5.67,,player.fcgi?id=chento000yay
Gus Culpo,20,2016,Pittsburgh,0,0,,0,1,0,,0,0,0,0.1,1,1,0,0,2,0,0,0,0,1,5,9,27,0,54,0,0,,player.fcgi?id=culpo-000gus
Josh Falk,21,2016,Pittsburgh,3,7,0.3,4.77,19,10,,0,0,0,66,75,53,35,6,25,1,35,8,0,6,303,1.515,10.2,0.8,3.4,4.8,1.4,,player.fcgi?id=falk--000jos
Dan Furman,21,2016,Pittsburgh,0,0,,inf,1,0,,0,0,0,0,3,4,4,0,1,0,0,0,0,0,4,,,,,,0,,player.fcgi?id=furman002dan
Tyler Garbee,19,2016,Pittsburgh,1,2,0.333,5.34,14,2,,0,0,0,30.1,41,30,18,2,15,0,17,4,2,5,151,1.846,12.2,0.6,4.5,5,1.13,,player.fcgi?id=garbee000tyl
Blair Lewis,--,2016,Pittsburgh,0,0,,9.64,3,0,,0,0,0,4.2,5,5,5,2,2,0,3,0,0,1,21,1.5,9.6,3.9,3.9,5.8,1.5,,player.fcgi?id=lewis-000bla
Collin Liberatore,--,2016,Pittsburgh,3,1,0.75,6,10,5,,0,0,0,27,28,20,18,4,13,0,31,7,0,3,122,1.519,9.3,1.3,4.3,10.3,2.38,,player.fcgi?id=libera000col
Isaac Mattson,20,2016,Pittsburgh,2,0,1,3.71,17,0,,0,0,1,34,33,17,14,4,5,0,31,2,0,3,141,1.118,8.7,1.1,1.3,8.2,6.2,,player.fcgi?id=mattso000isa
Sam Mersing,21,2016,Pittsburgh,5,3,0.625,6.19,12,11,,0,0,0,56.2,73,51,39,6,20,0,42,6,1,3,273,1.641,11.6,1,3.2,6.7,2.1,,player.fcgi?id=mersin000sam
Josh Mitchell*,21,2016,Pittsburgh,0,3,0,9.39,8,0,,0,0,0,7.2,10,11,8,1,6,0,7,2,0,2,42,2.087,11.7,1.2,7,8.2,1.17,,player.fcgi?id=mitche006jos
Clayton Morell?,--,2016,Pittsburgh,0,0,,36,2,0,,0,0,0,1,3,5,4,0,3,0,1,0,0,1,10,6,27,0,27,9,0.33,,player.fcgi?id=morell000cla
Jextin Pugh?,--,2016,Pittsburgh,0,1,0,5.19,14,0,,0,0,1,17.1,16,10,10,0,8,0,13,6,1,10,76,1.385,8.3,0,4.2,6.8,1.63,,player.fcgi?id=pugh--000jex
Aaron Sandefur,--,2016,Pittsburgh,3,5,0.375,4.01,13,13,,1,1,0,74,72,46,33,3,27,0,57,6,0,5,321,1.338,8.8,0.4,3.3,6.9,2.11,,player.fcgi?id=sandef000aar
Garrett Wrambel?,--,2016,Pittsburgh,2,1,0.667,3.82,17,0,,0,0,1,35.1,37,19,15,0,6,1,17,8,0,0,151,1.217,9.4,0,1.5,4.3,2.83,,player.fcgi?id=wrambe000gar
T.J. Zeuch,20,2016,Pittsburgh,6,1,0.857,3.1,10,10,,1,0,0,69.2,61,33,24,3,19,0,74,2,0,7,290,1.148,7.9,0.4,2.5,9.6,3.89,,player.fcgi?id=zeuch-002tim
Yaya Chentouf,20,2017,Pittsburgh,0,1,0,4.61,13,0,,0,0,2,13.2,14,8,7,2,6,1,7,1,0,1,62,1.463,9.2,1.3,4,4.6,1.17,,player.fcgi?id=chento000yay
Adam Cornwell,22,2017,Pittsburgh,0,0,,9.45,4,1,,0,0,0,6.2,11,9,7,1,3,0,7,1,0,3,36,2.1,14.9,1.4,4.1,9.5,2.33,,player.fcgi?id=cornwe000ada
Josh Falk,22,2017,Pittsburgh,3,7,0.3,4.02,14,14,,0,0,0,85,71,42,38,6,31,0,75,7,1,4,364,1.2,7.5,0.6,3.3,7.9,2.42,,player.fcgi?id=falk--000jos
R.J. Freure,19,2017,Pittsburgh,4,1,0.8,4.74,21,0,,0,0,0,38,35,21,20,6,20,1,46,4,0,4,165,1.447,8.3,1.4,4.7,10.9,2.3,,player.fcgi?id=freure001rj-
Dan Furman,22,2017,Pittsburgh,0,0,,2.08,5,0,,0,0,0,4.1,4,1,1,0,1,0,2,0,0,0,17,1.154,8.3,0,2.1,4.2,2,,player.fcgi?id=furman002dan
Tyler Garbee,20,2017,Pittsburgh,0,1,0,21,2,0,,0,0,0,3,6,7,7,0,2,0,1,1,0,0,18,2.667,18,0,6,3,0.5,,player.fcgi?id=garbee000tyl
Chris Gomez,19,2017,Pittsburgh,3,2,0.6,4.41,20,2,,0,0,0,34.2,38,23,17,2,16,1,26,2,0,1,159,1.558,9.9,0.5,4.2,6.8,1.63,,player.fcgi?id=gomez-002chr
Dan Hammer,19,2017,Pittsburgh,3,5,0.375,5.03,16,11,,0,0,0,59,66,44,33,7,24,0,51,6,2,4,270,1.525,10.1,1.1,3.7,7.8,2.13,,player.fcgi?id=hammer000dan
Kevin Henriksen,20,2017,Pittsburgh,0,0,,0,1,0,,0,0,0,1,2,0,0,0,0,0,1,0,0,0,5,2,18,0,0,9,,,player.fcgi?id=henrik000kev
Kaylor Kulina?,--,2017,Pittsburgh,0,0,,,1,0,,0,0,0,0,0,0,0,0,0,0,0,0,0,0,0,,,,,,,,player.fcgi?id=kulina000kay
Isaac Mattson,21,2017,Pittsburgh,1,0,1,2.87,21,0,,0,0,4,31.1,25,10,10,3,9,0,41,3,0,1,123,1.085,7.2,0.9,2.6,11.8,4.56,,player.fcgi?id=mattso000isa
Sam Mersing,22,2017,Pittsburgh,3,2,0.6,3.2,26,0,,0,0,3,50.2,53,23,18,5,9,0,42,7,0,4,220,1.224,9.4,0.9,1.6,7.5,4.67,,player.fcgi?id=mersin000sam
Josh Mitchell*,22,2017,Pittsburgh,1,5,0.167,4.61,17,16,,0,0,0,70.1,86,51,36,10,22,0,65,7,0,3,322,1.536,11,1.3,2.8,8.3,2.95,,player.fcgi?id=mitche006jos
TJ Pagan,21,2017,Pittsburgh,1,1,0.5,4.38,14,0,,0,0,0,12.1,17,6,6,1,8,0,11,4,0,1,64,2.027,12.4,0.7,5.8,8,1.38,,player.fcgi?id=pagan-000tj-
Matt Pidich,22,2017,Pittsburgh,4,5,0.444,4.61,16,9,,0,0,0,56.2,58,31,29,4,20,0,48,1,0,5,243,1.376,9.2,0.6,3.2,7.6,2.4,,player.fcgi?id=pidich000mat
Blair Calvo,22,2018,Pittsburgh,1,5,0.167,5.24,13,13,,0,0,0,46.1,52,29,27,5,19,0,45,6,0,3,213,1.532,10.1,1,3.7,8.7,2.37,,player.fcgi?id=calvo-000bla
Chris Cappas*,19,2018,Pittsburgh,0,0,,0,2,0,,0,0,0,0.2,1,0,0,0,0,0,2,1,0,0,4,1.5,13.5,0,0,27,,,player.fcgi?id=cappas000chr
Yaya Chentouf,21,2018,Pittsburgh,5,3,0.625,3.73,25,0,,0,0,8,41,37,20,17,4,19,3,45,1,0,9,177,1.366,8.1,0.9,4.2,9.9,2.37,,player.fcgi?id=chento000yay
R.J. Freure,20,2018,Pittsburgh,4,1,0.8,4.3,27,1,,0,0,2,58.2,49,30,28,5,35,1,95,2,0,3,260,1.432,7.5,0.8,5.4,14.6,2.71,,player.fcgi?id=freure001rj-
Chris Gomez,20,2018,Pittsburgh,2,1,0.667,4.85,12,4,,0,0,0,29.2,31,17,16,1,8,0,20,4,1,1,131,1.315,9.4,0.3,2.4,6.1,2.5,,player.fcgi?id=gomez-002chr
Dan Hammer,20,2018,Pittsburgh,2,6,0.25,6.79,17,12,,0,0,0,62.1,66,48,47,6,35,0,58,8,0,7,288,1.62,9.5,0.9,5.1,8.4,1.66,,player.fcgi?id=hammer000dan
Kevin Henriksen,21,2018,Pittsburgh,1,2,0.333,4.28,14,1,,0,0,0,27.1,30,16,13,1,7,0,20,2,0,1,119,1.354,9.9,0.3,2.3,6.6,2.86,,player.fcgi?id=henrik000kev
William Kirwan,21,2018,Pittsburgh,0,0,,7.11,5,0,,0,0,0,6.1,9,5,5,0,0,0,6,0,0,2,28,1.421,12.8,0,0,8.5,,,player.fcgi?id=kirwan002wil
Lucas Maldonado*,21,2018,Pittsburgh,0,0,,11.57,3,0,,0,0,0,2.1,4,3,3,0,7,0,2,1,0,1,18,4.714,15.4,0,27,7.7,0.29,,player.fcgi?id=maldon000luc
TJ Pagan,22,2018,Pittsburgh,4,0,1,3.86,21,0,,0,0,0,35,31,17,15,7,8,0,26,7,0,0,149,1.114,8,1.8,2.1,6.7,3.25,,player.fcgi?id=pagan-000tj-
Matt Pidich,23,2018,Pittsburgh,6,2,0.75,3.05,15,15,,0,0,0,91.1,82,34,31,4,26,0,99,5,0,8,384,1.182,8.1,0.4,2.6,9.8,3.81,,player.fcgi?id=pidich000mat
Peyton Reesman*,20,2018,Pittsburgh,0,1,0,9.45,12,0,,0,0,0,6.2,12,9,7,2,9,0,8,1,0,2,43,3.15,16.2,2.7,12.2,10.8,0.89,,player.fcgi?id=reesma000pey
Chase Smith,19,2018,Pittsburgh,1,1,0.5,3.16,22,0,,0,0,1,31.1,21,15,11,0,19,2,20,5,0,1,139,1.277,6,0,5.5,5.7,1.05,,player.fcgi?id=smith-059cha
Derek West,21,2018,Pittsburgh,3,4,0.429,3.24,13,9,,0,0,0,50,35,22,18,7,24,0,47,4,0,2,208,1.18,6.3,1.3,4.3,8.5,1.96,,player.fcgi?id=west--000der
Christian Camacho,20,2019,Pittsburgh,1,3,0.25,6.07,14,9,,0,0,1,29.2,33,23,20,4,17,1,32,1,0,1,140,1.685,10,1.2,5.2,9.7,1.88,,player.fcgi?id=camach000chr
Chris Cappas*,20,2019,Pittsburgh,3,4,0.429,5.06,11,9,,0,0,0,32,36,26,18,2,14,0,33,2,0,3,152,1.563,10.1,0.6,3.9,9.3,2.36,,player.fcgi?id=cappas000chr
Billy Corcoran,19,2019,Pittsburgh,2,6,0.25,3.8,20,11,,0,0,0,68.2,64,37,29,2,26,0,54,8,1,5,305,1.311,8.4,0.3,3.4,7.1,2.08,,player.fcgi?id=corcor002wil
Brady Devereux,19,2019,Pittsburgh,2,0,1,6.27,24,0,,0,0,0,33,39,25,23,2,21,2,37,3,2,6,160,1.818,10.6,0.5,5.7,10.1,1.76,,player.fcgi?id=devere002bra
Chris Gomez,21,2019,Pittsburgh,0,2,0,5.15,21,2,,0,0,0,43.2,64,36,25,4,16,1,34,4,0,4,214,1.832,13.2,0.8,3.3,7,2.13,,player.fcgi?id=gomez-002chr
Dan Hammer,21,2019,Pittsburgh,3,8,0.273,6.55,17,13,,0,0,0,66,85,58,48,5,37,1,80,7,2,9,325,1.848,11.6,0.7,5,10.9,2.16,,player.fcgi?id=hammer000dan
Jack Hogan,22,2019,Pittsburgh,0,0,,8.53,4,0,,0,0,0,6.1,8,6,6,2,5,0,3,1,0,2,32,2.053,11.4,2.8,7.1,4.3,0.6,,player.fcgi?id=hogan-002jac
William Kirwan,22,2019,Pittsburgh,1,0,1,7.47,19,0,,0,0,0,37.1,46,36,31,7,17,1,30,3,0,5,179,1.688,11.1,1.7,4.1,7.2,1.76,,player.fcgi?id=kirwan002wil
Lucas Maldonado*,22,2019,Pittsburgh,0,0,,0,2,0,,0,0,0,1.1,0,0,0,0,0,0,1,1,0,1,5,0,0,0,0,6.8,,,player.fcgi?id=maldon000luc
David Moore*,21,2019,Pittsburgh,1,3,0.25,6.75,23,0,,0,0,0,22.2,18,22,17,1,27,0,34,8,0,5,119,1.985,7.1,0.4,10.7,13.5,1.26,,player.fcgi?id=moore-007dav
Mason Ronan*,19,2019,Pittsburgh,1,0,1,9,15,1,,0,0,0,17,22,20,17,1,19,0,23,4,0,7,93,2.412,11.6,0.5,10.1,12.2,1.21,,player.fcgi?id=ronan-000mas
Chase Smith,20,2019,Pittsburgh,4,6,0.4,2.72,33,0,,0,0,5,59.2,54,23,18,2,17,3,55,3,0,5,248,1.19,8.1,0.3,2.6,8.3,3.24,,player.fcgi?id=smith-059cha
Derek West,22,2019,Pittsburgh,3,2,0.6,3.82,18,10,,0,0,0,68.1,69,38,29,6,29,1,82,3,2,4,306,1.434,9.1,0.8,3.8,10.8,2.83,,player.fcgi?id=west--000der
Jarett Bach*,19,2020,Pittsburgh,0,0,,,1,0,,0,0,0,0,0,0,0,0,1,0,0,1,0,1,2,,,,,,0,,player.fcgi?id=bach--000jar
Adam Bloebaum*,19,2020,Pittsburgh,0,0,,2.7,4,0,,0,0,1,3.1,3,2,1,0,1,0,3,0,0,1,14,1.2,8.1,0,2.7,8.1,3,,player.fcgi?id=bloeba000ada
Chris Cappas*,21,2020,Pittsburgh,1,1,0.5,6.1,4,4,,0,0,0,10.1,7,7,7,0,12,0,19,0,0,1,49,1.839,6.1,0,10.5,16.5,1.58,,player.fcgi?id=cappas000chr
Billy Corcoran,20,2020,Pittsburgh,2,0,1,3.97,4,4,,0,0,0,22.2,16,11,10,4,5,0,28,0,0,2,90,0.926,6.4,1.6,2,11.1,5.6,,player.fcgi?id=corcor002wil
Brady Devereux,20,2020,Pittsburgh,0,0,,18.9,4,0,,0,0,0,3.1,12,8,7,0,4,0,4,2,0,2,28,4.8,32.4,0,10.8,10.8,1,,player.fcgi?id=devere002bra
Matt Gilbertson,21,2020,Pittsburgh,2,1,0.667,1.13,4,4,,0,0,0,24,26,9,3,1,6,0,20,0,0,5,102,1.333,9.8,0.4,2.3,7.5,3.33,,player.fcgi?id=gilber001mat
Chris Gomez,22,2020,Pittsburgh,0,0,,8.31,6,0,,0,0,0,8.2,13,8,8,0,0,0,7,1,0,0,40,1.5,13.5,0,0,7.3,,,player.fcgi?id=gomez-002chr
Dylan Lester,22,2020,Pittsburgh,0,0,,4,6,0,,0,0,0,9,6,4,4,0,5,0,8,2,0,1,38,1.222,6,0,5,8,1.6,,player.fcgi?id=lester000dyl
C.J. McKennitt,20,2020,Pittsburgh,0,1,0,6.75,6,0,,0,0,0,6.2,10,8,5,2,3,0,6,1,0,0,35,1.95,13.5,2.7,4.1,8.1,2,,player.fcgi?id=mckenn000cj-
Mitch Myers,21,2020,Pittsburgh,2,2,0.5,3.52,4,4,,0,0,0,23,20,9,9,0,4,0,30,0,0,2,91,1.043,7.8,0,1.6,11.7,7.5,,player.fcgi?id=meyers000mit
Grant Powell?,--,2020,Pittsburgh,2,0,1,2.31,7,0,,0,0,0,11.2,8,5,3,0,4,0,13,3,0,0,49,1.029,6.2,0,3.1,10,3.25,,player.fcgi?id=powell001gra
Mason Ronan*,20,2020,Pittsburgh,0,0,,7.71,4,0,,0,0,0,7,6,6,6,0,6,0,13,2,0,0,33,1.714,7.7,0,7.7,16.7,2.17,,player.fcgi?id=ronan-000mas
Chase Smith,21,2020,Pittsburgh,1,1,0.5,2.19,8,0,,0,0,1,12.1,8,6,3,0,9,3,9,1,0,2,55,1.378,5.8,0,6.6,6.6,1,,player.fcgi?id=smith-059cha
Josh Collett?,--,2021,Pittsburgh,0,0,,18,1,0,,0,0,0,1,1,2,2,1,3,0,0,0,0,0,7,4,9,9,27,0,0,,player.fcgi?id=collet003jos
Billy Corcoran,21,2021,Pittsburgh,0,2,0,5.84,4,4,,0,0,0,12.1,16,12,8,5,4,0,9,1,0,0,58,1.622,11.7,3.6,2.9,6.6,2.25,,player.fcgi?id=corcor002wil
David Ferguson,19,2021,Pittsburgh,1,0,1,2,9,0,,0,0,0,9,3,2,2,1,12,0,8,1,0,0,43,1.667,3,1,12,8,0.67,,player.fcgi?id=fergus001dav
Matt Gilbertson,22,2021,Pittsburgh,6,5,0.545,4.45,13,13,,1,0,0,85,90,44,42,8,20,2,72,5,0,8,363,1.294,9.5,0.8,2.1,7.6,3.6,,player.fcgi?id=gilber001mat
Chris Gomez,23,2021,Pittsburgh,2,0,1,2.27,13,2,,0,0,0,31.2,29,8,8,3,7,0,21,1,0,1,131,1.137,8.2,0.9,2,6,3,,player.fcgi?id=gomez-002chr
Stephen Hansen,23,2021,Pittsburgh,1,4,0.2,6.24,14,9,,0,0,1,49,66,38,34,9,20,2,40,5,0,1,233,1.755,12.1,1.7,3.7,7.3,2,,player.fcgi?id=hansen002ste
Dylan Lester,23,2021,Pittsburgh,0,0,,7.06,15,1,,0,0,1,21.2,21,17,17,4,11,1,27,6,0,2,101,1.477,8.7,1.7,4.6,11.2,2.45,,player.fcgi?id=lester000dyl
Jordan McCrum,24,2021,Pittsburgh,2,1,0.667,4.2,20,0,,0,0,6,30,22,14,14,3,20,3,35,7,1,3,134,1.4,6.6,0.9,6,10.5,1.75,,player.fcgi?id=mccrum000jor
C.J. McKennitt,21,2021,Pittsburgh,1,1,0.5,8.16,13,0,,0,0,0,14.1,9,13,13,1,19,1,18,2,0,3,74,1.953,5.7,0.6,11.9,11.3,0.95,,player.fcgi?id=mckenn000cj-
Mitch Myers,22,2021,Pittsburgh,5,5,0.5,3.21,13,13,,1,0,0,81.1,78,33,29,6,23,1,83,6,0,4,346,1.242,8.6,0.7,2.5,9.2,3.61,,player.fcgi?id=meyers000mit
Chris Pouliot*,--,2021,Pittsburgh,2,0,1,11.88,7,1,,0,0,0,8.1,15,13,11,1,6,0,2,2,0,0,48,2.52,16.2,1.1,6.5,2.2,0.33,,player.fcgi?id=poulio000chr
Corey Sawyer*,22,2021,Pittsburgh,1,0,1,9,13,0,,0,0,0,10,13,10,10,1,8,0,12,2,1,1,53,2.1,11.7,0.9,7.2,10.8,1.5,,player.fcgi?id=sawyer000cor
Chase Smith,22,2021,Pittsburgh,2,2,0.5,5.47,26,0,,0,0,1,26.1,30,18,16,3,13,1,23,3,1,4,122,1.633,10.3,1,4.4,7.9,1.77,,player.fcgi?id=smith-059cha
Dominic Verrastro,21,2021,Pittsburgh,0,0,,15,5,0,,0,0,0,3,4,5,5,2,2,0,1,1,0,0,16,2,12,6,6,3,0.5,,player.fcgi?id=verras000dom
Jonathan Bautista,20,2022,Pittsburgh,0,1,0,5.81,15,5,,0,0,1,26.1,30,20,17,1,21,0,23,1,2,8,129,1.937,10.3,0.3,7.2,7.9,1.1,,player.fcgi?id=bautis003jon
Billy Corcoran,22,2022,Pittsburgh,7,5,0.583,4.43,14,14,,1,0,0,85.1,93,51,42,13,8,0,69,5,0,2,362,1.184,9.8,1.4,0.8,7.3,8.63,,player.fcgi?id=corcor002wil
Kyle Demi,19,2022,Pittsburgh,0,1,0,16.62,6,0,,0,0,0,4.1,9,8,8,1,4,0,6,2,0,2,27,3,18.7,2.1,8.3,12.5,1.5,,player.fcgi?id=demi--000kyl
Brady Devereux,22,2022,Pittsburgh,4,2,0.667,4.58,25,0,,0,0,0,39.1,41,24,20,8,14,3,33,3,0,3,174,1.398,9.4,1.8,3.2,7.6,2.36,,player.fcgi?id=devere002bra
Ben Dragani*,23,2022,Pittsburgh,2,1,0.667,8.75,14,4,,0,0,0,23.2,29,24,23,2,30,2,21,4,0,7,132,2.493,11,0.8,11.4,8,0.7,,player.fcgi?id=dragan000ben
Will Droll*,19,2022,Pittsburgh,0,0,,27,3,0,,0,0,0,1.1,4,5,4,0,5,0,2,2,0,1,16,6.75,27,0,33.8,13.5,0.4,,player.fcgi?id=droll-002wil
Logan Evans,21,2022,Pittsburgh,4,8,0.333,7.43,14,14,,1,1,0,66.2,90,65,55,15,17,1,52,6,1,9,313,1.605,12.2,2,2.3,7,3.06,,player.fcgi?id=evans-000log
Matt Gilbertson,23,2022,Pittsburgh,9,3,0.75,3.74,15,15,,1,1,0,96.1,102,46,40,9,11,0,87,4,1,10,400,1.173,9.5,0.8,1,8.1,7.91,,player.fcgi?id=gilber001mat
Tyler Kennedy,20,2022,Pittsburgh,0,0,,10.38,12,3,,0,0,0,13,10,16,15,2,21,0,14,6,0,9,74,2.385,6.9,1.4,14.5,9.7,0.67,,player.fcgi?id=kenned002tyl
Quin Konuszewski*,19,2022,Pittsburgh,0,0,,11.4,19,0,,0,0,0,15,19,19,19,3,14,1,17,1,0,2,78,2.2,11.4,1.8,8.4,10.2,1.21,,player.fcgi?id=konusz000qui
Dylan Lester,24,2022,Pittsburgh,0,0,,7.24,21,0,,0,0,0,27.1,30,25,22,8,18,0,32,0,0,3,129,1.756,9.9,2.6,5.9,10.5,1.78,,player.fcgi?id=lester000dyl
C.J. McKennitt,22,2022,Pittsburgh,0,0,,7.4,23,0,,0,0,0,24.1,27,20,20,3,17,0,29,5,1,3,119,1.808,10,1.1,6.3,10.7,1.71,,player.fcgi?id=mckenn000cj-
Ryan Miller,21,2022,Pittsburgh,0,1,0,17.18,7,0,,0,0,0,7.1,9,14,14,2,10,1,6,1,0,2,42,2.591,11,2.5,12.3,7.4,0.6,,player.fcgi?id=miller012rya
Baron Stuart,22,2022,Pittsburgh,2,4,0.333,5.55,27,0,,0,0,7,47,54,39,29,8,18,1,61,6,1,5,220,1.532,10.3,1.5,3.4,11.7,3.39,,player.fcgi?id=stuart000bar
Hayden Summers,21,2022,Pittsburgh,1,1,0.5,7.3,7,1,,0,0,2,12.1,17,11,10,3,2,0,14,1,0,1,59,1.541,12.4,2.2,1.5,10.2,7,,player.fcgi?id=summer000hay
Jonathan Bautista,21,2023,Pittsburgh,0,3,0,9.49,22,2,,0,0,1,37,53,42,39,6,27,0,31,5,0,7,193,2.162,12.9,1.5,6.6,7.5,1.15,,player.fcgi?id=bautis003jon
Nash Bryan,--,2023,Pittsburgh,5,2,0.714,3.83,30,0,,0,0,8,44.2,46,21,19,9,12,1,48,4,0,0,193,1.299,9.3,1.8,2.4,9.7,4,,player.fcgi?id=bryan-000nas
Erubiel Candelario,22,2023,Pittsburgh,2,3,0.4,7.3,15,7,,0,0,0,40.2,48,35,33,9,24,0,40,7,0,5,198,1.77,10.6,2,5.3,8.9,1.67,,player.fcgi?id=candel000eru
Kyle Demi,20,2023,Pittsburgh,0,0,,16.2,5,0,,0,0,0,3.1,7,6,6,1,5,0,2,0,0,1,22,3.6,18.9,2.7,13.5,5.4,0.4,,player.fcgi?id=demi--000kyl
Brady Devereux,23,2023,Pittsburgh,0,0,,15.43,11,0,,0,0,1,11.2,20,20,20,2,7,0,7,4,0,3,68,2.314,15.4,1.5,5.4,5.4,1,,player.fcgi?id=devere002bra
Will Droll*,20,2023,Pittsburgh,0,0,,,1,0,,0,0,0,0,1,0,0,0,1,0,0,0,0,1,2,,,,,,0,,player.fcgi?id=droll-002wil
Logan Evans,22,2023,Pittsburgh,5,3,0.625,5.88,11,9,,0,0,0,49,55,38,32,7,19,1,42,7,0,5,230,1.51,10.1,1.3,3.5,7.7,2.21,,player.fcgi?id=evans-000log
Matt Fernandez,21,2023,Pittsburgh,1,4,0.2,6.75,22,2,,0,0,0,52,64,42,39,7,24,1,56,11,0,8,253,1.692,11.1,1.2,4.2,9.7,2.33,,player.fcgi?id=fernan002mat
Ethan Firoved*,21,2023,Pittsburgh,0,1,0,8.73,19,3,,0,0,0,33,49,37,32,5,31,0,34,4,0,7,181,2.424,13.4,1.4,8.5,9.3,1.1,,player.fcgi?id=firove000eth
Quin Konuszewski*,20,2023,Pittsburgh,1,0,1,12.96,11,0,,0,0,0,8.1,14,12,12,1,8,1,7,1,0,0,47,2.64,15.1,1.1,8.6,7.6,0.88,,player.fcgi?id=konusz000qui
Kyle Mosley,22,2023,Pittsburgh,1,7,0.125,7.29,14,13,,0,0,0,54.1,77,51,44,8,32,2,45,7,0,5,261,2.006,12.8,1.3,5.3,7.5,1.41,,player.fcgi?id=mosley000kyl
Zack Oswald*,21,2023,Pittsburgh,0,0,,10.13,7,0,,0,0,0,5.1,6,6,6,1,12,0,5,2,0,2,35,3.375,10.1,1.7,20.3,8.4,0.42,,player.fcgi?id=oswald000zac
Holden Phelps,21,2023,Pittsburgh,1,1,0.5,7.03,10,5,,0,0,0,24.1,27,22,19,1,10,0,23,2,0,0,112,1.521,10,0.4,3.7,8.5,2.3,,player.fcgi?id=phelps000hol
Ryan Reed*,19,2023,Pittsburgh,0,0,,2.08,6,0,,0,0,0,4.1,6,1,1,0,1,0,4,1,0,0,20,1.615,12.5,0,2.1,8.3,4,,player.fcgi?id=reed--003rya
Dylan Simmons,22,2023,Pittsburgh,2,2,0.5,4.58,24,0,,0,0,1,39.1,50,28,20,3,17,1,60,1,0,8,184,1.703,11.4,0.7,3.9,13.7,3.53,,player.fcgi?id=simmon000dyl
Jack Sokol,21,2023,Pittsburgh,6,5,0.545,7.54,15,14,,0,0,0,68,98,61,57,17,30,0,69,10,0,5,334,1.882,13,2.3,4,9.1,2.3,,player.fcgi?id=sokol-000jac
Ryan Andrade,21,2024,Pittsburgh,2,5,0.286,7.29,15,15,,0,0,0,63,72,55,51,15,43,0,72,3,0,10,299,1.825,10.3,2.1,6.1,10.3,1.67,,player.fcgi?id=andrad000rya
Erubiel Candelario,23,2024,Pittsburgh,0,0,,5.93,13,0,,0,0,1,13.2,19,12,9,1,14,0,13,1,0,0,73,2.415,12.5,0.7,9.2,8.6,0.93,,player.fcgi?id=candel000eru
Gavin Chillot,19,2024,Pittsburgh,0,0,,5.14,14,0,,0,0,0,14,17,8,8,1,8,0,15,0,0,2,67,1.786,10.9,0.6,5.1,9.6,1.88,,player.fcgi?id=chillo000gav
Aidan Coleman,19,2024,Pittsburgh,3,3,0.5,5.73,13,10,,0,0,0,37.2,38,27,24,8,17,1,34,9,2,5,173,1.46,9.1,1.9,4.1,8.1,2,,player.fcgi?id=colema000aid
Richie Dell,23,2024,Pittsburgh,0,0,,18,1,0,,0,0,0,1,2,2,2,0,1,0,0,0,0,0,5,3,18,0,9,0,0,,player.fcgi?id=dell--000ric
Kyle Demi,21,2024,Pittsburgh,0,0,,16.97,11,0,,0,0,0,11.2,22,22,22,6,11,1,19,2,0,2,69,2.829,17,4.6,8.5,14.7,1.73,,player.fcgi?id=demi--000kyl
Kayden Faulcon,21,2024,Pittsburgh,0,0,,0,3,0,,0,0,0,3.1,1,1,0,0,2,0,5,1,1,2,15,0.9,2.7,0,5.4,13.5,2.5,,player.fcgi?id=faulco000kay
Matt Fernandez,22,2024,Pittsburgh,4,5,0.444,5.33,21,1,,0,0,0,49,51,33,29,8,19,2,44,4,0,4,214,1.429,9.4,1.5,3.5,8.1,2.32,,player.fcgi?id=fernan002mat
Ethan Firoved*,22,2024,Pittsburgh,2,3,0.4,5.56,20,0,,0,0,1,45.1,58,37,28,8,20,1,58,9,2,10,225,1.721,11.5,1.6,4,11.5,2.9,,player.fcgi?id=firove000eth
Phil Fox,21,2024,Pittsburgh,3,2,0.6,1.47,23,0,,0,0,8,36.2,26,7,6,3,3,0,45,2,0,0,140,0.791,6.4,0.7,0.7,11,15,,player.fcgi?id=fox---000phi
Ben Kovel,23,2024,Pittsburgh,2,0,1,6.75,10,0,,0,0,0,9.1,10,7,7,1,4,0,9,2,1,0,45,1.5,9.6,1,3.9,8.7,2.25,,player.fcgi?id=kovel-000ben
Kyle Mosley,23,2024,Pittsburgh,0,0,,6.43,12,2,,0,0,1,14,23,11,10,3,6,0,15,2,1,0,71,2.071,14.8,1.9,3.9,9.6,2.5,,player.fcgi?id=mosley000kyl
Ryan Partridge*,23,2024,Pittsburgh,2,1,0.667,9.68,19,0,,0,0,0,17.2,24,20,19,1,6,0,18,6,0,2,89,1.698,12.2,0.5,3.1,9.2,3,,player.fcgi?id=partri000rya
Matt Porter*,21,2024,Pittsburgh,1,0,1,5.31,14,0,,0,0,0,20.1,16,13,12,1,12,0,27,3,1,4,92,1.377,7.1,0.4,5.3,12,2.25,,player.fcgi?id=porter002mat
Ryan Reed*,20,2024,Pittsburgh,0,7,0,8.45,14,13,,0,0,1,54.1,82,65,51,11,27,1,43,5,0,4,278,2.006,13.6,1.8,4.5,7.1,1.59,,player.fcgi?id=reed--003rya
Jack Sokol,22,2024,Pittsburgh,7,3,0.7,5.09,15,14,,0,0,0,74.1,84,46,42,9,33,0,57,6,0,5,340,1.574,10.2,1.1,4,6.9,1.73,,player.fcgi?id=sokol-000jac
Sam Bryan,22,2025,Pittsburgh,0,0,,6.75,16,0,,0,0,0,14.2,19,14,11,2,9,1,18,4,1,0,76,1.909,11.7,1.2,5.5,11,2,,player.fcgi?id=bryan-002sam
Gavin Chillot,20,2025,Pittsburgh,1,0,1,3.29,7,0,,0,0,0,13.2,17,6,5,0,6,0,11,0,1,1,62,1.683,11.2,0,4,7.2,1.83,,player.fcgi?id=chillo000gav
Aidan Coleman,20,2025,Pittsburgh,2,2,0.5,9.63,17,5,,0,0,0,43,66,47,46,13,18,0,35,3,0,2,209,1.953,13.8,2.7,3.8,7.3,1.94,,player.fcgi?id=colema000aid
Noah Czajkowski,21,2025,Pittsburgh,2,0,1,6.23,14,0,,0,0,0,13,14,10,9,2,11,0,5,1,1,1,62,1.923,9.7,1.4,7.6,3.5,0.45,,player.fcgi?id=czajko000noa
Kyle Demi,22,2025,Pittsburgh,0,3,0,7.08,19,5,,0,0,0,34.1,38,33,27,6,10,0,42,5,0,7,156,1.398,10,1.6,2.6,11,4.2,,player.fcgi?id=demi--000kyl
Antonio Doganiero*,19,2025,Pittsburgh,1,1,0.5,7.25,14,4,,0,0,0,22.1,27,22,18,3,21,0,22,4,0,2,119,2.149,10.9,1.2,8.5,8.9,1.05,,player.fcgi?id=dogani000ant
Kayden Faulcon,22,2025,Pittsburgh,0,0,,6.39,11,0,,0,0,0,12.2,15,11,9,1,8,0,15,1,0,1,59,1.816,10.7,0.7,5.7,10.7,1.88,,player.fcgi?id=faulco000kay
Ethan Firoved*,23,2025,Pittsburgh,3,4,0.429,3.86,23,0,,0,0,8,53.2,46,29,23,5,17,0,75,9,0,5,235,1.174,7.7,0.8,2.9,12.6,4.41,,player.fcgi?id=firove000eth
Andrew Gaines,21,2025,Pittsburgh,0,1,0,15.75,12,0,,0,0,0,8,11,15,14,1,15,0,16,3,0,6,53,3.25,12.4,1.1,16.9,18,1.07,,player.fcgi?id=gaines000and
Pat Gardner*,22,2025,Pittsburgh,4,6,0.4,7.15,15,14,,0,0,0,73,81,63,58,17,29,1,59,10,0,4,337,1.507,10,2.1,3.6,7.3,2.03,,player.fcgi?id=gardne002pat
Will Hummel,19,2025,Pittsburgh,1,0,1,0,2,0,,0,0,0,0.1,0,0,0,0,2,0,0,1,0,0,3,6,0,0,54,0,0,,player.fcgi?id=hummel000wil
Drew Lafferty,21,2025,Pittsburgh,4,2,0.667,5.83,15,13,,1,0,0,54,62,43,35,11,27,0,39,8,0,4,256,1.648,10.3,1.8,4.5,6.5,1.44,,player.fcgi?id=laffer000dre
Daniel McAuliff,23,2025,Pittsburgh,2,3,0.4,7.45,20,0,,0,0,3,19.1,31,20,16,4,16,2,18,1,0,3,103,2.431,14.4,1.9,7.4,8.4,1.13,,player.fcgi?id=mcauli003dan
Matt Porter*,22,2025,Pittsburgh,3,1,0.75,7.45,19,0,,0,0,0,29,30,27,24,3,20,1,24,6,1,4,141,1.724,9.3,0.9,6.2,7.4,1.2,,player.fcgi?id=porter002mat
Ryan Reed*,21,2025,Pittsburgh,5,4,0.556,5.01,14,14,,0,0,0,73.2,84,48,41,10,24,0,67,4,0,1,327,1.466,10.3,1.2,2.9,8.2,2.79,,player.fcgi?id=reed--003rya
TJ Socarras,19,2025,Pittsburgh,0,0,,7.94,10,0,,0,0,0,11.1,9,10,10,0,11,0,11,3,0,2,56,1.765,7.1,0,8.7,8.7,1,,player.fcgi?id=socarr000tj-
Matt Alvarez,20,2011,Boston College,,,,5.6,,3,,,0,,35.1,38,26,22,,26,,34,,,,,1.811,9.7,,6.6,8.7,1.31,,player.fcgi?id=alvare000mat
Nate Bayuk*,22,2011,Boston College,,,,5.75,,4,,,0,,61,75,41,39,,24,,35,,,,,1.623,11.1,,3.5,5.2,1.46,,player.fcgi?id=bayuk-000nat
Matt Brazis,21,2011,Boston College,,,,5.63,,0,,,0,,24,26,19,15,,18,,14,,,,,1.833,9.8,,6.8,5.3,0.78,,player.fcgi?id=brazis000mat
Dane Clemens,--,2011,Boston College,,,,24.75,,0,,,0,,8,21,23,22,,6,,2,,,,,3.375,23.6,,6.8,2.3,0.33,,player.fcgi?id=clemen002dan
Mike Dennhardt,21,2011,Boston College,,,,5.68,,4,,,0,,19,18,14,12,,8,,11,,,,,1.368,8.5,,3.8,5.2,1.38,,player.fcgi?id=dennha001mic
Hunter Gordon,20,2011,Boston College,,,,4.09,,0,,,0,,33,30,18,15,,11,,23,,,,,1.242,8.2,,3,6.3,2.09,,player.fcgi?id=gordon000hun
Steve Green*,19,2011,Boston College,,,,9.75,,1,,,0,,12,18,15,13,,11,,7,,,,,2.417,13.5,,8.3,5.3,0.64,,player.fcgi?id=green-009ste
Dave Laufer,22,2011,Boston College,,,,5.5,,4,,,0,,34.1,39,23,21,,14,,21,,,,,1.544,10.2,,3.7,5.5,1.5,,player.fcgi?id=laufer000dav
Andrew Lawrence*,22,2011,Boston College,,,,4.15,,12,,,0,,26,23,15,12,,13,,16,,,,,1.385,8,,4.5,5.5,1.23,,player.fcgi?id=lawren003and
John Leonard,22,2011,Boston College,,,,5.33,,13,,,0,,76,87,53,45,,22,,38,,,,,1.434,10.3,,2.6,4.5,1.73,,player.fcgi?id=leonar007joh
Geoff Oxley,--,2011,Boston College,,,,10.8,,2,,,0,,10,23,12,12,,3,,3,,,,,2.6,20.7,,2.7,2.7,1,,player.fcgi?id=oxley-002geo
Kyle Prohovich,--,2011,Boston College,,,,3.46,,1,,,0,,39,34,15,15,,16,,34,,,,,1.282,7.8,,3.7,7.8,2.13,,player.fcgi?id=prohov000kyl
Garret Smith,22,2011,Boston College,,,,2.6,,0,,,0,,17.1,13,7,5,,9,,14,,,,,1.269,6.8,,4.7,7.3,1.56,,player.fcgi?id=smith-009gar
Eric Stevens,19,2011,Boston College,,,,4.32,,6,,,0,,50,46,26,24,,23,,36,,,,,1.38,8.3,,4.1,6.5,1.57,,player.fcgi?id=steven000eri
Matt Alvarez,21,2012,Boston College,2,3,0.4,5.91,14,5,,,0,0,32,28,29,21,1,34,1,27,9,1,5,168,1.938,7.9,0.3,9.6,7.6,0.79,,player.fcgi?id=alvare000mat
Nate Bayuk*,23,2012,Boston College,3,2,0.6,3.31,23,0,,,0,0,32.2,38,18,12,1,6,1,34,4,0,5,147,1.347,10.5,0.3,1.7,9.4,5.67,,player.fcgi?id=bayuk-000nat
Matt Brazis,22,2012,Boston College,1,0,1,3.18,16,0,,,0,5,17,14,6,6,0,8,1,25,0,1,2,70,1.294,7.4,0,4.2,13.2,3.13,,player.fcgi?id=brazis000mat
Hunter Gordon,21,2012,Boston College,2,8,0.2,6.1,14,12,,,0,1,72.1,86,56,49,3,36,2,35,4,0,0,341,1.687,10.7,0.4,4.5,4.4,0.97,,player.fcgi?id=gordon000hun
John Gorman,20,2012,Boston College,0,1,0,3.76,22,0,,,0,4,40.2,34,21,17,4,16,2,30,1,0,1,171,1.23,7.5,0.9,3.5,6.6,1.88,,player.fcgi?id=gorman000joh
Steve Green*,20,2012,Boston College,1,4,0.2,9.11,13,5,,,0,0,27.2,43,31,28,2,12,0,22,3,0,2,139,1.988,14,0.7,3.9,7.2,1.83,,player.fcgi?id=green-009ste
Tyler Hinchliffe*,--,2012,Boston College,1,0,1,4.5,16,1,,,0,0,22,33,15,11,0,12,0,15,0,0,3,111,2.045,13.5,0,4.9,6.1,1.25,,player.fcgi?id=hinchl000tyl
Jay Jeannotte,--,2012,Boston College,0,1,0,13.5,8,1,,,0,0,10.2,15,16,16,3,18,0,6,2,0,4,64,3.094,12.7,2.5,15.2,5.1,0.33,,player.fcgi?id=jeanno000jay
Taylor Lasko,--,2012,Boston College,0,3,0,5.9,10,7,,,0,0,29,41,24,19,2,13,0,20,3,0,0,144,1.862,12.7,0.6,4,6.2,1.54,,player.fcgi?id=lasko-000tay
Andrew Lawrence*,23,2012,Boston College,0,1,0,10.13,3,0,,,0,0,2.2,6,4,3,0,3,1,1,0,0,1,17,3.375,20.3,0,10.1,3.4,0.33,,player.fcgi?id=lawren003and
Geoff Murphy,19,2012,Boston College,2,1,0.667,3.44,20,0,,,0,0,36.2,38,18,14,2,5,2,20,9,1,2,162,1.173,9.3,0.5,1.2,4.9,4,,player.fcgi?id=murphy003geo
Nick Poore*,19,2012,Boston College,2,0,1,5.33,17,2,,,0,0,27,26,18,16,1,15,0,20,3,2,2,124,1.519,8.7,0.3,5,6.7,1.33,,player.fcgi?id=poore-000nic
Kyle Prohovich,--,2012,Boston College,2,3,0.4,4.5,27,1,,,0,2,40,32,23,20,2,33,5,36,2,1,6,181,1.625,7.2,0.5,7.4,8.1,1.09,,player.fcgi?id=prohov000kyl
Eric Stevens,20,2012,Boston College,5,3,0.625,5.64,14,14,,,0,0,67,72,47,42,6,37,0,40,14,2,10,314,1.627,9.7,0.8,5,5.4,1.08,,player.fcgi?id=steven000eri
Eric Stone,19,2012,Boston College,1,3,0.25,4.82,8,7,,,0,0,18.2,21,14,10,0,10,0,11,1,1,1,86,1.661,10.1,0,4.8,5.3,1.1,,player.fcgi?id=stone-002eri
Mike West,--,2012,Boston College,0,0,,4.5,1,0,,,0,0,2,2,1,1,1,1,0,1,1,0,0,8,1.5,9,4.5,4.5,4.5,1,,player.fcgi?id=west--000mik
Jesse Adams*,19,2013,Boston College,0,1,0,5.15,20,0,,,0,1,36.2,29,22,21,2,17,2,33,3,1,5,157,1.255,7.1,0.5,4.2,8.1,1.94,,player.fcgi?id=adams-000jes
Matt Alvarez,22,2013,Boston College,1,2,0.333,5.6,9,3,,,0,0,17.2,17,17,11,1,12,0,22,3,1,7,88,1.642,8.7,0.5,6.1,11.2,1.83,,player.fcgi?id=alvare000mat
Nate Bayuk*,24,2013,Boston College,0,1,0,4.76,25,0,,,0,0,17,23,16,9,0,10,2,12,1,0,4,87,1.941,12.2,0,5.3,6.4,1.2,,player.fcgi?id=bayuk-000nat
Jeff Burke,20,2013,Boston College,1,2,0.333,5.6,24,1,,,0,1,35.1,41,25,22,0,21,2,20,2,0,2,164,1.755,10.4,0,5.3,5.1,0.95,,player.fcgi?id=burke-002jef
Andrew Chin*,20,2013,Boston College,1,7,0.125,3.88,14,13,,,0,0,67.1,65,38,29,1,28,0,45,8,0,5,299,1.381,8.7,0.1,3.7,6,1.61,,player.fcgi?id=chin--000and
Michael Clouthier,--,2013,Boston College,0,0,,27,1,0,,,0,0,0.1,2,2,1,0,0,0,1,1,0,1,5,6,54,0,0,27,,,player.fcgi?id=clouth000mic
Joe Cronin,19,2013,Boston College,0,0,,0,1,0,,,0,0,1,0,0,0,0,0,0,1,0,0,0,3,0,0,0,0,9,,,player.fcgi?id=cronin000joe
Hunter Gordon,22,2013,Boston College,2,4,0.333,2.67,13,8,,,0,0,57.1,47,22,17,0,19,0,33,2,0,0,235,1.151,7.4,0,3,5.2,1.74,,player.fcgi?id=gordon000hun
John Gorman,21,2013,Boston College,3,5,0.375,6.85,20,5,,,0,2,44.2,59,35,34,4,15,1,32,2,0,1,201,1.657,11.9,0.8,3,6.4,2.13,,player.fcgi?id=gorman000joh
Steve Green*,21,2013,Boston College,1,0,1,6.75,10,1,,,0,0,14.2,16,11,11,0,7,1,17,0,0,0,67,1.568,9.8,0,4.3,10.4,2.43,,player.fcgi?id=green-009ste
Tyler Hinchliffe*,--,2013,Boston College,0,0,,10.38,5,0,,,0,2,4.1,4,5,5,0,3,1,5,1,0,0,21,1.615,8.3,0,6.2,10.4,1.67,,player.fcgi?id=hinchl000tyl
Jay Jeannotte,--,2013,Boston College,0,1,0,13.5,2,0,,,0,0,2,3,3,3,0,2,0,1,1,0,1,12,2.5,13.5,0,9,4.5,0.5,,player.fcgi?id=jeanno000jay
John Nicklas,19,2013,Boston College,1,0,1,3.68,19,0,,,0,0,22,18,9,9,2,10,0,13,1,0,1,96,1.273,7.4,0.8,4.1,5.3,1.3,,player.fcgi?id=nickla000joh
Nick Poore*,20,2013,Boston College,1,3,0.25,4.31,20,2,,,0,1,31.1,37,16,15,3,12,2,22,2,0,0,139,1.564,10.6,0.9,3.4,6.3,1.83,,player.fcgi?id=poore-000nic
Austin Solecitto*,19,2013,Boston College,0,2,0,20.52,7,2,,,0,0,8.1,16,19,19,0,13,0,9,2,0,2,56,3.48,17.3,0,14,9.7,0.69,,player.fcgi?id=soleci000aus
Eric Stevens,21,2013,Boston College,0,12,0,6.31,13,13,,,0,0,71.1,105,63,50,3,30,3,23,9,0,6,344,1.893,13.2,0.4,3.8,2.9,0.77,,player.fcgi?id=steven000eri
Eric Stone,20,2013,Boston College,1,0,1,7.48,13,4,,,0,0,21.2,32,19,18,2,9,0,10,6,1,1,113,1.892,13.3,0.8,3.7,4.2,1.11,,player.fcgi?id=stone-002eri
Jesse Adams*,20,2014,Boston College,0,1,0,3.86,22,0,,,0,1,28,21,15,12,0,19,0,30,1,0,3,120,1.429,6.8,0,6.1,9.6,1.58,,player.fcgi?id=adams-000jes
Jeff Burke,21,2014,Boston College,2,5,0.286,5.17,15,13,,,0,0,69.2,67,47,40,0,33,1,39,5,1,8,305,1.435,8.7,0,4.3,5,1.18,,player.fcgi?id=burke-002jef
Andrew Chin*,21,2014,Boston College,5,2,0.714,3.1,14,14,,,0,0,78.1,59,36,27,3,32,0,52,11,0,10,331,1.162,6.8,0.3,3.7,6,1.63,,player.fcgi?id=chin--000and
Justin Dunn,18,2014,Boston College,1,1,0.5,7.3,7,4,,,0,0,12.1,17,11,10,1,11,0,12,1,1,4,62,2.27,12.4,0.7,8,8.8,1.09,,player.fcgi?id=dunn--000jus
Luke Fernandes,20,2014,Boston College,3,2,0.6,3.71,21,0,,,0,0,34,34,17,14,1,12,2,20,8,0,4,155,1.353,9,0.3,3.2,5.3,1.67,,player.fcgi?id=fernan000luk
John Gorman,22,2014,Boston College,3,8,0.273,3.86,15,14,,,0,0,74.2,64,35,32,3,30,0,68,3,0,10,312,1.259,7.7,0.4,3.6,8.2,2.27,,player.fcgi?id=gorman000joh
Steve Green*,22,2014,Boston College,0,0,,3.75,17,0,,,0,1,12,13,9,5,1,6,2,10,5,0,3,56,1.583,9.8,0.8,4.5,7.5,1.67,,player.fcgi?id=green-009ste
Tyler Hinchliffe*,--,2014,Boston College,1,1,0.5,4.41,11,0,,,0,0,16.1,17,12,8,2,15,0,12,0,0,3,77,1.959,9.4,1.1,8.3,6.6,0.8,,player.fcgi?id=hinchl000tyl
Michael King,19,2014,Boston College,2,2,0.5,2.93,16,3,,,0,2,43,39,15,14,1,12,0,35,3,0,3,181,1.186,8.2,0.2,2.5,7.3,2.92,,player.fcgi?id=king--000mik
John Nicklas,20,2014,Boston College,1,2,0.333,7.91,20,0,,,0,4,19.1,27,18,17,1,8,0,17,4,0,3,99,1.81,12.6,0.5,3.7,7.9,2.13,,player.fcgi?id=nickla000joh
Nick Poore*,21,2014,Boston College,0,2,0,5.6,14,0,,,0,0,17.2,17,11,11,1,12,2,15,1,1,0,83,1.642,8.7,0.5,6.1,7.6,1.25,,player.fcgi?id=poore-000nic
Bobby Skogsbergh,--,2014,Boston College,4,0,1,2.22,19,0,,,0,0,24.1,27,8,6,0,12,1,11,4,0,2,113,1.603,10,0,4.4,4.1,0.92,,player.fcgi?id=skogsb000bob
Eric Stevens,22,2014,Boston College,0,4,0,5.91,15,5,,,0,0,42.2,45,40,28,3,21,1,19,9,0,6,201,1.547,9.5,0.6,4.4,4,0.9,,player.fcgi?id=steven000eri
Eric Stone,21,2014,Boston College,0,3,0,3.55,9,2,,,0,0,12.2,14,7,5,0,11,0,7,3,0,0,64,1.974,9.9,0,7.8,5,0.64,,player.fcgi?id=stone-002eri
Michael Strem,19,2014,Boston College,0,0,,12.46,5,0,,,0,0,4.1,13,6,6,0,1,1,5,1,0,0,28,3.231,27,0,2.1,10.4,5,,player.fcgi?id=strem-000mic
Jesse Adams*,21,2015,Boston College,2,3,0.4,3.05,19,8,,,0,1,62,46,25,21,8,26,0,70,3,0,5,260,1.161,6.7,1.2,3.8,10.2,2.69,,player.fcgi?id=adams-000jes
Jeff Burke,22,2015,Boston College,2,3,0.4,4.85,8,8,,,0,0,39,44,23,21,1,17,0,30,4,1,1,176,1.564,10.2,0.2,3.9,6.9,1.76,,player.fcgi?id=burke-002jef
Donovan Casey,19,2015,Boston College,0,0,,0,2,0,,,0,0,1.2,0,0,0,0,2,0,2,0,0,1,7,1.2,0,0,10.8,10.8,1,,player.fcgi?id=casey-000don
Kevin Connor*,--,2015,Boston College,0,0,,108,4,0,,,0,0,0.2,6,8,8,0,5,0,1,2,0,2,15,16.5,81,0,67.5,13.5,0.2,,player.fcgi?id=connor003kev
Justin Dunn,19,2015,Boston College,4,4,0.5,4.94,20,3,,,0,5,47.1,47,28,26,6,21,0,46,5,1,1,209,1.437,8.9,1.1,4,8.7,2.19,,player.fcgi?id=dunn--000jus
Kyle Dunster,18,2015,Boston College,0,0,,6.75,4,1,,,0,0,4,6,3,3,1,1,0,1,0,0,0,17,1.75,13.5,2.3,2.3,2.3,1,,player.fcgi?id=dunste000kyl
Luke Fernandes,21,2015,Boston College,1,0,1,8.44,10,0,,,0,0,10.2,14,13,10,2,6,0,7,2,0,0,56,1.875,11.8,1.7,5.1,5.9,1.17,,player.fcgi?id=fernan000luk
Travis Ferrick,23,2015,Boston College,0,0,,3,8,0,,,0,0,6,2,2,2,0,2,0,8,1,0,1,23,0.667,3,0,3,12,4,,player.fcgi?id=ferric000tra
Carmen Giampetruzzi*,18,2015,Boston College,0,0,,10.13,7,0,,,0,0,5.1,7,6,6,0,4,0,3,0,0,0,26,2.063,11.8,0,6.8,5.1,0.75,,player.fcgi?id=giampe000car
John Gorman,23,2015,Boston College,5,4,0.556,4.44,14,13,,,0,0,77,77,44,38,5,28,0,77,4,0,6,326,1.364,9,0.6,3.3,9,2.75,,player.fcgi?id=gorman000joh
Tyler Hinchliffe*,--,2015,Boston College,1,0,1,6.53,15,0,,,0,1,20.2,21,15,15,1,10,1,17,4,0,2,91,1.5,9.1,0.4,4.4,7.4,1.7,,player.fcgi?id=hinchl000tyl
Michael King,20,2015,Boston College,1,5,0.167,3.03,14,8,,,1,2,62.1,53,24,21,4,12,1,52,5,0,4,248,1.043,7.7,0.6,1.7,7.5,4.33,,player.fcgi?id=king--000mik
Trevor Massey,--,2015,Boston College,0,0,,7.71,6,0,,,0,0,4.2,7,6,4,0,2,1,5,2,0,0,24,1.929,13.5,0,3.9,9.6,2.5,,player.fcgi?id=massey000tre
Geoff Murphy,22,2015,Boston College,1,2,0.333,2.05,15,0,,,0,0,22,15,8,5,1,6,0,15,3,0,0,86,0.955,6.1,0.4,2.5,6.1,2.5,,player.fcgi?id=murphy003geo
John Nicklas,21,2015,Boston College,1,1,0.5,5.06,23,0,,,0,3,26.2,33,16,15,1,10,0,22,3,0,6,123,1.613,11.1,0.3,3.4,7.4,2.2,,player.fcgi?id=nickla000joh
Nick Poore*,22,2015,Boston College,3,3,0.5,4.62,16,7,,,0,0,39,35,22,20,3,16,0,38,2,0,5,166,1.308,8.1,0.7,3.7,8.8,2.38,,player.fcgi?id=poore-000nic
Brian Rapp,19,2015,Boston College,1,1,0.5,7,10,0,,,0,0,9,13,9,7,1,8,0,9,2,0,0,50,2.333,13,1,8,9,1.13,,player.fcgi?id=rapp--000bri
Bobby Skogsbergh,--,2015,Boston College,0,1,0,6,3,0,,,0,0,3,4,2,2,0,0,0,1,3,0,0,16,1.333,12,0,0,3,,,player.fcgi?id=skogsb000bob
Eric Stone,22,2015,Boston College,5,0,1,2.38,9,6,,,0,0,34,25,12,9,1,8,0,29,4,0,4,139,0.971,6.6,0.3,2.1,7.7,3.63,,player.fcgi?id=stone-002eri
Jesse Adams*,22,2016,Boston College,5,5,0.5,4.41,23,7,,0,0,6,51,39,28,25,3,28,2,38,4,1,6,224,1.314,6.9,0.5,4.9,6.7,1.36,,player.fcgi?id=adams-000jes
Donovan Casey,20,2016,Boston College,0,0,,1.17,8,0,,0,0,1,7.2,6,1,1,0,5,1,3,1,0,0,35,1.435,7,0,5.9,3.5,0.6,,player.fcgi?id=casey-000don
Kevin Connor*,--,2016,Boston College,0,0,,7.36,8,0,,0,0,0,3.2,4,3,3,1,0,0,5,3,0,0,18,1.091,9.8,2.5,0,12.3,,,player.fcgi?id=connor003kev
Justin Dunn,20,2016,Boston College,4,2,0.667,2.06,18,8,,1,0,2,65.2,52,17,15,3,18,0,72,4,3,2,267,1.066,7.1,0.4,2.5,9.9,4,,player.fcgi?id=dunn--000jus
Luke Fernandes,22,2016,Boston College,0,0,,0,1,0,,0,0,0,1,1,0,0,0,1,0,1,0,0,0,5,2,9,0,9,9,1,,player.fcgi?id=fernan000luk
Carmen Giampetruzzi*,19,2016,Boston College,0,1,0,15.43,4,0,,0,0,0,4.2,10,9,8,1,4,0,3,0,1,0,27,3,19.3,1.9,7.7,5.8,0.75,,player.fcgi?id=giampe000car
Sean Hughes,18,2016,Boston College,1,0,1,9,8,0,,0,0,0,5,4,5,5,0,9,0,7,1,0,4,29,2.6,7.2,0,16.2,12.6,0.78,,player.fcgi?id=hughes000sea
Michael King,21,2016,Boston College,8,4,0.667,3.29,17,16,,1,0,0,104,110,43,38,5,31,0,64,12,0,6,447,1.356,9.5,0.4,2.7,5.5,2.06,,player.fcgi?id=king--000mik
Thomas Lane,19,2016,Boston College,1,2,0.333,6.83,11,7,,0,0,0,29,31,22,22,2,16,0,16,5,0,4,135,1.621,9.6,0.6,5,5,1,,player.fcgi?id=lane--002tho
Dan Metzdorf*,20,2016,Boston College,0,0,,8,17,1,,0,0,0,9,14,11,8,0,8,0,10,2,1,2,51,2.444,14,0,8,10,1.25,,player.fcgi?id=metzdo000dan
Jack Nelson,19,2016,Boston College,2,0,1,4.2,9,0,,0,0,0,15,17,7,7,1,4,0,12,2,0,1,67,1.4,10.2,0.6,2.4,7.2,3,,player.fcgi?id=nelson006jac
John Nicklas,22,2016,Boston College,3,1,0.75,6.75,20,0,,0,0,0,24,16,19,18,3,13,1,23,3,0,0,102,1.208,6,1.1,4.9,8.6,1.77,,player.fcgi?id=nickla000joh
Brian Rapp,20,2016,Boston College,3,2,0.6,5.67,20,1,,0,0,1,27,25,20,17,1,17,1,39,6,3,7,130,1.556,8.3,0.3,5.7,13,2.29,,player.fcgi?id=rapp--000bri
Bobby Skogsbergh,--,2016,Boston College,1,1,0.5,2.61,24,0,,0,0,4,38,32,14,11,2,11,0,28,3,1,2,154,1.132,7.6,0.5,2.6,6.6,2.55,,player.fcgi?id=skogsb000bob
Jacob Stevens,20,2016,Boston College,4,4,0.5,2.54,15,14,,0,0,0,74.1,61,26,21,4,33,0,70,12,0,2,322,1.265,7.4,0.5,4,8.5,2.12,,player.fcgi?id=steven004jac
Zach Stromberg*,19,2016,Boston College,1,0,1,3.49,17,3,,0,0,0,28.1,26,12,11,2,17,0,20,3,0,2,131,1.518,8.3,0.6,5.4,6.4,1.18,,player.fcgi?id=stromb000zac
John Witkowski,20,2016,Boston College,2,0,1,3.1,19,0,,0,0,0,20.1,16,8,7,0,8,0,20,3,0,1,83,1.18,7.1,0,3.5,8.9,2.5,,player.fcgi?id=witkow002joh
Jake Alu,20,2017,Boston College,0,0,,12.46,9,0,,0,0,0,8.2,13,12,12,1,5,1,8,5,0,0,48,2.077,13.5,1,5.2,8.3,1.6,,player.fcgi?id=alu---000jak
Mitch Bigras*,20,2017,Boston College,0,0,,0,5,0,,0,0,1,5.1,1,0,0,0,2,0,7,1,0,0,20,0.563,1.7,0,3.4,11.8,3.5,,player.fcgi?id=bigras000mit
Donovan Casey,21,2017,Boston College,5,2,0.714,2.84,23,0,,0,0,5,31.2,21,10,10,2,13,4,32,2,0,1,127,1.074,6,0.6,3.7,9.1,2.46,,player.fcgi?id=casey-000don
Jack Cunningham,19,2017,Boston College,1,0,1,5.12,15,0,,0,0,0,19.1,24,14,11,2,5,1,13,1,0,1,88,1.5,11.2,0.9,2.3,6.1,2.6,,player.fcgi?id=cunnin002jac
Luke Fernandes,23,2017,Boston College,0,0,,8.71,9,0,,0,0,0,10.1,9,10,10,2,7,0,6,2,0,0,49,1.548,7.8,1.7,6.1,5.2,0.86,,player.fcgi?id=fernan000luk
Carmen Giampetruzzi*,20,2017,Boston College,1,1,0.5,3.66,16,1,,0,0,0,19.2,19,8,8,4,10,0,21,2,3,2,86,1.475,8.7,1.8,4.6,9.6,2.1,,player.fcgi?id=giampe000car
Matt Gill,19,2017,Boston College,1,4,0.2,10.47,6,4,,0,0,0,16.1,18,21,19,0,21,1,6,5,0,2,92,2.388,9.9,0,11.6,3.3,0.29,,player.fcgi?id=gill--000mat
Sean Hughes,19,2017,Boston College,0,0,,16.62,7,0,,0,0,0,4.1,4,9,8,0,11,0,4,3,0,1,31,3.462,8.3,0,22.8,8.3,0.36,,player.fcgi?id=hughes000sea
Dan Metzdorf*,21,2017,Boston College,4,6,0.4,5.06,16,15,,0,0,0,80,84,51,45,7,30,0,48,9,5,7,361,1.425,9.5,0.8,3.4,5.4,1.6,,player.fcgi?id=metzdo000dan
Jack Nelson,20,2017,Boston College,4,1,0.8,2.41,15,6,,0,0,0,37.1,27,16,10,4,14,0,26,1,1,3,151,1.098,6.5,1,3.4,6.3,1.86,,player.fcgi?id=nelson006jac
Brian Rapp,21,2017,Boston College,3,3,0.5,4.9,14,10,,1,1,0,71.2,68,45,39,1,33,1,56,9,2,10,320,1.409,8.5,0.1,4.1,7,1.7,,player.fcgi?id=rapp--000bri
Bobby Skogsbergh,--,2017,Boston College,0,2,0,12.91,9,0,,0,0,0,7.2,19,12,11,1,5,0,4,2,0,1,47,3.13,22.3,1.2,5.9,4.7,0.8,,player.fcgi?id=skogsb000bob
Jacob Stevens,21,2017,Boston College,5,7,0.417,5.1,16,16,,0,0,0,83,84,50,47,8,42,0,73,9,1,11,368,1.518,9.1,0.9,4.6,7.9,1.74,,player.fcgi?id=steven004jac
Michael Strem,22,2017,Boston College,0,0,,9,2,0,,0,0,0,2,3,2,2,1,1,0,1,0,0,1,9,2,13.5,4.5,4.5,4.5,1,,player.fcgi?id=strem-000mic
Zach Stromberg*,20,2017,Boston College,0,1,0,5.79,16,1,,0,0,0,23.1,22,17,15,3,15,1,21,5,1,5,113,1.586,8.5,1.2,5.8,8.1,1.4,,player.fcgi?id=stromb000zac
John Witkowski,21,2017,Boston College,1,1,0.5,6.06,19,0,,0,0,1,32.2,36,23,22,5,19,1,15,6,0,3,144,1.684,9.9,1.4,5.2,4.1,0.79,,player.fcgi?id=witkow002joh
Mitch Bigras*,21,2018,Boston College,0,0,,11.57,3,0,,0,0,0,2.1,3,3,3,1,1,0,1,1,0,0,12,1.714,11.6,3.9,3.9,3.9,1,,player.fcgi?id=bigras000mit
Jack Cunningham,20,2018,Boston College,0,0,,inf,1,0,,0,0,0,0,1,5,5,0,0,0,0,4,0,0,5,,,,,,,,player.fcgi?id=cunnin002jac
Carmen Giampetruzzi*,21,2018,Boston College,0,0,,22.5,4,0,,0,0,0,2,2,5,5,0,5,2,4,0,0,0,13,3.5,9,0,22.5,18,0.8,,player.fcgi?id=giampe000car
Matt Gill,20,2018,Boston College,1,1,0.5,3.6,14,6,,0,0,0,40,47,16,16,1,15,1,15,4,0,3,178,1.55,10.6,0.2,3.4,3.4,1,,player.fcgi?id=gill--000mat
Will Hesslink*,--,2018,Boston College,0,0,,6.17,9,0,,0,0,0,11.2,9,9,8,0,8,1,12,0,0,2,50,1.457,6.9,0,6.2,9.3,1.5,,player.fcgi?id=hessli000wil
Jack Hodgson,--,2018,Boston College,0,0,,0,3,0,,0,0,0,2.1,0,0,0,0,4,1,1,1,0,0,13,1.714,0,0,15.4,3.9,0.25,,player.fcgi?id=hodgso000jac
Sean Hughes,20,2018,Boston College,1,0,1,3.24,20,0,,0,0,0,16.2,17,7,6,1,18,1,21,6,0,4,89,2.1,9.2,0.5,9.7,11.3,1.17,,player.fcgi?id=hughes000sea
Thomas Lane,21,2018,Boston College,3,5,0.375,4.53,30,0,,0,0,3,45.2,25,30,23,5,33,1,27,7,0,9,204,1.27,4.9,1,6.5,5.3,0.82,,player.fcgi?id=lane--002tho
Dan Metzdorf*,22,2018,Boston College,1,8,0.111,5.74,13,13,,0,0,0,69,77,47,44,5,30,0,61,10,2,11,314,1.551,10,0.7,3.9,8,2.03,,player.fcgi?id=metzdo000dan
Jack Nelson,21,2018,Boston College,1,1,0.5,5.53,11,5,,0,0,0,27.2,29,19,17,2,15,0,16,4,0,2,126,1.59,9.4,0.7,4.9,5.2,1.07,,player.fcgi?id=nelson006jac
Brian Rapp,22,2018,Boston College,3,5,0.375,3.57,12,12,,0,0,0,70.2,48,30,28,4,37,0,74,2,4,4,294,1.203,6.1,0.5,4.7,9.4,2,,player.fcgi?id=rapp--000bri
Brendan Spagnuolo,22,2018,Boston College,0,2,0,46.29,5,0,,0,0,0,2.1,10,13,12,1,4,0,0,2,0,1,24,6,38.6,3.9,15.4,0,0,,player.fcgi?id=spagnu000bre
Jacob Stevens,22,2018,Boston College,3,7,0.3,4.84,13,13,,1,0,0,70.2,66,41,38,6,37,0,70,3,0,5,311,1.458,8.4,0.8,4.7,8.9,1.89,,player.fcgi?id=steven004jac
Zach Stromberg*,21,2018,Boston College,2,0,1,2.96,22,0,,0,0,0,27.1,28,14,9,1,15,0,28,3,1,2,125,1.573,9.2,0.3,4.9,9.2,1.87,,player.fcgi?id=stromb000zac
Joey Walsh*,20,2018,Boston College,2,1,0.667,6.68,18,0,,0,0,0,32.1,40,27,24,3,17,2,27,7,0,5,158,1.763,11.1,0.8,4.7,7.5,1.59,,player.fcgi?id=walsh-005joe
John Witkowski,22,2018,Boston College,0,2,0,7.2,17,0,,0,0,2,25,39,25,20,5,9,0,23,2,0,7,129,1.92,14,1.8,3.2,8.3,2.56,,player.fcgi?id=witkow002joh
Nick Couhig,20,2019,Boston College,0,0,,6.75,3,0,,0,0,0,4,5,3,3,0,2,0,1,0,1,1,17,1.75,11.3,0,4.5,2.3,0.5,,player.fcgi?id=couhig000nic
Matt Gill,21,2019,Boston College,3,3,0.5,6.9,29,9,,0,0,6,60,77,51,46,6,28,2,35,6,2,5,287,1.75,11.6,0.9,4.2,5.3,1.25,,player.fcgi?id=gill--000mat
Will Hesslink*,--,2019,Boston College,0,1,0,12.86,13,0,,0,0,0,7,13,11,10,0,7,1,7,2,1,1,42,2.857,16.7,0,9,9,1,,player.fcgi?id=hessli000wil
Sean Hughes,21,2019,Boston College,0,1,0,8.78,19,0,,0,0,0,13.1,12,15,13,0,16,2,23,1,1,0,66,2.1,8.1,0,10.8,15.5,1.44,,player.fcgi?id=hughes000sea
Thomas Lane,22,2019,Boston College,4,1,0.8,5.05,37,0,,0,0,2,41,37,24,23,0,30,3,48,7,0,16,194,1.634,8.1,0,6.6,10.5,1.6,,player.fcgi?id=lane--002tho
Travis Lane,19,2019,Boston College,1,0,1,3.9,20,1,,0,0,1,30,25,16,13,1,31,0,22,2,1,3,141,1.867,7.5,0.3,9.3,6.6,0.71,,player.fcgi?id=lane--002tra
Joey Mancini,19,2019,Boston College,3,6,0.333,5.94,22,10,,0,0,0,53,53,39,35,6,22,0,31,6,0,2,237,1.415,9,1,3.7,5.3,1.41,,player.fcgi?id=mancin000joe
Michael Marzonie,--,2019,Boston College,0,2,0,6.48,9,1,,0,0,0,16.2,21,13,12,1,8,0,11,3,1,2,82,1.74,11.3,0.5,4.3,5.9,1.38,,player.fcgi?id=marzon000mic
Dan Metzdorf*,23,2019,Boston College,8,2,0.8,2.3,12,12,,1,0,0,82.1,59,26,21,2,32,0,72,5,0,4,330,1.105,6.4,0.2,3.5,7.9,2.25,,player.fcgi?id=metzdo000dan
Jack Nelson,22,2019,Boston College,1,0,1,7.94,6,1,,0,0,0,11.1,18,11,10,1,4,0,7,0,0,2,57,1.941,14.3,0.8,3.2,5.6,1.75,,player.fcgi?id=nelson006jac
Mason Pelio,18,2019,Boston College,4,3,0.571,3.63,13,13,,0,0,0,72,49,36,29,4,37,1,62,13,2,2,304,1.194,6.1,0.5,4.6,7.8,1.68,,player.fcgi?id=pelio-000mas
Emmet Sheehan,19,2019,Boston College,1,0,1,4.5,12,1,,0,0,0,14,11,7,7,0,20,0,21,4,0,3,75,2.214,7.1,0,12.9,13.5,1.05,,player.fcgi?id=sheeha000emm
Ryan Smith*,20,2019,Boston College,0,0,,15,4,0,,0,0,0,3,4,5,5,1,4,0,1,0,0,2,16,2.667,12,3,12,3,0.25,,player.fcgi?id=smith-022rya
Zach Stromberg*,22,2019,Boston College,0,1,0,5.24,15,2,,0,0,0,22.1,28,15,13,0,20,0,22,2,0,1,112,2.149,11.3,0,8.1,8.9,1.1,,player.fcgi?id=stromb000zac
Joey Walsh*,21,2019,Boston College,5,6,0.455,6.35,29,5,,0,0,2,56.2,66,48,40,2,31,3,49,8,0,6,273,1.712,10.5,0.3,4.9,7.8,1.58,,player.fcgi?id=walsh-005joe
John Witkowski,23,2019,Boston College,1,1,0.5,7.39,18,3,,0,0,3,28,36,25,23,1,5,1,29,4,0,2,129,1.464,11.6,0.3,1.6,9.3,5.8,,player.fcgi?id=witkow002joh
Dan Baruch*,19,2020,Boston College,1,0,1,2.08,3,0,,0,0,0,4.1,3,3,1,0,6,0,4,1,0,0,22,2.077,6.2,0,12.5,8.3,0.67,,player.fcgi?id=baruch000dan
Jon Campbell,19,2020,Boston College,1,2,0.333,4.76,6,0,,0,0,0,5.2,6,4,3,0,2,0,2,2,0,0,26,1.412,9.5,0,3.2,3.2,1,,player.fcgi?id=campbe001jon
Nick Couhig,21,2020,Boston College,0,0,,0,1,0,,0,0,0,2,1,0,0,0,2,0,1,0,0,0,8,1.5,4.5,0,9,4.5,0.5,,player.fcgi?id=couhig000nic
Will Hesslink*,--,2020,Boston College,0,0,,10.8,6,0,,0,0,0,6.2,8,8,8,2,7,1,3,0,0,2,35,2.25,10.8,2.7,9.5,4.1,0.43,,player.fcgi?id=hessli000wil
Joey Mancini,20,2020,Boston College,1,2,0.333,7.71,4,4,,0,0,0,18.2,26,24,16,5,15,0,12,2,0,3,99,2.196,12.5,2.4,7.2,5.8,0.8,,player.fcgi?id=mancin000joe
Michael Marzonie,--,2020,Boston College,0,0,,4.35,8,0,,0,0,0,10.1,12,6,5,1,6,1,10,0,0,5,50,1.742,10.5,0.9,5.2,8.7,1.67,,player.fcgi?id=marzon000mic
Brian McMonagle,19,2020,Boston College,1,0,1,3.6,5,0,,0,0,1,5,9,2,2,0,0,0,2,0,0,0,24,1.8,16.2,0,0,3.6,,,player.fcgi?id=mcmona000bri
Evan Moore,19,2020,Boston College,0,0,,3.18,3,1,,0,0,0,5.2,9,2,2,0,1,0,8,2,0,3,29,1.765,14.3,0,1.6,12.7,8,,player.fcgi?id=moore-001eva
Mason Pelio,19,2020,Boston College,1,2,0.333,4.09,4,4,,0,0,0,22,22,14,10,3,10,0,19,4,0,5,104,1.455,9,1.2,4.1,7.8,1.9,,player.fcgi?id=pelio-000mas
Zach Pitzl,20,2020,Boston College,0,0,,33.75,1,0,,0,0,0,1.1,6,5,5,0,3,0,1,0,0,0,13,6.75,40.5,0,20.3,6.8,0.33,,player.fcgi?id=pitzl-000zac
Emmet Sheehan,20,2020,Boston College,1,1,0.5,8.16,4,4,,0,0,0,14.1,18,13,13,0,14,0,15,3,0,2,77,2.233,11.3,0,8.8,9.4,1.07,,player.fcgi?id=sheeha000emm
Samrath Singh*,19,2020,Boston College,0,0,,0,1,0,,0,0,0,1,1,0,0,0,1,0,1,0,0,0,5,2,9,0,9,9,1,,player.fcgi?id=singh-000sam
Ryan Smith*,21,2020,Boston College,0,0,,3.6,5,0,,0,0,1,5,3,3,2,0,2,0,5,2,0,1,22,1,5.4,0,3.6,9,2.5,,player.fcgi?id=smith-022rya
Barry Walsh,19,2020,Boston College,0,0,,12.6,4,0,,0,0,0,5,6,7,7,0,3,0,5,2,0,1,26,1.8,10.8,0,5.4,9,1.67,,player.fcgi?id=walsh-000bar
Joey Walsh*,22,2020,Boston College,0,2,0,3.26,7,2,,0,0,0,19.1,16,11,7,0,16,1,8,1,0,2,86,1.655,7.4,0,7.4,3.7,0.5,,player.fcgi?id=walsh-005joe
Dan Baruch*,20,2021,Boston College,0,0,,16.88,5,0,,0,0,0,2.2,4,5,5,0,4,0,3,0,0,2,16,3,13.5,0,13.5,10.1,0.75,,player.fcgi?id=baruch000dan
Jon Campbell,20,2021,Boston College,0,1,0,9,5,0,,0,0,0,6,9,7,6,2,7,0,5,2,1,1,37,2.667,13.5,3,10.5,7.5,0.71,,player.fcgi?id=campbe001jon
Charlie Coon*,19,2021,Boston College,1,2,0.333,4.55,20,0,,0,0,2,31.2,28,17,16,1,14,0,36,6,0,1,141,1.326,8,0.3,4,10.2,2.57,,player.fcgi?id=coon--000cha
Max Gieg,20,2021,Boston College,0,2,0,8.31,12,0,,0,0,1,17.1,24,16,16,0,12,0,9,5,0,1,89,2.077,12.5,0,6.2,4.7,0.75,,player.fcgi?id=gieg--000max
Will Hesslink*,--,2021,Boston College,0,0,,7.71,4,0,,0,0,0,2.1,1,2,2,1,1,0,4,1,0,1,10,0.857,3.9,3.9,3.9,15.4,4,,player.fcgi?id=hessli000wil
Brad Lombardi,19,2021,Boston College,0,0,,6.75,2,0,,0,0,0,1.1,3,3,1,1,0,0,1,0,0,1,8,2.25,20.3,6.8,0,6.8,,,player.fcgi?id=lombar001bra
Joey Mancini,21,2021,Boston College,1,1,0.5,7.38,16,5,,0,0,0,39,47,32,32,6,21,0,25,7,0,3,189,1.744,10.8,1.4,4.8,5.8,1.19,,player.fcgi?id=mancin000joe
Michael Marzonie,--,2021,Boston College,0,0,,16.2,3,0,,0,0,0,1.2,2,3,3,0,2,0,2,3,0,0,11,2.4,10.8,0,10.8,10.8,1,,player.fcgi?id=marzon000mic
Brian McMonagle,20,2021,Boston College,0,0,,10.13,3,0,,0,0,1,2.2,6,3,3,1,1,0,2,0,0,0,15,2.625,20.3,3.4,3.4,6.8,2,,player.fcgi?id=mcmona000bri
Mason Pelio,20,2021,Boston College,3,8,0.273,6.65,14,14,,0,0,0,65,72,50,48,6,45,0,54,9,0,10,314,1.8,10,0.8,6.2,7.5,1.2,,player.fcgi?id=pelio-000mas
Joey Ryan,20,2021,Boston College,3,0,1,8.14,13,3,,0,0,0,24.1,34,24,22,4,11,0,17,9,1,0,125,1.849,12.6,1.5,4.1,6.3,1.55,,player.fcgi?id=ryan--004joe
Emmet Sheehan,21,2021,Boston College,5,5,0.5,4.23,13,13,,0,0,0,76.2,63,39,36,7,34,0,106,13,0,2,333,1.265,7.4,0.8,4,12.4,3.12,,player.fcgi?id=sheeha000emm
Samrath Singh*,20,2021,Boston College,0,0,,0,2,0,,0,0,0,2,2,0,0,0,1,0,3,0,0,0,9,1.5,9,0,4.5,13.5,3,,player.fcgi?id=singh-000sam
Ryan Smith*,22,2021,Boston College,0,0,,inf,1,0,,0,0,0,0,1,1,1,0,0,0,0,0,0,1,1,,,,,,,,player.fcgi?id=smith-022rya
Alex Stiegler,23,2021,Boston College,4,3,0.571,4.99,17,8,,0,0,1,70.1,85,39,39,6,20,2,73,8,0,5,314,1.493,10.9,0.8,2.6,9.3,3.65,,player.fcgi?id=stiegl000ale
Joe Vetrano*,19,2021,Boston College,1,3,0.25,4.14,18,5,,0,0,1,37,47,20,17,4,18,1,24,0,0,2,176,1.757,11.4,1,4.4,5.8,1.33,,player.fcgi?id=vetran000joe
Joey Walsh*,23,2021,Boston College,2,3,0.4,5.71,20,1,,0,0,4,41,43,32,26,3,23,2,47,6,0,2,194,1.61,9.4,0.7,5,10.3,2.04,,player.fcgi?id=walsh-005joe
John West,19,2021,Boston College,1,0,1,7.45,10,0,,0,0,0,9.2,15,12,8,1,13,0,11,1,0,7,56,2.897,14,0.9,12.1,10.2,0.85,,player.fcgi?id=west--005joh
Jon Campbell,21,2022,Boston College,0,0,,0,3,0,,0,0,0,2.2,0,0,0,0,3,0,5,2,0,2,12,1.125,0,0,10.1,16.9,1.67,,player.fcgi?id=campbe001jon
Brendan Coffey,24,2022,Boston College,1,2,0.333,2.48,20,0,,0,0,4,29,24,15,8,1,12,0,31,3,1,3,119,1.241,7.4,0.3,3.7,9.6,2.58,,player.fcgi?id=coffey000bre
Charlie Coon*,20,2022,Boston College,1,0,1,8.02,23,0,,0,0,0,21.1,33,25,19,3,10,1,22,4,0,3,111,2.016,13.9,1.3,4.2,9.3,2.2,,player.fcgi?id=coon--000cha
Aidan Crowley,20,2022,Boston College,0,0,,23.14,5,0,,0,0,0,2.1,1,7,6,1,5,0,1,2,0,1,15,2.571,3.9,3.9,19.3,3.9,0.2,,player.fcgi?id=crowle000aid
Luke Delongchamp,19,2022,Boston College,2,2,0.5,6.83,9,6,,0,0,0,27.2,29,23,21,5,12,0,16,4,0,3,125,1.482,9.4,1.6,3.9,5.2,1.33,,player.fcgi?id=delong000luk
Liam Dvorak,23,2022,Boston College,0,0,,3,6,1,,0,0,0,6,2,2,2,0,6,0,4,0,0,2,25,1.333,3,0,9,6,0.67,,player.fcgi?id=dvorak000lia
Max Gieg,21,2022,Boston College,4,2,0.667,2.78,15,7,,0,0,0,22.2,14,11,7,1,19,1,26,6,0,1,107,1.456,5.6,0.4,7.5,10.3,1.37,,player.fcgi?id=gieg--000max
Sean Hard,19,2022,Boston College,0,5,0,12.12,15,9,,0,0,0,32.2,45,47,44,6,29,0,43,12,0,7,186,2.265,12.4,1.7,8,11.8,1.48,,player.fcgi?id=hard--000sea
Travis Lane,22,2022,Boston College,0,0,,22.5,2,0,,0,0,0,2,3,5,5,0,4,0,0,0,0,1,12,3.5,13.5,0,18,0,0,,player.fcgi?id=lane--002tra
Henry Leake,23,2022,Boston College,2,3,0.4,6.27,18,6,,0,0,1,51.2,61,39,36,8,15,1,54,3,0,3,234,1.471,10.6,1.4,2.6,9.4,3.6,,player.fcgi?id=leake-000hen
Brad Lombardi,20,2022,Boston College,0,0,,13.5,6,0,,0,0,0,3.1,7,5,5,1,3,0,0,0,1,0,20,3,18.9,2.7,8.1,0,0,,player.fcgi?id=lombar001bra
Joey Mancini,22,2022,Boston College,4,4,0.5,4.7,13,13,,1,0,0,76.2,74,48,40,14,24,0,63,2,0,6,325,1.278,8.7,1.6,2.8,7.4,2.63,,player.fcgi?id=mancin000joe
Brian McMonagle,21,2022,Boston College,0,0,,8.22,8,0,,0,0,0,7.2,12,7,7,2,3,0,7,1,0,1,38,1.957,14.1,2.3,3.5,8.2,2.33,,player.fcgi?id=mcmona000bri
Evan Moore,21,2022,Boston College,0,1,0,7.41,13,0,,0,0,0,17,23,16,14,1,8,0,22,4,0,2,87,1.824,12.2,0.5,4.2,11.6,2.75,,player.fcgi?id=moore-001eva
Matt Nunan*,19,2022,Boston College,0,1,0,5.79,16,0,,0,0,0,18.2,24,17,12,1,6,0,20,3,2,1,90,1.607,11.6,0.5,2.9,9.6,3.33,,player.fcgi?id=nunan-000mat
Mason Pelio,21,2022,Boston College,1,3,0.25,9.16,13,6,,0,0,0,18.2,27,25,19,2,20,1,21,1,0,2,104,2.518,13,1,9.6,10.1,1.05,,player.fcgi?id=pelio-000mas
Joey Ryan,21,2022,Boston College,2,3,0.4,8.63,21,0,,0,0,2,32.1,47,40,31,6,17,1,30,4,0,4,165,1.979,13.1,1.7,4.7,8.4,1.76,,player.fcgi?id=ryan--004joe
Eric Schroeder,19,2022,Boston College,0,6,0,7.53,19,3,,0,0,0,34.2,39,39,29,5,17,0,21,5,0,6,167,1.615,10.1,1.3,4.4,5.5,1.24,,player.fcgi?id=schroe000eri
Ryan Smith*,23,2022,Boston College,0,0,,6.75,4,0,,0,0,0,1.1,1,1,1,0,3,0,4,0,0,2,8,3,6.8,0,20.3,27,1.33,,player.fcgi?id=smith-022rya
Julian Tonghini,20,2022,Boston College,1,0,1,7.29,20,1,,0,0,1,21,23,18,17,0,14,1,17,3,1,5,103,1.762,9.9,0,6,7.3,1.21,,player.fcgi?id=tonghi000jul
Joe Vetrano*,20,2022,Boston College,0,1,0,45,3,0,,0,0,0,1,5,5,5,3,3,1,0,1,0,0,11,8,45,27,27,0,0,,player.fcgi?id=vetran000joe
John West,20,2022,Boston College,1,1,0.5,10.36,19,1,,0,0,1,33,49,41,38,7,23,0,31,1,0,2,165,2.182,13.4,1.9,6.3,8.5,1.35,,player.fcgi?id=west--005joh
Bobby Chicoine,19,2023,Boston College,1,0,1,3,4,3,,0,0,0,12,11,4,4,1,6,0,9,3,0,0,53,1.417,8.3,0.8,4.5,6.8,1.5,,player.fcgi?id=chicoi000bob
A.J. Colarusso*,19,2023,Boston College,1,1,0.5,8.44,10,5,,0,0,1,21.1,32,24,20,2,8,0,15,1,0,1,106,1.875,13.5,0.8,3.4,6.3,1.88,,player.fcgi?id=colaru000aj-
Charlie Coon*,21,2023,Boston College,1,0,1,7,17,0,,0,0,0,18,25,14,14,3,4,0,25,0,0,1,82,1.611,12.5,1.5,2,12.5,6.25,,player.fcgi?id=coon--000cha
Aidan Crowley,21,2023,Boston College,0,0,,0,1,0,,0,0,0,1,1,0,0,0,1,0,3,0,0,0,5,2,9,0,9,27,3,,player.fcgi?id=crowle000aid
Luke Delongchamp,20,2023,Boston College,1,0,1,11,5,2,,0,0,0,9,20,13,11,1,3,0,7,2,0,1,53,2.556,20,1,3,7,2.33,,player.fcgi?id=delong000luk
Chris Flynn,23,2023,Boston College,7,3,0.7,4.34,16,16,,0,0,0,74.2,76,41,36,6,34,0,84,4,0,8,333,1.473,9.2,0.7,4.1,10.1,2.47,,player.fcgi?id=flynn-000chr
Sean Hard,20,2023,Boston College,0,0,,9.58,10,1,,0,0,0,10.1,15,11,11,3,12,0,16,2,0,2,59,2.613,13.1,2.6,10.5,13.9,1.33,,player.fcgi?id=hard--000sea
Travis Lane,23,2023,Boston College,0,0,,16.2,3,0,,0,0,0,1.2,5,3,3,1,1,0,2,1,0,1,13,3.6,27,5.4,5.4,10.8,2,,player.fcgi?id=lane--002tra
Henry Leake,24,2023,Boston College,5,5,0.5,5.85,18,11,,0,0,0,64.2,78,42,42,8,19,0,63,7,0,8,286,1.5,10.9,1.1,2.6,8.8,3.32,,player.fcgi?id=leake-000hen
Brad Lombardi,21,2023,Boston College,0,0,,12,4,0,,0,0,0,3,6,4,4,2,5,0,3,0,0,0,19,3.667,18,6,15,9,0.6,,player.fcgi?id=lombar001bra
Brian McMonagle,22,2023,Boston College,1,0,1,54,2,0,,0,0,0,0.1,4,2,2,1,0,0,0,0,0,1,5,12,108,27,0,0,,,player.fcgi?id=mcmona000bri
Evan Moore,22,2023,Boston College,1,0,1,12.27,3,0,,0,0,0,3.2,4,5,5,2,3,0,1,0,0,0,18,1.909,9.8,4.9,7.4,2.5,0.33,,player.fcgi?id=moore-001eva
Ian Murphy,22,2023,Boston College,0,1,0,4.5,19,1,,0,0,1,28,25,14,14,2,15,1,26,5,0,4,127,1.429,8,0.6,4.8,8.4,1.73,,player.fcgi?id=murphy000ian
Matt Nunan*,20,2023,Boston College,2,0,1,8.76,18,1,,0,0,0,24.2,29,24,24,6,6,0,25,4,0,1,108,1.419,10.6,2.2,2.2,9.1,4.17,,player.fcgi?id=nunan-000mat
Andrew Roman,24,2023,Boston College,3,1,0.75,2.93,23,1,,0,0,9,43,37,15,14,1,10,1,38,8,1,0,177,1.093,7.7,0.2,2.1,8,3.8,,player.fcgi?id=roman-000and
Joey Ryan,22,2023,Boston College,1,1,0.5,5.57,24,0,,0,0,3,32.1,34,21,20,4,12,0,45,4,0,3,144,1.423,9.5,1.1,3.3,12.5,3.75,,player.fcgi?id=ryan--004joe
Eric Schroeder,20,2023,Boston College,6,4,0.6,5.37,24,3,,0,0,0,62,68,38,37,9,17,1,43,4,0,3,269,1.371,9.9,1.3,2.5,6.2,2.53,,player.fcgi?id=schroe000eri
Julian Tonghini,21,2023,Boston College,2,1,0.667,3.81,19,0,,0,0,2,28.1,25,14,12,1,20,0,34,5,0,4,134,1.588,7.9,0.3,6.4,10.8,1.7,,player.fcgi?id=tonghi000jul
John West,21,2023,Boston College,5,3,0.625,4.5,17,13,,0,0,1,68,52,35,34,8,25,0,71,8,0,1,287,1.132,6.9,1.1,3.3,9.4,2.84,,player.fcgi?id=west--005joh
Bobby Chicoine,20,2024,Boston College,0,0,,0,4,2,,0,0,0,4,3,0,0,0,2,1,5,0,0,0,18,1.25,6.8,0,4.5,11.3,2.5,,player.fcgi?id=chicoi000bob
A.J. Colarusso*,20,2024,Boston College,3,8,0.273,7.2,14,14,,0,0,0,65,83,57,52,11,32,1,63,6,1,3,308,1.769,11.5,1.5,4.4,8.7,1.97,,player.fcgi?id=colaru000aj-
Charlie Coon*,22,2024,Boston College,0,1,0,7.8,20,0,,0,0,0,15,22,13,13,2,8,1,7,0,0,0,67,2,13.2,1.2,4.8,4.2,0.88,,player.fcgi?id=coon--000cha
Aidan Crowley,22,2024,Boston College,0,1,0,8.44,18,0,,0,0,0,16,10,16,15,2,20,1,23,6,1,1,82,1.875,5.6,1.1,11.3,12.9,1.15,,player.fcgi?id=crowle000aid
Michael Farinelli,25,2024,Boston College,0,6,0,5.76,18,10,,0,0,2,54.2,64,41,35,7,23,0,42,4,0,5,251,1.591,10.5,1.2,3.8,6.9,1.83,,player.fcgi?id=farine000mic
Jordan Fisse,21,2024,Boston College,3,1,0.75,6.3,22,1,,0,0,0,30,35,24,21,3,13,0,24,2,0,4,140,1.6,10.5,0.9,3.9,7.2,1.85,,player.fcgi?id=fisse-000jor
Sean Hard,21,2024,Boston College,0,0,,6.35,4,3,,0,0,0,5.2,5,4,4,1,6,0,9,3,0,0,31,1.941,7.9,1.6,9.5,14.3,1.5,,player.fcgi?id=hard--000sea
Gavin Hasche,19,2024,Boston College,1,0,1,12.19,15,0,,0,0,0,10.1,18,14,14,3,6,0,11,2,2,3,57,2.323,15.7,2.6,5.2,9.6,1.83,,player.fcgi?id=hasche000gav
Kyle Kipp,19,2024,Boston College,1,0,1,5.93,18,1,,0,0,1,27.1,34,22,18,1,19,1,25,3,0,1,135,1.939,11.2,0.3,6.3,8.2,1.32,,player.fcgi?id=kipp--000kyl
Travis Lane,24,2024,Boston College,1,0,1,6.23,20,0,,0,0,0,13,7,9,9,1,10,0,15,7,0,2,60,1.308,4.8,0.7,6.9,10.4,1.5,,player.fcgi?id=lane--002tra
Brad Lombardi,22,2024,Boston College,1,0,1,1,9,0,,0,0,0,9,5,1,1,1,1,0,5,1,0,0,33,0.667,5,1,1,5,5,,player.fcgi?id=lombar001bra
Stephen McLendon,--,2024,Boston College,0,1,0,13.5,6,0,,0,0,0,4,3,6,6,0,6,0,4,2,0,0,22,2.25,6.8,0,13.5,9,0.67,,player.fcgi?id=mclend000ste
Brian McMonagle,23,2024,Boston College,3,1,0.75,7.63,9,3,,0,0,0,15.1,22,17,13,4,12,0,10,1,0,2,80,2.217,12.9,2.3,7,5.9,0.83,,player.fcgi?id=mcmona000bri
Beck Milner,20,2024,Boston College,0,0,,11.45,11,0,,0,0,0,11,20,18,14,2,5,2,8,3,0,1,62,2.273,16.4,1.6,4.1,6.5,1.6,,player.fcgi?id=milner000bec
Evan Moore,23,2024,Boston College,1,3,0.25,5.83,17,3,,0,0,0,29.1,36,24,19,1,19,0,30,0,0,3,137,1.875,11,0.3,5.8,9.2,1.58,,player.fcgi?id=moore-001eva
Tyler Mudd*,22,2024,Boston College,2,3,0.4,4,9,0,,0,0,1,27,21,12,12,4,11,0,30,1,0,1,115,1.185,7,1.3,3.7,10,2.73,,player.fcgi?id=mudd--000tyl
Matt Nunan*,21,2024,Boston College,0,1,0,20.25,4,2,,0,0,0,8,15,18,18,4,6,0,4,1,1,1,46,2.625,16.9,4.5,6.8,4.5,0.67,,player.fcgi?id=nunan-000mat
Eric Schroeder,21,2024,Boston College,5,1,0.833,6.69,20,0,,0,0,1,36.1,44,29,27,5,12,2,28,7,0,1,165,1.541,10.9,1.2,3,6.9,2.33,,player.fcgi?id=schroe000eri
John West,22,2024,Boston College,1,4,0.2,5.42,14,14,,0,0,0,78,91,54,47,8,30,1,66,15,1,12,370,1.551,10.5,0.9,3.5,7.6,2.2,,player.fcgi?id=west--005joh
Alex Bryant,23,2025,Boston College,0,0,,8.78,7,3,,0,0,0,13.1,12,14,13,2,8,0,12,2,0,2,62,1.5,8.1,1.4,5.4,8.1,1.5,,player.fcgi?id=bryant000ale
Jacob Burnham*,19,2025,Boston College,0,0,,6.08,11,3,,0,0,0,23.2,31,18,16,6,8,0,16,5,0,1,114,1.648,11.8,2.3,3,6.1,2,,player.fcgi?id=burnha000jac
Bobby Chicoine,21,2025,Boston College,0,2,0,8.68,6,2,,0,0,0,9.1,11,9,9,1,13,1,6,4,0,5,54,2.571,10.6,1,12.5,5.8,0.46,,player.fcgi?id=chicoi000bob
A.J. Colarusso*,21,2025,Boston College,1,6,0.143,4.89,19,15,,0,0,1,73.2,79,43,40,7,31,0,58,5,0,2,327,1.493,9.7,0.9,3.8,7.1,1.87,,player.fcgi?id=colaru000aj-
Joe Gold,21,2025,Boston College,0,0,,19.29,3,0,,0,0,0,2.1,6,5,5,0,1,0,2,1,0,1,15,3,23.1,0,3.9,7.7,2,,player.fcgi?id=gold--000joe
Cesar Gonzalez,19,2025,Boston College,2,1,0.667,6.14,11,0,,0,0,1,22,26,22,15,4,5,0,19,5,0,3,102,1.409,10.6,1.6,2,7.8,3.8,,player.fcgi?id=gonzal007ces
Aidan Harrington,22,2025,Boston College,0,0,,0,3,0,,0,0,0,1.2,1,2,0,0,1,0,2,1,0,0,9,1.2,5.4,0,5.4,10.8,2,,player.fcgi?id=harrin000aid
Dylan Howanitz,23,2025,Boston College,1,0,1,9,18,0,,0,0,1,9,18,11,9,2,5,0,7,3,0,0,50,2.556,18,2,5,7,1.4,,player.fcgi?id=howani000dyl
Kyle Kipp,20,2025,Boston College,4,3,0.571,8.48,17,8,,0,0,0,40.1,54,41,38,5,18,1,35,3,0,0,191,1.785,12,1.1,4,7.8,1.94,,player.fcgi?id=kipp--000kyl
John Kwiatkowski*,21,2025,Boston College,1,0,1,5.16,22,0,,0,0,0,22.2,21,14,13,1,10,0,17,5,0,4,103,1.368,8.3,0.4,4,6.8,1.7,,player.fcgi?id=kwiatk000joh
Karl Meyer,23,2025,Boston College,0,1,0,9.45,14,0,,0,0,0,13.1,23,14,14,0,9,0,8,2,0,1,70,2.4,15.5,0,6.1,5.4,0.89,,player.fcgi?id=meyer-000kar
Brady Miller*,20,2025,Boston College,4,1,0.8,4.27,16,12,,0,0,0,59,60,35,28,7,26,0,41,8,1,3,265,1.458,9.2,1.1,4,6.3,1.58,,player.fcgi?id=miller029bra
Tyler Mudd*,23,2025,Boston College,2,2,0.5,7.19,14,4,,0,0,0,41.1,48,34,33,6,24,1,37,5,0,9,197,1.742,10.5,1.3,5.2,8.1,1.54,,player.fcgi?id=mudd--000tyl
J.D. Ogden*,23,2025,Boston College,4,3,0.571,5.57,22,0,,0,0,0,42,39,28,26,3,25,1,41,7,0,6,189,1.524,8.4,0.6,5.4,8.8,1.64,,player.fcgi?id=ogden-000jd-
Joey Ryan,24,2025,Boston College,2,4,0.333,3.31,15,0,,0,0,6,32.2,30,13,12,3,5,1,37,6,0,1,136,1.071,8.3,0.8,1.4,10.2,7.4,,player.fcgi?id=ryan--004joe
Peter Schaefer,24,2025,Boston College,0,1,0,10.38,13,2,,0,0,0,17.1,27,20,20,2,16,0,22,5,0,1,96,2.481,14,1,8.3,11.4,1.38,,player.fcgi?id=schaef000pet
Eric Schroeder,22,2025,Boston College,2,4,0.333,6.89,16,8,,0,0,0,32.2,45,34,25,0,13,0,24,5,0,4,161,1.776,12.4,0,3.6,6.6,1.85,,player.fcgi?id=schroe000eri
Gavin Soares,19,2025,Boston College,4,1,0.8,2.16,16,0,,0,0,1,33.1,22,9,8,3,11,0,41,2,0,5,136,0.99,5.9,0.8,3,11.1,3.73,,player.fcgi?id=soares000gav
Matt Spada*,21,2025,Boston College,1,0,1,8.31,5,0,,0,0,0,4.1,4,4,4,1,2,0,3,0,0,1,18,1.385,8.3,2.1,4.2,6.2,1.5,,player.fcgi?id=spada-001mat
Lucas Alaniz,23,2025,California,1,0,1,12.46,8,0,,0,0,0,8.2,11,13,12,3,12,0,3,2,0,2,51,2.654,11.4,3.1,12.5,3.1,0.25,,player.fcgi?id=alaniz000luc
Tucker Bougie,22,2025,California,0,1,0,8.44,11,1,,0,0,0,10.2,15,12,10,2,8,0,10,4,0,3,58,2.156,12.7,1.7,6.8,8.4,1.25,,player.fcgi?id=bougie000tuc
Cole Clark,21,2025,California,1,1,0.5,4.91,11,0,,0,0,1,25.2,25,17,14,5,13,0,25,3,0,1,119,1.481,8.8,1.8,4.6,8.8,1.92,,player.fcgi?id=clark-007col
Oliver de la Torre,20,2025,California,3,4,0.429,5.01,14,7,,0,0,0,46.2,44,28,26,5,16,0,46,3,0,4,197,1.286,8.5,1,3.1,8.9,2.88,,player.fcgi?id=delato000oli
Spencer Dessart,22,2025,California,0,1,0,6.27,12,2,,0,0,1,18.2,18,14,13,4,12,0,16,1,0,3,89,1.607,8.7,1.9,5.8,7.7,1.33,,player.fcgi?id=dessar000spe
Gavin Eddy,20,2025,California,4,4,0.5,5.74,16,9,,0,0,0,58,52,41,37,15,32,0,50,6,1,7,265,1.448,8.1,2.3,5,7.8,1.56,,player.fcgi?id=eddy--000gav
Ethan Foley,22,2025,California,3,3,0.5,5.96,18,7,,0,0,0,48.1,58,39,32,9,15,0,56,5,0,4,217,1.51,10.8,1.7,2.8,10.4,3.73,,player.fcgi?id=foley-001eth
Jake Guardiancic,22,2025,California,0,0,,5.87,7,0,,0,0,0,7.2,5,5,5,1,6,0,6,3,0,0,35,1.435,5.9,1.2,7,7,1,,player.fcgi?id=guardi000jak
JJ Hollis,20,2025,California,0,1,0,6.28,8,3,,0,0,0,14.1,22,11,10,4,4,0,9,5,0,1,73,1.814,13.8,2.5,2.5,5.7,2.25,,player.fcgi?id=hollis000jj-
Jordy Lopez*,18,2025,California,1,0,1,8.31,14,1,,0,0,0,21.2,34,23,20,4,8,0,14,2,0,1,110,1.938,14.1,1.7,3.3,5.8,1.75,,player.fcgi?id=lopez-013jor
Logan Piper*,22,2025,California,1,0,1,5.17,22,1,,0,0,2,38.1,38,25,22,7,21,1,35,2,1,6,176,1.539,8.9,1.6,4.9,8.2,1.67,,player.fcgi?id=piper-001log
David Shaw*,23,2025,California,1,4,0.2,7.02,20,6,,0,0,0,50,55,43,39,8,32,0,51,12,0,5,248,1.74,9.9,1.4,5.8,9.2,1.59,,player.fcgi?id=shaw--000dav
Ryan Spalliero,21,2025,California,1,0,1,5.4,7,1,,0,0,0,6.2,10,8,4,0,8,0,10,4,0,3,43,2.7,13.5,0,10.8,13.5,1.25,,player.fcgi?id=spalli000rya
Kaden Taque,20,2025,California,0,1,0,5.19,9,0,,0,0,0,8.2,9,8,5,0,4,0,12,3,0,1,44,1.5,9.3,0,4.2,12.5,3,,player.fcgi?id=taque-000kad
Miles Tenscher,19,2025,California,0,0,,8.31,11,0,,0,0,0,8.2,4,8,8,0,12,0,8,2,1,4,43,1.846,4.2,0,12.5,8.3,0.67,,player.fcgi?id=tensch000mil
Cole Tremain,23,2025,California,4,6,0.4,3.38,24,6,,0,0,1,45.1,34,23,17,3,17,1,40,13,0,0,198,1.125,6.8,0.6,3.4,7.9,2.35,,player.fcgi?id=tremai000col
Austin Turkington,21,2025,California,4,5,0.444,5.27,11,11,,2,0,0,54.2,53,38,32,5,19,0,62,10,0,5,247,1.317,8.7,0.8,3.1,10.2,3.26,,player.fcgi?id=turkin000aus
Sander Beck,20,2011,Maryland,,,,5.59,,11,,,0,,58,62,49,36,,50,,58,,,,,1.931,9.6,,7.8,9,1.16,,player.fcgi?id=beck--000san
Michael Boyden,21,2011,Maryland,,,,6.3,,3,,,0,,30,35,22,21,,26,,30,,,,,2.033,10.5,,7.8,9,1.15,,player.fcgi?id=boyden000mic
Ben Brewster*,19,2011,Maryland,,,,10.13,,0,,,0,,5.1,7,6,6,,8,,3,,,,,2.813,11.8,,13.5,5.1,0.38,,player.fcgi?id=brewst000ben
David Carroll?,--,2011,Maryland,,,,4.6,,14,,,0,,76.1,83,45,39,,37,,40,,,,,1.572,9.8,,4.4,4.7,1.08,,player.fcgi?id=carrol002dav
Jeff Crosswhite?,--,2011,Maryland,,,,5.82,,0,,,0,,17,14,13,11,,8,,21,,,,,1.294,7.4,,4.2,11.1,2.63,,player.fcgi?id=crossw000jef
Blair Delean?,--,2011,Maryland,,,,6.91,,1,,,0,,27.1,31,24,21,,13,,18,,,,,1.61,10.2,,4.3,5.9,1.38,,player.fcgi?id=delean000bla
Chuck Ghysels,21,2011,Maryland,,,,5.47,,9,,,0,,51,51,32,31,,46,,59,,,,,1.902,9,,8.1,10.4,1.28,,player.fcgi?id=ghysel001chu
Charles Haslup,19,2011,Maryland,,,,3.66,,1,,,0,,32,23,14,13,,18,,19,,,,,1.281,6.5,,5.1,5.3,1.06,,player.fcgi?id=haslup000cha
Creighton Hoke?,--,2011,Maryland,,,,7.5,,0,,,0,,6,3,6,5,,10,,8,,,,,2.167,4.5,,15,12,0.8,,player.fcgi?id=hoke--000cre
Austin Kilbourne?,--,2011,Maryland,,,,4.5,,0,,,0,,2,2,1,1,,2,,1,,,,,2,9,,9,4.5,0.5,,player.fcgi?id=kilbou000aus
Brady Kirkpatrick,19,2011,Maryland,,,,5.64,,6,,,0,,59,61,42,37,,33,,56,,,,,1.593,9.3,,5,8.5,1.7,,player.fcgi?id=kirkpa000bra
Matt Lynch?,--,2011,Maryland,,,,5.4,,0,,,0,,3.1,4,2,2,,1,,0,,,,,1.5,10.8,,2.7,0,0,,player.fcgi?id=lynch-007mat
Michael Murphy?,--,2011,Maryland,,,,9,,0,,,0,,2,1,2,2,,3,,1,,,,,2,4.5,,13.5,4.5,0.33,,player.fcgi?id=murphy016mic
Eric Potter*,21,2011,Maryland,,,,4.68,,11,,,0,,67.1,48,38,35,,48,,68,,,,,1.426,6.4,,6.4,9.1,1.42,,player.fcgi?id=potter000eri
Jimmy Reed*,20,2011,Maryland,,,,4.76,,0,,,0,,34,38,23,18,,15,,33,,,,,1.559,10.1,,4,8.7,2.2,,player.fcgi?id=reed--003jam
Gary Schneider*,19,2011,Maryland,,,,0,,0,,,0,,3,2,0,0,,1,,3,,,,,1,6,,3,9,3,,player.fcgi?id=schnei002gar
Jake Stinnett,19,2011,Maryland,,,,3,,0,,,0,,6,4,2,2,,0,,4,,,,,0.667,6,,0,6,,,player.fcgi?id=stinne000jak
Korey Wacker?,--,2011,Maryland,,,,2.67,,0,,,0,,27,19,12,8,,18,,20,,,,,1.37,6.3,,6,6.7,1.11,,player.fcgi?id=wacker000kor
Sander Beck,21,2012,Maryland,6,2,0.75,2.87,14,9,,,0,0,53.1,51,20,17,2,26,0,42,6,1,5,230,1.444,8.6,0.3,4.4,7.1,1.62,,player.fcgi?id=beck--000san
William Bouey?,--,2012,Maryland,0,0,,2.45,7,0,,,0,0,11,8,4,3,0,2,0,5,1,1,0,45,0.909,6.5,0,1.6,4.1,2.5,,player.fcgi?id=bouey-000wil
Michael Boyden,22,2012,Maryland,2,3,0.4,3.35,21,6,,,0,1,51,37,20,19,1,27,0,50,4,1,6,214,1.255,6.5,0.2,4.8,8.8,1.85,,player.fcgi?id=boyden000mic
Ben Brewster*,20,2012,Maryland,0,0,,4.5,3,0,,,0,0,2,3,2,1,0,3,0,2,2,0,0,14,3,13.5,0,13.5,9,0.67,,player.fcgi?id=brewst000ben
David Carroll?,--,2012,Maryland,4,3,0.571,4.04,16,13,,,0,0,71.1,77,41,32,2,16,0,44,6,0,5,303,1.304,9.7,0.3,2,5.6,2.75,,player.fcgi?id=carrol002dav
Brett Harman,23,2012,Maryland,6,4,0.6,3.04,13,12,,,0,0,83,78,30,28,5,19,0,73,4,2,7,334,1.169,8.5,0.5,2.1,7.9,3.84,,player.fcgi?id=harman000bre
Charles Haslup,20,2012,Maryland,5,5,0.5,2.64,21,1,,,0,1,44.1,44,19,13,1,20,1,44,3,1,6,194,1.444,8.9,0.2,4.1,8.9,2.2,,player.fcgi?id=haslup000cha
Brady Kirkpatrick,20,2012,Maryland,3,4,0.429,3.04,11,9,,,0,0,50.1,41,26,17,1,32,1,31,5,3,2,227,1.45,7.3,0.2,5.7,5.5,0.97,,player.fcgi?id=kirkpa000bra
Jamie Pashuck*,20,2012,Maryland,0,0,,3.5,12,0,,,0,0,18,15,9,7,2,7,0,17,4,0,1,82,1.222,7.5,1,3.5,8.5,2.43,,player.fcgi?id=pashuc000jam
Jimmy Reed*,21,2012,Maryland,1,3,0.25,2.7,20,6,,,0,8,60,49,22,18,3,16,1,52,2,0,2,238,1.083,7.4,0.5,2.4,7.8,3.25,,player.fcgi?id=reed--003jam
Bobby Ruse,19,2012,Maryland,0,0,,15.43,3,0,,,0,0,2.1,4,4,4,0,2,0,2,0,0,0,13,2.571,15.4,0,7.7,7.7,1,,player.fcgi?id=ruse--000bob
Jake Stinnett,20,2012,Maryland,0,0,,3.38,8,0,,,0,0,13.1,12,6,5,0,12,0,13,3,0,3,64,1.8,8.1,0,8.1,8.8,1.08,,player.fcgi?id=stinne000jak
Korey Wacker?,--,2012,Maryland,5,0,1,3.33,20,0,,,0,2,24.1,18,10,9,0,13,0,21,4,0,0,107,1.274,6.7,0,4.8,7.8,1.62,,player.fcgi?id=wacker000kor
Ben Brewster*,21,2013,Maryland,0,0,,1.42,9,0,,,0,0,6.1,6,3,1,0,3,0,9,3,0,0,31,1.421,8.5,0,4.3,12.8,3,,player.fcgi?id=brewst000ben
Brandon Casas,18,2013,Maryland,3,2,0.6,3.22,21,0,,,0,1,44.2,48,16,16,2,10,0,24,1,0,2,185,1.299,9.7,0.4,2,4.8,2.4,,player.fcgi?id=casas-000bra
Jake Drossner*,19,2013,Maryland,2,0,1,6.14,13,6,,,0,0,36.2,42,30,25,3,19,1,23,1,0,6,170,1.664,10.3,0.7,4.7,5.6,1.21,,player.fcgi?id=drossn000jak
Rob Galligan*,19,2013,Maryland,0,0,,6.23,8,0,,,0,0,4.1,5,3,3,0,2,0,4,0,0,0,20,1.615,10.4,0,4.2,8.3,2,,player.fcgi?id=gallig000rob
Cam Hatch*,21,2013,Maryland,0,0,,1.59,6,0,,,0,0,5.2,5,1,1,0,5,0,3,1,0,0,27,1.765,7.9,0,7.9,4.8,0.6,,player.fcgi?id=hatch-000cam
Brady Kirkpatrick,21,2013,Maryland,3,7,0.3,5.52,13,11,,,0,0,60.1,56,39,37,5,33,0,35,4,0,3,266,1.475,8.4,0.7,4.9,5.2,1.06,,player.fcgi?id=kirkpa000bra
Kevin Mooney,18,2013,Maryland,3,2,0.6,2.18,28,3,,,0,9,41.1,30,13,10,2,26,0,33,6,0,3,182,1.355,6.5,0.4,5.7,7.2,1.27,,player.fcgi?id=mooney000kev
Jamie Pashuck*,21,2013,Maryland,0,0,,3.68,11,0,,,0,0,14.2,20,11,6,0,9,0,5,6,1,4,76,1.977,12.3,0,5.5,3.1,0.56,,player.fcgi?id=pashuc000jam
Jared Price,19,2013,Maryland,2,2,0.5,5.92,23,0,,,0,1,24.1,24,17,16,0,15,1,33,7,0,6,120,1.603,8.9,0,5.5,12.2,2.2,,player.fcgi?id=price-003jar
Jimmy Reed*,22,2013,Maryland,6,4,0.6,2.33,13,13,,,1,0,88.2,80,35,23,3,32,0,74,5,3,5,377,1.263,8.1,0.3,3.2,7.5,2.31,,player.fcgi?id=reed--003jam
Alex Robinson*,18,2013,Maryland,1,3,0.25,4.89,13,13,,,0,0,57,63,37,31,1,43,0,46,6,0,5,273,1.86,9.9,0.2,6.8,7.3,1.07,,player.fcgi?id=robins000ale
Bobby Ruse,20,2013,Maryland,4,0,1,3.93,21,0,,,0,0,36.2,36,19,16,0,16,0,23,3,0,1,160,1.418,8.8,0,3.9,5.6,1.44,,player.fcgi?id=ruse--000bob
Jake Stinnett,21,2013,Maryland,6,5,0.545,2.83,16,9,,,0,2,63.2,46,25,20,0,24,0,48,13,0,2,266,1.099,6.5,0,3.4,6.8,2,,player.fcgi?id=stinne000jak
Chase Tokunaga*,21,2013,Maryland,0,0,,27,2,0,,,0,0,0.1,1,2,1,0,1,0,0,2,0,1,6,6,27,0,27,0,0,,player.fcgi?id=tokuna000cha
LaMonte Wade Jr.*,19,2013,Maryland,0,0,,4.5,6,0,,,0,1,6,6,3,3,0,0,0,7,0,0,0,24,1,9,0,0,10.5,,,player.fcgi?id=wade--000lam
Ben Brewster*,22,2014,Maryland,0,0,,3,23,0,,,0,2,24,11,8,8,0,11,0,29,4,0,1,92,0.917,4.1,0,4.1,10.9,2.64,,player.fcgi?id=brewst000ben
Brandon Casas,19,2014,Maryland,0,1,0,7.27,13,0,,,0,0,17.1,19,14,14,0,9,0,12,0,0,2,80,1.615,9.9,0,4.7,6.2,1.33,,player.fcgi?id=casas-000bra
Jake Drossner*,20,2014,Maryland,4,1,0.8,2.45,13,12,,,0,0,62.1,55,22,17,2,23,0,59,3,0,5,263,1.251,7.9,0.3,3.3,8.5,2.57,,player.fcgi?id=drossn000jak
Rob Galligan*,20,2014,Maryland,0,1,0,9.95,6,0,,,0,0,6.1,9,7,7,0,2,0,6,1,0,1,32,1.737,12.8,0,2.8,8.5,3,,player.fcgi?id=gallig000rob
Kevin Mooney,19,2014,Maryland,1,2,0.333,4.33,26,1,,,0,13,35.1,36,24,17,2,18,2,45,4,1,4,166,1.528,9.2,0.5,4.6,11.5,2.5,,player.fcgi?id=mooney000kev
Zach Morris*,21,2014,Maryland,2,1,0.667,2.77,10,7,,,0,0,39,37,16,12,1,23,0,19,6,0,0,180,1.538,8.5,0.2,5.3,4.4,0.83,,player.fcgi?id=morris000zac
Jamie Pashuck*,22,2014,Maryland,0,0,,6,7,0,,,0,0,6,9,5,4,0,6,0,6,0,0,0,33,2.5,13.5,0,9,9,1,,player.fcgi?id=pashuc000jam
Jared Price,20,2014,Maryland,1,2,0.333,6.83,19,4,,,0,0,29,32,29,22,0,21,0,31,4,0,5,147,1.828,9.9,0,6.5,9.6,1.48,,player.fcgi?id=price-003jar
Alex Robinson*,19,2014,Maryland,1,0,1,2.87,18,0,,,0,0,15.2,13,9,5,0,15,0,19,1,1,3,77,1.787,7.5,0,8.6,10.9,1.27,,player.fcgi?id=robins000ale
Bobby Ruse,21,2014,Maryland,7,3,0.7,3.52,31,4,,,0,1,64,51,30,25,1,15,1,36,7,0,2,261,1.031,7.2,0.1,2.1,5.1,2.4,,player.fcgi?id=ruse--000bob
Mike Shawaryn,19,2014,Maryland,11,4,0.733,3.12,16,16,,,0,0,92.1,89,34,32,5,24,1,72,11,0,2,396,1.224,8.7,0.5,2.3,7,3,,player.fcgi?id=shawar000mic
Tayler Stiles*,19,2014,Maryland,5,2,0.714,4.05,22,3,,,0,1,46.2,51,23,21,3,14,0,34,2,0,3,202,1.393,9.8,0.6,2.7,6.6,2.43,,player.fcgi?id=stiles000tay
Jake Stinnett,22,2014,Maryland,8,6,0.571,2.67,17,16,,,2,1,118,85,40,35,8,30,1,132,12,0,13,485,0.975,6.5,0.6,2.3,10.1,4.4,,player.fcgi?id=stinne000jak
Andrew Aizenstadt,22,2012,Virginia Tech,2,3,0.4,5.68,16,8,,,0,0,58.2,66,41,37,2,22,1,52,9,0,7,274,1.5,10.1,0.3,3.4,8,2.36,,player.fcgi?id=aizens000and
Jake Atwell*,22,2012,Virginia Tech,0,1,0,2.45,10,0,,,0,1,7.1,9,2,2,1,4,0,5,0,0,2,34,1.773,11,1.2,4.9,6.1,1.25,,player.fcgi?id=atwell000jak
Devin Burke,21,2012,Virginia Tech,0,1,0,4.13,12,3,,,0,0,24,24,11,11,2,12,0,17,5,2,2,108,1.5,9,0.8,4.5,6.4,1.42,,player.fcgi?id=burke-000dev
Eddie Campbell*,20,2012,Virginia Tech,4,0,1,6.37,19,3,,,0,1,35.1,32,31,25,2,26,2,40,7,1,6,170,1.642,8.2,0.5,6.6,10.2,1.54,,player.fcgi?id=campbe002ed-
Brendon Hayden,19,2012,Virginia Tech,1,0,1,0,3,1,,,0,0,8.2,4,0,0,0,1,0,9,1,0,0,30,0.577,4.2,0,1,9.3,9,,player.fcgi?id=hayden000bre
Ricky Hodges?,--,2012,Virginia Tech,0,0,,9.95,8,0,,,0,0,6.1,9,7,7,1,6,0,3,2,1,0,34,2.368,12.8,1.4,8.5,4.3,0.5,,player.fcgi?id=hodges000ric
Jake Joyce,20,2012,Virginia Tech,3,1,0.75,3.63,29,0,,,0,2,34.2,35,15,14,3,12,2,41,2,1,6,148,1.356,9.1,0.8,3.1,10.6,3.42,,player.fcgi?id=joyce-000jak
Sean Keselica*,19,2012,Virginia Tech,0,0,,0,4,0,,,0,0,3.1,3,1,0,0,3,0,1,1,0,1,16,1.8,8.1,0,8.1,2.7,0.33,,player.fcgi?id=keseli000sea
Clark Labitan,21,2012,Virginia Tech,6,2,0.75,3.18,28,0,,,0,3,45.1,40,19,16,2,11,3,34,9,1,4,190,1.125,7.9,0.4,2.2,6.8,3.09,,player.fcgi?id=labita000cla
Joe Mantiply*,21,2012,Virginia Tech,5,6,0.455,3.53,13,13,,,0,0,81.2,84,38,32,4,19,0,52,3,0,8,351,1.261,9.3,0.4,2.1,5.7,2.74,,player.fcgi?id=mantip001jos
Manny Martir?,--,2012,Virginia Tech,0,1,0,6.11,12,4,,,0,0,28,23,23,19,0,17,2,30,3,0,4,128,1.429,7.4,0,5.5,9.6,1.76,,player.fcgi?id=martir000man
Tanner McIntyre?,--,2012,Virginia Tech,7,0,1,2.32,20,0,,,0,0,31,27,10,8,2,12,1,34,3,0,6,131,1.258,7.8,0.6,3.5,9.9,2.83,,player.fcgi?id=mcinty000tan
Colin O'Keefe*,19,2012,Virginia Tech,2,0,1,3.57,9,5,,,0,0,17.2,12,10,7,1,15,0,24,8,2,2,88,1.528,6.1,0.5,7.6,12.2,1.6,,player.fcgi?id=okeefe000col
Patrick Scoggin,21,2012,Virginia Tech,2,1,0.667,4.11,14,7,,,0,0,46,51,26,21,1,18,0,36,2,0,0,204,1.5,10,0.2,3.5,7,2,,player.fcgi?id=scoggi000pat
Ronnie Shaban,22,2012,Virginia Tech,0,0,,0,6,0,,,0,3,4,3,0,0,0,0,0,5,0,0,0,14,0.75,6.8,0,0,11.3,,,player.fcgi?id=shaban000ron
Marc Zecchino,23,2012,Virginia Tech,2,5,0.286,4.28,11,11,,,0,0,54.2,52,29,26,3,22,0,39,7,0,6,246,1.354,8.6,0.5,3.6,6.4,1.77,,player.fcgi?id=zecchi000mar
Jake Atwell*,21,2011,Virginia Tech,,,,3.22,,0,,,0,,22.1,21,12,8,,10,,18,,,,,1.388,8.5,,4,7.3,1.8,,player.fcgi?id=atwell000jak
Eddie Campbell*,19,2011,Virginia Tech,,,,4.97,,6,,,0,,29,35,19,16,,15,,23,,,,,1.724,10.9,,4.7,7.1,1.53,,player.fcgi?id=campbe002ed-
Kyle Cichy?,--,2011,Virginia Tech,,,,3.86,,0,,,0,,7,5,3,3,,4,,4,,,,,1.286,6.4,,5.1,5.1,1,,player.fcgi?id=cichy-000kyl
Brandon Fisher?,--,2011,Virginia Tech,,,,5.57,,0,,,0,,21,24,13,13,,10,,15,,,,,1.619,10.3,,4.3,6.4,1.5,,player.fcgi?id=fisher004bra
Jake Joyce,19,2011,Virginia Tech,,,,5.91,,0,,,0,,35,27,25,23,,23,,37,,,,,1.429,6.9,,5.9,9.5,1.61,,player.fcgi?id=joyce-000jak
Clark Labitan,20,2011,Virginia Tech,,,,9,,0,,,0,,1,1,1,1,,1,,0,,,,,2,9,,9,0,0,,player.fcgi?id=labita000cla
Joe Mantiply*,20,2011,Virginia Tech,,,,4.27,,14,,,0,,86.1,97,50,41,,32,,66,,,,,1.494,10.1,,3.3,6.9,2.06,,player.fcgi?id=mantip001jos
Manny Martir?,--,2011,Virginia Tech,,,,3.71,,1,,,0,,51,44,25,21,,36,,41,,,,,1.569,7.8,,6.4,7.2,1.14,,player.fcgi?id=martir000man
Charlie McCann?,--,2011,Virginia Tech,,,,27,,0,,,0,,1,3,3,3,,2,,0,,,,,5,27,,18,0,0,,player.fcgi?id=mccann001cha
Sean McDermott?,--,2011,Virginia Tech,,,,7.52,,0,,,0,,20.1,25,19,17,,10,,13,,,,,1.721,11.1,,4.4,5.8,1.3,,player.fcgi?id=mcderm001sea
Colin O'Keefe*,18,2011,Virginia Tech,,,,10.8,,2,,,0,,5,8,8,6,,6,,4,,,,,2.8,14.4,,10.8,7.2,0.67,,player.fcgi?id=okeefe000col
Joe Parsons,22,2011,Virginia Tech,,,,3.14,,13,,,1,,77.1,76,30,27,,29,,54,,,,,1.358,8.8,,3.4,6.3,1.86,,player.fcgi?id=parson000jos
Patrick Scoggin,20,2011,Virginia Tech,,,,3.6,,5,,,0,,40,34,18,16,,25,,41,,,,,1.475,7.7,,5.6,9.2,1.64,,player.fcgi?id=scoggi000pat
Ronnie Shaban,21,2011,Virginia Tech,,,,4.5,,0,,,0,,20,16,13,10,,9,,15,,,,,1.25,7.2,,4.1,6.8,1.67,,player.fcgi?id=shaban000ron
Marc Zecchino,22,2011,Virginia Tech,,,,4.66,,14,,,0,,85,83,50,44,,32,,97,,,,,1.353,8.8,,3.4,10.3,3.03,,player.fcgi?id=zecchi000mar
Mark Adzick*,23,2011,Wake Forest,,,,5.4,,0,,,0,,3.1,3,2,2,,1,,0,,,,,1.2,8.1,,2.7,0,0,,player.fcgi?id=adzick001mar
Tim Cooney*,20,2011,Wake Forest,,,,2.96,,14,,,0,,100.1,104,41,33,,18,,91,,,,,1.216,9.3,,1.6,8.2,5.06,,player.fcgi?id=cooney000tim
Michael Dimock,21,2011,Wake Forest,,,,1.87,,0,,,0,,53,44,19,11,,10,,55,,,,,1.019,7.5,,1.7,9.3,5.5,,player.fcgi?id=dimock000mic
Gabe Feldman?,--,2011,Wake Forest,,,,4.82,,0,,,0,,9.1,11,10,5,,5,,6,,,,,1.714,10.6,,4.8,5.8,1.2,,player.fcgi?id=feldma000gab
Jack Fischer,19,2011,Wake Forest,,,,6.75,,0,,,0,,4,2,3,3,,1,,0,,,,,0.75,4.5,,2.3,0,0,,player.fcgi?id=fische000jac
Brian Holmes*,20,2011,Wake Forest,,,,3,,11,,,0,,69,58,28,23,,28,,66,,,,,1.246,7.6,,3.7,8.6,2.36,,player.fcgi?id=holmes002bri
Nate Jones?,--,2011,Wake Forest,,,,5.56,,1,,,0,,34,38,27,21,,11,,22,,,,,1.441,10.1,,2.9,5.8,2,,player.fcgi?id=jones-002nat
Daniel Marrs,21,2011,Wake Forest,,,,7.71,,0,,,0,,16.1,20,16,14,,19,,7,,,,,2.388,11,,10.5,3.9,0.37,,player.fcgi?id=marrs-001dan
John McLeod*,19,2011,Wake Forest,,,,6.11,,2,,,0,,28,31,25,19,,25,,22,,,,,2,10,,8,7.1,0.88,,player.fcgi?id=mcleod002joh
Eli Robins?,--,2011,Wake Forest,,,,12,,0,,,0,,3,2,4,4,,7,,3,,,,,3,6,,21,9,0.43,,player.fcgi?id=robins002eli
Niko Spezial*,20,2011,Wake Forest,,,,5.23,,0,,,0,,31,39,19,18,,16,,19,,,,,1.774,11.3,,4.6,5.5,1.19,,player.fcgi?id=spezia001nik
Austin Stadler*,21,2011,Wake Forest,,,,8.55,,14,,,0,,66.1,100,75,63,,33,,47,,,,,2.005,13.6,,4.5,6.4,1.42,,player.fcgi?id=stadle001aus
Justin Van Grouw,20,2011,Wake Forest,,,,4.5,,4,,,0,,42,39,26,21,,17,,26,,,,,1.333,8.4,,3.6,5.6,1.53,,player.fcgi?id=vangro000jus
Zach White?,--,2011,Wake Forest,,,,5.63,,9,,,0,,46.1,55,34,29,,17,,34,,,,,1.554,10.7,,3.3,6.6,2,,player.fcgi?id=white-003zac
Chris Willson?,--,2011,Wake Forest,,,,5.4,,1,,,0,,5,4,3,3,,5,,8,,,,,1.8,7.2,,9,14.4,1.6,,player.fcgi?id=willso000chr
Tim Cooney*,21,2012,Wake Forest,6,7,0.462,3.82,15,15,,,0,0,99,99,54,42,5,38,1,90,8,1,7,434,1.384,9,0.5,3.5,8.2,2.37,,player.fcgi?id=cooney000tim
Michael Dimock,22,2012,Wake Forest,3,3,0.5,3.43,28,0,,,0,12,42,38,22,16,3,19,1,38,2,0,2,182,1.357,8.1,0.6,4.1,8.1,2,,player.fcgi?id=dimock000mic
Colin Egan?,--,2012,Wake Forest,0,0,,5.4,4,0,,,0,0,5,7,5,3,1,5,0,4,1,0,0,26,2.4,12.6,1.8,9,7.2,0.8,,player.fcgi?id=egan--000col
Gabe Feldman?,--,2012,Wake Forest,0,0,,0,3,0,,,0,0,2.1,1,0,0,0,0,0,2,0,0,0,8,0.429,3.9,0,0,7.7,,,player.fcgi?id=feldma000gab
Jack Fischer,20,2012,Wake Forest,5,4,0.556,2.84,22,5,,,0,1,63.1,55,23,20,3,30,1,34,0,1,5,270,1.342,7.8,0.4,4.3,4.8,1.13,,player.fcgi?id=fische000jac
Brian Holmes*,21,2012,Wake Forest,7,3,0.7,2.83,14,14,,,0,0,82.2,62,31,26,5,49,0,81,9,0,6,361,1.343,6.8,0.5,5.3,8.8,1.65,,player.fcgi?id=holmes002bri
Nate Jones?,--,2012,Wake Forest,3,0,1,1.13,24,2,,,0,0,32,29,10,4,1,9,0,18,3,0,1,135,1.188,8.2,0.3,2.5,5.1,2,,player.fcgi?id=jones-002nat
Connor Kaden,19,2012,Wake Forest,1,0,1,9.82,9,3,,,0,0,11,16,15,12,1,9,0,8,1,0,2,61,2.273,13.1,0.8,7.4,6.5,0.89,,player.fcgi?id=kaden-000con
Daniel Marrs,22,2012,Wake Forest,0,0,,6,7,0,,,0,0,6,6,4,4,1,4,0,5,0,0,1,27,1.667,9,1.5,6,7.5,1.25,,player.fcgi?id=marrs-001dan
John McLeod*,20,2012,Wake Forest,0,0,,4.71,23,0,,,0,0,21,21,12,11,1,7,0,18,5,0,2,92,1.333,9,0.4,3,7.7,2.57,,player.fcgi?id=mcleod002joh
Matt Pirro,19,2012,Wake Forest,2,1,0.667,3.92,10,3,,,0,0,20.2,18,12,9,1,11,0,12,2,0,3,95,1.403,7.8,0.4,4.8,5.2,1.09,,player.fcgi?id=pirro-000mat
Niko Spezial*,21,2012,Wake Forest,2,0,1,5.4,17,1,,,0,0,21.2,25,15,13,1,14,0,14,2,1,2,104,1.8,10.4,0.4,5.8,5.8,1,,player.fcgi?id=spezia001nik
Justin Van Grouw,21,2012,Wake Forest,1,5,0.167,6.94,16,10,,,0,0,58.1,64,47,45,7,18,0,41,3,1,3,257,1.406,9.9,1.1,2.8,6.3,2.28,,player.fcgi?id=vangro000jus
Zach White?,--,2012,Wake Forest,0,0,,1.29,10,0,,,0,0,7,6,1,1,0,4,0,2,2,1,0,32,1.429,7.7,0,5.1,2.6,0.5,,player.fcgi?id=white-003zac
Chris Willson?,--,2012,Wake Forest,3,1,0.75,5.4,12,4,,,0,0,28.1,28,20,17,2,17,0,28,3,0,5,132,1.588,8.9,0.6,5.4,8.9,1.65,,player.fcgi?id=willso000chr